<?xml version="1.0"?>
<MEDMLDATA xmlns="PhaseForward-MedML-Inform4">
<RULE REFNAME="gc_BASE_EG3001_LF2_C1_C" DESCRIPTION="/Inactivate dynamics CR#CR06862462" ENABLED="FALSE" SCRIPTTYPE="SERVERCALCULATION"><![CDATA[ 'Rule to be deactivated ]]></RULE>
<RULE REFNAME="gc_BASE_EG3001_LF2_C2_C" DESCRIPTION="/Inactivate dynamics CR#CR06862462" ENABLED="FALSE" SCRIPTTYPE="SERVERCALCULATION"><![CDATA[ 'Rule to be deactivated ]]></RULE>
<RULE REFNAME="gc_BASE_EG3001_LF2_C3_C" DESCRIPTION="/Inactivate dynamics CR#CR06862462" ENABLED="FALSE" SCRIPTTYPE="SERVERCALCULATION"><![CDATA[ 'Rule to be deactivated ]]></RULE>
<RULE REFNAME="gc_BASE_EG3001_LF2_C5_C" DESCRIPTION="/Inactivate dynamics CR#CR06862462" ENABLED="FALSE" SCRIPTTYPE="SERVERCALCULATION"><![CDATA[ 'Rule to be deactivated ]]></RULE>
<RULE REFNAME="gc_BASE_EG3001_LF2_C6_C" DESCRIPTION="/Inactivate dynamics CR#CR06862462" ENABLED="FALSE" SCRIPTTYPE="SERVERCALCULATION"><![CDATA[ 'Rule to be deactivated ]]></RULE>
<RULE REFNAME="gc_BASE_EG3001_LF2_C7_C" DESCRIPTION="/Inactivate dynamics CR#CR06862462" ENABLED="FALSE" SCRIPTTYPE="SERVERCALCULATION"><![CDATA[ 'Rule to be deactivated ]]></RULE>
<RULE REFNAME="gc_BASE_EG3001_LF2_C8_C" DESCRIPTION="/Inactivate dynamics CR#CR06862462" ENABLED="FALSE" SCRIPTTYPE="SERVERCALCULATION"><![CDATA[ 'Rule to be deactivated ]]></RULE>
<RULE REFNAME="gc_BASE_EG3001_LF2_C9n_C" DESCRIPTION="/Inactivate dynamics CR#CR06862462" ENABLED="FALSE" SCRIPTTYPE="SERVERCALCULATION"><![CDATA[ 'Rule to be deactivated ]]></RULE>
<RULE REFNAME="gc_BASE_EG3001_LF2_V801_C" DESCRIPTION="/Inactivate dynamics CR#CR06862462" ENABLED="FALSE" SCRIPTTYPE="SERVERCALCULATION"><![CDATA[ 'Rule to be deactivated ]]></RULE>
<RULE REFNAME="gc_BASE_EG3001_LF2_V802X_C" DESCRIPTION="/Inactivate dynamics CR#CR06862462" ENABLED="FALSE" SCRIPTTYPE="SERVERCALCULATION"><![CDATA[ 'Rule to be deactivated ]]></RULE>
<RULE REFNAME="gc_BASE_EG3001_LF2_C4_C" DESCRIPTION="/Inactivate dynamics CR#CR06862462" ENABLED="FALSE" SCRIPTTYPE="SERVERCALCULATION"><![CDATA[ 'Rule to be deactivated ]]></RULE>
</MEDMLDATA>