<?xml version="1.0"?>
<MEDMLDATA xmlns="PhaseForward-MedML-Inform4">


<SITE  NAME="(335) Sanatorio Allende Cordoba"    MNEMONIC="335"
ADDRESS="Av Hipolito Yrigoyen 384 Cordoba Cordoba 5000"
COUNTRY="ARGENTINA"
PHONE="54543514269200"
ALTPHONE="54"
FAX="54"
TIMEZONE="(UTC-03:00) Cayenne, Fortaleza"
SITEDATEFORMAT="DAY_MONTH_YEAR"
STARTDATE="05/06/2016"
STUDYLOCALE="en-US"
SVAUTOSELECTRATE="100"
SVFIRSTNSUBJECTS="100"
/>


<SITE  NAME="(325) Centro Oncologico Riojano Integral"    MNEMONIC="325"
ADDRESS="Dorrego 269 La Rioja La Rioja 5300"
COUNTRY="ARGENTINA"
PHONE="54543822425438"
ALTPHONE="54"
FAX="54"
TIMEZONE="(UTC-03:00) Cayenne, Fortaleza"
SITEDATEFORMAT="DAY_MONTH_YEAR"
STARTDATE="05/06/2016"
STUDYLOCALE="en-US"
SVAUTOSELECTRATE="100"
SVFIRSTNSUBJECTS="100"
/>


<SITE  NAME="(315) Sanatorio Guemes"    MNEMONIC="315"
ADDRESS="Acuna de Figueroa 1240 CABA Buenos Aires 1181"
COUNTRY="ARGENTINA"
PHONE="54541149598200"
ALTPHONE="54"
FAX="54"
TIMEZONE="(UTC-03:00) Cayenne, Fortaleza"
SITEDATEFORMAT="DAY_MONTH_YEAR"
STARTDATE="05/06/2016"
STUDYLOCALE="en-US"
SVAUTOSELECTRATE="100"
SVFIRSTNSUBJECTS="100"
/>


<SITE  NAME="(305) Instituto de Oncologia de Rosario"    MNEMONIC="305"
ADDRESS="Cordoba 2457 Rosario Santa Fe 2000"
COUNTRY="ARGENTINA"
PHONE="54543414408016"
ALTPHONE="54"
FAX="54"
TIMEZONE="(UTC-03:00) Cayenne, Fortaleza"
SITEDATEFORMAT="DAY_MONTH_YEAR"
STARTDATE="05/06/2016"
STUDYLOCALE="en-US"
SVAUTOSELECTRATE="100"
SVFIRSTNSUBJECTS="100"
/>


<SITE  NAME="(330) Sanatorio Parque"    MNEMONIC="330"
ADDRESS="Bv Orono 860 Rosario Santa Fe 2000"
COUNTRY="ARGENTINA"
PHONE="54543414200250"
ALTPHONE="54"
FAX="54"
TIMEZONE="(UTC-03:00) Cayenne, Fortaleza"
SITEDATEFORMAT="DAY_MONTH_YEAR"
STARTDATE="05/06/2016"
STUDYLOCALE="en-US"
SVAUTOSELECTRATE="100"
SVFIRSTNSUBJECTS="100"
/>


<SITE  NAME="(320) Clínica Viedma"    MNEMONIC="320"
ADDRESS="Sarmiento 253 Viedma Rio Negro 8500"
COUNTRY="ARGENTINA"
PHONE="54542920428700"
ALTPHONE="54"
FAX="54"
TIMEZONE="(UTC-03:00) Cayenne, Fortaleza"
SITEDATEFORMAT="DAY_MONTH_YEAR"
STARTDATE="05/06/2016"
STUDYLOCALE="en-US"
SVAUTOSELECTRATE="100"
SVFIRSTNSUBJECTS="100"
/>


<SITE  NAME="(310) Fundacion Investigar"    MNEMONIC="310"
ADDRESS="Riobamba 429 Piso 15 CABA Buenos Aires 1025"
COUNTRY="ARGENTINA"
PHONE="54541145198327"
ALTPHONE="54"
FAX="54"
TIMEZONE="(UTC-03:00) Cayenne, Fortaleza"
SITEDATEFORMAT="DAY_MONTH_YEAR"
STARTDATE="05/06/2016"
STUDYLOCALE="en-US"
SVAUTOSELECTRATE="100"
SVFIRSTNSUBJECTS="100"
/>


<SITE  NAME="(300) Instituto Alexander Fleming"    MNEMONIC="300"
ADDRESS="Cramer 1180 CABA Buenos Aires 1426"
COUNTRY="ARGENTINA"
PHONE="54541145552900"
ALTPHONE="54"
FAX="54"
TIMEZONE="(UTC-03:00) Cayenne, Fortaleza"
SITEDATEFORMAT="DAY_MONTH_YEAR"
STARTDATE="05/06/2016"
STUDYLOCALE="en-US"
SVAUTOSELECTRATE="100"
SVFIRSTNSUBJECTS="100"
/>


<SITE  NAME="(770) Medical Oncology Clinical Trials Northern Sydney Cancer Centre Royal North Shore Hospital"    MNEMONIC="770"
ADDRESS="Suite 41 Level 4 146 Mounts Bay Road"
COUNTRY="AUSTRALIA"
PHONE="6161894814522"
ALTPHONE="61"
FAX="61"
TIMEZONE="(UTC+10:00) Canberra, Melbourne, Sydney"
SITEDATEFORMAT="DAY_MONTH_YEAR"
STARTDATE="05/06/2016"
STUDYLOCALE="en-US"
SVAUTOSELECTRATE="100"
SVFIRSTNSUBJECTS="100"
/>


<SITE  NAME="(760) Ashford Cancer Centre"    MNEMONIC="760"
ADDRESS="Ashford Cancer Centre Research Level 1 Tennyson Centre 520 South Road"
COUNTRY="AUSTRALIA"
PHONE="6161882922240"
ALTPHONE="61"
FAX="61"
TIMEZONE="(UTC+09:30) Darwin"
SITEDATEFORMAT="DAY_MONTH_YEAR"
STARTDATE="05/06/2016"
STUDYLOCALE="en-US"
SVAUTOSELECTRATE="100"
SVFIRSTNSUBJECTS="100"
/>


<SITE  NAME="(750) Mount Hospital"    MNEMONIC="750"
ADDRESS="Suite 41 Level 4 146 Mounts Bay Road"
COUNTRY="AUSTRALIA"
PHONE="6161894814522"
ALTPHONE="61"
FAX="61"
TIMEZONE="(UTC+08:00) Perth"
SITEDATEFORMAT="DAY_MONTH_YEAR"
STARTDATE="05/06/2016"
STUDYLOCALE="en-US"
SVAUTOSELECTRATE="100"
SVFIRSTNSUBJECTS="100"
/>


<SITE  NAME="(430) Universitair Ziekenhuis Gent"    MNEMONIC="430"
ADDRESS="De Pintelaan 185 Gent"
COUNTRY="BELGIUM"
PHONE="323293322111"
ALTPHONE="32"
FAX="32"
TIMEZONE="(UTC+01:00) Sarajevo, Skopje, Warsaw, Zagreb"
SITEDATEFORMAT="DAY_MONTH_YEAR"
STARTDATE="05/06/2016"
STUDYLOCALE="en-US"
SVAUTOSELECTRATE="100"
SVFIRSTNSUBJECTS="100"
/>


<SITE  NAME="(420) Universitair Ziekenhuis Leuven  Gasthuisberg"    MNEMONIC="420"
ADDRESS="Herestraat 49 Leuven"
COUNTRY="BELGIUM"
PHONE="323216332211"
ALTPHONE="32"
FAX="32"
TIMEZONE="(UTC+01:00) Sarajevo, Skopje, Warsaw, Zagreb"
SITEDATEFORMAT="DAY_MONTH_YEAR"
STARTDATE="05/06/2016"
STUDYLOCALE="en-US"
SVAUTOSELECTRATE="100"
SVFIRSTNSUBJECTS="100"
/>


<SITE  NAME="(410) Grand Hopital de Charleroi"    MNEMONIC="410"
ADDRESS="Grand Rue 3 Charleroi"
COUNTRY="BELGIUM"
PHONE="323271102111"
ALTPHONE="32"
FAX="32"
TIMEZONE="(UTC+01:00) Sarajevo, Skopje, Warsaw, Zagreb"
SITEDATEFORMAT="DAY_MONTH_YEAR"
STARTDATE="05/06/2016"
STUDYLOCALE="en-US"
SVAUTOSELECTRATE="100"
SVFIRSTNSUBJECTS="100"
/>


<SITE  NAME="(400) Clinique et Maternite St Elisabeth Namur"    MNEMONIC="400"
ADDRESS="Place Louise Godin 15 Namur"
COUNTRY="BELGIUM"
PHONE="323281720411"
ALTPHONE="32"
FAX="32"
TIMEZONE="(UTC+01:00) Sarajevo, Skopje, Warsaw, Zagreb"
SITEDATEFORMAT="DAY_MONTH_YEAR"
STARTDATE="05/06/2016"
STUDYLOCALE="en-US"
SVAUTOSELECTRATE="100"
SVFIRSTNSUBJECTS="100"
/>


<SITE  NAME="(390) Hospital Sao Lucas PUCRS ONCOLOGY"    MNEMONIC="390"
ADDRESS="Avenida Ipiranga 6690 4 degree andar Porto Alegre Rio Grande do Sul - 90610-000"
COUNTRY="BRAZIL"
PHONE="55555133203039"
ALTPHONE="55"
FAX="55"
TIMEZONE="(UTC-03:00) Cayenne, Fortaleza"
SITEDATEFORMAT="DAY_MONTH_YEAR"
STARTDATE="05/06/2016"
STUDYLOCALE="en-US"
SVAUTOSELECTRATE="100"
SVFIRSTNSUBJECTS="100"
/>


<SITE  NAME="(375) Hospital Albert Einstein Oncology"    MNEMONIC="375"
ADDRESS="Avenida Albert Einstein 627 701 Centro de Pesquisa Clinica 2 degree Subsolo Bloco A Sao Paulo SP 056512 900"
COUNTRY="BRAZIL"
PHONE="55551121511127"
ALTPHONE="55"
FAX="55"
TIMEZONE="(UTC-03:00) Cayenne, Fortaleza"
SITEDATEFORMAT="DAY_MONTH_YEAR"
STARTDATE="05/06/2016"
STUDYLOCALE="en-US"
SVAUTOSELECTRATE="100"
SVFIRSTNSUBJECTS="100"
/>


<SITE  NAME="(360) Instituto CoI de Pesquisa Educacao e Gestao"    MNEMONIC="360"
ADDRESS="Avenida das Americas 6205 sala 214 Rio de Janeiro RJ 22793 080"
COUNTRY="BRAZIL"
PHONE="55552133852088"
ALTPHONE="55"
FAX="55"
TIMEZONE="(UTC-03:00) Cayenne, Fortaleza"
SITEDATEFORMAT="DAY_MONTH_YEAR"
STARTDATE="05/06/2016"
STUDYLOCALE="en-US"
SVAUTOSELECTRATE="100"
SVFIRSTNSUBJECTS="100"
/>


<SITE  NAME="(380) Fundacao Antonio Prudente Hospital do Cancer A C Camargo"    MNEMONIC="380"
ADDRESS="Rua Professor Antonio Prudente 211 Liberdade Sao Paulo SP 01509 900"
COUNTRY="BRAZIL"
PHONE="55511121895017"
ALTPHONE="55"
FAX="55"
TIMEZONE="(UTC-03:00) Cayenne, Fortaleza"
SITEDATEFORMAT="DAY_MONTH_YEAR"
STARTDATE="05/06/2016"
STUDYLOCALE="en-US"
SVAUTOSELECTRATE="100"
SVFIRSTNSUBJECTS="100"
/>


<SITE  NAME="(370) Sociedade Beneficente de Sehoras Hospital Sirio Libanes Oncology"    MNEMONIC="370"
ADDRESS="Rua Dona Adma Jafet 91 Sao Paulo SP 01308050"
COUNTRY="BRAZIL"
PHONE="55551133945299"
ALTPHONE="55"
FAX="55"
TIMEZONE="(UTC-03:00) Cayenne, Fortaleza"
SITEDATEFORMAT="DAY_MONTH_YEAR"
STARTDATE="05/06/2016"
STUDYLOCALE="en-US"
SVAUTOSELECTRATE="100"
SVFIRSTNSUBJECTS="100"
/>


<SITE  NAME="(350) Clinica de Pesquisas e Centro de Estudos em Oncologia Ginecologica e Mamaria LTDA"    MNEMONIC="350"
ADDRESS="Av Brigadeiro Luis Antonio 733 loja 9 Bela Vista Sao Paulo SP 01317 000"
COUNTRY="BRAZIL"
PHONE="55551123657334"
ALTPHONE="55"
FAX="55"
TIMEZONE="(UTC-03:00) Cayenne, Fortaleza"
SITEDATEFORMAT="DAY_MONTH_YEAR"
STARTDATE="05/06/2016"
STUDYLOCALE="en-US"
SVAUTOSELECTRATE="100"
SVFIRSTNSUBJECTS="100"
/>


<SITE  NAME="(200) Tom Baker Cancer Centre"    MNEMONIC="200"
ADDRESS="1331 29 Street Northwest"
COUNTRY="CANADA"
PHONE="14035213093"
ALTPHONE="1"
FAX="1"
TIMEZONE="(UTC-07:00) Mountain Time (US &#38; Canada)"
SITEDATEFORMAT="DAY_MONTH_YEAR"
STARTDATE="05/06/2016"
STUDYLOCALE="en-US"
SVAUTOSELECTRATE="100"
SVFIRSTNSUBJECTS="100"
/>


<SITE  NAME="(220) Stronach Regional Cancer"    MNEMONIC="220"
ADDRESS="596 Davis Drive"
COUNTRY="CANADA"
PHONE="19058954521"
ALTPHONE="1"
FAX="1"
TIMEZONE="(UTC-05:00) Eastern Time (US &#38; Canada)"
SITEDATEFORMAT="DAY_MONTH_YEAR"
STARTDATE="05/06/2016"
STUDYLOCALE="en-US"
SVAUTOSELECTRATE="100"
SVFIRSTNSUBJECTS="100"
/>


<SITE  NAME="(210) Ottawa Hospital Regional Cancer Centre"    MNEMONIC="210"
ADDRESS="501 Smyth Road"
COUNTRY="CANADA"
PHONE="16137377700"
ALTPHONE="1"
FAX="1"
TIMEZONE="(UTC-05:00) Eastern Time (US &#38; Canada)"
SITEDATEFORMAT="DAY_MONTH_YEAR"
STARTDATE="05/06/2016"
STUDYLOCALE="en-US"
SVAUTOSELECTRATE="100"
SVFIRSTNSUBJECTS="100"
/>


<SITE  NAME="(480) Centre Rene Gauducheau"    MNEMONIC="480"
ADDRESS="Boulevard Professeur Jacques Monod 44805 Saint Herblain France"
COUNTRY="FRANCE"
PHONE="3333240679900"
ALTPHONE="33"
FAX="33"
TIMEZONE="(UTC+01:00) Sarajevo, Skopje, Warsaw, Zagreb"
SITEDATEFORMAT="DAY_MONTH_YEAR"
STARTDATE="05/06/2016"
STUDYLOCALE="en-US"
SVAUTOSELECTRATE="100"
SVFIRSTNSUBJECTS="100"
/>


<SITE  NAME="(475) Centre Antoine LaCassagne"    MNEMONIC="475"
ADDRESS="33 Avenue de Valombrose 06100 Nice France"
COUNTRY="FRANCE"
PHONE="3333492031000"
ALTPHONE="33"
FAX="33"
TIMEZONE="(UTC+01:00) Sarajevo, Skopje, Warsaw, Zagreb"
SITEDATEFORMAT="DAY_MONTH_YEAR"
STARTDATE="05/06/2016"
STUDYLOCALE="en-US"
SVAUTOSELECTRATE="100"
SVFIRSTNSUBJECTS="100"
/>


<SITE  NAME="(470) Institut du Cancer de Montpellier  Val d aurelle"    MNEMONIC="470"
ADDRESS="208 Avenue des Apothicaires 34298 Montpellier France"
COUNTRY="FRANCE"
PHONE="3333467613100"
ALTPHONE="33"
FAX="33"
TIMEZONE="(UTC+01:00) Sarajevo, Skopje, Warsaw, Zagreb"
SITEDATEFORMAT="DAY_MONTH_YEAR"
STARTDATE="05/06/2016"
STUDYLOCALE="en-US"
SVAUTOSELECTRATE="100"
SVFIRSTNSUBJECTS="100"
/>


<SITE  NAME="(465) Centre Leon Berard"    MNEMONIC="465"
ADDRESS="28 Prom Lea et Napoleon Bullukian 69008 Lyon France"
COUNTRY="FRANCE"
PHONE="3333478782828"
ALTPHONE="33"
FAX="33"
TIMEZONE="(UTC+01:00) Sarajevo, Skopje, Warsaw, Zagreb"
SITEDATEFORMAT="DAY_MONTH_YEAR"
STARTDATE="05/06/2016"
STUDYLOCALE="en-US"
SVAUTOSELECTRATE="100"
SVFIRSTNSUBJECTS="100"
/>


<SITE  NAME="(460) Gustave Roussy"    MNEMONIC="460"
ADDRESS="114 Rue Edouard Vaillant 94800 Villejuif France"
COUNTRY="FRANCE"
PHONE="3333142114211"
ALTPHONE="33"
FAX="33"
TIMEZONE="(UTC+01:00) Sarajevo, Skopje, Warsaw, Zagreb"
SITEDATEFORMAT="DAY_MONTH_YEAR"
STARTDATE="05/06/2016"
STUDYLOCALE="en-US"
SVAUTOSELECTRATE="100"
SVFIRSTNSUBJECTS="100"
/>


<SITE  NAME="(455) Centre hospitalier Universitaire de Besancon Hopital Jean Minjoz"    MNEMONIC="455"
ADDRESS="2 Place Saint Jacques"
COUNTRY="FRANCE"
PHONE="3333381668166"
ALTPHONE="33"
FAX="33"
TIMEZONE="(UTC+01:00) Sarajevo, Skopje, Warsaw, Zagreb"
SITEDATEFORMAT="DAY_MONTH_YEAR"
STARTDATE="05/06/2016"
STUDYLOCALE="en-US"
SVAUTOSELECTRATE="100"
SVFIRSTNSUBJECTS="100"
/>


<SITE  NAME="(450) Institute Curie"    MNEMONIC="450"
ADDRESS="26 Rue d Ulm 75005 Paris France"
COUNTRY="FRANCE"
PHONE="3333156245500"
ALTPHONE="33"
FAX="33"
TIMEZONE="(UTC+01:00) Sarajevo, Skopje, Warsaw, Zagreb"
SITEDATEFORMAT="DAY_MONTH_YEAR"
STARTDATE="05/06/2016"
STUDYLOCALE="en-US"
SVAUTOSELECTRATE="100"
SVFIRSTNSUBJECTS="100"
/>


<SITE  NAME="(525) Universitatsklinikum Freiburg Frauenheilkunde"    MNEMONIC="525"
ADDRESS="Hugstetter Strasse 55 79106 Freiburg"
COUNTRY="GERMANY"
PHONE="494976127072110"
ALTPHONE="49"
FAX="49"
TIMEZONE="(UTC+01:00) Sarajevo, Skopje, Warsaw, Zagreb"
SITEDATEFORMAT="DAY_MONTH_YEAR"
STARTDATE="05/06/2016"
STUDYLOCALE="en-US"
SVAUTOSELECTRATE="100"
SVFIRSTNSUBJECTS="100"
/>


<SITE  NAME="(520) Agaplesion Markus Krankenhaus"    MNEMONIC="520"
ADDRESS="Wilhelm Epstein Strasse 4 60431 Frankfurt"
COUNTRY="GERMANY"
PHONE="49494025461571"
ALTPHONE="49"
FAX="49"
TIMEZONE="(UTC+01:00) Sarajevo, Skopje, Warsaw, Zagreb"
SITEDATEFORMAT="DAY_MONTH_YEAR"
STARTDATE="05/06/2016"
STUDYLOCALE="en-US"
SVAUTOSELECTRATE="100"
SVFIRSTNSUBJECTS="100"
/>


<SITE  NAME="(515) Kath Marienkrankenhaus gGmbH"    MNEMONIC="515"
ADDRESS="Alfredstr 9 22087 Hamburg"
COUNTRY="GERMANY"
PHONE="49494025462114"
ALTPHONE="49"
FAX="49"
TIMEZONE="(UTC+01:00) Sarajevo, Skopje, Warsaw, Zagreb"
SITEDATEFORMAT="DAY_MONTH_YEAR"
STARTDATE="05/06/2016"
STUDYLOCALE="en-US"
SVAUTOSELECTRATE="100"
SVFIRSTNSUBJECTS="100"
/>


<SITE  NAME="(510) HSK Dr Horst Schmidt Kliniken Klinikum Wiesbaden"    MNEMONIC="510"
ADDRESS="Ludwig Erhard Strasse 100  65199 Wiesbaden"
COUNTRY="GERMANY"
PHONE="4949611433234"
ALTPHONE="49"
FAX="49"
TIMEZONE="(UTC+01:00) Sarajevo, Skopje, Warsaw, Zagreb"
SITEDATEFORMAT="DAY_MONTH_YEAR"
STARTDATE="05/06/2016"
STUDYLOCALE="en-US"
SVAUTOSELECTRATE="100"
SVFIRSTNSUBJECTS="100"
/>


<SITE  NAME="(505) Universitatsklinikum Tubingen Frauenklinik"    MNEMONIC="505"
ADDRESS="Calwerstrasse 7 72076Tubingen"
COUNTRY="GERMANY"
PHONE="494970712984801"
ALTPHONE="49"
FAX="49"
TIMEZONE="(UTC+01:00) Sarajevo, Skopje, Warsaw, Zagreb"
SITEDATEFORMAT="DAY_MONTH_YEAR"
STARTDATE="05/06/2016"
STUDYLOCALE="en-US"
SVAUTOSELECTRATE="100"
SVFIRSTNSUBJECTS="100"
/>


<SITE  NAME="(500) Klinikum rechts der Isar der TU Munchen"    MNEMONIC="500"
ADDRESS="Ismaninger Strasse 22  81675 Munchen"
COUNTRY="GERMANY"
PHONE="49498941402433"
ALTPHONE="49"
FAX="49"
TIMEZONE="(UTC+01:00) Sarajevo, Skopje, Warsaw, Zagreb"
SITEDATEFORMAT="DAY_MONTH_YEAR"
STARTDATE="05/06/2016"
STUDYLOCALE="en-US"
SVAUTOSELECTRATE="100"
SVFIRSTNSUBJECTS="100"
/>


<SITE  NAME="(560) University General Hospital of Patras"    MNEMONIC="560"
ADDRESS="Rion Patras"
COUNTRY="GREECE"
PHONE="30302610999111"
ALTPHONE="30"
FAX="30"
TIMEZONE="(UTC+02:00) E. Europe"
SITEDATEFORMAT="DAY_MONTH_YEAR"
STARTDATE="05/06/2016"
STUDYLOCALE="en-US"
SVAUTOSELECTRATE="100"
SVFIRSTNSUBJECTS="100"
/>


<SITE  NAME="(550) ALEXANDRA GENERAL HOSPITAL OF ATHENS"    MNEMONIC="550"
ADDRESS="80 VAS SOFIAS AVENUE ATHENS"
COUNTRY="GREECE"
PHONE="30302103381100"
ALTPHONE="30"
FAX="30"
TIMEZONE="(UTC+02:00) E. Europe"
SITEDATEFORMAT="DAY_MONTH_YEAR"
STARTDATE="05/06/2016"
STUDYLOCALE="en-US"
SVAUTOSELECTRATE="100"
SVFIRSTNSUBJECTS="100"
/>


<SITE  NAME="(620) Ospedale S S  Trinita di Sora FR"    MNEMONIC="620"
ADDRESS="Ospedale S S  Trinita Localita San Marciano Sora FR"
COUNTRY="ITALY"
PHONE="393907768291"
ALTPHONE="39"
FAX="39"
TIMEZONE="(UTC+01:00) Sarajevo, Skopje, Warsaw, Zagreb"
SITEDATEFORMAT="DAY_MONTH_YEAR"
STARTDATE="05/06/2016"
STUDYLOCALE="en-US"
SVAUTOSELECTRATE="100"
SVFIRSTNSUBJECTS="100"
/>


<SITE  NAME="(610) Azienda Ospedaliera Universitaria Ospedale San Martino di Genova"    MNEMONIC="610"
ADDRESS="Largo Rosanna Benzi 10 Genova"
COUNTRY="ITALY"
PHONE="393901056001"
ALTPHONE="39"
FAX="39"
TIMEZONE="(UTC+01:00) Sarajevo, Skopje, Warsaw, Zagreb"
SITEDATEFORMAT="DAY_MONTH_YEAR"
STARTDATE="05/06/2016"
STUDYLOCALE="en-US"
SVAUTOSELECTRATE="100"
SVFIRSTNSUBJECTS="100"
/>


<SITE  NAME="(600) IRCCS Ospedale San Raffaele"    MNEMONIC="600"
ADDRESS="Via Olgettina 60 Milan"
COUNTRY="ITALY"
PHONE="39390226431"
ALTPHONE="39"
FAX="39"
TIMEZONE="(UTC+01:00) Sarajevo, Skopje, Warsaw, Zagreb"
SITEDATEFORMAT="DAY_MONTH_YEAR"
STARTDATE="05/06/2016"
STUDYLOCALE="en-US"
SVAUTOSELECTRATE="100"
SVFIRSTNSUBJECTS="100"
/>


<SITE  NAME="(850) Seoul National University Hospital"    MNEMONIC="850"
ADDRESS="101 Daehakro Jongnogu"
COUNTRY="KOREA, REPUBLIC OF"
PHONE="8282220720795"
ALTPHONE="82"
FAX="82"
TIMEZONE="(UTC+09:00) Seoul"
SITEDATEFORMAT="DAY_MONTH_YEAR"
STARTDATE="05/06/2016"
STUDYLOCALE="en-US"
SVAUTOSELECTRATE="100"
SVFIRSTNSUBJECTS="100"
/>


<SITE  NAME="(840) Severance Hospital"    MNEMONIC="840"
ADDRESS="CRC room Gwanghyekwan B3 50 Yonsei ro Seodaemun gu Seou"
COUNTRY="KOREA, REPUBLIC OF"
PHONE="8282222288173"
ALTPHONE="82"
FAX="82"
TIMEZONE="(UTC+09:00) Seoul"
SITEDATEFORMAT="DAY_MONTH_YEAR"
STARTDATE="05/06/2016"
STUDYLOCALE="en-US"
SVAUTOSELECTRATE="100"
SVFIRSTNSUBJECTS="100"
/>


<SITE  NAME="(830) National Cancer Center"    MNEMONIC="830"
ADDRESS="323 Ilsanro IlsanDogu"
COUNTRY="KOREA, REPUBLIC OF"
PHONE="8282319201680"
ALTPHONE="82"
FAX="82"
TIMEZONE="(UTC+09:00) Seoul"
SITEDATEFORMAT="DAY_MONTH_YEAR"
STARTDATE="05/06/2016"
STUDYLOCALE="en-US"
SVAUTOSELECTRATE="100"
SVFIRSTNSUBJECTS="100"
/>


<SITE  NAME="(820) Samsung Medical Center"    MNEMONIC="820"
ADDRESS="Clinical Trial Center 9F Main Building 50 Irwon Dong Gangnam gu"
COUNTRY="KOREA, REPUBLIC OF"
PHONE="8282234106768"
ALTPHONE="82"
FAX="82"
TIMEZONE="(UTC+09:00) Seoul"
SITEDATEFORMAT="DAY_MONTH_YEAR"
STARTDATE="05/06/2016"
STUDYLOCALE="en-US"
SVAUTOSELECTRATE="100"
SVFIRSTNSUBJECTS="100"
/>


<SITE  NAME="(810) Asan Medical Center"    MNEMONIC="810"
ADDRESS="88 Olympic ro 43Gil Songpa gu"
COUNTRY="KOREA, REPUBLIC OF"
PHONE="8282230103217"
ALTPHONE="82"
FAX="82"
TIMEZONE="(UTC+09:00) Seoul"
SITEDATEFORMAT="DAY_MONTH_YEAR"
STARTDATE="05/06/2016"
STUDYLOCALE="en-US"
SVAUTOSELECTRATE="100"
SVFIRSTNSUBJECTS="100"
/>


<SITE  NAME="(800) Seoul National University Bundang Hospital"    MNEMONIC="800"
ADDRESS="173 Gumiro Bundanggu"
COUNTRY="KOREA, REPUBLIC OF"
PHONE="8282317878201"
ALTPHONE="82"
FAX="82"
TIMEZONE="(UTC+09:00) Seoul"
SITEDATEFORMAT="DAY_MONTH_YEAR"
STARTDATE="05/06/2016"
STUDYLOCALE="en-US"
SVAUTOSELECTRATE="100"
SVFIRSTNSUBJECTS="100"
/>


<SITE  NAME="(280) Medica Sur Centro Oncologico Integral"    MNEMONIC="280"
ADDRESS="Puente de Piedra 150 Sotano 1 Torre hospital Col Toriello Guerra Del Tlalpan"
COUNTRY="MEXICO"
PHONE="52525554247282"
ALTPHONE="52"
FAX="52"
TIMEZONE="(UTC-06:00) Central Time (US &#38; Canada)"
SITEDATEFORMAT="DAY_MONTH_YEAR"
STARTDATE="05/06/2016"
STUDYLOCALE="en-US"
SVAUTOSELECTRATE="100"
SVFIRSTNSUBJECTS="100"
/>


<SITE  NAME="(270) Arke Estudios Clinicos SA de CV"    MNEMONIC="270"
ADDRESS="Cozumel Number 90 Col Roma"
COUNTRY="MEXICO"
PHONE="52525555115833"
ALTPHONE="52"
FAX="52"
TIMEZONE="(UTC-06:00) Central Time (US &#38; Canada)"
SITEDATEFORMAT="DAY_MONTH_YEAR"
STARTDATE="05/06/2016"
STUDYLOCALE="en-US"
SVAUTOSELECTRATE="100"
SVFIRSTNSUBJECTS="100"
/>


<SITE  NAME="(260) Grupo Medico Camino SC Oncologia"    MNEMONIC="260"
ADDRESS="Av Cuauhtemoc 1251 Col Santa Cruz Atoyac"
COUNTRY="MEXICO"
PHONE="52525541670389"
ALTPHONE="52"
FAX="52"
TIMEZONE="(UTC-06:00) Central Time (US &#38; Canada)"
SITEDATEFORMAT="DAY_MONTH_YEAR"
STARTDATE="05/06/2016"
STUDYLOCALE="en-US"
SVAUTOSELECTRATE="100"
SVFIRSTNSUBJECTS="100"
/>


<SITE  NAME="(250) Centro oncologico Estatal ISSEMyM  Oncologia  Mama"    MNEMONIC="250"
ADDRESS="Av Solidaridad Las Torres 101 Col Del Parque"
COUNTRY="MEXICO"
PHONE="52527222766820"
ALTPHONE="52"
FAX="52"
TIMEZONE="(UTC-06:00) Central Time (US &#38; Canada)"
SITEDATEFORMAT="DAY_MONTH_YEAR"
STARTDATE="05/06/2016"
STUDYLOCALE="en-US"
SVAUTOSELECTRATE="100"
SVFIRSTNSUBJECTS="100"
/>


<SITE  NAME="(660) Hospital Universitario Ramon y Cajal"    MNEMONIC="660"
ADDRESS="Ctra Colmenar Viejo km 9 1Madrid"
COUNTRY="SPAIN"
PHONE="3434913368000"
ALTPHONE="34"
FAX="34"
TIMEZONE="(UTC+01:00) Sarajevo, Skopje, Warsaw, Zagreb"
SITEDATEFORMAT="DAY_MONTH_YEAR"
STARTDATE="05/06/2016"
STUDYLOCALE="en-US"
SVAUTOSELECTRATE="100"
SVFIRSTNSUBJECTS="100"
/>


<SITE  NAME="(650) Hospital Infanta Cristina"    MNEMONIC="650"
ADDRESS="Avda De Elvas S N Badajoz"
COUNTRY="SPAIN"
PHONE="3434924218100"
ALTPHONE="34"
FAX="34"
TIMEZONE="(UTC+01:00) Sarajevo, Skopje, Warsaw, Zagreb"
SITEDATEFORMAT="DAY_MONTH_YEAR"
STARTDATE="05/06/2016"
STUDYLOCALE="en-US"
SVAUTOSELECTRATE="100"
SVFIRSTNSUBJECTS="100"
/>


<SITE  NAME="(680) Hospital Virgen del Rocio"    MNEMONIC="680"
ADDRESS="Avenida Manuel Siurot s n Sevilla"
COUNTRY="SPAIN"
PHONE="3434955012000"
ALTPHONE="34"
FAX="34"
TIMEZONE="(UTC+01:00) Sarajevo, Skopje, Warsaw, Zagreb"
SITEDATEFORMAT="DAY_MONTH_YEAR"
STARTDATE="05/06/2016"
STUDYLOCALE="en-US"
SVAUTOSELECTRATE="100"
SVFIRSTNSUBJECTS="100"
/>


<SITE  NAME="(670) Hospital Clinico San Carlos"    MNEMONIC="670"
ADDRESS="Profesor Martin Lagos S N Madrid"
COUNTRY="SPAIN"
PHONE="3434913303001"
ALTPHONE="34"
FAX="34"
TIMEZONE="(UTC+01:00) Sarajevo, Skopje, Warsaw, Zagreb"
SITEDATEFORMAT="DAY_MONTH_YEAR"
STARTDATE="05/06/2016"
STUDYLOCALE="en-US"
SVAUTOSELECTRATE="100"
SVFIRSTNSUBJECTS="100"
/>


<SITE  NAME="(710) LEICESTER ROYAL INFIRMARY"    MNEMONIC="710"
ADDRESS="HOPE CLINICAL TRIALS FACILITY  LEVEL 2  OSBORNE BUILDING LEICESTER ROYAL INFIRMARY"
COUNTRY="UNITED KINGDOM"
PHONE="44443003031573"
ALTPHONE="44"
FAX="44"
TIMEZONE="(UTC) Monrovia, Reykjavik"
SITEDATEFORMAT="DAY_MONTH_YEAR"
STARTDATE="05/06/2016"
STUDYLOCALE="en-US"
SVAUTOSELECTRATE="100"
SVFIRSTNSUBJECTS="100"
/>


<SITE  NAME="(720) Christie Hospital NHS Trust MAIN"    MNEMONIC="720"
ADDRESS="Withington Wilmslow Road Manchester Greater Manchester"
COUNTRY="UNITED KINGDOM"
PHONE="4444614463000"
ALTPHONE="44"
FAX="44"
TIMEZONE="(UTC) Monrovia, Reykjavik"
SITEDATEFORMAT="DAY_MONTH_YEAR"
STARTDATE="05/06/2016"
STUDYLOCALE="en-US"
SVAUTOSELECTRATE="100"
SVFIRSTNSUBJECTS="100"
/>


<SITE  NAME="(700) Royal Marsden Hospital Sutton"    MNEMONIC="700"
ADDRESS="Downs Road Sutton Surrey"
COUNTRY="UNITED KINGDOM"
PHONE="44442086426011"
ALTPHONE="44"
FAX="44"
TIMEZONE="(UTC) Monrovia, Reykjavik"
SITEDATEFORMAT="DAY_MONTH_YEAR"
STARTDATE="05/06/2016"
STUDYLOCALE="en-US"
SVAUTOSELECTRATE="100"
SVFIRSTNSUBJECTS="100"
/>


<SITE  NAME="(145) Seattle Cancer Care Alliance"    MNEMONIC="145"
ADDRESS="825 Eastlake Ave E MS G3630"
COUNTRY="UNITED STATES"
PHONE="12062887158"
ALTPHONE="1"
FAX="1"
TIMEZONE="(UTC-08:00) Pacific Time (US &#38; Canada)"
SITEDATEFORMAT="DAY_MONTH_YEAR"
STARTDATE="05/06/2016"
STUDYLOCALE="en-US"
SVAUTOSELECTRATE="100"
SVFIRSTNSUBJECTS="100"
/>


<SITE  NAME="(140) Swedish Cancer Institute - First Hill Campus"    MNEMONIC="140"
ADDRESS="1221 Madison Street 2nd Floor"
COUNTRY="UNITED STATES"
PHONE="12063862121"
ALTPHONE="1"
FAX="1"
TIMEZONE="(UTC-08:00) Pacific Time (US &#38; Canada)"
SITEDATEFORMAT="DAY_MONTH_YEAR"
STARTDATE="05/06/2016"
STUDYLOCALE="en-US"
SVAUTOSELECTRATE="100"
SVFIRSTNSUBJECTS="100"
/>


<SITE  NAME="(135) St Jude Heritage Healthcare TRIO Network"    MNEMONIC="135"
ADDRESS="2151 N Harbor Boulevard Suite 2200"
COUNTRY="UNITED STATES"
PHONE="17144465804"
ALTPHONE="1"
FAX="1"
TIMEZONE="(UTC-08:00) Pacific Time (US &#38; Canada)"
SITEDATEFORMAT="DAY_MONTH_YEAR"
STARTDATE="05/06/2016"
STUDYLOCALE="en-US"
SVAUTOSELECTRATE="100"
SVFIRSTNSUBJECTS="100"
/>


<SITE  NAME="(133) Central Coast Medical Oncology Corporation TRIO Network"    MNEMONIC="133"
ADDRESS="1325 East Church Street Suite 301"
COUNTRY="UNITED STATES"
PHONE="18057393724"
ALTPHONE="1"
FAX="1"
TIMEZONE="(UTC-08:00) Pacific Time (US &#38; Canada)"
SITEDATEFORMAT="DAY_MONTH_YEAR"
STARTDATE="05/06/2016"
STUDYLOCALE="en-US"
SVAUTOSELECTRATE="100"
SVFIRSTNSUBJECTS="100"
/>


<SITE  NAME="(132) Coastal Integrative Cancer Care TRIO Network"    MNEMONIC="132"
ADDRESS="715 Tank Farm Rd"
COUNTRY="UNITED STATES"
PHONE="18057393724"
ALTPHONE="1"
FAX="1"
TIMEZONE="(UTC-08:00) Pacific Time (US &#38; Canada)"
SITEDATEFORMAT="DAY_MONTH_YEAR"
STARTDATE="05/06/2016"
STUDYLOCALE="en-US"
SVAUTOSELECTRATE="100"
SVFIRSTNSUBJECTS="100"
/>


<SITE  NAME="(131) Cancer Care Associates Medical Group Inc TRIO Network"    MNEMONIC="131"
ADDRESS="514 North Prospect Avenue 4th Floor"
COUNTRY="UNITED STATES"
PHONE="13107503376"
ALTPHONE="1"
FAX="1"
TIMEZONE="(UTC-08:00) Pacific Time (US &#38; Canada)"
SITEDATEFORMAT="DAY_MONTH_YEAR"
STARTDATE="05/06/2016"
STUDYLOCALE="en-US"
SVAUTOSELECTRATE="100"
SVFIRSTNSUBJECTS="100"
/>


<SITE  NAME="(127) UCLA Hematology Oncology Santa Monica"    MNEMONIC="127"
ADDRESS="2020 Santa Monica Blvd Suite 580"
COUNTRY="UNITED STATES"
PHONE="13108295471"
ALTPHONE="1"
FAX="1"
TIMEZONE="(UTC-08:00) Pacific Time (US &#38; Canada)"
SITEDATEFORMAT="DAY_MONTH_YEAR"
STARTDATE="05/06/2016"
STUDYLOCALE="en-US"
SVAUTOSELECTRATE="100"
SVFIRSTNSUBJECTS="100"
/>


<SITE  NAME="(107) Northwest Medical Specialties PLLC"    MNEMONIC="107"
ADDRESS="2920 South Meridian Suite 100"
COUNTRY="UNITED STATES"
PHONE="12536204234"
ALTPHONE="1"
FAX="1"
TIMEZONE="(UTC-08:00) Pacific Time (US &#38; Canada)"
SITEDATEFORMAT="DAY_MONTH_YEAR"
STARTDATE="05/06/2016"
STUDYLOCALE="en-US"
SVAUTOSELECTRATE="100"
SVFIRSTNSUBJECTS="100"
/>


<SITE  NAME="(134) Comprehensive Blood and Cancer Center TRIO Network"    MNEMONIC="134"
ADDRESS="6501 Truxtum Avenue"
COUNTRY="UNITED STATES"
PHONE="16618627158"
ALTPHONE="1"
FAX="1"
TIMEZONE="(UTC-08:00) Pacific Time (US &#38; Canada)"
SITEDATEFORMAT="DAY_MONTH_YEAR"
STARTDATE="05/06/2016"
STUDYLOCALE="en-US"
SVAUTOSELECTRATE="100"
SVFIRSTNSUBJECTS="100"
/>


<SITE  NAME="(104) University of Southern California Norris Comprehensive Cancer Center"    MNEMONIC="104"
ADDRESS="1441 Eastlake Avenue Los Angeles CA 90033"
COUNTRY="UNITED STATES"
PHONE="13238650463"
ALTPHONE="1"
FAX="1"
TIMEZONE="(UTC-08:00) Pacific Time (US &#38; Canada)"
SITEDATEFORMAT="DAY_MONTH_YEAR"
STARTDATE="05/06/2016"
STUDYLOCALE="en-US"
SVAUTOSELECTRATE="100"
SVFIRSTNSUBJECTS="100"
/>


<SITE  NAME="(125) Billings Clinic"    MNEMONIC="125"
ADDRESS="801 North 29th Street"
COUNTRY="UNITED STATES"
PHONE="14062387330"
ALTPHONE="1"
FAX="1"
TIMEZONE="(UTC-07:00) Mountain Time (US &#38; Canada)"
SITEDATEFORMAT="DAY_MONTH_YEAR"
STARTDATE="05/06/2016"
STUDYLOCALE="en-US"
SVAUTOSELECTRATE="100"
SVFIRSTNSUBJECTS="100"
/>


<SITE  NAME="(120) The Center for Cancer and Blood Disorders Main Site SCRI Network"    MNEMONIC="120"
ADDRESS="800 West Magnolia"
COUNTRY="UNITED STATES"
PHONE="18177597000"
ALTPHONE="1"
FAX="1"
TIMEZONE="(UTC-06:00) Central Time (US &#38; Canada)"
SITEDATEFORMAT="DAY_MONTH_YEAR"
STARTDATE="05/06/2016"
STUDYLOCALE="en-US"
SVAUTOSELECTRATE="100"
SVFIRSTNSUBJECTS="100"
/>


<SITE  NAME="(112) Tennessee Oncology Nashville SCRI Network"    MNEMONIC="112"
ADDRESS="250 25th Avenue North Suite 200"
COUNTRY="UNITED STATES"
PHONE="16153402827"
ALTPHONE="1"
FAX="1"
TIMEZONE="(UTC-06:00) Central Time (US &#38; Canada)"
SITEDATEFORMAT="DAY_MONTH_YEAR"
STARTDATE="05/06/2016"
STUDYLOCALE="en-US"
SVAUTOSELECTRATE="100"
SVFIRSTNSUBJECTS="100"
/>


<SITE  NAME="(102) University of Miami Plantation"    MNEMONIC="102"
ADDRESS="8100 SW 10th St"
COUNTRY="UNITED STATES"
PHONE="19542101173"
ALTPHONE="1"
FAX="1"
TIMEZONE="(UTC-05:00) Eastern Time (US &#38; Canada)"
SITEDATEFORMAT="DAY_MONTH_YEAR"
STARTDATE="05/06/2016"
STUDYLOCALE="en-US"
SVAUTOSELECTRATE="100"
SVFIRSTNSUBJECTS="100"
/>


<SITE  NAME="(143) Mayo Clinic Rochester"    MNEMONIC="143"
ADDRESS="200 First Street Southwest"
COUNTRY="UNITED STATES"
PHONE="15072848665"
ALTPHONE="1"
FAX="1"
TIMEZONE="(UTC-05:00) Eastern Time (US &#38; Canada)"
SITEDATEFORMAT="DAY_MONTH_YEAR"
STARTDATE="05/06/2016"
STUDYLOCALE="en-US"
SVAUTOSELECTRATE="100"
SVFIRSTNSUBJECTS="100"
/>


<SITE  NAME="(137) Fort Wayne Medical Oncology And Hematology"    MNEMONIC="137"
ADDRESS="11143 Parkview Plaza Drive Suite 100"
COUNTRY="UNITED STATES"
PHONE="13174360800"
ALTPHONE="1"
FAX="1"
TIMEZONE="(UTC-05:00) Eastern Time (US &#38; Canada)"
SITEDATEFORMAT="DAY_MONTH_YEAR"
STARTDATE="05/06/2016"
STUDYLOCALE="en-US"
SVAUTOSELECTRATE="100"
SVFIRSTNSUBJECTS="100"
/>


<SITE  NAME="(155) Saint Joseph Cancer Center"    MNEMONIC="155"
ADDRESS="3470 Blazer Parkway Suite 150"
COUNTRY="UNITED STATES"
PHONE="18596297123"
ALTPHONE="1"
FAX="1"
TIMEZONE="(UTC-05:00) Eastern Time (US &#38; Canada)"
SITEDATEFORMAT="DAY_MONTH_YEAR"
STARTDATE="05/06/2016"
STUDYLOCALE="en-US"
SVAUTOSELECTRATE="100"
SVFIRSTNSUBJECTS="100"
/>


<SITE  NAME="(129) The Winship Cancer Institute of Emory University"    MNEMONIC="129"
ADDRESS="1365C Clifton Road"
COUNTRY="UNITED STATES"
PHONE="14047781900"
ALTPHONE="1"
FAX="1"
TIMEZONE="(UTC-05:00) Eastern Time (US &#38; Canada)"
SITEDATEFORMAT="DAY_MONTH_YEAR"
STARTDATE="05/06/2016"
STUDYLOCALE="en-US"
SVAUTOSELECTRATE="100"
SVFIRSTNSUBJECTS="100"
/>


<SITE  NAME="(123) Memorial Sloan Kettering Cancer Center MSKCC  New York"    MNEMONIC="123"
ADDRESS="1275 York Avenue"
COUNTRY="UNITED STATES"
PHONE="16468884560"
ALTPHONE="1"
FAX="1"
TIMEZONE="(UTC-05:00) Eastern Time (US &#38; Canada)"
SITEDATEFORMAT="DAY_MONTH_YEAR"
STARTDATE="05/06/2016"
STUDYLOCALE="en-US"
SVAUTOSELECTRATE="100"
SVFIRSTNSUBJECTS="100"
/>


<SITE  NAME="(122) Brookdale University Hospital and Medical Center"    MNEMONIC="122"
ADDRESS="One Brookdale Plaza Rm 134 P"
COUNTRY="UNITED STATES"
PHONE="17182406208"
ALTPHONE="1"
FAX="1"
TIMEZONE="(UTC-05:00) Eastern Time (US &#38; Canada)"
SITEDATEFORMAT="DAY_MONTH_YEAR"
STARTDATE="05/06/2016"
STUDYLOCALE="en-US"
SVAUTOSELECTRATE="100"
SVFIRSTNSUBJECTS="100"
/>


<SITE  NAME="(117) Florida Cancer Specialists NORTH SCRI Network"    MNEMONIC="117"
ADDRESS="560 Jackson St Suite 220"
COUNTRY="UNITED STATES"
PHONE="17272161143"
ALTPHONE="1"
FAX="1"
TIMEZONE="(UTC-05:00) Eastern Time (US &#38; Canada)"
SITEDATEFORMAT="DAY_MONTH_YEAR"
STARTDATE="05/06/2016"
STUDYLOCALE="en-US"
SVAUTOSELECTRATE="100"
SVFIRSTNSUBJECTS="100"
/>


<SITE  NAME="(115) Florida Cancer Specialists SOUTH SCRI Network"    MNEMONIC="115"
ADDRESS="3840 Broadway"
COUNTRY="UNITED STATES"
PHONE="12392756400"
ALTPHONE="1"
FAX="1"
TIMEZONE="(UTC-05:00) Eastern Time (US &#38; Canada)"
SITEDATEFORMAT="DAY_MONTH_YEAR"
STARTDATE="05/06/2016"
STUDYLOCALE="en-US"
SVAUTOSELECTRATE="100"
SVFIRSTNSUBJECTS="100"
/>


<SITE  NAME="(105) North Shore Hematology Oncology Associates P C"    MNEMONIC="105"
ADDRESS="235 N Belle Mead Road"
COUNTRY="UNITED STATES"
PHONE="16317513000"
ALTPHONE="1"
FAX="1"
TIMEZONE="(UTC-05:00) Eastern Time (US &#38; Canada)"
SITEDATEFORMAT="DAY_MONTH_YEAR"
STARTDATE="05/06/2016"
STUDYLOCALE="en-US"
SVAUTOSELECTRATE="100"
SVFIRSTNSUBJECTS="100"
/>


<SITE  NAME="(103) NYU Langone Medical Center Arena Oncology"    MNEMONIC="103"
ADDRESS="1999 Marcus Avenue Suite 308"
COUNTRY="UNITED STATES"
PHONE="15164666611"
ALTPHONE="1"
FAX="1"
TIMEZONE="(UTC-05:00) Eastern Time (US &#38; Canada)"
SITEDATEFORMAT="DAY_MONTH_YEAR"
STARTDATE="05/06/2016"
STUDYLOCALE="en-US"
SVAUTOSELECTRATE="100"
SVFIRSTNSUBJECTS="100"
/>


<SITE  NAME="(165) Northside Hospital Cancer Institute"    MNEMONIC="165"
ADDRESS="1505 Northside Boulevard Suite 4600"
COUNTRY="UNITED STATES"
PHONE="17702055292"
ALTPHONE="1"
FAX="1"
TIMEZONE="(UTC-05:00) Eastern Time (US &#38; Canada)"
SITEDATEFORMAT="DAY_MONTH_YEAR"
STARTDATE="05/06/2016"
STUDYLOCALE="en-US"
SVAUTOSELECTRATE="100"
SVFIRSTNSUBJECTS="100"
/>


<SITE  NAME="(160) University of Pennsylvania  Dept of Hem Onc"    MNEMONIC="160"
ADDRESS="3400 Civic Center Boulevard 2 Perelman Center W"
COUNTRY="UNITED STATES"
PHONE="12153495730"
ALTPHONE="1"
FAX="1"
TIMEZONE="(UTC-05:00) Eastern Time (US &#38; Canada)"
SITEDATEFORMAT="DAY_MONTH_YEAR"
STARTDATE="05/06/2016"
STUDYLOCALE="en-US"
SVAUTOSELECTRATE="100"
SVFIRSTNSUBJECTS="100"
/>


<SITE  NAME="(136) UF Health Cancer Center - Orlando Health TRIO Network"    MNEMONIC="136"
ADDRESS="1400 South Orange Avenue MP Number 780"
COUNTRY="UNITED STATES"
PHONE="13218412285"
ALTPHONE="1"
FAX="1"
TIMEZONE="(UTC-05:00) Eastern Time (US &#38; Canada)"
SITEDATEFORMAT="DAY_MONTH_YEAR"
STARTDATE="05/06/2016"
STUDYLOCALE="en-US"
SVAUTOSELECTRATE="100"
SVFIRSTNSUBJECTS="100"
/>


<SITE  NAME="(100) Dana Farber Cancer Institute"    MNEMONIC="100"
ADDRESS="Harvard Medical School 44 Binney Street Dana 1230"
COUNTRY="UNITED STATES"
PHONE="16176323800"
ALTPHONE="1"
FAX="1"
TIMEZONE="(UTC-05:00) Eastern Time (US &#38; Canada)"
SITEDATEFORMAT="DAY_MONTH_YEAR"
STARTDATE="05/06/2016"
STUDYLOCALE="en-US"
SVAUTOSELECTRATE="100"
SVFIRSTNSUBJECTS="100"
/>


</MEDMLDATA>