<?xml version="1.0"?>
<MEDMLDATA xmlns="PhaseForward-MedML-Inform4">


<RIGHTSGROUP  GROUPNAME="Coding Query Rights Group">
<!-- Insert Users -->
<USERREF USERNAME="coder_query"/>

</RIGHTSGROUP>

<RIGHTSGROUP  GROUPNAME="Data Manager">
<!-- Insert Users -->
<USERREF USERNAME="z3x1197"/>
<USERREF USERNAME="a803717"/>

</RIGHTSGROUP>

<RIGHTSGROUP  GROUPNAME="GPS">
<!-- Insert Users -->
<USERREF USERNAME="a608760"/>
<USERREF USERNAME="c026390"/>
<USERREF USERNAME="rm89018"/>
<USERREF USERNAME="c015393"/>
<USERREF USERNAME="c071673"/>
<USERREF USERNAME="v6x8058"/>
<USERREF USERNAME="c039853"/>
<USERREF USERNAME="c068505"/>
<USERREF USERNAME="c149066"/>
<USERREF USERNAME="c021984"/>
<USERREF USERNAME="rm35504"/>
<USERREF USERNAME="ye91098"/>
<USERREF USERNAME="c022433"/>
<USERREF USERNAME="c039863"/>
<USERREF USERNAME="c075541"/>
<USERREF USERNAME="c074429"/>
<USERREF USERNAME="c026393"/>
<USERREF USERNAME="a608261"/>
<USERREF USERNAME="c058698"/>
<USERREF USERNAME="c143125"/>
<USERREF USERNAME="u7x2510"/>
<USERREF USERNAME="c135748"/>
<USERREF USERNAME="yex7920"/>
<USERREF USERNAME="c149470"/>
<USERREF USERNAME="rm36132"/>
<USERREF USERNAME="a803075"/>
<USERREF USERNAME="a511471"/>
<USERREF USERNAME="rm87794"/>
<USERREF USERNAME="rm80655"/>
<USERREF USERNAME="C199642"/>
<USERREF USERNAME="C199523"/>
<USERREF USERNAME="C196683"/>
<USERREF USERNAME="c003859"/>
<USERREF USERNAME="c079244"/>
<USERREF USERNAME="rm90029"/>
<USERREF USERNAME="c069132"/>
<USERREF USERNAME="c057362"/>
<USERREF USERNAME="c039825"/>
<USERREF USERNAME="c090108"/>
<USERREF USERNAME="c074090"/>
<USERREF USERNAME="c085302"/>
<USERREF USERNAME="c074342"/>
<USERREF USERNAME="c149177"/>
<USERREF USERNAME="c131994"/>
<USERREF USERNAME="v6x8356"/>
<USERREF USERNAME="c025980"/>
<USERREF USERNAME="c137396"/>
<USERREF USERNAME="c196248"/>
<USERREF USERNAME="C218621"/>
<USERREF USERNAME="C223292"/>
<USERREF USERNAME="C068502"/>
<USERREF USERNAME="c149176"/>
<USERREF USERNAME="a701824"/>
<USERREF USERNAME="c060736"/>
<USERREF USERNAME="c083101"/>

</RIGHTSGROUP>

<RIGHTSGROUP  GROUPNAME="Monitor">
<!-- Insert Users -->
<USERREF USERNAME="msimon"/>
<USERREF USERNAME="c228320"/>
<USERREF USERNAME="c228473"/>
<USERREF USERNAME="c232285"/>
<USERREF USERNAME="c229415"/>
<USERREF USERNAME="z3x1849"/>
<USERREF USERNAME="c228308"/>
<USERREF USERNAME="z3x1846"/>
<USERREF USERNAME="c226129"/>
<USERREF USERNAME="z3x0225"/>
<USERREF USERNAME="zg01773"/>
<USERREF USERNAME="zg02505"/>
<USERREF USERNAME="aalba"/>
<USERREF USERNAME="zg02589"/>
<USERREF USERNAME="c231006"/>
<USERREF USERNAME="z2x2460"/>
<USERREF USERNAME="z2x5929"/>
<USERREF USERNAME="c229920"/>
<USERREF USERNAME="c222415"/>
<USERREF USERNAME="z2x5649"/>
<USERREF USERNAME="z2x6065"/>
<USERREF USERNAME="z1x2603"/>
<USERREF USERNAME="c226131"/>
<USERREF USERNAME="c214080"/>
<USERREF USERNAME="igonzalez"/>
<USERREF USERNAME="ulischke"/>
<USERREF USERNAME="kmoreno"/>
<USERREF USERNAME="mvelivelli"/>
<USERREF USERNAME="c228559"/>
<USERREF USERNAME="c198897"/>
<USERREF USERNAME="c185854"/>
<USERREF USERNAME="clewis"/>
<USERREF USERNAME="mlima"/>
<USERREF USERNAME="scarter"/>
<USERREF USERNAME="mchiacchiarini"/>
<USERREF USERNAME="c227012"/>
<USERREF USERNAME="z2x3649"/>
<USERREF USERNAME="z2x1394"/>
<USERREF USERNAME="c225310"/>
<USERREF USERNAME="z2x1399"/>
<USERREF USERNAME="z3x3124"/>
<USERREF USERNAME="z2x1723"/>

</RIGHTSGROUP>

<RIGHTSGROUP  GROUPNAME="Monitor Manager">
<!-- Insert Users -->
<USERREF USERNAME="z2x3957"/>
<USERREF USERNAME="c223148"/>
<USERREF USERNAME="z2x1296"/>
<USERREF USERNAME="c214483"/>

</RIGHTSGROUP>

<RIGHTSGROUP  GROUPNAME="PFView Only">
<!-- Insert Users -->
<USERREF USERNAME="ZPFaflathers"/>
<USERREF USERNAME="ZPFskonig"/>
<USERREF USERNAME="ZPFkbarkoczi"/>

</RIGHTSGROUP>

<RIGHTSGROUP  GROUPNAME="PI">
<!-- Insert Users -->
<USERREF USERNAME="fzagouri"/>
<USERREF USERNAME="coikonomou"/>
<USERREF USERNAME="mliontos"/>
<USERREF USERNAME="apsaromyalou"/>
<USERREF USERNAME="mkrohne"/>
<USERREF USERNAME="emgrischke"/>
<USERREF USERNAME="mbanys"/>
<USERREF USERNAME="akaczerowsky"/>

</RIGHTSGROUP>

<RIGHTSGROUP  GROUPNAME="PI Sign Only">
<!-- Insert Users -->
<USERREF USERNAME="jettl"/>
<USERREF USERNAME="tneunhoeffer"/>
<USERREF USERNAME="ggebauer"/>
<USERREF USERNAME="farena"/>
<USERREF USERNAME="ndacosta"/>
<USERREF USERNAME="sblau"/>
<USERREF USERNAME="dyardley"/>
<USERREF USERNAME="lhart"/>
<USERREF USERNAME="ryoung"/>
<USERREF USERNAME="vgotlieb"/>
<USERREF USERNAME="mdickler"/>
<USERREF USERNAME="bwhittenberger"/>
<USERREF USERNAME="shurvitz"/>
<USERREF USERNAME="dchan"/>
<USERREF USERNAME="bdicarlo"/>
<USERREF USERNAME="eellis"/>
<USERREF USERNAME="jhilton"/>
<USERREF USERNAME="jmeisel"/>
<USERREF USERNAME="rdichmann"/>
<USERREF USERNAME="dkanamori"/>
<USERREF USERNAME="wlawler"/>
<USERREF USERNAME="rrostorfer"/>
<USERREF USERNAME="lsalazer"/>
<USERREF USERNAME="jmoss"/>
<USERREF USERNAME="ademichele"/>
<USERREF USERNAME="yrahim"/>
<USERREF USERNAME="scamposgomez"/>
<USERREF USERNAME="ggarnica"/>
<USERREF USERNAME="stolaney"/>
<USERREF USERNAME="gwright"/>
<USERREF USERNAME="mmagallanes"/>
<USERREF USERNAME="jnadal"/>
<USERREF USERNAME="rsala"/>
<USERREF USERNAME="mangel"/>
<USERREF USERNAME="lfein"/>
<USERREF USERNAME="mcasalnuovo"/>
<USERREF USERNAME="pservienti"/>
<USERREF USERNAME="rkowalyszyn"/>
<USERREF USERNAME="gmartinengo"/>
<USERREF USERNAME="marevalo"/>
<USERREF USERNAME="rhegg"/>
<USERREF USERNAME="agoncalves"/>
<USERREF USERNAME="ltesta"/>
<USERREF USERNAME="acardoso"/>
<USERREF USERNAME="aromera"/>
<USERREF USERNAME="mvilanova"/>
<USERREF USERNAME="jsegura"/>
<USERREF USERNAME="dkaen"/>
<USERREF USERNAME="lmoreno"/>
<USERREF USERNAME="hrodrigues"/>
<USERREF USERNAME="ssanches"/>
<USERREF USERNAME="mmachado"/>
<USERREF USERNAME="gwerutsky"/>
<USERREF USERNAME="Jkim"/>
<USERREF USERNAME="gkim4"/>
<USERREF USERNAME="Yim"/>
<USERREF USERNAME="Sim"/>
<USERREF USERNAME="idelgado"/>
<USERREF USERNAME="Cortes"/>
<USERREF USERNAME="jagarciasaenz"/>
<USERREF USERNAME="Ahmed"/>
<USERREF USERNAME="Wardley"/>
<USERREF USERNAME="fkhandan"/>
<USERREF USERNAME="Denys"/>
<USERREF USERNAME="DIERAS"/>
<USERREF USERNAME="ANDRE"/>
<USERREF USERNAME="FERRERO"/>
<USERREF USERNAME="Ettl"/>
<USERREF USERNAME="BAMIAS"/>
<USERREF USERNAME="amani"/>
<USERREF USERNAME="sbabu"/>
<USERREF USERNAME="mkhasraw"/>
<USERREF USERNAME="skim93"/>
<USERREF USERNAME="cosullivan"/>
<USERREF USERNAME="mokera"/>
<USERREF USERNAME="achan"/>
<USERREF USERNAME="mthill"/>
<USERREF USERNAME="Vuylsteke"/>
<USERREF USERNAME="Canon"/>
<USERREF USERNAME="Neven"/>
<USERREF USERNAME="PIVOT"/>
<USERREF USERNAME="TREDAN"/>
<USERREF USERNAME="JACOT"/>
<USERREF USERNAME="SOULIE"/>
<USERREF USERNAME="Rautenberg"/>
<USERREF USERNAME="Kalofonos"/>
<USERREF USERNAME="Ballestrero"/>
<USERREF USERNAME="Gamucci"/>
<USERREF USERNAME="mruiz"/>
<USERREF USERNAME="Johnston"/>
<USERREF USERNAME="ihpark"/>
<USERREF USERNAME="jcortes"/>
<USERREF USERNAME="azelnak"/>
<USERREF USERNAME="mwebster"/>
<USERREF USERNAME="jrodriguezcid"/>

</RIGHTSGROUP>

<RIGHTSGROUP  GROUPNAME="Report Extractor">
<!-- Insert Users -->
<USERREF USERNAME="i3ymcjpbz_RE"/>

</RIGHTSGROUP>

<RIGHTSGROUP  GROUPNAME="SC">
<!-- Insert Users -->
<USERREF USERNAME="dmartin"/>
<USERREF USERNAME="rchaisson"/>
<USERREF USERNAME="Supply"/>
<USERREF USERNAME="DeLetter"/>
<USERREF USERNAME="Seeger"/>
<USERREF USERNAME="Kakogianni"/>
<USERREF USERNAME="pmoyano"/>
<USERREF USERNAME="Hernandez"/>
<USERREF USERNAME="Merino"/>
<USERREF USERNAME="GRIFFIN-TEAL"/>
<USERREF USERNAME="Kavanagh"/>
<USERREF USERNAME="Schwarz"/>
<USERREF USERNAME="akoccu"/>
<USERREF USERNAME="mmikhail"/>
<USERREF USERNAME="hhailes"/>
<USERREF USERNAME="dgarcia"/>
<USERREF USERNAME="jcuevas"/>
<USERREF USERNAME="hjlee"/>
<USERREF USERNAME="hyoo"/>
<USERREF USERNAME="vtaylor"/>
<USERREF USERNAME="ohernandez"/>
<USERREF USERNAME="smerino"/>
<USERREF USERNAME="cguerrero"/>
<USERREF USERNAME="tgillock"/>
<USERREF USERNAME="sschoen"/>
<USERREF USERNAME="jkelly"/>
<USERREF USERNAME="scolding"/>
<USERREF USERNAME="gmaddenmathes"/>
<USERREF USERNAME="ghollenbach"/>
<USERREF USERNAME="kcruise"/>
<USERREF USERNAME="kcamposgomez"/>
<USERREF USERNAME="fordaz"/>
<USERREF USERNAME="njuarez"/>
<USERREF USERNAME="amcdermott"/>
<USERREF USERNAME="mremyes"/>
<USERREF USERNAME="mpool"/>
<USERREF USERNAME="lreddington"/>
<USERREF USERNAME="tjeffery"/>
<USERREF USERNAME="rgerkin"/>
<USERREF USERNAME="lwalton"/>
<USERREF USERNAME="afernandez"/>
<USERREF USERNAME="sdara"/>
<USERREF USERNAME="kference"/>
<USERREF USERNAME="jolyanich"/>
<USERREF USERNAME="shutcherson"/>
<USERREF USERNAME="yvaldes"/>
<USERREF USERNAME="lsummers"/>
<USERREF USERNAME="rgaiter"/>
<USERREF USERNAME="nryabin"/>
<USERREF USERNAME="spatel"/>
<USERREF USERNAME="dmarx"/>
<USERREF USERNAME="ssandefur"/>
<USERREF USERNAME="lsimons"/>
<USERREF USERNAME="rpiacente"/>
<USERREF USERNAME="cbiermeier"/>
<USERREF USERNAME="maguilar"/>
<USERREF USERNAME="lgarciasoto"/>
<USERREF USERNAME="hbusse"/>
<USERREF USERNAME="sbecht"/>
<USERREF USERNAME="bbergel"/>
<USERREF USERNAME="jjensen"/>
<USERREF USERNAME="atofalo"/>
<USERREF USERNAME="jsoderlind"/>
<USERREF USERNAME="cyumatle"/>
<USERREF USERNAME="agarcia"/>
<USERREF USERNAME="ncarvalho"/>
<USERREF USERNAME="fcarde"/>
<USERREF USERNAME="tiafuso"/>
<USERREF USERNAME="rcontador"/>
<USERREF USERNAME="vwebber"/>
<USERREF USERNAME="jcarpanelli"/>
<USERREF USERNAME="lferraro"/>
<USERREF USERNAME="sdellatorre"/>
<USERREF USERNAME="msasaki"/>
<USERREF USERNAME="foliveira"/>
<USERREF USERNAME="msantos"/>
<USERREF USERNAME="lbentz"/>
<USERREF USERNAME="athanou"/>
<USERREF USERNAME="jakim"/>
<USERREF USERNAME="yloeffler"/>
<USERREF USERNAME="emlee"/>
<USERREF USERNAME="sahn"/>
<USERREF USERNAME="sychoi"/>
<USERREF USERNAME="CalderonGavilan"/>
<USERREF USERNAME="Johnson"/>
<USERREF USERNAME="Masterson"/>
<USERREF USERNAME="Herdrich"/>
<USERREF USERNAME="mmodrow"/>
<USERREF USERNAME="kfrank"/>
<USERREF USERNAME="tsheppard"/>
<USERREF USERNAME="tmontalvo"/>
<USERREF USERNAME="mmoscatelli"/>
<USERREF USERNAME="bfranklin"/>
<USERREF USERNAME="Yague"/>
<USERREF USERNAME="Dewelle"/>
<USERREF USERNAME="Adam"/>
<USERREF USERNAME="DeRoover"/>
<USERREF USERNAME="Labessan"/>
<USERREF USERNAME="Bergel"/>
<USERREF USERNAME="Mouzaki"/>
<USERREF USERNAME="Gallo"/>
<USERREF USERNAME="Buanne"/>
<USERREF USERNAME="aminichiello"/>
<USERREF USERNAME="dpoller"/>
<USERREF USERNAME="jhanson"/>
<USERREF USERNAME="lchieverton"/>
<USERREF USERNAME="pmeyer"/>
<USERREF USERNAME="sgagliano"/>
<USERREF USERNAME="jmccann"/>
<USERREF USERNAME="japark"/>
<USERREF USERNAME="cmartinez"/>
<USERREF USERNAME="jboese"/>
<USERREF USERNAME="smclaughlin"/>
<USERREF USERNAME="smccowatt"/>
<USERREF USERNAME="yrson"/>
<USERREF USERNAME="ymshin"/>
<USERREF USERNAME="yskim"/>
<USERREF USERNAME="ypark18"/>
<USERREF USERNAME="msin"/>
<USERREF USERNAME="dandrews"/>
<USERREF USERNAME="sgulotta"/>
<USERREF USERNAME="pjones"/>

</RIGHTSGROUP>

<RIGHTSGROUP  GROUPNAME="Study Manager">
<!-- Insert Users -->
<USERREF USERNAME="c145993"/>
<USERREF USERNAME="c225990"/>

</RIGHTSGROUP>

<RIGHTSGROUP  GROUPNAME="User Activator RG">
<!-- Insert Users -->
<USERREF USERNAME="ZPFobodnar"/>
<USERREF USERNAME="ZPFnkovacs"/>
<USERREF USERNAME="ZPFmandone"/>
<USERREF USERNAME="ZPFepenzes"/>
<USERREF USERNAME="ZPFedervishaj"/>
<USERREF USERNAME="ZPFprojas"/>
<USERREF USERNAME="ZPFckalinyak"/>
<USERREF USERNAME="ZPFabalogh"/>
<USERREF USERNAME="ZPFsdamato"/>
<USERREF USERNAME="ZPFrducusin"/>
<USERREF USERNAME="ZPFrcalorico"/>
<USERREF USERNAME="ZPFdnagy"/>

</RIGHTSGROUP>

<RIGHTSGROUP  GROUPNAME="User Manager RG">
<!-- Insert Users -->
<USERREF USERNAME="ZPFijohl"/>
<USERREF USERNAME="ZPFkcco"/>
<USERREF USERNAME="ZPFkcsobalyka"/>
<USERREF USERNAME="ZPFklim"/>
<USERREF USERNAME="ZPFlbalubar"/>
<USERREF USERNAME="ZPFlmate"/>
<USERREF USERNAME="ZPFmkhella"/>
<USERREF USERNAME="ZPFmtoth"/>
<USERREF USERNAME="ZPFnqi"/>
<USERREF USERNAME="ZPFnreis"/>
<USERREF USERNAME="ZPFnvergara"/>
<USERREF USERNAME="ZPFoely"/>
<USERREF USERNAME="ZPFpvallar"/>
<USERREF USERNAME="ZPFrsulit"/>
<USERREF USERNAME="ZPFsaguilar"/>
<USERREF USERNAME="ZPFsdasilva"/>
<USERREF USERNAME="ZPFskholti"/>
<USERREF USERNAME="ZPFstayco"/>
<USERREF USERNAME="ZPFtcabanes"/>
<USERREF USERNAME="ZPFtfabian"/>
<USERREF USERNAME="ZPFgyvarga"/>
<USERREF USERNAME="ZPFtszabo"/>
<USERREF USERNAME="ZPFfvarga"/>
<USERREF USERNAME="ZPFfillesy"/>
<USERREF USERNAME="ZPFekosa"/>
<USERREF USERNAME="ZPFdvittay"/>
<USERREF USERNAME="ZPFddiomede"/>
<USERREF USERNAME="ZPFcmolom"/>
<USERREF USERNAME="ZPFcmercado"/>
<USERREF USERNAME="ZPFawarsama"/>
<USERREF USERNAME="ZPFaterjek"/>
<USERREF USERNAME="ZPFapervaiz"/>
<USERREF USERNAME="ZPFgkrucso"/>

</RIGHTSGROUP>

<RIGHTSGROUP  GROUPNAME="VO">
<!-- Insert Users -->
<USERREF USERNAME="c227309"/>
<USERREF USERNAME="aalvarado"/>
<USERREF USERNAME="eb97331"/>
<USERREF USERNAME="mcampana"/>
<USERREF USERNAME="npalkhiwala"/>

</RIGHTSGROUP>

</MEDMLDATA>