<?xml version="1.0"?>
<MEDMLDATA xmlns="PhaseForward-MedML-Inform4">

<ITEMGROUP 
GROUPNAME="Data_Manager_ReadOnly"
GROUPDESCRIPTION="Items that are hidden by design and should be viewable to Data Manager.">
 <!-- Insert ItemRef Names -->
<ITEMREF REFNAME="EXDOSFRQ_EX1DS1_F1"/>
<ITEMREF REFNAME="EXROUTE_EX1DS1_F1"/>
<ITEMREF REFNAME="EXROUTE_EX1DS1_F2"/>
<ITEMREF REFNAME="EXTPT_EX1DS1_F1_S2"/>
<ITEMREF REFNAME="EXTRADNM_DS1EX1F2"/>
<ITEMREF REFNAME="EXTRADNM_EX1C1F5"/>
<ITEMREF REFNAME="EXTRADNM_EX1C1LF3"/>
<ITEMREF REFNAME="EXTRADNM_EX1C2F4"/>
<ITEMREF REFNAME="EXTRADNM_EX1DS1C1F3"/>
<ITEMREF REFNAME="EXTRADNM_EX1DS1F3"/>
<ITEMREF REFNAME="EXTRADNM_EX1DS1_F2"/>
<ITEMREF REFNAME="EXTRT_EX1DS1_F1_S2"/>
<ITEMREF REFNAME="EXTRT_MAP_DS1EX1F2"/>
<ITEMREF REFNAME="EXTRT_MAP_EX1C1F5"/>
<ITEMREF REFNAME="EXTRT_MAP_EX1C1LF3"/>
<ITEMREF REFNAME="EXTRT_MAP_EX1C2F4"/>
<ITEMREF REFNAME="EXTRT_MAP_EX1DS1C1F3"/>
<ITEMREF REFNAME="EXTRT_MAP_EX1DS1F3"/>
<ITEMREF REFNAME="EXTRT_MAP_EX1DS1_F2"/>
<ITEMREF REFNAME="LDIAMU_TU2F1S2"/>
<ITEMREF REFNAME="EXTRADNM_EX1C1F4"/>
<ITEMREF REFNAME="EXTRT_MAP_EX1C1F4"/>
<ITEMREF REFNAME="FACAT_BCCI1F1"/>
<ITEMREF REFNAME="FACAT_MEASDS1001_F1"/>
<ITEMREF REFNAME="FACAT_MH8IPD3F1"/>
<ITEMREF REFNAME="HOCAT_HO2001_F1"/>
<ITEMREF REFNAME="LDIAMU_TU1F1S2"/>
<ITEMREF REFNAME="MEASDSOBJ_MEASDS1001_F1"/>
<ITEMREF REFNAME="MHCAT_MH8IPD3F1"/>
<ITEMREF REFNAME="MHDECOD_MH8IPD3F1"/>
<ITEMREF REFNAME="MHLLTCD_MH8IPD3F1"/>
<ITEMREF REFNAME="MHLLT_MH8001_F1"/>
<ITEMREF REFNAME="MHCAT_MH8001_F1"/>
<ITEMREF REFNAME="MHDECOD_MH8001_F1"/>
<ITEMREF REFNAME="MHLLTCD_MH8001_F1"/>
<ITEMREF REFNAME="MHLLT_MH8IPD3F1"/>
<ITEMREF REFNAME="MHTERM_MAP_MH8001_F1"/>
<ITEMREF REFNAME="PFCAT_MMDX2F1S1"/>
<ITEMREF REFNAME="PFCAT_MMDX2F1S2"/>
<ITEMREF REFNAME="PRCAT_IRAD3001_F1"/>
<ITEMREF REFNAME="PRCAT_IRAD3001_F2"/>
<ITEMREF REFNAME="PRCAT_SG1001_F1"/>
<ITEMREF REFNAME="PRCAT_SG1001_F2"/>
<ITEMREF REFNAME="PRCAT_TRF3001_F1"/>
<ITEMREF REFNAME="PRPRESP_IRAD3001_F1"/>
<ITEMREF REFNAME="PRPRESP_IRAD3001_F2"/>
<ITEMREF REFNAME="PRSCAT_IRAD3001_F1"/>
<ITEMREF REFNAME="PRSCAT_IRAD3001_F2"/>
<ITEMREF REFNAME="PRSCAT_IRAD3001_F3"/>
<ITEMREF REFNAME="PRCAT_IRAD3001_F3"/>
<ITEMREF REFNAME="PRCAT_SG1001_F3"/>
<ITEMREF REFNAME="PRPRESP_IRAD3001_F3"/>
<ITEMREF REFNAME="PRSCAT_SG1001_F1"/>
<ITEMREF REFNAME="PRSCAT_SG1001_F2"/>
<ITEMREF REFNAME="PRSCAT_SG1001_F3"/>
<ITEMREF REFNAME="PRSCAT_TRF3001_F1"/>
<ITEMREF REFNAME="PRTRT_IRAD_IRAD3001_F1"/>
<ITEMREF REFNAME="PRTRT_IRAD_IRAD3001_F2"/>
<ITEMREF REFNAME="PRTRT_IRAD_IRAD3001_F3"/>
<ITEMREF REFNAME="QSCAT_BPI4001_F1"/>
<ITEMREF REFNAME="QSCAT_EQ5D5L2F1"/>
<ITEMREF REFNAME="QSEVLINT_BPI4001_F1"/>
<ITEMREF REFNAME="RSCAT_OVRLRESP_RS1F1"/>
<ITEMREF REFNAME="RSCAT_RS1F1"/>
<ITEMREF REFNAME="SAXISU_TU1F1S2"/>
<ITEMREF REFNAME="SAXISU_TU2F1S2"/>
<ITEMREF REFNAME="SGOBJ_SG1001_F3"/>
<ITEMREF REFNAME="SSCAT_SS1DS1F1"/>
<ITEMREF REFNAME="SSLSTKAD_SS1DS1F1"/>
<ITEMREF REFNAME="SUCAT_ALCOHOL_SU1F1"/>
<ITEMREF REFNAME="SUCAT_TOBACCO_SU3F1"/>
<ITEMREF REFNAME="SUPRESP_SU1F1"/>
<ITEMREF REFNAME="SUPRESP_SU3F1"/>
<ITEMREF REFNAME="SYSTCAT_SYST3F1"/>
<ITEMREF REFNAME="SYSTCAT_SYST3F2"/>
<ITEMREF REFNAME="SYSTCAT_SYST3F3"/>
<ITEMREF REFNAME="SYSTMDLY_SYST3F1"/>
<ITEMREF REFNAME="SYSTMDLY_SYST3F2"/>
<ITEMREF REFNAME="SYSTTRT_MAP_SYST3F1"/>
<ITEMREF REFNAME="SYSTTRT_MAP_SYST3F2"/>
<ITEMREF REFNAME="TERM_TO_CODE_MH8IPD3F1"/>
<ITEMREF REFNAME="TRTTERMCD_CM1F1"/>
<ITEMREF REFNAME="TRTTERMCD_DS1EX1F2"/>
<ITEMREF REFNAME="TRTTERMCD_EC1C1F1"/>
<ITEMREF REFNAME="TRTTERMCD_EX1C1F4"/>
<ITEMREF REFNAME="TRTTERMCD_EX1C1F5"/>
<ITEMREF REFNAME="TRTTERMCD_EX1C1LF3"/>
<ITEMREF REFNAME="TRTTERMCD_EX1C2F4"/>
<ITEMREF REFNAME="TRTTERMCD_EX1DS1C1F3"/>
<ITEMREF REFNAME="TRTTERMCD_EX1DS1F3"/>
<ITEMREF REFNAME="TRTTERMCD_EX1DS1_F2"/>
<ITEMREF REFNAME="TRTTERMCD_SYST3F1"/>
<ITEMREF REFNAME="TRTTERMCD_SYST3F2"/>
<ITEMREF REFNAME="TUCAT_TU1F1S1"/>
<ITEMREF REFNAME="TUCAT_TU2F1S1"/>
<ITEMREF REFNAME="TUCAT_TU3F1S1"/>
<ITEMREF REFNAME="TUMIDENT_NEW_TU1F1S1"/>
<ITEMREF REFNAME="TUMIDENT_NONTARGET_TU31S1"/>
<ITEMREF REFNAME="TUMIDENT_TARGET_TU2F1S1"/>
<ITEMREF REFNAME="VSCAT_VS1C1F1"/>
<ITEMREF REFNAME="VSCAT_VS1F1"/>
<ITEMREF REFNAME="XPCAT_XP1F1"/>
<ITEMREF REFNAME="AECAT_AE4001_F1"/>
<ITEMREF REFNAME="AECAT_AE4001_F2"/>
<ITEMREF REFNAME="AEDECOD_AE4001_F2"/>
<ITEMREF REFNAME="AELLTCD_AE4001_F2"/>
<ITEMREF REFNAME="AELLT_AE4001_F2"/>
<ITEMREF REFNAME="AETERM_MAP_AE4001_F2"/>
<ITEMREF REFNAME="BCCIOBJ_BCCI1F1"/>
<ITEMREF REFNAME="CMCAT_CM1F1"/>
<ITEMREF REFNAME="CMCLASCD_CM1F1"/>
<ITEMREF REFNAME="CMCLASCD_SYST3F1"/>
<ITEMREF REFNAME="CMCLASCD_SYST3F2"/>
<ITEMREF REFNAME="CMCLAS_CM1F1"/>
<ITEMREF REFNAME="CMCLAS_SYST3F1"/>
<ITEMREF REFNAME="CMCLAS_SYST3F2"/>
<ITEMREF REFNAME="CMDECOD_CM1F1"/>
<ITEMREF REFNAME="CMDECOD_SYST3F1"/>
<ITEMREF REFNAME="CMDECOD_SYST3F2"/>
<ITEMREF REFNAME="CMSCAT_CM1F1"/>
<ITEMREF REFNAME="CMTRADNM_CM1F1"/>
<ITEMREF REFNAME="CMTRADNM_SYST3F1"/>
<ITEMREF REFNAME="CMTRADNM_SYST3F2"/>
<ITEMREF REFNAME="CMTRT_MAP_CM1F1"/>
<ITEMREF REFNAME="DACAT_DA1F1"/>
<ITEMREF REFNAME="DACAT_DA1F2"/>
<ITEMREF REFNAME="DICT_DICTVER_AE4001_F2"/>
<ITEMREF REFNAME="DICT_DICTVER_CM1F1"/>
<ITEMREF REFNAME="DICT_DICTVER_DS1EX1F2"/>
<ITEMREF REFNAME="DICT_DICTVER_EC1C1F1"/>
<ITEMREF REFNAME="DICT_DICTVER_EX1C1F4"/>
<ITEMREF REFNAME="DICT_DICTVER_EX1C1F5"/>
<ITEMREF REFNAME="DICT_DICTVER_EX1C1LF3"/>
<ITEMREF REFNAME="DICT_DICTVER_EX1C2F4"/>
<ITEMREF REFNAME="DICT_DICTVER_EX1DS1C1F3"/>
<ITEMREF REFNAME="DICT_DICTVER_EX1DS1F3"/>
<ITEMREF REFNAME="DICT_DICTVER_EX1DS1_F2"/>
<ITEMREF REFNAME="DICT_DICTVER_MH8001_F1"/>
<ITEMREF REFNAME="DICT_DICTVER_MH8IPD3F1"/>
<ITEMREF REFNAME="DICT_DICTVER_SYST3F1"/>
<ITEMREF REFNAME="DICT_DICTVER_SYST3F2"/>
<ITEMREF REFNAME="DSCAT_1_DS1EX1F1"/>
<ITEMREF REFNAME="DSCAT_1_DS1EX1F2"/>
<ITEMREF REFNAME="DSCAT_1_DS1F1"/>
<ITEMREF REFNAME="DSCAT_1_DS1F2"/>
<ITEMREF REFNAME="DSCAT_1_DS1F3"/>
<ITEMREF REFNAME="DSCAT_1_DS1F4"/>
<ITEMREF REFNAME="DSCAT_1_EX1DS1C1F3"/>
<ITEMREF REFNAME="DSCAT_1_EX1DS1F3"/>
<ITEMREF REFNAME="DSCAT_1_EX1DS1_F1"/>
<ITEMREF REFNAME="DSCAT_1_EX1DS1_F2"/>
<ITEMREF REFNAME="DSCAT_1_SS1DS1F1"/>
<ITEMREF REFNAME="DSCAT_2_DS2001_F1"/>
<ITEMREF REFNAME="DSCAT_2_DS2001_F3"/>
<ITEMREF REFNAME="DSEVAL_IC_DS2001_F1"/>
<ITEMREF REFNAME="DSEVAL_IC_DS2001_F3"/>
<ITEMREF REFNAME="DSSCAT_DS1EX1F1"/>
<ITEMREF REFNAME="DSSCAT_DS1EX1F2"/>
<ITEMREF REFNAME="DSSCAT_DS1F1"/>
<ITEMREF REFNAME="DSSCAT_DS1F2"/>
<ITEMREF REFNAME="DSSCAT_DS1F3"/>
<ITEMREF REFNAME="DSSCAT_DS1F4"/>
<ITEMREF REFNAME="DSSCAT_EX1DS1C1F3"/>
<ITEMREF REFNAME="DSSCAT_EX1DS1F3"/>
<ITEMREF REFNAME="DSSCAT_EX1DS1_F1"/>
<ITEMREF REFNAME="DSSCAT_EX1DS1_F2"/>
<ITEMREF REFNAME="DSSCAT_IC_DS2001_F1"/>
<ITEMREF REFNAME="DSSCAT_IC_DS2001_F3"/>
<ITEMREF REFNAME="DSSCAT_SS1DS1F1"/>
<ITEMREF REFNAME="ECCAT_EC1C1F1"/>
<ITEMREF REFNAME="ECCAT_EC1F1"/>
<ITEMREF REFNAME="ECCLASCD_EC1C1F1"/>
<ITEMREF REFNAME="ECCLAS_EC1C1F1"/>
<ITEMREF REFNAME="ECDECOD_EC1C1F1"/>
<ITEMREF REFNAME="ECTRADNM_EC1C1F1"/>
<ITEMREF REFNAME="ECTRT_MAP_EC1C1F1"/>
<ITEMREF REFNAME="EGCAT_EG3001_F2"/>
<ITEMREF REFNAME="EGCAT_EG3_F1"/>
<ITEMREF REFNAME="EXCAT_DS1EX1F1"/>
<ITEMREF REFNAME="EXCAT_DS1EX1F2"/>
<ITEMREF REFNAME="EXCAT_EX1C1F4"/>
<ITEMREF REFNAME="EXCAT_EX1C1F5"/>
<ITEMREF REFNAME="EXCAT_EX1C1LF3"/>
<ITEMREF REFNAME="EXCAT_EX1C2F4"/>
<ITEMREF REFNAME="EXCAT_EX1DS1_F1"/>
<ITEMREF REFNAME="EXCAT_EX1DS1_F2"/>
<ITEMREF REFNAME="EXCAT_EX1DS1C1F3"/>
<ITEMREF REFNAME="EXCAT_EX1DS1F3"/>
<ITEMREF REFNAME="EXCAT_EX1F2"/>
<ITEMREF REFNAME="EXCAT_EX1F3"/>
<ITEMREF REFNAME="EXCAT_EX1F4"/>
<ITEMREF REFNAME="EXCAT_EX1F5"/>
<ITEMREF REFNAME="EXCAT_EX1LF4"/>
<ITEMREF REFNAME="EXCLAS_DS1EX1F2"/>
<ITEMREF REFNAME="EXCLAS_EX1C1F4"/>
<ITEMREF REFNAME="EXCLAS_EX1C1F5"/>
<ITEMREF REFNAME="EXCLAS_EX1C1LF3"/>
<ITEMREF REFNAME="EXCLAS_EX1C2F4"/>
<ITEMREF REFNAME="EXCLAS_EX1DS1C1F3"/>
<ITEMREF REFNAME="EXCLAS_EX1DS1F3"/>
<ITEMREF REFNAME="EXCLAS_EX1DS1_F2"/>
<ITEMREF REFNAME="EXCLASCD_DS1EX1F2"/>
<ITEMREF REFNAME="EXCLASCD_EX1C1F4"/>
<ITEMREF REFNAME="EXCLASCD_EX1C1F5"/>
<ITEMREF REFNAME="EXCLASCD_EX1C1LF3"/>
<ITEMREF REFNAME="EXCLASCD_EX1C2F4"/>
<ITEMREF REFNAME="EXCLASCD_EX1DS1C1F3"/>
<ITEMREF REFNAME="EXCLASCD_EX1DS1F3"/>
<ITEMREF REFNAME="EXCLASCD_EX1DS1_F2"/>
<ITEMREF REFNAME="EXDECOD_DS1EX1F2"/>
<ITEMREF REFNAME="EXDECOD_EX1C1F4"/>
<ITEMREF REFNAME="EXDECOD_EX1C1F5"/>
<ITEMREF REFNAME="EXDECOD_EX1C1LF3"/>
<ITEMREF REFNAME="EXDECOD_EX1C2F4"/>
<ITEMREF REFNAME="EXDECOD_EX1DS1C1F3"/>
<ITEMREF REFNAME="EXDECOD_EX1DS1F3"/>
<ITEMREF REFNAME="EXDECOD_EX1DS1_F2"/>
<ITEMREF REFNAME="EXDOSFRM_EX1DS1_F1"/>
<ITEMREF REFNAME="QSCAT_ECOG1001_F1"/>
<ITEMREF REFNAME="QSCAT_QLQC2001_F1"/>

</ITEMGROUP>

<ITEMGROUP 
GROUPNAME="GPS_eSAE_Hidden"
GROUPDESCRIPTION="Hidden to GPS rights group, read-only to Adjudicator and Central Group, default access to all other rights groups">
 <!-- Insert ItemRef Names -->
<ITEMREF REFNAME="SAEFUAWADAT_SAE2F1"/>
<ITEMREF REFNAME="SAEAWADAT_SAE2F1"/>

</ITEMGROUP>

<ITEMGROUP 
GROUPNAME="nonData_Manager_Hidden"
GROUPDESCRIPTION="Items hidden to all but Data_Manager editable">
 <!-- Insert ItemRef Names -->
<ITEMREF REFNAME="WFRULETRIG"/>
<ITEMREF REFNAME="CDQATRIG"/>

</ITEMGROUP>

<ITEMGROUP 
GROUPNAME="nonData_Manager_ReadOnly"
GROUPDESCRIPTION="Items are Data_Manager editable, and Read-only for all other groups except Adjudicator and Central Grp.  For the Groups Adjudicator and Central Grp, it will be a Hidden Item.">
 <!-- Insert ItemRef Names -->
<ITEMREF REFNAME="VISDATMD_SV1F1"/>
<ITEMREF REFNAME="VISDATMD_SV1F5"/>
<ITEMREF REFNAME="VISDATMD_SV1F4"/>
<ITEMREF REFNAME="VISDATMD_SV1F3"/>
<ITEMREF REFNAME="VISDATMD_SV1F2"/>
<ITEMREF REFNAME="CDQ_CDQA"/>

</ITEMGROUP>

</MEDMLDATA>