<?xml version="1.0"?>
<MEDMLDATA xmlns="PhaseForward-MedML-Inform4">


<USER  USERNAME="c100415"
USERTYPE="SPONSOR"
FIRSTNAME="Olimpia"
LASTNAME="Araujo"
DISPLAYNAME="Olimpia Araujo"
COUNTRY="BRAZIL"
PHONE="551"
ALTPHONE="55"
FAX="55"
EMAIL="araujo_olimpia_ferreira_galvao@lilly.com"
ACTIVESTATE="true"
PASSWORD="rI7vS5dD91d1C1412"
BEEPER="55"
USERDATEFORMAT="DAY_MONTH_YEAR"
HOMESCREENURL="./Portal/default.htm"
USERMUSTRESETPASSWORD="TRUE"
PRODUCTLOCALE="en-US"
STUDYLOCALE="en-US"/>


<USER  USERNAME="ZPFpkakuk"
USERTYPE="SPONSOR"
FIRSTNAME="Petra"
LASTNAME="Kakuk"
DISPLAYNAME="Petra Kakuk"
DESCRIPTION="CE GSC"
COUNTRY="HUNGARY"
PHONE="36"
ALTPHONE="36"
FAX="36"
EMAIL="petra.kakuk@oracle.com"
ACTIVESTATE="true"
PASSWORD="rB0mR0yI56k5J3690"
BEEPER="36"
USERDATEFORMAT="DAY_MONTH_YEAR"
HOMESCREENURL="./Portal/default.htm"
USERMUSTRESETPASSWORD="TRUE"
PRODUCTLOCALE="en-US"
STUDYLOCALE="en-US"/>


<USER  USERNAME="ZPFmduran"
USERTYPE="SPONSOR"
FIRSTNAME="Murpys"
LASTNAME="Duran"
DISPLAYNAME="Murpys Duran"
DESCRIPTION="CE GSC"
COUNTRY="HUNGARY"
PHONE="36"
ALTPHONE="36"
FAX="36"
EMAIL="murpys.duran@phaseforward.com"
ACTIVESTATE="true"
PASSWORD="c5Vx5FyL49xT361011"
BEEPER="36"
USERDATEFORMAT="DAY_MONTH_YEAR"
HOMESCREENURL="./Portal/default.htm"
USERMUSTRESETPASSWORD="TRUE"
PRODUCTLOCALE="en-US"
STUDYLOCALE="en-US"/>


<USER  USERNAME="ZPFonemeth"
USERTYPE="SPONSOR"
FIRSTNAME="Orsolya"
LASTNAME="Nemeth"
DISPLAYNAME="Orsolya Nemeth"
DESCRIPTION="Lilly Support"
COUNTRY="HUNGARY"
PHONE="36"
ALTPHONE="36"
FAX="36"
EMAIL="orsolya.nemeth@phaseforward.com"
ACTIVESTATE="true"
PASSWORD="sW68z81HnA47e16H5480"
BEEPER="36"
USERDATEFORMAT="DAY_MONTH_YEAR"
HOMESCREENURL="./Portal/default.htm"
USERMUSTRESETPASSWORD="TRUE"
PRODUCTLOCALE="en-US"
STUDYLOCALE="en-US"/>


<USER  USERNAME="ZPFbszabo"
USERTYPE="SPONSOR"
FIRSTNAME="Beata"
LASTNAME="Szabo"
DISPLAYNAME="Beata Szabo"
DESCRIPTION="Contractor"
COUNTRY="HUNGARY"
PHONE="36"
ALTPHONE="36"
FAX="36"
EMAIL="beata.szabo@oracle.com"
ACTIVESTATE="true"
PASSWORD="nI9t6UkB22fR78503"
BEEPER="36"
USERDATEFORMAT="DAY_MONTH_YEAR"
HOMESCREENURL="./Portal/default.htm"
USERMUSTRESETPASSWORD="TRUE"
PRODUCTLOCALE="en-US"
STUDYLOCALE="en-US"/>


<USER  USERNAME="ZPFrjankowska"
USERTYPE="SPONSOR"
FIRSTNAME="Radoslawa"
LASTNAME="Jankowska"
DISPLAYNAME="Radoslawa Jankowska"
DESCRIPTION="CE GSC"
COUNTRY="HUNGARY"
PHONE="36"
ALTPHONE="36"
FAX="36"
EMAIL="Radoslawa.Jankowska@oracle.com"
ACTIVESTATE="true"
PASSWORD="sW68z81HnA47e16H5480"
BEEPER="36"
USERDATEFORMAT="DAY_MONTH_YEAR"
HOMESCREENURL="./Portal/default.htm"
USERMUSTRESETPASSWORD="TRUE"
PRODUCTLOCALE="en-US"
STUDYLOCALE="en-US"/>


<USER  USERNAME="ZPFjmasanga"
USERTYPE="SPONSOR"
FIRSTNAME="Joseph"
LASTNAME="Masanga"
DISPLAYNAME="Joseph Masanga"
DESCRIPTION="Lilly Support"
COUNTRY="HUNGARY"
PHONE="36"
ALTPHONE="36"
FAX="36"
EMAIL="joseph.masanga@oracle.com"
ACTIVESTATE="true"
PASSWORD="iA5p5JG0rb4A8811"
BEEPER="36"
USERDATEFORMAT="DAY_MONTH_YEAR"
HOMESCREENURL="./Portal/default.htm"
USERMUSTRESETPASSWORD="TRUE"
PRODUCTLOCALE="en-US"
STUDYLOCALE="en-US"/>


<USER  USERNAME="ZPFzvecsei"
USERTYPE="SPONSOR"
FIRSTNAME="Zoltan"
LASTNAME="Vecsei"
DISPLAYNAME="Zoltan Vecsei"
DESCRIPTION="CE GSC"
COUNTRY="HUNGARY"
PHONE="36"
ALTPHONE="36"
FAX="36"
EMAIL="zoltan.vecsei@phaseforward.com"
ACTIVESTATE="true"
PASSWORD="mJ37r76KA5qqT983382"
BEEPER="36"
USERDATEFORMAT="DAY_MONTH_YEAR"
HOMESCREENURL="./Portal/default.htm"
USERMUSTRESETPASSWORD="TRUE"
PRODUCTLOCALE="en-US"
STUDYLOCALE="en-US"/>


<USER  USERNAME="ZPFoion"
USERTYPE="SPONSOR"
FIRSTNAME="Ondyne"
LASTNAME="Ion"
DISPLAYNAME="Ondyne Ion"
DESCRIPTION="Contractor"
COUNTRY="HUNGARY"
PHONE="36"
ALTPHONE="36"
FAX="36"
EMAIL="ondyne.ion@oracle.com"
ACTIVESTATE="true"
PASSWORD="rB0mR0yI56k5J3690"
BEEPER="36"
USERDATEFORMAT="DAY_MONTH_YEAR"
HOMESCREENURL="./Portal/default.htm"
USERMUSTRESETPASSWORD="TRUE"
PRODUCTLOCALE="en-US"
STUDYLOCALE="en-US"/>


<USER  USERNAME="ZPFdnagy"
USERTYPE="SPONSOR"
FIRSTNAME="Daniel"
LASTNAME="Nagy"
DISPLAYNAME="Daniel Nagy"
DESCRIPTION="Technical support"
COUNTRY="HUNGARY"
PHONE="36"
ALTPHONE="36"
FAX="36"
EMAIL="daniel.nagy@oracle.com"
ACTIVESTATE="true"
PASSWORD="wS6hO6fE74d16S3998"
BEEPER="36"
USERDATEFORMAT="DAY_MONTH_YEAR"
HOMESCREENURL="./Portal/default.htm"
USERMUSTRESETPASSWORD="TRUE"
PRODUCTLOCALE="en-US"
STUDYLOCALE="en-US"/>


<USER  USERNAME="ZPFplaszlo"
USERTYPE="SPONSOR"
FIRSTNAME="Peter"
LASTNAME="Laszlo"
DISPLAYNAME="Peter Laszlo"
COUNTRY="HUNGARY"
PHONE="36"
ALTPHONE="36"
FAX="36"
EMAIL="peter.laszlo@oracle.com"
ACTIVESTATE="true"
PASSWORD="k8VjL8v1Ne4D9700"
BEEPER="36"
USERDATEFORMAT="DAY_MONTH_YEAR"
HOMESCREENURL="./Portal/default.htm"
USERMUSTRESETPASSWORD="TRUE"
PRODUCTLOCALE="en-US"
STUDYLOCALE="en-US"/>


<USER  USERNAME="ZPFdarnold"
USERTYPE="SPONSOR"
FIRSTNAME="Diana"
LASTNAME="Arnold"
DISPLAYNAME="Diana Arnold"
COUNTRY="HUNGARY"
PHONE="36"
ALTPHONE="36"
FAX="36"
EMAIL="diana.arnold@oracle.com"
ACTIVESTATE="true"
PASSWORD="q23EaM7R7tzT471899"
BEEPER="36"
USERDATEFORMAT="DAY_MONTH_YEAR"
HOMESCREENURL="./Portal/default.htm"
USERMUSTRESETPASSWORD="TRUE"
PRODUCTLOCALE="en-US"
STUDYLOCALE="en-US"/>


<USER  USERNAME="ZPFmyao"
USERTYPE="SPONSOR"
FIRSTNAME="Min"
LASTNAME="Yao"
DISPLAYNAME="Min Yao"
COUNTRY="HUNGARY"
PHONE="36"
ALTPHONE="36"
FAX="36"
EMAIL="min.yao@oracle.com"
ACTIVESTATE="true"
PASSWORD="k3QdS32f1UoW86677"
BEEPER="36"
USERDATEFORMAT="DAY_MONTH_YEAR"
HOMESCREENURL="./Portal/default.htm"
USERMUSTRESETPASSWORD="TRUE"
PRODUCTLOCALE="en-US"
STUDYLOCALE="en-US"/>


<USER  USERNAME="ZPFaszottfried"
USERTYPE="SPONSOR"
FIRSTNAME="Akos"
LASTNAME="Szottfried"
DISPLAYNAME="Akos Szottfried"
COUNTRY="HUNGARY"
PHONE="36"
ALTPHONE="36"
FAX="36"
EMAIL="akos.szottfried@oracle.com"
ACTIVESTATE="true"
PASSWORD="k3QdS32f1UoW86677"
BEEPER="36"
USERDATEFORMAT="DAY_MONTH_YEAR"
HOMESCREENURL="./Portal/default.htm"
USERMUSTRESETPASSWORD="TRUE"
PRODUCTLOCALE="en-US"
STUDYLOCALE="en-US"/>


<USER  USERNAME="ZPFgalarcon"
USERTYPE="SPONSOR"
FIRSTNAME="Gonzalo"
LASTNAME="Alarcon"
DISPLAYNAME="Gonzalo Alarcon"
DESCRIPTION="Contractor"
COUNTRY="HUNGARY"
PHONE="36"
ALTPHONE="36"
FAX="36"
EMAIL="gonzalo.alarcon@oracle.com"
ACTIVESTATE="true"
PASSWORD="wS6hO6fE74d16S3998"
BEEPER="36"
USERDATEFORMAT="DAY_MONTH_YEAR"
HOMESCREENURL="./Portal/default.htm"
USERMUSTRESETPASSWORD="TRUE"
PRODUCTLOCALE="en-US"
STUDYLOCALE="en-US"/>


<USER  USERNAME="ZPFlstoica"
USERTYPE="SPONSOR"
FIRSTNAME="Loredana"
LASTNAME="Stoica"
DISPLAYNAME="Loredana Stoica"
DESCRIPTION="Lilly Support"
COUNTRY="HUNGARY"
PHONE="36"
ALTPHONE="36"
FAX="36"
EMAIL="Loredana.Stoica@oracle.com"
ACTIVESTATE="true"
PASSWORD="bG4nV97sC11gR4975"
BEEPER="36"
USERDATEFORMAT="DAY_MONTH_YEAR"
HOMESCREENURL="./Portal/default.htm"
USERMUSTRESETPASSWORD="TRUE"
PRODUCTLOCALE="en-US"
STUDYLOCALE="en-US"/>


<USER  USERNAME="ZPFrraffai"
USERTYPE="SPONSOR"
FIRSTNAME="Rita"
LASTNAME="Raffai"
DISPLAYNAME="Rita Raffai"
DESCRIPTION="CE GSC"
COUNTRY="HUNGARY"
PHONE="36"
ALTPHONE="36"
FAX="36"
EMAIL="rita.raffai@phaseforward.com"
ACTIVESTATE="true"
PASSWORD="sW55lM92w52AM3s6405"
BEEPER="36"
USERDATEFORMAT="DAY_MONTH_YEAR"
HOMESCREENURL="./Portal/default.htm"
USERMUSTRESETPASSWORD="TRUE"
PRODUCTLOCALE="en-US"
STUDYLOCALE="en-US"/>


<USER  USERNAME="ZPFvsimon"
USERTYPE="SPONSOR"
FIRSTNAME="Veronika"
LASTNAME="Simon"
DISPLAYNAME="Veronika Simon"
DESCRIPTION="CE GSC"
COUNTRY="HUNGARY"
PHONE="36"
ALTPHONE="36"
FAX="36"
EMAIL="veronika.simon@oracle.com"
ACTIVESTATE="true"
PASSWORD="mJ37r76KA5qqT983382"
BEEPER="36"
USERDATEFORMAT="DAY_MONTH_YEAR"
HOMESCREENURL="./Portal/default.htm"
USERMUSTRESETPASSWORD="TRUE"
PRODUCTLOCALE="en-US"
STUDYLOCALE="en-US"/>


<USER  USERNAME="z1x9044"
USERTYPE="SPONSOR"
FIRSTNAME="Nishant"
LASTNAME="Chaudhari"
DISPLAYNAME="Nishant Chaudhari"
COUNTRY="INDIA"
PHONE="912030569185"
ALTPHONE="91"
FAX="91"
EMAIL="nishant.chaudhari@inventivhealth.com"
ACTIVESTATE="true"
PASSWORD="oR4k9Zq73Bs95R5282"
BEEPER="91"
USERDATEFORMAT="DAY_MONTH_YEAR"
HOMESCREENURL="./Portal/default.htm"
USERMUSTRESETPASSWORD="TRUE"
PRODUCTLOCALE="en-US"
STUDYLOCALE="en-US"/>


<USER  USERNAME="z2x7767"
USERTYPE="SPONSOR"
FIRSTNAME="Preethi"
LASTNAME="Puthiyath"
DISPLAYNAME="Preethi Puthiyath"
COUNTRY="INDIA"
PHONE="912030569324"
ALTPHONE="91"
FAX="91"
EMAIL="preethi.puthiyath@inventivhealth.com"
ACTIVESTATE="true"
PASSWORD="Z7sJ9qsZ4aA39761"
BEEPER="91"
USERDATEFORMAT="DAY_MONTH_YEAR"
HOMESCREENURL="./Portal/default.htm"
USERMUSTRESETPASSWORD="TRUE"
PRODUCTLOCALE="en-US"
STUDYLOCALE="en-US"/>


<USER  USERNAME="ZPFmiwaki"
USERTYPE="SPONSOR"
FIRSTNAME="Marie"
LASTNAME="Iwaki"
DISPLAYNAME="Marie Iwaki"
DESCRIPTION="Contractor"
COUNTRY="JAPAN"
PHONE="81"
ALTPHONE="81"
FAX="81"
EMAIL="marie.iwaki@oracle.com"
ACTIVESTATE="true"
PASSWORD="gX0i70NkY29nJ721283"
BEEPER="81"
USERDATEFORMAT="DAY_MONTH_YEAR"
HOMESCREENURL="./Portal/default.htm"
USERMUSTRESETPASSWORD="TRUE"
PRODUCTLOCALE="en-US"
STUDYLOCALE="en-US"/>


<USER  USERNAME="ZPFahavasi"
USERTYPE="SPONSOR"
FIRSTNAME="Angela"
LASTNAME="Havasi"
DISPLAYNAME="Angela Havasi"
COUNTRY="JAPAN"
PHONE="0001"
FAX="0001"
EMAIL="Angela.Havasi@phaseforward.com"
ACTIVESTATE="true"
PASSWORD="sR31yQ3tF93lZ38195"
USERDATEFORMAT="DAY_MONTH_YEAR"
HOMESCREENURL="./Portal/default.htm"
USERMUSTRESETPASSWORD="TRUE"
PRODUCTLOCALE="en-US"
STUDYLOCALE="en-US"/>


<USER  USERNAME="ZPFtshirahata"
USERTYPE="SPONSOR"
FIRSTNAME="Tomomi"
LASTNAME="Shirahata"
DISPLAYNAME="Tomomi Shirahata"
DESCRIPTION="PM - Japan"
ADDRESS="Phase Forward Japan K.K, Sumitomo Fudousan Roppongi-dori Bldg. 4FI. 7-18-18 Roppongi Minato-ku, Tokyo 106-0032 Japan"
STATE="Tokyo"
POSTCODE="106-0032"
COUNTRY="JAPAN"
PHONE="81 3 5276 5700"
ALTPHONE="81"
FAX="81 3 5962 5609"
EMAIL="Tomomi.Shirahata@phaseforward.com"
ACTIVESTATE="true"
PASSWORD="nI9t6UkB22fR78503"
BEEPER="81"
USERDATEFORMAT="DAY_MONTH_YEAR"
HOMESCREENURL="./Portal/default.htm"
USERMUSTRESETPASSWORD="TRUE"
PRODUCTLOCALE="en-US"
STUDYLOCALE="en-US"/>


<USER  USERNAME="ZPFmogawa"
USERTYPE="SPONSOR"
FIRSTNAME="Maki"
LASTNAME="Ogawa"
DISPLAYNAME="Maki Ogawa"
DESCRIPTION="PM - Japan"
ADDRESS="Phase Forward Japan K K  Sumitomo Fudousan Roppongi dori Bldg 4FI 7 18 18 Roppongi Minato ku Tokyo 106 0032 Japan"
STATE="Tokyo"
POSTCODE="106 0032"
COUNTRY="JAPAN"
PHONE="81 3 5276 5700"
ALTPHONE="81"
FAX="81 3 5962 5609"
EMAIL="Maki.Ogawa@oracle.com"
ACTIVESTATE="true"
PASSWORD="nI9t6UkB22fR78503"
BEEPER="81"
USERDATEFORMAT="DAY_MONTH_YEAR"
HOMESCREENURL="./Portal/default.htm"
USERMUSTRESETPASSWORD="TRUE"
PRODUCTLOCALE="en-US"
STUDYLOCALE="en-US"/>


<USER  USERNAME="ZPFaohtsuka"
USERTYPE="SPONSOR"
FIRSTNAME="Akiyo"
LASTNAME="Ohtsuka"
DISPLAYNAME="Akiyo Ohtsuka"
DESCRIPTION="User Manager"
ADDRESS="Phase Forward Japan K K  Sumitomo Fudousan Roppongi dori Bldg 4FI 7 18 18 Roppongi Minato ku Tokyo 106 0032 Japan"
STATE="Tokyo"
POSTCODE="106 0032"
COUNTRY="JAPAN"
PHONE="81 3 5276 5700"
ALTPHONE="81"
FAX="81 3 5962 5609"
EMAIL="akiyo.otsuka@oracle.com"
ACTIVESTATE="true"
PASSWORD="nI9t6UkB22fR78503"
BEEPER="81"
USERDATEFORMAT="DAY_MONTH_YEAR"
HOMESCREENURL="./Portal/default.htm"
USERMUSTRESETPASSWORD="TRUE"
PRODUCTLOCALE="en-US"
STUDYLOCALE="en-US"/>


<USER  USERNAME="ZPFhmasuda"
USERTYPE="SPONSOR"
FIRSTNAME="haruko"
LASTNAME="masuda"
DISPLAYNAME="haruko masuda"
DESCRIPTION="Contractor"
COUNTRY="JAPAN"
PHONE="81"
EMAIL="haruko.masuda@oracle.com"
ACTIVESTATE="true"
PASSWORD="yK2cL15qZ92dW14306"
USERDATEFORMAT="DAY_MONTH_YEAR"
HOMESCREENURL="./Portal/default.htm"
USERMUSTRESETPASSWORD="TRUE"
PRODUCTLOCALE="en-US"
STUDYLOCALE="en-US"/>


<USER  USERNAME="ZPFhsekine"
USERTYPE="SPONSOR"
FIRSTNAME="Haruka"
LASTNAME="Sekine"
DISPLAYNAME="Haruka Sekine"
DESCRIPTION="Contractor"
COUNTRY="JAPAN"
PHONE="81-2-2222-2222"
EMAIL="haruka.sekine@oracle.com"
ACTIVESTATE="true"
PASSWORD="gX0i70NkY29nJ721283"
USERDATEFORMAT="DAY_MONTH_YEAR"
HOMESCREENURL="./Portal/default.htm"
USERMUSTRESETPASSWORD="TRUE"
PRODUCTLOCALE="en-US"
STUDYLOCALE="en-US"/>


<USER  USERNAME="ZPFdcleto"
USERTYPE="SPONSOR"
FIRSTNAME="Dolores"
LASTNAME="Cleto-Olazo"
DISPLAYNAME="Dolores Cleto-Olazo"
DESCRIPTION="Shared DE Manila"
COUNTRY="PHILIPPINES"
PHONE="63"
ALTPHONE="63"
FAX="63"
EMAIL="dolores.olazo@oracle.com"
ACTIVESTATE="true"
PASSWORD="wS6hO6fE74d16S3998"
BEEPER="63"
USERDATEFORMAT="DAY_MONTH_YEAR"
HOMESCREENURL="./Portal/default.htm"
USERMUSTRESETPASSWORD="TRUE"
PRODUCTLOCALE="en-US"
STUDYLOCALE="en-US"/>


<USER  USERNAME="ZPFjpati"
USERTYPE="SPONSOR"
FIRSTNAME="Johanna Marie"
LASTNAME="Pati"
DISPLAYNAME="Johanna Marie Pati"
DESCRIPTION="Shared DE Manila"
COUNTRY="PHILIPPINES"
PHONE="63"
ALTPHONE="63"
FAX="63"
EMAIL="Johanna.Pati@oracle.com"
ACTIVESTATE="true"
PASSWORD="fC29eO3a3Ib7U9392"
BEEPER="63"
USERDATEFORMAT="DAY_MONTH_YEAR"
HOMESCREENURL="./Portal/default.htm"
USERMUSTRESETPASSWORD="TRUE"
PRODUCTLOCALE="en-US"
STUDYLOCALE="en-US"/>


<USER  USERNAME="ZPFmgarcia"
USERTYPE="SPONSOR"
FIRSTNAME="Mark Ezekiel"
LASTNAME="Garcia"
DISPLAYNAME="Mark Ezekiel Garcia"
DESCRIPTION="Shared DE Manila"
COUNTRY="PHILIPPINES"
PHONE="63"
ALTPHONE="63"
FAX="63"
EMAIL="Mark.Ezekiel.Garcia@oracle.com"
ACTIVESTATE="true"
PASSWORD="fC29eO3a3Ib7U9392"
BEEPER="63"
USERDATEFORMAT="DAY_MONTH_YEAR"
HOMESCREENURL="./Portal/default.htm"
USERMUSTRESETPASSWORD="TRUE"
PRODUCTLOCALE="en-US"
STUDYLOCALE="en-US"/>


<USER  USERNAME="ZPFnvergara"
USERTYPE="SPONSOR"
FIRSTNAME="Neil"
LASTNAME="Vergara"
DISPLAYNAME="Neil Vergara"
COUNTRY="PHILIPPINES"
PHONE="63"
ALTPHONE="63"
FAX="63"
EMAIL="neil.vergara@oracle.com"
ACTIVESTATE="true"
PASSWORD="fC29eO3a3Ib7U9392"
BEEPER="63"
USERDATEFORMAT="DAY_MONTH_YEAR"
HOMESCREENURL="./Portal/default.htm"
USERMUSTRESETPASSWORD="TRUE"
PRODUCTLOCALE="en-US"
STUDYLOCALE="en-US"/>


<USER  USERNAME="ZPFelibao"
USERTYPE="SPONSOR"
FIRSTNAME="Ernest"
LASTNAME="Libao"
DISPLAYNAME="Ernest A Libao"
DESCRIPTION="Shared DE Manila"
COUNTRY="PHILIPPINES"
PHONE="63"
ALTPHONE="63"
FAX="63"
EMAIL="Labao.Alfred@oracle.com"
ACTIVESTATE="true"
PASSWORD="yK2cL15qZ92dW14306"
BEEPER="63"
USERDATEFORMAT="DAY_MONTH_YEAR"
HOMESCREENURL="./Portal/default.htm"
USERMUSTRESETPASSWORD="TRUE"
PRODUCTLOCALE="en-US"
STUDYLOCALE="en-US"/>


<USER  USERNAME="ZPFasalazar"
USERTYPE="SPONSOR"
FIRSTNAME="Allan"
LASTNAME="Salazar"
DISPLAYNAME="Allan Salazar"
DESCRIPTION="Shared DE Manila"
COUNTRY="PHILIPPINES"
PHONE="63"
ALTPHONE="63"
FAX="63"
EMAIL="Allan.Salazar@oracle.com"
ACTIVESTATE="true"
PASSWORD="F6wdP1F8vt6B1591"
BEEPER="63"
USERDATEFORMAT="DAY_MONTH_YEAR"
HOMESCREENURL="./Portal/default.htm"
USERMUSTRESETPASSWORD="TRUE"
PRODUCTLOCALE="en-US"
STUDYLOCALE="en-US"/>


<USER  USERNAME="ZPFcmercado"
USERTYPE="SPONSOR"
FIRSTNAME="Christopher"
LASTNAME="Mercado"
DISPLAYNAME="Christopher Mercado"
DESCRIPTION="Shared DE Manila"
COUNTRY="PHILIPPINES"
PHONE="63"
ALTPHONE="63"
FAX="63"
EMAIL="Christopher.Mercado@oracle.com"
ACTIVESTATE="true"
PASSWORD="fY32i60Uq9AvO26985"
BEEPER="63"
USERDATEFORMAT="DAY_MONTH_YEAR"
HOMESCREENURL="./Portal/default.htm"
USERMUSTRESETPASSWORD="TRUE"
PRODUCTLOCALE="en-US"
STUDYLOCALE="en-US"/>


<USER  USERNAME="ZPFrsulit"
USERTYPE="SPONSOR"
FIRSTNAME="Ronette"
LASTNAME="Sulit"
DISPLAYNAME="Ronette Sulit"
DESCRIPTION="Shared DE Manila"
COUNTRY="PHILIPPINES"
PHONE="63"
ALTPHONE="63"
FAX="63"
EMAIL="Ronette.Sulit@oracle.com"
ACTIVESTATE="true"
PASSWORD="pP11aV71x2Pi15K6369"
BEEPER="63"
USERDATEFORMAT="DAY_MONTH_YEAR"
HOMESCREENURL="./Portal/default.htm"
USERMUSTRESETPASSWORD="TRUE"
PRODUCTLOCALE="en-US"
STUDYLOCALE="en-US"/>


<USER  USERNAME="ZPFnabogado"
USERTYPE="SPONSOR"
FIRSTNAME="Naiza"
LASTNAME="Abogado"
DISPLAYNAME="Naiza Abogado"
DESCRIPTION="Shared DE Manila"
COUNTRY="PHILIPPINES"
PHONE="63"
ALTPHONE="63"
FAX="63"
EMAIL="Naiza.Abogado@oracle.com"
ACTIVESTATE="true"
PASSWORD="a41Pa65RO5fiY59084"
BEEPER="63"
USERDATEFORMAT="DAY_MONTH_YEAR"
HOMESCREENURL="./Portal/default.htm"
USERMUSTRESETPASSWORD="TRUE"
PRODUCTLOCALE="en-US"
STUDYLOCALE="en-US"/>


<USER  USERNAME="ZPFjcalbento"
USERTYPE="SPONSOR"
FIRSTNAME="Juan Carlo"
LASTNAME="Albento"
DISPLAYNAME="J Carlo Albento"
DESCRIPTION="Shared DE Manila"
COUNTRY="PHILIPPINES"
PHONE="63"
ALTPHONE="63"
FAX="63"
EMAIL="juan.albento@oracle.com"
ACTIVESTATE="true"
PASSWORD="a41Pa65RO5fiY59084"
BEEPER="63"
USERDATEFORMAT="DAY_MONTH_YEAR"
HOMESCREENURL="./Portal/default.htm"
USERMUSTRESETPASSWORD="TRUE"
PRODUCTLOCALE="en-US"
STUDYLOCALE="en-US"/>


<USER  USERNAME="ZPFwcarmelo"
USERTYPE="SPONSOR"
FIRSTNAME="Wesley"
LASTNAME="Carmelo"
DISPLAYNAME="Wesley Carmelo"
DESCRIPTION="Shared DE Manila"
COUNTRY="PHILIPPINES"
PHONE="63"
ALTPHONE="63"
FAX="63"
EMAIL="Wesley.Carmelo@oracle.com"
ACTIVESTATE="true"
PASSWORD="q23EaM7R7tzT471899"
BEEPER="63"
USERDATEFORMAT="DAY_MONTH_YEAR"
HOMESCREENURL="./Portal/default.htm"
USERMUSTRESETPASSWORD="TRUE"
PRODUCTLOCALE="en-US"
STUDYLOCALE="en-US"/>


<USER  USERNAME="ZPFmjcabuhayan"
USERTYPE="SPONSOR"
FIRSTNAME="Mary Joyce"
LASTNAME="Cabuhayan"
DISPLAYNAME="M J Cabuhayan"
DESCRIPTION="Shared DE Manila"
COUNTRY="PHILIPPINES"
PHONE="63"
ALTPHONE="63"
FAX="63"
EMAIL="mary.cabuhayan@oracle.com"
ACTIVESTATE="true"
PASSWORD="q23EaM7R7tzT471899"
BEEPER="63"
USERDATEFORMAT="DAY_MONTH_YEAR"
HOMESCREENURL="./Portal/default.htm"
USERMUSTRESETPASSWORD="TRUE"
PRODUCTLOCALE="en-US"
STUDYLOCALE="en-US"/>


<USER  USERNAME="ZPFmsantos"
USERTYPE="SPONSOR"
FIRSTNAME="Michael"
LASTNAME="Santos"
DISPLAYNAME="Michael Santos"
DESCRIPTION="Shared DE Manila"
COUNTRY="PHILIPPINES"
PHONE="63"
ALTPHONE="63"
FAX="63"
EMAIL="Michael.m.Santos@oracle.com"
ACTIVESTATE="true"
PASSWORD="q23EaM7R7tzT471899"
BEEPER="63"
USERDATEFORMAT="DAY_MONTH_YEAR"
HOMESCREENURL="./Portal/default.htm"
USERMUSTRESETPASSWORD="TRUE"
PRODUCTLOCALE="en-US"
STUDYLOCALE="en-US"/>


<USER  USERNAME="ZPFjrivera"
USERTYPE="SPONSOR"
FIRSTNAME="Joshua"
LASTNAME="Rivera"
DISPLAYNAME="Joshua Rivera"
DESCRIPTION="Shared DE Manila"
COUNTRY="PHILIPPINES"
PHONE="63"
ALTPHONE="63"
FAX="63"
EMAIL="Joshua.Rivera@oracle.com"
ACTIVESTATE="true"
PASSWORD="X8aeU20D6epG158775"
BEEPER="63"
USERDATEFORMAT="DAY_MONTH_YEAR"
HOMESCREENURL="./Portal/default.htm"
USERMUSTRESETPASSWORD="TRUE"
PRODUCTLOCALE="en-US"
STUDYLOCALE="en-US"/>


<USER  USERNAME="ZPFdhitosis"
USERTYPE="SPONSOR"
FIRSTNAME="Dwaine"
LASTNAME="Hitosis"
DISPLAYNAME="Dwaine Hitosis"
DESCRIPTION="Shared DE Manila"
COUNTRY="PHILIPPINES"
PHONE="63"
ALTPHONE="63"
FAX="63"
EMAIL="Dwaine.Hitosis@oracle.com"
ACTIVESTATE="true"
PASSWORD="X8aeU20D6epG158775"
BEEPER="63"
USERDATEFORMAT="DAY_MONTH_YEAR"
HOMESCREENURL="./Portal/default.htm"
USERMUSTRESETPASSWORD="TRUE"
PRODUCTLOCALE="en-US"
STUDYLOCALE="en-US"/>


<USER  USERNAME="ZPFpmiranda"
USERTYPE="SPONSOR"
FIRSTNAME="Pamela"
LASTNAME="Miranda"
DISPLAYNAME="Pamela Miranda"
DESCRIPTION="Shared DE Manila"
COUNTRY="PHILIPPINES"
PHONE="63"
ALTPHONE="63"
FAX="63"
EMAIL="Pamela.Miranda@oracle.com"
ACTIVESTATE="true"
PASSWORD="F6wdP1F8vt6B1591"
BEEPER="63"
USERDATEFORMAT="DAY_MONTH_YEAR"
HOMESCREENURL="./Portal/default.htm"
USERMUSTRESETPASSWORD="TRUE"
PRODUCTLOCALE="en-US"
STUDYLOCALE="en-US"/>


<USER  USERNAME="ZPFdalvarado"
USERTYPE="SPONSOR"
FIRSTNAME="Daniel"
LASTNAME="Alvarado"
DISPLAYNAME="Daniel Alvarado"
COUNTRY="PHILIPPINES"
PHONE="63"
ALTPHONE="63"
FAX="63"
EMAIL="daniel.alvarado@oracle.com"
ACTIVESTATE="true"
PASSWORD="k3QdS32f1UoW86677"
BEEPER="63"
USERDATEFORMAT="DAY_MONTH_YEAR"
HOMESCREENURL="./Portal/default.htm"
USERMUSTRESETPASSWORD="TRUE"
PRODUCTLOCALE="en-US"
STUDYLOCALE="en-US"/>


<USER  USERNAME="ZPFtcabanes"
USERTYPE="SPONSOR"
FIRSTNAME="Teresa"
LASTNAME="Cabanes"
DISPLAYNAME="Teresa Cabanes"
COUNTRY="PHILIPPINES"
PHONE="63"
ALTPHONE="63"
FAX="63"
EMAIL="teresa.cabanes@oracle.com"
ACTIVESTATE="true"
PASSWORD="fC29eO3a3Ib7U9392"
BEEPER="63"
USERDATEFORMAT="DAY_MONTH_YEAR"
HOMESCREENURL="./Portal/default.htm"
USERMUSTRESETPASSWORD="TRUE"
PRODUCTLOCALE="en-US"
STUDYLOCALE="en-US"/>


<USER  USERNAME="ZPFkmedjoubi"
USERTYPE="SPONSOR"
FIRSTNAME="Karim"
LASTNAME="Medjoubi"
DISPLAYNAME="Karim Medjoubi"
DESCRIPTION="Technical support"
COUNTRY="UNITED KINGDOM"
PHONE="011 44 1628 640 700"
ALTPHONE="44"
FAX="44"
EMAIL="karim.medjoubi@oracle.com"
ACTIVESTATE="true"
PASSWORD="d96Et6Cp96OW2v3109"
BEEPER="44"
USERDATEFORMAT="DAY_MONTH_YEAR"
HOMESCREENURL="./Portal/default.htm"
USERMUSTRESETPASSWORD="TRUE"
PRODUCTLOCALE="en-US"
STUDYLOCALE="en-US"/>


<USER  USERNAME="ZPFsdamato"
USERTYPE="SPONSOR"
FIRSTNAME="Silvio"
LASTNAME="Damato"
DISPLAYNAME="Silvio Damato"
COUNTRY="UNITED KINGDOM"
PHONE="44"
ALTPHONE="44"
FAX="0001"
EMAIL="silvio.damato@oracle.com"
ACTIVESTATE="true"
PASSWORD="hV28x6Rb59GqB93703"
BEEPER="44"
USERDATEFORMAT="DAY_MONTH_YEAR"
HOMESCREENURL="./Portal/default.htm"
USERMUSTRESETPASSWORD="TRUE"
PRODUCTLOCALE="en-US"
STUDYLOCALE="en-US"/>


<USER  USERNAME="ZPFahussain"
USERTYPE="SPONSOR"
FIRSTNAME="Aquib"
LASTNAME="Hussain"
DISPLAYNAME="Aquib Hussain"
DESCRIPTION="GSC"
COUNTRY="UNITED KINGDOM"
PHONE="0"
ALTPHONE="44"
FAX="44"
EMAIL="aquib.hussain@oracle.com"
ACTIVESTATE="true"
PASSWORD="hV28x6Rb59GqB93703"
BEEPER="44"
USERDATEFORMAT="DAY_MONTH_YEAR"
HOMESCREENURL="./Portal/default.htm"
USERMUSTRESETPASSWORD="TRUE"
PRODUCTLOCALE="en-US"
STUDYLOCALE="en-US"/>


<USER  USERNAME="ZPFawarsama"
USERTYPE="SPONSOR"
FIRSTNAME="Ahmed"
LASTNAME="Warsama"
DISPLAYNAME="Ahmed Warsama"
DESCRIPTION="GSC"
COUNTRY="UNITED KINGDOM"
PHONE="0"
ALTPHONE="44"
FAX="44"
EMAIL="ahmed.warsama@oracle.com"
ACTIVESTATE="true"
PASSWORD="x1QwT71dK75Q3d7887"
BEEPER="44"
USERDATEFORMAT="DAY_MONTH_YEAR"
HOMESCREENURL="./Portal/default.htm"
USERMUSTRESETPASSWORD="TRUE"
PRODUCTLOCALE="en-US"
STUDYLOCALE="en-US"/>


<USER  USERNAME="ZPFasekhon"
USERTYPE="SPONSOR"
FIRSTNAME="Amrik"
LASTNAME="Sekhon"
DISPLAYNAME="Amrik Sekhon"
DESCRIPTION="GSC"
COUNTRY="UNITED KINGDOM"
PHONE="44"
ALTPHONE="44"
FAX="44"
EMAIL="amrik.sekhon@oracle.com"
ACTIVESTATE="true"
PASSWORD="xN34u70VS9tl85Q5788"
BEEPER="44"
USERDATEFORMAT="DAY_MONTH_YEAR"
HOMESCREENURL="./Portal/default.htm"
USERMUSTRESETPASSWORD="TRUE"
PRODUCTLOCALE="en-US"
STUDYLOCALE="en-US"/>


<USER  USERNAME="ZPFijohl"
USERTYPE="SPONSOR"
FIRSTNAME="Ikinder"
LASTNAME="Johl"
DISPLAYNAME="Ikinder Johl"
COUNTRY="UNITED KINGDOM"
PHONE="44"
ALTPHONE="44"
FAX="44"
EMAIL="ikinder.johl.singh@oracle.com"
ACTIVESTATE="true"
PASSWORD="k8VjL8v1Ne4D9700"
BEEPER="44"
USERDATEFORMAT="DAY_MONTH_YEAR"
HOMESCREENURL="./Portal/default.htm"
USERMUSTRESETPASSWORD="TRUE"
PRODUCTLOCALE="en-US"
STUDYLOCALE="en-US"/>


<USER  USERNAME="ZPFvsoni"
USERTYPE="SPONSOR"
FIRSTNAME="Varun"
LASTNAME="Soni"
DISPLAYNAME="Varun Soni"
DESCRIPTION="Technical Support Analyst"
COUNTRY="UNITED KINGDOM"
PHONE="44"
ALTPHONE="44"
FAX="44"
EMAIL="varun.x.soni@oracle.com"
ACTIVESTATE="true"
PASSWORD="pP11aV71x2Pi15K6369"
BEEPER="44"
USERDATEFORMAT="DAY_MONTH_YEAR"
HOMESCREENURL="./Portal/default.htm"
USERMUSTRESETPASSWORD="TRUE"
PRODUCTLOCALE="en-US"
STUDYLOCALE="en-US"/>


<USER  USERNAME="ZPFdweakley"
USERTYPE="SPONSOR"
FIRSTNAME="Daniel"
LASTNAME="Weakley"
DISPLAYNAME="Daniel Weakley"
DESCRIPTION="Technical Support Analyst"
COUNTRY="UNITED KINGDOM"
PHONE="44"
ALTPHONE="44"
FAX="44"
EMAIL="daniel.weakley@oracle.com"
ACTIVESTATE="true"
PASSWORD="pP11aV71x2Pi15K6369"
BEEPER="44"
USERDATEFORMAT="DAY_MONTH_YEAR"
HOMESCREENURL="./Portal/default.htm"
USERMUSTRESETPASSWORD="TRUE"
PRODUCTLOCALE="en-US"
STUDYLOCALE="en-US"/>


<USER  USERNAME="ZPFpfarkas"
USERTYPE="SPONSOR"
FIRSTNAME="Peter"
LASTNAME="Farkas"
DISPLAYNAME="Peter Farkas"
DESCRIPTION="Contractor"
COUNTRY="UNITED KINGDOM"
PHONE="36"
ALTPHONE="36"
FAX="36"
EMAIL="peter.x.farkas@oracle.com"
ACTIVESTATE="true"
PASSWORD="rB0mR0yI56k5J3690"
BEEPER="36"
USERDATEFORMAT="DAY_MONTH_YEAR"
HOMESCREENURL="./Portal/default.htm"
USERMUSTRESETPASSWORD="TRUE"
PRODUCTLOCALE="en-US"
STUDYLOCALE="en-US"/>


<USER  USERNAME="ZPFnqi"
USERTYPE="SPONSOR"
FIRSTNAME="Nic"
LASTNAME="Qi"
DISPLAYNAME="Nic Qi"
DESCRIPTION="Technical support"
COUNTRY="UNITED KINGDOM"
PHONE="44"
ALTPHONE="44"
FAX="44"
EMAIL="xiaoyu.qi@oracle.com"
ACTIVESTATE="true"
PASSWORD="rB0mR0yI56k5J3690"
BEEPER="44"
USERDATEFORMAT="DAY_MONTH_YEAR"
HOMESCREENURL="./Portal/default.htm"
USERMUSTRESETPASSWORD="TRUE"
PRODUCTLOCALE="en-US"
STUDYLOCALE="en-US"/>


<USER  USERNAME="ZPFapervaiz"
USERTYPE="SPONSOR"
FIRSTNAME="Afnan"
LASTNAME="Pervaiz"
DISPLAYNAME="Afnan Pervaiz"
DESCRIPTION="Technical Support"
COUNTRY="UNITED KINGDOM"
PHONE="4410 44 1628 640 700"
ALTPHONE="44"
FAX="44"
EMAIL="afnan.pervaiz@oracle.com"
ACTIVESTATE="true"
PASSWORD="x2XqP4D7isO06096"
BEEPER="44"
USERDATEFORMAT="DAY_MONTH_YEAR"
HOMESCREENURL="./Portal/default.htm"
USERMUSTRESETPASSWORD="TRUE"
PRODUCTLOCALE="en-US"
STUDYLOCALE="en-US"/>


<USER  USERNAME="ZPFjamorin"
USERTYPE="SPONSOR"
FIRSTNAME="Juan"
LASTNAME="Amorin"
DISPLAYNAME="Juan Amorin"
DESCRIPTION="Product Support"
COUNTRY="UNITED KINGDOM"
PHONE="44"
ALTPHONE="44"
FAX="44"
EMAIL="juan.amorin@oracle.com"
ACTIVESTATE="true"
PASSWORD="xN34u70VS9tl85Q5788"
BEEPER="44"
USERDATEFORMAT="DAY_MONTH_YEAR"
HOMESCREENURL="./Portal/default.htm"
USERMUSTRESETPASSWORD="TRUE"
PRODUCTLOCALE="en-US"
STUDYLOCALE="en-US"/>


<USER  USERNAME="ZPFfvarga"
USERTYPE="SPONSOR"
FIRSTNAME="Ferenc"
LASTNAME="Varga"
DISPLAYNAME="Ferenc Varga"
DESCRIPTION="CE GSC"
COUNTRY="UNITED KINGDOM"
PHONE="44"
ALTPHONE="44"
FAX="44"
EMAIL="ferenc.varga@oracle.com"
ACTIVESTATE="true"
PASSWORD="x1QwT71dK75Q3d7887"
BEEPER="44"
USERDATEFORMAT="DAY_MONTH_YEAR"
HOMESCREENURL="./Portal/default.htm"
USERMUSTRESETPASSWORD="TRUE"
PRODUCTLOCALE="en-US"
STUDYLOCALE="en-US"/>


<USER  USERNAME="ZPFhhayashi"
USERTYPE="SPONSOR"
FIRSTNAME="Harry"
LASTNAME="Hayashi"
DISPLAYNAME="Harry Hayashi"
DESCRIPTION="iPMS Technical Services Manager"
COUNTRY="UNITED STATES"
PHONE="1010101010"
FAX="1010101010"
EMAIL="Harry.Hayashi@oracle.com"
ACTIVESTATE="true"
PASSWORD="iQ81M5sh80Ta86Y3417"
USERDATEFORMAT="DAY_MONTH_YEAR"
HOMESCREENURL="./Portal/default.htm"
USERMUSTRESETPASSWORD="TRUE"
PRODUCTLOCALE="en-US"
STUDYLOCALE="en-US"/>


<USER  USERNAME="ZPFpmazur"
USERTYPE="SPONSOR"
FIRSTNAME="Pawel"
LASTNAME="Mazur"
DISPLAYNAME="Pawel Mazur"
DESCRIPTION="Technical support"
COUNTRY="UNITED STATES"
PHONE="1010101010"
FAX="1010101010"
EMAIL="pawel.mazur@oracle.com"
ACTIVESTATE="true"
PASSWORD="hV28x6Rb59GqB93703"
USERDATEFORMAT="DAY_MONTH_YEAR"
HOMESCREENURL="./Portal/default.htm"
USERMUSTRESETPASSWORD="TRUE"
PRODUCTLOCALE="en-US"
STUDYLOCALE="en-US"/>


<USER  USERNAME="i5eustscb_RE"
USERTYPE="SPONSOR"
FIRSTNAME="Report"
LASTNAME="Extractor"
DISPLAYNAME="RE"
COUNTRY="UNITED STATES"
PHONE="11"
ALTPHONE="1"
FAX="1"
EMAIL="satish.bantanahal@oracle.com"
ACTIVESTATE="true"
PASSWORD="v5TmZ3pZ64lB72894"
BEEPER="1"
USERDATEFORMAT="DAY_MONTH_YEAR"
HOMESCREENURL="./Portal/default.htm"
USERMUSTRESETPASSWORD="TRUE"
PRODUCTLOCALE="en-US"
STUDYLOCALE="en-US"/>


<USER  USERNAME="coder_query"
USERTYPE="SPONSOR"
FIRSTNAME="Coder"
LASTNAME="Query"
DISPLAYNAME="Coder Query"
COUNTRY="UNITED STATES"
PHONE="11"
ALTPHONE="1"
FAX="1"
EMAIL="talley_dorothea_d@lilly.com"
ACTIVESTATE="true"
PASSWORD="b0ZsS8iA39b56B5917"
BEEPER="1"
USERDATEFORMAT="DAY_MONTH_YEAR"
HOMESCREENURL="./Portal/default.htm"
USERMUSTRESETPASSWORD="TRUE"
PRODUCTLOCALE="en-US"
STUDYLOCALE="en-US"/>


<USER  USERNAME="z1x1726"
USERTYPE="SPONSOR"
FIRSTNAME="Stacie"
LASTNAME="Roof"
DISPLAYNAME="Stacie Roof"
COUNTRY="UNITED STATES"
PHONE="13177180732"
ALTPHONE="1"
FAX="1"
EMAIL="stacie.roof@inventivhealth.com"
ACTIVESTATE="true"
PASSWORD="b0ZsS8iA39b56B5917"
BEEPER="1"
USERDATEFORMAT="DAY_MONTH_YEAR"
HOMESCREENURL="./Portal/default.htm"
USERMUSTRESETPASSWORD="TRUE"
PRODUCTLOCALE="en-US"
STUDYLOCALE="en-US"/>


<USER  USERNAME="z3x0912"
USERTYPE="SPONSOR"
FIRSTNAME="Johnna"
LASTNAME="Sternberg"
DISPLAYNAME="Johnna Sternberg"
COUNTRY="UNITED STATES"
PHONE="18606631152"
ALTPHONE="1"
FAX="1"
EMAIL="johnna.sternberg@inventivhealth.com"
ACTIVESTATE="true"
PASSWORD="q2JrW77nV9sT145307"
BEEPER="1"
USERDATEFORMAT="DAY_MONTH_YEAR"
HOMESCREENURL="./Portal/default.htm"
USERMUSTRESETPASSWORD="TRUE"
PRODUCTLOCALE="en-US"
STUDYLOCALE="en-US"/>


<USER  USERNAME="z2x4478"
USERTYPE="SPONSOR"
FIRSTNAME="Julie"
LASTNAME="Galyan"
DISPLAYNAME="Julie Galyan"
COUNTRY="UNITED STATES"
PHONE="13179933097"
ALTPHONE="1"
FAX="1"
EMAIL="julie.galyan@inventivhealth.com"
ACTIVESTATE="true"
PASSWORD="q2JrW77nV9sT145307"
BEEPER="1"
USERDATEFORMAT="DAY_MONTH_YEAR"
HOMESCREENURL="./Portal/default.htm"
USERMUSTRESETPASSWORD="TRUE"
PRODUCTLOCALE="en-US"
STUDYLOCALE="en-US"/>


<USER  USERNAME="si90079"
USERTYPE="SPONSOR"
FIRSTNAME="Nancy"
LASTNAME="Ostrowski"
DISPLAYNAME="Nancy Ostrowski"
COUNTRY="UNITED STATES"
PHONE="13172765192"
ALTPHONE="1"
FAX="1"
EMAIL="ostrowski_nancy_l@lilly.com"
ACTIVESTATE="true"
PASSWORD="q2JrW77nV9sT145307"
BEEPER="1"
USERDATEFORMAT="DAY_MONTH_YEAR"
HOMESCREENURL="./Portal/default.htm"
USERMUSTRESETPASSWORD="TRUE"
PRODUCTLOCALE="en-US"
STUDYLOCALE="en-US"/>


<USER  USERNAME="wfitzgibbons"
USERTYPE="SITE"
FIRSTNAME="William"
LASTNAME="Fitzgibbons"
DISPLAYNAME="William Fitzgibbons"
COUNTRY="UNITED STATES"
PHONE="14026145083"
ALTPHONE="1"
FAX="1"
EMAIL="wfitzgibbons@crastudies.com"
ACTIVESTATE="true"
PASSWORD="z0Eh2UiK21hN967779"
BEEPER="1"
USERDATEFORMAT="DAY_MONTH_YEAR"
HOMESCREENURL="./Portal/default.htm"
USERMUSTRESETPASSWORD="TRUE"
PRODUCTLOCALE="en-US"
STUDYLOCALE="en-US"/>


<USER  USERNAME="dlipsitz"
USERTYPE="SITE"
FIRSTNAME="David"
LASTNAME="Lipsitz"
DISPLAYNAME="David Lipsitz"
COUNTRY="UNITED STATES"
PHONE="17047862931"
ALTPHONE="1"
FAX="1"
EMAIL="dlipsitz94@gmail.com"
ACTIVESTATE="true"
PASSWORD="jT79W0mnQ71rN26691"
BEEPER="1"
USERDATEFORMAT="DAY_MONTH_YEAR"
HOMESCREENURL="./Portal/default.htm"
USERMUSTRESETPASSWORD="TRUE"
PRODUCTLOCALE="en-US"
STUDYLOCALE="en-US"/>


<USER  USERNAME="skelehan"
USERTYPE="SITE"
FIRSTNAME="Shaun"
LASTNAME="Kelehan"
DISPLAYNAME="Shaun Kelehan"
COUNTRY="UNITED STATES"
PHONE="13184261355"
ALTPHONE="1"
FAX="1"
EMAIL="skelehan.grace@yahoo.com"
ACTIVESTATE="true"
PASSWORD="jT79W0mnQ71rN26691"
BEEPER="1"
USERDATEFORMAT="DAY_MONTH_YEAR"
HOMESCREENURL="./Portal/default.htm"
USERMUSTRESETPASSWORD="TRUE"
PRODUCTLOCALE="en-US"
STUDYLOCALE="en-US"/>


<USER  USERNAME="kgross"
USERTYPE="SITE"
FIRSTNAME="Ken"
LASTNAME="Gross"
DISPLAYNAME="Ken Gross"
COUNTRY="UNITED STATES"
PHONE="12068602389"
ALTPHONE="1"
FAX="1"
EMAIL="ken.gross@polyclinic.com"
ACTIVESTATE="true"
PASSWORD="jT79W0mnQ71rN26691"
BEEPER="1"
USERDATEFORMAT="DAY_MONTH_YEAR"
HOMESCREENURL="./Portal/default.htm"
USERMUSTRESETPASSWORD="TRUE"
PRODUCTLOCALE="en-US"
STUDYLOCALE="en-US"/>


<USER  USERNAME="egoldfischer"
USERTYPE="SITE"
FIRSTNAME="Evan"
LASTNAME="Goldfischer"
DISPLAYNAME="Evan Goldfischer"
COUNTRY="UNITED STATES"
PHONE="18454375009"
ALTPHONE="1"
FAX="1"
EMAIL="drerg@live.com"
ACTIVESTATE="true"
PASSWORD="jT79W0mnQ71rN26691"
BEEPER="1"
USERDATEFORMAT="DAY_MONTH_YEAR"
HOMESCREENURL="./Portal/default.htm"
USERMUSTRESETPASSWORD="TRUE"
PRODUCTLOCALE="en-US"
STUDYLOCALE="en-US"/>


<USER  USERNAME="selsaharty"
USERTYPE="SITE"
FIRSTNAME="Salah"
LASTNAME="Elsaharty"
DISPLAYNAME="Salah Elsaharty"
COUNTRY="UNITED STATES"
PHONE="17652982040"
ALTPHONE="1"
FAX="1"
EMAIL="selsaharty@aol.com"
ACTIVESTATE="true"
PASSWORD="gO42f77Ss83Fx45N4399"
BEEPER="1"
USERDATEFORMAT="DAY_MONTH_YEAR"
HOMESCREENURL="./Portal/default.htm"
USERMUSTRESETPASSWORD="TRUE"
PRODUCTLOCALE="en-US"
STUDYLOCALE="en-US"/>


<USER  USERNAME="mefros"
USERTYPE="SITE"
FIRSTNAME="Mitchell"
LASTNAME="Efros"
DISPLAYNAME="Mitchell Efros"
COUNTRY="UNITED STATES"
PHONE="15167462190"
ALTPHONE="1"
FAX="1"
EMAIL="efrosdoc@aol.com"
ACTIVESTATE="true"
PASSWORD="gO42f77Ss83Fx45N4399"
BEEPER="1"
USERDATEFORMAT="DAY_MONTH_YEAR"
HOMESCREENURL="./Portal/default.htm"
USERMUSTRESETPASSWORD="TRUE"
PRODUCTLOCALE="en-US"
STUDYLOCALE="en-US"/>


<USER  USERNAME="mdominguez"
USERTYPE="SITE"
FIRSTNAME="Michael"
LASTNAME="Dominguez"
DISPLAYNAME="Michael Dominguez"
COUNTRY="UNITED STATES"
PHONE="12102490212"
ALTPHONE="1"
FAX="1"
EMAIL="michael.dominguez@healthtexas.org"
ACTIVESTATE="true"
PASSWORD="gO42f77Ss83Fx45N4399"
BEEPER="1"
USERDATEFORMAT="DAY_MONTH_YEAR"
HOMESCREENURL="./Portal/default.htm"
USERMUSTRESETPASSWORD="TRUE"
PRODUCTLOCALE="en-US"
STUDYLOCALE="en-US"/>


<USER  USERNAME="wcline"
USERTYPE="SITE"
FIRSTNAME="Wayne"
LASTNAME="Cline"
DISPLAYNAME="Wayne Cline"
COUNTRY="UNITED STATES"
PHONE="17046479913"
ALTPHONE="1"
FAX="1"
EMAIL="winkcline1@gmail.com"
ACTIVESTATE="true"
PASSWORD="o8EU1kj78MT0i1376"
BEEPER="1"
USERDATEFORMAT="DAY_MONTH_YEAR"
HOMESCREENURL="./Portal/default.htm"
USERMUSTRESETPASSWORD="TRUE"
PRODUCTLOCALE="en-US"
STUDYLOCALE="en-US"/>


<USER  USERNAME="tprater"
USERTYPE="SITE"
FIRSTNAME="Tyler"
LASTNAME="Prater"
DISPLAYNAME="Tyler Prater"
COUNTRY="UNITED STATES"
PHONE="17652982040"
ALTPHONE="1"
FAX="1"
EMAIL="Tprater@ecommunity.com"
ACTIVESTATE="true"
PASSWORD="uL84bB91e87ClL296770"
BEEPER="1"
USERDATEFORMAT="DAY_MONTH_YEAR"
HOMESCREENURL="./Portal/default.htm"
USERMUSTRESETPASSWORD="TRUE"
PRODUCTLOCALE="en-US"
STUDYLOCALE="en-US"/>


<USER  USERNAME="lcossu"
USERTYPE="SITE"
FIRSTNAME="Leanne"
LASTNAME="Cossu"
DISPLAYNAME="Leanne Cossu"
COUNTRY="UNITED STATES"
PHONE="15167462190"
ALTPHONE="1"
FAX="1"
EMAIL="accumed@aol.com"
ACTIVESTATE="true"
PASSWORD="uL84bB91e87ClL296770"
BEEPER="1"
USERDATEFORMAT="DAY_MONTH_YEAR"
HOMESCREENURL="./Portal/default.htm"
USERMUSTRESETPASSWORD="TRUE"
PRODUCTLOCALE="en-US"
STUDYLOCALE="en-US"/>


<USER  USERNAME="mwilson"
USERTYPE="SITE"
FIRSTNAME="Maria"
LASTNAME="Wilson"
DISPLAYNAME="Maria Wilson"
COUNTRY="UNITED STATES"
PHONE="12102490212"
ALTPHONE="1"
FAX="1"
EMAIL="maria.wilson@healthtexas.org"
ACTIVESTATE="true"
PASSWORD="pH59e9Tf6RnF014595"
BEEPER="1"
USERDATEFORMAT="DAY_MONTH_YEAR"
HOMESCREENURL="./Portal/default.htm"
USERMUSTRESETPASSWORD="TRUE"
PRODUCTLOCALE="en-US"
STUDYLOCALE="en-US"/>


<USER  USERNAME="ppatterson"
USERTYPE="SITE"
FIRSTNAME="Patti"
LASTNAME="Patterson"
DISPLAYNAME="Patti Patterson"
COUNTRY="UNITED STATES"
PHONE="12086670621"
ALTPHONE="1"
FAX="1"
EMAIL="ppatterson@niurology.com"
ACTIVESTATE="true"
PASSWORD="pH59e9Tf6RnF014595"
BEEPER="1"
USERDATEFORMAT="DAY_MONTH_YEAR"
HOMESCREENURL="./Portal/default.htm"
USERMUSTRESETPASSWORD="TRUE"
PRODUCTLOCALE="en-US"
STUDYLOCALE="en-US"/>


<USER  USERNAME="mwilliamson"
USERTYPE="SITE"
FIRSTNAME="Melissa"
LASTNAME="Williamson"
DISPLAYNAME="Melissa Williamson"
COUNTRY="UNITED STATES"
PHONE="13178931509"
ALTPHONE="1"
FAX="1"
EMAIL="mwilliamson@urologyin.com"
ACTIVESTATE="true"
PASSWORD="pH59e9Tf6RnF014595"
BEEPER="1"
USERDATEFORMAT="DAY_MONTH_YEAR"
HOMESCREENURL="./Portal/default.htm"
USERMUSTRESETPASSWORD="TRUE"
PRODUCTLOCALE="en-US"
STUDYLOCALE="en-US"/>


<USER  USERNAME="djohnson"
USERTYPE="SITE"
FIRSTNAME="Debbie"
LASTNAME="Johnson"
DISPLAYNAME="Debbie Johnson"
COUNTRY="UNITED STATES"
PHONE="18122068161"
ALTPHONE="1"
FAX="1"
EMAIL="djohnson@1sturology.com"
ACTIVESTATE="true"
PASSWORD="aC17nW8I1qcG32307"
BEEPER="1"
USERDATEFORMAT="DAY_MONTH_YEAR"
HOMESCREENURL="./Portal/default.htm"
USERMUSTRESETPASSWORD="TRUE"
PRODUCTLOCALE="en-US"
STUDYLOCALE="en-US"/>


<USER  USERNAME="mvancleeff"
USERTYPE="SITE"
FIRSTNAME="Martin"
LASTNAME="van Cleeff"
DISPLAYNAME="Martin van Cleeff"
COUNTRY="UNITED STATES"
PHONE="19193423447"
ALTPHONE="1"
FAX="1"
EMAIL="mvancleeff@carymedicalgroup.com"
ACTIVESTATE="true"
PASSWORD="aC17nW8I1qcG32307"
BEEPER="1"
USERDATEFORMAT="DAY_MONTH_YEAR"
HOMESCREENURL="./Portal/default.htm"
USERMUSTRESETPASSWORD="TRUE"
PRODUCTLOCALE="en-US"
STUDYLOCALE="en-US"/>


<USER  USERNAME="dsorce"
USERTYPE="SITE"
FIRSTNAME="Damian N"
LASTNAME="Sorce"
DISPLAYNAME="Damian N Sorce"
COUNTRY="UNITED STATES"
PHONE="13036956106"
ALTPHONE="1"
FAX="1"
EMAIL="damian.sorce@gmail.com"
ACTIVESTATE="true"
PASSWORD="aC17nW8I1qcG32307"
BEEPER="1"
USERDATEFORMAT="DAY_MONTH_YEAR"
HOMESCREENURL="./Portal/default.htm"
USERMUSTRESETPASSWORD="TRUE"
PRODUCTLOCALE="en-US"
STUDYLOCALE="en-US"/>


<USER  USERNAME="wsmith"
USERTYPE="SITE"
FIRSTNAME="William"
LASTNAME="Smith"
DISPLAYNAME="William Smith"
COUNTRY="UNITED STATES"
PHONE="18653059100"
ALTPHONE="1"
FAX="1"
EMAIL="wbsmd@noccr.com"
ACTIVESTATE="true"
PASSWORD="uP99aI0n4JwW918076"
BEEPER="1"
USERDATEFORMAT="DAY_MONTH_YEAR"
HOMESCREENURL="./Portal/default.htm"
USERMUSTRESETPASSWORD="TRUE"
PRODUCTLOCALE="en-US"
STUDYLOCALE="en-US"/>


<USER  USERNAME="tallegra"
USERTYPE="SITE"
FIRSTNAME="Tammi"
LASTNAME="Allegra"
DISPLAYNAME="Tammi Allegra"
COUNTRY="UNITED STATES"
PHONE="15167462190"
ALTPHONE="1"
FAX="1"
EMAIL="tallegra@accumedresearch.com"
ACTIVESTATE="true"
PASSWORD="zN67yN8v3CeI744140"
BEEPER="1"
USERDATEFORMAT="DAY_MONTH_YEAR"
HOMESCREENURL="./Portal/default.htm"
USERMUSTRESETPASSWORD="TRUE"
PRODUCTLOCALE="en-US"
STUDYLOCALE="en-US"/>


<USER  USERNAME="C179650"
USERTYPE="SPONSOR"
FIRSTNAME="Amanda"
LASTNAME="Nowell"
DISPLAYNAME="Amanda Nowell"
COUNTRY="UNITED STATES"
PHONE="19199987740"
ALTPHONE="1"
FAX="1"
EMAIL="Amanda.Nowell@Quintiles.com"
ACTIVESTATE="true"
PASSWORD="i31ZV6hh95OpW48774"
BEEPER="1"
USERDATEFORMAT="DAY_MONTH_YEAR"
HOMESCREENURL="./Portal/default.htm"
USERMUSTRESETPASSWORD="TRUE"
PRODUCTLOCALE="en-US"
STUDYLOCALE="en-US"/>


<USER  USERNAME="C179367"
USERTYPE="SPONSOR"
FIRSTNAME="Dessa"
LASTNAME="Patterson"
DISPLAYNAME="Dessa Patterson"
COUNTRY="UNITED STATES"
PHONE="19199987677"
ALTPHONE="1"
FAX="1"
EMAIL="Dessa.Patterson@quintiles.com"
ACTIVESTATE="true"
PASSWORD="xN77Y7hfP37r65I5738"
BEEPER="1"
USERDATEFORMAT="DAY_MONTH_YEAR"
HOMESCREENURL="./Portal/default.htm"
USERMUSTRESETPASSWORD="TRUE"
PRODUCTLOCALE="en-US"
STUDYLOCALE="en-US"/>


<USER  USERNAME="mandreano"
USERTYPE="SITE"
FIRSTNAME="Mary"
LASTNAME="Andreano"
DISPLAYNAME="Mary Andreano"
COUNTRY="UNITED STATES"
PHONE="18569688241"
ALTPHONE="1"
FAX="1"
EMAIL="andreano-mary@cooperhealth.edu"
ACTIVESTATE="true"
PASSWORD="oN64tP50qL6o1J9358"
BEEPER="1"
USERDATEFORMAT="DAY_MONTH_YEAR"
HOMESCREENURL="./Portal/default.htm"
USERMUSTRESETPASSWORD="TRUE"
PRODUCTLOCALE="en-US"
STUDYLOCALE="en-US"/>


<USER  USERNAME="C087748"
USERTYPE="SPONSOR"
FIRSTNAME="Erin"
LASTNAME="Brady"
DISPLAYNAME="Erin Brady"
COUNTRY="UNITED STATES"
PHONE="13173185974"
ALTPHONE="1"
FAX="1"
EMAIL="brady_erin_f@lilly.com"
ACTIVESTATE="true"
PASSWORD="jT5bA4e77Ui32A5904"
BEEPER="1"
USERDATEFORMAT="DAY_MONTH_YEAR"
HOMESCREENURL="./Portal/default.htm"
USERMUSTRESETPASSWORD="TRUE"
PRODUCTLOCALE="en-US"
STUDYLOCALE="en-US"/>


<USER  USERNAME="afox"
USERTYPE="SITE"
FIRSTNAME="Alana"
LASTNAME="Fox"
DISPLAYNAME="Alana Fox"
COUNTRY="UNITED STATES"
PHONE="1704-647-9913"
ALTPHONE="1"
FAX="1"
EMAIL="afox@pmg-research.com"
ACTIVESTATE="true"
PASSWORD="D8juS27iX6rI924346"
BEEPER="1"
USERDATEFORMAT="DAY_MONTH_YEAR"
HOMESCREENURL="./Portal/default.htm"
USERMUSTRESETPASSWORD="TRUE"
PRODUCTLOCALE="en-US"
STUDYLOCALE="en-US"/>


<USER  USERNAME="sbarnhardt"
USERTYPE="SITE"
FIRSTNAME="Stephanie"
LASTNAME="Barnhardt"
DISPLAYNAME="Stephanie Barnhardt"
COUNTRY="UNITED STATES"
PHONE="1704-647-9913"
ALTPHONE="1"
FAX="1"
EMAIL="sbarnhardt@pmg-research.com"
ACTIVESTATE="true"
PASSWORD="dV13d51Td0WcD816172"
BEEPER="1"
USERDATEFORMAT="DAY_MONTH_YEAR"
HOMESCREENURL="./Portal/default.htm"
USERMUSTRESETPASSWORD="TRUE"
PRODUCTLOCALE="en-US"
STUDYLOCALE="en-US"/>


<USER  USERNAME="jellis"
USERTYPE="SITE"
FIRSTNAME="Janette"
LASTNAME="Ellis"
DISPLAYNAME="Janette Ellis"
COUNTRY="UNITED STATES"
PHONE="17603346100"
ALTPHONE="1"
FAX="1"
EMAIL="jmellis@encompassnc.com"
ACTIVESTATE="true"
PASSWORD="w6WnC12i83Mc41I4510"
BEEPER="1"
USERDATEFORMAT="DAY_MONTH_YEAR"
HOMESCREENURL="./Portal/default.htm"
USERMUSTRESETPASSWORD="TRUE"
PRODUCTLOCALE="en-US"
STUDYLOCALE="en-US"/>


<USER  USERNAME="dquigley"
USERTYPE="SITE"
FIRSTNAME="Denise"
LASTNAME="Quigley"
DISPLAYNAME="Denise Quigley"
COUNTRY="UNITED STATES"
PHONE="17603346100"
ALTPHONE="1"
FAX="1"
EMAIL="deniseq@encompassnc.com"
ACTIVESTATE="true"
PASSWORD="cO50gL39n7Eh1V3916"
BEEPER="1"
USERDATEFORMAT="DAY_MONTH_YEAR"
HOMESCREENURL="./Portal/default.htm"
USERMUSTRESETPASSWORD="TRUE"
PRODUCTLOCALE="en-US"
STUDYLOCALE="en-US"/>


<USER  USERNAME="enowell"
USERTYPE="SITE"
FIRSTNAME="Erin"
LASTNAME="Nowell"
DISPLAYNAME="Erin Nowell"
COUNTRY="UNITED STATES"
PHONE="19193423447"
ALTPHONE="1"
FAX="1"
EMAIL="enowell@pmg-research.com"
ACTIVESTATE="true"
PASSWORD="xB32h90Mp93Ws69N947"
BEEPER="1"
USERDATEFORMAT="DAY_MONTH_YEAR"
HOMESCREENURL="./Portal/default.htm"
USERMUSTRESETPASSWORD="TRUE"
PRODUCTLOCALE="en-US"
STUDYLOCALE="en-US"/>


<USER  USERNAME="acooper"
USERTYPE="SITE"
FIRSTNAME="Alison"
LASTNAME="Cooper"
DISPLAYNAME="Alison Cooper"
COUNTRY="UNITED STATES"
PHONE="15123343505"
ALTPHONE="1"
FAX="1"
EMAIL="acooper@texasdiabetes.com"
ACTIVESTATE="true"
PASSWORD="xB32h90Mp93Ws69N947"
BEEPER="1"
USERDATEFORMAT="DAY_MONTH_YEAR"
HOMESCREENURL="./Portal/default.htm"
USERMUSTRESETPASSWORD="TRUE"
PRODUCTLOCALE="en-US"
STUDYLOCALE="en-US"/>


<USER  USERNAME="lahn"
USERTYPE="SITE"
FIRSTNAME="Lily"
LASTNAME="Ahn"
DISPLAYNAME="Lily Ahn"
COUNTRY="UNITED STATES"
PHONE="15123343505"
ALTPHONE="1"
FAX="1"
EMAIL="lahn@texasdiabetes.com"
ACTIVESTATE="true"
PASSWORD="b34EwA77l43OuO0166"
BEEPER="1"
USERDATEFORMAT="DAY_MONTH_YEAR"
HOMESCREENURL="./Portal/default.htm"
USERMUSTRESETPASSWORD="TRUE"
PRODUCTLOCALE="en-US"
STUDYLOCALE="en-US"/>


<USER  USERNAME="z2x8989"
USERTYPE="SPONSOR"
FIRSTNAME="Matthew"
LASTNAME="Shore"
DISPLAYNAME="Matthew Shore"
COUNTRY="UNITED STATES"
PHONE="12675193080"
ALTPHONE="1"
FAX="1"
EMAIL="matthew.shore@quintiles.com"
ACTIVESTATE="true"
PASSWORD="b34EwA77l43OuO0166"
BEEPER="1"
USERDATEFORMAT="DAY_MONTH_YEAR"
HOMESCREENURL="./Portal/default.htm"
USERMUSTRESETPASSWORD="TRUE"
PRODUCTLOCALE="en-US"
STUDYLOCALE="en-US"/>


<USER  USERNAME="z3x0393"
USERTYPE="SPONSOR"
FIRSTNAME="Clint"
LASTNAME="Safarik"
DISPLAYNAME="Clint Safarik"
COUNTRY="UNITED STATES"
PHONE="12087459494"
ALTPHONE="1"
FAX="1"
EMAIL="clint.safarik@quintiles.com"
ACTIVESTATE="true"
PASSWORD="H2mxW8g64BdJ102881"
BEEPER="1"
USERDATEFORMAT="DAY_MONTH_YEAR"
HOMESCREENURL="./Portal/default.htm"
USERMUSTRESETPASSWORD="TRUE"
PRODUCTLOCALE="en-US"
STUDYLOCALE="en-US"/>


<USER  USERNAME="z2x2414"
USERTYPE="SPONSOR"
FIRSTNAME="Nadya"
LASTNAME="Rashkovetskaya"
DISPLAYNAME="Nadya Rashkovetskaya"
COUNTRY="UNITED STATES"
PHONE="15137675584"
ALTPHONE="1"
FAX="1"
EMAIL="Nadya.Rashkovetskaya@quintiles.com"
ACTIVESTATE="true"
PASSWORD="H2mxW8g64BdJ102881"
BEEPER="1"
USERDATEFORMAT="DAY_MONTH_YEAR"
HOMESCREENURL="./Portal/default.htm"
USERMUSTRESETPASSWORD="TRUE"
PRODUCTLOCALE="en-US"
STUDYLOCALE="en-US"/>


<USER  USERNAME="z2x6169"
USERTYPE="SPONSOR"
FIRSTNAME="Kalpesh"
LASTNAME="Patel"
DISPLAYNAME="Kalpesh Patel"
COUNTRY="UNITED STATES"
PHONE="17705690820"
ALTPHONE="1"
FAX="1"
EMAIL="Kalpesh.Patel@Quintiles.com"
ACTIVESTATE="true"
PASSWORD="H2mxW8g64BdJ102881"
BEEPER="1"
USERDATEFORMAT="DAY_MONTH_YEAR"
HOMESCREENURL="./Portal/default.htm"
USERMUSTRESETPASSWORD="TRUE"
PRODUCTLOCALE="en-US"
STUDYLOCALE="en-US"/>


<USER  USERNAME="z1x1792"
USERTYPE="SPONSOR"
FIRSTNAME="Rebecca"
LASTNAME="Mabe"
DISPLAYNAME="Rebecca Mabe"
COUNTRY="UNITED STATES"
PHONE="13369238165"
ALTPHONE="1"
FAX="1"
EMAIL="Rebecca.Mabe@Quintiles.com"
ACTIVESTATE="true"
PASSWORD="H2mxW8g64BdJ102881"
BEEPER="1"
USERDATEFORMAT="DAY_MONTH_YEAR"
HOMESCREENURL="./Portal/default.htm"
USERMUSTRESETPASSWORD="TRUE"
PRODUCTLOCALE="en-US"
STUDYLOCALE="en-US"/>


<USER  USERNAME="z1x9504"
USERTYPE="SPONSOR"
FIRSTNAME="Kristine"
LASTNAME="Hanford"
DISPLAYNAME="Kristine Hanford"
COUNTRY="UNITED STATES"
PHONE="16092769279"
ALTPHONE="1"
FAX="1"
EMAIL="kristine.hanford@quintiles.com"
ACTIVESTATE="true"
PASSWORD="W7xrD3I7sn84Q9757"
BEEPER="1"
USERDATEFORMAT="DAY_MONTH_YEAR"
HOMESCREENURL="./Portal/default.htm"
USERMUSTRESETPASSWORD="TRUE"
PRODUCTLOCALE="en-US"
STUDYLOCALE="en-US"/>


<USER  USERNAME="z2x6038"
USERTYPE="SPONSOR"
FIRSTNAME="Emily"
LASTNAME="Hammatt"
DISPLAYNAME="Emily Hammatt"
COUNTRY="UNITED STATES"
PHONE="19105096017"
ALTPHONE="1"
FAX="1"
EMAIL="Emily.Hammatt@quintiles.com"
ACTIVESTATE="true"
PASSWORD="E6hsZ25L9gdQ72573"
BEEPER="1"
USERDATEFORMAT="DAY_MONTH_YEAR"
HOMESCREENURL="./Portal/default.htm"
USERMUSTRESETPASSWORD="TRUE"
PRODUCTLOCALE="en-US"
STUDYLOCALE="en-US"/>


<USER  USERNAME="z3x0153"
USERTYPE="SPONSOR"
FIRSTNAME="Jennifer"
LASTNAME="Gardino"
DISPLAYNAME="Jennifer Gardino"
COUNTRY="UNITED STATES"
PHONE="13039554306"
ALTPHONE="1"
FAX="1"
EMAIL="Jennifer.gardino@quintiles.com"
ACTIVESTATE="true"
PASSWORD="E6hsZ25L9gdQ72573"
BEEPER="1"
USERDATEFORMAT="DAY_MONTH_YEAR"
HOMESCREENURL="./Portal/default.htm"
USERMUSTRESETPASSWORD="TRUE"
PRODUCTLOCALE="en-US"
STUDYLOCALE="en-US"/>


<USER  USERNAME="z1x2570"
USERTYPE="SPONSOR"
FIRSTNAME="Jackuelynn"
LASTNAME="Christel"
DISPLAYNAME="Jackuelynn Christel"
COUNTRY="UNITED STATES"
PHONE="12532222268"
ALTPHONE="1"
FAX="1"
EMAIL="jackuelynn.christel@quintiles.com"
ACTIVESTATE="true"
PASSWORD="E6hsZ25L9gdQ72573"
BEEPER="1"
USERDATEFORMAT="DAY_MONTH_YEAR"
HOMESCREENURL="./Portal/default.htm"
USERMUSTRESETPASSWORD="TRUE"
PRODUCTLOCALE="en-US"
STUDYLOCALE="en-US"/>


<USER  USERNAME="z2x6670"
USERTYPE="SPONSOR"
FIRSTNAME="Angelica"
LASTNAME="Becaria"
DISPLAYNAME="Angelica Becaria"
COUNTRY="UNITED STATES"
PHONE="17602958779"
ALTPHONE="1"
FAX="1"
EMAIL="Angelica.Becaria@quintiles.com"
ACTIVESTATE="true"
PASSWORD="E6hsZ25L9gdQ72573"
BEEPER="1"
USERDATEFORMAT="DAY_MONTH_YEAR"
HOMESCREENURL="./Portal/default.htm"
USERMUSTRESETPASSWORD="TRUE"
PRODUCTLOCALE="en-US"
STUDYLOCALE="en-US"/>


<USER  USERNAME="z1x1800"
USERTYPE="SPONSOR"
FIRSTNAME="Linda"
LASTNAME="Baker Ashton"
DISPLAYNAME="Linda Baker Ashton"
COUNTRY="UNITED STATES"
PHONE="14104379136"
ALTPHONE="1"
FAX="1"
EMAIL="Linda.Baker-Ashton@Quintiles.com"
ACTIVESTATE="true"
PASSWORD="tQ2oX6fE27mH568394"
BEEPER="1"
USERDATEFORMAT="DAY_MONTH_YEAR"
HOMESCREENURL="./Portal/default.htm"
USERMUSTRESETPASSWORD="TRUE"
PRODUCTLOCALE="en-US"
STUDYLOCALE="en-US"/>


<USER  USERNAME="wschmied"
USERTYPE="SITE"
FIRSTNAME="William"
LASTNAME="Schmied"
DISPLAYNAME="William Schmied"
COUNTRY="UNITED STATES"
PHONE="18122823899"
ALTPHONE="1"
FAX="1"
EMAIL="wschmied@1sturology.com"
ACTIVESTATE="true"
PASSWORD="q45Rp8OlK77x29T6095"
BEEPER="1"
USERDATEFORMAT="DAY_MONTH_YEAR"
HOMESCREENURL="./Portal/default.htm"
USERMUSTRESETPASSWORD="TRUE"
PRODUCTLOCALE="en-US"
STUDYLOCALE="en-US"/>


<USER  USERNAME="kdziadziola"
USERTYPE="SITE"
FIRSTNAME="Karen"
LASTNAME="Dziadziola"
DISPLAYNAME="Karen Dziadziola"
COUNTRY="UNITED STATES"
PHONE="17047862931"
ALTPHONE="1"
FAX="1"
EMAIL="kdziadziola@carolinaclinicaltrials.com"
ACTIVESTATE="true"
PASSWORD="q45Rp8OlK77x29T6095"
BEEPER="1"
USERDATEFORMAT="DAY_MONTH_YEAR"
HOMESCREENURL="./Portal/default.htm"
USERMUSTRESETPASSWORD="TRUE"
PRODUCTLOCALE="en-US"
STUDYLOCALE="en-US"/>


<USER  USERNAME="chance"
USERTYPE="SITE"
FIRSTNAME="Courtney"
LASTNAME="Hance"
DISPLAYNAME="Courtney Hance"
COUNTRY="UNITED STATES"
PHONE="15123343505"
ALTPHONE="1"
FAX="1"
EMAIL="chance@texasdiabetes.com"
ACTIVESTATE="true"
PASSWORD="q45Rp8OlK77x29T6095"
BEEPER="1"
USERDATEFORMAT="DAY_MONTH_YEAR"
HOMESCREENURL="./Portal/default.htm"
USERMUSTRESETPASSWORD="TRUE"
PRODUCTLOCALE="en-US"
STUDYLOCALE="en-US"/>


<USER  USERNAME="tdotson"
USERTYPE="SITE"
FIRSTNAME="Tasha"
LASTNAME="Dotson"
DISPLAYNAME="Tasha Dotson"
COUNTRY="UNITED STATES"
PHONE="18122068161"
ALTPHONE="1"
FAX="1"
EMAIL="tdotson@1sturology.com"
ACTIVESTATE="true"
PASSWORD="q45Rp8OlK77x29T6095"
BEEPER="1"
USERDATEFORMAT="DAY_MONTH_YEAR"
HOMESCREENURL="./Portal/default.htm"
USERMUSTRESETPASSWORD="TRUE"
PRODUCTLOCALE="en-US"
STUDYLOCALE="en-US"/>


<USER  USERNAME="btessena"
USERTYPE="SITE"
FIRSTNAME="Boryana"
LASTNAME="Tessena"
DISPLAYNAME="Boryana Tessena"
COUNTRY="UNITED STATES"
PHONE="19193423447"
ALTPHONE="1"
FAX="1"
EMAIL="btessena@pmg-research.com"
ACTIVESTATE="true"
PASSWORD="oZ53bB43sZ3cY53126"
BEEPER="1"
USERDATEFORMAT="DAY_MONTH_YEAR"
HOMESCREENURL="./Portal/default.htm"
USERMUSTRESETPASSWORD="TRUE"
PRODUCTLOCALE="en-US"
STUDYLOCALE="en-US"/>


<USER  USERNAME="ejewett"
USERTYPE="SITE"
FIRSTNAME="Emily"
LASTNAME="Jewett"
DISPLAYNAME="Emily Jewett"
COUNTRY="UNITED STATES"
PHONE="17204578362"
ALTPHONE="1"
FAX="1"
EMAIL="ejewett@advancedgu.com"
ACTIVESTATE="true"
PASSWORD="oZ53bB43sZ3cY53126"
BEEPER="1"
USERDATEFORMAT="DAY_MONTH_YEAR"
HOMESCREENURL="./Portal/default.htm"
USERMUSTRESETPASSWORD="TRUE"
PRODUCTLOCALE="en-US"
STUDYLOCALE="en-US"/>


<USER  USERNAME="cjohnson"
USERTYPE="SITE"
FIRSTNAME="Carol"
LASTNAME="Johnson"
DISPLAYNAME="Carol Johnson"
COUNTRY="UNITED STATES"
PHONE="18653059100"
ALTPHONE="1"
FAX="1"
EMAIL="cjohnson@noccr.com"
ACTIVESTATE="true"
PASSWORD="oZ53bB43sZ3cY53126"
BEEPER="1"
USERDATEFORMAT="DAY_MONTH_YEAR"
HOMESCREENURL="./Portal/default.htm"
USERMUSTRESETPASSWORD="TRUE"
PRODUCTLOCALE="en-US"
STUDYLOCALE="en-US"/>


<USER  USERNAME="taldrich"
USERTYPE="SITE"
FIRSTNAME="Tamara"
LASTNAME="Aldrich"
DISPLAYNAME="Tamara Aldrich"
COUNTRY="UNITED STATES"
PHONE="18124925079"
ALTPHONE="1"
FAX="1"
EMAIL="tamara.aldrich@deaconess.com"
ACTIVESTATE="true"
PASSWORD="oZ53bB43sZ3cY53126"
BEEPER="1"
USERDATEFORMAT="DAY_MONTH_YEAR"
HOMESCREENURL="./Portal/default.htm"
USERMUSTRESETPASSWORD="TRUE"
PRODUCTLOCALE="en-US"
STUDYLOCALE="en-US"/>


<USER  USERNAME="kdouglas"
USERTYPE="SITE"
FIRSTNAME="Kirsten"
LASTNAME="Douglas"
DISPLAYNAME="Kirsten Douglas"
COUNTRY="UNITED STATES"
PHONE="14062558491"
ALTPHONE="1"
FAX="1"
EMAIL="kdouglas@billingsclinic.org"
ACTIVESTATE="true"
PASSWORD="vU11hA4O5phY83918"
BEEPER="1"
USERDATEFORMAT="DAY_MONTH_YEAR"
HOMESCREENURL="./Portal/default.htm"
USERMUSTRESETPASSWORD="TRUE"
PRODUCTLOCALE="en-US"
STUDYLOCALE="en-US"/>


<USER  USERNAME="dschmidt"
USERTYPE="SITE"
FIRSTNAME="Denise"
LASTNAME="Schmidt"
DISPLAYNAME="Denise Schmidt"
COUNTRY="UNITED STATES"
PHONE="18569687047"
ALTPHONE="1"
FAX="1"
EMAIL="schmidt-denise@cooperhealth.edu"
ACTIVESTATE="true"
PASSWORD="vU11hA4O5phY83918"
BEEPER="1"
USERDATEFORMAT="DAY_MONTH_YEAR"
HOMESCREENURL="./Portal/default.htm"
USERMUSTRESETPASSWORD="TRUE"
PRODUCTLOCALE="en-US"
STUDYLOCALE="en-US"/>


<USER  USERNAME="khulsey"
USERTYPE="SITE"
FIRSTNAME="Kassie"
LASTNAME="Hulsey"
DISPLAYNAME="Kassie Hulsey"
COUNTRY="UNITED STATES"
PHONE="17705345154"
ALTPHONE="1"
FAX="1"
EMAIL="khulsey@uochs.org"
ACTIVESTATE="true"
PASSWORD="vU11hA4O5phY83918"
BEEPER="1"
USERDATEFORMAT="DAY_MONTH_YEAR"
HOMESCREENURL="./Portal/default.htm"
USERMUSTRESETPASSWORD="TRUE"
PRODUCTLOCALE="en-US"
STUDYLOCALE="en-US"/>


<USER  USERNAME="kjohnson"
USERTYPE="SITE"
FIRSTNAME="Kelly"
LASTNAME="Johnson"
DISPLAYNAME="Kelly Johnson"
COUNTRY="UNITED STATES"
PHONE="17705345154"
ALTPHONE="1"
FAX="1"
EMAIL="kjohnson@uochs.org"
ACTIVESTATE="true"
PASSWORD="jI93gM63l97FwL11679"
BEEPER="1"
USERDATEFORMAT="DAY_MONTH_YEAR"
HOMESCREENURL="./Portal/default.htm"
USERMUSTRESETPASSWORD="TRUE"
PRODUCTLOCALE="en-US"
STUDYLOCALE="en-US"/>


<USER  USERNAME="squigley"
USERTYPE="SITE"
FIRSTNAME="Shannon"
LASTNAME="Quigley"
DISPLAYNAME="Shannon Quigley"
COUNTRY="UNITED STATES"
PHONE="17603346100"
ALTPHONE="1"
FAX="1"
EMAIL="shannonq@encompassnc.com"
ACTIVESTATE="true"
PASSWORD="jI93gM63l97FwL11679"
BEEPER="1"
USERDATEFORMAT="DAY_MONTH_YEAR"
HOMESCREENURL="./Portal/default.htm"
USERMUSTRESETPASSWORD="TRUE"
PRODUCTLOCALE="en-US"
STUDYLOCALE="en-US"/>


<USER  USERNAME="lgroce"
USERTYPE="SITE"
FIRSTNAME="Lindsay"
LASTNAME="Groce"
DISPLAYNAME="Lindsay Groce"
COUNTRY="UNITED STATES"
PHONE="15123343505"
ALTPHONE="1"
FAX="1"
EMAIL="lgroce@texasdiabetes.com"
ACTIVESTATE="true"
PASSWORD="jI93gM63l97FwL11679"
BEEPER="1"
USERDATEFORMAT="DAY_MONTH_YEAR"
HOMESCREENURL="./Portal/default.htm"
USERMUSTRESETPASSWORD="TRUE"
PRODUCTLOCALE="en-US"
STUDYLOCALE="en-US"/>


<USER  USERNAME="ojohnson"
USERTYPE="SITE"
FIRSTNAME="Olivia"
LASTNAME="Johnson"
DISPLAYNAME="Olivia Johnson"
COUNTRY="UNITED STATES"
PHONE="15124588400"
ALTPHONE="1"
FAX="1"
EMAIL="ojohnson@texasdiabetes.com"
ACTIVESTATE="true"
PASSWORD="jI93gM63l97FwL11679"
BEEPER="1"
USERDATEFORMAT="DAY_MONTH_YEAR"
HOMESCREENURL="./Portal/default.htm"
USERMUSTRESETPASSWORD="TRUE"
PRODUCTLOCALE="en-US"
STUDYLOCALE="en-US"/>


<USER  USERNAME="psanchezemery"
USERTYPE="SITE"
FIRSTNAME="Patti"
LASTNAME="Sanchez-Emery"
DISPLAYNAME="Patti Sanchez-Emery"
COUNTRY="UNITED STATES"
PHONE="16192996500"
ALTPHONE="1"
FAX="1"
EMAIL="patti@sdur.com"
ACTIVESTATE="true"
PASSWORD="z2LgZ5s71HX2v7078"
BEEPER="1"
USERDATEFORMAT="DAY_MONTH_YEAR"
HOMESCREENURL="./Portal/default.htm"
USERMUSTRESETPASSWORD="TRUE"
PRODUCTLOCALE="en-US"
STUDYLOCALE="en-US"/>


<USER  USERNAME="mgoodrich"
USERTYPE="SITE"
FIRSTNAME="Melissa"
LASTNAME="Goodrich"
DISPLAYNAME="Melissa Goodrich"
COUNTRY="UNITED STATES"
PHONE="14026145083"
ALTPHONE="1"
FAX="1"
EMAIL="mgoodrich@crastudies.com"
ACTIVESTATE="true"
PASSWORD="z2LgZ5s71HX2v7078"
BEEPER="1"
USERDATEFORMAT="DAY_MONTH_YEAR"
HOMESCREENURL="./Portal/default.htm"
USERMUSTRESETPASSWORD="TRUE"
PRODUCTLOCALE="en-US"
STUDYLOCALE="en-US"/>


<USER  USERNAME="jmitchell"
USERTYPE="SITE"
FIRSTNAME="Jan"
LASTNAME="Mitchell"
DISPLAYNAME="Jan Mitchell"
COUNTRY="UNITED STATES"
PHONE="14026145083"
ALTPHONE="1"
FAX="1"
EMAIL="jmitchell@crastudies.com"
ACTIVESTATE="true"
PASSWORD="z2LgZ5s71HX2v7078"
BEEPER="1"
USERDATEFORMAT="DAY_MONTH_YEAR"
HOMESCREENURL="./Portal/default.htm"
USERMUSTRESETPASSWORD="TRUE"
PRODUCTLOCALE="en-US"
STUDYLOCALE="en-US"/>


<USER  USERNAME="jbridges"
USERTYPE="SITE"
FIRSTNAME="Jennie"
LASTNAME="Bridges"
DISPLAYNAME="Jennie Bridges"
COUNTRY="UNITED STATES"
PHONE="17047862931"
ALTPHONE="1"
FAX="1"
EMAIL="jbridges@carolinaclinicaltrials.com"
ACTIVESTATE="true"
PASSWORD="z2LgZ5s71HX2v7078"
BEEPER="1"
USERDATEFORMAT="DAY_MONTH_YEAR"
HOMESCREENURL="./Portal/default.htm"
USERMUSTRESETPASSWORD="TRUE"
PRODUCTLOCALE="en-US"
STUDYLOCALE="en-US"/>


<USER  USERNAME="kterry"
USERTYPE="SITE"
FIRSTNAME="Kristen"
LASTNAME="Terry"
DISPLAYNAME="Kristen Terry"
COUNTRY="UNITED STATES"
PHONE="16018131345"
ALTPHONE="1"
FAX="1"
EMAIL="kterrycta@yahoo.com"
ACTIVESTATE="true"
PASSWORD="kY1gU56Y8acP972532"
BEEPER="1"
USERDATEFORMAT="DAY_MONTH_YEAR"
HOMESCREENURL="./Portal/default.htm"
USERMUSTRESETPASSWORD="TRUE"
PRODUCTLOCALE="en-US"
STUDYLOCALE="en-US"/>


<USER  USERNAME="mocallaghan"
USERTYPE="SITE"
FIRSTNAME="Mairah"
LASTNAME="OCallaghan"
DISPLAYNAME="Mairah OCallaghan"
COUNTRY="UNITED STATES"
PHONE="12068604761"
ALTPHONE="1"
FAX="1"
EMAIL="mairah.ocallaghan@polyclinic.com"
ACTIVESTATE="true"
PASSWORD="kY1gU56Y8acP972532"
BEEPER="1"
USERDATEFORMAT="DAY_MONTH_YEAR"
HOMESCREENURL="./Portal/default.htm"
USERMUSTRESETPASSWORD="TRUE"
PRODUCTLOCALE="en-US"
STUDYLOCALE="en-US"/>


<USER  USERNAME="jelwell"
USERTYPE="SITE"
FIRSTNAME="Jill"
LASTNAME="Elwell"
DISPLAYNAME="Jill Elwell"
COUNTRY="UNITED STATES"
PHONE="12068604761"
ALTPHONE="1"
FAX="1"
EMAIL="jill.elwell@polyclinic.com"
ACTIVESTATE="true"
PASSWORD="kY1gU56Y8acP972532"
BEEPER="1"
USERDATEFORMAT="DAY_MONTH_YEAR"
HOMESCREENURL="./Portal/default.htm"
USERMUSTRESETPASSWORD="TRUE"
PRODUCTLOCALE="en-US"
STUDYLOCALE="en-US"/>


<USER  USERNAME="lcrespi"
USERTYPE="SITE"
FIRSTNAME="Lisa"
LASTNAME="Crespi"
DISPLAYNAME="Lisa Crespi"
COUNTRY="UNITED STATES"
PHONE="18454375009"
ALTPHONE="1"
FAX="1"
EMAIL="lcrespi@premiermedicalhv.com"
ACTIVESTATE="true"
PASSWORD="kY1gU56Y8acP972532"
BEEPER="1"
USERDATEFORMAT="DAY_MONTH_YEAR"
HOMESCREENURL="./Portal/default.htm"
USERMUSTRESETPASSWORD="TRUE"
PRODUCTLOCALE="en-US"
STUDYLOCALE="en-US"/>


<USER  USERNAME="klavignesecord"
USERTYPE="SITE"
FIRSTNAME="Kimberly"
LASTNAME="LaVigne-Secord"
DISPLAYNAME="Kimberly LaVigne-Secord"
COUNTRY="UNITED STATES"
PHONE="18454375009"
ALTPHONE="1"
FAX="1"
EMAIL="ksecord@premiermedicalhv.com"
ACTIVESTATE="true"
PASSWORD="uL84bB91e87ClL296770"
BEEPER="1"
USERDATEFORMAT="DAY_MONTH_YEAR"
HOMESCREENURL="./Portal/default.htm"
USERMUSTRESETPASSWORD="TRUE"
PRODUCTLOCALE="en-US"
STUDYLOCALE="en-US"/>


<USER  USERNAME="psiami"
USERTYPE="SITE"
FIRSTNAME="Paul"
LASTNAME="Siami"
DISPLAYNAME="Paul Siami"
COUNTRY="UNITED STATES"
PHONE="18124269576"
ALTPHONE="1"
FAX="1"
EMAIL="research.paul.siami@deaconness.com"
ACTIVESTATE="true"
PASSWORD="uP99aI0n4JwW918076"
BEEPER="1"
USERDATEFORMAT="DAY_MONTH_YEAR"
HOMESCREENURL="./Portal/default.htm"
USERMUSTRESETPASSWORD="TRUE"
PRODUCTLOCALE="en-US"
STUDYLOCALE="en-US"/>


<USER  USERNAME="lsevera"
USERTYPE="SITE"
FIRSTNAME="Larry"
LASTNAME="Severa"
DISPLAYNAME="Larry Severa"
COUNTRY="UNITED STATES"
PHONE="14062558470"
ALTPHONE="1"
FAX="1"
EMAIL="lsevera@billingsclinic.org"
ACTIVESTATE="true"
PASSWORD="uP99aI0n4JwW918076"
BEEPER="1"
USERDATEFORMAT="DAY_MONTH_YEAR"
HOMESCREENURL="./Portal/default.htm"
USERMUSTRESETPASSWORD="TRUE"
PRODUCTLOCALE="en-US"
STUDYLOCALE="en-US"/>


<USER  USERNAME="aseftel"
USERTYPE="SITE"
FIRSTNAME="Allen"
LASTNAME="Seftel"
DISPLAYNAME="Allen Seftel"
COUNTRY="UNITED STATES"
PHONE="18569633577"
ALTPHONE="1"
FAX="1"
EMAIL="seftel-allen@cooperhealth.edu"
ACTIVESTATE="true"
PASSWORD="e5KbV40yX41g18X1899"
BEEPER="1"
USERDATEFORMAT="DAY_MONTH_YEAR"
HOMESCREENURL="./Portal/default.htm"
USERMUSTRESETPASSWORD="TRUE"
PRODUCTLOCALE="en-US"
STUDYLOCALE="en-US"/>


<USER  USERNAME="crecknor"
USERTYPE="SITE"
FIRSTNAME="Christopher"
LASTNAME="Recknor"
DISPLAYNAME="Christopher Recknor"
COUNTRY="UNITED STATES"
PHONE="17705345154"
ALTPHONE="1"
FAX="1"
EMAIL="crecknor@uochs.org"
ACTIVESTATE="true"
PASSWORD="e5KbV40yX41g18X1899"
BEEPER="1"
USERDATEFORMAT="DAY_MONTH_YEAR"
HOMESCREENURL="./Portal/default.htm"
USERMUSTRESETPASSWORD="TRUE"
PRODUCTLOCALE="en-US"
STUDYLOCALE="en-US"/>


<USER  USERNAME="jquigley"
USERTYPE="SITE"
FIRSTNAME="James"
LASTNAME="Quigley"
DISPLAYNAME="James Quigley"
COUNTRY="UNITED STATES"
PHONE="17603346100"
ALTPHONE="1"
FAX="1"
EMAIL="jfquigley@encompassnc.com"
ACTIVESTATE="true"
PASSWORD="e5KbV40yX41g18X1899"
BEEPER="1"
USERDATEFORMAT="DAY_MONTH_YEAR"
HOMESCREENURL="./Portal/default.htm"
USERMUSTRESETPASSWORD="TRUE"
PRODUCTLOCALE="en-US"
STUDYLOCALE="en-US"/>


<USER  USERNAME="kozer"
USERTYPE="SITE"
FIRSTNAME="Kerem"
LASTNAME="Ozer"
DISPLAYNAME="Kerem Ozer"
COUNTRY="UNITED STATES"
PHONE="15124588400"
ALTPHONE="1"
FAX="1"
EMAIL="kozer@texasdiabetes.com"
ACTIVESTATE="true"
PASSWORD="z0Eh2UiK21hN967779"
BEEPER="1"
USERDATEFORMAT="DAY_MONTH_YEAR"
HOMESCREENURL="./Portal/default.htm"
USERMUSTRESETPASSWORD="TRUE"
PRODUCTLOCALE="en-US"
STUDYLOCALE="en-US"/>


<USER  USERNAME="wmoseley"
USERTYPE="SITE"
FIRSTNAME="William"
LASTNAME="Moseley"
DISPLAYNAME="William Moseley"
COUNTRY="UNITED STATES"
PHONE="16192996500"
ALTPHONE="1"
FAX="1"
EMAIL="wgmoseley@sdur.com"
ACTIVESTATE="true"
PASSWORD="z0Eh2UiK21hN967779"
BEEPER="1"
USERDATEFORMAT="DAY_MONTH_YEAR"
HOMESCREENURL="./Portal/default.htm"
USERMUSTRESETPASSWORD="TRUE"
PRODUCTLOCALE="en-US"
STUDYLOCALE="en-US"/>


<USER  USERNAME="emontanez"
USERTYPE="SITE"
FIRSTNAME="Edward"
LASTNAME="Montanez"
DISPLAYNAME="Edward Montanez"
COUNTRY="UNITED STATES"
PHONE="14026145083"
ALTPHONE="1"
FAX="1"
EMAIL="emontanez@crastudies.com"
ACTIVESTATE="true"
PASSWORD="z0Eh2UiK21hN967779"
BEEPER="1"
USERDATEFORMAT="DAY_MONTH_YEAR"
HOMESCREENURL="./Portal/default.htm"
USERMUSTRESETPASSWORD="TRUE"
PRODUCTLOCALE="en-US"
STUDYLOCALE="en-US"/>


<USER  USERNAME="rclark"
USERTYPE="SITE"
FIRSTNAME="Randil"
LASTNAME="Clark"
DISPLAYNAME="Randil Clark"
COUNTRY="UNITED STATES"
PHONE="12086670621"
ALTPHONE="1"
FAX="1"
EMAIL="rclark@niurology.com"
ACTIVESTATE="true"
PASSWORD="o8EU1kj78MT0i1376"
BEEPER="1"
USERDATEFORMAT="DAY_MONTH_YEAR"
HOMESCREENURL="./Portal/default.htm"
USERMUSTRESETPASSWORD="TRUE"
PRODUCTLOCALE="en-US"
STUDYLOCALE="en-US"/>


<USER  USERNAME="gbrunk"
USERTYPE="SITE"
FIRSTNAME="Glen"
LASTNAME="Brunk"
DISPLAYNAME="Glen Brunk"
COUNTRY="UNITED STATES"
PHONE="13178931513"
ALTPHONE="1"
FAX="1"
EMAIL="gbrunk@urologyin.com"
ACTIVESTATE="true"
PASSWORD="o8EU1kj78MT0i1376"
BEEPER="1"
USERDATEFORMAT="DAY_MONTH_YEAR"
HOMESCREENURL="./Portal/default.htm"
USERMUSTRESETPASSWORD="TRUE"
PRODUCTLOCALE="en-US"
STUDYLOCALE="en-US"/>


<USER  USERNAME="tblevins"
USERTYPE="SITE"
FIRSTNAME="Thomas"
LASTNAME="Blevins"
DISPLAYNAME="Thomas Blevins"
COUNTRY="UNITED STATES"
PHONE="15123343505"
ALTPHONE="1"
FAX="1"
EMAIL="blevins@texasdiabetes.com"
ACTIVESTATE="true"
PASSWORD="o8EU1kj78MT0i1376"
BEEPER="1"
USERDATEFORMAT="DAY_MONTH_YEAR"
HOMESCREENURL="./Portal/default.htm"
USERMUSTRESETPASSWORD="TRUE"
PRODUCTLOCALE="en-US"
STUDYLOCALE="en-US"/>


<USER  USERNAME="jbailen"
USERTYPE="SITE"
FIRSTNAME="James"
LASTNAME="Bailen"
DISPLAYNAME="James Bailen"
COUNTRY="UNITED STATES"
PHONE="18122823899"
ALTPHONE="1"
FAX="1"
EMAIL="jbailen@1sturology.com"
ACTIVESTATE="true"
PASSWORD="Y3gS1tz16Up1U3783"
BEEPER="1"
USERDATEFORMAT="DAY_MONTH_YEAR"
HOMESCREENURL="./Portal/default.htm"
USERMUSTRESETPASSWORD="TRUE"
PRODUCTLOCALE="en-US"
STUDYLOCALE="en-US"/>


<USER  USERNAME="z2x3957"
USERTYPE="SPONSOR"
FIRSTNAME="Robert"
LASTNAME="Cagle"
DISPLAYNAME="Robert Cagle"
COUNTRY="UNITED STATES"
PHONE="13365742440"
ALTPHONE="1"
FAX="1"
EMAIL="Robert.Cagle@Quintiles.com"
ACTIVESTATE="true"
PASSWORD="Y3gS1tz16Up1U3783"
BEEPER="1"
USERDATEFORMAT="DAY_MONTH_YEAR"
HOMESCREENURL="./Portal/default.htm"
USERMUSTRESETPASSWORD="TRUE"
PRODUCTLOCALE="en-US"
STUDYLOCALE="en-US"/>


<USER  USERNAME="Z1X2575"
USERTYPE="SPONSOR"
FIRSTNAME="Sherry"
LASTNAME="Hayward"
DISPLAYNAME="Sherry Hayward"
COUNTRY="UNITED STATES"
PHONE="19103997976"
ALTPHONE="1"
FAX="1"
EMAIL="Sherry.Hayward@quintiles.com"
ACTIVESTATE="true"
PASSWORD="Y3gS1tz16Up1U3783"
BEEPER="1"
USERDATEFORMAT="DAY_MONTH_YEAR"
HOMESCREENURL="./Portal/default.htm"
USERMUSTRESETPASSWORD="TRUE"
PRODUCTLOCALE="en-US"
STUDYLOCALE="en-US"/>


<USER  USERNAME="Z3X3125"
USERTYPE="SPONSOR"
FIRSTNAME="Shawn"
LASTNAME="Smekal"
DISPLAYNAME="Shawn Smekal"
COUNTRY="UNITED STATES"
PHONE="19194253099"
ALTPHONE="1"
FAX="1"
EMAIL="Shawn.Smekal@quintiles.com"
ACTIVESTATE="true"
PASSWORD="mB8n82PvJ4Z9j6498"
BEEPER="1"
USERDATEFORMAT="DAY_MONTH_YEAR"
HOMESCREENURL="./Portal/default.htm"
USERMUSTRESETPASSWORD="TRUE"
PRODUCTLOCALE="en-US"
STUDYLOCALE="en-US"/>


<USER  USERNAME="z1x0368"
USERTYPE="SPONSOR"
FIRSTNAME="Tim"
LASTNAME="Brewer"
DISPLAYNAME="Tim Brewer"
COUNTRY="UNITED STATES"
PHONE="12537592161"
ALTPHONE="1"
FAX="1"
EMAIL="Tim.Brewer@quintiles.com"
ACTIVESTATE="true"
PASSWORD="sN10X5je40VG1h356"
BEEPER="1"
USERDATEFORMAT="DAY_MONTH_YEAR"
HOMESCREENURL="./Portal/default.htm"
USERMUSTRESETPASSWORD="TRUE"
PRODUCTLOCALE="en-US"
STUDYLOCALE="en-US"/>


<USER  USERNAME="v0x1656"
USERTYPE="SPONSOR"
FIRSTNAME="Richie"
LASTNAME="Escobal"
DISPLAYNAME="Richie Escobal"
COUNTRY="UNITED STATES"
PHONE="16196611450"
ALTPHONE="1"
FAX="1"
EMAIL="richie.escobal@inventivhealth.com"
ACTIVESTATE="true"
PASSWORD="q2JrW77nV9sT145307"
BEEPER="1"
USERDATEFORMAT="DAY_MONTH_YEAR"
HOMESCREENURL="./Portal/default.htm"
USERMUSTRESETPASSWORD="TRUE"
PRODUCTLOCALE="en-US"
STUDYLOCALE="en-US"/>


<USER  USERNAME="rm84102"
USERTYPE="SPONSOR"
FIRSTNAME="Tommy"
LASTNAME="Luk"
DISPLAYNAME="Tommy Luk"
COUNTRY="UNITED STATES"
PHONE="13172766339"
ALTPHONE="1"
FAX="1"
EMAIL="luk_tommy_t@lilly.com"
ACTIVESTATE="true"
PASSWORD="t33UqB8sP4R0b488"
BEEPER="1"
USERDATEFORMAT="DAY_MONTH_YEAR"
HOMESCREENURL="./Portal/default.htm"
USERMUSTRESETPASSWORD="TRUE"
PRODUCTLOCALE="en-US"
STUDYLOCALE="en-US"/>


<USER  USERNAME="c015393"
USERTYPE="SPONSOR"
FIRSTNAME="Markay"
LASTNAME="Burkhart"
DISPLAYNAME="Markay Burkhart"
COUNTRY="UNITED STATES"
PHONE="13176519028"
ALTPHONE="1"
FAX="1"
EMAIL="burkhart_markay_l@lilly.com"
ACTIVESTATE="true"
PASSWORD="t33UqB8sP4R0b488"
BEEPER="1"
USERDATEFORMAT="DAY_MONTH_YEAR"
HOMESCREENURL="./Portal/default.htm"
USERMUSTRESETPASSWORD="TRUE"
PRODUCTLOCALE="en-US"
STUDYLOCALE="en-US"/>


<USER  USERNAME="c171729"
USERTYPE="SPONSOR"
FIRSTNAME="Steve"
LASTNAME="Boesing"
DISPLAYNAME="Steve Boesing"
COUNTRY="UNITED STATES"
PHONE="13174760037"
ALTPHONE="1"
FAX="1"
EMAIL="boesing_stephen@lilly.com"
ACTIVESTATE="true"
PASSWORD="t33UqB8sP4R0b488"
BEEPER="1"
USERDATEFORMAT="DAY_MONTH_YEAR"
HOMESCREENURL="./Portal/default.htm"
USERMUSTRESETPASSWORD="TRUE"
PRODUCTLOCALE="en-US"
STUDYLOCALE="en-US"/>


<USER  USERNAME="cw86168"
USERTYPE="SPONSOR"
FIRSTNAME="Stephanie"
LASTNAME="Henderson"
DISPLAYNAME="Stephanie Henderson"
COUNTRY="UNITED STATES"
PHONE="13172249882"
ALTPHONE="1"
FAX="1"
EMAIL="henderson_stephanie@lilly.com"
ACTIVESTATE="true"
PASSWORD="lV06l30Er1FyK47484"
BEEPER="1"
USERDATEFORMAT="DAY_MONTH_YEAR"
HOMESCREENURL="./Portal/default.htm"
USERMUSTRESETPASSWORD="TRUE"
PRODUCTLOCALE="en-US"
STUDYLOCALE="en-US"/>


<USER  USERNAME="co55624"
USERTYPE="SPONSOR"
FIRSTNAME="Xiao"
LASTNAME="Ni"
DISPLAYNAME="Xiao Ni"
COUNTRY="UNITED STATES"
PHONE="13176516823"
ALTPHONE="1"
FAX="1"
EMAIL="ni_xiao@lilly.com"
ACTIVESTATE="true"
PASSWORD="lV06l30Er1FyK47484"
BEEPER="1"
USERDATEFORMAT="DAY_MONTH_YEAR"
HOMESCREENURL="./Portal/default.htm"
USERMUSTRESETPASSWORD="TRUE"
PRODUCTLOCALE="en-US"
STUDYLOCALE="en-US"/>


<USER  USERNAME="c039853"
USERTYPE="SPONSOR"
FIRSTNAME="Teresa"
LASTNAME="Hogan"
DISPLAYNAME="Teresa Hogan"
COUNTRY="UNITED STATES"
PHONE="13176552174"
ALTPHONE="1"
FAX="1"
EMAIL="hogan_teresa_l@lilly.com"
ACTIVESTATE="true"
PASSWORD="lV06l30Er1FyK47484"
BEEPER="1"
USERDATEFORMAT="DAY_MONTH_YEAR"
HOMESCREENURL="./Portal/default.htm"
USERMUSTRESETPASSWORD="TRUE"
PRODUCTLOCALE="en-US"
STUDYLOCALE="en-US"/>


<USER  USERNAME="c074090"
USERTYPE="SPONSOR"
FIRSTNAME="Dorothy"
LASTNAME="Jackson"
DISPLAYNAME="Dorothy Jackson"
COUNTRY="UNITED STATES"
PHONE="13172773392"
ALTPHONE="1"
FAX="1"
EMAIL="jackson_dorothy@lilly.com"
ACTIVESTATE="true"
PASSWORD="lV06l30Er1FyK47484"
BEEPER="1"
USERDATEFORMAT="DAY_MONTH_YEAR"
HOMESCREENURL="./Portal/default.htm"
USERMUSTRESETPASSWORD="TRUE"
PRODUCTLOCALE="en-US"
STUDYLOCALE="en-US"/>


<USER  USERNAME="z1x1702"
USERTYPE="SPONSOR"
FIRSTNAME="Tiffany"
LASTNAME="Poulton"
DISPLAYNAME="Tiffany Poulton"
COUNTRY="UNITED STATES"
PHONE="18.18576e+009"
ALTPHONE="1"
FAX="1"
EMAIL="tiffany.poulton@quintiles.com"
ACTIVESTATE="true"
PASSWORD="hJ1sY17O2giL71742"
BEEPER="1"
USERDATEFORMAT="DAY_MONTH_YEAR"
HOMESCREENURL="./Portal/default.htm"
USERMUSTRESETPASSWORD="TRUE"
PRODUCTLOCALE="en-US"
STUDYLOCALE="en-US"/>


<USER  USERNAME="z1x1824"
USERTYPE="SPONSOR"
FIRSTNAME="Peggy"
LASTNAME="Muffley"
DISPLAYNAME="Peggy Muffley"
COUNTRY="UNITED STATES"
PHONE="17.16663e+009"
ALTPHONE="1"
FAX="1"
EMAIL="Peggy.Muffley@Quintiles.com"
ACTIVESTATE="true"
PASSWORD="hJ1sY17O2giL71742"
BEEPER="1"
USERDATEFORMAT="DAY_MONTH_YEAR"
HOMESCREENURL="./Portal/default.htm"
USERMUSTRESETPASSWORD="TRUE"
PRODUCTLOCALE="en-US"
STUDYLOCALE="en-US"/>


<USER  USERNAME="z1x1789"
USERTYPE="SPONSOR"
FIRSTNAME="Donna"
LASTNAME="Mosser"
DISPLAYNAME="Donna Mosser"
COUNTRY="UNITED STATES"
PHONE="18.03426e+009"
ALTPHONE="1"
FAX="1"
EMAIL="Donna.Mosser@Quintiles.com"
ACTIVESTATE="true"
PASSWORD="xF7rU11nT7zZ58904"
BEEPER="1"
USERDATEFORMAT="DAY_MONTH_YEAR"
HOMESCREENURL="./Portal/default.htm"
USERMUSTRESETPASSWORD="TRUE"
PRODUCTLOCALE="en-US"
STUDYLOCALE="en-US"/>


<USER  USERNAME="z2x6253"
USERTYPE="SPONSOR"
FIRSTNAME="Dawnelle"
LASTNAME="Moore"
DISPLAYNAME="Dawnelle Moore"
COUNTRY="UNITED STATES"
PHONE="17575314840"
ALTPHONE="1"
FAX="1"
EMAIL="dawnelle.moore@quintiles.com"
ACTIVESTATE="true"
PASSWORD="xF7rU11nT7zZ58904"
BEEPER="1"
USERDATEFORMAT="DAY_MONTH_YEAR"
HOMESCREENURL="./Portal/default.htm"
USERMUSTRESETPASSWORD="TRUE"
PRODUCTLOCALE="en-US"
STUDYLOCALE="en-US"/>


<USER  USERNAME="z2x4979"
USERTYPE="SPONSOR"
FIRSTNAME="Kristine"
LASTNAME="Mayberry"
DISPLAYNAME="Kristine Mayberry"
COUNTRY="UNITED STATES"
PHONE="19193030733"
ALTPHONE="1"
FAX="1"
EMAIL="kristine.mayberry@quintiles.com"
ACTIVESTATE="true"
PASSWORD="xF7rU11nT7zZ58904"
BEEPER="1"
USERDATEFORMAT="DAY_MONTH_YEAR"
HOMESCREENURL="./Portal/default.htm"
USERMUSTRESETPASSWORD="TRUE"
PRODUCTLOCALE="en-US"
STUDYLOCALE="en-US"/>


<USER  USERNAME="z1x1795"
USERTYPE="SPONSOR"
FIRSTNAME="Nancy"
LASTNAME="Lewandowski"
DISPLAYNAME="Nancy Lewandowski"
COUNTRY="UNITED STATES"
PHONE="16.03627e+009"
ALTPHONE="1"
FAX="1"
EMAIL="nancy.lewandowski@quintiles.com"
ACTIVESTATE="true"
PASSWORD="cS5O1znS9oM185881"
BEEPER="1"
USERDATEFORMAT="DAY_MONTH_YEAR"
HOMESCREENURL="./Portal/default.htm"
USERMUSTRESETPASSWORD="TRUE"
PRODUCTLOCALE="en-US"
STUDYLOCALE="en-US"/>


<USER  USERNAME="z1x1896"
USERTYPE="SPONSOR"
FIRSTNAME="Erica"
LASTNAME="Kubea"
DISPLAYNAME="Erica Kubea"
COUNTRY="UNITED STATES"
PHONE="17.65292e+009"
ALTPHONE="1"
FAX="1"
EMAIL="erica.kubea@quintiles.com"
ACTIVESTATE="true"
PASSWORD="cS5O1znS9oM185881"
BEEPER="1"
USERDATEFORMAT="DAY_MONTH_YEAR"
HOMESCREENURL="./Portal/default.htm"
USERMUSTRESETPASSWORD="TRUE"
PRODUCTLOCALE="en-US"
STUDYLOCALE="en-US"/>


<USER  USERNAME="z1x1804"
USERTYPE="SPONSOR"
FIRSTNAME="Sherry"
LASTNAME="Cragoe"
DISPLAYNAME="Sherry Cragoe"
COUNTRY="UNITED STATES"
PHONE="15.07357e+009"
ALTPHONE="1"
FAX="1"
EMAIL="sherry.cragoe@quintiles.com"
ACTIVESTATE="true"
PASSWORD="cS5O1znS9oM185881"
BEEPER="1"
USERDATEFORMAT="DAY_MONTH_YEAR"
HOMESCREENURL="./Portal/default.htm"
USERMUSTRESETPASSWORD="TRUE"
PRODUCTLOCALE="en-US"
STUDYLOCALE="en-US"/>


<USER  USERNAME="z1x2000"
USERTYPE="SPONSOR"
FIRSTNAME="Earl"
LASTNAME="Cook"
DISPLAYNAME="Earl Cook"
COUNTRY="UNITED STATES"
PHONE="19726680754"
ALTPHONE="1"
FAX="1"
EMAIL="Earl.Cook@quintiles.com"
ACTIVESTATE="true"
PASSWORD="cS5O1znS9oM185881"
BEEPER="1"
USERDATEFORMAT="DAY_MONTH_YEAR"
HOMESCREENURL="./Portal/default.htm"
USERMUSTRESETPASSWORD="TRUE"
PRODUCTLOCALE="en-US"
STUDYLOCALE="en-US"/>


<USER  USERNAME="z2x7248"
USERTYPE="SPONSOR"
FIRSTNAME="Shaleea"
LASTNAME="Bond"
DISPLAYNAME="Shaleea Bond"
COUNTRY="UNITED STATES"
PHONE="19.19998e+009"
ALTPHONE="1"
FAX="1"
EMAIL="shaleea.bond@quintiles.com"
ACTIVESTATE="true"
PASSWORD="mB8n82PvJ4Z9j6498"
BEEPER="1"
USERDATEFORMAT="DAY_MONTH_YEAR"
HOMESCREENURL="./Portal/default.htm"
USERMUSTRESETPASSWORD="TRUE"
PRODUCTLOCALE="en-US"
STUDYLOCALE="en-US"/>


<USER  USERNAME="z2x7035"
USERTYPE="SPONSOR"
FIRSTNAME="Meghan"
LASTNAME="MacDonald"
DISPLAYNAME="Meghan MacDonald"
COUNTRY="UNITED STATES"
PHONE="19199982704"
ALTPHONE="1"
FAX="1"
EMAIL="meghan.macdonald@quintiles.com"
ACTIVESTATE="true"
PASSWORD="mB8n82PvJ4Z9j6498"
BEEPER="1"
USERDATEFORMAT="DAY_MONTH_YEAR"
HOMESCREENURL="./Portal/default.htm"
USERMUSTRESETPASSWORD="TRUE"
PRODUCTLOCALE="en-US"
STUDYLOCALE="en-US"/>


<USER  USERNAME="z2x9963"
USERTYPE="SPONSOR"
FIRSTNAME="Lauren"
LASTNAME="Hicks"
DISPLAYNAME="Lauren Hicks"
COUNTRY="UNITED STATES"
PHONE="19199981766"
ALTPHONE="1"
FAX="1"
EMAIL="lauren.hicks@quintiles.com"
ACTIVESTATE="true"
PASSWORD="mB8n82PvJ4Z9j6498"
BEEPER="1"
USERDATEFORMAT="DAY_MONTH_YEAR"
HOMESCREENURL="./Portal/default.htm"
USERMUSTRESETPASSWORD="TRUE"
PRODUCTLOCALE="en-US"
STUDYLOCALE="en-US"/>


<USER  USERNAME="z3x1758"
USERTYPE="SPONSOR"
FIRSTNAME="Keaton"
LASTNAME="Hanselman"
DISPLAYNAME="Keaton Hanselman"
COUNTRY="UNITED STATES"
PHONE="19199982841"
ALTPHONE="1"
FAX="1"
EMAIL="keaton.hanselman@quintiles.com"
ACTIVESTATE="true"
PASSWORD="iO6Q2ddI6iJ53475"
BEEPER="1"
USERDATEFORMAT="DAY_MONTH_YEAR"
HOMESCREENURL="./Portal/default.htm"
USERMUSTRESETPASSWORD="TRUE"
PRODUCTLOCALE="en-US"
STUDYLOCALE="en-US"/>


<USER  USERNAME="z2x1279"
USERTYPE="SPONSOR"
FIRSTNAME="Katie"
LASTNAME="Keinath"
DISPLAYNAME="Katie Keinath"
COUNTRY="UNITED STATES"
PHONE="19105096019"
ALTPHONE="1"
FAX="1"
EMAIL="Katie.Keinath@quintiles.com"
ACTIVESTATE="true"
PASSWORD="iO6Q2ddI6iJ53475"
BEEPER="1"
USERDATEFORMAT="DAY_MONTH_YEAR"
HOMESCREENURL="./Portal/default.htm"
USERMUSTRESETPASSWORD="TRUE"
PRODUCTLOCALE="en-US"
STUDYLOCALE="en-US"/>


<USER  USERNAME="z3x0688"
USERTYPE="SPONSOR"
FIRSTNAME="Jacob"
LASTNAME="King"
DISPLAYNAME="Jacob King"
COUNTRY="UNITED STATES"
PHONE="19199981860"
ALTPHONE="1"
FAX="1"
EMAIL="jacob.king@quintiles.com"
ACTIVESTATE="true"
PASSWORD="iO6Q2ddI6iJ53475"
BEEPER="1"
USERDATEFORMAT="DAY_MONTH_YEAR"
HOMESCREENURL="./Portal/default.htm"
USERMUSTRESETPASSWORD="TRUE"
PRODUCTLOCALE="en-US"
STUDYLOCALE="en-US"/>


<USER  USERNAME="z3x1326"
USERTYPE="SPONSOR"
FIRSTNAME="Ashley"
LASTNAME="Morgan"
DISPLAYNAME="Ashley Morgan"
COUNTRY="UNITED STATES"
PHONE="19199981700"
ALTPHONE="1"
FAX="1"
EMAIL="ashley.morgan@quintiles.com"
ACTIVESTATE="true"
PASSWORD="iO6Q2ddI6iJ53475"
BEEPER="1"
USERDATEFORMAT="DAY_MONTH_YEAR"
HOMESCREENURL="./Portal/default.htm"
USERMUSTRESETPASSWORD="TRUE"
PRODUCTLOCALE="en-US"
STUDYLOCALE="en-US"/>


<USER  USERNAME="z1x1972"
USERTYPE="SPONSOR"
FIRSTNAME="Angela"
LASTNAME="Minn"
DISPLAYNAME="Angela Minn"
COUNTRY="UNITED STATES"
PHONE="19108210239"
ALTPHONE="1"
FAX="1"
EMAIL="Angela.Minn@quintiles.com"
ACTIVESTATE="true"
PASSWORD="hJ1sY17O2giL71742"
BEEPER="1"
USERDATEFORMAT="DAY_MONTH_YEAR"
HOMESCREENURL="./Portal/default.htm"
USERMUSTRESETPASSWORD="TRUE"
PRODUCTLOCALE="en-US"
STUDYLOCALE="en-US"/>


<USER  USERNAME="z1x1981"
USERTYPE="SPONSOR"
FIRSTNAME="Amanda"
LASTNAME="Roepke"
DISPLAYNAME="Amanda Roepke"
COUNTRY="UNITED STATES"
PHONE="191051+009"
ALTPHONE="1"
FAX="1"
EMAIL="Amanda.Roepke@quintiles.com"
ACTIVESTATE="true"
PASSWORD="hJ1sY17O2giL71742"
BEEPER="1"
USERDATEFORMAT="DAY_MONTH_YEAR"
HOMESCREENURL="./Portal/default.htm"
USERMUSTRESETPASSWORD="TRUE"
PRODUCTLOCALE="en-US"
STUDYLOCALE="en-US"/>


<USER  USERNAME="c068502"
USERTYPE="SPONSOR"
FIRSTNAME="Jennifer"
LASTNAME="Huston"
DISPLAYNAME="Jennifer Huston"
COUNTRY="UNITED STATES"
PHONE="13176511465"
ALTPHONE="1"
FAX="1"
EMAIL="jhuston@lilly.com"
ACTIVESTATE="true"
PASSWORD="yA46vY4dL6V7u796"
BEEPER="1"
USERDATEFORMAT="DAY_MONTH_YEAR"
HOMESCREENURL="./Portal/default.htm"
USERMUSTRESETPASSWORD="TRUE"
PRODUCTLOCALE="en-US"
STUDYLOCALE="en-US"/>


<USER  USERNAME="rm89018"
USERTYPE="SPONSOR"
FIRSTNAME="Rolanda"
LASTNAME="Brooks"
DISPLAYNAME="Rolanda Brooks"
COUNTRY="UNITED STATES"
PHONE="13172767757"
ALTPHONE="1"
FAX="1"
EMAIL="brooks_rolanda_n@lilly.com"
ACTIVESTATE="true"
PASSWORD="iE83u10Jb23Ag9J7980"
BEEPER="1"
USERDATEFORMAT="DAY_MONTH_YEAR"
HOMESCREENURL="./Portal/default.htm"
USERMUSTRESETPASSWORD="TRUE"
PRODUCTLOCALE="en-US"
STUDYLOCALE="en-US"/>


<USER  USERNAME="c021984"
USERTYPE="SPONSOR"
FIRSTNAME="Kira"
LASTNAME="Miles"
DISPLAYNAME="Kira Miles"
COUNTRY="UNITED STATES"
PHONE="13172772189"
ALTPHONE="1"
FAX="1"
EMAIL="miles_kira_d@lilly.com"
ACTIVESTATE="true"
PASSWORD="iE83u10Jb23Ag9J7980"
BEEPER="1"
USERDATEFORMAT="DAY_MONTH_YEAR"
HOMESCREENURL="./Portal/default.htm"
USERMUSTRESETPASSWORD="TRUE"
PRODUCTLOCALE="en-US"
STUDYLOCALE="en-US"/>


<USER  USERNAME="v6x8058"
USERTYPE="SPONSOR"
FIRSTNAME="Heidi"
LASTNAME="Gertiser"
DISPLAYNAME="Heidi Gertiser"
COUNTRY="UNITED STATES"
PHONE="13174009372"
ALTPHONE="1"
FAX="1"
EMAIL="gertiser_heidi@network.lilly.com"
ACTIVESTATE="true"
PASSWORD="iE83u10Jb23Ag9J7980"
BEEPER="1"
USERDATEFORMAT="DAY_MONTH_YEAR"
HOMESCREENURL="./Portal/default.htm"
USERMUSTRESETPASSWORD="TRUE"
PRODUCTLOCALE="en-US"
STUDYLOCALE="en-US"/>


<USER  USERNAME="c090108"
USERTYPE="SPONSOR"
FIRSTNAME="Kraig"
LASTNAME="Hodson"
DISPLAYNAME="Kraig Hodson"
COUNTRY="UNITED STATES"
PHONE="13175026743"
ALTPHONE="1"
FAX="1"
EMAIL="hodson_kraig_e@lilly.com"
ACTIVESTATE="true"
PASSWORD="iE83u10Jb23Ag9J7980"
BEEPER="1"
USERDATEFORMAT="DAY_MONTH_YEAR"
HOMESCREENURL="./Portal/default.htm"
USERMUSTRESETPASSWORD="TRUE"
PRODUCTLOCALE="en-US"
STUDYLOCALE="en-US"/>


<USER  USERNAME="rm90029"
USERTYPE="SPONSOR"
FIRSTNAME="Kathy"
LASTNAME="Britton"
DISPLAYNAME="Kathy Britton"
COUNTRY="UNITED STATES"
PHONE="13172773370"
ALTPHONE="1"
FAX="1"
EMAIL="britton_kathy@lilly.com"
ACTIVESTATE="true"
PASSWORD="wR1zV88z28SdJ81104"
BEEPER="1"
USERDATEFORMAT="DAY_MONTH_YEAR"
HOMESCREENURL="./Portal/default.htm"
USERMUSTRESETPASSWORD="TRUE"
PRODUCTLOCALE="en-US"
STUDYLOCALE="en-US"/>


<USER  USERNAME="c131994"
USERTYPE="SPONSOR"
FIRSTNAME="Jane"
LASTNAME="Njoroge"
DISPLAYNAME="Jane Njoroge"
COUNTRY="UNITED STATES"
PHONE="13172768638"
ALTPHONE="1"
FAX="1"
EMAIL="njoroge_jane_n@lilly.com"
ACTIVESTATE="true"
PASSWORD="rI7vS5dD91d1C1412"
BEEPER="1"
USERDATEFORMAT="DAY_MONTH_YEAR"
HOMESCREENURL="./Portal/default.htm"
USERMUSTRESETPASSWORD="TRUE"
PRODUCTLOCALE="en-US"
STUDYLOCALE="en-US"/>


<USER  USERNAME="c089548"
USERTYPE="SPONSOR"
FIRSTNAME="Doug"
LASTNAME="Roepke"
DISPLAYNAME="Doug Roepke"
COUNTRY="UNITED STATES"
PHONE="13172767364"
ALTPHONE="1"
FAX="1"
EMAIL="roepke_douglas_andrew@lilly.com"
ACTIVESTATE="true"
PASSWORD="rI7vS5dD91d1C1412"
BEEPER="1"
USERDATEFORMAT="DAY_MONTH_YEAR"
HOMESCREENURL="./Portal/default.htm"
USERMUSTRESETPASSWORD="TRUE"
PRODUCTLOCALE="en-US"
STUDYLOCALE="en-US"/>


<USER  USERNAME="c143125"
USERTYPE="SPONSOR"
FIRSTNAME="Brian"
LASTNAME="Dillman"
DISPLAYNAME="Brian Dillman"
COUNTRY="UNITED STATES"
PHONE="13174984635"
ALTPHONE="1"
FAX="1"
EMAIL="dillman_brian@lilly.com"
ACTIVESTATE="true"
PASSWORD="rI7vS5dD91d1C1412"
BEEPER="1"
USERDATEFORMAT="DAY_MONTH_YEAR"
HOMESCREENURL="./Portal/default.htm"
USERMUSTRESETPASSWORD="TRUE"
PRODUCTLOCALE="en-US"
STUDYLOCALE="en-US"/>


</MEDMLDATA>