<?xml version="1.0"?>
<MEDMLDATA xmlns="PhaseForward-MedML-Inform4">


<RIGHTSGROUP  GROUPNAME="Coding Query Rights Group">
<!-- Insert Users -->
<USERREF USERNAME="coder_query"/>

</RIGHTSGROUP>

<RIGHTSGROUP  GROUPNAME="Data Manager">
<!-- Insert Users -->
<USERREF USERNAME="z1x1726"/>
<USERREF USERNAME="z2x4478"/>
<USERREF USERNAME="z3x0912"/>
<USERREF USERNAME="rm84102"/>
<USERREF USERNAME="z2x7767"/>
<USERREF USERNAME="z1x9044"/>
<USERREF USERNAME="v0x1656"/>
<USERREF USERNAME="cw86168"/>

</RIGHTSGROUP>

<RIGHTSGROUP  GROUPNAME="GPS">
<!-- Insert Users -->
<USERREF USERNAME="si90079"/>
<USERREF USERNAME="c021984"/>
<USERREF USERNAME="c131994"/>
<USERREF USERNAME="rm90029"/>
<USERREF USERNAME="c090108"/>
<USERREF USERNAME="v6x8058"/>
<USERREF USERNAME="rm89018"/>
<USERREF USERNAME="c015393"/>
<USERREF USERNAME="c039853"/>
<USERREF USERNAME="c074090"/>
<USERREF USERNAME="c068502"/>

</RIGHTSGROUP>

<RIGHTSGROUP  GROUPNAME="Monitor">
<!-- Insert Users -->
<USERREF USERNAME="z1x1800"/>
<USERREF USERNAME="z3x0153"/>
<USERREF USERNAME="z2x6038"/>
<USERREF USERNAME="z1x2570"/>
<USERREF USERNAME="z2x6670"/>
<USERREF USERNAME="z1x9504"/>
<USERREF USERNAME="z2x6169"/>
<USERREF USERNAME="z2x8989"/>
<USERREF USERNAME="z3x0393"/>
<USERREF USERNAME="z2x2414"/>
<USERREF USERNAME="z1x1792"/>

</RIGHTSGROUP>

<RIGHTSGROUP  GROUPNAME="Monitor Manager">
<!-- Insert Users -->
<USERREF USERNAME="z1x0368"/>
<USERREF USERNAME="z1x2000"/>
<USERREF USERNAME="z1x1896"/>
<USERREF USERNAME="z2x4979"/>
<USERREF USERNAME="z1x1789"/>
<USERREF USERNAME="z1x1702"/>
<USERREF USERNAME="z2x3957"/>
<USERREF USERNAME="C087748"/>
<USERREF USERNAME="z1x1824"/>
<USERREF USERNAME="z2x6253"/>
<USERREF USERNAME="z1x1795"/>
<USERREF USERNAME="z1x1804"/>

</RIGHTSGROUP>

<RIGHTSGROUP  GROUPNAME="PI">
<!-- Insert Users -->
<USERREF USERNAME="jbailen"/>
<USERREF USERNAME="mvancleeff"/>
<USERREF USERNAME="wschmied"/>
<USERREF USERNAME="wsmith"/>
<USERREF USERNAME="tblevins"/>
<USERREF USERNAME="skelehan"/>
<USERREF USERNAME="emontanez"/>
<USERREF USERNAME="mdominguez"/>

</RIGHTSGROUP>

<RIGHTSGROUP  GROUPNAME="PI Sign Only">
<!-- Insert Users -->
<USERREF USERNAME="gbrunk"/>
<USERREF USERNAME="lsevera"/>
<USERREF USERNAME="aseftel"/>
<USERREF USERNAME="crecknor"/>
<USERREF USERNAME="jquigley"/>
<USERREF USERNAME="kozer"/>
<USERREF USERNAME="wmoseley"/>
<USERREF USERNAME="wfitzgibbons"/>
<USERREF USERNAME="dlipsitz"/>
<USERREF USERNAME="kgross"/>
<USERREF USERNAME="dsorce"/>
<USERREF USERNAME="psiami"/>
<USERREF USERNAME="rclark"/>
<USERREF USERNAME="wcline"/>
<USERREF USERNAME="mefros"/>
<USERREF USERNAME="egoldfischer"/>
<USERREF USERNAME="selsaharty"/>

</RIGHTSGROUP>

<RIGHTSGROUP  GROUPNAME="Report Extractor">
<!-- Insert Users -->
<USERREF USERNAME="i5eustscb_RE"/>

</RIGHTSGROUP>

<RIGHTSGROUP  GROUPNAME="SC">
<!-- Insert Users -->
<USERREF USERNAME="djohnson"/>
<USERREF USERNAME="ppatterson"/>
<USERREF USERNAME="mwilson"/>
<USERREF USERNAME="tprater"/>
<USERREF USERNAME="lcrespi"/>
<USERREF USERNAME="mocallaghan"/>
<USERREF USERNAME="jbridges"/>
<USERREF USERNAME="mgoodrich"/>
<USERREF USERNAME="tallegra"/>
<USERREF USERNAME="mandreano"/>
<USERREF USERNAME="afox"/>
<USERREF USERNAME="sbarnhardt"/>
<USERREF USERNAME="jellis"/>
<USERREF USERNAME="dquigley"/>
<USERREF USERNAME="enowell"/>
<USERREF USERNAME="acooper"/>
<USERREF USERNAME="lahn"/>
<USERREF USERNAME="taldrich"/>
<USERREF USERNAME="kdouglas"/>
<USERREF USERNAME="dschmidt"/>
<USERREF USERNAME="khulsey"/>
<USERREF USERNAME="kjohnson"/>
<USERREF USERNAME="squigley"/>
<USERREF USERNAME="lgroce"/>
<USERREF USERNAME="ojohnson"/>
<USERREF USERNAME="psanchezemery"/>
<USERREF USERNAME="kdziadziola"/>
<USERREF USERNAME="chance"/>
<USERREF USERNAME="tdotson"/>
<USERREF USERNAME="btessena"/>
<USERREF USERNAME="ejewett"/>
<USERREF USERNAME="cjohnson"/>
<USERREF USERNAME="jmitchell"/>
<USERREF USERNAME="kterry"/>
<USERREF USERNAME="jelwell"/>
<USERREF USERNAME="klavignesecord"/>
<USERREF USERNAME="lcossu"/>
<USERREF USERNAME="mwilliamson"/>

</RIGHTSGROUP>

<RIGHTSGROUP  GROUPNAME="Study Manager">
<!-- Insert Users -->
<USERREF USERNAME="c171729"/>

</RIGHTSGROUP>

<RIGHTSGROUP  GROUPNAME="User Activator RG">
<!-- Insert Users -->
<USERREF USERNAME="ZPFpmazur"/>
<USERREF USERNAME="ZPFsdamato"/>
<USERREF USERNAME="ZPFfvarga"/>
<USERREF USERNAME="ZPFrjankowska"/>
<USERREF USERNAME="ZPFtshirahata"/>
<USERREF USERNAME="ZPFjamorin"/>
<USERREF USERNAME="ZPFpfarkas"/>
<USERREF USERNAME="ZPFlstoica"/>
<USERREF USERNAME="ZPFhsekine"/>
<USERREF USERNAME="ZPFwcarmelo"/>
<USERREF USERNAME="ZPFmjcabuhayan"/>
<USERREF USERNAME="ZPFdarnold"/>
<USERREF USERNAME="ZPFpmiranda"/>
<USERREF USERNAME="ZPFelibao"/>
<USERREF USERNAME="ZPFmyao"/>
<USERREF USERNAME="ZPFvsoni"/>
<USERREF USERNAME="ZPFdnagy"/>
<USERREF USERNAME="ZPFoion"/>
<USERREF USERNAME="ZPFasekhon"/>
<USERREF USERNAME="ZPFbszabo"/>
<USERREF USERNAME="ZPFonemeth"/>
<USERREF USERNAME="ZPFahavasi"/>
<USERREF USERNAME="ZPFmiwaki"/>

</RIGHTSGROUP>

<RIGHTSGROUP  GROUPNAME="User Manager RG">
<!-- Insert Users -->
<USERREF USERNAME="ZPFkmedjoubi"/>
<USERREF USERNAME="ZPFasalazar"/>
<USERREF USERNAME="ZPFijohl"/>
<USERREF USERNAME="ZPFaszottfried"/>
<USERREF USERNAME="ZPFdalvarado"/>
<USERREF USERNAME="ZPFnvergara"/>
<USERREF USERNAME="ZPFtcabanes"/>
<USERREF USERNAME="ZPFmgarcia"/>
<USERREF USERNAME="ZPFjpati"/>
<USERREF USERNAME="ZPFhmasuda"/>
<USERREF USERNAME="ZPFcmercado"/>
<USERREF USERNAME="ZPFplaszlo"/>
<USERREF USERNAME="ZPFrsulit"/>
<USERREF USERNAME="ZPFnabogado"/>
<USERREF USERNAME="ZPFjcalbento"/>
<USERREF USERNAME="ZPFmsantos"/>
<USERREF USERNAME="ZPFjrivera"/>
<USERREF USERNAME="ZPFdhitosis"/>
<USERREF USERNAME="ZPFgalarcon"/>
<USERREF USERNAME="ZPFdcleto"/>
<USERREF USERNAME="ZPFnqi"/>
<USERREF USERNAME="ZPFrraffai"/>
<USERREF USERNAME="ZPFzvecsei"/>
<USERREF USERNAME="ZPFvsimon"/>
<USERREF USERNAME="ZPFapervaiz"/>
<USERREF USERNAME="ZPFjmasanga"/>
<USERREF USERNAME="ZPFdweakley"/>
<USERREF USERNAME="ZPFmduran"/>
<USERREF USERNAME="ZPFawarsama"/>
<USERREF USERNAME="ZPFpkakuk"/>
<USERREF USERNAME="ZPFaohtsuka"/>
<USERREF USERNAME="ZPFmogawa"/>
<USERREF USERNAME="ZPFahussain"/>
<USERREF USERNAME="ZPFhhayashi"/>

</RIGHTSGROUP>

<RIGHTSGROUP  GROUPNAME="VO">
<!-- Insert Users -->
<USERREF USERNAME="co55624"/>
<USERREF USERNAME="c089548"/>
<USERREF USERNAME="z1x1981"/>
<USERREF USERNAME="z3x1326"/>
<USERREF USERNAME="z2x1279"/>
<USERREF USERNAME="z2x9963"/>
<USERREF USERNAME="z2x7248"/>
<USERREF USERNAME="Z1X2575"/>
<USERREF USERNAME="C179650"/>
<USERREF USERNAME="C179367"/>
<USERREF USERNAME="Z3X3125"/>
<USERREF USERNAME="z2x7035"/>
<USERREF USERNAME="z3x1758"/>
<USERREF USERNAME="z3x0688"/>
<USERREF USERNAME="z1x1972"/>
<USERREF USERNAME="c143125"/>
<USERREF USERNAME="c100415"/>

</RIGHTSGROUP>

</MEDMLDATA>