<?xml version="1.0"?>
<MEDMLDATA xmlns="PhaseForward-MedML-Inform4">

<ITEMGROUP 
GROUPNAME="Data_Manager_ReadOnly"
GROUPDESCRIPTION="Items that are hidden by design and should be viewable to Data Manager.">
 <!-- Insert ItemRef Names -->
<ITEMREF REFNAME="AECAT_AE3001_F1"/>
<ITEMREF REFNAME="AECAT_AE3001_F2"/>
<ITEMREF REFNAME="AELLTCD_AE3001_F1"/>
<ITEMREF REFNAME="AEDECOD_AE3001_F1"/>
<ITEMREF REFNAME="AELLT_AE3001_F1"/>
<ITEMREF REFNAME="CMCAT_CM1F1"/>
<ITEMREF REFNAME="CMCLAS_CM1F1"/>
<ITEMREF REFNAME="CMCLASCD_CM1F1"/>
<ITEMREF REFNAME="CMDECOD_CM1F1"/>
<ITEMREF REFNAME="DACAT_DA1F1"/>
<ITEMREF REFNAME="CMTRT_MAP_CM4F1"/>
<ITEMREF REFNAME="CMTRT_MAP_CM1F1"/>
<ITEMREF REFNAME="CMSCAT_CM4F1"/>
<ITEMREF REFNAME="CMSCAT_CM1F1"/>
<ITEMREF REFNAME="CMPRESP_CM4F1"/>
<ITEMREF REFNAME="CMPREFNM_CM4F1"/>
<ITEMREF REFNAME="CMPREFNM_CM1F1"/>
<ITEMREF REFNAME="CMDECOD_CM4F1"/>
<ITEMREF REFNAME="LBCAT_LB9F2"/>
<ITEMREF REFNAME="LBCAT_LB9F1"/>
<ITEMREF REFNAME="DSSCAT_DS1F4"/>
<ITEMREF REFNAME="DSSCAT_DS1F3"/>
<ITEMREF REFNAME="DSSCAT_DS1F2"/>
<ITEMREF REFNAME="DSSCAT_DS1F1"/>
<ITEMREF REFNAME="DSCAT_2_DS2F1"/>
<ITEMREF REFNAME="DSCAT_1_DS1F4"/>
<ITEMREF REFNAME="DSCAT_1_DS1F3"/>
<ITEMREF REFNAME="MHTERM_MAP_MH7001_F1"/>
<ITEMREF REFNAME="MHLLTCD_MHPRESP1F1"/>
<ITEMREF REFNAME="MHLLTCD_MH7001_F1"/>
<ITEMREF REFNAME="MHLLT_MH7001_F1"/>
<ITEMREF REFNAME="MHDECOD_MH7001_F1"/>
<ITEMREF REFNAME="MHCAT_MH7001_F1"/>
<ITEMREF REFNAME="MHCAT_4_MHPRESP1F1"/>
<ITEMREF REFNAME="LBTEST_GLS_LB9F4"/>
<ITEMREF REFNAME="LBTEST_GLS_LB9F3"/>
<ITEMREF REFNAME="DSSCAT_IC_DS2F1"/>
<ITEMREF REFNAME="VSCAT_VS1F1"/>
<ITEMREF REFNAME="TRTTERMCD_CM4F1"/>
<ITEMREF REFNAME="TRTTERMCD_CM1F1"/>
<ITEMREF REFNAME="PGISCND_PGIS2F2"/>
<ITEMREF REFNAME="PGISCND_PGIS2F1"/>
<ITEMREF REFNAME="PGIICND_PGII2F2"/>
<ITEMREF REFNAME="PGIICND_PGII2F1"/>
<ITEMREF REFNAME="MHTERM_MHPRESP1F1"/>
<ITEMREF REFNAME="LBTEST_GLS_LB9F2"/>
<ITEMREF REFNAME="LBTEST_GLS_LB9F1"/>
<ITEMREF REFNAME="LBOCC_LB9F4"/>
<ITEMREF REFNAME="LBOCC_LB9F3"/>
<ITEMREF REFNAME="LBOCC_LB9F2"/>
<ITEMREF REFNAME="LBOCC_LB9F1"/>
<ITEMREF REFNAME="LBCAT_LB9F4"/>
<ITEMREF REFNAME="LBCAT_LB9F3"/>
<ITEMREF REFNAME="DSCAT_1_DS1F2"/>
<ITEMREF REFNAME="DSCAT_1_DS1F1"/>
<ITEMREF REFNAME="DICT_DICTVER_MH7001_F1"/>
<ITEMREF REFNAME="DICT_DICTVER_CM4F1"/>
<ITEMREF REFNAME="DICT_DICTVER_CM1F1"/>
<ITEMREF REFNAME="DICT_DICTVER_AE3001_F1"/>
<ITEMREF REFNAME="DACAT_DA1F3"/>
<ITEMREF REFNAME="DACAT_DA1F2"/>
<ITEMREF REFNAME="CMCLASCD_CM4F1"/>
<ITEMREF REFNAME="CMCLAS_CM4F1"/>
<ITEMREF REFNAME="CMCAT_CM4F1"/>
<ITEMREF REFNAME="AETERM_MAP_AE3001_F1"/>

</ITEMGROUP>

<ITEMGROUP 
GROUPNAME="nonData_Manager_ReadOnly"
GROUPDESCRIPTION="Items are Data_Manager editable, and Read-only for all other groups except Adjudicator and Central Grp.  For the Groups Adjudicator and Central Grp, it will be a Hidden Item.">
 <!-- Insert ItemRef Names -->
<ITEMREF REFNAME="CDQATRIG"/>
<ITEMREF REFNAME="CDQ_CDQA"/>
<ITEMREF REFNAME="VISDATMD_SV1001_F1"/>

</ITEMGROUP>

</MEDMLDATA>