<?xml version="1.0"?>
<MEDMLDATA xmlns="PhaseForward-MedML-Inform4">

<SITEGROUP SITENAME="(160) AccuMed Research Associates">
<USERREF USERNAME="i5eustscb_RE"/>
<USERREF USERNAME="coder_query"/>
<USERREF USERNAME="z1x1726"/>
<USERREF USERNAME="z3x0912"/>
<USERREF USERNAME="rm84102"/>
<USERREF USERNAME="c171729"/>
<USERREF USERNAME="co55624"/>
<USERREF USERNAME="c074090"/>
<USERREF USERNAME="rm89018"/>
<USERREF USERNAME="z1x0368"/>
<USERREF USERNAME="c100415"/>
<USERREF USERNAME="c143125"/>
<USERREF USERNAME="c089548"/>
<USERREF USERNAME="c131994"/>
<USERREF USERNAME="rm90029"/>
<USERREF USERNAME="c090108"/>
<USERREF USERNAME="v6x8058"/>
<USERREF USERNAME="c021984"/>
<USERREF USERNAME="z1x1702"/>
<USERREF USERNAME="z1x1824"/>
<USERREF USERNAME="z1x1789"/>
<USERREF USERNAME="z2x6253"/>
<USERREF USERNAME="z2x4979"/>
<USERREF USERNAME="z1x1795"/>
<USERREF USERNAME="z1x1896"/>
<USERREF USERNAME="z1x1804"/>
<USERREF USERNAME="z1x2000"/>
<USERREF USERNAME="z2x7248"/>
<USERREF USERNAME="z2x7035"/>
<USERREF USERNAME="z2x9963"/>
<USERREF USERNAME="z3x1758"/>
<USERREF USERNAME="z2x1279"/>
<USERREF USERNAME="z3x0688"/>
<USERREF USERNAME="z3x1326"/>
<USERREF USERNAME="z1x1972"/>
<USERREF USERNAME="z1x1981"/>
<USERREF USERNAME="tallegra"/>
<USERREF USERNAME="C179650"/>
<USERREF USERNAME="C179367"/>
<USERREF USERNAME="z2x7767"/>
<USERREF USERNAME="z1x9044"/>
<USERREF USERNAME="C087748"/>
<USERREF USERNAME="z2x8989"/>
<USERREF USERNAME="z3x0393"/>
<USERREF USERNAME="z2x2414"/>
<USERREF USERNAME="z2x6169"/>
<USERREF USERNAME="z1x1792"/>
<USERREF USERNAME="z1x9504"/>
<USERREF USERNAME="z2x6038"/>
<USERREF USERNAME="z3x0153"/>
<USERREF USERNAME="z1x2570"/>
<USERREF USERNAME="z2x6670"/>
<USERREF USERNAME="z1x1800"/>
<USERREF USERNAME="lcossu"/>
<USERREF USERNAME="mefros"/>
<USERREF USERNAME="z2x3957"/>
<USERREF USERNAME="Z1X2575"/>
<USERREF USERNAME="Z3X3125"/>
<USERREF USERNAME="c068502"/>
<USERREF USERNAME="c039853"/>
<USERREF USERNAME="cw86168"/>
<USERREF USERNAME="c015393"/>
<USERREF USERNAME="v0x1656"/>
<USERREF USERNAME="si90079"/>
<USERREF USERNAME="z2x4478"/>
<USERREF USERNAME="ZPFpkakuk"/>
<USERREF USERNAME="ZPFmduran"/>
<USERREF USERNAME="ZPFonemeth"/>
<USERREF USERNAME="ZPFbszabo"/>
<USERREF USERNAME="ZPFrjankowska"/>
<USERREF USERNAME="ZPFjmasanga"/>
<USERREF USERNAME="ZPFzvecsei"/>
<USERREF USERNAME="ZPFoion"/>
<USERREF USERNAME="ZPFdnagy"/>
<USERREF USERNAME="ZPFplaszlo"/>
<USERREF USERNAME="ZPFdarnold"/>
<USERREF USERNAME="ZPFmyao"/>
<USERREF USERNAME="ZPFaszottfried"/>
<USERREF USERNAME="ZPFgalarcon"/>
<USERREF USERNAME="ZPFlstoica"/>
<USERREF USERNAME="ZPFrraffai"/>
<USERREF USERNAME="ZPFvsimon"/>
<USERREF USERNAME="ZPFmiwaki"/>
<USERREF USERNAME="ZPFahavasi"/>
<USERREF USERNAME="ZPFtshirahata"/>
<USERREF USERNAME="ZPFmogawa"/>
<USERREF USERNAME="ZPFaohtsuka"/>
<USERREF USERNAME="ZPFhmasuda"/>
<USERREF USERNAME="ZPFhsekine"/>
<USERREF USERNAME="ZPFdcleto"/>
<USERREF USERNAME="ZPFjpati"/>
<USERREF USERNAME="ZPFmgarcia"/>
<USERREF USERNAME="ZPFnvergara"/>
<USERREF USERNAME="ZPFelibao"/>
<USERREF USERNAME="ZPFasalazar"/>
<USERREF USERNAME="ZPFcmercado"/>
<USERREF USERNAME="ZPFrsulit"/>
<USERREF USERNAME="ZPFnabogado"/>
<USERREF USERNAME="ZPFjcalbento"/>
<USERREF USERNAME="ZPFwcarmelo"/>
<USERREF USERNAME="ZPFmjcabuhayan"/>
<USERREF USERNAME="ZPFmsantos"/>
<USERREF USERNAME="ZPFjrivera"/>
<USERREF USERNAME="ZPFdhitosis"/>
<USERREF USERNAME="ZPFpmiranda"/>
<USERREF USERNAME="ZPFdalvarado"/>
<USERREF USERNAME="ZPFtcabanes"/>
<USERREF USERNAME="ZPFkmedjoubi"/>
<USERREF USERNAME="ZPFsdamato"/>
<USERREF USERNAME="ZPFahussain"/>
<USERREF USERNAME="ZPFawarsama"/>
<USERREF USERNAME="ZPFasekhon"/>
<USERREF USERNAME="ZPFijohl"/>
<USERREF USERNAME="ZPFvsoni"/>
<USERREF USERNAME="ZPFdweakley"/>
<USERREF USERNAME="ZPFpfarkas"/>
<USERREF USERNAME="ZPFnqi"/>
<USERREF USERNAME="ZPFapervaiz"/>
<USERREF USERNAME="ZPFjamorin"/>
<USERREF USERNAME="ZPFfvarga"/>
<USERREF USERNAME="ZPFhhayashi"/>
<USERREF USERNAME="ZPFpmazur"/>
</SITEGROUP>
<SITEGROUP SITENAME="(320) Advanced Urology PC">
<USERREF USERNAME="i5eustscb_RE"/>
<USERREF USERNAME="C179650"/>
<USERREF USERNAME="C179367"/>
<USERREF USERNAME="z2x7767"/>
<USERREF USERNAME="z1x9044"/>
<USERREF USERNAME="C087748"/>
<USERREF USERNAME="z2x8989"/>
<USERREF USERNAME="z3x0393"/>
<USERREF USERNAME="z2x2414"/>
<USERREF USERNAME="z2x6169"/>
<USERREF USERNAME="z1x1792"/>
<USERREF USERNAME="z1x9504"/>
<USERREF USERNAME="z2x6038"/>
<USERREF USERNAME="z3x0153"/>
<USERREF USERNAME="z1x0368"/>
<USERREF USERNAME="c100415"/>
<USERREF USERNAME="c143125"/>
<USERREF USERNAME="c089548"/>
<USERREF USERNAME="c131994"/>
<USERREF USERNAME="rm90029"/>
<USERREF USERNAME="c090108"/>
<USERREF USERNAME="v6x8058"/>
<USERREF USERNAME="c021984"/>
<USERREF USERNAME="z1x1702"/>
<USERREF USERNAME="z1x1824"/>
<USERREF USERNAME="z1x1789"/>
<USERREF USERNAME="z2x6253"/>
<USERREF USERNAME="z2x4979"/>
<USERREF USERNAME="z1x1795"/>
<USERREF USERNAME="z1x1896"/>
<USERREF USERNAME="z1x1804"/>
<USERREF USERNAME="z1x2000"/>
<USERREF USERNAME="z1x2570"/>
<USERREF USERNAME="z2x6670"/>
<USERREF USERNAME="z1x1800"/>
<USERREF USERNAME="ejewett"/>
<USERREF USERNAME="dsorce"/>
<USERREF USERNAME="z2x3957"/>
<USERREF USERNAME="Z1X2575"/>
<USERREF USERNAME="Z3X3125"/>
<USERREF USERNAME="z2x7248"/>
<USERREF USERNAME="z2x7035"/>
<USERREF USERNAME="z2x9963"/>
<USERREF USERNAME="z3x1758"/>
<USERREF USERNAME="z2x1279"/>
<USERREF USERNAME="z3x0688"/>
<USERREF USERNAME="z3x1326"/>
<USERREF USERNAME="z1x1972"/>
<USERREF USERNAME="z1x1981"/>
<USERREF USERNAME="rm89018"/>
<USERREF USERNAME="c068502"/>
<USERREF USERNAME="c074090"/>
<USERREF USERNAME="c039853"/>
<USERREF USERNAME="co55624"/>
<USERREF USERNAME="cw86168"/>
<USERREF USERNAME="c171729"/>
<USERREF USERNAME="c015393"/>
<USERREF USERNAME="z3x0912"/>
<USERREF USERNAME="z2x4478"/>
<USERREF USERNAME="si90079"/>
<USERREF USERNAME="rm84102"/>
<USERREF USERNAME="v0x1656"/>
<USERREF USERNAME="z1x1726"/>
<USERREF USERNAME="coder_query"/>
<USERREF USERNAME="ZPFpkakuk"/>
<USERREF USERNAME="ZPFmduran"/>
<USERREF USERNAME="ZPFonemeth"/>
<USERREF USERNAME="ZPFbszabo"/>
<USERREF USERNAME="ZPFrjankowska"/>
<USERREF USERNAME="ZPFjmasanga"/>
<USERREF USERNAME="ZPFzvecsei"/>
<USERREF USERNAME="ZPFoion"/>
<USERREF USERNAME="ZPFdnagy"/>
<USERREF USERNAME="ZPFplaszlo"/>
<USERREF USERNAME="ZPFdarnold"/>
<USERREF USERNAME="ZPFmyao"/>
<USERREF USERNAME="ZPFaszottfried"/>
<USERREF USERNAME="ZPFgalarcon"/>
<USERREF USERNAME="ZPFlstoica"/>
<USERREF USERNAME="ZPFrraffai"/>
<USERREF USERNAME="ZPFvsimon"/>
<USERREF USERNAME="ZPFmiwaki"/>
<USERREF USERNAME="ZPFahavasi"/>
<USERREF USERNAME="ZPFtshirahata"/>
<USERREF USERNAME="ZPFmogawa"/>
<USERREF USERNAME="ZPFaohtsuka"/>
<USERREF USERNAME="ZPFhmasuda"/>
<USERREF USERNAME="ZPFhsekine"/>
<USERREF USERNAME="ZPFdcleto"/>
<USERREF USERNAME="ZPFjpati"/>
<USERREF USERNAME="ZPFmgarcia"/>
<USERREF USERNAME="ZPFnvergara"/>
<USERREF USERNAME="ZPFelibao"/>
<USERREF USERNAME="ZPFasalazar"/>
<USERREF USERNAME="ZPFcmercado"/>
<USERREF USERNAME="ZPFrsulit"/>
<USERREF USERNAME="ZPFnabogado"/>
<USERREF USERNAME="ZPFjcalbento"/>
<USERREF USERNAME="ZPFwcarmelo"/>
<USERREF USERNAME="ZPFmjcabuhayan"/>
<USERREF USERNAME="ZPFmsantos"/>
<USERREF USERNAME="ZPFjrivera"/>
<USERREF USERNAME="ZPFdhitosis"/>
<USERREF USERNAME="ZPFpmiranda"/>
<USERREF USERNAME="ZPFdalvarado"/>
<USERREF USERNAME="ZPFtcabanes"/>
<USERREF USERNAME="ZPFkmedjoubi"/>
<USERREF USERNAME="ZPFsdamato"/>
<USERREF USERNAME="ZPFahussain"/>
<USERREF USERNAME="ZPFawarsama"/>
<USERREF USERNAME="ZPFasekhon"/>
<USERREF USERNAME="ZPFijohl"/>
<USERREF USERNAME="ZPFvsoni"/>
<USERREF USERNAME="ZPFdweakley"/>
<USERREF USERNAME="ZPFpfarkas"/>
<USERREF USERNAME="ZPFnqi"/>
<USERREF USERNAME="ZPFapervaiz"/>
<USERREF USERNAME="ZPFjamorin"/>
<USERREF USERNAME="ZPFfvarga"/>
<USERREF USERNAME="ZPFhhayashi"/>
<USERREF USERNAME="ZPFpmazur"/>
</SITEGROUP>
<SITEGROUP SITENAME="(290) Billings Clinic">
<USERREF USERNAME="i5eustscb_RE"/>
<USERREF USERNAME="z2x8989"/>
<USERREF USERNAME="z3x0393"/>
<USERREF USERNAME="z2x2414"/>
<USERREF USERNAME="z2x6169"/>
<USERREF USERNAME="z1x1792"/>
<USERREF USERNAME="z1x9504"/>
<USERREF USERNAME="z2x6038"/>
<USERREF USERNAME="z3x0153"/>
<USERREF USERNAME="z1x2570"/>
<USERREF USERNAME="C179650"/>
<USERREF USERNAME="C179367"/>
<USERREF USERNAME="z2x7767"/>
<USERREF USERNAME="z1x9044"/>
<USERREF USERNAME="C087748"/>
<USERREF USERNAME="z2x6670"/>
<USERREF USERNAME="z1x1800"/>
<USERREF USERNAME="kdouglas"/>
<USERREF USERNAME="lsevera"/>
<USERREF USERNAME="z2x3957"/>
<USERREF USERNAME="Z1X2575"/>
<USERREF USERNAME="Z3X3125"/>
<USERREF USERNAME="c021984"/>
<USERREF USERNAME="rm89018"/>
<USERREF USERNAME="c068502"/>
<USERREF USERNAME="c074090"/>
<USERREF USERNAME="c039853"/>
<USERREF USERNAME="co55624"/>
<USERREF USERNAME="cw86168"/>
<USERREF USERNAME="c171729"/>
<USERREF USERNAME="c015393"/>
<USERREF USERNAME="z1x2000"/>
<USERREF USERNAME="z1x0368"/>
<USERREF USERNAME="c100415"/>
<USERREF USERNAME="c143125"/>
<USERREF USERNAME="c089548"/>
<USERREF USERNAME="c131994"/>
<USERREF USERNAME="rm90029"/>
<USERREF USERNAME="c090108"/>
<USERREF USERNAME="v6x8058"/>
<USERREF USERNAME="z2x7248"/>
<USERREF USERNAME="z2x7035"/>
<USERREF USERNAME="z2x9963"/>
<USERREF USERNAME="z3x1758"/>
<USERREF USERNAME="z2x1279"/>
<USERREF USERNAME="z3x0688"/>
<USERREF USERNAME="z3x1326"/>
<USERREF USERNAME="z1x1972"/>
<USERREF USERNAME="z1x1981"/>
<USERREF USERNAME="z1x1702"/>
<USERREF USERNAME="z1x1824"/>
<USERREF USERNAME="z1x1789"/>
<USERREF USERNAME="z2x6253"/>
<USERREF USERNAME="z2x4979"/>
<USERREF USERNAME="z1x1795"/>
<USERREF USERNAME="z1x1896"/>
<USERREF USERNAME="z1x1804"/>
<USERREF USERNAME="z3x0912"/>
<USERREF USERNAME="z2x4478"/>
<USERREF USERNAME="si90079"/>
<USERREF USERNAME="rm84102"/>
<USERREF USERNAME="v0x1656"/>
<USERREF USERNAME="z1x1726"/>
<USERREF USERNAME="coder_query"/>
<USERREF USERNAME="ZPFpkakuk"/>
<USERREF USERNAME="ZPFmduran"/>
<USERREF USERNAME="ZPFonemeth"/>
<USERREF USERNAME="ZPFbszabo"/>
<USERREF USERNAME="ZPFrjankowska"/>
<USERREF USERNAME="ZPFjmasanga"/>
<USERREF USERNAME="ZPFzvecsei"/>
<USERREF USERNAME="ZPFoion"/>
<USERREF USERNAME="ZPFdnagy"/>
<USERREF USERNAME="ZPFplaszlo"/>
<USERREF USERNAME="ZPFdarnold"/>
<USERREF USERNAME="ZPFmyao"/>
<USERREF USERNAME="ZPFaszottfried"/>
<USERREF USERNAME="ZPFgalarcon"/>
<USERREF USERNAME="ZPFlstoica"/>
<USERREF USERNAME="ZPFrraffai"/>
<USERREF USERNAME="ZPFvsimon"/>
<USERREF USERNAME="ZPFmiwaki"/>
<USERREF USERNAME="ZPFahavasi"/>
<USERREF USERNAME="ZPFtshirahata"/>
<USERREF USERNAME="ZPFmogawa"/>
<USERREF USERNAME="ZPFaohtsuka"/>
<USERREF USERNAME="ZPFhmasuda"/>
<USERREF USERNAME="ZPFhsekine"/>
<USERREF USERNAME="ZPFdcleto"/>
<USERREF USERNAME="ZPFjpati"/>
<USERREF USERNAME="ZPFmgarcia"/>
<USERREF USERNAME="ZPFnvergara"/>
<USERREF USERNAME="ZPFelibao"/>
<USERREF USERNAME="ZPFasalazar"/>
<USERREF USERNAME="ZPFcmercado"/>
<USERREF USERNAME="ZPFrsulit"/>
<USERREF USERNAME="ZPFnabogado"/>
<USERREF USERNAME="ZPFjcalbento"/>
<USERREF USERNAME="ZPFwcarmelo"/>
<USERREF USERNAME="ZPFmjcabuhayan"/>
<USERREF USERNAME="ZPFmsantos"/>
<USERREF USERNAME="ZPFjrivera"/>
<USERREF USERNAME="ZPFdhitosis"/>
<USERREF USERNAME="ZPFpmiranda"/>
<USERREF USERNAME="ZPFdalvarado"/>
<USERREF USERNAME="ZPFtcabanes"/>
<USERREF USERNAME="ZPFkmedjoubi"/>
<USERREF USERNAME="ZPFsdamato"/>
<USERREF USERNAME="ZPFahussain"/>
<USERREF USERNAME="ZPFawarsama"/>
<USERREF USERNAME="ZPFasekhon"/>
<USERREF USERNAME="ZPFijohl"/>
<USERREF USERNAME="ZPFvsoni"/>
<USERREF USERNAME="ZPFdweakley"/>
<USERREF USERNAME="ZPFpfarkas"/>
<USERREF USERNAME="ZPFnqi"/>
<USERREF USERNAME="ZPFapervaiz"/>
<USERREF USERNAME="ZPFjamorin"/>
<USERREF USERNAME="ZPFfvarga"/>
<USERREF USERNAME="ZPFhhayashi"/>
<USERREF USERNAME="ZPFpmazur"/>
</SITEGROUP>
<SITEGROUP SITENAME="(220) Carolina Clinical Trials LLC">
<USERREF USERNAME="i5eustscb_RE"/>
<USERREF USERNAME="c021984"/>
<USERREF USERNAME="rm89018"/>
<USERREF USERNAME="c068502"/>
<USERREF USERNAME="c074090"/>
<USERREF USERNAME="c039853"/>
<USERREF USERNAME="co55624"/>
<USERREF USERNAME="cw86168"/>
<USERREF USERNAME="c171729"/>
<USERREF USERNAME="c015393"/>
<USERREF USERNAME="C179650"/>
<USERREF USERNAME="C179367"/>
<USERREF USERNAME="z2x7767"/>
<USERREF USERNAME="z1x9044"/>
<USERREF USERNAME="C087748"/>
<USERREF USERNAME="z2x8989"/>
<USERREF USERNAME="z3x0393"/>
<USERREF USERNAME="z2x2414"/>
<USERREF USERNAME="z2x6169"/>
<USERREF USERNAME="z1x1792"/>
<USERREF USERNAME="z1x9504"/>
<USERREF USERNAME="z2x6038"/>
<USERREF USERNAME="z3x0153"/>
<USERREF USERNAME="z1x2570"/>
<USERREF USERNAME="z2x6670"/>
<USERREF USERNAME="z1x1800"/>
<USERREF USERNAME="kdziadziola"/>
<USERREF USERNAME="jbridges"/>
<USERREF USERNAME="dlipsitz"/>
<USERREF USERNAME="z2x3957"/>
<USERREF USERNAME="Z1X2575"/>
<USERREF USERNAME="Z3X3125"/>
<USERREF USERNAME="z2x7248"/>
<USERREF USERNAME="z2x7035"/>
<USERREF USERNAME="z2x9963"/>
<USERREF USERNAME="z3x1758"/>
<USERREF USERNAME="z2x1279"/>
<USERREF USERNAME="z3x0688"/>
<USERREF USERNAME="z3x1326"/>
<USERREF USERNAME="z1x1972"/>
<USERREF USERNAME="z1x1981"/>
<USERREF USERNAME="z1x1702"/>
<USERREF USERNAME="z1x1824"/>
<USERREF USERNAME="z1x1789"/>
<USERREF USERNAME="z2x6253"/>
<USERREF USERNAME="z2x4979"/>
<USERREF USERNAME="z1x1795"/>
<USERREF USERNAME="z1x1896"/>
<USERREF USERNAME="z1x1804"/>
<USERREF USERNAME="z1x2000"/>
<USERREF USERNAME="z1x0368"/>
<USERREF USERNAME="c100415"/>
<USERREF USERNAME="c143125"/>
<USERREF USERNAME="c089548"/>
<USERREF USERNAME="c131994"/>
<USERREF USERNAME="rm90029"/>
<USERREF USERNAME="c090108"/>
<USERREF USERNAME="v6x8058"/>
<USERREF USERNAME="z3x0912"/>
<USERREF USERNAME="z2x4478"/>
<USERREF USERNAME="si90079"/>
<USERREF USERNAME="rm84102"/>
<USERREF USERNAME="v0x1656"/>
<USERREF USERNAME="z1x1726"/>
<USERREF USERNAME="coder_query"/>
<USERREF USERNAME="ZPFpkakuk"/>
<USERREF USERNAME="ZPFmduran"/>
<USERREF USERNAME="ZPFonemeth"/>
<USERREF USERNAME="ZPFbszabo"/>
<USERREF USERNAME="ZPFrjankowska"/>
<USERREF USERNAME="ZPFjmasanga"/>
<USERREF USERNAME="ZPFzvecsei"/>
<USERREF USERNAME="ZPFoion"/>
<USERREF USERNAME="ZPFdnagy"/>
<USERREF USERNAME="ZPFplaszlo"/>
<USERREF USERNAME="ZPFdarnold"/>
<USERREF USERNAME="ZPFmyao"/>
<USERREF USERNAME="ZPFaszottfried"/>
<USERREF USERNAME="ZPFgalarcon"/>
<USERREF USERNAME="ZPFlstoica"/>
<USERREF USERNAME="ZPFrraffai"/>
<USERREF USERNAME="ZPFvsimon"/>
<USERREF USERNAME="ZPFmiwaki"/>
<USERREF USERNAME="ZPFahavasi"/>
<USERREF USERNAME="ZPFtshirahata"/>
<USERREF USERNAME="ZPFmogawa"/>
<USERREF USERNAME="ZPFaohtsuka"/>
<USERREF USERNAME="ZPFhmasuda"/>
<USERREF USERNAME="ZPFhsekine"/>
<USERREF USERNAME="ZPFdcleto"/>
<USERREF USERNAME="ZPFjpati"/>
<USERREF USERNAME="ZPFmgarcia"/>
<USERREF USERNAME="ZPFnvergara"/>
<USERREF USERNAME="ZPFelibao"/>
<USERREF USERNAME="ZPFasalazar"/>
<USERREF USERNAME="ZPFcmercado"/>
<USERREF USERNAME="ZPFrsulit"/>
<USERREF USERNAME="ZPFnabogado"/>
<USERREF USERNAME="ZPFjcalbento"/>
<USERREF USERNAME="ZPFwcarmelo"/>
<USERREF USERNAME="ZPFmjcabuhayan"/>
<USERREF USERNAME="ZPFmsantos"/>
<USERREF USERNAME="ZPFjrivera"/>
<USERREF USERNAME="ZPFdhitosis"/>
<USERREF USERNAME="ZPFpmiranda"/>
<USERREF USERNAME="ZPFdalvarado"/>
<USERREF USERNAME="ZPFtcabanes"/>
<USERREF USERNAME="ZPFkmedjoubi"/>
<USERREF USERNAME="ZPFsdamato"/>
<USERREF USERNAME="ZPFahussain"/>
<USERREF USERNAME="ZPFawarsama"/>
<USERREF USERNAME="ZPFasekhon"/>
<USERREF USERNAME="ZPFijohl"/>
<USERREF USERNAME="ZPFvsoni"/>
<USERREF USERNAME="ZPFdweakley"/>
<USERREF USERNAME="ZPFpfarkas"/>
<USERREF USERNAME="ZPFnqi"/>
<USERREF USERNAME="ZPFapervaiz"/>
<USERREF USERNAME="ZPFjamorin"/>
<USERREF USERNAME="ZPFfvarga"/>
<USERREF USERNAME="ZPFhhayashi"/>
<USERREF USERNAME="ZPFpmazur"/>
</SITEGROUP>
<SITEGROUP SITENAME="(170) Community Clinical Research Center">
<USERREF USERNAME="i5eustscb_RE"/>
<USERREF USERNAME="C179650"/>
<USERREF USERNAME="C179367"/>
<USERREF USERNAME="z2x7767"/>
<USERREF USERNAME="z1x9044"/>
<USERREF USERNAME="C087748"/>
<USERREF USERNAME="z2x8989"/>
<USERREF USERNAME="z3x0393"/>
<USERREF USERNAME="z2x2414"/>
<USERREF USERNAME="z2x6169"/>
<USERREF USERNAME="z1x1792"/>
<USERREF USERNAME="z1x9504"/>
<USERREF USERNAME="z2x6038"/>
<USERREF USERNAME="z3x0153"/>
<USERREF USERNAME="z1x0368"/>
<USERREF USERNAME="c100415"/>
<USERREF USERNAME="c143125"/>
<USERREF USERNAME="c089548"/>
<USERREF USERNAME="c131994"/>
<USERREF USERNAME="rm90029"/>
<USERREF USERNAME="c090108"/>
<USERREF USERNAME="v6x8058"/>
<USERREF USERNAME="c021984"/>
<USERREF USERNAME="z1x1702"/>
<USERREF USERNAME="z1x1824"/>
<USERREF USERNAME="z1x1789"/>
<USERREF USERNAME="z2x6253"/>
<USERREF USERNAME="z2x4979"/>
<USERREF USERNAME="z1x1795"/>
<USERREF USERNAME="z1x1896"/>
<USERREF USERNAME="z1x1804"/>
<USERREF USERNAME="z1x2000"/>
<USERREF USERNAME="z1x2570"/>
<USERREF USERNAME="z2x6670"/>
<USERREF USERNAME="z1x1800"/>
<USERREF USERNAME="tprater"/>
<USERREF USERNAME="selsaharty"/>
<USERREF USERNAME="z2x3957"/>
<USERREF USERNAME="Z1X2575"/>
<USERREF USERNAME="Z3X3125"/>
<USERREF USERNAME="z2x7248"/>
<USERREF USERNAME="z2x7035"/>
<USERREF USERNAME="z2x9963"/>
<USERREF USERNAME="z3x1758"/>
<USERREF USERNAME="z2x1279"/>
<USERREF USERNAME="z3x0688"/>
<USERREF USERNAME="z3x1326"/>
<USERREF USERNAME="z1x1972"/>
<USERREF USERNAME="z1x1981"/>
<USERREF USERNAME="rm89018"/>
<USERREF USERNAME="c068502"/>
<USERREF USERNAME="c074090"/>
<USERREF USERNAME="c039853"/>
<USERREF USERNAME="co55624"/>
<USERREF USERNAME="cw86168"/>
<USERREF USERNAME="c171729"/>
<USERREF USERNAME="c015393"/>
<USERREF USERNAME="z3x0912"/>
<USERREF USERNAME="z2x4478"/>
<USERREF USERNAME="si90079"/>
<USERREF USERNAME="rm84102"/>
<USERREF USERNAME="v0x1656"/>
<USERREF USERNAME="z1x1726"/>
<USERREF USERNAME="coder_query"/>
<USERREF USERNAME="ZPFpkakuk"/>
<USERREF USERNAME="ZPFmduran"/>
<USERREF USERNAME="ZPFonemeth"/>
<USERREF USERNAME="ZPFbszabo"/>
<USERREF USERNAME="ZPFrjankowska"/>
<USERREF USERNAME="ZPFjmasanga"/>
<USERREF USERNAME="ZPFzvecsei"/>
<USERREF USERNAME="ZPFoion"/>
<USERREF USERNAME="ZPFdnagy"/>
<USERREF USERNAME="ZPFplaszlo"/>
<USERREF USERNAME="ZPFdarnold"/>
<USERREF USERNAME="ZPFmyao"/>
<USERREF USERNAME="ZPFaszottfried"/>
<USERREF USERNAME="ZPFgalarcon"/>
<USERREF USERNAME="ZPFlstoica"/>
<USERREF USERNAME="ZPFrraffai"/>
<USERREF USERNAME="ZPFvsimon"/>
<USERREF USERNAME="ZPFmiwaki"/>
<USERREF USERNAME="ZPFahavasi"/>
<USERREF USERNAME="ZPFtshirahata"/>
<USERREF USERNAME="ZPFmogawa"/>
<USERREF USERNAME="ZPFaohtsuka"/>
<USERREF USERNAME="ZPFhmasuda"/>
<USERREF USERNAME="ZPFhsekine"/>
<USERREF USERNAME="ZPFdcleto"/>
<USERREF USERNAME="ZPFjpati"/>
<USERREF USERNAME="ZPFmgarcia"/>
<USERREF USERNAME="ZPFnvergara"/>
<USERREF USERNAME="ZPFelibao"/>
<USERREF USERNAME="ZPFasalazar"/>
<USERREF USERNAME="ZPFcmercado"/>
<USERREF USERNAME="ZPFrsulit"/>
<USERREF USERNAME="ZPFnabogado"/>
<USERREF USERNAME="ZPFjcalbento"/>
<USERREF USERNAME="ZPFwcarmelo"/>
<USERREF USERNAME="ZPFmjcabuhayan"/>
<USERREF USERNAME="ZPFmsantos"/>
<USERREF USERNAME="ZPFjrivera"/>
<USERREF USERNAME="ZPFdhitosis"/>
<USERREF USERNAME="ZPFpmiranda"/>
<USERREF USERNAME="ZPFdalvarado"/>
<USERREF USERNAME="ZPFtcabanes"/>
<USERREF USERNAME="ZPFkmedjoubi"/>
<USERREF USERNAME="ZPFsdamato"/>
<USERREF USERNAME="ZPFahussain"/>
<USERREF USERNAME="ZPFawarsama"/>
<USERREF USERNAME="ZPFasekhon"/>
<USERREF USERNAME="ZPFijohl"/>
<USERREF USERNAME="ZPFvsoni"/>
<USERREF USERNAME="ZPFdweakley"/>
<USERREF USERNAME="ZPFpfarkas"/>
<USERREF USERNAME="ZPFnqi"/>
<USERREF USERNAME="ZPFapervaiz"/>
<USERREF USERNAME="ZPFjamorin"/>
<USERREF USERNAME="ZPFfvarga"/>
<USERREF USERNAME="ZPFhhayashi"/>
<USERREF USERNAME="ZPFpmazur"/>
</SITEGROUP>
<SITEGROUP SITENAME="(280) Cooper Health System">
<USERREF USERNAME="i5eustscb_RE"/>
<USERREF USERNAME="c021984"/>
<USERREF USERNAME="rm89018"/>
<USERREF USERNAME="c068502"/>
<USERREF USERNAME="c074090"/>
<USERREF USERNAME="c039853"/>
<USERREF USERNAME="co55624"/>
<USERREF USERNAME="cw86168"/>
<USERREF USERNAME="c171729"/>
<USERREF USERNAME="c015393"/>
<USERREF USERNAME="z1x1702"/>
<USERREF USERNAME="z1x1824"/>
<USERREF USERNAME="z1x1789"/>
<USERREF USERNAME="z2x6253"/>
<USERREF USERNAME="z2x4979"/>
<USERREF USERNAME="z1x1795"/>
<USERREF USERNAME="z1x1896"/>
<USERREF USERNAME="z1x1804"/>
<USERREF USERNAME="z1x2000"/>
<USERREF USERNAME="z1x0368"/>
<USERREF USERNAME="c100415"/>
<USERREF USERNAME="c143125"/>
<USERREF USERNAME="c089548"/>
<USERREF USERNAME="c131994"/>
<USERREF USERNAME="rm90029"/>
<USERREF USERNAME="c090108"/>
<USERREF USERNAME="v6x8058"/>
<USERREF USERNAME="C179650"/>
<USERREF USERNAME="C179367"/>
<USERREF USERNAME="mandreano"/>
<USERREF USERNAME="z2x7767"/>
<USERREF USERNAME="z1x9044"/>
<USERREF USERNAME="C087748"/>
<USERREF USERNAME="z2x8989"/>
<USERREF USERNAME="z3x0393"/>
<USERREF USERNAME="z2x2414"/>
<USERREF USERNAME="z2x6169"/>
<USERREF USERNAME="z1x1792"/>
<USERREF USERNAME="z1x9504"/>
<USERREF USERNAME="z2x6038"/>
<USERREF USERNAME="z3x0153"/>
<USERREF USERNAME="z1x2570"/>
<USERREF USERNAME="z2x6670"/>
<USERREF USERNAME="z1x1800"/>
<USERREF USERNAME="dschmidt"/>
<USERREF USERNAME="aseftel"/>
<USERREF USERNAME="z2x3957"/>
<USERREF USERNAME="Z1X2575"/>
<USERREF USERNAME="Z3X3125"/>
<USERREF USERNAME="z2x7248"/>
<USERREF USERNAME="z2x7035"/>
<USERREF USERNAME="z2x9963"/>
<USERREF USERNAME="z3x1758"/>
<USERREF USERNAME="z2x1279"/>
<USERREF USERNAME="z3x0688"/>
<USERREF USERNAME="z3x1326"/>
<USERREF USERNAME="z1x1972"/>
<USERREF USERNAME="z1x1981"/>
<USERREF USERNAME="z3x0912"/>
<USERREF USERNAME="z2x4478"/>
<USERREF USERNAME="si90079"/>
<USERREF USERNAME="rm84102"/>
<USERREF USERNAME="v0x1656"/>
<USERREF USERNAME="z1x1726"/>
<USERREF USERNAME="coder_query"/>
<USERREF USERNAME="ZPFpkakuk"/>
<USERREF USERNAME="ZPFmduran"/>
<USERREF USERNAME="ZPFonemeth"/>
<USERREF USERNAME="ZPFbszabo"/>
<USERREF USERNAME="ZPFrjankowska"/>
<USERREF USERNAME="ZPFjmasanga"/>
<USERREF USERNAME="ZPFzvecsei"/>
<USERREF USERNAME="ZPFoion"/>
<USERREF USERNAME="ZPFdnagy"/>
<USERREF USERNAME="ZPFplaszlo"/>
<USERREF USERNAME="ZPFdarnold"/>
<USERREF USERNAME="ZPFmyao"/>
<USERREF USERNAME="ZPFaszottfried"/>
<USERREF USERNAME="ZPFgalarcon"/>
<USERREF USERNAME="ZPFlstoica"/>
<USERREF USERNAME="ZPFrraffai"/>
<USERREF USERNAME="ZPFvsimon"/>
<USERREF USERNAME="ZPFmiwaki"/>
<USERREF USERNAME="ZPFahavasi"/>
<USERREF USERNAME="ZPFtshirahata"/>
<USERREF USERNAME="ZPFmogawa"/>
<USERREF USERNAME="ZPFaohtsuka"/>
<USERREF USERNAME="ZPFhmasuda"/>
<USERREF USERNAME="ZPFhsekine"/>
<USERREF USERNAME="ZPFdcleto"/>
<USERREF USERNAME="ZPFjpati"/>
<USERREF USERNAME="ZPFmgarcia"/>
<USERREF USERNAME="ZPFnvergara"/>
<USERREF USERNAME="ZPFelibao"/>
<USERREF USERNAME="ZPFasalazar"/>
<USERREF USERNAME="ZPFcmercado"/>
<USERREF USERNAME="ZPFrsulit"/>
<USERREF USERNAME="ZPFnabogado"/>
<USERREF USERNAME="ZPFjcalbento"/>
<USERREF USERNAME="ZPFwcarmelo"/>
<USERREF USERNAME="ZPFmjcabuhayan"/>
<USERREF USERNAME="ZPFmsantos"/>
<USERREF USERNAME="ZPFjrivera"/>
<USERREF USERNAME="ZPFdhitosis"/>
<USERREF USERNAME="ZPFpmiranda"/>
<USERREF USERNAME="ZPFdalvarado"/>
<USERREF USERNAME="ZPFtcabanes"/>
<USERREF USERNAME="ZPFkmedjoubi"/>
<USERREF USERNAME="ZPFsdamato"/>
<USERREF USERNAME="ZPFahussain"/>
<USERREF USERNAME="ZPFawarsama"/>
<USERREF USERNAME="ZPFasekhon"/>
<USERREF USERNAME="ZPFijohl"/>
<USERREF USERNAME="ZPFvsoni"/>
<USERREF USERNAME="ZPFdweakley"/>
<USERREF USERNAME="ZPFpfarkas"/>
<USERREF USERNAME="ZPFnqi"/>
<USERREF USERNAME="ZPFapervaiz"/>
<USERREF USERNAME="ZPFjamorin"/>
<USERREF USERNAME="ZPFfvarga"/>
<USERREF USERNAME="ZPFhhayashi"/>
<USERREF USERNAME="ZPFpmazur"/>
</SITEGROUP>
<SITEGROUP SITENAME="(260) Encompass Clinical Research North Coast">
<USERREF USERNAME="i5eustscb_RE"/>
<USERREF USERNAME="z2x6670"/>
<USERREF USERNAME="z1x1800"/>
<USERREF USERNAME="squigley"/>
<USERREF USERNAME="jquigley"/>
<USERREF USERNAME="z2x3957"/>
<USERREF USERNAME="Z1X2575"/>
<USERREF USERNAME="Z3X3125"/>
<USERREF USERNAME="z2x7248"/>
<USERREF USERNAME="z2x7035"/>
<USERREF USERNAME="C179650"/>
<USERREF USERNAME="C179367"/>
<USERREF USERNAME="z2x7767"/>
<USERREF USERNAME="z1x9044"/>
<USERREF USERNAME="C087748"/>
<USERREF USERNAME="jellis"/>
<USERREF USERNAME="dquigley"/>
<USERREF USERNAME="z2x8989"/>
<USERREF USERNAME="z3x0393"/>
<USERREF USERNAME="z2x2414"/>
<USERREF USERNAME="z2x6169"/>
<USERREF USERNAME="z1x1792"/>
<USERREF USERNAME="z1x9504"/>
<USERREF USERNAME="z2x6038"/>
<USERREF USERNAME="z3x0153"/>
<USERREF USERNAME="z1x2570"/>
<USERREF USERNAME="z2x9963"/>
<USERREF USERNAME="z3x1758"/>
<USERREF USERNAME="z2x1279"/>
<USERREF USERNAME="z3x0688"/>
<USERREF USERNAME="z3x1326"/>
<USERREF USERNAME="z1x1972"/>
<USERREF USERNAME="z1x1981"/>
<USERREF USERNAME="c021984"/>
<USERREF USERNAME="rm89018"/>
<USERREF USERNAME="c068502"/>
<USERREF USERNAME="c074090"/>
<USERREF USERNAME="c039853"/>
<USERREF USERNAME="co55624"/>
<USERREF USERNAME="cw86168"/>
<USERREF USERNAME="c171729"/>
<USERREF USERNAME="c015393"/>
<USERREF USERNAME="z1x1702"/>
<USERREF USERNAME="z1x1824"/>
<USERREF USERNAME="z1x1789"/>
<USERREF USERNAME="z2x6253"/>
<USERREF USERNAME="z2x4979"/>
<USERREF USERNAME="z1x1795"/>
<USERREF USERNAME="z1x1896"/>
<USERREF USERNAME="z1x1804"/>
<USERREF USERNAME="z1x2000"/>
<USERREF USERNAME="z1x0368"/>
<USERREF USERNAME="c100415"/>
<USERREF USERNAME="c143125"/>
<USERREF USERNAME="c089548"/>
<USERREF USERNAME="c131994"/>
<USERREF USERNAME="rm90029"/>
<USERREF USERNAME="c090108"/>
<USERREF USERNAME="v6x8058"/>
<USERREF USERNAME="z3x0912"/>
<USERREF USERNAME="z2x4478"/>
<USERREF USERNAME="si90079"/>
<USERREF USERNAME="rm84102"/>
<USERREF USERNAME="v0x1656"/>
<USERREF USERNAME="z1x1726"/>
<USERREF USERNAME="coder_query"/>
<USERREF USERNAME="ZPFpkakuk"/>
<USERREF USERNAME="ZPFmduran"/>
<USERREF USERNAME="ZPFonemeth"/>
<USERREF USERNAME="ZPFbszabo"/>
<USERREF USERNAME="ZPFrjankowska"/>
<USERREF USERNAME="ZPFjmasanga"/>
<USERREF USERNAME="ZPFzvecsei"/>
<USERREF USERNAME="ZPFoion"/>
<USERREF USERNAME="ZPFdnagy"/>
<USERREF USERNAME="ZPFplaszlo"/>
<USERREF USERNAME="ZPFdarnold"/>
<USERREF USERNAME="ZPFmyao"/>
<USERREF USERNAME="ZPFaszottfried"/>
<USERREF USERNAME="ZPFgalarcon"/>
<USERREF USERNAME="ZPFlstoica"/>
<USERREF USERNAME="ZPFrraffai"/>
<USERREF USERNAME="ZPFvsimon"/>
<USERREF USERNAME="ZPFmiwaki"/>
<USERREF USERNAME="ZPFahavasi"/>
<USERREF USERNAME="ZPFtshirahata"/>
<USERREF USERNAME="ZPFmogawa"/>
<USERREF USERNAME="ZPFaohtsuka"/>
<USERREF USERNAME="ZPFhmasuda"/>
<USERREF USERNAME="ZPFhsekine"/>
<USERREF USERNAME="ZPFdcleto"/>
<USERREF USERNAME="ZPFjpati"/>
<USERREF USERNAME="ZPFmgarcia"/>
<USERREF USERNAME="ZPFnvergara"/>
<USERREF USERNAME="ZPFelibao"/>
<USERREF USERNAME="ZPFasalazar"/>
<USERREF USERNAME="ZPFcmercado"/>
<USERREF USERNAME="ZPFrsulit"/>
<USERREF USERNAME="ZPFnabogado"/>
<USERREF USERNAME="ZPFjcalbento"/>
<USERREF USERNAME="ZPFwcarmelo"/>
<USERREF USERNAME="ZPFmjcabuhayan"/>
<USERREF USERNAME="ZPFmsantos"/>
<USERREF USERNAME="ZPFjrivera"/>
<USERREF USERNAME="ZPFdhitosis"/>
<USERREF USERNAME="ZPFpmiranda"/>
<USERREF USERNAME="ZPFdalvarado"/>
<USERREF USERNAME="ZPFtcabanes"/>
<USERREF USERNAME="ZPFkmedjoubi"/>
<USERREF USERNAME="ZPFsdamato"/>
<USERREF USERNAME="ZPFahussain"/>
<USERREF USERNAME="ZPFawarsama"/>
<USERREF USERNAME="ZPFasekhon"/>
<USERREF USERNAME="ZPFijohl"/>
<USERREF USERNAME="ZPFvsoni"/>
<USERREF USERNAME="ZPFdweakley"/>
<USERREF USERNAME="ZPFpfarkas"/>
<USERREF USERNAME="ZPFnqi"/>
<USERREF USERNAME="ZPFapervaiz"/>
<USERREF USERNAME="ZPFjamorin"/>
<USERREF USERNAME="ZPFfvarga"/>
<USERREF USERNAME="ZPFhhayashi"/>
<USERREF USERNAME="ZPFpmazur"/>
</SITEGROUP>
<SITEGROUP SITENAME="(100) First Urology PSC">
<USERREF USERNAME="i5eustscb_RE"/>
<USERREF USERNAME="coder_query"/>
<USERREF USERNAME="z1x1726"/>
<USERREF USERNAME="z3x0912"/>
<USERREF USERNAME="z2x4478"/>
<USERREF USERNAME="si90079"/>
<USERREF USERNAME="v0x1656"/>
<USERREF USERNAME="rm84102"/>
<USERREF USERNAME="c015393"/>
<USERREF USERNAME="c171729"/>
<USERREF USERNAME="cw86168"/>
<USERREF USERNAME="co55624"/>
<USERREF USERNAME="c039853"/>
<USERREF USERNAME="c074090"/>
<USERREF USERNAME="c068502"/>
<USERREF USERNAME="rm89018"/>
<USERREF USERNAME="c021984"/>
<USERREF USERNAME="v6x8058"/>
<USERREF USERNAME="c090108"/>
<USERREF USERNAME="rm90029"/>
<USERREF USERNAME="c131994"/>
<USERREF USERNAME="c089548"/>
<USERREF USERNAME="c143125"/>
<USERREF USERNAME="c100415"/>
<USERREF USERNAME="z1x0368"/>
<USERREF USERNAME="z1x2000"/>
<USERREF USERNAME="z1x1804"/>
<USERREF USERNAME="z1x1896"/>
<USERREF USERNAME="z1x1795"/>
<USERREF USERNAME="z2x4979"/>
<USERREF USERNAME="z2x6253"/>
<USERREF USERNAME="z1x1789"/>
<USERREF USERNAME="z1x1824"/>
<USERREF USERNAME="z1x1702"/>
<USERREF USERNAME="z1x1981"/>
<USERREF USERNAME="z1x1972"/>
<USERREF USERNAME="z3x1326"/>
<USERREF USERNAME="z3x0688"/>
<USERREF USERNAME="z2x1279"/>
<USERREF USERNAME="z3x1758"/>
<USERREF USERNAME="z2x9963"/>
<USERREF USERNAME="z2x7035"/>
<USERREF USERNAME="z2x7248"/>
<USERREF USERNAME="Z3X3125"/>
<USERREF USERNAME="Z1X2575"/>
<USERREF USERNAME="z2x3957"/>
<USERREF USERNAME="jbailen"/>
<USERREF USERNAME="djohnson"/>
<USERREF USERNAME="tdotson"/>
<USERREF USERNAME="wschmied"/>
<USERREF USERNAME="z1x1800"/>
<USERREF USERNAME="z2x6670"/>
<USERREF USERNAME="z1x2570"/>
<USERREF USERNAME="z3x0153"/>
<USERREF USERNAME="z2x6038"/>
<USERREF USERNAME="z1x9504"/>
<USERREF USERNAME="z1x1792"/>
<USERREF USERNAME="z2x6169"/>
<USERREF USERNAME="z2x2414"/>
<USERREF USERNAME="z3x0393"/>
<USERREF USERNAME="z2x8989"/>
<USERREF USERNAME="C087748"/>
<USERREF USERNAME="z1x9044"/>
<USERREF USERNAME="z2x7767"/>
<USERREF USERNAME="C179367"/>
<USERREF USERNAME="C179650"/>
<USERREF USERNAME="ZPFpkakuk"/>
<USERREF USERNAME="ZPFmduran"/>
<USERREF USERNAME="ZPFonemeth"/>
<USERREF USERNAME="ZPFbszabo"/>
<USERREF USERNAME="ZPFrjankowska"/>
<USERREF USERNAME="ZPFjmasanga"/>
<USERREF USERNAME="ZPFzvecsei"/>
<USERREF USERNAME="ZPFoion"/>
<USERREF USERNAME="ZPFdnagy"/>
<USERREF USERNAME="ZPFplaszlo"/>
<USERREF USERNAME="ZPFdarnold"/>
<USERREF USERNAME="ZPFmyao"/>
<USERREF USERNAME="ZPFaszottfried"/>
<USERREF USERNAME="ZPFgalarcon"/>
<USERREF USERNAME="ZPFlstoica"/>
<USERREF USERNAME="ZPFrraffai"/>
<USERREF USERNAME="ZPFvsimon"/>
<USERREF USERNAME="ZPFmiwaki"/>
<USERREF USERNAME="ZPFahavasi"/>
<USERREF USERNAME="ZPFtshirahata"/>
<USERREF USERNAME="ZPFmogawa"/>
<USERREF USERNAME="ZPFaohtsuka"/>
<USERREF USERNAME="ZPFhmasuda"/>
<USERREF USERNAME="ZPFhsekine"/>
<USERREF USERNAME="ZPFdcleto"/>
<USERREF USERNAME="ZPFjpati"/>
<USERREF USERNAME="ZPFmgarcia"/>
<USERREF USERNAME="ZPFnvergara"/>
<USERREF USERNAME="ZPFelibao"/>
<USERREF USERNAME="ZPFasalazar"/>
<USERREF USERNAME="ZPFcmercado"/>
<USERREF USERNAME="ZPFrsulit"/>
<USERREF USERNAME="ZPFnabogado"/>
<USERREF USERNAME="ZPFjcalbento"/>
<USERREF USERNAME="ZPFwcarmelo"/>
<USERREF USERNAME="ZPFmjcabuhayan"/>
<USERREF USERNAME="ZPFmsantos"/>
<USERREF USERNAME="ZPFjrivera"/>
<USERREF USERNAME="ZPFdhitosis"/>
<USERREF USERNAME="ZPFpmiranda"/>
<USERREF USERNAME="ZPFdalvarado"/>
<USERREF USERNAME="ZPFtcabanes"/>
<USERREF USERNAME="ZPFkmedjoubi"/>
<USERREF USERNAME="ZPFsdamato"/>
<USERREF USERNAME="ZPFahussain"/>
<USERREF USERNAME="ZPFawarsama"/>
<USERREF USERNAME="ZPFasekhon"/>
<USERREF USERNAME="ZPFijohl"/>
<USERREF USERNAME="ZPFvsoni"/>
<USERREF USERNAME="ZPFdweakley"/>
<USERREF USERNAME="ZPFpfarkas"/>
<USERREF USERNAME="ZPFnqi"/>
<USERREF USERNAME="ZPFapervaiz"/>
<USERREF USERNAME="ZPFjamorin"/>
<USERREF USERNAME="ZPFfvarga"/>
<USERREF USERNAME="ZPFhhayashi"/>
<USERREF USERNAME="ZPFpmazur"/>
</SITEGROUP>
<SITEGROUP SITENAME="(210) Grace Research">
<USERREF USERNAME="i5eustscb_RE"/>
<USERREF USERNAME="z3x0912"/>
<USERREF USERNAME="z2x4478"/>
<USERREF USERNAME="z1x1726"/>
<USERREF USERNAME="coder_query"/>
<USERREF USERNAME="si90079"/>
<USERREF USERNAME="rm84102"/>
<USERREF USERNAME="z2x7035"/>
<USERREF USERNAME="z2x9963"/>
<USERREF USERNAME="z3x1758"/>
<USERREF USERNAME="z2x1279"/>
<USERREF USERNAME="z3x0688"/>
<USERREF USERNAME="z3x1326"/>
<USERREF USERNAME="z1x1972"/>
<USERREF USERNAME="z1x1981"/>
<USERREF USERNAME="z1x1702"/>
<USERREF USERNAME="z2x8989"/>
<USERREF USERNAME="z3x0393"/>
<USERREF USERNAME="z2x2414"/>
<USERREF USERNAME="z2x6169"/>
<USERREF USERNAME="z1x1792"/>
<USERREF USERNAME="z1x9504"/>
<USERREF USERNAME="z2x6038"/>
<USERREF USERNAME="z3x0153"/>
<USERREF USERNAME="z1x2570"/>
<USERREF USERNAME="C179650"/>
<USERREF USERNAME="C179367"/>
<USERREF USERNAME="z2x7767"/>
<USERREF USERNAME="z1x9044"/>
<USERREF USERNAME="C087748"/>
<USERREF USERNAME="z2x6670"/>
<USERREF USERNAME="z1x1800"/>
<USERREF USERNAME="kterry"/>
<USERREF USERNAME="skelehan"/>
<USERREF USERNAME="z2x3957"/>
<USERREF USERNAME="Z1X2575"/>
<USERREF USERNAME="Z3X3125"/>
<USERREF USERNAME="z2x7248"/>
<USERREF USERNAME="z1x1824"/>
<USERREF USERNAME="z1x1789"/>
<USERREF USERNAME="z2x6253"/>
<USERREF USERNAME="z2x4979"/>
<USERREF USERNAME="z1x1795"/>
<USERREF USERNAME="z1x1896"/>
<USERREF USERNAME="z1x1804"/>
<USERREF USERNAME="c021984"/>
<USERREF USERNAME="rm89018"/>
<USERREF USERNAME="c068502"/>
<USERREF USERNAME="c074090"/>
<USERREF USERNAME="c039853"/>
<USERREF USERNAME="co55624"/>
<USERREF USERNAME="cw86168"/>
<USERREF USERNAME="c171729"/>
<USERREF USERNAME="c015393"/>
<USERREF USERNAME="z1x2000"/>
<USERREF USERNAME="z1x0368"/>
<USERREF USERNAME="c100415"/>
<USERREF USERNAME="c143125"/>
<USERREF USERNAME="c089548"/>
<USERREF USERNAME="c131994"/>
<USERREF USERNAME="rm90029"/>
<USERREF USERNAME="c090108"/>
<USERREF USERNAME="v6x8058"/>
<USERREF USERNAME="v0x1656"/>
<USERREF USERNAME="ZPFpkakuk"/>
<USERREF USERNAME="ZPFmduran"/>
<USERREF USERNAME="ZPFonemeth"/>
<USERREF USERNAME="ZPFbszabo"/>
<USERREF USERNAME="ZPFrjankowska"/>
<USERREF USERNAME="ZPFjmasanga"/>
<USERREF USERNAME="ZPFzvecsei"/>
<USERREF USERNAME="ZPFoion"/>
<USERREF USERNAME="ZPFdnagy"/>
<USERREF USERNAME="ZPFplaszlo"/>
<USERREF USERNAME="ZPFdarnold"/>
<USERREF USERNAME="ZPFmyao"/>
<USERREF USERNAME="ZPFaszottfried"/>
<USERREF USERNAME="ZPFgalarcon"/>
<USERREF USERNAME="ZPFlstoica"/>
<USERREF USERNAME="ZPFrraffai"/>
<USERREF USERNAME="ZPFvsimon"/>
<USERREF USERNAME="ZPFmiwaki"/>
<USERREF USERNAME="ZPFahavasi"/>
<USERREF USERNAME="ZPFtshirahata"/>
<USERREF USERNAME="ZPFmogawa"/>
<USERREF USERNAME="ZPFaohtsuka"/>
<USERREF USERNAME="ZPFhmasuda"/>
<USERREF USERNAME="ZPFhsekine"/>
<USERREF USERNAME="ZPFdcleto"/>
<USERREF USERNAME="ZPFjpati"/>
<USERREF USERNAME="ZPFmgarcia"/>
<USERREF USERNAME="ZPFnvergara"/>
<USERREF USERNAME="ZPFelibao"/>
<USERREF USERNAME="ZPFasalazar"/>
<USERREF USERNAME="ZPFcmercado"/>
<USERREF USERNAME="ZPFrsulit"/>
<USERREF USERNAME="ZPFnabogado"/>
<USERREF USERNAME="ZPFjcalbento"/>
<USERREF USERNAME="ZPFwcarmelo"/>
<USERREF USERNAME="ZPFmjcabuhayan"/>
<USERREF USERNAME="ZPFmsantos"/>
<USERREF USERNAME="ZPFjrivera"/>
<USERREF USERNAME="ZPFdhitosis"/>
<USERREF USERNAME="ZPFpmiranda"/>
<USERREF USERNAME="ZPFdalvarado"/>
<USERREF USERNAME="ZPFtcabanes"/>
<USERREF USERNAME="ZPFkmedjoubi"/>
<USERREF USERNAME="ZPFsdamato"/>
<USERREF USERNAME="ZPFahussain"/>
<USERREF USERNAME="ZPFawarsama"/>
<USERREF USERNAME="ZPFasekhon"/>
<USERREF USERNAME="ZPFijohl"/>
<USERREF USERNAME="ZPFvsoni"/>
<USERREF USERNAME="ZPFdweakley"/>
<USERREF USERNAME="ZPFpfarkas"/>
<USERREF USERNAME="ZPFnqi"/>
<USERREF USERNAME="ZPFapervaiz"/>
<USERREF USERNAME="ZPFjamorin"/>
<USERREF USERNAME="ZPFfvarga"/>
<USERREF USERNAME="ZPFhhayashi"/>
<USERREF USERNAME="ZPFpmazur"/>
</SITEGROUP>
<SITEGROUP SITENAME="(150) Health Texas Medical Group of San Antonio">
<USERREF USERNAME="i5eustscb_RE"/>
<USERREF USERNAME="z3x0912"/>
<USERREF USERNAME="z2x4478"/>
<USERREF USERNAME="z1x1726"/>
<USERREF USERNAME="coder_query"/>
<USERREF USERNAME="si90079"/>
<USERREF USERNAME="rm84102"/>
<USERREF USERNAME="z1x0368"/>
<USERREF USERNAME="c100415"/>
<USERREF USERNAME="c143125"/>
<USERREF USERNAME="c089548"/>
<USERREF USERNAME="c131994"/>
<USERREF USERNAME="rm90029"/>
<USERREF USERNAME="c090108"/>
<USERREF USERNAME="v6x8058"/>
<USERREF USERNAME="c021984"/>
<USERREF USERNAME="z2x7035"/>
<USERREF USERNAME="z2x9963"/>
<USERREF USERNAME="z3x1758"/>
<USERREF USERNAME="z2x1279"/>
<USERREF USERNAME="z3x0688"/>
<USERREF USERNAME="z3x1326"/>
<USERREF USERNAME="z1x1972"/>
<USERREF USERNAME="z1x1981"/>
<USERREF USERNAME="z1x1702"/>
<USERREF USERNAME="z2x8989"/>
<USERREF USERNAME="z3x0393"/>
<USERREF USERNAME="z2x2414"/>
<USERREF USERNAME="z2x6169"/>
<USERREF USERNAME="z1x1792"/>
<USERREF USERNAME="z1x9504"/>
<USERREF USERNAME="z2x6038"/>
<USERREF USERNAME="z3x0153"/>
<USERREF USERNAME="z1x2570"/>
<USERREF USERNAME="C179650"/>
<USERREF USERNAME="C179367"/>
<USERREF USERNAME="z2x7767"/>
<USERREF USERNAME="z1x9044"/>
<USERREF USERNAME="C087748"/>
<USERREF USERNAME="z2x6670"/>
<USERREF USERNAME="z1x1800"/>
<USERREF USERNAME="mwilson"/>
<USERREF USERNAME="mdominguez"/>
<USERREF USERNAME="z2x3957"/>
<USERREF USERNAME="Z1X2575"/>
<USERREF USERNAME="Z3X3125"/>
<USERREF USERNAME="z2x7248"/>
<USERREF USERNAME="z1x1824"/>
<USERREF USERNAME="z1x1789"/>
<USERREF USERNAME="z2x6253"/>
<USERREF USERNAME="z2x4979"/>
<USERREF USERNAME="z1x1795"/>
<USERREF USERNAME="z1x1896"/>
<USERREF USERNAME="z1x1804"/>
<USERREF USERNAME="z1x2000"/>
<USERREF USERNAME="rm89018"/>
<USERREF USERNAME="c068502"/>
<USERREF USERNAME="c074090"/>
<USERREF USERNAME="c039853"/>
<USERREF USERNAME="co55624"/>
<USERREF USERNAME="cw86168"/>
<USERREF USERNAME="c171729"/>
<USERREF USERNAME="c015393"/>
<USERREF USERNAME="v0x1656"/>
<USERREF USERNAME="ZPFpkakuk"/>
<USERREF USERNAME="ZPFmduran"/>
<USERREF USERNAME="ZPFonemeth"/>
<USERREF USERNAME="ZPFbszabo"/>
<USERREF USERNAME="ZPFrjankowska"/>
<USERREF USERNAME="ZPFjmasanga"/>
<USERREF USERNAME="ZPFzvecsei"/>
<USERREF USERNAME="ZPFoion"/>
<USERREF USERNAME="ZPFdnagy"/>
<USERREF USERNAME="ZPFplaszlo"/>
<USERREF USERNAME="ZPFdarnold"/>
<USERREF USERNAME="ZPFmyao"/>
<USERREF USERNAME="ZPFaszottfried"/>
<USERREF USERNAME="ZPFgalarcon"/>
<USERREF USERNAME="ZPFlstoica"/>
<USERREF USERNAME="ZPFrraffai"/>
<USERREF USERNAME="ZPFvsimon"/>
<USERREF USERNAME="ZPFmiwaki"/>
<USERREF USERNAME="ZPFahavasi"/>
<USERREF USERNAME="ZPFtshirahata"/>
<USERREF USERNAME="ZPFmogawa"/>
<USERREF USERNAME="ZPFaohtsuka"/>
<USERREF USERNAME="ZPFhmasuda"/>
<USERREF USERNAME="ZPFhsekine"/>
<USERREF USERNAME="ZPFdcleto"/>
<USERREF USERNAME="ZPFjpati"/>
<USERREF USERNAME="ZPFmgarcia"/>
<USERREF USERNAME="ZPFnvergara"/>
<USERREF USERNAME="ZPFelibao"/>
<USERREF USERNAME="ZPFasalazar"/>
<USERREF USERNAME="ZPFcmercado"/>
<USERREF USERNAME="ZPFrsulit"/>
<USERREF USERNAME="ZPFnabogado"/>
<USERREF USERNAME="ZPFjcalbento"/>
<USERREF USERNAME="ZPFwcarmelo"/>
<USERREF USERNAME="ZPFmjcabuhayan"/>
<USERREF USERNAME="ZPFmsantos"/>
<USERREF USERNAME="ZPFjrivera"/>
<USERREF USERNAME="ZPFdhitosis"/>
<USERREF USERNAME="ZPFpmiranda"/>
<USERREF USERNAME="ZPFdalvarado"/>
<USERREF USERNAME="ZPFtcabanes"/>
<USERREF USERNAME="ZPFkmedjoubi"/>
<USERREF USERNAME="ZPFsdamato"/>
<USERREF USERNAME="ZPFahussain"/>
<USERREF USERNAME="ZPFawarsama"/>
<USERREF USERNAME="ZPFasekhon"/>
<USERREF USERNAME="ZPFijohl"/>
<USERREF USERNAME="ZPFvsoni"/>
<USERREF USERNAME="ZPFdweakley"/>
<USERREF USERNAME="ZPFpfarkas"/>
<USERREF USERNAME="ZPFnqi"/>
<USERREF USERNAME="ZPFapervaiz"/>
<USERREF USERNAME="ZPFjamorin"/>
<USERREF USERNAME="ZPFfvarga"/>
<USERREF USERNAME="ZPFhhayashi"/>
<USERREF USERNAME="ZPFpmazur"/>
</SITEGROUP>
<SITEGROUP SITENAME="(130) North Idaho Urology">
<USERREF USERNAME="i5eustscb_RE"/>
<USERREF USERNAME="z3x0912"/>
<USERREF USERNAME="z2x4478"/>
<USERREF USERNAME="z1x1726"/>
<USERREF USERNAME="coder_query"/>
<USERREF USERNAME="si90079"/>
<USERREF USERNAME="rm84102"/>
<USERREF USERNAME="z2x7035"/>
<USERREF USERNAME="z2x9963"/>
<USERREF USERNAME="z3x1758"/>
<USERREF USERNAME="z2x1279"/>
<USERREF USERNAME="z3x0688"/>
<USERREF USERNAME="z3x1326"/>
<USERREF USERNAME="z1x1972"/>
<USERREF USERNAME="z1x1981"/>
<USERREF USERNAME="z1x1702"/>
<USERREF USERNAME="z2x8989"/>
<USERREF USERNAME="z3x0393"/>
<USERREF USERNAME="z2x2414"/>
<USERREF USERNAME="z2x6169"/>
<USERREF USERNAME="z1x1792"/>
<USERREF USERNAME="z1x9504"/>
<USERREF USERNAME="z2x6038"/>
<USERREF USERNAME="z3x0153"/>
<USERREF USERNAME="z1x2570"/>
<USERREF USERNAME="C179650"/>
<USERREF USERNAME="C179367"/>
<USERREF USERNAME="z2x7767"/>
<USERREF USERNAME="z1x9044"/>
<USERREF USERNAME="C087748"/>
<USERREF USERNAME="z2x6670"/>
<USERREF USERNAME="z1x1800"/>
<USERREF USERNAME="ppatterson"/>
<USERREF USERNAME="rclark"/>
<USERREF USERNAME="z2x3957"/>
<USERREF USERNAME="Z1X2575"/>
<USERREF USERNAME="Z3X3125"/>
<USERREF USERNAME="z2x7248"/>
<USERREF USERNAME="z1x1824"/>
<USERREF USERNAME="z1x1789"/>
<USERREF USERNAME="z2x6253"/>
<USERREF USERNAME="z2x4979"/>
<USERREF USERNAME="z1x1795"/>
<USERREF USERNAME="z1x1896"/>
<USERREF USERNAME="z1x1804"/>
<USERREF USERNAME="c021984"/>
<USERREF USERNAME="rm89018"/>
<USERREF USERNAME="c068502"/>
<USERREF USERNAME="c074090"/>
<USERREF USERNAME="c039853"/>
<USERREF USERNAME="co55624"/>
<USERREF USERNAME="cw86168"/>
<USERREF USERNAME="c171729"/>
<USERREF USERNAME="c015393"/>
<USERREF USERNAME="z1x2000"/>
<USERREF USERNAME="z1x0368"/>
<USERREF USERNAME="c100415"/>
<USERREF USERNAME="c143125"/>
<USERREF USERNAME="c089548"/>
<USERREF USERNAME="c131994"/>
<USERREF USERNAME="rm90029"/>
<USERREF USERNAME="c090108"/>
<USERREF USERNAME="v6x8058"/>
<USERREF USERNAME="v0x1656"/>
<USERREF USERNAME="ZPFpkakuk"/>
<USERREF USERNAME="ZPFmduran"/>
<USERREF USERNAME="ZPFonemeth"/>
<USERREF USERNAME="ZPFbszabo"/>
<USERREF USERNAME="ZPFrjankowska"/>
<USERREF USERNAME="ZPFjmasanga"/>
<USERREF USERNAME="ZPFzvecsei"/>
<USERREF USERNAME="ZPFoion"/>
<USERREF USERNAME="ZPFdnagy"/>
<USERREF USERNAME="ZPFplaszlo"/>
<USERREF USERNAME="ZPFdarnold"/>
<USERREF USERNAME="ZPFmyao"/>
<USERREF USERNAME="ZPFaszottfried"/>
<USERREF USERNAME="ZPFgalarcon"/>
<USERREF USERNAME="ZPFlstoica"/>
<USERREF USERNAME="ZPFrraffai"/>
<USERREF USERNAME="ZPFvsimon"/>
<USERREF USERNAME="ZPFmiwaki"/>
<USERREF USERNAME="ZPFahavasi"/>
<USERREF USERNAME="ZPFtshirahata"/>
<USERREF USERNAME="ZPFmogawa"/>
<USERREF USERNAME="ZPFaohtsuka"/>
<USERREF USERNAME="ZPFhmasuda"/>
<USERREF USERNAME="ZPFhsekine"/>
<USERREF USERNAME="ZPFdcleto"/>
<USERREF USERNAME="ZPFjpati"/>
<USERREF USERNAME="ZPFmgarcia"/>
<USERREF USERNAME="ZPFnvergara"/>
<USERREF USERNAME="ZPFelibao"/>
<USERREF USERNAME="ZPFasalazar"/>
<USERREF USERNAME="ZPFcmercado"/>
<USERREF USERNAME="ZPFrsulit"/>
<USERREF USERNAME="ZPFnabogado"/>
<USERREF USERNAME="ZPFjcalbento"/>
<USERREF USERNAME="ZPFwcarmelo"/>
<USERREF USERNAME="ZPFmjcabuhayan"/>
<USERREF USERNAME="ZPFmsantos"/>
<USERREF USERNAME="ZPFjrivera"/>
<USERREF USERNAME="ZPFdhitosis"/>
<USERREF USERNAME="ZPFpmiranda"/>
<USERREF USERNAME="ZPFdalvarado"/>
<USERREF USERNAME="ZPFtcabanes"/>
<USERREF USERNAME="ZPFkmedjoubi"/>
<USERREF USERNAME="ZPFsdamato"/>
<USERREF USERNAME="ZPFahussain"/>
<USERREF USERNAME="ZPFawarsama"/>
<USERREF USERNAME="ZPFasekhon"/>
<USERREF USERNAME="ZPFijohl"/>
<USERREF USERNAME="ZPFvsoni"/>
<USERREF USERNAME="ZPFdweakley"/>
<USERREF USERNAME="ZPFpfarkas"/>
<USERREF USERNAME="ZPFnqi"/>
<USERREF USERNAME="ZPFapervaiz"/>
<USERREF USERNAME="ZPFjamorin"/>
<USERREF USERNAME="ZPFfvarga"/>
<USERREF USERNAME="ZPFhhayashi"/>
<USERREF USERNAME="ZPFpmazur"/>
</SITEGROUP>
<SITEGROUP SITENAME="(330) PMG Research of Cary LLC">
<USERREF USERNAME="i5eustscb_RE"/>
<USERREF USERNAME="z3x0912"/>
<USERREF USERNAME="z2x4478"/>
<USERREF USERNAME="z1x1726"/>
<USERREF USERNAME="coder_query"/>
<USERREF USERNAME="si90079"/>
<USERREF USERNAME="rm84102"/>
<USERREF USERNAME="c021984"/>
<USERREF USERNAME="rm89018"/>
<USERREF USERNAME="c068502"/>
<USERREF USERNAME="c074090"/>
<USERREF USERNAME="c039853"/>
<USERREF USERNAME="co55624"/>
<USERREF USERNAME="cw86168"/>
<USERREF USERNAME="c171729"/>
<USERREF USERNAME="c015393"/>
<USERREF USERNAME="z1x2000"/>
<USERREF USERNAME="z1x0368"/>
<USERREF USERNAME="c100415"/>
<USERREF USERNAME="c143125"/>
<USERREF USERNAME="c089548"/>
<USERREF USERNAME="c131994"/>
<USERREF USERNAME="rm90029"/>
<USERREF USERNAME="c090108"/>
<USERREF USERNAME="v6x8058"/>
<USERREF USERNAME="z2x7248"/>
<USERREF USERNAME="z2x7035"/>
<USERREF USERNAME="z2x9963"/>
<USERREF USERNAME="z3x1758"/>
<USERREF USERNAME="z2x1279"/>
<USERREF USERNAME="z3x0688"/>
<USERREF USERNAME="z3x1326"/>
<USERREF USERNAME="z1x1972"/>
<USERREF USERNAME="z1x1981"/>
<USERREF USERNAME="enowell"/>
<USERREF USERNAME="z2x8989"/>
<USERREF USERNAME="z3x0393"/>
<USERREF USERNAME="z2x2414"/>
<USERREF USERNAME="z2x6169"/>
<USERREF USERNAME="z1x1792"/>
<USERREF USERNAME="z1x9504"/>
<USERREF USERNAME="z2x6038"/>
<USERREF USERNAME="z3x0153"/>
<USERREF USERNAME="C179650"/>
<USERREF USERNAME="C179367"/>
<USERREF USERNAME="z2x7767"/>
<USERREF USERNAME="z1x9044"/>
<USERREF USERNAME="C087748"/>
<USERREF USERNAME="z1x2570"/>
<USERREF USERNAME="z2x6670"/>
<USERREF USERNAME="z1x1800"/>
<USERREF USERNAME="btessena"/>
<USERREF USERNAME="mvancleeff"/>
<USERREF USERNAME="z2x3957"/>
<USERREF USERNAME="Z1X2575"/>
<USERREF USERNAME="Z3X3125"/>
<USERREF USERNAME="z1x1702"/>
<USERREF USERNAME="z1x1824"/>
<USERREF USERNAME="z1x1789"/>
<USERREF USERNAME="z2x6253"/>
<USERREF USERNAME="z2x4979"/>
<USERREF USERNAME="z1x1795"/>
<USERREF USERNAME="z1x1896"/>
<USERREF USERNAME="z1x1804"/>
<USERREF USERNAME="v0x1656"/>
<USERREF USERNAME="ZPFpkakuk"/>
<USERREF USERNAME="ZPFmduran"/>
<USERREF USERNAME="ZPFonemeth"/>
<USERREF USERNAME="ZPFbszabo"/>
<USERREF USERNAME="ZPFrjankowska"/>
<USERREF USERNAME="ZPFjmasanga"/>
<USERREF USERNAME="ZPFzvecsei"/>
<USERREF USERNAME="ZPFoion"/>
<USERREF USERNAME="ZPFdnagy"/>
<USERREF USERNAME="ZPFplaszlo"/>
<USERREF USERNAME="ZPFdarnold"/>
<USERREF USERNAME="ZPFmyao"/>
<USERREF USERNAME="ZPFaszottfried"/>
<USERREF USERNAME="ZPFgalarcon"/>
<USERREF USERNAME="ZPFlstoica"/>
<USERREF USERNAME="ZPFrraffai"/>
<USERREF USERNAME="ZPFvsimon"/>
<USERREF USERNAME="ZPFmiwaki"/>
<USERREF USERNAME="ZPFahavasi"/>
<USERREF USERNAME="ZPFtshirahata"/>
<USERREF USERNAME="ZPFmogawa"/>
<USERREF USERNAME="ZPFaohtsuka"/>
<USERREF USERNAME="ZPFhmasuda"/>
<USERREF USERNAME="ZPFhsekine"/>
<USERREF USERNAME="ZPFdcleto"/>
<USERREF USERNAME="ZPFjpati"/>
<USERREF USERNAME="ZPFmgarcia"/>
<USERREF USERNAME="ZPFnvergara"/>
<USERREF USERNAME="ZPFelibao"/>
<USERREF USERNAME="ZPFasalazar"/>
<USERREF USERNAME="ZPFcmercado"/>
<USERREF USERNAME="ZPFrsulit"/>
<USERREF USERNAME="ZPFnabogado"/>
<USERREF USERNAME="ZPFjcalbento"/>
<USERREF USERNAME="ZPFwcarmelo"/>
<USERREF USERNAME="ZPFmjcabuhayan"/>
<USERREF USERNAME="ZPFmsantos"/>
<USERREF USERNAME="ZPFjrivera"/>
<USERREF USERNAME="ZPFdhitosis"/>
<USERREF USERNAME="ZPFpmiranda"/>
<USERREF USERNAME="ZPFdalvarado"/>
<USERREF USERNAME="ZPFtcabanes"/>
<USERREF USERNAME="ZPFkmedjoubi"/>
<USERREF USERNAME="ZPFsdamato"/>
<USERREF USERNAME="ZPFahussain"/>
<USERREF USERNAME="ZPFawarsama"/>
<USERREF USERNAME="ZPFasekhon"/>
<USERREF USERNAME="ZPFijohl"/>
<USERREF USERNAME="ZPFvsoni"/>
<USERREF USERNAME="ZPFdweakley"/>
<USERREF USERNAME="ZPFpfarkas"/>
<USERREF USERNAME="ZPFnqi"/>
<USERREF USERNAME="ZPFapervaiz"/>
<USERREF USERNAME="ZPFjamorin"/>
<USERREF USERNAME="ZPFfvarga"/>
<USERREF USERNAME="ZPFhhayashi"/>
<USERREF USERNAME="ZPFpmazur"/>
</SITEGROUP>
<SITEGROUP SITENAME="(140) PMG Research of Salisbury LLC">
<USERREF USERNAME="i5eustscb_RE"/>
<USERREF USERNAME="z3x0912"/>
<USERREF USERNAME="z2x4478"/>
<USERREF USERNAME="z1x1726"/>
<USERREF USERNAME="coder_query"/>
<USERREF USERNAME="si90079"/>
<USERREF USERNAME="rm84102"/>
<USERREF USERNAME="z1x1824"/>
<USERREF USERNAME="z1x1789"/>
<USERREF USERNAME="z2x6253"/>
<USERREF USERNAME="z2x4979"/>
<USERREF USERNAME="z1x1795"/>
<USERREF USERNAME="z1x1896"/>
<USERREF USERNAME="z1x1804"/>
<USERREF USERNAME="z1x2000"/>
<USERREF USERNAME="z1x0368"/>
<USERREF USERNAME="z1x2570"/>
<USERREF USERNAME="z2x6670"/>
<USERREF USERNAME="z1x1800"/>
<USERREF USERNAME="wcline"/>
<USERREF USERNAME="z2x3957"/>
<USERREF USERNAME="Z1X2575"/>
<USERREF USERNAME="Z3X3125"/>
<USERREF USERNAME="z2x7248"/>
<USERREF USERNAME="z2x7035"/>
<USERREF USERNAME="C179650"/>
<USERREF USERNAME="C179367"/>
<USERREF USERNAME="z2x7767"/>
<USERREF USERNAME="z1x9044"/>
<USERREF USERNAME="C087748"/>
<USERREF USERNAME="afox"/>
<USERREF USERNAME="sbarnhardt"/>
<USERREF USERNAME="z2x8989"/>
<USERREF USERNAME="z3x0393"/>
<USERREF USERNAME="z2x2414"/>
<USERREF USERNAME="z2x6169"/>
<USERREF USERNAME="z1x1792"/>
<USERREF USERNAME="z1x9504"/>
<USERREF USERNAME="z2x6038"/>
<USERREF USERNAME="z3x0153"/>
<USERREF USERNAME="z2x9963"/>
<USERREF USERNAME="z3x1758"/>
<USERREF USERNAME="z2x1279"/>
<USERREF USERNAME="z3x0688"/>
<USERREF USERNAME="z3x1326"/>
<USERREF USERNAME="z1x1972"/>
<USERREF USERNAME="z1x1981"/>
<USERREF USERNAME="z1x1702"/>
<USERREF USERNAME="c100415"/>
<USERREF USERNAME="c143125"/>
<USERREF USERNAME="c089548"/>
<USERREF USERNAME="c131994"/>
<USERREF USERNAME="rm90029"/>
<USERREF USERNAME="c090108"/>
<USERREF USERNAME="v6x8058"/>
<USERREF USERNAME="c021984"/>
<USERREF USERNAME="rm89018"/>
<USERREF USERNAME="c068502"/>
<USERREF USERNAME="c074090"/>
<USERREF USERNAME="c039853"/>
<USERREF USERNAME="co55624"/>
<USERREF USERNAME="cw86168"/>
<USERREF USERNAME="c171729"/>
<USERREF USERNAME="c015393"/>
<USERREF USERNAME="v0x1656"/>
<USERREF USERNAME="ZPFpkakuk"/>
<USERREF USERNAME="ZPFmduran"/>
<USERREF USERNAME="ZPFonemeth"/>
<USERREF USERNAME="ZPFbszabo"/>
<USERREF USERNAME="ZPFrjankowska"/>
<USERREF USERNAME="ZPFjmasanga"/>
<USERREF USERNAME="ZPFzvecsei"/>
<USERREF USERNAME="ZPFoion"/>
<USERREF USERNAME="ZPFdnagy"/>
<USERREF USERNAME="ZPFplaszlo"/>
<USERREF USERNAME="ZPFdarnold"/>
<USERREF USERNAME="ZPFmyao"/>
<USERREF USERNAME="ZPFaszottfried"/>
<USERREF USERNAME="ZPFgalarcon"/>
<USERREF USERNAME="ZPFlstoica"/>
<USERREF USERNAME="ZPFrraffai"/>
<USERREF USERNAME="ZPFvsimon"/>
<USERREF USERNAME="ZPFmiwaki"/>
<USERREF USERNAME="ZPFahavasi"/>
<USERREF USERNAME="ZPFtshirahata"/>
<USERREF USERNAME="ZPFmogawa"/>
<USERREF USERNAME="ZPFaohtsuka"/>
<USERREF USERNAME="ZPFhmasuda"/>
<USERREF USERNAME="ZPFhsekine"/>
<USERREF USERNAME="ZPFdcleto"/>
<USERREF USERNAME="ZPFjpati"/>
<USERREF USERNAME="ZPFmgarcia"/>
<USERREF USERNAME="ZPFnvergara"/>
<USERREF USERNAME="ZPFelibao"/>
<USERREF USERNAME="ZPFasalazar"/>
<USERREF USERNAME="ZPFcmercado"/>
<USERREF USERNAME="ZPFrsulit"/>
<USERREF USERNAME="ZPFnabogado"/>
<USERREF USERNAME="ZPFjcalbento"/>
<USERREF USERNAME="ZPFwcarmelo"/>
<USERREF USERNAME="ZPFmjcabuhayan"/>
<USERREF USERNAME="ZPFmsantos"/>
<USERREF USERNAME="ZPFjrivera"/>
<USERREF USERNAME="ZPFdhitosis"/>
<USERREF USERNAME="ZPFpmiranda"/>
<USERREF USERNAME="ZPFdalvarado"/>
<USERREF USERNAME="ZPFtcabanes"/>
<USERREF USERNAME="ZPFkmedjoubi"/>
<USERREF USERNAME="ZPFsdamato"/>
<USERREF USERNAME="ZPFahussain"/>
<USERREF USERNAME="ZPFawarsama"/>
<USERREF USERNAME="ZPFasekhon"/>
<USERREF USERNAME="ZPFijohl"/>
<USERREF USERNAME="ZPFvsoni"/>
<USERREF USERNAME="ZPFdweakley"/>
<USERREF USERNAME="ZPFpfarkas"/>
<USERREF USERNAME="ZPFnqi"/>
<USERREF USERNAME="ZPFapervaiz"/>
<USERREF USERNAME="ZPFjamorin"/>
<USERREF USERNAME="ZPFfvarga"/>
<USERREF USERNAME="ZPFhhayashi"/>
<USERREF USERNAME="ZPFpmazur"/>
</SITEGROUP>
<SITEGROUP SITENAME="(190) Polyclinic">
<USERREF USERNAME="i5eustscb_RE"/>
<USERREF USERNAME="z3x0912"/>
<USERREF USERNAME="z2x4478"/>
<USERREF USERNAME="z1x1726"/>
<USERREF USERNAME="coder_query"/>
<USERREF USERNAME="si90079"/>
<USERREF USERNAME="rm84102"/>
<USERREF USERNAME="c021984"/>
<USERREF USERNAME="rm89018"/>
<USERREF USERNAME="c068502"/>
<USERREF USERNAME="c074090"/>
<USERREF USERNAME="c039853"/>
<USERREF USERNAME="co55624"/>
<USERREF USERNAME="cw86168"/>
<USERREF USERNAME="c171729"/>
<USERREF USERNAME="c015393"/>
<USERREF USERNAME="z1x1800"/>
<USERREF USERNAME="mocallaghan"/>
<USERREF USERNAME="jelwell"/>
<USERREF USERNAME="kgross"/>
<USERREF USERNAME="z2x3957"/>
<USERREF USERNAME="Z1X2575"/>
<USERREF USERNAME="Z3X3125"/>
<USERREF USERNAME="z2x7248"/>
<USERREF USERNAME="z2x7035"/>
<USERREF USERNAME="C179650"/>
<USERREF USERNAME="C179367"/>
<USERREF USERNAME="z2x7767"/>
<USERREF USERNAME="z1x9044"/>
<USERREF USERNAME="C087748"/>
<USERREF USERNAME="z2x8989"/>
<USERREF USERNAME="z3x0393"/>
<USERREF USERNAME="z2x2414"/>
<USERREF USERNAME="z2x6169"/>
<USERREF USERNAME="z1x1792"/>
<USERREF USERNAME="z1x9504"/>
<USERREF USERNAME="z2x6038"/>
<USERREF USERNAME="z3x0153"/>
<USERREF USERNAME="z1x2570"/>
<USERREF USERNAME="z2x6670"/>
<USERREF USERNAME="z2x9963"/>
<USERREF USERNAME="z3x1758"/>
<USERREF USERNAME="z2x1279"/>
<USERREF USERNAME="z3x0688"/>
<USERREF USERNAME="z3x1326"/>
<USERREF USERNAME="z1x1972"/>
<USERREF USERNAME="z1x1981"/>
<USERREF USERNAME="z1x1702"/>
<USERREF USERNAME="z1x1824"/>
<USERREF USERNAME="z1x1789"/>
<USERREF USERNAME="z2x6253"/>
<USERREF USERNAME="z2x4979"/>
<USERREF USERNAME="z1x1795"/>
<USERREF USERNAME="z1x1896"/>
<USERREF USERNAME="z1x1804"/>
<USERREF USERNAME="z1x2000"/>
<USERREF USERNAME="z1x0368"/>
<USERREF USERNAME="c100415"/>
<USERREF USERNAME="c143125"/>
<USERREF USERNAME="c089548"/>
<USERREF USERNAME="c131994"/>
<USERREF USERNAME="rm90029"/>
<USERREF USERNAME="c090108"/>
<USERREF USERNAME="v6x8058"/>
<USERREF USERNAME="v0x1656"/>
<USERREF USERNAME="ZPFpkakuk"/>
<USERREF USERNAME="ZPFmduran"/>
<USERREF USERNAME="ZPFonemeth"/>
<USERREF USERNAME="ZPFbszabo"/>
<USERREF USERNAME="ZPFrjankowska"/>
<USERREF USERNAME="ZPFjmasanga"/>
<USERREF USERNAME="ZPFzvecsei"/>
<USERREF USERNAME="ZPFoion"/>
<USERREF USERNAME="ZPFdnagy"/>
<USERREF USERNAME="ZPFplaszlo"/>
<USERREF USERNAME="ZPFdarnold"/>
<USERREF USERNAME="ZPFmyao"/>
<USERREF USERNAME="ZPFaszottfried"/>
<USERREF USERNAME="ZPFgalarcon"/>
<USERREF USERNAME="ZPFlstoica"/>
<USERREF USERNAME="ZPFrraffai"/>
<USERREF USERNAME="ZPFvsimon"/>
<USERREF USERNAME="ZPFmiwaki"/>
<USERREF USERNAME="ZPFahavasi"/>
<USERREF USERNAME="ZPFtshirahata"/>
<USERREF USERNAME="ZPFmogawa"/>
<USERREF USERNAME="ZPFaohtsuka"/>
<USERREF USERNAME="ZPFhmasuda"/>
<USERREF USERNAME="ZPFhsekine"/>
<USERREF USERNAME="ZPFdcleto"/>
<USERREF USERNAME="ZPFjpati"/>
<USERREF USERNAME="ZPFmgarcia"/>
<USERREF USERNAME="ZPFnvergara"/>
<USERREF USERNAME="ZPFelibao"/>
<USERREF USERNAME="ZPFasalazar"/>
<USERREF USERNAME="ZPFcmercado"/>
<USERREF USERNAME="ZPFrsulit"/>
<USERREF USERNAME="ZPFnabogado"/>
<USERREF USERNAME="ZPFjcalbento"/>
<USERREF USERNAME="ZPFwcarmelo"/>
<USERREF USERNAME="ZPFmjcabuhayan"/>
<USERREF USERNAME="ZPFmsantos"/>
<USERREF USERNAME="ZPFjrivera"/>
<USERREF USERNAME="ZPFdhitosis"/>
<USERREF USERNAME="ZPFpmiranda"/>
<USERREF USERNAME="ZPFdalvarado"/>
<USERREF USERNAME="ZPFtcabanes"/>
<USERREF USERNAME="ZPFkmedjoubi"/>
<USERREF USERNAME="ZPFsdamato"/>
<USERREF USERNAME="ZPFahussain"/>
<USERREF USERNAME="ZPFawarsama"/>
<USERREF USERNAME="ZPFasekhon"/>
<USERREF USERNAME="ZPFijohl"/>
<USERREF USERNAME="ZPFvsoni"/>
<USERREF USERNAME="ZPFdweakley"/>
<USERREF USERNAME="ZPFpfarkas"/>
<USERREF USERNAME="ZPFnqi"/>
<USERREF USERNAME="ZPFapervaiz"/>
<USERREF USERNAME="ZPFjamorin"/>
<USERREF USERNAME="ZPFfvarga"/>
<USERREF USERNAME="ZPFhhayashi"/>
<USERREF USERNAME="ZPFpmazur"/>
</SITEGROUP>
<SITEGROUP SITENAME="(180) Premier Medical Group of the Hudson Valley PC">
<USERREF USERNAME="i5eustscb_RE"/>
<USERREF USERNAME="z3x0912"/>
<USERREF USERNAME="z2x4478"/>
<USERREF USERNAME="z1x1726"/>
<USERREF USERNAME="coder_query"/>
<USERREF USERNAME="si90079"/>
<USERREF USERNAME="rm84102"/>
<USERREF USERNAME="z1x0368"/>
<USERREF USERNAME="c100415"/>
<USERREF USERNAME="c143125"/>
<USERREF USERNAME="c089548"/>
<USERREF USERNAME="c131994"/>
<USERREF USERNAME="rm90029"/>
<USERREF USERNAME="c090108"/>
<USERREF USERNAME="v6x8058"/>
<USERREF USERNAME="c021984"/>
<USERREF USERNAME="z2x7035"/>
<USERREF USERNAME="z2x9963"/>
<USERREF USERNAME="z3x1758"/>
<USERREF USERNAME="z2x1279"/>
<USERREF USERNAME="z3x0688"/>
<USERREF USERNAME="z3x1326"/>
<USERREF USERNAME="z1x1972"/>
<USERREF USERNAME="z1x1981"/>
<USERREF USERNAME="z1x1702"/>
<USERREF USERNAME="z3x0393"/>
<USERREF USERNAME="z2x2414"/>
<USERREF USERNAME="z2x6169"/>
<USERREF USERNAME="z1x1792"/>
<USERREF USERNAME="z1x9504"/>
<USERREF USERNAME="z2x6038"/>
<USERREF USERNAME="z3x0153"/>
<USERREF USERNAME="z1x2570"/>
<USERREF USERNAME="z2x6670"/>
<USERREF USERNAME="C179650"/>
<USERREF USERNAME="C179367"/>
<USERREF USERNAME="z2x7767"/>
<USERREF USERNAME="z1x9044"/>
<USERREF USERNAME="C087748"/>
<USERREF USERNAME="z2x8989"/>
<USERREF USERNAME="z1x1800"/>
<USERREF USERNAME="lcrespi"/>
<USERREF USERNAME="klavignesecord"/>
<USERREF USERNAME="egoldfischer"/>
<USERREF USERNAME="z2x3957"/>
<USERREF USERNAME="Z1X2575"/>
<USERREF USERNAME="Z3X3125"/>
<USERREF USERNAME="z2x7248"/>
<USERREF USERNAME="z1x1824"/>
<USERREF USERNAME="z1x1789"/>
<USERREF USERNAME="z2x6253"/>
<USERREF USERNAME="z2x4979"/>
<USERREF USERNAME="z1x1795"/>
<USERREF USERNAME="z1x1896"/>
<USERREF USERNAME="z1x1804"/>
<USERREF USERNAME="z1x2000"/>
<USERREF USERNAME="rm89018"/>
<USERREF USERNAME="c068502"/>
<USERREF USERNAME="c074090"/>
<USERREF USERNAME="c039853"/>
<USERREF USERNAME="co55624"/>
<USERREF USERNAME="cw86168"/>
<USERREF USERNAME="c171729"/>
<USERREF USERNAME="c015393"/>
<USERREF USERNAME="v0x1656"/>
<USERREF USERNAME="ZPFpkakuk"/>
<USERREF USERNAME="ZPFmduran"/>
<USERREF USERNAME="ZPFonemeth"/>
<USERREF USERNAME="ZPFbszabo"/>
<USERREF USERNAME="ZPFrjankowska"/>
<USERREF USERNAME="ZPFjmasanga"/>
<USERREF USERNAME="ZPFzvecsei"/>
<USERREF USERNAME="ZPFoion"/>
<USERREF USERNAME="ZPFdnagy"/>
<USERREF USERNAME="ZPFplaszlo"/>
<USERREF USERNAME="ZPFdarnold"/>
<USERREF USERNAME="ZPFmyao"/>
<USERREF USERNAME="ZPFaszottfried"/>
<USERREF USERNAME="ZPFgalarcon"/>
<USERREF USERNAME="ZPFlstoica"/>
<USERREF USERNAME="ZPFrraffai"/>
<USERREF USERNAME="ZPFvsimon"/>
<USERREF USERNAME="ZPFmiwaki"/>
<USERREF USERNAME="ZPFahavasi"/>
<USERREF USERNAME="ZPFtshirahata"/>
<USERREF USERNAME="ZPFmogawa"/>
<USERREF USERNAME="ZPFaohtsuka"/>
<USERREF USERNAME="ZPFhmasuda"/>
<USERREF USERNAME="ZPFhsekine"/>
<USERREF USERNAME="ZPFdcleto"/>
<USERREF USERNAME="ZPFjpati"/>
<USERREF USERNAME="ZPFmgarcia"/>
<USERREF USERNAME="ZPFnvergara"/>
<USERREF USERNAME="ZPFelibao"/>
<USERREF USERNAME="ZPFasalazar"/>
<USERREF USERNAME="ZPFcmercado"/>
<USERREF USERNAME="ZPFrsulit"/>
<USERREF USERNAME="ZPFnabogado"/>
<USERREF USERNAME="ZPFjcalbento"/>
<USERREF USERNAME="ZPFwcarmelo"/>
<USERREF USERNAME="ZPFmjcabuhayan"/>
<USERREF USERNAME="ZPFmsantos"/>
<USERREF USERNAME="ZPFjrivera"/>
<USERREF USERNAME="ZPFdhitosis"/>
<USERREF USERNAME="ZPFpmiranda"/>
<USERREF USERNAME="ZPFdalvarado"/>
<USERREF USERNAME="ZPFtcabanes"/>
<USERREF USERNAME="ZPFkmedjoubi"/>
<USERREF USERNAME="ZPFsdamato"/>
<USERREF USERNAME="ZPFahussain"/>
<USERREF USERNAME="ZPFawarsama"/>
<USERREF USERNAME="ZPFasekhon"/>
<USERREF USERNAME="ZPFijohl"/>
<USERREF USERNAME="ZPFvsoni"/>
<USERREF USERNAME="ZPFdweakley"/>
<USERREF USERNAME="ZPFpfarkas"/>
<USERREF USERNAME="ZPFnqi"/>
<USERREF USERNAME="ZPFapervaiz"/>
<USERREF USERNAME="ZPFjamorin"/>
<USERREF USERNAME="ZPFfvarga"/>
<USERREF USERNAME="ZPFhhayashi"/>
<USERREF USERNAME="ZPFpmazur"/>
</SITEGROUP>
<SITEGROUP SITENAME="(300) Research Institute of Deaconess Clinic">
<USERREF USERNAME="i5eustscb_RE"/>
<USERREF USERNAME="z3x0912"/>
<USERREF USERNAME="z2x4478"/>
<USERREF USERNAME="z1x1726"/>
<USERREF USERNAME="coder_query"/>
<USERREF USERNAME="si90079"/>
<USERREF USERNAME="rm84102"/>
<USERREF USERNAME="c021984"/>
<USERREF USERNAME="rm89018"/>
<USERREF USERNAME="c068502"/>
<USERREF USERNAME="c074090"/>
<USERREF USERNAME="c039853"/>
<USERREF USERNAME="co55624"/>
<USERREF USERNAME="cw86168"/>
<USERREF USERNAME="c171729"/>
<USERREF USERNAME="c015393"/>
<USERREF USERNAME="C179650"/>
<USERREF USERNAME="C179367"/>
<USERREF USERNAME="z2x7767"/>
<USERREF USERNAME="z1x9044"/>
<USERREF USERNAME="C087748"/>
<USERREF USERNAME="z2x8989"/>
<USERREF USERNAME="z3x0393"/>
<USERREF USERNAME="z2x2414"/>
<USERREF USERNAME="z2x6169"/>
<USERREF USERNAME="z1x1792"/>
<USERREF USERNAME="z1x9504"/>
<USERREF USERNAME="z2x6038"/>
<USERREF USERNAME="z3x0153"/>
<USERREF USERNAME="z1x2570"/>
<USERREF USERNAME="z2x6670"/>
<USERREF USERNAME="z1x1800"/>
<USERREF USERNAME="taldrich"/>
<USERREF USERNAME="psiami"/>
<USERREF USERNAME="z2x3957"/>
<USERREF USERNAME="Z1X2575"/>
<USERREF USERNAME="Z3X3125"/>
<USERREF USERNAME="z2x7248"/>
<USERREF USERNAME="z2x7035"/>
<USERREF USERNAME="z2x9963"/>
<USERREF USERNAME="z3x1758"/>
<USERREF USERNAME="z2x1279"/>
<USERREF USERNAME="z3x0688"/>
<USERREF USERNAME="z3x1326"/>
<USERREF USERNAME="z1x1972"/>
<USERREF USERNAME="z1x1981"/>
<USERREF USERNAME="z1x1702"/>
<USERREF USERNAME="z1x1824"/>
<USERREF USERNAME="z1x1789"/>
<USERREF USERNAME="z2x6253"/>
<USERREF USERNAME="z2x4979"/>
<USERREF USERNAME="z1x1795"/>
<USERREF USERNAME="z1x1896"/>
<USERREF USERNAME="z1x1804"/>
<USERREF USERNAME="z1x2000"/>
<USERREF USERNAME="z1x0368"/>
<USERREF USERNAME="c100415"/>
<USERREF USERNAME="c143125"/>
<USERREF USERNAME="c089548"/>
<USERREF USERNAME="c131994"/>
<USERREF USERNAME="rm90029"/>
<USERREF USERNAME="c090108"/>
<USERREF USERNAME="v6x8058"/>
<USERREF USERNAME="v0x1656"/>
<USERREF USERNAME="ZPFpkakuk"/>
<USERREF USERNAME="ZPFmduran"/>
<USERREF USERNAME="ZPFonemeth"/>
<USERREF USERNAME="ZPFbszabo"/>
<USERREF USERNAME="ZPFrjankowska"/>
<USERREF USERNAME="ZPFjmasanga"/>
<USERREF USERNAME="ZPFzvecsei"/>
<USERREF USERNAME="ZPFoion"/>
<USERREF USERNAME="ZPFdnagy"/>
<USERREF USERNAME="ZPFplaszlo"/>
<USERREF USERNAME="ZPFdarnold"/>
<USERREF USERNAME="ZPFmyao"/>
<USERREF USERNAME="ZPFaszottfried"/>
<USERREF USERNAME="ZPFgalarcon"/>
<USERREF USERNAME="ZPFlstoica"/>
<USERREF USERNAME="ZPFrraffai"/>
<USERREF USERNAME="ZPFvsimon"/>
<USERREF USERNAME="ZPFmiwaki"/>
<USERREF USERNAME="ZPFahavasi"/>
<USERREF USERNAME="ZPFtshirahata"/>
<USERREF USERNAME="ZPFmogawa"/>
<USERREF USERNAME="ZPFaohtsuka"/>
<USERREF USERNAME="ZPFhmasuda"/>
<USERREF USERNAME="ZPFhsekine"/>
<USERREF USERNAME="ZPFdcleto"/>
<USERREF USERNAME="ZPFjpati"/>
<USERREF USERNAME="ZPFmgarcia"/>
<USERREF USERNAME="ZPFnvergara"/>
<USERREF USERNAME="ZPFelibao"/>
<USERREF USERNAME="ZPFasalazar"/>
<USERREF USERNAME="ZPFcmercado"/>
<USERREF USERNAME="ZPFrsulit"/>
<USERREF USERNAME="ZPFnabogado"/>
<USERREF USERNAME="ZPFjcalbento"/>
<USERREF USERNAME="ZPFwcarmelo"/>
<USERREF USERNAME="ZPFmjcabuhayan"/>
<USERREF USERNAME="ZPFmsantos"/>
<USERREF USERNAME="ZPFjrivera"/>
<USERREF USERNAME="ZPFdhitosis"/>
<USERREF USERNAME="ZPFpmiranda"/>
<USERREF USERNAME="ZPFdalvarado"/>
<USERREF USERNAME="ZPFtcabanes"/>
<USERREF USERNAME="ZPFkmedjoubi"/>
<USERREF USERNAME="ZPFsdamato"/>
<USERREF USERNAME="ZPFahussain"/>
<USERREF USERNAME="ZPFawarsama"/>
<USERREF USERNAME="ZPFasekhon"/>
<USERREF USERNAME="ZPFijohl"/>
<USERREF USERNAME="ZPFvsoni"/>
<USERREF USERNAME="ZPFdweakley"/>
<USERREF USERNAME="ZPFpfarkas"/>
<USERREF USERNAME="ZPFnqi"/>
<USERREF USERNAME="ZPFapervaiz"/>
<USERREF USERNAME="ZPFjamorin"/>
<USERREF USERNAME="ZPFfvarga"/>
<USERREF USERNAME="ZPFhhayashi"/>
<USERREF USERNAME="ZPFpmazur"/>
</SITEGROUP>
<SITEGROUP SITENAME="(240) SD Uro-Research">
<USERREF USERNAME="i5eustscb_RE"/>
<USERREF USERNAME="z3x0912"/>
<USERREF USERNAME="z2x4478"/>
<USERREF USERNAME="z1x1726"/>
<USERREF USERNAME="coder_query"/>
<USERREF USERNAME="si90079"/>
<USERREF USERNAME="rm84102"/>
<USERREF USERNAME="C179650"/>
<USERREF USERNAME="C179367"/>
<USERREF USERNAME="z2x7767"/>
<USERREF USERNAME="z1x9044"/>
<USERREF USERNAME="C087748"/>
<USERREF USERNAME="z2x8989"/>
<USERREF USERNAME="z3x0393"/>
<USERREF USERNAME="z2x2414"/>
<USERREF USERNAME="z2x6169"/>
<USERREF USERNAME="z1x1792"/>
<USERREF USERNAME="z1x9504"/>
<USERREF USERNAME="z2x6038"/>
<USERREF USERNAME="z3x0153"/>
<USERREF USERNAME="z1x0368"/>
<USERREF USERNAME="c100415"/>
<USERREF USERNAME="c143125"/>
<USERREF USERNAME="c089548"/>
<USERREF USERNAME="c131994"/>
<USERREF USERNAME="rm90029"/>
<USERREF USERNAME="c090108"/>
<USERREF USERNAME="v6x8058"/>
<USERREF USERNAME="c021984"/>
<USERREF USERNAME="z1x1702"/>
<USERREF USERNAME="z1x1824"/>
<USERREF USERNAME="z1x1789"/>
<USERREF USERNAME="z2x6253"/>
<USERREF USERNAME="z2x4979"/>
<USERREF USERNAME="z1x1795"/>
<USERREF USERNAME="z1x1896"/>
<USERREF USERNAME="z1x1804"/>
<USERREF USERNAME="z1x2000"/>
<USERREF USERNAME="z1x2570"/>
<USERREF USERNAME="z2x6670"/>
<USERREF USERNAME="z1x1800"/>
<USERREF USERNAME="psanchezemery"/>
<USERREF USERNAME="wmoseley"/>
<USERREF USERNAME="z2x3957"/>
<USERREF USERNAME="Z1X2575"/>
<USERREF USERNAME="Z3X3125"/>
<USERREF USERNAME="z2x7248"/>
<USERREF USERNAME="z2x7035"/>
<USERREF USERNAME="z2x9963"/>
<USERREF USERNAME="z3x1758"/>
<USERREF USERNAME="z2x1279"/>
<USERREF USERNAME="z3x0688"/>
<USERREF USERNAME="z3x1326"/>
<USERREF USERNAME="z1x1972"/>
<USERREF USERNAME="z1x1981"/>
<USERREF USERNAME="rm89018"/>
<USERREF USERNAME="c068502"/>
<USERREF USERNAME="c074090"/>
<USERREF USERNAME="c039853"/>
<USERREF USERNAME="co55624"/>
<USERREF USERNAME="cw86168"/>
<USERREF USERNAME="c171729"/>
<USERREF USERNAME="c015393"/>
<USERREF USERNAME="v0x1656"/>
<USERREF USERNAME="ZPFpkakuk"/>
<USERREF USERNAME="ZPFmduran"/>
<USERREF USERNAME="ZPFonemeth"/>
<USERREF USERNAME="ZPFbszabo"/>
<USERREF USERNAME="ZPFrjankowska"/>
<USERREF USERNAME="ZPFjmasanga"/>
<USERREF USERNAME="ZPFzvecsei"/>
<USERREF USERNAME="ZPFoion"/>
<USERREF USERNAME="ZPFdnagy"/>
<USERREF USERNAME="ZPFplaszlo"/>
<USERREF USERNAME="ZPFdarnold"/>
<USERREF USERNAME="ZPFmyao"/>
<USERREF USERNAME="ZPFaszottfried"/>
<USERREF USERNAME="ZPFgalarcon"/>
<USERREF USERNAME="ZPFlstoica"/>
<USERREF USERNAME="ZPFrraffai"/>
<USERREF USERNAME="ZPFvsimon"/>
<USERREF USERNAME="ZPFmiwaki"/>
<USERREF USERNAME="ZPFahavasi"/>
<USERREF USERNAME="ZPFtshirahata"/>
<USERREF USERNAME="ZPFmogawa"/>
<USERREF USERNAME="ZPFaohtsuka"/>
<USERREF USERNAME="ZPFhmasuda"/>
<USERREF USERNAME="ZPFhsekine"/>
<USERREF USERNAME="ZPFdcleto"/>
<USERREF USERNAME="ZPFjpati"/>
<USERREF USERNAME="ZPFmgarcia"/>
<USERREF USERNAME="ZPFnvergara"/>
<USERREF USERNAME="ZPFelibao"/>
<USERREF USERNAME="ZPFasalazar"/>
<USERREF USERNAME="ZPFcmercado"/>
<USERREF USERNAME="ZPFrsulit"/>
<USERREF USERNAME="ZPFnabogado"/>
<USERREF USERNAME="ZPFjcalbento"/>
<USERREF USERNAME="ZPFwcarmelo"/>
<USERREF USERNAME="ZPFmjcabuhayan"/>
<USERREF USERNAME="ZPFmsantos"/>
<USERREF USERNAME="ZPFjrivera"/>
<USERREF USERNAME="ZPFdhitosis"/>
<USERREF USERNAME="ZPFpmiranda"/>
<USERREF USERNAME="ZPFdalvarado"/>
<USERREF USERNAME="ZPFtcabanes"/>
<USERREF USERNAME="ZPFkmedjoubi"/>
<USERREF USERNAME="ZPFsdamato"/>
<USERREF USERNAME="ZPFahussain"/>
<USERREF USERNAME="ZPFawarsama"/>
<USERREF USERNAME="ZPFasekhon"/>
<USERREF USERNAME="ZPFijohl"/>
<USERREF USERNAME="ZPFvsoni"/>
<USERREF USERNAME="ZPFdweakley"/>
<USERREF USERNAME="ZPFpfarkas"/>
<USERREF USERNAME="ZPFnqi"/>
<USERREF USERNAME="ZPFapervaiz"/>
<USERREF USERNAME="ZPFjamorin"/>
<USERREF USERNAME="ZPFfvarga"/>
<USERREF USERNAME="ZPFhhayashi"/>
<USERREF USERNAME="ZPFpmazur"/>
</SITEGROUP>
<SITEGROUP SITENAME="(230) Skyline Medical Center PC Clinical Research Advantage">
<USERREF USERNAME="i5eustscb_RE"/>
<USERREF USERNAME="z3x0912"/>
<USERREF USERNAME="z2x4478"/>
<USERREF USERNAME="z1x1726"/>
<USERREF USERNAME="coder_query"/>
<USERREF USERNAME="si90079"/>
<USERREF USERNAME="rm84102"/>
<USERREF USERNAME="z2x2414"/>
<USERREF USERNAME="z2x6169"/>
<USERREF USERNAME="z1x1792"/>
<USERREF USERNAME="z1x9504"/>
<USERREF USERNAME="z2x6038"/>
<USERREF USERNAME="z3x0153"/>
<USERREF USERNAME="z1x2570"/>
<USERREF USERNAME="z2x6670"/>
<USERREF USERNAME="z1x1800"/>
<USERREF USERNAME="C179650"/>
<USERREF USERNAME="C179367"/>
<USERREF USERNAME="z2x7767"/>
<USERREF USERNAME="z1x9044"/>
<USERREF USERNAME="C087748"/>
<USERREF USERNAME="z2x8989"/>
<USERREF USERNAME="z3x0393"/>
<USERREF USERNAME="mgoodrich"/>
<USERREF USERNAME="jmitchell"/>
<USERREF USERNAME="emontanez"/>
<USERREF USERNAME="wfitzgibbons"/>
<USERREF USERNAME="z2x3957"/>
<USERREF USERNAME="Z1X2575"/>
<USERREF USERNAME="Z3X3125"/>
<USERREF USERNAME="c021984"/>
<USERREF USERNAME="rm89018"/>
<USERREF USERNAME="c068502"/>
<USERREF USERNAME="c074090"/>
<USERREF USERNAME="c039853"/>
<USERREF USERNAME="co55624"/>
<USERREF USERNAME="cw86168"/>
<USERREF USERNAME="c171729"/>
<USERREF USERNAME="c015393"/>
<USERREF USERNAME="z1x2000"/>
<USERREF USERNAME="z1x0368"/>
<USERREF USERNAME="c100415"/>
<USERREF USERNAME="c143125"/>
<USERREF USERNAME="c089548"/>
<USERREF USERNAME="c131994"/>
<USERREF USERNAME="rm90029"/>
<USERREF USERNAME="c090108"/>
<USERREF USERNAME="v6x8058"/>
<USERREF USERNAME="z2x7248"/>
<USERREF USERNAME="z2x7035"/>
<USERREF USERNAME="z2x9963"/>
<USERREF USERNAME="z3x1758"/>
<USERREF USERNAME="z2x1279"/>
<USERREF USERNAME="z3x0688"/>
<USERREF USERNAME="z3x1326"/>
<USERREF USERNAME="z1x1972"/>
<USERREF USERNAME="z1x1981"/>
<USERREF USERNAME="z1x1702"/>
<USERREF USERNAME="z1x1824"/>
<USERREF USERNAME="z1x1789"/>
<USERREF USERNAME="z2x6253"/>
<USERREF USERNAME="z2x4979"/>
<USERREF USERNAME="z1x1795"/>
<USERREF USERNAME="z1x1896"/>
<USERREF USERNAME="z1x1804"/>
<USERREF USERNAME="v0x1656"/>
<USERREF USERNAME="ZPFpkakuk"/>
<USERREF USERNAME="ZPFmduran"/>
<USERREF USERNAME="ZPFonemeth"/>
<USERREF USERNAME="ZPFbszabo"/>
<USERREF USERNAME="ZPFrjankowska"/>
<USERREF USERNAME="ZPFjmasanga"/>
<USERREF USERNAME="ZPFzvecsei"/>
<USERREF USERNAME="ZPFoion"/>
<USERREF USERNAME="ZPFdnagy"/>
<USERREF USERNAME="ZPFplaszlo"/>
<USERREF USERNAME="ZPFdarnold"/>
<USERREF USERNAME="ZPFmyao"/>
<USERREF USERNAME="ZPFaszottfried"/>
<USERREF USERNAME="ZPFgalarcon"/>
<USERREF USERNAME="ZPFlstoica"/>
<USERREF USERNAME="ZPFrraffai"/>
<USERREF USERNAME="ZPFvsimon"/>
<USERREF USERNAME="ZPFmiwaki"/>
<USERREF USERNAME="ZPFahavasi"/>
<USERREF USERNAME="ZPFtshirahata"/>
<USERREF USERNAME="ZPFmogawa"/>
<USERREF USERNAME="ZPFaohtsuka"/>
<USERREF USERNAME="ZPFhmasuda"/>
<USERREF USERNAME="ZPFhsekine"/>
<USERREF USERNAME="ZPFdcleto"/>
<USERREF USERNAME="ZPFjpati"/>
<USERREF USERNAME="ZPFmgarcia"/>
<USERREF USERNAME="ZPFnvergara"/>
<USERREF USERNAME="ZPFelibao"/>
<USERREF USERNAME="ZPFasalazar"/>
<USERREF USERNAME="ZPFcmercado"/>
<USERREF USERNAME="ZPFrsulit"/>
<USERREF USERNAME="ZPFnabogado"/>
<USERREF USERNAME="ZPFjcalbento"/>
<USERREF USERNAME="ZPFwcarmelo"/>
<USERREF USERNAME="ZPFmjcabuhayan"/>
<USERREF USERNAME="ZPFmsantos"/>
<USERREF USERNAME="ZPFjrivera"/>
<USERREF USERNAME="ZPFdhitosis"/>
<USERREF USERNAME="ZPFpmiranda"/>
<USERREF USERNAME="ZPFdalvarado"/>
<USERREF USERNAME="ZPFtcabanes"/>
<USERREF USERNAME="ZPFkmedjoubi"/>
<USERREF USERNAME="ZPFsdamato"/>
<USERREF USERNAME="ZPFahussain"/>
<USERREF USERNAME="ZPFawarsama"/>
<USERREF USERNAME="ZPFasekhon"/>
<USERREF USERNAME="ZPFijohl"/>
<USERREF USERNAME="ZPFvsoni"/>
<USERREF USERNAME="ZPFdweakley"/>
<USERREF USERNAME="ZPFpfarkas"/>
<USERREF USERNAME="ZPFnqi"/>
<USERREF USERNAME="ZPFapervaiz"/>
<USERREF USERNAME="ZPFjamorin"/>
<USERREF USERNAME="ZPFfvarga"/>
<USERREF USERNAME="ZPFhhayashi"/>
<USERREF USERNAME="ZPFpmazur"/>
</SITEGROUP>
<SITEGROUP SITENAME="(250) Texas Diabetes and Endocrinology">
<USERREF USERNAME="i5eustscb_RE"/>
<USERREF USERNAME="z3x0912"/>
<USERREF USERNAME="z2x4478"/>
<USERREF USERNAME="z1x1726"/>
<USERREF USERNAME="coder_query"/>
<USERREF USERNAME="si90079"/>
<USERREF USERNAME="rm84102"/>
<USERREF USERNAME="z3x0393"/>
<USERREF USERNAME="z2x2414"/>
<USERREF USERNAME="z2x6169"/>
<USERREF USERNAME="z1x1792"/>
<USERREF USERNAME="z1x9504"/>
<USERREF USERNAME="z2x6038"/>
<USERREF USERNAME="z3x0153"/>
<USERREF USERNAME="z1x2570"/>
<USERREF USERNAME="z2x6670"/>
<USERREF USERNAME="C179650"/>
<USERREF USERNAME="C179367"/>
<USERREF USERNAME="z2x7767"/>
<USERREF USERNAME="z1x9044"/>
<USERREF USERNAME="C087748"/>
<USERREF USERNAME="z2x8989"/>
<USERREF USERNAME="z1x1800"/>
<USERREF USERNAME="lgroce"/>
<USERREF USERNAME="ojohnson"/>
<USERREF USERNAME="kozer"/>
<USERREF USERNAME="z2x3957"/>
<USERREF USERNAME="Z1X2575"/>
<USERREF USERNAME="Z3X3125"/>
<USERREF USERNAME="c021984"/>
<USERREF USERNAME="rm89018"/>
<USERREF USERNAME="c068502"/>
<USERREF USERNAME="c074090"/>
<USERREF USERNAME="c039853"/>
<USERREF USERNAME="co55624"/>
<USERREF USERNAME="cw86168"/>
<USERREF USERNAME="c171729"/>
<USERREF USERNAME="c015393"/>
<USERREF USERNAME="z1x2000"/>
<USERREF USERNAME="z1x0368"/>
<USERREF USERNAME="c100415"/>
<USERREF USERNAME="c143125"/>
<USERREF USERNAME="c089548"/>
<USERREF USERNAME="c131994"/>
<USERREF USERNAME="rm90029"/>
<USERREF USERNAME="c090108"/>
<USERREF USERNAME="v6x8058"/>
<USERREF USERNAME="z2x7248"/>
<USERREF USERNAME="z2x7035"/>
<USERREF USERNAME="z2x9963"/>
<USERREF USERNAME="z3x1758"/>
<USERREF USERNAME="z2x1279"/>
<USERREF USERNAME="z3x0688"/>
<USERREF USERNAME="z3x1326"/>
<USERREF USERNAME="z1x1972"/>
<USERREF USERNAME="z1x1981"/>
<USERREF USERNAME="z1x1702"/>
<USERREF USERNAME="z1x1824"/>
<USERREF USERNAME="z1x1789"/>
<USERREF USERNAME="z2x6253"/>
<USERREF USERNAME="z2x4979"/>
<USERREF USERNAME="z1x1795"/>
<USERREF USERNAME="z1x1896"/>
<USERREF USERNAME="z1x1804"/>
<USERREF USERNAME="v0x1656"/>
<USERREF USERNAME="ZPFpkakuk"/>
<USERREF USERNAME="ZPFmduran"/>
<USERREF USERNAME="ZPFonemeth"/>
<USERREF USERNAME="ZPFbszabo"/>
<USERREF USERNAME="ZPFrjankowska"/>
<USERREF USERNAME="ZPFjmasanga"/>
<USERREF USERNAME="ZPFzvecsei"/>
<USERREF USERNAME="ZPFoion"/>
<USERREF USERNAME="ZPFdnagy"/>
<USERREF USERNAME="ZPFplaszlo"/>
<USERREF USERNAME="ZPFdarnold"/>
<USERREF USERNAME="ZPFmyao"/>
<USERREF USERNAME="ZPFaszottfried"/>
<USERREF USERNAME="ZPFgalarcon"/>
<USERREF USERNAME="ZPFlstoica"/>
<USERREF USERNAME="ZPFrraffai"/>
<USERREF USERNAME="ZPFvsimon"/>
<USERREF USERNAME="ZPFmiwaki"/>
<USERREF USERNAME="ZPFahavasi"/>
<USERREF USERNAME="ZPFtshirahata"/>
<USERREF USERNAME="ZPFmogawa"/>
<USERREF USERNAME="ZPFaohtsuka"/>
<USERREF USERNAME="ZPFhmasuda"/>
<USERREF USERNAME="ZPFhsekine"/>
<USERREF USERNAME="ZPFdcleto"/>
<USERREF USERNAME="ZPFjpati"/>
<USERREF USERNAME="ZPFmgarcia"/>
<USERREF USERNAME="ZPFnvergara"/>
<USERREF USERNAME="ZPFelibao"/>
<USERREF USERNAME="ZPFasalazar"/>
<USERREF USERNAME="ZPFcmercado"/>
<USERREF USERNAME="ZPFrsulit"/>
<USERREF USERNAME="ZPFnabogado"/>
<USERREF USERNAME="ZPFjcalbento"/>
<USERREF USERNAME="ZPFwcarmelo"/>
<USERREF USERNAME="ZPFmjcabuhayan"/>
<USERREF USERNAME="ZPFmsantos"/>
<USERREF USERNAME="ZPFjrivera"/>
<USERREF USERNAME="ZPFdhitosis"/>
<USERREF USERNAME="ZPFpmiranda"/>
<USERREF USERNAME="ZPFdalvarado"/>
<USERREF USERNAME="ZPFtcabanes"/>
<USERREF USERNAME="ZPFkmedjoubi"/>
<USERREF USERNAME="ZPFsdamato"/>
<USERREF USERNAME="ZPFahussain"/>
<USERREF USERNAME="ZPFawarsama"/>
<USERREF USERNAME="ZPFasekhon"/>
<USERREF USERNAME="ZPFijohl"/>
<USERREF USERNAME="ZPFvsoni"/>
<USERREF USERNAME="ZPFdweakley"/>
<USERREF USERNAME="ZPFpfarkas"/>
<USERREF USERNAME="ZPFnqi"/>
<USERREF USERNAME="ZPFapervaiz"/>
<USERREF USERNAME="ZPFjamorin"/>
<USERREF USERNAME="ZPFfvarga"/>
<USERREF USERNAME="ZPFhhayashi"/>
<USERREF USERNAME="ZPFpmazur"/>
</SITEGROUP>
<SITEGROUP SITENAME="(270) United Osteoporosis Centers">
<USERREF USERNAME="i5eustscb_RE"/>
<USERREF USERNAME="z3x0912"/>
<USERREF USERNAME="z2x4478"/>
<USERREF USERNAME="z1x1726"/>
<USERREF USERNAME="coder_query"/>
<USERREF USERNAME="si90079"/>
<USERREF USERNAME="rm84102"/>
<USERREF USERNAME="z2x6670"/>
<USERREF USERNAME="z1x1800"/>
<USERREF USERNAME="khulsey"/>
<USERREF USERNAME="kjohnson"/>
<USERREF USERNAME="crecknor"/>
<USERREF USERNAME="z2x3957"/>
<USERREF USERNAME="Z1X2575"/>
<USERREF USERNAME="Z3X3125"/>
<USERREF USERNAME="z2x7248"/>
<USERREF USERNAME="C179650"/>
<USERREF USERNAME="C179367"/>
<USERREF USERNAME="z2x7767"/>
<USERREF USERNAME="z1x9044"/>
<USERREF USERNAME="C087748"/>
<USERREF USERNAME="z2x8989"/>
<USERREF USERNAME="z3x0393"/>
<USERREF USERNAME="z2x2414"/>
<USERREF USERNAME="z2x6169"/>
<USERREF USERNAME="z1x1792"/>
<USERREF USERNAME="z1x9504"/>
<USERREF USERNAME="z2x6038"/>
<USERREF USERNAME="z3x0153"/>
<USERREF USERNAME="z1x2570"/>
<USERREF USERNAME="z2x7035"/>
<USERREF USERNAME="z2x9963"/>
<USERREF USERNAME="z3x1758"/>
<USERREF USERNAME="z2x1279"/>
<USERREF USERNAME="z3x0688"/>
<USERREF USERNAME="z3x1326"/>
<USERREF USERNAME="z1x1972"/>
<USERREF USERNAME="c021984"/>
<USERREF USERNAME="rm89018"/>
<USERREF USERNAME="c068502"/>
<USERREF USERNAME="c074090"/>
<USERREF USERNAME="c039853"/>
<USERREF USERNAME="co55624"/>
<USERREF USERNAME="cw86168"/>
<USERREF USERNAME="c171729"/>
<USERREF USERNAME="c015393"/>
<USERREF USERNAME="z1x2000"/>
<USERREF USERNAME="z1x0368"/>
<USERREF USERNAME="c100415"/>
<USERREF USERNAME="c143125"/>
<USERREF USERNAME="c089548"/>
<USERREF USERNAME="c131994"/>
<USERREF USERNAME="rm90029"/>
<USERREF USERNAME="c090108"/>
<USERREF USERNAME="v6x8058"/>
<USERREF USERNAME="z1x1981"/>
<USERREF USERNAME="z1x1702"/>
<USERREF USERNAME="z1x1824"/>
<USERREF USERNAME="z1x1789"/>
<USERREF USERNAME="z2x6253"/>
<USERREF USERNAME="z2x4979"/>
<USERREF USERNAME="z1x1795"/>
<USERREF USERNAME="z1x1896"/>
<USERREF USERNAME="z1x1804"/>
<USERREF USERNAME="v0x1656"/>
<USERREF USERNAME="ZPFpkakuk"/>
<USERREF USERNAME="ZPFmduran"/>
<USERREF USERNAME="ZPFonemeth"/>
<USERREF USERNAME="ZPFbszabo"/>
<USERREF USERNAME="ZPFrjankowska"/>
<USERREF USERNAME="ZPFjmasanga"/>
<USERREF USERNAME="ZPFzvecsei"/>
<USERREF USERNAME="ZPFoion"/>
<USERREF USERNAME="ZPFdnagy"/>
<USERREF USERNAME="ZPFplaszlo"/>
<USERREF USERNAME="ZPFdarnold"/>
<USERREF USERNAME="ZPFmyao"/>
<USERREF USERNAME="ZPFaszottfried"/>
<USERREF USERNAME="ZPFgalarcon"/>
<USERREF USERNAME="ZPFlstoica"/>
<USERREF USERNAME="ZPFrraffai"/>
<USERREF USERNAME="ZPFvsimon"/>
<USERREF USERNAME="ZPFmiwaki"/>
<USERREF USERNAME="ZPFahavasi"/>
<USERREF USERNAME="ZPFtshirahata"/>
<USERREF USERNAME="ZPFmogawa"/>
<USERREF USERNAME="ZPFaohtsuka"/>
<USERREF USERNAME="ZPFhmasuda"/>
<USERREF USERNAME="ZPFhsekine"/>
<USERREF USERNAME="ZPFdcleto"/>
<USERREF USERNAME="ZPFjpati"/>
<USERREF USERNAME="ZPFmgarcia"/>
<USERREF USERNAME="ZPFnvergara"/>
<USERREF USERNAME="ZPFelibao"/>
<USERREF USERNAME="ZPFasalazar"/>
<USERREF USERNAME="ZPFcmercado"/>
<USERREF USERNAME="ZPFrsulit"/>
<USERREF USERNAME="ZPFnabogado"/>
<USERREF USERNAME="ZPFjcalbento"/>
<USERREF USERNAME="ZPFwcarmelo"/>
<USERREF USERNAME="ZPFmjcabuhayan"/>
<USERREF USERNAME="ZPFmsantos"/>
<USERREF USERNAME="ZPFjrivera"/>
<USERREF USERNAME="ZPFdhitosis"/>
<USERREF USERNAME="ZPFpmiranda"/>
<USERREF USERNAME="ZPFdalvarado"/>
<USERREF USERNAME="ZPFtcabanes"/>
<USERREF USERNAME="ZPFkmedjoubi"/>
<USERREF USERNAME="ZPFsdamato"/>
<USERREF USERNAME="ZPFahussain"/>
<USERREF USERNAME="ZPFawarsama"/>
<USERREF USERNAME="ZPFasekhon"/>
<USERREF USERNAME="ZPFijohl"/>
<USERREF USERNAME="ZPFvsoni"/>
<USERREF USERNAME="ZPFdweakley"/>
<USERREF USERNAME="ZPFpfarkas"/>
<USERREF USERNAME="ZPFnqi"/>
<USERREF USERNAME="ZPFapervaiz"/>
<USERREF USERNAME="ZPFjamorin"/>
<USERREF USERNAME="ZPFfvarga"/>
<USERREF USERNAME="ZPFhhayashi"/>
<USERREF USERNAME="ZPFpmazur"/>
</SITEGROUP>
<SITEGROUP SITENAME="(110) University Diabetes and Endocrine Consultants">
<USERREF USERNAME="i5eustscb_RE"/>
<USERREF USERNAME="coder_query"/>
<USERREF USERNAME="z1x1726"/>
<USERREF USERNAME="z3x0912"/>
<USERREF USERNAME="z2x4478"/>
<USERREF USERNAME="si90079"/>
<USERREF USERNAME="v0x1656"/>
<USERREF USERNAME="rm84102"/>
<USERREF USERNAME="c015393"/>
<USERREF USERNAME="c171729"/>
<USERREF USERNAME="cw86168"/>
<USERREF USERNAME="co55624"/>
<USERREF USERNAME="c039853"/>
<USERREF USERNAME="c074090"/>
<USERREF USERNAME="c068502"/>
<USERREF USERNAME="rm89018"/>
<USERREF USERNAME="c021984"/>
<USERREF USERNAME="v6x8058"/>
<USERREF USERNAME="c090108"/>
<USERREF USERNAME="rm90029"/>
<USERREF USERNAME="c131994"/>
<USERREF USERNAME="c089548"/>
<USERREF USERNAME="c143125"/>
<USERREF USERNAME="c100415"/>
<USERREF USERNAME="z1x0368"/>
<USERREF USERNAME="z1x2000"/>
<USERREF USERNAME="z1x1804"/>
<USERREF USERNAME="z1x1896"/>
<USERREF USERNAME="z1x1795"/>
<USERREF USERNAME="z2x4979"/>
<USERREF USERNAME="z2x6253"/>
<USERREF USERNAME="z1x1789"/>
<USERREF USERNAME="z1x1824"/>
<USERREF USERNAME="z1x1702"/>
<USERREF USERNAME="z1x1981"/>
<USERREF USERNAME="z1x1972"/>
<USERREF USERNAME="z3x1326"/>
<USERREF USERNAME="z3x0688"/>
<USERREF USERNAME="z2x1279"/>
<USERREF USERNAME="z3x1758"/>
<USERREF USERNAME="z2x9963"/>
<USERREF USERNAME="z2x7035"/>
<USERREF USERNAME="z2x7248"/>
<USERREF USERNAME="Z3X3125"/>
<USERREF USERNAME="Z1X2575"/>
<USERREF USERNAME="z2x3957"/>
<USERREF USERNAME="tblevins"/>
<USERREF USERNAME="chance"/>
<USERREF USERNAME="z1x1800"/>
<USERREF USERNAME="z2x6670"/>
<USERREF USERNAME="z1x2570"/>
<USERREF USERNAME="z3x0153"/>
<USERREF USERNAME="z2x6038"/>
<USERREF USERNAME="z1x9504"/>
<USERREF USERNAME="z1x1792"/>
<USERREF USERNAME="z2x6169"/>
<USERREF USERNAME="z2x2414"/>
<USERREF USERNAME="z3x0393"/>
<USERREF USERNAME="z2x8989"/>
<USERREF USERNAME="lahn"/>
<USERREF USERNAME="acooper"/>
<USERREF USERNAME="C087748"/>
<USERREF USERNAME="z1x9044"/>
<USERREF USERNAME="z2x7767"/>
<USERREF USERNAME="C179367"/>
<USERREF USERNAME="C179650"/>
<USERREF USERNAME="ZPFpkakuk"/>
<USERREF USERNAME="ZPFmduran"/>
<USERREF USERNAME="ZPFonemeth"/>
<USERREF USERNAME="ZPFbszabo"/>
<USERREF USERNAME="ZPFrjankowska"/>
<USERREF USERNAME="ZPFjmasanga"/>
<USERREF USERNAME="ZPFzvecsei"/>
<USERREF USERNAME="ZPFoion"/>
<USERREF USERNAME="ZPFdnagy"/>
<USERREF USERNAME="ZPFplaszlo"/>
<USERREF USERNAME="ZPFdarnold"/>
<USERREF USERNAME="ZPFmyao"/>
<USERREF USERNAME="ZPFaszottfried"/>
<USERREF USERNAME="ZPFgalarcon"/>
<USERREF USERNAME="ZPFlstoica"/>
<USERREF USERNAME="ZPFrraffai"/>
<USERREF USERNAME="ZPFvsimon"/>
<USERREF USERNAME="ZPFmiwaki"/>
<USERREF USERNAME="ZPFahavasi"/>
<USERREF USERNAME="ZPFtshirahata"/>
<USERREF USERNAME="ZPFmogawa"/>
<USERREF USERNAME="ZPFaohtsuka"/>
<USERREF USERNAME="ZPFhmasuda"/>
<USERREF USERNAME="ZPFhsekine"/>
<USERREF USERNAME="ZPFdcleto"/>
<USERREF USERNAME="ZPFjpati"/>
<USERREF USERNAME="ZPFmgarcia"/>
<USERREF USERNAME="ZPFnvergara"/>
<USERREF USERNAME="ZPFelibao"/>
<USERREF USERNAME="ZPFasalazar"/>
<USERREF USERNAME="ZPFcmercado"/>
<USERREF USERNAME="ZPFrsulit"/>
<USERREF USERNAME="ZPFnabogado"/>
<USERREF USERNAME="ZPFjcalbento"/>
<USERREF USERNAME="ZPFwcarmelo"/>
<USERREF USERNAME="ZPFmjcabuhayan"/>
<USERREF USERNAME="ZPFmsantos"/>
<USERREF USERNAME="ZPFjrivera"/>
<USERREF USERNAME="ZPFdhitosis"/>
<USERREF USERNAME="ZPFpmiranda"/>
<USERREF USERNAME="ZPFdalvarado"/>
<USERREF USERNAME="ZPFtcabanes"/>
<USERREF USERNAME="ZPFkmedjoubi"/>
<USERREF USERNAME="ZPFsdamato"/>
<USERREF USERNAME="ZPFahussain"/>
<USERREF USERNAME="ZPFawarsama"/>
<USERREF USERNAME="ZPFasekhon"/>
<USERREF USERNAME="ZPFijohl"/>
<USERREF USERNAME="ZPFvsoni"/>
<USERREF USERNAME="ZPFdweakley"/>
<USERREF USERNAME="ZPFpfarkas"/>
<USERREF USERNAME="ZPFnqi"/>
<USERREF USERNAME="ZPFapervaiz"/>
<USERREF USERNAME="ZPFjamorin"/>
<USERREF USERNAME="ZPFfvarga"/>
<USERREF USERNAME="ZPFhhayashi"/>
<USERREF USERNAME="ZPFpmazur"/>
</SITEGROUP>
<SITEGROUP SITENAME="(120) Urology of Indiana LLC">
<USERREF USERNAME="i5eustscb_RE"/>
<USERREF USERNAME="coder_query"/>
<USERREF USERNAME="z1x1726"/>
<USERREF USERNAME="z3x0912"/>
<USERREF USERNAME="z2x4478"/>
<USERREF USERNAME="si90079"/>
<USERREF USERNAME="v0x1656"/>
<USERREF USERNAME="rm84102"/>
<USERREF USERNAME="c015393"/>
<USERREF USERNAME="c171729"/>
<USERREF USERNAME="cw86168"/>
<USERREF USERNAME="co55624"/>
<USERREF USERNAME="c039853"/>
<USERREF USERNAME="c074090"/>
<USERREF USERNAME="c068502"/>
<USERREF USERNAME="rm89018"/>
<USERREF USERNAME="c021984"/>
<USERREF USERNAME="v6x8058"/>
<USERREF USERNAME="c090108"/>
<USERREF USERNAME="rm90029"/>
<USERREF USERNAME="c131994"/>
<USERREF USERNAME="c089548"/>
<USERREF USERNAME="c143125"/>
<USERREF USERNAME="c100415"/>
<USERREF USERNAME="z1x0368"/>
<USERREF USERNAME="z1x2000"/>
<USERREF USERNAME="z1x1804"/>
<USERREF USERNAME="z1x1896"/>
<USERREF USERNAME="z1x1795"/>
<USERREF USERNAME="z2x4979"/>
<USERREF USERNAME="z2x6253"/>
<USERREF USERNAME="z1x1789"/>
<USERREF USERNAME="z1x1824"/>
<USERREF USERNAME="z1x1702"/>
<USERREF USERNAME="z1x1981"/>
<USERREF USERNAME="z1x1972"/>
<USERREF USERNAME="z3x1326"/>
<USERREF USERNAME="z3x0688"/>
<USERREF USERNAME="z2x1279"/>
<USERREF USERNAME="z3x1758"/>
<USERREF USERNAME="z2x9963"/>
<USERREF USERNAME="z2x7035"/>
<USERREF USERNAME="z2x7248"/>
<USERREF USERNAME="Z3X3125"/>
<USERREF USERNAME="Z1X2575"/>
<USERREF USERNAME="z2x3957"/>
<USERREF USERNAME="gbrunk"/>
<USERREF USERNAME="mwilliamson"/>
<USERREF USERNAME="z1x1800"/>
<USERREF USERNAME="z2x6670"/>
<USERREF USERNAME="z1x2570"/>
<USERREF USERNAME="z3x0153"/>
<USERREF USERNAME="z2x6038"/>
<USERREF USERNAME="z1x9504"/>
<USERREF USERNAME="z1x1792"/>
<USERREF USERNAME="z2x6169"/>
<USERREF USERNAME="z2x2414"/>
<USERREF USERNAME="z3x0393"/>
<USERREF USERNAME="z2x8989"/>
<USERREF USERNAME="C087748"/>
<USERREF USERNAME="z1x9044"/>
<USERREF USERNAME="z2x7767"/>
<USERREF USERNAME="C179367"/>
<USERREF USERNAME="C179650"/>
<USERREF USERNAME="ZPFpkakuk"/>
<USERREF USERNAME="ZPFmduran"/>
<USERREF USERNAME="ZPFonemeth"/>
<USERREF USERNAME="ZPFbszabo"/>
<USERREF USERNAME="ZPFrjankowska"/>
<USERREF USERNAME="ZPFjmasanga"/>
<USERREF USERNAME="ZPFzvecsei"/>
<USERREF USERNAME="ZPFoion"/>
<USERREF USERNAME="ZPFdnagy"/>
<USERREF USERNAME="ZPFplaszlo"/>
<USERREF USERNAME="ZPFdarnold"/>
<USERREF USERNAME="ZPFmyao"/>
<USERREF USERNAME="ZPFaszottfried"/>
<USERREF USERNAME="ZPFgalarcon"/>
<USERREF USERNAME="ZPFlstoica"/>
<USERREF USERNAME="ZPFrraffai"/>
<USERREF USERNAME="ZPFvsimon"/>
<USERREF USERNAME="ZPFmiwaki"/>
<USERREF USERNAME="ZPFahavasi"/>
<USERREF USERNAME="ZPFtshirahata"/>
<USERREF USERNAME="ZPFmogawa"/>
<USERREF USERNAME="ZPFaohtsuka"/>
<USERREF USERNAME="ZPFhmasuda"/>
<USERREF USERNAME="ZPFhsekine"/>
<USERREF USERNAME="ZPFdcleto"/>
<USERREF USERNAME="ZPFjpati"/>
<USERREF USERNAME="ZPFmgarcia"/>
<USERREF USERNAME="ZPFnvergara"/>
<USERREF USERNAME="ZPFelibao"/>
<USERREF USERNAME="ZPFasalazar"/>
<USERREF USERNAME="ZPFcmercado"/>
<USERREF USERNAME="ZPFrsulit"/>
<USERREF USERNAME="ZPFnabogado"/>
<USERREF USERNAME="ZPFjcalbento"/>
<USERREF USERNAME="ZPFwcarmelo"/>
<USERREF USERNAME="ZPFmjcabuhayan"/>
<USERREF USERNAME="ZPFmsantos"/>
<USERREF USERNAME="ZPFjrivera"/>
<USERREF USERNAME="ZPFdhitosis"/>
<USERREF USERNAME="ZPFpmiranda"/>
<USERREF USERNAME="ZPFdalvarado"/>
<USERREF USERNAME="ZPFtcabanes"/>
<USERREF USERNAME="ZPFkmedjoubi"/>
<USERREF USERNAME="ZPFsdamato"/>
<USERREF USERNAME="ZPFahussain"/>
<USERREF USERNAME="ZPFawarsama"/>
<USERREF USERNAME="ZPFasekhon"/>
<USERREF USERNAME="ZPFijohl"/>
<USERREF USERNAME="ZPFvsoni"/>
<USERREF USERNAME="ZPFdweakley"/>
<USERREF USERNAME="ZPFpfarkas"/>
<USERREF USERNAME="ZPFnqi"/>
<USERREF USERNAME="ZPFapervaiz"/>
<USERREF USERNAME="ZPFjamorin"/>
<USERREF USERNAME="ZPFfvarga"/>
<USERREF USERNAME="ZPFhhayashi"/>
<USERREF USERNAME="ZPFpmazur"/>
</SITEGROUP>
<SITEGROUP SITENAME="(310) Volunteer Research Group LLC">
<USERREF USERNAME="i5eustscb_RE"/>
<USERREF USERNAME="coder_query"/>
<USERREF USERNAME="z1x1726"/>
<USERREF USERNAME="z3x0912"/>
<USERREF USERNAME="z2x4478"/>
<USERREF USERNAME="si90079"/>
<USERREF USERNAME="v0x1656"/>
<USERREF USERNAME="rm84102"/>
<USERREF USERNAME="c015393"/>
<USERREF USERNAME="c171729"/>
<USERREF USERNAME="cw86168"/>
<USERREF USERNAME="co55624"/>
<USERREF USERNAME="c039853"/>
<USERREF USERNAME="c074090"/>
<USERREF USERNAME="c068502"/>
<USERREF USERNAME="rm89018"/>
<USERREF USERNAME="c021984"/>
<USERREF USERNAME="v6x8058"/>
<USERREF USERNAME="c090108"/>
<USERREF USERNAME="rm90029"/>
<USERREF USERNAME="c131994"/>
<USERREF USERNAME="c089548"/>
<USERREF USERNAME="c143125"/>
<USERREF USERNAME="c100415"/>
<USERREF USERNAME="z1x0368"/>
<USERREF USERNAME="z1x2000"/>
<USERREF USERNAME="z1x1804"/>
<USERREF USERNAME="z1x1896"/>
<USERREF USERNAME="z1x1795"/>
<USERREF USERNAME="z2x4979"/>
<USERREF USERNAME="z2x6253"/>
<USERREF USERNAME="z1x1789"/>
<USERREF USERNAME="z1x1824"/>
<USERREF USERNAME="z1x1702"/>
<USERREF USERNAME="z1x1981"/>
<USERREF USERNAME="z1x1972"/>
<USERREF USERNAME="z3x1326"/>
<USERREF USERNAME="z3x0688"/>
<USERREF USERNAME="z2x1279"/>
<USERREF USERNAME="z3x1758"/>
<USERREF USERNAME="z2x9963"/>
<USERREF USERNAME="z2x7035"/>
<USERREF USERNAME="z2x7248"/>
<USERREF USERNAME="Z3X3125"/>
<USERREF USERNAME="Z1X2575"/>
<USERREF USERNAME="z2x3957"/>
<USERREF USERNAME="wsmith"/>
<USERREF USERNAME="cjohnson"/>
<USERREF USERNAME="z1x1800"/>
<USERREF USERNAME="z2x6670"/>
<USERREF USERNAME="z1x2570"/>
<USERREF USERNAME="z3x0153"/>
<USERREF USERNAME="z2x6038"/>
<USERREF USERNAME="z1x9504"/>
<USERREF USERNAME="z1x1792"/>
<USERREF USERNAME="z2x6169"/>
<USERREF USERNAME="z2x2414"/>
<USERREF USERNAME="z3x0393"/>
<USERREF USERNAME="z2x8989"/>
<USERREF USERNAME="C087748"/>
<USERREF USERNAME="z1x9044"/>
<USERREF USERNAME="z2x7767"/>
<USERREF USERNAME="C179367"/>
<USERREF USERNAME="C179650"/>
<USERREF USERNAME="ZPFpkakuk"/>
<USERREF USERNAME="ZPFmduran"/>
<USERREF USERNAME="ZPFonemeth"/>
<USERREF USERNAME="ZPFbszabo"/>
<USERREF USERNAME="ZPFrjankowska"/>
<USERREF USERNAME="ZPFjmasanga"/>
<USERREF USERNAME="ZPFzvecsei"/>
<USERREF USERNAME="ZPFoion"/>
<USERREF USERNAME="ZPFdnagy"/>
<USERREF USERNAME="ZPFplaszlo"/>
<USERREF USERNAME="ZPFdarnold"/>
<USERREF USERNAME="ZPFmyao"/>
<USERREF USERNAME="ZPFaszottfried"/>
<USERREF USERNAME="ZPFgalarcon"/>
<USERREF USERNAME="ZPFlstoica"/>
<USERREF USERNAME="ZPFrraffai"/>
<USERREF USERNAME="ZPFvsimon"/>
<USERREF USERNAME="ZPFmiwaki"/>
<USERREF USERNAME="ZPFahavasi"/>
<USERREF USERNAME="ZPFtshirahata"/>
<USERREF USERNAME="ZPFmogawa"/>
<USERREF USERNAME="ZPFaohtsuka"/>
<USERREF USERNAME="ZPFhmasuda"/>
<USERREF USERNAME="ZPFhsekine"/>
<USERREF USERNAME="ZPFdcleto"/>
<USERREF USERNAME="ZPFjpati"/>
<USERREF USERNAME="ZPFmgarcia"/>
<USERREF USERNAME="ZPFnvergara"/>
<USERREF USERNAME="ZPFelibao"/>
<USERREF USERNAME="ZPFasalazar"/>
<USERREF USERNAME="ZPFcmercado"/>
<USERREF USERNAME="ZPFrsulit"/>
<USERREF USERNAME="ZPFnabogado"/>
<USERREF USERNAME="ZPFjcalbento"/>
<USERREF USERNAME="ZPFwcarmelo"/>
<USERREF USERNAME="ZPFmjcabuhayan"/>
<USERREF USERNAME="ZPFmsantos"/>
<USERREF USERNAME="ZPFjrivera"/>
<USERREF USERNAME="ZPFdhitosis"/>
<USERREF USERNAME="ZPFpmiranda"/>
<USERREF USERNAME="ZPFdalvarado"/>
<USERREF USERNAME="ZPFtcabanes"/>
<USERREF USERNAME="ZPFkmedjoubi"/>
<USERREF USERNAME="ZPFsdamato"/>
<USERREF USERNAME="ZPFahussain"/>
<USERREF USERNAME="ZPFawarsama"/>
<USERREF USERNAME="ZPFasekhon"/>
<USERREF USERNAME="ZPFijohl"/>
<USERREF USERNAME="ZPFvsoni"/>
<USERREF USERNAME="ZPFdweakley"/>
<USERREF USERNAME="ZPFpfarkas"/>
<USERREF USERNAME="ZPFnqi"/>
<USERREF USERNAME="ZPFapervaiz"/>
<USERREF USERNAME="ZPFjamorin"/>
<USERREF USERNAME="ZPFfvarga"/>
<USERREF USERNAME="ZPFhhayashi"/>
<USERREF USERNAME="ZPFpmazur"/>
</SITEGROUP>

</MEDMLDATA>