<?xml version="1.0"?>
<MEDMLDATA xmlns="PhaseForward-MedML-Inform4">


<REPORTINGGROUP
GROUPNAME="Ad Hoc Users"
GROUPDESCRIPTION="Users who have access to Ad Hoc Reporting">
<!-- Insert Users -->
<USERREF USERNAME="i5eustscb_RE"/>
<USERREF USERNAME="z1x1726"/>
<USERREF USERNAME="z2x4478"/>
<USERREF USERNAME="rm84102"/>
<USERREF USERNAME="cw86168"/>
<USERREF USERNAME="z2x7767"/>
<USERREF USERNAME="z1x9044"/>
<USERREF USERNAME="v0x1656"/>
<USERREF USERNAME="z3x0912"/>
</REPORTINGGROUP>

<REPORTINGGROUP
GROUPNAME="Authors"
GROUPDESCRIPTION="Users who have access to Ad Hoc Reporting and Report Studio">
<!-- Insert Users -->
<USERREF USERNAME="i5eustscb_RE"/>
</REPORTINGGROUP>

<QUERYGROUP
GROUPNAME="CDM_CRA Query"
GROUPDESCRIPTION="">
<!-- Insert Users -->
<USERREF USERNAME="autoquery"/>
<USERREF USERNAME="z1x1726"/>
<USERREF USERNAME="z1x1702"/>
<USERREF USERNAME="z1x1824"/>
<USERREF USERNAME="z1x1789"/>
<USERREF USERNAME="z2x6253"/>
<USERREF USERNAME="z2x4979"/>
<USERREF USERNAME="z1x1795"/>
<USERREF USERNAME="z1x1896"/>
<USERREF USERNAME="z1x1804"/>
<USERREF USERNAME="z1x2000"/>
<USERREF USERNAME="z2x6169"/>
<USERREF USERNAME="z1x1792"/>
<USERREF USERNAME="z1x9504"/>
<USERREF USERNAME="z2x6038"/>
<USERREF USERNAME="z3x0153"/>
<USERREF USERNAME="z1x2570"/>
<USERREF USERNAME="z2x6670"/>
<USERREF USERNAME="z1x1800"/>
<USERREF USERNAME="z2x3957"/>
<USERREF USERNAME="z2x7767"/>
<USERREF USERNAME="z1x9044"/>
<USERREF USERNAME="C087748"/>
<USERREF USERNAME="z2x8989"/>
<USERREF USERNAME="z3x0393"/>
<USERREF USERNAME="z2x2414"/>
<USERREF USERNAME="z3x0912"/>
<USERREF USERNAME="z2x4478"/>
<USERREF USERNAME="rm84102"/>
<USERREF USERNAME="z1x0368"/>
<USERREF USERNAME="cw86168"/>
<USERREF USERNAME="v0x1656"/>
</QUERYGROUP>

<QUERYGROUP
GROUPNAME="Coding Query Group"
GROUPDESCRIPTION="">
<!-- Insert Users -->
<USERREF USERNAME="coder_query"/>
</QUERYGROUP>

<REPORTINGGROUP
GROUPNAME="Directory Administrators"
GROUPDESCRIPTION="Users who can administer authorization rights. They administer groups, accounts, contacts, distribution lists, data sources, and printers">
<!-- Insert Users -->
<USERREF USERNAME="i5eustscb_RE"/>
</REPORTINGGROUP>

<QUERYGROUP
GROUPNAME="GPS_Query"
GROUPDESCRIPTION="">
<!-- Insert Users -->
<USERREF USERNAME="si90079"/>
<USERREF USERNAME="c015393"/>
<USERREF USERNAME="c068502"/>
<USERREF USERNAME="c074090"/>
<USERREF USERNAME="c039853"/>
<USERREF USERNAME="rm89018"/>
<USERREF USERNAME="v6x8058"/>
<USERREF USERNAME="rm90029"/>
<USERREF USERNAME="c131994"/>
<USERREF USERNAME="c090108"/>
<USERREF USERNAME="c021984"/>
</QUERYGROUP>

<SIGNATUREGROUP
GROUPNAME="PI Signatures"
GROUPDESCRIPTION="Signature group assigned to PI and PI Sign Only roles"
CRFMEANING="X"
CRBMEANING="Approved"
CRFTEXT="NULL"
CRBTEXT="By my dated signature below, I  %s  %s, verify that all case report form pages accurately display the results of the examinations, tests, evaluations and treatments performed on this patient.&lt;BR&gt;&lt;BR&gt;Pursuant to Section 11.100 of Title 21 of the Code of Federal Regulations, this is to certify that I intend that this electronic signature is to be the legally binding equivalent of my handwritten signature. &lt;BR&gt;&lt;BR&gt;To this I do attest by supplying my user name and password and clicking the button marked &lt;B&gt;Submit&lt;/B&gt; below" LANGUAGE="en-US">
<!-- Insert Users -->
<USERREF USERNAME="jbailen"/>
<USERREF USERNAME="tblevins"/>
<USERREF USERNAME="gbrunk"/>
<USERREF USERNAME="wcline"/>
<USERREF USERNAME="mefros"/>
<USERREF USERNAME="kozer"/>
<USERREF USERNAME="wmoseley"/>
<USERREF USERNAME="emontanez"/>
<USERREF USERNAME="wfitzgibbons"/>
<USERREF USERNAME="dlipsitz"/>
<USERREF USERNAME="skelehan"/>
<USERREF USERNAME="kgross"/>
<USERREF USERNAME="egoldfischer"/>
<USERREF USERNAME="selsaharty"/>
<USERREF USERNAME="wschmied"/>
<USERREF USERNAME="mvancleeff"/>
<USERREF USERNAME="dsorce"/>
<USERREF USERNAME="wsmith"/>
<USERREF USERNAME="psiami"/>
<USERREF USERNAME="lsevera"/>
<USERREF USERNAME="aseftel"/>
<USERREF USERNAME="crecknor"/>
<USERREF USERNAME="jquigley"/>
<USERREF USERNAME="mdominguez"/>
<USERREF USERNAME="rclark"/>
</SIGNATUREGROUP>

<REPORTINGGROUP
GROUPNAME="Publishers"
GROUPDESCRIPTION="Users who can create folders and other content within the Public Folder space">
<!-- Insert Users -->
<USERREF USERNAME="i5eustscb_RE"/>
<USERREF USERNAME="z1x1726"/>
<USERREF USERNAME="z3x0912"/>
<USERREF USERNAME="v0x1656"/>
<USERREF USERNAME="rm84102"/>
<USERREF USERNAME="cw86168"/>
<USERREF USERNAME="z2x7767"/>
<USERREF USERNAME="z1x9044"/>
<USERREF USERNAME="z2x4478"/>
</REPORTINGGROUP>

<REPORTINGGROUP
GROUPNAME="Report Administrators"
GROUPDESCRIPTION="Users who can administer authorized public content such as setting permissions on folders and reports">
<!-- Insert Users -->
<USERREF USERNAME="z1x1726"/>
<USERREF USERNAME="z2x4478"/>
<USERREF USERNAME="z2x7767"/>
<USERREF USERNAME="z1x9044"/>
<USERREF USERNAME="cw86168"/>
<USERREF USERNAME="rm84102"/>
<USERREF USERNAME="v0x1656"/>
<USERREF USERNAME="z3x0912"/>
</REPORTINGGROUP>

<REPORTINGGROUP
GROUPNAME="Site Users"
GROUPDESCRIPTION="Site Users">
<!-- Insert Users -->
<USERREF USERNAME="jbailen"/>
<USERREF USERNAME="tallegra"/>
<USERREF USERNAME="mandreano"/>
<USERREF USERNAME="afox"/>
<USERREF USERNAME="sbarnhardt"/>
<USERREF USERNAME="jellis"/>
<USERREF USERNAME="dquigley"/>
<USERREF USERNAME="enowell"/>
<USERREF USERNAME="acooper"/>
<USERREF USERNAME="lahn"/>
<USERREF USERNAME="wschmied"/>
<USERREF USERNAME="kdziadziola"/>
<USERREF USERNAME="chance"/>
<USERREF USERNAME="tdotson"/>
<USERREF USERNAME="btessena"/>
<USERREF USERNAME="ejewett"/>
<USERREF USERNAME="cjohnson"/>
<USERREF USERNAME="taldrich"/>
<USERREF USERNAME="kdouglas"/>
<USERREF USERNAME="dschmidt"/>
<USERREF USERNAME="khulsey"/>
<USERREF USERNAME="kjohnson"/>
<USERREF USERNAME="squigley"/>
<USERREF USERNAME="lgroce"/>
<USERREF USERNAME="ojohnson"/>
<USERREF USERNAME="psanchezemery"/>
<USERREF USERNAME="mgoodrich"/>
<USERREF USERNAME="jmitchell"/>
<USERREF USERNAME="jbridges"/>
<USERREF USERNAME="kterry"/>
<USERREF USERNAME="mocallaghan"/>
<USERREF USERNAME="jelwell"/>
<USERREF USERNAME="lcrespi"/>
<USERREF USERNAME="klavignesecord"/>
<USERREF USERNAME="tprater"/>
<USERREF USERNAME="lcossu"/>
<USERREF USERNAME="mwilson"/>
<USERREF USERNAME="ppatterson"/>
<USERREF USERNAME="mwilliamson"/>
<USERREF USERNAME="skelehan"/>
<USERREF USERNAME="emontanez"/>
<USERREF USERNAME="wsmith"/>
<USERREF USERNAME="djohnson"/>
<USERREF USERNAME="mvancleeff"/>
<USERREF USERNAME="mdominguez"/>
<USERREF USERNAME="tblevins"/>
</REPORTINGGROUP>

<REPORTINGGROUP
GROUPNAME="Sponsor Users"
GROUPDESCRIPTION="Sponsor Users">
<!-- Insert Users -->
<USERREF USERNAME="ZPFkmedjoubi"/>
<USERREF USERNAME="ZPFhhayashi"/>
<USERREF USERNAME="ZPFpkakuk"/>
<USERREF USERNAME="ZPFmiwaki"/>
<USERREF USERNAME="ZPFahussain"/>
<USERREF USERNAME="ZPFmduran"/>
<USERREF USERNAME="ZPFrjankowska"/>
<USERREF USERNAME="ZPFmogawa"/>
<USERREF USERNAME="ZPFaohtsuka"/>
<USERREF USERNAME="ZPFpfarkas"/>
<USERREF USERNAME="ZPFrraffai"/>
<USERREF USERNAME="ZPFzvecsei"/>
<USERREF USERNAME="ZPFvsimon"/>
<USERREF USERNAME="ZPFapervaiz"/>
<USERREF USERNAME="ZPFjmasanga"/>
<USERREF USERNAME="ZPFasekhon"/>
<USERREF USERNAME="ZPFjamorin"/>
<USERREF USERNAME="ZPFbszabo"/>
<USERREF USERNAME="ZPFaszottfried"/>
<USERREF USERNAME="ZPFdalvarado"/>
<USERREF USERNAME="ZPFnvergara"/>
<USERREF USERNAME="ZPFtcabanes"/>
<USERREF USERNAME="ZPFmgarcia"/>
<USERREF USERNAME="ZPFjpati"/>
<USERREF USERNAME="ZPFvsoni"/>
<USERREF USERNAME="ZPFdweakley"/>
<USERREF USERNAME="ZPFhmasuda"/>
<USERREF USERNAME="ZPFhsekine"/>
<USERREF USERNAME="ZPFgalarcon"/>
<USERREF USERNAME="ZPFdnagy"/>
<USERREF USERNAME="ZPFdcleto"/>
<USERREF USERNAME="ZPFlstoica"/>
<USERREF USERNAME="ZPFoion"/>
<USERREF USERNAME="ZPFnqi"/>
<USERREF USERNAME="z2x4478"/>
<USERREF USERNAME="z3x0912"/>
<USERREF USERNAME="z1x1726"/>
<USERREF USERNAME="coder_query"/>
<USERREF USERNAME="i5eustscb_RE"/>
<USERREF USERNAME="ZPFcmercado"/>
<USERREF USERNAME="ZPFplaszlo"/>
<USERREF USERNAME="ZPFrsulit"/>
<USERREF USERNAME="ZPFnabogado"/>
<USERREF USERNAME="ZPFjcalbento"/>
<USERREF USERNAME="ZPFwcarmelo"/>
<USERREF USERNAME="ZPFmjcabuhayan"/>
<USERREF USERNAME="ZPFdarnold"/>
<USERREF USERNAME="ZPFmsantos"/>
<USERREF USERNAME="ZPFjrivera"/>
<USERREF USERNAME="ZPFdhitosis"/>
<USERREF USERNAME="ZPFpmiranda"/>
<USERREF USERNAME="ZPFelibao"/>
<USERREF USERNAME="ZPFijohl"/>
<USERREF USERNAME="ZPFmyao"/>
<USERREF USERNAME="C179650"/>
<USERREF USERNAME="C179367"/>
<USERREF USERNAME="z2x7767"/>
<USERREF USERNAME="z1x9044"/>
<USERREF USERNAME="C087748"/>
<USERREF USERNAME="z2x8989"/>
<USERREF USERNAME="z3x0393"/>
<USERREF USERNAME="z2x2414"/>
<USERREF USERNAME="z2x6169"/>
<USERREF USERNAME="z1x1792"/>
<USERREF USERNAME="z1x9504"/>
<USERREF USERNAME="z2x6038"/>
<USERREF USERNAME="z3x0153"/>
<USERREF USERNAME="z1x2570"/>
<USERREF USERNAME="z2x6670"/>
<USERREF USERNAME="z1x1800"/>
<USERREF USERNAME="z2x3957"/>
<USERREF USERNAME="Z1X2575"/>
<USERREF USERNAME="Z3X3125"/>
<USERREF USERNAME="z2x7248"/>
<USERREF USERNAME="z2x7035"/>
<USERREF USERNAME="z2x9963"/>
<USERREF USERNAME="z3x1758"/>
<USERREF USERNAME="z2x1279"/>
<USERREF USERNAME="z3x0688"/>
<USERREF USERNAME="z3x1326"/>
<USERREF USERNAME="z1x1972"/>
<USERREF USERNAME="z1x1981"/>
<USERREF USERNAME="z1x1702"/>
<USERREF USERNAME="z1x1824"/>
<USERREF USERNAME="z1x1789"/>
<USERREF USERNAME="z2x6253"/>
<USERREF USERNAME="z2x4979"/>
<USERREF USERNAME="z1x1795"/>
<USERREF USERNAME="z1x1896"/>
<USERREF USERNAME="z1x1804"/>
<USERREF USERNAME="z1x2000"/>
<USERREF USERNAME="z1x0368"/>
<USERREF USERNAME="c100415"/>
<USERREF USERNAME="c143125"/>
<USERREF USERNAME="c089548"/>
<USERREF USERNAME="c131994"/>
<USERREF USERNAME="rm90029"/>
<USERREF USERNAME="c090108"/>
<USERREF USERNAME="v6x8058"/>
<USERREF USERNAME="c021984"/>
<USERREF USERNAME="rm89018"/>
<USERREF USERNAME="c068502"/>
<USERREF USERNAME="c074090"/>
<USERREF USERNAME="c039853"/>
<USERREF USERNAME="co55624"/>
<USERREF USERNAME="cw86168"/>
<USERREF USERNAME="c171729"/>
<USERREF USERNAME="c015393"/>
<USERREF USERNAME="rm84102"/>
<USERREF USERNAME="v0x1656"/>
<USERREF USERNAME="si90079"/>
<USERREF USERNAME="ZPFtshirahata"/>
<USERREF USERNAME="ZPFonemeth"/>
<USERREF USERNAME="ZPFahavasi"/>
<USERREF USERNAME="ZPFawarsama"/>
<USERREF USERNAME="ZPFfvarga"/>
<USERREF USERNAME="ZPFsdamato"/>
<USERREF USERNAME="ZPFpmazur"/>
</REPORTINGGROUP>

<REPORTINGGROUP
GROUPNAME="User Admin Info Data Users"
GROUPDESCRIPTION="Users who have access to user data including password related data">
<!-- Insert Users -->
<USERREF USERNAME="ZPFkmedjoubi"/>
<USERREF USERNAME="z2x4478"/>
<USERREF USERNAME="z3x0912"/>
<USERREF USERNAME="z1x1726"/>
<USERREF USERNAME="i5eustscb_RE"/>
<USERREF USERNAME="ZPFcmercado"/>
<USERREF USERNAME="ZPFplaszlo"/>
<USERREF USERNAME="ZPFrsulit"/>
<USERREF USERNAME="ZPFnabogado"/>
<USERREF USERNAME="ZPFjcalbento"/>
<USERREF USERNAME="ZPFwcarmelo"/>
<USERREF USERNAME="ZPFmjcabuhayan"/>
<USERREF USERNAME="ZPFaszottfried"/>
<USERREF USERNAME="z2x7767"/>
<USERREF USERNAME="z1x9044"/>
<USERREF USERNAME="C087748"/>
<USERREF USERNAME="z2x8989"/>
<USERREF USERNAME="z3x0393"/>
<USERREF USERNAME="z2x2414"/>
<USERREF USERNAME="z2x6169"/>
<USERREF USERNAME="z1x1792"/>
<USERREF USERNAME="z1x9504"/>
<USERREF USERNAME="z2x6038"/>
<USERREF USERNAME="z3x0153"/>
<USERREF USERNAME="z1x2570"/>
<USERREF USERNAME="z2x6670"/>
<USERREF USERNAME="z1x1800"/>
<USERREF USERNAME="z2x3957"/>
<USERREF USERNAME="ZPFdalvarado"/>
<USERREF USERNAME="ZPFnvergara"/>
<USERREF USERNAME="ZPFtcabanes"/>
<USERREF USERNAME="ZPFmgarcia"/>
<USERREF USERNAME="ZPFjpati"/>
<USERREF USERNAME="ZPFvsoni"/>
<USERREF USERNAME="ZPFdweakley"/>
<USERREF USERNAME="ZPFhmasuda"/>
<USERREF USERNAME="z1x1702"/>
<USERREF USERNAME="z1x1824"/>
<USERREF USERNAME="z1x1789"/>
<USERREF USERNAME="z2x6253"/>
<USERREF USERNAME="z2x4979"/>
<USERREF USERNAME="z1x1795"/>
<USERREF USERNAME="z1x1896"/>
<USERREF USERNAME="z1x1804"/>
<USERREF USERNAME="z1x2000"/>
<USERREF USERNAME="z1x0368"/>
<USERREF USERNAME="ZPFdarnold"/>
<USERREF USERNAME="ZPFmsantos"/>
<USERREF USERNAME="ZPFjrivera"/>
<USERREF USERNAME="ZPFdhitosis"/>
<USERREF USERNAME="ZPFpmiranda"/>
<USERREF USERNAME="ZPFelibao"/>
<USERREF USERNAME="ZPFijohl"/>
<USERREF USERNAME="ZPFmyao"/>
<USERREF USERNAME="ZPFhsekine"/>
<USERREF USERNAME="ZPFgalarcon"/>
<USERREF USERNAME="ZPFdnagy"/>
<USERREF USERNAME="ZPFdcleto"/>
<USERREF USERNAME="ZPFlstoica"/>
<USERREF USERNAME="ZPFoion"/>
<USERREF USERNAME="ZPFnqi"/>
<USERREF USERNAME="ZPFpfarkas"/>
<USERREF USERNAME="cw86168"/>
<USERREF USERNAME="rm84102"/>
<USERREF USERNAME="v0x1656"/>
<USERREF USERNAME="ZPFrraffai"/>
<USERREF USERNAME="ZPFzvecsei"/>
<USERREF USERNAME="ZPFvsimon"/>
<USERREF USERNAME="ZPFapervaiz"/>
<USERREF USERNAME="ZPFjmasanga"/>
<USERREF USERNAME="ZPFasekhon"/>
<USERREF USERNAME="ZPFjamorin"/>
<USERREF USERNAME="ZPFbszabo"/>
<USERREF USERNAME="ZPFaohtsuka"/>
<USERREF USERNAME="ZPFtshirahata"/>
<USERREF USERNAME="ZPFmogawa"/>
<USERREF USERNAME="ZPFonemeth"/>
<USERREF USERNAME="ZPFrjankowska"/>
<USERREF USERNAME="ZPFahavasi"/>
<USERREF USERNAME="ZPFmduran"/>
<USERREF USERNAME="ZPFawarsama"/>
<USERREF USERNAME="ZPFhhayashi"/>
<USERREF USERNAME="ZPFpkakuk"/>
<USERREF USERNAME="ZPFmiwaki"/>
<USERREF USERNAME="ZPFahussain"/>
<USERREF USERNAME="ZPFfvarga"/>
<USERREF USERNAME="ZPFsdamato"/>
<USERREF USERNAME="ZPFpmazur"/>
</REPORTINGGROUP>

<REPORTINGGROUP
GROUPNAME="User Info Data Users"
GROUPDESCRIPTION="Users who have access to user data except password related data">
<!-- Insert Users -->
<USERREF USERNAME="c171729"/>
</REPORTINGGROUP>

</MEDMLDATA>