<?xml version="1.0"?>
<MEDMLDATA xmlns="PhaseForward-MedML-Inform4">


<SITE  NAME="(100) First Urology PSC"    MNEMONIC="100"
ADDRESS="101 Hospital Boulevard Jeffersonville IN 47130"
COUNTRY="UNITED STATES"
PHONE="18122823899"
ALTPHONE="1"
FAX="1"
TIMEZONE="(GMT-05:00) Eastern Time (US &#38; Canada)"
SITEDATEFORMAT="DAY_MONTH_YEAR"
STARTDATE="07/10/2013"
STUDYLOCALE="en-US"
SVAUTOSELECTRATE="100"
SVFIRSTNSUBJECTS="100"
/>



<SITE  NAME="(110) University Diabetes and Endocrine Consultants"    MNEMONIC="110"
ADDRESS="6500 North MoPac Expressway Building 3 Suite 200 Austin TX 78731"
COUNTRY="UNITED STATES"
PHONE="15123343505"
ALTPHONE="1"
FAX="1"
TIMEZONE="(GMT-06:00) Central Time (US &#38; Canada)"
SITEDATEFORMAT="DAY_MONTH_YEAR"
STARTDATE="07/10/2013"
STUDYLOCALE="en-US"
SVAUTOSELECTRATE="100"
SVFIRSTNSUBJECTS="100"
/>



<SITE  NAME="(120) Urology of Indiana LLC"    MNEMONIC="120"
ADDRESS="679 East County Line Road Greenwood IN 46143"
COUNTRY="UNITED STATES"
PHONE="13178931513"
ALTPHONE="1"
FAX="1"
TIMEZONE="(GMT-05:00) Eastern Time (US &#38; Canada)"
SITEDATEFORMAT="DAY_MONTH_YEAR"
STARTDATE="07/10/2013"
STUDYLOCALE="en-US"
SVAUTOSELECTRATE="100"
SVFIRSTNSUBJECTS="100"
/>



<SITE  NAME="(130) North Idaho Urology"    MNEMONIC="130"
ADDRESS="980 West Ironwood Drive Suite 104 Coeur dAlene ID 83814"
COUNTRY="UNITED STATES"
PHONE="12086670621"
ALTPHONE="1"
FAX="1"
TIMEZONE="(GMT-07:00) Mountain Time (US &#38; Canada)"
SITEDATEFORMAT="DAY_MONTH_YEAR"
STARTDATE="07/10/2013"
STUDYLOCALE="en-US"
SVAUTOSELECTRATE="100"
SVFIRSTNSUBJECTS="100"
/>



<SITE  NAME="(140) PMG Research of Salisbury LLC"    MNEMONIC="140"
ADDRESS="410 Mocksville Avenue Suite 300 Salisbury NC 28144"
COUNTRY="UNITED STATES"
PHONE="17046479913"
ALTPHONE="1"
FAX="1"
TIMEZONE="(GMT-05:00) Eastern Time (US &#38; Canada)"
SITEDATEFORMAT="DAY_MONTH_YEAR"
STARTDATE="07/10/2013"
STUDYLOCALE="en-US"
SVAUTOSELECTRATE="100"
SVFIRSTNSUBJECTS="100"
/>



<SITE  NAME="(150) Health Texas Medical Group of San Antonio"    MNEMONIC="150"
ADDRESS="590 N General Mcmullen Suite 1 San Antonio TX 78228"
COUNTRY="UNITED STATES"
PHONE="12102490212"
ALTPHONE="1"
FAX="1"
TIMEZONE="(GMT-06:00) Central Time (US &#38; Canada)"
SITEDATEFORMAT="DAY_MONTH_YEAR"
STARTDATE="07/10/2013"
STUDYLOCALE="en-US"
SVAUTOSELECTRATE="100"
SVFIRSTNSUBJECTS="100"
/>



<SITE  NAME="(160) AccuMed Research Associates"    MNEMONIC="160"
ADDRESS="1305 Franklin Avenue Suite 150 Garden City NY 11530"
COUNTRY="UNITED STATES"
PHONE="15167462190"
ALTPHONE="1"
FAX="1"
TIMEZONE="(GMT-05:00) Eastern Time (US &#38; Canada)"
SITEDATEFORMAT="DAY_MONTH_YEAR"
STARTDATE="07/10/2013"
STUDYLOCALE="en-US"
SVAUTOSELECTRATE="100"
SVFIRSTNSUBJECTS="100"
/>



<SITE  NAME="(170) Community Clinical Research Center"    MNEMONIC="170"
ADDRESS="1221 Medical Arts Boulevard Anderson IN 46011"
COUNTRY="UNITED STATES"
PHONE="17652982040"
ALTPHONE="1"
FAX="1"
TIMEZONE="(GMT-05:00) Eastern Time (US &#38; Canada)"
SITEDATEFORMAT="DAY_MONTH_YEAR"
STARTDATE="07/10/2013"
STUDYLOCALE="en-US"
SVAUTOSELECTRATE="100"
SVFIRSTNSUBJECTS="100"
/>



<SITE  NAME="(180) Premier Medical Group of the Hudson Valley PC"    MNEMONIC="180"
ADDRESS="1 Columbia Street Suite 390 Poughkeepsie NY 12601"
COUNTRY="UNITED STATES"
PHONE="18454375009"
ALTPHONE="1"
FAX="1"
TIMEZONE="(GMT-05:00) Eastern Time (US &#38; Canada)"
SITEDATEFORMAT="DAY_MONTH_YEAR"
STARTDATE="07/10/2013"
STUDYLOCALE="en-US"
SVAUTOSELECTRATE="100"
SVFIRSTNSUBJECTS="100"
/>



<SITE  NAME="(190) Polyclinic"    MNEMONIC="190"
ADDRESS="904 7th Avenue Floor 7 Seattle WA 98104"
COUNTRY="UNITED STATES"
PHONE="12068602389"
ALTPHONE="1"
FAX="1"
TIMEZONE="(GMT-08:00) Pacific Time (US &#38; Canada)"
SITEDATEFORMAT="DAY_MONTH_YEAR"
STARTDATE="07/10/2013"
STUDYLOCALE="en-US"
SVAUTOSELECTRATE="100"
SVFIRSTNSUBJECTS="100"
/>



<SITE  NAME="(210) Grace Research"    MNEMONIC="210"
ADDRESS="300 North Alamo Marshall TX 75670"
COUNTRY="UNITED STATES"
PHONE="13184261355"
ALTPHONE="1"
FAX="1"
TIMEZONE="(GMT-06:00) Central Time (US &#38; Canada)"
SITEDATEFORMAT="DAY_MONTH_YEAR"
STARTDATE="07/10/2013"
STUDYLOCALE="en-US"
SVAUTOSELECTRATE="100"
SVFIRSTNSUBJECTS="100"
/>



<SITE  NAME="(220) Carolina Clinical Trials LLC"    MNEMONIC="220"
ADDRESS="1084 Vinehaven Drive Concord NC 28025"
COUNTRY="UNITED STATES"
PHONE="17047862931"
ALTPHONE="1"
FAX="1"
TIMEZONE="(GMT-05:00) Eastern Time (US &#38; Canada)"
SITEDATEFORMAT="DAY_MONTH_YEAR"
STARTDATE="07/10/2013"
STUDYLOCALE="en-US"
SVAUTOSELECTRATE="100"
SVFIRSTNSUBJECTS="100"
/>



<SITE  NAME="(230) Skyline Medical Center PC Clinical Research Advantage"    MNEMONIC="230"
ADDRESS="1908 North 203rd Street Suite 2 Elkhorn NE 68022"
COUNTRY="UNITED STATES"
PHONE="14026145083"
ALTPHONE="1"
FAX="1"
TIMEZONE="(GMT-06:00) Central Time (US &#38; Canada)"
SITEDATEFORMAT="DAY_MONTH_YEAR"
STARTDATE="07/10/2013"
STUDYLOCALE="en-US"
SVAUTOSELECTRATE="100"
SVFIRSTNSUBJECTS="100"
/>



<SITE  NAME="(240) SD Uro-Research"    MNEMONIC="240"
ADDRESS="3969 Fourth Avenue Suite 202 San Diego CA 92103"
COUNTRY="UNITED STATES"
PHONE="16192996500"
ALTPHONE="1"
FAX="1"
TIMEZONE="(GMT-08:00) Pacific Time (US &#38; Canada)"
SITEDATEFORMAT="DAY_MONTH_YEAR"
STARTDATE="07/10/2013"
STUDYLOCALE="en-US"
SVAUTOSELECTRATE="100"
SVFIRSTNSUBJECTS="100"
/>



<SITE  NAME="(250) Texas Diabetes and Endocrinology"    MNEMONIC="250"
ADDRESS="170 Deepwood Drive Suite 104 Round Rock TX 78681"
COUNTRY="UNITED STATES"
PHONE="15124588400"
ALTPHONE="1"
FAX="1"
TIMEZONE="(GMT-06:00) Central Time (US &#38; Canada)"
SITEDATEFORMAT="DAY_MONTH_YEAR"
STARTDATE="07/10/2013"
STUDYLOCALE="en-US"
SVAUTOSELECTRATE="100"
SVFIRSTNSUBJECTS="100"
/>



<SITE  NAME="(260) Encompass Clinical Research North Coast"    MNEMONIC="260"
ADDRESS="477 N. El Camino Real Ste A304 Encinitas CA 92024"
COUNTRY="UNITED STATES"
PHONE="17603346100"
ALTPHONE="1"
FAX="1"
TIMEZONE="(GMT-08:00) Pacific Time (US &#38; Canada)"
SITEDATEFORMAT="DAY_MONTH_YEAR"
STARTDATE="07/10/2013"
STUDYLOCALE="en-US"
SVAUTOSELECTRATE="100"
SVFIRSTNSUBJECTS="100"
/>



<SITE  NAME="(270) United Osteoporosis Centers"    MNEMONIC="270"
ADDRESS="2350 Limestone Parkway NorthEast Gainesville GA 30501"
COUNTRY="UNITED STATES"
PHONE="17705345154"
ALTPHONE="1"
FAX="1"
TIMEZONE="(GMT-05:00) Eastern Time (US &#38; Canada)"
SITEDATEFORMAT="DAY_MONTH_YEAR"
STARTDATE="07/10/2013"
STUDYLOCALE="en-US"
SVAUTOSELECTRATE="100"
SVFIRSTNSUBJECTS="100"
/>



<SITE  NAME="(280) Cooper Health System"    MNEMONIC="280"
ADDRESS="127 N. Church Street Suite 400 Marlton NJ 08053"
COUNTRY="UNITED STATES"
PHONE="18569633577"
ALTPHONE="1"
FAX="1"
TIMEZONE="(GMT-05:00) Eastern Time (US &#38; Canada)"
SITEDATEFORMAT="DAY_MONTH_YEAR"
STARTDATE="07/10/2013"
STUDYLOCALE="en-US"
SVAUTOSELECTRATE="100"
SVFIRSTNSUBJECTS="100"
/>



<SITE  NAME="(290) Billings Clinic"    MNEMONIC="290"
ADDRESS="1045 North 30th Street Billings MT 59101"
COUNTRY="UNITED STATES"
PHONE="14062558470"
ALTPHONE="1"
FAX="1"
TIMEZONE="(GMT-07:00) Mountain Time (US &#38; Canada)"
SITEDATEFORMAT="DAY_MONTH_YEAR"
STARTDATE="07/10/2013"
STUDYLOCALE="en-US"
SVAUTOSELECTRATE="100"
SVFIRSTNSUBJECTS="100"
/>



<SITE  NAME="(300) Research Institute of Deaconess Clinic"    MNEMONIC="300"
ADDRESS="421 Chestnut Street Evansville IN 47713"
COUNTRY="UNITED STATES"
PHONE="18124269576"
ALTPHONE="1"
FAX="1"
TIMEZONE="(GMT-05:00) Eastern Time (US &#38; Canada)"
SITEDATEFORMAT="DAY_MONTH_YEAR"
STARTDATE="07/10/2013"
STUDYLOCALE="en-US"
SVAUTOSELECTRATE="100"
SVFIRSTNSUBJECTS="100"
/>



<SITE  NAME="(310) Volunteer Research Group LLC"    MNEMONIC="310"
ADDRESS="1928 Alcoa Highway Suite G50 Knoxville TN 37920"
COUNTRY="UNITED STATES"
PHONE="18653059100"
ALTPHONE="1"
FAX="1"
TIMEZONE="(GMT-05:00) Eastern Time (US &#38; Canada)"
SITEDATEFORMAT="DAY_MONTH_YEAR"
STARTDATE="07/10/2013"
STUDYLOCALE="en-US"
SVAUTOSELECTRATE="100"
SVFIRSTNSUBJECTS="100"
/>



<SITE  NAME="(320) Advanced Urology PC"    MNEMONIC="320"
ADDRESS="11960 Lioness Way Suite 210 Parker CO 80134"
COUNTRY="UNITED STATES"
PHONE="13036956106"
ALTPHONE="1"
FAX="1"
TIMEZONE="(GMT-07:00) Mountain Time (US &#38; Canada)"
SITEDATEFORMAT="DAY_MONTH_YEAR"
STARTDATE="07/10/2013"
STUDYLOCALE="en-US"
SVAUTOSELECTRATE="100"
SVFIRSTNSUBJECTS="100"
/>



<SITE  NAME="(330) PMG Research of Cary LLC"    MNEMONIC="330"
ADDRESS="530 New Waverly Place Suite 200A Suite 200A Cary NC 27518"
COUNTRY="UNITED STATES"
PHONE="19193423447"
ALTPHONE="1"
FAX="1"
TIMEZONE="(GMT-05:00) Eastern Time (US &#38; Canada)"
SITEDATEFORMAT="DAY_MONTH_YEAR"
STARTDATE="07/10/2013"
STUDYLOCALE="en-US"
SVAUTOSELECTRATE="100"
SVFIRSTNSUBJECTS="100"
/>



</MEDMLDATA>