<?xml version="1.0"?>
<MEDMLDATA xmlns="PhaseForward-MedML-Inform4">


<SITE  NAME="(406) Montreal Neurological Institute and Hospital"    MNEMONIC="406"
ADDRESS="3801 rue University Montreal Quebec H3A 2B4"
COUNTRY="CANADA"
PHONE="15143988553"
ALTPHONE="1"
FAX="1"
TIMEZONE="(UTC-07:00) Mountain Time (US &#38; Canada)"
SITEDATEFORMAT="DAY_MONTH_YEAR"
STARTDATE="11/20/2015"
STUDYLOCALE="en-US"
SVAUTOSELECTRATE="100"
SVFIRSTNSUBJECTS="100"
/>


<SITE  NAME="(402) Okanagan Clinical Trials"    MNEMONIC="402"
ADDRESS="1353 Ellis Street Suite 204 Kelowna British Columbia V1Y 1Z9"
COUNTRY="CANADA"
PHONE="12508628141"
ALTPHONE="1"
FAX="1"
TIMEZONE="(UTC-05:00) Eastern Time (US &#38; Canada)"
SITEDATEFORMAT="DAY_MONTH_YEAR"
STARTDATE="11/20/2015"
STUDYLOCALE="en-US"
SVAUTOSELECTRATE="100"
SVFIRSTNSUBJECTS="100"
/>


<SITE  NAME="(401) Ottawa Headache Centre Research Inc"    MNEMONIC="401"
ADDRESS="1 Centrepointe Drive Ottawa Ontario K2G 6E2"
COUNTRY="CANADA"
PHONE="16132241223"
ALTPHONE="1"
FAX="1"
TIMEZONE="(UTC-05:00) Eastern Time (US &#38; Canada)"
SITEDATEFORMAT="DAY_MONTH_YEAR"
STARTDATE="11/20/2015"
STUDYLOCALE="en-US"
SVAUTOSELECTRATE="100"
SVFIRSTNSUBJECTS="100"
/>


<SITE  NAME="(400) Aggarwal and Associates Ltd"    MNEMONIC="400"
ADDRESS="490 Bramalea Rd Suite 201 Brampton Ontario L6T 0G1"
COUNTRY="CANADA"
PHONE="19054589033"
ALTPHONE="1"
FAX="1"
TIMEZONE="(UTC-05:00) Eastern Time (US &#38; Canada)"
SITEDATEFORMAT="DAY_MONTH_YEAR"
STARTDATE="11/20/2015"
STUDYLOCALE="en-US"
SVAUTOSELECTRATE="100"
SVFIRSTNSUBJECTS="100"
/>


<SITE  NAME="(601) DADO MEDICAL s r o"    MNEMONIC="601"
ADDRESS="Budecska 33"
COUNTRY="CZECH REPUBLIC"
PHONE="420420273130398"
ALTPHONE="420"
FAX="420"
TIMEZONE="(UTC+01:00) Sarajevo, Skopje, Warsaw, Zagreb"
SITEDATEFORMAT="DAY_MONTH_YEAR"
STARTDATE="11/20/2015"
STUDYLOCALE="en-US"
SVAUTOSELECTRATE="100"
SVFIRSTNSUBJECTS="100"
/>


<SITE  NAME="(603) Axon Clinical s r o"    MNEMONIC="603"
ADDRESS="Ke Koupalisti 12"
COUNTRY="CZECH REPUBLIC"
PHONE="420420737268655"
ALTPHONE="420"
FAX="420"
TIMEZONE="(UTC+01:00) Sarajevo, Skopje, Warsaw, Zagreb"
SITEDATEFORMAT="DAY_MONTH_YEAR"
STARTDATE="11/20/2015"
STUDYLOCALE="en-US"
SVAUTOSELECTRATE="100"
SVFIRSTNSUBJECTS="100"
/>


<SITE  NAME="(602) Clintrial s r o"    MNEMONIC="602"
ADDRESS="Pocernicka 1427 16"
COUNTRY="CZECH REPUBLIC"
PHONE="420420222510607"
ALTPHONE="420"
FAX="420"
TIMEZONE="(UTC+01:00) Sarajevo, Skopje, Warsaw, Zagreb"
SITEDATEFORMAT="DAY_MONTH_YEAR"
STARTDATE="11/20/2015"
STUDYLOCALE="en-US"
SVAUTOSELECTRATE="100"
SVFIRSTNSUBJECTS="100"
/>


<SITE  NAME="(604) I neurologicka klinika FNUSA"    MNEMONIC="604"
ADDRESS="Pekarska 53"
COUNTRY="CZECH REPUBLIC"
PHONE="420420543182632"
ALTPHONE="420"
FAX="420"
TIMEZONE="(UTC+01:00) Sarajevo, Skopje, Warsaw, Zagreb"
SITEDATEFORMAT="DAY_MONTH_YEAR"
STARTDATE="11/20/2015"
STUDYLOCALE="en-US"
SVAUTOSELECTRATE="100"
SVFIRSTNSUBJECTS="100"
/>


<SITE  NAME="(630) Charite Universitätsmedizin Berlin"    MNEMONIC="630"
ADDRESS="Campus Mitte Neurologische Klinik und Poliklinik Chariteplatz 1"
COUNTRY="GERMANY"
PHONE="494930450560102"
ALTPHONE="49"
FAX="49"
TIMEZONE="(UTC+01:00) Sarajevo, Skopje, Warsaw, Zagreb"
SITEDATEFORMAT="DAY_MONTH_YEAR"
STARTDATE="11/20/2015"
STUDYLOCALE="en-US"
SVAUTOSELECTRATE="100"
SVFIRSTNSUBJECTS="100"
/>


<SITE  NAME="(629) Migrane und Kopfschmerzklinik GmbH and Co KG"    MNEMONIC="629"
ADDRESS="Olmuhlweg 31"
COUNTRY="GERMANY"
PHONE="4949617429040"
ALTPHONE="49"
FAX="49"
TIMEZONE="(UTC+01:00) Sarajevo, Skopje, Warsaw, Zagreb"
SITEDATEFORMAT="DAY_MONTH_YEAR"
STARTDATE="11/20/2015"
STUDYLOCALE="en-US"
SVAUTOSELECTRATE="100"
SVFIRSTNSUBJECTS="100"
/>


<SITE  NAME="(633) Universitatsklinikum Hamburg Eppendorf  UKE"    MNEMONIC="633"
ADDRESS="Institut fur systemische Neurowissenschaften MartinistraBe 52"
COUNTRY="GERMANY"
PHONE="494940741059189"
ALTPHONE="49"
FAX="49"
TIMEZONE="(UTC+01:00) Sarajevo, Skopje, Warsaw, Zagreb"
SITEDATEFORMAT="DAY_MONTH_YEAR"
STARTDATE="11/20/2015"
STUDYLOCALE="en-US"
SVAUTOSELECTRATE="100"
SVFIRSTNSUBJECTS="100"
/>


<SITE  NAME="(625) Rotes Kreuz Krankenhaus Kassel gGmbH"    MNEMONIC="625"
ADDRESS="Hansteinstr 29"
COUNTRY="GERMANY"
PHONE="494956130864601"
ALTPHONE="49"
FAX="49"
TIMEZONE="(UTC+01:00) Sarajevo, Skopje, Warsaw, Zagreb"
SITEDATEFORMAT="DAY_MONTH_YEAR"
STARTDATE="11/20/2015"
STUDYLOCALE="en-US"
SVAUTOSELECTRATE="100"
SVFIRSTNSUBJECTS="100"
/>


<SITE  NAME="(626) Neurozentrum Bielefeld"    MNEMONIC="626"
ADDRESS="Hauptstr  102"
COUNTRY="GERMANY"
PHONE="4949521443069"
ALTPHONE="49"
FAX="49"
TIMEZONE="(UTC+01:00) Sarajevo, Skopje, Warsaw, Zagreb"
SITEDATEFORMAT="DAY_MONTH_YEAR"
STARTDATE="11/20/2015"
STUDYLOCALE="en-US"
SVAUTOSELECTRATE="100"
SVFIRSTNSUBJECTS="100"
/>


<SITE  NAME="(628) Universitätsklinikum Tübingen"    MNEMONIC="628"
ADDRESS="Neurologische Klinik Hoppe Seyler Str  3"
COUNTRY="GERMANY"
PHONE="494970712982141"
ALTPHONE="49"
FAX="49"
TIMEZONE="(UTC+01:00) Sarajevo, Skopje, Warsaw, Zagreb"
SITEDATEFORMAT="DAY_MONTH_YEAR"
STARTDATE="11/20/2015"
STUDYLOCALE="en-US"
SVAUTOSELECTRATE="100"
SVFIRSTNSUBJECTS="100"
/>


<SITE  NAME="(632) Studiengesellschaft Lauter Spieker GbR"    MNEMONIC="632"
ADDRESS="Hans Bockler Str  23 27"
COUNTRY="GERMANY"
PHONE="49492345889924"
ALTPHONE="49"
FAX="49"
TIMEZONE="(UTC+01:00) Sarajevo, Skopje, Warsaw, Zagreb"
SITEDATEFORMAT="DAY_MONTH_YEAR"
STARTDATE="11/20/2015"
STUDYLOCALE="en-US"
SVAUTOSELECTRATE="100"
SVFIRSTNSUBJECTS="100"
/>


<SITE  NAME="(635) Universitatsklinikum Essen AoR"    MNEMONIC="635"
ADDRESS="Westdeutsches Kopfschmerzzentrum Hufelandstr 26"
COUNTRY="GERMANY"
PHONE="4949201436960"
ALTPHONE="49"
FAX="49"
TIMEZONE="(UTC+01:00) Sarajevo, Skopje, Warsaw, Zagreb"
SITEDATEFORMAT="DAY_MONTH_YEAR"
STARTDATE="11/20/2015"
STUDYLOCALE="en-US"
SVAUTOSELECTRATE="100"
SVFIRSTNSUBJECTS="100"
/>


<SITE  NAME="(627) Neurozentrum Prien"    MNEMONIC="627"
ADDRESS="Bernauer Str 12"
COUNTRY="GERMANY"
PHONE="494980511811"
ALTPHONE="49"
FAX="49"
TIMEZONE="(UTC+01:00) Sarajevo, Skopje, Warsaw, Zagreb"
SITEDATEFORMAT="DAY_MONTH_YEAR"
STARTDATE="11/20/2015"
STUDYLOCALE="en-US"
SVAUTOSELECTRATE="100"
SVFIRSTNSUBJECTS="100"
/>


<SITE  NAME="(637) Praxis Dr Stude"    MNEMONIC="637"
ADDRESS="Kurt Schumacher StraBe 11 12"
COUNTRY="GERMANY"
PHONE="494923415866"
ALTPHONE="49"
FAX="49"
TIMEZONE="(UTC+01:00) Sarajevo, Skopje, Warsaw, Zagreb"
SITEDATEFORMAT="DAY_MONTH_YEAR"
STARTDATE="11/20/2015"
STUDYLOCALE="en-US"
SVAUTOSELECTRATE="100"
SVFIRSTNSUBJECTS="100"
/>


<SITE  NAME="(753) Maccabi Healthcare Services Ramat Hasharon"    MNEMONIC="753"
ADDRESS="Hanetsah St 3 Ramat Hasharon"
COUNTRY="ISRAEL"
PHONE="97200972537482687"
ALTPHONE="972"
FAX="972"
TIMEZONE="(UTC+02:00) Jerusalem"
SITEDATEFORMAT="DAY_MONTH_YEAR"
STARTDATE="11/20/2015"
STUDYLOCALE="en-US"
SVAUTOSELECTRATE="100"
SVFIRSTNSUBJECTS="100"
/>


<SITE  NAME="(751) Tel-Aviv Sourasky Medical Center"    MNEMONIC="751"
ADDRESS="Neurology Department 6 Weizmann St"
COUNTRY="ISRAEL"
PHONE="97297236974874"
ALTPHONE="972"
FAX="972"
TIMEZONE="(UTC+02:00) Jerusalem"
SITEDATEFORMAT="DAY_MONTH_YEAR"
STARTDATE="11/20/2015"
STUDYLOCALE="en-US"
SVAUTOSELECTRATE="100"
SVFIRSTNSUBJECTS="100"
/>


<SITE  NAME="(752) Sheba Medical Center"    MNEMONIC="752"
ADDRESS="2 Sheba road Tel Hashomer"
COUNTRY="ISRAEL"
PHONE="9720097235304932"
ALTPHONE="972"
FAX="972"
TIMEZONE="(UTC+02:00) Jerusalem"
SITEDATEFORMAT="DAY_MONTH_YEAR"
STARTDATE="11/20/2015"
STUDYLOCALE="en-US"
SVAUTOSELECTRATE="100"
SVFIRSTNSUBJECTS="100"
/>


<SITE  NAME="(750) Hillel Yaffe"    MNEMONIC="750"
ADDRESS="Hashalom St"
COUNTRY="ISRAEL"
PHONE="9720097252756446"
ALTPHONE="972"
FAX="972"
TIMEZONE="(UTC+02:00) Jerusalem"
SITEDATEFORMAT="DAY_MONTH_YEAR"
STARTDATE="11/20/2015"
STUDYLOCALE="en-US"
SVAUTOSELECTRATE="100"
SVFIRSTNSUBJECTS="100"
/>


<SITE  NAME="(575) IRCCS San Raffaele Pisana"    MNEMONIC="575"
ADDRESS="Via della Pisana 235"
COUNTRY="ITALY"
PHONE="3900390652252477"
ALTPHONE="39"
FAX="39"
TIMEZONE="(UTC+01:00) Sarajevo, Skopje, Warsaw, Zagreb"
SITEDATEFORMAT="DAY_MONTH_YEAR"
STARTDATE="11/20/2015"
STUDYLOCALE="en-US"
SVAUTOSELECTRATE="100"
SVFIRSTNSUBJECTS="100"
/>


<SITE  NAME="(577) Azienda Ospedaliera Universitaria  Careggi"    MNEMONIC="577"
ADDRESS="Largo Brambilla 3"
COUNTRY="ITALY"
PHONE="3900390554271329"
ALTPHONE="39"
FAX="39"
TIMEZONE="(UTC+01:00) Sarajevo, Skopje, Warsaw, Zagreb"
SITEDATEFORMAT="DAY_MONTH_YEAR"
STARTDATE="11/20/2015"
STUDYLOCALE="en-US"
SVAUTOSELECTRATE="100"
SVFIRSTNSUBJECTS="100"
/>


<SITE  NAME="(579) Fondazione Istituto Neurologico Nazionale Mondino"    MNEMONIC="579"
ADDRESS="Via Mondino 2"
COUNTRY="ITALY"
PHONE="3900393331712990"
ALTPHONE="39"
FAX="39"
TIMEZONE="(UTC+01:00) Sarajevo, Skopje, Warsaw, Zagreb"
SITEDATEFORMAT="DAY_MONTH_YEAR"
STARTDATE="11/20/2015"
STUDYLOCALE="en-US"
SVAUTOSELECTRATE="100"
SVFIRSTNSUBJECTS="100"
/>


<SITE  NAME="(576) Ospedale Bellaria"    MNEMONIC="576"
ADDRESS="Via Altura 3"
COUNTRY="ITALY"
PHONE="3900390514966929"
ALTPHONE="39"
FAX="39"
TIMEZONE="(UTC+01:00) Sarajevo, Skopje, Warsaw, Zagreb"
SITEDATEFORMAT="DAY_MONTH_YEAR"
STARTDATE="11/20/2015"
STUDYLOCALE="en-US"
SVAUTOSELECTRATE="100"
SVFIRSTNSUBJECTS="100"
/>


<SITE  NAME="(578) Azienda Ospedaliero-Universitaria di Modena"    MNEMONIC="578"
ADDRESS="Via del Pozzo 71"
COUNTRY="ITALY"
PHONE="3900390594224065"
ALTPHONE="39"
FAX="39"
TIMEZONE="(UTC+01:00) Sarajevo, Skopje, Warsaw, Zagreb"
SITEDATEFORMAT="DAY_MONTH_YEAR"
STARTDATE="11/20/2015"
STUDYLOCALE="en-US"
SVAUTOSELECTRATE="100"
SVFIRSTNSUBJECTS="100"
/>


<SITE  NAME="(526) Canisius Wilhelmina Ziekenhuis"    MNEMONIC="526"
ADDRESS="WEG DOOR JONKERBOS 100"
COUNTRY="NETHERLANDS"
PHONE="31310243658210"
ALTPHONE="31"
FAX="31"
TIMEZONE="(UTC+01:00) Sarajevo, Skopje, Warsaw, Zagreb"
SITEDATEFORMAT="DAY_MONTH_YEAR"
STARTDATE="11/20/2015"
STUDYLOCALE="en-US"
SVAUTOSELECTRATE="100"
SVFIRSTNSUBJECTS="100"
/>


<SITE  NAME="(529) Isala Klinieken Zwolle"    MNEMONIC="529"
ADDRESS="Dokter van Heesweg 2"
COUNTRY="NETHERLANDS"
PHONE="3131384242766"
ALTPHONE="31"
FAX="31"
TIMEZONE="(UTC+01:00) Sarajevo, Skopje, Warsaw, Zagreb"
SITEDATEFORMAT="DAY_MONTH_YEAR"
STARTDATE="11/20/2015"
STUDYLOCALE="en-US"
SVAUTOSELECTRATE="100"
SVFIRSTNSUBJECTS="100"
/>


<SITE  NAME="(525) Boerhaave Medisch Centrum"    MNEMONIC="525"
ADDRESS="Dintelstraat 60"
COUNTRY="NETHERLANDS"
PHONE="31310203050030"
ALTPHONE="31"
FAX="31"
TIMEZONE="(UTC+01:00) Sarajevo, Skopje, Warsaw, Zagreb"
SITEDATEFORMAT="DAY_MONTH_YEAR"
STARTDATE="11/20/2015"
STUDYLOCALE="en-US"
SVAUTOSELECTRATE="100"
SVFIRSTNSUBJECTS="100"
/>


<SITE  NAME="(527) Leids Universitair Medisch Centrum"    MNEMONIC="527"
ADDRESS="Albinusdreef 2"
COUNTRY="NETHERLANDS"
PHONE="31310715262895"
ALTPHONE="31"
FAX="31"
TIMEZONE="(UTC+01:00) Sarajevo, Skopje, Warsaw, Zagreb"
SITEDATEFORMAT="DAY_MONTH_YEAR"
STARTDATE="11/20/2015"
STUDYLOCALE="en-US"
SVAUTOSELECTRATE="100"
SVFIRSTNSUBJECTS="100"
/>


<SITE  NAME="(304) Ruddy Guerra MD"    MNEMONIC="304"
ADDRESS="Pedro Blanco Lugo Building Suite 311 Manati Puerto Rico 674"
COUNTRY="PUERTO RICO"
PHONE="7877878845107"
ALTPHONE="787"
FAX="787"
TIMEZONE="(UTC-05:00) Eastern Time (US &#38; Canada)"
SITEDATEFORMAT="DAY_MONTH_YEAR"
STARTDATE="11/20/2015"
STUDYLOCALE="en-US"
SVAUTOSELECTRATE="100"
SVFIRSTNSUBJECTS="100"
/>


<SITE  NAME="(303) Neuro GI Wellness Center"    MNEMONIC="303"
ADDRESS="Torre del Metropolitano Las Lomas Carr 21  1785 Suite 408 Rio Piedras 00922"
COUNTRY="PUERTO RICO"
PHONE="7877874559535"
ALTPHONE="787"
FAX="787"
TIMEZONE="(UTC-05:00) Eastern Time (US &#38; Canada)"
SITEDATEFORMAT="DAY_MONTH_YEAR"
STARTDATE="11/20/2015"
STUDYLOCALE="en-US"
SVAUTOSELECTRATE="100"
SVFIRSTNSUBJECTS="100"
/>


<SITE  NAME="(302) Instituto de Neurologia Dra Ivonne Fraga"    MNEMONIC="302"
ADDRESS="Professional Medical Plaza 708 Ave Ponce De Leon Ste 102 San Juan 00918"
COUNTRY="PUERTO RICO"
PHONE="7877877639312"
ALTPHONE="787"
FAX="787"
TIMEZONE="(UTC-05:00) Eastern Time (US &#38; Canada)"
SITEDATEFORMAT="DAY_MONTH_YEAR"
STARTDATE="11/20/2015"
STUDYLOCALE="en-US"
SVAUTOSELECTRATE="100"
SVFIRSTNSUBJECTS="100"
/>


<SITE  NAME="(300) GCM Medical Group PSC"    MNEMONIC="300"
ADDRESS="1826 Fernandez Juncos San Juan Puerto Rico 00909"
COUNTRY="PUERTO RICO"
PHONE="7877877268396"
ALTPHONE="787"
FAX="787"
TIMEZONE="(UTC-05:00) Eastern Time (US &#38; Canada)"
SITEDATEFORMAT="DAY_MONTH_YEAR"
STARTDATE="11/20/2015"
STUDYLOCALE="en-US"
SVAUTOSELECTRATE="100"
SVFIRSTNSUBJECTS="100"
/>


<SITE  NAME="(555) Hospital Universitari Quirón Dexeus"    MNEMONIC="555"
ADDRESS="Servicio de Neurologia Consultas Externas Planta 1 5 C Sabino de Arana 5 19"
COUNTRY="SPAIN"
PHONE="34349322774747"
ALTPHONE="34"
FAX="34"
TIMEZONE="(UTC+01:00) Sarajevo, Skopje, Warsaw, Zagreb"
SITEDATEFORMAT="DAY_MONTH_YEAR"
STARTDATE="11/20/2015"
STUDYLOCALE="en-US"
SVAUTOSELECTRATE="100"
SVFIRSTNSUBJECTS="100"
/>


<SITE  NAME="(551) Hospital Clinico Universitario de Valladolid"    MNEMONIC="551"
ADDRESS="Servicio de Neurologia Planta 10 Avda Ramon Y Cajal 3"
COUNTRY="SPAIN"
PHONE="3434948255400"
ALTPHONE="34"
FAX="34"
TIMEZONE="(UTC+01:00) Sarajevo, Skopje, Warsaw, Zagreb"
SITEDATEFORMAT="DAY_MONTH_YEAR"
STARTDATE="11/20/2015"
STUDYLOCALE="en-US"
SVAUTOSELECTRATE="100"
SVFIRSTNSUBJECTS="100"
/>


<SITE  NAME="(552) Hospital Universitario de Valencia"    MNEMONIC="552"
ADDRESS="Departamento de Neurologia Edif Materno Infantil 4 Planta Avda Blasco Ibanez 17"
COUNTRY="SPAIN"
PHONE="3434961973910"
ALTPHONE="34"
FAX="34"
TIMEZONE="(UTC+01:00) Sarajevo, Skopje, Warsaw, Zagreb"
SITEDATEFORMAT="DAY_MONTH_YEAR"
STARTDATE="11/20/2015"
STUDYLOCALE="en-US"
SVAUTOSELECTRATE="100"
SVFIRSTNSUBJECTS="100"
/>


<SITE  NAME="(550) Hospital Universitario La Fe de Valencia"    MNEMONIC="550"
ADDRESS="Servicio de Neurologia Modulo D planta 5 Avda de Fernando Abril Martorell 106"
COUNTRY="SPAIN"
PHONE="340"
ALTPHONE="34"
FAX="34"
TIMEZONE="(UTC+01:00) Sarajevo, Skopje, Warsaw, Zagreb"
SITEDATEFORMAT="DAY_MONTH_YEAR"
STARTDATE="11/20/2015"
STUDYLOCALE="en-US"
SVAUTOSELECTRATE="100"
SVFIRSTNSUBJECTS="100"
/>


<SITE  NAME="(556) Clinica Universitaria De Navarra"    MNEMONIC="556"
ADDRESS="Departamento de Neurologia 4 planta Consultas Avd Pio XII 36"
COUNTRY="SPAIN"
PHONE="3434948255400"
ALTPHONE="34"
FAX="34"
TIMEZONE="(UTC+01:00) Sarajevo, Skopje, Warsaw, Zagreb"
SITEDATEFORMAT="DAY_MONTH_YEAR"
STARTDATE="11/20/2015"
STUDYLOCALE="en-US"
SVAUTOSELECTRATE="100"
SVFIRSTNSUBJECTS="100"
/>


<SITE  NAME="(553) Hospital Universitario Marques De Valdecilla"    MNEMONIC="553"
ADDRESS="Servicio de Neurologia Consultas Externas Valdecilla Sur 2 planta Avda de Valdecilla S N"
COUNTRY="SPAIN"
PHONE="3434942202584"
ALTPHONE="34"
FAX="34"
TIMEZONE="(UTC+01:00) Sarajevo, Skopje, Warsaw, Zagreb"
SITEDATEFORMAT="DAY_MONTH_YEAR"
STARTDATE="11/20/2015"
STUDYLOCALE="en-US"
SVAUTOSELECTRATE="100"
SVFIRSTNSUBJECTS="100"
/>


<SITE  NAME="(554) Hospital Vall dHebrón"    MNEMONIC="554"
ADDRESS="Consulta de Neurologia Modulo A Passeig Vall dHebron 119 129"
COUNTRY="SPAIN"
PHONE="3434932746606"
ALTPHONE="34"
FAX="34"
TIMEZONE="(UTC+01:00) Sarajevo, Skopje, Warsaw, Zagreb"
SITEDATEFORMAT="DAY_MONTH_YEAR"
STARTDATE="11/20/2015"
STUDYLOCALE="en-US"
SVAUTOSELECTRATE="100"
SVFIRSTNSUBJECTS="100"
/>


<SITE  NAME="(804) Taipei Veterans General Hospital"    MNEMONIC="804"
ADDRESS="No 201 Section 2 Shih Pai Rd Taipei 11217 Taiwan"
COUNTRY="TAIWAN"
PHONE="886886228712121"
ALTPHONE="886"
FAX="886"
TIMEZONE="(UTC+08:00) Taipei"
SITEDATEFORMAT="DAY_MONTH_YEAR"
STARTDATE="11/20/2015"
STUDYLOCALE="en-US"
SVAUTOSELECTRATE="100"
SVFIRSTNSUBJECTS="100"
/>


<SITE  NAME="(803) Sin Lau Hospital"    MNEMONIC="803"
ADDRESS="No 57 Sec 1 Dongmen Rd Tainan 70142 Taiwan"
COUNTRY="TAIWAN"
PHONE="8868866748316"
ALTPHONE="886"
FAX="886"
TIMEZONE="(UTC+08:00) Taipei"
SITEDATEFORMAT="DAY_MONTH_YEAR"
STARTDATE="11/20/2015"
STUDYLOCALE="en-US"
SVAUTOSELECTRATE="100"
SVFIRSTNSUBJECTS="100"
/>


<SITE  NAME="(802) Kaohsiung Medical University Chung Ho Memorial Hospital"    MNEMONIC="802"
ADDRESS="No 100 Tzyou 1st Rd Kaohsiung 807 Taiwan"
COUNTRY="TAIWAN"
PHONE="88688673121101"
ALTPHONE="886"
FAX="886"
TIMEZONE="(UTC+08:00) Taipei"
SITEDATEFORMAT="DAY_MONTH_YEAR"
STARTDATE="11/20/2015"
STUDYLOCALE="en-US"
SVAUTOSELECTRATE="100"
SVFIRSTNSUBJECTS="100"
/>


<SITE  NAME="(801) Chi Mei Medical Center Yung Kang"    MNEMONIC="801"
ADDRESS="No 901 Chung Hwa Rd Tainan 71004 Taiwan"
COUNTRY="TAIWAN"
PHONE="88688662812811"
ALTPHONE="886"
FAX="886"
TIMEZONE="(UTC+08:00) Taipei"
SITEDATEFORMAT="DAY_MONTH_YEAR"
STARTDATE="11/20/2015"
STUDYLOCALE="en-US"
SVAUTOSELECTRATE="100"
SVFIRSTNSUBJECTS="100"
/>


<SITE  NAME="(805) Far Eastern Memorial Hospital"    MNEMONIC="805"
ADDRESS="No 21 Nan Ya South Rd Sec 2 Pan Chiao"
COUNTRY="TAIWAN"
PHONE="886886935575142"
ALTPHONE="886"
FAX="886"
TIMEZONE="(UTC+08:00) Taipei"
SITEDATEFORMAT="DAY_MONTH_YEAR"
STARTDATE="11/20/2015"
STUDYLOCALE="en-US"
SVAUTOSELECTRATE="100"
SVFIRSTNSUBJECTS="100"
/>


<SITE  NAME="(500) Hull Royal Infirmary  MAIN"    MNEMONIC="500"
ADDRESS="Anlaby Road"
COUNTRY="UNITED KINGDOM"
PHONE="44441482675550"
ALTPHONE="44"
FAX="44"
TIMEZONE="(UTC) Dublin, Edinburgh, Lisbon, London"
SITEDATEFORMAT="DAY_MONTH_YEAR"
STARTDATE="11/20/2015"
STUDYLOCALE="en-US"
SVAUTOSELECTRATE="100"
SVFIRSTNSUBJECTS="100"
/>


<SITE  NAME="(502) Kings College Hospital  MAIN"    MNEMONIC="502"
ADDRESS="Bessemer Road Denmark Hill"
COUNTRY="UNITED KINGDOM"
PHONE="44442032993106"
ALTPHONE="44"
FAX="44"
TIMEZONE="(UTC) Dublin, Edinburgh, Lisbon, London"
SITEDATEFORMAT="DAY_MONTH_YEAR"
STARTDATE="11/20/2015"
STUDYLOCALE="en-US"
SVAUTOSELECTRATE="100"
SVFIRSTNSUBJECTS="100"
/>


<SITE  NAME="(501) Royal Stoke University Hospital"    MNEMONIC="501"
ADDRESS="Newcastle Road"
COUNTRY="UNITED KINGDOM"
PHONE="44441782715444"
ALTPHONE="44"
FAX="44"
TIMEZONE="(UTC) Dublin, Edinburgh, Lisbon, London"
SITEDATEFORMAT="DAY_MONTH_YEAR"
STARTDATE="11/20/2015"
STUDYLOCALE="en-US"
SVAUTOSELECTRATE="100"
SVFIRSTNSUBJECTS="100"
/>


<SITE  NAME="(503) Queen Elizabeth University Hospital"    MNEMONIC="503"
ADDRESS="Glasgow Clinical Research Facility 5th Floor Neurosciences Building Zone 3 Southern General Hospital 1345 Govan Road"
COUNTRY="UNITED KINGDOM"
PHONE="44441412327600"
ALTPHONE="44"
FAX="44"
TIMEZONE="(UTC) Dublin, Edinburgh, Lisbon, London"
SITEDATEFORMAT="DAY_MONTH_YEAR"
STARTDATE="11/20/2015"
STUDYLOCALE="en-US"
SVAUTOSELECTRATE="100"
SVFIRSTNSUBJECTS="100"
/>


<SITE  NAME="(169) Optimus Medical Group"    MNEMONIC="169"
ADDRESS="870 Market Street STE 600 San Francisco California 94102"
COUNTRY="UNITED STATES"
PHONE="14153970700"
ALTPHONE="1"
FAX="1"
TIMEZONE="(UTC-08:00) Pacific Time (US &#38; Canada)"
SITEDATEFORMAT="DAY_MONTH_YEAR"
STARTDATE="11/20/2015"
STUDYLOCALE="en-US"
SVAUTOSELECTRATE="100"
SVFIRSTNSUBJECTS="100"
/>


<SITE  NAME="(158) Oregon Neurology Associates"    MNEMONIC="158"
ADDRESS="3355 Riverbend DriveSuite 410 Springfield Oregon 97477"
COUNTRY="UNITED STATES"
PHONE="15418689430"
ALTPHONE="1"
FAX="1"
TIMEZONE="(UTC-08:00) Pacific Time (US &#38; Canada)"
SITEDATEFORMAT="DAY_MONTH_YEAR"
STARTDATE="11/20/2015"
STUDYLOCALE="en-US"
SVAUTOSELECTRATE="100"
SVFIRSTNSUBJECTS="100"
/>


<SITE  NAME="(190) Northwest Clinical Research Center"    MNEMONIC="190"
ADDRESS="1951 152nd Place Northeast Suite 200 Bellevue Washington 98007"
COUNTRY="UNITED STATES"
PHONE="14254530404"
ALTPHONE="1"
FAX="1"
TIMEZONE="(UTC-08:00) Pacific Time (US &#38; Canada)"
SITEDATEFORMAT="DAY_MONTH_YEAR"
STARTDATE="11/20/2015"
STUDYLOCALE="en-US"
SVAUTOSELECTRATE="100"
SVFIRSTNSUBJECTS="100"
/>


<SITE  NAME="(125) Pharmacology Research Institute  Los Alamitos"    MNEMONIC="125"
ADDRESS="4281 Katella Avenue Suite 115 Los Alamitos California 90720"
COUNTRY="UNITED STATES"
PHONE="17148273667"
ALTPHONE="1"
FAX="1"
TIMEZONE="(UTC-08:00) Pacific Time (US &#38; Canada)"
SITEDATEFORMAT="DAY_MONTH_YEAR"
STARTDATE="11/20/2015"
STUDYLOCALE="en-US"
SVAUTOSELECTRATE="100"
SVFIRSTNSUBJECTS="100"
/>


<SITE  NAME="(121) Artemis Institute for Clinical Research"    MNEMONIC="121"
ADDRESS="770 West Washington Street Suite 300 San Diego California 92103"
COUNTRY="UNITED STATES"
PHONE="18582783647"
ALTPHONE="1"
FAX="1"
TIMEZONE="(UTC-08:00) Pacific Time (US &#38; Canada)"
SITEDATEFORMAT="DAY_MONTH_YEAR"
STARTDATE="11/20/2015"
STUDYLOCALE="en-US"
SVAUTOSELECTRATE="100"
SVFIRSTNSUBJECTS="100"
/>


<SITE  NAME="(119) Medical Center For Clinical Research"    MNEMONIC="119"
ADDRESS="9040 Friars Road Suite 540 San Diego California 92108"
COUNTRY="UNITED STATES"
PHONE="16195212830"
ALTPHONE="1"
FAX="1"
TIMEZONE="(UTC-08:00) Pacific Time (US &#38; Canada)"
SITEDATEFORMAT="DAY_MONTH_YEAR"
STARTDATE="11/20/2015"
STUDYLOCALE="en-US"
SVAUTOSELECTRATE="100"
SVFIRSTNSUBJECTS="100"
/>


<SITE  NAME="(112) Pharmacology Research Institute Encino"    MNEMONIC="112"
ADDRESS="6345 Balboa Boulevard Building III Suite 363 Encino California 91316"
COUNTRY="UNITED STATES"
PHONE="18187057450"
ALTPHONE="1"
FAX="1"
TIMEZONE="(UTC-08:00) Pacific Time (US &#38; Canada)"
SITEDATEFORMAT="DAY_MONTH_YEAR"
STARTDATE="11/20/2015"
STUDYLOCALE="en-US"
SVAUTOSELECTRATE="100"
SVFIRSTNSUBJECTS="100"
/>


<SITE  NAME="(111) Premier Clinical Research"    MNEMONIC="111"
ADDRESS="610 S Sherman St Ste201 Spokane Washington 99204"
COUNTRY="UNITED STATES"
PHONE="15093433710"
ALTPHONE="1"
FAX="1"
TIMEZONE="(UTC-08:00) Pacific Time (US &#38; Canada)"
SITEDATEFORMAT="DAY_MONTH_YEAR"
STARTDATE="11/20/2015"
STUDYLOCALE="en-US"
SVAUTOSELECTRATE="100"
SVFIRSTNSUBJECTS="100"
/>


<SITE  NAME="(109) Fullerton Neurology and Headache Center"    MNEMONIC="109"
ADDRESS="100 Laguna Road Suite 208 Fullerton California 92835"
COUNTRY="UNITED STATES"
PHONE="17147380800"
ALTPHONE="1"
FAX="1"
TIMEZONE="(UTC-08:00) Pacific Time (US &#38; Canada)"
SITEDATEFORMAT="DAY_MONTH_YEAR"
STARTDATE="11/20/2015"
STUDYLOCALE="en-US"
SVAUTOSELECTRATE="100"
SVFIRSTNSUBJECTS="100"
/>


<SITE  NAME="(101) Anderson Clinical Research"    MNEMONIC="101"
ADDRESS="2068 Orange Tree Lane Suite 226 Redlands California 92374"
COUNTRY="UNITED STATES"
PHONE="19097929007"
ALTPHONE="1"
FAX="1"
TIMEZONE="(UTC-08:00) Pacific Time (US &#38; Canada)"
SITEDATEFORMAT="DAY_MONTH_YEAR"
STARTDATE="11/20/2015"
STUDYLOCALE="en-US"
SVAUTOSELECTRATE="100"
SVFIRSTNSUBJECTS="100"
/>


<SITE  NAME="(100) Desert Valley Research"    MNEMONIC="100"
ADDRESS="41750 Rancho Las Palmas Drive Suite M Rancho Mirage California 92270"
COUNTRY="UNITED STATES"
PHONE="17604640470"
ALTPHONE="1"
FAX="1"
TIMEZONE="(UTC-08:00) Pacific Time (US &#38; Canada)"
SITEDATEFORMAT="DAY_MONTH_YEAR"
STARTDATE="11/20/2015"
STUDYLOCALE="en-US"
SVAUTOSELECTRATE="100"
SVFIRSTNSUBJECTS="100"
/>


<SITE  NAME="(164) Foothill Family Clinic"    MNEMONIC="164"
ADDRESS="2295 Foothill Drive Salt Lake City Utah 84109"
COUNTRY="UNITED STATES"
PHONE="18014863021"
ALTPHONE="1"
FAX="1"
TIMEZONE="(UTC-07:00) Mountain Time (US &#38; Canada)"
SITEDATEFORMAT="DAY_MONTH_YEAR"
STARTDATE="11/20/2015"
STUDYLOCALE="en-US"
SVAUTOSELECTRATE="100"
SVFIRSTNSUBJECTS="100"
/>


<SITE  NAME="(253) Headache Medicine Specialist of North Texas"    MNEMONIC="253"
ADDRESS="9101 North Central Expressway suite 400 Dallas Texas"
COUNTRY="UNITED STATES"
PHONE="12148209272"
ALTPHONE="1"
FAX="1"
TIMEZONE="(UTC-07:00) Mountain Time (US &#38; Canada)"
SITEDATEFORMAT="DAY_MONTH_YEAR"
STARTDATE="11/20/2015"
STUDYLOCALE="en-US"
SVAUTOSELECTRATE="100"
SVFIRSTNSUBJECTS="100"
/>


<SITE  NAME="(252) Denver Neurological Research"    MNEMONIC="252"
ADDRESS="950 East Harvard Ave Ste 570 Denver Colorado 80210"
COUNTRY="UNITED STATES"
PHONE="13033014271"
ALTPHONE="1"
FAX="1"
TIMEZONE="(UTC-07:00) Mountain Time (US &#38; Canada)"
SITEDATEFORMAT="DAY_MONTH_YEAR"
STARTDATE="11/20/2015"
STUDYLOCALE="en-US"
SVAUTOSELECTRATE="100"
SVFIRSTNSUBJECTS="100"
/>


<SITE  NAME="(187) 21st Century Neurology a Division of Xenoscience Inc"    MNEMONIC="187"
ADDRESS="2601 North 3rd Street Suite 125 Phoenix Arizona 85004"
COUNTRY="UNITED STATES"
PHONE="16022656500"
ALTPHONE="1"
FAX="1"
TIMEZONE="(UTC-07:00) Mountain Time (US &#38; Canada)"
SITEDATEFORMAT="DAY_MONTH_YEAR"
STARTDATE="11/20/2015"
STUDYLOCALE="en-US"
SVAUTOSELECTRATE="100"
SVFIRSTNSUBJECTS="100"
/>


<SITE  NAME="(185) Arizona Research Center"    MNEMONIC="185"
ADDRESS="2525 W Greenway Road Suite 114 Phoenix Arizona 85023"
COUNTRY="UNITED STATES"
PHONE="16234144022"
ALTPHONE="1"
FAX="1"
TIMEZONE="(UTC-07:00) Mountain Time (US &#38; Canada)"
SITEDATEFORMAT="DAY_MONTH_YEAR"
STARTDATE="11/20/2015"
STUDYLOCALE="en-US"
SVAUTOSELECTRATE="100"
SVFIRSTNSUBJECTS="100"
/>


<SITE  NAME="(130) Albuquerque Clinical Trials"    MNEMONIC="130"
ADDRESS="801 Encino Place NE Suite A 16 Albuquerque New Mexico 87102"
COUNTRY="UNITED STATES"
PHONE="15052247407"
ALTPHONE="1"
FAX="1"
TIMEZONE="(UTC-07:00) Mountain Time (US &#38; Canada)"
SITEDATEFORMAT="DAY_MONTH_YEAR"
STARTDATE="11/20/2015"
STUDYLOCALE="en-US"
SVAUTOSELECTRATE="100"
SVFIRSTNSUBJECTS="100"
/>


<SITE  NAME="(122) Colorado Neurological Institute"    MNEMONIC="122"
ADDRESS="701 E Hampden Ave Ste 415 Englewood Colorado 80113"
COUNTRY="UNITED STATES"
PHONE="17203364300"
ALTPHONE="1"
FAX="1"
TIMEZONE="(UTC-07:00) Mountain Time (US &#38; Canada)"
SITEDATEFORMAT="DAY_MONTH_YEAR"
STARTDATE="11/20/2015"
STUDYLOCALE="en-US"
SVAUTOSELECTRATE="100"
SVFIRSTNSUBJECTS="100"
/>


<SITE  NAME="(171) Dean Foundation for Health Research and Education Middleton"    MNEMONIC="171"
ADDRESS="2711 Allen Boulevard Suite 300 Middleton Wisconsin 53562"
COUNTRY="UNITED STATES"
PHONE="16088272316"
ALTPHONE="1"
FAX="1"
TIMEZONE="(UTC-06:00) Central Time (US &#38; Canada)"
SITEDATEFORMAT="DAY_MONTH_YEAR"
STARTDATE="11/20/2015"
STUDYLOCALE="en-US"
SVAUTOSELECTRATE="100"
SVFIRSTNSUBJECTS="100"
/>


<SITE  NAME="(170) Heartland Research Associates LLC"    MNEMONIC="170"
ADDRESS="3730 N Ridge Road Suite 600 Wichita Kansas 67205"
COUNTRY="UNITED STATES"
PHONE="13164620423"
ALTPHONE="1"
FAX="1"
TIMEZONE="(UTC-06:00) Central Time (US &#38; Canada)"
SITEDATEFORMAT="DAY_MONTH_YEAR"
STARTDATE="11/20/2015"
STUDYLOCALE="en-US"
SVAUTOSELECTRATE="100"
SVFIRSTNSUBJECTS="100"
/>


<SITE  NAME="(152) University of Cincinnati Stetson St"    MNEMONIC="152"
ADDRESS="260 Stetson Street Suite 3200 Cincinnati Ohio 45219"
COUNTRY="UNITED STATES"
PHONE="15135587104"
ALTPHONE="1"
FAX="1"
TIMEZONE="(UTC-06:00) Central Time (US &#38; Canada)"
SITEDATEFORMAT="DAY_MONTH_YEAR"
STARTDATE="11/20/2015"
STUDYLOCALE="en-US"
SVAUTOSELECTRATE="100"
SVFIRSTNSUBJECTS="100"
/>


<SITE  NAME="(132) Phoenix Medical Research Inc"    MNEMONIC="132"
ADDRESS="8340 Mission RoadSuite 205 Prairie Village Kansas 66206"
COUNTRY="UNITED STATES"
PHONE="19133817180"
ALTPHONE="1"
FAX="1"
TIMEZONE="(UTC-06:00) Central Time (US &#38; Canada)"
SITEDATEFORMAT="DAY_MONTH_YEAR"
STARTDATE="11/20/2015"
STUDYLOCALE="en-US"
SVAUTOSELECTRATE="100"
SVFIRSTNSUBJECTS="100"
/>


<SITE  NAME="(191) Clinical Research Institute Inc"    MNEMONIC="191"
ADDRESS="825 Nicollet Mall Suite 1135 Minnepolis MN 55402"
COUNTRY="UNITED STATES"
PHONE="16123332200"
ALTPHONE="1"
FAX="1"
TIMEZONE="(UTC-06:00) Central Time (US &#38; Canada)"
SITEDATEFORMAT="DAY_MONTH_YEAR"
STARTDATE="11/20/2015"
STUDYLOCALE="en-US"
SVAUTOSELECTRATE="100"
SVFIRSTNSUBJECTS="100"
/>


<SITE  NAME="(251) Northwest Clinical Trials"    MNEMONIC="251"
ADDRESS="888 N Cole Road Boise Idaho 83704"
COUNTRY="UNITED STATES"
PHONE="12086850600"
ALTPHONE="1"
FAX="1"
TIMEZONE="(UTC-06:00) Central Time (US &#38; Canada)"
SITEDATEFORMAT="DAY_MONTH_YEAR"
STARTDATE="11/20/2015"
STUDYLOCALE="en-US"
SVAUTOSELECTRATE="100"
SVFIRSTNSUBJECTS="100"
/>


<SITE  NAME="(229) Robbins Headache Clinic"    MNEMONIC="229"
ADDRESS="2610 Lake Cook Rd Ste 160 Riverwoods Illinois 60015"
COUNTRY="UNITED STATES"
PHONE="18473749399"
ALTPHONE="1"
FAX="1"
TIMEZONE="(UTC-06:00) Central Time (US &#38; Canada)"
SITEDATEFORMAT="DAY_MONTH_YEAR"
STARTDATE="11/20/2015"
STUDYLOCALE="en-US"
SVAUTOSELECTRATE="100"
SVFIRSTNSUBJECTS="100"
/>


<SITE  NAME="(224) ClinSearch LLC"    MNEMONIC="224"
ADDRESS="6035 Shallowford Road Suite 109 Chattanooga Tennessee 37421 1688"
COUNTRY="UNITED STATES"
PHONE="14236984584"
ALTPHONE="1"
FAX="1"
TIMEZONE="(UTC-06:00) Central Time (US &#38; Canada)"
SITEDATEFORMAT="DAY_MONTH_YEAR"
STARTDATE="11/20/2015"
STUDYLOCALE="en-US"
SVAUTOSELECTRATE="100"
SVFIRSTNSUBJECTS="100"
/>


<SITE  NAME="(180) PMG Research of Christie Clinic"    MNEMONIC="180"
ADDRESS="101 West University Avenue Champaign Illinois 61820"
COUNTRY="UNITED STATES"
PHONE="12173661200"
ALTPHONE="1"
FAX="1"
TIMEZONE="(UTC-06:00) Central Time (US &#38; Canada)"
SITEDATEFORMAT="DAY_MONTH_YEAR"
STARTDATE="11/20/2015"
STUDYLOCALE="en-US"
SVAUTOSELECTRATE="100"
SVFIRSTNSUBJECTS="100"
/>


<SITE  NAME="(115) Health Care Research Consultants"    MNEMONIC="115"
ADDRESS="4619 South Harvard Suite A Tulsa Oklahoma 74136"
COUNTRY="UNITED STATES"
PHONE="19187434002"
ALTPHONE="1"
FAX="1"
TIMEZONE="(UTC-06:00) Central Time (US &#38; Canada)"
SITEDATEFORMAT="DAY_MONTH_YEAR"
STARTDATE="11/20/2015"
STUDYLOCALE="en-US"
SVAUTOSELECTRATE="100"
SVFIRSTNSUBJECTS="100"
/>


<SITE  NAME="(113) Future Search Clinical Trials LP"    MNEMONIC="113"
ADDRESS="5508 Parkcrest Drive Suite 300 Austin Texas 78731"
COUNTRY="UNITED STATES"
PHONE="15123809925"
ALTPHONE="1"
FAX="1"
TIMEZONE="(UTC-06:00) Central Time (US &#38; Canada)"
SITEDATEFORMAT="DAY_MONTH_YEAR"
STARTDATE="11/20/2015"
STUDYLOCALE="en-US"
SVAUTOSELECTRATE="100"
SVFIRSTNSUBJECTS="100"
/>


<SITE  NAME="(103) ClinVest  A Division of Banyan Group Inc"    MNEMONIC="103"
ADDRESS="3805 S Kansas Expressway Springfield Missouri 65807"
COUNTRY="UNITED STATES"
PHONE="14178413615"
ALTPHONE="1"
FAX="1"
TIMEZONE="(UTC-06:00) Central Time (US &#38; Canada)"
SITEDATEFORMAT="DAY_MONTH_YEAR"
STARTDATE="11/20/2015"
STUDYLOCALE="en-US"
SVAUTOSELECTRATE="100"
SVFIRSTNSUBJECTS="100"
/>


<SITE  NAME="(218) Clinical Neuroscience Solutions Inc"    MNEMONIC="218"
ADDRESS="618 E South Street Suite 100 Orlando Florida 32801"
COUNTRY="UNITED STATES"
PHONE="14074255100"
ALTPHONE="1"
FAX="1"
TIMEZONE="(UTC-05:00) Eastern Time (US &#38; Canada)"
SITEDATEFORMAT="DAY_MONTH_YEAR"
STARTDATE="11/20/2015"
STUDYLOCALE="en-US"
SVAUTOSELECTRATE="100"
SVFIRSTNSUBJECTS="100"
/>


<SITE  NAME="(211) Rochester Clinical Research Inc"    MNEMONIC="211"
ADDRESS="500 Helendale Road Suite L20 Suite L 20 Rochester New York 14609"
COUNTRY="UNITED STATES"
PHONE="15852880890"
ALTPHONE="1"
FAX="1"
TIMEZONE="(UTC-05:00) Eastern Time (US &#38; Canada)"
SITEDATEFORMAT="DAY_MONTH_YEAR"
STARTDATE="11/20/2015"
STUDYLOCALE="en-US"
SVAUTOSELECTRATE="100"
SVFIRSTNSUBJECTS="100"
/>


<SITE  NAME="(209) Renstar Medical Research"    MNEMONIC="209"
ADDRESS="104 Southeast 1st Avenue Suite B Ocala Florida 34471"
COUNTRY="UNITED STATES"
PHONE="13526295800"
ALTPHONE="1"
FAX="1"
TIMEZONE="(UTC-05:00) Eastern Time (US &#38; Canada)"
SITEDATEFORMAT="DAY_MONTH_YEAR"
STARTDATE="11/20/2015"
STUDYLOCALE="en-US"
SVAUTOSELECTRATE="100"
SVFIRSTNSUBJECTS="100"
/>


<SITE  NAME="(204) Oviedo Medical Research LLC"    MNEMONIC="204"
ADDRESS="2441 W State Road 426 Suite 2011 Oviedo Florida 32765"
COUNTRY="UNITED STATES"
PHONE="14076786888"
ALTPHONE="1"
FAX="1"
TIMEZONE="(UTC-05:00) Eastern Time (US &#38; Canada)"
SITEDATEFORMAT="DAY_MONTH_YEAR"
STARTDATE="11/20/2015"
STUDYLOCALE="en-US"
SVAUTOSELECTRATE="100"
SVFIRSTNSUBJECTS="100"
/>


<SITE  NAME="(172) Sentara Neurology Specialists"    MNEMONIC="172"
ADDRESS="1950 Glenn Mitchell Drive Suite 200 Virginia Beach Virginia 23456"
COUNTRY="UNITED STATES"
PHONE="17575070607"
ALTPHONE="1"
FAX="1"
TIMEZONE="(UTC-05:00) Eastern Time (US &#38; Canada)"
SITEDATEFORMAT="DAY_MONTH_YEAR"
STARTDATE="11/20/2015"
STUDYLOCALE="en-US"
SVAUTOSELECTRATE="100"
SVFIRSTNSUBJECTS="100"
/>


<SITE  NAME="(168) Clinical Neuroscience Solutions Inc"    MNEMONIC="168"
ADDRESS="6867 Southpointe Drive North Suite 101 Jacksonville Florida 32216"
COUNTRY="UNITED STATES"
PHONE="19042815757"
ALTPHONE="1"
FAX="1"
TIMEZONE="(UTC-05:00) Eastern Time (US &#38; Canada)"
SITEDATEFORMAT="DAY_MONTH_YEAR"
STARTDATE="11/20/2015"
STUDYLOCALE="en-US"
SVAUTOSELECTRATE="100"
SVFIRSTNSUBJECTS="100"
/>


<SITE  NAME="(256) Associated Neurologists of Southern CT"    MNEMONIC="256"
ADDRESS="75 Kings Highway Cuttoff 5th Floor Fairfield Connecticut 06824"
COUNTRY="UNITED STATES"
PHONE="12033331133"
ALTPHONE="1"
FAX="1"
TIMEZONE="(UTC-05:00) Eastern Time (US &#38; Canada)"
SITEDATEFORMAT="DAY_MONTH_YEAR"
STARTDATE="11/20/2015"
STUDYLOCALE="en-US"
SVAUTOSELECTRATE="100"
SVFIRSTNSUBJECTS="100"
/>


<SITE  NAME="(255) Island Neurological Associates PC"    MNEMONIC="255"
ADDRESS="824 Old Country Road Plainview New York 11803"
COUNTRY="UNITED STATES"
PHONE="15168222230"
ALTPHONE="1"
FAX="1"
TIMEZONE="(UTC-05:00) Eastern Time (US &#38; Canada)"
SITEDATEFORMAT="DAY_MONTH_YEAR"
STARTDATE="11/20/2015"
STUDYLOCALE="en-US"
SVAUTOSELECTRATE="100"
SVFIRSTNSUBJECTS="100"
/>


<SITE  NAME="(254) Avail Clinical Research LLC"    MNEMONIC="254"
ADDRESS="860 Peachwood Drive DeLand Florida 32720"
COUNTRY="UNITED STATES"
PHONE="13867400770"
ALTPHONE="1"
FAX="1"
TIMEZONE="(UTC-05:00) Eastern Time (US &#38; Canada)"
SITEDATEFORMAT="DAY_MONTH_YEAR"
STARTDATE="11/20/2015"
STUDYLOCALE="en-US"
SVAUTOSELECTRATE="100"
SVFIRSTNSUBJECTS="100"
/>


<SITE  NAME="(250) BG Neurology"    MNEMONIC="250"
ADDRESS="1690 Skylyn Drive Suite 140 Spartanburg South Carolina 29307"
COUNTRY="UNITED STATES"
PHONE="18645779107"
ALTPHONE="1"
FAX="1"
TIMEZONE="(UTC-05:00) Eastern Time (US &#38; Canada)"
SITEDATEFORMAT="DAY_MONTH_YEAR"
STARTDATE="11/20/2015"
STUDYLOCALE="en-US"
SVAUTOSELECTRATE="100"
SVFIRSTNSUBJECTS="100"
/>


<SITE  NAME="(241) Premiere Research Institute"    MNEMONIC="241"
ADDRESS="4631 North Congress Avenue Suite 200 West Palm Beach Florida 33407"
COUNTRY="UNITED STATES"
PHONE="15618450900"
ALTPHONE="1"
FAX="1"
TIMEZONE="(UTC-05:00) Eastern Time (US &#38; Canada)"
SITEDATEFORMAT="DAY_MONTH_YEAR"
STARTDATE="11/20/2015"
STUDYLOCALE="en-US"
SVAUTOSELECTRATE="100"
SVFIRSTNSUBJECTS="100"
/>


<SITE  NAME="(240) Midwest Institute for Clinical Research"    MNEMONIC="240"
ADDRESS="8803 North Meridian Street Suite 200 Indianapolis Indiana 46260"
COUNTRY="UNITED STATES"
PHONE="13177057050"
ALTPHONE="1"
FAX="1"
TIMEZONE="(UTC-05:00) Eastern Time (US &#38; Canada)"
SITEDATEFORMAT="DAY_MONTH_YEAR"
STARTDATE="11/20/2015"
STUDYLOCALE="en-US"
SVAUTOSELECTRATE="100"
SVFIRSTNSUBJECTS="100"
/>


<SITE  NAME="(239) University of Toledo"    MNEMONIC="239"
ADDRESS="University of Toledo Medical Center Department of Neurology 3120 Glendale Ave Toledo Ohio 43614"
COUNTRY="UNITED STATES"
PHONE="14193836187"
ALTPHONE="1"
FAX="1"
TIMEZONE="(UTC-05:00) Eastern Time (US &#38; Canada)"
SITEDATEFORMAT="DAY_MONTH_YEAR"
STARTDATE="11/20/2015"
STUDYLOCALE="en-US"
SVAUTOSELECTRATE="100"
SVFIRSTNSUBJECTS="100"
/>


<SITE  NAME="(236) Boston Clinical Trials Inc"    MNEMONIC="236"
ADDRESS="26 Cummins Highway Boston Massachusetts 02131"
COUNTRY="UNITED STATES"
PHONE="16174774868"
ALTPHONE="1"
FAX="1"
TIMEZONE="(UTC-05:00) Eastern Time (US &#38; Canada)"
SITEDATEFORMAT="DAY_MONTH_YEAR"
STARTDATE="11/20/2015"
STUDYLOCALE="en-US"
SVAUTOSELECTRATE="100"
SVFIRSTNSUBJECTS="100"
/>


<SITE  NAME="(235) Clinical Trials of South Carolina"    MNEMONIC="235"
ADDRESS="2695 Elms Plantation Blvd Suite A Charleston South Carolina 29406"
COUNTRY="UNITED STATES"
PHONE="18437255067"
ALTPHONE="1"
FAX="1"
TIMEZONE="(UTC-05:00) Eastern Time (US &#38; Canada)"
SITEDATEFORMAT="DAY_MONTH_YEAR"
STARTDATE="11/20/2015"
STUDYLOCALE="en-US"
SVAUTOSELECTRATE="100"
SVFIRSTNSUBJECTS="100"
/>


<SITE  NAME="(230) Michigan Head Pain and Neurological Institute"    MNEMONIC="230"
ADDRESS="3120 Professional Drive Ann Arbor Michigan 48104"
COUNTRY="UNITED STATES"
PHONE="17346776000"
ALTPHONE="1"
FAX="1"
TIMEZONE="(UTC-05:00) Eastern Time (US &#38; Canada)"
SITEDATEFORMAT="DAY_MONTH_YEAR"
STARTDATE="11/20/2015"
STUDYLOCALE="en-US"
SVAUTOSELECTRATE="100"
SVFIRSTNSUBJECTS="100"
/>


<SITE  NAME="(227) Dent Neurologic Institute Amherst"    MNEMONIC="227"
ADDRESS="3980 Sheridan Dr Suite 200 Research 3rd Floor Amherst New York 14226"
COUNTRY="UNITED STATES"
PHONE="17165585670"
ALTPHONE="1"
FAX="1"
TIMEZONE="(UTC-05:00) Eastern Time (US &#38; Canada)"
SITEDATEFORMAT="DAY_MONTH_YEAR"
STARTDATE="11/20/2015"
STUDYLOCALE="en-US"
SVAUTOSELECTRATE="100"
SVFIRSTNSUBJECTS="100"
/>


<SITE  NAME="(223) Abington Neurological Associates"    MNEMONIC="223"
ADDRESS="2325 Maryland Road Suite 100 Willow Grove Pennsylvania 19090"
COUNTRY="UNITED STATES"
PHONE="12159579250"
ALTPHONE="1"
FAX="1"
TIMEZONE="(UTC-05:00) Eastern Time (US &#38; Canada)"
SITEDATEFORMAT="DAY_MONTH_YEAR"
STARTDATE="11/20/2015"
STUDYLOCALE="en-US"
SVAUTOSELECTRATE="100"
SVFIRSTNSUBJECTS="100"
/>


<SITE  NAME="(221) Pharma Site Research Inc"    MNEMONIC="221"
ADDRESS="1314 Bedford Avenue Suite 205 Baltimore Maryland 21208"
COUNTRY="UNITED STATES"
PHONE="14106021440"
ALTPHONE="1"
FAX="1"
TIMEZONE="(UTC-05:00) Eastern Time (US &#38; Canada)"
SITEDATEFORMAT="DAY_MONTH_YEAR"
STARTDATE="11/20/2015"
STUDYLOCALE="en-US"
SVAUTOSELECTRATE="100"
SVFIRSTNSUBJECTS="100"
/>


<SITE  NAME="(202) Preferred Primary Care Physicians Curry Hollow Rd"    MNEMONIC="202"
ADDRESS="140 Curry Hollow Road Pittsburgh Pennsylvania 15236"
COUNTRY="UNITED STATES"
PHONE="14126505623"
ALTPHONE="1"
FAX="1"
TIMEZONE="(UTC-05:00) Eastern Time (US &#38; Canada)"
SITEDATEFORMAT="DAY_MONTH_YEAR"
STARTDATE="11/20/2015"
STUDYLOCALE="en-US"
SVAUTOSELECTRATE="100"
SVFIRSTNSUBJECTS="100"
/>


<SITE  NAME="(201) University of South Carolina School of Medicine Department of Neurology"    MNEMONIC="201"
ADDRESS="8 Medical Park Suite 420 Columbia South Carolina 29203"
COUNTRY="UNITED STATES"
PHONE="18035456050"
ALTPHONE="1"
FAX="1"
TIMEZONE="(UTC-05:00) Eastern Time (US &#38; Canada)"
SITEDATEFORMAT="DAY_MONTH_YEAR"
STARTDATE="11/20/2015"
STUDYLOCALE="en-US"
SVAUTOSELECTRATE="100"
SVFIRSTNSUBJECTS="100"
/>


<SITE  NAME="(183) Coastal Carolina Research Center"    MNEMONIC="183"
ADDRESS="1156 Bowman Road Suite 102 Mt Pleasant South Carolina 29464"
COUNTRY="UNITED STATES"
PHONE="18438563784"
ALTPHONE="1"
FAX="1"
TIMEZONE="(UTC-05:00) Eastern Time (US &#38; Canada)"
SITEDATEFORMAT="DAY_MONTH_YEAR"
STARTDATE="11/20/2015"
STUDYLOCALE="en-US"
SVAUTOSELECTRATE="100"
SVFIRSTNSUBJECTS="100"
/>


</MEDMLDATA>