<?xml version="1.0"?>
<MEDMLDATA xmlns="PhaseForward-MedML-Inform4">

<ITEMGROUP 
GROUPNAME="Data_Manager_ReadOnly"
GROUPDESCRIPTION="">
 <!-- Insert ItemRef Names -->
<ITEMREF REFNAME="HOTERMHS_MHCRU_EMPSTATF2"/>
<ITEMREF REFNAME="MHTERM_MAP_MH7001_F1"/>
<ITEMREF REFNAME="AECAT_AE3001_F1"/>
<ITEMREF REFNAME="AECAT_AE3001_F2"/>
<ITEMREF REFNAME="AEDECOD_AE3001_F1"/>
<ITEMREF REFNAME="AELLTCD_AE3001_F1"/>
<ITEMREF REFNAME="AELLT_AE3001_F1"/>
<ITEMREF REFNAME="AETERM_MAP_AE3001_F1"/>
<ITEMREF REFNAME="AHRFUOBJ_AHRFUF1"/>
<ITEMREF REFNAME="CMCAT_CM1F1"/>
<ITEMREF REFNAME="CMCAT_CM2001_F2"/>
<ITEMREF REFNAME="CMCLASCD_CM1F1"/>
<ITEMREF REFNAME="CMCLASCD_CM2001_F2"/>
<ITEMREF REFNAME="CMCLAS_CM1F1"/>
<ITEMREF REFNAME="CMCLAS_CM2001_F2"/>
<ITEMREF REFNAME="CMDECOD_CM1F1"/>
<ITEMREF REFNAME="CMDECOD_CM2001_F2"/>
<ITEMREF REFNAME="CMINDC_MAP_CM1F1"/>
<ITEMREF REFNAME="CMROUTE_MAP_CM1F1"/>
<ITEMREF REFNAME="CMSCAT_CM1F1"/>
<ITEMREF REFNAME="CMSCAT_CM2001_F2"/>
<ITEMREF REFNAME="CMTRADNM_CM1F1"/>
<ITEMREF REFNAME="CMTRADNM_CM2001_F2"/>
<ITEMREF REFNAME="CMTRT_MAP_CM1F1"/>
<ITEMREF REFNAME="CMTRT_MAP_CM2001_F2"/>
<ITEMREF REFNAME="CPCRES2ELTMU_CPC1001_F1"/>
<ITEMREF REFNAME="CPCRES2ELTM_CPC1001_F1"/>
<ITEMREF REFNAME="CSSEVAL_CSS2001_F1"/>
<ITEMREF REFNAME="CSSEVAL_CSS4F1"/>
<ITEMREF REFNAME="DICT_DICTVER_AE3001_F1"/>
<ITEMREF REFNAME="DICT_DICTVER_CM1F1"/>
<ITEMREF REFNAME="DICT_DICTVER_CM2001_F2"/>
<ITEMREF REFNAME="DICT_DICTVER_MH7001_F1"/>
<ITEMREF REFNAME="DICT_DICTVER_MHPRESPMCHF1"/>
<ITEMREF REFNAME="DICT_DICTVER_MHPRESPMCHF2"/>
<ITEMREF REFNAME="DSCAT_1_DS1001_F2"/>
<ITEMREF REFNAME="DSCAT_1_DS1001_F5"/>
<ITEMREF REFNAME="DSCAT_1_DS1001_F6"/>
<ITEMREF REFNAME="DSCAT_1_DS1001_F7"/>
<ITEMREF REFNAME="DSCAT_1_DS1001_F9"/>
<ITEMREF REFNAME="DSCAT_1_DS1F1"/>
<ITEMREF REFNAME="DSCAT_1_DS1F3"/>
<ITEMREF REFNAME="DSCAT_1_DS1F4"/>
<ITEMREF REFNAME="DSCAT_1_DS1F8"/>
<ITEMREF REFNAME="DSCAT_2_DS2001_F1"/>
<ITEMREF REFNAME="DSCAT_2_DS2001_F2"/>
<ITEMREF REFNAME="DSEVAL_IC_DS2001_F1"/>
<ITEMREF REFNAME="DSEVAL_IC_DS2001_F2"/>
<ITEMREF REFNAME="DSSCAT_DS1001_F2"/>
<ITEMREF REFNAME="DSSCAT_DS1001_F5"/>
<ITEMREF REFNAME="DSSCAT_DS1001_F6"/>
<ITEMREF REFNAME="DSSCAT_DS1001_F7"/>
<ITEMREF REFNAME="DSSCAT_DS1001_F9"/>
<ITEMREF REFNAME="DSSCAT_DS1F1"/>
<ITEMREF REFNAME="DSSCAT_DS1F3"/>
<ITEMREF REFNAME="DSSCAT_DS1F4"/>
<ITEMREF REFNAME="DSSCAT_DS1F8"/>
<ITEMREF REFNAME="DSSCAT_IC_DS2001_F1"/>
<ITEMREF REFNAME="DSSCAT_IC_DS2001_F2"/>
<ITEMREF REFNAME="EXCAT_EX1001_F1"/>
<ITEMREF REFNAME="EXCAT_EX1001_F2"/>
<ITEMREF REFNAME="EXCAT_EX1001_F5"/>
<ITEMREF REFNAME="EXGRPID_EX1001_F1"/>
<ITEMREF REFNAME="EXGRPID_EX1001_F2"/>
<ITEMREF REFNAME="FACAT_AHRFUF1"/>
<ITEMREF REFNAME="FACAT_CPC1001_F1"/>
<ITEMREF REFNAME="FACAT_FUEX1_F1"/>
<ITEMREF REFNAME="FACAT_INFC2F1"/>
<ITEMREF REFNAME="FACAT_ISR1F1"/>
<ITEMREF REFNAME="FACAT_MHPRESPMCH_F1"/>
<ITEMREF REFNAME="FACAT_MHPRESPMCH_F2"/>
<ITEMREF REFNAME="FACAT_SFUQ3F1"/>
<ITEMREF REFNAME="FADIAG_MHPRESPMCH_F1"/>
<ITEMREF REFNAME="FADIAG_MHPRESPMCH_F2"/>
<ITEMREF REFNAME="FASPID_MHPRESPMCH_F1"/>
<ITEMREF REFNAME="FASPID_MHPRESPMCH_F2"/>
<ITEMREF REFNAME="FUEXOBJ_FUEX1_F1"/>
<ITEMREF REFNAME="HOCAT_MHCRU_EMPSTAT1F1"/>
<ITEMREF REFNAME="HOCAT_MHCRU_EMPSTAT1F2"/>
<ITEMREF REFNAME="HOEVINTX_MHCRU_EMPSTAT1F1"/>
<ITEMREF REFNAME="HOEVINTX_MHCRU_EMPSTAT1F2"/>
<ITEMREF REFNAME="HOPRESP_MHCRU_EMPSTAT1F1"/>
<ITEMREF REFNAME="HOPRESP_MHCRU_EMPSTAT1F2"/>
<ITEMREF REFNAME="HOTERMER_MCHRU_EMPSTAT1F2"/>
<ITEMREF REFNAME="HOTERMER_MHCRU_EMPSTAT1F1"/>
<ITEMREF REFNAME="HOTERMHCP_MHCRU_EMPSTATF1"/>
<ITEMREF REFNAME="HOTERMHCP_MHCRU_EMPSTATF2"/>
<ITEMREF REFNAME="HOTERMHS_MHCRU_EMPSTAT1F1"/>
<ITEMREF REFNAME="MHCAT_4_MHPRESPMCH_F1"/>
<ITEMREF REFNAME="MHCAT_4_MHPRESPMCH_F2"/>
<ITEMREF REFNAME="MHCAT_MH7001_F1"/>
<ITEMREF REFNAME="MHDECOD_MH7001_F1"/>
<ITEMREF REFNAME="MHEVLINT_MHPRESPMCH_F1"/>
<ITEMREF REFNAME="MHEVLINT_MHPRESPMCH_F2"/>
<ITEMREF REFNAME="MHLLTCDPRESP_MHPRESPMCHF1"/>
<ITEMREF REFNAME="MHLLTCDPRESP_MHPRESPMCHF2"/>
<ITEMREF REFNAME="MHLLTCD_MH7001_F1"/>
<ITEMREF REFNAME="MHLLT_MH7001_F1"/>
<ITEMREF REFNAME="MHNO_MHPRESPMCH_F1"/>
<ITEMREF REFNAME="MHNO_MHPRESPMCH_F2"/>
<ITEMREF REFNAME="MHPRESP_MHPRESPMCH_F1"/>
<ITEMREF REFNAME="MHPRESP_MHPRESPMCH_F2"/>
<ITEMREF REFNAME="SFUQEVAL_SFUQ3F1"/>
<ITEMREF REFNAME="SFUQEVAL_SFUQ3F2"/>
<ITEMREF REFNAME="SUCAT_ALCOHOL_SU1001_F1"/>
<ITEMREF REFNAME="SUCAT_CAFFEINE_SU2001_F1"/>
<ITEMREF REFNAME="SUCAT_NRT_SU4001_F1"/>
<ITEMREF REFNAME="SUCAT_TOBACCO_SU3001_F1"/>
<ITEMREF REFNAME="SUPRESP_SU1001_F1"/>
<ITEMREF REFNAME="SUPRESP_SU2001_F1"/>
<ITEMREF REFNAME="SUPRESP_SU3001_F1"/>
<ITEMREF REFNAME="SUPRESP_SU4001_F1"/>
<ITEMREF REFNAME="TRTTERMCD_CM1F1"/>
<ITEMREF REFNAME="TRTTERMCD_CM2001_F2"/>
<ITEMREF REFNAME="VSPOS_BP_VS1F3"/>
<ITEMREF REFNAME="VSPOS_PULSE_VS1F3"/>
<ITEMREF REFNAME="QSCAT_CSS2001_F1"/>
<ITEMREF REFNAME="QSCAT_CSS4F1"/>
<ITEMREF REFNAME="EXTRT_EX1001_F1"/>
<ITEMREF REFNAME="EXTRT_EX1001_F2"/>
<ITEMREF REFNAME="EXTRT_EX1001_F5"/>

</ITEMGROUP>

<ITEMGROUP 
GROUPNAME="GPS_eSAE_Hidden"
GROUPDESCRIPTION="">
 <!-- Insert ItemRef Names -->
<ITEMREF REFNAME="SAEAWADAT_SAE2001_F1"/>
<ITEMREF REFNAME="SAEFUAWADAT_SAE2001_F1"/>

</ITEMGROUP>

<ITEMGROUP 
GROUPNAME="nonData_Manager_Hidden"
GROUPDESCRIPTION="">
 <!-- Insert ItemRef Names -->
<ITEMREF REFNAME="AESITRIG_CMPD_CIV1001_F1"/>
<ITEMREF REFNAME="WFRULETRIG"/>
<ITEMREF REFNAME="HEPFUTRIG_CIV1001_F1"/>
<ITEMREF REFNAME="CDQATRIG"/>

</ITEMGROUP>

<ITEMGROUP 
GROUPNAME="nonData_Manager_ReadOnly"
GROUPDESCRIPTION="">
 <!-- Insert ItemRef Names -->
<ITEMREF REFNAME="CDQ_CDQA"/>
<ITEMREF REFNAME="VISDATMD_SV1001_F3"/>
<ITEMREF REFNAME="VISDATMD_SV1F1"/>
<ITEMREF REFNAME="VISDATMD_SV1001_F4"/>

</ITEMGROUP>

</MEDMLDATA>