<?xml version="1.0"?>
<MEDMLDATA xmlns="PhaseForward-MedML-Inform4">


<RIGHTSGROUP  GROUPNAME="Coding Query Rights Group">
<!-- Insert Users -->
<USERREF USERNAME="coder_query"/>

</RIGHTSGROUP>

<RIGHTSGROUP  GROUPNAME="Data Manager">
<!-- Insert Users -->
<USERREF USERNAME="a619388"/>
<USERREF USERNAME="c223848"/>
<USERREF USERNAME="cf64318"/>
<USERREF USERNAME="ce63390"/>
<USERREF USERNAME="rm85747"/>
<USERREF USERNAME="rg37419"/>
<USERREF USERNAME="z2x2291"/>
<USERREF USERNAME="z2x2451"/>
<USERREF USERNAME="v7x0016"/>
<USERREF USERNAME="c152379"/>
<USERREF USERNAME="zi20021"/>
<USERREF USERNAME="nt89612"/>
<USERREF USERNAME="v6x7983"/>
<USERREF USERNAME="z2x1597"/>
<USERREF USERNAME="z2x2182"/>
<USERREF USERNAME="z2x1565"/>
<USERREF USERNAME="C223848"/>
<USERREF USERNAME="z1x1726"/>

</RIGHTSGROUP>

<RIGHTSGROUP  GROUPNAME="GPS">
<!-- Insert Users -->
<USERREF USERNAME="c083101"/>
<USERREF USERNAME="rm80655"/>
<USERREF USERNAME="c069132"/>
<USERREF USERNAME="c057362"/>
<USERREF USERNAME="c039825"/>
<USERREF USERNAME="c090108"/>
<USERREF USERNAME="c003859"/>
<USERREF USERNAME="c079244"/>
<USERREF USERNAME="rm89018"/>
<USERREF USERNAME="c015393"/>
<USERREF USERNAME="c071673"/>
<USERREF USERNAME="v6x8058"/>
<USERREF USERNAME="c039853"/>
<USERREF USERNAME="c074090"/>
<USERREF USERNAME="c068505"/>
<USERREF USERNAME="c085302"/>
<USERREF USERNAME="c149066"/>
<USERREF USERNAME="c074342"/>
<USERREF USERNAME="c021984"/>
<USERREF USERNAME="c149177"/>
<USERREF USERNAME="rm35504"/>
<USERREF USERNAME="c131994"/>
<USERREF USERNAME="ye91098"/>
<USERREF USERNAME="v6x8356"/>
<USERREF USERNAME="c022433"/>
<USERREF USERNAME="c025980"/>
<USERREF USERNAME="c039863"/>
<USERREF USERNAME="c137396"/>
<USERREF USERNAME="c149176"/>
<USERREF USERNAME="c075541"/>
<USERREF USERNAME="a701824"/>
<USERREF USERNAME="c074429"/>
<USERREF USERNAME="c060736"/>
<USERREF USERNAME="c026393"/>
<USERREF USERNAME="c026390"/>
<USERREF USERNAME="a608760"/>
<USERREF USERNAME="a608261"/>
<USERREF USERNAME="c058698"/>
<USERREF USERNAME="c143125"/>
<USERREF USERNAME="u7x2510"/>
<USERREF USERNAME="c135748"/>
<USERREF USERNAME="yex7920"/>
<USERREF USERNAME="c149470"/>
<USERREF USERNAME="rm36132"/>
<USERREF USERNAME="a803075"/>
<USERREF USERNAME="a511471"/>
<USERREF USERNAME="rm87794"/>
<USERREF USERNAME="rm90029"/>

</RIGHTSGROUP>

<RIGHTSGROUP  GROUPNAME="Monitor">
<!-- Insert Users -->
<USERREF USERNAME="c219128"/>
<USERREF USERNAME="z1x2072"/>
<USERREF USERNAME="z3x0843"/>
<USERREF USERNAME="z2x7246"/>
<USERREF USERNAME="z2x4239"/>
<USERREF USERNAME="c218387"/>
<USERREF USERNAME="z2x2415"/>
<USERREF USERNAME="z3x1553"/>
<USERREF USERNAME="z1x2605"/>
<USERREF USERNAME="z2x7245"/>
<USERREF USERNAME="z3x0336"/>
<USERREF USERNAME="z1x0687"/>
<USERREF USERNAME="z1x1826"/>
<USERREF USERNAME="z3x0334"/>
<USERREF USERNAME="z2x7699"/>
<USERREF USERNAME="c197252"/>
<USERREF USERNAME="z1x1836"/>
<USERREF USERNAME="z2x2094"/>
<USERREF USERNAME="z1x3224"/>
<USERREF USERNAME="z2x1226"/>
<USERREF USERNAME="z2x2461"/>
<USERREF USERNAME="z2x2089"/>
<USERREF USERNAME="z1x1800"/>
<USERREF USERNAME="z2x6670"/>
<USERREF USERNAME="z1x0694"/>
<USERREF USERNAME="z1x0689"/>
<USERREF USERNAME="z1x1803"/>
<USERREF USERNAME="z1x1807"/>
<USERREF USERNAME="z1x1816"/>
<USERREF USERNAME="z2x7035"/>
<USERREF USERNAME="z2x7784"/>
<USERREF USERNAME="z1x0701"/>
<USERREF USERNAME="z2x5649"/>
<USERREF USERNAME="z2x7948"/>
<USERREF USERNAME="z1x2075"/>

</RIGHTSGROUP>

<RIGHTSGROUP  GROUPNAME="PFView Only">
<!-- Insert Users -->
<USERREF USERNAME="ZPFaflathers"/>
<USERREF USERNAME="ZPFskonig"/>
<USERREF USERNAME="ZPFkbarkoczi"/>

</RIGHTSGROUP>

<RIGHTSGROUP  GROUPNAME="PI">
<!-- Insert Users -->
<USERREF USERNAME="pirimiasieira"/>
<USERREF USERNAME="nmorollonsanchezmateos"/>
<USERREF USERNAME="pstude"/>
<USERREF USERNAME="ureuter"/>
<USERREF USERNAME="abuture"/>
<USERREF USERNAME="rnimeri"/>
<USERREF USERNAME="ksolbach"/>
<USERREF USERNAME="fdecesaris"/>
<USERREF USERNAME="scevoli"/>
<USERREF USERNAME="rterlizzi"/>
<USERREF USERNAME="caurilia"/>
<USERREF USERNAME="gegeo"/>
<USERREF USERNAME="hlachmann"/>
<USERREF USERNAME="ddolezil"/>
<USERREF USERNAME="gsances"/>
<USERREF USERNAME="yfeingold"/>
<USERREF USERNAME="rhering"/>
<USERREF USERNAME="mtorresferrus"/>
<USERREF USERNAME="ppozo"/>
<USERREF USERNAME="aoterinoduran"/>
<USERREF USERNAME="asullermarti"/>
<USERREF USERNAME="mruizpinero"/>
<USERREF USERNAME="sdiazinsa"/>
<USERREF USERNAME="hisraelwillner"/>
<USERREF USERNAME="wmulleners"/>
<USERREF USERNAME="jmeijer"/>
<USERREF USERNAME="kkiolachidis"/>
<USERREF USERNAME="tfreilinger"/>
<USERREF USERNAME="erossi"/>
<USERREF USERNAME="gpierangeli"/>
<USERREF USERNAME="spiroso"/>
<USERREF USERNAME="inovotna"/>
<USERREF USERNAME="fkosova"/>
<USERREF USERNAME="yriver"/>
<USERREF USERNAME="Sguerzoni"/>
<USERREF USERNAME="aminguezolaondo"/>
<USERREF USERNAME="jlainez"/>
<USERREF USERNAME="tlai"/>
<USERREF USERNAME="amosek"/>

</RIGHTSGROUP>

<RIGHTSGROUP  GROUPNAME="PI Sign Only">
<!-- Insert Users -->
<USERREF USERNAME="lmechtler"/>
<USERREF USERNAME="lrobbins"/>
<USERREF USERNAME="jsaper"/>
<USERREF USERNAME="astolyar"/>
<USERREF USERNAME="ptoth"/>
<USERREF USERNAME="bgheorghiu"/>
<USERREF USERNAME="gnissan"/>
<USERREF USERNAME="naggarwal"/>
<USERREF USERNAME="schristie"/>
<USERREF USERNAME="sgodsell"/>
<USERREF USERNAME="dennisanderson"/>
<USERREF USERNAME="donaldanderson"/>
<USERREF USERNAME="rcady"/>
<USERREF USERNAME="dgreeley"/>
<USERREF USERNAME="jjohnson"/>
<USERREF USERNAME="briskin"/>
<USERREF USERNAME="cstrout"/>
<USERREF USERNAME="xandroulakis"/>
<USERREF USERNAME="lharper"/>
<USERREF USERNAME="ajonas"/>
<USERREF USERNAME="iturner"/>
<USERREF USERNAME="gcortesmaisonet"/>
<USERREF USERNAME="mgarcia"/>
<USERREF USERNAME="mveilleux"/>
<USERREF USERNAME="jflorin"/>
<USERREF USERNAME="dgrosz"/>
<USERREF USERNAME="jhudson"/>
<USERREF USERNAME="wkoltun"/>
<USERREF USERNAME="vmehra"/>
<USERREF USERNAME="bklein"/>
<USERREF USERNAME="rkrause"/>
<USERREF USERNAME="cmillen"/>
<USERREF USERNAME="noskooilar"/>
<USERREF USERNAME="msalazarsharma"/>
<USERREF USERNAME="hthomas"/>
<USERREF USERNAME="larnold"/>
<USERREF USERNAME="mestevez"/>
<USERREF USERNAME="dhenry"/>
<USERREF USERNAME="njoshi"/>
<USERREF USERNAME="shassler"/>
<USERREF USERNAME="tkoehler"/>
<USERREF USERNAME="amalapira"/>
<USERREF USERNAME="ltaber"/>
<USERREF USERNAME="jtobin"/>
<USERREF USERNAME="akhan"/>
<USERREF USERNAME="nbennett"/>
<USERREF USERNAME="bblock"/>
<USERREF USERNAME="sclevinger"/>
<USERREF USERNAME="dstickler"/>
<USERREF USERNAME="gtietjen"/>
<USERREF USERNAME="pwinner"/>
<USERREF USERNAME="bmcconnehey"/>
<USERREF USERNAME="brankin"/>
<USERREF USERNAME="dzagar"/>
<USERREF USERNAME="ifraga"/>
<USERREF USERNAME="rguerra"/>
<USERREF USERNAME="rfutterer"/>
<USERREF USERNAME="klin"/>
<USERREF USERNAME="slu"/>
<USERREF USERNAME="pwang"/>
<USERREF USERNAME="swang"/>
<USERREF USERNAME="aguerreroperal"/>
<USERREF USERNAME="sbraune"/>
<USERREF USERNAME="ecouturier"/>
<USERREF USERNAME="atyagi"/>
<USERREF USERNAME="pgoadsby"/>
<USERREF USERNAME="bdavies"/>
<USERREF USERNAME="pbelger"/>
<USERREF USERNAME="amay"/>
<USERREF USERNAME="horbasli"/>
<USERREF USERNAME="ubeyer"/>
<USERREF USERNAME="cgaul"/>
<USERREF USERNAME="swolking"/>
<USERREF USERNAME="jboehringer"/>
<USERREF USERNAME="aboeger"/>
<USERREF USERNAME="pgeppetti"/>
<USERREF USERNAME="lpini"/>
<USERREF USERNAME="ctassorelli"/>
<USERREF USERNAME="rbelvisnieto"/>
<USERREF USERNAME="tgrehl"/>
<USERREF USERNAME="lneeb"/>
<USERREF USERNAME="pvandenberg"/>
<USERREF USERNAME="fahmed"/>
<USERREF USERNAME="thagenacker"/>
<USERREF USERNAME="ajambrecina"/>
<USERREF USERNAME="jhoffmann"/>
<USERREF USERNAME="tlauter"/>
<USERREF USERNAME="sresch"/>
<USERREF USERNAME="cfreilinger"/>
<USERREF USERNAME="mboehringer"/>
<USERREF USERNAME="mbutz"/>
<USERREF USERNAME="pcortelli"/>
<USERREF USERNAME="pbarbanti"/>

</RIGHTSGROUP>

<RIGHTSGROUP  GROUPNAME="Report Extractor">
<!-- Insert Users -->
<USERREF USERNAME="i5qmccgai_RE"/>

</RIGHTSGROUP>

<RIGHTSGROUP  GROUPNAME="SC">
<!-- Insert Users -->
<USERREF USERNAME="gkroger"/>
<USERREF USERNAME="jsalonga"/>
<USERREF USERNAME="jschweppe"/>
<USERREF USERNAME="vkrasny"/>
<USERREF USERNAME="zhybloom"/>
<USERREF USERNAME="jbenmordechay"/>
<USERREF USERNAME="ekaufman"/>
<USERREF USERNAME="ocohen"/>
<USERREF USERNAME="pvotypkova"/>
<USERREF USERNAME="vkrafkova"/>
<USERREF USERNAME="zmatousova"/>
<USERREF USERNAME="aheller"/>
<USERREF USERNAME="txthona"/>
<USERREF USERNAME="wjohn"/>
<USERREF USERNAME="lwhitaker"/>
<USERREF USERNAME="fgabel"/>
<USERREF USERNAME="aknight"/>
<USERREF USERNAME="talidina"/>
<USERREF USERNAME="jvilayheuang"/>
<USERREF USERNAME="cwitte"/>
<USERREF USERNAME="ischweitert"/>
<USERREF USERNAME="lzachary"/>
<USERREF USERNAME="storchalski"/>
<USERREF USERNAME="preinman"/>
<USERREF USERNAME="kkrebs"/>
<USERREF USERNAME="awest"/>
<USERREF USERNAME="ccoogan"/>
<USERREF USERNAME="jmcgowan"/>
<USERREF USERNAME="csweet"/>
<USERREF USERNAME="rhogan"/>
<USERREF USERNAME="mschwarz"/>
<USERREF USERNAME="sszalay"/>
<USERREF USERNAME="ishvets"/>
<USERREF USERNAME="mcarroll"/>
<USERREF USERNAME="jhall"/>
<USERREF USERNAME="qdoan"/>
<USERREF USERNAME="tharding"/>
<USERREF USERNAME="lmiranda"/>
<USERREF USERNAME="pborg"/>
<USERREF USERNAME="jmederos"/>
<USERREF USERNAME="sduncan"/>
<USERREF USERNAME="jquezon"/>
<USERREF USERNAME="bsteele"/>
<USERREF USERNAME="kconlin"/>
<USERREF USERNAME="kearles"/>
<USERREF USERNAME="achristenson"/>
<USERREF USERNAME="dhsi"/>
<USERREF USERNAME="wwilliams"/>
<USERREF USERNAME="gmazuela"/>
<USERREF USERNAME="bssantiago"/>
<USERREF USERNAME="pmunozrubio"/>
<USERREF USERNAME="azielsburg"/>
<USERREF USERNAME="gvanvemde"/>
<USERREF USERNAME="tarts"/>
<USERREF USERNAME="ehoward"/>
<USERREF USERNAME="abuchholtz"/>
<USERREF USERNAME="jdemirtas"/>
<USERREF USERNAME="cseitz"/>
<USERREF USERNAME="kmichaelis"/>
<USERREF USERNAME="sschulze"/>
<USERREF USERNAME="esadan"/>
<USERREF USERNAME="mjiravova"/>
<USERREF USERNAME="yrizova"/>
<USERREF USERNAME="pfisrova"/>
<USERREF USERNAME="mwallisch"/>
<USERREF USERNAME="aarreguiazagra"/>
<USERREF USERNAME="freyesmunoz"/>
<USERREF USERNAME="jherzstein"/>
<USERREF USERNAME="lrooney"/>
<USERREF USERNAME="jlowe"/>
<USERREF USERNAME="vquarshie"/>
<USERREF USERNAME="mbraunstein"/>
<USERREF USERNAME="ksuhr"/>
<USERREF USERNAME="jfischer"/>
<USERREF USERNAME="gkaiser"/>
<USERREF USERNAME="cvisconti"/>
<USERREF USERNAME="akorsnack"/>
<USERREF USERNAME="apoulette"/>
<USERREF USERNAME="rsingergheorghiu"/>
<USERREF USERNAME="tcrook"/>
<USERREF USERNAME="ncampbell"/>
<USERREF USERNAME="warris"/>
<USERREF USERNAME="glee"/>
<USERREF USERNAME="jbeliles"/>
<USERREF USERNAME="jlamance"/>
<USERREF USERNAME="lgills"/>
<USERREF USERNAME="jskrei"/>
<USERREF USERNAME="jmorrissey"/>
<USERREF USERNAME="tboone"/>
<USERREF USERNAME="bsmith"/>
<USERREF USERNAME="eosmundsen"/>
<USERREF USERNAME="ddevito"/>
<USERREF USERNAME="tbateman"/>
<USERREF USERNAME="kprice"/>
<USERREF USERNAME="avasquez"/>
<USERREF USERNAME="lbadgett"/>
<USERREF USERNAME="kford"/>
<USERREF USERNAME="jgill"/>
<USERREF USERNAME="szimmerman"/>
<USERREF USERNAME="chardy"/>
<USERREF USERNAME="jkennedy"/>
<USERREF USERNAME="cfajardo"/>
<USERREF USERNAME="jbogner"/>
<USERREF USERNAME="ckhan"/>
<USERREF USERNAME="sdobrosky"/>
<USERREF USERNAME="trobison"/>
<USERREF USERNAME="acevera"/>
<USERREF USERNAME="kmead"/>
<USERREF USERNAME="wdiaz"/>
<USERREF USERNAME="ksanchez"/>
<USERREF USERNAME="jwilliams"/>
<USERREF USERNAME="cfazekas"/>
<USERREF USERNAME="igarcia"/>
<USERREF USERNAME="adougherty"/>
<USERREF USERNAME="aclark"/>
<USERREF USERNAME="rmolinaro"/>
<USERREF USERNAME="thawkins"/>
<USERREF USERNAME="lsculli"/>
<USERREF USERNAME="lcraggs"/>
<USERREF USERNAME="cmcconnehey"/>
<USERREF USERNAME="asella"/>
<USERREF USERNAME="cneuberger"/>
<USERREF USERNAME="lgreeley"/>
<USERREF USERNAME="jstpierre"/>
<USERREF USERNAME="pchen"/>
<USERREF USERNAME="jjuang"/>
<USERREF USERNAME="myang"/>
<USERREF USERNAME="wtsai"/>
<USERREF USERNAME="sdhakhwa"/>
<USERREF USERNAME="gberman"/>
<USERREF USERNAME="tanderson"/>
<USERREF USERNAME="tpowell"/>
<USERREF USERNAME="mcheesman"/>
<USERREF USERNAME="dboehm"/>
<USERREF USERNAME="jdvorak"/>
<USERREF USERNAME="nmartens"/>
<USERREF USERNAME="mhenry"/>
<USERREF USERNAME="bcorbin"/>
<USERREF USERNAME="clambeth"/>

</RIGHTSGROUP>

<RIGHTSGROUP  GROUPNAME="User Activator RG">
<!-- Insert Users -->
<USERREF USERNAME="ZPFnkovacs"/>
<USERREF USERNAME="ZPFmandone"/>
<USERREF USERNAME="ZPFjktan"/>
<USERREF USERNAME="ZPFepenzes"/>
<USERREF USERNAME="ZPFedervishaj"/>
<USERREF USERNAME="ZPFdnagy"/>
<USERREF USERNAME="ZPFobodnar"/>
<USERREF USERNAME="ZPFabalogh"/>
<USERREF USERNAME="ZPFsdamato"/>
<USERREF USERNAME="ZPFrducusin"/>
<USERREF USERNAME="ZPFrcalorico"/>
<USERREF USERNAME="ZPFprojas"/>
<USERREF USERNAME="ZPFckalinyak"/>

</RIGHTSGROUP>

<RIGHTSGROUP  GROUPNAME="User Manager RG">
<!-- Insert Users -->
<USERREF USERNAME="ZPFijohl"/>
<USERREF USERNAME="ZPFkcco"/>
<USERREF USERNAME="ZPFkcsobalyka"/>
<USERREF USERNAME="ZPFkkovacs"/>
<USERREF USERNAME="ZPFklim"/>
<USERREF USERNAME="ZPFlbalubar"/>
<USERREF USERNAME="ZPFlmate"/>
<USERREF USERNAME="ZPFmkhella"/>
<USERREF USERNAME="ZPFmtoth"/>
<USERREF USERNAME="ZPFnqi"/>
<USERREF USERNAME="ZPFnreis"/>
<USERREF USERNAME="ZPFnvergara"/>
<USERREF USERNAME="ZPFoely"/>
<USERREF USERNAME="ZPFpvallar"/>
<USERREF USERNAME="ZPFrsulit"/>
<USERREF USERNAME="ZPFsaguilar"/>
<USERREF USERNAME="ZPFsdasilva"/>
<USERREF USERNAME="ZPFskholti"/>
<USERREF USERNAME="ZPFstayco"/>
<USERREF USERNAME="ZPFtcabanes"/>
<USERREF USERNAME="ZPFtfabian"/>
<USERREF USERNAME="ZPFgyvarga"/>
<USERREF USERNAME="ZPFgkrucso"/>
<USERREF USERNAME="ZPFtszabo"/>
<USERREF USERNAME="ZPFfillesy"/>
<USERREF USERNAME="ZPFekosa"/>
<USERREF USERNAME="ZPFdvittay"/>
<USERREF USERNAME="ZPFdtorok"/>
<USERREF USERNAME="ZPFddiomede"/>
<USERREF USERNAME="ZPFcmercado"/>
<USERREF USERNAME="ZPFbnagy"/>
<USERREF USERNAME="ZPFawarsama"/>
<USERREF USERNAME="ZPFaterjek"/>
<USERREF USERNAME="ZPFapervaiz"/>
<USERREF USERNAME="ZPFfvarga"/>

</RIGHTSGROUP>

<RIGHTSGROUP  GROUPNAME="VO">
<!-- Insert Users -->
<USERREF USERNAME="c192612"/>
<USERREF USERNAME="c207931"/>
<USERREF USERNAME="c212635"/>
<USERREF USERNAME="c214647"/>
<USERREF USERNAME="c224889"/>
<USERREF USERNAME="z2x6604"/>
<USERREF USERNAME="c222557"/>
<USERREF USERNAME="c207077"/>
<USERREF USERNAME="c190660"/>
<USERREF USERNAME="c198899"/>
<USERREF USERNAME="c213549"/>
<USERREF USERNAME="z1x4093"/>
<USERREF USERNAME="c200859"/>

</RIGHTSGROUP>

</MEDMLDATA>