<?xml version="1.0"?>
<MEDMLDATA xmlns="PhaseForward-MedML-Inform4">


<SITE  NAME="(401) COR Centro Oncologico de Rosario"    MNEMONIC="401"
ADDRESS="Cordoba 2457
Rosario
Santa Fe 
2000"
STATE="Argentina"
COUNTRY="ARGENTINA"
PHONE="543414218909"
ALTPHONE="54"
FAX="54"
TIMEZONE="(GMT-03:00) Buenos Aires"
SITEDATEFORMAT="DAY_MONTH_YEAR"
STARTDATE="05/08/2015"
STUDYLOCALE="en-US"
SVAUTOSELECTRATE="100"
SVFIRSTNSUBJECTS="100"
/>


<SITE  NAME="(404) Hospital Udaondo"    MNEMONIC="404"
ADDRESS="Avenida Caseros 2061
Capital Federal
Buenos Aires
1264"
STATE="Argentina"
COUNTRY="ARGENTINA"
PHONE="545413064640"
ALTPHONE="54"
FAX="54"
TIMEZONE="(GMT-03:00) Buenos Aires"
SITEDATEFORMAT="DAY_MONTH_YEAR"
STARTDATE="05/08/2015"
STUDYLOCALE="en-US"
SVAUTOSELECTRATE="100"
SVFIRSTNSUBJECTS="100"
/>


<SITE  NAME="(402) Fundacion Investigar"    MNEMONIC="402"
ADDRESS="Riobamba 429 Piso 15
CABA
Buenos Aires
1025"
STATE="Argentina"
COUNTRY="ARGENTINA"
PHONE="541145198327"
ALTPHONE="54"
FAX="54"
TIMEZONE="(GMT-03:00) Buenos Aires"
SITEDATEFORMAT="DAY_MONTH_YEAR"
STARTDATE="05/08/2015"
STUDYLOCALE="en-US"
SVAUTOSELECTRATE="100"
SVFIRSTNSUBJECTS="100"
/>


<SITE  NAME="(403) Fundacion Favaloro para la Docencia e Investigacion Medica"    MNEMONIC="403"
ADDRESS="Belgrano 1746
Ciudad de Buenos Aires
1093"
STATE="Argentina"
COUNTRY="ARGENTINA"
PHONE="54541143781200"
ALTPHONE="54"
FAX="54"
TIMEZONE="(GMT-03:00) Buenos Aires"
SITEDATEFORMAT="DAY_MONTH_YEAR"
STARTDATE="05/08/2015"
STUDYLOCALE="en-US"
SVAUTOSELECTRATE="100"
SVFIRSTNSUBJECTS="100"
/>


<SITE  NAME="(400) Clinica Viedma"    MNEMONIC="400"
ADDRESS="Sarmiento 253
Viedma
Rio Negro
8500"
STATE="Argentina"
COUNTRY="ARGENTINA"
PHONE="54542920428700"
ALTPHONE="54"
FAX="54"
TIMEZONE="(GMT-03:00) Buenos Aires"
SITEDATEFORMAT="DAY_MONTH_YEAR"
STARTDATE="05/08/2015"
STUDYLOCALE="en-US"
SVAUTOSELECTRATE="100"
SVFIRSTNSUBJECTS="100"
/>


<SITE  NAME="(501) St Francis Xavier Cabrini Hospital"    MNEMONIC="501"
ADDRESS="181-183 Wattletree Rd Malvern Vic 3144"
STATE="Australia"
COUNTRY="AUSTRALIA"
PHONE="616.13951e+010"
ALTPHONE="61"
FAX="61"
TIMEZONE="(GMT+10:00) Canberra, Melbourne, Sydney"
SITEDATEFORMAT="DAY_MONTH_YEAR"
STARTDATE="05/08/2015"
STUDYLOCALE="en-US"
SVAUTOSELECTRATE="100"
SVFIRSTNSUBJECTS="100"
/>


<SITE  NAME="(502) Royal Adelaide Hospital"    MNEMONIC="502"
ADDRESS="North Terrace Adelaide SA 5000"
STATE="Australia"
COUNTRY="AUSTRALIA"
PHONE="616.18822e+010"
ALTPHONE="61"
FAX="61"
TIMEZONE="(GMT+10:00) Canberra, Melbourne, Sydney"
SITEDATEFORMAT="DAY_MONTH_YEAR"
STARTDATE="05/08/2015"
STUDYLOCALE="en-US"
SVAUTOSELECTRATE="100"
SVFIRSTNSUBJECTS="100"
/>


<SITE  NAME="(500) Sir Charles Gairdner Hospital"    MNEMONIC="500"
ADDRESS="Hospital Avenue Nedlands WA 6009"
STATE="Australia"
COUNTRY="AUSTRALIA"
PHONE="61610893463333"
ALTPHONE="61"
FAX="61"
TIMEZONE="(GMT+09:30) Darwin"
SITEDATEFORMAT="DAY_MONTH_YEAR"
STARTDATE="05/08/2015"
STUDYLOCALE="en-US"
SVAUTOSELECTRATE="100"
SVFIRSTNSUBJECTS="100"
/>


<SITE  NAME="(203) Hopital Edouard Herriot"    MNEMONIC="203"
ADDRESS="5 place dArsonval
69437 Lyon Cedex 03"
STATE="France"
COUNTRY="FRANCE"
PHONE="3333472119693"
ALTPHONE="33"
FAX="33"
TIMEZONE="(GMT+01:00) Amsterdam, Berlin, Bern, Rome, Stockholm, Vienna"
SITEDATEFORMAT="DAY_MONTH_YEAR"
STARTDATE="05/08/2015"
STUDYLOCALE="en-US"
SVAUTOSELECTRATE="100"
SVFIRSTNSUBJECTS="100"
/>


<SITE  NAME="(201) Groupe Hospitalier Pitie Salpetriere"    MNEMONIC="201"
ADDRESS="47-83 Boulevard de l hopital
75651 Paris Cedex 13"
STATE="France"
COUNTRY="FRANCE"
PHONE="3333142161041"
ALTPHONE="33"
FAX="33"
TIMEZONE="(GMT+01:00) Amsterdam, Berlin, Bern, Rome, Stockholm, Vienna"
SITEDATEFORMAT="DAY_MONTH_YEAR"
STARTDATE="05/08/2015"
STUDYLOCALE="en-US"
SVAUTOSELECTRATE="100"
SVFIRSTNSUBJECTS="100"
/>


<SITE  NAME="(204) Groupe Hospitalier Henri Mondor"    MNEMONIC="204"
ADDRESS="51 av du Marechal De Lattre de Tassigny
94010 Creteil Cedex"
STATE="France"
COUNTRY="FRANCE"
PHONE="3333149812576"
ALTPHONE="33"
FAX="33"
TIMEZONE="(GMT+01:00) Amsterdam, Berlin, Bern, Rome, Stockholm, Vienna"
SITEDATEFORMAT="DAY_MONTH_YEAR"
STARTDATE="05/08/2015"
STUDYLOCALE="en-US"
SVAUTOSELECTRATE="100"
SVFIRSTNSUBJECTS="100"
/>


<SITE  NAME="(202) Hopital Saint Antoine"    MNEMONIC="202"
ADDRESS="184 rue du Faubourg Saint-Antoine
75012 Paris"
STATE="France"
COUNTRY="FRANCE"
PHONE="3333171970401"
ALTPHONE="33"
FAX="33"
TIMEZONE="(GMT+01:00) Amsterdam, Berlin, Bern, Rome, Stockholm, Vienna"
SITEDATEFORMAT="DAY_MONTH_YEAR"
STARTDATE="05/08/2015"
STUDYLOCALE="en-US"
SVAUTOSELECTRATE="100"
SVFIRSTNSUBJECTS="100"
/>


<SITE  NAME="(200) CHRU Brest"    MNEMONIC="200"
ADDRESS="5 avenue Foch
 29200 Brest"
STATE="France"
COUNTRY="FRANCE"
PHONE="3333298223298"
ALTPHONE="33"
FAX="33"
TIMEZONE="(GMT+01:00) Amsterdam, Berlin, Bern, Rome, Stockholm, Vienna"
SITEDATEFORMAT="DAY_MONTH_YEAR"
STARTDATE="05/08/2015"
STUDYLOCALE="en-US"
SVAUTOSELECTRATE="100"
SVFIRSTNSUBJECTS="100"
/>


<SITE  NAME="(220) Semmelweis Egyetem I  Belgyogyaszati Klinika Onkologiai Reszleg"    MNEMONIC="220"
ADDRESS="1083 Budapest Tomo utca 25-29"
STATE="Hungary"
COUNTRY="HUNGARY"
PHONE="3636208258846"
ALTPHONE="36"
FAX="36"
TIMEZONE="(GMT+01:00) Belgrade, Bratislava, Budapest, Ljubljana, Prague"
SITEDATEFORMAT="DAY_MONTH_YEAR"
STARTDATE="05/08/2015"
STUDYLOCALE="en-US"
SVAUTOSELECTRATE="100"
SVFIRSTNSUBJECTS="100"
/>


<SITE  NAME="(222) JNSZ Megyei Hetenyi Geza Korhaz Megyei Onkologiai Kozpont"    MNEMONIC="222"
ADDRESS="5000 Szolnok Toszegi ut 21."
STATE="Hungary"
COUNTRY="HUNGARY"
PHONE="363656503669"
ALTPHONE="36"
FAX="36"
TIMEZONE="(GMT+01:00) Belgrade, Bratislava, Budapest, Ljubljana, Prague"
SITEDATEFORMAT="DAY_MONTH_YEAR"
STARTDATE="05/08/2015"
STUDYLOCALE="en-US"
SVAUTOSELECTRATE="100"
SVFIRSTNSUBJECTS="100"
/>


<SITE  NAME="(223) Somogy Megyei Kaposi Mor Oktato Korhaz Klinikai Onkologiai Centrum"    MNEMONIC="223"
ADDRESS="7400 Kaposvar Tallian Gyula u. 20-32"
STATE="Hungary"
COUNTRY="HUNGARY"
PHONE="363682501300"
ALTPHONE="36"
FAX="36"
TIMEZONE="(GMT+01:00) Belgrade, Bratislava, Budapest, Ljubljana, Prague"
SITEDATEFORMAT="DAY_MONTH_YEAR"
STARTDATE="05/08/2015"
STUDYLOCALE="en-US"
SVAUTOSELECTRATE="100"
SVFIRSTNSUBJECTS="100"
/>


<SITE  NAME="(221) Semmelweis Egyetem III Belgyogyaszati Klinika Onkologiai Reszleg"    MNEMONIC="221"
ADDRESS="1125 Budapest Kutvolgyi ut 4."
STATE="Hungary"
COUNTRY="HUNGARY"
PHONE="3636208250939"
ALTPHONE="36"
FAX="36"
TIMEZONE="(GMT+01:00) Belgrade, Bratislava, Budapest, Ljubljana, Prague"
SITEDATEFORMAT="DAY_MONTH_YEAR"
STARTDATE="05/08/2015"
STUDYLOCALE="en-US"
SVAUTOSELECTRATE="100"
SVFIRSTNSUBJECTS="100"
/>


<SITE  NAME="(600) Auckland City Hospital"    MNEMONIC="600"
ADDRESS="2 Park Road Grafton Auckland 1023"
STATE="New Zealand"
COUNTRY="NEW ZEALAND"
PHONE="646493074949"
ALTPHONE="64"
FAX="64"
TIMEZONE="(GMT+12:00) Auckland, Wellington"
SITEDATEFORMAT="DAY_MONTH_YEAR"
STARTDATE="05/08/2015"
STUDYLOCALE="en-US"
SVAUTOSELECTRATE="100"
SVFIRSTNSUBJECTS="100"
/>


<SITE  NAME="(601) Christchurch Hospital"    MNEMONIC="601"
ADDRESS="2 Riccarton Avenue Christchurch"
STATE="New Zealand"
COUNTRY="NEW ZEALAND"
PHONE="646433640640"
ALTPHONE="64"
FAX="64"
TIMEZONE="(GMT+12:00) Auckland, Wellington"
SITEDATEFORMAT="DAY_MONTH_YEAR"
STARTDATE="05/08/2015"
STUDYLOCALE="en-US"
SVAUTOSELECTRATE="100"
SVFIRSTNSUBJECTS="100"
/>


<SITE  NAME="(242) Centrum Terapii Wspolczesnej  J M Jasnorzewska Spolka komandytowo-Akcyjna"    MNEMONIC="242"
ADDRESS="Ul. Kopcinskiego 21
90-242 Lodz"
STATE="Poland"
COUNTRY="POLAND"
PHONE="48422300609"
TIMEZONE="(GMT+01:00) Sarajevo, Skopje, Warsaw, Zagreb"
SITEDATEFORMAT="DAY_MONTH_YEAR"
STARTDATE="05/08/2015"
STUDYLOCALE="en-US"
SVAUTOSELECTRATE="100"
SVFIRSTNSUBJECTS="100"
/>


<SITE  NAME="(240) Wojewodzkie Centrum Onkologii w Gdansku sp z oo"    MNEMONIC="240"
ADDRESS="Al. Zwycięstwa 31-31
80-219 Gdansk"
STATE="Poland"
COUNTRY="POLAND"
PHONE="4848583452069"
ALTPHONE="48"
FAX="48"
TIMEZONE="(GMT+01:00) Sarajevo, Skopje, Warsaw, Zagreb"
SITEDATEFORMAT="DAY_MONTH_YEAR"
STARTDATE="05/08/2015"
STUDYLOCALE="en-US"
SVAUTOSELECTRATE="100"
SVFIRSTNSUBJECTS="100"
/>


<SITE  NAME="(241) MAGODENT sp z oo"    MNEMONIC="241"
ADDRESS="Ul. Fieldorfa 40
04-125 Warszawa"
STATE="Poland"
COUNTRY="POLAND"
PHONE="4848224308700"
ALTPHONE="48"
FAX="48"
TIMEZONE="(GMT+01:00) Sarajevo, Skopje, Warsaw, Zagreb"
SITEDATEFORMAT="DAY_MONTH_YEAR"
STARTDATE="05/08/2015"
STUDYLOCALE="en-US"
SVAUTOSELECTRATE="100"
SVFIRSTNSUBJECTS="100"
/>


<SITE  NAME="(243) Centrum Medyczne HCP sp z oo"    MNEMONIC="243"
ADDRESS="Ul. 28 czerwca 1956r 194
61-485 Poznan"
STATE="Poland"
COUNTRY="POLAND"
PHONE="4848618312250"
ALTPHONE="48"
FAX="48"
TIMEZONE="(GMT+01:00) Sarajevo, Skopje, Warsaw, Zagreb"
SITEDATEFORMAT="DAY_MONTH_YEAR"
STARTDATE="05/08/2015"
STUDYLOCALE="en-US"
SVAUTOSELECTRATE="100"
SVFIRSTNSUBJECTS="100"
/>


<SITE  NAME="(262) Centrul de Oncologie Sf Nectarie SRL"    MNEMONIC="262"
ADDRESS="tr. Caracal nr. 23A bloc 17A
cod postal 200347
Craiova  judet Dolj"
STATE="Romania"
COUNTRY="ROMANIA"
PHONE="4040351401336"
ALTPHONE="40"
FAX="40"
TIMEZONE="(GMT+02:00) Athens, Bucharest"
SITEDATEFORMAT="DAY_MONTH_YEAR"
STARTDATE="05/08/2015"
STUDYLOCALE="en-US"
SVAUTOSELECTRATE="100"
SVFIRSTNSUBJECTS="100"
/>


<SITE  NAME="(260) Spitalul Judetean de Urgenta  Dr Constantin Opris Baia Mare - Sectia Oncologie Medicala"    MNEMONIC="260"
ADDRESS="Str. George Cosbuc nr. 31
cod postal 430031
Baia Mare  judet Maramures"
STATE="Romania"
COUNTRY="ROMANIA"
PHONE="4040262205100"
ALTPHONE="40"
FAX="40"
TIMEZONE="(GMT+02:00) Athens, Bucharest"
SITEDATEFORMAT="DAY_MONTH_YEAR"
STARTDATE="05/08/2015"
STUDYLOCALE="en-US"
SVAUTOSELECTRATE="100"
SVFIRSTNSUBJECTS="100"
/>


<SITE  NAME="(263) Teo Health SA- Oncologie Medicala"    MNEMONIC="263"
ADDRESS="Str Iuliu Maniu nr. 49
cod postal 500091
Brasov judet Brasov"
STATE="Romania"
COUNTRY="ROMANIA"
PHONE="4040268300326"
ALTPHONE="40"
FAX="40"
TIMEZONE="(GMT+02:00) Athens, Bucharest"
SITEDATEFORMAT="DAY_MONTH_YEAR"
STARTDATE="05/08/2015"
STUDYLOCALE="en-US"
SVAUTOSELECTRATE="100"
SVFIRSTNSUBJECTS="100"
/>


<SITE  NAME="(261) Medisprof SRL - Oncologie Medicala"    MNEMONIC="261"
ADDRESS="Piata 1 Mai nr. 3
cod postal 400051
Cluj-Napoca judet Cluj"
STATE="Romania"
COUNTRY="ROMANIA"
PHONE="4040264439270"
ALTPHONE="40"
FAX="40"
TIMEZONE="(GMT+02:00) Athens, Bucharest"
SITEDATEFORMAT="DAY_MONTH_YEAR"
STARTDATE="05/08/2015"
STUDYLOCALE="en-US"
SVAUTOSELECTRATE="100"
SVFIRSTNSUBJECTS="100"
/>


<SITE  NAME="(701) Arkhangelsk Regional Clinical Oncology Dispensary"    MNEMONIC="701"
ADDRESS="Prospect Obvodny canal 145 building 1
Arkhangelsk 163045"
STATE="Russian Federation"
COUNTRY="RUSSIAN FEDERATION"
PHONE="778182275774"
ALTPHONE="7"
FAX="7"
TIMEZONE="(GMT+03:00) Moscow, St. Petersburg, Volgograd (RTZ 2)"
SITEDATEFORMAT="DAY_MONTH_YEAR"
STARTDATE="05/08/2015"
STUDYLOCALE="en-US"
SVAUTOSELECTRATE="100"
SVFIRSTNSUBJECTS="100"
/>


<SITE  NAME="(702) Kursk regional clinical oncology dispensary"    MNEMONIC="702"
ADDRESS="Eliseeva street 
1 Kursk Kursk 305035"
STATE="Russian Federation"
COUNTRY="RUSSIAN FEDERATION"
PHONE="774712735519"
ALTPHONE="7"
FAX="7"
TIMEZONE="(GMT+03:00) Moscow, St. Petersburg, Volgograd (RTZ 2)"
SITEDATEFORMAT="DAY_MONTH_YEAR"
STARTDATE="05/08/2015"
STUDYLOCALE="en-US"
SVAUTOSELECTRATE="100"
SVFIRSTNSUBJECTS="100"
/>


<SITE  NAME="(700) Leningrad regional clinical hospital"    MNEMONIC="700"
ADDRESS="Prospect Lunacharskogo
45-49 Saint-Petersburg"
STATE="Russian Federation"
COUNTRY="RUSSIAN FEDERATION"
PHONE="778125923560"
ALTPHONE="7"
FAX="7"
TIMEZONE="(GMT+03:00) Moscow, St. Petersburg, Volgograd (RTZ 2)"
SITEDATEFORMAT="DAY_MONTH_YEAR"
STARTDATE="05/08/2015"
STUDYLOCALE="en-US"
SVAUTOSELECTRATE="100"
SVFIRSTNSUBJECTS="100"
/>


<SITE  NAME="(281) Vychodoslovensky  onkologicky ustav as  Oddelenie klinickej onkologie"    MNEMONIC="281"
ADDRESS="Rastislavova 43
041 91 Kosice"
STATE="Slovakia"
COUNTRY="SLOVAKIA"
PHONE="421421556135436"
ALTPHONE="421"
FAX="421"
TIMEZONE="(GMT+01:00) Sarajevo, Skopje, Warsaw, Zagreb"
SITEDATEFORMAT="DAY_MONTH_YEAR"
STARTDATE="05/08/2015"
STUDYLOCALE="en-US"
SVAUTOSELECTRATE="100"
SVFIRSTNSUBJECTS="100"
/>


<SITE  NAME="(280) Narodny onkologicky ustav"    MNEMONIC="280"
ADDRESS="Klenova 1
833 10 Bratislava"
STATE="Slovakia"
COUNTRY="SLOVAKIA"
PHONE="421421259378592"
ALTPHONE="421"
FAX="421"
TIMEZONE="(GMT+01:00) Sarajevo, Skopje, Warsaw, Zagreb"
SITEDATEFORMAT="DAY_MONTH_YEAR"
STARTDATE="05/08/2015"
STUDYLOCALE="en-US"
SVAUTOSELECTRATE="100"
SVFIRSTNSUBJECTS="100"
/>


<SITE  NAME="(304) Royal Wolverhampton NHS Trust"    MNEMONIC="304"
ADDRESS="New Cross Hospital Wolverhampton Road Wolverhampton West Midlands WV10 0QP United Kingdom"
STATE="United Kingdom"
COUNTRY="UNITED KINGDOM"
PHONE="44441902695207"
ALTPHONE="44"
FAX="44"
TIMEZONE="(GMT) Greenwich Mean Time : Dublin, Edinburgh, Lisbon, London"
SITEDATEFORMAT="DAY_MONTH_YEAR"
STARTDATE="05/08/2015"
STUDYLOCALE="en-US"
SVAUTOSELECTRATE="100"
SVFIRSTNSUBJECTS="100"
/>


<SITE  NAME="(302) Velindre Hospital"    MNEMONIC="302"
ADDRESS="Velindre Cancer Centre Velindre Road Whitchurch Cardiff Glamorgan CF14 2TL United Kingdom"
STATE="United Kingdom"
COUNTRY="UNITED KINGDOM"
PHONE="44442920136202"
ALTPHONE="44"
FAX="44"
TIMEZONE="(GMT) Greenwich Mean Time : Dublin, Edinburgh, Lisbon, London"
SITEDATEFORMAT="DAY_MONTH_YEAR"
STARTDATE="05/08/2015"
STUDYLOCALE="en-US"
SVAUTOSELECTRATE="100"
SVFIRSTNSUBJECTS="100"
/>


<SITE  NAME="(300) The Christie NHS Foundation Trust"    MNEMONIC="300"
ADDRESS="Withington Wilmslow Road Manchester Greater Manchester M20 4BX United Kingdom"
STATE="United Kingdom"
COUNTRY="UNITED KINGDOM"
PHONE="44441614463209"
ALTPHONE="44"
FAX="44"
TIMEZONE="(GMT) Greenwich Mean Time : Dublin, Edinburgh, Lisbon, London"
SITEDATEFORMAT="DAY_MONTH_YEAR"
STARTDATE="05/08/2015"
STUDYLOCALE="en-US"
SVAUTOSELECTRATE="100"
SVFIRSTNSUBJECTS="100"
/>


<SITE  NAME="(305) Royal Devon and Exeter Hospital"    MNEMONIC="305"
ADDRESS="Cardiology Department Barrack Road Exeter Devon EX2 5DW United Kingdom"
STATE="United Kingdom"
COUNTRY="UNITED KINGDOM"
PHONE="44441392402104"
ALTPHONE="44"
FAX="44"
TIMEZONE="(GMT) Greenwich Mean Time : Dublin, Edinburgh, Lisbon, London"
SITEDATEFORMAT="DAY_MONTH_YEAR"
STARTDATE="05/08/2015"
STUDYLOCALE="en-US"
SVAUTOSELECTRATE="100"
SVFIRSTNSUBJECTS="100"
/>


<SITE  NAME="(303) St Jamess University Hospital"    MNEMONIC="303"
ADDRESS="Beckett Street Leeds Yorkshire LS9 7TF United Kingdom"
STATE="United Kingdom"
COUNTRY="UNITED KINGDOM"
PHONE="44441132068618"
ALTPHONE="44"
FAX="44"
TIMEZONE="(GMT) Greenwich Mean Time : Dublin, Edinburgh, Lisbon, London"
SITEDATEFORMAT="DAY_MONTH_YEAR"
STARTDATE="05/08/2015"
STUDYLOCALE="en-US"
SVAUTOSELECTRATE="100"
SVFIRSTNSUBJECTS="100"
/>


<SITE  NAME="(301) Aberdeen Royal Infirmary"    MNEMONIC="301"
ADDRESS="Forresterhill Aberdeen Scotland AB25 2ZN United Kingdom"
STATE="United Kingdom"
COUNTRY="UNITED KINGDOM"
PHONE="44441224555914"
ALTPHONE="44"
FAX="44"
TIMEZONE="(GMT) Greenwich Mean Time : Dublin, Edinburgh, Lisbon, London"
SITEDATEFORMAT="DAY_MONTH_YEAR"
STARTDATE="05/08/2015"
STUDYLOCALE="en-US"
SVAUTOSELECTRATE="100"
SVFIRSTNSUBJECTS="100"
/>


<SITE  NAME="(107) University of Rochester- James P Wilmot Cancer Center"    MNEMONIC="107"
ADDRESS="601 Elmwood Avenue Box 704"
COUNTRY="UNITED STATES"
PHONE="15852759484"
ALTPHONE="1"
FAX="1"
TIMEZONE="(GMT-05:00) Eastern Time (US &#38; Canada)"
SITEDATEFORMAT="DAY_MONTH_YEAR"
STARTDATE="05/08/2015"
STUDYLOCALE="en-US"
SVAUTOSELECTRATE="100"
SVFIRSTNSUBJECTS="100"
/>


<SITE  NAME="(106) Carolinas Medical Center Levine Cancer Institute"    MNEMONIC="106"
ADDRESS="1021 Morehead Medical Drive Suite 2200"
COUNTRY="UNITED STATES"
PHONE="19804422333"
ALTPHONE="1"
FAX="1"
TIMEZONE="(GMT-05:00) Eastern Time (US &#38; Canada)"
SITEDATEFORMAT="DAY_MONTH_YEAR"
STARTDATE="05/08/2015"
STUDYLOCALE="en-US"
SVAUTOSELECTRATE="100"
SVFIRSTNSUBJECTS="100"
/>


<SITE  NAME="(103) Providence Cancer Center Oncology and Hematology Care Clinic - Eastside Portland"    MNEMONIC="103"
ADDRESS="4805 NE Glisan Street  Suite 2N35"
COUNTRY="UNITED STATES"
PHONE="15032155696"
ALTPHONE="1"
FAX="1"
TIMEZONE="(GMT-05:00) Eastern Time (US &#38; Canada)"
SITEDATEFORMAT="DAY_MONTH_YEAR"
STARTDATE="05/08/2015"
STUDYLOCALE="en-US"
SVAUTOSELECTRATE="100"
SVFIRSTNSUBJECTS="100"
/>


<SITE  NAME="(102) University of Southern California - Norris Cancer Center and Hospital"    MNEMONIC="102"
ADDRESS="1441 Eastlake Avenue Room 3457"
COUNTRY="UNITED STATES"
PHONE="13238653900"
ALTPHONE="1"
FAX="1"
TIMEZONE="(GMT-05:00) Eastern Time (US &#38; Canada)"
SITEDATEFORMAT="DAY_MONTH_YEAR"
STARTDATE="05/08/2015"
STUDYLOCALE="en-US"
SVAUTOSELECTRATE="100"
SVFIRSTNSUBJECTS="100"
/>


<SITE  NAME="(101) University of California San Diego - Moores Cancer Center"    MNEMONIC="101"
ADDRESS="3855 Health Sciences Drive Clinical Trials Office Suite 0698"
COUNTRY="UNITED STATES"
PHONE="18582460451"
ALTPHONE="1"
FAX="1"
TIMEZONE="(GMT-05:00) Eastern Time (US &#38; Canada)"
SITEDATEFORMAT="DAY_MONTH_YEAR"
STARTDATE="05/08/2015"
STUDYLOCALE="en-US"
SVAUTOSELECTRATE="100"
SVFIRSTNSUBJECTS="100"
/>


<SITE  NAME="(100) University of Texas MD Anderson Cancer Center"    MNEMONIC="100"
ADDRESS="1515 Holcombe Boulevard FC10.2047"
COUNTRY="UNITED STATES"
PHONE="17137453917"
ALTPHONE="1"
FAX="1"
TIMEZONE="(GMT-05:00) Eastern Time (US &#38; Canada)"
SITEDATEFORMAT="DAY_MONTH_YEAR"
STARTDATE="05/08/2015"
STUDYLOCALE="en-US"
SVAUTOSELECTRATE="100"
SVFIRSTNSUBJECTS="100"
/>


<SITE  NAME="(104) Tulsa Cancer Institute"    MNEMONIC="104"
ADDRESS="12697 E. 51st Street South"
COUNTRY="UNITED STATES"
PHONE="19185053201"
ALTPHONE="1"
FAX="1"
TIMEZONE="(GMT-05:00) Eastern Time (US &#38; Canada)"
SITEDATEFORMAT="DAY_MONTH_YEAR"
STARTDATE="05/08/2015"
STUDYLOCALE="en-US"
SVAUTOSELECTRATE="100"
SVFIRSTNSUBJECTS="100"
/>


</MEDMLDATA>