<?xml version="1.0"?>
<MEDMLDATA xmlns="PhaseForward-MedML-Inform4">


<REPORTINGGROUP
GROUPNAME="Ad Hoc Users"
GROUPDESCRIPTION="Users who have access to Ad Hoc Reporting">
<!-- Insert Users -->
<USERREF USERNAME="z1x1703"/>
<USERREF USERNAME="i4tmcjvdb_RE"/>
<USERREF USERNAME="c018771"/>
<USERREF USERNAME="rm93493"/>
</REPORTINGGROUP>

<REPORTINGGROUP
GROUPNAME="Authors"
GROUPDESCRIPTION="Users who have access to Ad Hoc Reporting and Report Studio">
<!-- Insert Users -->
<USERREF USERNAME="i4tmcjvdb_RE"/>
</REPORTINGGROUP>

<QUERYGROUP
GROUPNAME="CDM_CRA Query"
GROUPDESCRIPTION="">
<!-- Insert Users -->
<USERREF USERNAME="autoquery"/>
<USERREF USERNAME="z3x2051"/>
<USERREF USERNAME="z1x4081"/>
<USERREF USERNAME="z1x1703"/>
<USERREF USERNAME="rm93493"/>
<USERREF USERNAME="C198898"/>
<USERREF USERNAME="z1x2603"/>
<USERREF USERNAME="c018771"/>
<USERREF USERNAME="z2x7034"/>
<USERREF USERNAME="C191602"/>
<USERREF USERNAME="Z2X6497"/>
<USERREF USERNAME="z2x0873"/>
<USERREF USERNAME="c165082"/>
</QUERYGROUP>

<QUERYGROUP
GROUPNAME="Coding Query Group"
GROUPDESCRIPTION="">
<!-- Insert Users -->
<USERREF USERNAME="coder_query"/>
</QUERYGROUP>

<REPORTINGGROUP
GROUPNAME="Directory Administrators"
GROUPDESCRIPTION="Users who can administer authorization rights. They administer groups, accounts, contacts, distribution lists, data sources, and printers">
<!-- Insert Users -->
<USERREF USERNAME="i4tmcjvdb_RE"/>
</REPORTINGGROUP>

<QUERYGROUP
GROUPNAME="GPS_Query"
GROUPDESCRIPTION="">
<!-- Insert Users -->
<USERREF USERNAME="c022433"/>
<USERREF USERNAME="rm80655"/>
<USERREF USERNAME="rm87794"/>
<USERREF USERNAME="c026390"/>
<USERREF USERNAME="c058698"/>
<USERREF USERNAME="c015393"/>
<USERREF USERNAME="u7x2510"/>
<USERREF USERNAME="c090108"/>
<USERREF USERNAME="c135748"/>
<USERREF USERNAME="rm36132"/>
<USERREF USERNAME="ye91098"/>
<USERREF USERNAME="a608261"/>
<USERREF USERNAME="rm90029"/>
<USERREF USERNAME="c071673"/>
<USERREF USERNAME="v6x8058"/>
<USERREF USERNAME="c039853"/>
<USERREF USERNAME="c149066"/>
<USERREF USERNAME="c131994"/>
<USERREF USERNAME="a803075"/>
<USERREF USERNAME="rm87430"/>
<USERREF USERNAME="c089548"/>
<USERREF USERNAME="c075541"/>
<USERREF USERNAME="c026393"/>
<USERREF USERNAME="a511471"/>
</QUERYGROUP>

<SIGNATUREGROUP
GROUPNAME="PI Signature"
GROUPDESCRIPTION="Signature group assigned to PI and PI Sign Only roles"
CRBMEANING="Approved"
CRBTEXT="By my dated signature below, I  %s  %s, verify that all case report form pages accurately display the results of the examinations, tests, evaluations and treatments performed on this patient.&lt;BR&gt;&lt;BR&gt;Pursuant to Section 11.100 of Title 21 of the Code of Federal Regulations, this is to certify that I intend that this electronic signature is to be the legally binding equivalent of my handwritten signature. &lt;BR&gt;&lt;BR&gt;To this I do attest by supplying my user name and password and clicking the button marked &lt;B&gt;Submit&lt;/B&gt; below"
 LANGUAGE="en-US">
<!-- Insert Users -->
<USERREF USERNAME="gmendez"/>
<USERREF USERNAME="malvarenga"/>
<USERREF USERNAME="candrea"/>
<USERREF USERNAME="stomas"/>
<USERREF USERNAME="ilifirenko"/>
<USERREF USERNAME="eroca"/>
<USERREF USERNAME="jmetges"/>
<USERREF USERNAME="jbachet"/>
<USERREF USERNAME="cdreyer"/>
<USERREF USERNAME="jforestier"/>
<USERREF USERNAME="ctournigand"/>
<USERREF USERNAME="mschenker"/>
<USERREF USERNAME="ostovicek"/>
<USERREF USERNAME="audrea"/>
<USERREF USERNAME="mdank"/>
<USERREF USERNAME="etoth"/>
<USERREF USERNAME="ekacskovics"/>
<USERREF USERNAME="ebodor"/>
<USERREF USERNAME="aruzsa"/>
<USERREF USERNAME="kszakacs"/>
<USERREF USERNAME="rkowalyszyn"/>
<USERREF USERNAME="gmarechal"/>
<USERREF USERNAME="cmichieri"/>
<USERREF USERNAME="jcundom"/>
<USERREF USERNAME="ddamianovich"/>
<USERREF USERNAME="jedwards"/>
<USERREF USERNAME="gvanhazel"/>
<USERREF USERNAME="nsinghal"/>
<USERREF USERNAME="glerzo"/>
<USERREF USERNAME="lfein"/>
<USERREF USERNAME="cmorgan"/>
<USERREF USERNAME="ltoy"/>
<USERREF USERNAME="wmansoor"/>
<USERREF USERNAME="rpetty"/>
<USERREF USERNAME="dswinson"/>
<USERREF USERNAME="mjoseph"/>
<USERREF USERNAME="ddiaconescu"/>
<USERREF USERNAME="aherzal"/>
<USERREF USERNAME="gyszentmartoni"/>
<USERREF USERNAME="eeder"/>
<USERREF USERNAME="tcsoszi"/>
<USERREF USERNAME="kpapp"/>
<USERREF USERNAME="icoroian"/>
<USERREF USERNAME="kpali"/>
<USERREF USERNAME="llipton"/>
<USERREF USERNAME="jajani"/>
<USERREF USERNAME="gheestand"/>
<USERREF USERNAME="siqbal"/>
<USERREF USERNAME="aluft"/>
<USERREF USERNAME="mjozef"/>
<USERREF USERNAME="aigor"/>
<USERREF USERNAME="ebanu"/>
<USERREF USERNAME="rleidner"/>
<USERREF USERNAME="scole"/>
<USERREF USERNAME="jhwang"/>
<USERREF USERNAME="mtejani"/>
<USERREF USERNAME="mnechaeva"/>
</SIGNATUREGROUP>

<REPORTINGGROUP
GROUPNAME="Publishers"
GROUPDESCRIPTION="Users who can create folders and other content within the Public Folder space">
<!-- Insert Users -->
<USERREF USERNAME="z1x1703"/>
<USERREF USERNAME="i4tmcjvdb_RE"/>
<USERREF USERNAME="rm93493"/>
<USERREF USERNAME="c018771"/>
</REPORTINGGROUP>

<REPORTINGGROUP
GROUPNAME="Report Administrators"
GROUPDESCRIPTION="Users who can administer authorized public content such as setting permissions on folders and reports">
<!-- Insert Users -->
<USERREF USERNAME="z1x1703"/>
<USERREF USERNAME="c018771"/>
<USERREF USERNAME="rm93493"/>
</REPORTINGGROUP>

<REPORTINGGROUP
GROUPNAME="Site Users"
GROUPDESCRIPTION="Site Users">
<!-- Insert Users -->
<USERREF USERNAME="cyumatle"/>
<USERREF USERNAME="gmendez"/>
<USERREF USERNAME="malvarenga"/>
<USERREF USERNAME="eroca"/>
<USERREF USERNAME="jmetges"/>
<USERREF USERNAME="jbachet"/>
<USERREF USERNAME="cdreyer"/>
<USERREF USERNAME="jforestier"/>
<USERREF USERNAME="ctournigand"/>
<USERREF USERNAME="mschenker"/>
<USERREF USERNAME="ostovicek"/>
<USERREF USERNAME="audrea"/>
<USERREF USERNAME="mdank"/>
<USERREF USERNAME="etoth"/>
<USERREF USERNAME="ekacskovics"/>
<USERREF USERNAME="ebodor"/>
<USERREF USERNAME="aruzsa"/>
<USERREF USERNAME="jfrancese"/>
<USERREF USERNAME="kszakacs"/>
<USERREF USERNAME="rkowalyszyn"/>
<USERREF USERNAME="sroldan"/>
<USERREF USERNAME="gmarechal"/>
<USERREF USERNAME="agupta"/>
<USERREF USERNAME="mcarney"/>
<USERREF USERNAME="vlane"/>
<USERREF USERNAME="jinnesrowe"/>
<USERREF USERNAME="jberridge"/>
<USERREF USERNAME="sgoodger"/>
<USERREF USERNAME="mwhelan"/>
<USERREF USERNAME="fjuarez"/>
<USERREF USERNAME="cmichieri"/>
<USERREF USERNAME="fkreik"/>
<USERREF USERNAME="jcundom"/>
<USERREF USERNAME="yfontela"/>
<USERREF USERNAME="jrobbio"/>
<USERREF USERNAME="ddamianovich"/>
<USERREF USERNAME="jedwards"/>
<USERREF USERNAME="gvanhazel"/>
<USERREF USERNAME="bshum"/>
<USERREF USERNAME="fnguyen"/>
<USERREF USERNAME="nsinghal"/>
<USERREF USERNAME="pslobodian"/>
<USERREF USERNAME="amilton"/>
<USERREF USERNAME="agarcia"/>
<USERREF USERNAME="glerzo"/>
<USERREF USERNAME="lfein"/>
<USERREF USERNAME="laranibar"/>
<USERREF USERNAME="cmorgan"/>
<USERREF USERNAME="cyoung"/>
<USERREF USERNAME="acrossley"/>
<USERREF USERNAME="medmonds"/>
<USERREF USERNAME="ibaker"/>
<USERREF USERNAME="ltoy"/>
<USERREF USERNAME="wmansoor"/>
<USERREF USERNAME="hkeith"/>
<USERREF USERNAME="ejohn"/>
<USERREF USERNAME="acottin"/>
<USERREF USERNAME="kraab"/>
<USERREF USERNAME="ksegissement"/>
<USERREF USERNAME="eprome"/>
<USERREF USERNAME="htimera"/>
<USERREF USERNAME="agheorghe"/>
<USERREF USERNAME="rferrari"/>
<USERREF USERNAME="rpetty"/>
<USERREF USERNAME="dswinson"/>
<USERREF USERNAME="mjoseph"/>
<USERREF USERNAME="nbagum"/>
<USERREF USERNAME="edavey"/>
<USERREF USERNAME="ddiaconescu"/>
<USERREF USERNAME="aherzal"/>
<USERREF USERNAME="gyszentmartoni"/>
<USERREF USERNAME="eeder"/>
<USERREF USERNAME="tcsoszi"/>
<USERREF USERNAME="kpapp"/>
<USERREF USERNAME="icoroian"/>
<USERREF USERNAME="kpali"/>
<USERREF USERNAME="asmith"/>
<USERREF USERNAME="llipton"/>
<USERREF USERNAME="jajani"/>
<USERREF USERNAME="gheestand"/>
<USERREF USERNAME="siqbal"/>
<USERREF USERNAME="yto"/>
<USERREF USERNAME="jbyerly"/>
<USERREF USERNAME="jnagaeva"/>
<USERREF USERNAME="lkoek"/>
<USERREF USERNAME="aluft"/>
<USERREF USERNAME="mpigareva"/>
<USERREF USERNAME="mkrupina"/>
<USERREF USERNAME="esolovyeva"/>
<USERREF USERNAME="ashpilevskaya"/>
<USERREF USERNAME="mjozef"/>
<USERREF USERNAME="aigor"/>
<USERREF USERNAME="kjana"/>
<USERREF USERNAME="ebanu"/>
<USERREF USERNAME="jbaker"/>
<USERREF USERNAME="htipton"/>
<USERREF USERNAME="rleidner"/>
<USERREF USERNAME="scole"/>
<USERREF USERNAME="jhwang"/>
<USERREF USERNAME="mtejani"/>
<USERREF USERNAME="etuzlukova"/>
<USERREF USERNAME="mnechaeva"/>
<USERREF USERNAME="yabaevaev"/>
<USERREF USERNAME="ilifirenko"/>
<USERREF USERNAME="stomas"/>
<USERREF USERNAME="sdaniela"/>
<USERREF USERNAME="candrea"/>
<USERREF USERNAME="acismaru"/>
<USERREF USERNAME="abanu"/>
</REPORTINGGROUP>

<REPORTINGGROUP
GROUPNAME="Sponsor Users"
GROUPDESCRIPTION="Sponsor Users">
<!-- Insert Users -->
<USERREF USERNAME="i4tmcjvdb_RE"/>
<USERREF USERNAME="c018771"/>
<USERREF USERNAME="a511471"/>
<USERREF USERNAME="rm87794"/>
<USERREF USERNAME="c026390"/>
<USERREF USERNAME="z1x4081"/>
<USERREF USERNAME="z1x1703"/>
<USERREF USERNAME="c058698"/>
<USERREF USERNAME="c015393"/>
<USERREF USERNAME="u7x2510"/>
<USERREF USERNAME="c090108"/>
<USERREF USERNAME="c135748"/>
<USERREF USERNAME="rm36132"/>
<USERREF USERNAME="ye91098"/>
<USERREF USERNAME="rm93493"/>
<USERREF USERNAME="coder_query"/>
<USERREF USERNAME="C198898"/>
<USERREF USERNAME="z1x2603"/>
<USERREF USERNAME="z3x2051"/>
<USERREF USERNAME="z2x7034"/>
<USERREF USERNAME="z1x1988"/>
<USERREF USERNAME="C191602"/>
<USERREF USERNAME="Z2X6497"/>
<USERREF USERNAME="z2x0873"/>
<USERREF USERNAME="c165082"/>
<USERREF USERNAME="a608261"/>
<USERREF USERNAME="rm90029"/>
<USERREF USERNAME="c071673"/>
<USERREF USERNAME="v6x8058"/>
<USERREF USERNAME="c039853"/>
<USERREF USERNAME="c149066"/>
<USERREF USERNAME="c131994"/>
<USERREF USERNAME="a803075"/>
<USERREF USERNAME="rm87430"/>
<USERREF USERNAME="c089548"/>
<USERREF USERNAME="c075541"/>
<USERREF USERNAME="c026393"/>
<USERREF USERNAME="rm80655"/>
<USERREF USERNAME="c022433"/>
</REPORTINGGROUP>

<REPORTINGGROUP
GROUPNAME="User Admin Info Data Users"
GROUPDESCRIPTION="Users who have access to user data including password related data">
<!-- Insert Users -->
<USERREF USERNAME="z1x4081"/>
<USERREF USERNAME="rm80655"/>
<USERREF USERNAME="c026393"/>
<USERREF USERNAME="c075541"/>
<USERREF USERNAME="c089548"/>
<USERREF USERNAME="rm87430"/>
<USERREF USERNAME="a803075"/>
<USERREF USERNAME="c131994"/>
<USERREF USERNAME="c149066"/>
<USERREF USERNAME="c039853"/>
<USERREF USERNAME="v6x8058"/>
<USERREF USERNAME="c071673"/>
<USERREF USERNAME="rm90029"/>
<USERREF USERNAME="a608261"/>
<USERREF USERNAME="c165082"/>
<USERREF USERNAME="z2x0873"/>
<USERREF USERNAME="Z2X6497"/>
<USERREF USERNAME="C191602"/>
<USERREF USERNAME="z2x7034"/>
<USERREF USERNAME="z3x2051"/>
<USERREF USERNAME="z1x2603"/>
<USERREF USERNAME="C198898"/>
<USERREF USERNAME="rm93493"/>
<USERREF USERNAME="ye91098"/>
<USERREF USERNAME="rm36132"/>
<USERREF USERNAME="i4tmcjvdb_RE"/>
<USERREF USERNAME="c022433"/>
<USERREF USERNAME="a511471"/>
<USERREF USERNAME="rm87794"/>
<USERREF USERNAME="c026390"/>
<USERREF USERNAME="c018771"/>
<USERREF USERNAME="z1x1703"/>
<USERREF USERNAME="c058698"/>
<USERREF USERNAME="c015393"/>
<USERREF USERNAME="u7x2510"/>
<USERREF USERNAME="c090108"/>
<USERREF USERNAME="c135748"/>
</REPORTINGGROUP>

<REPORTINGGROUP
GROUPNAME="User Info Data Users"
GROUPDESCRIPTION="Users who have access to user data except password related data">
<!-- Insert Users -->
<USERREF USERNAME="rm80655"/>
<USERREF USERNAME="c022433"/>
<USERREF USERNAME="c075541"/>
<USERREF USERNAME="c089548"/>
<USERREF USERNAME="rm87430"/>
<USERREF USERNAME="a803075"/>
<USERREF USERNAME="c131994"/>
<USERREF USERNAME="c149066"/>
<USERREF USERNAME="c039853"/>
<USERREF USERNAME="v6x8058"/>
<USERREF USERNAME="c071673"/>
<USERREF USERNAME="rm90029"/>
<USERREF USERNAME="a608261"/>
<USERREF USERNAME="z1x1988"/>
<USERREF USERNAME="ye91098"/>
<USERREF USERNAME="rm36132"/>
<USERREF USERNAME="c135748"/>
<USERREF USERNAME="c090108"/>
<USERREF USERNAME="u7x2510"/>
<USERREF USERNAME="c015393"/>
<USERREF USERNAME="c058698"/>
<USERREF USERNAME="c026390"/>
<USERREF USERNAME="rm87794"/>
<USERREF USERNAME="a511471"/>
<USERREF USERNAME="c026393"/>
</REPORTINGGROUP>

</MEDMLDATA>