<?xml version="1.0"?>
<MEDMLDATA xmlns="PhaseForward-MedML-Inform4">


<REPORTINGGROUP
GROUPNAME="Ad Hoc Users"
GROUPDESCRIPTION="Users who have access to Ad Hoc Reporting">
<!-- Insert Users -->
<USERREF USERNAME="i3ymcjpcf_RE"/>
<USERREF USERNAME="z2x2047"/>
<USERREF USERNAME="u8x2812"/>
<USERREF USERNAME="u8x8366"/>
<USERREF USERNAME="c226839"/>
</REPORTINGGROUP>

<QUERYGROUP
GROUPNAME="CDM_CRA Query"
GROUPDESCRIPTION="">
<!-- Insert Users -->
<USERREF USERNAME="autoquery"/>
<USERREF USERNAME="C225420"/>
<USERREF USERNAME="C253988"/>
<USERREF USERNAME="C241299"/>
<USERREF USERNAME="C244918"/>
<USERREF USERNAME="C220203"/>
<USERREF USERNAME="C232979"/>
<USERREF USERNAME="C240202"/>
<USERREF USERNAME="c197304"/>
<USERREF USERNAME="zg01496"/>
<USERREF USERNAME="zg02589"/>
<USERREF USERNAME="c235007"/>
<USERREF USERNAME="zg02684"/>
<USERREF USERNAME="z2x2047"/>
<USERREF USERNAME="c226839"/>
<USERREF USERNAME="ctoerien"/>
<USERREF USERNAME="u8x2812"/>
<USERREF USERNAME="c244997"/>
<USERREF USERNAME="c212917"/>
<USERREF USERNAME="C218838"/>
<USERREF USERNAME="C23644"/>
<USERREF USERNAME="C225777"/>
<USERREF USERNAME="Z2X1394"/>
<USERREF USERNAME="C247292"/>
<USERREF USERNAME="C228579"/>
<USERREF USERNAME="C243495"/>
<USERREF USERNAME="C250376"/>
<USERREF USERNAME="C232417"/>
<USERREF USERNAME="C248905"/>
<USERREF USERNAME="C237092"/>
<USERREF USERNAME="c252452"/>
<USERREF USERNAME="C249104"/>
<USERREF USERNAME="xqx0313"/>
<USERREF USERNAME="C231547"/>
<USERREF USERNAME="C240001"/>
<USERREF USERNAME="C225448"/>
<USERREF USERNAME="C228571"/>
<USERREF USERNAME="C227016"/>
<USERREF USERNAME="C228557"/>
<USERREF USERNAME="Z2X7700"/>
<USERREF USERNAME="C217794"/>
<USERREF USERNAME="c237386"/>
<USERREF USERNAME="C247019"/>
<USERREF USERNAME="C225222"/>
<USERREF USERNAME="C241291"/>
<USERREF USERNAME="C241110"/>
<USERREF USERNAME="C251513"/>
<USERREF USERNAME="C232276"/>
<USERREF USERNAME="C229921"/>
<USERREF USERNAME="C239403"/>
<USERREF USERNAME="Z2X3518"/>
<USERREF USERNAME="C224310"/>
<USERREF USERNAME="C233952"/>
<USERREF USERNAME="c240206"/>
<USERREF USERNAME="C243788"/>
<USERREF USERNAME="C222556"/>
<USERREF USERNAME="C250530"/>
<USERREF USERNAME="C181023"/>
<USERREF USERNAME="C243737"/>
<USERREF USERNAME="C230776"/>
<USERREF USERNAME="c240089"/>
<USERREF USERNAME="C246980"/>
<USERREF USERNAME="C248461"/>
<USERREF USERNAME="C239711"/>
<USERREF USERNAME="C232981"/>
<USERREF USERNAME="C249404"/>
<USERREF USERNAME="C248316"/>
<USERREF USERNAME="Z2X7931"/>
<USERREF USERNAME="C239401"/>
<USERREF USERNAME="C214080"/>
<USERREF USERNAME="Q832658"/>
<USERREF USERNAME="C229779"/>
</QUERYGROUP>

<QUERYGROUP
GROUPNAME="Coding Query Group"
GROUPDESCRIPTION="">
<!-- Insert Users -->
<USERREF USERNAME="coder_query"/>
</QUERYGROUP>

<QUERYGROUP
GROUPNAME="GPS_Query"
GROUPDESCRIPTION="">
<!-- Insert Users -->
<USERREF USERNAME="a015765"/>
<USERREF USERNAME="c203058"/>
<USERREF USERNAME="c039853"/>
<USERREF USERNAME="c068505"/>
<USERREF USERNAME="c085302"/>
<USERREF USERNAME="c074342"/>
<USERREF USERNAME="c149177"/>
<USERREF USERNAME="c194055"/>
<USERREF USERNAME="ye91098"/>
<USERREF USERNAME="yex7231"/>
<USERREF USERNAME="yex7614"/>
<USERREF USERNAME="c219898"/>
<USERREF USERNAME="c075541"/>
<USERREF USERNAME="c074429"/>
<USERREF USERNAME="c189327"/>
<USERREF USERNAME="a608261"/>
<USERREF USERNAME="c143125"/>
<USERREF USERNAME="yex7920"/>
<USERREF USERNAME="c149470"/>
<USERREF USERNAME="a803075"/>
<USERREF USERNAME="c209853"/>
<USERREF USERNAME="c218040"/>
<USERREF USERNAME="rm87794"/>
<USERREF USERNAME="c199642"/>
<USERREF USERNAME="c196683"/>
<USERREF USERNAME="c228249"/>
<USERREF USERNAME="c228247"/>
<USERREF USERNAME="c114196"/>
<USERREF USERNAME="c181877"/>
<USERREF USERNAME="c225889"/>
<USERREF USERNAME="c026393"/>
<USERREF USERNAME="rm36132"/>
<USERREF USERNAME="rm37825"/>
<USERREF USERNAME="a511471"/>
<USERREF USERNAME="c196248"/>
<USERREF USERNAME="c223292"/>
<USERREF USERNAME="c068502"/>
<USERREF USERNAME="c228246"/>
<USERREF USERNAME="c228248"/>
<USERREF USERNAME="wJ01513"/>
<USERREF USERNAME="v4x1447"/>
<USERREF USERNAME="ye73456"/>
<USERREF USERNAME="wj01740"/>
<USERREF USERNAME="wj10098"/>
<USERREF USERNAME="c224208"/>
<USERREF USERNAME="c175391"/>
<USERREF USERNAME="c100415"/>
<USERREF USERNAME="u7X4333"/>
<USERREF USERNAME="rm89018"/>
<USERREF USERNAME="c015393"/>
<USERREF USERNAME="c057362"/>
<USERREF USERNAME="c071673"/>
<USERREF USERNAME="c202987"/>
<USERREF USERNAME="u6x6712"/>
<USERREF USERNAME="v6x8058"/>
<USERREF USERNAME="c090108"/>
<USERREF USERNAME="c074090"/>
<USERREF USERNAME="yex7750"/>
<USERREF USERNAME="c149066"/>
<USERREF USERNAME="c021984"/>
<USERREF USERNAME="rm35504"/>
<USERREF USERNAME="c131994"/>
<USERREF USERNAME="yex7972"/>
<USERREF USERNAME="v6x8356"/>
<USERREF USERNAME="c025980"/>
<USERREF USERNAME="c239605"/>
<USERREF USERNAME="a608760"/>
<USERREF USERNAME="yex8021"/>
<USERREF USERNAME="c058698"/>
<USERREF USERNAME="c135748"/>
<USERREF USERNAME="c148827"/>
<USERREF USERNAME="c206591"/>
<USERREF USERNAME="c227370"/>
<USERREF USERNAME="c039863"/>
<USERREF USERNAME="c137396"/>
<USERREF USERNAME="c244333"/>
<USERREF USERNAME="c225389"/>
<USERREF USERNAME="a701824"/>
<USERREF USERNAME="c206388"/>
<USERREF USERNAME="c225929"/>
<USERREF USERNAME="c083101"/>
<USERREF USERNAME="c244714"/>
<USERREF USERNAME="c079244"/>
<USERREF USERNAME="rm90029"/>
<USERREF USERNAME="c069132"/>
<USERREF USERNAME="c247616"/>
</QUERYGROUP>

<SIGNATUREGROUP
GROUPNAME="PI Signature"
GROUPDESCRIPTION=""
CRBMEANING="Approved"

CRBTEXT="By my dated signature below, I  %s  %s, verify that all case report form pages accurately display the results of the examinations, tests, evaluations and treatments performed on this patient.&lt;BR&gt;&lt;BR&gt;Pursuant to Section 11.100 of Title 21 of the Code of Federal Regulations, this is to certify that I intend that this electronic signature is to be the legally binding equivalent of my handwritten signature. &lt;BR&gt;&lt;BR&gt;To this I do attest by supplying my user name and password and clicking the button marked &lt;B&gt;Submit&lt;/B&gt; below"
 LANGUAGE="en-US">
<!-- Insert Users -->
<USERREF USERNAME="mliontos"/>
<USERREF USERNAME="dmavroudis"/>
<USERREF USERNAME="istoupis"/>
<USERREF USERNAME="ampratsiakou"/>
<USERREF USERNAME="lkontovinis"/>
<USERREF USERNAME="itoledano"/>
<USERREF USERNAME="rtitus"/>
<USERREF USERNAME="agomez"/>
<USERREF USERNAME="chernandez"/>
<USERREF USERNAME="gjaliffe"/>
<USERREF USERNAME="xpivot"/>
<USERREF USERNAME="mvotavova"/>
<USERREF USERNAME="klajbl"/>
<USERREF USERNAME="zlinke"/>
<USERREF USERNAME="aalexandru"/>
<USERREF USERNAME="mschenker"/>
<USERREF USERNAME="neigeliene"/>
<USERREF USERNAME="jbeith"/>
<USERREF USERNAME="jwychiu"/>
<USERREF USERNAME="csinger"/>
<USERREF USERNAME="mmartin"/>
<USERREF USERNAME="jperez"/>
<USERREF USERNAME="rcosta"/>
<USERREF USERNAME="degle"/>
<USERREF USERNAME="epetru"/>
<USERREF USERNAME="maranda"/>
<USERREF USERNAME="hcwang"/>
<USERREF USERNAME="scchen"/>
<USERREF USERNAME="clliu"/>
<USERREF USERNAME="tychao"/>
<USERREF USERNAME="imtseng"/>
<USERREF USERNAME="sbkim"/>
<USERREF USERNAME="khpark"/>
<USERREF USERNAME="ihpark"/>
<USERREF USERNAME="jhkim"/>
<USERREF USERNAME="yhim"/>
<USERREF USERNAME="jhuober"/>
<USERREF USERNAME="pfasching"/>
<USERREF USERNAME="nfehm"/>
<USERREF USERNAME="mkeyverpaik"/>
<USERREF USERNAME="mthill"/>
<USERREF USERNAME="mcoccia-portugal"/>
<USERREF USERNAME="vguarneri"/>
<USERREF USERNAME="gmkim"/>
<USERREF USERNAME="mokera"/>
<USERREF USERNAME="amanikhas"/>
<USERREF USERNAME="gmukhametshina"/>
<USERREF USERNAME="vmoiseyenko"/>
<USERREF USERNAME="pneven"/>
<USERREF USERNAME="gsteger"/>
<USERREF USERNAME="abamias"/>
<USERREF USERNAME="mozguroglu"/>
<USERREF USERNAME="jettl"/>
<USERREF USERNAME="ggebauer"/>
<USERREF USERNAME="mbanys"/>
<USERREF USERNAME="sstemmer"/>
<USERREF USERNAME="ikuchuk"/>
<USERREF USERNAME="gfried"/>
<USERREF USERNAME="rhegg"/>
<USERREF USERNAME="gcolagiovanni"/>
<USERREF USERNAME="abrandes"/>
<USERREF USERNAME="skuemmel"/>
<USERREF USERNAME="jkocsis"/>
<USERREF USERNAME="kboer"/>
<USERREF USERNAME="gjerusalem"/>
<USERREF USERNAME="saltintas"/>
<USERREF USERNAME="ideleu"/>
<USERREF USERNAME="hkalofonos"/>
<USERREF USERNAME="jgrenier"/>
<USERREF USERNAME="mcampone"/>
<USERREF USERNAME="plaplaige"/>
<USERREF USERNAME="fpriou"/>
<USERREF USERNAME="cshannon"/>
<USERREF USERNAME="tbuchler"/>
<USERREF USERNAME="jdvorak"/>
<USERREF USERNAME="jprausova"/>
<USERREF USERNAME="jfiserova"/>
<USERREF USERNAME="dkatz"/>
<USERREF USERNAME="egalyam"/>
<USERREF USERNAME="slinnet"/>
<USERREF USERNAME="jgarcia"/>
<USERREF USERNAME="agoncalves"/>
<USERREF USERNAME="mangel"/>
<USERREF USERNAME="dkaen"/>
</SIGNATUREGROUP>

<REPORTINGGROUP
GROUPNAME="Publishers"
GROUPDESCRIPTION="Users who can create folders and other content within the Public Folder space">
<!-- Insert Users -->
<USERREF USERNAME="i3ymcjpcf_RE"/>
<USERREF USERNAME="z2x2047"/>
<USERREF USERNAME="u8x2812"/>
<USERREF USERNAME="u8x8366"/>
<USERREF USERNAME="c226839"/>
</REPORTINGGROUP>

<REPORTINGGROUP
GROUPNAME="Report Administrators"
GROUPDESCRIPTION="Users who can administer authorized public content such as setting permissions on folders and reports">
<!-- Insert Users -->
<USERREF USERNAME="z2x2047"/>
<USERREF USERNAME="u8x2812"/>
<USERREF USERNAME="c226839"/>
</REPORTINGGROUP>

<REPORTINGGROUP
GROUPNAME="Site Users"
GROUPDESCRIPTION="Site Users">
<!-- Insert Users -->
<USERREF USERNAME="mmartin"/>
<USERREF USERNAME="aruiz"/>
<USERREF USERNAME="cvelazquez"/>
<USERREF USERNAME="smerino"/>
<USERREF USERNAME="jperez"/>
<USERREF USERNAME="vmichele"/>
<USERREF USERNAME="aclarke"/>
<USERREF USERNAME="dkontas"/>
<USERREF USERNAME="rcosta"/>
<USERREF USERNAME="ibrandl"/>
<USERREF USERNAME="degle"/>
<USERREF USERNAME="jeder"/>
<USERREF USERNAME="epetru"/>
<USERREF USERNAME="fbitencourt"/>
<USERREF USERNAME="ezifarone"/>
<USERREF USERNAME="maranda"/>
<USERREF USERNAME="pperez"/>
<USERREF USERNAME="agonzalez"/>
<USERREF USERNAME="areyes"/>
<USERREF USERNAME="mgarcia"/>
<USERREF USERNAME="hcwang"/>
<USERREF USERNAME="scchen"/>
<USERREF USERNAME="clliu"/>
<USERREF USERNAME="tychao"/>
<USERREF USERNAME="imtseng"/>
<USERREF USERNAME="shyoo"/>
<USERREF USERNAME="sbkim"/>
<USERREF USERNAME="aafanni"/>
<USERREF USERNAME="jhudalaklecha"/>
<USERREF USERNAME="nantoniszyn"/>
<USERREF USERNAME="kdziedziela"/>
<USERREF USERNAME="hnlee"/>
<USERREF USERNAME="khpark"/>
<USERREF USERNAME="ihpark"/>
<USERREF USERNAME="jhkim"/>
<USERREF USERNAME="yhim"/>
<USERREF USERNAME="mkushnir"/>
<USERREF USERNAME="mstache"/>
<USERREF USERNAME="tauchter"/>
<USERREF USERNAME="jhuober"/>
<USERREF USERNAME="pfasching"/>
<USERREF USERNAME="nfehm"/>
<USERREF USERNAME="mkeyverpaik"/>
<USERREF USERNAME="mthill"/>
<USERREF USERNAME="mcoccia-portugal"/>
<USERREF USERNAME="vguarneri"/>
<USERREF USERNAME="wcshih"/>
<USERREF USERNAME="skang"/>
<USERREF USERNAME="kwliang"/>
<USERREF USERNAME="mjtsai"/>
<USERREF USERNAME="hychen"/>
<USERREF USERNAME="hingo"/>
<USERREF USERNAME="ymshin"/>
<USERREF USERNAME="syyun"/>
<USERREF USERNAME="gmkim"/>
<USERREF USERNAME="sparker"/>
<USERREF USERNAME="atang"/>
<USERREF USERNAME="mokera"/>
<USERREF USERNAME="amanikhas"/>
<USERREF USERNAME="tpotetyurina"/>
<USERREF USERNAME="gmukhametshina"/>
<USERREF USERNAME="vmoiseyenko"/>
<USERREF USERNAME="pneven"/>
<USERREF USERNAME="dsupply"/>
<USERREF USERNAME="pstijven"/>
<USERREF USERNAME="adavid"/>
<USERREF USERNAME="mcollin"/>
<USERREF USERNAME="tfourneaux"/>
<USERREF USERNAME="mgerard"/>
<USERREF USERNAME="mmertens"/>
<USERREF USERNAME="gwallays"/>
<USERREF USERNAME="dvanmassenhove"/>
<USERREF USERNAME="skanellopoulou"/>
<USERREF USERNAME="mkontovini"/>
<USERREF USERNAME="Skylynych"/>
<USERREF USERNAME="gsteger"/>
<USERREF USERNAME="brottenmanner"/>
<USERREF USERNAME="abamias"/>
<USERREF USERNAME="jpendlebury"/>
<USERREF USERNAME="mozguroglu"/>
<USERREF USERNAME="ferdur"/>
<USERREF USERNAME="jettl"/>
<USERREF USERNAME="ggebauer"/>
<USERREF USERNAME="mbanys"/>
<USERREF USERNAME="mrose"/>
<USERREF USERNAME="ereinert"/>
<USERREF USERNAME="csrabin"/>
<USERREF USERNAME="mivanov"/>
<USERREF USERNAME="sstemmer"/>
<USERREF USERNAME="ikuchuk"/>
<USERREF USERNAME="nisraeli"/>
<USERREF USERNAME="gfried"/>
<USERREF USERNAME="mnachmanovich"/>
<USERREF USERNAME="lshemkar"/>
<USERREF USERNAME="cdcarlsen"/>
<USERREF USERNAME="usoerensen"/>
<USERREF USERNAME="rhegg"/>
<USERREF USERNAME="lau"/>
<USERREF USERNAME="nborges"/>
<USERREF USERNAME="gcolagiovanni"/>
<USERREF USERNAME="szanettin"/>
<USERREF USERNAME="sgirelli"/>
<USERREF USERNAME="abrandes"/>
<USERREF USERNAME="aschanze"/>
<USERREF USERNAME="skuemmel"/>
<USERREF USERNAME="mcinefra"/>
<USERREF USERNAME="jkocsis"/>
<USERREF USERNAME="nkrentel"/>
<USERREF USERNAME="sbartolini"/>
<USERREF USERNAME="kboer"/>
<USERREF USERNAME="ztoth"/>
<USERREF USERNAME="kwalsh"/>
<USERREF USERNAME="smclaughlin"/>
<USERREF USERNAME="jbedengova"/>
<USERREF USERNAME="avavilina"/>
<USERREF USERNAME="nvolkov"/>
<USERREF USERNAME="hfuchs"/>
<USERREF USERNAME="mbutrim"/>
<USERREF USERNAME="jderoover"/>
<USERREF USERNAME="gjerusalem"/>
<USERREF USERNAME="saltintas"/>
<USERREF USERNAME="ideleu"/>
<USERREF USERNAME="aslock"/>
<USERREF USERNAME="ikatsiana"/>
<USERREF USERNAME="akotzamani"/>
<USERREF USERNAME="hkalofonos"/>
<USERREF USERNAME="anikolopoulou"/>
<USERREF USERNAME="aboivin"/>
<USERREF USERNAME="dgillet"/>
<USERREF USERNAME="claurent"/>
<USERREF USERNAME="lgorlier"/>
<USERREF USERNAME="cdurand"/>
<USERREF USERNAME="jgrenier"/>
<USERREF USERNAME="vsacier"/>
<USERREF USERNAME="mcampone"/>
<USERREF USERNAME="plaplaige"/>
<USERREF USERNAME="pebillot"/>
<USERREF USERNAME="fpriou"/>
<USERREF USERNAME="ksheather"/>
<USERREF USERNAME="cshannon"/>
<USERREF USERNAME="icardova"/>
<USERREF USERNAME="tbuchler"/>
<USERREF USERNAME="jdvorak"/>
<USERREF USERNAME="jprausova"/>
<USERREF USERNAME="jfiserova"/>
<USERREF USERNAME="rkoucka"/>
<USERREF USERNAME="agheorghe"/>
<USERREF USERNAME="dkatz"/>
<USERREF USERNAME="egalyam"/>
<USERREF USERNAME="alewkowicz"/>
<USERREF USERNAME="asoskin"/>
<USERREF USERNAME="sjuul"/>
<USERREF USERNAME="slinnet"/>
<USERREF USERNAME="rvilmi"/>
<USERREF USERNAME="hpolderdijk"/>
<USERREF USERNAME="jgarcia"/>
<USERREF USERNAME="emendez"/>
<USERREF USERNAME="rmartinez"/>
<USERREF USERNAME="mpocarull"/>
<USERREF USERNAME="aporras"/>
<USERREF USERNAME="lalves"/>
<USERREF USERNAME="agoncalves"/>
<USERREF USERNAME="mangel"/>
<USERREF USERNAME="dkaen"/>
<USERREF USERNAME="mliontos"/>
<USERREF USERNAME="kkakoyianni"/>
<USERREF USERNAME="dmavroudis"/>
<USERREF USERNAME="istoupis"/>
<USERREF USERNAME="ampratsiakou"/>
<USERREF USERNAME="dlampropoulou"/>
<USERREF USERNAME="lkontovinis"/>
<USERREF USERNAME="avincent"/>
<USERREF USERNAME="itoledano"/>
<USERREF USERNAME="mbouchaud"/>
<USERREF USERNAME="cdavid"/>
<USERREF USERNAME="ctrouillet"/>
<USERREF USERNAME="NPogoryelova"/>
<USERREF USERNAME="rtitus"/>
<USERREF USERNAME="agomez"/>
<USERREF USERNAME="chernandez"/>
<USERREF USERNAME="gjaliffe"/>
<USERREF USERNAME="rmontes"/>
<USERREF USERNAME="kbeltran"/>
<USERREF USERNAME="bcamus"/>
<USERREF USERNAME="cguglielmetti"/>
<USERREF USERNAME="xpivot"/>
<USERREF USERNAME="ggawlowski"/>
<USERREF USERNAME="aprzybysz"/>
<USERREF USERNAME="mkasprzak"/>
<USERREF USERNAME="mvotavova"/>
<USERREF USERNAME="bchocholousova"/>
<USERREF USERNAME="klajbl"/>
<USERREF USERNAME="jskalova"/>
<USERREF USERNAME="zlinke"/>
<USERREF USERNAME="lprausova"/>
<USERREF USERNAME="sliskova"/>
<USERREF USERNAME="aalexandru"/>
<USERREF USERNAME="ctrif"/>
<USERREF USERNAME="mschenker"/>
<USERREF USERNAME="sleskinen"/>
<USERREF USERNAME="neigeliene"/>
<USERREF USERNAME="skarinkanta"/>
<USERREF USERNAME="jbeith"/>
<USERREF USERNAME="kishihara"/>
<USERREF USERNAME="HBlazhkunova"/>
<USERREF USERNAME="yvisser"/>
<USERREF USERNAME="ybakx"/>
<USERREF USERNAME="ebieber"/>
<USERREF USERNAME="jwychiu"/>
<USERREF USERNAME="dhochsteger"/>
<USERREF USERNAME="lfarkas"/>
<USERREF USERNAME="csinger"/>
<USERREF USERNAME="pkivioja"/>
<USERREF USERNAME="calbertini"/>
<USERREF USERNAME="ilanner"/>
<USERREF USERNAME="caravena"/>
<USERREF USERNAME="jolsthoorn"/>
<USERREF USERNAME="krennie"/>
<USERREF USERNAME="cstevens"/>
<USERREF USERNAME="mvankleef"/>
<USERREF USERNAME="fsyed"/>
<USERREF USERNAME="jhhong"/>
</REPORTINGGROUP>

<REPORTINGGROUP
GROUPNAME="Sponsor Users"
GROUPDESCRIPTION="Sponsor Users">
<!-- Insert Users -->
<USERREF USERNAME="C239401"/>
<USERREF USERNAME="C214080"/>
<USERREF USERNAME="Q832658"/>
<USERREF USERNAME="C229779"/>
<USERREF USERNAME="C225420"/>
<USERREF USERNAME="C253988"/>
<USERREF USERNAME="C241299"/>
<USERREF USERNAME="C244918"/>
<USERREF USERNAME="C220203"/>
<USERREF USERNAME="C232979"/>
<USERREF USERNAME="c206388"/>
<USERREF USERNAME="c225929"/>
<USERREF USERNAME="c083101"/>
<USERREF USERNAME="c244714"/>
<USERREF USERNAME="c079244"/>
<USERREF USERNAME="rm90029"/>
<USERREF USERNAME="c069132"/>
<USERREF USERNAME="c247616"/>
<USERREF USERNAME="a015765"/>
<USERREF USERNAME="c203058"/>
<USERREF USERNAME="c039853"/>
<USERREF USERNAME="C240202"/>
<USERREF USERNAME="c068505"/>
<USERREF USERNAME="c085302"/>
<USERREF USERNAME="c074342"/>
<USERREF USERNAME="c149177"/>
<USERREF USERNAME="c194055"/>
<USERREF USERNAME="ye91098"/>
<USERREF USERNAME="yex7231"/>
<USERREF USERNAME="yex7614"/>
<USERREF USERNAME="c219898"/>
<USERREF USERNAME="c075541"/>
<USERREF USERNAME="c074429"/>
<USERREF USERNAME="c189327"/>
<USERREF USERNAME="a608261"/>
<USERREF USERNAME="c143125"/>
<USERREF USERNAME="yex7920"/>
<USERREF USERNAME="c149470"/>
<USERREF USERNAME="a803075"/>
<USERREF USERNAME="c209853"/>
<USERREF USERNAME="c218040"/>
<USERREF USERNAME="c175391"/>
<USERREF USERNAME="c100415"/>
<USERREF USERNAME="C228557"/>
<USERREF USERNAME="Z2X7700"/>
<USERREF USERNAME="C217794"/>
<USERREF USERNAME="c237386"/>
<USERREF USERNAME="C247019"/>
<USERREF USERNAME="C225222"/>
<USERREF USERNAME="C241291"/>
<USERREF USERNAME="C241110"/>
<USERREF USERNAME="C251513"/>
<USERREF USERNAME="C232276"/>
<USERREF USERNAME="C229921"/>
<USERREF USERNAME="C239403"/>
<USERREF USERNAME="u7X4333"/>
<USERREF USERNAME="rm89018"/>
<USERREF USERNAME="c015393"/>
<USERREF USERNAME="c057362"/>
<USERREF USERNAME="c071673"/>
<USERREF USERNAME="c202987"/>
<USERREF USERNAME="u6x6712"/>
<USERREF USERNAME="v6x8058"/>
<USERREF USERNAME="c090108"/>
<USERREF USERNAME="c074090"/>
<USERREF USERNAME="yex7750"/>
<USERREF USERNAME="c149066"/>
<USERREF USERNAME="c021984"/>
<USERREF USERNAME="rm35504"/>
<USERREF USERNAME="c131994"/>
<USERREF USERNAME="yex7972"/>
<USERREF USERNAME="v6x8356"/>
<USERREF USERNAME="c025980"/>
<USERREF USERNAME="c239605"/>
<USERREF USERNAME="a608760"/>
<USERREF USERNAME="yex8021"/>
<USERREF USERNAME="c058698"/>
<USERREF USERNAME="c135748"/>
<USERREF USERNAME="C231482"/>
<USERREF USERNAME="Z2X3518"/>
<USERREF USERNAME="C224310"/>
<USERREF USERNAME="C233952"/>
<USERREF USERNAME="c240206"/>
<USERREF USERNAME="C243788"/>
<USERREF USERNAME="C222556"/>
<USERREF USERNAME="C250530"/>
<USERREF USERNAME="C181023"/>
<USERREF USERNAME="C243737"/>
<USERREF USERNAME="C230776"/>
<USERREF USERNAME="c240089"/>
<USERREF USERNAME="C246980"/>
<USERREF USERNAME="C248461"/>
<USERREF USERNAME="c148827"/>
<USERREF USERNAME="c206591"/>
<USERREF USERNAME="c227370"/>
<USERREF USERNAME="c039863"/>
<USERREF USERNAME="c137396"/>
<USERREF USERNAME="c244333"/>
<USERREF USERNAME="c225389"/>
<USERREF USERNAME="a701824"/>
<USERREF USERNAME="C239711"/>
<USERREF USERNAME="C232981"/>
<USERREF USERNAME="C249404"/>
<USERREF USERNAME="C248316"/>
<USERREF USERNAME="Z2X7931"/>
<USERREF USERNAME="c197304"/>
<USERREF USERNAME="zg01496"/>
<USERREF USERNAME="zg02589"/>
<USERREF USERNAME="c235007"/>
<USERREF USERNAME="zg02684"/>
<USERREF USERNAME="i3ymcjpcf_RE"/>
<USERREF USERNAME="z2x2047"/>
<USERREF USERNAME="c226839"/>
<USERREF USERNAME="ctoerien"/>
<USERREF USERNAME="u8x8366"/>
<USERREF USERNAME="XG10300"/>
<USERREF USERNAME="C235976"/>
<USERREF USERNAME="coder_query"/>
<USERREF USERNAME="u8x2812"/>
<USERREF USERNAME="C181182"/>
<USERREF USERNAME="rm87578"/>
<USERREF USERNAME="YX26073"/>
<USERREF USERNAME="C176099"/>
<USERREF USERNAME="C222335"/>
<USERREF USERNAME="c244997"/>
<USERREF USERNAME="c212917"/>
<USERREF USERNAME="C218838"/>
<USERREF USERNAME="C23644"/>
<USERREF USERNAME="C225777"/>
<USERREF USERNAME="Z2X1394"/>
<USERREF USERNAME="rm87794"/>
<USERREF USERNAME="c199642"/>
<USERREF USERNAME="c196683"/>
<USERREF USERNAME="c228249"/>
<USERREF USERNAME="c228247"/>
<USERREF USERNAME="c114196"/>
<USERREF USERNAME="c181877"/>
<USERREF USERNAME="c225889"/>
<USERREF USERNAME="C247292"/>
<USERREF USERNAME="C228579"/>
<USERREF USERNAME="C243495"/>
<USERREF USERNAME="C250376"/>
<USERREF USERNAME="C232417"/>
<USERREF USERNAME="C248905"/>
<USERREF USERNAME="C237092"/>
<USERREF USERNAME="c252452"/>
<USERREF USERNAME="C249104"/>
<USERREF USERNAME="xqx0313"/>
<USERREF USERNAME="C231547"/>
<USERREF USERNAME="C240001"/>
<USERREF USERNAME="c026393"/>
<USERREF USERNAME="rm36132"/>
<USERREF USERNAME="rm37825"/>
<USERREF USERNAME="a511471"/>
<USERREF USERNAME="c196248"/>
<USERREF USERNAME="c223292"/>
<USERREF USERNAME="c068502"/>
<USERREF USERNAME="c228246"/>
<USERREF USERNAME="c228248"/>
<USERREF USERNAME="wJ01513"/>
<USERREF USERNAME="v4x1447"/>
<USERREF USERNAME="ye73456"/>
<USERREF USERNAME="Z1X0676"/>
<USERREF USERNAME="C225448"/>
<USERREF USERNAME="C228571"/>
<USERREF USERNAME="C227016"/>
<USERREF USERNAME="wj01740"/>
<USERREF USERNAME="wj10098"/>
<USERREF USERNAME="c224208"/>
</REPORTINGGROUP>

<REPORTINGGROUP
GROUPNAME="User Admin Info Data Users"
GROUPDESCRIPTION="Users who have access to user data including password related data">
<!-- Insert Users -->
<USERREF USERNAME="zg02684"/>
<USERREF USERNAME="i3ymcjpcf_RE"/>
<USERREF USERNAME="z2x2047"/>
<USERREF USERNAME="c226839"/>
<USERREF USERNAME="ctoerien"/>
<USERREF USERNAME="u8x8366"/>
<USERREF USERNAME="u8x2812"/>
<USERREF USERNAME="c244997"/>
<USERREF USERNAME="c212917"/>
<USERREF USERNAME="C218838"/>
<USERREF USERNAME="C23644"/>
<USERREF USERNAME="C225777"/>
<USERREF USERNAME="Z2X1394"/>
<USERREF USERNAME="rm87794"/>
<USERREF USERNAME="c199642"/>
<USERREF USERNAME="c196683"/>
<USERREF USERNAME="c228249"/>
<USERREF USERNAME="c228247"/>
<USERREF USERNAME="c114196"/>
<USERREF USERNAME="c181877"/>
<USERREF USERNAME="c225889"/>
<USERREF USERNAME="C247292"/>
<USERREF USERNAME="C228579"/>
<USERREF USERNAME="C243495"/>
<USERREF USERNAME="C250376"/>
<USERREF USERNAME="C232417"/>
<USERREF USERNAME="C248905"/>
<USERREF USERNAME="C237092"/>
<USERREF USERNAME="c252452"/>
<USERREF USERNAME="C249104"/>
<USERREF USERNAME="xqx0313"/>
<USERREF USERNAME="rm37825"/>
<USERREF USERNAME="a511471"/>
<USERREF USERNAME="c196248"/>
<USERREF USERNAME="c223292"/>
<USERREF USERNAME="c068502"/>
<USERREF USERNAME="c228246"/>
<USERREF USERNAME="c228248"/>
<USERREF USERNAME="wJ01513"/>
<USERREF USERNAME="v4x1447"/>
<USERREF USERNAME="ye73456"/>
<USERREF USERNAME="C225448"/>
<USERREF USERNAME="C228571"/>
<USERREF USERNAME="C227016"/>
<USERREF USERNAME="wj01740"/>
<USERREF USERNAME="wj10098"/>
<USERREF USERNAME="c224208"/>
<USERREF USERNAME="c175391"/>
<USERREF USERNAME="c100415"/>
<USERREF USERNAME="C228557"/>
<USERREF USERNAME="Z2X7700"/>
<USERREF USERNAME="C217794"/>
<USERREF USERNAME="c237386"/>
<USERREF USERNAME="C247019"/>
<USERREF USERNAME="C225222"/>
<USERREF USERNAME="C241291"/>
<USERREF USERNAME="C241110"/>
<USERREF USERNAME="C251513"/>
<USERREF USERNAME="C232276"/>
<USERREF USERNAME="C229921"/>
<USERREF USERNAME="C239403"/>
<USERREF USERNAME="u7X4333"/>
<USERREF USERNAME="rm89018"/>
<USERREF USERNAME="c015393"/>
<USERREF USERNAME="c057362"/>
<USERREF USERNAME="c071673"/>
<USERREF USERNAME="c202987"/>
<USERREF USERNAME="u6x6712"/>
<USERREF USERNAME="v6x8058"/>
<USERREF USERNAME="c090108"/>
<USERREF USERNAME="c074090"/>
<USERREF USERNAME="yex7750"/>
<USERREF USERNAME="c149066"/>
<USERREF USERNAME="c021984"/>
<USERREF USERNAME="rm35504"/>
<USERREF USERNAME="c131994"/>
<USERREF USERNAME="yex7972"/>
<USERREF USERNAME="v6x8356"/>
<USERREF USERNAME="c025980"/>
<USERREF USERNAME="c239605"/>
<USERREF USERNAME="a608760"/>
<USERREF USERNAME="yex8021"/>
<USERREF USERNAME="c058698"/>
<USERREF USERNAME="c135748"/>
<USERREF USERNAME="Z2X3518"/>
<USERREF USERNAME="C224310"/>
<USERREF USERNAME="C233952"/>
<USERREF USERNAME="c240206"/>
<USERREF USERNAME="C243788"/>
<USERREF USERNAME="C222556"/>
<USERREF USERNAME="C250530"/>
<USERREF USERNAME="c197304"/>
<USERREF USERNAME="zg01496"/>
<USERREF USERNAME="zg02589"/>
<USERREF USERNAME="c235007"/>
<USERREF USERNAME="C181023"/>
<USERREF USERNAME="C243737"/>
<USERREF USERNAME="C230776"/>
<USERREF USERNAME="c240089"/>
<USERREF USERNAME="C246980"/>
<USERREF USERNAME="C248461"/>
<USERREF USERNAME="c148827"/>
<USERREF USERNAME="c206591"/>
<USERREF USERNAME="c227370"/>
<USERREF USERNAME="c039863"/>
<USERREF USERNAME="c137396"/>
<USERREF USERNAME="c244333"/>
<USERREF USERNAME="c225389"/>
<USERREF USERNAME="a701824"/>
<USERREF USERNAME="C239711"/>
<USERREF USERNAME="C232981"/>
<USERREF USERNAME="C249404"/>
<USERREF USERNAME="C248316"/>
<USERREF USERNAME="Z2X7931"/>
<USERREF USERNAME="C239401"/>
<USERREF USERNAME="C214080"/>
<USERREF USERNAME="Q832658"/>
<USERREF USERNAME="C229779"/>
<USERREF USERNAME="C225420"/>
<USERREF USERNAME="C253988"/>
<USERREF USERNAME="C241299"/>
<USERREF USERNAME="C244918"/>
<USERREF USERNAME="C220203"/>
<USERREF USERNAME="C232979"/>
<USERREF USERNAME="c206388"/>
<USERREF USERNAME="c225929"/>
<USERREF USERNAME="c083101"/>
<USERREF USERNAME="c244714"/>
<USERREF USERNAME="c079244"/>
<USERREF USERNAME="rm90029"/>
<USERREF USERNAME="c069132"/>
<USERREF USERNAME="c247616"/>
<USERREF USERNAME="a015765"/>
<USERREF USERNAME="c203058"/>
<USERREF USERNAME="c039853"/>
<USERREF USERNAME="C240202"/>
<USERREF USERNAME="c068505"/>
<USERREF USERNAME="c085302"/>
<USERREF USERNAME="c074342"/>
<USERREF USERNAME="c149177"/>
<USERREF USERNAME="c194055"/>
<USERREF USERNAME="ye91098"/>
<USERREF USERNAME="yex7231"/>
<USERREF USERNAME="yex7614"/>
<USERREF USERNAME="c219898"/>
<USERREF USERNAME="c075541"/>
<USERREF USERNAME="c074429"/>
<USERREF USERNAME="c189327"/>
<USERREF USERNAME="a608261"/>
<USERREF USERNAME="c143125"/>
<USERREF USERNAME="yex7920"/>
<USERREF USERNAME="c149470"/>
<USERREF USERNAME="a803075"/>
<USERREF USERNAME="c209853"/>
<USERREF USERNAME="c218040"/>
<USERREF USERNAME="C231547"/>
<USERREF USERNAME="C240001"/>
<USERREF USERNAME="c026393"/>
<USERREF USERNAME="rm36132"/>
</REPORTINGGROUP>

<REPORTINGGROUP
GROUPNAME="User Info Data Users"
GROUPDESCRIPTION="Users who have access to user data except password related data">
<!-- Insert Users -->
<USERREF USERNAME="c225929"/>
<USERREF USERNAME="c083101"/>
<USERREF USERNAME="c244714"/>
<USERREF USERNAME="c079244"/>
<USERREF USERNAME="rm90029"/>
<USERREF USERNAME="c069132"/>
<USERREF USERNAME="c247616"/>
<USERREF USERNAME="a015765"/>
<USERREF USERNAME="c203058"/>
<USERREF USERNAME="c039853"/>
<USERREF USERNAME="c068505"/>
<USERREF USERNAME="c085302"/>
<USERREF USERNAME="c074342"/>
<USERREF USERNAME="c149177"/>
<USERREF USERNAME="c194055"/>
<USERREF USERNAME="ye91098"/>
<USERREF USERNAME="yex7231"/>
<USERREF USERNAME="yex7614"/>
<USERREF USERNAME="c219898"/>
<USERREF USERNAME="c075541"/>
<USERREF USERNAME="c074429"/>
<USERREF USERNAME="c189327"/>
<USERREF USERNAME="a608261"/>
<USERREF USERNAME="c143125"/>
<USERREF USERNAME="yex7920"/>
<USERREF USERNAME="c149470"/>
<USERREF USERNAME="a803075"/>
<USERREF USERNAME="c209853"/>
<USERREF USERNAME="c218040"/>
<USERREF USERNAME="XG10300"/>
<USERREF USERNAME="C235976"/>
<USERREF USERNAME="YX26073"/>
<USERREF USERNAME="C176099"/>
<USERREF USERNAME="C222335"/>
<USERREF USERNAME="rm87794"/>
<USERREF USERNAME="c199642"/>
<USERREF USERNAME="c196683"/>
<USERREF USERNAME="c228249"/>
<USERREF USERNAME="c228247"/>
<USERREF USERNAME="c114196"/>
<USERREF USERNAME="c181877"/>
<USERREF USERNAME="c225889"/>
<USERREF USERNAME="c026393"/>
<USERREF USERNAME="rm36132"/>
<USERREF USERNAME="rm37825"/>
<USERREF USERNAME="a511471"/>
<USERREF USERNAME="c196248"/>
<USERREF USERNAME="c223292"/>
<USERREF USERNAME="c068502"/>
<USERREF USERNAME="c228246"/>
<USERREF USERNAME="c228248"/>
<USERREF USERNAME="wJ01513"/>
<USERREF USERNAME="v4x1447"/>
<USERREF USERNAME="ye73456"/>
<USERREF USERNAME="Z1X0676"/>
<USERREF USERNAME="wj01740"/>
<USERREF USERNAME="wj10098"/>
<USERREF USERNAME="c224208"/>
<USERREF USERNAME="c175391"/>
<USERREF USERNAME="c100415"/>
<USERREF USERNAME="u7X4333"/>
<USERREF USERNAME="rm89018"/>
<USERREF USERNAME="c015393"/>
<USERREF USERNAME="c057362"/>
<USERREF USERNAME="c071673"/>
<USERREF USERNAME="c202987"/>
<USERREF USERNAME="u6x6712"/>
<USERREF USERNAME="v6x8058"/>
<USERREF USERNAME="c090108"/>
<USERREF USERNAME="c074090"/>
<USERREF USERNAME="yex7750"/>
<USERREF USERNAME="c149066"/>
<USERREF USERNAME="c021984"/>
<USERREF USERNAME="rm35504"/>
<USERREF USERNAME="c131994"/>
<USERREF USERNAME="yex7972"/>
<USERREF USERNAME="v6x8356"/>
<USERREF USERNAME="c025980"/>
<USERREF USERNAME="c239605"/>
<USERREF USERNAME="a608760"/>
<USERREF USERNAME="yex8021"/>
<USERREF USERNAME="c058698"/>
<USERREF USERNAME="c135748"/>
<USERREF USERNAME="C231482"/>
<USERREF USERNAME="c148827"/>
<USERREF USERNAME="c206591"/>
<USERREF USERNAME="c227370"/>
<USERREF USERNAME="c039863"/>
<USERREF USERNAME="c137396"/>
<USERREF USERNAME="c244333"/>
<USERREF USERNAME="c225389"/>
<USERREF USERNAME="a701824"/>
<USERREF USERNAME="c206388"/>
</REPORTINGGROUP>

<QUERYGROUP
GROUPNAME="CDM_CRA Query"
GROUPDESCRIPTION="">
<!-- Insert Users -->
<USERREF USERNAME="autoquery"/>
</QUERYGROUP>

</MEDMLDATA>