<?xml version="1.0"?>
<MEDMLDATA xmlns="PhaseForward-MedML-Inform4">

<ITEMGROUP 
GROUPNAME="Data_Manager_ReadOnly"
GROUPDESCRIPTION="Items that are hidden by design and should be viewable to Data Manager.">
 <!-- Insert ItemRef Names -->
<ITEMREF REFNAME="SGLOC_SG1TU7F1"/>
<ITEMREF REFNAME="TRLNKID_RSDR1TUR1F1"/>
<ITEMREF REFNAME="TULOC_TU7001_F1"/>
<ITEMREF REFNAME="AECAT_AE4001_F1"/>
<ITEMREF REFNAME="AECAT_AE4001_F2"/>
<ITEMREF REFNAME="AELLTCD_AE4001_F2"/>
<ITEMREF REFNAME="CMCAT_CM1F1"/>
<ITEMREF REFNAME="CMCLAS_CM1F1"/>
<ITEMREF REFNAME="AETERM_MAP_AE4001_F2"/>
<ITEMREF REFNAME="CMCLASCD_CM1F1"/>
<ITEMREF REFNAME="AEDECOD_AE4001_F2"/>
<ITEMREF REFNAME="CMCLASCD_SYST3F1"/>
<ITEMREF REFNAME="CMCLASCD_SYST3F2"/>
<ITEMREF REFNAME="AELLT_AE4001_F2"/>
<ITEMREF REFNAME="CMCLAS_SYST3F1"/>
<ITEMREF REFNAME="CMCLAS_SYST3F2"/>
<ITEMREF REFNAME="CMDECOD_CM1F1"/>
<ITEMREF REFNAME="CMDECOD_SYST3F1"/>
<ITEMREF REFNAME="CMDECOD_SYST3F2"/>
<ITEMREF REFNAME="CMINDC_SYST3F1"/>
<ITEMREF REFNAME="CMINDC_SYST3F2"/>
<ITEMREF REFNAME="CMSCAT_CM1F1"/>
<ITEMREF REFNAME="CMTRADNM_CM1F1"/>
<ITEMREF REFNAME="CMTRADNM_SYST3F1"/>
<ITEMREF REFNAME="CMTRADNM_SYST3F2"/>
<ITEMREF REFNAME="CMTRT_MAP_CM1F1"/>
<ITEMREF REFNAME="DACAT_DA1F1"/>
<ITEMREF REFNAME="DACAT_DA1F2"/>
<ITEMREF REFNAME="DICT_DICTVER_AE4001_F2"/>
<ITEMREF REFNAME="DICT_DICTVER_CM1F1"/>
<ITEMREF REFNAME="DICT_DICTVER_MH8001_F1"/>
<ITEMREF REFNAME="DICT_DICTVER_MH8IPD3F1"/>
<ITEMREF REFNAME="DICT_DICTVER_SYST3F1"/>
<ITEMREF REFNAME="DICT_DICTVER_SYST3F2"/>
<ITEMREF REFNAME="DSCAT_1_DS1F1"/>
<ITEMREF REFNAME="DSCAT_1_DS1F2"/>
<ITEMREF REFNAME="DSCAT_1_SS1DS1F1"/>
<ITEMREF REFNAME="DSCAT_2_DS2001_F1"/>
<ITEMREF REFNAME="DSEVAL_IC_DS2001_F1"/>
<ITEMREF REFNAME="DSSCAT_DS1F1"/>
<ITEMREF REFNAME="DSSCAT_DS1F2"/>
<ITEMREF REFNAME="DSSCAT_IC_DS2001_F1"/>
<ITEMREF REFNAME="DSSCAT_SS1DS1F1"/>
<ITEMREF REFNAME="ECCAT_EC1F1"/>
<ITEMREF REFNAME="EXCAT_EX1F2"/>
<ITEMREF REFNAME="EXCAT_EX1F3"/>
<ITEMREF REFNAME="EXCAT_EX1F4"/>
<ITEMREF REFNAME="EXCAT_EX1F5"/>
<ITEMREF REFNAME="FACAT_MH8IPD3F1"/>
<ITEMREF REFNAME="HOCAT_HO2001_F1"/>
<ITEMREF REFNAME="INDCOMP_CM1F1"/>
<ITEMREF REFNAME="INDCOMP_SYST3F1"/>
<ITEMREF REFNAME="INDCOMP_SYST3F2"/>
<ITEMREF REFNAME="MHCAT_MH8001_F1"/>
<ITEMREF REFNAME="MHCAT_MH8IPD3F1"/>
<ITEMREF REFNAME="MHDECOD_MH8001_F1"/>
<ITEMREF REFNAME="MHDECOD_MH8IPD3F1"/>
<ITEMREF REFNAME="MHLLTCD_MH8001_F1"/>
<ITEMREF REFNAME="MHLLTCD_MH8IPD3F1"/>
<ITEMREF REFNAME="MHLLT_MH8001_F1"/>
<ITEMREF REFNAME="MHLLT_MH8IPD3F1"/>
<ITEMREF REFNAME="MHTERM_MAP_MH8001_F1"/>
<ITEMREF REFNAME="PRCAT_IRAD3001_F1"/>
<ITEMREF REFNAME="PRCAT_TRF3001_F1"/>
<ITEMREF REFNAME="PRPRESP_IRAD3001_F1"/>
<ITEMREF REFNAME="PRSCAT_IRAD3001_F1"/>
<ITEMREF REFNAME="PRSCAT_TRF3001_F1"/>
<ITEMREF REFNAME="PRTRT_IRAD_IRAD3001_F1"/>
<ITEMREF REFNAME="QSCAT_ECOG1001_F1"/>
<ITEMREF REFNAME="SSCAT_SS1DS1F1"/>
<ITEMREF REFNAME="SSLSTKAD_SS1DS1F1"/>
<ITEMREF REFNAME="SUCAT_ALCOHOL_SU1F1"/>
<ITEMREF REFNAME="SUCAT_TOBACCO_SU3F1"/>
<ITEMREF REFNAME="SUPRESP_SU1F1"/>
<ITEMREF REFNAME="SUPRESP_SU3F1"/>
<ITEMREF REFNAME="SYSTCAT_SYST3F1"/>
<ITEMREF REFNAME="SYSTCAT_SYST3F2"/>
<ITEMREF REFNAME="SYSTCAT_SYST3F3"/>
<ITEMREF REFNAME="SYSTMDLY_SYST3F1"/>
<ITEMREF REFNAME="SYSTMDLY_SYST3F2"/>
<ITEMREF REFNAME="SYSTTRT_MAP_SYST3F1"/>
<ITEMREF REFNAME="SYSTTRT_MAP_SYST3F2"/>
<ITEMREF REFNAME="TERM_TO_CODE_MH8IPD3F1"/>
<ITEMREF REFNAME="TRTTERMCD_CM1F1"/>
<ITEMREF REFNAME="TRTTERMCD_SYST3F1"/>
<ITEMREF REFNAME="TRTTERMCD_SYST3F2"/>
<ITEMREF REFNAME="BRLOC_BR1001_F1"/>
<ITEMREF REFNAME="CMTRT_MAP_CM1F2"/>
<ITEMREF REFNAME="CMSCAT_CM1F2"/>
<ITEMREF REFNAME="CMCLAS_CM1F2"/>
<ITEMREF REFNAME="CMCLASCD_CM1F2"/>
<ITEMREF REFNAME="CMDECOD_CM1F2"/>
<ITEMREF REFNAME="CMTRADNM_CM1F2"/>
<ITEMREF REFNAME="DICT_DICTVER_CM1F2"/>
<ITEMREF REFNAME="DICT_DICTVER_DS1EX1F1"/>
<ITEMREF REFNAME="DICT_DICTVER_EX1C1F4"/>
<ITEMREF REFNAME="DICT_DICTVER_EX1C1F5"/>
<ITEMREF REFNAME="DSCAT_1_DS1EX1F1"/>
<ITEMREF REFNAME="DSCAT_1_DS1EX1LF1"/>
<ITEMREF REFNAME="DSCAT_2_DS2001_C3F3"/>
<ITEMREF REFNAME="DSEVAL_IC_DS2001_C3F3"/>
<ITEMREF REFNAME="DSEVAL_IC_DS2001_F3"/>
<ITEMREF REFNAME="DSCAT_2_DS2001_C2F3"/>
<ITEMREF REFNAME="DSCAT_2_DS2001_F3"/>
<ITEMREF REFNAME="DSEVAL_IC_DS2001_C2F3"/>
<ITEMREF REFNAME="DSSCAT_DS1EX1F1"/>
<ITEMREF REFNAME="DSSCAT_DS1EX1LF1"/>
<ITEMREF REFNAME="DSSCAT_IC_DS2001_C2F3"/>
<ITEMREF REFNAME="DSSCAT_IC_DS2001_C3F3"/>
<ITEMREF REFNAME="DSSCAT_IC_DS2001_F3"/>
<ITEMREF REFNAME="EXCAT_DS1EX1F1"/>
<ITEMREF REFNAME="EXCAT_DS1EX1LF1"/>
<ITEMREF REFNAME="EXCAT_EX1C1F4"/>
<ITEMREF REFNAME="EXCAT_EX1C1F5"/>
<ITEMREF REFNAME="EXCLASCD_DS1EX1F1"/>
<ITEMREF REFNAME="EXCLASCD_EX1C1F4"/>
<ITEMREF REFNAME="EXCLASCD_EX1C1F5"/>
<ITEMREF REFNAME="EXCLAS_DS1EX1F1"/>
<ITEMREF REFNAME="EXCLAS_EX1C1F4"/>
<ITEMREF REFNAME="EXCLAS_EX1C1F5"/>
<ITEMREF REFNAME="EXDECOD_DS1EX1F1"/>
<ITEMREF REFNAME="EXDECOD_EX1C1F4"/>
<ITEMREF REFNAME="EXDECOD_EX1C1F5"/>
<ITEMREF REFNAME="EXTRADNM_DS1EX1F1"/>
<ITEMREF REFNAME="EXTRADNM_EX1C1F4"/>
<ITEMREF REFNAME="EXTRADNM_EX1C1F5"/>
<ITEMREF REFNAME="FACAT_EXCMP1F1"/>
<ITEMREF REFNAME="FACITFELTMU_FACITF_F1"/>
<ITEMREF REFNAME="FACITFELTM_FACITF_F1"/>
<ITEMREF REFNAME="FACITFEVAL_FACITF_F1"/>
<ITEMREF REFNAME="FACTBEVAL_FACTBF1"/>
<ITEMREF REFNAME="FACTESEVAL_FACTES1F1"/>
<ITEMREF REFNAME="FACTMPERF_FAMSFACTM2CTP1"/>
<ITEMREF REFNAME="FACTMRSNTD_FAMSFACTMCTP1"/>
<ITEMREF REFNAME="FACTPASMDAT_FAMSFACTMCTP1"/>
<ITEMREF REFNAME="FACTPPERF_FAMSFACTM2CTP1"/>
<ITEMREF REFNAME="FACTPRSNTD_FAMSFACTMCTP1"/>
<ITEMREF REFNAME="INDCOMP_CM1F2"/>
<ITEMREF REFNAME="MICAT_IHC5001_F1"/>
<ITEMREF REFNAME="MICAT_IHC5001_F2"/>
<ITEMREF REFNAME="MICAT_IHC5001_F3"/>
<ITEMREF REFNAME="MIMETHOD_IHC5001_F1"/>
<ITEMREF REFNAME="MIMETHOD_IHC5001_F2"/>
<ITEMREF REFNAME="MIMETHOD_IHC5001_F3"/>
<ITEMREF REFNAME="MISPEC_IHC5001_F1"/>
<ITEMREF REFNAME="MISPEC_IHC5001_F2"/>
<ITEMREF REFNAME="MISPEC_IHC5001_F3"/>
<ITEMREF REFNAME="MITESTCD_CRF_IHC5001_F2"/>
<ITEMREF REFNAME="MITSTDTL_CRF_IHC5001_F2"/>
<ITEMREF REFNAME="PRCAT_SG1TU7F1"/>
<ITEMREF REFNAME="PRPRESP_PR1001_F1"/>
<ITEMREF REFNAME="PRSCAT_SG1TU7F1"/>
<ITEMREF REFNAME="QSCAT_1_FAMSFACTMFACTP"/>
<ITEMREF REFNAME="QSCAT_2_FAMSFACTMFACTP"/>
<ITEMREF REFNAME="QSCAT_3_FAMSFACTMFACTP"/>
<ITEMREF REFNAME="QSCAT_EQ5D5L2F1"/>
<ITEMREF REFNAME="QSCAT_FACITF_F1"/>
<ITEMREF REFNAME="QSCAT_FACTBF1"/>
<ITEMREF REFNAME="QSCAT_FACTES1F1"/>
<ITEMREF REFNAME="RPCAT_FRS2F1"/>
<ITEMREF REFNAME="RSCAT_DR_RSDR1TUR1F1"/>
<ITEMREF REFNAME="SGINTENT_SG1TU7F1"/>
<ITEMREF REFNAME="TRDAT_SG1TU7F1"/>
<ITEMREF REFNAME="TRDAT_TU7001_F1"/>
<ITEMREF REFNAME="TRLNKID_SG1TU7F1"/>
<ITEMREF REFNAME="TRLNKID_TU7001_F1"/>
<ITEMREF REFNAME="TRMETHOD_SG1TU7F1"/>
<ITEMREF REFNAME="TRSPID_SG1TU7F1"/>
<ITEMREF REFNAME="TRSPID_TU7001_F1"/>
<ITEMREF REFNAME="TRTTERMCD_CM1F2"/>
<ITEMREF REFNAME="TRTTERMCD_DS1EX1F1"/>
<ITEMREF REFNAME="TRTTERMCD_EX1C1F4"/>
<ITEMREF REFNAME="TRTTERMCD_EX1C1F5"/>
<ITEMREF REFNAME="TUDAT_RSDR1TUR1F1"/>
<ITEMREF REFNAME="TULNKID_MEASURABLE_TU7F1"/>
<ITEMREF REFNAME="TUMIDENT_MEASURABLE_TU7F1"/>
<ITEMREF REFNAME="TUMSTATE_MEASURABLE_SGTUF"/>
<ITEMREF REFNAME="TUMSTATE_MEASURABLE_TU7F1"/>
<ITEMREF REFNAME="TUMSTATE_TUR_RSDR1TUR1F1"/>
<ITEMREF REFNAME="TURLNKID_RECURRENCE_RSTUF"/>
<ITEMREF REFNAME="XPCAT_BR1001_F1"/>
<ITEMREF REFNAME="FACTMASMDAT_FAMSFACTMCTP"/>
<ITEMREF REFNAME="EXTRT_MAP_DS1EX1F1"/>
<ITEMREF REFNAME="EXTRT_MAP_EX1C1F4"/>
<ITEMREF REFNAME="EXTRT_MAP_EX1C1F5"/>
<ITEMREF REFNAME="CMCAT_CM1F2"/>
<ITEMREF REFNAME="VISITNUM_SV1C1F1"/>
<ITEMREF REFNAME="UNVISITNUM_SV1C1F1"/>

</ITEMGROUP>

<ITEMGROUP 
GROUPNAME="GPS_eSAE_Hidden"
GROUPDESCRIPTION="Hidden to GPS rights group, hidden to Adjudicator and Central Group, default access to all other rights groups">
 <!-- Insert ItemRef Names -->
<ITEMREF REFNAME="SAEAWADAT_SAE2F1"/>
<ITEMREF REFNAME="SAEFUAWADAT_SAE2F1"/>
<ITEMREF REFNAME="SAEFUASMDAT_SAE2F1"/>
<ITEMREF REFNAME="SAEASMDAT_SAE2F1"/>

</ITEMGROUP>

<ITEMGROUP 
GROUPNAME="nonData_Manager_Hidden"
GROUPDESCRIPTION="Items hidden to all but Data_Manager editable">
 <!-- Insert ItemRef Names -->
<ITEMREF REFNAME="CDQATRIG"/>
<ITEMREF REFNAME="CALRULETRIG"/>
<ITEMREF REFNAME="WFRULETRIG"/>

</ITEMGROUP>

<ITEMGROUP 
GROUPNAME="nonData_Manager_ReadOnly"
GROUPDESCRIPTION="Items are Data_Manager editable, and Read-only for all other groups except Adjudicator and Central Grp.">
 <!-- Insert ItemRef Names -->
<ITEMREF REFNAME="CDQ_CDQA"/>
<ITEMREF REFNAME="VISDATMD_SV1F1"/>
<ITEMREF REFNAME="VISDATMD_SV1C1F1"/>

</ITEMGROUP>

</MEDMLDATA>