<?xml version="1.0"?>
<MEDMLDATA xmlns="PhaseForward-MedML-Inform4">


<USER  USERNAME="c244714"
USERTYPE="SPONSOR"
FIRSTNAME="Reena"
LASTNAME="Ambaliya"
DISPLAYNAME="Reena Ambaliya"
DESCRIPTION="--Check UMT to ensure credentials have already been sent before resetting password--"
COUNTRY="UNITED STATES"
PHONE="13172767164"
ALTPHONE="1"
FAX="1"
EMAIL="ambaliya_reena@network.lilly.com"
ACTIVESTATE="true"
DELETESTATE="false"
UPDATE="true"
PASSWORD="zD9jU2n66WfV38688"
BEEPER="1"
USERDATEFORMAT="DAY_MONTH_YEAR"
HOMESCREENURL="./Portal/default.htm"
USERMUSTRESETPASSWORD="TRUE"
PRODUCTLOCALE="en-US"
STUDYLOCALE="en-US"/>


<USER  USERNAME="u7X4333"
USERTYPE="SPONSOR"
FIRSTNAME="Stephanie"
LASTNAME="Bowman"
DISPLAYNAME="Stephanie Bowman"
DESCRIPTION="--Check UMT to ensure credentials have already been sent before resetting password--"
COUNTRY="UNITED STATES"
PHONE="13176519264"
ALTPHONE="1"
FAX="1"
EMAIL="bowman_stephanie@network.lilly.com"
ACTIVESTATE="true"
DELETESTATE="false"
UPDATE="true"
PASSWORD="jT4Y8koA36C8o9960"
BEEPER="1"
USERDATEFORMAT="DAY_MONTH_YEAR"
HOMESCREENURL="./Portal/default.htm"
USERMUSTRESETPASSWORD="TRUE"
PRODUCTLOCALE="en-US"
STUDYLOCALE="en-US"/>


<USER  USERNAME="rm89018"
USERTYPE="SPONSOR"
FIRSTNAME="Rolanda"
LASTNAME="Brooks"
DISPLAYNAME="Rolanda Brooks"
DESCRIPTION="--Check UMT to ensure credentials have already been sent before resetting password--"
COUNTRY="UNITED STATES"
PHONE="13172767757"
ALTPHONE="1"
FAX="1"
EMAIL="brooks_rolanda_n@lilly.com"
ACTIVESTATE="true"
DELETESTATE="false"
UPDATE="true"
PASSWORD="X5fb60RjH6oX617035"
BEEPER="1"
USERDATEFORMAT="DAY_MONTH_YEAR"
HOMESCREENURL="./Portal/default.htm"
USERMUSTRESETPASSWORD="TRUE"
PRODUCTLOCALE="en-US"
STUDYLOCALE="en-US"/>


<USER  USERNAME="c015393"
USERTYPE="SPONSOR"
FIRSTNAME="Markay"
LASTNAME="Burkhart"
DISPLAYNAME="Markay Burkhart"
DESCRIPTION="--Check UMT to ensure credentials have already been sent before resetting password--"
COUNTRY="UNITED STATES"
PHONE="13176519028"
ALTPHONE="1"
FAX="1"
EMAIL="burkhart_markay_l@lilly.com"
ACTIVESTATE="true"
DELETESTATE="false"
UPDATE="true"
PASSWORD="qN96uQ2eE1p26I507"
BEEPER="1"
USERDATEFORMAT="DAY_MONTH_YEAR"
HOMESCREENURL="./Portal/default.htm"
USERMUSTRESETPASSWORD="TRUE"
PRODUCTLOCALE="en-US"
STUDYLOCALE="en-US"/>


<USER  USERNAME="c243054"
USERTYPE="SPONSOR"
FIRSTNAME="Mahesh"
LASTNAME="CM"
DISPLAYNAME="Mahesh CM"
DESCRIPTION="--Check UMT to ensure credentials have already been sent before resetting password--"
COUNTRY="INDIA"
PHONE="9191 80 46640999"
ALTPHONE="91"
FAX="91"
EMAIL="cm_mahesh@lilly.com"
ACTIVESTATE="true"
DELETESTATE="false"
UPDATE="true"
PASSWORD="Y8kgO2a5YR8q6284"
BEEPER="91"
USERDATEFORMAT="DAY_MONTH_YEAR"
HOMESCREENURL="./Portal/default.htm"
USERMUSTRESETPASSWORD="TRUE"
PRODUCTLOCALE="en-US"
STUDYLOCALE="en-US"/>


<USER  USERNAME="c243030"
USERTYPE="SPONSOR"
FIRSTNAME="Rino"
LASTNAME="Davis"
DISPLAYNAME="Rino Davis"
DESCRIPTION="--Check UMT to ensure credentials have already been sent before resetting password--"
COUNTRY="INDIA"
PHONE="9191804664099 xt6044"
ALTPHONE="91"
FAX="91"
EMAIL="davis_rino@lilly.com"
ACTIVESTATE="true"
DELETESTATE="false"
UPDATE="true"
PASSWORD="zJ10x63MM9vyM721854"
BEEPER="91"
USERDATEFORMAT="DAY_MONTH_YEAR"
HOMESCREENURL="./Portal/default.htm"
USERMUSTRESETPASSWORD="TRUE"
PRODUCTLOCALE="en-US"
STUDYLOCALE="en-US"/>


<USER  USERNAME="c071673"
USERTYPE="SPONSOR"
FIRSTNAME="Vanessa"
LASTNAME="Distel"
DISPLAYNAME="Vanessa Distel"
DESCRIPTION="--Check UMT to ensure credentials have already been sent before resetting password--"
COUNTRY="UNITED STATES"
PHONE="13172763881"
ALTPHONE="1"
FAX="1"
EMAIL="distel_vanessa_m@lilly.com"
ACTIVESTATE="true"
DELETESTATE="false"
UPDATE="true"
PASSWORD="p2IzF26yC93L7g6457"
BEEPER="1"
USERDATEFORMAT="DAY_MONTH_YEAR"
HOMESCREENURL="./Portal/default.htm"
USERMUSTRESETPASSWORD="TRUE"
PRODUCTLOCALE="en-US"
STUDYLOCALE="en-US"/>


<USER  USERNAME="odm_user"
USERTYPE="SPONSOR"
FIRSTNAME="ODM"
LASTNAME="USER"
DISPLAYNAME="odm user"
DESCRIPTION="--Check UMT to ensure credentials have already been sent before resetting password--"
COUNTRY="CHINA"
PHONE="861"
ALTPHONE="86"
FAX="86"
EMAIL="robbins_cliff@lilly.com"
ACTIVESTATE="true"
DELETESTATE="false"
UPDATE="true"
PASSWORD="M0geI8o2Oq26O8712"
BEEPER="86"
USERDATEFORMAT="DAY_MONTH_YEAR"
HOMESCREENURL="./Portal/default.htm"
USERMUSTRESETPASSWORD="TRUE"
PRODUCTLOCALE="en-US"
STUDYLOCALE="en-US"/>


<USER  USERNAME="z2x7521"
USERTYPE="SPONSOR"
FIRSTNAME="Shripad"
LASTNAME="Ingale"
DISPLAYNAME="Shripad Ingale"
DESCRIPTION="--Check UMT to ensure credentials have already been sent before resetting password--"
COUNTRY="INDIA"
PHONE="91912039512723"
ALTPHONE="91"
FAX="91"
EMAIL="shripad.ingale@inventivhealth.com"
ACTIVESTATE="true"
DELETESTATE="false"
UPDATE="true"
PASSWORD="a1QwC7gM25q2X6984"
BEEPER="91"
USERDATEFORMAT="DAY_MONTH_YEAR"
HOMESCREENURL="./Portal/default.htm"
USERMUSTRESETPASSWORD="TRUE"
PRODUCTLOCALE="en-US"
STUDYLOCALE="en-US"/>


<USER  USERNAME="z2x1799"
USERTYPE="SPONSOR"
FIRSTNAME="Mukund"
LASTNAME="Khasnis"
DISPLAYNAME="Mukund Khasnis"
DESCRIPTION="--Check UMT to ensure credentials have already been sent before resetting password--"
COUNTRY="INDIA"
PHONE="91912039512634"
ALTPHONE="91"
FAX="91"
EMAIL="mukund.khasnis@inventivhealth.com"
ACTIVESTATE="true"
DELETESTATE="false"
UPDATE="true"
PASSWORD="a44AtJ0dI49d52J7899"
BEEPER="91"
USERDATEFORMAT="DAY_MONTH_YEAR"
HOMESCREENURL="./Portal/default.htm"
USERMUSTRESETPASSWORD="TRUE"
PRODUCTLOCALE="en-US"
STUDYLOCALE="en-US"/>


<USER  USERNAME="c225929"
USERTYPE="SPONSOR"
FIRSTNAME="Chad"
LASTNAME="Alexander"
DISPLAYNAME="Chad Alexander"
DESCRIPTION="--Check UMT to ensure credentials have already been sent before resetting password--"
COUNTRY="UNITED KINGDOM"
PHONE="44441276484002"
ALTPHONE="44"
FAX="44"
EMAIL="alexander_chad@network.lilly.com"
ACTIVESTATE="true"
DELETESTATE="false"
UPDATE="true"
PASSWORD="v87DuE6cX4T3j1986"
BEEPER="44"
USERDATEFORMAT="DAY_MONTH_YEAR"
HOMESCREENURL="./Portal/default.htm"
USERMUSTRESETPASSWORD="TRUE"
PRODUCTLOCALE="en-US"
STUDYLOCALE="en-US"/>


<USER  USERNAME="c203058"
USERTYPE="SPONSOR"
FIRSTNAME="Marsha"
LASTNAME="Finkhouse"
DISPLAYNAME="Marsha Finkhouse"
DESCRIPTION="--Check UMT to ensure credentials have already been sent before resetting password--"
COUNTRY="UNITED STATES"
PHONE="13176516554"
ALTPHONE="1"
FAX="1"
EMAIL="finkhouse_marsha@network.lilly.com"
ACTIVESTATE="true"
DELETESTATE="false"
UPDATE="true"
PASSWORD="v8Am2EuW47z0V4496"
BEEPER="1"
USERDATEFORMAT="DAY_MONTH_YEAR"
HOMESCREENURL="./Portal/default.htm"
USERMUSTRESETPASSWORD="TRUE"
PRODUCTLOCALE="en-US"
STUDYLOCALE="en-US"/>


<USER  USERNAME="c148827"
USERTYPE="SPONSOR"
FIRSTNAME="Judith"
LASTNAME="Garrison"
DISPLAYNAME="Judith Garrison"
DESCRIPTION="--Check UMT to ensure credentials have already been sent before resetting password--"
COUNTRY="UNITED STATES"
PHONE="13174338313"
ALTPHONE="1"
FAX="1"
EMAIL="garrison_judith_e@lilly.com"
ACTIVESTATE="true"
DELETESTATE="false"
UPDATE="true"
PASSWORD="kS91fF3jK68tG95460"
BEEPER="1"
USERDATEFORMAT="DAY_MONTH_YEAR"
HOMESCREENURL="./Portal/default.htm"
USERMUSTRESETPASSWORD="TRUE"
PRODUCTLOCALE="en-US"
STUDYLOCALE="en-US"/>


<USER  USERNAME="c206591"
USERTYPE="SPONSOR"
FIRSTNAME="Kaltrina"
LASTNAME="Haziri"
DISPLAYNAME="Kaltrina Haziri"
DESCRIPTION="--Check UMT to ensure credentials have already been sent before resetting password--"
COUNTRY="UNITED KINGDOM"
PHONE="44441276483110"
ALTPHONE="44"
FAX="44"
EMAIL="haziri_kaltrina@network.lilly.com"
ACTIVESTATE="true"
DELETESTATE="false"
UPDATE="true"
PASSWORD="a85BV2abF98b79B4634"
BEEPER="44"
USERDATEFORMAT="DAY_MONTH_YEAR"
HOMESCREENURL="./Portal/default.htm"
USERMUSTRESETPASSWORD="TRUE"
PRODUCTLOCALE="en-US"
STUDYLOCALE="en-US"/>


<USER  USERNAME="c039853"
USERTYPE="SPONSOR"
FIRSTNAME="Teresa"
LASTNAME="Hogan"
DISPLAYNAME="Teresa Hogan"
DESCRIPTION="--Check UMT to ensure credentials have already been sent before resetting password--"
COUNTRY="UNITED STATES"
PHONE="13176552174"
ALTPHONE="1"
FAX="1"
EMAIL="hogan_teresa_l@lilly.com"
ACTIVESTATE="true"
DELETESTATE="false"
UPDATE="true"
PASSWORD="lL77uW14uI1z6E1450"
BEEPER="1"
USERDATEFORMAT="DAY_MONTH_YEAR"
HOMESCREENURL="./Portal/default.htm"
USERMUSTRESETPASSWORD="TRUE"
PRODUCTLOCALE="en-US"
STUDYLOCALE="en-US"/>


<USER  USERNAME="c243032"
USERTYPE="SPONSOR"
FIRSTNAME="Pavithra"
LASTNAME="K"
DISPLAYNAME="Pavithra K"
DESCRIPTION="--Check UMT to ensure credentials have already been sent before resetting password--"
COUNTRY="INDIA"
PHONE="9191 9986430046"
ALTPHONE="91"
FAX="91"
EMAIL="k_pavithra@lilly.com"
ACTIVESTATE="true"
DELETESTATE="false"
UPDATE="true"
PASSWORD="fU7tV2jV65xA763610"
BEEPER="91"
USERDATEFORMAT="DAY_MONTH_YEAR"
HOMESCREENURL="./Portal/default.htm"
USERMUSTRESETPASSWORD="TRUE"
PRODUCTLOCALE="en-US"
STUDYLOCALE="en-US"/>


<USER  USERNAME="c243049"
USERTYPE="SPONSOR"
FIRSTNAME="Srikant"
LASTNAME="Kotennavar"
DISPLAYNAME="Srikant Kotennavar"
DESCRIPTION="--Check UMT to ensure credentials have already been sent before resetting password--"
COUNTRY="INDIA"
PHONE="9191 80 46640999"
ALTPHONE="91"
FAX="91"
EMAIL="kotennavar_srikanth@lilly.com"
ACTIVESTATE="true"
DELETESTATE="false"
UPDATE="true"
PASSWORD="Z5wp68Zs2WS2u685"
BEEPER="91"
USERDATEFORMAT="DAY_MONTH_YEAR"
HOMESCREENURL="./Portal/default.htm"
USERMUSTRESETPASSWORD="TRUE"
PRODUCTLOCALE="en-US"
STUDYLOCALE="en-US"/>


<USER  USERNAME="yex7750"
USERTYPE="SPONSOR"
FIRSTNAME="Fiona"
LASTNAME="Laird"
DISPLAYNAME="Fiona Laird"
DESCRIPTION="--Check UMT to ensure credentials have already been sent before resetting password--"
COUNTRY="UNITED KINGDOM"
PHONE="4444 (0)1276 4 83 092"
ALTPHONE="44"
FAX="44"
EMAIL="laird_fiona@network.lilly.com"
ACTIVESTATE="true"
DELETESTATE="false"
UPDATE="true"
PASSWORD="Y5tpR40yO9T6g7351"
BEEPER="44"
USERDATEFORMAT="DAY_MONTH_YEAR"
HOMESCREENURL="./Portal/default.htm"
USERMUSTRESETPASSWORD="TRUE"
PRODUCTLOCALE="en-US"
STUDYLOCALE="en-US"/>


<USER  USERNAME="c149066"
USERTYPE="SPONSOR"
FIRSTNAME="Yang"
LASTNAME="Liu"
DISPLAYNAME="Yang Liu"
DESCRIPTION="--Check UMT to ensure credentials have already been sent before resetting password--"
COUNTRY="UNITED STATES"
PHONE="13172777362"
ALTPHONE="1"
FAX="1"
EMAIL="liu_yang@lilly.com"
ACTIVESTATE="true"
DELETESTATE="false"
UPDATE="true"
PASSWORD="bD47lN30aV21eT974426"
BEEPER="1"
USERDATEFORMAT="DAY_MONTH_YEAR"
HOMESCREENURL="./Portal/default.htm"
USERMUSTRESETPASSWORD="TRUE"
PRODUCTLOCALE="en-US"
STUDYLOCALE="en-US"/>


<USER  USERNAME="c021984"
USERTYPE="SPONSOR"
FIRSTNAME="Kira"
LASTNAME="Miles"
DISPLAYNAME="Kira Miles"
DESCRIPTION="--Check UMT to ensure credentials have already been sent before resetting password--"
COUNTRY="UNITED STATES"
PHONE="13172772189"
ALTPHONE="1"
FAX="1"
EMAIL="miles_kira_d@lilly.com"
ACTIVESTATE="true"
DELETESTATE="false"
UPDATE="true"
PASSWORD="aD7m48PgH24cE531193"
BEEPER="1"
USERDATEFORMAT="DAY_MONTH_YEAR"
HOMESCREENURL="./Portal/default.htm"
USERMUSTRESETPASSWORD="TRUE"
PRODUCTLOCALE="en-US"
STUDYLOCALE="en-US"/>


<USER  USERNAME="rm35504"
USERTYPE="SPONSOR"
FIRSTNAME="Rebecca"
LASTNAME="Morrow"
DISPLAYNAME="Rebecca Morrow"
DESCRIPTION="--Check UMT to ensure credentials have already been sent before resetting password--"
COUNTRY="UNITED STATES"
PHONE="13174333391"
ALTPHONE="1"
FAX="1"
EMAIL="morrow_rebecca_j@lilly.com"
ACTIVESTATE="true"
DELETESTATE="false"
UPDATE="true"
PASSWORD="U0iiN5wI9xN45452"
BEEPER="1"
USERDATEFORMAT="DAY_MONTH_YEAR"
HOMESCREENURL="./Portal/default.htm"
USERMUSTRESETPASSWORD="TRUE"
PRODUCTLOCALE="en-US"
STUDYLOCALE="en-US"/>


<USER  USERNAME="c131994"
USERTYPE="SPONSOR"
FIRSTNAME="Jane"
LASTNAME="Njoroge"
DISPLAYNAME="Jane Njoroge"
DESCRIPTION="--Check UMT to ensure credentials have already been sent before resetting password--"
COUNTRY="UNITED STATES"
PHONE="13172768638"
ALTPHONE="1"
FAX="1"
EMAIL="njoroge_jane_n@lilly.com"
ACTIVESTATE="true"
DELETESTATE="false"
UPDATE="true"
PASSWORD="bI32aG94yL38n4O2835"
BEEPER="1"
USERDATEFORMAT="DAY_MONTH_YEAR"
HOMESCREENURL="./Portal/default.htm"
USERMUSTRESETPASSWORD="TRUE"
PRODUCTLOCALE="en-US"
STUDYLOCALE="en-US"/>


<USER  USERNAME="c026393"
USERTYPE="SPONSOR"
FIRSTNAME="Lee Ann"
LASTNAME="Wininger"
DISPLAYNAME="Lee Ann Wininger"
DESCRIPTION="--Check UMT to ensure credentials have already been sent before resetting password--"
COUNTRY="UNITED STATES"
PHONE="13176513238"
ALTPHONE="1"
FAX="1"
EMAIL="Wininger_Lee_Ann@lilly.com"
ACTIVESTATE="true"
DELETESTATE="false"
UPDATE="true"
PASSWORD="m61YbP25vG5fV22379"
BEEPER="1"
USERDATEFORMAT="DAY_MONTH_YEAR"
HOMESCREENURL="./Portal/default.htm"
USERMUSTRESETPASSWORD="TRUE"
PRODUCTLOCALE="en-US"
STUDYLOCALE="en-US"/>


<USER  USERNAME="c189327"
USERTYPE="SPONSOR"
FIRSTNAME="Faranak"
LASTNAME="Yadollahi"
DISPLAYNAME="Faranak Yadollahi"
DESCRIPTION="--Check UMT to ensure credentials have already been sent before resetting password--"
COUNTRY="UNITED KINGDOM"
PHONE="44447838464690"
ALTPHONE="44"
FAX="44"
EMAIL="yadollahi_faranak@network.lilly.com"
ACTIVESTATE="true"
DELETESTATE="false"
UPDATE="true"
PASSWORD="gX3uT72nX50hJ93034"
BEEPER="44"
USERDATEFORMAT="DAY_MONTH_YEAR"
HOMESCREENURL="./Portal/default.htm"
USERMUSTRESETPASSWORD="TRUE"
PRODUCTLOCALE="en-US"
STUDYLOCALE="en-US"/>


<USER  USERNAME="a608261"
USERTYPE="SPONSOR"
FIRSTNAME="Penny"
LASTNAME="Altman"
DISPLAYNAME="Penny Altman"
DESCRIPTION="--Check UMT to ensure credentials have already been sent before resetting password--"
COUNTRY="UNITED STATES"
PHONE="13176511479"
ALTPHONE="1"
FAX="1"
EMAIL="altman_penny_s@lilly.com"
ACTIVESTATE="true"
DELETESTATE="false"
UPDATE="true"
PASSWORD="Q8wrU7jZ2sS87294"
BEEPER="1"
USERDATEFORMAT="DAY_MONTH_YEAR"
HOMESCREENURL="./Portal/default.htm"
USERMUSTRESETPASSWORD="TRUE"
PRODUCTLOCALE="en-US"
STUDYLOCALE="en-US"/>


<USER  USERNAME="c143125"
USERTYPE="SPONSOR"
FIRSTNAME="Brian"
LASTNAME="Dillman"
DISPLAYNAME="Brian Dillman"
DESCRIPTION="--Check UMT to ensure credentials have already been sent before resetting password--"
COUNTRY="UNITED STATES"
PHONE="13174332638"
ALTPHONE="1"
FAX="1"
EMAIL="dillman_brian@lilly.com"
ACTIVESTATE="true"
DELETESTATE="false"
UPDATE="true"
PASSWORD="m4UqK90zV3nT39490"
BEEPER="1"
USERDATEFORMAT="DAY_MONTH_YEAR"
HOMESCREENURL="./Portal/default.htm"
USERMUSTRESETPASSWORD="TRUE"
PRODUCTLOCALE="en-US"
STUDYLOCALE="en-US"/>


<USER  USERNAME="c228248"
USERTYPE="SPONSOR"
FIRSTNAME="N Ajay"
LASTNAME="Kumar"
DISPLAYNAME="N Ajay Kumar"
DESCRIPTION="--Check UMT to ensure credentials have already been sent before resetting password--"
COUNTRY="INDIA"
PHONE="91918046640999 xt 6210"
ALTPHONE="91"
FAX="91"
EMAIL="kumar_n_ajay@lilly.com"
ACTIVESTATE="true"
DELETESTATE="false"
UPDATE="true"
PASSWORD="C5boM8rS3nH695409"
BEEPER="91"
USERDATEFORMAT="DAY_MONTH_YEAR"
HOMESCREENURL="./Portal/default.htm"
USERMUSTRESETPASSWORD="TRUE"
PRODUCTLOCALE="en-US"
STUDYLOCALE="en-US"/>


<USER  USERNAME="ye73456"
USERTYPE="SPONSOR"
FIRSTNAME="Simon"
LASTNAME="Voss"
DISPLAYNAME="Simon Voss"
DESCRIPTION="--Check UMT to ensure credentials have already been sent before resetting password--"
COUNTRY="UNITED KINGDOM"
PHONE="44441276484789"
ALTPHONE="44"
FAX="44"
EMAIL="voss_simon@lilly.com"
ACTIVESTATE="true"
DELETESTATE="false"
UPDATE="true"
PASSWORD="iS4h5KaS86zS604842"
BEEPER="44"
USERDATEFORMAT="DAY_MONTH_YEAR"
HOMESCREENURL="./Portal/default.htm"
USERMUSTRESETPASSWORD="TRUE"
PRODUCTLOCALE="en-US"
STUDYLOCALE="en-US"/>


<USER  USERNAME="c181983"
USERTYPE="SPONSOR"
FIRSTNAME="Huili"
LASTNAME="Yan"
DISPLAYNAME="Huili Yan"
DESCRIPTION="--Check UMT to ensure credentials have already been sent before resetting password--"
COUNTRY="CHINA"
PHONE="8686 21 23021089"
ALTPHONE="86"
FAX="86"
EMAIL="yan_hui_li@lilly.com"
ACTIVESTATE="true"
DELETESTATE="false"
UPDATE="true"
PASSWORD="w1LaI62y87Nt37J6422"
BEEPER="86"
USERDATEFORMAT="DAY_MONTH_YEAR"
HOMESCREENURL="./Portal/default.htm"
USERMUSTRESETPASSWORD="TRUE"
PRODUCTLOCALE="en-US"
STUDYLOCALE="en-US"/>


<USER  USERNAME="c225384"
USERTYPE="SPONSOR"
FIRSTNAME="Yini"
LASTNAME="Xiao"
DISPLAYNAME="Yini Xiao"
DESCRIPTION="--Check UMT to ensure credentials have already been sent before resetting password--"
COUNTRY="CHINA"
PHONE="8686 21 23021021"
ALTPHONE="86"
FAX="86"
EMAIL="xiao_yi_ni@lilly.com"
ACTIVESTATE="true"
DELETESTATE="false"
UPDATE="true"
PASSWORD="s65Gd2MaE75kN303497"
BEEPER="86"
USERDATEFORMAT="DAY_MONTH_YEAR"
HOMESCREENURL="./Portal/default.htm"
USERMUSTRESETPASSWORD="TRUE"
PRODUCTLOCALE="en-US"
STUDYLOCALE="en-US"/>


<USER  USERNAME="yex7972"
USERTYPE="SPONSOR"
FIRSTNAME="Dipali"
LASTNAME="Patel"
DISPLAYNAME="Dipali Patel"
DESCRIPTION="--Check UMT to ensure credentials have already been sent before resetting password--"
COUNTRY="UNITED KINGDOM"
PHONE="4444 1276 484757"
ALTPHONE="44"
FAX="44"
EMAIL="patel_dipali@lilly.com"
ACTIVESTATE="true"
DELETESTATE="false"
UPDATE="true"
PASSWORD="hQ83f33TlB23sD749193"
BEEPER="44"
USERDATEFORMAT="DAY_MONTH_YEAR"
HOMESCREENURL="./Portal/default.htm"
USERMUSTRESETPASSWORD="TRUE"
PRODUCTLOCALE="en-US"
STUDYLOCALE="en-US"/>


<USER  USERNAME="yex7231"
USERTYPE="SPONSOR"
FIRSTNAME="Sejal"
LASTNAME="Patel"
DISPLAYNAME="Sejal Patel"
DESCRIPTION="--Check UMT to ensure credentials have already been sent before resetting password--"
COUNTRY="UNITED KINGDOM"
PHONE="4444 (0) 1276 483774"
ALTPHONE="44"
FAX="44"
EMAIL="patel_sejal_v@network.lilly.com"
ACTIVESTATE="true"
DELETESTATE="false"
UPDATE="true"
PASSWORD="v3Xz0KhY66jT42058"
BEEPER="44"
USERDATEFORMAT="DAY_MONTH_YEAR"
HOMESCREENURL="./Portal/default.htm"
USERMUSTRESETPASSWORD="TRUE"
PRODUCTLOCALE="en-US"
STUDYLOCALE="en-US"/>


<USER  USERNAME="v6x8356"
USERTYPE="SPONSOR"
FIRSTNAME="Cody"
LASTNAME="Pickens"
DISPLAYNAME="Cody Pickens"
DESCRIPTION="--Check UMT to ensure credentials have already been sent before resetting password--"
COUNTRY="UNITED STATES"
PHONE="13174339037"
ALTPHONE="1"
FAX="1"
EMAIL="pickens_cody_m@lilly.com"
ACTIVESTATE="true"
DELETESTATE="false"
UPDATE="true"
PASSWORD="S7vnX1g27Cj7U3330"
BEEPER="1"
USERDATEFORMAT="DAY_MONTH_YEAR"
HOMESCREENURL="./Portal/default.htm"
USERMUSTRESETPASSWORD="TRUE"
PRODUCTLOCALE="en-US"
STUDYLOCALE="en-US"/>


<USER  USERNAME="c025980"
USERTYPE="SPONSOR"
FIRSTNAME="Tamara"
LASTNAME="Risner"
DISPLAYNAME="Tamara Risner"
DESCRIPTION="--Check UMT to ensure credentials have already been sent before resetting password--"
COUNTRY="UNITED STATES"
PHONE="13174339682"
ALTPHONE="1"
FAX="1"
EMAIL="risner_tamara_k@lilly.com"
ACTIVESTATE="true"
DELETESTATE="false"
UPDATE="true"
PASSWORD="zN66qY96qJ81pA677589"
BEEPER="1"
USERDATEFORMAT="DAY_MONTH_YEAR"
HOMESCREENURL="./Portal/default.htm"
USERMUSTRESETPASSWORD="TRUE"
PRODUCTLOCALE="en-US"
STUDYLOCALE="en-US"/>


<USER  USERNAME="yex7614"
USERTYPE="SPONSOR"
FIRSTNAME="Katherine"
LASTNAME="Rogers"
DISPLAYNAME="Katherine Rogers"
DESCRIPTION="--Check UMT to ensure credentials have already been sent before resetting password--"
COUNTRY="UNITED KINGDOM"
PHONE="447974655230"
ALTPHONE="44"
FAX="44"
EMAIL="rogers_katherine@network.lilly.com"
ACTIVESTATE="true"
DELETESTATE="false"
UPDATE="true"
PASSWORD="y6VI0qL8iI5h4356"
BEEPER="44"
USERDATEFORMAT="DAY_MONTH_YEAR"
HOMESCREENURL="./Portal/default.htm"
USERMUSTRESETPASSWORD="TRUE"
PRODUCTLOCALE="en-US"
STUDYLOCALE="en-US"/>


<USER  USERNAME="c239605"
USERTYPE="SPONSOR"
FIRSTNAME="Richard"
LASTNAME="Rowe"
DISPLAYNAME="Richard Rowe"
DESCRIPTION="--Check UMT to ensure credentials have already been sent before resetting password--"
COUNTRY="UNITED STATES"
PHONE="13174336833"
ALTPHONE="1"
FAX="1"
EMAIL="rowe_richard@network.lilly.com"
ACTIVESTATE="true"
DELETESTATE="false"
UPDATE="true"
PASSWORD="nJ13tY30gW60iV108615"
BEEPER="1"
USERDATEFORMAT="DAY_MONTH_YEAR"
HOMESCREENURL="./Portal/default.htm"
USERMUSTRESETPASSWORD="TRUE"
PRODUCTLOCALE="en-US"
STUDYLOCALE="en-US"/>


<USER  USERNAME="C243050"
USERTYPE="SPONSOR"
FIRSTNAME="Chandrika"
LASTNAME="Srinivas"
DISPLAYNAME="Chandrika Srinivas"
DESCRIPTION="--Check UMT to ensure credentials have already been sent before resetting password--"
COUNTRY="INDIA"
PHONE="91918046640999 xt 6054"
ALTPHONE="91"
FAX="91"
EMAIL="sj_chandrika@lilly.com"
ACTIVESTATE="true"
DELETESTATE="false"
UPDATE="true"
PASSWORD="rA85xU2vD81a95W5690"
BEEPER="91"
USERDATEFORMAT="DAY_MONTH_YEAR"
HOMESCREENURL="./Portal/default.htm"
USERMUSTRESETPASSWORD="TRUE"
PRODUCTLOCALE="en-US"
STUDYLOCALE="en-US"/>


<USER  USERNAME="c219898"
USERTYPE="SPONSOR"
FIRSTNAME="Dzhansu"
LASTNAME="Syonmez"
DISPLAYNAME="Dzhansu Syonmez"
DESCRIPTION="--Check UMT to ensure credentials have already been sent before resetting password--"
COUNTRY="UNITED KINGDOM"
PHONE="44441276484849"
ALTPHONE="44"
FAX="44"
EMAIL="syonmez_dzhansu@network.lilly.com"
ACTIVESTATE="true"
DELETESTATE="false"
UPDATE="true"
PASSWORD="v7QO7bc40AiC82765"
BEEPER="44"
USERDATEFORMAT="DAY_MONTH_YEAR"
HOMESCREENURL="./Portal/default.htm"
USERMUSTRESETPASSWORD="TRUE"
PRODUCTLOCALE="en-US"
STUDYLOCALE="en-US"/>


<USER  USERNAME="c225389"
USERTYPE="SPONSOR"
FIRSTNAME="Elvis"
LASTNAME="Twum"
DISPLAYNAME="Elvis Twum"
DESCRIPTION="--Check UMT to ensure credentials have already been sent before resetting password--"
COUNTRY="UNITED KINGDOM"
PHONE="44441276488774"
ALTPHONE="44"
FAX="44"
EMAIL="twum_elvis@network.lilly.com"
ACTIVESTATE="true"
DELETESTATE="false"
UPDATE="true"
PASSWORD="u7Vy60JdW15k6G9431"
BEEPER="44"
USERDATEFORMAT="DAY_MONTH_YEAR"
HOMESCREENURL="./Portal/default.htm"
USERMUSTRESETPASSWORD="TRUE"
PRODUCTLOCALE="en-US"
STUDYLOCALE="en-US"/>


<USER  USERNAME="a701824"
USERTYPE="SPONSOR"
FIRSTNAME="Diego"
LASTNAME="Videira"
DISPLAYNAME="Diego Videira"
DESCRIPTION="--Check UMT to ensure credentials have already been sent before resetting password--"
COUNTRY="BRAZIL"
PHONE="551121446115"
ALTPHONE="55"
FAX="55"
EMAIL="diego.videira@lilly.com"
ACTIVESTATE="true"
DELETESTATE="false"
UPDATE="true"
PASSWORD="U2lQ3mpI82B5g9221"
BEEPER="55"
USERDATEFORMAT="DAY_MONTH_YEAR"
HOMESCREENURL="./Portal/default.htm"
USERMUSTRESETPASSWORD="TRUE"
PRODUCTLOCALE="en-US"
STUDYLOCALE="en-US"/>


<USER  USERNAME="c135748"
USERTYPE="SPONSOR"
FIRSTNAME="Stephanie"
LASTNAME="Horna"
DISPLAYNAME="Stephanie Horna"
DESCRIPTION="--Check UMT to ensure credentials have already been sent before resetting password--"
COUNTRY="UNITED STATES"
PHONE="13172608949"
ALTPHONE="1"
FAX="1"
EMAIL="horna_stephanie_lynne@lilly.com"
ACTIVESTATE="true"
DELETESTATE="false"
UPDATE="true"
PASSWORD="uH7k4BuR10e87M9231"
BEEPER="1"
USERDATEFORMAT="DAY_MONTH_YEAR"
HOMESCREENURL="./Portal/default.htm"
USERMUSTRESETPASSWORD="TRUE"
PRODUCTLOCALE="en-US"
STUDYLOCALE="en-US"/>


<USER  USERNAME="c149470"
USERTYPE="SPONSOR"
FIRSTNAME="Flavio"
LASTNAME="Martins"
DISPLAYNAME="Flavio Martins"
DESCRIPTION="--Check UMT to ensure credentials have already been sent before resetting password--"
COUNTRY="BRAZIL"
PHONE="55551121446123"
ALTPHONE="55"
FAX="55"
EMAIL="junior_flavio_eduardo_martins@lilly.com"
ACTIVESTATE="true"
DELETESTATE="false"
UPDATE="true"
PASSWORD="oQ3C4hoG84A7t5690"
BEEPER="55"
USERDATEFORMAT="DAY_MONTH_YEAR"
HOMESCREENURL="./Portal/default.htm"
USERMUSTRESETPASSWORD="TRUE"
PRODUCTLOCALE="en-US"
STUDYLOCALE="en-US"/>


<USER  USERNAME="LiLin"
USERTYPE="SITE"
FIRSTNAME="Lin"
LASTNAME="Li"
DISPLAYNAME="Lin Li"
DESCRIPTION="--Check UMT to ensure credentials have already been sent before resetting password--"
COUNTRY="CHINA"
PHONE="8618062603851"
ALTPHONE="86"
FAX="86"
EMAIL="li_lin3@wuxiapptec.com"
ACTIVESTATE="true"
DELETESTATE="false"
UPDATE="true"
PASSWORD="mP75v6Fj5Bc8I5923"
BEEPER="86"
USERDATEFORMAT="DAY_MONTH_YEAR"
HOMESCREENURL="./Portal/default.htm"
USERMUSTRESETPASSWORD="TRUE"
PRODUCTLOCALE="en-US"
STUDYLOCALE="en-US"/>


<USER  USERNAME="c206388"
USERTYPE="SPONSOR"
FIRSTNAME="Abbas"
LASTNAME="Adenwala"
DISPLAYNAME="Abbas Adenwala"
DESCRIPTION="--Check UMT to ensure credentials have already been sent before resetting password--"
COUNTRY="UNITED KINGDOM"
PHONE="44441276483012"
ALTPHONE="44"
FAX="44"
EMAIL="adenwala_abbas@network.lilly.com"
ACTIVESTATE="true"
DELETESTATE="false"
UPDATE="true"
PASSWORD="hM49aZ0yD4kQ925269"
BEEPER="44"
USERDATEFORMAT="DAY_MONTH_YEAR"
HOMESCREENURL="./Portal/default.htm"
USERMUSTRESETPASSWORD="TRUE"
PRODUCTLOCALE="en-US"
STUDYLOCALE="en-US"/>


<USER  USERNAME="c083101"
USERTYPE="SPONSOR"
FIRSTNAME="Marcela"
LASTNAME="Almeida"
DISPLAYNAME="Marcela Almeida"
DESCRIPTION="--Check UMT to ensure credentials have already been sent before resetting password--"
COUNTRY="BRAZIL"
PHONE="55551121446037"
ALTPHONE="55"
FAX="55"
EMAIL="sorgemp@lilly.com"
ACTIVESTATE="true"
DELETESTATE="false"
UPDATE="true"
PASSWORD="nT6W9ge4ZrH86849"
BEEPER="55"
USERDATEFORMAT="DAY_MONTH_YEAR"
HOMESCREENURL="./Portal/default.htm"
USERMUSTRESETPASSWORD="TRUE"
PRODUCTLOCALE="en-US"
STUDYLOCALE="en-US"/>


<USER  USERNAME="c079244"
USERTYPE="SPONSOR"
FIRSTNAME="Roseanne"
LASTNAME="Balog"
DISPLAYNAME="Roseanne Balog"
DESCRIPTION="--Check UMT to ensure credentials have already been sent before resetting password--"
COUNTRY="UNITED STATES"
PHONE="13174338936"
ALTPHONE="1"
FAX="1"
EMAIL="balog_rosanne_m@lilly.com"
ACTIVESTATE="true"
DELETESTATE="false"
UPDATE="true"
PASSWORD="J1ivA7d0Ae84L7505"
BEEPER="1"
USERDATEFORMAT="DAY_MONTH_YEAR"
HOMESCREENURL="./Portal/default.htm"
USERMUSTRESETPASSWORD="TRUE"
PRODUCTLOCALE="en-US"
STUDYLOCALE="en-US"/>


<USER  USERNAME="rm90029"
USERTYPE="SPONSOR"
FIRSTNAME="Kathy"
LASTNAME="Britton"
DISPLAYNAME="Kathy Britton"
DESCRIPTION="--Check UMT to ensure credentials have already been sent before resetting password--"
COUNTRY="UNITED STATES"
PHONE="13172773370"
ALTPHONE="1"
FAX="1"
EMAIL="britton_kathy@lilly.com"
ACTIVESTATE="true"
DELETESTATE="false"
UPDATE="true"
PASSWORD="bR27x64YuW16yX969701"
BEEPER="1"
USERDATEFORMAT="DAY_MONTH_YEAR"
HOMESCREENURL="./Portal/default.htm"
USERMUSTRESETPASSWORD="TRUE"
PRODUCTLOCALE="en-US"
STUDYLOCALE="en-US"/>


<USER  USERNAME="c069132"
USERTYPE="SPONSOR"
FIRSTNAME="Trudy"
LASTNAME="Buckley"
DISPLAYNAME="Trudy Buckley"
DESCRIPTION="--Check UMT to ensure credentials have already been sent before resetting password--"
COUNTRY="UNITED STATES"
PHONE="13176551662"
ALTPHONE="1"
FAX="1"
EMAIL="buckley_trudy_jo@lilly.com"
ACTIVESTATE="true"
DELETESTATE="false"
UPDATE="true"
PASSWORD="cR4wQ3zH19zI526468"
BEEPER="1"
USERDATEFORMAT="DAY_MONTH_YEAR"
HOMESCREENURL="./Portal/default.htm"
USERMUSTRESETPASSWORD="TRUE"
PRODUCTLOCALE="en-US"
STUDYLOCALE="en-US"/>


<USER  USERNAME="c249923"
USERTYPE="SPONSOR"
FIRSTNAME="William"
LASTNAME="Byrd"
DISPLAYNAME="William Byrd"
DESCRIPTION="--Check UMT to ensure credentials have already been sent before resetting password--"
COUNTRY="UNITED STATES"
PHONE="13174332041"
ALTPHONE="1"
FAX="1"
EMAIL="byrd_william@network.lilly.com"
ACTIVESTATE="true"
DELETESTATE="false"
UPDATE="true"
PASSWORD="qP83cM78hJ24uM32654"
BEEPER="1"
USERDATEFORMAT="DAY_MONTH_YEAR"
HOMESCREENURL="./Portal/default.htm"
USERMUSTRESETPASSWORD="TRUE"
PRODUCTLOCALE="en-US"
STUDYLOCALE="en-US"/>


<USER  USERNAME="c057362"
USERTYPE="SPONSOR"
FIRSTNAME="Katrina"
LASTNAME="Cathelyn-Irwin"
DISPLAYNAME="Katrina Cathelyn-Irwin"
DESCRIPTION="--Check UMT to ensure credentials have already been sent before resetting password--"
COUNTRY="UNITED STATES"
PHONE="13172769376"
ALTPHONE="1"
FAX="1"
EMAIL="cathelyn-irwin_katrina_j@lilly.com"
ACTIVESTATE="true"
DELETESTATE="false"
UPDATE="true"
PASSWORD="sH8B6pzG4iD54828"
BEEPER="1"
USERDATEFORMAT="DAY_MONTH_YEAR"
HOMESCREENURL="./Portal/default.htm"
USERMUSTRESETPASSWORD="TRUE"
PRODUCTLOCALE="en-US"
STUDYLOCALE="en-US"/>


<USER  USERNAME="c247616"
USERTYPE="SPONSOR"
FIRSTNAME="Melissa"
LASTNAME="DeRosa"
DISPLAYNAME="Melissa DeRosa"
DESCRIPTION="--Check UMT to ensure credentials have already been sent before resetting password--"
COUNTRY="UNITED STATES"
PHONE="13174333119"
ALTPHONE="1"
FAX="1"
EMAIL="derosa_melissa_marie@lilly.com"
ACTIVESTATE="true"
DELETESTATE="false"
UPDATE="true"
PASSWORD="bT18i3EgT16qC44618"
BEEPER="1"
USERDATEFORMAT="DAY_MONTH_YEAR"
HOMESCREENURL="./Portal/default.htm"
USERMUSTRESETPASSWORD="TRUE"
PRODUCTLOCALE="en-US"
STUDYLOCALE="en-US"/>


<USER  USERNAME="a015765"
USERTYPE="SPONSOR"
FIRSTNAME="Lori"
LASTNAME="Dressman"
DISPLAYNAME="Lori Dressman"
DESCRIPTION="--Check UMT to ensure credentials have already been sent before resetting password--"
COUNTRY="UNITED STATES"
PHONE="13174333060"
ALTPHONE="1"
FAX="1"
EMAIL="dressman_lori_eichelberger@lilly.com"
ACTIVESTATE="true"
DELETESTATE="false"
UPDATE="true"
PASSWORD="rJ7eF8hC6q3T5890"
BEEPER="1"
USERDATEFORMAT="DAY_MONTH_YEAR"
HOMESCREENURL="./Portal/default.htm"
USERMUSTRESETPASSWORD="TRUE"
PRODUCTLOCALE="en-US"
STUDYLOCALE="en-US"/>


<USER  USERNAME="c202987"
USERTYPE="SPONSOR"
FIRSTNAME="Alessio"
LASTNAME="Eramo"
DISPLAYNAME="Alessio Eramo"
DESCRIPTION="--Check UMT to ensure credentials have already been sent before resetting password--"
COUNTRY="UNITED KINGDOM"
PHONE="44441276483107"
ALTPHONE="44"
FAX="44"
EMAIL="eramo_alessio@network.lilly.com"
ACTIVESTATE="true"
DELETESTATE="false"
UPDATE="true"
PASSWORD="sE6sI5dF49aE274447"
BEEPER="44"
USERDATEFORMAT="DAY_MONTH_YEAR"
HOMESCREENURL="./Portal/default.htm"
USERMUSTRESETPASSWORD="TRUE"
PRODUCTLOCALE="en-US"
STUDYLOCALE="en-US"/>


<USER  USERNAME="c257195"
USERTYPE="SPONSOR"
FIRSTNAME="Srihari"
LASTNAME="J"
DISPLAYNAME="Srihari J"
DESCRIPTION="--Check UMT to ensure credentials have already been sent before resetting password--"
COUNTRY="INDIA"
PHONE="9191 80 46640999"
ALTPHONE="91"
FAX="91"
EMAIL="j_srihari@lilly.com"
ACTIVESTATE="true"
DELETESTATE="false"
UPDATE="true"
PASSWORD="l8HgD92v26SxD908893"
BEEPER="91"
USERDATEFORMAT="DAY_MONTH_YEAR"
HOMESCREENURL="./Portal/default.htm"
USERMUSTRESETPASSWORD="TRUE"
PRODUCTLOCALE="en-US"
STUDYLOCALE="en-US"/>


<USER  USERNAME="c074090"
USERTYPE="SPONSOR"
FIRSTNAME="Dorothy"
LASTNAME="Jackson"
DISPLAYNAME="Dorothy Jackson"
DESCRIPTION="--Check UMT to ensure credentials have already been sent before resetting password--"
COUNTRY="UNITED STATES"
PHONE="13172773392"
ALTPHONE="1"
FAX="1"
EMAIL="jackson_dorothy@lilly.com"
ACTIVESTATE="true"
DELETESTATE="false"
UPDATE="true"
PASSWORD="W4ebZ9cO95tH785968"
BEEPER="1"
USERDATEFORMAT="DAY_MONTH_YEAR"
HOMESCREENURL="./Portal/default.htm"
USERMUSTRESETPASSWORD="TRUE"
PRODUCTLOCALE="en-US"
STUDYLOCALE="en-US"/>


<USER  USERNAME="c068505"
USERTYPE="SPONSOR"
FIRSTNAME="Sherri"
LASTNAME="Kinnee"
DISPLAYNAME="Sherri Kinnee"
DESCRIPTION="--Check UMT to ensure credentials have already been sent before resetting password--"
COUNTRY="UNITED STATES"
PHONE="13176517706"
ALTPHONE="1"
FAX="1"
EMAIL="kinnee_sherri_d@lilly.com"
ACTIVESTATE="true"
DELETESTATE="false"
UPDATE="true"
PASSWORD="bS55gT33e65KeD103351"
BEEPER="1"
USERDATEFORMAT="DAY_MONTH_YEAR"
HOMESCREENURL="./Portal/default.htm"
USERMUSTRESETPASSWORD="TRUE"
PRODUCTLOCALE="en-US"
STUDYLOCALE="en-US"/>


<USER  USERNAME="c257199"
USERTYPE="SPONSOR"
FIRSTNAME="Thota"
LASTNAME="Kumar"
DISPLAYNAME="Thota Kumar"
DESCRIPTION="--Check UMT to ensure credentials have already been sent before resetting password--"
COUNTRY="INDIA"
PHONE="9191 80 46640999"
ALTPHONE="91"
FAX="91"
EMAIL="santhosh_kumar_thota@lilly.com"
ACTIVESTATE="true"
DELETESTATE="false"
UPDATE="true"
PASSWORD="fF4o64TU6qyE37919"
BEEPER="91"
USERDATEFORMAT="DAY_MONTH_YEAR"
HOMESCREENURL="./Portal/default.htm"
USERMUSTRESETPASSWORD="TRUE"
PRODUCTLOCALE="en-US"
STUDYLOCALE="en-US"/>


<USER  USERNAME="c085302"
USERTYPE="SPONSOR"
FIRSTNAME="Molly"
LASTNAME="Lickliter"
DISPLAYNAME="Molly Lickliter"
DESCRIPTION="--Check UMT to ensure credentials have already been sent before resetting password--"
COUNTRY="UNITED STATES"
PHONE="13172778871"
ALTPHONE="1"
FAX="1"
EMAIL="lickliter_molly_elizabeth@lilly.com"
ACTIVESTATE="true"
DELETESTATE="false"
UPDATE="true"
PASSWORD="F1gH5ca21WmK87400"
BEEPER="1"
USERDATEFORMAT="DAY_MONTH_YEAR"
HOMESCREENURL="./Portal/default.htm"
USERMUSTRESETPASSWORD="TRUE"
PRODUCTLOCALE="en-US"
STUDYLOCALE="en-US"/>


<USER  USERNAME="c074342"
USERTYPE="SPONSOR"
FIRSTNAME="Camila"
LASTNAME="Mariguela"
DISPLAYNAME="Camila Mariguela"
DESCRIPTION="--Check UMT to ensure credentials have already been sent before resetting password--"
COUNTRY="BRAZIL"
PHONE="55551121445027"
ALTPHONE="55"
FAX="55"
EMAIL="mariguela_camilla_somaio@lilly.com"
ACTIVESTATE="true"
DELETESTATE="false"
UPDATE="true"
PASSWORD="aS1C7pG0zb46N3551"
BEEPER="55"
USERDATEFORMAT="DAY_MONTH_YEAR"
HOMESCREENURL="./Portal/default.htm"
USERMUSTRESETPASSWORD="TRUE"
PRODUCTLOCALE="en-US"
STUDYLOCALE="en-US"/>


<USER  USERNAME="c149177"
USERTYPE="SPONSOR"
FIRSTNAME="Rakale"
LASTNAME="Modisette"
DISPLAYNAME="Rakale Modisette"
DESCRIPTION="--Check UMT to ensure credentials have already been sent before resetting password--"
COUNTRY="UNITED STATES"
PHONE="13172777425"
ALTPHONE="1"
FAX="1"
EMAIL="modisette_rakale_n@lilly.com"
ACTIVESTATE="true"
DELETESTATE="false"
UPDATE="true"
PASSWORD="hF91nO8gX47sN758118"
BEEPER="1"
USERDATEFORMAT="DAY_MONTH_YEAR"
HOMESCREENURL="./Portal/default.htm"
USERMUSTRESETPASSWORD="TRUE"
PRODUCTLOCALE="en-US"
STUDYLOCALE="en-US"/>


<USER  USERNAME="c194055"
USERTYPE="SPONSOR"
FIRSTNAME="Tisha"
LASTNAME="Mullins"
DISPLAYNAME="Tisha Mullins"
DESCRIPTION="--Check UMT to ensure credentials have already been sent before resetting password--"
COUNTRY="UNITED STATES"
PHONE="13174337495"
ALTPHONE="1"
FAX="1"
EMAIL="mullins_tisha@network.lilly.com"
ACTIVESTATE="true"
DELETESTATE="false"
UPDATE="true"
PASSWORD="nT76vM3a78JG6c2786"
BEEPER="1"
USERDATEFORMAT="DAY_MONTH_YEAR"
HOMESCREENURL="./Portal/default.htm"
USERMUSTRESETPASSWORD="TRUE"
PRODUCTLOCALE="en-US"
STUDYLOCALE="en-US"/>


<USER  USERNAME="ye91098"
USERTYPE="SPONSOR"
FIRSTNAME="Kennie"
LASTNAME="Ogunnaike"
DISPLAYNAME="Kennie Ogunnaike"
DESCRIPTION="--Check UMT to ensure credentials have already been sent before resetting password--"
COUNTRY="UNITED KINGDOM"
PHONE="444401276483788"
ALTPHONE="44"
FAX="44"
EMAIL="ogunnaike_kennie@lilly.com"
ACTIVESTATE="true"
DELETESTATE="false"
UPDATE="true"
PASSWORD="A6yvG6lL89bU512268"
BEEPER="44"
USERDATEFORMAT="DAY_MONTH_YEAR"
HOMESCREENURL="./Portal/default.htm"
USERMUSTRESETPASSWORD="TRUE"
PRODUCTLOCALE="en-US"
STUDYLOCALE="en-US"/>


<USER  USERNAME="c243048"
USERTYPE="SPONSOR"
FIRSTNAME="Sumitha"
LASTNAME="Pillai"
DISPLAYNAME="Sumitha Pillai"
DESCRIPTION="--Check UMT to ensure credentials have already been sent before resetting password--"
COUNTRY="INDIA"
PHONE="9191 80 46640999"
ALTPHONE="91"
FAX="91"
EMAIL="pillai_sumitha_mohanan@lilly.com"
ACTIVESTATE="true"
DELETESTATE="false"
UPDATE="true"
PASSWORD="hO36mV3bC85iV133071"
BEEPER="91"
USERDATEFORMAT="DAY_MONTH_YEAR"
HOMESCREENURL="./Portal/default.htm"
USERMUSTRESETPASSWORD="TRUE"
PRODUCTLOCALE="en-US"
STUDYLOCALE="en-US"/>


<USER  USERNAME="c039863"
USERTYPE="SPONSOR"
FIRSTNAME="Angela"
LASTNAME="Roepke"
DISPLAYNAME="Angela Roepke"
DESCRIPTION="--Check UMT to ensure credentials have already been sent before resetting password--"
COUNTRY="UNITED STATES"
PHONE="13176516235"
ALTPHONE="1"
FAX="1"
EMAIL="roepke_angela_p@lilly.com"
ACTIVESTATE="true"
DELETESTATE="false"
UPDATE="true"
PASSWORD="rP0jA2qY1aJ894615"
BEEPER="1"
USERDATEFORMAT="DAY_MONTH_YEAR"
HOMESCREENURL="./Portal/default.htm"
USERMUSTRESETPASSWORD="TRUE"
PRODUCTLOCALE="en-US"
STUDYLOCALE="en-US"/>


<USER  USERNAME="c137396"
USERTYPE="SPONSOR"
FIRSTNAME="Ana Paula"
LASTNAME="Rondino"
DISPLAYNAME="Ana Paula Rondino"
DESCRIPTION="--Check UMT to ensure credentials have already been sent before resetting password--"
COUNTRY="BRAZIL"
PHONE="55551121445079"
ALTPHONE="55"
FAX="55"
EMAIL="rondino_ana_paula@lilly.com"
ACTIVESTATE="true"
DELETESTATE="false"
UPDATE="true"
PASSWORD="o1IeS1cL82j3T4405"
BEEPER="55"
USERDATEFORMAT="DAY_MONTH_YEAR"
HOMESCREENURL="./Portal/default.htm"
USERMUSTRESETPASSWORD="TRUE"
PRODUCTLOCALE="en-US"
STUDYLOCALE="en-US"/>


<USER  USERNAME="c244333"
USERTYPE="SPONSOR"
FIRSTNAME="Ronda"
LASTNAME="Smith"
DISPLAYNAME="Ronda Smith"
DESCRIPTION="--Check UMT to ensure credentials have already been sent before resetting password--"
COUNTRY="UNITED STATES"
PHONE="13174334981"
ALTPHONE="1"
FAX="1"
EMAIL="smith_ronda@network.lilly.com"
ACTIVESTATE="true"
DELETESTATE="false"
UPDATE="true"
PASSWORD="uG92gV44bR39j0G8356"
BEEPER="1"
USERDATEFORMAT="DAY_MONTH_YEAR"
HOMESCREENURL="./Portal/default.htm"
USERMUSTRESETPASSWORD="TRUE"
PRODUCTLOCALE="en-US"
STUDYLOCALE="en-US"/>


<USER  USERNAME="C257193"
USERTYPE="SPONSOR"
FIRSTNAME="Asma"
LASTNAME="Syed"
DISPLAYNAME="Asma Syed"
DESCRIPTION="--Check UMT to ensure credentials have already been sent before resetting password--"
COUNTRY="INDIA"
PHONE="9191 80 46640999"
ALTPHONE="91"
FAX="91"
EMAIL="siddiqua_syed_asma@lilly.com"
ACTIVESTATE="true"
DELETESTATE="false"
UPDATE="true"
PASSWORD="H8mbT9iP33kZ533025"
BEEPER="91"
USERDATEFORMAT="DAY_MONTH_YEAR"
HOMESCREENURL="./Portal/default.htm"
USERMUSTRESETPASSWORD="TRUE"
PRODUCTLOCALE="en-US"
STUDYLOCALE="en-US"/>


<USER  USERNAME="c257194"
USERTYPE="SPONSOR"
FIRSTNAME="Kommanuru"
LASTNAME="Teja"
DISPLAYNAME="Kommanuru Teja"
DESCRIPTION="--Check UMT to ensure credentials have already been sent before resetting password--"
COUNTRY="INDIA"
PHONE="9191 80 46640999"
ALTPHONE="91"
FAX="91"
EMAIL="rama_krishna_teja_kommanuru_venkata@lilly.com"
ACTIVESTATE="true"
DELETESTATE="false"
UPDATE="true"
PASSWORD="s43Of59TuW5b12J100"
BEEPER="91"
USERDATEFORMAT="DAY_MONTH_YEAR"
HOMESCREENURL="./Portal/default.htm"
USERMUSTRESETPASSWORD="TRUE"
PRODUCTLOCALE="en-US"
STUDYLOCALE="en-US"/>


<USER  USERNAME="c075541"
USERTYPE="SPONSOR"
FIRSTNAME="Sara"
LASTNAME="Vandermark"
DISPLAYNAME="Sara Vandermark"
DESCRIPTION="--Check UMT to ensure credentials have already been sent before resetting password--"
COUNTRY="UNITED STATES"
PHONE="13176553465"
ALTPHONE="1"
FAX="1"
EMAIL="Vandermark_Sara@lilly.com"
ACTIVESTATE="true"
DELETESTATE="false"
UPDATE="true"
PASSWORD="G8haR6dL4g86M6457"
BEEPER="1"
USERDATEFORMAT="DAY_MONTH_YEAR"
HOMESCREENURL="./Portal/default.htm"
USERMUSTRESETPASSWORD="TRUE"
PRODUCTLOCALE="en-US"
STUDYLOCALE="en-US"/>


<USER  USERNAME="c074429"
USERTYPE="SPONSOR"
FIRSTNAME="Ivanil"
LASTNAME="Viera"
DISPLAYNAME="Ivanil Viera"
DESCRIPTION="--Check UMT to ensure credentials have already been sent before resetting password--"
COUNTRY="BRAZIL"
PHONE="55551121446039"
ALTPHONE="55"
FAX="55"
EMAIL="vieira_ivanil@lilly.com"
ACTIVESTATE="true"
DELETESTATE="false"
UPDATE="true"
PASSWORD="d1CgF4jE6uP48962"
BEEPER="55"
USERDATEFORMAT="DAY_MONTH_YEAR"
HOMESCREENURL="./Portal/default.htm"
USERMUSTRESETPASSWORD="TRUE"
PRODUCTLOCALE="en-US"
STUDYLOCALE="en-US"/>


<USER  USERNAME="a608760"
USERTYPE="SPONSOR"
FIRSTNAME="Sharon"
LASTNAME="Wright"
DISPLAYNAME="Sharon Wright"
DESCRIPTION="--Check UMT to ensure credentials have already been sent before resetting password--"
COUNTRY="UNITED STATES"
PHONE="13174338381"
ALTPHONE="1"
FAX="1"
EMAIL="wright_sharon@lilly.com"
ACTIVESTATE="true"
DELETESTATE="false"
UPDATE="true"
PASSWORD="u51Zn81RvO61eW371195"
BEEPER="1"
USERDATEFORMAT="DAY_MONTH_YEAR"
HOMESCREENURL="./Portal/default.htm"
USERMUSTRESETPASSWORD="TRUE"
PRODUCTLOCALE="en-US"
STUDYLOCALE="en-US"/>


<USER  USERNAME="yex8021"
USERTYPE="SPONSOR"
FIRSTNAME="Mei"
LASTNAME="Zhang"
DISPLAYNAME="Mei Zhang"
DESCRIPTION="--Check UMT to ensure credentials have already been sent before resetting password--"
COUNTRY="UNITED KINGDOM"
PHONE="4444 (0) 1276483967"
ALTPHONE="44"
FAX="44"
EMAIL="zhang_mei2@network.lilly.com"
ACTIVESTATE="true"
DELETESTATE="false"
UPDATE="true"
PASSWORD="f5SF6voO48rF513083"
BEEPER="44"
USERDATEFORMAT="DAY_MONTH_YEAR"
HOMESCREENURL="./Portal/default.htm"
USERMUSTRESETPASSWORD="TRUE"
PRODUCTLOCALE="en-US"
STUDYLOCALE="en-US"/>


<USER  USERNAME="c058698"
USERTYPE="SPONSOR"
FIRSTNAME="Michele"
LASTNAME="Brady"
DISPLAYNAME="Michele Brady"
DESCRIPTION="--Check UMT to ensure credentials have already been sent before resetting password--"
COUNTRY="UNITED STATES"
PHONE="13176512411"
ALTPHONE="1"
FAX="1"
EMAIL="brady_michelle_l@lilly.com"
ACTIVESTATE="true"
DELETESTATE="false"
UPDATE="true"
PASSWORD="e5XjN76uA51tQ969749"
BEEPER="1"
USERDATEFORMAT="DAY_MONTH_YEAR"
HOMESCREENURL="./Portal/default.htm"
USERMUSTRESETPASSWORD="TRUE"
PRODUCTLOCALE="en-US"
STUDYLOCALE="en-US"/>


<USER  USERNAME="yex7920"
USERTYPE="SPONSOR"
FIRSTNAME="Merab"
LASTNAME="Lomia"
DISPLAYNAME="Merab Lomia"
DESCRIPTION="--Check UMT to ensure credentials have already been sent before resetting password--"
COUNTRY="UNITED KINGDOM"
PHONE="44441276483778"
ALTPHONE="44"
FAX="44"
EMAIL="lomia_merab@network.lilly.com"
ACTIVESTATE="true"
DELETESTATE="false"
UPDATE="true"
PASSWORD="r85IN5ghV43kP118355"
BEEPER="44"
USERDATEFORMAT="DAY_MONTH_YEAR"
HOMESCREENURL="./Portal/default.htm"
USERMUSTRESETPASSWORD="TRUE"
PRODUCTLOCALE="en-US"
STUDYLOCALE="en-US"/>


<USER  USERNAME="rm37825"
USERTYPE="SPONSOR"
FIRSTNAME="Coleman"
LASTNAME="Obasaju"
DISPLAYNAME="Coleman Obasaju"
DESCRIPTION="--Check UMT to ensure credentials have already been sent before resetting password--"
COUNTRY="UNITED STATES"
PHONE="13172767934"
ALTPHONE="1"
FAX="1"
EMAIL="obasaju_coleman_k@lilly.com"
ACTIVESTATE="true"
DELETESTATE="false"
UPDATE="true"
PASSWORD="rZ8F4ds95Fs0F8172"
BEEPER="1"
USERDATEFORMAT="DAY_MONTH_YEAR"
HOMESCREENURL="./Portal/default.htm"
USERMUSTRESETPASSWORD="TRUE"
PRODUCTLOCALE="en-US"
STUDYLOCALE="en-US"/>


<USER  USERNAME="a511471"
USERTYPE="SPONSOR"
FIRSTNAME="Janet"
LASTNAME="Roepke"
DISPLAYNAME="Janet Roepke"
DESCRIPTION="--Check UMT to ensure credentials have already been sent before resetting password--"
COUNTRY="UNITED STATES"
PHONE="13172765883"
ALTPHONE="1"
FAX="1"
EMAIL="roepke_janet_elizabeth@lilly.com"
ACTIVESTATE="true"
DELETESTATE="false"
UPDATE="true"
PASSWORD="y4KeY92mC96oQ47381"
BEEPER="1"
USERDATEFORMAT="DAY_MONTH_YEAR"
HOMESCREENURL="./Portal/default.htm"
USERMUSTRESETPASSWORD="TRUE"
PRODUCTLOCALE="en-US"
STUDYLOCALE="en-US"/>


<USER  USERNAME="rm87794"
USERTYPE="SPONSOR"
FIRSTNAME="Vish"
LASTNAME="Watkins"
DISPLAYNAME="Vish Watkins"
DESCRIPTION="--Check UMT to ensure credentials have already been sent before resetting password--"
COUNTRY="UNITED STATES"
PHONE="13172778350"
ALTPHONE="1"
FAX="1"
EMAIL="Watkins_vish_s@lilly.com"
ACTIVESTATE="true"
DELETESTATE="false"
UPDATE="true"
PASSWORD="lA90rX6nL46H6l8653"
BEEPER="1"
USERDATEFORMAT="DAY_MONTH_YEAR"
HOMESCREENURL="./Portal/default.htm"
USERMUSTRESETPASSWORD="TRUE"
PRODUCTLOCALE="en-US"
STUDYLOCALE="en-US"/>


<USER  USERNAME="c199642"
USERTYPE="SPONSOR"
FIRSTNAME="Debashis"
LASTNAME="Bhattacharya"
DISPLAYNAME="Debashis Bhattacharya"
DESCRIPTION="--Check UMT to ensure credentials have already been sent before resetting password--"
COUNTRY="UNITED KINGDOM"
PHONE="44441276483397"
ALTPHONE="44"
FAX="44"
EMAIL="bhattacharya_debashis@network.lilly.com"
ACTIVESTATE="true"
DELETESTATE="false"
UPDATE="true"
PASSWORD="w65Wy2UzF13c62O4804"
BEEPER="44"
USERDATEFORMAT="DAY_MONTH_YEAR"
HOMESCREENURL="./Portal/default.htm"
USERMUSTRESETPASSWORD="TRUE"
PRODUCTLOCALE="en-US"
STUDYLOCALE="en-US"/>


<USER  USERNAME="c196683"
USERTYPE="SPONSOR"
FIRSTNAME="Christina"
LASTNAME="Moore"
DISPLAYNAME="Christina Moore"
DESCRIPTION="--Check UMT to ensure credentials have already been sent before resetting password--"
COUNTRY="BRAZIL"
PHONE="553176550819"
ALTPHONE="55"
FAX="55"
EMAIL="moore_christina@lilly.com"
ACTIVESTATE="true"
DELETESTATE="false"
UPDATE="true"
PASSWORD="pB5F7ku4Vb3R4013"
BEEPER="55"
USERDATEFORMAT="DAY_MONTH_YEAR"
HOMESCREENURL="./Portal/default.htm"
USERMUSTRESETPASSWORD="TRUE"
PRODUCTLOCALE="en-US"
STUDYLOCALE="en-US"/>


<USER  USERNAME="c228249"
USERTYPE="SPONSOR"
FIRSTNAME="Usha"
LASTNAME="Harish"
DISPLAYNAME="Usha Harish"
DESCRIPTION="--Check UMT to ensure credentials have already been sent before resetting password--"
COUNTRY="INDIA"
PHONE="91919448162306"
ALTPHONE="91"
FAX="91"
EMAIL="harish_usha@lilly.com"
ACTIVESTATE="true"
DELETESTATE="false"
UPDATE="true"
PASSWORD="bM75qU76F5inY17075"
BEEPER="91"
USERDATEFORMAT="DAY_MONTH_YEAR"
HOMESCREENURL="./Portal/default.htm"
USERMUSTRESETPASSWORD="TRUE"
PRODUCTLOCALE="en-US"
STUDYLOCALE="en-US"/>


<USER  USERNAME="rm36132"
USERTYPE="SPONSOR"
FIRSTNAME="Jan"
LASTNAME="Myers"
DISPLAYNAME="Jan Myers"
DESCRIPTION="--Check UMT to ensure credentials have already been sent before resetting password--"
COUNTRY="UNITED STATES"
PHONE="13172776603"
ALTPHONE="1"
FAX="1"
EMAIL="myers_jan_e@lilly.com"
ACTIVESTATE="true"
DELETESTATE="false"
UPDATE="true"
PASSWORD="c95Bt2HuF6a5V2752"
BEEPER="1"
USERDATEFORMAT="DAY_MONTH_YEAR"
HOMESCREENURL="./Portal/default.htm"
USERMUSTRESETPASSWORD="TRUE"
PRODUCTLOCALE="en-US"
STUDYLOCALE="en-US"/>


<USER  USERNAME="a803075"
USERTYPE="SPONSOR"
FIRSTNAME="Pranav"
LASTNAME="Pandya"
DISPLAYNAME="Pranav Pandya"
DESCRIPTION="--Check UMT to ensure credentials have already been sent before resetting password--"
COUNTRY="UNITED STATES"
PHONE="13172204360"
ALTPHONE="1"
FAX="1"
EMAIL="pandya_pranav_d@lilly.com"
ACTIVESTATE="true"
DELETESTATE="false"
UPDATE="true"
PASSWORD="aR92uF9A1qmS14925"
BEEPER="1"
USERDATEFORMAT="DAY_MONTH_YEAR"
HOMESCREENURL="./Portal/default.htm"
USERMUSTRESETPASSWORD="TRUE"
PRODUCTLOCALE="en-US"
STUDYLOCALE="en-US"/>


<USER  USERNAME="C228250"
USERTYPE="SPONSOR"
FIRSTNAME="Sachidananda"
LASTNAME="Shetti"
DISPLAYNAME="Sachidananda Shetti"
DESCRIPTION="--Check UMT to ensure credentials have already been sent before resetting password--"
COUNTRY="UNITED KINGDOM"
PHONE="44447826448339 Mobile"
ALTPHONE="44"
FAX="44"
EMAIL="shetti_sachidananda_g@network.lilly.com"
ACTIVESTATE="true"
DELETESTATE="false"
UPDATE="true"
PASSWORD="lU1q13OV9bjG294099"
BEEPER="44"
USERDATEFORMAT="DAY_MONTH_YEAR"
HOMESCREENURL="./Portal/default.htm"
USERMUSTRESETPASSWORD="TRUE"
PRODUCTLOCALE="en-US"
STUDYLOCALE="en-US"/>


<USER  USERNAME="c196248"
USERTYPE="SPONSOR"
FIRSTNAME="Maguy"
LASTNAME="Michi"
DISPLAYNAME="Maguy Michi"
DESCRIPTION="--Check UMT to ensure credentials have already been sent before resetting password--"
COUNTRY="BRAZIL"
PHONE="55551121446861"
ALTPHONE="55"
FAX="55"
EMAIL="m.michi@lilly.com"
ACTIVESTATE="true"
DELETESTATE="false"
UPDATE="true"
PASSWORD="eX8jV74sH26tS128394"
BEEPER="55"
USERDATEFORMAT="DAY_MONTH_YEAR"
HOMESCREENURL="./Portal/default.htm"
USERMUSTRESETPASSWORD="TRUE"
PRODUCTLOCALE="en-US"
STUDYLOCALE="en-US"/>


<USER  USERNAME="c223292"
USERTYPE="SPONSOR"
FIRSTNAME="Romina"
LASTNAME="Pecora"
DISPLAYNAME="Romina Pecora"
DESCRIPTION="--Check UMT to ensure credentials have already been sent before resetting password--"
COUNTRY="BRAZIL"
PHONE="55551121446700"
ALTPHONE="55"
FAX="55"
EMAIL="r.pecora@lilly.com"
ACTIVESTATE="true"
DELETESTATE="false"
UPDATE="true"
PASSWORD="tX20X2vj20PoB54236"
BEEPER="55"
USERDATEFORMAT="DAY_MONTH_YEAR"
HOMESCREENURL="./Portal/default.htm"
USERMUSTRESETPASSWORD="TRUE"
PRODUCTLOCALE="en-US"
STUDYLOCALE="en-US"/>


<USER  USERNAME="c068502"
USERTYPE="SPONSOR"
FIRSTNAME="Jennifer"
LASTNAME="Huston"
DISPLAYNAME="Jennifer Huston"
DESCRIPTION="--Check UMT to ensure credentials have already been sent before resetting password--"
COUNTRY="UNITED STATES"
PHONE="13176511465"
ALTPHONE="1"
FAX="1"
EMAIL="jhuston@lilly.com"
ACTIVESTATE="true"
DELETESTATE="false"
UPDATE="true"
PASSWORD="T2zsV74gB3zK55236"
BEEPER="1"
USERDATEFORMAT="DAY_MONTH_YEAR"
HOMESCREENURL="./Portal/default.htm"
USERMUSTRESETPASSWORD="TRUE"
PRODUCTLOCALE="en-US"
STUDYLOCALE="en-US"/>


<USER  USERNAME="c228246"
USERTYPE="SPONSOR"
FIRSTNAME="Santosh"
LASTNAME="Kugali"
DISPLAYNAME="Santosh Kugali"
DESCRIPTION="--Check UMT to ensure credentials have already been sent before resetting password--"
COUNTRY="INDIA"
PHONE="91919480008379"
ALTPHONE="91"
FAX="91"
EMAIL="kugali_santosh@lilly.com"
ACTIVESTATE="true"
DELETESTATE="false"
UPDATE="true"
PASSWORD="e32WjO1wX0q75N6236"
BEEPER="91"
USERDATEFORMAT="DAY_MONTH_YEAR"
HOMESCREENURL="./Portal/default.htm"
USERMUSTRESETPASSWORD="TRUE"
PRODUCTLOCALE="en-US"
STUDYLOCALE="en-US"/>


<USER  USERNAME="c228247"
USERTYPE="SPONSOR"
FIRSTNAME="Devadrita"
LASTNAME="Basu"
DISPLAYNAME="Devadrita Basu"
DESCRIPTION="--Check UMT to ensure credentials have already been sent before resetting password--"
COUNTRY="INDIA"
PHONE="91918046640999"
ALTPHONE="91"
FAX="91"
EMAIL="basu_devadrita@lilly.com"
ACTIVESTATE="true"
DELETESTATE="false"
UPDATE="true"
PASSWORD="iS20hN1fG83xH158075"
BEEPER="91"
USERDATEFORMAT="DAY_MONTH_YEAR"
HOMESCREENURL="./Portal/default.htm"
USERMUSTRESETPASSWORD="TRUE"
PRODUCTLOCALE="en-US"
STUDYLOCALE="en-US"/>


<USER  USERNAME="c100415"
USERTYPE="SPONSOR"
FIRSTNAME="Olimpia"
LASTNAME="Ferreira Ajaujo"
DISPLAYNAME="Olimpia Ferreira Ajaujo"
DESCRIPTION="--Check UMT to ensure credentials have already been sent before resetting password--"
COUNTRY="UNITED STATES"
PHONE="13176518059"
ALTPHONE="1"
FAX="1"
EMAIL="araujool@lilly.com"
ACTIVESTATE="true"
DELETESTATE="false"
UPDATE="true"
PASSWORD="z75Ew31Zl9YK0y6990"
BEEPER="1"
USERDATEFORMAT="DAY_MONTH_YEAR"
HOMESCREENURL="./Portal/default.htm"
USERMUSTRESETPASSWORD="TRUE"
PRODUCTLOCALE="en-US"
STUDYLOCALE="en-US"/>


<USER  USERNAME="c194032"
USERTYPE="SPONSOR"
FIRSTNAME="Li"
LASTNAME="Shen"
DISPLAYNAME="Li Shen"
DESCRIPTION="--Check UMT to ensure credentials have already been sent before resetting password--"
COUNTRY="CHINA"
PHONE="8686 21 23021229"
ALTPHONE="86"
FAX="86"
EMAIL="shen_li2@lilly.com"
ACTIVESTATE="true"
DELETESTATE="false"
UPDATE="true"
PASSWORD="K0ylO17oE7P4x5239"
BEEPER="86"
USERDATEFORMAT="DAY_MONTH_YEAR"
HOMESCREENURL="./Portal/default.htm"
USERMUSTRESETPASSWORD="TRUE"
PRODUCTLOCALE="en-US"
STUDYLOCALE="en-US"/>


<USER  USERNAME="C175084"
USERTYPE="SPONSOR"
FIRSTNAME="Yang"
LASTNAME="Gao"
DISPLAYNAME="Yang Gao"
DESCRIPTION="--Check UMT to ensure credentials have already been sent before resetting password--"
COUNTRY="CHINA"
PHONE="8686 21 23021259"
ALTPHONE="86"
FAX="86"
EMAIL="gao_yang@lilly.com"
ACTIVESTATE="true"
DELETESTATE="false"
UPDATE="true"
PASSWORD="iD3U3tfW6zI585917"
BEEPER="86"
USERDATEFORMAT="DAY_MONTH_YEAR"
HOMESCREENURL="./Portal/default.htm"
USERMUSTRESETPASSWORD="TRUE"
PRODUCTLOCALE="en-US"
STUDYLOCALE="en-US"/>


<USER  USERNAME="c243031"
USERTYPE="SPONSOR"
FIRSTNAME="Balaji"
LASTNAME="PG"
DISPLAYNAME="Balaji PG"
DESCRIPTION="--Check UMT to ensure credentials have already been sent before resetting password--"
COUNTRY="INDIA"
PHONE="91918046640999"
ALTPHONE="91"
FAX="91"
EMAIL="balaji_p.g@lilly.com"
ACTIVESTATE="true"
DELETESTATE="false"
UPDATE="true"
PASSWORD="dA7E4iA3ob20V3791"
BEEPER="91"
USERDATEFORMAT="DAY_MONTH_YEAR"
HOMESCREENURL="./Portal/default.htm"
USERMUSTRESETPASSWORD="TRUE"
PRODUCTLOCALE="en-US"
STUDYLOCALE="en-US"/>


<USER  USERNAME="i4lghabes_RE"
USERTYPE="SPONSOR"
FIRSTNAME="Report"
LASTNAME="Extractor"
DISPLAYNAME="Report Extractor"
DESCRIPTION="--Check UMT to ensure credentials have already been sent before resetting password--"
COUNTRY="UNITED STATES"
PHONE="11"
ALTPHONE="1"
FAX="1"
EMAIL="satish.bantanahal@oracle.com"
ACTIVESTATE="true"
DELETESTATE="false"
UPDATE="true"
PASSWORD="uM1mL33h3Qp3I4145"
BEEPER="1"
USERDATEFORMAT="DAY_MONTH_YEAR"
HOMESCREENURL="./Portal/default.htm"
USERMUSTRESETPASSWORD="TRUE"
PRODUCTLOCALE="en-US"
STUDYLOCALE="en-US"/>


<USER  USERNAME="coder_query"
USERTYPE="SPONSOR"
FIRSTNAME="Coder"
LASTNAME="Query"
DISPLAYNAME="Coder Query"
DESCRIPTION="--Check UMT to ensure credentials have already been sent before resetting password--"
COUNTRY="UNITED STATES"
PHONE="11"
ALTPHONE="1"
FAX="1"
EMAIL="juerling_rosemarie@lilly.com"
ACTIVESTATE="true"
DELETESTATE="false"
UPDATE="true"
PASSWORD="m37XoI47cD5dI623885"
BEEPER="1"
USERDATEFORMAT="DAY_MONTH_YEAR"
HOMESCREENURL="./Portal/default.htm"
USERMUSTRESETPASSWORD="TRUE"
PRODUCTLOCALE="en-US"
STUDYLOCALE="en-US"/>


<USER  USERNAME="C249885"
USERTYPE="SPONSOR"
FIRSTNAME="Subhadra"
LASTNAME="Dronumraju"
DISPLAYNAME="Subhadra Dronumraju"
DESCRIPTION="--Check UMT to ensure credentials have already been sent before resetting password--"
COUNTRY="UNITED STATES"
PHONE="1317-433-1883"
ALTPHONE="1"
FAX="1"
EMAIL="dronumraju_subhadra@network.lilly.com"
ACTIVESTATE="true"
DELETESTATE="false"
UPDATE="true"
PASSWORD="u61WqF45jB17eM75323"
BEEPER="1"
USERDATEFORMAT="DAY_MONTH_YEAR"
HOMESCREENURL="./Portal/default.htm"
USERMUSTRESETPASSWORD="TRUE"
PRODUCTLOCALE="en-US"
STUDYLOCALE="en-US"/>


<USER  USERNAME="u6x6712"
USERTYPE="SPONSOR"
FIRSTNAME="Taneisha"
LASTNAME="Foy"
DISPLAYNAME="Taneisha Foy"
DESCRIPTION="--Check UMT to ensure credentials have already been sent before resetting password--"
COUNTRY="UNITED STATES"
PHONE="13172766416"
ALTPHONE="1"
FAX="1"
EMAIL="foy_taneisha_m@network.lilly.com"
ACTIVESTATE="true"
DELETESTATE="false"
UPDATE="true"
PASSWORD="xR15M4rvF6M1a3313"
BEEPER="1"
USERDATEFORMAT="DAY_MONTH_YEAR"
HOMESCREENURL="./Portal/default.htm"
USERMUSTRESETPASSWORD="TRUE"
PRODUCTLOCALE="en-US"
STUDYLOCALE="en-US"/>


<USER  USERNAME="v6x8058"
USERTYPE="SPONSOR"
FIRSTNAME="Heidi"
LASTNAME="Gertiser"
DISPLAYNAME="Heidi Gertiser"
DESCRIPTION="--Check UMT to ensure credentials have already been sent before resetting password--"
COUNTRY="UNITED STATES"
PHONE="1317-433-9126"
ALTPHONE="1"
FAX="1"
EMAIL="Gertiser_Heidi@lilly.com"
ACTIVESTATE="true"
DELETESTATE="false"
UPDATE="true"
PASSWORD="iU78r1Vc6To5U7608"
BEEPER="1"
USERDATEFORMAT="DAY_MONTH_YEAR"
HOMESCREENURL="./Portal/default.htm"
USERMUSTRESETPASSWORD="TRUE"
PRODUCTLOCALE="en-US"
STUDYLOCALE="en-US"/>


<USER  USERNAME="c090108"
USERTYPE="SPONSOR"
FIRSTNAME="Kraig"
LASTNAME="Hodson"
DISPLAYNAME="Kraig Hodson"
DESCRIPTION="--Check UMT to ensure credentials have already been sent before resetting password--"
COUNTRY="UNITED STATES"
PHONE="13176514674"
ALTPHONE="1"
FAX="1"
EMAIL="Hodson_Kraig_e@lilly.com"
ACTIVESTATE="true"
DELETESTATE="false"
UPDATE="true"
PASSWORD="hU95q0EdA8q0H4375"
BEEPER="1"
USERDATEFORMAT="DAY_MONTH_YEAR"
HOMESCREENURL="./Portal/default.htm"
USERMUSTRESETPASSWORD="TRUE"
PRODUCTLOCALE="en-US"
STUDYLOCALE="en-US"/>


<USER  USERNAME="c227370"
USERTYPE="SPONSOR"
FIRSTNAME="Mooi"
LASTNAME="Phuah"
DISPLAYNAME="Mooi Phuah"
DESCRIPTION="--Check UMT to ensure credentials have already been sent before resetting password--"
COUNTRY="UNITED KINGDOM"
PHONE="44441276483760"
ALTPHONE="44"
FAX="44"
EMAIL="phuah_mooi@network.lilly.com"
ACTIVESTATE="true"
DELETESTATE="false"
UPDATE="true"
PASSWORD="nY94n2XrG81lT56874"
BEEPER="44"
USERDATEFORMAT="DAY_MONTH_YEAR"
HOMESCREENURL="./Portal/default.htm"
USERMUSTRESETPASSWORD="TRUE"
PRODUCTLOCALE="en-US"
STUDYLOCALE="en-US"/>


<USER  USERNAME="ZPFsaguilar"
USERTYPE="SPONSOR"
FIRSTNAME="Sergio"
LASTNAME="Aguilar"
DISPLAYNAME="Sergio Aguilar"
DESCRIPTION="Support Tier I"
TITLE="Mr."
COUNTRY="HUNGARY"
PHONE="36"
ALTPHONE="36"
FAX="36"
EMAIL="sergio.aguilar.aguilar@oracle.com"
ACTIVESTATE="true"
DELETESTATE="false"
UPDATE="true"
PASSWORD="fU73fL7sM89cI971563"
BEEPER="36"
USERDATEFORMAT="DAY_MONTH_YEAR"
HOMESCREENURL="./Portal/default.htm"
USERMUSTRESETPASSWORD="TRUE"
PRODUCTLOCALE="en-US"
STUDYLOCALE="en-US"/>


<USER  USERNAME="ZPFralorico"
USERTYPE="SPONSOR"
FIRSTNAME="Raul Carlos"
LASTNAME="Alorico"
DISPLAYNAME="Raul Carlos Alorico"
DESCRIPTION="Support Tier 1"
COUNTRY="PHILIPPINES"
PHONE="63"
ALTPHONE="63"
FAX="63"
EMAIL="RAUL.CARLOS.ALORICO@ORACLE.COM"
ACTIVESTATE="true"
DELETESTATE="false"
UPDATE="true"
PASSWORD="aL4b4EC4eC1s1871"
BEEPER="63"
USERDATEFORMAT="DAY_MONTH_YEAR"
HOMESCREENURL="./Portal/default.htm"
USERMUSTRESETPASSWORD="TRUE"
PRODUCTLOCALE="en-US"
STUDYLOCALE="en-US"/>


<USER  USERNAME="ZPFvbalint"
USERTYPE="SPONSOR"
FIRSTNAME="Viktor"
LASTNAME="Balint"
DISPLAYNAME="Viktor Balint"
DESCRIPTION="Support Tier I"
POSTCODE="INC000004545158"
COUNTRY="HUNGARY"
PHONE="36"
ALTPHONE="36"
FAX="36"
EMAIL="viktor.balint@oracle.com"
ACTIVESTATE="true"
DELETESTATE="false"
UPDATE="true"
PASSWORD="qQ8cM2Z2vv3I9055"
BEEPER="36"
USERDATEFORMAT="DAY_MONTH_YEAR"
HOMESCREENURL="./Portal/default.htm"
USERMUSTRESETPASSWORD="TRUE"
PRODUCTLOCALE="en-US"
STUDYLOCALE="en-US"/>


<USER  USERNAME="ZPFlbalubar"
USERTYPE="SPONSOR"
FIRSTNAME="Lei-Anne"
LASTNAME="Balubar"
DISPLAYNAME="Lei-Anne Balubar"
DESCRIPTION="Lilly Data Entry"
COUNTRY="PHILIPPINES"
PHONE="63"
ALTPHONE="63"
FAX="63"
EMAIL="lei-anne.balubar@oracle.com"
ACTIVESTATE="true"
DELETESTATE="false"
UPDATE="true"
PASSWORD="w16KgL4nO52aV146956"
BEEPER="63"
USERDATEFORMAT="DAY_MONTH_YEAR"
HOMESCREENURL="./Portal/default.htm"
USERMUSTRESETPASSWORD="TRUE"
PRODUCTLOCALE="en-US"
STUDYLOCALE="en-US"/>


<USER  USERNAME="ZPFkbarkoczi"
USERTYPE="SPONSOR"
FIRSTNAME="Katalin"
LASTNAME="Barkoczi"
DISPLAYNAME="Katalin Barkoczi"
DESCRIPTION="Service Delivery Manager"
COUNTRY="HUNGARY"
PHONE="36"
ALTPHONE="36"
FAX="36"
EMAIL="katalin.b.barkoczi@oracle.com"
ACTIVESTATE="true"
DELETESTATE="false"
UPDATE="true"
PASSWORD="rV11l4WiK70fN57265"
BEEPER="36"
USERDATEFORMAT="DAY_MONTH_YEAR"
HOMESCREENURL="./Portal/default.htm"
USERMUSTRESETPASSWORD="TRUE"
PRODUCTLOCALE="en-US"
STUDYLOCALE="en-US"/>


<USER  USERNAME="ZPFtcabanes"
USERTYPE="SPONSOR"
FIRSTNAME="Teresa"
LASTNAME="Cabanes"
DISPLAYNAME="Teresa Cabanes"
DESCRIPTION="Lilly Data Entry"
COUNTRY="PHILIPPINES"
PHONE="63"
ALTPHONE="63"
FAX="63"
EMAIL="teresa.cabanes@oracle.com"
ACTIVESTATE="true"
DELETESTATE="false"
UPDATE="true"
PASSWORD="sA48kM90dF25w71K4550"
BEEPER="63"
USERDATEFORMAT="MONTH_DAY_YEAR"
HOMESCREENURL="./Portal/default.htm"
USERMUSTRESETPASSWORD="TRUE"
PRODUCTLOCALE="en-US"
STUDYLOCALE="en-US"/>


<USER  USERNAME="ZPFkcco"
USERTYPE="SPONSOR"
FIRSTNAME="Kerwin Carson"
LASTNAME="Co"
DISPLAYNAME="Kerwin Carson Co"
DESCRIPTION="Support Tier I"
COUNTRY="PHILIPPINES"
PHONE="63"
ALTPHONE="63"
FAX="63"
EMAIL="kerwin.carson.co@oracle.com"
ACTIVESTATE="true"
DELETESTATE="false"
UPDATE="true"
PASSWORD="B3ijR0Z0rmY451835"
BEEPER="63"
USERDATEFORMAT="DAY_MONTH_YEAR"
HOMESCREENURL="./Portal/default.htm"
USERMUSTRESETPASSWORD="TRUE"
PRODUCTLOCALE="en-US"
STUDYLOCALE="en-US"/>


<USER  USERNAME="ZPFsdamato"
USERTYPE="SPONSOR"
FIRSTNAME="Silvio"
LASTNAME="Damato"
DISPLAYNAME="Silvio Damato"
DESCRIPTION="Support Internal Trainer"
COUNTRY="UNITED KINGDOM"
PHONE="44"
ALTPHONE="44"
FAX="0001"
EMAIL="silvio.damato@oracle.com"
ACTIVESTATE="true"
DELETESTATE="false"
UPDATE="true"
PASSWORD="m53BsL1V7da4D2451"
BEEPER="44"
USERDATEFORMAT="DAY_MONTH_YEAR"
HOMESCREENURL="./Portal/default.htm"
USERMUSTRESETPASSWORD="TRUE"
PRODUCTLOCALE="en-US"
STUDYLOCALE="en-US"/>


<USER  USERNAME="ZPFidanyi"
USERTYPE="SPONSOR"
FIRSTNAME="Imre"
LASTNAME="Danyi"
DISPLAYNAME="Imre Danyi"
DESCRIPTION="Support Tier I"
TITLE="Mr."
COUNTRY="HUNGARY"
PHONE="36"
ALTPHONE="36"
FAX="36"
EMAIL="imre.danyi@oracle.com"
ACTIVESTATE="true"
DELETESTATE="false"
UPDATE="true"
PASSWORD="dS53rP15n5OrN29635"
BEEPER="36"
USERDATEFORMAT="DAY_MONTH_YEAR"
HOMESCREENURL="./Portal/default.htm"
USERMUSTRESETPASSWORD="TRUE"
PRODUCTLOCALE="en-US"
STUDYLOCALE="en-US"/>


<USER  USERNAME="ZPFedervishaj"
USERTYPE="SPONSOR"
FIRSTNAME="Erald"
LASTNAME="Dervishaj"
DISPLAYNAME="Erald Dervishaj"
DESCRIPTION="Support Tier I"
COUNTRY="HUNGARY"
PHONE="36"
ALTPHONE="36"
FAX="36"
EMAIL="erald.dervishaj@oracle.com"
ACTIVESTATE="true"
DELETESTATE="false"
UPDATE="true"
PASSWORD="b4Cw49Pi3Ty3M9943"
BEEPER="36"
USERDATEFORMAT="DAY_MONTH_YEAR"
HOMESCREENURL="./Portal/default.htm"
USERMUSTRESETPASSWORD="TRUE"
PRODUCTLOCALE="en-US"
STUDYLOCALE="en-US"/>


<USER  USERNAME="ZPFadonio"
USERTYPE="SPONSOR"
FIRSTNAME="Aungie"
LASTNAME="Donio"
DISPLAYNAME="Donio Aungie"
DESCRIPTION="Support Tier 1"
COUNTRY="HUNGARY"
PHONE="36"
ALTPHONE="36"
FAX="36"
EMAIL="aungie.donio@oracle.com"
ACTIVESTATE="true"
DELETESTATE="false"
UPDATE="true"
PASSWORD="oO56vR66d1GkK57229"
BEEPER="36"
USERDATEFORMAT="DAY_MONTH_YEAR"
HOMESCREENURL="./Portal/default.htm"
USERMUSTRESETPASSWORD="TRUE"
PRODUCTLOCALE="en-US"
STUDYLOCALE="en-US"/>


<USER  USERNAME="ZPFrducusin"
USERTYPE="SPONSOR"
FIRSTNAME="Rodulf"
LASTNAME="Ducusin"
DISPLAYNAME="Rodulf Ducusin"
DESCRIPTION="Support Tier I"
COUNTRY="PHILIPPINES"
PHONE="63"
ALTPHONE="63"
FAX="63"
EMAIL="RODULF.DUCUSIN@ORACLE.COM"
ACTIVESTATE="true"
DELETESTATE="false"
UPDATE="true"
PASSWORD="gB74yK2u2Zu91V353"
BEEPER="63"
USERDATEFORMAT="DAY_MONTH_YEAR"
HOMESCREENURL="./Portal/default.htm"
USERMUSTRESETPASSWORD="TRUE"
PRODUCTLOCALE="en-US"
STUDYLOCALE="en-US"/>


<USER  USERNAME="ZPFoely"
USERTYPE="SPONSOR"
FIRSTNAME="Osweld"
LASTNAME="Ely"
DISPLAYNAME="Osweld Ely"
DESCRIPTION="Support Tier I"
COUNTRY="PHILIPPINES"
PHONE="63"
ALTPHONE="63"
FAX="63"
EMAIL="osweld.ely@oracle.com"
ACTIVESTATE="true"
DELETESTATE="false"
UPDATE="true"
PASSWORD="eX8u44TY8rcV27845"
BEEPER="63"
USERDATEFORMAT="DAY_MONTH_YEAR"
HOMESCREENURL="./Portal/default.htm"
USERMUSTRESETPASSWORD="TRUE"
PRODUCTLOCALE="en-US"
STUDYLOCALE="en-US"/>


<USER  USERNAME="ZPFtfabian"
USERTYPE="SPONSOR"
FIRSTNAME="Tamas"
LASTNAME="Fabian"
DISPLAYNAME="Tamas Fabian"
DESCRIPTION="Support Tier I"
COUNTRY="HUNGARY"
PHONE="36"
ALTPHONE="36"
FAX="36"
EMAIL="tamas.x.fabian@oracle.com"
ACTIVESTATE="true"
DELETESTATE="false"
UPDATE="true"
PASSWORD="tC2vP78V6ht1E5130"
BEEPER="36"
USERDATEFORMAT="DAY_MONTH_YEAR"
HOMESCREENURL="./Portal/default.htm"
USERMUSTRESETPASSWORD="TRUE"
PRODUCTLOCALE="en-US"
STUDYLOCALE="en-US"/>


<USER  USERNAME="ZPFhhamada"
USERTYPE="SPONSOR"
FIRSTNAME="Hiroe"
LASTNAME="Hamada"
DISPLAYNAME="Hiroe Hamada"
DESCRIPTION="Support Tier I Japan"
COUNTRY="JAPAN"
PHONE="81"
ALTPHONE="81"
FAX="81"
EMAIL="hiroe.hamada@oracle.com"
ACTIVESTATE="true"
DELETESTATE="false"
UPDATE="true"
PASSWORD="aP4qI3J6hjN588153"
BEEPER="81"
USERDATEFORMAT="YEAR_MONTH_DAY"
HOMESCREENURL="./Portal/default.htm"
USERMUSTRESETPASSWORD="TRUE"
PRODUCTLOCALE="en-US"
STUDYLOCALE="en-US"/>


<USER  USERNAME="ZPFcmolom"
USERTYPE="SPONSOR"
FIRSTNAME="Cedric"
LASTNAME="Molom"
DISPLAYNAME="Cedric Molom"
DESCRIPTION="Lilly Support"
COUNTRY="HUNGARY"
PHONE="36"
ALTPHONE="36"
FAX="36"
EMAIL="cedric.molom@oracle.com"
ACTIVESTATE="true"
DELETESTATE="false"
UPDATE="true"
PASSWORD="S8kr49In4JzS65438"
BEEPER="36"
USERDATEFORMAT="DAY_MONTH_YEAR"
HOMESCREENURL="./Portal/default.htm"
USERMUSTRESETPASSWORD="TRUE"
PRODUCTLOCALE="en-US"
STUDYLOCALE="en-US"/>


<USER  USERNAME="ZPFtishizuka"
USERTYPE="SPONSOR"
FIRSTNAME="Toshiomi"
LASTNAME="Ishizuka"
DISPLAYNAME="Toshiomi Ishizuka"
DESCRIPTION="Support Tier 1"
COUNTRY="PHILIPPINES"
PHONE="63"
ALTPHONE="63"
FAX="63"
EMAIL="toshiomi.ishizuka@oracle.com"
ACTIVESTATE="true"
DELETESTATE="false"
UPDATE="true"
PASSWORD="K0kQ7si2Vj90N2723"
BEEPER="63"
USERDATEFORMAT="DAY_MONTH_YEAR"
HOMESCREENURL="./Portal/default.htm"
USERMUSTRESETPASSWORD="TRUE"
PRODUCTLOCALE="en-US"
STUDYLOCALE="en-US"/>


<USER  USERNAME="ZPFjistenes"
USERTYPE="SPONSOR"
FIRSTNAME="Jozsef"
LASTNAME="Istenes"
DISPLAYNAME="Jozsef Istenes"
DESCRIPTION="Support Tier I"
TITLE="Mr."
COUNTRY="HUNGARY"
PHONE="36"
ALTPHONE="36"
FAX="36"
EMAIL="jozsef.istenes@oracle.com"
ACTIVESTATE="true"
DELETESTATE="false"
UPDATE="true"
PASSWORD="z60VnO90v1BcQ893032"
BEEPER="36"
USERDATEFORMAT="DAY_MONTH_YEAR"
HOMESCREENURL="./Portal/default.htm"
USERMUSTRESETPASSWORD="TRUE"
PRODUCTLOCALE="en-US"
STUDYLOCALE="en-US"/>


<USER  USERNAME="ZPFmiwaki"
USERTYPE="SPONSOR"
FIRSTNAME="Marie"
LASTNAME="Iwaki"
DISPLAYNAME="Marie Iwaki"
DESCRIPTION="Support Tier I Japan"
ADDRESS="Oracle Aoyama Center2-5-8,Kita Aoyama, Minato-ku Tokyo 107 0061 Japan"
ADDRESS2="107 0061"
COUNTRY="JAPAN"
PHONE="81"
ALTPHONE="81"
FAX="81"
EMAIL="marie.iwaki@oracle.com"
ACTIVESTATE="true"
DELETESTATE="false"
UPDATE="true"
PASSWORD="e9AhH5g1TmD326055"
BEEPER="81"
USERDATEFORMAT="YEAR_MONTH_DAY"
HOMESCREENURL="./Portal/default.htm"
USERMUSTRESETPASSWORD="TRUE"
PRODUCTLOCALE="en-US"
STUDYLOCALE="en-US"/>


<USER  USERNAME="ZPFijohl"
USERTYPE="SPONSOR"
FIRSTNAME="Ikinder"
LASTNAME="Johl"
DISPLAYNAME="Ikinder Johl"
DESCRIPTION="Support Tier I"
COUNTRY="UNITED KINGDOM"
PHONE="44"
ALTPHONE="44"
FAX="44"
EMAIL="ikinder.johl.singh@oracle.com"
ACTIVESTATE="true"
DELETESTATE="false"
UPDATE="true"
PASSWORD="pM85jQ5dQ8v6G625"
BEEPER="44"
USERDATEFORMAT="DAY_MONTH_YEAR"
HOMESCREENURL="./Portal/default.htm"
USERMUSTRESETPASSWORD="TRUE"
PRODUCTLOCALE="en-US"
STUDYLOCALE="en-US"/>


<USER  USERNAME="ZPFdkawashima"
USERTYPE="SPONSOR"
FIRSTNAME="Dai"
LASTNAME="Kawashima"
DISPLAYNAME="Dai Kawashima"
DESCRIPTION="Support Tier 1"
COUNTRY="PHILIPPINES"
PHONE="63"
ALTPHONE="63"
FAX="63"
EMAIL="dai.kawashima@oracle.com"
ACTIVESTATE="true"
DELETESTATE="false"
UPDATE="true"
PASSWORD="p0Bd33AxR5F1u3648"
BEEPER="63"
USERDATEFORMAT="DAY_MONTH_YEAR"
HOMESCREENURL="./Portal/default.htm"
USERMUSTRESETPASSWORD="TRUE"
PRODUCTLOCALE="en-US"
STUDYLOCALE="en-US"/>


<USER  USERNAME="ZPFskholti"
USERTYPE="SPONSOR"
FIRSTNAME="Szilvia"
LASTNAME="Kholti"
DISPLAYNAME="Szilvia Kholti"
DESCRIPTION="Support Tier I"
COUNTRY="HUNGARY"
PHONE="361111"
ALTPHONE="36"
FAX="36"
EMAIL="szilvia.kholti@oracle.com"
ACTIVESTATE="true"
DELETESTATE="false"
UPDATE="true"
PASSWORD="e31WfR1nG48hK68117"
BEEPER="36"
USERDATEFORMAT="DAY_MONTH_YEAR"
HOMESCREENURL="./Portal/default.htm"
USERMUSTRESETPASSWORD="TRUE"
PRODUCTLOCALE="en-US"
STUDYLOCALE="en-US"/>


<USER  USERNAME="ZPFekosa"
USERTYPE="SPONSOR"
FIRSTNAME="Eniko"
LASTNAME="Kosa"
DISPLAYNAME="Eniko Kosa"
DESCRIPTION="Lilly Support"
COUNTRY="HUNGARY"
PHONE="36"
ALTPHONE="36"
FAX="36"
EMAIL="eniko.kosa@oracle.com"
ACTIVESTATE="true"
DELETESTATE="false"
UPDATE="true"
PASSWORD="zU17Z5vlI22r90Z1241"
BEEPER="36"
USERDATEFORMAT="MONTH_DAY_YEAR"
HOMESCREENURL="./Portal/default.htm"
USERMUSTRESETPASSWORD="TRUE"
PRODUCTLOCALE="en-US"
STUDYLOCALE="en-US"/>


<USER  USERNAME="ZPFgkrucso"
USERTYPE="SPONSOR"
FIRSTNAME="Gabriella"
LASTNAME="Krucso"
DISPLAYNAME="Gabriella Krucso"
DESCRIPTION="Lilly Support"
COUNTRY="HUNGARY"
PHONE="36"
ALTPHONE="36"
FAX="36"
EMAIL="gabriella.krucso@oracle.com"
ACTIVESTATE="true"
DELETESTATE="false"
UPDATE="true"
PASSWORD="o7Dd5Eg0VfV378734"
BEEPER="36"
USERDATEFORMAT="DAY_MONTH_YEAR"
HOMESCREENURL="./Portal/default.htm"
USERMUSTRESETPASSWORD="TRUE"
PRODUCTLOCALE="en-US"
STUDYLOCALE="en-US"/>


<USER  USERNAME="ZPFmlalangan"
USERTYPE="SPONSOR"
FIRSTNAME="Menard"
LASTNAME="Lalangan"
DISPLAYNAME="Menard Lalangan"
DESCRIPTION="Support Tier I"
COUNTRY="PHILIPPINES"
PHONE="63"
ALTPHONE="63"
FAX="63"
EMAIL="menard.lalangan@oracle.com"
ACTIVESTATE="true"
DELETESTATE="false"
UPDATE="true"
PASSWORD="t4TE4oxU1mN709042"
BEEPER="63"
USERDATEFORMAT="DAY_MONTH_YEAR"
HOMESCREENURL="./Portal/default.htm"
USERMUSTRESETPASSWORD="TRUE"
PRODUCTLOCALE="en-US"
STUDYLOCALE="en-US"/>


<USER  USERNAME="ZPFklim"
USERTYPE="SPONSOR"
FIRSTNAME="Kok Koang"
LASTNAME="Lim"
DISPLAYNAME="Kok Koang Lim"
DESCRIPTION="Support Tier I"
COUNTRY="HUNGARY"
PHONE="36"
ALTPHONE="36"
FAX="36"
EMAIL="kok.koang.lim@oracle.com"
ACTIVESTATE="true"
DELETESTATE="false"
UPDATE="true"
PASSWORD="mS6gR78sJ1f90R3612"
BEEPER="36"
USERDATEFORMAT="DAY_MONTH_YEAR"
HOMESCREENURL="./Portal/default.htm"
USERMUSTRESETPASSWORD="TRUE"
PRODUCTLOCALE="en-US"
STUDYLOCALE="en-US"/>


<USER  USERNAME="ZPFlmate"
USERTYPE="SPONSOR"
FIRSTNAME="Laszlo"
LASTNAME="Mate"
DISPLAYNAME="Laszlo Mate"
DESCRIPTION="Support Tier I"
COUNTRY="HUNGARY"
PHONE="36"
ALTPHONE="36"
FAX="36"
EMAIL="laszlo.mate@oracle.com"
ACTIVESTATE="true"
DELETESTATE="false"
UPDATE="true"
PASSWORD="iE8m5HgK8q5A6635"
BEEPER="36"
USERDATEFORMAT="DAY_MONTH_YEAR"
HOMESCREENURL="./Portal/default.htm"
USERMUSTRESETPASSWORD="TRUE"
PRODUCTLOCALE="en-US"
STUDYLOCALE="en-US"/>


<USER  USERNAME="ZPFpmore"
USERTYPE="SPONSOR"
FIRSTNAME="Petra"
LASTNAME="More"
DISPLAYNAME="Petra More"
COUNTRY="HUNGARY"
PHONE="36"
ALTPHONE="36"
FAX="36"
EMAIL="petra.more@oracle.com"
ACTIVESTATE="true"
DELETESTATE="false"
UPDATE="true"
PASSWORD="hJ2lP4lE29aP13920"
BEEPER="36"
USERDATEFORMAT="DAY_MONTH_YEAR"
HOMESCREENURL="./Portal/default.htm"
USERMUSTRESETPASSWORD="TRUE"
PRODUCTLOCALE="en-US"
STUDYLOCALE="en-US"/>


<USER  USERNAME="ZPFdnagy"
USERTYPE="SPONSOR"
FIRSTNAME="Daniel"
LASTNAME="Nagy"
DISPLAYNAME="Daniel Nagy"
DESCRIPTION="Support Tier I"
COUNTRY="HUNGARY"
PHONE="36"
ALTPHONE="36"
FAX="36"
EMAIL="daniel.nagy@oracle.com"
ACTIVESTATE="true"
DELETESTATE="false"
UPDATE="true"
PASSWORD="nW4I3hqG93jC446943"
BEEPER="36"
USERDATEFORMAT="DAY_MONTH_YEAR"
HOMESCREENURL="./Portal/default.htm"
USERMUSTRESETPASSWORD="TRUE"
PRODUCTLOCALE="en-US"
STUDYLOCALE="en-US"/>


<USER  USERNAME="ZPFanakai"
USERTYPE="SPONSOR"
FIRSTNAME="Akihiro"
LASTNAME="Nakai"
DISPLAYNAME="Akihiro Nakai"
DESCRIPTION="Support Tier 1"
COUNTRY="PHILIPPINES"
PHONE="63"
ALTPHONE="63"
FAX="63"
EMAIL="akihiro.nakai@oracle.com"
ACTIVESTATE="true"
DELETESTATE="false"
UPDATE="true"
PASSWORD="Q3lpQ90fV91y6J1514"
BEEPER="63"
USERDATEFORMAT="DAY_MONTH_YEAR"
HOMESCREENURL="./Portal/default.htm"
USERMUSTRESETPASSWORD="TRUE"
PRODUCTLOCALE="en-US"
STUDYLOCALE="en-US"/>


<USER  USERNAME="ZPFanyiri"
USERTYPE="SPONSOR"
FIRSTNAME="Alexandra"
LASTNAME="Nyiri"
DISPLAYNAME="Alexandra Nyiri"
COUNTRY="HUNGARY"
PHONE="36"
ALTPHONE="36"
FAX="36"
EMAIL="alexandra.nyiri@oracle.com"
ACTIVESTATE="true"
DELETESTATE="false"
UPDATE="true"
PASSWORD="B8vu4LsW65oA754537"
BEEPER="36"
USERDATEFORMAT="DAY_MONTH_YEAR"
HOMESCREENURL="./Portal/default.htm"
USERMUSTRESETPASSWORD="TRUE"
PRODUCTLOCALE="en-US"
STUDYLOCALE="en-US"/>


<USER  USERNAME="ZPFapervaiz"
USERTYPE="SPONSOR"
FIRSTNAME="Afnan"
LASTNAME="Pervaiz"
DISPLAYNAME="Afnan Pervaiz"
DESCRIPTION="Support Tier I"
COUNTRY="UNITED KINGDOM"
PHONE="4410 44 1628 640 700"
ALTPHONE="44"
FAX="44"
EMAIL="afnan.pervaiz@oracle.com"
ACTIVESTATE="true"
DELETESTATE="false"
UPDATE="true"
PASSWORD="n87VtN5xR2P3n1822"
BEEPER="44"
USERDATEFORMAT="DAY_MONTH_YEAR"
HOMESCREENURL="./Portal/default.htm"
USERMUSTRESETPASSWORD="TRUE"
PRODUCTLOCALE="en-US"
STUDYLOCALE="en-US"/>


<USER  USERNAME="ZPFnqi"
USERTYPE="SPONSOR"
FIRSTNAME="Nic"
LASTNAME="Qi"
DISPLAYNAME="Nic Qi"
DESCRIPTION="Support Tier I"
COUNTRY="UNITED KINGDOM"
PHONE="44"
ALTPHONE="44"
FAX="44"
EMAIL="xiaoyu.qi@oracle.com"
ACTIVESTATE="true"
DELETESTATE="false"
UPDATE="true"
PASSWORD="i54Ly5AbM4o89C2130"
BEEPER="44"
USERDATEFORMAT="DAY_MONTH_YEAR"
HOMESCREENURL="./Portal/default.htm"
USERMUSTRESETPASSWORD="TRUE"
PRODUCTLOCALE="en-US"
STUDYLOCALE="en-US"/>


<USER  USERNAME="ZPFnreis"
USERTYPE="SPONSOR"
FIRSTNAME="Nuno Rodrigo"
LASTNAME="Ribeiro Pereira Reis"
DISPLAYNAME="Nuno Rodrigo Ribeiro Pereira Reis"
DESCRIPTION="Support Tier I"
TITLE="Mr."
COUNTRY="HUNGARY"
PHONE="36"
ALTPHONE="36"
FAX="36"
EMAIL="nuno.reis@oracle.com"
ACTIVESTATE="true"
DELETESTATE="false"
UPDATE="true"
PASSWORD="yT86xP1gH9cC179314"
BEEPER="36"
USERDATEFORMAT="DAY_MONTH_YEAR"
HOMESCREENURL="./Portal/default.htm"
USERMUSTRESETPASSWORD="TRUE"
PRODUCTLOCALE="en-US"
STUDYLOCALE="en-US"/>


<USER  USERNAME="ZPFprojas"
USERTYPE="SPONSOR"
FIRSTNAME="Patricio"
LASTNAME="Rojas Vinueza"
DISPLAYNAME="Rojas Vinueza"
DESCRIPTION="Support Tier I"
COUNTRY="UNITED KINGDOM"
PHONE="44"
ALTPHONE="44"
FAX="44"
EMAIL="patricio.rojas@oracle.com"
ACTIVESTATE="true"
DELETESTATE="false"
UPDATE="true"
PASSWORD="dF15w4OvI6hP52438"
BEEPER="44"
USERDATEFORMAT="DAY_MONTH_YEAR"
HOMESCREENURL="./Portal/default.htm"
USERMUSTRESETPASSWORD="TRUE"
PRODUCTLOCALE="en-US"
STUDYLOCALE="en-US"/>


<USER  USERNAME="ZPFasomogyi"
USERTYPE="SPONSOR"
FIRSTNAME="Alexandra"
LASTNAME="Somogyi"
DISPLAYNAME="Alexandra Somogyi"
DESCRIPTION="Support Tier I"
COUNTRY="HUNGARY"
PHONE="36"
ALTPHONE="36"
FAX="36"
EMAIL="alexandra.somogyi@oracle.com"
ACTIVESTATE="true"
DELETESTATE="false"
UPDATE="true"
PASSWORD="t5MxM6pD11jU499622"
BEEPER="36"
USERDATEFORMAT="DAY_MONTH_YEAR"
HOMESCREENURL="./Portal/default.htm"
USERMUSTRESETPASSWORD="TRUE"
PRODUCTLOCALE="en-US"
STUDYLOCALE="en-US"/>


<USER  USERNAME="ZPFtszabo"
USERTYPE="SPONSOR"
FIRSTNAME="Timea"
LASTNAME="Szabo"
DISPLAYNAME="Timea Szabo"
DESCRIPTION="Support Tier I"
TITLE="MISS."
COUNTRY="HUNGARY"
PHONE="36"
ALTPHONE="36"
FAX="36"
EMAIL="timea.szabo@oracle.com"
ACTIVESTATE="true"
DELETESTATE="false"
UPDATE="true"
PASSWORD="qP89y63PkX55zA56907"
BEEPER="36"
USERDATEFORMAT="DAY_MONTH_YEAR"
HOMESCREENURL="./Portal/default.htm"
USERMUSTRESETPASSWORD="TRUE"
PRODUCTLOCALE="en-US"
STUDYLOCALE="en-US"/>


<USER  USERNAME="ZPFstayco"
USERTYPE="SPONSOR"
FIRSTNAME="Sherylou"
LASTNAME="Tayco"
DISPLAYNAME="Sherylou Tayco"
DESCRIPTION="Support Tier I"
COUNTRY="PHILIPPINES"
PHONE="63"
ALTPHONE="63"
FAX="63"
EMAIL="sherylou.tayco@oracle.com"
ACTIVESTATE="true"
DELETESTATE="false"
UPDATE="true"
PASSWORD="vG55tN2sT73t8U7215"
BEEPER="63"
USERDATEFORMAT="DAY_MONTH_YEAR"
HOMESCREENURL="./Portal/default.htm"
USERMUSTRESETPASSWORD="TRUE"
PRODUCTLOCALE="en-US"
STUDYLOCALE="en-US"/>


<USER  USERNAME="ZPFaktoth"
USERTYPE="SPONSOR"
FIRSTNAME="Akos"
LASTNAME="Toth"
DISPLAYNAME="Akos Toth"
DESCRIPTION="Support Tier 1"
COUNTRY="HUNGARY"
PHONE="36"
ALTPHONE="36"
FAX="36"
EMAIL="akos.toth@oracle.com"
ACTIVESTATE="true"
DELETESTATE="false"
UPDATE="true"
PASSWORD="zY2pK8dP0m5E7524"
BEEPER="36"
USERDATEFORMAT="DAY_MONTH_YEAR"
HOMESCREENURL="./Portal/default.htm"
USERMUSTRESETPASSWORD="TRUE"
PRODUCTLOCALE="en-US"
STUDYLOCALE="en-US"/>


<USER  USERNAME="ZPFhtsuchida"
USERTYPE="SPONSOR"
FIRSTNAME="Hidehiro"
LASTNAME="Tsuchida"
DISPLAYNAME="Hidehiro Tsuchida"
DESCRIPTION="Support Tier I Japan"
COUNTRY="JAPAN"
PHONE="81"
ALTPHONE="81"
FAX="81"
EMAIL="hidehiro.tsuchida@oracle.com"
ACTIVESTATE="true"
DELETESTATE="false"
UPDATE="true"
PASSWORD="l2Oq58TbJ5eP24809"
BEEPER="81"
USERDATEFORMAT="YEAR_MONTH_DAY"
HOMESCREENURL="./Portal/default.htm"
USERMUSTRESETPASSWORD="TRUE"
PRODUCTLOCALE="en-US"
STUDYLOCALE="en-US"/>


<USER  USERNAME="ZPFpvallar"
USERTYPE="SPONSOR"
FIRSTNAME="Paulnino"
LASTNAME="Vallar"
DISPLAYNAME="Paulnino Vallar"
DESCRIPTION="Support Tier I"
COUNTRY="PHILIPPINES"
PHONE="63"
ALTPHONE="63"
FAX="63"
EMAIL="paulnino.vallar@ORACLE.COM"
ACTIVESTATE="true"
DELETESTATE="false"
UPDATE="true"
PASSWORD="qU24lM3uF7kH555117"
BEEPER="63"
USERDATEFORMAT="DAY_MONTH_YEAR"
HOMESCREENURL="./Portal/default.htm"
USERMUSTRESETPASSWORD="TRUE"
PRODUCTLOCALE="en-US"
STUDYLOCALE="en-US"/>


<USER  USERNAME="ZPFgyvarga"
USERTYPE="SPONSOR"
FIRSTNAME="Gyorgy"
LASTNAME="Varga"
DISPLAYNAME="Gyorgy Varga"
DESCRIPTION="Support Tier I"
TITLE="Mr."
COUNTRY="HUNGARY"
PHONE="36"
ALTPHONE="36"
FAX="36"
EMAIL="gyorgy.varga@oracle.com"
ACTIVESTATE="true"
DELETESTATE="false"
UPDATE="true"
PASSWORD="vL79gJ9i5UrA95425"
BEEPER="36"
USERDATEFORMAT="DAY_MONTH_YEAR"
HOMESCREENURL="./Portal/default.htm"
USERMUSTRESETPASSWORD="TRUE"
PRODUCTLOCALE="en-US"
STUDYLOCALE="en-US"/>


<USER  USERNAME="ZPFfvarga"
USERTYPE="SPONSOR"
FIRSTNAME="Ferenc"
LASTNAME="Varga"
DISPLAYNAME="Ferenc Varga"
DESCRIPTION="Support Tier I"
COUNTRY="UNITED KINGDOM"
PHONE="44"
ALTPHONE="44"
FAX="44"
EMAIL="ferenc.v.varga@oracle.com"
ACTIVESTATE="true"
DELETESTATE="false"
UPDATE="true"
PASSWORD="fQ2h53Wo83Hr19W2710"
BEEPER="44"
USERDATEFORMAT="DAY_MONTH_YEAR"
HOMESCREENURL="./Portal/default.htm"
USERMUSTRESETPASSWORD="TRUE"
PRODUCTLOCALE="en-US"
STUDYLOCALE="en-US"/>


<USER  USERNAME="ZPFnvergara"
USERTYPE="SPONSOR"
FIRSTNAME="Neil"
LASTNAME="Vergara"
DISPLAYNAME="Neil Vergara"
DESCRIPTION="Lilly Data Entry"
COUNTRY="PHILIPPINES"
PHONE="63"
ALTPHONE="63"
FAX="63"
EMAIL="neil.vergara@oracle.com"
ACTIVESTATE="true"
DELETESTATE="false"
UPDATE="true"
PASSWORD="kV7i8Xt62UaK869894"
BEEPER="63"
USERDATEFORMAT="MONTH_DAY_YEAR"
HOMESCREENURL="./Portal/default.htm"
USERMUSTRESETPASSWORD="TRUE"
PRODUCTLOCALE="en-US"
STUDYLOCALE="en-US"/>


<USER  USERNAME="ZPFaverpeleti"
USERTYPE="SPONSOR"
FIRSTNAME="Andras"
LASTNAME="Verpeleti"
DISPLAYNAME="Andras Verpeleti"
DESCRIPTION="Service Delivery Manager"
COUNTRY="HUNGARY"
PHONE="3614898936"
ALTPHONE="36"
FAX="36"
EMAIL="andras.verpeleti@oracle.com"
ACTIVESTATE="true"
DELETESTATE="false"
UPDATE="true"
PASSWORD="X5lY6xdM0f9F304"
BEEPER="36"
USERDATEFORMAT="DAY_MONTH_YEAR"
HOMESCREENURL="./Portal/default.htm"
USERMUSTRESETPASSWORD="TRUE"
PRODUCTLOCALE="en-US"
STUDYLOCALE="en-US"/>


<USER  USERNAME="ZPFawarsama"
USERTYPE="SPONSOR"
FIRSTNAME="Ahmed"
LASTNAME="Warsama"
DISPLAYNAME="Ahmed Warsama"
DESCRIPTION="Support Tier II"
COUNTRY="UNITED KINGDOM"
PHONE="0"
ALTPHONE="44"
FAX="44"
EMAIL="ahmed.warsama@oracle.com"
ACTIVESTATE="true"
DELETESTATE="false"
UPDATE="true"
PASSWORD="H0wbI97vN8eP63327"
BEEPER="44"
USERDATEFORMAT="DAY_MONTH_YEAR"
HOMESCREENURL="./Portal/default.htm"
USERMUSTRESETPASSWORD="TRUE"
PRODUCTLOCALE="en-US"
STUDYLOCALE="en-US"/>


<USER  USERNAME="ZPFmyuta"
USERTYPE="SPONSOR"
FIRSTNAME="Mayumi"
LASTNAME="Yuta"
DISPLAYNAME="Mayumi Yuta"
DESCRIPTION="Support Tier I Japan"
COUNTRY="JAPAN"
PHONE="81"
ALTPHONE="81"
FAX="81"
EMAIL="mayumi.yuta@oracle.com"
ACTIVESTATE="true"
DELETESTATE="false"
UPDATE="true"
PASSWORD="Z2iA5azH2mU61612"
BEEPER="81"
USERDATEFORMAT="YEAR_MONTH_DAY"
HOMESCREENURL="./Portal/default.htm"
USERMUSTRESETPASSWORD="TRUE"
PRODUCTLOCALE="en-US"
STUDYLOCALE="en-US"/>


<USER  USERNAME="ZPFvzdirko"
USERTYPE="SPONSOR"
FIRSTNAME="Viktor"
LASTNAME="Zdirko"
DISPLAYNAME="Viktor Zdirko"
DESCRIPTION="Support Tier I"
COUNTRY="HUNGARY"
PHONE="36"
ALTPHONE="36"
FAX="36"
EMAIL="viktor.zdirko@oracle.com"
ACTIVESTATE="true"
DELETESTATE="false"
UPDATE="true"
PASSWORD="q33Ga7AuC7wZ67796"
BEEPER="36"
USERDATEFORMAT="DAY_MONTH_YEAR"
HOMESCREENURL="./Portal/default.htm"
USERMUSTRESETPASSWORD="TRUE"
PRODUCTLOCALE="en-US"
STUDYLOCALE="en-US"/>


</MEDMLDATA>