<?xml version="1.0"?>
<MEDMLDATA xmlns="PhaseForward-MedML-Inform4">


<REPORTINGGROUP
GROUPNAME="Ad Hoc Users"
GROUPDESCRIPTION="Users who have access to Ad Hoc Reporting">
<!-- Insert Users -->
<USERREF USERNAME="z2x7521"/>
<USERREF USERNAME="i4lghabes_RE"/>
<USERREF USERNAME="c181983"/>
<USERREF USERNAME="z2x1799"/>
</REPORTINGGROUP>

<QUERYGROUP
GROUPNAME="CDM_CRA Query"
GROUPDESCRIPTION="CDM_CRA Query">
<!-- Insert Users -->
<USERREF USERNAME="autoquery"/>
<USERREF USERNAME="z2x7521"/>
<USERREF USERNAME="c181983"/>
<USERREF USERNAME="z2x1799"/>
</QUERYGROUP>

<QUERYGROUP
GROUPNAME="Coding Query Group"
GROUPDESCRIPTION="Coding Query Group">
<!-- Insert Users -->
<USERREF USERNAME="coder_query"/>
</QUERYGROUP>

<QUERYGROUP
GROUPNAME="GPS_Query"
GROUPDESCRIPTION="GPS_Query">
<!-- Insert Users -->
<USERREF USERNAME="a608760"/>
<USERREF USERNAME="yex8021"/>
<USERREF USERNAME="c058698"/>
<USERREF USERNAME="yex7920"/>
<USERREF USERNAME="rm37825"/>
<USERREF USERNAME="a511471"/>
<USERREF USERNAME="rm87794"/>
<USERREF USERNAME="c199642"/>
<USERREF USERNAME="c196683"/>
<USERREF USERNAME="c228249"/>
<USERREF USERNAME="rm36132"/>
<USERREF USERNAME="a803075"/>
<USERREF USERNAME="C228250"/>
<USERREF USERNAME="c196248"/>
<USERREF USERNAME="c223292"/>
<USERREF USERNAME="c068502"/>
<USERREF USERNAME="c228246"/>
<USERREF USERNAME="c228247"/>
<USERREF USERNAME="c100415"/>
<USERREF USERNAME="c243031"/>
<USERREF USERNAME="C249885"/>
<USERREF USERNAME="u6x6712"/>
<USERREF USERNAME="v6x8058"/>
<USERREF USERNAME="c090108"/>
<USERREF USERNAME="c227370"/>
<USERREF USERNAME="c244714"/>
<USERREF USERNAME="u7X4333"/>
<USERREF USERNAME="rm89018"/>
<USERREF USERNAME="c015393"/>
<USERREF USERNAME="c243054"/>
<USERREF USERNAME="c243030"/>
<USERREF USERNAME="c071673"/>
<USERREF USERNAME="c225929"/>
<USERREF USERNAME="c203058"/>
<USERREF USERNAME="c148827"/>
<USERREF USERNAME="c206591"/>
<USERREF USERNAME="c039853"/>
<USERREF USERNAME="c243032"/>
<USERREF USERNAME="c243049"/>
<USERREF USERNAME="yex7750"/>
<USERREF USERNAME="c149066"/>
<USERREF USERNAME="c021984"/>
<USERREF USERNAME="rm35504"/>
<USERREF USERNAME="c131994"/>
<USERREF USERNAME="c026393"/>
<USERREF USERNAME="c189327"/>
<USERREF USERNAME="a608261"/>
<USERREF USERNAME="c143125"/>
<USERREF USERNAME="c228248"/>
<USERREF USERNAME="ye73456"/>
<USERREF USERNAME="yex7972"/>
<USERREF USERNAME="yex7231"/>
<USERREF USERNAME="v6x8356"/>
<USERREF USERNAME="c025980"/>
<USERREF USERNAME="yex7614"/>
<USERREF USERNAME="c239605"/>
<USERREF USERNAME="C243050"/>
<USERREF USERNAME="c219898"/>
<USERREF USERNAME="c225389"/>
<USERREF USERNAME="a701824"/>
<USERREF USERNAME="c135748"/>
<USERREF USERNAME="c149470"/>
<USERREF USERNAME="c206388"/>
<USERREF USERNAME="c083101"/>
<USERREF USERNAME="c079244"/>
<USERREF USERNAME="rm90029"/>
<USERREF USERNAME="c069132"/>
<USERREF USERNAME="c249923"/>
<USERREF USERNAME="c057362"/>
<USERREF USERNAME="c247616"/>
<USERREF USERNAME="a015765"/>
<USERREF USERNAME="c202987"/>
<USERREF USERNAME="c257195"/>
<USERREF USERNAME="c074090"/>
<USERREF USERNAME="c068505"/>
<USERREF USERNAME="c257199"/>
<USERREF USERNAME="c085302"/>
<USERREF USERNAME="c074342"/>
<USERREF USERNAME="c149177"/>
<USERREF USERNAME="c194055"/>
<USERREF USERNAME="ye91098"/>
<USERREF USERNAME="c243048"/>
<USERREF USERNAME="c039863"/>
<USERREF USERNAME="c137396"/>
<USERREF USERNAME="c244333"/>
<USERREF USERNAME="C257193"/>
<USERREF USERNAME="c257194"/>
<USERREF USERNAME="c075541"/>
<USERREF USERNAME="c074429"/>
</QUERYGROUP>

<REPORTINGGROUP
GROUPNAME="Publishers"
GROUPDESCRIPTION="Users who can create folders and other content within the Public Folder space">
<!-- Insert Users -->
<USERREF USERNAME="z2x7521"/>
<USERREF USERNAME="i4lghabes_RE"/>
<USERREF USERNAME="c181983"/>
<USERREF USERNAME="z2x1799"/>
</REPORTINGGROUP>

<REPORTINGGROUP
GROUPNAME="Report Administrators"
GROUPDESCRIPTION="Users who can administer authorized public content such as setting permissions on folders and reports">
<!-- Insert Users -->
<USERREF USERNAME="z2x7521"/>
<USERREF USERNAME="c181983"/>
<USERREF USERNAME="z2x1799"/>
</REPORTINGGROUP>

<REPORTINGGROUP
GROUPNAME="Site Users"
GROUPDESCRIPTION="Site Users">
<!-- Insert Users -->
<USERREF USERNAME="LiLin"/>
</REPORTINGGROUP>

<REPORTINGGROUP
GROUPNAME="Sponsor Users"
GROUPDESCRIPTION="Sponsor Users">
<!-- Insert Users -->
<USERREF USERNAME="c244714"/>
<USERREF USERNAME="u7X4333"/>
<USERREF USERNAME="rm89018"/>
<USERREF USERNAME="c015393"/>
<USERREF USERNAME="c243054"/>
<USERREF USERNAME="c243030"/>
<USERREF USERNAME="c071673"/>
<USERREF USERNAME="z2x7521"/>
<USERREF USERNAME="z2x1799"/>
<USERREF USERNAME="c225929"/>
<USERREF USERNAME="c203058"/>
<USERREF USERNAME="c148827"/>
<USERREF USERNAME="c206591"/>
<USERREF USERNAME="c039853"/>
<USERREF USERNAME="c243032"/>
<USERREF USERNAME="c243049"/>
<USERREF USERNAME="yex7750"/>
<USERREF USERNAME="c149066"/>
<USERREF USERNAME="c021984"/>
<USERREF USERNAME="rm35504"/>
<USERREF USERNAME="c131994"/>
<USERREF USERNAME="c026393"/>
<USERREF USERNAME="c189327"/>
<USERREF USERNAME="a608261"/>
<USERREF USERNAME="c143125"/>
<USERREF USERNAME="c228248"/>
<USERREF USERNAME="ye73456"/>
<USERREF USERNAME="c181983"/>
<USERREF USERNAME="c225384"/>
<USERREF USERNAME="yex7972"/>
<USERREF USERNAME="yex7231"/>
<USERREF USERNAME="v6x8356"/>
<USERREF USERNAME="c025980"/>
<USERREF USERNAME="yex7614"/>
<USERREF USERNAME="c239605"/>
<USERREF USERNAME="C243050"/>
<USERREF USERNAME="c219898"/>
<USERREF USERNAME="c225389"/>
<USERREF USERNAME="a701824"/>
<USERREF USERNAME="c135748"/>
<USERREF USERNAME="c149470"/>
<USERREF USERNAME="c206388"/>
<USERREF USERNAME="c083101"/>
<USERREF USERNAME="c079244"/>
<USERREF USERNAME="rm90029"/>
<USERREF USERNAME="c069132"/>
<USERREF USERNAME="c249923"/>
<USERREF USERNAME="c057362"/>
<USERREF USERNAME="c247616"/>
<USERREF USERNAME="a015765"/>
<USERREF USERNAME="c202987"/>
<USERREF USERNAME="c257195"/>
<USERREF USERNAME="c074090"/>
<USERREF USERNAME="c068505"/>
<USERREF USERNAME="c257199"/>
<USERREF USERNAME="c085302"/>
<USERREF USERNAME="c074342"/>
<USERREF USERNAME="c149177"/>
<USERREF USERNAME="c194055"/>
<USERREF USERNAME="ye91098"/>
<USERREF USERNAME="c243048"/>
<USERREF USERNAME="c039863"/>
<USERREF USERNAME="c137396"/>
<USERREF USERNAME="c244333"/>
<USERREF USERNAME="C257193"/>
<USERREF USERNAME="c257194"/>
<USERREF USERNAME="c075541"/>
<USERREF USERNAME="c074429"/>
<USERREF USERNAME="a608760"/>
<USERREF USERNAME="yex8021"/>
<USERREF USERNAME="c058698"/>
<USERREF USERNAME="yex7920"/>
<USERREF USERNAME="rm37825"/>
<USERREF USERNAME="a511471"/>
<USERREF USERNAME="rm87794"/>
<USERREF USERNAME="c199642"/>
<USERREF USERNAME="c196683"/>
<USERREF USERNAME="c228249"/>
<USERREF USERNAME="rm36132"/>
<USERREF USERNAME="a803075"/>
<USERREF USERNAME="C228250"/>
<USERREF USERNAME="c196248"/>
<USERREF USERNAME="c223292"/>
<USERREF USERNAME="c068502"/>
<USERREF USERNAME="c228246"/>
<USERREF USERNAME="c228247"/>
<USERREF USERNAME="c100415"/>
<USERREF USERNAME="c194032"/>
<USERREF USERNAME="C175084"/>
<USERREF USERNAME="c243031"/>
<USERREF USERNAME="i4lghabes_RE"/>
<USERREF USERNAME="coder_query"/>
<USERREF USERNAME="C249885"/>
<USERREF USERNAME="u6x6712"/>
<USERREF USERNAME="v6x8058"/>
<USERREF USERNAME="c090108"/>
<USERREF USERNAME="c227370"/>
</REPORTINGGROUP>

<REPORTINGGROUP
GROUPNAME="User Admin Info Data Users"
GROUPDESCRIPTION="Users who have access to user data including password related data">
<!-- Insert Users -->
<USERREF USERNAME="c149470"/>
<USERREF USERNAME="c206388"/>
<USERREF USERNAME="c083101"/>
<USERREF USERNAME="c079244"/>
<USERREF USERNAME="rm90029"/>
<USERREF USERNAME="c069132"/>
<USERREF USERNAME="c249923"/>
<USERREF USERNAME="c057362"/>
<USERREF USERNAME="c247616"/>
<USERREF USERNAME="a015765"/>
<USERREF USERNAME="c202987"/>
<USERREF USERNAME="c257195"/>
<USERREF USERNAME="c074090"/>
<USERREF USERNAME="c068505"/>
<USERREF USERNAME="c257199"/>
<USERREF USERNAME="c085302"/>
<USERREF USERNAME="c074342"/>
<USERREF USERNAME="c149177"/>
<USERREF USERNAME="c194055"/>
<USERREF USERNAME="ye91098"/>
<USERREF USERNAME="c243048"/>
<USERREF USERNAME="c039863"/>
<USERREF USERNAME="c137396"/>
<USERREF USERNAME="c244333"/>
<USERREF USERNAME="C257193"/>
<USERREF USERNAME="c257194"/>
<USERREF USERNAME="c075541"/>
<USERREF USERNAME="c074429"/>
<USERREF USERNAME="a608760"/>
<USERREF USERNAME="yex8021"/>
<USERREF USERNAME="c058698"/>
<USERREF USERNAME="yex7920"/>
<USERREF USERNAME="rm37825"/>
<USERREF USERNAME="a511471"/>
<USERREF USERNAME="rm87794"/>
<USERREF USERNAME="c199642"/>
<USERREF USERNAME="c196683"/>
<USERREF USERNAME="c228249"/>
<USERREF USERNAME="rm36132"/>
<USERREF USERNAME="a803075"/>
<USERREF USERNAME="C228250"/>
<USERREF USERNAME="c196248"/>
<USERREF USERNAME="c223292"/>
<USERREF USERNAME="c068502"/>
<USERREF USERNAME="c228246"/>
<USERREF USERNAME="c228247"/>
<USERREF USERNAME="c100415"/>
<USERREF USERNAME="c243031"/>
<USERREF USERNAME="i4lghabes_RE"/>
<USERREF USERNAME="C249885"/>
<USERREF USERNAME="u6x6712"/>
<USERREF USERNAME="v6x8058"/>
<USERREF USERNAME="c090108"/>
<USERREF USERNAME="c227370"/>
<USERREF USERNAME="c244714"/>
<USERREF USERNAME="u7X4333"/>
<USERREF USERNAME="rm89018"/>
<USERREF USERNAME="c015393"/>
<USERREF USERNAME="c243054"/>
<USERREF USERNAME="c243030"/>
<USERREF USERNAME="c071673"/>
<USERREF USERNAME="z2x7521"/>
<USERREF USERNAME="z2x1799"/>
<USERREF USERNAME="c225929"/>
<USERREF USERNAME="c203058"/>
<USERREF USERNAME="c148827"/>
<USERREF USERNAME="c206591"/>
<USERREF USERNAME="c039853"/>
<USERREF USERNAME="c243032"/>
<USERREF USERNAME="c243049"/>
<USERREF USERNAME="yex7750"/>
<USERREF USERNAME="c149066"/>
<USERREF USERNAME="c021984"/>
<USERREF USERNAME="rm35504"/>
<USERREF USERNAME="c131994"/>
<USERREF USERNAME="c026393"/>
<USERREF USERNAME="c189327"/>
<USERREF USERNAME="a608261"/>
<USERREF USERNAME="c143125"/>
<USERREF USERNAME="c228248"/>
<USERREF USERNAME="ye73456"/>
<USERREF USERNAME="c181983"/>
<USERREF USERNAME="yex7972"/>
<USERREF USERNAME="yex7231"/>
<USERREF USERNAME="v6x8356"/>
<USERREF USERNAME="c025980"/>
<USERREF USERNAME="yex7614"/>
<USERREF USERNAME="c239605"/>
<USERREF USERNAME="C243050"/>
<USERREF USERNAME="c219898"/>
<USERREF USERNAME="c225389"/>
<USERREF USERNAME="a701824"/>
<USERREF USERNAME="c135748"/>
</REPORTINGGROUP>

<REPORTINGGROUP
GROUPNAME="User Info Data Users"
GROUPDESCRIPTION="Users who have access to user data except password related data">
<!-- Insert Users -->
<USERREF USERNAME="c079244"/>
<USERREF USERNAME="rm90029"/>
<USERREF USERNAME="c069132"/>
<USERREF USERNAME="c249923"/>
<USERREF USERNAME="c057362"/>
<USERREF USERNAME="c247616"/>
<USERREF USERNAME="a015765"/>
<USERREF USERNAME="c202987"/>
<USERREF USERNAME="c257195"/>
<USERREF USERNAME="c074090"/>
<USERREF USERNAME="c068505"/>
<USERREF USERNAME="c257199"/>
<USERREF USERNAME="c085302"/>
<USERREF USERNAME="c074342"/>
<USERREF USERNAME="c149177"/>
<USERREF USERNAME="c194055"/>
<USERREF USERNAME="ye91098"/>
<USERREF USERNAME="c243048"/>
<USERREF USERNAME="c039863"/>
<USERREF USERNAME="c137396"/>
<USERREF USERNAME="c244333"/>
<USERREF USERNAME="C257193"/>
<USERREF USERNAME="c257194"/>
<USERREF USERNAME="c075541"/>
<USERREF USERNAME="c074429"/>
<USERREF USERNAME="a608760"/>
<USERREF USERNAME="yex8021"/>
<USERREF USERNAME="c058698"/>
<USERREF USERNAME="yex7920"/>
<USERREF USERNAME="rm37825"/>
<USERREF USERNAME="a511471"/>
<USERREF USERNAME="rm87794"/>
<USERREF USERNAME="c199642"/>
<USERREF USERNAME="c196683"/>
<USERREF USERNAME="c228249"/>
<USERREF USERNAME="rm36132"/>
<USERREF USERNAME="a803075"/>
<USERREF USERNAME="C228250"/>
<USERREF USERNAME="c196248"/>
<USERREF USERNAME="c223292"/>
<USERREF USERNAME="c068502"/>
<USERREF USERNAME="c228246"/>
<USERREF USERNAME="c228247"/>
<USERREF USERNAME="c100415"/>
<USERREF USERNAME="c243031"/>
<USERREF USERNAME="C249885"/>
<USERREF USERNAME="u6x6712"/>
<USERREF USERNAME="v6x8058"/>
<USERREF USERNAME="c090108"/>
<USERREF USERNAME="c227370"/>
<USERREF USERNAME="c244714"/>
<USERREF USERNAME="u7X4333"/>
<USERREF USERNAME="rm89018"/>
<USERREF USERNAME="c015393"/>
<USERREF USERNAME="c243054"/>
<USERREF USERNAME="c243030"/>
<USERREF USERNAME="c071673"/>
<USERREF USERNAME="c225929"/>
<USERREF USERNAME="c203058"/>
<USERREF USERNAME="c148827"/>
<USERREF USERNAME="c206591"/>
<USERREF USERNAME="c039853"/>
<USERREF USERNAME="c243032"/>
<USERREF USERNAME="c243049"/>
<USERREF USERNAME="yex7750"/>
<USERREF USERNAME="c149066"/>
<USERREF USERNAME="c021984"/>
<USERREF USERNAME="rm35504"/>
<USERREF USERNAME="c131994"/>
<USERREF USERNAME="c026393"/>
<USERREF USERNAME="c189327"/>
<USERREF USERNAME="a608261"/>
<USERREF USERNAME="c143125"/>
<USERREF USERNAME="c228248"/>
<USERREF USERNAME="ye73456"/>
<USERREF USERNAME="yex7972"/>
<USERREF USERNAME="yex7231"/>
<USERREF USERNAME="v6x8356"/>
<USERREF USERNAME="c025980"/>
<USERREF USERNAME="yex7614"/>
<USERREF USERNAME="c239605"/>
<USERREF USERNAME="C243050"/>
<USERREF USERNAME="c219898"/>
<USERREF USERNAME="c225389"/>
<USERREF USERNAME="a701824"/>
<USERREF USERNAME="c135748"/>
<USERREF USERNAME="c149470"/>
<USERREF USERNAME="c206388"/>
<USERREF USERNAME="c083101"/>
</REPORTINGGROUP>

<QUERYGROUP
GROUPNAME="CDM_CRA Query"
GROUPDESCRIPTION="CDM_CRA Query">
<!-- Insert Users -->
<USERREF USERNAME="autoquery"/>
</QUERYGROUP>

</MEDMLDATA>