<?xml version="1.0"?>
<MEDMLDATA xmlns="PhaseForward-MedML-Inform4">


<SITE  NAME="(120) XUE Yun"    MNEMONIC="120"
ADDRESS="No29 Xinglong street Changzhou"
COUNTRY="CHINA"
PHONE="86051988119776"
ALTPHONE="86"
FAX="86"
TIMEZONE="(UTC+08:00) Beijing, Chongqing, Hong Kong, Urumqi"
SITEDATEFORMAT="DAY_MONTH_YEAR"
STARTDATE="02/09/2018"
STUDYLOCALE="en-US"
SVAUTOSELECTRATE="100"
SVFIRSTNSUBJECTS="100"
/>


<SITE  NAME="(110) Zhou Zhiguang"    MNEMONIC="110"
ADDRESS="No139 Middle Renmin Road The Second Xiangya Hospital Changsha China"
COUNTRY="CHINA"
PHONE="8613873104348"
ALTPHONE="86"
FAX="86"
TIMEZONE="(UTC+08:00) Beijing, Chongqing, Hong Kong, Urumqi"
SITEDATEFORMAT="DAY_MONTH_YEAR"
STARTDATE="02/09/2018"
STUDYLOCALE="en-US"
SVAUTOSELECTRATE="100"
SVFIRSTNSUBJECTS="100"
/>


<SITE  NAME="(100) Yuan Guoyue"    MNEMONIC="100"
ADDRESS="Inpatient Building 8F Endocrinology Clinic 438 Jiefang Road Zhenjiang Jiangsu Province"
COUNTRY="CHINA"
PHONE="8613505289352"
ALTPHONE="86"
FAX="86"
TIMEZONE="(UTC+08:00) Beijing, Chongqing, Hong Kong, Urumqi"
SITEDATEFORMAT="DAY_MONTH_YEAR"
STARTDATE="02/09/2018"
STUDYLOCALE="en-US"
SVAUTOSELECTRATE="100"
SVFIRSTNSUBJECTS="100"
/>


<SITE  NAME="(290) LI Ling"    MNEMONIC="290"
ADDRESS="36 Sanhao Street Heping District Shenyang City Liaoning Province China"
COUNTRY="CHINA"
PHONE="8618940251181"
ALTPHONE="86"
FAX="86"
TIMEZONE="(UTC+08:00) Beijing, Chongqing, Hong Kong, Urumqi"
SITEDATEFORMAT="DAY_MONTH_YEAR"
STARTDATE="02/09/2018"
STUDYLOCALE="en-US"
SVAUTOSELECTRATE="100"
SVFIRSTNSUBJECTS="100"
/>


<SITE  NAME="(280) Li Yuxiu"    MNEMONIC="280"
ADDRESS="No1 Shuaifuyuan Wangfujing Dongcheng District Beijing China"
COUNTRY="CHINA"
PHONE="8613581705295"
ALTPHONE="86"
FAX="86"
TIMEZONE="(UTC+08:00) Beijing, Chongqing, Hong Kong, Urumqi"
SITEDATEFORMAT="DAY_MONTH_YEAR"
STARTDATE="02/09/2018"
STUDYLOCALE="en-US"
SVAUTOSELECTRATE="100"
SVFIRSTNSUBJECTS="100"
/>


<SITE  NAME="(270) Ji Linong"    MNEMONIC="270"
ADDRESS="No11 Xizhimen South Street Xicheng District Beijing China"
COUNTRY="CHINA"
PHONE="8613910978815"
ALTPHONE="86"
FAX="86"
TIMEZONE="(UTC+08:00) Beijing, Chongqing, Hong Kong, Urumqi"
SITEDATEFORMAT="DAY_MONTH_YEAR"
STARTDATE="02/09/2018"
STUDYLOCALE="en-US"
SVAUTOSELECTRATE="100"
SVFIRSTNSUBJECTS="100"
/>


<SITE  NAME="(180) Kuang Jian"    MNEMONIC="180"
ADDRESS="No106 Zhongshan Er Road Guangzhou"
COUNTRY="CHINA"
PHONE="8613802511168"
ALTPHONE="86"
FAX="86"
TIMEZONE="(UTC+08:00) Beijing, Chongqing, Hong Kong, Urumqi"
SITEDATEFORMAT="DAY_MONTH_YEAR"
STARTDATE="02/09/2018"
STUDYLOCALE="en-US"
SVAUTOSELECTRATE="100"
SVFIRSTNSUBJECTS="100"
/>


<SITE  NAME="(170) Qu Shen"    MNEMONIC="170"
ADDRESS="NO301 Middle Yanchang Road Shanghai"
COUNTRY="CHINA"
PHONE="8613585792519"
ALTPHONE="86"
FAX="86"
TIMEZONE="(UTC+08:00) Beijing, Chongqing, Hong Kong, Urumqi"
SITEDATEFORMAT="DAY_MONTH_YEAR"
STARTDATE="02/09/2018"
STUDYLOCALE="en-US"
SVAUTOSELECTRATE="100"
SVFIRSTNSUBJECTS="100"
/>


<SITE  NAME="(160) SU Benli"    MNEMONIC="160"
ADDRESS="467 Zhongshan Rd Shahekou Disrtict Dalian City Liaoning Province China"
COUNTRY="CHINA"
PHONE="8615541178798"
ALTPHONE="86"
FAX="86"
TIMEZONE="(UTC+08:00) Beijing, Chongqing, Hong Kong, Urumqi"
SITEDATEFORMAT="DAY_MONTH_YEAR"
STARTDATE="02/09/2018"
STUDYLOCALE="en-US"
SVAUTOSELECTRATE="100"
SVFIRSTNSUBJECTS="100"
/>


<SITE  NAME="(150) YANG Tao"    MNEMONIC="150"
ADDRESS="No 300 Guangzhou Road Jiangsu Province Hospital Nanjing Jiangsu China"
COUNTRY="CHINA"
PHONE="8613851498409"
ALTPHONE="86"
FAX="86"
TIMEZONE="(UTC+08:00) Beijing, Chongqing, Hong Kong, Urumqi"
SITEDATEFORMAT="DAY_MONTH_YEAR"
STARTDATE="02/09/2018"
STUDYLOCALE="en-US"
SVAUTOSELECTRATE="100"
SVFIRSTNSUBJECTS="100"
/>


<SITE  NAME="(140) LU Yibing"    MNEMONIC="140"
ADDRESS="121 Jiangjiayuan gulou district nanjing jiangsu"
COUNTRY="CHINA"
PHONE="8618951762690"
ALTPHONE="86"
FAX="86"
TIMEZONE="(UTC+08:00) Beijing, Chongqing, Hong Kong, Urumqi"
SITEDATEFORMAT="DAY_MONTH_YEAR"
STARTDATE="02/09/2018"
STUDYLOCALE="en-US"
SVAUTOSELECTRATE="100"
SVFIRSTNSUBJECTS="100"
/>


<SITE  NAME="(130) MA Jianhua"    MNEMONIC="130"
ADDRESS="The First Hospital of Nanjing South 10F Wards Building No32 Gong Qing Tuan Road Yuhua district Nanjing Jiangsu"
COUNTRY="CHINA"
PHONE="8618951670116"
ALTPHONE="86"
FAX="86"
TIMEZONE="(UTC+08:00) Beijing, Chongqing, Hong Kong, Urumqi"
SITEDATEFORMAT="DAY_MONTH_YEAR"
STARTDATE="02/09/2018"
STUDYLOCALE="en-US"
SVAUTOSELECTRATE="100"
SVFIRSTNSUBJECTS="100"
/>


<SITE  NAME="(250) Cai Hanqing"    MNEMONIC="250"
ADDRESS="No218  Ziqiang Street Changchun City Jilin Province"
COUNTRY="CHINA"
PHONE="86043188796974"
ALTPHONE="86"
FAX="86"
TIMEZONE="(UTC+08:00) Beijing, Chongqing, Hong Kong, Urumqi"
SITEDATEFORMAT="DAY_MONTH_YEAR"
STARTDATE="02/09/2018"
STUDYLOCALE="en-US"
SVAUTOSELECTRATE="100"
SVFIRSTNSUBJECTS="100"
/>


<SITE  NAME="(240) Yu Xuefeng"    MNEMONIC="240"
ADDRESS="No 1095 Jiefang Road Wuhan Hubei China 430030"
COUNTRY="CHINA"
PHONE="8613986070673"
ALTPHONE="86"
FAX="86"
TIMEZONE="(UTC+08:00) Beijing, Chongqing, Hong Kong, Urumqi"
SITEDATEFORMAT="DAY_MONTH_YEAR"
STARTDATE="02/09/2018"
STUDYLOCALE="en-US"
SVAUTOSELECTRATE="100"
SVFIRSTNSUBJECTS="100"
/>


<SITE  NAME="(230) Li Yanbing"    MNEMONIC="230"
ADDRESS="3rd floor No6 building No 58 Zhongshan Er Road The First Affiliated Hospital Sun Yat sen University Guangzhou Guangdong China"
COUNTRY="CHINA"
PHONE="8613925111691"
ALTPHONE="86"
FAX="86"
TIMEZONE="(UTC+08:00) Beijing, Chongqing, Hong Kong, Urumqi"
SITEDATEFORMAT="DAY_MONTH_YEAR"
STARTDATE="02/09/2018"
STUDYLOCALE="en-US"
SVAUTOSELECTRATE="100"
SVFIRSTNSUBJECTS="100"
/>


<SITE  NAME="(220) Su Heng"    MNEMONIC="220"
ADDRESS="No157 Jinbi road Xishan District Kunming"
COUNTRY="CHINA"
PHONE="8613759143562"
ALTPHONE="86"
FAX="86"
TIMEZONE="(UTC+08:00) Beijing, Chongqing, Hong Kong, Urumqi"
SITEDATEFORMAT="DAY_MONTH_YEAR"
STARTDATE="02/09/2018"
STUDYLOCALE="en-US"
SVAUTOSELECTRATE="100"
SVFIRSTNSUBJECTS="100"
/>


<SITE  NAME="(190) Chen Lishu"    MNEMONIC="190"
ADDRESS="No69 Dongxia North Road Shantou"
COUNTRY="CHINA"
PHONE="8613502776666"
ALTPHONE="86"
FAX="86"
TIMEZONE="(UTC+08:00) Beijing, Chongqing, Hong Kong, Urumqi"
SITEDATEFORMAT="DAY_MONTH_YEAR"
STARTDATE="02/09/2018"
STUDYLOCALE="en-US"
SVAUTOSELECTRATE="100"
SVFIRSTNSUBJECTS="100"
/>


<SITE  NAME="(260) Wang Guixia"    MNEMONIC="260"
ADDRESS="No71 Xinmin Street Changchun City Jilin Province"
COUNTRY="CHINA"
PHONE="86043188782222"
ALTPHONE="86"
FAX="86"
TIMEZONE="(UTC+08:00) Beijing, Chongqing, Hong Kong, Urumqi"
SITEDATEFORMAT="DAY_MONTH_YEAR"
STARTDATE="02/09/2018"
STUDYLOCALE="en-US"
SVAUTOSELECTRATE="100"
SVFIRSTNSUBJECTS="100"
/>


<SITE  NAME="(210) Li Yan"    MNEMONIC="210"
ADDRESS="No107 Yan Jiang Westen Road Guangzhou Guangdong"
COUNTRY="CHINA"
PHONE="8613710634920"
ALTPHONE="86"
FAX="86"
TIMEZONE="(UTC+08:00) Beijing, Chongqing, Hong Kong, Urumqi"
SITEDATEFORMAT="DAY_MONTH_YEAR"
STARTDATE="02/09/2018"
STUDYLOCALE="en-US"
SVAUTOSELECTRATE="100"
SVFIRSTNSUBJECTS="100"
/>


<SITE  NAME="(200) An Zhenmei"    MNEMONIC="200"
ADDRESS="No 37 Guoxue Alley Wuhou District Chengdu Sichuan China 610041"
COUNTRY="CHINA"
PHONE="8613980548888"
ALTPHONE="86"
FAX="86"
TIMEZONE="(UTC+08:00) Beijing, Chongqing, Hong Kong, Urumqi"
SITEDATEFORMAT="DAY_MONTH_YEAR"
STARTDATE="02/09/2018"
STUDYLOCALE="en-US"
SVAUTOSELECTRATE="100"
SVFIRSTNSUBJECTS="100"
/>


</MEDMLDATA>