<?xml version="1.0"?>
<MEDMLDATA xmlns="PhaseForward-MedML-Inform4">

<SITEGROUP SITENAME="(200) An Zhenmei">
<USERREF USERNAME="a701824"/>
<USERREF USERNAME="c074429"/>
<USERREF USERNAME="c026393"/>
<USERREF USERNAME="a608760"/>
<USERREF USERNAME="c189327"/>
<USERREF USERNAME="yex8021"/>
<USERREF USERNAME="a608261"/>
<USERREF USERNAME="c058698"/>
<USERREF USERNAME="c143125"/>
<USERREF USERNAME="c135748"/>
<USERREF USERNAME="yex7920"/>
<USERREF USERNAME="c149470"/>
<USERREF USERNAME="rm36132"/>
<USERREF USERNAME="rm37825"/>
<USERREF USERNAME="a803075"/>
<USERREF USERNAME="a511471"/>
<USERREF USERNAME="C228250"/>
<USERREF USERNAME="rm87794"/>
<USERREF USERNAME="c196248"/>
<USERREF USERNAME="c199642"/>
<USERREF USERNAME="c223292"/>
<USERREF USERNAME="c196683"/>
<USERREF USERNAME="c068502"/>
<USERREF USERNAME="c228249"/>
<USERREF USERNAME="c228246"/>
<USERREF USERNAME="c228247"/>
<USERREF USERNAME="c228248"/>
<USERREF USERNAME="ye73456"/>
<USERREF USERNAME="c100415"/>
<USERREF USERNAME="c181983"/>
<USERREF USERNAME="c194032"/>
<USERREF USERNAME="c225384"/>
<USERREF USERNAME="C175084"/>
<USERREF USERNAME="c243031"/>
<USERREF USERNAME="i4lghabes_RE"/>
<USERREF USERNAME="coder_query"/>
<USERREF USERNAME="odm_user"/>
<USERREF USERNAME="z2x7521"/>
<USERREF USERNAME="z2x1799"/>
<USERREF USERNAME="c206388"/>
<USERREF USERNAME="c225929"/>
<USERREF USERNAME="c083101"/>
<USERREF USERNAME="c244714"/>
<USERREF USERNAME="c079244"/>
<USERREF USERNAME="u7X4333"/>
<USERREF USERNAME="rm90029"/>
<USERREF USERNAME="rm89018"/>
<USERREF USERNAME="c069132"/>
<USERREF USERNAME="c015393"/>
<USERREF USERNAME="c249923"/>
<USERREF USERNAME="c243054"/>
<USERREF USERNAME="c057362"/>
<USERREF USERNAME="c243030"/>
<USERREF USERNAME="c247616"/>
<USERREF USERNAME="c071673"/>
<USERREF USERNAME="a015765"/>
<USERREF USERNAME="C249885"/>
<USERREF USERNAME="c202987"/>
<USERREF USERNAME="c203058"/>
<USERREF USERNAME="u6x6712"/>
<USERREF USERNAME="c148827"/>
<USERREF USERNAME="v6x8058"/>
<USERREF USERNAME="c206591"/>
<USERREF USERNAME="c090108"/>
<USERREF USERNAME="c257195"/>
<USERREF USERNAME="c039853"/>
<USERREF USERNAME="c074090"/>
<USERREF USERNAME="c243032"/>
<USERREF USERNAME="c068505"/>
<USERREF USERNAME="c243049"/>
<USERREF USERNAME="c257199"/>
<USERREF USERNAME="yex7750"/>
<USERREF USERNAME="c085302"/>
<USERREF USERNAME="c149066"/>
<USERREF USERNAME="c074342"/>
<USERREF USERNAME="c021984"/>
<USERREF USERNAME="c149177"/>
<USERREF USERNAME="rm35504"/>
<USERREF USERNAME="c194055"/>
<USERREF USERNAME="c131994"/>
<USERREF USERNAME="ye91098"/>
<USERREF USERNAME="yex7972"/>
<USERREF USERNAME="yex7231"/>
<USERREF USERNAME="c227370"/>
<USERREF USERNAME="v6x8356"/>
<USERREF USERNAME="c243048"/>
<USERREF USERNAME="c025980"/>
<USERREF USERNAME="c039863"/>
<USERREF USERNAME="yex7614"/>
<USERREF USERNAME="c137396"/>
<USERREF USERNAME="c239605"/>
<USERREF USERNAME="c244333"/>
<USERREF USERNAME="C243050"/>
<USERREF USERNAME="C257193"/>
<USERREF USERNAME="c219898"/>
<USERREF USERNAME="c257194"/>
<USERREF USERNAME="c225389"/>
<USERREF USERNAME="c075541"/>
<USERREF USERNAME="ZPFsaguilar"/>
<USERREF USERNAME="ZPFralorico"/>
<USERREF USERNAME="ZPFvbalint"/>
<USERREF USERNAME="ZPFlbalubar"/>
<USERREF USERNAME="ZPFkbarkoczi"/>
<USERREF USERNAME="ZPFtcabanes"/>
<USERREF USERNAME="ZPFkcco"/>
<USERREF USERNAME="ZPFsdamato"/>
<USERREF USERNAME="ZPFidanyi"/>
<USERREF USERNAME="ZPFedervishaj"/>
<USERREF USERNAME="ZPFadonio"/>
<USERREF USERNAME="ZPFrducusin"/>
<USERREF USERNAME="ZPFoely"/>
<USERREF USERNAME="ZPFtfabian"/>
<USERREF USERNAME="ZPFhhamada"/>
<USERREF USERNAME="ZPFcmolom"/>
<USERREF USERNAME="ZPFtishizuka"/>
<USERREF USERNAME="ZPFjistenes"/>
<USERREF USERNAME="ZPFmiwaki"/>
<USERREF USERNAME="ZPFijohl"/>
<USERREF USERNAME="ZPFdkawashima"/>
<USERREF USERNAME="ZPFskholti"/>
<USERREF USERNAME="ZPFekosa"/>
<USERREF USERNAME="ZPFgkrucso"/>
<USERREF USERNAME="ZPFmlalangan"/>
<USERREF USERNAME="ZPFklim"/>
<USERREF USERNAME="ZPFlmate"/>
<USERREF USERNAME="ZPFpmore"/>
<USERREF USERNAME="ZPFdnagy"/>
<USERREF USERNAME="ZPFanakai"/>
<USERREF USERNAME="ZPFanyiri"/>
<USERREF USERNAME="ZPFapervaiz"/>
<USERREF USERNAME="ZPFnqi"/>
<USERREF USERNAME="ZPFnreis"/>
<USERREF USERNAME="ZPFprojas"/>
<USERREF USERNAME="ZPFasomogyi"/>
<USERREF USERNAME="ZPFtszabo"/>
<USERREF USERNAME="ZPFstayco"/>
<USERREF USERNAME="ZPFaktoth"/>
<USERREF USERNAME="ZPFhtsuchida"/>
<USERREF USERNAME="ZPFpvallar"/>
<USERREF USERNAME="ZPFgyvarga"/>
<USERREF USERNAME="ZPFfvarga"/>
<USERREF USERNAME="ZPFnvergara"/>
<USERREF USERNAME="ZPFaverpeleti"/>
<USERREF USERNAME="ZPFawarsama"/>
<USERREF USERNAME="ZPFmyuta"/>
<USERREF USERNAME="ZPFvzdirko"/>
</SITEGROUP>
<SITEGROUP SITENAME="(250) Cai Hanqing">
<USERREF USERNAME="c228248"/>
<USERREF USERNAME="ye73456"/>
<USERREF USERNAME="c100415"/>
<USERREF USERNAME="c181983"/>
<USERREF USERNAME="i4lghabes_RE"/>
<USERREF USERNAME="coder_query"/>
<USERREF USERNAME="odm_user"/>
<USERREF USERNAME="z2x7521"/>
<USERREF USERNAME="z2x1799"/>
<USERREF USERNAME="c206388"/>
<USERREF USERNAME="c225929"/>
<USERREF USERNAME="c083101"/>
<USERREF USERNAME="c244714"/>
<USERREF USERNAME="c079244"/>
<USERREF USERNAME="u7X4333"/>
<USERREF USERNAME="rm90029"/>
<USERREF USERNAME="rm89018"/>
<USERREF USERNAME="c069132"/>
<USERREF USERNAME="c015393"/>
<USERREF USERNAME="c249923"/>
<USERREF USERNAME="c243054"/>
<USERREF USERNAME="c057362"/>
<USERREF USERNAME="c243030"/>
<USERREF USERNAME="c247616"/>
<USERREF USERNAME="c071673"/>
<USERREF USERNAME="a015765"/>
<USERREF USERNAME="C249885"/>
<USERREF USERNAME="c202987"/>
<USERREF USERNAME="c203058"/>
<USERREF USERNAME="u6x6712"/>
<USERREF USERNAME="c148827"/>
<USERREF USERNAME="v6x8058"/>
<USERREF USERNAME="c206591"/>
<USERREF USERNAME="c090108"/>
<USERREF USERNAME="c194032"/>
<USERREF USERNAME="c225384"/>
<USERREF USERNAME="C175084"/>
<USERREF USERNAME="c243031"/>
<USERREF USERNAME="c257195"/>
<USERREF USERNAME="c039853"/>
<USERREF USERNAME="c074090"/>
<USERREF USERNAME="c243032"/>
<USERREF USERNAME="c068505"/>
<USERREF USERNAME="c243049"/>
<USERREF USERNAME="c257199"/>
<USERREF USERNAME="yex7750"/>
<USERREF USERNAME="c085302"/>
<USERREF USERNAME="c149066"/>
<USERREF USERNAME="c074342"/>
<USERREF USERNAME="c021984"/>
<USERREF USERNAME="c149177"/>
<USERREF USERNAME="rm35504"/>
<USERREF USERNAME="c194055"/>
<USERREF USERNAME="c131994"/>
<USERREF USERNAME="ye91098"/>
<USERREF USERNAME="yex7972"/>
<USERREF USERNAME="yex7231"/>
<USERREF USERNAME="c227370"/>
<USERREF USERNAME="v6x8356"/>
<USERREF USERNAME="c243048"/>
<USERREF USERNAME="c025980"/>
<USERREF USERNAME="c039863"/>
<USERREF USERNAME="yex7614"/>
<USERREF USERNAME="c137396"/>
<USERREF USERNAME="c239605"/>
<USERREF USERNAME="c244333"/>
<USERREF USERNAME="C243050"/>
<USERREF USERNAME="C257193"/>
<USERREF USERNAME="c219898"/>
<USERREF USERNAME="c257194"/>
<USERREF USERNAME="c225389"/>
<USERREF USERNAME="c075541"/>
<USERREF USERNAME="a701824"/>
<USERREF USERNAME="c074429"/>
<USERREF USERNAME="c026393"/>
<USERREF USERNAME="a608760"/>
<USERREF USERNAME="c189327"/>
<USERREF USERNAME="yex8021"/>
<USERREF USERNAME="a608261"/>
<USERREF USERNAME="c058698"/>
<USERREF USERNAME="c143125"/>
<USERREF USERNAME="c135748"/>
<USERREF USERNAME="yex7920"/>
<USERREF USERNAME="c149470"/>
<USERREF USERNAME="rm36132"/>
<USERREF USERNAME="rm37825"/>
<USERREF USERNAME="a803075"/>
<USERREF USERNAME="a511471"/>
<USERREF USERNAME="C228250"/>
<USERREF USERNAME="rm87794"/>
<USERREF USERNAME="c196248"/>
<USERREF USERNAME="c199642"/>
<USERREF USERNAME="c223292"/>
<USERREF USERNAME="c196683"/>
<USERREF USERNAME="c068502"/>
<USERREF USERNAME="c228249"/>
<USERREF USERNAME="c228246"/>
<USERREF USERNAME="c228247"/>
<USERREF USERNAME="ZPFsaguilar"/>
<USERREF USERNAME="ZPFralorico"/>
<USERREF USERNAME="ZPFvbalint"/>
<USERREF USERNAME="ZPFlbalubar"/>
<USERREF USERNAME="ZPFkbarkoczi"/>
<USERREF USERNAME="ZPFtcabanes"/>
<USERREF USERNAME="ZPFkcco"/>
<USERREF USERNAME="ZPFsdamato"/>
<USERREF USERNAME="ZPFidanyi"/>
<USERREF USERNAME="ZPFedervishaj"/>
<USERREF USERNAME="ZPFadonio"/>
<USERREF USERNAME="ZPFrducusin"/>
<USERREF USERNAME="ZPFoely"/>
<USERREF USERNAME="ZPFtfabian"/>
<USERREF USERNAME="ZPFhhamada"/>
<USERREF USERNAME="ZPFcmolom"/>
<USERREF USERNAME="ZPFtishizuka"/>
<USERREF USERNAME="ZPFjistenes"/>
<USERREF USERNAME="ZPFmiwaki"/>
<USERREF USERNAME="ZPFijohl"/>
<USERREF USERNAME="ZPFdkawashima"/>
<USERREF USERNAME="ZPFskholti"/>
<USERREF USERNAME="ZPFekosa"/>
<USERREF USERNAME="ZPFgkrucso"/>
<USERREF USERNAME="ZPFmlalangan"/>
<USERREF USERNAME="ZPFklim"/>
<USERREF USERNAME="ZPFlmate"/>
<USERREF USERNAME="ZPFpmore"/>
<USERREF USERNAME="ZPFdnagy"/>
<USERREF USERNAME="ZPFanakai"/>
<USERREF USERNAME="ZPFanyiri"/>
<USERREF USERNAME="ZPFapervaiz"/>
<USERREF USERNAME="ZPFnqi"/>
<USERREF USERNAME="ZPFnreis"/>
<USERREF USERNAME="ZPFprojas"/>
<USERREF USERNAME="ZPFasomogyi"/>
<USERREF USERNAME="ZPFtszabo"/>
<USERREF USERNAME="ZPFstayco"/>
<USERREF USERNAME="ZPFaktoth"/>
<USERREF USERNAME="ZPFhtsuchida"/>
<USERREF USERNAME="ZPFpvallar"/>
<USERREF USERNAME="ZPFgyvarga"/>
<USERREF USERNAME="ZPFfvarga"/>
<USERREF USERNAME="ZPFnvergara"/>
<USERREF USERNAME="ZPFaverpeleti"/>
<USERREF USERNAME="ZPFawarsama"/>
<USERREF USERNAME="ZPFmyuta"/>
<USERREF USERNAME="ZPFvzdirko"/>
</SITEGROUP>
<SITEGROUP SITENAME="(190) Chen Lishu">
<USERREF USERNAME="a701824"/>
<USERREF USERNAME="c074429"/>
<USERREF USERNAME="c026393"/>
<USERREF USERNAME="a608760"/>
<USERREF USERNAME="c189327"/>
<USERREF USERNAME="yex8021"/>
<USERREF USERNAME="a608261"/>
<USERREF USERNAME="c058698"/>
<USERREF USERNAME="c143125"/>
<USERREF USERNAME="c135748"/>
<USERREF USERNAME="yex7920"/>
<USERREF USERNAME="c149470"/>
<USERREF USERNAME="rm36132"/>
<USERREF USERNAME="rm37825"/>
<USERREF USERNAME="a803075"/>
<USERREF USERNAME="a511471"/>
<USERREF USERNAME="C228250"/>
<USERREF USERNAME="rm87794"/>
<USERREF USERNAME="c196248"/>
<USERREF USERNAME="c199642"/>
<USERREF USERNAME="c223292"/>
<USERREF USERNAME="c196683"/>
<USERREF USERNAME="c068502"/>
<USERREF USERNAME="c228249"/>
<USERREF USERNAME="c228246"/>
<USERREF USERNAME="c228247"/>
<USERREF USERNAME="c228248"/>
<USERREF USERNAME="ye73456"/>
<USERREF USERNAME="c100415"/>
<USERREF USERNAME="c181983"/>
<USERREF USERNAME="c194032"/>
<USERREF USERNAME="c225384"/>
<USERREF USERNAME="C175084"/>
<USERREF USERNAME="c243031"/>
<USERREF USERNAME="i4lghabes_RE"/>
<USERREF USERNAME="coder_query"/>
<USERREF USERNAME="odm_user"/>
<USERREF USERNAME="z2x7521"/>
<USERREF USERNAME="z2x1799"/>
<USERREF USERNAME="c206388"/>
<USERREF USERNAME="c225929"/>
<USERREF USERNAME="c083101"/>
<USERREF USERNAME="c244714"/>
<USERREF USERNAME="c079244"/>
<USERREF USERNAME="u7X4333"/>
<USERREF USERNAME="rm90029"/>
<USERREF USERNAME="rm89018"/>
<USERREF USERNAME="c069132"/>
<USERREF USERNAME="c015393"/>
<USERREF USERNAME="c249923"/>
<USERREF USERNAME="c243054"/>
<USERREF USERNAME="c057362"/>
<USERREF USERNAME="c243030"/>
<USERREF USERNAME="c247616"/>
<USERREF USERNAME="c071673"/>
<USERREF USERNAME="a015765"/>
<USERREF USERNAME="C249885"/>
<USERREF USERNAME="c202987"/>
<USERREF USERNAME="c203058"/>
<USERREF USERNAME="u6x6712"/>
<USERREF USERNAME="c148827"/>
<USERREF USERNAME="v6x8058"/>
<USERREF USERNAME="c206591"/>
<USERREF USERNAME="c090108"/>
<USERREF USERNAME="c257195"/>
<USERREF USERNAME="c039853"/>
<USERREF USERNAME="c074090"/>
<USERREF USERNAME="c243032"/>
<USERREF USERNAME="c068505"/>
<USERREF USERNAME="c243049"/>
<USERREF USERNAME="c257199"/>
<USERREF USERNAME="yex7750"/>
<USERREF USERNAME="c085302"/>
<USERREF USERNAME="c149066"/>
<USERREF USERNAME="c074342"/>
<USERREF USERNAME="c021984"/>
<USERREF USERNAME="c149177"/>
<USERREF USERNAME="rm35504"/>
<USERREF USERNAME="c194055"/>
<USERREF USERNAME="c131994"/>
<USERREF USERNAME="ye91098"/>
<USERREF USERNAME="yex7972"/>
<USERREF USERNAME="yex7231"/>
<USERREF USERNAME="c227370"/>
<USERREF USERNAME="v6x8356"/>
<USERREF USERNAME="c243048"/>
<USERREF USERNAME="c025980"/>
<USERREF USERNAME="c039863"/>
<USERREF USERNAME="yex7614"/>
<USERREF USERNAME="c137396"/>
<USERREF USERNAME="c239605"/>
<USERREF USERNAME="c244333"/>
<USERREF USERNAME="C243050"/>
<USERREF USERNAME="C257193"/>
<USERREF USERNAME="c219898"/>
<USERREF USERNAME="c257194"/>
<USERREF USERNAME="c225389"/>
<USERREF USERNAME="c075541"/>
<USERREF USERNAME="ZPFsaguilar"/>
<USERREF USERNAME="ZPFralorico"/>
<USERREF USERNAME="ZPFvbalint"/>
<USERREF USERNAME="ZPFlbalubar"/>
<USERREF USERNAME="ZPFkbarkoczi"/>
<USERREF USERNAME="ZPFtcabanes"/>
<USERREF USERNAME="ZPFkcco"/>
<USERREF USERNAME="ZPFsdamato"/>
<USERREF USERNAME="ZPFidanyi"/>
<USERREF USERNAME="ZPFedervishaj"/>
<USERREF USERNAME="ZPFadonio"/>
<USERREF USERNAME="ZPFrducusin"/>
<USERREF USERNAME="ZPFoely"/>
<USERREF USERNAME="ZPFtfabian"/>
<USERREF USERNAME="ZPFhhamada"/>
<USERREF USERNAME="ZPFcmolom"/>
<USERREF USERNAME="ZPFtishizuka"/>
<USERREF USERNAME="ZPFjistenes"/>
<USERREF USERNAME="ZPFmiwaki"/>
<USERREF USERNAME="ZPFijohl"/>
<USERREF USERNAME="ZPFdkawashima"/>
<USERREF USERNAME="ZPFskholti"/>
<USERREF USERNAME="ZPFekosa"/>
<USERREF USERNAME="ZPFgkrucso"/>
<USERREF USERNAME="ZPFmlalangan"/>
<USERREF USERNAME="ZPFklim"/>
<USERREF USERNAME="ZPFlmate"/>
<USERREF USERNAME="ZPFpmore"/>
<USERREF USERNAME="ZPFdnagy"/>
<USERREF USERNAME="ZPFanakai"/>
<USERREF USERNAME="ZPFanyiri"/>
<USERREF USERNAME="ZPFapervaiz"/>
<USERREF USERNAME="ZPFnqi"/>
<USERREF USERNAME="ZPFnreis"/>
<USERREF USERNAME="ZPFprojas"/>
<USERREF USERNAME="ZPFasomogyi"/>
<USERREF USERNAME="ZPFtszabo"/>
<USERREF USERNAME="ZPFstayco"/>
<USERREF USERNAME="ZPFaktoth"/>
<USERREF USERNAME="ZPFhtsuchida"/>
<USERREF USERNAME="ZPFpvallar"/>
<USERREF USERNAME="ZPFgyvarga"/>
<USERREF USERNAME="ZPFfvarga"/>
<USERREF USERNAME="ZPFnvergara"/>
<USERREF USERNAME="ZPFaverpeleti"/>
<USERREF USERNAME="ZPFawarsama"/>
<USERREF USERNAME="ZPFmyuta"/>
<USERREF USERNAME="ZPFvzdirko"/>
</SITEGROUP>
<SITEGROUP SITENAME="(270) Ji Linong">
<USERREF USERNAME="a701824"/>
<USERREF USERNAME="c074429"/>
<USERREF USERNAME="c026393"/>
<USERREF USERNAME="a608760"/>
<USERREF USERNAME="c189327"/>
<USERREF USERNAME="yex8021"/>
<USERREF USERNAME="a608261"/>
<USERREF USERNAME="c058698"/>
<USERREF USERNAME="c143125"/>
<USERREF USERNAME="c135748"/>
<USERREF USERNAME="yex7920"/>
<USERREF USERNAME="c149470"/>
<USERREF USERNAME="rm36132"/>
<USERREF USERNAME="rm37825"/>
<USERREF USERNAME="a803075"/>
<USERREF USERNAME="a511471"/>
<USERREF USERNAME="C228250"/>
<USERREF USERNAME="rm87794"/>
<USERREF USERNAME="c196248"/>
<USERREF USERNAME="c199642"/>
<USERREF USERNAME="c223292"/>
<USERREF USERNAME="c196683"/>
<USERREF USERNAME="c068502"/>
<USERREF USERNAME="c228249"/>
<USERREF USERNAME="c228246"/>
<USERREF USERNAME="c228247"/>
<USERREF USERNAME="c228248"/>
<USERREF USERNAME="ye73456"/>
<USERREF USERNAME="c100415"/>
<USERREF USERNAME="c181983"/>
<USERREF USERNAME="c194032"/>
<USERREF USERNAME="c225384"/>
<USERREF USERNAME="C175084"/>
<USERREF USERNAME="c243031"/>
<USERREF USERNAME="i4lghabes_RE"/>
<USERREF USERNAME="coder_query"/>
<USERREF USERNAME="odm_user"/>
<USERREF USERNAME="z2x7521"/>
<USERREF USERNAME="z2x1799"/>
<USERREF USERNAME="c206388"/>
<USERREF USERNAME="c225929"/>
<USERREF USERNAME="c083101"/>
<USERREF USERNAME="c244714"/>
<USERREF USERNAME="c079244"/>
<USERREF USERNAME="u7X4333"/>
<USERREF USERNAME="rm90029"/>
<USERREF USERNAME="rm89018"/>
<USERREF USERNAME="c069132"/>
<USERREF USERNAME="c015393"/>
<USERREF USERNAME="c249923"/>
<USERREF USERNAME="c243054"/>
<USERREF USERNAME="c057362"/>
<USERREF USERNAME="c243030"/>
<USERREF USERNAME="c247616"/>
<USERREF USERNAME="c071673"/>
<USERREF USERNAME="a015765"/>
<USERREF USERNAME="C249885"/>
<USERREF USERNAME="c202987"/>
<USERREF USERNAME="c203058"/>
<USERREF USERNAME="u6x6712"/>
<USERREF USERNAME="c148827"/>
<USERREF USERNAME="v6x8058"/>
<USERREF USERNAME="c206591"/>
<USERREF USERNAME="c090108"/>
<USERREF USERNAME="c257195"/>
<USERREF USERNAME="c039853"/>
<USERREF USERNAME="c074090"/>
<USERREF USERNAME="c243032"/>
<USERREF USERNAME="c068505"/>
<USERREF USERNAME="c243049"/>
<USERREF USERNAME="c257199"/>
<USERREF USERNAME="yex7750"/>
<USERREF USERNAME="c085302"/>
<USERREF USERNAME="c149066"/>
<USERREF USERNAME="c074342"/>
<USERREF USERNAME="c021984"/>
<USERREF USERNAME="c149177"/>
<USERREF USERNAME="rm35504"/>
<USERREF USERNAME="c194055"/>
<USERREF USERNAME="c131994"/>
<USERREF USERNAME="ye91098"/>
<USERREF USERNAME="yex7972"/>
<USERREF USERNAME="yex7231"/>
<USERREF USERNAME="c227370"/>
<USERREF USERNAME="v6x8356"/>
<USERREF USERNAME="c243048"/>
<USERREF USERNAME="c025980"/>
<USERREF USERNAME="c039863"/>
<USERREF USERNAME="yex7614"/>
<USERREF USERNAME="c137396"/>
<USERREF USERNAME="c239605"/>
<USERREF USERNAME="c244333"/>
<USERREF USERNAME="C243050"/>
<USERREF USERNAME="C257193"/>
<USERREF USERNAME="c219898"/>
<USERREF USERNAME="c257194"/>
<USERREF USERNAME="c225389"/>
<USERREF USERNAME="c075541"/>
<USERREF USERNAME="ZPFsaguilar"/>
<USERREF USERNAME="ZPFralorico"/>
<USERREF USERNAME="ZPFvbalint"/>
<USERREF USERNAME="ZPFlbalubar"/>
<USERREF USERNAME="ZPFkbarkoczi"/>
<USERREF USERNAME="ZPFtcabanes"/>
<USERREF USERNAME="ZPFkcco"/>
<USERREF USERNAME="ZPFsdamato"/>
<USERREF USERNAME="ZPFidanyi"/>
<USERREF USERNAME="ZPFedervishaj"/>
<USERREF USERNAME="ZPFadonio"/>
<USERREF USERNAME="ZPFrducusin"/>
<USERREF USERNAME="ZPFoely"/>
<USERREF USERNAME="ZPFtfabian"/>
<USERREF USERNAME="ZPFhhamada"/>
<USERREF USERNAME="ZPFcmolom"/>
<USERREF USERNAME="ZPFtishizuka"/>
<USERREF USERNAME="ZPFjistenes"/>
<USERREF USERNAME="ZPFmiwaki"/>
<USERREF USERNAME="ZPFijohl"/>
<USERREF USERNAME="ZPFdkawashima"/>
<USERREF USERNAME="ZPFskholti"/>
<USERREF USERNAME="ZPFekosa"/>
<USERREF USERNAME="ZPFgkrucso"/>
<USERREF USERNAME="ZPFmlalangan"/>
<USERREF USERNAME="ZPFklim"/>
<USERREF USERNAME="ZPFlmate"/>
<USERREF USERNAME="ZPFpmore"/>
<USERREF USERNAME="ZPFdnagy"/>
<USERREF USERNAME="ZPFanakai"/>
<USERREF USERNAME="ZPFanyiri"/>
<USERREF USERNAME="ZPFapervaiz"/>
<USERREF USERNAME="ZPFnqi"/>
<USERREF USERNAME="ZPFnreis"/>
<USERREF USERNAME="ZPFprojas"/>
<USERREF USERNAME="ZPFasomogyi"/>
<USERREF USERNAME="ZPFtszabo"/>
<USERREF USERNAME="ZPFstayco"/>
<USERREF USERNAME="ZPFaktoth"/>
<USERREF USERNAME="ZPFhtsuchida"/>
<USERREF USERNAME="ZPFpvallar"/>
<USERREF USERNAME="ZPFgyvarga"/>
<USERREF USERNAME="ZPFfvarga"/>
<USERREF USERNAME="ZPFnvergara"/>
<USERREF USERNAME="ZPFaverpeleti"/>
<USERREF USERNAME="ZPFawarsama"/>
<USERREF USERNAME="ZPFmyuta"/>
<USERREF USERNAME="ZPFvzdirko"/>
</SITEGROUP>
<SITEGROUP SITENAME="(180) Kuang Jian">
<USERREF USERNAME="a701824"/>
<USERREF USERNAME="c074429"/>
<USERREF USERNAME="c026393"/>
<USERREF USERNAME="a608760"/>
<USERREF USERNAME="c189327"/>
<USERREF USERNAME="yex8021"/>
<USERREF USERNAME="a608261"/>
<USERREF USERNAME="c058698"/>
<USERREF USERNAME="c143125"/>
<USERREF USERNAME="c135748"/>
<USERREF USERNAME="yex7920"/>
<USERREF USERNAME="c149470"/>
<USERREF USERNAME="rm36132"/>
<USERREF USERNAME="rm37825"/>
<USERREF USERNAME="a803075"/>
<USERREF USERNAME="a511471"/>
<USERREF USERNAME="C228250"/>
<USERREF USERNAME="rm87794"/>
<USERREF USERNAME="c196248"/>
<USERREF USERNAME="c199642"/>
<USERREF USERNAME="c223292"/>
<USERREF USERNAME="c196683"/>
<USERREF USERNAME="c068502"/>
<USERREF USERNAME="c228249"/>
<USERREF USERNAME="c228246"/>
<USERREF USERNAME="c228247"/>
<USERREF USERNAME="c228248"/>
<USERREF USERNAME="ye73456"/>
<USERREF USERNAME="c100415"/>
<USERREF USERNAME="c181983"/>
<USERREF USERNAME="c194032"/>
<USERREF USERNAME="c225384"/>
<USERREF USERNAME="C175084"/>
<USERREF USERNAME="c243031"/>
<USERREF USERNAME="i4lghabes_RE"/>
<USERREF USERNAME="coder_query"/>
<USERREF USERNAME="odm_user"/>
<USERREF USERNAME="z2x7521"/>
<USERREF USERNAME="z2x1799"/>
<USERREF USERNAME="c206388"/>
<USERREF USERNAME="c225929"/>
<USERREF USERNAME="c083101"/>
<USERREF USERNAME="c244714"/>
<USERREF USERNAME="c079244"/>
<USERREF USERNAME="u7X4333"/>
<USERREF USERNAME="rm90029"/>
<USERREF USERNAME="rm89018"/>
<USERREF USERNAME="c069132"/>
<USERREF USERNAME="c015393"/>
<USERREF USERNAME="c249923"/>
<USERREF USERNAME="c243054"/>
<USERREF USERNAME="c057362"/>
<USERREF USERNAME="c243030"/>
<USERREF USERNAME="c247616"/>
<USERREF USERNAME="c071673"/>
<USERREF USERNAME="a015765"/>
<USERREF USERNAME="C249885"/>
<USERREF USERNAME="c202987"/>
<USERREF USERNAME="c203058"/>
<USERREF USERNAME="u6x6712"/>
<USERREF USERNAME="c148827"/>
<USERREF USERNAME="v6x8058"/>
<USERREF USERNAME="c206591"/>
<USERREF USERNAME="c090108"/>
<USERREF USERNAME="c257195"/>
<USERREF USERNAME="c039853"/>
<USERREF USERNAME="c074090"/>
<USERREF USERNAME="c243032"/>
<USERREF USERNAME="c068505"/>
<USERREF USERNAME="c243049"/>
<USERREF USERNAME="c257199"/>
<USERREF USERNAME="yex7750"/>
<USERREF USERNAME="c085302"/>
<USERREF USERNAME="c149066"/>
<USERREF USERNAME="c074342"/>
<USERREF USERNAME="c021984"/>
<USERREF USERNAME="c149177"/>
<USERREF USERNAME="rm35504"/>
<USERREF USERNAME="c194055"/>
<USERREF USERNAME="c131994"/>
<USERREF USERNAME="ye91098"/>
<USERREF USERNAME="yex7972"/>
<USERREF USERNAME="yex7231"/>
<USERREF USERNAME="c227370"/>
<USERREF USERNAME="v6x8356"/>
<USERREF USERNAME="c243048"/>
<USERREF USERNAME="c025980"/>
<USERREF USERNAME="c039863"/>
<USERREF USERNAME="yex7614"/>
<USERREF USERNAME="c137396"/>
<USERREF USERNAME="c239605"/>
<USERREF USERNAME="c244333"/>
<USERREF USERNAME="C243050"/>
<USERREF USERNAME="C257193"/>
<USERREF USERNAME="c219898"/>
<USERREF USERNAME="c257194"/>
<USERREF USERNAME="c225389"/>
<USERREF USERNAME="c075541"/>
<USERREF USERNAME="ZPFsaguilar"/>
<USERREF USERNAME="ZPFralorico"/>
<USERREF USERNAME="ZPFvbalint"/>
<USERREF USERNAME="ZPFlbalubar"/>
<USERREF USERNAME="ZPFkbarkoczi"/>
<USERREF USERNAME="ZPFtcabanes"/>
<USERREF USERNAME="ZPFkcco"/>
<USERREF USERNAME="ZPFsdamato"/>
<USERREF USERNAME="ZPFidanyi"/>
<USERREF USERNAME="ZPFedervishaj"/>
<USERREF USERNAME="ZPFadonio"/>
<USERREF USERNAME="ZPFrducusin"/>
<USERREF USERNAME="ZPFoely"/>
<USERREF USERNAME="ZPFtfabian"/>
<USERREF USERNAME="ZPFhhamada"/>
<USERREF USERNAME="ZPFcmolom"/>
<USERREF USERNAME="ZPFtishizuka"/>
<USERREF USERNAME="ZPFjistenes"/>
<USERREF USERNAME="ZPFmiwaki"/>
<USERREF USERNAME="ZPFijohl"/>
<USERREF USERNAME="ZPFdkawashima"/>
<USERREF USERNAME="ZPFskholti"/>
<USERREF USERNAME="ZPFekosa"/>
<USERREF USERNAME="ZPFgkrucso"/>
<USERREF USERNAME="ZPFmlalangan"/>
<USERREF USERNAME="ZPFklim"/>
<USERREF USERNAME="ZPFlmate"/>
<USERREF USERNAME="ZPFpmore"/>
<USERREF USERNAME="ZPFdnagy"/>
<USERREF USERNAME="ZPFanakai"/>
<USERREF USERNAME="ZPFanyiri"/>
<USERREF USERNAME="ZPFapervaiz"/>
<USERREF USERNAME="ZPFnqi"/>
<USERREF USERNAME="ZPFnreis"/>
<USERREF USERNAME="ZPFprojas"/>
<USERREF USERNAME="ZPFasomogyi"/>
<USERREF USERNAME="ZPFtszabo"/>
<USERREF USERNAME="ZPFstayco"/>
<USERREF USERNAME="ZPFaktoth"/>
<USERREF USERNAME="ZPFhtsuchida"/>
<USERREF USERNAME="ZPFpvallar"/>
<USERREF USERNAME="ZPFgyvarga"/>
<USERREF USERNAME="ZPFfvarga"/>
<USERREF USERNAME="ZPFnvergara"/>
<USERREF USERNAME="ZPFaverpeleti"/>
<USERREF USERNAME="ZPFawarsama"/>
<USERREF USERNAME="ZPFmyuta"/>
<USERREF USERNAME="ZPFvzdirko"/>
</SITEGROUP>
<SITEGROUP SITENAME="(290) LI Ling">
<USERREF USERNAME="C249885"/>
<USERREF USERNAME="c202987"/>
<USERREF USERNAME="c203058"/>
<USERREF USERNAME="u6x6712"/>
<USERREF USERNAME="c148827"/>
<USERREF USERNAME="v6x8058"/>
<USERREF USERNAME="c206591"/>
<USERREF USERNAME="c090108"/>
<USERREF USERNAME="c257195"/>
<USERREF USERNAME="c039853"/>
<USERREF USERNAME="c074090"/>
<USERREF USERNAME="c243032"/>
<USERREF USERNAME="c068505"/>
<USERREF USERNAME="c243049"/>
<USERREF USERNAME="c257199"/>
<USERREF USERNAME="yex7750"/>
<USERREF USERNAME="c085302"/>
<USERREF USERNAME="c149066"/>
<USERREF USERNAME="c074342"/>
<USERREF USERNAME="c021984"/>
<USERREF USERNAME="c149177"/>
<USERREF USERNAME="rm35504"/>
<USERREF USERNAME="c194055"/>
<USERREF USERNAME="c131994"/>
<USERREF USERNAME="ye91098"/>
<USERREF USERNAME="yex7972"/>
<USERREF USERNAME="yex7231"/>
<USERREF USERNAME="c227370"/>
<USERREF USERNAME="v6x8356"/>
<USERREF USERNAME="c243048"/>
<USERREF USERNAME="c025980"/>
<USERREF USERNAME="c039863"/>
<USERREF USERNAME="yex7614"/>
<USERREF USERNAME="c137396"/>
<USERREF USERNAME="c239605"/>
<USERREF USERNAME="c244333"/>
<USERREF USERNAME="C243050"/>
<USERREF USERNAME="C257193"/>
<USERREF USERNAME="c219898"/>
<USERREF USERNAME="c257194"/>
<USERREF USERNAME="c225389"/>
<USERREF USERNAME="c075541"/>
<USERREF USERNAME="a701824"/>
<USERREF USERNAME="c074429"/>
<USERREF USERNAME="c026393"/>
<USERREF USERNAME="a608760"/>
<USERREF USERNAME="c189327"/>
<USERREF USERNAME="yex8021"/>
<USERREF USERNAME="a608261"/>
<USERREF USERNAME="c058698"/>
<USERREF USERNAME="c143125"/>
<USERREF USERNAME="c135748"/>
<USERREF USERNAME="yex7920"/>
<USERREF USERNAME="c149470"/>
<USERREF USERNAME="rm36132"/>
<USERREF USERNAME="rm37825"/>
<USERREF USERNAME="a803075"/>
<USERREF USERNAME="a511471"/>
<USERREF USERNAME="C228250"/>
<USERREF USERNAME="rm87794"/>
<USERREF USERNAME="c196248"/>
<USERREF USERNAME="c199642"/>
<USERREF USERNAME="c223292"/>
<USERREF USERNAME="c196683"/>
<USERREF USERNAME="c068502"/>
<USERREF USERNAME="c228249"/>
<USERREF USERNAME="c228246"/>
<USERREF USERNAME="c228247"/>
<USERREF USERNAME="c228248"/>
<USERREF USERNAME="ye73456"/>
<USERREF USERNAME="c100415"/>
<USERREF USERNAME="c181983"/>
<USERREF USERNAME="c194032"/>
<USERREF USERNAME="c225384"/>
<USERREF USERNAME="C175084"/>
<USERREF USERNAME="c243031"/>
<USERREF USERNAME="i4lghabes_RE"/>
<USERREF USERNAME="coder_query"/>
<USERREF USERNAME="odm_user"/>
<USERREF USERNAME="z2x7521"/>
<USERREF USERNAME="z2x1799"/>
<USERREF USERNAME="c206388"/>
<USERREF USERNAME="c225929"/>
<USERREF USERNAME="c083101"/>
<USERREF USERNAME="c244714"/>
<USERREF USERNAME="c079244"/>
<USERREF USERNAME="u7X4333"/>
<USERREF USERNAME="rm90029"/>
<USERREF USERNAME="rm89018"/>
<USERREF USERNAME="c069132"/>
<USERREF USERNAME="c015393"/>
<USERREF USERNAME="c249923"/>
<USERREF USERNAME="c243054"/>
<USERREF USERNAME="c057362"/>
<USERREF USERNAME="c243030"/>
<USERREF USERNAME="c247616"/>
<USERREF USERNAME="c071673"/>
<USERREF USERNAME="a015765"/>
<USERREF USERNAME="ZPFsaguilar"/>
<USERREF USERNAME="ZPFralorico"/>
<USERREF USERNAME="ZPFvbalint"/>
<USERREF USERNAME="ZPFlbalubar"/>
<USERREF USERNAME="ZPFkbarkoczi"/>
<USERREF USERNAME="ZPFtcabanes"/>
<USERREF USERNAME="ZPFkcco"/>
<USERREF USERNAME="ZPFsdamato"/>
<USERREF USERNAME="ZPFidanyi"/>
<USERREF USERNAME="ZPFedervishaj"/>
<USERREF USERNAME="ZPFadonio"/>
<USERREF USERNAME="ZPFrducusin"/>
<USERREF USERNAME="ZPFoely"/>
<USERREF USERNAME="ZPFtfabian"/>
<USERREF USERNAME="ZPFhhamada"/>
<USERREF USERNAME="ZPFcmolom"/>
<USERREF USERNAME="ZPFtishizuka"/>
<USERREF USERNAME="ZPFjistenes"/>
<USERREF USERNAME="ZPFmiwaki"/>
<USERREF USERNAME="ZPFijohl"/>
<USERREF USERNAME="ZPFdkawashima"/>
<USERREF USERNAME="ZPFskholti"/>
<USERREF USERNAME="ZPFekosa"/>
<USERREF USERNAME="ZPFgkrucso"/>
<USERREF USERNAME="ZPFmlalangan"/>
<USERREF USERNAME="ZPFklim"/>
<USERREF USERNAME="ZPFlmate"/>
<USERREF USERNAME="ZPFpmore"/>
<USERREF USERNAME="ZPFdnagy"/>
<USERREF USERNAME="ZPFanakai"/>
<USERREF USERNAME="ZPFanyiri"/>
<USERREF USERNAME="ZPFapervaiz"/>
<USERREF USERNAME="ZPFnqi"/>
<USERREF USERNAME="ZPFnreis"/>
<USERREF USERNAME="ZPFprojas"/>
<USERREF USERNAME="ZPFasomogyi"/>
<USERREF USERNAME="ZPFtszabo"/>
<USERREF USERNAME="ZPFstayco"/>
<USERREF USERNAME="ZPFaktoth"/>
<USERREF USERNAME="ZPFhtsuchida"/>
<USERREF USERNAME="ZPFpvallar"/>
<USERREF USERNAME="ZPFgyvarga"/>
<USERREF USERNAME="ZPFfvarga"/>
<USERREF USERNAME="ZPFnvergara"/>
<USERREF USERNAME="ZPFaverpeleti"/>
<USERREF USERNAME="ZPFawarsama"/>
<USERREF USERNAME="ZPFmyuta"/>
<USERREF USERNAME="ZPFvzdirko"/>
</SITEGROUP>
<SITEGROUP SITENAME="(140) LU Yibing">
<USERREF USERNAME="c148827"/>
<USERREF USERNAME="v6x8058"/>
<USERREF USERNAME="c206591"/>
<USERREF USERNAME="c090108"/>
<USERREF USERNAME="c257195"/>
<USERREF USERNAME="c039853"/>
<USERREF USERNAME="c074090"/>
<USERREF USERNAME="c243032"/>
<USERREF USERNAME="c068505"/>
<USERREF USERNAME="c243049"/>
<USERREF USERNAME="c257199"/>
<USERREF USERNAME="yex7750"/>
<USERREF USERNAME="c085302"/>
<USERREF USERNAME="c149066"/>
<USERREF USERNAME="c074342"/>
<USERREF USERNAME="c021984"/>
<USERREF USERNAME="c149177"/>
<USERREF USERNAME="rm35504"/>
<USERREF USERNAME="c194055"/>
<USERREF USERNAME="c131994"/>
<USERREF USERNAME="ye91098"/>
<USERREF USERNAME="yex7972"/>
<USERREF USERNAME="yex7231"/>
<USERREF USERNAME="c227370"/>
<USERREF USERNAME="v6x8356"/>
<USERREF USERNAME="c243048"/>
<USERREF USERNAME="c025980"/>
<USERREF USERNAME="c039863"/>
<USERREF USERNAME="yex7614"/>
<USERREF USERNAME="c137396"/>
<USERREF USERNAME="c239605"/>
<USERREF USERNAME="c244333"/>
<USERREF USERNAME="C243050"/>
<USERREF USERNAME="C257193"/>
<USERREF USERNAME="c219898"/>
<USERREF USERNAME="c257194"/>
<USERREF USERNAME="c225389"/>
<USERREF USERNAME="c075541"/>
<USERREF USERNAME="a701824"/>
<USERREF USERNAME="c074429"/>
<USERREF USERNAME="c026393"/>
<USERREF USERNAME="a608760"/>
<USERREF USERNAME="c189327"/>
<USERREF USERNAME="yex8021"/>
<USERREF USERNAME="a608261"/>
<USERREF USERNAME="c058698"/>
<USERREF USERNAME="c143125"/>
<USERREF USERNAME="c135748"/>
<USERREF USERNAME="yex7920"/>
<USERREF USERNAME="c149470"/>
<USERREF USERNAME="rm36132"/>
<USERREF USERNAME="rm37825"/>
<USERREF USERNAME="a803075"/>
<USERREF USERNAME="a511471"/>
<USERREF USERNAME="C228250"/>
<USERREF USERNAME="rm87794"/>
<USERREF USERNAME="c196248"/>
<USERREF USERNAME="c199642"/>
<USERREF USERNAME="c223292"/>
<USERREF USERNAME="c196683"/>
<USERREF USERNAME="c068502"/>
<USERREF USERNAME="c228249"/>
<USERREF USERNAME="c228246"/>
<USERREF USERNAME="c228247"/>
<USERREF USERNAME="c228248"/>
<USERREF USERNAME="ye73456"/>
<USERREF USERNAME="c100415"/>
<USERREF USERNAME="c181983"/>
<USERREF USERNAME="c194032"/>
<USERREF USERNAME="c225384"/>
<USERREF USERNAME="C175084"/>
<USERREF USERNAME="c243031"/>
<USERREF USERNAME="i4lghabes_RE"/>
<USERREF USERNAME="coder_query"/>
<USERREF USERNAME="odm_user"/>
<USERREF USERNAME="z2x7521"/>
<USERREF USERNAME="z2x1799"/>
<USERREF USERNAME="c206388"/>
<USERREF USERNAME="c225929"/>
<USERREF USERNAME="c083101"/>
<USERREF USERNAME="c244714"/>
<USERREF USERNAME="c079244"/>
<USERREF USERNAME="u7X4333"/>
<USERREF USERNAME="rm90029"/>
<USERREF USERNAME="rm89018"/>
<USERREF USERNAME="c069132"/>
<USERREF USERNAME="c015393"/>
<USERREF USERNAME="c249923"/>
<USERREF USERNAME="c243054"/>
<USERREF USERNAME="c057362"/>
<USERREF USERNAME="c243030"/>
<USERREF USERNAME="c247616"/>
<USERREF USERNAME="c071673"/>
<USERREF USERNAME="a015765"/>
<USERREF USERNAME="C249885"/>
<USERREF USERNAME="c202987"/>
<USERREF USERNAME="c203058"/>
<USERREF USERNAME="u6x6712"/>
<USERREF USERNAME="ZPFsaguilar"/>
<USERREF USERNAME="ZPFralorico"/>
<USERREF USERNAME="ZPFvbalint"/>
<USERREF USERNAME="ZPFlbalubar"/>
<USERREF USERNAME="ZPFkbarkoczi"/>
<USERREF USERNAME="ZPFtcabanes"/>
<USERREF USERNAME="ZPFkcco"/>
<USERREF USERNAME="ZPFsdamato"/>
<USERREF USERNAME="ZPFidanyi"/>
<USERREF USERNAME="ZPFedervishaj"/>
<USERREF USERNAME="ZPFadonio"/>
<USERREF USERNAME="ZPFrducusin"/>
<USERREF USERNAME="ZPFoely"/>
<USERREF USERNAME="ZPFtfabian"/>
<USERREF USERNAME="ZPFhhamada"/>
<USERREF USERNAME="ZPFcmolom"/>
<USERREF USERNAME="ZPFtishizuka"/>
<USERREF USERNAME="ZPFjistenes"/>
<USERREF USERNAME="ZPFmiwaki"/>
<USERREF USERNAME="ZPFijohl"/>
<USERREF USERNAME="ZPFdkawashima"/>
<USERREF USERNAME="ZPFskholti"/>
<USERREF USERNAME="ZPFekosa"/>
<USERREF USERNAME="ZPFgkrucso"/>
<USERREF USERNAME="ZPFmlalangan"/>
<USERREF USERNAME="ZPFklim"/>
<USERREF USERNAME="ZPFlmate"/>
<USERREF USERNAME="ZPFpmore"/>
<USERREF USERNAME="ZPFdnagy"/>
<USERREF USERNAME="ZPFanakai"/>
<USERREF USERNAME="ZPFanyiri"/>
<USERREF USERNAME="ZPFapervaiz"/>
<USERREF USERNAME="ZPFnqi"/>
<USERREF USERNAME="ZPFnreis"/>
<USERREF USERNAME="ZPFprojas"/>
<USERREF USERNAME="ZPFasomogyi"/>
<USERREF USERNAME="ZPFtszabo"/>
<USERREF USERNAME="ZPFstayco"/>
<USERREF USERNAME="ZPFaktoth"/>
<USERREF USERNAME="ZPFhtsuchida"/>
<USERREF USERNAME="ZPFpvallar"/>
<USERREF USERNAME="ZPFgyvarga"/>
<USERREF USERNAME="ZPFfvarga"/>
<USERREF USERNAME="ZPFnvergara"/>
<USERREF USERNAME="ZPFaverpeleti"/>
<USERREF USERNAME="ZPFawarsama"/>
<USERREF USERNAME="ZPFmyuta"/>
<USERREF USERNAME="ZPFvzdirko"/>
</SITEGROUP>
<SITEGROUP SITENAME="(210) Li Yan">
<USERREF USERNAME="a701824"/>
<USERREF USERNAME="c074429"/>
<USERREF USERNAME="c026393"/>
<USERREF USERNAME="a608760"/>
<USERREF USERNAME="c189327"/>
<USERREF USERNAME="yex8021"/>
<USERREF USERNAME="a608261"/>
<USERREF USERNAME="c058698"/>
<USERREF USERNAME="c143125"/>
<USERREF USERNAME="c135748"/>
<USERREF USERNAME="yex7920"/>
<USERREF USERNAME="c149470"/>
<USERREF USERNAME="rm36132"/>
<USERREF USERNAME="rm37825"/>
<USERREF USERNAME="a803075"/>
<USERREF USERNAME="a511471"/>
<USERREF USERNAME="C228250"/>
<USERREF USERNAME="rm87794"/>
<USERREF USERNAME="c196248"/>
<USERREF USERNAME="c199642"/>
<USERREF USERNAME="c223292"/>
<USERREF USERNAME="c196683"/>
<USERREF USERNAME="c068502"/>
<USERREF USERNAME="c228249"/>
<USERREF USERNAME="c228246"/>
<USERREF USERNAME="c228247"/>
<USERREF USERNAME="c228248"/>
<USERREF USERNAME="ye73456"/>
<USERREF USERNAME="c100415"/>
<USERREF USERNAME="c181983"/>
<USERREF USERNAME="c194032"/>
<USERREF USERNAME="c225384"/>
<USERREF USERNAME="C175084"/>
<USERREF USERNAME="c243031"/>
<USERREF USERNAME="i4lghabes_RE"/>
<USERREF USERNAME="coder_query"/>
<USERREF USERNAME="odm_user"/>
<USERREF USERNAME="z2x7521"/>
<USERREF USERNAME="z2x1799"/>
<USERREF USERNAME="c206388"/>
<USERREF USERNAME="c225929"/>
<USERREF USERNAME="c083101"/>
<USERREF USERNAME="c244714"/>
<USERREF USERNAME="c079244"/>
<USERREF USERNAME="u7X4333"/>
<USERREF USERNAME="rm90029"/>
<USERREF USERNAME="rm89018"/>
<USERREF USERNAME="c069132"/>
<USERREF USERNAME="c015393"/>
<USERREF USERNAME="c249923"/>
<USERREF USERNAME="c243054"/>
<USERREF USERNAME="c057362"/>
<USERREF USERNAME="c243030"/>
<USERREF USERNAME="c247616"/>
<USERREF USERNAME="c071673"/>
<USERREF USERNAME="a015765"/>
<USERREF USERNAME="C249885"/>
<USERREF USERNAME="c202987"/>
<USERREF USERNAME="c203058"/>
<USERREF USERNAME="u6x6712"/>
<USERREF USERNAME="c148827"/>
<USERREF USERNAME="v6x8058"/>
<USERREF USERNAME="c206591"/>
<USERREF USERNAME="c090108"/>
<USERREF USERNAME="c257195"/>
<USERREF USERNAME="c039853"/>
<USERREF USERNAME="c074090"/>
<USERREF USERNAME="c243032"/>
<USERREF USERNAME="c068505"/>
<USERREF USERNAME="c243049"/>
<USERREF USERNAME="c257199"/>
<USERREF USERNAME="yex7750"/>
<USERREF USERNAME="c085302"/>
<USERREF USERNAME="c149066"/>
<USERREF USERNAME="c074342"/>
<USERREF USERNAME="c021984"/>
<USERREF USERNAME="c149177"/>
<USERREF USERNAME="rm35504"/>
<USERREF USERNAME="c194055"/>
<USERREF USERNAME="c131994"/>
<USERREF USERNAME="ye91098"/>
<USERREF USERNAME="yex7972"/>
<USERREF USERNAME="yex7231"/>
<USERREF USERNAME="c227370"/>
<USERREF USERNAME="v6x8356"/>
<USERREF USERNAME="c243048"/>
<USERREF USERNAME="c025980"/>
<USERREF USERNAME="c039863"/>
<USERREF USERNAME="yex7614"/>
<USERREF USERNAME="c137396"/>
<USERREF USERNAME="c239605"/>
<USERREF USERNAME="c244333"/>
<USERREF USERNAME="C243050"/>
<USERREF USERNAME="C257193"/>
<USERREF USERNAME="c219898"/>
<USERREF USERNAME="c257194"/>
<USERREF USERNAME="c225389"/>
<USERREF USERNAME="c075541"/>
<USERREF USERNAME="ZPFsaguilar"/>
<USERREF USERNAME="ZPFralorico"/>
<USERREF USERNAME="ZPFvbalint"/>
<USERREF USERNAME="ZPFlbalubar"/>
<USERREF USERNAME="ZPFkbarkoczi"/>
<USERREF USERNAME="ZPFtcabanes"/>
<USERREF USERNAME="ZPFkcco"/>
<USERREF USERNAME="ZPFsdamato"/>
<USERREF USERNAME="ZPFidanyi"/>
<USERREF USERNAME="ZPFedervishaj"/>
<USERREF USERNAME="ZPFadonio"/>
<USERREF USERNAME="ZPFrducusin"/>
<USERREF USERNAME="ZPFoely"/>
<USERREF USERNAME="ZPFtfabian"/>
<USERREF USERNAME="ZPFhhamada"/>
<USERREF USERNAME="ZPFcmolom"/>
<USERREF USERNAME="ZPFtishizuka"/>
<USERREF USERNAME="ZPFjistenes"/>
<USERREF USERNAME="ZPFmiwaki"/>
<USERREF USERNAME="ZPFijohl"/>
<USERREF USERNAME="ZPFdkawashima"/>
<USERREF USERNAME="ZPFskholti"/>
<USERREF USERNAME="ZPFekosa"/>
<USERREF USERNAME="ZPFgkrucso"/>
<USERREF USERNAME="ZPFmlalangan"/>
<USERREF USERNAME="ZPFklim"/>
<USERREF USERNAME="ZPFlmate"/>
<USERREF USERNAME="ZPFpmore"/>
<USERREF USERNAME="ZPFdnagy"/>
<USERREF USERNAME="ZPFanakai"/>
<USERREF USERNAME="ZPFanyiri"/>
<USERREF USERNAME="ZPFapervaiz"/>
<USERREF USERNAME="ZPFnqi"/>
<USERREF USERNAME="ZPFnreis"/>
<USERREF USERNAME="ZPFprojas"/>
<USERREF USERNAME="ZPFasomogyi"/>
<USERREF USERNAME="ZPFtszabo"/>
<USERREF USERNAME="ZPFstayco"/>
<USERREF USERNAME="ZPFaktoth"/>
<USERREF USERNAME="ZPFhtsuchida"/>
<USERREF USERNAME="ZPFpvallar"/>
<USERREF USERNAME="ZPFgyvarga"/>
<USERREF USERNAME="ZPFfvarga"/>
<USERREF USERNAME="ZPFnvergara"/>
<USERREF USERNAME="ZPFaverpeleti"/>
<USERREF USERNAME="ZPFawarsama"/>
<USERREF USERNAME="ZPFmyuta"/>
<USERREF USERNAME="ZPFvzdirko"/>
</SITEGROUP>
<SITEGROUP SITENAME="(230) Li Yanbing">
<USERREF USERNAME="c228248"/>
<USERREF USERNAME="ye73456"/>
<USERREF USERNAME="c100415"/>
<USERREF USERNAME="c181983"/>
<USERREF USERNAME="i4lghabes_RE"/>
<USERREF USERNAME="coder_query"/>
<USERREF USERNAME="odm_user"/>
<USERREF USERNAME="z2x7521"/>
<USERREF USERNAME="z2x1799"/>
<USERREF USERNAME="c206388"/>
<USERREF USERNAME="c225929"/>
<USERREF USERNAME="c083101"/>
<USERREF USERNAME="c244714"/>
<USERREF USERNAME="c079244"/>
<USERREF USERNAME="u7X4333"/>
<USERREF USERNAME="rm90029"/>
<USERREF USERNAME="rm89018"/>
<USERREF USERNAME="c069132"/>
<USERREF USERNAME="c015393"/>
<USERREF USERNAME="c249923"/>
<USERREF USERNAME="c243054"/>
<USERREF USERNAME="c057362"/>
<USERREF USERNAME="c243030"/>
<USERREF USERNAME="c247616"/>
<USERREF USERNAME="c071673"/>
<USERREF USERNAME="a015765"/>
<USERREF USERNAME="C249885"/>
<USERREF USERNAME="c202987"/>
<USERREF USERNAME="c203058"/>
<USERREF USERNAME="u6x6712"/>
<USERREF USERNAME="c148827"/>
<USERREF USERNAME="v6x8058"/>
<USERREF USERNAME="c206591"/>
<USERREF USERNAME="c090108"/>
<USERREF USERNAME="c194032"/>
<USERREF USERNAME="c225384"/>
<USERREF USERNAME="C175084"/>
<USERREF USERNAME="c243031"/>
<USERREF USERNAME="c257195"/>
<USERREF USERNAME="c039853"/>
<USERREF USERNAME="c074090"/>
<USERREF USERNAME="c243032"/>
<USERREF USERNAME="c068505"/>
<USERREF USERNAME="c243049"/>
<USERREF USERNAME="c257199"/>
<USERREF USERNAME="yex7750"/>
<USERREF USERNAME="c085302"/>
<USERREF USERNAME="c149066"/>
<USERREF USERNAME="c074342"/>
<USERREF USERNAME="c021984"/>
<USERREF USERNAME="c149177"/>
<USERREF USERNAME="rm35504"/>
<USERREF USERNAME="c194055"/>
<USERREF USERNAME="c131994"/>
<USERREF USERNAME="ye91098"/>
<USERREF USERNAME="yex7972"/>
<USERREF USERNAME="yex7231"/>
<USERREF USERNAME="c227370"/>
<USERREF USERNAME="v6x8356"/>
<USERREF USERNAME="c243048"/>
<USERREF USERNAME="c025980"/>
<USERREF USERNAME="c039863"/>
<USERREF USERNAME="yex7614"/>
<USERREF USERNAME="c137396"/>
<USERREF USERNAME="c239605"/>
<USERREF USERNAME="c244333"/>
<USERREF USERNAME="C243050"/>
<USERREF USERNAME="C257193"/>
<USERREF USERNAME="c219898"/>
<USERREF USERNAME="c257194"/>
<USERREF USERNAME="c225389"/>
<USERREF USERNAME="c075541"/>
<USERREF USERNAME="a701824"/>
<USERREF USERNAME="c074429"/>
<USERREF USERNAME="c026393"/>
<USERREF USERNAME="a608760"/>
<USERREF USERNAME="c189327"/>
<USERREF USERNAME="yex8021"/>
<USERREF USERNAME="a608261"/>
<USERREF USERNAME="c058698"/>
<USERREF USERNAME="c143125"/>
<USERREF USERNAME="c135748"/>
<USERREF USERNAME="yex7920"/>
<USERREF USERNAME="c149470"/>
<USERREF USERNAME="rm36132"/>
<USERREF USERNAME="rm37825"/>
<USERREF USERNAME="a803075"/>
<USERREF USERNAME="a511471"/>
<USERREF USERNAME="C228250"/>
<USERREF USERNAME="rm87794"/>
<USERREF USERNAME="c196248"/>
<USERREF USERNAME="c199642"/>
<USERREF USERNAME="c223292"/>
<USERREF USERNAME="c196683"/>
<USERREF USERNAME="c068502"/>
<USERREF USERNAME="c228249"/>
<USERREF USERNAME="c228246"/>
<USERREF USERNAME="c228247"/>
<USERREF USERNAME="ZPFsaguilar"/>
<USERREF USERNAME="ZPFralorico"/>
<USERREF USERNAME="ZPFvbalint"/>
<USERREF USERNAME="ZPFlbalubar"/>
<USERREF USERNAME="ZPFkbarkoczi"/>
<USERREF USERNAME="ZPFtcabanes"/>
<USERREF USERNAME="ZPFkcco"/>
<USERREF USERNAME="ZPFsdamato"/>
<USERREF USERNAME="ZPFidanyi"/>
<USERREF USERNAME="ZPFedervishaj"/>
<USERREF USERNAME="ZPFadonio"/>
<USERREF USERNAME="ZPFrducusin"/>
<USERREF USERNAME="ZPFoely"/>
<USERREF USERNAME="ZPFtfabian"/>
<USERREF USERNAME="ZPFhhamada"/>
<USERREF USERNAME="ZPFcmolom"/>
<USERREF USERNAME="ZPFtishizuka"/>
<USERREF USERNAME="ZPFjistenes"/>
<USERREF USERNAME="ZPFmiwaki"/>
<USERREF USERNAME="ZPFijohl"/>
<USERREF USERNAME="ZPFdkawashima"/>
<USERREF USERNAME="ZPFskholti"/>
<USERREF USERNAME="ZPFekosa"/>
<USERREF USERNAME="ZPFgkrucso"/>
<USERREF USERNAME="ZPFmlalangan"/>
<USERREF USERNAME="ZPFklim"/>
<USERREF USERNAME="ZPFlmate"/>
<USERREF USERNAME="ZPFpmore"/>
<USERREF USERNAME="ZPFdnagy"/>
<USERREF USERNAME="ZPFanakai"/>
<USERREF USERNAME="ZPFanyiri"/>
<USERREF USERNAME="ZPFapervaiz"/>
<USERREF USERNAME="ZPFnqi"/>
<USERREF USERNAME="ZPFnreis"/>
<USERREF USERNAME="ZPFprojas"/>
<USERREF USERNAME="ZPFasomogyi"/>
<USERREF USERNAME="ZPFtszabo"/>
<USERREF USERNAME="ZPFstayco"/>
<USERREF USERNAME="ZPFaktoth"/>
<USERREF USERNAME="ZPFhtsuchida"/>
<USERREF USERNAME="ZPFpvallar"/>
<USERREF USERNAME="ZPFgyvarga"/>
<USERREF USERNAME="ZPFfvarga"/>
<USERREF USERNAME="ZPFnvergara"/>
<USERREF USERNAME="ZPFaverpeleti"/>
<USERREF USERNAME="ZPFawarsama"/>
<USERREF USERNAME="ZPFmyuta"/>
<USERREF USERNAME="ZPFvzdirko"/>
</SITEGROUP>
<SITEGROUP SITENAME="(280) Li Yuxiu">
<USERREF USERNAME="c196248"/>
<USERREF USERNAME="c199642"/>
<USERREF USERNAME="c223292"/>
<USERREF USERNAME="c196683"/>
<USERREF USERNAME="c068502"/>
<USERREF USERNAME="c228249"/>
<USERREF USERNAME="c228246"/>
<USERREF USERNAME="c228247"/>
<USERREF USERNAME="i4lghabes_RE"/>
<USERREF USERNAME="coder_query"/>
<USERREF USERNAME="odm_user"/>
<USERREF USERNAME="z2x7521"/>
<USERREF USERNAME="z2x1799"/>
<USERREF USERNAME="c206388"/>
<USERREF USERNAME="c225929"/>
<USERREF USERNAME="c083101"/>
<USERREF USERNAME="c244714"/>
<USERREF USERNAME="c079244"/>
<USERREF USERNAME="u7X4333"/>
<USERREF USERNAME="rm90029"/>
<USERREF USERNAME="rm89018"/>
<USERREF USERNAME="c069132"/>
<USERREF USERNAME="c015393"/>
<USERREF USERNAME="c249923"/>
<USERREF USERNAME="c243054"/>
<USERREF USERNAME="c057362"/>
<USERREF USERNAME="c243030"/>
<USERREF USERNAME="c247616"/>
<USERREF USERNAME="c071673"/>
<USERREF USERNAME="a015765"/>
<USERREF USERNAME="C249885"/>
<USERREF USERNAME="c202987"/>
<USERREF USERNAME="c203058"/>
<USERREF USERNAME="u6x6712"/>
<USERREF USERNAME="c228248"/>
<USERREF USERNAME="ye73456"/>
<USERREF USERNAME="c100415"/>
<USERREF USERNAME="c181983"/>
<USERREF USERNAME="c194032"/>
<USERREF USERNAME="c225384"/>
<USERREF USERNAME="C175084"/>
<USERREF USERNAME="c243031"/>
<USERREF USERNAME="c148827"/>
<USERREF USERNAME="v6x8058"/>
<USERREF USERNAME="c206591"/>
<USERREF USERNAME="c090108"/>
<USERREF USERNAME="c257195"/>
<USERREF USERNAME="c039853"/>
<USERREF USERNAME="c074090"/>
<USERREF USERNAME="c243032"/>
<USERREF USERNAME="c068505"/>
<USERREF USERNAME="c243049"/>
<USERREF USERNAME="c257199"/>
<USERREF USERNAME="yex7750"/>
<USERREF USERNAME="c085302"/>
<USERREF USERNAME="c149066"/>
<USERREF USERNAME="c074342"/>
<USERREF USERNAME="c021984"/>
<USERREF USERNAME="c149177"/>
<USERREF USERNAME="rm35504"/>
<USERREF USERNAME="c194055"/>
<USERREF USERNAME="c131994"/>
<USERREF USERNAME="ye91098"/>
<USERREF USERNAME="yex7972"/>
<USERREF USERNAME="yex7231"/>
<USERREF USERNAME="c227370"/>
<USERREF USERNAME="v6x8356"/>
<USERREF USERNAME="c243048"/>
<USERREF USERNAME="c025980"/>
<USERREF USERNAME="c039863"/>
<USERREF USERNAME="yex7614"/>
<USERREF USERNAME="c137396"/>
<USERREF USERNAME="c239605"/>
<USERREF USERNAME="c244333"/>
<USERREF USERNAME="C243050"/>
<USERREF USERNAME="C257193"/>
<USERREF USERNAME="c219898"/>
<USERREF USERNAME="c257194"/>
<USERREF USERNAME="c225389"/>
<USERREF USERNAME="c075541"/>
<USERREF USERNAME="a701824"/>
<USERREF USERNAME="c074429"/>
<USERREF USERNAME="c026393"/>
<USERREF USERNAME="a608760"/>
<USERREF USERNAME="c189327"/>
<USERREF USERNAME="yex8021"/>
<USERREF USERNAME="a608261"/>
<USERREF USERNAME="c058698"/>
<USERREF USERNAME="c143125"/>
<USERREF USERNAME="c135748"/>
<USERREF USERNAME="yex7920"/>
<USERREF USERNAME="c149470"/>
<USERREF USERNAME="rm36132"/>
<USERREF USERNAME="rm37825"/>
<USERREF USERNAME="a803075"/>
<USERREF USERNAME="a511471"/>
<USERREF USERNAME="C228250"/>
<USERREF USERNAME="rm87794"/>
<USERREF USERNAME="ZPFsaguilar"/>
<USERREF USERNAME="ZPFralorico"/>
<USERREF USERNAME="ZPFvbalint"/>
<USERREF USERNAME="ZPFlbalubar"/>
<USERREF USERNAME="ZPFkbarkoczi"/>
<USERREF USERNAME="ZPFtcabanes"/>
<USERREF USERNAME="ZPFkcco"/>
<USERREF USERNAME="ZPFsdamato"/>
<USERREF USERNAME="ZPFidanyi"/>
<USERREF USERNAME="ZPFedervishaj"/>
<USERREF USERNAME="ZPFadonio"/>
<USERREF USERNAME="ZPFrducusin"/>
<USERREF USERNAME="ZPFoely"/>
<USERREF USERNAME="ZPFtfabian"/>
<USERREF USERNAME="ZPFhhamada"/>
<USERREF USERNAME="ZPFcmolom"/>
<USERREF USERNAME="ZPFtishizuka"/>
<USERREF USERNAME="ZPFjistenes"/>
<USERREF USERNAME="ZPFmiwaki"/>
<USERREF USERNAME="ZPFijohl"/>
<USERREF USERNAME="ZPFdkawashima"/>
<USERREF USERNAME="ZPFskholti"/>
<USERREF USERNAME="ZPFekosa"/>
<USERREF USERNAME="ZPFgkrucso"/>
<USERREF USERNAME="ZPFmlalangan"/>
<USERREF USERNAME="ZPFklim"/>
<USERREF USERNAME="ZPFlmate"/>
<USERREF USERNAME="ZPFpmore"/>
<USERREF USERNAME="ZPFdnagy"/>
<USERREF USERNAME="ZPFanakai"/>
<USERREF USERNAME="ZPFanyiri"/>
<USERREF USERNAME="ZPFapervaiz"/>
<USERREF USERNAME="ZPFnqi"/>
<USERREF USERNAME="ZPFnreis"/>
<USERREF USERNAME="ZPFprojas"/>
<USERREF USERNAME="ZPFasomogyi"/>
<USERREF USERNAME="ZPFtszabo"/>
<USERREF USERNAME="ZPFstayco"/>
<USERREF USERNAME="ZPFaktoth"/>
<USERREF USERNAME="ZPFhtsuchida"/>
<USERREF USERNAME="ZPFpvallar"/>
<USERREF USERNAME="ZPFgyvarga"/>
<USERREF USERNAME="ZPFfvarga"/>
<USERREF USERNAME="ZPFnvergara"/>
<USERREF USERNAME="ZPFaverpeleti"/>
<USERREF USERNAME="ZPFawarsama"/>
<USERREF USERNAME="ZPFmyuta"/>
<USERREF USERNAME="ZPFvzdirko"/>
</SITEGROUP>
<SITEGROUP SITENAME="(130) MA Jianhua">
<USERREF USERNAME="i4lghabes_RE"/>
<USERREF USERNAME="coder_query"/>
<USERREF USERNAME="odm_user"/>
<USERREF USERNAME="z2x7521"/>
<USERREF USERNAME="z2x1799"/>
<USERREF USERNAME="c206388"/>
<USERREF USERNAME="c225929"/>
<USERREF USERNAME="c083101"/>
<USERREF USERNAME="c244714"/>
<USERREF USERNAME="c079244"/>
<USERREF USERNAME="u7X4333"/>
<USERREF USERNAME="rm90029"/>
<USERREF USERNAME="rm89018"/>
<USERREF USERNAME="c069132"/>
<USERREF USERNAME="c015393"/>
<USERREF USERNAME="c249923"/>
<USERREF USERNAME="c243054"/>
<USERREF USERNAME="c057362"/>
<USERREF USERNAME="c243030"/>
<USERREF USERNAME="c247616"/>
<USERREF USERNAME="c071673"/>
<USERREF USERNAME="a015765"/>
<USERREF USERNAME="C249885"/>
<USERREF USERNAME="c202987"/>
<USERREF USERNAME="c203058"/>
<USERREF USERNAME="u6x6712"/>
<USERREF USERNAME="c148827"/>
<USERREF USERNAME="v6x8058"/>
<USERREF USERNAME="c206591"/>
<USERREF USERNAME="c090108"/>
<USERREF USERNAME="c257195"/>
<USERREF USERNAME="c039853"/>
<USERREF USERNAME="c074090"/>
<USERREF USERNAME="c243032"/>
<USERREF USERNAME="c068505"/>
<USERREF USERNAME="c243049"/>
<USERREF USERNAME="c257199"/>
<USERREF USERNAME="yex7750"/>
<USERREF USERNAME="c085302"/>
<USERREF USERNAME="c149066"/>
<USERREF USERNAME="c074342"/>
<USERREF USERNAME="c021984"/>
<USERREF USERNAME="c149177"/>
<USERREF USERNAME="rm35504"/>
<USERREF USERNAME="c194055"/>
<USERREF USERNAME="c131994"/>
<USERREF USERNAME="ye91098"/>
<USERREF USERNAME="yex7972"/>
<USERREF USERNAME="yex7231"/>
<USERREF USERNAME="c227370"/>
<USERREF USERNAME="v6x8356"/>
<USERREF USERNAME="c243048"/>
<USERREF USERNAME="c025980"/>
<USERREF USERNAME="c039863"/>
<USERREF USERNAME="yex7614"/>
<USERREF USERNAME="c137396"/>
<USERREF USERNAME="c239605"/>
<USERREF USERNAME="c244333"/>
<USERREF USERNAME="C243050"/>
<USERREF USERNAME="C257193"/>
<USERREF USERNAME="c219898"/>
<USERREF USERNAME="c257194"/>
<USERREF USERNAME="c225389"/>
<USERREF USERNAME="c075541"/>
<USERREF USERNAME="a701824"/>
<USERREF USERNAME="c074429"/>
<USERREF USERNAME="c026393"/>
<USERREF USERNAME="a608760"/>
<USERREF USERNAME="c189327"/>
<USERREF USERNAME="yex8021"/>
<USERREF USERNAME="a608261"/>
<USERREF USERNAME="c058698"/>
<USERREF USERNAME="c143125"/>
<USERREF USERNAME="c135748"/>
<USERREF USERNAME="yex7920"/>
<USERREF USERNAME="c149470"/>
<USERREF USERNAME="rm36132"/>
<USERREF USERNAME="rm37825"/>
<USERREF USERNAME="a803075"/>
<USERREF USERNAME="a511471"/>
<USERREF USERNAME="C228250"/>
<USERREF USERNAME="rm87794"/>
<USERREF USERNAME="c196248"/>
<USERREF USERNAME="c199642"/>
<USERREF USERNAME="c223292"/>
<USERREF USERNAME="c196683"/>
<USERREF USERNAME="c068502"/>
<USERREF USERNAME="c228249"/>
<USERREF USERNAME="c228246"/>
<USERREF USERNAME="c228247"/>
<USERREF USERNAME="c228248"/>
<USERREF USERNAME="ye73456"/>
<USERREF USERNAME="c100415"/>
<USERREF USERNAME="c181983"/>
<USERREF USERNAME="c194032"/>
<USERREF USERNAME="c225384"/>
<USERREF USERNAME="C175084"/>
<USERREF USERNAME="c243031"/>
<USERREF USERNAME="ZPFsaguilar"/>
<USERREF USERNAME="ZPFralorico"/>
<USERREF USERNAME="ZPFvbalint"/>
<USERREF USERNAME="ZPFlbalubar"/>
<USERREF USERNAME="ZPFkbarkoczi"/>
<USERREF USERNAME="ZPFtcabanes"/>
<USERREF USERNAME="ZPFkcco"/>
<USERREF USERNAME="ZPFsdamato"/>
<USERREF USERNAME="ZPFidanyi"/>
<USERREF USERNAME="ZPFedervishaj"/>
<USERREF USERNAME="ZPFadonio"/>
<USERREF USERNAME="ZPFrducusin"/>
<USERREF USERNAME="ZPFoely"/>
<USERREF USERNAME="ZPFtfabian"/>
<USERREF USERNAME="ZPFhhamada"/>
<USERREF USERNAME="ZPFcmolom"/>
<USERREF USERNAME="ZPFtishizuka"/>
<USERREF USERNAME="ZPFjistenes"/>
<USERREF USERNAME="ZPFmiwaki"/>
<USERREF USERNAME="ZPFijohl"/>
<USERREF USERNAME="ZPFdkawashima"/>
<USERREF USERNAME="ZPFskholti"/>
<USERREF USERNAME="ZPFekosa"/>
<USERREF USERNAME="ZPFgkrucso"/>
<USERREF USERNAME="ZPFmlalangan"/>
<USERREF USERNAME="ZPFklim"/>
<USERREF USERNAME="ZPFlmate"/>
<USERREF USERNAME="ZPFpmore"/>
<USERREF USERNAME="ZPFdnagy"/>
<USERREF USERNAME="ZPFanakai"/>
<USERREF USERNAME="ZPFanyiri"/>
<USERREF USERNAME="ZPFapervaiz"/>
<USERREF USERNAME="ZPFnqi"/>
<USERREF USERNAME="ZPFnreis"/>
<USERREF USERNAME="ZPFprojas"/>
<USERREF USERNAME="ZPFasomogyi"/>
<USERREF USERNAME="ZPFtszabo"/>
<USERREF USERNAME="ZPFstayco"/>
<USERREF USERNAME="ZPFaktoth"/>
<USERREF USERNAME="ZPFhtsuchida"/>
<USERREF USERNAME="ZPFpvallar"/>
<USERREF USERNAME="ZPFgyvarga"/>
<USERREF USERNAME="ZPFfvarga"/>
<USERREF USERNAME="ZPFnvergara"/>
<USERREF USERNAME="ZPFaverpeleti"/>
<USERREF USERNAME="ZPFawarsama"/>
<USERREF USERNAME="ZPFmyuta"/>
<USERREF USERNAME="ZPFvzdirko"/>
</SITEGROUP>
<SITEGROUP SITENAME="(170) Qu Shen">
<USERREF USERNAME="a701824"/>
<USERREF USERNAME="c074429"/>
<USERREF USERNAME="c026393"/>
<USERREF USERNAME="a608760"/>
<USERREF USERNAME="c189327"/>
<USERREF USERNAME="yex8021"/>
<USERREF USERNAME="a608261"/>
<USERREF USERNAME="c058698"/>
<USERREF USERNAME="c143125"/>
<USERREF USERNAME="c135748"/>
<USERREF USERNAME="yex7920"/>
<USERREF USERNAME="c149470"/>
<USERREF USERNAME="rm36132"/>
<USERREF USERNAME="rm37825"/>
<USERREF USERNAME="a803075"/>
<USERREF USERNAME="a511471"/>
<USERREF USERNAME="C228250"/>
<USERREF USERNAME="rm87794"/>
<USERREF USERNAME="c196248"/>
<USERREF USERNAME="c199642"/>
<USERREF USERNAME="c223292"/>
<USERREF USERNAME="c196683"/>
<USERREF USERNAME="c068502"/>
<USERREF USERNAME="c228249"/>
<USERREF USERNAME="c228246"/>
<USERREF USERNAME="c228247"/>
<USERREF USERNAME="c228248"/>
<USERREF USERNAME="ye73456"/>
<USERREF USERNAME="c100415"/>
<USERREF USERNAME="c181983"/>
<USERREF USERNAME="c194032"/>
<USERREF USERNAME="c225384"/>
<USERREF USERNAME="C175084"/>
<USERREF USERNAME="c243031"/>
<USERREF USERNAME="i4lghabes_RE"/>
<USERREF USERNAME="coder_query"/>
<USERREF USERNAME="odm_user"/>
<USERREF USERNAME="z2x7521"/>
<USERREF USERNAME="z2x1799"/>
<USERREF USERNAME="c206388"/>
<USERREF USERNAME="c225929"/>
<USERREF USERNAME="c083101"/>
<USERREF USERNAME="c244714"/>
<USERREF USERNAME="c079244"/>
<USERREF USERNAME="u7X4333"/>
<USERREF USERNAME="rm90029"/>
<USERREF USERNAME="rm89018"/>
<USERREF USERNAME="c069132"/>
<USERREF USERNAME="c015393"/>
<USERREF USERNAME="c249923"/>
<USERREF USERNAME="c243054"/>
<USERREF USERNAME="c057362"/>
<USERREF USERNAME="c243030"/>
<USERREF USERNAME="c247616"/>
<USERREF USERNAME="c071673"/>
<USERREF USERNAME="a015765"/>
<USERREF USERNAME="C249885"/>
<USERREF USERNAME="c202987"/>
<USERREF USERNAME="c203058"/>
<USERREF USERNAME="u6x6712"/>
<USERREF USERNAME="c148827"/>
<USERREF USERNAME="v6x8058"/>
<USERREF USERNAME="c206591"/>
<USERREF USERNAME="c090108"/>
<USERREF USERNAME="c257195"/>
<USERREF USERNAME="c039853"/>
<USERREF USERNAME="c074090"/>
<USERREF USERNAME="c243032"/>
<USERREF USERNAME="c068505"/>
<USERREF USERNAME="c243049"/>
<USERREF USERNAME="c257199"/>
<USERREF USERNAME="yex7750"/>
<USERREF USERNAME="c085302"/>
<USERREF USERNAME="c149066"/>
<USERREF USERNAME="c074342"/>
<USERREF USERNAME="c021984"/>
<USERREF USERNAME="c149177"/>
<USERREF USERNAME="rm35504"/>
<USERREF USERNAME="c194055"/>
<USERREF USERNAME="c131994"/>
<USERREF USERNAME="ye91098"/>
<USERREF USERNAME="yex7972"/>
<USERREF USERNAME="yex7231"/>
<USERREF USERNAME="c227370"/>
<USERREF USERNAME="v6x8356"/>
<USERREF USERNAME="c243048"/>
<USERREF USERNAME="c025980"/>
<USERREF USERNAME="c039863"/>
<USERREF USERNAME="yex7614"/>
<USERREF USERNAME="c137396"/>
<USERREF USERNAME="c239605"/>
<USERREF USERNAME="c244333"/>
<USERREF USERNAME="C243050"/>
<USERREF USERNAME="C257193"/>
<USERREF USERNAME="c219898"/>
<USERREF USERNAME="c257194"/>
<USERREF USERNAME="c225389"/>
<USERREF USERNAME="c075541"/>
<USERREF USERNAME="ZPFsaguilar"/>
<USERREF USERNAME="ZPFralorico"/>
<USERREF USERNAME="ZPFvbalint"/>
<USERREF USERNAME="ZPFlbalubar"/>
<USERREF USERNAME="ZPFkbarkoczi"/>
<USERREF USERNAME="ZPFtcabanes"/>
<USERREF USERNAME="ZPFkcco"/>
<USERREF USERNAME="ZPFsdamato"/>
<USERREF USERNAME="ZPFidanyi"/>
<USERREF USERNAME="ZPFedervishaj"/>
<USERREF USERNAME="ZPFadonio"/>
<USERREF USERNAME="ZPFrducusin"/>
<USERREF USERNAME="ZPFoely"/>
<USERREF USERNAME="ZPFtfabian"/>
<USERREF USERNAME="ZPFhhamada"/>
<USERREF USERNAME="ZPFcmolom"/>
<USERREF USERNAME="ZPFtishizuka"/>
<USERREF USERNAME="ZPFjistenes"/>
<USERREF USERNAME="ZPFmiwaki"/>
<USERREF USERNAME="ZPFijohl"/>
<USERREF USERNAME="ZPFdkawashima"/>
<USERREF USERNAME="ZPFskholti"/>
<USERREF USERNAME="ZPFekosa"/>
<USERREF USERNAME="ZPFgkrucso"/>
<USERREF USERNAME="ZPFmlalangan"/>
<USERREF USERNAME="ZPFklim"/>
<USERREF USERNAME="ZPFlmate"/>
<USERREF USERNAME="ZPFpmore"/>
<USERREF USERNAME="ZPFdnagy"/>
<USERREF USERNAME="ZPFanakai"/>
<USERREF USERNAME="ZPFanyiri"/>
<USERREF USERNAME="ZPFapervaiz"/>
<USERREF USERNAME="ZPFnqi"/>
<USERREF USERNAME="ZPFnreis"/>
<USERREF USERNAME="ZPFprojas"/>
<USERREF USERNAME="ZPFasomogyi"/>
<USERREF USERNAME="ZPFtszabo"/>
<USERREF USERNAME="ZPFstayco"/>
<USERREF USERNAME="ZPFaktoth"/>
<USERREF USERNAME="ZPFhtsuchida"/>
<USERREF USERNAME="ZPFpvallar"/>
<USERREF USERNAME="ZPFgyvarga"/>
<USERREF USERNAME="ZPFfvarga"/>
<USERREF USERNAME="ZPFnvergara"/>
<USERREF USERNAME="ZPFaverpeleti"/>
<USERREF USERNAME="ZPFawarsama"/>
<USERREF USERNAME="ZPFmyuta"/>
<USERREF USERNAME="ZPFvzdirko"/>
</SITEGROUP>
<SITEGROUP SITENAME="(160) SU Benli">
<USERREF USERNAME="c228248"/>
<USERREF USERNAME="ye73456"/>
<USERREF USERNAME="c100415"/>
<USERREF USERNAME="c181983"/>
<USERREF USERNAME="i4lghabes_RE"/>
<USERREF USERNAME="coder_query"/>
<USERREF USERNAME="odm_user"/>
<USERREF USERNAME="z2x7521"/>
<USERREF USERNAME="z2x1799"/>
<USERREF USERNAME="c206388"/>
<USERREF USERNAME="c225929"/>
<USERREF USERNAME="c083101"/>
<USERREF USERNAME="c244714"/>
<USERREF USERNAME="c079244"/>
<USERREF USERNAME="u7X4333"/>
<USERREF USERNAME="rm90029"/>
<USERREF USERNAME="rm89018"/>
<USERREF USERNAME="c069132"/>
<USERREF USERNAME="c015393"/>
<USERREF USERNAME="c249923"/>
<USERREF USERNAME="c243054"/>
<USERREF USERNAME="c057362"/>
<USERREF USERNAME="c243030"/>
<USERREF USERNAME="c247616"/>
<USERREF USERNAME="c071673"/>
<USERREF USERNAME="a015765"/>
<USERREF USERNAME="C249885"/>
<USERREF USERNAME="c202987"/>
<USERREF USERNAME="c203058"/>
<USERREF USERNAME="u6x6712"/>
<USERREF USERNAME="c148827"/>
<USERREF USERNAME="v6x8058"/>
<USERREF USERNAME="c206591"/>
<USERREF USERNAME="c090108"/>
<USERREF USERNAME="c194032"/>
<USERREF USERNAME="c225384"/>
<USERREF USERNAME="C175084"/>
<USERREF USERNAME="c243031"/>
<USERREF USERNAME="c257195"/>
<USERREF USERNAME="c039853"/>
<USERREF USERNAME="c074090"/>
<USERREF USERNAME="c243032"/>
<USERREF USERNAME="c068505"/>
<USERREF USERNAME="c243049"/>
<USERREF USERNAME="c257199"/>
<USERREF USERNAME="yex7750"/>
<USERREF USERNAME="c085302"/>
<USERREF USERNAME="c149066"/>
<USERREF USERNAME="c074342"/>
<USERREF USERNAME="c021984"/>
<USERREF USERNAME="c149177"/>
<USERREF USERNAME="rm35504"/>
<USERREF USERNAME="c194055"/>
<USERREF USERNAME="c131994"/>
<USERREF USERNAME="ye91098"/>
<USERREF USERNAME="yex7972"/>
<USERREF USERNAME="yex7231"/>
<USERREF USERNAME="c227370"/>
<USERREF USERNAME="v6x8356"/>
<USERREF USERNAME="c243048"/>
<USERREF USERNAME="c025980"/>
<USERREF USERNAME="c039863"/>
<USERREF USERNAME="yex7614"/>
<USERREF USERNAME="c137396"/>
<USERREF USERNAME="c239605"/>
<USERREF USERNAME="c244333"/>
<USERREF USERNAME="C243050"/>
<USERREF USERNAME="C257193"/>
<USERREF USERNAME="c219898"/>
<USERREF USERNAME="c257194"/>
<USERREF USERNAME="c225389"/>
<USERREF USERNAME="c075541"/>
<USERREF USERNAME="a701824"/>
<USERREF USERNAME="c074429"/>
<USERREF USERNAME="c026393"/>
<USERREF USERNAME="a608760"/>
<USERREF USERNAME="c189327"/>
<USERREF USERNAME="yex8021"/>
<USERREF USERNAME="a608261"/>
<USERREF USERNAME="c058698"/>
<USERREF USERNAME="c143125"/>
<USERREF USERNAME="c135748"/>
<USERREF USERNAME="yex7920"/>
<USERREF USERNAME="c149470"/>
<USERREF USERNAME="rm36132"/>
<USERREF USERNAME="rm37825"/>
<USERREF USERNAME="a803075"/>
<USERREF USERNAME="a511471"/>
<USERREF USERNAME="C228250"/>
<USERREF USERNAME="rm87794"/>
<USERREF USERNAME="c196248"/>
<USERREF USERNAME="c199642"/>
<USERREF USERNAME="c223292"/>
<USERREF USERNAME="c196683"/>
<USERREF USERNAME="c068502"/>
<USERREF USERNAME="c228249"/>
<USERREF USERNAME="c228246"/>
<USERREF USERNAME="c228247"/>
<USERREF USERNAME="ZPFsaguilar"/>
<USERREF USERNAME="ZPFralorico"/>
<USERREF USERNAME="ZPFvbalint"/>
<USERREF USERNAME="ZPFlbalubar"/>
<USERREF USERNAME="ZPFkbarkoczi"/>
<USERREF USERNAME="ZPFtcabanes"/>
<USERREF USERNAME="ZPFkcco"/>
<USERREF USERNAME="ZPFsdamato"/>
<USERREF USERNAME="ZPFidanyi"/>
<USERREF USERNAME="ZPFedervishaj"/>
<USERREF USERNAME="ZPFadonio"/>
<USERREF USERNAME="ZPFrducusin"/>
<USERREF USERNAME="ZPFoely"/>
<USERREF USERNAME="ZPFtfabian"/>
<USERREF USERNAME="ZPFhhamada"/>
<USERREF USERNAME="ZPFcmolom"/>
<USERREF USERNAME="ZPFtishizuka"/>
<USERREF USERNAME="ZPFjistenes"/>
<USERREF USERNAME="ZPFmiwaki"/>
<USERREF USERNAME="ZPFijohl"/>
<USERREF USERNAME="ZPFdkawashima"/>
<USERREF USERNAME="ZPFskholti"/>
<USERREF USERNAME="ZPFekosa"/>
<USERREF USERNAME="ZPFgkrucso"/>
<USERREF USERNAME="ZPFmlalangan"/>
<USERREF USERNAME="ZPFklim"/>
<USERREF USERNAME="ZPFlmate"/>
<USERREF USERNAME="ZPFpmore"/>
<USERREF USERNAME="ZPFdnagy"/>
<USERREF USERNAME="ZPFanakai"/>
<USERREF USERNAME="ZPFanyiri"/>
<USERREF USERNAME="ZPFapervaiz"/>
<USERREF USERNAME="ZPFnqi"/>
<USERREF USERNAME="ZPFnreis"/>
<USERREF USERNAME="ZPFprojas"/>
<USERREF USERNAME="ZPFasomogyi"/>
<USERREF USERNAME="ZPFtszabo"/>
<USERREF USERNAME="ZPFstayco"/>
<USERREF USERNAME="ZPFaktoth"/>
<USERREF USERNAME="ZPFhtsuchida"/>
<USERREF USERNAME="ZPFpvallar"/>
<USERREF USERNAME="ZPFgyvarga"/>
<USERREF USERNAME="ZPFfvarga"/>
<USERREF USERNAME="ZPFnvergara"/>
<USERREF USERNAME="ZPFaverpeleti"/>
<USERREF USERNAME="ZPFawarsama"/>
<USERREF USERNAME="ZPFmyuta"/>
<USERREF USERNAME="ZPFvzdirko"/>
</SITEGROUP>
<SITEGROUP SITENAME="(220) Su Heng">
<USERREF USERNAME="a701824"/>
<USERREF USERNAME="c074429"/>
<USERREF USERNAME="c026393"/>
<USERREF USERNAME="a608760"/>
<USERREF USERNAME="c189327"/>
<USERREF USERNAME="yex8021"/>
<USERREF USERNAME="a608261"/>
<USERREF USERNAME="c058698"/>
<USERREF USERNAME="c143125"/>
<USERREF USERNAME="c135748"/>
<USERREF USERNAME="yex7920"/>
<USERREF USERNAME="c149470"/>
<USERREF USERNAME="rm36132"/>
<USERREF USERNAME="rm37825"/>
<USERREF USERNAME="a803075"/>
<USERREF USERNAME="a511471"/>
<USERREF USERNAME="C228250"/>
<USERREF USERNAME="rm87794"/>
<USERREF USERNAME="c196248"/>
<USERREF USERNAME="c199642"/>
<USERREF USERNAME="c223292"/>
<USERREF USERNAME="c196683"/>
<USERREF USERNAME="c068502"/>
<USERREF USERNAME="c228249"/>
<USERREF USERNAME="c228246"/>
<USERREF USERNAME="c228247"/>
<USERREF USERNAME="c228248"/>
<USERREF USERNAME="ye73456"/>
<USERREF USERNAME="c100415"/>
<USERREF USERNAME="c181983"/>
<USERREF USERNAME="c194032"/>
<USERREF USERNAME="c225384"/>
<USERREF USERNAME="C175084"/>
<USERREF USERNAME="c243031"/>
<USERREF USERNAME="i4lghabes_RE"/>
<USERREF USERNAME="coder_query"/>
<USERREF USERNAME="odm_user"/>
<USERREF USERNAME="z2x7521"/>
<USERREF USERNAME="z2x1799"/>
<USERREF USERNAME="c206388"/>
<USERREF USERNAME="c225929"/>
<USERREF USERNAME="c083101"/>
<USERREF USERNAME="c244714"/>
<USERREF USERNAME="c079244"/>
<USERREF USERNAME="u7X4333"/>
<USERREF USERNAME="rm90029"/>
<USERREF USERNAME="rm89018"/>
<USERREF USERNAME="c069132"/>
<USERREF USERNAME="c015393"/>
<USERREF USERNAME="c249923"/>
<USERREF USERNAME="c243054"/>
<USERREF USERNAME="c057362"/>
<USERREF USERNAME="c243030"/>
<USERREF USERNAME="c247616"/>
<USERREF USERNAME="c071673"/>
<USERREF USERNAME="a015765"/>
<USERREF USERNAME="C249885"/>
<USERREF USERNAME="c202987"/>
<USERREF USERNAME="c203058"/>
<USERREF USERNAME="u6x6712"/>
<USERREF USERNAME="c148827"/>
<USERREF USERNAME="v6x8058"/>
<USERREF USERNAME="c206591"/>
<USERREF USERNAME="c090108"/>
<USERREF USERNAME="c257195"/>
<USERREF USERNAME="c039853"/>
<USERREF USERNAME="c074090"/>
<USERREF USERNAME="c243032"/>
<USERREF USERNAME="c068505"/>
<USERREF USERNAME="c243049"/>
<USERREF USERNAME="c257199"/>
<USERREF USERNAME="yex7750"/>
<USERREF USERNAME="c085302"/>
<USERREF USERNAME="c149066"/>
<USERREF USERNAME="c074342"/>
<USERREF USERNAME="c021984"/>
<USERREF USERNAME="c149177"/>
<USERREF USERNAME="rm35504"/>
<USERREF USERNAME="c194055"/>
<USERREF USERNAME="c131994"/>
<USERREF USERNAME="ye91098"/>
<USERREF USERNAME="yex7972"/>
<USERREF USERNAME="yex7231"/>
<USERREF USERNAME="c227370"/>
<USERREF USERNAME="v6x8356"/>
<USERREF USERNAME="c243048"/>
<USERREF USERNAME="c025980"/>
<USERREF USERNAME="c039863"/>
<USERREF USERNAME="yex7614"/>
<USERREF USERNAME="c137396"/>
<USERREF USERNAME="c239605"/>
<USERREF USERNAME="c244333"/>
<USERREF USERNAME="C243050"/>
<USERREF USERNAME="C257193"/>
<USERREF USERNAME="c219898"/>
<USERREF USERNAME="c257194"/>
<USERREF USERNAME="c225389"/>
<USERREF USERNAME="c075541"/>
<USERREF USERNAME="ZPFsaguilar"/>
<USERREF USERNAME="ZPFralorico"/>
<USERREF USERNAME="ZPFvbalint"/>
<USERREF USERNAME="ZPFlbalubar"/>
<USERREF USERNAME="ZPFkbarkoczi"/>
<USERREF USERNAME="ZPFtcabanes"/>
<USERREF USERNAME="ZPFkcco"/>
<USERREF USERNAME="ZPFsdamato"/>
<USERREF USERNAME="ZPFidanyi"/>
<USERREF USERNAME="ZPFedervishaj"/>
<USERREF USERNAME="ZPFadonio"/>
<USERREF USERNAME="ZPFrducusin"/>
<USERREF USERNAME="ZPFoely"/>
<USERREF USERNAME="ZPFtfabian"/>
<USERREF USERNAME="ZPFhhamada"/>
<USERREF USERNAME="ZPFcmolom"/>
<USERREF USERNAME="ZPFtishizuka"/>
<USERREF USERNAME="ZPFjistenes"/>
<USERREF USERNAME="ZPFmiwaki"/>
<USERREF USERNAME="ZPFijohl"/>
<USERREF USERNAME="ZPFdkawashima"/>
<USERREF USERNAME="ZPFskholti"/>
<USERREF USERNAME="ZPFekosa"/>
<USERREF USERNAME="ZPFgkrucso"/>
<USERREF USERNAME="ZPFmlalangan"/>
<USERREF USERNAME="ZPFklim"/>
<USERREF USERNAME="ZPFlmate"/>
<USERREF USERNAME="ZPFpmore"/>
<USERREF USERNAME="ZPFdnagy"/>
<USERREF USERNAME="ZPFanakai"/>
<USERREF USERNAME="ZPFanyiri"/>
<USERREF USERNAME="ZPFapervaiz"/>
<USERREF USERNAME="ZPFnqi"/>
<USERREF USERNAME="ZPFnreis"/>
<USERREF USERNAME="ZPFprojas"/>
<USERREF USERNAME="ZPFasomogyi"/>
<USERREF USERNAME="ZPFtszabo"/>
<USERREF USERNAME="ZPFstayco"/>
<USERREF USERNAME="ZPFaktoth"/>
<USERREF USERNAME="ZPFhtsuchida"/>
<USERREF USERNAME="ZPFpvallar"/>
<USERREF USERNAME="ZPFgyvarga"/>
<USERREF USERNAME="ZPFfvarga"/>
<USERREF USERNAME="ZPFnvergara"/>
<USERREF USERNAME="ZPFaverpeleti"/>
<USERREF USERNAME="ZPFawarsama"/>
<USERREF USERNAME="ZPFmyuta"/>
<USERREF USERNAME="ZPFvzdirko"/>
</SITEGROUP>
<SITEGROUP SITENAME="(260) Wang Guixia">
<USERREF USERNAME="a701824"/>
<USERREF USERNAME="c074429"/>
<USERREF USERNAME="c026393"/>
<USERREF USERNAME="a608760"/>
<USERREF USERNAME="c189327"/>
<USERREF USERNAME="yex8021"/>
<USERREF USERNAME="a608261"/>
<USERREF USERNAME="c058698"/>
<USERREF USERNAME="c143125"/>
<USERREF USERNAME="c135748"/>
<USERREF USERNAME="yex7920"/>
<USERREF USERNAME="c149470"/>
<USERREF USERNAME="rm36132"/>
<USERREF USERNAME="rm37825"/>
<USERREF USERNAME="a803075"/>
<USERREF USERNAME="a511471"/>
<USERREF USERNAME="C228250"/>
<USERREF USERNAME="rm87794"/>
<USERREF USERNAME="c196248"/>
<USERREF USERNAME="c199642"/>
<USERREF USERNAME="c223292"/>
<USERREF USERNAME="c196683"/>
<USERREF USERNAME="c068502"/>
<USERREF USERNAME="c228249"/>
<USERREF USERNAME="c228246"/>
<USERREF USERNAME="c228247"/>
<USERREF USERNAME="c228248"/>
<USERREF USERNAME="ye73456"/>
<USERREF USERNAME="c100415"/>
<USERREF USERNAME="c181983"/>
<USERREF USERNAME="c194032"/>
<USERREF USERNAME="c225384"/>
<USERREF USERNAME="C175084"/>
<USERREF USERNAME="c243031"/>
<USERREF USERNAME="i4lghabes_RE"/>
<USERREF USERNAME="coder_query"/>
<USERREF USERNAME="odm_user"/>
<USERREF USERNAME="z2x7521"/>
<USERREF USERNAME="z2x1799"/>
<USERREF USERNAME="c206388"/>
<USERREF USERNAME="c225929"/>
<USERREF USERNAME="c083101"/>
<USERREF USERNAME="c244714"/>
<USERREF USERNAME="c079244"/>
<USERREF USERNAME="u7X4333"/>
<USERREF USERNAME="rm90029"/>
<USERREF USERNAME="rm89018"/>
<USERREF USERNAME="c069132"/>
<USERREF USERNAME="c015393"/>
<USERREF USERNAME="c249923"/>
<USERREF USERNAME="c243054"/>
<USERREF USERNAME="c057362"/>
<USERREF USERNAME="c243030"/>
<USERREF USERNAME="c247616"/>
<USERREF USERNAME="c071673"/>
<USERREF USERNAME="a015765"/>
<USERREF USERNAME="C249885"/>
<USERREF USERNAME="c202987"/>
<USERREF USERNAME="c203058"/>
<USERREF USERNAME="u6x6712"/>
<USERREF USERNAME="c148827"/>
<USERREF USERNAME="v6x8058"/>
<USERREF USERNAME="c206591"/>
<USERREF USERNAME="c090108"/>
<USERREF USERNAME="c257195"/>
<USERREF USERNAME="c039853"/>
<USERREF USERNAME="c074090"/>
<USERREF USERNAME="c243032"/>
<USERREF USERNAME="c068505"/>
<USERREF USERNAME="c243049"/>
<USERREF USERNAME="c257199"/>
<USERREF USERNAME="yex7750"/>
<USERREF USERNAME="c085302"/>
<USERREF USERNAME="c149066"/>
<USERREF USERNAME="c074342"/>
<USERREF USERNAME="c021984"/>
<USERREF USERNAME="c149177"/>
<USERREF USERNAME="rm35504"/>
<USERREF USERNAME="c194055"/>
<USERREF USERNAME="c131994"/>
<USERREF USERNAME="ye91098"/>
<USERREF USERNAME="yex7972"/>
<USERREF USERNAME="yex7231"/>
<USERREF USERNAME="c227370"/>
<USERREF USERNAME="v6x8356"/>
<USERREF USERNAME="c243048"/>
<USERREF USERNAME="c025980"/>
<USERREF USERNAME="c039863"/>
<USERREF USERNAME="yex7614"/>
<USERREF USERNAME="c137396"/>
<USERREF USERNAME="c239605"/>
<USERREF USERNAME="c244333"/>
<USERREF USERNAME="C243050"/>
<USERREF USERNAME="C257193"/>
<USERREF USERNAME="c219898"/>
<USERREF USERNAME="c257194"/>
<USERREF USERNAME="c225389"/>
<USERREF USERNAME="c075541"/>
<USERREF USERNAME="ZPFsaguilar"/>
<USERREF USERNAME="ZPFralorico"/>
<USERREF USERNAME="ZPFvbalint"/>
<USERREF USERNAME="ZPFlbalubar"/>
<USERREF USERNAME="ZPFkbarkoczi"/>
<USERREF USERNAME="ZPFtcabanes"/>
<USERREF USERNAME="ZPFkcco"/>
<USERREF USERNAME="ZPFsdamato"/>
<USERREF USERNAME="ZPFidanyi"/>
<USERREF USERNAME="ZPFedervishaj"/>
<USERREF USERNAME="ZPFadonio"/>
<USERREF USERNAME="ZPFrducusin"/>
<USERREF USERNAME="ZPFoely"/>
<USERREF USERNAME="ZPFtfabian"/>
<USERREF USERNAME="ZPFhhamada"/>
<USERREF USERNAME="ZPFcmolom"/>
<USERREF USERNAME="ZPFtishizuka"/>
<USERREF USERNAME="ZPFjistenes"/>
<USERREF USERNAME="ZPFmiwaki"/>
<USERREF USERNAME="ZPFijohl"/>
<USERREF USERNAME="ZPFdkawashima"/>
<USERREF USERNAME="ZPFskholti"/>
<USERREF USERNAME="ZPFekosa"/>
<USERREF USERNAME="ZPFgkrucso"/>
<USERREF USERNAME="ZPFmlalangan"/>
<USERREF USERNAME="ZPFklim"/>
<USERREF USERNAME="ZPFlmate"/>
<USERREF USERNAME="ZPFpmore"/>
<USERREF USERNAME="ZPFdnagy"/>
<USERREF USERNAME="ZPFanakai"/>
<USERREF USERNAME="ZPFanyiri"/>
<USERREF USERNAME="ZPFapervaiz"/>
<USERREF USERNAME="ZPFnqi"/>
<USERREF USERNAME="ZPFnreis"/>
<USERREF USERNAME="ZPFprojas"/>
<USERREF USERNAME="ZPFasomogyi"/>
<USERREF USERNAME="ZPFtszabo"/>
<USERREF USERNAME="ZPFstayco"/>
<USERREF USERNAME="ZPFaktoth"/>
<USERREF USERNAME="ZPFhtsuchida"/>
<USERREF USERNAME="ZPFpvallar"/>
<USERREF USERNAME="ZPFgyvarga"/>
<USERREF USERNAME="ZPFfvarga"/>
<USERREF USERNAME="ZPFnvergara"/>
<USERREF USERNAME="ZPFaverpeleti"/>
<USERREF USERNAME="ZPFawarsama"/>
<USERREF USERNAME="ZPFmyuta"/>
<USERREF USERNAME="ZPFvzdirko"/>
</SITEGROUP>
<SITEGROUP SITENAME="(120) XUE Yun">
<USERREF USERNAME="a701824"/>
<USERREF USERNAME="c074429"/>
<USERREF USERNAME="c026393"/>
<USERREF USERNAME="a608760"/>
<USERREF USERNAME="c189327"/>
<USERREF USERNAME="yex8021"/>
<USERREF USERNAME="a608261"/>
<USERREF USERNAME="c058698"/>
<USERREF USERNAME="c143125"/>
<USERREF USERNAME="c135748"/>
<USERREF USERNAME="yex7920"/>
<USERREF USERNAME="c149470"/>
<USERREF USERNAME="rm36132"/>
<USERREF USERNAME="rm37825"/>
<USERREF USERNAME="a803075"/>
<USERREF USERNAME="a511471"/>
<USERREF USERNAME="C228250"/>
<USERREF USERNAME="rm87794"/>
<USERREF USERNAME="c196248"/>
<USERREF USERNAME="c199642"/>
<USERREF USERNAME="c223292"/>
<USERREF USERNAME="c196683"/>
<USERREF USERNAME="c068502"/>
<USERREF USERNAME="c228249"/>
<USERREF USERNAME="c228246"/>
<USERREF USERNAME="c228247"/>
<USERREF USERNAME="c228248"/>
<USERREF USERNAME="ye73456"/>
<USERREF USERNAME="c100415"/>
<USERREF USERNAME="c181983"/>
<USERREF USERNAME="c194032"/>
<USERREF USERNAME="c225384"/>
<USERREF USERNAME="C175084"/>
<USERREF USERNAME="c243031"/>
<USERREF USERNAME="i4lghabes_RE"/>
<USERREF USERNAME="coder_query"/>
<USERREF USERNAME="odm_user"/>
<USERREF USERNAME="z2x7521"/>
<USERREF USERNAME="z2x1799"/>
<USERREF USERNAME="c206388"/>
<USERREF USERNAME="c225929"/>
<USERREF USERNAME="c083101"/>
<USERREF USERNAME="c244714"/>
<USERREF USERNAME="c079244"/>
<USERREF USERNAME="u7X4333"/>
<USERREF USERNAME="rm90029"/>
<USERREF USERNAME="rm89018"/>
<USERREF USERNAME="c069132"/>
<USERREF USERNAME="c015393"/>
<USERREF USERNAME="c249923"/>
<USERREF USERNAME="c243054"/>
<USERREF USERNAME="c057362"/>
<USERREF USERNAME="c243030"/>
<USERREF USERNAME="c247616"/>
<USERREF USERNAME="c071673"/>
<USERREF USERNAME="a015765"/>
<USERREF USERNAME="C249885"/>
<USERREF USERNAME="c202987"/>
<USERREF USERNAME="c203058"/>
<USERREF USERNAME="u6x6712"/>
<USERREF USERNAME="c148827"/>
<USERREF USERNAME="v6x8058"/>
<USERREF USERNAME="c206591"/>
<USERREF USERNAME="c090108"/>
<USERREF USERNAME="c257195"/>
<USERREF USERNAME="c039853"/>
<USERREF USERNAME="c074090"/>
<USERREF USERNAME="c243032"/>
<USERREF USERNAME="c068505"/>
<USERREF USERNAME="c243049"/>
<USERREF USERNAME="c257199"/>
<USERREF USERNAME="yex7750"/>
<USERREF USERNAME="c085302"/>
<USERREF USERNAME="c149066"/>
<USERREF USERNAME="c074342"/>
<USERREF USERNAME="c021984"/>
<USERREF USERNAME="c149177"/>
<USERREF USERNAME="rm35504"/>
<USERREF USERNAME="c194055"/>
<USERREF USERNAME="c131994"/>
<USERREF USERNAME="ye91098"/>
<USERREF USERNAME="yex7972"/>
<USERREF USERNAME="yex7231"/>
<USERREF USERNAME="c227370"/>
<USERREF USERNAME="v6x8356"/>
<USERREF USERNAME="c243048"/>
<USERREF USERNAME="c025980"/>
<USERREF USERNAME="c039863"/>
<USERREF USERNAME="yex7614"/>
<USERREF USERNAME="c137396"/>
<USERREF USERNAME="c239605"/>
<USERREF USERNAME="c244333"/>
<USERREF USERNAME="C243050"/>
<USERREF USERNAME="C257193"/>
<USERREF USERNAME="c219898"/>
<USERREF USERNAME="c257194"/>
<USERREF USERNAME="c225389"/>
<USERREF USERNAME="c075541"/>
<USERREF USERNAME="ZPFsaguilar"/>
<USERREF USERNAME="ZPFralorico"/>
<USERREF USERNAME="ZPFvbalint"/>
<USERREF USERNAME="ZPFlbalubar"/>
<USERREF USERNAME="ZPFkbarkoczi"/>
<USERREF USERNAME="ZPFtcabanes"/>
<USERREF USERNAME="ZPFkcco"/>
<USERREF USERNAME="ZPFsdamato"/>
<USERREF USERNAME="ZPFidanyi"/>
<USERREF USERNAME="ZPFedervishaj"/>
<USERREF USERNAME="ZPFadonio"/>
<USERREF USERNAME="ZPFrducusin"/>
<USERREF USERNAME="ZPFoely"/>
<USERREF USERNAME="ZPFtfabian"/>
<USERREF USERNAME="ZPFhhamada"/>
<USERREF USERNAME="ZPFcmolom"/>
<USERREF USERNAME="ZPFtishizuka"/>
<USERREF USERNAME="ZPFjistenes"/>
<USERREF USERNAME="ZPFmiwaki"/>
<USERREF USERNAME="ZPFijohl"/>
<USERREF USERNAME="ZPFdkawashima"/>
<USERREF USERNAME="ZPFskholti"/>
<USERREF USERNAME="ZPFekosa"/>
<USERREF USERNAME="ZPFgkrucso"/>
<USERREF USERNAME="ZPFmlalangan"/>
<USERREF USERNAME="ZPFklim"/>
<USERREF USERNAME="ZPFlmate"/>
<USERREF USERNAME="ZPFpmore"/>
<USERREF USERNAME="ZPFdnagy"/>
<USERREF USERNAME="ZPFanakai"/>
<USERREF USERNAME="ZPFanyiri"/>
<USERREF USERNAME="ZPFapervaiz"/>
<USERREF USERNAME="ZPFnqi"/>
<USERREF USERNAME="ZPFnreis"/>
<USERREF USERNAME="ZPFprojas"/>
<USERREF USERNAME="ZPFasomogyi"/>
<USERREF USERNAME="ZPFtszabo"/>
<USERREF USERNAME="ZPFstayco"/>
<USERREF USERNAME="ZPFaktoth"/>
<USERREF USERNAME="ZPFhtsuchida"/>
<USERREF USERNAME="ZPFpvallar"/>
<USERREF USERNAME="ZPFgyvarga"/>
<USERREF USERNAME="ZPFfvarga"/>
<USERREF USERNAME="ZPFnvergara"/>
<USERREF USERNAME="ZPFaverpeleti"/>
<USERREF USERNAME="ZPFawarsama"/>
<USERREF USERNAME="ZPFmyuta"/>
<USERREF USERNAME="ZPFvzdirko"/>
</SITEGROUP>
<SITEGROUP SITENAME="(150) YANG Tao">
<USERREF USERNAME="c228246"/>
<USERREF USERNAME="c228247"/>
<USERREF USERNAME="c228248"/>
<USERREF USERNAME="ye73456"/>
<USERREF USERNAME="c100415"/>
<USERREF USERNAME="i4lghabes_RE"/>
<USERREF USERNAME="coder_query"/>
<USERREF USERNAME="odm_user"/>
<USERREF USERNAME="z2x7521"/>
<USERREF USERNAME="z2x1799"/>
<USERREF USERNAME="c206388"/>
<USERREF USERNAME="c225929"/>
<USERREF USERNAME="c083101"/>
<USERREF USERNAME="c244714"/>
<USERREF USERNAME="c079244"/>
<USERREF USERNAME="u7X4333"/>
<USERREF USERNAME="rm90029"/>
<USERREF USERNAME="rm89018"/>
<USERREF USERNAME="c069132"/>
<USERREF USERNAME="c015393"/>
<USERREF USERNAME="c249923"/>
<USERREF USERNAME="c243054"/>
<USERREF USERNAME="c057362"/>
<USERREF USERNAME="c243030"/>
<USERREF USERNAME="c247616"/>
<USERREF USERNAME="c071673"/>
<USERREF USERNAME="a015765"/>
<USERREF USERNAME="C249885"/>
<USERREF USERNAME="c202987"/>
<USERREF USERNAME="c203058"/>
<USERREF USERNAME="u6x6712"/>
<USERREF USERNAME="c148827"/>
<USERREF USERNAME="v6x8058"/>
<USERREF USERNAME="c206591"/>
<USERREF USERNAME="c181983"/>
<USERREF USERNAME="c194032"/>
<USERREF USERNAME="c225384"/>
<USERREF USERNAME="C175084"/>
<USERREF USERNAME="c243031"/>
<USERREF USERNAME="c090108"/>
<USERREF USERNAME="c257195"/>
<USERREF USERNAME="c039853"/>
<USERREF USERNAME="c074090"/>
<USERREF USERNAME="c243032"/>
<USERREF USERNAME="c068505"/>
<USERREF USERNAME="c243049"/>
<USERREF USERNAME="c257199"/>
<USERREF USERNAME="yex7750"/>
<USERREF USERNAME="c085302"/>
<USERREF USERNAME="c149066"/>
<USERREF USERNAME="c074342"/>
<USERREF USERNAME="c021984"/>
<USERREF USERNAME="c149177"/>
<USERREF USERNAME="rm35504"/>
<USERREF USERNAME="c194055"/>
<USERREF USERNAME="c131994"/>
<USERREF USERNAME="ye91098"/>
<USERREF USERNAME="yex7972"/>
<USERREF USERNAME="yex7231"/>
<USERREF USERNAME="c227370"/>
<USERREF USERNAME="v6x8356"/>
<USERREF USERNAME="c243048"/>
<USERREF USERNAME="c025980"/>
<USERREF USERNAME="c039863"/>
<USERREF USERNAME="yex7614"/>
<USERREF USERNAME="c137396"/>
<USERREF USERNAME="c239605"/>
<USERREF USERNAME="c244333"/>
<USERREF USERNAME="C243050"/>
<USERREF USERNAME="C257193"/>
<USERREF USERNAME="c219898"/>
<USERREF USERNAME="c257194"/>
<USERREF USERNAME="c225389"/>
<USERREF USERNAME="c075541"/>
<USERREF USERNAME="a701824"/>
<USERREF USERNAME="c074429"/>
<USERREF USERNAME="c026393"/>
<USERREF USERNAME="a608760"/>
<USERREF USERNAME="c189327"/>
<USERREF USERNAME="yex8021"/>
<USERREF USERNAME="a608261"/>
<USERREF USERNAME="c058698"/>
<USERREF USERNAME="c143125"/>
<USERREF USERNAME="c135748"/>
<USERREF USERNAME="yex7920"/>
<USERREF USERNAME="c149470"/>
<USERREF USERNAME="rm36132"/>
<USERREF USERNAME="rm37825"/>
<USERREF USERNAME="a803075"/>
<USERREF USERNAME="a511471"/>
<USERREF USERNAME="C228250"/>
<USERREF USERNAME="rm87794"/>
<USERREF USERNAME="c196248"/>
<USERREF USERNAME="c199642"/>
<USERREF USERNAME="c223292"/>
<USERREF USERNAME="c196683"/>
<USERREF USERNAME="c068502"/>
<USERREF USERNAME="c228249"/>
<USERREF USERNAME="ZPFsaguilar"/>
<USERREF USERNAME="ZPFralorico"/>
<USERREF USERNAME="ZPFvbalint"/>
<USERREF USERNAME="ZPFlbalubar"/>
<USERREF USERNAME="ZPFkbarkoczi"/>
<USERREF USERNAME="ZPFtcabanes"/>
<USERREF USERNAME="ZPFkcco"/>
<USERREF USERNAME="ZPFsdamato"/>
<USERREF USERNAME="ZPFidanyi"/>
<USERREF USERNAME="ZPFedervishaj"/>
<USERREF USERNAME="ZPFadonio"/>
<USERREF USERNAME="ZPFrducusin"/>
<USERREF USERNAME="ZPFoely"/>
<USERREF USERNAME="ZPFtfabian"/>
<USERREF USERNAME="ZPFhhamada"/>
<USERREF USERNAME="ZPFcmolom"/>
<USERREF USERNAME="ZPFtishizuka"/>
<USERREF USERNAME="ZPFjistenes"/>
<USERREF USERNAME="ZPFmiwaki"/>
<USERREF USERNAME="ZPFijohl"/>
<USERREF USERNAME="ZPFdkawashima"/>
<USERREF USERNAME="ZPFskholti"/>
<USERREF USERNAME="ZPFekosa"/>
<USERREF USERNAME="ZPFgkrucso"/>
<USERREF USERNAME="ZPFmlalangan"/>
<USERREF USERNAME="ZPFklim"/>
<USERREF USERNAME="ZPFlmate"/>
<USERREF USERNAME="ZPFpmore"/>
<USERREF USERNAME="ZPFdnagy"/>
<USERREF USERNAME="ZPFanakai"/>
<USERREF USERNAME="ZPFanyiri"/>
<USERREF USERNAME="ZPFapervaiz"/>
<USERREF USERNAME="ZPFnqi"/>
<USERREF USERNAME="ZPFnreis"/>
<USERREF USERNAME="ZPFprojas"/>
<USERREF USERNAME="ZPFasomogyi"/>
<USERREF USERNAME="ZPFtszabo"/>
<USERREF USERNAME="ZPFstayco"/>
<USERREF USERNAME="ZPFaktoth"/>
<USERREF USERNAME="ZPFhtsuchida"/>
<USERREF USERNAME="ZPFpvallar"/>
<USERREF USERNAME="ZPFgyvarga"/>
<USERREF USERNAME="ZPFfvarga"/>
<USERREF USERNAME="ZPFnvergara"/>
<USERREF USERNAME="ZPFaverpeleti"/>
<USERREF USERNAME="ZPFawarsama"/>
<USERREF USERNAME="ZPFmyuta"/>
<USERREF USERNAME="ZPFvzdirko"/>
</SITEGROUP>
<SITEGROUP SITENAME="(240) Yu Xuefeng">
<USERREF USERNAME="c075541"/>
<USERREF USERNAME="a701824"/>
<USERREF USERNAME="c074429"/>
<USERREF USERNAME="c026393"/>
<USERREF USERNAME="a608760"/>
<USERREF USERNAME="c189327"/>
<USERREF USERNAME="yex8021"/>
<USERREF USERNAME="a608261"/>
<USERREF USERNAME="c058698"/>
<USERREF USERNAME="c143125"/>
<USERREF USERNAME="c135748"/>
<USERREF USERNAME="yex7920"/>
<USERREF USERNAME="c149470"/>
<USERREF USERNAME="rm36132"/>
<USERREF USERNAME="rm37825"/>
<USERREF USERNAME="a803075"/>
<USERREF USERNAME="a511471"/>
<USERREF USERNAME="C228250"/>
<USERREF USERNAME="rm87794"/>
<USERREF USERNAME="c196248"/>
<USERREF USERNAME="c199642"/>
<USERREF USERNAME="c223292"/>
<USERREF USERNAME="c196683"/>
<USERREF USERNAME="c068502"/>
<USERREF USERNAME="c228249"/>
<USERREF USERNAME="c228246"/>
<USERREF USERNAME="c228247"/>
<USERREF USERNAME="c228248"/>
<USERREF USERNAME="ye73456"/>
<USERREF USERNAME="c100415"/>
<USERREF USERNAME="c181983"/>
<USERREF USERNAME="c194032"/>
<USERREF USERNAME="c225384"/>
<USERREF USERNAME="C175084"/>
<USERREF USERNAME="c243031"/>
<USERREF USERNAME="LiLin"/>
<USERREF USERNAME="i4lghabes_RE"/>
<USERREF USERNAME="coder_query"/>
<USERREF USERNAME="odm_user"/>
<USERREF USERNAME="z2x7521"/>
<USERREF USERNAME="z2x1799"/>
<USERREF USERNAME="c206388"/>
<USERREF USERNAME="c225929"/>
<USERREF USERNAME="c083101"/>
<USERREF USERNAME="c244714"/>
<USERREF USERNAME="c079244"/>
<USERREF USERNAME="u7X4333"/>
<USERREF USERNAME="rm90029"/>
<USERREF USERNAME="rm89018"/>
<USERREF USERNAME="c069132"/>
<USERREF USERNAME="c015393"/>
<USERREF USERNAME="c249923"/>
<USERREF USERNAME="c243054"/>
<USERREF USERNAME="c057362"/>
<USERREF USERNAME="c243030"/>
<USERREF USERNAME="c247616"/>
<USERREF USERNAME="c071673"/>
<USERREF USERNAME="a015765"/>
<USERREF USERNAME="C249885"/>
<USERREF USERNAME="c202987"/>
<USERREF USERNAME="c203058"/>
<USERREF USERNAME="u6x6712"/>
<USERREF USERNAME="c148827"/>
<USERREF USERNAME="v6x8058"/>
<USERREF USERNAME="c206591"/>
<USERREF USERNAME="c090108"/>
<USERREF USERNAME="c257195"/>
<USERREF USERNAME="c039853"/>
<USERREF USERNAME="c074090"/>
<USERREF USERNAME="c243032"/>
<USERREF USERNAME="c068505"/>
<USERREF USERNAME="c243049"/>
<USERREF USERNAME="c257199"/>
<USERREF USERNAME="yex7750"/>
<USERREF USERNAME="c085302"/>
<USERREF USERNAME="c149066"/>
<USERREF USERNAME="c074342"/>
<USERREF USERNAME="c021984"/>
<USERREF USERNAME="c149177"/>
<USERREF USERNAME="rm35504"/>
<USERREF USERNAME="c194055"/>
<USERREF USERNAME="c131994"/>
<USERREF USERNAME="ye91098"/>
<USERREF USERNAME="yex7972"/>
<USERREF USERNAME="yex7231"/>
<USERREF USERNAME="c227370"/>
<USERREF USERNAME="v6x8356"/>
<USERREF USERNAME="c243048"/>
<USERREF USERNAME="c025980"/>
<USERREF USERNAME="c039863"/>
<USERREF USERNAME="yex7614"/>
<USERREF USERNAME="c137396"/>
<USERREF USERNAME="c239605"/>
<USERREF USERNAME="c244333"/>
<USERREF USERNAME="C243050"/>
<USERREF USERNAME="C257193"/>
<USERREF USERNAME="c219898"/>
<USERREF USERNAME="c257194"/>
<USERREF USERNAME="c225389"/>
<USERREF USERNAME="ZPFsaguilar"/>
<USERREF USERNAME="ZPFralorico"/>
<USERREF USERNAME="ZPFvbalint"/>
<USERREF USERNAME="ZPFlbalubar"/>
<USERREF USERNAME="ZPFkbarkoczi"/>
<USERREF USERNAME="ZPFtcabanes"/>
<USERREF USERNAME="ZPFkcco"/>
<USERREF USERNAME="ZPFsdamato"/>
<USERREF USERNAME="ZPFidanyi"/>
<USERREF USERNAME="ZPFedervishaj"/>
<USERREF USERNAME="ZPFadonio"/>
<USERREF USERNAME="ZPFrducusin"/>
<USERREF USERNAME="ZPFoely"/>
<USERREF USERNAME="ZPFtfabian"/>
<USERREF USERNAME="ZPFhhamada"/>
<USERREF USERNAME="ZPFcmolom"/>
<USERREF USERNAME="ZPFtishizuka"/>
<USERREF USERNAME="ZPFjistenes"/>
<USERREF USERNAME="ZPFmiwaki"/>
<USERREF USERNAME="ZPFijohl"/>
<USERREF USERNAME="ZPFdkawashima"/>
<USERREF USERNAME="ZPFskholti"/>
<USERREF USERNAME="ZPFekosa"/>
<USERREF USERNAME="ZPFgkrucso"/>
<USERREF USERNAME="ZPFmlalangan"/>
<USERREF USERNAME="ZPFklim"/>
<USERREF USERNAME="ZPFlmate"/>
<USERREF USERNAME="ZPFpmore"/>
<USERREF USERNAME="ZPFdnagy"/>
<USERREF USERNAME="ZPFanakai"/>
<USERREF USERNAME="ZPFanyiri"/>
<USERREF USERNAME="ZPFapervaiz"/>
<USERREF USERNAME="ZPFnqi"/>
<USERREF USERNAME="ZPFnreis"/>
<USERREF USERNAME="ZPFprojas"/>
<USERREF USERNAME="ZPFasomogyi"/>
<USERREF USERNAME="ZPFtszabo"/>
<USERREF USERNAME="ZPFstayco"/>
<USERREF USERNAME="ZPFaktoth"/>
<USERREF USERNAME="ZPFhtsuchida"/>
<USERREF USERNAME="ZPFpvallar"/>
<USERREF USERNAME="ZPFgyvarga"/>
<USERREF USERNAME="ZPFfvarga"/>
<USERREF USERNAME="ZPFnvergara"/>
<USERREF USERNAME="ZPFaverpeleti"/>
<USERREF USERNAME="ZPFawarsama"/>
<USERREF USERNAME="ZPFmyuta"/>
<USERREF USERNAME="ZPFvzdirko"/>
</SITEGROUP>
<SITEGROUP SITENAME="(100) Yuan Guoyue">
<USERREF USERNAME="u6x6712"/>
<USERREF USERNAME="c148827"/>
<USERREF USERNAME="v6x8058"/>
<USERREF USERNAME="c206591"/>
<USERREF USERNAME="c090108"/>
<USERREF USERNAME="c257195"/>
<USERREF USERNAME="c039853"/>
<USERREF USERNAME="c074090"/>
<USERREF USERNAME="c243032"/>
<USERREF USERNAME="c068505"/>
<USERREF USERNAME="c243049"/>
<USERREF USERNAME="c257199"/>
<USERREF USERNAME="yex7750"/>
<USERREF USERNAME="c085302"/>
<USERREF USERNAME="c149066"/>
<USERREF USERNAME="c074342"/>
<USERREF USERNAME="c021984"/>
<USERREF USERNAME="c149177"/>
<USERREF USERNAME="rm35504"/>
<USERREF USERNAME="c194055"/>
<USERREF USERNAME="c131994"/>
<USERREF USERNAME="ye91098"/>
<USERREF USERNAME="yex7972"/>
<USERREF USERNAME="yex7231"/>
<USERREF USERNAME="c227370"/>
<USERREF USERNAME="v6x8356"/>
<USERREF USERNAME="c243048"/>
<USERREF USERNAME="c025980"/>
<USERREF USERNAME="c039863"/>
<USERREF USERNAME="yex7614"/>
<USERREF USERNAME="c137396"/>
<USERREF USERNAME="c239605"/>
<USERREF USERNAME="c244333"/>
<USERREF USERNAME="C243050"/>
<USERREF USERNAME="C257193"/>
<USERREF USERNAME="c219898"/>
<USERREF USERNAME="c257194"/>
<USERREF USERNAME="c225389"/>
<USERREF USERNAME="c075541"/>
<USERREF USERNAME="a701824"/>
<USERREF USERNAME="c074429"/>
<USERREF USERNAME="c026393"/>
<USERREF USERNAME="a608760"/>
<USERREF USERNAME="c189327"/>
<USERREF USERNAME="yex8021"/>
<USERREF USERNAME="a608261"/>
<USERREF USERNAME="c058698"/>
<USERREF USERNAME="c143125"/>
<USERREF USERNAME="c135748"/>
<USERREF USERNAME="yex7920"/>
<USERREF USERNAME="c149470"/>
<USERREF USERNAME="rm36132"/>
<USERREF USERNAME="rm37825"/>
<USERREF USERNAME="a803075"/>
<USERREF USERNAME="a511471"/>
<USERREF USERNAME="C228250"/>
<USERREF USERNAME="rm87794"/>
<USERREF USERNAME="c196248"/>
<USERREF USERNAME="c199642"/>
<USERREF USERNAME="c223292"/>
<USERREF USERNAME="c196683"/>
<USERREF USERNAME="c068502"/>
<USERREF USERNAME="c228249"/>
<USERREF USERNAME="c228246"/>
<USERREF USERNAME="c228247"/>
<USERREF USERNAME="c228248"/>
<USERREF USERNAME="ye73456"/>
<USERREF USERNAME="c100415"/>
<USERREF USERNAME="c181983"/>
<USERREF USERNAME="c194032"/>
<USERREF USERNAME="c225384"/>
<USERREF USERNAME="C175084"/>
<USERREF USERNAME="c243031"/>
<USERREF USERNAME="i4lghabes_RE"/>
<USERREF USERNAME="coder_query"/>
<USERREF USERNAME="odm_user"/>
<USERREF USERNAME="z2x7521"/>
<USERREF USERNAME="z2x1799"/>
<USERREF USERNAME="c206388"/>
<USERREF USERNAME="c225929"/>
<USERREF USERNAME="c083101"/>
<USERREF USERNAME="c244714"/>
<USERREF USERNAME="c079244"/>
<USERREF USERNAME="u7X4333"/>
<USERREF USERNAME="rm90029"/>
<USERREF USERNAME="rm89018"/>
<USERREF USERNAME="c069132"/>
<USERREF USERNAME="c015393"/>
<USERREF USERNAME="c249923"/>
<USERREF USERNAME="c243054"/>
<USERREF USERNAME="c057362"/>
<USERREF USERNAME="c243030"/>
<USERREF USERNAME="c247616"/>
<USERREF USERNAME="c071673"/>
<USERREF USERNAME="a015765"/>
<USERREF USERNAME="C249885"/>
<USERREF USERNAME="c202987"/>
<USERREF USERNAME="c203058"/>
<USERREF USERNAME="ZPFsaguilar"/>
<USERREF USERNAME="ZPFralorico"/>
<USERREF USERNAME="ZPFvbalint"/>
<USERREF USERNAME="ZPFlbalubar"/>
<USERREF USERNAME="ZPFkbarkoczi"/>
<USERREF USERNAME="ZPFtcabanes"/>
<USERREF USERNAME="ZPFkcco"/>
<USERREF USERNAME="ZPFsdamato"/>
<USERREF USERNAME="ZPFidanyi"/>
<USERREF USERNAME="ZPFedervishaj"/>
<USERREF USERNAME="ZPFadonio"/>
<USERREF USERNAME="ZPFrducusin"/>
<USERREF USERNAME="ZPFoely"/>
<USERREF USERNAME="ZPFtfabian"/>
<USERREF USERNAME="ZPFhhamada"/>
<USERREF USERNAME="ZPFcmolom"/>
<USERREF USERNAME="ZPFtishizuka"/>
<USERREF USERNAME="ZPFjistenes"/>
<USERREF USERNAME="ZPFmiwaki"/>
<USERREF USERNAME="ZPFijohl"/>
<USERREF USERNAME="ZPFdkawashima"/>
<USERREF USERNAME="ZPFskholti"/>
<USERREF USERNAME="ZPFekosa"/>
<USERREF USERNAME="ZPFgkrucso"/>
<USERREF USERNAME="ZPFmlalangan"/>
<USERREF USERNAME="ZPFklim"/>
<USERREF USERNAME="ZPFlmate"/>
<USERREF USERNAME="ZPFpmore"/>
<USERREF USERNAME="ZPFdnagy"/>
<USERREF USERNAME="ZPFanakai"/>
<USERREF USERNAME="ZPFanyiri"/>
<USERREF USERNAME="ZPFapervaiz"/>
<USERREF USERNAME="ZPFnqi"/>
<USERREF USERNAME="ZPFnreis"/>
<USERREF USERNAME="ZPFprojas"/>
<USERREF USERNAME="ZPFasomogyi"/>
<USERREF USERNAME="ZPFtszabo"/>
<USERREF USERNAME="ZPFstayco"/>
<USERREF USERNAME="ZPFaktoth"/>
<USERREF USERNAME="ZPFhtsuchida"/>
<USERREF USERNAME="ZPFpvallar"/>
<USERREF USERNAME="ZPFgyvarga"/>
<USERREF USERNAME="ZPFfvarga"/>
<USERREF USERNAME="ZPFnvergara"/>
<USERREF USERNAME="ZPFaverpeleti"/>
<USERREF USERNAME="ZPFawarsama"/>
<USERREF USERNAME="ZPFmyuta"/>
<USERREF USERNAME="ZPFvzdirko"/>
</SITEGROUP>
<SITEGROUP SITENAME="(110) Zhou Zhiguang">
<USERREF USERNAME="a701824"/>
<USERREF USERNAME="c074429"/>
<USERREF USERNAME="c026393"/>
<USERREF USERNAME="a608760"/>
<USERREF USERNAME="c189327"/>
<USERREF USERNAME="yex8021"/>
<USERREF USERNAME="a608261"/>
<USERREF USERNAME="c058698"/>
<USERREF USERNAME="c143125"/>
<USERREF USERNAME="c135748"/>
<USERREF USERNAME="yex7920"/>
<USERREF USERNAME="c149470"/>
<USERREF USERNAME="rm36132"/>
<USERREF USERNAME="rm37825"/>
<USERREF USERNAME="a803075"/>
<USERREF USERNAME="a511471"/>
<USERREF USERNAME="C228250"/>
<USERREF USERNAME="rm87794"/>
<USERREF USERNAME="c196248"/>
<USERREF USERNAME="c199642"/>
<USERREF USERNAME="c223292"/>
<USERREF USERNAME="c196683"/>
<USERREF USERNAME="c068502"/>
<USERREF USERNAME="c228249"/>
<USERREF USERNAME="c228246"/>
<USERREF USERNAME="c228247"/>
<USERREF USERNAME="c228248"/>
<USERREF USERNAME="ye73456"/>
<USERREF USERNAME="c100415"/>
<USERREF USERNAME="c181983"/>
<USERREF USERNAME="c194032"/>
<USERREF USERNAME="c225384"/>
<USERREF USERNAME="C175084"/>
<USERREF USERNAME="c243031"/>
<USERREF USERNAME="i4lghabes_RE"/>
<USERREF USERNAME="coder_query"/>
<USERREF USERNAME="odm_user"/>
<USERREF USERNAME="z2x7521"/>
<USERREF USERNAME="z2x1799"/>
<USERREF USERNAME="c206388"/>
<USERREF USERNAME="c225929"/>
<USERREF USERNAME="c083101"/>
<USERREF USERNAME="c244714"/>
<USERREF USERNAME="c079244"/>
<USERREF USERNAME="u7X4333"/>
<USERREF USERNAME="rm90029"/>
<USERREF USERNAME="rm89018"/>
<USERREF USERNAME="c069132"/>
<USERREF USERNAME="c015393"/>
<USERREF USERNAME="c249923"/>
<USERREF USERNAME="c243054"/>
<USERREF USERNAME="c057362"/>
<USERREF USERNAME="c243030"/>
<USERREF USERNAME="c247616"/>
<USERREF USERNAME="c071673"/>
<USERREF USERNAME="a015765"/>
<USERREF USERNAME="C249885"/>
<USERREF USERNAME="c202987"/>
<USERREF USERNAME="c203058"/>
<USERREF USERNAME="u6x6712"/>
<USERREF USERNAME="c148827"/>
<USERREF USERNAME="v6x8058"/>
<USERREF USERNAME="c206591"/>
<USERREF USERNAME="c090108"/>
<USERREF USERNAME="c257195"/>
<USERREF USERNAME="c039853"/>
<USERREF USERNAME="c074090"/>
<USERREF USERNAME="c243032"/>
<USERREF USERNAME="c068505"/>
<USERREF USERNAME="c243049"/>
<USERREF USERNAME="c257199"/>
<USERREF USERNAME="yex7750"/>
<USERREF USERNAME="c085302"/>
<USERREF USERNAME="c149066"/>
<USERREF USERNAME="c074342"/>
<USERREF USERNAME="c021984"/>
<USERREF USERNAME="c149177"/>
<USERREF USERNAME="rm35504"/>
<USERREF USERNAME="c194055"/>
<USERREF USERNAME="c131994"/>
<USERREF USERNAME="ye91098"/>
<USERREF USERNAME="yex7972"/>
<USERREF USERNAME="yex7231"/>
<USERREF USERNAME="c227370"/>
<USERREF USERNAME="v6x8356"/>
<USERREF USERNAME="c243048"/>
<USERREF USERNAME="c025980"/>
<USERREF USERNAME="c039863"/>
<USERREF USERNAME="yex7614"/>
<USERREF USERNAME="c137396"/>
<USERREF USERNAME="c239605"/>
<USERREF USERNAME="c244333"/>
<USERREF USERNAME="C243050"/>
<USERREF USERNAME="C257193"/>
<USERREF USERNAME="c219898"/>
<USERREF USERNAME="c257194"/>
<USERREF USERNAME="c225389"/>
<USERREF USERNAME="c075541"/>
<USERREF USERNAME="ZPFsaguilar"/>
<USERREF USERNAME="ZPFralorico"/>
<USERREF USERNAME="ZPFvbalint"/>
<USERREF USERNAME="ZPFlbalubar"/>
<USERREF USERNAME="ZPFkbarkoczi"/>
<USERREF USERNAME="ZPFtcabanes"/>
<USERREF USERNAME="ZPFkcco"/>
<USERREF USERNAME="ZPFsdamato"/>
<USERREF USERNAME="ZPFidanyi"/>
<USERREF USERNAME="ZPFedervishaj"/>
<USERREF USERNAME="ZPFadonio"/>
<USERREF USERNAME="ZPFrducusin"/>
<USERREF USERNAME="ZPFoely"/>
<USERREF USERNAME="ZPFtfabian"/>
<USERREF USERNAME="ZPFhhamada"/>
<USERREF USERNAME="ZPFcmolom"/>
<USERREF USERNAME="ZPFtishizuka"/>
<USERREF USERNAME="ZPFjistenes"/>
<USERREF USERNAME="ZPFmiwaki"/>
<USERREF USERNAME="ZPFijohl"/>
<USERREF USERNAME="ZPFdkawashima"/>
<USERREF USERNAME="ZPFskholti"/>
<USERREF USERNAME="ZPFekosa"/>
<USERREF USERNAME="ZPFgkrucso"/>
<USERREF USERNAME="ZPFmlalangan"/>
<USERREF USERNAME="ZPFklim"/>
<USERREF USERNAME="ZPFlmate"/>
<USERREF USERNAME="ZPFpmore"/>
<USERREF USERNAME="ZPFdnagy"/>
<USERREF USERNAME="ZPFanakai"/>
<USERREF USERNAME="ZPFanyiri"/>
<USERREF USERNAME="ZPFapervaiz"/>
<USERREF USERNAME="ZPFnqi"/>
<USERREF USERNAME="ZPFnreis"/>
<USERREF USERNAME="ZPFprojas"/>
<USERREF USERNAME="ZPFasomogyi"/>
<USERREF USERNAME="ZPFtszabo"/>
<USERREF USERNAME="ZPFstayco"/>
<USERREF USERNAME="ZPFaktoth"/>
<USERREF USERNAME="ZPFhtsuchida"/>
<USERREF USERNAME="ZPFpvallar"/>
<USERREF USERNAME="ZPFgyvarga"/>
<USERREF USERNAME="ZPFfvarga"/>
<USERREF USERNAME="ZPFnvergara"/>
<USERREF USERNAME="ZPFaverpeleti"/>
<USERREF USERNAME="ZPFawarsama"/>
<USERREF USERNAME="ZPFmyuta"/>
<USERREF USERNAME="ZPFvzdirko"/>
</SITEGROUP>

</MEDMLDATA>