<?xml version="1.0" encoding="UTF-8"?>

<METADATA xmlns="PhaseForward-MedML-Inform4">

<TEXTCONTROL REFNAME="COMMENTDATECTL" UUID="C616608D-41CB-11d2-9D7E-00A0C9769FD8"
	NAME="COMMENTDATECTL"
	HEIGHT="1"
	LENGTH="32"
	DATATYPE="STRING"
/>

<TEXTCONTROL REFNAME="COMMENTENTEREDBYCTL" UUID="C616608E-41CB-11d2-9D7E-00A0C9769FD8"
	NAME="COMMENTENTEREDBYCTL"
	HEIGHT="1"
	LENGTH="32"
	DATATYPE="STRING"
/>

<TEXTCONTROL REFNAME="OLDCOMMENTTEXTCTL" UUID="7B92B1AC-3088-11d2-9D67-00A0C9769FD8"
	NAME="OLDCOMMENTTEXTCTL"
	HEIGHT="6"
	LENGTH="80"
	DATATYPE="STRING"
	CAPTIONALIGN="top"
/>

<TEXTCONTROL REFNAME="NEWCOMMENTTEXTCTL" UUID="7B92B1AB-3088-11d2-9D67-00A0C9769FD8"
	NAME="NEWCOMMENTTEXTCTL"
	MAXLENGTH="1"
	LENGTH="1"
	DATATYPE="STRING"
	CAPTIONALIGN="top"
/>

<RADIOCONTROL REFNAME="REASONINCOMPLETERADIOGROUPCTL" UUID="7B92B1AA-3088-11d2-9D67-00A0C9769FD8"
	NAME="REASONINCOMPLETERADIOGROUPCTL" LAYOUT="VERTICAL">
	<CONTROLREF REFNAME="ND"  ORDER="1"/>
	<CONTROLREF REFNAME="NA"  ORDER="2"/>
	<CONTROLREF REFNAME="UNK" ORDER="3"/>
</RADIOCONTROL>

<ITEM REFNAME="COMMENTDATE" UUID="C616608F-41CB-11d2-9D7E-00A0C9769FD8" QUESTION="Date entered:" LANGUAGE="English">
	<CONTROLREF REFNAME="COMMENTDATECTL"/>
	<TRANSLATIONS>
		<TRANSLATION NAME="QUESTION" DISPLAYTEXT="入力日:" LOCALE="ja-JP" />
	</TRANSLATIONS>
</ITEM>

<ITEM REFNAME="COMMENTENTEREDBY" UUID="C6166090-41CB-11d2-9D7E-00A0C9769FD8" QUESTION="Entered by:" LANGUAGE="English">
	<CONTROLREF REFNAME="COMMENTENTEREDBYCTL"/>
	<TRANSLATIONS>
		<TRANSLATION NAME="QUESTION" DISPLAYTEXT="入力者:" LOCALE="ja-JP" />
	</TRANSLATIONS>	
</ITEM>

<ITEM REFNAME="OLDCOMMENTTEXTITEM" UUID="7B92B1A9-3088-11d2-9D67-00A0C9769FD8" QUESTION="Comment text:" LANGUAGE="English">
	<CONTROLREF REFNAME="OLDCOMMENTTEXTCTL"/>

	<TRANSLATIONS>
		<TRANSLATION NAME="QUESTION" DISPLAYTEXT="コメント:" LOCALE="ja-JP" />
	</TRANSLATIONS>	
</ITEM>

<ITEM REFNAME="NEWCOMMENTTEXTITEM" UUID="7B92B1A8-3088-11d2-9D67-00A0C9769FD8" QUESTION="Comment:" LANGUAGE="English">
	<CONTROLREF REFNAME="NEWCOMMENTTEXTCTL"/>
	<TRANSLATIONS>
		<TRANSLATION NAME="QUESTION" DISPLAYTEXT="コメント:" LOCALE="ja-JP" />
	</TRANSLATIONS>	
</ITEM>

<ITEM REFNAME="REASONINCOMPLETERADIOGROUPITEM" UUID="7B92B1A7-3088-11d2-9D67-00A0C9769FD8" QUESTION="Reason incomplete:&lt;br&gt;(Also add comment above.)" LANGUAGE="English">
	<CONTROLREF REFNAME="REASONINCOMPLETERADIOGROUPCTL"/>
	<TRANSLATIONS>
		<TRANSLATION NAME="QUESTION" DISPLAYTEXT="データ入力が完了しない理由:" LOCALE="ja-JP" />
	</TRANSLATIONS>
</ITEM>

<SECTION REFNAME="CURRENTCOMMENTFORMSECTION" UUID="7B92B1A6-3088-11d2-9D67-00A0C9769FD8" TITLE="Selected Comment" LANGUAGE="English">
    <ITEMREF REFNAME="COMMENTDATE"        ORDER="1"/>
    <ITEMREF REFNAME="COMMENTENTEREDBY"   ORDER="2"/>
	<ITEMREF REFNAME="OLDCOMMENTTEXTITEM" ORDER="3"/>
	<TRANSLATIONS>
		<TRANSLATION NAME="TITLE" DISPLAYTEXT="選択されたコメント" LOCALE="ja-JP" />
	</TRANSLATIONS>	
</SECTION>

<SECTION REFNAME="EDITCOMMENTFORMSECTION" UUID="1DE0280E-420B-11d2-9D7F-00A0C9769FD8" TITLE="Current Comment" LANGUAGE="English">
	<ITEMREF REFNAME="NEWCOMMENTTEXTITEM"             ORDER="1"/>
	<ITEMREF REFNAME="REASONINCOMPLETERADIOGROUPITEM" ORDER="2"/>
	<TRANSLATIONS>
		<TRANSLATION NAME="TITLE" DISPLAYTEXT="現在のコメント" LOCALE="ja-JP" />
	</TRANSLATIONS>	
</SECTION>

<FORM REFNAME="COMMENTFORM" UUID="7B92B1A5-3088-11d2-9D67-00A0C9769FD8" TITLE="Comment Form" MNEMONIC="CF" QUESTIONWIDTH="20" CONTROLWIDTH="80" TYPE="CUSTOMTRIAL" LANGUAGE="English">
	<SECTIONREF REFNAME="CURRENTCOMMENTFORMSECTION"/>
	<SECTIONREF REFNAME="EDITCOMMENTFORMSECTION"/>
	<TRANSLATIONS>
		<TRANSLATION NAME="TITLE" DISPLAYTEXT="コメントフォーム" LOCALE="ja-JP" />
		<TRANSLATION NAME="MNEMONIC" DISPLAYTEXT="CF" LOCALE="ja-JP" />		
	</TRANSLATIONS>
</FORM>

</METADATA>
