<?xml version="1.0"?>
<MEDMLDATA xmlns="PhaseForward-MedML-Inform4">


<SITE  NAME="(327) Hospital das Clinicas da Faculdade de Medicina da Universidade de Sao Paulo  Grupo de Obesidade e Doencas Metabolicas"    MNEMONIC="327"
ADDRESS="Av Dr Eneas de Carvalho Aguiar 155 - 4 Andar - Bloco 15 Sao Paulo Sao Paulo 05403-000"
COUNTRY="BRAZIL"
PHONE="551126617846"
TIMEZONE="(UTC-03:00) Brasilia"
SITEDATEFORMAT="DAY_MONTH_YEAR"
STARTDATE="12/09/2016"
STUDYLOCALE="en-US"
SVAUTOSELECTRATE="100"
SVFIRSTNSUBJECTS="100"
/>


<SITE  NAME="(324) Universidade Federal de Sao Paulo  Escola Paulista de Medicina  Departamento de Endocrinologia"    MNEMONIC="324"
ADDRESS="Rua Estado de Israel 639 - 3 andar Vila Mariana Sao Paulo  04022-001"
COUNTRY="BRAZIL"
PHONE="551155764744"
TIMEZONE="(UTC-03:00) Brasilia"
SITEDATEFORMAT="DAY_MONTH_YEAR"
STARTDATE="12/09/2016"
STUDYLOCALE="en-US"
SVAUTOSELECTRATE="100"
SVFIRSTNSUBJECTS="100"
/>


<SITE  NAME="(322) Centro de Pesquisas em Diabetes"    MNEMONIC="322"
ADDRESS="Rua Goncalo de Carvalho 412 - Floresta Porto Alegre Rio Grande do Sul 90035-171"
COUNTRY="BRAZIL"
PHONE="555132684276"
TIMEZONE="(UTC-03:00) Brasilia"
SITEDATEFORMAT="DAY_MONTH_YEAR"
STARTDATE="12/09/2016"
STUDYLOCALE="en-US"
SVAUTOSELECTRATE="100"
SVFIRSTNSUBJECTS="100"
/>


<SITE  NAME="(328) Hospital das Clinicas da Faculdade de Medicina de Ribeirao Preto da Universidade de Sao Paulo"    MNEMONIC="328"
ADDRESS="Bloco G Subsolo II - Avenida dos Bandeirantes n 3900 Campus Universitario Monte Alegre Ribeirao Preto Sao Paulo 14048-900"
COUNTRY="BRAZIL"
PHONE="551636022479"
TIMEZONE="(UTC-03:00) Brasilia"
SITEDATEFORMAT="DAY_MONTH_YEAR"
STARTDATE="12/09/2016"
STUDYLOCALE="en-US"
SVAUTOSELECTRATE="100"
SVFIRSTNSUBJECTS="100"
/>


<SITE  NAME="(325) IEDE  Instituto Estadual de Diabetes e Endocrinologia"    MNEMONIC="325"
ADDRESS="Rua Moncorvo Filho 90 Centro Rio de Janeiro Rio de Janeiro 20211-340"
COUNTRY="BRAZIL"
PHONE="55552122256490"
ALTPHONE="55"
FAX="55"
TIMEZONE="(UTC-03:00) Brasilia"
SITEDATEFORMAT="DAY_MONTH_YEAR"
STARTDATE="12/09/2016"
STUDYLOCALE="en-US"
SVAUTOSELECTRATE="100"
SVFIRSTNSUBJECTS="100"
/>


<SITE  NAME="(323) CPCLIN Centro de Pesquisas Clinicas"    MNEMONIC="323"
ADDRESS="Rua Goias 193 - Higienopolis Sao Paulo Sao Paulo 01244 030"
COUNTRY="BRAZIL"
PHONE="551127110251"
TIMEZONE="(UTC-03:00) Brasilia"
SITEDATEFORMAT="DAY_MONTH_YEAR"
STARTDATE="12/09/2016"
STUDYLOCALE="en-US"
SVAUTOSELECTRATE="100"
SVFIRSTNSUBJECTS="100"
/>


<SITE  NAME="(321) Instituto da Crianca com Diabetes"    MNEMONIC="321"
ADDRESS="Rua Alvares Cabral 529 - Cristo Redentor Porto Alegre Rio Grande do Sul 91350-250"
COUNTRY="BRAZIL"
PHONE="555133572698"
TIMEZONE="(UTC-03:00) Brasilia"
SITEDATEFORMAT="DAY_MONTH_YEAR"
STARTDATE="12/09/2016"
STUDYLOCALE="en-US"
SVAUTOSELECTRATE="100"
SVFIRSTNSUBJECTS="100"
/>


<SITE  NAME="(201) Calgary Health Region"    MNEMONIC="201"
ADDRESS="Alberta Childrens Hospital 2888 Shaganappi Trail Northwest Department of Endocrinology Calgary Alberta T3B 6A8"
COUNTRY="CANADA"
PHONE="14.03956e+009"
ALTPHONE="1"
FAX="1"
TIMEZONE="(UTC-07:00) Mountain Time (US &#38; Canada)"
SITEDATEFORMAT="DAY_MONTH_YEAR"
STARTDATE="12/09/2016"
STUDYLOCALE="en-US"
SVAUTOSELECTRATE="100"
SVFIRSTNSUBJECTS="100"
/>


<SITE  NAME="(202) Royal University Hospital"    MNEMONIC="202"
ADDRESS="103 Hospital Drive Saskatoon Saskatchewan S7N 0W8"
COUNTRY="CANADA"
PHONE="13.06844e+009"
ALTPHONE="1"
FAX="1"
TIMEZONE="(UTC-06:00) Central Time (US &#38; Canada)"
SITEDATEFORMAT="DAY_MONTH_YEAR"
STARTDATE="12/09/2016"
STUDYLOCALE="en-US"
SVAUTOSELECTRATE="100"
SVFIRSTNSUBJECTS="100"
/>


<SITE  NAME="(203) McMaster University - Health Sciences Center"    MNEMONIC="203"
ADDRESS="Department of Pediatrics 1280 Main Street West Hamilton Ontario L8S 4K1"
COUNTRY="CANADA"
PHONE="19055212100"
ALTPHONE="1"
FAX="1"
TIMEZONE="(UTC-05:00) Eastern Time (US &#38; Canada)"
SITEDATEFORMAT="DAY_MONTH_YEAR"
STARTDATE="12/09/2016"
STUDYLOCALE="en-US"
SVAUTOSELECTRATE="100"
SVFIRSTNSUBJECTS="100"
/>


<SITE  NAME="(501) Hopital Robert Debre AP HP  Service d Endocrinologie et de Diabetologie"    MNEMONIC="501"
ADDRESS="Service dendocrinologie et de diabetologie 48 Boulevard Serurier Paris 75019"
COUNTRY="FRANCE"
PHONE="3333140032067"
ALTPHONE="33"
FAX="33"
TIMEZONE="(UTC+01:00) Belgrade, Bratislava, Budapest, Ljubljana, Prague"
SITEDATEFORMAT="DAY_MONTH_YEAR"
STARTDATE="12/09/2016"
STUDYLOCALE="en-US"
SVAUTOSELECTRATE="100"
SVFIRSTNSUBJECTS="100"
/>


<SITE  NAME="(531) Charite Universitatsmedizin"    MNEMONIC="531"
ADDRESS="Augustenburger Platz 1Berlin 13353"
COUNTRY="GERMANY"
PHONE="494930450666489"
ALTPHONE="49"
FAX="49"
TIMEZONE="(UTC+01:00) Sarajevo, Skopje, Warsaw, Zagreb"
SITEDATEFORMAT="DAY_MONTH_YEAR"
STARTDATE="12/09/2016"
STUDYLOCALE="en-US"
SVAUTOSELECTRATE="100"
SVFIRSTNSUBJECTS="100"
/>


<SITE  NAME="(512) Heim Pal Gyermekkorhaz"    MNEMONIC="512"
ADDRESS="Ulloi ut 86 Budapest 1089"
COUNTRY="HUNGARY"
PHONE="363614599100"
ALTPHONE="36"
FAX="36"
TIMEZONE="(UTC+01:00) Belgrade, Bratislava, Budapest, Ljubljana, Prague"
SITEDATEFORMAT="DAY_MONTH_YEAR"
STARTDATE="12/09/2016"
STUDYLOCALE="en-US"
SVAUTOSELECTRATE="100"
SVFIRSTNSUBJECTS="100"
/>


<SITE  NAME="(511) SE I Gyermekgyogyaszati Klinika"    MNEMONIC="511"
ADDRESS="Bokay Janos u 53 54 Budapest 1083"
COUNTRY="HUNGARY"
PHONE="3633613343186"
ALTPHONE="36"
FAX="36"
TIMEZONE="(UTC+01:00) Belgrade, Bratislava, Budapest, Ljubljana, Prague"
SITEDATEFORMAT="DAY_MONTH_YEAR"
STARTDATE="12/09/2016"
STUDYLOCALE="en-US"
SVAUTOSELECTRATE="100"
SVFIRSTNSUBJECTS="100"
/>


<SITE  NAME="(809) Institute of Medical Sciences Banaras Hindu University"    MNEMONIC="809"
ADDRESS="Department of Endocrinology and Metabolism
Institute of Medical Sciences Banaras Hindu University
Varanasi 221005"
COUNTRY="INDIA"
PHONE="919415203534"
ALTPHONE="91"
FAX="91"
TIMEZONE="(UTC+05:30) Chennai, Kolkata, Mumbai, New Delhi"
SITEDATEFORMAT="DAY_MONTH_YEAR"
STARTDATE="12/09/2016"
STUDYLOCALE="en-US"
SVAUTOSELECTRATE="100"
SVFIRSTNSUBJECTS="100"
/>


<SITE  NAME="(808) Post Graduate Institute of Medical Education and Research PGIMER"    MNEMONIC="808"
ADDRESS="Department of Endocrinology B Block 3rd Floor Post Graduate Institute of Medical Education and Research PGIMER Chandigarh 160012"
COUNTRY="INDIA"
PHONE="91911722747944"
ALTPHONE="91"
FAX="91"
TIMEZONE="(UTC+05:30) Chennai, Kolkata, Mumbai, New Delhi"
SITEDATEFORMAT="DAY_MONTH_YEAR"
STARTDATE="12/09/2016"
STUDYLOCALE="en-US"
SVAUTOSELECTRATE="100"
SVFIRSTNSUBJECTS="100"
/>


<SITE  NAME="(807) P D Hinduja National Hospital and Medical Research Centre"    MNEMONIC="807"
ADDRESS="Room No 2204 Wing 2 2nd Floor PD Hinduja National Hospital and Medical Research Centre Veer Savarkar Marg Mahim Maharashtra Mumbai 400016"
COUNTRY="INDIA"
PHONE="91912224447000"
ALTPHONE="91"
FAX="91"
TIMEZONE="(UTC+05:30) Chennai, Kolkata, Mumbai, New Delhi"
SITEDATEFORMAT="DAY_MONTH_YEAR"
STARTDATE="12/09/2016"
STUDYLOCALE="en-US"
SVAUTOSELECTRATE="100"
SVFIRSTNSUBJECTS="100"
/>


<SITE  NAME="(806) Sir Gangaram Hospital"    MNEMONIC="806"
ADDRESS="Sir Gangaram Hospital 4th Floor Clinical Research Room MRD Building Rajinder Nagar Delhi New Delhi110060"
COUNTRY="INDIA"
PHONE="91911142251547"
ALTPHONE="91"
FAX="91"
TIMEZONE="(UTC+05:30) Chennai, Kolkata, Mumbai, New Delhi"
SITEDATEFORMAT="DAY_MONTH_YEAR"
STARTDATE="12/09/2016"
STUDYLOCALE="en-US"
SVAUTOSELECTRATE="100"
SVFIRSTNSUBJECTS="100"
/>


<SITE  NAME="(805) Manipal Hospital"    MNEMONIC="805"
ADDRESS="Manipal Hospital 98 HAL Airport Road Kodihalli Karnataka Bangalore 560017"
COUNTRY="INDIA"
PHONE="91918025024631"
ALTPHONE="91"
FAX="91"
TIMEZONE="(UTC+05:30) Chennai, Kolkata, Mumbai, New Delhi"
SITEDATEFORMAT="DAY_MONTH_YEAR"
STARTDATE="12/09/2016"
STUDYLOCALE="en-US"
SVAUTOSELECTRATE="100"
SVFIRSTNSUBJECTS="100"
/>


<SITE  NAME="(804) M S Ramaiah Medical College and Hospital"    MNEMONIC="804"
ADDRESS="MSRIT Post New BEL Road Karnataka Bangalore 560054"
COUNTRY="INDIA"
PHONE="91918022182982"
ALTPHONE="91"
FAX="91"
TIMEZONE="(UTC+05:30) Chennai, Kolkata, Mumbai, New Delhi"
SITEDATEFORMAT="DAY_MONTH_YEAR"
STARTDATE="12/09/2016"
STUDYLOCALE="en-US"
SVAUTOSELECTRATE="100"
SVFIRSTNSUBJECTS="100"
/>


<SITE  NAME="(803) Dr Jivraj Mehta Smarak Health Foundation Bakeri Medical Research Centre"    MNEMONIC="803"
ADDRESS="Dr Jivraj Mehta Smarak Health Foundation Bakeri Medical Research Centre Ratubhai Adani Arogyadham Dr Jivraj Mehta Marg Gujarat Ahmedabad 380007"
COUNTRY="INDIA"
PHONE="91917926639839"
ALTPHONE="91"
FAX="91"
TIMEZONE="(UTC+05:30) Chennai, Kolkata, Mumbai, New Delhi"
SITEDATEFORMAT="DAY_MONTH_YEAR"
STARTDATE="12/09/2016"
STUDYLOCALE="en-US"
SVAUTOSELECTRATE="100"
SVFIRSTNSUBJECTS="100"
/>


<SITE  NAME="(802) Osmania general hospital"    MNEMONIC="802"
ADDRESS="2nd Floor Department of Endocrinology Jubilee Block Afzal GunjAndhra Pradesh Hyderabad 500012"
COUNTRY="INDIA"
PHONE="9104024651667"
ALTPHONE="91"
FAX="91"
TIMEZONE="(UTC+05:30) Chennai, Kolkata, Mumbai, New Delhi"
SITEDATEFORMAT="DAY_MONTH_YEAR"
STARTDATE="12/09/2016"
STUDYLOCALE="en-US"
SVAUTOSELECTRATE="100"
SVFIRSTNSUBJECTS="100"
/>


<SITE  NAME="(801) Apollo Gleneagles Hospitals"    MNEMONIC="801"
ADDRESS="58 Canal Circular Road Kadapara Phool Bagan Kolkata West Bengal 700054 India"
COUNTRY="INDIA"
PHONE="919836542460"
ALTPHONE="91"
FAX="91"
TIMEZONE="(UTC+05:30) Chennai, Kolkata, Mumbai, New Delhi"
SITEDATEFORMAT="DAY_MONTH_YEAR"
STARTDATE="12/09/2016"
STUDYLOCALE="en-US"
SVAUTOSELECTRATE="100"
SVFIRSTNSUBJECTS="100"
/>


<SITE  NAME="(307) Arke Estudios Clinicos SA de CV Veracruz"    MNEMONIC="307"
ADDRESS="Alacio Perez 928  101 Col Ignacio Zaragoza Entre Carmen Serdan y 20 de noviembre Veracruz Veracruz 91910"
COUNTRY="MEXICO"
PHONE="522291268491"
TIMEZONE="(UTC-06:00) Central Time (US &#38; Canada)"
SITEDATEFORMAT="DAY_MONTH_YEAR"
STARTDATE="12/09/2016"
STUDYLOCALE="en-US"
SVAUTOSELECTRATE="100"
SVFIRSTNSUBJECTS="100"
/>


<SITE  NAME="(305) Centro de Investigacion Medica de Occidente SC"    MNEMONIC="305"
ADDRESS="Av Empresarios 150 Torre Elite Piso 16 Consultorio 1602 Zapopan Jalisco CP Guadalajara Jalisco 45116"
COUNTRY="MEXICO"
PHONE="523312044280"
TIMEZONE="(UTC-06:00) Central Time (US &#38; Canada)"
SITEDATEFORMAT="DAY_MONTH_YEAR"
STARTDATE="12/09/2016"
STUDYLOCALE="en-US"
SVAUTOSELECTRATE="100"
SVFIRSTNSUBJECTS="100"
/>


<SITE  NAME="(303) Hospital Angeles Puebla"    MNEMONIC="303"
ADDRESS="Av Kepler 2143 Col Reserva Territorial Atlixcayotl Puebla Puebla 72190"
COUNTRY="MEXICO"
PHONE="522223038350"
TIMEZONE="(UTC-06:00) Central Time (US &#38; Canada)"
SITEDATEFORMAT="DAY_MONTH_YEAR"
STARTDATE="12/09/2016"
STUDYLOCALE="en-US"
SVAUTOSELECTRATE="100"
SVFIRSTNSUBJECTS="100"
/>


<SITE  NAME="(301) Health Pharma Professional Research SA de CV"    MNEMONIC="301"
ADDRESS="Dakota 351 Planta Baja Col Ampliacion Napoles Del Benito Juarez Mexico Federal District 03810"
COUNTRY="MEXICO"
PHONE="52525563814282"
ALTPHONE="52"
FAX="52"
TIMEZONE="(UTC-06:00) Central Time (US &#38; Canada)"
SITEDATEFORMAT="DAY_MONTH_YEAR"
STARTDATE="12/09/2016"
STUDYLOCALE="en-US"
SVAUTOSELECTRATE="100"
SVFIRSTNSUBJECTS="100"
/>


<SITE  NAME="(306) Hospital Universitario Dr Jose Eleuterio Glez Pediatria"    MNEMONIC="306"
ADDRESS="Av Francisco I Madero y Av Gonzalitos SN Col Mitras Monterrey Nuevo Leon 64460"
COUNTRY="MEXICO"
PHONE="52528183475321"
ALTPHONE="52"
FAX="52"
TIMEZONE="(UTC-06:00) Central Time (US &#38; Canada)"
SITEDATEFORMAT="DAY_MONTH_YEAR"
STARTDATE="12/09/2016"
STUDYLOCALE="en-US"
SVAUTOSELECTRATE="100"
SVFIRSTNSUBJECTS="100"
/>


<SITE  NAME="(304) Clinica Hospital Cemain"    MNEMONIC="304"
ADDRESS="Hidalgo 1601 Col Martock erpiso Medicina Interna Tampico Tamaulipas 89170"
COUNTRY="MEXICO"
PHONE="528332412800"
TIMEZONE="(UTC-06:00) Central Time (US &#38; Canada)"
SITEDATEFORMAT="DAY_MONTH_YEAR"
STARTDATE="12/09/2016"
STUDYLOCALE="en-US"
SVAUTOSELECTRATE="100"
SVFIRSTNSUBJECTS="100"
/>


<SITE  NAME="(302) Centro Medico San Francisco"    MNEMONIC="302"
ADDRESS="Loma grande 2717 Col Lomas de San Francisco Monterrey Nuevo Leon 64710"
COUNTRY="MEXICO"
PHONE="528117399494"
TIMEZONE="(UTC-06:00) Central Time (US &#38; Canada)"
SITEDATEFORMAT="DAY_MONTH_YEAR"
STARTDATE="12/09/2016"
STUDYLOCALE="en-US"
SVAUTOSELECTRATE="100"
SVFIRSTNSUBJECTS="100"
/>


<SITE  NAME="(702) King Saud University"    MNEMONIC="702"
ADDRESS="King Saud University College of Medicine PO Box 7805 Riyadh 11472 KSA"
COUNTRY="SAUDI ARABIA"
PHONE="96600966114670011"
ALTPHONE="966"
FAX="966"
TIMEZONE="(UTC+04:00) Abu Dhabi, Muscat"
SITEDATEFORMAT="DAY_MONTH_YEAR"
STARTDATE="12/09/2016"
STUDYLOCALE="en-US"
SVAUTOSELECTRATE="100"
SVFIRSTNSUBJECTS="100"
/>


<SITE  NAME="(701) King Abdul Aziz University Hospital"    MNEMONIC="701"
ADDRESS="Pediatric Department PO Box 80215 Jeddah 21589 Saudi Arabia"
COUNTRY="SAUDI ARABIA"
PHONE="966009668001169528"
ALTPHONE="966"
FAX="966"
TIMEZONE="(UTC+04:00) Abu Dhabi, Muscat"
SITEDATEFORMAT="DAY_MONTH_YEAR"
STARTDATE="12/09/2016"
STUDYLOCALE="en-US"
SVAUTOSELECTRATE="100"
SVFIRSTNSUBJECTS="100"
/>


<SITE  NAME="(544) Duzce University Medical Faculty"    MNEMONIC="544"
ADDRESS="Konuralp Yerleskesi Beciyorukler Mevkii
Duzce
81620"
COUNTRY="TURKEY"
PHONE="90003805421390"
ALTPHONE="90"
FAX="90"
TIMEZONE="(UTC-05:00) Eastern Time (US &#38; Canada)"
SITEDATEFORMAT="DAY_MONTH_YEAR"
STARTDATE="12/09/2016"
STUDYLOCALE="en-US"
SVAUTOSELECTRATE="100"
SVFIRSTNSUBJECTS="100"
/>


<SITE  NAME="(543) Ondokuz Mayis University Medical Faculty"    MNEMONIC="543"
ADDRESS="Kurupelit Kampusu Atakum Samsun 55139"
COUNTRY="TURKEY"
PHONE="90003623121919"
ALTPHONE="90"
FAX="90"
TIMEZONE="(UTC-05:00) Eastern Time (US &#38; Canada)"
SITEDATEFORMAT="DAY_MONTH_YEAR"
STARTDATE="12/09/2016"
STUDYLOCALE="en-US"
SVAUTOSELECTRATE="100"
SVFIRSTNSUBJECTS="100"
/>


<SITE  NAME="(542) Kecioren Training and Research Hospital"    MNEMONIC="542"
ADDRESS="Pinarbasi Mah Kecioren Ankara 06380"
COUNTRY="TURKEY"
PHONE="90003123569000"
ALTPHONE="90"
FAX="90"
TIMEZONE="(UTC-05:00) Eastern Time (US &#38; Canada)"
SITEDATEFORMAT="DAY_MONTH_YEAR"
STARTDATE="12/09/2016"
STUDYLOCALE="en-US"
SVAUTOSELECTRATE="100"
SVFIRSTNSUBJECTS="100"
/>


<SITE  NAME="(541) Sami Ulus Training and Research Hospital"    MNEMONIC="541"
ADDRESS="Babur Caddesi Altindag Ankara 06080"
COUNTRY="TURKEY"
PHONE="90003123056000"
ALTPHONE="90"
FAX="90"
TIMEZONE="(UTC-05:00) Eastern Time (US &#38; Canada)"
SITEDATEFORMAT="DAY_MONTH_YEAR"
STARTDATE="12/09/2016"
STUDYLOCALE="en-US"
SVAUTOSELECTRATE="100"
SVFIRSTNSUBJECTS="100"
/>


<SITE  NAME="(522) St Jamess University Hospital"    MNEMONIC="522"
ADDRESS="Beckett Street Leeds LS9 7TF"
COUNTRY="UNITED KINGDOM"
PHONE="44441132064996"
ALTPHONE="44"
FAX="44"
TIMEZONE="(UTC) Dublin, Edinburgh, Lisbon, London"
SITEDATEFORMAT="DAY_MONTH_YEAR"
STARTDATE="12/09/2016"
STUDYLOCALE="en-US"
SVAUTOSELECTRATE="100"
SVFIRSTNSUBJECTS="100"
/>


<SITE  NAME="(521) Alder Hey Childrens Hospital"    MNEMONIC="521"
ADDRESS="E Prescot Road Liverpool L14 5AB"
COUNTRY="UNITED KINGDOM"
PHONE="44441512284811"
ALTPHONE="44"
FAX="44"
TIMEZONE="(UTC) Dublin, Edinburgh, Lisbon, London"
SITEDATEFORMAT="DAY_MONTH_YEAR"
STARTDATE="12/09/2016"
STUDYLOCALE="en-US"
SVAUTOSELECTRATE="100"
SVFIRSTNSUBJECTS="100"
/>


<SITE  NAME="(117) Seattle Childrens Hospital Research Foundation"    MNEMONIC="117"
ADDRESS="4800 Sand Point Way NE Seattle Washington 98105"
COUNTRY="UNITED STATES"
PHONE="12.06884e+009"
ALTPHONE="1"
FAX="1"
TIMEZONE="(UTC-08:00) Pacific Time (US &#38; Canada)"
SITEDATEFORMAT="DAY_MONTH_YEAR"
STARTDATE="12/09/2016"
STUDYLOCALE="en-US"
SVAUTOSELECTRATE="100"
SVFIRSTNSUBJECTS="100"
/>


<SITE  NAME="(115) Northwest Clinical Research Center"    MNEMONIC="115"
ADDRESS="1951 152nd Place Northeast Suite 200 Bellevue Washington 98007"
COUNTRY="UNITED STATES"
PHONE="14.25453e+009"
ALTPHONE="1"
FAX="1"
TIMEZONE="(UTC-08:00) Pacific Time (US &#38; Canada)"
SITEDATEFORMAT="DAY_MONTH_YEAR"
STARTDATE="12/09/2016"
STUDYLOCALE="en-US"
SVAUTOSELECTRATE="100"
SVFIRSTNSUBJECTS="100"
/>


<SITE  NAME="(107) San Fernando Valley Research Associates"    MNEMONIC="107"
ADDRESS="2271 E Palmdale Blvd Suite E Palmdale California 93550"
COUNTRY="UNITED STATES"
PHONE="16.61539e+009"
ALTPHONE="1"
FAX="1"
TIMEZONE="(UTC-08:00) Pacific Time (US &#38; Canada)"
SITEDATEFORMAT="DAY_MONTH_YEAR"
STARTDATE="12/09/2016"
STUDYLOCALE="en-US"
SVAUTOSELECTRATE="100"
SVFIRSTNSUBJECTS="100"
/>


<SITE  NAME="(105) Childrens Hospital of Orange Co"    MNEMONIC="105"
ADDRESS="1201 West La Veta Avenue Orange California 92868"
COUNTRY="UNITED STATES"
PHONE="17.14533e+009"
ALTPHONE="1"
FAX="1"
TIMEZONE="(UTC-08:00) Pacific Time (US &#38; Canada)"
SITEDATEFORMAT="DAY_MONTH_YEAR"
STARTDATE="12/09/2016"
STUDYLOCALE="en-US"
SVAUTOSELECTRATE="100"
SVFIRSTNSUBJECTS="100"
/>


<SITE  NAME="(103) Childrens Diabetes and Endocrine Program Randall Childrens Hospital at Legacy Emanuel"    MNEMONIC="103"
ADDRESS="501 N Graham St Suite 375 Portland Oregon 97227"
COUNTRY="UNITED STATES"
PHONE="15.03413e+009"
ALTPHONE="1"
FAX="1"
TIMEZONE="(UTC-08:00) Pacific Time (US &#38; Canada)"
SITEDATEFORMAT="DAY_MONTH_YEAR"
STARTDATE="12/09/2016"
STUDYLOCALE="en-US"
SVAUTOSELECTRATE="100"
SVFIRSTNSUBJECTS="100"
/>


<SITE  NAME="(126) Touro University California"    MNEMONIC="126"
ADDRESS="1310 Club Drive Mare Island Vallejo California 94592"
COUNTRY="UNITED STATES"
PHONE="17076385255"
ALTPHONE="1"
FAX="1"
TIMEZONE="(UTC-08:00) Pacific Time (US &#38; Canada)"
SITEDATEFORMAT="DAY_MONTH_YEAR"
STARTDATE="12/09/2016"
STUDYLOCALE="en-US"
SVAUTOSELECTRATE="100"
SVFIRSTNSUBJECTS="100"
/>


<SITE  NAME="(116) Multicare Health System Covington"    MNEMONIC="116"
ADDRESS="314 Martin Luther King Jr Way Suite 402 Tacoma Washington 98405"
COUNTRY="UNITED STATES"
PHONE="14.25564e+009"
ALTPHONE="1"
FAX="1"
TIMEZONE="(UTC-08:00) Pacific Time (US &#38; Canada)"
SITEDATEFORMAT="DAY_MONTH_YEAR"
STARTDATE="12/09/2016"
STUDYLOCALE="en-US"
SVAUTOSELECTRATE="100"
SVFIRSTNSUBJECTS="100"
/>


<SITE  NAME="(106) Rady Childrens Hospital  San Diego"    MNEMONIC="106"
ADDRESS="3020 Childrens Way MC 5103 San Diego California 92123"
COUNTRY="UNITED STATES"
PHONE="18.58966e+009"
ALTPHONE="1"
FAX="1"
TIMEZONE="(UTC-08:00) Pacific Time (US &#38; Canada)"
SITEDATEFORMAT="DAY_MONTH_YEAR"
STARTDATE="12/09/2016"
STUDYLOCALE="en-US"
SVAUTOSELECTRATE="100"
SVFIRSTNSUBJECTS="100"
/>


<SITE  NAME="(104) Center of Excellence in Diabetes and Endocrinology"    MNEMONIC="104"
ADDRESS="3814 Auburn Blvd Suite 72 Sacramento California 95821"
COUNTRY="UNITED STATES"
PHONE="19.16426e+009"
ALTPHONE="1"
FAX="1"
TIMEZONE="(UTC-08:00) Pacific Time (US &#38; Canada)"
SITEDATEFORMAT="DAY_MONTH_YEAR"
STARTDATE="12/09/2016"
STUDYLOCALE="en-US"
SVAUTOSELECTRATE="100"
SVFIRSTNSUBJECTS="100"
/>


<SITE  NAME="(114) St Lukes Regional Medical Center LTD"    MNEMONIC="114"
ADDRESS="125 E Idaho Street Suite 200 Boise Idaho 83712"
COUNTRY="UNITED STATES"
PHONE="12.08382e+009"
ALTPHONE="1"
FAX="1"
TIMEZONE="(UTC-07:00) Mountain Time (US &#38; Canada)"
SITEDATEFORMAT="DAY_MONTH_YEAR"
STARTDATE="12/09/2016"
STUDYLOCALE="en-US"
SVAUTOSELECTRATE="100"
SVFIRSTNSUBJECTS="100"
/>


<SITE  NAME="(121) Childrens Mercy Health"    MNEMONIC="121"
ADDRESS="2401 Gillham Rd Kansas City Missouri 64108"
COUNTRY="UNITED STATES"
PHONE="18.16855e+009"
ALTPHONE="1"
FAX="1"
TIMEZONE="(UTC-06:00) Central Time (US &#38; Canada)"
SITEDATEFORMAT="DAY_MONTH_YEAR"
STARTDATE="12/09/2016"
STUDYLOCALE="en-US"
SVAUTOSELECTRATE="100"
SVFIRSTNSUBJECTS="100"
/>


<SITE  NAME="(119) University of Tennessee Health Science Center  Outpatient Clinic"    MNEMONIC="119"
ADDRESS="66 N Pauline Street Suite 300 Memphis Tennessee 38163"
COUNTRY="UNITED STATES"
PHONE="19.01517e+009"
ALTPHONE="1"
FAX="1"
TIMEZONE="(UTC-06:00) Central Time (US &#38; Canada)"
SITEDATEFORMAT="DAY_MONTH_YEAR"
STARTDATE="12/09/2016"
STUDYLOCALE="en-US"
SVAUTOSELECTRATE="100"
SVFIRSTNSUBJECTS="100"
/>


<SITE  NAME="(111) UAB Pediatric Endocrinology"    MNEMONIC="111"
ADDRESS="UAB Pediatric Endocrinology 1601 4th Avenue South Childrens Park Suite 230 Birmingham Alabama 35233"
COUNTRY="UNITED STATES"
PHONE="12059399107"
ALTPHONE="1"
FAX="1"
TIMEZONE="(UTC-06:00) Central Time (US &#38; Canada)"
SITEDATEFORMAT="DAY_MONTH_YEAR"
STARTDATE="12/09/2016"
STUDYLOCALE="en-US"
SVAUTOSELECTRATE="100"
SVFIRSTNSUBJECTS="100"
/>


<SITE  NAME="(125) Childrens Hospital of University of Illinois"    MNEMONIC="125"
ADDRESS="840 South Wood Street MC 640 Chicago Illinois 60612"
COUNTRY="UNITED STATES"
PHONE="13.12996e+009"
ALTPHONE="1"
FAX="1"
TIMEZONE="(UTC-06:00) Central Time (US &#38; Canada)"
SITEDATEFORMAT="DAY_MONTH_YEAR"
STARTDATE="12/09/2016"
STUDYLOCALE="en-US"
SVAUTOSELECTRATE="100"
SVFIRSTNSUBJECTS="100"
/>


<SITE  NAME="(122) Washington University"    MNEMONIC="122"
ADDRESS="660 South Euclid Campus Box 8116 St Louis Missouri 63110"
COUNTRY="UNITED STATES"
PHONE="13.14286e+009"
ALTPHONE="1"
FAX="1"
TIMEZONE="(UTC-06:00) Central Time (US &#38; Canada)"
SITEDATEFORMAT="DAY_MONTH_YEAR"
STARTDATE="12/09/2016"
STUDYLOCALE="en-US"
SVAUTOSELECTRATE="100"
SVFIRSTNSUBJECTS="100"
/>


<SITE  NAME="(110) Pennington Biomedical Research Center"    MNEMONIC="110"
ADDRESS="6400 Perkins Road Baton Rouge Louisiana 70808"
COUNTRY="UNITED STATES"
PHONE="12.25763e+009"
ALTPHONE="1"
FAX="1"
TIMEZONE="(UTC-06:00) Central Time (US &#38; Canada)"
SITEDATEFORMAT="DAY_MONTH_YEAR"
STARTDATE="12/09/2016"
STUDYLOCALE="en-US"
SVAUTOSELECTRATE="100"
SVFIRSTNSUBJECTS="100"
/>


<SITE  NAME="(108) Childrens Hospital Of New Orleans"    MNEMONIC="108"
ADDRESS="200 Henry Clay Avenue New Orleans Louisiana 70118"
COUNTRY="UNITED STATES"
PHONE="15.04895e+009"
ALTPHONE="1"
FAX="1"
TIMEZONE="(UTC-06:00) Central Time (US &#38; Canada)"
SITEDATEFORMAT="DAY_MONTH_YEAR"
STARTDATE="12/09/2016"
STUDYLOCALE="en-US"
SVAUTOSELECTRATE="100"
SVFIRSTNSUBJECTS="100"
/>


<SITE  NAME="(113) University of FloridaDivision of Pediatric Endocrinology"    MNEMONIC="113"
ADDRESS="1699 SW 16th Avenue Gainesville Florida 32608"
COUNTRY="UNITED STATES"
PHONE="13.52266e+009"
ALTPHONE="1"
FAX="1"
TIMEZONE="(UTC-05:00) Eastern Time (US &#38; Canada)"
SITEDATEFORMAT="DAY_MONTH_YEAR"
STARTDATE="12/09/2016"
STUDYLOCALE="en-US"
SVAUTOSELECTRATE="100"
SVFIRSTNSUBJECTS="100"
/>


<SITE  NAME="(109) Nickalus Childrens Hospital Research Institute"    MNEMONIC="109"
ADDRESS="3100 Southwest 62nd Avenue 3rd Floor Miami Florida 33155"
COUNTRY="UNITED STATES"
PHONE="17866242854"
ALTPHONE="1"
FAX="1"
TIMEZONE="(UTC-05:00) Eastern Time (US &#38; Canada)"
SITEDATEFORMAT="DAY_MONTH_YEAR"
STARTDATE="12/09/2016"
STUDYLOCALE="en-US"
SVAUTOSELECTRATE="100"
SVFIRSTNSUBJECTS="100"
/>


<SITE  NAME="(120) Indiana University Hospital  CTSI CRC"    MNEMONIC="120"
ADDRESS="705 Riley Hospital Dr RM 4300 Indianapolis Indiana 46202"
COUNTRY="UNITED STATES"
PHONE="13.17944e+009"
ALTPHONE="1"
FAX="1"
TIMEZONE="(UTC-05:00) Eastern Time (US &#38; Canada)"
SITEDATEFORMAT="DAY_MONTH_YEAR"
STARTDATE="12/09/2016"
STUDYLOCALE="en-US"
SVAUTOSELECTRATE="100"
SVFIRSTNSUBJECTS="100"
/>


<SITE  NAME="(118) CAMC Health Education and Research Institute  Women and Children"    MNEMONIC="118"
ADDRESS="830 Pennsylvania Avenue Suite 103 Charleston West Virginia 25302"
COUNTRY="UNITED STATES"
PHONE="18.32567e+009"
ALTPHONE="1"
FAX="1"
TIMEZONE="(UTC-05:00) Eastern Time (US &#38; Canada)"
SITEDATEFORMAT="DAY_MONTH_YEAR"
STARTDATE="12/09/2016"
STUDYLOCALE="en-US"
SVAUTOSELECTRATE="100"
SVFIRSTNSUBJECTS="100"
/>


<SITE  NAME="(112) Florida Center for Pediatric Endocrinology and Metabolism"    MNEMONIC="112"
ADDRESS="615 East princeton Street Orlando Florida 32803"
COUNTRY="UNITED STATES"
PHONE="14.07896e+009"
ALTPHONE="1"
FAX="1"
TIMEZONE="(UTC-05:00) Eastern Time (US &#38; Canada)"
SITEDATEFORMAT="DAY_MONTH_YEAR"
STARTDATE="12/09/2016"
STUDYLOCALE="en-US"
SVAUTOSELECTRATE="100"
SVFIRSTNSUBJECTS="100"
/>


<SITE  NAME="(102) Childrens Hospital of Pittsburgh UPMC"    MNEMONIC="102"
ADDRESS="Childrens Hospital of Pittsburgh of UPMC 4401 Penn Avenue Faculty Pavilion 6th floor Pittsburgh Pennsylvania 15224"
COUNTRY="UNITED STATES"
PHONE="14.12693e+009"
ALTPHONE="1"
FAX="1"
TIMEZONE="(UTC-05:00) Eastern Time (US &#38; Canada)"
SITEDATEFORMAT="DAY_MONTH_YEAR"
STARTDATE="12/09/2016"
STUDYLOCALE="en-US"
SVAUTOSELECTRATE="100"
SVFIRSTNSUBJECTS="100"
/>


<SITE  NAME="(101) Joseph M Sanzari Childrens Hospital"    MNEMONIC="101"
ADDRESS="Hackensack University Medical Center  Department of Pediatrics 30 Prospect Ave WFAN Bldg Rm PC144 Hackensack New Jersey 07601"
COUNTRY="UNITED STATES"
PHONE="12.01997e+009"
ALTPHONE="1"
FAX="1"
TIMEZONE="(UTC-05:00) Eastern Time (US &#38; Canada)"
SITEDATEFORMAT="DAY_MONTH_YEAR"
STARTDATE="12/09/2016"
STUDYLOCALE="en-US"
SVAUTOSELECTRATE="100"
SVFIRSTNSUBJECTS="100"
/>


<SITE  NAME="(123) Centro de Diabetes y Endocrinologia Pediatrica de PR"    MNEMONIC="123"
ADDRESS="Torres San Francisco Suite 209 De Diego Street Rio Piedras Puerto Rico 00923"
COUNTRY="UNITED STATES"
PHONE="7.87767e+009"
TIMEZONE="(UTC-04:00) Atlantic Time (Canada)"
SITEDATEFORMAT="DAY_MONTH_YEAR"
STARTDATE="12/09/2016"
STUDYLOCALE="en-US"
SVAUTOSELECTRATE="100"
SVFIRSTNSUBJECTS="100"
/>


</MEDMLDATA>