<?xml version="1.0"?>
<MEDMLDATA xmlns="PhaseForward-MedML-Inform4">

<RIGHTSGROUP GROUPNAME="Adjudicator">
<ITEMGROUPREF REFNAME="Adjudicator_Hidden" 
DISPLAYOVERRIDE="HIDDEN"/>
<ITEMGROUPREF REFNAME="nonData_Manager_ReadOnly" 
DISPLAYOVERRIDE="HIDDEN"/>
<ITEMGROUPREF REFNAME="Adjudicator_ReadOnly" 
DISPLAYOVERRIDE="READONLY"/>
<ITEMGROUPREF REFNAME="GPS_eSAE_Hidden" 
DISPLAYOVERRIDE="HIDDEN"/>
<ITEMGROUPREF REFNAME="Adjudicator_Editable" 
DISPLAYOVERRIDE="EDITABLE"/>
</RIGHTSGROUP>

<RIGHTSGROUP GROUPNAME="Data Manager">
<ITEMGROUPREF REFNAME="Data_Manager_ReadOnly" 
DISPLAYOVERRIDE="READONLY"/>
<ITEMGROUPREF REFNAME="nonData_Manager_ReadOnly" 
DISPLAYOVERRIDE="EDITABLE"/>
<ITEMGROUPREF REFNAME="Adjudicator_ReadOnly" 
DISPLAYOVERRIDE="READONLY"/>
<ITEMGROUPREF REFNAME="nonData_Manager_Hidden" 
DISPLAYOVERRIDE="EDITABLE"/>
<ITEMGROUPREF REFNAME="Adjudicator_Editable" 
DISPLAYOVERRIDE="READONLY"/>
</RIGHTSGROUP>

<RIGHTSGROUP GROUPNAME="GPS">
<ITEMGROUPREF REFNAME="GPS_eSAE_Hidden" 
DISPLAYOVERRIDE="HIDDEN"/>
</RIGHTSGROUP>

</MEDMLDATA>