<?xml version="1.0"?>
<MEDMLDATA xmlns="PhaseForward-MedML-Inform4">


<REPORTINGGROUP
GROUPNAME="Ad Hoc Users"
GROUPDESCRIPTION="Users who have access to Ad Hoc Reporting">
<!-- Insert Users -->
<USERREF USERNAME="h9xmcgbgc_RE"/>
<USERREF USERNAME="c010458"/>
<USERREF USERNAME="c228938"/>
<USERREF USERNAME="z2x2291"/>
<USERREF USERNAME="z2x2451"/>
<USERREF USERNAME="c071104"/>
</REPORTINGGROUP>

<QUERYGROUP
GROUPNAME="CDM_CRA Query"
GROUPDESCRIPTION="">
<!-- Insert Users -->
<USERREF USERNAME="autoquery"/>
<USERREF USERNAME="c236580"/>
<USERREF USERNAME="c193372"/>
<USERREF USERNAME="c233002"/>
<USERREF USERNAME="c237091"/>
<USERREF USERNAME="c235968"/>
<USERREF USERNAME="c232959"/>
<USERREF USERNAME="Z1X1826"/>
<USERREF USERNAME="c240166"/>
<USERREF USERNAME="c233896"/>
<USERREF USERNAME="z2x1295"/>
<USERREF USERNAME="z3x0842"/>
<USERREF USERNAME="z2x7246"/>
<USERREF USERNAME="z1x1807"/>
<USERREF USERNAME="z1x0698"/>
<USERREF USERNAME="c022554"/>
<USERREF USERNAME="c239135"/>
<USERREF USERNAME="c239403"/>
<USERREF USERNAME="c240698"/>
<USERREF USERNAME="c225222"/>
<USERREF USERNAME="C234576"/>
<USERREF USERNAME="c234577"/>
<USERREF USERNAME="c239136"/>
<USERREF USERNAME="c226456"/>
<USERREF USERNAME="C233949"/>
<USERREF USERNAME="c233948"/>
<USERREF USERNAME="c235610"/>
<USERREF USERNAME="c228307"/>
<USERREF USERNAME="z2x3650"/>
<USERREF USERNAME="c010458"/>
<USERREF USERNAME="c071104"/>
<USERREF USERNAME="z2x2291"/>
<USERREF USERNAME="z2x2451"/>
<USERREF USERNAME="c228938"/>
</QUERYGROUP>

<QUERYGROUP
GROUPNAME="Coding Query Group"
GROUPDESCRIPTION="">
<!-- Insert Users -->
<USERREF USERNAME="coder_query"/>
</QUERYGROUP>

<QUERYGROUP
GROUPNAME="GPS_Query"
GROUPDESCRIPTION="">
<!-- Insert Users -->
<USERREF USERNAME="c083101"/>
<USERREF USERNAME="c015393"/>
<USERREF USERNAME="c069132"/>
<USERREF USERNAME="c090108"/>
<USERREF USERNAME="c085302"/>
<USERREF USERNAME="c074342"/>
<USERREF USERNAME="c149177"/>
<USERREF USERNAME="c131994"/>
<USERREF USERNAME="yex7972"/>
<USERREF USERNAME="c025980"/>
<USERREF USERNAME="c137396"/>
<USERREF USERNAME="c219898"/>
<USERREF USERNAME="a701824"/>
<USERREF USERNAME="c026393"/>
<USERREF USERNAME="a608760"/>
<USERREF USERNAME="a608261"/>
<USERREF USERNAME="rm80655"/>
<USERREF USERNAME="c199642"/>
<USERREF USERNAME="c223292"/>
<USERREF USERNAME="v6x8356"/>
<USERREF USERNAME="c039863"/>
<USERREF USERNAME="c149176"/>
<USERREF USERNAME="c075541"/>
<USERREF USERNAME="c074429"/>
<USERREF USERNAME="c026390"/>
<USERREF USERNAME="yex8021"/>
<USERREF USERNAME="c058698"/>
<USERREF USERNAME="c143125"/>
<USERREF USERNAME="yex7920"/>
<USERREF USERNAME="rm36132"/>
<USERREF USERNAME="a511471"/>
<USERREF USERNAME="c068502"/>
<USERREF USERNAME="c228246"/>
<USERREF USERNAME="c228248"/>
<USERREF USERNAME="v6x8058"/>
<USERREF USERNAME="u7x2510"/>
<USERREF USERNAME="c135748"/>
<USERREF USERNAME="c149470"/>
<USERREF USERNAME="a803075"/>
<USERREF USERNAME="rm87794"/>
<USERREF USERNAME="c196248"/>
<USERREF USERNAME="c218621"/>
<USERREF USERNAME="c196683"/>
<USERREF USERNAME="c228249"/>
<USERREF USERNAME="c228247"/>
<USERREF USERNAME="c228250"/>
<USERREF USERNAME="c003859"/>
<USERREF USERNAME="c079244"/>
<USERREF USERNAME="rm89018"/>
<USERREF USERNAME="c057362"/>
<USERREF USERNAME="c071673"/>
<USERREF USERNAME="c206591"/>
<USERREF USERNAME="c068505"/>
<USERREF USERNAME="c149066"/>
<USERREF USERNAME="c021984"/>
<USERREF USERNAME="rm35504"/>
<USERREF USERNAME="ye91098"/>
<USERREF USERNAME="c074090"/>
<USERREF USERNAME="c039853"/>
<USERREF USERNAME="rm90029"/>
</QUERYGROUP>

<SIGNATUREGROUP
GROUPNAME="PI Signature"
GROUPDESCRIPTION=""
CRBMEANING="Approved"

CRBTEXT="By my dated signature below, I  %s  %s, verify that all case report form pages accurately display the results of the examinations, tests, evaluations and treatments performed on this patient.&lt;BR&gt;&lt;BR&gt;Pursuant to Section 11.100 of Title 21 of the Code of Federal Regulations, this is to certify that I intend that this electronic signature is to be the legally binding equivalent of my handwritten signature. &lt;BR&gt;&lt;BR&gt;To this I do attest by supplying my user name and password and clicking the button marked &lt;B&gt;Submit&lt;/B&gt; below"
 LANGUAGE="en-US">
<!-- Insert Users -->
<USERREF USERNAME="mhunter"/>
<USERREF USERNAME="sbhattacharyya"/>
<USERREF USERNAME="nforghani"/>
<USERREF USERNAME="schalew"/>
<USERREF USERNAME="gmick"/>
<USERREF USERNAME="dhsia"/>
<USERREF USERNAME="lgonzalezmendoza"/>
<USERREF USERNAME="kreddy"/>
<USERREF USERNAME="dflynn"/>
<USERREF USERNAME="gkipp"/>
<USERREF USERNAME="gkletter"/>
<USERREF USERNAME="lmerjaneh"/>
<USERREF USERNAME="rferry"/>
<USERREF USERNAME="thannon"/>
<USERREF USERNAME="mclements"/>
<USERREF USERNAME="sghanny"/>
<USERREF USERNAME="hismail"/>
<USERREF USERNAME="mgottschalk"/>
<USERREF USERNAME="skhamis"/>
<USERREF USERNAME="cboucher-berry"/>
<USERREF USERNAME="rsalas"/>
<USERREF USERNAME="emanicavazquez"/>
<USERREF USERNAME="jsilverstein"/>
<USERREF USERNAME="sbendre"/>
<USERREF USERNAME="nwhite"/>
<USERREF USERNAME="cleyva-jordan"/>
<USERREF USERNAME="jho"/>
<USERREF USERNAME="mnour"/>
<USERREF USERNAME="dgaytansaracho"/>
<USERREF USERNAME="htamez"/>
<USERREF USERNAME="mbarrientos"/>
<USERREF USERNAME="zgarzacastillo"/>
<USERREF USERNAME="csamaan"/>
<USERREF USERNAME="epelayoorozco"/>
<USERREF USERNAME="edavilasotelo"/>
<USERREF USERNAME="jshubrook"/>
<USERREF USERNAME="jyong"/>
<USERREF USERNAME="aeidalagha"/>
<USERREF USERNAME="zaycan"/>
<USERREF USERNAME="nandiran"/>
<USERREF USERNAME="iarslanoglu"/>
<USERREF USERNAME="swiegand"/>
<USERREF USERNAME="aarya"/>
<USERREF USERNAME="pchauhan"/>
<USERREF USERNAME="abhansali"/>
<USERREF USERNAME="sksingh"/>
<USERREF USERNAME="zalmassy"/>
<USERREF USERNAME="ppaul"/>
<USERREF USERNAME="ntubianarufi"/>
<USERREF USERNAME="ralkhalifah"/>
<USERREF USERNAME="maydin"/>
<USERREF USERNAME="kraile"/>
<USERREF USERNAME="sdey"/>
<USERREF USERNAME="ptothheyn"/>
<USERREF USERNAME="kneelaveni"/>
<USERREF USERNAME="pshah"/>
<USERREF USERNAME="cselvan"/>
<USERREF USERNAME="gprakasam"/>
</SIGNATUREGROUP>

<REPORTINGGROUP
GROUPNAME="Publishers"
GROUPDESCRIPTION="Users who can create folders and other content within the Public Folder space">
<!-- Insert Users -->
<USERREF USERNAME="ZPFkbarkoczi"/>
<USERREF USERNAME="ZPFskonig"/>
<USERREF USERNAME="h9xmcgbgc_RE"/>
<USERREF USERNAME="c010458"/>
<USERREF USERNAME="c071104"/>
<USERREF USERNAME="z2x2291"/>
<USERREF USERNAME="z2x2451"/>
<USERREF USERNAME="c228938"/>
</REPORTINGGROUP>

<REPORTINGGROUP
GROUPNAME="Report Administrators"
GROUPDESCRIPTION="Users who can administer authorized public content such as setting permissions on folders and reports">
<!-- Insert Users -->
<USERREF USERNAME="c010458"/>
<USERREF USERNAME="c071104"/>
<USERREF USERNAME="c228938"/>
<USERREF USERNAME="z2x2451"/>
<USERREF USERNAME="z2x2291"/>
</REPORTINGGROUP>

<REPORTINGGROUP
GROUPNAME="Site Users"
GROUPDESCRIPTION="Site Users">
<!-- Insert Users -->
<USERREF USERNAME="dragus"/>
<USERREF USERNAME="smathus"/>
<USERREF USERNAME="kporter"/>
<USERREF USERNAME="mhunter"/>
<USERREF USERNAME="gprakasam"/>
<USERREF USERNAME="nforghani"/>
<USERREF USERNAME="mhashiguchi"/>
<USERREF USERNAME="gsoliman"/>
<USERREF USERNAME="schalew"/>
<USERREF USERNAME="gmick"/>
<USERREF USERNAME="dhsia"/>
<USERREF USERNAME="lgonzalezmendoza"/>
<USERREF USERNAME="kreddy"/>
<USERREF USERNAME="tlyles"/>
<USERREF USERNAME="dflynn"/>
<USERREF USERNAME="gkipp"/>
<USERREF USERNAME="gkletter"/>
<USERREF USERNAME="lmerjaneh"/>
<USERREF USERNAME="cbethea"/>
<USERREF USERNAME="rferry"/>
<USERREF USERNAME="thannon"/>
<USERREF USERNAME="mclements"/>
<USERREF USERNAME="sghanny"/>
<USERREF USERNAME="hismail"/>
<USERREF USERNAME="sstaat"/>
<USERREF USERNAME="mmelnik"/>
<USERREF USERNAME="rquintana"/>
<USERREF USERNAME="mgottschalk"/>
<USERREF USERNAME="skhamis"/>
<USERREF USERNAME="yduran"/>
<USERREF USERNAME="lhenson"/>
<USERREF USERNAME="krivera"/>
<USERREF USERNAME="cboucher-berry"/>
<USERREF USERNAME="cgougeon"/>
<USERREF USERNAME="hhalfinger"/>
<USERREF USERNAME="jortiznavarro"/>
<USERREF USERNAME="mhernandezcoria"/>
<USERREF USERNAME="rsalas"/>
<USERREF USERNAME="jorozcogutierrez"/>
<USERREF USERNAME="oflorescaloca"/>
<USERREF USERNAME="emanicavazquez"/>
<USERREF USERNAME="rrojasmaulion"/>
<USERREF USERNAME="ssonnier"/>
<USERREF USERNAME="smay"/>
<USERREF USERNAME="ykharazmi"/>
<USERREF USERNAME="phedrick"/>
<USERREF USERNAME="jsilverstein"/>
<USERREF USERNAME="xgerrard"/>
<USERREF USERNAME="lgills"/>
<USERREF USERNAME="kgarrison"/>
<USERREF USERNAME="skearns"/>
<USERREF USERNAME="sbendre"/>
<USERREF USERNAME="rramsey"/>
<USERREF USERNAME="bmckinney"/>
<USERREF USERNAME="jjames"/>
<USERREF USERNAME="nwhite"/>
<USERREF USERNAME="cleyva-jordan"/>
<USERREF USERNAME="msolomon"/>
<USERREF USERNAME="jho"/>
<USERREF USERNAME="mnour"/>
<USERREF USERNAME="dgaytansaracho"/>
<USERREF USERNAME="htamez"/>
<USERREF USERNAME="mbarrientos"/>
<USERREF USERNAME="bgonzalezperez"/>
<USERREF USERNAME="scaballerogonzalez"/>
<USERREF USERNAME="zgarzacastillo"/>
<USERREF USERNAME="laguilarespinoza"/>
<USERREF USERNAME="eflores"/>
<USERREF USERNAME="scaaballerogonzalez"/>
<USERREF USERNAME="bescottokuhn"/>
<USERREF USERNAME="jdaniels"/>
<USERREF USERNAME="csamaan"/>
<USERREF USERNAME="epelayoorozco"/>
<USERREF USERNAME="edavilasotelo"/>
<USERREF USERNAME="ljohnson"/>
<USERREF USERNAME="mgbarrientos"/>
<USERREF USERNAME="kgray"/>
<USERREF USERNAME="jshubrook"/>
<USERREF USERNAME="hvirtanen"/>
<USERREF USERNAME="gtravis"/>
<USERREF USERNAME="aluczay"/>
<USERREF USERNAME="zvajda"/>
<USERREF USERNAME="jyong"/>
<USERREF USERNAME="aeidalagha"/>
<USERREF USERNAME="zaycan"/>
<USERREF USERNAME="nandiran"/>
<USERREF USERNAME="iarslanoglu"/>
<USERREF USERNAME="swiegand"/>
<USERREF USERNAME="aarya"/>
<USERREF USERNAME="pchauhan"/>
<USERREF USERNAME="abhansali"/>
<USERREF USERNAME="sksingh"/>
<USERREF USERNAME="zalmassy"/>
<USERREF USERNAME="ppaul"/>
<USERREF USERNAME="ntubianarufi"/>
<USERREF USERNAME="ralkhalifah"/>
<USERREF USERNAME="sozturk"/>
<USERREF USERNAME="maydin"/>
<USERREF USERNAME="kraile"/>
<USERREF USERNAME="sdey"/>
<USERREF USERNAME="aadhikari"/>
<USERREF USERNAME="svprasad"/>
<USERREF USERNAME="abhatt"/>
<USERREF USERNAME="klakkoleshekarappa"/>
<USERREF USERNAME="skrishnaraju"/>
<USERREF USERNAME="sduhan"/>
<USERREF USERNAME="aprasanth"/>
<USERREF USERNAME="sverma"/>
<USERREF USERNAME="dksingh"/>
<USERREF USERNAME="ptothheyn"/>
<USERREF USERNAME="kneelaveni"/>
<USERREF USERNAME="pshah"/>
<USERREF USERNAME="cselvan"/>
<USERREF USERNAME="sbhattacharyya"/>
</REPORTINGGROUP>

<REPORTINGGROUP
GROUPNAME="Sponsor Users"
GROUPDESCRIPTION="Sponsor Users">
<!-- Insert Users -->
<USERREF USERNAME="c026390"/>
<USERREF USERNAME="yex8021"/>
<USERREF USERNAME="c058698"/>
<USERREF USERNAME="c143125"/>
<USERREF USERNAME="yex7920"/>
<USERREF USERNAME="rm36132"/>
<USERREF USERNAME="a511471"/>
<USERREF USERNAME="c068502"/>
<USERREF USERNAME="c228246"/>
<USERREF USERNAME="c228248"/>
<USERREF USERNAME="v6x8058"/>
<USERREF USERNAME="u7x2510"/>
<USERREF USERNAME="c135748"/>
<USERREF USERNAME="c149470"/>
<USERREF USERNAME="a803075"/>
<USERREF USERNAME="rm87794"/>
<USERREF USERNAME="c196248"/>
<USERREF USERNAME="c218621"/>
<USERREF USERNAME="c196683"/>
<USERREF USERNAME="c228249"/>
<USERREF USERNAME="c228247"/>
<USERREF USERNAME="c228250"/>
<USERREF USERNAME="c003859"/>
<USERREF USERNAME="c079244"/>
<USERREF USERNAME="rm89018"/>
<USERREF USERNAME="c057362"/>
<USERREF USERNAME="c071673"/>
<USERREF USERNAME="c206591"/>
<USERREF USERNAME="c068505"/>
<USERREF USERNAME="c149066"/>
<USERREF USERNAME="c021984"/>
<USERREF USERNAME="rm35504"/>
<USERREF USERNAME="ye91098"/>
<USERREF USERNAME="h9xmcgbgc_RE"/>
<USERREF USERNAME="coder_query"/>
<USERREF USERNAME="CKing"/>
<USERREF USERNAME="SKlein"/>
<USERREF USERNAME="WHuber"/>
<USERREF USERNAME="CBrelage"/>
<USERREF USERNAME="MHaeusler"/>
<USERREF USERNAME="KLi"/>
<USERREF USERNAME="NDarrington"/>
<USERREF USERNAME="BBenito"/>
<USERREF USERNAME="CJimenez"/>
<USERREF USERNAME="SLemoine"/>
<USERREF USERNAME="rm89778"/>
<USERREF USERNAME="c010458"/>
<USERREF USERNAME="c071104"/>
<USERREF USERNAME="c074090"/>
<USERREF USERNAME="c039853"/>
<USERREF USERNAME="c015393"/>
<USERREF USERNAME="sdurantum"/>
<USERREF USERNAME="eozelmas"/>
<USERREF USERNAME="standogan"/>
<USERREF USERNAME="z2x2291"/>
<USERREF USERNAME="z2x2451"/>
<USERREF USERNAME="c228938"/>
<USERREF USERNAME="c212401"/>
<USERREF USERNAME="z1x1810"/>
<USERREF USERNAME="c207931"/>
<USERREF USERNAME="c236580"/>
<USERREF USERNAME="c193372"/>
<USERREF USERNAME="c233002"/>
<USERREF USERNAME="c237091"/>
<USERREF USERNAME="c235968"/>
<USERREF USERNAME="c232959"/>
<USERREF USERNAME="Z1X1826"/>
<USERREF USERNAME="c240166"/>
<USERREF USERNAME="v6x4244"/>
<USERREF USERNAME="u8x8366"/>
<USERREF USERNAME="c233896"/>
<USERREF USERNAME="z2x1295"/>
<USERREF USERNAME="z3x0842"/>
<USERREF USERNAME="z2x7246"/>
<USERREF USERNAME="z1x1807"/>
<USERREF USERNAME="z1x0698"/>
<USERREF USERNAME="c022554"/>
<USERREF USERNAME="c239135"/>
<USERREF USERNAME="c239403"/>
<USERREF USERNAME="c240698"/>
<USERREF USERNAME="c238110"/>
<USERREF USERNAME="c225222"/>
<USERREF USERNAME="c084278"/>
<USERREF USERNAME="v3x6232"/>
<USERREF USERNAME="cyelken"/>
<USERREF USERNAME="c236673"/>
<USERREF USERNAME="z2x7596"/>
<USERREF USERNAME="C234576"/>
<USERREF USERNAME="c234577"/>
<USERREF USERNAME="c239136"/>
<USERREF USERNAME="c226456"/>
<USERREF USERNAME="C233949"/>
<USERREF USERNAME="c233948"/>
<USERREF USERNAME="c235610"/>
<USERREF USERNAME="c228307"/>
<USERREF USERNAME="z2x3650"/>
<USERREF USERNAME="u8x7126"/>
<USERREF USERNAME="c083101"/>
<USERREF USERNAME="rm90029"/>
<USERREF USERNAME="c069132"/>
<USERREF USERNAME="c090108"/>
<USERREF USERNAME="c085302"/>
<USERREF USERNAME="c074342"/>
<USERREF USERNAME="c149177"/>
<USERREF USERNAME="c131994"/>
<USERREF USERNAME="yex7972"/>
<USERREF USERNAME="c025980"/>
<USERREF USERNAME="c137396"/>
<USERREF USERNAME="c219898"/>
<USERREF USERNAME="a701824"/>
<USERREF USERNAME="c026393"/>
<USERREF USERNAME="a608760"/>
<USERREF USERNAME="a608261"/>
<USERREF USERNAME="rm80655"/>
<USERREF USERNAME="c199642"/>
<USERREF USERNAME="c223292"/>
<USERREF USERNAME="v6x8356"/>
<USERREF USERNAME="c039863"/>
<USERREF USERNAME="c149176"/>
<USERREF USERNAME="c075541"/>
<USERREF USERNAME="c074429"/>
</REPORTINGGROUP>

<REPORTINGGROUP
GROUPNAME="User Admin Info Data Users"
GROUPDESCRIPTION="Users who have access to user data including password related data">
<!-- Insert Users -->
<USERREF USERNAME="c235610"/>
<USERREF USERNAME="c228307"/>
<USERREF USERNAME="z2x3650"/>
<USERREF USERNAME="c083101"/>
<USERREF USERNAME="rm90029"/>
<USERREF USERNAME="c069132"/>
<USERREF USERNAME="c090108"/>
<USERREF USERNAME="c085302"/>
<USERREF USERNAME="c074342"/>
<USERREF USERNAME="c149177"/>
<USERREF USERNAME="c131994"/>
<USERREF USERNAME="yex7972"/>
<USERREF USERNAME="c025980"/>
<USERREF USERNAME="c137396"/>
<USERREF USERNAME="c219898"/>
<USERREF USERNAME="a701824"/>
<USERREF USERNAME="c026393"/>
<USERREF USERNAME="a608760"/>
<USERREF USERNAME="a608261"/>
<USERREF USERNAME="rm80655"/>
<USERREF USERNAME="c199642"/>
<USERREF USERNAME="c223292"/>
<USERREF USERNAME="v6x8356"/>
<USERREF USERNAME="c039863"/>
<USERREF USERNAME="c149176"/>
<USERREF USERNAME="c075541"/>
<USERREF USERNAME="c074429"/>
<USERREF USERNAME="c026390"/>
<USERREF USERNAME="yex8021"/>
<USERREF USERNAME="c058698"/>
<USERREF USERNAME="c143125"/>
<USERREF USERNAME="yex7920"/>
<USERREF USERNAME="rm36132"/>
<USERREF USERNAME="a511471"/>
<USERREF USERNAME="c068502"/>
<USERREF USERNAME="c228246"/>
<USERREF USERNAME="c228248"/>
<USERREF USERNAME="v6x8058"/>
<USERREF USERNAME="u7x2510"/>
<USERREF USERNAME="c135748"/>
<USERREF USERNAME="c149470"/>
<USERREF USERNAME="a803075"/>
<USERREF USERNAME="rm87794"/>
<USERREF USERNAME="c196248"/>
<USERREF USERNAME="c218621"/>
<USERREF USERNAME="c196683"/>
<USERREF USERNAME="c228249"/>
<USERREF USERNAME="c228247"/>
<USERREF USERNAME="c228250"/>
<USERREF USERNAME="c003859"/>
<USERREF USERNAME="c079244"/>
<USERREF USERNAME="rm89018"/>
<USERREF USERNAME="c057362"/>
<USERREF USERNAME="c071673"/>
<USERREF USERNAME="c206591"/>
<USERREF USERNAME="c068505"/>
<USERREF USERNAME="c149066"/>
<USERREF USERNAME="c021984"/>
<USERREF USERNAME="rm35504"/>
<USERREF USERNAME="ye91098"/>
<USERREF USERNAME="h9xmcgbgc_RE"/>
<USERREF USERNAME="c010458"/>
<USERREF USERNAME="c071104"/>
<USERREF USERNAME="c074090"/>
<USERREF USERNAME="c039853"/>
<USERREF USERNAME="c015393"/>
<USERREF USERNAME="z2x2291"/>
<USERREF USERNAME="z2x2451"/>
<USERREF USERNAME="c228938"/>
<USERREF USERNAME="c236580"/>
<USERREF USERNAME="c193372"/>
<USERREF USERNAME="c233002"/>
<USERREF USERNAME="c237091"/>
<USERREF USERNAME="c235968"/>
<USERREF USERNAME="c232959"/>
<USERREF USERNAME="Z1X1826"/>
<USERREF USERNAME="c240166"/>
<USERREF USERNAME="c233896"/>
<USERREF USERNAME="z2x1295"/>
<USERREF USERNAME="z3x0842"/>
<USERREF USERNAME="z2x7246"/>
<USERREF USERNAME="z1x1807"/>
<USERREF USERNAME="z1x0698"/>
<USERREF USERNAME="c022554"/>
<USERREF USERNAME="c239135"/>
<USERREF USERNAME="c239403"/>
<USERREF USERNAME="c240698"/>
<USERREF USERNAME="c225222"/>
<USERREF USERNAME="C234576"/>
<USERREF USERNAME="c234577"/>
<USERREF USERNAME="c239136"/>
<USERREF USERNAME="c226456"/>
<USERREF USERNAME="C233949"/>
<USERREF USERNAME="c233948"/>
</REPORTINGGROUP>

<REPORTINGGROUP
GROUPNAME="User Info Data Users"
GROUPDESCRIPTION="Users who have access to user data except password related data">
<!-- Insert Users -->
<USERREF USERNAME="rm89778"/>
<USERREF USERNAME="c074090"/>
<USERREF USERNAME="c039853"/>
<USERREF USERNAME="c015393"/>
<USERREF USERNAME="sdurantum"/>
<USERREF USERNAME="eozelmas"/>
<USERREF USERNAME="standogan"/>
<USERREF USERNAME="ZPFkbarkoczi"/>
<USERREF USERNAME="ZPFskonig"/>
<USERREF USERNAME="v6x4244"/>
<USERREF USERNAME="u8x8366"/>
<USERREF USERNAME="c238110"/>
<USERREF USERNAME="c084278"/>
<USERREF USERNAME="v3x6232"/>
<USERREF USERNAME="cyelken"/>
<USERREF USERNAME="u8x7126"/>
<USERREF USERNAME="c083101"/>
<USERREF USERNAME="rm90029"/>
<USERREF USERNAME="c069132"/>
<USERREF USERNAME="c090108"/>
<USERREF USERNAME="c085302"/>
<USERREF USERNAME="c074342"/>
<USERREF USERNAME="c149177"/>
<USERREF USERNAME="c131994"/>
<USERREF USERNAME="yex7972"/>
<USERREF USERNAME="c025980"/>
<USERREF USERNAME="c137396"/>
<USERREF USERNAME="c219898"/>
<USERREF USERNAME="a701824"/>
<USERREF USERNAME="c026393"/>
<USERREF USERNAME="a608760"/>
<USERREF USERNAME="a608261"/>
<USERREF USERNAME="rm80655"/>
<USERREF USERNAME="c199642"/>
<USERREF USERNAME="c223292"/>
<USERREF USERNAME="v6x8356"/>
<USERREF USERNAME="c039863"/>
<USERREF USERNAME="c149176"/>
<USERREF USERNAME="c075541"/>
<USERREF USERNAME="c074429"/>
<USERREF USERNAME="c026390"/>
<USERREF USERNAME="yex8021"/>
<USERREF USERNAME="c058698"/>
<USERREF USERNAME="c143125"/>
<USERREF USERNAME="yex7920"/>
<USERREF USERNAME="rm36132"/>
<USERREF USERNAME="a511471"/>
<USERREF USERNAME="c068502"/>
<USERREF USERNAME="c228246"/>
<USERREF USERNAME="c228248"/>
<USERREF USERNAME="v6x8058"/>
<USERREF USERNAME="u7x2510"/>
<USERREF USERNAME="c135748"/>
<USERREF USERNAME="c149470"/>
<USERREF USERNAME="a803075"/>
<USERREF USERNAME="rm87794"/>
<USERREF USERNAME="c196248"/>
<USERREF USERNAME="c218621"/>
<USERREF USERNAME="c196683"/>
<USERREF USERNAME="c228249"/>
<USERREF USERNAME="c228247"/>
<USERREF USERNAME="c228250"/>
<USERREF USERNAME="c003859"/>
<USERREF USERNAME="c079244"/>
<USERREF USERNAME="rm89018"/>
<USERREF USERNAME="c057362"/>
<USERREF USERNAME="c071673"/>
<USERREF USERNAME="c206591"/>
<USERREF USERNAME="c068505"/>
<USERREF USERNAME="c149066"/>
<USERREF USERNAME="c021984"/>
<USERREF USERNAME="rm35504"/>
<USERREF USERNAME="ye91098"/>
</REPORTINGGROUP>

</MEDMLDATA>