<?xml version="1.0"?>
<MEDMLDATA xmlns="PhaseForward-MedML-Inform4">

<ITEMGROUP 
GROUPNAME="Adjudicator_Editable"
GROUPDESCRIPTION="Items editable for Adjudicator.">
 <!-- Insert ItemRef Names -->
<ITEMREF REFNAME="AEGRPID_RELREC_AJPNC2F1"/>
<ITEMREF REFNAME="EVDTAGMT_AJPNC2F1"/>
<ITEMREF REFNAME="CECAJASM_AJPNC2F1"/>
<ITEMREF REFNAME="PNCR5_CMPD_AJPNC2F1"/>
<ITEMREF REFNAME="PNCR3_AJPNC2F1"/>
<ITEMREF REFNAME="PNCR4_CMPD_AJPNC2F1"/>
<ITEMREF REFNAME="PNCR2_CMPD_AJPNC2F1"/>

</ITEMGROUP>

<ITEMGROUP 
GROUPNAME="Adjudicator_Hidden"
GROUPDESCRIPTION="Items hidden from the Adjudicator not in other item groups.">
 <!-- Insert ItemRef Names -->
<ITEMREF REFNAME="DSSTDAT_DS1C1F6"/>
<ITEMREF REFNAME="DSSTDAT_DS1F2"/>
<ITEMREF REFNAME="DSSTDAT_DS1F5"/>
<ITEMREF REFNAME="DSSTDAT_DS1F6"/>
<ITEMREF REFNAME="DSSTDAT_DS1F7"/>
<ITEMREF REFNAME="DSSTDAT_IA_DS2001_C3F2"/>
<ITEMREF REFNAME="DSSTDAT_DS1C2F6"/>
<ITEMREF REFNAME="DSSTDAT_DS1F4"/>
<ITEMREF REFNAME="DSSTDAT_IA_DS2001_C1F2"/>
<ITEMREF REFNAME="DSSTDAT_IA_DS2001_F2"/>
<ITEMREF REFNAME="DSSTDAT_IC_DS2001_C1F4"/>
<ITEMREF REFNAME="DSSTDAT_IC_DS2001_C3F4"/>
<ITEMREF REFNAME="DSSTDAT_IC_DS2001_F4"/>
<ITEMREF REFNAME="EPAEDAT_EPPNC_F1"/>
<ITEMREF REFNAME="EQ5DYRES2_EQ5DY1001_F1"/>
<ITEMREF REFNAME="EQ5DYDAT_EQ5DY1001_F1"/>
<ITEMREF REFNAME="EQ5DYPERF_EQ5DY1001_F1"/>
<ITEMREF REFNAME="EQ5DYRES1_EQ5DY1001_F1"/>
<ITEMREF REFNAME="EQ5DYRES3_EQ5DY1001_F1"/>
<ITEMREF REFNAME="EQ5DYRES4_EQ5DY1001_F1"/>
<ITEMREF REFNAME="EQ5DYRES5_EQ5DY1001_F1"/>
<ITEMREF REFNAME="EQ5DYRES6_EQ5DY1001_F1"/>
<ITEMREF REFNAME="ETHNIC_DM1001_F1"/>
<ITEMREF REFNAME="EXOCCUR_EX1001_C1F4"/>
<ITEMREF REFNAME="EXPOCCUR_EX1001_C1F4"/>
<ITEMREF REFNAME="EXSPID_EX1001_C1F4"/>
<ITEMREF REFNAME="EXTRT_EX1001_C1F4"/>
<ITEMREF REFNAME="EXTRT_EX1001_C1S2F4"/>
<ITEMREF REFNAME="EXTRT_EX1001_F4"/>
<ITEMREF REFNAME="EXOCCUR_EX1001_F4"/>
<ITEMREF REFNAME="EXPOCCUR_EX1001_F4"/>
<ITEMREF REFNAME="EXSPID_EX1001_F4"/>
<ITEMREF REFNAME="EXTRT_EX1001_S2F4"/>
<ITEMREF REFNAME="FASPID_AHRFUF1"/>
<ITEMREF REFNAME="FASPID_EPPNC_F1"/>
<ITEMREF REFNAME="HEIGHTU_VS1F1"/>
<ITEMREF REFNAME="HEIGHTU_VS1F2"/>
<ITEMREF REFNAME="HYPOYRES1_HYPOY1F1"/>
<ITEMREF REFNAME="HYPOYRES2_HYPOY1F1"/>
<ITEMREF REFNAME="HYPOYSTDAT_HYPOY1F1"/>
<ITEMREF REFNAME="HYPOYSTTIM_HYPOY1F1"/>
<ITEMREF REFNAME="HYYCONTRT_HYPOY1F1"/>
<ITEMREF REFNAME="HYYOCCUR_HYPOY1F1"/>
<ITEMREF REFNAME="igAE3001b_F1_S2"/>
<ITEMREF REFNAME="igAHRFU2001_F1_S2"/>
<ITEMREF REFNAME="igEX1001_C1F4_S2"/>
<ITEMREF REFNAME="igEX1001_F4_S2"/>
<ITEMREF REFNAME="igFRS2001_F1_S2"/>
<ITEMREF REFNAME="igHYPOY1001_F1_S2"/>
<ITEMREF REFNAME="igMH7001_F1_S2"/>
<ITEMREF REFNAME="igSAE2001_F1_S2"/>
<ITEMREF REFNAME="igSAE2001_F1_S3"/>
<ITEMREF REFNAME="igSAE2001_F1_S4"/>
<ITEMREF REFNAME="igSAE2001_F1_S5"/>
<ITEMREF REFNAME="igSAE2001_F1_S6"/>
<ITEMREF REFNAME="igSAE2001_F1_S7"/>
<ITEMREF REFNAME="LMPSTDTC_FRS2001_F1"/>
<ITEMREF REFNAME="MENAROCCUR_FRS2001_F2"/>
<ITEMREF REFNAME="MENOCCURSLV_FRS2001_F1"/>
<ITEMREF REFNAME="MHOCCUR_MHPRESP_F2"/>
<ITEMREF REFNAME="MHONGO_MH7001_F1"/>
<ITEMREF REFNAME="MHSPID_MH7001_F1"/>
<ITEMREF REFNAME="MHSPID_MHPRESP_F2"/>
<ITEMREF REFNAME="MHSTDAT_MH7001_F1"/>
<ITEMREF REFNAME="MHTERM_MH7001_F1"/>
<ITEMREF REFNAME="MHYN_MH7001_F1"/>
<ITEMREF REFNAME="PEDQL2ASMDAT_PEDSQL2F1"/>
<ITEMREF REFNAME="PEDQL2PERF_PEDSQL2001_F1"/>
<ITEMREF REFNAME="PEDQL2RES10_PEDSQL2001_F1"/>
<ITEMREF REFNAME="PEDQL2RES11_PEDSQL2001_F1"/>
<ITEMREF REFNAME="PEDQL2RES12_PEDSQL2001_F1"/>
<ITEMREF REFNAME="PEDQL2RES13_PEDSQL2001_F1"/>
<ITEMREF REFNAME="PEDQL2RES14_PEDSQL2001_F1"/>
<ITEMREF REFNAME="PEDQL2RES15_PEDSQL2001_F1"/>
<ITEMREF REFNAME="PEDQL2RES16_PEDSQL2001_F1"/>
<ITEMREF REFNAME="PEDQL2RES17_PEDSQL2001_F1"/>
<ITEMREF REFNAME="PEDQL2RES18_PEDSQL2001_F1"/>
<ITEMREF REFNAME="PEDQL2RES19_PEDSQL2001_F1"/>
<ITEMREF REFNAME="PEDQL2RES1_PEDSQL2001_F1"/>
<ITEMREF REFNAME="PEDQL2RES20_PEDSQL2001_F1"/>
<ITEMREF REFNAME="PEDQL2RES21_PEDSQL2001_F1"/>
<ITEMREF REFNAME="PEDQL2RES22_PEDSQL2001_F1"/>
<ITEMREF REFNAME="PEDQL2RES23_PEDSQL2001_F1"/>
<ITEMREF REFNAME="PEDQL2RES2_PEDSQL2001_F1"/>
<ITEMREF REFNAME="PEDQL2RES3_PEDSQL2001_F1"/>
<ITEMREF REFNAME="PEDQL2RES4_PEDSQL2001_F1"/>
<ITEMREF REFNAME="PEDQL2RES5_PEDSQL2001_F1"/>
<ITEMREF REFNAME="PEDQL2RES6_PEDSQL2001_F1"/>
<ITEMREF REFNAME="PEDQL2RES7_PEDSQL2001_F1"/>
<ITEMREF REFNAME="PEDQL2RES8_PEDSQL2001_F1"/>
<ITEMREF REFNAME="PEDQL2RES9_PEDSQL2001_F1"/>
<ITEMREF REFNAME="PEDQL3ASMDAT_PEDSQL3F1"/>
<ITEMREF REFNAME="PEDQL3PERF_PEDSQL3001_F1"/>
<ITEMREF REFNAME="PEDQL3RES10_PEDSQL3001_F1"/>
<ITEMREF REFNAME="PEDQL3RES11_PEDSQL3001_F1"/>
<ITEMREF REFNAME="PEDQL3RES12_PEDSQL3001_F1"/>
<ITEMREF REFNAME="PEDQL3RES13_PEDSQL3001_F1"/>
<ITEMREF REFNAME="PEDQL3RES14_PEDSQL3001_F1"/>
<ITEMREF REFNAME="PEDQL3RES15_PEDSQL3001_F1"/>
<ITEMREF REFNAME="PEDQL3RES16_PEDSQL3001_F1"/>
<ITEMREF REFNAME="PEDQL3RES17_PEDSQL3001_F1"/>
<ITEMREF REFNAME="PEDQL3RES18_PEDSQL3001_F1"/>
<ITEMREF REFNAME="PEDQL3RES19_PEDSQL3001_F1"/>
<ITEMREF REFNAME="PEDQL3RES1_PEDSQL3001_F1"/>
<ITEMREF REFNAME="PEDQL3RES20_PEDSQL3001_F1"/>
<ITEMREF REFNAME="PEDQL3RES21_PEDSQL3001_F1"/>
<ITEMREF REFNAME="PEDQL3RES22_PEDSQL3001_F1"/>
<ITEMREF REFNAME="PEDQL3RES23_PEDSQL3001_F1"/>
<ITEMREF REFNAME="PEDQL3RES24_PEDSQL3001_F1"/>
<ITEMREF REFNAME="PEDQL3RES25_PEDSQL3001_F1"/>
<ITEMREF REFNAME="PEDQL3RES26_PEDSQL3001_F1"/>
<ITEMREF REFNAME="PEDQL3RES27_PEDSQL3001_F1"/>
<ITEMREF REFNAME="PEDQL3RES28_PEDSQL3001_F1"/>
<ITEMREF REFNAME="PEDQL3RES29_PEDSQL3001_F1"/>
<ITEMREF REFNAME="PEDQL3RES2_PEDSQL3001_F1"/>
<ITEMREF REFNAME="PEDQL3RES30_PEDSQL3001_F1"/>
<ITEMREF REFNAME="PEDQL3RES31_PEDSQL3001_F1"/>
<ITEMREF REFNAME="PEDQL3RES32_PEDSQL3001_F1"/>
<ITEMREF REFNAME="PEDQL3RES33_PEDSQL3001_F1"/>
<ITEMREF REFNAME="PEDQL3RES3_PEDSQL3001_F1"/>
<ITEMREF REFNAME="PEDQL3RES4_PEDSQL3001_F1"/>
<ITEMREF REFNAME="PEDQL3RES5_PEDSQL3001_F1"/>
<ITEMREF REFNAME="PEDQL3RES6_PEDSQL3001_F1"/>
<ITEMREF REFNAME="PEDQL3RES7_PEDSQL3001_F1"/>
<ITEMREF REFNAME="PEDQL3RES8_PEDSQL3001_F1"/>
<ITEMREF REFNAME="PEDQL3RES9_PEDSQL3001_F1"/>
<ITEMREF REFNAME="PEDQL4ASMDAT_PEDSQL4F1"/>
<ITEMREF REFNAME="PEDQL4PERF_PEDSQL4001_F1"/>
<ITEMREF REFNAME="PEDQL4RES10_PEDSQL4001_F1"/>
<ITEMREF REFNAME="PEDQL4RES11_PEDSQL4001_F1"/>
<ITEMREF REFNAME="PEDQL4RES12_PEDSQL4001_F1"/>
<ITEMREF REFNAME="PEDQL4RES13_PEDSQL4001_F1"/>
<ITEMREF REFNAME="PEDQL4RES14_PEDSQL4001_F1"/>
<ITEMREF REFNAME="PEDQL4RES15_PEDSQL4001_F1"/>
<ITEMREF REFNAME="PEDQL4RES16_PEDSQL4001_F1"/>
<ITEMREF REFNAME="PEDQL4RES17_PEDSQL4001_F1"/>
<ITEMREF REFNAME="PEDQL4RES18_PEDSQL4001_F1"/>
<ITEMREF REFNAME="PEDQL4RES19_PEDSQL4001_F1"/>
<ITEMREF REFNAME="PEDQL4RES1_PEDSQL4001_F1"/>
<ITEMREF REFNAME="PEDQL4RES20_PEDSQL4001_F1"/>
<ITEMREF REFNAME="PEDQL4RES21_PEDSQL4001_F1"/>
<ITEMREF REFNAME="PEDQL4RES22_PEDSQL4001_F1"/>
<ITEMREF REFNAME="PEDQL4RES23_PEDSQL4001_F1"/>
<ITEMREF REFNAME="PEDQL4RES24_PEDSQL4001_F1"/>
<ITEMREF REFNAME="PEDQL4RES25_PEDSQL4001_F1"/>
<ITEMREF REFNAME="PEDQL4RES26_PEDSQL4001_F1"/>
<ITEMREF REFNAME="PEDQL4RES27_PEDSQL4001_F1"/>
<ITEMREF REFNAME="PEDQL4RES28_PEDSQL4001_F1"/>
<ITEMREF REFNAME="PEDQL4RES29_PEDSQL4001_F1"/>
<ITEMREF REFNAME="PEDQL4RES2_PEDSQL4001_F1"/>
<ITEMREF REFNAME="PEDQL4RES30_PEDSQL4001_F1"/>
<ITEMREF REFNAME="PEDQL4RES31_PEDSQL4001_F1"/>
<ITEMREF REFNAME="PEDQL4RES32_PEDSQL4001_F1"/>
<ITEMREF REFNAME="PEDQL4RES33_PEDSQL4001_F1"/>
<ITEMREF REFNAME="PEDQL4RES3_PEDSQL4001_F1"/>
<ITEMREF REFNAME="PEDQL4RES4_PEDSQL4001_F1"/>
<ITEMREF REFNAME="PEDQL4RES5_PEDSQL4001_F1"/>
<ITEMREF REFNAME="PEDQL4RES6_PEDSQL4001_F1"/>
<ITEMREF REFNAME="PEDQL4RES7_PEDSQL4001_F1"/>
<ITEMREF REFNAME="PEDQL4RES8_PEDSQL4001_F1"/>
<ITEMREF REFNAME="PEDQL4RES9_PEDSQL4001_F1"/>
<ITEMREF REFNAME="PEDQLASMDAT_PEDSQL1F1"/>
<ITEMREF REFNAME="PEDQLPERF_PEDSQL1001_F1"/>
<ITEMREF REFNAME="PEDQLRES10_PEDSQL1001_F1"/>
<ITEMREF REFNAME="PEDQLRES11_PEDSQL1001_F1"/>
<ITEMREF REFNAME="PEDQLRES12_PEDSQL1001_F1"/>
<ITEMREF REFNAME="PEDQLRES13_PEDSQL1001_F1"/>
<ITEMREF REFNAME="PEDQLRES14_PEDSQL1001_F1"/>
<ITEMREF REFNAME="PEDQLRES15_PEDSQL1001_F1"/>
<ITEMREF REFNAME="PEDQLRES16_PEDSQL1001_F1"/>
<ITEMREF REFNAME="PEDQLRES17_PEDSQL1001_F1"/>
<ITEMREF REFNAME="PEDQLRES18_PEDSQL1001_F1"/>
<ITEMREF REFNAME="PEDQLRES19_PEDSQL1001_F1"/>
<ITEMREF REFNAME="PEDQLRES1_PEDSQL1001_F1"/>
<ITEMREF REFNAME="PEDQLRES20_PEDSQL1001_F1"/>
<ITEMREF REFNAME="PEDQLRES21_PEDSQL1001_F1"/>
<ITEMREF REFNAME="PEDQLRES22_PEDSQL1001_F1"/>
<ITEMREF REFNAME="PEDQLRES23_PEDSQL1001_F1"/>
<ITEMREF REFNAME="PEDQLRES2_PEDSQL1001_F1"/>
<ITEMREF REFNAME="PEDQLRES3_PEDSQL1001_F1"/>
<ITEMREF REFNAME="PEDQLRES4_PEDSQL1001_F1"/>
<ITEMREF REFNAME="PEDQLRES5_PEDSQL1001_F1"/>
<ITEMREF REFNAME="PEDQLRES6_PEDSQL1001_F1"/>
<ITEMREF REFNAME="PEDQLRES7_PEDSQL1001_F1"/>
<ITEMREF REFNAME="PEDQLRES8_PEDSQL1001_F1"/>
<ITEMREF REFNAME="PEDQLRES9_PEDSQL1001_F1"/>
<ITEMREF REFNAME="PNCR13_EPPNC_F1"/>
<ITEMREF REFNAME="igCM1001_C1F2_S2"/>
<ITEMREF REFNAME="igCM1001_C2F2_S2"/>
<ITEMREF REFNAME="igCM1001_F1_S2"/>
<ITEMREF REFNAME="igCM1001_F2_S2"/>
<ITEMREF REFNAME="igCM1001_C3F2_S2"/>
<ITEMREF REFNAME="PNCR11_EPPNC_F1"/>
<ITEMREF REFNAME="PNCR12_EPPNC_F1"/>
<ITEMREF REFNAME="PNCR6_EPPNC_F1"/>
<ITEMREF REFNAME="PNCR7_EPPNC_F1"/>
<ITEMREF REFNAME="PNCR9_EPPNC_F1"/>
<ITEMREF REFNAME="PRVSUBJSFFLG_CIV1001_F1"/>
<ITEMREF REFNAME="PULSEU_TPT1_VS1F1"/>
<ITEMREF REFNAME="PULSEU_VS1F2"/>
<ITEMREF REFNAME="RACE_CMPD_DM1001_F1"/>
<ITEMREF REFNAME="RECURYN_SP1_SAE2F1"/>
<ITEMREF REFNAME="RECURYN_SP2_SAE2F1"/>
<ITEMREF REFNAME="RPSPID_FRS2001_F1"/>
<ITEMREF REFNAME="SAEAEACN_SP1_SAE2F1S3"/>
<ITEMREF REFNAME="SAEAEACN_SP2_SAE2F1S3"/>
<ITEMREF REFNAME="SAEAESCONG_SAE2F1"/>
<ITEMREF REFNAME="SAEAESDISAB_SAE2F1"/>
<ITEMREF REFNAME="SAEAESLIFE_SAE2F1"/>
<ITEMREF REFNAME="SAEAESMIE_SAE2F1"/>
<ITEMREF REFNAME="SAECONDITION_SAE2F1"/>
<ITEMREF REFNAME="SAEEXDOSDAT_SAE2F1"/>
<ITEMREF REFNAME="SAEEXDOSDAT_SAE2F1S7"/>
<ITEMREF REFNAME="SAEEXTRT_SAE2F1"/>
<ITEMREF REFNAME="SAEEXTRT_SAE2F1S7"/>
<ITEMREF REFNAME="SAEGRPID_SAE2F1S1"/>
<ITEMREF REFNAME="SAEGRPID_SAE2F1S2"/>
<ITEMREF REFNAME="SAEGRPID_SAE2F1S4"/>
<ITEMREF REFNAME="SAELBDAT_SAE2F1"/>
<ITEMREF REFNAME="SAELBORNRHI_SAE2F1"/>
<ITEMREF REFNAME="SAELBORNRLO_SAE2F1"/>
<ITEMREF REFNAME="SAELBORRESU_SAE2F1"/>
<ITEMREF REFNAME="SAELBORRES_SAE2F1"/>
<ITEMREF REFNAME="SAELBTEST_SAE2F1"/>
<ITEMREF REFNAME="SAELBTIM_SAE2F1"/>
<ITEMREF REFNAME="SAEOUT_SAE2F1"/>
<ITEMREF REFNAME="SAERELDX1_CMPD_SAE2F1"/>
<ITEMREF REFNAME="SAERELEXTRT1_CMPD_SAE2F1"/>
<ITEMREF REFNAME="SAERELEXTRT2_CMPD_SAE2F1"/>
<ITEMREF REFNAME="SAERELPRC_SAE2F1"/>
<ITEMREF REFNAME="SAESDTH_SAE2F1"/>
<ITEMREF REFNAME="SAESHOSP_SAE2F1"/>
<ITEMREF REFNAME="SAESPID_SAE2F1S2"/>
<ITEMREF REFNAME="SAESPID_SAE2F1S3"/>
<ITEMREF REFNAME="SAESPID_SAE2F1S4"/>
<ITEMREF REFNAME="SAESPID_SAE2F1S5"/>
<ITEMREF REFNAME="SAESPID_SAE2F1S6"/>
<ITEMREF REFNAME="SAESPID_SAE2F1S7"/>
<ITEMREF REFNAME="SAESTDAT_SAE2F1"/>
<ITEMREF REFNAME="SAETERM_SAE2F1"/>
<ITEMREF REFNAME="SCR_SYS_F1"/>
<ITEMREF REFNAME="SEX_DM1001_F1"/>
<ITEMREF REFNAME="STAT_CPL_LF3"/>
<ITEMREF REFNAME="STAT_RAND_STATGUT_F2"/>
<ITEMREF REFNAME="STAT_STATGUT_C1F4"/>
<ITEMREF REFNAME="STAT_STATGUT_C2F4"/>
<ITEMREF REFNAME="STAT_STATGUT_F4"/>
<ITEMREF REFNAME="STAT_STATGUT_F5"/>
<ITEMREF REFNAME="STAT_V1_STATGUT_F1"/>
<ITEMREF REFNAME="SUBJID"/>
<ITEMREF REFNAME="SUBJINIT_SYS_F1"/>
<ITEMREF REFNAME="TSFASMDAT_TS3001_F1"/>
<ITEMREF REFNAME="TSFPERF_TS3001_F1"/>
<ITEMREF REFNAME="TSFRES1_TS3001_F1"/>
<ITEMREF REFNAME="TSFRES2_TS3001_F1"/>
<ITEMREF REFNAME="TSMASMDT_TS4001_F1"/>
<ITEMREF REFNAME="TSMPERF_TS4001_F1"/>
<ITEMREF REFNAME="TSMRES1_TS4001_F1"/>
<ITEMREF REFNAME="TSMRES2_TS4001_F1"/>
<ITEMREF REFNAME="VISDAT"/>
<ITEMREF REFNAME="VISITOCCUR_SV1F1"/>
<ITEMREF REFNAME="VISMTHD_SV1F1"/>
<ITEMREF REFNAME="VSPERF_TPT1_VS1F1"/>
<ITEMREF REFNAME="VSPERF_VS1F2"/>
<ITEMREF REFNAME="VSPOS_BP_VS1F1"/>
<ITEMREF REFNAME="VSPOS_BP_VS1F2"/>
<ITEMREF REFNAME="WEIGHTU_TPT1_VS1F1"/>
<ITEMREF REFNAME="WEIGHTU_VS1F2"/>
<ITEMREF REFNAME="AEACN_AE3001_F1"/>
<ITEMREF REFNAME="AEGRPID_AE3001_F1_S1"/>
<ITEMREF REFNAME="AEGRPID_AE3001_F1_S2"/>
<ITEMREF REFNAME="AEGRPID_RELREC_AHRFUF1"/>
<ITEMREF REFNAME="AEGRPID_RELREC_EPPNC_F1"/>
<ITEMREF REFNAME="AEONGO_AE3001_F1"/>
<ITEMREF REFNAME="AEOUT_AE3001_F1"/>
<ITEMREF REFNAME="AERELDVC_AE3001_F1"/>
<ITEMREF REFNAME="AERELNST_CMPD_AE3001_F1"/>
<ITEMREF REFNAME="AEREL_AE3001_F1"/>
<ITEMREF REFNAME="AESER_AE3001_F1"/>
<ITEMREF REFNAME="AESEV_AE3001_F1"/>
<ITEMREF REFNAME="AESPID_AE3001_F1"/>
<ITEMREF REFNAME="AESTDAT_AE3001_F1"/>
<ITEMREF REFNAME="AETERM_AE3001_F1"/>
<ITEMREF REFNAME="AEYN_AE3001_F2"/>
<ITEMREF REFNAME="AHRFULSTDOSEDAT_AHRFUF1"/>
<ITEMREF REFNAME="AHRFURES12_AHRFUF1"/>
<ITEMREF REFNAME="AHRFURES14_AHRFUF1"/>
<ITEMREF REFNAME="AHRFURES15_CMPD_AHRFUF1"/>
<ITEMREF REFNAME="AHRFURES16_AHRFUF1"/>
<ITEMREF REFNAME="AHRFURES3_AHRFUF1"/>
<ITEMREF REFNAME="AHRFURES4_AHRFUF1"/>
<ITEMREF REFNAME="AHRFURES5_AHRFUF1"/>
<ITEMREF REFNAME="AHRFURES6_AHRFUF1"/>
<ITEMREF REFNAME="AHRFURES7_AHRFUF1"/>
<ITEMREF REFNAME="AHRFURES8_AHRFUF1"/>
<ITEMREF REFNAME="AHRFURES9YN_AHRFUF1"/>
<ITEMREF REFNAME="AHRFUYN_AHRFU2001_F1"/>
<ITEMREF REFNAME="BGYCONCSTAT_HYPOY1F1"/>
<ITEMREF REFNAME="BMIU_VS1F1"/>
<ITEMREF REFNAME="BMIU_VS1F2"/>
<ITEMREF REFNAME="BP_CMPD_TPT1_VS1F1"/>
<ITEMREF REFNAME="BP_CMPD_VS1F2"/>
<ITEMREF REFNAME="BRTHDAT_DM1001_F1"/>
<ITEMREF REFNAME="CASEBOOKSIG_CBSIG_F1"/>
<ITEMREF REFNAME="CASENAR1_SAE2F1"/>
<ITEMREF REFNAME="CASENAR2_SAE2F1"/>
<ITEMREF REFNAME="CASENAR3_SAE2F1"/>
<ITEMREF REFNAME="CDA1_CDQA"/>
<ITEMREF REFNAME="CDA2_CDQA"/>
<ITEMREF REFNAME="CESPID_HYPOY1F1"/>
<ITEMREF REFNAME="CMAEGRPID4_CM1001_C3F2"/>
<ITEMREF REFNAME="CMDOSFRQ_CM1001_C3F2"/>
<ITEMREF REFNAME="CMDOSFRQ_CM1F2"/>
<ITEMREF REFNAME="CMDOSTOT_CM1001_C1F2"/>
<ITEMREF REFNAME="CMDOSTOT_CM1001_C2F2"/>
<ITEMREF REFNAME="CMDOSTOT_CM1001_C3F2"/>
<ITEMREF REFNAME="CMDOSTOT_CM1F1"/>
<ITEMREF REFNAME="CMDOSTOT_CM1F2"/>
<ITEMREF REFNAME="CMDOSTOTU_CM1001_C1F2"/>
<ITEMREF REFNAME="CMDOSTOTU_CM1001_C3F2"/>
<ITEMREF REFNAME="CMDOSTOTU_CM1F1"/>
<ITEMREF REFNAME="CMDOSTOTU_CM1F2"/>
<ITEMREF REFNAME="CMINDC_CM1F1"/>
<ITEMREF REFNAME="CMONGO_CM1001_C1F2"/>
<ITEMREF REFNAME="CMONGO_CM1001_C2F2"/>
<ITEMREF REFNAME="CMONGO_CM1001_C3F2"/>
<ITEMREF REFNAME="CMONGO_CM1F1"/>
<ITEMREF REFNAME="CMONGO_CM1F2"/>
<ITEMREF REFNAME="CMROUTE_CM1001_C2F2"/>
<ITEMREF REFNAME="CMDOSFRQ_CM1001_C2F2"/>
<ITEMREF REFNAME="CMDOSTOTU_CM1001_C2F2"/>
<ITEMREF REFNAME="CMROUTE_CM1001_C3F2"/>
<ITEMREF REFNAME="CMSPID_CM1001_C1F2"/>
<ITEMREF REFNAME="CMSPID_CM1001_C2F2"/>
<ITEMREF REFNAME="CMSPID_CM1001_C3F2"/>
<ITEMREF REFNAME="CMSPID_CM1F1"/>
<ITEMREF REFNAME="CMSPID_CM1F2"/>
<ITEMREF REFNAME="CMSTDAT_CM1001_C1F2"/>
<ITEMREF REFNAME="CMSTDAT_CM1001_C2F2"/>
<ITEMREF REFNAME="CMSTDAT_CM1001_C3F2"/>
<ITEMREF REFNAME="CMSTDAT_CM1F1"/>
<ITEMREF REFNAME="CMSTDAT_CM1F2"/>
<ITEMREF REFNAME="CMTRT_CM1001_C1F2"/>
<ITEMREF REFNAME="CMTRT_CM1001_C2F2"/>
<ITEMREF REFNAME="CMTRT_CM1001_C3F2"/>
<ITEMREF REFNAME="CMTRT_CM1F1"/>
<ITEMREF REFNAME="CMTRT_CM1F2"/>
<ITEMREF REFNAME="CMYN_CM1001_C1F2"/>
<ITEMREF REFNAME="CMYN_CM1001_C2F2"/>
<ITEMREF REFNAME="CMYN_CM1001_C3F2"/>
<ITEMREF REFNAME="CMYN_CM1F1"/>
<ITEMREF REFNAME="CMYN_CM1F2"/>
<ITEMREF REFNAME="COSPID_CDQA"/>
<ITEMREF REFNAME="DRGINDIC_SAE2F1"/>
<ITEMREF REFNAME="DRGINDIC_SAE2F1S7"/>
<ITEMREF REFNAME="DSDECOD_DS1C1F6"/>
<ITEMREF REFNAME="DSDECOD_DS1C2F6"/>
<ITEMREF REFNAME="DSDECOD_DS1F2"/>
<ITEMREF REFNAME="DSDECOD_DS1F4"/>
<ITEMREF REFNAME="DSDECOD_DS1F5"/>
<ITEMREF REFNAME="DSDECOD_DS1F6"/>
<ITEMREF REFNAME="DSDECOD_DS1F7"/>
<ITEMREF REFNAME="DSEVAL_IC_DS2001_C1F4"/>
<ITEMREF REFNAME="DSEVAL_IC_DS2001_C3F4"/>
<ITEMREF REFNAME="DSEVAL_IC_DS2001_F4"/>
<ITEMREF REFNAME="AEGRPID_RELREC_ISR1001_F1"/>
<ITEMREF REFNAME="CMDOSFRQ_CM1C4F2"/>
<ITEMREF REFNAME="CMDOSTOTU_CM1C4F2"/>
<ITEMREF REFNAME="CMDOSTOT_CM1C4F2"/>
<ITEMREF REFNAME="CMOCCUR_CM4001_F2"/>
<ITEMREF REFNAME="CMONGO_CM1C4F2"/>
<ITEMREF REFNAME="CMSPID_CM1C4F2"/>
<ITEMREF REFNAME="CMSTDAT_CM1C4F2"/>
<ITEMREF REFNAME="CMTRT_CM1C4F2"/>
<ITEMREF REFNAME="CMTRT_CM4001_F2"/>
<ITEMREF REFNAME="CMYN_CM1C4F2"/>
<ITEMREF REFNAME="FASPID_ISR1001_F1"/>
<ITEMREF REFNAME="INJDAT_ISR1001_F1"/>
<ITEMREF REFNAME="ISRLOC_ISR1001_F1"/>
<ITEMREF REFNAME="ISRPERF_ISR1001_F1"/>
<ITEMREF REFNAME="ISRRES10_ISR1001_F1"/>
<ITEMREF REFNAME="ISRRES12_ISR1001_F1"/>
<ITEMREF REFNAME="ISRRES13_ISR1001_F1"/>
<ITEMREF REFNAME="ISRRES14_ISR1001_F1"/>
<ITEMREF REFNAME="ISRRES15_ISR1001_F1"/>
<ITEMREF REFNAME="ISRRES16_ISR1001_F1"/>
<ITEMREF REFNAME="ISRRES17U_ISR1001_F1"/>
<ITEMREF REFNAME="ISRRES18U_ISR1001_F1"/>
<ITEMREF REFNAME="ISRRES19_ISR1001_F1"/>
<ITEMREF REFNAME="ISRRES1_ISR1001_F1"/>
<ITEMREF REFNAME="ISRRES21_ISR1001_F1"/>
<ITEMREF REFNAME="ISRRES2_ISR1001_F1"/>
<ITEMREF REFNAME="ISRRES3_ISR1001_F1"/>
<ITEMREF REFNAME="ISRRES6_ISR1001_F1"/>
<ITEMREF REFNAME="ISRRES9_ISR1001_F1"/>
<ITEMREF REFNAME="ISRYN_ISR1001_F1"/>
<ITEMREF REFNAME="STAT_STATGUT_C3F4"/>
<ITEMREF REFNAME="WSTCIRU_VS1F2"/>
<ITEMREF REFNAME="igCM1001_C4F2_S2"/>
<ITEMREF REFNAME="igISR1001_F1_S2"/>

</ITEMGROUP>

<ITEMGROUP 
GROUPNAME="Adjudicator_ReadOnly"
GROUPDESCRIPTION="Items that should be viewable to Adjudicator and Data Manager.">
 <!-- Insert ItemRef Names -->
<ITEMREF REFNAME="FASPID_AJPNC2F1"/>

</ITEMGROUP>

<ITEMGROUP 
GROUPNAME="Data_Manager_ReadOnly"
GROUPDESCRIPTION="Items that are hidden by design and should be viewable to Data Manager.">
 <!-- Insert ItemRef Names -->
<ITEMREF REFNAME="CMROUTE_CM1C4F2"/>
<ITEMREF REFNAME="CMSCAT_CM1C4F2"/>
<ITEMREF REFNAME="CMSPID_CM4001_F2"/>
<ITEMREF REFNAME="CMTRADNM_CM1C4F2"/>
<ITEMREF REFNAME="CMTRADNM_CM4001_F2"/>
<ITEMREF REFNAME="CMTRT_MAP_CM1C4F2"/>
<ITEMREF REFNAME="CMTRT_MAP_CM4001_F2"/>
<ITEMREF REFNAME="DICT_DICTVER_CM1C4F2"/>
<ITEMREF REFNAME="DICT_DICTVER_CM4001_F2"/>
<ITEMREF REFNAME="TRTTERMCD_CM1C4F2"/>
<ITEMREF REFNAME="TRTTERMCD_CM4001_F2"/>
<ITEMREF REFNAME="FACAT_ISR1001_F1"/>
<ITEMREF REFNAME="CMSCAT_CM4001_F2"/>
<ITEMREF REFNAME="CMDECOD_CM1F2"/>
<ITEMREF REFNAME="CMROUTE_CM1001_C1F2"/>
<ITEMREF REFNAME="CMROUTE_CM1F2"/>
<ITEMREF REFNAME="CMSCAT_CM1001_C1F2"/>
<ITEMREF REFNAME="CMSCAT_CM1001_C2F2"/>
<ITEMREF REFNAME="CMSCAT_CM1001_C3F2"/>
<ITEMREF REFNAME="CMSCAT_CM1F1"/>
<ITEMREF REFNAME="CMSCAT_CM1F2"/>
<ITEMREF REFNAME="CMTRADNM_CM1001_C1F2"/>
<ITEMREF REFNAME="CMTRADNM_CM1001_C2F2"/>
<ITEMREF REFNAME="CMTRADNM_CM1001_C3F2"/>
<ITEMREF REFNAME="CMTRADNM_CM1F1"/>
<ITEMREF REFNAME="CMTRADNM_CM1F2"/>
<ITEMREF REFNAME="CMTRT_MAP_CM1001_C1F2"/>
<ITEMREF REFNAME="CMTRT_MAP_CM1001_C2F2"/>
<ITEMREF REFNAME="CMTRT_MAP_CM1001_C3F2"/>
<ITEMREF REFNAME="CMTRT_MAP_CM1F1"/>
<ITEMREF REFNAME="CMTRT_MAP_CM1F2"/>
<ITEMREF REFNAME="DICT_DICTVER_AE3001_F1"/>
<ITEMREF REFNAME="DICT_DICTVER_CM1001_C1F2"/>
<ITEMREF REFNAME="DICT_DICTVER_CM1001_C2F2"/>
<ITEMREF REFNAME="DICT_DICTVER_CM1001_C3F2"/>
<ITEMREF REFNAME="DICT_DICTVER_CM1F1"/>
<ITEMREF REFNAME="DICT_DICTVER_CM1F2"/>
<ITEMREF REFNAME="DICT_DICTVER_MH7001_F1"/>
<ITEMREF REFNAME="DICT_DICTVER_MHPRESP_F2"/>
<ITEMREF REFNAME="DSCAT_1_DS1C1F6"/>
<ITEMREF REFNAME="DSCAT_1_DS1C2F6"/>
<ITEMREF REFNAME="DSCAT_1_DS1F2"/>
<ITEMREF REFNAME="DSCAT_1_DS1F4"/>
<ITEMREF REFNAME="DSCAT_1_DS1F5"/>
<ITEMREF REFNAME="DSCAT_1_DS1F6"/>
<ITEMREF REFNAME="DSCAT_1_DS1F7"/>
<ITEMREF REFNAME="DSCAT_2_DS2001_C1F2"/>
<ITEMREF REFNAME="DSCAT_2_DS2001_C1F4"/>
<ITEMREF REFNAME="DSCAT_2_DS2001_C3F2"/>
<ITEMREF REFNAME="DSCAT_2_DS2001_C3F4"/>
<ITEMREF REFNAME="DSCAT_2_DS2001_F2"/>
<ITEMREF REFNAME="DSCAT_2_DS2001_F4"/>
<ITEMREF REFNAME="DSEVAL_IA_DS2001_C1F2"/>
<ITEMREF REFNAME="DSEVAL_IA_DS2001_C3F2"/>
<ITEMREF REFNAME="DSEVAL_IA_DS2001_F2"/>
<ITEMREF REFNAME="DSSCAT_DS1C1F6"/>
<ITEMREF REFNAME="DSSCAT_DS1C2F6"/>
<ITEMREF REFNAME="DSSCAT_DS1F2"/>
<ITEMREF REFNAME="DSSCAT_DS1F4"/>
<ITEMREF REFNAME="DSSCAT_DS1F5"/>
<ITEMREF REFNAME="DSSCAT_DS1F6"/>
<ITEMREF REFNAME="DSSCAT_DS1F7"/>
<ITEMREF REFNAME="DSSCAT_IA_DS2001_C1F2"/>
<ITEMREF REFNAME="DSSCAT_IA_DS2001_C3F2"/>
<ITEMREF REFNAME="DSSCAT_IA_DS2001_F2"/>
<ITEMREF REFNAME="DSSCAT_IC_DS2001_C1F4"/>
<ITEMREF REFNAME="DSSCAT_IC_DS2001_C3F4"/>
<ITEMREF REFNAME="DSSCAT_IC_DS2001_F4"/>
<ITEMREF REFNAME="CMCLAS_CM4001_F2"/>
<ITEMREF REFNAME="CMCAT_CM1C4F2"/>
<ITEMREF REFNAME="CMCAT_CM4001_F2"/>
<ITEMREF REFNAME="CMCLAS_CM1C4F2"/>
<ITEMREF REFNAME="CMCLASCD_CM1C4F2"/>
<ITEMREF REFNAME="CMDECOD_CM1C4F2"/>
<ITEMREF REFNAME="CMCLASCD_CM4001_F2"/>
<ITEMREF REFNAME="CMDECOD_CM4001_F2"/>
<ITEMREF REFNAME="CMPRESP_CM4001_F2"/>
<ITEMREF REFNAME="EXCAT_EX1001_C1F4"/>
<ITEMREF REFNAME="EXCAT_EX1001_F4"/>
<ITEMREF REFNAME="FACAT_AHRFUF1"/>
<ITEMREF REFNAME="FACAT_AJPNC2F1"/>
<ITEMREF REFNAME="FACAT_EPPNC_F1"/>
<ITEMREF REFNAME="FACAT_HYPOY1F1"/>
<ITEMREF REFNAME="HYOBJ_HYPOY1F1"/>
<ITEMREF REFNAME="HYPRESP_HYPOY1F1"/>
<ITEMREF REFNAME="HYTERM_HYPOY1F1"/>
<ITEMREF REFNAME="MHCAT_4_MHPRESP_F2"/>
<ITEMREF REFNAME="MHCAT_MH7001_F1"/>
<ITEMREF REFNAME="MHDECOD_MH7001_F1"/>
<ITEMREF REFNAME="MHLLTCDPRESP_MHPRESP_F2"/>
<ITEMREF REFNAME="MHLLTCD_MH7001_F1"/>
<ITEMREF REFNAME="MHLLT_MH7001_F1"/>
<ITEMREF REFNAME="MHPRESP_MHPRESP_F2"/>
<ITEMREF REFNAME="MHTERM_MAP_MH7001_F1"/>
<ITEMREF REFNAME="QSCAT_EQ5DY1001_F1"/>
<ITEMREF REFNAME="QSCAT_PEDSQL1001_F1"/>
<ITEMREF REFNAME="QSCAT_PEDSQL2001_F1"/>
<ITEMREF REFNAME="QSCAT_PEDSQL3001_F1"/>
<ITEMREF REFNAME="QSCAT_PEDSQL4001_F1"/>
<ITEMREF REFNAME="QSCAT_TS3001_F1"/>
<ITEMREF REFNAME="QSCAT_TS4001_F1"/>
<ITEMREF REFNAME="QSEVAL_EQ5DY1001_F1"/>
<ITEMREF REFNAME="QSEVAL_PEDSQL1001_F1"/>
<ITEMREF REFNAME="QSEVAL_PEDSQL2001_F1"/>
<ITEMREF REFNAME="QSEVAL_PEDSQL3001_F1"/>
<ITEMREF REFNAME="QSEVAL_PEDSQL4001_F1"/>
<ITEMREF REFNAME="RPCAT_FRS2001_F1"/>
<ITEMREF REFNAME="RPCAT_FRS2001_F2"/>
<ITEMREF REFNAME="TRTTERMCD_CM1001_C1F2"/>
<ITEMREF REFNAME="TRTTERMCD_CM1001_C3F2"/>
<ITEMREF REFNAME="TRTTERMCD_CM1F1"/>
<ITEMREF REFNAME="TRTTERMCD_CM1F2"/>
<ITEMREF REFNAME="TSFEVAL_TS3001_F1"/>
<ITEMREF REFNAME="TSMEVAL_TS4001_F1"/>
<ITEMREF REFNAME="TRTTERMCD_CM1001_C2F2"/>
<ITEMREF REFNAME="AECAT_AE3001_F1"/>
<ITEMREF REFNAME="AECAT_AE3001_F2"/>
<ITEMREF REFNAME="AEDECOD_AE3001_F1"/>
<ITEMREF REFNAME="AELLTCD_AE3001_F1"/>
<ITEMREF REFNAME="AELLT_AE3001_F1"/>
<ITEMREF REFNAME="AETERM_MAP_AE3001_F1"/>
<ITEMREF REFNAME="AHRFUOBJ_AHRFUF1"/>
<ITEMREF REFNAME="CMCAT_CM1001_C1F2"/>
<ITEMREF REFNAME="CMCAT_CM1001_C2F2"/>
<ITEMREF REFNAME="CMCAT_CM1001_C3F2"/>
<ITEMREF REFNAME="CMCAT_CM1F1"/>
<ITEMREF REFNAME="CMCAT_CM1F2"/>
<ITEMREF REFNAME="CMCLAS_CM1001_C1F2"/>
<ITEMREF REFNAME="CMCLAS_CM1001_C2F2"/>
<ITEMREF REFNAME="CMCLAS_CM1001_C3F2"/>
<ITEMREF REFNAME="CMCLAS_CM1F1"/>
<ITEMREF REFNAME="CMCLAS_CM1F2"/>
<ITEMREF REFNAME="CMCLASCD_CM1001_C1F2"/>
<ITEMREF REFNAME="CMCLASCD_CM1001_C2F2"/>
<ITEMREF REFNAME="CMCLASCD_CM1001_C3F2"/>
<ITEMREF REFNAME="CMCLASCD_CM1F1"/>
<ITEMREF REFNAME="CMCLASCD_CM1F2"/>
<ITEMREF REFNAME="CMDECOD_CM1001_C1F2"/>
<ITEMREF REFNAME="CMDECOD_CM1001_C2F2"/>
<ITEMREF REFNAME="CMDECOD_CM1001_C3F2"/>
<ITEMREF REFNAME="CMDECOD_CM1F1"/>

</ITEMGROUP>

<ITEMGROUP 
GROUPNAME="GPS_eSAE_Hidden"
GROUPDESCRIPTION="Hidden to GPS rights group, hidden to Adjudicator and Central Group, default access to all other rights groups">
 <!-- Insert ItemRef Names -->
<ITEMREF REFNAME="SAEAWADAT_SAE2F1"/>
<ITEMREF REFNAME="SAEFUASMDAT_SAE2F1"/>
<ITEMREF REFNAME="SAEASMDAT_SAE2F1"/>
<ITEMREF REFNAME="SAEFUAWADAT_SAE2F1"/>

</ITEMGROUP>

<ITEMGROUP 
GROUPNAME="nonData_Manager_Hidden"
GROUPDESCRIPTION="Items hidden to all but Data_Manager editable">
 <!-- Insert ItemRef Names -->
<ITEMREF REFNAME="CDQATRIG"/>
<ITEMREF REFNAME="WFRULETRIG"/>
<ITEMREF REFNAME="CALRULETRIG"/>

</ITEMGROUP>

<ITEMGROUP 
GROUPNAME="nonData_Manager_ReadOnly"
GROUPDESCRIPTION="Items are Data_Manager editable, and Read-only for all other groups except Adjudicator and Central Grp.  For the Groups Adjudicator and Central Grp, it will be a Hidden Item.">
 <!-- Insert ItemRef Names -->
<ITEMREF REFNAME="CDQ_CDQA"/>
<ITEMREF REFNAME="VISDATMD_SV1F1"/>

</ITEMGROUP>

</MEDMLDATA>