<?xml version="1.0"?>
<MEDMLDATA xmlns="PhaseForward-MedML-Inform4">


<REPORTINGGROUP
GROUPNAME="Ad Hoc Users"
GROUPDESCRIPTION="Users who have access to Ad Hoc Reporting">
<!-- Insert Users -->
<USERREF USERNAME="rm92359"/>
<USERREF USERNAME="z1x1726"/>
<USERREF USERNAME="z2x7766"/>
<USERREF USERNAME="z2x1565"/>
<USERREF USERNAME="h9xmcgbdi_RE"/>
<USERREF USERNAME="z1x0494"/>
<USERREF USERNAME="v0x1656"/>
</REPORTINGGROUP>

<REPORTINGGROUP
GROUPNAME="Authors"
GROUPDESCRIPTION="Users who have access to Ad Hoc Reporting and Report Studio">
<!-- Insert Users -->
<USERREF USERNAME="h9xmcgbdi_RE"/>
</REPORTINGGROUP>

<QUERYGROUP
GROUPNAME="CDM_CRA Query"
GROUPDESCRIPTION="">
<!-- Insert Users -->
<USERREF USERNAME="autoquery"/>
<USERREF USERNAME="z2x8802"/>
<USERREF USERNAME="z2x4239"/>
<USERREF USERNAME="z2x1389"/>
<USERREF USERNAME="c184177"/>
<USERREF USERNAME="z1x1726"/>
<USERREF USERNAME="z2x7766"/>
<USERREF USERNAME="rm92359"/>
<USERREF USERNAME="z3x2095"/>
<USERREF USERNAME="z2x6311"/>
<USERREF USERNAME="z2x6169"/>
<USERREF USERNAME="z1x1836"/>
<USERREF USERNAME="z1x2605"/>
<USERREF USERNAME="z1x2570"/>
<USERREF USERNAME="z1x1691"/>
<USERREF USERNAME="z1x0368"/>
<USERREF USERNAME="z1x0686"/>
<USERREF USERNAME="z1x0494"/>
<USERREF USERNAME="v0x1656"/>
<USERREF USERNAME="z2x1565"/>
<USERREF USERNAME="z1x1849"/>
<USERREF USERNAME="z1x1896"/>
<USERREF USERNAME="z1x1789"/>
<USERREF USERNAME="z1x9763"/>
<USERREF USERNAME="z3x1262"/>
<USERREF USERNAME="c178085"/>
<USERREF USERNAME="z3x0816"/>
<USERREF USERNAME="z2x7246"/>
<USERREF USERNAME="z1x2075"/>
<USERREF USERNAME="z2x6036"/>
<USERREF USERNAME="z2x1263"/>
<USERREF USERNAME="z2x9961"/>
</QUERYGROUP>

<QUERYGROUP
GROUPNAME="Coding Query Group"
GROUPDESCRIPTION="">
<!-- Insert Users -->
<USERREF USERNAME="coder_query"/>
</QUERYGROUP>

<REPORTINGGROUP
GROUPNAME="Directory Administrators"
GROUPDESCRIPTION="Users who can administer authorization rights. They administer groups, accounts, contacts, distribution lists, data sources, and printers">
<!-- Insert Users -->
<USERREF USERNAME="h9xmcgbdi_RE"/>
</REPORTINGGROUP>

<QUERYGROUP
GROUPNAME="GPS_Query"
GROUPDESCRIPTION="">
<!-- Insert Users -->
<USERREF USERNAME="rm90029"/>
<USERREF USERNAME="c026390"/>
<USERREF USERNAME="v6x8058"/>
<USERREF USERNAME="c039853"/>
<USERREF USERNAME="c074090"/>
<USERREF USERNAME="c131994"/>
<USERREF USERNAME="a607676"/>
<USERREF USERNAME="c026393"/>
<USERREF USERNAME="c075541"/>
<USERREF USERNAME="rm89018"/>
<USERREF USERNAME="c143125"/>
<USERREF USERNAME="c090108"/>
<USERREF USERNAME="c068502"/>
<USERREF USERNAME="c021984"/>
<USERREF USERNAME="c089548"/>
<USERREF USERNAME="rm94611"/>
<USERREF USERNAME="c015393"/>
</QUERYGROUP>

<SIGNATUREGROUP
GROUPNAME="PI Signatures"
GROUPDESCRIPTION="Signature group assigned to PI and PI Sign Only roles"
CRFMEANING="X"
CRBMEANING="Approved"
CRFTEXT="NULL"
CRBTEXT="By my dated signature below, I  %s  %s, verify that all case report form pages accurately display the results of the examinations, tests, evaluations and treatments performed on this patient.&lt;BR&gt;&lt;BR&gt;Pursuant to Section 11.100 of Title 21 of the Code of Federal Regulations, this is to certify that I intend that this electronic signature is to be the legally binding equivalent of my handwritten signature. &lt;BR&gt;&lt;BR&gt;To this I do attest by supplying my user name and password and clicking the button marked &lt;B&gt;Submit&lt;/B&gt; below" LANGUAGE="en-US">
<!-- Insert Users -->
<USERREF USERNAME="jkopecky"/>
<USERREF USERNAME="dbartaskova"/>
<USERREF USERNAME="cstrang"/>
<USERREF USERNAME="jstephens"/>
<USERREF USERNAME="mdavies"/>
<USERREF USERNAME="cfajardoMontana"/>
<USERREF USERNAME="eadorjani"/>
<USERREF USERNAME="MSzabo"/>
<USERREF USERNAME="avachova"/>
<USERREF USERNAME="aszocs"/>
<USERREF USERNAME="iory"/>
<USERREF USERNAME="lcipres"/>
<USERREF USERNAME="ejodarGimeno"/>
<USERREF USERNAME="mrivasfernandez"/>
<USERREF USERNAME="drusselljones"/>
<USERREF USERNAME="tbalint"/>
<USERREF USERNAME="ppozzilli"/>
<USERREF USERNAME="ogiampietro"/>
<USERREF USERNAME="gtonolo"/>
<USERREF USERNAME="gperseghin"/>
<USERREF USERNAME="alopez"/>
<USERREF USERNAME="dklonoff"/>
<USERREF USERNAME="pnorwood"/>
<USERREF USERNAME="jvan"/>
<USERREF USERNAME="ebeke"/>
<USERREF USERNAME="nkesmarki"/>
<USERREF USERNAME="pkis-gombos"/>
<USERREF USERNAME="dliljenquist"/>
<USERREF USERNAME="lklaff"/>
<USERREF USERNAME="pwakefield"/>
<USERREF USERNAME="rortizcarrasquillo"/>
<USERREF USERNAME="lruiz"/>
<USERREF USERNAME="ebarranco"/>
<USERREF USERNAME="jotero"/>
<USERREF USERNAME="gcolonvega"/>
<USERREF USERNAME="wmiers"/>
<USERREF USERNAME="oalzohaili"/>
<USERREF USERNAME="hmaheshwari"/>
<USERREF USERNAME="lsoruco"/>
<USERREF USERNAME="fmikell"/>
<USERREF USERNAME="mwukelic"/>
<USERREF USERNAME="kgross"/>
<USERREF USERNAME="aodugbesan"/>
<USERREF USERNAME="tedelsberger"/>
<USERREF USERNAME="lraclavska"/>
<USERREF USERNAME="skopecka"/>
</SIGNATUREGROUP>

<REPORTINGGROUP
GROUPNAME="Publishers"
GROUPDESCRIPTION="Users who can create folders and other content within the Public Folder space">
<!-- Insert Users -->
<USERREF USERNAME="h9xmcgbdi_RE"/>
<USERREF USERNAME="rm92359"/>
<USERREF USERNAME="z2x7766"/>
<USERREF USERNAME="z1x1726"/>
<USERREF USERNAME="v0x1656"/>
<USERREF USERNAME="z1x0494"/>
<USERREF USERNAME="z2x1565"/>
</REPORTINGGROUP>

<REPORTINGGROUP
GROUPNAME="Report Administrators"
GROUPDESCRIPTION="Users who can administer authorized public content such as setting permissions on folders and reports">
<!-- Insert Users -->
<USERREF USERNAME="z1x1726"/>
<USERREF USERNAME="z2x7766"/>
<USERREF USERNAME="z2x1565"/>
<USERREF USERNAME="z1x0494"/>
<USERREF USERNAME="v0x1656"/>
<USERREF USERNAME="rm92359"/>
</REPORTINGGROUP>

<REPORTINGGROUP
GROUPNAME="Site Users"
GROUPDESCRIPTION="Site Users">
<!-- Insert Users -->
<USERREF USERNAME="pgajdos"/>
<USERREF USERNAME="Iburesova"/>
<USERREF USERNAME="jkopecky"/>
<USERREF USERNAME="dbartaskova"/>
<USERREF USERNAME="avachova"/>
<USERREF USERNAME="aszocs"/>
<USERREF USERNAME="hstefan"/>
<USERREF USERNAME="iory"/>
<USERREF USERNAME="lcipres"/>
<USERREF USERNAME="ejodarGimeno"/>
<USERREF USERNAME="bperez"/>
<USERREF USERNAME="mrivasfernandez"/>
<USERREF USERNAME="drusselljones"/>
<USERREF USERNAME="sclose"/>
<USERREF USERNAME="jwayte"/>
<USERREF USERNAME="amallipedhi"/>
<USERREF USERNAME="lbastin"/>
<USERREF USERNAME="nnewman"/>
<USERREF USERNAME="kbailkoski"/>
<USERREF USERNAME="Bleon"/>
<USERREF USERNAME="tbalint"/>
<USERREF USERNAME="ppozzilli"/>
<USERREF USERNAME="ogiampietro"/>
<USERREF USERNAME="gtonolo"/>
<USERREF USERNAME="gperseghin"/>
<USERREF USERNAME="alopez"/>
<USERREF USERNAME="dklonoff"/>
<USERREF USERNAME="pnorwood"/>
<USERREF USERNAME="jvan"/>
<USERREF USERNAME="ebeke"/>
<USERREF USERNAME="nkesmarki"/>
<USERREF USERNAME="pkis-gombos"/>
<USERREF USERNAME="alauria"/>
<USERREF USERNAME="cconsani"/>
<USERREF USERNAME="scherchi"/>
<USERREF USERNAME="glattuada"/>
<USERREF USERNAME="clopez"/>
<USERREF USERNAME="cdiemidio"/>
<USERREF USERNAME="abeasley"/>
<USERREF USERNAME="Agarzaran"/>
<USERREF USERNAME="dliljenquist"/>
<USERREF USERNAME="lklaff"/>
<USERREF USERNAME="pwakefield"/>
<USERREF USERNAME="rortizcarrasquillo"/>
<USERREF USERNAME="lruiz"/>
<USERREF USERNAME="ebarranco"/>
<USERREF USERNAME="jotero"/>
<USERREF USERNAME="gcolonvega"/>
<USERREF USERNAME="wmiers"/>
<USERREF USERNAME="oalzohaili"/>
<USERREF USERNAME="hmaheshwari"/>
<USERREF USERNAME="lsoruco"/>
<USERREF USERNAME="fmikell"/>
<USERREF USERNAME="inayberg"/>
<USERREF USERNAME="mguerrero"/>
<USERREF USERNAME="jhuynh"/>
<USERREF USERNAME="mwukelic"/>
<USERREF USERNAME="kgross"/>
<USERREF USERNAME="aodugbesan"/>
<USERREF USERNAME="abackus"/>
<USERREF USERNAME="cstafford"/>
<USERREF USERNAME="kdavis"/>
<USERREF USERNAME="kwardell"/>
<USERREF USERNAME="kpuccio"/>
<USERREF USERNAME="ngarcia"/>
<USERREF USERNAME="mmendez"/>
<USERREF USERNAME="njimenez"/>
<USERREF USERNAME="lflores"/>
<USERREF USERNAME="wgonzalez"/>
<USERREF USERNAME="dballard"/>
<USERREF USERNAME="naldhalimy"/>
<USERREF USERNAME="amaheshwari"/>
<USERREF USERNAME="jbueno"/>
<USERREF USERNAME="tedelsberger"/>
<USERREF USERNAME="lraclavska"/>
<USERREF USERNAME="skopecka"/>
<USERREF USERNAME="MSzabo"/>
<USERREF USERNAME="edvorakova"/>
<USERREF USERNAME="mleblova"/>
<USERREF USERNAME="eadorjani"/>
<USERREF USERNAME="cfajardoMontana"/>
<USERREF USERNAME="eperez"/>
<USERREF USERNAME="cyribarnegaray"/>
<USERREF USERNAME="cgil"/>
<USERREF USERNAME="jjackson"/>
<USERREF USERNAME="mdavies"/>
<USERREF USERNAME="jstephens"/>
<USERREF USERNAME="cfagan"/>
<USERREF USERNAME="gmanzoni"/>
<USERREF USERNAME="cstrang"/>
<USERREF USERNAME="cwinch"/>
<USERREF USERNAME="gkreckova"/>
<USERREF USERNAME="cguglielmi"/>
<USERREF USERNAME="msulik"/>
<USERREF USERNAME="jnelner"/>
<USERREF USERNAME="acooper"/>
</REPORTINGGROUP>

<REPORTINGGROUP
GROUPNAME="Sponsor Users"
GROUPDESCRIPTION="Sponsor Users">
<!-- Insert Users -->
<USERREF USERNAME="z2x8802"/>
<USERREF USERNAME="z3x1758"/>
<USERREF USERNAME="c184177"/>
<USERREF USERNAME="coder_query"/>
<USERREF USERNAME="z1x1726"/>
<USERREF USERNAME="rm90029"/>
<USERREF USERNAME="c015393"/>
<USERREF USERNAME="v6x8058"/>
<USERREF USERNAME="c039853"/>
<USERREF USERNAME="c074090"/>
<USERREF USERNAME="c131994"/>
<USERREF USERNAME="a607676"/>
<USERREF USERNAME="c026393"/>
<USERREF USERNAME="c075541"/>
<USERREF USERNAME="z2x7766"/>
<USERREF USERNAME="wa00775"/>
<USERREF USERNAME="rm92359"/>
<USERREF USERNAME="c179650"/>
<USERREF USERNAME="z1x1972"/>
<USERREF USERNAME="z3x2095"/>
<USERREF USERNAME="c179367"/>
<USERREF USERNAME="z2x6311"/>
<USERREF USERNAME="z2x6169"/>
<USERREF USERNAME="z1x1836"/>
<USERREF USERNAME="z1x2605"/>
<USERREF USERNAME="z1x2570"/>
<USERREF USERNAME="c189618"/>
<USERREF USERNAME="z1x1691"/>
<USERREF USERNAME="z1x0368"/>
<USERREF USERNAME="c192893"/>
<USERREF USERNAME="c192612"/>
<USERREF USERNAME="z1x0686"/>
<USERREF USERNAME="h9xmcgbdi_RE"/>
<USERREF USERNAME="z1x0494"/>
<USERREF USERNAME="v0x1656"/>
<USERREF USERNAME="rm89018"/>
<USERREF USERNAME="c143125"/>
<USERREF USERNAME="c090108"/>
<USERREF USERNAME="c068502"/>
<USERREF USERNAME="c021984"/>
<USERREF USERNAME="c089548"/>
<USERREF USERNAME="rm94611"/>
<USERREF USERNAME="c026390"/>
<USERREF USERNAME="z2x1565"/>
<USERREF USERNAME="z1x1849"/>
<USERREF USERNAME="z1x1896"/>
<USERREF USERNAME="z1x1789"/>
<USERREF USERNAME="z2x7248"/>
<USERREF USERNAME="c192611"/>
<USERREF USERNAME="c192448"/>
<USERREF USERNAME="z1x9763"/>
<USERREF USERNAME="z3x1262"/>
<USERREF USERNAME="c178085"/>
<USERREF USERNAME="z3x0816"/>
<USERREF USERNAME="yx65765"/>
<USERREF USERNAME="z1x1981"/>
<USERREF USERNAME="z2x7246"/>
<USERREF USERNAME="z1x2075"/>
<USERREF USERNAME="z2x6036"/>
<USERREF USERNAME="z2x1263"/>
<USERREF USERNAME="z2x9961"/>
<USERREF USERNAME="z3x0688"/>
<USERREF USERNAME="z2x4239"/>
<USERREF USERNAME="z2x1389"/>
</REPORTINGGROUP>

<REPORTINGGROUP
GROUPNAME="User Admin Info Data Users"
GROUPDESCRIPTION="Users who have access to user data including password related data">
<!-- Insert Users -->
<USERREF USERNAME="z3x2095"/>
<USERREF USERNAME="z2x9961"/>
<USERREF USERNAME="z2x1263"/>
<USERREF USERNAME="z2x6036"/>
<USERREF USERNAME="z1x2075"/>
<USERREF USERNAME="z2x7246"/>
<USERREF USERNAME="z3x0816"/>
<USERREF USERNAME="c178085"/>
<USERREF USERNAME="z3x1262"/>
<USERREF USERNAME="z1x9763"/>
<USERREF USERNAME="z1x1789"/>
<USERREF USERNAME="z1x1896"/>
<USERREF USERNAME="z1x1849"/>
<USERREF USERNAME="z2x1565"/>
<USERREF USERNAME="v0x1656"/>
<USERREF USERNAME="z1x0494"/>
<USERREF USERNAME="h9xmcgbdi_RE"/>
<USERREF USERNAME="z1x0686"/>
<USERREF USERNAME="z2x8802"/>
<USERREF USERNAME="z2x1389"/>
<USERREF USERNAME="c184177"/>
<USERREF USERNAME="z1x1726"/>
<USERREF USERNAME="z2x7766"/>
<USERREF USERNAME="rm92359"/>
<USERREF USERNAME="z2x4239"/>
<USERREF USERNAME="z2x6311"/>
<USERREF USERNAME="z2x6169"/>
<USERREF USERNAME="z1x1836"/>
<USERREF USERNAME="z1x2605"/>
<USERREF USERNAME="z1x2570"/>
<USERREF USERNAME="z1x1691"/>
<USERREF USERNAME="z1x0368"/>
</REPORTINGGROUP>

<REPORTINGGROUP
GROUPNAME="User Info Data Users"
GROUPDESCRIPTION="Users who have access to user data except password related data">
<!-- Insert Users -->
<USERREF USERNAME="c026390"/>
<USERREF USERNAME="rm90029"/>
<USERREF USERNAME="c089548"/>
<USERREF USERNAME="c021984"/>
<USERREF USERNAME="c068502"/>
<USERREF USERNAME="c090108"/>
<USERREF USERNAME="c143125"/>
<USERREF USERNAME="rm89018"/>
<USERREF USERNAME="wa00775"/>
<USERREF USERNAME="c075541"/>
<USERREF USERNAME="c026393"/>
<USERREF USERNAME="a607676"/>
<USERREF USERNAME="c131994"/>
<USERREF USERNAME="c074090"/>
<USERREF USERNAME="c039853"/>
<USERREF USERNAME="v6x8058"/>
<USERREF USERNAME="c015393"/>
<USERREF USERNAME="rm94611"/>
</REPORTINGGROUP>

</MEDMLDATA>