<?xml version="1.0"?>
<MEDMLDATA xmlns="PhaseForward-MedML-Inform4">


<RIGHTSGROUP  GROUPNAME="Coding Query Rights Group">
<!-- Insert Users -->
<USERREF USERNAME="coder_query"/>

</RIGHTSGROUP>

<RIGHTSGROUP  GROUPNAME="Data Manager">
<!-- Insert Users -->
<USERREF USERNAME="z1x1726"/>
<USERREF USERNAME="z2x7766"/>
<USERREF USERNAME="z2x1565"/>
<USERREF USERNAME="z1x0494"/>
<USERREF USERNAME="v0x1656"/>
<USERREF USERNAME="rm92359"/>

</RIGHTSGROUP>

<RIGHTSGROUP  GROUPNAME="GPS">
<!-- Insert Users -->
<USERREF USERNAME="rm90029"/>
<USERREF USERNAME="c026390"/>
<USERREF USERNAME="v6x8058"/>
<USERREF USERNAME="c039853"/>
<USERREF USERNAME="c074090"/>
<USERREF USERNAME="c131994"/>
<USERREF USERNAME="a607676"/>
<USERREF USERNAME="c026393"/>
<USERREF USERNAME="c075541"/>
<USERREF USERNAME="rm89018"/>
<USERREF USERNAME="c143125"/>
<USERREF USERNAME="c090108"/>
<USERREF USERNAME="c068502"/>
<USERREF USERNAME="c021984"/>
<USERREF USERNAME="c089548"/>
<USERREF USERNAME="rm94611"/>
<USERREF USERNAME="c015393"/>

</RIGHTSGROUP>

<RIGHTSGROUP  GROUPNAME="Monitor">
<!-- Insert Users -->
<USERREF USERNAME="z2x8802"/>
<USERREF USERNAME="z2x4239"/>
<USERREF USERNAME="c184177"/>
<USERREF USERNAME="z3x2095"/>
<USERREF USERNAME="z2x6311"/>
<USERREF USERNAME="z2x6169"/>
<USERREF USERNAME="z1x1836"/>
<USERREF USERNAME="z1x2605"/>
<USERREF USERNAME="z1x2570"/>
<USERREF USERNAME="z2x1389"/>
<USERREF USERNAME="z2x9961"/>
<USERREF USERNAME="z2x1263"/>
<USERREF USERNAME="z2x6036"/>
<USERREF USERNAME="z1x2075"/>
<USERREF USERNAME="z2x7246"/>
<USERREF USERNAME="z1x1849"/>
<USERREF USERNAME="z3x1262"/>
<USERREF USERNAME="c178085"/>
<USERREF USERNAME="z3x0816"/>

</RIGHTSGROUP>

<RIGHTSGROUP  GROUPNAME="Monitor Manager">
<!-- Insert Users -->
<USERREF USERNAME="z1x1789"/>
<USERREF USERNAME="z1x1896"/>
<USERREF USERNAME="z1x9763"/>
<USERREF USERNAME="z1x0686"/>
<USERREF USERNAME="z1x0368"/>
<USERREF USERNAME="z1x1691"/>

</RIGHTSGROUP>

<RIGHTSGROUP  GROUPNAME="PFView Only">
<!-- Insert Users -->
<USERREF USERNAME="ZPFaflathers"/>
<USERREF USERNAME="ZPFskonig"/>
<USERREF USERNAME="ZPFmszemjonka"/>

</RIGHTSGROUP>

<RIGHTSGROUP  GROUPNAME="PI">
<!-- Insert Users -->
<USERREF USERNAME="lcipres"/>
<USERREF USERNAME="tbalint"/>
<USERREF USERNAME="pnorwood"/>
<USERREF USERNAME="dklonoff"/>
<USERREF USERNAME="kgross"/>
<USERREF USERNAME="mwukelic"/>
<USERREF USERNAME="fmikell"/>
<USERREF USERNAME="lsoruco"/>
<USERREF USERNAME="hmaheshwari"/>
<USERREF USERNAME="oalzohaili"/>
<USERREF USERNAME="gcolonvega"/>
<USERREF USERNAME="jotero"/>
<USERREF USERNAME="ebarranco"/>
<USERREF USERNAME="lruiz"/>
<USERREF USERNAME="rortizcarrasquillo"/>
<USERREF USERNAME="pwakefield"/>
<USERREF USERNAME="lklaff"/>
<USERREF USERNAME="eadorjani"/>
<USERREF USERNAME="cfajardoMontana"/>
<USERREF USERNAME="dliljenquist"/>
<USERREF USERNAME="iory"/>

</RIGHTSGROUP>

<RIGHTSGROUP  GROUPNAME="PI Sign Only">
<!-- Insert Users -->
<USERREF USERNAME="jstephens"/>
<USERREF USERNAME="mdavies"/>
<USERREF USERNAME="MSzabo"/>
<USERREF USERNAME="skopecka"/>
<USERREF USERNAME="lraclavska"/>
<USERREF USERNAME="tedelsberger"/>
<USERREF USERNAME="aodugbesan"/>
<USERREF USERNAME="wmiers"/>
<USERREF USERNAME="pkis-gombos"/>
<USERREF USERNAME="nkesmarki"/>
<USERREF USERNAME="ebeke"/>
<USERREF USERNAME="jvan"/>
<USERREF USERNAME="alopez"/>
<USERREF USERNAME="gperseghin"/>
<USERREF USERNAME="gtonolo"/>
<USERREF USERNAME="ogiampietro"/>
<USERREF USERNAME="ppozzilli"/>
<USERREF USERNAME="drusselljones"/>
<USERREF USERNAME="mrivasfernandez"/>
<USERREF USERNAME="ejodarGimeno"/>
<USERREF USERNAME="aszocs"/>
<USERREF USERNAME="avachova"/>
<USERREF USERNAME="cstrang"/>
<USERREF USERNAME="jkopecky"/>
<USERREF USERNAME="dbartaskova"/>

</RIGHTSGROUP>

<RIGHTSGROUP  GROUPNAME="Report Extractor">
<!-- Insert Users -->
<USERREF USERNAME="h9xmcgbdi_RE"/>

</RIGHTSGROUP>

<RIGHTSGROUP  GROUPNAME="SC">
<!-- Insert Users -->
<USERREF USERNAME="pgajdos"/>
<USERREF USERNAME="Iburesova"/>
<USERREF USERNAME="hstefan"/>
<USERREF USERNAME="bperez"/>
<USERREF USERNAME="sclose"/>
<USERREF USERNAME="jwayte"/>
<USERREF USERNAME="amallipedhi"/>
<USERREF USERNAME="lbastin"/>
<USERREF USERNAME="nnewman"/>
<USERREF USERNAME="kbailkoski"/>
<USERREF USERNAME="Bleon"/>
<USERREF USERNAME="alauria"/>
<USERREF USERNAME="cconsani"/>
<USERREF USERNAME="scherchi"/>
<USERREF USERNAME="glattuada"/>
<USERREF USERNAME="clopez"/>
<USERREF USERNAME="cdiemidio"/>
<USERREF USERNAME="abeasley"/>
<USERREF USERNAME="Agarzaran"/>
<USERREF USERNAME="inayberg"/>
<USERREF USERNAME="mguerrero"/>
<USERREF USERNAME="jhuynh"/>
<USERREF USERNAME="abackus"/>
<USERREF USERNAME="cstafford"/>
<USERREF USERNAME="kdavis"/>
<USERREF USERNAME="kwardell"/>
<USERREF USERNAME="kpuccio"/>
<USERREF USERNAME="ngarcia"/>
<USERREF USERNAME="mmendez"/>
<USERREF USERNAME="njimenez"/>
<USERREF USERNAME="lflores"/>
<USERREF USERNAME="wgonzalez"/>
<USERREF USERNAME="dballard"/>
<USERREF USERNAME="naldhalimy"/>
<USERREF USERNAME="amaheshwari"/>
<USERREF USERNAME="jbueno"/>
<USERREF USERNAME="edvorakova"/>
<USERREF USERNAME="mleblova"/>
<USERREF USERNAME="eperez"/>
<USERREF USERNAME="cyribarnegaray"/>
<USERREF USERNAME="cgil"/>
<USERREF USERNAME="jjackson"/>
<USERREF USERNAME="cfagan"/>
<USERREF USERNAME="gmanzoni"/>
<USERREF USERNAME="cwinch"/>
<USERREF USERNAME="gkreckova"/>
<USERREF USERNAME="cguglielmi"/>
<USERREF USERNAME="msulik"/>
<USERREF USERNAME="jnelner"/>
<USERREF USERNAME="acooper"/>

</RIGHTSGROUP>

<RIGHTSGROUP  GROUPNAME="Study Manager">
<!-- Insert Users -->
<USERREF USERNAME="wa00775"/>

</RIGHTSGROUP>

<RIGHTSGROUP  GROUPNAME="User Activator RG">
<!-- Insert Users -->
<USERREF USERNAME="ZPFckalinyak"/>
<USERREF USERNAME="ZPFrducusin"/>
<USERREF USERNAME="ZPFsdamato"/>
<USERREF USERNAME="ZPFmiwaki"/>
<USERREF USERNAME="ZPFjmacatangay"/>
<USERREF USERNAME="ZPFdnagy"/>
<USERREF USERNAME="ZPFhsekine"/>
<USERREF USERNAME="ZPFvsoni"/>
<USERREF USERNAME="ZPFgradnai"/>
<USERREF USERNAME="ZPFedervishaj"/>
<USERREF USERNAME="ZPFobodnar"/>
<USERREF USERNAME="ZPFzleczo"/>
<USERREF USERNAME="ZPFlstoica"/>
<USERREF USERNAME="ZPFjktan"/>
<USERREF USERNAME="ZPFkbarkoczi"/>

</RIGHTSGROUP>

<RIGHTSGROUP  GROUPNAME="User Manager RG">
<!-- Insert Users -->
<USERREF USERNAME="ZPFnvergara"/>
<USERREF USERNAME="ZPFdweakley"/>
<USERREF USERNAME="ZPFaszottfried"/>
<USERREF USERNAME="ZPFmyao"/>
<USERREF USERNAME="ZPFawarsama"/>
<USERREF USERNAME="ZPFjcalbento"/>
<USERREF USERNAME="ZPFtfabian"/>
<USERREF USERNAME="ZPFkgal"/>
<USERREF USERNAME="ZPFtcabanes"/>
<USERREF USERNAME="ZPFijohl"/>
<USERREF USERNAME="ZPFnqi"/>
<USERREF USERNAME="ZPFaolah"/>
<USERREF USERNAME="ZPFsaguilar"/>
<USERREF USERNAME="ZPFskholti"/>
<USERREF USERNAME="ZPFkcsobalyka"/>
<USERREF USERNAME="ZPFaotsuka"/>
<USERREF USERNAME="ZPFryu"/>
<USERREF USERNAME="ZPFaboth"/>
<USERREF USERNAME="ZPFasakata"/>
<USERREF USERNAME="ZPFoely"/>
<USERREF USERNAME="ZPFkkovacs"/>
<USERREF USERNAME="ZPFepenzes"/>
<USERREF USERNAME="ZPFbszabo"/>
<USERREF USERNAME="ZPFapervaiz"/>
<USERREF USERNAME="ZPFcvarga"/>

</RIGHTSGROUP>

<RIGHTSGROUP  GROUPNAME="VO">
<!-- Insert Users -->
<USERREF USERNAME="c179650"/>
<USERREF USERNAME="z1x1972"/>
<USERREF USERNAME="c179367"/>
<USERREF USERNAME="c189618"/>
<USERREF USERNAME="c192893"/>
<USERREF USERNAME="c192612"/>
<USERREF USERNAME="z3x1758"/>
<USERREF USERNAME="c192611"/>
<USERREF USERNAME="c192448"/>
<USERREF USERNAME="yx65765"/>
<USERREF USERNAME="z1x1981"/>
<USERREF USERNAME="z3x0688"/>
<USERREF USERNAME="z2x7248"/>

</RIGHTSGROUP>

</MEDMLDATA>