<?xml version="1.0"?>
<MEDMLDATA xmlns="PhaseForward-MedML-Inform4">


<USER  USERNAME="z2x8802"
USERTYPE="SPONSOR"
FIRSTNAME="Pavlina"
LASTNAME="Cupal"
DISPLAYNAME="Pavlina Cupal"
COUNTRY="CZECH REPUBLIC"
PHONE="420420734260444"
ALTPHONE="420"
FAX="420"
EMAIL="Pavlina.Cupal@iconplc.com"
ACTIVESTATE="true"
PASSWORD="o97LkB7d7RxT12720"
BEEPER="420"
USERDATEFORMAT="DAY_MONTH_YEAR"
HOMESCREENURL="./Portal/default.htm"
USERMUSTRESETPASSWORD="TRUE"
PRODUCTLOCALE="en-US"
STUDYLOCALE="en-US"/>


<USER  USERNAME="z2x1389"
USERTYPE="SPONSOR"
FIRSTNAME="Lilian"
LASTNAME="Komaromi"
DISPLAYNAME="Lilian Komaromi"
COUNTRY="HUNGARY"
PHONE="3636703805417"
ALTPHONE="36"
FAX="36"
EMAIL="Lilian.Komaromi@iconplc.com"
ACTIVESTATE="true"
PASSWORD="qT26tB11nQ20q31F3287"
BEEPER="36"
USERDATEFORMAT="DAY_MONTH_YEAR"
HOMESCREENURL="./Portal/default.htm"
USERMUSTRESETPASSWORD="TRUE"
PRODUCTLOCALE="en-US"
STUDYLOCALE="en-US"/>


<USER  USERNAME="c184177"
USERTYPE="SPONSOR"
FIRSTNAME="Safiyé"
LASTNAME="Gonzalvo"
DISPLAYNAME="Safiyé Gonzalvo"
COUNTRY="SPAIN"
PHONE="3434673494833"
ALTPHONE="34"
FAX="34"
EMAIL="Safiye.GonzalvoFeo@iconplc.com"
ACTIVESTATE="true"
PASSWORD="iQ9X0im1Ws0Y6261"
BEEPER="34"
USERDATEFORMAT="DAY_MONTH_YEAR"
HOMESCREENURL="./Portal/default.htm"
USERMUSTRESETPASSWORD="TRUE"
PRODUCTLOCALE="en-US"
STUDYLOCALE="en-US"/>


<USER  USERNAME="coder_query"
USERTYPE="SPONSOR"
FIRSTNAME="Coder"
LASTNAME="Query"
DISPLAYNAME="Coder Query"
COUNTRY="UNITED STATES"
PHONE="11"
ALTPHONE="1"
FAX="1"
EMAIL="talley_dorothea_d@lilly.com"
ACTIVESTATE="true"
PASSWORD="H6elV88A9gaK821974"
BEEPER="1"
USERDATEFORMAT="DAY_MONTH_YEAR"
HOMESCREENURL="./Portal/default.htm"
USERMUSTRESETPASSWORD="TRUE"
PRODUCTLOCALE="en-US"
STUDYLOCALE="en-US"/>


<USER  USERNAME="z1x1726"
USERTYPE="SPONSOR"
FIRSTNAME="Stacie"
LASTNAME="Roof"
DISPLAYNAME="Stacie Roof"
COUNTRY="UNITED STATES"
PHONE="13172961323"
ALTPHONE="1"
FAX="1"
EMAIL="stacie.roof@inventivhealth.com"
ACTIVESTATE="true"
PASSWORD="oE56vO9d7JdW98046"
BEEPER="1"
USERDATEFORMAT="DAY_MONTH_YEAR"
HOMESCREENURL="./Portal/default.htm"
USERMUSTRESETPASSWORD="TRUE"
PRODUCTLOCALE="en-US"
STUDYLOCALE="en-US"/>


<USER  USERNAME="rm90029"
USERTYPE="SPONSOR"
FIRSTNAME="Kathy"
LASTNAME="Britton"
DISPLAYNAME="Kathy Britton"
COUNTRY="UNITED STATES"
PHONE="13172773370"
ALTPHONE="1"
FAX="1"
EMAIL="britton_kathy@lilly.com"
ACTIVESTATE="true"
PASSWORD="cL8l47UaT5tW303603"
BEEPER="1"
USERDATEFORMAT="DAY_MONTH_YEAR"
HOMESCREENURL="./Portal/default.htm"
USERMUSTRESETPASSWORD="TRUE"
PRODUCTLOCALE="en-US"
STUDYLOCALE="en-US"/>


<USER  USERNAME="c015393"
USERTYPE="SPONSOR"
FIRSTNAME="MarKay"
LASTNAME="Burkhart"
DISPLAYNAME="MarKay Burkhart"
COUNTRY="UNITED STATES"
PHONE="13176519028"
ALTPHONE="1"
FAX="1"
EMAIL="burkhart_markay_l@lilly.com"
ACTIVESTATE="true"
PASSWORD="r2BhQ0t32JfN979332"
BEEPER="1"
USERDATEFORMAT="DAY_MONTH_YEAR"
HOMESCREENURL="./Portal/default.htm"
USERMUSTRESETPASSWORD="TRUE"
PRODUCTLOCALE="en-US"
STUDYLOCALE="en-US"/>


<USER  USERNAME="v6x8058"
USERTYPE="SPONSOR"
FIRSTNAME="Heidi"
LASTNAME="Gertiser"
DISPLAYNAME="Heidi Gertiser"
COUNTRY="UNITED STATES"
PHONE="13174339126"
ALTPHONE="1"
FAX="1"
EMAIL="gertiser_heidi@lilly.com"
ACTIVESTATE="true"
PASSWORD="wC23jJ7u2Me5D1000"
BEEPER="1"
USERDATEFORMAT="DAY_MONTH_YEAR"
HOMESCREENURL="./Portal/default.htm"
USERMUSTRESETPASSWORD="TRUE"
PRODUCTLOCALE="en-US"
STUDYLOCALE="en-US"/>


<USER  USERNAME="c039853"
USERTYPE="SPONSOR"
FIRSTNAME="Teresa"
LASTNAME="Hogan"
DISPLAYNAME="Teresa Hogan"
COUNTRY="UNITED STATES"
PHONE="13176552174"
ALTPHONE="1"
FAX="1"
EMAIL="hogan_teresa_l@lilly.com"
ACTIVESTATE="true"
PASSWORD="uQ6jP5gK13aZ304321"
BEEPER="1"
USERDATEFORMAT="DAY_MONTH_YEAR"
HOMESCREENURL="./Portal/default.htm"
USERMUSTRESETPASSWORD="TRUE"
PRODUCTLOCALE="en-US"
STUDYLOCALE="en-US"/>


<USER  USERNAME="c074090"
USERTYPE="SPONSOR"
FIRSTNAME="Dorothy"
LASTNAME="Jackson"
DISPLAYNAME="Dorothy Jackson"
COUNTRY="UNITED STATES"
PHONE="13172773392"
ALTPHONE="1"
FAX="1"
EMAIL="Jackson_dorothy@lilly.com"
ACTIVESTATE="true"
PASSWORD="jQ1oN81J7rmA73767"
BEEPER="1"
USERDATEFORMAT="DAY_MONTH_YEAR"
HOMESCREENURL="./Portal/default.htm"
USERMUSTRESETPASSWORD="TRUE"
PRODUCTLOCALE="en-US"
STUDYLOCALE="en-US"/>


<USER  USERNAME="c131994"
USERTYPE="SPONSOR"
FIRSTNAME="Jane"
LASTNAME="Njoroge"
DISPLAYNAME="Jane Njoroge"
COUNTRY="UNITED STATES"
PHONE="13172768638"
ALTPHONE="1"
FAX="1"
EMAIL="njoroge_jane_n@lilly.com"
ACTIVESTATE="true"
PASSWORD="qZ1pP6jC5J4i6803"
BEEPER="1"
USERDATEFORMAT="DAY_MONTH_YEAR"
HOMESCREENURL="./Portal/default.htm"
USERMUSTRESETPASSWORD="TRUE"
PRODUCTLOCALE="en-US"
STUDYLOCALE="en-US"/>


<USER  USERNAME="a607676"
USERTYPE="SPONSOR"
FIRSTNAME="Cynthia"
LASTNAME="Ross"
DISPLAYNAME="Cynthia Ross"
COUNTRY="UNITED STATES"
PHONE="13176510676"
ALTPHONE="1"
FAX="1"
EMAIL="ross_cynthia_gaile@lilly.com"
ACTIVESTATE="true"
PASSWORD="nZ6uN88wJ72gJ43249"
BEEPER="1"
USERDATEFORMAT="DAY_MONTH_YEAR"
HOMESCREENURL="./Portal/default.htm"
USERMUSTRESETPASSWORD="TRUE"
PRODUCTLOCALE="en-US"
STUDYLOCALE="en-US"/>


<USER  USERNAME="c026393"
USERTYPE="SPONSOR"
FIRSTNAME="Lee Ann"
LASTNAME="Wininger"
DISPLAYNAME="Lee Ann Wininger"
COUNTRY="UNITED STATES"
PHONE="13176513238"
ALTPHONE="1"
FAX="1"
EMAIL="Wininger_Lee_Ann@lilly.com"
ACTIVESTATE="true"
PASSWORD="r15YpB34sN89k6N3025"
BEEPER="1"
USERDATEFORMAT="DAY_MONTH_YEAR"
HOMESCREENURL="./Portal/default.htm"
USERMUSTRESETPASSWORD="TRUE"
PRODUCTLOCALE="en-US"
STUDYLOCALE="en-US"/>


<USER  USERNAME="c075541"
USERTYPE="SPONSOR"
FIRSTNAME="Sara"
LASTNAME="Vandermark"
DISPLAYNAME="Sara Vandermark"
COUNTRY="UNITED STATES"
PHONE="13176553465"
ALTPHONE="1"
FAX="1"
EMAIL="Vandermark_Sara@lilly.com"
ACTIVESTATE="true"
PASSWORD="oV33u23MbD8p3H8754"
BEEPER="1"
USERDATEFORMAT="DAY_MONTH_YEAR"
HOMESCREENURL="./Portal/default.htm"
USERMUSTRESETPASSWORD="TRUE"
PRODUCTLOCALE="en-US"
STUDYLOCALE="en-US"/>


<USER  USERNAME="z2x7766"
USERTYPE="SPONSOR"
FIRSTNAME="Swapnil"
LASTNAME="Chavan"
DISPLAYNAME="Swapnil Chavan"
COUNTRY="INDIA"
PHONE="91209820801419"
ALTPHONE="91"
FAX="91"
EMAIL="swapnil.chavan@inventivhealth.com"
ACTIVESTATE="true"
PASSWORD="vI25O3rzY25L7c7298"
BEEPER="91"
USERDATEFORMAT="DAY_MONTH_YEAR"
HOMESCREENURL="./Portal/default.htm"
USERMUSTRESETPASSWORD="TRUE"
PRODUCTLOCALE="en-US"
STUDYLOCALE="en-US"/>


<USER  USERNAME="pgajdos"
USERTYPE="SITE"
FIRSTNAME="Peter"
LASTNAME="Gajdos"
DISPLAYNAME="Peter Gajdos"
COUNTRY="CZECH REPUBLIC"
PHONE="420420597829789"
ALTPHONE="420"
FAX="420"
EMAIL="petogajdos8@gmail.com"
ACTIVESTATE="true"
PASSWORD="wH3rY85oD7L7y3719"
BEEPER="420"
USERDATEFORMAT="DAY_MONTH_YEAR"
HOMESCREENURL="./Portal/default.htm"
USERMUSTRESETPASSWORD="TRUE"
PRODUCTLOCALE="en-US"
STUDYLOCALE="en-US"/>


<USER  USERNAME="Iburesova"
USERTYPE="SITE"
FIRSTNAME="Ivana"
LASTNAME="Buresova"
DISPLAYNAME="Ivana Buresova"
COUNTRY="CZECH REPUBLIC"
PHONE="420420311746335"
ALTPHONE="420"
FAX="420"
EMAIL="buresova-ivana@seznam.cz"
ACTIVESTATE="true"
PASSWORD="uG4g2OI1ha1A7594"
BEEPER="420"
USERDATEFORMAT="DAY_MONTH_YEAR"
HOMESCREENURL="./Portal/default.htm"
USERMUSTRESETPASSWORD="TRUE"
PRODUCTLOCALE="en-US"
STUDYLOCALE="en-US"/>


<USER  USERNAME="jkopecky"
USERTYPE="SITE"
FIRSTNAME="Jan"
LASTNAME="Kopecky"
DISPLAYNAME="Jan Kopecky"
COUNTRY="CZECH REPUBLIC"
PHONE="420420326534790"
ALTPHONE="420"
FAX="420"
EMAIL="jankopecky@seznam.cz"
ACTIVESTATE="true"
PASSWORD="l23JeC3dY7xL61571"
BEEPER="420"
USERDATEFORMAT="DAY_MONTH_YEAR"
HOMESCREENURL="./Portal/default.htm"
USERMUSTRESETPASSWORD="TRUE"
PRODUCTLOCALE="en-US"
STUDYLOCALE="en-US"/>


<USER  USERNAME="dbartaskova"
USERTYPE="SITE"
FIRSTNAME="Dagmar"
LASTNAME="Bartaskova"
DISPLAYNAME="Dagmar Bartaskova"
COUNTRY="CZECH REPUBLIC"
PHONE="420420272917011"
ALTPHONE="420"
FAX="420"
EMAIL="dagmar.bartaskova@centrum.cz"
ACTIVESTATE="true"
PASSWORD="sV65oV92mG17w5D978"
BEEPER="420"
USERDATEFORMAT="DAY_MONTH_YEAR"
HOMESCREENURL="./Portal/default.htm"
USERMUSTRESETPASSWORD="TRUE"
PRODUCTLOCALE="en-US"
STUDYLOCALE="en-US"/>


<USER  USERNAME="avachova"
USERTYPE="SITE"
FIRSTNAME="Alena"
LASTNAME="Vachova"
DISPLAYNAME="Alena Vachova"
COUNTRY="CZECH REPUBLIC"
PHONE="420420386350350"
ALTPHONE="420"
FAX="420"
EMAIL="alena.vachova@centrum.cz"
ACTIVESTATE="true"
PASSWORD="lQ35y8PyJ1rQ77568"
BEEPER="420"
USERDATEFORMAT="DAY_MONTH_YEAR"
HOMESCREENURL="./Portal/default.htm"
USERMUSTRESETPASSWORD="TRUE"
PRODUCTLOCALE="en-US"
STUDYLOCALE="en-US"/>


<USER  USERNAME="aszocs"
USERTYPE="SITE"
FIRSTNAME="Albert Ferenc"
LASTNAME="Szocs"
DISPLAYNAME="Albert Ferenc Szocs"
COUNTRY="HUNGARY"
PHONE="363617857185"
ALTPHONE="36"
FAX="36"
EMAIL="szocs.albert@freemail.hu"
ACTIVESTATE="true"
PASSWORD="kD2F2kO3kK6h8421"
BEEPER="36"
USERDATEFORMAT="DAY_MONTH_YEAR"
HOMESCREENURL="./Portal/default.htm"
USERMUSTRESETPASSWORD="TRUE"
PRODUCTLOCALE="en-US"
STUDYLOCALE="en-US"/>


<USER  USERNAME="hstefan"
USERTYPE="SITE"
FIRSTNAME="Hanna"
LASTNAME="Stefan"
DISPLAYNAME="Hanna Stefan"
COUNTRY="HUNGARY"
PHONE="363617857185"
ALTPHONE="36"
FAX="36"
EMAIL="hkaracsony@gmail.com"
ACTIVESTATE="true"
PASSWORD="aC30aF54iD3c9K2398"
BEEPER="36"
USERDATEFORMAT="DAY_MONTH_YEAR"
HOMESCREENURL="./Portal/default.htm"
USERMUSTRESETPASSWORD="TRUE"
PRODUCTLOCALE="en-US"
STUDYLOCALE="en-US"/>


<USER  USERNAME="iory"
USERTYPE="SITE"
FIRSTNAME="Ivan"
LASTNAME="Ory"
DISPLAYNAME="Ivan  Ory"
COUNTRY="HUNGARY"
PHONE="363613889180"
ALTPHONE="36"
FAX="36"
EMAIL="droryivan@gmail.com"
ACTIVESTATE="true"
PASSWORD="oP94c21IyM7C9r4175"
BEEPER="36"
USERDATEFORMAT="DAY_MONTH_YEAR"
HOMESCREENURL="./Portal/default.htm"
USERMUSTRESETPASSWORD="TRUE"
PRODUCTLOCALE="en-US"
STUDYLOCALE="en-US"/>


<USER  USERNAME="lcipres"
USERTYPE="SITE"
FIRSTNAME="Luis"
LASTNAME="Ciprés Casasnovas"
DISPLAYNAME="Luis Ciprés Casasnovas"
COUNTRY="SPAIN"
PHONE="3434978621150"
ALTPHONE="34"
FAX="34"
EMAIL="tecica@arrakis.es"
ACTIVESTATE="true"
PASSWORD="jS31O4jxB16uX887346"
BEEPER="34"
USERDATEFORMAT="DAY_MONTH_YEAR"
HOMESCREENURL="./Portal/default.htm"
USERMUSTRESETPASSWORD="TRUE"
PRODUCTLOCALE="en-US"
STUDYLOCALE="en-US"/>


<USER  USERNAME="ejodarGimeno"
USERTYPE="SITE"
FIRSTNAME="Esteban"
LASTNAME="Jodar Gimeno"
DISPLAYNAME="Esteban Jodar Gimeno"
COUNTRY="SPAIN"
PHONE="3434913908626"
ALTPHONE="34"
FAX="34"
EMAIL="esteban.jodar@gmail.com"
ACTIVESTATE="true"
PASSWORD="lV3oJ0nI9M4d3729"
BEEPER="34"
USERDATEFORMAT="DAY_MONTH_YEAR"
HOMESCREENURL="./Portal/default.htm"
USERMUSTRESETPASSWORD="TRUE"
PRODUCTLOCALE="en-US"
STUDYLOCALE="en-US"/>


<USER  USERNAME="bperez"
USERTYPE="SITE"
FIRSTNAME="Beatriz"
LASTNAME="Perez Arroyo"
DISPLAYNAME="Beatriz Perez Arroyo"
COUNTRY="SPAIN"
PHONE="3434913908626"
ALTPHONE="34"
FAX="34"
EMAIL="beatrizperezarroyo@gmail.com"
ACTIVESTATE="true"
PASSWORD="nY4Z4ebP64vW34113"
BEEPER="34"
USERDATEFORMAT="DAY_MONTH_YEAR"
HOMESCREENURL="./Portal/default.htm"
USERMUSTRESETPASSWORD="TRUE"
PRODUCTLOCALE="en-US"
STUDYLOCALE="en-US"/>


<USER  USERNAME="mrivasfernandez"
USERTYPE="SITE"
FIRSTNAME="Margarita"
LASTNAME="Rivas Fernandez"
DISPLAYNAME="Margarita Rivas Fernandez"
COUNTRY="SPAIN"
PHONE="3434954330856"
ALTPHONE="34"
FAX="34"
EMAIL="margaritarivasfernandez@yahoo.es"
ACTIVESTATE="true"
PASSWORD="H1tp39FH9tqJ516395"
BEEPER="34"
USERDATEFORMAT="DAY_MONTH_YEAR"
HOMESCREENURL="./Portal/default.htm"
USERMUSTRESETPASSWORD="TRUE"
PRODUCTLOCALE="en-US"
STUDYLOCALE="en-US"/>


<USER  USERNAME="drusselljones"
USERTYPE="SITE"
FIRSTNAME="David"
LASTNAME="Russell-Jones"
DISPLAYNAME="David Russell-Jones"
COUNTRY="UNITED KINGDOM"
PHONE="44441483571122"
ALTPHONE="44"
FAX="44"
EMAIL="davidrussell-jones@nhs.net"
ACTIVESTATE="true"
PASSWORD="o66PN2gg3Wv35A5802"
BEEPER="44"
USERDATEFORMAT="DAY_MONTH_YEAR"
HOMESCREENURL="./Portal/default.htm"
USERMUSTRESETPASSWORD="TRUE"
PRODUCTLOCALE="en-US"
STUDYLOCALE="en-US"/>


<USER  USERNAME="sclose"
USERTYPE="SITE"
FIRSTNAME="Sarah"
LASTNAME="Close"
DISPLAYNAME="Sarah Close"
COUNTRY="UNITED KINGDOM"
PHONE="44441483571122"
ALTPHONE="44"
FAX="44"
EMAIL="sclose1@nhs.net"
ACTIVESTATE="true"
PASSWORD="x0Bl32ApH2aB39369"
BEEPER="44"
USERDATEFORMAT="DAY_MONTH_YEAR"
HOMESCREENURL="./Portal/default.htm"
USERMUSTRESETPASSWORD="TRUE"
PRODUCTLOCALE="en-US"
STUDYLOCALE="en-US"/>


<USER  USERNAME="jwayte"
USERTYPE="SITE"
FIRSTNAME="Jackie"
LASTNAME="Wayte"
DISPLAYNAME="Jackie Wayte"
COUNTRY="UNITED KINGDOM"
PHONE="44441162490490"
ALTPHONE="44"
FAX="44"
EMAIL="Jacqueline.e.wayte@uhl-tr.nhs.uk"
ACTIVESTATE="true"
PASSWORD="jH6eN2yI43vT453038"
BEEPER="44"
USERDATEFORMAT="DAY_MONTH_YEAR"
HOMESCREENURL="./Portal/default.htm"
USERMUSTRESETPASSWORD="TRUE"
PRODUCTLOCALE="en-US"
STUDYLOCALE="en-US"/>


<USER  USERNAME="amallipedhi"
USERTYPE="SITE"
FIRSTNAME="Akhila"
LASTNAME="Mallipedhi"
DISPLAYNAME="Akhila Mallipedhi"
COUNTRY="UNITED KINGDOM"
PHONE="44441792704078"
ALTPHONE="44"
FAX="44"
EMAIL="mallipedhi@doctors.org.uk"
ACTIVESTATE="true"
PASSWORD="kK6t6ImP2N3u9320"
BEEPER="44"
USERDATEFORMAT="DAY_MONTH_YEAR"
HOMESCREENURL="./Portal/default.htm"
USERMUSTRESETPASSWORD="TRUE"
PRODUCTLOCALE="en-US"
STUDYLOCALE="en-US"/>


<USER  USERNAME="lbastin"
USERTYPE="SITE"
FIRSTNAME="Lisa"
LASTNAME="Bastin"
DISPLAYNAME="Lisa Bastin"
COUNTRY="UNITED KINGDOM"
PHONE="44441792704078"
ALTPHONE="44"
FAX="44"
EMAIL="Lisa.Bastin@wales.nhs.uk"
ACTIVESTATE="true"
PASSWORD="r18Fv44AyS19nK26012"
BEEPER="44"
USERDATEFORMAT="DAY_MONTH_YEAR"
HOMESCREENURL="./Portal/default.htm"
USERMUSTRESETPASSWORD="TRUE"
PRODUCTLOCALE="en-US"
STUDYLOCALE="en-US"/>


<USER  USERNAME="nnewman"
USERTYPE="SITE"
FIRSTNAME="Norma"
LASTNAME="Newman"
DISPLAYNAME="Norma Newman"
COUNTRY="UNITED KINGDOM"
PHONE="44441189480034"
ALTPHONE="44"
FAX="44"
EMAIL="norma.newman@nhs.net"
ACTIVESTATE="true"
PASSWORD="mU51G2roB6s4S5418"
BEEPER="44"
USERDATEFORMAT="DAY_MONTH_YEAR"
HOMESCREENURL="./Portal/default.htm"
USERMUSTRESETPASSWORD="TRUE"
PRODUCTLOCALE="en-US"
STUDYLOCALE="en-US"/>


<USER  USERNAME="kbailkoski"
USERTYPE="SITE"
FIRSTNAME="Kirsten"
LASTNAME="Bailkoski"
DISPLAYNAME="Kirsten Bailkoski"
COUNTRY="UNITED KINGDOM"
PHONE="44441189480034"
ALTPHONE="44"
FAX="44"
EMAIL="Kirsten.bailkoski@nhs.net"
ACTIVESTATE="true"
PASSWORD="vT6bH4f93BjU339294"
BEEPER="44"
USERDATEFORMAT="DAY_MONTH_YEAR"
HOMESCREENURL="./Portal/default.htm"
USERMUSTRESETPASSWORD="TRUE"
PRODUCTLOCALE="en-US"
STUDYLOCALE="en-US"/>


<USER  USERNAME="ZPFapervaiz"
USERTYPE="SPONSOR"
FIRSTNAME="Afnan"
LASTNAME="Pervaiz"
DISPLAYNAME="Afnan Pervaiz"
DESCRIPTION="Support Tier I"
COUNTRY="UNITED KINGDOM"
PHONE="4410 44 1628 640 700"
ALTPHONE="44"
FAX="44"
EMAIL="afnan.pervaiz@oracle.com"
ACTIVESTATE="true"
PASSWORD="pF60oJ93lO0P7i4755"
BEEPER="44"
USERDATEFORMAT="DAY_MONTH_YEAR"
HOMESCREENURL="./Portal/default.htm"
USERMUSTRESETPASSWORD="TRUE"
PRODUCTLOCALE="en-US"
STUDYLOCALE="en-US"/>


<USER  USERNAME="ZPFcvarga"
USERTYPE="SPONSOR"
FIRSTNAME="Csilla"
LASTNAME="Varga"
DISPLAYNAME="Csilla Varga"
DESCRIPTION="Support Tier I"
COUNTRY="HUNGARY"
PHONE="36"
ALTPHONE="36"
FAX="36"
EMAIL="csilla.varga@oracle.com"
ACTIVESTATE="true"
PASSWORD="wM7qP2i8ZqT48644"
BEEPER="36"
USERDATEFORMAT="DAY_MONTH_YEAR"
HOMESCREENURL="./Portal/default.htm"
USERMUSTRESETPASSWORD="TRUE"
PRODUCTLOCALE="en-US"
STUDYLOCALE="en-US"/>


<USER  USERNAME="ZPFbszabo"
USERTYPE="SPONSOR"
FIRSTNAME="Beata"
LASTNAME="Szabo"
DISPLAYNAME="Beata Szabo"
DESCRIPTION="Lilly Support"
COUNTRY="HUNGARY"
PHONE="36"
ALTPHONE="36"
FAX="36"
EMAIL="beata.szabo@oracle.com"
ACTIVESTATE="true"
PASSWORD="pF60oJ93lO0P7i4755"
BEEPER="36"
USERDATEFORMAT="DAY_MONTH_YEAR"
HOMESCREENURL="./Portal/default.htm"
USERMUSTRESETPASSWORD="TRUE"
PRODUCTLOCALE="en-US"
STUDYLOCALE="en-US"/>


<USER  USERNAME="ZPFepenzes"
USERTYPE="SPONSOR"
FIRSTNAME="Eszter"
LASTNAME="Penzes"
DISPLAYNAME="Eszter Penzes"
DESCRIPTION="Support Tier I"
COUNTRY="HUNGARY"
PHONE="36"
ALTPHONE="36"
FAX="36"
EMAIL="ESZTER.PENZES@ORACLE.COM"
ACTIVESTATE="true"
PASSWORD="F4quQ8E5rT7o6237"
BEEPER="36"
USERDATEFORMAT="DAY_MONTH_YEAR"
HOMESCREENURL="./Portal/default.htm"
USERMUSTRESETPASSWORD="TRUE"
PRODUCTLOCALE="en-US"
STUDYLOCALE="en-US"/>


<USER  USERNAME="ZPFkkovacs"
USERTYPE="SPONSOR"
FIRSTNAME="Klara"
LASTNAME="Kovacs"
DISPLAYNAME="Klara Kovacs"
DESCRIPTION="Support Tier I"
COUNTRY="HUNGARY"
PHONE="36"
ALTPHONE="36"
FAX="36"
EMAIL="KLARA.KOVACS@ORACLE.COM"
ACTIVESTATE="true"
PASSWORD="F4quQ8E5rT7o6237"
BEEPER="36"
USERDATEFORMAT="DAY_MONTH_YEAR"
HOMESCREENURL="./Portal/default.htm"
USERMUSTRESETPASSWORD="TRUE"
PRODUCTLOCALE="en-US"
STUDYLOCALE="en-US"/>


<USER  USERNAME="ZPFckalinyak"
USERTYPE="SPONSOR"
FIRSTNAME="Csilla"
LASTNAME="Kalinyak"
DISPLAYNAME="Csilla Kalinyak"
DESCRIPTION="Support Tier I"
COUNTRY="HUNGARY"
PHONE="36"
ALTPHONE="36"
FAX="36"
EMAIL="CSILLA.KALINYAK@ORACLE.COM"
ACTIVESTATE="true"
PASSWORD="yE3u5RG7iwL758952"
BEEPER="36"
USERDATEFORMAT="DAY_MONTH_YEAR"
HOMESCREENURL="./Portal/default.htm"
USERMUSTRESETPASSWORD="TRUE"
PRODUCTLOCALE="en-US"
STUDYLOCALE="en-US"/>


<USER  USERNAME="ZPFoely"
USERTYPE="SPONSOR"
FIRSTNAME="Osweld"
LASTNAME="Ely"
DISPLAYNAME="Osweld Ely"
DESCRIPTION="Support Tier I"
COUNTRY="PHILIPPINES"
PHONE="63"
ALTPHONE="63"
FAX="63"
EMAIL="osweld.ely@oracle.com"
ACTIVESTATE="true"
PASSWORD="yE3u5RG7iwL758952"
BEEPER="63"
USERDATEFORMAT="DAY_MONTH_YEAR"
HOMESCREENURL="./Portal/default.htm"
USERMUSTRESETPASSWORD="TRUE"
PRODUCTLOCALE="en-US"
STUDYLOCALE="en-US"/>


<USER  USERNAME="ZPFjktan"
USERTYPE="SPONSOR"
FIRSTNAME="Jamelee Karen"
LASTNAME="Tan"
DISPLAYNAME="Jamelee Karen Tan"
DESCRIPTION="Support Tier I"
COUNTRY="PHILIPPINES"
PHONE="63"
ALTPHONE="63"
FAX="63"
EMAIL="JAMELEE.KAREN.TAN@ORACLE.COM"
ACTIVESTATE="true"
PASSWORD="yE3u5RG7iwL758952"
BEEPER="63"
USERDATEFORMAT="DAY_MONTH_YEAR"
HOMESCREENURL="./Portal/default.htm"
USERMUSTRESETPASSWORD="TRUE"
PRODUCTLOCALE="en-US"
STUDYLOCALE="en-US"/>


<USER  USERNAME="ZPFgradnai"
USERTYPE="SPONSOR"
FIRSTNAME="Gyongyi"
LASTNAME="Radnai"
DISPLAYNAME="Gyongyi Radnai"
DESCRIPTION="Lilly Support"
COUNTRY="HUNGARY"
PHONE="36"
ALTPHONE="36"
FAX="36"
EMAIL="gyongyi.radnai@oracle.com"
ACTIVESTATE="true"
PASSWORD="iZ9K4ssW70f25T1768"
BEEPER="36"
USERDATEFORMAT="DAY_MONTH_YEAR"
HOMESCREENURL="./Portal/default.htm"
USERMUSTRESETPASSWORD="TRUE"
PRODUCTLOCALE="en-US"
STUDYLOCALE="en-US"/>


<USER  USERNAME="ZPFkbarkoczi"
USERTYPE="SPONSOR"
FIRSTNAME="Katalin"
LASTNAME="Barkoczi"
DISPLAYNAME="Katalin Barkoczi"
DESCRIPTION="Lilly Support"
COUNTRY="HUNGARY"
PHONE="36"
ALTPHONE="36"
FAX="36"
EMAIL="katalin.barkoczi@oracle.com"
ACTIVESTATE="true"
PASSWORD="F4quQ8E5rT7o6237"
BEEPER="36"
USERDATEFORMAT="DAY_MONTH_YEAR"
HOMESCREENURL="./Portal/default.htm"
USERMUSTRESETPASSWORD="TRUE"
PRODUCTLOCALE="en-US"
STUDYLOCALE="en-US"/>


<USER  USERNAME="ZPFasakata"
USERTYPE="SPONSOR"
FIRSTNAME="aki"
LASTNAME="sakata"
DISPLAYNAME="aki sakata"
DESCRIPTION="Support Tier I Japan"
COUNTRY="JAPAN"
PHONE="81"
ALTPHONE="81"
FAX="81"
EMAIL="aki.sakata@oracle.com"
ACTIVESTATE="true"
PASSWORD="yE3u5RG7iwL758952"
BEEPER="81"
USERDATEFORMAT="DAY_MONTH_YEAR"
HOMESCREENURL="./Portal/default.htm"
USERMUSTRESETPASSWORD="TRUE"
PRODUCTLOCALE="en-US"
STUDYLOCALE="en-US"/>


<USER  USERNAME="ZPFaboth"
USERTYPE="SPONSOR"
FIRSTNAME="Agota"
LASTNAME="Both"
DISPLAYNAME="Agota Both"
DESCRIPTION="Support Tier I"
COUNTRY="HUNGARY"
PHONE="36"
ALTPHONE="36"
FAX="36"
EMAIL="agota.both@oracle.com"
ACTIVESTATE="true"
PASSWORD="F4quQ8E5rT7o6237"
BEEPER="36"
USERDATEFORMAT="DAY_MONTH_YEAR"
HOMESCREENURL="./Portal/default.htm"
USERMUSTRESETPASSWORD="TRUE"
PRODUCTLOCALE="en-US"
STUDYLOCALE="en-US"/>


<USER  USERNAME="ZPFryu"
USERTYPE="SPONSOR"
FIRSTNAME="Reny"
LASTNAME="Yu"
DISPLAYNAME="Reny Yu"
DESCRIPTION="Support Tier I"
COUNTRY="PHILIPPINES"
PHONE="63"
ALTPHONE="63"
FAX="63"
EMAIL="RENY.YU@ORACLE.COM"
ACTIVESTATE="true"
PASSWORD="Q9fM4lR5twE19260"
BEEPER="63"
USERDATEFORMAT="DAY_MONTH_YEAR"
HOMESCREENURL="./Portal/default.htm"
USERMUSTRESETPASSWORD="TRUE"
PRODUCTLOCALE="en-US"
STUDYLOCALE="en-US"/>


<USER  USERNAME="ZPFzleczo"
USERTYPE="SPONSOR"
FIRSTNAME="Zsanett"
LASTNAME="Leczo"
DISPLAYNAME="Zsanett Leczo"
DESCRIPTION="Support Tier I"
COUNTRY="HUNGARY"
PHONE="36"
ALTPHONE="36"
FAX="36"
EMAIL="zsanett.leczo@oracle.com"
ACTIVESTATE="true"
PASSWORD="iZ9K4ssW70f25T1768"
BEEPER="36"
USERDATEFORMAT="DAY_MONTH_YEAR"
HOMESCREENURL="./Portal/default.htm"
USERMUSTRESETPASSWORD="TRUE"
PRODUCTLOCALE="en-US"
STUDYLOCALE="en-US"/>


<USER  USERNAME="ZPFobodnar"
USERTYPE="SPONSOR"
FIRSTNAME="Oksana"
LASTNAME="Bodnar"
DISPLAYNAME="Oksana Bodnar"
DESCRIPTION="Support Tier I"
COUNTRY="HUNGARY"
PHONE="36"
ALTPHONE="36"
FAX="36"
EMAIL="oksana.bodnar@oracle.com"
ACTIVESTATE="true"
PASSWORD="iZ9K4ssW70f25T1768"
BEEPER="36"
USERDATEFORMAT="DAY_MONTH_YEAR"
HOMESCREENURL="./Portal/default.htm"
USERMUSTRESETPASSWORD="TRUE"
PRODUCTLOCALE="en-US"
STUDYLOCALE="en-US"/>


<USER  USERNAME="ZPFedervishaj"
USERTYPE="SPONSOR"
FIRSTNAME="Erald"
LASTNAME="Dervishaj"
DISPLAYNAME="Erald Dervishaj"
DESCRIPTION="Support Tier I"
COUNTRY="HUNGARY"
PHONE="36"
ALTPHONE="36"
FAX="36"
EMAIL="erald.dervishaj@oracle.com"
ACTIVESTATE="true"
PASSWORD="iZ9K4ssW70f25T1768"
BEEPER="36"
USERDATEFORMAT="DAY_MONTH_YEAR"
HOMESCREENURL="./Portal/default.htm"
USERMUSTRESETPASSWORD="TRUE"
PRODUCTLOCALE="en-US"
STUDYLOCALE="en-US"/>


<USER  USERNAME="ZPFaotsuka"
USERTYPE="SPONSOR"
FIRSTNAME="Akiyo"
LASTNAME="Otsuka"
DISPLAYNAME="Akiyo Otsuka"
DESCRIPTION="Support Tier I Japan"
ADDRESS="Oracle Aoyama Center2-5-8,Kita Aoyama, Minato-ku Tokyo 107 0061 Japan"
STATE="Tokyo"
POSTCODE="107 0061"
COUNTRY="JAPAN"
PHONE="81"
ALTPHONE="81"
FAX="81"
EMAIL="akiyo.otsuka@oracle.com"
ACTIVESTATE="true"
PASSWORD="pF60oJ93lO0P7i4755"
BEEPER="81"
USERDATEFORMAT="DAY_MONTH_YEAR"
HOMESCREENURL="./Portal/default.htm"
USERMUSTRESETPASSWORD="TRUE"
PRODUCTLOCALE="en-US"
STUDYLOCALE="en-US"/>


<USER  USERNAME="ZPFhsekine"
USERTYPE="SPONSOR"
FIRSTNAME="Haruka"
LASTNAME="Sekine"
DISPLAYNAME="Haruka Sekine"
DESCRIPTION="Support Tier I Japan"
ADDRESS="Oracle Aoyama Center2-5-8,Kita Aoyama, Minato-ku Tokyo 107 0061 Japan"
ADDRESS2="107 0061"
COUNTRY="JAPAN"
PHONE="81"
EMAIL="haruka.sekine@oracle.com"
ACTIVESTATE="true"
PASSWORD="k6YsM4s8TyY814447"
USERDATEFORMAT="DAY_MONTH_YEAR"
HOMESCREENURL="./Portal/default.htm"
USERMUSTRESETPASSWORD="TRUE"
PRODUCTLOCALE="en-US"
STUDYLOCALE="en-US"/>


<USER  USERNAME="ZPFkcsobalyka"
USERTYPE="SPONSOR"
FIRSTNAME="Krisztian"
LASTNAME="Csobalyka"
DISPLAYNAME="Krisztian Csobalyka"
DESCRIPTION="Support Tier I"
TITLE="Mr."
COUNTRY="HUNGARY"
PHONE="36704275924"
ALTPHONE="36"
FAX="36"
EMAIL="krisztian.csobalyka@oracle.com"
ACTIVESTATE="true"
PASSWORD="k6YsM4s8TyY814447"
BEEPER="36"
USERDATEFORMAT="DAY_MONTH_YEAR"
HOMESCREENURL="./Portal/default.htm"
USERMUSTRESETPASSWORD="TRUE"
PRODUCTLOCALE="en-US"
STUDYLOCALE="en-US"/>


<USER  USERNAME="ZPFjmacatangay"
USERTYPE="SPONSOR"
FIRSTNAME="Jeffrey"
LASTNAME="Macatangay"
DISPLAYNAME="Jeffrey Macatangay"
DESCRIPTION="Support Tier I"
COUNTRY="PHILIPPINES"
PHONE="63"
ALTPHONE="63"
FAX="63"
EMAIL="jeffrey.macatangay@oracle.com"
ACTIVESTATE="true"
PASSWORD="q1HyN3P3hf35C6545"
BEEPER="63"
USERDATEFORMAT="DAY_MONTH_YEAR"
HOMESCREENURL="./Portal/default.htm"
USERMUSTRESETPASSWORD="TRUE"
PRODUCTLOCALE="en-US"
STUDYLOCALE="en-US"/>


<USER  USERNAME="ZPFrducusin"
USERTYPE="SPONSOR"
FIRSTNAME="Rodulf"
LASTNAME="Ducusin"
DISPLAYNAME="Rodulf Ducusin"
DESCRIPTION="Support Tier I"
COUNTRY="PHILIPPINES"
PHONE="63"
ALTPHONE="63"
FAX="63"
EMAIL="RODULF.DUCUSIN@ORACLE.COM"
ACTIVESTATE="true"
PASSWORD="q1HyN3P3hf35C6545"
BEEPER="63"
USERDATEFORMAT="DAY_MONTH_YEAR"
HOMESCREENURL="./Portal/default.htm"
USERMUSTRESETPASSWORD="TRUE"
PRODUCTLOCALE="en-US"
STUDYLOCALE="en-US"/>


<USER  USERNAME="ZPFskholti"
USERTYPE="SPONSOR"
FIRSTNAME="Szilvia"
LASTNAME="Kholti"
DISPLAYNAME="Szilvia Kholti"
DESCRIPTION="Support Tier I"
COUNTRY="HUNGARY"
PHONE="361111"
ALTPHONE="36"
FAX="36"
EMAIL="szilvia.kholti@oracle.com"
ACTIVESTATE="true"
PASSWORD="q1HyN3P3hf35C6545"
BEEPER="36"
USERDATEFORMAT="DAY_MONTH_YEAR"
HOMESCREENURL="./Portal/default.htm"
USERMUSTRESETPASSWORD="TRUE"
PRODUCTLOCALE="en-US"
STUDYLOCALE="en-US"/>


<USER  USERNAME="ZPFsaguilar"
USERTYPE="SPONSOR"
FIRSTNAME="Sergio"
LASTNAME="Aguilar"
DISPLAYNAME="Sergio Aguilar"
DESCRIPTION="Support Tier I"
TITLE="Mr."
COUNTRY="HUNGARY"
PHONE="36"
ALTPHONE="36"
FAX="36"
EMAIL="sergio.aguilar.aguilar@oracle.com"
ACTIVESTATE="true"
PASSWORD="q1HyN3P3hf35C6545"
BEEPER="36"
USERDATEFORMAT="DAY_MONTH_YEAR"
HOMESCREENURL="./Portal/default.htm"
USERMUSTRESETPASSWORD="TRUE"
PRODUCTLOCALE="en-US"
STUDYLOCALE="en-US"/>


<USER  USERNAME="ZPFaolah"
USERTYPE="SPONSOR"
FIRSTNAME="Amanda"
LASTNAME="Olah"
DISPLAYNAME="Amanda Olah"
DESCRIPTION="Support Tier I"
COUNTRY="HUNGARY"
PHONE="36"
ALTPHONE="36"
FAX="36"
EMAIL="amanda.olah@oracle.com"
ACTIVESTATE="true"
PASSWORD="q1HyN3P3hf35C6545"
BEEPER="36"
USERDATEFORMAT="DAY_MONTH_YEAR"
HOMESCREENURL="./Portal/default.htm"
USERMUSTRESETPASSWORD="TRUE"
PRODUCTLOCALE="en-US"
STUDYLOCALE="en-US"/>


<USER  USERNAME="ZPFdnagy"
USERTYPE="SPONSOR"
FIRSTNAME="Daniel"
LASTNAME="Nagy"
DISPLAYNAME="Daniel Nagy"
DESCRIPTION="Support Tier I"
COUNTRY="HUNGARY"
PHONE="36"
ALTPHONE="36"
FAX="36"
EMAIL="daniel.nagy@oracle.com"
ACTIVESTATE="true"
PASSWORD="fS42t63Kn6GkE81732"
BEEPER="36"
USERDATEFORMAT="DAY_MONTH_YEAR"
HOMESCREENURL="./Portal/default.htm"
USERMUSTRESETPASSWORD="TRUE"
PRODUCTLOCALE="en-US"
STUDYLOCALE="en-US"/>


<USER  USERNAME="Bleon"
USERTYPE="SITE"
FIRSTNAME="Borja"
LASTNAME="Leon"
DISPLAYNAME="Borja  Leon"
COUNTRY="SPAIN"
PHONE="3434954330856"
ALTPHONE="34"
FAX="34"
EMAIL="borjaleonborrero@gmail.com"
ACTIVESTATE="true"
PASSWORD="k33Rm5GC3miC19533"
BEEPER="34"
USERDATEFORMAT="DAY_MONTH_YEAR"
HOMESCREENURL="./Portal/default.htm"
USERMUSTRESETPASSWORD="TRUE"
PRODUCTLOCALE="en-US"
STUDYLOCALE="en-US"/>


<USER  USERNAME="ZPFlstoica"
USERTYPE="SPONSOR"
FIRSTNAME="Loredana"
LASTNAME="Stoica"
DISPLAYNAME="Loredana Stoica"
DESCRIPTION="Lilly Support"
COUNTRY="HUNGARY"
PHONE="36"
ALTPHONE="36"
FAX="36"
EMAIL="Loredana.Stoica@oracle.com"
ACTIVESTATE="true"
PASSWORD="fS42t63Kn6GkE81732"
BEEPER="36"
USERDATEFORMAT="DAY_MONTH_YEAR"
HOMESCREENURL="./Portal/default.htm"
USERMUSTRESETPASSWORD="TRUE"
PRODUCTLOCALE="en-US"
STUDYLOCALE="en-US"/>


<USER  USERNAME="ZPFnqi"
USERTYPE="SPONSOR"
FIRSTNAME="Nic"
LASTNAME="Qi"
DISPLAYNAME="Nic Qi"
DESCRIPTION="Support Tier I"
COUNTRY="UNITED KINGDOM"
PHONE="44"
ALTPHONE="44"
FAX="44"
EMAIL="xiaoyu.qi@oracle.com"
ACTIVESTATE="true"
PASSWORD="fS42t63Kn6GkE81732"
BEEPER="44"
USERDATEFORMAT="DAY_MONTH_YEAR"
HOMESCREENURL="./Portal/default.htm"
USERMUSTRESETPASSWORD="TRUE"
PRODUCTLOCALE="en-US"
STUDYLOCALE="en-US"/>


<USER  USERNAME="ZPFijohl"
USERTYPE="SPONSOR"
FIRSTNAME="Ikinder"
LASTNAME="Johl"
DISPLAYNAME="Ikinder Johl"
DESCRIPTION="Support Tier I"
COUNTRY="UNITED KINGDOM"
PHONE="44"
ALTPHONE="44"
FAX="44"
EMAIL="ikinder.johl.singh@oracle.com"
ACTIVESTATE="true"
PASSWORD="a19Sx69HM1slO163830"
BEEPER="44"
USERDATEFORMAT="DAY_MONTH_YEAR"
HOMESCREENURL="./Portal/default.htm"
USERMUSTRESETPASSWORD="TRUE"
PRODUCTLOCALE="en-US"
STUDYLOCALE="en-US"/>


<USER  USERNAME="ZPFtcabanes"
USERTYPE="SPONSOR"
FIRSTNAME="Teresa"
LASTNAME="Cabanes"
DISPLAYNAME="Teresa Cabanes"
DESCRIPTION="Lilly Data Entry"
COUNTRY="PHILIPPINES"
PHONE="63"
ALTPHONE="63"
FAX="63"
EMAIL="teresa.cabanes@oracle.com"
ACTIVESTATE="true"
PASSWORD="v67YwK81b2BaB56853"
BEEPER="63"
USERDATEFORMAT="DAY_MONTH_YEAR"
HOMESCREENURL="./Portal/default.htm"
USERMUSTRESETPASSWORD="TRUE"
PRODUCTLOCALE="en-US"
STUDYLOCALE="en-US"/>


<USER  USERNAME="ZPFnvergara"
USERTYPE="SPONSOR"
FIRSTNAME="Neil"
LASTNAME="Vergara"
DISPLAYNAME="Neil Vergara"
DESCRIPTION="Lilly Data Entry"
COUNTRY="PHILIPPINES"
PHONE="63"
ALTPHONE="63"
FAX="63"
EMAIL="neil.vergara@oracle.com"
ACTIVESTATE="true"
PASSWORD="v67YwK81b2BaB56853"
BEEPER="63"
USERDATEFORMAT="DAY_MONTH_YEAR"
HOMESCREENURL="./Portal/default.htm"
USERMUSTRESETPASSWORD="TRUE"
PRODUCTLOCALE="en-US"
STUDYLOCALE="en-US"/>


<USER  USERNAME="ZPFvsoni"
USERTYPE="SPONSOR"
FIRSTNAME="Varun"
LASTNAME="Soni"
DISPLAYNAME="Varun Soni"
DESCRIPTION="Support Tier I"
COUNTRY="UNITED KINGDOM"
PHONE="44"
ALTPHONE="44"
FAX="44"
EMAIL="varun.x.soni@oracle.com"
ACTIVESTATE="true"
PASSWORD="fW40xP9e9Or25L4139"
BEEPER="44"
USERDATEFORMAT="DAY_MONTH_YEAR"
HOMESCREENURL="./Portal/default.htm"
USERMUSTRESETPASSWORD="TRUE"
PRODUCTLOCALE="en-US"
STUDYLOCALE="en-US"/>


<USER  USERNAME="ZPFdweakley"
USERTYPE="SPONSOR"
FIRSTNAME="Daniel"
LASTNAME="Weakley"
DISPLAYNAME="Daniel Weakley"
DESCRIPTION="Support Tier I"
COUNTRY="UNITED KINGDOM"
PHONE="44"
ALTPHONE="44"
FAX="44"
EMAIL="daniel.weakley@oracle.com"
ACTIVESTATE="true"
PASSWORD="fW40xP9e9Or25L4139"
BEEPER="44"
USERDATEFORMAT="DAY_MONTH_YEAR"
HOMESCREENURL="./Portal/default.htm"
USERMUSTRESETPASSWORD="TRUE"
PRODUCTLOCALE="en-US"
STUDYLOCALE="en-US"/>


<USER  USERNAME="ZPFaszottfried"
USERTYPE="SPONSOR"
FIRSTNAME="Akos"
LASTNAME="Szottfried"
DISPLAYNAME="Akos Szottfried"
DESCRIPTION="Support Tier I"
COUNTRY="HUNGARY"
PHONE="36"
ALTPHONE="36"
FAX="36"
EMAIL="akos.szottfried@oracle.com"
ACTIVESTATE="true"
PASSWORD="v67YwK81b2BaB56853"
BEEPER="36"
USERDATEFORMAT="DAY_MONTH_YEAR"
HOMESCREENURL="./Portal/default.htm"
USERMUSTRESETPASSWORD="TRUE"
PRODUCTLOCALE="en-US"
STUDYLOCALE="en-US"/>


<USER  USERNAME="ZPFmyao"
USERTYPE="SPONSOR"
FIRSTNAME="Min"
LASTNAME="Yao"
DISPLAYNAME="Min Yao"
DESCRIPTION="Support Tier I"
COUNTRY="HUNGARY"
PHONE="36"
ALTPHONE="36"
FAX="36"
EMAIL="min.yao@oracle.com"
ACTIVESTATE="true"
PASSWORD="a19Sx69HM1slO163830"
BEEPER="36"
USERDATEFORMAT="DAY_MONTH_YEAR"
HOMESCREENURL="./Portal/default.htm"
USERMUSTRESETPASSWORD="TRUE"
PRODUCTLOCALE="en-US"
STUDYLOCALE="en-US"/>


<USER  USERNAME="ZPFmiwaki"
USERTYPE="SPONSOR"
FIRSTNAME="Marie"
LASTNAME="Iwaki"
DISPLAYNAME="Marie Iwaki"
DESCRIPTION="Support Tier I Japan"
ADDRESS="Oracle Aoyama Center2-5-8,Kita Aoyama, Minato-ku Tokyo 107 0061 Japan"
ADDRESS2="107 0061"
COUNTRY="JAPAN"
PHONE="81"
ALTPHONE="81"
FAX="81"
EMAIL="marie.iwaki@oracle.com"
ACTIVESTATE="true"
PASSWORD="k6YsM4s8TyY814447"
BEEPER="81"
USERDATEFORMAT="DAY_MONTH_YEAR"
HOMESCREENURL="./Portal/default.htm"
USERMUSTRESETPASSWORD="TRUE"
PRODUCTLOCALE="en-US"
STUDYLOCALE="en-US"/>


<USER  USERNAME="ZPFsdamato"
USERTYPE="SPONSOR"
FIRSTNAME="Silvio"
LASTNAME="Damato"
DISPLAYNAME="Silvio Damato"
DESCRIPTION="Support Internal Trainer"
COUNTRY="UNITED KINGDOM"
PHONE="44"
ALTPHONE="44"
FAX="0001"
EMAIL="silvio.damato@oracle.com"
ACTIVESTATE="true"
PASSWORD="aJ97oN0qJ5d9D2040"
BEEPER="44"
USERDATEFORMAT="DAY_MONTH_YEAR"
HOMESCREENURL="./Portal/default.htm"
USERMUSTRESETPASSWORD="TRUE"
PRODUCTLOCALE="en-US"
STUDYLOCALE="en-US"/>


<USER  USERNAME="ZPFawarsama"
USERTYPE="SPONSOR"
FIRSTNAME="Ahmed"
LASTNAME="Warsama"
DISPLAYNAME="Ahmed Warsama"
DESCRIPTION="Support Tier I"
COUNTRY="UNITED KINGDOM"
PHONE="0"
ALTPHONE="44"
FAX="44"
EMAIL="ahmed.warsama@oracle.com"
ACTIVESTATE="true"
PASSWORD="aJ97oN0qJ5d9D2040"
BEEPER="44"
USERDATEFORMAT="DAY_MONTH_YEAR"
HOMESCREENURL="./Portal/default.htm"
USERMUSTRESETPASSWORD="TRUE"
PRODUCTLOCALE="en-US"
STUDYLOCALE="en-US"/>


<USER  USERNAME="ZPFjcalbento"
USERTYPE="SPONSOR"
FIRSTNAME="Juan Carlo"
LASTNAME="Albento"
DISPLAYNAME="J Carlo Albento"
DESCRIPTION="Data Entry"
COUNTRY="PHILIPPINES"
PHONE="63"
ALTPHONE="63"
FAX="63"
EMAIL="juan.albento@oracle.com"
ACTIVESTATE="true"
PASSWORD="fW40xP9e9Or25L4139"
BEEPER="63"
USERDATEFORMAT="DAY_MONTH_YEAR"
HOMESCREENURL="./Portal/default.htm"
USERMUSTRESETPASSWORD="TRUE"
PRODUCTLOCALE="en-US"
STUDYLOCALE="en-US"/>


<USER  USERNAME="ZPFtfabian"
USERTYPE="SPONSOR"
FIRSTNAME="Tamas"
LASTNAME="Fabian"
DISPLAYNAME="Tamas Fabian"
DESCRIPTION="Support Tier I"
COUNTRY="HUNGARY"
PHONE="36"
ALTPHONE="36"
FAX="36"
EMAIL="tamas.x.fabian@oracle.com"
ACTIVESTATE="true"
PASSWORD="fS42t63Kn6GkE81732"
BEEPER="36"
USERDATEFORMAT="DAY_MONTH_YEAR"
HOMESCREENURL="./Portal/default.htm"
USERMUSTRESETPASSWORD="TRUE"
PRODUCTLOCALE="en-US"
STUDYLOCALE="en-US"/>


<USER  USERNAME="ZPFkgal"
USERTYPE="SPONSOR"
FIRSTNAME="Katalin"
LASTNAME="Tripo-gal"
DISPLAYNAME="Katalin Tripo-gal"
DESCRIPTION="Support Tier I"
COUNTRY="HUNGARY"
PHONE="36"
ALTPHONE="36"
FAX="36"
EMAIL="katalin.tripo-gal@oracle.com"
ACTIVESTATE="true"
PASSWORD="nH3r5Cd1Ma6J1460"
BEEPER="36"
USERDATEFORMAT="DAY_MONTH_YEAR"
HOMESCREENURL="./Portal/default.htm"
USERMUSTRESETPASSWORD="TRUE"
PRODUCTLOCALE="en-US"
STUDYLOCALE="en-US"/>


<USER  USERNAME="ZPFaflathers"
USERTYPE="SPONSOR"
FIRSTNAME="Andrea"
LASTNAME="Flathers"
DISPLAYNAME="Andrea Flathers"
DESCRIPTION="Services Project Manager"
COUNTRY="UNITED STATES"
PHONE="1"
ALTPHONE="1"
FAX="1"
EMAIL="andrea.flathers@oracle.com"
ACTIVESTATE="true"
PASSWORD="v3Eu6Zy0VsK16488"
BEEPER="1"
USERDATEFORMAT="DAY_MONTH_YEAR"
HOMESCREENURL="./Portal/default.htm"
USERMUSTRESETPASSWORD="TRUE"
PRODUCTLOCALE="en-US"
STUDYLOCALE="en-US"/>


<USER  USERNAME="ZPFskonig"
USERTYPE="SPONSOR"
FIRSTNAME="Szilvia"
LASTNAME="Konig"
DISPLAYNAME="Szilvia Konig"
DESCRIPTION="Service Delivery Manager"
COUNTRY="HUNGARY"
PHONE="36"
ALTPHONE="36"
FAX="36"
EMAIL="szilvia.konig@oracle.com"
ACTIVESTATE="true"
PASSWORD="sH22xX4u0GlP714043"
BEEPER="36"
USERDATEFORMAT="DAY_MONTH_YEAR"
HOMESCREENURL="./Portal/default.htm"
USERMUSTRESETPASSWORD="TRUE"
PRODUCTLOCALE="en-US"
STUDYLOCALE="en-US"/>


<USER  USERNAME="ZPFmszemjonka"
USERTYPE="SPONSOR"
FIRSTNAME="Marina"
LASTNAME="Szemjonka"
DISPLAYNAME="Marina Szemjonka"
DESCRIPTION="Service Delivery Manager"
COUNTRY="HUNGARY"
PHONE="36"
ALTPHONE="36"
FAX="36"
EMAIL="marina.szemjonka@oracle.com"
ACTIVESTATE="true"
PASSWORD="kR8L3arI52h91J8461"
BEEPER="36"
USERDATEFORMAT="DAY_MONTH_YEAR"
HOMESCREENURL="./Portal/default.htm"
USERMUSTRESETPASSWORD="TRUE"
PRODUCTLOCALE="en-US"
STUDYLOCALE="en-US"/>


<USER  USERNAME="tbalint"
USERTYPE="SITE"
FIRSTNAME="Tunde"
LASTNAME="Balint"
DISPLAYNAME="Tunde Balint"
COUNTRY="HUNGARY"
PHONE="363693502000"
ALTPHONE="36"
FAX="36"
EMAIL="baltu12@gmail.com"
ACTIVESTATE="true"
PASSWORD="cB3V1vqL80w75P1175"
BEEPER="36"
USERDATEFORMAT="DAY_MONTH_YEAR"
HOMESCREENURL="./Portal/default.htm"
USERMUSTRESETPASSWORD="TRUE"
PRODUCTLOCALE="en-US"
STUDYLOCALE="en-US"/>


<USER  USERNAME="ppozzilli"
USERTYPE="SITE"
FIRSTNAME="Paolo"
LASTNAME="Pozzilli"
DISPLAYNAME="Paolo Pozzilli"
COUNTRY="ITALY"
PHONE="393906225149160"
ALTPHONE="39"
FAX="39"
EMAIL="p.pozzilli@unicampus.it"
ACTIVESTATE="true"
PASSWORD="b4NkW4i1RmO855667"
BEEPER="39"
USERDATEFORMAT="DAY_MONTH_YEAR"
HOMESCREENURL="./Portal/default.htm"
USERMUSTRESETPASSWORD="TRUE"
PRODUCTLOCALE="en-US"
STUDYLOCALE="en-US"/>


<USER  USERNAME="ogiampietro"
USERTYPE="SITE"
FIRSTNAME="Ottavio"
LASTNAME="Giampietro"
DISPLAYNAME="Ottavio Giampietro"
COUNTRY="ITALY"
PHONE="3939050993262"
ALTPHONE="39"
FAX="39"
EMAIL="ottavio.giampietro@med.unipi.it"
ACTIVESTATE="true"
PASSWORD="uV5yG61mW46bL126519"
BEEPER="39"
USERDATEFORMAT="DAY_MONTH_YEAR"
HOMESCREENURL="./Portal/default.htm"
USERMUSTRESETPASSWORD="TRUE"
PRODUCTLOCALE="en-US"
STUDYLOCALE="en-US"/>


<USER  USERNAME="gtonolo"
USERTYPE="SITE"
FIRSTNAME="Giancarlo"
LASTNAME="Tonolo"
DISPLAYNAME="Giancarlo Tonolo"
COUNTRY="ITALY"
PHONE="39393468676855"
ALTPHONE="39"
FAX="39"
EMAIL="giancarlo.tonolo@aslolbia.it"
ACTIVESTATE="true"
PASSWORD="z62Bo2GcZ4k7P3211"
BEEPER="39"
USERDATEFORMAT="DAY_MONTH_YEAR"
HOMESCREENURL="./Portal/default.htm"
USERMUSTRESETPASSWORD="TRUE"
PRODUCTLOCALE="en-US"
STUDYLOCALE="en-US"/>


<USER  USERNAME="gperseghin"
USERTYPE="SITE"
FIRSTNAME="Gianluca"
LASTNAME="Perseghin"
DISPLAYNAME="Gianluca Perseghin"
COUNTRY="ITALY"
PHONE="393906225149160"
ALTPHONE="39"
FAX="39"
EMAIL="gianluca.perseghin@policlinicodimonza.it"
ACTIVESTATE="true"
PASSWORD="s5SeB0r9Jw9D9802"
BEEPER="39"
USERDATEFORMAT="DAY_MONTH_YEAR"
HOMESCREENURL="./Portal/default.htm"
USERMUSTRESETPASSWORD="TRUE"
PRODUCTLOCALE="en-US"
STUDYLOCALE="en-US"/>


<USER  USERNAME="alopez"
USERTYPE="SITE"
FIRSTNAME="Alejandro"
LASTNAME="Lopez  Suarez"
DISPLAYNAME="Alejandro Lopez  Suarez"
COUNTRY="SPAIN"
PHONE="3434956048000"
ALTPHONE="34"
FAX="34"
EMAIL="a.lopez.ssl@gmail.com"
ACTIVESTATE="true"
PASSWORD="tS25l3Ci2PhN393470"
BEEPER="34"
USERDATEFORMAT="DAY_MONTH_YEAR"
HOMESCREENURL="./Portal/default.htm"
USERMUSTRESETPASSWORD="TRUE"
PRODUCTLOCALE="en-US"
STUDYLOCALE="en-US"/>


<USER  USERNAME="wa00775"
USERTYPE="SPONSOR"
FIRSTNAME="Margaret"
LASTNAME="Stevens"
DISPLAYNAME="Margaret Stevens"
COUNTRY="AUSTRALIA"
PHONE="6161410497974"
ALTPHONE="61"
FAX="61"
EMAIL="stevens_margaret@lilly.com"
ACTIVESTATE="true"
PASSWORD="pH23G8nA8uP5m3333"
BEEPER="61"
USERDATEFORMAT="DAY_MONTH_YEAR"
HOMESCREENURL="./Portal/default.htm"
USERMUSTRESETPASSWORD="TRUE"
PRODUCTLOCALE="en-US"
STUDYLOCALE="en-US"/>


<USER  USERNAME="rm92359"
USERTYPE="SPONSOR"
FIRSTNAME="David"
LASTNAME="Nelson"
DISPLAYNAME="David Nelson"
COUNTRY="UNITED STATES"
PHONE="13176774063"
ALTPHONE="1"
FAX="1"
EMAIL="nelson_david_a@lilly.com"
ACTIVESTATE="true"
PASSWORD="n2Rr7Xa8Dl0B3395"
BEEPER="1"
USERDATEFORMAT="DAY_MONTH_YEAR"
HOMESCREENURL="./Portal/default.htm"
USERMUSTRESETPASSWORD="TRUE"
PRODUCTLOCALE="en-US"
STUDYLOCALE="en-US"/>


<USER  USERNAME="c179650"
USERTYPE="SPONSOR"
FIRSTNAME="Amanda"
LASTNAME="Nowell"
DISPLAYNAME="Amanda Nowell"
COUNTRY="UNITED STATES"
PHONE="19199987740"
ALTPHONE="1"
FAX="1"
EMAIL="amanda.nowell@quintiles.com"
ACTIVESTATE="true"
PASSWORD="oI89s7KtN92sX86445"
BEEPER="1"
USERDATEFORMAT="DAY_MONTH_YEAR"
HOMESCREENURL="./Portal/default.htm"
USERMUSTRESETPASSWORD="TRUE"
PRODUCTLOCALE="en-US"
STUDYLOCALE="en-US"/>


<USER  USERNAME="z1x1972"
USERTYPE="SPONSOR"
FIRSTNAME="Angela"
LASTNAME="Minn"
DISPLAYNAME="Angela Minn"
COUNTRY="UNITED STATES"
PHONE="19108210239"
ALTPHONE="1"
FAX="1"
EMAIL="Angela.Minn@quintiles.com"
ACTIVESTATE="true"
PASSWORD="gD26kT12w46CuQ234681"
BEEPER="1"
USERDATEFORMAT="DAY_MONTH_YEAR"
HOMESCREENURL="./Portal/default.htm"
USERMUSTRESETPASSWORD="TRUE"
PRODUCTLOCALE="en-US"
STUDYLOCALE="en-US"/>


<USER  USERNAME="z3x2095"
USERTYPE="SPONSOR"
FIRSTNAME="Eric"
LASTNAME="Garcia"
DISPLAYNAME="Eric Garcia"
COUNTRY="UNITED STATES"
PHONE="14242049052"
ALTPHONE="1"
FAX="1"
EMAIL="eric.garcia@quintiles.com"
ACTIVESTATE="true"
PASSWORD="O7fh8FeH54wB03225"
BEEPER="1"
USERDATEFORMAT="DAY_MONTH_YEAR"
HOMESCREENURL="./Portal/default.htm"
USERMUSTRESETPASSWORD="TRUE"
PRODUCTLOCALE="en-US"
STUDYLOCALE="en-US"/>


<USER  USERNAME="c179367"
USERTYPE="SPONSOR"
FIRSTNAME="Dessa"
LASTNAME="Patterson"
DISPLAYNAME="Dessa Patterson"
COUNTRY="UNITED STATES"
PHONE="19199987677"
ALTPHONE="1"
FAX="1"
EMAIL="dessa.patterson@quintiles.com"
ACTIVESTATE="true"
PASSWORD="wY62fP4zH5K3q4484"
BEEPER="1"
USERDATEFORMAT="DAY_MONTH_YEAR"
HOMESCREENURL="./Portal/default.htm"
USERMUSTRESETPASSWORD="TRUE"
PRODUCTLOCALE="en-US"
STUDYLOCALE="en-US"/>


<USER  USERNAME="z2x6311"
USERTYPE="SPONSOR"
FIRSTNAME="Danielle"
LASTNAME="Osterhout"
DISPLAYNAME="Danielle Osterhout"
COUNTRY="UNITED STATES"
PHONE="12482607923"
ALTPHONE="1"
FAX="1"
EMAIL="danielle.osterhout@quintiles.com"
ACTIVESTATE="true"
PASSWORD="xL4qG28oP4Y9y3952"
BEEPER="1"
USERDATEFORMAT="DAY_MONTH_YEAR"
HOMESCREENURL="./Portal/default.htm"
USERMUSTRESETPASSWORD="TRUE"
PRODUCTLOCALE="en-US"
STUDYLOCALE="en-US"/>


<USER  USERNAME="z2x6169"
USERTYPE="SPONSOR"
FIRSTNAME="Kalpesh"
LASTNAME="Patel"
DISPLAYNAME="Kalpesh Patel"
COUNTRY="UNITED STATES"
PHONE="17705690820"
ALTPHONE="1"
FAX="1"
EMAIL="Kalpesh.Patel@Quintiles.com"
ACTIVESTATE="true"
PASSWORD="dC69l5KR3oL5p9680"
BEEPER="1"
USERDATEFORMAT="DAY_MONTH_YEAR"
HOMESCREENURL="./Portal/default.htm"
USERMUSTRESETPASSWORD="TRUE"
PRODUCTLOCALE="en-US"
STUDYLOCALE="en-US"/>


<USER  USERNAME="z1x1836"
USERTYPE="SPONSOR"
FIRSTNAME="Linda"
LASTNAME="VonBurg"
DISPLAYNAME="Linda VonBurg"
COUNTRY="UNITED STATES"
PHONE="16185944367"
ALTPHONE="1"
FAX="1"
EMAIL="Linda.VonBurg@Quintiles.com"
ACTIVESTATE="true"
PASSWORD="g3VhI2L1tb0L8854"
BEEPER="1"
USERDATEFORMAT="DAY_MONTH_YEAR"
HOMESCREENURL="./Portal/default.htm"
USERMUSTRESETPASSWORD="TRUE"
PRODUCTLOCALE="en-US"
STUDYLOCALE="en-US"/>


<USER  USERNAME="dklonoff"
USERTYPE="SITE"
FIRSTNAME="David"
LASTNAME="Klonoff"
DISPLAYNAME="David Klonoff"
COUNTRY="UNITED STATES"
PHONE="16506964260"
ALTPHONE="1"
FAX="1"
EMAIL="klonofd@sutterhealth.org"
ACTIVESTATE="true"
PASSWORD="c0YfU69e8UwT709057"
BEEPER="1"
USERDATEFORMAT="DAY_MONTH_YEAR"
HOMESCREENURL="./Portal/default.htm"
USERMUSTRESETPASSWORD="TRUE"
PRODUCTLOCALE="en-US"
STUDYLOCALE="en-US"/>


<USER  USERNAME="pnorwood"
USERTYPE="SITE"
FIRSTNAME="Paul"
LASTNAME="Norwood"
DISPLAYNAME="Paul Norwood"
COUNTRY="UNITED STATES"
PHONE="15592610992"
ALTPHONE="1"
FAX="1"
EMAIL="valleyresearch@yahoo.com"
ACTIVESTATE="true"
PASSWORD="F0gfS0yX38aJ25181"
BEEPER="1"
USERDATEFORMAT="DAY_MONTH_YEAR"
HOMESCREENURL="./Portal/default.htm"
USERMUSTRESETPASSWORD="TRUE"
PRODUCTLOCALE="en-US"
STUDYLOCALE="en-US"/>


<USER  USERNAME="jvan"
USERTYPE="SITE"
FIRSTNAME="JoAnna"
LASTNAME="Van"
DISPLAYNAME="JoAnna Van"
COUNTRY="UNITED STATES"
PHONE="17147347944"
ALTPHONE="1"
FAX="1"
EMAIL="uci.inc7@gmail.com"
ACTIVESTATE="true"
PASSWORD="jV9uR9kP59eW938798"
BEEPER="1"
USERDATEFORMAT="DAY_MONTH_YEAR"
HOMESCREENURL="./Portal/default.htm"
USERMUSTRESETPASSWORD="TRUE"
PRODUCTLOCALE="en-US"
STUDYLOCALE="en-US"/>


<USER  USERNAME="z1x2605"
USERTYPE="SPONSOR"
FIRSTNAME="Vamsi"
LASTNAME="Gottimukkala"
DISPLAYNAME="Vamsi Gottimukkala"
COUNTRY="UNITED STATES"
PHONE="12159215134"
ALTPHONE="1"
FAX="1"
EMAIL="vamsi.gottimukkala@quintiles.com"
ACTIVESTATE="true"
PASSWORD="z11GrJ8eM6j5U6126"
BEEPER="1"
USERDATEFORMAT="DAY_MONTH_YEAR"
HOMESCREENURL="./Portal/default.htm"
USERMUSTRESETPASSWORD="TRUE"
PRODUCTLOCALE="en-US"
STUDYLOCALE="en-US"/>


<USER  USERNAME="z1x2570"
USERTYPE="SPONSOR"
FIRSTNAME="Jackuelynn"
LASTNAME="Christel"
DISPLAYNAME="Jackuelynn Christel"
COUNTRY="UNITED STATES"
PHONE="12532222268"
ALTPHONE="1"
FAX="1"
EMAIL="jackuelynn.christel@quintiles.com"
ACTIVESTATE="true"
PASSWORD="o3KmG5pH0lA925299"
BEEPER="1"
USERDATEFORMAT="DAY_MONTH_YEAR"
HOMESCREENURL="./Portal/default.htm"
USERMUSTRESETPASSWORD="TRUE"
PRODUCTLOCALE="en-US"
STUDYLOCALE="en-US"/>


<USER  USERNAME="c189618"
USERTYPE="SPONSOR"
FIRSTNAME="Kristina"
LASTNAME="Wolfe"
DISPLAYNAME="Kristina Wolfe"
COUNTRY="UNITED STATES"
PHONE="19199981683"
ALTPHONE="1"
FAX="1"
EMAIL="kristina.wolfe@quintiles.com"
ACTIVESTATE="true"
PASSWORD="zP2yZ91j23Pl5D2361"
BEEPER="1"
USERDATEFORMAT="DAY_MONTH_YEAR"
HOMESCREENURL="./Portal/default.htm"
USERMUSTRESETPASSWORD="TRUE"
PRODUCTLOCALE="en-US"
STUDYLOCALE="en-US"/>


<USER  USERNAME="z1x1691"
USERTYPE="SPONSOR"
FIRSTNAME="Ana"
LASTNAME="Santos"
DISPLAYNAME="Ana Santos"
COUNTRY="UNITED STATES"
PHONE="14076888324"
ALTPHONE="1"
FAX="1"
EMAIL="ana.santos@quintiles.com"
ACTIVESTATE="true"
PASSWORD="xZ60uG3W1hE9v3276"
BEEPER="1"
USERDATEFORMAT="DAY_MONTH_YEAR"
HOMESCREENURL="./Portal/default.htm"
USERMUSTRESETPASSWORD="TRUE"
PRODUCTLOCALE="en-US"
STUDYLOCALE="en-US"/>


<USER  USERNAME="z1x0368"
USERTYPE="SPONSOR"
FIRSTNAME="James"
LASTNAME="Brewer"
DISPLAYNAME="James Brewer"
COUNTRY="UNITED STATES"
PHONE="12537592161"
ALTPHONE="1"
FAX="1"
EMAIL="james.brewer@quintiles.com"
ACTIVESTATE="true"
PASSWORD="Y6lW2ngV13M5l7522"
BEEPER="1"
USERDATEFORMAT="DAY_MONTH_YEAR"
HOMESCREENURL="./Portal/default.htm"
USERMUSTRESETPASSWORD="TRUE"
PRODUCTLOCALE="en-US"
STUDYLOCALE="en-US"/>


<USER  USERNAME="c192893"
USERTYPE="SPONSOR"
FIRSTNAME="Morgan"
LASTNAME="Campbell"
DISPLAYNAME="Morgan Campbell"
COUNTRY="UNITED STATES"
PHONE="14103210865"
ALTPHONE="1"
FAX="1"
EMAIL="morgan.campbell@quintiles.com"
ACTIVESTATE="true"
PASSWORD="uJ51e86IyO2rJ83128"
BEEPER="1"
USERDATEFORMAT="DAY_MONTH_YEAR"
HOMESCREENURL="./Portal/default.htm"
USERMUSTRESETPASSWORD="TRUE"
PRODUCTLOCALE="en-US"
STUDYLOCALE="en-US"/>


<USER  USERNAME="c192612"
USERTYPE="SPONSOR"
FIRSTNAME="Barbara"
LASTNAME="Williams"
DISPLAYNAME="Barbara Williams"
COUNTRY="UNITED STATES"
PHONE="19197686479"
ALTPHONE="1"
FAX="1"
EMAIL="barbara.williams@quintiles.com"
ACTIVESTATE="true"
PASSWORD="W9qJ8ly29HbZ07374"
BEEPER="1"
USERDATEFORMAT="DAY_MONTH_YEAR"
HOMESCREENURL="./Portal/default.htm"
USERMUSTRESETPASSWORD="TRUE"
PRODUCTLOCALE="en-US"
STUDYLOCALE="en-US"/>


<USER  USERNAME="z1x0686"
USERTYPE="SPONSOR"
FIRSTNAME="Donald"
LASTNAME="Betah"
DISPLAYNAME="Donald Betah"
COUNTRY="UNITED STATES"
PHONE="14103210865"
ALTPHONE="1"
FAX="1"
EMAIL="Donald.Betah@quintiles.com"
ACTIVESTATE="true"
PASSWORD="g27Xq71VjR25mM59214"
BEEPER="1"
USERDATEFORMAT="DAY_MONTH_YEAR"
HOMESCREENURL="./Portal/default.htm"
USERMUSTRESETPASSWORD="TRUE"
PRODUCTLOCALE="en-US"
STUDYLOCALE="en-US"/>


<USER  USERNAME="ebeke"
USERTYPE="SITE"
FIRSTNAME="Eleonora"
LASTNAME="Beke"
DISPLAYNAME="Eleonora Beke"
COUNTRY="HUNGARY"
PHONE="363613889180"
ALTPHONE="36"
FAX="36"
EMAIL="beke.eleonora@obudairendelok.hu"
ACTIVESTATE="true"
PASSWORD="qR2z1XxN94pR586001"
BEEPER="36"
USERDATEFORMAT="DAY_MONTH_YEAR"
HOMESCREENURL="./Portal/default.htm"
USERMUSTRESETPASSWORD="TRUE"
PRODUCTLOCALE="en-US"
STUDYLOCALE="en-US"/>


<USER  USERNAME="nkesmarki"
USERTYPE="SITE"
FIRSTNAME="Nora"
LASTNAME="Kesmarki"
DISPLAYNAME="Nora Kesmarki"
COUNTRY="HUNGARY"
PHONE="363693502000"
ALTPHONE="36"
FAX="36"
EMAIL="nora.kesmarki@chello.hu"
ACTIVESTATE="true"
PASSWORD="vH86sA2z26Qt76L286"
BEEPER="36"
USERDATEFORMAT="DAY_MONTH_YEAR"
HOMESCREENURL="./Portal/default.htm"
USERMUSTRESETPASSWORD="TRUE"
PRODUCTLOCALE="en-US"
STUDYLOCALE="en-US"/>


<USER  USERNAME="pkis-gombos"
USERTYPE="SITE"
FIRSTNAME="Piroska"
LASTNAME="Kis-Gombos"
DISPLAYNAME="Piroska Kis-Gombos"
COUNTRY="HUNGARY"
PHONE="363614524208"
ALTPHONE="36"
FAX="36"
EMAIL="kgpiros@gmail.com"
ACTIVESTATE="true"
PASSWORD="u45FuY6H5jtL12371"
BEEPER="36"
USERDATEFORMAT="DAY_MONTH_YEAR"
HOMESCREENURL="./Portal/default.htm"
USERMUSTRESETPASSWORD="TRUE"
PRODUCTLOCALE="en-US"
STUDYLOCALE="en-US"/>


<USER  USERNAME="alauria"
USERTYPE="SITE"
FIRSTNAME="Angelo"
LASTNAME="Lauria"
DISPLAYNAME="Angelo Lauria"
COUNTRY="ITALY"
PHONE="393906225149160"
ALTPHONE="39"
FAX="39"
EMAIL="a.lauria@unicampus.it"
ACTIVESTATE="true"
PASSWORD="V0deH75tI0J4n3224"
BEEPER="39"
USERDATEFORMAT="DAY_MONTH_YEAR"
HOMESCREENURL="./Portal/default.htm"
USERMUSTRESETPASSWORD="TRUE"
PRODUCTLOCALE="en-US"
STUDYLOCALE="en-US"/>


<USER  USERNAME="cconsani"
USERTYPE="SITE"
FIRSTNAME="Cristina"
LASTNAME="Consani"
DISPLAYNAME="Cristina Consani"
COUNTRY="ITALY"
PHONE="3939050993262"
ALTPHONE="39"
FAX="39"
EMAIL="cconsani@gmail.com"
ACTIVESTATE="true"
PASSWORD="cT75gF47eL89P6j9815"
BEEPER="39"
USERDATEFORMAT="DAY_MONTH_YEAR"
HOMESCREENURL="./Portal/default.htm"
USERMUSTRESETPASSWORD="TRUE"
PRODUCTLOCALE="en-US"
STUDYLOCALE="en-US"/>


<USER  USERNAME="scherchi"
USERTYPE="SITE"
FIRSTNAME="Sara"
LASTNAME="Cherchi"
DISPLAYNAME="Sara Cherchi"
COUNTRY="ITALY"
PHONE="39393468676855"
ALTPHONE="39"
FAX="39"
EMAIL="cherchisara@yahoo.it"
ACTIVESTATE="true"
PASSWORD="t4ZS0eeT4zN439221"
BEEPER="39"
USERDATEFORMAT="DAY_MONTH_YEAR"
HOMESCREENURL="./Portal/default.htm"
USERMUSTRESETPASSWORD="TRUE"
PRODUCTLOCALE="en-US"
STUDYLOCALE="en-US"/>


<USER  USERNAME="glattuada"
USERTYPE="SITE"
FIRSTNAME="Guido"
LASTNAME="Lattuada"
DISPLAYNAME="Guido Lattuada"
COUNTRY="ITALY"
PHONE="393906225149160"
ALTPHONE="39"
FAX="39"
EMAIL="guido.lattuada@policlinicodimonza.it"
ACTIVESTATE="true"
PASSWORD="kV9t3Ga7DmK6175"
BEEPER="39"
USERDATEFORMAT="DAY_MONTH_YEAR"
HOMESCREENURL="./Portal/default.htm"
USERMUSTRESETPASSWORD="TRUE"
PRODUCTLOCALE="en-US"
STUDYLOCALE="en-US"/>


<USER  USERNAME="clopez"
USERTYPE="SITE"
FIRSTNAME="Carmen"
LASTNAME="López Martín"
DISPLAYNAME="Carmen López Martín"
COUNTRY="SPAIN"
PHONE="3434956048000"
ALTPHONE="34"
FAX="34"
EMAIL="lopez.maica@hotmail.es"
ACTIVESTATE="true"
PASSWORD="Y7zjF0pS1xP26765"
BEEPER="34"
USERDATEFORMAT="DAY_MONTH_YEAR"
HOMESCREENURL="./Portal/default.htm"
USERMUSTRESETPASSWORD="TRUE"
PRODUCTLOCALE="en-US"
STUDYLOCALE="en-US"/>


<USER  USERNAME="cdiemidio"
USERTYPE="SITE"
FIRSTNAME="Chiara"
LASTNAME="Di Emidio"
DISPLAYNAME="Chiara Di Emidio"
COUNTRY="ITALY"
PHONE="39393290541543"
ALTPHONE="39"
FAX="39"
EMAIL="chiarettad89@gmail.com"
ACTIVESTATE="true"
PASSWORD="dP2V6gy3GrO865309"
BEEPER="39"
USERDATEFORMAT="DAY_MONTH_YEAR"
HOMESCREENURL="./Portal/default.htm"
USERMUSTRESETPASSWORD="TRUE"
PRODUCTLOCALE="en-US"
STUDYLOCALE="en-US"/>


<USER  USERNAME="abeasley"
USERTYPE="SITE"
FIRSTNAME="Amy"
LASTNAME="Beasley"
DISPLAYNAME="Amy  Beasley"
COUNTRY="UNITED STATES"
PHONE="12085289643"
ALTPHONE="1"
FAX="1"
EMAIL="amy.beasley@idahomed.com"
ACTIVESTATE="true"
PASSWORD="T7eq97PB7saH76413"
BEEPER="1"
USERDATEFORMAT="DAY_MONTH_YEAR"
HOMESCREENURL="./Portal/default.htm"
USERMUSTRESETPASSWORD="TRUE"
PRODUCTLOCALE="en-US"
STUDYLOCALE="en-US"/>


<USER  USERNAME="Agarzaran"
USERTYPE="SITE"
FIRSTNAME="Ana"
LASTNAME="Garzarán"
DISPLAYNAME="Ana Garzarán"
COUNTRY="SPAIN"
PHONE="3434978621150"
ALTPHONE="34"
FAX="34"
EMAIL="agarzarant@salud.aragon.es"
ACTIVESTATE="true"
PASSWORD="u0ThZ2h41MdH545524"
BEEPER="34"
USERDATEFORMAT="DAY_MONTH_YEAR"
HOMESCREENURL="./Portal/default.htm"
USERMUSTRESETPASSWORD="TRUE"
PRODUCTLOCALE="en-US"
STUDYLOCALE="en-US"/>


<USER  USERNAME="dliljenquist"
USERTYPE="SITE"
FIRSTNAME="David"
LASTNAME="Liljenquist"
DISPLAYNAME="David  Liljenquist"
COUNTRY="UNITED STATES"
PHONE="12085289648"
ALTPHONE="1"
FAX="1"
EMAIL="drl-research@idahomed.com"
ACTIVESTATE="true"
PASSWORD="O2em97Pd8YfJ15178"
BEEPER="1"
USERDATEFORMAT="DAY_MONTH_YEAR"
HOMESCREENURL="./Portal/default.htm"
USERMUSTRESETPASSWORD="TRUE"
PRODUCTLOCALE="en-US"
STUDYLOCALE="en-US"/>


<USER  USERNAME="lklaff"
USERTYPE="SITE"
FIRSTNAME="Leslie"
LASTNAME="Klaff"
DISPLAYNAME="Leslie Klaff"
COUNTRY="UNITED STATES"
PHONE="14252511720"
ALTPHONE="1"
FAX="1"
EMAIL="ljklaff@rainier-research.com"
ACTIVESTATE="true"
PASSWORD="xW7H2luE15e6V686"
BEEPER="1"
USERDATEFORMAT="DAY_MONTH_YEAR"
HOMESCREENURL="./Portal/default.htm"
USERMUSTRESETPASSWORD="TRUE"
PRODUCTLOCALE="en-US"
STUDYLOCALE="en-US"/>


<USER  USERNAME="pwakefield"
USERTYPE="SITE"
FIRSTNAME="Paul"
LASTNAME="Wakefield"
DISPLAYNAME="Paul Wakefield"
COUNTRY="UNITED STATES"
PHONE="18652444276"
ALTPHONE="1"
FAX="1"
EMAIL="pwakefield@summithealthcare.com"
ACTIVESTATE="true"
PASSWORD="J7dl7Mw40Kb70Z5290"
BEEPER="1"
USERDATEFORMAT="DAY_MONTH_YEAR"
HOMESCREENURL="./Portal/default.htm"
USERMUSTRESETPASSWORD="TRUE"
PRODUCTLOCALE="en-US"
STUDYLOCALE="en-US"/>


<USER  USERNAME="rortizcarrasquillo"
USERTYPE="SITE"
FIRSTNAME="Ramon"
LASTNAME="Ortiz-Carrasquillo"
DISPLAYNAME="Ramon Ortiz-Carrasquillo"
COUNTRY="UNITED STATES"
PHONE="17878541779"
ALTPHONE="1"
FAX="1"
EMAIL="rortizcarr@gmail.com"
ACTIVESTATE="true"
PASSWORD="gE68rX32wL32R9d8290"
BEEPER="1"
USERDATEFORMAT="DAY_MONTH_YEAR"
HOMESCREENURL="./Portal/default.htm"
USERMUSTRESETPASSWORD="TRUE"
PRODUCTLOCALE="en-US"
STUDYLOCALE="en-US"/>


<USER  USERNAME="lruiz"
USERTYPE="SITE"
FIRSTNAME="Luis"
LASTNAME="Ruiz"
DISPLAYNAME="Luis Ruiz"
COUNTRY="UNITED STATES"
PHONE="17878408293"
ALTPHONE="1"
FAX="1"
EMAIL="luisra0451@yahoo.com"
ACTIVESTATE="true"
PASSWORD="vW27sS17mK0nD874722"
BEEPER="1"
USERDATEFORMAT="DAY_MONTH_YEAR"
HOMESCREENURL="./Portal/default.htm"
USERMUSTRESETPASSWORD="TRUE"
PRODUCTLOCALE="en-US"
STUDYLOCALE="en-US"/>


<USER  USERNAME="ebarranco"
USERTYPE="SITE"
FIRSTNAME="Elizabeth"
LASTNAME="Barranco"
DISPLAYNAME="Elizabeth Barranco"
COUNTRY="UNITED STATES"
PHONE="17878402505"
ALTPHONE="1"
FAX="1"
EMAIL="crc@psm.edu"
ACTIVESTATE="true"
PASSWORD="t74EdR95bD29E7q8339"
BEEPER="1"
USERDATEFORMAT="DAY_MONTH_YEAR"
HOMESCREENURL="./Portal/default.htm"
USERMUSTRESETPASSWORD="TRUE"
PRODUCTLOCALE="en-US"
STUDYLOCALE="en-US"/>


<USER  USERNAME="jotero"
USERTYPE="SITE"
FIRSTNAME="Juan"
LASTNAME="Otero"
DISPLAYNAME="Juan Otero"
COUNTRY="UNITED STATES"
PHONE="17877467057"
ALTPHONE="1"
FAX="1"
EMAIL="jrom2001@hotmail.com"
ACTIVESTATE="true"
PASSWORD="I7glR9q83LB2z2056"
BEEPER="1"
USERDATEFORMAT="DAY_MONTH_YEAR"
HOMESCREENURL="./Portal/default.htm"
USERMUSTRESETPASSWORD="TRUE"
PRODUCTLOCALE="en-US"
STUDYLOCALE="en-US"/>


<USER  USERNAME="gcolonvega"
USERTYPE="SITE"
FIRSTNAME="Gildred"
LASTNAME="Colon"
DISPLAYNAME="Gildred Colon"
COUNTRY="UNITED STATES"
PHONE="17877215424"
ALTPHONE="1"
FAX="1"
EMAIL="gildred@drgcolon.com"
ACTIVESTATE="true"
PASSWORD="qN1z7SvO71bR35673"
BEEPER="1"
USERDATEFORMAT="DAY_MONTH_YEAR"
HOMESCREENURL="./Portal/default.htm"
USERMUSTRESETPASSWORD="TRUE"
PRODUCTLOCALE="en-US"
STUDYLOCALE="en-US"/>


<USER  USERNAME="wmiers"
USERTYPE="SITE"
FIRSTNAME="Wendell"
LASTNAME="Miers"
DISPLAYNAME="Wendell Miers"
COUNTRY="UNITED STATES"
PHONE="18592782232"
ALTPHONE="1"
FAX="1"
EMAIL="wmiers@kyde.com"
ACTIVESTATE="true"
PASSWORD="oK1k60OgH0g2C9290"
BEEPER="1"
USERDATEFORMAT="DAY_MONTH_YEAR"
HOMESCREENURL="./Portal/default.htm"
USERMUSTRESETPASSWORD="TRUE"
PRODUCTLOCALE="en-US"
STUDYLOCALE="en-US"/>


<USER  USERNAME="oalzohaili"
USERTYPE="SITE"
FIRSTNAME="Opada"
LASTNAME="Alzohaili"
DISPLAYNAME="Opada Alzohaili"
COUNTRY="UNITED STATES"
PHONE="13135818903"
ALTPHONE="1"
FAX="1"
EMAIL="alzohaili@gmail.com"
ACTIVESTATE="true"
PASSWORD="mG98e6Li1Dl68X3007"
BEEPER="1"
USERDATEFORMAT="DAY_MONTH_YEAR"
HOMESCREENURL="./Portal/default.htm"
USERMUSTRESETPASSWORD="TRUE"
PRODUCTLOCALE="en-US"
STUDYLOCALE="en-US"/>


<USER  USERNAME="hmaheshwari"
USERTYPE="SITE"
FIRSTNAME="Hiralal"
LASTNAME="Maheshwari"
DISPLAYNAME="Hiralal Maheshwari"
COUNTRY="UNITED STATES"
PHONE="18154446362"
ALTPHONE="1"
FAX="1"
EMAIL="hgmaheshwari@yahoo.com"
ACTIVESTATE="true"
PASSWORD="l2YtO36w74JqF86624"
BEEPER="1"
USERDATEFORMAT="DAY_MONTH_YEAR"
HOMESCREENURL="./Portal/default.htm"
USERMUSTRESETPASSWORD="TRUE"
PRODUCTLOCALE="en-US"
STUDYLOCALE="en-US"/>


<USER  USERNAME="lsoruco"
USERTYPE="SITE"
FIRSTNAME="Luis"
LASTNAME="Soruco"
DISPLAYNAME="Luis Soruco"
COUNTRY="UNITED STATES"
PHONE="18479810560"
ALTPHONE="1"
FAX="1"
EMAIL="soruco.l@endocrinetrial.com"
ACTIVESTATE="true"
PASSWORD="jA91R6ioM7v8N341"
BEEPER="1"
USERDATEFORMAT="DAY_MONTH_YEAR"
HOMESCREENURL="./Portal/default.htm"
USERMUSTRESETPASSWORD="TRUE"
PRODUCTLOCALE="en-US"
STUDYLOCALE="en-US"/>


<USER  USERNAME="fmikell"
USERTYPE="SITE"
FIRSTNAME="Frank"
LASTNAME="Mikell"
DISPLAYNAME="Frank Mikell"
COUNTRY="UNITED STATES"
PHONE="12177878870"
ALTPHONE="1"
FAX="1"
EMAIL="fmikell@hshs.org"
ACTIVESTATE="true"
PASSWORD="sB9g5LrP23B4c6365"
BEEPER="1"
USERDATEFORMAT="DAY_MONTH_YEAR"
HOMESCREENURL="./Portal/default.htm"
USERMUSTRESETPASSWORD="TRUE"
PRODUCTLOCALE="en-US"
STUDYLOCALE="en-US"/>


<USER  USERNAME="inayberg"
USERTYPE="SITE"
FIRSTNAME="Irina"
LASTNAME="Nayberg"
DISPLAYNAME="Irina Nayberg"
COUNTRY="UNITED STATES"
PHONE="16506964261"
ALTPHONE="1"
FAX="1"
EMAIL="nayberi@sutterhealth.org"
ACTIVESTATE="true"
PASSWORD="lW3zR81I5kt5X8476"
BEEPER="1"
USERDATEFORMAT="DAY_MONTH_YEAR"
HOMESCREENURL="./Portal/default.htm"
USERMUSTRESETPASSWORD="TRUE"
PRODUCTLOCALE="en-US"
STUDYLOCALE="en-US"/>


<USER  USERNAME="mguerrero"
USERTYPE="SITE"
FIRSTNAME="Michael"
LASTNAME="Guerrero"
DISPLAYNAME="Michael  Guerrero"
COUNTRY="UNITED STATES"
PHONE="15592610992"
ALTPHONE="1"
FAX="1"
EMAIL="mjgkings@yahoo.com"
ACTIVESTATE="true"
PASSWORD="cO76j46QhJ58kT84909"
BEEPER="1"
USERDATEFORMAT="DAY_MONTH_YEAR"
HOMESCREENURL="./Portal/default.htm"
USERMUSTRESETPASSWORD="TRUE"
PRODUCTLOCALE="en-US"
STUDYLOCALE="en-US"/>


<USER  USERNAME="jhuynh"
USERTYPE="SITE"
FIRSTNAME="Judy"
LASTNAME="Huynh"
DISPLAYNAME="Judy  Huynh"
COUNTRY="UNITED STATES"
PHONE="17147347944"
ALTPHONE="1"
FAX="1"
EMAIL="uci.inc3@gmail.com"
ACTIVESTATE="true"
PASSWORD="b5SC5zgC79fG578525"
BEEPER="1"
USERDATEFORMAT="DAY_MONTH_YEAR"
HOMESCREENURL="./Portal/default.htm"
USERMUSTRESETPASSWORD="TRUE"
PRODUCTLOCALE="en-US"
STUDYLOCALE="en-US"/>


<USER  USERNAME="h9xmcgbdi_RE"
USERTYPE="SPONSOR"
FIRSTNAME="Report"
LASTNAME="Extractor"
DISPLAYNAME="RE"
COUNTRY="UNITED STATES"
PHONE="11"
ALTPHONE="1"
FAX="1"
EMAIL="satish.bantanahal@oracle.com"
ACTIVESTATE="true"
PASSWORD="W8ohR6rA3K3h9761"
BEEPER="1"
USERDATEFORMAT="DAY_MONTH_YEAR"
HOMESCREENURL="./Portal/default.htm"
USERMUSTRESETPASSWORD="TRUE"
PRODUCTLOCALE="en-US"
STUDYLOCALE="en-US"/>


<USER  USERNAME="z1x0494"
USERTYPE="SPONSOR"
FIRSTNAME="Michelle"
LASTNAME="Ledford"
DISPLAYNAME="Michelle Ledford"
COUNTRY="UNITED STATES"
PHONE="13173087434"
ALTPHONE="1"
FAX="1"
EMAIL="michelle.ledford@inventivhealth.com"
ACTIVESTATE="true"
PASSWORD="f1Yl58Lu10IfI35318"
BEEPER="1"
USERDATEFORMAT="DAY_MONTH_YEAR"
HOMESCREENURL="./Portal/default.htm"
USERMUSTRESETPASSWORD="TRUE"
PRODUCTLOCALE="en-US"
STUDYLOCALE="en-US"/>


<USER  USERNAME="v0x1656"
USERTYPE="SPONSOR"
FIRSTNAME="Richie"
LASTNAME="Escobal"
DISPLAYNAME="Richie Escobal"
COUNTRY="UNITED STATES"
PHONE="16197919834"
ALTPHONE="1"
FAX="1"
EMAIL="richie.escobal@inventivhealth.com"
ACTIVESTATE="true"
PASSWORD="r4Du51IyF48l4O875"
BEEPER="1"
USERDATEFORMAT="DAY_MONTH_YEAR"
HOMESCREENURL="./Portal/default.htm"
USERMUSTRESETPASSWORD="TRUE"
PRODUCTLOCALE="en-US"
STUDYLOCALE="en-US"/>


<USER  USERNAME="rm89018"
USERTYPE="SPONSOR"
FIRSTNAME="Rolanda"
LASTNAME="Brooks"
DISPLAYNAME="Rolanda Brooks"
COUNTRY="UNITED STATES"
PHONE="13172767757"
ALTPHONE="1"
FAX="1"
EMAIL="brooks_rolanda_n@lilly.com"
ACTIVESTATE="true"
PASSWORD="V5kiT46e4KqK638702"
BEEPER="1"
USERDATEFORMAT="DAY_MONTH_YEAR"
HOMESCREENURL="./Portal/default.htm"
USERMUSTRESETPASSWORD="TRUE"
PRODUCTLOCALE="en-US"
STUDYLOCALE="en-US"/>


<USER  USERNAME="c143125"
USERTYPE="SPONSOR"
FIRSTNAME="Brian"
LASTNAME="Dillman"
DISPLAYNAME="Brian Dillman"
COUNTRY="UNITED STATES"
PHONE="13174332638"
ALTPHONE="1"
FAX="1"
EMAIL="dillman_brian@lilly.com"
ACTIVESTATE="true"
PASSWORD="dL0kL2fE6rI75370"
BEEPER="1"
USERDATEFORMAT="DAY_MONTH_YEAR"
HOMESCREENURL="./Portal/default.htm"
USERMUSTRESETPASSWORD="TRUE"
PRODUCTLOCALE="en-US"
STUDYLOCALE="en-US"/>


<USER  USERNAME="c090108"
USERTYPE="SPONSOR"
FIRSTNAME="Kraig"
LASTNAME="Hodson"
DISPLAYNAME="Kraig Hodson"
COUNTRY="UNITED STATES"
PHONE="13176514674"
ALTPHONE="1"
FAX="1"
EMAIL="hodson_kraig_e@lilly.com"
ACTIVESTATE="true"
PASSWORD="vU9F6geP63oR866407"
BEEPER="1"
USERDATEFORMAT="DAY_MONTH_YEAR"
HOMESCREENURL="./Portal/default.htm"
USERMUSTRESETPASSWORD="TRUE"
PRODUCTLOCALE="en-US"
STUDYLOCALE="en-US"/>


<USER  USERNAME="c068502"
USERTYPE="SPONSOR"
FIRSTNAME="Jennifer"
LASTNAME="Huston"
DISPLAYNAME="Jennifer Huston"
COUNTRY="UNITED STATES"
PHONE="13176511465"
ALTPHONE="1"
FAX="1"
EMAIL="jhuston@lilly.com"
ACTIVESTATE="true"
PASSWORD="fD79l54QT1qfZ02544"
BEEPER="1"
USERDATEFORMAT="DAY_MONTH_YEAR"
HOMESCREENURL="./Portal/default.htm"
USERMUSTRESETPASSWORD="TRUE"
PRODUCTLOCALE="en-US"
STUDYLOCALE="en-US"/>


<USER  USERNAME="c021984"
USERTYPE="SPONSOR"
FIRSTNAME="Kira"
LASTNAME="Miles"
DISPLAYNAME="Kira Miles"
COUNTRY="UNITED STATES"
PHONE="13172772189"
ALTPHONE="1"
FAX="1"
EMAIL="miles_kira_d@lilly.com"
ACTIVESTATE="true"
PASSWORD="lY92rI93eN5qV501704"
BEEPER="1"
USERDATEFORMAT="DAY_MONTH_YEAR"
HOMESCREENURL="./Portal/default.htm"
USERMUSTRESETPASSWORD="TRUE"
PRODUCTLOCALE="en-US"
STUDYLOCALE="en-US"/>


<USER  USERNAME="c089548"
USERTYPE="SPONSOR"
FIRSTNAME="Douglas"
LASTNAME="Roepke"
DISPLAYNAME="Douglas Roepke"
COUNTRY="UNITED STATES"
PHONE="13172767364"
ALTPHONE="1"
FAX="1"
EMAIL="roepke_douglas_andrew@lilly.com"
ACTIVESTATE="true"
PASSWORD="b48Hr54SkT15n4O5026"
BEEPER="1"
USERDATEFORMAT="DAY_MONTH_YEAR"
HOMESCREENURL="./Portal/default.htm"
USERMUSTRESETPASSWORD="TRUE"
PRODUCTLOCALE="en-US"
STUDYLOCALE="en-US"/>


<USER  USERNAME="rm94611"
USERTYPE="SPONSOR"
FIRSTNAME="Jennifer"
LASTNAME="Wilson"
DISPLAYNAME="Jennifer Wilson"
COUNTRY="UNITED STATES"
PHONE="13174339806"
ALTPHONE="1"
FAX="1"
EMAIL="wilson_jennifer_elaine@lilly.com"
ACTIVESTATE="true"
PASSWORD="sE50N4vz9OgB51780"
BEEPER="1"
USERDATEFORMAT="DAY_MONTH_YEAR"
HOMESCREENURL="./Portal/default.htm"
USERMUSTRESETPASSWORD="TRUE"
PRODUCTLOCALE="en-US"
STUDYLOCALE="en-US"/>


<USER  USERNAME="c026390"
USERTYPE="SPONSOR"
FIRSTNAME="Susan"
LASTNAME="Woodring"
DISPLAYNAME="Susan Woodring"
COUNTRY="UNITED STATES"
PHONE="13176552039"
ALTPHONE="1"
FAX="1"
EMAIL="woodring_susan_e@lilly.com"
ACTIVESTATE="true"
PASSWORD="gN45x43Jp27QT5y7816"
BEEPER="1"
USERDATEFORMAT="DAY_MONTH_YEAR"
HOMESCREENURL="./Portal/default.htm"
USERMUSTRESETPASSWORD="TRUE"
PRODUCTLOCALE="en-US"
STUDYLOCALE="en-US"/>


<USER  USERNAME="z2x1565"
USERTYPE="SPONSOR"
FIRSTNAME="Kirti"
LASTNAME="Bhangale"
DISPLAYNAME="Kirti Bhangale"
COUNTRY="INDIA"
PHONE="912030569286"
ALTPHONE="91"
FAX="91"
EMAIL="kirti.bhangale@inventivhealth.com"
ACTIVESTATE="true"
PASSWORD="aI58rF67Q8viF16976"
BEEPER="91"
USERDATEFORMAT="DAY_MONTH_YEAR"
HOMESCREENURL="./Portal/default.htm"
USERMUSTRESETPASSWORD="TRUE"
PRODUCTLOCALE="en-US"
STUDYLOCALE="en-US"/>


<USER  USERNAME="mwukelic"
USERTYPE="SITE"
FIRSTNAME="Michael"
LASTNAME="Wukelic"
DISPLAYNAME="Michael  Wukelic"
COUNTRY="UNITED STATES"
PHONE="15097556530"
ALTPHONE="1"
FAX="1"
EMAIL="mwukelic@rockwoodclinic.com"
ACTIVESTATE="true"
PASSWORD="jO23vY64v10UrW77018"
BEEPER="1"
USERDATEFORMAT="DAY_MONTH_YEAR"
HOMESCREENURL="./Portal/default.htm"
USERMUSTRESETPASSWORD="TRUE"
PRODUCTLOCALE="en-US"
STUDYLOCALE="en-US"/>


<USER  USERNAME="kgross"
USERTYPE="SITE"
FIRSTNAME="Ken"
LASTNAME="Gross"
DISPLAYNAME="Ken Gross"
COUNTRY="UNITED STATES"
PHONE="12068604761"
ALTPHONE="1"
FAX="1"
EMAIL="ken.gross@polyclinic.com"
ACTIVESTATE="true"
PASSWORD="C1wtX8cT5x88J5241"
BEEPER="1"
USERDATEFORMAT="DAY_MONTH_YEAR"
HOMESCREENURL="./Portal/default.htm"
USERMUSTRESETPASSWORD="TRUE"
PRODUCTLOCALE="en-US"
STUDYLOCALE="en-US"/>


<USER  USERNAME="aodugbesan"
USERTYPE="SITE"
FIRSTNAME="A Ola"
LASTNAME="Odugbesan"
DISPLAYNAME="A Ola Odugbesan"
COUNTRY="UNITED STATES"
PHONE="16782522375"
ALTPHONE="1"
FAX="1"
EMAIL="sango3421@hotmail.com"
ACTIVESTATE="true"
PASSWORD="eY4eW67mM70xK28857"
BEEPER="1"
USERDATEFORMAT="DAY_MONTH_YEAR"
HOMESCREENURL="./Portal/default.htm"
USERMUSTRESETPASSWORD="TRUE"
PRODUCTLOCALE="en-US"
STUDYLOCALE="en-US"/>


<USER  USERNAME="abackus"
USERTYPE="SITE"
FIRSTNAME="Arnetta"
LASTNAME="Backus"
DISPLAYNAME="Arnetta Backus"
COUNTRY="UNITED STATES"
PHONE="12175462064"
ALTPHONE="1"
FAX="1"
EMAIL="abackus@hshs.org"
ACTIVESTATE="true"
PASSWORD="aH52K5by4ZZ4i5476"
BEEPER="1"
USERDATEFORMAT="DAY_MONTH_YEAR"
HOMESCREENURL="./Portal/default.htm"
USERMUSTRESETPASSWORD="TRUE"
PRODUCTLOCALE="en-US"
STUDYLOCALE="en-US"/>


<USER  USERNAME="cstafford"
USERTYPE="SITE"
FIRSTNAME="Claire"
LASTNAME="Stafford"
DISPLAYNAME="Claire Stafford"
COUNTRY="UNITED KINGDOM"
PHONE="44441792704078"
ALTPHONE="44"
FAX="44"
EMAIL="claire.stafford@wales.nhs.uk"
ACTIVESTATE="true"
PASSWORD="pX4fF8X6bsO796004"
BEEPER="44"
USERDATEFORMAT="DAY_MONTH_YEAR"
HOMESCREENURL="./Portal/default.htm"
USERMUSTRESETPASSWORD="TRUE"
PRODUCTLOCALE="en-US"
STUDYLOCALE="en-US"/>


<USER  USERNAME="kdavis"
USERTYPE="SITE"
FIRSTNAME="Kenita"
LASTNAME="Davis"
DISPLAYNAME="Kenita Davis"
COUNTRY="UNITED STATES"
PHONE="12068604761"
ALTPHONE="1"
FAX="1"
EMAIL="Kenita.Davis@polyclinic.com"
ACTIVESTATE="true"
PASSWORD="mI55lD95eZ5nZ69129"
BEEPER="1"
USERDATEFORMAT="DAY_MONTH_YEAR"
HOMESCREENURL="./Portal/default.htm"
USERMUSTRESETPASSWORD="TRUE"
PRODUCTLOCALE="en-US"
STUDYLOCALE="en-US"/>


<USER  USERNAME="kwardell"
USERTYPE="SITE"
FIRSTNAME="Karla"
LASTNAME="Wardell"
DISPLAYNAME="Karla Wardell"
COUNTRY="UNITED STATES"
PHONE="16782522375"
ALTPHONE="1"
FAX="1"
EMAIL="karlaw@northatlantaendo.com"
ACTIVESTATE="true"
PASSWORD="yB15z91UfX27iI445562"
BEEPER="1"
USERDATEFORMAT="DAY_MONTH_YEAR"
HOMESCREENURL="./Portal/default.htm"
USERMUSTRESETPASSWORD="TRUE"
PRODUCTLOCALE="en-US"
STUDYLOCALE="en-US"/>


<USER  USERNAME="kpuccio"
USERTYPE="SITE"
FIRSTNAME="Kimberly"
LASTNAME="Puccio"
DISPLAYNAME="Kimberly Puccio"
COUNTRY="UNITED STATES"
PHONE="18652444277"
ALTPHONE="1"
FAX="1"
EMAIL="kpuccio@pmg-research.com"
ACTIVESTATE="true"
PASSWORD="k72PjT67oW0vQ271994"
BEEPER="1"
USERDATEFORMAT="DAY_MONTH_YEAR"
HOMESCREENURL="./Portal/default.htm"
USERMUSTRESETPASSWORD="TRUE"
PRODUCTLOCALE="en-US"
STUDYLOCALE="en-US"/>


<USER  USERNAME="ngarcia"
USERTYPE="SITE"
FIRSTNAME="Noemi"
LASTNAME="Garcia"
DISPLAYNAME="Noemi Garcia"
COUNTRY="UNITED STATES"
PHONE="17878541779"
ALTPHONE="1"
FAX="1"
EMAIL="noemigar52@gmail.com"
ACTIVESTATE="true"
PASSWORD="wH4dY5wX78dT354995"
BEEPER="1"
USERDATEFORMAT="DAY_MONTH_YEAR"
HOMESCREENURL="./Portal/default.htm"
USERMUSTRESETPASSWORD="TRUE"
PRODUCTLOCALE="en-US"
STUDYLOCALE="en-US"/>


<USER  USERNAME="mmendez"
USERTYPE="SITE"
FIRSTNAME="Maria"
LASTNAME="Mendez"
DISPLAYNAME="Maria Mendez"
COUNTRY="UNITED STATES"
PHONE="17878408293"
ALTPHONE="1"
FAX="1"
EMAIL="maria_mdz1@yahoo.com"
ACTIVESTATE="true"
PASSWORD="yE35F0opQ0b24C8611"
BEEPER="1"
USERDATEFORMAT="DAY_MONTH_YEAR"
HOMESCREENURL="./Portal/default.htm"
USERMUSTRESETPASSWORD="TRUE"
PRODUCTLOCALE="en-US"
STUDYLOCALE="en-US"/>


<USER  USERNAME="njimenez"
USERTYPE="SITE"
FIRSTNAME="Nancy"
LASTNAME="Jimenez"
DISPLAYNAME="Nancy Jimenez"
COUNTRY="UNITED STATES"
PHONE="17878402505"
ALTPHONE="1"
FAX="1"
EMAIL="njimenez@psm.edu"
ACTIVESTATE="true"
PASSWORD="z1GzX2aJ30gT92329"
BEEPER="1"
USERDATEFORMAT="DAY_MONTH_YEAR"
HOMESCREENURL="./Portal/default.htm"
USERMUSTRESETPASSWORD="TRUE"
PRODUCTLOCALE="en-US"
STUDYLOCALE="en-US"/>


<USER  USERNAME="lflores"
USERTYPE="SITE"
FIRSTNAME="Lucy"
LASTNAME="Flores"
DISPLAYNAME="Lucy Flores"
COUNTRY="UNITED STATES"
PHONE="17877467057"
ALTPHONE="1"
FAX="1"
EMAIL="lucyflores59@hotmail.com"
ACTIVESTATE="true"
PASSWORD="yX28k86Ao7MlG725945"
BEEPER="1"
USERDATEFORMAT="DAY_MONTH_YEAR"
HOMESCREENURL="./Portal/default.htm"
USERMUSTRESETPASSWORD="TRUE"
PRODUCTLOCALE="en-US"
STUDYLOCALE="en-US"/>


<USER  USERNAME="wgonzalez"
USERTYPE="SITE"
FIRSTNAME="Waleska"
LASTNAME="Gonzalez"
DISPLAYNAME="Waleska Gonzalez"
COUNTRY="UNITED STATES"
PHONE="17877215424"
ALTPHONE="1"
FAX="1"
EMAIL="wgonzalez@atcpr.com"
ACTIVESTATE="true"
PASSWORD="w78EeW9xU7qU69562"
BEEPER="1"
USERDATEFORMAT="DAY_MONTH_YEAR"
HOMESCREENURL="./Portal/default.htm"
USERMUSTRESETPASSWORD="TRUE"
PRODUCTLOCALE="en-US"
STUDYLOCALE="en-US"/>


<USER  USERNAME="dballard"
USERTYPE="SITE"
FIRSTNAME="Diane"
LASTNAME="Ballard"
DISPLAYNAME="Diane Ballard"
COUNTRY="UNITED STATES"
PHONE="18592782232"
ALTPHONE="1"
FAX="1"
EMAIL="dballard@kyde.com"
ACTIVESTATE="true"
PASSWORD="V2qzO3p6QuU706303"
BEEPER="1"
USERDATEFORMAT="DAY_MONTH_YEAR"
HOMESCREENURL="./Portal/default.htm"
USERMUSTRESETPASSWORD="TRUE"
PRODUCTLOCALE="en-US"
STUDYLOCALE="en-US"/>


<USER  USERNAME="naldhalimy"
USERTYPE="SITE"
FIRSTNAME="Nadia"
LASTNAME="Aldhalimy"
DISPLAYNAME="Nadia Aldhalimy"
COUNTRY="UNITED STATES"
PHONE="13135818903"
ALTPHONE="1"
FAX="1"
EMAIL="n.aldhalimy@gmail.com"
ACTIVESTATE="true"
PASSWORD="tO1R9tX3iM8f6896"
BEEPER="1"
USERDATEFORMAT="DAY_MONTH_YEAR"
HOMESCREENURL="./Portal/default.htm"
USERMUSTRESETPASSWORD="TRUE"
PRODUCTLOCALE="en-US"
STUDYLOCALE="en-US"/>


<USER  USERNAME="amaheshwari"
USERTYPE="SITE"
FIRSTNAME="Alka"
LASTNAME="Maheshwari"
DISPLAYNAME="Alka  Maheshwari"
COUNTRY="UNITED STATES"
PHONE="18154446362"
ALTPHONE="1"
FAX="1"
EMAIL="alka400@midwestcrc.com"
ACTIVESTATE="true"
PASSWORD="rL13cU5u97KuH0614"
BEEPER="1"
USERDATEFORMAT="DAY_MONTH_YEAR"
HOMESCREENURL="./Portal/default.htm"
USERMUSTRESETPASSWORD="TRUE"
PRODUCTLOCALE="en-US"
STUDYLOCALE="en-US"/>


<USER  USERNAME="jbueno"
USERTYPE="SITE"
FIRSTNAME="Jacqueline"
LASTNAME="Bueno"
DISPLAYNAME="Jacqueline Bueno"
COUNTRY="UNITED STATES"
PHONE="18479810560"
ALTPHONE="1"
FAX="1"
EMAIL="bueno.j@endocrinetrial.com"
ACTIVESTATE="true"
PASSWORD="tD6nP4vX21Z7n6945"
BEEPER="1"
USERDATEFORMAT="DAY_MONTH_YEAR"
HOMESCREENURL="./Portal/default.htm"
USERMUSTRESETPASSWORD="TRUE"
PRODUCTLOCALE="en-US"
STUDYLOCALE="en-US"/>


<USER  USERNAME="z1x1849"
USERTYPE="SPONSOR"
FIRSTNAME="Penny"
LASTNAME="Hunter"
DISPLAYNAME="Penny Hunter"
COUNTRY="UNITED STATES"
PHONE="13178972238"
ALTPHONE="1"
FAX="1"
EMAIL="penny.hunter@quintiles.com"
ACTIVESTATE="true"
PASSWORD="l11LvY1wW3sL9584"
BEEPER="1"
USERDATEFORMAT="DAY_MONTH_YEAR"
HOMESCREENURL="./Portal/default.htm"
USERMUSTRESETPASSWORD="TRUE"
PRODUCTLOCALE="en-US"
STUDYLOCALE="en-US"/>


<USER  USERNAME="z1x1896"
USERTYPE="SPONSOR"
FIRSTNAME="Erica"
LASTNAME="Kubea"
DISPLAYNAME="Erica Kubea"
COUNTRY="UNITED STATES"
PHONE="17652922476"
ALTPHONE="1"
FAX="1"
EMAIL="erica.kubea@quintiles.com"
ACTIVESTATE="true"
PASSWORD="hZ13mY0a75FiJ724522"
BEEPER="1"
USERDATEFORMAT="DAY_MONTH_YEAR"
HOMESCREENURL="./Portal/default.htm"
USERMUSTRESETPASSWORD="TRUE"
PRODUCTLOCALE="en-US"
STUDYLOCALE="en-US"/>


<USER  USERNAME="z1x1789"
USERTYPE="SPONSOR"
FIRSTNAME="Donna"
LASTNAME="Mosser"
DISPLAYNAME="Donna Mosser"
COUNTRY="UNITED STATES"
PHONE="18034261668"
ALTPHONE="1"
FAX="1"
EMAIL="Donna.Mosser@Quintiles.com"
ACTIVESTATE="true"
PASSWORD="S0uhX35nA6v5E968"
BEEPER="1"
USERDATEFORMAT="DAY_MONTH_YEAR"
HOMESCREENURL="./Portal/default.htm"
USERMUSTRESETPASSWORD="TRUE"
PRODUCTLOCALE="en-US"
STUDYLOCALE="en-US"/>


<USER  USERNAME="z2x7248"
USERTYPE="SPONSOR"
FIRSTNAME="Shaleea"
LASTNAME="Bond"
DISPLAYNAME="Shaleea Bond"
COUNTRY="UNITED STATES"
PHONE="19199982821"
ALTPHONE="1"
FAX="1"
EMAIL="shaleea.bond@quintiles.com"
ACTIVESTATE="true"
PASSWORD="pJ97dE68qW8Z9s1882"
BEEPER="1"
USERDATEFORMAT="DAY_MONTH_YEAR"
HOMESCREENURL="./Portal/default.htm"
USERMUSTRESETPASSWORD="TRUE"
PRODUCTLOCALE="en-US"
STUDYLOCALE="en-US"/>


<USER  USERNAME="c192611"
USERTYPE="SPONSOR"
FIRSTNAME="Jennifer"
LASTNAME="Okpala"
DISPLAYNAME="Jennifer Okpala"
COUNTRY="UNITED STATES"
PHONE="19109222493"
ALTPHONE="1"
FAX="1"
EMAIL="jennifer.okpala@quintiles.com"
ACTIVESTATE="true"
PASSWORD="t1ED1yZ0nh6M8535"
BEEPER="1"
USERDATEFORMAT="DAY_MONTH_YEAR"
HOMESCREENURL="./Portal/default.htm"
USERMUSTRESETPASSWORD="TRUE"
PRODUCTLOCALE="en-US"
STUDYLOCALE="en-US"/>


<USER  USERNAME="c192448"
USERTYPE="SPONSOR"
FIRSTNAME="Ben"
LASTNAME="Rogers"
DISPLAYNAME="Ben Rogers"
COUNTRY="UNITED STATES"
PHONE="19197686484"
ALTPHONE="1"
FAX="1"
EMAIL="ben.rogers@quintiles.com"
ACTIVESTATE="true"
PASSWORD="bX63wR16g4VwP43499"
BEEPER="1"
USERDATEFORMAT="DAY_MONTH_YEAR"
HOMESCREENURL="./Portal/default.htm"
USERMUSTRESETPASSWORD="TRUE"
PRODUCTLOCALE="en-US"
STUDYLOCALE="en-US"/>


<USER  USERNAME="tedelsberger"
USERTYPE="SITE"
FIRSTNAME="Tomas"
LASTNAME="Edelsberger"
DISPLAYNAME="Tomas Edelsberger"
COUNTRY="CZECH REPUBLIC"
PHONE="420420597829789"
ALTPHONE="420"
FAX="420"
EMAIL="edelsberger@gmail.com"
ACTIVESTATE="true"
PASSWORD="z36MgT4tE1cM405545"
BEEPER="420"
USERDATEFORMAT="DAY_MONTH_YEAR"
HOMESCREENURL="./Portal/default.htm"
USERMUSTRESETPASSWORD="TRUE"
PRODUCTLOCALE="en-US"
STUDYLOCALE="en-US"/>


<USER  USERNAME="lraclavska"
USERTYPE="SITE"
FIRSTNAME="Lea"
LASTNAME="Raclavska"
DISPLAYNAME="Lea Raclavska"
COUNTRY="CZECH REPUBLIC"
PHONE="420420311746335"
ALTPHONE="420"
FAX="420"
EMAIL="raclavska@medicentrum.cz"
ACTIVESTATE="true"
PASSWORD="jJ97oB73yM7J0m4299"
BEEPER="420"
USERDATEFORMAT="DAY_MONTH_YEAR"
HOMESCREENURL="./Portal/default.htm"
USERMUSTRESETPASSWORD="TRUE"
PRODUCTLOCALE="en-US"
STUDYLOCALE="en-US"/>


<USER  USERNAME="skopecka"
USERTYPE="SITE"
FIRSTNAME="Sarka"
LASTNAME="Kopecka"
DISPLAYNAME="Sarka Kopecka"
COUNTRY="CZECH REPUBLIC"
PHONE="420420326534790"
ALTPHONE="420"
FAX="420"
EMAIL="kopecka@diacentrumbnl.cz"
ACTIVESTATE="true"
PASSWORD="nZ29xU4H9hoY813706"
BEEPER="420"
USERDATEFORMAT="DAY_MONTH_YEAR"
HOMESCREENURL="./Portal/default.htm"
USERMUSTRESETPASSWORD="TRUE"
PRODUCTLOCALE="en-US"
STUDYLOCALE="en-US"/>


<USER  USERNAME="MSzabo"
USERTYPE="SITE"
FIRSTNAME="Marcela"
LASTNAME="Szabo"
DISPLAYNAME="Marcela Szabo"
COUNTRY="CZECH REPUBLIC"
PHONE="420420326534790"
ALTPHONE="420"
FAX="420"
EMAIL="MSzabo@seznam.cz"
ACTIVESTATE="true"
PASSWORD="U2oqB2kN1h6I4867"
BEEPER="420"
USERDATEFORMAT="DAY_MONTH_YEAR"
HOMESCREENURL="./Portal/default.htm"
USERMUSTRESETPASSWORD="TRUE"
PRODUCTLOCALE="en-US"
STUDYLOCALE="en-US"/>


<USER  USERNAME="edvorakova"
USERTYPE="SITE"
FIRSTNAME="Eva"
LASTNAME="Dvorakova"
DISPLAYNAME="Eva Dvorakova"
COUNTRY="CZECH REPUBLIC"
PHONE="420420272917011"
ALTPHONE="420"
FAX="420"
EMAIL="eva.dvorakova@cityofprague.cz"
ACTIVESTATE="true"
PASSWORD="k73YgU78uV60c6X4273"
BEEPER="420"
USERDATEFORMAT="DAY_MONTH_YEAR"
HOMESCREENURL="./Portal/default.htm"
USERMUSTRESETPASSWORD="TRUE"
PRODUCTLOCALE="en-US"
STUDYLOCALE="en-US"/>


<USER  USERNAME="mleblova"
USERTYPE="SITE"
FIRSTNAME="Marie"
LASTNAME="Loblova"
DISPLAYNAME="Marie Loblova"
COUNTRY="CZECH REPUBLIC"
PHONE="420420386350350"
ALTPHONE="420"
FAX="420"
EMAIL="m.loblova@seznam.cz"
ACTIVESTATE="true"
PASSWORD="t3VU2cR7qk40C5126"
BEEPER="420"
USERDATEFORMAT="DAY_MONTH_YEAR"
HOMESCREENURL="./Portal/default.htm"
USERMUSTRESETPASSWORD="TRUE"
PRODUCTLOCALE="en-US"
STUDYLOCALE="en-US"/>


<USER  USERNAME="eadorjani"
USERTYPE="SITE"
FIRSTNAME="Endre"
LASTNAME="Adorjani"
DISPLAYNAME="Endre Adorjani"
COUNTRY="HUNGARY"
PHONE="363617857185"
ALTPHONE="36"
FAX="36"
EMAIL="adorjani.endre@freemail.hu"
ACTIVESTATE="true"
PASSWORD="iN7S8id9ZjC14840"
BEEPER="36"
USERDATEFORMAT="DAY_MONTH_YEAR"
HOMESCREENURL="./Portal/default.htm"
USERMUSTRESETPASSWORD="TRUE"
PRODUCTLOCALE="en-US"
STUDYLOCALE="en-US"/>


<USER  USERNAME="cfajardoMontana"
USERTYPE="SITE"
FIRSTNAME="Fajardo"
LASTNAME="Montaña"
DISPLAYNAME="Fajardo Montaña"
COUNTRY="SPAIN"
PHONE="3434962458156"
ALTPHONE="34"
FAX="34"
EMAIL="cfajardo@hospital-ribera.com"
ACTIVESTATE="true"
PASSWORD="m6ObH68qQ59aZ68742"
BEEPER="34"
USERDATEFORMAT="DAY_MONTH_YEAR"
HOMESCREENURL="./Portal/default.htm"
USERMUSTRESETPASSWORD="TRUE"
PRODUCTLOCALE="en-US"
STUDYLOCALE="en-US"/>


<USER  USERNAME="eperez"
USERTYPE="SITE"
FIRSTNAME="Elena"
LASTNAME="Perez Montero"
DISPLAYNAME="Elena Perez Montero"
COUNTRY="SPAIN"
PHONE="3434913908626"
ALTPHONE="34"
FAX="34"
EMAIL="ensayos.quiron.endo@gmail.com"
ACTIVESTATE="true"
PASSWORD="e6Fp13TpC84U3h9739"
BEEPER="34"
USERDATEFORMAT="DAY_MONTH_YEAR"
HOMESCREENURL="./Portal/default.htm"
USERMUSTRESETPASSWORD="TRUE"
PRODUCTLOCALE="en-US"
STUDYLOCALE="en-US"/>


<USER  USERNAME="cyribarnegaray"
USERTYPE="SITE"
FIRSTNAME="Carolina"
LASTNAME="Yribarnegaray"
DISPLAYNAME="Carolina Yribarnegaray"
COUNTRY="SPAIN"
PHONE="3434913908626"
ALTPHONE="34"
FAX="34"
EMAIL="analisis.quiron.endo@gmail.com"
ACTIVESTATE="true"
PASSWORD="oE13pL43L4fd26R3100"
BEEPER="34"
USERDATEFORMAT="DAY_MONTH_YEAR"
HOMESCREENURL="./Portal/default.htm"
USERMUSTRESETPASSWORD="TRUE"
PRODUCTLOCALE="en-US"
STUDYLOCALE="en-US"/>


<USER  USERNAME="cgil"
USERTYPE="SITE"
FIRSTNAME="Cristina"
LASTNAME="Gil Gómez"
DISPLAYNAME="Cristina  Gil Gómez"
COUNTRY="SPAIN"
PHONE="3434954330856"
ALTPHONE="34"
FAX="34"
EMAIL="cristinagg78@gmail.com"
ACTIVESTATE="true"
PASSWORD="iU3g18An7JbG322506"
BEEPER="34"
USERDATEFORMAT="DAY_MONTH_YEAR"
HOMESCREENURL="./Portal/default.htm"
USERMUSTRESETPASSWORD="TRUE"
PRODUCTLOCALE="en-US"
STUDYLOCALE="en-US"/>


<USER  USERNAME="jjackson"
USERTYPE="SITE"
FIRSTNAME="Jane"
LASTNAME="Jackson"
DISPLAYNAME="Jane Jackson"
COUNTRY="UNITED KINGDOM"
PHONE="44441483571122"
ALTPHONE="44"
FAX="44"
EMAIL="jane.jackson7@nhs.net"
ACTIVESTATE="true"
PASSWORD="W1njJ2wS7u0L6074"
BEEPER="44"
USERDATEFORMAT="DAY_MONTH_YEAR"
HOMESCREENURL="./Portal/default.htm"
USERMUSTRESETPASSWORD="TRUE"
PRODUCTLOCALE="en-US"
STUDYLOCALE="en-US"/>


<USER  USERNAME="mdavies"
USERTYPE="SITE"
FIRSTNAME="Melanie"
LASTNAME="Davies"
DISPLAYNAME="Melanie Davies"
COUNTRY="UNITED KINGDOM"
PHONE="44441162490490"
ALTPHONE="44"
FAX="44"
EMAIL="melanie.davies@uhl-tr-nhs.uk"
ACTIVESTATE="true"
PASSWORD="aW45P3gi81Pu2Z2765"
BEEPER="44"
USERDATEFORMAT="DAY_MONTH_YEAR"
HOMESCREENURL="./Portal/default.htm"
USERMUSTRESETPASSWORD="TRUE"
PRODUCTLOCALE="en-US"
STUDYLOCALE="en-US"/>


<USER  USERNAME="jstephens"
USERTYPE="SITE"
FIRSTNAME="Jeffrey"
LASTNAME="Stephens"
DISPLAYNAME="Jeffrey Stephens"
COUNTRY="UNITED KINGDOM"
PHONE="44441792704078"
ALTPHONE="44"
FAX="44"
EMAIL="j.w.stephens@swansea.ac.uk"
ACTIVESTATE="true"
PASSWORD="c0LqH10wC42pQ29048"
BEEPER="44"
USERDATEFORMAT="DAY_MONTH_YEAR"
HOMESCREENURL="./Portal/default.htm"
USERMUSTRESETPASSWORD="TRUE"
PRODUCTLOCALE="en-US"
STUDYLOCALE="en-US"/>


<USER  USERNAME="cfagan"
USERTYPE="SITE"
FIRSTNAME="Claire"
LASTNAME="Fagan"
DISPLAYNAME="Claire Fagan"
COUNTRY="UNITED KINGDOM"
PHONE="44441792704078"
ALTPHONE="44"
FAX="44"
EMAIL="Claire.Fagan@wales.nhs.uk"
ACTIVESTATE="true"
PASSWORD="dC52bI2oJ2U2t5431"
BEEPER="44"
USERDATEFORMAT="DAY_MONTH_YEAR"
HOMESCREENURL="./Portal/default.htm"
USERMUSTRESETPASSWORD="TRUE"
PRODUCTLOCALE="en-US"
STUDYLOCALE="en-US"/>


<USER  USERNAME="gmanzoni"
USERTYPE="SITE"
FIRSTNAME="Giuseppina"
LASTNAME="Manzoni"
DISPLAYNAME="Giuseppina   Manzoni"
COUNTRY="ITALY"
PHONE="393906225149160"
ALTPHONE="39"
FAX="39"
EMAIL="giuseppina.manzoni@policlinicodimonza.it"
ACTIVESTATE="true"
PASSWORD="f57XbH77C1nhT293108"
BEEPER="39"
USERDATEFORMAT="DAY_MONTH_YEAR"
HOMESCREENURL="./Portal/default.htm"
USERMUSTRESETPASSWORD="TRUE"
PRODUCTLOCALE="en-US"
STUDYLOCALE="en-US"/>


<USER  USERNAME="cstrang"
USERTYPE="SITE"
FIRSTNAME="Christopher"
LASTNAME="Strang"
DISPLAYNAME="Christopher Strang"
COUNTRY="UNITED KINGDOM"
PHONE="44441189480034"
ALTPHONE="44"
FAX="44"
EMAIL="Chris.strang@nhs.net"
ACTIVESTATE="true"
PASSWORD="kX2iG9wM19A4d2123"
BEEPER="44"
USERDATEFORMAT="DAY_MONTH_YEAR"
HOMESCREENURL="./Portal/default.htm"
USERMUSTRESETPASSWORD="TRUE"
PRODUCTLOCALE="en-US"
STUDYLOCALE="en-US"/>


<USER  USERNAME="cwinch"
USERTYPE="SITE"
FIRSTNAME="Claire"
LASTNAME="Winch"
DISPLAYNAME="Claire Winch"
COUNTRY="UNITED KINGDOM"
PHONE="44441189480034"
ALTPHONE="44"
FAX="44"
EMAIL="Clairewinch@nhs.net"
ACTIVESTATE="true"
PASSWORD="bW3tI57c38OwS55999"
BEEPER="44"
USERDATEFORMAT="DAY_MONTH_YEAR"
HOMESCREENURL="./Portal/default.htm"
USERMUSTRESETPASSWORD="TRUE"
PRODUCTLOCALE="en-US"
STUDYLOCALE="en-US"/>


<USER  USERNAME="z1x9763"
USERTYPE="SPONSOR"
FIRSTNAME="Jeanette"
LASTNAME="Brosnan"
DISPLAYNAME="Jeanette Brosnan"
COUNTRY="IRELAND"
PHONE="35335312912008"
ALTPHONE="353"
FAX="353"
EMAIL="Jeanette.Brosnan@iconplc.com"
ACTIVESTATE="true"
PASSWORD="gD3wX1B0gv4V4487"
BEEPER="353"
USERDATEFORMAT="DAY_MONTH_YEAR"
HOMESCREENURL="./Portal/default.htm"
USERMUSTRESETPASSWORD="TRUE"
PRODUCTLOCALE="en-US"
STUDYLOCALE="en-US"/>


<USER  USERNAME="z3x1262"
USERTYPE="SPONSOR"
FIRSTNAME="Radka"
LASTNAME="Vitaskova"
DISPLAYNAME="Radka Vitaskova"
COUNTRY="CZECH REPUBLIC"
PHONE="420420721440802"
ALTPHONE="420"
FAX="420"
EMAIL="Radka.Vitaskova@iconplc.com"
ACTIVESTATE="true"
PASSWORD="O0yvD39x50Df12Q6595"
BEEPER="420"
USERDATEFORMAT="DAY_MONTH_YEAR"
HOMESCREENURL="./Portal/default.htm"
USERMUSTRESETPASSWORD="TRUE"
PRODUCTLOCALE="en-US"
STUDYLOCALE="en-US"/>


<USER  USERNAME="c178085"
USERTYPE="SPONSOR"
FIRSTNAME="Maria Chiara"
LASTNAME="Lagrimosa"
DISPLAYNAME="Maria Chiara Lagrimosa"
COUNTRY="ITALY"
PHONE="39393453131223"
ALTPHONE="39"
FAX="39"
EMAIL="MariaChiara.Lagrimosa@iconplc.com"
ACTIVESTATE="true"
PASSWORD="uB66dG25L7tnA46855"
BEEPER="39"
USERDATEFORMAT="DAY_MONTH_YEAR"
HOMESCREENURL="./Portal/default.htm"
USERMUSTRESETPASSWORD="TRUE"
PRODUCTLOCALE="en-US"
STUDYLOCALE="en-US"/>


<USER  USERNAME="z3x0816"
USERTYPE="SPONSOR"
FIRSTNAME="Joanna"
LASTNAME="Zychowicz"
DISPLAYNAME="Joanna Zychowicz"
COUNTRY="UNITED KINGDOM"
PHONE="44353872245616"
ALTPHONE="44"
FAX="44"
EMAIL="Joanna.Zychowicz@iconplc.com"
ACTIVESTATE="true"
PASSWORD="yH8z27LaG0dZ799520"
BEEPER="44"
USERDATEFORMAT="DAY_MONTH_YEAR"
HOMESCREENURL="./Portal/default.htm"
USERMUSTRESETPASSWORD="TRUE"
PRODUCTLOCALE="en-US"
STUDYLOCALE="en-US"/>


<USER  USERNAME="gkreckova"
USERTYPE="SITE"
FIRSTNAME="Gabriela"
LASTNAME="Kreckova"
DISPLAYNAME="Gabriela Kreckova"
COUNTRY="CZECH REPUBLIC"
PHONE="420420272917011"
ALTPHONE="420"
FAX="420"
EMAIL="g.kreckova@diabetologiepraha4.cz"
ACTIVESTATE="true"
PASSWORD="m65Pw2LM9qhE43017"
BEEPER="420"
USERDATEFORMAT="DAY_MONTH_YEAR"
HOMESCREENURL="./Portal/default.htm"
USERMUSTRESETPASSWORD="TRUE"
PRODUCTLOCALE="en-US"
STUDYLOCALE="en-US"/>


<USER  USERNAME="cguglielmi"
USERTYPE="SITE"
FIRSTNAME="Chiara"
LASTNAME="Guglielmi"
DISPLAYNAME="Chiara Guglielmi"
COUNTRY="ITALY"
PHONE="39393381605377"
ALTPHONE="39"
FAX="39"
EMAIL="C.Guglielmi@unicampus.it"
ACTIVESTATE="true"
PASSWORD="aW35jW1jJ75uB653174"
BEEPER="39"
USERDATEFORMAT="DAY_MONTH_YEAR"
HOMESCREENURL="./Portal/default.htm"
USERMUSTRESETPASSWORD="TRUE"
PRODUCTLOCALE="en-US"
STUDYLOCALE="en-US"/>


<USER  USERNAME="yx65765"
USERTYPE="SPONSOR"
FIRSTNAME="Valeria"
LASTNAME="Pechtner"
DISPLAYNAME="Valeria Pechtner"
COUNTRY="FRANCE"
PHONE="3333155493220"
ALTPHONE="33"
FAX="33"
EMAIL="pechtner_valeria@lilly.com"
ACTIVESTATE="true"
PASSWORD="yP74A7ulS0bA168468"
BEEPER="33"
USERDATEFORMAT="DAY_MONTH_YEAR"
HOMESCREENURL="./Portal/default.htm"
USERMUSTRESETPASSWORD="TRUE"
PRODUCTLOCALE="en-US"
STUDYLOCALE="en-US"/>


<USER  USERNAME="z1x1981"
USERTYPE="SPONSOR"
FIRSTNAME="Amanda"
LASTNAME="Roepke"
DISPLAYNAME="Amanda Roepke"
COUNTRY="UNITED STATES"
PHONE="19105096010"
ALTPHONE="1"
FAX="1"
EMAIL="Amanda.Roepke@quintiles.com"
ACTIVESTATE="true"
PASSWORD="gD1F8qq3CsE677914"
BEEPER="1"
USERDATEFORMAT="DAY_MONTH_YEAR"
HOMESCREENURL="./Portal/default.htm"
USERMUSTRESETPASSWORD="TRUE"
PRODUCTLOCALE="en-US"
STUDYLOCALE="en-US"/>


<USER  USERNAME="z2x7246"
USERTYPE="SPONSOR"
FIRSTNAME="Andrea"
LASTNAME="Calamusa-Lee"
DISPLAYNAME="Andrea Calamusa-Lee"
COUNTRY="UNITED STATES"
PHONE="12532120814"
ALTPHONE="1"
FAX="1"
EMAIL="andrea.calamusa-lee@quintiles.com"
ACTIVESTATE="true"
PASSWORD="O9jvQ6A2wm89M4667"
BEEPER="1"
USERDATEFORMAT="DAY_MONTH_YEAR"
HOMESCREENURL="./Portal/default.htm"
USERMUSTRESETPASSWORD="TRUE"
PRODUCTLOCALE="en-US"
STUDYLOCALE="en-US"/>


<USER  USERNAME="z1x2075"
USERTYPE="SPONSOR"
FIRSTNAME="Jessica"
LASTNAME="Badillo"
DISPLAYNAME="Jessica Badillo"
COUNTRY="UNITED STATES"
PHONE="17879469258"
ALTPHONE="1"
FAX="1"
EMAIL="Jessica.Badillo@quintiles.com"
ACTIVESTATE="true"
PASSWORD="lH7pK2nN8tG08333"
BEEPER="1"
USERDATEFORMAT="DAY_MONTH_YEAR"
HOMESCREENURL="./Portal/default.htm"
USERMUSTRESETPASSWORD="TRUE"
PRODUCTLOCALE="en-US"
STUDYLOCALE="en-US"/>


<USER  USERNAME="z2x6036"
USERTYPE="SPONSOR"
FIRSTNAME="Edna"
LASTNAME="Vazquez"
DISPLAYNAME="Edna Vazquez"
COUNTRY="UNITED STATES"
PHONE="17879004266"
ALTPHONE="1"
FAX="1"
EMAIL="edna.vazquez@quintiles.com"
ACTIVESTATE="true"
PASSWORD="J1dh6Tq49YrZ376569"
BEEPER="1"
USERDATEFORMAT="DAY_MONTH_YEAR"
HOMESCREENURL="./Portal/default.htm"
USERMUSTRESETPASSWORD="TRUE"
PRODUCTLOCALE="en-US"
STUDYLOCALE="en-US"/>


<USER  USERNAME="z2x1263"
USERTYPE="SPONSOR"
FIRSTNAME="Jodie"
LASTNAME="Nelson"
DISPLAYNAME="Jodie Nelson"
COUNTRY="UNITED STATES"
PHONE="14147620708"
ALTPHONE="1"
FAX="1"
EMAIL="Jodie.Nelson@Quintiles.com"
ACTIVESTATE="true"
PASSWORD="c10MmL16O8mK0l3015"
BEEPER="1"
USERDATEFORMAT="DAY_MONTH_YEAR"
HOMESCREENURL="./Portal/default.htm"
USERMUSTRESETPASSWORD="TRUE"
PRODUCTLOCALE="en-US"
STUDYLOCALE="en-US"/>


<USER  USERNAME="z2x9961"
USERTYPE="SPONSOR"
FIRSTNAME="Julissa"
LASTNAME="Vazquez"
DISPLAYNAME="Julissa Vazquez"
COUNTRY="UNITED STATES"
PHONE="119397317995"
ALTPHONE="1"
FAX="1"
EMAIL="julissa.vazquez@quintiles.com"
ACTIVESTATE="true"
PASSWORD="sP4E5ncO66wK591559"
BEEPER="1"
USERDATEFORMAT="DAY_MONTH_YEAR"
HOMESCREENURL="./Portal/default.htm"
USERMUSTRESETPASSWORD="TRUE"
PRODUCTLOCALE="en-US"
STUDYLOCALE="en-US"/>


<USER  USERNAME="z3x0688"
USERTYPE="SPONSOR"
FIRSTNAME="Jacob"
LASTNAME="King"
DISPLAYNAME="Jacob King"
COUNTRY="UNITED STATES"
PHONE="19199981860"
ALTPHONE="1"
FAX="1"
EMAIL="jacob.king@quintiles.com"
ACTIVESTATE="true"
PASSWORD="I3wtH2o67Dw14K8211"
BEEPER="1"
USERDATEFORMAT="DAY_MONTH_YEAR"
HOMESCREENURL="./Portal/default.htm"
USERMUSTRESETPASSWORD="TRUE"
PRODUCTLOCALE="en-US"
STUDYLOCALE="en-US"/>


<USER  USERNAME="z2x4239"
USERTYPE="SPONSOR"
FIRSTNAME="Michael"
LASTNAME="Cha"
DISPLAYNAME="Michael Cha"
COUNTRY="UNITED STATES"
PHONE="19493481796"
ALTPHONE="1"
FAX="1"
EMAIL="michael.cha@quintiles.com"
ACTIVESTATE="true"
PASSWORD="vT2k28IdQ3fZ27077"
BEEPER="1"
USERDATEFORMAT="DAY_MONTH_YEAR"
HOMESCREENURL="./Portal/default.htm"
USERMUSTRESETPASSWORD="TRUE"
PRODUCTLOCALE="en-US"
STUDYLOCALE="en-US"/>


<USER  USERNAME="z3x1758"
USERTYPE="SPONSOR"
FIRSTNAME="Keaton"
LASTNAME="Hanselman"
DISPLAYNAME="Keaton Hanselman"
COUNTRY="UNITED STATES"
PHONE="19199982841"
ALTPHONE="1"
FAX="1"
EMAIL="keaton.hanselman@quintiles.com"
ACTIVESTATE="true"
PASSWORD="fL3uD3T8nlS123830"
BEEPER="1"
USERDATEFORMAT="DAY_MONTH_YEAR"
HOMESCREENURL="./Portal/default.htm"
USERMUSTRESETPASSWORD="TRUE"
PRODUCTLOCALE="en-US"
STUDYLOCALE="en-US"/>


<USER  USERNAME="msulik"
USERTYPE="SITE"
FIRSTNAME="Mark"
LASTNAME="Sulik"
DISPLAYNAME="Mark Sulik"
COUNTRY="UNITED STATES"
PHONE="12085289648"
ALTPHONE="1"
FAX="1"
EMAIL="mark@idahomed.com"
ACTIVESTATE="true"
PASSWORD="zG22lU22aU33zE957005"
BEEPER="1"
USERDATEFORMAT="DAY_MONTH_YEAR"
HOMESCREENURL="./Portal/default.htm"
USERMUSTRESETPASSWORD="TRUE"
PRODUCTLOCALE="en-US"
STUDYLOCALE="en-US"/>


<USER  USERNAME="jnelner"
USERTYPE="SITE"
FIRSTNAME="Joanne"
LASTNAME="Nelner"
DISPLAYNAME="Joanne Nelner"
COUNTRY="UNITED STATES"
PHONE="14252511720"
ALTPHONE="1"
FAX="1"
EMAIL="jpnelner@rainier-research.com"
ACTIVESTATE="true"
PASSWORD="K5yaX50o65HoZ45414"
BEEPER="1"
USERDATEFORMAT="DAY_MONTH_YEAR"
HOMESCREENURL="./Portal/default.htm"
USERMUSTRESETPASSWORD="TRUE"
PRODUCTLOCALE="en-US"
STUDYLOCALE="en-US"/>


<USER  USERNAME="acooper"
USERTYPE="SITE"
FIRSTNAME="Ann"
LASTNAME="Cooper"
DISPLAYNAME="Ann Cooper"
COUNTRY="UNITED STATES"
PHONE="15097556530"
ALTPHONE="1"
FAX="1"
EMAIL="acooper@rockwoodclinic.com"
ACTIVESTATE="true"
PASSWORD="nR9E0lwO4dU853723"
BEEPER="1"
USERDATEFORMAT="DAY_MONTH_YEAR"
HOMESCREENURL="./Portal/default.htm"
USERMUSTRESETPASSWORD="TRUE"
PRODUCTLOCALE="en-US"
STUDYLOCALE="en-US"/>


</MEDMLDATA>