<?xml version="1.0"?>
<MEDMLDATA xmlns="PhaseForward-MedML-Inform4">


<SITE  NAME="(200) Diabetologicka ordinace pro dospele"    MNEMONIC="200"
ADDRESS="Ricni okruh 26 Krnov"
COUNTRY="CZECH REPUBLIC"
PHONE="420420597829789"
ALTPHONE="420"
FAX="420"
TIMEZONE="(GMT+01:00) Belgrade, Bratislava, Budapest, Ljubljana, Prague"
SITEDATEFORMAT="DAY_MONTH_YEAR"
STARTDATE="05/29/2014"
STUDYLOCALE="en-US"
SVAUTOSELECTRATE="100"
SVFIRSTNSUBJECTS="100"
/>


<SITE  NAME="(201) Medicentrum Beroun sro"    MNEMONIC="201"
ADDRESS="Politickych veznu 40 Beroun"
COUNTRY="CZECH REPUBLIC"
PHONE="420420311746335"
ALTPHONE="420"
FAX="420"
TIMEZONE="(GMT+01:00) Belgrade, Bratislava, Budapest, Ljubljana, Prague"
SITEDATEFORMAT="DAY_MONTH_YEAR"
STARTDATE="05/29/2014"
STUDYLOCALE="en-US"
SVAUTOSELECTRATE="100"
SVFIRSTNSUBJECTS="100"
/>


<SITE  NAME="(202) Diacentrum Brandys n L  sro"    MNEMONIC="202"
ADDRESS="Jiriho Wolkera 603 1 Brandys nad Labem-Stara Bolesl"
COUNTRY="CZECH REPUBLIC"
PHONE="420420326534790"
ALTPHONE="420"
FAX="420"
TIMEZONE="(GMT+01:00) Belgrade, Bratislava, Budapest, Ljubljana, Prague"
SITEDATEFORMAT="DAY_MONTH_YEAR"
STARTDATE="05/29/2014"
STUDYLOCALE="en-US"
SVAUTOSELECTRATE="100"
SVFIRSTNSUBJECTS="100"
/>


<SITE  NAME="(203) Diabetologicka ordinace"    MNEMONIC="203"
ADDRESS="Michnova 1622 4 149 00 Praha 4"
COUNTRY="CZECH REPUBLIC"
PHONE="420420272917011"
ALTPHONE="420"
FAX="420"
TIMEZONE="(GMT+01:00) Belgrade, Bratislava, Budapest, Ljubljana, Prague"
SITEDATEFORMAT="DAY_MONTH_YEAR"
STARTDATE="05/29/2014"
STUDYLOCALE="en-US"
SVAUTOSELECTRATE="100"
SVFIRSTNSUBJECTS="100"
/>


<SITE  NAME="(204) Diabetologicka a obezitologicka ambulance"    MNEMONIC="204"
ADDRESS="Senovazne nam. 2 370 01 Ceske Budejovice"
COUNTRY="CZECH REPUBLIC"
PHONE="420420386350350"
ALTPHONE="420"
FAX="420"
TIMEZONE="(GMT+01:00) Belgrade, Bratislava, Budapest, Ljubljana, Prague"
SITEDATEFORMAT="DAY_MONTH_YEAR"
STARTDATE="05/29/2014"
STUDYLOCALE="en-US"
SVAUTOSELECTRATE="100"
SVFIRSTNSUBJECTS="100"
/>


<SITE  NAME="(300) Szocs Depot Kft"    MNEMONIC="300"
ADDRESS="Jozsef A u 52  I 5 Budapest"
COUNTRY="HUNGARY"
PHONE="363617857185"
ALTPHONE="36"
FAX="36"
TIMEZONE="(GMT+01:00) Belgrade, Bratislava, Budapest, Ljubljana, Prague"
SITEDATEFORMAT="DAY_MONTH_YEAR"
STARTDATE="05/29/2014"
STUDYLOCALE="en-US"
SVAUTOSELECTRATE="100"
SVFIRSTNSUBJECTS="100"
/>


<SITE  NAME="(301) Szent Margit Rendelointezet"    MNEMONIC="301"
ADDRESS="Vorosvari ut 88-96 Budapest"
COUNTRY="HUNGARY"
PHONE="363613889180"
ALTPHONE="36"
FAX="36"
TIMEZONE="(GMT+01:00) Belgrade, Bratislava, Budapest, Ljubljana, Prague"
SITEDATEFORMAT="DAY_MONTH_YEAR"
STARTDATE="05/29/2014"
STUDYLOCALE="en-US"
SVAUTOSELECTRATE="100"
SVFIRSTNSUBJECTS="100"
/>


<SITE  NAME="(302) Kanizsai Dorottya Korhaz"    MNEMONIC="302"
ADDRESS="Szekeres Jozsef Utca 2-8 Nagykanizsa"
COUNTRY="HUNGARY"
PHONE="363693502000"
ALTPHONE="36"
FAX="36"
TIMEZONE="(GMT+01:00) Belgrade, Bratislava, Budapest, Ljubljana, Prague"
SITEDATEFORMAT="DAY_MONTH_YEAR"
STARTDATE="05/29/2014"
STUDYLOCALE="en-US"
SVAUTOSELECTRATE="100"
SVFIRSTNSUBJECTS="100"
/>


<SITE  NAME="(303) XIII ker Onkormanyzat Egeszsegugyi Szolgalat"    MNEMONIC="303"
ADDRESS="Szegedi ut 17 Budapest"
COUNTRY="HUNGARY"
PHONE="363614524208"
ALTPHONE="36"
FAX="36"
TIMEZONE="(GMT+01:00) Belgrade, Bratislava, Budapest, Ljubljana, Prague"
SITEDATEFORMAT="DAY_MONTH_YEAR"
STARTDATE="05/29/2014"
STUDYLOCALE="en-US"
SVAUTOSELECTRATE="100"
SVFIRSTNSUBJECTS="100"
/>


<SITE  NAME="(401) Azienda Ospedaliera -Universitaria Pisana"    MNEMONIC="401"
ADDRESS="Via Roma 67 Piza"
COUNTRY="ITALY"
PHONE="3939050993262"
ALTPHONE="39"
FAX="39"
TIMEZONE="(GMT+01:00) Belgrade, Bratislava, Budapest, Ljubljana, Prague"
SITEDATEFORMAT="DAY_MONTH_YEAR"
STARTDATE="05/29/2014"
STUDYLOCALE="en-US"
SVAUTOSELECTRATE="100"
SVFIRSTNSUBJECTS="100"
/>


<SITE  NAME="(400) Universita Campus Biomedico"    MNEMONIC="400"
ADDRESS="Via Alvaro del Portillom 21 Rome"
COUNTRY="ITALY"
PHONE="393906225149160"
ALTPHONE="39"
FAX="39"
TIMEZONE="(GMT+01:00) Belgrade, Bratislava, Budapest, Ljubljana, Prague"
SITEDATEFORMAT="DAY_MONTH_YEAR"
STARTDATE="05/29/2014"
STUDYLOCALE="en-US"
SVAUTOSELECTRATE="100"
SVFIRSTNSUBJECTS="100"
/>


<SITE  NAME="(402) Ospedale San Giovanni di Dio"    MNEMONIC="402"
ADDRESS="Viale Aldo Moro Olbia"
COUNTRY="ITALY"
PHONE="39393468676855"
ALTPHONE="39"
FAX="39"
TIMEZONE="(GMT+01:00) Belgrade, Bratislava, Budapest, Ljubljana, Prague"
SITEDATEFORMAT="DAY_MONTH_YEAR"
STARTDATE="05/29/2014"
STUDYLOCALE="en-US"
SVAUTOSELECTRATE="100"
SVFIRSTNSUBJECTS="100"
/>


<SITE  NAME="(403) Policlinico di Monza"    MNEMONIC="403"
ADDRESS="Via Amati 111 Monza"
COUNTRY="ITALY"
PHONE="393906225149160"
ALTPHONE="39"
FAX="39"
TIMEZONE="(GMT+01:00) Belgrade, Bratislava, Budapest, Ljubljana, Prague"
SITEDATEFORMAT="DAY_MONTH_YEAR"
STARTDATE="05/29/2014"
STUDYLOCALE="en-US"
SVAUTOSELECTRATE="100"
SVFIRSTNSUBJECTS="100"
/>


<SITE  NAME="(500) Hospital Virgen Del Camino"    MNEMONIC="500"
ADDRESS="Chipiona KM 63 7- San Lucar De Barrameda"
COUNTRY="SPAIN"
PHONE="3434956048000"
ALTPHONE="34"
FAX="34"
TIMEZONE="(GMT+01:00) Belgrade, Bratislava, Budapest, Ljubljana, Prague"
SITEDATEFORMAT="DAY_MONTH_YEAR"
STARTDATE="05/29/2014"
STUDYLOCALE="en-US"
SVAUTOSELECTRATE="100"
SVFIRSTNSUBJECTS="100"
/>


<SITE  NAME="(501) Hospital Obispo Polanco"    MNEMONIC="501"
ADDRESS="Avda. Ruiz Jarbo sn Teruel  44002"
COUNTRY="SPAIN"
PHONE="3434978621150"
ALTPHONE="34"
FAX="34"
TIMEZONE="(GMT+01:00) Belgrade, Bratislava, Budapest, Ljubljana, Prague"
SITEDATEFORMAT="DAY_MONTH_YEAR"
STARTDATE="05/29/2014"
STUDYLOCALE="en-US"
SVAUTOSELECTRATE="100"
SVFIRSTNSUBJECTS="100"
/>


<SITE  NAME="(502) Hospital de la Ribera"    MNEMONIC="502"
ADDRESS="Carretera Alcira-Corbera sn Alcira Valencia"
COUNTRY="SPAIN"
PHONE="3434962458156"
ALTPHONE="34"
FAX="34"
TIMEZONE="(GMT+01:00) Belgrade, Bratislava, Budapest, Ljubljana, Prague"
SITEDATEFORMAT="DAY_MONTH_YEAR"
STARTDATE="05/29/2014"
STUDYLOCALE="en-US"
SVAUTOSELECTRATE="100"
SVFIRSTNSUBJECTS="100"
/>


<SITE  NAME="(503) Clinica Quiron-Madrid"    MNEMONIC="503"
ADDRESS="C Diego de Velazquez 1 Pozuelo de Alarcon Madrid"
COUNTRY="SPAIN"
PHONE="3434913908626"
ALTPHONE="34"
FAX="34"
TIMEZONE="(GMT+01:00) Belgrade, Bratislava, Budapest, Ljubljana, Prague"
SITEDATEFORMAT="DAY_MONTH_YEAR"
STARTDATE="05/29/2014"
STUDYLOCALE="en-US"
SVAUTOSELECTRATE="100"
SVFIRSTNSUBJECTS="100"
/>


<SITE  NAME="(504) Hospital Infanta Luisa"    MNEMONIC="504"
ADDRESS="San Jacinto 87  Sevilla"
COUNTRY="SPAIN"
PHONE="3434954330856"
ALTPHONE="34"
FAX="34"
TIMEZONE="(GMT+01:00) Belgrade, Bratislava, Budapest, Ljubljana, Prague"
SITEDATEFORMAT="DAY_MONTH_YEAR"
STARTDATE="05/29/2014"
STUDYLOCALE="en-US"
SVAUTOSELECTRATE="100"
SVFIRSTNSUBJECTS="100"
/>


<SITE  NAME="(600) Royal Surrey County Hospital"    MNEMONIC="600"
ADDRESS="Egerton Road Guildford"
COUNTRY="UNITED KINGDOM"
PHONE="44441483571122"
ALTPHONE="44"
FAX="44"
TIMEZONE="(GMT) Greenwich Mean Time : Dublin, Edinburgh, Lisbon, London"
SITEDATEFORMAT="DAY_MONTH_YEAR"
STARTDATE="05/29/2014"
STUDYLOCALE="en-US"
SVAUTOSELECTRATE="100"
SVFIRSTNSUBJECTS="100"
/>


<SITE  NAME="(601) Leicester General Hospital"    MNEMONIC="601"
ADDRESS="Gwendolen Road  Leicester"
COUNTRY="UNITED KINGDOM"
PHONE="44441162490490"
ALTPHONE="44"
FAX="44"
TIMEZONE="(GMT) Greenwich Mean Time : Dublin, Edinburgh, Lisbon, London"
SITEDATEFORMAT="DAY_MONTH_YEAR"
STARTDATE="05/29/2014"
STUDYLOCALE="en-US"
SVAUTOSELECTRATE="100"
SVFIRSTNSUBJECTS="100"
/>


<SITE  NAME="(602) Morriston Hospital"    MNEMONIC="602"
ADDRESS="Heol Maes Eglwys Morriston"
COUNTRY="UNITED KINGDOM"
PHONE="44441792704078"
ALTPHONE="44"
FAX="44"
TIMEZONE="(GMT) Greenwich Mean Time : Dublin, Edinburgh, Lisbon, London"
SITEDATEFORMAT="DAY_MONTH_YEAR"
STARTDATE="05/29/2014"
STUDYLOCALE="en-US"
SVAUTOSELECTRATE="100"
SVFIRSTNSUBJECTS="100"
/>


<SITE  NAME="(603) Mortimer Surgery"    MNEMONIC="603"
ADDRESS="72 Victoria St Mortimer"
COUNTRY="UNITED KINGDOM"
PHONE="44441189480034"
ALTPHONE="44"
FAX="44"
TIMEZONE="(GMT) Greenwich Mean Time : Dublin, Edinburgh, Lisbon, London"
SITEDATEFORMAT="DAY_MONTH_YEAR"
STARTDATE="05/29/2014"
STUDYLOCALE="en-US"
SVAUTOSELECTRATE="100"
SVFIRSTNSUBJECTS="100"
/>


<SITE  NAME="(100) Rocky Mountain Diabetes and Osteoporosis Center"    MNEMONIC="100"
ADDRESS="3910 Washington Parkway Idaho Falls ID 83404"
COUNTRY="UNITED STATES"
PHONE="12.08529e+009"
ALTPHONE="1"
FAX="1"
TIMEZONE="(GMT-07:00) Mountain Time (US &#38; Canada)"
SITEDATEFORMAT="DAY_MONTH_YEAR"
STARTDATE="05/29/2014"
STUDYLOCALE="en-US"
SVAUTOSELECTRATE="100"
SVFIRSTNSUBJECTS="100"
/>


<SITE  NAME="(101) Rainier Clinical Research Center Inc"    MNEMONIC="101"
ADDRESS="723 Southwest 10th Street Suite 100 Renton WA 98057"
COUNTRY="UNITED STATES"
PHONE="14252511720"
ALTPHONE="1"
FAX="1"
TIMEZONE="(GMT-08:00) Pacific Time (US &#38; Canada)"
SITEDATEFORMAT="DAY_MONTH_YEAR"
STARTDATE="05/29/2014"
STUDYLOCALE="en-US"
SVAUTOSELECTRATE="100"
SVFIRSTNSUBJECTS="100"
/>


<SITE  NAME="(102) Rockwood Clinic"    MNEMONIC="102"
ADDRESS="400 East Fifth Ave Spokane WA 99202"
COUNTRY="UNITED STATES"
PHONE="15097556530"
ALTPHONE="1"
FAX="1"
TIMEZONE="(GMT-04:00) Atlantic Time (Canada)"
SITEDATEFORMAT="DAY_MONTH_YEAR"
STARTDATE="05/29/2014"
STUDYLOCALE="en-US"
SVAUTOSELECTRATE="100"
SVFIRSTNSUBJECTS="100"
/>


<SITE  NAME="(103) Polyclinic"    MNEMONIC="103"
ADDRESS="904 7th Avenue Floor 6 Seattle WA 98104"
COUNTRY="UNITED STATES"
PHONE="12068604761"
ALTPHONE="1"
FAX="1"
TIMEZONE="(GMT-08:00) Pacific Time (US &#38; Canada)"
SITEDATEFORMAT="DAY_MONTH_YEAR"
STARTDATE="05/29/2014"
STUDYLOCALE="en-US"
SVAUTOSELECTRATE="100"
SVFIRSTNSUBJECTS="100"
/>


<SITE  NAME="(105) Physicians Research Associates LLC"    MNEMONIC="105"
ADDRESS="758 Old Norcross Rd Suite 175 Lawrenceville GA 30046"
COUNTRY="UNITED STATES"
PHONE="16782522375"
ALTPHONE="1"
FAX="1"
TIMEZONE="(GMT-05:00) Eastern Time (US &#38; Canada)"
SITEDATEFORMAT="DAY_MONTH_YEAR"
STARTDATE="05/29/2014"
STUDYLOCALE="en-US"
SVAUTOSELECTRATE="100"
SVFIRSTNSUBJECTS="100"
/>


<SITE  NAME="(106) PMG Research of Knoxville"    MNEMONIC="106"
ADDRESS="1200 Merchant Drive Knoxville TN 37912"
COUNTRY="UNITED STATES"
PHONE="18652444276"
ALTPHONE="1"
FAX="1"
TIMEZONE="(GMT-05:00) Eastern Time (US &#38; Canada)"
SITEDATEFORMAT="DAY_MONTH_YEAR"
STARTDATE="05/29/2014"
STUDYLOCALE="en-US"
SVAUTOSELECTRATE="100"
SVFIRSTNSUBJECTS="100"
/>


<SITE  NAME="(107) Manati Center for Clinical Research"    MNEMONIC="107"
ADDRESS="calle Marginal carretera 2 Km 47.7 Anexo Doctors Center Hospital Manati PR 00674"
COUNTRY="UNITED STATES"
PHONE="17878541779"
ALTPHONE="1"
FAX="1"
TIMEZONE="(GMT-04:00) Atlantic Time (Canada)"
SITEDATEFORMAT="DAY_MONTH_YEAR"
STARTDATE="05/29/2014"
STUDYLOCALE="en-US"
SVAUTOSELECTRATE="100"
SVFIRSTNSUBJECTS="100"
/>


<SITE  NAME="(108) ELDRI Inc DBA"    MNEMONIC="108"
ADDRESS="calle Mayor 2614 Esq Jobos Ponce PR 00717"
COUNTRY="UNITED STATES"
PHONE="17878408293"
ALTPHONE="1"
FAX="1"
TIMEZONE="(GMT-04:00) Atlantic Time (Canada)"
SITEDATEFORMAT="DAY_MONTH_YEAR"
STARTDATE="05/29/2014"
STUDYLOCALE="en-US"
SVAUTOSELECTRATE="100"
SVFIRSTNSUBJECTS="100"
/>


<SITE  NAME="(109) Artist Medical Sciences University Public Benefit Corporation a Delaware public benefit corporation AMSU an indirect subsidiary of Artist Medical Education Corporation AMEC"    MNEMONIC="109"
ADDRESS="CAIMED CENTER 280 Monterey Street Urb Industrial Reparada Ponce PR 00716"
COUNTRY="UNITED STATES"
PHONE="7878402505"
TIMEZONE="(GMT-04:00) Atlantic Time (Canada)"
SITEDATEFORMAT="DAY_MONTH_YEAR"
STARTDATE="05/29/2014"
STUDYLOCALE="en-US"
SVAUTOSELECTRATE="100"
SVFIRSTNSUBJECTS="100"
/>


<SITE  NAME="(110) Centro de Endocrinologia y Nutricion"    MNEMONIC="110"
ADDRESS="Consolidated Mall C 28 Gautier Benitez Avenue Caguas PR 00725"
COUNTRY="UNITED STATES"
PHONE="17877467057"
ALTPHONE="1"
FAX="1"
TIMEZONE="(GMT-04:00) Atlantic Time (Canada)"
SITEDATEFORMAT="DAY_MONTH_YEAR"
STARTDATE="05/29/2014"
STUDYLOCALE="en-US"
SVAUTOSELECTRATE="100"
SVFIRSTNSUBJECTS="100"
/>


<SITE  NAME="(111) American Telemedicine Center"    MNEMONIC="111"
ADDRESS="Urb Floral Park 62 Calle Jose Marti San Juan PR 00917"
COUNTRY="UNITED STATES"
PHONE="17877215424"
ALTPHONE="1"
FAX="1"
TIMEZONE="(GMT-04:00) Atlantic Time (Canada)"
SITEDATEFORMAT="DAY_MONTH_YEAR"
STARTDATE="05/29/2014"
STUDYLOCALE="en-US"
SVAUTOSELECTRATE="100"
SVFIRSTNSUBJECTS="100"
/>


<SITE  NAME="(112) Kentucky Diabetes Endocrinology Center"    MNEMONIC="112"
ADDRESS="1760 Nicholasville Road Suite 502 Lexington KY 40503"
COUNTRY="UNITED STATES"
PHONE="18592782232"
ALTPHONE="1"
FAX="1"
TIMEZONE="(GMT-05:00) Eastern Time (US &#38; Canada)"
SITEDATEFORMAT="DAY_MONTH_YEAR"
STARTDATE="05/29/2014"
STUDYLOCALE="en-US"
SVAUTOSELECTRATE="100"
SVFIRSTNSUBJECTS="100"
/>


<SITE  NAME="(113) Alzohaili Medical Consultants"    MNEMONIC="113"
ADDRESS="1331 Monroe Street 100 Dearborn MI 48124"
COUNTRY="UNITED STATES"
PHONE="13135818903"
ALTPHONE="1"
FAX="1"
TIMEZONE="(GMT-05:00) Eastern Time (US &#38; Canada)"
SITEDATEFORMAT="DAY_MONTH_YEAR"
STARTDATE="05/29/2014"
STUDYLOCALE="en-US"
SVAUTOSELECTRATE="100"
SVFIRSTNSUBJECTS="100"
/>


<SITE  NAME="(114) Midwest Endocrinology LLC"    MNEMONIC="114"
ADDRESS="380 Terra Cotta Road Suite A Crystal Lake IL 60012"
COUNTRY="UNITED STATES"
PHONE="18154446362"
ALTPHONE="1"
FAX="1"
TIMEZONE="(GMT-06:00) Central Time (US &#38; Canada)"
SITEDATEFORMAT="DAY_MONTH_YEAR"
STARTDATE="05/29/2014"
STUDYLOCALE="en-US"
SVAUTOSELECTRATE="100"
SVFIRSTNSUBJECTS="100"
/>


<SITE  NAME="(115) Northwest Endo Diabetes Research LLC"    MNEMONIC="115"
ADDRESS="2101 S Arlington Heights Rd 111 Arlington Heights IL 60005"
COUNTRY="UNITED STATES"
PHONE="18479810560"
ALTPHONE="1"
FAX="1"
TIMEZONE="(GMT-06:00) Central Time (US &#38; Canada)"
SITEDATEFORMAT="DAY_MONTH_YEAR"
STARTDATE="05/29/2014"
STUDYLOCALE="en-US"
SVAUTOSELECTRATE="100"
SVFIRSTNSUBJECTS="100"
/>


<SITE  NAME="(116) Springfield Diabetes and Endocrine Center"    MNEMONIC="116"
ADDRESS="2501 Chatham Road Suite 200 Springfield Il 62704"
COUNTRY="UNITED STATES"
PHONE="12177878870"
ALTPHONE="1"
FAX="1"
TIMEZONE="(GMT-06:00) Central Time (US &#38; Canada)"
SITEDATEFORMAT="DAY_MONTH_YEAR"
STARTDATE="05/29/2014"
STUDYLOCALE="en-US"
SVAUTOSELECTRATE="100"
SVFIRSTNSUBJECTS="100"
/>


<SITE  NAME="(117) Mills-Peninsula Diabetes Research Institute"    MNEMONIC="117"
ADDRESS="Mill Peninsula Health Services Diabetes Research Institute 100 South San Mateo Drive Romm 5147 San Mateo CA 94401"
COUNTRY="UNITED STATES"
PHONE="16506964260"
ALTPHONE="1"
FAX="1"
TIMEZONE="(GMT-08:00) Pacific Time (US &#38; Canada)"
SITEDATEFORMAT="DAY_MONTH_YEAR"
STARTDATE="05/29/2014"
STUDYLOCALE="en-US"
SVAUTOSELECTRATE="100"
SVFIRSTNSUBJECTS="100"
/>


<SITE  NAME="(118) Valley Research"    MNEMONIC="118"
ADDRESS="550 East Hernon Ave Suite 101 Fresno CA 93720"
COUNTRY="UNITED STATES"
PHONE="15592610992"
ALTPHONE="1"
FAX="1"
TIMEZONE="(GMT-08:00) Pacific Time (US &#38; Canada)"
SITEDATEFORMAT="DAY_MONTH_YEAR"
STARTDATE="05/29/2014"
STUDYLOCALE="en-US"
SVAUTOSELECTRATE="100"
SVFIRSTNSUBJECTS="100"
/>


<SITE  NAME="(119) University Clinical Investigators Inc  Diabetes Research Center"    MNEMONIC="119"
ADDRESS="2492 Walnut Avenue Suite 130                    Tustin CA 92780"
COUNTRY="UNITED STATES"
PHONE="17147347944"
ALTPHONE="1"
FAX="1"
TIMEZONE="(GMT-08:00) Pacific Time (US &#38; Canada)"
SITEDATEFORMAT="DAY_MONTH_YEAR"
STARTDATE="05/29/2014"
STUDYLOCALE="en-US"
SVAUTOSELECTRATE="100"
SVFIRSTNSUBJECTS="100"
/>


</MEDMLDATA>