<?xml version="1.0"?>
<MEDMLDATA xmlns="PhaseForward-MedML-Inform4">

<ITEMGROUP 
GROUPNAME="Adjudicator_Editable"
GROUPDESCRIPTION="Items editable for Adjudicator.">
 <!-- Insert ItemRef Names -->
<ITEMREF REFNAME="PNCR5_CMPD_AJPNC2F1"/>
<ITEMREF REFNAME="AEGRPID_RELREC_AJCEV_F1"/>
<ITEMREF REFNAME="PNCR3_AJPNC2F1"/>
<ITEMREF REFNAME="PNCR2_CMPD_AJPNC2F1"/>
<ITEMREF REFNAME="CECAJASM_AJPNC2F1"/>
<ITEMREF REFNAME="EVDTAGMT_AJPNC2F1"/>
<ITEMREF REFNAME="AEGRPID_RELREC_AJPNC2F1"/>
<ITEMREF REFNAME="CECAJASM_AJHSPHFF1"/>
<ITEMREF REFNAME="EVDTAGMT_AJHSPHFF1"/>
<ITEMREF REFNAME="AEGRPID_RELREC_AJHSPHFF1"/>
<ITEMREF REFNAME="DTHTP_AJDTHF1"/>
<ITEMREF REFNAME="EVDTAGMT_AJDTHF1"/>
<ITEMREF REFNAME="AEGRPID_RELREC_AJDTHF1"/>
<ITEMREF REFNAME="CECAJASM_AJCRV_F1"/>
<ITEMREF REFNAME="EVDTAGMT_AJCRV_F1"/>
<ITEMREF REFNAME="AEGRPID_RELREC_AJCRV_F1"/>
<ITEMREF REFNAME="EGPERF_AJCIE_F1"/>
<ITEMREF REFNAME="CECAJASM_AJCIE_F1"/>
<ITEMREF REFNAME="EVDTAGMT_AJCIE_F1"/>
<ITEMREF REFNAME="AEGRPID_RELREC_AJCIE_F1"/>
<ITEMREF REFNAME="CEVR8_AJCEV_F1"/>
<ITEMREF REFNAME="CECAJASM_AJCEV_F1"/>
<ITEMREF REFNAME="EVDTAGMT_AJCEV_F1"/>
<ITEMREF REFNAME="PNCR4_CMPD_AJPNC2F1"/>

</ITEMGROUP>

<ITEMGROUP 
GROUPNAME="Adjudicator_Hidden"
GROUPDESCRIPTION="Items hidden from the Adjudicator not in other item groups.">
 <!-- Insert ItemRef Names -->
<ITEMREF REFNAME="MDDABERES7_MDDABE_F3"/>
<ITEMREF REFNAME="MDDABERES6_MDDABE_F3"/>
<ITEMREF REFNAME="MDDABERES5_MDDABE_F3"/>
<ITEMREF REFNAME="MDDABERES4_MDDABE_F3"/>
<ITEMREF REFNAME="MDDABERES3_MDDABE_F3"/>
<ITEMREF REFNAME="MDDABERES2_MDDABE_F3"/>
<ITEMREF REFNAME="MDDABERES1_MDDABE_F3"/>
<ITEMREF REFNAME="MDDABERES8_MDDABE_F2"/>
<ITEMREF REFNAME="MDDABERES7_MDDABE_F2"/>
<ITEMREF REFNAME="MDDABERES6_MDDABE_F2"/>
<ITEMREF REFNAME="MDDABERES5_MDDABE_F2"/>
<ITEMREF REFNAME="MDDABERES4_MDDABE_F2"/>
<ITEMREF REFNAME="MDDABERES3_MDDABE_F2"/>
<ITEMREF REFNAME="MDDABERES2_MDDABE_F2"/>
<ITEMREF REFNAME="MDDABERES1_MDDABE_F2"/>
<ITEMREF REFNAME="MDDABERES5_MDDABE_F1"/>
<ITEMREF REFNAME="MDDABERES4_MDDABE_F1"/>
<ITEMREF REFNAME="MDDABERES3_MDDABE_F1"/>
<ITEMREF REFNAME="MDDABERES2_MDDABE_F1"/>
<ITEMREF REFNAME="MDDABERES1_MDDABE_F1"/>
<ITEMREF REFNAME="IWSPRES3_IWSP1001_F1"/>
<ITEMREF REFNAME="IWSPRES2_IWSP1001_F1"/>
<ITEMREF REFNAME="IWSPRES1_IWSP1001_F1"/>
<ITEMREF REFNAME="igHYPO1001_F1_S2"/>
<ITEMREF REFNAME="EGSPID_EG3F1"/>
<ITEMREF REFNAME="EGPERF_EG3F1"/>
<ITEMREF REFNAME="EGORRES_FINDINGS_EG3F1"/>
<ITEMREF REFNAME="EGDAT_EG3F1"/>
<ITEMREF REFNAME="EGCMPBSL_EG3F1"/>
<ITEMREF REFNAME="DSSTDAT_IC_DS2F1"/>
<ITEMREF REFNAME="DSSTDAT_DS1F4"/>
<ITEMREF REFNAME="DSDECOD_DS1F4"/>
<ITEMREF REFNAME="DSSTDAT_DS1F3"/>
<ITEMREF REFNAME="DSDECOD_DS1F3"/>
<ITEMREF REFNAME="DSSTDAT_DS1F2"/>
<ITEMREF REFNAME="DSDECOD_DS1F2"/>
<ITEMREF REFNAME="DSSTDAT_DS1F1"/>
<ITEMREF REFNAME="DSDECOD_DS1F1"/>
<ITEMREF REFNAME="BGSPID_BGM"/>
<ITEMREF REFNAME="BGDAT_BGM"/>
<ITEMREF REFNAME="BGCONCU_BGM_S1"/>
<ITEMREF REFNAME="BGCNSTAT_BGM_S8"/>
<ITEMREF REFNAME="BGCNSTAT_BGM_S7"/>
<ITEMREF REFNAME="BGCNSTAT_BGM_S6"/>
<ITEMREF REFNAME="BGCNSTAT_BGM_S5"/>
<ITEMREF REFNAME="BGCNSTAT_BGM_S4"/>
<ITEMREF REFNAME="BGCNSTAT_BGM_S3"/>
<ITEMREF REFNAME="BGCNSTAT_BGM_S2"/>
<ITEMREF REFNAME="SUBJINIT_SYS_F1"/>
<ITEMREF REFNAME="SCR_SYS_F1"/>
<ITEMREF REFNAME="VISDAT"/>
<ITEMREF REFNAME="SUNCF_TOBACCO_SU3F1"/>
<ITEMREF REFNAME="SUNCF_ALCOHOL_SU1001_F1"/>
<ITEMREF REFNAME="STAT_STATUS_F5"/>
<ITEMREF REFNAME="STATUS_STATUS_F4"/>
<ITEMREF REFNAME="STATUS_STATUS_F3"/>
<ITEMREF REFNAME="STATUS_STATUS_F2"/>
<ITEMREF REFNAME="STATUS_STATUS_F1"/>
<ITEMREF REFNAME="igSAE2001_F1_S3"/>
<ITEMREF REFNAME="SAETERM_SAE2F1"/>
<ITEMREF REFNAME="SAESTDAT_SAE2F1"/>
<ITEMREF REFNAME="SAESHOSP_SAE2F1"/>
<ITEMREF REFNAME="SAESDTH_SAE2F1"/>
<ITEMREF REFNAME="SAERELPRC_SAE2F1"/>
<ITEMREF REFNAME="SAERELEX_CMPD_SAE2F1S4"/>
<ITEMREF REFNAME="SAERELDXTRT1_CMPD_SAE2F1"/>
<ITEMREF REFNAME="SAEOUT_SAE2F1"/>
<ITEMREF REFNAME="SAELBTEST_SAE2F1"/>
<ITEMREF REFNAME="SAELBORRESU_SAE2F1"/>
<ITEMREF REFNAME="SAELBORRES_SAE2F1"/>
<ITEMREF REFNAME="SAELBORNRLO_SAE2F1"/>
<ITEMREF REFNAME="SAELBORNRHI_SAE2F1"/>
<ITEMREF REFNAME="SAELBDAT_SAE2F1"/>
<ITEMREF REFNAME="SAECONDITION_SAE2F1"/>
<ITEMREF REFNAME="SAEASMDAT_SAE2F1"/>
<ITEMREF REFNAME="igSAE2001_F1_S2"/>
<ITEMREF REFNAME="SAEFUASMDAT_SAE2F1"/>
<ITEMREF REFNAME="SAEEXTRT_CMPD_SAE2F1"/>
<ITEMREF REFNAME="SAEAESMIE_SAE2F1"/>
<ITEMREF REFNAME="SAEAESLIFE_SAE2F1"/>
<ITEMREF REFNAME="SAEAESDISAB_SAE2F1"/>
<ITEMREF REFNAME="SAEAESCONG_SAE2F1"/>
<ITEMREF REFNAME="SAEAEACN_3_CMPD_SAE2F1"/>
<ITEMREF REFNAME="SAEACN_CMPD_SAE2F1"/>
<ITEMREF REFNAME="SAEACN_2_CMPD_SAE2F1"/>
<ITEMREF REFNAME="DRGINDIC_SAE2F1"/>
<ITEMREF REFNAME="CASENAR3_SAE2F1"/>
<ITEMREF REFNAME="CASENAR2_SAE2F1"/>
<ITEMREF REFNAME="CASENAR_SAE2F1"/>
<ITEMREF REFNAME="MHOCCUR_MHPRF2"/>
<ITEMREF REFNAME="MHOCCUR_4_APMH"/>
<ITEMREF REFNAME="MHOCCUR_3_APMH"/>
<ITEMREF REFNAME="MHOCCUR_2_APMH"/>
<ITEMREF REFNAME="MHOCCUR_1_APMH"/>
<ITEMREF REFNAME="APMHOCCUR1_4_APMH"/>
<ITEMREF REFNAME="APMHOCCUR1_3_APMH"/>
<ITEMREF REFNAME="APMHOCCUR1_2_APMH"/>
<ITEMREF REFNAME="APMHOCCUR1_1_APMH"/>
<ITEMREF REFNAME="MDDABFRES9_MDDABF_F1"/>
<ITEMREF REFNAME="MDDABFRES8_MDDABF_F1"/>
<ITEMREF REFNAME="MDDABFRES7_MDDABF_F1"/>
<ITEMREF REFNAME="MDDABFRES6_MDDABF_F1"/>
<ITEMREF REFNAME="MDDABFRES5_MDDABF_F1"/>
<ITEMREF REFNAME="MDDABFRES4_MDDABF_F1"/>
<ITEMREF REFNAME="MDDABFRES3_MDDABF_F1"/>
<ITEMREF REFNAME="MDDABFRES2_MDDABF_F1"/>
<ITEMREF REFNAME="MDDABFRES13_MDDABF_F1"/>
<ITEMREF REFNAME="MDDABFRES12_MDDABF_F1"/>
<ITEMREF REFNAME="MDDABFRES11_MDDABF_F1"/>
<ITEMREF REFNAME="MDDABFRES10_MDDABF_F1"/>
<ITEMREF REFNAME="MDDABFRES1_MDDABF_F1"/>
<ITEMREF REFNAME="MDDABERES8_MDDABE_F3"/>
<ITEMREF REFNAME="CVRISKRES12_CVRISKF1"/>
<ITEMREF REFNAME="CVRISKRES11_CVRISKF1"/>
<ITEMREF REFNAME="CVRISKRES10_CVRISKF1"/>
<ITEMREF REFNAME="CVRISKRES1_CVRISKF1"/>
<ITEMREF REFNAME="CVEVT9_CVEVT_F1"/>
<ITEMREF REFNAME="CVEVT8_CVEVT_F1"/>
<ITEMREF REFNAME="CVEVT7_CVEVT_F1"/>
<ITEMREF REFNAME="CVEVT6_CVEVT_F1"/>
<ITEMREF REFNAME="CVEVT5_CVEVT_F1"/>
<ITEMREF REFNAME="CVEVT4_CVEVT_F1"/>
<ITEMREF REFNAME="CVEVT3_CVEVT_F1"/>
<ITEMREF REFNAME="CVEVT2_CVEVT_F1"/>
<ITEMREF REFNAME="CVEVT11_CVEVT_F1"/>
<ITEMREF REFNAME="CVEVT10_CVEVT_F1"/>
<ITEMREF REFNAME="CVEVT1_CVEVT_F1"/>
<ITEMREF REFNAME="SUBJID"/>
<ITEMREF REFNAME="CASEBOOKSIG_CBSIG_F1"/>
<ITEMREF REFNAME="igBR1001_F1_S2"/>
<ITEMREF REFNAME="BRSPID_BR1001_F1"/>
<ITEMREF REFNAME="BRPERF_BR1001_F1"/>
<ITEMREF REFNAME="BRLOC_BR1001_F1"/>
<ITEMREF REFNAME="BRDIAG_BR1001_F1"/>
<ITEMREF REFNAME="BRDAT_BR1001_F1"/>
<ITEMREF REFNAME="BIOPSYTP_BR1001_F1"/>
<ITEMREF REFNAME="igAHRFU2001_F1_S2"/>
<ITEMREF REFNAME="FASPID_AHRFUF1"/>
<ITEMREF REFNAME="AHRFULSTDOSEDAT_AHRFUF1"/>
<ITEMREF REFNAME="AHRFURES9YN_AHRFUF1"/>
<ITEMREF REFNAME="AHRFURES8_AHRFUF1"/>
<ITEMREF REFNAME="AHRFURES7_AHRFUF1"/>
<ITEMREF REFNAME="AHRFURES6_AHRFUF1"/>
<ITEMREF REFNAME="AHRFURES5_AHRFUF1"/>
<ITEMREF REFNAME="AHRFURES4_AHRFUF1"/>
<ITEMREF REFNAME="AHRFURES3_AHRFUF1"/>
<ITEMREF REFNAME="AHRFURES16_AHRFUF1"/>
<ITEMREF REFNAME="AHRFURES15_CMPD_AHRFUF1"/>
<ITEMREF REFNAME="AHRFURES14_AHRFUF1"/>
<ITEMREF REFNAME="AHRFURES12_AHRFUF1"/>
<ITEMREF REFNAME="AHRFUPERF_AHRFU2001_F1"/>
<ITEMREF REFNAME="AEGRPID_RELREC_AHRFUF1"/>
<ITEMREF REFNAME="AESTEXSPID_AESTX1001_F1"/>
<ITEMREF REFNAME="AESTEXRES1_AESTX1001_F1"/>
<ITEMREF REFNAME="AEYN_AE3001_F2"/>
<ITEMREF REFNAME="CDA2_CDQA"/>
<ITEMREF REFNAME="CDA1_CDQA"/>
<ITEMREF REFNAME="CDQASPID_CDQA"/>
<ITEMREF REFNAME="WEIGHTU_VS1F4"/>
<ITEMREF REFNAME="WEIGHTU_VS1F3"/>
<ITEMREF REFNAME="HEIGHTU_VS1F3"/>
<ITEMREF REFNAME="VSPOS_BP_VS1F2"/>
<ITEMREF REFNAME="HRU_VS1F2"/>
<ITEMREF REFNAME="TIDRRES5_CMPD_TIDRF1"/>
<ITEMREF REFNAME="TIDRRES4_TIDRF1"/>
<ITEMREF REFNAME="TIDRRES3_TIDRF1"/>
<ITEMREF REFNAME="TIDRRES2_TIDRF1"/>
<ITEMREF REFNAME="TIDRRES1_TIDRF1"/>
<ITEMREF REFNAME="THYDRES4_THYDF1"/>
<ITEMREF REFNAME="THYDRES3_THYDF1"/>
<ITEMREF REFNAME="THYDRES2_THYDF1"/>
<ITEMREF REFNAME="THYDRES1_THYDF1"/>
<ITEMREF REFNAME="THYDPERF_THYDF1"/>
<ITEMREF REFNAME="THYDASMDAT_THYDF1"/>
<ITEMREF REFNAME="FASPID_THYDF1"/>
<ITEMREF REFNAME="AEGRPID_RELREC_THYDF1"/>
<ITEMREF REFNAME="HYPORES3_HYPO"/>
<ITEMREF REFNAME="HYPOSTTIM_HYPO"/>
<ITEMREF REFNAME="HYPOSTDAT_HYPO"/>
<ITEMREF REFNAME="HYPOSPID_HYPO"/>
<ITEMREF REFNAME="HYPORES1_HYPO"/>
<ITEMREF REFNAME="HYOCCUR_HYPO"/>
<ITEMREF REFNAME="HYCONTRT_HYPO"/>
<ITEMREF REFNAME="BGCONCSTAT_HYPO"/>
<ITEMREF REFNAME="HYPDISRES1_HYPDIS1001_F1"/>
<ITEMREF REFNAME="EXCMP_EXCMP1001_F1"/>
<ITEMREF REFNAME="EXTRTINT_EX3F1"/>
<ITEMREF REFNAME="EXSTDAT_EX3F1"/>
<ITEMREF REFNAME="EXGRPID_EX3F1"/>
<ITEMREF REFNAME="EXENDAT_EX1F2"/>
<ITEMREF REFNAME="EXSTDAT_EX1F1"/>
<ITEMREF REFNAME="EUQRES9_EUQ2001_F1"/>
<ITEMREF REFNAME="EUQRES8_EUQ2001_F1"/>
<ITEMREF REFNAME="EUQRES7_EUQ2001_F1"/>
<ITEMREF REFNAME="EUQRES6_EUQ2001_F1"/>
<ITEMREF REFNAME="EUQRES5_EUQ2001_F1"/>
<ITEMREF REFNAME="EUQRES4_EUQ2001_F1"/>
<ITEMREF REFNAME="EUQRES3_EUQ2001_F1"/>
<ITEMREF REFNAME="EUQRES2_EUQ2001_F1"/>
<ITEMREF REFNAME="EUQRES12_EUQ2001_F1"/>
<ITEMREF REFNAME="EUQRES11_EUQ2001_F1"/>
<ITEMREF REFNAME="EUQRES10_EUQ2001_F1"/>
<ITEMREF REFNAME="EUQRES1_EUQ2001_F1"/>
<ITEMREF REFNAME="EQ5D5LVASS_EQ5F1"/>
<ITEMREF REFNAME="EQ5D5LRES5_EQ5F1"/>
<ITEMREF REFNAME="EQ5D5LRES4_EQ5F1"/>
<ITEMREF REFNAME="EQ5D5LRES3_EQ5F1"/>
<ITEMREF REFNAME="EQ5D5LRES2_EQ5F1"/>
<ITEMREF REFNAME="EQ5D5LRES1_EQ5F1"/>
<ITEMREF REFNAME="DHP18RES9_DHP182001_F1"/>
<ITEMREF REFNAME="DHP18RES8_DHP182001_F1"/>
<ITEMREF REFNAME="DHP18RES7_DHP182001_F1"/>
<ITEMREF REFNAME="DHP18RES6_DHP182001_F1"/>
<ITEMREF REFNAME="DHP18RES5_DHP182001_F1"/>
<ITEMREF REFNAME="DHP18RES4_DHP182001_F1"/>
<ITEMREF REFNAME="DHP18RES3_DHP182001_F1"/>
<ITEMREF REFNAME="DHP18RES2_DHP182001_F1"/>
<ITEMREF REFNAME="DHP18RES18_DHP182001_F1"/>
<ITEMREF REFNAME="DHP18RES17_DHP182001_F1"/>
<ITEMREF REFNAME="DHP18RES16_DHP182001_F1"/>
<ITEMREF REFNAME="DHP18RES15_DHP182001_F1"/>
<ITEMREF REFNAME="DHP18RES14_DHP182001_F1"/>
<ITEMREF REFNAME="DHP18RES13_DHP182001_F1"/>
<ITEMREF REFNAME="DHP18RES12_DHP182001_F1"/>
<ITEMREF REFNAME="DHP18RES11_DHP182001_F1"/>
<ITEMREF REFNAME="DHP18RES10_DHP182001_F1"/>
<ITEMREF REFNAME="DHP18RES1_DHP182001_F1"/>
<ITEMREF REFNAME="CVRISKRES9_CVRISKF1"/>
<ITEMREF REFNAME="CVRISKRES8_CVRISKF1"/>
<ITEMREF REFNAME="CVRISKRES7_CVRISKF1"/>
<ITEMREF REFNAME="CVRISKRES6_CVRISKF1"/>
<ITEMREF REFNAME="CVRISKRES5_CVRISKF1"/>
<ITEMREF REFNAME="CVRISKRES4_CVRISKF1"/>
<ITEMREF REFNAME="CVRISKRES3_CVRISKF1"/>
<ITEMREF REFNAME="CVRISKRES2_CVRISKF1"/>
<ITEMREF REFNAME="CVRISKRES17_CVRISKF1"/>
<ITEMREF REFNAME="CVRISKRES16_CVRISKF1"/>
<ITEMREF REFNAME="CVRISKRES15_CVRISKF1"/>
<ITEMREF REFNAME="CVRISKRES14_CVRISKF1"/>
<ITEMREF REFNAME="CVRISKRES13_CVRISKF1"/>

</ITEMGROUP>

<ITEMGROUP 
GROUPNAME="Adjudicator_ReadOnly"
GROUPDESCRIPTION="Items that should be viewable to Adjudicator and Data Manager.">
 <!-- Insert ItemRef Names -->
<ITEMREF REFNAME="LBORNRHIMD_LBF4"/>
<ITEMREF REFNAME="LBORRESU_LBF4"/>
<ITEMREF REFNAME="LBRESMD_LBF4"/>
<ITEMREF REFNAME="LBTIM_LBF4"/>
<ITEMREF REFNAME="LBDAT_LBF4"/>
<ITEMREF REFNAME="AEGRPID_RELREC_LBF4"/>
<ITEMREF REFNAME="LBORNRHIMD_LBF3"/>
<ITEMREF REFNAME="LBORRESU_LBF3"/>
<ITEMREF REFNAME="LBRESMD_LBF3"/>
<ITEMREF REFNAME="LBTIM_LBF3"/>
<ITEMREF REFNAME="LBDAT_LBF3"/>
<ITEMREF REFNAME="AEGRPID_RELREC_LBF3"/>
<ITEMREF REFNAME="LBORNRHIMD_LBF2"/>
<ITEMREF REFNAME="LBORRESU_LBF2"/>
<ITEMREF REFNAME="LBRESMD_LBF2"/>
<ITEMREF REFNAME="LBTIM_LBF2"/>
<ITEMREF REFNAME="LBDAT_LBF2"/>
<ITEMREF REFNAME="AEGRPID_RELREC_LBF2"/>
<ITEMREF REFNAME="LBORNRHIMD_LBF1"/>
<ITEMREF REFNAME="LBORRESU_LBF1"/>
<ITEMREF REFNAME="LBRESMD_LBF1"/>
<ITEMREF REFNAME="LBTIM_LBF1"/>
<ITEMREF REFNAME="LBDAT_LBF1"/>
<ITEMREF REFNAME="AEGRPID_RELREC_LBF1"/>
<ITEMREF REFNAME="PNCR12_EPPNC_F1"/>
<ITEMREF REFNAME="PNCR11_EPPNC_F1"/>
<ITEMREF REFNAME="PNCR13_EPPNC_F1"/>
<ITEMREF REFNAME="PNCR9_EPPNC_F1"/>
<ITEMREF REFNAME="PNCR7_EPPNC_F1"/>
<ITEMREF REFNAME="PNCR6_EPPNC_F1"/>
<ITEMREF REFNAME="EPAEDAT_EPPNC_F1"/>
<ITEMREF REFNAME="AEGRPID_RELREC_EPPNC_F1"/>
<ITEMREF REFNAME="CRVR8_EPCRV_F1"/>
<ITEMREF REFNAME="CRVR7_EPCRV_F1"/>
<ITEMREF REFNAME="CRVR2_EPCRV"/>
<ITEMREF REFNAME="CRVR1_EPCRV_F1"/>
<ITEMREF REFNAME="EPAEDAT_EPCRV_F1"/>
<ITEMREF REFNAME="AEGRPID_RELREC_EPCRV_F1"/>
<ITEMREF REFNAME="EGPERF_EPCIE_F1"/>
<ITEMREF REFNAME="CIER3_CMPD_EPCIE_F1"/>
<ITEMREF REFNAME="CIER1_EPCIE_F1"/>
<ITEMREF REFNAME="EPAEDAT_EPCIE_F1"/>
<ITEMREF REFNAME="AEGRPID_RELREC_EPCIE_F1"/>
<ITEMREF REFNAME="igCM1001_F2_S2"/>
<ITEMREF REFNAME="CMINDC_CM1F2"/>
<ITEMREF REFNAME="CMADJ_CM1F2"/>
<ITEMREF REFNAME="CMDOSEADJTP_CM1F2"/>
<ITEMREF REFNAME="CMDOSFRQ_CM1F2"/>
<ITEMREF REFNAME="CMDOSTOTU_CM1F2"/>
<ITEMREF REFNAME="CMDOSTOT_CM1F2"/>
<ITEMREF REFNAME="CMONGO_CM1F2"/>
<ITEMREF REFNAME="CMSTTIM_CM1F2"/>
<ITEMREF REFNAME="CMSTDAT_CM1F2"/>
<ITEMREF REFNAME="CMTRT_CM1F2"/>
<ITEMREF REFNAME="CMYN_CM1F2"/>
<ITEMREF REFNAME="igCM1001_F1_S2"/>
<ITEMREF REFNAME="CMONGO_CM1F1"/>
<ITEMREF REFNAME="CMSTDAT_CM1F1"/>
<ITEMREF REFNAME="CMROUTE_CMF1"/>
<ITEMREF REFNAME="CMTRT_CM1F1"/>
<ITEMREF REFNAME="CMYN_CM1F1"/>
<ITEMREF REFNAME="CEVRES7_CMPD_EPCEV_F1"/>
<ITEMREF REFNAME="CEVR9_EPCEV_F1"/>
<ITEMREF REFNAME="CEVR8_EPCEV_F1"/>
<ITEMREF REFNAME="CEVR3_EPCEV_F1"/>
<ITEMREF REFNAME="CEVR1_EPCEV_F1"/>
<ITEMREF REFNAME="EPAEDAT_EPCEV_F1"/>
<ITEMREF REFNAME="AEGRPID_RELREC_EPCEV_F1"/>
<ITEMREF REFNAME="MHOCCUR_PROC_MHPRESPF1"/>
<ITEMREF REFNAME="igMH7001_F1_S2"/>
<ITEMREF REFNAME="MHSTDAT_MH7001_F1"/>
<ITEMREF REFNAME="MHONGO_MH7001_F1"/>
<ITEMREF REFNAME="MHTERM_MH7001_F1"/>
<ITEMREF REFNAME="MHYN_MH7001_F1"/>
<ITEMREF REFNAME="itCM2001_F1_S2"/>
<ITEMREF REFNAME="CMENDAT_CM2001_F1"/>
<ITEMREF REFNAME="CMSTDAT_CM2001_F1"/>
<ITEMREF REFNAME="CMTRT_CM2001_F1"/>
<ITEMREF REFNAME="CMYN_CM2001_F1"/>
<ITEMREF REFNAME="AETERM_AE3001_F1"/>
<ITEMREF REFNAME="FASPID_AJPNC2F1"/>
<ITEMREF REFNAME="FASPID_AJHSPHFF1"/>
<ITEMREF REFNAME="FASPID_AJCIE_F1"/>
<ITEMREF REFNAME="FASPID_AJCRV_F1"/>
<ITEMREF REFNAME="FASPID_AJCEV_F1"/>
<ITEMREF REFNAME="LBORNRHIMD_LBF6"/>
<ITEMREF REFNAME="LBORRESU_LBF6"/>
<ITEMREF REFNAME="LBRESMD_LBF6"/>
<ITEMREF REFNAME="LBTIM_LBF6"/>
<ITEMREF REFNAME="LBDAT_LBF6"/>
<ITEMREF REFNAME="AEGRPID_RELREC_LBF6"/>
<ITEMREF REFNAME="LBORNRHIMD_LBF5"/>
<ITEMREF REFNAME="LBORRESU_LBF5"/>
<ITEMREF REFNAME="LBRESMD_LBF5"/>
<ITEMREF REFNAME="LBTIM_LBF5"/>
<ITEMREF REFNAME="LBDAT_LBF5"/>
<ITEMREF REFNAME="AEGRPID_RELREC_LBF5"/>
<ITEMREF REFNAME="RACE_CMPD_DM1001_F1"/>
<ITEMREF REFNAME="ETHNIC_DM1001_F1"/>
<ITEMREF REFNAME="SEX_DM1001_F1"/>
<ITEMREF REFNAME="BRTHYR_DM1001_F1"/>
<ITEMREF REFNAME="igAE3001_F1_S2"/>
<ITEMREF REFNAME="AEOUT_AE3001_F1"/>
<ITEMREF REFNAME="AERELNST_CMPD_AE3001_F1"/>
<ITEMREF REFNAME="AERELDVC_AE3001_F1"/>
<ITEMREF REFNAME="AEACN_AE3001_F1"/>
<ITEMREF REFNAME="AEREL_AE3001_F1"/>
<ITEMREF REFNAME="AESER_AE3001_F1"/>
<ITEMREF REFNAME="AESEV_AE3001_F1"/>
<ITEMREF REFNAME="AEONGO_AE3001_F1"/>
<ITEMREF REFNAME="AESTDAT_AE3001_F1"/>
<ITEMREF REFNAME="HSPHFR8_EPHSPHF"/>
<ITEMREF REFNAME="HSPHFR6_CMPD_EPHSPHF"/>
<ITEMREF REFNAME="HSPHFR5_CMPD_EPHSPHF"/>
<ITEMREF REFNAME="HSPHFR4_CMPD_EPHSPHF"/>
<ITEMREF REFNAME="HSPHFR2_CMPD_EPHSPHF"/>
<ITEMREF REFNAME="HSPHFR1_CMPD_EPHSPHF"/>
<ITEMREF REFNAME="EPAEDAT_EPHSPHF"/>
<ITEMREF REFNAME="AEGRPID_RELREC_EPHSPHF"/>
<ITEMREF REFNAME="EPDTHRES11_EPDTH"/>
<ITEMREF REFNAME="EPDTHRES10_EPDTH"/>
<ITEMREF REFNAME="EPDTHRES5_EPDTH"/>
<ITEMREF REFNAME="EPDTHRES4_EPDTHF1"/>
<ITEMREF REFNAME="DTHTP_EPDTHF1"/>
<ITEMREF REFNAME="EPAEDAT_EPDTHF1"/>
<ITEMREF REFNAME="AEGRPID_RELREC_EPDTHF1"/>

</ITEMGROUP>

<ITEMGROUP 
GROUPNAME="Data_Manager_ReadOnly"
GROUPDESCRIPTION="Items that are hidden by design and should be viewable to Data Manager.">
 <!-- Insert ItemRef Names -->
<ITEMREF REFNAME="FACAT_AJCRV_F1"/>
<ITEMREF REFNAME="FACAT_AJCIE_F1"/>
<ITEMREF REFNAME="FACAT_AJCEV_F1"/>
<ITEMREF REFNAME="FACAT_EXCMP1001_F1"/>
<ITEMREF REFNAME="EXCAT_EX3F1"/>
<ITEMREF REFNAME="QSCAT_EUQ2001_F1"/>
<ITEMREF REFNAME="QSCAT_EQ5F1"/>
<ITEMREF REFNAME="FACAT_EPPNC_F1"/>
<ITEMREF REFNAME="FACAT_EPHSPHF"/>
<ITEMREF REFNAME="FACAT_EPDTHF1"/>
<ITEMREF REFNAME="FACAT_EPCRV_F1"/>
<ITEMREF REFNAME="FACAT_EPCIE_F1"/>
<ITEMREF REFNAME="FACAT_EPCEV_F1"/>
<ITEMREF REFNAME="EGCAT_EG3F1"/>
<ITEMREF REFNAME="DSCAT_2_DS2F1"/>
<ITEMREF REFNAME="DSSCAT_DS1F4"/>
<ITEMREF REFNAME="DSCAT_1_DS1F4"/>
<ITEMREF REFNAME="DSSCAT_DS1F3"/>
<ITEMREF REFNAME="DSCAT_1_DS1F3"/>
<ITEMREF REFNAME="DSSCAT_DS1F2"/>
<ITEMREF REFNAME="DSCAT_1_DS1F2"/>
<ITEMREF REFNAME="DSSCAT_DS1F1"/>
<ITEMREF REFNAME="DSCAT_1_DS1F1"/>
<ITEMREF REFNAME="QSCAT_DHP182001_F1"/>
<ITEMREF REFNAME="CMTRT_MAP_CM1F1"/>
<ITEMREF REFNAME="CMCLAS_CM1F1"/>
<ITEMREF REFNAME="CMCLASCD_CM1F1"/>
<ITEMREF REFNAME="TRTTERMCD_CM1F1"/>
<ITEMREF REFNAME="CMDECOD_CM1F1"/>
<ITEMREF REFNAME="CMPREFNM_CM1F1"/>
<ITEMREF REFNAME="DICT_DICTVER_CM1F1"/>
<ITEMREF REFNAME="CMSCAT_CM1F1"/>
<ITEMREF REFNAME="CMCAT_CM1F1"/>
<ITEMREF REFNAME="QSCAT_CVRISKF1"/>
<ITEMREF REFNAME="CVRKEVAL_CVRISKF1"/>
<ITEMREF REFNAME="XGCAT_BGM"/>
<ITEMREF REFNAME="AHRFUOBJ_AHRFUF1"/>
<ITEMREF REFNAME="AECAT_AE3001_F2"/>
<ITEMREF REFNAME="AETERM_MAP_AE3001_F1"/>
<ITEMREF REFNAME="AECAT_AE3001_F1"/>
<ITEMREF REFNAME="AELLTCD_AE3001_F1"/>
<ITEMREF REFNAME="AELLT_AE3001_F1"/>
<ITEMREF REFNAME="AEDECOD_AE3001_F1"/>
<ITEMREF REFNAME="DICT_DICTVER_AE3001_F1"/>
<ITEMREF REFNAME="DSSCAT_IC_DS2F1"/>
<ITEMREF REFNAME="FACAT_THYDF1"/>
<ITEMREF REFNAME="SUCAT_TOBACCO_SU3F1"/>
<ITEMREF REFNAME="SUCAT_ALCOHOL_SU1001_F1"/>
<ITEMREF REFNAME="MHTERMPRESP_MHPRF2"/>
<ITEMREF REFNAME="MHCAT_4_MHPRF2"/>
<ITEMREF REFNAME="MHTERMPRESP_MHPRESPF1"/>
<ITEMREF REFNAME="MHCAT_5_MHPRESPF1"/>
<ITEMREF REFNAME="MHCAT_4_2_APMH"/>
<ITEMREF REFNAME="MHCAT_4_APMH"/>
<ITEMREF REFNAME="MHTERM_MAP_MH7001_F1"/>
<ITEMREF REFNAME="MHLLTCD_MH7001_F1"/>
<ITEMREF REFNAME="MHLLT_MH7001_F1"/>
<ITEMREF REFNAME="MHDECOD_MH7001_F1"/>
<ITEMREF REFNAME="DICT_DICTVER_MH7001_F1"/>
<ITEMREF REFNAME="MHCAT_MH7001_F1"/>
<ITEMREF REFNAME="QSCAT_MDDABF_F1"/>
<ITEMREF REFNAME="QSCAT_MDDABE_F3"/>
<ITEMREF REFNAME="QSCAT_MDDABE_F2"/>
<ITEMREF REFNAME="QSCAT_MDDABE_F1"/>
<ITEMREF REFNAME="QSCAT_TIDRF1"/>
<ITEMREF REFNAME="LBOCC_LBF6"/>
<ITEMREF REFNAME="LBTEST_GLS_LBF6"/>
<ITEMREF REFNAME="LBCAT_LBF6"/>
<ITEMREF REFNAME="LBOCC_LBF5"/>
<ITEMREF REFNAME="LBTEST_GLS_LBF5"/>
<ITEMREF REFNAME="LBCAT_LBF5"/>
<ITEMREF REFNAME="LBOCC_LBF4"/>
<ITEMREF REFNAME="LBTEST_GLS_LBF4"/>
<ITEMREF REFNAME="LBCAT_LBF4"/>
<ITEMREF REFNAME="LBOCC_LBF3"/>
<ITEMREF REFNAME="LBTEST_GLS_LBF3"/>
<ITEMREF REFNAME="LBCAT_LBF3"/>
<ITEMREF REFNAME="LBOCC_LBF2"/>
<ITEMREF REFNAME="LBTEST_GLS_LBF2"/>
<ITEMREF REFNAME="LBCAT_LBF2"/>
<ITEMREF REFNAME="LBOCC_LBF1"/>
<ITEMREF REFNAME="LBTEST_GLS_LBF1"/>
<ITEMREF REFNAME="LBCAT_LBF1"/>
<ITEMREF REFNAME="QSCAT_IWSP1001"/>
<ITEMREF REFNAME="FACAT_HYPO"/>
<ITEMREF REFNAME="FACAT_HYPDIS1001_F1"/>
<ITEMREF REFNAME="HYPDISOBJ_HYPDIS1001_F1"/>
<ITEMREF REFNAME="CMTRT_MAP_CM2001_F1"/>
<ITEMREF REFNAME="CMCLAS_CM2001_F1"/>
<ITEMREF REFNAME="CMCLASCD_CM2001_F1"/>
<ITEMREF REFNAME="TRTTERMCD_CM2001_F1"/>
<ITEMREF REFNAME="CMPREFNM_CM2001_F1"/>
<ITEMREF REFNAME="CMDECOD_CM2001_F1"/>
<ITEMREF REFNAME="DICT_DICTVER_CM2001_F1"/>
<ITEMREF REFNAME="CMSCAT_CM2001_F1"/>
<ITEMREF REFNAME="CMCAT_CM2001_F1"/>
<ITEMREF REFNAME="CMTRT_MAP_CM1F2"/>
<ITEMREF REFNAME="CMCLAS_CM1F2"/>
<ITEMREF REFNAME="CMCLASCD_CM1F2"/>
<ITEMREF REFNAME="TRTTERMCD_CM1F2"/>
<ITEMREF REFNAME="CMPREFNM_CM1F2"/>
<ITEMREF REFNAME="CMDECOD_CM1F2"/>
<ITEMREF REFNAME="DICT_DICTVER_CM1F2"/>
<ITEMREF REFNAME="CMSCAT_CM1F2"/>
<ITEMREF REFNAME="CMCAT_CM1F2"/>
<ITEMREF REFNAME="FACAT_AJPNC2F1"/>
<ITEMREF REFNAME="FACAT_AJHSPHFF1"/>
<ITEMREF REFNAME="FACAT_AJDTHF1"/>

</ITEMGROUP>

<ITEMGROUP 
GROUPNAME="nonData_Manager_Hidden"
GROUPDESCRIPTION="Items hidden to all but Data_Manager editable">
 <!-- Insert ItemRef Names -->
<ITEMREF REFNAME="CDQATRIG"/>

</ITEMGROUP>

<ITEMGROUP 
GROUPNAME="nonData_Manager_ReadOnly"
GROUPDESCRIPTION="Items are Data_Manager editable, and Read-only for all other groups except Adjudicator and Central Grp.  For the Groups Adjudicator and Central Grp, it will be a Hidden Item.">
 <!-- Insert ItemRef Names -->
<ITEMREF REFNAME="VISDATMD_SV1001_F1"/>
<ITEMREF REFNAME="CDQ_CDQA"/>

</ITEMGROUP>

</MEDMLDATA>