<?xml version="1.0"?>
<MEDMLDATA xmlns="PhaseForward-MedML-Inform4">


<SITE  NAME="(200) Charite Universitatsmedizin Berlin"    MNEMONIC="200"
ADDRESS="Augustenburger Platz 1"
COUNTRY="GERMANY"
PHONE="494930450653192"
ALTPHONE="49"
FAX="49"
TIMEZONE="(UTC+01:00) Sarajevo, Skopje, Warsaw, Zagreb"
SITEDATEFORMAT="DAY_MONTH_YEAR"
STARTDATE="05/24/2017"
STUDYLOCALE="en-US"
SVAUTOSELECTRATE="100"
SVFIRSTNSUBJECTS="100"
/>


<SITE  NAME="(300) Azienda Ospedaliero Universitaria di Modena"    MNEMONIC="300"
ADDRESS="AOU Policlinico di Modena Via del Pozzo 71"
COUNTRY="ITALY"
PHONE="39390594225165"
ALTPHONE="39"
FAX="39"
TIMEZONE="(UTC+01:00) Sarajevo, Skopje, Warsaw, Zagreb"
SITEDATEFORMAT="DAY_MONTH_YEAR"
STARTDATE="05/24/2017"
STUDYLOCALE="en-US"
SVAUTOSELECTRATE="100"
SVFIRSTNSUBJECTS="100"
/>


<SITE  NAME="(400) Vall DHebron Hospital"    MNEMONIC="400"
ADDRESS="Servicio de Oncologia Medica Passeig Vall d Hebron 119 129"
COUNTRY="SPAIN"
PHONE="3434932746000"
ALTPHONE="34"
FAX="34"
TIMEZONE="(UTC+01:00) Sarajevo, Skopje, Warsaw, Zagreb"
SITEDATEFORMAT="DAY_MONTH_YEAR"
STARTDATE="05/24/2017"
STUDYLOCALE="en-US"
SVAUTOSELECTRATE="100"
SVFIRSTNSUBJECTS="100"
/>


<SITE  NAME="(105) University of Utah  Huntsman Cancer Institute"    MNEMONIC="105"
ADDRESS="2000 Circle of Hope"
COUNTRY="UNITED STATES"
PHONE="18015851435"
ALTPHONE="1"
FAX="1"
TIMEZONE="(UTC-07:00) Mountain Time (US &#38; Canada)"
SITEDATEFORMAT="DAY_MONTH_YEAR"
STARTDATE="05/24/2017"
STUDYLOCALE="en-US"
SVAUTOSELECTRATE="100"
SVFIRSTNSUBJECTS="100"
/>


<SITE  NAME="(104) Honor Health Research Institute"    MNEMONIC="104"
ADDRESS="10510 North 92nd Street Suite 200"
COUNTRY="UNITED STATES"
PHONE="14803231282"
ALTPHONE="1"
FAX="1"
TIMEZONE="(UTC-07:00) Mountain Time (US &#38; Canada)"
SITEDATEFORMAT="DAY_MONTH_YEAR"
STARTDATE="05/24/2017"
STUDYLOCALE="en-US"
SVAUTOSELECTRATE="100"
SVFIRSTNSUBJECTS="100"
/>


<SITE  NAME="(103) SCRI Tennessee Oncology - Nashville"    MNEMONIC="103"
ADDRESS="250 25th Avenue North Suite 200"
COUNTRY="UNITED STATES"
PHONE="16153297274"
ALTPHONE="1"
FAX="1"
TIMEZONE="(UTC-06:00) Central Time (US &#38; Canada)"
SITEDATEFORMAT="DAY_MONTH_YEAR"
STARTDATE="05/24/2017"
STUDYLOCALE="en-US"
SVAUTOSELECTRATE="100"
SVFIRSTNSUBJECTS="100"
/>


<SITE  NAME="(102) SCRI Tennessee Oncology - Chattanooga"    MNEMONIC="102"
ADDRESS="605 Glenwood Drive Suite 200"
COUNTRY="UNITED STATES"
PHONE="14237027897"
ALTPHONE="1"
FAX="1"
TIMEZONE="(UTC-06:00) Central Time (US &#38; Canada)"
SITEDATEFORMAT="DAY_MONTH_YEAR"
STARTDATE="05/24/2017"
STUDYLOCALE="en-US"
SVAUTOSELECTRATE="100"
SVFIRSTNSUBJECTS="100"
/>


<SITE  NAME="(100) Univeristy of Pittsburg Hillman Cancer Center"    MNEMONIC="100"
ADDRESS="Cancer Pavilion 5150 Centre Avenue Office 563B Fifth Floor"
COUNTRY="UNITED STATES"
PHONE="14128647764"
ALTPHONE="1"
FAX="1"
TIMEZONE="(UTC-05:00) Eastern Time (US &#38; Canada)"
SITEDATEFORMAT="DAY_MONTH_YEAR"
STARTDATE="05/24/2017"
STUDYLOCALE="en-US"
SVAUTOSELECTRATE="100"
SVFIRSTNSUBJECTS="100"
/>


</MEDMLDATA>