<?xml version="1.0"?>
<MEDMLDATA xmlns="PhaseForward-MedML-Inform4">


<USER  USERNAME="nbahary"
USERTYPE="SITE"
FIRSTNAME="Nathan"
LASTNAME="Bahary"
DISPLAYNAME="Nathan Bahary"
DESCRIPTION="--Check UMT to ensure credentials have already been sent before resetting password--"
COUNTRY="UNITED STATES"
PHONE="14128647764"
ALTPHONE="1"
FAX="1"
EMAIL="baharyn@upmc.edu"
ACTIVESTATE="true"
DELETESTATE="false"
UPDATE="true"
PASSWORD="rE50zR2pA55l4T2347"
BEEPER="1"
USERDATEFORMAT="DAY_MONTH_YEAR"
HOMESCREENURL="./Portal/default.htm"
USERMUSTRESETPASSWORD="TRUE"
PRODUCTLOCALE="en-US"
STUDYLOCALE="en-US"/>


<USER  USERNAME="ye91098"
USERTYPE="SPONSOR"
FIRSTNAME="Kennie"
LASTNAME="Ogunnaike"
DISPLAYNAME="Kennie Ogunnaike"
DESCRIPTION="--Check UMT to ensure credentials have already been sent before resetting password--"
COUNTRY="UNITED KINGDOM"
PHONE="444401276483788"
ALTPHONE="44"
FAX="44"
EMAIL="ogunnaike_kennie@lilly.com"
ACTIVESTATE="true"
DELETESTATE="false"
UPDATE="true"
PASSWORD="T1xV3xY6zq73Q5644"
BEEPER="44"
USERDATEFORMAT="DAY_MONTH_YEAR"
HOMESCREENURL="./Portal/default.htm"
USERMUSTRESETPASSWORD="TRUE"
PRODUCTLOCALE="en-US"
STUDYLOCALE="en-US"/>


<USER  USERNAME="yex7231"
USERTYPE="SPONSOR"
FIRSTNAME="Sejal"
LASTNAME="Patel"
DISPLAYNAME="Sejal Patel"
DESCRIPTION="--Check UMT to ensure credentials have already been sent before resetting password--"
COUNTRY="UNITED KINGDOM"
PHONE="444.4012764838e+012"
ALTPHONE="44"
FAX="44"
EMAIL="patel_sejal_v@network.lilly.com"
ACTIVESTATE="true"
DELETESTATE="false"
UPDATE="true"
PASSWORD="w37BdH0e2BqU24372"
BEEPER="44"
USERDATEFORMAT="DAY_MONTH_YEAR"
HOMESCREENURL="./Portal/default.htm"
USERMUSTRESETPASSWORD="TRUE"
PRODUCTLOCALE="en-US"
STUDYLOCALE="en-US"/>


<USER  USERNAME="c025980"
USERTYPE="SPONSOR"
FIRSTNAME="Tamara"
LASTNAME="Risner"
DISPLAYNAME="Tamara Risner"
DESCRIPTION="--Check UMT to ensure credentials have already been sent before resetting password--"
COUNTRY="UNITED STATES"
PHONE="13174339682"
ALTPHONE="1"
FAX="1"
EMAIL="risner_tamara_k@lilly.com"
ACTIVESTATE="true"
DELETESTATE="false"
UPDATE="true"
PASSWORD="uL17tE2oU39n2O9431"
BEEPER="1"
USERDATEFORMAT="DAY_MONTH_YEAR"
HOMESCREENURL="./Portal/default.htm"
USERMUSTRESETPASSWORD="TRUE"
PRODUCTLOCALE="en-US"
STUDYLOCALE="en-US"/>


<USER  USERNAME="yex7614"
USERTYPE="SPONSOR"
FIRSTNAME="Katherine"
LASTNAME="Rogers"
DISPLAYNAME="Katherine Rogers"
DESCRIPTION="--Check UMT to ensure credentials have already been sent before resetting password--"
COUNTRY="UNITED KINGDOM"
PHONE="447974655230"
ALTPHONE="44"
FAX="44"
EMAIL="rogers_katherine@network.lilly.com"
ACTIVESTATE="true"
DELETESTATE="false"
UPDATE="true"
PASSWORD="L1sD6vF8fkD06346"
BEEPER="44"
USERDATEFORMAT="DAY_MONTH_YEAR"
HOMESCREENURL="./Portal/default.htm"
USERMUSTRESETPASSWORD="TRUE"
PRODUCTLOCALE="en-US"
STUDYLOCALE="en-US"/>


<USER  USERNAME="c239605"
USERTYPE="SPONSOR"
FIRSTNAME="Richard"
LASTNAME="Rowe"
DISPLAYNAME="Richard Rowe"
DESCRIPTION="--Check UMT to ensure credentials have already been sent before resetting password--"
COUNTRY="UNITED STATES"
PHONE="13174336833"
ALTPHONE="1"
FAX="1"
EMAIL="rowe_richard@network.lilly.com"
ACTIVESTATE="true"
DELETESTATE="false"
UPDATE="true"
PASSWORD="k0Lm41Fs94CjJ78999"
BEEPER="1"
USERDATEFORMAT="DAY_MONTH_YEAR"
HOMESCREENURL="./Portal/default.htm"
USERMUSTRESETPASSWORD="TRUE"
PRODUCTLOCALE="en-US"
STUDYLOCALE="en-US"/>


<USER  USERNAME="c219898"
USERTYPE="SPONSOR"
FIRSTNAME="Dzhansu"
LASTNAME="Syonmez"
DISPLAYNAME="Dzhansu Syonmez"
DESCRIPTION="--Check UMT to ensure credentials have already been sent before resetting password--"
COUNTRY="UNITED KINGDOM"
PHONE="44441276484849"
ALTPHONE="44"
FAX="44"
EMAIL="syonmez_dzhansu@network.lilly.com"
ACTIVESTATE="true"
DELETESTATE="false"
UPDATE="true"
PASSWORD="g7YsL2H3oy1A6517"
BEEPER="44"
USERDATEFORMAT="DAY_MONTH_YEAR"
HOMESCREENURL="./Portal/default.htm"
USERMUSTRESETPASSWORD="TRUE"
PRODUCTLOCALE="en-US"
STUDYLOCALE="en-US"/>


<USER  USERNAME="c026393"
USERTYPE="SPONSOR"
FIRSTNAME="Lee Ann"
LASTNAME="Wininger"
DISPLAYNAME="Lee Ann Wininger"
DESCRIPTION="--Check UMT to ensure credentials have already been sent before resetting password--"
COUNTRY="UNITED STATES"
PHONE="13176513238"
ALTPHONE="1"
FAX="1"
EMAIL="Wininger_Lee_Ann@lilly.com"
ACTIVESTATE="true"
DELETESTATE="false"
UPDATE="true"
PASSWORD="u41Ae8MsD78yQ569072"
BEEPER="1"
USERDATEFORMAT="DAY_MONTH_YEAR"
HOMESCREENURL="./Portal/default.htm"
USERMUSTRESETPASSWORD="TRUE"
PRODUCTLOCALE="en-US"
STUDYLOCALE="en-US"/>


<USER  USERNAME="a608760"
USERTYPE="SPONSOR"
FIRSTNAME="Sharon"
LASTNAME="Wright"
DISPLAYNAME="Sharon Wright"
DESCRIPTION="--Check UMT to ensure credentials have already been sent before resetting password--"
COUNTRY="UNITED STATES"
PHONE="13174338381"
ALTPHONE="1"
FAX="1"
EMAIL="wright_sharon@lilly.com"
ACTIVESTATE="true"
DELETESTATE="false"
UPDATE="true"
PASSWORD="iS8c7Zw44JP4q7219"
BEEPER="1"
USERDATEFORMAT="DAY_MONTH_YEAR"
HOMESCREENURL="./Portal/default.htm"
USERMUSTRESETPASSWORD="TRUE"
PRODUCTLOCALE="en-US"
STUDYLOCALE="en-US"/>


<USER  USERNAME="yex8021"
USERTYPE="SPONSOR"
FIRSTNAME="Mei"
LASTNAME="Zhang"
DISPLAYNAME="Mei Zhang"
DESCRIPTION="--Check UMT to ensure credentials have already been sent before resetting password--"
COUNTRY="UNITED KINGDOM"
PHONE="444.401276484e+012"
ALTPHONE="44"
FAX="44"
EMAIL="zhang_mei2@network.lilly.com"
ACTIVESTATE="true"
DELETESTATE="false"
UPDATE="true"
PASSWORD="gP1C0ibB27l94N2924"
BEEPER="44"
USERDATEFORMAT="DAY_MONTH_YEAR"
HOMESCREENURL="./Portal/default.htm"
USERMUSTRESETPASSWORD="TRUE"
PRODUCTLOCALE="en-US"
STUDYLOCALE="en-US"/>


<USER  USERNAME="c058698"
USERTYPE="SPONSOR"
FIRSTNAME="Michele"
LASTNAME="Brady"
DISPLAYNAME="Michele Brady"
DESCRIPTION="--Check UMT to ensure credentials have already been sent before resetting password--"
COUNTRY="UNITED STATES"
PHONE="13176512411"
ALTPHONE="1"
FAX="1"
EMAIL="brady_michelle_l@lilly.com"
ACTIVESTATE="true"
DELETESTATE="false"
UPDATE="true"
PASSWORD="iU3e19NjK68B8a3442"
BEEPER="1"
USERDATEFORMAT="DAY_MONTH_YEAR"
HOMESCREENURL="./Portal/default.htm"
USERMUSTRESETPASSWORD="TRUE"
PRODUCTLOCALE="en-US"
STUDYLOCALE="en-US"/>


<USER  USERNAME="u7x2510"
USERTYPE="SPONSOR"
FIRSTNAME="Blaine"
LASTNAME="Farley"
DISPLAYNAME="Blaine Farley"
DESCRIPTION="--Check UMT to ensure credentials have already been sent before resetting password--"
COUNTRY="UNITED STATES"
PHONE="13176276284"
ALTPHONE="1"
FAX="1"
EMAIL="farley_blaine@network.lilly.com"
ACTIVESTATE="true"
DELETESTATE="false"
UPDATE="true"
PASSWORD="nH3k93Sm1IjT859699"
BEEPER="1"
USERDATEFORMAT="DAY_MONTH_YEAR"
HOMESCREENURL="./Portal/default.htm"
USERMUSTRESETPASSWORD="TRUE"
PRODUCTLOCALE="en-US"
STUDYLOCALE="en-US"/>


<USER  USERNAME="c149470"
USERTYPE="SPONSOR"
FIRSTNAME="Flavio"
LASTNAME="Martins"
DISPLAYNAME="Flavio Martins"
DESCRIPTION="--Check UMT to ensure credentials have already been sent before resetting password--"
COUNTRY="BRAZIL"
PHONE="555.5112144612e+011"
ALTPHONE="55"
FAX="55"
EMAIL="junior_flavio_eduardo_martins@lilly.com"
ACTIVESTATE="true"
DELETESTATE="false"
UPDATE="true"
PASSWORD="cN39sJ96uP3u2R4774"
BEEPER="55"
USERDATEFORMAT="DAY_MONTH_YEAR"
HOMESCREENURL="./Portal/default.htm"
USERMUSTRESETPASSWORD="TRUE"
PRODUCTLOCALE="en-US"
STUDYLOCALE="en-US"/>


<USER  USERNAME="a803075"
USERTYPE="SPONSOR"
FIRSTNAME="Pranav"
LASTNAME="Pandya"
DISPLAYNAME="Pranav Pandya"
DESCRIPTION="--Check UMT to ensure credentials have already been sent before resetting password--"
COUNTRY="UNITED STATES"
PHONE="13172204360"
ALTPHONE="1"
FAX="1"
EMAIL="pandya_pranav_d@lilly.com"
ACTIVESTATE="true"
DELETESTATE="false"
UPDATE="true"
PASSWORD="vH6iK1yJ43tT358896"
BEEPER="1"
USERDATEFORMAT="DAY_MONTH_YEAR"
HOMESCREENURL="./Portal/default.htm"
USERMUSTRESETPASSWORD="TRUE"
PRODUCTLOCALE="en-US"
STUDYLOCALE="en-US"/>


<USER  USERNAME="rm87794"
USERTYPE="SPONSOR"
FIRSTNAME="Vish"
LASTNAME="Watkins"
DISPLAYNAME="Vish Watkins"
DESCRIPTION="--Check UMT to ensure credentials have already been sent before resetting password--"
COUNTRY="UNITED STATES"
PHONE="13172778350"
ALTPHONE="1"
FAX="1"
EMAIL="Watkins_vish_s@lilly.com"
ACTIVESTATE="true"
DELETESTATE="false"
UPDATE="true"
PASSWORD="yY0cI32kT58oA22538"
BEEPER="1"
USERDATEFORMAT="DAY_MONTH_YEAR"
HOMESCREENURL="./Portal/default.htm"
USERMUSTRESETPASSWORD="TRUE"
PRODUCTLOCALE="en-US"
STUDYLOCALE="en-US"/>


<USER  USERNAME="c196248"
USERTYPE="SPONSOR"
FIRSTNAME="Maguy"
LASTNAME="Michi"
DISPLAYNAME="Maguy Michi"
DESCRIPTION="--Check UMT to ensure credentials have already been sent before resetting password--"
COUNTRY="BRAZIL"
PHONE="55551121446861"
ALTPHONE="55"
FAX="55"
EMAIL="m.michi@lilly.com"
ACTIVESTATE="true"
DELETESTATE="false"
UPDATE="true"
PASSWORD="a17LG5kf2UiY148758"
BEEPER="55"
USERDATEFORMAT="DAY_MONTH_YEAR"
HOMESCREENURL="./Portal/default.htm"
USERMUSTRESETPASSWORD="TRUE"
PRODUCTLOCALE="en-US"
STUDYLOCALE="en-US"/>


<USER  USERNAME="c218621"
USERTYPE="SPONSOR"
FIRSTNAME="Aldona"
LASTNAME="Greenwood"
DISPLAYNAME="Aldona Greenwood"
DESCRIPTION="--Check UMT to ensure credentials have already been sent before resetting password--"
COUNTRY="UNITED KINGDOM"
PHONE="444.4127648325e+011"
ALTPHONE="44"
FAX="44"
EMAIL="greenwood_aldona@network.lilly.com"
ACTIVESTATE="true"
DELETESTATE="false"
UPDATE="true"
PASSWORD="d4Kd72Qt44MoN193575"
BEEPER="44"
USERDATEFORMAT="DAY_MONTH_YEAR"
HOMESCREENURL="./Portal/default.htm"
USERMUSTRESETPASSWORD="TRUE"
PRODUCTLOCALE="en-US"
STUDYLOCALE="en-US"/>


<USER  USERNAME="c196683"
USERTYPE="SPONSOR"
FIRSTNAME="Christina"
LASTNAME="Moore"
DISPLAYNAME="Christina Moore"
DESCRIPTION="--Check UMT to ensure credentials have already been sent before resetting password--"
COUNTRY="UNITED STATES"
PHONE="13176550819"
ALTPHONE="1"
FAX="1"
EMAIL="moore_christina@lilly.com"
ACTIVESTATE="true"
DELETESTATE="false"
UPDATE="true"
PASSWORD="nE30A9hv62Dp95Y4401"
BEEPER="1"
USERDATEFORMAT="DAY_MONTH_YEAR"
HOMESCREENURL="./Portal/default.htm"
USERMUSTRESETPASSWORD="TRUE"
PRODUCTLOCALE="en-US"
STUDYLOCALE="en-US"/>


<USER  USERNAME="c228249"
USERTYPE="SPONSOR"
FIRSTNAME="Usha"
LASTNAME="Harish"
DISPLAYNAME="Usha Harish"
DESCRIPTION="--Check UMT to ensure credentials have already been sent before resetting password--"
COUNTRY="INDIA"
PHONE="91919448162306"
ALTPHONE="91"
FAX="91"
EMAIL="harish_usha@lilly.com"
ACTIVESTATE="true"
DELETESTATE="false"
UPDATE="true"
PASSWORD="s7SjU7mR98m2E5536"
BEEPER="91"
USERDATEFORMAT="DAY_MONTH_YEAR"
HOMESCREENURL="./Portal/default.htm"
USERMUSTRESETPASSWORD="TRUE"
PRODUCTLOCALE="en-US"
STUDYLOCALE="en-US"/>


<USER  USERNAME="c228247"
USERTYPE="SPONSOR"
FIRSTNAME="Devadrita"
LASTNAME="Basu"
DISPLAYNAME="Devadrita Basu"
DESCRIPTION="--Check UMT to ensure credentials have already been sent before resetting password--"
COUNTRY="INDIA"
PHONE="91918046640999"
ALTPHONE="91"
FAX="91"
EMAIL="basu_devadrita@lilly.com"
ACTIVESTATE="true"
DELETESTATE="false"
UPDATE="true"
PASSWORD="l17Wc88EtT1tC93968"
BEEPER="91"
USERDATEFORMAT="DAY_MONTH_YEAR"
HOMESCREENURL="./Portal/default.htm"
USERMUSTRESETPASSWORD="TRUE"
PRODUCTLOCALE="en-US"
STUDYLOCALE="en-US"/>


<USER  USERNAME="c228250"
USERTYPE="SPONSOR"
FIRSTNAME="Sachidananda"
LASTNAME="Shetti"
DISPLAYNAME="Sachidananda Shetti"
DESCRIPTION="--Check UMT to ensure credentials have already been sent before resetting password--"
COUNTRY="INDIA"
PHONE="91918046640999"
ALTPHONE="91"
FAX="91"
EMAIL="g_sachidananda@lilly.com"
ACTIVESTATE="true"
DELETESTATE="false"
UPDATE="true"
PASSWORD="eM77t2ApO13pT678090"
BEEPER="91"
USERDATEFORMAT="DAY_MONTH_YEAR"
HOMESCREENURL="./Portal/default.htm"
USERMUSTRESETPASSWORD="TRUE"
PRODUCTLOCALE="en-US"
STUDYLOCALE="en-US"/>


<USER  USERNAME="c100415"
USERTYPE="SPONSOR"
FIRSTNAME="Olimpia"
LASTNAME="Ferreira Ajaujo"
DISPLAYNAME="Olimpia Ferreira Ajaujo"
DESCRIPTION="--Check UMT to ensure credentials have already been sent before resetting password--"
COUNTRY="UNITED STATES"
PHONE="13176518059"
ALTPHONE="1"
FAX="1"
EMAIL="araujool@lilly.com"
ACTIVESTATE="true"
DELETESTATE="false"
UPDATE="true"
PASSWORD="nC9vE0fA47mU175930"
BEEPER="1"
USERDATEFORMAT="DAY_MONTH_YEAR"
HOMESCREENURL="./Portal/default.htm"
USERMUSTRESETPASSWORD="TRUE"
PRODUCTLOCALE="en-US"
STUDYLOCALE="en-US"/>


<USER  USERNAME="coder_query"
USERTYPE="SPONSOR"
FIRSTNAME="Coder"
LASTNAME="Query"
DISPLAYNAME="Coder Query"
DESCRIPTION="--Check UMT to ensure credentials have already been sent before resetting password--"
COUNTRY="UNITED STATES"
PHONE="11"
ALTPHONE="1"
FAX="1"
EMAIL="juerling_rosemarie@lilly.com"
ACTIVESTATE="true"
DELETESTATE="false"
UPDATE="true"
PASSWORD="bV35gH90eH6E0e8011"
BEEPER="1"
USERDATEFORMAT="DAY_MONTH_YEAR"
HOMESCREENURL="./Portal/default.htm"
USERMUSTRESETPASSWORD="TRUE"
PRODUCTLOCALE="en-US"
STUDYLOCALE="en-US"/>


<USER  USERNAME="c131994"
USERTYPE="SPONSOR"
FIRSTNAME="Jane"
LASTNAME="Njoroge"
DISPLAYNAME="Jane Njoroge"
DESCRIPTION="--Check UMT to ensure credentials have already been sent before resetting password--"
COUNTRY="UNITED STATES"
PHONE="13172768638"
ALTPHONE="1"
FAX="1"
EMAIL="njoroge_jane_n@lilly.com"
ACTIVESTATE="true"
DELETESTATE="false"
UPDATE="true"
PASSWORD="wC85q4Sd15TsB92670"
BEEPER="1"
USERDATEFORMAT="DAY_MONTH_YEAR"
HOMESCREENURL="./Portal/default.htm"
USERMUSTRESETPASSWORD="TRUE"
PRODUCTLOCALE="en-US"
STUDYLOCALE="en-US"/>


<USER  USERNAME="yex7972"
USERTYPE="SPONSOR"
FIRSTNAME="Dipali"
LASTNAME="Patel"
DISPLAYNAME="Dipali Patel"
DESCRIPTION="--Check UMT to ensure credentials have already been sent before resetting password--"
COUNTRY="UNITED KINGDOM"
PHONE="444.4127648476e+011"
ALTPHONE="44"
FAX="44"
EMAIL="patel_dipali@lilly.com"
ACTIVESTATE="true"
DELETESTATE="false"
UPDATE="true"
PASSWORD="O5kiB76l32XT3z2323"
BEEPER="44"
USERDATEFORMAT="DAY_MONTH_YEAR"
HOMESCREENURL="./Portal/default.htm"
USERMUSTRESETPASSWORD="TRUE"
PRODUCTLOCALE="en-US"
STUDYLOCALE="en-US"/>


<USER  USERNAME="v6x8356"
USERTYPE="SPONSOR"
FIRSTNAME="Cody"
LASTNAME="Pickens"
DISPLAYNAME="Cody Pickens"
DESCRIPTION="--Check UMT to ensure credentials have already been sent before resetting password--"
COUNTRY="UNITED STATES"
PHONE="13174339037"
ALTPHONE="1"
FAX="1"
EMAIL="pickens_cody_m@lilly.com"
ACTIVESTATE="true"
DELETESTATE="false"
UPDATE="true"
PASSWORD="X0dsF11jM26b0W1952"
BEEPER="1"
USERDATEFORMAT="DAY_MONTH_YEAR"
HOMESCREENURL="./Portal/default.htm"
USERMUSTRESETPASSWORD="TRUE"
PRODUCTLOCALE="en-US"
STUDYLOCALE="en-US"/>


<USER  USERNAME="c244333"
USERTYPE="SPONSOR"
FIRSTNAME="Ronda"
LASTNAME="Smith"
DISPLAYNAME="Ronda Smith"
DESCRIPTION="--Check UMT to ensure credentials have already been sent before resetting password--"
COUNTRY="UNITED STATES"
PHONE="13174334981"
ALTPHONE="1"
FAX="1"
EMAIL="smith_ronda@network.lilly.com"
ACTIVESTATE="true"
DELETESTATE="false"
UPDATE="true"
PASSWORD="xL36oP51cD4cD08629"
BEEPER="1"
USERDATEFORMAT="DAY_MONTH_YEAR"
HOMESCREENURL="./Portal/default.htm"
USERMUSTRESETPASSWORD="TRUE"
PRODUCTLOCALE="en-US"
STUDYLOCALE="en-US"/>


<USER  USERNAME="c075541"
USERTYPE="SPONSOR"
FIRSTNAME="Sara"
LASTNAME="Vandermark"
DISPLAYNAME="Sara Vandermark"
DESCRIPTION="--Check UMT to ensure credentials have already been sent before resetting password--"
COUNTRY="UNITED STATES"
PHONE="13176553465"
ALTPHONE="1"
FAX="1"
EMAIL="Vandermark_Sara@lilly.com"
ACTIVESTATE="true"
DELETESTATE="false"
UPDATE="true"
PASSWORD="kS77V7prN2c69J1074"
BEEPER="1"
USERDATEFORMAT="DAY_MONTH_YEAR"
HOMESCREENURL="./Portal/default.htm"
USERMUSTRESETPASSWORD="TRUE"
PRODUCTLOCALE="en-US"
STUDYLOCALE="en-US"/>


<USER  USERNAME="c135748"
USERTYPE="SPONSOR"
FIRSTNAME="Stephanie"
LASTNAME="Horna"
DISPLAYNAME="Stephanie Horna"
DESCRIPTION="--Check UMT to ensure credentials have already been sent before resetting password--"
COUNTRY="UNITED STATES"
PHONE="13172608949"
ALTPHONE="1"
FAX="1"
EMAIL="horna_stephanie_lynne@lilly.com"
ACTIVESTATE="true"
DELETESTATE="false"
UPDATE="true"
PASSWORD="F9nN2vtS7fB882157"
BEEPER="1"
USERDATEFORMAT="DAY_MONTH_YEAR"
HOMESCREENURL="./Portal/default.htm"
USERMUSTRESETPASSWORD="TRUE"
PRODUCTLOCALE="en-US"
STUDYLOCALE="en-US"/>


<USER  USERNAME="jbendell"
USERTYPE="SITE"
FIRSTNAME="Johanna"
LASTNAME="Bendell"
DISPLAYNAME="Johanna Bendell"
DESCRIPTION="--Check UMT to ensure credentials have already been sent before resetting password--"
COUNTRY="UNITED STATES"
PHONE="16153297274"
ALTPHONE="1"
FAX="1"
EMAIL="jbendell@tnonc.com"
ACTIVESTATE="true"
DELETESTATE="false"
UPDATE="true"
PASSWORD="rV6oR18eN89h35E186"
BEEPER="1"
USERDATEFORMAT="DAY_MONTH_YEAR"
HOMESCREENURL="./Portal/default.htm"
USERMUSTRESETPASSWORD="TRUE"
PRODUCTLOCALE="en-US"
STUDYLOCALE="en-US"/>


<USER  USERNAME="c079244"
USERTYPE="SPONSOR"
FIRSTNAME="Roseanne"
LASTNAME="Balog"
DISPLAYNAME="Roseanne Balog"
DESCRIPTION="--Check UMT to ensure credentials have already been sent before resetting password--"
COUNTRY="UNITED STATES"
PHONE="13174338936"
ALTPHONE="1"
FAX="1"
EMAIL="balog_rosanne_m@lilly.com"
ACTIVESTATE="true"
DELETESTATE="false"
UPDATE="true"
PASSWORD="C1oU1zT9vzB8219"
BEEPER="1"
USERDATEFORMAT="DAY_MONTH_YEAR"
HOMESCREENURL="./Portal/default.htm"
USERMUSTRESETPASSWORD="TRUE"
PRODUCTLOCALE="en-US"
STUDYLOCALE="en-US"/>


<USER  USERNAME="rm90029"
USERTYPE="SPONSOR"
FIRSTNAME="Kathy"
LASTNAME="Britton"
DISPLAYNAME="Kathy Britton"
DESCRIPTION="--Check UMT to ensure credentials have already been sent before resetting password--"
COUNTRY="UNITED STATES"
PHONE="13172773370"
ALTPHONE="1"
FAX="1"
EMAIL="britton_kathy@lilly.com"
ACTIVESTATE="true"
DELETESTATE="false"
UPDATE="true"
PASSWORD="D7aoJ81nV26cA177033"
BEEPER="1"
USERDATEFORMAT="DAY_MONTH_YEAR"
HOMESCREENURL="./Portal/default.htm"
USERMUSTRESETPASSWORD="TRUE"
PRODUCTLOCALE="en-US"
STUDYLOCALE="en-US"/>


<USER  USERNAME="c069132"
USERTYPE="SPONSOR"
FIRSTNAME="Trudy"
LASTNAME="Buckley"
DISPLAYNAME="Trudy Buckley"
DESCRIPTION="--Check UMT to ensure credentials have already been sent before resetting password--"
COUNTRY="UNITED STATES"
PHONE="13176551662"
ALTPHONE="1"
FAX="1"
EMAIL="buckley_trudy_jo@lilly.com"
ACTIVESTATE="true"
DELETESTATE="false"
UPDATE="true"
PASSWORD="vU53fL7p82RvM96970"
BEEPER="1"
USERDATEFORMAT="DAY_MONTH_YEAR"
HOMESCREENURL="./Portal/default.htm"
USERMUSTRESETPASSWORD="TRUE"
PRODUCTLOCALE="en-US"
STUDYLOCALE="en-US"/>


<USER  USERNAME="c057362"
USERTYPE="SPONSOR"
FIRSTNAME="Katrina"
LASTNAME="Cathelyn-Irwin"
DISPLAYNAME="Katrina Cathelyn-Irwin"
DESCRIPTION="--Check UMT to ensure credentials have already been sent before resetting password--"
COUNTRY="UNITED STATES"
PHONE="13172769376"
ALTPHONE="1"
FAX="1"
EMAIL="cathelyn-irwin_katrina_j@lilly.com"
ACTIVESTATE="true"
DELETESTATE="false"
UPDATE="true"
PASSWORD="xW56x4VfL96aW22131"
BEEPER="1"
USERDATEFORMAT="DAY_MONTH_YEAR"
HOMESCREENURL="./Portal/default.htm"
USERMUSTRESETPASSWORD="TRUE"
PRODUCTLOCALE="en-US"
STUDYLOCALE="en-US"/>


<USER  USERNAME="c202987"
USERTYPE="SPONSOR"
FIRSTNAME="Alessio"
LASTNAME="Eramo"
DISPLAYNAME="Alessio Eramo"
DESCRIPTION="--Check UMT to ensure credentials have already been sent before resetting password--"
COUNTRY="UNITED KINGDOM"
PHONE="44441276483107"
ALTPHONE="44"
FAX="44"
EMAIL="eramo_alessio@network.lilly.com"
ACTIVESTATE="true"
DELETESTATE="false"
UPDATE="true"
PASSWORD="kC0aI1kU77g41O4475"
BEEPER="44"
USERDATEFORMAT="DAY_MONTH_YEAR"
HOMESCREENURL="./Portal/default.htm"
USERMUSTRESETPASSWORD="TRUE"
PRODUCTLOCALE="en-US"
STUDYLOCALE="en-US"/>


<USER  USERNAME="u6x6712"
USERTYPE="SPONSOR"
FIRSTNAME="Taneisha"
LASTNAME="Foy"
DISPLAYNAME="Taneisha Foy"
DESCRIPTION="--Check UMT to ensure credentials have already been sent before resetting password--"
COUNTRY="UNITED STATES"
PHONE="13172766416"
ALTPHONE="1"
FAX="1"
EMAIL="foy_taneisha_m@network.lilly.com"
ACTIVESTATE="true"
DELETESTATE="false"
UPDATE="true"
PASSWORD="yW30vQ8b2VZ5y3797"
BEEPER="1"
USERDATEFORMAT="DAY_MONTH_YEAR"
HOMESCREENURL="./Portal/default.htm"
USERMUSTRESETPASSWORD="TRUE"
PRODUCTLOCALE="en-US"
STUDYLOCALE="en-US"/>


<USER  USERNAME="v6x8058"
USERTYPE="SPONSOR"
FIRSTNAME="Heidi"
LASTNAME="Gertiser"
DISPLAYNAME="Heidi Gertiser"
DESCRIPTION="--Check UMT to ensure credentials have already been sent before resetting password--"
COUNTRY="UNITED STATES"
PHONE="13174339126"
ALTPHONE="1"
FAX="1"
EMAIL="Gertiser_Heidi@lilly.com"
ACTIVESTATE="true"
DELETESTATE="false"
UPDATE="true"
PASSWORD="aR4gP22L0zxQ644043"
BEEPER="1"
USERDATEFORMAT="DAY_MONTH_YEAR"
HOMESCREENURL="./Portal/default.htm"
USERMUSTRESETPASSWORD="TRUE"
PRODUCTLOCALE="en-US"
STUDYLOCALE="en-US"/>


<USER  USERNAME="c090108"
USERTYPE="SPONSOR"
FIRSTNAME="Kraig"
LASTNAME="Hodson"
DISPLAYNAME="Kraig Hodson"
DESCRIPTION="--Check UMT to ensure credentials have already been sent before resetting password--"
COUNTRY="UNITED STATES"
PHONE="13176514674"
ALTPHONE="1"
FAX="1"
EMAIL="Hodson_Kraig_e@lilly.com"
ACTIVESTATE="true"
DELETESTATE="false"
UPDATE="true"
PASSWORD="s28LfP1G5fuS131882"
BEEPER="1"
USERDATEFORMAT="DAY_MONTH_YEAR"
HOMESCREENURL="./Portal/default.htm"
USERMUSTRESETPASSWORD="TRUE"
PRODUCTLOCALE="en-US"
STUDYLOCALE="en-US"/>


<USER  USERNAME="c085302"
USERTYPE="SPONSOR"
FIRSTNAME="Molly"
LASTNAME="Lickliter"
DISPLAYNAME="Molly Lickliter"
DESCRIPTION="--Check UMT to ensure credentials have already been sent before resetting password--"
COUNTRY="UNITED STATES"
PHONE="13172778871"
ALTPHONE="1"
FAX="1"
EMAIL="lickliter_molly_elizabeth@lilly.com"
ACTIVESTATE="true"
DELETESTATE="false"
UPDATE="true"
PASSWORD="r17OcZ62w7Sx9S820"
BEEPER="1"
USERDATEFORMAT="DAY_MONTH_YEAR"
HOMESCREENURL="./Portal/default.htm"
USERMUSTRESETPASSWORD="TRUE"
PRODUCTLOCALE="en-US"
STUDYLOCALE="en-US"/>


<USER  USERNAME="c074342"
USERTYPE="SPONSOR"
FIRSTNAME="Camila"
LASTNAME="Mariguela"
DISPLAYNAME="Camila Mariguela"
DESCRIPTION="--Check UMT to ensure credentials have already been sent before resetting password--"
COUNTRY="BRAZIL"
PHONE="55551121445027"
ALTPHONE="55"
FAX="55"
EMAIL="mariguela_camilla_somaio@lilly.com"
ACTIVESTATE="true"
DELETESTATE="false"
UPDATE="true"
PASSWORD="I5awZ9oZ54wJ13165"
BEEPER="55"
USERDATEFORMAT="DAY_MONTH_YEAR"
HOMESCREENURL="./Portal/default.htm"
USERMUSTRESETPASSWORD="TRUE"
PRODUCTLOCALE="en-US"
STUDYLOCALE="en-US"/>


<USER  USERNAME="c149177"
USERTYPE="SPONSOR"
FIRSTNAME="Rakale"
LASTNAME="Modisette"
DISPLAYNAME="Rakale Modisette"
DESCRIPTION="--Check UMT to ensure credentials have already been sent before resetting password--"
COUNTRY="UNITED STATES"
PHONE="13172777425"
ALTPHONE="1"
FAX="1"
EMAIL="modisette_rakale_n@lilly.com"
ACTIVESTATE="true"
DELETESTATE="false"
UPDATE="true"
PASSWORD="xX19yV74pM7T9z3398"
BEEPER="1"
USERDATEFORMAT="DAY_MONTH_YEAR"
HOMESCREENURL="./Portal/default.htm"
USERMUSTRESETPASSWORD="TRUE"
PRODUCTLOCALE="en-US"
STUDYLOCALE="en-US"/>


<USER  USERNAME="c194055"
USERTYPE="SPONSOR"
FIRSTNAME="Tisha"
LASTNAME="Mullins"
DISPLAYNAME="Tisha Mullins"
DESCRIPTION="--Check UMT to ensure credentials have already been sent before resetting password--"
COUNTRY="UNITED STATES"
PHONE="13174337495"
ALTPHONE="1"
FAX="1"
EMAIL="mullins_tisha@network.lilly.com"
ACTIVESTATE="true"
DELETESTATE="false"
UPDATE="true"
PASSWORD="uJ47cG62hB2m7F7805"
BEEPER="1"
USERDATEFORMAT="DAY_MONTH_YEAR"
HOMESCREENURL="./Portal/default.htm"
USERMUSTRESETPASSWORD="TRUE"
PRODUCTLOCALE="en-US"
STUDYLOCALE="en-US"/>


<USER  USERNAME="c039863"
USERTYPE="SPONSOR"
FIRSTNAME="Angela"
LASTNAME="Roepke"
DISPLAYNAME="Angela Roepke"
DESCRIPTION="--Check UMT to ensure credentials have already been sent before resetting password--"
COUNTRY="UNITED STATES"
PHONE="13176516235"
ALTPHONE="1"
FAX="1"
EMAIL="roepke_angela_p@lilly.com"
ACTIVESTATE="true"
DELETESTATE="false"
UPDATE="true"
PASSWORD="G4dg41HvR5jT301582"
BEEPER="1"
USERDATEFORMAT="DAY_MONTH_YEAR"
HOMESCREENURL="./Portal/default.htm"
USERMUSTRESETPASSWORD="TRUE"
PRODUCTLOCALE="en-US"
STUDYLOCALE="en-US"/>


<USER  USERNAME="c137396"
USERTYPE="SPONSOR"
FIRSTNAME="Ana Paula"
LASTNAME="Rondino"
DISPLAYNAME="Ana Paula Rondino"
DESCRIPTION="--Check UMT to ensure credentials have already been sent before resetting password--"
COUNTRY="BRAZIL"
PHONE="55551121445079"
ALTPHONE="55"
FAX="55"
EMAIL="rondino_ana_paula@lilly.com"
ACTIVESTATE="true"
DELETESTATE="false"
UPDATE="true"
PASSWORD="o5KzM18xR94xF01520"
BEEPER="55"
USERDATEFORMAT="DAY_MONTH_YEAR"
HOMESCREENURL="./Portal/default.htm"
USERMUSTRESETPASSWORD="TRUE"
PRODUCTLOCALE="en-US"
STUDYLOCALE="en-US"/>


<USER  USERNAME="c149176"
USERTYPE="SPONSOR"
FIRSTNAME="Holly"
LASTNAME="Smith"
DISPLAYNAME="Holly Smith"
DESCRIPTION="--Check UMT to ensure credentials have already been sent before resetting password--"
COUNTRY="UNITED STATES"
PHONE="13172776679"
ALTPHONE="1"
FAX="1"
EMAIL="smith_holly_joann@lilly.com"
ACTIVESTATE="true"
DELETESTATE="false"
UPDATE="true"
PASSWORD="t8WaN39i1TwT373864"
BEEPER="1"
USERDATEFORMAT="DAY_MONTH_YEAR"
HOMESCREENURL="./Portal/default.htm"
USERMUSTRESETPASSWORD="TRUE"
PRODUCTLOCALE="en-US"
STUDYLOCALE="en-US"/>


<USER  USERNAME="a701824"
USERTYPE="SPONSOR"
FIRSTNAME="Diego"
LASTNAME="Videira"
DISPLAYNAME="Diego Videira"
DESCRIPTION="--Check UMT to ensure credentials have already been sent before resetting password--"
COUNTRY="BRAZIL"
PHONE="551121446115"
ALTPHONE="55"
FAX="55"
EMAIL="diego.videira@lilly.com"
ACTIVESTATE="true"
DELETESTATE="false"
UPDATE="true"
PASSWORD="tP5rO55sX90n4C4048"
BEEPER="55"
USERDATEFORMAT="DAY_MONTH_YEAR"
HOMESCREENURL="./Portal/default.htm"
USERMUSTRESETPASSWORD="TRUE"
PRODUCTLOCALE="en-US"
STUDYLOCALE="en-US"/>


<USER  USERNAME="c247680"
USERTYPE="SPONSOR"
FIRSTNAME="Ellen"
LASTNAME="Dixon"
DISPLAYNAME="Ellen Dixon"
DESCRIPTION="--Check UMT to ensure credentials have already been sent before resetting password--"
COUNTRY="UNITED STATES"
PHONE="13214740983"
ALTPHONE="1"
FAX="1"
EMAIL="elizabeth.dixon@inventivhealth.com"
ACTIVESTATE="true"
DELETESTATE="false"
UPDATE="true"
PASSWORD="mO9n4RnT45wM145788"
BEEPER="1"
USERDATEFORMAT="DAY_MONTH_YEAR"
HOMESCREENURL="./Portal/default.htm"
USERMUSTRESETPASSWORD="TRUE"
PRODUCTLOCALE="en-US"
STUDYLOCALE="en-US"/>


<USER  USERNAME="c243487"
USERTYPE="SPONSOR"
FIRSTNAME="Krista"
LASTNAME="Zaharewicz"
DISPLAYNAME="Krista Zaharewicz"
DESCRIPTION="--Check UMT to ensure credentials have already been sent before resetting password--"
COUNTRY="UNITED STATES"
PHONE="12162251702"
ALTPHONE="1"
FAX="1"
EMAIL="Krista.Zaharewicz@quintiles.com"
ACTIVESTATE="true"
DELETESTATE="false"
UPDATE="true"
PASSWORD="mO8oK38tI4uA69022"
BEEPER="1"
USERDATEFORMAT="DAY_MONTH_YEAR"
HOMESCREENURL="./Portal/default.htm"
USERMUSTRESETPASSWORD="TRUE"
PRODUCTLOCALE="en-US"
STUDYLOCALE="en-US"/>


<USER  USERNAME="c244345"
USERTYPE="SPONSOR"
FIRSTNAME="Roochi"
LASTNAME="Ghodasara"
DISPLAYNAME="Roochi Ghodasara"
DESCRIPTION="--Check UMT to ensure credentials have already been sent before resetting password--"
COUNTRY="UNITED STATES"
PHONE="16155687034"
ALTPHONE="1"
FAX="1"
EMAIL="Roochi.Ghodasara@quintilesims.com"
ACTIVESTATE="true"
DELETESTATE="false"
UPDATE="true"
PASSWORD="uX1eX8lN6hU631123"
BEEPER="1"
USERDATEFORMAT="DAY_MONTH_YEAR"
HOMESCREENURL="./Portal/default.htm"
USERMUSTRESETPASSWORD="TRUE"
PRODUCTLOCALE="en-US"
STUDYLOCALE="en-US"/>


<USER  USERNAME="v0x0647"
USERTYPE="SPONSOR"
FIRSTNAME="Kim"
LASTNAME="Hunter"
DISPLAYNAME="Kim Hunter"
DESCRIPTION="--Check UMT to ensure credentials have already been sent before resetting password--"
COUNTRY="UNITED STATES"
PHONE="12062401449"
ALTPHONE="1"
FAX="1"
EMAIL="kim.hunter1@quintiles.com"
ACTIVESTATE="true"
DELETESTATE="false"
UPDATE="true"
PASSWORD="c66EtW2nJ3rY71369"
BEEPER="1"
USERDATEFORMAT="DAY_MONTH_YEAR"
HOMESCREENURL="./Portal/default.htm"
USERMUSTRESETPASSWORD="TRUE"
PRODUCTLOCALE="en-US"
STUDYLOCALE="en-US"/>


<USER  USERNAME="z2x2411"
USERTYPE="SPONSOR"
FIRSTNAME="Creighton"
LASTNAME="Madill"
DISPLAYNAME="Creighton Madill"
DESCRIPTION="--Check UMT to ensure credentials have already been sent before resetting password--"
COUNTRY="UNITED STATES"
PHONE="14034730056"
ALTPHONE="1"
FAX="1"
EMAIL="creighton.madill@quintiles.com"
ACTIVESTATE="true"
DELETESTATE="false"
UPDATE="true"
PASSWORD="pP30G8dK6kJ3u4022"
BEEPER="1"
USERDATEFORMAT="DAY_MONTH_YEAR"
HOMESCREENURL="./Portal/default.htm"
USERMUSTRESETPASSWORD="TRUE"
PRODUCTLOCALE="en-US"
STUDYLOCALE="en-US"/>


<USER  USERNAME="c225989"
USERTYPE="SPONSOR"
FIRSTNAME="Tyler"
LASTNAME="Prater"
DISPLAYNAME="Tyler Prater"
DESCRIPTION="--Check UMT to ensure credentials have already been sent before resetting password--"
COUNTRY="UNITED STATES"
PHONE="13179549783"
ALTPHONE="1"
FAX="1"
EMAIL="tprater@lilly.com"
ACTIVESTATE="true"
DELETESTATE="false"
UPDATE="true"
PASSWORD="oZ8wB0xV71w8I7848"
BEEPER="1"
USERDATEFORMAT="DAY_MONTH_YEAR"
HOMESCREENURL="./Portal/default.htm"
USERMUSTRESETPASSWORD="TRUE"
PRODUCTLOCALE="en-US"
STUDYLOCALE="en-US"/>


<USER  USERNAME="c003859"
USERTYPE="SPONSOR"
FIRSTNAME="Jo"
LASTNAME="Avant"
DISPLAYNAME="Jo Avant"
DESCRIPTION="--Check UMT to ensure credentials have already been sent before resetting password--"
COUNTRY="UNITED STATES"
PHONE="13176552678"
ALTPHONE="1"
FAX="1"
EMAIL="avant_josephine@lilly.com"
ACTIVESTATE="true"
DELETESTATE="false"
UPDATE="true"
PASSWORD="r73LeU71pG2g82B3317"
BEEPER="1"
USERDATEFORMAT="DAY_MONTH_YEAR"
HOMESCREENURL="./Portal/default.htm"
USERMUSTRESETPASSWORD="TRUE"
PRODUCTLOCALE="en-US"
STUDYLOCALE="en-US"/>


<USER  USERNAME="c244714"
USERTYPE="SPONSOR"
FIRSTNAME="Reena"
LASTNAME="Ambaliya"
DISPLAYNAME="Reena Ambaliya"
DESCRIPTION="--Check UMT to ensure credentials have already been sent before resetting password--"
COUNTRY="UNITED STATES"
PHONE="13172767164"
ALTPHONE="1"
FAX="1"
EMAIL="ambaliya_reena@network.lilly.com"
ACTIVESTATE="true"
DELETESTATE="false"
UPDATE="true"
PASSWORD="N9evF9wT1eF712330"
BEEPER="1"
USERDATEFORMAT="DAY_MONTH_YEAR"
HOMESCREENURL="./Portal/default.htm"
USERMUSTRESETPASSWORD="TRUE"
PRODUCTLOCALE="en-US"
STUDYLOCALE="en-US"/>


<USER  USERNAME="u7X4333"
USERTYPE="SPONSOR"
FIRSTNAME="Stephanie"
LASTNAME="Bowman"
DISPLAYNAME="Stephanie Bowman"
DESCRIPTION="--Check UMT to ensure credentials have already been sent before resetting password--"
COUNTRY="UNITED STATES"
PHONE="13176519264"
ALTPHONE="1"
FAX="1"
EMAIL="bowman_stephanie@network.lilly.com"
ACTIVESTATE="true"
DELETESTATE="false"
UPDATE="true"
PASSWORD="wP75d93QrE6kG57698"
BEEPER="1"
USERDATEFORMAT="DAY_MONTH_YEAR"
HOMESCREENURL="./Portal/default.htm"
USERMUSTRESETPASSWORD="TRUE"
PRODUCTLOCALE="en-US"
STUDYLOCALE="en-US"/>


<USER  USERNAME="rm89018"
USERTYPE="SPONSOR"
FIRSTNAME="Rolanda"
LASTNAME="Brooks"
DISPLAYNAME="Rolanda Brooks"
DESCRIPTION="--Check UMT to ensure credentials have already been sent before resetting password--"
COUNTRY="UNITED STATES"
PHONE="13172767757"
ALTPHONE="1"
FAX="1"
EMAIL="brooks_rolanda_n@lilly.com"
ACTIVESTATE="true"
DELETESTATE="false"
UPDATE="true"
PASSWORD="a7FR1wp2Bh8D7636"
BEEPER="1"
USERDATEFORMAT="DAY_MONTH_YEAR"
HOMESCREENURL="./Portal/default.htm"
USERMUSTRESETPASSWORD="TRUE"
PRODUCTLOCALE="en-US"
STUDYLOCALE="en-US"/>


<USER  USERNAME="c015393"
USERTYPE="SPONSOR"
FIRSTNAME="Markay"
LASTNAME="Burkhart"
DISPLAYNAME="Markay Burkhart"
DESCRIPTION="--Check UMT to ensure credentials have already been sent before resetting password--"
COUNTRY="UNITED STATES"
PHONE="13176519028"
ALTPHONE="1"
FAX="1"
EMAIL="burkhart_markay_l@lilly.com"
ACTIVESTATE="true"
DELETESTATE="false"
UPDATE="true"
PASSWORD="y9So1GT2yz2W7574"
BEEPER="1"
USERDATEFORMAT="DAY_MONTH_YEAR"
HOMESCREENURL="./Portal/default.htm"
USERMUSTRESETPASSWORD="TRUE"
PRODUCTLOCALE="en-US"
STUDYLOCALE="en-US"/>


<USER  USERNAME="c071673"
USERTYPE="SPONSOR"
FIRSTNAME="Vanessa"
LASTNAME="Distel"
DISPLAYNAME="Vanessa Distel"
DESCRIPTION="--Check UMT to ensure credentials have already been sent before resetting password--"
COUNTRY="UNITED STATES"
PHONE="13172763881"
ALTPHONE="1"
FAX="1"
EMAIL="distel_vanessa_m@lilly.com"
ACTIVESTATE="true"
DELETESTATE="false"
UPDATE="true"
PASSWORD="bK58S3dA8goB99610"
BEEPER="1"
USERDATEFORMAT="DAY_MONTH_YEAR"
HOMESCREENURL="./Portal/default.htm"
USERMUSTRESETPASSWORD="TRUE"
PRODUCTLOCALE="en-US"
STUDYLOCALE="en-US"/>


<USER  USERNAME="c203058"
USERTYPE="SPONSOR"
FIRSTNAME="Marsha"
LASTNAME="Finkhouse"
DISPLAYNAME="Marsha Finkhouse"
DESCRIPTION="--Check UMT to ensure credentials have already been sent before resetting password--"
COUNTRY="UNITED STATES"
PHONE="13176516554"
ALTPHONE="1"
FAX="1"
EMAIL="finkhouse_marsha@network.lilly.com"
ACTIVESTATE="true"
DELETESTATE="false"
UPDATE="true"
PASSWORD="qQ98G3ip9Xi59F2056"
BEEPER="1"
USERDATEFORMAT="DAY_MONTH_YEAR"
HOMESCREENURL="./Portal/default.htm"
USERMUSTRESETPASSWORD="TRUE"
PRODUCTLOCALE="en-US"
STUDYLOCALE="en-US"/>


<USER  USERNAME="c148827"
USERTYPE="SPONSOR"
FIRSTNAME="Judith"
LASTNAME="Garrison"
DISPLAYNAME="Judith Garrison"
DESCRIPTION="--Check UMT to ensure credentials have already been sent before resetting password--"
COUNTRY="UNITED STATES"
PHONE="13174338313"
ALTPHONE="1"
FAX="1"
EMAIL="garrison_judith_e@lilly.com"
ACTIVESTATE="true"
DELETESTATE="false"
UPDATE="true"
PASSWORD="cC86lL5pG2uJ611685"
BEEPER="1"
USERDATEFORMAT="DAY_MONTH_YEAR"
HOMESCREENURL="./Portal/default.htm"
USERMUSTRESETPASSWORD="TRUE"
PRODUCTLOCALE="en-US"
STUDYLOCALE="en-US"/>


<USER  USERNAME="c206591"
USERTYPE="SPONSOR"
FIRSTNAME="Kaltrina"
LASTNAME="Haziri"
DISPLAYNAME="Kaltrina Haziri"
DESCRIPTION="--Check UMT to ensure credentials have already been sent before resetting password--"
COUNTRY="UNITED KINGDOM"
PHONE="44441276483110"
ALTPHONE="44"
FAX="44"
EMAIL="haziri_kaltrina@network.lilly.com"
ACTIVESTATE="true"
DELETESTATE="false"
UPDATE="true"
PASSWORD="j55AtN0wJ3lI47017"
BEEPER="44"
USERDATEFORMAT="DAY_MONTH_YEAR"
HOMESCREENURL="./Portal/default.htm"
USERMUSTRESETPASSWORD="TRUE"
PRODUCTLOCALE="en-US"
STUDYLOCALE="en-US"/>


<USER  USERNAME="c074090"
USERTYPE="SPONSOR"
FIRSTNAME="Dorothy"
LASTNAME="Jackson"
DISPLAYNAME="Dorothy Jackson"
DESCRIPTION="--Check UMT to ensure credentials have already been sent before resetting password--"
COUNTRY="UNITED STATES"
PHONE="13172773392"
ALTPHONE="1"
FAX="1"
EMAIL="jackson_dorothy@lilly.com"
ACTIVESTATE="true"
DELETESTATE="false"
UPDATE="true"
PASSWORD="gA3nR2E4kp66S6325"
BEEPER="1"
USERDATEFORMAT="DAY_MONTH_YEAR"
HOMESCREENURL="./Portal/default.htm"
USERMUSTRESETPASSWORD="TRUE"
PRODUCTLOCALE="en-US"
STUDYLOCALE="en-US"/>


<USER  USERNAME="yex7750"
USERTYPE="SPONSOR"
FIRSTNAME="Fiona"
LASTNAME="Laird"
DISPLAYNAME="Fiona Laird"
DESCRIPTION="--Check UMT to ensure credentials have already been sent before resetting password--"
COUNTRY="UNITED KINGDOM"
PHONE="444401276 4 83 092"
ALTPHONE="44"
FAX="44"
EMAIL="laird_fiona@network.lilly.com"
ACTIVESTATE="true"
DELETESTATE="false"
UPDATE="true"
PASSWORD="g93IfP0p56UnY58978"
BEEPER="44"
USERDATEFORMAT="DAY_MONTH_YEAR"
HOMESCREENURL="./Portal/default.htm"
USERMUSTRESETPASSWORD="TRUE"
PRODUCTLOCALE="en-US"
STUDYLOCALE="en-US"/>


<USER  USERNAME="c149066"
USERTYPE="SPONSOR"
FIRSTNAME="Yang"
LASTNAME="Liu"
DISPLAYNAME="Yang Liu"
DESCRIPTION="--Check UMT to ensure credentials have already been sent before resetting password--"
COUNTRY="UNITED STATES"
PHONE="13172777362"
ALTPHONE="1"
FAX="1"
EMAIL="liu_yang@lilly.com"
ACTIVESTATE="true"
DELETESTATE="false"
UPDATE="true"
PASSWORD="xN2rS69wC42N8v1115"
BEEPER="1"
USERDATEFORMAT="DAY_MONTH_YEAR"
HOMESCREENURL="./Portal/default.htm"
USERMUSTRESETPASSWORD="TRUE"
PRODUCTLOCALE="en-US"
STUDYLOCALE="en-US"/>


<USER  USERNAME="c244562"
USERTYPE="SPONSOR"
FIRSTNAME="Tiffany"
LASTNAME="McDonald"
DISPLAYNAME="Tiffany McDonald"
DESCRIPTION="--Check UMT to ensure credentials have already been sent before resetting password--"
COUNTRY="UNITED STATES"
PHONE="13172767418"
ALTPHONE="1"
FAX="1"
EMAIL="mcdonald_tiffany@network.lilly.com"
ACTIVESTATE="true"
DELETESTATE="false"
UPDATE="true"
PASSWORD="X7scU5uD9hG221053"
BEEPER="1"
USERDATEFORMAT="DAY_MONTH_YEAR"
HOMESCREENURL="./Portal/default.htm"
USERMUSTRESETPASSWORD="TRUE"
PRODUCTLOCALE="en-US"
STUDYLOCALE="en-US"/>


<USER  USERNAME="c021984"
USERTYPE="SPONSOR"
FIRSTNAME="Kira"
LASTNAME="Miles"
DISPLAYNAME="Kira Miles"
DESCRIPTION="--Check UMT to ensure credentials have already been sent before resetting password--"
COUNTRY="UNITED STATES"
PHONE="13172772189"
ALTPHONE="1"
FAX="1"
EMAIL="miles_kira_d@lilly.com"
ACTIVESTATE="true"
DELETESTATE="false"
UPDATE="true"
PASSWORD="R9feE18W2lrD52794"
BEEPER="1"
USERDATEFORMAT="DAY_MONTH_YEAR"
HOMESCREENURL="./Portal/default.htm"
USERMUSTRESETPASSWORD="TRUE"
PRODUCTLOCALE="en-US"
STUDYLOCALE="en-US"/>


<USER  USERNAME="rm35504"
USERTYPE="SPONSOR"
FIRSTNAME="Rebecca"
LASTNAME="Morrow"
DISPLAYNAME="Rebecca Morrow"
DESCRIPTION="--Check UMT to ensure credentials have already been sent before resetting password--"
COUNTRY="UNITED STATES"
PHONE="13174333391"
ALTPHONE="1"
FAX="1"
EMAIL="morrow_rebecca_j@lilly.com"
ACTIVESTATE="true"
DELETESTATE="false"
UPDATE="true"
PASSWORD="g97JS3eeD33aP242732"
BEEPER="1"
USERDATEFORMAT="DAY_MONTH_YEAR"
HOMESCREENURL="./Portal/default.htm"
USERMUSTRESETPASSWORD="TRUE"
PRODUCTLOCALE="en-US"
STUDYLOCALE="en-US"/>


<USER  USERNAME="c074429"
USERTYPE="SPONSOR"
FIRSTNAME="Ivanil"
LASTNAME="Viera"
DISPLAYNAME="Ivanil Viera"
DESCRIPTION="--Check UMT to ensure credentials have already been sent before resetting password--"
COUNTRY="BRAZIL"
PHONE="55551121446039"
ALTPHONE="55"
FAX="55"
EMAIL="vieira_ivanil@lilly.com"
ACTIVESTATE="true"
DELETESTATE="false"
UPDATE="true"
PASSWORD="rE0r8FlP31I7g6406"
BEEPER="55"
USERDATEFORMAT="DAY_MONTH_YEAR"
HOMESCREENURL="./Portal/default.htm"
USERMUSTRESETPASSWORD="TRUE"
PRODUCTLOCALE="en-US"
STUDYLOCALE="en-US"/>


<USER  USERNAME="c026390"
USERTYPE="SPONSOR"
FIRSTNAME="Sue"
LASTNAME="Woodring"
DISPLAYNAME="Sue Woodring"
DESCRIPTION="--Check UMT to ensure credentials have already been sent before resetting password--"
COUNTRY="UNITED STATES"
PHONE="13176552039"
ALTPHONE="1"
FAX="1"
EMAIL="woodring_susan_e@lilly.com"
ACTIVESTATE="true"
DELETESTATE="false"
UPDATE="true"
PASSWORD="y7CzU77e7IoQ911839"
BEEPER="1"
USERDATEFORMAT="DAY_MONTH_YEAR"
HOMESCREENURL="./Portal/default.htm"
USERMUSTRESETPASSWORD="TRUE"
PRODUCTLOCALE="en-US"
STUDYLOCALE="en-US"/>


<USER  USERNAME="c189327"
USERTYPE="SPONSOR"
FIRSTNAME="Faranak"
LASTNAME="Yadollahi"
DISPLAYNAME="Faranak Yadollahi"
DESCRIPTION="--Check UMT to ensure credentials have already been sent before resetting password--"
COUNTRY="UNITED KINGDOM"
PHONE="44447838464690"
ALTPHONE="44"
FAX="44"
EMAIL="yadollahi_faranak@network.lilly.com"
ACTIVESTATE="true"
DELETESTATE="false"
UPDATE="true"
PASSWORD="mO43sD6sH2eE197442"
BEEPER="44"
USERDATEFORMAT="DAY_MONTH_YEAR"
HOMESCREENURL="./Portal/default.htm"
USERMUSTRESETPASSWORD="TRUE"
PRODUCTLOCALE="en-US"
STUDYLOCALE="en-US"/>


<USER  USERNAME="a608261"
USERTYPE="SPONSOR"
FIRSTNAME="Penny"
LASTNAME="Altman"
DISPLAYNAME="Penny Altman"
DESCRIPTION="--Check UMT to ensure credentials have already been sent before resetting password--"
COUNTRY="UNITED STATES"
PHONE="13176511479"
ALTPHONE="1"
FAX="1"
EMAIL="altman_penny_s@lilly.com"
ACTIVESTATE="true"
DELETESTATE="false"
UPDATE="true"
PASSWORD="tE41q9FxH22lI646206"
BEEPER="1"
USERDATEFORMAT="DAY_MONTH_YEAR"
HOMESCREENURL="./Portal/default.htm"
USERMUSTRESETPASSWORD="TRUE"
PRODUCTLOCALE="en-US"
STUDYLOCALE="en-US"/>


<USER  USERNAME="c143125"
USERTYPE="SPONSOR"
FIRSTNAME="Brian"
LASTNAME="Dillman"
DISPLAYNAME="Brian Dillman"
DESCRIPTION="--Check UMT to ensure credentials have already been sent before resetting password--"
COUNTRY="UNITED STATES"
PHONE="13174332638"
ALTPHONE="1"
FAX="1"
EMAIL="dillman_brian@lilly.com"
ACTIVESTATE="true"
DELETESTATE="false"
UPDATE="true"
PASSWORD="vA0xA25h6AyP11331"
BEEPER="1"
USERDATEFORMAT="DAY_MONTH_YEAR"
HOMESCREENURL="./Portal/default.htm"
USERMUSTRESETPASSWORD="TRUE"
PRODUCTLOCALE="en-US"
STUDYLOCALE="en-US"/>


<USER  USERNAME="yex7920"
USERTYPE="SPONSOR"
FIRSTNAME="Merab"
LASTNAME="Lomia"
DISPLAYNAME="Merab Lomia"
DESCRIPTION="--Check UMT to ensure credentials have already been sent before resetting password--"
COUNTRY="UNITED KINGDOM"
PHONE="44441276483778"
ALTPHONE="44"
FAX="44"
EMAIL="lomia_merab@network.lilly.com"
ACTIVESTATE="true"
DELETESTATE="false"
UPDATE="true"
PASSWORD="uO2U2xiU4zK66922"
BEEPER="44"
USERDATEFORMAT="DAY_MONTH_YEAR"
HOMESCREENURL="./Portal/default.htm"
USERMUSTRESETPASSWORD="TRUE"
PRODUCTLOCALE="en-US"
STUDYLOCALE="en-US"/>


<USER  USERNAME="rm36132"
USERTYPE="SPONSOR"
FIRSTNAME="Jan"
LASTNAME="Myers"
DISPLAYNAME="Jan Myers"
DESCRIPTION="--Check UMT to ensure credentials have already been sent before resetting password--"
COUNTRY="UNITED STATES"
PHONE="13172776603"
ALTPHONE="1"
FAX="1"
EMAIL="myers_jan_e@lilly.com"
ACTIVESTATE="true"
DELETESTATE="false"
UPDATE="true"
PASSWORD="C0qcG0hL87M5g5650"
BEEPER="1"
USERDATEFORMAT="DAY_MONTH_YEAR"
HOMESCREENURL="./Portal/default.htm"
USERMUSTRESETPASSWORD="TRUE"
PRODUCTLOCALE="en-US"
STUDYLOCALE="en-US"/>


<USER  USERNAME="a511471"
USERTYPE="SPONSOR"
FIRSTNAME="Janet"
LASTNAME="Roepke"
DISPLAYNAME="Janet Roepke"
DESCRIPTION="--Check UMT to ensure credentials have already been sent before resetting password--"
COUNTRY="UNITED STATES"
PHONE="13172765883"
ALTPHONE="1"
FAX="1"
EMAIL="roepke_janet_elizabeth@lilly.com"
ACTIVESTATE="true"
DELETESTATE="false"
UPDATE="true"
PASSWORD="rW82x3Kf6IB2u2279"
BEEPER="1"
USERDATEFORMAT="DAY_MONTH_YEAR"
HOMESCREENURL="./Portal/default.htm"
USERMUSTRESETPASSWORD="TRUE"
PRODUCTLOCALE="en-US"
STUDYLOCALE="en-US"/>


<USER  USERNAME="rm80655"
USERTYPE="SPONSOR"
FIRSTNAME="Michael"
LASTNAME="Zeckel"
DISPLAYNAME="Michael Zeckel"
DESCRIPTION="--Check UMT to ensure credentials have already been sent before resetting password--"
COUNTRY="UNITED STATES"
PHONE="13176515798"
ALTPHONE="1"
FAX="1"
EMAIL="mlzeckel@lilly.com"
ACTIVESTATE="true"
DELETESTATE="false"
UPDATE="true"
PASSWORD="yL2nR46a5OiM33070"
BEEPER="1"
USERDATEFORMAT="DAY_MONTH_YEAR"
HOMESCREENURL="./Portal/default.htm"
USERMUSTRESETPASSWORD="TRUE"
PRODUCTLOCALE="en-US"
STUDYLOCALE="en-US"/>


<USER  USERNAME="c199642"
USERTYPE="SPONSOR"
FIRSTNAME="Debashis"
LASTNAME="Bhattacharya"
DISPLAYNAME="Debashis Bhattacharya"
DESCRIPTION="--Check UMT to ensure credentials have already been sent before resetting password--"
COUNTRY="UNITED KINGDOM"
PHONE="44441276483397"
ALTPHONE="44"
FAX="44"
EMAIL="bhattacharya_debashis@network.lilly.com"
ACTIVESTATE="true"
DELETESTATE="false"
UPDATE="true"
PASSWORD="d5OqM5R6rs92L1525"
BEEPER="44"
USERDATEFORMAT="DAY_MONTH_YEAR"
HOMESCREENURL="./Portal/default.htm"
USERMUSTRESETPASSWORD="TRUE"
PRODUCTLOCALE="en-US"
STUDYLOCALE="en-US"/>


<USER  USERNAME="c223292"
USERTYPE="SPONSOR"
FIRSTNAME="Romina"
LASTNAME="Pecora"
DISPLAYNAME="Romina Pecora"
DESCRIPTION="--Check UMT to ensure credentials have already been sent before resetting password--"
COUNTRY="BRAZIL"
PHONE="555.511214467e+011"
ALTPHONE="55"
FAX="55"
EMAIL="r.pecora@lilly.com"
ACTIVESTATE="true"
DELETESTATE="false"
UPDATE="true"
PASSWORD="v9KkR8H8twS801155"
BEEPER="55"
USERDATEFORMAT="DAY_MONTH_YEAR"
HOMESCREENURL="./Portal/default.htm"
USERMUSTRESETPASSWORD="TRUE"
PRODUCTLOCALE="en-US"
STUDYLOCALE="en-US"/>


<USER  USERNAME="c068502"
USERTYPE="SPONSOR"
FIRSTNAME="Jennifer"
LASTNAME="Huston"
DISPLAYNAME="Jennifer Huston"
DESCRIPTION="--Check UMT to ensure credentials have already been sent before resetting password--"
COUNTRY="UNITED STATES"
PHONE="13176511465"
ALTPHONE="1"
FAX="1"
EMAIL="jhuston@lilly.com"
ACTIVESTATE="true"
DELETESTATE="false"
UPDATE="true"
PASSWORD="t4QiV0A8hzB20463"
BEEPER="1"
USERDATEFORMAT="DAY_MONTH_YEAR"
HOMESCREENURL="./Portal/default.htm"
USERMUSTRESETPASSWORD="TRUE"
PRODUCTLOCALE="en-US"
STUDYLOCALE="en-US"/>


<USER  USERNAME="c228246"
USERTYPE="SPONSOR"
FIRSTNAME="Santosh"
LASTNAME="Kugali"
DISPLAYNAME="Santosh Kugali"
DESCRIPTION="--Check UMT to ensure credentials have already been sent before resetting password--"
COUNTRY="INDIA"
PHONE="91919480008379"
ALTPHONE="91"
FAX="91"
EMAIL="kugali_santosh@lilly.com"
ACTIVESTATE="true"
DELETESTATE="false"
UPDATE="true"
PASSWORD="k96FR1yb7SlF893080"
BEEPER="91"
USERDATEFORMAT="DAY_MONTH_YEAR"
HOMESCREENURL="./Portal/default.htm"
USERMUSTRESETPASSWORD="TRUE"
PRODUCTLOCALE="en-US"
STUDYLOCALE="en-US"/>


<USER  USERNAME="c228248"
USERTYPE="SPONSOR"
FIRSTNAME="N Ajay"
LASTNAME="Kumar"
DISPLAYNAME="N Ajay Kumar"
DESCRIPTION="--Check UMT to ensure credentials have already been sent before resetting password--"
COUNTRY="INDIA"
PHONE="919.18046641e+015"
ALTPHONE="91"
FAX="91"
EMAIL="kumar_n_ajay@lilly.com"
ACTIVESTATE="true"
DELETESTATE="false"
UPDATE="true"
PASSWORD="s8So2IB7kw7P3018"
BEEPER="91"
USERDATEFORMAT="DAY_MONTH_YEAR"
HOMESCREENURL="./Portal/default.htm"
USERMUSTRESETPASSWORD="TRUE"
PRODUCTLOCALE="en-US"
STUDYLOCALE="en-US"/>


<USER  USERNAME="ye73456"
USERTYPE="SPONSOR"
FIRSTNAME="Simon"
LASTNAME="Voss"
DISPLAYNAME="Simon Voss"
DESCRIPTION="--Check UMT to ensure credentials have already been sent before resetting password--"
COUNTRY="UNITED KINGDOM"
PHONE="44441276484789"
ALTPHONE="44"
FAX="44"
EMAIL="voss_simon@lilly.com"
ACTIVESTATE="true"
DELETESTATE="false"
UPDATE="true"
PASSWORD="eJ5hB9H0ltK51165"
BEEPER="44"
USERDATEFORMAT="DAY_MONTH_YEAR"
HOMESCREENURL="./Portal/default.htm"
USERMUSTRESETPASSWORD="TRUE"
PRODUCTLOCALE="en-US"
STUDYLOCALE="en-US"/>


<USER  USERNAME="i5bmcjgdp_RE"
USERTYPE="SPONSOR"
FIRSTNAME="Report"
LASTNAME="Extractor"
DISPLAYNAME="Report Extractor"
DESCRIPTION="--Check UMT to ensure credentials have already been sent before resetting password--"
COUNTRY="UNITED STATES"
PHONE="11"
ALTPHONE="1"
FAX="1"
EMAIL="satish.bantanahal@oracle.com"
ACTIVESTATE="true"
DELETESTATE="false"
UPDATE="true"
PASSWORD="uQ7z5Gw2En1W224"
BEEPER="1"
USERDATEFORMAT="DAY_MONTH_YEAR"
HOMESCREENURL="./Portal/default.htm"
USERMUSTRESETPASSWORD="TRUE"
PRODUCTLOCALE="en-US"
STUDYLOCALE="en-US"/>


<USER  USERNAME="z1x0496"
USERTYPE="SPONSOR"
FIRSTNAME="Jennifer"
LASTNAME="Brodhacker"
DISPLAYNAME="Jennifer Brodhacker"
DESCRIPTION="--Check UMT to ensure credentials have already been sent before resetting password--"
COUNTRY="UNITED STATES"
PHONE="13174378276"
ALTPHONE="1"
FAX="1"
EMAIL="jennifer.brodhacker@inventivhealth.com"
ACTIVESTATE="true"
DELETESTATE="false"
UPDATE="true"
PASSWORD="kU25R4ov74ZrX05221"
BEEPER="1"
USERDATEFORMAT="DAY_MONTH_YEAR"
HOMESCREENURL="./Portal/default.htm"
USERMUSTRESETPASSWORD="TRUE"
PRODUCTLOCALE="en-US"
STUDYLOCALE="en-US"/>


<USER  USERNAME="c242108"
USERTYPE="SPONSOR"
FIRSTNAME="Anthony"
LASTNAME="Lane"
DISPLAYNAME="Anthony Lane"
DESCRIPTION="--Check UMT to ensure credentials have already been sent before resetting password--"
COUNTRY="UNITED STATES"
PHONE="18652746090"
ALTPHONE="1"
FAX="1"
EMAIL="Anthony.Lane@quintiles.com"
ACTIVESTATE="true"
DELETESTATE="false"
UPDATE="true"
PASSWORD="eS50j69DhJ82W5h926"
BEEPER="1"
USERDATEFORMAT="DAY_MONTH_YEAR"
HOMESCREENURL="./Portal/default.htm"
USERMUSTRESETPASSWORD="TRUE"
PRODUCTLOCALE="en-US"
STUDYLOCALE="en-US"/>


<USER  USERNAME="c239399"
USERTYPE="SPONSOR"
FIRSTNAME="Katharina"
LASTNAME="Stocker"
DISPLAYNAME="Katharina Stocker"
DESCRIPTION="--Check UMT to ensure credentials have already been sent before resetting password--"
COUNTRY="GERMANY"
PHONE="494.961022963e+011"
ALTPHONE="49"
FAX="49"
EMAIL="Katharina.Stoecker@quintilesims.com"
ACTIVESTATE="true"
DELETESTATE="false"
UPDATE="true"
PASSWORD="i80UpL6jW90P0d1788"
BEEPER="49"
USERDATEFORMAT="DAY_MONTH_YEAR"
HOMESCREENURL="./Portal/default.htm"
USERMUSTRESETPASSWORD="TRUE"
PRODUCTLOCALE="en-US"
STUDYLOCALE="en-US"/>


<USER  USERNAME="c232981"
USERTYPE="SPONSOR"
FIRSTNAME="Erica"
LASTNAME="Bruno"
DISPLAYNAME="Erica Bruno"
DESCRIPTION="--Check UMT to ensure credentials have already been sent before resetting password--"
COUNTRY="ITALY"
PHONE="3939345647531"
ALTPHONE="39"
FAX="39"
EMAIL="erica.bruno@quintilesims.com"
ACTIVESTATE="true"
DELETESTATE="false"
UPDATE="true"
PASSWORD="qT9d8Je13Gk71B6750"
BEEPER="39"
USERDATEFORMAT="DAY_MONTH_YEAR"
HOMESCREENURL="./Portal/default.htm"
USERMUSTRESETPASSWORD="TRUE"
PRODUCTLOCALE="en-US"
STUDYLOCALE="en-US"/>


<USER  USERNAME="c213549"
USERTYPE="SPONSOR"
FIRSTNAME="Robin"
LASTNAME="Dickerson"
DISPLAYNAME="Robin Dickerson"
DESCRIPTION="--Check UMT to ensure credentials have already been sent before resetting password--"
COUNTRY="UNITED STATES"
PHONE="19199987024"
ALTPHONE="1"
FAX="1"
EMAIL="robin.dickerson@quintilesims.com"
ACTIVESTATE="true"
DELETESTATE="false"
UPDATE="true"
PASSWORD="eM66wU53hB2yR81294"
BEEPER="1"
USERDATEFORMAT="DAY_MONTH_YEAR"
HOMESCREENURL="./Portal/default.htm"
USERMUSTRESETPASSWORD="TRUE"
PRODUCTLOCALE="en-US"
STUDYLOCALE="en-US"/>


<USER  USERNAME="c161432"
USERTYPE="SPONSOR"
FIRSTNAME="Andrea"
LASTNAME="Milner"
DISPLAYNAME="Andrea Milner"
DESCRIPTION="--Check UMT to ensure credentials have already been sent before resetting password--"
COUNTRY="UNITED STATES"
PHONE="13176177372"
ALTPHONE="1"
FAX="1"
EMAIL="amilner@lilly.com"
ACTIVESTATE="true"
DELETESTATE="false"
UPDATE="true"
PASSWORD="oM4rT5D8sdW69651"
BEEPER="1"
USERDATEFORMAT="DAY_MONTH_YEAR"
HOMESCREENURL="./Portal/default.htm"
USERMUSTRESETPASSWORD="TRUE"
PRODUCTLOCALE="en-US"
STUDYLOCALE="en-US"/>


<USER  USERNAME="c083101"
USERTYPE="SPONSOR"
FIRSTNAME="Marcela"
LASTNAME="Almeida"
DISPLAYNAME="Marcela Almeida"
DESCRIPTION="--Check UMT to ensure credentials have already been sent before resetting password--"
COUNTRY="BRAZIL"
PHONE="55551121446037"
ALTPHONE="55"
FAX="55"
EMAIL="sorgemp@lilly.com"
ACTIVESTATE="true"
DELETESTATE="false"
UPDATE="true"
PASSWORD="I2sE2ot7LzV17465"
BEEPER="55"
USERDATEFORMAT="DAY_MONTH_YEAR"
HOMESCREENURL="./Portal/default.htm"
USERMUSTRESETPASSWORD="TRUE"
PRODUCTLOCALE="en-US"
STUDYLOCALE="en-US"/>


<USER  USERNAME="c039853"
USERTYPE="SPONSOR"
FIRSTNAME="Teresa"
LASTNAME="Hogan"
DISPLAYNAME="Teresa Hogan"
DESCRIPTION="--Check UMT to ensure credentials have already been sent before resetting password--"
COUNTRY="UNITED STATES"
PHONE="13176552174"
ALTPHONE="1"
FAX="1"
EMAIL="hogan_teresa_l@lilly.com"
ACTIVESTATE="true"
DELETESTATE="false"
UPDATE="true"
PASSWORD="L4odV69uR39gK46338"
BEEPER="1"
USERDATEFORMAT="DAY_MONTH_YEAR"
HOMESCREENURL="./Portal/default.htm"
USERMUSTRESETPASSWORD="TRUE"
PRODUCTLOCALE="en-US"
STUDYLOCALE="en-US"/>


<USER  USERNAME="c068505"
USERTYPE="SPONSOR"
FIRSTNAME="Sherri"
LASTNAME="Kinnee"
DISPLAYNAME="Sherri Kinnee"
DESCRIPTION="--Check UMT to ensure credentials have already been sent before resetting password--"
COUNTRY="UNITED STATES"
PHONE="13176517706"
ALTPHONE="1"
FAX="1"
EMAIL="kinnee_sherri_d@lilly.com"
ACTIVESTATE="true"
DELETESTATE="false"
UPDATE="true"
PASSWORD="p73SyU4bL5qB431191"
BEEPER="1"
USERDATEFORMAT="DAY_MONTH_YEAR"
HOMESCREENURL="./Portal/default.htm"
USERMUSTRESETPASSWORD="TRUE"
PRODUCTLOCALE="en-US"
STUDYLOCALE="en-US"/>


<USER  USERNAME="ZPFnvergara"
USERTYPE="SPONSOR"
FIRSTNAME="Neil"
LASTNAME="Vergara"
DISPLAYNAME="Neil Vergara"
DESCRIPTION="Lilly Data Entry"
COUNTRY="PHILIPPINES"
PHONE="63"
ALTPHONE="63"
FAX="63"
EMAIL="neil.vergara@oracle.com"
ACTIVESTATE="true"
DELETESTATE="false"
UPDATE="true"
PASSWORD="kY83cQ17sD23qP523570"
BEEPER="63"
USERDATEFORMAT="MONTH_DAY_YEAR"
HOMESCREENURL="./Portal/default.htm"
USERMUSTRESETPASSWORD="TRUE"
PRODUCTLOCALE="en-US"
STUDYLOCALE="en-US"/>


<USER  USERNAME="ZPFtcabanes"
USERTYPE="SPONSOR"
FIRSTNAME="Teresa"
LASTNAME="Cabanes"
DISPLAYNAME="Teresa Cabanes"
DESCRIPTION="Lilly Data Entry"
COUNTRY="PHILIPPINES"
PHONE="63"
ALTPHONE="63"
FAX="63"
EMAIL="teresa.cabanes@oracle.com"
ACTIVESTATE="true"
DELETESTATE="false"
UPDATE="true"
PASSWORD="gI54jQ8xF8oC588964"
BEEPER="63"
USERDATEFORMAT="MONTH_DAY_YEAR"
HOMESCREENURL="./Portal/default.htm"
USERMUSTRESETPASSWORD="TRUE"
PRODUCTLOCALE="en-US"
STUDYLOCALE="en-US"/>


<USER  USERNAME="ZPFlbalubar"
USERTYPE="SPONSOR"
FIRSTNAME="Lei-Anne"
LASTNAME="Balubar"
DISPLAYNAME="Lei-Anne Balubar"
DESCRIPTION="Lilly Data Entry"
COUNTRY="PHILIPPINES"
PHONE="63"
ALTPHONE="63"
FAX="63"
EMAIL="lei-anne.balubar@oracle.com"
ACTIVESTATE="true"
DELETESTATE="false"
UPDATE="true"
PASSWORD="dB4jI89kC34x7U1199"
BEEPER="63"
USERDATEFORMAT="DAY_MONTH_YEAR"
HOMESCREENURL="./Portal/default.htm"
USERMUSTRESETPASSWORD="TRUE"
PRODUCTLOCALE="en-US"
STUDYLOCALE="en-US"/>


<USER  USERNAME="ZPFmandone"
USERTYPE="SPONSOR"
FIRSTNAME="Grigore-mihai"
LASTNAME="Andone"
DISPLAYNAME="Grigore-mihai Andone"
DESCRIPTION="Lilly Support"
COUNTRY="HUNGARY"
PHONE="36"
ALTPHONE="36"
FAX="36"
EMAIL="grigore-mihai.andone@oracle.com"
ACTIVESTATE="true"
DELETESTATE="false"
UPDATE="true"
PASSWORD="vD8eM8v6ZR4v2101"
BEEPER="36"
USERDATEFORMAT="DAY_MONTH_YEAR"
HOMESCREENURL="./Portal/default.htm"
USERMUSTRESETPASSWORD="TRUE"
PRODUCTLOCALE="en-US"
STUDYLOCALE="en-US"/>


<USER  USERNAME="ZPFgkrucso"
USERTYPE="SPONSOR"
FIRSTNAME="Gabriella"
LASTNAME="Krucso"
DISPLAYNAME="Gabriella Krucso"
DESCRIPTION="Lilly Support"
COUNTRY="HUNGARY"
PHONE="36"
ALTPHONE="36"
FAX="36"
EMAIL="gabriella.krucso@oracle.com"
ACTIVESTATE="true"
DELETESTATE="false"
UPDATE="true"
PASSWORD="hA14zL66oD53p5J5396"
BEEPER="36"
USERDATEFORMAT="DAY_MONTH_YEAR"
HOMESCREENURL="./Portal/default.htm"
USERMUSTRESETPASSWORD="TRUE"
PRODUCTLOCALE="en-US"
STUDYLOCALE="en-US"/>


<USER  USERNAME="ZPFepenzes"
USERTYPE="SPONSOR"
FIRSTNAME="Eszter"
LASTNAME="Penzes"
DISPLAYNAME="Eszter Penzes"
DESCRIPTION="Lilly Support"
COUNTRY="HUNGARY"
PHONE="36"
ALTPHONE="36"
FAX="36"
EMAIL="ESZTER.PENZES@ORACLE.COM"
ACTIVESTATE="true"
DELETESTATE="false"
UPDATE="true"
PASSWORD="fY36fI77N9zsD624816"
BEEPER="36"
USERDATEFORMAT="DAY_MONTH_YEAR"
HOMESCREENURL="./Portal/default.htm"
USERMUSTRESETPASSWORD="TRUE"
PRODUCTLOCALE="en-US"
STUDYLOCALE="en-US"/>


<USER  USERNAME="ZPFcmolom"
USERTYPE="SPONSOR"
FIRSTNAME="Cedric Loic"
LASTNAME="Hanchou Molom"
DISPLAYNAME="Cedric Loic Hanchou Molom"
DESCRIPTION="Lilly Support"
COUNTRY="HUNGARY"
PHONE="36"
ALTPHONE="36"
FAX="36"
EMAIL="cedric.loic.hanchou.molom@oracle.com"
ACTIVESTATE="true"
DELETESTATE="false"
UPDATE="true"
PASSWORD="fC3A3jjE9X3m7223"
BEEPER="36"
USERDATEFORMAT="DAY_MONTH_YEAR"
HOMESCREENURL="./Portal/default.htm"
USERMUSTRESETPASSWORD="TRUE"
PRODUCTLOCALE="en-US"
STUDYLOCALE="en-US"/>


<USER  USERNAME="ZPFabalogh"
USERTYPE="SPONSOR"
FIRSTNAME="Agnes"
LASTNAME="Balogh"
DISPLAYNAME="Agnes  Balogh"
DESCRIPTION="Lilly Support"
COUNTRY="HUNGARY"
PHONE="36"
ALTPHONE="36"
FAX="36"
EMAIL="agnes.balogh@oracle.com"
ACTIVESTATE="true"
DELETESTATE="false"
UPDATE="true"
PASSWORD="uY50i63Cl3XbA63891"
BEEPER="36"
USERDATEFORMAT="DAY_MONTH_YEAR"
HOMESCREENURL="./Portal/default.htm"
USERMUSTRESETPASSWORD="TRUE"
PRODUCTLOCALE="en-US"
STUDYLOCALE="en-US"/>


<USER  USERNAME="ZPFkbarkoczi"
USERTYPE="SPONSOR"
FIRSTNAME="Katalin"
LASTNAME="Barkoczi"
DISPLAYNAME="Katalin Barkoczi"
DESCRIPTION="Service Delivery Manager"
COUNTRY="HUNGARY"
PHONE="36"
ALTPHONE="36"
FAX="36"
EMAIL="katalin.b.barkoczi@oracle.com"
ACTIVESTATE="true"
DELETESTATE="false"
UPDATE="true"
PASSWORD="V1vmP6f7FyD236298"
BEEPER="36"
USERDATEFORMAT="DAY_MONTH_YEAR"
HOMESCREENURL="./Portal/default.htm"
USERMUSTRESETPASSWORD="TRUE"
PRODUCTLOCALE="en-US"
STUDYLOCALE="en-US"/>


<USER  USERNAME="ZPFaverpeleti"
USERTYPE="SPONSOR"
FIRSTNAME="Andras"
LASTNAME="Verpeleti"
DISPLAYNAME="Andras Verpeleti"
DESCRIPTION="Service Delivery Manager"
COUNTRY="HUNGARY"
PHONE="3614898936"
ALTPHONE="36"
FAX="36"
EMAIL="andras.verpeleti@oracle.com"
ACTIVESTATE="true"
DELETESTATE="false"
UPDATE="true"
PASSWORD="gX10l5NZ9ok91E9013"
BEEPER="36"
USERDATEFORMAT="DAY_MONTH_YEAR"
HOMESCREENURL="./Portal/default.htm"
USERMUSTRESETPASSWORD="TRUE"
PRODUCTLOCALE="en-US"
STUDYLOCALE="en-US"/>


<USER  USERNAME="ZPFralorico"
USERTYPE="SPONSOR"
FIRSTNAME="Raul Carlos"
LASTNAME="Alorico"
DISPLAYNAME="Raul Carlos Alorico"
DESCRIPTION="Support Tier 1"
COUNTRY="PHILIPPINES"
PHONE="63"
ALTPHONE="63"
FAX="63"
EMAIL="RAUL.CARLOS.ALORICO@ORACLE.COM"
ACTIVESTATE="true"
DELETESTATE="false"
UPDATE="true"
PASSWORD="eT13h5Cq6KrV556606"
BEEPER="63"
USERDATEFORMAT="DAY_MONTH_YEAR"
HOMESCREENURL="./Portal/default.htm"
USERMUSTRESETPASSWORD="TRUE"
PRODUCTLOCALE="en-US"
STUDYLOCALE="en-US"/>


<USER  USERNAME="ZPFapervaiz"
USERTYPE="SPONSOR"
FIRSTNAME="Afnan"
LASTNAME="Pervaiz"
DISPLAYNAME="Afnan Pervaiz"
DESCRIPTION="Support Tier I"
COUNTRY="UNITED KINGDOM"
PHONE="4410 44 1628 640 700"
ALTPHONE="44"
FAX="44"
EMAIL="afnan.pervaiz@oracle.com"
ACTIVESTATE="true"
DELETESTATE="false"
UPDATE="true"
PASSWORD="w31ZrI52uX1uQ7311"
BEEPER="44"
USERDATEFORMAT="DAY_MONTH_YEAR"
HOMESCREENURL="./Portal/default.htm"
USERMUSTRESETPASSWORD="TRUE"
PRODUCTLOCALE="en-US"
STUDYLOCALE="en-US"/>


<USER  USERNAME="ZPFfvarga"
USERTYPE="SPONSOR"
FIRSTNAME="Ferenc"
LASTNAME="Varga"
DISPLAYNAME="Ferenc Varga"
DESCRIPTION="Support Tier I"
COUNTRY="UNITED KINGDOM"
PHONE="44"
ALTPHONE="44"
FAX="44"
EMAIL="ferenc.v.varga@oracle.com"
ACTIVESTATE="true"
DELETESTATE="false"
UPDATE="true"
PASSWORD="hA14zL66oD53p5J5396"
BEEPER="44"
USERDATEFORMAT="DAY_MONTH_YEAR"
HOMESCREENURL="./Portal/default.htm"
USERMUSTRESETPASSWORD="TRUE"
PRODUCTLOCALE="en-US"
STUDYLOCALE="en-US"/>


<USER  USERNAME="ZPFkkovacs"
USERTYPE="SPONSOR"
FIRSTNAME="Klara"
LASTNAME="Kovacs"
DISPLAYNAME="Klara Kovacs"
DESCRIPTION="Support Tier I"
COUNTRY="HUNGARY"
PHONE="36"
ALTPHONE="36"
FAX="36"
EMAIL="KLARA.KOVACS@ORACLE.COM"
ACTIVESTATE="true"
DELETESTATE="false"
UPDATE="true"
PASSWORD="D3qnH38yL61aS483606"
BEEPER="36"
USERDATEFORMAT="DAY_MONTH_YEAR"
HOMESCREENURL="./Portal/default.htm"
USERMUSTRESETPASSWORD="TRUE"
PRODUCTLOCALE="en-US"
STUDYLOCALE="en-US"/>


<USER  USERNAME="ZPFoely"
USERTYPE="SPONSOR"
FIRSTNAME="Osweld"
LASTNAME="Ely"
DISPLAYNAME="Osweld Ely"
DESCRIPTION="Support Tier I"
COUNTRY="PHILIPPINES"
PHONE="63"
ALTPHONE="63"
FAX="63"
EMAIL="osweld.ely@oracle.com"
ACTIVESTATE="true"
DELETESTATE="false"
UPDATE="true"
PASSWORD="uL12B4ufE86z10W6593"
BEEPER="63"
USERDATEFORMAT="DAY_MONTH_YEAR"
HOMESCREENURL="./Portal/default.htm"
USERMUSTRESETPASSWORD="TRUE"
PRODUCTLOCALE="en-US"
STUDYLOCALE="en-US"/>


<USER  USERNAME="ZPFpvallar"
USERTYPE="SPONSOR"
FIRSTNAME="Paulnino"
LASTNAME="Vallar"
DISPLAYNAME="Paulnino Vallar"
DESCRIPTION="Support Tier I"
COUNTRY="PHILIPPINES"
PHONE="63"
ALTPHONE="63"
FAX="63"
EMAIL="paulnino.vallar@ORACLE.COM"
ACTIVESTATE="true"
DELETESTATE="false"
UPDATE="true"
PASSWORD="pQ49cN66kY41jI843878"
BEEPER="63"
USERDATEFORMAT="DAY_MONTH_YEAR"
HOMESCREENURL="./Portal/default.htm"
USERMUSTRESETPASSWORD="TRUE"
PRODUCTLOCALE="en-US"
STUDYLOCALE="en-US"/>


<USER  USERNAME="ZPFedervishaj"
USERTYPE="SPONSOR"
FIRSTNAME="Erald"
LASTNAME="Dervishaj"
DISPLAYNAME="Erald Dervishaj"
DESCRIPTION="Support Tier I"
COUNTRY="HUNGARY"
PHONE="36"
ALTPHONE="36"
FAX="36"
EMAIL="erald.dervishaj@oracle.com"
ACTIVESTATE="true"
DELETESTATE="false"
UPDATE="true"
PASSWORD="zL19a58GaT8wQ31793"
BEEPER="36"
USERDATEFORMAT="DAY_MONTH_YEAR"
HOMESCREENURL="./Portal/default.htm"
USERMUSTRESETPASSWORD="TRUE"
PRODUCTLOCALE="en-US"
STUDYLOCALE="en-US"/>


<USER  USERNAME="ZPFsdasilva"
USERTYPE="SPONSOR"
FIRSTNAME="Silmara Santos"
LASTNAME="Da Silva"
DISPLAYNAME="Silmara Santos Da Silva"
DESCRIPTION="Support Tier I"
COUNTRY="HUNGARY"
PHONE="36"
ALTPHONE="36"
FAX="36"
EMAIL="silmara.santos.da.silva@oracle.com"
ACTIVESTATE="true"
DELETESTATE="false"
UPDATE="true"
PASSWORD="eM51fO28gP1nF21472"
BEEPER="36"
USERDATEFORMAT="DAY_MONTH_YEAR"
HOMESCREENURL="./Portal/default.htm"
USERMUSTRESETPASSWORD="TRUE"
PRODUCTLOCALE="en-US"
STUDYLOCALE="en-US"/>


<USER  USERNAME="ZPFkcco"
USERTYPE="SPONSOR"
FIRSTNAME="Kerwin Carson"
LASTNAME="Co"
DISPLAYNAME="Kerwin Carson Co"
DESCRIPTION="Support Tier I"
COUNTRY="PHILIPPINES"
PHONE="63"
ALTPHONE="63"
FAX="63"
EMAIL="kerwin.carson.co@oracle.com"
ACTIVESTATE="true"
DELETESTATE="false"
UPDATE="true"
PASSWORD="b6SrK77bP4gA13298"
BEEPER="63"
USERDATEFORMAT="DAY_MONTH_YEAR"
HOMESCREENURL="./Portal/default.htm"
USERMUSTRESETPASSWORD="TRUE"
PRODUCTLOCALE="en-US"
STUDYLOCALE="en-US"/>


<USER  USERNAME="ZPFklim"
USERTYPE="SPONSOR"
FIRSTNAME="Kok Koang"
LASTNAME="Lim"
DISPLAYNAME="Kok Koang Lim"
DESCRIPTION="Support Tier I"
COUNTRY="HUNGARY"
PHONE="36"
ALTPHONE="36"
FAX="36"
EMAIL="kok.koang.lim@oracle.com"
ACTIVESTATE="true"
DELETESTATE="false"
UPDATE="true"
PASSWORD="iK74S5rtG16rX5891"
BEEPER="36"
USERDATEFORMAT="DAY_MONTH_YEAR"
HOMESCREENURL="./Portal/default.htm"
USERMUSTRESETPASSWORD="TRUE"
PRODUCTLOCALE="en-US"
STUDYLOCALE="en-US"/>


<USER  USERNAME="ZPFkcsobalyka"
USERTYPE="SPONSOR"
FIRSTNAME="Krisztian"
LASTNAME="Csobalyka"
DISPLAYNAME="Krisztian Csobalyka"
DESCRIPTION="Support Tier I"
TITLE="Mr."
COUNTRY="HUNGARY"
PHONE="36704275924"
ALTPHONE="36"
FAX="36"
EMAIL="krisztian.csobalyka@oracle.com"
ACTIVESTATE="true"
DELETESTATE="false"
UPDATE="true"
PASSWORD="n8CQ6kdK87k21B583"
BEEPER="36"
USERDATEFORMAT="DAY_MONTH_YEAR"
HOMESCREENURL="./Portal/default.htm"
USERMUSTRESETPASSWORD="TRUE"
PRODUCTLOCALE="en-US"
STUDYLOCALE="en-US"/>


<USER  USERNAME="ZPFrducusin"
USERTYPE="SPONSOR"
FIRSTNAME="Rodulf"
LASTNAME="Ducusin"
DISPLAYNAME="Rodulf Ducusin"
DESCRIPTION="Support Tier I"
COUNTRY="PHILIPPINES"
PHONE="63"
ALTPHONE="63"
FAX="63"
EMAIL="RODULF.DUCUSIN@ORACLE.COM"
ACTIVESTATE="true"
DELETESTATE="false"
UPDATE="true"
PASSWORD="lM0oG89o3KcS362717"
BEEPER="63"
USERDATEFORMAT="DAY_MONTH_YEAR"
HOMESCREENURL="./Portal/default.htm"
USERMUSTRESETPASSWORD="TRUE"
PRODUCTLOCALE="en-US"
STUDYLOCALE="en-US"/>


<USER  USERNAME="ZPFskholti"
USERTYPE="SPONSOR"
FIRSTNAME="Szilvia"
LASTNAME="Kholti"
DISPLAYNAME="Szilvia Kholti"
DESCRIPTION="Support Tier I"
COUNTRY="HUNGARY"
PHONE="361111"
ALTPHONE="36"
FAX="36"
EMAIL="szilvia.kholti@oracle.com"
ACTIVESTATE="true"
DELETESTATE="false"
UPDATE="true"
PASSWORD="zY69l3TsQ8d8O4495"
BEEPER="36"
USERDATEFORMAT="DAY_MONTH_YEAR"
HOMESCREENURL="./Portal/default.htm"
USERMUSTRESETPASSWORD="TRUE"
PRODUCTLOCALE="en-US"
STUDYLOCALE="en-US"/>


<USER  USERNAME="ZPFsaguilar"
USERTYPE="SPONSOR"
FIRSTNAME="Sergio"
LASTNAME="Aguilar"
DISPLAYNAME="Sergio Aguilar"
DESCRIPTION="Support Tier I"
TITLE="Mr."
COUNTRY="HUNGARY"
PHONE="36"
ALTPHONE="36"
FAX="36"
EMAIL="sergio.aguilar.aguilar@oracle.com"
ACTIVESTATE="true"
DELETESTATE="false"
UPDATE="true"
PASSWORD="u3BgK2lU59cA274186"
BEEPER="36"
USERDATEFORMAT="DAY_MONTH_YEAR"
HOMESCREENURL="./Portal/default.htm"
USERMUSTRESETPASSWORD="TRUE"
PRODUCTLOCALE="en-US"
STUDYLOCALE="en-US"/>


<USER  USERNAME="ZPFlmate"
USERTYPE="SPONSOR"
FIRSTNAME="Laszlo"
LASTNAME="Mate"
DISPLAYNAME="Laszlo Mate"
DESCRIPTION="Support Tier I"
COUNTRY="HUNGARY"
PHONE="36"
ALTPHONE="36"
FAX="36"
EMAIL="laszlo.mate@oracle.com"
ACTIVESTATE="true"
DELETESTATE="false"
UPDATE="true"
PASSWORD="qL2lR0uR3fA85669"
BEEPER="36"
USERDATEFORMAT="DAY_MONTH_YEAR"
HOMESCREENURL="./Portal/default.htm"
USERMUSTRESETPASSWORD="TRUE"
PRODUCTLOCALE="en-US"
STUDYLOCALE="en-US"/>


<USER  USERNAME="ZPFstayco"
USERTYPE="SPONSOR"
FIRSTNAME="Sherylou"
LASTNAME="Tayco"
DISPLAYNAME="Sherylou Tayco"
DESCRIPTION="Support Tier I"
COUNTRY="PHILIPPINES"
PHONE="63"
ALTPHONE="63"
FAX="63"
EMAIL="sherylou.tayco@oracle.com"
ACTIVESTATE="true"
DELETESTATE="false"
UPDATE="true"
PASSWORD="jD1kL78xK3uX61780"
BEEPER="63"
USERDATEFORMAT="DAY_MONTH_YEAR"
HOMESCREENURL="./Portal/default.htm"
USERMUSTRESETPASSWORD="TRUE"
PRODUCTLOCALE="en-US"
STUDYLOCALE="en-US"/>


<USER  USERNAME="ZPFdnagy"
USERTYPE="SPONSOR"
FIRSTNAME="Daniel"
LASTNAME="Nagy"
DISPLAYNAME="Daniel Nagy"
DESCRIPTION="Support Tier I"
COUNTRY="HUNGARY"
PHONE="36"
ALTPHONE="36"
FAX="36"
EMAIL="daniel.nagy@oracle.com"
ACTIVESTATE="true"
DELETESTATE="false"
UPDATE="true"
PASSWORD="k3RaL28eZ4m5F4508"
BEEPER="36"
USERDATEFORMAT="DAY_MONTH_YEAR"
HOMESCREENURL="./Portal/default.htm"
USERMUSTRESETPASSWORD="TRUE"
PRODUCTLOCALE="en-US"
STUDYLOCALE="en-US"/>


<USER  USERNAME="ZPFprojas"
USERTYPE="SPONSOR"
FIRSTNAME="Patricio"
LASTNAME="Rojas"
DISPLAYNAME="Patricio Rojas"
DESCRIPTION="Support Tier I"
COUNTRY="UNITED KINGDOM"
PHONE="44"
ALTPHONE="44"
FAX="44"
EMAIL="patricio.rojas@oracle.com"
ACTIVESTATE="true"
DELETESTATE="false"
UPDATE="true"
PASSWORD="tZ8i53Jn3Rh21Y9593"
BEEPER="44"
USERDATEFORMAT="DAY_MONTH_YEAR"
HOMESCREENURL="./Portal/default.htm"
USERMUSTRESETPASSWORD="TRUE"
PRODUCTLOCALE="en-US"
STUDYLOCALE="en-US"/>


<USER  USERNAME="ZPFgyvarga"
USERTYPE="SPONSOR"
FIRSTNAME="Gyorgy"
LASTNAME="Varga"
DISPLAYNAME="Gyorgy Varga"
DESCRIPTION="Support Tier I"
TITLE="Mr."
COUNTRY="HUNGARY"
PHONE="36"
ALTPHONE="36"
FAX="36"
EMAIL="gyorgy.varga@oracle.com"
ACTIVESTATE="true"
DELETESTATE="false"
UPDATE="true"
PASSWORD="i20My7RiY0tQ42681"
BEEPER="36"
USERDATEFORMAT="DAY_MONTH_YEAR"
HOMESCREENURL="./Portal/default.htm"
USERMUSTRESETPASSWORD="TRUE"
PRODUCTLOCALE="en-US"
STUDYLOCALE="en-US"/>


<USER  USERNAME="ZPFmtoth"
USERTYPE="SPONSOR"
FIRSTNAME="Miklos David"
LASTNAME="Toth"
DISPLAYNAME="Miklos David Toth"
DESCRIPTION="IRT Support Tier 2"
TITLE="Mr."
COUNTRY="HUNGARY"
PHONE="36"
ALTPHONE="36"
FAX="36"
EMAIL="miklos.toth@oracle.com"
ACTIVESTATE="true"
DELETESTATE="false"
UPDATE="true"
PASSWORD="K2kg6NbM5m8D5977"
BEEPER="36"
USERDATEFORMAT="YEAR_MONTH_DAY"
HOMESCREENURL="./Portal/default.htm"
USERMUSTRESETPASSWORD="TRUE"
PRODUCTLOCALE="en-US"
STUDYLOCALE="en-US"/>


<USER  USERNAME="ZPFnqi"
USERTYPE="SPONSOR"
FIRSTNAME="Nic"
LASTNAME="Qi"
DISPLAYNAME="Nic Qi"
DESCRIPTION="Support Tier I"
COUNTRY="UNITED KINGDOM"
PHONE="44"
ALTPHONE="44"
FAX="44"
EMAIL="xiaoyu.qi@oracle.com"
ACTIVESTATE="true"
DELETESTATE="false"
UPDATE="true"
PASSWORD="K2kg6NbM5m8D5977"
BEEPER="44"
USERDATEFORMAT="DAY_MONTH_YEAR"
HOMESCREENURL="./Portal/default.htm"
USERMUSTRESETPASSWORD="TRUE"
PRODUCTLOCALE="en-US"
STUDYLOCALE="en-US"/>


<USER  USERNAME="ZPFddiomede"
USERTYPE="SPONSOR"
FIRSTNAME="David"
LASTNAME="Diomede"
DISPLAYNAME="David Diomede"
DESCRIPTION="Support Tier I"
COUNTRY="HUNGARY"
PHONE="354"
ALTPHONE="354"
FAX="354"
EMAIL="david.d.diomede@oracle.com"
ACTIVESTATE="true"
DELETESTATE="false"
UPDATE="true"
PASSWORD="sE11vJ1dN80W6a7803"
BEEPER="354"
USERDATEFORMAT="DAY_MONTH_YEAR"
HOMESCREENURL="./Portal/default.htm"
USERMUSTRESETPASSWORD="TRUE"
PRODUCTLOCALE="en-US"
STUDYLOCALE="en-US"/>


<USER  USERNAME="ZPFijohl"
USERTYPE="SPONSOR"
FIRSTNAME="Ikinder"
LASTNAME="Johl"
DISPLAYNAME="Ikinder Johl"
DESCRIPTION="Support Tier I"
COUNTRY="UNITED KINGDOM"
PHONE="44"
ALTPHONE="44"
FAX="44"
EMAIL="ikinder.johl.singh@oracle.com"
ACTIVESTATE="true"
DELETESTATE="false"
UPDATE="true"
PASSWORD="mS69vI26pZ7w11S5704"
BEEPER="44"
USERDATEFORMAT="DAY_MONTH_YEAR"
HOMESCREENURL="./Portal/default.htm"
USERMUSTRESETPASSWORD="TRUE"
PRODUCTLOCALE="en-US"
STUDYLOCALE="en-US"/>


<USER  USERNAME="ZPFdvittay"
USERTYPE="SPONSOR"
FIRSTNAME="Dominika"
LASTNAME="Vittay"
DISPLAYNAME="Dominika Vittay"
DESCRIPTION="Support Tier I"
COUNTRY="HUNGARY"
PHONE="36"
ALTPHONE="36"
FAX="36"
EMAIL="dominika.vittay@oracle.com"
ACTIVESTATE="true"
DELETESTATE="false"
UPDATE="true"
PASSWORD="c4LK6eiI35i8Z5088"
BEEPER="36"
USERDATEFORMAT="DAY_MONTH_YEAR"
HOMESCREENURL="./Portal/default.htm"
USERMUSTRESETPASSWORD="TRUE"
PRODUCTLOCALE="en-US"
STUDYLOCALE="en-US"/>


<USER  USERNAME="ZPFnreis"
USERTYPE="SPONSOR"
FIRSTNAME="Nuno Rodrigo"
LASTNAME="Ribeiro Pereira Reis"
DISPLAYNAME="Nuno Rodrigo Ribeiro Pereira Reis"
DESCRIPTION="Support Tier I"
TITLE="Mr."
COUNTRY="HUNGARY"
PHONE="36"
ALTPHONE="36"
FAX="36"
EMAIL="nuno.reis@oracle.com"
ACTIVESTATE="true"
DELETESTATE="false"
UPDATE="true"
PASSWORD="z76KZ5cxI68s40M6285"
BEEPER="36"
USERDATEFORMAT="DAY_MONTH_YEAR"
HOMESCREENURL="./Portal/default.htm"
USERMUSTRESETPASSWORD="TRUE"
PRODUCTLOCALE="en-US"
STUDYLOCALE="en-US"/>


<USER  USERNAME="ZPFawarsama"
USERTYPE="SPONSOR"
FIRSTNAME="Ahmed"
LASTNAME="Warsama"
DISPLAYNAME="Ahmed Warsama"
DESCRIPTION="Support Tier II"
COUNTRY="UNITED KINGDOM"
PHONE="0"
ALTPHONE="44"
FAX="44"
EMAIL="ahmed.warsama@oracle.com"
ACTIVESTATE="true"
DELETESTATE="false"
UPDATE="true"
PASSWORD="cR82q7NvM17cA74780"
BEEPER="44"
USERDATEFORMAT="DAY_MONTH_YEAR"
HOMESCREENURL="./Portal/default.htm"
USERMUSTRESETPASSWORD="TRUE"
PRODUCTLOCALE="en-US"
STUDYLOCALE="en-US"/>


<USER  USERNAME="ZPFjistenes"
USERTYPE="SPONSOR"
FIRSTNAME="Jozsef"
LASTNAME="Istenes"
DISPLAYNAME="Jozsef Istenes"
DESCRIPTION="Support Tier I"
TITLE="Mr."
COUNTRY="HUNGARY"
PHONE="36"
ALTPHONE="36"
FAX="36"
EMAIL="jozsef.istenes@oracle.com"
ACTIVESTATE="true"
DELETESTATE="false"
UPDATE="true"
PASSWORD="s1Mx7GzO7B6p275"
BEEPER="36"
USERDATEFORMAT="DAY_MONTH_YEAR"
HOMESCREENURL="./Portal/default.htm"
USERMUSTRESETPASSWORD="TRUE"
PRODUCTLOCALE="en-US"
STUDYLOCALE="en-US"/>


<USER  USERNAME="ZPFtfabian"
USERTYPE="SPONSOR"
FIRSTNAME="Tamas"
LASTNAME="Fabian"
DISPLAYNAME="Tamas Fabian"
DESCRIPTION="Support Tier I"
COUNTRY="HUNGARY"
PHONE="36"
ALTPHONE="36"
FAX="36"
EMAIL="tamas.x.fabian@oracle.com"
ACTIVESTATE="true"
DELETESTATE="false"
UPDATE="true"
PASSWORD="oV8pJ4aG5y7X2088"
BEEPER="36"
USERDATEFORMAT="DAY_MONTH_YEAR"
HOMESCREENURL="./Portal/default.htm"
USERMUSTRESETPASSWORD="TRUE"
PRODUCTLOCALE="en-US"
STUDYLOCALE="en-US"/>


<USER  USERNAME="ZPFasomogyi"
USERTYPE="SPONSOR"
FIRSTNAME="Alexandra"
LASTNAME="Somogyi"
DISPLAYNAME="Alexandra Somogyi"
DESCRIPTION="Support Tier I"
COUNTRY="HUNGARY"
PHONE="36"
ALTPHONE="36"
FAX="36"
EMAIL="alexandra.somogyi@oracle.com"
ACTIVESTATE="true"
DELETESTATE="false"
UPDATE="true"
PASSWORD="n49KrM6zR6oV677495"
BEEPER="36"
USERDATEFORMAT="DAY_MONTH_YEAR"
HOMESCREENURL="./Portal/default.htm"
USERMUSTRESETPASSWORD="TRUE"
PRODUCTLOCALE="en-US"
STUDYLOCALE="en-US"/>


<USER  USERNAME="ZPFkpinter"
USERTYPE="SPONSOR"
FIRSTNAME="Katinka"
LASTNAME="Pinter"
DISPLAYNAME="Katinka Pinter"
DESCRIPTION="Support Tier I"
COUNTRY="HUNGARY"
PHONE="36"
ALTPHONE="36"
FAX="36"
EMAIL="katinka.pinter@oracle.com"
ACTIVESTATE="true"
DELETESTATE="false"
UPDATE="true"
PASSWORD="yP2p7JnA60r11K8075"
BEEPER="36"
USERDATEFORMAT="DAY_MONTH_YEAR"
HOMESCREENURL="./Portal/default.htm"
USERMUSTRESETPASSWORD="TRUE"
PRODUCTLOCALE="en-US"
STUDYLOCALE="en-US"/>


<USER  USERNAME="ZPFlcseke"
USERTYPE="SPONSOR"
FIRSTNAME="Laszlo"
LASTNAME="Cseke"
DISPLAYNAME="Laszlo Cseke"
DESCRIPTION="Support Tier I"
COUNTRY="HUNGARY"
PHONE="36"
ALTPHONE="36"
FAX="36"
EMAIL="laszlo.cseke@oracle.com"
ACTIVESTATE="true"
DELETESTATE="false"
UPDATE="true"
PASSWORD="dB4jI89kC34x7U1199"
BEEPER="36"
USERDATEFORMAT="DAY_MONTH_YEAR"
HOMESCREENURL="./Portal/default.htm"
USERMUSTRESETPASSWORD="TRUE"
PRODUCTLOCALE="en-US"
STUDYLOCALE="en-US"/>


<USER  USERNAME="ZPFvzdirko"
USERTYPE="SPONSOR"
FIRSTNAME="Viktor"
LASTNAME="Zdirko"
DISPLAYNAME="Viktor Zdirko"
DESCRIPTION="Support Tier I"
COUNTRY="HUNGARY"
PHONE="36"
ALTPHONE="36"
FAX="36"
EMAIL="viktor.zdirko@oracle.com"
ACTIVESTATE="true"
DELETESTATE="false"
UPDATE="true"
PASSWORD="b0DoN40g4YhU09272"
BEEPER="36"
USERDATEFORMAT="DAY_MONTH_YEAR"
HOMESCREENURL="./Portal/default.htm"
USERMUSTRESETPASSWORD="TRUE"
PRODUCTLOCALE="en-US"
STUDYLOCALE="en-US"/>


<USER  USERNAME="ZPFekosa"
USERTYPE="SPONSOR"
FIRSTNAME="Eniko"
LASTNAME="Kosa"
DISPLAYNAME="Eniko Kosa"
DESCRIPTION="Tier 1 Support agent"
COUNTRY="HUNGARY"
PHONE="36"
ALTPHONE="36"
FAX="36"
EMAIL="eniko.kosa@oracle.com"
ACTIVESTATE="true"
DELETESTATE="false"
UPDATE="true"
PASSWORD="c4LK6eiI35i8Z5088"
BEEPER="36"
USERDATEFORMAT="MONTH_DAY_YEAR"
HOMESCREENURL="./Portal/default.htm"
USERMUSTRESETPASSWORD="TRUE"
PRODUCTLOCALE="en-US"
STUDYLOCALE="en-US"/>


<USER  USERNAME="ZPFmlalangan"
USERTYPE="SPONSOR"
FIRSTNAME="Menard"
LASTNAME="Lalangan"
DISPLAYNAME="Menard Lalangan"
DESCRIPTION="Support Tier I"
COUNTRY="PHILIPPINES"
PHONE="63"
ALTPHONE="63"
FAX="63"
EMAIL="menard.lalangan@oracle.com"
ACTIVESTATE="true"
DELETESTATE="false"
UPDATE="true"
PASSWORD="vR22i3WJ1sR3t2749"
BEEPER="63"
USERDATEFORMAT="DAY_MONTH_YEAR"
HOMESCREENURL="./Portal/default.htm"
USERMUSTRESETPASSWORD="TRUE"
PRODUCTLOCALE="en-US"
STUDYLOCALE="en-US"/>


<USER  USERNAME="ZPFtszabo"
USERTYPE="SPONSOR"
FIRSTNAME="Timea"
LASTNAME="Szabo"
DISPLAYNAME="Timea Szabo"
DESCRIPTION="Support IRT Integrated"
TITLE="MISS."
COUNTRY="HUNGARY"
PHONE="36"
ALTPHONE="36"
FAX="36"
EMAIL="timea.szabo@oracle.com"
ACTIVESTATE="true"
DELETESTATE="false"
UPDATE="true"
PASSWORD="oN74E1jM3grB445463"
BEEPER="36"
USERDATEFORMAT="DAY_MONTH_YEAR"
HOMESCREENURL="./Portal/default.htm"
USERMUSTRESETPASSWORD="TRUE"
PRODUCTLOCALE="en-US"
STUDYLOCALE="en-US"/>


<USER  USERNAME="ZPFpvamos"
USERTYPE="SPONSOR"
FIRSTNAME="Peter"
LASTNAME="Vamos"
DISPLAYNAME="Peter Vamos"
COUNTRY="HUNGARY"
PHONE="36"
ALTPHONE="36"
FAX="36"
EMAIL="peter.vamos@oracle.com"
ACTIVESTATE="true"
DELETESTATE="false"
UPDATE="true"
PASSWORD="b31IkW8O6ta83K8178"
BEEPER="36"
USERDATEFORMAT="DAY_MONTH_YEAR"
HOMESCREENURL="./Portal/default.htm"
USERMUSTRESETPASSWORD="TRUE"
PRODUCTLOCALE="en-US"
STUDYLOCALE="en-US"/>


</MEDMLDATA>