<?xml version="1.0"?>
<MEDMLDATA xmlns="PhaseForward-MedML-Inform4">

<SITEGROUP SITENAME="(300) Azienda Ospedaliero Universitaria di Modena">
<USERREF USERNAME="yex8021"/>
<USERREF USERNAME="a608261"/>
<USERREF USERNAME="c058698"/>
<USERREF USERNAME="c143125"/>
<USERREF USERNAME="u7x2510"/>
<USERREF USERNAME="c135748"/>
<USERREF USERNAME="yex7920"/>
<USERREF USERNAME="c149470"/>
<USERREF USERNAME="rm36132"/>
<USERREF USERNAME="a803075"/>
<USERREF USERNAME="a511471"/>
<USERREF USERNAME="rm87794"/>
<USERREF USERNAME="rm80655"/>
<USERREF USERNAME="c196248"/>
<USERREF USERNAME="c199642"/>
<USERREF USERNAME="c218621"/>
<USERREF USERNAME="c223292"/>
<USERREF USERNAME="c196683"/>
<USERREF USERNAME="c068502"/>
<USERREF USERNAME="c228249"/>
<USERREF USERNAME="c228246"/>
<USERREF USERNAME="c228247"/>
<USERREF USERNAME="c228248"/>
<USERREF USERNAME="c228250"/>
<USERREF USERNAME="ye73456"/>
<USERREF USERNAME="c100415"/>
<USERREF USERNAME="i5bmcjgdp_RE"/>
<USERREF USERNAME="coder_query"/>
<USERREF USERNAME="z1x0496"/>
<USERREF USERNAME="c247680"/>
<USERREF USERNAME="c242108"/>
<USERREF USERNAME="c243487"/>
<USERREF USERNAME="c239399"/>
<USERREF USERNAME="c244345"/>
<USERREF USERNAME="v0x0647"/>
<USERREF USERNAME="c232981"/>
<USERREF USERNAME="z2x2411"/>
<USERREF USERNAME="c213549"/>
<USERREF USERNAME="c225989"/>
<USERREF USERNAME="c161432"/>
<USERREF USERNAME="c003859"/>
<USERREF USERNAME="c083101"/>
<USERREF USERNAME="c244714"/>
<USERREF USERNAME="c079244"/>
<USERREF USERNAME="u7X4333"/>
<USERREF USERNAME="rm90029"/>
<USERREF USERNAME="rm89018"/>
<USERREF USERNAME="c069132"/>
<USERREF USERNAME="c015393"/>
<USERREF USERNAME="c057362"/>
<USERREF USERNAME="c071673"/>
<USERREF USERNAME="c202987"/>
<USERREF USERNAME="c203058"/>
<USERREF USERNAME="u6x6712"/>
<USERREF USERNAME="c148827"/>
<USERREF USERNAME="v6x8058"/>
<USERREF USERNAME="c206591"/>
<USERREF USERNAME="c090108"/>
<USERREF USERNAME="c039853"/>
<USERREF USERNAME="c074090"/>
<USERREF USERNAME="c068505"/>
<USERREF USERNAME="yex7750"/>
<USERREF USERNAME="c085302"/>
<USERREF USERNAME="c149066"/>
<USERREF USERNAME="c074342"/>
<USERREF USERNAME="c244562"/>
<USERREF USERNAME="c021984"/>
<USERREF USERNAME="c149177"/>
<USERREF USERNAME="rm35504"/>
<USERREF USERNAME="c194055"/>
<USERREF USERNAME="c131994"/>
<USERREF USERNAME="ye91098"/>
<USERREF USERNAME="yex7972"/>
<USERREF USERNAME="yex7231"/>
<USERREF USERNAME="v6x8356"/>
<USERREF USERNAME="c025980"/>
<USERREF USERNAME="c039863"/>
<USERREF USERNAME="yex7614"/>
<USERREF USERNAME="c137396"/>
<USERREF USERNAME="c239605"/>
<USERREF USERNAME="c149176"/>
<USERREF USERNAME="c244333"/>
<USERREF USERNAME="c219898"/>
<USERREF USERNAME="c075541"/>
<USERREF USERNAME="a701824"/>
<USERREF USERNAME="c074429"/>
<USERREF USERNAME="c026393"/>
<USERREF USERNAME="c026390"/>
<USERREF USERNAME="a608760"/>
<USERREF USERNAME="c189327"/>
<USERREF USERNAME="ZPFnvergara"/>
<USERREF USERNAME="ZPFtcabanes"/>
<USERREF USERNAME="ZPFlbalubar"/>
<USERREF USERNAME="ZPFmandone"/>
<USERREF USERNAME="ZPFgkrucso"/>
<USERREF USERNAME="ZPFepenzes"/>
<USERREF USERNAME="ZPFcmolom"/>
<USERREF USERNAME="ZPFabalogh"/>
<USERREF USERNAME="ZPFkbarkoczi"/>
<USERREF USERNAME="ZPFaverpeleti"/>
<USERREF USERNAME="ZPFralorico"/>
<USERREF USERNAME="ZPFapervaiz"/>
<USERREF USERNAME="ZPFfvarga"/>
<USERREF USERNAME="ZPFkkovacs"/>
<USERREF USERNAME="ZPFoely"/>
<USERREF USERNAME="ZPFpvallar"/>
<USERREF USERNAME="ZPFedervishaj"/>
<USERREF USERNAME="ZPFsdasilva"/>
<USERREF USERNAME="ZPFkcco"/>
<USERREF USERNAME="ZPFklim"/>
<USERREF USERNAME="ZPFkcsobalyka"/>
<USERREF USERNAME="ZPFrducusin"/>
<USERREF USERNAME="ZPFskholti"/>
<USERREF USERNAME="ZPFsaguilar"/>
<USERREF USERNAME="ZPFlmate"/>
<USERREF USERNAME="ZPFstayco"/>
<USERREF USERNAME="ZPFdnagy"/>
<USERREF USERNAME="ZPFprojas"/>
<USERREF USERNAME="ZPFgyvarga"/>
<USERREF USERNAME="ZPFmtoth"/>
<USERREF USERNAME="ZPFnqi"/>
<USERREF USERNAME="ZPFddiomede"/>
<USERREF USERNAME="ZPFijohl"/>
<USERREF USERNAME="ZPFdvittay"/>
<USERREF USERNAME="ZPFnreis"/>
<USERREF USERNAME="ZPFawarsama"/>
<USERREF USERNAME="ZPFjistenes"/>
<USERREF USERNAME="ZPFtfabian"/>
<USERREF USERNAME="ZPFasomogyi"/>
<USERREF USERNAME="ZPFkpinter"/>
<USERREF USERNAME="ZPFlcseke"/>
<USERREF USERNAME="ZPFvzdirko"/>
<USERREF USERNAME="ZPFekosa"/>
<USERREF USERNAME="ZPFmlalangan"/>
<USERREF USERNAME="ZPFtszabo"/>
<USERREF USERNAME="ZPFpvamos"/>
</SITEGROUP>
<SITEGROUP SITENAME="(200) Charite Universitatsmedizin Berlin">
<USERREF USERNAME="yex8021"/>
<USERREF USERNAME="a608261"/>
<USERREF USERNAME="c058698"/>
<USERREF USERNAME="c143125"/>
<USERREF USERNAME="u7x2510"/>
<USERREF USERNAME="c135748"/>
<USERREF USERNAME="yex7920"/>
<USERREF USERNAME="c149470"/>
<USERREF USERNAME="rm36132"/>
<USERREF USERNAME="a803075"/>
<USERREF USERNAME="a511471"/>
<USERREF USERNAME="rm87794"/>
<USERREF USERNAME="rm80655"/>
<USERREF USERNAME="c196248"/>
<USERREF USERNAME="c199642"/>
<USERREF USERNAME="c218621"/>
<USERREF USERNAME="c223292"/>
<USERREF USERNAME="c196683"/>
<USERREF USERNAME="c068502"/>
<USERREF USERNAME="c228249"/>
<USERREF USERNAME="c228246"/>
<USERREF USERNAME="c228247"/>
<USERREF USERNAME="c228248"/>
<USERREF USERNAME="c228250"/>
<USERREF USERNAME="ye73456"/>
<USERREF USERNAME="c100415"/>
<USERREF USERNAME="i5bmcjgdp_RE"/>
<USERREF USERNAME="coder_query"/>
<USERREF USERNAME="z1x0496"/>
<USERREF USERNAME="c247680"/>
<USERREF USERNAME="c242108"/>
<USERREF USERNAME="c243487"/>
<USERREF USERNAME="c239399"/>
<USERREF USERNAME="c244345"/>
<USERREF USERNAME="v0x0647"/>
<USERREF USERNAME="c232981"/>
<USERREF USERNAME="z2x2411"/>
<USERREF USERNAME="c213549"/>
<USERREF USERNAME="c225989"/>
<USERREF USERNAME="c161432"/>
<USERREF USERNAME="c003859"/>
<USERREF USERNAME="c083101"/>
<USERREF USERNAME="c244714"/>
<USERREF USERNAME="c079244"/>
<USERREF USERNAME="u7X4333"/>
<USERREF USERNAME="rm90029"/>
<USERREF USERNAME="rm89018"/>
<USERREF USERNAME="c069132"/>
<USERREF USERNAME="c015393"/>
<USERREF USERNAME="c057362"/>
<USERREF USERNAME="c071673"/>
<USERREF USERNAME="c202987"/>
<USERREF USERNAME="c203058"/>
<USERREF USERNAME="u6x6712"/>
<USERREF USERNAME="c148827"/>
<USERREF USERNAME="v6x8058"/>
<USERREF USERNAME="c206591"/>
<USERREF USERNAME="c090108"/>
<USERREF USERNAME="c039853"/>
<USERREF USERNAME="c074090"/>
<USERREF USERNAME="c068505"/>
<USERREF USERNAME="yex7750"/>
<USERREF USERNAME="c085302"/>
<USERREF USERNAME="c149066"/>
<USERREF USERNAME="c074342"/>
<USERREF USERNAME="c244562"/>
<USERREF USERNAME="c021984"/>
<USERREF USERNAME="c149177"/>
<USERREF USERNAME="rm35504"/>
<USERREF USERNAME="c194055"/>
<USERREF USERNAME="c131994"/>
<USERREF USERNAME="ye91098"/>
<USERREF USERNAME="yex7972"/>
<USERREF USERNAME="yex7231"/>
<USERREF USERNAME="v6x8356"/>
<USERREF USERNAME="c025980"/>
<USERREF USERNAME="c039863"/>
<USERREF USERNAME="yex7614"/>
<USERREF USERNAME="c137396"/>
<USERREF USERNAME="c239605"/>
<USERREF USERNAME="c149176"/>
<USERREF USERNAME="c244333"/>
<USERREF USERNAME="c219898"/>
<USERREF USERNAME="c075541"/>
<USERREF USERNAME="a701824"/>
<USERREF USERNAME="c074429"/>
<USERREF USERNAME="c026393"/>
<USERREF USERNAME="c026390"/>
<USERREF USERNAME="a608760"/>
<USERREF USERNAME="c189327"/>
<USERREF USERNAME="ZPFnvergara"/>
<USERREF USERNAME="ZPFtcabanes"/>
<USERREF USERNAME="ZPFlbalubar"/>
<USERREF USERNAME="ZPFmandone"/>
<USERREF USERNAME="ZPFgkrucso"/>
<USERREF USERNAME="ZPFepenzes"/>
<USERREF USERNAME="ZPFcmolom"/>
<USERREF USERNAME="ZPFabalogh"/>
<USERREF USERNAME="ZPFkbarkoczi"/>
<USERREF USERNAME="ZPFaverpeleti"/>
<USERREF USERNAME="ZPFralorico"/>
<USERREF USERNAME="ZPFapervaiz"/>
<USERREF USERNAME="ZPFfvarga"/>
<USERREF USERNAME="ZPFkkovacs"/>
<USERREF USERNAME="ZPFoely"/>
<USERREF USERNAME="ZPFpvallar"/>
<USERREF USERNAME="ZPFedervishaj"/>
<USERREF USERNAME="ZPFsdasilva"/>
<USERREF USERNAME="ZPFkcco"/>
<USERREF USERNAME="ZPFklim"/>
<USERREF USERNAME="ZPFkcsobalyka"/>
<USERREF USERNAME="ZPFrducusin"/>
<USERREF USERNAME="ZPFskholti"/>
<USERREF USERNAME="ZPFsaguilar"/>
<USERREF USERNAME="ZPFlmate"/>
<USERREF USERNAME="ZPFstayco"/>
<USERREF USERNAME="ZPFdnagy"/>
<USERREF USERNAME="ZPFprojas"/>
<USERREF USERNAME="ZPFgyvarga"/>
<USERREF USERNAME="ZPFmtoth"/>
<USERREF USERNAME="ZPFnqi"/>
<USERREF USERNAME="ZPFddiomede"/>
<USERREF USERNAME="ZPFijohl"/>
<USERREF USERNAME="ZPFdvittay"/>
<USERREF USERNAME="ZPFnreis"/>
<USERREF USERNAME="ZPFawarsama"/>
<USERREF USERNAME="ZPFjistenes"/>
<USERREF USERNAME="ZPFtfabian"/>
<USERREF USERNAME="ZPFasomogyi"/>
<USERREF USERNAME="ZPFkpinter"/>
<USERREF USERNAME="ZPFlcseke"/>
<USERREF USERNAME="ZPFvzdirko"/>
<USERREF USERNAME="ZPFekosa"/>
<USERREF USERNAME="ZPFmlalangan"/>
<USERREF USERNAME="ZPFtszabo"/>
<USERREF USERNAME="ZPFpvamos"/>
</SITEGROUP>
<SITEGROUP SITENAME="(104) Honor Health Research Institute">
<USERREF USERNAME="yex8021"/>
<USERREF USERNAME="a608261"/>
<USERREF USERNAME="c058698"/>
<USERREF USERNAME="c143125"/>
<USERREF USERNAME="u7x2510"/>
<USERREF USERNAME="c135748"/>
<USERREF USERNAME="yex7920"/>
<USERREF USERNAME="c149470"/>
<USERREF USERNAME="rm36132"/>
<USERREF USERNAME="a803075"/>
<USERREF USERNAME="a511471"/>
<USERREF USERNAME="rm87794"/>
<USERREF USERNAME="rm80655"/>
<USERREF USERNAME="c196248"/>
<USERREF USERNAME="c199642"/>
<USERREF USERNAME="c218621"/>
<USERREF USERNAME="c223292"/>
<USERREF USERNAME="c196683"/>
<USERREF USERNAME="c068502"/>
<USERREF USERNAME="c228249"/>
<USERREF USERNAME="c228246"/>
<USERREF USERNAME="c228247"/>
<USERREF USERNAME="c228248"/>
<USERREF USERNAME="c228250"/>
<USERREF USERNAME="ye73456"/>
<USERREF USERNAME="c100415"/>
<USERREF USERNAME="i5bmcjgdp_RE"/>
<USERREF USERNAME="coder_query"/>
<USERREF USERNAME="z1x0496"/>
<USERREF USERNAME="c247680"/>
<USERREF USERNAME="c242108"/>
<USERREF USERNAME="c243487"/>
<USERREF USERNAME="c239399"/>
<USERREF USERNAME="c244345"/>
<USERREF USERNAME="v0x0647"/>
<USERREF USERNAME="c232981"/>
<USERREF USERNAME="z2x2411"/>
<USERREF USERNAME="c213549"/>
<USERREF USERNAME="c225989"/>
<USERREF USERNAME="c161432"/>
<USERREF USERNAME="c003859"/>
<USERREF USERNAME="c083101"/>
<USERREF USERNAME="c244714"/>
<USERREF USERNAME="c079244"/>
<USERREF USERNAME="u7X4333"/>
<USERREF USERNAME="rm90029"/>
<USERREF USERNAME="rm89018"/>
<USERREF USERNAME="c069132"/>
<USERREF USERNAME="c015393"/>
<USERREF USERNAME="c057362"/>
<USERREF USERNAME="c071673"/>
<USERREF USERNAME="c202987"/>
<USERREF USERNAME="c203058"/>
<USERREF USERNAME="u6x6712"/>
<USERREF USERNAME="c148827"/>
<USERREF USERNAME="v6x8058"/>
<USERREF USERNAME="c206591"/>
<USERREF USERNAME="c090108"/>
<USERREF USERNAME="c039853"/>
<USERREF USERNAME="c074090"/>
<USERREF USERNAME="c068505"/>
<USERREF USERNAME="yex7750"/>
<USERREF USERNAME="c085302"/>
<USERREF USERNAME="c149066"/>
<USERREF USERNAME="c074342"/>
<USERREF USERNAME="c244562"/>
<USERREF USERNAME="c021984"/>
<USERREF USERNAME="c149177"/>
<USERREF USERNAME="rm35504"/>
<USERREF USERNAME="c194055"/>
<USERREF USERNAME="c131994"/>
<USERREF USERNAME="ye91098"/>
<USERREF USERNAME="yex7972"/>
<USERREF USERNAME="yex7231"/>
<USERREF USERNAME="v6x8356"/>
<USERREF USERNAME="c025980"/>
<USERREF USERNAME="c039863"/>
<USERREF USERNAME="yex7614"/>
<USERREF USERNAME="c137396"/>
<USERREF USERNAME="c239605"/>
<USERREF USERNAME="c149176"/>
<USERREF USERNAME="c244333"/>
<USERREF USERNAME="c219898"/>
<USERREF USERNAME="c075541"/>
<USERREF USERNAME="a701824"/>
<USERREF USERNAME="c074429"/>
<USERREF USERNAME="c026393"/>
<USERREF USERNAME="c026390"/>
<USERREF USERNAME="a608760"/>
<USERREF USERNAME="c189327"/>
<USERREF USERNAME="ZPFnvergara"/>
<USERREF USERNAME="ZPFtcabanes"/>
<USERREF USERNAME="ZPFlbalubar"/>
<USERREF USERNAME="ZPFmandone"/>
<USERREF USERNAME="ZPFgkrucso"/>
<USERREF USERNAME="ZPFepenzes"/>
<USERREF USERNAME="ZPFcmolom"/>
<USERREF USERNAME="ZPFabalogh"/>
<USERREF USERNAME="ZPFkbarkoczi"/>
<USERREF USERNAME="ZPFaverpeleti"/>
<USERREF USERNAME="ZPFralorico"/>
<USERREF USERNAME="ZPFapervaiz"/>
<USERREF USERNAME="ZPFfvarga"/>
<USERREF USERNAME="ZPFkkovacs"/>
<USERREF USERNAME="ZPFoely"/>
<USERREF USERNAME="ZPFpvallar"/>
<USERREF USERNAME="ZPFedervishaj"/>
<USERREF USERNAME="ZPFsdasilva"/>
<USERREF USERNAME="ZPFkcco"/>
<USERREF USERNAME="ZPFklim"/>
<USERREF USERNAME="ZPFkcsobalyka"/>
<USERREF USERNAME="ZPFrducusin"/>
<USERREF USERNAME="ZPFskholti"/>
<USERREF USERNAME="ZPFsaguilar"/>
<USERREF USERNAME="ZPFlmate"/>
<USERREF USERNAME="ZPFstayco"/>
<USERREF USERNAME="ZPFdnagy"/>
<USERREF USERNAME="ZPFprojas"/>
<USERREF USERNAME="ZPFgyvarga"/>
<USERREF USERNAME="ZPFmtoth"/>
<USERREF USERNAME="ZPFnqi"/>
<USERREF USERNAME="ZPFddiomede"/>
<USERREF USERNAME="ZPFijohl"/>
<USERREF USERNAME="ZPFdvittay"/>
<USERREF USERNAME="ZPFnreis"/>
<USERREF USERNAME="ZPFawarsama"/>
<USERREF USERNAME="ZPFjistenes"/>
<USERREF USERNAME="ZPFtfabian"/>
<USERREF USERNAME="ZPFasomogyi"/>
<USERREF USERNAME="ZPFkpinter"/>
<USERREF USERNAME="ZPFlcseke"/>
<USERREF USERNAME="ZPFvzdirko"/>
<USERREF USERNAME="ZPFekosa"/>
<USERREF USERNAME="ZPFmlalangan"/>
<USERREF USERNAME="ZPFtszabo"/>
<USERREF USERNAME="ZPFpvamos"/>
</SITEGROUP>
<SITEGROUP SITENAME="(102) SCRI Tennessee Oncology - Chattanooga">
<USERREF USERNAME="yex8021"/>
<USERREF USERNAME="a608261"/>
<USERREF USERNAME="c058698"/>
<USERREF USERNAME="c143125"/>
<USERREF USERNAME="u7x2510"/>
<USERREF USERNAME="c135748"/>
<USERREF USERNAME="yex7920"/>
<USERREF USERNAME="c149470"/>
<USERREF USERNAME="rm36132"/>
<USERREF USERNAME="a803075"/>
<USERREF USERNAME="a511471"/>
<USERREF USERNAME="rm87794"/>
<USERREF USERNAME="rm80655"/>
<USERREF USERNAME="c196248"/>
<USERREF USERNAME="c199642"/>
<USERREF USERNAME="c218621"/>
<USERREF USERNAME="c223292"/>
<USERREF USERNAME="c196683"/>
<USERREF USERNAME="c068502"/>
<USERREF USERNAME="c228249"/>
<USERREF USERNAME="c228246"/>
<USERREF USERNAME="c228247"/>
<USERREF USERNAME="c228248"/>
<USERREF USERNAME="c228250"/>
<USERREF USERNAME="ye73456"/>
<USERREF USERNAME="c100415"/>
<USERREF USERNAME="i5bmcjgdp_RE"/>
<USERREF USERNAME="coder_query"/>
<USERREF USERNAME="z1x0496"/>
<USERREF USERNAME="c247680"/>
<USERREF USERNAME="c242108"/>
<USERREF USERNAME="c243487"/>
<USERREF USERNAME="c239399"/>
<USERREF USERNAME="c244345"/>
<USERREF USERNAME="v0x0647"/>
<USERREF USERNAME="c232981"/>
<USERREF USERNAME="z2x2411"/>
<USERREF USERNAME="c213549"/>
<USERREF USERNAME="c225989"/>
<USERREF USERNAME="c161432"/>
<USERREF USERNAME="c003859"/>
<USERREF USERNAME="c083101"/>
<USERREF USERNAME="c244714"/>
<USERREF USERNAME="c079244"/>
<USERREF USERNAME="u7X4333"/>
<USERREF USERNAME="rm90029"/>
<USERREF USERNAME="rm89018"/>
<USERREF USERNAME="c069132"/>
<USERREF USERNAME="c015393"/>
<USERREF USERNAME="c057362"/>
<USERREF USERNAME="c071673"/>
<USERREF USERNAME="c202987"/>
<USERREF USERNAME="c203058"/>
<USERREF USERNAME="u6x6712"/>
<USERREF USERNAME="c148827"/>
<USERREF USERNAME="v6x8058"/>
<USERREF USERNAME="c206591"/>
<USERREF USERNAME="c090108"/>
<USERREF USERNAME="c039853"/>
<USERREF USERNAME="c074090"/>
<USERREF USERNAME="c068505"/>
<USERREF USERNAME="yex7750"/>
<USERREF USERNAME="c085302"/>
<USERREF USERNAME="c149066"/>
<USERREF USERNAME="c074342"/>
<USERREF USERNAME="c244562"/>
<USERREF USERNAME="c021984"/>
<USERREF USERNAME="c149177"/>
<USERREF USERNAME="rm35504"/>
<USERREF USERNAME="c194055"/>
<USERREF USERNAME="c131994"/>
<USERREF USERNAME="ye91098"/>
<USERREF USERNAME="yex7972"/>
<USERREF USERNAME="yex7231"/>
<USERREF USERNAME="v6x8356"/>
<USERREF USERNAME="c025980"/>
<USERREF USERNAME="c039863"/>
<USERREF USERNAME="yex7614"/>
<USERREF USERNAME="c137396"/>
<USERREF USERNAME="c239605"/>
<USERREF USERNAME="c149176"/>
<USERREF USERNAME="c244333"/>
<USERREF USERNAME="c219898"/>
<USERREF USERNAME="c075541"/>
<USERREF USERNAME="a701824"/>
<USERREF USERNAME="c074429"/>
<USERREF USERNAME="c026393"/>
<USERREF USERNAME="c026390"/>
<USERREF USERNAME="a608760"/>
<USERREF USERNAME="c189327"/>
<USERREF USERNAME="ZPFnvergara"/>
<USERREF USERNAME="ZPFtcabanes"/>
<USERREF USERNAME="ZPFlbalubar"/>
<USERREF USERNAME="ZPFmandone"/>
<USERREF USERNAME="ZPFgkrucso"/>
<USERREF USERNAME="ZPFepenzes"/>
<USERREF USERNAME="ZPFcmolom"/>
<USERREF USERNAME="ZPFabalogh"/>
<USERREF USERNAME="ZPFkbarkoczi"/>
<USERREF USERNAME="ZPFaverpeleti"/>
<USERREF USERNAME="ZPFralorico"/>
<USERREF USERNAME="ZPFapervaiz"/>
<USERREF USERNAME="ZPFfvarga"/>
<USERREF USERNAME="ZPFkkovacs"/>
<USERREF USERNAME="ZPFoely"/>
<USERREF USERNAME="ZPFpvallar"/>
<USERREF USERNAME="ZPFedervishaj"/>
<USERREF USERNAME="ZPFsdasilva"/>
<USERREF USERNAME="ZPFkcco"/>
<USERREF USERNAME="ZPFklim"/>
<USERREF USERNAME="ZPFkcsobalyka"/>
<USERREF USERNAME="ZPFrducusin"/>
<USERREF USERNAME="ZPFskholti"/>
<USERREF USERNAME="ZPFsaguilar"/>
<USERREF USERNAME="ZPFlmate"/>
<USERREF USERNAME="ZPFstayco"/>
<USERREF USERNAME="ZPFdnagy"/>
<USERREF USERNAME="ZPFprojas"/>
<USERREF USERNAME="ZPFgyvarga"/>
<USERREF USERNAME="ZPFmtoth"/>
<USERREF USERNAME="ZPFnqi"/>
<USERREF USERNAME="ZPFddiomede"/>
<USERREF USERNAME="ZPFijohl"/>
<USERREF USERNAME="ZPFdvittay"/>
<USERREF USERNAME="ZPFnreis"/>
<USERREF USERNAME="ZPFawarsama"/>
<USERREF USERNAME="ZPFjistenes"/>
<USERREF USERNAME="ZPFtfabian"/>
<USERREF USERNAME="ZPFasomogyi"/>
<USERREF USERNAME="ZPFkpinter"/>
<USERREF USERNAME="ZPFlcseke"/>
<USERREF USERNAME="ZPFvzdirko"/>
<USERREF USERNAME="ZPFekosa"/>
<USERREF USERNAME="ZPFmlalangan"/>
<USERREF USERNAME="ZPFtszabo"/>
<USERREF USERNAME="ZPFpvamos"/>
</SITEGROUP>
<SITEGROUP SITENAME="(103) SCRI Tennessee Oncology - Nashville">
<USERREF USERNAME="jbendell"/>
<USERREF USERNAME="i5bmcjgdp_RE"/>
<USERREF USERNAME="coder_query"/>
<USERREF USERNAME="z1x0496"/>
<USERREF USERNAME="c247680"/>
<USERREF USERNAME="c242108"/>
<USERREF USERNAME="c243487"/>
<USERREF USERNAME="c239399"/>
<USERREF USERNAME="c244345"/>
<USERREF USERNAME="v0x0647"/>
<USERREF USERNAME="c232981"/>
<USERREF USERNAME="z2x2411"/>
<USERREF USERNAME="c213549"/>
<USERREF USERNAME="c225989"/>
<USERREF USERNAME="c161432"/>
<USERREF USERNAME="c003859"/>
<USERREF USERNAME="c083101"/>
<USERREF USERNAME="c244714"/>
<USERREF USERNAME="c079244"/>
<USERREF USERNAME="u7X4333"/>
<USERREF USERNAME="rm90029"/>
<USERREF USERNAME="rm89018"/>
<USERREF USERNAME="c069132"/>
<USERREF USERNAME="c015393"/>
<USERREF USERNAME="c057362"/>
<USERREF USERNAME="c071673"/>
<USERREF USERNAME="c202987"/>
<USERREF USERNAME="c203058"/>
<USERREF USERNAME="u6x6712"/>
<USERREF USERNAME="c148827"/>
<USERREF USERNAME="v6x8058"/>
<USERREF USERNAME="c206591"/>
<USERREF USERNAME="c090108"/>
<USERREF USERNAME="c039853"/>
<USERREF USERNAME="c074090"/>
<USERREF USERNAME="c068505"/>
<USERREF USERNAME="yex7750"/>
<USERREF USERNAME="c085302"/>
<USERREF USERNAME="c149066"/>
<USERREF USERNAME="c074342"/>
<USERREF USERNAME="c244562"/>
<USERREF USERNAME="c021984"/>
<USERREF USERNAME="c149177"/>
<USERREF USERNAME="rm35504"/>
<USERREF USERNAME="c194055"/>
<USERREF USERNAME="c131994"/>
<USERREF USERNAME="ye91098"/>
<USERREF USERNAME="yex7972"/>
<USERREF USERNAME="yex7231"/>
<USERREF USERNAME="v6x8356"/>
<USERREF USERNAME="c025980"/>
<USERREF USERNAME="c039863"/>
<USERREF USERNAME="yex7614"/>
<USERREF USERNAME="c137396"/>
<USERREF USERNAME="c239605"/>
<USERREF USERNAME="c149176"/>
<USERREF USERNAME="c244333"/>
<USERREF USERNAME="c219898"/>
<USERREF USERNAME="c075541"/>
<USERREF USERNAME="a701824"/>
<USERREF USERNAME="c074429"/>
<USERREF USERNAME="c026393"/>
<USERREF USERNAME="c026390"/>
<USERREF USERNAME="a608760"/>
<USERREF USERNAME="c189327"/>
<USERREF USERNAME="yex8021"/>
<USERREF USERNAME="a608261"/>
<USERREF USERNAME="c058698"/>
<USERREF USERNAME="c143125"/>
<USERREF USERNAME="u7x2510"/>
<USERREF USERNAME="c135748"/>
<USERREF USERNAME="yex7920"/>
<USERREF USERNAME="c149470"/>
<USERREF USERNAME="rm36132"/>
<USERREF USERNAME="a803075"/>
<USERREF USERNAME="a511471"/>
<USERREF USERNAME="rm87794"/>
<USERREF USERNAME="rm80655"/>
<USERREF USERNAME="c196248"/>
<USERREF USERNAME="c199642"/>
<USERREF USERNAME="c218621"/>
<USERREF USERNAME="c223292"/>
<USERREF USERNAME="c196683"/>
<USERREF USERNAME="c068502"/>
<USERREF USERNAME="c228249"/>
<USERREF USERNAME="c228246"/>
<USERREF USERNAME="c228247"/>
<USERREF USERNAME="c228248"/>
<USERREF USERNAME="c228250"/>
<USERREF USERNAME="ye73456"/>
<USERREF USERNAME="c100415"/>
<USERREF USERNAME="ZPFnvergara"/>
<USERREF USERNAME="ZPFtcabanes"/>
<USERREF USERNAME="ZPFlbalubar"/>
<USERREF USERNAME="ZPFmandone"/>
<USERREF USERNAME="ZPFgkrucso"/>
<USERREF USERNAME="ZPFepenzes"/>
<USERREF USERNAME="ZPFcmolom"/>
<USERREF USERNAME="ZPFabalogh"/>
<USERREF USERNAME="ZPFkbarkoczi"/>
<USERREF USERNAME="ZPFaverpeleti"/>
<USERREF USERNAME="ZPFralorico"/>
<USERREF USERNAME="ZPFapervaiz"/>
<USERREF USERNAME="ZPFfvarga"/>
<USERREF USERNAME="ZPFkkovacs"/>
<USERREF USERNAME="ZPFoely"/>
<USERREF USERNAME="ZPFpvallar"/>
<USERREF USERNAME="ZPFedervishaj"/>
<USERREF USERNAME="ZPFsdasilva"/>
<USERREF USERNAME="ZPFkcco"/>
<USERREF USERNAME="ZPFklim"/>
<USERREF USERNAME="ZPFkcsobalyka"/>
<USERREF USERNAME="ZPFrducusin"/>
<USERREF USERNAME="ZPFskholti"/>
<USERREF USERNAME="ZPFsaguilar"/>
<USERREF USERNAME="ZPFlmate"/>
<USERREF USERNAME="ZPFstayco"/>
<USERREF USERNAME="ZPFdnagy"/>
<USERREF USERNAME="ZPFprojas"/>
<USERREF USERNAME="ZPFgyvarga"/>
<USERREF USERNAME="ZPFmtoth"/>
<USERREF USERNAME="ZPFnqi"/>
<USERREF USERNAME="ZPFddiomede"/>
<USERREF USERNAME="ZPFijohl"/>
<USERREF USERNAME="ZPFdvittay"/>
<USERREF USERNAME="ZPFnreis"/>
<USERREF USERNAME="ZPFawarsama"/>
<USERREF USERNAME="ZPFjistenes"/>
<USERREF USERNAME="ZPFtfabian"/>
<USERREF USERNAME="ZPFasomogyi"/>
<USERREF USERNAME="ZPFkpinter"/>
<USERREF USERNAME="ZPFlcseke"/>
<USERREF USERNAME="ZPFvzdirko"/>
<USERREF USERNAME="ZPFekosa"/>
<USERREF USERNAME="ZPFmlalangan"/>
<USERREF USERNAME="ZPFtszabo"/>
<USERREF USERNAME="ZPFpvamos"/>
</SITEGROUP>
<SITEGROUP SITENAME="(100) Univeristy of Pittsburg Hillman Cancer Center">
<USERREF USERNAME="c149066"/>
<USERREF USERNAME="c074342"/>
<USERREF USERNAME="c244562"/>
<USERREF USERNAME="c021984"/>
<USERREF USERNAME="c149177"/>
<USERREF USERNAME="rm35504"/>
<USERREF USERNAME="c194055"/>
<USERREF USERNAME="c131994"/>
<USERREF USERNAME="ye91098"/>
<USERREF USERNAME="yex7972"/>
<USERREF USERNAME="yex7231"/>
<USERREF USERNAME="v6x8356"/>
<USERREF USERNAME="c025980"/>
<USERREF USERNAME="c039863"/>
<USERREF USERNAME="yex7614"/>
<USERREF USERNAME="c137396"/>
<USERREF USERNAME="c239605"/>
<USERREF USERNAME="c149176"/>
<USERREF USERNAME="c244333"/>
<USERREF USERNAME="c219898"/>
<USERREF USERNAME="c075541"/>
<USERREF USERNAME="a701824"/>
<USERREF USERNAME="c074429"/>
<USERREF USERNAME="c026393"/>
<USERREF USERNAME="c026390"/>
<USERREF USERNAME="a608760"/>
<USERREF USERNAME="c189327"/>
<USERREF USERNAME="yex8021"/>
<USERREF USERNAME="a608261"/>
<USERREF USERNAME="c058698"/>
<USERREF USERNAME="c143125"/>
<USERREF USERNAME="u7x2510"/>
<USERREF USERNAME="c135748"/>
<USERREF USERNAME="yex7920"/>
<USERREF USERNAME="c149470"/>
<USERREF USERNAME="rm36132"/>
<USERREF USERNAME="a803075"/>
<USERREF USERNAME="a511471"/>
<USERREF USERNAME="rm87794"/>
<USERREF USERNAME="rm80655"/>
<USERREF USERNAME="c196248"/>
<USERREF USERNAME="c199642"/>
<USERREF USERNAME="c218621"/>
<USERREF USERNAME="c223292"/>
<USERREF USERNAME="c196683"/>
<USERREF USERNAME="c068502"/>
<USERREF USERNAME="c228249"/>
<USERREF USERNAME="c228246"/>
<USERREF USERNAME="c228247"/>
<USERREF USERNAME="c228248"/>
<USERREF USERNAME="c228250"/>
<USERREF USERNAME="ye73456"/>
<USERREF USERNAME="c100415"/>
<USERREF USERNAME="nbahary"/>
<USERREF USERNAME="i5bmcjgdp_RE"/>
<USERREF USERNAME="coder_query"/>
<USERREF USERNAME="z1x0496"/>
<USERREF USERNAME="c247680"/>
<USERREF USERNAME="c242108"/>
<USERREF USERNAME="c243487"/>
<USERREF USERNAME="c239399"/>
<USERREF USERNAME="c244345"/>
<USERREF USERNAME="v0x0647"/>
<USERREF USERNAME="c232981"/>
<USERREF USERNAME="z2x2411"/>
<USERREF USERNAME="c213549"/>
<USERREF USERNAME="c225989"/>
<USERREF USERNAME="c161432"/>
<USERREF USERNAME="c003859"/>
<USERREF USERNAME="c083101"/>
<USERREF USERNAME="c244714"/>
<USERREF USERNAME="c079244"/>
<USERREF USERNAME="u7X4333"/>
<USERREF USERNAME="rm90029"/>
<USERREF USERNAME="rm89018"/>
<USERREF USERNAME="c069132"/>
<USERREF USERNAME="c015393"/>
<USERREF USERNAME="c057362"/>
<USERREF USERNAME="c071673"/>
<USERREF USERNAME="c202987"/>
<USERREF USERNAME="c203058"/>
<USERREF USERNAME="u6x6712"/>
<USERREF USERNAME="c148827"/>
<USERREF USERNAME="v6x8058"/>
<USERREF USERNAME="c206591"/>
<USERREF USERNAME="c090108"/>
<USERREF USERNAME="c039853"/>
<USERREF USERNAME="c074090"/>
<USERREF USERNAME="c068505"/>
<USERREF USERNAME="yex7750"/>
<USERREF USERNAME="c085302"/>
<USERREF USERNAME="ZPFnvergara"/>
<USERREF USERNAME="ZPFtcabanes"/>
<USERREF USERNAME="ZPFlbalubar"/>
<USERREF USERNAME="ZPFmandone"/>
<USERREF USERNAME="ZPFgkrucso"/>
<USERREF USERNAME="ZPFepenzes"/>
<USERREF USERNAME="ZPFcmolom"/>
<USERREF USERNAME="ZPFabalogh"/>
<USERREF USERNAME="ZPFkbarkoczi"/>
<USERREF USERNAME="ZPFaverpeleti"/>
<USERREF USERNAME="ZPFralorico"/>
<USERREF USERNAME="ZPFapervaiz"/>
<USERREF USERNAME="ZPFfvarga"/>
<USERREF USERNAME="ZPFkkovacs"/>
<USERREF USERNAME="ZPFoely"/>
<USERREF USERNAME="ZPFpvallar"/>
<USERREF USERNAME="ZPFedervishaj"/>
<USERREF USERNAME="ZPFsdasilva"/>
<USERREF USERNAME="ZPFkcco"/>
<USERREF USERNAME="ZPFklim"/>
<USERREF USERNAME="ZPFkcsobalyka"/>
<USERREF USERNAME="ZPFrducusin"/>
<USERREF USERNAME="ZPFskholti"/>
<USERREF USERNAME="ZPFsaguilar"/>
<USERREF USERNAME="ZPFlmate"/>
<USERREF USERNAME="ZPFstayco"/>
<USERREF USERNAME="ZPFdnagy"/>
<USERREF USERNAME="ZPFprojas"/>
<USERREF USERNAME="ZPFgyvarga"/>
<USERREF USERNAME="ZPFmtoth"/>
<USERREF USERNAME="ZPFnqi"/>
<USERREF USERNAME="ZPFddiomede"/>
<USERREF USERNAME="ZPFijohl"/>
<USERREF USERNAME="ZPFdvittay"/>
<USERREF USERNAME="ZPFnreis"/>
<USERREF USERNAME="ZPFawarsama"/>
<USERREF USERNAME="ZPFjistenes"/>
<USERREF USERNAME="ZPFtfabian"/>
<USERREF USERNAME="ZPFasomogyi"/>
<USERREF USERNAME="ZPFkpinter"/>
<USERREF USERNAME="ZPFlcseke"/>
<USERREF USERNAME="ZPFvzdirko"/>
<USERREF USERNAME="ZPFekosa"/>
<USERREF USERNAME="ZPFmlalangan"/>
<USERREF USERNAME="ZPFtszabo"/>
<USERREF USERNAME="ZPFpvamos"/>
</SITEGROUP>
<SITEGROUP SITENAME="(105) University of Utah  Huntsman Cancer Institute">
<USERREF USERNAME="c074342"/>
<USERREF USERNAME="c244562"/>
<USERREF USERNAME="c021984"/>
<USERREF USERNAME="c149177"/>
<USERREF USERNAME="rm35504"/>
<USERREF USERNAME="c194055"/>
<USERREF USERNAME="c131994"/>
<USERREF USERNAME="ye91098"/>
<USERREF USERNAME="yex7972"/>
<USERREF USERNAME="yex7231"/>
<USERREF USERNAME="v6x8356"/>
<USERREF USERNAME="c025980"/>
<USERREF USERNAME="c039863"/>
<USERREF USERNAME="yex7614"/>
<USERREF USERNAME="c137396"/>
<USERREF USERNAME="c239605"/>
<USERREF USERNAME="c149176"/>
<USERREF USERNAME="c244333"/>
<USERREF USERNAME="c219898"/>
<USERREF USERNAME="c075541"/>
<USERREF USERNAME="a701824"/>
<USERREF USERNAME="c074429"/>
<USERREF USERNAME="c026393"/>
<USERREF USERNAME="c026390"/>
<USERREF USERNAME="a608760"/>
<USERREF USERNAME="c189327"/>
<USERREF USERNAME="yex8021"/>
<USERREF USERNAME="a608261"/>
<USERREF USERNAME="c058698"/>
<USERREF USERNAME="c143125"/>
<USERREF USERNAME="u7x2510"/>
<USERREF USERNAME="c135748"/>
<USERREF USERNAME="yex7920"/>
<USERREF USERNAME="c149470"/>
<USERREF USERNAME="rm36132"/>
<USERREF USERNAME="a803075"/>
<USERREF USERNAME="a511471"/>
<USERREF USERNAME="rm87794"/>
<USERREF USERNAME="rm80655"/>
<USERREF USERNAME="c196248"/>
<USERREF USERNAME="c199642"/>
<USERREF USERNAME="c218621"/>
<USERREF USERNAME="c223292"/>
<USERREF USERNAME="c196683"/>
<USERREF USERNAME="c068502"/>
<USERREF USERNAME="c228249"/>
<USERREF USERNAME="c228246"/>
<USERREF USERNAME="c228247"/>
<USERREF USERNAME="c228248"/>
<USERREF USERNAME="c228250"/>
<USERREF USERNAME="ye73456"/>
<USERREF USERNAME="c100415"/>
<USERREF USERNAME="i5bmcjgdp_RE"/>
<USERREF USERNAME="coder_query"/>
<USERREF USERNAME="z1x0496"/>
<USERREF USERNAME="c247680"/>
<USERREF USERNAME="c242108"/>
<USERREF USERNAME="c243487"/>
<USERREF USERNAME="c239399"/>
<USERREF USERNAME="c244345"/>
<USERREF USERNAME="v0x0647"/>
<USERREF USERNAME="c232981"/>
<USERREF USERNAME="z2x2411"/>
<USERREF USERNAME="c213549"/>
<USERREF USERNAME="c225989"/>
<USERREF USERNAME="c161432"/>
<USERREF USERNAME="c003859"/>
<USERREF USERNAME="c083101"/>
<USERREF USERNAME="c244714"/>
<USERREF USERNAME="c079244"/>
<USERREF USERNAME="u7X4333"/>
<USERREF USERNAME="rm90029"/>
<USERREF USERNAME="rm89018"/>
<USERREF USERNAME="c069132"/>
<USERREF USERNAME="c015393"/>
<USERREF USERNAME="c057362"/>
<USERREF USERNAME="c071673"/>
<USERREF USERNAME="c202987"/>
<USERREF USERNAME="c203058"/>
<USERREF USERNAME="u6x6712"/>
<USERREF USERNAME="c148827"/>
<USERREF USERNAME="v6x8058"/>
<USERREF USERNAME="c206591"/>
<USERREF USERNAME="c090108"/>
<USERREF USERNAME="c039853"/>
<USERREF USERNAME="c074090"/>
<USERREF USERNAME="c068505"/>
<USERREF USERNAME="yex7750"/>
<USERREF USERNAME="c085302"/>
<USERREF USERNAME="c149066"/>
<USERREF USERNAME="ZPFnvergara"/>
<USERREF USERNAME="ZPFtcabanes"/>
<USERREF USERNAME="ZPFlbalubar"/>
<USERREF USERNAME="ZPFmandone"/>
<USERREF USERNAME="ZPFgkrucso"/>
<USERREF USERNAME="ZPFepenzes"/>
<USERREF USERNAME="ZPFcmolom"/>
<USERREF USERNAME="ZPFabalogh"/>
<USERREF USERNAME="ZPFkbarkoczi"/>
<USERREF USERNAME="ZPFaverpeleti"/>
<USERREF USERNAME="ZPFralorico"/>
<USERREF USERNAME="ZPFapervaiz"/>
<USERREF USERNAME="ZPFfvarga"/>
<USERREF USERNAME="ZPFkkovacs"/>
<USERREF USERNAME="ZPFoely"/>
<USERREF USERNAME="ZPFpvallar"/>
<USERREF USERNAME="ZPFedervishaj"/>
<USERREF USERNAME="ZPFsdasilva"/>
<USERREF USERNAME="ZPFkcco"/>
<USERREF USERNAME="ZPFklim"/>
<USERREF USERNAME="ZPFkcsobalyka"/>
<USERREF USERNAME="ZPFrducusin"/>
<USERREF USERNAME="ZPFskholti"/>
<USERREF USERNAME="ZPFsaguilar"/>
<USERREF USERNAME="ZPFlmate"/>
<USERREF USERNAME="ZPFstayco"/>
<USERREF USERNAME="ZPFdnagy"/>
<USERREF USERNAME="ZPFprojas"/>
<USERREF USERNAME="ZPFgyvarga"/>
<USERREF USERNAME="ZPFmtoth"/>
<USERREF USERNAME="ZPFnqi"/>
<USERREF USERNAME="ZPFddiomede"/>
<USERREF USERNAME="ZPFijohl"/>
<USERREF USERNAME="ZPFdvittay"/>
<USERREF USERNAME="ZPFnreis"/>
<USERREF USERNAME="ZPFawarsama"/>
<USERREF USERNAME="ZPFjistenes"/>
<USERREF USERNAME="ZPFtfabian"/>
<USERREF USERNAME="ZPFasomogyi"/>
<USERREF USERNAME="ZPFkpinter"/>
<USERREF USERNAME="ZPFlcseke"/>
<USERREF USERNAME="ZPFvzdirko"/>
<USERREF USERNAME="ZPFekosa"/>
<USERREF USERNAME="ZPFmlalangan"/>
<USERREF USERNAME="ZPFtszabo"/>
<USERREF USERNAME="ZPFpvamos"/>
</SITEGROUP>
<SITEGROUP SITENAME="(400) Vall DHebron Hospital">
<USERREF USERNAME="yex8021"/>
<USERREF USERNAME="a608261"/>
<USERREF USERNAME="c058698"/>
<USERREF USERNAME="c143125"/>
<USERREF USERNAME="u7x2510"/>
<USERREF USERNAME="c135748"/>
<USERREF USERNAME="yex7920"/>
<USERREF USERNAME="c149470"/>
<USERREF USERNAME="rm36132"/>
<USERREF USERNAME="a803075"/>
<USERREF USERNAME="a511471"/>
<USERREF USERNAME="rm87794"/>
<USERREF USERNAME="rm80655"/>
<USERREF USERNAME="c196248"/>
<USERREF USERNAME="c199642"/>
<USERREF USERNAME="c218621"/>
<USERREF USERNAME="c223292"/>
<USERREF USERNAME="c196683"/>
<USERREF USERNAME="c068502"/>
<USERREF USERNAME="c228249"/>
<USERREF USERNAME="c228246"/>
<USERREF USERNAME="c228247"/>
<USERREF USERNAME="c228248"/>
<USERREF USERNAME="c228250"/>
<USERREF USERNAME="ye73456"/>
<USERREF USERNAME="c100415"/>
<USERREF USERNAME="i5bmcjgdp_RE"/>
<USERREF USERNAME="coder_query"/>
<USERREF USERNAME="z1x0496"/>
<USERREF USERNAME="c247680"/>
<USERREF USERNAME="c242108"/>
<USERREF USERNAME="c243487"/>
<USERREF USERNAME="c239399"/>
<USERREF USERNAME="c244345"/>
<USERREF USERNAME="v0x0647"/>
<USERREF USERNAME="c232981"/>
<USERREF USERNAME="z2x2411"/>
<USERREF USERNAME="c213549"/>
<USERREF USERNAME="c225989"/>
<USERREF USERNAME="c161432"/>
<USERREF USERNAME="c003859"/>
<USERREF USERNAME="c083101"/>
<USERREF USERNAME="c244714"/>
<USERREF USERNAME="c079244"/>
<USERREF USERNAME="u7X4333"/>
<USERREF USERNAME="rm90029"/>
<USERREF USERNAME="rm89018"/>
<USERREF USERNAME="c069132"/>
<USERREF USERNAME="c015393"/>
<USERREF USERNAME="c057362"/>
<USERREF USERNAME="c071673"/>
<USERREF USERNAME="c202987"/>
<USERREF USERNAME="c203058"/>
<USERREF USERNAME="u6x6712"/>
<USERREF USERNAME="c148827"/>
<USERREF USERNAME="v6x8058"/>
<USERREF USERNAME="c206591"/>
<USERREF USERNAME="c090108"/>
<USERREF USERNAME="c039853"/>
<USERREF USERNAME="c074090"/>
<USERREF USERNAME="c068505"/>
<USERREF USERNAME="yex7750"/>
<USERREF USERNAME="c085302"/>
<USERREF USERNAME="c149066"/>
<USERREF USERNAME="c074342"/>
<USERREF USERNAME="c244562"/>
<USERREF USERNAME="c021984"/>
<USERREF USERNAME="c149177"/>
<USERREF USERNAME="rm35504"/>
<USERREF USERNAME="c194055"/>
<USERREF USERNAME="c131994"/>
<USERREF USERNAME="ye91098"/>
<USERREF USERNAME="yex7972"/>
<USERREF USERNAME="yex7231"/>
<USERREF USERNAME="v6x8356"/>
<USERREF USERNAME="c025980"/>
<USERREF USERNAME="c039863"/>
<USERREF USERNAME="yex7614"/>
<USERREF USERNAME="c137396"/>
<USERREF USERNAME="c239605"/>
<USERREF USERNAME="c149176"/>
<USERREF USERNAME="c244333"/>
<USERREF USERNAME="c219898"/>
<USERREF USERNAME="c075541"/>
<USERREF USERNAME="a701824"/>
<USERREF USERNAME="c074429"/>
<USERREF USERNAME="c026393"/>
<USERREF USERNAME="c026390"/>
<USERREF USERNAME="a608760"/>
<USERREF USERNAME="c189327"/>
<USERREF USERNAME="ZPFnvergara"/>
<USERREF USERNAME="ZPFtcabanes"/>
<USERREF USERNAME="ZPFlbalubar"/>
<USERREF USERNAME="ZPFmandone"/>
<USERREF USERNAME="ZPFgkrucso"/>
<USERREF USERNAME="ZPFepenzes"/>
<USERREF USERNAME="ZPFcmolom"/>
<USERREF USERNAME="ZPFabalogh"/>
<USERREF USERNAME="ZPFkbarkoczi"/>
<USERREF USERNAME="ZPFaverpeleti"/>
<USERREF USERNAME="ZPFralorico"/>
<USERREF USERNAME="ZPFapervaiz"/>
<USERREF USERNAME="ZPFfvarga"/>
<USERREF USERNAME="ZPFkkovacs"/>
<USERREF USERNAME="ZPFoely"/>
<USERREF USERNAME="ZPFpvallar"/>
<USERREF USERNAME="ZPFedervishaj"/>
<USERREF USERNAME="ZPFsdasilva"/>
<USERREF USERNAME="ZPFkcco"/>
<USERREF USERNAME="ZPFklim"/>
<USERREF USERNAME="ZPFkcsobalyka"/>
<USERREF USERNAME="ZPFrducusin"/>
<USERREF USERNAME="ZPFskholti"/>
<USERREF USERNAME="ZPFsaguilar"/>
<USERREF USERNAME="ZPFlmate"/>
<USERREF USERNAME="ZPFstayco"/>
<USERREF USERNAME="ZPFdnagy"/>
<USERREF USERNAME="ZPFprojas"/>
<USERREF USERNAME="ZPFgyvarga"/>
<USERREF USERNAME="ZPFmtoth"/>
<USERREF USERNAME="ZPFnqi"/>
<USERREF USERNAME="ZPFddiomede"/>
<USERREF USERNAME="ZPFijohl"/>
<USERREF USERNAME="ZPFdvittay"/>
<USERREF USERNAME="ZPFnreis"/>
<USERREF USERNAME="ZPFawarsama"/>
<USERREF USERNAME="ZPFjistenes"/>
<USERREF USERNAME="ZPFtfabian"/>
<USERREF USERNAME="ZPFasomogyi"/>
<USERREF USERNAME="ZPFkpinter"/>
<USERREF USERNAME="ZPFlcseke"/>
<USERREF USERNAME="ZPFvzdirko"/>
<USERREF USERNAME="ZPFekosa"/>
<USERREF USERNAME="ZPFmlalangan"/>
<USERREF USERNAME="ZPFtszabo"/>
<USERREF USERNAME="ZPFpvamos"/>
</SITEGROUP>

</MEDMLDATA>