<?xml version="1.0"?>
<MEDMLDATA xmlns="PhaseForward-MedML-Inform4">


<SITE  NAME="(401) Skin and Cancer Foundation Inc"    MNEMONIC="401"
ADDRESS="Level 1 80 Drummond Street Carlton Melbourne Victoria 3053"
COUNTRY="AUSTRALIA"
PHONE="61396239400"
TIMEZONE="(UTC+10:00) Canberra, Melbourne, Sydney"
SITEDATEFORMAT="DAY_MONTH_YEAR"
STARTDATE="04/04/2016"
STUDYLOCALE="en-US"
SVAUTOSELECTRATE="100"
SVFIRSTNSUBJECTS="100"
/>


<SITE  NAME="(404) Holdsworth House General Practice"    MNEMONIC="404"
ADDRESS="Level 3 26 College Street Sydney New South Wales 2010"
COUNTRY="AUSTRALIA"
PHONE="0293317822"
TIMEZONE="(UTC+10:00) Canberra, Melbourne, Sydney"
SITEDATEFORMAT="DAY_MONTH_YEAR"
STARTDATE="04/04/2016"
STUDYLOCALE="en-US"
SVAUTOSELECTRATE="100"
SVFIRSTNSUBJECTS="100"
/>


<SITE  NAME="(403) Veracity Clinical Research"    MNEMONIC="403"
ADDRESS="68 Ipswich Road Woolloongabba Queensland 4102"
COUNTRY="AUSTRALIA"
PHONE="61730391300"
TIMEZONE="(UTC+10:00) Canberra, Melbourne, Sydney"
SITEDATEFORMAT="DAY_MONTH_YEAR"
STARTDATE="04/04/2016"
STUDYLOCALE="en-US"
SVAUTOSELECTRATE="100"
SVFIRSTNSUBJECTS="100"
/>


<SITE  NAME="(402) Clinical Trials SA Pty Ltd"    MNEMONIC="402"
ADDRESS="North Eastern Health Specialists 230 St Bernards Road Hectorville Adelaid South Australia 5073"
COUNTRY="AUSTRALIA"
PHONE="61883369073"
TIMEZONE="(UTC+09:30) Darwin"
SITEDATEFORMAT="DAY_MONTH_YEAR"
STARTDATE="04/04/2016"
STUDYLOCALE="en-US"
SVAUTOSELECTRATE="100"
SVFIRSTNSUBJECTS="100"
/>


<SITE  NAME="(303) LKH-Univ Klinikum Graz"    MNEMONIC="303"
ADDRESS="Auenbruggerplatz 8"
COUNTRY="AUSTRIA"
PHONE="434.3316385802e+012"
ALTPHONE="43"
FAX="43"
TIMEZONE="(UTC+01:00) Belgrade, Bratislava, Budapest, Ljubljana, Prague"
SITEDATEFORMAT="DAY_MONTH_YEAR"
STARTDATE="04/04/2016"
STUDYLOCALE="en-US"
SVAUTOSELECTRATE="100"
SVFIRSTNSUBJECTS="100"
/>


<SITE  NAME="(304) Krankenhaus Hietzing mit Neurologischem Zentrum Rosenhugel"    MNEMONIC="304"
ADDRESS="Wolkersbergenstrase 1"
COUNTRY="AUSTRIA"
PHONE="434.3180110242e+011"
ALTPHONE="43"
FAX="43"
TIMEZONE="(UTC+01:00) Belgrade, Bratislava, Budapest, Ljubljana, Prague"
SITEDATEFORMAT="DAY_MONTH_YEAR"
STARTDATE="04/04/2016"
STUDYLOCALE="en-US"
SVAUTOSELECTRATE="100"
SVFIRSTNSUBJECTS="100"
/>


<SITE  NAME="(302) Allgemeines Krankenhaus der Stadt Wien - Universitatsklinik"    MNEMONIC="302"
ADDRESS="AKH Wien Dermatology Wahringer Gurtel 18 - 20"
COUNTRY="AUSTRIA"
PHONE="434.314040077e+012"
ALTPHONE="43"
FAX="43"
TIMEZONE="(UTC+01:00) Belgrade, Bratislava, Budapest, Ljubljana, Prague"
SITEDATEFORMAT="DAY_MONTH_YEAR"
STARTDATE="04/04/2016"
STUDYLOCALE="en-US"
SVAUTOSELECTRATE="100"
SVFIRSTNSUBJECTS="100"
/>


<SITE  NAME="(306) Cliniques Universitaires Saint-Luc"    MNEMONIC="306"
ADDRESS="Avenue Hippocrate 10"
COUNTRY="BELGIUM"
PHONE="323227641472"
ALTPHONE="32"
FAX="32"
TIMEZONE="(UTC+01:00) Belgrade, Bratislava, Budapest, Ljubljana, Prague"
SITEDATEFORMAT="DAY_MONTH_YEAR"
STARTDATE="04/04/2016"
STUDYLOCALE="en-US"
SVAUTOSELECTRATE="100"
SVFIRSTNSUBJECTS="100"
/>


<SITE  NAME="(308) Universitair Ziekenhuis Gent"    MNEMONIC="308"
ADDRESS="Dep Dermatology Vijverpark 52 De Pintelaan 185"
COUNTRY="BELGIUM"
PHONE="323293322287"
ALTPHONE="32"
FAX="32"
TIMEZONE="(UTC+01:00) Belgrade, Bratislava, Budapest, Ljubljana, Prague"
SITEDATEFORMAT="DAY_MONTH_YEAR"
STARTDATE="04/04/2016"
STUDYLOCALE="en-US"
SVAUTOSELECTRATE="100"
SVFIRSTNSUBJECTS="100"
/>


<SITE  NAME="(307) Universitair Ziekenhuis Brussel"    MNEMONIC="307"
ADDRESS="Laarbeeklaan 101"
COUNTRY="BELGIUM"
PHONE="3232024776358"
ALTPHONE="32"
FAX="32"
TIMEZONE="(UTC+01:00) Belgrade, Bratislava, Budapest, Ljubljana, Prague"
SITEDATEFORMAT="DAY_MONTH_YEAR"
STARTDATE="04/04/2016"
STUDYLOCALE="en-US"
SVAUTOSELECTRATE="100"
SVFIRSTNSUBJECTS="100"
/>


<SITE  NAME="(201) Enverus Medical Research"    MNEMONIC="201"
ADDRESS="603-13737 96 Avenue Surrey British Columbia V3V0C6"
COUNTRY="CANADA"
PHONE="16044958278"
ALTPHONE="1"
FAX="1"
TIMEZONE="(UTC-08:00) Pacific Time (US &#38; Canada)"
SITEDATEFORMAT="DAY_MONTH_YEAR"
STARTDATE="04/04/2016"
STUDYLOCALE="en-US"
SVAUTOSELECTRATE="100"
SVFIRSTNSUBJECTS="100"
/>


<SITE  NAME="(204) INNOVADERM Research Inc"    MNEMONIC="204"
ADDRESS="1851 Sherbrooke St East Suite 502 Quebec Quebec H2K 4L5"
COUNTRY="CANADA"
PHONE="15145214285ext224"
ALTPHONE="1"
FAX="1"
TIMEZONE="(UTC-05:00) Eastern Time (US &#38; Canada)"
SITEDATEFORMAT="DAY_MONTH_YEAR"
STARTDATE="04/04/2016"
STUDYLOCALE="en-US"
SVAUTOSELECTRATE="100"
SVFIRSTNSUBJECTS="100"
/>


<SITE  NAME="(206) Centre de Recherche Dermatologique du Québec Métropolitain CRDQ"    MNEMONIC="206"
ADDRESS="105-2880 Chemin des Quatres Bourgeois Quebec Quebec G1V 4X7"
COUNTRY="CANADA"
PHONE="14186502339"
ALTPHONE="1"
FAX="1"
TIMEZONE="(UTC-05:00) Eastern Time (US &#38; Canada)"
SITEDATEFORMAT="DAY_MONTH_YEAR"
STARTDATE="04/04/2016"
STUDYLOCALE="en-US"
SVAUTOSELECTRATE="100"
SVFIRSTNSUBJECTS="100"
/>


<SITE  NAME="(205) K Papp Clincal Research Inc"    MNEMONIC="205"
ADDRESS="135 Union Street Waterloo Ontario N2J 1C4"
COUNTRY="CANADA"
PHONE="15195799535"
ALTPHONE="1"
FAX="1"
TIMEZONE="(UTC-05:00) Eastern Time (US &#38; Canada)"
SITEDATEFORMAT="DAY_MONTH_YEAR"
STARTDATE="04/04/2016"
STUDYLOCALE="en-US"
SVAUTOSELECTRATE="100"
SVFIRSTNSUBJECTS="100"
/>


<SITE  NAME="(203) Lynderm Research Inc"    MNEMONIC="203"
ADDRESS="25 Main Street Markham North Markham Ontario L3P 1X2"
COUNTRY="CANADA"
PHONE="19054718011"
ALTPHONE="1"
FAX="1"
TIMEZONE="(UTC-05:00) Eastern Time (US &#38; Canada)"
SITEDATEFORMAT="DAY_MONTH_YEAR"
STARTDATE="04/04/2016"
STUDYLOCALE="en-US"
SVAUTOSELECTRATE="100"
SVFIRSTNSUBJECTS="100"
/>


<SITE  NAME="(202) The Guenther Dermatology Research Centre"    MNEMONIC="202"
ADDRESS="835 Richmond Street London Ontario N6A 3H7"
COUNTRY="CANADA"
PHONE="15194350127"
ALTPHONE="1"
FAX="1"
TIMEZONE="(UTC-05:00) Eastern Time (US &#38; Canada)"
SITEDATEFORMAT="DAY_MONTH_YEAR"
STARTDATE="04/04/2016"
STUDYLOCALE="en-US"
SVAUTOSELECTRATE="100"
SVFIRSTNSUBJECTS="100"
/>


<SITE  NAME="(311) Amphia Ziekenhuis locatie Molengracht"    MNEMONIC="311"
ADDRESS="Molengracht 21 Poli Dermatologie"
COUNTRY="NETHERLANDS"
PHONE="3131765953020"
ALTPHONE="31"
FAX="31"
TIMEZONE="(UTC+01:00) Belgrade, Bratislava, Budapest, Ljubljana, Prague"
SITEDATEFORMAT="DAY_MONTH_YEAR"
STARTDATE="04/04/2016"
STUDYLOCALE="en-US"
SVAUTOSELECTRATE="100"
SVFIRSTNSUBJECTS="100"
/>


<SITE  NAME="(312) Universitair Medisch Centrum St Radboud Nijmegen"    MNEMONIC="312"
ADDRESS="Ingang West Rene Descartesdreef 1 Poli Dermatologie route 370"
COUNTRY="NETHERLANDS"
PHONE="3131248187359"
ALTPHONE="31"
FAX="31"
TIMEZONE="(UTC+01:00) Belgrade, Bratislava, Budapest, Ljubljana, Prague"
SITEDATEFORMAT="DAY_MONTH_YEAR"
STARTDATE="04/04/2016"
STUDYLOCALE="en-US"
SVAUTOSELECTRATE="100"
SVFIRSTNSUBJECTS="100"
/>


<SITE  NAME="(313) Bravis Ziekenhuis  loc Bergen op Zoom"    MNEMONIC="313"
ADDRESS="Boerhaaveplein 1 Poli Dermatologie"
COUNTRY="NETHERLANDS"
PHONE="3131164278374"
ALTPHONE="31"
FAX="31"
TIMEZONE="(UTC+01:00) Belgrade, Bratislava, Budapest, Ljubljana, Prague"
SITEDATEFORMAT="DAY_MONTH_YEAR"
STARTDATE="04/04/2016"
STUDYLOCALE="en-US"
SVAUTOSELECTRATE="100"
SVFIRSTNSUBJECTS="100"
/>


<SITE  NAME="(317) Gaziantep University Medical Faculty"    MNEMONIC="317"
ADDRESS="Kilis Yolu Uzeri Sehit Kamil"
COUNTRY="TURKEY"
PHONE="909.0553407842e+011"
ALTPHONE="90"
FAX="90"
TIMEZONE="(UTC+01:00) Belgrade, Bratislava, Budapest, Ljubljana, Prague"
SITEDATEFORMAT="DAY_MONTH_YEAR"
STARTDATE="04/04/2016"
STUDYLOCALE="en-US"
SVAUTOSELECTRATE="100"
SVFIRSTNSUBJECTS="100"
/>


<SITE  NAME="(316) Uludag University Medical Faculty"    MNEMONIC="316"
ADDRESS="Gorukle Kampusu"
COUNTRY="TURKEY"
PHONE="909.0224295074e+011"
ALTPHONE="90"
FAX="90"
TIMEZONE="(UTC+01:00) Belgrade, Bratislava, Budapest, Ljubljana, Prague"
SITEDATEFORMAT="DAY_MONTH_YEAR"
STARTDATE="04/04/2016"
STUDYLOCALE="en-US"
SVAUTOSELECTRATE="100"
SVFIRSTNSUBJECTS="100"
/>


<SITE  NAME="(318) Bezmi Alem Vakif University Medical Faculty Hospital"    MNEMONIC="318"
ADDRESS="Vatan Cad"
COUNTRY="TURKEY"
PHONE="909.021245317e+011"
ALTPHONE="90"
FAX="90"
TIMEZONE="(UTC+01:00) Belgrade, Bratislava, Budapest, Ljubljana, Prague"
SITEDATEFORMAT="DAY_MONTH_YEAR"
STARTDATE="04/04/2016"
STUDYLOCALE="en-US"
SVAUTOSELECTRATE="100"
SVFIRSTNSUBJECTS="100"
/>


<SITE  NAME="(110) Dermatology Associates"    MNEMONIC="110"
ADDRESS="1730 Minor Avenue Ste 1000 Seattle Washington 98101"
COUNTRY="UNITED STATES"
PHONE="12063150377"
ALTPHONE="1"
FAX="1"
TIMEZONE="(UTC-08:00) Pacific Time (US &#38; Canada)"
SITEDATEFORMAT="DAY_MONTH_YEAR"
STARTDATE="04/04/2016"
STUDYLOCALE="en-US"
SVAUTOSELECTRATE="100"
SVFIRSTNSUBJECTS="100"
/>


<SITE  NAME="(116) Clinical Science Institute"    MNEMONIC="116"
ADDRESS="2001 Santa Monica Boulevard Suite 1160W Santa Monica California 90404"
COUNTRY="UNITED STATES"
PHONE="13108288887"
ALTPHONE="1"
FAX="1"
TIMEZONE="(UTC-08:00) Pacific Time (US &#38; Canada)"
SITEDATEFORMAT="DAY_MONTH_YEAR"
STARTDATE="04/04/2016"
STUDYLOCALE="en-US"
SVAUTOSELECTRATE="100"
SVFIRSTNSUBJECTS="100"
/>


<SITE  NAME="(101) Oregon Medical Research Center"    MNEMONIC="101"
ADDRESS="9495 SW Locust Street ste G Portland Oregon 97223"
COUNTRY="UNITED STATES"
PHONE="15032451525"
ALTPHONE="1"
FAX="1"
TIMEZONE="(UTC-08:00) Pacific Time (US &#38; Canada)"
SITEDATEFORMAT="DAY_MONTH_YEAR"
STARTDATE="04/04/2016"
STUDYLOCALE="en-US"
SVAUTOSELECTRATE="100"
SVFIRSTNSUBJECTS="100"
/>


<SITE  NAME="(114) Southern California Dermatology"    MNEMONIC="114"
ADDRESS="1125 East 17th Street Suite W-244 Santa Ana California 92701"
COUNTRY="UNITED STATES"
PHONE="17144742173"
ALTPHONE="1"
FAX="1"
TIMEZONE="(UTC-08:00) Pacific Time (US &#38; Canada)"
SITEDATEFORMAT="DAY_MONTH_YEAR"
STARTDATE="04/04/2016"
STUDYLOCALE="en-US"
SVAUTOSELECTRATE="100"
SVFIRSTNSUBJECTS="100"
/>


<SITE  NAME="(102) University of Utah"    MNEMONIC="102"
ADDRESS="University of Utah Department of Dermatology RM 4A330 30 N 1900 East Salt Lake City Utah 84123"
COUNTRY="UNITED STATES"
PHONE="18015816465"
ALTPHONE="1"
FAX="1"
TIMEZONE="(UTC-07:00) Mountain Time (US &#38; Canada)"
SITEDATEFORMAT="DAY_MONTH_YEAR"
STARTDATE="04/04/2016"
STUDYLOCALE="en-US"
SVAUTOSELECTRATE="100"
SVFIRSTNSUBJECTS="100"
/>


<SITE  NAME="(113) Menter Dermatology Research Institute"    MNEMONIC="113"
ADDRESS="3900 Junius Street Suite 125 Dallas Texas 75246"
COUNTRY="UNITED STATES"
PHONE="19723547993"
ALTPHONE="1"
FAX="1"
TIMEZONE="(UTC-06:00) Central Time (US &#38; Canada)"
SITEDATEFORMAT="DAY_MONTH_YEAR"
STARTDATE="04/04/2016"
STUDYLOCALE="en-US"
SVAUTOSELECTRATE="100"
SVFIRSTNSUBJECTS="100"
/>


<SITE  NAME="(111) Austin Institute for Clinical Resarch LLC"    MNEMONIC="111"
ADDRESS="302 N Heatherwilde Blvd Suite 200 Pflugerville Texas 78660"
COUNTRY="UNITED STATES"
PHONE="15122792545"
ALTPHONE="1"
FAX="1"
TIMEZONE="(UTC-06:00) Central Time (US &#38; Canada)"
SITEDATEFORMAT="DAY_MONTH_YEAR"
STARTDATE="04/04/2016"
STUDYLOCALE="en-US"
SVAUTOSELECTRATE="100"
SVFIRSTNSUBJECTS="100"
/>


<SITE  NAME="(103) Modern Research Associates PLLC"    MNEMONIC="103"
ADDRESS="9101 N Central Expressway Suite 170 Dallas Texas 75205"
COUNTRY="UNITED STATES"
PHONE="12143612008"
ALTPHONE="1"
FAX="1"
TIMEZONE="(UTC-06:00) Central Time (US &#38; Canada)"
SITEDATEFORMAT="DAY_MONTH_YEAR"
STARTDATE="04/04/2016"
STUDYLOCALE="en-US"
SVAUTOSELECTRATE="100"
SVFIRSTNSUBJECTS="100"
/>


<SITE  NAME="(112) Brigham and Womens Hospital Department of Dermatology"    MNEMONIC="112"
ADDRESS="Dermatology 41 Ave Louis Pasteur Rm 319 Boston Massachusetts 02115"
COUNTRY="UNITED STATES"
PHONE="16172645943"
ALTPHONE="1"
FAX="1"
TIMEZONE="(UTC-05:00) Eastern Time (US &#38; Canada)"
SITEDATEFORMAT="DAY_MONTH_YEAR"
STARTDATE="04/04/2016"
STUDYLOCALE="en-US"
SVAUTOSELECTRATE="100"
SVFIRSTNSUBJECTS="100"
/>


<SITE  NAME="(108) South Bend Clinic LLP"    MNEMONIC="108"
ADDRESS="211 North Eddy Street South Bend Indiana 46617"
COUNTRY="UNITED STATES"
PHONE="15742046432"
ALTPHONE="1"
FAX="1"
TIMEZONE="(UTC-05:00) Eastern Time (US &#38; Canada)"
SITEDATEFORMAT="DAY_MONTH_YEAR"
STARTDATE="04/04/2016"
STUDYLOCALE="en-US"
SVAUTOSELECTRATE="100"
SVFIRSTNSUBJECTS="100"
/>


<SITE  NAME="(117) Olympian Clinical Research"    MNEMONIC="117"
ADDRESS="4238 W Kennedy Blvd Tampa Florida 33609"
COUNTRY="UNITED STATES"
PHONE="18138495566"
ALTPHONE="1"
FAX="1"
TIMEZONE="(UTC-05:00) Eastern Time (US &#38; Canada)"
SITEDATEFORMAT="DAY_MONTH_YEAR"
STARTDATE="04/04/2016"
STUDYLOCALE="en-US"
SVAUTOSELECTRATE="100"
SVFIRSTNSUBJECTS="100"
/>


<SITE  NAME="(115) Advanced Medical Research Inc"    MNEMONIC="115"
ADDRESS="875 Johnson Ferry Road Suite 180 Atlanta Georgia 30342"
COUNTRY="UNITED STATES"
PHONE="14049399220"
ALTPHONE="1"
FAX="1"
TIMEZONE="(UTC-05:00) Eastern Time (US &#38; Canada)"
SITEDATEFORMAT="DAY_MONTH_YEAR"
STARTDATE="04/04/2016"
STUDYLOCALE="en-US"
SVAUTOSELECTRATE="100"
SVFIRSTNSUBJECTS="100"
/>


<SITE  NAME="(107) Tufts Medical Center"    MNEMONIC="107"
ADDRESS="800 Washington Street 114 Boston Massachusetts 02111"
COUNTRY="UNITED STATES"
PHONE="16176364802"
ALTPHONE="1"
FAX="1"
TIMEZONE="(UTC-05:00) Eastern Time (US &#38; Canada)"
SITEDATEFORMAT="DAY_MONTH_YEAR"
STARTDATE="04/04/2016"
STUDYLOCALE="en-US"
SVAUTOSELECTRATE="100"
SVFIRSTNSUBJECTS="100"
/>


<SITE  NAME="(106) Dawes Fretzin Clinical Research Group LLC"    MNEMONIC="106"
ADDRESS="8103 Clearvista Parkway Suite 260 Indianapolis Indiana 46256"
COUNTRY="UNITED STATES"
PHONE="13176217731x123"
ALTPHONE="1"
FAX="1"
TIMEZONE="(UTC-05:00) Eastern Time (US &#38; Canada)"
SITEDATEFORMAT="DAY_MONTH_YEAR"
STARTDATE="04/04/2016"
STUDYLOCALE="en-US"
SVAUTOSELECTRATE="100"
SVFIRSTNSUBJECTS="100"
/>


<SITE  NAME="(105) Clinical Partners LLC"    MNEMONIC="105"
ADDRESS="1524 Atwood Ave Suite 330 Johnston Rhode Island 02919"
COUNTRY="UNITED STATES"
PHONE="14014543800"
ALTPHONE="1"
FAX="1"
TIMEZONE="(UTC-05:00) Eastern Time (US &#38; Canada)"
SITEDATEFORMAT="DAY_MONTH_YEAR"
STARTDATE="04/04/2016"
STUDYLOCALE="en-US"
SVAUTOSELECTRATE="100"
SVFIRSTNSUBJECTS="100"
/>


<SITE  NAME="(104) GCM Medical Group PSC"    MNEMONIC="104"
ADDRESS="1826 Fernandez Juncos San Juan Puerto Rico 00909"
COUNTRY="UNITED STATES"
PHONE="17877268396"
ALTPHONE="1"
FAX="1"
TIMEZONE="(UTC-04:00) Atlantic Time (Canada)"
SITEDATEFORMAT="DAY_MONTH_YEAR"
STARTDATE="04/04/2016"
STUDYLOCALE="en-US"
SVAUTOSELECTRATE="100"
SVFIRSTNSUBJECTS="100"
/>


</MEDMLDATA>