<?xml version="1.0"?>
<MEDMLDATA xmlns="PhaseForward-MedML-Inform4">


<REPORTINGGROUP
GROUPNAME="Ad Hoc Users"
GROUPDESCRIPTION="Users who have access to Ad Hoc Reporting">
<!-- Insert Users -->
<USERREF USERNAME="C212853"/>
<USERREF USERNAME="i1fmcrhbq_RE"/>
<USERREF USERNAME="C042267"/>
<USERREF USERNAME="rm90415"/>
<USERREF USERNAME="z2x9225"/>
</REPORTINGGROUP>

<QUERYGROUP
GROUPNAME="CDM_CRA Query"
GROUPDESCRIPTION="">
<!-- Insert Users -->
<USERREF USERNAME="autoquery"/>
<USERREF USERNAME="Z1X0698"/>
<USERREF USERNAME="C042267"/>
<USERREF USERNAME="Z2X5649"/>
<USERREF USERNAME="C225835"/>
<USERREF USERNAME="Z1X0694"/>
<USERREF USERNAME="Z2X1910"/>
<USERREF USERNAME="c224744"/>
<USERREF USERNAME="C177459"/>
<USERREF USERNAME="C212853"/>
<USERREF USERNAME="z1x1810"/>
<USERREF USERNAME="Z1X0689"/>
<USERREF USERNAME="Z3X0603"/>
<USERREF USERNAME="Z3X1553"/>
<USERREF USERNAME="z2x2090"/>
<USERREF USERNAME="Z1X1807"/>
<USERREF USERNAME="c213605"/>
<USERREF USERNAME="Z2X7246"/>
<USERREF USERNAME="c226977"/>
<USERREF USERNAME="c2131676"/>
<USERREF USERNAME="C218387"/>
<USERREF USERNAME="C230193"/>
<USERREF USERNAME="c230776"/>
<USERREF USERNAME="Z2X1970"/>
<USERREF USERNAME="Z1X1819"/>
<USERREF USERNAME="C229852"/>
<USERREF USERNAME="C229512"/>
<USERREF USERNAME="z2x9225"/>
<USERREF USERNAME="rm90415"/>
</QUERYGROUP>

<QUERYGROUP
GROUPNAME="Coding Query Group"
GROUPDESCRIPTION="">
<!-- Insert Users -->
<USERREF USERNAME="coder_query"/>
</QUERYGROUP>

<QUERYGROUP
GROUPNAME="GPS_Query"
GROUPDESCRIPTION="">
<!-- Insert Users -->
<USERREF USERNAME="rm87794"/>
<USERREF USERNAME="a511471"/>
<USERREF USERNAME="C218621"/>
<USERREF USERNAME="C223292"/>
<USERREF USERNAME="C068502"/>
<USERREF USERNAME="c074342"/>
<USERREF USERNAME="c149177"/>
<USERREF USERNAME="c131994"/>
<USERREF USERNAME="v6x8356"/>
<USERREF USERNAME="c025980"/>
<USERREF USERNAME="c137396"/>
<USERREF USERNAME="c075541"/>
<USERREF USERNAME="c074429"/>
<USERREF USERNAME="c026393"/>
<USERREF USERNAME="a608261"/>
<USERREF USERNAME="c143125"/>
<USERREF USERNAME="c135748"/>
<USERREF USERNAME="c149470"/>
<USERREF USERNAME="a803075"/>
<USERREF USERNAME="c083101"/>
<USERREF USERNAME="rm90029"/>
<USERREF USERNAME="c069132"/>
<USERREF USERNAME="c057362"/>
<USERREF USERNAME="c039825"/>
<USERREF USERNAME="c090108"/>
<USERREF USERNAME="c074090"/>
<USERREF USERNAME="c085302"/>
<USERREF USERNAME="c021984"/>
<USERREF USERNAME="rm35504"/>
<USERREF USERNAME="ye91098"/>
<USERREF USERNAME="c022433"/>
<USERREF USERNAME="c039863"/>
<USERREF USERNAME="c149176"/>
<USERREF USERNAME="a701824"/>
<USERREF USERNAME="c060736"/>
<USERREF USERNAME="c026390"/>
<USERREF USERNAME="rm80655"/>
<USERREF USERNAME="C199642"/>
<USERREF USERNAME="C199523"/>
<USERREF USERNAME="C196683"/>
<USERREF USERNAME="c003859"/>
<USERREF USERNAME="c079244"/>
<USERREF USERNAME="rm89018"/>
<USERREF USERNAME="c015393"/>
<USERREF USERNAME="c071673"/>
<USERREF USERNAME="v6x8058"/>
<USERREF USERNAME="c039853"/>
<USERREF USERNAME="c068505"/>
<USERREF USERNAME="c149066"/>
<USERREF USERNAME="a608760"/>
<USERREF USERNAME="c058698"/>
<USERREF USERNAME="u7x2510"/>
<USERREF USERNAME="yex7920"/>
<USERREF USERNAME="rm36132"/>
<USERREF USERNAME="c196248"/>
</QUERYGROUP>

<REPORTINGGROUP
GROUPNAME="Publishers"
GROUPDESCRIPTION="Users who can create folders and other content within the Public Folder space">
<!-- Insert Users -->
<USERREF USERNAME="C212853"/>
<USERREF USERNAME="i1fmcrhbq_RE"/>
<USERREF USERNAME="z2x9225"/>
<USERREF USERNAME="ZPFskonig"/>
<USERREF USERNAME="C042267"/>
<USERREF USERNAME="ZPFaflathers"/>
<USERREF USERNAME="ZPFkbarkoczi"/>
<USERREF USERNAME="rm90415"/>
</REPORTINGGROUP>

<REPORTINGGROUP
GROUPNAME="Report Administrators"
GROUPDESCRIPTION="Users who can administer authorized public content such as setting permissions on folders and reports">
<!-- Insert Users -->
<USERREF USERNAME="C212853"/>
<USERREF USERNAME="C042267"/>
<USERREF USERNAME="rm90415"/>
<USERREF USERNAME="z2x9225"/>
</REPORTINGGROUP>

<REPORTINGGROUP
GROUPNAME="Site Users"
GROUPDESCRIPTION="Site Users">
<!-- Insert Users -->
<USERREF USERNAME="JJanssens"/>
<USERREF USERNAME="MInklaar"/>
<USERREF USERNAME="mtjioe"/>
<USERREF USERNAME="sdekeyser"/>
<USERREF USERNAME="MKooijmans-Otero"/>
<USERREF USERNAME="PGhislain"/>
<USERREF USERNAME="jgutermuth"/>
<USERREF USERNAME="WSalmhofer"/>
<USERREF USERNAME="ERiedl"/>
<USERREF USERNAME="WdeKort"/>
<USERREF USERNAME="sleiner"/>
<USERREF USERNAME="rcrissey"/>
<USERREF USERNAME="kcarter"/>
<USERREF USERNAME="hnadeau"/>
<USERREF USERNAME="Wveldkamp"/>
<USERREF USERNAME="prosiere"/>
<USERREF USERNAME="ebulbulbaskan"/>
<USERREF USERNAME="jjanssens"/>
<USERREF USERNAME="jlambert"/>
<USERREF USERNAME="pvandekerkhof"/>
<USERREF USERNAME="sInaloz"/>
<USERREF USERNAME="hdigiulio"/>
<USERREF USERNAME="klong"/>
<USERREF USERNAME="Knguyen"/>
<USERREF USERNAME="HLapeere"/>
<USERREF USERNAME="PvandeKerkhof"/>
<USERREF USERNAME="Dmonteyne"/>
<USERREF USERNAME="SPoechlauer"/>
<USERREF USERNAME="CVleminckx"/>
<USERREF USERNAME="MPraszl-Posch"/>
<USERREF USERNAME="KSommer"/>
<USERREF USERNAME="CDekkers"/>
<USERREF USERNAME="psator"/>
<USERREF USERNAME="nonsun"/>
<USERREF USERNAME="dyalcindag"/>
<USERREF USERNAME="nmaes"/>
<USERREF USERNAME="Thilary"/>
<USERREF USERNAME="BAigner"/>
<USERREF USERNAME="ablauvelt"/>
<USERREF USERNAME="kcallisduffin"/>
<USERREF USERNAME="jcather"/>
<USERREF USERNAME="awallace"/>
<USERREF USERNAME="mvasoli"/>
<USERREF USERNAME="kkoliha"/>
<USERREF USERNAME="tlewis"/>
<USERREF USERNAME="yshin"/>
<USERREF USERNAME="cmartinez"/>
<USERREF USERNAME="bswasdibutra"/>
<USERREF USERNAME="iwhite"/>
<USERREF USERNAME="pyamauchi"/>
<USERREF USERNAME="kyokum"/>
<USERREF USERNAME="cmaari"/>
<USERREF USERNAME="kpapp"/>
<USERREF USERNAME="ypoulin"/>
<USERREF USERNAME="lspelman"/>
<USERREF USERNAME="jsullivan"/>
<USERREF USERNAME="pfoley"/>
<USERREF USERNAME="ssidhu"/>
<USERREF USERNAME="lwilson"/>
<USERREF USERNAME="aevans"/>
<USERREF USERNAME="sreed"/>
<USERREF USERNAME="lmiranda"/>
<USERREF USERNAME="cdigiulio"/>
<USERREF USERNAME="ndumont"/>
<USERREF USERNAME="jmerola"/>
<USERREF USERNAME="cryan"/>
<USERREF USERNAME="jsoung"/>
<USERREF USERNAME="jweisman"/>
<USERREF USERNAME="dustinova"/>
<USERREF USERNAME="mgiles"/>
<USERREF USERNAME="dsiegert"/>
<USERREF USERNAME="rtutparhar"/>
<USERREF USERNAME="aguenther"/>
<USERREF USERNAME="sjones"/>
<USERREF USERNAME="gcortesmaisonet"/>
<USERREF USERNAME="efrankel"/>
<USERREF USERNAME="sfretzin"/>
<USERREF USERNAME="agottlieb"/>
<USERREF USERNAME="hharris"/>
<USERREF USERNAME="pjenkin"/>
<USERREF USERNAME="elain"/>
<USERREF USERNAME="lalbrecht"/>
<USERREF USERNAME="lguenther"/>
<USERREF USERNAME="clynde"/>
<USERREF USERNAME="tszeto"/>
<USERREF USERNAME="mprovost"/>
<USERREF USERNAME="rwilson"/>
<USERREF USERNAME="hduperre"/>
<USERREF USERNAME="tholland"/>
<USERREF USERNAME="gsmith"/>
<USERREF USERNAME="sbuchanan"/>
<USERREF USERNAME="cmusolino"/>
</REPORTINGGROUP>

<REPORTINGGROUP
GROUPNAME="Sponsor Users"
GROUPDESCRIPTION="Sponsor Users">
<!-- Insert Users -->
<USERREF USERNAME="c079244"/>
<USERREF USERNAME="rm89018"/>
<USERREF USERNAME="c015393"/>
<USERREF USERNAME="c071673"/>
<USERREF USERNAME="v6x8058"/>
<USERREF USERNAME="c039853"/>
<USERREF USERNAME="c068505"/>
<USERREF USERNAME="c149066"/>
<USERREF USERNAME="a608760"/>
<USERREF USERNAME="c058698"/>
<USERREF USERNAME="u7x2510"/>
<USERREF USERNAME="yex7920"/>
<USERREF USERNAME="rm36132"/>
<USERREF USERNAME="a511471"/>
<USERREF USERNAME="coder_query"/>
<USERREF USERNAME="c218958"/>
<USERREF USERNAME="Z1X1819"/>
<USERREF USERNAME="C229852"/>
<USERREF USERNAME="C229512"/>
<USERREF USERNAME="i1fmcrhbq_RE"/>
<USERREF USERNAME="z2x9225"/>
<USERREF USERNAME="rm90415"/>
<USERREF USERNAME="va03850"/>
<USERREF USERNAME="C042267"/>
<USERREF USERNAME="rm87794"/>
<USERREF USERNAME="c196248"/>
<USERREF USERNAME="C218621"/>
<USERREF USERNAME="C223292"/>
<USERREF USERNAME="C068502"/>
<USERREF USERNAME="Z1X0698"/>
<USERREF USERNAME="Z2X5649"/>
<USERREF USERNAME="c074342"/>
<USERREF USERNAME="c149177"/>
<USERREF USERNAME="c131994"/>
<USERREF USERNAME="v6x8356"/>
<USERREF USERNAME="c025980"/>
<USERREF USERNAME="c137396"/>
<USERREF USERNAME="c075541"/>
<USERREF USERNAME="c074429"/>
<USERREF USERNAME="c026393"/>
<USERREF USERNAME="a608261"/>
<USERREF USERNAME="c143125"/>
<USERREF USERNAME="c135748"/>
<USERREF USERNAME="c149470"/>
<USERREF USERNAME="a803075"/>
<USERREF USERNAME="C225835"/>
<USERREF USERNAME="Z1X0694"/>
<USERREF USERNAME="Z2X1910"/>
<USERREF USERNAME="c224744"/>
<USERREF USERNAME="C177459"/>
<USERREF USERNAME="c212364"/>
<USERREF USERNAME="C212853"/>
<USERREF USERNAME="z1x1810"/>
<USERREF USERNAME="Z1X0689"/>
<USERREF USERNAME="Z3X0603"/>
<USERREF USERNAME="Z3X1553"/>
<USERREF USERNAME="z2x2090"/>
<USERREF USERNAME="Z1X1807"/>
<USERREF USERNAME="c213605"/>
<USERREF USERNAME="Z2X7246"/>
<USERREF USERNAME="c226977"/>
<USERREF USERNAME="c2131676"/>
<USERREF USERNAME="C218387"/>
<USERREF USERNAME="C230193"/>
<USERREF USERNAME="c230776"/>
<USERREF USERNAME="Z2X1970"/>
<USERREF USERNAME="c083101"/>
<USERREF USERNAME="rm90029"/>
<USERREF USERNAME="c069132"/>
<USERREF USERNAME="c057362"/>
<USERREF USERNAME="c039825"/>
<USERREF USERNAME="c090108"/>
<USERREF USERNAME="c074090"/>
<USERREF USERNAME="c085302"/>
<USERREF USERNAME="c021984"/>
<USERREF USERNAME="rm35504"/>
<USERREF USERNAME="ye91098"/>
<USERREF USERNAME="c022433"/>
<USERREF USERNAME="c039863"/>
<USERREF USERNAME="c149176"/>
<USERREF USERNAME="a701824"/>
<USERREF USERNAME="c060736"/>
<USERREF USERNAME="c026390"/>
<USERREF USERNAME="rm80655"/>
<USERREF USERNAME="C199642"/>
<USERREF USERNAME="C199523"/>
<USERREF USERNAME="C196683"/>
<USERREF USERNAME="c003859"/>
</REPORTINGGROUP>

<REPORTINGGROUP
GROUPNAME="User Admin Info Data Users"
GROUPDESCRIPTION="Users who have access to user data including password related data">
<!-- Insert Users -->
<USERREF USERNAME="c058698"/>
<USERREF USERNAME="u7x2510"/>
<USERREF USERNAME="yex7920"/>
<USERREF USERNAME="rm36132"/>
<USERREF USERNAME="a511471"/>
<USERREF USERNAME="Z1X1819"/>
<USERREF USERNAME="C229852"/>
<USERREF USERNAME="C229512"/>
<USERREF USERNAME="i1fmcrhbq_RE"/>
<USERREF USERNAME="z2x9225"/>
<USERREF USERNAME="rm90415"/>
<USERREF USERNAME="C042267"/>
<USERREF USERNAME="c149177"/>
<USERREF USERNAME="c131994"/>
<USERREF USERNAME="v6x8356"/>
<USERREF USERNAME="c025980"/>
<USERREF USERNAME="c137396"/>
<USERREF USERNAME="c075541"/>
<USERREF USERNAME="c074429"/>
<USERREF USERNAME="c026393"/>
<USERREF USERNAME="a608261"/>
<USERREF USERNAME="c143125"/>
<USERREF USERNAME="c135748"/>
<USERREF USERNAME="c149470"/>
<USERREF USERNAME="a803075"/>
<USERREF USERNAME="C225835"/>
<USERREF USERNAME="Z1X0694"/>
<USERREF USERNAME="Z2X1910"/>
<USERREF USERNAME="c224744"/>
<USERREF USERNAME="C177459"/>
<USERREF USERNAME="C212853"/>
<USERREF USERNAME="z1x1810"/>
<USERREF USERNAME="Z1X0689"/>
<USERREF USERNAME="Z3X0603"/>
<USERREF USERNAME="Z3X1553"/>
<USERREF USERNAME="z2x2090"/>
<USERREF USERNAME="Z1X1807"/>
<USERREF USERNAME="c213605"/>
<USERREF USERNAME="Z2X7246"/>
<USERREF USERNAME="c226977"/>
<USERREF USERNAME="c2131676"/>
<USERREF USERNAME="C218387"/>
<USERREF USERNAME="C230193"/>
<USERREF USERNAME="c230776"/>
<USERREF USERNAME="Z2X1970"/>
<USERREF USERNAME="c083101"/>
<USERREF USERNAME="rm90029"/>
<USERREF USERNAME="c069132"/>
<USERREF USERNAME="c057362"/>
<USERREF USERNAME="c039825"/>
<USERREF USERNAME="c090108"/>
<USERREF USERNAME="c074090"/>
<USERREF USERNAME="c085302"/>
<USERREF USERNAME="c021984"/>
<USERREF USERNAME="rm35504"/>
<USERREF USERNAME="ye91098"/>
<USERREF USERNAME="c022433"/>
<USERREF USERNAME="c039863"/>
<USERREF USERNAME="c149176"/>
<USERREF USERNAME="a701824"/>
<USERREF USERNAME="c060736"/>
<USERREF USERNAME="c026390"/>
<USERREF USERNAME="rm80655"/>
<USERREF USERNAME="C199642"/>
<USERREF USERNAME="C199523"/>
<USERREF USERNAME="C196683"/>
<USERREF USERNAME="c003859"/>
<USERREF USERNAME="c079244"/>
<USERREF USERNAME="rm89018"/>
<USERREF USERNAME="c015393"/>
<USERREF USERNAME="c071673"/>
<USERREF USERNAME="v6x8058"/>
<USERREF USERNAME="c039853"/>
<USERREF USERNAME="c068505"/>
<USERREF USERNAME="c149066"/>
<USERREF USERNAME="a608760"/>
<USERREF USERNAME="rm87794"/>
<USERREF USERNAME="c196248"/>
<USERREF USERNAME="C218621"/>
<USERREF USERNAME="C223292"/>
<USERREF USERNAME="C068502"/>
<USERREF USERNAME="Z1X0698"/>
<USERREF USERNAME="Z2X5649"/>
<USERREF USERNAME="c074342"/>
</REPORTINGGROUP>

<REPORTINGGROUP
GROUPNAME="User Info Data Users"
GROUPDESCRIPTION="Users who have access to user data except password related data">
<!-- Insert Users -->
<USERREF USERNAME="rm87794"/>
<USERREF USERNAME="c218958"/>
<USERREF USERNAME="C218621"/>
<USERREF USERNAME="C223292"/>
<USERREF USERNAME="C068502"/>
<USERREF USERNAME="c074342"/>
<USERREF USERNAME="c149177"/>
<USERREF USERNAME="c131994"/>
<USERREF USERNAME="v6x8356"/>
<USERREF USERNAME="c025980"/>
<USERREF USERNAME="c137396"/>
<USERREF USERNAME="c075541"/>
<USERREF USERNAME="c074429"/>
<USERREF USERNAME="c026393"/>
<USERREF USERNAME="a608261"/>
<USERREF USERNAME="c143125"/>
<USERREF USERNAME="c135748"/>
<USERREF USERNAME="c149470"/>
<USERREF USERNAME="a803075"/>
<USERREF USERNAME="c083101"/>
<USERREF USERNAME="rm90029"/>
<USERREF USERNAME="c069132"/>
<USERREF USERNAME="c057362"/>
<USERREF USERNAME="c039825"/>
<USERREF USERNAME="c090108"/>
<USERREF USERNAME="c074090"/>
<USERREF USERNAME="c085302"/>
<USERREF USERNAME="c021984"/>
<USERREF USERNAME="rm35504"/>
<USERREF USERNAME="ye91098"/>
<USERREF USERNAME="c022433"/>
<USERREF USERNAME="c039863"/>
<USERREF USERNAME="c149176"/>
<USERREF USERNAME="a701824"/>
<USERREF USERNAME="c060736"/>
<USERREF USERNAME="c026390"/>
<USERREF USERNAME="rm80655"/>
<USERREF USERNAME="C199642"/>
<USERREF USERNAME="C199523"/>
<USERREF USERNAME="C196683"/>
<USERREF USERNAME="c003859"/>
<USERREF USERNAME="c079244"/>
<USERREF USERNAME="rm89018"/>
<USERREF USERNAME="c015393"/>
<USERREF USERNAME="c071673"/>
<USERREF USERNAME="v6x8058"/>
<USERREF USERNAME="c039853"/>
<USERREF USERNAME="c068505"/>
<USERREF USERNAME="c149066"/>
<USERREF USERNAME="a608760"/>
<USERREF USERNAME="c058698"/>
<USERREF USERNAME="u7x2510"/>
<USERREF USERNAME="yex7920"/>
<USERREF USERNAME="rm36132"/>
<USERREF USERNAME="a511471"/>
<USERREF USERNAME="c196248"/>
</REPORTINGGROUP>

</MEDMLDATA>