<?xml version="1.0"?>
<MEDMLDATA xmlns="PhaseForward-MedML-Inform4">

<ITEMGROUP 
GROUPNAME="Adjudicator_Editable"
GROUPDESCRIPTION="Items editable for Adjudicator.">
 <!-- Insert ItemRef Names -->
<ITEMREF REFNAME="AEGRPID_RELREC_AJARRF1"/>
<ITEMREF REFNAME="REVR2_AJREVF1"/>
<ITEMREF REFNAME="AEGRPID_RELREC_AJCGS_F1"/>
<ITEMREF REFNAME="AEGRPID_RELREC_AJCIE_F1"/>
<ITEMREF REFNAME="AEGRPID_RELREC_AJCRV_F1"/>
<ITEMREF REFNAME="AEGRPID_RELREC_AJDTHF1"/>
<ITEMREF REFNAME="AEGRPID_RELREC_AJHSPHFF1"/>
<ITEMREF REFNAME="AEGRPID_RELREC_AJHTNF1"/>
<ITEMREF REFNAME="AEGRPID_RELREC_AJPAREVF1"/>
<ITEMREF REFNAME="AEGRPID_RELREC_AJREVF1"/>
<ITEMREF REFNAME="AEGRPID_RELREC_AJRSSDF1"/>
<ITEMREF REFNAME="ARRR_CMPD_AJARRF1"/>
<ITEMREF REFNAME="CECAJASM_AJARRF1"/>
<ITEMREF REFNAME="CECAJASM_AJCEV_F1"/>
<ITEMREF REFNAME="CECAJASM_AJCGS_F1"/>
<ITEMREF REFNAME="CECAJASM_AJCIE_F1"/>
<ITEMREF REFNAME="CECAJASM_AJCRV_F1"/>
<ITEMREF REFNAME="CECAJASM_AJHSPHFF1"/>
<ITEMREF REFNAME="CECAJASM_AJHTNF1"/>
<ITEMREF REFNAME="CECAJASM_AJPAREVF1"/>
<ITEMREF REFNAME="CECAJASM_AJREVF1"/>
<ITEMREF REFNAME="CECAJASM_AJRSSDF1"/>
<ITEMREF REFNAME="CGSR3_AJCGS2001_F1"/>
<ITEMREF REFNAME="CRVR2_AJCRV_F1"/>
<ITEMREF REFNAME="CRVR5_AJCRV_F1"/>
<ITEMREF REFNAME="CRVR6_AJCRV_F1"/>
<ITEMREF REFNAME="DTHTP_AJDTHF1"/>
<ITEMREF REFNAME="EPAEDAT_AJARRF1"/>
<ITEMREF REFNAME="EPAEDAT_AJCEV_F1"/>
<ITEMREF REFNAME="EPAEDAT_AJCGS_F1"/>
<ITEMREF REFNAME="EPAEDAT_AJCIE_F1"/>
<ITEMREF REFNAME="EPAEDAT_AJCRV_F1"/>
<ITEMREF REFNAME="EPAEDAT_AJDTHF1"/>
<ITEMREF REFNAME="EPAEDAT_AJHSPHFF1"/>
<ITEMREF REFNAME="EPAEDAT_AJHTNF1"/>
<ITEMREF REFNAME="EPAEDAT_AJPAREVF1"/>
<ITEMREF REFNAME="EPAEDAT_AJREVF1"/>
<ITEMREF REFNAME="EPAEDAT_AJRSSDF1"/>
<ITEMREF REFNAME="EVDTAGMT_AJARRF1"/>
<ITEMREF REFNAME="EVDTAGMT_AJCEV_F1"/>
<ITEMREF REFNAME="EVDTAGMT_AJCGS_F1"/>
<ITEMREF REFNAME="EVDTAGMT_AJCIE_F1"/>
<ITEMREF REFNAME="EVDTAGMT_AJCRV_F1"/>
<ITEMREF REFNAME="EVDTAGMT_AJDTHF1"/>
<ITEMREF REFNAME="EVDTAGMT_AJHSPHFF1"/>
<ITEMREF REFNAME="EVDTAGMT_AJHTNF1"/>
<ITEMREF REFNAME="EVDTAGMT_AJPAREVF1"/>
<ITEMREF REFNAME="EVDTAGMT_AJREVF1"/>
<ITEMREF REFNAME="EVDTAGMT_AJRSSDF1"/>
<ITEMREF REFNAME="AEGRPID_RELREC_AJCEV_F1"/>

</ITEMGROUP>

<ITEMGROUP 
GROUPNAME="Adjudicator_Hidden"
GROUPDESCRIPTION="Items hidden from the Adjudicator not in other item groups.">
 <!-- Insert ItemRef Names -->
<ITEMREF REFNAME="WEIGHTU_VS1C4F1"/>
<ITEMREF REFNAME="WSTCIRU_VS1C2F1"/>
<ITEMREF REFNAME="WSTCIRU_VS1C3F1"/>
<ITEMREF REFNAME="igAE3001b_F1_S2"/>
<ITEMREF REFNAME="igCM1001_F1_S2"/>
<ITEMREF REFNAME="igCM1001_F2_S2"/>
<ITEMREF REFNAME="igCM2001_C1F1_S2"/>
<ITEMREF REFNAME="igCM2001_F1_S2"/>
<ITEMREF REFNAME="igMH7001_F1_S2"/>
<ITEMREF REFNAME="igSAE2001_F1_S2"/>
<ITEMREF REFNAME="igSAE2001_F1_S3"/>
<ITEMREF REFNAME="igSAE2001_F1_S4"/>
<ITEMREF REFNAME="igSAE2001_F1_S5"/>
<ITEMREF REFNAME="igSAE2001_F1_S6"/>
<ITEMREF REFNAME="FASPID_AHRFUF1"/>
<ITEMREF REFNAME="AEGRPID_RELREC_AHRFUF1"/>
<ITEMREF REFNAME="ECREFID_EC1F1"/>
<ITEMREF REFNAME="SAELBORNRHI_SAE2F1"/>
<ITEMREF REFNAME="SAELBORNRLO_SAE2F1"/>
<ITEMREF REFNAME="SAELBORRESU_SAE2F1"/>
<ITEMREF REFNAME="SAELBORRES_SAE2F1"/>
<ITEMREF REFNAME="SAELBTEST_SAE2F1"/>
<ITEMREF REFNAME="SAELBTIM_SAE2F1"/>
<ITEMREF REFNAME="SAEOUT_SAE2F1"/>
<ITEMREF REFNAME="SAERELEXTRT1_CMPD_SAE2F1"/>
<ITEMREF REFNAME="SAERELEXTRT2_CMPD_SAE2F1"/>
<ITEMREF REFNAME="SAERELPRC_SAE2F1"/>
<ITEMREF REFNAME="SAESDTH_SAE2F1"/>
<ITEMREF REFNAME="SAESHOSP_SAE2F1"/>
<ITEMREF REFNAME="SAESPID_SAE2F1S2"/>
<ITEMREF REFNAME="SAESPID_SAE2F1S3"/>
<ITEMREF REFNAME="SAESPID_SAE2F1S4"/>
<ITEMREF REFNAME="SAESPID_SAE2F1S5"/>
<ITEMREF REFNAME="SAESPID_SAE2F1S6"/>
<ITEMREF REFNAME="SAESTDAT_SAE2F1"/>
<ITEMREF REFNAME="SAETERM_SAE2F1"/>
<ITEMREF REFNAME="SBPERF_EPCIE_F1"/>
<ITEMREF REFNAME="SCR_SYS_F1"/>
<ITEMREF REFNAME="SEX_DM1001_F1"/>
<ITEMREF REFNAME="SFUQEVTFLG_SFUQ3F1"/>
<ITEMREF REFNAME="SFUQRES10MD_SFUQ3F1"/>
<ITEMREF REFNAME="SFUQRES11_CMPD_SFUQ3F1"/>
<ITEMREF REFNAME="SFUQRES12_SFUQ3F1"/>
<ITEMREF REFNAME="SFUQRES1_SFUQ3F2"/>
<ITEMREF REFNAME="SFUQRES2_SFUQ3F1"/>
<ITEMREF REFNAME="SFUQRES3_SFUQ3F1"/>
<ITEMREF REFNAME="SFUQRES4_SFUQ3F1"/>
<ITEMREF REFNAME="SFUQRES5MD_SFUQ3F1"/>
<ITEMREF REFNAME="SFUQRES6MD_SFUQ3F1"/>
<ITEMREF REFNAME="SFUQRES7MD_SFUQ3F1"/>
<ITEMREF REFNAME="SFUQRES8MD_SFUQ3F1"/>
<ITEMREF REFNAME="SFUQRES9MD_SFUQ3F1"/>
<ITEMREF REFNAME="SPGAGRES1_SPGAG1F1"/>
<ITEMREF REFNAME="SPGAPERF_SPGA2F1"/>
<ITEMREF REFNAME="SPGARES1_SPGA2F1"/>
<ITEMREF REFNAME="SROBJ_SR1LB9F1"/>
<ITEMREF REFNAME="SRPERF_SR1LB9F1"/>
<ITEMREF REFNAME="STATUS_STATUS_F2"/>
<ITEMREF REFNAME="STATUS_STATUS_F3"/>
<ITEMREF REFNAME="STATUS_STATUS_F4"/>
<ITEMREF REFNAME="STATUS_STATUS_F5"/>
<ITEMREF REFNAME="STATUS_STATUS_F6"/>
<ITEMREF REFNAME="STATUS_STATUS_F7"/>
<ITEMREF REFNAME="STAT_V1_STATGUT_F1"/>
<ITEMREF REFNAME="SUBJID"/>
<ITEMREF REFNAME="SUBJINIT_SYS_F1"/>
<ITEMREF REFNAME="SUNCF_ALCOHOL_SU1F1"/>
<ITEMREF REFNAME="SUNCF_CAFFEINE_SU2F1"/>
<ITEMREF REFNAME="SUNCF_TOBACCO_SU3F1"/>
<ITEMREF REFNAME="SUNCF_TOBACCO_SU3F2"/>
<ITEMREF REFNAME="TEMP_CMPD_TPT1_VS1C2F1"/>
<ITEMREF REFNAME="TEMP_CMPD_TPT2_VS1C2F1"/>
<ITEMREF REFNAME="VAC_CMPD_EPTBHX2F1"/>
<ITEMREF REFNAME="VISDAT"/>
<ITEMREF REFNAME="VISITNUM_SV1F5"/>
<ITEMREF REFNAME="VSTIM_TPT1_VS1C2F1"/>
<ITEMREF REFNAME="VSTIM_TPT1_VS1C4F1"/>
<ITEMREF REFNAME="VSTIM_TPT2_VS1C2F1"/>
<ITEMREF REFNAME="VSTIM_TPT2_VS1C4F1"/>
<ITEMREF REFNAME="WEIGHTU_VS1C2F1"/>
<ITEMREF REFNAME="WEIGHTU_VS1C3F1"/>
<ITEMREF REFNAME="PASIRES1_PASI2F1S4"/>
<ITEMREF REFNAME="PASIRES1_PASI2F1S5"/>
<ITEMREF REFNAME="PASIRES2_PASI2F1S2"/>
<ITEMREF REFNAME="PASIRES2_PASI2F1S3"/>
<ITEMREF REFNAME="PASIRES2_PASI2F1S4"/>
<ITEMREF REFNAME="PASIRES2_PASI2F1S5"/>
<ITEMREF REFNAME="PASIRES3_PASI2F1S2"/>
<ITEMREF REFNAME="PASIRES3_PASI2F1S3"/>
<ITEMREF REFNAME="PASIRES3_PASI2F1S4"/>
<ITEMREF REFNAME="PASIRES3_PASI2F1S5"/>
<ITEMREF REFNAME="PASIRES4_PASI2F1S2"/>
<ITEMREF REFNAME="PASIRES4_PASI2F1S3"/>
<ITEMREF REFNAME="PASIRES4_PASI2F1S4"/>
<ITEMREF REFNAME="PASIRES4_PASI2F1S5"/>
<ITEMREF REFNAME="PROCCUR_ABCT_IBD1SG1XP1F1"/>
<ITEMREF REFNAME="PROCCUR_EL_IBD1SG1XP1F1"/>
<ITEMREF REFNAME="PROCCUR_ENDOS_IBD1F1"/>
<ITEMREF REFNAME="PROCCUR_HIST_IBD1SG1XP1F1"/>
<ITEMREF REFNAME="PROCCUR_IR_IBD1SG1XP1F1"/>
<ITEMREF REFNAME="PROCCUR_MRE_IBD1SG1XP1F1"/>
<ITEMREF REFNAME="PROCCUR_OTH_IBD1SG1XP1F1"/>
<ITEMREF REFNAME="PROCCUR_PELVICMRI_IBD1F1"/>
<ITEMREF REFNAME="PRVSUBJSFFLG_CIVF1"/>
<ITEMREF REFNAME="PULSEU_TPT1_VS1C2F1"/>
<ITEMREF REFNAME="PULSEU_TPT1_VS1C3F1"/>
<ITEMREF REFNAME="PULSEU_TPT1_VS1C4F1"/>
<ITEMREF REFNAME="PULSEU_TPT1_VS1F1"/>
<ITEMREF REFNAME="PULSEU_TPT2_VS1C2F1"/>
<ITEMREF REFNAME="PULSEU_TPT2_VS1C4F1"/>
<ITEMREF REFNAME="QSEVALID_SPGA2F1"/>
<ITEMREF REFNAME="QSEVALID_SPGAG1F1"/>
<ITEMREF REFNAME="QSEVALIN_PASI2F1"/>
<ITEMREF REFNAME="QSEVALIN_PASIG1F1"/>
<ITEMREF REFNAME="RACE_CMPD_DM1001_F1"/>
<ITEMREF REFNAME="RANDTRG_RANDTRIGF1"/>
<ITEMREF REFNAME="RECURYN_SP2_SAE2F1"/>
<ITEMREF REFNAME="RECURYN_SP3_SAE2F1"/>
<ITEMREF REFNAME="REVR1_EPREV2F1"/>
<ITEMREF REFNAME="REVR2_EPREV2F1"/>
<ITEMREF REFNAME="RSSDR1_CMPD_EPRSSD2F1"/>
<ITEMREF REFNAME="RSSDR2_CMPD_EPRSSD2F1"/>
<ITEMREF REFNAME="RSSDR3_EPRSSD2F1"/>
<ITEMREF REFNAME="SAEAEACN_SAE2F1S3"/>
<ITEMREF REFNAME="SAEAEACN_SP3_SAE2F1S3"/>
<ITEMREF REFNAME="SAEAESCONG_SAE2F1"/>
<ITEMREF REFNAME="SAEAESDISAB_SAE2F1"/>
<ITEMREF REFNAME="SAEAESLIFE_SAE2F1"/>
<ITEMREF REFNAME="SAEAESMIE_SAE2F1"/>
<ITEMREF REFNAME="SAEASMDAT_SAE2F1"/>
<ITEMREF REFNAME="SAECONDITION_SAE2F1"/>
<ITEMREF REFNAME="SAEEXDOSDAT_SAE2F1"/>
<ITEMREF REFNAME="SAEEXDOSE_SAE2F1"/>
<ITEMREF REFNAME="SAEEXDOSFRQ_SAE2F1"/>
<ITEMREF REFNAME="SAEEXENDATP2_SAE2F1"/>
<ITEMREF REFNAME="SAEEXENDATP3_SAE2F1"/>
<ITEMREF REFNAME="SAEEXROUTE_SAE2F1"/>
<ITEMREF REFNAME="SAEEXSTDATP2_SAE2F1"/>
<ITEMREF REFNAME="SAEEXSTDATP3_SAE2F1"/>
<ITEMREF REFNAME="SAEEXTRT_SAE2F1"/>
<ITEMREF REFNAME="SAEFUASMDAT_SAE2F1"/>
<ITEMREF REFNAME="SAEGRPID_SAE2F1S1"/>
<ITEMREF REFNAME="SAEGRPID_SAE2F1S2"/>
<ITEMREF REFNAME="SAEGRPID_SAE2F1S4"/>
<ITEMREF REFNAME="SAELBDAT_SAE2F1"/>
<ITEMREF REFNAME="ISRRES12_ISR1F1"/>
<ITEMREF REFNAME="ISRRES13_ISR1F1"/>
<ITEMREF REFNAME="ISRRES14_ISR1F1"/>
<ITEMREF REFNAME="ISRRES1_ISR1F1"/>
<ITEMREF REFNAME="ISRRES2_ISR1F1"/>
<ITEMREF REFNAME="LBRESMD_A01_IBD1LB9"/>
<ITEMREF REFNAME="LBRESMD_A02_IBD1LB9"/>
<ITEMREF REFNAME="LBRESMD_A10_IBD1LB9"/>
<ITEMREF REFNAME="LBRESMD_J25_IBD1LB9"/>
<ITEMREF REFNAME="LBRESMD_JS5_SR1LB9F1"/>
<ITEMREF REFNAME="LBRESMD_JS6_SR1LB9F1"/>
<ITEMREF REFNAME="LBRESMD_JT9_IBD1LB9"/>
<ITEMREF REFNAME="LBRESMD_JU0_IBD1LB9"/>
<ITEMREF REFNAME="LBRESMD_JY2_IBD1LB9"/>
<ITEMREF REFNAME="LBRESMD_JY3_IBD1LB9"/>
<ITEMREF REFNAME="LBRESMD_JY4_IBD1LB9"/>
<ITEMREF REFNAME="LBRESMD_R08_IBD1LB9"/>
<ITEMREF REFNAME="LBRESMD_R24_IBD1LB9"/>
<ITEMREF REFNAME="LBRESMD_S01_IBD1LB9"/>
<ITEMREF REFNAME="LBRESMD_S24_IBD1LB9"/>
<ITEMREF REFNAME="LBSPID_IBD1LB9"/>
<ITEMREF REFNAME="MHDXDAT_MHPR1F2"/>
<ITEMREF REFNAME="MHOCCUR_CAD_MHPR1"/>
<ITEMREF REFNAME="MHOCCUR_CD_MHPR1"/>
<ITEMREF REFNAME="MHOCCUR_DM1_MHPR1"/>
<ITEMREF REFNAME="MHOCCUR_DM2I_MHPR1"/>
<ITEMREF REFNAME="MHOCCUR_DM2N_MHPR1"/>
<ITEMREF REFNAME="MHOCCUR_DYS_MHPR1"/>
<ITEMREF REFNAME="MHOCCUR_HYP_MHPR1"/>
<ITEMREF REFNAME="MHOCCUR_MHPRESP_F3"/>
<ITEMREF REFNAME="MHOCCUR_PSO_MHPR1"/>
<ITEMREF REFNAME="MHOCCUR_STK_MHPR1"/>
<ITEMREF REFNAME="MHOCCUR_UC_MHPR1"/>
<ITEMREF REFNAME="MHONGO_MH7001_F1"/>
<ITEMREF REFNAME="MHSPID_CAD_MHPR1S1"/>
<ITEMREF REFNAME="MHSPID_CD_MHPR1S1"/>
<ITEMREF REFNAME="MHSPID_DM1_MHPR1S1"/>
<ITEMREF REFNAME="MHSPID_DM2I_MHPR1S1"/>
<ITEMREF REFNAME="MHSPID_DM2N_MHPR1S1"/>
<ITEMREF REFNAME="MHSPID_DYS_MHPR1S1"/>
<ITEMREF REFNAME="MHSPID_HYP_MHPR1S1"/>
<ITEMREF REFNAME="MHSPID_MH7001_F1"/>
<ITEMREF REFNAME="MHSPID_PSO_MHPR1S1"/>
<ITEMREF REFNAME="MHSPID_STK_MHPR1S1"/>
<ITEMREF REFNAME="MHSPID_UC_MHPR1S1"/>
<ITEMREF REFNAME="MHSTDAT_MH7001_F1"/>
<ITEMREF REFNAME="MHSTDAT_MHPR1C1F2"/>
<ITEMREF REFNAME="MHSTDAT_MHPR1F2"/>
<ITEMREF REFNAME="MHTERM_MH7001_F1"/>
<ITEMREF REFNAME="MHYN_MH7001_F1"/>
<ITEMREF REFNAME="PAREVRES1_EPPAREV2F1"/>
<ITEMREF REFNAME="PAREVRES2_EPPAREV2F1"/>
<ITEMREF REFNAME="PAREVRES3_CMPD_EPPAREV2F1"/>
<ITEMREF REFNAME="PAREVRES4_EPPAREV2F1"/>
<ITEMREF REFNAME="PASICOLLTS_PASI2F1"/>
<ITEMREF REFNAME="PASIGCOLLTS_PASIG1F1"/>
<ITEMREF REFNAME="PASIGRES1_PASIG1F1"/>
<ITEMREF REFNAME="PASIGRES2_PASIG1F1"/>
<ITEMREF REFNAME="PASIGRES3_PASIG1F1"/>
<ITEMREF REFNAME="PASIGRES4_PASIG1F1"/>
<ITEMREF REFNAME="PASIPCTBSAPSOR_PASI2F1"/>
<ITEMREF REFNAME="PASIPERF_PASI2F1"/>
<ITEMREF REFNAME="PASIRES1_PASI2F1S2"/>
<ITEMREF REFNAME="PASIRES1_PASI2F1S3"/>
<ITEMREF REFNAME="ECSTDAT_EC1F1"/>
<ITEMREF REFNAME="ECSTTIM_EC1F1"/>
<ITEMREF REFNAME="ECTPT_EC1F1"/>
<ITEMREF REFNAME="ECTRTPVR_EC1F1"/>
<ITEMREF REFNAME="EGPERFCIE_EPCIE_F1"/>
<ITEMREF REFNAME="ENDPT_CMPD_ENDPTRIG_F1"/>
<ITEMREF REFNAME="EPAEDAT_EPARR2F1"/>
<ITEMREF REFNAME="EPAEDAT_EPCEV_F1"/>
<ITEMREF REFNAME="EPAEDAT_EPCGS2F1"/>
<ITEMREF REFNAME="EPAEDAT_EPCIE_F1"/>
<ITEMREF REFNAME="EPAEDAT_EPCRVF1"/>
<ITEMREF REFNAME="EPAEDAT_EPDTHF1"/>
<ITEMREF REFNAME="EPAEDAT_EPHSPHF_F1"/>
<ITEMREF REFNAME="EPAEDAT_EPHTN2F1"/>
<ITEMREF REFNAME="EPAEDAT_EPPAREV2F1"/>
<ITEMREF REFNAME="EPAEDAT_EPREV2F1"/>
<ITEMREF REFNAME="EPAEDAT_EPRSSD2F1"/>
<ITEMREF REFNAME="EPDTHRES10_EPDTHF1"/>
<ITEMREF REFNAME="EPDTHRES11_EPDTHF1"/>
<ITEMREF REFNAME="EPDTHRES5_EPDTHF1"/>
<ITEMREF REFNAME="EPTBHXR2_EPTBHX2F1"/>
<ITEMREF REFNAME="EPTBHXR3_CMPD_EPTBHX2F1"/>
<ITEMREF REFNAME="EPTBHXR4_EPTBHX2F1"/>
<ITEMREF REFNAME="EPTBHXR6_EPTBHX2F1"/>
<ITEMREF REFNAME="EPTBHXR7_EPTBHX2F1"/>
<ITEMREF REFNAME="ETHNIC_DM1001_F1"/>
<ITEMREF REFNAME="FASPID_EPARR2F1"/>
<ITEMREF REFNAME="FASPID_EPCEV_F1"/>
<ITEMREF REFNAME="FASPID_EPCGS2F1"/>
<ITEMREF REFNAME="FASPID_EPCIE_F1"/>
<ITEMREF REFNAME="FASPID_EPCRVF1"/>
<ITEMREF REFNAME="FASPID_EPHSPHF_F1"/>
<ITEMREF REFNAME="FASPID_EPHTN2F1"/>
<ITEMREF REFNAME="FASPID_EPPAREV2F1"/>
<ITEMREF REFNAME="FASPID_EPREV2F1"/>
<ITEMREF REFNAME="FASPID_EPRSSD2F1"/>
<ITEMREF REFNAME="FASPID_IBD1SG1XP1F1"/>
<ITEMREF REFNAME="FASPID_INFC2F1"/>
<ITEMREF REFNAME="FASPID_ISR1F1"/>
<ITEMREF REFNAME="FASPID_SFUQ3F1"/>
<ITEMREF REFNAME="FSTARES12_FSTA1F1"/>
<ITEMREF REFNAME="HEIGHTU_VS1C2F1"/>
<ITEMREF REFNAME="HSPHFR1_CMPD_EPHSPHF_F1"/>
<ITEMREF REFNAME="HSPHFR8_EPHSPHF_F1"/>
<ITEMREF REFNAME="HTNR1_EPHTN2F1"/>
<ITEMREF REFNAME="HTNR2_CMPD_EPHTN2F1"/>
<ITEMREF REFNAME="HTNR3_EPHTN2F1"/>
<ITEMREF REFNAME="IBDR2_IBD1SG1XP1F1"/>
<ITEMREF REFNAME="IBDR3LOC_CMPD_IBD1F1"/>
<ITEMREF REFNAME="IBDR3MTHD_CMPD_IBD1F1"/>
<ITEMREF REFNAME="IBDR3_IBD1SG1XP1F1"/>
<ITEMREF REFNAME="IBDR4_IBD1SG1XP1F1"/>
<ITEMREF REFNAME="IBDR_CMPD_IBD1F1"/>
<ITEMREF REFNAME="ICADDTRIG_TRIGICADDF1"/>
<ITEMREF REFNAME="INFCLOC_INFC"/>
<ITEMREF REFNAME="INFCPTP_INFC2F1"/>
<ITEMREF REFNAME="INFCR2_INFC2F1"/>
<ITEMREF REFNAME="INFCR6_INFC2F1"/>
<ITEMREF REFNAME="INFCR7_INFC2F1"/>
<ITEMREF REFNAME="INFCR8_INFC2F1"/>
<ITEMREF REFNAME="INFCSLOCMD_INFC2F1"/>
<ITEMREF REFNAME="INFCSTP_INFC2F1"/>
<ITEMREF REFNAME="ISRLOC_ISR1F1"/>
<ITEMREF REFNAME="ISRRES11_ISR1F1"/>
<ITEMREF REFNAME="CMYN_CM2001_F1"/>
<ITEMREF REFNAME="CRVR1_EPCRVF1"/>
<ITEMREF REFNAME="CRVR2_EPCRVF1"/>
<ITEMREF REFNAME="CRVR5_EPCRVF1"/>
<ITEMREF REFNAME="CRVR7_EPCRVF1"/>
<ITEMREF REFNAME="CRVR8_EPCRVF1"/>
<ITEMREF REFNAME="CSS0201_CSS2001_F1"/>
<ITEMREF REFNAME="CSS0202_CSS2001_F1"/>
<ITEMREF REFNAME="CSS0203_CSS2001_F1"/>
<ITEMREF REFNAME="CSS0204_CSS2001_F1"/>
<ITEMREF REFNAME="CSS0205_CSS2001_F1"/>
<ITEMREF REFNAME="CSS0206_CMPD_CSS2001_F1"/>
<ITEMREF REFNAME="CSS0207_CSS2001_F1"/>
<ITEMREF REFNAME="CSS0208_CSS2001_F1"/>
<ITEMREF REFNAME="CSS0209_CSS2001_F1"/>
<ITEMREF REFNAME="CSS0210_CSS2001_F1"/>
<ITEMREF REFNAME="CSS0211_CSS2001_F1"/>
<ITEMREF REFNAME="CSS0212_CSS2001_F1"/>
<ITEMREF REFNAME="CSS0214_CSS2001_F1"/>
<ITEMREF REFNAME="CSS0215_CSS2001_F1"/>
<ITEMREF REFNAME="CSS0217_CSS2001_F1"/>
<ITEMREF REFNAME="CSS0219_CSS2001_F1"/>
<ITEMREF REFNAME="CSS0220_CSS2001_F1"/>
<ITEMREF REFNAME="CSS0221_CSS2001_F1"/>
<ITEMREF REFNAME="CSS0222_CMPD_CSS2001_F1"/>
<ITEMREF REFNAME="CSS04010_CMPD_CSS4F1"/>
<ITEMREF REFNAME="CSS0401_CMPD_CSS4F1"/>
<ITEMREF REFNAME="CSS0402_CMPD_CSS4F1"/>
<ITEMREF REFNAME="CSS0403_CMPD_CSS4F1"/>
<ITEMREF REFNAME="CSS0404_CMPD_CSS4F1"/>
<ITEMREF REFNAME="CSS0405_CMPD_CSS4F1"/>
<ITEMREF REFNAME="CSS0406A_CSS4F1"/>
<ITEMREF REFNAME="CSS0406C_CSS4F1"/>
<ITEMREF REFNAME="CSS0407_CMPD_CSS4F1"/>
<ITEMREF REFNAME="CSS0408_CMPD_CSS4F1"/>
<ITEMREF REFNAME="CSS0409_CMPD_CSS4F1"/>
<ITEMREF REFNAME="CSS0411_CMPD_CSS4F1"/>
<ITEMREF REFNAME="CSS0412_CMPD_CSS4F1"/>
<ITEMREF REFNAME="CSS0414_CMPD_CSS4F1"/>
<ITEMREF REFNAME="CSS0415_CMPD_CSS4F1"/>
<ITEMREF REFNAME="CSS0417_CMPD_CSS4F1"/>
<ITEMREF REFNAME="CSS0419_CMPD_CSS4F1"/>
<ITEMREF REFNAME="CSS0420_CMPD_CSS4F1"/>
<ITEMREF REFNAME="CSS0421_CMPD_CSS4F1"/>
<ITEMREF REFNAME="CSS0422_CMPD_CSS4F1"/>
<ITEMREF REFNAME="CSS0423_CMPD_CSS4F1"/>
<ITEMREF REFNAME="DRGINDIC_SAE2F1"/>
<ITEMREF REFNAME="DSADDTRIG_DS2001_F3"/>
<ITEMREF REFNAME="DSDECOD_DS1F4"/>
<ITEMREF REFNAME="DSDECOD_DS1F5"/>
<ITEMREF REFNAME="DSDECOD_DS1F6"/>
<ITEMREF REFNAME="DSDECOD_DS1F7"/>
<ITEMREF REFNAME="DSDECOD_DS1F8"/>
<ITEMREF REFNAME="DSSTDAT_DS1F4"/>
<ITEMREF REFNAME="DSSTDAT_DS1F5"/>
<ITEMREF REFNAME="DSSTDAT_DS1F6"/>
<ITEMREF REFNAME="DSSTDAT_DS1F7"/>
<ITEMREF REFNAME="DSSTDAT_DS1F8"/>
<ITEMREF REFNAME="DSSTDAT_IC_DS2001_F1"/>
<ITEMREF REFNAME="DTHTP_EPDTHF1"/>
<ITEMREF REFNAME="ECLOC_EC1F1"/>
<ITEMREF REFNAME="ECOCCUR_EC1F1"/>
<ITEMREF REFNAME="ECPVAMTOCCUR_EC1F1"/>
<ITEMREF REFNAME="ECSPID_EC1F1"/>
<ITEMREF REFNAME="CASENAR3_SAE2F1"/>
<ITEMREF REFNAME="CEOCCUR_AX_CEPRESPF1"/>
<ITEMREF REFNAME="CEOCCUR_FACE_CEPRESPF1"/>
<ITEMREF REFNAME="CEOCCUR_GCSF_CEPRESPC5F1"/>
<ITEMREF REFNAME="CEOCCUR_GC_CEPRESPC4F1"/>
<ITEMREF REFNAME="CEOCCUR_IC_CEPRESPC4F1"/>
<ITEMREF REFNAME="CEOCCUR_IF_CEPRESPF1"/>
<ITEMREF REFNAME="CEOCCUR_LMA_CEPRESPC2F1"/>
<ITEMREF REFNAME="CEOCCUR_LM_CEPRESPC2F1"/>
<ITEMREF REFNAME="CEOCCUR_NA_CEPRESPF1"/>
<ITEMREF REFNAME="CEOCCUR_PER_CEPRESPC2F1"/>
<ITEMREF REFNAME="CEOCCUR_PER_CEPRESPC3F1"/>
<ITEMREF REFNAME="CEOCCUR_PG_CEPRESPC3F1"/>
<ITEMREF REFNAME="CEOCCUR_PRABS_CEPRESPC6F1"/>
<ITEMREF REFNAME="CEOCCUR_PRSF_CEPRESPC5F1"/>
<ITEMREF REFNAME="CEOCCUR_PRST_CEPRESPC6F1"/>
<ITEMREF REFNAME="CEOCCUR_PRSU_CEPRESPC6F1"/>
<ITEMREF REFNAME="CEOCCUR_PR_CEPRESPC4F1"/>
<ITEMREF REFNAME="CEOCCUR_PS_CEPRESPC3F1"/>
<ITEMREF REFNAME="CEOCCUR_PUB_CEPRESPC4F1"/>
<ITEMREF REFNAME="CEOCCUR_SC_CEPRESPC3F1"/>
<ITEMREF REFNAME="CEOCCUR_SC_CEPRESPF1"/>
<ITEMREF REFNAME="CEOCCUR_SE_CEPRESPC1F1"/>
<ITEMREF REFNAME="CEOCCUR_SF_CEPRESPC1F1"/>
<ITEMREF REFNAME="CEOCCUR_SU_CEPRESPC1F1"/>
<ITEMREF REFNAME="CEVR1_EPCEV_F1"/>
<ITEMREF REFNAME="CEVR3_EPCEV_F1"/>
<ITEMREF REFNAME="CEVR8_EPCEV_F1"/>
<ITEMREF REFNAME="CEVR9_EPCEV_F1"/>
<ITEMREF REFNAME="CEVRES7_CMPD_EPCEV_F1"/>
<ITEMREF REFNAME="CGSR3_EPCGS2F1"/>
<ITEMREF REFNAME="CGSRES1_CMPD_EPCGS2F1"/>
<ITEMREF REFNAME="CGSRES2_CMPD_EPCGS2F1"/>
<ITEMREF REFNAME="CIER10_EPCIE_F1"/>
<ITEMREF REFNAME="CIER1_EPCIE_F1"/>
<ITEMREF REFNAME="CIER3_CMPD_EPCIE_F1"/>
<ITEMREF REFNAME="CMDOSEU_CM1F2"/>
<ITEMREF REFNAME="CMDOSE_CM1F2"/>
<ITEMREF REFNAME="CMDOSFRQ_CM1F2"/>
<ITEMREF REFNAME="CMENDAT_CM2001_C1F1"/>
<ITEMREF REFNAME="CMENDAT_CM2001_F1"/>
<ITEMREF REFNAME="CMENREAS_PRIOR_CM2001_F1"/>
<ITEMREF REFNAME="CMENREAS_PRIOR_CMC1F1"/>
<ITEMREF REFNAME="CMINDC_CM1F1"/>
<ITEMREF REFNAME="CMINDC_CM1F2"/>
<ITEMREF REFNAME="CMONGO_CM1F1"/>
<ITEMREF REFNAME="CMONGO_CM1F2"/>
<ITEMREF REFNAME="CMROUTE_CM1F1"/>
<ITEMREF REFNAME="CMROUTE_CM1F2"/>
<ITEMREF REFNAME="CMSCAT_CM2001_C1F1"/>
<ITEMREF REFNAME="CMSCAT_CM2001_F1"/>
<ITEMREF REFNAME="CMSPID_CM1F1"/>
<ITEMREF REFNAME="CMSPID_CM1F2"/>
<ITEMREF REFNAME="CMSPID_CM2001_C1F1"/>
<ITEMREF REFNAME="CMSPID_CM2001_F1"/>
<ITEMREF REFNAME="CMSTDAT_CM1F1"/>
<ITEMREF REFNAME="CMSTDAT_CM1F2"/>
<ITEMREF REFNAME="CMSTDAT_CM2001_C1F1"/>
<ITEMREF REFNAME="CMSTDAT_CM2001_F1"/>
<ITEMREF REFNAME="CMTRT_CM1F1"/>
<ITEMREF REFNAME="CMTRT_CM1F2"/>
<ITEMREF REFNAME="CMYN_CM1F1"/>
<ITEMREF REFNAME="CMYN_CM1F2"/>
<ITEMREF REFNAME="CMYN_CM2001_C1F1"/>
<ITEMREF REFNAME="AEACN_AE3001_F1"/>
<ITEMREF REFNAME="AEGRPID_AE3001_F1_S1"/>
<ITEMREF REFNAME="AEGRPID_AE3001_F1_S2"/>
<ITEMREF REFNAME="AEGRPID_RELREC_EPARR2F1"/>
<ITEMREF REFNAME="AEGRPID_RELREC_EPCEV_F1"/>
<ITEMREF REFNAME="AEGRPID_RELREC_EPCGS2F1"/>
<ITEMREF REFNAME="AEGRPID_RELREC_EPCIE_F1"/>
<ITEMREF REFNAME="AEGRPID_RELREC_EPCRVF1"/>
<ITEMREF REFNAME="AEGRPID_RELREC_EPDTHF1"/>
<ITEMREF REFNAME="AEGRPID_RELREC_EPHSPHF_F1"/>
<ITEMREF REFNAME="AEGRPID_RELREC_EPHTN2F1"/>
<ITEMREF REFNAME="AEGRPID_RELREC_EPPAREV2F1"/>
<ITEMREF REFNAME="AEGRPID_RELREC_EPREV2F1"/>
<ITEMREF REFNAME="AEGRPID_RELREC_EPRSSD2F1"/>
<ITEMREF REFNAME="AEGRPID_RELREC_IBD1F1"/>
<ITEMREF REFNAME="AEGRPID_RELREC_IBD1LB9"/>
<ITEMREF REFNAME="AEGRPID_RELREC_INFC2F1"/>
<ITEMREF REFNAME="AEGRPID_RELREC_ISR1F1"/>
<ITEMREF REFNAME="AEONGO_AE3001_F1"/>
<ITEMREF REFNAME="AEOUT_AE3001_F1"/>
<ITEMREF REFNAME="AERELNST_CMPD_AE3001_F1"/>
<ITEMREF REFNAME="AEREL_AE3001_F1"/>
<ITEMREF REFNAME="AESER_AE3001_F1"/>
<ITEMREF REFNAME="AESEV_AE3001_F1"/>
<ITEMREF REFNAME="AESPID_AE3001_F1"/>
<ITEMREF REFNAME="AESTDAT_CMPD_AE3001_F1"/>
<ITEMREF REFNAME="AETERM_AE3001_F1"/>
<ITEMREF REFNAME="AEYN_AE3001_F2"/>
<ITEMREF REFNAME="AHRFURES11_CMPD_AHRFUF1"/>
<ITEMREF REFNAME="AHRFURES12_AHRFUF1"/>
<ITEMREF REFNAME="AHRFURES1_AHRFUF1"/>
<ITEMREF REFNAME="AHRFURES2_AHRFUF1"/>
<ITEMREF REFNAME="AHRFURES3_AHRFUF1"/>
<ITEMREF REFNAME="AHRFURES4_AHRFUF1"/>
<ITEMREF REFNAME="AHRFURES5_AHRFUF1"/>
<ITEMREF REFNAME="AHRFURES6_AHRFUF1"/>
<ITEMREF REFNAME="AHRFURES7_AHRFUF1"/>
<ITEMREF REFNAME="AHRFURES8_AHRFUF1"/>
<ITEMREF REFNAME="AHRFURES9YN_AHRFUF1"/>
<ITEMREF REFNAME="APMHOCCUR1_IBD1_APMH1F1"/>
<ITEMREF REFNAME="APMHOCCUR1_MS1_APMH1F1"/>
<ITEMREF REFNAME="APMHOCCUR1_PSOR1_APMH1F1"/>
<ITEMREF REFNAME="APMHOCCUR1_RA1_APMH1F1"/>
<ITEMREF REFNAME="APMHOCCUR1_SPOND1_APMH1F1"/>
<ITEMREF REFNAME="APMHOCCUR2_IBD2_APMH1F1"/>
<ITEMREF REFNAME="APMHOCCUR2_MS2_APMH1F1"/>
<ITEMREF REFNAME="APMHOCCUR2_PSOR2_APMH1F1"/>
<ITEMREF REFNAME="APMHOCCUR2_RA2_APMH1F1"/>
<ITEMREF REFNAME="APMHOCCUR2_SPOND2_APMH1F1"/>
<ITEMREF REFNAME="ARRR1_CMPD_EPARR2F1"/>
<ITEMREF REFNAME="ARRR5_CMPD_EPARR2F1"/>
<ITEMREF REFNAME="ARRR6_EPARR2F1"/>
<ITEMREF REFNAME="ARRR7_EPARR2F1"/>
<ITEMREF REFNAME="BP_CMPD_TPT1_VS1C2F1"/>
<ITEMREF REFNAME="BP_CMPD_TPT1_VS1C3F1"/>
<ITEMREF REFNAME="BP_CMPD_TPT1_VS1C4F1"/>
<ITEMREF REFNAME="BP_CMPD_TPT1_VS1F1"/>
<ITEMREF REFNAME="BP_CMPD_TPT2_VS1C2F1"/>
<ITEMREF REFNAME="BP_CMPD_TPT2_VS1C4F1"/>
<ITEMREF REFNAME="BRTHYR_DM1001_F1"/>
<ITEMREF REFNAME="CAPPOR1_CAPP1001F1"/>
<ITEMREF REFNAME="CASEBOOKSIG_CBSIG_F1"/>
<ITEMREF REFNAME="CASENAR1_SAE2F1"/>
<ITEMREF REFNAME="CASENAR2_SAE2F1"/>

</ITEMGROUP>

<ITEMGROUP 
GROUPNAME="Adjudicator_ReadOnly"
GROUPDESCRIPTION="Items that should be viewable to Adjudicator and Data Manager.">
 <!-- Insert ItemRef Names -->
<ITEMREF REFNAME="FASPID_AJARRF1"/>
<ITEMREF REFNAME="FASPID_AJCEV_F1"/>
<ITEMREF REFNAME="FASPID_AJCGS_F1"/>
<ITEMREF REFNAME="FASPID_AJCIE_F1"/>
<ITEMREF REFNAME="FASPID_AJCRV_F1"/>
<ITEMREF REFNAME="FASPID_AJHSPHFF1"/>
<ITEMREF REFNAME="FASPID_AJHTNF1"/>
<ITEMREF REFNAME="FASPID_AJPAREVF1"/>
<ITEMREF REFNAME="FASPID_AJREVF1"/>
<ITEMREF REFNAME="FASPID_AJRSSDF1"/>

</ITEMGROUP>

<ITEMGROUP 
GROUPNAME="Data_Manager_ReadOnly"
GROUPDESCRIPTION="Items that are hidden by design and should be viewable to Data Manager.">
 <!-- Insert ItemRef Names -->
<ITEMREF REFNAME="LBNAMCD_A01_IBD1LB9"/>
<ITEMREF REFNAME="LBNAMCD_A02_IBD1LB9"/>
<ITEMREF REFNAME="LBNAMCD_A10_IBD1LB9"/>
<ITEMREF REFNAME="LBNAMCD_JY2_IBD1LB9"/>
<ITEMREF REFNAME="LBNAMCD_JY3_IBD1LB9"/>
<ITEMREF REFNAME="LBNAMCD_SR1LB9F1"/>
<ITEMREF REFNAME="LBNAM_A01_IBD1LB9"/>
<ITEMREF REFNAME="LBNAM_A02_IBD1LB9"/>
<ITEMREF REFNAME="LBNAM_A10_IBD1LB9"/>
<ITEMREF REFNAME="LBNAM_JY2_IBD1LB9"/>
<ITEMREF REFNAME="LBNAM_JY3_IBD1LB9"/>
<ITEMREF REFNAME="LBNAM_SR1LB9F1"/>
<ITEMREF REFNAME="LBORRESU_JS5_SR1LB9F1"/>
<ITEMREF REFNAME="LBORRESU_JS6_SR1LB9F1"/>
<ITEMREF REFNAME="LBORRESU_JU0_IBD1LB9"/>
<ITEMREF REFNAME="LBORRESU_JY2_IBD1LB9"/>
<ITEMREF REFNAME="LBORRESU_JY3_IBD1LB9"/>
<ITEMREF REFNAME="LBORRESU_JY4_IBD1LB9"/>
<ITEMREF REFNAME="LBORRESU_R08_IBD1LB9"/>
<ITEMREF REFNAME="LBORRESU_R24_IBD1LB9"/>
<ITEMREF REFNAME="LBORRESU_S01_IBD1LB9"/>
<ITEMREF REFNAME="LBORRESU_S24_IBD1LB9"/>
<ITEMREF REFNAME="LBSPEC_A01_IBD1LB9"/>
<ITEMREF REFNAME="LBSPEC_A02_IBD1LB9"/>
<ITEMREF REFNAME="LBSPEC_A10_IBD1LB9"/>
<ITEMREF REFNAME="LBSPEC_J25_IBD1LB9"/>
<ITEMREF REFNAME="LBSPEC_JT9_IBD1LB9"/>
<ITEMREF REFNAME="LBSPEC_JU0_IBD1LB9"/>
<ITEMREF REFNAME="LBSPEC_JY2_IBD1LB9"/>
<ITEMREF REFNAME="LBSPEC_JY3_IBD1LB9"/>
<ITEMREF REFNAME="LBSPEC_JY4_IBD1LB9"/>
<ITEMREF REFNAME="LBSPEC_R08_IBD1LB9"/>
<ITEMREF REFNAME="LBSPEC_R24_IBD1LB9"/>
<ITEMREF REFNAME="LBSPEC_S01_IBD1LB9"/>
<ITEMREF REFNAME="LBSPEC_S24_IBD1LB9"/>
<ITEMREF REFNAME="LBSPID_SR1LB9F1"/>
<ITEMREF REFNAME="LBTEST_GLS_A01_IBD1LB9"/>
<ITEMREF REFNAME="LBTEST_GLS_A02_IBD1LB9"/>
<ITEMREF REFNAME="LBTEST_GLS_A10_IBD1LB9"/>
<ITEMREF REFNAME="LBTEST_GLS_J25_IBD1LB9"/>
<ITEMREF REFNAME="LBTEST_GLS_JS5_SR1LB9F1"/>
<ITEMREF REFNAME="LBTEST_GLS_JS6_SR1LB9F1"/>
<ITEMREF REFNAME="DSEVAL_IC_DS2001_F3"/>
<ITEMREF REFNAME="DSSCAT_DS1F4"/>
<ITEMREF REFNAME="DSSCAT_DS1F5"/>
<ITEMREF REFNAME="DSSCAT_DS1F6"/>
<ITEMREF REFNAME="DSSCAT_DS1F7"/>
<ITEMREF REFNAME="DSSCAT_DS1F8"/>
<ITEMREF REFNAME="DSSCAT_IC_DS2001_F1"/>
<ITEMREF REFNAME="DSSCAT_IC_DS2001_F3"/>
<ITEMREF REFNAME="ECCAT_EC1F1"/>
<ITEMREF REFNAME="EPARREVAL_EPARR2F1"/>
<ITEMREF REFNAME="EPCEVEVAL_EPCEV_F1"/>
<ITEMREF REFNAME="EPCGSEVAL_EPCGS2F1"/>
<ITEMREF REFNAME="EPCIEEVAL_EPCIE_F1"/>
<ITEMREF REFNAME="EPCRVEVAL_EPCRVF1"/>
<ITEMREF REFNAME="EPDTHEVAL_EPDTHF1"/>
<ITEMREF REFNAME="EPHSPHFEVAL_EPHSPHF_F1"/>
<ITEMREF REFNAME="EPHTNEVAL_EPHTN2F1"/>
<ITEMREF REFNAME="EPPAREVEVAL_EPPAREV2F1"/>
<ITEMREF REFNAME="EPREVEVAL_EPREV2F1"/>
<ITEMREF REFNAME="EPRSSDEVAL_EPRSSD2F1"/>
<ITEMREF REFNAME="FACAT_AHRFUF1"/>
<ITEMREF REFNAME="FACAT_AJARRF1"/>
<ITEMREF REFNAME="FACAT_AJCEV_F1"/>
<ITEMREF REFNAME="FACAT_AJCGS_F1"/>
<ITEMREF REFNAME="FACAT_AJCIE_F1"/>
<ITEMREF REFNAME="FACAT_AJCRV_F1"/>
<ITEMREF REFNAME="FACAT_AJDTHF1"/>
<ITEMREF REFNAME="FACAT_AJHSPHFF1"/>
<ITEMREF REFNAME="FACAT_AJHTNF1"/>
<ITEMREF REFNAME="FACAT_AJPAREVF1"/>
<ITEMREF REFNAME="FACAT_AJREVF1"/>
<ITEMREF REFNAME="FACAT_AJRSSDF1"/>
<ITEMREF REFNAME="FACAT_EPARR2F1"/>
<ITEMREF REFNAME="FACAT_EPCEV_F1"/>
<ITEMREF REFNAME="FACAT_EPCGS2F1"/>
<ITEMREF REFNAME="FACAT_EPCIE_F1"/>
<ITEMREF REFNAME="FACAT_EPCRVF1"/>
<ITEMREF REFNAME="FACAT_EPDTHF1"/>
<ITEMREF REFNAME="FACAT_EPHSPHF_F1"/>
<ITEMREF REFNAME="FACAT_EPHTN2F1"/>
<ITEMREF REFNAME="FACAT_EPPAREV2F1"/>
<ITEMREF REFNAME="FACAT_EPREV2F1"/>
<ITEMREF REFNAME="FACAT_EPRSSD2F1"/>
<ITEMREF REFNAME="FACAT_IBD1SG1XP1F1"/>
<ITEMREF REFNAME="FACAT_INFC2F1"/>
<ITEMREF REFNAME="FACAT_ISR1F1"/>
<ITEMREF REFNAME="FACAT_SFUQ3F1"/>
<ITEMREF REFNAME="FSTAEVAL_FSTA1F1"/>
<ITEMREF REFNAME="INFCEVAL_INFC2F1"/>
<ITEMREF REFNAME="ISREVAL_ISR1F1"/>
<ITEMREF REFNAME="LBCAT_A01_IBD1LB9"/>
<ITEMREF REFNAME="LBCAT_A02_IBD1LB9"/>
<ITEMREF REFNAME="LBCAT_A10_IBD1LB9"/>
<ITEMREF REFNAME="LBCAT_J25_IBD1LB9"/>
<ITEMREF REFNAME="LBCAT_JT9_IBD1LB9"/>
<ITEMREF REFNAME="LBCAT_JU0_IBD1LB9"/>
<ITEMREF REFNAME="LBCAT_JY2_IBD1LB9"/>
<ITEMREF REFNAME="LBCAT_JY3_IBD1LB9"/>
<ITEMREF REFNAME="LBCAT_JY4_IBD1LB9"/>
<ITEMREF REFNAME="LBCAT_R08_IBD1LB9"/>
<ITEMREF REFNAME="LBCAT_R24_IBD1LB9"/>
<ITEMREF REFNAME="LBCAT_S01_IBD1LB9"/>
<ITEMREF REFNAME="LBCAT_S24_IBD1LB9"/>
<ITEMREF REFNAME="LBCAT_SR1LB9F1"/>
<ITEMREF REFNAME="TRTTERMCD_CM2001_F1"/>
<ITEMREF REFNAME="VSCAT_VS1C2F1"/>
<ITEMREF REFNAME="VSCAT_VS1C3F1"/>
<ITEMREF REFNAME="VSCAT_VS1C4F1"/>
<ITEMREF REFNAME="VSCAT_VS1F1"/>
<ITEMREF REFNAME="XPTEST_ABCT_IBD1SG1XP1F1"/>
<ITEMREF REFNAME="XPTEST_EL_IBD1SG1XP1F1"/>
<ITEMREF REFNAME="XPTEST_ENDOS_IBD1SG1XP1F1"/>
<ITEMREF REFNAME="XPTEST_HIST_IBD1SG1XP1F1"/>
<ITEMREF REFNAME="XPTEST_IR_IBD1SG1XP1F1"/>
<ITEMREF REFNAME="XPTEST_MRE_IBD1SG1XP1F1"/>
<ITEMREF REFNAME="XPTEST_OTH_IBD1SG1XP1F1"/>
<ITEMREF REFNAME="XPTEST_PELVIC_IBD1F1"/>
<ITEMREF REFNAME="DSCAT_1_DS1F4"/>
<ITEMREF REFNAME="DSCAT_1_DS1F5"/>
<ITEMREF REFNAME="DSCAT_1_DS1F6"/>
<ITEMREF REFNAME="DSCAT_1_DS1F7"/>
<ITEMREF REFNAME="DSCAT_1_DS1F8"/>
<ITEMREF REFNAME="DSCAT_2_DS2001_F1"/>
<ITEMREF REFNAME="DSCAT_2_DS2001_F3"/>
<ITEMREF REFNAME="DSEVAL_IC_DS2001_F1"/>
<ITEMREF REFNAME="CMCLASCD_CM1F1"/>
<ITEMREF REFNAME="CMCLASCD_CM1F2"/>
<ITEMREF REFNAME="CMCLASCD_CM2001_C1F1"/>
<ITEMREF REFNAME="CMCLASCD_CM2001_F1"/>
<ITEMREF REFNAME="CMCLAS_CM1F1"/>
<ITEMREF REFNAME="CMCLAS_CM1F2"/>
<ITEMREF REFNAME="CMCLAS_CM2001_C1F1"/>
<ITEMREF REFNAME="CMCLAS_CM2001_F1"/>
<ITEMREF REFNAME="CMDECOD_CM1F1"/>
<ITEMREF REFNAME="CMDECOD_CM1F2"/>
<ITEMREF REFNAME="CMDECOD_CM2001_C1F1"/>
<ITEMREF REFNAME="CMDECOD_CM2001_F1"/>
<ITEMREF REFNAME="CMINDC_PRIOR_CM2001_C1F1"/>
<ITEMREF REFNAME="CMINDC_PRIOR_CM2001_F1"/>
<ITEMREF REFNAME="CMSCAT_CM1F1"/>
<ITEMREF REFNAME="CMSCAT_CM1F2"/>
<ITEMREF REFNAME="CMTRADNM_CM1F1"/>
<ITEMREF REFNAME="CMTRADNM_CM1F2"/>
<ITEMREF REFNAME="CMTRADNM_CM2001_C1F1"/>
<ITEMREF REFNAME="CMTRADNM_CM2001_F1"/>
<ITEMREF REFNAME="CMTRT_MAP_CM1F1"/>
<ITEMREF REFNAME="CMTRT_MAP_CM1F2"/>
<ITEMREF REFNAME="CMTRT_MAP_CM2001_C1F1"/>
<ITEMREF REFNAME="CMTRT_MAP_CM2001_F1"/>
<ITEMREF REFNAME="CSSEVAL_CSS2001_F1"/>
<ITEMREF REFNAME="CSSEVAL_CSS4F1"/>
<ITEMREF REFNAME="DICT_DICTVER_AE3001_F1"/>
<ITEMREF REFNAME="DICT_DICTVER_CEPRESPC1F1"/>
<ITEMREF REFNAME="DICT_DICTVER_CEPRESPC2F1"/>
<ITEMREF REFNAME="DICT_DICTVER_CEPRESPC3F1"/>
<ITEMREF REFNAME="DICT_DICTVER_CEPRESPC4F1"/>
<ITEMREF REFNAME="DICT_DICTVER_CEPRESPC5F1"/>
<ITEMREF REFNAME="DICT_DICTVER_CEPRESPC6F1"/>
<ITEMREF REFNAME="DICT_DICTVER_CEPRESPF1"/>
<ITEMREF REFNAME="DICT_DICTVER_CM1F1"/>
<ITEMREF REFNAME="DICT_DICTVER_CM1F2"/>
<ITEMREF REFNAME="DICT_DICTVER_CM2001_C1F1"/>
<ITEMREF REFNAME="DICT_DICTVER_CM2001_F1"/>
<ITEMREF REFNAME="DICT_DICTVER_MH7001_F1"/>
<ITEMREF REFNAME="DICT_DICTVER_MHPR1"/>
<ITEMREF REFNAME="DICT_DICTVER_MHPR1C1F2"/>
<ITEMREF REFNAME="DICT_DICTVER_MHPR1F2"/>
<ITEMREF REFNAME="DICT_DICTVER_MHPRESP_F3"/>
<ITEMREF REFNAME="LBTEST_GLS_JY4_IBD1LB9"/>
<ITEMREF REFNAME="LBTEST_GLS_R08_IBD1LB9"/>
<ITEMREF REFNAME="LBTEST_GLS_R24_IBD1LB9"/>
<ITEMREF REFNAME="LBTEST_GLS_S01_IBD1LB9"/>
<ITEMREF REFNAME="LBTEST_GLS_S24_IBD1LB9"/>
<ITEMREF REFNAME="MHCAT_4_APMH1F1"/>
<ITEMREF REFNAME="MHCAT_4_MHPR1"/>
<ITEMREF REFNAME="MHCAT_4_MHPR1C1F2"/>
<ITEMREF REFNAME="MHCAT_4_MHPR1F2"/>
<ITEMREF REFNAME="MHCAT_4_MHPRESP_F3"/>
<ITEMREF REFNAME="MHCAT_MH7001_F1"/>
<ITEMREF REFNAME="MHDECOD_MH7001_F1"/>
<ITEMREF REFNAME="MHLLTCDPRESP_MHPR1C1F2"/>
<ITEMREF REFNAME="MHLLTCDPRESP_MHPR1F2"/>
<ITEMREF REFNAME="MHLLTCDPRESP_MHPRESP_F3"/>
<ITEMREF REFNAME="MHLLTCD_MH7001_F1"/>
<ITEMREF REFNAME="MHLLT_MH7001_F1"/>
<ITEMREF REFNAME="MHPRESP_MHPR1"/>
<ITEMREF REFNAME="MHPRESP_MHPR1C1F2"/>
<ITEMREF REFNAME="MHPRESP_MHPR1F2"/>
<ITEMREF REFNAME="MHPRESP_MHPRESP_F3"/>
<ITEMREF REFNAME="MHTERM_MAP_MH7001_F1"/>
<ITEMREF REFNAME="PASICALTS_PASI2F1"/>
<ITEMREF REFNAME="PASIEVAL_PASI2F1"/>
<ITEMREF REFNAME="PASIGCALTS_PASIG1F1"/>
<ITEMREF REFNAME="PASIGEVAL_PASIG1F1"/>
<ITEMREF REFNAME="PASIGLOC_PASIG1F1"/>
<ITEMREF REFNAME="PASIGMTHD_PASIG1F1"/>
<ITEMREF REFNAME="PASIMTHD_PASI2F1"/>
<ITEMREF REFNAME="PRCAT_IBD1SG1XP1F1"/>
<ITEMREF REFNAME="PRPRESP_IBD1SG1XP1F1"/>
<ITEMREF REFNAME="PRSCAT_IBD1SG1XP1F1"/>
<ITEMREF REFNAME="PRSPID_IBD1SG1XP1F1"/>
<ITEMREF REFNAME="QSCAT_CAPP1001F1"/>
<ITEMREF REFNAME="QSCAT_CSS2001_F1"/>
<ITEMREF REFNAME="QSCAT_CSS4F1"/>
<ITEMREF REFNAME="QSCAT_EPTBHX2F1"/>
<ITEMREF REFNAME="QSCAT_FSTA1F1"/>
<ITEMREF REFNAME="QSCAT_PASI2F1"/>
<ITEMREF REFNAME="QSCAT_PASIG1F1"/>
<ITEMREF REFNAME="QSCAT_SPGA2F1"/>
<ITEMREF REFNAME="QSCAT_SPGAG1F1"/>
<ITEMREF REFNAME="SFUQEVAL_SFUQ3F1"/>
<ITEMREF REFNAME="SFUQEVAL_SFUQ3F2"/>
<ITEMREF REFNAME="SPGAEVAL_SPGA2F1"/>
<ITEMREF REFNAME="SPGAGEVAL_SPGAG1F1"/>
<ITEMREF REFNAME="SPGAGMTHD_SPGAG1F1"/>
<ITEMREF REFNAME="SPGAMTHD_SPGA2F1"/>
<ITEMREF REFNAME="SRCAT_SR1LB9F1"/>
<ITEMREF REFNAME="SREVAL_SR1LB9F1"/>
<ITEMREF REFNAME="SRSPID_SR1LB9F1"/>
<ITEMREF REFNAME="SUCAT_ALCOHOL_SU1F1"/>
<ITEMREF REFNAME="SUCAT_CAFFEINE_SU2F1"/>
<ITEMREF REFNAME="SUCAT_TOBACCO_SU3F1"/>
<ITEMREF REFNAME="SUCAT_TOBACCO_SU3F2"/>
<ITEMREF REFNAME="SUPRESP_SU1F1"/>
<ITEMREF REFNAME="SUPRESP_SU2F1"/>
<ITEMREF REFNAME="SUPRESP_SU3F1"/>
<ITEMREF REFNAME="SUPRESP_SU3F2"/>
<ITEMREF REFNAME="TERM_TO_CODE_CM2C1F1"/>
<ITEMREF REFNAME="TERM_TO_CODE_CM2F1"/>
<ITEMREF REFNAME="TRTTERMCD_CM1F1"/>
<ITEMREF REFNAME="TRTTERMCD_CM1F2"/>
<ITEMREF REFNAME="TRTTERMCD_CM2001_C1F1"/>
<ITEMREF REFNAME="AECAT_AE3001_F1"/>
<ITEMREF REFNAME="AECAT_AE3001_F2"/>
<ITEMREF REFNAME="AEDECOD_AE3001_F1"/>
<ITEMREF REFNAME="AEGRPID_RELREC_SG_IBD1F1"/>
<ITEMREF REFNAME="AELLTCD_AE3001_F1"/>
<ITEMREF REFNAME="AELLT_AE3001_F1"/>
<ITEMREF REFNAME="AETERM_MAP_AE3001_F1"/>
<ITEMREF REFNAME="AHRFUEVAL_AHRFUF1"/>
<ITEMREF REFNAME="AJARREVAL_AJARRF1"/>
<ITEMREF REFNAME="AJCEVEVAL_AJCEV_F1"/>
<ITEMREF REFNAME="AJCGSEVAL_AJCGS_F1"/>
<ITEMREF REFNAME="AJCIEEVAL_AJCIE_F1"/>
<ITEMREF REFNAME="AJCRVEVAL_AJCRV_F1"/>
<ITEMREF REFNAME="AJDTHEVAL_AJDTHF1"/>
<ITEMREF REFNAME="AJHSPHFEVAL_AJHSPHFF1"/>
<ITEMREF REFNAME="AJHTNEVAL_AJHTNF1"/>
<ITEMREF REFNAME="AJPAREVAL_AJPAREVF1"/>
<ITEMREF REFNAME="AJREVEVAL_AJREVF1"/>
<ITEMREF REFNAME="AJRSSDEVAL_AJRSSDF1"/>
<ITEMREF REFNAME="APID1_IBD_APMH1F1"/>
<ITEMREF REFNAME="APID1_MS_APMH1F1"/>
<ITEMREF REFNAME="APID1_PSOR_APMH1F1"/>
<ITEMREF REFNAME="APID1_RA_APMH1F1"/>
<ITEMREF REFNAME="APID1_SPOND_APMH1F1"/>
<ITEMREF REFNAME="APID2_IBD_APMH1F1"/>
<ITEMREF REFNAME="APID2_MS_APMH1F1"/>
<ITEMREF REFNAME="APID2_PSOR_APMH1F1"/>
<ITEMREF REFNAME="APID2_RA_APMH1F1"/>
<ITEMREF REFNAME="APID2_SPOND_APMH1F1"/>
<ITEMREF REFNAME="APMHPRESP_IBD_APMH1F1"/>
<ITEMREF REFNAME="APMHPRESP_MS_APMH1F1"/>
<ITEMREF REFNAME="APMHPRESP_PSOR_APMH1F1"/>
<ITEMREF REFNAME="APMHPRESP_RA_APMH1F1"/>
<ITEMREF REFNAME="APMHPRESP_SPOND_APMH1F1"/>
<ITEMREF REFNAME="CAPPOEVAL_CAPP1001F1"/>
<ITEMREF REFNAME="CECAT_CEPRESPC1F1"/>
<ITEMREF REFNAME="CECAT_CEPRESPC2F1"/>
<ITEMREF REFNAME="CECAT_CEPRESPC3F1"/>
<ITEMREF REFNAME="CECAT_CEPRESPC4F1"/>
<ITEMREF REFNAME="CECAT_CEPRESPC5F1"/>
<ITEMREF REFNAME="CECAT_CEPRESPC6F1"/>
<ITEMREF REFNAME="CECAT_CEPRESPF1"/>
<ITEMREF REFNAME="CELLTCDPRESP_CEPRESPC2F1"/>
<ITEMREF REFNAME="CELLTCDPRESP_CEPRESPC3F1"/>
<ITEMREF REFNAME="CELLTCDPRESP_CEPRESPC4F1"/>
<ITEMREF REFNAME="CELLTCDPRESP_CEPRESPC5F1"/>
<ITEMREF REFNAME="CELLTCDPRESP_CEPRESPF1"/>
<ITEMREF REFNAME="CELOC_CEPRESPC1F1"/>
<ITEMREF REFNAME="CELOC_CEPRESPC6F1"/>
<ITEMREF REFNAME="CEPRESP_CEPRESPC1F1"/>
<ITEMREF REFNAME="CEPRESP_CEPRESPC2F1"/>
<ITEMREF REFNAME="CEPRESP_CEPRESPC3F1"/>
<ITEMREF REFNAME="CEPRESP_CEPRESPC4F1"/>
<ITEMREF REFNAME="CEPRESP_CEPRESPC5F1"/>
<ITEMREF REFNAME="CEPRESP_CEPRESPC6F1"/>
<ITEMREF REFNAME="CEPRESP_CEPRESPF1"/>
<ITEMREF REFNAME="CMCAT_CM1F1"/>
<ITEMREF REFNAME="CMCAT_CM1F2"/>
<ITEMREF REFNAME="CMCAT_CM2001_C1F1"/>
<ITEMREF REFNAME="CMCAT_CM2001_F1"/>
<ITEMREF REFNAME="LBTEST_GLS_JT9_IBD1LB9"/>
<ITEMREF REFNAME="LBTEST_GLS_JU0_IBD1LB9"/>
<ITEMREF REFNAME="LBTEST_GLS_JY2_IBD1LB9"/>
<ITEMREF REFNAME="LBTEST_GLS_JY3_IBD1LB9"/>

</ITEMGROUP>

<ITEMGROUP 
GROUPNAME="GPS_eSAE_Hidden"
GROUPDESCRIPTION="Items are hidden to GPS and Adjudicator and default access to everyone else.">
 <!-- Insert ItemRef Names -->
<ITEMREF REFNAME="SAEFUAWADAT_SAE2F1"/>
<ITEMREF REFNAME="SAEAWADAT_SAE2F1"/>

</ITEMGROUP>

<ITEMGROUP 
GROUPNAME="nonData_Manager_Hidden"
GROUPDESCRIPTION="Items hidden to all but Data_Manager editable.">
 <!-- Insert ItemRef Names -->
<ITEMREF REFNAME="WFRULETRIG"/>

</ITEMGROUP>

<ITEMGROUP 
GROUPNAME="nonData_Manager_ReadOnly"
GROUPDESCRIPTION="Items are Data_Manager editable, and Read-only for all other groups except Adjudicator and Central Grp.  For the Groups Adjudicator and Central Grp, it will be a Hidden Item.">
 <!-- Insert ItemRef Names -->
<ITEMREF REFNAME="VISDATMD_SV1F5"/>
<ITEMREF REFNAME="VISDATMD_SV1F1"/>

</ITEMGROUP>

</MEDMLDATA>