<?xml version="1.0"?>
<MEDMLDATA xmlns="PhaseForward-MedML-Inform4">


<RIGHTSGROUP  GROUPNAME="Coding Query Rights Group">
<!-- Insert Users -->
<USERREF USERNAME="coder_query"/>

</RIGHTSGROUP>

<RIGHTSGROUP  GROUPNAME="Data Manager">
<!-- Insert Users -->
<USERREF USERNAME="rm90415"/>
<USERREF USERNAME="z2x9225"/>
<USERREF USERNAME="C212853"/>
<USERREF USERNAME="C042267"/>

</RIGHTSGROUP>

<RIGHTSGROUP  GROUPNAME="GPS">
<!-- Insert Users -->
<USERREF USERNAME="c149177"/>
<USERREF USERNAME="c131994"/>
<USERREF USERNAME="v6x8356"/>
<USERREF USERNAME="c025980"/>
<USERREF USERNAME="c137396"/>
<USERREF USERNAME="c075541"/>
<USERREF USERNAME="c074429"/>
<USERREF USERNAME="c026393"/>
<USERREF USERNAME="a608261"/>
<USERREF USERNAME="c143125"/>
<USERREF USERNAME="c135748"/>
<USERREF USERNAME="c149470"/>
<USERREF USERNAME="a803075"/>
<USERREF USERNAME="c083101"/>
<USERREF USERNAME="rm90029"/>
<USERREF USERNAME="c069132"/>
<USERREF USERNAME="c057362"/>
<USERREF USERNAME="c039825"/>
<USERREF USERNAME="c090108"/>
<USERREF USERNAME="c074090"/>
<USERREF USERNAME="c085302"/>
<USERREF USERNAME="c021984"/>
<USERREF USERNAME="rm35504"/>
<USERREF USERNAME="ye91098"/>
<USERREF USERNAME="c022433"/>
<USERREF USERNAME="c039863"/>
<USERREF USERNAME="c149176"/>
<USERREF USERNAME="a701824"/>
<USERREF USERNAME="c060736"/>
<USERREF USERNAME="c026390"/>
<USERREF USERNAME="rm80655"/>
<USERREF USERNAME="C199642"/>
<USERREF USERNAME="C199523"/>
<USERREF USERNAME="C196683"/>
<USERREF USERNAME="c003859"/>
<USERREF USERNAME="c079244"/>
<USERREF USERNAME="rm89018"/>
<USERREF USERNAME="c015393"/>
<USERREF USERNAME="c071673"/>
<USERREF USERNAME="v6x8058"/>
<USERREF USERNAME="c039853"/>
<USERREF USERNAME="c068505"/>
<USERREF USERNAME="c149066"/>
<USERREF USERNAME="a608760"/>
<USERREF USERNAME="c058698"/>
<USERREF USERNAME="u7x2510"/>
<USERREF USERNAME="yex7920"/>
<USERREF USERNAME="rm36132"/>
<USERREF USERNAME="a511471"/>
<USERREF USERNAME="c074342"/>
<USERREF USERNAME="C068502"/>
<USERREF USERNAME="C223292"/>
<USERREF USERNAME="C218621"/>
<USERREF USERNAME="rm87794"/>
<USERREF USERNAME="c196248"/>

</RIGHTSGROUP>

<RIGHTSGROUP  GROUPNAME="Monitor">
<!-- Insert Users -->
<USERREF USERNAME="Z1X0698"/>
<USERREF USERNAME="Z2X5649"/>
<USERREF USERNAME="C225835"/>
<USERREF USERNAME="Z1X0694"/>
<USERREF USERNAME="Z2X1910"/>
<USERREF USERNAME="c224744"/>
<USERREF USERNAME="Z1X0689"/>
<USERREF USERNAME="Z3X0603"/>
<USERREF USERNAME="Z3X1553"/>
<USERREF USERNAME="z2x2090"/>
<USERREF USERNAME="Z1X1807"/>
<USERREF USERNAME="c213605"/>
<USERREF USERNAME="Z2X7246"/>
<USERREF USERNAME="c226977"/>
<USERREF USERNAME="c2131676"/>
<USERREF USERNAME="C218387"/>
<USERREF USERNAME="C230193"/>
<USERREF USERNAME="c230776"/>
<USERREF USERNAME="Z2X1970"/>
<USERREF USERNAME="Z1X1819"/>
<USERREF USERNAME="C229852"/>
<USERREF USERNAME="C229512"/>

</RIGHTSGROUP>

<RIGHTSGROUP  GROUPNAME="Monitor Manager">
<!-- Insert Users -->
<USERREF USERNAME="z1x1810"/>
<USERREF USERNAME="C177459"/>

</RIGHTSGROUP>

<RIGHTSGROUP  GROUPNAME="PFView Only">
<!-- Insert Users -->
<USERREF USERNAME="ZPFkbarkoczi"/>
<USERREF USERNAME="ZPFaflathers"/>
<USERREF USERNAME="ZPFskonig"/>

</RIGHTSGROUP>

<RIGHTSGROUP  GROUPNAME="PI">
<!-- Insert Users -->
<USERREF USERNAME="HLapeere"/>
<USERREF USERNAME="Thilary"/>
<USERREF USERNAME="nmaes"/>

</RIGHTSGROUP>

<RIGHTSGROUP  GROUPNAME="PI Sign Only">
<!-- Insert Users -->
<USERREF USERNAME="jlambert"/>
<USERREF USERNAME="pvandekerkhof"/>
<USERREF USERNAME="sInaloz"/>
<USERREF USERNAME="PvandeKerkhof"/>
<USERREF USERNAME="psator"/>
<USERREF USERNAME="nonsun"/>
<USERREF USERNAME="ablauvelt"/>
<USERREF USERNAME="kcallisduffin"/>
<USERREF USERNAME="jcather"/>
<USERREF USERNAME="pyamauchi"/>
<USERREF USERNAME="kyokum"/>
<USERREF USERNAME="cmaari"/>
<USERREF USERNAME="kpapp"/>
<USERREF USERNAME="ypoulin"/>
<USERREF USERNAME="lspelman"/>
<USERREF USERNAME="jsullivan"/>
<USERREF USERNAME="pfoley"/>
<USERREF USERNAME="ssidhu"/>
<USERREF USERNAME="jmerola"/>
<USERREF USERNAME="cryan"/>
<USERREF USERNAME="jsoung"/>
<USERREF USERNAME="jweisman"/>
<USERREF USERNAME="gcortesmaisonet"/>
<USERREF USERNAME="efrankel"/>
<USERREF USERNAME="sfretzin"/>
<USERREF USERNAME="agottlieb"/>
<USERREF USERNAME="hharris"/>
<USERREF USERNAME="pjenkin"/>
<USERREF USERNAME="elain"/>
<USERREF USERNAME="lalbrecht"/>
<USERREF USERNAME="lguenther"/>
<USERREF USERNAME="clynde"/>
<USERREF USERNAME="ebulbulbaskan"/>
<USERREF USERNAME="WdeKort"/>
<USERREF USERNAME="ERiedl"/>
<USERREF USERNAME="WSalmhofer"/>
<USERREF USERNAME="jgutermuth"/>
<USERREF USERNAME="mtjioe"/>
<USERREF USERNAME="PGhislain"/>

</RIGHTSGROUP>

<RIGHTSGROUP  GROUPNAME="Report Extractor">
<!-- Insert Users -->
<USERREF USERNAME="i1fmcrhbq_RE"/>

</RIGHTSGROUP>

<RIGHTSGROUP  GROUPNAME="SC">
<!-- Insert Users -->
<USERREF USERNAME="JJanssens"/>
<USERREF USERNAME="cmusolino"/>
<USERREF USERNAME="sdekeyser"/>
<USERREF USERNAME="MKooijmans-Otero"/>
<USERREF USERNAME="sleiner"/>
<USERREF USERNAME="rcrissey"/>
<USERREF USERNAME="kcarter"/>
<USERREF USERNAME="hnadeau"/>
<USERREF USERNAME="Wveldkamp"/>
<USERREF USERNAME="prosiere"/>
<USERREF USERNAME="jjanssens"/>
<USERREF USERNAME="hdigiulio"/>
<USERREF USERNAME="klong"/>
<USERREF USERNAME="Knguyen"/>
<USERREF USERNAME="Dmonteyne"/>
<USERREF USERNAME="SPoechlauer"/>
<USERREF USERNAME="CVleminckx"/>
<USERREF USERNAME="MPraszl-Posch"/>
<USERREF USERNAME="KSommer"/>
<USERREF USERNAME="CDekkers"/>
<USERREF USERNAME="dyalcindag"/>
<USERREF USERNAME="MInklaar"/>
<USERREF USERNAME="BAigner"/>
<USERREF USERNAME="awallace"/>
<USERREF USERNAME="mvasoli"/>
<USERREF USERNAME="kkoliha"/>
<USERREF USERNAME="tlewis"/>
<USERREF USERNAME="yshin"/>
<USERREF USERNAME="cmartinez"/>
<USERREF USERNAME="bswasdibutra"/>
<USERREF USERNAME="iwhite"/>
<USERREF USERNAME="lwilson"/>
<USERREF USERNAME="aevans"/>
<USERREF USERNAME="sreed"/>
<USERREF USERNAME="lmiranda"/>
<USERREF USERNAME="cdigiulio"/>
<USERREF USERNAME="ndumont"/>
<USERREF USERNAME="dustinova"/>
<USERREF USERNAME="mgiles"/>
<USERREF USERNAME="dsiegert"/>
<USERREF USERNAME="rtutparhar"/>
<USERREF USERNAME="aguenther"/>
<USERREF USERNAME="sjones"/>
<USERREF USERNAME="tszeto"/>
<USERREF USERNAME="mprovost"/>
<USERREF USERNAME="rwilson"/>
<USERREF USERNAME="hduperre"/>
<USERREF USERNAME="tholland"/>
<USERREF USERNAME="gsmith"/>
<USERREF USERNAME="sbuchanan"/>

</RIGHTSGROUP>

<RIGHTSGROUP  GROUPNAME="Study Manager">
<!-- Insert Users -->
<USERREF USERNAME="c218958"/>

</RIGHTSGROUP>

<RIGHTSGROUP  GROUPNAME="User Activator RG">
<!-- Insert Users -->
<USERREF USERNAME="ZPFprojas"/>
<USERREF USERNAME="ZPFobodnar"/>
<USERREF USERNAME="ZPFnkovacs"/>
<USERREF USERNAME="ZPFmandone"/>
<USERREF USERNAME="ZPFepenzes"/>
<USERREF USERNAME="ZPFedervishaj"/>
<USERREF USERNAME="ZPFpvamos"/>
<USERREF USERNAME="ZPFckalinyak"/>
<USERREF USERNAME="ZPFabalogh"/>
<USERREF USERNAME="ZPFsdamato"/>
<USERREF USERNAME="ZPFrducusin"/>
<USERREF USERNAME="ZPFrcalorico"/>
<USERREF USERNAME="ZPFdnagy"/>

</RIGHTSGROUP>

<RIGHTSGROUP  GROUPNAME="User Manager RG">
<!-- Insert Users -->
<USERREF USERNAME="ZPFijohl"/>
<USERREF USERNAME="ZPFkcco"/>
<USERREF USERNAME="ZPFkcsobalyka"/>
<USERREF USERNAME="ZPFkkovacs"/>
<USERREF USERNAME="ZPFklim"/>
<USERREF USERNAME="ZPFlbalubar"/>
<USERREF USERNAME="ZPFlcseke"/>
<USERREF USERNAME="ZPFlmate"/>
<USERREF USERNAME="ZPFmkhella"/>
<USERREF USERNAME="ZPFmtoth"/>
<USERREF USERNAME="ZPFnqi"/>
<USERREF USERNAME="ZPFnreis"/>
<USERREF USERNAME="ZPFnvergara"/>
<USERREF USERNAME="ZPFoely"/>
<USERREF USERNAME="ZPFpvallar"/>
<USERREF USERNAME="ZPFrsulit"/>
<USERREF USERNAME="ZPFsaguilar"/>
<USERREF USERNAME="ZPFsdasilva"/>
<USERREF USERNAME="ZPFskholti"/>
<USERREF USERNAME="ZPFstayco"/>
<USERREF USERNAME="ZPFtcabanes"/>
<USERREF USERNAME="ZPFtfabian"/>
<USERREF USERNAME="ZPFgyvarga"/>
<USERREF USERNAME="ZPFtszabo"/>
<USERREF USERNAME="ZPFfvarga"/>
<USERREF USERNAME="ZPFfillesy"/>
<USERREF USERNAME="ZPFekosa"/>
<USERREF USERNAME="ZPFdvittay"/>
<USERREF USERNAME="ZPFddiomede"/>
<USERREF USERNAME="ZPFcmolom"/>
<USERREF USERNAME="ZPFcmercado"/>
<USERREF USERNAME="ZPFawarsama"/>
<USERREF USERNAME="ZPFaterjek"/>
<USERREF USERNAME="ZPFasalazar"/>
<USERREF USERNAME="ZPFapervaiz"/>
<USERREF USERNAME="ZPFgkrucso"/>

</RIGHTSGROUP>

<RIGHTSGROUP  GROUPNAME="VO">
<!-- Insert Users -->
<USERREF USERNAME="va03850"/>
<USERREF USERNAME="c212364"/>

</RIGHTSGROUP>

</MEDMLDATA>