<?xml version="1.0"?>
<MEDMLDATA xmlns="PhaseForward-MedML-Inform4">


<SITE  NAME="(307) Caulfield Hospital"    MNEMONIC="307"
ADDRESS="Commerical Road Melbourne VIC 3004"
COUNTRY="AUSTRALIA"
PHONE="6161390762000"
ALTPHONE="61"
FAX="61"
TIMEZONE="(UTC+10:00) Canberra, Melbourne, Sydney"
SITEDATEFORMAT="DAY_MONTH_YEAR"
STARTDATE="06/08/2016"
STUDYLOCALE="en-US"
SVAUTOSELECTRATE="100"
SVFIRSTNSUBJECTS="100"
/>


<SITE  NAME="(306) Delmont Private Hospital"    MNEMONIC="306"
ADDRESS="298 Warrigal Road Glen Iris VIC 3146"
COUNTRY="AUSTRALIA"
PHONE="6161398057333"
ALTPHONE="61"
FAX="61"
TIMEZONE="(UTC+10:00) Canberra, Melbourne, Sydney"
SITEDATEFORMAT="DAY_MONTH_YEAR"
STARTDATE="06/08/2016"
STUDYLOCALE="en-US"
SVAUTOSELECTRATE="100"
SVFIRSTNSUBJECTS="100"
/>


<SITE  NAME="(305) The Alfred Hospital"    MNEMONIC="305"
ADDRESS="Commercial Rd Melbourne VIC 3004"
COUNTRY="AUSTRALIA"
PHONE="6161390762000"
ALTPHONE="61"
FAX="61"
TIMEZONE="(UTC+10:00) Canberra, Melbourne, Sydney"
SITEDATEFORMAT="DAY_MONTH_YEAR"
STARTDATE="06/08/2016"
STUDYLOCALE="en-US"
SVAUTOSELECTRATE="100"
SVFIRSTNSUBJECTS="100"
/>


<SITE  NAME="(303) Royal Brisbane and Womens Hospital"    MNEMONIC="303"
ADDRESS="Butterfield Street Herston QLD 4029"
COUNTRY="AUSTRALIA"
PHONE="6161736468111"
ALTPHONE="61"
FAX="61"
TIMEZONE="(UTC+10:00) Canberra, Melbourne, Sydney"
SITEDATEFORMAT="DAY_MONTH_YEAR"
STARTDATE="06/08/2016"
STUDYLOCALE="en-US"
SVAUTOSELECTRATE="100"
SVFIRSTNSUBJECTS="100"
/>


<SITE  NAME="(308) Royal Melbourne Hospital"    MNEMONIC="308"
ADDRESS="Main Building Grattan Street Parkville VIC 3050"
COUNTRY="AUSTRALIA"
PHONE="6161393427000"
ALTPHONE="61"
FAX="61"
TIMEZONE="(UTC+10:00) Canberra, Melbourne, Sydney"
SITEDATEFORMAT="DAY_MONTH_YEAR"
STARTDATE="06/08/2016"
STUDYLOCALE="en-US"
SVAUTOSELECTRATE="100"
SVFIRSTNSUBJECTS="100"
/>


<SITE  NAME="(301) The Prince Charles Hospital"    MNEMONIC="301"
ADDRESS="627 Rode Rd Chermside QLD 4032"
COUNTRY="AUSTRALIA"
PHONE="6161731394000"
ALTPHONE="61"
FAX="61"
TIMEZONE="(UTC+10:00) Canberra, Melbourne, Sydney"
SITEDATEFORMAT="DAY_MONTH_YEAR"
STARTDATE="06/08/2016"
STUDYLOCALE="en-US"
SVAUTOSELECTRATE="100"
SVFIRSTNSUBJECTS="100"
/>


<SITE  NAME="(310) St Vincents Hospital Sydney"    MNEMONIC="310"
ADDRESS="390 Victoria St Darlinghurst NSW 2010"
COUNTRY="AUSTRALIA"
PHONE="6161283823603"
ALTPHONE="61"
FAX="61"
TIMEZONE="(UTC+10:00) Canberra, Melbourne, Sydney"
SITEDATEFORMAT="DAY_MONTH_YEAR"
STARTDATE="06/08/2016"
STUDYLOCALE="en-US"
SVAUTOSELECTRATE="100"
SVFIRSTNSUBJECTS="100"
/>


<SITE  NAME="(304) Eastern Health Box Hill Hospital"    MNEMONIC="304"
ADDRESS="2 5 Arnold Street Box Hill VIC 3128"
COUNTRY="AUSTRALIA"
PHONE="611300342255"
ALTPHONE="61"
FAX="61"
TIMEZONE="(UTC+10:00) Canberra, Melbourne, Sydney"
SITEDATEFORMAT="DAY_MONTH_YEAR"
STARTDATE="06/08/2016"
STUDYLOCALE="en-US"
SVAUTOSELECTRATE="100"
SVFIRSTNSUBJECTS="100"
/>


<SITE  NAME="(311) Central Coast Neurosciences Research"    MNEMONIC="311"
ADDRESS="34 Brougham St East Gosford NSW 2250"
COUNTRY="AUSTRALIA"
PHONE="6161243249811"
ALTPHONE="61"
FAX="61"
TIMEZONE="(UTC+10:00) Canberra, Melbourne, Sydney"
SITEDATEFORMAT="DAY_MONTH_YEAR"
STARTDATE="06/08/2016"
STUDYLOCALE="en-US"
SVAUTOSELECTRATE="100"
SVFIRSTNSUBJECTS="100"
/>


<SITE  NAME="(302) Austin Health"    MNEMONIC="302"
ADDRESS="145 Studley Road Heidelberg VIC 3084"
COUNTRY="AUSTRALIA"
PHONE="6161394965000"
ALTPHONE="61"
FAX="61"
TIMEZONE="(UTC+10:00) Canberra, Melbourne, Sydney"
SITEDATEFORMAT="DAY_MONTH_YEAR"
STARTDATE="06/08/2016"
STUDYLOCALE="en-US"
SVAUTOSELECTRATE="100"
SVFIRSTNSUBJECTS="100"
/>


<SITE  NAME="(309) Neurodegenerative Disorders Research Pty Ltd"    MNEMONIC="309"
ADDRESS="4 Lawrence Avenue West Perth WA 6005"
COUNTRY="AUSTRALIA"
PHONE="6161894816293"
ALTPHONE="61"
FAX="61"
TIMEZONE="(UTC+08:00) Perth"
SITEDATEFORMAT="DAY_MONTH_YEAR"
STARTDATE="06/08/2016"
STUDYLOCALE="en-US"
SVAUTOSELECTRATE="100"
SVFIRSTNSUBJECTS="100"
/>


<SITE  NAME="(300) McCusker Alzheimers Research Foundation"    MNEMONIC="300"
ADDRESS="Suite 17 95 Monash Avenue Nedlands WA 6009"
COUNTRY="AUSTRALIA"
PHONE="6161893474200"
ALTPHONE="61"
FAX="61"
TIMEZONE="(UTC+08:00) Perth"
SITEDATEFORMAT="DAY_MONTH_YEAR"
STARTDATE="06/08/2016"
STUDYLOCALE="en-US"
SVAUTOSELECTRATE="100"
SVFIRSTNSUBJECTS="100"
/>


<SITE  NAME="(203) Toronto Memory Program"    MNEMONIC="203"
ADDRESS="1 Valleybrook Dr Toronto Ontario M3B 2S7"
COUNTRY="CANADA"
PHONE="14163869761"
ALTPHONE="1"
FAX="1"
TIMEZONE="(UTC-05:00) Eastern Time (US &#38; Canada)"
SITEDATEFORMAT="DAY_MONTH_YEAR"
STARTDATE="06/08/2016"
STUDYLOCALE="en-US"
SVAUTOSELECTRATE="100"
SVFIRSTNSUBJECTS="100"
/>


<SITE  NAME="(202) McGill University Research Centre for Studies in Aging"    MNEMONIC="202"
ADDRESS="6825 LaSalle Boulevard Montreal Quebec H4H 1R3"
COUNTRY="CANADA"
PHONE="15.14766e+009"
ALTPHONE="1"
FAX="1"
TIMEZONE="(UTC-05:00) Eastern Time (US &#38; Canada)"
SITEDATEFORMAT="DAY_MONTH_YEAR"
STARTDATE="06/08/2016"
STUDYLOCALE="en-US"
SVAUTOSELECTRATE="100"
SVFIRSTNSUBJECTS="100"
/>


<SITE  NAME="(201) Clinique de la Memoire de l Outaouais"    MNEMONIC="201"
ADDRESS="160 Blvd de l Hopital Suite 30 Gatineau Quebec J8T 8J1"
COUNTRY="CANADA"
PHONE="18.19777e+009"
ALTPHONE="1"
FAX="1"
TIMEZONE="(UTC-05:00) Eastern Time (US &#38; Canada)"
SITEDATEFORMAT="DAY_MONTH_YEAR"
STARTDATE="06/08/2016"
STUDYLOCALE="en-US"
SVAUTOSELECTRATE="100"
SVFIRSTNSUBJECTS="100"
/>


<SITE  NAME="(200) Bruyere Research Institute"    MNEMONIC="200"
ADDRESS="43 Bruyere St Ottawa Ontario K1N 5C8"
COUNTRY="CANADA"
PHONE="16.13563e+009"
ALTPHONE="1"
FAX="1"
TIMEZONE="(UTC-05:00) Eastern Time (US &#38; Canada)"
SITEDATEFORMAT="DAY_MONTH_YEAR"
STARTDATE="06/08/2016"
STUDYLOCALE="en-US"
SVAUTOSELECTRATE="100"
SVFIRSTNSUBJECTS="100"
/>


<SITE  NAME="(149) PCND Neuroscience Research Institute"    MNEMONIC="149"
ADDRESS="15644 Pomerado Road Suite 401 Poway California 92064"
COUNTRY="UNITED STATES"
PHONE="18.58674e+009"
ALTPHONE="1"
FAX="1"
TIMEZONE="(UTC-08:00) Pacific Time (US &#38; Canada)"
SITEDATEFORMAT="DAY_MONTH_YEAR"
STARTDATE="06/08/2016"
STUDYLOCALE="en-US"
SVAUTOSELECTRATE="100"
SVFIRSTNSUBJECTS="100"
/>


<SITE  NAME="(135) Irvine Center for Clinical Research Inc"    MNEMONIC="135"
ADDRESS="16275 Laguna Canyon Road  Suite 100 Irvine California 92618"
COUNTRY="UNITED STATES"
PHONE="19.49753e+009"
ALTPHONE="1"
FAX="1"
TIMEZONE="(UTC-08:00) Pacific Time (US &#38; Canada)"
SITEDATEFORMAT="DAY_MONTH_YEAR"
STARTDATE="06/08/2016"
STUDYLOCALE="en-US"
SVAUTOSELECTRATE="100"
SVFIRSTNSUBJECTS="100"
/>


<SITE  NAME="(127) Las Vegas Medical Research"    MNEMONIC="127"
ADDRESS="8530 W Sunset Road Suite 345 Las Vegas Nevada 89117"
COUNTRY="UNITED STATES"
PHONE="13.10994e+009"
ALTPHONE="1"
FAX="1"
TIMEZONE="(UTC-08:00) Pacific Time (US &#38; Canada)"
SITEDATEFORMAT="DAY_MONTH_YEAR"
STARTDATE="06/08/2016"
STUDYLOCALE="en-US"
SVAUTOSELECTRATE="100"
SVFIRSTNSUBJECTS="100"
/>


<SITE  NAME="(125) UCSF Sandler Neuroscience Center"    MNEMONIC="125"
ADDRESS="675 Nelson Rising Lane Suite 190 San Francisco California"
COUNTRY="UNITED STATES"
PHONE="14.15477e+009"
ALTPHONE="1"
FAX="1"
TIMEZONE="(UTC-08:00) Pacific Time (US &#38; Canada)"
SITEDATEFORMAT="DAY_MONTH_YEAR"
STARTDATE="06/08/2016"
STUDYLOCALE="en-US"
SVAUTOSELECTRATE="100"
SVFIRSTNSUBJECTS="100"
/>


<SITE  NAME="(124) Syrentis Clinical Research"    MNEMONIC="124"
ADDRESS="1401 North Tustin Avenue  Suite 130 Santa Anna California 92705"
COUNTRY="UNITED STATES"
PHONE="17.14542e+009"
ALTPHONE="1"
FAX="1"
TIMEZONE="(UTC-08:00) Pacific Time (US &#38; Canada)"
SITEDATEFORMAT="DAY_MONTH_YEAR"
STARTDATE="06/08/2016"
STUDYLOCALE="en-US"
SVAUTOSELECTRATE="100"
SVFIRSTNSUBJECTS="100"
/>


<SITE  NAME="(123) Sharp Mesa Vista Hospital"    MNEMONIC="123"
ADDRESS="7850 Vista Hill Avenue San Diego California 92123"
COUNTRY="UNITED STATES"
PHONE="18.58695e+009"
ALTPHONE="1"
FAX="1"
TIMEZONE="(UTC-08:00) Pacific Time (US &#38; Canada)"
SITEDATEFORMAT="DAY_MONTH_YEAR"
STARTDATE="06/08/2016"
STUDYLOCALE="en-US"
SVAUTOSELECTRATE="100"
SVFIRSTNSUBJECTS="100"
/>


<SITE  NAME="(150) Sutter Medical Group-Cognitive Neurology"    MNEMONIC="150"
ADDRESS="2800 L Street Ste. 500 Sacramento California 95816"
COUNTRY="UNITED STATES"
PHONE="19.16455e+009"
ALTPHONE="1"
FAX="1"
TIMEZONE="(UTC-08:00) Pacific Time (US &#38; Canada)"
SITEDATEFORMAT="DAY_MONTH_YEAR"
STARTDATE="06/08/2016"
STUDYLOCALE="en-US"
SVAUTOSELECTRATE="100"
SVFIRSTNSUBJECTS="100"
/>


<SITE  NAME="(136) Sonomawest Foundation Research Institute-Neuroscience"    MNEMONIC="136"
ADDRESS="7064 Corlin Court Ste B3 Santa Rosa California 65403"
COUNTRY="UNITED STATES"
PHONE="17.07827e+009"
ALTPHONE="1"
FAX="1"
TIMEZONE="(UTC-08:00) Pacific Time (US &#38; Canada)"
SITEDATEFORMAT="DAY_MONTH_YEAR"
STARTDATE="06/08/2016"
STUDYLOCALE="en-US"
SVAUTOSELECTRATE="100"
SVFIRSTNSUBJECTS="100"
/>


<SITE  NAME="(122) Pacific Research Network Inc"    MNEMONIC="122"
ADDRESS="3003 4th Ave San Diego California 92103"
COUNTRY="UNITED STATES"
PHONE="16.19294e+009"
ALTPHONE="1"
FAX="1"
TIMEZONE="(UTC-08:00) Pacific Time (US &#38; Canada)"
SITEDATEFORMAT="DAY_MONTH_YEAR"
STARTDATE="06/08/2016"
STUDYLOCALE="en-US"
SVAUTOSELECTRATE="100"
SVFIRSTNSUBJECTS="100"
/>


<SITE  NAME="(129) Clinical Research Professionals"    MNEMONIC="129"
ADDRESS="7 The Pines Court Suite D Chesterfield Missouri 63141"
COUNTRY="UNITED STATES"
PHONE="16.3622e+009"
ALTPHONE="1"
FAX="1"
TIMEZONE="(UTC-06:00) Guadalajara, Mexico City, Monterrey"
SITEDATEFORMAT="DAY_MONTH_YEAR"
STARTDATE="06/08/2016"
STUDYLOCALE="en-US"
SVAUTOSELECTRATE="100"
SVFIRSTNSUBJECTS="100"
/>


<SITE  NAME="(128) Millennium Psychiatric Associates LLC"    MNEMONIC="128"
ADDRESS="777 Craig Road Suite 230 Creve Coeur Missouri 63141"
COUNTRY="UNITED STATES"
PHONE="13142980001"
ALTPHONE="1"
FAX="1"
TIMEZONE="(UTC-06:00) Guadalajara, Mexico City, Monterrey"
SITEDATEFORMAT="DAY_MONTH_YEAR"
STARTDATE="06/08/2016"
STUDYLOCALE="en-US"
SVAUTOSELECTRATE="100"
SVFIRSTNSUBJECTS="100"
/>


<SITE  NAME="(145) Univeristy of Texas Health Science Center at Houston Department of Neurology"    MNEMONIC="145"
ADDRESS="1941 East Road Suite 3202 BBSB 3202 Houston Texas 77054"
COUNTRY="UNITED STATES"
PHONE="17.13486e+009"
ALTPHONE="1"
FAX="1"
TIMEZONE="(UTC-06:00) Guadalajara, Mexico City, Monterrey"
SITEDATEFORMAT="DAY_MONTH_YEAR"
STARTDATE="06/08/2016"
STUDYLOCALE="en-US"
SVAUTOSELECTRATE="100"
SVFIRSTNSUBJECTS="100"
/>


<SITE  NAME="(144) Nantz National Alzheimer Center"    MNEMONIC="144"
ADDRESS="Nantz National Alzheimer Center Methodist Neurological Institute 6560 Fannin Suite 802 Houston Texas 77030"
COUNTRY="UNITED STATES"
PHONE="17.13441e+009"
ALTPHONE="1"
FAX="1"
TIMEZONE="(UTC-06:00) Guadalajara, Mexico City, Monterrey"
SITEDATEFORMAT="DAY_MONTH_YEAR"
STARTDATE="06/08/2016"
STUDYLOCALE="en-US"
SVAUTOSELECTRATE="100"
SVFIRSTNSUBJECTS="100"
/>


<SITE  NAME="(138) Knight Alzheimers Disease Research Center"    MNEMONIC="138"
ADDRESS="4488 Forest Park Avenue St Louis Missouri 63108"
COUNTRY="UNITED STATES"
PHONE="13.14286e+009"
ALTPHONE="1"
FAX="1"
TIMEZONE="(UTC-06:00) Guadalajara, Mexico City, Monterrey"
SITEDATEFORMAT="DAY_MONTH_YEAR"
STARTDATE="06/08/2016"
STUDYLOCALE="en-US"
SVAUTOSELECTRATE="100"
SVFIRSTNSUBJECTS="100"
/>


<SITE  NAME="(137) ClinVest  A Division of Banyan Group Inc"    MNEMONIC="137"
ADDRESS="1245 N Butterfield Rd Bolivar Missouri 65613"
COUNTRY="UNITED STATES"
PHONE="14.17327e+009"
ALTPHONE="1"
FAX="1"
TIMEZONE="(UTC-06:00) Guadalajara, Mexico City, Monterrey"
SITEDATEFORMAT="DAY_MONTH_YEAR"
STARTDATE="06/08/2016"
STUDYLOCALE="en-US"
SVAUTOSELECTRATE="100"
SVFIRSTNSUBJECTS="100"
/>


<SITE  NAME="(109) Phoenix Medical Research Inc"    MNEMONIC="109"
ADDRESS="8340 Mission Road Suite 205 Prairie Village Kansas 66206"
COUNTRY="UNITED STATES"
PHONE="19.13381e+009"
ALTPHONE="1"
FAX="1"
TIMEZONE="(UTC-06:00) Central Time (US &#38; Canada)"
SITEDATEFORMAT="DAY_MONTH_YEAR"
STARTDATE="06/08/2016"
STUDYLOCALE="en-US"
SVAUTOSELECTRATE="100"
SVFIRSTNSUBJECTS="100"
/>


<SITE  NAME="(108) Heartland Research Associates East LLC"    MNEMONIC="108"
ADDRESS="1709 South Rock Road Wichita  Kansas 67207"
COUNTRY="UNITED STATES"
PHONE="13.1669e+009"
ALTPHONE="1"
FAX="1"
TIMEZONE="(UTC-06:00) Central Time (US &#38; Canada)"
SITEDATEFORMAT="DAY_MONTH_YEAR"
STARTDATE="06/08/2016"
STUDYLOCALE="en-US"
SVAUTOSELECTRATE="100"
SVFIRSTNSUBJECTS="100"
/>


<SITE  NAME="(107) Cotton ONeil Clinical Research Center a division of Stormont Vail Health"    MNEMONIC="107"
ADDRESS="3520 Southwest Sixth Avenue Topeka Kansas 66606"
COUNTRY="UNITED STATES"
PHONE="17.85368e+009"
ALTPHONE="1"
FAX="1"
TIMEZONE="(UTC-06:00) Central Time (US &#38; Canada)"
SITEDATEFORMAT="DAY_MONTH_YEAR"
STARTDATE="06/08/2016"
STUDYLOCALE="en-US"
SVAUTOSELECTRATE="100"
SVFIRSTNSUBJECTS="100"
/>


<SITE  NAME="(148) Dent Neurosciences Research Institute"    MNEMONIC="148"
ADDRESS="3980 Sheridan Dr. Suite 500 Research Amherst New York 14226"
COUNTRY="UNITED STATES"
PHONE="17.1625e+009"
ALTPHONE="1"
FAX="1"
TIMEZONE="(UTC-05:00) Eastern Time (US &#38; Canada)"
SITEDATEFORMAT="DAY_MONTH_YEAR"
STARTDATE="06/08/2016"
STUDYLOCALE="en-US"
SVAUTOSELECTRATE="100"
SVFIRSTNSUBJECTS="100"
/>


<SITE  NAME="(147) Meridien Research- Brooksville"    MNEMONIC="147"
ADDRESS="16176 Cortez Boulevard Brooksville Florida 34601"
COUNTRY="UNITED STATES"
PHONE="13.52598e+009"
ALTPHONE="1"
FAX="1"
TIMEZONE="(UTC-05:00) Eastern Time (US &#38; Canada)"
SITEDATEFORMAT="DAY_MONTH_YEAR"
STARTDATE="06/08/2016"
STUDYLOCALE="en-US"
SVAUTOSELECTRATE="100"
SVFIRSTNSUBJECTS="100"
/>


<SITE  NAME="(146) Indiana University Department of Neurology"    MNEMONIC="146"
ADDRESS="355 West 16th Street Indianapolis Indiana 46202"
COUNTRY="UNITED STATES"
PHONE="13.17949e+009"
ALTPHONE="1"
FAX="1"
TIMEZONE="(UTC-05:00) Eastern Time (US &#38; Canada)"
SITEDATEFORMAT="DAY_MONTH_YEAR"
STARTDATE="06/08/2016"
STUDYLOCALE="en-US"
SVAUTOSELECTRATE="100"
SVFIRSTNSUBJECTS="100"
/>


<SITE  NAME="(141) Insight Clinical Trials LLC"    MNEMONIC="141"
ADDRESS="3570 Warrensville Center Road Suite 201 Shaker Heights Ohio 44122"
COUNTRY="UNITED STATES"
PHONE="12.16526e+009"
ALTPHONE="1"
FAX="1"
TIMEZONE="(UTC-05:00) Eastern Time (US &#38; Canada)"
SITEDATEFORMAT="DAY_MONTH_YEAR"
STARTDATE="06/08/2016"
STUDYLOCALE="en-US"
SVAUTOSELECTRATE="100"
SVFIRSTNSUBJECTS="100"
/>


<SITE  NAME="(134) Advanced Memory Research Institute of NJ"    MNEMONIC="134"
ADDRESS="9 Mule Road  Suite E-8 and 9 Toms River New Jersey 08755"
COUNTRY="UNITED STATES"
PHONE="17.32342e+009"
ALTPHONE="1"
FAX="1"
TIMEZONE="(UTC-05:00) Eastern Time (US &#38; Canada)"
SITEDATEFORMAT="DAY_MONTH_YEAR"
STARTDATE="06/08/2016"
STUDYLOCALE="en-US"
SVAUTOSELECTRATE="100"
SVFIRSTNSUBJECTS="100"
/>


<SITE  NAME="(131) Christiana Care Health Services Inc"    MNEMONIC="131"
ADDRESS="Swank Memory Center 205 W 14th Street Wilmington Delaware 19801"
COUNTRY="UNITED STATES"
PHONE="13.02321e+009"
ALTPHONE="1"
FAX="1"
TIMEZONE="(UTC-05:00) Eastern Time (US &#38; Canada)"
SITEDATEFORMAT="DAY_MONTH_YEAR"
STARTDATE="06/08/2016"
STUDYLOCALE="en-US"
SVAUTOSELECTRATE="100"
SVFIRSTNSUBJECTS="100"
/>


<SITE  NAME="(130) The Alzheimers Memory Center"    MNEMONIC="130"
ADDRESS="7809 Sardis Road Charlotte North Carolina 28270"
COUNTRY="UNITED STATES"
PHONE="17.04364e+009"
ALTPHONE="1"
FAX="1"
TIMEZONE="(UTC-05:00) Eastern Time (US &#38; Canada)"
SITEDATEFORMAT="DAY_MONTH_YEAR"
STARTDATE="06/08/2016"
STUDYLOCALE="en-US"
SVAUTOSELECTRATE="100"
SVFIRSTNSUBJECTS="100"
/>


<SITE  NAME="(111) Sensible Healthcare"    MNEMONIC="111"
ADDRESS="2700 Old Winter Garden Road Ocoee Florida 34761"
COUNTRY="UNITED STATES"
PHONE="14.07654e+009"
ALTPHONE="1"
FAX="1"
TIMEZONE="(UTC-05:00) Eastern Time (US &#38; Canada)"
SITEDATEFORMAT="DAY_MONTH_YEAR"
STARTDATE="06/08/2016"
STUDYLOCALE="en-US"
SVAUTOSELECTRATE="100"
SVFIRSTNSUBJECTS="100"
/>


<SITE  NAME="(110) Valley Medical Primary Care"    MNEMONIC="110"
ADDRESS="6611 Clyo Road Suite E Centerville Ohio 45459"
COUNTRY="UNITED STATES"
PHONE="19.37209e+009"
ALTPHONE="1"
FAX="1"
TIMEZONE="(UTC-05:00) Eastern Time (US &#38; Canada)"
SITEDATEFORMAT="DAY_MONTH_YEAR"
STARTDATE="06/08/2016"
STUDYLOCALE="en-US"
SVAUTOSELECTRATE="100"
SVFIRSTNSUBJECTS="100"
/>


<SITE  NAME="(105) Lehigh Valley Health Network"    MNEMONIC="105"
ADDRESS="Lehigh Valley Health Network 1210 Building  Suite 1000 Allentown Pennsylvania 18103"
COUNTRY="UNITED STATES"
PHONE="16.10403e+009"
ALTPHONE="1"
FAX="1"
TIMEZONE="(UTC-05:00) Eastern Time (US &#38; Canada)"
SITEDATEFORMAT="DAY_MONTH_YEAR"
STARTDATE="06/08/2016"
STUDYLOCALE="en-US"
SVAUTOSELECTRATE="100"
SVFIRSTNSUBJECTS="100"
/>


<SITE  NAME="(152) University of Cincinnati Health"    MNEMONIC="152"
ADDRESS="1 Elizabeth Place Dayton Ohio 45417"
COUNTRY="UNITED STATES"
PHONE="19.37495e+009"
ALTPHONE="1"
FAX="1"
TIMEZONE="(UTC-05:00) Eastern Time (US &#38; Canada)"
SITEDATEFORMAT="DAY_MONTH_YEAR"
STARTDATE="06/08/2016"
STUDYLOCALE="en-US"
SVAUTOSELECTRATE="100"
SVFIRSTNSUBJECTS="100"
/>


<SITE  NAME="(143) Clinical Trials of South Carolina"    MNEMONIC="143"
ADDRESS="2695 Elms Plantation Blvd Suite A Charleston South Carolina 29406"
COUNTRY="UNITED STATES"
PHONE="18.43726e+009"
ALTPHONE="1"
FAX="1"
TIMEZONE="(UTC-05:00) Eastern Time (US &#38; Canada)"
SITEDATEFORMAT="DAY_MONTH_YEAR"
STARTDATE="06/08/2016"
STUDYLOCALE="en-US"
SVAUTOSELECTRATE="100"
SVFIRSTNSUBJECTS="100"
/>


<SITE  NAME="(142) Pyramid Clinical Research-Monroe"    MNEMONIC="142"
ADDRESS="77 Veronica Avenue Suite 102 Somerset New Jersey 08873"
COUNTRY="UNITED STATES"
PHONE="18.44255e+009"
ALTPHONE="1"
FAX="1"
TIMEZONE="(UTC-05:00) Eastern Time (US &#38; Canada)"
SITEDATEFORMAT="DAY_MONTH_YEAR"
STARTDATE="06/08/2016"
STUDYLOCALE="en-US"
SVAUTOSELECTRATE="100"
SVFIRSTNSUBJECTS="100"
/>


<SITE  NAME="(140) Clinical Trial Center"    MNEMONIC="140"
ADDRESS="815 Greenwood Avenue Suite 12 Suite L-136 Jenkintown Pennsylvania 19046"
COUNTRY="UNITED STATES"
PHONE="12158841700"
ALTPHONE="1"
FAX="1"
TIMEZONE="(UTC-05:00) Eastern Time (US &#38; Canada)"
SITEDATEFORMAT="DAY_MONTH_YEAR"
STARTDATE="06/08/2016"
STUDYLOCALE="en-US"
SVAUTOSELECTRATE="100"
SVFIRSTNSUBJECTS="100"
/>


<SITE  NAME="(139) Chris Recknor MD PC"    MNEMONIC="139"
ADDRESS="2350 Limestone Parkway NorthEast Gainesville Georgia 30501"
COUNTRY="UNITED STATES"
PHONE="17.70535e+009"
ALTPHONE="1"
FAX="1"
TIMEZONE="(UTC-05:00) Eastern Time (US &#38; Canada)"
SITEDATEFORMAT="DAY_MONTH_YEAR"
STARTDATE="06/08/2016"
STUDYLOCALE="en-US"
SVAUTOSELECTRATE="100"
SVFIRSTNSUBJECTS="100"
/>


<SITE  NAME="(133) Suncoast Clinical Research- New Port Richey"    MNEMONIC="133"
ADDRESS="5604 Gulf Drive New Port Richey Florida 34652"
COUNTRY="UNITED STATES"
PHONE="17.27937e+009"
ALTPHONE="1"
FAX="1"
TIMEZONE="(UTC-05:00) Eastern Time (US &#38; Canada)"
SITEDATEFORMAT="DAY_MONTH_YEAR"
STARTDATE="06/08/2016"
STUDYLOCALE="en-US"
SVAUTOSELECTRATE="100"
SVFIRSTNSUBJECTS="100"
/>


<SITE  NAME="(132) New Horizon Research Center"    MNEMONIC="132"
ADDRESS="11880 Bird Road Suite 405 Miami Florida 33175"
COUNTRY="UNITED STATES"
PHONE="13.05226e+009"
ALTPHONE="1"
FAX="1"
TIMEZONE="(UTC-05:00) Eastern Time (US &#38; Canada)"
SITEDATEFORMAT="DAY_MONTH_YEAR"
STARTDATE="06/08/2016"
STUDYLOCALE="en-US"
SVAUTOSELECTRATE="100"
SVFIRSTNSUBJECTS="100"
/>


<SITE  NAME="(121) Albany Medical Faculty Physicians Community Division The Neurology Group"    MNEMONIC="121"
ADDRESS="400 Patroon Creek Blvd Suite 210 Albany New York 12206"
COUNTRY="UNITED STATES"
PHONE="15.1846e+009"
ALTPHONE="1"
FAX="1"
TIMEZONE="(UTC-05:00) Eastern Time (US &#38; Canada)"
SITEDATEFORMAT="DAY_MONTH_YEAR"
STARTDATE="06/08/2016"
STUDYLOCALE="en-US"
SVAUTOSELECTRATE="100"
SVFIRSTNSUBJECTS="100"
/>


<SITE  NAME="(120) The Memory Clinic- Vermont"    MNEMONIC="120"
ADDRESS="357 Shields Dr Bennington Vermont 05201"
COUNTRY="UNITED STATES"
PHONE="14.13281e+009"
ALTPHONE="1"
FAX="1"
TIMEZONE="(UTC-05:00) Eastern Time (US &#38; Canada)"
SITEDATEFORMAT="DAY_MONTH_YEAR"
STARTDATE="06/08/2016"
STUDYLOCALE="en-US"
SVAUTOSELECTRATE="100"
SVFIRSTNSUBJECTS="100"
/>


<SITE  NAME="(119) Boston Center for Memory"    MNEMONIC="119"
ADDRESS="180 Wells Ave  Suite 304 Newton Massachusetts 02459"
COUNTRY="UNITED STATES"
PHONE="16.177e+009"
ALTPHONE="1"
FAX="1"
TIMEZONE="(UTC-05:00) Eastern Time (US &#38; Canada)"
SITEDATEFORMAT="DAY_MONTH_YEAR"
STARTDATE="06/08/2016"
STUDYLOCALE="en-US"
SVAUTOSELECTRATE="100"
SVFIRSTNSUBJECTS="100"
/>


<SITE  NAME="(117) Richmond Behavioral Associates LLC"    MNEMONIC="117"
ADDRESS="4349 Hylan Boulevard Staten Island New York 10312"
COUNTRY="UNITED STATES"
PHONE="17.18318e+009"
ALTPHONE="1"
FAX="1"
TIMEZONE="(UTC-05:00) Eastern Time (US &#38; Canada)"
SITEDATEFORMAT="DAY_MONTH_YEAR"
STARTDATE="06/08/2016"
STUDYLOCALE="en-US"
SVAUTOSELECTRATE="100"
SVFIRSTNSUBJECTS="100"
/>


<SITE  NAME="(116) Memory Enhancement Center of America Inc - Eatontown"    MNEMONIC="116"
ADDRESS="4 Industrial Way West 2n Floor Eatontown New Jersey 07724"
COUNTRY="UNITED STATES"
PHONE="17.32263e+009"
ALTPHONE="1"
FAX="1"
TIMEZONE="(UTC-05:00) Eastern Time (US &#38; Canada)"
SITEDATEFORMAT="DAY_MONTH_YEAR"
STARTDATE="06/08/2016"
STUDYLOCALE="en-US"
SVAUTOSELECTRATE="100"
SVFIRSTNSUBJECTS="100"
/>


<SITE  NAME="(115) Bio Behavioral Health"    MNEMONIC="115"
ADDRESS="20 Hospital Drive Suite 12 Toms River New Jersey 08755"
COUNTRY="UNITED STATES"
PHONE="17322442299"
ALTPHONE="1"
FAX="1"
TIMEZONE="(UTC-05:00) Eastern Time (US &#38; Canada)"
SITEDATEFORMAT="DAY_MONTH_YEAR"
STARTDATE="06/08/2016"
STUDYLOCALE="en-US"
SVAUTOSELECTRATE="100"
SVFIRSTNSUBJECTS="100"
/>


<SITE  NAME="(114) Axiom Research of Florida"    MNEMONIC="114"
ADDRESS="2919 Swann Avenue Suite 105A Tampa Florida 33609"
COUNTRY="UNITED STATES"
PHONE="18.13354e+009"
ALTPHONE="1"
FAX="1"
TIMEZONE="(UTC-05:00) Eastern Time (US &#38; Canada)"
SITEDATEFORMAT="DAY_MONTH_YEAR"
STARTDATE="06/08/2016"
STUDYLOCALE="en-US"
SVAUTOSELECTRATE="100"
SVFIRSTNSUBJECTS="100"
/>


<SITE  NAME="(113) Renstar Medical Research"    MNEMONIC="113"
ADDRESS="104 SE  1st Avenue Suite B Ocala Florida 34471"
COUNTRY="UNITED STATES"
PHONE="13.5263e+009"
ALTPHONE="1"
FAX="1"
TIMEZONE="(UTC-05:00) Eastern Time (US &#38; Canada)"
SITEDATEFORMAT="DAY_MONTH_YEAR"
STARTDATE="06/08/2016"
STUDYLOCALE="en-US"
SVAUTOSELECTRATE="100"
SVFIRSTNSUBJECTS="100"
/>


<SITE  NAME="(112) Alzheimers Research and Treatment Center"    MNEMONIC="112"
ADDRESS="5065 State Road 7  Suite 102 Lake Worth Florida 33449"
COUNTRY="UNITED STATES"
PHONE="15.61209e+009"
ALTPHONE="1"
FAX="1"
TIMEZONE="(UTC-05:00) Eastern Time (US &#38; Canada)"
SITEDATEFORMAT="DAY_MONTH_YEAR"
STARTDATE="06/08/2016"
STUDYLOCALE="en-US"
SVAUTOSELECTRATE="100"
SVFIRSTNSUBJECTS="100"
/>


<SITE  NAME="(104) Blue Ridge Research Center"    MNEMONIC="104"
ADDRESS="4431 Starkey Road Suite 101 Roanoke Virginia 24018"
COUNTRY="UNITED STATES"
PHONE="15.40342e+009"
ALTPHONE="1"
FAX="1"
TIMEZONE="(UTC-05:00) Eastern Time (US &#38; Canada)"
SITEDATEFORMAT="DAY_MONTH_YEAR"
STARTDATE="06/08/2016"
STUDYLOCALE="en-US"
SVAUTOSELECTRATE="100"
SVFIRSTNSUBJECTS="100"
/>


<SITE  NAME="(102) Lehigh Center for Clinical Research"    MNEMONIC="102"
ADDRESS="401 North 17th Street Suite 207 Allentown Pennsylvania 18104"
COUNTRY="UNITED STATES"
PHONE="16108200342"
ALTPHONE="1"
FAX="1"
TIMEZONE="(UTC-05:00) Eastern Time (US &#38; Canada)"
SITEDATEFORMAT="DAY_MONTH_YEAR"
STARTDATE="06/08/2016"
STUDYLOCALE="en-US"
SVAUTOSELECTRATE="100"
SVFIRSTNSUBJECTS="100"
/>


<SITE  NAME="(100) John Hopkins University School of Medicine"    MNEMONIC="100"
ADDRESS="5300 Alpha Commons Drive Baltimore Maryland 21205"
COUNTRY="UNITED STATES"
PHONE="14.10551e+009"
ALTPHONE="1"
FAX="1"
TIMEZONE="(UTC-05:00) Eastern Time (US &#38; Canada)"
SITEDATEFORMAT="DAY_MONTH_YEAR"
STARTDATE="06/08/2016"
STUDYLOCALE="en-US"
SVAUTOSELECTRATE="100"
SVFIRSTNSUBJECTS="100"
/>


<SITE  NAME="(155) Ft Wayne Neurological Center"    MNEMONIC="155"
ADDRESS="7956 W Jefferson Blvd Ft Wayne Indiana 46804"
COUNTRY="UNITED STATES"
PHONE="12.60436e+009"
ALTPHONE="1"
FAX="1"
TIMEZONE="(UTC-05:00) Eastern Time (US &#38; Canada)"
SITEDATEFORMAT="DAY_MONTH_YEAR"
STARTDATE="06/08/2016"
STUDYLOCALE="en-US"
SVAUTOSELECTRATE="100"
SVFIRSTNSUBJECTS="100"
/>


</MEDMLDATA>