<?xml version="1.0"?>
<MEDMLDATA xmlns="PhaseForward-MedML-Inform4">


<RIGHTSGROUP  GROUPNAME="Coding Query Rights Group">
<!-- Insert Users -->
<USERREF USERNAME="coder_query"/>

</RIGHTSGROUP>

<RIGHTSGROUP  GROUPNAME="Data Manager">
<!-- Insert Users -->
<USERREF USERNAME="z2x2291"/>

</RIGHTSGROUP>

<RIGHTSGROUP  GROUPNAME="GPS">
<!-- Insert Users -->
<USERREF USERNAME="c068505"/>
<USERREF USERNAME="c149066"/>
<USERREF USERNAME="c079244"/>
<USERREF USERNAME="rm90029"/>
<USERREF USERNAME="c228250"/>
<USERREF USERNAME="wj01740"/>
<USERREF USERNAME="wj10098"/>
<USERREF USERNAME="c198562"/>
<USERREF USERNAME="c224208"/>
<USERREF USERNAME="c209853"/>
<USERREF USERNAME="c218040"/>
<USERREF USERNAME="c083101"/>
<USERREF USERNAME="c219905"/>
<USERREF USERNAME="c090108"/>
<USERREF USERNAME="c074090"/>
<USERREF USERNAME="c060736"/>
<USERREF USERNAME="c026390"/>
<USERREF USERNAME="a608261"/>
<USERREF USERNAME="c143125"/>
<USERREF USERNAME="c135748"/>
<USERREF USERNAME="c149470"/>
<USERREF USERNAME="a803075"/>
<USERREF USERNAME="rm87794"/>
<USERREF USERNAME="c199642"/>
<USERREF USERNAME="c223292"/>
<USERREF USERNAME="c068502"/>
<USERREF USERNAME="c228246"/>
<USERREF USERNAME="c228248"/>
<USERREF USERNAME="c114196"/>
<USERREF USERNAME="wJ01513"/>
<USERREF USERNAME="v4x1447"/>
<USERREF USERNAME="c181877"/>
<USERREF USERNAME="c225889"/>
<USERREF USERNAME="c175391"/>
<USERREF USERNAME="c003859"/>
<USERREF USERNAME="rm89018"/>
<USERREF USERNAME="c069132"/>
<USERREF USERNAME="c015393"/>
<USERREF USERNAME="c057362"/>
<USERREF USERNAME="c071673"/>
<USERREF USERNAME="c039825"/>
<USERREF USERNAME="v6x8058"/>
<USERREF USERNAME="c206591"/>
<USERREF USERNAME="c039853"/>
<USERREF USERNAME="c085302"/>
<USERREF USERNAME="c074342"/>
<USERREF USERNAME="c021984"/>
<USERREF USERNAME="c149177"/>
<USERREF USERNAME="rm35504"/>
<USERREF USERNAME="c131994"/>
<USERREF USERNAME="ye91098"/>
<USERREF USERNAME="yex7972"/>
<USERREF USERNAME="v6x8356"/>
<USERREF USERNAME="c022433"/>
<USERREF USERNAME="c025980"/>
<USERREF USERNAME="c039863"/>
<USERREF USERNAME="c137396"/>
<USERREF USERNAME="c149176"/>
<USERREF USERNAME="c219898"/>
<USERREF USERNAME="c075541"/>
<USERREF USERNAME="a701824"/>
<USERREF USERNAME="c074429"/>
<USERREF USERNAME="c026393"/>
<USERREF USERNAME="a608760"/>
<USERREF USERNAME="c058698"/>
<USERREF USERNAME="u7x2510"/>
<USERREF USERNAME="yex7920"/>
<USERREF USERNAME="rm36132"/>
<USERREF USERNAME="a511471"/>
<USERREF USERNAME="rm80655"/>
<USERREF USERNAME="c196248"/>
<USERREF USERNAME="c218621"/>
<USERREF USERNAME="c196683"/>
<USERREF USERNAME="c228249"/>
<USERREF USERNAME="c228247"/>

</RIGHTSGROUP>

<RIGHTSGROUP  GROUPNAME="Monitor">
<!-- Insert Users -->
<USERREF USERNAME="z2x6670"/>
<USERREF USERNAME="psingh"/>
<USERREF USERNAME="z2x1970"/>
<USERREF USERNAME="c227019"/>
<USERREF USERNAME="c232284"/>
<USERREF USERNAME="c198899"/>
<USERREF USERNAME="c230206"/>
<USERREF USERNAME="c233002"/>
<USERREF USERNAME="msvelivelli"/>
<USERREF USERNAME="z1x0689"/>
<USERREF USERNAME="c230207"/>
<USERREF USERNAME="z1x2075"/>
<USERREF USERNAME="z2x2089"/>
<USERREF USERNAME="z2x2461"/>
<USERREF USERNAME="z2x2415"/>
<USERREF USERNAME="c224867"/>
<USERREF USERNAME="c233004"/>
<USERREF USERNAME="c232958"/>
<USERREF USERNAME="z1x1800"/>
<USERREF USERNAME="c218387"/>
<USERREF USERNAME="c227906"/>
<USERREF USERNAME="c022554"/>
<USERREF USERNAME="z1x1826"/>
<USERREF USERNAME="c229512"/>
<USERREF USERNAME="c233003"/>
<USERREF USERNAME="jexenberger"/>
<USERREF USERNAME="c234576"/>
<USERREF USERNAME="c179686"/>
<USERREF USERNAME="c200015"/>

</RIGHTSGROUP>

<RIGHTSGROUP  GROUPNAME="Monitor Manager">
<!-- Insert Users -->
<USERREF USERNAME="z1x2000"/>
<USERREF USERNAME="rm82777"/>
<USERREF USERNAME="z2x7948"/>
<USERREF USERNAME="z1x0368"/>
<USERREF USERNAME="rm93488"/>
<USERREF USERNAME="z1x1896"/>
<USERREF USERNAME="c230208"/>
<USERREF USERNAME="ngoushleff"/>
<USERREF USERNAME="z3x0576"/>

</RIGHTSGROUP>

<RIGHTSGROUP  GROUPNAME="PFView Only">
<!-- Insert Users -->
<USERREF USERNAME="ZPFkbarkoczi"/>
<USERREF USERNAME="ZPFskonig"/>
<USERREF USERNAME="andrea.flathers@oracle.com"/>

</RIGHTSGROUP>

<RIGHTSGROUP  GROUPNAME="PI">
<!-- Insert Users -->
<USERREF USERNAME="bbrew"/>
<USERREF USERNAME="mwoodward"/>
<USERREF USERNAME="cpulle"/>
<USERREF USERNAME="rclarnette"/>
<USERREF USERNAME="gbyrne"/>
<USERREF USERNAME="tobrien"/>
<USERREF USERNAME="smacfarlane"/>
<USERREF USERNAME="pdrysdale"/>
<USERREF USERNAME="abrodtman"/>
<USERREF USERNAME="ppanegyres"/>
<USERREF USERNAME="dcrimmins"/>

</RIGHTSGROUP>

<RIGHTSGROUP  GROUPNAME="PI Sign Only">
<!-- Insert Users -->
<USERREF USERNAME="mplopper"/>
<USERREF USERNAME="jduffy"/>
<USERREF USERNAME="aboxer"/>
<USERREF USERNAME="bmocherla"/>
<USERREF USERNAME="fsicuro"/>
<USERREF USERNAME="skaul"/>
<USERREF USERNAME="mbolouri"/>
<USERREF USERNAME="jellison"/>
<USERREF USERNAME="fmiranda"/>
<USERREF USERNAME="vatit"/>
<USERREF USERNAME="ssharma"/>
<USERREF USERNAME="elee"/>
<USERREF USERNAME="abernstein"/>
<USERREF USERNAME="cschreiber"/>
<USERREF USERNAME="jmorris"/>
<USERREF USERNAME="crecknor"/>
<USERREF USERNAME="mkalafer"/>
<USERREF USERNAME="dgould"/>
<USERREF USERNAME="jgreenberg"/>
<USERREF USERNAME="dstickler"/>
<USERREF USERNAME="bspann"/>
<USERREF USERNAME="pschulz"/>
<USERREF USERNAME="mfarlow"/>
<USERREF USERNAME="kmaw"/>
<USERREF USERNAME="hcapote"/>
<USERREF USERNAME="gho"/>
<USERREF USERNAME="skile"/>
<USERREF USERNAME="lgoldstick"/>
<USERREF USERNAME="afrank"/>
<USERREF USERNAME="rbergeron"/>
<USERREF USERNAME="sgauthier"/>
<USERREF USERNAME="scohen"/>
<USERREF USERNAME="prosenberg"/>
<USERREF USERNAME="pgross"/>
<USERREF USERNAME="jburch"/>
<USERREF USERNAME="lspikol"/>
<USERREF USERNAME="steeter"/>
<USERREF USERNAME="dstclair"/>
<USERREF USERNAME="apatel"/>
<USERREF USERNAME="mornstein"/>
<USERREF USERNAME="sthein"/>
<USERREF USERNAME="dhart"/>
<USERREF USERNAME="cmurphy"/>
<USERREF USERNAME="psolomon"/>
<USERREF USERNAME="mdibuono"/>
<USERREF USERNAME="ssteen"/>
<USERREF USERNAME="jnardandrea"/>
<USERREF USERNAME="dwatson"/>
<USERREF USERNAME="ktaylor"/>
<USERREF USERNAME="mpatel"/>
<USERREF USERNAME="jstevens"/>
<USERREF USERNAME="hthomas"/>

</RIGHTSGROUP>

<RIGHTSGROUP  GROUPNAME="Report Extractor">
<!-- Insert Users -->
<USERREF USERNAME="i7xmcllcf_RE"/>

</RIGHTSGROUP>

<RIGHTSGROUP  GROUPNAME="SC">
<!-- Insert Users -->
<USERREF USERNAME="kmcmahon"/>
<USERREF USERNAME="dgermaine"/>
<USERREF USERNAME="bgable"/>
<USERREF USERNAME="aready"/>
<USERREF USERNAME="cwhittington"/>
<USERREF USERNAME="rguedes"/>
<USERREF USERNAME="ksmith"/>
<USERREF USERNAME="rolsen"/>
<USERREF USERNAME="tparnitvithikul"/>
<USERREF USERNAME="kergle"/>
<USERREF USERNAME="kskoff"/>
<USERREF USERNAME="fkilkenny"/>
<USERREF USERNAME="manderson"/>
<USERREF USERNAME="cting"/>
<USERREF USERNAME="dkocks"/>
<USERREF USERNAME="hvreeland"/>
<USERREF USERNAME="sfowler"/>
<USERREF USERNAME="epoggi"/>
<USERREF USERNAME="akohn"/>
<USERREF USERNAME="ashaikh"/>
<USERREF USERNAME="slawrence"/>
<USERREF USERNAME="fschafer"/>
<USERREF USERNAME="lsainz"/>
<USERREF USERNAME="jdinatale"/>
<USERREF USERNAME="achristian"/>
<USERREF USERNAME="bbauer"/>
<USERREF USERNAME="oromm"/>
<USERREF USERNAME="nkish"/>
<USERREF USERNAME="lsorrentino"/>
<USERREF USERNAME="rcox"/>
<USERREF USERNAME="mmcnamarakilian"/>
<USERREF USERNAME="jberkemeier"/>
<USERREF USERNAME="mmorton"/>
<USERREF USERNAME="lvivash"/>
<USERREF USERNAME="cmacfarlane"/>
<USERREF USERNAME="vadamopoulos"/>
<USERREF USERNAME="jluayon"/>
<USERREF USERNAME="vspanola"/>
<USERREF USERNAME="lfedele"/>
<USERREF USERNAME="lpopejackson"/>
<USERREF USERNAME="mcasey"/>
<USERREF USERNAME="bgaydos"/>
<USERREF USERNAME="mdobrina"/>
<USERREF USERNAME="lbisesi"/>
<USERREF USERNAME="mkoestler"/>
<USERREF USERNAME="jbachowska"/>
<USERREF USERNAME="bhonke"/>
<USERREF USERNAME="arumfelt"/>
<USERREF USERNAME="jporto"/>
<USERREF USERNAME="kgreenbaum"/>
<USERREF USERNAME="thess"/>
<USERREF USERNAME="mcheesman"/>
<USERREF USERNAME="dkemp"/>
<USERREF USERNAME="rruelas"/>
<USERREF USERNAME="drivero"/>
<USERREF USERNAME="cacevedo"/>
<USERREF USERNAME="cvisconti"/>
<USERREF USERNAME="jgarrett"/>
<USERREF USERNAME="ohasan"/>
<USERREF USERNAME="abrooke"/>
<USERREF USERNAME="mrainka"/>
<USERREF USERNAME="jcui"/>
<USERREF USERNAME="tdonnel"/>
<USERREF USERNAME="slacy"/>
<USERREF USERNAME="blloyd"/>
<USERREF USERNAME="bpaquin"/>
<USERREF USERNAME="mpolcaro"/>
<USERREF USERNAME="vgiardino"/>
<USERREF USERNAME="kthurairasa"/>
<USERREF USERNAME="afinkle"/>
<USERREF USERNAME="kressler"/>
<USERREF USERNAME="kguinn"/>
<USERREF USERNAME="jrichardson"/>
<USERREF USERNAME="smaldonado"/>
<USERREF USERNAME="earnold"/>
<USERREF USERNAME="cmccarthy"/>
<USERREF USERNAME="kblunden"/>

</RIGHTSGROUP>

<RIGHTSGROUP  GROUPNAME="Study Manager">
<!-- Insert Users -->
<USERREF USERNAME="c158128"/>
<USERREF USERNAME="c092527"/>
<USERREF USERNAME="z1x5621"/>
<USERREF USERNAME="z2x3957"/>
<USERREF USERNAME="c214487"/>

</RIGHTSGROUP>

<RIGHTSGROUP  GROUPNAME="User Activator RG">
<!-- Insert Users -->
<USERREF USERNAME="ZPFobodnar"/>
<USERREF USERNAME="ZPFnkovacs"/>
<USERREF USERNAME="ZPFmandone"/>
<USERREF USERNAME="ZPFepenzes"/>
<USERREF USERNAME="ZPFedervishaj"/>
<USERREF USERNAME="ZPFdnagy"/>
<USERREF USERNAME="ZPFprojas"/>
<USERREF USERNAME="ZPFckalinyak"/>
<USERREF USERNAME="ZPFabalogh"/>
<USERREF USERNAME="ZPFsdamato"/>
<USERREF USERNAME="ZPFrducusin"/>
<USERREF USERNAME="ZPFrcalorico"/>
<USERREF USERNAME="ZPFpvamos"/>
<USERREF USERNAME="ZPFcmolom"/>

</RIGHTSGROUP>

<RIGHTSGROUP  GROUPNAME="User Manager RG">
<!-- Insert Users -->
<USERREF USERNAME="ZPFkcco"/>
<USERREF USERNAME="ZPFkcsobalyka"/>
<USERREF USERNAME="ZPFkkovacs"/>
<USERREF USERNAME="ZPFklim"/>
<USERREF USERNAME="ZPFkpinter"/>
<USERREF USERNAME="ZPFlbalubar"/>
<USERREF USERNAME="ZPFlcseke"/>
<USERREF USERNAME="ZPFlmate"/>
<USERREF USERNAME="ZPFmkhella"/>
<USERREF USERNAME="ZPFmtoth"/>
<USERREF USERNAME="ZPFnqi"/>
<USERREF USERNAME="ZPFnreis"/>
<USERREF USERNAME="ZPFnvergara"/>
<USERREF USERNAME="ZPFoely"/>
<USERREF USERNAME="ZPFpvallar"/>
<USERREF USERNAME="ZPFrsulit"/>
<USERREF USERNAME="ZPFsaguilar"/>
<USERREF USERNAME="ZPFsdasilva"/>
<USERREF USERNAME="ZPFskholti"/>
<USERREF USERNAME="ZPFstayco"/>
<USERREF USERNAME="ZPFtcabanes"/>
<USERREF USERNAME="ZPFtfabian"/>
<USERREF USERNAME="ZPFtszabo"/>
<USERREF USERNAME="ZPFijohl"/>
<USERREF USERNAME="ZPFgyvarga"/>
<USERREF USERNAME="ZPFvzdirko"/>
<USERREF USERNAME="ZPFfvarga"/>
<USERREF USERNAME="ZPFfillesy"/>
<USERREF USERNAME="ZPFekosa"/>
<USERREF USERNAME="ZPFdvittay"/>
<USERREF USERNAME="ZPFddiomede"/>
<USERREF USERNAME="ZPFcmercado"/>
<USERREF USERNAME="ZPFawarsama"/>
<USERREF USERNAME="ZPFaterjek"/>
<USERREF USERNAME="ZPFasomogyi"/>
<USERREF USERNAME="ZPFapervaiz"/>
<USERREF USERNAME="ZPFaktoth"/>
<USERREF USERNAME="ZPFgkrucso"/>

</RIGHTSGROUP>

<RIGHTSGROUP  GROUPNAME="VO">
<!-- Insert Users -->
<USERREF USERNAME="SKlein"/>
<USERREF USERNAME="CKing"/>
<USERREF USERNAME="WHuber"/>
<USERREF USERNAME="rm87939"/>
<USERREF USERNAME="v6x6306"/>
<USERREF USERNAME="KLi"/>
<USERREF USERNAME="MHaeusler"/>
<USERREF USERNAME="NDarrington"/>
<USERREF USERNAME="CBrelage"/>

</RIGHTSGROUP>

</MEDMLDATA>