<?xml version="1.0"?>
<MEDMLDATA xmlns="PhaseForward-MedML-Inform4">

<ITEMGROUP 
GROUPNAME="Data_Manager_ReadOnly"
GROUPDESCRIPTION="Items that are hidden by design and should be viewable to Data Manager.">
 <!-- Insert ItemRef Names -->
<ITEMREF REFNAME="LBTEST_GLS_A20_LB9F7"/>
<ITEMREF REFNAME="LBTEST_GLS_A27_LB9F7"/>
<ITEMREF REFNAME="LBTEST_GLS_A40_LB9F9"/>
<ITEMREF REFNAME="LBTEST_GLS_A45_LB9F8"/>
<ITEMREF REFNAME="LBTEST_GLS_B40_LB9F9"/>
<ITEMREF REFNAME="LBTEST_GLS_E01_LB9F8"/>
<ITEMREF REFNAME="LBTEST_GLS_E03_LB9F8"/>
<ITEMREF REFNAME="LBTEST_GLS_E12_LB9F8"/>
<ITEMREF REFNAME="LBTEST_GLS_E13_LB9F8"/>
<ITEMREF REFNAME="LBTEST_GLS_E17_LB9F8"/>
<ITEMREF REFNAME="LBTEST_GLS_E82_LB9F8"/>
<ITEMREF REFNAME="LBTEST_GLS_E83_LB9F8"/>
<ITEMREF REFNAME="LBTEST_GLS_G01_LB9F8"/>
<ITEMREF REFNAME="LBTEST_GLS_G03_LB9F8"/>
<ITEMREF REFNAME="LBTEST_GLS_J03_LB9F6"/>
<ITEMREF REFNAME="LBTEST_GLS_J16_LB9F6"/>
<ITEMREF REFNAME="LBTEST_GLS_J26_LB9F6"/>
<ITEMREF REFNAME="LBTEST_GLS_J28_LB9F6"/>
<ITEMREF REFNAME="LBTEST_GLS_J69_LB9F6"/>
<ITEMREF REFNAME="LBTEST_GLS_J74_LB9F6"/>
<ITEMREF REFNAME="LBTEST_GLS_J76_LB9F6"/>
<ITEMREF REFNAME="LBTEST_GLS_J78_LB9F6"/>
<ITEMREF REFNAME="LBTEST_GLS_JB5_LB9F6"/>
<ITEMREF REFNAME="LBTEST_GLS_JD4_LB9F6"/>
<ITEMREF REFNAME="LBTEST_GLS_JM2_LB9F6"/>
<ITEMREF REFNAME="LBTEST_GLS_KB8_LB9F6"/>
<ITEMREF REFNAME="LBTEST_GLS_RA0_LB9F6"/>
<ITEMREF REFNAME="LBNAM_LB9F6"/>
<ITEMREF REFNAME="LBNAM_LB9F7"/>
<ITEMREF REFNAME="LBNAM_LB9F8"/>
<ITEMREF REFNAME="LBNAM_LB9F9"/>
<ITEMREF REFNAME="LBNAMCD_LB9F6"/>
<ITEMREF REFNAME="LBNAMCD_LB9F7"/>
<ITEMREF REFNAME="LBNAMCD_LB9F8"/>
<ITEMREF REFNAME="LBNAMCD_LB9F9"/>
<ITEMREF REFNAME="LBCAT_LB9F6"/>
<ITEMREF REFNAME="LBCAT_LB9F7"/>
<ITEMREF REFNAME="LBCAT_LB9F8"/>
<ITEMREF REFNAME="LBCAT_LB9F9"/>
<ITEMREF REFNAME="LRSSEVAL_LRSS1001_F1"/>
<ITEMREF REFNAME="LRSSOBJ_LRSS1001_F1"/>
<ITEMREF REFNAME="FACAT_LRSS1001_F1"/>
<ITEMREF REFNAME="FACAT_SFUQ3F1"/>
<ITEMREF REFNAME="FACAT_SFUQ3F2"/>
<ITEMREF REFNAME="FACAT_SKE2001_F1"/>
<ITEMREF REFNAME="FASPID_LRSS1001_F1"/>
<ITEMREF REFNAME="SFUQEVAL_SFUQ3F1"/>
<ITEMREF REFNAME="SFUQEVAL_SFUQ3F2"/>
<ITEMREF REFNAME="SUCAT_TOBACCO_SU3F2"/>
<ITEMREF REFNAME="FACAT_SK2FSTA1F1"/>
<ITEMREF REFNAME="MHLLT_MH7001_F1"/>
<ITEMREF REFNAME="MHLLTCD_MH7001_F1"/>
<ITEMREF REFNAME="MHLLTCDPRESP_MH1APMH"/>
<ITEMREF REFNAME="MHSPID_2_MH1APMH"/>
<ITEMREF REFNAME="MHTERM_MAP_MH7001_F1"/>
<ITEMREF REFNAME="SUCAT_ALCOHOL_SU1F2"/>
<ITEMREF REFNAME="SUCAT_CAFFEINE_SU2F1"/>
<ITEMREF REFNAME="MHPRESP_MHPRESP1F3"/>
<ITEMREF REFNAME="NPIEVAL_NPI2001_F1"/>
<ITEMREF REFNAME="FTCAT_MOCA2001_F1"/>
<ITEMREF REFNAME="SUPRESP_SU1F2"/>
<ITEMREF REFNAME="SUPRESP_SU3F2"/>
<ITEMREF REFNAME="SUCAT_REC_DRUG_SU5F1"/>
<ITEMREF REFNAME="VSCAT_VS1F3"/>
<ITEMREF REFNAME="VSCAT_VS1F4"/>
<ITEMREF REFNAME="QSCAT_ADASS3F1"/>
<ITEMREF REFNAME="QSCAT_ADL2001_F1"/>
<ITEMREF REFNAME="QSCAT_BASQID1001"/>
<ITEMREF REFNAME="QSCAT_CSS08001_F1"/>
<ITEMREF REFNAME="QSCAT_CSS7F1"/>
<ITEMREF REFNAME="QSCAT_ECOGIC1_F1"/>
<ITEMREF REFNAME="QSCAT_FAQ2001_F1"/>
<ITEMREF REFNAME="QSCAT_HRFA1F1"/>
<ITEMREF REFNAME="QSCAT_MMSE12001_F1"/>
<ITEMREF REFNAME="QSCAT_NPI2001_F1"/>
<ITEMREF REFNAME="QSCAT_SK2FSTA1F1"/>
<ITEMREF REFNAME="ADLEVAL_ADL2001_F1"/>
<ITEMREF REFNAME="DICT_DICTVER_AE3001_F1"/>
<ITEMREF REFNAME="DICT_DICTVER_CM1F2"/>
<ITEMREF REFNAME="DICT_DICTVER_CM3001_F1"/>
<ITEMREF REFNAME="DICT_DICTVER_MH7001_F1"/>
<ITEMREF REFNAME="DICT_DICTVER_MHPRESP1F3"/>
<ITEMREF REFNAME="AEDECOD_AE3001_F1"/>
<ITEMREF REFNAME="AELLTCD_AE3001_F1"/>
<ITEMREF REFNAME="AELLT_AE3001_F1"/>
<ITEMREF REFNAME="AECAT_AE3001_F1"/>
<ITEMREF REFNAME="AETERM_MAP_AE3001_F1"/>
<ITEMREF REFNAME="AECAT_AE3001_F2"/>
<ITEMREF REFNAME="APID_APDM_APSC_F1S2"/>
<ITEMREF REFNAME="APSCSREL_APDM_APSC_F1"/>
<ITEMREF REFNAME="APSCSPID_APDM_APSC_F1S"/>
<ITEMREF REFNAME="APID1_ALPHA_APMH1F1"/>
<ITEMREF REFNAME="APID1_AUTO_APMH1F1"/>
<ITEMREF REFNAME="APID1_HEMO_APMH1F1"/>
<ITEMREF REFNAME="APMHPRESP_ALPHA_APMH1F1"/>
<ITEMREF REFNAME="APMHPRESP_AUTO_APMH1F1"/>
<ITEMREF REFNAME="APMHPRESP_HEMO_APMH1F1"/>
<ITEMREF REFNAME="MHLLTCDPRESP_ALPH_APMH1F1"/>
<ITEMREF REFNAME="MHLLTCDPRESP_AUTO_APMH1F1"/>
<ITEMREF REFNAME="MHLLTCDPRESP_HEMO_APMH1F1"/>
<ITEMREF REFNAME="MHCAT_4_APMH1F1"/>
<ITEMREF REFNAME="MHCAT_4_MHPRESP1F3"/>
<ITEMREF REFNAME="MHCAT_MH7001_F1"/>
<ITEMREF REFNAME="MHDECOD_MH7001_F1"/>
<ITEMREF REFNAME="XPCAT_BR1001_F1"/>
<ITEMREF REFNAME="CMCAT_CM1F2"/>
<ITEMREF REFNAME="CMSCAT_CM1F2"/>
<ITEMREF REFNAME="CMDECOD_CM1F2"/>
<ITEMREF REFNAME="CMDECOD_CM3001_F1"/>
<ITEMREF REFNAME="CMCAT_CM3001_F1"/>
<ITEMREF REFNAME="CMCLASCD_CM1F2"/>
<ITEMREF REFNAME="CMCLASCD_CM3001_F1"/>
<ITEMREF REFNAME="CMCLAS_CM1F2"/>
<ITEMREF REFNAME="CMPRESP_CM3001_F1"/>
<ITEMREF REFNAME="CMTRADNM_CM1F2"/>
<ITEMREF REFNAME="CMTRADNM_CM3001_F1"/>
<ITEMREF REFNAME="CMTRT_MAP_CM1F2"/>
<ITEMREF REFNAME="CMTRT_CM3001_F1"/>
<ITEMREF REFNAME="TRTTERMCD_CM1F2"/>
<ITEMREF REFNAME="TRTTERMCD_CM3001_F1"/>
<ITEMREF REFNAME="CSSEVAL_CSS7F1"/>
<ITEMREF REFNAME="CSSEVAL_CSS08001_F1"/>
<ITEMREF REFNAME="CVTMTHD_CVT2001_F1"/>
<ITEMREF REFNAME="CVTMTHD_CVT2001_F2"/>
<ITEMREF REFNAME="FAQEVAL_FAQ2001_F1"/>
<ITEMREF REFNAME="FAQMTHD_FAQ2001_F1"/>
<ITEMREF REFNAME="PRCAT_HMPR1F1"/>
<ITEMREF REFNAME="PRPRESP_HMPR1F1"/>
<ITEMREF REFNAME="PRSPID_HMPR1F1"/>
<ITEMREF REFNAME="HRFAEVAL_HRFA1F1"/>
<ITEMREF REFNAME="QSEVLINT_HRFA1F1"/>
<ITEMREF REFNAME="OECAT_IOP2001_F1"/>
<ITEMREF REFNAME="OECAT_VACE2F1"/>
<ITEMREF REFNAME="LBTEST_GLS_A01_LB9F7"/>
<ITEMREF REFNAME="LBTEST_GLS_A02_LB9F7"/>
<ITEMREF REFNAME="LBTEST_GLS_A03_LB9F7"/>
<ITEMREF REFNAME="LBTEST_GLS_A10_LB9F7"/>
<ITEMREF REFNAME="LBTEST_GLS_A14_LB9F7"/>
<ITEMREF REFNAME="LBTEST_GLS_A15_LB9F7"/>
<ITEMREF REFNAME="LBTEST_GLS_A16_LB9F7"/>
<ITEMREF REFNAME="LBTEST_GLS_A17_LB9F7"/>
<ITEMREF REFNAME="QSEVINTX_CSS7F1"/>
<ITEMREF REFNAME="QSEVLINT_CSS7F1"/>
<ITEMREF REFNAME="QSEVINTX_CSS08001_F1"/>
<ITEMREF REFNAME="OECAT_CVT2001_F1"/>
<ITEMREF REFNAME="OECAT_CVT2001_F2"/>
<ITEMREF REFNAME="OELOC_CVT2001_F1"/>
<ITEMREF REFNAME="OELOC_CVT2001_F2"/>
<ITEMREF REFNAME="DACAT_DA1F1"/>
<ITEMREF REFNAME="DACAT_DA1F3"/>
<ITEMREF REFNAME="DSCAT_1_DS1F1"/>
<ITEMREF REFNAME="DSCAT_1_DS1F4"/>
<ITEMREF REFNAME="DSCAT_1_DS1F5"/>
<ITEMREF REFNAME="DSCAT_1_DS1F6"/>
<ITEMREF REFNAME="DSCAT_1_DS1F7"/>
<ITEMREF REFNAME="DSCAT_1_DS1F8"/>
<ITEMREF REFNAME="DSCAT_2_DS2001_F1"/>
<ITEMREF REFNAME="DSCAT_2_DS2001_F3"/>
<ITEMREF REFNAME="DSCAT_2_DS2001_F5"/>
<ITEMREF REFNAME="DSDECOD_IC_DS2001_F1"/>
<ITEMREF REFNAME="DSDECOD_IC_DS2001_F3"/>
<ITEMREF REFNAME="DSDECOD_IC_DS2001_F5"/>
<ITEMREF REFNAME="DSEVAL_IC_DS2001_F1"/>
<ITEMREF REFNAME="DSEVAL_IC_DS2001_F3"/>
<ITEMREF REFNAME="DSEVAL_IC_DS2001_F5"/>
<ITEMREF REFNAME="DSSCAT_DS1F1"/>
<ITEMREF REFNAME="DSSCAT_DS1F4"/>
<ITEMREF REFNAME="DSSCAT_DS1F5"/>
<ITEMREF REFNAME="DSSCAT_DS1F6"/>
<ITEMREF REFNAME="DSSCAT_DS1F7"/>
<ITEMREF REFNAME="DSSCAT_DS1F8"/>
<ITEMREF REFNAME="DSSTDAT_DS1F1"/>
<ITEMREF REFNAME="DSSTDAT_DS1F4"/>
<ITEMREF REFNAME="DSSTDAT_DS1F5"/>
<ITEMREF REFNAME="DSSTDAT_DS1F6"/>
<ITEMREF REFNAME="DSSTDAT_DS1F7"/>
<ITEMREF REFNAME="DSSTDAT_DS1F8"/>
<ITEMREF REFNAME="DSSCAT_IC_DS2001_F1"/>
<ITEMREF REFNAME="DSSCAT_IC_DS2001_F3"/>
<ITEMREF REFNAME="DSSCAT_IC_DS2001_F5"/>
<ITEMREF REFNAME="DSTERM_IC_DS2001_F1"/>
<ITEMREF REFNAME="DSTERM_IC_DS2001_F3"/>
<ITEMREF REFNAME="DSTERM_IC_DS2001_F5"/>
<ITEMREF REFNAME="QSEVLINT_ECOGIC1_F1"/>
<ITEMREF REFNAME="EXCAT_EX1F1"/>
<ITEMREF REFNAME="EXCAT_EX1F2"/>
<ITEMREF REFNAME="EXCAT_EX1F4"/>
<ITEMREF REFNAME="EXCAT_EX1F5"/>
<ITEMREF REFNAME="DACAT_DA1F2"/>
<ITEMREF REFNAME="SUCAT_NRT_SU4F1"/>
<ITEMREF REFNAME="CMCLAS_CM3001_F1"/>
<ITEMREF REFNAME="CMSPID_CM3001_F1"/>

</ITEMGROUP>

<ITEMGROUP 
GROUPNAME="GPS_eSAE_Hidden"
GROUPDESCRIPTION="Hidden to GPS rights group, hidden to Adjudicator and Central Group, default access to all other rights groups">
 <!-- Insert ItemRef Names -->
<ITEMREF REFNAME="SAEAWADAT_SAE2F1"/>
<ITEMREF REFNAME="SAEASMDAT_SAE2F1"/>
<ITEMREF REFNAME="SAEFUAWADAT_SAE2F1"/>
<ITEMREF REFNAME="SAEFUASMDAT_SAE2F1"/>

</ITEMGROUP>

<ITEMGROUP 
GROUPNAME="nonData_Manager_Hidden"
GROUPDESCRIPTION="Items hidden to all but Data_Manager editable">
 <!-- Insert ItemRef Names -->
<ITEMREF REFNAME="CDQATRIG"/>
<ITEMREF REFNAME="WFRULETRIG"/>

</ITEMGROUP>

<ITEMGROUP 
GROUPNAME="nonData_Manager_ReadOnly"
GROUPDESCRIPTION="Items are Data_Manager editable, and Read-only for all other groups except Adjudicator and Central Grp.  For the Groups Adjudicator and Central Grp, it will be a Hidden Item.">
 <!-- Insert ItemRef Names -->
<ITEMREF REFNAME="VISITNUM_SV1001_F4"/>
<ITEMREF REFNAME="CDQ_CDQA"/>
<ITEMREF REFNAME="VISDATMD_SV1001_F4"/>
<ITEMREF REFNAME="VISDATMD_SV1001_F3"/>
<ITEMREF REFNAME="UNVISITNUM_SV1001_F3"/>
<ITEMREF REFNAME="VISDATMD_SV1F1"/>

</ITEMGROUP>

</MEDMLDATA>