<?xml version="1.0"?>
<MEDMLDATA xmlns="PhaseForward-MedML-Inform4">


<REPORTINGGROUP
GROUPNAME="Ad Hoc Users"
GROUPDESCRIPTION="Users who have access to Ad Hoc Reporting">
<!-- Insert Users -->
<USERREF USERNAME="i7xmcllcf_RE"/>
</REPORTINGGROUP>

<QUERYGROUP
GROUPNAME="CDM_CRA Query"
GROUPDESCRIPTION="">
<!-- Insert Users -->
<USERREF USERNAME="autoquery"/>
<USERREF USERNAME="z2x6670"/>
<USERREF USERNAME="psingh"/>
<USERREF USERNAME="c233002"/>
<USERREF USERNAME="z2x1970"/>
<USERREF USERNAME="c227019"/>
<USERREF USERNAME="c232284"/>
<USERREF USERNAME="c198899"/>
<USERREF USERNAME="c230206"/>
<USERREF USERNAME="z2x2291"/>
<USERREF USERNAME="rm93488"/>
<USERREF USERNAME="ngoushleff"/>
<USERREF USERNAME="c230208"/>
<USERREF USERNAME="z1x1896"/>
<USERREF USERNAME="z3x0576"/>
<USERREF USERNAME="c233004"/>
<USERREF USERNAME="c232958"/>
<USERREF USERNAME="z1x1800"/>
<USERREF USERNAME="c218387"/>
<USERREF USERNAME="c227906"/>
<USERREF USERNAME="c022554"/>
<USERREF USERNAME="z1x1826"/>
<USERREF USERNAME="c229512"/>
<USERREF USERNAME="c233003"/>
<USERREF USERNAME="jexenberger"/>
<USERREF USERNAME="c234576"/>
<USERREF USERNAME="c179686"/>
<USERREF USERNAME="c200015"/>
<USERREF USERNAME="c224867"/>
<USERREF USERNAME="z2x2415"/>
<USERREF USERNAME="z1x2000"/>
<USERREF USERNAME="z1x0368"/>
<USERREF USERNAME="z2x7948"/>
<USERREF USERNAME="z2x2461"/>
<USERREF USERNAME="z2x2089"/>
<USERREF USERNAME="z1x2075"/>
<USERREF USERNAME="c230207"/>
<USERREF USERNAME="z1x0689"/>
<USERREF USERNAME="rm82777"/>
<USERREF USERNAME="msvelivelli"/>
</QUERYGROUP>

<QUERYGROUP
GROUPNAME="Coding Query Group"
GROUPDESCRIPTION="">
<!-- Insert Users -->
<USERREF USERNAME="coder_query"/>
</QUERYGROUP>

<QUERYGROUP
GROUPNAME="GPS_Query"
GROUPDESCRIPTION="">
<!-- Insert Users -->
<USERREF USERNAME="c068505"/>
<USERREF USERNAME="c149066"/>
<USERREF USERNAME="c079244"/>
<USERREF USERNAME="rm90029"/>
<USERREF USERNAME="c228250"/>
<USERREF USERNAME="wj01740"/>
<USERREF USERNAME="wj10098"/>
<USERREF USERNAME="c198562"/>
<USERREF USERNAME="c224208"/>
<USERREF USERNAME="c209853"/>
<USERREF USERNAME="c218040"/>
<USERREF USERNAME="c083101"/>
<USERREF USERNAME="c219905"/>
<USERREF USERNAME="c090108"/>
<USERREF USERNAME="c074090"/>
<USERREF USERNAME="c060736"/>
<USERREF USERNAME="c026390"/>
<USERREF USERNAME="a608261"/>
<USERREF USERNAME="c143125"/>
<USERREF USERNAME="c135748"/>
<USERREF USERNAME="c149470"/>
<USERREF USERNAME="a803075"/>
<USERREF USERNAME="rm87794"/>
<USERREF USERNAME="c199642"/>
<USERREF USERNAME="c223292"/>
<USERREF USERNAME="c068502"/>
<USERREF USERNAME="c228246"/>
<USERREF USERNAME="c228248"/>
<USERREF USERNAME="c114196"/>
<USERREF USERNAME="wJ01513"/>
<USERREF USERNAME="v4x1447"/>
<USERREF USERNAME="c181877"/>
<USERREF USERNAME="c225889"/>
<USERREF USERNAME="c175391"/>
<USERREF USERNAME="c003859"/>
<USERREF USERNAME="rm89018"/>
<USERREF USERNAME="c069132"/>
<USERREF USERNAME="c015393"/>
<USERREF USERNAME="c057362"/>
<USERREF USERNAME="c071673"/>
<USERREF USERNAME="c039825"/>
<USERREF USERNAME="v6x8058"/>
<USERREF USERNAME="c206591"/>
<USERREF USERNAME="c039853"/>
<USERREF USERNAME="c085302"/>
<USERREF USERNAME="c074342"/>
<USERREF USERNAME="c021984"/>
<USERREF USERNAME="c149177"/>
<USERREF USERNAME="rm35504"/>
<USERREF USERNAME="c131994"/>
<USERREF USERNAME="ye91098"/>
<USERREF USERNAME="yex7972"/>
<USERREF USERNAME="v6x8356"/>
<USERREF USERNAME="c022433"/>
<USERREF USERNAME="c025980"/>
<USERREF USERNAME="c039863"/>
<USERREF USERNAME="c137396"/>
<USERREF USERNAME="c149176"/>
<USERREF USERNAME="c219898"/>
<USERREF USERNAME="c075541"/>
<USERREF USERNAME="a701824"/>
<USERREF USERNAME="c074429"/>
<USERREF USERNAME="c026393"/>
<USERREF USERNAME="a608760"/>
<USERREF USERNAME="c058698"/>
<USERREF USERNAME="u7x2510"/>
<USERREF USERNAME="yex7920"/>
<USERREF USERNAME="rm36132"/>
<USERREF USERNAME="a511471"/>
<USERREF USERNAME="rm80655"/>
<USERREF USERNAME="c196248"/>
<USERREF USERNAME="c218621"/>
<USERREF USERNAME="c196683"/>
<USERREF USERNAME="c228249"/>
<USERREF USERNAME="c228247"/>
</QUERYGROUP>

<SIGNATUREGROUP
GROUPNAME="PI Signature"
GROUPDESCRIPTION=""
CRBMEANING="Approved"

CRBTEXT="By my dated signature below, I  %s  %s, verify that all case report form pages accurately display the results of the examinations, tests, evaluations and treatments performed on this patient.&lt;BR&gt;&lt;BR&gt;Pursuant to Section 11.100 of Title 21 of the Code of Federal Regulations, this is to certify that I intend that this electronic signature is to be the legally binding equivalent of my handwritten signature. &lt;BR&gt;&lt;BR&gt;To this I do attest by supplying my user name and password and clicking the button marked &lt;B&gt;Submit&lt;/B&gt; below"
 LANGUAGE="en-US">
<!-- Insert Users -->
<USERREF USERNAME="jstevens"/>
<USERREF USERNAME="dcrimmins"/>
<USERREF USERNAME="mpatel"/>
<USERREF USERNAME="ktaylor"/>
<USERREF USERNAME="dwatson"/>
<USERREF USERNAME="jnardandrea"/>
<USERREF USERNAME="ssteen"/>
<USERREF USERNAME="gbyrne"/>
<USERREF USERNAME="abrodtman"/>
<USERREF USERNAME="pdrysdale"/>
<USERREF USERNAME="smacfarlane"/>
<USERREF USERNAME="mdibuono"/>
<USERREF USERNAME="psolomon"/>
<USERREF USERNAME="cmurphy"/>
<USERREF USERNAME="dhart"/>
<USERREF USERNAME="sthein"/>
<USERREF USERNAME="mplopper"/>
<USERREF USERNAME="jduffy"/>
<USERREF USERNAME="aboxer"/>
<USERREF USERNAME="bmocherla"/>
<USERREF USERNAME="fsicuro"/>
<USERREF USERNAME="skaul"/>
<USERREF USERNAME="mbolouri"/>
<USERREF USERNAME="jellison"/>
<USERREF USERNAME="fmiranda"/>
<USERREF USERNAME="vatit"/>
<USERREF USERNAME="ssharma"/>
<USERREF USERNAME="elee"/>
<USERREF USERNAME="abernstein"/>
<USERREF USERNAME="cschreiber"/>
<USERREF USERNAME="jmorris"/>
<USERREF USERNAME="crecknor"/>
<USERREF USERNAME="mkalafer"/>
<USERREF USERNAME="dgould"/>
<USERREF USERNAME="jgreenberg"/>
<USERREF USERNAME="dstickler"/>
<USERREF USERNAME="bspann"/>
<USERREF USERNAME="pschulz"/>
<USERREF USERNAME="mfarlow"/>
<USERREF USERNAME="kmaw"/>
<USERREF USERNAME="hcapote"/>
<USERREF USERNAME="gho"/>
<USERREF USERNAME="skile"/>
<USERREF USERNAME="lgoldstick"/>
<USERREF USERNAME="afrank"/>
<USERREF USERNAME="rbergeron"/>
<USERREF USERNAME="sgauthier"/>
<USERREF USERNAME="scohen"/>
<USERREF USERNAME="rclarnette"/>
<USERREF USERNAME="cpulle"/>
<USERREF USERNAME="mwoodward"/>
<USERREF USERNAME="tobrien"/>
<USERREF USERNAME="ppanegyres"/>
<USERREF USERNAME="prosenberg"/>
<USERREF USERNAME="pgross"/>
<USERREF USERNAME="jburch"/>
<USERREF USERNAME="lspikol"/>
<USERREF USERNAME="steeter"/>
<USERREF USERNAME="dstclair"/>
<USERREF USERNAME="apatel"/>
<USERREF USERNAME="mornstein"/>
<USERREF USERNAME="bbrew"/>
<USERREF USERNAME="hthomas"/>
</SIGNATUREGROUP>

<REPORTINGGROUP
GROUPNAME="Publishers"
GROUPDESCRIPTION="Users who can create folders and other content within the Public Folder space">
<!-- Insert Users -->
<USERREF USERNAME="i7xmcllcf_RE"/>
<USERREF USERNAME="ZPFkbarkoczi"/>
<USERREF USERNAME="ZPFskonig"/>
<USERREF USERNAME="andrea.flathers@oracle.com"/>
</REPORTINGGROUP>

<REPORTINGGROUP
GROUPNAME="Site Users"
GROUPDESCRIPTION="Site Users">
<!-- Insert Users -->
<USERREF USERNAME="dgermaine"/>
<USERREF USERNAME="prosenberg"/>
<USERREF USERNAME="pgross"/>
<USERREF USERNAME="jburch"/>
<USERREF USERNAME="lspikol"/>
<USERREF USERNAME="steeter"/>
<USERREF USERNAME="dstclair"/>
<USERREF USERNAME="bgable"/>
<USERREF USERNAME="aready"/>
<USERREF USERNAME="cwhittington"/>
<USERREF USERNAME="apatel"/>
<USERREF USERNAME="mornstein"/>
<USERREF USERNAME="rguedes"/>
<USERREF USERNAME="ksmith"/>
<USERREF USERNAME="rolsen"/>
<USERREF USERNAME="tparnitvithikul"/>
<USERREF USERNAME="kergle"/>
<USERREF USERNAME="kskoff"/>
<USERREF USERNAME="fkilkenny"/>
<USERREF USERNAME="manderson"/>
<USERREF USERNAME="cting"/>
<USERREF USERNAME="bbrew"/>
<USERREF USERNAME="dcrimmins"/>
<USERREF USERNAME="bhonke"/>
<USERREF USERNAME="skaul"/>
<USERREF USERNAME="arumfelt"/>
<USERREF USERNAME="mbolouri"/>
<USERREF USERNAME="jporto"/>
<USERREF USERNAME="jellison"/>
<USERREF USERNAME="kgreenbaum"/>
<USERREF USERNAME="fmiranda"/>
<USERREF USERNAME="vatit"/>
<USERREF USERNAME="ssharma"/>
<USERREF USERNAME="elee"/>
<USERREF USERNAME="abernstein"/>
<USERREF USERNAME="thess"/>
<USERREF USERNAME="mcheesman"/>
<USERREF USERNAME="cschreiber"/>
<USERREF USERNAME="dkemp"/>
<USERREF USERNAME="jmorris"/>
<USERREF USERNAME="crecknor"/>
<USERREF USERNAME="rruelas"/>
<USERREF USERNAME="mkalafer"/>
<USERREF USERNAME="drivero"/>
<USERREF USERNAME="dgould"/>
<USERREF USERNAME="cacevedo"/>
<USERREF USERNAME="jgreenberg"/>
<USERREF USERNAME="dstickler"/>
<USERREF USERNAME="cvisconti"/>
<USERREF USERNAME="jgarrett"/>
<USERREF USERNAME="bspann"/>
<USERREF USERNAME="ohasan"/>
<USERREF USERNAME="pschulz"/>
<USERREF USERNAME="mfarlow"/>
<USERREF USERNAME="abrooke"/>
<USERREF USERNAME="kmaw"/>
<USERREF USERNAME="hcapote"/>
<USERREF USERNAME="mrainka"/>
<USERREF USERNAME="jcui"/>
<USERREF USERNAME="gho"/>
<USERREF USERNAME="tdonnel"/>
<USERREF USERNAME="skile"/>
<USERREF USERNAME="slacy"/>
<USERREF USERNAME="lgoldstick"/>
<USERREF USERNAME="afrank"/>
<USERREF USERNAME="blloyd"/>
<USERREF USERNAME="rbergeron"/>
<USERREF USERNAME="bpaquin"/>
<USERREF USERNAME="sgauthier"/>
<USERREF USERNAME="mpolcaro"/>
<USERREF USERNAME="scohen"/>
<USERREF USERNAME="vgiardino"/>
<USERREF USERNAME="kthurairasa"/>
<USERREF USERNAME="afinkle"/>
<USERREF USERNAME="kressler"/>
<USERREF USERNAME="kguinn"/>
<USERREF USERNAME="jrichardson"/>
<USERREF USERNAME="smaldonado"/>
<USERREF USERNAME="rclarnette"/>
<USERREF USERNAME="cpulle"/>
<USERREF USERNAME="mwoodward"/>
<USERREF USERNAME="earnold"/>
<USERREF USERNAME="cmccarthy"/>
<USERREF USERNAME="kblunden"/>
<USERREF USERNAME="tobrien"/>
<USERREF USERNAME="ppanegyres"/>
<USERREF USERNAME="kmcmahon"/>
<USERREF USERNAME="dkocks"/>
<USERREF USERNAME="jstevens"/>
<USERREF USERNAME="hvreeland"/>
<USERREF USERNAME="sfowler"/>
<USERREF USERNAME="epoggi"/>
<USERREF USERNAME="akohn"/>
<USERREF USERNAME="ashaikh"/>
<USERREF USERNAME="slawrence"/>
<USERREF USERNAME="fschafer"/>
<USERREF USERNAME="lsainz"/>
<USERREF USERNAME="jdinatale"/>
<USERREF USERNAME="achristian"/>
<USERREF USERNAME="bbauer"/>
<USERREF USERNAME="hthomas"/>
<USERREF USERNAME="mpatel"/>
<USERREF USERNAME="ktaylor"/>
<USERREF USERNAME="oromm"/>
<USERREF USERNAME="dwatson"/>
<USERREF USERNAME="nkish"/>
<USERREF USERNAME="jnardandrea"/>
<USERREF USERNAME="lsorrentino"/>
<USERREF USERNAME="ssteen"/>
<USERREF USERNAME="rcox"/>
<USERREF USERNAME="mmcnamarakilian"/>
<USERREF USERNAME="jberkemeier"/>
<USERREF USERNAME="mmorton"/>
<USERREF USERNAME="gbyrne"/>
<USERREF USERNAME="abrodtman"/>
<USERREF USERNAME="pdrysdale"/>
<USERREF USERNAME="smacfarlane"/>
<USERREF USERNAME="lvivash"/>
<USERREF USERNAME="cmacfarlane"/>
<USERREF USERNAME="vadamopoulos"/>
<USERREF USERNAME="jluayon"/>
<USERREF USERNAME="vspanola"/>
<USERREF USERNAME="mdibuono"/>
<USERREF USERNAME="lfedele"/>
<USERREF USERNAME="psolomon"/>
<USERREF USERNAME="lpopejackson"/>
<USERREF USERNAME="cmurphy"/>
<USERREF USERNAME="mcasey"/>
<USERREF USERNAME="dhart"/>
<USERREF USERNAME="sthein"/>
<USERREF USERNAME="bgaydos"/>
<USERREF USERNAME="mplopper"/>
<USERREF USERNAME="mdobrina"/>
<USERREF USERNAME="jduffy"/>
<USERREF USERNAME="lbisesi"/>
<USERREF USERNAME="aboxer"/>
<USERREF USERNAME="mkoestler"/>
<USERREF USERNAME="bmocherla"/>
<USERREF USERNAME="jbachowska"/>
<USERREF USERNAME="fsicuro"/>
</REPORTINGGROUP>

<REPORTINGGROUP
GROUPNAME="Sponsor Users"
GROUPDESCRIPTION="Sponsor Users">
<!-- Insert Users -->
<USERREF USERNAME="i7xmcllcf_RE"/>
<USERREF USERNAME="coder_query"/>
<USERREF USERNAME="SKlein"/>
<USERREF USERNAME="CKing"/>
<USERREF USERNAME="WHuber"/>
<USERREF USERNAME="v6x6306"/>
<USERREF USERNAME="CBrelage"/>
<USERREF USERNAME="KLi"/>
<USERREF USERNAME="MHaeusler"/>
<USERREF USERNAME="NDarrington"/>
<USERREF USERNAME="rm87939"/>
</REPORTINGGROUP>

<REPORTINGGROUP
GROUPNAME="User Admin Info Data Users"
GROUPDESCRIPTION="Users who have access to user data including password related data">
<!-- Insert Users -->
<USERREF USERNAME="i7xmcllcf_RE"/>
<USERREF USERNAME="psingh"/>
<USERREF USERNAME="c233002"/>
<USERREF USERNAME="z2x1970"/>
<USERREF USERNAME="c227019"/>
<USERREF USERNAME="c232284"/>
<USERREF USERNAME="c198899"/>
<USERREF USERNAME="c230206"/>
<USERREF USERNAME="z2x2291"/>
<USERREF USERNAME="rm93488"/>
<USERREF USERNAME="ngoushleff"/>
<USERREF USERNAME="c230208"/>
<USERREF USERNAME="z1x1896"/>
<USERREF USERNAME="z3x0576"/>
<USERREF USERNAME="c233004"/>
<USERREF USERNAME="c232958"/>
<USERREF USERNAME="z1x1800"/>
<USERREF USERNAME="c218387"/>
<USERREF USERNAME="c227906"/>
<USERREF USERNAME="c022554"/>
<USERREF USERNAME="z1x1826"/>
<USERREF USERNAME="c229512"/>
<USERREF USERNAME="c233003"/>
<USERREF USERNAME="jexenberger"/>
<USERREF USERNAME="c234576"/>
<USERREF USERNAME="c179686"/>
<USERREF USERNAME="c200015"/>
<USERREF USERNAME="c224867"/>
<USERREF USERNAME="z2x2415"/>
<USERREF USERNAME="z1x2000"/>
<USERREF USERNAME="z1x0368"/>
<USERREF USERNAME="z2x7948"/>
<USERREF USERNAME="z2x2461"/>
<USERREF USERNAME="z2x2089"/>
<USERREF USERNAME="z1x2075"/>
<USERREF USERNAME="c230207"/>
<USERREF USERNAME="z1x0689"/>
<USERREF USERNAME="rm82777"/>
<USERREF USERNAME="msvelivelli"/>
<USERREF USERNAME="z2x6670"/>
</REPORTINGGROUP>

<REPORTINGGROUP
GROUPNAME="User Info Data Users"
GROUPDESCRIPTION="Users who have access to user data except password related data">
<!-- Insert Users -->
<USERREF USERNAME="z1x5621"/>
<USERREF USERNAME="c068505"/>
<USERREF USERNAME="c149066"/>
<USERREF USERNAME="c158128"/>
<USERREF USERNAME="c092527"/>
<USERREF USERNAME="c214487"/>
<USERREF USERNAME="c079244"/>
<USERREF USERNAME="rm90029"/>
<USERREF USERNAME="c228250"/>
<USERREF USERNAME="wj01740"/>
<USERREF USERNAME="wj10098"/>
<USERREF USERNAME="c198562"/>
<USERREF USERNAME="c224208"/>
<USERREF USERNAME="c209853"/>
<USERREF USERNAME="c218040"/>
<USERREF USERNAME="z2x3957"/>
<USERREF USERNAME="c083101"/>
<USERREF USERNAME="c219905"/>
<USERREF USERNAME="c090108"/>
<USERREF USERNAME="c074090"/>
<USERREF USERNAME="c060736"/>
<USERREF USERNAME="c026390"/>
<USERREF USERNAME="a608261"/>
<USERREF USERNAME="c143125"/>
<USERREF USERNAME="c135748"/>
<USERREF USERNAME="c149470"/>
<USERREF USERNAME="a803075"/>
<USERREF USERNAME="rm87794"/>
<USERREF USERNAME="c199642"/>
<USERREF USERNAME="c223292"/>
<USERREF USERNAME="c068502"/>
<USERREF USERNAME="c228246"/>
<USERREF USERNAME="c228248"/>
<USERREF USERNAME="c114196"/>
<USERREF USERNAME="wJ01513"/>
<USERREF USERNAME="v4x1447"/>
<USERREF USERNAME="c181877"/>
<USERREF USERNAME="c225889"/>
<USERREF USERNAME="c175391"/>
<USERREF USERNAME="c003859"/>
<USERREF USERNAME="rm89018"/>
<USERREF USERNAME="c069132"/>
<USERREF USERNAME="c015393"/>
<USERREF USERNAME="c057362"/>
<USERREF USERNAME="c071673"/>
<USERREF USERNAME="c039825"/>
<USERREF USERNAME="v6x8058"/>
<USERREF USERNAME="c206591"/>
<USERREF USERNAME="c039853"/>
<USERREF USERNAME="c085302"/>
<USERREF USERNAME="c074342"/>
<USERREF USERNAME="c021984"/>
<USERREF USERNAME="c149177"/>
<USERREF USERNAME="rm35504"/>
<USERREF USERNAME="c131994"/>
<USERREF USERNAME="ye91098"/>
<USERREF USERNAME="yex7972"/>
<USERREF USERNAME="v6x8356"/>
<USERREF USERNAME="c022433"/>
<USERREF USERNAME="c025980"/>
<USERREF USERNAME="c039863"/>
<USERREF USERNAME="c137396"/>
<USERREF USERNAME="c149176"/>
<USERREF USERNAME="c219898"/>
<USERREF USERNAME="c075541"/>
<USERREF USERNAME="a701824"/>
<USERREF USERNAME="c074429"/>
<USERREF USERNAME="c026393"/>
<USERREF USERNAME="a608760"/>
<USERREF USERNAME="c058698"/>
<USERREF USERNAME="u7x2510"/>
<USERREF USERNAME="yex7920"/>
<USERREF USERNAME="rm36132"/>
<USERREF USERNAME="a511471"/>
<USERREF USERNAME="rm80655"/>
<USERREF USERNAME="c196248"/>
<USERREF USERNAME="c218621"/>
<USERREF USERNAME="c196683"/>
<USERREF USERNAME="c228249"/>
<USERREF USERNAME="c228247"/>
</REPORTINGGROUP>

</MEDMLDATA>