<?xml version="1.0"?>
<MEDMLDATA xmlns="PhaseForward-MedML-Inform4">


<SITE  NAME="(677) J Versijpt"    MNEMONIC="677"
ADDRESS="Universitair Ziekenhuis Brussel"
COUNTRY="BELGIUM"
PHONE="323224775785"
ALTPHONE="32"
FAX="32"
TIMEZONE="(UTC+01:00) Belgrade, Bratislava, Budapest, Ljubljana, Prague"
SITEDATEFORMAT="DAY_MONTH_YEAR"
STARTDATE="11/17/2015"
STUDYLOCALE="en-US"
SVAUTOSELECTRATE="100"
SVFIRSTNSUBJECTS="100"
/>


<SITE  NAME="(676) A Van Dycke"    MNEMONIC="676"
ADDRESS="Algemeen Ziekenhuis Sint Jan Brugge"
COUNTRY="BELGIUM"
PHONE="323250452111"
ALTPHONE="32"
FAX="32"
TIMEZONE="(UTC+01:00) Belgrade, Bratislava, Budapest, Ljubljana, Prague"
SITEDATEFORMAT="DAY_MONTH_YEAR"
STARTDATE="11/17/2015"
STUDYLOCALE="en-US"
SVAUTOSELECTRATE="100"
SVFIRSTNSUBJECTS="100"
/>


<SITE  NAME="(675) M Vandenheede"    MNEMONIC="675"
ADDRESS="Clinique St Joseph"
COUNTRY="BELGIUM"
PHONE="323242248911"
ALTPHONE="32"
FAX="32"
TIMEZONE="(UTC+01:00) Belgrade, Bratislava, Budapest, Ljubljana, Prague"
SITEDATEFORMAT="DAY_MONTH_YEAR"
STARTDATE="11/17/2015"
STUDYLOCALE="en-US"
SVAUTOSELECTRATE="100"
SVFIRSTNSUBJECTS="100"
/>


<SITE  NAME="(402) University of Calgary Headache Assessment and Management Program"    MNEMONIC="402"
ADDRESS="South Health Campus 4th Floor 4448 Front Street SE Calgary Alberta T3M 1M4"
COUNTRY="CANADA"
PHONE="14039562462"
ALTPHONE="1"
FAX="1"
TIMEZONE="(UTC-07:00) Mountain Time (US &#38; Canada)"
SITEDATEFORMAT="DAY_MONTH_YEAR"
STARTDATE="11/17/2015"
STUDYLOCALE="en-US"
SVAUTOSELECTRATE="100"
SVFIRSTNSUBJECTS="100"
/>


<SITE  NAME="(401) Stroyan Research"    MNEMONIC="401"
ADDRESS="806 1849 Yonge Street Toronto Ontario M4S 1Y2"
COUNTRY="CANADA"
PHONE="14164857749"
ALTPHONE="1"
FAX="1"
TIMEZONE="(UTC-05:00) Eastern Time (US &#38; Canada)"
SITEDATEFORMAT="DAY_MONTH_YEAR"
STARTDATE="11/17/2015"
STUDYLOCALE="en-US"
SVAUTOSELECTRATE="100"
SVFIRSTNSUBJECTS="100"
/>


<SITE  NAME="(400) DIEX Recherche Sherbrooke Inc"    MNEMONIC="400"
ADDRESS="731 Galt Ouest Suite 120 Sherbrooke Quebec J1H 1Z1"
COUNTRY="CANADA"
PHONE="18193462887"
ALTPHONE="1"
FAX="1"
TIMEZONE="(UTC-05:00) Eastern Time (US &#38; Canada)"
SITEDATEFORMAT="DAY_MONTH_YEAR"
STARTDATE="11/17/2015"
STUDYLOCALE="en-US"
SVAUTOSELECTRATE="100"
SVFIRSTNSUBJECTS="100"
/>


<SITE  NAME="(653) C Roos"    MNEMONIC="653"
ADDRESS="Hopital Lariboisiere"
COUNTRY="FRANCE"
PHONE="3333149956537"
ALTPHONE="33"
FAX="33"
TIMEZONE="(UTC+01:00) Belgrade, Bratislava, Budapest, Ljubljana, Prague"
SITEDATEFORMAT="DAY_MONTH_YEAR"
STARTDATE="11/17/2015"
STUDYLOCALE="en-US"
SVAUTOSELECTRATE="100"
SVFIRSTNSUBJECTS="100"
/>


<SITE  NAME="(652) M Lanteri Minet"    MNEMONIC="652"
ADDRESS="Hopital de Cimiez"
COUNTRY="FRANCE"
PHONE="3333492037946"
ALTPHONE="33"
FAX="33"
TIMEZONE="(UTC+01:00) Belgrade, Bratislava, Budapest, Ljubljana, Prague"
SITEDATEFORMAT="DAY_MONTH_YEAR"
STARTDATE="11/17/2015"
STUDYLOCALE="en-US"
SVAUTOSELECTRATE="100"
SVFIRSTNSUBJECTS="100"
/>


<SITE  NAME="(651) A Donnet"    MNEMONIC="651"
ADDRESS="Centre hospitalier universitaire La Timone"
COUNTRY="FRANCE"
PHONE="3333491384345"
ALTPHONE="33"
FAX="33"
TIMEZONE="(UTC+01:00) Belgrade, Bratislava, Budapest, Ljubljana, Prague"
SITEDATEFORMAT="DAY_MONTH_YEAR"
STARTDATE="11/17/2015"
STUDYLOCALE="en-US"
SVAUTOSELECTRATE="100"
SVFIRSTNSUBJECTS="100"
/>


<SITE  NAME="(650) C Creach"    MNEMONIC="650"
ADDRESS="CHU Saint Etienne  Hopital Nord"
COUNTRY="FRANCE"
PHONE="3333477828391"
ALTPHONE="33"
FAX="33"
TIMEZONE="(UTC+01:00) Belgrade, Bratislava, Budapest, Ljubljana, Prague"
SITEDATEFORMAT="DAY_MONTH_YEAR"
STARTDATE="11/17/2015"
STUDYLOCALE="en-US"
SVAUTOSELECTRATE="100"
SVFIRSTNSUBJECTS="100"
/>


<SITE  NAME="(705) T Zsombok"    MNEMONIC="705"
ADDRESS="II Keruleti Egeszsegugyi Szolgalat"
COUNTRY="HUNGARY"
PHONE="363614887522"
ALTPHONE="36"
FAX="36"
TIMEZONE="(UTC+02:00) E. Europe"
SITEDATEFORMAT="DAY_MONTH_YEAR"
STARTDATE="11/17/2015"
STUDYLOCALE="en-US"
SVAUTOSELECTRATE="100"
SVFIRSTNSUBJECTS="100"
/>


<SITE  NAME="(704) M Satori"    MNEMONIC="704"
ADDRESS="VALEOMED Kft"
COUNTRY="HUNGARY"
PHONE="3636304646583"
ALTPHONE="36"
FAX="36"
TIMEZONE="(UTC+02:00) E. Europe"
SITEDATEFORMAT="DAY_MONTH_YEAR"
STARTDATE="11/17/2015"
STUDYLOCALE="en-US"
SVAUTOSELECTRATE="100"
SVFIRSTNSUBJECTS="100"
/>


<SITE  NAME="(703) C Ertsey"    MNEMONIC="703"
ADDRESS="SE Neurologiai Klinika"
COUNTRY="HUNGARY"
PHONE="363612103300"
ALTPHONE="36"
FAX="36"
TIMEZONE="(UTC+02:00) E. Europe"
SITEDATEFORMAT="DAY_MONTH_YEAR"
STARTDATE="11/17/2015"
STUDYLOCALE="en-US"
SVAUTOSELECTRATE="100"
SVFIRSTNSUBJECTS="100"
/>


<SITE  NAME="(702) A Csanyi"    MNEMONIC="702"
ADDRESS="Petz Aladar Megyei Oktato Korhaz"
COUNTRY="HUNGARY"
PHONE="363696418244"
ALTPHONE="36"
FAX="36"
TIMEZONE="(UTC+02:00) E. Europe"
SITEDATEFORMAT="DAY_MONTH_YEAR"
STARTDATE="11/17/2015"
STUDYLOCALE="en-US"
SVAUTOSELECTRATE="100"
SVFIRSTNSUBJECTS="100"
/>


<SITE  NAME="(701) K Bihari"    MNEMONIC="701"
ADDRESS="Bacs Kiskun Megyei Onkormanyzat Korhaza"
COUNTRY="HUNGARY"
PHONE="363676516700"
ALTPHONE="36"
FAX="36"
TIMEZONE="(UTC+02:00) E. Europe"
SITEDATEFORMAT="DAY_MONTH_YEAR"
STARTDATE="11/17/2015"
STUDYLOCALE="en-US"
SVAUTOSELECTRATE="100"
SVFIRSTNSUBJECTS="100"
/>


<SITE  NAME="(700) J Afra"    MNEMONIC="700"
ADDRESS="Orszagos Idegtudomanyi Intezet"
COUNTRY="HUNGARY"
PHONE="363614679314"
ALTPHONE="36"
FAX="36"
TIMEZONE="(UTC+02:00) E. Europe"
SITEDATEFORMAT="DAY_MONTH_YEAR"
STARTDATE="11/17/2015"
STUDYLOCALE="en-US"
SVAUTOSELECTRATE="100"
SVFIRSTNSUBJECTS="100"
/>


<SITE  NAME="(109) Encompass Clinical Research"    MNEMONIC="109"
ADDRESS="10225 Austin Drive Suite 203 Spring Valley California 91978"
COUNTRY="UNITED STATES"
PHONE="16196609068"
ALTPHONE="1"
FAX="1"
TIMEZONE="(UTC-08:00) Pacific Time (US &#38; Canada)"
SITEDATEFORMAT="DAY_MONTH_YEAR"
STARTDATE="11/17/2015"
STUDYLOCALE="en-US"
SVAUTOSELECTRATE="100"
SVFIRSTNSUBJECTS="100"
/>


<SITE  NAME="(106) California Medical Clinic for Headache"    MNEMONIC="106"
ADDRESS="2001 Santa Monica Boulevard Suite 880 W Santa Monica California 90404"
COUNTRY="UNITED STATES"
PHONE="13103151456"
ALTPHONE="1"
FAX="1"
TIMEZONE="(UTC-08:00) Pacific Time (US &#38; Canada)"
SITEDATEFORMAT="DAY_MONTH_YEAR"
STARTDATE="11/17/2015"
STUDYLOCALE="en-US"
SVAUTOSELECTRATE="100"
SVFIRSTNSUBJECTS="100"
/>


<SITE  NAME="(107) Albuquerque Neuroscience"    MNEMONIC="107"
ADDRESS="101 Hospital Loop NE Suite 209 Albuquerque New Mexico 87109"
COUNTRY="UNITED STATES"
PHONE="15058483773"
ALTPHONE="1"
FAX="1"
TIMEZONE="(UTC-07:00) Mountain Time (US &#38; Canada)"
SITEDATEFORMAT="DAY_MONTH_YEAR"
STARTDATE="11/17/2015"
STUDYLOCALE="en-US"
SVAUTOSELECTRATE="100"
SVFIRSTNSUBJECTS="100"
/>


<SITE  NAME="(104) Ericksen Research and Development"    MNEMONIC="104"
ADDRESS="1477 North 2000 West Clinton Utah 84015"
COUNTRY="UNITED STATES"
PHONE="18016145501"
ALTPHONE="1"
FAX="1"
TIMEZONE="(UTC-07:00) Mountain Time (US &#38; Canada)"
SITEDATEFORMAT="DAY_MONTH_YEAR"
STARTDATE="11/17/2015"
STUDYLOCALE="en-US"
SVAUTOSELECTRATE="100"
SVFIRSTNSUBJECTS="100"
/>


<SITE  NAME="(108) Clinpoint Trial LLC"    MNEMONIC="108"
ADDRESS="100 Professional Place Waxahachie Texas 75165"
COUNTRY="UNITED STATES"
PHONE="19729613949"
ALTPHONE="1"
FAX="1"
TIMEZONE="(UTC-06:00) Central Time (US &#38; Canada)"
SITEDATEFORMAT="DAY_MONTH_YEAR"
STARTDATE="11/17/2015"
STUDYLOCALE="en-US"
SVAUTOSELECTRATE="100"
SVFIRSTNSUBJECTS="100"
/>


<SITE  NAME="(101) MHM Support Services d b a Mercy Research"    MNEMONIC="101"
ADDRESS="12680 Olive Boulevard Suite 200 St Louis Missouri 63141"
COUNTRY="UNITED STATES"
PHONE="13142518890"
ALTPHONE="1"
FAX="1"
TIMEZONE="(UTC-06:00) Central Time (US &#38; Canada)"
SITEDATEFORMAT="DAY_MONTH_YEAR"
STARTDATE="11/17/2015"
STUDYLOCALE="en-US"
SVAUTOSELECTRATE="100"
SVFIRSTNSUBJECTS="100"
/>


<SITE  NAME="(300) Ponce School of Medicine"    MNEMONIC="300"
ADDRESS="CAIMED Center 280 Monterey Street Urb Industrial Reparada Ponce Puerto Rico 00716"
COUNTRY="UNITED STATES"
PHONE="17878402505"
ALTPHONE="1"
FAX="1"
TIMEZONE="(UTC-05:00) Eastern Time (US &#38; Canada)"
SITEDATEFORMAT="DAY_MONTH_YEAR"
STARTDATE="11/17/2015"
STUDYLOCALE="en-US"
SVAUTOSELECTRATE="100"
SVFIRSTNSUBJECTS="100"
/>


<SITE  NAME="(112) PharmQuest LLC"    MNEMONIC="112"
ADDRESS="806 Green Valley RoadSuite 305 Greensboro North Carolina 27408"
COUNTRY="UNITED STATES"
PHONE="13365748020"
ALTPHONE="1"
FAX="1"
TIMEZONE="(UTC-05:00) Eastern Time (US &#38; Canada)"
SITEDATEFORMAT="DAY_MONTH_YEAR"
STARTDATE="11/17/2015"
STUDYLOCALE="en-US"
SVAUTOSELECTRATE="100"
SVFIRSTNSUBJECTS="100"
/>


<SITE  NAME="(111) Infinity Clinical Research LLC"    MNEMONIC="111"
ADDRESS="4925 Sheridan Street Suite 200 Hollywood Florida 33021"
COUNTRY="UNITED STATES"
PHONE="19549813850"
ALTPHONE="1"
FAX="1"
TIMEZONE="(UTC-05:00) Eastern Time (US &#38; Canada)"
SITEDATEFORMAT="DAY_MONTH_YEAR"
STARTDATE="11/17/2015"
STUDYLOCALE="en-US"
SVAUTOSELECTRATE="100"
SVFIRSTNSUBJECTS="100"
/>


<SITE  NAME="(110) New England Institute for Neurology and Headache"    MNEMONIC="110"
ADDRESS="30 Buxton Farm Road Suite 230 Stamford Connecticut 06905"
COUNTRY="UNITED STATES"
PHONE="12039141903"
ALTPHONE="1"
FAX="1"
TIMEZONE="(UTC-05:00) Eastern Time (US &#38; Canada)"
SITEDATEFORMAT="DAY_MONTH_YEAR"
STARTDATE="11/17/2015"
STUDYLOCALE="en-US"
SVAUTOSELECTRATE="100"
SVFIRSTNSUBJECTS="100"
/>


<SITE  NAME="(105) Suburban Research Associates"    MNEMONIC="105"
ADDRESS="107 Chesley Drive Unit 4 Media Pennsylvania 19063"
COUNTRY="UNITED STATES"
PHONE="16108919024"
ALTPHONE="1"
FAX="1"
TIMEZONE="(UTC-05:00) Eastern Time (US &#38; Canada)"
SITEDATEFORMAT="DAY_MONTH_YEAR"
STARTDATE="11/17/2015"
STUDYLOCALE="en-US"
SVAUTOSELECTRATE="100"
SVFIRSTNSUBJECTS="100"
/>


<SITE  NAME="(103) Jacksonville Center for Clinical Research"    MNEMONIC="103"
ADDRESS="4085 University Boulevard South Suite 1 Jacksonville Florida 32216"
COUNTRY="UNITED STATES"
PHONE="19047300101"
ALTPHONE="1"
FAX="1"
TIMEZONE="(UTC-05:00) Eastern Time (US &#38; Canada)"
SITEDATEFORMAT="DAY_MONTH_YEAR"
STARTDATE="11/17/2015"
STUDYLOCALE="en-US"
SVAUTOSELECTRATE="100"
SVFIRSTNSUBJECTS="100"
/>


<SITE  NAME="(102) Blue Ridge Research Center"    MNEMONIC="102"
ADDRESS="4431 Starkey Road Suite 101 Roanoke Virginia 24018"
COUNTRY="UNITED STATES"
PHONE="15403422929"
ALTPHONE="1"
FAX="1"
TIMEZONE="(UTC-05:00) Eastern Time (US &#38; Canada)"
SITEDATEFORMAT="DAY_MONTH_YEAR"
STARTDATE="11/17/2015"
STUDYLOCALE="en-US"
SVAUTOSELECTRATE="100"
SVFIRSTNSUBJECTS="100"
/>


<SITE  NAME="(100) PMG Research of Wilmington LLC Medical Center Dr"    MNEMONIC="100"
ADDRESS="1202 Medical Center Drive Wilmington North Carolina 28401"
COUNTRY="UNITED STATES"
PHONE="19108156108"
ALTPHONE="1"
FAX="1"
TIMEZONE="(UTC-05:00) Eastern Time (US &#38; Canada)"
SITEDATEFORMAT="DAY_MONTH_YEAR"
STARTDATE="11/17/2015"
STUDYLOCALE="en-US"
SVAUTOSELECTRATE="100"
SVFIRSTNSUBJECTS="100"
/>


</MEDMLDATA>