<?xml version="1.0"?>
<MEDMLDATA xmlns="PhaseForward-MedML-Inform4">


<USER  USERNAME="baverell"
USERTYPE="SITE"
FIRSTNAME="Brian"
LASTNAME="Averell"
DISPLAYNAME="Brian Averell"
COUNTRY="UNITED STATES"
PHONE="19108156108"
ALTPHONE="1"
FAX="1"
EMAIL="baverell1@yahoo.com"
ACTIVESTATE="true"
DELETESTATE="false"
UPDATE="true"
PASSWORD="n4VU3jr35Pg70R4591"
BEEPER="1"
USERDATEFORMAT="DAY_MONTH_YEAR"
HOMESCREENURL="./Portal/default.htm"
USERMUSTRESETPASSWORD="TRUE"
PRODUCTLOCALE="en-US"
STUDYLOCALE="en-US"/>


<USER  USERNAME="jbonner"
USERTYPE="SITE"
FIRSTNAME="Jo"
LASTNAME="Bonner"
DISPLAYNAME="Jo Bonner"
COUNTRY="UNITED STATES"
PHONE="13142518890"
ALTPHONE="1"
FAX="1"
EMAIL="jo.bonner@mercy.net"
ACTIVESTATE="true"
DELETESTATE="false"
UPDATE="true"
PASSWORD="r0Mr17LS1owU68775"
BEEPER="1"
USERDATEFORMAT="DAY_MONTH_YEAR"
HOMESCREENURL="./Portal/default.htm"
USERMUSTRESETPASSWORD="TRUE"
PRODUCTLOCALE="en-US"
STUDYLOCALE="en-US"/>


<USER  USERNAME="jburch"
USERTYPE="SITE"
FIRSTNAME="John"
LASTNAME="Burch"
DISPLAYNAME="John Burch"
COUNTRY="UNITED STATES"
PHONE="15403422929"
ALTPHONE="1"
FAX="1"
EMAIL="gburch.john@aol.com"
ACTIVESTATE="true"
DELETESTATE="false"
UPDATE="true"
PASSWORD="W3uK6lgO8T6f7221"
BEEPER="1"
USERDATEFORMAT="DAY_MONTH_YEAR"
HOMESCREENURL="./Portal/default.htm"
USERMUSTRESETPASSWORD="TRUE"
PRODUCTLOCALE="en-US"
STUDYLOCALE="en-US"/>


<USER  USERNAME="edoty"
USERTYPE="SITE"
FIRSTNAME="Erin"
LASTNAME="Doty"
DISPLAYNAME="Erin Doty"
COUNTRY="UNITED STATES"
PHONE="19047300101"
ALTPHONE="1"
FAX="1"
EMAIL="erindotymd@gmail.com"
ACTIVESTATE="true"
DELETESTATE="false"
UPDATE="true"
PASSWORD="fP72tL1uD6x37J1814"
BEEPER="1"
USERDATEFORMAT="DAY_MONTH_YEAR"
HOMESCREENURL="./Portal/default.htm"
USERMUSTRESETPASSWORD="TRUE"
PRODUCTLOCALE="en-US"
STUDYLOCALE="en-US"/>


<USER  USERNAME="cericksen"
USERTYPE="SITE"
FIRSTNAME="Corey"
LASTNAME="Ericksen"
DISPLAYNAME="Corey Ericksen"
COUNTRY="UNITED STATES"
PHONE="18016145501"
ALTPHONE="1"
FAX="1"
EMAIL="cericksen@westsidemedical.org"
ACTIVESTATE="true"
DELETESTATE="false"
UPDATE="true"
PASSWORD="zL9mP4xR75x65H3283"
BEEPER="1"
USERDATEFORMAT="DAY_MONTH_YEAR"
HOMESCREENURL="./Portal/default.htm"
USERMUSTRESETPASSWORD="TRUE"
PRODUCTLOCALE="en-US"
STUDYLOCALE="en-US"/>


<USER  USERNAME="shatti"
USERTYPE="SITE"
FIRSTNAME="Shivkumar"
LASTNAME="Hatti"
DISPLAYNAME="Shivkumar Hatti"
COUNTRY="UNITED STATES"
PHONE="16108919024"
ALTPHONE="1"
FAX="1"
EMAIL="shatti@suburbanresearch.com"
ACTIVESTATE="true"
DELETESTATE="false"
UPDATE="true"
PASSWORD="jO72lH19g5CbG6591"
BEEPER="1"
USERDATEFORMAT="DAY_MONTH_YEAR"
HOMESCREENURL="./Portal/default.htm"
USERMUSTRESETPASSWORD="TRUE"
PRODUCTLOCALE="en-US"
STUDYLOCALE="en-US"/>


<USER  USERNAME="dkudrow"
USERTYPE="SITE"
FIRSTNAME="David"
LASTNAME="Kudrow"
DISPLAYNAME="David Kudrow"
COUNTRY="UNITED STATES"
PHONE="13103151456"
ALTPHONE="1"
FAX="1"
EMAIL="dbkudrow@earthlink.net"
ACTIVESTATE="true"
DELETESTATE="false"
UPDATE="true"
PASSWORD="D6ldP5bU77sT499244"
BEEPER="1"
USERDATEFORMAT="DAY_MONTH_YEAR"
HOMESCREENURL="./Portal/default.htm"
USERMUSTRESETPASSWORD="TRUE"
PRODUCTLOCALE="en-US"
STUDYLOCALE="en-US"/>


<USER  USERNAME="sjohnson"
USERTYPE="SITE"
FIRSTNAME="Sherry"
LASTNAME="Johnson"
DISPLAYNAME="Sherry Johnson"
COUNTRY="UNITED STATES"
PHONE="19729613949"
ALTPHONE="1"
FAX="1"
EMAIL="sherryj@cptrials.com"
ACTIVESTATE="true"
DELETESTATE="false"
UPDATE="true"
PASSWORD="n38IdS73eI91s2J814"
BEEPER="1"
USERDATEFORMAT="DAY_MONTH_YEAR"
HOMESCREENURL="./Portal/default.htm"
USERMUSTRESETPASSWORD="TRUE"
PRODUCTLOCALE="en-US"
STUDYLOCALE="en-US"/>


<USER  USERNAME="tledbetter"
USERTYPE="SITE"
FIRSTNAME="Thomas"
LASTNAME="Ledbetter"
DISPLAYNAME="Thomas Ledbetter"
COUNTRY="UNITED STATES"
PHONE="19729613949"
ALTPHONE="1"
FAX="1"
EMAIL="thomasle@cptrials.com"
ACTIVESTATE="true"
DELETESTATE="false"
UPDATE="true"
PASSWORD="mS7f6Nt9Ui9P5306"
BEEPER="1"
USERDATEFORMAT="DAY_MONTH_YEAR"
HOMESCREENURL="./Portal/default.htm"
USERMUSTRESETPASSWORD="TRUE"
PRODUCTLOCALE="en-US"
STUDYLOCALE="en-US"/>


<USER  USERNAME="rlipetz"
USERTYPE="SITE"
FIRSTNAME="Robert"
LASTNAME="Lipetz"
DISPLAYNAME="Robert Lipetz"
COUNTRY="UNITED STATES"
PHONE="16196609068"
ALTPHONE="1"
FAX="1"
EMAIL="rlipetz@ecrstudies.com"
ACTIVESTATE="true"
DELETESTATE="false"
UPDATE="true"
PASSWORD="mA93hL4hM67bP889798"
BEEPER="1"
USERDATEFORMAT="DAY_MONTH_YEAR"
HOMESCREENURL="./Portal/default.htm"
USERMUSTRESETPASSWORD="TRUE"
PRODUCTLOCALE="en-US"
STUDYLOCALE="en-US"/>


<USER  USERNAME="pmcallister"
USERTYPE="SITE"
FIRSTNAME="Peter"
LASTNAME="McAllister"
DISPLAYNAME="Peter McAllister"
COUNTRY="UNITED STATES"
PHONE="12039141903"
ALTPHONE="1"
FAX="1"
EMAIL="peter@neinh.com"
ACTIVESTATE="true"
DELETESTATE="false"
UPDATE="true"
PASSWORD="t9BoP66k98Ub9U1368"
BEEPER="1"
USERDATEFORMAT="DAY_MONTH_YEAR"
HOMESCREENURL="./Portal/default.htm"
USERMUSTRESETPASSWORD="TRUE"
PRODUCTLOCALE="en-US"
STUDYLOCALE="en-US"/>


<USER  USERNAME="jriveros"
USERTYPE="SITE"
FIRSTNAME="Jorge"
LASTNAME="Riveros"
DISPLAYNAME="Jorge Riveros"
COUNTRY="UNITED STATES"
PHONE="19549813850"
ALTPHONE="1"
FAX="1"
EMAIL="jriveros@infinityclinicalresearch.com"
ACTIVESTATE="true"
DELETESTATE="false"
UPDATE="true"
PASSWORD="K2sqL49H6rlR15861"
BEEPER="1"
USERDATEFORMAT="DAY_MONTH_YEAR"
HOMESCREENURL="./Portal/default.htm"
USERMUSTRESETPASSWORD="TRUE"
PRODUCTLOCALE="en-US"
STUDYLOCALE="en-US"/>


<USER  USERNAME="rvonseggern"
USERTYPE="SITE"
FIRSTNAME="Randal L"
LASTNAME="Von Seggern"
DISPLAYNAME="Randal L Von Seggern"
COUNTRY="UNITED STATES"
PHONE="13365748020"
ALTPHONE="1"
FAX="1"
EMAIL="rvonseggern@pharmquest.biz"
ACTIVESTATE="true"
DELETESTATE="false"
UPDATE="true"
PASSWORD="aZ50x57TlC83lY947330"
BEEPER="1"
USERDATEFORMAT="DAY_MONTH_YEAR"
HOMESCREENURL="./Portal/default.htm"
USERMUSTRESETPASSWORD="TRUE"
PRODUCTLOCALE="en-US"
STUDYLOCALE="en-US"/>


<USER  USERNAME="ebarranco"
USERTYPE="SITE"
FIRSTNAME="Elizabeth"
LASTNAME="Barranco"
DISPLAYNAME="Elizabeth Barranco"
COUNTRY="UNITED STATES"
PHONE="17878402505"
ALTPHONE="1"
FAX="1"
EMAIL="crc@psm.edu"
ACTIVESTATE="true"
DELETESTATE="false"
UPDATE="true"
PASSWORD="tU6u71Ai61Zl23W8799"
BEEPER="1"
USERDATEFORMAT="DAY_MONTH_YEAR"
HOMESCREENURL="./Portal/default.htm"
USERMUSTRESETPASSWORD="TRUE"
PRODUCTLOCALE="en-US"
STUDYLOCALE="en-US"/>


<USER  USERNAME="ajean"
USERTYPE="SITE"
FIRSTNAME="Audrey"
LASTNAME="Jean"
DISPLAYNAME="Audrey Jean"
COUNTRY="CANADA"
PHONE="18193462887"
ALTPHONE="1"
FAX="1"
EMAIL="ajean@diex.ca"
ACTIVESTATE="true"
DELETESTATE="false"
UPDATE="true"
PASSWORD="sC87J6iQ2iwA203392"
BEEPER="1"
USERDATEFORMAT="DAY_MONTH_YEAR"
HOMESCREENURL="./Portal/default.htm"
USERMUSTRESETPASSWORD="TRUE"
PRODUCTLOCALE="en-US"
STUDYLOCALE="en-US"/>


<USER  USERNAME="amccreath"
USERTYPE="SITE"
FIRSTNAME="Ann"
LASTNAME="McCreath"
DISPLAYNAME="Ann McCreath"
COUNTRY="CANADA"
PHONE="14164853839"
ALTPHONE="1"
FAX="1"
EMAIL="annmccreath@rogers.com"
ACTIVESTATE="true"
DELETESTATE="false"
UPDATE="true"
PASSWORD="nY0F8gvS0wI114861"
BEEPER="1"
USERDATEFORMAT="DAY_MONTH_YEAR"
HOMESCREENURL="./Portal/default.htm"
USERMUSTRESETPASSWORD="TRUE"
PRODUCTLOCALE="en-US"
STUDYLOCALE="en-US"/>


<USER  USERNAME="crobertson"
USERTYPE="SITE"
FIRSTNAME="Carrie"
LASTNAME="Robertson"
DISPLAYNAME="Carrie Robertson"
COUNTRY="CANADA"
PHONE="14039563427"
ALTPHONE="1"
FAX="1"
EMAIL="carrie.robetson@albertahealthservices.ca"
ACTIVESTATE="true"
DELETESTATE="false"
UPDATE="true"
PASSWORD="n3Hj57YdH9t2H9353"
BEEPER="1"
USERDATEFORMAT="DAY_MONTH_YEAR"
HOMESCREENURL="./Portal/default.htm"
USERMUSTRESETPASSWORD="TRUE"
PRODUCTLOCALE="en-US"
STUDYLOCALE="en-US"/>


<USER  USERNAME="medwards"
USERTYPE="SITE"
FIRSTNAME="Michele"
LASTNAME="Edwards"
DISPLAYNAME="Michele Edwards"
COUNTRY="UNITED STATES"
PHONE="15403422929"
ALTPHONE="1"
FAX="1"
EMAIL="mmedwardsmichele@aol.com"
ACTIVESTATE="true"
DELETESTATE="false"
UPDATE="true"
PASSWORD="gB44cS3A9bt4E923"
BEEPER="1"
USERDATEFORMAT="DAY_MONTH_YEAR"
HOMESCREENURL="./Portal/default.htm"
USERMUSTRESETPASSWORD="TRUE"
PRODUCTLOCALE="en-US"
STUDYLOCALE="en-US"/>


<USER  USERNAME="gdempsey"
USERTYPE="SITE"
FIRSTNAME="Gerrie"
LASTNAME="Dempsey"
DISPLAYNAME="Gerrie Dempsey"
COUNTRY="UNITED STATES"
PHONE="15058483773"
ALTPHONE="1"
FAX="1"
EMAIL="gerrie@albneuro.com"
ACTIVESTATE="true"
DELETESTATE="false"
UPDATE="true"
PASSWORD="jB90fA59hD7pW19576"
BEEPER="1"
USERDATEFORMAT="DAY_MONTH_YEAR"
HOMESCREENURL="./Portal/default.htm"
USERMUSTRESETPASSWORD="TRUE"
PRODUCTLOCALE="en-US"
STUDYLOCALE="en-US"/>


<USER  USERNAME="msofka"
USERTYPE="SITE"
FIRSTNAME="Megan"
LASTNAME="Sofka"
DISPLAYNAME="Megan Sofka"
COUNTRY="UNITED STATES"
PHONE="15058483773"
ALTPHONE="1"
FAX="1"
EMAIL="megan@albneuro.com"
ACTIVESTATE="true"
DELETESTATE="false"
UPDATE="true"
PASSWORD="xV3sA97bI85mW28566"
BEEPER="1"
USERDATEFORMAT="DAY_MONTH_YEAR"
HOMESCREENURL="./Portal/default.htm"
USERMUSTRESETPASSWORD="TRUE"
PRODUCTLOCALE="en-US"
STUDYLOCALE="en-US"/>


<USER  USERNAME="emolnar"
USERTYPE="SITE"
FIRSTNAME="Erzsebet"
LASTNAME="Molnar"
DISPLAYNAME="Erzsebet Molnar"
COUNTRY="HUNGARY"
PHONE="363614887522"
ALTPHONE="36"
FAX="36"
EMAIL="molnar.erzsebet.edit@gmail.com"
ACTIVESTATE="true"
DELETESTATE="false"
UPDATE="true"
PASSWORD="x2OrX80zX8O7y5058"
BEEPER="36"
USERDATEFORMAT="DAY_MONTH_YEAR"
HOMESCREENURL="./Portal/default.htm"
USERMUSTRESETPASSWORD="TRUE"
PRODUCTLOCALE="en-US"
STUDYLOCALE="en-US"/>


<USER  USERNAME="msatori"
USERTYPE="SITE"
FIRSTNAME="Maria"
LASTNAME="Satori"
DISPLAYNAME="Maria Satori"
COUNTRY="HUNGARY"
PHONE="3636304646583"
ALTPHONE="36"
FAX="36"
EMAIL="satori.maria@gmail.com"
ACTIVESTATE="true"
DELETESTATE="false"
UPDATE="true"
PASSWORD="nQ3H0sfG16pQ756835"
BEEPER="36"
USERDATEFORMAT="DAY_MONTH_YEAR"
HOMESCREENURL="./Portal/default.htm"
USERMUSTRESETPASSWORD="TRUE"
PRODUCTLOCALE="en-US"
STUDYLOCALE="en-US"/>


<USER  USERNAME="amajoross"
USERTYPE="SITE"
FIRSTNAME="Anna Fatima"
LASTNAME="Majoross"
DISPLAYNAME="Anna Fatima Majoross"
COUNTRY="HUNGARY"
PHONE="363633542336"
ALTPHONE="36"
FAX="36"
EMAIL="anna.fatima.majoross@gmail.com"
ACTIVESTATE="true"
DELETESTATE="false"
UPDATE="true"
PASSWORD="oY63m77Ls9YzL11428"
BEEPER="36"
USERDATEFORMAT="DAY_MONTH_YEAR"
HOMESCREENURL="./Portal/default.htm"
USERMUSTRESETPASSWORD="TRUE"
PRODUCTLOCALE="en-US"
STUDYLOCALE="en-US"/>


<USER  USERNAME="jafra"
USERTYPE="SITE"
FIRSTNAME="Judit"
LASTNAME="Afra"
DISPLAYNAME="Judit Afra"
COUNTRY="HUNGARY"
PHONE="363614679314"
ALTPHONE="36"
FAX="36"
EMAIL="ajudit1@gmail.com"
ACTIVESTATE="true"
DELETESTATE="false"
UPDATE="true"
PASSWORD="Z5qkV3nF3tK333205"
BEEPER="36"
USERDATEFORMAT="DAY_MONTH_YEAR"
HOMESCREENURL="./Portal/default.htm"
USERMUSTRESETPASSWORD="TRUE"
PRODUCTLOCALE="en-US"
STUDYLOCALE="en-US"/>


<USER  USERNAME="croos"
USERTYPE="SITE"
FIRSTNAME="Caroline"
LASTNAME="ROOS"
DISPLAYNAME="Caroline ROOS"
COUNTRY="FRANCE"
PHONE="3333149956537"
ALTPHONE="33"
FAX="33"
EMAIL="caroline.roos@lrb.aphp.fr"
ACTIVESTATE="true"
DELETESTATE="false"
UPDATE="true"
PASSWORD="pL84bD7vN93cX21959"
BEEPER="33"
USERDATEFORMAT="DAY_MONTH_YEAR"
HOMESCREENURL="./Portal/default.htm"
USERMUSTRESETPASSWORD="TRUE"
PRODUCTLOCALE="en-US"
STUDYLOCALE="en-US"/>


<USER  USERNAME="ngueblaoui"
USERTYPE="SITE"
FIRSTNAME="Nahima"
LASTNAME="GUEBLAOUI"
DISPLAYNAME="Nahima GUEBLAOUI"
COUNTRY="FRANCE"
PHONE="3333149958704"
ALTPHONE="33"
FAX="33"
EMAIL="nahima.gueblaoui@aphp.fr"
ACTIVESTATE="true"
DELETESTATE="false"
UPDATE="true"
PASSWORD="qT2Z0wd2UmR56452"
BEEPER="33"
USERDATEFORMAT="DAY_MONTH_YEAR"
HOMESCREENURL="./Portal/default.htm"
USERMUSTRESETPASSWORD="TRUE"
PRODUCTLOCALE="en-US"
STUDYLOCALE="en-US"/>


<USER  USERNAME="mledra"
USERTYPE="SITE"
FIRSTNAME="Manaele"
LASTNAME="LEDRA"
DISPLAYNAME="Manaele LEDRA"
COUNTRY="FRANCE"
PHONE="3333149956838"
ALTPHONE="33"
FAX="33"
EMAIL="manaele.ledra@aphp.fr"
ACTIVESTATE="true"
DELETESTATE="false"
UPDATE="true"
PASSWORD="q1Lb83GyR7x46S1045"
BEEPER="33"
USERDATEFORMAT="DAY_MONTH_YEAR"
HOMESCREENURL="./Portal/default.htm"
USERMUSTRESETPASSWORD="TRUE"
PRODUCTLOCALE="en-US"
STUDYLOCALE="en-US"/>


<USER  USERNAME="aczech"
USERTYPE="SITE"
FIRSTNAME="Marie-Anne"
LASTNAME="CZECH"
DISPLAYNAME="Marie-Anne CZECH"
COUNTRY="FRANCE"
PHONE="3333149956838"
ALTPHONE="33"
FAX="33"
EMAIL="marie-anne.czech@aphp.fr"
ACTIVESTATE="true"
DELETESTATE="false"
UPDATE="true"
PASSWORD="sB0k14OtZ38g0P9698"
BEEPER="33"
USERDATEFORMAT="DAY_MONTH_YEAR"
HOMESCREENURL="./Portal/default.htm"
USERMUSTRESETPASSWORD="TRUE"
PRODUCTLOCALE="en-US"
STUDYLOCALE="en-US"/>


<USER  USERNAME="sromettino"
USERTYPE="SITE"
FIRSTNAME="Sylvie"
LASTNAME="ROMETTINO"
DISPLAYNAME="Sylvie ROMETTINO"
COUNTRY="FRANCE"
PHONE="3333492038481"
ALTPHONE="33"
FAX="33"
EMAIL="romettino.s@chu-nice.fr"
ACTIVESTATE="true"
DELETESTATE="false"
UPDATE="true"
PASSWORD="W6mS0ky0Mm83N6698"
BEEPER="33"
USERDATEFORMAT="DAY_MONTH_YEAR"
HOMESCREENURL="./Portal/default.htm"
USERMUSTRESETPASSWORD="TRUE"
PRODUCTLOCALE="en-US"
STUDYLOCALE="en-US"/>


<USER  USERNAME="mlanteriminet"
USERTYPE="SITE"
FIRSTNAME="Michel"
LASTNAME="LANTERI-MINET"
DISPLAYNAME="Michel LANTERI-MINET"
COUNTRY="FRANCE"
PHONE="3333492037946"
ALTPHONE="33"
FAX="33"
EMAIL="lanteri-minet.m@chu-nice.fr"
ACTIVESTATE="true"
DELETESTATE="false"
UPDATE="true"
PASSWORD="kR9n27GsN0sV61835"
BEEPER="33"
USERDATEFORMAT="DAY_MONTH_YEAR"
HOMESCREENURL="./Portal/default.htm"
USERMUSTRESETPASSWORD="TRUE"
PRODUCTLOCALE="en-US"
STUDYLOCALE="en-US"/>


<USER  USERNAME="sredon"
USERTYPE="SITE"
FIRSTNAME="Sylvain"
LASTNAME="REDON"
DISPLAYNAME="Sylvain REDON"
COUNTRY="FRANCE"
PHONE="3333491384345"
ALTPHONE="33"
FAX="33"
EMAIL="sylvain.redon@ap-hm.fr"
ACTIVESTATE="true"
DELETESTATE="false"
UPDATE="true"
PASSWORD="F0flD1gC78L7h6327"
BEEPER="33"
USERDATEFORMAT="DAY_MONTH_YEAR"
HOMESCREENURL="./Portal/default.htm"
USERMUSTRESETPASSWORD="TRUE"
PRODUCTLOCALE="en-US"
STUDYLOCALE="en-US"/>


<USER  USERNAME="mnavez"
USERTYPE="SITE"
FIRSTNAME="Marie-Louise"
LASTNAME="NAVEZ"
DISPLAYNAME="Marie-Louise NAVEZ"
COUNTRY="FRANCE"
PHONE="3333477828384"
ALTPHONE="33"
FAX="33"
EMAIL="malou.navez@chu-st-etienne.fr"
ACTIVESTATE="true"
DELETESTATE="false"
UPDATE="true"
PASSWORD="tQ3hI0uG7X8f5390"
BEEPER="33"
USERDATEFORMAT="DAY_MONTH_YEAR"
HOMESCREENURL="./Portal/default.htm"
USERMUSTRESETPASSWORD="TRUE"
PRODUCTLOCALE="en-US"
STUDYLOCALE="en-US"/>


<USER  USERNAME="jversijpt"
USERTYPE="SITE"
FIRSTNAME="Jan"
LASTNAME="Versijpt"
DISPLAYNAME="Jan Versijpt"
COUNTRY="BELGIUM"
PHONE="323224775785"
ALTPHONE="32"
FAX="32"
EMAIL="jan.versijpt@uzbrussel.be"
ACTIVESTATE="true"
DELETESTATE="false"
UPDATE="true"
PASSWORD="I2bfJ78l62ZbU437167"
BEEPER="32"
USERDATEFORMAT="DAY_MONTH_YEAR"
HOMESCREENURL="./Portal/default.htm"
USERMUSTRESETPASSWORD="TRUE"
PRODUCTLOCALE="en-US"
STUDYLOCALE="en-US"/>


<USER  USERNAME="lvandeun"
USERTYPE="SITE"
FIRSTNAME="Laura"
LASTNAME="Van Deun"
DISPLAYNAME="Laura Van Deun"
COUNTRY="BELGIUM"
PHONE="323224763439"
ALTPHONE="32"
FAX="32"
EMAIL="laura.vandeun@uzbrussel.be"
ACTIVESTATE="true"
DELETESTATE="false"
UPDATE="true"
PASSWORD="bQ7c38PD0riT78944"
BEEPER="32"
USERDATEFORMAT="DAY_MONTH_YEAR"
HOMESCREENURL="./Portal/default.htm"
USERMUSTRESETPASSWORD="TRUE"
PRODUCTLOCALE="en-US"
STUDYLOCALE="en-US"/>


<USER  USERNAME="avandycke"
USERTYPE="SITE"
FIRSTNAME="Annelies"
LASTNAME="Van Dycke"
DISPLAYNAME="Annelies Van Dycke"
COUNTRY="BELGIUM"
PHONE="323250452111"
ALTPHONE="32"
FAX="32"
EMAIL="annelies.vandycke@azsintjan.be"
ACTIVESTATE="true"
DELETESTATE="false"
UPDATE="true"
PASSWORD="cY10aG47tO2bO03537"
BEEPER="32"
USERDATEFORMAT="DAY_MONTH_YEAR"
HOMESCREENURL="./Portal/default.htm"
USERMUSTRESETPASSWORD="TRUE"
PRODUCTLOCALE="en-US"
STUDYLOCALE="en-US"/>


<USER  USERNAME="pdesfontaines"
USERTYPE="SITE"
FIRSTNAME="Philippe"
LASTNAME="Desfontaines"
DISPLAYNAME="Philippe Desfontaines"
COUNTRY="BELGIUM"
PHONE="323242248911"
ALTPHONE="32"
FAX="32"
EMAIL="philippe.desfontaines@chc.be"
ACTIVESTATE="true"
DELETESTATE="false"
UPDATE="true"
PASSWORD="bP7fF71rI9sQ97721"
BEEPER="32"
USERDATEFORMAT="DAY_MONTH_YEAR"
HOMESCREENURL="./Portal/default.htm"
USERMUSTRESETPASSWORD="TRUE"
PRODUCTLOCALE="en-US"
STUDYLOCALE="en-US"/>


<USER  USERNAME="ilezzi"
USERTYPE="SITE"
FIRSTNAME="Ingrid"
LASTNAME="Iezzi"
DISPLAYNAME="Ingrid Iezzi"
COUNTRY="BELGIUM"
PHONE="323242248911"
ALTPHONE="32"
FAX="32"
EMAIL="ingrid.iezzi@chc.be"
ACTIVESTATE="true"
DELETESTATE="false"
UPDATE="true"
PASSWORD="P5kn35ZtV11sY89190"
BEEPER="32"
USERDATEFORMAT="DAY_MONTH_YEAR"
HOMESCREENURL="./Portal/default.htm"
USERMUSTRESETPASSWORD="TRUE"
PRODUCTLOCALE="en-US"
STUDYLOCALE="en-US"/>


<USER  USERNAME="coder_query"
USERTYPE="SPONSOR"
FIRSTNAME="Coder"
LASTNAME="Query"
DISPLAYNAME="Coder Query"
COUNTRY="UNITED STATES"
PHONE="11"
ALTPHONE="1"
FAX="1"
EMAIL="talley_dorothea_d@lilly.com"
ACTIVESTATE="true"
DELETESTATE="false"
UPDATE="true"
PASSWORD="uW9kV64jB11oC67426"
BEEPER="1"
USERDATEFORMAT="DAY_MONTH_YEAR"
HOMESCREENURL="./Portal/default.htm"
USERMUSTRESETPASSWORD="TRUE"
PRODUCTLOCALE="en-US"
STUDYLOCALE="en-US"/>


<USER  USERNAME="cf64318"
USERTYPE="SPONSOR"
FIRSTNAME="Kim"
LASTNAME="Gaskins-Barber"
DISPLAYNAME="Kim Gaskins-Barber"
COUNTRY="UNITED STATES"
PHONE="13.17362e+009"
ALTPHONE="1"
FAX="1"
EMAIL="gaskins_kimela_a@lilly.com"
ACTIVESTATE="true"
DELETESTATE="false"
UPDATE="true"
PASSWORD="bW4f9Hv8Tb1C1081"
BEEPER="1"
USERDATEFORMAT="DAY_MONTH_YEAR"
HOMESCREENURL="./Portal/default.htm"
USERMUSTRESETPASSWORD="TRUE"
PRODUCTLOCALE="en-US"
STUDYLOCALE="en-US"/>


<USER  USERNAME="a619388"
USERTYPE="SPONSOR"
FIRSTNAME="Angela"
LASTNAME="Banks"
DISPLAYNAME="Angela Banks"
COUNTRY="UNITED STATES"
PHONE="13.17651e+009"
ALTPHONE="1"
FAX="1"
EMAIL="banks_angela_k@lilly.com"
ACTIVESTATE="true"
DELETESTATE="false"
UPDATE="true"
PASSWORD="m64JaU0wT95e83Q7350"
BEEPER="1"
USERDATEFORMAT="DAY_MONTH_YEAR"
HOMESCREENURL="./Portal/default.htm"
USERMUSTRESETPASSWORD="TRUE"
PRODUCTLOCALE="en-US"
STUDYLOCALE="en-US"/>


<USER  USERNAME="c085956"
USERTYPE="SPONSOR"
FIRSTNAME="Cory"
LASTNAME="Zurcher"
DISPLAYNAME="Cory Zurcher"
COUNTRY="UNITED STATES"
PHONE="13.17655e+009"
ALTPHONE="1"
FAX="1"
EMAIL="zurcher_cory@lilly.com"
ACTIVESTATE="true"
DELETESTATE="false"
UPDATE="true"
PASSWORD="M5udR7oR2V7i3721"
BEEPER="1"
USERDATEFORMAT="DAY_MONTH_YEAR"
HOMESCREENURL="./Portal/default.htm"
USERMUSTRESETPASSWORD="TRUE"
PRODUCTLOCALE="en-US"
STUDYLOCALE="en-US"/>


<USER  USERNAME="z1x1726"
USERTYPE="SPONSOR"
FIRSTNAME="Stacie"
LASTNAME="Roof"
DISPLAYNAME="Stacie Roof"
COUNTRY="UNITED STATES"
PHONE="13.17296e+009"
ALTPHONE="1"
FAX="1"
EMAIL="stacie.roof@inventivhealth.com"
ACTIVESTATE="true"
DELETESTATE="false"
UPDATE="true"
PASSWORD="o80RkB4V0gn0R1845"
BEEPER="1"
USERDATEFORMAT="DAY_MONTH_YEAR"
HOMESCREENURL="./Portal/default.htm"
USERMUSTRESETPASSWORD="TRUE"
PRODUCTLOCALE="en-US"
STUDYLOCALE="en-US"/>


<USER  USERNAME="v7x0016"
USERTYPE="SPONSOR"
FIRSTNAME="Anoosh"
LASTNAME="Awan"
DISPLAYNAME="Anoosh Awan"
COUNTRY="UNITED STATES"
PHONE="13.17656e+009"
ALTPHONE="1"
FAX="1"
EMAIL="awan_anoosh_f@lilly.com"
ACTIVESTATE="true"
DELETESTATE="false"
UPDATE="true"
PASSWORD="zQ22mE7eI35xW62993"
BEEPER="1"
USERDATEFORMAT="DAY_MONTH_YEAR"
HOMESCREENURL="./Portal/default.htm"
USERMUSTRESETPASSWORD="TRUE"
PRODUCTLOCALE="en-US"
STUDYLOCALE="en-US"/>


<USER  USERNAME="zi20021"
USERTYPE="SPONSOR"
FIRSTNAME="Ayca"
LASTNAME="Aptik"
DISPLAYNAME="Ayca Aptik"
COUNTRY="TURKEY"
PHONE="90905335248305"
ALTPHONE="90"
FAX="90"
EMAIL="aptik_ayca@lilly.com"
ACTIVESTATE="true"
DELETESTATE="false"
UPDATE="true"
PASSWORD="y3TpX3hM11dL162078"
BEEPER="90"
USERDATEFORMAT="DAY_MONTH_YEAR"
HOMESCREENURL="./Portal/default.htm"
USERMUSTRESETPASSWORD="TRUE"
PRODUCTLOCALE="en-US"
STUDYLOCALE="en-US"/>


<USER  USERNAME="v6x7983"
USERTYPE="SPONSOR"
FIRSTNAME="Shelly"
LASTNAME="Maugherman"
DISPLAYNAME="Shelly Maugherman"
COUNTRY="UNITED STATES"
PHONE="13.17761e+009"
ALTPHONE="1"
FAX="1"
EMAIL="maugherman_shelly_j@lilly.com"
ACTIVESTATE="true"
DELETESTATE="false"
UPDATE="true"
PASSWORD="iU9m89BJ7tX0p3534"
BEEPER="1"
USERDATEFORMAT="DAY_MONTH_YEAR"
HOMESCREENURL="./Portal/default.htm"
USERMUSTRESETPASSWORD="TRUE"
PRODUCTLOCALE="en-US"
STUDYLOCALE="en-US"/>


<USER  USERNAME="z2x2182"
USERTYPE="SPONSOR"
FIRSTNAME="Mahesh"
LASTNAME="Butley"
DISPLAYNAME="Mahesh Butley"
COUNTRY="INDIA"
PHONE="919.10203e+012"
ALTPHONE="91"
FAX="91"
EMAIL="mahesh.butley@inventivhealth.com"
ACTIVESTATE="true"
DELETESTATE="false"
UPDATE="true"
PASSWORD="mU35rZ76g42IhZ837089"
BEEPER="91"
USERDATEFORMAT="DAY_MONTH_YEAR"
HOMESCREENURL="./Portal/default.htm"
USERMUSTRESETPASSWORD="TRUE"
PRODUCTLOCALE="en-US"
STUDYLOCALE="en-US"/>


<USER  USERNAME="c003859"
USERTYPE="SPONSOR"
FIRSTNAME="Jo"
LASTNAME="Avant"
DISPLAYNAME="Jo Avant"
COUNTRY="UNITED STATES"
PHONE="13.17655e+009"
ALTPHONE="1"
FAX="1"
EMAIL="avant_josephine@lilly.com"
ACTIVESTATE="true"
DELETESTATE="false"
UPDATE="true"
PASSWORD="rT74x1Lg2Bv0J744"
BEEPER="1"
USERDATEFORMAT="DAY_MONTH_YEAR"
HOMESCREENURL="./Portal/default.htm"
USERMUSTRESETPASSWORD="TRUE"
PRODUCTLOCALE="en-US"
STUDYLOCALE="en-US"/>


<USER  USERNAME="c083101"
USERTYPE="SPONSOR"
FIRSTNAME="Marcela"
LASTNAME="Almeida"
DISPLAYNAME="Marcela Almeida"
COUNTRY="BRAZIL"
PHONE="555.51121e+011"
ALTPHONE="55"
FAX="55"
EMAIL="sorgemp@lilly.com"
ACTIVESTATE="true"
DELETESTATE="false"
UPDATE="true"
PASSWORD="E2zw10Wv14CaV95115"
BEEPER="55"
USERDATEFORMAT="DAY_MONTH_YEAR"
HOMESCREENURL="./Portal/default.htm"
USERMUSTRESETPASSWORD="TRUE"
PRODUCTLOCALE="en-US"
STUDYLOCALE="en-US"/>


<USER  USERNAME="rm90029"
USERTYPE="SPONSOR"
FIRSTNAME="Kathy"
LASTNAME="Britton"
DISPLAYNAME="Kathy Britton"
COUNTRY="UNITED STATES"
PHONE="13.17277e+009"
ALTPHONE="1"
FAX="1"
EMAIL="britton.kathy@lilly.com"
ACTIVESTATE="true"
DELETESTATE="false"
UPDATE="true"
PASSWORD="o3IxI6mR37wZ52954"
BEEPER="1"
USERDATEFORMAT="DAY_MONTH_YEAR"
HOMESCREENURL="./Portal/default.htm"
USERMUSTRESETPASSWORD="TRUE"
PRODUCTLOCALE="en-US"
STUDYLOCALE="en-US"/>


<USER  USERNAME="c069132"
USERTYPE="SPONSOR"
FIRSTNAME="Trudy"
LASTNAME="Buckley"
DISPLAYNAME="Trudy Buckley"
COUNTRY="UNITED STATES"
PHONE="13.17655e+009"
ALTPHONE="1"
FAX="1"
EMAIL="buckley_trudy_jo@lilly.com"
ACTIVESTATE="true"
DELETESTATE="false"
UPDATE="true"
PASSWORD="u5FrO34f2NhE01794"
BEEPER="1"
USERDATEFORMAT="DAY_MONTH_YEAR"
HOMESCREENURL="./Portal/default.htm"
USERMUSTRESETPASSWORD="TRUE"
PRODUCTLOCALE="en-US"
STUDYLOCALE="en-US"/>


<USER  USERNAME="c057362"
USERTYPE="SPONSOR"
FIRSTNAME="Katrina"
LASTNAME="Cathelyn-Irwin"
DISPLAYNAME="Katrina Cathelyn-Irwin"
COUNTRY="UNITED STATES"
PHONE="13.17277e+009"
ALTPHONE="1"
FAX="1"
EMAIL="cathelyn-irwin_katrina_j@lilly.com"
ACTIVESTATE="true"
DELETESTATE="false"
UPDATE="true"
PASSWORD="vB82nH90iI3mT6879"
BEEPER="1"
USERDATEFORMAT="DAY_MONTH_YEAR"
HOMESCREENURL="./Portal/default.htm"
USERMUSTRESETPASSWORD="TRUE"
PRODUCTLOCALE="en-US"
STUDYLOCALE="en-US"/>


<USER  USERNAME="c039825"
USERTYPE="SPONSOR"
FIRSTNAME="David"
LASTNAME="Estelle"
DISPLAYNAME="David Estelle"
COUNTRY="UNITED STATES"
PHONE="13.17276e+009"
ALTPHONE="1"
FAX="1"
EMAIL="estelle_david_e@lilly.com"
ACTIVESTATE="true"
DELETESTATE="false"
UPDATE="true"
PASSWORD="c3Fe27An5HxV76840"
BEEPER="1"
USERDATEFORMAT="DAY_MONTH_YEAR"
HOMESCREENURL="./Portal/default.htm"
USERMUSTRESETPASSWORD="TRUE"
PRODUCTLOCALE="en-US"
STUDYLOCALE="en-US"/>


<USER  USERNAME="c090108"
USERTYPE="SPONSOR"
FIRSTNAME="Kraig"
LASTNAME="Hodson"
DISPLAYNAME="Kraig Hodson"
COUNTRY="UNITED STATES"
PHONE="13.17651e+009"
ALTPHONE="1"
FAX="1"
EMAIL="Hodson_Kraig_e@lilly.com"
ACTIVESTATE="true"
DELETESTATE="false"
UPDATE="true"
PASSWORD="tN14fL22vI79R1h187"
BEEPER="1"
USERDATEFORMAT="DAY_MONTH_YEAR"
HOMESCREENURL="./Portal/default.htm"
USERMUSTRESETPASSWORD="TRUE"
PRODUCTLOCALE="en-US"
STUDYLOCALE="en-US"/>


<USER  USERNAME="c074090"
USERTYPE="SPONSOR"
FIRSTNAME="Dorothy"
LASTNAME="Jackson"
DISPLAYNAME="Dorothy Jackson"
COUNTRY="UNITED STATES"
PHONE="13.17277e+009"
ALTPHONE="1"
FAX="1"
EMAIL="jackson_dorothy@lilly.com"
ACTIVESTATE="true"
DELETESTATE="false"
UPDATE="true"
PASSWORD="P2nQ8oyK18qR73125"
BEEPER="1"
USERDATEFORMAT="DAY_MONTH_YEAR"
HOMESCREENURL="./Portal/default.htm"
USERMUSTRESETPASSWORD="TRUE"
PRODUCTLOCALE="en-US"
STUDYLOCALE="en-US"/>


<USER  USERNAME="c085302"
USERTYPE="SPONSOR"
FIRSTNAME="Molly"
LASTNAME="Lickliter"
DISPLAYNAME="Molly Lickliter"
COUNTRY="UNITED STATES"
PHONE="13.17278e+009"
ALTPHONE="1"
FAX="1"
EMAIL="lickliter_molly_elizabeth@lilly.com"
ACTIVESTATE="true"
DELETESTATE="false"
UPDATE="true"
PASSWORD="vQ0t5Ym2NnD69703"
BEEPER="1"
USERDATEFORMAT="DAY_MONTH_YEAR"
HOMESCREENURL="./Portal/default.htm"
USERMUSTRESETPASSWORD="TRUE"
PRODUCTLOCALE="en-US"
STUDYLOCALE="en-US"/>


<USER  USERNAME="c074342"
USERTYPE="SPONSOR"
FIRSTNAME="Camila"
LASTNAME="Mariguela"
DISPLAYNAME="Camila Mariguela"
COUNTRY="BRAZIL"
PHONE="555.51121e+011"
ALTPHONE="55"
FAX="55"
EMAIL="mariguela_camilla_somaio@lilly.com"
ACTIVESTATE="true"
DELETESTATE="false"
UPDATE="true"
PASSWORD="q66Uw8Fn31Kl3K8136"
BEEPER="55"
USERDATEFORMAT="DAY_MONTH_YEAR"
HOMESCREENURL="./Portal/default.htm"
USERMUSTRESETPASSWORD="TRUE"
PRODUCTLOCALE="en-US"
STUDYLOCALE="en-US"/>


<USER  USERNAME="c149177"
USERTYPE="SPONSOR"
FIRSTNAME="Rakale"
LASTNAME="Modisette"
DISPLAYNAME="Rakale Modisette"
COUNTRY="UNITED STATES"
PHONE="13.17278e+009"
ALTPHONE="1"
FAX="1"
EMAIL="modisette_rakale_n@lilly.com"
ACTIVESTATE="true"
DELETESTATE="false"
UPDATE="true"
PASSWORD="nR30y82XzB21b17Y1791"
BEEPER="1"
USERDATEFORMAT="DAY_MONTH_YEAR"
HOMESCREENURL="./Portal/default.htm"
USERMUSTRESETPASSWORD="TRUE"
PRODUCTLOCALE="en-US"
STUDYLOCALE="en-US"/>


<USER  USERNAME="c131994"
USERTYPE="SPONSOR"
FIRSTNAME="Jane"
LASTNAME="Njoroge"
DISPLAYNAME="Jane Njoroge"
COUNTRY="UNITED STATES"
PHONE="13.17277e+009"
ALTPHONE="1"
FAX="1"
EMAIL="njoroge_jane_n@lilly.com"
ACTIVESTATE="true"
DELETESTATE="false"
UPDATE="true"
PASSWORD="cE4y9SZ3nhT243247"
BEEPER="1"
USERDATEFORMAT="DAY_MONTH_YEAR"
HOMESCREENURL="./Portal/default.htm"
USERMUSTRESETPASSWORD="TRUE"
PRODUCTLOCALE="en-US"
STUDYLOCALE="en-US"/>


<USER  USERNAME="v6x8356"
USERTYPE="SPONSOR"
FIRSTNAME="Cody"
LASTNAME="Pickens"
DISPLAYNAME="Cody Pickens"
COUNTRY="UNITED STATES"
PHONE="13.17434e+009"
ALTPHONE="1"
FAX="1"
EMAIL="pickens_cody_m@lilly.com"
ACTIVESTATE="true"
DELETESTATE="false"
UPDATE="true"
PASSWORD="R5auR6uQ86tC457418"
BEEPER="1"
USERDATEFORMAT="DAY_MONTH_YEAR"
HOMESCREENURL="./Portal/default.htm"
USERMUSTRESETPASSWORD="TRUE"
PRODUCTLOCALE="en-US"
STUDYLOCALE="en-US"/>


<USER  USERNAME="c025980"
USERTYPE="SPONSOR"
FIRSTNAME="Tamara"
LASTNAME="Risner"
DISPLAYNAME="Tamara Risner"
COUNTRY="UNITED STATES"
PHONE="13.17434e+009"
ALTPHONE="1"
FAX="1"
EMAIL="risner_tamara_k@lilly.com"
ACTIVESTATE="true"
DELETESTATE="false"
UPDATE="true"
PASSWORD="M9oyB3iY6oM905543"
BEEPER="1"
USERDATEFORMAT="DAY_MONTH_YEAR"
HOMESCREENURL="./Portal/default.htm"
USERMUSTRESETPASSWORD="TRUE"
PRODUCTLOCALE="en-US"
STUDYLOCALE="en-US"/>


<USER  USERNAME="c137396"
USERTYPE="SPONSOR"
FIRSTNAME="Ana Paula"
LASTNAME="Rondino"
DISPLAYNAME="Ana Paula Rondino"
COUNTRY="BRAZIL"
PHONE="555.51121e+011"
ALTPHONE="55"
FAX="55"
EMAIL="rondino_ana_paula@lilly.com"
ACTIVESTATE="true"
DELETESTATE="false"
UPDATE="true"
PASSWORD="qR76xE55m4ZaJ796690"
BEEPER="55"
USERDATEFORMAT="DAY_MONTH_YEAR"
HOMESCREENURL="./Portal/default.htm"
USERMUSTRESETPASSWORD="TRUE"
PRODUCTLOCALE="en-US"
STUDYLOCALE="en-US"/>


<USER  USERNAME="c075541"
USERTYPE="SPONSOR"
FIRSTNAME="Sara"
LASTNAME="Vandermark"
DISPLAYNAME="Sara Vandermark"
COUNTRY="UNITED STATES"
PHONE="13.17655e+009"
ALTPHONE="1"
FAX="1"
EMAIL="Vandermark_Sara@lilly.com"
ACTIVESTATE="true"
DELETESTATE="false"
UPDATE="true"
PASSWORD="o1LyA3h71CzS12962"
BEEPER="1"
USERDATEFORMAT="DAY_MONTH_YEAR"
HOMESCREENURL="./Portal/default.htm"
USERMUSTRESETPASSWORD="TRUE"
PRODUCTLOCALE="en-US"
STUDYLOCALE="en-US"/>


<USER  USERNAME="c074429"
USERTYPE="SPONSOR"
FIRSTNAME="Ivanil"
LASTNAME="Viera"
DISPLAYNAME="Ivanil Viera"
COUNTRY="BRAZIL"
PHONE="555.51121e+011"
ALTPHONE="55"
FAX="55"
EMAIL="vieira_ivanil@lilly.com"
ACTIVESTATE="true"
DELETESTATE="false"
UPDATE="true"
PASSWORD="vN6vA2tX7rH32418"
BEEPER="55"
USERDATEFORMAT="DAY_MONTH_YEAR"
HOMESCREENURL="./Portal/default.htm"
USERMUSTRESETPASSWORD="TRUE"
PRODUCTLOCALE="en-US"
STUDYLOCALE="en-US"/>


<USER  USERNAME="c026393"
USERTYPE="SPONSOR"
FIRSTNAME="Lee Ann"
LASTNAME="Wininger"
DISPLAYNAME="Lee Ann Wininger"
COUNTRY="UNITED STATES"
PHONE="13.17651e+009"
ALTPHONE="1"
FAX="1"
EMAIL="Wininger_Lee_Ann@lilly.com"
ACTIVESTATE="true"
DELETESTATE="false"
UPDATE="true"
PASSWORD="P3bt3Yl9UzB521159"
BEEPER="1"
USERDATEFORMAT="DAY_MONTH_YEAR"
HOMESCREENURL="./Portal/default.htm"
USERMUSTRESETPASSWORD="TRUE"
PRODUCTLOCALE="en-US"
STUDYLOCALE="en-US"/>


<USER  USERNAME="a608760"
USERTYPE="SPONSOR"
FIRSTNAME="Sharon"
LASTNAME="Wright"
DISPLAYNAME="Sharon Wright"
COUNTRY="UNITED STATES"
PHONE="13.17434e+009"
ALTPHONE="1"
FAX="1"
EMAIL="wright_sharon@lilly.com"
ACTIVESTATE="true"
DELETESTATE="false"
UPDATE="true"
PASSWORD="k53SoB8u30XZ5o5330"
BEEPER="1"
USERDATEFORMAT="DAY_MONTH_YEAR"
HOMESCREENURL="./Portal/default.htm"
USERMUSTRESETPASSWORD="TRUE"
PRODUCTLOCALE="en-US"
STUDYLOCALE="en-US"/>


<USER  USERNAME="c058698"
USERTYPE="SPONSOR"
FIRSTNAME="Michele"
LASTNAME="Brady"
DISPLAYNAME="Michele Brady"
COUNTRY="UNITED STATES"
PHONE="13.17651e+009"
ALTPHONE="1"
FAX="1"
EMAIL="brady_michelle_l@lilly.com"
ACTIVESTATE="true"
DELETESTATE="false"
UPDATE="true"
PASSWORD="pX83W2hm12FoX374379"
BEEPER="1"
USERDATEFORMAT="DAY_MONTH_YEAR"
HOMESCREENURL="./Portal/default.htm"
USERMUSTRESETPASSWORD="TRUE"
PRODUCTLOCALE="en-US"
STUDYLOCALE="en-US"/>


<USER  USERNAME="u7x2510"
USERTYPE="SPONSOR"
FIRSTNAME="Blaine"
LASTNAME="Farley"
DISPLAYNAME="Blaine Farley"
COUNTRY="UNITED STATES"
PHONE="13.17628e+009"
ALTPHONE="1"
FAX="1"
EMAIL="farley_blaine@network.lilly.com"
ACTIVESTATE="true"
DELETESTATE="false"
UPDATE="true"
PASSWORD="zT3j21Kq5QaU265527"
BEEPER="1"
USERDATEFORMAT="DAY_MONTH_YEAR"
HOMESCREENURL="./Portal/default.htm"
USERMUSTRESETPASSWORD="TRUE"
PRODUCTLOCALE="en-US"
STUDYLOCALE="en-US"/>


<USER  USERNAME="yex7920"
USERTYPE="SPONSOR"
FIRSTNAME="Merab"
LASTNAME="Lomia"
DISPLAYNAME="Merab Lomia"
COUNTRY="UNITED KINGDOM"
PHONE="444.41276e+011"
ALTPHONE="44"
FAX="44"
EMAIL="lomia_merab@network.lilly.com"
ACTIVESTATE="true"
DELETESTATE="false"
UPDATE="true"
PASSWORD="K8jl49SI7yb9B3960"
BEEPER="44"
USERDATEFORMAT="DAY_MONTH_YEAR"
HOMESCREENURL="./Portal/default.htm"
USERMUSTRESETPASSWORD="TRUE"
PRODUCTLOCALE="en-US"
STUDYLOCALE="en-US"/>


<USER  USERNAME="rm36132"
USERTYPE="SPONSOR"
FIRSTNAME="Jan"
LASTNAME="Myers"
DISPLAYNAME="Jan Myers"
COUNTRY="UNITED STATES"
PHONE="13.17278e+009"
ALTPHONE="1"
FAX="1"
EMAIL="myers_jan_e@lilly.com"
ACTIVESTATE="true"
DELETESTATE="false"
UPDATE="true"
PASSWORD="Y5mT5dzF5vN927822"
BEEPER="1"
USERDATEFORMAT="DAY_MONTH_YEAR"
HOMESCREENURL="./Portal/default.htm"
USERMUSTRESETPASSWORD="TRUE"
PRODUCTLOCALE="en-US"
STUDYLOCALE="en-US"/>


<USER  USERNAME="a511471"
USERTYPE="SPONSOR"
FIRSTNAME="Janet"
LASTNAME="Roepke"
DISPLAYNAME="Janet Roepke"
COUNTRY="UNITED STATES"
PHONE="13.17277e+009"
ALTPHONE="1"
FAX="1"
EMAIL="roepke_janet_elizabeth@lilly.com"
ACTIVESTATE="true"
DELETESTATE="false"
UPDATE="true"
PASSWORD="wC37mK2qT4kE91786"
BEEPER="1"
USERDATEFORMAT="DAY_MONTH_YEAR"
HOMESCREENURL="./Portal/default.htm"
USERMUSTRESETPASSWORD="TRUE"
PRODUCTLOCALE="en-US"
STUDYLOCALE="en-US"/>


<USER  USERNAME="rm80655"
USERTYPE="SPONSOR"
FIRSTNAME="Michael"
LASTNAME="Zeckel"
DISPLAYNAME="Michael Zeckel"
COUNTRY="UNITED STATES"
PHONE="13.17652e+009"
ALTPHONE="1"
FAX="1"
EMAIL="mlzeckel@lilly.com"
ACTIVESTATE="true"
DELETESTATE="false"
UPDATE="true"
PASSWORD="mL61uU0l7BpO49810"
BEEPER="1"
USERDATEFORMAT="DAY_MONTH_YEAR"
HOMESCREENURL="./Portal/default.htm"
USERMUSTRESETPASSWORD="TRUE"
PRODUCTLOCALE="en-US"
STUDYLOCALE="en-US"/>


<USER  USERNAME="haudish"
USERTYPE="SITE"
FIRSTNAME="Hanid"
LASTNAME="Audish"
DISPLAYNAME="Hanid Audish"
COUNTRY="UNITED STATES"
PHONE="16196609068"
ALTPHONE="1"
FAX="1"
EMAIL="haudish@ecrstudies.com"
ACTIVESTATE="true"
DELETESTATE="false"
UPDATE="true"
PASSWORD="hE74nY7n58ZeA11232"
BEEPER="1"
USERDATEFORMAT="DAY_MONTH_YEAR"
HOMESCREENURL="./Portal/default.htm"
USERMUSTRESETPASSWORD="TRUE"
PRODUCTLOCALE="en-US"
STUDYLOCALE="en-US"/>


<USER  USERNAME="awest"
USERTYPE="SITE"
FIRSTNAME="Andrea"
LASTNAME="West"
DISPLAYNAME="Andrea West"
COUNTRY="UNITED STATES"
PHONE="19047300101"
ALTPHONE="1"
FAX="1"
EMAIL="awest@encoredocs.com"
ACTIVESTATE="true"
DELETESTATE="false"
UPDATE="true"
PASSWORD="yW40eL64vZ46zJ32925"
BEEPER="1"
USERDATEFORMAT="DAY_MONTH_YEAR"
HOMESCREENURL="./Portal/default.htm"
USERMUSTRESETPASSWORD="TRUE"
PRODUCTLOCALE="en-US"
STUDYLOCALE="en-US"/>


<USER  USERNAME="akenley"
USERTYPE="SITE"
FIRSTNAME="Amy"
LASTNAME="Kenley"
DISPLAYNAME="Amy Kenley"
COUNTRY="UNITED STATES"
PHONE="18016145501"
ALTPHONE="1"
FAX="1"
EMAIL="amy-kim@westsidemedical.org"
ACTIVESTATE="true"
DELETESTATE="false"
UPDATE="true"
PASSWORD="h67LmO89s48OzR232395"
BEEPER="1"
USERDATEFORMAT="DAY_MONTH_YEAR"
HOMESCREENURL="./Portal/default.htm"
USERMUSTRESETPASSWORD="TRUE"
PRODUCTLOCALE="en-US"
STUDYLOCALE="en-US"/>


<USER  USERNAME="vkureja"
USERTYPE="SITE"
FIRSTNAME="Victoria"
LASTNAME="Kureja"
DISPLAYNAME="Victoria Kureja"
COUNTRY="UNITED STATES"
PHONE="16108919024"
ALTPHONE="1"
FAX="1"
EMAIL="vkurzeja@surburbanresearch.com"
ACTIVESTATE="true"
DELETESTATE="false"
UPDATE="true"
PASSWORD="iZ8nL73V1wpL56887"
BEEPER="1"
USERDATEFORMAT="DAY_MONTH_YEAR"
HOMESCREENURL="./Portal/default.htm"
USERMUSTRESETPASSWORD="TRUE"
PRODUCTLOCALE="en-US"
STUDYLOCALE="en-US"/>


<USER  USERNAME="tneyman"
USERTYPE="SITE"
FIRSTNAME="Tatyana"
LASTNAME="Neyman"
DISPLAYNAME="Tatyana Neyman"
COUNTRY="UNITED STATES"
PHONE="13103151456"
ALTPHONE="1"
FAX="1"
EMAIL="tneyman@drkudrow.com"
ACTIVESTATE="true"
DELETESTATE="false"
UPDATE="true"
PASSWORD="lV9v6AlP6pT388356"
BEEPER="1"
USERDATEFORMAT="DAY_MONTH_YEAR"
HOMESCREENURL="./Portal/default.htm"
USERMUSTRESETPASSWORD="TRUE"
PRODUCTLOCALE="en-US"
STUDYLOCALE="en-US"/>


<USER  USERNAME="plane"
USERTYPE="SITE"
FIRSTNAME="Paula"
LASTNAME="Lane"
DISPLAYNAME="Paula Lane"
COUNTRY="UNITED STATES"
PHONE="15058483773"
ALTPHONE="1"
FAX="1"
EMAIL="paula@albneuro.com"
ACTIVESTATE="true"
DELETESTATE="false"
UPDATE="true"
PASSWORD="l2EwL82nE5fN62949"
BEEPER="1"
USERDATEFORMAT="DAY_MONTH_YEAR"
HOMESCREENURL="./Portal/default.htm"
USERMUSTRESETPASSWORD="TRUE"
PRODUCTLOCALE="en-US"
STUDYLOCALE="en-US"/>


<USER  USERNAME="msibley"
USERTYPE="SITE"
FIRSTNAME="Marisa"
LASTNAME="Sibley"
DISPLAYNAME="Marisa Sibley"
COUNTRY="UNITED STATES"
PHONE="19729371651"
ALTPHONE="1"
FAX="1"
EMAIL="marisas@cptrials.com"
ACTIVESTATE="true"
DELETESTATE="false"
UPDATE="true"
PASSWORD="eD7uT21C5ewA51703"
BEEPER="1"
USERDATEFORMAT="DAY_MONTH_YEAR"
HOMESCREENURL="./Portal/default.htm"
USERMUSTRESETPASSWORD="TRUE"
PRODUCTLOCALE="en-US"
STUDYLOCALE="en-US"/>


<USER  USERNAME="twhited"
USERTYPE="SITE"
FIRSTNAME="Teri"
LASTNAME="Whited"
DISPLAYNAME="Teri Whited"
COUNTRY="UNITED STATES"
PHONE="16196609068"
ALTPHONE="1"
FAX="1"
EMAIL="twhited@ecrstudies.com"
ACTIVESTATE="true"
DELETESTATE="false"
UPDATE="true"
PASSWORD="vG61t5XrH5fP768910"
BEEPER="1"
USERDATEFORMAT="DAY_MONTH_YEAR"
HOMESCREENURL="./Portal/default.htm"
USERMUSTRESETPASSWORD="TRUE"
PRODUCTLOCALE="en-US"
STUDYLOCALE="en-US"/>


<USER  USERNAME="gvalentin"
USERTYPE="SITE"
FIRSTNAME="Grace"
LASTNAME="Valentin"
DISPLAYNAME="Grace Valentin"
COUNTRY="UNITED STATES"
PHONE="12039141903"
ALTPHONE="1"
FAX="1"
EMAIL="grace@neinh.com"
ACTIVESTATE="true"
DELETESTATE="false"
UPDATE="true"
PASSWORD="oH1l8GzP2lC77664"
BEEPER="1"
USERDATEFORMAT="DAY_MONTH_YEAR"
HOMESCREENURL="./Portal/default.htm"
USERMUSTRESETPASSWORD="TRUE"
PRODUCTLOCALE="en-US"
STUDYLOCALE="en-US"/>


<USER  USERNAME="eodicio"
USERTYPE="SITE"
FIRSTNAME="Esthefany"
LASTNAME="Odicio"
DISPLAYNAME="Esthefany Odicio"
COUNTRY="UNITED STATES"
PHONE="19546203340"
ALTPHONE="1"
FAX="1"
EMAIL="eodicio@infinityclinicalresearch.com"
ACTIVESTATE="true"
DELETESTATE="false"
UPDATE="true"
PASSWORD="c4ZkL12eK53pR04972"
BEEPER="1"
USERDATEFORMAT="DAY_MONTH_YEAR"
HOMESCREENURL="./Portal/default.htm"
USERMUSTRESETPASSWORD="TRUE"
PRODUCTLOCALE="en-US"
STUDYLOCALE="en-US"/>


<USER  USERNAME="hschwartz"
USERTYPE="SITE"
FIRSTNAME="Harvey"
LASTNAME="Schwartz"
DISPLAYNAME="Harvey Schwartz"
COUNTRY="UNITED STATES"
PHONE="19549813850"
ALTPHONE="1"
FAX="1"
EMAIL="hschwartz@infinityclinicalresearch.com"
ACTIVESTATE="true"
DELETESTATE="false"
UPDATE="true"
PASSWORD="sK55cT4dS2A2j3726"
BEEPER="1"
USERDATEFORMAT="DAY_MONTH_YEAR"
HOMESCREENURL="./Portal/default.htm"
USERMUSTRESETPASSWORD="TRUE"
PRODUCTLOCALE="en-US"
STUDYLOCALE="en-US"/>


<USER  USERNAME="vandujar"
USERTYPE="SITE"
FIRSTNAME="Vianei"
LASTNAME="Andujar"
DISPLAYNAME="Vianei Andujar"
COUNTRY="UNITED STATES"
PHONE="17878402505"
ALTPHONE="1"
FAX="1"
EMAIL="vandujar@psm.edu"
ACTIVESTATE="true"
DELETESTATE="false"
UPDATE="true"
PASSWORD="s70Va6EvH1i93C8218"
BEEPER="1"
USERDATEFORMAT="DAY_MONTH_YEAR"
HOMESCREENURL="./Portal/default.htm"
USERMUSTRESETPASSWORD="TRUE"
PRODUCTLOCALE="en-US"
STUDYLOCALE="en-US"/>


<USER  USERNAME="jlessard"
USERTYPE="SITE"
FIRSTNAME="Jean-Francois"
LASTNAME="Lessard"
DISPLAYNAME="Jean-Francois Lessard"
COUNTRY="CANADA"
PHONE="18193462887"
ALTPHONE="1"
FAX="1"
EMAIL="jflessard@diex.ca"
ACTIVESTATE="true"
DELETESTATE="false"
UPDATE="true"
PASSWORD="oJ6fO5xA69zA02503"
BEEPER="1"
USERDATEFORMAT="DAY_MONTH_YEAR"
HOMESCREENURL="./Portal/default.htm"
USERMUSTRESETPASSWORD="TRUE"
PRODUCTLOCALE="en-US"
STUDYLOCALE="en-US"/>


<USER  USERNAME="ggirard"
USERTYPE="SITE"
FIRSTNAME="Ginette"
LASTNAME="Girard"
DISPLAYNAME="Ginette Girard"
COUNTRY="CANADA"
PHONE="18193462887"
ALTPHONE="1"
FAX="1"
EMAIL="ggirard@diex.ca"
ACTIVESTATE="true"
DELETESTATE="false"
UPDATE="true"
PASSWORD="vJ1o86Tp4Ii51W1257"
BEEPER="1"
USERDATEFORMAT="DAY_MONTH_YEAR"
HOMESCREENURL="./Portal/default.htm"
USERMUSTRESETPASSWORD="TRUE"
PRODUCTLOCALE="en-US"
STUDYLOCALE="en-US"/>


<USER  USERNAME="mgawel"
USERTYPE="SITE"
FIRSTNAME="Marek"
LASTNAME="Gawel"
DISPLAYNAME="Marek Gawel"
COUNTRY="CANADA"
PHONE="14164857749"
ALTPHONE="1"
FAX="1"
EMAIL="marek.gawel@rogers.com"
ACTIVESTATE="true"
DELETESTATE="false"
UPDATE="true"
PASSWORD="e5XoO6gD71qC28464"
BEEPER="1"
USERDATEFORMAT="DAY_MONTH_YEAR"
HOMESCREENURL="./Portal/default.htm"
USERMUSTRESETPASSWORD="TRUE"
PRODUCTLOCALE="en-US"
STUDYLOCALE="en-US"/>


<USER  USERNAME="famoozegar"
USERTYPE="SITE"
FIRSTNAME="Farnaz"
LASTNAME="Amoozegar"
DISPLAYNAME="Farnaz Amoozegar"
COUNTRY="CANADA"
PHONE="14039562462"
ALTPHONE="1"
FAX="1"
EMAIL="farnaz.amoozegar@albertahealthservices.ca"
ACTIVESTATE="true"
DELETESTATE="false"
UPDATE="true"
PASSWORD="N4bwS82j64VqK159933"
BEEPER="1"
USERDATEFORMAT="DAY_MONTH_YEAR"
HOMESCREENURL="./Portal/default.htm"
USERMUSTRESETPASSWORD="TRUE"
PRODUCTLOCALE="en-US"
STUDYLOCALE="en-US"/>


<USER  USERNAME="dbenmoshe"
USERTYPE="SITE"
FIRSTNAME="Danny"
LASTNAME="Benmoshe"
DISPLAYNAME="Danny Benmoshe"
COUNTRY="UNITED STATES"
PHONE="13.10315e+009"
ALTPHONE="1"
FAX="1"
EMAIL="drbenmoshe@hotmail.com"
ACTIVESTATE="true"
DELETESTATE="false"
UPDATE="true"
PASSWORD="mV8y72Rk1Fw4I1811"
BEEPER="1"
USERDATEFORMAT="DAY_MONTH_YEAR"
HOMESCREENURL="./Portal/default.htm"
USERMUSTRESETPASSWORD="TRUE"
PRODUCTLOCALE="en-US"
STUDYLOCALE="en-US"/>


<USER  USERNAME="ecsepany"
USERTYPE="SITE"
FIRSTNAME="Eva"
LASTNAME="Csepany"
DISPLAYNAME="Eva Csepany"
COUNTRY="HUNGARY"
PHONE="363612100330"
ALTPHONE="36"
FAX="36"
EMAIL="csepany.eva@gmail.com"
ACTIVESTATE="true"
DELETESTATE="false"
UPDATE="true"
PASSWORD="pX55pK9Z3tm0Z1068"
BEEPER="36"
USERDATEFORMAT="DAY_MONTH_YEAR"
HOMESCREENURL="./Portal/default.htm"
USERMUSTRESETPASSWORD="TRUE"
PRODUCTLOCALE="en-US"
STUDYLOCALE="en-US"/>


<USER  USERNAME="mmagyar"
USERTYPE="SITE"
FIRSTNAME="Mate"
LASTNAME="Magyar"
DISPLAYNAME="Mate Magyar"
COUNTRY="HUNGARY"
PHONE="363612100330"
ALTPHONE="36"
FAX="36"
EMAIL="mate.magyar.88@gmail.com"
ACTIVESTATE="true"
DELETESTATE="false"
UPDATE="true"
PASSWORD="aK31sK69tO8f88G2845"
BEEPER="36"
USERDATEFORMAT="DAY_MONTH_YEAR"
HOMESCREENURL="./Portal/default.htm"
USERMUSTRESETPASSWORD="TRUE"
PRODUCTLOCALE="en-US"
STUDYLOCALE="en-US"/>


<USER  USERNAME="gtoth"
USERTYPE="SITE"
FIRSTNAME="Gergely"
LASTNAME="Toth"
DISPLAYNAME="Gergely Toth"
COUNTRY="HUNGARY"
PHONE="363696507969"
ALTPHONE="36"
FAX="36"
EMAIL="gergelytoth@hotmail.com"
ACTIVESTATE="true"
DELETESTATE="false"
UPDATE="true"
PASSWORD="pX95P5zn92Cb87M4623"
BEEPER="36"
USERDATEFORMAT="DAY_MONTH_YEAR"
HOMESCREENURL="./Portal/default.htm"
USERMUSTRESETPASSWORD="TRUE"
PRODUCTLOCALE="en-US"
STUDYLOCALE="en-US"/>


<USER  USERNAME="grum"
USERTYPE="SITE"
FIRSTNAME="Gabor"
LASTNAME="Rum"
DISPLAYNAME="Gabor Rum"
COUNTRY="HUNGARY"
PHONE="363696507969"
ALTPHONE="36"
FAX="36"
EMAIL="rumgabor@gmail.com"
ACTIVESTATE="true"
DELETESTATE="false"
UPDATE="true"
PASSWORD="fO18N7ta1Yy6T3685"
BEEPER="36"
USERDATEFORMAT="DAY_MONTH_YEAR"
HOMESCREENURL="./Portal/default.htm"
USERMUSTRESETPASSWORD="TRUE"
PRODUCTLOCALE="en-US"
STUDYLOCALE="en-US"/>


<USER  USERNAME="rnemeth"
USERTYPE="SITE"
FIRSTNAME="Rita"
LASTNAME="Nemeth"
DISPLAYNAME="Rita Nemeth"
COUNTRY="HUNGARY"
PHONE="363696507969"
ALTPHONE="36"
FAX="36"
EMAIL="nemethr@petz.gyor.hu"
ACTIVESTATE="true"
DELETESTATE="false"
UPDATE="true"
PASSWORD="jB82yR29uL36uB15462"
BEEPER="36"
USERDATEFORMAT="DAY_MONTH_YEAR"
HOMESCREENURL="./Portal/default.htm"
USERMUSTRESETPASSWORD="TRUE"
PRODUCTLOCALE="en-US"
STUDYLOCALE="en-US"/>


<USER  USERNAME="gnemes"
USERTYPE="SITE"
FIRSTNAME="Gabriella"
LASTNAME="Nemes"
DISPLAYNAME="Gabriella Nemes"
COUNTRY="HUNGARY"
PHONE="363676481219"
ALTPHONE="36"
FAX="36"
EMAIL="nemesg@kmk.hu"
ACTIVESTATE="true"
DELETESTATE="false"
UPDATE="true"
PASSWORD="dB75y5PpW42yO66364"
BEEPER="36"
USERDATEFORMAT="DAY_MONTH_YEAR"
HOMESCREENURL="./Portal/default.htm"
USERMUSTRESETPASSWORD="TRUE"
PRODUCTLOCALE="en-US"
STUDYLOCALE="en-US"/>


<USER  USERNAME="parcagni"
USERTYPE="SITE"
FIRSTNAME="Pierre"
LASTNAME="ARCAGNI"
DISPLAYNAME="Pierre ARCAGNI"
COUNTRY="FRANCE"
PHONE="3333477120644"
ALTPHONE="33"
FAX="33"
EMAIL="pierre.arcagni@gmail.com"
ACTIVESTATE="true"
DELETESTATE="false"
UPDATE="true"
PASSWORD="Q6xM5wqG73rN92141"
BEEPER="33"
USERDATEFORMAT="DAY_MONTH_YEAR"
HOMESCREENURL="./Portal/default.htm"
USERMUSTRESETPASSWORD="TRUE"
PRODUCTLOCALE="en-US"
STUDYLOCALE="en-US"/>


<USER  USERNAME="i5qmccgaj_RE"
USERTYPE="SPONSOR"
FIRSTNAME="Report"
LASTNAME="Extractor"
DISPLAYNAME="Report Extractor"
COUNTRY="UNITED STATES"
PHONE="11"
ALTPHONE="1"
FAX="1"
EMAIL="satish.bantanahal@oracle.com"
ACTIVESTATE="true"
DELETESTATE="false"
UPDATE="true"
PASSWORD="l98MaU1s7BwQ3255"
BEEPER="1"
USERDATEFORMAT="DAY_MONTH_YEAR"
HOMESCREENURL="./Portal/default.htm"
USERMUSTRESETPASSWORD="TRUE"
PRODUCTLOCALE="en-US"
STUDYLOCALE="en-US"/>


<USER  USERNAME="ce63390"
USERTYPE="SPONSOR"
FIRSTNAME="Lindy"
LASTNAME="Smith"
DISPLAYNAME="Lindy Smith"
COUNTRY="UNITED STATES"
PHONE="13.17775e+009"
ALTPHONE="1"
FAX="1"
EMAIL="smith_lindy_k@lilly.com"
ACTIVESTATE="true"
DELETESTATE="false"
UPDATE="true"
PASSWORD="oV82G6bnM17R6k2327"
BEEPER="1"
USERDATEFORMAT="DAY_MONTH_YEAR"
HOMESCREENURL="./Portal/default.htm"
USERMUSTRESETPASSWORD="TRUE"
PRODUCTLOCALE="en-US"
STUDYLOCALE="en-US"/>


<USER  USERNAME="ahanyok"
USERTYPE="SITE"
FIRSTNAME="April"
LASTNAME="Hanyok"
DISPLAYNAME="April Hanyok"
COUNTRY="UNITED STATES"
PHONE="19107995500"
ALTPHONE="1"
FAX="1"
EMAIL="ahanyok@pmg-research.com"
ACTIVESTATE="true"
DELETESTATE="false"
UPDATE="true"
PASSWORD="v70KmD26hO75t81E6109"
BEEPER="1"
USERDATEFORMAT="DAY_MONTH_YEAR"
HOMESCREENURL="./Portal/default.htm"
USERMUSTRESETPASSWORD="TRUE"
PRODUCTLOCALE="en-US"
STUDYLOCALE="en-US"/>


<USER  USERNAME="srocco"
USERTYPE="SITE"
FIRSTNAME="Sheri"
LASTNAME="Rocco"
DISPLAYNAME="Sheri Rocco"
COUNTRY="UNITED STATES"
PHONE="13142518890"
ALTPHONE="1"
FAX="1"
EMAIL="sheri.rocco@mercy.net"
ACTIVESTATE="true"
DELETESTATE="false"
UPDATE="true"
PASSWORD="S6bi49CqM17hF482457"
BEEPER="1"
USERDATEFORMAT="DAY_MONTH_YEAR"
HOMESCREENURL="./Portal/default.htm"
USERMUSTRESETPASSWORD="TRUE"
PRODUCTLOCALE="en-US"
STUDYLOCALE="en-US"/>


<USER  USERNAME="lsainz"
USERTYPE="SITE"
FIRSTNAME="Leslie"
LASTNAME="Sainz"
DISPLAYNAME="Leslie Sainz"
COUNTRY="UNITED STATES"
PHONE="15403422929"
ALTPHONE="1"
FAX="1"
EMAIL="brresearch@aol.com"
ACTIVESTATE="true"
DELETESTATE="false"
UPDATE="true"
PASSWORD="N6ccO8Y4xq6Z6332"
BEEPER="1"
USERDATEFORMAT="DAY_MONTH_YEAR"
HOMESCREENURL="./Portal/default.htm"
USERMUSTRESETPASSWORD="TRUE"
PRODUCTLOCALE="en-US"
STUDYLOCALE="en-US"/>


<USER  USERNAME="sstuckey"
USERTYPE="SITE"
FIRSTNAME="Sue"
LASTNAME="Stuckey"
DISPLAYNAME="Sue Stuckey"
COUNTRY="UNITED STATES"
PHONE="13365748020"
ALTPHONE="1"
FAX="1"
EMAIL="sstuckey@pharmquest.biz"
ACTIVESTATE="true"
DELETESTATE="false"
UPDATE="true"
PASSWORD="k4FW9tqS6zR44169"
BEEPER="1"
USERDATEFORMAT="DAY_MONTH_YEAR"
HOMESCREENURL="./Portal/default.htm"
USERMUSTRESETPASSWORD="TRUE"
PRODUCTLOCALE="en-US"
STUDYLOCALE="en-US"/>


<USER  USERNAME="tzsombok"
USERTYPE="SITE"
FIRSTNAME="Terezia"
LASTNAME="Zsombok"
DISPLAYNAME="Terezia Zsombok"
COUNTRY="HUNGARY"
PHONE="363614887522"
ALTPHONE="36"
FAX="36"
EMAIL="zso6370@gmail.com"
ACTIVESTATE="true"
DELETESTATE="false"
UPDATE="true"
PASSWORD="e87YkX29p8XtQ645946"
BEEPER="36"
USERDATEFORMAT="DAY_MONTH_YEAR"
HOMESCREENURL="./Portal/default.htm"
USERMUSTRESETPASSWORD="TRUE"
PRODUCTLOCALE="en-US"
STUDYLOCALE="en-US"/>


<USER  USERNAME="zvida"
USERTYPE="SITE"
FIRSTNAME="Zsuzsanna"
LASTNAME="Vida"
DISPLAYNAME="Zsuzsanna Vida"
COUNTRY="HUNGARY"
PHONE="363633542336"
ALTPHONE="36"
FAX="36"
EMAIL="valeomed@invitel.hu"
ACTIVESTATE="true"
DELETESTATE="false"
UPDATE="true"
PASSWORD="tJ7mY14B5mm62W7724"
BEEPER="36"
USERDATEFORMAT="DAY_MONTH_YEAR"
HOMESCREENURL="./Portal/default.htm"
USERMUSTRESETPASSWORD="TRUE"
PRODUCTLOCALE="en-US"
STUDYLOCALE="en-US"/>


<USER  USERNAME="inagy"
USERTYPE="SITE"
FIRSTNAME="Ildiko"
LASTNAME="Nagy"
DISPLAYNAME="Ildiko Nagy"
COUNTRY="HUNGARY"
PHONE="363614679300"
ALTPHONE="36"
FAX="36"
EMAIL="nagyildiko@oiti.hu"
ACTIVESTATE="true"
DELETESTATE="false"
UPDATE="true"
PASSWORD="s7Yo8WxA20wK222317"
BEEPER="36"
USERDATEFORMAT="DAY_MONTH_YEAR"
HOMESCREENURL="./Portal/default.htm"
USERMUSTRESETPASSWORD="TRUE"
PRODUCTLOCALE="en-US"
STUDYLOCALE="en-US"/>


<USER  USERNAME="cburcin"
USERTYPE="SITE"
FIRSTNAME="Cecilia"
LASTNAME="BURCIN"
DISPLAYNAME="Cecilia BURCIN"
COUNTRY="FRANCE"
PHONE="3333149952476"
ALTPHONE="33"
FAX="33"
EMAIL="cecilia.burcin@lrb.aphp.fr"
ACTIVESTATE="true"
DELETESTATE="false"
UPDATE="true"
PASSWORD="rE70R9od39Mq5K4094"
BEEPER="33"
USERDATEFORMAT="DAY_MONTH_YEAR"
HOMESCREENURL="./Portal/default.htm"
USERMUSTRESETPASSWORD="TRUE"
PRODUCTLOCALE="en-US"
STUDYLOCALE="en-US"/>


<USER  USERNAME="rm85747"
USERTYPE="SPONSOR"
FIRSTNAME="Robin"
LASTNAME="Kinnick"
DISPLAYNAME="Robin Kinnick"
COUNTRY="UNITED STATES"
PHONE="13.17651e+009"
ALTPHONE="1"
FAX="1"
EMAIL="kinnick_robin_moschel@lilly.com"
ACTIVESTATE="true"
DELETESTATE="false"
UPDATE="true"
PASSWORD="nI15cY2cE1C1s2858"
BEEPER="1"
USERDATEFORMAT="DAY_MONTH_YEAR"
HOMESCREENURL="./Portal/default.htm"
USERMUSTRESETPASSWORD="TRUE"
PRODUCTLOCALE="en-US"
STUDYLOCALE="en-US"/>


<USER  USERNAME="rg37419"
USERTYPE="SPONSOR"
FIRSTNAME="Crystal"
LASTNAME="Steiner"
DISPLAYNAME="Crystal Steiner"
COUNTRY="UNITED STATES"
PHONE="13.17435e+009"
ALTPHONE="1"
FAX="1"
EMAIL="steiner_crystal_d@lilly.com"
ACTIVESTATE="true"
DELETESTATE="false"
UPDATE="true"
PASSWORD="mZ69b63Tf4Vo7X1943"
BEEPER="1"
USERDATEFORMAT="DAY_MONTH_YEAR"
HOMESCREENURL="./Portal/default.htm"
USERMUSTRESETPASSWORD="TRUE"
PRODUCTLOCALE="en-US"
STUDYLOCALE="en-US"/>


<USER  USERNAME="z2x2291"
USERTYPE="SPONSOR"
FIRSTNAME="Joseph"
LASTNAME="Matassini"
DISPLAYNAME="Joseph Matassini"
COUNTRY="CANADA"
PHONE="17.05294e+009"
ALTPHONE="1"
FAX="1"
EMAIL="joseph.matassini@inventivhealth.com"
ACTIVESTATE="true"
DELETESTATE="false"
UPDATE="true"
PASSWORD="gD56hW5xV12H9v2783"
BEEPER="1"
USERDATEFORMAT="DAY_MONTH_YEAR"
HOMESCREENURL="./Portal/default.htm"
USERMUSTRESETPASSWORD="TRUE"
PRODUCTLOCALE="en-US"
STUDYLOCALE="en-US"/>


<USER  USERNAME="z2x2451"
USERTYPE="SPONSOR"
FIRSTNAME="Swati"
LASTNAME="Chaturvedi"
DISPLAYNAME="Swati Chaturvedi"
COUNTRY="INDIA"
PHONE="919.10203e+012"
ALTPHONE="91"
FAX="91"
EMAIL="swati.chaturvedi@inventivhealth.com"
ACTIVESTATE="true"
DELETESTATE="false"
UPDATE="true"
PASSWORD="e0AiZ8sE48aR33931"
BEEPER="91"
USERDATEFORMAT="DAY_MONTH_YEAR"
HOMESCREENURL="./Portal/default.htm"
USERMUSTRESETPASSWORD="TRUE"
PRODUCTLOCALE="en-US"
STUDYLOCALE="en-US"/>


<USER  USERNAME="c152379"
USERTYPE="SPONSOR"
FIRSTNAME="Angela"
LASTNAME="Miracle"
DISPLAYNAME="Angela Miracle"
COUNTRY="UNITED STATES"
PHONE="13.17277e+009"
ALTPHONE="1"
FAX="1"
EMAIL="miracle_angela@lilly.com"
ACTIVESTATE="true"
DELETESTATE="false"
UPDATE="true"
PASSWORD="jU1nW45z2RdL82301"
BEEPER="1"
USERDATEFORMAT="DAY_MONTH_YEAR"
HOMESCREENURL="./Portal/default.htm"
USERMUSTRESETPASSWORD="TRUE"
PRODUCTLOCALE="en-US"
STUDYLOCALE="en-US"/>


<USER  USERNAME="nt89612"
USERTYPE="SPONSOR"
FIRSTNAME="Karen"
LASTNAME="Waterman"
DISPLAYNAME="Karen Waterman"
COUNTRY="UNITED STATES"
PHONE="13.17226e+009"
ALTPHONE="1"
FAX="1"
EMAIL="waterman_karen_t@lilly.com"
ACTIVESTATE="true"
DELETESTATE="false"
UPDATE="true"
PASSWORD="tD4uG2cL4V9q8325"
BEEPER="1"
USERDATEFORMAT="DAY_MONTH_YEAR"
HOMESCREENURL="./Portal/default.htm"
USERMUSTRESETPASSWORD="TRUE"
PRODUCTLOCALE="en-US"
STUDYLOCALE="en-US"/>


<USER  USERNAME="z2x1597"
USERTYPE="SPONSOR"
FIRSTNAME="Mukul"
LASTNAME="Tilak"
DISPLAYNAME="Mukul Tilak"
COUNTRY="INDIA"
PHONE="919.10203e+012"
ALTPHONE="91"
FAX="91"
EMAIL="mukul.tilak@inventivhealth.com"
ACTIVESTATE="true"
DELETESTATE="false"
UPDATE="true"
PASSWORD="G5bq10YsW52I2w2597"
BEEPER="91"
USERDATEFORMAT="DAY_MONTH_YEAR"
HOMESCREENURL="./Portal/default.htm"
USERMUSTRESETPASSWORD="TRUE"
PRODUCTLOCALE="en-US"
STUDYLOCALE="en-US"/>


<USER  USERNAME="z2x1565"
USERTYPE="SPONSOR"
FIRSTNAME="Kirti"
LASTNAME="Bhangale"
DISPLAYNAME="Kirti Bhangale"
COUNTRY="INDIA"
PHONE="919.10203e+012"
ALTPHONE="91"
FAX="91"
EMAIL="kirti.bhangale@inventivhealth.com"
ACTIVESTATE="true"
DELETESTATE="false"
UPDATE="true"
PASSWORD="cG1u0Pz8SoY18866"
BEEPER="91"
USERDATEFORMAT="DAY_MONTH_YEAR"
HOMESCREENURL="./Portal/default.htm"
USERMUSTRESETPASSWORD="TRUE"
PRODUCTLOCALE="en-US"
STUDYLOCALE="en-US"/>


<USER  USERNAME="c079244"
USERTYPE="SPONSOR"
FIRSTNAME="Roseanne"
LASTNAME="Balog"
DISPLAYNAME="Roseanne Balog"
COUNTRY="UNITED STATES"
PHONE="13.17434e+009"
ALTPHONE="1"
FAX="1"
EMAIL="balog_rosanne_m@lilly.com"
ACTIVESTATE="true"
DELETESTATE="false"
UPDATE="true"
PASSWORD="gP3yD71Z6yf80F1892"
BEEPER="1"
USERDATEFORMAT="DAY_MONTH_YEAR"
HOMESCREENURL="./Portal/default.htm"
USERMUSTRESETPASSWORD="TRUE"
PRODUCTLOCALE="en-US"
STUDYLOCALE="en-US"/>


<USER  USERNAME="rm89018"
USERTYPE="SPONSOR"
FIRSTNAME="Rolanda"
LASTNAME="Brooks"
DISPLAYNAME="Rolanda Brooks"
COUNTRY="UNITED STATES"
PHONE="13.17277e+009"
ALTPHONE="1"
FAX="1"
EMAIL="brooks_rolanda@lilly.com"
ACTIVESTATE="true"
DELETESTATE="false"
UPDATE="true"
PASSWORD="pP67v2Jo24Et8T5446"
BEEPER="1"
USERDATEFORMAT="DAY_MONTH_YEAR"
HOMESCREENURL="./Portal/default.htm"
USERMUSTRESETPASSWORD="TRUE"
PRODUCTLOCALE="en-US"
STUDYLOCALE="en-US"/>


<USER  USERNAME="c015393"
USERTYPE="SPONSOR"
FIRSTNAME="Markay"
LASTNAME="Burkhart"
DISPLAYNAME="Markay Burkhart"
COUNTRY="UNITED STATES"
PHONE="13.17652e+009"
ALTPHONE="1"
FAX="1"
EMAIL="burkhart_markay_l@lilly.com"
ACTIVESTATE="true"
DELETESTATE="false"
UPDATE="true"
PASSWORD="vT6p41Cs8JcY326286"
BEEPER="1"
USERDATEFORMAT="DAY_MONTH_YEAR"
HOMESCREENURL="./Portal/default.htm"
USERMUSTRESETPASSWORD="TRUE"
PRODUCTLOCALE="en-US"
STUDYLOCALE="en-US"/>


<USER  USERNAME="c071673"
USERTYPE="SPONSOR"
FIRSTNAME="Vanessa"
LASTNAME="Distel"
DISPLAYNAME="Vanessa Distel"
COUNTRY="UNITED STATES"
PHONE="13.17276e+009"
ALTPHONE="1"
FAX="1"
EMAIL="distel_vanessa_m@lilly.com"
ACTIVESTATE="true"
DELETESTATE="false"
UPDATE="true"
PASSWORD="bX0gK2lW45n2L2348"
BEEPER="1"
USERDATEFORMAT="DAY_MONTH_YEAR"
HOMESCREENURL="./Portal/default.htm"
USERMUSTRESETPASSWORD="TRUE"
PRODUCTLOCALE="en-US"
STUDYLOCALE="en-US"/>


<USER  USERNAME="v6x8058"
USERTYPE="SPONSOR"
FIRSTNAME="Heidi"
LASTNAME="Gertiser"
DISPLAYNAME="Heidi Gertiser"
COUNTRY="UNITED STATES"
PHONE="13.17434e+009"
ALTPHONE="1"
FAX="1"
EMAIL="Gertiser_Heidi@lilly.com"
ACTIVESTATE="true"
DELETESTATE="false"
UPDATE="true"
PASSWORD="sF8dP38fT91gH65594"
BEEPER="1"
USERDATEFORMAT="DAY_MONTH_YEAR"
HOMESCREENURL="./Portal/default.htm"
USERMUSTRESETPASSWORD="TRUE"
PRODUCTLOCALE="en-US"
STUDYLOCALE="en-US"/>


<USER  USERNAME="c039853"
USERTYPE="SPONSOR"
FIRSTNAME="Teresa"
LASTNAME="Hogan"
DISPLAYNAME="Teresa Hogan"
COUNTRY="UNITED STATES"
PHONE="13.17655e+009"
ALTPHONE="1"
FAX="1"
EMAIL="hogan_teresa_l@lilly.com"
ACTIVESTATE="true"
DELETESTATE="false"
UPDATE="true"
PASSWORD="a4Dm6Ly9YqJ81656"
BEEPER="1"
USERDATEFORMAT="DAY_MONTH_YEAR"
HOMESCREENURL="./Portal/default.htm"
USERMUSTRESETPASSWORD="TRUE"
PRODUCTLOCALE="en-US"
STUDYLOCALE="en-US"/>


<USER  USERNAME="c068505"
USERTYPE="SPONSOR"
FIRSTNAME="Sherri"
LASTNAME="Kinnee"
DISPLAYNAME="Sherri Kinnee"
COUNTRY="UNITED STATES"
PHONE="13.17652e+009"
ALTPHONE="1"
FAX="1"
EMAIL="kinnee_sherri_d@lilly.com"
ACTIVESTATE="true"
DELETESTATE="false"
UPDATE="true"
PASSWORD="uM60v57Nc95YM5e7617"
BEEPER="1"
USERDATEFORMAT="DAY_MONTH_YEAR"
HOMESCREENURL="./Portal/default.htm"
USERMUSTRESETPASSWORD="TRUE"
PRODUCTLOCALE="en-US"
STUDYLOCALE="en-US"/>


<USER  USERNAME="c149066"
USERTYPE="SPONSOR"
FIRSTNAME="Yang"
LASTNAME="Liu"
DISPLAYNAME="Yang Liu"
COUNTRY="UNITED STATES"
PHONE="13.17278e+009"
ALTPHONE="1"
FAX="1"
EMAIL="liu_yang@lilly.com"
ACTIVESTATE="true"
DELETESTATE="false"
UPDATE="true"
PASSWORD="zN5yW9dC9z51U6050"
BEEPER="1"
USERDATEFORMAT="DAY_MONTH_YEAR"
HOMESCREENURL="./Portal/default.htm"
USERMUSTRESETPASSWORD="TRUE"
PRODUCTLOCALE="en-US"
STUDYLOCALE="en-US"/>


<USER  USERNAME="c021984"
USERTYPE="SPONSOR"
FIRSTNAME="Kira"
LASTNAME="Miles"
DISPLAYNAME="Kira Miles"
COUNTRY="UNITED STATES"
PHONE="13.17277e+009"
ALTPHONE="1"
FAX="1"
EMAIL="miles_kira_d@lilly.com"
ACTIVESTATE="true"
DELETESTATE="false"
UPDATE="true"
PASSWORD="wQ8t52Ps8MpR13037"
BEEPER="1"
USERDATEFORMAT="DAY_MONTH_YEAR"
HOMESCREENURL="./Portal/default.htm"
USERMUSTRESETPASSWORD="TRUE"
PRODUCTLOCALE="en-US"
STUDYLOCALE="en-US"/>


<USER  USERNAME="jmawet"
USERTYPE="SITE"
FIRSTNAME="Jérome"
LASTNAME="MAWET"
DISPLAYNAME="Jérome MAWET"
COUNTRY="FRANCE"
PHONE="3333149952477"
ALTPHONE="33"
FAX="33"
EMAIL="jerome.mawet@lrb.aphp.fr"
ACTIVESTATE="true"
DELETESTATE="false"
UPDATE="true"
PASSWORD="sE27N2bU8gaX352848"
BEEPER="33"
USERDATEFORMAT="DAY_MONTH_YEAR"
HOMESCREENURL="./Portal/default.htm"
USERMUSTRESETPASSWORD="TRUE"
PRODUCTLOCALE="en-US"
STUDYLOCALE="en-US"/>


<USER  USERNAME="sagne"
USERTYPE="SITE"
FIRSTNAME="Salamata"
LASTNAME="AGNE"
DISPLAYNAME="Salamata AGNE"
COUNTRY="FRANCE"
PHONE="3333149958706"
ALTPHONE="33"
FAX="33"
EMAIL="salamata.agne@aphp.fr"
ACTIVESTATE="true"
DELETESTATE="false"
UPDATE="true"
PASSWORD="bI1zV9sM5M5w156"
BEEPER="33"
USERDATEFORMAT="DAY_MONTH_YEAR"
HOMESCREENURL="./Portal/default.htm"
USERMUSTRESETPASSWORD="TRUE"
PRODUCTLOCALE="en-US"
STUDYLOCALE="en-US"/>


<USER  USERNAME="aguiatni"
USERTYPE="SITE"
FIRSTNAME="Asma"
LASTNAME="GUIATNI"
DISPLAYNAME="Asma GUIATNI"
COUNTRY="FRANCE"
PHONE="3333149958706"
ALTPHONE="33"
FAX="33"
EMAIL="asma.guiatni@hotmail.fr"
ACTIVESTATE="true"
DELETESTATE="false"
UPDATE="true"
PASSWORD="H4urD22j80Dj0L8809"
BEEPER="33"
USERDATEFORMAT="DAY_MONTH_YEAR"
HOMESCREENURL="./Portal/default.htm"
USERMUSTRESETPASSWORD="TRUE"
PRODUCTLOCALE="en-US"
STUDYLOCALE="en-US"/>


<USER  USERNAME="ksadji"
USERTYPE="SITE"
FIRSTNAME="Khaira"
LASTNAME="SADJI"
DISPLAYNAME="Khaira SADJI"
COUNTRY="FRANCE"
PHONE="3333149958706"
ALTPHONE="33"
FAX="33"
EMAIL="khaira.sadji@aphp.fr"
ACTIVESTATE="true"
DELETESTATE="false"
UPDATE="true"
PASSWORD="kZ36kC45G6kM1t3094"
BEEPER="33"
USERDATEFORMAT="DAY_MONTH_YEAR"
HOMESCREENURL="./Portal/default.htm"
USERMUSTRESETPASSWORD="TRUE"
PRODUCTLOCALE="en-US"
STUDYLOCALE="en-US"/>


<USER  USERNAME="halchaar"
USERTYPE="SITE"
FIRSTNAME="Haiel"
LASTNAME="ALCHAAR"
DISPLAYNAME="Haiel ALCHAAR"
COUNTRY="FRANCE"
PHONE="330"
ALTPHONE="33"
FAX="33"
EMAIL="alchaar.h@chu-nice.fr"
ACTIVESTATE="true"
DELETESTATE="false"
UPDATE="true"
PASSWORD="D7aeB7oH5i2H7278"
BEEPER="33"
USERDATEFORMAT="DAY_MONTH_YEAR"
HOMESCREENURL="./Portal/default.htm"
USERMUSTRESETPASSWORD="TRUE"
PRODUCTLOCALE="en-US"
STUDYLOCALE="en-US"/>


<USER  USERNAME="adonnet"
USERTYPE="SITE"
FIRSTNAME="Anne"
LASTNAME="DONNET"
DISPLAYNAME="Anne DONNET"
COUNTRY="FRANCE"
PHONE="3333491384345"
ALTPHONE="33"
FAX="33"
EMAIL="anne.donnet@ap-hm.fr"
ACTIVESTATE="true"
DELETESTATE="false"
UPDATE="true"
PASSWORD="x5Eo3Ri71CoV82724"
BEEPER="33"
USERDATEFORMAT="DAY_MONTH_YEAR"
HOMESCREENURL="./Portal/default.htm"
USERMUSTRESETPASSWORD="TRUE"
PRODUCTLOCALE="en-US"
STUDYLOCALE="en-US"/>


<USER  USERNAME="onamous"
USERTYPE="SITE"
FIRSTNAME="Ouafa"
LASTNAME="NAMOUS"
DISPLAYNAME="Ouafa NAMOUS"
COUNTRY="FRANCE"
PHONE="3333477829245"
ALTPHONE="33"
FAX="33"
EMAIL="ouafa.namous@chu-st-etienne.fr"
ACTIVESTATE="true"
DELETESTATE="false"
UPDATE="true"
PASSWORD="n88XqI54l1Li9Z4501"
BEEPER="33"
USERDATEFORMAT="DAY_MONTH_YEAR"
HOMESCREENURL="./Portal/default.htm"
USERMUSTRESETPASSWORD="TRUE"
PRODUCTLOCALE="en-US"
STUDYLOCALE="en-US"/>


<USER  USERNAME="ccreach"
USERTYPE="SITE"
FIRSTNAME="Christelle"
LASTNAME="CREAC H"
DISPLAYNAME="Christelle CREAC H"
COUNTRY="FRANCE"
PHONE="3333477828391"
ALTPHONE="33"
FAX="33"
EMAIL="christelle.creach@univ-st-etienne.fr"
ACTIVESTATE="true"
DELETESTATE="false"
UPDATE="true"
PASSWORD="t9Vn1WgM55lH649301"
BEEPER="33"
USERDATEFORMAT="DAY_MONTH_YEAR"
HOMESCREENURL="./Portal/default.htm"
USERMUSTRESETPASSWORD="TRUE"
PRODUCTLOCALE="en-US"
STUDYLOCALE="en-US"/>


<USER  USERNAME="kceulemans"
USERTYPE="SITE"
FIRSTNAME="Kimberley"
LASTNAME="Ceulemans"
DISPLAYNAME="Kimberley Ceulemans"
COUNTRY="BELGIUM"
PHONE="323224777760"
ALTPHONE="32"
FAX="32"
EMAIL="kimberley.ceulemans@uzbrussel.be"
ACTIVESTATE="true"
DELETESTATE="false"
UPDATE="true"
PASSWORD="q87IwJ2bV23fU548055"
BEEPER="32"
USERDATEFORMAT="DAY_MONTH_YEAR"
HOMESCREENURL="./Portal/default.htm"
USERMUSTRESETPASSWORD="TRUE"
PRODUCTLOCALE="en-US"
STUDYLOCALE="en-US"/>


<USER  USERNAME="oderyck"
USERTYPE="SITE"
FIRSTNAME="Olivier"
LASTNAME="Deryck"
DISPLAYNAME="Olivier Deryck"
COUNTRY="BELGIUM"
PHONE="323250452111"
ALTPHONE="32"
FAX="32"
EMAIL="olivier.deryck@azsintjan.be"
ACTIVESTATE="true"
DELETESTATE="false"
UPDATE="true"
PASSWORD="z1RP3vU1osL21242"
BEEPER="32"
USERDATEFORMAT="DAY_MONTH_YEAR"
HOMESCREENURL="./Portal/default.htm"
USERMUSTRESETPASSWORD="TRUE"
PRODUCTLOCALE="en-US"
STUDYLOCALE="en-US"/>


<USER  USERNAME="vschotte"
USERTYPE="SITE"
FIRSTNAME="Valerie"
LASTNAME="Schotte"
DISPLAYNAME="Valerie Schotte"
COUNTRY="BELGIUM"
PHONE="323250452306"
ALTPHONE="32"
FAX="32"
EMAIL="valerie.schotte@azsintjan.be"
ACTIVESTATE="true"
DELETESTATE="false"
UPDATE="true"
PASSWORD="qA8uJ36tX25fV74118"
BEEPER="32"
USERDATEFORMAT="DAY_MONTH_YEAR"
HOMESCREENURL="./Portal/default.htm"
USERMUSTRESETPASSWORD="TRUE"
PRODUCTLOCALE="en-US"
STUDYLOCALE="en-US"/>


<USER  USERNAME="mvandenheede"
USERTYPE="SITE"
FIRSTNAME="Michel"
LASTNAME="Vandenheede"
DISPLAYNAME="Michel Vandenheede"
COUNTRY="BELGIUM"
PHONE="323242248911"
ALTPHONE="32"
FAX="32"
EMAIL="michel.vandenheede@chc.be"
ACTIVESTATE="true"
DELETESTATE="false"
UPDATE="true"
PASSWORD="e9WnN6r43IfD65587"
BEEPER="32"
USERDATEFORMAT="DAY_MONTH_YEAR"
HOMESCREENURL="./Portal/default.htm"
USERMUSTRESETPASSWORD="TRUE"
PRODUCTLOCALE="en-US"
STUDYLOCALE="en-US"/>


<USER  USERNAME="gbozsik"
USERTYPE="SITE"
FIRSTNAME="György"
LASTNAME="Bozsik"
DISPLAYNAME="György Bozsik"
COUNTRY="HUNGARY"
PHONE="363612100330"
ALTPHONE="36"
FAX="36"
EMAIL="bozsik.gyorgy@med.semmelweis-univ.hu"
ACTIVESTATE="true"
DELETESTATE="false"
UPDATE="true"
PASSWORD="tI6kO47p9RbD847364"
BEEPER="36"
USERDATEFORMAT="DAY_MONTH_YEAR"
HOMESCREENURL="./Portal/default.htm"
USERMUSTRESETPASSWORD="TRUE"
PRODUCTLOCALE="en-US"
STUDYLOCALE="en-US"/>


<USER  USERNAME="certsey"
USERTYPE="SITE"
FIRSTNAME="Csaba"
LASTNAME="Ertsey"
DISPLAYNAME="Csaba Ertsey"
COUNTRY="HUNGARY"
PHONE="363612103300"
ALTPHONE="36"
FAX="36"
EMAIL="ertsey.csaba@med.semmelweis-univ.hu"
ACTIVESTATE="true"
DELETESTATE="false"
UPDATE="true"
PASSWORD="rV35i6Ge2BiC19141"
BEEPER="36"
USERDATEFORMAT="DAY_MONTH_YEAR"
HOMESCREENURL="./Portal/default.htm"
USERMUSTRESETPASSWORD="TRUE"
PRODUCTLOCALE="en-US"
STUDYLOCALE="en-US"/>


<USER  USERNAME="acsanyi"
USERTYPE="SITE"
FIRSTNAME="Attila"
LASTNAME="Csanyi"
DISPLAYNAME="Attila Csanyi"
COUNTRY="HUNGARY"
PHONE="363696418244"
ALTPHONE="36"
FAX="36"
EMAIL="csanyia@petz.gyor.hu"
ACTIVESTATE="true"
DELETESTATE="false"
UPDATE="true"
PASSWORD="J2ugL1xT0c88J3734"
BEEPER="36"
USERDATEFORMAT="DAY_MONTH_YEAR"
HOMESCREENURL="./Portal/default.htm"
USERMUSTRESETPASSWORD="TRUE"
PRODUCTLOCALE="en-US"
STUDYLOCALE="en-US"/>


<USER  USERNAME="kszoboszlai"
USERTYPE="SITE"
FIRSTNAME="Krisztian"
LASTNAME="Szoboszlai"
DISPLAYNAME="Krisztian Szoboszlai"
COUNTRY="HUNGARY"
PHONE="363696507969"
ALTPHONE="36"
FAX="36"
EMAIL="kszoboszlai78@gmail.com"
ACTIVESTATE="true"
DELETESTATE="false"
UPDATE="true"
PASSWORD="d63IdL92dD33eW75511"
BEEPER="36"
USERDATEFORMAT="DAY_MONTH_YEAR"
HOMESCREENURL="./Portal/default.htm"
USERMUSTRESETPASSWORD="TRUE"
PRODUCTLOCALE="en-US"
STUDYLOCALE="en-US"/>


<USER  USERNAME="ljavor"
USERTYPE="SITE"
FIRSTNAME="Laszlo"
LASTNAME="Javor"
DISPLAYNAME="Laszlo Javor"
COUNTRY="HUNGARY"
PHONE="363696507969"
ALTPHONE="36"
FAX="36"
EMAIL="javordr@gmail.com"
ACTIVESTATE="true"
DELETESTATE="false"
UPDATE="true"
PASSWORD="M4xaQ80kH2xB94574"
BEEPER="36"
USERDATEFORMAT="DAY_MONTH_YEAR"
HOMESCREENURL="./Portal/default.htm"
USERMUSTRESETPASSWORD="TRUE"
PRODUCTLOCALE="en-US"
STUDYLOCALE="en-US"/>


<USER  USERNAME="epalinkas"
USERTYPE="SITE"
FIRSTNAME="Eva"
LASTNAME="Palinkas"
DISPLAYNAME="Eva Palinkas"
COUNTRY="HUNGARY"
PHONE="363676481219"
ALTPHONE="36"
FAX="36"
EMAIL="messac@freemail.hu"
ACTIVESTATE="true"
DELETESTATE="false"
UPDATE="true"
PASSWORD="jV25cR7vQ5rB26351"
BEEPER="36"
USERDATEFORMAT="DAY_MONTH_YEAR"
HOMESCREENURL="./Portal/default.htm"
USERMUSTRESETPASSWORD="TRUE"
PRODUCTLOCALE="en-US"
STUDYLOCALE="en-US"/>


<USER  USERNAME="kbihari"
USERTYPE="SITE"
FIRSTNAME="Katalin"
LASTNAME="Bihari"
DISPLAYNAME="Katalin Bihari"
COUNTRY="HUNGARY"
PHONE="363676516700"
ALTPHONE="36"
FAX="36"
EMAIL="biharik@kmk.hu"
ACTIVESTATE="true"
DELETESTATE="false"
UPDATE="true"
PASSWORD="H8faL1M1xuN781252"
BEEPER="36"
USERDATEFORMAT="DAY_MONTH_YEAR"
HOMESCREENURL="./Portal/default.htm"
USERMUSTRESETPASSWORD="TRUE"
PRODUCTLOCALE="en-US"
STUDYLOCALE="en-US"/>


<USER  USERNAME="rpeyron"
USERTYPE="SITE"
FIRSTNAME="Roland"
LASTNAME="PEYRON"
DISPLAYNAME="Roland PEYRON"
COUNTRY="FRANCE"
PHONE="333.34771e+010"
ALTPHONE="33"
FAX="33"
EMAIL="roland.peyron@chu-st-etienne.fr"
ACTIVESTATE="true"
DELETESTATE="false"
UPDATE="true"
PASSWORD="aH83cL85h5XoN123029"
BEEPER="33"
USERDATEFORMAT="DAY_MONTH_YEAR"
HOMESCREENURL="./Portal/default.htm"
USERMUSTRESETPASSWORD="TRUE"
PRODUCTLOCALE="en-US"
STUDYLOCALE="en-US"/>


<USER  USERNAME="rm35504"
USERTYPE="SPONSOR"
FIRSTNAME="Rebecca"
LASTNAME="Morrow"
DISPLAYNAME="Rebecca Morrow"
COUNTRY="UNITED STATES"
PHONE="13.17433e+009"
ALTPHONE="1"
FAX="1"
EMAIL="morrow_rebecca_j@lilly.com"
ACTIVESTATE="true"
DELETESTATE="false"
UPDATE="true"
PASSWORD="xV6zT3pG71o9O3877"
BEEPER="1"
USERDATEFORMAT="DAY_MONTH_YEAR"
HOMESCREENURL="./Portal/default.htm"
USERMUSTRESETPASSWORD="TRUE"
PRODUCTLOCALE="en-US"
STUDYLOCALE="en-US"/>


<USER  USERNAME="ye91098"
USERTYPE="SPONSOR"
FIRSTNAME="Kennie"
LASTNAME="Ogunnaike"
DISPLAYNAME="Kennie Ogunnaike"
COUNTRY="UNITED KINGDOM"
PHONE="444.40128e+012"
ALTPHONE="44"
FAX="44"
EMAIL="ogunnaike_kennie@lilly.com"
ACTIVESTATE="true"
DELETESTATE="false"
UPDATE="true"
PASSWORD="h32RwT20kL36gL85332"
BEEPER="44"
USERDATEFORMAT="DAY_MONTH_YEAR"
HOMESCREENURL="./Portal/default.htm"
USERMUSTRESETPASSWORD="TRUE"
PRODUCTLOCALE="en-US"
STUDYLOCALE="en-US"/>


<USER  USERNAME="c022433"
USERTYPE="SPONSOR"
FIRSTNAME="Domenica"
LASTNAME="Riley"
DISPLAYNAME="Domenica Riley"
COUNTRY="UNITED STATES"
PHONE="13.17276e+009"
ALTPHONE="1"
FAX="1"
EMAIL="riley_domenica_m@lilly.com"
ACTIVESTATE="true"
DELETESTATE="false"
UPDATE="true"
PASSWORD="dE22xW4X9pjH686480"
BEEPER="1"
USERDATEFORMAT="DAY_MONTH_YEAR"
HOMESCREENURL="./Portal/default.htm"
USERMUSTRESETPASSWORD="TRUE"
PRODUCTLOCALE="en-US"
STUDYLOCALE="en-US"/>


<USER  USERNAME="c039863"
USERTYPE="SPONSOR"
FIRSTNAME="Angela"
LASTNAME="Roepke"
DISPLAYNAME="Angela Roepke"
COUNTRY="UNITED STATES"
PHONE="13.17652e+009"
ALTPHONE="1"
FAX="1"
EMAIL="roepke_angela_p@lilly.com"
ACTIVESTATE="true"
DELETESTATE="false"
UPDATE="true"
PASSWORD="wV2yV64d36QkZ6444"
BEEPER="1"
USERDATEFORMAT="DAY_MONTH_YEAR"
HOMESCREENURL="./Portal/default.htm"
USERMUSTRESETPASSWORD="TRUE"
PRODUCTLOCALE="en-US"
STUDYLOCALE="en-US"/>


<USER  USERNAME="c149176"
USERTYPE="SPONSOR"
FIRSTNAME="Holly"
LASTNAME="Smith"
DISPLAYNAME="Holly Smith"
COUNTRY="UNITED STATES"
PHONE="13.17278e+009"
ALTPHONE="1"
FAX="1"
EMAIL="smith_holly_joann@lilly.com"
ACTIVESTATE="true"
DELETESTATE="false"
UPDATE="true"
PASSWORD="yW17zC90cN6G1u8776"
BEEPER="1"
USERDATEFORMAT="DAY_MONTH_YEAR"
HOMESCREENURL="./Portal/default.htm"
USERMUSTRESETPASSWORD="TRUE"
PRODUCTLOCALE="en-US"
STUDYLOCALE="en-US"/>


<USER  USERNAME="a701824"
USERTYPE="SPONSOR"
FIRSTNAME="Diego"
LASTNAME="Videira"
DISPLAYNAME="Diego Videira"
COUNTRY="BRAZIL"
PHONE="551.12145e+009"
ALTPHONE="55"
FAX="55"
EMAIL="diego.videira@lilly.com"
ACTIVESTATE="true"
DELETESTATE="false"
UPDATE="true"
PASSWORD="qS6xF2g9Yc0H9924"
BEEPER="55"
USERDATEFORMAT="DAY_MONTH_YEAR"
HOMESCREENURL="./Portal/default.htm"
USERMUSTRESETPASSWORD="TRUE"
PRODUCTLOCALE="en-US"
STUDYLOCALE="en-US"/>


<USER  USERNAME="c060736"
USERTYPE="SPONSOR"
FIRSTNAME="Kim"
LASTNAME="Vinciquerra-brock"
DISPLAYNAME="Kim Vinciquerra-brock"
COUNTRY="UNITED STATES"
PHONE="13.17276e+009"
ALTPHONE="1"
FAX="1"
EMAIL="vinciguerra-brock_kimberly_sue@lilly.com"
ACTIVESTATE="true"
DELETESTATE="false"
UPDATE="true"
PASSWORD="jO9S1ez73YbW302097"
BEEPER="1"
USERDATEFORMAT="DAY_MONTH_YEAR"
HOMESCREENURL="./Portal/default.htm"
USERMUSTRESETPASSWORD="TRUE"
PRODUCTLOCALE="en-US"
STUDYLOCALE="en-US"/>


<USER  USERNAME="c026390"
USERTYPE="SPONSOR"
FIRSTNAME="Sue"
LASTNAME="Woodring"
DISPLAYNAME="Sue Woodring"
COUNTRY="UNITED STATES"
PHONE="13.17655e+009"
ALTPHONE="1"
FAX="1"
EMAIL="woodring_susan_e@lilly.com"
ACTIVESTATE="true"
DELETESTATE="false"
UPDATE="true"
PASSWORD="uJ4qD4vC4nT193245"
BEEPER="1"
USERDATEFORMAT="DAY_MONTH_YEAR"
HOMESCREENURL="./Portal/default.htm"
USERMUSTRESETPASSWORD="TRUE"
PRODUCTLOCALE="en-US"
STUDYLOCALE="en-US"/>


<USER  USERNAME="a608261"
USERTYPE="SPONSOR"
FIRSTNAME="Penny"
LASTNAME="Altman"
DISPLAYNAME="Penny Altman"
COUNTRY="UNITED STATES"
PHONE="13.17651e+009"
ALTPHONE="1"
FAX="1"
EMAIL="altman_penny_s@lilly.com"
ACTIVESTATE="true"
DELETESTATE="false"
UPDATE="true"
PASSWORD="pK32tK67w3Gl9Z1677"
BEEPER="1"
USERDATEFORMAT="DAY_MONTH_YEAR"
HOMESCREENURL="./Portal/default.htm"
USERMUSTRESETPASSWORD="TRUE"
PRODUCTLOCALE="en-US"
STUDYLOCALE="en-US"/>


<USER  USERNAME="c143125"
USERTYPE="SPONSOR"
FIRSTNAME="Brian"
LASTNAME="Dillman"
DISPLAYNAME="Brian Dillman"
COUNTRY="UNITED STATES"
PHONE="13.17433e+009"
ALTPHONE="1"
FAX="1"
EMAIL="dillman_brian@lilly.com"
ACTIVESTATE="true"
DELETESTATE="false"
UPDATE="true"
PASSWORD="u75Jm5AvB59B3x727"
BEEPER="1"
USERDATEFORMAT="DAY_MONTH_YEAR"
HOMESCREENURL="./Portal/default.htm"
USERMUSTRESETPASSWORD="TRUE"
PRODUCTLOCALE="en-US"
STUDYLOCALE="en-US"/>


<USER  USERNAME="c135748"
USERTYPE="SPONSOR"
FIRSTNAME="Stephanie"
LASTNAME="Horna"
DISPLAYNAME="Stephanie Horna"
COUNTRY="UNITED STATES"
PHONE="13.17261e+009"
ALTPHONE="1"
FAX="1"
EMAIL="horna_stephanie_lynne@lilly.com"
ACTIVESTATE="true"
DELETESTATE="false"
UPDATE="true"
PASSWORD="uP85T6pzL0lE51874"
BEEPER="1"
USERDATEFORMAT="DAY_MONTH_YEAR"
HOMESCREENURL="./Portal/default.htm"
USERMUSTRESETPASSWORD="TRUE"
PRODUCTLOCALE="en-US"
STUDYLOCALE="en-US"/>


<USER  USERNAME="c149470"
USERTYPE="SPONSOR"
FIRSTNAME="Flavio"
LASTNAME="Martins"
DISPLAYNAME="Flavio Martins"
COUNTRY="BRAZIL"
PHONE="555.51121e+011"
ALTPHONE="55"
FAX="55"
EMAIL="junior_flavio_eduardo_martins@lilly.com"
ACTIVESTATE="true"
DELETESTATE="false"
UPDATE="true"
PASSWORD="yT2V3dl1PcI708760"
BEEPER="55"
USERDATEFORMAT="DAY_MONTH_YEAR"
HOMESCREENURL="./Portal/default.htm"
USERMUSTRESETPASSWORD="TRUE"
PRODUCTLOCALE="en-US"
STUDYLOCALE="en-US"/>


<USER  USERNAME="a803075"
USERTYPE="SPONSOR"
FIRSTNAME="Pranav"
LASTNAME="Pandya"
DISPLAYNAME="Pranav Pandya"
COUNTRY="UNITED STATES"
PHONE="13.1722e+009"
ALTPHONE="1"
FAX="1"
EMAIL="pandya_pranav_d@lilly.com"
ACTIVESTATE="true"
DELETESTATE="false"
UPDATE="true"
PASSWORD="rC4S7kmJ35hS26885"
BEEPER="1"
USERDATEFORMAT="DAY_MONTH_YEAR"
HOMESCREENURL="./Portal/default.htm"
USERMUSTRESETPASSWORD="TRUE"
PRODUCTLOCALE="en-US"
STUDYLOCALE="en-US"/>


<USER  USERNAME="rm87794"
USERTYPE="SPONSOR"
FIRSTNAME="Vish"
LASTNAME="Watkins"
DISPLAYNAME="Vish Watkins"
COUNTRY="UNITED STATES"
PHONE="13.17278e+009"
ALTPHONE="1"
FAX="1"
EMAIL="Watkins_vish_s@lilly.com"
ACTIVESTATE="true"
DELETESTATE="false"
UPDATE="true"
PASSWORD="hO1p5AcD8eE163563"
BEEPER="1"
USERDATEFORMAT="DAY_MONTH_YEAR"
HOMESCREENURL="./Portal/default.htm"
USERMUSTRESETPASSWORD="TRUE"
PRODUCTLOCALE="en-US"
STUDYLOCALE="en-US"/>


<USER  USERNAME="c223848"
USERTYPE="SPONSOR"
FIRSTNAME="Stephannie"
LASTNAME="Charles"
DISPLAYNAME="Stephannie Charles"
COUNTRY="CANADA"
PHONE="19056351030"
ALTPHONE="1"
FAX="1"
EMAIL="stephannie.charles@inventivhealth.com"
ACTIVESTATE="true"
DELETESTATE="false"
UPDATE="true"
PASSWORD="Y0pw9Tu5KjO61688"
BEEPER="1"
USERDATEFORMAT="DAY_MONTH_YEAR"
HOMESCREENURL="./Portal/default.htm"
USERMUSTRESETPASSWORD="TRUE"
PRODUCTLOCALE="en-US"
STUDYLOCALE="en-US"/>


<USER  USERNAME="ZPFaflathers"
USERTYPE="SPONSOR"
FIRSTNAME="Andrea"
LASTNAME="Flathers"
DISPLAYNAME="Andrea Flathers"
DESCRIPTION="Services Project Manager"
COUNTRY="UNITED STATES"
PHONE="1"
ALTPHONE="1"
FAX="1"
EMAIL="andrea.flathers@oracle.com"
ACTIVESTATE="true"
DELETESTATE="false"
UPDATE="true"
PASSWORD="zS4mW58qI27G8f1301"
BEEPER="1"
USERDATEFORMAT="DAY_MONTH_YEAR"
HOMESCREENURL="./Portal/default.htm"
USERMUSTRESETPASSWORD="TRUE"
PRODUCTLOCALE="en-US"
STUDYLOCALE="en-US"/>


<USER  USERNAME="ZPFkbarkoczi"
USERTYPE="SPONSOR"
FIRSTNAME="Katalin"
LASTNAME="Barkoczi"
DISPLAYNAME="Katalin Barkoczi"
DESCRIPTION="Service Delivery Manager"
COUNTRY="HUNGARY"
PHONE="36"
ALTPHONE="36"
FAX="36"
EMAIL="katalin.b.barkoczi@oracle.com"
ACTIVESTATE="true"
DELETESTATE="false"
UPDATE="true"
PASSWORD="cM69Y8nG7en32M8212"
BEEPER="36"
USERDATEFORMAT="DAY_MONTH_YEAR"
HOMESCREENURL="./Portal/default.htm"
USERMUSTRESETPASSWORD="TRUE"
PRODUCTLOCALE="en-US"
STUDYLOCALE="en-US"/>


<USER  USERNAME="ZPFskonig"
USERTYPE="SPONSOR"
FIRSTNAME="Szilvia"
LASTNAME="Konig"
DISPLAYNAME="Szilvia Konig"
DESCRIPTION="Service Delivery Manager"
COUNTRY="HUNGARY"
PHONE="36"
ALTPHONE="36"
FAX="36"
EMAIL="szilvia.konig@oracle.com"
ACTIVESTATE="true"
DELETESTATE="false"
UPDATE="true"
PASSWORD="lP86t13SmJ1M8v3671"
BEEPER="36"
USERDATEFORMAT="DAY_MONTH_YEAR"
HOMESCREENURL="./Portal/default.htm"
USERMUSTRESETPASSWORD="TRUE"
PRODUCTLOCALE="en-US"
STUDYLOCALE="en-US"/>


<USER  USERNAME="ZPFabalogh"
USERTYPE="SPONSOR"
FIRSTNAME="Agnes"
LASTNAME="Balogh"
DISPLAYNAME="Agnes  Balogh"
DESCRIPTION="Lilly Support"
COUNTRY="HUNGARY"
PHONE="36"
ALTPHONE="36"
FAX="36"
EMAIL="agnes.balogh@oracle.com"
ACTIVESTATE="true"
DELETESTATE="false"
UPDATE="true"
PASSWORD="c8Bi9SjT8t7C7904"
BEEPER="36"
USERDATEFORMAT="DAY_MONTH_YEAR"
HOMESCREENURL="./Portal/default.htm"
USERMUSTRESETPASSWORD="TRUE"
PRODUCTLOCALE="en-US"
STUDYLOCALE="en-US"/>


<USER  USERNAME="ZPFckalinyak"
USERTYPE="SPONSOR"
FIRSTNAME="Csilla"
LASTNAME="Kalinyak"
DISPLAYNAME="Csilla Kalinyak"
DESCRIPTION="Support Tier I"
COUNTRY="HUNGARY"
PHONE="36"
ALTPHONE="36"
FAX="36"
EMAIL="CSILLA.KALINYAK@ORACLE.COM"
ACTIVESTATE="true"
DELETESTATE="false"
UPDATE="true"
PASSWORD="a72Vp7De8JaV306078"
BEEPER="36"
USERDATEFORMAT="DAY_MONTH_YEAR"
HOMESCREENURL="./Portal/default.htm"
USERMUSTRESETPASSWORD="TRUE"
PRODUCTLOCALE="en-US"
STUDYLOCALE="en-US"/>


<USER  USERNAME="ZPFdnagy"
USERTYPE="SPONSOR"
FIRSTNAME="Daniel"
LASTNAME="Nagy"
DISPLAYNAME="Daniel Nagy"
DESCRIPTION="Support Tier I"
COUNTRY="HUNGARY"
PHONE="36"
ALTPHONE="36"
FAX="36"
EMAIL="daniel.nagy@oracle.com"
ACTIVESTATE="true"
DELETESTATE="false"
UPDATE="true"
PASSWORD="nV6q3ArC4c2A6659"
BEEPER="36"
USERDATEFORMAT="DAY_MONTH_YEAR"
HOMESCREENURL="./Portal/default.htm"
USERMUSTRESETPASSWORD="TRUE"
PRODUCTLOCALE="en-US"
STUDYLOCALE="en-US"/>


<USER  USERNAME="ZPFedervishaj"
USERTYPE="SPONSOR"
FIRSTNAME="Erald"
LASTNAME="Dervishaj"
DISPLAYNAME="Erald Dervishaj"
DESCRIPTION="Support Tier I"
COUNTRY="HUNGARY"
PHONE="36"
ALTPHONE="36"
FAX="36"
EMAIL="erald.dervishaj@oracle.com"
ACTIVESTATE="true"
DELETESTATE="false"
UPDATE="true"
PASSWORD="qJ23dB5jQ8b32E684"
BEEPER="36"
USERDATEFORMAT="DAY_MONTH_YEAR"
HOMESCREENURL="./Portal/default.htm"
USERMUSTRESETPASSWORD="TRUE"
PRODUCTLOCALE="en-US"
STUDYLOCALE="en-US"/>


<USER  USERNAME="ZPFepenzes"
USERTYPE="SPONSOR"
FIRSTNAME="Eszter"
LASTNAME="Penzes"
DISPLAYNAME="Eszter Penzes"
DESCRIPTION="Lilly Support"
COUNTRY="HUNGARY"
PHONE="36"
ALTPHONE="36"
FAX="36"
EMAIL="ESZTER.PENZES@ORACLE.COM"
ACTIVESTATE="true"
DELETESTATE="false"
UPDATE="true"
PASSWORD="rH8lY58kD1n61J9682"
BEEPER="36"
USERDATEFORMAT="DAY_MONTH_YEAR"
HOMESCREENURL="./Portal/default.htm"
USERMUSTRESETPASSWORD="TRUE"
PRODUCTLOCALE="en-US"
STUDYLOCALE="en-US"/>


<USER  USERNAME="ZPFjktan"
USERTYPE="SPONSOR"
FIRSTNAME="Jamelee Karen"
LASTNAME="Tan"
DISPLAYNAME="Jamelee Karen Tan"
DESCRIPTION="Support Tier I"
COUNTRY="PHILIPPINES"
PHONE="63"
ALTPHONE="63"
FAX="63"
EMAIL="JAMELEE.KAREN.TAN@ORACLE.COM"
ACTIVESTATE="true"
DELETESTATE="false"
UPDATE="true"
PASSWORD="d18GeF8mE0b60B2153"
BEEPER="63"
USERDATEFORMAT="DAY_MONTH_YEAR"
HOMESCREENURL="./Portal/default.htm"
USERMUSTRESETPASSWORD="TRUE"
PRODUCTLOCALE="en-US"
STUDYLOCALE="en-US"/>


<USER  USERNAME="ZPFmandone"
USERTYPE="SPONSOR"
FIRSTNAME="Grigore-mihai"
LASTNAME="Andone"
DISPLAYNAME="Grigore-mihai Andone"
DESCRIPTION="Lilly Support"
COUNTRY="HUNGARY"
PHONE="36"
ALTPHONE="36"
FAX="36"
EMAIL="grigore-mihai.andone@oracle.com"
ACTIVESTATE="true"
DELETESTATE="false"
UPDATE="true"
PASSWORD="x4WnE2pS0jD84881"
BEEPER="36"
USERDATEFORMAT="DAY_MONTH_YEAR"
HOMESCREENURL="./Portal/default.htm"
USERMUSTRESETPASSWORD="TRUE"
PRODUCTLOCALE="en-US"
STUDYLOCALE="en-US"/>


<USER  USERNAME="ZPFnkovacs"
USERTYPE="SPONSOR"
FIRSTNAME="Norbert"
LASTNAME="Kovacs"
DISPLAYNAME="Norbert Kovacs"
DESCRIPTION="Lilly Support"
COUNTRY="HUNGARY"
PHONE="36"
ALTPHONE="36"
FAX="36"
EMAIL="norbert.k.kovacs@oracle.com"
ACTIVESTATE="true"
DELETESTATE="false"
UPDATE="true"
PASSWORD="g3Mx2HqF3vK03980"
BEEPER="36"
USERDATEFORMAT="DAY_MONTH_YEAR"
HOMESCREENURL="./Portal/default.htm"
USERMUSTRESETPASSWORD="TRUE"
PRODUCTLOCALE="en-US"
STUDYLOCALE="en-US"/>


<USER  USERNAME="ZPFobodnar"
USERTYPE="SPONSOR"
FIRSTNAME="Oksana"
LASTNAME="Bodnar"
DISPLAYNAME="Oksana Bodnar"
DESCRIPTION="Support Tier I"
COUNTRY="HUNGARY"
PHONE="36"
ALTPHONE="36"
FAX="36"
EMAIL="oksana.bodnar@oracle.com"
ACTIVESTATE="true"
DELETESTATE="false"
UPDATE="true"
PASSWORD="nQ17e0Hi4KdN515498"
BEEPER="36"
USERDATEFORMAT="YEAR_MONTH_DAY"
HOMESCREENURL="./Portal/default.htm"
USERMUSTRESETPASSWORD="TRUE"
PRODUCTLOCALE="en-US"
STUDYLOCALE="en-US"/>


<USER  USERNAME="ZPFrcalorico"
USERTYPE="SPONSOR"
FIRSTNAME="Raul Carlos"
LASTNAME="Alorico"
DISPLAYNAME="Raul Carlos Alorico"
DESCRIPTION="Support Tier 1"
COUNTRY="PHILIPPINES"
PHONE="63"
ALTPHONE="63"
FAX="63"
EMAIL="RAUL.CARLOS.ALORICO@ORACLE.COM"
ACTIVESTATE="true"
DELETESTATE="false"
UPDATE="true"
PASSWORD="hD49n1DuY6z0T7596"
BEEPER="63"
USERDATEFORMAT="DAY_MONTH_YEAR"
HOMESCREENURL="./Portal/default.htm"
USERMUSTRESETPASSWORD="TRUE"
PRODUCTLOCALE="en-US"
STUDYLOCALE="en-US"/>


<USER  USERNAME="ZPFrducusin"
USERTYPE="SPONSOR"
FIRSTNAME="Rodulf"
LASTNAME="Ducusin"
DISPLAYNAME="Rodulf Ducusin"
DESCRIPTION="Support Tier I"
COUNTRY="PHILIPPINES"
PHONE="63"
ALTPHONE="63"
FAX="63"
EMAIL="RODULF.DUCUSIN@ORACLE.COM"
ACTIVESTATE="true"
DELETESTATE="false"
UPDATE="true"
PASSWORD="S9sE8bsS5l9N3707"
BEEPER="63"
USERDATEFORMAT="DAY_MONTH_YEAR"
HOMESCREENURL="./Portal/default.htm"
USERMUSTRESETPASSWORD="TRUE"
PRODUCTLOCALE="en-US"
STUDYLOCALE="en-US"/>


<USER  USERNAME="ZPFrlogronio"
USERTYPE="SPONSOR"
FIRSTNAME="Rolando"
LASTNAME="Logronio"
DISPLAYNAME="Rolando Logronio"
DESCRIPTION="Data Entry"
COUNTRY="PHILIPPINES"
PHONE="63"
ALTPHONE="63"
FAX="63"
EMAIL="Rolando.Logronio@oracle.com"
ACTIVESTATE="true"
DELETESTATE="false"
UPDATE="true"
PASSWORD="lU2t96KwR25iA71881"
BEEPER="63"
USERDATEFORMAT="DAY_MONTH_YEAR"
HOMESCREENURL="./Portal/default.htm"
USERMUSTRESETPASSWORD="TRUE"
PRODUCTLOCALE="en-US"
STUDYLOCALE="en-US"/>


<USER  USERNAME="ZPFsdamato"
USERTYPE="SPONSOR"
FIRSTNAME="Silvio"
LASTNAME="Damato"
DISPLAYNAME="Silvio Damato"
DESCRIPTION="Support Internal Trainer"
COUNTRY="UNITED KINGDOM"
PHONE="44"
ALTPHONE="44"
FAX="0001"
EMAIL="silvio.damato@oracle.com"
ACTIVESTATE="true"
DELETESTATE="false"
UPDATE="true"
PASSWORD="tE75d0KeW3sD23399"
BEEPER="44"
USERDATEFORMAT="DAY_MONTH_YEAR"
HOMESCREENURL="./Portal/default.htm"
USERMUSTRESETPASSWORD="TRUE"
PRODUCTLOCALE="en-US"
STUDYLOCALE="en-US"/>


<USER  USERNAME="ZPFvyana"
USERTYPE="SPONSOR"
FIRSTNAME="Vorobyeva"
LASTNAME="Yana"
DISPLAYNAME="Vorobyeva Yana"
DESCRIPTION="Support Tier I"
TITLE="Mrs."
COUNTRY="HUNGARY"
PHONE="36"
ALTPHONE="36"
FAX="36"
EMAIL="vorobyeva.yana@oracle.com"
ACTIVESTATE="true"
DELETESTATE="false"
UPDATE="true"
PASSWORD="zC62qE6t71LvS95449"
BEEPER="36"
USERDATEFORMAT="MONTH_DAY_YEAR"
HOMESCREENURL="./Portal/default.htm"
USERMUSTRESETPASSWORD="TRUE"
PRODUCTLOCALE="en-US"
STUDYLOCALE="en-US"/>


<USER  USERNAME="ZPFapervaiz"
USERTYPE="SPONSOR"
FIRSTNAME="Afnan"
LASTNAME="Pervaiz"
DISPLAYNAME="Afnan Pervaiz"
DESCRIPTION="Support Tier I"
COUNTRY="UNITED KINGDOM"
PHONE="4410 44 1628 640 700"
ALTPHONE="44"
FAX="44"
EMAIL="afnan.pervaiz@oracle.com"
ACTIVESTATE="true"
DELETESTATE="false"
UPDATE="true"
PASSWORD="sM2l1OfX59dV426967"
BEEPER="44"
USERDATEFORMAT="DAY_MONTH_YEAR"
HOMESCREENURL="./Portal/default.htm"
USERMUSTRESETPASSWORD="TRUE"
PRODUCTLOCALE="en-US"
STUDYLOCALE="en-US"/>


<USER  USERNAME="ZPFasalazar"
USERTYPE="SPONSOR"
FIRSTNAME="Allan"
LASTNAME="Salazar"
DISPLAYNAME="Allan Salazar"
DESCRIPTION="Data Entry"
COUNTRY="PHILIPPINES"
PHONE="63"
ALTPHONE="63"
FAX="63"
EMAIL="Allan.Salazar@oracle.com"
ACTIVESTATE="true"
DELETESTATE="false"
UPDATE="true"
PASSWORD="D4li2DwO32yS734560"
BEEPER="63"
USERDATEFORMAT="DAY_MONTH_YEAR"
HOMESCREENURL="./Portal/default.htm"
USERMUSTRESETPASSWORD="TRUE"
PRODUCTLOCALE="en-US"
STUDYLOCALE="en-US"/>


<USER  USERNAME="ZPFaterjek"
USERTYPE="SPONSOR"
FIRSTNAME="Andras"
LASTNAME="Terjek"
DISPLAYNAME="Andras Terjek"
DESCRIPTION="Support Tier I"
COUNTRY="HUNGARY"
PHONE="36"
ALTPHONE="36"
FAX="36"
EMAIL="andras.terjek@oracle.com"
ACTIVESTATE="true"
DELETESTATE="false"
UPDATE="true"
PASSWORD="bW87a1HkA2fI52461"
BEEPER="36"
USERDATEFORMAT="DAY_MONTH_YEAR"
HOMESCREENURL="./Portal/default.htm"
USERMUSTRESETPASSWORD="TRUE"
PRODUCTLOCALE="en-US"
STUDYLOCALE="en-US"/>


<USER  USERNAME="ZPFawarsama"
USERTYPE="SPONSOR"
FIRSTNAME="Ahmed"
LASTNAME="Warsama"
DISPLAYNAME="Ahmed Warsama"
DESCRIPTION="Support Tier I"
COUNTRY="UNITED KINGDOM"
PHONE="0"
ALTPHONE="44"
FAX="44"
EMAIL="ahmed.warsama@oracle.com"
ACTIVESTATE="true"
DELETESTATE="false"
UPDATE="true"
PASSWORD="fS8sV6jD5dI9979"
BEEPER="44"
USERDATEFORMAT="DAY_MONTH_YEAR"
HOMESCREENURL="./Portal/default.htm"
USERMUSTRESETPASSWORD="TRUE"
PRODUCTLOCALE="en-US"
STUDYLOCALE="en-US"/>


<USER  USERNAME="ZPFbnagy"
USERTYPE="SPONSOR"
FIRSTNAME="Boglarka"
LASTNAME="Nagy"
DISPLAYNAME="Boglarka Nagy"
DESCRIPTION="Support Tier I"
TITLE="MISS."
COUNTRY="HUNGARY"
PHONE="36"
ALTPHONE="36"
FAX="36"
EMAIL="boglarka.nagy@oracle.com"
ACTIVESTATE="true"
DELETESTATE="false"
UPDATE="true"
PASSWORD="wQ24S1amH9Q0a9373"
BEEPER="36"
USERDATEFORMAT="DAY_MONTH_YEAR"
HOMESCREENURL="./Portal/default.htm"
USERMUSTRESETPASSWORD="TRUE"
PRODUCTLOCALE="en-US"
STUDYLOCALE="en-US"/>


<USER  USERNAME="ZPFcmercado"
USERTYPE="SPONSOR"
FIRSTNAME="Christopher"
LASTNAME="Mercado"
DISPLAYNAME="Christopher Mercado"
DESCRIPTION="Data Entry"
COUNTRY="PHILIPPINES"
PHONE="63"
ALTPHONE="63"
FAX="63"
EMAIL="Christopher.Mercado@oracle.com"
ACTIVESTATE="true"
DELETESTATE="false"
UPDATE="true"
PASSWORD="gL8oW0gN4pS112189"
BEEPER="63"
USERDATEFORMAT="DAY_MONTH_YEAR"
HOMESCREENURL="./Portal/default.htm"
USERMUSTRESETPASSWORD="TRUE"
PRODUCTLOCALE="en-US"
STUDYLOCALE="en-US"/>


<USER  USERNAME="ZPFcmolom"
USERTYPE="SPONSOR"
FIRSTNAME="Cedric Loic"
LASTNAME="Hanchou Molom"
DISPLAYNAME="Cedric Loic Hanchou Molom"
DESCRIPTION="Lilly Support"
COUNTRY="HUNGARY"
PHONE="36"
ALTPHONE="36"
FAX="36"
EMAIL="cedric.loic.hanchou.molom@oracle.com"
ACTIVESTATE="true"
DELETESTATE="false"
UPDATE="true"
PASSWORD="F9klA6vC70x0W8485"
BEEPER="36"
USERDATEFORMAT="DAY_MONTH_YEAR"
HOMESCREENURL="./Portal/default.htm"
USERMUSTRESETPASSWORD="TRUE"
PRODUCTLOCALE="en-US"
STUDYLOCALE="en-US"/>


<USER  USERNAME="ZPFddiomede"
USERTYPE="SPONSOR"
FIRSTNAME="David"
LASTNAME="Diomede"
DISPLAYNAME="David Diomede"
DESCRIPTION="Support Tier I"
COUNTRY="HUNGARY"
PHONE="354"
ALTPHONE="354"
FAX="354"
EMAIL="david.d.diomede@oracle.com"
ACTIVESTATE="true"
DELETESTATE="false"
UPDATE="true"
PASSWORD="qJ23dB5jQ8b32E684"
BEEPER="354"
USERDATEFORMAT="DAY_MONTH_YEAR"
HOMESCREENURL="./Portal/default.htm"
USERMUSTRESETPASSWORD="TRUE"
PRODUCTLOCALE="en-US"
STUDYLOCALE="en-US"/>


<USER  USERNAME="ZPFdtorok"
USERTYPE="SPONSOR"
FIRSTNAME="David"
LASTNAME="Torok"
DISPLAYNAME="David Torok"
DESCRIPTION="Support Tier I"
COUNTRY="HUNGARY"
PHONE="36"
ALTPHONE="36"
FAX="36"
EMAIL="david.torok@oracle.com"
ACTIVESTATE="true"
DELETESTATE="false"
UPDATE="true"
PASSWORD="wI16gV81oB9X9k5484"
BEEPER="36"
USERDATEFORMAT="DAY_MONTH_YEAR"
HOMESCREENURL="./Portal/default.htm"
USERMUSTRESETPASSWORD="TRUE"
PRODUCTLOCALE="en-US"
STUDYLOCALE="en-US"/>


<USER  USERNAME="ZPFdvittay"
USERTYPE="SPONSOR"
FIRSTNAME="Dominika"
LASTNAME="Vittay"
DISPLAYNAME="Dominika Vittay"
DESCRIPTION="Support Tier I"
COUNTRY="HUNGARY"
PHONE="36"
ALTPHONE="36"
FAX="36"
EMAIL="dominika.vittay@oracle.com"
ACTIVESTATE="true"
DELETESTATE="false"
UPDATE="true"
PASSWORD="pF6mC0oC8h80M7855"
BEEPER="36"
USERDATEFORMAT="DAY_MONTH_YEAR"
HOMESCREENURL="./Portal/default.htm"
USERMUSTRESETPASSWORD="TRUE"
PRODUCTLOCALE="en-US"
STUDYLOCALE="en-US"/>


<USER  USERNAME="ZPFekosa"
USERTYPE="SPONSOR"
FIRSTNAME="Eniko"
LASTNAME="Kosa"
DISPLAYNAME="Eniko Kosa"
DESCRIPTION="Tier 1 Support agent"
COUNTRY="HUNGARY"
PHONE="36"
ALTPHONE="36"
FAX="36"
EMAIL="eniko.kosa@oracle.com"
ACTIVESTATE="true"
DELETESTATE="false"
UPDATE="true"
PASSWORD="j1ByW32lK8nF946694"
BEEPER="36"
USERDATEFORMAT="MONTH_DAY_YEAR"
HOMESCREENURL="./Portal/default.htm"
USERMUSTRESETPASSWORD="TRUE"
PRODUCTLOCALE="en-US"
STUDYLOCALE="en-US"/>


<USER  USERNAME="ZPFfillesy"
USERTYPE="SPONSOR"
FIRSTNAME="Ferenc"
LASTNAME="Illesy"
DISPLAYNAME="Ferenc Illesy"
DESCRIPTION="Support Tier I"
COUNTRY="HUNGARY"
PHONE="36"
ALTPHONE="36"
FAX="36"
EMAIL="ferenc.illesy@oracle.com"
ACTIVESTATE="true"
DELETESTATE="false"
UPDATE="true"
PASSWORD="X1lk18PzX25gD95770"
BEEPER="36"
USERDATEFORMAT="DAY_MONTH_YEAR"
HOMESCREENURL="./Portal/default.htm"
USERMUSTRESETPASSWORD="TRUE"
PRODUCTLOCALE="en-US"
STUDYLOCALE="en-US"/>


<USER  USERNAME="ZPFfvarga"
USERTYPE="SPONSOR"
FIRSTNAME="Ferenc"
LASTNAME="Varga"
DISPLAYNAME="Ferenc Varga"
DESCRIPTION="Support Tier I"
COUNTRY="UNITED KINGDOM"
PHONE="44"
ALTPHONE="44"
FAX="44"
EMAIL="ferenc.v.varga@oracle.com"
ACTIVESTATE="true"
DELETESTATE="false"
UPDATE="true"
PASSWORD="uO0iF5hG6a2D7547"
BEEPER="44"
USERDATEFORMAT="DAY_MONTH_YEAR"
HOMESCREENURL="./Portal/default.htm"
USERMUSTRESETPASSWORD="TRUE"
PRODUCTLOCALE="en-US"
STUDYLOCALE="en-US"/>


<USER  USERNAME="ZPFgkrucso"
USERTYPE="SPONSOR"
FIRSTNAME="Gabriella"
LASTNAME="Krucso"
DISPLAYNAME="Gabriella Krucso"
DESCRIPTION="Lilly Support"
COUNTRY="HUNGARY"
PHONE="36"
ALTPHONE="36"
FAX="36"
EMAIL="gabriella.krucso@oracle.com"
ACTIVESTATE="true"
DELETESTATE="false"
UPDATE="true"
PASSWORD="bX18xX9fA52o2H4288"
BEEPER="36"
USERDATEFORMAT="DAY_MONTH_YEAR"
HOMESCREENURL="./Portal/default.htm"
USERMUSTRESETPASSWORD="TRUE"
PRODUCTLOCALE="en-US"
STUDYLOCALE="en-US"/>


<USER  USERNAME="ZPFgyvarga"
USERTYPE="SPONSOR"
FIRSTNAME="Gyorgy"
LASTNAME="Varga"
DISPLAYNAME="Gyorgy Varga"
DESCRIPTION="Support Tier I"
TITLE="Mr."
COUNTRY="HUNGARY"
PHONE="36"
ALTPHONE="36"
FAX="36"
EMAIL="gyorgy.varga@oracle.com"
ACTIVESTATE="true"
DELETESTATE="false"
UPDATE="true"
PASSWORD="lE19E9tcR58sS233078"
BEEPER="36"
USERDATEFORMAT="DAY_MONTH_YEAR"
HOMESCREENURL="./Portal/default.htm"
USERMUSTRESETPASSWORD="TRUE"
PRODUCTLOCALE="en-US"
STUDYLOCALE="en-US"/>


<USER  USERNAME="ZPFijohl"
USERTYPE="SPONSOR"
FIRSTNAME="Ikinder"
LASTNAME="Johl"
DISPLAYNAME="Ikinder Johl"
DESCRIPTION="Support Tier I"
COUNTRY="UNITED KINGDOM"
PHONE="44"
ALTPHONE="44"
FAX="44"
EMAIL="ikinder.johl.singh@oracle.com"
ACTIVESTATE="true"
DELETESTATE="false"
UPDATE="true"
PASSWORD="H6vqX20a0Xq61G8793"
BEEPER="44"
USERDATEFORMAT="DAY_MONTH_YEAR"
HOMESCREENURL="./Portal/default.htm"
USERMUSTRESETPASSWORD="TRUE"
PRODUCTLOCALE="en-US"
STUDYLOCALE="en-US"/>


<USER  USERNAME="ZPFkcco"
USERTYPE="SPONSOR"
FIRSTNAME="Kerwin Carson"
LASTNAME="Co"
DISPLAYNAME="Kerwin Carson Co"
DESCRIPTION="Support Tier I"
COUNTRY="PHILIPPINES"
PHONE="63"
ALTPHONE="63"
FAX="63"
EMAIL="kerwin.carson.co@oracle.com"
ACTIVESTATE="true"
DELETESTATE="false"
UPDATE="true"
PASSWORD="iI8A9iv3PkF835806"
BEEPER="63"
USERDATEFORMAT="DAY_MONTH_YEAR"
HOMESCREENURL="./Portal/default.htm"
USERMUSTRESETPASSWORD="TRUE"
PRODUCTLOCALE="en-US"
STUDYLOCALE="en-US"/>


<USER  USERNAME="ZPFkcsobalyka"
USERTYPE="SPONSOR"
FIRSTNAME="Krisztian"
LASTNAME="Csobalyka"
DISPLAYNAME="Krisztian Csobalyka"
DESCRIPTION="Support Tier I"
TITLE="Mr."
COUNTRY="HUNGARY"
PHONE="36704275924"
ALTPHONE="36"
FAX="36"
EMAIL="krisztian.csobalyka@oracle.com"
ACTIVESTATE="true"
DELETESTATE="false"
UPDATE="true"
PASSWORD="y6DaA9z1CyL93091"
BEEPER="36"
USERDATEFORMAT="DAY_MONTH_YEAR"
HOMESCREENURL="./Portal/default.htm"
USERMUSTRESETPASSWORD="TRUE"
PRODUCTLOCALE="en-US"
STUDYLOCALE="en-US"/>


<USER  USERNAME="ZPFkkovacs"
USERTYPE="SPONSOR"
FIRSTNAME="Klara"
LASTNAME="Kovacs"
DISPLAYNAME="Klara Kovacs"
DESCRIPTION="Support Tier I"
COUNTRY="HUNGARY"
PHONE="36"
ALTPHONE="36"
FAX="36"
EMAIL="KLARA.KOVACS@ORACLE.COM"
ACTIVESTATE="true"
DELETESTATE="false"
UPDATE="true"
PASSWORD="vL89xF37wZ78e61Y1265"
BEEPER="36"
USERDATEFORMAT="DAY_MONTH_YEAR"
HOMESCREENURL="./Portal/default.htm"
USERMUSTRESETPASSWORD="TRUE"
PRODUCTLOCALE="en-US"
STUDYLOCALE="en-US"/>


<USER  USERNAME="ZPFklim"
USERTYPE="SPONSOR"
FIRSTNAME="Kok Koang"
LASTNAME="Lim"
DISPLAYNAME="Kok Koang Lim"
DESCRIPTION="Support Tier I"
COUNTRY="HUNGARY"
PHONE="36"
ALTPHONE="36"
FAX="36"
EMAIL="kok.koang.lim@oracle.com"
ACTIVESTATE="true"
DELETESTATE="false"
UPDATE="true"
PASSWORD="qC6y8WaV96cI31573"
BEEPER="36"
USERDATEFORMAT="DAY_MONTH_YEAR"
HOMESCREENURL="./Portal/default.htm"
USERMUSTRESETPASSWORD="TRUE"
PRODUCTLOCALE="en-US"
STUDYLOCALE="en-US"/>


<USER  USERNAME="ZPFlbalubar"
USERTYPE="SPONSOR"
FIRSTNAME="Lei-Anne"
LASTNAME="Balubar"
DISPLAYNAME="Lei-Anne Balubar"
DESCRIPTION="Lilly Data Entry"
COUNTRY="PHILIPPINES"
PHONE="63"
ALTPHONE="63"
FAX="63"
EMAIL="lei-anne.balubar@oracle.com"
ACTIVESTATE="true"
DELETESTATE="false"
UPDATE="true"
PASSWORD="sZ51jB8oO2cV25189"
BEEPER="63"
USERDATEFORMAT="DAY_MONTH_YEAR"
HOMESCREENURL="./Portal/default.htm"
USERMUSTRESETPASSWORD="TRUE"
PRODUCTLOCALE="en-US"
STUDYLOCALE="en-US"/>


<USER  USERNAME="ZPFlmate"
USERTYPE="SPONSOR"
FIRSTNAME="Laszlo"
LASTNAME="Mate"
DISPLAYNAME="Laszlo Mate"
DESCRIPTION="Support Tier I"
COUNTRY="HUNGARY"
PHONE="36"
ALTPHONE="36"
FAX="36"
EMAIL="laszlo.mate@oracle.com"
ACTIVESTATE="true"
DELETESTATE="false"
UPDATE="true"
PASSWORD="y0Ou2LrL7zF679065"
BEEPER="36"
USERDATEFORMAT="DAY_MONTH_YEAR"
HOMESCREENURL="./Portal/default.htm"
USERMUSTRESETPASSWORD="TRUE"
PRODUCTLOCALE="en-US"
STUDYLOCALE="en-US"/>


<USER  USERNAME="ZPFmkhella"
USERTYPE="SPONSOR"
FIRSTNAME="Mukhtar"
LASTNAME="Khella"
DISPLAYNAME="Mukhtar Khella"
DESCRIPTION="Support Tier I"
COUNTRY="UNITED KINGDOM"
PHONE="44"
ALTPHONE="44"
FAX="44"
EMAIL="mukhtar.khella@oracle.com"
ACTIVESTATE="true"
DELETESTATE="false"
UPDATE="true"
PASSWORD="u21AvU69xU1j32P9101"
BEEPER="44"
USERDATEFORMAT="DAY_MONTH_YEAR"
HOMESCREENURL="./Portal/default.htm"
USERMUSTRESETPASSWORD="TRUE"
PRODUCTLOCALE="en-US"
STUDYLOCALE="en-US"/>


<USER  USERNAME="ZPFmtoth"
USERTYPE="SPONSOR"
FIRSTNAME="Miklos David"
LASTNAME="Toth"
DISPLAYNAME="Miklos David Toth"
DESCRIPTION="Support Tier I"
TITLE="Mr."
COUNTRY="HUNGARY"
PHONE="36"
ALTPHONE="36"
FAX="36"
EMAIL="miklos.toth@oracle.com"
ACTIVESTATE="true"
DELETESTATE="false"
UPDATE="true"
PASSWORD="g6MC0it83Jm1U2770"
BEEPER="36"
USERDATEFORMAT="YEAR_MONTH_DAY"
HOMESCREENURL="./Portal/default.htm"
USERMUSTRESETPASSWORD="TRUE"
PRODUCTLOCALE="en-US"
STUDYLOCALE="en-US"/>


<USER  USERNAME="ZPFnqi"
USERTYPE="SPONSOR"
FIRSTNAME="Nic"
LASTNAME="Qi"
DISPLAYNAME="Nic Qi"
DESCRIPTION="Support Tier I"
COUNTRY="UNITED KINGDOM"
PHONE="44"
ALTPHONE="44"
FAX="44"
EMAIL="xiaoyu.qi@oracle.com"
ACTIVESTATE="true"
DELETESTATE="false"
UPDATE="true"
PASSWORD="mZ4gV18tZ33gI89990"
BEEPER="44"
USERDATEFORMAT="DAY_MONTH_YEAR"
HOMESCREENURL="./Portal/default.htm"
USERMUSTRESETPASSWORD="TRUE"
PRODUCTLOCALE="en-US"
STUDYLOCALE="en-US"/>


<USER  USERNAME="ZPFnreis"
USERTYPE="SPONSOR"
FIRSTNAME="Nuno Rodrigo"
LASTNAME="Ribeiro Pereira Reis"
DISPLAYNAME="Nuno Rodrigo Ribeiro Pereira Reis"
DESCRIPTION="Support Tier I"
TITLE="Mr."
COUNTRY="HUNGARY"
PHONE="36"
ALTPHONE="36"
FAX="36"
EMAIL="nuno.reis@oracle.com"
ACTIVESTATE="true"
DELETESTATE="false"
UPDATE="true"
PASSWORD="xD9W0gyT77k51S7275"
BEEPER="36"
USERDATEFORMAT="DAY_MONTH_YEAR"
HOMESCREENURL="./Portal/default.htm"
USERMUSTRESETPASSWORD="TRUE"
PRODUCTLOCALE="en-US"
STUDYLOCALE="en-US"/>


<USER  USERNAME="ZPFnvergara"
USERTYPE="SPONSOR"
FIRSTNAME="Neil"
LASTNAME="Vergara"
DISPLAYNAME="Neil Vergara"
DESCRIPTION="Lilly Data Entry"
COUNTRY="PHILIPPINES"
PHONE="63"
ALTPHONE="63"
FAX="63"
EMAIL="neil.vergara@oracle.com"
ACTIVESTATE="true"
DELETESTATE="false"
UPDATE="true"
PASSWORD="aB2nY0uI3jP6671"
BEEPER="63"
USERDATEFORMAT="MONTH_DAY_YEAR"
HOMESCREENURL="./Portal/default.htm"
USERMUSTRESETPASSWORD="TRUE"
PRODUCTLOCALE="en-US"
STUDYLOCALE="en-US"/>


<USER  USERNAME="ZPFoely"
USERTYPE="SPONSOR"
FIRSTNAME="Osweld"
LASTNAME="Ely"
DISPLAYNAME="Osweld Ely"
DESCRIPTION="Support Tier I"
COUNTRY="PHILIPPINES"
PHONE="63"
ALTPHONE="63"
FAX="63"
EMAIL="osweld.ely@oracle.com"
ACTIVESTATE="true"
DELETESTATE="false"
UPDATE="true"
PASSWORD="vA8hY0mM0fA6992"
BEEPER="63"
USERDATEFORMAT="DAY_MONTH_YEAR"
HOMESCREENURL="./Portal/default.htm"
USERMUSTRESETPASSWORD="TRUE"
PRODUCTLOCALE="en-US"
STUDYLOCALE="en-US"/>


<USER  USERNAME="ZPFpvallar"
USERTYPE="SPONSOR"
FIRSTNAME="Paulnino"
LASTNAME="Vallar"
DISPLAYNAME="Paulnino Vallar"
DESCRIPTION="Support Tier I"
COUNTRY="PHILIPPINES"
PHONE="63"
ALTPHONE="63"
FAX="63"
EMAIL="paulnino.vallar@ORACLE.COM"
ACTIVESTATE="true"
DELETESTATE="false"
UPDATE="true"
PASSWORD="jS90eE9y62VxF89954"
BEEPER="63"
USERDATEFORMAT="DAY_MONTH_YEAR"
HOMESCREENURL="./Portal/default.htm"
USERMUSTRESETPASSWORD="TRUE"
PRODUCTLOCALE="en-US"
STUDYLOCALE="en-US"/>


<USER  USERNAME="ZPFrsulit"
USERTYPE="SPONSOR"
FIRSTNAME="Ronette"
LASTNAME="Sulit"
DISPLAYNAME="Ronette Sulit"
DESCRIPTION="Data Entry"
COUNTRY="PHILIPPINES"
PHONE="63"
ALTPHONE="63"
FAX="63"
EMAIL="Ronette.Sulit@oracle.com"
ACTIVESTATE="true"
DELETESTATE="false"
UPDATE="true"
PASSWORD="O9wcW69bP95rF177583"
BEEPER="63"
USERDATEFORMAT="DAY_MONTH_YEAR"
HOMESCREENURL="./Portal/default.htm"
USERMUSTRESETPASSWORD="TRUE"
PRODUCTLOCALE="en-US"
STUDYLOCALE="en-US"/>


<USER  USERNAME="ZPFsaguilar"
USERTYPE="SPONSOR"
FIRSTNAME="Sergio"
LASTNAME="Aguilar"
DISPLAYNAME="Sergio Aguilar"
DESCRIPTION="Support Tier I"
TITLE="Mr."
COUNTRY="HUNGARY"
PHONE="36"
ALTPHONE="36"
FAX="36"
EMAIL="sergio.aguilar.aguilar@oracle.com"
ACTIVESTATE="true"
DELETESTATE="false"
UPDATE="true"
PASSWORD="iY12T9gz2AE8m412"
BEEPER="36"
USERDATEFORMAT="DAY_MONTH_YEAR"
HOMESCREENURL="./Portal/default.htm"
USERMUSTRESETPASSWORD="TRUE"
PRODUCTLOCALE="en-US"
STUDYLOCALE="en-US"/>


<USER  USERNAME="ZPFsdasilva"
USERTYPE="SPONSOR"
FIRSTNAME="Silmara Santos"
LASTNAME="Da Silva"
DISPLAYNAME="Silmara Santos Da Silva"
DESCRIPTION="Support Tier I"
COUNTRY="HUNGARY"
PHONE="36"
ALTPHONE="36"
FAX="36"
EMAIL="silmara.santos.da.silva@oracle.com"
ACTIVESTATE="true"
DELETESTATE="false"
UPDATE="true"
PASSWORD="lR57b17Xu9Ph62V376"
BEEPER="36"
USERDATEFORMAT="DAY_MONTH_YEAR"
HOMESCREENURL="./Portal/default.htm"
USERMUSTRESETPASSWORD="TRUE"
PRODUCTLOCALE="en-US"
STUDYLOCALE="en-US"/>


<USER  USERNAME="ZPFskholti"
USERTYPE="SPONSOR"
FIRSTNAME="Szilvia"
LASTNAME="Kholti"
DISPLAYNAME="Szilvia Kholti"
DESCRIPTION="Support Tier I"
COUNTRY="HUNGARY"
PHONE="361111"
ALTPHONE="36"
FAX="36"
EMAIL="szilvia.kholti@oracle.com"
ACTIVESTATE="true"
DELETESTATE="false"
UPDATE="true"
PASSWORD="eK49uZ8rO6hN626386"
BEEPER="36"
USERDATEFORMAT="DAY_MONTH_YEAR"
HOMESCREENURL="./Portal/default.htm"
USERMUSTRESETPASSWORD="TRUE"
PRODUCTLOCALE="en-US"
STUDYLOCALE="en-US"/>


<USER  USERNAME="ZPFstayco"
USERTYPE="SPONSOR"
FIRSTNAME="Sherylou"
LASTNAME="Tayco"
DISPLAYNAME="Sherylou Tayco"
DESCRIPTION="Support Tier I"
COUNTRY="PHILIPPINES"
PHONE="63"
ALTPHONE="63"
FAX="63"
EMAIL="sherylou.tayco@oracle.com"
ACTIVESTATE="true"
DELETESTATE="false"
UPDATE="true"
PASSWORD="r66LA0npF7l2L5176"
BEEPER="63"
USERDATEFORMAT="DAY_MONTH_YEAR"
HOMESCREENURL="./Portal/default.htm"
USERMUSTRESETPASSWORD="TRUE"
PRODUCTLOCALE="en-US"
STUDYLOCALE="en-US"/>


<USER  USERNAME="ZPFtcabanes"
USERTYPE="SPONSOR"
FIRSTNAME="Teresa"
LASTNAME="Cabanes"
DISPLAYNAME="Teresa Cabanes"
DESCRIPTION="Lilly Data Entry"
COUNTRY="PHILIPPINES"
PHONE="63"
ALTPHONE="63"
FAX="63"
EMAIL="teresa.cabanes@oracle.com"
ACTIVESTATE="true"
DELETESTATE="false"
UPDATE="true"
PASSWORD="wV54fD4c2XK8x2783"
BEEPER="63"
USERDATEFORMAT="MONTH_DAY_YEAR"
HOMESCREENURL="./Portal/default.htm"
USERMUSTRESETPASSWORD="TRUE"
PRODUCTLOCALE="en-US"
STUDYLOCALE="en-US"/>


<USER  USERNAME="ZPFtfabian"
USERTYPE="SPONSOR"
FIRSTNAME="Tamas"
LASTNAME="Fabian"
DISPLAYNAME="Tamas Fabian"
DESCRIPTION="Support Tier I"
COUNTRY="HUNGARY"
PHONE="36"
ALTPHONE="36"
FAX="36"
EMAIL="tamas.x.fabian@oracle.com"
ACTIVESTATE="true"
DELETESTATE="false"
UPDATE="true"
PASSWORD="fF2g12AhG5wF568177"
BEEPER="36"
USERDATEFORMAT="DAY_MONTH_YEAR"
HOMESCREENURL="./Portal/default.htm"
USERMUSTRESETPASSWORD="TRUE"
PRODUCTLOCALE="en-US"
STUDYLOCALE="en-US"/>


<USER  USERNAME="ZPFtszabo"
USERTYPE="SPONSOR"
FIRSTNAME="Timea"
LASTNAME="Szabo"
DISPLAYNAME="Timea Szabo"
DESCRIPTION="Support IRT Integrated"
TITLE="MISS."
COUNTRY="HUNGARY"
PHONE="36"
ALTPHONE="36"
FAX="36"
EMAIL="timea.szabo@oracle.com"
ACTIVESTATE="true"
DELETESTATE="false"
UPDATE="true"
PASSWORD="m98Vd1ShJ5sK14868"
BEEPER="36"
USERDATEFORMAT="DAY_MONTH_YEAR"
HOMESCREENURL="./Portal/default.htm"
USERMUSTRESETPASSWORD="TRUE"
PRODUCTLOCALE="en-US"
STUDYLOCALE="en-US"/>


</MEDMLDATA>