<?xml version="1.0"?>
<MEDMLDATA xmlns="PhaseForward-MedML-Inform4">


<RIGHTSGROUP  GROUPNAME="Coding Query Rights Group">
<!-- Insert Users -->
<USERREF USERNAME="coder_query"/>

</RIGHTSGROUP>

<RIGHTSGROUP  GROUPNAME="Data Manager">
<!-- Insert Users -->
<USERREF USERNAME="cf64318"/>
<USERREF USERNAME="a619388"/>
<USERREF USERNAME="c085956"/>
<USERREF USERNAME="z1x1726"/>
<USERREF USERNAME="z2x2182"/>
<USERREF USERNAME="ce63390"/>
<USERREF USERNAME="c223848"/>
<USERREF USERNAME="rg37419"/>
<USERREF USERNAME="z2x2291"/>
<USERREF USERNAME="z2x2451"/>
<USERREF USERNAME="z2x1597"/>
<USERREF USERNAME="z2x1565"/>
<USERREF USERNAME="rm85747"/>

</RIGHTSGROUP>

<RIGHTSGROUP  GROUPNAME="GPS">
<!-- Insert Users -->
<USERREF USERNAME="c003859"/>
<USERREF USERNAME="rm87794"/>
<USERREF USERNAME="rm90029"/>
<USERREF USERNAME="c069132"/>
<USERREF USERNAME="c057362"/>
<USERREF USERNAME="c039825"/>
<USERREF USERNAME="c090108"/>
<USERREF USERNAME="c074090"/>
<USERREF USERNAME="c085302"/>
<USERREF USERNAME="c074342"/>
<USERREF USERNAME="c149177"/>
<USERREF USERNAME="c131994"/>
<USERREF USERNAME="v6x8356"/>
<USERREF USERNAME="c025980"/>
<USERREF USERNAME="c137396"/>
<USERREF USERNAME="c075541"/>
<USERREF USERNAME="c074429"/>
<USERREF USERNAME="c026393"/>
<USERREF USERNAME="a608760"/>
<USERREF USERNAME="c058698"/>
<USERREF USERNAME="u7x2510"/>
<USERREF USERNAME="yex7920"/>
<USERREF USERNAME="rm36132"/>
<USERREF USERNAME="a511471"/>
<USERREF USERNAME="rm80655"/>
<USERREF USERNAME="c079244"/>
<USERREF USERNAME="rm89018"/>
<USERREF USERNAME="c015393"/>
<USERREF USERNAME="c071673"/>
<USERREF USERNAME="v6x8058"/>
<USERREF USERNAME="c039853"/>
<USERREF USERNAME="c068505"/>
<USERREF USERNAME="c149066"/>
<USERREF USERNAME="c021984"/>
<USERREF USERNAME="rm35504"/>
<USERREF USERNAME="ye91098"/>
<USERREF USERNAME="c022433"/>
<USERREF USERNAME="c039863"/>
<USERREF USERNAME="c149176"/>
<USERREF USERNAME="a701824"/>
<USERREF USERNAME="c060736"/>
<USERREF USERNAME="c026390"/>
<USERREF USERNAME="a608261"/>
<USERREF USERNAME="c143125"/>
<USERREF USERNAME="c135748"/>
<USERREF USERNAME="c149470"/>
<USERREF USERNAME="a803075"/>
<USERREF USERNAME="c083101"/>

</RIGHTSGROUP>

<RIGHTSGROUP  GROUPNAME="PFView Only">
<!-- Insert Users -->
<USERREF USERNAME="ZPFaflathers"/>
<USERREF USERNAME="ZPFskonig"/>
<USERREF USERNAME="ZPFkbarkoczi"/>

</RIGHTSGROUP>

<RIGHTSGROUP  GROUPNAME="PI">
<!-- Insert Users -->
<USERREF USERNAME="emolnar"/>
<USERREF USERNAME="msatori"/>
<USERREF USERNAME="jafra"/>
<USERREF USERNAME="sredon"/>
<USERREF USERNAME="mnavez"/>
<USERREF USERNAME="lvandeun"/>
<USERREF USERNAME="pdesfontaines"/>
<USERREF USERNAME="haudish"/>
<USERREF USERNAME="ecsepany"/>
<USERREF USERNAME="gtoth"/>
<USERREF USERNAME="grum"/>
<USERREF USERNAME="rnemeth"/>
<USERREF USERNAME="gnemes"/>
<USERREF USERNAME="parcagni"/>
<USERREF USERNAME="tzsombok"/>
<USERREF USERNAME="zvida"/>
<USERREF USERNAME="inagy"/>
<USERREF USERNAME="cburcin"/>
<USERREF USERNAME="jmawet"/>
<USERREF USERNAME="adonnet"/>
<USERREF USERNAME="oderyck"/>
<USERREF USERNAME="gbozsik"/>
<USERREF USERNAME="certsey"/>
<USERREF USERNAME="acsanyi"/>
<USERREF USERNAME="kszoboszlai"/>
<USERREF USERNAME="ljavor"/>
<USERREF USERNAME="epalinkas"/>
<USERREF USERNAME="kbihari"/>
<USERREF USERNAME="rpeyron"/>

</RIGHTSGROUP>

<RIGHTSGROUP  GROUPNAME="PI Sign Only">
<!-- Insert Users -->
<USERREF USERNAME="baverell"/>
<USERREF USERNAME="mvandenheede"/>
<USERREF USERNAME="jburch"/>
<USERREF USERNAME="edoty"/>
<USERREF USERNAME="cericksen"/>
<USERREF USERNAME="shatti"/>
<USERREF USERNAME="dkudrow"/>
<USERREF USERNAME="tledbetter"/>
<USERREF USERNAME="rlipetz"/>
<USERREF USERNAME="pmcallister"/>
<USERREF USERNAME="rvonseggern"/>
<USERREF USERNAME="ebarranco"/>
<USERREF USERNAME="croos"/>
<USERREF USERNAME="mlanteriminet"/>
<USERREF USERNAME="jversijpt"/>
<USERREF USERNAME="avandycke"/>
<USERREF USERNAME="plane"/>
<USERREF USERNAME="hschwartz"/>
<USERREF USERNAME="ggirard"/>
<USERREF USERNAME="mgawel"/>
<USERREF USERNAME="famoozegar"/>
<USERREF USERNAME="halchaar"/>
<USERREF USERNAME="ccreach"/>
<USERREF USERNAME="jbonner"/>

</RIGHTSGROUP>

<RIGHTSGROUP  GROUPNAME="Report Extractor">
<!-- Insert Users -->
<USERREF USERNAME="i5qmccgaj_RE"/>

</RIGHTSGROUP>

<RIGHTSGROUP  GROUPNAME="SC">
<!-- Insert Users -->
<USERREF USERNAME="sjohnson"/>
<USERREF USERNAME="vschotte"/>
<USERREF USERNAME="ajean"/>
<USERREF USERNAME="amccreath"/>
<USERREF USERNAME="crobertson"/>
<USERREF USERNAME="medwards"/>
<USERREF USERNAME="gdempsey"/>
<USERREF USERNAME="msofka"/>
<USERREF USERNAME="amajoross"/>
<USERREF USERNAME="ngueblaoui"/>
<USERREF USERNAME="mledra"/>
<USERREF USERNAME="aczech"/>
<USERREF USERNAME="sromettino"/>
<USERREF USERNAME="ilezzi"/>
<USERREF USERNAME="jriveros"/>
<USERREF USERNAME="kceulemans"/>
<USERREF USERNAME="onamous"/>
<USERREF USERNAME="ksadji"/>
<USERREF USERNAME="aguiatni"/>
<USERREF USERNAME="awest"/>
<USERREF USERNAME="akenley"/>
<USERREF USERNAME="vkureja"/>
<USERREF USERNAME="tneyman"/>
<USERREF USERNAME="msibley"/>
<USERREF USERNAME="twhited"/>
<USERREF USERNAME="gvalentin"/>
<USERREF USERNAME="eodicio"/>
<USERREF USERNAME="vandujar"/>
<USERREF USERNAME="jlessard"/>
<USERREF USERNAME="dbenmoshe"/>
<USERREF USERNAME="mmagyar"/>
<USERREF USERNAME="ahanyok"/>
<USERREF USERNAME="srocco"/>
<USERREF USERNAME="lsainz"/>
<USERREF USERNAME="sstuckey"/>
<USERREF USERNAME="sagne"/>

</RIGHTSGROUP>

<RIGHTSGROUP  GROUPNAME="Study Manager">
<!-- Insert Users -->
<USERREF USERNAME="nt89612"/>
<USERREF USERNAME="c152379"/>
<USERREF USERNAME="v6x7983"/>
<USERREF USERNAME="zi20021"/>
<USERREF USERNAME="v7x0016"/>

</RIGHTSGROUP>

<RIGHTSGROUP  GROUPNAME="User Activator RG">
<!-- Insert Users -->
<USERREF USERNAME="ZPFnkovacs"/>
<USERREF USERNAME="ZPFmandone"/>
<USERREF USERNAME="ZPFjktan"/>
<USERREF USERNAME="ZPFepenzes"/>
<USERREF USERNAME="ZPFedervishaj"/>
<USERREF USERNAME="ZPFdnagy"/>
<USERREF USERNAME="ZPFobodnar"/>
<USERREF USERNAME="ZPFabalogh"/>
<USERREF USERNAME="ZPFvyana"/>
<USERREF USERNAME="ZPFsdamato"/>
<USERREF USERNAME="ZPFrlogronio"/>
<USERREF USERNAME="ZPFrducusin"/>
<USERREF USERNAME="ZPFrcalorico"/>
<USERREF USERNAME="ZPFckalinyak"/>

</RIGHTSGROUP>

<RIGHTSGROUP  GROUPNAME="User Manager RG">
<!-- Insert Users -->
<USERREF USERNAME="ZPFgyvarga"/>
<USERREF USERNAME="ZPFijohl"/>
<USERREF USERNAME="ZPFkcco"/>
<USERREF USERNAME="ZPFkcsobalyka"/>
<USERREF USERNAME="ZPFkkovacs"/>
<USERREF USERNAME="ZPFklim"/>
<USERREF USERNAME="ZPFlbalubar"/>
<USERREF USERNAME="ZPFlmate"/>
<USERREF USERNAME="ZPFmkhella"/>
<USERREF USERNAME="ZPFmtoth"/>
<USERREF USERNAME="ZPFnqi"/>
<USERREF USERNAME="ZPFnreis"/>
<USERREF USERNAME="ZPFnvergara"/>
<USERREF USERNAME="ZPFoely"/>
<USERREF USERNAME="ZPFpvallar"/>
<USERREF USERNAME="ZPFrsulit"/>
<USERREF USERNAME="ZPFsaguilar"/>
<USERREF USERNAME="ZPFsdasilva"/>
<USERREF USERNAME="ZPFskholti"/>
<USERREF USERNAME="ZPFstayco"/>
<USERREF USERNAME="ZPFtcabanes"/>
<USERREF USERNAME="ZPFtfabian"/>
<USERREF USERNAME="ZPFgkrucso"/>
<USERREF USERNAME="ZPFfvarga"/>
<USERREF USERNAME="ZPFtszabo"/>
<USERREF USERNAME="ZPFekosa"/>
<USERREF USERNAME="ZPFdvittay"/>
<USERREF USERNAME="ZPFdtorok"/>
<USERREF USERNAME="ZPFddiomede"/>
<USERREF USERNAME="ZPFcmolom"/>
<USERREF USERNAME="ZPFcmercado"/>
<USERREF USERNAME="ZPFbnagy"/>
<USERREF USERNAME="ZPFawarsama"/>
<USERREF USERNAME="ZPFaterjek"/>
<USERREF USERNAME="ZPFasalazar"/>
<USERREF USERNAME="ZPFapervaiz"/>
<USERREF USERNAME="ZPFfillesy"/>

</RIGHTSGROUP>

</MEDMLDATA>