<?xml version="1.0"?>
<MEDMLDATA xmlns="PhaseForward-MedML-Inform4">


<REPORTINGGROUP
GROUPNAME="Ad Hoc Users"
GROUPDESCRIPTION="Users who have access to Ad Hoc Reporting">
<!-- Insert Users -->
<USERREF USERNAME="cf64318"/>
<USERREF USERNAME="a619388"/>
<USERREF USERNAME="c085956"/>
<USERREF USERNAME="z1x1726"/>
<USERREF USERNAME="z2x2182"/>
<USERREF USERNAME="i5qmccgaj_RE"/>
<USERREF USERNAME="c223848"/>
<USERREF USERNAME="rm85747"/>
<USERREF USERNAME="rg37419"/>
<USERREF USERNAME="z2x2291"/>
<USERREF USERNAME="z2x2451"/>
<USERREF USERNAME="z2x1597"/>
<USERREF USERNAME="z2x1565"/>
<USERREF USERNAME="ce63390"/>
</REPORTINGGROUP>

<QUERYGROUP
GROUPNAME="CDM_CRA Query"
GROUPDESCRIPTION="">
<!-- Insert Users -->
<USERREF USERNAME="autoquery"/>
<USERREF USERNAME="ce63390"/>
<USERREF USERNAME="cf64318"/>
<USERREF USERNAME="a619388"/>
<USERREF USERNAME="c085956"/>
<USERREF USERNAME="z1x1726"/>
<USERREF USERNAME="z2x2182"/>
<USERREF USERNAME="c223848"/>
<USERREF USERNAME="rm85747"/>
<USERREF USERNAME="rg37419"/>
<USERREF USERNAME="z2x2291"/>
<USERREF USERNAME="z2x2451"/>
<USERREF USERNAME="z2x1597"/>
<USERREF USERNAME="z2x1565"/>
</QUERYGROUP>

<QUERYGROUP
GROUPNAME="Coding Query Group"
GROUPDESCRIPTION="">
<!-- Insert Users -->
<USERREF USERNAME="coder_query"/>
</QUERYGROUP>

<QUERYGROUP
GROUPNAME="GPS_Query"
GROUPDESCRIPTION="">
<!-- Insert Users -->
<USERREF USERNAME="c003859"/>
<USERREF USERNAME="rm87794"/>
<USERREF USERNAME="rm90029"/>
<USERREF USERNAME="c069132"/>
<USERREF USERNAME="c057362"/>
<USERREF USERNAME="c039825"/>
<USERREF USERNAME="c090108"/>
<USERREF USERNAME="c074090"/>
<USERREF USERNAME="c085302"/>
<USERREF USERNAME="c074342"/>
<USERREF USERNAME="c149177"/>
<USERREF USERNAME="c131994"/>
<USERREF USERNAME="v6x8356"/>
<USERREF USERNAME="c025980"/>
<USERREF USERNAME="c137396"/>
<USERREF USERNAME="c075541"/>
<USERREF USERNAME="c074429"/>
<USERREF USERNAME="c026393"/>
<USERREF USERNAME="a608760"/>
<USERREF USERNAME="c058698"/>
<USERREF USERNAME="u7x2510"/>
<USERREF USERNAME="yex7920"/>
<USERREF USERNAME="rm36132"/>
<USERREF USERNAME="a511471"/>
<USERREF USERNAME="rm80655"/>
<USERREF USERNAME="c079244"/>
<USERREF USERNAME="rm89018"/>
<USERREF USERNAME="c015393"/>
<USERREF USERNAME="c071673"/>
<USERREF USERNAME="v6x8058"/>
<USERREF USERNAME="c039853"/>
<USERREF USERNAME="c068505"/>
<USERREF USERNAME="c149066"/>
<USERREF USERNAME="c021984"/>
<USERREF USERNAME="rm35504"/>
<USERREF USERNAME="ye91098"/>
<USERREF USERNAME="c022433"/>
<USERREF USERNAME="c039863"/>
<USERREF USERNAME="c149176"/>
<USERREF USERNAME="a701824"/>
<USERREF USERNAME="c060736"/>
<USERREF USERNAME="c026390"/>
<USERREF USERNAME="a608261"/>
<USERREF USERNAME="c143125"/>
<USERREF USERNAME="c135748"/>
<USERREF USERNAME="c149470"/>
<USERREF USERNAME="a803075"/>
<USERREF USERNAME="c083101"/>
</QUERYGROUP>

<SIGNATUREGROUP
GROUPNAME="PI Signature"
GROUPDESCRIPTION="Signature group assigned to PI and PI Sign Only roles"
CRBMEANING="Approved"

CRBTEXT="By my dated signature below, I  %s  %s, verify that all case report form pages accurately display the results of the examinations, tests, evaluations and treatments performed on this patient.&lt;BR&gt;&lt;BR&gt;Pursuant to Section 11.100 of Title 21 of the Code of Federal Regulations, this is to certify that I intend that this electronic signature is to be the legally binding equivalent of my handwritten signature. &lt;BR&gt;&lt;BR&gt;To this I do attest by supplying my user name and password and clicking the button marked &lt;B&gt;Submit&lt;/B&gt; below"
 LANGUAGE="en-US">
<!-- Insert Users -->
<USERREF USERNAME="baverell"/>
<USERREF USERNAME="rpeyron"/>
<USERREF USERNAME="jburch"/>
<USERREF USERNAME="edoty"/>
<USERREF USERNAME="cericksen"/>
<USERREF USERNAME="shatti"/>
<USERREF USERNAME="dkudrow"/>
<USERREF USERNAME="tledbetter"/>
<USERREF USERNAME="rlipetz"/>
<USERREF USERNAME="pmcallister"/>
<USERREF USERNAME="rvonseggern"/>
<USERREF USERNAME="ebarranco"/>
<USERREF USERNAME="emolnar"/>
<USERREF USERNAME="msatori"/>
<USERREF USERNAME="jafra"/>
<USERREF USERNAME="croos"/>
<USERREF USERNAME="mlanteriminet"/>
<USERREF USERNAME="sredon"/>
<USERREF USERNAME="mnavez"/>
<USERREF USERNAME="jversijpt"/>
<USERREF USERNAME="lvandeun"/>
<USERREF USERNAME="avandycke"/>
<USERREF USERNAME="pdesfontaines"/>
<USERREF USERNAME="haudish"/>
<USERREF USERNAME="plane"/>
<USERREF USERNAME="hschwartz"/>
<USERREF USERNAME="ggirard"/>
<USERREF USERNAME="mgawel"/>
<USERREF USERNAME="famoozegar"/>
<USERREF USERNAME="ecsepany"/>
<USERREF USERNAME="gtoth"/>
<USERREF USERNAME="grum"/>
<USERREF USERNAME="rnemeth"/>
<USERREF USERNAME="gnemes"/>
<USERREF USERNAME="parcagni"/>
<USERREF USERNAME="tzsombok"/>
<USERREF USERNAME="zvida"/>
<USERREF USERNAME="inagy"/>
<USERREF USERNAME="cburcin"/>
<USERREF USERNAME="jmawet"/>
<USERREF USERNAME="halchaar"/>
<USERREF USERNAME="adonnet"/>
<USERREF USERNAME="ccreach"/>
<USERREF USERNAME="oderyck"/>
<USERREF USERNAME="mvandenheede"/>
<USERREF USERNAME="gbozsik"/>
<USERREF USERNAME="certsey"/>
<USERREF USERNAME="acsanyi"/>
<USERREF USERNAME="kszoboszlai"/>
<USERREF USERNAME="ljavor"/>
<USERREF USERNAME="epalinkas"/>
<USERREF USERNAME="kbihari"/>
<USERREF USERNAME="jbonner"/>
</SIGNATUREGROUP>

<REPORTINGGROUP
GROUPNAME="Publishers"
GROUPDESCRIPTION="Users who can create folders and other content within the Public Folder space">
<!-- Insert Users -->
<USERREF USERNAME="z2x1597"/>
<USERREF USERNAME="z2x1565"/>
<USERREF USERNAME="c223848"/>
<USERREF USERNAME="cf64318"/>
<USERREF USERNAME="a619388"/>
<USERREF USERNAME="c085956"/>
<USERREF USERNAME="z1x1726"/>
<USERREF USERNAME="z2x2182"/>
<USERREF USERNAME="i5qmccgaj_RE"/>
<USERREF USERNAME="ce63390"/>
<USERREF USERNAME="rm85747"/>
<USERREF USERNAME="rg37419"/>
<USERREF USERNAME="z2x2291"/>
<USERREF USERNAME="z2x2451"/>
</REPORTINGGROUP>

<REPORTINGGROUP
GROUPNAME="Report Administrators"
GROUPDESCRIPTION="Users who can administer authorized public content such as setting permissions on folders and reports">
<!-- Insert Users -->
<USERREF USERNAME="cf64318"/>
<USERREF USERNAME="a619388"/>
<USERREF USERNAME="c085956"/>
<USERREF USERNAME="z1x1726"/>
<USERREF USERNAME="z2x2182"/>
<USERREF USERNAME="ce63390"/>
<USERREF USERNAME="c223848"/>
<USERREF USERNAME="rg37419"/>
<USERREF USERNAME="z2x2291"/>
<USERREF USERNAME="z2x2451"/>
<USERREF USERNAME="z2x1597"/>
<USERREF USERNAME="z2x1565"/>
<USERREF USERNAME="rm85747"/>
</REPORTINGGROUP>

<REPORTINGGROUP
GROUPNAME="Site Users"
GROUPDESCRIPTION="Site Users">
<!-- Insert Users -->
<USERREF USERNAME="baverell"/>
<USERREF USERNAME="jbonner"/>
<USERREF USERNAME="jburch"/>
<USERREF USERNAME="edoty"/>
<USERREF USERNAME="cericksen"/>
<USERREF USERNAME="shatti"/>
<USERREF USERNAME="dkudrow"/>
<USERREF USERNAME="sjohnson"/>
<USERREF USERNAME="tledbetter"/>
<USERREF USERNAME="rlipetz"/>
<USERREF USERNAME="pmcallister"/>
<USERREF USERNAME="jriveros"/>
<USERREF USERNAME="rvonseggern"/>
<USERREF USERNAME="ebarranco"/>
<USERREF USERNAME="ajean"/>
<USERREF USERNAME="amccreath"/>
<USERREF USERNAME="crobertson"/>
<USERREF USERNAME="medwards"/>
<USERREF USERNAME="gdempsey"/>
<USERREF USERNAME="msofka"/>
<USERREF USERNAME="emolnar"/>
<USERREF USERNAME="msatori"/>
<USERREF USERNAME="amajoross"/>
<USERREF USERNAME="jafra"/>
<USERREF USERNAME="croos"/>
<USERREF USERNAME="ngueblaoui"/>
<USERREF USERNAME="mledra"/>
<USERREF USERNAME="aczech"/>
<USERREF USERNAME="sromettino"/>
<USERREF USERNAME="mlanteriminet"/>
<USERREF USERNAME="sredon"/>
<USERREF USERNAME="mnavez"/>
<USERREF USERNAME="jversijpt"/>
<USERREF USERNAME="lvandeun"/>
<USERREF USERNAME="avandycke"/>
<USERREF USERNAME="pdesfontaines"/>
<USERREF USERNAME="ilezzi"/>
<USERREF USERNAME="haudish"/>
<USERREF USERNAME="awest"/>
<USERREF USERNAME="akenley"/>
<USERREF USERNAME="vkureja"/>
<USERREF USERNAME="tneyman"/>
<USERREF USERNAME="plane"/>
<USERREF USERNAME="msibley"/>
<USERREF USERNAME="twhited"/>
<USERREF USERNAME="gvalentin"/>
<USERREF USERNAME="eodicio"/>
<USERREF USERNAME="hschwartz"/>
<USERREF USERNAME="vandujar"/>
<USERREF USERNAME="jlessard"/>
<USERREF USERNAME="ggirard"/>
<USERREF USERNAME="mgawel"/>
<USERREF USERNAME="famoozegar"/>
<USERREF USERNAME="dbenmoshe"/>
<USERREF USERNAME="ecsepany"/>
<USERREF USERNAME="mmagyar"/>
<USERREF USERNAME="gtoth"/>
<USERREF USERNAME="grum"/>
<USERREF USERNAME="rnemeth"/>
<USERREF USERNAME="gnemes"/>
<USERREF USERNAME="parcagni"/>
<USERREF USERNAME="ahanyok"/>
<USERREF USERNAME="srocco"/>
<USERREF USERNAME="lsainz"/>
<USERREF USERNAME="sstuckey"/>
<USERREF USERNAME="tzsombok"/>
<USERREF USERNAME="zvida"/>
<USERREF USERNAME="inagy"/>
<USERREF USERNAME="cburcin"/>
<USERREF USERNAME="jmawet"/>
<USERREF USERNAME="sagne"/>
<USERREF USERNAME="aguiatni"/>
<USERREF USERNAME="ksadji"/>
<USERREF USERNAME="halchaar"/>
<USERREF USERNAME="adonnet"/>
<USERREF USERNAME="onamous"/>
<USERREF USERNAME="ccreach"/>
<USERREF USERNAME="kceulemans"/>
<USERREF USERNAME="oderyck"/>
<USERREF USERNAME="vschotte"/>
<USERREF USERNAME="mvandenheede"/>
<USERREF USERNAME="gbozsik"/>
<USERREF USERNAME="certsey"/>
<USERREF USERNAME="acsanyi"/>
<USERREF USERNAME="kszoboszlai"/>
<USERREF USERNAME="ljavor"/>
<USERREF USERNAME="epalinkas"/>
<USERREF USERNAME="kbihari"/>
<USERREF USERNAME="rpeyron"/>
</REPORTINGGROUP>

<REPORTINGGROUP
GROUPNAME="Sponsor Users"
GROUPDESCRIPTION="Sponsor Users">
<!-- Insert Users -->
<USERREF USERNAME="c149470"/>
<USERREF USERNAME="a803075"/>
<USERREF USERNAME="rm87794"/>
<USERREF USERNAME="c223848"/>
<USERREF USERNAME="coder_query"/>
<USERREF USERNAME="cf64318"/>
<USERREF USERNAME="a619388"/>
<USERREF USERNAME="c085956"/>
<USERREF USERNAME="z1x1726"/>
<USERREF USERNAME="v7x0016"/>
<USERREF USERNAME="zi20021"/>
<USERREF USERNAME="v6x7983"/>
<USERREF USERNAME="z2x2182"/>
<USERREF USERNAME="c003859"/>
<USERREF USERNAME="c083101"/>
<USERREF USERNAME="rm90029"/>
<USERREF USERNAME="c069132"/>
<USERREF USERNAME="c057362"/>
<USERREF USERNAME="c039825"/>
<USERREF USERNAME="c090108"/>
<USERREF USERNAME="c074090"/>
<USERREF USERNAME="c085302"/>
<USERREF USERNAME="c074342"/>
<USERREF USERNAME="c149177"/>
<USERREF USERNAME="c131994"/>
<USERREF USERNAME="v6x8356"/>
<USERREF USERNAME="c025980"/>
<USERREF USERNAME="c137396"/>
<USERREF USERNAME="c075541"/>
<USERREF USERNAME="c074429"/>
<USERREF USERNAME="c026393"/>
<USERREF USERNAME="a608760"/>
<USERREF USERNAME="c058698"/>
<USERREF USERNAME="u7x2510"/>
<USERREF USERNAME="yex7920"/>
<USERREF USERNAME="rm36132"/>
<USERREF USERNAME="a511471"/>
<USERREF USERNAME="rm80655"/>
<USERREF USERNAME="i5qmccgaj_RE"/>
<USERREF USERNAME="ce63390"/>
<USERREF USERNAME="rm85747"/>
<USERREF USERNAME="rg37419"/>
<USERREF USERNAME="z2x2291"/>
<USERREF USERNAME="z2x2451"/>
<USERREF USERNAME="c152379"/>
<USERREF USERNAME="nt89612"/>
<USERREF USERNAME="z2x1597"/>
<USERREF USERNAME="z2x1565"/>
<USERREF USERNAME="c079244"/>
<USERREF USERNAME="rm89018"/>
<USERREF USERNAME="c015393"/>
<USERREF USERNAME="c071673"/>
<USERREF USERNAME="v6x8058"/>
<USERREF USERNAME="c039853"/>
<USERREF USERNAME="c068505"/>
<USERREF USERNAME="c149066"/>
<USERREF USERNAME="c021984"/>
<USERREF USERNAME="rm35504"/>
<USERREF USERNAME="ye91098"/>
<USERREF USERNAME="c022433"/>
<USERREF USERNAME="c039863"/>
<USERREF USERNAME="c149176"/>
<USERREF USERNAME="a701824"/>
<USERREF USERNAME="c060736"/>
<USERREF USERNAME="c026390"/>
<USERREF USERNAME="a608261"/>
<USERREF USERNAME="c143125"/>
<USERREF USERNAME="c135748"/>
</REPORTINGGROUP>

<REPORTINGGROUP
GROUPNAME="User Admin Info Data Users"
GROUPDESCRIPTION="Users who have access to user data including password related data">
<!-- Insert Users -->
<USERREF USERNAME="c090108"/>
<USERREF USERNAME="c074090"/>
<USERREF USERNAME="c085302"/>
<USERREF USERNAME="c074342"/>
<USERREF USERNAME="c149177"/>
<USERREF USERNAME="c131994"/>
<USERREF USERNAME="v6x8356"/>
<USERREF USERNAME="c025980"/>
<USERREF USERNAME="c137396"/>
<USERREF USERNAME="c075541"/>
<USERREF USERNAME="c074429"/>
<USERREF USERNAME="c026393"/>
<USERREF USERNAME="a608760"/>
<USERREF USERNAME="c058698"/>
<USERREF USERNAME="u7x2510"/>
<USERREF USERNAME="yex7920"/>
<USERREF USERNAME="rm36132"/>
<USERREF USERNAME="a511471"/>
<USERREF USERNAME="rm80655"/>
<USERREF USERNAME="i5qmccgaj_RE"/>
<USERREF USERNAME="ce63390"/>
<USERREF USERNAME="rm85747"/>
<USERREF USERNAME="rg37419"/>
<USERREF USERNAME="z2x2291"/>
<USERREF USERNAME="z2x2451"/>
<USERREF USERNAME="z2x1597"/>
<USERREF USERNAME="z2x1565"/>
<USERREF USERNAME="c079244"/>
<USERREF USERNAME="rm89018"/>
<USERREF USERNAME="c015393"/>
<USERREF USERNAME="c071673"/>
<USERREF USERNAME="v6x8058"/>
<USERREF USERNAME="c039853"/>
<USERREF USERNAME="c068505"/>
<USERREF USERNAME="c149066"/>
<USERREF USERNAME="c021984"/>
<USERREF USERNAME="rm35504"/>
<USERREF USERNAME="ye91098"/>
<USERREF USERNAME="c022433"/>
<USERREF USERNAME="c039863"/>
<USERREF USERNAME="c149176"/>
<USERREF USERNAME="a701824"/>
<USERREF USERNAME="c060736"/>
<USERREF USERNAME="c026390"/>
<USERREF USERNAME="a608261"/>
<USERREF USERNAME="c143125"/>
<USERREF USERNAME="c135748"/>
<USERREF USERNAME="c149470"/>
<USERREF USERNAME="a803075"/>
<USERREF USERNAME="rm87794"/>
<USERREF USERNAME="c223848"/>
<USERREF USERNAME="cf64318"/>
<USERREF USERNAME="a619388"/>
<USERREF USERNAME="c085956"/>
<USERREF USERNAME="z1x1726"/>
<USERREF USERNAME="z2x2182"/>
<USERREF USERNAME="c003859"/>
<USERREF USERNAME="c083101"/>
<USERREF USERNAME="rm90029"/>
<USERREF USERNAME="c069132"/>
<USERREF USERNAME="c057362"/>
<USERREF USERNAME="c039825"/>
</REPORTINGGROUP>

<REPORTINGGROUP
GROUPNAME="User Info Data Users"
GROUPDESCRIPTION="Users who have access to user data except password related data">
<!-- Insert Users -->
<USERREF USERNAME="v7x0016"/>
<USERREF USERNAME="rm87794"/>
<USERREF USERNAME="v6x7983"/>
<USERREF USERNAME="c003859"/>
<USERREF USERNAME="c083101"/>
<USERREF USERNAME="rm90029"/>
<USERREF USERNAME="c069132"/>
<USERREF USERNAME="c057362"/>
<USERREF USERNAME="c039825"/>
<USERREF USERNAME="c090108"/>
<USERREF USERNAME="c074090"/>
<USERREF USERNAME="c085302"/>
<USERREF USERNAME="c074342"/>
<USERREF USERNAME="c149177"/>
<USERREF USERNAME="c131994"/>
<USERREF USERNAME="v6x8356"/>
<USERREF USERNAME="c025980"/>
<USERREF USERNAME="c137396"/>
<USERREF USERNAME="c075541"/>
<USERREF USERNAME="c074429"/>
<USERREF USERNAME="c026393"/>
<USERREF USERNAME="a608760"/>
<USERREF USERNAME="c058698"/>
<USERREF USERNAME="u7x2510"/>
<USERREF USERNAME="yex7920"/>
<USERREF USERNAME="rm36132"/>
<USERREF USERNAME="a511471"/>
<USERREF USERNAME="rm80655"/>
<USERREF USERNAME="c152379"/>
<USERREF USERNAME="nt89612"/>
<USERREF USERNAME="c079244"/>
<USERREF USERNAME="rm89018"/>
<USERREF USERNAME="c015393"/>
<USERREF USERNAME="c071673"/>
<USERREF USERNAME="v6x8058"/>
<USERREF USERNAME="c039853"/>
<USERREF USERNAME="c068505"/>
<USERREF USERNAME="c149066"/>
<USERREF USERNAME="c021984"/>
<USERREF USERNAME="rm35504"/>
<USERREF USERNAME="ye91098"/>
<USERREF USERNAME="c022433"/>
<USERREF USERNAME="c039863"/>
<USERREF USERNAME="c149176"/>
<USERREF USERNAME="a701824"/>
<USERREF USERNAME="c060736"/>
<USERREF USERNAME="c026390"/>
<USERREF USERNAME="a608261"/>
<USERREF USERNAME="c143125"/>
<USERREF USERNAME="c135748"/>
<USERREF USERNAME="c149470"/>
<USERREF USERNAME="a803075"/>
<USERREF USERNAME="zi20021"/>
</REPORTINGGROUP>

<QUERYGROUP
GROUPNAME="CDM_CRA Query"
GROUPDESCRIPTION="">
<!-- Insert Users -->
<USERREF USERNAME="autoquery"/>
</QUERYGROUP>

</MEDMLDATA>