<?xml version="1.0"?>
<MEDMLDATA xmlns="PhaseForward-MedML-Inform4">

<ITEMGROUP 
GROUPNAME="Adjudicator_Editable"
GROUPDESCRIPTION="Adjudicator_Editable">
 <!-- Insert ItemRef Names -->
<ITEMREF REFNAME="AEGRPID_RELREC_AJARRF1"/>
<ITEMREF REFNAME="VTERES3_AJVTE1001_F1"/>
<ITEMREF REFNAME="AEGRPID_RELREC_AJCGS_F1"/>
<ITEMREF REFNAME="AEGRPID_RELREC_AJCIE_F1"/>
<ITEMREF REFNAME="AEGRPID_RELREC_AJCRV_F1"/>
<ITEMREF REFNAME="AEGRPID_RELREC_AJDTHF1"/>
<ITEMREF REFNAME="AEGRPID_RELREC_AJHSPHFF1"/>
<ITEMREF REFNAME="AEGRPID_RELREC_AJRSSDF1"/>
<ITEMREF REFNAME="AEGRPID_RELREC_AJVTE1_F1"/>
<ITEMREF REFNAME="ARRR_CMPD_AJARRF1"/>
<ITEMREF REFNAME="CECAJASM_AJARRF1"/>
<ITEMREF REFNAME="CECAJASM_AJCEV_F1"/>
<ITEMREF REFNAME="CECAJASM_AJCGS_F1"/>
<ITEMREF REFNAME="CECAJASM_AJCIE_F1"/>
<ITEMREF REFNAME="CECAJASM_AJCRV_F1"/>
<ITEMREF REFNAME="CECAJASM_AJHSPHFF1"/>
<ITEMREF REFNAME="CECAJASM_AJRSSDF1"/>
<ITEMREF REFNAME="CECAJASM_AJVTE1001_F1"/>
<ITEMREF REFNAME="CGSR3_AJCGS2001_F1"/>
<ITEMREF REFNAME="CRVR2_AJCRV_F1"/>
<ITEMREF REFNAME="DTHTP_AJDTHF1"/>
<ITEMREF REFNAME="EPAEDAT_AJARRF1"/>
<ITEMREF REFNAME="EPAEDAT_AJCEV_F1"/>
<ITEMREF REFNAME="EPAEDAT_AJCGS_F1"/>
<ITEMREF REFNAME="EPAEDAT_AJCIE_F1"/>
<ITEMREF REFNAME="EPAEDAT_AJCRV_F1"/>
<ITEMREF REFNAME="EPAEDAT_AJDTHF1"/>
<ITEMREF REFNAME="EPAEDAT_AJHSPHFF1"/>
<ITEMREF REFNAME="EPAEDAT_AJRSSDF1"/>
<ITEMREF REFNAME="EPAEDAT_AJVTE1001_F1"/>
<ITEMREF REFNAME="EVDTAGMT_AJARRF1"/>
<ITEMREF REFNAME="EVDTAGMT_AJCEV_F1"/>
<ITEMREF REFNAME="EVDTAGMT_AJCGS_F1"/>
<ITEMREF REFNAME="EVDTAGMT_AJCIE_F1"/>
<ITEMREF REFNAME="EVDTAGMT_AJCRV_F1"/>
<ITEMREF REFNAME="EVDTAGMT_AJDTHF1"/>
<ITEMREF REFNAME="EVDTAGMT_AJHSPHFF1"/>
<ITEMREF REFNAME="EVDTAGMT_AJRSSDF1"/>
<ITEMREF REFNAME="EVDTAGMT_AJVTE1001_F1"/>
<ITEMREF REFNAME="VTERES1_AJVTE1001_F1"/>
<ITEMREF REFNAME="AEGRPID_RELREC_AJCEV_F1"/>

</ITEMGROUP>

<ITEMGROUP 
GROUPNAME="Adjudicator_Hidden"
GROUPDESCRIPTION="Adjudicator_Hidden">
 <!-- Insert ItemRef Names -->
<ITEMREF REFNAME="WASHOCCUR_TRIGV1_F1"/>
<ITEMREF REFNAME="HRFAASMDAT_HRFA1001_F1"/>
<ITEMREF REFNAME="HRFARES10_HRFA1001_F1"/>
<ITEMREF REFNAME="HRFARES11_HRFA1001_F1"/>
<ITEMREF REFNAME="HRFARES12_HRFA1001_F1"/>
<ITEMREF REFNAME="HRFARES1_HRFA1001_F1"/>
<ITEMREF REFNAME="HRFARES2_HRFA1001_F1"/>
<ITEMREF REFNAME="HRFARES3_HRFA1001_F1"/>
<ITEMREF REFNAME="HRFARES4_HRFA1001_F1"/>
<ITEMREF REFNAME="HRFARES5_HRFA1001_F1"/>
<ITEMREF REFNAME="HRFARES6_HRFA1001_F1"/>
<ITEMREF REFNAME="HRFARES7_HRFA1001_F1"/>
<ITEMREF REFNAME="HRFARES8_HRFA1001_F1"/>
<ITEMREF REFNAME="HRFARES9_HRFA1001_F1"/>
<ITEMREF REFNAME="HSPHFR1_CMPD_EPHSPHF_F1"/>
<ITEMREF REFNAME="HZFRES1_HZF1001_F1"/>
<ITEMREF REFNAME="HZFRES2_HZF1001_F1"/>
<ITEMREF REFNAME="HZFRES3_HZF1001_F1"/>
<ITEMREF REFNAME="HZFRES4_HZF1001_F1"/>
<ITEMREF REFNAME="HZFRES5_HZF1001_F1"/>
<ITEMREF REFNAME="HZFRES6_HZF1001_F1"/>
<ITEMREF REFNAME="HZFRES7_HZF1001_F1"/>
<ITEMREF REFNAME="IGAADPERF_IGAAD_F1"/>
<ITEMREF REFNAME="INFCLOC_INFC2PR1_F1"/>
<ITEMREF REFNAME="INFCPTP_INFC2PR1_F1"/>
<ITEMREF REFNAME="INFCR2_INFC2PR1_F1"/>
<ITEMREF REFNAME="INFCR7_INFC2PR1_F1"/>
<ITEMREF REFNAME="INFCR8_INFC2PR1_F1"/>
<ITEMREF REFNAME="INFCSLOCMD_INFC2PR1_F1"/>
<ITEMREF REFNAME="INFCSTP_INFC2PR1_F1"/>
<ITEMREF REFNAME="LBDAT_LB9F6"/>
<ITEMREF REFNAME="LBDAT_LB9F7"/>
<ITEMREF REFNAME="LBDAT_LB9F8"/>
<ITEMREF REFNAME="LBDAT_LB9F9"/>
<ITEMREF REFNAME="LBPERF_LB9F6"/>
<ITEMREF REFNAME="LBPERF_LB9F7"/>
<ITEMREF REFNAME="LBPERF_LB9F8"/>
<ITEMREF REFNAME="LBPERF_LB9F9"/>
<ITEMREF REFNAME="LBRESMD_A01_LB9F7"/>
<ITEMREF REFNAME="LBRESMD_A02_LB9F7"/>
<ITEMREF REFNAME="LBRESMD_A03_LB9F7"/>
<ITEMREF REFNAME="LBRESMD_A10_LB9F7"/>
<ITEMREF REFNAME="LBRESMD_A14_LB9F7"/>
<ITEMREF REFNAME="LBRESMD_A15_LB9F7"/>
<ITEMREF REFNAME="LBRESMD_A16_LB9F7"/>
<ITEMREF REFNAME="LBRESMD_A17_LB9F7"/>
<ITEMREF REFNAME="LBRESMD_A20_LB9F7"/>
<ITEMREF REFNAME="LBRESMD_A27_LB9F7"/>
<ITEMREF REFNAME="LBRESMD_A40_LB9F9"/>
<ITEMREF REFNAME="LBRESMD_A45_LB9F8"/>
<ITEMREF REFNAME="LBRESMD_B40_LB9F9"/>
<ITEMREF REFNAME="LBRESMD_E01_LB9F8"/>
<ITEMREF REFNAME="LBRESMD_E03_LB9F8"/>
<ITEMREF REFNAME="LBRESMD_E12_LB9F8"/>
<ITEMREF REFNAME="LBRESMD_E13_LB9F8"/>
<ITEMREF REFNAME="LBRESMD_E17_LB9F8"/>
<ITEMREF REFNAME="LBRESMD_E82_LB9F8"/>
<ITEMREF REFNAME="LBRESMD_E83_LB9F8"/>
<ITEMREF REFNAME="LBRESMD_G01_LB9F8"/>
<ITEMREF REFNAME="LBRESMD_G03_LB9F8"/>
<ITEMREF REFNAME="LBRESMD_J03_LB9F6"/>
<ITEMREF REFNAME="LBRESMD_J16_LB9F6"/>
<ITEMREF REFNAME="LBRESMD_J26_LB9F6"/>
<ITEMREF REFNAME="LBRESMD_J28_LB9F6"/>
<ITEMREF REFNAME="LBRESMD_J69_LB9F6"/>
<ITEMREF REFNAME="LBRESMD_J74_LB9F6"/>
<ITEMREF REFNAME="LBRESMD_J76_LB9F6"/>
<ITEMREF REFNAME="LBRESMD_J78_LB9F6"/>
<ITEMREF REFNAME="LBRESMD_JB5_LB9F6"/>
<ITEMREF REFNAME="LBRESMD_JD4_LB9F6"/>
<ITEMREF REFNAME="LBRESMD_JM2_LB9F6"/>
<ITEMREF REFNAME="LBRESMD_KB8_LB9F6"/>
<ITEMREF REFNAME="LBRESMD_RA0_LB9F6"/>
<ITEMREF REFNAME="LBSPID_LB9F6"/>
<ITEMREF REFNAME="LBSPID_LB9F7"/>
<ITEMREF REFNAME="LBSPID_LB9F8"/>
<ITEMREF REFNAME="LBSPID_LB9F9"/>
<ITEMREF REFNAME="LRSSPERF_LRSS1001_F1"/>
<ITEMREF REFNAME="ENDPT_CMPD_ENDPTRIG_F1"/>
<ITEMREF REFNAME="EPAEDAT_EPARR2F1"/>
<ITEMREF REFNAME="EPAEDAT_EPCEV_F1"/>
<ITEMREF REFNAME="EPAEDAT_EPCGS2F1"/>
<ITEMREF REFNAME="EPAEDAT_EPCIE_F1"/>
<ITEMREF REFNAME="EPAEDAT_EPCRVF1"/>
<ITEMREF REFNAME="EPAEDAT_EPDTHF1"/>
<ITEMREF REFNAME="EPAEDAT_EPHSPHF_F1"/>
<ITEMREF REFNAME="EPAEDAT_EPRSSD2F1"/>
<ITEMREF REFNAME="EXENDAT_EX1F5"/>
<ITEMREF REFNAME="EPDTHRES10_EPDTHF1"/>
<ITEMREF REFNAME="EPDTHRES11_EPDTHF1"/>
<ITEMREF REFNAME="EPDTHRES5_EPDTHF1"/>
<ITEMREF REFNAME="FASPID_EPARR2F1"/>
<ITEMREF REFNAME="FASPID_EPCEV_F1"/>
<ITEMREF REFNAME="FASPID_EPCGS2F1"/>
<ITEMREF REFNAME="FASPID_EPCIE_F1"/>
<ITEMREF REFNAME="FASPID_EPCRVF1"/>
<ITEMREF REFNAME="FASPID_EPHSPHF_F1"/>
<ITEMREF REFNAME="FASPID_EPRSSD2F1"/>
<ITEMREF REFNAME="FASPID_HZF1001_F1_S1"/>
<ITEMREF REFNAME="FASPID_HZF1001_F1_S2"/>
<ITEMREF REFNAME="FASPID_INFC2PR1_F1"/>
<ITEMREF REFNAME="FASPID_NAEFU2001_F1"/>
<ITEMREF REFNAME="FASPID_SFUQ3F1"/>
<ITEMREF REFNAME="MHOCCUR_MHPRESP"/>
<ITEMREF REFNAME="MHONGO_MH7001_F1"/>
<ITEMREF REFNAME="MHONGO_MHPRESP1F3"/>
<ITEMREF REFNAME="MHSPID_MH7001_F1"/>
<ITEMREF REFNAME="MHSPID_MHPRESP1F3"/>
<ITEMREF REFNAME="MHSTDAT_MH7001_F1"/>
<ITEMREF REFNAME="MHTERM_MH7001_F1"/>
<ITEMREF REFNAME="MHTERM_MHPRESP1F3"/>
<ITEMREF REFNAME="MHYN_MH7001_F1"/>
<ITEMREF REFNAME="NAEFURES1_NAEFU2_F1"/>
<ITEMREF REFNAME="NAEFURES2_NAEFU2_F1"/>
<ITEMREF REFNAME="NAEFURES3_NAEFU2_F1"/>
<ITEMREF REFNAME="NAEFURES5_NAEFU2_F1"/>
<ITEMREF REFNAME="PROCCUR_CT_HMPR1F1"/>
<ITEMREF REFNAME="PROCCUR_ERC_HMPR1F1"/>
<ITEMREF REFNAME="PROCCUR_MRC_HMPR1F1"/>
<ITEMREF REFNAME="PROCCUR_MRE_HMPR1F1"/>
<ITEMREF REFNAME="PROCCUR_MRI_HMPR1F1"/>
<ITEMREF REFNAME="PROCCUR_MRS_HMPR1F1"/>
<ITEMREF REFNAME="PROCCUR_US_HMPR1F1"/>
<ITEMREF REFNAME="PRYN_HMPR_HMPR1F1"/>
<ITEMREF REFNAME="PULSEU_TPT1_VS1C1F1"/>
<ITEMREF REFNAME="PULSEU_TPT1_VS1F1"/>
<ITEMREF REFNAME="RECURYN_SAE2F1"/>
<ITEMREF REFNAME="RETAMTU_DA1F2"/>
<ITEMREF REFNAME="RETAMT_DAPERF_DA1001_F1"/>
<ITEMREF REFNAME="RSSDR1_CMPD_EPRSSD2F1"/>
<ITEMREF REFNAME="RSSDR2_CMPD_EPRSSD2F1"/>
<ITEMREF REFNAME="RSSDR3_EPRSSD2F1"/>
<ITEMREF REFNAME="SAEAEACN_SAE2F1S3"/>
<ITEMREF REFNAME="SAEAESCONG_SAE2F1"/>
<ITEMREF REFNAME="SAEAESDISAB_SAE2F1"/>
<ITEMREF REFNAME="SAEAESLIFE_SAE2F1"/>
<ITEMREF REFNAME="SAEAESMIE_SAE2F1"/>
<ITEMREF REFNAME="SAECONDITION_SAE2F1"/>
<ITEMREF REFNAME="SAEEXDOSDAT_SAE2F1"/>
<ITEMREF REFNAME="SAEEXDOSFRQ_SAE2F1"/>
<ITEMREF REFNAME="SAEEXROUTE_SAE2F1"/>
<ITEMREF REFNAME="SAEEXSTDAT_SAE2F1"/>
<ITEMREF REFNAME="SAEEXTRT_SAE2F1"/>
<ITEMREF REFNAME="SAEGRPID_SAE2F1S1"/>
<ITEMREF REFNAME="SAEGRPID_SAE2F1S2"/>
<ITEMREF REFNAME="SAEGRPID_SAE2F1S4"/>
<ITEMREF REFNAME="SAELBDAT_SAE2F1"/>
<ITEMREF REFNAME="SAELBORNRHI_SAE2F1"/>
<ITEMREF REFNAME="SAELBORNRLO_SAE2F1"/>
<ITEMREF REFNAME="SAELBORRESU_SAE2F1"/>
<ITEMREF REFNAME="SAELBORRES_SAE2F1"/>
<ITEMREF REFNAME="SAELBTEST_SAE2F1"/>
<ITEMREF REFNAME="SAELBTIM_SAE2F1"/>
<ITEMREF REFNAME="SAEOUT_SAE2F1"/>
<ITEMREF REFNAME="SAERELEXTRT1_CMPD_SAE2F1"/>
<ITEMREF REFNAME="SAERELPRC_SAE2F1"/>
<ITEMREF REFNAME="SAESDTH_SAE2F1"/>
<ITEMREF REFNAME="SAESHOSP_SAE2F1"/>
<ITEMREF REFNAME="SAESPID_SAE2F1S2"/>
<ITEMREF REFNAME="SAESPID_SAE2F1S3"/>
<ITEMREF REFNAME="SAESPID_SAE2F1S4"/>
<ITEMREF REFNAME="SAESPID_SAE2F1S5"/>
<ITEMREF REFNAME="SAESPID_SAE2F1S6"/>
<ITEMREF REFNAME="SAESTDAT_SAE2F1"/>
<ITEMREF REFNAME="SAETERM_SAE2F1"/>
<ITEMREF REFNAME="SBPERF_EPCIE_F1"/>
<ITEMREF REFNAME="SCR_SYS_F1"/>
<ITEMREF REFNAME="SEX_DM1001_F1"/>
<ITEMREF REFNAME="SFUQEPID_SFUQ3F1"/>
<ITEMREF REFNAME="SFUQEVTFLG_SFUQ3F1"/>
<ITEMREF REFNAME="SFUQRES10MD_SFUQ3F1"/>
<ITEMREF REFNAME="SFUQRES11_CMPD_SFUQ3F1"/>
<ITEMREF REFNAME="SFUQRES12_SFUQ3F1"/>
<ITEMREF REFNAME="SFUQRES1_SFUQ3F2"/>
<ITEMREF REFNAME="SFUQRES2_SFUQ3F1"/>
<ITEMREF REFNAME="SFUQRES3_SFUQ3F1"/>
<ITEMREF REFNAME="SFUQRES4_SFUQ3F1"/>
<ITEMREF REFNAME="SFUQRES5MD_SFUQ3F1"/>
<ITEMREF REFNAME="SFUQRES6MD_SFUQ3F1"/>
<ITEMREF REFNAME="SFUQRES7MD_SFUQ3F1"/>
<ITEMREF REFNAME="SFUQRES8MD_SFUQ3F1"/>
<ITEMREF REFNAME="SFUQRES9MD_SFUQ3F1"/>
<ITEMREF REFNAME="STATUS_STATUS_F1"/>
<ITEMREF REFNAME="STATV11_STATIXE_F4"/>
<ITEMREF REFNAME="STATV2V10_STATIXE_F3"/>
<ITEMREF REFNAME="STATV801_STATIXE_F5"/>
<ITEMREF REFNAME="STAT_V1_STATGUT_F1"/>
<ITEMREF REFNAME="SUASMDAT_SU1001_F2"/>
<ITEMREF REFNAME="SUASMDAT_SU5001_F1"/>
<ITEMREF REFNAME="SUBJID"/>
<ITEMREF REFNAME="SUBJINIT_SYS_F1"/>
<ITEMREF REFNAME="SUDOSADJ_ALCOHOL_SU1F3"/>
<ITEMREF REFNAME="SUDOSADJ_RECDRUG_SU5F2"/>
<ITEMREF REFNAME="SUNCF_ALCOHOL_SU1001_F2"/>
<ITEMREF REFNAME="SUNCF_COCAINE_SU5001_F1"/>
<ITEMREF REFNAME="SUNCF_METH_SU5001_F1"/>
<ITEMREF REFNAME="VISDAT"/>
<ITEMREF REFNAME="WEIGHT_CMPD_TPT1_VS1F1"/>
<ITEMREF REFNAME="AEACN_AE3001_F1"/>
<ITEMREF REFNAME="AEGRPID_AE3001_F1_S1"/>
<ITEMREF REFNAME="AEGRPID_AE3001_F1_S2"/>
<ITEMREF REFNAME="AEGRPID_RELREC_1_NAEFU_F1"/>
<ITEMREF REFNAME="AEGRPID_RELREC_EPARR2F1"/>
<ITEMREF REFNAME="AEGRPID_RELREC_EPCEV_F1"/>
<ITEMREF REFNAME="AEGRPID_RELREC_EPCGS2F1"/>
<ITEMREF REFNAME="AEGRPID_RELREC_EPCIE_F1"/>
<ITEMREF REFNAME="AEGRPID_RELREC_EPCRVF1"/>
<ITEMREF REFNAME="AEGRPID_RELREC_EPDTHF1"/>
<ITEMREF REFNAME="AEGRPID_RELREC_EPHSPHF_F1"/>
<ITEMREF REFNAME="AEGRPID_RELREC_EPRSSD2F1"/>
<ITEMREF REFNAME="AEGRPID_RELREC_EPVTE1_F1"/>
<ITEMREF REFNAME="AEGRPID_RELREC_HZF1_F1"/>
<ITEMREF REFNAME="AEGRPID_RELREC_INFCPR_F1"/>
<ITEMREF REFNAME="AEONGO_AE3001_F1"/>
<ITEMREF REFNAME="AEOUT_AE3001_F1"/>
<ITEMREF REFNAME="AERELNST_CMPD_AE3001_F1"/>
<ITEMREF REFNAME="AEREL_AE3001_F1"/>
<ITEMREF REFNAME="AESER_AE3001_F1"/>
<ITEMREF REFNAME="AESEV_AE3001_F1"/>
<ITEMREF REFNAME="AESPID_AE3001_F1"/>
<ITEMREF REFNAME="AEST_CMPD_AE3001_F1"/>
<ITEMREF REFNAME="AETERM_AE3001_F1"/>
<ITEMREF REFNAME="AEYN_AE3001_F2"/>
<ITEMREF REFNAME="APMHOCCUR1_10001806_APMH"/>
<ITEMREF REFNAME="APMHOCCUR1_10019478_APMH"/>
<ITEMREF REFNAME="APMHOCCUR1_10061664_APMH"/>
<ITEMREF REFNAME="ARRR1_CMPD_EPARR2F1"/>
<ITEMREF REFNAME="ARRR5_CMPD_EPARR2F1"/>
<ITEMREF REFNAME="ARRR6_EPARR2F1"/>
<ITEMREF REFNAME="ARRR7_EPARR2F1"/>
<ITEMREF REFNAME="BP_CMPD_TPT1_VS1C1F1"/>
<ITEMREF REFNAME="BP_CMPD_TPT1_VS1F1"/>
<ITEMREF REFNAME="BRDIAG_BR1001_F1"/>
<ITEMREF REFNAME="BRPERF_BR1001_F1"/>
<ITEMREF REFNAME="BRTHYR_DM1001_F1"/>
<ITEMREF REFNAME="CASEBOOKSIG_CBSIG_F1"/>
<ITEMREF REFNAME="CASENAR1_SAE2F1"/>
<ITEMREF REFNAME="CASENAR2_SAE2F1"/>
<ITEMREF REFNAME="CASENAR3_SAE2F1"/>
<ITEMREF REFNAME="CDA1_CDQA"/>
<ITEMREF REFNAME="CDA2_CDQA"/>
<ITEMREF REFNAME="CEVR1_EPCEV_F1"/>
<ITEMREF REFNAME="CEVR3_EPCEV_F1"/>
<ITEMREF REFNAME="CEVR8_EPCEV_F1"/>
<ITEMREF REFNAME="CEVR9_EPCEV_F1"/>
<ITEMREF REFNAME="CEVRES7_CMPD_EPCEV_F1"/>
<ITEMREF REFNAME="CGSR3_EPCGS2F1"/>
<ITEMREF REFNAME="CGSRES1_CMPD_EPCGS2F1"/>
<ITEMREF REFNAME="CGSRES2_CMPD_EPCGS2F1"/>
<ITEMREF REFNAME="CIER10_EPCIE_F1"/>
<ITEMREF REFNAME="CIER1_EPCIE_F1"/>
<ITEMREF REFNAME="CIER3_CMPD_EPCIE_F1"/>
<ITEMREF REFNAME="CMADJ_CMSI1_F2"/>
<ITEMREF REFNAME="CMDOSEU_CMSI1_F2"/>
<ITEMREF REFNAME="CMDOSE_CMSI1_F2"/>
<ITEMREF REFNAME="CMDOSFRQ_CM3001_F1"/>
<ITEMREF REFNAME="CMDOSFRQ_CMSI1_F2"/>
<ITEMREF REFNAME="CMDOSTOTU_CM3001_F1"/>
<ITEMREF REFNAME="CMDOSTOT_CM3001_F1"/>
<ITEMREF REFNAME="CMENREAS_CM1F2"/>
<ITEMREF REFNAME="CMGRPID_CMSI1_F2"/>
<ITEMREF REFNAME="CMGRPID_CMSI2_F2"/>
<ITEMREF REFNAME="CMINDC_CM1F1"/>
<ITEMREF REFNAME="CMINDC_CM1F2"/>
<ITEMREF REFNAME="CMINDC_CMSI1_F2"/>
<ITEMREF REFNAME="CMOCCUR_CM3001_F1"/>
<ITEMREF REFNAME="CMONGO_CM1F1"/>
<ITEMREF REFNAME="CMONGO_CM1F2"/>
<ITEMREF REFNAME="CMONGO_CM3001_F1"/>
<ITEMREF REFNAME="CMONGO_CMSI1_F2"/>
<ITEMREF REFNAME="CMROUTE_CM1F1"/>
<ITEMREF REFNAME="CMROUTE_CM1F2"/>
<ITEMREF REFNAME="CMROUTE_CMSI1_F2"/>
<ITEMREF REFNAME="CMSPID_CM1F1"/>
<ITEMREF REFNAME="CMSPID_CM1F2"/>
<ITEMREF REFNAME="CMSPID_CMSI1_F2"/>
<ITEMREF REFNAME="CMSTDAT_CM1F1"/>
<ITEMREF REFNAME="CMSTDAT_CM1F2"/>
<ITEMREF REFNAME="CMSTDAT_CMSI1_F2"/>
<ITEMREF REFNAME="CMTRT_CM1F1"/>
<ITEMREF REFNAME="CMTRT_CM1F2"/>
<ITEMREF REFNAME="CMTRT_CMSI1_F2"/>
<ITEMREF REFNAME="CMYN_CM1F1"/>
<ITEMREF REFNAME="CMYN_CM1F2"/>
<ITEMREF REFNAME="CMYN_CMSI1_F1"/>
<ITEMREF REFNAME="COSPID_CDQA"/>
<ITEMREF REFNAME="CRVR1_EPCRVF1"/>
<ITEMREF REFNAME="CRVR2_EPCRVF1"/>
<ITEMREF REFNAME="CRVR5_EPCRVF1"/>
<ITEMREF REFNAME="CRVR7_EPCRVF1"/>
<ITEMREF REFNAME="CRVR8_EPCRVF1"/>
<ITEMREF REFNAME="CSSLV101_CSSLV1001_F1"/>
<ITEMREF REFNAME="CSSLV102_CSSLV1001_F1"/>
<ITEMREF REFNAME="CSSLV103_CSSLV1001_F1"/>
<ITEMREF REFNAME="CSSLV104_CSSLV1001_F1"/>
<ITEMREF REFNAME="CSSLV105_CSSLV1001_F1"/>
<ITEMREF REFNAME="CSSLV112_CSSLV1001_F1"/>
<ITEMREF REFNAME="CSSLV114_CSSLV1001_F1"/>
<ITEMREF REFNAME="CSSLV115_CSSLV1001_F1"/>
<ITEMREF REFNAME="CSSLV117_CSSLV1001_F1"/>
<ITEMREF REFNAME="CSSLV119_CSSLV1001_F1"/>
<ITEMREF REFNAME="CSSLV120_CSSLV1001_F1"/>
<ITEMREF REFNAME="CSSLV121_CSSLV1001_F1"/>
<ITEMREF REFNAME="DADAT_DISPAMT_DA1001_F1"/>
<ITEMREF REFNAME="DAPERF_DA1F2"/>
<ITEMREF REFNAME="DAREFID_DISPAMT_DA1001_F1"/>
<ITEMREF REFNAME="DAREFID_RETAMT_DA1001_F1"/>
<ITEMREF REFNAME="DASPID_DA1001_F1"/>
<ITEMREF REFNAME="DASPID_DA1001_F1_S2"/>
<ITEMREF REFNAME="DASPID_DA1F2"/>
<ITEMREF REFNAME="DRGINDIC_SAE2F1"/>
<ITEMREF REFNAME="DSDECOD_DS1F4"/>
<ITEMREF REFNAME="DSDECOD_DS1F5"/>
<ITEMREF REFNAME="DSDECOD_DS1F6"/>
<ITEMREF REFNAME="DSDECOD_DS1F7"/>
<ITEMREF REFNAME="DSDECOD_DS1F8"/>
<ITEMREF REFNAME="DSDECOD_DS1F9"/>
<ITEMREF REFNAME="DSSTDAT_DS1F4"/>
<ITEMREF REFNAME="DSSTDAT_DS1F5"/>
<ITEMREF REFNAME="DSSTDAT_DS1F6"/>
<ITEMREF REFNAME="DSSTDAT_DS1F7"/>
<ITEMREF REFNAME="DSSTDAT_DS1F8"/>
<ITEMREF REFNAME="DSSTDAT_IC_DS2001_F1"/>
<ITEMREF REFNAME="DTHTP_EPDTHF1"/>
<ITEMREF REFNAME="ECENDAT_EC1F1"/>
<ITEMREF REFNAME="ECREASINT_EC1F1"/>
<ITEMREF REFNAME="ECSPID_EC1F1"/>
<ITEMREF REFNAME="ECSTDAT_EC1F1"/>
<ITEMREF REFNAME="EGPERFCIE_EPCIE_F1"/>
<ITEMREF REFNAME="SU_BEER_CMPD_SU1001_F2"/>
<ITEMREF REFNAME="SU_SPIRITS_CMPD_SU1001_F2"/>
<ITEMREF REFNAME="SU_WINE_CMPD_SU1001_F2"/>
<ITEMREF REFNAME="EPAEDAT_EPVTE1001_F1"/>
<ITEMREF REFNAME="EXSTDAT_EX1F4"/>
<ITEMREF REFNAME="EXSTTIM_EX1F4"/>
<ITEMREF REFNAME="FASPID_EPVTE1001_F1"/>
<ITEMREF REFNAME="TRIG_TRIGZOST_F1"/>
<ITEMREF REFNAME="VTERES1_EPVTE1001_F1"/>
<ITEMREF REFNAME="VTERES5_EPVTE1001_F1"/>

</ITEMGROUP>

<ITEMGROUP 
GROUPNAME="Adjudicator_ReadOnly"
GROUPDESCRIPTION="Adjudicator_ReadOnly">
 <!-- Insert ItemRef Names -->
<ITEMREF REFNAME="FASPID_AJARRF1"/>
<ITEMREF REFNAME="FASPID_AJCEV_F1"/>
<ITEMREF REFNAME="FASPID_AJCGS_F1"/>
<ITEMREF REFNAME="FASPID_AJVTE1001_F1"/>
<ITEMREF REFNAME="FASPID_AJCRV_F1"/>
<ITEMREF REFNAME="FASPID_AJHSPHFF1"/>
<ITEMREF REFNAME="FASPID_AJRSSDF1"/>
<ITEMREF REFNAME="FASPID_AJCIE_F1"/>

</ITEMGROUP>

<ITEMGROUP 
GROUPNAME="Data_Manager_ReadOnly"
GROUPDESCRIPTION="Data_Manager_ReadOnly">
 <!-- Insert ItemRef Names -->
<ITEMREF REFNAME="MHLLTCDPRESP_10061664_APM"/>
<ITEMREF REFNAME="MHLLTCDPRESP_MHPRESP1F3"/>
<ITEMREF REFNAME="MHPRESP_MHPRESP1F3"/>
<ITEMREF REFNAME="MHSPID_10001806_APMH"/>
<ITEMREF REFNAME="MHSPID_10019478_APMH"/>
<ITEMREF REFNAME="MHSPID_10061664_APMH"/>
<ITEMREF REFNAME="MHTERM_MAP_MH7001_F1"/>
<ITEMREF REFNAME="PRCAT_HMPR1F1"/>
<ITEMREF REFNAME="PRPRESP_HMPR1F1"/>
<ITEMREF REFNAME="PRSPID_CT_HMPR1F1"/>
<ITEMREF REFNAME="PRSPID_ERC_HMPR1F1"/>
<ITEMREF REFNAME="PRSPID_MRC_HMPR1F1"/>
<ITEMREF REFNAME="PRSPID_MRE_HMPR1F1"/>
<ITEMREF REFNAME="PRSPID_MRI_HMPR1F1"/>
<ITEMREF REFNAME="PRSPID_MRS_HMPR1F1"/>
<ITEMREF REFNAME="PRSPID_US_HMPR1F1"/>
<ITEMREF REFNAME="PRTRT_HMPR_CT_HMPR1F1"/>
<ITEMREF REFNAME="PRTRT_HMPR_ERC_HMPR1F1"/>
<ITEMREF REFNAME="PRTRT_HMPR_MRC_HMPR1F1"/>
<ITEMREF REFNAME="PRTRT_HMPR_MRE_HMPR1F1"/>
<ITEMREF REFNAME="PRTRT_HMPR_MRI_HMPR1F1"/>
<ITEMREF REFNAME="PRTRT_HMPR_MRS_HMPR1F1"/>
<ITEMREF REFNAME="PRTRT_HMPR_US_HMPR1F1"/>
<ITEMREF REFNAME="QSCAT_CSSLV1001_F1"/>
<ITEMREF REFNAME="QSCAT_HRFA1001_F1"/>
<ITEMREF REFNAME="QSCAT_IGAAD_F1"/>
<ITEMREF REFNAME="QSEVINTX_CSSLV1001_F1"/>
<ITEMREF REFNAME="ROUTCOMP_CM1F1"/>
<ITEMREF REFNAME="ROUTCOMP_CM1F2"/>
<ITEMREF REFNAME="ROUTCOMP_CMSI1_F2"/>
<ITEMREF REFNAME="SFUQEVAL_SFUQ3F1"/>
<ITEMREF REFNAME="SFUQEVAL_SFUQ3F2"/>
<ITEMREF REFNAME="SUCAT_ALCOHOL_SU1001_F2"/>
<ITEMREF REFNAME="SUCAT_ALCOHOL_SU1F3"/>
<ITEMREF REFNAME="SUCAT_REC_DRUG_SU5001_F1"/>
<ITEMREF REFNAME="SUCAT_REC_DRUG_SU5F2"/>
<ITEMREF REFNAME="SUPRESP_SU1001_F2"/>
<ITEMREF REFNAME="SUPRESP_SU1F3"/>
<ITEMREF REFNAME="SUPRESP_SU5001_F1"/>
<ITEMREF REFNAME="SUPRESP_SU5001_F2"/>
<ITEMREF REFNAME="TRTTERMCD_CM1F1"/>
<ITEMREF REFNAME="TRTTERMCD_CM1F2"/>
<ITEMREF REFNAME="TRTTERMCD_CM3001_F1"/>
<ITEMREF REFNAME="TRTTERMCD_CMSI1_F2"/>
<ITEMREF REFNAME="XPCAT_BR1001_F1"/>
<ITEMREF REFNAME="XPCAT_HMPR1F1"/>
<ITEMREF REFNAME="XPMETHOD_HMPR_CT_HMPR1F1"/>
<ITEMREF REFNAME="XPMETHOD_HMPR_ERC_HMPR1F1"/>
<ITEMREF REFNAME="XPMETHOD_HMPR_MRC_HMPR1F1"/>
<ITEMREF REFNAME="XPMETHOD_HMPR_MRE_HMPR1F1"/>
<ITEMREF REFNAME="XPMETHOD_HMPR_MRI_HMPR1F1"/>
<ITEMREF REFNAME="XPMETHOD_HMPR_MRS_HMPR1F1"/>
<ITEMREF REFNAME="XPMETHOD_HMPR_US_HMPR1F1"/>
<ITEMREF REFNAME="XPSPID_CT_HMPR1F1"/>
<ITEMREF REFNAME="XPSPID_ERC_HMPR1F1"/>
<ITEMREF REFNAME="XPSPID_MRC_HMPR1F1"/>
<ITEMREF REFNAME="XPSPID_MRE_HMPR1F1"/>
<ITEMREF REFNAME="XPSPID_MRI_HMPR1F1"/>
<ITEMREF REFNAME="XPSPID_MRS_HMPR1F1"/>
<ITEMREF REFNAME="XPSPID_US_HMPR1F1"/>
<ITEMREF REFNAME="EPPEEVAL_EPVTE1001_F1"/>
<ITEMREF REFNAME="EXCAT_EX1F4"/>
<ITEMREF REFNAME="EXTRT_EX1F4"/>
<ITEMREF REFNAME="FACAT_EPVTE1001_F1"/>
<ITEMREF REFNAME="HMPRES5U_MRI_HMPR1F1"/>
<ITEMREF REFNAME="HMPRES5U_MRS_HMPR1F1"/>
<ITEMREF REFNAME="HMPRES5U_US_HMPR1F1"/>
<ITEMREF REFNAME="HRFAEVAL_HRFA1001_F1"/>
<ITEMREF REFNAME="IGAADEVAL_IGAAD_F1"/>
<ITEMREF REFNAME="INDCOMP_CM1F1"/>
<ITEMREF REFNAME="INDCOMP_CM1F2"/>
<ITEMREF REFNAME="INDCOMP_CMSI1_F2"/>
<ITEMREF REFNAME="INFCEVAL_INFC2PR1_F1"/>
<ITEMREF REFNAME="LBCAT_LB9F6"/>
<ITEMREF REFNAME="LBCAT_LB9F7"/>
<ITEMREF REFNAME="LBCAT_LB9F8"/>
<ITEMREF REFNAME="LBCAT_LB9F9"/>
<ITEMREF REFNAME="LBNAMCD_LB9F6"/>
<ITEMREF REFNAME="LBNAMCD_LB9F7"/>
<ITEMREF REFNAME="LBNAMCD_LB9F8"/>
<ITEMREF REFNAME="LBNAMCD_LB9F9"/>
<ITEMREF REFNAME="LBNAM_LB9F6"/>
<ITEMREF REFNAME="LBNAM_LB9F7"/>
<ITEMREF REFNAME="LBNAM_LB9F8"/>
<ITEMREF REFNAME="LBNAM_LB9F9"/>
<ITEMREF REFNAME="LBTEST_GLS_A01_LB9F7"/>
<ITEMREF REFNAME="LBTEST_GLS_A02_LB9F7"/>
<ITEMREF REFNAME="LBTEST_GLS_A03_LB9F7"/>
<ITEMREF REFNAME="LBTEST_GLS_A10_LB9F7"/>
<ITEMREF REFNAME="LBTEST_GLS_A14_LB9F7"/>
<ITEMREF REFNAME="LBTEST_GLS_A15_LB9F7"/>
<ITEMREF REFNAME="LBTEST_GLS_A16_LB9F7"/>
<ITEMREF REFNAME="LBTEST_GLS_A17_LB9F7"/>
<ITEMREF REFNAME="LBTEST_GLS_A20_LB9F7"/>
<ITEMREF REFNAME="LBTEST_GLS_A27_LB9F7"/>
<ITEMREF REFNAME="LBTEST_GLS_A40_LB9F9"/>
<ITEMREF REFNAME="LBTEST_GLS_A45_LB9F8"/>
<ITEMREF REFNAME="LBTEST_GLS_B40_LB9F9"/>
<ITEMREF REFNAME="LBTEST_GLS_E01_LB9F8"/>
<ITEMREF REFNAME="LBTEST_GLS_E03_LB9F8"/>
<ITEMREF REFNAME="LBTEST_GLS_E12_LB9F8"/>
<ITEMREF REFNAME="LBTEST_GLS_E13_LB9F8"/>
<ITEMREF REFNAME="LBTEST_GLS_E17_LB9F8"/>
<ITEMREF REFNAME="LBTEST_GLS_E82_LB9F8"/>
<ITEMREF REFNAME="LBTEST_GLS_E83_LB9F8"/>
<ITEMREF REFNAME="LBTEST_GLS_G01_LB9F8"/>
<ITEMREF REFNAME="LBTEST_GLS_G03_LB9F8"/>
<ITEMREF REFNAME="LBTEST_GLS_J03_LB9F6"/>
<ITEMREF REFNAME="LBTEST_GLS_J16_LB9F6"/>
<ITEMREF REFNAME="LBTEST_GLS_J26_LB9F6"/>
<ITEMREF REFNAME="LBTEST_GLS_J28_LB9F6"/>
<ITEMREF REFNAME="LBTEST_GLS_J69_LB9F6"/>
<ITEMREF REFNAME="LBTEST_GLS_J74_LB9F6"/>
<ITEMREF REFNAME="LBTEST_GLS_J76_LB9F6"/>
<ITEMREF REFNAME="LBTEST_GLS_J78_LB9F6"/>
<ITEMREF REFNAME="LBTEST_GLS_JB5_LB9F6"/>
<ITEMREF REFNAME="LBTEST_GLS_JD4_LB9F6"/>
<ITEMREF REFNAME="LBTEST_GLS_JM2_LB9F6"/>
<ITEMREF REFNAME="LBTEST_GLS_KB8_LB9F6"/>
<ITEMREF REFNAME="LBTEST_GLS_RA0_LB9F6"/>
<ITEMREF REFNAME="LRSSEVAL_LRSS1001_F1"/>
<ITEMREF REFNAME="LRSSOBJ_LRSS1001_F1"/>
<ITEMREF REFNAME="MHCAT_4_APMH1F1"/>
<ITEMREF REFNAME="MHCAT_4_MHPRESP1F3"/>
<ITEMREF REFNAME="MHCAT_MH7001_F1"/>
<ITEMREF REFNAME="MHDECOD_MH7001_F1"/>
<ITEMREF REFNAME="MHLLTCDPRESP_10001806_APM"/>
<ITEMREF REFNAME="MHLLTCDPRESP_10019478_APM"/>
<ITEMREF REFNAME="DSCAT_1_DS1F6"/>
<ITEMREF REFNAME="DSCAT_1_DS1F7"/>
<ITEMREF REFNAME="DSCAT_1_DS1F8"/>
<ITEMREF REFNAME="DSCAT_1_DS1F9"/>
<ITEMREF REFNAME="DSCAT_2_DS2001_F1"/>
<ITEMREF REFNAME="DSEVAL_IC_DS2001_F1"/>
<ITEMREF REFNAME="DSSCAT_DS1F4"/>
<ITEMREF REFNAME="DSSCAT_DS1F5"/>
<ITEMREF REFNAME="DSSCAT_DS1F6"/>
<ITEMREF REFNAME="DSSCAT_DS1F7"/>
<ITEMREF REFNAME="DSSCAT_DS1F8"/>
<ITEMREF REFNAME="DSSCAT_DS1F9"/>
<ITEMREF REFNAME="DSSCAT_IC_DS2001_F1"/>
<ITEMREF REFNAME="DSSTDAT_DS1F9"/>
<ITEMREF REFNAME="ECCAT_EC1F1"/>
<ITEMREF REFNAME="ECDOSEU_EC1F1"/>
<ITEMREF REFNAME="ECDOSE_EC1F1"/>
<ITEMREF REFNAME="ECTRT_EC1F1"/>
<ITEMREF REFNAME="EPARREVAL_EPARR2F1"/>
<ITEMREF REFNAME="EPCEVEVAL_EPCEV_F1"/>
<ITEMREF REFNAME="EPDTHEVAL_EPDTHF1"/>
<ITEMREF REFNAME="EPCGSEVAL_EPCGS2F1"/>
<ITEMREF REFNAME="EPCIEEVAL_EPCIE_F1"/>
<ITEMREF REFNAME="EPCRVEVAL_EPCRVF1"/>
<ITEMREF REFNAME="EPHSPHFEVAL_EPHSPHF_F1"/>
<ITEMREF REFNAME="EPRSSDEVAL_EPRSSD2F1"/>
<ITEMREF REFNAME="EXCAT_EX1F5"/>
<ITEMREF REFNAME="EXTRT_EX1F5"/>
<ITEMREF REFNAME="MHLLTCD_MH7001_F1"/>
<ITEMREF REFNAME="MHLLT_MH7001_F1"/>
<ITEMREF REFNAME="FACAT_AJARRF1"/>
<ITEMREF REFNAME="FACAT_AJCEV_F1"/>
<ITEMREF REFNAME="FACAT_AJCGS_F1"/>
<ITEMREF REFNAME="FACAT_AJCIE_F1"/>
<ITEMREF REFNAME="FACAT_AJCRV_F1"/>
<ITEMREF REFNAME="FACAT_AJDTHF1"/>
<ITEMREF REFNAME="FACAT_AJHSPHFF1"/>
<ITEMREF REFNAME="FACAT_AJRSSDF1"/>
<ITEMREF REFNAME="FACAT_AJVTE1001_F1"/>
<ITEMREF REFNAME="FACAT_EPARR2F1"/>
<ITEMREF REFNAME="FACAT_EPCEV_F1"/>
<ITEMREF REFNAME="FACAT_EPCGS2F1"/>
<ITEMREF REFNAME="FACAT_EPCIE_F1"/>
<ITEMREF REFNAME="FACAT_EPCRVF1"/>
<ITEMREF REFNAME="FACAT_EPDTHF1"/>
<ITEMREF REFNAME="FACAT_EPHSPHF_F1"/>
<ITEMREF REFNAME="FACAT_EPRSSD2F1"/>
<ITEMREF REFNAME="FACAT_HZF1001_F1"/>
<ITEMREF REFNAME="FACAT_INFC2PR1_F1"/>
<ITEMREF REFNAME="FACAT_LRSS1001_F1"/>
<ITEMREF REFNAME="FACAT_NAEFU2001_F1"/>
<ITEMREF REFNAME="FACAT_SFUQ3F1"/>
<ITEMREF REFNAME="FALNKID_HZF1001_F1"/>
<ITEMREF REFNAME="FASPID_LRSS1001_F1"/>
<ITEMREF REFNAME="HMPRES2U_MRE_HMPR1F1"/>
<ITEMREF REFNAME="HMPRES4U_MRS_HMPR1F1"/>
<ITEMREF REFNAME="HMPRES5U_CT_HMPR1F1"/>
<ITEMREF REFNAME="HMPRES4U_CT_HMPR1F1"/>
<ITEMREF REFNAME="HMPRES4U_ERC_HMPR1F1"/>
<ITEMREF REFNAME="HMPRES4U_MRC_HMPR1F1"/>
<ITEMREF REFNAME="HMPRES4U_MRI_HMPR1F1"/>
<ITEMREF REFNAME="HMPRES4U_US_HMPR1F1"/>
<ITEMREF REFNAME="HMPRES5U_ERC_HMPR1F1"/>
<ITEMREF REFNAME="HMPRES5U_MRC_HMPR1F1"/>
<ITEMREF REFNAME="AECAT_AE3001_F1"/>
<ITEMREF REFNAME="AEDECOD_AE3001_F1"/>
<ITEMREF REFNAME="AELLTCD_AE3001_F1"/>
<ITEMREF REFNAME="AELLT_AE3001_F1"/>
<ITEMREF REFNAME="AETERM_MAP_AE3001_F1"/>
<ITEMREF REFNAME="AJARREVAL_AJARRF1"/>
<ITEMREF REFNAME="AJCEVEVAL_AJCEV_F1"/>
<ITEMREF REFNAME="AJCGSEVAL_AJCGS_F1"/>
<ITEMREF REFNAME="AJCIEEVAL_AJCIE_F1"/>
<ITEMREF REFNAME="AJCRVEVAL_AJCRV_F1"/>
<ITEMREF REFNAME="AJDTHEVAL_AJDTHF1"/>
<ITEMREF REFNAME="AJHSPHFEVAL_AJHSPHFF1"/>
<ITEMREF REFNAME="AJPEEVAL_AJVTE1001_F1"/>
<ITEMREF REFNAME="AJRSSDEVAL_AJRSSDF1"/>
<ITEMREF REFNAME="APID1_10001806_APMH"/>
<ITEMREF REFNAME="APID1_10019478_APMH"/>
<ITEMREF REFNAME="APID1_10061664_APMH"/>
<ITEMREF REFNAME="APMHPRESP_10001806_APMH"/>
<ITEMREF REFNAME="APMHPRESP_10019478_APMH"/>
<ITEMREF REFNAME="APMHPRESP_10061664_APMH"/>
<ITEMREF REFNAME="CMCAT_CM3001_F1"/>
<ITEMREF REFNAME="CMCAT_CMSI1_F1"/>
<ITEMREF REFNAME="CMCLAS_CM3001_F1"/>
<ITEMREF REFNAME="CMCLAS_CMSI1_F2"/>
<ITEMREF REFNAME="AECAT_AE3001_F2"/>
<ITEMREF REFNAME="CMCAT_CM1F1"/>
<ITEMREF REFNAME="CMCAT_CM1F2"/>
<ITEMREF REFNAME="CMCAT_CMSI1_F2"/>
<ITEMREF REFNAME="CMCLAS_CM1F1"/>
<ITEMREF REFNAME="CMCLAS_CM1F2"/>
<ITEMREF REFNAME="CMCLASCD_CM1F1"/>
<ITEMREF REFNAME="CMCLASCD_CM1F2"/>
<ITEMREF REFNAME="CMCLASCD_CM3001_F1"/>
<ITEMREF REFNAME="CMCLASCD_CMSI1_F2"/>
<ITEMREF REFNAME="CMDECOD_CM1F1"/>
<ITEMREF REFNAME="CMDECOD_CM1F2"/>
<ITEMREF REFNAME="CMDECOD_CM3001_F1"/>
<ITEMREF REFNAME="CMDECOD_CMSI1_F2"/>
<ITEMREF REFNAME="CMPRESP_CM3001_F1"/>
<ITEMREF REFNAME="CMSCAT_CM1F1"/>
<ITEMREF REFNAME="CMSCAT_CM1F2"/>
<ITEMREF REFNAME="CMSPID_CM3001_F1"/>
<ITEMREF REFNAME="CMTRADNM_CM1F1"/>
<ITEMREF REFNAME="CMTRADNM_CM1F2"/>
<ITEMREF REFNAME="CMTRADNM_CM3001_F1"/>
<ITEMREF REFNAME="CMTRADNM_CMSI1_F2"/>
<ITEMREF REFNAME="CMTRT_CM3001_F1"/>
<ITEMREF REFNAME="CMTRT_MAP_CM1F1"/>
<ITEMREF REFNAME="CMTRT_MAP_CM1F2"/>
<ITEMREF REFNAME="CMTRT_MAP_CMSI1_F2"/>
<ITEMREF REFNAME="CSSEVAL_CSSLV1001_F1"/>
<ITEMREF REFNAME="DACAT_DA1001_F1"/>
<ITEMREF REFNAME="DACAT_DA1001_F1_S2"/>
<ITEMREF REFNAME="DACAT_DA1F2"/>
<ITEMREF REFNAME="DICT_DICTVER_AE3001_F1"/>
<ITEMREF REFNAME="DICT_DICTVER_APMH"/>
<ITEMREF REFNAME="DICT_DICTVER_CM1F1"/>
<ITEMREF REFNAME="DICT_DICTVER_CM1F2"/>
<ITEMREF REFNAME="DICT_DICTVER_CM3001_F1"/>
<ITEMREF REFNAME="DICT_DICTVER_CMSI1_F2"/>
<ITEMREF REFNAME="DICT_DICTVER_MH7001_F1"/>
<ITEMREF REFNAME="DICT_DICTVER_MHPRESP1F3"/>
<ITEMREF REFNAME="DSCAT_1_DS1F4"/>
<ITEMREF REFNAME="DSCAT_1_DS1F5"/>

</ITEMGROUP>

<ITEMGROUP 
GROUPNAME="GPS_eSAE_Hidden"
GROUPDESCRIPTION="GPS_eSAE_Hidden">
 <!-- Insert ItemRef Names -->
<ITEMREF REFNAME="SAEFUASMDAT_SAE2F1"/>
<ITEMREF REFNAME="SAEAWADAT_SAE2F1"/>
<ITEMREF REFNAME="SAEASMDAT_SAE2F1"/>
<ITEMREF REFNAME="SAEFUAWADAT_SAE2F1"/>

</ITEMGROUP>

<ITEMGROUP 
GROUPNAME="nonData_Manager_Hidden"
GROUPDESCRIPTION="nonData_Manager_Hidden">
 <!-- Insert ItemRef Names -->
<ITEMREF REFNAME="WFRULETRIG"/>
<ITEMREF REFNAME="NAEFUTRIG"/>
<ITEMREF REFNAME="CALRULETRIG"/>
<ITEMREF REFNAME="CDQATRIG"/>

</ITEMGROUP>

<ITEMGROUP 
GROUPNAME="nonData_Manager_ReadOnly"
GROUPDESCRIPTION="nonData_Manager_ReadOnly">
 <!-- Insert ItemRef Names -->
<ITEMREF REFNAME="CDQ_CDQA"/>
<ITEMREF REFNAME="AEGRPID_RELREC_NAEFU2_F1"/>
<ITEMREF REFNAME="VISDATMD_SV1F1"/>

</ITEMGROUP>

</MEDMLDATA>