<?xml version="1.0"?>
<MEDMLDATA xmlns="PhaseForward-MedML-Inform4">


<REPORTINGGROUP
GROUPNAME="Ad Hoc Users"
GROUPDESCRIPTION="Users who have access to Ad Hoc Reporting">
<!-- Insert Users -->
<USERREF USERNAME="C259112"/>
<USERREF USERNAME="C184994"/>
<USERREF USERNAME="i4vmcjaix_RE"/>
<USERREF USERNAME="I4V-MC-JAIW_RE"/>
<USERREF USERNAME="c229591"/>
</REPORTINGGROUP>

<QUERYGROUP
GROUPNAME="CDM_CRA Query"
GROUPDESCRIPTION="CDM_CRA Query">
<!-- Insert Users -->
<USERREF USERNAME="autoquery"/>
<USERREF USERNAME="Z1X0698"/>
<USERREF USERNAME="c219354"/>
<USERREF USERNAME="C198899"/>
<USERREF USERNAME="Z1X2072"/>
<USERREF USERNAME="C232280"/>
<USERREF USERNAME="C250000"/>
<USERREF USERNAME="C218387"/>
<USERREF USERNAME="Z1X1819"/>
<USERREF USERNAME="C259112"/>
<USERREF USERNAME="C184994"/>
<USERREF USERNAME="c229591"/>
<USERREF USERNAME="C184367"/>
<USERREF USERNAME="C240029"/>
<USERREF USERNAME="C232284"/>
<USERREF USERNAME="C242122"/>
<USERREF USERNAME="c244597"/>
<USERREF USERNAME="Z3X1553"/>
<USERREF USERNAME="Z2X6670"/>
<USERREF USERNAME="Z1X1807"/>
<USERREF USERNAME="C252435"/>
<USERREF USERNAME="C225835"/>
<USERREF USERNAME="C179686"/>
<USERREF USERNAME="Z1X0687"/>
<USERREF USERNAME="C239422"/>
<USERREF USERNAME="C243001"/>
<USERREF USERNAME="C229512"/>
<USERREF USERNAME="C200015"/>
<USERREF USERNAME="C222557"/>
<USERREF USERNAME="Z2X7246"/>
<USERREF USERNAME="C229508"/>
<USERREF USERNAME="Z2X7245"/>
<USERREF USERNAME="c235318"/>
<USERREF USERNAME="Z2X9961"/>
<USERREF USERNAME="C243003"/>
<USERREF USERNAME="Z1X1861"/>
<USERREF USERNAME="C177640"/>
<USERREF USERNAME="Z1X0689"/>
<USERREF USERNAME="C251504"/>
<USERREF USERNAME="C214647"/>
</QUERYGROUP>

<QUERYGROUP
GROUPNAME="GPS_Query"
GROUPDESCRIPTION="GPS_Query">
<!-- Insert Users -->
<USERREF USERNAME="c131994"/>
<USERREF USERNAME="ye91098"/>
<USERREF USERNAME="yex7972"/>
<USERREF USERNAME="c223292"/>
<USERREF USERNAME="v6x8356"/>
<USERREF USERNAME="c025980"/>
<USERREF USERNAME="yex7614"/>
<USERREF USERNAME="c137396"/>
<USERREF USERNAME="c244333"/>
<USERREF USERNAME="C257193"/>
<USERREF USERNAME="c225389"/>
<USERREF USERNAME="C249885"/>
<USERREF USERNAME="c068505"/>
<USERREF USERNAME="c257199"/>
<USERREF USERNAME="c085302"/>
<USERREF USERNAME="yex7920"/>
<USERREF USERNAME="c194055"/>
<USERREF USERNAME="c243031"/>
<USERREF USERNAME="yex7231"/>
<USERREF USERNAME="c227370"/>
<USERREF USERNAME="c243048"/>
<USERREF USERNAME="c039863"/>
<USERREF USERNAME="C243050"/>
<USERREF USERNAME="c219898"/>
<USERREF USERNAME="c075541"/>
<USERREF USERNAME="c074429"/>
<USERREF USERNAME="c143125"/>
<USERREF USERNAME="a015765"/>
<USERREF USERNAME="c249923"/>
<USERREF USERNAME="c148827"/>
<USERREF USERNAME="c039853"/>
<USERREF USERNAME="c135748"/>
<USERREF USERNAME="c228246"/>
<USERREF USERNAME="c074342"/>
<USERREF USERNAME="c189327"/>
<USERREF USERNAME="c076423"/>
<USERREF USERNAME="c202987"/>
<USERREF USERNAME="u6x6712"/>
<USERREF USERNAME="v6x8058"/>
<USERREF USERNAME="c206591"/>
<USERREF USERNAME="c257195"/>
<USERREF USERNAME="c074090"/>
<USERREF USERNAME="c100415"/>
<USERREF USERNAME="c068502"/>
<USERREF USERNAME="c058698"/>
<USERREF USERNAME="c069132"/>
<USERREF USERNAME="c243054"/>
<USERREF USERNAME="c083101"/>
<USERREF USERNAME="c228247"/>
<USERREF USERNAME="yex7750"/>
<USERREF USERNAME="c149066"/>
<USERREF USERNAME="rm87794"/>
<USERREF USERNAME="yex8021"/>
<USERREF USERNAME="c247616"/>
<USERREF USERNAME="ye73456"/>
<USERREF USERNAME="c206388"/>
<USERREF USERNAME="c243032"/>
<USERREF USERNAME="c243049"/>
<USERREF USERNAME="c228248"/>
<USERREF USERNAME="c149470"/>
<USERREF USERNAME="a608760"/>
<USERREF USERNAME="c244714"/>
<USERREF USERNAME="c199642"/>
<USERREF USERNAME="rm89018"/>
<USERREF USERNAME="c243030"/>
<USERREF USERNAME="c071673"/>
<USERREF USERNAME="c252078"/>
<USERREF USERNAME="c149177"/>
<USERREF USERNAME="rm37825"/>
<USERREF USERNAME="C228250"/>
<USERREF USERNAME="c257194"/>
<USERREF USERNAME="a701824"/>
<USERREF USERNAME="u7X4333"/>
<USERREF USERNAME="c203058"/>
<USERREF USERNAME="c228249"/>
<USERREF USERNAME="c090108"/>
<USERREF USERNAME="c196248"/>
<USERREF USERNAME="c021984"/>
<USERREF USERNAME="c196683"/>
<USERREF USERNAME="rm35504"/>
</QUERYGROUP>

<SIGNATUREGROUP
GROUPNAME="PI Signature"
GROUPDESCRIPTION="PI Signature"
CRBMEANING="Approved"

CRBTEXT="By my dated signature below, I  %s  %s, verify that all case report form pages accurately display the results of the examinations, tests, evaluations and treatments performed on this patient.&lt;BR&gt;&lt;BR&gt;Pursuant to Section 11.100 of Title 21 of the Code of Federal Regulations, this is to certify that I intend that this electronic signature is to be the legally binding equivalent of my handwritten signature. &lt;BR&gt;&lt;BR&gt;To this I do attest by supplying my user name and password and clicking the button marked &lt;B&gt;Submit&lt;/B&gt; below"
 LANGUAGE="en-US">
<!-- Insert Users -->
<USERREF USERNAME="vdimitropoulos"/>
<USERREF USERNAME="dforsha"/>
<USERREF USERNAME="jschlessinger"/>
<USERREF USERNAME="ghan"/>
<USERREF USERNAME="jsilverberg"/>
<USERREF USERNAME="sfretzin"/>
<USERREF USERNAME="lstrowd"/>
<USERREF USERNAME="lwinelee"/>
<USERREF USERNAME="tschlesinger"/>
<USERREF USERNAME="mzirwas"/>
<USERREF USERNAME="sgottlieb"/>
<USERREF USERNAME="apace"/>
<USERREF USERNAME="rharris"/>
<USERREF USERNAME="ssmith"/>
<USERREF USERNAME="dmarnell"/>
<USERREF USERNAME="tnguyen"/>
<USERREF USERNAME="vlaquer"/>
<USERREF USERNAME="sforman"/>
<USERREF USERNAME="dcohen"/>
<USERREF USERNAME="pkwong"/>
<USERREF USERNAME="blockshin"/>
<USERREF USERNAME="acruz"/>
<USERREF USERNAME="pvendrell"/>
<USERREF USERNAME="ssanchezrivera"/>
<USERREF USERNAME="emaverakis"/>
<USERREF USERNAME="jgonzalezchavez"/>
<USERREF USERNAME="hharris"/>
<USERREF USERNAME="cleonardi"/>
<USERREF USERNAME="sguenthner"/>
<USERREF USERNAME="nwasel"/>
<USERREF USERNAME="lalbrecht"/>
<USERREF USERNAME="dtoth"/>
<USERREF USERNAME="mbukhalo"/>
<USERREF USERNAME="chowington"/>
<USERREF USERNAME="nkorman"/>
<USERREF USERNAME="kcallisduffin"/>
<USERREF USERNAME="erafal"/>
<USERREF USERNAME="sdhawan"/>
<USERREF USERNAME="agottlieb"/>
<USERREF USERNAME="drosmarin"/>
<USERREF USERNAME="sjohnson"/>
<USERREF USERNAME="cteller"/>
<USERREF USERNAME="cowen"/>
<USERREF USERNAME="mgooderham"/>
<USERREF USERNAME="malam"/>
<USERREF USERNAME="ypoulin"/>
<USERREF USERNAME="rsnyder"/>
<USERREF USERNAME="dpariser"/>
<USERREF USERNAME="jktravers"/>
<USERREF USERNAME="msotomayor"/>
<USERREF USERNAME="prich"/>
<USERREF USERNAME="clynde"/>
<USERREF USERNAME="ametelitsa"/>
<USERREF USERNAME="kbarber"/>
<USERREF USERNAME="kpapp"/>
<USERREF USERNAME="mraman"/>
<USERREF USERNAME="chong"/>
<USERREF USERNAME="pyamauchi"/>
<USERREF USERNAME="jsoung"/>
<USERREF USERNAME="sali"/>
<USERREF USERNAME="bstrober"/>
<USERREF USERNAME="fhamzavi"/>
<USERREF USERNAME="jmerola"/>
<USERREF USERNAME="aarmstrong"/>
</SIGNATUREGROUP>

<REPORTINGGROUP
GROUPNAME="Publishers"
GROUPDESCRIPTION="Users who can create folders and other content within the Public Folder space">
<!-- Insert Users -->
<USERREF USERNAME="C259112"/>
<USERREF USERNAME="C184994"/>
<USERREF USERNAME="i4vmcjaix_RE"/>
<USERREF USERNAME="I4V-MC-JAIW_RE"/>
<USERREF USERNAME="c229591"/>
</REPORTINGGROUP>

<REPORTINGGROUP
GROUPNAME="Report Administrators"
GROUPDESCRIPTION="Users who can administer authorized public content such as setting permissions on folders and reports">
<!-- Insert Users -->
<USERREF USERNAME="C259112"/>
<USERREF USERNAME="c229591"/>
<USERREF USERNAME="C184994"/>
</REPORTINGGROUP>

<REPORTINGGROUP
GROUPNAME="Site Users"
GROUPDESCRIPTION="Site Users">
<!-- Insert Users -->
<USERREF USERNAME="vdimitropoulos"/>
<USERREF USERNAME="czverev"/>
<USERREF USERNAME="korrell"/>
<USERREF USERNAME="kjones"/>
<USERREF USERNAME="dforsha"/>
<USERREF USERNAME="jschlessinger"/>
<USERREF USERNAME="prauner"/>
<USERREF USERNAME="chill"/>
<USERREF USERNAME="ghan"/>
<USERREF USERNAME="jsilverberg"/>
<USERREF USERNAME="sfretzin"/>
<USERREF USERNAME="sragan"/>
<USERREF USERNAME="jstinson"/>
<USERREF USERNAME="abell"/>
<USERREF USERNAME="kkoziol"/>
<USERREF USERNAME="sschriever"/>
<USERREF USERNAME="vwong"/>
<USERREF USERNAME="kmapes"/>
<USERREF USERNAME="jlee"/>
<USERREF USERNAME="eekhlassi"/>
<USERREF USERNAME="tsou"/>
<USERREF USERNAME="aevans"/>
<USERREF USERNAME="chennessy"/>
<USERREF USERNAME="ncobian"/>
<USERREF USERNAME="dshah"/>
<USERREF USERNAME="lstrowd"/>
<USERREF USERNAME="lwinelee"/>
<USERREF USERNAME="tschlesinger"/>
<USERREF USERNAME="mzirwas"/>
<USERREF USERNAME="sgottlieb"/>
<USERREF USERNAME="apace"/>
<USERREF USERNAME="rharris"/>
<USERREF USERNAME="ssmith"/>
<USERREF USERNAME="aowens"/>
<USERREF USERNAME="dmarnell"/>
<USERREF USERNAME="tnguyen"/>
<USERREF USERNAME="vlaquer"/>
<USERREF USERNAME="sforman"/>
<USERREF USERNAME="mpfeiffer"/>
<USERREF USERNAME="dcohen"/>
<USERREF USERNAME="gcartaya"/>
<USERREF USERNAME="ahaas"/>
<USERREF USERNAME="pkwong"/>
<USERREF USERNAME="jwatson"/>
<USERREF USERNAME="blockshin"/>
<USERREF USERNAME="wevans"/>
<USERREF USERNAME="aalcaraz"/>
<USERREF USERNAME="gvelasco"/>
<USERREF USERNAME="gmallory"/>
<USERREF USERNAME="lcampbell"/>
<USERREF USERNAME="acruz"/>
<USERREF USERNAME="pvendrell"/>
<USERREF USERNAME="ssanchezrivera"/>
<USERREF USERNAME="emaverakis"/>
<USERREF USERNAME="jgonzalezchavez"/>
<USERREF USERNAME="hharris"/>
<USERREF USERNAME="cleonardi"/>
<USERREF USERNAME="sguenthner"/>
<USERREF USERNAME="bwoods"/>
<USERREF USERNAME="mfisher"/>
<USERREF USERNAME="cmorrison"/>
<USERREF USERNAME="dbernard"/>
<USERREF USERNAME="svalliant"/>
<USERREF USERNAME="spatel"/>
<USERREF USERNAME="aseevaratnam"/>
<USERREF USERNAME="mnuhn"/>
<USERREF USERNAME="jarcher"/>
<USERREF USERNAME="mprovost"/>
<USERREF USERNAME="ckubiak"/>
<USERREF USERNAME="euy"/>
<USERREF USERNAME="nwasel"/>
<USERREF USERNAME="lalbrecht"/>
<USERREF USERNAME="dtoth"/>
<USERREF USERNAME="mlaubach"/>
<USERREF USERNAME="ecates"/>
<USERREF USERNAME="mbukhalo"/>
<USERREF USERNAME="ucholewa"/>
<USERREF USERNAME="chowington"/>
<USERREF USERNAME="iwhite"/>
<USERREF USERNAME="nkorman"/>
<USERREF USERNAME="gbosley"/>
<USERREF USERNAME="kcallisduffin"/>
<USERREF USERNAME="erafal"/>
<USERREF USERNAME="sdhawan"/>
<USERREF USERNAME="agottlieb"/>
<USERREF USERNAME="drosmarin"/>
<USERREF USERNAME="sjohnson"/>
<USERREF USERNAME="cteller"/>
<USERREF USERNAME="cowen"/>
<USERREF USERNAME="broth"/>
<USERREF USERNAME="dwahinekapu"/>
<USERREF USERNAME="cjacobsen"/>
<USERREF USERNAME="clois"/>
<USERREF USERNAME="crivasanchez"/>
<USERREF USERNAME="lmorrison"/>
<USERREF USERNAME="mgooderham"/>
<USERREF USERNAME="malam"/>
<USERREF USERNAME="ypoulin"/>
<USERREF USERNAME="rsnyder"/>
<USERREF USERNAME="lthomas"/>
<USERREF USERNAME="dpariser"/>
<USERREF USERNAME="bmarushia"/>
<USERREF USERNAME="tblondo"/>
<USERREF USERNAME="cdegitz"/>
<USERREF USERNAME="jktravers"/>
<USERREF USERNAME="mcholewa"/>
<USERREF USERNAME="msotomayor"/>
<USERREF USERNAME="mrengifopardo"/>
<USERREF USERNAME="sshuman"/>
<USERREF USERNAME="dustinova"/>
<USERREF USERNAME="cbona"/>
<USERREF USERNAME="prich"/>
<USERREF USERNAME="cmarrazzo"/>
<USERREF USERNAME="hsaqr"/>
<USERREF USERNAME="clynde"/>
<USERREF USERNAME="ametelitsa"/>
<USERREF USERNAME="kbarber"/>
<USERREF USERNAME="kpapp"/>
<USERREF USERNAME="mraman"/>
<USERREF USERNAME="chong"/>
<USERREF USERNAME="vestrellas"/>
<USERREF USERNAME="mnorbert"/>
<USERREF USERNAME="jbriggs"/>
<USERREF USERNAME="jhensz"/>
<USERREF USERNAME="jencina"/>
<USERREF USERNAME="hjordon"/>
<USERREF USERNAME="gbarker"/>
<USERREF USERNAME="apowell"/>
<USERREF USERNAME="lwozniak"/>
<USERREF USERNAME="sclark"/>
<USERREF USERNAME="gjacobson"/>
<USERREF USERNAME="psanchezemery"/>
<USERREF USERNAME="kwhitaker"/>
<USERREF USERNAME="njensen"/>
<USERREF USERNAME="pyamauchi"/>
<USERREF USERNAME="jsoung"/>
<USERREF USERNAME="sali"/>
<USERREF USERNAME="bstrober"/>
<USERREF USERNAME="fhamzavi"/>
<USERREF USERNAME="acampbell"/>
<USERREF USERNAME="mduque"/>
<USERREF USERNAME="mirizarry"/>
<USERREF USERNAME="wdiaz"/>
<USERREF USERNAME="hsultani"/>
<USERREF USERNAME="lmirandamartinez"/>
<USERREF USERNAME="mcencelewski"/>
<USERREF USERNAME="jmerola"/>
<USERREF USERNAME="aarmstrong"/>
</REPORTINGGROUP>

<REPORTINGGROUP
GROUPNAME="Sponsor Users"
GROUPDESCRIPTION="Sponsor Users">
<!-- Insert Users -->
<USERREF USERNAME="C251504"/>
<USERREF USERNAME="c219354"/>
<USERREF USERNAME="ye73456"/>
<USERREF USERNAME="C179686"/>
<USERREF USERNAME="I4V-MC-JAIW_RE"/>
<USERREF USERNAME="C015740"/>
<USERREF USERNAME="C078356"/>
<USERREF USERNAME="Z1X0687"/>
<USERREF USERNAME="C158040"/>
<USERREF USERNAME="C237932"/>
<USERREF USERNAME="c206388"/>
<USERREF USERNAME="c243032"/>
<USERREF USERNAME="c243049"/>
<USERREF USERNAME="c228248"/>
<USERREF USERNAME="c149470"/>
<USERREF USERNAME="C239422"/>
<USERREF USERNAME="C243001"/>
<USERREF USERNAME="C229512"/>
<USERREF USERNAME="C200015"/>
<USERREF USERNAME="C222557"/>
<USERREF USERNAME="a608760"/>
<USERREF USERNAME="c244714"/>
<USERREF USERNAME="c199642"/>
<USERREF USERNAME="rm89018"/>
<USERREF USERNAME="c243030"/>
<USERREF USERNAME="c071673"/>
<USERREF USERNAME="c252078"/>
<USERREF USERNAME="c149177"/>
<USERREF USERNAME="rm37825"/>
<USERREF USERNAME="C228250"/>
<USERREF USERNAME="c257194"/>
<USERREF USERNAME="a701824"/>
<USERREF USERNAME="u7X4333"/>
<USERREF USERNAME="c203058"/>
<USERREF USERNAME="c228249"/>
<USERREF USERNAME="c090108"/>
<USERREF USERNAME="c196248"/>
<USERREF USERNAME="c021984"/>
<USERREF USERNAME="c196683"/>
<USERREF USERNAME="rm35504"/>
<USERREF USERNAME="c131994"/>
<USERREF USERNAME="ye91098"/>
<USERREF USERNAME="yex7972"/>
<USERREF USERNAME="c223292"/>
<USERREF USERNAME="v6x8356"/>
<USERREF USERNAME="c025980"/>
<USERREF USERNAME="yex7614"/>
<USERREF USERNAME="c137396"/>
<USERREF USERNAME="c244333"/>
<USERREF USERNAME="C257193"/>
<USERREF USERNAME="c225389"/>
<USERREF USERNAME="i4vmcjaix_RE"/>
<USERREF USERNAME="C249885"/>
<USERREF USERNAME="Z2X7246"/>
<USERREF USERNAME="C229508"/>
<USERREF USERNAME="c068505"/>
<USERREF USERNAME="c257199"/>
<USERREF USERNAME="c085302"/>
<USERREF USERNAME="yex7920"/>
<USERREF USERNAME="Z2X7245"/>
<USERREF USERNAME="c235318"/>
<USERREF USERNAME="Z2X9961"/>
<USERREF USERNAME="C243003"/>
<USERREF USERNAME="Z1X1861"/>
<USERREF USERNAME="C177640"/>
<USERREF USERNAME="Z1X0689"/>
<USERREF USERNAME="c194055"/>
<USERREF USERNAME="c243031"/>
<USERREF USERNAME="yex7231"/>
<USERREF USERNAME="c227370"/>
<USERREF USERNAME="c243048"/>
<USERREF USERNAME="c039863"/>
<USERREF USERNAME="C243050"/>
<USERREF USERNAME="c219898"/>
<USERREF USERNAME="c075541"/>
<USERREF USERNAME="c074429"/>
<USERREF USERNAME="c143125"/>
<USERREF USERNAME="a015765"/>
<USERREF USERNAME="c249923"/>
<USERREF USERNAME="c148827"/>
<USERREF USERNAME="c039853"/>
<USERREF USERNAME="c135748"/>
<USERREF USERNAME="c228246"/>
<USERREF USERNAME="c074342"/>
<USERREF USERNAME="Z1X0698"/>
<USERREF USERNAME="C214647"/>
<USERREF USERNAME="YE05399"/>
<USERREF USERNAME="C026940"/>
<USERREF USERNAME="Z1X2099"/>
<USERREF USERNAME="c189327"/>
<USERREF USERNAME="C198899"/>
<USERREF USERNAME="Z1X2072"/>
<USERREF USERNAME="C232280"/>
<USERREF USERNAME="C250000"/>
<USERREF USERNAME="C218387"/>
<USERREF USERNAME="Z1X1819"/>
<USERREF USERNAME="c076423"/>
<USERREF USERNAME="c202987"/>
<USERREF USERNAME="u6x6712"/>
<USERREF USERNAME="v6x8058"/>
<USERREF USERNAME="c206591"/>
<USERREF USERNAME="c257195"/>
<USERREF USERNAME="c074090"/>
<USERREF USERNAME="c100415"/>
<USERREF USERNAME="c068502"/>
<USERREF USERNAME="C259112"/>
<USERREF USERNAME="c058698"/>
<USERREF USERNAME="c069132"/>
<USERREF USERNAME="c243054"/>
<USERREF USERNAME="C184994"/>
<USERREF USERNAME="c083101"/>
<USERREF USERNAME="c228247"/>
<USERREF USERNAME="c229591"/>
<USERREF USERNAME="yex7750"/>
<USERREF USERNAME="c149066"/>
<USERREF USERNAME="rm87794"/>
<USERREF USERNAME="yex8021"/>
<USERREF USERNAME="C184367"/>
<USERREF USERNAME="C240029"/>
<USERREF USERNAME="C232284"/>
<USERREF USERNAME="C242122"/>
<USERREF USERNAME="c244597"/>
<USERREF USERNAME="Z3X1553"/>
<USERREF USERNAME="Z2X6670"/>
<USERREF USERNAME="Z1X1807"/>
<USERREF USERNAME="C252435"/>
<USERREF USERNAME="C225835"/>
<USERREF USERNAME="V6x2050"/>
<USERREF USERNAME="V1X4985"/>
<USERREF USERNAME="c247616"/>
</REPORTINGGROUP>

<REPORTINGGROUP
GROUPNAME="User Admin Info Data Users"
GROUPDESCRIPTION="Users who have access to user data including password related data">
<!-- Insert Users -->
<USERREF USERNAME="c085302"/>
<USERREF USERNAME="yex7920"/>
<USERREF USERNAME="Z2X7245"/>
<USERREF USERNAME="c235318"/>
<USERREF USERNAME="Z2X9961"/>
<USERREF USERNAME="C243003"/>
<USERREF USERNAME="Z1X1861"/>
<USERREF USERNAME="C177640"/>
<USERREF USERNAME="Z1X0689"/>
<USERREF USERNAME="C251504"/>
<USERREF USERNAME="c219354"/>
<USERREF USERNAME="rm87794"/>
<USERREF USERNAME="yex8021"/>
<USERREF USERNAME="C184367"/>
<USERREF USERNAME="C240029"/>
<USERREF USERNAME="C232284"/>
<USERREF USERNAME="C242122"/>
<USERREF USERNAME="c244597"/>
<USERREF USERNAME="Z3X1553"/>
<USERREF USERNAME="Z2X6670"/>
<USERREF USERNAME="Z1X1807"/>
<USERREF USERNAME="C252435"/>
<USERREF USERNAME="C225835"/>
<USERREF USERNAME="c247616"/>
<USERREF USERNAME="ye73456"/>
<USERREF USERNAME="C179686"/>
<USERREF USERNAME="I4V-MC-JAIW_RE"/>
<USERREF USERNAME="Z1X0687"/>
<USERREF USERNAME="c206388"/>
<USERREF USERNAME="c243032"/>
<USERREF USERNAME="c243049"/>
<USERREF USERNAME="c228248"/>
<USERREF USERNAME="c149470"/>
<USERREF USERNAME="C239422"/>
<USERREF USERNAME="C243001"/>
<USERREF USERNAME="C229512"/>
<USERREF USERNAME="C200015"/>
<USERREF USERNAME="C222557"/>
<USERREF USERNAME="a608760"/>
<USERREF USERNAME="c244714"/>
<USERREF USERNAME="c199642"/>
<USERREF USERNAME="rm89018"/>
<USERREF USERNAME="c243030"/>
<USERREF USERNAME="c071673"/>
<USERREF USERNAME="c252078"/>
<USERREF USERNAME="c149177"/>
<USERREF USERNAME="rm37825"/>
<USERREF USERNAME="C228250"/>
<USERREF USERNAME="c257194"/>
<USERREF USERNAME="a701824"/>
<USERREF USERNAME="u7X4333"/>
<USERREF USERNAME="c203058"/>
<USERREF USERNAME="c228249"/>
<USERREF USERNAME="c090108"/>
<USERREF USERNAME="c196248"/>
<USERREF USERNAME="c021984"/>
<USERREF USERNAME="c196683"/>
<USERREF USERNAME="rm35504"/>
<USERREF USERNAME="c131994"/>
<USERREF USERNAME="ye91098"/>
<USERREF USERNAME="yex7972"/>
<USERREF USERNAME="c223292"/>
<USERREF USERNAME="v6x8356"/>
<USERREF USERNAME="c025980"/>
<USERREF USERNAME="yex7614"/>
<USERREF USERNAME="c137396"/>
<USERREF USERNAME="c244333"/>
<USERREF USERNAME="C257193"/>
<USERREF USERNAME="c225389"/>
<USERREF USERNAME="i4vmcjaix_RE"/>
<USERREF USERNAME="C249885"/>
<USERREF USERNAME="Z2X7246"/>
<USERREF USERNAME="C229508"/>
<USERREF USERNAME="c068505"/>
<USERREF USERNAME="c257199"/>
<USERREF USERNAME="c194055"/>
<USERREF USERNAME="c243031"/>
<USERREF USERNAME="yex7231"/>
<USERREF USERNAME="c227370"/>
<USERREF USERNAME="c243048"/>
<USERREF USERNAME="c039863"/>
<USERREF USERNAME="C243050"/>
<USERREF USERNAME="c219898"/>
<USERREF USERNAME="c075541"/>
<USERREF USERNAME="c074429"/>
<USERREF USERNAME="c143125"/>
<USERREF USERNAME="a015765"/>
<USERREF USERNAME="c249923"/>
<USERREF USERNAME="c148827"/>
<USERREF USERNAME="c039853"/>
<USERREF USERNAME="c135748"/>
<USERREF USERNAME="c228246"/>
<USERREF USERNAME="c074342"/>
<USERREF USERNAME="Z1X0698"/>
<USERREF USERNAME="C214647"/>
<USERREF USERNAME="c189327"/>
<USERREF USERNAME="C198899"/>
<USERREF USERNAME="Z1X2072"/>
<USERREF USERNAME="C232280"/>
<USERREF USERNAME="C250000"/>
<USERREF USERNAME="C218387"/>
<USERREF USERNAME="Z1X1819"/>
<USERREF USERNAME="c076423"/>
<USERREF USERNAME="c202987"/>
<USERREF USERNAME="u6x6712"/>
<USERREF USERNAME="v6x8058"/>
<USERREF USERNAME="c206591"/>
<USERREF USERNAME="c257195"/>
<USERREF USERNAME="c074090"/>
<USERREF USERNAME="c100415"/>
<USERREF USERNAME="c068502"/>
<USERREF USERNAME="C259112"/>
<USERREF USERNAME="c058698"/>
<USERREF USERNAME="c069132"/>
<USERREF USERNAME="c243054"/>
<USERREF USERNAME="C184994"/>
<USERREF USERNAME="c083101"/>
<USERREF USERNAME="c228247"/>
<USERREF USERNAME="c229591"/>
<USERREF USERNAME="yex7750"/>
<USERREF USERNAME="c149066"/>
</REPORTINGGROUP>

<REPORTINGGROUP
GROUPNAME="User Info Data Users"
GROUPDESCRIPTION="Users who have access to user data except password related data">
<!-- Insert Users -->
<USERREF USERNAME="a608760"/>
<USERREF USERNAME="c244714"/>
<USERREF USERNAME="c199642"/>
<USERREF USERNAME="rm89018"/>
<USERREF USERNAME="c243030"/>
<USERREF USERNAME="c071673"/>
<USERREF USERNAME="c252078"/>
<USERREF USERNAME="c149177"/>
<USERREF USERNAME="rm37825"/>
<USERREF USERNAME="C228250"/>
<USERREF USERNAME="c257194"/>
<USERREF USERNAME="a701824"/>
<USERREF USERNAME="u7X4333"/>
<USERREF USERNAME="c203058"/>
<USERREF USERNAME="c228249"/>
<USERREF USERNAME="c090108"/>
<USERREF USERNAME="c196248"/>
<USERREF USERNAME="c021984"/>
<USERREF USERNAME="c196683"/>
<USERREF USERNAME="rm35504"/>
<USERREF USERNAME="c131994"/>
<USERREF USERNAME="ye91098"/>
<USERREF USERNAME="yex7972"/>
<USERREF USERNAME="c223292"/>
<USERREF USERNAME="v6x8356"/>
<USERREF USERNAME="c025980"/>
<USERREF USERNAME="yex7614"/>
<USERREF USERNAME="c137396"/>
<USERREF USERNAME="c244333"/>
<USERREF USERNAME="C257193"/>
<USERREF USERNAME="c225389"/>
<USERREF USERNAME="C249885"/>
<USERREF USERNAME="c068505"/>
<USERREF USERNAME="c257199"/>
<USERREF USERNAME="c085302"/>
<USERREF USERNAME="yex7920"/>
<USERREF USERNAME="c194055"/>
<USERREF USERNAME="c243031"/>
<USERREF USERNAME="yex7231"/>
<USERREF USERNAME="c227370"/>
<USERREF USERNAME="c243048"/>
<USERREF USERNAME="c039863"/>
<USERREF USERNAME="C243050"/>
<USERREF USERNAME="c219898"/>
<USERREF USERNAME="c075541"/>
<USERREF USERNAME="c074429"/>
<USERREF USERNAME="c143125"/>
<USERREF USERNAME="a015765"/>
<USERREF USERNAME="c249923"/>
<USERREF USERNAME="c148827"/>
<USERREF USERNAME="c039853"/>
<USERREF USERNAME="c135748"/>
<USERREF USERNAME="c228246"/>
<USERREF USERNAME="c074342"/>
<USERREF USERNAME="YE05399"/>
<USERREF USERNAME="c189327"/>
<USERREF USERNAME="c076423"/>
<USERREF USERNAME="c202987"/>
<USERREF USERNAME="u6x6712"/>
<USERREF USERNAME="v6x8058"/>
<USERREF USERNAME="c206591"/>
<USERREF USERNAME="c257195"/>
<USERREF USERNAME="c074090"/>
<USERREF USERNAME="c100415"/>
<USERREF USERNAME="c068502"/>
<USERREF USERNAME="c058698"/>
<USERREF USERNAME="c069132"/>
<USERREF USERNAME="c243054"/>
<USERREF USERNAME="c083101"/>
<USERREF USERNAME="c228247"/>
<USERREF USERNAME="yex7750"/>
<USERREF USERNAME="c149066"/>
<USERREF USERNAME="rm87794"/>
<USERREF USERNAME="yex8021"/>
<USERREF USERNAME="V6x2050"/>
<USERREF USERNAME="c247616"/>
<USERREF USERNAME="ye73456"/>
<USERREF USERNAME="c206388"/>
<USERREF USERNAME="c243032"/>
<USERREF USERNAME="c243049"/>
<USERREF USERNAME="c228248"/>
<USERREF USERNAME="c149470"/>
</REPORTINGGROUP>

</MEDMLDATA>