<?xml version="1.0"?>
<MEDMLDATA xmlns="PhaseForward-MedML-Inform4">


<SITE  NAME="(213) Enverus Medical Research"    MNEMONIC="213"
ADDRESS="13737 96 Avenue Suite 603 Surrey British Columbia  V3V 0C6"
COUNTRY="CANADA"
PHONE="16044958278"
ALTPHONE="1"
FAX="1"
TIMEZONE="(UTC-08:00) Pacific Time (US &#38; Canada)"
SITEDATEFORMAT="DAY_MONTH_YEAR"
STARTDATE="06/15/2018"
STUDYLOCALE="en-US"
SVAUTOSELECTRATE="100"
SVFIRSTNSUBJECTS="100"
/>


<SITE  NAME="(210) Dr Chih Ho Hong Medical Inc"    MNEMONIC="210"
ADDRESS="20-15300 105 Ave Surrey British Columbia  V3R 6A7"
COUNTRY="CANADA"
PHONE="16049531333"
ALTPHONE="1"
FAX="1"
TIMEZONE="(UTC-08:00) Pacific Time (US &#38; Canada)"
SITEDATEFORMAT="DAY_MONTH_YEAR"
STARTDATE="06/15/2018"
STUDYLOCALE="en-US"
SVAUTOSELECTRATE="100"
SVFIRSTNSUBJECTS="100"
/>


<SITE  NAME="(212) Stratica Medical"    MNEMONIC="212"
ADDRESS="10140 117 St NW Suite 200 Edmonton Alberta  T5K 1X3"
COUNTRY="CANADA"
PHONE="17804285554"
ALTPHONE="1"
FAX="1"
TIMEZONE="(UTC-07:00) Mountain Time (US &#38; Canada)"
SITEDATEFORMAT="DAY_MONTH_YEAR"
STARTDATE="06/15/2018"
STUDYLOCALE="en-US"
SVAUTOSELECTRATE="100"
SVFIRSTNSUBJECTS="100"
/>


<SITE  NAME="(205) Kirk Barber Research"    MNEMONIC="205"
ADDRESS="1100 1st Street SE Suite 510 Calgary Alberta T2G 1B1"
COUNTRY="CANADA"
PHONE="14032995821"
ALTPHONE="1"
FAX="1"
TIMEZONE="(UTC-07:00) Mountain Time (US &#38; Canada)"
SITEDATEFORMAT="DAY_MONTH_YEAR"
STARTDATE="06/15/2018"
STUDYLOCALE="en-US"
SVAUTOSELECTRATE="100"
SVFIRSTNSUBJECTS="100"
/>


<SITE  NAME="(204) Institute For Skin Advancement Inc"    MNEMONIC="204"
ADDRESS="4935 40th Ave NW 
Market Mall Professional Building no 206
Calgary Alberta T3A 2N1"
COUNTRY="CANADA"
PHONE="14032844222"
ALTPHONE="1"
FAX="1"
TIMEZONE="(UTC-07:00) Mountain Time (US &#38; Canada)"
SITEDATEFORMAT="DAY_MONTH_YEAR"
STARTDATE="06/15/2018"
STUDYLOCALE="en-US"
SVAUTOSELECTRATE="100"
SVFIRSTNSUBJECTS="100"
/>


<SITE  NAME="(214) XLR8 Medical Research Inc"    MNEMONIC="214"
ADDRESS="2425 Tecumseh Road East Suite 210 Windor Ontario  N8W 1E6"
COUNTRY="CANADA"
PHONE="15199719700"
ALTPHONE="1"
FAX="1"
TIMEZONE="(UTC-05:00) Eastern Time (US &#38; Canada)"
SITEDATEFORMAT="DAY_MONTH_YEAR"
STARTDATE="06/15/2018"
STUDYLOCALE="en-US"
SVAUTOSELECTRATE="100"
SVFIRSTNSUBJECTS="100"
/>


<SITE  NAME="(211) Kingsway Clinical Research"    MNEMONIC="211"
ADDRESS="1243 Islington Avenue Suite 1000 Etobicoke Ontario  M8X 1Y9"
COUNTRY="CANADA"
PHONE="14162310100"
ALTPHONE="1"
FAX="1"
TIMEZONE="(UTC-05:00) Eastern Time (US &#38; Canada)"
SITEDATEFORMAT="DAY_MONTH_YEAR"
STARTDATE="06/15/2018"
STUDYLOCALE="en-US"
SVAUTOSELECTRATE="100"
SVFIRSTNSUBJECTS="100"
/>


<SITE  NAME="(209) The Centre for Dermatology and Cosmetic Surgery"    MNEMONIC="209"
ADDRESS="312 Highway 7 East Richmond Hill Ontario Canada  L4B 1A5"
COUNTRY="CANADA"
PHONE="19058892005"
ALTPHONE="1"
FAX="1"
TIMEZONE="(UTC-05:00) Eastern Time (US &#38; Canada)"
SITEDATEFORMAT="DAY_MONTH_YEAR"
STARTDATE="06/15/2018"
STUDYLOCALE="en-US"
SVAUTOSELECTRATE="100"
SVFIRSTNSUBJECTS="100"
/>


<SITE  NAME="(208) INNOVADERM Research Inc"    MNEMONIC="208"
ADDRESS="1851 Sherbrooke St East Suite 502 Montreal Quebec  H2K 4L5"
COUNTRY="CANADA"
PHONE="15145214285"
ALTPHONE="1"
FAX="1"
TIMEZONE="(UTC-05:00) Eastern Time (US &#38; Canada)"
SITEDATEFORMAT="DAY_MONTH_YEAR"
STARTDATE="06/15/2018"
STUDYLOCALE="en-US"
SVAUTOSELECTRATE="100"
SVFIRSTNSUBJECTS="100"
/>


<SITE  NAME="(207) York Dermatology Center"    MNEMONIC="207"
ADDRESS="250 Harding Blvd W Suite 312 Richmond Hill Ontario L4C 9M7"
COUNTRY="CANADA"
PHONE="19058837797"
ALTPHONE="1"
FAX="1"
TIMEZONE="(UTC-05:00) Eastern Time (US &#38; Canada)"
SITEDATEFORMAT="DAY_MONTH_YEAR"
STARTDATE="06/15/2018"
STUDYLOCALE="en-US"
SVAUTOSELECTRATE="100"
SVFIRSTNSUBJECTS="100"
/>


<SITE  NAME="(206) K Papp Clincal Research Inc"    MNEMONIC="206"
ADDRESS="135 Union Street Waterloo Ontario N2J 1C4"
COUNTRY="CANADA"
PHONE="15195799535"
ALTPHONE="1"
FAX="1"
TIMEZONE="(UTC-05:00) Eastern Time (US &#38; Canada)"
SITEDATEFORMAT="DAY_MONTH_YEAR"
STARTDATE="06/15/2018"
STUDYLOCALE="en-US"
SVAUTOSELECTRATE="100"
SVFIRSTNSUBJECTS="100"
/>


<SITE  NAME="(203) Centre de Recherche Dermatologique du Quebec Metropolitain CRDQ"    MNEMONIC="203"
ADDRESS="105-2880 Chemin des Quatres-Bourgeois Quebec Quebec G1V 4X7"
COUNTRY="CANADA"
PHONE="14186502339"
ALTPHONE="1"
FAX="1"
TIMEZONE="(UTC-05:00) Eastern Time (US &#38; Canada)"
SITEDATEFORMAT="DAY_MONTH_YEAR"
STARTDATE="06/15/2018"
STUDYLOCALE="en-US"
SVAUTOSELECTRATE="100"
SVFIRSTNSUBJECTS="100"
/>


<SITE  NAME="(202) Lynderm Research Inc"    MNEMONIC="202"
ADDRESS="25 Main Street Markham North Markham Ontario L3P 1X2"
COUNTRY="CANADA"
PHONE="19054718011"
ALTPHONE="1"
FAX="1"
TIMEZONE="(UTC-05:00) Eastern Time (US &#38; Canada)"
SITEDATEFORMAT="DAY_MONTH_YEAR"
STARTDATE="06/15/2018"
STUDYLOCALE="en-US"
SVAUTOSELECTRATE="100"
SVFIRSTNSUBJECTS="100"
/>


<SITE  NAME="(201) Simcoderm Medical and Surgical Dermatology Centre"    MNEMONIC="201"
ADDRESS="5 Quarry Ridge Road Suite 105 Barrie Ontario L4M 7G1"
COUNTRY="CANADA"
PHONE="17055033333"
ALTPHONE="1"
FAX="1"
TIMEZONE="(UTC-05:00) Eastern Time (US &#38; Canada)"
SITEDATEFORMAT="DAY_MONTH_YEAR"
STARTDATE="06/15/2018"
STUDYLOCALE="en-US"
SVAUTOSELECTRATE="100"
SVFIRSTNSUBJECTS="100"
/>


<SITE  NAME="(200) Skin Centre for Dermatology"    MNEMONIC="200"
ADDRESS="775 Monaghan Road Peterborough Ontario K9J 5K2"
COUNTRY="CANADA"
PHONE="17058741533"
ALTPHONE="1"
FAX="1"
TIMEZONE="(UTC-05:00) Eastern Time (US &#38; Canada)"
SITEDATEFORMAT="DAY_MONTH_YEAR"
STARTDATE="06/15/2018"
STUDYLOCALE="en-US"
SVAUTOSELECTRATE="100"
SVFIRSTNSUBJECTS="100"
/>


<SITE  NAME="(113) Oregon Dermatology and Rearch Center"    MNEMONIC="113"
ADDRESS="2565 NW Lovejoy Suite 200 Portland OR  97210"
COUNTRY="UNITED STATES"
PHONE="15032263376"
ALTPHONE="1"
FAX="1"
TIMEZONE="(UTC-08:00) Pacific Time (US &#38; Canada)"
SITEDATEFORMAT="DAY_MONTH_YEAR"
STARTDATE="06/15/2018"
STUDYLOCALE="en-US"
SVAUTOSELECTRATE="100"
SVFIRSTNSUBJECTS="100"
/>


<SITE  NAME="(152) USC Keck School of Medicine"    MNEMONIC="152"
ADDRESS="1520 San Pablo St Suite 1000 Los Angeles CA  90033"
COUNTRY="UNITED STATES"
PHONE="13238653641"
ALTPHONE="1"
FAX="1"
TIMEZONE="(UTC-08:00) Pacific Time (US &#38; Canada)"
SITEDATEFORMAT="DAY_MONTH_YEAR"
STARTDATE="06/15/2018"
STUDYLOCALE="en-US"
SVAUTOSELECTRATE="100"
SVFIRSTNSUBJECTS="100"
/>


<SITE  NAME="(147) University of California Davis-Dermatology"    MNEMONIC="147"
ADDRESS="3301 C Street Suite 1400 Sacramento CA  95816"
COUNTRY="UNITED STATES"
PHONE="19167348254"
ALTPHONE="1"
FAX="1"
TIMEZONE="(UTC-08:00) Pacific Time (US &#38; Canada)"
SITEDATEFORMAT="DAY_MONTH_YEAR"
STARTDATE="06/15/2018"
STUDYLOCALE="en-US"
SVAUTOSELECTRATE="100"
SVFIRSTNSUBJECTS="100"
/>


<SITE  NAME="(137) Southern California Dermatology"    MNEMONIC="137"
ADDRESS="1125 East 17th Street Suite W-244 Santa Ana CA  92701"
COUNTRY="UNITED STATES"
PHONE="17144742173"
ALTPHONE="1"
FAX="1"
TIMEZONE="(UTC-08:00) Pacific Time (US &#38; Canada)"
SITEDATEFORMAT="DAY_MONTH_YEAR"
STARTDATE="06/15/2018"
STUDYLOCALE="en-US"
SVAUTOSELECTRATE="100"
SVFIRSTNSUBJECTS="100"
/>


<SITE  NAME="(136) Clinical Science Institute"    MNEMONIC="136"
ADDRESS="2001 Santa Monica Boulevard Suite 1160W and 1185W Santa Monica CA  90404"
COUNTRY="UNITED STATES"
PHONE="13108288887"
ALTPHONE="1"
FAX="1"
TIMEZONE="(UTC-08:00) Pacific Time (US &#38; Canada)"
SITEDATEFORMAT="DAY_MONTH_YEAR"
STARTDATE="06/15/2018"
STUDYLOCALE="en-US"
SVAUTOSELECTRATE="100"
SVFIRSTNSUBJECTS="100"
/>


<SITE  NAME="(135) Tien Q Nguyen MD Inc DBA First OC Dermatology"    MNEMONIC="135"
ADDRESS="17271 Brookhurst St Fountain Valley CA  92708"
COUNTRY="UNITED STATES"
PHONE="17145312966"
ALTPHONE="1"
FAX="1"
TIMEZONE="(UTC-08:00) Pacific Time (US &#38; Canada)"
SITEDATEFORMAT="DAY_MONTH_YEAR"
STARTDATE="06/15/2018"
STUDYLOCALE="en-US"
SVAUTOSELECTRATE="100"
SVFIRSTNSUBJECTS="100"
/>


<SITE  NAME="(134) Medical Center For Clinical Research"    MNEMONIC="134"
ADDRESS="9040 Friars Road Suite 540 San Diego CA  92108"
COUNTRY="UNITED STATES"
PHONE="16195212830"
ALTPHONE="1"
FAX="1"
TIMEZONE="(UTC-08:00) Pacific Time (US &#38; Canada)"
SITEDATEFORMAT="DAY_MONTH_YEAR"
STARTDATE="06/15/2018"
STUDYLOCALE="en-US"
SVAUTOSELECTRATE="100"
SVFIRSTNSUBJECTS="100"
/>


<SITE  NAME="(133) California Dermatology and Clinical Research Institute"    MNEMONIC="133"
ADDRESS="561 Saxony Place Suite 102 Encinitas CA  92024"
COUNTRY="UNITED STATES"
PHONE="17602033839"
ALTPHONE="1"
FAX="1"
TIMEZONE="(UTC-08:00) Pacific Time (US &#38; Canada)"
SITEDATEFORMAT="DAY_MONTH_YEAR"
STARTDATE="06/15/2018"
STUDYLOCALE="en-US"
SVAUTOSELECTRATE="100"
SVFIRSTNSUBJECTS="100"
/>


<SITE  NAME="(128) MultiCare Health System - Cedar Street"    MNEMONIC="128"
ADDRESS="1901 South Union Suite B3003 Tacoma WA 98405"
COUNTRY="UNITED STATES"
PHONE="12535722842"
ALTPHONE="1"
FAX="1"
TIMEZONE="(UTC-08:00) Pacific Time (US &#38; Canada)"
SITEDATEFORMAT="DAY_MONTH_YEAR"
STARTDATE="06/15/2018"
STUDYLOCALE="en-US"
SVAUTOSELECTRATE="100"
SVFIRSTNSUBJECTS="100"
/>


<SITE  NAME="(116) Center for Dermatology Clinical Research"    MNEMONIC="116"
ADDRESS="2557 Mowry Ave Suite 21 and 25 Fremont CA  94538"
COUNTRY="UNITED STATES"
PHONE="15107974111"
ALTPHONE="1"
FAX="1"
TIMEZONE="(UTC-08:00) Pacific Time (US &#38; Canada)"
SITEDATEFORMAT="DAY_MONTH_YEAR"
STARTDATE="06/15/2018"
STUDYLOCALE="en-US"
SVAUTOSELECTRATE="100"
SVFIRSTNSUBJECTS="100"
/>


<SITE  NAME="(138) OHSU Center for Health and Healing"    MNEMONIC="138"
ADDRESS="3303 SW Bond CH16D Portland OR  97239"
COUNTRY="UNITED STATES"
PHONE="15034944770"
ALTPHONE="1"
FAX="1"
TIMEZONE="(UTC-08:00) Pacific Time (US &#38; Canada)"
SITEDATEFORMAT="DAY_MONTH_YEAR"
STARTDATE="06/15/2018"
STUDYLOCALE="en-US"
SVAUTOSELECTRATE="100"
SVFIRSTNSUBJECTS="100"
/>


<SITE  NAME="(131) Dermatology Center of Canyon County"    MNEMONIC="131"
ADDRESS="318 2nd Street South Nampa ID  83651"
COUNTRY="UNITED STATES"
PHONE="12084673006"
ALTPHONE="1"
FAX="1"
TIMEZONE="(UTC-07:00) Mountain Time (US &#38; Canada)"
SITEDATEFORMAT="DAY_MONTH_YEAR"
STARTDATE="06/15/2018"
STUDYLOCALE="en-US"
SVAUTOSELECTRATE="100"
SVFIRSTNSUBJECTS="100"
/>


<SITE  NAME="(158) Jordan Valley Dermatology Center"    MNEMONIC="158"
ADDRESS="3570 W 9000 S
Suite 220 West Jordan UT  84088"
COUNTRY="UNITED STATES"
PHONE="18013160266"
ALTPHONE="1"
FAX="1"
TIMEZONE="(UTC-07:00) Mountain Time (US &#38; Canada)"
SITEDATEFORMAT="DAY_MONTH_YEAR"
STARTDATE="06/15/2018"
STUDYLOCALE="en-US"
SVAUTOSELECTRATE="100"
SVFIRSTNSUBJECTS="100"
/>


<SITE  NAME="(114) University of Utah-Dermatology"    MNEMONIC="114"
ADDRESS="243 East 6100 South 3rd Floor Murray UT  84107"
COUNTRY="UNITED STATES"
PHONE="18015816465"
ALTPHONE="1"
FAX="1"
TIMEZONE="(UTC-07:00) Mountain Time (US &#38; Canada)"
SITEDATEFORMAT="DAY_MONTH_YEAR"
STARTDATE="06/15/2018"
STUDYLOCALE="en-US"
SVAUTOSELECTRATE="100"
SVFIRSTNSUBJECTS="100"
/>


<SITE  NAME="(119) Johnson Dermatology"    MNEMONIC="119"
ADDRESS="5921 Riley Park Drive Fort Smith AR  72916"
COUNTRY="UNITED STATES"
PHONE="14796493376"
ALTPHONE="1"
FAX="1"
TIMEZONE="(UTC-07:00) Mountain Time (US &#38; Canada)"
SITEDATEFORMAT="DAY_MONTH_YEAR"
STARTDATE="06/15/2018"
STUDYLOCALE="en-US"
SVAUTOSELECTRATE="100"
SVFIRSTNSUBJECTS="100"
/>


<SITE  NAME="(108) Arlington Dermatology"    MNEMONIC="108"
ADDRESS="5301 Keystone Court Rolling Meadows IL 60008"
COUNTRY="UNITED STATES"
PHONE="18473925440"
ALTPHONE="1"
FAX="1"
TIMEZONE="(UTC-06:00) Central Time (US &#38; Canada)"
SITEDATEFORMAT="DAY_MONTH_YEAR"
STARTDATE="06/15/2018"
STUDYLOCALE="en-US"
SVAUTOSELECTRATE="100"
SVFIRSTNSUBJECTS="100"
/>


<SITE  NAME="(154) The Indiana Clinical Trials Center PC"    MNEMONIC="154"
ADDRESS="824 Edwards Dr Suite 172 St Louis MO  63117"
COUNTRY="UNITED STATES"
PHONE="13178376082"
ALTPHONE="1"
FAX="1"
TIMEZONE="(UTC-06:00) Central Time (US &#38; Canada)"
SITEDATEFORMAT="DAY_MONTH_YEAR"
STARTDATE="06/15/2018"
STUDYLOCALE="en-US"
SVAUTOSELECTRATE="100"
SVFIRSTNSUBJECTS="100"
/>


<SITE  NAME="(141) Austin Institute for Clinical Research LLC"    MNEMONIC="141"
ADDRESS="302 N Heatherwilde Blvd Suite 300 Pflugerville TX  78660"
COUNTRY="UNITED STATES"
PHONE="15122792545"
ALTPHONE="1"
FAX="1"
TIMEZONE="(UTC-06:00) Central Time (US &#38; Canada)"
SITEDATEFORMAT="DAY_MONTH_YEAR"
STARTDATE="06/15/2018"
STUDYLOCALE="en-US"
SVAUTOSELECTRATE="100"
SVFIRSTNSUBJECTS="100"
/>


<SITE  NAME="(140) Modern Research Associates PLLC"    MNEMONIC="140"
ADDRESS="9101 N Central Expressway Suite 170 Dallas TX  75231"
COUNTRY="UNITED STATES"
PHONE="12143612008"
ALTPHONE="1"
FAX="1"
TIMEZONE="(UTC-06:00) Central Time (US &#38; Canada)"
SITEDATEFORMAT="DAY_MONTH_YEAR"
STARTDATE="06/15/2018"
STUDYLOCALE="en-US"
SVAUTOSELECTRATE="100"
SVFIRSTNSUBJECTS="100"
/>


<SITE  NAME="(139) Acclaim Dermatology PLLC"    MNEMONIC="139"
ADDRESS="17510 West Grand Parkway South Suite 385 Sugar Land TX  77497"
COUNTRY="UNITED STATES"
PHONE="18327706388"
ALTPHONE="1"
FAX="1"
TIMEZONE="(UTC-06:00) Central Time (US &#38; Canada)"
SITEDATEFORMAT="DAY_MONTH_YEAR"
STARTDATE="06/15/2018"
STUDYLOCALE="en-US"
SVAUTOSELECTRATE="100"
SVFIRSTNSUBJECTS="100"
/>


<SITE  NAME="(159) Skin Specialists"    MNEMONIC="159"
ADDRESS="2802 Oak View Dr Omaha NE  68144"
COUNTRY="UNITED STATES"
PHONE="14026976599"
ALTPHONE="1"
FAX="1"
TIMEZONE="(UTC-06:00) Central Time (US &#38; Canada)"
SITEDATEFORMAT="DAY_MONTH_YEAR"
STARTDATE="06/15/2018"
STUDYLOCALE="en-US"
SVAUTOSELECTRATE="100"
SVFIRSTNSUBJECTS="100"
/>


<SITE  NAME="(157) Dawes Fretzin Clinical Research Group LLC"    MNEMONIC="157"
ADDRESS="8103 Clearvista Parkway Suite 260 Chicago IL  60611"
COUNTRY="UNITED STATES"
PHONE="13176217731"
ALTPHONE="1"
FAX="1"
TIMEZONE="(UTC-06:00) Central Time (US &#38; Canada)"
SITEDATEFORMAT="DAY_MONTH_YEAR"
STARTDATE="06/15/2018"
STUDYLOCALE="en-US"
SVAUTOSELECTRATE="100"
SVFIRSTNSUBJECTS="100"
/>


<SITE  NAME="(156) Northwestern University Dept of Dermatology"    MNEMONIC="156"
ADDRESS="676 N Saint Claire St Department of Dermatology - Research Darien IL  60561"
COUNTRY="UNITED STATES"
PHONE="13126958106"
ALTPHONE="1"
FAX="1"
TIMEZONE="(UTC-06:00) Central Time (US &#38; Canada)"
SITEDATEFORMAT="DAY_MONTH_YEAR"
STARTDATE="06/15/2018"
STUDYLOCALE="en-US"
SVAUTOSELECTRATE="100"
SVFIRSTNSUBJECTS="100"
/>


<SITE  NAME="(121) Texas Dermatology and Laser Specialists"    MNEMONIC="121"
ADDRESS="3320 Oakwell Court San Antonio TX  78218"
COUNTRY="UNITED STATES"
PHONE="12108295180"
ALTPHONE="1"
FAX="1"
TIMEZONE="(UTC-06:00) Central Time (US &#38; Canada)"
SITEDATEFORMAT="DAY_MONTH_YEAR"
STARTDATE="06/15/2018"
STUDYLOCALE="en-US"
SVAUTOSELECTRATE="100"
SVFIRSTNSUBJECTS="100"
/>


<SITE  NAME="(120) Bellaire Dermatology"    MNEMONIC="120"
ADDRESS="6565 West Loop South Suite 800 Bellaire TX  77401"
COUNTRY="UNITED STATES"
PHONE="18325532318"
ALTPHONE="1"
FAX="1"
TIMEZONE="(UTC-06:00) Central Time (US &#38; Canada)"
SITEDATEFORMAT="DAY_MONTH_YEAR"
STARTDATE="06/15/2018"
STUDYLOCALE="en-US"
SVAUTOSELECTRATE="100"
SVFIRSTNSUBJECTS="100"
/>


<SITE  NAME="(107) Wright State University Clinical Trials Research Alliance"    MNEMONIC="107"
ADDRESS="725 University Blvd 2nd floor Fairborn OH 45324"
COUNTRY="UNITED STATES"
PHONE="19377752463"
ALTPHONE="1"
FAX="1"
TIMEZONE="(UTC-05:00) Eastern Time (US &#38; Canada)"
SITEDATEFORMAT="DAY_MONTH_YEAR"
STARTDATE="06/15/2018"
STUDYLOCALE="en-US"
SVAUTOSELECTRATE="100"
SVFIRSTNSUBJECTS="100"
/>


<SITE  NAME="(153) Central Dermatology PC"    MNEMONIC="153"
ADDRESS="1034 S Brentwood Blvd Ste 600 Boston MA  02115"
COUNTRY="UNITED STATES"
PHONE="13147215565"
ALTPHONE="1"
FAX="1"
TIMEZONE="(UTC-05:00) Eastern Time (US &#38; Canada)"
SITEDATEFORMAT="DAY_MONTH_YEAR"
STARTDATE="06/15/2018"
STUDYLOCALE="en-US"
SVAUTOSELECTRATE="100"
SVFIRSTNSUBJECTS="100"
/>


<SITE  NAME="(151) Brigham and Womens Hospital Department of Dermatology"    MNEMONIC="151"
ADDRESS="Dermatology 41 Ave Louis Pasteur Rm 319 Boston MA  02115"
COUNTRY="UNITED STATES"
PHONE="16172645943"
ALTPHONE="1"
FAX="1"
TIMEZONE="(UTC-05:00) Eastern Time (US &#38; Canada)"
SITEDATEFORMAT="DAY_MONTH_YEAR"
STARTDATE="06/15/2018"
STUDYLOCALE="en-US"
SVAUTOSELECTRATE="100"
SVFIRSTNSUBJECTS="100"
/>


<SITE  NAME="(150) South Bend Clinic LLP"    MNEMONIC="150"
ADDRESS="211 North Eddy Street South Bend IN  46617"
COUNTRY="UNITED STATES"
PHONE="15742046432"
ALTPHONE="1"
FAX="1"
TIMEZONE="(UTC-05:00) Eastern Time (US &#38; Canada)"
SITEDATEFORMAT="DAY_MONTH_YEAR"
STARTDATE="06/15/2018"
STUDYLOCALE="en-US"
SVAUTOSELECTRATE="100"
SVFIRSTNSUBJECTS="100"
/>


<SITE  NAME="(143) Hamzavi Dermatology"    MNEMONIC="143"
ADDRESS="2950 Keewahdin Road Fort Gratiot MI  48059"
COUNTRY="UNITED STATES"
PHONE="18104551600"
ALTPHONE="1"
FAX="1"
TIMEZONE="(UTC-05:00) Eastern Time (US &#38; Canada)"
SITEDATEFORMAT="DAY_MONTH_YEAR"
STARTDATE="06/15/2018"
STUDYLOCALE="en-US"
SVAUTOSELECTRATE="100"
SVFIRSTNSUBJECTS="100"
/>


<SITE  NAME="(142) University Of Connecticut Health Center - Dermatology"    MNEMONIC="142"
ADDRESS="21 South Road Suite 200 Farmington CT  06032"
COUNTRY="UNITED STATES"
PHONE="18606794600"
ALTPHONE="1"
FAX="1"
TIMEZONE="(UTC-05:00) Eastern Time (US &#38; Canada)"
SITEDATEFORMAT="DAY_MONTH_YEAR"
STARTDATE="06/15/2018"
STUDYLOCALE="en-US"
SVAUTOSELECTRATE="100"
SVFIRSTNSUBJECTS="100"
/>


<SITE  NAME="(155) University Dermatology"    MNEMONIC="155"
ADDRESS="8110 South Cass Ave Plainfield IN  46169"
COUNTRY="UNITED STATES"
PHONE="16309201900"
ALTPHONE="1"
FAX="1"
TIMEZONE="(UTC-05:00) Eastern Time (US &#38; Canada)"
SITEDATEFORMAT="DAY_MONTH_YEAR"
STARTDATE="06/15/2018"
STUDYLOCALE="en-US"
SVAUTOSELECTRATE="100"
SVFIRSTNSUBJECTS="100"
/>


<SITE  NAME="(115) Derm Research Center of New York Inc"    MNEMONIC="115"
ADDRESS="2500 Route 347 Building 22A Stony Brook NY  11790"
COUNTRY="UNITED STATES"
PHONE="16316891900"
ALTPHONE="1"
FAX="1"
TIMEZONE="(UTC-05:00) Eastern Time (US &#38; Canada)"
SITEDATEFORMAT="DAY_MONTH_YEAR"
STARTDATE="06/15/2018"
STUDYLOCALE="en-US"
SVAUTOSELECTRATE="100"
SVFIRSTNSUBJECTS="100"
/>


<SITE  NAME="(112) University Hospitals of Cleveland"    MNEMONIC="112"
ADDRESS="11100 Euclid Avenue Bolwell Suite 3100 Cleveland OH  44106"
COUNTRY="UNITED STATES"
PHONE="12168443178"
ALTPHONE="1"
FAX="1"
TIMEZONE="(UTC-05:00) Eastern Time (US &#38; Canada)"
SITEDATEFORMAT="DAY_MONTH_YEAR"
STARTDATE="06/15/2018"
STUDYLOCALE="en-US"
SVAUTOSELECTRATE="100"
SVFIRSTNSUBJECTS="100"
/>


<SITE  NAME="(111) Advanced Medical Research PC"    MNEMONIC="111"
ADDRESS="5730 Glenridge Drive Suite T-100 Sandy Springs GA  30328"
COUNTRY="UNITED STATES"
PHONE="14049399220"
ALTPHONE="1"
FAX="1"
TIMEZONE="(UTC-05:00) Eastern Time (US &#38; Canada)"
SITEDATEFORMAT="DAY_MONTH_YEAR"
STARTDATE="06/15/2018"
STUDYLOCALE="en-US"
SVAUTOSELECTRATE="100"
SVFIRSTNSUBJECTS="100"
/>


<SITE  NAME="(110) Meridian Clinical Research"    MNEMONIC="110"
ADDRESS="310 Eisenhower Drive Suite 12A Savannah GA 31406"
COUNTRY="UNITED STATES"
PHONE="19124434253"
ALTPHONE="1"
FAX="1"
TIMEZONE="(UTC-05:00) Eastern Time (US &#38; Canada)"
SITEDATEFORMAT="DAY_MONTH_YEAR"
STARTDATE="06/15/2018"
STUDYLOCALE="en-US"
SVAUTOSELECTRATE="100"
SVFIRSTNSUBJECTS="100"
/>


<SITE  NAME="(109) Medical Faculty Associates"    MNEMONIC="109"
ADDRESS="2150 Pennsylvania Ave NW Suite 2B-430 Dermatology Admin Washington DC 20037"
COUNTRY="UNITED STATES"
PHONE="12027412625"
ALTPHONE="1"
FAX="1"
TIMEZONE="(UTC-05:00) Eastern Time (US &#38; Canada)"
SITEDATEFORMAT="DAY_MONTH_YEAR"
STARTDATE="06/15/2018"
STUDYLOCALE="en-US"
SVAUTOSELECTRATE="100"
SVFIRSTNSUBJECTS="100"
/>


<SITE  NAME="(160) Icahn School of Medicine at Mount Sinai"    MNEMONIC="160"
ADDRESS="10 Union Square East Suite 3C New York NY  10003"
COUNTRY="UNITED STATES"
PHONE="12128448800"
ALTPHONE="1"
FAX="1"
TIMEZONE="(UTC-05:00) Eastern Time (US &#38; Canada)"
SITEDATEFORMAT="DAY_MONTH_YEAR"
STARTDATE="06/15/2018"
STUDYLOCALE="en-US"
SVAUTOSELECTRATE="100"
SVFIRSTNSUBJECTS="100"
/>


<SITE  NAME="(127) Dermatology and Skin Surgery Center"    MNEMONIC="127"
ADDRESS="501 Gordon Drive Exton PA  19341"
COUNTRY="UNITED STATES"
PHONE="16105946660"
ALTPHONE="1"
FAX="1"
TIMEZONE="(UTC-05:00) Eastern Time (US &#38; Canada)"
SITEDATEFORMAT="DAY_MONTH_YEAR"
STARTDATE="06/15/2018"
STUDYLOCALE="en-US"
SVAUTOSELECTRATE="100"
SVFIRSTNSUBJECTS="100"
/>


<SITE  NAME="(124) Medical University of South Carolina Department of Dermatology - Sector SCTR Research and Coordination Management"    MNEMONIC="124"
ADDRESS="135 Rutledge Avenue MSC 578 Charleston SC  29425"
COUNTRY="UNITED STATES"
PHONE="18437925858"
ALTPHONE="1"
FAX="1"
TIMEZONE="(UTC-05:00) Eastern Time (US &#38; Canada)"
SITEDATEFORMAT="DAY_MONTH_YEAR"
STARTDATE="06/15/2018"
STUDYLOCALE="en-US"
SVAUTOSELECTRATE="100"
SVFIRSTNSUBJECTS="100"
/>


<SITE  NAME="(122) Dermatology Specialist Research"    MNEMONIC="122"
ADDRESS="3810 Springhurst Blvd Suite 130 Louisville KY  40241"
COUNTRY="UNITED STATES"
PHONE="15025837546"
ALTPHONE="1"
FAX="1"
TIMEZONE="(UTC-05:00) Eastern Time (US &#38; Canada)"
SITEDATEFORMAT="DAY_MONTH_YEAR"
STARTDATE="06/15/2018"
STUDYLOCALE="en-US"
SVAUTOSELECTRATE="100"
SVFIRSTNSUBJECTS="100"
/>


<SITE  NAME="(118) Tufts Medical Center"    MNEMONIC="118"
ADDRESS="800 Washington Street 
no 114 
Boston MA  02111"
COUNTRY="UNITED STATES"
PHONE="16176367462"
ALTPHONE="1"
FAX="1"
TIMEZONE="(UTC-05:00) Eastern Time (US &#38; Canada)"
SITEDATEFORMAT="DAY_MONTH_YEAR"
STARTDATE="06/15/2018"
STUDYLOCALE="en-US"
SVAUTOSELECTRATE="100"
SVFIRSTNSUBJECTS="100"
/>


<SITE  NAME="(117) Clinical Research Center of CT"    MNEMONIC="117"
ADDRESS="27 Hospital Avenue Suite 206 Danbury CT  06810"
COUNTRY="UNITED STATES"
PHONE="12036162710"
ALTPHONE="1"
FAX="1"
TIMEZONE="(UTC-05:00) Eastern Time (US &#38; Canada)"
SITEDATEFORMAT="DAY_MONTH_YEAR"
STARTDATE="06/15/2018"
STUDYLOCALE="en-US"
SVAUTOSELECTRATE="100"
SVFIRSTNSUBJECTS="100"
/>


<SITE  NAME="(126) Dermatologists of Greater Columbus"    MNEMONIC="126"
ADDRESS="2359 East Main Street Bexey OH  43209"
COUNTRY="UNITED STATES"
PHONE="16149471716"
ALTPHONE="1"
FAX="1"
TIMEZONE="(UTC-05:00) Eastern Time (US &#38; Canada)"
SITEDATEFORMAT="DAY_MONTH_YEAR"
STARTDATE="06/15/2018"
STUDYLOCALE="en-US"
SVAUTOSELECTRATE="100"
SVFIRSTNSUBJECTS="100"
/>


<SITE  NAME="(125) Dermatology and Laser Center of Charleston"    MNEMONIC="125"
ADDRESS="1364 Ashley River Road Charleston SC  29407"
COUNTRY="UNITED STATES"
PHONE="18435568886"
ALTPHONE="1"
FAX="1"
TIMEZONE="(UTC-05:00) Eastern Time (US &#38; Canada)"
SITEDATEFORMAT="DAY_MONTH_YEAR"
STARTDATE="06/15/2018"
STUDYLOCALE="en-US"
SVAUTOSELECTRATE="100"
SVFIRSTNSUBJECTS="100"
/>


<SITE  NAME="(123) Wake Forest Baptist Health Department of Dermatology"    MNEMONIC="123"
ADDRESS="4618 Country Club Road Winston-Salem NC  27104"
COUNTRY="UNITED STATES"
PHONE="13367162768"
ALTPHONE="1"
FAX="1"
TIMEZONE="(UTC-05:00) Eastern Time (US &#38; Canada)"
SITEDATEFORMAT="DAY_MONTH_YEAR"
STARTDATE="06/15/2018"
STUDYLOCALE="en-US"
SVAUTOSELECTRATE="100"
SVFIRSTNSUBJECTS="100"
/>


<SITE  NAME="(106) Dermatology and Skin Cancer Specialists"    MNEMONIC="106"
ADDRESS="15245 Shady Grove Road Suite 480 Rockville MD 20850"
COUNTRY="UNITED STATES"
PHONE="13013553183"
ALTPHONE="1"
FAX="1"
TIMEZONE="(UTC-05:00) Eastern Time (US &#38; Canada)"
SITEDATEFORMAT="DAY_MONTH_YEAR"
STARTDATE="06/15/2018"
STUDYLOCALE="en-US"
SVAUTOSELECTRATE="100"
SVFIRSTNSUBJECTS="100"
/>


<SITE  NAME="(105) Virginia Clinical Research"    MNEMONIC="105"
ADDRESS="6160 Kempsville Circle Suite 200 A Norfold VA 23502"
COUNTRY="UNITED STATES"
PHONE="17576226315"
ALTPHONE="1"
FAX="1"
TIMEZONE="(UTC-05:00) Eastern Time (US &#38; Canada)"
SITEDATEFORMAT="DAY_MONTH_YEAR"
STARTDATE="06/15/2018"
STUDYLOCALE="en-US"
SVAUTOSELECTRATE="100"
SVFIRSTNSUBJECTS="100"
/>


<SITE  NAME="(104) Solutions Through Advanced Research Inc"    MNEMONIC="104"
ADDRESS="10175 Fortune Parkway Suite 1203 Jacksonville FL 32256"
COUNTRY="UNITED STATES"
PHONE="19046198157"
ALTPHONE="1"
FAX="1"
TIMEZONE="(UTC-05:00) Eastern Time (US &#38; Canada)"
SITEDATEFORMAT="DAY_MONTH_YEAR"
STARTDATE="06/15/2018"
STUDYLOCALE="en-US"
SVAUTOSELECTRATE="100"
SVFIRSTNSUBJECTS="100"
/>


<SITE  NAME="(103) Riverchase Dermatology and Cosmetic Surgery"    MNEMONIC="103"
ADDRESS="603 N Flamingo Road Suite 350 Pembroke Pines FL 33028"
COUNTRY="UNITED STATES"
PHONE="19544355100"
ALTPHONE="1"
FAX="1"
TIMEZONE="(UTC-05:00) Eastern Time (US &#38; Canada)"
SITEDATEFORMAT="DAY_MONTH_YEAR"
STARTDATE="06/15/2018"
STUDYLOCALE="en-US"
SVAUTOSELECTRATE="100"
SVFIRSTNSUBJECTS="100"
/>


<SITE  NAME="(102) USF Health - Carol and Frank Morsani Center for Advanced Healthcare"    MNEMONIC="102"
ADDRESS="12901 Bruce B Downs Boulevard MDC79 Tampa FL 33612"
COUNTRY="UNITED STATES"
PHONE="18139744270"
ALTPHONE="1"
FAX="1"
TIMEZONE="(UTC-05:00) Eastern Time (US &#38; Canada)"
SITEDATEFORMAT="DAY_MONTH_YEAR"
STARTDATE="06/15/2018"
STUDYLOCALE="en-US"
SVAUTOSELECTRATE="100"
SVFIRSTNSUBJECTS="100"
/>


<SITE  NAME="(101) Dermatologic Surgery Specialists PC"    MNEMONIC="101"
ADDRESS="308 Coliseum Dr Suite 200 Macon GA 31217"
COUNTRY="UNITED STATES"
PHONE="14787422180"
ALTPHONE="1"
FAX="1"
TIMEZONE="(UTC-05:00) Eastern Time (US &#38; Canada)"
SITEDATEFORMAT="DAY_MONTH_YEAR"
STARTDATE="06/15/2018"
STUDYLOCALE="en-US"
SVAUTOSELECTRATE="100"
SVFIRSTNSUBJECTS="100"
/>


<SITE  NAME="(100) Forward Clinical Trials Inc"    MNEMONIC="100"
ADDRESS="4915 Ehrlich Road Tampa FL 33624"
COUNTRY="UNITED STATES"
PHONE="18139602400"
ALTPHONE="1"
FAX="1"
TIMEZONE="(UTC-05:00) Eastern Time (US &#38; Canada)"
SITEDATEFORMAT="DAY_MONTH_YEAR"
STARTDATE="06/15/2018"
STUDYLOCALE="en-US"
SVAUTOSELECTRATE="100"
SVFIRSTNSUBJECTS="100"
/>


<SITE  NAME="(148) GCM Medical Group PSC - Santurce"    MNEMONIC="148"
ADDRESS="1826 Fernandez Juncos San Juan PR  00909"
COUNTRY="UNITED STATES"
PHONE="17877268396"
ALTPHONE="1"
FAX="1"
TIMEZONE="(UTC-04:00) Atlantic Time (Canada)"
SITEDATEFORMAT="DAY_MONTH_YEAR"
STARTDATE="06/15/2018"
STUDYLOCALE="en-US"
SVAUTOSELECTRATE="100"
SVFIRSTNSUBJECTS="100"
/>


<SITE  NAME="(145) Ponce School of Medicine Foundation"    MNEMONIC="145"
ADDRESS="CAIMED Center 280 Monterey Street Urb Industrial Reparada Ponce PR  00716"
COUNTRY="UNITED STATES"
PHONE="17878402505"
ALTPHONE="1"
FAX="1"
TIMEZONE="(UTC-04:00) Atlantic Time (Canada)"
SITEDATEFORMAT="DAY_MONTH_YEAR"
STARTDATE="06/15/2018"
STUDYLOCALE="en-US"
SVAUTOSELECTRATE="100"
SVFIRSTNSUBJECTS="100"
/>


<SITE  NAME="(144) Dr Alma M Cruz Office"    MNEMONIC="144"
ADDRESS="65th Inf esq Roberto Clemente Carolina Shopping Court floor 6 suite 303 Carolina PR  00985"
COUNTRY="UNITED STATES"
PHONE="17877691954"
ALTPHONE="1"
FAX="1"
TIMEZONE="(UTC-04:00) Atlantic Time (Canada)"
SITEDATEFORMAT="DAY_MONTH_YEAR"
STARTDATE="06/15/2018"
STUDYLOCALE="en-US"
SVAUTOSELECTRATE="100"
SVFIRSTNSUBJECTS="100"
/>


<SITE  NAME="(146) Dr Samuel Sanchez PSC"    MNEMONIC="146"
ADDRESS="200 Grand Boulevard Los Prados Plaza Los Prados Suite Z-5 Caguas PR  00727"
COUNTRY="UNITED STATES"
PHONE="17877463136"
ALTPHONE="1"
FAX="1"
TIMEZONE="(UTC-04:00) Atlantic Time (Canada)"
SITEDATEFORMAT="DAY_MONTH_YEAR"
STARTDATE="06/15/2018"
STUDYLOCALE="en-US"
SVAUTOSELECTRATE="100"
SVFIRSTNSUBJECTS="100"
/>


</MEDMLDATA>