<?xml version="1.0"?>
<MEDMLDATA xmlns="PhaseForward-MedML-Inform4">

<SITEGROUP SITENAME="(302) A O R N Monaldi">
<USERREF USERNAME="c228472"/>
<USERREF USERNAME="xg04165"/>
<USERREF USERNAME="drocco"/>
<USERREF USERNAME="gsmeraglio"/>
<USERREF USERNAME="c239260"/>
<USERREF USERNAME="c200292"/>
<USERREF USERNAME="c003859"/>
<USERREF USERNAME="c083101"/>
<USERREF USERNAME="c079244"/>
<USERREF USERNAME="c219905"/>
<USERREF USERNAME="rm90029"/>
<USERREF USERNAME="rm89018"/>
<USERREF USERNAME="c069132"/>
<USERREF USERNAME="c015393"/>
<USERREF USERNAME="c057362"/>
<USERREF USERNAME="c071673"/>
<USERREF USERNAME="v6x8058"/>
<USERREF USERNAME="c206591"/>
<USERREF USERNAME="c090108"/>
<USERREF USERNAME="c039853"/>
<USERREF USERNAME="c074090"/>
<USERREF USERNAME="c068505"/>
<USERREF USERNAME="c085302"/>
<USERREF USERNAME="c149066"/>
<USERREF USERNAME="c074342"/>
<USERREF USERNAME="c021984"/>
<USERREF USERNAME="c149177"/>
<USERREF USERNAME="rm35504"/>
<USERREF USERNAME="c131994"/>
<USERREF USERNAME="ye91098"/>
<USERREF USERNAME="yex7972"/>
<USERREF USERNAME="v6x8356"/>
<USERREF USERNAME="c022433"/>
<USERREF USERNAME="c025980"/>
<USERREF USERNAME="c039863"/>
<USERREF USERNAME="c137396"/>
<USERREF USERNAME="c149176"/>
<USERREF USERNAME="c219898"/>
<USERREF USERNAME="c075541"/>
<USERREF USERNAME="a701824"/>
<USERREF USERNAME="c074429"/>
<USERREF USERNAME="c060736"/>
<USERREF USERNAME="c026393"/>
<USERREF USERNAME="c026390"/>
<USERREF USERNAME="a608760"/>
<USERREF USERNAME="a608261"/>
<USERREF USERNAME="c058698"/>
<USERREF USERNAME="c143125"/>
<USERREF USERNAME="u7x2510"/>
<USERREF USERNAME="c135748"/>
<USERREF USERNAME="yex7920"/>
<USERREF USERNAME="c149470"/>
<USERREF USERNAME="rm36132"/>
<USERREF USERNAME="a803075"/>
<USERREF USERNAME="a511471"/>
<USERREF USERNAME="rm87794"/>
<USERREF USERNAME="rm80655"/>
<USERREF USERNAME="c196248"/>
<USERREF USERNAME="c199642"/>
<USERREF USERNAME="c218621"/>
<USERREF USERNAME="c223292"/>
<USERREF USERNAME="c196683"/>
<USERREF USERNAME="c068502"/>
<USERREF USERNAME="c228249"/>
<USERREF USERNAME="c228246"/>
<USERREF USERNAME="c228247"/>
<USERREF USERNAME="c228248"/>
<USERREF USERNAME="c228250"/>
<USERREF USERNAME="c225200"/>
<USERREF USERNAME="u7X4333"/>
<USERREF USERNAME="c203058"/>
<USERREF USERNAME="c148827"/>
<USERREF USERNAME="c194055"/>
<USERREF USERNAME="c239605"/>
<USERREF USERNAME="c165082"/>
<USERREF USERNAME="c211950"/>
<USERREF USERNAME="i4xmcjfda_RE"/>
<USERREF USERNAME="coder_query"/>
<USERREF USERNAME="z1x0496"/>
<USERREF USERNAME="c221481"/>
<USERREF USERNAME="yq45155"/>
<USERREF USERNAME="xf03593"/>
<USERREF USERNAME="v3x6628"/>
<USERREF USERNAME="ZPFaverpeleti"/>
<USERREF USERNAME="ZPFkbarkoczi"/>
<USERREF USERNAME="ZPFkhahn"/>
<USERREF USERNAME="ZPFabalogh"/>
<USERREF USERNAME="ZPFcdelacruz"/>
<USERREF USERNAME="ZPFckalinyak"/>
<USERREF USERNAME="ZPFcmolom"/>
<USERREF USERNAME="ZPFdnagy"/>
<USERREF USERNAME="ZPFedervishaj"/>
<USERREF USERNAME="ZPFepenzes"/>
<USERREF USERNAME="ZPFmandone"/>
<USERREF USERNAME="ZPFmlalangan"/>
<USERREF USERNAME="ZPFnkovacs"/>
<USERREF USERNAME="ZPFobodnar"/>
<USERREF USERNAME="ZPFprojas"/>
<USERREF USERNAME="ZPFpvamos"/>
<USERREF USERNAME="ZPFrcalorico"/>
<USERREF USERNAME="ZPFrducusin"/>
<USERREF USERNAME="ZPFaktoth"/>
<USERREF USERNAME="ZPFapervaiz"/>
<USERREF USERNAME="ZPFasomogyi"/>
<USERREF USERNAME="ZPFaterjek"/>
<USERREF USERNAME="ZPFawarsama"/>
<USERREF USERNAME="ZPFcmercado"/>
<USERREF USERNAME="ZPFddiomede"/>
<USERREF USERNAME="ZPFdvittay"/>
<USERREF USERNAME="ZPFekosa"/>
<USERREF USERNAME="ZPFfillesy"/>
<USERREF USERNAME="ZPFfvarga"/>
<USERREF USERNAME="ZPFgkrucso"/>
<USERREF USERNAME="ZPFgyvarga"/>
<USERREF USERNAME="ZPFijohl"/>
<USERREF USERNAME="ZPFjistenes"/>
<USERREF USERNAME="ZPFkcco"/>
<USERREF USERNAME="ZPFkcsobalyka"/>
<USERREF USERNAME="ZPFkkovacs"/>
<USERREF USERNAME="ZPFklim"/>
<USERREF USERNAME="ZPFkpinter"/>
<USERREF USERNAME="ZPFlbalubar"/>
<USERREF USERNAME="ZPFlcseke"/>
<USERREF USERNAME="ZPFlmate"/>
<USERREF USERNAME="ZPFmkhella"/>
<USERREF USERNAME="ZPFmtoth"/>
<USERREF USERNAME="ZPFnqi"/>
<USERREF USERNAME="ZPFnreis"/>
<USERREF USERNAME="ZPFnvergara"/>
<USERREF USERNAME="ZPFoely"/>
<USERREF USERNAME="ZPFpvallar"/>
<USERREF USERNAME="ZPFrsulit"/>
<USERREF USERNAME="ZPFsaguilar"/>
<USERREF USERNAME="ZPFsdasilva"/>
<USERREF USERNAME="ZPFskholti"/>
<USERREF USERNAME="ZPFstayco"/>
<USERREF USERNAME="ZPFtcabanes"/>
<USERREF USERNAME="ZPFtfabian"/>
<USERREF USERNAME="ZPFtszabo"/>
<USERREF USERNAME="ZPFvzdirko"/>
</SITEGROUP>
<SITEGROUP SITENAME="(102) AZ Delta">
<USERREF USERNAME="c218621"/>
<USERREF USERNAME="c223292"/>
<USERREF USERNAME="c196683"/>
<USERREF USERNAME="c068502"/>
<USERREF USERNAME="c228249"/>
<USERREF USERNAME="c228246"/>
<USERREF USERNAME="c228247"/>
<USERREF USERNAME="c228248"/>
<USERREF USERNAME="c228250"/>
<USERREF USERNAME="c225200"/>
<USERREF USERNAME="u7X4333"/>
<USERREF USERNAME="c203058"/>
<USERREF USERNAME="c148827"/>
<USERREF USERNAME="c194055"/>
<USERREF USERNAME="c239605"/>
<USERREF USERNAME="c165082"/>
<USERREF USERNAME="idemedts"/>
<USERREF USERNAME="sadriaens"/>
<USERREF USERNAME="c421337"/>
<USERREF USERNAME="i4xmcjfda_RE"/>
<USERREF USERNAME="coder_query"/>
<USERREF USERNAME="z1x0496"/>
<USERREF USERNAME="c221481"/>
<USERREF USERNAME="yq45155"/>
<USERREF USERNAME="xf03593"/>
<USERREF USERNAME="v3x6628"/>
<USERREF USERNAME="c228472"/>
<USERREF USERNAME="xg04165"/>
<USERREF USERNAME="c239260"/>
<USERREF USERNAME="c200292"/>
<USERREF USERNAME="c003859"/>
<USERREF USERNAME="c083101"/>
<USERREF USERNAME="c079244"/>
<USERREF USERNAME="c219905"/>
<USERREF USERNAME="rm90029"/>
<USERREF USERNAME="rm89018"/>
<USERREF USERNAME="c069132"/>
<USERREF USERNAME="c015393"/>
<USERREF USERNAME="c057362"/>
<USERREF USERNAME="c071673"/>
<USERREF USERNAME="v6x8058"/>
<USERREF USERNAME="c206591"/>
<USERREF USERNAME="c090108"/>
<USERREF USERNAME="c039853"/>
<USERREF USERNAME="c074090"/>
<USERREF USERNAME="c068505"/>
<USERREF USERNAME="c085302"/>
<USERREF USERNAME="c149066"/>
<USERREF USERNAME="c074342"/>
<USERREF USERNAME="c021984"/>
<USERREF USERNAME="c149177"/>
<USERREF USERNAME="rm35504"/>
<USERREF USERNAME="c131994"/>
<USERREF USERNAME="ye91098"/>
<USERREF USERNAME="yex7972"/>
<USERREF USERNAME="v6x8356"/>
<USERREF USERNAME="c022433"/>
<USERREF USERNAME="c025980"/>
<USERREF USERNAME="c039863"/>
<USERREF USERNAME="c137396"/>
<USERREF USERNAME="c149176"/>
<USERREF USERNAME="c219898"/>
<USERREF USERNAME="c075541"/>
<USERREF USERNAME="a701824"/>
<USERREF USERNAME="c074429"/>
<USERREF USERNAME="c060736"/>
<USERREF USERNAME="c026393"/>
<USERREF USERNAME="c026390"/>
<USERREF USERNAME="a608760"/>
<USERREF USERNAME="a608261"/>
<USERREF USERNAME="c058698"/>
<USERREF USERNAME="c143125"/>
<USERREF USERNAME="u7x2510"/>
<USERREF USERNAME="c135748"/>
<USERREF USERNAME="yex7920"/>
<USERREF USERNAME="c149470"/>
<USERREF USERNAME="rm36132"/>
<USERREF USERNAME="a803075"/>
<USERREF USERNAME="a511471"/>
<USERREF USERNAME="rm87794"/>
<USERREF USERNAME="rm80655"/>
<USERREF USERNAME="c196248"/>
<USERREF USERNAME="c199642"/>
<USERREF USERNAME="ZPFaverpeleti"/>
<USERREF USERNAME="ZPFkbarkoczi"/>
<USERREF USERNAME="ZPFkhahn"/>
<USERREF USERNAME="ZPFabalogh"/>
<USERREF USERNAME="ZPFcdelacruz"/>
<USERREF USERNAME="ZPFckalinyak"/>
<USERREF USERNAME="ZPFcmolom"/>
<USERREF USERNAME="ZPFdnagy"/>
<USERREF USERNAME="ZPFedervishaj"/>
<USERREF USERNAME="ZPFepenzes"/>
<USERREF USERNAME="ZPFmandone"/>
<USERREF USERNAME="ZPFmlalangan"/>
<USERREF USERNAME="ZPFnkovacs"/>
<USERREF USERNAME="ZPFobodnar"/>
<USERREF USERNAME="ZPFprojas"/>
<USERREF USERNAME="ZPFpvamos"/>
<USERREF USERNAME="ZPFrcalorico"/>
<USERREF USERNAME="ZPFrducusin"/>
<USERREF USERNAME="ZPFaktoth"/>
<USERREF USERNAME="ZPFapervaiz"/>
<USERREF USERNAME="ZPFasomogyi"/>
<USERREF USERNAME="ZPFaterjek"/>
<USERREF USERNAME="ZPFawarsama"/>
<USERREF USERNAME="ZPFcmercado"/>
<USERREF USERNAME="ZPFddiomede"/>
<USERREF USERNAME="ZPFdvittay"/>
<USERREF USERNAME="ZPFekosa"/>
<USERREF USERNAME="ZPFfillesy"/>
<USERREF USERNAME="ZPFfvarga"/>
<USERREF USERNAME="ZPFgkrucso"/>
<USERREF USERNAME="ZPFgyvarga"/>
<USERREF USERNAME="ZPFijohl"/>
<USERREF USERNAME="ZPFjistenes"/>
<USERREF USERNAME="ZPFkcco"/>
<USERREF USERNAME="ZPFkcsobalyka"/>
<USERREF USERNAME="ZPFkkovacs"/>
<USERREF USERNAME="ZPFklim"/>
<USERREF USERNAME="ZPFkpinter"/>
<USERREF USERNAME="ZPFlbalubar"/>
<USERREF USERNAME="ZPFlcseke"/>
<USERREF USERNAME="ZPFlmate"/>
<USERREF USERNAME="ZPFmkhella"/>
<USERREF USERNAME="ZPFmtoth"/>
<USERREF USERNAME="ZPFnqi"/>
<USERREF USERNAME="ZPFnreis"/>
<USERREF USERNAME="ZPFnvergara"/>
<USERREF USERNAME="ZPFoely"/>
<USERREF USERNAME="ZPFpvallar"/>
<USERREF USERNAME="ZPFrsulit"/>
<USERREF USERNAME="ZPFsaguilar"/>
<USERREF USERNAME="ZPFsdasilva"/>
<USERREF USERNAME="ZPFskholti"/>
<USERREF USERNAME="ZPFstayco"/>
<USERREF USERNAME="ZPFtcabanes"/>
<USERREF USERNAME="ZPFtfabian"/>
<USERREF USERNAME="ZPFtszabo"/>
<USERREF USERNAME="ZPFvzdirko"/>
</SITEGROUP>
<SITEGROUP SITENAME="(304) Azienda Ospedaliera  S Giuseppe Moscati">
<USERREF USERNAME="rm36132"/>
<USERREF USERNAME="a803075"/>
<USERREF USERNAME="a511471"/>
<USERREF USERNAME="rm87794"/>
<USERREF USERNAME="rm80655"/>
<USERREF USERNAME="c196248"/>
<USERREF USERNAME="c199642"/>
<USERREF USERNAME="c218621"/>
<USERREF USERNAME="c223292"/>
<USERREF USERNAME="c196683"/>
<USERREF USERNAME="c068502"/>
<USERREF USERNAME="c228249"/>
<USERREF USERNAME="i4xmcjfda_RE"/>
<USERREF USERNAME="coder_query"/>
<USERREF USERNAME="z1x0496"/>
<USERREF USERNAME="c221481"/>
<USERREF USERNAME="yq45155"/>
<USERREF USERNAME="xf03593"/>
<USERREF USERNAME="v3x6628"/>
<USERREF USERNAME="c228246"/>
<USERREF USERNAME="c228247"/>
<USERREF USERNAME="c228248"/>
<USERREF USERNAME="c228250"/>
<USERREF USERNAME="c225200"/>
<USERREF USERNAME="u7X4333"/>
<USERREF USERNAME="c203058"/>
<USERREF USERNAME="c148827"/>
<USERREF USERNAME="c194055"/>
<USERREF USERNAME="c239605"/>
<USERREF USERNAME="c165082"/>
<USERREF USERNAME="c211950"/>
<USERREF USERNAME="c228472"/>
<USERREF USERNAME="xg04165"/>
<USERREF USERNAME="cgridelli"/>
<USERREF USERNAME="vbarbato"/>
<USERREF USERNAME="c239260"/>
<USERREF USERNAME="c200292"/>
<USERREF USERNAME="c003859"/>
<USERREF USERNAME="c083101"/>
<USERREF USERNAME="c079244"/>
<USERREF USERNAME="c219905"/>
<USERREF USERNAME="rm90029"/>
<USERREF USERNAME="rm89018"/>
<USERREF USERNAME="c069132"/>
<USERREF USERNAME="c015393"/>
<USERREF USERNAME="c057362"/>
<USERREF USERNAME="c071673"/>
<USERREF USERNAME="v6x8058"/>
<USERREF USERNAME="c206591"/>
<USERREF USERNAME="c090108"/>
<USERREF USERNAME="c039853"/>
<USERREF USERNAME="c074090"/>
<USERREF USERNAME="c068505"/>
<USERREF USERNAME="c085302"/>
<USERREF USERNAME="c149066"/>
<USERREF USERNAME="c074342"/>
<USERREF USERNAME="c021984"/>
<USERREF USERNAME="c149177"/>
<USERREF USERNAME="rm35504"/>
<USERREF USERNAME="c131994"/>
<USERREF USERNAME="ye91098"/>
<USERREF USERNAME="yex7972"/>
<USERREF USERNAME="v6x8356"/>
<USERREF USERNAME="c022433"/>
<USERREF USERNAME="c025980"/>
<USERREF USERNAME="c039863"/>
<USERREF USERNAME="c137396"/>
<USERREF USERNAME="c149176"/>
<USERREF USERNAME="c219898"/>
<USERREF USERNAME="c075541"/>
<USERREF USERNAME="a701824"/>
<USERREF USERNAME="c074429"/>
<USERREF USERNAME="c060736"/>
<USERREF USERNAME="c026393"/>
<USERREF USERNAME="c026390"/>
<USERREF USERNAME="a608760"/>
<USERREF USERNAME="a608261"/>
<USERREF USERNAME="c058698"/>
<USERREF USERNAME="c143125"/>
<USERREF USERNAME="u7x2510"/>
<USERREF USERNAME="c135748"/>
<USERREF USERNAME="yex7920"/>
<USERREF USERNAME="c149470"/>
<USERREF USERNAME="ZPFaverpeleti"/>
<USERREF USERNAME="ZPFkbarkoczi"/>
<USERREF USERNAME="ZPFkhahn"/>
<USERREF USERNAME="ZPFabalogh"/>
<USERREF USERNAME="ZPFcdelacruz"/>
<USERREF USERNAME="ZPFckalinyak"/>
<USERREF USERNAME="ZPFcmolom"/>
<USERREF USERNAME="ZPFdnagy"/>
<USERREF USERNAME="ZPFedervishaj"/>
<USERREF USERNAME="ZPFepenzes"/>
<USERREF USERNAME="ZPFmandone"/>
<USERREF USERNAME="ZPFmlalangan"/>
<USERREF USERNAME="ZPFnkovacs"/>
<USERREF USERNAME="ZPFobodnar"/>
<USERREF USERNAME="ZPFprojas"/>
<USERREF USERNAME="ZPFpvamos"/>
<USERREF USERNAME="ZPFrcalorico"/>
<USERREF USERNAME="ZPFrducusin"/>
<USERREF USERNAME="ZPFaktoth"/>
<USERREF USERNAME="ZPFapervaiz"/>
<USERREF USERNAME="ZPFasomogyi"/>
<USERREF USERNAME="ZPFaterjek"/>
<USERREF USERNAME="ZPFawarsama"/>
<USERREF USERNAME="ZPFcmercado"/>
<USERREF USERNAME="ZPFddiomede"/>
<USERREF USERNAME="ZPFdvittay"/>
<USERREF USERNAME="ZPFekosa"/>
<USERREF USERNAME="ZPFfillesy"/>
<USERREF USERNAME="ZPFfvarga"/>
<USERREF USERNAME="ZPFgkrucso"/>
<USERREF USERNAME="ZPFgyvarga"/>
<USERREF USERNAME="ZPFijohl"/>
<USERREF USERNAME="ZPFjistenes"/>
<USERREF USERNAME="ZPFkcco"/>
<USERREF USERNAME="ZPFkcsobalyka"/>
<USERREF USERNAME="ZPFkkovacs"/>
<USERREF USERNAME="ZPFklim"/>
<USERREF USERNAME="ZPFkpinter"/>
<USERREF USERNAME="ZPFlbalubar"/>
<USERREF USERNAME="ZPFlcseke"/>
<USERREF USERNAME="ZPFlmate"/>
<USERREF USERNAME="ZPFmkhella"/>
<USERREF USERNAME="ZPFmtoth"/>
<USERREF USERNAME="ZPFnqi"/>
<USERREF USERNAME="ZPFnreis"/>
<USERREF USERNAME="ZPFnvergara"/>
<USERREF USERNAME="ZPFoely"/>
<USERREF USERNAME="ZPFpvallar"/>
<USERREF USERNAME="ZPFrsulit"/>
<USERREF USERNAME="ZPFsaguilar"/>
<USERREF USERNAME="ZPFsdasilva"/>
<USERREF USERNAME="ZPFskholti"/>
<USERREF USERNAME="ZPFstayco"/>
<USERREF USERNAME="ZPFtcabanes"/>
<USERREF USERNAME="ZPFtfabian"/>
<USERREF USERNAME="ZPFtszabo"/>
<USERREF USERNAME="ZPFvzdirko"/>
</SITEGROUP>
<SITEGROUP SITENAME="(300) Azienda Ospedaliera Universitaria Pisana - Ospedale di Cisanello">
<USERREF USERNAME="c228246"/>
<USERREF USERNAME="c228247"/>
<USERREF USERNAME="c228248"/>
<USERREF USERNAME="c228250"/>
<USERREF USERNAME="c225200"/>
<USERREF USERNAME="u7X4333"/>
<USERREF USERNAME="c203058"/>
<USERREF USERNAME="c148827"/>
<USERREF USERNAME="c194055"/>
<USERREF USERNAME="c239605"/>
<USERREF USERNAME="c165082"/>
<USERREF USERNAME="c211950"/>
<USERREF USERNAME="i4xmcjfda_RE"/>
<USERREF USERNAME="coder_query"/>
<USERREF USERNAME="z1x0496"/>
<USERREF USERNAME="c221481"/>
<USERREF USERNAME="yq45155"/>
<USERREF USERNAME="xf03593"/>
<USERREF USERNAME="v3x6628"/>
<USERREF USERNAME="c228472"/>
<USERREF USERNAME="xg04165"/>
<USERREF USERNAME="achella"/>
<USERREF USERNAME="corlando"/>
<USERREF USERNAME="c239260"/>
<USERREF USERNAME="c200292"/>
<USERREF USERNAME="c003859"/>
<USERREF USERNAME="c083101"/>
<USERREF USERNAME="c079244"/>
<USERREF USERNAME="c219905"/>
<USERREF USERNAME="rm90029"/>
<USERREF USERNAME="rm89018"/>
<USERREF USERNAME="c069132"/>
<USERREF USERNAME="c015393"/>
<USERREF USERNAME="c057362"/>
<USERREF USERNAME="c071673"/>
<USERREF USERNAME="v6x8058"/>
<USERREF USERNAME="c206591"/>
<USERREF USERNAME="c090108"/>
<USERREF USERNAME="c039853"/>
<USERREF USERNAME="c074090"/>
<USERREF USERNAME="c068505"/>
<USERREF USERNAME="c085302"/>
<USERREF USERNAME="c149066"/>
<USERREF USERNAME="c074342"/>
<USERREF USERNAME="c021984"/>
<USERREF USERNAME="c149177"/>
<USERREF USERNAME="rm35504"/>
<USERREF USERNAME="c131994"/>
<USERREF USERNAME="ye91098"/>
<USERREF USERNAME="yex7972"/>
<USERREF USERNAME="v6x8356"/>
<USERREF USERNAME="c022433"/>
<USERREF USERNAME="c025980"/>
<USERREF USERNAME="c039863"/>
<USERREF USERNAME="c137396"/>
<USERREF USERNAME="c149176"/>
<USERREF USERNAME="c219898"/>
<USERREF USERNAME="c075541"/>
<USERREF USERNAME="a701824"/>
<USERREF USERNAME="c074429"/>
<USERREF USERNAME="c060736"/>
<USERREF USERNAME="c026393"/>
<USERREF USERNAME="c026390"/>
<USERREF USERNAME="a608760"/>
<USERREF USERNAME="a608261"/>
<USERREF USERNAME="c058698"/>
<USERREF USERNAME="c143125"/>
<USERREF USERNAME="u7x2510"/>
<USERREF USERNAME="c135748"/>
<USERREF USERNAME="yex7920"/>
<USERREF USERNAME="c149470"/>
<USERREF USERNAME="rm36132"/>
<USERREF USERNAME="a803075"/>
<USERREF USERNAME="a511471"/>
<USERREF USERNAME="rm87794"/>
<USERREF USERNAME="rm80655"/>
<USERREF USERNAME="c196248"/>
<USERREF USERNAME="c199642"/>
<USERREF USERNAME="c218621"/>
<USERREF USERNAME="c223292"/>
<USERREF USERNAME="c196683"/>
<USERREF USERNAME="c068502"/>
<USERREF USERNAME="c228249"/>
<USERREF USERNAME="ZPFaverpeleti"/>
<USERREF USERNAME="ZPFkbarkoczi"/>
<USERREF USERNAME="ZPFkhahn"/>
<USERREF USERNAME="ZPFabalogh"/>
<USERREF USERNAME="ZPFcdelacruz"/>
<USERREF USERNAME="ZPFckalinyak"/>
<USERREF USERNAME="ZPFcmolom"/>
<USERREF USERNAME="ZPFdnagy"/>
<USERREF USERNAME="ZPFedervishaj"/>
<USERREF USERNAME="ZPFepenzes"/>
<USERREF USERNAME="ZPFmandone"/>
<USERREF USERNAME="ZPFmlalangan"/>
<USERREF USERNAME="ZPFnkovacs"/>
<USERREF USERNAME="ZPFobodnar"/>
<USERREF USERNAME="ZPFprojas"/>
<USERREF USERNAME="ZPFpvamos"/>
<USERREF USERNAME="ZPFrcalorico"/>
<USERREF USERNAME="ZPFrducusin"/>
<USERREF USERNAME="ZPFaktoth"/>
<USERREF USERNAME="ZPFapervaiz"/>
<USERREF USERNAME="ZPFasomogyi"/>
<USERREF USERNAME="ZPFaterjek"/>
<USERREF USERNAME="ZPFawarsama"/>
<USERREF USERNAME="ZPFcmercado"/>
<USERREF USERNAME="ZPFddiomede"/>
<USERREF USERNAME="ZPFdvittay"/>
<USERREF USERNAME="ZPFekosa"/>
<USERREF USERNAME="ZPFfillesy"/>
<USERREF USERNAME="ZPFfvarga"/>
<USERREF USERNAME="ZPFgkrucso"/>
<USERREF USERNAME="ZPFgyvarga"/>
<USERREF USERNAME="ZPFijohl"/>
<USERREF USERNAME="ZPFjistenes"/>
<USERREF USERNAME="ZPFkcco"/>
<USERREF USERNAME="ZPFkcsobalyka"/>
<USERREF USERNAME="ZPFkkovacs"/>
<USERREF USERNAME="ZPFklim"/>
<USERREF USERNAME="ZPFkpinter"/>
<USERREF USERNAME="ZPFlbalubar"/>
<USERREF USERNAME="ZPFlcseke"/>
<USERREF USERNAME="ZPFlmate"/>
<USERREF USERNAME="ZPFmkhella"/>
<USERREF USERNAME="ZPFmtoth"/>
<USERREF USERNAME="ZPFnqi"/>
<USERREF USERNAME="ZPFnreis"/>
<USERREF USERNAME="ZPFnvergara"/>
<USERREF USERNAME="ZPFoely"/>
<USERREF USERNAME="ZPFpvallar"/>
<USERREF USERNAME="ZPFrsulit"/>
<USERREF USERNAME="ZPFsaguilar"/>
<USERREF USERNAME="ZPFsdasilva"/>
<USERREF USERNAME="ZPFskholti"/>
<USERREF USERNAME="ZPFstayco"/>
<USERREF USERNAME="ZPFtcabanes"/>
<USERREF USERNAME="ZPFtfabian"/>
<USERREF USERNAME="ZPFtszabo"/>
<USERREF USERNAME="ZPFvzdirko"/>
</SITEGROUP>
<SITEGROUP SITENAME="(104) CHR La Citadelle">
<USERREF USERNAME="c218621"/>
<USERREF USERNAME="c223292"/>
<USERREF USERNAME="c196683"/>
<USERREF USERNAME="c068502"/>
<USERREF USERNAME="c228249"/>
<USERREF USERNAME="c228246"/>
<USERREF USERNAME="c228247"/>
<USERREF USERNAME="c228248"/>
<USERREF USERNAME="c228250"/>
<USERREF USERNAME="c225200"/>
<USERREF USERNAME="u7X4333"/>
<USERREF USERNAME="c203058"/>
<USERREF USERNAME="c148827"/>
<USERREF USERNAME="c194055"/>
<USERREF USERNAME="c239605"/>
<USERREF USERNAME="c165082"/>
<USERREF USERNAME="fbustin"/>
<USERREF USERNAME="mcrine"/>
<USERREF USERNAME="c240699"/>
<USERREF USERNAME="i4xmcjfda_RE"/>
<USERREF USERNAME="coder_query"/>
<USERREF USERNAME="z1x0496"/>
<USERREF USERNAME="c221481"/>
<USERREF USERNAME="yq45155"/>
<USERREF USERNAME="xf03593"/>
<USERREF USERNAME="v3x6628"/>
<USERREF USERNAME="c228472"/>
<USERREF USERNAME="xg04165"/>
<USERREF USERNAME="c239260"/>
<USERREF USERNAME="c200292"/>
<USERREF USERNAME="c003859"/>
<USERREF USERNAME="c083101"/>
<USERREF USERNAME="c079244"/>
<USERREF USERNAME="c219905"/>
<USERREF USERNAME="rm90029"/>
<USERREF USERNAME="rm89018"/>
<USERREF USERNAME="c069132"/>
<USERREF USERNAME="c015393"/>
<USERREF USERNAME="c057362"/>
<USERREF USERNAME="c071673"/>
<USERREF USERNAME="v6x8058"/>
<USERREF USERNAME="c206591"/>
<USERREF USERNAME="c090108"/>
<USERREF USERNAME="c039853"/>
<USERREF USERNAME="c074090"/>
<USERREF USERNAME="c068505"/>
<USERREF USERNAME="c085302"/>
<USERREF USERNAME="c149066"/>
<USERREF USERNAME="c074342"/>
<USERREF USERNAME="c021984"/>
<USERREF USERNAME="c149177"/>
<USERREF USERNAME="rm35504"/>
<USERREF USERNAME="c131994"/>
<USERREF USERNAME="ye91098"/>
<USERREF USERNAME="yex7972"/>
<USERREF USERNAME="v6x8356"/>
<USERREF USERNAME="c022433"/>
<USERREF USERNAME="c025980"/>
<USERREF USERNAME="c039863"/>
<USERREF USERNAME="c137396"/>
<USERREF USERNAME="c149176"/>
<USERREF USERNAME="c219898"/>
<USERREF USERNAME="c075541"/>
<USERREF USERNAME="a701824"/>
<USERREF USERNAME="c074429"/>
<USERREF USERNAME="c060736"/>
<USERREF USERNAME="c026393"/>
<USERREF USERNAME="c026390"/>
<USERREF USERNAME="a608760"/>
<USERREF USERNAME="a608261"/>
<USERREF USERNAME="c058698"/>
<USERREF USERNAME="c143125"/>
<USERREF USERNAME="u7x2510"/>
<USERREF USERNAME="c135748"/>
<USERREF USERNAME="yex7920"/>
<USERREF USERNAME="c149470"/>
<USERREF USERNAME="rm36132"/>
<USERREF USERNAME="a803075"/>
<USERREF USERNAME="a511471"/>
<USERREF USERNAME="rm87794"/>
<USERREF USERNAME="rm80655"/>
<USERREF USERNAME="c196248"/>
<USERREF USERNAME="c199642"/>
<USERREF USERNAME="ZPFaverpeleti"/>
<USERREF USERNAME="ZPFkbarkoczi"/>
<USERREF USERNAME="ZPFkhahn"/>
<USERREF USERNAME="ZPFabalogh"/>
<USERREF USERNAME="ZPFcdelacruz"/>
<USERREF USERNAME="ZPFckalinyak"/>
<USERREF USERNAME="ZPFcmolom"/>
<USERREF USERNAME="ZPFdnagy"/>
<USERREF USERNAME="ZPFedervishaj"/>
<USERREF USERNAME="ZPFepenzes"/>
<USERREF USERNAME="ZPFmandone"/>
<USERREF USERNAME="ZPFmlalangan"/>
<USERREF USERNAME="ZPFnkovacs"/>
<USERREF USERNAME="ZPFobodnar"/>
<USERREF USERNAME="ZPFprojas"/>
<USERREF USERNAME="ZPFpvamos"/>
<USERREF USERNAME="ZPFrcalorico"/>
<USERREF USERNAME="ZPFrducusin"/>
<USERREF USERNAME="ZPFaktoth"/>
<USERREF USERNAME="ZPFapervaiz"/>
<USERREF USERNAME="ZPFasomogyi"/>
<USERREF USERNAME="ZPFaterjek"/>
<USERREF USERNAME="ZPFawarsama"/>
<USERREF USERNAME="ZPFcmercado"/>
<USERREF USERNAME="ZPFddiomede"/>
<USERREF USERNAME="ZPFdvittay"/>
<USERREF USERNAME="ZPFekosa"/>
<USERREF USERNAME="ZPFfillesy"/>
<USERREF USERNAME="ZPFfvarga"/>
<USERREF USERNAME="ZPFgkrucso"/>
<USERREF USERNAME="ZPFgyvarga"/>
<USERREF USERNAME="ZPFijohl"/>
<USERREF USERNAME="ZPFjistenes"/>
<USERREF USERNAME="ZPFkcco"/>
<USERREF USERNAME="ZPFkcsobalyka"/>
<USERREF USERNAME="ZPFkkovacs"/>
<USERREF USERNAME="ZPFklim"/>
<USERREF USERNAME="ZPFkpinter"/>
<USERREF USERNAME="ZPFlbalubar"/>
<USERREF USERNAME="ZPFlcseke"/>
<USERREF USERNAME="ZPFlmate"/>
<USERREF USERNAME="ZPFmkhella"/>
<USERREF USERNAME="ZPFmtoth"/>
<USERREF USERNAME="ZPFnqi"/>
<USERREF USERNAME="ZPFnreis"/>
<USERREF USERNAME="ZPFnvergara"/>
<USERREF USERNAME="ZPFoely"/>
<USERREF USERNAME="ZPFpvallar"/>
<USERREF USERNAME="ZPFrsulit"/>
<USERREF USERNAME="ZPFsaguilar"/>
<USERREF USERNAME="ZPFsdasilva"/>
<USERREF USERNAME="ZPFskholti"/>
<USERREF USERNAME="ZPFstayco"/>
<USERREF USERNAME="ZPFtcabanes"/>
<USERREF USERNAME="ZPFtfabian"/>
<USERREF USERNAME="ZPFtszabo"/>
<USERREF USERNAME="ZPFvzdirko"/>
</SITEGROUP>
<SITEGROUP SITENAME="(404) Centrul de Oncologie Sf Nectarie Craiova Oncologie Medicala">
<USERREF USERNAME="c074090"/>
<USERREF USERNAME="c068505"/>
<USERREF USERNAME="c085302"/>
<USERREF USERNAME="c149066"/>
<USERREF USERNAME="c074342"/>
<USERREF USERNAME="c021984"/>
<USERREF USERNAME="c149177"/>
<USERREF USERNAME="rm35504"/>
<USERREF USERNAME="c131994"/>
<USERREF USERNAME="ye91098"/>
<USERREF USERNAME="yex7972"/>
<USERREF USERNAME="v6x8356"/>
<USERREF USERNAME="c022433"/>
<USERREF USERNAME="c025980"/>
<USERREF USERNAME="c039863"/>
<USERREF USERNAME="c137396"/>
<USERREF USERNAME="c149176"/>
<USERREF USERNAME="c219898"/>
<USERREF USERNAME="c075541"/>
<USERREF USERNAME="a701824"/>
<USERREF USERNAME="c074429"/>
<USERREF USERNAME="c060736"/>
<USERREF USERNAME="c026393"/>
<USERREF USERNAME="c026390"/>
<USERREF USERNAME="a608760"/>
<USERREF USERNAME="a608261"/>
<USERREF USERNAME="c058698"/>
<USERREF USERNAME="c143125"/>
<USERREF USERNAME="u7x2510"/>
<USERREF USERNAME="c135748"/>
<USERREF USERNAME="yex7920"/>
<USERREF USERNAME="c149470"/>
<USERREF USERNAME="rm36132"/>
<USERREF USERNAME="a803075"/>
<USERREF USERNAME="a511471"/>
<USERREF USERNAME="rm87794"/>
<USERREF USERNAME="rm80655"/>
<USERREF USERNAME="c196248"/>
<USERREF USERNAME="c199642"/>
<USERREF USERNAME="c218621"/>
<USERREF USERNAME="c223292"/>
<USERREF USERNAME="c196683"/>
<USERREF USERNAME="c068502"/>
<USERREF USERNAME="c228249"/>
<USERREF USERNAME="c228246"/>
<USERREF USERNAME="c228247"/>
<USERREF USERNAME="c228248"/>
<USERREF USERNAME="c228250"/>
<USERREF USERNAME="mschenker"/>
<USERREF USERNAME="ostovicek"/>
<USERREF USERNAME="agheorghe"/>
<USERREF USERNAME="c225200"/>
<USERREF USERNAME="u7X4333"/>
<USERREF USERNAME="c203058"/>
<USERREF USERNAME="c148827"/>
<USERREF USERNAME="c194055"/>
<USERREF USERNAME="c239605"/>
<USERREF USERNAME="c165082"/>
<USERREF USERNAME="c229812"/>
<USERREF USERNAME="i4xmcjfda_RE"/>
<USERREF USERNAME="coder_query"/>
<USERREF USERNAME="z1x0496"/>
<USERREF USERNAME="c221481"/>
<USERREF USERNAME="yq45155"/>
<USERREF USERNAME="xf03593"/>
<USERREF USERNAME="v3x6628"/>
<USERREF USERNAME="c228472"/>
<USERREF USERNAME="xg04165"/>
<USERREF USERNAME="c239260"/>
<USERREF USERNAME="c200292"/>
<USERREF USERNAME="c003859"/>
<USERREF USERNAME="c083101"/>
<USERREF USERNAME="c079244"/>
<USERREF USERNAME="c219905"/>
<USERREF USERNAME="rm90029"/>
<USERREF USERNAME="rm89018"/>
<USERREF USERNAME="c069132"/>
<USERREF USERNAME="c015393"/>
<USERREF USERNAME="c057362"/>
<USERREF USERNAME="c071673"/>
<USERREF USERNAME="v6x8058"/>
<USERREF USERNAME="c206591"/>
<USERREF USERNAME="c090108"/>
<USERREF USERNAME="c039853"/>
<USERREF USERNAME="ZPFaverpeleti"/>
<USERREF USERNAME="ZPFkbarkoczi"/>
<USERREF USERNAME="ZPFkhahn"/>
<USERREF USERNAME="ZPFabalogh"/>
<USERREF USERNAME="ZPFcdelacruz"/>
<USERREF USERNAME="ZPFckalinyak"/>
<USERREF USERNAME="ZPFcmolom"/>
<USERREF USERNAME="ZPFdnagy"/>
<USERREF USERNAME="ZPFedervishaj"/>
<USERREF USERNAME="ZPFepenzes"/>
<USERREF USERNAME="ZPFmandone"/>
<USERREF USERNAME="ZPFmlalangan"/>
<USERREF USERNAME="ZPFnkovacs"/>
<USERREF USERNAME="ZPFobodnar"/>
<USERREF USERNAME="ZPFprojas"/>
<USERREF USERNAME="ZPFpvamos"/>
<USERREF USERNAME="ZPFrcalorico"/>
<USERREF USERNAME="ZPFrducusin"/>
<USERREF USERNAME="ZPFaktoth"/>
<USERREF USERNAME="ZPFapervaiz"/>
<USERREF USERNAME="ZPFasomogyi"/>
<USERREF USERNAME="ZPFaterjek"/>
<USERREF USERNAME="ZPFawarsama"/>
<USERREF USERNAME="ZPFcmercado"/>
<USERREF USERNAME="ZPFddiomede"/>
<USERREF USERNAME="ZPFdvittay"/>
<USERREF USERNAME="ZPFekosa"/>
<USERREF USERNAME="ZPFfillesy"/>
<USERREF USERNAME="ZPFfvarga"/>
<USERREF USERNAME="ZPFgkrucso"/>
<USERREF USERNAME="ZPFgyvarga"/>
<USERREF USERNAME="ZPFijohl"/>
<USERREF USERNAME="ZPFjistenes"/>
<USERREF USERNAME="ZPFkcco"/>
<USERREF USERNAME="ZPFkcsobalyka"/>
<USERREF USERNAME="ZPFkkovacs"/>
<USERREF USERNAME="ZPFklim"/>
<USERREF USERNAME="ZPFkpinter"/>
<USERREF USERNAME="ZPFlbalubar"/>
<USERREF USERNAME="ZPFlcseke"/>
<USERREF USERNAME="ZPFlmate"/>
<USERREF USERNAME="ZPFmkhella"/>
<USERREF USERNAME="ZPFmtoth"/>
<USERREF USERNAME="ZPFnqi"/>
<USERREF USERNAME="ZPFnreis"/>
<USERREF USERNAME="ZPFnvergara"/>
<USERREF USERNAME="ZPFoely"/>
<USERREF USERNAME="ZPFpvallar"/>
<USERREF USERNAME="ZPFrsulit"/>
<USERREF USERNAME="ZPFsaguilar"/>
<USERREF USERNAME="ZPFsdasilva"/>
<USERREF USERNAME="ZPFskholti"/>
<USERREF USERNAME="ZPFstayco"/>
<USERREF USERNAME="ZPFtcabanes"/>
<USERREF USERNAME="ZPFtfabian"/>
<USERREF USERNAME="ZPFtszabo"/>
<USERREF USERNAME="ZPFvzdirko"/>
</SITEGROUP>
<SITEGROUP SITENAME="(100) Hopital de Jolimont">
<USERREF USERNAME="c218621"/>
<USERREF USERNAME="c223292"/>
<USERREF USERNAME="c196683"/>
<USERREF USERNAME="c068502"/>
<USERREF USERNAME="c228249"/>
<USERREF USERNAME="c228246"/>
<USERREF USERNAME="c228247"/>
<USERREF USERNAME="c228248"/>
<USERREF USERNAME="c228250"/>
<USERREF USERNAME="c225200"/>
<USERREF USERNAME="u7X4333"/>
<USERREF USERNAME="c203058"/>
<USERREF USERNAME="c148827"/>
<USERREF USERNAME="c194055"/>
<USERREF USERNAME="c239605"/>
<USERREF USERNAME="c165082"/>
<USERREF USERNAME="fclinckart"/>
<USERREF USERNAME="tfourneaux"/>
<USERREF USERNAME="c240699"/>
<USERREF USERNAME="i4xmcjfda_RE"/>
<USERREF USERNAME="coder_query"/>
<USERREF USERNAME="z1x0496"/>
<USERREF USERNAME="c221481"/>
<USERREF USERNAME="yq45155"/>
<USERREF USERNAME="xf03593"/>
<USERREF USERNAME="v3x6628"/>
<USERREF USERNAME="c228472"/>
<USERREF USERNAME="xg04165"/>
<USERREF USERNAME="c239260"/>
<USERREF USERNAME="c200292"/>
<USERREF USERNAME="c003859"/>
<USERREF USERNAME="c083101"/>
<USERREF USERNAME="c079244"/>
<USERREF USERNAME="c219905"/>
<USERREF USERNAME="rm90029"/>
<USERREF USERNAME="rm89018"/>
<USERREF USERNAME="c069132"/>
<USERREF USERNAME="c015393"/>
<USERREF USERNAME="c057362"/>
<USERREF USERNAME="c071673"/>
<USERREF USERNAME="v6x8058"/>
<USERREF USERNAME="c206591"/>
<USERREF USERNAME="c090108"/>
<USERREF USERNAME="c039853"/>
<USERREF USERNAME="c074090"/>
<USERREF USERNAME="c068505"/>
<USERREF USERNAME="c085302"/>
<USERREF USERNAME="c149066"/>
<USERREF USERNAME="c074342"/>
<USERREF USERNAME="c021984"/>
<USERREF USERNAME="c149177"/>
<USERREF USERNAME="rm35504"/>
<USERREF USERNAME="c131994"/>
<USERREF USERNAME="ye91098"/>
<USERREF USERNAME="yex7972"/>
<USERREF USERNAME="v6x8356"/>
<USERREF USERNAME="c022433"/>
<USERREF USERNAME="c025980"/>
<USERREF USERNAME="c039863"/>
<USERREF USERNAME="c137396"/>
<USERREF USERNAME="c149176"/>
<USERREF USERNAME="c219898"/>
<USERREF USERNAME="c075541"/>
<USERREF USERNAME="a701824"/>
<USERREF USERNAME="c074429"/>
<USERREF USERNAME="c060736"/>
<USERREF USERNAME="c026393"/>
<USERREF USERNAME="c026390"/>
<USERREF USERNAME="a608760"/>
<USERREF USERNAME="a608261"/>
<USERREF USERNAME="c058698"/>
<USERREF USERNAME="c143125"/>
<USERREF USERNAME="u7x2510"/>
<USERREF USERNAME="c135748"/>
<USERREF USERNAME="yex7920"/>
<USERREF USERNAME="c149470"/>
<USERREF USERNAME="rm36132"/>
<USERREF USERNAME="a803075"/>
<USERREF USERNAME="a511471"/>
<USERREF USERNAME="rm87794"/>
<USERREF USERNAME="rm80655"/>
<USERREF USERNAME="c196248"/>
<USERREF USERNAME="c199642"/>
<USERREF USERNAME="ZPFaverpeleti"/>
<USERREF USERNAME="ZPFkbarkoczi"/>
<USERREF USERNAME="ZPFkhahn"/>
<USERREF USERNAME="ZPFabalogh"/>
<USERREF USERNAME="ZPFcdelacruz"/>
<USERREF USERNAME="ZPFckalinyak"/>
<USERREF USERNAME="ZPFcmolom"/>
<USERREF USERNAME="ZPFdnagy"/>
<USERREF USERNAME="ZPFedervishaj"/>
<USERREF USERNAME="ZPFepenzes"/>
<USERREF USERNAME="ZPFmandone"/>
<USERREF USERNAME="ZPFmlalangan"/>
<USERREF USERNAME="ZPFnkovacs"/>
<USERREF USERNAME="ZPFobodnar"/>
<USERREF USERNAME="ZPFprojas"/>
<USERREF USERNAME="ZPFpvamos"/>
<USERREF USERNAME="ZPFrcalorico"/>
<USERREF USERNAME="ZPFrducusin"/>
<USERREF USERNAME="ZPFaktoth"/>
<USERREF USERNAME="ZPFapervaiz"/>
<USERREF USERNAME="ZPFasomogyi"/>
<USERREF USERNAME="ZPFaterjek"/>
<USERREF USERNAME="ZPFawarsama"/>
<USERREF USERNAME="ZPFcmercado"/>
<USERREF USERNAME="ZPFddiomede"/>
<USERREF USERNAME="ZPFdvittay"/>
<USERREF USERNAME="ZPFekosa"/>
<USERREF USERNAME="ZPFfillesy"/>
<USERREF USERNAME="ZPFfvarga"/>
<USERREF USERNAME="ZPFgkrucso"/>
<USERREF USERNAME="ZPFgyvarga"/>
<USERREF USERNAME="ZPFijohl"/>
<USERREF USERNAME="ZPFjistenes"/>
<USERREF USERNAME="ZPFkcco"/>
<USERREF USERNAME="ZPFkcsobalyka"/>
<USERREF USERNAME="ZPFkkovacs"/>
<USERREF USERNAME="ZPFklim"/>
<USERREF USERNAME="ZPFkpinter"/>
<USERREF USERNAME="ZPFlbalubar"/>
<USERREF USERNAME="ZPFlcseke"/>
<USERREF USERNAME="ZPFlmate"/>
<USERREF USERNAME="ZPFmkhella"/>
<USERREF USERNAME="ZPFmtoth"/>
<USERREF USERNAME="ZPFnqi"/>
<USERREF USERNAME="ZPFnreis"/>
<USERREF USERNAME="ZPFnvergara"/>
<USERREF USERNAME="ZPFoely"/>
<USERREF USERNAME="ZPFpvallar"/>
<USERREF USERNAME="ZPFrsulit"/>
<USERREF USERNAME="ZPFsaguilar"/>
<USERREF USERNAME="ZPFsdasilva"/>
<USERREF USERNAME="ZPFskholti"/>
<USERREF USERNAME="ZPFstayco"/>
<USERREF USERNAME="ZPFtcabanes"/>
<USERREF USERNAME="ZPFtfabian"/>
<USERREF USERNAME="ZPFtszabo"/>
<USERREF USERNAME="ZPFvzdirko"/>
</SITEGROUP>
<SITEGROUP SITENAME="(400) Institutul Oncologic Prof Dr Al Trestioreanu Bucuresti Oncologie Medicala">
<USERREF USERNAME="c218621"/>
<USERREF USERNAME="c223292"/>
<USERREF USERNAME="c196683"/>
<USERREF USERNAME="c068502"/>
<USERREF USERNAME="c228249"/>
<USERREF USERNAME="c228246"/>
<USERREF USERNAME="c228247"/>
<USERREF USERNAME="c228248"/>
<USERREF USERNAME="c228250"/>
<USERREF USERNAME="aalexandru"/>
<USERREF USERNAME="lgales"/>
<USERREF USERNAME="rfostea"/>
<USERREF USERNAME="c225200"/>
<USERREF USERNAME="u7X4333"/>
<USERREF USERNAME="c203058"/>
<USERREF USERNAME="c148827"/>
<USERREF USERNAME="c194055"/>
<USERREF USERNAME="c239605"/>
<USERREF USERNAME="c165082"/>
<USERREF USERNAME="c229812"/>
<USERREF USERNAME="i4xmcjfda_RE"/>
<USERREF USERNAME="coder_query"/>
<USERREF USERNAME="z1x0496"/>
<USERREF USERNAME="c221481"/>
<USERREF USERNAME="yq45155"/>
<USERREF USERNAME="xf03593"/>
<USERREF USERNAME="v3x6628"/>
<USERREF USERNAME="c228472"/>
<USERREF USERNAME="xg04165"/>
<USERREF USERNAME="c239260"/>
<USERREF USERNAME="c200292"/>
<USERREF USERNAME="c003859"/>
<USERREF USERNAME="c083101"/>
<USERREF USERNAME="c079244"/>
<USERREF USERNAME="c219905"/>
<USERREF USERNAME="rm90029"/>
<USERREF USERNAME="rm89018"/>
<USERREF USERNAME="c069132"/>
<USERREF USERNAME="c015393"/>
<USERREF USERNAME="c057362"/>
<USERREF USERNAME="c071673"/>
<USERREF USERNAME="v6x8058"/>
<USERREF USERNAME="c206591"/>
<USERREF USERNAME="c090108"/>
<USERREF USERNAME="c039853"/>
<USERREF USERNAME="c074090"/>
<USERREF USERNAME="c068505"/>
<USERREF USERNAME="c085302"/>
<USERREF USERNAME="c149066"/>
<USERREF USERNAME="c074342"/>
<USERREF USERNAME="c021984"/>
<USERREF USERNAME="c149177"/>
<USERREF USERNAME="rm35504"/>
<USERREF USERNAME="c131994"/>
<USERREF USERNAME="ye91098"/>
<USERREF USERNAME="yex7972"/>
<USERREF USERNAME="v6x8356"/>
<USERREF USERNAME="c022433"/>
<USERREF USERNAME="c025980"/>
<USERREF USERNAME="c039863"/>
<USERREF USERNAME="c137396"/>
<USERREF USERNAME="c149176"/>
<USERREF USERNAME="c219898"/>
<USERREF USERNAME="c075541"/>
<USERREF USERNAME="a701824"/>
<USERREF USERNAME="c074429"/>
<USERREF USERNAME="c060736"/>
<USERREF USERNAME="c026393"/>
<USERREF USERNAME="c026390"/>
<USERREF USERNAME="a608760"/>
<USERREF USERNAME="a608261"/>
<USERREF USERNAME="c058698"/>
<USERREF USERNAME="c143125"/>
<USERREF USERNAME="u7x2510"/>
<USERREF USERNAME="c135748"/>
<USERREF USERNAME="yex7920"/>
<USERREF USERNAME="c149470"/>
<USERREF USERNAME="rm36132"/>
<USERREF USERNAME="a803075"/>
<USERREF USERNAME="a511471"/>
<USERREF USERNAME="rm87794"/>
<USERREF USERNAME="rm80655"/>
<USERREF USERNAME="c196248"/>
<USERREF USERNAME="c199642"/>
<USERREF USERNAME="ZPFaverpeleti"/>
<USERREF USERNAME="ZPFkbarkoczi"/>
<USERREF USERNAME="ZPFkhahn"/>
<USERREF USERNAME="ZPFabalogh"/>
<USERREF USERNAME="ZPFcdelacruz"/>
<USERREF USERNAME="ZPFckalinyak"/>
<USERREF USERNAME="ZPFcmolom"/>
<USERREF USERNAME="ZPFdnagy"/>
<USERREF USERNAME="ZPFedervishaj"/>
<USERREF USERNAME="ZPFepenzes"/>
<USERREF USERNAME="ZPFmandone"/>
<USERREF USERNAME="ZPFmlalangan"/>
<USERREF USERNAME="ZPFnkovacs"/>
<USERREF USERNAME="ZPFobodnar"/>
<USERREF USERNAME="ZPFprojas"/>
<USERREF USERNAME="ZPFpvamos"/>
<USERREF USERNAME="ZPFrcalorico"/>
<USERREF USERNAME="ZPFrducusin"/>
<USERREF USERNAME="ZPFaktoth"/>
<USERREF USERNAME="ZPFapervaiz"/>
<USERREF USERNAME="ZPFasomogyi"/>
<USERREF USERNAME="ZPFaterjek"/>
<USERREF USERNAME="ZPFawarsama"/>
<USERREF USERNAME="ZPFcmercado"/>
<USERREF USERNAME="ZPFddiomede"/>
<USERREF USERNAME="ZPFdvittay"/>
<USERREF USERNAME="ZPFekosa"/>
<USERREF USERNAME="ZPFfillesy"/>
<USERREF USERNAME="ZPFfvarga"/>
<USERREF USERNAME="ZPFgkrucso"/>
<USERREF USERNAME="ZPFgyvarga"/>
<USERREF USERNAME="ZPFijohl"/>
<USERREF USERNAME="ZPFjistenes"/>
<USERREF USERNAME="ZPFkcco"/>
<USERREF USERNAME="ZPFkcsobalyka"/>
<USERREF USERNAME="ZPFkkovacs"/>
<USERREF USERNAME="ZPFklim"/>
<USERREF USERNAME="ZPFkpinter"/>
<USERREF USERNAME="ZPFlbalubar"/>
<USERREF USERNAME="ZPFlcseke"/>
<USERREF USERNAME="ZPFlmate"/>
<USERREF USERNAME="ZPFmkhella"/>
<USERREF USERNAME="ZPFmtoth"/>
<USERREF USERNAME="ZPFnqi"/>
<USERREF USERNAME="ZPFnreis"/>
<USERREF USERNAME="ZPFnvergara"/>
<USERREF USERNAME="ZPFoely"/>
<USERREF USERNAME="ZPFpvallar"/>
<USERREF USERNAME="ZPFrsulit"/>
<USERREF USERNAME="ZPFsaguilar"/>
<USERREF USERNAME="ZPFsdasilva"/>
<USERREF USERNAME="ZPFskholti"/>
<USERREF USERNAME="ZPFstayco"/>
<USERREF USERNAME="ZPFtcabanes"/>
<USERREF USERNAME="ZPFtfabian"/>
<USERREF USERNAME="ZPFtszabo"/>
<USERREF USERNAME="ZPFvzdirko"/>
</SITEGROUP>
<SITEGROUP SITENAME="(206) Klinikum Kassel">
<USERREF USERNAME="c219898"/>
<USERREF USERNAME="c075541"/>
<USERREF USERNAME="a701824"/>
<USERREF USERNAME="c074429"/>
<USERREF USERNAME="c060736"/>
<USERREF USERNAME="c026393"/>
<USERREF USERNAME="c026390"/>
<USERREF USERNAME="a608760"/>
<USERREF USERNAME="a608261"/>
<USERREF USERNAME="c058698"/>
<USERREF USERNAME="c143125"/>
<USERREF USERNAME="u7x2510"/>
<USERREF USERNAME="c135748"/>
<USERREF USERNAME="yex7920"/>
<USERREF USERNAME="c149470"/>
<USERREF USERNAME="rm36132"/>
<USERREF USERNAME="a803075"/>
<USERREF USERNAME="a511471"/>
<USERREF USERNAME="rm87794"/>
<USERREF USERNAME="rm80655"/>
<USERREF USERNAME="c196248"/>
<USERREF USERNAME="c199642"/>
<USERREF USERNAME="c218621"/>
<USERREF USERNAME="c223292"/>
<USERREF USERNAME="c196683"/>
<USERREF USERNAME="c068502"/>
<USERREF USERNAME="c228249"/>
<USERREF USERNAME="c228246"/>
<USERREF USERNAME="c228247"/>
<USERREF USERNAME="c228248"/>
<USERREF USERNAME="c228250"/>
<USERREF USERNAME="mwolf"/>
<USERREF USERNAME="britter"/>
<USERREF USERNAME="treuter"/>
<USERREF USERNAME="flueckert"/>
<USERREF USERNAME="c225200"/>
<USERREF USERNAME="u7X4333"/>
<USERREF USERNAME="c203058"/>
<USERREF USERNAME="c148827"/>
<USERREF USERNAME="c194055"/>
<USERREF USERNAME="c239605"/>
<USERREF USERNAME="c239399"/>
<USERREF USERNAME="c165082"/>
<USERREF USERNAME="c239411"/>
<USERREF USERNAME="i4xmcjfda_RE"/>
<USERREF USERNAME="coder_query"/>
<USERREF USERNAME="z1x0496"/>
<USERREF USERNAME="c221481"/>
<USERREF USERNAME="yq45155"/>
<USERREF USERNAME="xf03593"/>
<USERREF USERNAME="v3x6628"/>
<USERREF USERNAME="c228472"/>
<USERREF USERNAME="xg04165"/>
<USERREF USERNAME="c239260"/>
<USERREF USERNAME="c200292"/>
<USERREF USERNAME="c003859"/>
<USERREF USERNAME="c083101"/>
<USERREF USERNAME="c079244"/>
<USERREF USERNAME="c219905"/>
<USERREF USERNAME="rm90029"/>
<USERREF USERNAME="rm89018"/>
<USERREF USERNAME="c069132"/>
<USERREF USERNAME="c015393"/>
<USERREF USERNAME="c057362"/>
<USERREF USERNAME="c071673"/>
<USERREF USERNAME="v6x8058"/>
<USERREF USERNAME="c206591"/>
<USERREF USERNAME="c090108"/>
<USERREF USERNAME="c039853"/>
<USERREF USERNAME="c074090"/>
<USERREF USERNAME="c068505"/>
<USERREF USERNAME="c085302"/>
<USERREF USERNAME="c149066"/>
<USERREF USERNAME="c074342"/>
<USERREF USERNAME="c021984"/>
<USERREF USERNAME="c149177"/>
<USERREF USERNAME="rm35504"/>
<USERREF USERNAME="c131994"/>
<USERREF USERNAME="ye91098"/>
<USERREF USERNAME="yex7972"/>
<USERREF USERNAME="v6x8356"/>
<USERREF USERNAME="c022433"/>
<USERREF USERNAME="c025980"/>
<USERREF USERNAME="c039863"/>
<USERREF USERNAME="c137396"/>
<USERREF USERNAME="c149176"/>
<USERREF USERNAME="ZPFaverpeleti"/>
<USERREF USERNAME="ZPFkbarkoczi"/>
<USERREF USERNAME="ZPFkhahn"/>
<USERREF USERNAME="ZPFabalogh"/>
<USERREF USERNAME="ZPFcdelacruz"/>
<USERREF USERNAME="ZPFckalinyak"/>
<USERREF USERNAME="ZPFcmolom"/>
<USERREF USERNAME="ZPFdnagy"/>
<USERREF USERNAME="ZPFedervishaj"/>
<USERREF USERNAME="ZPFepenzes"/>
<USERREF USERNAME="ZPFmandone"/>
<USERREF USERNAME="ZPFmlalangan"/>
<USERREF USERNAME="ZPFnkovacs"/>
<USERREF USERNAME="ZPFobodnar"/>
<USERREF USERNAME="ZPFprojas"/>
<USERREF USERNAME="ZPFpvamos"/>
<USERREF USERNAME="ZPFrcalorico"/>
<USERREF USERNAME="ZPFrducusin"/>
<USERREF USERNAME="ZPFaktoth"/>
<USERREF USERNAME="ZPFapervaiz"/>
<USERREF USERNAME="ZPFasomogyi"/>
<USERREF USERNAME="ZPFaterjek"/>
<USERREF USERNAME="ZPFawarsama"/>
<USERREF USERNAME="ZPFcmercado"/>
<USERREF USERNAME="ZPFddiomede"/>
<USERREF USERNAME="ZPFdvittay"/>
<USERREF USERNAME="ZPFekosa"/>
<USERREF USERNAME="ZPFfillesy"/>
<USERREF USERNAME="ZPFfvarga"/>
<USERREF USERNAME="ZPFgkrucso"/>
<USERREF USERNAME="ZPFgyvarga"/>
<USERREF USERNAME="ZPFijohl"/>
<USERREF USERNAME="ZPFjistenes"/>
<USERREF USERNAME="ZPFkcco"/>
<USERREF USERNAME="ZPFkcsobalyka"/>
<USERREF USERNAME="ZPFkkovacs"/>
<USERREF USERNAME="ZPFklim"/>
<USERREF USERNAME="ZPFkpinter"/>
<USERREF USERNAME="ZPFlbalubar"/>
<USERREF USERNAME="ZPFlcseke"/>
<USERREF USERNAME="ZPFlmate"/>
<USERREF USERNAME="ZPFmkhella"/>
<USERREF USERNAME="ZPFmtoth"/>
<USERREF USERNAME="ZPFnqi"/>
<USERREF USERNAME="ZPFnreis"/>
<USERREF USERNAME="ZPFnvergara"/>
<USERREF USERNAME="ZPFoely"/>
<USERREF USERNAME="ZPFpvallar"/>
<USERREF USERNAME="ZPFrsulit"/>
<USERREF USERNAME="ZPFsaguilar"/>
<USERREF USERNAME="ZPFsdasilva"/>
<USERREF USERNAME="ZPFskholti"/>
<USERREF USERNAME="ZPFstayco"/>
<USERREF USERNAME="ZPFtcabanes"/>
<USERREF USERNAME="ZPFtfabian"/>
<USERREF USERNAME="ZPFtszabo"/>
<USERREF USERNAME="ZPFvzdirko"/>
</SITEGROUP>
<SITEGROUP SITENAME="(200) Klinikum Siloah Oststadt Heidehaus">
<USERREF USERNAME="c219898"/>
<USERREF USERNAME="c075541"/>
<USERREF USERNAME="a701824"/>
<USERREF USERNAME="c074429"/>
<USERREF USERNAME="c060736"/>
<USERREF USERNAME="c026393"/>
<USERREF USERNAME="c026390"/>
<USERREF USERNAME="a608760"/>
<USERREF USERNAME="a608261"/>
<USERREF USERNAME="c058698"/>
<USERREF USERNAME="c143125"/>
<USERREF USERNAME="u7x2510"/>
<USERREF USERNAME="c135748"/>
<USERREF USERNAME="yex7920"/>
<USERREF USERNAME="c149470"/>
<USERREF USERNAME="rm36132"/>
<USERREF USERNAME="a803075"/>
<USERREF USERNAME="a511471"/>
<USERREF USERNAME="rm87794"/>
<USERREF USERNAME="rm80655"/>
<USERREF USERNAME="c196248"/>
<USERREF USERNAME="c199642"/>
<USERREF USERNAME="c218621"/>
<USERREF USERNAME="c223292"/>
<USERREF USERNAME="c196683"/>
<USERREF USERNAME="c068502"/>
<USERREF USERNAME="c228249"/>
<USERREF USERNAME="c228246"/>
<USERREF USERNAME="c228247"/>
<USERREF USERNAME="c228248"/>
<USERREF USERNAME="c228250"/>
<USERREF USERNAME="mheilmann"/>
<USERREF USERNAME="jbrandes"/>
<USERREF USERNAME="eakcivan"/>
<USERREF USERNAME="bschoenhofer"/>
<USERREF USERNAME="c225200"/>
<USERREF USERNAME="u7X4333"/>
<USERREF USERNAME="c203058"/>
<USERREF USERNAME="c148827"/>
<USERREF USERNAME="c194055"/>
<USERREF USERNAME="c239605"/>
<USERREF USERNAME="c239399"/>
<USERREF USERNAME="c165082"/>
<USERREF USERNAME="c239411"/>
<USERREF USERNAME="i4xmcjfda_RE"/>
<USERREF USERNAME="coder_query"/>
<USERREF USERNAME="z1x0496"/>
<USERREF USERNAME="c221481"/>
<USERREF USERNAME="yq45155"/>
<USERREF USERNAME="xf03593"/>
<USERREF USERNAME="v3x6628"/>
<USERREF USERNAME="c228472"/>
<USERREF USERNAME="xg04165"/>
<USERREF USERNAME="c239260"/>
<USERREF USERNAME="c200292"/>
<USERREF USERNAME="c003859"/>
<USERREF USERNAME="c083101"/>
<USERREF USERNAME="c079244"/>
<USERREF USERNAME="c219905"/>
<USERREF USERNAME="rm90029"/>
<USERREF USERNAME="rm89018"/>
<USERREF USERNAME="c069132"/>
<USERREF USERNAME="c015393"/>
<USERREF USERNAME="c057362"/>
<USERREF USERNAME="c071673"/>
<USERREF USERNAME="v6x8058"/>
<USERREF USERNAME="c206591"/>
<USERREF USERNAME="c090108"/>
<USERREF USERNAME="c039853"/>
<USERREF USERNAME="c074090"/>
<USERREF USERNAME="c068505"/>
<USERREF USERNAME="c085302"/>
<USERREF USERNAME="c149066"/>
<USERREF USERNAME="c074342"/>
<USERREF USERNAME="c021984"/>
<USERREF USERNAME="c149177"/>
<USERREF USERNAME="rm35504"/>
<USERREF USERNAME="c131994"/>
<USERREF USERNAME="ye91098"/>
<USERREF USERNAME="yex7972"/>
<USERREF USERNAME="v6x8356"/>
<USERREF USERNAME="c022433"/>
<USERREF USERNAME="c025980"/>
<USERREF USERNAME="c039863"/>
<USERREF USERNAME="c137396"/>
<USERREF USERNAME="c149176"/>
<USERREF USERNAME="ZPFaverpeleti"/>
<USERREF USERNAME="ZPFkbarkoczi"/>
<USERREF USERNAME="ZPFkhahn"/>
<USERREF USERNAME="ZPFabalogh"/>
<USERREF USERNAME="ZPFcdelacruz"/>
<USERREF USERNAME="ZPFckalinyak"/>
<USERREF USERNAME="ZPFcmolom"/>
<USERREF USERNAME="ZPFdnagy"/>
<USERREF USERNAME="ZPFedervishaj"/>
<USERREF USERNAME="ZPFepenzes"/>
<USERREF USERNAME="ZPFmandone"/>
<USERREF USERNAME="ZPFmlalangan"/>
<USERREF USERNAME="ZPFnkovacs"/>
<USERREF USERNAME="ZPFobodnar"/>
<USERREF USERNAME="ZPFprojas"/>
<USERREF USERNAME="ZPFpvamos"/>
<USERREF USERNAME="ZPFrcalorico"/>
<USERREF USERNAME="ZPFrducusin"/>
<USERREF USERNAME="ZPFaktoth"/>
<USERREF USERNAME="ZPFapervaiz"/>
<USERREF USERNAME="ZPFasomogyi"/>
<USERREF USERNAME="ZPFaterjek"/>
<USERREF USERNAME="ZPFawarsama"/>
<USERREF USERNAME="ZPFcmercado"/>
<USERREF USERNAME="ZPFddiomede"/>
<USERREF USERNAME="ZPFdvittay"/>
<USERREF USERNAME="ZPFekosa"/>
<USERREF USERNAME="ZPFfillesy"/>
<USERREF USERNAME="ZPFfvarga"/>
<USERREF USERNAME="ZPFgkrucso"/>
<USERREF USERNAME="ZPFgyvarga"/>
<USERREF USERNAME="ZPFijohl"/>
<USERREF USERNAME="ZPFjistenes"/>
<USERREF USERNAME="ZPFkcco"/>
<USERREF USERNAME="ZPFkcsobalyka"/>
<USERREF USERNAME="ZPFkkovacs"/>
<USERREF USERNAME="ZPFklim"/>
<USERREF USERNAME="ZPFkpinter"/>
<USERREF USERNAME="ZPFlbalubar"/>
<USERREF USERNAME="ZPFlcseke"/>
<USERREF USERNAME="ZPFlmate"/>
<USERREF USERNAME="ZPFmkhella"/>
<USERREF USERNAME="ZPFmtoth"/>
<USERREF USERNAME="ZPFnqi"/>
<USERREF USERNAME="ZPFnreis"/>
<USERREF USERNAME="ZPFnvergara"/>
<USERREF USERNAME="ZPFoely"/>
<USERREF USERNAME="ZPFpvallar"/>
<USERREF USERNAME="ZPFrsulit"/>
<USERREF USERNAME="ZPFsaguilar"/>
<USERREF USERNAME="ZPFsdasilva"/>
<USERREF USERNAME="ZPFskholti"/>
<USERREF USERNAME="ZPFstayco"/>
<USERREF USERNAME="ZPFtcabanes"/>
<USERREF USERNAME="ZPFtfabian"/>
<USERREF USERNAME="ZPFtszabo"/>
<USERREF USERNAME="ZPFvzdirko"/>
</SITEGROUP>
<SITEGROUP SITENAME="(600) Leningrad regional clinical hospital">
<USERREF USERNAME="i4xmcjfda_RE"/>
<USERREF USERNAME="coder_query"/>
<USERREF USERNAME="z1x0496"/>
<USERREF USERNAME="c221481"/>
<USERREF USERNAME="yq45155"/>
<USERREF USERNAME="xf03593"/>
<USERREF USERNAME="v3x6628"/>
<USERREF USERNAME="c228472"/>
<USERREF USERNAME="xg04165"/>
<USERREF USERNAME="aluft"/>
<USERREF USERNAME="dgromov"/>
<USERREF USERNAME="etuzlukova"/>
<USERREF USERNAME="c239260"/>
<USERREF USERNAME="c200292"/>
<USERREF USERNAME="c003859"/>
<USERREF USERNAME="c083101"/>
<USERREF USERNAME="c079244"/>
<USERREF USERNAME="c219905"/>
<USERREF USERNAME="rm90029"/>
<USERREF USERNAME="rm89018"/>
<USERREF USERNAME="c069132"/>
<USERREF USERNAME="c015393"/>
<USERREF USERNAME="c057362"/>
<USERREF USERNAME="c071673"/>
<USERREF USERNAME="v6x8058"/>
<USERREF USERNAME="c206591"/>
<USERREF USERNAME="c090108"/>
<USERREF USERNAME="c039853"/>
<USERREF USERNAME="c074090"/>
<USERREF USERNAME="c068505"/>
<USERREF USERNAME="c085302"/>
<USERREF USERNAME="c149066"/>
<USERREF USERNAME="c074342"/>
<USERREF USERNAME="c021984"/>
<USERREF USERNAME="c149177"/>
<USERREF USERNAME="rm35504"/>
<USERREF USERNAME="c131994"/>
<USERREF USERNAME="ye91098"/>
<USERREF USERNAME="yex7972"/>
<USERREF USERNAME="v6x8356"/>
<USERREF USERNAME="c022433"/>
<USERREF USERNAME="c025980"/>
<USERREF USERNAME="c039863"/>
<USERREF USERNAME="c137396"/>
<USERREF USERNAME="c149176"/>
<USERREF USERNAME="c219898"/>
<USERREF USERNAME="c075541"/>
<USERREF USERNAME="a701824"/>
<USERREF USERNAME="c074429"/>
<USERREF USERNAME="c060736"/>
<USERREF USERNAME="c026393"/>
<USERREF USERNAME="c026390"/>
<USERREF USERNAME="a608760"/>
<USERREF USERNAME="a608261"/>
<USERREF USERNAME="c058698"/>
<USERREF USERNAME="c143125"/>
<USERREF USERNAME="u7x2510"/>
<USERREF USERNAME="c135748"/>
<USERREF USERNAME="yex7920"/>
<USERREF USERNAME="c149470"/>
<USERREF USERNAME="rm36132"/>
<USERREF USERNAME="a803075"/>
<USERREF USERNAME="a511471"/>
<USERREF USERNAME="rm87794"/>
<USERREF USERNAME="rm80655"/>
<USERREF USERNAME="c196248"/>
<USERREF USERNAME="c199642"/>
<USERREF USERNAME="c218621"/>
<USERREF USERNAME="c223292"/>
<USERREF USERNAME="c196683"/>
<USERREF USERNAME="c068502"/>
<USERREF USERNAME="c228249"/>
<USERREF USERNAME="c228246"/>
<USERREF USERNAME="c228247"/>
<USERREF USERNAME="c228248"/>
<USERREF USERNAME="c228250"/>
<USERREF USERNAME="c225200"/>
<USERREF USERNAME="u7X4333"/>
<USERREF USERNAME="c203058"/>
<USERREF USERNAME="c148827"/>
<USERREF USERNAME="c194055"/>
<USERREF USERNAME="c239605"/>
<USERREF USERNAME="c165082"/>
<USERREF USERNAME="c238880"/>
<USERREF USERNAME="ZPFaverpeleti"/>
<USERREF USERNAME="ZPFkbarkoczi"/>
<USERREF USERNAME="ZPFkhahn"/>
<USERREF USERNAME="ZPFabalogh"/>
<USERREF USERNAME="ZPFcdelacruz"/>
<USERREF USERNAME="ZPFckalinyak"/>
<USERREF USERNAME="ZPFcmolom"/>
<USERREF USERNAME="ZPFdnagy"/>
<USERREF USERNAME="ZPFedervishaj"/>
<USERREF USERNAME="ZPFepenzes"/>
<USERREF USERNAME="ZPFmandone"/>
<USERREF USERNAME="ZPFmlalangan"/>
<USERREF USERNAME="ZPFnkovacs"/>
<USERREF USERNAME="ZPFobodnar"/>
<USERREF USERNAME="ZPFprojas"/>
<USERREF USERNAME="ZPFpvamos"/>
<USERREF USERNAME="ZPFrcalorico"/>
<USERREF USERNAME="ZPFrducusin"/>
<USERREF USERNAME="ZPFaktoth"/>
<USERREF USERNAME="ZPFapervaiz"/>
<USERREF USERNAME="ZPFasomogyi"/>
<USERREF USERNAME="ZPFaterjek"/>
<USERREF USERNAME="ZPFawarsama"/>
<USERREF USERNAME="ZPFcmercado"/>
<USERREF USERNAME="ZPFddiomede"/>
<USERREF USERNAME="ZPFdvittay"/>
<USERREF USERNAME="ZPFekosa"/>
<USERREF USERNAME="ZPFfillesy"/>
<USERREF USERNAME="ZPFfvarga"/>
<USERREF USERNAME="ZPFgkrucso"/>
<USERREF USERNAME="ZPFgyvarga"/>
<USERREF USERNAME="ZPFijohl"/>
<USERREF USERNAME="ZPFjistenes"/>
<USERREF USERNAME="ZPFkcco"/>
<USERREF USERNAME="ZPFkcsobalyka"/>
<USERREF USERNAME="ZPFkkovacs"/>
<USERREF USERNAME="ZPFklim"/>
<USERREF USERNAME="ZPFkpinter"/>
<USERREF USERNAME="ZPFlbalubar"/>
<USERREF USERNAME="ZPFlcseke"/>
<USERREF USERNAME="ZPFlmate"/>
<USERREF USERNAME="ZPFmkhella"/>
<USERREF USERNAME="ZPFmtoth"/>
<USERREF USERNAME="ZPFnqi"/>
<USERREF USERNAME="ZPFnreis"/>
<USERREF USERNAME="ZPFnvergara"/>
<USERREF USERNAME="ZPFoely"/>
<USERREF USERNAME="ZPFpvallar"/>
<USERREF USERNAME="ZPFrsulit"/>
<USERREF USERNAME="ZPFsaguilar"/>
<USERREF USERNAME="ZPFsdasilva"/>
<USERREF USERNAME="ZPFskholti"/>
<USERREF USERNAME="ZPFstayco"/>
<USERREF USERNAME="ZPFtcabanes"/>
<USERREF USERNAME="ZPFtfabian"/>
<USERREF USERNAME="ZPFtszabo"/>
<USERREF USERNAME="ZPFvzdirko"/>
</SITEGROUP>
<SITEGROUP SITENAME="(402) Medisprof SRL Oncologie Medicala">
<USERREF USERNAME="c218621"/>
<USERREF USERNAME="c223292"/>
<USERREF USERNAME="c196683"/>
<USERREF USERNAME="c068502"/>
<USERREF USERNAME="c228249"/>
<USERREF USERNAME="c228246"/>
<USERREF USERNAME="c228247"/>
<USERREF USERNAME="c228248"/>
<USERREF USERNAME="c228250"/>
<USERREF USERNAME="audrea"/>
<USERREF USERNAME="acismaru"/>
<USERREF USERNAME="cseceac"/>
<USERREF USERNAME="c225200"/>
<USERREF USERNAME="u7X4333"/>
<USERREF USERNAME="c203058"/>
<USERREF USERNAME="c148827"/>
<USERREF USERNAME="c194055"/>
<USERREF USERNAME="c239605"/>
<USERREF USERNAME="c165082"/>
<USERREF USERNAME="c231547"/>
<USERREF USERNAME="i4xmcjfda_RE"/>
<USERREF USERNAME="coder_query"/>
<USERREF USERNAME="z1x0496"/>
<USERREF USERNAME="c221481"/>
<USERREF USERNAME="yq45155"/>
<USERREF USERNAME="xf03593"/>
<USERREF USERNAME="v3x6628"/>
<USERREF USERNAME="c228472"/>
<USERREF USERNAME="xg04165"/>
<USERREF USERNAME="c239260"/>
<USERREF USERNAME="c200292"/>
<USERREF USERNAME="c003859"/>
<USERREF USERNAME="c083101"/>
<USERREF USERNAME="c079244"/>
<USERREF USERNAME="c219905"/>
<USERREF USERNAME="rm90029"/>
<USERREF USERNAME="rm89018"/>
<USERREF USERNAME="c069132"/>
<USERREF USERNAME="c015393"/>
<USERREF USERNAME="c057362"/>
<USERREF USERNAME="c071673"/>
<USERREF USERNAME="v6x8058"/>
<USERREF USERNAME="c206591"/>
<USERREF USERNAME="c090108"/>
<USERREF USERNAME="c039853"/>
<USERREF USERNAME="c074090"/>
<USERREF USERNAME="c068505"/>
<USERREF USERNAME="c085302"/>
<USERREF USERNAME="c149066"/>
<USERREF USERNAME="c074342"/>
<USERREF USERNAME="c021984"/>
<USERREF USERNAME="c149177"/>
<USERREF USERNAME="rm35504"/>
<USERREF USERNAME="c131994"/>
<USERREF USERNAME="ye91098"/>
<USERREF USERNAME="yex7972"/>
<USERREF USERNAME="v6x8356"/>
<USERREF USERNAME="c022433"/>
<USERREF USERNAME="c025980"/>
<USERREF USERNAME="c039863"/>
<USERREF USERNAME="c137396"/>
<USERREF USERNAME="c149176"/>
<USERREF USERNAME="c219898"/>
<USERREF USERNAME="c075541"/>
<USERREF USERNAME="a701824"/>
<USERREF USERNAME="c074429"/>
<USERREF USERNAME="c060736"/>
<USERREF USERNAME="c026393"/>
<USERREF USERNAME="c026390"/>
<USERREF USERNAME="a608760"/>
<USERREF USERNAME="a608261"/>
<USERREF USERNAME="c058698"/>
<USERREF USERNAME="c143125"/>
<USERREF USERNAME="u7x2510"/>
<USERREF USERNAME="c135748"/>
<USERREF USERNAME="yex7920"/>
<USERREF USERNAME="c149470"/>
<USERREF USERNAME="rm36132"/>
<USERREF USERNAME="a803075"/>
<USERREF USERNAME="a511471"/>
<USERREF USERNAME="rm87794"/>
<USERREF USERNAME="rm80655"/>
<USERREF USERNAME="c196248"/>
<USERREF USERNAME="c199642"/>
<USERREF USERNAME="ZPFaverpeleti"/>
<USERREF USERNAME="ZPFkbarkoczi"/>
<USERREF USERNAME="ZPFkhahn"/>
<USERREF USERNAME="ZPFabalogh"/>
<USERREF USERNAME="ZPFcdelacruz"/>
<USERREF USERNAME="ZPFckalinyak"/>
<USERREF USERNAME="ZPFcmolom"/>
<USERREF USERNAME="ZPFdnagy"/>
<USERREF USERNAME="ZPFedervishaj"/>
<USERREF USERNAME="ZPFepenzes"/>
<USERREF USERNAME="ZPFmandone"/>
<USERREF USERNAME="ZPFmlalangan"/>
<USERREF USERNAME="ZPFnkovacs"/>
<USERREF USERNAME="ZPFobodnar"/>
<USERREF USERNAME="ZPFprojas"/>
<USERREF USERNAME="ZPFpvamos"/>
<USERREF USERNAME="ZPFrcalorico"/>
<USERREF USERNAME="ZPFrducusin"/>
<USERREF USERNAME="ZPFaktoth"/>
<USERREF USERNAME="ZPFapervaiz"/>
<USERREF USERNAME="ZPFasomogyi"/>
<USERREF USERNAME="ZPFaterjek"/>
<USERREF USERNAME="ZPFawarsama"/>
<USERREF USERNAME="ZPFcmercado"/>
<USERREF USERNAME="ZPFddiomede"/>
<USERREF USERNAME="ZPFdvittay"/>
<USERREF USERNAME="ZPFekosa"/>
<USERREF USERNAME="ZPFfillesy"/>
<USERREF USERNAME="ZPFfvarga"/>
<USERREF USERNAME="ZPFgkrucso"/>
<USERREF USERNAME="ZPFgyvarga"/>
<USERREF USERNAME="ZPFijohl"/>
<USERREF USERNAME="ZPFjistenes"/>
<USERREF USERNAME="ZPFkcco"/>
<USERREF USERNAME="ZPFkcsobalyka"/>
<USERREF USERNAME="ZPFkkovacs"/>
<USERREF USERNAME="ZPFklim"/>
<USERREF USERNAME="ZPFkpinter"/>
<USERREF USERNAME="ZPFlbalubar"/>
<USERREF USERNAME="ZPFlcseke"/>
<USERREF USERNAME="ZPFlmate"/>
<USERREF USERNAME="ZPFmkhella"/>
<USERREF USERNAME="ZPFmtoth"/>
<USERREF USERNAME="ZPFnqi"/>
<USERREF USERNAME="ZPFnreis"/>
<USERREF USERNAME="ZPFnvergara"/>
<USERREF USERNAME="ZPFoely"/>
<USERREF USERNAME="ZPFpvallar"/>
<USERREF USERNAME="ZPFrsulit"/>
<USERREF USERNAME="ZPFsaguilar"/>
<USERREF USERNAME="ZPFsdasilva"/>
<USERREF USERNAME="ZPFskholti"/>
<USERREF USERNAME="ZPFstayco"/>
<USERREF USERNAME="ZPFtcabanes"/>
<USERREF USERNAME="ZPFtfabian"/>
<USERREF USERNAME="ZPFtszabo"/>
<USERREF USERNAME="ZPFvzdirko"/>
</SITEGROUP>
<SITEGROUP SITENAME="(306) Policlinico G Martino">
<USERREF USERNAME="c196248"/>
<USERREF USERNAME="c199642"/>
<USERREF USERNAME="c218621"/>
<USERREF USERNAME="c223292"/>
<USERREF USERNAME="c196683"/>
<USERREF USERNAME="c068502"/>
<USERREF USERNAME="c228249"/>
<USERREF USERNAME="c228246"/>
<USERREF USERNAME="c228247"/>
<USERREF USERNAME="c228248"/>
<USERREF USERNAME="c228250"/>
<USERREF USERNAME="c225200"/>
<USERREF USERNAME="u7X4333"/>
<USERREF USERNAME="c203058"/>
<USERREF USERNAME="c148827"/>
<USERREF USERNAME="c194055"/>
<USERREF USERNAME="c239605"/>
<USERREF USERNAME="c165082"/>
<USERREF USERNAME="c211950"/>
<USERREF USERNAME="i4xmcjfda_RE"/>
<USERREF USERNAME="coder_query"/>
<USERREF USERNAME="z1x0496"/>
<USERREF USERNAME="c221481"/>
<USERREF USERNAME="yq45155"/>
<USERREF USERNAME="xf03593"/>
<USERREF USERNAME="v3x6628"/>
<USERREF USERNAME="c228472"/>
<USERREF USERNAME="xg04165"/>
<USERREF USERNAME="galtavilla"/>
<USERREF USERNAME="falviero"/>
<USERREF USERNAME="c239260"/>
<USERREF USERNAME="c200292"/>
<USERREF USERNAME="c003859"/>
<USERREF USERNAME="c083101"/>
<USERREF USERNAME="c079244"/>
<USERREF USERNAME="c219905"/>
<USERREF USERNAME="rm90029"/>
<USERREF USERNAME="rm89018"/>
<USERREF USERNAME="c069132"/>
<USERREF USERNAME="c015393"/>
<USERREF USERNAME="c057362"/>
<USERREF USERNAME="c071673"/>
<USERREF USERNAME="v6x8058"/>
<USERREF USERNAME="c206591"/>
<USERREF USERNAME="c090108"/>
<USERREF USERNAME="c039853"/>
<USERREF USERNAME="c074090"/>
<USERREF USERNAME="c068505"/>
<USERREF USERNAME="c085302"/>
<USERREF USERNAME="c149066"/>
<USERREF USERNAME="c074342"/>
<USERREF USERNAME="c021984"/>
<USERREF USERNAME="c149177"/>
<USERREF USERNAME="rm35504"/>
<USERREF USERNAME="c131994"/>
<USERREF USERNAME="ye91098"/>
<USERREF USERNAME="yex7972"/>
<USERREF USERNAME="v6x8356"/>
<USERREF USERNAME="c022433"/>
<USERREF USERNAME="c025980"/>
<USERREF USERNAME="c039863"/>
<USERREF USERNAME="c137396"/>
<USERREF USERNAME="c149176"/>
<USERREF USERNAME="c219898"/>
<USERREF USERNAME="c075541"/>
<USERREF USERNAME="a701824"/>
<USERREF USERNAME="c074429"/>
<USERREF USERNAME="c060736"/>
<USERREF USERNAME="c026393"/>
<USERREF USERNAME="c026390"/>
<USERREF USERNAME="a608760"/>
<USERREF USERNAME="a608261"/>
<USERREF USERNAME="c058698"/>
<USERREF USERNAME="c143125"/>
<USERREF USERNAME="u7x2510"/>
<USERREF USERNAME="c135748"/>
<USERREF USERNAME="yex7920"/>
<USERREF USERNAME="c149470"/>
<USERREF USERNAME="rm36132"/>
<USERREF USERNAME="a803075"/>
<USERREF USERNAME="a511471"/>
<USERREF USERNAME="rm87794"/>
<USERREF USERNAME="rm80655"/>
<USERREF USERNAME="ZPFaverpeleti"/>
<USERREF USERNAME="ZPFkbarkoczi"/>
<USERREF USERNAME="ZPFkhahn"/>
<USERREF USERNAME="ZPFabalogh"/>
<USERREF USERNAME="ZPFcdelacruz"/>
<USERREF USERNAME="ZPFckalinyak"/>
<USERREF USERNAME="ZPFcmolom"/>
<USERREF USERNAME="ZPFdnagy"/>
<USERREF USERNAME="ZPFedervishaj"/>
<USERREF USERNAME="ZPFepenzes"/>
<USERREF USERNAME="ZPFmandone"/>
<USERREF USERNAME="ZPFmlalangan"/>
<USERREF USERNAME="ZPFnkovacs"/>
<USERREF USERNAME="ZPFobodnar"/>
<USERREF USERNAME="ZPFprojas"/>
<USERREF USERNAME="ZPFpvamos"/>
<USERREF USERNAME="ZPFrcalorico"/>
<USERREF USERNAME="ZPFrducusin"/>
<USERREF USERNAME="ZPFaktoth"/>
<USERREF USERNAME="ZPFapervaiz"/>
<USERREF USERNAME="ZPFasomogyi"/>
<USERREF USERNAME="ZPFaterjek"/>
<USERREF USERNAME="ZPFawarsama"/>
<USERREF USERNAME="ZPFcmercado"/>
<USERREF USERNAME="ZPFddiomede"/>
<USERREF USERNAME="ZPFdvittay"/>
<USERREF USERNAME="ZPFekosa"/>
<USERREF USERNAME="ZPFfillesy"/>
<USERREF USERNAME="ZPFfvarga"/>
<USERREF USERNAME="ZPFgkrucso"/>
<USERREF USERNAME="ZPFgyvarga"/>
<USERREF USERNAME="ZPFijohl"/>
<USERREF USERNAME="ZPFjistenes"/>
<USERREF USERNAME="ZPFkcco"/>
<USERREF USERNAME="ZPFkcsobalyka"/>
<USERREF USERNAME="ZPFkkovacs"/>
<USERREF USERNAME="ZPFklim"/>
<USERREF USERNAME="ZPFkpinter"/>
<USERREF USERNAME="ZPFlbalubar"/>
<USERREF USERNAME="ZPFlcseke"/>
<USERREF USERNAME="ZPFlmate"/>
<USERREF USERNAME="ZPFmkhella"/>
<USERREF USERNAME="ZPFmtoth"/>
<USERREF USERNAME="ZPFnqi"/>
<USERREF USERNAME="ZPFnreis"/>
<USERREF USERNAME="ZPFnvergara"/>
<USERREF USERNAME="ZPFoely"/>
<USERREF USERNAME="ZPFpvallar"/>
<USERREF USERNAME="ZPFrsulit"/>
<USERREF USERNAME="ZPFsaguilar"/>
<USERREF USERNAME="ZPFsdasilva"/>
<USERREF USERNAME="ZPFskholti"/>
<USERREF USERNAME="ZPFstayco"/>
<USERREF USERNAME="ZPFtcabanes"/>
<USERREF USERNAME="ZPFtfabian"/>
<USERREF USERNAME="ZPFtszabo"/>
<USERREF USERNAME="ZPFvzdirko"/>
</SITEGROUP>
<SITEGROUP SITENAME="(602) Russian oncological scientific centre n a N N Blokhin of RAMS">
<USERREF USERNAME="rm80655"/>
<USERREF USERNAME="c196248"/>
<USERREF USERNAME="c199642"/>
<USERREF USERNAME="c218621"/>
<USERREF USERNAME="c223292"/>
<USERREF USERNAME="c196683"/>
<USERREF USERNAME="c068502"/>
<USERREF USERNAME="c228249"/>
<USERREF USERNAME="c228246"/>
<USERREF USERNAME="c228247"/>
<USERREF USERNAME="c228248"/>
<USERREF USERNAME="c228250"/>
<USERREF USERNAME="c225200"/>
<USERREF USERNAME="u7X4333"/>
<USERREF USERNAME="c203058"/>
<USERREF USERNAME="c148827"/>
<USERREF USERNAME="c194055"/>
<USERREF USERNAME="c239605"/>
<USERREF USERNAME="c165082"/>
<USERREF USERNAME="c238880"/>
<USERREF USERNAME="i4xmcjfda_RE"/>
<USERREF USERNAME="coder_query"/>
<USERREF USERNAME="z1x0496"/>
<USERREF USERNAME="c221481"/>
<USERREF USERNAME="yq45155"/>
<USERREF USERNAME="xf03593"/>
<USERREF USERNAME="v3x6628"/>
<USERREF USERNAME="c228472"/>
<USERREF USERNAME="xg04165"/>
<USERREF USERNAME="etrusilova"/>
<USERREF USERNAME="vgorbunova"/>
<USERREF USERNAME="ibazaeva"/>
<USERREF USERNAME="c239260"/>
<USERREF USERNAME="c200292"/>
<USERREF USERNAME="c003859"/>
<USERREF USERNAME="c083101"/>
<USERREF USERNAME="c079244"/>
<USERREF USERNAME="c219905"/>
<USERREF USERNAME="rm90029"/>
<USERREF USERNAME="rm89018"/>
<USERREF USERNAME="c069132"/>
<USERREF USERNAME="c015393"/>
<USERREF USERNAME="c057362"/>
<USERREF USERNAME="c071673"/>
<USERREF USERNAME="v6x8058"/>
<USERREF USERNAME="c206591"/>
<USERREF USERNAME="c090108"/>
<USERREF USERNAME="c039853"/>
<USERREF USERNAME="c074090"/>
<USERREF USERNAME="c068505"/>
<USERREF USERNAME="c085302"/>
<USERREF USERNAME="c149066"/>
<USERREF USERNAME="c074342"/>
<USERREF USERNAME="c021984"/>
<USERREF USERNAME="c149177"/>
<USERREF USERNAME="rm35504"/>
<USERREF USERNAME="c131994"/>
<USERREF USERNAME="ye91098"/>
<USERREF USERNAME="yex7972"/>
<USERREF USERNAME="v6x8356"/>
<USERREF USERNAME="c022433"/>
<USERREF USERNAME="c025980"/>
<USERREF USERNAME="c039863"/>
<USERREF USERNAME="c137396"/>
<USERREF USERNAME="c149176"/>
<USERREF USERNAME="c219898"/>
<USERREF USERNAME="c075541"/>
<USERREF USERNAME="a701824"/>
<USERREF USERNAME="c074429"/>
<USERREF USERNAME="c060736"/>
<USERREF USERNAME="c026393"/>
<USERREF USERNAME="c026390"/>
<USERREF USERNAME="a608760"/>
<USERREF USERNAME="a608261"/>
<USERREF USERNAME="c058698"/>
<USERREF USERNAME="c143125"/>
<USERREF USERNAME="u7x2510"/>
<USERREF USERNAME="c135748"/>
<USERREF USERNAME="yex7920"/>
<USERREF USERNAME="c149470"/>
<USERREF USERNAME="rm36132"/>
<USERREF USERNAME="a803075"/>
<USERREF USERNAME="a511471"/>
<USERREF USERNAME="rm87794"/>
<USERREF USERNAME="ZPFaverpeleti"/>
<USERREF USERNAME="ZPFkbarkoczi"/>
<USERREF USERNAME="ZPFkhahn"/>
<USERREF USERNAME="ZPFabalogh"/>
<USERREF USERNAME="ZPFcdelacruz"/>
<USERREF USERNAME="ZPFckalinyak"/>
<USERREF USERNAME="ZPFcmolom"/>
<USERREF USERNAME="ZPFdnagy"/>
<USERREF USERNAME="ZPFedervishaj"/>
<USERREF USERNAME="ZPFepenzes"/>
<USERREF USERNAME="ZPFmandone"/>
<USERREF USERNAME="ZPFmlalangan"/>
<USERREF USERNAME="ZPFnkovacs"/>
<USERREF USERNAME="ZPFobodnar"/>
<USERREF USERNAME="ZPFprojas"/>
<USERREF USERNAME="ZPFpvamos"/>
<USERREF USERNAME="ZPFrcalorico"/>
<USERREF USERNAME="ZPFrducusin"/>
<USERREF USERNAME="ZPFaktoth"/>
<USERREF USERNAME="ZPFapervaiz"/>
<USERREF USERNAME="ZPFasomogyi"/>
<USERREF USERNAME="ZPFaterjek"/>
<USERREF USERNAME="ZPFawarsama"/>
<USERREF USERNAME="ZPFcmercado"/>
<USERREF USERNAME="ZPFddiomede"/>
<USERREF USERNAME="ZPFdvittay"/>
<USERREF USERNAME="ZPFekosa"/>
<USERREF USERNAME="ZPFfillesy"/>
<USERREF USERNAME="ZPFfvarga"/>
<USERREF USERNAME="ZPFgkrucso"/>
<USERREF USERNAME="ZPFgyvarga"/>
<USERREF USERNAME="ZPFijohl"/>
<USERREF USERNAME="ZPFjistenes"/>
<USERREF USERNAME="ZPFkcco"/>
<USERREF USERNAME="ZPFkcsobalyka"/>
<USERREF USERNAME="ZPFkkovacs"/>
<USERREF USERNAME="ZPFklim"/>
<USERREF USERNAME="ZPFkpinter"/>
<USERREF USERNAME="ZPFlbalubar"/>
<USERREF USERNAME="ZPFlcseke"/>
<USERREF USERNAME="ZPFlmate"/>
<USERREF USERNAME="ZPFmkhella"/>
<USERREF USERNAME="ZPFmtoth"/>
<USERREF USERNAME="ZPFnqi"/>
<USERREF USERNAME="ZPFnreis"/>
<USERREF USERNAME="ZPFnvergara"/>
<USERREF USERNAME="ZPFoely"/>
<USERREF USERNAME="ZPFpvallar"/>
<USERREF USERNAME="ZPFrsulit"/>
<USERREF USERNAME="ZPFsaguilar"/>
<USERREF USERNAME="ZPFsdasilva"/>
<USERREF USERNAME="ZPFskholti"/>
<USERREF USERNAME="ZPFstayco"/>
<USERREF USERNAME="ZPFtcabanes"/>
<USERREF USERNAME="ZPFtfabian"/>
<USERREF USERNAME="ZPFtszabo"/>
<USERREF USERNAME="ZPFvzdirko"/>
</SITEGROUP>
<SITEGROUP SITENAME="(406) SC Oncopremium SRL  Oncologie Medicala">
<USERREF USERNAME="c218621"/>
<USERREF USERNAME="c223292"/>
<USERREF USERNAME="c196683"/>
<USERREF USERNAME="c068502"/>
<USERREF USERNAME="c228249"/>
<USERREF USERNAME="c228246"/>
<USERREF USERNAME="c228247"/>
<USERREF USERNAME="c228248"/>
<USERREF USERNAME="c228250"/>
<USERREF USERNAME="dfilip"/>
<USERREF USERNAME="aherzal"/>
<USERREF USERNAME="ctrif"/>
<USERREF USERNAME="rlupse"/>
<USERREF USERNAME="c225200"/>
<USERREF USERNAME="u7X4333"/>
<USERREF USERNAME="c203058"/>
<USERREF USERNAME="c148827"/>
<USERREF USERNAME="c194055"/>
<USERREF USERNAME="c239605"/>
<USERREF USERNAME="c165082"/>
<USERREF USERNAME="c231547"/>
<USERREF USERNAME="i4xmcjfda_RE"/>
<USERREF USERNAME="coder_query"/>
<USERREF USERNAME="z1x0496"/>
<USERREF USERNAME="c221481"/>
<USERREF USERNAME="yq45155"/>
<USERREF USERNAME="xf03593"/>
<USERREF USERNAME="v3x6628"/>
<USERREF USERNAME="c228472"/>
<USERREF USERNAME="xg04165"/>
<USERREF USERNAME="c239260"/>
<USERREF USERNAME="c200292"/>
<USERREF USERNAME="c003859"/>
<USERREF USERNAME="c083101"/>
<USERREF USERNAME="c079244"/>
<USERREF USERNAME="c219905"/>
<USERREF USERNAME="rm90029"/>
<USERREF USERNAME="rm89018"/>
<USERREF USERNAME="c069132"/>
<USERREF USERNAME="c015393"/>
<USERREF USERNAME="c057362"/>
<USERREF USERNAME="c071673"/>
<USERREF USERNAME="v6x8058"/>
<USERREF USERNAME="c206591"/>
<USERREF USERNAME="c090108"/>
<USERREF USERNAME="c039853"/>
<USERREF USERNAME="c074090"/>
<USERREF USERNAME="c068505"/>
<USERREF USERNAME="c085302"/>
<USERREF USERNAME="c149066"/>
<USERREF USERNAME="c074342"/>
<USERREF USERNAME="c021984"/>
<USERREF USERNAME="c149177"/>
<USERREF USERNAME="rm35504"/>
<USERREF USERNAME="c131994"/>
<USERREF USERNAME="ye91098"/>
<USERREF USERNAME="yex7972"/>
<USERREF USERNAME="v6x8356"/>
<USERREF USERNAME="c022433"/>
<USERREF USERNAME="c025980"/>
<USERREF USERNAME="c039863"/>
<USERREF USERNAME="c137396"/>
<USERREF USERNAME="c149176"/>
<USERREF USERNAME="c219898"/>
<USERREF USERNAME="c075541"/>
<USERREF USERNAME="a701824"/>
<USERREF USERNAME="c074429"/>
<USERREF USERNAME="c060736"/>
<USERREF USERNAME="c026393"/>
<USERREF USERNAME="c026390"/>
<USERREF USERNAME="a608760"/>
<USERREF USERNAME="a608261"/>
<USERREF USERNAME="c058698"/>
<USERREF USERNAME="c143125"/>
<USERREF USERNAME="u7x2510"/>
<USERREF USERNAME="c135748"/>
<USERREF USERNAME="yex7920"/>
<USERREF USERNAME="c149470"/>
<USERREF USERNAME="rm36132"/>
<USERREF USERNAME="a803075"/>
<USERREF USERNAME="a511471"/>
<USERREF USERNAME="rm87794"/>
<USERREF USERNAME="rm80655"/>
<USERREF USERNAME="c196248"/>
<USERREF USERNAME="c199642"/>
<USERREF USERNAME="ZPFaverpeleti"/>
<USERREF USERNAME="ZPFkbarkoczi"/>
<USERREF USERNAME="ZPFkhahn"/>
<USERREF USERNAME="ZPFabalogh"/>
<USERREF USERNAME="ZPFcdelacruz"/>
<USERREF USERNAME="ZPFckalinyak"/>
<USERREF USERNAME="ZPFcmolom"/>
<USERREF USERNAME="ZPFdnagy"/>
<USERREF USERNAME="ZPFedervishaj"/>
<USERREF USERNAME="ZPFepenzes"/>
<USERREF USERNAME="ZPFmandone"/>
<USERREF USERNAME="ZPFmlalangan"/>
<USERREF USERNAME="ZPFnkovacs"/>
<USERREF USERNAME="ZPFobodnar"/>
<USERREF USERNAME="ZPFprojas"/>
<USERREF USERNAME="ZPFpvamos"/>
<USERREF USERNAME="ZPFrcalorico"/>
<USERREF USERNAME="ZPFrducusin"/>
<USERREF USERNAME="ZPFaktoth"/>
<USERREF USERNAME="ZPFapervaiz"/>
<USERREF USERNAME="ZPFasomogyi"/>
<USERREF USERNAME="ZPFaterjek"/>
<USERREF USERNAME="ZPFawarsama"/>
<USERREF USERNAME="ZPFcmercado"/>
<USERREF USERNAME="ZPFddiomede"/>
<USERREF USERNAME="ZPFdvittay"/>
<USERREF USERNAME="ZPFekosa"/>
<USERREF USERNAME="ZPFfillesy"/>
<USERREF USERNAME="ZPFfvarga"/>
<USERREF USERNAME="ZPFgkrucso"/>
<USERREF USERNAME="ZPFgyvarga"/>
<USERREF USERNAME="ZPFijohl"/>
<USERREF USERNAME="ZPFjistenes"/>
<USERREF USERNAME="ZPFkcco"/>
<USERREF USERNAME="ZPFkcsobalyka"/>
<USERREF USERNAME="ZPFkkovacs"/>
<USERREF USERNAME="ZPFklim"/>
<USERREF USERNAME="ZPFkpinter"/>
<USERREF USERNAME="ZPFlbalubar"/>
<USERREF USERNAME="ZPFlcseke"/>
<USERREF USERNAME="ZPFlmate"/>
<USERREF USERNAME="ZPFmkhella"/>
<USERREF USERNAME="ZPFmtoth"/>
<USERREF USERNAME="ZPFnqi"/>
<USERREF USERNAME="ZPFnreis"/>
<USERREF USERNAME="ZPFnvergara"/>
<USERREF USERNAME="ZPFoely"/>
<USERREF USERNAME="ZPFpvallar"/>
<USERREF USERNAME="ZPFrsulit"/>
<USERREF USERNAME="ZPFsaguilar"/>
<USERREF USERNAME="ZPFsdasilva"/>
<USERREF USERNAME="ZPFskholti"/>
<USERREF USERNAME="ZPFstayco"/>
<USERREF USERNAME="ZPFtcabanes"/>
<USERREF USERNAME="ZPFtfabian"/>
<USERREF USERNAME="ZPFtszabo"/>
<USERREF USERNAME="ZPFvzdirko"/>
</SITEGROUP>
<SITEGROUP SITENAME="(204) Sozialstiftung Bamberg">
<USERREF USERNAME="c090108"/>
<USERREF USERNAME="c039853"/>
<USERREF USERNAME="c074090"/>
<USERREF USERNAME="c068505"/>
<USERREF USERNAME="c085302"/>
<USERREF USERNAME="c149066"/>
<USERREF USERNAME="c074342"/>
<USERREF USERNAME="c021984"/>
<USERREF USERNAME="c149177"/>
<USERREF USERNAME="rm35504"/>
<USERREF USERNAME="c131994"/>
<USERREF USERNAME="ye91098"/>
<USERREF USERNAME="yex7972"/>
<USERREF USERNAME="v6x8356"/>
<USERREF USERNAME="c022433"/>
<USERREF USERNAME="c025980"/>
<USERREF USERNAME="c039863"/>
<USERREF USERNAME="c137396"/>
<USERREF USERNAME="c149176"/>
<USERREF USERNAME="c219898"/>
<USERREF USERNAME="c075541"/>
<USERREF USERNAME="a701824"/>
<USERREF USERNAME="c074429"/>
<USERREF USERNAME="c060736"/>
<USERREF USERNAME="c026393"/>
<USERREF USERNAME="c026390"/>
<USERREF USERNAME="a608760"/>
<USERREF USERNAME="a608261"/>
<USERREF USERNAME="c058698"/>
<USERREF USERNAME="c143125"/>
<USERREF USERNAME="u7x2510"/>
<USERREF USERNAME="c135748"/>
<USERREF USERNAME="yex7920"/>
<USERREF USERNAME="c149470"/>
<USERREF USERNAME="rm36132"/>
<USERREF USERNAME="a803075"/>
<USERREF USERNAME="a511471"/>
<USERREF USERNAME="rm87794"/>
<USERREF USERNAME="rm80655"/>
<USERREF USERNAME="c196248"/>
<USERREF USERNAME="c199642"/>
<USERREF USERNAME="c218621"/>
<USERREF USERNAME="c223292"/>
<USERREF USERNAME="c196683"/>
<USERREF USERNAME="c068502"/>
<USERREF USERNAME="c228249"/>
<USERREF USERNAME="c228246"/>
<USERREF USERNAME="c228247"/>
<USERREF USERNAME="c228248"/>
<USERREF USERNAME="c228250"/>
<USERREF USERNAME="rleistner"/>
<USERREF USERNAME="lmuresan"/>
<USERREF USERNAME="jschmitt"/>
<USERREF USERNAME="c225200"/>
<USERREF USERNAME="u7X4333"/>
<USERREF USERNAME="c203058"/>
<USERREF USERNAME="c148827"/>
<USERREF USERNAME="c194055"/>
<USERREF USERNAME="c239605"/>
<USERREF USERNAME="c239399"/>
<USERREF USERNAME="c165082"/>
<USERREF USERNAME="i4xmcjfda_RE"/>
<USERREF USERNAME="coder_query"/>
<USERREF USERNAME="z1x0496"/>
<USERREF USERNAME="c221481"/>
<USERREF USERNAME="yq45155"/>
<USERREF USERNAME="xf03593"/>
<USERREF USERNAME="v3x6628"/>
<USERREF USERNAME="c228472"/>
<USERREF USERNAME="xg04165"/>
<USERREF USERNAME="c239260"/>
<USERREF USERNAME="c200292"/>
<USERREF USERNAME="c003859"/>
<USERREF USERNAME="c083101"/>
<USERREF USERNAME="c079244"/>
<USERREF USERNAME="c219905"/>
<USERREF USERNAME="rm90029"/>
<USERREF USERNAME="rm89018"/>
<USERREF USERNAME="c069132"/>
<USERREF USERNAME="c015393"/>
<USERREF USERNAME="c057362"/>
<USERREF USERNAME="c071673"/>
<USERREF USERNAME="v6x8058"/>
<USERREF USERNAME="c206591"/>
<USERREF USERNAME="ZPFaverpeleti"/>
<USERREF USERNAME="ZPFkbarkoczi"/>
<USERREF USERNAME="ZPFkhahn"/>
<USERREF USERNAME="ZPFabalogh"/>
<USERREF USERNAME="ZPFcdelacruz"/>
<USERREF USERNAME="ZPFckalinyak"/>
<USERREF USERNAME="ZPFcmolom"/>
<USERREF USERNAME="ZPFdnagy"/>
<USERREF USERNAME="ZPFedervishaj"/>
<USERREF USERNAME="ZPFepenzes"/>
<USERREF USERNAME="ZPFmandone"/>
<USERREF USERNAME="ZPFmlalangan"/>
<USERREF USERNAME="ZPFnkovacs"/>
<USERREF USERNAME="ZPFobodnar"/>
<USERREF USERNAME="ZPFprojas"/>
<USERREF USERNAME="ZPFpvamos"/>
<USERREF USERNAME="ZPFrcalorico"/>
<USERREF USERNAME="ZPFrducusin"/>
<USERREF USERNAME="ZPFaktoth"/>
<USERREF USERNAME="ZPFapervaiz"/>
<USERREF USERNAME="ZPFasomogyi"/>
<USERREF USERNAME="ZPFaterjek"/>
<USERREF USERNAME="ZPFawarsama"/>
<USERREF USERNAME="ZPFcmercado"/>
<USERREF USERNAME="ZPFddiomede"/>
<USERREF USERNAME="ZPFdvittay"/>
<USERREF USERNAME="ZPFekosa"/>
<USERREF USERNAME="ZPFfillesy"/>
<USERREF USERNAME="ZPFfvarga"/>
<USERREF USERNAME="ZPFgkrucso"/>
<USERREF USERNAME="ZPFgyvarga"/>
<USERREF USERNAME="ZPFijohl"/>
<USERREF USERNAME="ZPFjistenes"/>
<USERREF USERNAME="ZPFkcco"/>
<USERREF USERNAME="ZPFkcsobalyka"/>
<USERREF USERNAME="ZPFkkovacs"/>
<USERREF USERNAME="ZPFklim"/>
<USERREF USERNAME="ZPFkpinter"/>
<USERREF USERNAME="ZPFlbalubar"/>
<USERREF USERNAME="ZPFlcseke"/>
<USERREF USERNAME="ZPFlmate"/>
<USERREF USERNAME="ZPFmkhella"/>
<USERREF USERNAME="ZPFmtoth"/>
<USERREF USERNAME="ZPFnqi"/>
<USERREF USERNAME="ZPFnreis"/>
<USERREF USERNAME="ZPFnvergara"/>
<USERREF USERNAME="ZPFoely"/>
<USERREF USERNAME="ZPFpvallar"/>
<USERREF USERNAME="ZPFrsulit"/>
<USERREF USERNAME="ZPFsaguilar"/>
<USERREF USERNAME="ZPFsdasilva"/>
<USERREF USERNAME="ZPFskholti"/>
<USERREF USERNAME="ZPFstayco"/>
<USERREF USERNAME="ZPFtcabanes"/>
<USERREF USERNAME="ZPFtfabian"/>
<USERREF USERNAME="ZPFtszabo"/>
<USERREF USERNAME="ZPFvzdirko"/>
</SITEGROUP>
<SITEGROUP SITENAME="(500) The Clatterbridge Cancer Centre">
<USERREF USERNAME="c068505"/>
<USERREF USERNAME="c085302"/>
<USERREF USERNAME="c149066"/>
<USERREF USERNAME="c074342"/>
<USERREF USERNAME="c021984"/>
<USERREF USERNAME="c149177"/>
<USERREF USERNAME="rm35504"/>
<USERREF USERNAME="c131994"/>
<USERREF USERNAME="ye91098"/>
<USERREF USERNAME="yex7972"/>
<USERREF USERNAME="v6x8356"/>
<USERREF USERNAME="c022433"/>
<USERREF USERNAME="c025980"/>
<USERREF USERNAME="c039863"/>
<USERREF USERNAME="c137396"/>
<USERREF USERNAME="c149176"/>
<USERREF USERNAME="c219898"/>
<USERREF USERNAME="c075541"/>
<USERREF USERNAME="a701824"/>
<USERREF USERNAME="c074429"/>
<USERREF USERNAME="c060736"/>
<USERREF USERNAME="c026393"/>
<USERREF USERNAME="c026390"/>
<USERREF USERNAME="a608760"/>
<USERREF USERNAME="a608261"/>
<USERREF USERNAME="c058698"/>
<USERREF USERNAME="c143125"/>
<USERREF USERNAME="u7x2510"/>
<USERREF USERNAME="c135748"/>
<USERREF USERNAME="yex7920"/>
<USERREF USERNAME="c149470"/>
<USERREF USERNAME="rm36132"/>
<USERREF USERNAME="a803075"/>
<USERREF USERNAME="a511471"/>
<USERREF USERNAME="rm87794"/>
<USERREF USERNAME="rm80655"/>
<USERREF USERNAME="c196248"/>
<USERREF USERNAME="c199642"/>
<USERREF USERNAME="c218621"/>
<USERREF USERNAME="c223292"/>
<USERREF USERNAME="c196683"/>
<USERREF USERNAME="c068502"/>
<USERREF USERNAME="c228249"/>
<USERREF USERNAME="c228246"/>
<USERREF USERNAME="c228247"/>
<USERREF USERNAME="c228248"/>
<USERREF USERNAME="c228250"/>
<USERREF USERNAME="c225200"/>
<USERREF USERNAME="u7X4333"/>
<USERREF USERNAME="c203058"/>
<USERREF USERNAME="c148827"/>
<USERREF USERNAME="c194055"/>
<USERREF USERNAME="c239605"/>
<USERREF USERNAME="c165082"/>
<USERREF USERNAME="c241292"/>
<USERREF USERNAME="i4xmcjfda_RE"/>
<USERREF USERNAME="coder_query"/>
<USERREF USERNAME="z1x0496"/>
<USERREF USERNAME="c221481"/>
<USERREF USERNAME="yq45155"/>
<USERREF USERNAME="xf03593"/>
<USERREF USERNAME="v3x6628"/>
<USERREF USERNAME="c228472"/>
<USERREF USERNAME="xg04165"/>
<USERREF USERNAME="ppostmus"/>
<USERREF USERNAME="c239260"/>
<USERREF USERNAME="c200292"/>
<USERREF USERNAME="c003859"/>
<USERREF USERNAME="c083101"/>
<USERREF USERNAME="c079244"/>
<USERREF USERNAME="c219905"/>
<USERREF USERNAME="rm90029"/>
<USERREF USERNAME="rm89018"/>
<USERREF USERNAME="c069132"/>
<USERREF USERNAME="c015393"/>
<USERREF USERNAME="c057362"/>
<USERREF USERNAME="c071673"/>
<USERREF USERNAME="v6x8058"/>
<USERREF USERNAME="c206591"/>
<USERREF USERNAME="c090108"/>
<USERREF USERNAME="c039853"/>
<USERREF USERNAME="c074090"/>
<USERREF USERNAME="ZPFaverpeleti"/>
<USERREF USERNAME="ZPFkbarkoczi"/>
<USERREF USERNAME="ZPFkhahn"/>
<USERREF USERNAME="ZPFabalogh"/>
<USERREF USERNAME="ZPFcdelacruz"/>
<USERREF USERNAME="ZPFckalinyak"/>
<USERREF USERNAME="ZPFcmolom"/>
<USERREF USERNAME="ZPFdnagy"/>
<USERREF USERNAME="ZPFedervishaj"/>
<USERREF USERNAME="ZPFepenzes"/>
<USERREF USERNAME="ZPFmandone"/>
<USERREF USERNAME="ZPFmlalangan"/>
<USERREF USERNAME="ZPFnkovacs"/>
<USERREF USERNAME="ZPFobodnar"/>
<USERREF USERNAME="ZPFprojas"/>
<USERREF USERNAME="ZPFpvamos"/>
<USERREF USERNAME="ZPFrcalorico"/>
<USERREF USERNAME="ZPFrducusin"/>
<USERREF USERNAME="ZPFaktoth"/>
<USERREF USERNAME="ZPFapervaiz"/>
<USERREF USERNAME="ZPFasomogyi"/>
<USERREF USERNAME="ZPFaterjek"/>
<USERREF USERNAME="ZPFawarsama"/>
<USERREF USERNAME="ZPFcmercado"/>
<USERREF USERNAME="ZPFddiomede"/>
<USERREF USERNAME="ZPFdvittay"/>
<USERREF USERNAME="ZPFekosa"/>
<USERREF USERNAME="ZPFfillesy"/>
<USERREF USERNAME="ZPFfvarga"/>
<USERREF USERNAME="ZPFgkrucso"/>
<USERREF USERNAME="ZPFgyvarga"/>
<USERREF USERNAME="ZPFijohl"/>
<USERREF USERNAME="ZPFjistenes"/>
<USERREF USERNAME="ZPFkcco"/>
<USERREF USERNAME="ZPFkcsobalyka"/>
<USERREF USERNAME="ZPFkkovacs"/>
<USERREF USERNAME="ZPFklim"/>
<USERREF USERNAME="ZPFkpinter"/>
<USERREF USERNAME="ZPFlbalubar"/>
<USERREF USERNAME="ZPFlcseke"/>
<USERREF USERNAME="ZPFlmate"/>
<USERREF USERNAME="ZPFmkhella"/>
<USERREF USERNAME="ZPFmtoth"/>
<USERREF USERNAME="ZPFnqi"/>
<USERREF USERNAME="ZPFnreis"/>
<USERREF USERNAME="ZPFnvergara"/>
<USERREF USERNAME="ZPFoely"/>
<USERREF USERNAME="ZPFpvallar"/>
<USERREF USERNAME="ZPFrsulit"/>
<USERREF USERNAME="ZPFsaguilar"/>
<USERREF USERNAME="ZPFsdasilva"/>
<USERREF USERNAME="ZPFskholti"/>
<USERREF USERNAME="ZPFstayco"/>
<USERREF USERNAME="ZPFtcabanes"/>
<USERREF USERNAME="ZPFtfabian"/>
<USERREF USERNAME="ZPFtszabo"/>
<USERREF USERNAME="ZPFvzdirko"/>
</SITEGROUP>
<SITEGROUP SITENAME="(502) The Royal Marsden NHS Foundation Trust">
<USERREF USERNAME="spopat"/>
<USERREF USERNAME="c239260"/>
<USERREF USERNAME="c200292"/>
<USERREF USERNAME="c003859"/>
<USERREF USERNAME="c083101"/>
<USERREF USERNAME="c079244"/>
<USERREF USERNAME="c219905"/>
<USERREF USERNAME="rm90029"/>
<USERREF USERNAME="rm89018"/>
<USERREF USERNAME="c069132"/>
<USERREF USERNAME="c015393"/>
<USERREF USERNAME="c057362"/>
<USERREF USERNAME="c071673"/>
<USERREF USERNAME="v6x8058"/>
<USERREF USERNAME="c206591"/>
<USERREF USERNAME="c090108"/>
<USERREF USERNAME="c039853"/>
<USERREF USERNAME="c074090"/>
<USERREF USERNAME="c068505"/>
<USERREF USERNAME="c085302"/>
<USERREF USERNAME="c149066"/>
<USERREF USERNAME="c074342"/>
<USERREF USERNAME="c021984"/>
<USERREF USERNAME="c149177"/>
<USERREF USERNAME="rm35504"/>
<USERREF USERNAME="c131994"/>
<USERREF USERNAME="ye91098"/>
<USERREF USERNAME="yex7972"/>
<USERREF USERNAME="v6x8356"/>
<USERREF USERNAME="c022433"/>
<USERREF USERNAME="c025980"/>
<USERREF USERNAME="c039863"/>
<USERREF USERNAME="c137396"/>
<USERREF USERNAME="c149176"/>
<USERREF USERNAME="c219898"/>
<USERREF USERNAME="c075541"/>
<USERREF USERNAME="a701824"/>
<USERREF USERNAME="c074429"/>
<USERREF USERNAME="c060736"/>
<USERREF USERNAME="c026393"/>
<USERREF USERNAME="c026390"/>
<USERREF USERNAME="a608760"/>
<USERREF USERNAME="a608261"/>
<USERREF USERNAME="c058698"/>
<USERREF USERNAME="c143125"/>
<USERREF USERNAME="u7x2510"/>
<USERREF USERNAME="c135748"/>
<USERREF USERNAME="yex7920"/>
<USERREF USERNAME="c149470"/>
<USERREF USERNAME="rm36132"/>
<USERREF USERNAME="a803075"/>
<USERREF USERNAME="a511471"/>
<USERREF USERNAME="rm87794"/>
<USERREF USERNAME="rm80655"/>
<USERREF USERNAME="c196248"/>
<USERREF USERNAME="c199642"/>
<USERREF USERNAME="c218621"/>
<USERREF USERNAME="c223292"/>
<USERREF USERNAME="c196683"/>
<USERREF USERNAME="c068502"/>
<USERREF USERNAME="c228249"/>
<USERREF USERNAME="c228246"/>
<USERREF USERNAME="c228247"/>
<USERREF USERNAME="c228248"/>
<USERREF USERNAME="c228250"/>
<USERREF USERNAME="c225200"/>
<USERREF USERNAME="u7X4333"/>
<USERREF USERNAME="c203058"/>
<USERREF USERNAME="c148827"/>
<USERREF USERNAME="c194055"/>
<USERREF USERNAME="c239605"/>
<USERREF USERNAME="c165082"/>
<USERREF USERNAME="c241292"/>
<USERREF USERNAME="i4xmcjfda_RE"/>
<USERREF USERNAME="coder_query"/>
<USERREF USERNAME="z1x0496"/>
<USERREF USERNAME="c221481"/>
<USERREF USERNAME="yq45155"/>
<USERREF USERNAME="xf03593"/>
<USERREF USERNAME="v3x6628"/>
<USERREF USERNAME="c228472"/>
<USERREF USERNAME="xg04165"/>
<USERREF USERNAME="ZPFaverpeleti"/>
<USERREF USERNAME="ZPFkbarkoczi"/>
<USERREF USERNAME="ZPFkhahn"/>
<USERREF USERNAME="ZPFabalogh"/>
<USERREF USERNAME="ZPFcdelacruz"/>
<USERREF USERNAME="ZPFckalinyak"/>
<USERREF USERNAME="ZPFcmolom"/>
<USERREF USERNAME="ZPFdnagy"/>
<USERREF USERNAME="ZPFedervishaj"/>
<USERREF USERNAME="ZPFepenzes"/>
<USERREF USERNAME="ZPFmandone"/>
<USERREF USERNAME="ZPFmlalangan"/>
<USERREF USERNAME="ZPFnkovacs"/>
<USERREF USERNAME="ZPFobodnar"/>
<USERREF USERNAME="ZPFprojas"/>
<USERREF USERNAME="ZPFpvamos"/>
<USERREF USERNAME="ZPFrcalorico"/>
<USERREF USERNAME="ZPFrducusin"/>
<USERREF USERNAME="ZPFaktoth"/>
<USERREF USERNAME="ZPFapervaiz"/>
<USERREF USERNAME="ZPFasomogyi"/>
<USERREF USERNAME="ZPFaterjek"/>
<USERREF USERNAME="ZPFawarsama"/>
<USERREF USERNAME="ZPFcmercado"/>
<USERREF USERNAME="ZPFddiomede"/>
<USERREF USERNAME="ZPFdvittay"/>
<USERREF USERNAME="ZPFekosa"/>
<USERREF USERNAME="ZPFfillesy"/>
<USERREF USERNAME="ZPFfvarga"/>
<USERREF USERNAME="ZPFgkrucso"/>
<USERREF USERNAME="ZPFgyvarga"/>
<USERREF USERNAME="ZPFijohl"/>
<USERREF USERNAME="ZPFjistenes"/>
<USERREF USERNAME="ZPFkcco"/>
<USERREF USERNAME="ZPFkcsobalyka"/>
<USERREF USERNAME="ZPFkkovacs"/>
<USERREF USERNAME="ZPFklim"/>
<USERREF USERNAME="ZPFkpinter"/>
<USERREF USERNAME="ZPFlbalubar"/>
<USERREF USERNAME="ZPFlcseke"/>
<USERREF USERNAME="ZPFlmate"/>
<USERREF USERNAME="ZPFmkhella"/>
<USERREF USERNAME="ZPFmtoth"/>
<USERREF USERNAME="ZPFnqi"/>
<USERREF USERNAME="ZPFnreis"/>
<USERREF USERNAME="ZPFnvergara"/>
<USERREF USERNAME="ZPFoely"/>
<USERREF USERNAME="ZPFpvallar"/>
<USERREF USERNAME="ZPFrsulit"/>
<USERREF USERNAME="ZPFsaguilar"/>
<USERREF USERNAME="ZPFsdasilva"/>
<USERREF USERNAME="ZPFskholti"/>
<USERREF USERNAME="ZPFstayco"/>
<USERREF USERNAME="ZPFtcabanes"/>
<USERREF USERNAME="ZPFtfabian"/>
<USERREF USERNAME="ZPFtszabo"/>
<USERREF USERNAME="ZPFvzdirko"/>
</SITEGROUP>
<SITEGROUP SITENAME="(504) The Royal Marsden NHS Foundation Trust">
<USERREF USERNAME="c218621"/>
<USERREF USERNAME="c223292"/>
<USERREF USERNAME="c196683"/>
<USERREF USERNAME="c068502"/>
<USERREF USERNAME="c228249"/>
<USERREF USERNAME="c228246"/>
<USERREF USERNAME="c228247"/>
<USERREF USERNAME="c228248"/>
<USERREF USERNAME="c228250"/>
<USERREF USERNAME="srose"/>
<USERREF USERNAME="abailey"/>
<USERREF USERNAME="c225200"/>
<USERREF USERNAME="u7X4333"/>
<USERREF USERNAME="c203058"/>
<USERREF USERNAME="c148827"/>
<USERREF USERNAME="c194055"/>
<USERREF USERNAME="c239605"/>
<USERREF USERNAME="c165082"/>
<USERREF USERNAME="c241292"/>
<USERREF USERNAME="i4xmcjfda_RE"/>
<USERREF USERNAME="coder_query"/>
<USERREF USERNAME="z1x0496"/>
<USERREF USERNAME="c221481"/>
<USERREF USERNAME="yq45155"/>
<USERREF USERNAME="xf03593"/>
<USERREF USERNAME="v3x6628"/>
<USERREF USERNAME="c228472"/>
<USERREF USERNAME="xg04165"/>
<USERREF USERNAME="c239260"/>
<USERREF USERNAME="c200292"/>
<USERREF USERNAME="c003859"/>
<USERREF USERNAME="c083101"/>
<USERREF USERNAME="c079244"/>
<USERREF USERNAME="c219905"/>
<USERREF USERNAME="rm90029"/>
<USERREF USERNAME="rm89018"/>
<USERREF USERNAME="c069132"/>
<USERREF USERNAME="c015393"/>
<USERREF USERNAME="c057362"/>
<USERREF USERNAME="c071673"/>
<USERREF USERNAME="v6x8058"/>
<USERREF USERNAME="c206591"/>
<USERREF USERNAME="c090108"/>
<USERREF USERNAME="c039853"/>
<USERREF USERNAME="c074090"/>
<USERREF USERNAME="c068505"/>
<USERREF USERNAME="c085302"/>
<USERREF USERNAME="c149066"/>
<USERREF USERNAME="c074342"/>
<USERREF USERNAME="c021984"/>
<USERREF USERNAME="c149177"/>
<USERREF USERNAME="rm35504"/>
<USERREF USERNAME="c131994"/>
<USERREF USERNAME="ye91098"/>
<USERREF USERNAME="yex7972"/>
<USERREF USERNAME="v6x8356"/>
<USERREF USERNAME="c022433"/>
<USERREF USERNAME="c025980"/>
<USERREF USERNAME="c039863"/>
<USERREF USERNAME="c137396"/>
<USERREF USERNAME="c149176"/>
<USERREF USERNAME="c219898"/>
<USERREF USERNAME="c075541"/>
<USERREF USERNAME="a701824"/>
<USERREF USERNAME="c074429"/>
<USERREF USERNAME="c060736"/>
<USERREF USERNAME="c026393"/>
<USERREF USERNAME="c026390"/>
<USERREF USERNAME="a608760"/>
<USERREF USERNAME="a608261"/>
<USERREF USERNAME="c058698"/>
<USERREF USERNAME="c143125"/>
<USERREF USERNAME="u7x2510"/>
<USERREF USERNAME="c135748"/>
<USERREF USERNAME="yex7920"/>
<USERREF USERNAME="c149470"/>
<USERREF USERNAME="rm36132"/>
<USERREF USERNAME="a803075"/>
<USERREF USERNAME="a511471"/>
<USERREF USERNAME="rm87794"/>
<USERREF USERNAME="rm80655"/>
<USERREF USERNAME="c196248"/>
<USERREF USERNAME="c199642"/>
<USERREF USERNAME="ZPFaverpeleti"/>
<USERREF USERNAME="ZPFkbarkoczi"/>
<USERREF USERNAME="ZPFkhahn"/>
<USERREF USERNAME="ZPFabalogh"/>
<USERREF USERNAME="ZPFcdelacruz"/>
<USERREF USERNAME="ZPFckalinyak"/>
<USERREF USERNAME="ZPFcmolom"/>
<USERREF USERNAME="ZPFdnagy"/>
<USERREF USERNAME="ZPFedervishaj"/>
<USERREF USERNAME="ZPFepenzes"/>
<USERREF USERNAME="ZPFmandone"/>
<USERREF USERNAME="ZPFmlalangan"/>
<USERREF USERNAME="ZPFnkovacs"/>
<USERREF USERNAME="ZPFobodnar"/>
<USERREF USERNAME="ZPFprojas"/>
<USERREF USERNAME="ZPFpvamos"/>
<USERREF USERNAME="ZPFrcalorico"/>
<USERREF USERNAME="ZPFrducusin"/>
<USERREF USERNAME="ZPFaktoth"/>
<USERREF USERNAME="ZPFapervaiz"/>
<USERREF USERNAME="ZPFasomogyi"/>
<USERREF USERNAME="ZPFaterjek"/>
<USERREF USERNAME="ZPFawarsama"/>
<USERREF USERNAME="ZPFcmercado"/>
<USERREF USERNAME="ZPFddiomede"/>
<USERREF USERNAME="ZPFdvittay"/>
<USERREF USERNAME="ZPFekosa"/>
<USERREF USERNAME="ZPFfillesy"/>
<USERREF USERNAME="ZPFfvarga"/>
<USERREF USERNAME="ZPFgkrucso"/>
<USERREF USERNAME="ZPFgyvarga"/>
<USERREF USERNAME="ZPFijohl"/>
<USERREF USERNAME="ZPFjistenes"/>
<USERREF USERNAME="ZPFkcco"/>
<USERREF USERNAME="ZPFkcsobalyka"/>
<USERREF USERNAME="ZPFkkovacs"/>
<USERREF USERNAME="ZPFklim"/>
<USERREF USERNAME="ZPFkpinter"/>
<USERREF USERNAME="ZPFlbalubar"/>
<USERREF USERNAME="ZPFlcseke"/>
<USERREF USERNAME="ZPFlmate"/>
<USERREF USERNAME="ZPFmkhella"/>
<USERREF USERNAME="ZPFmtoth"/>
<USERREF USERNAME="ZPFnqi"/>
<USERREF USERNAME="ZPFnreis"/>
<USERREF USERNAME="ZPFnvergara"/>
<USERREF USERNAME="ZPFoely"/>
<USERREF USERNAME="ZPFpvallar"/>
<USERREF USERNAME="ZPFrsulit"/>
<USERREF USERNAME="ZPFsaguilar"/>
<USERREF USERNAME="ZPFsdasilva"/>
<USERREF USERNAME="ZPFskholti"/>
<USERREF USERNAME="ZPFstayco"/>
<USERREF USERNAME="ZPFtcabanes"/>
<USERREF USERNAME="ZPFtfabian"/>
<USERREF USERNAME="ZPFtszabo"/>
<USERREF USERNAME="ZPFvzdirko"/>
</SITEGROUP>

</MEDMLDATA>