<?xml version="1.0"?>
<MEDMLDATA xmlns="PhaseForward-MedML-Inform4">


<REPORTINGGROUP
GROUPNAME="Ad Hoc Users"
GROUPDESCRIPTION="Users who have access to Ad Hoc Reporting">
<!-- Insert Users -->
<USERREF USERNAME="c239260"/>
<USERREF USERNAME="c221481"/>
<USERREF USERNAME="c200292"/>
<USERREF USERNAME="z1x0496"/>
<USERREF USERNAME="v3x6628"/>
<USERREF USERNAME="i4xmcjfda_RE"/>
</REPORTINGGROUP>

<QUERYGROUP
GROUPNAME="CDM_CRA Query"
GROUPDESCRIPTION="">
<!-- Insert Users -->
<USERREF USERNAME="autoquery"/>
<USERREF USERNAME="c239399"/>
<USERREF USERNAME="c241292"/>
<USERREF USERNAME="c239411"/>
<USERREF USERNAME="c228472"/>
<USERREF USERNAME="c239260"/>
<USERREF USERNAME="c229812"/>
<USERREF USERNAME="c231547"/>
<USERREF USERNAME="c211950"/>
<USERREF USERNAME="c421337"/>
<USERREF USERNAME="z1x0496"/>
<USERREF USERNAME="v3x6628"/>
<USERREF USERNAME="c200292"/>
<USERREF USERNAME="c240699"/>
<USERREF USERNAME="c238880"/>
</QUERYGROUP>

<QUERYGROUP
GROUPNAME="Coding Query Group"
GROUPDESCRIPTION="">
<!-- Insert Users -->
<USERREF USERNAME="coder_query"/>
</QUERYGROUP>

<QUERYGROUP
GROUPNAME="GPS_Query"
GROUPDESCRIPTION="">
<!-- Insert Users -->
<USERREF USERNAME="rm87794"/>
<USERREF USERNAME="c196248"/>
<USERREF USERNAME="c218621"/>
<USERREF USERNAME="c239605"/>
<USERREF USERNAME="c194055"/>
<USERREF USERNAME="u7X4333"/>
<USERREF USERNAME="c148827"/>
<USERREF USERNAME="c003859"/>
<USERREF USERNAME="c079244"/>
<USERREF USERNAME="rm90029"/>
<USERREF USERNAME="c069132"/>
<USERREF USERNAME="c057362"/>
<USERREF USERNAME="v6x8058"/>
<USERREF USERNAME="c090108"/>
<USERREF USERNAME="c074090"/>
<USERREF USERNAME="c085302"/>
<USERREF USERNAME="c075541"/>
<USERREF USERNAME="c074429"/>
<USERREF USERNAME="c026393"/>
<USERREF USERNAME="a608760"/>
<USERREF USERNAME="c058698"/>
<USERREF USERNAME="c068502"/>
<USERREF USERNAME="c228246"/>
<USERREF USERNAME="c228248"/>
<USERREF USERNAME="c225200"/>
<USERREF USERNAME="c203058"/>
<USERREF USERNAME="c015393"/>
<USERREF USERNAME="c071673"/>
<USERREF USERNAME="c206591"/>
<USERREF USERNAME="c039853"/>
<USERREF USERNAME="c068505"/>
<USERREF USERNAME="c074342"/>
<USERREF USERNAME="c149177"/>
<USERREF USERNAME="c131994"/>
<USERREF USERNAME="yex7972"/>
<USERREF USERNAME="c022433"/>
<USERREF USERNAME="c039863"/>
<USERREF USERNAME="c149176"/>
<USERREF USERNAME="c219898"/>
<USERREF USERNAME="a701824"/>
<USERREF USERNAME="c143125"/>
<USERREF USERNAME="c135748"/>
<USERREF USERNAME="c149470"/>
<USERREF USERNAME="a803075"/>
<USERREF USERNAME="a511471"/>
<USERREF USERNAME="rm80655"/>
<USERREF USERNAME="c199642"/>
<USERREF USERNAME="c223292"/>
<USERREF USERNAME="c196683"/>
<USERREF USERNAME="c228249"/>
<USERREF USERNAME="c228247"/>
<USERREF USERNAME="c228250"/>
<USERREF USERNAME="c083101"/>
<USERREF USERNAME="c219905"/>
<USERREF USERNAME="rm89018"/>
<USERREF USERNAME="c149066"/>
<USERREF USERNAME="c021984"/>
<USERREF USERNAME="rm35504"/>
<USERREF USERNAME="ye91098"/>
<USERREF USERNAME="v6x8356"/>
<USERREF USERNAME="c025980"/>
<USERREF USERNAME="c137396"/>
<USERREF USERNAME="c060736"/>
<USERREF USERNAME="c026390"/>
<USERREF USERNAME="a608261"/>
<USERREF USERNAME="u7x2510"/>
<USERREF USERNAME="yex7920"/>
<USERREF USERNAME="rm36132"/>
</QUERYGROUP>

<SIGNATUREGROUP
GROUPNAME="PI Signature"
GROUPDESCRIPTION=""
CRBMEANING="Approved"

CRBTEXT="By my dated signature below, I  %s  %s, verify that all case report form pages accurately display the results of the examinations, tests, evaluations and treatments performed on this patient.&lt;BR&gt;&lt;BR&gt;Pursuant to Section 11.100 of Title 21 of the Code of Federal Regulations, this is to certify that I intend that this electronic signature is to be the legally binding equivalent of my handwritten signature. &lt;BR&gt;&lt;BR&gt;To this I do attest by supplying my user name and password and clicking the button marked &lt;B&gt;Submit&lt;/B&gt; below"
 LANGUAGE="en-US">
<!-- Insert Users -->
<USERREF USERNAME="rleistner"/>
<USERREF USERNAME="britter"/>
<USERREF USERNAME="mschenker"/>
<USERREF USERNAME="mheilmann"/>
<USERREF USERNAME="aalexandru"/>
<USERREF USERNAME="mwolf"/>
<USERREF USERNAME="lmuresan"/>
<USERREF USERNAME="audrea"/>
<USERREF USERNAME="dfilip"/>
<USERREF USERNAME="ppostmus"/>
<USERREF USERNAME="achella"/>
<USERREF USERNAME="drocco"/>
<USERREF USERNAME="cgridelli"/>
<USERREF USERNAME="galtavilla"/>
<USERREF USERNAME="spopat"/>
<USERREF USERNAME="fclinckart"/>
<USERREF USERNAME="idemedts"/>
<USERREF USERNAME="fbustin"/>
<USERREF USERNAME="vgorbunova"/>
<USERREF USERNAME="aluft"/>
<USERREF USERNAME="bschoenhofer"/>
</SIGNATUREGROUP>

<REPORTINGGROUP
GROUPNAME="Publishers"
GROUPDESCRIPTION="Users who can create folders and other content within the Public Folder space">
<!-- Insert Users -->
<USERREF USERNAME="c239260"/>
<USERREF USERNAME="v3x6628"/>
<USERREF USERNAME="z1x0496"/>
<USERREF USERNAME="i4xmcjfda_RE"/>
<USERREF USERNAME="c221481"/>
<USERREF USERNAME="c200292"/>
</REPORTINGGROUP>

<REPORTINGGROUP
GROUPNAME="Report Administrators"
GROUPDESCRIPTION="Users who can administer authorized public content such as setting permissions on folders and reports">
<!-- Insert Users -->
<USERREF USERNAME="c239260"/>
<USERREF USERNAME="c200292"/>
<USERREF USERNAME="v3x6628"/>
<USERREF USERNAME="z1x0496"/>
</REPORTINGGROUP>

<REPORTINGGROUP
GROUPNAME="Site Users"
GROUPDESCRIPTION="Site Users">
<!-- Insert Users -->
<USERREF USERNAME="jbrandes"/>
<USERREF USERNAME="mcrine"/>
<USERREF USERNAME="jschmitt"/>
<USERREF USERNAME="britter"/>
<USERREF USERNAME="flueckert"/>
<USERREF USERNAME="lgales"/>
<USERREF USERNAME="audrea"/>
<USERREF USERNAME="cseceac"/>
<USERREF USERNAME="ostovicek"/>
<USERREF USERNAME="dfilip"/>
<USERREF USERNAME="ctrif"/>
<USERREF USERNAME="srose"/>
<USERREF USERNAME="etrusilova"/>
<USERREF USERNAME="ibazaeva"/>
<USERREF USERNAME="dgromov"/>
<USERREF USERNAME="ppostmus"/>
<USERREF USERNAME="achella"/>
<USERREF USERNAME="drocco"/>
<USERREF USERNAME="cgridelli"/>
<USERREF USERNAME="galtavilla"/>
<USERREF USERNAME="spopat"/>
<USERREF USERNAME="corlando"/>
<USERREF USERNAME="gsmeraglio"/>
<USERREF USERNAME="vbarbato"/>
<USERREF USERNAME="falviero"/>
<USERREF USERNAME="fclinckart"/>
<USERREF USERNAME="idemedts"/>
<USERREF USERNAME="fbustin"/>
<USERREF USERNAME="vgorbunova"/>
<USERREF USERNAME="aluft"/>
<USERREF USERNAME="etuzlukova"/>
<USERREF USERNAME="bschoenhofer"/>
<USERREF USERNAME="lmuresan"/>
<USERREF USERNAME="mwolf"/>
<USERREF USERNAME="treuter"/>
<USERREF USERNAME="aalexandru"/>
<USERREF USERNAME="rfostea"/>
<USERREF USERNAME="mheilmann"/>
<USERREF USERNAME="eakcivan"/>
<USERREF USERNAME="acismaru"/>
<USERREF USERNAME="mschenker"/>
<USERREF USERNAME="agheorghe"/>
<USERREF USERNAME="aherzal"/>
<USERREF USERNAME="rlupse"/>
<USERREF USERNAME="abailey"/>
<USERREF USERNAME="tfourneaux"/>
<USERREF USERNAME="sadriaens"/>
<USERREF USERNAME="rleistner"/>
</REPORTINGGROUP>

<REPORTINGGROUP
GROUPNAME="Sponsor Users"
GROUPDESCRIPTION="Sponsor Users">
<!-- Insert Users -->
<USERREF USERNAME="c194055"/>
<USERREF USERNAME="c239399"/>
<USERREF USERNAME="c241292"/>
<USERREF USERNAME="c239411"/>
<USERREF USERNAME="c228472"/>
<USERREF USERNAME="u7X4333"/>
<USERREF USERNAME="c148827"/>
<USERREF USERNAME="c239260"/>
<USERREF USERNAME="c003859"/>
<USERREF USERNAME="c079244"/>
<USERREF USERNAME="rm90029"/>
<USERREF USERNAME="c069132"/>
<USERREF USERNAME="c057362"/>
<USERREF USERNAME="v6x8058"/>
<USERREF USERNAME="c090108"/>
<USERREF USERNAME="c074090"/>
<USERREF USERNAME="c085302"/>
<USERREF USERNAME="c075541"/>
<USERREF USERNAME="c074429"/>
<USERREF USERNAME="c026393"/>
<USERREF USERNAME="a608760"/>
<USERREF USERNAME="c058698"/>
<USERREF USERNAME="c068502"/>
<USERREF USERNAME="c228246"/>
<USERREF USERNAME="c228248"/>
<USERREF USERNAME="c225200"/>
<USERREF USERNAME="c203058"/>
<USERREF USERNAME="c229812"/>
<USERREF USERNAME="c231547"/>
<USERREF USERNAME="c211950"/>
<USERREF USERNAME="coder_query"/>
<USERREF USERNAME="c221481"/>
<USERREF USERNAME="xf03593"/>
<USERREF USERNAME="xg04165"/>
<USERREF USERNAME="c421337"/>
<USERREF USERNAME="i4xmcjfda_RE"/>
<USERREF USERNAME="z1x0496"/>
<USERREF USERNAME="yq45155"/>
<USERREF USERNAME="v3x6628"/>
<USERREF USERNAME="c015393"/>
<USERREF USERNAME="c071673"/>
<USERREF USERNAME="c206591"/>
<USERREF USERNAME="c039853"/>
<USERREF USERNAME="c068505"/>
<USERREF USERNAME="c074342"/>
<USERREF USERNAME="c149177"/>
<USERREF USERNAME="c131994"/>
<USERREF USERNAME="yex7972"/>
<USERREF USERNAME="c022433"/>
<USERREF USERNAME="c039863"/>
<USERREF USERNAME="c149176"/>
<USERREF USERNAME="c219898"/>
<USERREF USERNAME="a701824"/>
<USERREF USERNAME="c143125"/>
<USERREF USERNAME="c135748"/>
<USERREF USERNAME="c149470"/>
<USERREF USERNAME="a803075"/>
<USERREF USERNAME="a511471"/>
<USERREF USERNAME="rm80655"/>
<USERREF USERNAME="c199642"/>
<USERREF USERNAME="c223292"/>
<USERREF USERNAME="c196683"/>
<USERREF USERNAME="c228249"/>
<USERREF USERNAME="c228247"/>
<USERREF USERNAME="c228250"/>
<USERREF USERNAME="c200292"/>
<USERREF USERNAME="c083101"/>
<USERREF USERNAME="c219905"/>
<USERREF USERNAME="rm89018"/>
<USERREF USERNAME="c149066"/>
<USERREF USERNAME="c021984"/>
<USERREF USERNAME="rm35504"/>
<USERREF USERNAME="ye91098"/>
<USERREF USERNAME="v6x8356"/>
<USERREF USERNAME="c025980"/>
<USERREF USERNAME="c137396"/>
<USERREF USERNAME="c060736"/>
<USERREF USERNAME="c026390"/>
<USERREF USERNAME="a608261"/>
<USERREF USERNAME="u7x2510"/>
<USERREF USERNAME="yex7920"/>
<USERREF USERNAME="rm36132"/>
<USERREF USERNAME="rm87794"/>
<USERREF USERNAME="c196248"/>
<USERREF USERNAME="c218621"/>
<USERREF USERNAME="c240699"/>
<USERREF USERNAME="c239605"/>
<USERREF USERNAME="c165082"/>
<USERREF USERNAME="c238880"/>
</REPORTINGGROUP>

<REPORTINGGROUP
GROUPNAME="User Admin Info Data Users"
GROUPDESCRIPTION="Users who have access to user data including password related data">
<!-- Insert Users -->
<USERREF USERNAME="c223292"/>
<USERREF USERNAME="c196683"/>
<USERREF USERNAME="c228249"/>
<USERREF USERNAME="c228247"/>
<USERREF USERNAME="c228250"/>
<USERREF USERNAME="c200292"/>
<USERREF USERNAME="c083101"/>
<USERREF USERNAME="c219905"/>
<USERREF USERNAME="rm89018"/>
<USERREF USERNAME="c149066"/>
<USERREF USERNAME="c021984"/>
<USERREF USERNAME="rm35504"/>
<USERREF USERNAME="ye91098"/>
<USERREF USERNAME="v6x8356"/>
<USERREF USERNAME="c025980"/>
<USERREF USERNAME="c137396"/>
<USERREF USERNAME="c060736"/>
<USERREF USERNAME="c026390"/>
<USERREF USERNAME="a608261"/>
<USERREF USERNAME="u7x2510"/>
<USERREF USERNAME="yex7920"/>
<USERREF USERNAME="rm36132"/>
<USERREF USERNAME="rm87794"/>
<USERREF USERNAME="c196248"/>
<USERREF USERNAME="c218621"/>
<USERREF USERNAME="c240699"/>
<USERREF USERNAME="c239605"/>
<USERREF USERNAME="c238880"/>
<USERREF USERNAME="c194055"/>
<USERREF USERNAME="c239399"/>
<USERREF USERNAME="c241292"/>
<USERREF USERNAME="c239411"/>
<USERREF USERNAME="c228472"/>
<USERREF USERNAME="u7X4333"/>
<USERREF USERNAME="c148827"/>
<USERREF USERNAME="c239260"/>
<USERREF USERNAME="c003859"/>
<USERREF USERNAME="c079244"/>
<USERREF USERNAME="rm90029"/>
<USERREF USERNAME="c069132"/>
<USERREF USERNAME="c057362"/>
<USERREF USERNAME="v6x8058"/>
<USERREF USERNAME="c090108"/>
<USERREF USERNAME="c074090"/>
<USERREF USERNAME="c085302"/>
<USERREF USERNAME="c075541"/>
<USERREF USERNAME="c074429"/>
<USERREF USERNAME="c026393"/>
<USERREF USERNAME="a608760"/>
<USERREF USERNAME="c058698"/>
<USERREF USERNAME="c068502"/>
<USERREF USERNAME="c228246"/>
<USERREF USERNAME="c228248"/>
<USERREF USERNAME="c225200"/>
<USERREF USERNAME="c203058"/>
<USERREF USERNAME="c229812"/>
<USERREF USERNAME="c231547"/>
<USERREF USERNAME="c211950"/>
<USERREF USERNAME="c221481"/>
<USERREF USERNAME="c421337"/>
<USERREF USERNAME="i4xmcjfda_RE"/>
<USERREF USERNAME="z1x0496"/>
<USERREF USERNAME="v3x6628"/>
<USERREF USERNAME="c015393"/>
<USERREF USERNAME="c071673"/>
<USERREF USERNAME="c206591"/>
<USERREF USERNAME="c039853"/>
<USERREF USERNAME="c068505"/>
<USERREF USERNAME="c074342"/>
<USERREF USERNAME="c149177"/>
<USERREF USERNAME="c131994"/>
<USERREF USERNAME="yex7972"/>
<USERREF USERNAME="c022433"/>
<USERREF USERNAME="c039863"/>
<USERREF USERNAME="c149176"/>
<USERREF USERNAME="c219898"/>
<USERREF USERNAME="a701824"/>
<USERREF USERNAME="c143125"/>
<USERREF USERNAME="c135748"/>
<USERREF USERNAME="c149470"/>
<USERREF USERNAME="a803075"/>
<USERREF USERNAME="a511471"/>
<USERREF USERNAME="rm80655"/>
<USERREF USERNAME="c199642"/>
</REPORTINGGROUP>

<REPORTINGGROUP
GROUPNAME="User Info Data Users"
GROUPDESCRIPTION="Users who have access to user data except password related data">
<!-- Insert Users -->
<USERREF USERNAME="rm35504"/>
<USERREF USERNAME="ye91098"/>
<USERREF USERNAME="v6x8356"/>
<USERREF USERNAME="c025980"/>
<USERREF USERNAME="c137396"/>
<USERREF USERNAME="c060736"/>
<USERREF USERNAME="c026390"/>
<USERREF USERNAME="a608261"/>
<USERREF USERNAME="u7x2510"/>
<USERREF USERNAME="yex7920"/>
<USERREF USERNAME="rm36132"/>
<USERREF USERNAME="rm87794"/>
<USERREF USERNAME="c196248"/>
<USERREF USERNAME="c218621"/>
<USERREF USERNAME="c239605"/>
<USERREF USERNAME="c165082"/>
<USERREF USERNAME="c194055"/>
<USERREF USERNAME="u7X4333"/>
<USERREF USERNAME="c148827"/>
<USERREF USERNAME="c003859"/>
<USERREF USERNAME="c079244"/>
<USERREF USERNAME="rm90029"/>
<USERREF USERNAME="c069132"/>
<USERREF USERNAME="c057362"/>
<USERREF USERNAME="v6x8058"/>
<USERREF USERNAME="c090108"/>
<USERREF USERNAME="c074090"/>
<USERREF USERNAME="c085302"/>
<USERREF USERNAME="c075541"/>
<USERREF USERNAME="c074429"/>
<USERREF USERNAME="c026393"/>
<USERREF USERNAME="a608760"/>
<USERREF USERNAME="c058698"/>
<USERREF USERNAME="c068502"/>
<USERREF USERNAME="c228246"/>
<USERREF USERNAME="c228248"/>
<USERREF USERNAME="c225200"/>
<USERREF USERNAME="c203058"/>
<USERREF USERNAME="xf03593"/>
<USERREF USERNAME="xg04165"/>
<USERREF USERNAME="yq45155"/>
<USERREF USERNAME="c015393"/>
<USERREF USERNAME="c071673"/>
<USERREF USERNAME="c206591"/>
<USERREF USERNAME="c039853"/>
<USERREF USERNAME="c068505"/>
<USERREF USERNAME="c074342"/>
<USERREF USERNAME="c149177"/>
<USERREF USERNAME="c131994"/>
<USERREF USERNAME="yex7972"/>
<USERREF USERNAME="c022433"/>
<USERREF USERNAME="c039863"/>
<USERREF USERNAME="c149176"/>
<USERREF USERNAME="c219898"/>
<USERREF USERNAME="a701824"/>
<USERREF USERNAME="c143125"/>
<USERREF USERNAME="c135748"/>
<USERREF USERNAME="c149470"/>
<USERREF USERNAME="a803075"/>
<USERREF USERNAME="a511471"/>
<USERREF USERNAME="rm80655"/>
<USERREF USERNAME="c199642"/>
<USERREF USERNAME="c223292"/>
<USERREF USERNAME="c196683"/>
<USERREF USERNAME="c228249"/>
<USERREF USERNAME="c228247"/>
<USERREF USERNAME="c228250"/>
<USERREF USERNAME="c083101"/>
<USERREF USERNAME="c219905"/>
<USERREF USERNAME="rm89018"/>
<USERREF USERNAME="c149066"/>
<USERREF USERNAME="c021984"/>
</REPORTINGGROUP>

</MEDMLDATA>