<?xml version="1.0"?>
<MEDMLDATA xmlns="PhaseForward-MedML-Inform4">


<SITE  NAME="(102) AZ Delta"    MNEMONIC="102"
ADDRESS="Wilgenstraat 2 8800 Roeselare"
COUNTRY="BELGIUM"
PHONE="3232056522231"
ALTPHONE="32"
FAX="32"
TIMEZONE="(UTC+02:00) E. Europe"
SITEDATEFORMAT="DAY_MONTH_YEAR"
STARTDATE="10/26/2016"
STUDYLOCALE="en-US"
SVAUTOSELECTRATE="100"
SVFIRSTNSUBJECTS="100"
/>


<SITE  NAME="(104) CHR La Citadelle"    MNEMONIC="104"
ADDRESS="Boulevard du 12e de ligne 1 4000 liege"
COUNTRY="BELGIUM"
PHONE="3232042257022"
ALTPHONE="32"
FAX="32"
TIMEZONE="(UTC+02:00) E. Europe"
SITEDATEFORMAT="DAY_MONTH_YEAR"
STARTDATE="10/26/2016"
STUDYLOCALE="en-US"
SVAUTOSELECTRATE="100"
SVFIRSTNSUBJECTS="100"
/>


<SITE  NAME="(100) Hopital de Jolimont"    MNEMONIC="100"
ADDRESS="rue Ferrer 159 7100 La Louviere"
COUNTRY="BELGIUM"
PHONE="3232064234662"
ALTPHONE="32"
FAX="32"
TIMEZONE="(UTC+02:00) E. Europe"
SITEDATEFORMAT="DAY_MONTH_YEAR"
STARTDATE="10/26/2016"
STUDYLOCALE="en-US"
SVAUTOSELECTRATE="100"
SVFIRSTNSUBJECTS="100"
/>


<SITE  NAME="(204) Sozialstiftung Bamberg"    MNEMONIC="204"
ADDRESS="Buger Str 80 96049 Bamberg"
COUNTRY="GERMANY"
PHONE="494.9951503155e+012"
ALTPHONE="49"
FAX="49"
TIMEZONE="(UTC+01:00) Belgrade, Bratislava, Budapest, Ljubljana, Prague"
SITEDATEFORMAT="DAY_MONTH_YEAR"
STARTDATE="10/26/2016"
STUDYLOCALE="en-US"
SVAUTOSELECTRATE="100"
SVFIRSTNSUBJECTS="100"
/>


<SITE  NAME="(206) Klinikum Kassel"    MNEMONIC="206"
ADDRESS="Monchebergstr 41 43 34125 Kassel"
COUNTRY="GERMANY"
PHONE="494.9561980305e+011"
ALTPHONE="49"
FAX="49"
TIMEZONE="(UTC+01:00) Belgrade, Bratislava, Budapest, Ljubljana, Prague"
SITEDATEFORMAT="DAY_MONTH_YEAR"
STARTDATE="10/26/2016"
STUDYLOCALE="en-US"
SVAUTOSELECTRATE="100"
SVFIRSTNSUBJECTS="100"
/>


<SITE  NAME="(200) Klinikum Siloah Oststadt Heidehaus"    MNEMONIC="200"
ADDRESS="Stadionbrucke 4 30459 Hannover"
COUNTRY="GERMANY"
PHONE="494.951192725e+011"
ALTPHONE="49"
FAX="49"
TIMEZONE="(UTC+01:00) Belgrade, Bratislava, Budapest, Ljubljana, Prague"
SITEDATEFORMAT="DAY_MONTH_YEAR"
STARTDATE="10/26/2016"
STUDYLOCALE="en-US"
SVAUTOSELECTRATE="100"
SVFIRSTNSUBJECTS="100"
/>


<SITE  NAME="(304) Azienda Ospedaliera  S Giuseppe Moscati"    MNEMONIC="304"
ADDRESS="Oncologia medica Contrada Amoretta 83100 Avellino"
COUNTRY="ITALY"
PHONE="393.90825e+011"
ALTPHONE="39"
FAX="39"
TIMEZONE="(UTC+02:00) E. Europe"
SITEDATEFORMAT="DAY_MONTH_YEAR"
STARTDATE="10/26/2016"
STUDYLOCALE="en-US"
SVAUTOSELECTRATE="100"
SVFIRSTNSUBJECTS="100"
/>


<SITE  NAME="(306) Policlinico G Martino"    MNEMONIC="306"
ADDRESS="Localita Gazzi Via Consolare Valeria 80124 Messina"
COUNTRY="ITALY"
PHONE="399.02213e+008"
ALTPHONE="39"
FAX="39"
TIMEZONE="(UTC+02:00) E. Europe"
SITEDATEFORMAT="DAY_MONTH_YEAR"
STARTDATE="10/26/2016"
STUDYLOCALE="en-US"
SVAUTOSELECTRATE="100"
SVFIRSTNSUBJECTS="100"
/>


<SITE  NAME="(302) A O R N Monaldi"    MNEMONIC="302"
ADDRESS="Via Leonardo Bianchi Napoli 
80131"
COUNTRY="ITALY"
PHONE="393.90817e+011"
ALTPHONE="39"
FAX="39"
TIMEZONE="(UTC+02:00) E. Europe"
SITEDATEFORMAT="DAY_MONTH_YEAR"
STARTDATE="10/26/2016"
STUDYLOCALE="en-US"
SVAUTOSELECTRATE="100"
SVFIRSTNSUBJECTS="100"
/>


<SITE  NAME="(300) Azienda Ospedaliera Universitaria Pisana - Ospedale di Cisanello"    MNEMONIC="300"
ADDRESS="UO Pneumologia II Dipartimento Cardio Toracico Via Paradisa 2 56124 Pisa"
COUNTRY="ITALY"
PHONE="393.9051e+010"
ALTPHONE="39"
FAX="39"
TIMEZONE="(UTC+02:00) E. Europe"
SITEDATEFORMAT="DAY_MONTH_YEAR"
STARTDATE="10/26/2016"
STUDYLOCALE="en-US"
SVAUTOSELECTRATE="100"
SVFIRSTNSUBJECTS="100"
/>


<SITE  NAME="(406) SC Oncopremium SRL  Oncologie Medicala"    MNEMONIC="406"
ADDRESS="Str Progresului nr 36 Baia Mare jud Maramures cod 430291"
COUNTRY="ROMANIA"
PHONE="404.03624e+010"
ALTPHONE="40"
FAX="40"
TIMEZONE="(UTC+02:00) E. Europe"
SITEDATEFORMAT="DAY_MONTH_YEAR"
STARTDATE="10/26/2016"
STUDYLOCALE="en-US"
SVAUTOSELECTRATE="100"
SVFIRSTNSUBJECTS="100"
/>


<SITE  NAME="(404) Centrul de Oncologie Sf Nectarie Craiova Oncologie Medicala"    MNEMONIC="404"
ADDRESS="Str Caracal nr 23A Craiova Dolj 200347"
COUNTRY="ROMANIA"
PHONE="404.03514e+010"
ALTPHONE="40"
FAX="40"
TIMEZONE="(UTC+02:00) E. Europe"
SITEDATEFORMAT="DAY_MONTH_YEAR"
STARTDATE="10/26/2016"
STUDYLOCALE="en-US"
SVAUTOSELECTRATE="100"
SVFIRSTNSUBJECTS="100"
/>


<SITE  NAME="(402) Medisprof SRL Oncologie Medicala"    MNEMONIC="402"
ADDRESS="Piata 1 Mai nr 3 Cluj Napoca Cluj 400058"
COUNTRY="ROMANIA"
PHONE="404.02644e+010"
ALTPHONE="40"
FAX="40"
TIMEZONE="(UTC+02:00) E. Europe"
SITEDATEFORMAT="DAY_MONTH_YEAR"
STARTDATE="10/26/2016"
STUDYLOCALE="en-US"
SVAUTOSELECTRATE="100"
SVFIRSTNSUBJECTS="100"
/>


<SITE  NAME="(400) Institutul Oncologic Prof Dr Al Trestioreanu Bucuresti Oncologie Medicala"    MNEMONIC="400"
ADDRESS="Soseaua Fundeni NR 252 Sector 2 Bucuresti 022328"
COUNTRY="ROMANIA"
PHONE="404.07233e+010"
ALTPHONE="40"
FAX="40"
TIMEZONE="(UTC+02:00) E. Europe"
SITEDATEFORMAT="DAY_MONTH_YEAR"
STARTDATE="10/26/2016"
STUDYLOCALE="en-US"
SVAUTOSELECTRATE="100"
SVFIRSTNSUBJECTS="100"
/>


<SITE  NAME="(602) Russian oncological scientific centre n a N N Blokhin of RAMS"    MNEMONIC="602"
ADDRESS="Kashirskoe highway 23 Moscow 115478 Russian Federation"
COUNTRY="RUSSIAN FEDERATION"
PHONE="77.49932e+010"
ALTPHONE="7"
FAX="7"
TIMEZONE="(UTC-06:00) Central Time (US &#38; Canada)"
SITEDATEFORMAT="DAY_MONTH_YEAR"
STARTDATE="10/26/2016"
STUDYLOCALE="en-US"
SVAUTOSELECTRATE="100"
SVFIRSTNSUBJECTS="100"
/>


<SITE  NAME="(600) Leningrad regional clinical hospital"    MNEMONIC="600"
ADDRESS="Prospect Lunacharskogo 45 49 SPetersburg 194291 Russian Federation"
COUNTRY="RUSSIAN FEDERATION"
PHONE="77.81259e+010"
ALTPHONE="7"
FAX="7"
TIMEZONE="(UTC-06:00) Central Time (US &#38; Canada)"
SITEDATEFORMAT="DAY_MONTH_YEAR"
STARTDATE="10/26/2016"
STUDYLOCALE="en-US"
SVAUTOSELECTRATE="100"
SVFIRSTNSUBJECTS="100"
/>


<SITE  NAME="(502) The Royal Marsden NHS Foundation Trust"    MNEMONIC="502"
ADDRESS="Fulham Road London Greater London SW3 6JJ"
COUNTRY="UNITED KINGDOM"
PHONE="444.42078e+011"
ALTPHONE="44"
FAX="44"
TIMEZONE="(UTC) Dublin, Edinburgh, Lisbon, London"
SITEDATEFORMAT="DAY_MONTH_YEAR"
STARTDATE="10/26/2016"
STUDYLOCALE="en-US"
SVAUTOSELECTRATE="100"
SVFIRSTNSUBJECTS="100"
/>


<SITE  NAME="(500) The Clatterbridge Cancer Centre"    MNEMONIC="500"
ADDRESS="Clatterbridge Road Merseyside Bebbington CH63 4JY"
COUNTRY="UNITED KINGDOM"
PHONE="444.47409e+011"
ALTPHONE="44"
FAX="44"
TIMEZONE="(UTC) Dublin, Edinburgh, Lisbon, London"
SITEDATEFORMAT="DAY_MONTH_YEAR"
STARTDATE="10/26/2016"
STUDYLOCALE="en-US"
SVAUTOSELECTRATE="100"
SVFIRSTNSUBJECTS="100"
/>


<SITE  NAME="(504) The Royal Marsden NHS Foundation Trust"    MNEMONIC="504"
ADDRESS="Downs Road Sutton Surrey SM2 5PT"
COUNTRY="UNITED KINGDOM"
PHONE="444.42086e+011"
ALTPHONE="44"
FAX="44"
TIMEZONE="(UTC) Dublin, Edinburgh, Lisbon, London"
SITEDATEFORMAT="DAY_MONTH_YEAR"
STARTDATE="10/26/2016"
STUDYLOCALE="en-US"
SVAUTOSELECTRATE="100"
SVFIRSTNSUBJECTS="100"
/>


</MEDMLDATA>