<?xml version="1.0"?>
<MEDMLDATA xmlns="PhaseForward-MedML-Inform4">


<SITE  NAME="(100) Kirk Barber Research"    MNEMONIC="100"
ADDRESS="1100 1st Street SE Suite 510 Calgary Alberta"
COUNTRY="CANADA"
PHONE="14032995821"
ALTPHONE="1"
FAX="1"
TIMEZONE="(UTC-07:00) Mountain Time (US &#38; Canada)"
SITEDATEFORMAT="DAY_MONTH_YEAR"
STARTDATE="08/24/2016"
STUDYLOCALE="en-US"
SVAUTOSELECTRATE="100"
SVFIRSTNSUBJECTS="100"
/>


<SITE  NAME="(103) INNOVADERM Research Inc"    MNEMONIC="103"
ADDRESS="1851 Sherbrooke St East Suite 502 Montreal Quebec"
COUNTRY="CANADA"
PHONE="15145214285"
ALTPHONE="1"
FAX="1"
TIMEZONE="(UTC-05:00) Eastern Time (US &#38; Canada)"
SITEDATEFORMAT="DAY_MONTH_YEAR"
STARTDATE="08/24/2016"
STUDYLOCALE="en-US"
SVAUTOSELECTRATE="100"
SVFIRSTNSUBJECTS="100"
/>


<SITE  NAME="(101) Skin Centre for Dermatology"    MNEMONIC="101"
ADDRESS="775 Monaghan Road Peterborough Ontario"
COUNTRY="CANADA"
PHONE="17058741533"
ALTPHONE="1"
FAX="1"
TIMEZONE="(UTC-05:00) Eastern Time (US &#38; Canada)"
SITEDATEFORMAT="DAY_MONTH_YEAR"
STARTDATE="08/24/2016"
STUDYLOCALE="en-US"
SVAUTOSELECTRATE="100"
SVFIRSTNSUBJECTS="100"
/>


<SITE  NAME="(105) The Centre for Dermatology and Cosmetic Surgery"    MNEMONIC="105"
ADDRESS="312 Highway 7 East Richmond Hill Ontario"
COUNTRY="CANADA"
PHONE="19058892005"
ALTPHONE="1"
FAX="1"
TIMEZONE="(UTC-05:00) Eastern Time (US &#38; Canada)"
SITEDATEFORMAT="DAY_MONTH_YEAR"
STARTDATE="08/24/2016"
STUDYLOCALE="en-US"
SVAUTOSELECTRATE="100"
SVFIRSTNSUBJECTS="100"
/>


<SITE  NAME="(104) K Papp Clincal Research Inc"    MNEMONIC="104"
ADDRESS="135 Union Street Waterloo Ontario"
COUNTRY="CANADA"
PHONE="15195799535"
ALTPHONE="1"
FAX="1"
TIMEZONE="(UTC-05:00) Eastern Time (US &#38; Canada)"
SITEDATEFORMAT="DAY_MONTH_YEAR"
STARTDATE="08/24/2016"
STUDYLOCALE="en-US"
SVAUTOSELECTRATE="100"
SVFIRSTNSUBJECTS="100"
/>


<SITE  NAME="(102) Eastern Canada Cutaneous Research Associates Ltd"    MNEMONIC="102"
ADDRESS="6054 Coburg Rd B3H 1Z2 Halifax Nova Scotia"
COUNTRY="CANADA"
PHONE="19024258038"
ALTPHONE="1"
FAX="1"
TIMEZONE="(UTC-04:00) Atlantic Time (Canada)"
SITEDATEFORMAT="DAY_MONTH_YEAR"
STARTDATE="08/24/2016"
STUDYLOCALE="en-US"
SVAUTOSELECTRATE="100"
SVFIRSTNSUBJECTS="100"
/>


<SITE  NAME="(402) Dermatologische Gemeinschaftspraxis  Dres Scholz Sebastian Schilling"    MNEMONIC="402"
ADDRESS="Am Bahnhof 1 15831 Mahlow"
COUNTRY="GERMANY"
PHONE="4949337939423"
ALTPHONE="49"
FAX="49"
TIMEZONE="(UTC+01:00) Belgrade, Bratislava, Budapest, Ljubljana, Prague"
SITEDATEFORMAT="DAY_MONTH_YEAR"
STARTDATE="08/24/2016"
STUDYLOCALE="en-US"
SVAUTOSELECTRATE="100"
SVFIRSTNSUBJECTS="100"
/>


<SITE  NAME="(401) SCIderm GmbH"    MNEMONIC="401"
ADDRESS="Drehbahn 1 3 20354 Hamburg"
COUNTRY="GERMANY"
PHONE="49494035107579"
ALTPHONE="49"
FAX="49"
TIMEZONE="(UTC+01:00) Belgrade, Bratislava, Budapest, Ljubljana, Prague"
SITEDATEFORMAT="DAY_MONTH_YEAR"
STARTDATE="08/24/2016"
STUDYLOCALE="en-US"
SVAUTOSELECTRATE="100"
SVFIRSTNSUBJECTS="100"
/>


<SITE  NAME="(400) Johann Wolfgang Goethe-Universität Frankfurt"    MNEMONIC="400"
ADDRESS="Klinik fur Dermatologie Theodor Stern Kai 7 60596 Frankfurt"
COUNTRY="GERMANY"
PHONE="4900496963015418"
ALTPHONE="49"
FAX="49"
TIMEZONE="(UTC+01:00) Belgrade, Bratislava, Budapest, Ljubljana, Prague"
SITEDATEFORMAT="DAY_MONTH_YEAR"
STARTDATE="08/24/2016"
STUDYLOCALE="en-US"
SVAUTOSELECTRATE="100"
SVFIRSTNSUBJECTS="100"
/>


<SITE  NAME="(503) Nagoya City University Hospital"    MNEMONIC="503"
ADDRESS="1 Kawasumi Mizuho Cho Mizuho Ku Nagoya Aichi"
COUNTRY="JAPAN"
PHONE="8181528515511"
ALTPHONE="81"
FAX="81"
TIMEZONE="(UTC+09:00) Osaka, Sapporo, Tokyo"
SITEDATEFORMAT="DAY_MONTH_YEAR"
STARTDATE="08/24/2016"
STUDYLOCALE="en-US"
SVAUTOSELECTRATE="100"
SVFIRSTNSUBJECTS="100"
/>


<SITE  NAME="(502) Shirasaki Clinic"    MNEMONIC="502"
ADDRESS="3 5 33 Ekinan Takaoka Toyama"
COUNTRY="JAPAN"
PHONE="8181766250012"
ALTPHONE="81"
FAX="81"
TIMEZONE="(UTC+09:00) Osaka, Sapporo, Tokyo"
SITEDATEFORMAT="DAY_MONTH_YEAR"
STARTDATE="08/24/2016"
STUDYLOCALE="en-US"
SVAUTOSELECTRATE="100"
SVFIRSTNSUBJECTS="100"
/>


<SITE  NAME="(501) NTT Medical Center Tokyo"    MNEMONIC="501"
ADDRESS="5 9 22 Higashi Gotanda Shinagawa ku Tokyo"
COUNTRY="JAPAN"
PHONE="8181334486111"
ALTPHONE="81"
FAX="81"
TIMEZONE="(UTC+09:00) Osaka, Sapporo, Tokyo"
SITEDATEFORMAT="DAY_MONTH_YEAR"
STARTDATE="08/24/2016"
STUDYLOCALE="en-US"
SVAUTOSELECTRATE="100"
SVFIRSTNSUBJECTS="100"
/>


<SITE  NAME="(500) Iwate Medical University Hospital"    MNEMONIC="500"
ADDRESS="19 1 Uchimaru Morioka Iwate"
COUNTRY="JAPAN"
PHONE="8181196515111"
ALTPHONE="81"
FAX="81"
TIMEZONE="(UTC+09:00) Osaka, Sapporo, Tokyo"
SITEDATEFORMAT="DAY_MONTH_YEAR"
STARTDATE="08/24/2016"
STUDYLOCALE="en-US"
SVAUTOSELECTRATE="100"
SVFIRSTNSUBJECTS="100"
/>


<SITE  NAME="(508) Tokyo Yamate Medical Center"    MNEMONIC="508"
ADDRESS="3 22 1 Hyakunintyo Shinjuku ku Tokyo"
COUNTRY="JAPAN"
PHONE="8181333640251"
ALTPHONE="81"
FAX="81"
TIMEZONE="(UTC+09:00) Osaka, Sapporo, Tokyo"
SITEDATEFORMAT="DAY_MONTH_YEAR"
STARTDATE="08/24/2016"
STUDYLOCALE="en-US"
SVAUTOSELECTRATE="100"
SVFIRSTNSUBJECTS="100"
/>


<SITE  NAME="(507) Kurume University Hospital"    MNEMONIC="507"
ADDRESS="67 Asahimachi Kurume Fukuoka"
COUNTRY="JAPAN"
PHONE="8181942353311"
ALTPHONE="81"
FAX="81"
TIMEZONE="(UTC+09:00) Osaka, Sapporo, Tokyo"
SITEDATEFORMAT="DAY_MONTH_YEAR"
STARTDATE="08/24/2016"
STUDYLOCALE="en-US"
SVAUTOSELECTRATE="100"
SVFIRSTNSUBJECTS="100"
/>


<SITE  NAME="(506) Osaka City University Hospital"    MNEMONIC="506"
ADDRESS="1 5 7 Asahimachi Abeno ku Osaka shi Osaka"
COUNTRY="JAPAN"
PHONE="8181666452121"
ALTPHONE="81"
FAX="81"
TIMEZONE="(UTC+09:00) Osaka, Sapporo, Tokyo"
SITEDATEFORMAT="DAY_MONTH_YEAR"
STARTDATE="08/24/2016"
STUDYLOCALE="en-US"
SVAUTOSELECTRATE="100"
SVFIRSTNSUBJECTS="100"
/>


<SITE  NAME="(505) Gifu University Hospital"    MNEMONIC="505"
ADDRESS="1 1 Yanagido Gifu Gifu"
COUNTRY="JAPAN"
PHONE="8181582306000"
ALTPHONE="81"
FAX="81"
TIMEZONE="(UTC+09:00) Osaka, Sapporo, Tokyo"
SITEDATEFORMAT="DAY_MONTH_YEAR"
STARTDATE="08/24/2016"
STUDYLOCALE="en-US"
SVAUTOSELECTRATE="100"
SVFIRSTNSUBJECTS="100"
/>


<SITE  NAME="(504) Mie University Hospital"    MNEMONIC="504"
ADDRESS="2 174 Edobashi Tsu Mie"
COUNTRY="JAPAN"
PHONE="8181592321111"
ALTPHONE="81"
FAX="81"
TIMEZONE="(UTC+09:00) Osaka, Sapporo, Tokyo"
SITEDATEFORMAT="DAY_MONTH_YEAR"
STARTDATE="08/24/2016"
STUDYLOCALE="en-US"
SVAUTOSELECTRATE="100"
SVFIRSTNSUBJECTS="100"
/>


<SITE  NAME="(204) Centrum Terapii Wspolczesnej J M Jasnorzewska Spolka Komandytowo Akcyjna"    MNEMONIC="204"
ADDRESS="Kopcinskiego 21 Lodz"
COUNTRY="POLAND"
PHONE="4848422300609"
ALTPHONE="48"
FAX="48"
TIMEZONE="(UTC+01:00) Belgrade, Bratislava, Budapest, Ljubljana, Prague"
SITEDATEFORMAT="DAY_MONTH_YEAR"
STARTDATE="08/24/2016"
STUDYLOCALE="en-US"
SVAUTOSELECTRATE="100"
SVFIRSTNSUBJECTS="100"
/>


<SITE  NAME="(207) DermMEDICA Sp z o o"    MNEMONIC="207"
ADDRESS="Zakrzowska 19A Wroclaw"
COUNTRY="POLAND"
PHONE="4848501425260"
ALTPHONE="48"
FAX="48"
TIMEZONE="(UTC+01:00) Belgrade, Bratislava, Budapest, Ljubljana, Prague"
SITEDATEFORMAT="DAY_MONTH_YEAR"
STARTDATE="08/24/2016"
STUDYLOCALE="en-US"
SVAUTOSELECTRATE="100"
SVFIRSTNSUBJECTS="100"
/>


<SITE  NAME="(206) Centralny Szpital Kliniczny MSW Klinika Dermatologii"    MNEMONIC="206"
ADDRESS="Woloska 137 Warszawa"
COUNTRY="POLAND"
PHONE="4848225081482"
ALTPHONE="48"
FAX="48"
TIMEZONE="(UTC+01:00) Belgrade, Bratislava, Budapest, Ljubljana, Prague"
SITEDATEFORMAT="DAY_MONTH_YEAR"
STARTDATE="08/24/2016"
STUDYLOCALE="en-US"
SVAUTOSELECTRATE="100"
SVFIRSTNSUBJECTS="100"
/>


<SITE  NAME="(205) NZOZ Specjalistyczna Przychodnia Dermatologiczna Specderm"    MNEMONIC="205"
ADDRESS="Lakowa 9 3 Bialystok"
COUNTRY="POLAND"
PHONE="4848857461640"
ALTPHONE="48"
FAX="48"
TIMEZONE="(UTC+01:00) Belgrade, Bratislava, Budapest, Ljubljana, Prague"
SITEDATEFORMAT="DAY_MONTH_YEAR"
STARTDATE="08/24/2016"
STUDYLOCALE="en-US"
SVAUTOSELECTRATE="100"
SVFIRSTNSUBJECTS="100"
/>


<SITE  NAME="(203) Centrum Medyczne Dermed Sp z o o"    MNEMONIC="203"
ADDRESS="ul Piotrkowska 48 Lodz"
COUNTRY="POLAND"
PHONE="4848603544222"
ALTPHONE="48"
FAX="48"
TIMEZONE="(UTC+01:00) Belgrade, Bratislava, Budapest, Ljubljana, Prague"
SITEDATEFORMAT="DAY_MONTH_YEAR"
STARTDATE="08/24/2016"
STUDYLOCALE="en-US"
SVAUTOSELECTRATE="100"
SVFIRSTNSUBJECTS="100"
/>


<SITE  NAME="(202) NZOZ Zdrowie Osteo-Medic"    MNEMONIC="202"
ADDRESS="ul Wiejska 81 Bialystok"
COUNTRY="POLAND"
PHONE="4848604220748"
ALTPHONE="48"
FAX="48"
TIMEZONE="(UTC+01:00) Belgrade, Bratislava, Budapest, Ljubljana, Prague"
SITEDATEFORMAT="DAY_MONTH_YEAR"
STARTDATE="08/24/2016"
STUDYLOCALE="en-US"
SVAUTOSELECTRATE="100"
SVFIRSTNSUBJECTS="100"
/>


<SITE  NAME="(201) Centrum Medyczne AMED"    MNEMONIC="201"
ADDRESS="ul gen Jozefa Zajaczka 9B lok U1 Warszawa"
COUNTRY="POLAND"
PHONE="4848224004041"
ALTPHONE="48"
FAX="48"
TIMEZONE="(UTC+01:00) Belgrade, Bratislava, Budapest, Ljubljana, Prague"
SITEDATEFORMAT="DAY_MONTH_YEAR"
STARTDATE="08/24/2016"
STUDYLOCALE="en-US"
SVAUTOSELECTRATE="100"
SVFIRSTNSUBJECTS="100"
/>


<SITE  NAME="(200) Lubelskie Centrum Diagnostyczne"    MNEMONIC="200"
ADDRESS="Al Lotnikow Polskich 82 Swidnik"
COUNTRY="POLAND"
PHONE="4848509678110"
ALTPHONE="48"
FAX="48"
TIMEZONE="(UTC+01:00) Belgrade, Bratislava, Budapest, Ljubljana, Prague"
SITEDATEFORMAT="DAY_MONTH_YEAR"
STARTDATE="08/24/2016"
STUDYLOCALE="en-US"
SVAUTOSELECTRATE="100"
SVFIRSTNSUBJECTS="100"
/>


<SITE  NAME="(312) Oregon Dermatology and Research Center"    MNEMONIC="312"
ADDRESS="2565 NW Lovejoy Suite 200 Portland  OR"
COUNTRY="UNITED STATES"
PHONE="15032263376"
ALTPHONE="1"
FAX="1"
TIMEZONE="(UTC-08:00) Pacific Time (US &#38; Canada)"
SITEDATEFORMAT="DAY_MONTH_YEAR"
STARTDATE="08/24/2016"
STUDYLOCALE="en-US"
SVAUTOSELECTRATE="100"
SVFIRSTNSUBJECTS="100"
/>


<SITE  NAME="(309) Dermatology Associates"    MNEMONIC="309"
ADDRESS="1730 Minor Avenue Ste 1000 Seattle  WA"
COUNTRY="UNITED STATES"
PHONE="12063150377"
ALTPHONE="1"
FAX="1"
TIMEZONE="(UTC-08:00) Pacific Time (US &#38; Canada)"
SITEDATEFORMAT="DAY_MONTH_YEAR"
STARTDATE="08/24/2016"
STUDYLOCALE="en-US"
SVAUTOSELECTRATE="100"
SVFIRSTNSUBJECTS="100"
/>


<SITE  NAME="(313) Shondra Smith MD"    MNEMONIC="313"
ADDRESS="3635 Nelson Rd Lake Charles  LA"
COUNTRY="UNITED STATES"
PHONE="13374770011"
ALTPHONE="1"
FAX="1"
TIMEZONE="(UTC-06:00) Central Time (US &#38; Canada)"
SITEDATEFORMAT="DAY_MONTH_YEAR"
STARTDATE="08/24/2016"
STUDYLOCALE="en-US"
SVAUTOSELECTRATE="100"
SVFIRSTNSUBJECTS="100"
/>


<SITE  NAME="(311) Menter Dermatology Research Institute"    MNEMONIC="311"
ADDRESS="3900 Junius Street Suite 125 Dallas  TX"
COUNTRY="UNITED STATES"
PHONE="12148209114"
ALTPHONE="1"
FAX="1"
TIMEZONE="(UTC-06:00) Central Time (US &#38; Canada)"
SITEDATEFORMAT="DAY_MONTH_YEAR"
STARTDATE="08/24/2016"
STUDYLOCALE="en-US"
SVAUTOSELECTRATE="100"
SVFIRSTNSUBJECTS="100"
/>


<SITE  NAME="(310) Central Dermatology PC"    MNEMONIC="310"
ADDRESS="1034 S Brentwood Blvd Ste 600 St Louis  MO"
COUNTRY="UNITED STATES"
PHONE="13147215565"
ALTPHONE="1"
FAX="1"
TIMEZONE="(UTC-06:00) Central Time (US &#38; Canada)"
SITEDATEFORMAT="DAY_MONTH_YEAR"
STARTDATE="08/24/2016"
STUDYLOCALE="en-US"
SVAUTOSELECTRATE="100"
SVFIRSTNSUBJECTS="100"
/>


<SITE  NAME="(308) South Bend Clinic LLP"    MNEMONIC="308"
ADDRESS="211 North Eddy Street South Bend  IN"
COUNTRY="UNITED STATES"
PHONE="15742046432"
ALTPHONE="1"
FAX="1"
TIMEZONE="(UTC-05:00) Eastern Time (US &#38; Canada)"
SITEDATEFORMAT="DAY_MONTH_YEAR"
STARTDATE="08/24/2016"
STUDYLOCALE="en-US"
SVAUTOSELECTRATE="100"
SVFIRSTNSUBJECTS="100"
/>


<SITE  NAME="(307) The Indiana Clinical Trials Center PC"    MNEMONIC="307"
ADDRESS="824 Edwards Dr Suite 172 Plainfield  IN"
COUNTRY="UNITED STATES"
PHONE="13178376082"
ALTPHONE="1"
FAX="1"
TIMEZONE="(UTC-05:00) Eastern Time (US &#38; Canada)"
SITEDATEFORMAT="DAY_MONTH_YEAR"
STARTDATE="08/24/2016"
STUDYLOCALE="en-US"
SVAUTOSELECTRATE="100"
SVFIRSTNSUBJECTS="100"
/>


<SITE  NAME="(306) Clinical Partners LLC"    MNEMONIC="306"
ADDRESS="1524 Atwood Ave Suite 330 Johnston  RI"
COUNTRY="UNITED STATES"
PHONE="14014543800"
ALTPHONE="1"
FAX="1"
TIMEZONE="(UTC-05:00) Eastern Time (US &#38; Canada)"
SITEDATEFORMAT="DAY_MONTH_YEAR"
STARTDATE="08/24/2016"
STUDYLOCALE="en-US"
SVAUTOSELECTRATE="100"
SVFIRSTNSUBJECTS="100"
/>


<SITE  NAME="(305) Dermatology Specialist Research"    MNEMONIC="305"
ADDRESS="501 S Second St Louisville  KY"
COUNTRY="UNITED STATES"
PHONE="15025837546"
ALTPHONE="1"
FAX="1"
TIMEZONE="(UTC-05:00) Eastern Time (US &#38; Canada)"
SITEDATEFORMAT="DAY_MONTH_YEAR"
STARTDATE="08/24/2016"
STUDYLOCALE="en-US"
SVAUTOSELECTRATE="100"
SVFIRSTNSUBJECTS="100"
/>


<SITE  NAME="(304) Forward Clinical Trials Inc"    MNEMONIC="304"
ADDRESS="4915 Ehrlich Road Tampa  FL"
COUNTRY="UNITED STATES"
PHONE="18132642155"
ALTPHONE="1"
FAX="1"
TIMEZONE="(UTC-05:00) Eastern Time (US &#38; Canada)"
SITEDATEFORMAT="DAY_MONTH_YEAR"
STARTDATE="08/24/2016"
STUDYLOCALE="en-US"
SVAUTOSELECTRATE="100"
SVFIRSTNSUBJECTS="100"
/>


<SITE  NAME="(302) Renstar Medical Research"    MNEMONIC="302"
ADDRESS="104 SE 1st Avenue Suite B Ocala  FL"
COUNTRY="UNITED STATES"
PHONE="13526295800"
ALTPHONE="1"
FAX="1"
TIMEZONE="(UTC-05:00) Eastern Time (US &#38; Canada)"
SITEDATEFORMAT="DAY_MONTH_YEAR"
STARTDATE="08/24/2016"
STUDYLOCALE="en-US"
SVAUTOSELECTRATE="100"
SVFIRSTNSUBJECTS="100"
/>


<SITE  NAME="(300) Psoriasis Treatment Center of Central New Jersey"    MNEMONIC="300"
ADDRESS="59 One Mile Road East Windsor NJ"
COUNTRY="UNITED STATES"
PHONE="16094434500"
ALTPHONE="1"
FAX="1"
TIMEZONE="(UTC-05:00) Eastern Time (US &#38; Canada)"
SITEDATEFORMAT="DAY_MONTH_YEAR"
STARTDATE="08/24/2016"
STUDYLOCALE="en-US"
SVAUTOSELECTRATE="100"
SVFIRSTNSUBJECTS="100"
/>


<SITE  NAME="(303) Alma M Cruz Office"    MNEMONIC="303"
ADDRESS="65th Inf esq Roberto Clemente Carolina Shopping Court floor 6 suite 303 Carolina  PR"
COUNTRY="UNITED STATES"
PHONE="17877691954"
ALTPHONE="1"
FAX="1"
TIMEZONE="(UTC-04:00) Atlantic Time (Canada)"
SITEDATEFORMAT="DAY_MONTH_YEAR"
STARTDATE="08/24/2016"
STUDYLOCALE="en-US"
SVAUTOSELECTRATE="100"
SVFIRSTNSUBJECTS="100"
/>


<SITE  NAME="(301) Ponce School of Medicine Foundation"    MNEMONIC="301"
ADDRESS="CAIMED Center 280 Monterey Street Urb Industrial Reparada Ponce  PR"
COUNTRY="UNITED STATES"
PHONE="17878402505"
ALTPHONE="1"
FAX="1"
TIMEZONE="(UTC-04:00) Atlantic Time (Canada)"
SITEDATEFORMAT="DAY_MONTH_YEAR"
STARTDATE="08/24/2016"
STUDYLOCALE="en-US"
SVAUTOSELECTRATE="100"
SVFIRSTNSUBJECTS="100"
/>


</MEDMLDATA>