<?xml version="1.0"?>
<MEDMLDATA xmlns="PhaseForward-MedML-Inform4">


<RIGHTSGROUP  GROUPNAME="Coding Query Rights Group">
<!-- Insert Users -->
<USERREF USERNAME="coder_query"/>

</RIGHTSGROUP>

<RIGHTSGROUP  GROUPNAME="Data Manager">
<!-- Insert Users -->
<USERREF USERNAME="z2x2291"/>
<USERREF USERNAME="c239260"/>

</RIGHTSGROUP>

<RIGHTSGROUP  GROUPNAME="GPS">
<!-- Insert Users -->
<USERREF USERNAME="c074342"/>
<USERREF USERNAME="c149177"/>
<USERREF USERNAME="c131994"/>
<USERREF USERNAME="yex7972"/>
<USERREF USERNAME="c137396"/>
<USERREF USERNAME="c075541"/>
<USERREF USERNAME="c074429"/>
<USERREF USERNAME="c026393"/>
<USERREF USERNAME="a608760"/>
<USERREF USERNAME="c058698"/>
<USERREF USERNAME="u7x2510"/>
<USERREF USERNAME="c083101"/>
<USERREF USERNAME="c219905"/>
<USERREF USERNAME="c069132"/>
<USERREF USERNAME="c025980"/>
<USERREF USERNAME="c149176"/>
<USERREF USERNAME="rm36132"/>
<USERREF USERNAME="a511471"/>
<USERREF USERNAME="rm80655"/>
<USERREF USERNAME="c199642"/>
<USERREF USERNAME="c223292"/>
<USERREF USERNAME="c068502"/>
<USERREF USERNAME="yex7920"/>
<USERREF USERNAME="c228246"/>
<USERREF USERNAME="c228248"/>
<USERREF USERNAME="c114196"/>
<USERREF USERNAME="wJ01513"/>
<USERREF USERNAME="v4x1447"/>
<USERREF USERNAME="c181877"/>
<USERREF USERNAME="c225889"/>
<USERREF USERNAME="c175391"/>
<USERREF USERNAME="rm89018"/>
<USERREF USERNAME="c057362"/>
<USERREF USERNAME="c039825"/>
<USERREF USERNAME="c206591"/>
<USERREF USERNAME="c039853"/>
<USERREF USERNAME="c068505"/>
<USERREF USERNAME="c149066"/>
<USERREF USERNAME="c021984"/>
<USERREF USERNAME="rm35504"/>
<USERREF USERNAME="ye91098"/>
<USERREF USERNAME="v6x8356"/>
<USERREF USERNAME="c022433"/>
<USERREF USERNAME="c039863"/>
<USERREF USERNAME="c219898"/>
<USERREF USERNAME="a701824"/>
<USERREF USERNAME="c060736"/>
<USERREF USERNAME="c026390"/>
<USERREF USERNAME="a608261"/>
<USERREF USERNAME="c143125"/>
<USERREF USERNAME="c135748"/>
<USERREF USERNAME="c149470"/>
<USERREF USERNAME="a803075"/>
<USERREF USERNAME="rm87794"/>
<USERREF USERNAME="c196248"/>
<USERREF USERNAME="c218621"/>
<USERREF USERNAME="c196683"/>
<USERREF USERNAME="c228249"/>
<USERREF USERNAME="c228247"/>
<USERREF USERNAME="c228250"/>
<USERREF USERNAME="wj01740"/>
<USERREF USERNAME="wj10098"/>
<USERREF USERNAME="c198562"/>
<USERREF USERNAME="c224208"/>
<USERREF USERNAME="c209853"/>
<USERREF USERNAME="c218040"/>
<USERREF USERNAME="c003859"/>
<USERREF USERNAME="c079244"/>
<USERREF USERNAME="rm90029"/>
<USERREF USERNAME="c015393"/>
<USERREF USERNAME="c071673"/>
<USERREF USERNAME="v6x8058"/>
<USERREF USERNAME="c090108"/>
<USERREF USERNAME="c074090"/>
<USERREF USERNAME="c085302"/>

</RIGHTSGROUP>

<RIGHTSGROUP  GROUPNAME="Monitor">
<!-- Insert Users -->
<USERREF USERNAME="z1X1819"/>
<USERREF USERNAME="c232280"/>
<USERREF USERNAME="c218387"/>
<USERREF USERNAME="z3X1553"/>
<USERREF USERNAME="c220260"/>
<USERREF USERNAME="c220202"/>
<USERREF USERNAME="z1X0698"/>
<USERREF USERNAME="c239422"/>
<USERREF USERNAME="c237128"/>
<USERREF USERNAME="c224867"/>
<USERREF USERNAME="z2X2090"/>
<USERREF USERNAME="z1X2605"/>
<USERREF USERNAME="z1X2072"/>
<USERREF USERNAME="c226456"/>
<USERREF USERNAME="c222787"/>
<USERREF USERNAME="z2X9961"/>
<USERREF USERNAME="z2X7246"/>
<USERREF USERNAME="c233004"/>
<USERREF USERNAME="c237091"/>

</RIGHTSGROUP>

<RIGHTSGROUP  GROUPNAME="Monitor Manager">
<!-- Insert Users -->
<USERREF USERNAME="c234579"/>
<USERREF USERNAME="z2X7948"/>
<USERREF USERNAME="c237384"/>
<USERREF USERNAME="z1X3339"/>
<USERREF USERNAME="z1X1803"/>
<USERREF USERNAME="z1X1836"/>
<USERREF USERNAME="c236455"/>
<USERREF USERNAME="z1X0368"/>
<USERREF USERNAME="z1X2000"/>
<USERREF USERNAME="z1X1896"/>

</RIGHTSGROUP>

<RIGHTSGROUP  GROUPNAME="PFView Only">
<!-- Insert Users -->
<USERREF USERNAME="ZPFkbarkoczi"/>

</RIGHTSGROUP>

<RIGHTSGROUP  GROUPNAME="PI">
<!-- Insert Users -->
<USERREF USERNAME="pweisenseel"/>
<USERREF USERNAME="tblicharski"/>
<USERREF USERNAME="adudek"/>
<USERREF USERNAME="akaszuba"/>
<USERREF USERNAME="ekrolikowska"/>
<USERREF USERNAME="eszymanska"/>
<USERREF USERNAME="cmaari"/>
<USERREF USERNAME="jweglowska"/>
<USERREF USERNAME="kreich"/>
<USERREF USERNAME="msebastian"/>
<USERREF USERNAME="jbagel"/>
<USERREF USERNAME="aquintero"/>
<USERREF USERNAME="mjanczylo"/>
<USERREF USERNAME="mpoznanska"/>

</RIGHTSGROUP>

<RIGHTSGROUP  GROUPNAME="PI Sign Only">
<!-- Insert Users -->
<USERREF USERNAME="ckahl"/>
<USERREF USERNAME="bmalisiewicz"/>
<USERREF USERNAME="mgooderham"/>
<USERREF USERNAME="mraman"/>
<USERREF USERNAME="ebarranco"/>
<USERREF USERNAME="acruz"/>
<USERREF USERNAME="jfowler"/>
<USERREF USERNAME="sguenthner"/>
<USERREF USERNAME="pjenkin"/>
<USERREF USERNAME="amenter"/>
<USERREF USERNAME="ssmith"/>
<USERREF USERNAME="sschilling"/>
<USERREF USERNAME="kagsten"/>
<USERREF USERNAME="sbecker"/>
<USERREF USERNAME="apinter"/>
<USERREF USERNAME="kbarber"/>
<USERREF USERNAME="rlangley"/>
<USERREF USERNAME="kpapp"/>
<USERREF USERNAME="acauthen"/>
<USERREF USERNAME="sforman"/>
<USERREF USERNAME="efrankel"/>
<USERREF USERNAME="hharris"/>
<USERREF USERNAME="gleonardi"/>
<USERREF USERNAME="prich"/>

</RIGHTSGROUP>

<RIGHTSGROUP  GROUPNAME="Report Extractor">
<!-- Insert Users -->
<USERREF USERNAME="i6tmcamaf_RE"/>

</RIGHTSGROUP>

<RIGHTSGROUP  GROUPNAME="SC">
<!-- Insert Users -->
<USERREF USERNAME="mjankowska"/>
<USERREF USERNAME="rgall"/>
<USERREF USERNAME="kmartelus"/>
<USERREF USERNAME="mjasinska"/>
<USERREF USERNAME="ajeziorowska"/>
<USERREF USERNAME="vlaubach"/>
<USERREF USERNAME="cjuers"/>
<USERREF USERNAME="ckoehler"/>
<USERREF USERNAME="aseevaratnam"/>
<USERREF USERNAME="dteas"/>
<USERREF USERNAME="bvandersledt"/>
<USERREF USERNAME="criley"/>
<USERREF USERNAME="ccox"/>
<USERREF USERNAME="lvincent"/>
<USERREF USERNAME="lchaput"/>
<USERREF USERNAME="abennett"/>
<USERREF USERNAME="kkoliha"/>
<USERREF USERNAME="xflores"/>
<USERREF USERNAME="creed"/>
<USERREF USERNAME="abraun"/>
<USERREF USERNAME="mroszkiewicz"/>
<USERREF USERNAME="mwieczorek"/>
<USERREF USERNAME="bborkowska"/>
<USERREF USERNAME="apoznanska"/>
<USERREF USERNAME="mbarton"/>
<USERREF USERNAME="lblicharski"/>
<USERREF USERNAME="ebodo"/>
<USERREF USERNAME="jkrajewski"/>
<USERREF USERNAME="kpoznanska"/>
<USERREF USERNAME="amyslinska"/>
<USERREF USERNAME="igrudziecka"/>
<USERREF USERNAME="ewojtowicz"/>
<USERREF USERNAME="jsienkiewicz"/>
<USERREF USERNAME="aforich"/>
<USERREF USERNAME="jweymann"/>
<USERREF USERNAME="kpeter"/>
<USERREF USERNAME="asklodowska"/>
<USERREF USERNAME="zlagun"/>
<USERREF USERNAME="ggawlowski"/>
<USERREF USERNAME="jkurosz"/>
<USERREF USERNAME="bkozak"/>
<USERREF USERNAME="kgorska"/>
<USERREF USERNAME="mfisher"/>
<USERREF USERNAME="echablis"/>
<USERREF USERNAME="ckubiak"/>
<USERREF USERNAME="njimenez"/>
<USERREF USERNAME="mduque"/>
<USERREF USERNAME="lquinn"/>
<USERREF USERNAME="cdigiulio"/>
<USERREF USERNAME="mcencelewski"/>
<USERREF USERNAME="dschroeder"/>
<USERREF USERNAME="gbosley"/>
<USERREF USERNAME="awolfgarten"/>
<USERREF USERNAME="mmarciniak"/>
<USERREF USERNAME="jprzepiorka"/>
<USERREF USERNAME="awalczak"/>
<USERREF USERNAME="dlaszcz"/>
<USERREF USERNAME="astasiak"/>
<USERREF USERNAME="adyga"/>
<USERREF USERNAME="sgawecka"/>
<USERREF USERNAME="kzakrzweicz"/>
<USERREF USERNAME="kweglowski"/>

</RIGHTSGROUP>

<RIGHTSGROUP  GROUPNAME="Study Manager">
<!-- Insert Users -->
<USERREF USERNAME="c117520"/>
<USERREF USERNAME="rm90512"/>

</RIGHTSGROUP>

<RIGHTSGROUP  GROUPNAME="User Activator RG">
<!-- Insert Users -->
<USERREF USERNAME="ZPFdnagy"/>
<USERREF USERNAME="ZPFedervishaj"/>
<USERREF USERNAME="ZPFckalinyak"/>
<USERREF USERNAME="ZPFcdelacruz"/>
<USERREF USERNAME="ZPFabalogh"/>
<USERREF USERNAME="ZPFsdamato"/>
<USERREF USERNAME="ZPFrducusin"/>
<USERREF USERNAME="ZPFrcalorico"/>
<USERREF USERNAME="ZPFpvamos"/>
<USERREF USERNAME="ZPFprojas"/>
<USERREF USERNAME="ZPFobodnar"/>
<USERREF USERNAME="ZPFnkovacs"/>
<USERREF USERNAME="ZPFmlalangan"/>
<USERREF USERNAME="ZPFmandone"/>
<USERREF USERNAME="ZPFepenzes"/>
<USERREF USERNAME="ZPFcmolom"/>

</RIGHTSGROUP>

<RIGHTSGROUP  GROUPNAME="User Manager RG">
<!-- Insert Users -->
<USERREF USERNAME="ZPFkcsobalyka"/>
<USERREF USERNAME="ZPFkkovacs"/>
<USERREF USERNAME="ZPFklim"/>
<USERREF USERNAME="ZPFkpinter"/>
<USERREF USERNAME="ZPFlbalubar"/>
<USERREF USERNAME="ZPFlcseke"/>
<USERREF USERNAME="ZPFlmate"/>
<USERREF USERNAME="ZPFmkhella"/>
<USERREF USERNAME="ZPFmtoth"/>
<USERREF USERNAME="ZPFnqi"/>
<USERREF USERNAME="ZPFnreis"/>
<USERREF USERNAME="ZPFnvergara"/>
<USERREF USERNAME="ZPFpvallar"/>
<USERREF USERNAME="ZPFrsulit"/>
<USERREF USERNAME="ZPFsaguilar"/>
<USERREF USERNAME="ZPFsdasilva"/>
<USERREF USERNAME="ZPFskholti"/>
<USERREF USERNAME="ZPFstayco"/>
<USERREF USERNAME="ZPFtcabanes"/>
<USERREF USERNAME="ZPFtfabian"/>
<USERREF USERNAME="ZPFtszabo"/>
<USERREF USERNAME="ZPFkcco"/>
<USERREF USERNAME="ZPFjistenes"/>
<USERREF USERNAME="ZPFijohl"/>
<USERREF USERNAME="ZPFgyvarga"/>
<USERREF USERNAME="ZPFgkrucso"/>
<USERREF USERNAME="ZPFvzdirko"/>
<USERREF USERNAME="ZPFfillesy"/>
<USERREF USERNAME="ZPFekosa"/>
<USERREF USERNAME="ZPFdvittay"/>
<USERREF USERNAME="ZPFddiomede"/>
<USERREF USERNAME="ZPFcmercado"/>
<USERREF USERNAME="ZPFawarsama"/>
<USERREF USERNAME="ZPFaterjek"/>
<USERREF USERNAME="ZPFasomogyi"/>
<USERREF USERNAME="ZPFapervaiz"/>
<USERREF USERNAME="ZPFaktoth"/>
<USERREF USERNAME="ZPFfvarga"/>

</RIGHTSGROUP>

<RIGHTSGROUP  GROUPNAME="VO">
<!-- Insert Users -->
<USERREF USERNAME="bbenito"/>
<USERREF USERNAME="c227351"/>
<USERREF USERNAME="sklein"/>
<USERREF USERNAME="cbrelage"/>
<USERREF USERNAME="kli"/>
<USERREF USERNAME="c190344"/>
<USERREF USERNAME="CJimenez"/>
<USERREF USERNAME="SLemoine"/>
<USERREF USERNAME="c014216"/>
<USERREF USERNAME="CKing"/>
<USERREF USERNAME="WHuber"/>
<USERREF USERNAME="MHaeusler"/>
<USERREF USERNAME="NDarrington"/>
<USERREF USERNAME="z1X4093"/>
<USERREF USERNAME="wj00729"/>
<USERREF USERNAME="c215933"/>
<USERREF USERNAME="c138219"/>

</RIGHTSGROUP>

</MEDMLDATA>