<?xml version="1.0"?>
<MEDMLDATA xmlns="PhaseForward-MedML-Inform4">


<REPORTINGGROUP
GROUPNAME="Ad Hoc Users"
GROUPDESCRIPTION="Users who have access to Ad Hoc Reporting">
<!-- Insert Users -->
<USERREF USERNAME="c239260"/>
<USERREF USERNAME="i6tmcamaf_RE"/>
<USERREF USERNAME="z2x2291"/>
</REPORTINGGROUP>

<QUERYGROUP
GROUPNAME="CDM_CRA Query"
GROUPDESCRIPTION="">
<!-- Insert Users -->
<USERREF USERNAME="autoquery"/>
<USERREF USERNAME="z1X1819"/>
<USERREF USERNAME="z1X1803"/>
<USERREF USERNAME="c232280"/>
<USERREF USERNAME="z1X2605"/>
<USERREF USERNAME="z1X0368"/>
<USERREF USERNAME="c236455"/>
<USERREF USERNAME="c239260"/>
<USERREF USERNAME="z2x2291"/>
<USERREF USERNAME="z1X2072"/>
<USERREF USERNAME="c226456"/>
<USERREF USERNAME="c222787"/>
<USERREF USERNAME="z2X9961"/>
<USERREF USERNAME="z2X7246"/>
<USERREF USERNAME="c234579"/>
<USERREF USERNAME="z1X2000"/>
<USERREF USERNAME="z1X1836"/>
<USERREF USERNAME="c233004"/>
<USERREF USERNAME="c237091"/>
<USERREF USERNAME="z2X2090"/>
<USERREF USERNAME="c224867"/>
<USERREF USERNAME="c237128"/>
<USERREF USERNAME="c239422"/>
<USERREF USERNAME="z1X0698"/>
<USERREF USERNAME="c220202"/>
<USERREF USERNAME="c220260"/>
<USERREF USERNAME="z3X1553"/>
<USERREF USERNAME="c218387"/>
<USERREF USERNAME="z2X7948"/>
<USERREF USERNAME="z1X1896"/>
<USERREF USERNAME="z1X3339"/>
<USERREF USERNAME="c237384"/>
</QUERYGROUP>

<QUERYGROUP
GROUPNAME="Coding Query Group"
GROUPDESCRIPTION="">
<!-- Insert Users -->
<USERREF USERNAME="coder_query"/>
</QUERYGROUP>

<QUERYGROUP
GROUPNAME="GPS_Query"
GROUPDESCRIPTION="">
<!-- Insert Users -->
<USERREF USERNAME="c074342"/>
<USERREF USERNAME="c149177"/>
<USERREF USERNAME="c131994"/>
<USERREF USERNAME="yex7972"/>
<USERREF USERNAME="c137396"/>
<USERREF USERNAME="c075541"/>
<USERREF USERNAME="c074429"/>
<USERREF USERNAME="c026393"/>
<USERREF USERNAME="a608760"/>
<USERREF USERNAME="c058698"/>
<USERREF USERNAME="u7x2510"/>
<USERREF USERNAME="c083101"/>
<USERREF USERNAME="c219905"/>
<USERREF USERNAME="c069132"/>
<USERREF USERNAME="c025980"/>
<USERREF USERNAME="c149176"/>
<USERREF USERNAME="rm36132"/>
<USERREF USERNAME="a511471"/>
<USERREF USERNAME="rm80655"/>
<USERREF USERNAME="c199642"/>
<USERREF USERNAME="c223292"/>
<USERREF USERNAME="c068502"/>
<USERREF USERNAME="yex7920"/>
<USERREF USERNAME="c228246"/>
<USERREF USERNAME="c228248"/>
<USERREF USERNAME="c114196"/>
<USERREF USERNAME="wJ01513"/>
<USERREF USERNAME="v4x1447"/>
<USERREF USERNAME="c181877"/>
<USERREF USERNAME="c225889"/>
<USERREF USERNAME="c175391"/>
<USERREF USERNAME="rm89018"/>
<USERREF USERNAME="c057362"/>
<USERREF USERNAME="c039825"/>
<USERREF USERNAME="c206591"/>
<USERREF USERNAME="c039853"/>
<USERREF USERNAME="c068505"/>
<USERREF USERNAME="c149066"/>
<USERREF USERNAME="c021984"/>
<USERREF USERNAME="rm35504"/>
<USERREF USERNAME="ye91098"/>
<USERREF USERNAME="v6x8356"/>
<USERREF USERNAME="c022433"/>
<USERREF USERNAME="c039863"/>
<USERREF USERNAME="c219898"/>
<USERREF USERNAME="a701824"/>
<USERREF USERNAME="c060736"/>
<USERREF USERNAME="c026390"/>
<USERREF USERNAME="a608261"/>
<USERREF USERNAME="c143125"/>
<USERREF USERNAME="c135748"/>
<USERREF USERNAME="c149470"/>
<USERREF USERNAME="a803075"/>
<USERREF USERNAME="rm87794"/>
<USERREF USERNAME="c196248"/>
<USERREF USERNAME="c218621"/>
<USERREF USERNAME="c196683"/>
<USERREF USERNAME="c228249"/>
<USERREF USERNAME="c228247"/>
<USERREF USERNAME="c228250"/>
<USERREF USERNAME="wj01740"/>
<USERREF USERNAME="wj10098"/>
<USERREF USERNAME="c198562"/>
<USERREF USERNAME="c224208"/>
<USERREF USERNAME="c209853"/>
<USERREF USERNAME="c218040"/>
<USERREF USERNAME="c003859"/>
<USERREF USERNAME="c079244"/>
<USERREF USERNAME="rm90029"/>
<USERREF USERNAME="c015393"/>
<USERREF USERNAME="c071673"/>
<USERREF USERNAME="v6x8058"/>
<USERREF USERNAME="c090108"/>
<USERREF USERNAME="c074090"/>
<USERREF USERNAME="c085302"/>
</QUERYGROUP>

<SIGNATUREGROUP
GROUPNAME="PI Signature"
GROUPDESCRIPTION=""
CRBMEANING="Approved"

CRBTEXT="By my dated signature below, I  %s  %s, verify that all case report form pages accurately display the results of the examinations, tests, evaluations and treatments performed on this patient.&lt;BR&gt;&lt;BR&gt;Pursuant to Section 11.100 of Title 21 of the Code of Federal Regulations, this is to certify that I intend that this electronic signature is to be the legally binding equivalent of my handwritten signature. &lt;BR&gt;&lt;BR&gt;To this I do attest by supplying my user name and password and clicking the button marked &lt;B&gt;Submit&lt;/B&gt; below"
 LANGUAGE="en-US">
<!-- Insert Users -->
<USERREF USERNAME="mjanczylo"/>
<USERREF USERNAME="mpoznanska"/>
<USERREF USERNAME="pweisenseel"/>
<USERREF USERNAME="aquintero"/>
<USERREF USERNAME="prich"/>
<USERREF USERNAME="ckahl"/>
<USERREF USERNAME="bmalisiewicz"/>
<USERREF USERNAME="tblicharski"/>
<USERREF USERNAME="adudek"/>
<USERREF USERNAME="akaszuba"/>
<USERREF USERNAME="ekrolikowska"/>
<USERREF USERNAME="eszymanska"/>
<USERREF USERNAME="mgooderham"/>
<USERREF USERNAME="cmaari"/>
<USERREF USERNAME="mraman"/>
<USERREF USERNAME="ebarranco"/>
<USERREF USERNAME="acruz"/>
<USERREF USERNAME="jfowler"/>
<USERREF USERNAME="sguenthner"/>
<USERREF USERNAME="pjenkin"/>
<USERREF USERNAME="amenter"/>
<USERREF USERNAME="ssmith"/>
<USERREF USERNAME="sschilling"/>
<USERREF USERNAME="kagsten"/>
<USERREF USERNAME="sbecker"/>
<USERREF USERNAME="jweglowska"/>
<USERREF USERNAME="apinter"/>
<USERREF USERNAME="kreich"/>
<USERREF USERNAME="msebastian"/>
<USERREF USERNAME="kbarber"/>
<USERREF USERNAME="rlangley"/>
<USERREF USERNAME="kpapp"/>
<USERREF USERNAME="jbagel"/>
<USERREF USERNAME="acauthen"/>
<USERREF USERNAME="sforman"/>
<USERREF USERNAME="efrankel"/>
<USERREF USERNAME="hharris"/>
<USERREF USERNAME="gleonardi"/>
</SIGNATUREGROUP>

<REPORTINGGROUP
GROUPNAME="Publishers"
GROUPDESCRIPTION="Users who can create folders and other content within the Public Folder space">
<!-- Insert Users -->
<USERREF USERNAME="ZPFkbarkoczi"/>
<USERREF USERNAME="z2x2291"/>
<USERREF USERNAME="c239260"/>
<USERREF USERNAME="i6tmcamaf_RE"/>
</REPORTINGGROUP>

<REPORTINGGROUP
GROUPNAME="Report Administrators"
GROUPDESCRIPTION="Users who can administer authorized public content such as setting permissions on folders and reports">
<!-- Insert Users -->
<USERREF USERNAME="z2x2291"/>
<USERREF USERNAME="c239260"/>
</REPORTINGGROUP>

<REPORTINGGROUP
GROUPNAME="Site Users"
GROUPDESCRIPTION="Site Users">
<!-- Insert Users -->
<USERREF USERNAME="kreich"/>
<USERREF USERNAME="msebastian"/>
<USERREF USERNAME="mfisher"/>
<USERREF USERNAME="echablis"/>
<USERREF USERNAME="ckubiak"/>
<USERREF USERNAME="njimenez"/>
<USERREF USERNAME="mduque"/>
<USERREF USERNAME="lquinn"/>
<USERREF USERNAME="cdigiulio"/>
<USERREF USERNAME="mcencelewski"/>
<USERREF USERNAME="dschroeder"/>
<USERREF USERNAME="gbosley"/>
<USERREF USERNAME="kbarber"/>
<USERREF USERNAME="rlangley"/>
<USERREF USERNAME="kpapp"/>
<USERREF USERNAME="jbagel"/>
<USERREF USERNAME="acauthen"/>
<USERREF USERNAME="sforman"/>
<USERREF USERNAME="efrankel"/>
<USERREF USERNAME="hharris"/>
<USERREF USERNAME="gleonardi"/>
<USERREF USERNAME="prich"/>
<USERREF USERNAME="awolfgarten"/>
<USERREF USERNAME="mmarciniak"/>
<USERREF USERNAME="aquintero"/>
<USERREF USERNAME="jprzepiorka"/>
<USERREF USERNAME="awalczak"/>
<USERREF USERNAME="dlaszcz"/>
<USERREF USERNAME="astasiak"/>
<USERREF USERNAME="adyga"/>
<USERREF USERNAME="sgawecka"/>
<USERREF USERNAME="kzakrzweicz"/>
<USERREF USERNAME="kweglowski"/>
<USERREF USERNAME="bkozak"/>
<USERREF USERNAME="rgall"/>
<USERREF USERNAME="pweisenseel"/>
<USERREF USERNAME="mjankowska"/>
<USERREF USERNAME="jkurosz"/>
<USERREF USERNAME="mjanczylo"/>
<USERREF USERNAME="kmartelus"/>
<USERREF USERNAME="mpoznanska"/>
<USERREF USERNAME="mjasinska"/>
<USERREF USERNAME="ajeziorowska"/>
<USERREF USERNAME="vlaubach"/>
<USERREF USERNAME="cjuers"/>
<USERREF USERNAME="ckoehler"/>
<USERREF USERNAME="aseevaratnam"/>
<USERREF USERNAME="dteas"/>
<USERREF USERNAME="bvandersledt"/>
<USERREF USERNAME="criley"/>
<USERREF USERNAME="ccox"/>
<USERREF USERNAME="lvincent"/>
<USERREF USERNAME="lchaput"/>
<USERREF USERNAME="abennett"/>
<USERREF USERNAME="kkoliha"/>
<USERREF USERNAME="xflores"/>
<USERREF USERNAME="creed"/>
<USERREF USERNAME="abraun"/>
<USERREF USERNAME="ckahl"/>
<USERREF USERNAME="bmalisiewicz"/>
<USERREF USERNAME="mroszkiewicz"/>
<USERREF USERNAME="mwieczorek"/>
<USERREF USERNAME="bborkowska"/>
<USERREF USERNAME="tblicharski"/>
<USERREF USERNAME="adudek"/>
<USERREF USERNAME="akaszuba"/>
<USERREF USERNAME="ekrolikowska"/>
<USERREF USERNAME="apoznanska"/>
<USERREF USERNAME="eszymanska"/>
<USERREF USERNAME="mgooderham"/>
<USERREF USERNAME="cmaari"/>
<USERREF USERNAME="mraman"/>
<USERREF USERNAME="ebarranco"/>
<USERREF USERNAME="acruz"/>
<USERREF USERNAME="jfowler"/>
<USERREF USERNAME="sguenthner"/>
<USERREF USERNAME="pjenkin"/>
<USERREF USERNAME="amenter"/>
<USERREF USERNAME="ssmith"/>
<USERREF USERNAME="mbarton"/>
<USERREF USERNAME="lblicharski"/>
<USERREF USERNAME="ebodo"/>
<USERREF USERNAME="jkrajewski"/>
<USERREF USERNAME="kpoznanska"/>
<USERREF USERNAME="amyslinska"/>
<USERREF USERNAME="igrudziecka"/>
<USERREF USERNAME="ewojtowicz"/>
<USERREF USERNAME="jsienkiewicz"/>
<USERREF USERNAME="sschilling"/>
<USERREF USERNAME="aforich"/>
<USERREF USERNAME="jweymann"/>
<USERREF USERNAME="kagsten"/>
<USERREF USERNAME="sbecker"/>
<USERREF USERNAME="kpeter"/>
<USERREF USERNAME="asklodowska"/>
<USERREF USERNAME="zlagun"/>
<USERREF USERNAME="ggawlowski"/>
<USERREF USERNAME="kgorska"/>
<USERREF USERNAME="jweglowska"/>
<USERREF USERNAME="apinter"/>
</REPORTINGGROUP>

<REPORTINGGROUP
GROUPNAME="Sponsor Users"
GROUPDESCRIPTION="Sponsor Users">
<!-- Insert Users -->
<USERREF USERNAME="bbenito"/>
<USERREF USERNAME="z1X1819"/>
<USERREF USERNAME="c232280"/>
<USERREF USERNAME="z1X2605"/>
<USERREF USERNAME="z1X0368"/>
<USERREF USERNAME="c236455"/>
<USERREF USERNAME="c239260"/>
<USERREF USERNAME="c138219"/>
<USERREF USERNAME="coder_query"/>
<USERREF USERNAME="sklein"/>
<USERREF USERNAME="cbrelage"/>
<USERREF USERNAME="kli"/>
<USERREF USERNAME="rm90512"/>
<USERREF USERNAME="c190344"/>
<USERREF USERNAME="z2x2291"/>
<USERREF USERNAME="c083101"/>
<USERREF USERNAME="c219905"/>
<USERREF USERNAME="c069132"/>
<USERREF USERNAME="c025980"/>
<USERREF USERNAME="c149176"/>
<USERREF USERNAME="rm36132"/>
<USERREF USERNAME="a511471"/>
<USERREF USERNAME="rm80655"/>
<USERREF USERNAME="c199642"/>
<USERREF USERNAME="c223292"/>
<USERREF USERNAME="c068502"/>
<USERREF USERNAME="CJimenez"/>
<USERREF USERNAME="SLemoine"/>
<USERREF USERNAME="c117520"/>
<USERREF USERNAME="c014216"/>
<USERREF USERNAME="yex7920"/>
<USERREF USERNAME="c228246"/>
<USERREF USERNAME="c228248"/>
<USERREF USERNAME="c114196"/>
<USERREF USERNAME="wJ01513"/>
<USERREF USERNAME="v4x1447"/>
<USERREF USERNAME="c181877"/>
<USERREF USERNAME="c225889"/>
<USERREF USERNAME="c175391"/>
<USERREF USERNAME="i6tmcamaf_RE"/>
<USERREF USERNAME="CKing"/>
<USERREF USERNAME="WHuber"/>
<USERREF USERNAME="MHaeusler"/>
<USERREF USERNAME="NDarrington"/>
<USERREF USERNAME="rm89018"/>
<USERREF USERNAME="c057362"/>
<USERREF USERNAME="c039825"/>
<USERREF USERNAME="c206591"/>
<USERREF USERNAME="c039853"/>
<USERREF USERNAME="c068505"/>
<USERREF USERNAME="c149066"/>
<USERREF USERNAME="c021984"/>
<USERREF USERNAME="rm35504"/>
<USERREF USERNAME="ye91098"/>
<USERREF USERNAME="v6x8356"/>
<USERREF USERNAME="c022433"/>
<USERREF USERNAME="c039863"/>
<USERREF USERNAME="c219898"/>
<USERREF USERNAME="a701824"/>
<USERREF USERNAME="c060736"/>
<USERREF USERNAME="c026390"/>
<USERREF USERNAME="a608261"/>
<USERREF USERNAME="c143125"/>
<USERREF USERNAME="c135748"/>
<USERREF USERNAME="c149470"/>
<USERREF USERNAME="a803075"/>
<USERREF USERNAME="rm87794"/>
<USERREF USERNAME="c196248"/>
<USERREF USERNAME="z1X4093"/>
<USERREF USERNAME="wj00729"/>
<USERREF USERNAME="z1X2072"/>
<USERREF USERNAME="c226456"/>
<USERREF USERNAME="c218621"/>
<USERREF USERNAME="c196683"/>
<USERREF USERNAME="c228249"/>
<USERREF USERNAME="c228247"/>
<USERREF USERNAME="c228250"/>
<USERREF USERNAME="wj01740"/>
<USERREF USERNAME="wj10098"/>
<USERREF USERNAME="c198562"/>
<USERREF USERNAME="c224208"/>
<USERREF USERNAME="c209853"/>
<USERREF USERNAME="c218040"/>
<USERREF USERNAME="c222787"/>
<USERREF USERNAME="z2X9961"/>
<USERREF USERNAME="z2X7246"/>
<USERREF USERNAME="c234579"/>
<USERREF USERNAME="z1X2000"/>
<USERREF USERNAME="z1X1836"/>
<USERREF USERNAME="c233004"/>
<USERREF USERNAME="c237091"/>
<USERREF USERNAME="z2X2090"/>
<USERREF USERNAME="c224867"/>
<USERREF USERNAME="c237128"/>
<USERREF USERNAME="c239422"/>
<USERREF USERNAME="c003859"/>
<USERREF USERNAME="c079244"/>
<USERREF USERNAME="rm90029"/>
<USERREF USERNAME="c015393"/>
<USERREF USERNAME="c071673"/>
<USERREF USERNAME="v6x8058"/>
<USERREF USERNAME="c090108"/>
<USERREF USERNAME="c074090"/>
<USERREF USERNAME="c085302"/>
<USERREF USERNAME="c074342"/>
<USERREF USERNAME="c149177"/>
<USERREF USERNAME="c131994"/>
<USERREF USERNAME="yex7972"/>
<USERREF USERNAME="c137396"/>
<USERREF USERNAME="c075541"/>
<USERREF USERNAME="c074429"/>
<USERREF USERNAME="c026393"/>
<USERREF USERNAME="a608760"/>
<USERREF USERNAME="c058698"/>
<USERREF USERNAME="u7x2510"/>
<USERREF USERNAME="c215933"/>
<USERREF USERNAME="c227351"/>
<USERREF USERNAME="z1X0698"/>
<USERREF USERNAME="c220202"/>
<USERREF USERNAME="c220260"/>
<USERREF USERNAME="z3X1553"/>
<USERREF USERNAME="c218387"/>
<USERREF USERNAME="z2X7948"/>
<USERREF USERNAME="z1X1896"/>
<USERREF USERNAME="z1X3339"/>
<USERREF USERNAME="c237384"/>
<USERREF USERNAME="z1X1803"/>
</REPORTINGGROUP>

<REPORTINGGROUP
GROUPNAME="User Admin Info Data Users"
GROUPDESCRIPTION="Users who have access to user data including password related data">
<!-- Insert Users -->
<USERREF USERNAME="c196248"/>
<USERREF USERNAME="z1X2072"/>
<USERREF USERNAME="c226456"/>
<USERREF USERNAME="c218621"/>
<USERREF USERNAME="c196683"/>
<USERREF USERNAME="c228249"/>
<USERREF USERNAME="c228247"/>
<USERREF USERNAME="c228250"/>
<USERREF USERNAME="wj01740"/>
<USERREF USERNAME="wj10098"/>
<USERREF USERNAME="c198562"/>
<USERREF USERNAME="c224208"/>
<USERREF USERNAME="c209853"/>
<USERREF USERNAME="c218040"/>
<USERREF USERNAME="c222787"/>
<USERREF USERNAME="z2X9961"/>
<USERREF USERNAME="z2X7246"/>
<USERREF USERNAME="c234579"/>
<USERREF USERNAME="z1X2000"/>
<USERREF USERNAME="z1X1836"/>
<USERREF USERNAME="c233004"/>
<USERREF USERNAME="c237091"/>
<USERREF USERNAME="z2X2090"/>
<USERREF USERNAME="c224867"/>
<USERREF USERNAME="c237128"/>
<USERREF USERNAME="c239422"/>
<USERREF USERNAME="c003859"/>
<USERREF USERNAME="c079244"/>
<USERREF USERNAME="rm90029"/>
<USERREF USERNAME="c015393"/>
<USERREF USERNAME="c071673"/>
<USERREF USERNAME="v6x8058"/>
<USERREF USERNAME="c090108"/>
<USERREF USERNAME="c074090"/>
<USERREF USERNAME="c085302"/>
<USERREF USERNAME="c074342"/>
<USERREF USERNAME="c149177"/>
<USERREF USERNAME="c131994"/>
<USERREF USERNAME="yex7972"/>
<USERREF USERNAME="c137396"/>
<USERREF USERNAME="c075541"/>
<USERREF USERNAME="c074429"/>
<USERREF USERNAME="c026393"/>
<USERREF USERNAME="a608760"/>
<USERREF USERNAME="c058698"/>
<USERREF USERNAME="u7x2510"/>
<USERREF USERNAME="z1X0698"/>
<USERREF USERNAME="c220202"/>
<USERREF USERNAME="c220260"/>
<USERREF USERNAME="z3X1553"/>
<USERREF USERNAME="c218387"/>
<USERREF USERNAME="z2X7948"/>
<USERREF USERNAME="z1X1896"/>
<USERREF USERNAME="z1X3339"/>
<USERREF USERNAME="c237384"/>
<USERREF USERNAME="z1X1803"/>
<USERREF USERNAME="z1X1819"/>
<USERREF USERNAME="c232280"/>
<USERREF USERNAME="z1X2605"/>
<USERREF USERNAME="z1X0368"/>
<USERREF USERNAME="c236455"/>
<USERREF USERNAME="c239260"/>
<USERREF USERNAME="z2x2291"/>
<USERREF USERNAME="c083101"/>
<USERREF USERNAME="c219905"/>
<USERREF USERNAME="c069132"/>
<USERREF USERNAME="c025980"/>
<USERREF USERNAME="c149176"/>
<USERREF USERNAME="rm36132"/>
<USERREF USERNAME="a511471"/>
<USERREF USERNAME="rm80655"/>
<USERREF USERNAME="c199642"/>
<USERREF USERNAME="c223292"/>
<USERREF USERNAME="c068502"/>
<USERREF USERNAME="yex7920"/>
<USERREF USERNAME="c228246"/>
<USERREF USERNAME="c228248"/>
<USERREF USERNAME="c114196"/>
<USERREF USERNAME="wJ01513"/>
<USERREF USERNAME="v4x1447"/>
<USERREF USERNAME="c181877"/>
<USERREF USERNAME="c225889"/>
<USERREF USERNAME="c175391"/>
<USERREF USERNAME="i6tmcamaf_RE"/>
<USERREF USERNAME="rm89018"/>
<USERREF USERNAME="c057362"/>
<USERREF USERNAME="c039825"/>
<USERREF USERNAME="c206591"/>
<USERREF USERNAME="c039853"/>
<USERREF USERNAME="c068505"/>
<USERREF USERNAME="c149066"/>
<USERREF USERNAME="c021984"/>
<USERREF USERNAME="rm35504"/>
<USERREF USERNAME="ye91098"/>
<USERREF USERNAME="v6x8356"/>
<USERREF USERNAME="c022433"/>
<USERREF USERNAME="c039863"/>
<USERREF USERNAME="c219898"/>
<USERREF USERNAME="a701824"/>
<USERREF USERNAME="c060736"/>
<USERREF USERNAME="c026390"/>
<USERREF USERNAME="a608261"/>
<USERREF USERNAME="c143125"/>
<USERREF USERNAME="c135748"/>
<USERREF USERNAME="c149470"/>
<USERREF USERNAME="a803075"/>
<USERREF USERNAME="rm87794"/>
</REPORTINGGROUP>

<REPORTINGGROUP
GROUPNAME="User Info Data Users"
GROUPDESCRIPTION="Users who have access to user data except password related data">
<!-- Insert Users -->
<USERREF USERNAME="wj01740"/>
<USERREF USERNAME="wj10098"/>
<USERREF USERNAME="c198562"/>
<USERREF USERNAME="c224208"/>
<USERREF USERNAME="c209853"/>
<USERREF USERNAME="c218040"/>
<USERREF USERNAME="c003859"/>
<USERREF USERNAME="c079244"/>
<USERREF USERNAME="rm90029"/>
<USERREF USERNAME="c015393"/>
<USERREF USERNAME="c071673"/>
<USERREF USERNAME="v6x8058"/>
<USERREF USERNAME="c090108"/>
<USERREF USERNAME="c074090"/>
<USERREF USERNAME="c085302"/>
<USERREF USERNAME="c074342"/>
<USERREF USERNAME="c149177"/>
<USERREF USERNAME="c131994"/>
<USERREF USERNAME="yex7972"/>
<USERREF USERNAME="c137396"/>
<USERREF USERNAME="c075541"/>
<USERREF USERNAME="c074429"/>
<USERREF USERNAME="c026393"/>
<USERREF USERNAME="a608760"/>
<USERREF USERNAME="c058698"/>
<USERREF USERNAME="u7x2510"/>
<USERREF USERNAME="rm90512"/>
<USERREF USERNAME="c083101"/>
<USERREF USERNAME="c219905"/>
<USERREF USERNAME="c069132"/>
<USERREF USERNAME="c025980"/>
<USERREF USERNAME="c149176"/>
<USERREF USERNAME="rm36132"/>
<USERREF USERNAME="a511471"/>
<USERREF USERNAME="rm80655"/>
<USERREF USERNAME="c199642"/>
<USERREF USERNAME="c223292"/>
<USERREF USERNAME="c068502"/>
<USERREF USERNAME="c117520"/>
<USERREF USERNAME="yex7920"/>
<USERREF USERNAME="c228246"/>
<USERREF USERNAME="c228248"/>
<USERREF USERNAME="c114196"/>
<USERREF USERNAME="wJ01513"/>
<USERREF USERNAME="v4x1447"/>
<USERREF USERNAME="c181877"/>
<USERREF USERNAME="c225889"/>
<USERREF USERNAME="c175391"/>
<USERREF USERNAME="rm89018"/>
<USERREF USERNAME="c057362"/>
<USERREF USERNAME="c039825"/>
<USERREF USERNAME="c206591"/>
<USERREF USERNAME="c039853"/>
<USERREF USERNAME="c068505"/>
<USERREF USERNAME="c149066"/>
<USERREF USERNAME="c021984"/>
<USERREF USERNAME="rm35504"/>
<USERREF USERNAME="ye91098"/>
<USERREF USERNAME="v6x8356"/>
<USERREF USERNAME="c022433"/>
<USERREF USERNAME="c039863"/>
<USERREF USERNAME="c219898"/>
<USERREF USERNAME="a701824"/>
<USERREF USERNAME="c060736"/>
<USERREF USERNAME="c026390"/>
<USERREF USERNAME="a608261"/>
<USERREF USERNAME="c143125"/>
<USERREF USERNAME="c135748"/>
<USERREF USERNAME="c149470"/>
<USERREF USERNAME="a803075"/>
<USERREF USERNAME="rm87794"/>
<USERREF USERNAME="c196248"/>
<USERREF USERNAME="c218621"/>
<USERREF USERNAME="c196683"/>
<USERREF USERNAME="c228249"/>
<USERREF USERNAME="c228247"/>
<USERREF USERNAME="c228250"/>
</REPORTINGGROUP>

</MEDMLDATA>