<?xml version="1.0"?>
<MEDMLDATA xmlns="PhaseForward-MedML-Inform4">

<ITEMGROUP 
GROUPNAME="Data_Manager_ReadOnly"
GROUPDESCRIPTION="Items that are hidden by design and should be viewable to Data Manager.">
 <!-- Insert ItemRef Names -->
<ITEMREF REFNAME="FACAT_AHRFUF1"/>
<ITEMREF REFNAME="FACAT_INFC2F1"/>
<ITEMREF REFNAME="FACAT_ISR1F1"/>
<ITEMREF REFNAME="FACAT_SFUQ3F1"/>
<ITEMREF REFNAME="INFCEVAL_INFC2F1"/>
<ITEMREF REFNAME="ISREVAL_ISR1F1"/>
<ITEMREF REFNAME="LBCAT_SR1LB9F1"/>
<ITEMREF REFNAME="LBNAMCD_SR1LB9F1"/>
<ITEMREF REFNAME="LBNAM_SR1LB9F1"/>
<ITEMREF REFNAME="LBORRESU_JS5_SR1LB9F1"/>
<ITEMREF REFNAME="LBORRESU_JS6_SR1LB9F1"/>
<ITEMREF REFNAME="LBSPID_SR1LB9F1"/>
<ITEMREF REFNAME="LBTEST_GLS_JS5_SR1LB9F1"/>
<ITEMREF REFNAME="LBTEST_GLS_JS6_SR1LB9F1"/>
<ITEMREF REFNAME="MHCAT_4_MHPR1F2"/>
<ITEMREF REFNAME="MHCAT_MH7001_F1"/>
<ITEMREF REFNAME="MHDECOD_MH7001_F1"/>
<ITEMREF REFNAME="MHLLTCDPRESP_MHPR1F2"/>
<ITEMREF REFNAME="MHLLTCD_MH7001_F1"/>
<ITEMREF REFNAME="MHLLT_MH7001_F1"/>
<ITEMREF REFNAME="MHPRESP_MHPR1F2"/>
<ITEMREF REFNAME="MHTERM_MAP_MH7001_F1"/>
<ITEMREF REFNAME="QSCAT_CSS2001_F1"/>
<ITEMREF REFNAME="QSCAT_CSS4F1"/>
<ITEMREF REFNAME="QSCAT_EPTBHX2F1"/>
<ITEMREF REFNAME="SFUQEVAL_SFUQ3F1"/>
<ITEMREF REFNAME="SFUQEVAL_SFUQ3F2"/>
<ITEMREF REFNAME="SRCAT_SR1LB9F1"/>
<ITEMREF REFNAME="SREVAL_SR1LB9F1"/>
<ITEMREF REFNAME="SRSPID_SR1LB9F1"/>
<ITEMREF REFNAME="SUCAT_ALCOHOL_SU1F1"/>
<ITEMREF REFNAME="SUCAT_CAFFEINE_SU2F1"/>
<ITEMREF REFNAME="SUCAT_TOBACCO_SU3F1"/>
<ITEMREF REFNAME="SUPRESP_SU1F1"/>
<ITEMREF REFNAME="SUPRESP_SU2F1"/>
<ITEMREF REFNAME="SUPRESP_SU3F1"/>
<ITEMREF REFNAME="TERM_TO_CODE_CM2F1"/>
<ITEMREF REFNAME="TRTTERMCD_CM1F1"/>
<ITEMREF REFNAME="TRTTERMCD_CM1F2"/>
<ITEMREF REFNAME="TRTTERMCD_CM2001_F1"/>
<ITEMREF REFNAME="DSCAT_1_DS1F9"/>
<ITEMREF REFNAME="DSSCAT_DS1F9"/>
<ITEMREF REFNAME="AELLTCD_AE3001_F1"/>
<ITEMREF REFNAME="AECAT_AE3001_F1"/>
<ITEMREF REFNAME="AECAT_AE3001_F2"/>
<ITEMREF REFNAME="AEDECOD_AE3001_F1"/>
<ITEMREF REFNAME="AELLT_AE3001_F1"/>
<ITEMREF REFNAME="AETERM_MAP_AE3001_F1"/>
<ITEMREF REFNAME="AHRFUEVAL_AHRFUF1"/>
<ITEMREF REFNAME="CMCAT_CM1F1"/>
<ITEMREF REFNAME="CMCAT_CM1F2"/>
<ITEMREF REFNAME="CMCAT_CM2001_F1"/>
<ITEMREF REFNAME="CECAT_CEPRESPF3"/>
<ITEMREF REFNAME="CELLTCDPRESP_CEPRESPF3"/>
<ITEMREF REFNAME="CEPRESP_CEPRESPF3"/>
<ITEMREF REFNAME="CMCLASCD_CM1F1"/>
<ITEMREF REFNAME="CMCLASCD_CM1F2"/>
<ITEMREF REFNAME="CMCLASCD_CM2001_F1"/>
<ITEMREF REFNAME="CMCLAS_CM1F1"/>
<ITEMREF REFNAME="CMCLAS_CM1F2"/>
<ITEMREF REFNAME="CMCLAS_CM2001_F1"/>
<ITEMREF REFNAME="CMDECOD_CM1F1"/>
<ITEMREF REFNAME="CMDECOD_CM1F2"/>
<ITEMREF REFNAME="CMDECOD_CM2001_F1"/>
<ITEMREF REFNAME="CMINDC_PRIOR_CM2001_F1"/>
<ITEMREF REFNAME="CMSCAT_CM1F1"/>
<ITEMREF REFNAME="CMSCAT_CM1F2"/>
<ITEMREF REFNAME="CMTRADNM_CM1F1"/>
<ITEMREF REFNAME="CMTRADNM_CM1F2"/>
<ITEMREF REFNAME="CMTRADNM_CM2001_F1"/>
<ITEMREF REFNAME="CMTRT_MAP_CM1F1"/>
<ITEMREF REFNAME="CMTRT_MAP_CM1F2"/>
<ITEMREF REFNAME="CMTRT_MAP_CM2001_F1"/>
<ITEMREF REFNAME="CSSEVAL_CSS2001_F1"/>
<ITEMREF REFNAME="CSSEVAL_CSS4F1"/>
<ITEMREF REFNAME="DICT_DICTVER_AE3001_F1"/>
<ITEMREF REFNAME="DICT_DICTVER_CEPRESPF3"/>
<ITEMREF REFNAME="DICT_DICTVER_CM1F1"/>
<ITEMREF REFNAME="DICT_DICTVER_CM1F2"/>
<ITEMREF REFNAME="DICT_DICTVER_CM2001_F1"/>
<ITEMREF REFNAME="DICT_DICTVER_MH7001_F1"/>
<ITEMREF REFNAME="DICT_DICTVER_MHPR1F2"/>
<ITEMREF REFNAME="DSCAT_1_DS1F4"/>
<ITEMREF REFNAME="DSCAT_1_DS1F5"/>
<ITEMREF REFNAME="DSCAT_1_DS1F6"/>
<ITEMREF REFNAME="DSCAT_1_DS1F7"/>
<ITEMREF REFNAME="DSCAT_2_DS2001_F1"/>
<ITEMREF REFNAME="DSCAT_2_DS2001_F3"/>
<ITEMREF REFNAME="DSEVAL_IC_DS2001_F1"/>
<ITEMREF REFNAME="DSEVAL_IC_DS2001_F3"/>
<ITEMREF REFNAME="DSSCAT_DS1F4"/>
<ITEMREF REFNAME="DSSCAT_DS1F5"/>
<ITEMREF REFNAME="DSSCAT_DS1F6"/>
<ITEMREF REFNAME="DSSCAT_DS1F7"/>
<ITEMREF REFNAME="DSSCAT_IC_DS2001_F1"/>
<ITEMREF REFNAME="DSSCAT_IC_DS2001_F3"/>
<ITEMREF REFNAME="ECTPT_EC1F1"/>
<ITEMREF REFNAME="DSCAT_1_DS1F8"/>
<ITEMREF REFNAME="DSSCAT_DS1F8"/>
<ITEMREF REFNAME="ECCAT_EC1F1"/>
<ITEMREF REFNAME="ECTRTPVR_EC1F1"/>
<ITEMREF REFNAME="ECTRT_EC1F1"/>
<ITEMREF REFNAME="EGCAT_EG3001_F1"/>
<ITEMREF REFNAME="EGCAT_EG3001_F3"/>

</ITEMGROUP>

<ITEMGROUP 
GROUPNAME="GPS_eSAE_Hidden"
GROUPDESCRIPTION="Hidden to GPS rights group,  hidden to Adjudicator and Central Group, default access to all other rights groups">
 <!-- Insert ItemRef Names -->
<ITEMREF REFNAME="SAEFUAWADAT_SAE2F1"/>
<ITEMREF REFNAME="SAEAWADAT_SAE2F1"/>
<ITEMREF REFNAME="SAEASMDAT_SAE2F1"/>
<ITEMREF REFNAME="SAEFUASMDAT_SAE2F1"/>

</ITEMGROUP>

<ITEMGROUP 
GROUPNAME="nonData_Manager_Hidden"
GROUPDESCRIPTION="Items hidden to all but Data_Manager editable">
 <!-- Insert ItemRef Names -->
<ITEMREF REFNAME="WFRULETRIG"/>
<ITEMREF REFNAME="CALRULETRIG"/>

</ITEMGROUP>

<ITEMGROUP 
GROUPNAME="nonData_Manager_ReadOnly"
GROUPDESCRIPTION="Items are Data_Manager editable, and Read-only for all other groups except Adjudicator and Central Grp.  For the Groups Adjudicator and Central Grp, it will be a Hidden Item.">
 <!-- Insert ItemRef Names -->
<ITEMREF REFNAME="VISDATMD_SV1F1"/>
<ITEMREF REFNAME="VISDATMD_SV1F5"/>

</ITEMGROUP>

</MEDMLDATA>