<?xml version="1.0"?>
<MEDMLDATA xmlns="PhaseForward-MedML-Inform4">


<REPORTINGGROUP
GROUPNAME="Ad Hoc Users"
GROUPDESCRIPTION="Users who have access to Ad Hoc Reporting">
<!-- Insert Users -->
<USERREF USERNAME="ZPFskonig"/>
<USERREF USERNAME="ZPFkbarkoczi"/>
<USERREF USERNAME="ZPFaflathers"/>
</REPORTINGGROUP>

<QUERYGROUP
GROUPNAME="CDM_CRA Query"
GROUPDESCRIPTION="">
<!-- Insert Users -->
<USERREF USERNAME="autoquery"/>
<USERREF USERNAME="z1x0496"/>
<USERREF USERNAME="z2x1499"/>
<USERREF USERNAME="z2x9343"/>
<USERREF USERNAME="z2x2255"/>
<USERREF USERNAME="c165270"/>
</QUERYGROUP>

<QUERYGROUP
GROUPNAME="Coding Query Group"
GROUPDESCRIPTION="">
<!-- Insert Users -->
<USERREF USERNAME="coder_query"/>
</QUERYGROUP>

<QUERYGROUP
GROUPNAME="GPS_Query"
GROUPDESCRIPTION="">
<!-- Insert Users -->
<USERREF USERNAME="c074342"/>
<USERREF USERNAME="c149177"/>
<USERREF USERNAME="c131994"/>
<USERREF USERNAME="yex7972"/>
<USERREF USERNAME="c022433"/>
<USERREF USERNAME="c039863"/>
<USERREF USERNAME="c149176"/>
<USERREF USERNAME="a701824"/>
<USERREF USERNAME="c060736"/>
<USERREF USERNAME="c026390"/>
<USERREF USERNAME="a608261"/>
<USERREF USERNAME="c143125"/>
<USERREF USERNAME="c135748"/>
<USERREF USERNAME="c196683"/>
<USERREF USERNAME="a511471"/>
<USERREF USERNAME="rm80655"/>
<USERREF USERNAME="c199642"/>
<USERREF USERNAME="c223292"/>
<USERREF USERNAME="c068502"/>
<USERREF USERNAME="c068505"/>
<USERREF USERNAME="c149066"/>
<USERREF USERNAME="c021984"/>
<USERREF USERNAME="rm35504"/>
<USERREF USERNAME="ye91098"/>
<USERREF USERNAME="v6x8356"/>
<USERREF USERNAME="c025980"/>
<USERREF USERNAME="c137396"/>
<USERREF USERNAME="c075541"/>
<USERREF USERNAME="c074429"/>
<USERREF USERNAME="c026393"/>
<USERREF USERNAME="a608760"/>
<USERREF USERNAME="c058698"/>
<USERREF USERNAME="u7x2510"/>
<USERREF USERNAME="c003859"/>
<USERREF USERNAME="c079244"/>
<USERREF USERNAME="rm89018"/>
<USERREF USERNAME="c015393"/>
<USERREF USERNAME="c071673"/>
<USERREF USERNAME="v6x8058"/>
<USERREF USERNAME="c039853"/>
<USERREF USERNAME="c149470"/>
<USERREF USERNAME="a803075"/>
<USERREF USERNAME="rm87794"/>
<USERREF USERNAME="c196248"/>
<USERREF USERNAME="c218621"/>
<USERREF USERNAME="c085302"/>
<USERREF USERNAME="c074090"/>
<USERREF USERNAME="c090108"/>
<USERREF USERNAME="c039825"/>
<USERREF USERNAME="c057362"/>
<USERREF USERNAME="c069132"/>
<USERREF USERNAME="rm90029"/>
<USERREF USERNAME="c083101"/>
<USERREF USERNAME="yex7920"/>
<USERREF USERNAME="rm36132"/>
</QUERYGROUP>

<SIGNATUREGROUP
GROUPNAME="PI Signature"
GROUPDESCRIPTION=""
CRBMEANING="Approved"

CRBTEXT="By my dated signature below, I  %s  %s, verify that all case report form pages accurately display the results of the examinations, tests, evaluations and treatments performed on this patient.&lt;BR&gt;&lt;BR&gt;Pursuant to Section 11.100 of Title 21 of the Code of Federal Regulations, this is to certify that I intend that this electronic signature is to be the legally binding equivalent of my handwritten signature. &lt;BR&gt;&lt;BR&gt;To this I do attest by supplying my user name and password and clicking the button marked &lt;B&gt;Submit&lt;/B&gt; below"
 LANGUAGE="en-US">
<!-- Insert Users -->
<USERREF USERNAME="clho"/>
<USERREF USERNAME="adelmonte"/>
<USERREF USERNAME="lgianni"/>
<USERREF USERNAME="asukari"/>
<USERREF USERNAME="stolaney"/>
<USERREF USERNAME="pkabos"/>
<USERREF USERNAME="mdickler"/>
<USERREF USERNAME="pborrega"/>
<USERREF USERNAME="swchen"/>
<USERREF USERNAME="mgarassino"/>
<USERREF USERNAME="hwildiers"/>
<USERREF USERNAME="jmazieres"/>
<USERREF USERNAME="acalles"/>
<USERREF USERNAME="lpazares"/>
<USERREF USERNAME="sgonzalez"/>
<USERREF USERNAME="jeales"/>
<USERREF USERNAME="cclin"/>
<USERREF USERNAME="tyichao"/>
<USERREF USERNAME="jvansteenkiste"/>
<USERREF USERNAME="crolfo"/>
<USERREF USERNAME="gjerusalem"/>
<USERREF USERNAME="mozguroglu"/>
<USERREF USERNAME="hmutlu"/>
<USERREF USERNAME="icicin"/>
<USERREF USERNAME="tgoksel"/>
<USERREF USERNAME="jlpujol"/>
<USERREF USERNAME="glauridant"/>
<USERREF USERNAME="jbeck"/>
</SIGNATUREGROUP>

<REPORTINGGROUP
GROUPNAME="Publishers"
GROUPDESCRIPTION="Users who can create folders and other content within the Public Folder space">
<!-- Insert Users -->
<USERREF USERNAME="ZPFaflathers"/>
<USERREF USERNAME="ZPFskonig"/>
<USERREF USERNAME="ZPFkbarkoczi"/>
</REPORTINGGROUP>

<REPORTINGGROUP
GROUPNAME="Report Administrators"
GROUPDESCRIPTION="Users who can administer authorized public content such as setting permissions on folders and reports">
<!-- Insert Users -->
<USERREF USERNAME="ZPFaflathers"/>
<USERREF USERNAME="ZPFskonig"/>
<USERREF USERNAME="ZPFkbarkoczi"/>
</REPORTINGGROUP>

<REPORTINGGROUP
GROUPNAME="Site Users"
GROUPDESCRIPTION="Site Users">
<!-- Insert Users -->
<USERREF USERNAME="vloo"/>
<USERREF USERNAME="ZPFkbarkoczi"/>
<USERREF USERNAME="ZPFaflathers"/>
<USERREF USERNAME="nnechiporchik"/>
<USERREF USERNAME="jbeck"/>
<USERREF USERNAME="glauridant"/>
<USERREF USERNAME="lfrancisco"/>
<USERREF USERNAME="slchang"/>
<USERREF USERNAME="jyweng"/>
<USERREF USERNAME="dlee"/>
<USERREF USERNAME="clho"/>
<USERREF USERNAME="adelmonte"/>
<USERREF USERNAME="dandreis"/>
<USERREF USERNAME="rgallucci"/>
<USERREF USERNAME="lgianni"/>
<USERREF USERNAME="coyen"/>
<USERREF USERNAME="asukari"/>
<USERREF USERNAME="stolaney"/>
<USERREF USERNAME="pkabos"/>
<USERREF USERNAME="mdickler"/>
<USERREF USERNAME="smocampo"/>
<USERREF USERNAME="rrodriguez"/>
<USERREF USERNAME="pborrega"/>
<USERREF USERNAME="mjaguilella"/>
<USERREF USERNAME="swchen"/>
<USERREF USERNAME="nhuang"/>
<USERREF USERNAME="pylin"/>
<USERREF USERNAME="aragazzini"/>
<USERREF USERNAME="mgarassino"/>
<USERREF USERNAME="hwildiers"/>
<USERREF USERNAME="rlembrechts"/>
<USERREF USERNAME="ZPFskonig"/>
<USERREF USERNAME="dkontas"/>
<USERREF USERNAME="sdikici"/>
<USERREF USERNAME="ademirkan"/>
<USERREF USERNAME="nlomlu"/>
<USERREF USERNAME="oflohic"/>
<USERREF USERNAME="jmazieres"/>
<USERREF USERNAME="jkelly"/>
<USERREF USERNAME="tcolvin"/>
<USERREF USERNAME="acalles"/>
<USERREF USERNAME="lpazares"/>
<USERREF USERNAME="mpsoriano"/>
<USERREF USERNAME="sgonzalez"/>
<USERREF USERNAME="rblanco"/>
<USERREF USERNAME="jeales"/>
<USERREF USERNAME="cclin"/>
<USERREF USERNAME="tyichao"/>
<USERREF USERNAME="abrissa"/>
<USERREF USERNAME="cfugazza"/>
<USERREF USERNAME="jvansteenkiste"/>
<USERREF USERNAME="crolfo"/>
<USERREF USERNAME="gjerusalem"/>
<USERREF USERNAME="mozguroglu"/>
<USERREF USERNAME="hmutlu"/>
<USERREF USERNAME="icicin"/>
<USERREF USERNAME="tgoksel"/>
<USERREF USERNAME="jlpujol"/>
</REPORTINGGROUP>

<REPORTINGGROUP
GROUPNAME="Sponsor Users"
GROUPDESCRIPTION="Sponsor Users">
<!-- Insert Users -->
<USERREF USERNAME="ZPFskonig"/>
<USERREF USERNAME="ZPFkbarkoczi"/>
<USERREF USERNAME="ZPFaflathers"/>
<USERREF USERNAME="v6x7984"/>
<USERREF USERNAME="coder_query"/>
<USERREF USERNAME="u9x8019"/>
</REPORTINGGROUP>

<REPORTINGGROUP
GROUPNAME="User Admin Info Data Users"
GROUPDESCRIPTION="Users who have access to user data including password related data">
<!-- Insert Users -->
<USERREF USERNAME="z2x2255"/>
<USERREF USERNAME="ZPFaflathers"/>
<USERREF USERNAME="ZPFkbarkoczi"/>
<USERREF USERNAME="ZPFskonig"/>
<USERREF USERNAME="c165270"/>
<USERREF USERNAME="i3ymcjpce_RE"/>
<USERREF USERNAME="z1x0496"/>
<USERREF USERNAME="z2x1499"/>
<USERREF USERNAME="z2x9343"/>
</REPORTINGGROUP>

<REPORTINGGROUP
GROUPNAME="User Info Data Users"
GROUPDESCRIPTION="Users who have access to user data except password related data">
<!-- Insert Users -->
<USERREF USERNAME="c213687"/>
<USERREF USERNAME="c196683"/>
<USERREF USERNAME="zia0126"/>
<USERREF USERNAME="xg10776"/>
<USERREF USERNAME="c083101"/>
<USERREF USERNAME="rm90029"/>
<USERREF USERNAME="c069132"/>
<USERREF USERNAME="c057362"/>
<USERREF USERNAME="c039825"/>
<USERREF USERNAME="c090108"/>
<USERREF USERNAME="c074090"/>
<USERREF USERNAME="c085302"/>
<USERREF USERNAME="c074342"/>
<USERREF USERNAME="c149177"/>
<USERREF USERNAME="c131994"/>
<USERREF USERNAME="yex7972"/>
<USERREF USERNAME="c022433"/>
<USERREF USERNAME="c039863"/>
<USERREF USERNAME="c149176"/>
<USERREF USERNAME="a701824"/>
<USERREF USERNAME="c060736"/>
<USERREF USERNAME="c026390"/>
<USERREF USERNAME="a608261"/>
<USERREF USERNAME="c143125"/>
<USERREF USERNAME="c135748"/>
<USERREF USERNAME="rm36132"/>
<USERREF USERNAME="a511471"/>
<USERREF USERNAME="rm80655"/>
<USERREF USERNAME="c199642"/>
<USERREF USERNAME="c223292"/>
<USERREF USERNAME="c068502"/>
<USERREF USERNAME="c068505"/>
<USERREF USERNAME="c149066"/>
<USERREF USERNAME="c021984"/>
<USERREF USERNAME="rm35504"/>
<USERREF USERNAME="ye91098"/>
<USERREF USERNAME="v6x8356"/>
<USERREF USERNAME="c025980"/>
<USERREF USERNAME="c137396"/>
<USERREF USERNAME="c075541"/>
<USERREF USERNAME="c074429"/>
<USERREF USERNAME="c026393"/>
<USERREF USERNAME="a608760"/>
<USERREF USERNAME="c058698"/>
<USERREF USERNAME="u7x2510"/>
<USERREF USERNAME="c145993"/>
<USERREF USERNAME="c003859"/>
<USERREF USERNAME="c079244"/>
<USERREF USERNAME="rm89018"/>
<USERREF USERNAME="c015393"/>
<USERREF USERNAME="c071673"/>
<USERREF USERNAME="v6x8058"/>
<USERREF USERNAME="c039853"/>
<USERREF USERNAME="c149470"/>
<USERREF USERNAME="a803075"/>
<USERREF USERNAME="rm87794"/>
<USERREF USERNAME="c196248"/>
<USERREF USERNAME="c218621"/>
<USERREF USERNAME="yex7920"/>
</REPORTINGGROUP>

</MEDMLDATA>