<?xml version="1.0"?>
<MEDMLDATA xmlns="PhaseForward-MedML-Inform4">


<SITE  NAME="(306) CHU Sart Tilman"    MNEMONIC="306"
ADDRESS="Domaine du Sart Tilman Bat 35 4000 Liege"
COUNTRY="BELGIUM"
PHONE="32003243667237"
ALTPHONE="32"
FAX="32"
TIMEZONE="(UTC+01:00) Sarajevo, Skopje, Warsaw, Zagreb"
SITEDATEFORMAT="DAY_MONTH_YEAR"
STARTDATE="05/23/2016"
STUDYLOCALE="en-US"
SVAUTOSELECTRATE="100"
SVFIRSTNSUBJECTS="100"
/>


<SITE  NAME="(304) Universitair Ziekenhuis Antwerpen"    MNEMONIC="304"
ADDRESS="Wilrijkstraat 10 2650 Edegem Antwerp"
COUNTRY="BELGIUM"
PHONE="32003238215580"
ALTPHONE="32"
FAX="32"
TIMEZONE="(UTC+01:00) Sarajevo, Skopje, Warsaw, Zagreb"
SITEDATEFORMAT="DAY_MONTH_YEAR"
STARTDATE="05/23/2016"
STUDYLOCALE="en-US"
SVAUTOSELECTRATE="100"
SVFIRSTNSUBJECTS="100"
/>


<SITE  NAME="(302) Universitair Ziekenhuis Leuven - Gasthuisberg"    MNEMONIC="302"
ADDRESS="Herestraat 49 3000 Leuven Flemish Brabant"
COUNTRY="BELGIUM"
PHONE="32003216346900"
ALTPHONE="32"
FAX="32"
TIMEZONE="(UTC+01:00) Sarajevo, Skopje, Warsaw, Zagreb"
SITEDATEFORMAT="DAY_MONTH_YEAR"
STARTDATE="05/23/2016"
STUDYLOCALE="en-US"
SVAUTOSELECTRATE="100"
SVFIRSTNSUBJECTS="100"
/>


<SITE  NAME="(300) Universitair Ziekenhuis  Leuven - Gasthuisberg"    MNEMONIC="300"
ADDRESS="Herestraat 49 3000 Leuven Flemish Brabant"
COUNTRY="BELGIUM"
PHONE="32003216346801"
ALTPHONE="32"
FAX="32"
TIMEZONE="(UTC+01:00) Sarajevo, Skopje, Warsaw, Zagreb"
SITEDATEFORMAT="DAY_MONTH_YEAR"
STARTDATE="05/23/2016"
STUDYLOCALE="en-US"
SVAUTOSELECTRATE="100"
SVFIRSTNSUBJECTS="100"
/>


<SITE  NAME="(204) Hopital Larrey"    MNEMONIC="204"
ADDRESS="24 chemin de Pouvourville 31059 Toulouse cedex 9"
COUNTRY="FRANCE"
PHONE="330033567771837"
ALTPHONE="33"
FAX="33"
TIMEZONE="(UTC+01:00) Sarajevo, Skopje, Warsaw, Zagreb"
SITEDATEFORMAT="DAY_MONTH_YEAR"
STARTDATE="05/23/2016"
STUDYLOCALE="en-US"
SVAUTOSELECTRATE="100"
SVFIRSTNSUBJECTS="100"
/>


<SITE  NAME="(202) Centre Oscar Lambret"    MNEMONIC="202"
ADDRESS="3 Rue Frederic Combemale BP 307 59020 Lille Cedex"
COUNTRY="FRANCE"
PHONE="330033320295565"
ALTPHONE="33"
FAX="33"
TIMEZONE="(UTC+01:00) Sarajevo, Skopje, Warsaw, Zagreb"
SITEDATEFORMAT="DAY_MONTH_YEAR"
STARTDATE="05/23/2016"
STUDYLOCALE="en-US"
SVAUTOSELECTRATE="100"
SVFIRSTNSUBJECTS="100"
/>


<SITE  NAME="(200) Hopital Arnaud de Villeneuve"    MNEMONIC="200"
ADDRESS="371 Av Du Doyen Gaston Giraud 34295 Montpellier Cedex 5"
COUNTRY="FRANCE"
PHONE="330033467330759"
ALTPHONE="33"
FAX="33"
TIMEZONE="(UTC) Monrovia, Reykjavik"
SITEDATEFORMAT="DAY_MONTH_YEAR"
STARTDATE="05/23/2016"
STUDYLOCALE="en-US"
SVAUTOSELECTRATE="100"
SVFIRSTNSUBJECTS="100"
/>


<SITE  NAME="(504) IRCCS Ospedale San Raffaele"    MNEMONIC="504"
ADDRESS="Via Olgettina 60 20132 Milano Milan Italy"
COUNTRY="ITALY"
PHONE="39390226436529"
ALTPHONE="39"
FAX="39"
TIMEZONE="(UTC+01:00) Sarajevo, Skopje, Warsaw, Zagreb"
SITEDATEFORMAT="DAY_MONTH_YEAR"
STARTDATE="05/23/2016"
STUDYLOCALE="en-US"
SVAUTOSELECTRATE="100"
SVFIRSTNSUBJECTS="100"
/>


<SITE  NAME="(500) Istituto Scientifico Romagnolo per lo Studio e la Cura dei"    MNEMONIC="500"
ADDRESS="Via Piero Maroncelli 40 47014 Meldola Forli Cesena Italy"
COUNTRY="ITALY"
PHONE="39390543739100"
ALTPHONE="39"
FAX="39"
TIMEZONE="(UTC+01:00) Sarajevo, Skopje, Warsaw, Zagreb"
SITEDATEFORMAT="DAY_MONTH_YEAR"
STARTDATE="05/23/2016"
STUDYLOCALE="en-US"
SVAUTOSELECTRATE="100"
SVFIRSTNSUBJECTS="100"
/>


<SITE  NAME="(502) Fondazione IRCCS Istituto Nazionale Tumori"    MNEMONIC="502"
ADDRESS="Via Giacomo Venezian 1 20133 Milano Milan Italy"
COUNTRY="ITALY"
PHONE="39390223903836"
ALTPHONE="39"
FAX="39"
TIMEZONE="(UTC+01:00) Sarajevo, Skopje, Warsaw, Zagreb"
SITEDATEFORMAT="DAY_MONTH_YEAR"
STARTDATE="05/23/2016"
STUDYLOCALE="en-US"
SVAUTOSELECTRATE="100"
SVFIRSTNSUBJECTS="100"
/>


<SITE  NAME="(706) Hospital Nuestra Senora de Sonsoles"    MNEMONIC="706"
ADDRESS="Avda. Juan Carlos I s n Oncologia Medica pl. 4 05004 Avila"
COUNTRY="SPAIN"
PHONE="340034913875096"
ALTPHONE="34"
FAX="34"
TIMEZONE="(UTC+01:00) Sarajevo, Skopje, Warsaw, Zagreb"
SITEDATEFORMAT="DAY_MONTH_YEAR"
STARTDATE="05/23/2016"
STUDYLOCALE="en-US"
SVAUTOSELECTRATE="100"
SVFIRSTNSUBJECTS="100"
/>


<SITE  NAME="(704) Complejo Hospitalario de Caceres - Hospital San Pedro de Alcantara"    MNEMONIC="704"
ADDRESS="Avenida de Pablo Naranjo s n 10003 Caceres"
COUNTRY="SPAIN"
PHONE="340034927621612"
ALTPHONE="34"
FAX="34"
TIMEZONE="(UTC+01:00) Sarajevo, Skopje, Warsaw, Zagreb"
SITEDATEFORMAT="DAY_MONTH_YEAR"
STARTDATE="05/23/2016"
STUDYLOCALE="en-US"
SVAUTOSELECTRATE="100"
SVFIRSTNSUBJECTS="100"
/>


<SITE  NAME="(702) Hospital 12 de Octubre - Oncology"    MNEMONIC="702"
ADDRESS="Servicio Oncologia Medica. Edificio Materno Infantil 2a plantaCarretera De Andalucia Km 5.4 28041 Madrid"
COUNTRY="SPAIN"
PHONE="340034913908922"
ALTPHONE="34"
FAX="34"
TIMEZONE="(UTC+01:00) Sarajevo, Skopje, Warsaw, Zagreb"
SITEDATEFORMAT="DAY_MONTH_YEAR"
STARTDATE="05/23/2016"
STUDYLOCALE="en-US"
SVAUTOSELECTRATE="100"
SVFIRSTNSUBJECTS="100"
/>


<SITE  NAME="(700) Hospital Madrid Norte Sanchinarro-CIOCC-Oncology"    MNEMONIC="700"
ADDRESS="Centro Integral Oncologico Clara Campal Calle Ona 10 28050 Madrid"
COUNTRY="SPAIN"
PHONE="340034917567861"
ALTPHONE="34"
FAX="34"
TIMEZONE="(UTC+01:00) Sarajevo, Skopje, Warsaw, Zagreb"
SITEDATEFORMAT="DAY_MONTH_YEAR"
STARTDATE="05/23/2016"
STUDYLOCALE="en-US"
SVAUTOSELECTRATE="100"
SVFIRSTNSUBJECTS="100"
/>


<SITE  NAME="(906) Tri-Service General Hospital"    MNEMONIC="906"
ADDRESS="No. 325 Sec. 2 Cheng-Kung Rd. Taipei"
COUNTRY="TAIWAN"
PHONE="886886287923311"
ALTPHONE="886"
FAX="886"
TIMEZONE="(UTC+08:00) Beijing, Chongqing, Hong Kong, Urumqi"
SITEDATEFORMAT="DAY_MONTH_YEAR"
STARTDATE="05/23/2016"
STUDYLOCALE="en-US"
SVAUTOSELECTRATE="100"
SVFIRSTNSUBJECTS="100"
/>


<SITE  NAME="(904) Chi-Mei Medical Center - Liouying"    MNEMONIC="904"
ADDRESS="No.201 Taikang Village Tainan"
COUNTRY="TAIWAN"
PHONE="88688666226999"
ALTPHONE="886"
FAX="886"
TIMEZONE="(UTC+08:00) Beijing, Chongqing, Hong Kong, Urumqi"
SITEDATEFORMAT="DAY_MONTH_YEAR"
STARTDATE="05/23/2016"
STUDYLOCALE="en-US"
SVAUTOSELECTRATE="100"
SVFIRSTNSUBJECTS="100"
/>


<SITE  NAME="(902) Taipei Medical University - Shaung Ho Hospital"    MNEMONIC="902"
ADDRESS="No.291 Jhongjheng Rd. Taipei"
COUNTRY="TAIWAN"
PHONE="886886222490088"
ALTPHONE="886"
FAX="886"
TIMEZONE="(UTC+08:00) Beijing, Chongqing, Hong Kong, Urumqi"
SITEDATEFORMAT="DAY_MONTH_YEAR"
STARTDATE="05/23/2016"
STUDYLOCALE="en-US"
SVAUTOSELECTRATE="100"
SVFIRSTNSUBJECTS="100"
/>


<SITE  NAME="(900) National Taiwan University Hospital"    MNEMONIC="900"
ADDRESS="No 1 Chung-Te Street 10048 Taipei"
COUNTRY="TAIWAN"
PHONE="886886223123456"
ALTPHONE="886"
FAX="886"
TIMEZONE="(UTC+08:00) Beijing, Chongqing, Hong Kong, Urumqi"
SITEDATEFORMAT="DAY_MONTH_YEAR"
STARTDATE="05/23/2016"
STUDYLOCALE="en-US"
SVAUTOSELECTRATE="100"
SVFIRSTNSUBJECTS="100"
/>


<SITE  NAME="(606) Ege University"    MNEMONIC="606"
ADDRESS="Ege University Faculty of MedicineDepartment of Chest Diseases-RutinIzmir35100"
COUNTRY="TURKEY"
PHONE="9000902324441343"
ALTPHONE="90"
FAX="90"
TIMEZONE="(UTC-05:00) Eastern Time (US &#38; Canada)"
SITEDATEFORMAT="DAY_MONTH_YEAR"
STARTDATE="05/23/2016"
STUDYLOCALE="en-US"
SVAUTOSELECTRATE="100"
SVFIRSTNSUBJECTS="100"
/>


<SITE  NAME="(604) Trakya University"    MNEMONIC="604"
ADDRESS="Trakya University Faculty of MedicineBalkan Yerleskesi-Balkan Oncoloji HospitalEdirne22030"
COUNTRY="TURKEY"
PHONE="9000902842357641"
ALTPHONE="90"
FAX="90"
TIMEZONE="(UTC-05:00) Eastern Time (US &#38; Canada)"
SITEDATEFORMAT="DAY_MONTH_YEAR"
STARTDATE="05/23/2016"
STUDYLOCALE="en-US"
SVAUTOSELECTRATE="100"
SVFIRSTNSUBJECTS="100"
/>


<SITE  NAME="(602) Akdeniz University Medical Faculty"    MNEMONIC="602"
ADDRESS="Akdeniz University Faculty of MedicineDumlupnar Bulvar 07058 Kampus Antalya"
COUNTRY="TURKEY"
PHONE="9000902422493763"
ALTPHONE="90"
FAX="90"
TIMEZONE="(UTC-05:00) Eastern Time (US &#38; Canada)"
SITEDATEFORMAT="DAY_MONTH_YEAR"
STARTDATE="05/23/2016"
STUDYLOCALE="en-US"
SVAUTOSELECTRATE="100"
SVFIRSTNSUBJECTS="100"
/>


<SITE  NAME="(600) Istanbul University"    MNEMONIC="600"
ADDRESS="Istanbul University Cerrahpasa Faculty of Medicine Yerleskesi Fatih Istanbul 34098"
COUNTRY="TURKEY"
PHONE="9000902124142000"
ALTPHONE="90"
FAX="90"
TIMEZONE="(UTC-05:00) Eastern Time (US &#38; Canada)"
SITEDATEFORMAT="DAY_MONTH_YEAR"
STARTDATE="05/23/2016"
STUDYLOCALE="en-US"
SVAUTOSELECTRATE="100"
SVFIRSTNSUBJECTS="100"
/>


<SITE  NAME="(106) University of Colorado Aurora Ct"    MNEMONIC="106"
ADDRESS="1665 Aurora Court Room 3200"
COUNTRY="UNITED STATES"
PHONE="17.20848e+009"
ALTPHONE="1"
FAX="1"
TIMEZONE="(UTC-07:00) Mountain Time (US &#38; Canada)"
SITEDATEFORMAT="DAY_MONTH_YEAR"
STARTDATE="05/23/2016"
STUDYLOCALE="en-US"
SVAUTOSELECTRATE="100"
SVFIRSTNSUBJECTS="100"
/>


<SITE  NAME="(100) Highlands Oncology Group"    MNEMONIC="100"
ADDRESS="3232 N. North Hills Boulevard"
COUNTRY="UNITED STATES"
PHONE="14.79587e+009"
ALTPHONE="1"
FAX="1"
TIMEZONE="(UTC-06:00) Central Time (US &#38; Canada)"
SITEDATEFORMAT="DAY_MONTH_YEAR"
STARTDATE="05/23/2016"
STUDYLOCALE="en-US"
SVAUTOSELECTRATE="100"
SVFIRSTNSUBJECTS="100"
/>


<SITE  NAME="(108) Memorial Sloan Kettering Cancer Center"    MNEMONIC="108"
ADDRESS="300 East 66th Street"
COUNTRY="UNITED STATES"
PHONE="16.46888e+009"
ALTPHONE="1"
FAX="1"
TIMEZONE="(UTC-05:00) Eastern Time (US &#38; Canada)"
SITEDATEFORMAT="DAY_MONTH_YEAR"
STARTDATE="05/23/2016"
STUDYLOCALE="en-US"
SVAUTOSELECTRATE="100"
SVFIRSTNSUBJECTS="100"
/>


<SITE  NAME="(104) Dana Farber Cancer Institute"    MNEMONIC="104"
ADDRESS="Harvard Medical School 44 Binney Street Dana 1230"
COUNTRY="UNITED STATES"
PHONE="16.17632e+009"
ALTPHONE="1"
FAX="1"
TIMEZONE="(UTC-05:00) Eastern Time (US &#38; Canada)"
SITEDATEFORMAT="DAY_MONTH_YEAR"
STARTDATE="05/23/2016"
STUDYLOCALE="en-US"
SVAUTOSELECTRATE="100"
SVFIRSTNSUBJECTS="100"
/>


<SITE  NAME="(102) Karmanos Cancer Institute"    MNEMONIC="102"
ADDRESS="Harper Professional Building 4100 John R Street Suite 312"
COUNTRY="UNITED STATES"
PHONE="13.13577e+009"
ALTPHONE="1"
FAX="1"
TIMEZONE="(UTC-05:00) Eastern Time (US &#38; Canada)"
SITEDATEFORMAT="DAY_MONTH_YEAR"
STARTDATE="05/23/2016"
STUDYLOCALE="en-US"
SVAUTOSELECTRATE="100"
SVFIRSTNSUBJECTS="100"
/>


</MEDMLDATA>