<?xml version="1.0"?>
<MEDMLDATA xmlns="PhaseForward-MedML-Inform4">


<USER  USERNAME="lfrancisco"
USERTYPE="SITE"
FIRSTNAME="Lorena"
LASTNAME="De Francisco"
DISPLAYNAME="Lorena De Francisco"
DESCRIPTION="--Check UMT to ensure credentials have already been sent before resetting password--"
COUNTRY="SPAIN"
PHONE="349.20359e+008"
ALTPHONE="34"
FAX="34"
EMAIL="oncoavilacec@yahoo.es"
ACTIVESTATE="true"
DELETESTATE="false"
UPDATE="true"
PASSWORD="tJ90xC25z51TmQ62575"
BEEPER="34"
USERDATEFORMAT="DAY_MONTH_YEAR"
HOMESCREENURL="./Portal/default.htm"
USERMUSTRESETPASSWORD="TRUE"
PRODUCTLOCALE="en-US"
STUDYLOCALE="en-US"/>


<USER  USERNAME="slchang"
USERTYPE="SITE"
FIRSTNAME="Shu Ling"
LASTNAME="Chang"
DISPLAYNAME="Shu Ling Chang"
DESCRIPTION="--Check UMT to ensure credentials have already been sent before resetting password--"
COUNTRY="TAIWAN"
PHONE="8868.86223e+011"
ALTPHONE="886"
FAX="886"
EMAIL="106342@ntuh.gov.tw"
ACTIVESTATE="true"
DELETESTATE="false"
UPDATE="true"
PASSWORD="g94FB0xe8SlA685857"
BEEPER="886"
USERDATEFORMAT="DAY_MONTH_YEAR"
HOMESCREENURL="./Portal/default.htm"
USERMUSTRESETPASSWORD="TRUE"
PRODUCTLOCALE="en-US"
STUDYLOCALE="en-US"/>


<USER  USERNAME="jyweng"
USERTYPE="SITE"
FIRSTNAME="Ju Yi"
LASTNAME="Weng"
DISPLAYNAME="Ju Yi Weng"
DESCRIPTION="--Check UMT to ensure credentials have already been sent before resetting password--"
COUNTRY="TAIWAN"
PHONE="8868.86222e+011"
ALTPHONE="886"
FAX="886"
EMAIL="14200@s.tmu.edu.tw"
ACTIVESTATE="true"
DELETESTATE="false"
UPDATE="true"
PASSWORD="fP5mF20k78AlP58795"
BEEPER="886"
USERDATEFORMAT="DAY_MONTH_YEAR"
HOMESCREENURL="./Portal/default.htm"
USERMUSTRESETPASSWORD="TRUE"
PRODUCTLOCALE="en-US"
STUDYLOCALE="en-US"/>


<USER  USERNAME="dlee"
USERTYPE="SITE"
FIRSTNAME="Demi"
LASTNAME="Lee"
DISPLAYNAME="Demi Lee"
DESCRIPTION="--Check UMT to ensure credentials have already been sent before resetting password--"
COUNTRY="TAIWAN"
PHONE="8868.86662e+010"
ALTPHONE="886"
FAX="886"
EMAIL="pixie0811@gmail.com"
ACTIVESTATE="true"
DELETESTATE="false"
UPDATE="true"
PASSWORD="iK5R2lsT30hJ975165"
BEEPER="886"
USERDATEFORMAT="DAY_MONTH_YEAR"
HOMESCREENURL="./Portal/default.htm"
USERMUSTRESETPASSWORD="TRUE"
PRODUCTLOCALE="en-US"
STUDYLOCALE="en-US"/>


<USER  USERNAME="clho"
USERTYPE="SITE"
FIRSTNAME="Ching-Liang"
LASTNAME="Ho"
DISPLAYNAME="Ching-Liang Ho"
DESCRIPTION="--Check UMT to ensure credentials have already been sent before resetting password--"
COUNTRY="TAIWAN"
PHONE="886"
ALTPHONE="886"
FAX="886"
EMAIL="hochingliang@yahoo.com.tw"
ACTIVESTATE="true"
DELETESTATE="false"
UPDATE="true"
PASSWORD="X7yC2cF3mr35J7831"
BEEPER="886"
USERDATEFORMAT="DAY_MONTH_YEAR"
HOMESCREENURL="./Portal/default.htm"
USERMUSTRESETPASSWORD="TRUE"
PRODUCTLOCALE="en-US"
STUDYLOCALE="en-US"/>


<USER  USERNAME="adelmonte"
USERTYPE="SITE"
FIRSTNAME="Angelo"
LASTNAME="Delmonte"
DISPLAYNAME="Angelo Delmonte"
DESCRIPTION="--Check UMT to ensure credentials have already been sent before resetting password--"
COUNTRY="ITALY"
PHONE="393.90544e+011"
ALTPHONE="39"
FAX="39"
EMAIL="angelo.delmonte@irst.emr.it"
ACTIVESTATE="true"
DELETESTATE="false"
UPDATE="true"
PASSWORD="I5on35BlS44fA833277"
BEEPER="39"
USERDATEFORMAT="DAY_MONTH_YEAR"
HOMESCREENURL="./Portal/default.htm"
USERMUSTRESETPASSWORD="TRUE"
PRODUCTLOCALE="en-US"
STUDYLOCALE="en-US"/>


<USER  USERNAME="dandreis"
USERTYPE="SITE"
FIRSTNAME="Daniele"
LASTNAME="Andreis"
DISPLAYNAME="Daniele Andreis"
DESCRIPTION="--Check UMT to ensure credentials have already been sent before resetting password--"
COUNTRY="ITALY"
PHONE="393.90544e+011"
ALTPHONE="39"
FAX="39"
EMAIL="daniele.andreis@irst.emr.it"
ACTIVESTATE="true"
DELETESTATE="false"
UPDATE="true"
PASSWORD="tW15wG98N6aU4o4152"
BEEPER="39"
USERDATEFORMAT="DAY_MONTH_YEAR"
HOMESCREENURL="./Portal/default.htm"
USERMUSTRESETPASSWORD="TRUE"
PRODUCTLOCALE="en-US"
STUDYLOCALE="en-US"/>


<USER  USERNAME="rgallucci"
USERTYPE="SITE"
FIRSTNAME="Rosaria"
LASTNAME="Gallucci"
DISPLAYNAME="Rosaria Gallucci"
DESCRIPTION="--Check UMT to ensure credentials have already been sent before resetting password--"
COUNTRY="ITALY"
PHONE="393.92239e+010"
ALTPHONE="39"
FAX="39"
EMAIL="Rosaria.Gallucci@istitutotumori.mi.it"
ACTIVESTATE="true"
DELETESTATE="false"
UPDATE="true"
PASSWORD="j3Ip63Se86Sq67U2277"
BEEPER="39"
USERDATEFORMAT="DAY_MONTH_YEAR"
HOMESCREENURL="./Portal/default.htm"
USERMUSTRESETPASSWORD="TRUE"
PRODUCTLOCALE="en-US"
STUDYLOCALE="en-US"/>


<USER  USERNAME="lgianni"
USERTYPE="SITE"
FIRSTNAME="Luca"
LASTNAME="Gianni"
DISPLAYNAME="Luca Gianni"
DESCRIPTION="--Check UMT to ensure credentials have already been sent before resetting password--"
COUNTRY="ITALY"
PHONE="393.90226e+011"
ALTPHONE="39"
FAX="39"
EMAIL="gianni.luca@hsr.it"
ACTIVESTATE="true"
DELETESTATE="false"
UPDATE="true"
PASSWORD="u3UjS5iP48cQ45831"
BEEPER="39"
USERDATEFORMAT="DAY_MONTH_YEAR"
HOMESCREENURL="./Portal/default.htm"
USERMUSTRESETPASSWORD="TRUE"
PRODUCTLOCALE="en-US"
STUDYLOCALE="en-US"/>


<USER  USERNAME="c213687"
USERTYPE="SPONSOR"
FIRSTNAME="Allison"
LASTNAME="Manuel"
DISPLAYNAME="Allison Manuel"
DESCRIPTION="--Check UMT to ensure credentials have already been sent before resetting password--"
COUNTRY="UNITED STATES"
PHONE="1"
ALTPHONE="1"
FAX="1"
EMAIL="allison_manuel@lilly.com"
ACTIVESTATE="true"
DELETESTATE="false"
UPDATE="true"
PASSWORD="Y4rhQ75e24AzD24953"
BEEPER="1"
USERDATEFORMAT="DAY_MONTH_YEAR"
HOMESCREENURL="./Portal/default.htm"
USERMUSTRESETPASSWORD="TRUE"
PRODUCTLOCALE="en-US"
STUDYLOCALE="en-US"/>


<USER  USERNAME="c165270"
USERTYPE="SPONSOR"
FIRSTNAME="Rabia"
LASTNAME="Malick"
DISPLAYNAME="Rabia Malick"
DESCRIPTION="--Check UMT to ensure credentials have already been sent before resetting password--"
COUNTRY="UNITED STATES"
PHONE="13.17652e+009"
ALTPHONE="1"
FAX="1"
EMAIL="rmalick@lilly.com"
ACTIVESTATE="true"
DELETESTATE="false"
UPDATE="true"
PASSWORD="p6FqY26kV49d9G9990"
BEEPER="1"
USERDATEFORMAT="DAY_MONTH_YEAR"
HOMESCREENURL="./Portal/default.htm"
USERMUSTRESETPASSWORD="TRUE"
PRODUCTLOCALE="en-US"
STUDYLOCALE="en-US"/>


<USER  USERNAME="yex7920"
USERTYPE="SPONSOR"
FIRSTNAME="Merab"
LASTNAME="Lomia"
DISPLAYNAME="Merab Lomia"
DESCRIPTION="--Check UMT to ensure credentials have already been sent before resetting password--"
COUNTRY="UNITED KINGDOM"
PHONE="44441276483778"
ALTPHONE="44"
FAX="44"
EMAIL="lomia_merab@network.lilly.com"
ACTIVESTATE="true"
DELETESTATE="false"
UPDATE="true"
PASSWORD="tH28v6PkB1iU408197"
BEEPER="44"
USERDATEFORMAT="DAY_MONTH_YEAR"
HOMESCREENURL="./Portal/default.htm"
USERMUSTRESETPASSWORD="TRUE"
PRODUCTLOCALE="en-US"
STUDYLOCALE="en-US"/>


<USER  USERNAME="coyen"
USERTYPE="SITE"
FIRSTNAME="Christel"
LASTNAME="Oyen"
DISPLAYNAME="Christel Oyen"
DESCRIPTION="--Check UMT to ensure credentials have already been sent before resetting password--"
COUNTRY="BELGIUM"
PHONE="323.21635e+009"
ALTPHONE="32"
FAX="32"
EMAIL="christel.oyen@uzleuven.be"
ACTIVESTATE="true"
DELETESTATE="false"
UPDATE="true"
PASSWORD="D2gvG5Z1otA578628"
BEEPER="32"
USERDATEFORMAT="DAY_MONTH_YEAR"
HOMESCREENURL="./Portal/default.htm"
USERMUSTRESETPASSWORD="TRUE"
PRODUCTLOCALE="en-US"
STUDYLOCALE="en-US"/>


<USER  USERNAME="asukari"
USERTYPE="SITE"
FIRSTNAME="Ammar"
LASTNAME="Sukari"
DISPLAYNAME="Ammar Sukari"
DESCRIPTION="--Check UMT to ensure credentials have already been sent before resetting password--"
COUNTRY="UNITED STATES"
PHONE="13.13577e+009"
ALTPHONE="1"
FAX="1"
EMAIL="sukaria@karmanos.org"
ACTIVESTATE="true"
DELETESTATE="false"
UPDATE="true"
PASSWORD="s22PbV9i37Zi17Q4009"
BEEPER="1"
USERDATEFORMAT="DAY_MONTH_YEAR"
HOMESCREENURL="./Portal/default.htm"
USERMUSTRESETPASSWORD="TRUE"
PRODUCTLOCALE="en-US"
STUDYLOCALE="en-US"/>


<USER  USERNAME="stolaney"
USERTYPE="SITE"
FIRSTNAME="Sara"
LASTNAME="Tolaney"
DISPLAYNAME="Sara Tolaney"
DESCRIPTION="--Check UMT to ensure credentials have already been sent before resetting password--"
COUNTRY="UNITED STATES"
PHONE="16.17632e+009"
ALTPHONE="1"
FAX="1"
EMAIL="sara_tolaney@dfci.harvard.edu"
ACTIVESTATE="true"
DELETESTATE="false"
UPDATE="true"
PASSWORD="fS4S0whQ9iO499662"
BEEPER="1"
USERDATEFORMAT="DAY_MONTH_YEAR"
HOMESCREENURL="./Portal/default.htm"
USERMUSTRESETPASSWORD="TRUE"
PRODUCTLOCALE="en-US"
STUDYLOCALE="en-US"/>


<USER  USERNAME="pkabos"
USERTYPE="SITE"
FIRSTNAME="Peter"
LASTNAME="Kabos"
DISPLAYNAME="Peter Kabos"
DESCRIPTION="--Check UMT to ensure credentials have already been sent before resetting password--"
COUNTRY="UNITED STATES"
PHONE="17.20848e+009"
ALTPHONE="1"
FAX="1"
EMAIL="peter.kabos@ucdenver.edu"
ACTIVESTATE="true"
DELETESTATE="false"
UPDATE="true"
PASSWORD="nZ8x9Zm2DjS338131"
BEEPER="1"
USERDATEFORMAT="DAY_MONTH_YEAR"
HOMESCREENURL="./Portal/default.htm"
USERMUSTRESETPASSWORD="TRUE"
PRODUCTLOCALE="en-US"
STUDYLOCALE="en-US"/>


<USER  USERNAME="mdickler"
USERTYPE="SITE"
FIRSTNAME="Maura"
LASTNAME="Dickler"
DISPLAYNAME="Maura Dickler"
DESCRIPTION="--Check UMT to ensure credentials have already been sent before resetting password--"
COUNTRY="UNITED STATES"
PHONE="16.46888e+009"
ALTPHONE="1"
FAX="1"
EMAIL="dicklerm@mskcc.org"
ACTIVESTATE="true"
DELETESTATE="false"
UPDATE="true"
PASSWORD="B2qa19KsS6uS413268"
BEEPER="1"
USERDATEFORMAT="DAY_MONTH_YEAR"
HOMESCREENURL="./Portal/default.htm"
USERMUSTRESETPASSWORD="TRUE"
PRODUCTLOCALE="en-US"
STUDYLOCALE="en-US"/>


<USER  USERNAME="smocampo"
USERTYPE="SITE"
FIRSTNAME="Sandra M"
LASTNAME="Ocampo"
DISPLAYNAME="Sandra M Ocampo"
DESCRIPTION="--Check UMT to ensure credentials have already been sent before resetting password--"
COUNTRY="SPAIN"
PHONE="343.49176e+010"
ALTPHONE="34"
FAX="34"
EMAIL="socampo@hmhospitales.com"
ACTIVESTATE="true"
DELETESTATE="false"
UPDATE="true"
PASSWORD="rR65tA79l0McB56550"
BEEPER="34"
USERDATEFORMAT="DAY_MONTH_YEAR"
HOMESCREENURL="./Portal/default.htm"
USERMUSTRESETPASSWORD="TRUE"
PRODUCTLOCALE="en-US"
STUDYLOCALE="en-US"/>


<USER  USERNAME="rrodriguez"
USERTYPE="SITE"
FIRSTNAME="Raquel"
LASTNAME="Rodriguez"
DISPLAYNAME="Raquel Rodriguez"
DESCRIPTION="--Check UMT to ensure credentials have already been sent before resetting password--"
COUNTRY="SPAIN"
PHONE="343.49139e+010"
ALTPHONE="34"
FAX="34"
EMAIL="rrodriguez@h12o.es"
ACTIVESTATE="true"
DELETESTATE="false"
UPDATE="true"
PASSWORD="j77Tf2QqC8pY286810"
BEEPER="34"
USERDATEFORMAT="DAY_MONTH_YEAR"
HOMESCREENURL="./Portal/default.htm"
USERMUSTRESETPASSWORD="TRUE"
PRODUCTLOCALE="en-US"
STUDYLOCALE="en-US"/>


<USER  USERNAME="pborrega"
USERTYPE="SITE"
FIRSTNAME="Pablo"
LASTNAME="Borrega"
DISPLAYNAME="Pablo Borrega"
DESCRIPTION="--Check UMT to ensure credentials have already been sent before resetting password--"
COUNTRY="SPAIN"
PHONE="343.49276e+010"
ALTPHONE="34"
FAX="34"
EMAIL="pablo.borregag@gmail.com"
ACTIVESTATE="true"
DELETESTATE="false"
UPDATE="true"
PASSWORD="xV46O0hI9mwT72291"
BEEPER="34"
USERDATEFORMAT="DAY_MONTH_YEAR"
HOMESCREENURL="./Portal/default.htm"
USERMUSTRESETPASSWORD="TRUE"
PRODUCTLOCALE="en-US"
STUDYLOCALE="en-US"/>


<USER  USERNAME="mjaguilella"
USERTYPE="SITE"
FIRSTNAME="Ma Jose"
LASTNAME="Aguilella"
DISPLAYNAME="Ma Jose Aguilella"
DESCRIPTION="--Check UMT to ensure credentials have already been sent before resetting password--"
COUNTRY="SPAIN"
PHONE="343.49276e+010"
ALTPHONE="34"
FAX="34"
EMAIL="mjaguilella.ensayosclinicos@gmail.com"
ACTIVESTATE="true"
DELETESTATE="false"
UPDATE="true"
PASSWORD="a5IdJ2p98HuC979426"
BEEPER="34"
USERDATEFORMAT="DAY_MONTH_YEAR"
HOMESCREENURL="./Portal/default.htm"
USERMUSTRESETPASSWORD="TRUE"
PRODUCTLOCALE="en-US"
STUDYLOCALE="en-US"/>


<USER  USERNAME="i3ymcjpce_RE"
USERTYPE="SPONSOR"
FIRSTNAME="Report"
LASTNAME="Extractor"
DISPLAYNAME="Report Extractor"
DESCRIPTION="--Check UMT to ensure credentials have already been sent before resetting password--"
COUNTRY="UNITED STATES"
PHONE="11"
ALTPHONE="1"
FAX="1"
EMAIL="satish.bantanahal@oracle.com"
ACTIVESTATE="true"
DELETESTATE="false"
UPDATE="true"
PASSWORD="D6nuT4qU8h34O1458"
BEEPER="1"
USERDATEFORMAT="DAY_MONTH_YEAR"
HOMESCREENURL="./Portal/default.htm"
USERMUSTRESETPASSWORD="TRUE"
PRODUCTLOCALE="en-US"
STUDYLOCALE="en-US"/>


<USER  USERNAME="z1x0496"
USERTYPE="SPONSOR"
FIRSTNAME="Jennifer"
LASTNAME="Brodhacker"
DISPLAYNAME="Jennifer Brodhacker"
DESCRIPTION="--Check UMT to ensure credentials have already been sent before resetting password--"
COUNTRY="UNITED STATES"
PHONE="13174488801"
ALTPHONE="1"
FAX="1"
EMAIL="jennifer.brodhacker@inventivhealth.com"
ACTIVESTATE="true"
DELETESTATE="false"
UPDATE="true"
PASSWORD="r84IkP19x2DdH85307"
BEEPER="1"
USERDATEFORMAT="DAY_MONTH_YEAR"
HOMESCREENURL="./Portal/default.htm"
USERMUSTRESETPASSWORD="TRUE"
PRODUCTLOCALE="en-US"
STUDYLOCALE="en-US"/>


<USER  USERNAME="zia0126"
USERTYPE="SPONSOR"
FIRSTNAME="Isil"
LASTNAME="Cok"
DISPLAYNAME="Isil Cok"
DESCRIPTION="--Check UMT to ensure credentials have already been sent before resetting password--"
COUNTRY="TURKEY"
PHONE="909.0530514605e+011"
ALTPHONE="90"
FAX="90"
EMAIL="cok_isil@lilly.com"
ACTIVESTATE="true"
DELETESTATE="false"
UPDATE="true"
PASSWORD="oA31yW6pL8k9W124"
BEEPER="90"
USERDATEFORMAT="DAY_MONTH_YEAR"
HOMESCREENURL="./Portal/default.htm"
USERMUSTRESETPASSWORD="TRUE"
PRODUCTLOCALE="en-US"
STUDYLOCALE="en-US"/>


<USER  USERNAME="xg10776"
USERTYPE="SPONSOR"
FIRSTNAME="Jan"
LASTNAME="Grupp"
DISPLAYNAME="Jan Grupp"
DESCRIPTION="--Check UMT to ensure credentials have already been sent before resetting password--"
COUNTRY="GERMANY"
PHONE="494.9617227326e+012"
ALTPHONE="49"
FAX="49"
EMAIL="grupp_jan@lilly.com"
ACTIVESTATE="true"
DELETESTATE="false"
UPDATE="true"
PASSWORD="r4Fg61Pi8SgL69996"
BEEPER="49"
USERDATEFORMAT="DAY_MONTH_YEAR"
HOMESCREENURL="./Portal/default.htm"
USERMUSTRESETPASSWORD="TRUE"
PRODUCTLOCALE="en-US"
STUDYLOCALE="en-US"/>


<USER  USERNAME="c083101"
USERTYPE="SPONSOR"
FIRSTNAME="Marcela"
LASTNAME="Almeida"
DISPLAYNAME="Marcela Almeida"
DESCRIPTION="--Check UMT to ensure credentials have already been sent before resetting password--"
COUNTRY="BRAZIL"
PHONE="55551121446037"
ALTPHONE="55"
FAX="55"
EMAIL="sorgemp@lilly.com"
ACTIVESTATE="true"
DELETESTATE="false"
UPDATE="true"
PASSWORD="y22BbS9d0JoW4924"
BEEPER="55"
USERDATEFORMAT="DAY_MONTH_YEAR"
HOMESCREENURL="./Portal/default.htm"
USERMUSTRESETPASSWORD="TRUE"
PRODUCTLOCALE="en-US"
STUDYLOCALE="en-US"/>


<USER  USERNAME="rm90029"
USERTYPE="SPONSOR"
FIRSTNAME="Kathy"
LASTNAME="Britton"
DISPLAYNAME="Kathy Britton"
DESCRIPTION="--Check UMT to ensure credentials have already been sent before resetting password--"
COUNTRY="UNITED STATES"
PHONE="13172773370"
ALTPHONE="1"
FAX="1"
EMAIL="britton.kathy@lilly.com"
ACTIVESTATE="true"
DELETESTATE="false"
UPDATE="true"
PASSWORD="oC90cU1o2Ap4F1750"
BEEPER="1"
USERDATEFORMAT="DAY_MONTH_YEAR"
HOMESCREENURL="./Portal/default.htm"
USERMUSTRESETPASSWORD="TRUE"
PRODUCTLOCALE="en-US"
STUDYLOCALE="en-US"/>


<USER  USERNAME="c069132"
USERTYPE="SPONSOR"
FIRSTNAME="Trudy"
LASTNAME="Buckley"
DISPLAYNAME="Trudy Buckley"
DESCRIPTION="--Check UMT to ensure credentials have already been sent before resetting password--"
COUNTRY="UNITED STATES"
PHONE="13176551662"
ALTPHONE="1"
FAX="1"
EMAIL="buckley_trudy_jo@lilly.com"
ACTIVESTATE="true"
DELETESTATE="false"
UPDATE="true"
PASSWORD="kY9hF66lV17oR961652"
BEEPER="1"
USERDATEFORMAT="DAY_MONTH_YEAR"
HOMESCREENURL="./Portal/default.htm"
USERMUSTRESETPASSWORD="TRUE"
PRODUCTLOCALE="en-US"
STUDYLOCALE="en-US"/>


<USER  USERNAME="c057362"
USERTYPE="SPONSOR"
FIRSTNAME="Katrina"
LASTNAME="Cathelyn-Irwin"
DISPLAYNAME="Katrina Cathelyn-Irwin"
DESCRIPTION="--Check UMT to ensure credentials have already been sent before resetting password--"
COUNTRY="UNITED STATES"
PHONE="13172769376"
ALTPHONE="1"
FAX="1"
EMAIL="cathelyn-irwin_katrina_j@lilly.com"
ACTIVESTATE="true"
DELETESTATE="false"
UPDATE="true"
PASSWORD="qL4bF47gW94oV22787"
BEEPER="1"
USERDATEFORMAT="DAY_MONTH_YEAR"
HOMESCREENURL="./Portal/default.htm"
USERMUSTRESETPASSWORD="TRUE"
PRODUCTLOCALE="en-US"
STUDYLOCALE="en-US"/>


<USER  USERNAME="c039825"
USERTYPE="SPONSOR"
FIRSTNAME="David"
LASTNAME="Estelle"
DISPLAYNAME="David Estelle"
DESCRIPTION="--Check UMT to ensure credentials have already been sent before resetting password--"
COUNTRY="UNITED STATES"
PHONE="13172761799"
ALTPHONE="1"
FAX="1"
EMAIL="estelle_david_e@lilly.com"
ACTIVESTATE="true"
DELETESTATE="false"
UPDATE="true"
PASSWORD="p5Ec3CmK91mK76020"
BEEPER="1"
USERDATEFORMAT="DAY_MONTH_YEAR"
HOMESCREENURL="./Portal/default.htm"
USERMUSTRESETPASSWORD="TRUE"
PRODUCTLOCALE="en-US"
STUDYLOCALE="en-US"/>


<USER  USERNAME="c090108"
USERTYPE="SPONSOR"
FIRSTNAME="Kraig"
LASTNAME="Hodson"
DISPLAYNAME="Kraig Hodson"
DESCRIPTION="--Check UMT to ensure credentials have already been sent before resetting password--"
COUNTRY="UNITED STATES"
PHONE="13176514674"
ALTPHONE="1"
FAX="1"
EMAIL="Hodson_Kraig_e@lilly.com"
ACTIVESTATE="true"
DELETESTATE="false"
UPDATE="true"
PASSWORD="uV7p27LnB5mL304748"
BEEPER="1"
USERDATEFORMAT="DAY_MONTH_YEAR"
HOMESCREENURL="./Portal/default.htm"
USERMUSTRESETPASSWORD="TRUE"
PRODUCTLOCALE="en-US"
STUDYLOCALE="en-US"/>


<USER  USERNAME="c074090"
USERTYPE="SPONSOR"
FIRSTNAME="Dorothy"
LASTNAME="Jackson"
DISPLAYNAME="Dorothy Jackson"
DESCRIPTION="--Check UMT to ensure credentials have already been sent before resetting password--"
COUNTRY="UNITED STATES"
PHONE="13172773392"
ALTPHONE="1"
FAX="1"
EMAIL="jackson_dorothy@lilly.com"
ACTIVESTATE="true"
DELETESTATE="false"
UPDATE="true"
PASSWORD="qE86F5xkU31dI427673"
BEEPER="1"
USERDATEFORMAT="DAY_MONTH_YEAR"
HOMESCREENURL="./Portal/default.htm"
USERMUSTRESETPASSWORD="TRUE"
PRODUCTLOCALE="en-US"
STUDYLOCALE="en-US"/>


<USER  USERNAME="c085302"
USERTYPE="SPONSOR"
FIRSTNAME="Molly"
LASTNAME="Lickliter"
DISPLAYNAME="Molly Lickliter"
DESCRIPTION="--Check UMT to ensure credentials have already been sent before resetting password--"
COUNTRY="UNITED STATES"
PHONE="13172778871"
ALTPHONE="1"
FAX="1"
EMAIL="lickliter_molly_elizabeth@lilly.com"
ACTIVESTATE="true"
DELETESTATE="false"
UPDATE="true"
PASSWORD="nI8g72ZxF90F9w2489"
BEEPER="1"
USERDATEFORMAT="DAY_MONTH_YEAR"
HOMESCREENURL="./Portal/default.htm"
USERMUSTRESETPASSWORD="TRUE"
PRODUCTLOCALE="en-US"
STUDYLOCALE="en-US"/>


<USER  USERNAME="c074342"
USERTYPE="SPONSOR"
FIRSTNAME="Camila"
LASTNAME="Mariguela"
DISPLAYNAME="Camila Mariguela"
DESCRIPTION="--Check UMT to ensure credentials have already been sent before resetting password--"
COUNTRY="BRAZIL"
PHONE="55551121445027"
ALTPHONE="55"
FAX="55"
EMAIL="mariguela_camilla_somaio@lilly.com"
ACTIVESTATE="true"
DELETESTATE="false"
UPDATE="true"
PASSWORD="rU9aM2gV6cY38745"
BEEPER="55"
USERDATEFORMAT="DAY_MONTH_YEAR"
HOMESCREENURL="./Portal/default.htm"
USERMUSTRESETPASSWORD="TRUE"
PRODUCTLOCALE="en-US"
STUDYLOCALE="en-US"/>


<USER  USERNAME="c149177"
USERTYPE="SPONSOR"
FIRSTNAME="Rakale"
LASTNAME="Modisette"
DISPLAYNAME="Rakale Modisette"
DESCRIPTION="--Check UMT to ensure credentials have already been sent before resetting password--"
COUNTRY="UNITED STATES"
PHONE="13172777425"
ALTPHONE="1"
FAX="1"
EMAIL="modisette_rakale_n@lilly.com"
ACTIVESTATE="true"
DELETESTATE="false"
UPDATE="true"
PASSWORD="jC8P8ajP6sP05968"
BEEPER="1"
USERDATEFORMAT="DAY_MONTH_YEAR"
HOMESCREENURL="./Portal/default.htm"
USERMUSTRESETPASSWORD="TRUE"
PRODUCTLOCALE="en-US"
STUDYLOCALE="en-US"/>


<USER  USERNAME="c131994"
USERTYPE="SPONSOR"
FIRSTNAME="Jane"
LASTNAME="Njoroge"
DISPLAYNAME="Jane Njoroge"
DESCRIPTION="--Check UMT to ensure credentials have already been sent before resetting password--"
COUNTRY="UNITED STATES"
PHONE="13172768638"
ALTPHONE="1"
FAX="1"
EMAIL="njoroge_jane_n@lilly.com"
ACTIVESTATE="true"
DELETESTATE="false"
UPDATE="true"
PASSWORD="m4LL7zcX2p33U4116"
BEEPER="1"
USERDATEFORMAT="DAY_MONTH_YEAR"
HOMESCREENURL="./Portal/default.htm"
USERMUSTRESETPASSWORD="TRUE"
PRODUCTLOCALE="en-US"
STUDYLOCALE="en-US"/>


<USER  USERNAME="yex7972"
USERTYPE="SPONSOR"
FIRSTNAME="Dipali"
LASTNAME="Patel"
DISPLAYNAME="Dipali Patel"
DESCRIPTION="--Check UMT to ensure credentials have already been sent before resetting password--"
COUNTRY="UNITED KINGDOM"
PHONE="444.4127648476e+011"
ALTPHONE="44"
FAX="44"
EMAIL="patel_dipali@lilly.com"
ACTIVESTATE="true"
DELETESTATE="false"
UPDATE="true"
PASSWORD="Z4vjA54Q0zoU36425"
BEEPER="44"
USERDATEFORMAT="DAY_MONTH_YEAR"
HOMESCREENURL="./Portal/default.htm"
USERMUSTRESETPASSWORD="TRUE"
PRODUCTLOCALE="en-US"
STUDYLOCALE="en-US"/>


<USER  USERNAME="c022433"
USERTYPE="SPONSOR"
FIRSTNAME="Domenica"
LASTNAME="Riley"
DISPLAYNAME="Domenica Riley"
DESCRIPTION="--Check UMT to ensure credentials have already been sent before resetting password--"
COUNTRY="UNITED STATES"
PHONE="13172764000"
ALTPHONE="1"
FAX="1"
EMAIL="riley_domenica_m@lilly.com"
ACTIVESTATE="true"
DELETESTATE="false"
UPDATE="true"
PASSWORD="f86PA1bm1OR8a1857"
BEEPER="1"
USERDATEFORMAT="DAY_MONTH_YEAR"
HOMESCREENURL="./Portal/default.htm"
USERMUSTRESETPASSWORD="TRUE"
PRODUCTLOCALE="en-US"
STUDYLOCALE="en-US"/>


<USER  USERNAME="c039863"
USERTYPE="SPONSOR"
FIRSTNAME="Angela"
LASTNAME="Roepke"
DISPLAYNAME="Angela Roepke"
DESCRIPTION="--Check UMT to ensure credentials have already been sent before resetting password--"
COUNTRY="UNITED STATES"
PHONE="13176516235"
ALTPHONE="1"
FAX="1"
EMAIL="roepke_angela_p@lilly.com"
ACTIVESTATE="true"
DELETESTATE="false"
UPDATE="true"
PASSWORD="hU67r0VX3wR1p4510"
BEEPER="1"
USERDATEFORMAT="DAY_MONTH_YEAR"
HOMESCREENURL="./Portal/default.htm"
USERMUSTRESETPASSWORD="TRUE"
PRODUCTLOCALE="en-US"
STUDYLOCALE="en-US"/>


<USER  USERNAME="c149176"
USERTYPE="SPONSOR"
FIRSTNAME="Holly"
LASTNAME="Smith"
DISPLAYNAME="Holly Smith"
DESCRIPTION="--Check UMT to ensure credentials have already been sent before resetting password--"
COUNTRY="UNITED STATES"
PHONE="13172776679"
ALTPHONE="1"
FAX="1"
EMAIL="smith_holly_joann@lilly.com"
ACTIVESTATE="true"
DELETESTATE="false"
UPDATE="true"
PASSWORD="uO8s96EsD31iE84756"
BEEPER="1"
USERDATEFORMAT="DAY_MONTH_YEAR"
HOMESCREENURL="./Portal/default.htm"
USERMUSTRESETPASSWORD="TRUE"
PRODUCTLOCALE="en-US"
STUDYLOCALE="en-US"/>


<USER  USERNAME="a701824"
USERTYPE="SPONSOR"
FIRSTNAME="Diego"
LASTNAME="Videira"
DISPLAYNAME="Diego Videira"
DESCRIPTION="--Check UMT to ensure credentials have already been sent before resetting password--"
COUNTRY="BRAZIL"
PHONE="551121446115"
ALTPHONE="55"
FAX="55"
EMAIL="diego.videira@lilly.com"
ACTIVESTATE="true"
DELETESTATE="false"
UPDATE="true"
PASSWORD="vO6J1im67FgT37989"
BEEPER="55"
USERDATEFORMAT="DAY_MONTH_YEAR"
HOMESCREENURL="./Portal/default.htm"
USERMUSTRESETPASSWORD="TRUE"
PRODUCTLOCALE="en-US"
STUDYLOCALE="en-US"/>


<USER  USERNAME="c060736"
USERTYPE="SPONSOR"
FIRSTNAME="Kim"
LASTNAME="Vinciquerra-brock"
DISPLAYNAME="Kim Vinciquerra-brock"
DESCRIPTION="--Check UMT to ensure credentials have already been sent before resetting password--"
COUNTRY="UNITED STATES"
PHONE="13172762809"
ALTPHONE="1"
FAX="1"
EMAIL="vinciguerra-brock_kimberly_sue@lilly.com"
ACTIVESTATE="true"
DELETESTATE="false"
UPDATE="true"
PASSWORD="O9ybG7j46EkK05212"
BEEPER="1"
USERDATEFORMAT="DAY_MONTH_YEAR"
HOMESCREENURL="./Portal/default.htm"
USERMUSTRESETPASSWORD="TRUE"
PRODUCTLOCALE="en-US"
STUDYLOCALE="en-US"/>


<USER  USERNAME="c026390"
USERTYPE="SPONSOR"
FIRSTNAME="Sue"
LASTNAME="Woodring"
DISPLAYNAME="Sue Woodring"
DESCRIPTION="--Check UMT to ensure credentials have already been sent before resetting password--"
COUNTRY="UNITED STATES"
PHONE="13176552039"
ALTPHONE="1"
FAX="1"
EMAIL="woodring_susan_e@lilly.com"
ACTIVESTATE="true"
DELETESTATE="false"
UPDATE="true"
PASSWORD="f5PnH66bY6o5K3051"
BEEPER="1"
USERDATEFORMAT="DAY_MONTH_YEAR"
HOMESCREENURL="./Portal/default.htm"
USERMUSTRESETPASSWORD="TRUE"
PRODUCTLOCALE="en-US"
STUDYLOCALE="en-US"/>


<USER  USERNAME="a608261"
USERTYPE="SPONSOR"
FIRSTNAME="Penny"
LASTNAME="Altman"
DISPLAYNAME="Penny Altman"
DESCRIPTION="--Check UMT to ensure credentials have already been sent before resetting password--"
COUNTRY="UNITED STATES"
PHONE="13176511479"
ALTPHONE="1"
FAX="1"
EMAIL="altman_penny_s@lilly.com"
ACTIVESTATE="true"
DELETESTATE="false"
UPDATE="true"
PASSWORD="xH72wG10wU3F7z3297"
BEEPER="1"
USERDATEFORMAT="DAY_MONTH_YEAR"
HOMESCREENURL="./Portal/default.htm"
USERMUSTRESETPASSWORD="TRUE"
PRODUCTLOCALE="en-US"
STUDYLOCALE="en-US"/>


<USER  USERNAME="c143125"
USERTYPE="SPONSOR"
FIRSTNAME="Brian"
LASTNAME="Dillman"
DISPLAYNAME="Brian Dillman"
DESCRIPTION="--Check UMT to ensure credentials have already been sent before resetting password--"
COUNTRY="UNITED STATES"
PHONE="13174332638"
ALTPHONE="1"
FAX="1"
EMAIL="dillman_brian@lilly.com"
ACTIVESTATE="true"
DELETESTATE="false"
UPDATE="true"
PASSWORD="j26RjP1bV7lB905606"
BEEPER="1"
USERDATEFORMAT="DAY_MONTH_YEAR"
HOMESCREENURL="./Portal/default.htm"
USERMUSTRESETPASSWORD="TRUE"
PRODUCTLOCALE="en-US"
STUDYLOCALE="en-US"/>


<USER  USERNAME="c135748"
USERTYPE="SPONSOR"
FIRSTNAME="Stephanie"
LASTNAME="Horna"
DISPLAYNAME="Stephanie Horna"
DESCRIPTION="--Check UMT to ensure credentials have already been sent before resetting password--"
COUNTRY="UNITED STATES"
PHONE="13172608949"
ALTPHONE="1"
FAX="1"
EMAIL="horna_stephanie_lynne@lilly.com"
ACTIVESTATE="true"
DELETESTATE="false"
UPDATE="true"
PASSWORD="m97NrT9v63ZrL194026"
BEEPER="1"
USERDATEFORMAT="DAY_MONTH_YEAR"
HOMESCREENURL="./Portal/default.htm"
USERMUSTRESETPASSWORD="TRUE"
PRODUCTLOCALE="en-US"
STUDYLOCALE="en-US"/>


<USER  USERNAME="rm36132"
USERTYPE="SPONSOR"
FIRSTNAME="Jan"
LASTNAME="Myers"
DISPLAYNAME="Jan Myers"
DESCRIPTION="--Check UMT to ensure credentials have already been sent before resetting password--"
COUNTRY="UNITED STATES"
PHONE="13172776603"
ALTPHONE="1"
FAX="1"
EMAIL="myers_jan_e@lilly.com"
ACTIVESTATE="true"
DELETESTATE="false"
UPDATE="true"
PASSWORD="bA17w74LmW49A2x6616"
BEEPER="1"
USERDATEFORMAT="DAY_MONTH_YEAR"
HOMESCREENURL="./Portal/default.htm"
USERMUSTRESETPASSWORD="TRUE"
PRODUCTLOCALE="en-US"
STUDYLOCALE="en-US"/>


<USER  USERNAME="a511471"
USERTYPE="SPONSOR"
FIRSTNAME="Janet"
LASTNAME="Roepke"
DISPLAYNAME="Janet Roepke"
DESCRIPTION="--Check UMT to ensure credentials have already been sent before resetting password--"
COUNTRY="UNITED STATES"
PHONE="13172765883"
ALTPHONE="1"
FAX="1"
EMAIL="roepke_janet_elizabeth@lilly.com"
ACTIVESTATE="true"
DELETESTATE="false"
UPDATE="true"
PASSWORD="F0uG9jgM7V6u4148"
BEEPER="1"
USERDATEFORMAT="DAY_MONTH_YEAR"
HOMESCREENURL="./Portal/default.htm"
USERMUSTRESETPASSWORD="TRUE"
PRODUCTLOCALE="en-US"
STUDYLOCALE="en-US"/>


<USER  USERNAME="rm80655"
USERTYPE="SPONSOR"
FIRSTNAME="Michael"
LASTNAME="Zeckel"
DISPLAYNAME="Michael Zeckel"
DESCRIPTION="--Check UMT to ensure credentials have already been sent before resetting password--"
COUNTRY="UNITED STATES"
PHONE="13176515798"
ALTPHONE="1"
FAX="1"
EMAIL="mlzeckel@lilly.com"
ACTIVESTATE="true"
DELETESTATE="false"
UPDATE="true"
PASSWORD="r45UfZ4m6RlM49479"
BEEPER="1"
USERDATEFORMAT="DAY_MONTH_YEAR"
HOMESCREENURL="./Portal/default.htm"
USERMUSTRESETPASSWORD="TRUE"
PRODUCTLOCALE="en-US"
STUDYLOCALE="en-US"/>


<USER  USERNAME="c199642"
USERTYPE="SPONSOR"
FIRSTNAME="Debashis"
LASTNAME="Bhattacharya"
DISPLAYNAME="Debashis Bhattacharya"
DESCRIPTION="--Check UMT to ensure credentials have already been sent before resetting password--"
COUNTRY="UNITED KINGDOM"
PHONE="44441276483397"
ALTPHONE="44"
FAX="44"
EMAIL="bhattacharya_debashis@network.lilly.com"
ACTIVESTATE="true"
DELETESTATE="false"
UPDATE="true"
PASSWORD="yY0cB87t7Tu42E4912"
BEEPER="44"
USERDATEFORMAT="DAY_MONTH_YEAR"
HOMESCREENURL="./Portal/default.htm"
USERMUSTRESETPASSWORD="TRUE"
PRODUCTLOCALE="en-US"
STUDYLOCALE="en-US"/>


<USER  USERNAME="c223292"
USERTYPE="SPONSOR"
FIRSTNAME="Romina"
LASTNAME="Pecora"
DISPLAYNAME="Romina Pecora"
DESCRIPTION="--Check UMT to ensure credentials have already been sent before resetting password--"
COUNTRY="BRAZIL"
PHONE="55551121446700"
ALTPHONE="55"
FAX="55"
EMAIL="r.pecora@lilly.com"
ACTIVESTATE="true"
DELETESTATE="false"
UPDATE="true"
PASSWORD="j56BoC9i2DyM72751"
BEEPER="55"
USERDATEFORMAT="DAY_MONTH_YEAR"
HOMESCREENURL="./Portal/default.htm"
USERMUSTRESETPASSWORD="TRUE"
PRODUCTLOCALE="en-US"
STUDYLOCALE="en-US"/>


<USER  USERNAME="c068502"
USERTYPE="SPONSOR"
FIRSTNAME="Jennifer"
LASTNAME="Huston"
DISPLAYNAME="Jennifer Huston"
DESCRIPTION="--Check UMT to ensure credentials have already been sent before resetting password--"
COUNTRY="UNITED STATES"
PHONE="13176511465"
ALTPHONE="1"
FAX="1"
EMAIL="jhuston@lilly.com"
ACTIVESTATE="true"
DELETESTATE="false"
UPDATE="true"
PASSWORD="aZ10b34Ut3Wp62N6257"
BEEPER="1"
USERDATEFORMAT="DAY_MONTH_YEAR"
HOMESCREENURL="./Portal/default.htm"
USERMUSTRESETPASSWORD="TRUE"
PRODUCTLOCALE="en-US"
STUDYLOCALE="en-US"/>


<USER  USERNAME="u9x8019"
USERTYPE="SPONSOR"
FIRSTNAME="Janet"
LASTNAME="Barnes"
DISPLAYNAME="Janet Barnes"
DESCRIPTION="--Check UMT to ensure credentials have already been sent before resetting password--"
COUNTRY="UNITED STATES"
PHONE="13172776558"
ALTPHONE="1"
FAX="1"
EMAIL="barnes_janet_l@network.lilly.com"
ACTIVESTATE="true"
DELETESTATE="false"
UPDATE="true"
PASSWORD="kD80bI88dE2V3s1997"
BEEPER="1"
USERDATEFORMAT="DAY_MONTH_YEAR"
HOMESCREENURL="./Portal/default.htm"
USERMUSTRESETPASSWORD="TRUE"
PRODUCTLOCALE="en-US"
STUDYLOCALE="en-US"/>


<USER  USERNAME="z2x1499"
USERTYPE="SPONSOR"
FIRSTNAME="Brandt"
LASTNAME="Parker"
DISPLAYNAME="Brandt Parker"
DESCRIPTION="--Check UMT to ensure credentials have already been sent before resetting password--"
COUNTRY="UNITED STATES"
PHONE="13035132663"
ALTPHONE="1"
FAX="1"
EMAIL="brandt.parker@quintiles.com"
ACTIVESTATE="true"
DELETESTATE="false"
UPDATE="true"
PASSWORD="s5Rx6Sg0DM0s9119"
BEEPER="1"
USERDATEFORMAT="DAY_MONTH_YEAR"
HOMESCREENURL="./Portal/default.htm"
USERMUSTRESETPASSWORD="TRUE"
PRODUCTLOCALE="en-US"
STUDYLOCALE="en-US"/>


<USER  USERNAME="swchen"
USERTYPE="SITE"
FIRSTNAME="Shang Wen"
LASTNAME="Chen"
DISPLAYNAME="Shang Wen Chen"
DESCRIPTION="--Check UMT to ensure credentials have already been sent before resetting password--"
COUNTRY="TAIWAN"
PHONE="8868.86662e+010"
ALTPHONE="886"
FAX="886"
EMAIL="saintwin.chen@gmail.com"
ACTIVESTATE="true"
DELETESTATE="false"
UPDATE="true"
PASSWORD="zH60pK98e0WrU87857"
BEEPER="886"
USERDATEFORMAT="DAY_MONTH_YEAR"
HOMESCREENURL="./Portal/default.htm"
USERMUSTRESETPASSWORD="TRUE"
PRODUCTLOCALE="en-US"
STUDYLOCALE="en-US"/>


<USER  USERNAME="nhuang"
USERTYPE="SITE"
FIRSTNAME="Nana"
LASTNAME="Huang"
DISPLAYNAME="Nana Huang"
DESCRIPTION="--Check UMT to ensure credentials have already been sent before resetting password--"
COUNTRY="TAIWAN"
PHONE="886"
ALTPHONE="886"
FAX="886"
EMAIL="chingna49@gmail.com"
ACTIVESTATE="true"
DELETESTATE="false"
UPDATE="true"
PASSWORD="n89Is5ZnP0fG26018"
BEEPER="886"
USERDATEFORMAT="DAY_MONTH_YEAR"
HOMESCREENURL="./Portal/default.htm"
USERMUSTRESETPASSWORD="TRUE"
PRODUCTLOCALE="en-US"
STUDYLOCALE="en-US"/>


<USER  USERNAME="pylin"
USERTYPE="SITE"
FIRSTNAME="Enoch"
LASTNAME="Lin"
DISPLAYNAME="Enoch Lin"
DESCRIPTION="--Check UMT to ensure credentials have already been sent before resetting password--"
COUNTRY="TAIWAN"
PHONE="8868.86288e+011"
ALTPHONE="886"
FAX="886"
EMAIL="rook.soraya@gmail.com"
ACTIVESTATE="true"
DELETESTATE="false"
UPDATE="true"
PASSWORD="jH30a11HnA5aL32116"
BEEPER="886"
USERDATEFORMAT="DAY_MONTH_YEAR"
HOMESCREENURL="./Portal/default.htm"
USERMUSTRESETPASSWORD="TRUE"
PRODUCTLOCALE="en-US"
STUDYLOCALE="en-US"/>


<USER  USERNAME="aragazzini"
USERTYPE="SITE"
FIRSTNAME="Angela"
LASTNAME="Ragazzini"
DISPLAYNAME="Angela Ragazzini"
DESCRIPTION="--Check UMT to ensure credentials have already been sent before resetting password--"
COUNTRY="ITALY"
PHONE="393.90544e+011"
ALTPHONE="39"
FAX="39"
EMAIL="angela.ragazzini@irst.emr.it"
ACTIVESTATE="true"
DELETESTATE="false"
UPDATE="true"
PASSWORD="x0ZQ2oe65OmX75276"
BEEPER="39"
USERDATEFORMAT="DAY_MONTH_YEAR"
HOMESCREENURL="./Portal/default.htm"
USERMUSTRESETPASSWORD="TRUE"
PRODUCTLOCALE="en-US"
STUDYLOCALE="en-US"/>


<USER  USERNAME="mgarassino"
USERTYPE="SITE"
FIRSTNAME="Marina"
LASTNAME="Garassino"
DISPLAYNAME="Marina Garassino"
DESCRIPTION="--Check UMT to ensure credentials have already been sent before resetting password--"
COUNTRY="ITALY"
PHONE="393.93929e+011"
ALTPHONE="39"
FAX="39"
EMAIL="garassino.studiclinici@istitutotumori.mi.it"
ACTIVESTATE="true"
DELETESTATE="false"
UPDATE="true"
PASSWORD="pN8pF32w4RxK278336"
BEEPER="39"
USERDATEFORMAT="DAY_MONTH_YEAR"
HOMESCREENURL="./Portal/default.htm"
USERMUSTRESETPASSWORD="TRUE"
PRODUCTLOCALE="en-US"
STUDYLOCALE="en-US"/>


<USER  USERNAME="hwildiers"
USERTYPE="SITE"
FIRSTNAME="Hans"
LASTNAME="Wildiers"
DISPLAYNAME="Hans Wildiers"
DESCRIPTION="--Check UMT to ensure credentials have already been sent before resetting password--"
COUNTRY="BELGIUM"
PHONE="323.21635e+009"
ALTPHONE="32"
FAX="32"
EMAIL="hans.wildiers@uzleuven.be"
ACTIVESTATE="true"
DELETESTATE="false"
UPDATE="true"
PASSWORD="aI1kJ5hN33gK525270"
BEEPER="32"
USERDATEFORMAT="DAY_MONTH_YEAR"
HOMESCREENURL="./Portal/default.htm"
USERMUSTRESETPASSWORD="TRUE"
PRODUCTLOCALE="en-US"
STUDYLOCALE="en-US"/>


<USER  USERNAME="rlembrechts"
USERTYPE="SITE"
FIRSTNAME="Robrecht"
LASTNAME="Lembrechts"
DISPLAYNAME="Robrecht Lembrechts"
DESCRIPTION="--Check UMT to ensure credentials have already been sent before resetting password--"
COUNTRY="BELGIUM"
PHONE="323.23822e+009"
ALTPHONE="32"
FAX="32"
EMAIL="robrecht.lembrechts@uza.be"
ACTIVESTATE="true"
DELETESTATE="false"
UPDATE="true"
PASSWORD="wI5q41CfG0tJ08825"
BEEPER="32"
USERDATEFORMAT="DAY_MONTH_YEAR"
HOMESCREENURL="./Portal/default.htm"
USERMUSTRESETPASSWORD="TRUE"
PRODUCTLOCALE="en-US"
STUDYLOCALE="en-US"/>


<USER  USERNAME="vloo"
USERTYPE="SITE"
FIRSTNAME="Véronique"
LASTNAME="Loo"
DISPLAYNAME="Veronique Loo"
DESCRIPTION="--Check UMT to ensure credentials have already been sent before resetting password--"
COUNTRY="BELGIUM"
PHONE="32324367009"
ALTPHONE="32"
FAX="32"
EMAIL="veronique.loo@chu.ulg.ac.be"
ACTIVESTATE="true"
DELETESTATE="false"
UPDATE="true"
PASSWORD="U5bmT6A9uk4C3962"
BEEPER="32"
USERDATEFORMAT="DAY_MONTH_YEAR"
HOMESCREENURL="./Portal/default.htm"
USERMUSTRESETPASSWORD="TRUE"
PRODUCTLOCALE="en-US"
STUDYLOCALE="en-US"/>


<USER  USERNAME="dkontas"
USERTYPE="SITE"
FIRSTNAME="Damla"
LASTNAME="Kontas"
DISPLAYNAME="Damla Kontas"
DESCRIPTION="--Check UMT to ensure credentials have already been sent before resetting password--"
COUNTRY="TURKEY"
PHONE="90905345011"
ALTPHONE="90"
FAX="90"
EMAIL="damla.kontas@altis.org"
ACTIVESTATE="true"
DELETESTATE="false"
UPDATE="true"
PASSWORD="gR0dM5gX58tK597553"
BEEPER="90"
USERDATEFORMAT="DAY_MONTH_YEAR"
HOMESCREENURL="./Portal/default.htm"
USERMUSTRESETPASSWORD="TRUE"
PRODUCTLOCALE="en-US"
STUDYLOCALE="en-US"/>


<USER  USERNAME="sdikici"
USERTYPE="SITE"
FIRSTNAME="Dikici"
LASTNAME="Serife"
DISPLAYNAME="Dikici Serife"
DESCRIPTION="--Check UMT to ensure credentials have already been sent before resetting password--"
COUNTRY="TURKEY"
PHONE="90905078011"
ALTPHONE="90"
FAX="90"
EMAIL="serife.bilal@medismart.com.tr"
ACTIVESTATE="true"
DELETESTATE="false"
UPDATE="true"
PASSWORD="dL72yL9F0bD0r8120"
BEEPER="90"
USERDATEFORMAT="DAY_MONTH_YEAR"
HOMESCREENURL="./Portal/default.htm"
USERMUSTRESETPASSWORD="TRUE"
PRODUCTLOCALE="en-US"
STUDYLOCALE="en-US"/>


<USER  USERNAME="ademirkan"
USERTYPE="SITE"
FIRSTNAME="Ali"
LASTNAME="Demirkan"
DISPLAYNAME="Ali Demirkan"
DESCRIPTION="--Check UMT to ensure credentials have already been sent before resetting password--"
COUNTRY="TURKEY"
PHONE="909.05526e+011"
ALTPHONE="90"
FAX="90"
EMAIL="ali.demirkan@altis.org"
ACTIVESTATE="true"
DELETESTATE="false"
UPDATE="true"
PASSWORD="kL3hV89rD1aW1851"
BEEPER="90"
USERDATEFORMAT="DAY_MONTH_YEAR"
HOMESCREENURL="./Portal/default.htm"
USERMUSTRESETPASSWORD="TRUE"
PRODUCTLOCALE="en-US"
STUDYLOCALE="en-US"/>


<USER  USERNAME="nlomlu"
USERTYPE="SITE"
FIRSTNAME="Nur"
LASTNAME="Lomlu"
DISPLAYNAME="Nur Lomlu"
DESCRIPTION="--Check UMT to ensure credentials have already been sent before resetting password--"
COUNTRY="TURKEY"
PHONE="909.05058e+011"
ALTPHONE="90"
FAX="90"
EMAIL="nurlomlu@gmail.com"
ACTIVESTATE="true"
DELETESTATE="false"
UPDATE="true"
PASSWORD="y1PmR3C4bx24F4133"
BEEPER="90"
USERDATEFORMAT="DAY_MONTH_YEAR"
HOMESCREENURL="./Portal/default.htm"
USERMUSTRESETPASSWORD="TRUE"
PRODUCTLOCALE="en-US"
STUDYLOCALE="en-US"/>


<USER  USERNAME="oflohic"
USERTYPE="SITE"
FIRSTNAME="Odile"
LASTNAME="Flohic"
DISPLAYNAME="Odile Flohic"
DESCRIPTION="--Check UMT to ensure credentials have already been sent before resetting password--"
COUNTRY="FRANCE"
PHONE="333.34673e+010"
ALTPHONE="33"
FAX="33"
EMAIL="o.flohic@languedoc-mutualite.fr"
ACTIVESTATE="true"
DELETESTATE="false"
UPDATE="true"
PASSWORD="kD25pZ72l95Lg3H9170"
BEEPER="33"
USERDATEFORMAT="DAY_MONTH_YEAR"
HOMESCREENURL="./Portal/default.htm"
USERMUSTRESETPASSWORD="TRUE"
PRODUCTLOCALE="en-US"
STUDYLOCALE="en-US"/>


<USER  USERNAME="jmazieres"
USERTYPE="SITE"
FIRSTNAME="Julien"
LASTNAME="Mazieres"
DISPLAYNAME="Julien Mazieres"
DESCRIPTION="--Check UMT to ensure credentials have already been sent before resetting password--"
COUNTRY="FRANCE"
PHONE="333.35678e+010"
ALTPHONE="33"
FAX="33"
EMAIL="mazieres.j@chu-toulouse.fr"
ACTIVESTATE="true"
DELETESTATE="false"
UPDATE="true"
PASSWORD="cG2dT28vQ3X3g454"
BEEPER="33"
USERDATEFORMAT="DAY_MONTH_YEAR"
HOMESCREENURL="./Portal/default.htm"
USERMUSTRESETPASSWORD="TRUE"
PRODUCTLOCALE="en-US"
STUDYLOCALE="en-US"/>


<USER  USERNAME="jkelly"
USERTYPE="SITE"
FIRSTNAME="Jill"
LASTNAME="Kelly"
DISPLAYNAME="Jill Kelly"
DESCRIPTION="--Check UMT to ensure credentials have already been sent before resetting password--"
COUNTRY="UNITED STATES"
PHONE="16.17632e+009"
ALTPHONE="1"
FAX="1"
EMAIL="jkelly26@partners.org"
ACTIVESTATE="true"
DELETESTATE="false"
UPDATE="true"
PASSWORD="u4DoA86h63Wv5B9032"
BEEPER="1"
USERDATEFORMAT="DAY_MONTH_YEAR"
HOMESCREENURL="./Portal/default.htm"
USERMUSTRESETPASSWORD="TRUE"
PRODUCTLOCALE="en-US"
STUDYLOCALE="en-US"/>


<USER  USERNAME="tcolvin"
USERTYPE="SITE"
FIRSTNAME="Tiffany"
LASTNAME="Colvin"
DISPLAYNAME="Tiffany Colvin"
DESCRIPTION="--Check UMT to ensure credentials have already been sent before resetting password--"
COUNTRY="UNITED STATES"
PHONE="17.20848e+009"
ALTPHONE="1"
FAX="1"
EMAIL="tiffany.colvin@ucdenver.edu"
ACTIVESTATE="true"
DELETESTATE="false"
UPDATE="true"
PASSWORD="xM5K9juM53qS69908"
BEEPER="1"
USERDATEFORMAT="DAY_MONTH_YEAR"
HOMESCREENURL="./Portal/default.htm"
USERMUSTRESETPASSWORD="TRUE"
PRODUCTLOCALE="en-US"
STUDYLOCALE="en-US"/>


<USER  USERNAME="acalles"
USERTYPE="SITE"
FIRSTNAME="Antonio"
LASTNAME="Calles"
DISPLAYNAME="Antonio Calles"
DESCRIPTION="--Check UMT to ensure credentials have already been sent before resetting password--"
COUNTRY="SPAIN"
PHONE="343.49176e+010"
ALTPHONE="34"
FAX="34"
EMAIL="antoniocalles@hospitaldemadrid.com"
ACTIVESTATE="true"
DELETESTATE="false"
UPDATE="true"
PASSWORD="f22JoF6s97IpE69551"
BEEPER="34"
USERDATEFORMAT="DAY_MONTH_YEAR"
HOMESCREENURL="./Portal/default.htm"
USERMUSTRESETPASSWORD="TRUE"
PRODUCTLOCALE="en-US"
STUDYLOCALE="en-US"/>


<USER  USERNAME="lpazares"
USERTYPE="SITE"
FIRSTNAME="Luis"
LASTNAME="Paz-Ares"
DISPLAYNAME="Luis Paz-Ares"
DESCRIPTION="--Check UMT to ensure credentials have already been sent before resetting password--"
COUNTRY="SPAIN"
PHONE="343.49139e+010"
ALTPHONE="34"
FAX="34"
EMAIL="lpazares@hotmail.com"
ACTIVESTATE="true"
DELETESTATE="false"
UPDATE="true"
PASSWORD="xM3vY5zB50oG13242"
BEEPER="34"
USERDATEFORMAT="DAY_MONTH_YEAR"
HOMESCREENURL="./Portal/default.htm"
USERMUSTRESETPASSWORD="TRUE"
PRODUCTLOCALE="en-US"
STUDYLOCALE="en-US"/>


<USER  USERNAME="mpsoriano"
USERTYPE="SITE"
FIRSTNAME="Ma Paz"
LASTNAME="Soriano"
DISPLAYNAME="Ma Paz Soriano"
DESCRIPTION="--Check UMT to ensure credentials have already been sent before resetting password--"
COUNTRY="SPAIN"
PHONE="343.49139e+010"
ALTPHONE="34"
FAX="34"
EMAIL="maripaz.soriano.h12o@gmail.com"
ACTIVESTATE="true"
DELETESTATE="false"
UPDATE="true"
PASSWORD="A6xsJ68fS16y4R2577"
BEEPER="34"
USERDATEFORMAT="DAY_MONTH_YEAR"
HOMESCREENURL="./Portal/default.htm"
USERMUSTRESETPASSWORD="TRUE"
PRODUCTLOCALE="en-US"
STUDYLOCALE="en-US"/>


<USER  USERNAME="sgonzalez"
USERTYPE="SITE"
FIRSTNAME="Santiago"
LASTNAME="Gonzalez"
DISPLAYNAME="Santiago Gonzalez"
DESCRIPTION="--Check UMT to ensure credentials have already been sent before resetting password--"
COUNTRY="SPAIN"
PHONE="343.49276e+010"
ALTPHONE="34"
FAX="34"
EMAIL="santigsanti@gmail.com"
ACTIVESTATE="true"
DELETESTATE="false"
UPDATE="true"
PASSWORD="tV5rB60cU3fD236167"
BEEPER="34"
USERDATEFORMAT="DAY_MONTH_YEAR"
HOMESCREENURL="./Portal/default.htm"
USERMUSTRESETPASSWORD="TRUE"
PRODUCTLOCALE="en-US"
STUDYLOCALE="en-US"/>


<USER  USERNAME="rblanco"
USERTYPE="SITE"
FIRSTNAME="Rocio"
LASTNAME="Blanco"
DISPLAYNAME="Rocio Blanco"
DESCRIPTION="--Check UMT to ensure credentials have already been sent before resetting password--"
COUNTRY="SPAIN"
PHONE="3434917567984"
ALTPHONE="34"
FAX="34"
EMAIL="rblanco@hmhospitales.com"
ACTIVESTATE="true"
DELETESTATE="false"
UPDATE="true"
PASSWORD="cO42sK4a26BzP255810"
BEEPER="34"
USERDATEFORMAT="DAY_MONTH_YEAR"
HOMESCREENURL="./Portal/default.htm"
USERMUSTRESETPASSWORD="TRUE"
PRODUCTLOCALE="en-US"
STUDYLOCALE="en-US"/>


<USER  USERNAME="c068505"
USERTYPE="SPONSOR"
FIRSTNAME="Sherri"
LASTNAME="Kinnee"
DISPLAYNAME="Sherri Kinnee"
DESCRIPTION="--Check UMT to ensure credentials have already been sent before resetting password--"
COUNTRY="UNITED STATES"
PHONE="13176517706"
ALTPHONE="1"
FAX="1"
EMAIL="kinnee_sherri_d@lilly.com"
ACTIVESTATE="true"
DELETESTATE="false"
UPDATE="true"
PASSWORD="oT39xO3rM60g6K132"
BEEPER="1"
USERDATEFORMAT="DAY_MONTH_YEAR"
HOMESCREENURL="./Portal/default.htm"
USERMUSTRESETPASSWORD="TRUE"
PRODUCTLOCALE="en-US"
STUDYLOCALE="en-US"/>


<USER  USERNAME="c149066"
USERTYPE="SPONSOR"
FIRSTNAME="Yang"
LASTNAME="Liu"
DISPLAYNAME="Yang Liu"
DESCRIPTION="--Check UMT to ensure credentials have already been sent before resetting password--"
COUNTRY="UNITED STATES"
PHONE="13172777362"
ALTPHONE="1"
FAX="1"
EMAIL="liu_yang@lilly.com"
ACTIVESTATE="true"
DELETESTATE="false"
UPDATE="true"
PASSWORD="zX19yO40f43Vs3O5771"
BEEPER="1"
USERDATEFORMAT="DAY_MONTH_YEAR"
HOMESCREENURL="./Portal/default.htm"
USERMUSTRESETPASSWORD="TRUE"
PRODUCTLOCALE="en-US"
STUDYLOCALE="en-US"/>


<USER  USERNAME="c021984"
USERTYPE="SPONSOR"
FIRSTNAME="Kira"
LASTNAME="Miles"
DISPLAYNAME="Kira Miles"
DESCRIPTION="--Check UMT to ensure credentials have already been sent before resetting password--"
COUNTRY="UNITED STATES"
PHONE="13172772189"
ALTPHONE="1"
FAX="1"
EMAIL="miles_kira_d@lilly.com"
ACTIVESTATE="true"
DELETESTATE="false"
UPDATE="true"
PASSWORD="iN3nO3q89Fw30Z3611"
BEEPER="1"
USERDATEFORMAT="DAY_MONTH_YEAR"
HOMESCREENURL="./Portal/default.htm"
USERMUSTRESETPASSWORD="TRUE"
PRODUCTLOCALE="en-US"
STUDYLOCALE="en-US"/>


<USER  USERNAME="rm35504"
USERTYPE="SPONSOR"
FIRSTNAME="Rebecca"
LASTNAME="Morrow"
DISPLAYNAME="Rebecca Morrow"
DESCRIPTION="--Check UMT to ensure credentials have already been sent before resetting password--"
COUNTRY="UNITED STATES"
PHONE="13174333391"
ALTPHONE="1"
FAX="1"
EMAIL="morrow_rebecca_j@lilly.com"
ACTIVESTATE="true"
DELETESTATE="false"
UPDATE="true"
PASSWORD="j14Jb59Gy36PzJ41450"
BEEPER="1"
USERDATEFORMAT="DAY_MONTH_YEAR"
HOMESCREENURL="./Portal/default.htm"
USERMUSTRESETPASSWORD="TRUE"
PRODUCTLOCALE="en-US"
STUDYLOCALE="en-US"/>


<USER  USERNAME="ye91098"
USERTYPE="SPONSOR"
FIRSTNAME="Kennie"
LASTNAME="Ogunnaike"
DISPLAYNAME="Kennie Ogunnaike"
DESCRIPTION="--Check UMT to ensure credentials have already been sent before resetting password--"
COUNTRY="UNITED KINGDOM"
PHONE="444401276483788"
ALTPHONE="44"
FAX="44"
EMAIL="ogunnaike_kennie@lilly.com"
ACTIVESTATE="true"
DELETESTATE="false"
UPDATE="true"
PASSWORD="z8NkQ26o83ZwK839188"
BEEPER="44"
USERDATEFORMAT="DAY_MONTH_YEAR"
HOMESCREENURL="./Portal/default.htm"
USERMUSTRESETPASSWORD="TRUE"
PRODUCTLOCALE="en-US"
STUDYLOCALE="en-US"/>


<USER  USERNAME="v6x8356"
USERTYPE="SPONSOR"
FIRSTNAME="Cody"
LASTNAME="Pickens"
DISPLAYNAME="Cody Pickens"
DESCRIPTION="--Check UMT to ensure credentials have already been sent before resetting password--"
COUNTRY="UNITED STATES"
PHONE="13174339037"
ALTPHONE="1"
FAX="1"
EMAIL="pickens_cody_m@lilly.com"
ACTIVESTATE="true"
DELETESTATE="false"
UPDATE="true"
PASSWORD="bQ54u5TkN1yU629090"
BEEPER="1"
USERDATEFORMAT="DAY_MONTH_YEAR"
HOMESCREENURL="./Portal/default.htm"
USERMUSTRESETPASSWORD="TRUE"
PRODUCTLOCALE="en-US"
STUDYLOCALE="en-US"/>


<USER  USERNAME="c025980"
USERTYPE="SPONSOR"
FIRSTNAME="Tamara"
LASTNAME="Risner"
DISPLAYNAME="Tamara Risner"
DESCRIPTION="--Check UMT to ensure credentials have already been sent before resetting password--"
COUNTRY="UNITED STATES"
PHONE="13174339682"
ALTPHONE="1"
FAX="1"
EMAIL="risner_tamara_k@lilly.com"
ACTIVESTATE="true"
DELETESTATE="false"
UPDATE="true"
PASSWORD="qB29u90ReF0dQ129645"
BEEPER="1"
USERDATEFORMAT="DAY_MONTH_YEAR"
HOMESCREENURL="./Portal/default.htm"
USERMUSTRESETPASSWORD="TRUE"
PRODUCTLOCALE="en-US"
STUDYLOCALE="en-US"/>


<USER  USERNAME="c137396"
USERTYPE="SPONSOR"
FIRSTNAME="Ana Paula"
LASTNAME="Rondino"
DISPLAYNAME="Ana Paula Rondino"
DESCRIPTION="--Check UMT to ensure credentials have already been sent before resetting password--"
COUNTRY="BRAZIL"
PHONE="55551121445079"
ALTPHONE="55"
FAX="55"
EMAIL="rondino_ana_paula@lilly.com"
ACTIVESTATE="true"
DELETESTATE="false"
UPDATE="true"
PASSWORD="P3hd3CsP6k19C4461"
BEEPER="55"
USERDATEFORMAT="DAY_MONTH_YEAR"
HOMESCREENURL="./Portal/default.htm"
USERMUSTRESETPASSWORD="TRUE"
PRODUCTLOCALE="en-US"
STUDYLOCALE="en-US"/>


<USER  USERNAME="c075541"
USERTYPE="SPONSOR"
FIRSTNAME="Sara"
LASTNAME="Vandermark"
DISPLAYNAME="Sara Vandermark"
DESCRIPTION="--Check UMT to ensure credentials have already been sent before resetting password--"
COUNTRY="UNITED STATES"
PHONE="13176553465"
ALTPHONE="1"
FAX="1"
EMAIL="Vandermark_Sara@lilly.com"
ACTIVESTATE="true"
DELETESTATE="false"
UPDATE="true"
PASSWORD="y80VU1xeR79sE27422"
BEEPER="1"
USERDATEFORMAT="DAY_MONTH_YEAR"
HOMESCREENURL="./Portal/default.htm"
USERMUSTRESETPASSWORD="TRUE"
PRODUCTLOCALE="en-US"
STUDYLOCALE="en-US"/>


<USER  USERNAME="c074429"
USERTYPE="SPONSOR"
FIRSTNAME="Ivanil"
LASTNAME="Viera"
DISPLAYNAME="Ivanil Viera"
DESCRIPTION="--Check UMT to ensure credentials have already been sent before resetting password--"
COUNTRY="BRAZIL"
PHONE="55551121446039"
ALTPHONE="55"
FAX="55"
EMAIL="vieira_ivanil@lilly.com"
ACTIVESTATE="true"
DELETESTATE="false"
UPDATE="true"
PASSWORD="vH0tC0cT85n11Y2854"
BEEPER="55"
USERDATEFORMAT="DAY_MONTH_YEAR"
HOMESCREENURL="./Portal/default.htm"
USERMUSTRESETPASSWORD="TRUE"
PRODUCTLOCALE="en-US"
STUDYLOCALE="en-US"/>


<USER  USERNAME="c026393"
USERTYPE="SPONSOR"
FIRSTNAME="Lee Ann"
LASTNAME="Wininger"
DISPLAYNAME="Lee Ann Wininger"
DESCRIPTION="--Check UMT to ensure credentials have already been sent before resetting password--"
COUNTRY="UNITED STATES"
PHONE="13176513238"
ALTPHONE="1"
FAX="1"
EMAIL="Wininger_Lee_Ann@lilly.com"
ACTIVESTATE="true"
DELETESTATE="false"
UPDATE="true"
PASSWORD="tC58uH0n1SaJ437878"
BEEPER="1"
USERDATEFORMAT="DAY_MONTH_YEAR"
HOMESCREENURL="./Portal/default.htm"
USERMUSTRESETPASSWORD="TRUE"
PRODUCTLOCALE="en-US"
STUDYLOCALE="en-US"/>


<USER  USERNAME="a608760"
USERTYPE="SPONSOR"
FIRSTNAME="Sharon"
LASTNAME="Wright"
DISPLAYNAME="Sharon Wright"
DESCRIPTION="--Check UMT to ensure credentials have already been sent before resetting password--"
COUNTRY="UNITED STATES"
PHONE="13174338381"
ALTPHONE="1"
FAX="1"
EMAIL="wright_sharon@lilly.com"
ACTIVESTATE="true"
DELETESTATE="false"
UPDATE="true"
PASSWORD="l5LaO80R9prA175101"
BEEPER="1"
USERDATEFORMAT="DAY_MONTH_YEAR"
HOMESCREENURL="./Portal/default.htm"
USERMUSTRESETPASSWORD="TRUE"
PRODUCTLOCALE="en-US"
STUDYLOCALE="en-US"/>


<USER  USERNAME="c058698"
USERTYPE="SPONSOR"
FIRSTNAME="Michele"
LASTNAME="Brady"
DISPLAYNAME="Michele Brady"
DESCRIPTION="--Check UMT to ensure credentials have already been sent before resetting password--"
COUNTRY="UNITED STATES"
PHONE="13176512411"
ALTPHONE="1"
FAX="1"
EMAIL="brady_michelle_l@lilly.com"
ACTIVESTATE="true"
DELETESTATE="false"
UPDATE="true"
PASSWORD="zN8h28GA4luP885963"
BEEPER="1"
USERDATEFORMAT="DAY_MONTH_YEAR"
HOMESCREENURL="./Portal/default.htm"
USERMUSTRESETPASSWORD="TRUE"
PRODUCTLOCALE="en-US"
STUDYLOCALE="en-US"/>


<USER  USERNAME="u7x2510"
USERTYPE="SPONSOR"
FIRSTNAME="Blaine"
LASTNAME="Farley"
DISPLAYNAME="Blaine Farley"
DESCRIPTION="--Check UMT to ensure credentials have already been sent before resetting password--"
COUNTRY="UNITED STATES"
PHONE="13176276284"
ALTPHONE="1"
FAX="1"
EMAIL="farley_blaine@network.lilly.com"
ACTIVESTATE="true"
DELETESTATE="false"
UPDATE="true"
PASSWORD="bJ78qS9Y1iw0Q5865"
BEEPER="1"
USERDATEFORMAT="DAY_MONTH_YEAR"
HOMESCREENURL="./Portal/default.htm"
USERMUSTRESETPASSWORD="TRUE"
PRODUCTLOCALE="en-US"
STUDYLOCALE="en-US"/>


<USER  USERNAME="jeales"
USERTYPE="SITE"
FIRSTNAME="Jose Enrique"
LASTNAME="Ales"
DISPLAYNAME="Jose Enrique Ales"
DESCRIPTION="--Check UMT to ensure credentials have already been sent before resetting password--"
COUNTRY="SPAIN"
PHONE="343.49139e+010"
ALTPHONE="34"
FAX="34"
EMAIL="jeales@saludcastillayleon.es"
ACTIVESTATE="true"
DELETESTATE="false"
UPDATE="true"
PASSWORD="A6kvZ9xZ63U4s1105"
BEEPER="34"
USERDATEFORMAT="DAY_MONTH_YEAR"
HOMESCREENURL="./Portal/default.htm"
USERMUSTRESETPASSWORD="TRUE"
PRODUCTLOCALE="en-US"
STUDYLOCALE="en-US"/>


<USER  USERNAME="cclin"
USERTYPE="SITE"
FIRSTNAME="Chia-Chi"
LASTNAME="Lin"
DISPLAYNAME="Chia-Chi Lin"
DESCRIPTION="--Check UMT to ensure credentials have already been sent before resetting password--"
COUNTRY="TAIWAN"
PHONE="886"
ALTPHONE="886"
FAX="886"
EMAIL="cclin1@ntu.edu.tw"
ACTIVESTATE="true"
DELETESTATE="false"
UPDATE="true"
PASSWORD="rM0i13HlU56hD758857"
BEEPER="886"
USERDATEFORMAT="DAY_MONTH_YEAR"
HOMESCREENURL="./Portal/default.htm"
USERMUSTRESETPASSWORD="TRUE"
PRODUCTLOCALE="en-US"
STUDYLOCALE="en-US"/>


<USER  USERNAME="tyichao"
USERTYPE="SITE"
FIRSTNAME="Tsu-Yi"
LASTNAME="Chao"
DISPLAYNAME="Tsu-Yi Chao"
DESCRIPTION="--Check UMT to ensure credentials have already been sent before resetting password--"
COUNTRY="TAIWAN"
PHONE="886"
ALTPHONE="886"
FAX="886"
EMAIL="10575@s.tmu.edu.tw"
ACTIVESTATE="true"
DELETESTATE="false"
UPDATE="true"
PASSWORD="P3qnD72eU0Q8i9424"
BEEPER="886"
USERDATEFORMAT="DAY_MONTH_YEAR"
HOMESCREENURL="./Portal/default.htm"
USERMUSTRESETPASSWORD="TRUE"
PRODUCTLOCALE="en-US"
STUDYLOCALE="en-US"/>


<USER  USERNAME="abrissa"
USERTYPE="SITE"
FIRSTNAME="Angela"
LASTNAME="Brissa"
DISPLAYNAME="Angela Brissa"
DESCRIPTION="--Check UMT to ensure credentials have already been sent before resetting password--"
COUNTRY="ITALY"
PHONE="393.92239e+010"
ALTPHONE="39"
FAX="39"
EMAIL="Angela.Brissa@istitutotumori.mi.it"
ACTIVESTATE="true"
DELETESTATE="false"
UPDATE="true"
PASSWORD="F6snM6O5vzM16769"
BEEPER="39"
USERDATEFORMAT="DAY_MONTH_YEAR"
HOMESCREENURL="./Portal/default.htm"
USERMUSTRESETPASSWORD="TRUE"
PRODUCTLOCALE="en-US"
STUDYLOCALE="en-US"/>


<USER  USERNAME="cfugazza"
USERTYPE="SITE"
FIRSTNAME="Clara"
LASTNAME="Fugazza"
DISPLAYNAME="Clara Fugazza"
DESCRIPTION="--Check UMT to ensure credentials have already been sent before resetting password--"
COUNTRY="ITALY"
PHONE="393.90226e+011"
ALTPHONE="39"
FAX="39"
EMAIL="fugazza.clara@hsr.it"
ACTIVESTATE="true"
DELETESTATE="false"
UPDATE="true"
PASSWORD="zB75I6sdQ2r3H8225"
BEEPER="39"
USERDATEFORMAT="DAY_MONTH_YEAR"
HOMESCREENURL="./Portal/default.htm"
USERMUSTRESETPASSWORD="TRUE"
PRODUCTLOCALE="en-US"
STUDYLOCALE="en-US"/>


<USER  USERNAME="jvansteenkiste"
USERTYPE="SITE"
FIRSTNAME="Johan"
LASTNAME="Vansteenkiste"
DISPLAYNAME="Johan Vansteenkiste"
DESCRIPTION="--Check UMT to ensure credentials have already been sent before resetting password--"
COUNTRY="BELGIUM"
PHONE="323.21635e+009"
ALTPHONE="32"
FAX="32"
EMAIL="johan.vansteenkiste@uzleuven.be"
ACTIVESTATE="true"
DELETESTATE="false"
UPDATE="true"
PASSWORD="fM1r55MeM6n1M2877"
BEEPER="32"
USERDATEFORMAT="DAY_MONTH_YEAR"
HOMESCREENURL="./Portal/default.htm"
USERMUSTRESETPASSWORD="TRUE"
PRODUCTLOCALE="en-US"
STUDYLOCALE="en-US"/>


<USER  USERNAME="crolfo"
USERTYPE="SITE"
FIRSTNAME="Christian"
LASTNAME="Rolfo"
DISPLAYNAME="Christian Rolfo"
DESCRIPTION="--Check UMT to ensure credentials have already been sent before resetting password--"
COUNTRY="BELGIUM"
PHONE="323.23821e+009"
ALTPHONE="32"
FAX="32"
EMAIL="christian.rolfo@uza.be"
ACTIVESTATE="true"
DELETESTATE="false"
UPDATE="true"
PASSWORD="z66UjL9W6qpH174641"
BEEPER="32"
USERDATEFORMAT="DAY_MONTH_YEAR"
HOMESCREENURL="./Portal/default.htm"
USERMUSTRESETPASSWORD="TRUE"
PRODUCTLOCALE="en-US"
STUDYLOCALE="en-US"/>


<USER  USERNAME="gjerusalem"
USERTYPE="SITE"
FIRSTNAME="Guy"
LASTNAME="Jerusalem"
DISPLAYNAME="Guy Jerusalem"
DESCRIPTION="--Check UMT to ensure credentials have already been sent before resetting password--"
COUNTRY="BELGIUM"
PHONE="323.24367e+009"
ALTPHONE="32"
FAX="32"
EMAIL="G.Jerusalem@chu.ulg.ac.be"
ACTIVESTATE="true"
DELETESTATE="false"
UPDATE="true"
PASSWORD="yL6uL30jO8y85E5208"
BEEPER="32"
USERDATEFORMAT="DAY_MONTH_YEAR"
HOMESCREENURL="./Portal/default.htm"
USERMUSTRESETPASSWORD="TRUE"
PRODUCTLOCALE="en-US"
STUDYLOCALE="en-US"/>


<USER  USERNAME="mozguroglu"
USERTYPE="SITE"
FIRSTNAME="Mustafa"
LASTNAME="Ozguroglu"
DISPLAYNAME="Mustafa Ozguroglu"
DESCRIPTION="--Check UMT to ensure credentials have already been sent before resetting password--"
COUNTRY="TURKEY"
PHONE="909.05324e+011"
ALTPHONE="90"
FAX="90"
EMAIL="ozguroglu@gmail.com"
ACTIVESTATE="true"
DELETESTATE="false"
UPDATE="true"
PASSWORD="k55Cc8Rq2Ef9H346"
BEEPER="90"
USERDATEFORMAT="DAY_MONTH_YEAR"
HOMESCREENURL="./Portal/default.htm"
USERMUSTRESETPASSWORD="TRUE"
PRODUCTLOCALE="en-US"
STUDYLOCALE="en-US"/>


<USER  USERNAME="hmutlu"
USERTYPE="SITE"
FIRSTNAME="Hasan"
LASTNAME="Mutlu"
DISPLAYNAME="Hasan Mutlu"
DESCRIPTION="--Check UMT to ensure credentials have already been sent before resetting password--"
COUNTRY="TURKEY"
PHONE="909.05327e+011"
ALTPHONE="90"
FAX="90"
EMAIL="doktorhasanmutlu@gmail.com"
ACTIVESTATE="true"
DELETESTATE="false"
UPDATE="true"
PASSWORD="O2iuV67bU35fI758405"
BEEPER="90"
USERDATEFORMAT="DAY_MONTH_YEAR"
HOMESCREENURL="./Portal/default.htm"
USERMUSTRESETPASSWORD="TRUE"
PRODUCTLOCALE="en-US"
STUDYLOCALE="en-US"/>


<USER  USERNAME="icicin"
USERTYPE="SITE"
FIRSTNAME="Irfan"
LASTNAME="Cicin"
DISPLAYNAME="Irfan Cicin"
DESCRIPTION="--Check UMT to ensure credentials have already been sent before resetting password--"
COUNTRY="TURKEY"
PHONE="909.05322e+011"
ALTPHONE="90"
FAX="90"
EMAIL="irfancicin@hotmail.com"
ACTIVESTATE="true"
DELETESTATE="false"
UPDATE="true"
PASSWORD="f6TG5az3TmM854503"
BEEPER="90"
USERDATEFORMAT="DAY_MONTH_YEAR"
HOMESCREENURL="./Portal/default.htm"
USERMUSTRESETPASSWORD="TRUE"
PRODUCTLOCALE="en-US"
STUDYLOCALE="en-US"/>


<USER  USERNAME="tgoksel"
USERTYPE="SITE"
FIRSTNAME="TUNCAY"
LASTNAME="GOKSEL"
DISPLAYNAME="TUNCAY GOKSEL"
DESCRIPTION="--Check UMT to ensure credentials have already been sent before resetting password--"
COUNTRY="TURKEY"
PHONE="909.05322e+011"
ALTPHONE="90"
FAX="90"
EMAIL="tuncaygoksel@gmail.com"
ACTIVESTATE="true"
DELETESTATE="false"
UPDATE="true"
PASSWORD="hE54fN0h83Wx95H2664"
BEEPER="90"
USERDATEFORMAT="DAY_MONTH_YEAR"
HOMESCREENURL="./Portal/default.htm"
USERMUSTRESETPASSWORD="TRUE"
PRODUCTLOCALE="en-US"
STUDYLOCALE="en-US"/>


<USER  USERNAME="jlpujol"
USERTYPE="SITE"
FIRSTNAME="Jean Louis"
LASTNAME="Pujol"
DISPLAYNAME="Jean Louis Pujol"
DESCRIPTION="--Check UMT to ensure credentials have already been sent before resetting password--"
COUNTRY="FRANCE"
PHONE="33334673010"
ALTPHONE="33"
FAX="33"
EMAIL="jl-pujol@chu-montpellier.fr"
ACTIVESTATE="true"
DELETESTATE="false"
UPDATE="true"
PASSWORD="vU3xO0kM98q43T825"
BEEPER="33"
USERDATEFORMAT="DAY_MONTH_YEAR"
HOMESCREENURL="./Portal/default.htm"
USERMUSTRESETPASSWORD="TRUE"
PRODUCTLOCALE="en-US"
STUDYLOCALE="en-US"/>


<USER  USERNAME="glauridant"
USERTYPE="SITE"
FIRSTNAME="Geraldine"
LASTNAME="Lauridant"
DISPLAYNAME="Geraldine Lauridant"
DESCRIPTION="--Check UMT to ensure credentials have already been sent before resetting password--"
COUNTRY="FRANCE"
PHONE="333.33203e+010"
ALTPHONE="33"
FAX="33"
EMAIL="g-lauridant@o-lambret.fr"
ACTIVESTATE="true"
DELETESTATE="false"
UPDATE="true"
PASSWORD="m8KD8sbH91l3W8576"
BEEPER="33"
USERDATEFORMAT="DAY_MONTH_YEAR"
HOMESCREENURL="./Portal/default.htm"
USERMUSTRESETPASSWORD="TRUE"
PRODUCTLOCALE="en-US"
STUDYLOCALE="en-US"/>


<USER  USERNAME="jbeck"
USERTYPE="SITE"
FIRSTNAME="J Thad"
LASTNAME="Beck"
DISPLAYNAME="J Thad Beck"
DESCRIPTION="--Check UMT to ensure credentials have already been sent before resetting password--"
COUNTRY="UNITED STATES"
PHONE="14.79587e+009"
ALTPHONE="1"
FAX="1"
EMAIL="tbeck@hogonc.com"
ACTIVESTATE="true"
DELETESTATE="false"
UPDATE="true"
PASSWORD="hU4C1saL82k28S7009"
BEEPER="1"
USERDATEFORMAT="DAY_MONTH_YEAR"
HOMESCREENURL="./Portal/default.htm"
USERMUSTRESETPASSWORD="TRUE"
PRODUCTLOCALE="en-US"
STUDYLOCALE="en-US"/>


<USER  USERNAME="nnechiporchik"
USERTYPE="SITE"
FIRSTNAME="Nicole"
LASTNAME="Nechiporchik"
DISPLAYNAME="Nicole Nechiporchik"
DESCRIPTION="--Check UMT to ensure credentials have already been sent before resetting password--"
COUNTRY="UNITED STATES"
PHONE="13.13577e+009"
ALTPHONE="1"
FAX="1"
EMAIL="nechipon@karmanos.org"
ACTIVESTATE="true"
DELETESTATE="false"
UPDATE="true"
PASSWORD="hP39aX37g4AnB323379"
BEEPER="1"
USERDATEFORMAT="DAY_MONTH_YEAR"
HOMESCREENURL="./Portal/default.htm"
USERMUSTRESETPASSWORD="TRUE"
PRODUCTLOCALE="en-US"
STUDYLOCALE="en-US"/>


<USER  USERNAME="coder_query"
USERTYPE="SPONSOR"
FIRSTNAME="Coder"
LASTNAME="Query"
DISPLAYNAME="Coder Query"
DESCRIPTION="--Check UMT to ensure credentials have already been sent before resetting password--"
COUNTRY="UNITED STATES"
PHONE="11"
ALTPHONE="1"
FAX="1"
EMAIL="talley_dorothea_d@lilly.com"
ACTIVESTATE="true"
DELETESTATE="false"
UPDATE="true"
PASSWORD="zT2qM33O9fw41B5048"
BEEPER="1"
USERDATEFORMAT="DAY_MONTH_YEAR"
HOMESCREENURL="./Portal/default.htm"
USERMUSTRESETPASSWORD="TRUE"
PRODUCTLOCALE="en-US"
STUDYLOCALE="en-US"/>


<USER  USERNAME="c145993"
USERTYPE="SPONSOR"
FIRSTNAME="Kimberly"
LASTNAME="Ingram"
DISPLAYNAME="Kimberly Ingram"
DESCRIPTION="--Check UMT to ensure credentials have already been sent before resetting password--"
COUNTRY="UNITED STATES"
PHONE="12142873076"
ALTPHONE="1"
FAX="1"
EMAIL="kayskj@lilly.com"
ACTIVESTATE="true"
DELETESTATE="false"
UPDATE="true"
PASSWORD="pQ1K6zT1wiW95875"
BEEPER="1"
USERDATEFORMAT="DAY_MONTH_YEAR"
HOMESCREENURL="./Portal/default.htm"
USERMUSTRESETPASSWORD="TRUE"
PRODUCTLOCALE="en-US"
STUDYLOCALE="en-US"/>


<USER  USERNAME="z2x9343"
USERTYPE="SPONSOR"
FIRSTNAME="Aylin"
LASTNAME="Bakanoglu"
DISPLAYNAME="Aylin Bakanoglu"
DESCRIPTION="--Check UMT to ensure credentials have already been sent before resetting password--"
COUNTRY="TURKEY"
PHONE="909.0530954652e+011"
ALTPHONE="90"
FAX="90"
EMAIL="aylin.bakanoglu@quintiles.com"
ACTIVESTATE="true"
DELETESTATE="false"
UPDATE="true"
PASSWORD="uZ2yQ89u85WgI524924"
BEEPER="90"
USERDATEFORMAT="DAY_MONTH_YEAR"
HOMESCREENURL="./Portal/default.htm"
USERMUSTRESETPASSWORD="TRUE"
PRODUCTLOCALE="en-US"
STUDYLOCALE="en-US"/>


<USER  USERNAME="c003859"
USERTYPE="SPONSOR"
FIRSTNAME="Jo"
LASTNAME="Avant"
DISPLAYNAME="Jo Avant"
DESCRIPTION="--Check UMT to ensure credentials have already been sent before resetting password--"
COUNTRY="UNITED STATES"
PHONE="13176552678"
ALTPHONE="1"
FAX="1"
EMAIL="avant_josephine@lilly.com"
ACTIVESTATE="true"
DELETESTATE="false"
UPDATE="true"
PASSWORD="oP36H7iv32GB5e2763"
BEEPER="1"
USERDATEFORMAT="DAY_MONTH_YEAR"
HOMESCREENURL="./Portal/default.htm"
USERMUSTRESETPASSWORD="TRUE"
PRODUCTLOCALE="en-US"
STUDYLOCALE="en-US"/>


<USER  USERNAME="c079244"
USERTYPE="SPONSOR"
FIRSTNAME="Roseanne"
LASTNAME="Balog"
DISPLAYNAME="Roseanne Balog"
DESCRIPTION="--Check UMT to ensure credentials have already been sent before resetting password--"
COUNTRY="UNITED STATES"
PHONE="13174338936"
ALTPHONE="1"
FAX="1"
EMAIL="balog_rosanne_m@lilly.com"
ACTIVESTATE="true"
DELETESTATE="false"
UPDATE="true"
PASSWORD="aN6w96RhY18nY188367"
BEEPER="1"
USERDATEFORMAT="DAY_MONTH_YEAR"
HOMESCREENURL="./Portal/default.htm"
USERMUSTRESETPASSWORD="TRUE"
PRODUCTLOCALE="en-US"
STUDYLOCALE="en-US"/>


<USER  USERNAME="rm89018"
USERTYPE="SPONSOR"
FIRSTNAME="Rolanda"
LASTNAME="Brooks"
DISPLAYNAME="Rolanda Brooks"
DESCRIPTION="--Check UMT to ensure credentials have already been sent before resetting password--"
COUNTRY="UNITED STATES"
PHONE="13172767757"
ALTPHONE="1"
FAX="1"
EMAIL="brooks_rolanda@lilly.com"
ACTIVESTATE="true"
DELETESTATE="false"
UPDATE="true"
PASSWORD="d82Us2Uq64We9G1393"
BEEPER="1"
USERDATEFORMAT="DAY_MONTH_YEAR"
HOMESCREENURL="./Portal/default.htm"
USERMUSTRESETPASSWORD="TRUE"
PRODUCTLOCALE="en-US"
STUDYLOCALE="en-US"/>


<USER  USERNAME="c015393"
USERTYPE="SPONSOR"
FIRSTNAME="Markay"
LASTNAME="Burkhart"
DISPLAYNAME="Markay Burkhart"
DESCRIPTION="--Check UMT to ensure credentials have already been sent before resetting password--"
COUNTRY="UNITED STATES"
PHONE="13176519028"
ALTPHONE="1"
FAX="1"
EMAIL="burkhart_markay_l@lilly.com"
ACTIVESTATE="true"
DELETESTATE="false"
UPDATE="true"
PASSWORD="c83PtE5F3jcJ84626"
BEEPER="1"
USERDATEFORMAT="DAY_MONTH_YEAR"
HOMESCREENURL="./Portal/default.htm"
USERMUSTRESETPASSWORD="TRUE"
PRODUCTLOCALE="en-US"
STUDYLOCALE="en-US"/>


<USER  USERNAME="c071673"
USERTYPE="SPONSOR"
FIRSTNAME="Vanessa"
LASTNAME="Distel"
DISPLAYNAME="Vanessa Distel"
DESCRIPTION="--Check UMT to ensure credentials have already been sent before resetting password--"
COUNTRY="UNITED STATES"
PHONE="13172763881"
ALTPHONE="1"
FAX="1"
EMAIL="distel_vanessa_m@lilly.com"
ACTIVESTATE="true"
DELETESTATE="false"
UPDATE="true"
PASSWORD="O6yN4nmA25eS923046"
BEEPER="1"
USERDATEFORMAT="DAY_MONTH_YEAR"
HOMESCREENURL="./Portal/default.htm"
USERMUSTRESETPASSWORD="TRUE"
PRODUCTLOCALE="en-US"
STUDYLOCALE="en-US"/>


<USER  USERNAME="v6x8058"
USERTYPE="SPONSOR"
FIRSTNAME="Heidi"
LASTNAME="Gertiser"
DISPLAYNAME="Heidi Gertiser"
DESCRIPTION="--Check UMT to ensure credentials have already been sent before resetting password--"
COUNTRY="UNITED STATES"
PHONE="13174339126"
ALTPHONE="1"
FAX="1"
EMAIL="Gertiser_Heidi@lilly.com"
ACTIVESTATE="true"
DELETESTATE="false"
UPDATE="true"
PASSWORD="m88NoD1zG58hR226896"
BEEPER="1"
USERDATEFORMAT="DAY_MONTH_YEAR"
HOMESCREENURL="./Portal/default.htm"
USERMUSTRESETPASSWORD="TRUE"
PRODUCTLOCALE="en-US"
STUDYLOCALE="en-US"/>


<USER  USERNAME="c039853"
USERTYPE="SPONSOR"
FIRSTNAME="Teresa"
LASTNAME="Hogan"
DISPLAYNAME="Teresa Hogan"
DESCRIPTION="--Check UMT to ensure credentials have already been sent before resetting password--"
COUNTRY="UNITED STATES"
PHONE="13176552174"
ALTPHONE="1"
FAX="1"
EMAIL="hogan_teresa_l@lilly.com"
ACTIVESTATE="true"
DELETESTATE="false"
UPDATE="true"
PASSWORD="xT4kF33nL28xD07722"
BEEPER="1"
USERDATEFORMAT="DAY_MONTH_YEAR"
HOMESCREENURL="./Portal/default.htm"
USERMUSTRESETPASSWORD="TRUE"
PRODUCTLOCALE="en-US"
STUDYLOCALE="en-US"/>


<USER  USERNAME="c149470"
USERTYPE="SPONSOR"
FIRSTNAME="Flavio"
LASTNAME="Martins"
DISPLAYNAME="Flavio Martins"
DESCRIPTION="--Check UMT to ensure credentials have already been sent before resetting password--"
COUNTRY="BRAZIL"
PHONE="55551121446123"
ALTPHONE="55"
FAX="55"
EMAIL="junior_flavio_eduardo_martins@lilly.com"
ACTIVESTATE="true"
DELETESTATE="false"
UPDATE="true"
PASSWORD="p61BlT8yY63pB61544"
BEEPER="55"
USERDATEFORMAT="DAY_MONTH_YEAR"
HOMESCREENURL="./Portal/default.htm"
USERMUSTRESETPASSWORD="TRUE"
PRODUCTLOCALE="en-US"
STUDYLOCALE="en-US"/>


<USER  USERNAME="a803075"
USERTYPE="SPONSOR"
FIRSTNAME="Pranav"
LASTNAME="Pandya"
DISPLAYNAME="Pranav Pandya"
DESCRIPTION="--Check UMT to ensure credentials have already been sent before resetting password--"
COUNTRY="UNITED STATES"
PHONE="13172204360"
ALTPHONE="1"
FAX="1"
EMAIL="pandya_pranav_d@lilly.com"
ACTIVESTATE="true"
DELETESTATE="false"
UPDATE="true"
PASSWORD="c6OeX22fO78f5O8974"
BEEPER="1"
USERDATEFORMAT="DAY_MONTH_YEAR"
HOMESCREENURL="./Portal/default.htm"
USERMUSTRESETPASSWORD="TRUE"
PRODUCTLOCALE="en-US"
STUDYLOCALE="en-US"/>


<USER  USERNAME="rm87794"
USERTYPE="SPONSOR"
FIRSTNAME="Vish"
LASTNAME="Watkins"
DISPLAYNAME="Vish Watkins"
DESCRIPTION="--Check UMT to ensure credentials have already been sent before resetting password--"
COUNTRY="UNITED STATES"
PHONE="13172778350"
ALTPHONE="1"
FAX="1"
EMAIL="Watkins_vish_s@lilly.com"
ACTIVESTATE="true"
DELETESTATE="false"
UPDATE="true"
PASSWORD="v3HpT15lG68pH19528"
BEEPER="1"
USERDATEFORMAT="DAY_MONTH_YEAR"
HOMESCREENURL="./Portal/default.htm"
USERMUSTRESETPASSWORD="TRUE"
PRODUCTLOCALE="en-US"
STUDYLOCALE="en-US"/>


<USER  USERNAME="c196248"
USERTYPE="SPONSOR"
FIRSTNAME="Maguy"
LASTNAME="Michi"
DISPLAYNAME="Maguy Michi"
DESCRIPTION="--Check UMT to ensure credentials have already been sent before resetting password--"
COUNTRY="BRAZIL"
PHONE="55551121446861"
ALTPHONE="55"
FAX="55"
EMAIL="m.michi@lilly.com"
ACTIVESTATE="true"
DELETESTATE="false"
UPDATE="true"
PASSWORD="v7WyA64kD3v5U2246"
BEEPER="55"
USERDATEFORMAT="DAY_MONTH_YEAR"
HOMESCREENURL="./Portal/default.htm"
USERMUSTRESETPASSWORD="TRUE"
PRODUCTLOCALE="en-US"
STUDYLOCALE="en-US"/>


<USER  USERNAME="c218621"
USERTYPE="SPONSOR"
FIRSTNAME="Aldona"
LASTNAME="Greenwood"
DISPLAYNAME="Aldona Greenwood"
DESCRIPTION="--Check UMT to ensure credentials have already been sent before resetting password--"
COUNTRY="UNITED KINGDOM"
PHONE="44441276483252"
ALTPHONE="44"
FAX="44"
EMAIL="greenwood_aldona@network.lilly.com"
ACTIVESTATE="true"
DELETESTATE="false"
UPDATE="true"
PASSWORD="L6uoF62z39CrS287270"
BEEPER="44"
USERDATEFORMAT="DAY_MONTH_YEAR"
HOMESCREENURL="./Portal/default.htm"
USERMUSTRESETPASSWORD="TRUE"
PRODUCTLOCALE="en-US"
STUDYLOCALE="en-US"/>


<USER  USERNAME="c196683"
USERTYPE="SPONSOR"
FIRSTNAME="Christina"
LASTNAME="Moore"
DISPLAYNAME="Christina Moore"
DESCRIPTION="--Check UMT to ensure credentials have already been sent before resetting password--"
COUNTRY="UNITED STATES"
PHONE="13176550819"
ALTPHONE="1"
FAX="1"
EMAIL="moore_christina@lilly.com"
ACTIVESTATE="true"
DELETESTATE="false"
UPDATE="true"
PASSWORD="D9fyG95zB67r8T5997"
BEEPER="1"
USERDATEFORMAT="DAY_MONTH_YEAR"
HOMESCREENURL="./Portal/default.htm"
USERMUSTRESETPASSWORD="TRUE"
PRODUCTLOCALE="en-US"
STUDYLOCALE="en-US"/>


<USER  USERNAME="z2x2255"
USERTYPE="SPONSOR"
FIRSTNAME="Hong"
LASTNAME="Li"
DISPLAYNAME="Hong Li"
DESCRIPTION="--Check UMT to ensure credentials have already been sent before resetting password--"
COUNTRY="UNITED STATES"
PHONE="16043692849"
ALTPHONE="1"
FAX="1"
EMAIL="hong.li@quintiles.com"
ACTIVESTATE="true"
DELETESTATE="false"
UPDATE="true"
PASSWORD="G6qtE24kL82m1Q9539"
BEEPER="1"
USERDATEFORMAT="DAY_MONTH_YEAR"
HOMESCREENURL="./Portal/default.htm"
USERMUSTRESETPASSWORD="TRUE"
PRODUCTLOCALE="en-US"
STUDYLOCALE="en-US"/>


<USER  USERNAME="v6x7984"
USERTYPE="SPONSOR"
FIRSTNAME="Heidi"
LASTNAME="Thompson"
DISPLAYNAME="Heidi Thompson"
DESCRIPTION="--Check UMT to ensure credentials have already been sent before resetting password--"
COUNTRY="UNITED STATES"
PHONE="13172762708"
ALTPHONE="1"
FAX="1"
EMAIL="heidi.thompson@lilly.com"
ACTIVESTATE="true"
DELETESTATE="false"
UPDATE="true"
PASSWORD="v2LuF2uX27qB17378"
BEEPER="1"
USERDATEFORMAT="DAY_MONTH_YEAR"
HOMESCREENURL="./Portal/default.htm"
USERMUSTRESETPASSWORD="TRUE"
PRODUCTLOCALE="en-US"
STUDYLOCALE="en-US"/>


<USER  USERNAME="ZPFaflathers"
USERTYPE="SPONSOR"
FIRSTNAME="Andrea"
LASTNAME="Flathers"
DISPLAYNAME="Andrea Flathers"
DESCRIPTION="Services Project Manager"
COUNTRY="UNITED STATES"
PHONE="1"
ALTPHONE="1"
FAX="1"
EMAIL="andrea.flathers@oracle.com"
ACTIVESTATE="true"
DELETESTATE="false"
UPDATE="true"
PASSWORD="e3Ib5RiI3x95L6410"
BEEPER="1"
USERDATEFORMAT="DAY_MONTH_YEAR"
HOMESCREENURL="./Portal/default.htm"
USERMUSTRESETPASSWORD="TRUE"
PRODUCTLOCALE="en-US"
STUDYLOCALE="en-US"/>


<USER  USERNAME="ZPFkbarkoczi"
USERTYPE="SPONSOR"
FIRSTNAME="Katalin"
LASTNAME="Barkoczi"
DISPLAYNAME="Katalin Barkoczi"
DESCRIPTION="Service Delivery Manager"
COUNTRY="HUNGARY"
PHONE="36"
ALTPHONE="36"
FAX="36"
EMAIL="katalin.b.barkoczi@oracle.com"
ACTIVESTATE="true"
DELETESTATE="false"
UPDATE="true"
PASSWORD="k21SaF73nC8mE473695"
BEEPER="36"
USERDATEFORMAT="DAY_MONTH_YEAR"
HOMESCREENURL="./Portal/default.htm"
USERMUSTRESETPASSWORD="TRUE"
PRODUCTLOCALE="en-US"
STUDYLOCALE="en-US"/>


<USER  USERNAME="ZPFskonig"
USERTYPE="SPONSOR"
FIRSTNAME="Szilvia"
LASTNAME="Konig"
DISPLAYNAME="Szilvia Konig"
DESCRIPTION="Service Delivery Manager"
COUNTRY="HUNGARY"
PHONE="36"
ALTPHONE="36"
FAX="36"
EMAIL="szilvia.konig@oracle.com"
ACTIVESTATE="true"
DELETESTATE="false"
UPDATE="true"
PASSWORD="fW40fC33jY0fW794003"
BEEPER="36"
USERDATEFORMAT="DAY_MONTH_YEAR"
HOMESCREENURL="./Portal/default.htm"
USERMUSTRESETPASSWORD="TRUE"
PRODUCTLOCALE="en-US"
STUDYLOCALE="en-US"/>


<USER  USERNAME="ZPFabalogh"
USERTYPE="SPONSOR"
FIRSTNAME="Agnes"
LASTNAME="Balogh"
DISPLAYNAME="Agnes  Balogh"
DESCRIPTION="Lilly Support"
COUNTRY="HUNGARY"
PHONE="36"
ALTPHONE="36"
FAX="36"
EMAIL="agnes.balogh@oracle.com"
ACTIVESTATE="true"
DELETESTATE="false"
UPDATE="true"
PASSWORD="fW40fC33jY0fW794003"
BEEPER="36"
USERDATEFORMAT="DAY_MONTH_YEAR"
HOMESCREENURL="./Portal/default.htm"
USERMUSTRESETPASSWORD="TRUE"
PRODUCTLOCALE="en-US"
STUDYLOCALE="en-US"/>


<USER  USERNAME="ZPFckalinyak"
USERTYPE="SPONSOR"
FIRSTNAME="Csilla"
LASTNAME="Kalinyak"
DISPLAYNAME="Csilla Kalinyak"
DESCRIPTION="Support Tier I"
COUNTRY="HUNGARY"
PHONE="36"
ALTPHONE="36"
FAX="36"
EMAIL="CSILLA.KALINYAK@ORACLE.COM"
ACTIVESTATE="true"
DELETESTATE="false"
UPDATE="true"
PASSWORD="v1TC3odT49F1l1288"
BEEPER="36"
USERDATEFORMAT="DAY_MONTH_YEAR"
HOMESCREENURL="./Portal/default.htm"
USERMUSTRESETPASSWORD="TRUE"
PRODUCTLOCALE="en-US"
STUDYLOCALE="en-US"/>


<USER  USERNAME="ZPFcmolom"
USERTYPE="SPONSOR"
FIRSTNAME="Cedric Loic"
LASTNAME="Hanchou Molom"
DISPLAYNAME="Cedric Loic Hanchou Molom"
DESCRIPTION="Lilly Support"
COUNTRY="HUNGARY"
PHONE="36"
ALTPHONE="36"
FAX="36"
EMAIL="cedric.loic.hanchou.molom@oracle.com"
ACTIVESTATE="true"
DELETESTATE="false"
UPDATE="true"
PASSWORD="a6Yj0VuU23bO224311"
BEEPER="36"
USERDATEFORMAT="DAY_MONTH_YEAR"
HOMESCREENURL="./Portal/default.htm"
USERMUSTRESETPASSWORD="TRUE"
PRODUCTLOCALE="en-US"
STUDYLOCALE="en-US"/>


<USER  USERNAME="ZPFdnagy"
USERTYPE="SPONSOR"
FIRSTNAME="Daniel"
LASTNAME="Nagy"
DISPLAYNAME="Daniel Nagy"
DESCRIPTION="Support Tier I"
COUNTRY="HUNGARY"
PHONE="36"
ALTPHONE="36"
FAX="36"
EMAIL="daniel.nagy@oracle.com"
ACTIVESTATE="true"
DELETESTATE="false"
UPDATE="true"
PASSWORD="qT43jE84zP67sT21596"
BEEPER="36"
USERDATEFORMAT="DAY_MONTH_YEAR"
HOMESCREENURL="./Portal/default.htm"
USERMUSTRESETPASSWORD="TRUE"
PRODUCTLOCALE="en-US"
STUDYLOCALE="en-US"/>


<USER  USERNAME="ZPFedervishaj"
USERTYPE="SPONSOR"
FIRSTNAME="Erald"
LASTNAME="Dervishaj"
DISPLAYNAME="Erald Dervishaj"
DESCRIPTION="Support Tier I"
COUNTRY="HUNGARY"
PHONE="36"
ALTPHONE="36"
FAX="36"
EMAIL="erald.dervishaj@oracle.com"
ACTIVESTATE="true"
DELETESTATE="false"
UPDATE="true"
PASSWORD="t91UiI9vJ22r95D8780"
BEEPER="36"
USERDATEFORMAT="DAY_MONTH_YEAR"
HOMESCREENURL="./Portal/default.htm"
USERMUSTRESETPASSWORD="TRUE"
PRODUCTLOCALE="en-US"
STUDYLOCALE="en-US"/>


<USER  USERNAME="ZPFepenzes"
USERTYPE="SPONSOR"
FIRSTNAME="Eszter"
LASTNAME="Penzes"
DISPLAYNAME="Eszter Penzes"
DESCRIPTION="Lilly Support"
COUNTRY="HUNGARY"
PHONE="36"
ALTPHONE="36"
FAX="36"
EMAIL="ESZTER.PENZES@ORACLE.COM"
ACTIVESTATE="true"
DELETESTATE="false"
UPDATE="true"
PASSWORD="lK98nB44dK85yM51904"
BEEPER="36"
USERDATEFORMAT="DAY_MONTH_YEAR"
HOMESCREENURL="./Portal/default.htm"
USERMUSTRESETPASSWORD="TRUE"
PRODUCTLOCALE="en-US"
STUDYLOCALE="en-US"/>


<USER  USERNAME="ZPFmandone"
USERTYPE="SPONSOR"
FIRSTNAME="Grigore-mihai"
LASTNAME="Andone"
DISPLAYNAME="Grigore-mihai Andone"
DESCRIPTION="Lilly Support"
COUNTRY="HUNGARY"
PHONE="36"
ALTPHONE="36"
FAX="36"
EMAIL="grigore-mihai.andone@oracle.com"
ACTIVESTATE="true"
DELETESTATE="false"
UPDATE="true"
PASSWORD="yP46mF5iF4kR529088"
BEEPER="36"
USERDATEFORMAT="DAY_MONTH_YEAR"
HOMESCREENURL="./Portal/default.htm"
USERMUSTRESETPASSWORD="TRUE"
PRODUCTLOCALE="en-US"
STUDYLOCALE="en-US"/>


<USER  USERNAME="ZPFnkovacs"
USERTYPE="SPONSOR"
FIRSTNAME="Norbert"
LASTNAME="Kovacs"
DISPLAYNAME="Norbert Kovacs"
DESCRIPTION="Lilly Support"
COUNTRY="HUNGARY"
PHONE="36"
ALTPHONE="36"
FAX="36"
EMAIL="norbert.k.kovacs@oracle.com"
ACTIVESTATE="true"
DELETESTATE="false"
UPDATE="true"
PASSWORD="wG1r2ZnB6dJ99397"
BEEPER="36"
USERDATEFORMAT="DAY_MONTH_YEAR"
HOMESCREENURL="./Portal/default.htm"
USERMUSTRESETPASSWORD="TRUE"
PRODUCTLOCALE="en-US"
STUDYLOCALE="en-US"/>


<USER  USERNAME="ZPFobodnar"
USERTYPE="SPONSOR"
FIRSTNAME="Oksana"
LASTNAME="Bodnar"
DISPLAYNAME="Oksana Bodnar"
DESCRIPTION="Support Tier I"
COUNTRY="HUNGARY"
PHONE="36"
ALTPHONE="36"
FAX="36"
EMAIL="oksana.bodnar@oracle.com"
ACTIVESTATE="true"
DELETESTATE="false"
UPDATE="true"
PASSWORD="n5LqH0iV1nO846682"
BEEPER="36"
USERDATEFORMAT="YEAR_MONTH_DAY"
HOMESCREENURL="./Portal/default.htm"
USERMUSTRESETPASSWORD="TRUE"
PRODUCTLOCALE="en-US"
STUDYLOCALE="en-US"/>


<USER  USERNAME="ZPFprojas"
USERTYPE="SPONSOR"
FIRSTNAME="Patricio"
LASTNAME="Rojas"
DISPLAYNAME="Patricio Rojas"
DESCRIPTION="Support Tier I"
COUNTRY="UNITED KINGDOM"
PHONE="44"
ALTPHONE="44"
FAX="44"
EMAIL="patricio.rojas@oracle.com"
ACTIVESTATE="true"
DELETESTATE="false"
UPDATE="true"
PASSWORD="R0sL1ypW8B1k9705"
BEEPER="44"
USERDATEFORMAT="DAY_MONTH_YEAR"
HOMESCREENURL="./Portal/default.htm"
USERMUSTRESETPASSWORD="TRUE"
PRODUCTLOCALE="en-US"
STUDYLOCALE="en-US"/>


<USER  USERNAME="ZPFpvamos"
USERTYPE="SPONSOR"
FIRSTNAME="Peter"
LASTNAME="Vamos"
DISPLAYNAME="Peter Vamos"
COUNTRY="HUNGARY"
PHONE="36"
ALTPHONE="36"
FAX="36"
EMAIL="peter.vamos@oracle.com"
ACTIVESTATE="true"
DELETESTATE="false"
UPDATE="true"
PASSWORD="R0sL1ypW8B1k9705"
BEEPER="36"
USERDATEFORMAT="DAY_MONTH_YEAR"
HOMESCREENURL="./Portal/default.htm"
USERMUSTRESETPASSWORD="TRUE"
PRODUCTLOCALE="en-US"
STUDYLOCALE="en-US"/>


<USER  USERNAME="ZPFrcalorico"
USERTYPE="SPONSOR"
FIRSTNAME="Raul Carlos"
LASTNAME="Alorico"
DISPLAYNAME="Raul Carlos Alorico"
DESCRIPTION="Support Tier 1"
COUNTRY="PHILIPPINES"
PHONE="63"
ALTPHONE="63"
FAX="63"
EMAIL="RAUL.CARLOS.ALORICO@ORACLE.COM"
ACTIVESTATE="true"
DELETESTATE="false"
UPDATE="true"
PASSWORD="sC14vE6uR30t3F6990"
BEEPER="63"
USERDATEFORMAT="DAY_MONTH_YEAR"
HOMESCREENURL="./Portal/default.htm"
USERMUSTRESETPASSWORD="TRUE"
PRODUCTLOCALE="en-US"
STUDYLOCALE="en-US"/>


<USER  USERNAME="ZPFrducusin"
USERTYPE="SPONSOR"
FIRSTNAME="Rodulf"
LASTNAME="Ducusin"
DISPLAYNAME="Rodulf Ducusin"
DESCRIPTION="Support Tier I"
COUNTRY="PHILIPPINES"
PHONE="63"
ALTPHONE="63"
FAX="63"
EMAIL="RODULF.DUCUSIN@ORACLE.COM"
ACTIVESTATE="true"
DELETESTATE="false"
UPDATE="true"
PASSWORD="cH5uJ61zL74pM24275"
BEEPER="63"
USERDATEFORMAT="DAY_MONTH_YEAR"
HOMESCREENURL="./Portal/default.htm"
USERMUSTRESETPASSWORD="TRUE"
PRODUCTLOCALE="en-US"
STUDYLOCALE="en-US"/>


<USER  USERNAME="ZPFsdamato"
USERTYPE="SPONSOR"
FIRSTNAME="Silvio"
LASTNAME="Damato"
DISPLAYNAME="Silvio Damato"
DESCRIPTION="Support Internal Trainer"
COUNTRY="UNITED KINGDOM"
PHONE="44"
ALTPHONE="44"
FAX="0001"
EMAIL="silvio.damato@oracle.com"
ACTIVESTATE="true"
DELETESTATE="false"
UPDATE="true"
PASSWORD="xU7z1CbN48z95O7298"
BEEPER="44"
USERDATEFORMAT="DAY_MONTH_YEAR"
HOMESCREENURL="./Portal/default.htm"
USERMUSTRESETPASSWORD="TRUE"
PRODUCTLOCALE="en-US"
STUDYLOCALE="en-US"/>


<USER  USERNAME="ZPFaktoth"
USERTYPE="SPONSOR"
FIRSTNAME="Akos"
LASTNAME="Toth"
DISPLAYNAME="Akos Toth"
DESCRIPTION="Support Tier 1"
COUNTRY="HUNGARY"
PHONE="36"
ALTPHONE="36"
FAX="36"
EMAIL="akos.toth@oracle.com"
ACTIVESTATE="true"
DELETESTATE="false"
UPDATE="true"
PASSWORD="hZ1zG2dH92iE584583"
BEEPER="36"
USERDATEFORMAT="DAY_MONTH_YEAR"
HOMESCREENURL="./Portal/default.htm"
USERMUSTRESETPASSWORD="TRUE"
PRODUCTLOCALE="en-US"
STUDYLOCALE="en-US"/>


<USER  USERNAME="ZPFapervaiz"
USERTYPE="SPONSOR"
FIRSTNAME="Afnan"
LASTNAME="Pervaiz"
DISPLAYNAME="Afnan Pervaiz"
DESCRIPTION="Support Tier I"
COUNTRY="UNITED KINGDOM"
PHONE="4410 44 1628 640 700"
ALTPHONE="44"
FAX="44"
EMAIL="afnan.pervaiz@oracle.com"
ACTIVESTATE="true"
DELETESTATE="false"
UPDATE="true"
PASSWORD="xL3P0rxJ66sR07606"
BEEPER="44"
USERDATEFORMAT="DAY_MONTH_YEAR"
HOMESCREENURL="./Portal/default.htm"
USERMUSTRESETPASSWORD="TRUE"
PRODUCTLOCALE="en-US"
STUDYLOCALE="en-US"/>


<USER  USERNAME="ZPFasomogyi"
USERTYPE="SPONSOR"
FIRSTNAME="Alexandra"
LASTNAME="Somogyi"
DISPLAYNAME="Alexandra Somogyi"
COUNTRY="HUNGARY"
PHONE="36"
ALTPHONE="36"
FAX="36"
EMAIL="alexandra.somogyi@oracle.com"
ACTIVESTATE="true"
DELETESTATE="false"
UPDATE="true"
PASSWORD="G7pwD7sD2c85X4891"
BEEPER="36"
USERDATEFORMAT="DAY_MONTH_YEAR"
HOMESCREENURL="./Portal/default.htm"
USERMUSTRESETPASSWORD="TRUE"
PRODUCTLOCALE="en-US"
STUDYLOCALE="en-US"/>


<USER  USERNAME="ZPFaterjek"
USERTYPE="SPONSOR"
FIRSTNAME="Andras"
LASTNAME="Terjek"
DISPLAYNAME="Andras Terjek"
DESCRIPTION="Support Tier I"
COUNTRY="HUNGARY"
PHONE="36"
ALTPHONE="36"
FAX="36"
EMAIL="andras.terjek@oracle.com"
ACTIVESTATE="true"
DELETESTATE="false"
UPDATE="true"
PASSWORD="Y9gxH73nX7oB902177"
BEEPER="36"
USERDATEFORMAT="DAY_MONTH_YEAR"
HOMESCREENURL="./Portal/default.htm"
USERMUSTRESETPASSWORD="TRUE"
PRODUCTLOCALE="en-US"
STUDYLOCALE="en-US"/>


<USER  USERNAME="ZPFawarsama"
USERTYPE="SPONSOR"
FIRSTNAME="Ahmed"
LASTNAME="Warsama"
DISPLAYNAME="Ahmed Warsama"
DESCRIPTION="Support Tier I"
COUNTRY="UNITED KINGDOM"
PHONE="0"
ALTPHONE="44"
FAX="44"
EMAIL="ahmed.warsama@oracle.com"
ACTIVESTATE="true"
DELETESTATE="false"
UPDATE="true"
PASSWORD="I3qr1GkZ4eO335200"
BEEPER="44"
USERDATEFORMAT="DAY_MONTH_YEAR"
HOMESCREENURL="./Portal/default.htm"
USERMUSTRESETPASSWORD="TRUE"
PRODUCTLOCALE="en-US"
STUDYLOCALE="en-US"/>


<USER  USERNAME="ZPFcmercado"
USERTYPE="SPONSOR"
FIRSTNAME="Christopher"
LASTNAME="Mercado"
DISPLAYNAME="Christopher Mercado"
DESCRIPTION="Data Entry"
COUNTRY="PHILIPPINES"
PHONE="63"
ALTPHONE="63"
FAX="63"
EMAIL="Christopher.Mercado@oracle.com"
ACTIVESTATE="true"
DELETESTATE="false"
UPDATE="true"
PASSWORD="I3qr1GkZ4eO335200"
BEEPER="63"
USERDATEFORMAT="DAY_MONTH_YEAR"
HOMESCREENURL="./Portal/default.htm"
USERMUSTRESETPASSWORD="TRUE"
PRODUCTLOCALE="en-US"
STUDYLOCALE="en-US"/>


<USER  USERNAME="ZPFddiomede"
USERTYPE="SPONSOR"
FIRSTNAME="David"
LASTNAME="Diomede"
DISPLAYNAME="David Diomede"
DESCRIPTION="Support Tier I"
COUNTRY="HUNGARY"
PHONE="354"
ALTPHONE="354"
FAX="354"
EMAIL="david.d.diomede@oracle.com"
ACTIVESTATE="true"
DELETESTATE="false"
UPDATE="true"
PASSWORD="b47TsE3qT9vT32485"
BEEPER="354"
USERDATEFORMAT="DAY_MONTH_YEAR"
HOMESCREENURL="./Portal/default.htm"
USERMUSTRESETPASSWORD="TRUE"
PRODUCTLOCALE="en-US"
STUDYLOCALE="en-US"/>


<USER  USERNAME="ZPFdvittay"
USERTYPE="SPONSOR"
FIRSTNAME="Dominika"
LASTNAME="Vittay"
DISPLAYNAME="Dominika Vittay"
DESCRIPTION="Support Tier I"
COUNTRY="HUNGARY"
PHONE="36"
ALTPHONE="36"
FAX="36"
EMAIL="dominika.vittay@oracle.com"
ACTIVESTATE="true"
DELETESTATE="false"
UPDATE="true"
PASSWORD="oR23tJ35vO4n94G9669"
BEEPER="36"
USERDATEFORMAT="DAY_MONTH_YEAR"
HOMESCREENURL="./Portal/default.htm"
USERMUSTRESETPASSWORD="TRUE"
PRODUCTLOCALE="en-US"
STUDYLOCALE="en-US"/>


<USER  USERNAME="ZPFekosa"
USERTYPE="SPONSOR"
FIRSTNAME="Eniko"
LASTNAME="Kosa"
DISPLAYNAME="Eniko Kosa"
DESCRIPTION="Tier 1 Support agent"
COUNTRY="HUNGARY"
PHONE="36"
ALTPHONE="36"
FAX="36"
EMAIL="eniko.kosa@oracle.com"
ACTIVESTATE="true"
DELETESTATE="false"
UPDATE="true"
PASSWORD="gD41n1VgP1x5Q2793"
BEEPER="36"
USERDATEFORMAT="MONTH_DAY_YEAR"
HOMESCREENURL="./Portal/default.htm"
USERMUSTRESETPASSWORD="TRUE"
PRODUCTLOCALE="en-US"
STUDYLOCALE="en-US"/>


<USER  USERNAME="ZPFfillesy"
USERTYPE="SPONSOR"
FIRSTNAME="Ferenc"
LASTNAME="Illesy"
DISPLAYNAME="Ferenc Illesy"
DESCRIPTION="Support Tier I"
COUNTRY="HUNGARY"
PHONE="36"
ALTPHONE="36"
FAX="36"
EMAIL="ferenc.illesy@oracle.com"
ACTIVESTATE="true"
DELETESTATE="false"
UPDATE="true"
PASSWORD="l9Zi0JxL30rE973101"
BEEPER="36"
USERDATEFORMAT="DAY_MONTH_YEAR"
HOMESCREENURL="./Portal/default.htm"
USERMUSTRESETPASSWORD="TRUE"
PRODUCTLOCALE="en-US"
STUDYLOCALE="en-US"/>


<USER  USERNAME="ZPFfvarga"
USERTYPE="SPONSOR"
FIRSTNAME="Ferenc"
LASTNAME="Varga"
DISPLAYNAME="Ferenc Varga"
DESCRIPTION="Support Tier I"
COUNTRY="UNITED KINGDOM"
PHONE="44"
ALTPHONE="44"
FAX="44"
EMAIL="ferenc.v.varga@oracle.com"
ACTIVESTATE="true"
DELETESTATE="false"
UPDATE="true"
PASSWORD="l9Zi0JxL30rE973101"
BEEPER="44"
USERDATEFORMAT="DAY_MONTH_YEAR"
HOMESCREENURL="./Portal/default.htm"
USERMUSTRESETPASSWORD="TRUE"
PRODUCTLOCALE="en-US"
STUDYLOCALE="en-US"/>


<USER  USERNAME="ZPFgkrucso"
USERTYPE="SPONSOR"
FIRSTNAME="Gabriella"
LASTNAME="Krucso"
DISPLAYNAME="Gabriella Krucso"
DESCRIPTION="Lilly Support"
COUNTRY="HUNGARY"
PHONE="36"
ALTPHONE="36"
FAX="36"
EMAIL="gabriella.krucso@oracle.com"
ACTIVESTATE="true"
DELETESTATE="false"
UPDATE="true"
PASSWORD="e1JjD4xF74Z4b386"
BEEPER="36"
USERDATEFORMAT="DAY_MONTH_YEAR"
HOMESCREENURL="./Portal/default.htm"
USERMUSTRESETPASSWORD="TRUE"
PRODUCTLOCALE="en-US"
STUDYLOCALE="en-US"/>


<USER  USERNAME="ZPFgyvarga"
USERTYPE="SPONSOR"
FIRSTNAME="Gyorgy"
LASTNAME="Varga"
DISPLAYNAME="Gyorgy Varga"
DESCRIPTION="Support Tier I"
TITLE="Mr."
COUNTRY="HUNGARY"
PHONE="36"
ALTPHONE="36"
FAX="36"
EMAIL="gyorgy.varga@oracle.com"
ACTIVESTATE="true"
DELETESTATE="false"
UPDATE="true"
PASSWORD="uE80k29KsA28q6Z7570"
BEEPER="36"
USERDATEFORMAT="DAY_MONTH_YEAR"
HOMESCREENURL="./Portal/default.htm"
USERMUSTRESETPASSWORD="TRUE"
PRODUCTLOCALE="en-US"
STUDYLOCALE="en-US"/>


<USER  USERNAME="ZPFijohl"
USERTYPE="SPONSOR"
FIRSTNAME="Ikinder"
LASTNAME="Johl"
DISPLAYNAME="Ikinder Johl"
DESCRIPTION="Support Tier I"
COUNTRY="UNITED KINGDOM"
PHONE="44"
ALTPHONE="44"
FAX="44"
EMAIL="ikinder.johl.singh@oracle.com"
ACTIVESTATE="true"
DELETESTATE="false"
UPDATE="true"
PASSWORD="aR98f1YfB92gB39694"
BEEPER="44"
USERDATEFORMAT="DAY_MONTH_YEAR"
HOMESCREENURL="./Portal/default.htm"
USERMUSTRESETPASSWORD="TRUE"
PRODUCTLOCALE="en-US"
STUDYLOCALE="en-US"/>


<USER  USERNAME="ZPFjalbento"
USERTYPE="SPONSOR"
FIRSTNAME="Juan"
LASTNAME="Albento"
DISPLAYNAME="Juan Albento"
DESCRIPTION="Data Entry"
COUNTRY="PHILIPPINES"
PHONE="63"
ALTPHONE="63"
FAX="63"
EMAIL="juan.albento@oracle.com"
ACTIVESTATE="true"
DELETESTATE="false"
UPDATE="true"
PASSWORD="pW5f18ZlW5L3q7879"
BEEPER="63"
USERDATEFORMAT="DAY_MONTH_YEAR"
HOMESCREENURL="./Portal/default.htm"
USERMUSTRESETPASSWORD="TRUE"
PRODUCTLOCALE="en-US"
STUDYLOCALE="en-US"/>


<USER  USERNAME="ZPFjlin"
USERTYPE="SPONSOR"
FIRSTNAME="Jingxin"
LASTNAME="Lin"
DISPLAYNAME="Jingxin Lin"
DESCRIPTION="Data Entry Japan"
COUNTRY="CHINA"
PHONE="86"
ALTPHONE="86"
FAX="86"
EMAIL="jingxin.lin@oracle.com"
ACTIVESTATE="true"
DELETESTATE="false"
UPDATE="true"
PASSWORD="vB83gJ98qQ0m5I5164"
BEEPER="86"
USERDATEFORMAT="YEAR_MONTH_DAY"
HOMESCREENURL="./Portal/default.htm"
USERMUSTRESETPASSWORD="TRUE"
PRODUCTLOCALE="en-US"
STUDYLOCALE="en-US"/>


<USER  USERNAME="ZPFkcco"
USERTYPE="SPONSOR"
FIRSTNAME="Kerwin Carson"
LASTNAME="Co"
DISPLAYNAME="Kerwin Carson Co"
DESCRIPTION="Support Tier I"
COUNTRY="PHILIPPINES"
PHONE="63"
ALTPHONE="63"
FAX="63"
EMAIL="kerwin.carson.co@oracle.com"
ACTIVESTATE="true"
DELETESTATE="false"
UPDATE="true"
PASSWORD="kN1bC6lR7w94R8187"
BEEPER="63"
USERDATEFORMAT="DAY_MONTH_YEAR"
HOMESCREENURL="./Portal/default.htm"
USERMUSTRESETPASSWORD="TRUE"
PRODUCTLOCALE="en-US"
STUDYLOCALE="en-US"/>


<USER  USERNAME="ZPFkcsobalyka"
USERTYPE="SPONSOR"
FIRSTNAME="Krisztian"
LASTNAME="Csobalyka"
DISPLAYNAME="Krisztian Csobalyka"
DESCRIPTION="Support Tier I"
TITLE="Mr."
COUNTRY="HUNGARY"
PHONE="36704275924"
ALTPHONE="36"
FAX="36"
EMAIL="krisztian.csobalyka@oracle.com"
ACTIVESTATE="true"
DELETESTATE="false"
UPDATE="true"
PASSWORD="z8Lc24OgM2fE705472"
BEEPER="36"
USERDATEFORMAT="DAY_MONTH_YEAR"
HOMESCREENURL="./Portal/default.htm"
USERMUSTRESETPASSWORD="TRUE"
PRODUCTLOCALE="en-US"
STUDYLOCALE="en-US"/>


<USER  USERNAME="ZPFkkovacs"
USERTYPE="SPONSOR"
FIRSTNAME="Klara"
LASTNAME="Kovacs"
DISPLAYNAME="Klara Kovacs"
DESCRIPTION="Support Tier I"
COUNTRY="HUNGARY"
PHONE="36"
ALTPHONE="36"
FAX="36"
EMAIL="KLARA.KOVACS@ORACLE.COM"
ACTIVESTATE="true"
DELETESTATE="false"
UPDATE="true"
PASSWORD="fF7dZ16sN9pQ18495"
BEEPER="36"
USERDATEFORMAT="DAY_MONTH_YEAR"
HOMESCREENURL="./Portal/default.htm"
USERMUSTRESETPASSWORD="TRUE"
PRODUCTLOCALE="en-US"
STUDYLOCALE="en-US"/>


<USER  USERNAME="ZPFklim"
USERTYPE="SPONSOR"
FIRSTNAME="Kok Koang"
LASTNAME="Lim"
DISPLAYNAME="Kok Koang Lim"
DESCRIPTION="Support Tier I"
COUNTRY="HUNGARY"
PHONE="36"
ALTPHONE="36"
FAX="36"
EMAIL="kok.koang.lim@oracle.com"
ACTIVESTATE="true"
DELETESTATE="false"
UPDATE="true"
PASSWORD="vJ15cD2x31IbW135780"
BEEPER="36"
USERDATEFORMAT="DAY_MONTH_YEAR"
HOMESCREENURL="./Portal/default.htm"
USERMUSTRESETPASSWORD="TRUE"
PRODUCTLOCALE="en-US"
STUDYLOCALE="en-US"/>


<USER  USERNAME="ZPFkpinter"
USERTYPE="SPONSOR"
FIRSTNAME="Katinka"
LASTNAME="Pinter"
DISPLAYNAME="Katinka Pinter"
DESCRIPTION="Support Tier I"
COUNTRY="HUNGARY"
PHONE="36"
ALTPHONE="36"
FAX="36"
EMAIL="katinka.pinter@oracle.com"
ACTIVESTATE="true"
DELETESTATE="false"
UPDATE="true"
PASSWORD="pO5bI21x10UsB13065"
BEEPER="36"
USERDATEFORMAT="DAY_MONTH_YEAR"
HOMESCREENURL="./Portal/default.htm"
USERMUSTRESETPASSWORD="TRUE"
PRODUCTLOCALE="en-US"
STUDYLOCALE="en-US"/>


<USER  USERNAME="ZPFlbalubar"
USERTYPE="SPONSOR"
FIRSTNAME="Lei-Anne"
LASTNAME="Balubar"
DISPLAYNAME="Lei-Anne Balubar"
DESCRIPTION="Lilly Data Entry"
COUNTRY="PHILIPPINES"
PHONE="63"
ALTPHONE="63"
FAX="63"
EMAIL="lei-anne.balubar@oracle.com"
ACTIVESTATE="true"
DELETESTATE="false"
UPDATE="true"
PASSWORD="pO5bI21x10UsB13065"
BEEPER="63"
USERDATEFORMAT="DAY_MONTH_YEAR"
HOMESCREENURL="./Portal/default.htm"
USERMUSTRESETPASSWORD="TRUE"
PRODUCTLOCALE="en-US"
STUDYLOCALE="en-US"/>


<USER  USERNAME="ZPFlcseke"
USERTYPE="SPONSOR"
FIRSTNAME="Laszlo"
LASTNAME="Cseke"
DISPLAYNAME="Laszlo Cseke"
DESCRIPTION="Support Tier I"
COUNTRY="HUNGARY"
PHONE="36"
ALTPHONE="36"
FAX="36"
EMAIL="laszlo.cseke@oracle.com"
ACTIVESTATE="true"
DELETESTATE="false"
UPDATE="true"
PASSWORD="q4RhA7b15NhO46088"
BEEPER="36"
USERDATEFORMAT="DAY_MONTH_YEAR"
HOMESCREENURL="./Portal/default.htm"
USERMUSTRESETPASSWORD="TRUE"
PRODUCTLOCALE="en-US"
STUDYLOCALE="en-US"/>


<USER  USERNAME="ZPFlmate"
USERTYPE="SPONSOR"
FIRSTNAME="Laszlo"
LASTNAME="Mate"
DISPLAYNAME="Laszlo Mate"
DESCRIPTION="Support Tier I"
COUNTRY="HUNGARY"
PHONE="36"
ALTPHONE="36"
FAX="36"
EMAIL="laszlo.mate@oracle.com"
ACTIVESTATE="true"
DELETESTATE="false"
UPDATE="true"
PASSWORD="uF1g19Rg93AyT443373"
BEEPER="36"
USERDATEFORMAT="DAY_MONTH_YEAR"
HOMESCREENURL="./Portal/default.htm"
USERMUSTRESETPASSWORD="TRUE"
PRODUCTLOCALE="en-US"
STUDYLOCALE="en-US"/>


<USER  USERNAME="ZPFmkhella"
USERTYPE="SPONSOR"
FIRSTNAME="Mukhtar"
LASTNAME="Khella"
DISPLAYNAME="Mukhtar Khella"
DESCRIPTION="Support Tier I"
COUNTRY="UNITED KINGDOM"
PHONE="44"
ALTPHONE="44"
FAX="44"
EMAIL="mukhtar.khella@oracle.com"
ACTIVESTATE="true"
DELETESTATE="false"
UPDATE="true"
PASSWORD="eK6fJ73lS54kY4659"
BEEPER="44"
USERDATEFORMAT="DAY_MONTH_YEAR"
HOMESCREENURL="./Portal/default.htm"
USERMUSTRESETPASSWORD="TRUE"
PRODUCTLOCALE="en-US"
STUDYLOCALE="en-US"/>


<USER  USERNAME="ZPFmtoth"
USERTYPE="SPONSOR"
FIRSTNAME="Miklos David"
LASTNAME="Toth"
DISPLAYNAME="Miklos David Toth"
DESCRIPTION="Support Tier I"
TITLE="Mr."
COUNTRY="HUNGARY"
PHONE="36"
ALTPHONE="36"
FAX="36"
EMAIL="miklos.toth@oracle.com"
ACTIVESTATE="true"
DELETESTATE="false"
UPDATE="true"
PASSWORD="zX8lC3qU28u5T3682"
BEEPER="36"
USERDATEFORMAT="YEAR_MONTH_DAY"
HOMESCREENURL="./Portal/default.htm"
USERMUSTRESETPASSWORD="TRUE"
PRODUCTLOCALE="en-US"
STUDYLOCALE="en-US"/>


<USER  USERNAME="ZPFnqi"
USERTYPE="SPONSOR"
FIRSTNAME="Nic"
LASTNAME="Qi"
DISPLAYNAME="Nic Qi"
DESCRIPTION="Support Tier I"
COUNTRY="UNITED KINGDOM"
PHONE="44"
ALTPHONE="44"
FAX="44"
EMAIL="xiaoyu.qi@oracle.com"
ACTIVESTATE="true"
DELETESTATE="false"
UPDATE="true"
PASSWORD="E1gkG33kO71dQ8967"
BEEPER="44"
USERDATEFORMAT="DAY_MONTH_YEAR"
HOMESCREENURL="./Portal/default.htm"
USERMUSTRESETPASSWORD="TRUE"
PRODUCTLOCALE="en-US"
STUDYLOCALE="en-US"/>


<USER  USERNAME="ZPFnreis"
USERTYPE="SPONSOR"
FIRSTNAME="Nuno Rodrigo"
LASTNAME="Ribeiro Pereira Reis"
DISPLAYNAME="Nuno Rodrigo Ribeiro Pereira Reis"
DESCRIPTION="Support Tier I"
TITLE="Mr."
COUNTRY="HUNGARY"
PHONE="36"
ALTPHONE="36"
FAX="36"
EMAIL="nuno.reis@oracle.com"
ACTIVESTATE="true"
DELETESTATE="false"
UPDATE="true"
PASSWORD="o74To14VsK9cJ191275"
BEEPER="36"
USERDATEFORMAT="DAY_MONTH_YEAR"
HOMESCREENURL="./Portal/default.htm"
USERMUSTRESETPASSWORD="TRUE"
PRODUCTLOCALE="en-US"
STUDYLOCALE="en-US"/>


<USER  USERNAME="ZPFnvergara"
USERTYPE="SPONSOR"
FIRSTNAME="Neil"
LASTNAME="Vergara"
DISPLAYNAME="Neil Vergara"
DESCRIPTION="Lilly Data Entry"
COUNTRY="PHILIPPINES"
PHONE="63"
ALTPHONE="63"
FAX="63"
EMAIL="neil.vergara@oracle.com"
ACTIVESTATE="true"
DELETESTATE="false"
UPDATE="true"
PASSWORD="b92En4Vx19KJ6e8459"
BEEPER="63"
USERDATEFORMAT="MONTH_DAY_YEAR"
HOMESCREENURL="./Portal/default.htm"
USERMUSTRESETPASSWORD="TRUE"
PRODUCTLOCALE="en-US"
STUDYLOCALE="en-US"/>


<USER  USERNAME="ZPFoely"
USERTYPE="SPONSOR"
FIRSTNAME="Osweld"
LASTNAME="Ely"
DISPLAYNAME="Osweld Ely"
DESCRIPTION="Support Tier I"
COUNTRY="PHILIPPINES"
PHONE="63"
ALTPHONE="63"
FAX="63"
EMAIL="osweld.ely@oracle.com"
ACTIVESTATE="true"
DELETESTATE="false"
UPDATE="true"
PASSWORD="t41JtA4d24CjB511583"
BEEPER="63"
USERDATEFORMAT="DAY_MONTH_YEAR"
HOMESCREENURL="./Portal/default.htm"
USERMUSTRESETPASSWORD="TRUE"
PRODUCTLOCALE="en-US"
STUDYLOCALE="en-US"/>


<USER  USERNAME="ZPFpvallar"
USERTYPE="SPONSOR"
FIRSTNAME="Paulnino"
LASTNAME="Vallar"
DISPLAYNAME="Paulnino Vallar"
DESCRIPTION="Support Tier I"
COUNTRY="PHILIPPINES"
PHONE="63"
ALTPHONE="63"
FAX="63"
EMAIL="paulnino.vallar@ORACLE.COM"
ACTIVESTATE="true"
DELETESTATE="false"
UPDATE="true"
PASSWORD="dP78s3Kb3PN3x8767"
BEEPER="63"
USERDATEFORMAT="DAY_MONTH_YEAR"
HOMESCREENURL="./Portal/default.htm"
USERMUSTRESETPASSWORD="TRUE"
PRODUCTLOCALE="en-US"
STUDYLOCALE="en-US"/>


<USER  USERNAME="ZPFrsulit"
USERTYPE="SPONSOR"
FIRSTNAME="Ronette"
LASTNAME="Sulit"
DISPLAYNAME="Ronette Sulit"
DESCRIPTION="Data Entry"
COUNTRY="PHILIPPINES"
PHONE="63"
ALTPHONE="63"
FAX="63"
EMAIL="Ronette.Sulit@oracle.com"
ACTIVESTATE="true"
DELETESTATE="false"
UPDATE="true"
PASSWORD="dP78s3Kb3PN3x8767"
BEEPER="63"
USERDATEFORMAT="DAY_MONTH_YEAR"
HOMESCREENURL="./Portal/default.htm"
USERMUSTRESETPASSWORD="TRUE"
PRODUCTLOCALE="en-US"
STUDYLOCALE="en-US"/>


<USER  USERNAME="ZPFsaguilar"
USERTYPE="SPONSOR"
FIRSTNAME="Sergio"
LASTNAME="Aguilar"
DISPLAYNAME="Sergio Aguilar"
DESCRIPTION="Support Tier I"
TITLE="Mr."
COUNTRY="HUNGARY"
PHONE="36"
ALTPHONE="36"
FAX="36"
EMAIL="sergio.aguilar.aguilar@oracle.com"
ACTIVESTATE="true"
DELETESTATE="false"
UPDATE="true"
PASSWORD="i3KL1cv86UsY99075"
BEEPER="36"
USERDATEFORMAT="DAY_MONTH_YEAR"
HOMESCREENURL="./Portal/default.htm"
USERMUSTRESETPASSWORD="TRUE"
PRODUCTLOCALE="en-US"
STUDYLOCALE="en-US"/>


<USER  USERNAME="ZPFsdasilva"
USERTYPE="SPONSOR"
FIRSTNAME="Silmara Santos"
LASTNAME="Da Silva"
DISPLAYNAME="Silmara Santos Da Silva"
DESCRIPTION="Support Tier I"
COUNTRY="HUNGARY"
PHONE="36"
ALTPHONE="36"
FAX="36"
EMAIL="silmara.santos.da.silva@oracle.com"
ACTIVESTATE="true"
DELETESTATE="false"
UPDATE="true"
PASSWORD="hL81w3ZpR35c14V6361"
BEEPER="36"
USERDATEFORMAT="DAY_MONTH_YEAR"
HOMESCREENURL="./Portal/default.htm"
USERMUSTRESETPASSWORD="TRUE"
PRODUCTLOCALE="en-US"
STUDYLOCALE="en-US"/>


<USER  USERNAME="ZPFskholti"
USERTYPE="SPONSOR"
FIRSTNAME="Szilvia"
LASTNAME="Kholti"
DISPLAYNAME="Szilvia Kholti"
DESCRIPTION="Support Tier I"
COUNTRY="HUNGARY"
PHONE="361111"
ALTPHONE="36"
FAX="36"
EMAIL="szilvia.kholti@oracle.com"
ACTIVESTATE="true"
DELETESTATE="false"
UPDATE="true"
PASSWORD="nY10xZ54iS98mQ29384"
BEEPER="36"
USERDATEFORMAT="DAY_MONTH_YEAR"
HOMESCREENURL="./Portal/default.htm"
USERMUSTRESETPASSWORD="TRUE"
PRODUCTLOCALE="en-US"
STUDYLOCALE="en-US"/>


<USER  USERNAME="ZPFstayco"
USERTYPE="SPONSOR"
FIRSTNAME="Sherylou"
LASTNAME="Tayco"
DISPLAYNAME="Sherylou Tayco"
DESCRIPTION="Support Tier I"
COUNTRY="PHILIPPINES"
PHONE="63"
ALTPHONE="63"
FAX="63"
EMAIL="sherylou.tayco@oracle.com"
ACTIVESTATE="true"
DELETESTATE="false"
UPDATE="true"
PASSWORD="cD47N2ynM53eV256669"
BEEPER="63"
USERDATEFORMAT="DAY_MONTH_YEAR"
HOMESCREENURL="./Portal/default.htm"
USERMUSTRESETPASSWORD="TRUE"
PRODUCTLOCALE="en-US"
STUDYLOCALE="en-US"/>


<USER  USERNAME="ZPFtcabanes"
USERTYPE="SPONSOR"
FIRSTNAME="Teresa"
LASTNAME="Cabanes"
DISPLAYNAME="Teresa Cabanes"
DESCRIPTION="Lilly Data Entry"
COUNTRY="PHILIPPINES"
PHONE="63"
ALTPHONE="63"
FAX="63"
EMAIL="teresa.cabanes@oracle.com"
ACTIVESTATE="true"
DELETESTATE="false"
UPDATE="true"
PASSWORD="sI9zI6sH97vB23954"
BEEPER="63"
USERDATEFORMAT="MONTH_DAY_YEAR"
HOMESCREENURL="./Portal/default.htm"
USERMUSTRESETPASSWORD="TRUE"
PRODUCTLOCALE="en-US"
STUDYLOCALE="en-US"/>


<USER  USERNAME="ZPFtfabian"
USERTYPE="SPONSOR"
FIRSTNAME="Tamas"
LASTNAME="Fabian"
DISPLAYNAME="Tamas Fabian"
DESCRIPTION="Support Tier I"
COUNTRY="HUNGARY"
PHONE="36"
ALTPHONE="36"
FAX="36"
EMAIL="tamas.x.fabian@oracle.com"
ACTIVESTATE="true"
DELETESTATE="false"
UPDATE="true"
PASSWORD="cU1P1diI71lO66977"
BEEPER="36"
USERDATEFORMAT="DAY_MONTH_YEAR"
HOMESCREENURL="./Portal/default.htm"
USERMUSTRESETPASSWORD="TRUE"
PRODUCTLOCALE="en-US"
STUDYLOCALE="en-US"/>


<USER  USERNAME="ZPFtszabo"
USERTYPE="SPONSOR"
FIRSTNAME="Timea"
LASTNAME="Szabo"
DISPLAYNAME="Timea Szabo"
DESCRIPTION="Support IRT Integrated"
TITLE="MISS."
COUNTRY="HUNGARY"
PHONE="36"
ALTPHONE="36"
FAX="36"
EMAIL="timea.szabo@oracle.com"
ACTIVESTATE="true"
DELETESTATE="false"
UPDATE="true"
PASSWORD="cU1P1diI71lO66977"
BEEPER="36"
USERDATEFORMAT="DAY_MONTH_YEAR"
HOMESCREENURL="./Portal/default.htm"
USERMUSTRESETPASSWORD="TRUE"
PRODUCTLOCALE="en-US"
STUDYLOCALE="en-US"/>


<USER  USERNAME="ZPFvzdirko"
USERTYPE="SPONSOR"
FIRSTNAME="Viktor"
LASTNAME="Zdirko"
DISPLAYNAME="Viktor Zdirko"
DESCRIPTION="Support Tier I"
COUNTRY="HUNGARY"
PHONE="36"
ALTPHONE="36"
FAX="36"
EMAIL="viktor.zdirko@oracle.com"
ACTIVESTATE="true"
DELETESTATE="false"
UPDATE="true"
PASSWORD="nZ5u3CB2jxT564262"
BEEPER="36"
USERDATEFORMAT="DAY_MONTH_YEAR"
HOMESCREENURL="./Portal/default.htm"
USERMUSTRESETPASSWORD="TRUE"
PRODUCTLOCALE="en-US"
STUDYLOCALE="en-US"/>


</MEDMLDATA>