<?xml version="1.0"?>
<MEDMLDATA xmlns="PhaseForward-MedML-Inform4">


<RIGHTSGROUP  GROUPNAME="Coding Query Rights Group">
<!-- Insert Users -->
<USERREF USERNAME="coder_query"/>

</RIGHTSGROUP>

<RIGHTSGROUP  GROUPNAME="Data Manager">
<!-- Insert Users -->
<USERREF USERNAME="z1x0496"/>
<USERREF USERNAME="c165270"/>

</RIGHTSGROUP>

<RIGHTSGROUP  GROUPNAME="GPS">
<!-- Insert Users -->
<USERREF USERNAME="yex7920"/>
<USERREF USERNAME="c196683"/>
<USERREF USERNAME="rm90029"/>
<USERREF USERNAME="c069132"/>
<USERREF USERNAME="c057362"/>
<USERREF USERNAME="c039825"/>
<USERREF USERNAME="c090108"/>
<USERREF USERNAME="c074090"/>
<USERREF USERNAME="c085302"/>
<USERREF USERNAME="c074342"/>
<USERREF USERNAME="c149177"/>
<USERREF USERNAME="c131994"/>
<USERREF USERNAME="yex7972"/>
<USERREF USERNAME="c022433"/>
<USERREF USERNAME="c039863"/>
<USERREF USERNAME="c149176"/>
<USERREF USERNAME="a701824"/>
<USERREF USERNAME="c060736"/>
<USERREF USERNAME="c026390"/>
<USERREF USERNAME="a608261"/>
<USERREF USERNAME="c143125"/>
<USERREF USERNAME="c135748"/>
<USERREF USERNAME="rm36132"/>
<USERREF USERNAME="a511471"/>
<USERREF USERNAME="rm80655"/>
<USERREF USERNAME="c199642"/>
<USERREF USERNAME="c223292"/>
<USERREF USERNAME="c068502"/>
<USERREF USERNAME="c068505"/>
<USERREF USERNAME="c149066"/>
<USERREF USERNAME="c021984"/>
<USERREF USERNAME="rm35504"/>
<USERREF USERNAME="ye91098"/>
<USERREF USERNAME="v6x8356"/>
<USERREF USERNAME="c025980"/>
<USERREF USERNAME="c137396"/>
<USERREF USERNAME="c075541"/>
<USERREF USERNAME="c074429"/>
<USERREF USERNAME="c026393"/>
<USERREF USERNAME="a608760"/>
<USERREF USERNAME="c058698"/>
<USERREF USERNAME="u7x2510"/>
<USERREF USERNAME="c003859"/>
<USERREF USERNAME="c079244"/>
<USERREF USERNAME="rm89018"/>
<USERREF USERNAME="c015393"/>
<USERREF USERNAME="c071673"/>
<USERREF USERNAME="v6x8058"/>
<USERREF USERNAME="c039853"/>
<USERREF USERNAME="c149470"/>
<USERREF USERNAME="a803075"/>
<USERREF USERNAME="rm87794"/>
<USERREF USERNAME="c196248"/>
<USERREF USERNAME="c218621"/>
<USERREF USERNAME="c083101"/>

</RIGHTSGROUP>

<RIGHTSGROUP  GROUPNAME="Monitor">
<!-- Insert Users -->
<USERREF USERNAME="z2x1499"/>
<USERREF USERNAME="z2x9343"/>

</RIGHTSGROUP>

<RIGHTSGROUP  GROUPNAME="Monitor Manager">
<!-- Insert Users -->
<USERREF USERNAME="z2x2255"/>

</RIGHTSGROUP>

<RIGHTSGROUP  GROUPNAME="PFView Only">
<!-- Insert Users -->
<USERREF USERNAME="ZPFkbarkoczi"/>
<USERREF USERNAME="ZPFaflathers"/>
<USERREF USERNAME="ZPFskonig"/>

</RIGHTSGROUP>

<RIGHTSGROUP  GROUPNAME="PI Sign Only">
<!-- Insert Users -->
<USERREF USERNAME="stolaney"/>
<USERREF USERNAME="pkabos"/>
<USERREF USERNAME="mdickler"/>
<USERREF USERNAME="pborrega"/>
<USERREF USERNAME="swchen"/>
<USERREF USERNAME="mgarassino"/>
<USERREF USERNAME="hwildiers"/>
<USERREF USERNAME="jmazieres"/>
<USERREF USERNAME="acalles"/>
<USERREF USERNAME="lpazares"/>
<USERREF USERNAME="sgonzalez"/>
<USERREF USERNAME="jeales"/>
<USERREF USERNAME="cclin"/>
<USERREF USERNAME="tyichao"/>
<USERREF USERNAME="jvansteenkiste"/>
<USERREF USERNAME="crolfo"/>
<USERREF USERNAME="gjerusalem"/>
<USERREF USERNAME="mozguroglu"/>
<USERREF USERNAME="hmutlu"/>
<USERREF USERNAME="icicin"/>
<USERREF USERNAME="tgoksel"/>
<USERREF USERNAME="jlpujol"/>
<USERREF USERNAME="glauridant"/>
<USERREF USERNAME="jbeck"/>
<USERREF USERNAME="asukari"/>
<USERREF USERNAME="lgianni"/>
<USERREF USERNAME="clho"/>
<USERREF USERNAME="adelmonte"/>

</RIGHTSGROUP>

<RIGHTSGROUP  GROUPNAME="Report Extractor">
<!-- Insert Users -->
<USERREF USERNAME="i3ymcjpce_RE"/>

</RIGHTSGROUP>

<RIGHTSGROUP  GROUPNAME="SC">
<!-- Insert Users -->
<USERREF USERNAME="lfrancisco"/>
<USERREF USERNAME="slchang"/>
<USERREF USERNAME="jyweng"/>
<USERREF USERNAME="dlee"/>
<USERREF USERNAME="dandreis"/>
<USERREF USERNAME="rgallucci"/>
<USERREF USERNAME="coyen"/>
<USERREF USERNAME="smocampo"/>
<USERREF USERNAME="rrodriguez"/>
<USERREF USERNAME="mjaguilella"/>
<USERREF USERNAME="nhuang"/>
<USERREF USERNAME="pylin"/>
<USERREF USERNAME="aragazzini"/>
<USERREF USERNAME="rlembrechts"/>
<USERREF USERNAME="vloo"/>
<USERREF USERNAME="dkontas"/>
<USERREF USERNAME="sdikici"/>
<USERREF USERNAME="ademirkan"/>
<USERREF USERNAME="nlomlu"/>
<USERREF USERNAME="oflohic"/>
<USERREF USERNAME="jkelly"/>
<USERREF USERNAME="tcolvin"/>
<USERREF USERNAME="mpsoriano"/>
<USERREF USERNAME="rblanco"/>
<USERREF USERNAME="abrissa"/>
<USERREF USERNAME="cfugazza"/>
<USERREF USERNAME="nnechiporchik"/>

</RIGHTSGROUP>

<RIGHTSGROUP  GROUPNAME="Study Manager">
<!-- Insert Users -->
<USERREF USERNAME="c145993"/>
<USERREF USERNAME="c213687"/>
<USERREF USERNAME="xg10776"/>
<USERREF USERNAME="zia0126"/>

</RIGHTSGROUP>

<RIGHTSGROUP  GROUPNAME="User Activator RG">
<!-- Insert Users -->
<USERREF USERNAME="ZPFrcalorico"/>
<USERREF USERNAME="ZPFdnagy"/>
<USERREF USERNAME="ZPFedervishaj"/>
<USERREF USERNAME="ZPFepenzes"/>
<USERREF USERNAME="ZPFmandone"/>
<USERREF USERNAME="ZPFnkovacs"/>
<USERREF USERNAME="ZPFobodnar"/>
<USERREF USERNAME="ZPFprojas"/>
<USERREF USERNAME="ZPFpvamos"/>
<USERREF USERNAME="ZPFckalinyak"/>
<USERREF USERNAME="ZPFabalogh"/>
<USERREF USERNAME="ZPFrducusin"/>
<USERREF USERNAME="ZPFsdamato"/>
<USERREF USERNAME="ZPFcmolom"/>

</RIGHTSGROUP>

<RIGHTSGROUP  GROUPNAME="User Manager RG">
<!-- Insert Users -->
<USERREF USERNAME="ZPFfillesy"/>
<USERREF USERNAME="ZPFtszabo"/>
<USERREF USERNAME="ZPFaktoth"/>
<USERREF USERNAME="ZPFapervaiz"/>
<USERREF USERNAME="ZPFasomogyi"/>
<USERREF USERNAME="ZPFaterjek"/>
<USERREF USERNAME="ZPFawarsama"/>
<USERREF USERNAME="ZPFcmercado"/>
<USERREF USERNAME="ZPFddiomede"/>
<USERREF USERNAME="ZPFdvittay"/>
<USERREF USERNAME="ZPFekosa"/>
<USERREF USERNAME="ZPFvzdirko"/>
<USERREF USERNAME="ZPFfvarga"/>
<USERREF USERNAME="ZPFgkrucso"/>
<USERREF USERNAME="ZPFgyvarga"/>
<USERREF USERNAME="ZPFijohl"/>
<USERREF USERNAME="ZPFjalbento"/>
<USERREF USERNAME="ZPFjlin"/>
<USERREF USERNAME="ZPFkcco"/>
<USERREF USERNAME="ZPFkcsobalyka"/>
<USERREF USERNAME="ZPFkkovacs"/>
<USERREF USERNAME="ZPFklim"/>
<USERREF USERNAME="ZPFkpinter"/>
<USERREF USERNAME="ZPFlbalubar"/>
<USERREF USERNAME="ZPFlcseke"/>
<USERREF USERNAME="ZPFlmate"/>
<USERREF USERNAME="ZPFmkhella"/>
<USERREF USERNAME="ZPFmtoth"/>
<USERREF USERNAME="ZPFnqi"/>
<USERREF USERNAME="ZPFnreis"/>
<USERREF USERNAME="ZPFnvergara"/>
<USERREF USERNAME="ZPFoely"/>
<USERREF USERNAME="ZPFpvallar"/>
<USERREF USERNAME="ZPFrsulit"/>
<USERREF USERNAME="ZPFsaguilar"/>
<USERREF USERNAME="ZPFsdasilva"/>
<USERREF USERNAME="ZPFskholti"/>
<USERREF USERNAME="ZPFstayco"/>
<USERREF USERNAME="ZPFtcabanes"/>
<USERREF USERNAME="ZPFtfabian"/>

</RIGHTSGROUP>

<RIGHTSGROUP  GROUPNAME="VO">
<!-- Insert Users -->
<USERREF USERNAME="u9x8019"/>
<USERREF USERNAME="v6x7984"/>

</RIGHTSGROUP>

</MEDMLDATA>