<?xml version="1.0"?>
<MEDMLDATA xmlns="PhaseForward-MedML-Inform4">


<SITE  NAME="(304) Centro de estudios Clinicos de Queretaro SC"    MNEMONIC="304"
ADDRESS="Av Reforma No 23 Interior Primer Piso Col Centro Centro Historico entre Calle Corregidora y Calle Vergara Queretaro Queretaro 76000"
COUNTRY="MEXICO"
PHONE="52524422153067"
ALTPHONE="52"
FAX="52"
TIMEZONE="(UTC-06:00) Guadalajara, Mexico City, Monterrey"
SITEDATEFORMAT="DAY_MONTH_YEAR"
STARTDATE="05/09/2017"
STUDYLOCALE="en-US"
SVAUTOSELECTRATE="100"
SVFIRSTNSUBJECTS="100"
/>


<SITE  NAME="(302) Investigacion en Salud y Metabolismo SC"    MNEMONIC="302"
ADDRESS="Torre de Consultorios 4 piso 408 Hacienda del Valle 7120 Fracc Plaza las Haciendas Chihuahua Chihuahua 31238"
COUNTRY="MEXICO"
PHONE="52526144398618"
ALTPHONE="52"
FAX="52"
TIMEZONE="(UTC-06:00) Guadalajara, Mexico City, Monterrey"
SITEDATEFORMAT="DAY_MONTH_YEAR"
STARTDATE="05/09/2017"
STUDYLOCALE="en-US"
SVAUTOSELECTRATE="100"
SVFIRSTNSUBJECTS="100"
/>


<SITE  NAME="(300) Centro de Estudios Clinicos y Especialidades Medicas SC"    MNEMONIC="300"
ADDRESS="Canada 410 Col Vista Hermosa Monterrey Nuevo Leon 64620"
COUNTRY="MEXICO"
PHONE="52528183488973"
ALTPHONE="52"
FAX="52"
TIMEZONE="(UTC-06:00) Guadalajara, Mexico City, Monterrey"
SITEDATEFORMAT="DAY_MONTH_YEAR"
STARTDATE="05/09/2017"
STUDYLOCALE="en-US"
SVAUTOSELECTRATE="100"
SVFIRSTNSUBJECTS="100"
/>


<SITE  NAME="(303) Instituto de Diabetes Obesidad y Nutricion SC"    MNEMONIC="303"
ADDRESS="5 de Mayo 400 Col El Empleado Cuernavaca Morelos 62250"
COUNTRY="MEXICO"
PHONE="52527773646076"
ALTPHONE="52"
FAX="52"
TIMEZONE="(UTC-06:00) Guadalajara, Mexico City, Monterrey"
SITEDATEFORMAT="DAY_MONTH_YEAR"
STARTDATE="05/09/2017"
STUDYLOCALE="en-US"
SVAUTOSELECTRATE="100"
SVFIRSTNSUBJECTS="100"
/>


<SITE  NAME="(301) Instituto Jalisciense de Investigación en Diabetes y Obesidad SC IJIDO"    MNEMONIC="301"
ADDRESS="Morelos 1952 Col Ladron de Guevara Guadalajara Jalisco 04460"
COUNTRY="MEXICO"
PHONE="52013311991124"
ALTPHONE="52"
FAX="52"
TIMEZONE="(UTC-06:00) Guadalajara, Mexico City, Monterrey"
SITEDATEFORMAT="DAY_MONTH_YEAR"
STARTDATE="05/09/2017"
STUDYLOCALE="en-US"
SVAUTOSELECTRATE="100"
SVFIRSTNSUBJECTS="100"
/>


<SITE  NAME="(204) NZOZ Salvia s c"    MNEMONIC="204"
ADDRESS="ul Panewnicka 201 1"
COUNTRY="POLAND"
PHONE="4848322050120"
ALTPHONE="48"
FAX="48"
TIMEZONE="(UTC+02:00) E. Europe"
SITEDATEFORMAT="DAY_MONTH_YEAR"
STARTDATE="05/09/2017"
STUDYLOCALE="en-US"
SVAUTOSELECTRATE="100"
SVFIRSTNSUBJECTS="100"
/>


<SITE  NAME="(203) Centrum Badan Klinicznych PI House"    MNEMONIC="203"
ADDRESS="ul Na Zaspe 3"
COUNTRY="POLAND"
PHONE="4848587192222"
ALTPHONE="48"
FAX="48"
TIMEZONE="(UTC+02:00) E. Europe"
SITEDATEFORMAT="DAY_MONTH_YEAR"
STARTDATE="05/09/2017"
STUDYLOCALE="en-US"
SVAUTOSELECTRATE="100"
SVFIRSTNSUBJECTS="100"
/>


<SITE  NAME="(201) Centrum Terapii Wspolczesnej JM Jasnorzewska Spoka Komandytowo Akcyjna"    MNEMONIC="201"
ADDRESS="ul Kopcinskiego 21"
COUNTRY="POLAND"
PHONE="4848422300609"
ALTPHONE="48"
FAX="48"
TIMEZONE="(UTC+02:00) E. Europe"
SITEDATEFORMAT="DAY_MONTH_YEAR"
STARTDATE="05/09/2017"
STUDYLOCALE="en-US"
SVAUTOSELECTRATE="100"
SVFIRSTNSUBJECTS="100"
/>


<SITE  NAME="(202) Przychodnia Orlowo"    MNEMONIC="202"
ADDRESS="ul Wroclawska 54"
COUNTRY="POLAND"
PHONE="4848587192222"
ALTPHONE="48"
FAX="48"
TIMEZONE="(UTC+02:00) E. Europe"
SITEDATEFORMAT="DAY_MONTH_YEAR"
STARTDATE="05/09/2017"
STUDYLOCALE="en-US"
SVAUTOSELECTRATE="100"
SVFIRSTNSUBJECTS="100"
/>


<SITE  NAME="(200) Indywidualna Specjalistyczna Praktyka Lekarska"    MNEMONIC="200"
ADDRESS="ul Starzynskiego 2"
COUNTRY="POLAND"
PHONE="4848605051909"
ALTPHONE="48"
FAX="48"
TIMEZONE="(UTC+02:00) E. Europe"
SITEDATEFORMAT="DAY_MONTH_YEAR"
STARTDATE="05/09/2017"
STUDYLOCALE="en-US"
SVAUTOSELECTRATE="100"
SVFIRSTNSUBJECTS="100"
/>


<SITE  NAME="(403) DIAMEL s r o"    MNEMONIC="403"
ADDRESS="K Dolnej stanici 18"
COUNTRY="SLOVAKIA"
PHONE="421326583025"
TIMEZONE="(UTC+02:00) E. Europe"
SITEDATEFORMAT="DAY_MONTH_YEAR"
STARTDATE="05/09/2017"
STUDYLOCALE="en-US"
SVAUTOSELECTRATE="100"
SVFIRSTNSUBJECTS="100"
/>


<SITE  NAME="(402) MediVet s r o"    MNEMONIC="402"
ADDRESS="Nadrazna 23"
COUNTRY="SLOVAKIA"
PHONE="421347723225"
TIMEZONE="(UTC+02:00) E. Europe"
SITEDATEFORMAT="DAY_MONTH_YEAR"
STARTDATE="05/09/2017"
STUDYLOCALE="en-US"
SVAUTOSELECTRATE="100"
SVFIRSTNSUBJECTS="100"
/>


<SITE  NAME="(401) DIA MED CENTRUM s r o"    MNEMONIC="401"
ADDRESS="Pod Lachovcom 1727 55"
COUNTRY="SLOVAKIA"
PHONE="421424605326"
TIMEZONE="(UTC+02:00) E. Europe"
SITEDATEFORMAT="DAY_MONTH_YEAR"
STARTDATE="05/09/2017"
STUDYLOCALE="en-US"
SVAUTOSELECTRATE="100"
SVFIRSTNSUBJECTS="100"
/>


<SITE  NAME="(400) Human care s r o"    MNEMONIC="400"
ADDRESS="Rastislavova 45"
COUNTRY="SLOVAKIA"
PHONE="421905667695"
TIMEZONE="(UTC+02:00) E. Europe"
SITEDATEFORMAT="DAY_MONTH_YEAR"
STARTDATE="05/09/2017"
STUDYLOCALE="en-US"
SVAUTOSELECTRATE="100"
SVFIRSTNSUBJECTS="100"
/>


<SITE  NAME="(106) Valley Clinical Trials"    MNEMONIC="106"
ADDRESS="18433 Roscoe Blvd Suite 210 Northridge California 91325"
COUNTRY="UNITED STATES"
PHONE="18.1828e+009"
ALTPHONE="1"
FAX="1"
TIMEZONE="(UTC-08:00) Pacific Time (US &#38; Canada)"
SITEDATEFORMAT="DAY_MONTH_YEAR"
STARTDATE="05/09/2017"
STUDYLOCALE="en-US"
SVAUTOSELECTRATE="100"
SVFIRSTNSUBJECTS="100"
/>


<SITE  NAME="(105) The Corvallis Clinic - Clinical Research Center"    MNEMONIC="105"
ADDRESS="3680 Northwest Samaritan Drive Corvallis Oregon 97330"
COUNTRY="UNITED STATES"
PHONE="15.41754e+009"
ALTPHONE="1"
FAX="1"
TIMEZONE="(UTC-08:00) Pacific Time (US &#38; Canada)"
SITEDATEFORMAT="DAY_MONTH_YEAR"
STARTDATE="05/09/2017"
STUDYLOCALE="en-US"
SVAUTOSELECTRATE="100"
SVFIRSTNSUBJECTS="100"
/>


<SITE  NAME="(101) Encompass Clinical Research"    MNEMONIC="101"
ADDRESS="10225 Austin Drive Suite 203 Spring Valley California 91978"
COUNTRY="UNITED STATES"
PHONE="16.19661e+009"
ALTPHONE="1"
FAX="1"
TIMEZONE="(UTC-08:00) Pacific Time (US &#38; Canada)"
SITEDATEFORMAT="DAY_MONTH_YEAR"
STARTDATE="05/09/2017"
STUDYLOCALE="en-US"
SVAUTOSELECTRATE="100"
SVFIRSTNSUBJECTS="100"
/>


<SITE  NAME="(132) University Clinical Investigators Inc"    MNEMONIC="132"
ADDRESS="Diabetes Research Center 2492 Walnut Avenue Suite 130 Tustin California 92780"
COUNTRY="UNITED STATES"
PHONE="17.14761e+009"
ALTPHONE="1"
FAX="1"
TIMEZONE="(UTC-08:00) Pacific Time (US &#38; Canada)"
SITEDATEFORMAT="DAY_MONTH_YEAR"
STARTDATE="05/09/2017"
STUDYLOCALE="en-US"
SVAUTOSELECTRATE="100"
SVFIRSTNSUBJECTS="100"
/>


<SITE  NAME="(135) PMG Research of Charleston LLC  Moncks Corner"    MNEMONIC="135"
ADDRESS="2061 Highway 52 Moncks Corner South Carolina 29461"
COUNTRY="UNITED STATES"
PHONE="18.43849e+009"
ALTPHONE="1"
FAX="1"
TIMEZONE="(UTC-08:00) Pacific Time (US &#38; Canada)"
SITEDATEFORMAT="DAY_MONTH_YEAR"
STARTDATE="05/09/2017"
STUDYLOCALE="en-US"
SVAUTOSELECTRATE="100"
SVFIRSTNSUBJECTS="100"
/>


<SITE  NAME="(122) Valley Research"    MNEMONIC="122"
ADDRESS="550 East Herndon Ave Suite 101 Fresno California 93720"
COUNTRY="UNITED STATES"
PHONE="15.59261e+009"
ALTPHONE="1"
FAX="1"
TIMEZONE="(UTC-08:00) Pacific Time (US &#38; Canada)"
SITEDATEFORMAT="DAY_MONTH_YEAR"
STARTDATE="05/09/2017"
STUDYLOCALE="en-US"
SVAUTOSELECTRATE="100"
SVFIRSTNSUBJECTS="100"
/>


<SITE  NAME="(121) Palm Research Center Inc Tenaya"    MNEMONIC="121"
ADDRESS="3150 N Tenaya Way Suite 415 Las Vegas Nevada 89128"
COUNTRY="UNITED STATES"
PHONE="17.02826e+009"
ALTPHONE="1"
FAX="1"
TIMEZONE="(UTC-08:00) Pacific Time (US &#38; Canada)"
SITEDATEFORMAT="DAY_MONTH_YEAR"
STARTDATE="05/09/2017"
STUDYLOCALE="en-US"
SVAUTOSELECTRATE="100"
SVFIRSTNSUBJECTS="100"
/>


<SITE  NAME="(119) Artemis Institute for Clinical Research- San Diego"    MNEMONIC="119"
ADDRESS="770 Washington Street Suite 300 San Diego California 92103"
COUNTRY="UNITED STATES"
PHONE="18.58278e+009"
ALTPHONE="1"
FAX="1"
TIMEZONE="(UTC-08:00) Pacific Time (US &#38; Canada)"
SITEDATEFORMAT="DAY_MONTH_YEAR"
STARTDATE="05/09/2017"
STUDYLOCALE="en-US"
SVAUTOSELECTRATE="100"
SVFIRSTNSUBJECTS="100"
/>


<SITE  NAME="(117) Catalina Research Institute LLC"    MNEMONIC="117"
ADDRESS="5050 Palo Verde Suite 103 Montclair California 91763"
COUNTRY="UNITED STATES"
PHONE="19.09446e+009"
ALTPHONE="1"
FAX="1"
TIMEZONE="(UTC-08:00) Pacific Time (US &#38; Canada)"
SITEDATEFORMAT="DAY_MONTH_YEAR"
STARTDATE="05/09/2017"
STUDYLOCALE="en-US"
SVAUTOSELECTRATE="100"
SVFIRSTNSUBJECTS="100"
/>


<SITE  NAME="(114) Artemis Institute for Clinical Research- San Marcos"    MNEMONIC="114"
ADDRESS="365 Rancho Santa Fe Rd Suite 202 San Marcos California 92078"
COUNTRY="UNITED STATES"
PHONE="17.60266e+009"
ALTPHONE="1"
FAX="1"
TIMEZONE="(UTC-08:00) Pacific Time (US &#38; Canada)"
SITEDATEFORMAT="DAY_MONTH_YEAR"
STARTDATE="05/09/2017"
STUDYLOCALE="en-US"
SVAUTOSELECTRATE="100"
SVFIRSTNSUBJECTS="100"
/>


<SITE  NAME="(112) National Research Institute - Huntington Park"    MNEMONIC="112"
ADDRESS="6120 Seville Ave Huntington Park California 90255"
COUNTRY="UNITED STATES"
PHONE="13.23357e+009"
ALTPHONE="1"
FAX="1"
TIMEZONE="(UTC-08:00) Pacific Time (US &#38; Canada)"
SITEDATEFORMAT="DAY_MONTH_YEAR"
STARTDATE="05/09/2017"
STUDYLOCALE="en-US"
SVAUTOSELECTRATE="100"
SVFIRSTNSUBJECTS="100"
/>


<SITE  NAME="(111) Anaheim Clinical Trials"    MNEMONIC="111"
ADDRESS="1085 N Harbor Blvd Anaheim California 92801"
COUNTRY="UNITED STATES"
PHONE="17.14775e+009"
ALTPHONE="1"
FAX="1"
TIMEZONE="(UTC-08:00) Pacific Time (US &#38; Canada)"
SITEDATEFORMAT="DAY_MONTH_YEAR"
STARTDATE="05/09/2017"
STUDYLOCALE="en-US"
SVAUTOSELECTRATE="100"
SVFIRSTNSUBJECTS="100"
/>


<SITE  NAME="(109) National Research Institute - Wilshire"    MNEMONIC="109"
ADDRESS="2010 Wilshire Boulevard Suite 302 Los Angeles California 90057"
COUNTRY="UNITED STATES"
PHONE="12.13413e+009"
ALTPHONE="1"
FAX="1"
TIMEZONE="(UTC-08:00) Pacific Time (US &#38; Canada)"
SITEDATEFORMAT="DAY_MONTH_YEAR"
STARTDATE="05/09/2017"
STUDYLOCALE="en-US"
SVAUTOSELECTRATE="100"
SVFIRSTNSUBJECTS="100"
/>


<SITE  NAME="(104) Solaris Clinical Research"    MNEMONIC="104"
ADDRESS="1525 East Leigh Field Drive Suite 150 Suite 150 Meridian Idaho 83646"
COUNTRY="UNITED STATES"
PHONE="12.08288e+009"
ALTPHONE="1"
FAX="1"
TIMEZONE="(UTC-07:00) Mountain Time (US &#38; Canada)"
SITEDATEFORMAT="DAY_MONTH_YEAR"
STARTDATE="05/09/2017"
STUDYLOCALE="en-US"
SVAUTOSELECTRATE="100"
SVFIRSTNSUBJECTS="100"
/>


<SITE  NAME="(102) Chrysalis Clinical Research LLC"    MNEMONIC="102"
ADDRESS="736 S 900 E Suite 201 St George Utah 84790"
COUNTRY="UNITED STATES"
PHONE="14.35656e+009"
ALTPHONE="1"
FAX="1"
TIMEZONE="(UTC-07:00) Mountain Time (US &#38; Canada)"
SITEDATEFORMAT="DAY_MONTH_YEAR"
STARTDATE="05/09/2017"
STUDYLOCALE="en-US"
SVAUTOSELECTRATE="100"
SVFIRSTNSUBJECTS="100"
/>


<SITE  NAME="(103) Iowa Diabetes and Endocrinology Research Center"    MNEMONIC="103"
ADDRESS="411 Laurel Street Suite 3262 Des Moines Iowa 50314"
COUNTRY="UNITED STATES"
PHONE="15.15644e+009"
ALTPHONE="1"
FAX="1"
TIMEZONE="(UTC-06:00) Central Time (US &#38; Canada)"
SITEDATEFORMAT="DAY_MONTH_YEAR"
STARTDATE="05/09/2017"
STUDYLOCALE="en-US"
SVAUTOSELECTRATE="100"
SVFIRSTNSUBJECTS="100"
/>


<SITE  NAME="(136) Cotton ONeil Clinical Research Center 6th Ave"    MNEMONIC="136"
ADDRESS="3520 Southwest Sixth Avenue Topeka Kansas 66606"
COUNTRY="UNITED STATES"
PHONE="17.85368e+009"
ALTPHONE="1"
FAX="1"
TIMEZONE="(UTC-06:00) Central Time (US &#38; Canada)"
SITEDATEFORMAT="DAY_MONTH_YEAR"
STARTDATE="05/09/2017"
STUDYLOCALE="en-US"
SVAUTOSELECTRATE="100"
SVFIRSTNSUBJECTS="100"
/>


<SITE  NAME="(128) Internal Medicine Center LLC"    MNEMONIC="128"
ADDRESS="101 Memorial Hospital Drive suite 200 Mobile Alabama 36608"
COUNTRY="UNITED STATES"
PHONE="12.5146e+009"
ALTPHONE="1"
FAX="1"
TIMEZONE="(UTC-06:00) Central Time (US &#38; Canada)"
SITEDATEFORMAT="DAY_MONTH_YEAR"
STARTDATE="05/09/2017"
STUDYLOCALE="en-US"
SVAUTOSELECTRATE="100"
SVFIRSTNSUBJECTS="100"
/>


<SITE  NAME="(126) Dallas Diabetes and Endocrine Research Center PA"    MNEMONIC="126"
ADDRESS="7777 Forest Lane Suite C-685 Dallas Texas 75230"
COUNTRY="UNITED STATES"
PHONE="19.72567e+009"
ALTPHONE="1"
FAX="1"
TIMEZONE="(UTC-06:00) Central Time (US &#38; Canada)"
SITEDATEFORMAT="DAY_MONTH_YEAR"
STARTDATE="05/09/2017"
STUDYLOCALE="en-US"
SVAUTOSELECTRATE="100"
SVFIRSTNSUBJECTS="100"
/>


<SITE  NAME="(115) Lillestol Research LLC"    MNEMONIC="115"
ADDRESS="1711 Gold Drive South Suite 170 Fargo North Dakota 58103"
COUNTRY="UNITED STATES"
PHONE="17.01233e+009"
ALTPHONE="1"
FAX="1"
TIMEZONE="(UTC-06:00) Central Time (US &#38; Canada)"
SITEDATEFORMAT="DAY_MONTH_YEAR"
STARTDATE="05/09/2017"
STUDYLOCALE="en-US"
SVAUTOSELECTRATE="100"
SVFIRSTNSUBJECTS="100"
/>


<SITE  NAME="(110) Clinical Research Professionals"    MNEMONIC="110"
ADDRESS="7 The Pines Court Suite D St Louis Missouri 63141"
COUNTRY="UNITED STATES"
PHONE="16.3622e+009"
ALTPHONE="1"
FAX="1"
TIMEZONE="(UTC-06:00) Central Time (US &#38; Canada)"
SITEDATEFORMAT="DAY_MONTH_YEAR"
STARTDATE="05/09/2017"
STUDYLOCALE="en-US"
SVAUTOSELECTRATE="100"
SVFIRSTNSUBJECTS="100"
/>


<SITE  NAME="(134) Consano Clinical Research"    MNEMONIC="134"
ADDRESS="4118 Pond Hill RD Building 3 Shavano Park Texas 78231"
COUNTRY="UNITED STATES"
PHONE="12.10545e+009"
ALTPHONE="1"
FAX="1"
TIMEZONE="(UTC-06:00) Central Time (US &#38; Canada)"
SITEDATEFORMAT="DAY_MONTH_YEAR"
STARTDATE="05/09/2017"
STUDYLOCALE="en-US"
SVAUTOSELECTRATE="100"
SVFIRSTNSUBJECTS="100"
/>


<SITE  NAME="(108) New Phase Research and Development"    MNEMONIC="108"
ADDRESS="6914 Office Park Circle Knoxville Tennessee 37909"
COUNTRY="UNITED STATES"
PHONE="18.65201e+009"
ALTPHONE="1"
FAX="1"
TIMEZONE="(UTC-05:00) Eastern Time (US &#38; Canada)"
SITEDATEFORMAT="DAY_MONTH_YEAR"
STARTDATE="05/09/2017"
STUDYLOCALE="en-US"
SVAUTOSELECTRATE="100"
SVFIRSTNSUBJECTS="100"
/>


<SITE  NAME="(100) Aventiv Research"    MNEMONIC="100"
ADDRESS="99 N Brice Road Suite 260 Columbus Ohio 43213"
COUNTRY="UNITED STATES"
PHONE="16145016164"
ALTPHONE="1"
FAX="1"
TIMEZONE="(UTC-05:00) Eastern Time (US &#38; Canada)"
SITEDATEFORMAT="DAY_MONTH_YEAR"
STARTDATE="05/09/2017"
STUDYLOCALE="en-US"
SVAUTOSELECTRATE="100"
SVFIRSTNSUBJECTS="100"
/>


<SITE  NAME="(130) Chase Medical Research LLC"    MNEMONIC="130"
ADDRESS="500 Chase Parkway 3rd Floor Waterbury Connecticut 06708"
COUNTRY="UNITED STATES"
PHONE="12034194420"
ALTPHONE="1"
FAX="1"
TIMEZONE="(UTC-05:00) Eastern Time (US &#38; Canada)"
SITEDATEFORMAT="DAY_MONTH_YEAR"
STARTDATE="05/09/2017"
STUDYLOCALE="en-US"
SVAUTOSELECTRATE="100"
SVFIRSTNSUBJECTS="100"
/>


<SITE  NAME="(137) Manhattan Medical Research Practice PLLC"    MNEMONIC="137"
ADDRESS="215 Lexington Ave 21st Floor New York New York 10016"
COUNTRY="UNITED STATES"
PHONE="12.1248e+009"
ALTPHONE="1"
FAX="1"
TIMEZONE="(UTC-05:00) Eastern Time (US &#38; Canada)"
SITEDATEFORMAT="DAY_MONTH_YEAR"
STARTDATE="05/09/2017"
STUDYLOCALE="en-US"
SVAUTOSELECTRATE="100"
SVFIRSTNSUBJECTS="100"
/>


<SITE  NAME="(131) Sensible Healthcare"    MNEMONIC="131"
ADDRESS="2700 Old Winter Garden Road Ocoee Florida 34761"
COUNTRY="UNITED STATES"
PHONE="14.07654e+009"
ALTPHONE="1"
FAX="1"
TIMEZONE="(UTC-05:00) Eastern Time (US &#38; Canada)"
SITEDATEFORMAT="DAY_MONTH_YEAR"
STARTDATE="05/09/2017"
STUDYLOCALE="en-US"
SVAUTOSELECTRATE="100"
SVFIRSTNSUBJECTS="100"
/>


<SITE  NAME="(129) East Coast Institute for Research LLC"    MNEMONIC="129"
ADDRESS="3550 University Blvd Jacksonville Florida 32216"
COUNTRY="UNITED STATES"
PHONE="19.04244e+009"
ALTPHONE="1"
FAX="1"
TIMEZONE="(UTC-05:00) Eastern Time (US &#38; Canada)"
SITEDATEFORMAT="DAY_MONTH_YEAR"
STARTDATE="05/09/2017"
STUDYLOCALE="en-US"
SVAUTOSELECTRATE="100"
SVFIRSTNSUBJECTS="100"
/>


<SITE  NAME="(127) Palm Harbor Medical Associates"    MNEMONIC="127"
ADDRESS="3820 Tampa Road Suite 102 and 202 Palm Harbor Florida 34684"
COUNTRY="UNITED STATES"
PHONE="17.27785e+009"
ALTPHONE="1"
FAX="1"
TIMEZONE="(UTC-05:00) Eastern Time (US &#38; Canada)"
SITEDATEFORMAT="DAY_MONTH_YEAR"
STARTDATE="05/09/2017"
STUDYLOCALE="en-US"
SVAUTOSELECTRATE="100"
SVFIRSTNSUBJECTS="100"
/>


<SITE  NAME="(125) Clinical Research Of South Florida"    MNEMONIC="125"
ADDRESS="370 Minorca Avenue 2nd Floor Coral Gables Florida 33134"
COUNTRY="UNITED STATES"
PHONE="13.05446e+009"
ALTPHONE="1"
FAX="1"
TIMEZONE="(UTC-05:00) Eastern Time (US &#38; Canada)"
SITEDATEFORMAT="DAY_MONTH_YEAR"
STARTDATE="05/09/2017"
STUDYLOCALE="en-US"
SVAUTOSELECTRATE="100"
SVFIRSTNSUBJECTS="100"
/>


<SITE  NAME="(124) Premier Research Inc"    MNEMONIC="124"
ADDRESS="708 Chambers Street Trenton New Jersey 08611"
COUNTRY="UNITED STATES"
PHONE="16.09393e+009"
ALTPHONE="1"
FAX="1"
TIMEZONE="(UTC-05:00) Eastern Time (US &#38; Canada)"
SITEDATEFORMAT="DAY_MONTH_YEAR"
STARTDATE="05/09/2017"
STUDYLOCALE="en-US"
SVAUTOSELECTRATE="100"
SVFIRSTNSUBJECTS="100"
/>


<SITE  NAME="(120) New Horizon Research Center"    MNEMONIC="120"
ADDRESS="11880 Bird Road Suite 405 Miami Florida 33175"
COUNTRY="UNITED STATES"
PHONE="13.05226e+009"
ALTPHONE="1"
FAX="1"
TIMEZONE="(UTC-05:00) Eastern Time (US &#38; Canada)"
SITEDATEFORMAT="DAY_MONTH_YEAR"
STARTDATE="05/09/2017"
STUDYLOCALE="en-US"
SVAUTOSELECTRATE="100"
SVFIRSTNSUBJECTS="100"
/>


<SITE  NAME="(118) ActivMed Practices and Research  Methuen office"    MNEMONIC="118"
ADDRESS="421 Merrimack Street Suite 203 Methuen Massachusetts 01844"
COUNTRY="UNITED STATES"
PHONE="19.78656e+009"
ALTPHONE="1"
FAX="1"
TIMEZONE="(UTC-05:00) Eastern Time (US &#38; Canada)"
SITEDATEFORMAT="DAY_MONTH_YEAR"
STARTDATE="05/09/2017"
STUDYLOCALE="en-US"
SVAUTOSELECTRATE="100"
SVFIRSTNSUBJECTS="100"
/>


<SITE  NAME="(116) PMG Research of Knoxville - Halls"    MNEMONIC="116"
ADDRESS="4125 East Emory Rd Knoxville Tennessee 37938"
COUNTRY="UNITED STATES"
PHONE="18.65244e+009"
ALTPHONE="1"
FAX="1"
TIMEZONE="(UTC-05:00) Eastern Time (US &#38; Canada)"
SITEDATEFORMAT="DAY_MONTH_YEAR"
STARTDATE="05/09/2017"
STUDYLOCALE="en-US"
SVAUTOSELECTRATE="100"
SVFIRSTNSUBJECTS="100"
/>


<SITE  NAME="(113) Suncoast Research Group LLC"    MNEMONIC="113"
ADDRESS="2128 West Flagler Street Miami Florida 33135"
COUNTRY="UNITED STATES"
PHONE="13.05632e+009"
ALTPHONE="1"
FAX="1"
TIMEZONE="(UTC-05:00) Eastern Time (US &#38; Canada)"
SITEDATEFORMAT="DAY_MONTH_YEAR"
STARTDATE="05/09/2017"
STUDYLOCALE="en-US"
SVAUTOSELECTRATE="100"
SVFIRSTNSUBJECTS="100"
/>


<SITE  NAME="(107) GCM Medical Group PSC"    MNEMONIC="107"
ADDRESS="1826 Fernandez Juncos San Juan Puerto Rico 00909"
COUNTRY="UNITED STATES"
PHONE="17.87727e+009"
ALTPHONE="1"
FAX="1"
TIMEZONE="(UTC-04:00) Atlantic Time (Canada)"
SITEDATEFORMAT="DAY_MONTH_YEAR"
STARTDATE="05/09/2017"
STUDYLOCALE="en-US"
SVAUTOSELECTRATE="100"
SVFIRSTNSUBJECTS="100"
/>


<SITE  NAME="(133) Clinical Research Puerto Rico"    MNEMONIC="133"
ADDRESS="359 De Diego Avenue Suite 501 San Juan  00909"
COUNTRY="UNITED STATES"
PHONE="17.87724e+009"
ALTPHONE="1"
FAX="1"
TIMEZONE="(UTC-04:00) Atlantic Time (Canada)"
SITEDATEFORMAT="DAY_MONTH_YEAR"
STARTDATE="05/09/2017"
STUDYLOCALE="en-US"
SVAUTOSELECTRATE="100"
SVFIRSTNSUBJECTS="100"
/>


<SITE  NAME="(123) Manati Center for Clinical Research"    MNEMONIC="123"
ADDRESS="calle Marginal carretera  2 Km 477 Anexo Doctors Center Hospital Manati Puerto Rico 00674"
COUNTRY="UNITED STATES"
PHONE="17.87854e+009"
ALTPHONE="1"
FAX="1"
TIMEZONE="(UTC-04:00) Atlantic Time (Canada)"
SITEDATEFORMAT="DAY_MONTH_YEAR"
STARTDATE="05/09/2017"
STUDYLOCALE="en-US"
SVAUTOSELECTRATE="100"
SVFIRSTNSUBJECTS="100"
/>


</MEDMLDATA>