<?xml version="1.0"?>
<MEDMLDATA xmlns="PhaseForward-MedML-Inform4">


<REPORTINGGROUP
GROUPNAME="Ad Hoc Users"
GROUPDESCRIPTION="Users who have access to Ad Hoc Reporting">
<!-- Insert Users -->
<USERREF USERNAME="c247278"/>
<USERREF USERNAME="z2x2291"/>
<USERREF USERNAME="i8fmcgpgb_RE"/>
<USERREF USERNAME="c248706"/>
<USERREF USERNAME="c168654"/>
</REPORTINGGROUP>

<QUERYGROUP
GROUPNAME="CDM_CRA Query"
GROUPDESCRIPTION="">
<!-- Insert Users -->
<USERREF USERNAME="autoquery"/>
<USERREF USERNAME="c247278"/>
<USERREF USERNAME="c248706"/>
<USERREF USERNAME="z1x0698"/>
<USERREF USERNAME="z1x2075"/>
<USERREF USERNAME="c240719"/>
<USERREF USERNAME="c242363"/>
<USERREF USERNAME="c239135"/>
<USERREF USERNAME="c240718"/>
<USERREF USERNAME="c226977"/>
<USERREF USERNAME="c234575"/>
<USERREF USERNAME="z2x9961"/>
<USERREF USERNAME="c243497"/>
<USERREF USERNAME="c232959"/>
<USERREF USERNAME="z2x2461"/>
<USERREF USERNAME="c241301"/>
<USERREF USERNAME="z2x4239"/>
<USERREF USERNAME="c227019"/>
<USERREF USERNAME="c235968"/>
<USERREF USERNAME="c229512"/>
<USERREF USERNAME="c234577"/>
<USERREF USERNAME="c243740"/>
<USERREF USERNAME="z2x6036"/>
<USERREF USERNAME="c244597"/>
<USERREF USERNAME="z2x1226"/>
<USERREF USERNAME="z2x2291"/>
<USERREF USERNAME="c168654"/>
</QUERYGROUP>

<QUERYGROUP
GROUPNAME="Coding Query Group"
GROUPDESCRIPTION="">
<!-- Insert Users -->
<USERREF USERNAME="coder_query"/>
</QUERYGROUP>

<QUERYGROUP
GROUPNAME="GPS_Query"
GROUPDESCRIPTION="">
<!-- Insert Users -->
<USERREF USERNAME="c219898"/>
<USERREF USERNAME="a701824"/>
<USERREF USERNAME="c026393"/>
<USERREF USERNAME="a608760"/>
<USERREF USERNAME="a608261"/>
<USERREF USERNAME="rm36132"/>
<USERREF USERNAME="c199642"/>
<USERREF USERNAME="c223292"/>
<USERREF USERNAME="c068502"/>
<USERREF USERNAME="c228246"/>
<USERREF USERNAME="c228248"/>
<USERREF USERNAME="ye73456"/>
<USERREF USERNAME="rm35504"/>
<USERREF USERNAME="ye91098"/>
<USERREF USERNAME="yex7231"/>
<USERREF USERNAME="c025980"/>
<USERREF USERNAME="yex7614"/>
<USERREF USERNAME="c239605"/>
<USERREF USERNAME="c074429"/>
<USERREF USERNAME="c026390"/>
<USERREF USERNAME="u7x2510"/>
<USERREF USERNAME="yex7920"/>
<USERREF USERNAME="a511471"/>
<USERREF USERNAME="rm80655"/>
<USERREF USERNAME="c196683"/>
<USERREF USERNAME="c228249"/>
<USERREF USERNAME="c228247"/>
<USERREF USERNAME="c228250"/>
<USERREF USERNAME="c003859"/>
<USERREF USERNAME="c244714"/>
<USERREF USERNAME="u7X4333"/>
<USERREF USERNAME="c131994"/>
<USERREF USERNAME="c015393"/>
<USERREF USERNAME="c039853"/>
<USERREF USERNAME="rm90029"/>
<USERREF USERNAME="c069132"/>
<USERREF USERNAME="c071673"/>
<USERREF USERNAME="c203058"/>
<USERREF USERNAME="c148827"/>
<USERREF USERNAME="c206591"/>
<USERREF USERNAME="c074090"/>
<USERREF USERNAME="yex7750"/>
<USERREF USERNAME="c149066"/>
<USERREF USERNAME="c244562"/>
<USERREF USERNAME="c149177"/>
<USERREF USERNAME="c083101"/>
<USERREF USERNAME="c079244"/>
<USERREF USERNAME="c057362"/>
<USERREF USERNAME="c244333"/>
<USERREF USERNAME="c075541"/>
<USERREF USERNAME="c189327"/>
<USERREF USERNAME="yex8021"/>
<USERREF USERNAME="c058698"/>
<USERREF USERNAME="c143125"/>
<USERREF USERNAME="c135748"/>
<USERREF USERNAME="c149470"/>
<USERREF USERNAME="a803075"/>
<USERREF USERNAME="rm87794"/>
<USERREF USERNAME="c196248"/>
<USERREF USERNAME="c218621"/>
<USERREF USERNAME="c100415"/>
<USERREF USERNAME="rm89018"/>
<USERREF USERNAME="c202987"/>
<USERREF USERNAME="u6x6712"/>
<USERREF USERNAME="v6x8058"/>
<USERREF USERNAME="c090108"/>
<USERREF USERNAME="c068505"/>
<USERREF USERNAME="c085302"/>
<USERREF USERNAME="c074342"/>
<USERREF USERNAME="c021984"/>
<USERREF USERNAME="c194055"/>
<USERREF USERNAME="yex7972"/>
<USERREF USERNAME="v6x8356"/>
<USERREF USERNAME="c039863"/>
<USERREF USERNAME="c137396"/>
<USERREF USERNAME="c149176"/>
</QUERYGROUP>

<SIGNATUREGROUP
GROUPNAME="PI Signature"
GROUPDESCRIPTION=""
CRBMEANING="Approved"

CRBTEXT="By my dated signature below, I  %s  %s, verify that all case report form pages accurately display the results of the examinations, tests, evaluations and treatments performed on this patient.&lt;BR&gt;&lt;BR&gt;Pursuant to Section 11.100 of Title 21 of the Code of Federal Regulations, this is to certify that I intend that this electronic signature is to be the legally binding equivalent of my handwritten signature. &lt;BR&gt;&lt;BR&gt;To this I do attest by supplying my user name and password and clicking the button marked &lt;B&gt;Submit&lt;/B&gt; below"
 LANGUAGE="en-US">
<!-- Insert Users -->
<USERREF USERNAME="dskripova"/>
<USERREF USERNAME="gcortes-maisonet"/>
<USERREF USERNAME="egromniak"/>
<USERREF USERNAME="szweig"/>
<USERREF USERNAME="pnorwood"/>
<USERREF USERNAME="snakhle"/>
<USERREF USERNAME="mmccartney"/>
<USERREF USERNAME="pmehra"/>
<USERREF USERNAME="fmiranda"/>
<USERREF USERNAME="rortiz-carrasquillo"/>
<USERREF USERNAME="jrohlf"/>
<USERREF USERNAME="jrosen"/>
<USERREF USERNAME="jsoufer"/>
<USERREF USERNAME="mjozefowska"/>
<USERREF USERNAME="klukaszewicz"/>
<USERREF USERNAME="haudish"/>
<USERREF USERNAME="sbarton"/>
<USERREF USERNAME="sarora"/>
<USERREF USERNAME="abhargava"/>
<USERREF USERNAME="dbutuk"/>
<USERREF USERNAME="mchen"/>
<USERREF USERNAME="jfrias"/>
<USERREF USERNAME="ahaggag"/>
<USERREF USERNAME="mkutner"/>
<USERREF USERNAME="edavidson"/>
<USERREF USERNAME="tjennings"/>
<USERREF USERNAME="jrosenstock"/>
<USERREF USERNAME="jvan"/>
<USERREF USERNAME="awynne"/>
<USERREF USERNAME="mlillestol"/>
<USERREF USERNAME="aschlau"/>
<USERREF USERNAME="ashain"/>
<USERREF USERNAME="msheikh-ali"/>
<USERREF USERNAME="ktaylor"/>
<USERREF USERNAME="svelazquez"/>
<USERREF USERNAME="mwelch"/>
<USERREF USERNAME="gwilhoit"/>
<USERREF USERNAME="shsia"/>
<USERREF USERNAME="slayle"/>
<USERREF USERNAME="gmartinez"/>
</SIGNATUREGROUP>

<REPORTINGGROUP
GROUPNAME="Publishers"
GROUPDESCRIPTION="Users who can create folders and other content within the Public Folder space">
<!-- Insert Users -->
<USERREF USERNAME="z2x2291"/>
<USERREF USERNAME="c247278"/>
<USERREF USERNAME="c248706"/>
<USERREF USERNAME="c168654"/>
<USERREF USERNAME="i8fmcgpgb_RE"/>
</REPORTINGGROUP>

<REPORTINGGROUP
GROUPNAME="Report Administrators"
GROUPDESCRIPTION="Users who can administer authorized public content such as setting permissions on folders and reports">
<!-- Insert Users -->
<USERREF USERNAME="c247278"/>
<USERREF USERNAME="c248706"/>
<USERREF USERNAME="c168654"/>
<USERREF USERNAME="z2x2291"/>
</REPORTINGGROUP>

<REPORTINGGROUP
GROUPNAME="Site Users"
GROUPDESCRIPTION="Site Users">
<!-- Insert Users -->
<USERREF USERNAME="bduffy-hidalgo"/>
<USERREF USERNAME="ktaylor"/>
<USERREF USERNAME="firani"/>
<USERREF USERNAME="svelazquez"/>
<USERREF USERNAME="mwelch"/>
<USERREF USERNAME="gwilhoit"/>
<USERREF USERNAME="kliddy"/>
<USERREF USERNAME="myang"/>
<USERREF USERNAME="shsia"/>
<USERREF USERNAME="ybeitra"/>
<USERREF USERNAME="slayle"/>
<USERREF USERNAME="gmartinez"/>
<USERREF USERNAME="msharma"/>
<USERREF USERNAME="jrodriguez"/>
<USERREF USERNAME="snakhle"/>
<USERREF USERNAME="pnorwood"/>
<USERREF USERNAME="szweig"/>
<USERREF USERNAME="egromniak"/>
<USERREF USERNAME="ggawlowski"/>
<USERREF USERNAME="bjaskulska-gorzelewska"/>
<USERREF USERNAME="dskripova"/>
<USERREF USERNAME="tdora"/>
<USERREF USERNAME="rsimons"/>
<USERREF USERNAME="jmai"/>
<USERREF USERNAME="gcortes-maisonet"/>
<USERREF USERNAME="bweichers"/>
<USERREF USERNAME="rdanielson"/>
<USERREF USERNAME="dwojdyla"/>
<USERREF USERNAME="imajewska"/>
<USERREF USERNAME="sthrasher"/>
<USERREF USERNAME="lsandoval"/>
<USERREF USERNAME="mmccartney"/>
<USERREF USERNAME="pmehra"/>
<USERREF USERNAME="fmiranda"/>
<USERREF USERNAME="ptorres"/>
<USERREF USERNAME="mguerrero"/>
<USERREF USERNAME="rortiz-carrasquillo"/>
<USERREF USERNAME="jrohlf"/>
<USERREF USERNAME="jrosen"/>
<USERREF USERNAME="dhammon"/>
<USERREF USERNAME="vwren"/>
<USERREF USERNAME="tkendall"/>
<USERREF USERNAME="jsoufer"/>
<USERREF USERNAME="mjozefowska"/>
<USERREF USERNAME="klukaszewicz"/>
<USERREF USERNAME="achamienia"/>
<USERREF USERNAME="mcarrillo"/>
<USERREF USERNAME="soswald"/>
<USERREF USERNAME="tschubert"/>
<USERREF USERNAME="ctrefny"/>
<USERREF USERNAME="haudish"/>
<USERREF USERNAME="sbarton"/>
<USERREF USERNAME="kstifel"/>
<USERREF USERNAME="sarora"/>
<USERREF USERNAME="mgonzalez"/>
<USERREF USERNAME="dschwartz"/>
<USERREF USERNAME="abhargava"/>
<USERREF USERNAME="dbutuk"/>
<USERREF USERNAME="mchen"/>
<USERREF USERNAME="lmiranda"/>
<USERREF USERNAME="etriebel"/>
<USERREF USERNAME="jfrias"/>
<USERREF USERNAME="ahaggag"/>
<USERREF USERNAME="rbonilla"/>
<USERREF USERNAME="mkutner"/>
<USERREF USERNAME="mstephenson"/>
<USERREF USERNAME="peshleman"/>
<USERREF USERNAME="edavidson"/>
<USERREF USERNAME="efrancisco"/>
<USERREF USERNAME="tjennings"/>
<USERREF USERNAME="ngarcia"/>
<USERREF USERNAME="ccolunga"/>
<USERREF USERNAME="jrosenstock"/>
<USERREF USERNAME="oromm"/>
<USERREF USERNAME="jvan"/>
<USERREF USERNAME="aduran-melendez"/>
<USERREF USERNAME="gdanet"/>
<USERREF USERNAME="amcmillian"/>
<USERREF USERNAME="awynne"/>
<USERREF USERNAME="mlillestol"/>
<USERREF USERNAME="acamacho"/>
<USERREF USERNAME="aschlau"/>
<USERREF USERNAME="ashain"/>
<USERREF USERNAME="msheikh-ali"/>
</REPORTINGGROUP>

<REPORTINGGROUP
GROUPNAME="Sponsor Users"
GROUPDESCRIPTION="Sponsor Users">
<!-- Insert Users -->
<USERREF USERNAME="c247278"/>
<USERREF USERNAME="rm35504"/>
<USERREF USERNAME="ye91098"/>
<USERREF USERNAME="yex7231"/>
<USERREF USERNAME="c025980"/>
<USERREF USERNAME="yex7614"/>
<USERREF USERNAME="c239605"/>
<USERREF USERNAME="c074429"/>
<USERREF USERNAME="c026390"/>
<USERREF USERNAME="u7x2510"/>
<USERREF USERNAME="yex7920"/>
<USERREF USERNAME="a511471"/>
<USERREF USERNAME="rm80655"/>
<USERREF USERNAME="c196683"/>
<USERREF USERNAME="c228249"/>
<USERREF USERNAME="c228247"/>
<USERREF USERNAME="c228250"/>
<USERREF USERNAME="c248339"/>
<USERREF USERNAME="c244599"/>
<USERREF USERNAME="z2x7035"/>
<USERREF USERNAME="z2x1297"/>
<USERREF USERNAME="z1x0698"/>
<USERREF USERNAME="z1x2075"/>
<USERREF USERNAME="c240719"/>
<USERREF USERNAME="c242363"/>
<USERREF USERNAME="c239135"/>
<USERREF USERNAME="c240718"/>
<USERREF USERNAME="c226977"/>
<USERREF USERNAME="c234575"/>
<USERREF USERNAME="z2x9961"/>
<USERREF USERNAME="c243497"/>
<USERREF USERNAME="c232959"/>
<USERREF USERNAME="c003859"/>
<USERREF USERNAME="c244714"/>
<USERREF USERNAME="u7X4333"/>
<USERREF USERNAME="c207931"/>
<USERREF USERNAME="c245101"/>
<USERREF USERNAME="c243736"/>
<USERREF USERNAME="z2x2461"/>
<USERREF USERNAME="c241301"/>
<USERREF USERNAME="z2x4239"/>
<USERREF USERNAME="c227019"/>
<USERREF USERNAME="c235968"/>
<USERREF USERNAME="c229512"/>
<USERREF USERNAME="c234577"/>
<USERREF USERNAME="c243740"/>
<USERREF USERNAME="z2x6036"/>
<USERREF USERNAME="c244597"/>
<USERREF USERNAME="z2x1226"/>
<USERREF USERNAME="coder_query"/>
<USERREF USERNAME="z2x2291"/>
<USERREF USERNAME="c131994"/>
<USERREF USERNAME="c168927"/>
<USERREF USERNAME="rx64111"/>
<USERREF USERNAME="c168654"/>
<USERREF USERNAME="c248706"/>
<USERREF USERNAME="c015393"/>
<USERREF USERNAME="i8fmcgpgb_RE"/>
<USERREF USERNAME="c039853"/>
<USERREF USERNAME="rm90029"/>
<USERREF USERNAME="c069132"/>
<USERREF USERNAME="c071673"/>
<USERREF USERNAME="c203058"/>
<USERREF USERNAME="c148827"/>
<USERREF USERNAME="c206591"/>
<USERREF USERNAME="c074090"/>
<USERREF USERNAME="yex7750"/>
<USERREF USERNAME="c149066"/>
<USERREF USERNAME="c244562"/>
<USERREF USERNAME="c149177"/>
<USERREF USERNAME="c083101"/>
<USERREF USERNAME="c079244"/>
<USERREF USERNAME="c057362"/>
<USERREF USERNAME="c244333"/>
<USERREF USERNAME="c075541"/>
<USERREF USERNAME="c189327"/>
<USERREF USERNAME="yex8021"/>
<USERREF USERNAME="c058698"/>
<USERREF USERNAME="c143125"/>
<USERREF USERNAME="c135748"/>
<USERREF USERNAME="c149470"/>
<USERREF USERNAME="a803075"/>
<USERREF USERNAME="rm87794"/>
<USERREF USERNAME="c196248"/>
<USERREF USERNAME="c218621"/>
<USERREF USERNAME="c100415"/>
<USERREF USERNAME="rm89018"/>
<USERREF USERNAME="c202987"/>
<USERREF USERNAME="u6x6712"/>
<USERREF USERNAME="v6x8058"/>
<USERREF USERNAME="c090108"/>
<USERREF USERNAME="c068505"/>
<USERREF USERNAME="c085302"/>
<USERREF USERNAME="c074342"/>
<USERREF USERNAME="c021984"/>
<USERREF USERNAME="c194055"/>
<USERREF USERNAME="yex7972"/>
<USERREF USERNAME="v6x8356"/>
<USERREF USERNAME="c039863"/>
<USERREF USERNAME="c137396"/>
<USERREF USERNAME="c149176"/>
<USERREF USERNAME="c219898"/>
<USERREF USERNAME="a701824"/>
<USERREF USERNAME="c026393"/>
<USERREF USERNAME="a608760"/>
<USERREF USERNAME="a608261"/>
<USERREF USERNAME="rm36132"/>
<USERREF USERNAME="c199642"/>
<USERREF USERNAME="c223292"/>
<USERREF USERNAME="c068502"/>
<USERREF USERNAME="c228246"/>
<USERREF USERNAME="c228248"/>
<USERREF USERNAME="ye73456"/>
</REPORTINGGROUP>

<REPORTINGGROUP
GROUPNAME="User Admin Info Data Users"
GROUPDESCRIPTION="Users who have access to user data including password related data">
<!-- Insert Users -->
<USERREF USERNAME="c039853"/>
<USERREF USERNAME="rm90029"/>
<USERREF USERNAME="c069132"/>
<USERREF USERNAME="c071673"/>
<USERREF USERNAME="c203058"/>
<USERREF USERNAME="c148827"/>
<USERREF USERNAME="c206591"/>
<USERREF USERNAME="c074090"/>
<USERREF USERNAME="yex7750"/>
<USERREF USERNAME="c149066"/>
<USERREF USERNAME="c244562"/>
<USERREF USERNAME="c149177"/>
<USERREF USERNAME="c083101"/>
<USERREF USERNAME="c079244"/>
<USERREF USERNAME="c057362"/>
<USERREF USERNAME="c244333"/>
<USERREF USERNAME="c075541"/>
<USERREF USERNAME="c189327"/>
<USERREF USERNAME="yex8021"/>
<USERREF USERNAME="c058698"/>
<USERREF USERNAME="c143125"/>
<USERREF USERNAME="c135748"/>
<USERREF USERNAME="c149470"/>
<USERREF USERNAME="a803075"/>
<USERREF USERNAME="rm87794"/>
<USERREF USERNAME="c196248"/>
<USERREF USERNAME="c218621"/>
<USERREF USERNAME="c100415"/>
<USERREF USERNAME="rm89018"/>
<USERREF USERNAME="c202987"/>
<USERREF USERNAME="u6x6712"/>
<USERREF USERNAME="v6x8058"/>
<USERREF USERNAME="c090108"/>
<USERREF USERNAME="c068505"/>
<USERREF USERNAME="c085302"/>
<USERREF USERNAME="c074342"/>
<USERREF USERNAME="c021984"/>
<USERREF USERNAME="c194055"/>
<USERREF USERNAME="yex7972"/>
<USERREF USERNAME="v6x8356"/>
<USERREF USERNAME="c039863"/>
<USERREF USERNAME="c137396"/>
<USERREF USERNAME="c149176"/>
<USERREF USERNAME="c219898"/>
<USERREF USERNAME="a701824"/>
<USERREF USERNAME="c026393"/>
<USERREF USERNAME="a608760"/>
<USERREF USERNAME="a608261"/>
<USERREF USERNAME="rm36132"/>
<USERREF USERNAME="c199642"/>
<USERREF USERNAME="c223292"/>
<USERREF USERNAME="c068502"/>
<USERREF USERNAME="c228246"/>
<USERREF USERNAME="c228248"/>
<USERREF USERNAME="ye73456"/>
<USERREF USERNAME="c247278"/>
<USERREF USERNAME="rm35504"/>
<USERREF USERNAME="ye91098"/>
<USERREF USERNAME="yex7231"/>
<USERREF USERNAME="c025980"/>
<USERREF USERNAME="yex7614"/>
<USERREF USERNAME="c239605"/>
<USERREF USERNAME="c074429"/>
<USERREF USERNAME="c026390"/>
<USERREF USERNAME="u7x2510"/>
<USERREF USERNAME="yex7920"/>
<USERREF USERNAME="a511471"/>
<USERREF USERNAME="rm80655"/>
<USERREF USERNAME="c196683"/>
<USERREF USERNAME="c228249"/>
<USERREF USERNAME="c228247"/>
<USERREF USERNAME="c228250"/>
<USERREF USERNAME="z1x0698"/>
<USERREF USERNAME="z1x2075"/>
<USERREF USERNAME="c240719"/>
<USERREF USERNAME="c242363"/>
<USERREF USERNAME="c239135"/>
<USERREF USERNAME="c240718"/>
<USERREF USERNAME="c226977"/>
<USERREF USERNAME="c234575"/>
<USERREF USERNAME="z2x9961"/>
<USERREF USERNAME="c243497"/>
<USERREF USERNAME="c232959"/>
<USERREF USERNAME="c003859"/>
<USERREF USERNAME="c244714"/>
<USERREF USERNAME="u7X4333"/>
<USERREF USERNAME="z2x2461"/>
<USERREF USERNAME="c241301"/>
<USERREF USERNAME="z2x4239"/>
<USERREF USERNAME="c227019"/>
<USERREF USERNAME="c235968"/>
<USERREF USERNAME="c229512"/>
<USERREF USERNAME="c234577"/>
<USERREF USERNAME="c243740"/>
<USERREF USERNAME="z2x6036"/>
<USERREF USERNAME="c244597"/>
<USERREF USERNAME="z2x1226"/>
<USERREF USERNAME="z2x2291"/>
<USERREF USERNAME="c131994"/>
<USERREF USERNAME="c168654"/>
<USERREF USERNAME="c248706"/>
<USERREF USERNAME="c015393"/>
<USERREF USERNAME="i8fmcgpgb_RE"/>
</REPORTINGGROUP>

<REPORTINGGROUP
GROUPNAME="User Info Data Users"
GROUPDESCRIPTION="Users who have access to user data except password related data">
<!-- Insert Users -->
<USERREF USERNAME="a803075"/>
<USERREF USERNAME="rm87794"/>
<USERREF USERNAME="c196248"/>
<USERREF USERNAME="c218621"/>
<USERREF USERNAME="c100415"/>
<USERREF USERNAME="rm89018"/>
<USERREF USERNAME="c202987"/>
<USERREF USERNAME="u6x6712"/>
<USERREF USERNAME="v6x8058"/>
<USERREF USERNAME="c090108"/>
<USERREF USERNAME="c068505"/>
<USERREF USERNAME="c085302"/>
<USERREF USERNAME="c074342"/>
<USERREF USERNAME="c021984"/>
<USERREF USERNAME="c194055"/>
<USERREF USERNAME="yex7972"/>
<USERREF USERNAME="v6x8356"/>
<USERREF USERNAME="c039863"/>
<USERREF USERNAME="c137396"/>
<USERREF USERNAME="c149176"/>
<USERREF USERNAME="c219898"/>
<USERREF USERNAME="a701824"/>
<USERREF USERNAME="c026393"/>
<USERREF USERNAME="a608760"/>
<USERREF USERNAME="a608261"/>
<USERREF USERNAME="rm36132"/>
<USERREF USERNAME="c199642"/>
<USERREF USERNAME="c223292"/>
<USERREF USERNAME="c068502"/>
<USERREF USERNAME="c228246"/>
<USERREF USERNAME="c228248"/>
<USERREF USERNAME="ye73456"/>
<USERREF USERNAME="rm35504"/>
<USERREF USERNAME="ye91098"/>
<USERREF USERNAME="yex7231"/>
<USERREF USERNAME="c025980"/>
<USERREF USERNAME="yex7614"/>
<USERREF USERNAME="c239605"/>
<USERREF USERNAME="c074429"/>
<USERREF USERNAME="c026390"/>
<USERREF USERNAME="u7x2510"/>
<USERREF USERNAME="yex7920"/>
<USERREF USERNAME="a511471"/>
<USERREF USERNAME="rm80655"/>
<USERREF USERNAME="c196683"/>
<USERREF USERNAME="c228249"/>
<USERREF USERNAME="c228247"/>
<USERREF USERNAME="c228250"/>
<USERREF USERNAME="z2x7035"/>
<USERREF USERNAME="z2x1297"/>
<USERREF USERNAME="c003859"/>
<USERREF USERNAME="c244714"/>
<USERREF USERNAME="u7X4333"/>
<USERREF USERNAME="c245101"/>
<USERREF USERNAME="c243736"/>
<USERREF USERNAME="c131994"/>
<USERREF USERNAME="c015393"/>
<USERREF USERNAME="c039853"/>
<USERREF USERNAME="rm90029"/>
<USERREF USERNAME="c069132"/>
<USERREF USERNAME="c071673"/>
<USERREF USERNAME="c203058"/>
<USERREF USERNAME="c148827"/>
<USERREF USERNAME="c206591"/>
<USERREF USERNAME="c074090"/>
<USERREF USERNAME="yex7750"/>
<USERREF USERNAME="c149066"/>
<USERREF USERNAME="c244562"/>
<USERREF USERNAME="c149177"/>
<USERREF USERNAME="c083101"/>
<USERREF USERNAME="c079244"/>
<USERREF USERNAME="c057362"/>
<USERREF USERNAME="c244333"/>
<USERREF USERNAME="c075541"/>
<USERREF USERNAME="c189327"/>
<USERREF USERNAME="yex8021"/>
<USERREF USERNAME="c058698"/>
<USERREF USERNAME="c143125"/>
<USERREF USERNAME="c135748"/>
<USERREF USERNAME="c149470"/>
</REPORTINGGROUP>

<QUERYGROUP
GROUPNAME="CDM_CRA Query"
GROUPDESCRIPTION="">
<!-- Insert Users -->
<USERREF USERNAME="autoquery"/>
</QUERYGROUP>

</MEDMLDATA>