<?xml version="1.0"?>
<MEDMLDATA xmlns="PhaseForward-MedML-Inform4">


<RIGHTSGROUP  GROUPNAME="Coding Query Rights Group">
<!-- Insert Users -->
<USERREF USERNAME="coder_query"/>

</RIGHTSGROUP>

<RIGHTSGROUP  GROUPNAME="Data Manager">
<!-- Insert Users -->
<USERREF USERNAME="c247278"/>
<USERREF USERNAME="c248706"/>
<USERREF USERNAME="c168654"/>
<USERREF USERNAME="z2x2291"/>

</RIGHTSGROUP>

<RIGHTSGROUP  GROUPNAME="GPS">
<!-- Insert Users -->
<USERREF USERNAME="c219898"/>
<USERREF USERNAME="a701824"/>
<USERREF USERNAME="c026393"/>
<USERREF USERNAME="a608760"/>
<USERREF USERNAME="a608261"/>
<USERREF USERNAME="rm36132"/>
<USERREF USERNAME="c199642"/>
<USERREF USERNAME="c223292"/>
<USERREF USERNAME="c068502"/>
<USERREF USERNAME="c228246"/>
<USERREF USERNAME="c228248"/>
<USERREF USERNAME="ye73456"/>
<USERREF USERNAME="rm35504"/>
<USERREF USERNAME="ye91098"/>
<USERREF USERNAME="yex7231"/>
<USERREF USERNAME="c025980"/>
<USERREF USERNAME="yex7614"/>
<USERREF USERNAME="c239605"/>
<USERREF USERNAME="c074429"/>
<USERREF USERNAME="c026390"/>
<USERREF USERNAME="u7x2510"/>
<USERREF USERNAME="yex7920"/>
<USERREF USERNAME="a511471"/>
<USERREF USERNAME="rm80655"/>
<USERREF USERNAME="c196683"/>
<USERREF USERNAME="c228249"/>
<USERREF USERNAME="c228247"/>
<USERREF USERNAME="c228250"/>
<USERREF USERNAME="c003859"/>
<USERREF USERNAME="c244714"/>
<USERREF USERNAME="u7X4333"/>
<USERREF USERNAME="c131994"/>
<USERREF USERNAME="c015393"/>
<USERREF USERNAME="c039853"/>
<USERREF USERNAME="rm90029"/>
<USERREF USERNAME="c069132"/>
<USERREF USERNAME="c071673"/>
<USERREF USERNAME="c203058"/>
<USERREF USERNAME="c148827"/>
<USERREF USERNAME="c206591"/>
<USERREF USERNAME="c074090"/>
<USERREF USERNAME="yex7750"/>
<USERREF USERNAME="c149066"/>
<USERREF USERNAME="c244562"/>
<USERREF USERNAME="c149177"/>
<USERREF USERNAME="c083101"/>
<USERREF USERNAME="c079244"/>
<USERREF USERNAME="c057362"/>
<USERREF USERNAME="c244333"/>
<USERREF USERNAME="c075541"/>
<USERREF USERNAME="c189327"/>
<USERREF USERNAME="yex8021"/>
<USERREF USERNAME="c058698"/>
<USERREF USERNAME="c143125"/>
<USERREF USERNAME="c135748"/>
<USERREF USERNAME="c149470"/>
<USERREF USERNAME="a803075"/>
<USERREF USERNAME="rm87794"/>
<USERREF USERNAME="c196248"/>
<USERREF USERNAME="c218621"/>
<USERREF USERNAME="c100415"/>
<USERREF USERNAME="rm89018"/>
<USERREF USERNAME="c202987"/>
<USERREF USERNAME="u6x6712"/>
<USERREF USERNAME="v6x8058"/>
<USERREF USERNAME="c090108"/>
<USERREF USERNAME="c068505"/>
<USERREF USERNAME="c085302"/>
<USERREF USERNAME="c074342"/>
<USERREF USERNAME="c021984"/>
<USERREF USERNAME="c194055"/>
<USERREF USERNAME="yex7972"/>
<USERREF USERNAME="v6x8356"/>
<USERREF USERNAME="c039863"/>
<USERREF USERNAME="c137396"/>
<USERREF USERNAME="c149176"/>

</RIGHTSGROUP>

<RIGHTSGROUP  GROUPNAME="Monitor">
<!-- Insert Users -->
<USERREF USERNAME="z1x0698"/>
<USERREF USERNAME="z2x1226"/>
<USERREF USERNAME="c240719"/>
<USERREF USERNAME="c242363"/>
<USERREF USERNAME="c239135"/>
<USERREF USERNAME="c240718"/>
<USERREF USERNAME="c226977"/>
<USERREF USERNAME="c234575"/>
<USERREF USERNAME="z2x9961"/>
<USERREF USERNAME="c243497"/>
<USERREF USERNAME="c232959"/>
<USERREF USERNAME="z2x2461"/>
<USERREF USERNAME="c241301"/>
<USERREF USERNAME="z2x4239"/>
<USERREF USERNAME="c227019"/>
<USERREF USERNAME="c235968"/>
<USERREF USERNAME="c229512"/>
<USERREF USERNAME="c234577"/>
<USERREF USERNAME="c243740"/>
<USERREF USERNAME="z2x6036"/>
<USERREF USERNAME="c244597"/>
<USERREF USERNAME="z1x2075"/>

</RIGHTSGROUP>

<RIGHTSGROUP  GROUPNAME="ODM Rights Group">
<!-- Insert Users -->
<USERREF USERNAME="odm_user"/>

</RIGHTSGROUP>

<RIGHTSGROUP  GROUPNAME="PFView Only">
<!-- Insert Users -->
<USERREF USERNAME="ZPFkbarkoczi"/>
<USERREF USERNAME="ZPFaverpeleti"/>

</RIGHTSGROUP>

<RIGHTSGROUP  GROUPNAME="PI">
<!-- Insert Users -->
<USERREF USERNAME="egromniak"/>
<USERREF USERNAME="klukaszewicz"/>
<USERREF USERNAME="mjozefowska"/>
<USERREF USERNAME="dskripova"/>

</RIGHTSGROUP>

<RIGHTSGROUP  GROUPNAME="PI Sign Only">
<!-- Insert Users -->
<USERREF USERNAME="jsoufer"/>
<USERREF USERNAME="haudish"/>
<USERREF USERNAME="sbarton"/>
<USERREF USERNAME="sarora"/>
<USERREF USERNAME="abhargava"/>
<USERREF USERNAME="dbutuk"/>
<USERREF USERNAME="mchen"/>
<USERREF USERNAME="jfrias"/>
<USERREF USERNAME="ahaggag"/>
<USERREF USERNAME="mkutner"/>
<USERREF USERNAME="edavidson"/>
<USERREF USERNAME="tjennings"/>
<USERREF USERNAME="jrosenstock"/>
<USERREF USERNAME="jvan"/>
<USERREF USERNAME="awynne"/>
<USERREF USERNAME="mlillestol"/>
<USERREF USERNAME="aschlau"/>
<USERREF USERNAME="ashain"/>
<USERREF USERNAME="msheikh-ali"/>
<USERREF USERNAME="ktaylor"/>
<USERREF USERNAME="svelazquez"/>
<USERREF USERNAME="mwelch"/>
<USERREF USERNAME="gwilhoit"/>
<USERREF USERNAME="shsia"/>
<USERREF USERNAME="slayle"/>
<USERREF USERNAME="gmartinez"/>
<USERREF USERNAME="snakhle"/>
<USERREF USERNAME="pnorwood"/>
<USERREF USERNAME="szweig"/>
<USERREF USERNAME="jrosen"/>
<USERREF USERNAME="jrohlf"/>
<USERREF USERNAME="rortiz-carrasquillo"/>
<USERREF USERNAME="fmiranda"/>
<USERREF USERNAME="pmehra"/>
<USERREF USERNAME="mmccartney"/>
<USERREF USERNAME="gcortes-maisonet"/>

</RIGHTSGROUP>

<RIGHTSGROUP  GROUPNAME="Report Extractor">
<!-- Insert Users -->
<USERREF USERNAME="i8fmcgpgb_RE"/>

</RIGHTSGROUP>

<RIGHTSGROUP  GROUPNAME="SC">
<!-- Insert Users -->
<USERREF USERNAME="tdora"/>
<USERREF USERNAME="rsimons"/>
<USERREF USERNAME="jmai"/>
<USERREF USERNAME="bweichers"/>
<USERREF USERNAME="rdanielson"/>
<USERREF USERNAME="dwojdyla"/>
<USERREF USERNAME="imajewska"/>
<USERREF USERNAME="sthrasher"/>
<USERREF USERNAME="lsandoval"/>
<USERREF USERNAME="ptorres"/>
<USERREF USERNAME="mguerrero"/>
<USERREF USERNAME="dhammon"/>
<USERREF USERNAME="vwren"/>
<USERREF USERNAME="tkendall"/>
<USERREF USERNAME="achamienia"/>
<USERREF USERNAME="mcarrillo"/>
<USERREF USERNAME="soswald"/>
<USERREF USERNAME="tschubert"/>
<USERREF USERNAME="ctrefny"/>
<USERREF USERNAME="kstifel"/>
<USERREF USERNAME="mgonzalez"/>
<USERREF USERNAME="dschwartz"/>
<USERREF USERNAME="lmiranda"/>
<USERREF USERNAME="etriebel"/>
<USERREF USERNAME="rbonilla"/>
<USERREF USERNAME="mstephenson"/>
<USERREF USERNAME="peshleman"/>
<USERREF USERNAME="efrancisco"/>
<USERREF USERNAME="ngarcia"/>
<USERREF USERNAME="ccolunga"/>
<USERREF USERNAME="oromm"/>
<USERREF USERNAME="aduran-melendez"/>
<USERREF USERNAME="gdanet"/>
<USERREF USERNAME="amcmillian"/>
<USERREF USERNAME="acamacho"/>
<USERREF USERNAME="bduffy-hidalgo"/>
<USERREF USERNAME="firani"/>
<USERREF USERNAME="kliddy"/>
<USERREF USERNAME="myang"/>
<USERREF USERNAME="ybeitra"/>
<USERREF USERNAME="msharma"/>
<USERREF USERNAME="jrodriguez"/>
<USERREF USERNAME="ggawlowski"/>
<USERREF USERNAME="bjaskulska-gorzelewska"/>

</RIGHTSGROUP>

<RIGHTSGROUP  GROUPNAME="Study Manager">
<!-- Insert Users -->
<USERREF USERNAME="c243736"/>
<USERREF USERNAME="z2x1297"/>
<USERREF USERNAME="z2x7035"/>
<USERREF USERNAME="c245101"/>

</RIGHTSGROUP>

<RIGHTSGROUP  GROUPNAME="Tier1_Admin">
<!-- Insert Users -->
<USERREF USERNAME="ZPFralorico"/>

</RIGHTSGROUP>

<RIGHTSGROUP  GROUPNAME="User Activator RG">
<!-- Insert Users -->
<USERREF USERNAME="ZPFabalogh"/>
<USERREF USERNAME="ZPFcmolom"/>
<USERREF USERNAME="ZPFepenzes"/>
<USERREF USERNAME="ZPFmandone"/>
<USERREF USERNAME="ZPFrducusin"/>
<USERREF USERNAME="ZPFpvamos"/>
<USERREF USERNAME="ZPFmlalangan"/>
<USERREF USERNAME="ZPFdnagy"/>
<USERREF USERNAME="ZPFedervishaj"/>
<USERREF USERNAME="ZPFprojas"/>

</RIGHTSGROUP>

<RIGHTSGROUP  GROUPNAME="User Manager RG">
<!-- Insert Users -->
<USERREF USERNAME="ZPFpvallar"/>
<USERREF USERNAME="ZPFoely"/>
<USERREF USERNAME="ZPFkkovacs"/>
<USERREF USERNAME="ZPFfvarga"/>
<USERREF USERNAME="ZPFapervaiz"/>
<USERREF USERNAME="ZPFtszabo"/>
<USERREF USERNAME="ZPFgkrucso"/>
<USERREF USERNAME="ZPFlbalubar"/>
<USERREF USERNAME="ZPFtcabanes"/>
<USERREF USERNAME="ZPFnvergara"/>
<USERREF USERNAME="ZPFrsulit"/>
<USERREF USERNAME="ZPFsdasilva"/>
<USERREF USERNAME="ZPFekosa"/>
<USERREF USERNAME="ZPFvzdirko"/>
<USERREF USERNAME="ZPFlcseke"/>
<USERREF USERNAME="ZPFkpinter"/>
<USERREF USERNAME="ZPFkcco"/>
<USERREF USERNAME="ZPFklim"/>
<USERREF USERNAME="ZPFkcsobalyka"/>
<USERREF USERNAME="ZPFskholti"/>
<USERREF USERNAME="ZPFsaguilar"/>
<USERREF USERNAME="ZPFlmate"/>
<USERREF USERNAME="ZPFstayco"/>
<USERREF USERNAME="ZPFgyvarga"/>
<USERREF USERNAME="ZPFmtoth"/>
<USERREF USERNAME="ZPFnqi"/>
<USERREF USERNAME="ZPFddiomede"/>
<USERREF USERNAME="ZPFijohl"/>
<USERREF USERNAME="ZPFdvittay"/>
<USERREF USERNAME="ZPFnreis"/>
<USERREF USERNAME="ZPFawarsama"/>
<USERREF USERNAME="ZPFjistenes"/>
<USERREF USERNAME="ZPFtfabian"/>
<USERREF USERNAME="ZPFasomogyi"/>

</RIGHTSGROUP>

<RIGHTSGROUP  GROUPNAME="VO">
<!-- Insert Users -->
<USERREF USERNAME="c168927"/>
<USERREF USERNAME="c244599"/>
<USERREF USERNAME="c207931"/>
<USERREF USERNAME="c248339"/>
<USERREF USERNAME="rx64111"/>

</RIGHTSGROUP>

</MEDMLDATA>