<?xml version="1.0"?>
<MEDMLDATA xmlns="PhaseForward-MedML-Inform4">


<REPORTINGGROUP
GROUPNAME="Ad Hoc Users"
GROUPDESCRIPTION="Users who have access to Ad Hoc Reporting">
<!-- Insert Users -->
<USERREF USERNAME="z1x0496"/>
<USERREF USERNAME="z2x2612"/>
<USERREF USERNAME="z2x2450"/>
<USERREF USERNAME="z2x0675"/>
<USERREF USERNAME="i3ymcjpbn_RE"/>
<USERREF USERNAME="a611974"/>
<USERREF USERNAME="z2x1565"/>
<USERREF USERNAME="z2x1894"/>
<USERREF USERNAME="z1x1726"/>
<USERREF USERNAME="c191699"/>
<USERREF USERNAME="z2x7766"/>
</REPORTINGGROUP>

<REPORTINGGROUP
GROUPNAME="Authors"
GROUPDESCRIPTION="Users who have access to Ad Hoc Reporting and Report Studio">
<!-- Insert Users -->
<USERREF USERNAME="i3ymcjpbn_RE"/>
</REPORTINGGROUP>

<QUERYGROUP
GROUPNAME="CDM_CRA Query"
GROUPDESCRIPTION="">
<!-- Insert Users -->
<USERREF USERNAME="autoquery"/>
<USERREF USERNAME="z2x1696"/>
<USERREF USERNAME="z3x2094"/>
<USERREF USERNAME="z3x0602"/>
<USERREF USERNAME="z2x7034"/>
<USERREF USERNAME="C191602"/>
<USERREF USERNAME="z1x1865"/>
<USERREF USERNAME="z1x1982"/>
<USERREF USERNAME="z1x4497"/>
<USERREF USERNAME="z2x5835"/>
<USERREF USERNAME="z2x2246"/>
<USERREF USERNAME="Z3X3124"/>
<USERREF USERNAME="z2x2612"/>
<USERREF USERNAME="Z2X3300"/>
<USERREF USERNAME="Z1X2605"/>
<USERREF USERNAME="z3x2399"/>
<USERREF USERNAME="c180452"/>
<USERREF USERNAME="z1x1837"/>
<USERREF USERNAME="z2x1723"/>
<USERREF USERNAME="z2x2450"/>
<USERREF USERNAME="z2x0675"/>
<USERREF USERNAME="z1x0496"/>
<USERREF USERNAME="z2x1565"/>
<USERREF USERNAME="z2x1894"/>
<USERREF USERNAME="z1x1726"/>
<USERREF USERNAME="c191699"/>
<USERREF USERNAME="Z2X9893"/>
<USERREF USERNAME="C178203"/>
<USERREF USERNAME="z1x2136"/>
<USERREF USERNAME="z3x2051"/>
<USERREF USERNAME="z2x6253"/>
<USERREF USERNAME="z2x7766"/>
<USERREF USERNAME="a611974"/>
<USERREF USERNAME="Z2X6671"/>
<USERREF USERNAME="z3x1764"/>
<USERREF USERNAME="z2x4020"/>
<USERREF USERNAME="z1x9763"/>
</QUERYGROUP>

<QUERYGROUP
GROUPNAME="Coding Query Group"
GROUPDESCRIPTION="">
<!-- Insert Users -->
<USERREF USERNAME="coder_query"/>
</QUERYGROUP>

<REPORTINGGROUP
GROUPNAME="Directory Administrators"
GROUPDESCRIPTION="Users who can administer authorization rights. They administer groups, accounts, contacts, distribution lists, data sources, and printers">
<!-- Insert Users -->
<USERREF USERNAME="i3ymcjpbn_RE"/>
</REPORTINGGROUP>

<QUERYGROUP
GROUPNAME="GPS_Query"
GROUPDESCRIPTION="">
<!-- Insert Users -->
<USERREF USERNAME="c068502"/>
<USERREF USERNAME="c015393"/>
<USERREF USERNAME="c089548"/>
<USERREF USERNAME="c026393"/>
<USERREF USERNAME="c075541"/>
<USERREF USERNAME="c039853"/>
<USERREF USERNAME="rm89018"/>
<USERREF USERNAME="v6x8058"/>
<USERREF USERNAME="c026390"/>
<USERREF USERNAME="c071673"/>
<USERREF USERNAME="a607676"/>
<USERREF USERNAME="rm90029"/>
<USERREF USERNAME="c143125"/>
<USERREF USERNAME="c090108"/>
<USERREF USERNAME="c074090"/>
<USERREF USERNAME="c131994"/>
<USERREF USERNAME="rm94611"/>
<USERREF USERNAME="c021984"/>
</QUERYGROUP>

<SIGNATUREGROUP
GROUPNAME="PI Signatures"
GROUPDESCRIPTION="Signature group assigned to PI and PI Sign Only roles"
CRFMEANING="X"
CRBMEANING="Approved"
CRFTEXT="NULL"
CRBTEXT="By my dated signature below, I  %s  %s, verify that all case report form pages accurately display the results of the examinations, tests, evaluations and treatments performed on this patient.&lt;BR&gt;&lt;BR&gt;Pursuant to Section 11.100 of Title 21 of the Code of Federal Regulations, this is to certify that I intend that this electronic signature is to be the legally binding equivalent of my handwritten signature. &lt;BR&gt;&lt;BR&gt;To this I do attest by supplying my user name and password and clicking the button marked &lt;B&gt;Submit&lt;/B&gt; below" LANGUAGE="en-US">
<!-- Insert Users -->
<USERREF USERNAME="aawada"/>
<USERREF USERNAME="hwildiers"/>
<USERREF USERNAME="dpatt"/>
<USERREF USERNAME="pward"/>
<USERREF USERNAME="dyardley"/>
<USERREF USERNAME="mdickler"/>
<USERREF USERNAME="vdieras"/>
<USERREF USERNAME="lteixeira"/>
<USERREF USERNAME="allombart"/>
<USERREF USERNAME="yjerez"/>
<USERREF USERNAME="mmartin"/>
<USERREF USERNAME="gjerusalem"/>
<USERREF USERNAME="jlcanon"/>
<USERREF USERNAME="pfumoleau"/>
<USERREF USERNAME="slynch"/>
<USERREF USERNAME="gwright"/>
<USERREF USERNAME="lhart"/>
<USERREF USERNAME="jcortes"/>
<USERREF USERNAME="ezamora"/>
</SIGNATUREGROUP>

<REPORTINGGROUP
GROUPNAME="Publishers"
GROUPDESCRIPTION="Users who can create folders and other content within the Public Folder space">
<!-- Insert Users -->
<USERREF USERNAME="z2x0675"/>
<USERREF USERNAME="z2x2450"/>
<USERREF USERNAME="z2x2612"/>
<USERREF USERNAME="z2x7766"/>
<USERREF USERNAME="c191699"/>
<USERREF USERNAME="a611974"/>
<USERREF USERNAME="z2x1894"/>
<USERREF USERNAME="z2x1565"/>
<USERREF USERNAME="z1x0496"/>
<USERREF USERNAME="i3ymcjpbn_RE"/>
<USERREF USERNAME="z1x1726"/>
</REPORTINGGROUP>

<REPORTINGGROUP
GROUPNAME="Report Administrators"
GROUPDESCRIPTION="Users who can administer authorized public content such as setting permissions on folders and reports">
<!-- Insert Users -->
<USERREF USERNAME="z2x2612"/>
<USERREF USERNAME="z2x2450"/>
<USERREF USERNAME="z2x0675"/>
<USERREF USERNAME="z1x0496"/>
<USERREF USERNAME="a611974"/>
<USERREF USERNAME="z2x1894"/>
<USERREF USERNAME="z1x1726"/>
<USERREF USERNAME="c191699"/>
<USERREF USERNAME="z2x7766"/>
<USERREF USERNAME="z2x1565"/>
</REPORTINGGROUP>

<REPORTINGGROUP
GROUPNAME="Site Users"
GROUPDESCRIPTION="Site Users">
<!-- Insert Users -->
<USERREF USERNAME="aokoro"/>
<USERREF USERNAME="bhalstead"/>
<USERREF USERNAME="aawada"/>
<USERREF USERNAME="mduliere"/>
<USERREF USERNAME="hwildiers"/>
<USERREF USERNAME="iwauters"/>
<USERREF USERNAME="jlcanon"/>
<USERREF USERNAME="mpiron"/>
<USERREF USERNAME="kaboudou"/>
<USERREF USERNAME="pfumoleau"/>
<USERREF USERNAME="slynch"/>
<USERREF USERNAME="gwright"/>
<USERREF USERNAME="lhart"/>
<USERREF USERNAME="awalker"/>
<USERREF USERNAME="sfernandez"/>
<USERREF USERNAME="aruiz"/>
<USERREF USERNAME="valberola"/>
<USERREF USERNAME="jcortes"/>
<USERREF USERNAME="ezamora"/>
<USERREF USERNAME="ngiven"/>
<USERREF USERNAME="jrowan"/>
<USERREF USERNAME="sadam"/>
<USERREF USERNAME="abuttice"/>
<USERREF USERNAME="ebiesmans"/>
<USERREF USERNAME="hhofkens"/>
<USERREF USERNAME="jdewelle"/>
<USERREF USERNAME="gjerusalem"/>
<USERREF USERNAME="vloo"/>
<USERREF USERNAME="mmartin"/>
<USERREF USERNAME="yjerez"/>
<USERREF USERNAME="allombart"/>
<USERREF USERNAME="mocasar"/>
<USERREF USERNAME="atorrent"/>
<USERREF USERNAME="aserrano"/>
<USERREF USERNAME="sbouzigues"/>
<USERREF USERNAME="lteixeira"/>
<USERREF USERNAME="vdieras"/>
<USERREF USERNAME="mdickler"/>
<USERREF USERNAME="dyardley"/>
<USERREF USERNAME="pward"/>
<USERREF USERNAME="dpatt"/>
</REPORTINGGROUP>

<REPORTINGGROUP
GROUPNAME="Sponsor Users"
GROUPDESCRIPTION="Sponsor Users">
<!-- Insert Users -->
<USERREF USERNAME="A109277"/>
<USERREF USERNAME="z2x7766"/>
<USERREF USERNAME="c015393"/>
<USERREF USERNAME="a611974"/>
<USERREF USERNAME="Z2X6671"/>
<USERREF USERNAME="z3x1764"/>
<USERREF USERNAME="z2x4020"/>
<USERREF USERNAME="z1x9763"/>
<USERREF USERNAME="z2x1696"/>
<USERREF USERNAME="z3x2094"/>
<USERREF USERNAME="z3x0602"/>
<USERREF USERNAME="z2x7034"/>
<USERREF USERNAME="C191602"/>
<USERREF USERNAME="z1x1865"/>
<USERREF USERNAME="z1x1982"/>
<USERREF USERNAME="z1x4497"/>
<USERREF USERNAME="z2x5835"/>
<USERREF USERNAME="z3x0688"/>
<USERREF USERNAME="c192448"/>
<USERREF USERNAME="c192611"/>
<USERREF USERNAME="C192893"/>
<USERREF USERNAME="c068502"/>
<USERREF USERNAME="c021984"/>
<USERREF USERNAME="c089548"/>
<USERREF USERNAME="c026393"/>
<USERREF USERNAME="c075541"/>
<USERREF USERNAME="z2x2246"/>
<USERREF USERNAME="Z3X3124"/>
<USERREF USERNAME="z2x2612"/>
<USERREF USERNAME="c039853"/>
<USERREF USERNAME="rm89018"/>
<USERREF USERNAME="v6x8058"/>
<USERREF USERNAME="c026390"/>
<USERREF USERNAME="c071673"/>
<USERREF USERNAME="Z2X3300"/>
<USERREF USERNAME="Z1X2605"/>
<USERREF USERNAME="z3x2399"/>
<USERREF USERNAME="c180452"/>
<USERREF USERNAME="z1x1837"/>
<USERREF USERNAME="z2x1723"/>
<USERREF USERNAME="z2x7248"/>
<USERREF USERNAME="c179650"/>
<USERREF USERNAME="z1x1972"/>
<USERREF USERNAME="c190660"/>
<USERREF USERNAME="z2x2450"/>
<USERREF USERNAME="coder_query"/>
<USERREF USERNAME="z2x0675"/>
<USERREF USERNAME="i3ymcjpbn_RE"/>
<USERREF USERNAME="z1x0496"/>
<USERREF USERNAME="z2x1565"/>
<USERREF USERNAME="z2x1894"/>
<USERREF USERNAME="z1x1726"/>
<USERREF USERNAME="a607676"/>
<USERREF USERNAME="c191699"/>
<USERREF USERNAME="rm90029"/>
<USERREF USERNAME="c143125"/>
<USERREF USERNAME="c090108"/>
<USERREF USERNAME="c074090"/>
<USERREF USERNAME="c131994"/>
<USERREF USERNAME="rm94611"/>
<USERREF USERNAME="Z2X9893"/>
<USERREF USERNAME="C178203"/>
<USERREF USERNAME="z1x2136"/>
<USERREF USERNAME="z3x2051"/>
<USERREF USERNAME="z2x6253"/>
<USERREF USERNAME="c179367"/>
<USERREF USERNAME="z3x1758"/>
<USERREF USERNAME="z1x1981"/>
<USERREF USERNAME="c189618"/>
<USERREF USERNAME="c193237"/>
<USERREF USERNAME="c192612"/>
<USERREF USERNAME="A607209"/>
</REPORTINGGROUP>

<REPORTINGGROUP
GROUPNAME="User Admin Info Data Users"
GROUPDESCRIPTION="Users who have access to user data including password related data">
<!-- Insert Users -->
<USERREF USERNAME="z2x5835"/>
<USERREF USERNAME="z2x4020"/>
<USERREF USERNAME="z3x1764"/>
<USERREF USERNAME="Z2X6671"/>
<USERREF USERNAME="a611974"/>
<USERREF USERNAME="z2x7766"/>
<USERREF USERNAME="z2x6253"/>
<USERREF USERNAME="z3x2051"/>
<USERREF USERNAME="z1x2136"/>
<USERREF USERNAME="C178203"/>
<USERREF USERNAME="Z2X9893"/>
<USERREF USERNAME="c191699"/>
<USERREF USERNAME="z1x1726"/>
<USERREF USERNAME="z2x1894"/>
<USERREF USERNAME="z2x1565"/>
<USERREF USERNAME="z1x0496"/>
<USERREF USERNAME="i3ymcjpbn_RE"/>
<USERREF USERNAME="z2x0675"/>
<USERREF USERNAME="z2x2450"/>
<USERREF USERNAME="z2x1723"/>
<USERREF USERNAME="z2x1696"/>
<USERREF USERNAME="z3x2094"/>
<USERREF USERNAME="z3x0602"/>
<USERREF USERNAME="z2x7034"/>
<USERREF USERNAME="C191602"/>
<USERREF USERNAME="z1x1865"/>
<USERREF USERNAME="z1x1982"/>
<USERREF USERNAME="z1x4497"/>
<USERREF USERNAME="z1x9763"/>
<USERREF USERNAME="z2x2246"/>
<USERREF USERNAME="Z3X3124"/>
<USERREF USERNAME="z2x2612"/>
<USERREF USERNAME="Z2X3300"/>
<USERREF USERNAME="Z1X2605"/>
<USERREF USERNAME="z3x2399"/>
<USERREF USERNAME="c180452"/>
<USERREF USERNAME="z1x1837"/>
</REPORTINGGROUP>

<REPORTINGGROUP
GROUPNAME="User Info Data Users"
GROUPDESCRIPTION="Users who have access to user data except password related data">
<!-- Insert Users -->
<USERREF USERNAME="c015393"/>
<USERREF USERNAME="c068502"/>
<USERREF USERNAME="A607209"/>
<USERREF USERNAME="rm94611"/>
<USERREF USERNAME="c131994"/>
<USERREF USERNAME="c074090"/>
<USERREF USERNAME="c090108"/>
<USERREF USERNAME="c143125"/>
<USERREF USERNAME="rm90029"/>
<USERREF USERNAME="a607676"/>
<USERREF USERNAME="c071673"/>
<USERREF USERNAME="c026390"/>
<USERREF USERNAME="v6x8058"/>
<USERREF USERNAME="rm89018"/>
<USERREF USERNAME="c039853"/>
<USERREF USERNAME="c075541"/>
<USERREF USERNAME="c026393"/>
<USERREF USERNAME="c089548"/>
<USERREF USERNAME="c021984"/>
<USERREF USERNAME="A109277"/>
</REPORTINGGROUP>

</MEDMLDATA>