<?xml version="1.0"?>
<MEDMLDATA xmlns="PhaseForward-MedML-Inform4">


<SITE  NAME="(700) Institut Jules Bordet"    MNEMONIC="700"
ADDRESS="121 Boulevard de Waterloo
1000 Brussels"
COUNTRY="BELGIUM"
PHONE="323225413111"
ALTPHONE="32"
FAX="32"
TIMEZONE="(GMT+01:00) Sarajevo, Skopje, Warsaw, Zagreb"
SITEDATEFORMAT="DAY_MONTH_YEAR"
STARTDATE="06/06/2014"
STUDYLOCALE="en-US"
SVAUTOSELECTRATE="100"
SVFIRSTNSUBJECTS="100"
/>


<SITE  NAME="(701) UZ Leuven"    MNEMONIC="701"
ADDRESS="Herestraat 49
3000 Leuven"
COUNTRY="BELGIUM"
PHONE="323216332211"
ALTPHONE="32"
FAX="32"
TIMEZONE="(GMT+01:00) Sarajevo, Skopje, Warsaw, Zagreb"
SITEDATEFORMAT="DAY_MONTH_YEAR"
STARTDATE="06/06/2014"
STUDYLOCALE="en-US"
SVAUTOSELECTRATE="100"
SVFIRSTNSUBJECTS="100"
/>


<SITE  NAME="(702) Grand Hopital de Charleroi"    MNEMONIC="702"
ADDRESS="Grand Rue 3
6000 Charleroi"
COUNTRY="BELGIUM"
PHONE="323271303101"
ALTPHONE="32"
FAX="32"
TIMEZONE="(GMT+01:00) Sarajevo, Skopje, Warsaw, Zagreb"
SITEDATEFORMAT="DAY_MONTH_YEAR"
STARTDATE="06/06/2014"
STUDYLOCALE="en-US"
SVAUTOSELECTRATE="100"
SVFIRSTNSUBJECTS="100"
/>


<SITE  NAME="(703) CHU Sart Tilman"    MNEMONIC="703"
ADDRESS="1 avenue de l hopital
4000 Liege"
COUNTRY="BELGIUM"
PHONE="323242425200"
ALTPHONE="32"
FAX="32"
TIMEZONE="(GMT+01:00) Sarajevo, Skopje, Warsaw, Zagreb"
SITEDATEFORMAT="DAY_MONTH_YEAR"
STARTDATE="06/06/2014"
STUDYLOCALE="en-US"
SVAUTOSELECTRATE="100"
SVFIRSTNSUBJECTS="100"
/>


<SITE  NAME="(600) Hopital Saint Louis"    MNEMONIC="600"
ADDRESS="Centre des Maladies du Sein
Service d Oncologie Medicale
1 Avenue Claude Vellefaux
75475 Paris Cedex 10"
COUNTRY="FRANCE"
PHONE="3333142494949"
ALTPHONE="33"
FAX="33"
TIMEZONE="(GMT+01:00) Belgrade, Bratislava, Budapest, Ljubljana, Prague"
SITEDATEFORMAT="DAY_MONTH_YEAR"
STARTDATE="06/06/2014"
STUDYLOCALE="en-US"
SVAUTOSELECTRATE="100"
SVFIRSTNSUBJECTS="100"
/>


<SITE  NAME="(601) Institute Curie"    MNEMONIC="601"
ADDRESS="Departement d Oncologie médicale
26 rue d Ulm
75248 PARIS Cedex 05"
COUNTRY="FRANCE"
PHONE="3333156245500"
ALTPHONE="33"
FAX="33"
TIMEZONE="(GMT+01:00) Sarajevo, Skopje, Warsaw, Zagreb"
SITEDATEFORMAT="DAY_MONTH_YEAR"
STARTDATE="06/06/2014"
STUDYLOCALE="en-US"
SVAUTOSELECTRATE="100"
SVFIRSTNSUBJECTS="100"
/>


<SITE  NAME="(602) Centre Georges Fracois Leclerc"    MNEMONIC="602"
ADDRESS="1 Rue du Professeur Marion
21079 Dijon Cedex"
COUNTRY="FRANCE"
PHONE="3333380737500"
ALTPHONE="33"
FAX="33"
TIMEZONE="(GMT+01:00) Sarajevo, Skopje, Warsaw, Zagreb"
SITEDATEFORMAT="DAY_MONTH_YEAR"
STARTDATE="06/06/2014"
STUDYLOCALE="en-US"
SVAUTOSELECTRATE="100"
SVFIRSTNSUBJECTS="100"
/>


<SITE  NAME="(800) Hospital Gregorio Maranon"    MNEMONIC="800"
ADDRESS="Doctor Esquerdo 46
Madrid Madrid 28007
Spain"
COUNTRY="SPAIN"
PHONE="3434915868000"
ALTPHONE="34"
FAX="34"
TIMEZONE="(GMT+01:00) Sarajevo, Skopje, Warsaw, Zagreb"
SITEDATEFORMAT="DAY_MONTH_YEAR"
STARTDATE="06/06/2014"
STUDYLOCALE="en-US"
SVAUTOSELECTRATE="100"
SVFIRSTNSUBJECTS="100"
/>


<SITE  NAME="(801) Hospital Arnau de Vilanova de Valencia"    MNEMONIC="801"
ADDRESS="San Clemente 26
Valencia 46015
Spain"
COUNTRY="SPAIN"
PHONE="3434963868501"
ALTPHONE="34"
FAX="34"
TIMEZONE="(GMT+01:00) Sarajevo, Skopje, Warsaw, Zagreb"
SITEDATEFORMAT="DAY_MONTH_YEAR"
STARTDATE="06/06/2014"
STUDYLOCALE="en-US"
SVAUTOSELECTRATE="100"
SVFIRSTNSUBJECTS="100"
/>


<SITE  NAME="(802) Hospital Vall dHebron"    MNEMONIC="802"
ADDRESS="Passeig Vall dHebron 119 129
Barcelona 8035
Spain"
COUNTRY="SPAIN"
PHONE="3434934893000"
ALTPHONE="34"
FAX="34"
TIMEZONE="(GMT+01:00) Sarajevo, Skopje, Warsaw, Zagreb"
SITEDATEFORMAT="DAY_MONTH_YEAR"
STARTDATE="06/06/2014"
STUDYLOCALE="en-US"
SVAUTOSELECTRATE="100"
SVFIRSTNSUBJECTS="100"
/>


<SITE  NAME="(100) Memorial Sloan Kettering Cancer Center"    MNEMONIC="100"
ADDRESS="1275 York Avenue New York NY  10065"
COUNTRY="UNITED STATES"
PHONE="16468884560"
ALTPHONE="1"
FAX="1"
TIMEZONE="(GMT-05:00) Eastern Time (US &#38; Canada)"
SITEDATEFORMAT="DAY_MONTH_YEAR"
STARTDATE="06/06/2014"
STUDYLOCALE="en-US"
SVAUTOSELECTRATE="100"
SVFIRSTNSUBJECTS="100"
/>


<SITE  NAME="(205) Tennessee Oncology NASHIVILLE SCRI"    MNEMONIC="205"
ADDRESS="250 25th Avenue North Suite 307 Nashville TN  37203"
COUNTRY="UNITED STATES"
PHONE="16153402827"
ALTPHONE="1"
FAX="1"
TIMEZONE="(GMT-06:00) Central Time (US &#38; Canada)"
SITEDATEFORMAT="DAY_MONTH_YEAR"
STARTDATE="06/06/2014"
STUDYLOCALE="en-US"
SVAUTOSELECTRATE="100"
SVFIRSTNSUBJECTS="100"
/>


<SITE  NAME="(101) Memorial Sloan Kettering Cancer Center"    MNEMONIC="101"
ADDRESS="1275 York Avenue New York NY  10065"
COUNTRY="UNITED STATES"
PHONE="16468884560"
ALTPHONE="1"
FAX="1"
TIMEZONE="(GMT-05:00) Eastern Time (US &#38; Canada)"
SITEDATEFORMAT="DAY_MONTH_YEAR"
STARTDATE="06/06/2014"
STUDYLOCALE="en-US"
SVAUTOSELECTRATE="100"
SVFIRSTNSUBJECTS="100"
/>


<SITE  NAME="(305) Tennessee Oncology NASHIVILLE SCRI"    MNEMONIC="305"
ADDRESS="250 25th Avenue North Suite 307 Nashville TN  37203"
COUNTRY="UNITED STATES"
PHONE="16153402827"
ALTPHONE="1"
FAX="1"
TIMEZONE="(GMT-06:00) Central Time (US &#38; Canada)"
SITEDATEFORMAT="DAY_MONTH_YEAR"
STARTDATE="06/06/2014"
STUDYLOCALE="en-US"
SVAUTOSELECTRATE="100"
SVFIRSTNSUBJECTS="100"
/>


<SITE  NAME="(203) Oncology Hematology Care SCRI"    MNEMONIC="203"
ADDRESS="4350 Malsbary Road Cincinnati OH  45242"
COUNTRY="UNITED STATES"
PHONE="15137512273"
ALTPHONE="1"
FAX="1"
TIMEZONE="(GMT-05:00) Eastern Time (US &#38; Canada)"
SITEDATEFORMAT="DAY_MONTH_YEAR"
STARTDATE="06/06/2014"
STUDYLOCALE="en-US"
SVAUTOSELECTRATE="100"
SVFIRSTNSUBJECTS="100"
/>


<SITE  NAME="(301) Texas Oncology Austin Central USO"    MNEMONIC="301"
ADDRESS="6204 Balcones Drive Austin TX  78731"
COUNTRY="UNITED STATES"
PHONE="15124279400"
ALTPHONE="1"
FAX="1"
TIMEZONE="(GMT-06:00) Central Time (US &#38; Canada)"
SITEDATEFORMAT="DAY_MONTH_YEAR"
STARTDATE="06/06/2014"
STUDYLOCALE="en-US"
SVAUTOSELECTRATE="100"
SVFIRSTNSUBJECTS="100"
/>


<SITE  NAME="(206) The Center for Cancer and Blood Disorders Main Site"    MNEMONIC="206"
ADDRESS="Research Department 800 West Magnolia Fort Worth TX 76104"
COUNTRY="UNITED STATES"
PHONE="18177597000"
ALTPHONE="1"
FAX="1"
TIMEZONE="(GMT-06:00) Central Time (US &#38; Canada)"
SITEDATEFORMAT="DAY_MONTH_YEAR"
STARTDATE="06/06/2014"
STUDYLOCALE="en-US"
SVAUTOSELECTRATE="100"
SVFIRSTNSUBJECTS="100"
/>


<SITE  NAME="(204) Florida Cancer Specialists NORTH SCRI"    MNEMONIC="204"
ADDRESS="560 Jackson St Suite 220 St Petersburg FL  33705"
COUNTRY="UNITED STATES"
PHONE="17272161143"
ALTPHONE="1"
FAX="1"
TIMEZONE="(GMT-05:00) Eastern Time (US &#38; Canada)"
SITEDATEFORMAT="DAY_MONTH_YEAR"
STARTDATE="06/06/2014"
STUDYLOCALE="en-US"
SVAUTOSELECTRATE="100"
SVFIRSTNSUBJECTS="100"
/>


<SITE  NAME="(202) Florida Cancer Specialists SOUTH SCRI"    MNEMONIC="202"
ADDRESS="4331 Veronica Shoemaker Boulevard Suite 15 Ft Myers FL  33906"
COUNTRY="UNITED STATES"
PHONE="12392756400"
ALTPHONE="1"
FAX="1"
TIMEZONE="(GMT-05:00) Eastern Time (US &#38; Canada)"
SITEDATEFORMAT="DAY_MONTH_YEAR"
STARTDATE="06/06/2014"
STUDYLOCALE="en-US"
SVAUTOSELECTRATE="100"
SVFIRSTNSUBJECTS="100"
/>


</MEDMLDATA>