<?xml version="1.0"?>
<MEDMLDATA xmlns="PhaseForward-MedML-Inform4">


<RIGHTSGROUP  GROUPNAME="Coding Query Rights Group">
<!-- Insert Users -->
<USERREF USERNAME="coder_query"/>

</RIGHTSGROUP>

<RIGHTSGROUP  GROUPNAME="Data Manager">
<!-- Insert Users -->
<USERREF USERNAME="z2x2612"/>
<USERREF USERNAME="z2x2450"/>
<USERREF USERNAME="z2x0675"/>
<USERREF USERNAME="z1x0496"/>
<USERREF USERNAME="a611974"/>
<USERREF USERNAME="z2x1894"/>
<USERREF USERNAME="z1x1726"/>
<USERREF USERNAME="c191699"/>
<USERREF USERNAME="z2x7766"/>
<USERREF USERNAME="z2x1565"/>

</RIGHTSGROUP>

<RIGHTSGROUP  GROUPNAME="GPS">
<!-- Insert Users -->
<USERREF USERNAME="c068502"/>
<USERREF USERNAME="c015393"/>
<USERREF USERNAME="c089548"/>
<USERREF USERNAME="c026393"/>
<USERREF USERNAME="c075541"/>
<USERREF USERNAME="c039853"/>
<USERREF USERNAME="rm89018"/>
<USERREF USERNAME="v6x8058"/>
<USERREF USERNAME="c026390"/>
<USERREF USERNAME="c071673"/>
<USERREF USERNAME="a607676"/>
<USERREF USERNAME="rm90029"/>
<USERREF USERNAME="c143125"/>
<USERREF USERNAME="c090108"/>
<USERREF USERNAME="c074090"/>
<USERREF USERNAME="c131994"/>
<USERREF USERNAME="rm94611"/>
<USERREF USERNAME="c021984"/>

</RIGHTSGROUP>

<RIGHTSGROUP  GROUPNAME="Monitor">
<!-- Insert Users -->
<USERREF USERNAME="z2x1696"/>
<USERREF USERNAME="z1x9763"/>
<USERREF USERNAME="z3x0602"/>
<USERREF USERNAME="z2x7034"/>
<USERREF USERNAME="C191602"/>
<USERREF USERNAME="z3x2094"/>
<USERREF USERNAME="z2x4020"/>
<USERREF USERNAME="z3x1764"/>
<USERREF USERNAME="Z2X6671"/>
<USERREF USERNAME="z3x2051"/>
<USERREF USERNAME="C178203"/>
<USERREF USERNAME="z2x5835"/>
<USERREF USERNAME="Z3X3124"/>
<USERREF USERNAME="Z2X3300"/>
<USERREF USERNAME="Z1X2605"/>
<USERREF USERNAME="z3x2399"/>
<USERREF USERNAME="c180452"/>
<USERREF USERNAME="z1x1837"/>
<USERREF USERNAME="z2x1723"/>
<USERREF USERNAME="Z2X9893"/>

</RIGHTSGROUP>

<RIGHTSGROUP  GROUPNAME="Monitor Manager">
<!-- Insert Users -->
<USERREF USERNAME="z2x6253"/>
<USERREF USERNAME="z2x2246"/>
<USERREF USERNAME="z1x2136"/>
<USERREF USERNAME="z1x4497"/>
<USERREF USERNAME="z1x1982"/>
<USERREF USERNAME="z1x1865"/>

</RIGHTSGROUP>

<RIGHTSGROUP  GROUPNAME="PFView Only">
<!-- Insert Users -->
<USERREF USERNAME="ZPFmszemjonka"/>
<USERREF USERNAME="ZPFskonig"/>
<USERREF USERNAME="ZPFaflathers"/>

</RIGHTSGROUP>

<RIGHTSGROUP  GROUPNAME="PI">
<!-- Insert Users -->
<USERREF USERNAME="aawada"/>
<USERREF USERNAME="gjerusalem"/>
<USERREF USERNAME="jlcanon"/>
<USERREF USERNAME="hwildiers"/>

</RIGHTSGROUP>

<RIGHTSGROUP  GROUPNAME="PI Sign Only">
<!-- Insert Users -->
<USERREF USERNAME="yjerez"/>
<USERREF USERNAME="allombart"/>
<USERREF USERNAME="lteixeira"/>
<USERREF USERNAME="vdieras"/>
<USERREF USERNAME="mdickler"/>
<USERREF USERNAME="dyardley"/>
<USERREF USERNAME="pward"/>
<USERREF USERNAME="mmartin"/>
<USERREF USERNAME="ezamora"/>
<USERREF USERNAME="dpatt"/>
<USERREF USERNAME="lhart"/>
<USERREF USERNAME="gwright"/>
<USERREF USERNAME="slynch"/>
<USERREF USERNAME="pfumoleau"/>
<USERREF USERNAME="jcortes"/>

</RIGHTSGROUP>

<RIGHTSGROUP  GROUPNAME="Report Extractor">
<!-- Insert Users -->
<USERREF USERNAME="i3ymcjpbn_RE"/>

</RIGHTSGROUP>

<RIGHTSGROUP  GROUPNAME="SC">
<!-- Insert Users -->
<USERREF USERNAME="aokoro"/>
<USERREF USERNAME="bhalstead"/>
<USERREF USERNAME="mduliere"/>
<USERREF USERNAME="iwauters"/>
<USERREF USERNAME="mpiron"/>
<USERREF USERNAME="kaboudou"/>
<USERREF USERNAME="awalker"/>
<USERREF USERNAME="sfernandez"/>
<USERREF USERNAME="aruiz"/>
<USERREF USERNAME="valberola"/>
<USERREF USERNAME="ngiven"/>
<USERREF USERNAME="jrowan"/>
<USERREF USERNAME="sadam"/>
<USERREF USERNAME="abuttice"/>
<USERREF USERNAME="ebiesmans"/>
<USERREF USERNAME="hhofkens"/>
<USERREF USERNAME="jdewelle"/>
<USERREF USERNAME="vloo"/>
<USERREF USERNAME="mocasar"/>
<USERREF USERNAME="atorrent"/>
<USERREF USERNAME="aserrano"/>
<USERREF USERNAME="sbouzigues"/>

</RIGHTSGROUP>

<RIGHTSGROUP  GROUPNAME="Study Manager">
<!-- Insert Users -->
<USERREF USERNAME="A607209"/>
<USERREF USERNAME="A109277"/>

</RIGHTSGROUP>

<RIGHTSGROUP  GROUPNAME="User Activator RG">
<!-- Insert Users -->
<USERREF USERNAME="ZPFhsekine"/>
<USERREF USERNAME="ZPFsdamato"/>
<USERREF USERNAME="ZPFmiwaki"/>
<USERREF USERNAME="ZPFvsoni"/>
<USERREF USERNAME="ZPFlstoica"/>
<USERREF USERNAME="ZPFdnagy"/>
<USERREF USERNAME="ZPFrducusin"/>
<USERREF USERNAME="ZPFjmacatangay"/>
<USERREF USERNAME="ZPFedervishaj"/>
<USERREF USERNAME="ZPFobodnar"/>
<USERREF USERNAME="ZPFzleczo"/>
<USERREF USERNAME="ZPFcroyalto"/>
<USERREF USERNAME="ZPFkbarkoczi"/>
<USERREF USERNAME="ZPFgradnai"/>
<USERREF USERNAME="ZPFjktan"/>
<USERREF USERNAME="ZPFckalinyak"/>

</RIGHTSGROUP>

<RIGHTSGROUP  GROUPNAME="User Manager RG">
<!-- Insert Users -->
<USERREF USERNAME="ZPFrcauad"/>
<USERREF USERNAME="ZPFkgal"/>
<USERREF USERNAME="ZPFkcsobalyka"/>
<USERREF USERNAME="ZPFaboth"/>
<USERREF USERNAME="ZPFaotsuka"/>
<USERREF USERNAME="ZPFsgazso"/>
<USERREF USERNAME="ZPFcvarga"/>
<USERREF USERNAME="ZPFbszabo"/>
<USERREF USERNAME="ZPFepenzes"/>
<USERREF USERNAME="ZPFkkovacs"/>
<USERREF USERNAME="ZPFdweakley"/>
<USERREF USERNAME="ZPFaszottfried"/>
<USERREF USERNAME="ZPFmyao"/>
<USERREF USERNAME="ZPFryu"/>
<USERREF USERNAME="ZPFskholti"/>
<USERREF USERNAME="ZPFsaguilar"/>
<USERREF USERNAME="ZPFaolah"/>
<USERREF USERNAME="ZPFpvallar"/>
<USERREF USERNAME="ZPFawarsama"/>
<USERREF USERNAME="ZPFnqi"/>
<USERREF USERNAME="ZPFijohl"/>
<USERREF USERNAME="ZPFtcabanes"/>
<USERREF USERNAME="ZPFnvergara"/>
<USERREF USERNAME="ZPFtfabian"/>
<USERREF USERNAME="ZPFasakata"/>
<USERREF USERNAME="ZPFapervaiz"/>

</RIGHTSGROUP>

<RIGHTSGROUP  GROUPNAME="VO">
<!-- Insert Users -->
<USERREF USERNAME="C192893"/>
<USERREF USERNAME="z2x7248"/>
<USERREF USERNAME="c179650"/>
<USERREF USERNAME="z1x1972"/>
<USERREF USERNAME="c190660"/>
<USERREF USERNAME="c192612"/>
<USERREF USERNAME="c193237"/>
<USERREF USERNAME="c189618"/>
<USERREF USERNAME="z1x1981"/>
<USERREF USERNAME="z3x1758"/>
<USERREF USERNAME="c179367"/>
<USERREF USERNAME="c192448"/>
<USERREF USERNAME="c192611"/>
<USERREF USERNAME="z3x0688"/>

</RIGHTSGROUP>

</MEDMLDATA>