<?xml version="1.0"?>
<MEDMLDATA xmlns="PhaseForward-MedML-Inform4">

<SITEGROUP SITENAME="(703) CHU Sart Tilman">
<USERREF USERNAME="i3ymcjpbn_RE"/>
<USERREF USERNAME="z2x2612"/>
<USERREF USERNAME="z1x0496"/>
<USERREF USERNAME="z2x0675"/>
<USERREF USERNAME="z2x1565"/>
<USERREF USERNAME="z2x1894"/>
<USERREF USERNAME="z2x7766"/>
<USERREF USERNAME="z1x1726"/>
<USERREF USERNAME="c015393"/>
<USERREF USERNAME="a607676"/>
<USERREF USERNAME="a611974"/>
<USERREF USERNAME="c191699"/>
<USERREF USERNAME="c039853"/>
<USERREF USERNAME="rm90029"/>
<USERREF USERNAME="rm89018"/>
<USERREF USERNAME="c143125"/>
<USERREF USERNAME="v6x8058"/>
<USERREF USERNAME="c090108"/>
<USERREF USERNAME="c068502"/>
<USERREF USERNAME="c074090"/>
<USERREF USERNAME="c021984"/>
<USERREF USERNAME="c131994"/>
<USERREF USERNAME="c089548"/>
<USERREF USERNAME="rm94611"/>
<USERREF USERNAME="c026393"/>
<USERREF USERNAME="c026390"/>
<USERREF USERNAME="c075541"/>
<USERREF USERNAME="c071673"/>
<USERREF USERNAME="z2x2246"/>
<USERREF USERNAME="Z2X9893"/>
<USERREF USERNAME="Z3X3124"/>
<USERREF USERNAME="Z2X3300"/>
<USERREF USERNAME="Z2X6671"/>
<USERREF USERNAME="Z1X2605"/>
<USERREF USERNAME="z3x2399"/>
<USERREF USERNAME="z1x9763"/>
<USERREF USERNAME="A607209"/>
<USERREF USERNAME="A109277"/>
<USERREF USERNAME="gjerusalem"/>
<USERREF USERNAME="mpiron"/>
<USERREF USERNAME="vloo"/>
<USERREF USERNAME="z2x2450"/>
<USERREF USERNAME="coder_query"/>
<USERREF USERNAME="ZPFapervaiz"/>
<USERREF USERNAME="ZPFaflathers"/>
<USERREF USERNAME="ZPFskonig"/>
<USERREF USERNAME="ZPFmszemjonka"/>
<USERREF USERNAME="ZPFcvarga"/>
<USERREF USERNAME="ZPFbszabo"/>
<USERREF USERNAME="ZPFepenzes"/>
<USERREF USERNAME="ZPFkkovacs"/>
<USERREF USERNAME="ZPFckalinyak"/>
<USERREF USERNAME="ZPFjktan"/>
<USERREF USERNAME="ZPFgradnai"/>
<USERREF USERNAME="ZPFkbarkoczi"/>
<USERREF USERNAME="ZPFasakata"/>
<USERREF USERNAME="ZPFaboth"/>
<USERREF USERNAME="ZPFcroyalto"/>
<USERREF USERNAME="ZPFrcauad"/>
<USERREF USERNAME="ZPFryu"/>
<USERREF USERNAME="ZPFpvallar"/>
<USERREF USERNAME="ZPFzleczo"/>
<USERREF USERNAME="ZPFobodnar"/>
<USERREF USERNAME="ZPFedervishaj"/>
<USERREF USERNAME="ZPFsgazso"/>
<USERREF USERNAME="ZPFaotsuka"/>
<USERREF USERNAME="ZPFhsekine"/>
<USERREF USERNAME="ZPFkcsobalyka"/>
<USERREF USERNAME="ZPFjmacatangay"/>
<USERREF USERNAME="ZPFrducusin"/>
<USERREF USERNAME="ZPFskholti"/>
<USERREF USERNAME="ZPFsaguilar"/>
<USERREF USERNAME="ZPFaolah"/>
<USERREF USERNAME="ZPFdnagy"/>
<USERREF USERNAME="ZPFlstoica"/>
<USERREF USERNAME="ZPFnqi"/>
<USERREF USERNAME="ZPFijohl"/>
<USERREF USERNAME="ZPFtcabanes"/>
<USERREF USERNAME="ZPFnvergara"/>
<USERREF USERNAME="ZPFvsoni"/>
<USERREF USERNAME="ZPFdweakley"/>
<USERREF USERNAME="ZPFaszottfried"/>
<USERREF USERNAME="ZPFmyao"/>
<USERREF USERNAME="ZPFmiwaki"/>
<USERREF USERNAME="ZPFsdamato"/>
<USERREF USERNAME="ZPFawarsama"/>
<USERREF USERNAME="ZPFtfabian"/>
<USERREF USERNAME="ZPFkgal"/>
</SITEGROUP>
<SITEGROUP SITENAME="(602) Centre Georges Fracois Leclerc">
<USERREF USERNAME="c131994"/>
<USERREF USERNAME="c089548"/>
<USERREF USERNAME="rm94611"/>
<USERREF USERNAME="c026393"/>
<USERREF USERNAME="c026390"/>
<USERREF USERNAME="c075541"/>
<USERREF USERNAME="c071673"/>
<USERREF USERNAME="z2x2246"/>
<USERREF USERNAME="Z2X9893"/>
<USERREF USERNAME="Z3X3124"/>
<USERREF USERNAME="Z2X3300"/>
<USERREF USERNAME="Z2X6671"/>
<USERREF USERNAME="Z1X2605"/>
<USERREF USERNAME="z2x4020"/>
<USERREF USERNAME="z1x9763"/>
<USERREF USERNAME="pfumoleau"/>
<USERREF USERNAME="A607209"/>
<USERREF USERNAME="A109277"/>
<USERREF USERNAME="z2x2450"/>
<USERREF USERNAME="z2x2612"/>
<USERREF USERNAME="sbouzigues"/>
<USERREF USERNAME="i3ymcjpbn_RE"/>
<USERREF USERNAME="coder_query"/>
<USERREF USERNAME="z1x0496"/>
<USERREF USERNAME="z2x0675"/>
<USERREF USERNAME="z2x1565"/>
<USERREF USERNAME="z2x1894"/>
<USERREF USERNAME="z2x7766"/>
<USERREF USERNAME="z1x1726"/>
<USERREF USERNAME="c015393"/>
<USERREF USERNAME="a607676"/>
<USERREF USERNAME="a611974"/>
<USERREF USERNAME="c191699"/>
<USERREF USERNAME="c039853"/>
<USERREF USERNAME="rm90029"/>
<USERREF USERNAME="rm89018"/>
<USERREF USERNAME="c143125"/>
<USERREF USERNAME="v6x8058"/>
<USERREF USERNAME="c090108"/>
<USERREF USERNAME="c068502"/>
<USERREF USERNAME="c074090"/>
<USERREF USERNAME="c021984"/>
<USERREF USERNAME="ZPFapervaiz"/>
<USERREF USERNAME="ZPFaflathers"/>
<USERREF USERNAME="ZPFskonig"/>
<USERREF USERNAME="ZPFmszemjonka"/>
<USERREF USERNAME="ZPFcvarga"/>
<USERREF USERNAME="ZPFbszabo"/>
<USERREF USERNAME="ZPFepenzes"/>
<USERREF USERNAME="ZPFkkovacs"/>
<USERREF USERNAME="ZPFckalinyak"/>
<USERREF USERNAME="ZPFjktan"/>
<USERREF USERNAME="ZPFgradnai"/>
<USERREF USERNAME="ZPFkbarkoczi"/>
<USERREF USERNAME="ZPFasakata"/>
<USERREF USERNAME="ZPFaboth"/>
<USERREF USERNAME="ZPFcroyalto"/>
<USERREF USERNAME="ZPFrcauad"/>
<USERREF USERNAME="ZPFryu"/>
<USERREF USERNAME="ZPFpvallar"/>
<USERREF USERNAME="ZPFzleczo"/>
<USERREF USERNAME="ZPFobodnar"/>
<USERREF USERNAME="ZPFedervishaj"/>
<USERREF USERNAME="ZPFsgazso"/>
<USERREF USERNAME="ZPFaotsuka"/>
<USERREF USERNAME="ZPFhsekine"/>
<USERREF USERNAME="ZPFkcsobalyka"/>
<USERREF USERNAME="ZPFjmacatangay"/>
<USERREF USERNAME="ZPFrducusin"/>
<USERREF USERNAME="ZPFskholti"/>
<USERREF USERNAME="ZPFsaguilar"/>
<USERREF USERNAME="ZPFaolah"/>
<USERREF USERNAME="ZPFdnagy"/>
<USERREF USERNAME="ZPFlstoica"/>
<USERREF USERNAME="ZPFnqi"/>
<USERREF USERNAME="ZPFijohl"/>
<USERREF USERNAME="ZPFtcabanes"/>
<USERREF USERNAME="ZPFnvergara"/>
<USERREF USERNAME="ZPFvsoni"/>
<USERREF USERNAME="ZPFdweakley"/>
<USERREF USERNAME="ZPFaszottfried"/>
<USERREF USERNAME="ZPFmyao"/>
<USERREF USERNAME="ZPFmiwaki"/>
<USERREF USERNAME="ZPFsdamato"/>
<USERREF USERNAME="ZPFawarsama"/>
<USERREF USERNAME="ZPFtfabian"/>
<USERREF USERNAME="ZPFkgal"/>
</SITEGROUP>
<SITEGROUP SITENAME="(204) Florida Cancer Specialists NORTH SCRI">
<USERREF USERNAME="c189618"/>
<USERREF USERNAME="c192448"/>
<USERREF USERNAME="c193237"/>
<USERREF USERNAME="c192611"/>
<USERREF USERNAME="c192612"/>
<USERREF USERNAME="C192893"/>
<USERREF USERNAME="z2x2450"/>
<USERREF USERNAME="z2x2612"/>
<USERREF USERNAME="i3ymcjpbn_RE"/>
<USERREF USERNAME="coder_query"/>
<USERREF USERNAME="z1x0496"/>
<USERREF USERNAME="z2x0675"/>
<USERREF USERNAME="z2x1565"/>
<USERREF USERNAME="z2x1894"/>
<USERREF USERNAME="z2x7766"/>
<USERREF USERNAME="z1x1726"/>
<USERREF USERNAME="c015393"/>
<USERREF USERNAME="a607676"/>
<USERREF USERNAME="a611974"/>
<USERREF USERNAME="c191699"/>
<USERREF USERNAME="c039853"/>
<USERREF USERNAME="rm90029"/>
<USERREF USERNAME="rm89018"/>
<USERREF USERNAME="c143125"/>
<USERREF USERNAME="v6x8058"/>
<USERREF USERNAME="c090108"/>
<USERREF USERNAME="c068502"/>
<USERREF USERNAME="c074090"/>
<USERREF USERNAME="c021984"/>
<USERREF USERNAME="c131994"/>
<USERREF USERNAME="c089548"/>
<USERREF USERNAME="rm94611"/>
<USERREF USERNAME="c026393"/>
<USERREF USERNAME="c026390"/>
<USERREF USERNAME="c075541"/>
<USERREF USERNAME="c071673"/>
<USERREF USERNAME="z2x2246"/>
<USERREF USERNAME="Z2X9893"/>
<USERREF USERNAME="Z3X3124"/>
<USERREF USERNAME="Z2X3300"/>
<USERREF USERNAME="Z2X6671"/>
<USERREF USERNAME="Z1X2605"/>
<USERREF USERNAME="gwright"/>
<USERREF USERNAME="A607209"/>
<USERREF USERNAME="A109277"/>
<USERREF USERNAME="C191602"/>
<USERREF USERNAME="z2x1696"/>
<USERREF USERNAME="z1x1865"/>
<USERREF USERNAME="z1x1982"/>
<USERREF USERNAME="C178203"/>
<USERREF USERNAME="z1x2136"/>
<USERREF USERNAME="z1x4497"/>
<USERREF USERNAME="z3x2094"/>
<USERREF USERNAME="z3x0602"/>
<USERREF USERNAME="z3x2051"/>
<USERREF USERNAME="z2x7034"/>
<USERREF USERNAME="z1x1837"/>
<USERREF USERNAME="z2x5835"/>
<USERREF USERNAME="z2x1723"/>
<USERREF USERNAME="z2x6253"/>
<USERREF USERNAME="c179367"/>
<USERREF USERNAME="z2x7248"/>
<USERREF USERNAME="c179650"/>
<USERREF USERNAME="z3x1758"/>
<USERREF USERNAME="z1x1972"/>
<USERREF USERNAME="z1x1981"/>
<USERREF USERNAME="z3x0688"/>
<USERREF USERNAME="c190660"/>
<USERREF USERNAME="ZPFapervaiz"/>
<USERREF USERNAME="ZPFaflathers"/>
<USERREF USERNAME="ZPFskonig"/>
<USERREF USERNAME="ZPFmszemjonka"/>
<USERREF USERNAME="ZPFcvarga"/>
<USERREF USERNAME="ZPFbszabo"/>
<USERREF USERNAME="ZPFepenzes"/>
<USERREF USERNAME="ZPFkkovacs"/>
<USERREF USERNAME="ZPFckalinyak"/>
<USERREF USERNAME="ZPFjktan"/>
<USERREF USERNAME="ZPFgradnai"/>
<USERREF USERNAME="ZPFkbarkoczi"/>
<USERREF USERNAME="ZPFasakata"/>
<USERREF USERNAME="ZPFaboth"/>
<USERREF USERNAME="ZPFcroyalto"/>
<USERREF USERNAME="ZPFrcauad"/>
<USERREF USERNAME="ZPFryu"/>
<USERREF USERNAME="ZPFpvallar"/>
<USERREF USERNAME="ZPFzleczo"/>
<USERREF USERNAME="ZPFobodnar"/>
<USERREF USERNAME="ZPFedervishaj"/>
<USERREF USERNAME="ZPFsgazso"/>
<USERREF USERNAME="ZPFaotsuka"/>
<USERREF USERNAME="ZPFhsekine"/>
<USERREF USERNAME="ZPFkcsobalyka"/>
<USERREF USERNAME="ZPFjmacatangay"/>
<USERREF USERNAME="ZPFrducusin"/>
<USERREF USERNAME="ZPFskholti"/>
<USERREF USERNAME="ZPFsaguilar"/>
<USERREF USERNAME="ZPFaolah"/>
<USERREF USERNAME="ZPFdnagy"/>
<USERREF USERNAME="ZPFlstoica"/>
<USERREF USERNAME="ZPFnqi"/>
<USERREF USERNAME="ZPFijohl"/>
<USERREF USERNAME="ZPFtcabanes"/>
<USERREF USERNAME="ZPFnvergara"/>
<USERREF USERNAME="ZPFvsoni"/>
<USERREF USERNAME="ZPFdweakley"/>
<USERREF USERNAME="ZPFaszottfried"/>
<USERREF USERNAME="ZPFmyao"/>
<USERREF USERNAME="ZPFmiwaki"/>
<USERREF USERNAME="ZPFsdamato"/>
<USERREF USERNAME="ZPFawarsama"/>
<USERREF USERNAME="ZPFtfabian"/>
<USERREF USERNAME="ZPFkgal"/>
</SITEGROUP>
<SITEGROUP SITENAME="(202) Florida Cancer Specialists SOUTH SCRI">
<USERREF USERNAME="c189618"/>
<USERREF USERNAME="c192448"/>
<USERREF USERNAME="c193237"/>
<USERREF USERNAME="c192611"/>
<USERREF USERNAME="c192612"/>
<USERREF USERNAME="C192893"/>
<USERREF USERNAME="z2x2450"/>
<USERREF USERNAME="z2x2612"/>
<USERREF USERNAME="i3ymcjpbn_RE"/>
<USERREF USERNAME="coder_query"/>
<USERREF USERNAME="z1x0496"/>
<USERREF USERNAME="z2x0675"/>
<USERREF USERNAME="z2x1565"/>
<USERREF USERNAME="z2x1894"/>
<USERREF USERNAME="z2x7766"/>
<USERREF USERNAME="z1x1726"/>
<USERREF USERNAME="c015393"/>
<USERREF USERNAME="a607676"/>
<USERREF USERNAME="a611974"/>
<USERREF USERNAME="c191699"/>
<USERREF USERNAME="c039853"/>
<USERREF USERNAME="rm90029"/>
<USERREF USERNAME="rm89018"/>
<USERREF USERNAME="c143125"/>
<USERREF USERNAME="v6x8058"/>
<USERREF USERNAME="c090108"/>
<USERREF USERNAME="c068502"/>
<USERREF USERNAME="c074090"/>
<USERREF USERNAME="c021984"/>
<USERREF USERNAME="c131994"/>
<USERREF USERNAME="c089548"/>
<USERREF USERNAME="rm94611"/>
<USERREF USERNAME="c026393"/>
<USERREF USERNAME="c026390"/>
<USERREF USERNAME="c075541"/>
<USERREF USERNAME="c071673"/>
<USERREF USERNAME="z2x2246"/>
<USERREF USERNAME="Z2X9893"/>
<USERREF USERNAME="Z3X3124"/>
<USERREF USERNAME="Z2X3300"/>
<USERREF USERNAME="Z2X6671"/>
<USERREF USERNAME="Z1X2605"/>
<USERREF USERNAME="lhart"/>
<USERREF USERNAME="A607209"/>
<USERREF USERNAME="A109277"/>
<USERREF USERNAME="C191602"/>
<USERREF USERNAME="z2x1696"/>
<USERREF USERNAME="z1x1865"/>
<USERREF USERNAME="z1x1982"/>
<USERREF USERNAME="C178203"/>
<USERREF USERNAME="z1x2136"/>
<USERREF USERNAME="z1x4497"/>
<USERREF USERNAME="z3x2094"/>
<USERREF USERNAME="z3x0602"/>
<USERREF USERNAME="z3x2051"/>
<USERREF USERNAME="z2x7034"/>
<USERREF USERNAME="z1x1837"/>
<USERREF USERNAME="z2x5835"/>
<USERREF USERNAME="z2x1723"/>
<USERREF USERNAME="z2x6253"/>
<USERREF USERNAME="c179367"/>
<USERREF USERNAME="z2x7248"/>
<USERREF USERNAME="c179650"/>
<USERREF USERNAME="z3x1758"/>
<USERREF USERNAME="z1x1972"/>
<USERREF USERNAME="z1x1981"/>
<USERREF USERNAME="z3x0688"/>
<USERREF USERNAME="c190660"/>
<USERREF USERNAME="ZPFapervaiz"/>
<USERREF USERNAME="ZPFaflathers"/>
<USERREF USERNAME="ZPFskonig"/>
<USERREF USERNAME="ZPFmszemjonka"/>
<USERREF USERNAME="ZPFcvarga"/>
<USERREF USERNAME="ZPFbszabo"/>
<USERREF USERNAME="ZPFepenzes"/>
<USERREF USERNAME="ZPFkkovacs"/>
<USERREF USERNAME="ZPFckalinyak"/>
<USERREF USERNAME="ZPFjktan"/>
<USERREF USERNAME="ZPFgradnai"/>
<USERREF USERNAME="ZPFkbarkoczi"/>
<USERREF USERNAME="ZPFasakata"/>
<USERREF USERNAME="ZPFaboth"/>
<USERREF USERNAME="ZPFcroyalto"/>
<USERREF USERNAME="ZPFrcauad"/>
<USERREF USERNAME="ZPFryu"/>
<USERREF USERNAME="ZPFpvallar"/>
<USERREF USERNAME="ZPFzleczo"/>
<USERREF USERNAME="ZPFobodnar"/>
<USERREF USERNAME="ZPFedervishaj"/>
<USERREF USERNAME="ZPFsgazso"/>
<USERREF USERNAME="ZPFaotsuka"/>
<USERREF USERNAME="ZPFhsekine"/>
<USERREF USERNAME="ZPFkcsobalyka"/>
<USERREF USERNAME="ZPFjmacatangay"/>
<USERREF USERNAME="ZPFrducusin"/>
<USERREF USERNAME="ZPFskholti"/>
<USERREF USERNAME="ZPFsaguilar"/>
<USERREF USERNAME="ZPFaolah"/>
<USERREF USERNAME="ZPFdnagy"/>
<USERREF USERNAME="ZPFlstoica"/>
<USERREF USERNAME="ZPFnqi"/>
<USERREF USERNAME="ZPFijohl"/>
<USERREF USERNAME="ZPFtcabanes"/>
<USERREF USERNAME="ZPFnvergara"/>
<USERREF USERNAME="ZPFvsoni"/>
<USERREF USERNAME="ZPFdweakley"/>
<USERREF USERNAME="ZPFaszottfried"/>
<USERREF USERNAME="ZPFmyao"/>
<USERREF USERNAME="ZPFmiwaki"/>
<USERREF USERNAME="ZPFsdamato"/>
<USERREF USERNAME="ZPFawarsama"/>
<USERREF USERNAME="ZPFtfabian"/>
<USERREF USERNAME="ZPFkgal"/>
</SITEGROUP>
<SITEGROUP SITENAME="(702) Grand Hopital de Charleroi">
<USERREF USERNAME="i3ymcjpbn_RE"/>
<USERREF USERNAME="z2x2612"/>
<USERREF USERNAME="z1x0496"/>
<USERREF USERNAME="z2x0675"/>
<USERREF USERNAME="z2x1565"/>
<USERREF USERNAME="z2x1894"/>
<USERREF USERNAME="z2x7766"/>
<USERREF USERNAME="z1x1726"/>
<USERREF USERNAME="c015393"/>
<USERREF USERNAME="a607676"/>
<USERREF USERNAME="a611974"/>
<USERREF USERNAME="c191699"/>
<USERREF USERNAME="c039853"/>
<USERREF USERNAME="rm90029"/>
<USERREF USERNAME="rm89018"/>
<USERREF USERNAME="c143125"/>
<USERREF USERNAME="v6x8058"/>
<USERREF USERNAME="c090108"/>
<USERREF USERNAME="c068502"/>
<USERREF USERNAME="c074090"/>
<USERREF USERNAME="c021984"/>
<USERREF USERNAME="c131994"/>
<USERREF USERNAME="c089548"/>
<USERREF USERNAME="rm94611"/>
<USERREF USERNAME="c026393"/>
<USERREF USERNAME="c026390"/>
<USERREF USERNAME="c075541"/>
<USERREF USERNAME="c071673"/>
<USERREF USERNAME="z2x2246"/>
<USERREF USERNAME="Z2X9893"/>
<USERREF USERNAME="Z3X3124"/>
<USERREF USERNAME="Z2X3300"/>
<USERREF USERNAME="Z2X6671"/>
<USERREF USERNAME="Z1X2605"/>
<USERREF USERNAME="z3x2399"/>
<USERREF USERNAME="z1x9763"/>
<USERREF USERNAME="A607209"/>
<USERREF USERNAME="A109277"/>
<USERREF USERNAME="sadam"/>
<USERREF USERNAME="jdewelle"/>
<USERREF USERNAME="jlcanon"/>
<USERREF USERNAME="z2x2450"/>
<USERREF USERNAME="coder_query"/>
<USERREF USERNAME="ZPFapervaiz"/>
<USERREF USERNAME="ZPFaflathers"/>
<USERREF USERNAME="ZPFskonig"/>
<USERREF USERNAME="ZPFmszemjonka"/>
<USERREF USERNAME="ZPFcvarga"/>
<USERREF USERNAME="ZPFbszabo"/>
<USERREF USERNAME="ZPFepenzes"/>
<USERREF USERNAME="ZPFkkovacs"/>
<USERREF USERNAME="ZPFckalinyak"/>
<USERREF USERNAME="ZPFjktan"/>
<USERREF USERNAME="ZPFgradnai"/>
<USERREF USERNAME="ZPFkbarkoczi"/>
<USERREF USERNAME="ZPFasakata"/>
<USERREF USERNAME="ZPFaboth"/>
<USERREF USERNAME="ZPFcroyalto"/>
<USERREF USERNAME="ZPFrcauad"/>
<USERREF USERNAME="ZPFryu"/>
<USERREF USERNAME="ZPFpvallar"/>
<USERREF USERNAME="ZPFzleczo"/>
<USERREF USERNAME="ZPFobodnar"/>
<USERREF USERNAME="ZPFedervishaj"/>
<USERREF USERNAME="ZPFsgazso"/>
<USERREF USERNAME="ZPFaotsuka"/>
<USERREF USERNAME="ZPFhsekine"/>
<USERREF USERNAME="ZPFkcsobalyka"/>
<USERREF USERNAME="ZPFjmacatangay"/>
<USERREF USERNAME="ZPFrducusin"/>
<USERREF USERNAME="ZPFskholti"/>
<USERREF USERNAME="ZPFsaguilar"/>
<USERREF USERNAME="ZPFaolah"/>
<USERREF USERNAME="ZPFdnagy"/>
<USERREF USERNAME="ZPFlstoica"/>
<USERREF USERNAME="ZPFnqi"/>
<USERREF USERNAME="ZPFijohl"/>
<USERREF USERNAME="ZPFtcabanes"/>
<USERREF USERNAME="ZPFnvergara"/>
<USERREF USERNAME="ZPFvsoni"/>
<USERREF USERNAME="ZPFdweakley"/>
<USERREF USERNAME="ZPFaszottfried"/>
<USERREF USERNAME="ZPFmyao"/>
<USERREF USERNAME="ZPFmiwaki"/>
<USERREF USERNAME="ZPFsdamato"/>
<USERREF USERNAME="ZPFawarsama"/>
<USERREF USERNAME="ZPFtfabian"/>
<USERREF USERNAME="ZPFkgal"/>
</SITEGROUP>
<SITEGROUP SITENAME="(600) Hopital Saint Louis">
<USERREF USERNAME="i3ymcjpbn_RE"/>
<USERREF USERNAME="z2x2612"/>
<USERREF USERNAME="z1x0496"/>
<USERREF USERNAME="z2x0675"/>
<USERREF USERNAME="z2x1565"/>
<USERREF USERNAME="z2x1894"/>
<USERREF USERNAME="z2x7766"/>
<USERREF USERNAME="z1x1726"/>
<USERREF USERNAME="c015393"/>
<USERREF USERNAME="a607676"/>
<USERREF USERNAME="a611974"/>
<USERREF USERNAME="c191699"/>
<USERREF USERNAME="c039853"/>
<USERREF USERNAME="rm90029"/>
<USERREF USERNAME="rm89018"/>
<USERREF USERNAME="c143125"/>
<USERREF USERNAME="v6x8058"/>
<USERREF USERNAME="c090108"/>
<USERREF USERNAME="c068502"/>
<USERREF USERNAME="c074090"/>
<USERREF USERNAME="c021984"/>
<USERREF USERNAME="c131994"/>
<USERREF USERNAME="c089548"/>
<USERREF USERNAME="rm94611"/>
<USERREF USERNAME="c026393"/>
<USERREF USERNAME="c026390"/>
<USERREF USERNAME="c075541"/>
<USERREF USERNAME="c071673"/>
<USERREF USERNAME="z2x2246"/>
<USERREF USERNAME="Z2X9893"/>
<USERREF USERNAME="Z3X3124"/>
<USERREF USERNAME="Z2X3300"/>
<USERREF USERNAME="Z2X6671"/>
<USERREF USERNAME="Z1X2605"/>
<USERREF USERNAME="z2x4020"/>
<USERREF USERNAME="z1x9763"/>
<USERREF USERNAME="lteixeira"/>
<USERREF USERNAME="kaboudou"/>
<USERREF USERNAME="A607209"/>
<USERREF USERNAME="A109277"/>
<USERREF USERNAME="z2x2450"/>
<USERREF USERNAME="coder_query"/>
<USERREF USERNAME="ZPFapervaiz"/>
<USERREF USERNAME="ZPFaflathers"/>
<USERREF USERNAME="ZPFskonig"/>
<USERREF USERNAME="ZPFmszemjonka"/>
<USERREF USERNAME="ZPFcvarga"/>
<USERREF USERNAME="ZPFbszabo"/>
<USERREF USERNAME="ZPFepenzes"/>
<USERREF USERNAME="ZPFkkovacs"/>
<USERREF USERNAME="ZPFckalinyak"/>
<USERREF USERNAME="ZPFjktan"/>
<USERREF USERNAME="ZPFgradnai"/>
<USERREF USERNAME="ZPFkbarkoczi"/>
<USERREF USERNAME="ZPFasakata"/>
<USERREF USERNAME="ZPFaboth"/>
<USERREF USERNAME="ZPFcroyalto"/>
<USERREF USERNAME="ZPFrcauad"/>
<USERREF USERNAME="ZPFryu"/>
<USERREF USERNAME="ZPFpvallar"/>
<USERREF USERNAME="ZPFzleczo"/>
<USERREF USERNAME="ZPFobodnar"/>
<USERREF USERNAME="ZPFedervishaj"/>
<USERREF USERNAME="ZPFsgazso"/>
<USERREF USERNAME="ZPFaotsuka"/>
<USERREF USERNAME="ZPFhsekine"/>
<USERREF USERNAME="ZPFkcsobalyka"/>
<USERREF USERNAME="ZPFjmacatangay"/>
<USERREF USERNAME="ZPFrducusin"/>
<USERREF USERNAME="ZPFskholti"/>
<USERREF USERNAME="ZPFsaguilar"/>
<USERREF USERNAME="ZPFaolah"/>
<USERREF USERNAME="ZPFdnagy"/>
<USERREF USERNAME="ZPFlstoica"/>
<USERREF USERNAME="ZPFnqi"/>
<USERREF USERNAME="ZPFijohl"/>
<USERREF USERNAME="ZPFtcabanes"/>
<USERREF USERNAME="ZPFnvergara"/>
<USERREF USERNAME="ZPFvsoni"/>
<USERREF USERNAME="ZPFdweakley"/>
<USERREF USERNAME="ZPFaszottfried"/>
<USERREF USERNAME="ZPFmyao"/>
<USERREF USERNAME="ZPFmiwaki"/>
<USERREF USERNAME="ZPFsdamato"/>
<USERREF USERNAME="ZPFawarsama"/>
<USERREF USERNAME="ZPFtfabian"/>
<USERREF USERNAME="ZPFkgal"/>
</SITEGROUP>
<SITEGROUP SITENAME="(801) Hospital Arnau de Vilanova de Valencia">
<USERREF USERNAME="c021984"/>
<USERREF USERNAME="c074090"/>
<USERREF USERNAME="c089548"/>
<USERREF USERNAME="rm94611"/>
<USERREF USERNAME="c026393"/>
<USERREF USERNAME="c026390"/>
<USERREF USERNAME="c075541"/>
<USERREF USERNAME="c071673"/>
<USERREF USERNAME="z2x2246"/>
<USERREF USERNAME="Z2X9893"/>
<USERREF USERNAME="Z3X3124"/>
<USERREF USERNAME="Z2X3300"/>
<USERREF USERNAME="Z2X6671"/>
<USERREF USERNAME="Z1X2605"/>
<USERREF USERNAME="c180452"/>
<USERREF USERNAME="z1x9763"/>
<USERREF USERNAME="A607209"/>
<USERREF USERNAME="A109277"/>
<USERREF USERNAME="allombart"/>
<USERREF USERNAME="valberola"/>
<USERREF USERNAME="mocasar"/>
<USERREF USERNAME="z2x2450"/>
<USERREF USERNAME="z2x2612"/>
<USERREF USERNAME="i3ymcjpbn_RE"/>
<USERREF USERNAME="coder_query"/>
<USERREF USERNAME="z1x0496"/>
<USERREF USERNAME="z2x0675"/>
<USERREF USERNAME="z2x1565"/>
<USERREF USERNAME="z2x1894"/>
<USERREF USERNAME="z2x7766"/>
<USERREF USERNAME="z1x1726"/>
<USERREF USERNAME="c015393"/>
<USERREF USERNAME="a607676"/>
<USERREF USERNAME="a611974"/>
<USERREF USERNAME="c191699"/>
<USERREF USERNAME="c039853"/>
<USERREF USERNAME="rm90029"/>
<USERREF USERNAME="rm89018"/>
<USERREF USERNAME="c143125"/>
<USERREF USERNAME="v6x8058"/>
<USERREF USERNAME="c090108"/>
<USERREF USERNAME="c068502"/>
<USERREF USERNAME="c131994"/>
<USERREF USERNAME="ZPFapervaiz"/>
<USERREF USERNAME="ZPFaflathers"/>
<USERREF USERNAME="ZPFskonig"/>
<USERREF USERNAME="ZPFmszemjonka"/>
<USERREF USERNAME="ZPFcvarga"/>
<USERREF USERNAME="ZPFbszabo"/>
<USERREF USERNAME="ZPFepenzes"/>
<USERREF USERNAME="ZPFkkovacs"/>
<USERREF USERNAME="ZPFckalinyak"/>
<USERREF USERNAME="ZPFjktan"/>
<USERREF USERNAME="ZPFgradnai"/>
<USERREF USERNAME="ZPFkbarkoczi"/>
<USERREF USERNAME="ZPFasakata"/>
<USERREF USERNAME="ZPFaboth"/>
<USERREF USERNAME="ZPFcroyalto"/>
<USERREF USERNAME="ZPFrcauad"/>
<USERREF USERNAME="ZPFryu"/>
<USERREF USERNAME="ZPFpvallar"/>
<USERREF USERNAME="ZPFzleczo"/>
<USERREF USERNAME="ZPFobodnar"/>
<USERREF USERNAME="ZPFedervishaj"/>
<USERREF USERNAME="ZPFsgazso"/>
<USERREF USERNAME="ZPFaotsuka"/>
<USERREF USERNAME="ZPFhsekine"/>
<USERREF USERNAME="ZPFkcsobalyka"/>
<USERREF USERNAME="ZPFjmacatangay"/>
<USERREF USERNAME="ZPFrducusin"/>
<USERREF USERNAME="ZPFskholti"/>
<USERREF USERNAME="ZPFsaguilar"/>
<USERREF USERNAME="ZPFaolah"/>
<USERREF USERNAME="ZPFdnagy"/>
<USERREF USERNAME="ZPFlstoica"/>
<USERREF USERNAME="ZPFnqi"/>
<USERREF USERNAME="ZPFijohl"/>
<USERREF USERNAME="ZPFtcabanes"/>
<USERREF USERNAME="ZPFnvergara"/>
<USERREF USERNAME="ZPFvsoni"/>
<USERREF USERNAME="ZPFdweakley"/>
<USERREF USERNAME="ZPFaszottfried"/>
<USERREF USERNAME="ZPFmyao"/>
<USERREF USERNAME="ZPFmiwaki"/>
<USERREF USERNAME="ZPFsdamato"/>
<USERREF USERNAME="ZPFawarsama"/>
<USERREF USERNAME="ZPFtfabian"/>
<USERREF USERNAME="ZPFkgal"/>
</SITEGROUP>
<SITEGROUP SITENAME="(800) Hospital Gregorio Maranon">
<USERREF USERNAME="i3ymcjpbn_RE"/>
<USERREF USERNAME="coder_query"/>
<USERREF USERNAME="z1x0496"/>
<USERREF USERNAME="z2x0675"/>
<USERREF USERNAME="z2x1565"/>
<USERREF USERNAME="z2x1894"/>
<USERREF USERNAME="z2x7766"/>
<USERREF USERNAME="z1x1726"/>
<USERREF USERNAME="c015393"/>
<USERREF USERNAME="a607676"/>
<USERREF USERNAME="a611974"/>
<USERREF USERNAME="c191699"/>
<USERREF USERNAME="c039853"/>
<USERREF USERNAME="rm90029"/>
<USERREF USERNAME="rm89018"/>
<USERREF USERNAME="c143125"/>
<USERREF USERNAME="v6x8058"/>
<USERREF USERNAME="c090108"/>
<USERREF USERNAME="c068502"/>
<USERREF USERNAME="c074090"/>
<USERREF USERNAME="c021984"/>
<USERREF USERNAME="c131994"/>
<USERREF USERNAME="c089548"/>
<USERREF USERNAME="rm94611"/>
<USERREF USERNAME="c026393"/>
<USERREF USERNAME="c026390"/>
<USERREF USERNAME="c075541"/>
<USERREF USERNAME="c071673"/>
<USERREF USERNAME="z2x2246"/>
<USERREF USERNAME="Z2X9893"/>
<USERREF USERNAME="Z3X3124"/>
<USERREF USERNAME="Z2X3300"/>
<USERREF USERNAME="Z2X6671"/>
<USERREF USERNAME="Z1X2605"/>
<USERREF USERNAME="c180452"/>
<USERREF USERNAME="z1x9763"/>
<USERREF USERNAME="A607209"/>
<USERREF USERNAME="A109277"/>
<USERREF USERNAME="mmartin"/>
<USERREF USERNAME="sfernandez"/>
<USERREF USERNAME="yjerez"/>
<USERREF USERNAME="aruiz"/>
<USERREF USERNAME="z2x2450"/>
<USERREF USERNAME="z2x2612"/>
<USERREF USERNAME="ZPFapervaiz"/>
<USERREF USERNAME="ZPFaflathers"/>
<USERREF USERNAME="ZPFskonig"/>
<USERREF USERNAME="ZPFmszemjonka"/>
<USERREF USERNAME="ZPFcvarga"/>
<USERREF USERNAME="ZPFbszabo"/>
<USERREF USERNAME="ZPFepenzes"/>
<USERREF USERNAME="ZPFkkovacs"/>
<USERREF USERNAME="ZPFckalinyak"/>
<USERREF USERNAME="ZPFjktan"/>
<USERREF USERNAME="ZPFgradnai"/>
<USERREF USERNAME="ZPFkbarkoczi"/>
<USERREF USERNAME="ZPFasakata"/>
<USERREF USERNAME="ZPFaboth"/>
<USERREF USERNAME="ZPFcroyalto"/>
<USERREF USERNAME="ZPFrcauad"/>
<USERREF USERNAME="ZPFryu"/>
<USERREF USERNAME="ZPFpvallar"/>
<USERREF USERNAME="ZPFzleczo"/>
<USERREF USERNAME="ZPFobodnar"/>
<USERREF USERNAME="ZPFedervishaj"/>
<USERREF USERNAME="ZPFsgazso"/>
<USERREF USERNAME="ZPFaotsuka"/>
<USERREF USERNAME="ZPFhsekine"/>
<USERREF USERNAME="ZPFkcsobalyka"/>
<USERREF USERNAME="ZPFjmacatangay"/>
<USERREF USERNAME="ZPFrducusin"/>
<USERREF USERNAME="ZPFskholti"/>
<USERREF USERNAME="ZPFsaguilar"/>
<USERREF USERNAME="ZPFaolah"/>
<USERREF USERNAME="ZPFdnagy"/>
<USERREF USERNAME="ZPFlstoica"/>
<USERREF USERNAME="ZPFnqi"/>
<USERREF USERNAME="ZPFijohl"/>
<USERREF USERNAME="ZPFtcabanes"/>
<USERREF USERNAME="ZPFnvergara"/>
<USERREF USERNAME="ZPFvsoni"/>
<USERREF USERNAME="ZPFdweakley"/>
<USERREF USERNAME="ZPFaszottfried"/>
<USERREF USERNAME="ZPFmyao"/>
<USERREF USERNAME="ZPFmiwaki"/>
<USERREF USERNAME="ZPFsdamato"/>
<USERREF USERNAME="ZPFawarsama"/>
<USERREF USERNAME="ZPFtfabian"/>
<USERREF USERNAME="ZPFkgal"/>
</SITEGROUP>
<SITEGROUP SITENAME="(802) Hospital Vall dHebron">
<USERREF USERNAME="aserrano"/>
<USERREF USERNAME="ezamora"/>
<USERREF USERNAME="z2x2612"/>
<USERREF USERNAME="i3ymcjpbn_RE"/>
<USERREF USERNAME="coder_query"/>
<USERREF USERNAME="z1x0496"/>
<USERREF USERNAME="z2x0675"/>
<USERREF USERNAME="z2x1565"/>
<USERREF USERNAME="z2x1894"/>
<USERREF USERNAME="z2x7766"/>
<USERREF USERNAME="z1x1726"/>
<USERREF USERNAME="c015393"/>
<USERREF USERNAME="a607676"/>
<USERREF USERNAME="a611974"/>
<USERREF USERNAME="c191699"/>
<USERREF USERNAME="c039853"/>
<USERREF USERNAME="rm90029"/>
<USERREF USERNAME="rm89018"/>
<USERREF USERNAME="c143125"/>
<USERREF USERNAME="v6x8058"/>
<USERREF USERNAME="c090108"/>
<USERREF USERNAME="c068502"/>
<USERREF USERNAME="c074090"/>
<USERREF USERNAME="c021984"/>
<USERREF USERNAME="c131994"/>
<USERREF USERNAME="c089548"/>
<USERREF USERNAME="rm94611"/>
<USERREF USERNAME="c026393"/>
<USERREF USERNAME="c026390"/>
<USERREF USERNAME="c075541"/>
<USERREF USERNAME="c071673"/>
<USERREF USERNAME="z2x2246"/>
<USERREF USERNAME="Z2X9893"/>
<USERREF USERNAME="Z3X3124"/>
<USERREF USERNAME="Z2X3300"/>
<USERREF USERNAME="Z2X6671"/>
<USERREF USERNAME="Z1X2605"/>
<USERREF USERNAME="c180452"/>
<USERREF USERNAME="z1x9763"/>
<USERREF USERNAME="A607209"/>
<USERREF USERNAME="A109277"/>
<USERREF USERNAME="jcortes"/>
<USERREF USERNAME="atorrent"/>
<USERREF USERNAME="z2x2450"/>
<USERREF USERNAME="ZPFapervaiz"/>
<USERREF USERNAME="ZPFaflathers"/>
<USERREF USERNAME="ZPFskonig"/>
<USERREF USERNAME="ZPFmszemjonka"/>
<USERREF USERNAME="ZPFcvarga"/>
<USERREF USERNAME="ZPFbszabo"/>
<USERREF USERNAME="ZPFepenzes"/>
<USERREF USERNAME="ZPFkkovacs"/>
<USERREF USERNAME="ZPFckalinyak"/>
<USERREF USERNAME="ZPFjktan"/>
<USERREF USERNAME="ZPFgradnai"/>
<USERREF USERNAME="ZPFkbarkoczi"/>
<USERREF USERNAME="ZPFasakata"/>
<USERREF USERNAME="ZPFaboth"/>
<USERREF USERNAME="ZPFcroyalto"/>
<USERREF USERNAME="ZPFrcauad"/>
<USERREF USERNAME="ZPFryu"/>
<USERREF USERNAME="ZPFpvallar"/>
<USERREF USERNAME="ZPFzleczo"/>
<USERREF USERNAME="ZPFobodnar"/>
<USERREF USERNAME="ZPFedervishaj"/>
<USERREF USERNAME="ZPFsgazso"/>
<USERREF USERNAME="ZPFaotsuka"/>
<USERREF USERNAME="ZPFhsekine"/>
<USERREF USERNAME="ZPFkcsobalyka"/>
<USERREF USERNAME="ZPFjmacatangay"/>
<USERREF USERNAME="ZPFrducusin"/>
<USERREF USERNAME="ZPFskholti"/>
<USERREF USERNAME="ZPFsaguilar"/>
<USERREF USERNAME="ZPFaolah"/>
<USERREF USERNAME="ZPFdnagy"/>
<USERREF USERNAME="ZPFlstoica"/>
<USERREF USERNAME="ZPFnqi"/>
<USERREF USERNAME="ZPFijohl"/>
<USERREF USERNAME="ZPFtcabanes"/>
<USERREF USERNAME="ZPFnvergara"/>
<USERREF USERNAME="ZPFvsoni"/>
<USERREF USERNAME="ZPFdweakley"/>
<USERREF USERNAME="ZPFaszottfried"/>
<USERREF USERNAME="ZPFmyao"/>
<USERREF USERNAME="ZPFmiwaki"/>
<USERREF USERNAME="ZPFsdamato"/>
<USERREF USERNAME="ZPFawarsama"/>
<USERREF USERNAME="ZPFtfabian"/>
<USERREF USERNAME="ZPFkgal"/>
</SITEGROUP>
<SITEGROUP SITENAME="(700) Institut Jules Bordet">
<USERREF USERNAME="rm94611"/>
<USERREF USERNAME="c026393"/>
<USERREF USERNAME="c026390"/>
<USERREF USERNAME="c075541"/>
<USERREF USERNAME="c071673"/>
<USERREF USERNAME="z2x2246"/>
<USERREF USERNAME="Z2X9893"/>
<USERREF USERNAME="Z3X3124"/>
<USERREF USERNAME="Z2X3300"/>
<USERREF USERNAME="Z2X6671"/>
<USERREF USERNAME="Z1X2605"/>
<USERREF USERNAME="z3x1764"/>
<USERREF USERNAME="A607209"/>
<USERREF USERNAME="A109277"/>
<USERREF USERNAME="aawada"/>
<USERREF USERNAME="abuttice"/>
<USERREF USERNAME="mduliere"/>
<USERREF USERNAME="z2x2450"/>
<USERREF USERNAME="z2x2612"/>
<USERREF USERNAME="i3ymcjpbn_RE"/>
<USERREF USERNAME="coder_query"/>
<USERREF USERNAME="z1x0496"/>
<USERREF USERNAME="z2x0675"/>
<USERREF USERNAME="z2x1565"/>
<USERREF USERNAME="z2x1894"/>
<USERREF USERNAME="z2x7766"/>
<USERREF USERNAME="z1x1726"/>
<USERREF USERNAME="c015393"/>
<USERREF USERNAME="a607676"/>
<USERREF USERNAME="a611974"/>
<USERREF USERNAME="c191699"/>
<USERREF USERNAME="c039853"/>
<USERREF USERNAME="rm90029"/>
<USERREF USERNAME="rm89018"/>
<USERREF USERNAME="c143125"/>
<USERREF USERNAME="v6x8058"/>
<USERREF USERNAME="c090108"/>
<USERREF USERNAME="c068502"/>
<USERREF USERNAME="c074090"/>
<USERREF USERNAME="c021984"/>
<USERREF USERNAME="c131994"/>
<USERREF USERNAME="c089548"/>
<USERREF USERNAME="ZPFapervaiz"/>
<USERREF USERNAME="ZPFaflathers"/>
<USERREF USERNAME="ZPFskonig"/>
<USERREF USERNAME="ZPFmszemjonka"/>
<USERREF USERNAME="ZPFcvarga"/>
<USERREF USERNAME="ZPFbszabo"/>
<USERREF USERNAME="ZPFepenzes"/>
<USERREF USERNAME="ZPFkkovacs"/>
<USERREF USERNAME="ZPFckalinyak"/>
<USERREF USERNAME="ZPFjktan"/>
<USERREF USERNAME="ZPFgradnai"/>
<USERREF USERNAME="ZPFkbarkoczi"/>
<USERREF USERNAME="ZPFasakata"/>
<USERREF USERNAME="ZPFaboth"/>
<USERREF USERNAME="ZPFcroyalto"/>
<USERREF USERNAME="ZPFrcauad"/>
<USERREF USERNAME="ZPFryu"/>
<USERREF USERNAME="ZPFpvallar"/>
<USERREF USERNAME="ZPFzleczo"/>
<USERREF USERNAME="ZPFobodnar"/>
<USERREF USERNAME="ZPFedervishaj"/>
<USERREF USERNAME="ZPFsgazso"/>
<USERREF USERNAME="ZPFaotsuka"/>
<USERREF USERNAME="ZPFhsekine"/>
<USERREF USERNAME="ZPFkcsobalyka"/>
<USERREF USERNAME="ZPFjmacatangay"/>
<USERREF USERNAME="ZPFrducusin"/>
<USERREF USERNAME="ZPFskholti"/>
<USERREF USERNAME="ZPFsaguilar"/>
<USERREF USERNAME="ZPFaolah"/>
<USERREF USERNAME="ZPFdnagy"/>
<USERREF USERNAME="ZPFlstoica"/>
<USERREF USERNAME="ZPFnqi"/>
<USERREF USERNAME="ZPFijohl"/>
<USERREF USERNAME="ZPFtcabanes"/>
<USERREF USERNAME="ZPFnvergara"/>
<USERREF USERNAME="ZPFvsoni"/>
<USERREF USERNAME="ZPFdweakley"/>
<USERREF USERNAME="ZPFaszottfried"/>
<USERREF USERNAME="ZPFmyao"/>
<USERREF USERNAME="ZPFmiwaki"/>
<USERREF USERNAME="ZPFsdamato"/>
<USERREF USERNAME="ZPFawarsama"/>
<USERREF USERNAME="ZPFtfabian"/>
<USERREF USERNAME="ZPFkgal"/>
</SITEGROUP>
<SITEGROUP SITENAME="(601) Institute Curie">
<USERREF USERNAME="i3ymcjpbn_RE"/>
<USERREF USERNAME="z2x2612"/>
<USERREF USERNAME="z1x0496"/>
<USERREF USERNAME="z2x0675"/>
<USERREF USERNAME="z2x1565"/>
<USERREF USERNAME="z2x1894"/>
<USERREF USERNAME="z2x7766"/>
<USERREF USERNAME="z1x1726"/>
<USERREF USERNAME="c015393"/>
<USERREF USERNAME="a607676"/>
<USERREF USERNAME="a611974"/>
<USERREF USERNAME="c191699"/>
<USERREF USERNAME="c039853"/>
<USERREF USERNAME="rm90029"/>
<USERREF USERNAME="rm89018"/>
<USERREF USERNAME="c143125"/>
<USERREF USERNAME="v6x8058"/>
<USERREF USERNAME="c090108"/>
<USERREF USERNAME="c068502"/>
<USERREF USERNAME="c074090"/>
<USERREF USERNAME="c021984"/>
<USERREF USERNAME="c131994"/>
<USERREF USERNAME="c089548"/>
<USERREF USERNAME="rm94611"/>
<USERREF USERNAME="c026393"/>
<USERREF USERNAME="c026390"/>
<USERREF USERNAME="c075541"/>
<USERREF USERNAME="c071673"/>
<USERREF USERNAME="z2x2246"/>
<USERREF USERNAME="Z2X9893"/>
<USERREF USERNAME="Z3X3124"/>
<USERREF USERNAME="Z2X3300"/>
<USERREF USERNAME="Z2X6671"/>
<USERREF USERNAME="Z1X2605"/>
<USERREF USERNAME="z2x4020"/>
<USERREF USERNAME="z1x9763"/>
<USERREF USERNAME="vdieras"/>
<USERREF USERNAME="A607209"/>
<USERREF USERNAME="A109277"/>
<USERREF USERNAME="z2x2450"/>
<USERREF USERNAME="coder_query"/>
<USERREF USERNAME="ZPFapervaiz"/>
<USERREF USERNAME="ZPFaflathers"/>
<USERREF USERNAME="ZPFskonig"/>
<USERREF USERNAME="ZPFmszemjonka"/>
<USERREF USERNAME="ZPFcvarga"/>
<USERREF USERNAME="ZPFbszabo"/>
<USERREF USERNAME="ZPFepenzes"/>
<USERREF USERNAME="ZPFkkovacs"/>
<USERREF USERNAME="ZPFckalinyak"/>
<USERREF USERNAME="ZPFjktan"/>
<USERREF USERNAME="ZPFgradnai"/>
<USERREF USERNAME="ZPFkbarkoczi"/>
<USERREF USERNAME="ZPFasakata"/>
<USERREF USERNAME="ZPFaboth"/>
<USERREF USERNAME="ZPFcroyalto"/>
<USERREF USERNAME="ZPFrcauad"/>
<USERREF USERNAME="ZPFryu"/>
<USERREF USERNAME="ZPFpvallar"/>
<USERREF USERNAME="ZPFzleczo"/>
<USERREF USERNAME="ZPFobodnar"/>
<USERREF USERNAME="ZPFedervishaj"/>
<USERREF USERNAME="ZPFsgazso"/>
<USERREF USERNAME="ZPFaotsuka"/>
<USERREF USERNAME="ZPFhsekine"/>
<USERREF USERNAME="ZPFkcsobalyka"/>
<USERREF USERNAME="ZPFjmacatangay"/>
<USERREF USERNAME="ZPFrducusin"/>
<USERREF USERNAME="ZPFskholti"/>
<USERREF USERNAME="ZPFsaguilar"/>
<USERREF USERNAME="ZPFaolah"/>
<USERREF USERNAME="ZPFdnagy"/>
<USERREF USERNAME="ZPFlstoica"/>
<USERREF USERNAME="ZPFnqi"/>
<USERREF USERNAME="ZPFijohl"/>
<USERREF USERNAME="ZPFtcabanes"/>
<USERREF USERNAME="ZPFnvergara"/>
<USERREF USERNAME="ZPFvsoni"/>
<USERREF USERNAME="ZPFdweakley"/>
<USERREF USERNAME="ZPFaszottfried"/>
<USERREF USERNAME="ZPFmyao"/>
<USERREF USERNAME="ZPFmiwaki"/>
<USERREF USERNAME="ZPFsdamato"/>
<USERREF USERNAME="ZPFawarsama"/>
<USERREF USERNAME="ZPFtfabian"/>
<USERREF USERNAME="ZPFkgal"/>
</SITEGROUP>
<SITEGROUP SITENAME="(100) Memorial Sloan Kettering Cancer Center">
<USERREF USERNAME="i3ymcjpbn_RE"/>
<USERREF USERNAME="coder_query"/>
<USERREF USERNAME="z1x0496"/>
<USERREF USERNAME="z2x0675"/>
<USERREF USERNAME="z2x1565"/>
<USERREF USERNAME="z2x1894"/>
<USERREF USERNAME="z2x7766"/>
<USERREF USERNAME="z1x1726"/>
<USERREF USERNAME="c015393"/>
<USERREF USERNAME="a607676"/>
<USERREF USERNAME="a611974"/>
<USERREF USERNAME="c191699"/>
<USERREF USERNAME="c039853"/>
<USERREF USERNAME="rm90029"/>
<USERREF USERNAME="rm89018"/>
<USERREF USERNAME="c143125"/>
<USERREF USERNAME="v6x8058"/>
<USERREF USERNAME="c090108"/>
<USERREF USERNAME="c068502"/>
<USERREF USERNAME="c074090"/>
<USERREF USERNAME="c021984"/>
<USERREF USERNAME="c131994"/>
<USERREF USERNAME="c089548"/>
<USERREF USERNAME="rm94611"/>
<USERREF USERNAME="c026393"/>
<USERREF USERNAME="c026390"/>
<USERREF USERNAME="c075541"/>
<USERREF USERNAME="c071673"/>
<USERREF USERNAME="z2x2246"/>
<USERREF USERNAME="Z2X9893"/>
<USERREF USERNAME="Z3X3124"/>
<USERREF USERNAME="Z2X3300"/>
<USERREF USERNAME="Z2X6671"/>
<USERREF USERNAME="Z1X2605"/>
<USERREF USERNAME="A607209"/>
<USERREF USERNAME="A109277"/>
<USERREF USERNAME="C191602"/>
<USERREF USERNAME="z2x1696"/>
<USERREF USERNAME="z1x1865"/>
<USERREF USERNAME="z1x1982"/>
<USERREF USERNAME="C178203"/>
<USERREF USERNAME="z1x2136"/>
<USERREF USERNAME="z1x4497"/>
<USERREF USERNAME="z3x2094"/>
<USERREF USERNAME="z3x0602"/>
<USERREF USERNAME="z3x2051"/>
<USERREF USERNAME="z2x7034"/>
<USERREF USERNAME="z1x1837"/>
<USERREF USERNAME="z2x5835"/>
<USERREF USERNAME="z2x1723"/>
<USERREF USERNAME="z2x6253"/>
<USERREF USERNAME="c179367"/>
<USERREF USERNAME="z2x7248"/>
<USERREF USERNAME="c179650"/>
<USERREF USERNAME="z3x1758"/>
<USERREF USERNAME="z1x1972"/>
<USERREF USERNAME="z1x1981"/>
<USERREF USERNAME="z3x0688"/>
<USERREF USERNAME="c190660"/>
<USERREF USERNAME="c189618"/>
<USERREF USERNAME="c192448"/>
<USERREF USERNAME="c193237"/>
<USERREF USERNAME="c192611"/>
<USERREF USERNAME="c192612"/>
<USERREF USERNAME="C192893"/>
<USERREF USERNAME="z2x2450"/>
<USERREF USERNAME="z2x2612"/>
<USERREF USERNAME="ZPFapervaiz"/>
<USERREF USERNAME="ZPFaflathers"/>
<USERREF USERNAME="ZPFskonig"/>
<USERREF USERNAME="ZPFmszemjonka"/>
<USERREF USERNAME="ZPFcvarga"/>
<USERREF USERNAME="ZPFbszabo"/>
<USERREF USERNAME="ZPFepenzes"/>
<USERREF USERNAME="ZPFkkovacs"/>
<USERREF USERNAME="ZPFckalinyak"/>
<USERREF USERNAME="ZPFjktan"/>
<USERREF USERNAME="ZPFgradnai"/>
<USERREF USERNAME="ZPFkbarkoczi"/>
<USERREF USERNAME="ZPFasakata"/>
<USERREF USERNAME="ZPFaboth"/>
<USERREF USERNAME="ZPFcroyalto"/>
<USERREF USERNAME="ZPFrcauad"/>
<USERREF USERNAME="ZPFryu"/>
<USERREF USERNAME="ZPFpvallar"/>
<USERREF USERNAME="ZPFzleczo"/>
<USERREF USERNAME="ZPFobodnar"/>
<USERREF USERNAME="ZPFedervishaj"/>
<USERREF USERNAME="ZPFsgazso"/>
<USERREF USERNAME="ZPFaotsuka"/>
<USERREF USERNAME="ZPFhsekine"/>
<USERREF USERNAME="ZPFkcsobalyka"/>
<USERREF USERNAME="ZPFjmacatangay"/>
<USERREF USERNAME="ZPFrducusin"/>
<USERREF USERNAME="ZPFskholti"/>
<USERREF USERNAME="ZPFsaguilar"/>
<USERREF USERNAME="ZPFaolah"/>
<USERREF USERNAME="ZPFdnagy"/>
<USERREF USERNAME="ZPFlstoica"/>
<USERREF USERNAME="ZPFnqi"/>
<USERREF USERNAME="ZPFijohl"/>
<USERREF USERNAME="ZPFtcabanes"/>
<USERREF USERNAME="ZPFnvergara"/>
<USERREF USERNAME="ZPFvsoni"/>
<USERREF USERNAME="ZPFdweakley"/>
<USERREF USERNAME="ZPFaszottfried"/>
<USERREF USERNAME="ZPFmyao"/>
<USERREF USERNAME="ZPFmiwaki"/>
<USERREF USERNAME="ZPFsdamato"/>
<USERREF USERNAME="ZPFawarsama"/>
<USERREF USERNAME="ZPFtfabian"/>
<USERREF USERNAME="ZPFkgal"/>
</SITEGROUP>
<SITEGROUP SITENAME="(101) Memorial Sloan Kettering Cancer Center">
<USERREF USERNAME="i3ymcjpbn_RE"/>
<USERREF USERNAME="z2x2612"/>
<USERREF USERNAME="z1x0496"/>
<USERREF USERNAME="z2x0675"/>
<USERREF USERNAME="z2x1565"/>
<USERREF USERNAME="z2x1894"/>
<USERREF USERNAME="z2x7766"/>
<USERREF USERNAME="z1x1726"/>
<USERREF USERNAME="c015393"/>
<USERREF USERNAME="a607676"/>
<USERREF USERNAME="a611974"/>
<USERREF USERNAME="c191699"/>
<USERREF USERNAME="c039853"/>
<USERREF USERNAME="rm90029"/>
<USERREF USERNAME="rm89018"/>
<USERREF USERNAME="c143125"/>
<USERREF USERNAME="v6x8058"/>
<USERREF USERNAME="c090108"/>
<USERREF USERNAME="c068502"/>
<USERREF USERNAME="c074090"/>
<USERREF USERNAME="c021984"/>
<USERREF USERNAME="c131994"/>
<USERREF USERNAME="c089548"/>
<USERREF USERNAME="rm94611"/>
<USERREF USERNAME="c026393"/>
<USERREF USERNAME="c026390"/>
<USERREF USERNAME="c075541"/>
<USERREF USERNAME="c071673"/>
<USERREF USERNAME="z2x2246"/>
<USERREF USERNAME="Z2X9893"/>
<USERREF USERNAME="Z3X3124"/>
<USERREF USERNAME="Z2X3300"/>
<USERREF USERNAME="Z2X6671"/>
<USERREF USERNAME="Z1X2605"/>
<USERREF USERNAME="mdickler"/>
<USERREF USERNAME="A607209"/>
<USERREF USERNAME="A109277"/>
<USERREF USERNAME="z2x2450"/>
<USERREF USERNAME="coder_query"/>
<USERREF USERNAME="ZPFapervaiz"/>
<USERREF USERNAME="ZPFaflathers"/>
<USERREF USERNAME="ZPFskonig"/>
<USERREF USERNAME="ZPFmszemjonka"/>
<USERREF USERNAME="ZPFcvarga"/>
<USERREF USERNAME="ZPFbszabo"/>
<USERREF USERNAME="ZPFepenzes"/>
<USERREF USERNAME="ZPFkkovacs"/>
<USERREF USERNAME="ZPFckalinyak"/>
<USERREF USERNAME="ZPFjktan"/>
<USERREF USERNAME="ZPFgradnai"/>
<USERREF USERNAME="ZPFkbarkoczi"/>
<USERREF USERNAME="ZPFasakata"/>
<USERREF USERNAME="ZPFaboth"/>
<USERREF USERNAME="ZPFcroyalto"/>
<USERREF USERNAME="ZPFrcauad"/>
<USERREF USERNAME="ZPFryu"/>
<USERREF USERNAME="ZPFpvallar"/>
<USERREF USERNAME="ZPFzleczo"/>
<USERREF USERNAME="ZPFobodnar"/>
<USERREF USERNAME="ZPFedervishaj"/>
<USERREF USERNAME="ZPFsgazso"/>
<USERREF USERNAME="ZPFaotsuka"/>
<USERREF USERNAME="ZPFhsekine"/>
<USERREF USERNAME="ZPFkcsobalyka"/>
<USERREF USERNAME="ZPFjmacatangay"/>
<USERREF USERNAME="ZPFrducusin"/>
<USERREF USERNAME="ZPFskholti"/>
<USERREF USERNAME="ZPFsaguilar"/>
<USERREF USERNAME="ZPFaolah"/>
<USERREF USERNAME="ZPFdnagy"/>
<USERREF USERNAME="ZPFlstoica"/>
<USERREF USERNAME="ZPFnqi"/>
<USERREF USERNAME="ZPFijohl"/>
<USERREF USERNAME="ZPFtcabanes"/>
<USERREF USERNAME="ZPFnvergara"/>
<USERREF USERNAME="ZPFvsoni"/>
<USERREF USERNAME="ZPFdweakley"/>
<USERREF USERNAME="ZPFaszottfried"/>
<USERREF USERNAME="ZPFmyao"/>
<USERREF USERNAME="ZPFmiwaki"/>
<USERREF USERNAME="ZPFsdamato"/>
<USERREF USERNAME="ZPFawarsama"/>
<USERREF USERNAME="ZPFtfabian"/>
<USERREF USERNAME="ZPFkgal"/>
</SITEGROUP>
<SITEGROUP SITENAME="(203) Oncology Hematology Care SCRI">
<USERREF USERNAME="c192611"/>
<USERREF USERNAME="c192612"/>
<USERREF USERNAME="C192893"/>
<USERREF USERNAME="z2x2450"/>
<USERREF USERNAME="z2x2612"/>
<USERREF USERNAME="i3ymcjpbn_RE"/>
<USERREF USERNAME="coder_query"/>
<USERREF USERNAME="z1x0496"/>
<USERREF USERNAME="z2x0675"/>
<USERREF USERNAME="z2x1565"/>
<USERREF USERNAME="z2x1894"/>
<USERREF USERNAME="z2x7766"/>
<USERREF USERNAME="z1x1726"/>
<USERREF USERNAME="c015393"/>
<USERREF USERNAME="a607676"/>
<USERREF USERNAME="a611974"/>
<USERREF USERNAME="c191699"/>
<USERREF USERNAME="c039853"/>
<USERREF USERNAME="rm90029"/>
<USERREF USERNAME="rm89018"/>
<USERREF USERNAME="c143125"/>
<USERREF USERNAME="v6x8058"/>
<USERREF USERNAME="c090108"/>
<USERREF USERNAME="c068502"/>
<USERREF USERNAME="c074090"/>
<USERREF USERNAME="c021984"/>
<USERREF USERNAME="c131994"/>
<USERREF USERNAME="c089548"/>
<USERREF USERNAME="rm94611"/>
<USERREF USERNAME="c026393"/>
<USERREF USERNAME="c026390"/>
<USERREF USERNAME="c075541"/>
<USERREF USERNAME="c071673"/>
<USERREF USERNAME="z2x2246"/>
<USERREF USERNAME="Z2X9893"/>
<USERREF USERNAME="Z3X3124"/>
<USERREF USERNAME="Z2X3300"/>
<USERREF USERNAME="Z2X6671"/>
<USERREF USERNAME="Z1X2605"/>
<USERREF USERNAME="pward"/>
<USERREF USERNAME="A607209"/>
<USERREF USERNAME="A109277"/>
<USERREF USERNAME="ngiven"/>
<USERREF USERNAME="C191602"/>
<USERREF USERNAME="z2x1696"/>
<USERREF USERNAME="z1x1865"/>
<USERREF USERNAME="z1x1982"/>
<USERREF USERNAME="C178203"/>
<USERREF USERNAME="z1x2136"/>
<USERREF USERNAME="z1x4497"/>
<USERREF USERNAME="z3x2094"/>
<USERREF USERNAME="z3x0602"/>
<USERREF USERNAME="z3x2051"/>
<USERREF USERNAME="z2x7034"/>
<USERREF USERNAME="z1x1837"/>
<USERREF USERNAME="z2x5835"/>
<USERREF USERNAME="z2x1723"/>
<USERREF USERNAME="z2x6253"/>
<USERREF USERNAME="c179367"/>
<USERREF USERNAME="z2x7248"/>
<USERREF USERNAME="c179650"/>
<USERREF USERNAME="z3x1758"/>
<USERREF USERNAME="z1x1972"/>
<USERREF USERNAME="z1x1981"/>
<USERREF USERNAME="z3x0688"/>
<USERREF USERNAME="c190660"/>
<USERREF USERNAME="c189618"/>
<USERREF USERNAME="c192448"/>
<USERREF USERNAME="c193237"/>
<USERREF USERNAME="ZPFapervaiz"/>
<USERREF USERNAME="ZPFaflathers"/>
<USERREF USERNAME="ZPFskonig"/>
<USERREF USERNAME="ZPFmszemjonka"/>
<USERREF USERNAME="ZPFcvarga"/>
<USERREF USERNAME="ZPFbszabo"/>
<USERREF USERNAME="ZPFepenzes"/>
<USERREF USERNAME="ZPFkkovacs"/>
<USERREF USERNAME="ZPFckalinyak"/>
<USERREF USERNAME="ZPFjktan"/>
<USERREF USERNAME="ZPFgradnai"/>
<USERREF USERNAME="ZPFkbarkoczi"/>
<USERREF USERNAME="ZPFasakata"/>
<USERREF USERNAME="ZPFaboth"/>
<USERREF USERNAME="ZPFcroyalto"/>
<USERREF USERNAME="ZPFrcauad"/>
<USERREF USERNAME="ZPFryu"/>
<USERREF USERNAME="ZPFpvallar"/>
<USERREF USERNAME="ZPFzleczo"/>
<USERREF USERNAME="ZPFobodnar"/>
<USERREF USERNAME="ZPFedervishaj"/>
<USERREF USERNAME="ZPFsgazso"/>
<USERREF USERNAME="ZPFaotsuka"/>
<USERREF USERNAME="ZPFhsekine"/>
<USERREF USERNAME="ZPFkcsobalyka"/>
<USERREF USERNAME="ZPFjmacatangay"/>
<USERREF USERNAME="ZPFrducusin"/>
<USERREF USERNAME="ZPFskholti"/>
<USERREF USERNAME="ZPFsaguilar"/>
<USERREF USERNAME="ZPFaolah"/>
<USERREF USERNAME="ZPFdnagy"/>
<USERREF USERNAME="ZPFlstoica"/>
<USERREF USERNAME="ZPFnqi"/>
<USERREF USERNAME="ZPFijohl"/>
<USERREF USERNAME="ZPFtcabanes"/>
<USERREF USERNAME="ZPFnvergara"/>
<USERREF USERNAME="ZPFvsoni"/>
<USERREF USERNAME="ZPFdweakley"/>
<USERREF USERNAME="ZPFaszottfried"/>
<USERREF USERNAME="ZPFmyao"/>
<USERREF USERNAME="ZPFmiwaki"/>
<USERREF USERNAME="ZPFsdamato"/>
<USERREF USERNAME="ZPFawarsama"/>
<USERREF USERNAME="ZPFtfabian"/>
<USERREF USERNAME="ZPFkgal"/>
</SITEGROUP>
<SITEGROUP SITENAME="(205) Tennessee Oncology NASHIVILLE SCRI">
<USERREF USERNAME="c189618"/>
<USERREF USERNAME="c192448"/>
<USERREF USERNAME="c193237"/>
<USERREF USERNAME="c192611"/>
<USERREF USERNAME="c192612"/>
<USERREF USERNAME="C192893"/>
<USERREF USERNAME="z2x2450"/>
<USERREF USERNAME="z2x2612"/>
<USERREF USERNAME="i3ymcjpbn_RE"/>
<USERREF USERNAME="coder_query"/>
<USERREF USERNAME="z1x0496"/>
<USERREF USERNAME="z2x0675"/>
<USERREF USERNAME="z2x1565"/>
<USERREF USERNAME="z2x1894"/>
<USERREF USERNAME="z2x7766"/>
<USERREF USERNAME="z1x1726"/>
<USERREF USERNAME="c015393"/>
<USERREF USERNAME="a607676"/>
<USERREF USERNAME="a611974"/>
<USERREF USERNAME="c191699"/>
<USERREF USERNAME="c039853"/>
<USERREF USERNAME="rm90029"/>
<USERREF USERNAME="rm89018"/>
<USERREF USERNAME="c143125"/>
<USERREF USERNAME="v6x8058"/>
<USERREF USERNAME="c090108"/>
<USERREF USERNAME="c068502"/>
<USERREF USERNAME="c074090"/>
<USERREF USERNAME="c021984"/>
<USERREF USERNAME="c131994"/>
<USERREF USERNAME="c089548"/>
<USERREF USERNAME="rm94611"/>
<USERREF USERNAME="c026393"/>
<USERREF USERNAME="c026390"/>
<USERREF USERNAME="c075541"/>
<USERREF USERNAME="c071673"/>
<USERREF USERNAME="z2x2246"/>
<USERREF USERNAME="Z2X9893"/>
<USERREF USERNAME="Z3X3124"/>
<USERREF USERNAME="Z2X3300"/>
<USERREF USERNAME="Z2X6671"/>
<USERREF USERNAME="Z1X2605"/>
<USERREF USERNAME="A607209"/>
<USERREF USERNAME="A109277"/>
<USERREF USERNAME="aokoro"/>
<USERREF USERNAME="C191602"/>
<USERREF USERNAME="z2x1696"/>
<USERREF USERNAME="z1x1865"/>
<USERREF USERNAME="z1x1982"/>
<USERREF USERNAME="C178203"/>
<USERREF USERNAME="z1x2136"/>
<USERREF USERNAME="z1x4497"/>
<USERREF USERNAME="z3x2094"/>
<USERREF USERNAME="z3x0602"/>
<USERREF USERNAME="z3x2051"/>
<USERREF USERNAME="z2x7034"/>
<USERREF USERNAME="z1x1837"/>
<USERREF USERNAME="z2x5835"/>
<USERREF USERNAME="z2x1723"/>
<USERREF USERNAME="z2x6253"/>
<USERREF USERNAME="c179367"/>
<USERREF USERNAME="z2x7248"/>
<USERREF USERNAME="c179650"/>
<USERREF USERNAME="z3x1758"/>
<USERREF USERNAME="z1x1972"/>
<USERREF USERNAME="z1x1981"/>
<USERREF USERNAME="z3x0688"/>
<USERREF USERNAME="c190660"/>
<USERREF USERNAME="ZPFapervaiz"/>
<USERREF USERNAME="ZPFaflathers"/>
<USERREF USERNAME="ZPFskonig"/>
<USERREF USERNAME="ZPFmszemjonka"/>
<USERREF USERNAME="ZPFcvarga"/>
<USERREF USERNAME="ZPFbszabo"/>
<USERREF USERNAME="ZPFepenzes"/>
<USERREF USERNAME="ZPFkkovacs"/>
<USERREF USERNAME="ZPFckalinyak"/>
<USERREF USERNAME="ZPFjktan"/>
<USERREF USERNAME="ZPFgradnai"/>
<USERREF USERNAME="ZPFkbarkoczi"/>
<USERREF USERNAME="ZPFasakata"/>
<USERREF USERNAME="ZPFaboth"/>
<USERREF USERNAME="ZPFcroyalto"/>
<USERREF USERNAME="ZPFrcauad"/>
<USERREF USERNAME="ZPFryu"/>
<USERREF USERNAME="ZPFpvallar"/>
<USERREF USERNAME="ZPFzleczo"/>
<USERREF USERNAME="ZPFobodnar"/>
<USERREF USERNAME="ZPFedervishaj"/>
<USERREF USERNAME="ZPFsgazso"/>
<USERREF USERNAME="ZPFaotsuka"/>
<USERREF USERNAME="ZPFhsekine"/>
<USERREF USERNAME="ZPFkcsobalyka"/>
<USERREF USERNAME="ZPFjmacatangay"/>
<USERREF USERNAME="ZPFrducusin"/>
<USERREF USERNAME="ZPFskholti"/>
<USERREF USERNAME="ZPFsaguilar"/>
<USERREF USERNAME="ZPFaolah"/>
<USERREF USERNAME="ZPFdnagy"/>
<USERREF USERNAME="ZPFlstoica"/>
<USERREF USERNAME="ZPFnqi"/>
<USERREF USERNAME="ZPFijohl"/>
<USERREF USERNAME="ZPFtcabanes"/>
<USERREF USERNAME="ZPFnvergara"/>
<USERREF USERNAME="ZPFvsoni"/>
<USERREF USERNAME="ZPFdweakley"/>
<USERREF USERNAME="ZPFaszottfried"/>
<USERREF USERNAME="ZPFmyao"/>
<USERREF USERNAME="ZPFmiwaki"/>
<USERREF USERNAME="ZPFsdamato"/>
<USERREF USERNAME="ZPFawarsama"/>
<USERREF USERNAME="ZPFtfabian"/>
<USERREF USERNAME="ZPFkgal"/>
</SITEGROUP>
<SITEGROUP SITENAME="(305) Tennessee Oncology NASHIVILLE SCRI">
<USERREF USERNAME="c189618"/>
<USERREF USERNAME="c192448"/>
<USERREF USERNAME="c193237"/>
<USERREF USERNAME="c192611"/>
<USERREF USERNAME="c192612"/>
<USERREF USERNAME="C192893"/>
<USERREF USERNAME="z2x2450"/>
<USERREF USERNAME="z2x2612"/>
<USERREF USERNAME="i3ymcjpbn_RE"/>
<USERREF USERNAME="coder_query"/>
<USERREF USERNAME="z1x0496"/>
<USERREF USERNAME="z2x0675"/>
<USERREF USERNAME="z2x1565"/>
<USERREF USERNAME="z2x1894"/>
<USERREF USERNAME="z2x7766"/>
<USERREF USERNAME="z1x1726"/>
<USERREF USERNAME="c015393"/>
<USERREF USERNAME="a607676"/>
<USERREF USERNAME="a611974"/>
<USERREF USERNAME="c191699"/>
<USERREF USERNAME="c039853"/>
<USERREF USERNAME="rm90029"/>
<USERREF USERNAME="rm89018"/>
<USERREF USERNAME="c143125"/>
<USERREF USERNAME="v6x8058"/>
<USERREF USERNAME="c090108"/>
<USERREF USERNAME="c068502"/>
<USERREF USERNAME="c074090"/>
<USERREF USERNAME="c021984"/>
<USERREF USERNAME="c131994"/>
<USERREF USERNAME="c089548"/>
<USERREF USERNAME="rm94611"/>
<USERREF USERNAME="c026393"/>
<USERREF USERNAME="c026390"/>
<USERREF USERNAME="c075541"/>
<USERREF USERNAME="c071673"/>
<USERREF USERNAME="z2x2246"/>
<USERREF USERNAME="Z2X9893"/>
<USERREF USERNAME="Z3X3124"/>
<USERREF USERNAME="Z2X3300"/>
<USERREF USERNAME="Z2X6671"/>
<USERREF USERNAME="Z1X2605"/>
<USERREF USERNAME="dyardley"/>
<USERREF USERNAME="A607209"/>
<USERREF USERNAME="A109277"/>
<USERREF USERNAME="C191602"/>
<USERREF USERNAME="z2x1696"/>
<USERREF USERNAME="z1x1865"/>
<USERREF USERNAME="z1x1982"/>
<USERREF USERNAME="C178203"/>
<USERREF USERNAME="z1x2136"/>
<USERREF USERNAME="z1x4497"/>
<USERREF USERNAME="z3x2094"/>
<USERREF USERNAME="z3x0602"/>
<USERREF USERNAME="z3x2051"/>
<USERREF USERNAME="z2x7034"/>
<USERREF USERNAME="z1x1837"/>
<USERREF USERNAME="z2x5835"/>
<USERREF USERNAME="z2x1723"/>
<USERREF USERNAME="z2x6253"/>
<USERREF USERNAME="c179367"/>
<USERREF USERNAME="z2x7248"/>
<USERREF USERNAME="c179650"/>
<USERREF USERNAME="z3x1758"/>
<USERREF USERNAME="z1x1972"/>
<USERREF USERNAME="z1x1981"/>
<USERREF USERNAME="z3x0688"/>
<USERREF USERNAME="c190660"/>
<USERREF USERNAME="ZPFapervaiz"/>
<USERREF USERNAME="ZPFaflathers"/>
<USERREF USERNAME="ZPFskonig"/>
<USERREF USERNAME="ZPFmszemjonka"/>
<USERREF USERNAME="ZPFcvarga"/>
<USERREF USERNAME="ZPFbszabo"/>
<USERREF USERNAME="ZPFepenzes"/>
<USERREF USERNAME="ZPFkkovacs"/>
<USERREF USERNAME="ZPFckalinyak"/>
<USERREF USERNAME="ZPFjktan"/>
<USERREF USERNAME="ZPFgradnai"/>
<USERREF USERNAME="ZPFkbarkoczi"/>
<USERREF USERNAME="ZPFasakata"/>
<USERREF USERNAME="ZPFaboth"/>
<USERREF USERNAME="ZPFcroyalto"/>
<USERREF USERNAME="ZPFrcauad"/>
<USERREF USERNAME="ZPFryu"/>
<USERREF USERNAME="ZPFpvallar"/>
<USERREF USERNAME="ZPFzleczo"/>
<USERREF USERNAME="ZPFobodnar"/>
<USERREF USERNAME="ZPFedervishaj"/>
<USERREF USERNAME="ZPFsgazso"/>
<USERREF USERNAME="ZPFaotsuka"/>
<USERREF USERNAME="ZPFhsekine"/>
<USERREF USERNAME="ZPFkcsobalyka"/>
<USERREF USERNAME="ZPFjmacatangay"/>
<USERREF USERNAME="ZPFrducusin"/>
<USERREF USERNAME="ZPFskholti"/>
<USERREF USERNAME="ZPFsaguilar"/>
<USERREF USERNAME="ZPFaolah"/>
<USERREF USERNAME="ZPFdnagy"/>
<USERREF USERNAME="ZPFlstoica"/>
<USERREF USERNAME="ZPFnqi"/>
<USERREF USERNAME="ZPFijohl"/>
<USERREF USERNAME="ZPFtcabanes"/>
<USERREF USERNAME="ZPFnvergara"/>
<USERREF USERNAME="ZPFvsoni"/>
<USERREF USERNAME="ZPFdweakley"/>
<USERREF USERNAME="ZPFaszottfried"/>
<USERREF USERNAME="ZPFmyao"/>
<USERREF USERNAME="ZPFmiwaki"/>
<USERREF USERNAME="ZPFsdamato"/>
<USERREF USERNAME="ZPFawarsama"/>
<USERREF USERNAME="ZPFtfabian"/>
<USERREF USERNAME="ZPFkgal"/>
</SITEGROUP>
<SITEGROUP SITENAME="(301) Texas Oncology Austin Central USO">
<USERREF USERNAME="z1x1837"/>
<USERREF USERNAME="z2x5835"/>
<USERREF USERNAME="z2x1723"/>
<USERREF USERNAME="z2x6253"/>
<USERREF USERNAME="c179367"/>
<USERREF USERNAME="z2x7248"/>
<USERREF USERNAME="c179650"/>
<USERREF USERNAME="z3x1758"/>
<USERREF USERNAME="z1x1972"/>
<USERREF USERNAME="z1x1981"/>
<USERREF USERNAME="z3x0688"/>
<USERREF USERNAME="c190660"/>
<USERREF USERNAME="c189618"/>
<USERREF USERNAME="c192448"/>
<USERREF USERNAME="c193237"/>
<USERREF USERNAME="c192611"/>
<USERREF USERNAME="c192612"/>
<USERREF USERNAME="C192893"/>
<USERREF USERNAME="z2x2450"/>
<USERREF USERNAME="z2x2612"/>
<USERREF USERNAME="i3ymcjpbn_RE"/>
<USERREF USERNAME="coder_query"/>
<USERREF USERNAME="z1x0496"/>
<USERREF USERNAME="z2x0675"/>
<USERREF USERNAME="z2x1565"/>
<USERREF USERNAME="z2x1894"/>
<USERREF USERNAME="z2x7766"/>
<USERREF USERNAME="z1x1726"/>
<USERREF USERNAME="c015393"/>
<USERREF USERNAME="a607676"/>
<USERREF USERNAME="a611974"/>
<USERREF USERNAME="c191699"/>
<USERREF USERNAME="c039853"/>
<USERREF USERNAME="rm90029"/>
<USERREF USERNAME="rm89018"/>
<USERREF USERNAME="c143125"/>
<USERREF USERNAME="v6x8058"/>
<USERREF USERNAME="c090108"/>
<USERREF USERNAME="c068502"/>
<USERREF USERNAME="c074090"/>
<USERREF USERNAME="c021984"/>
<USERREF USERNAME="c131994"/>
<USERREF USERNAME="c089548"/>
<USERREF USERNAME="rm94611"/>
<USERREF USERNAME="c026393"/>
<USERREF USERNAME="c026390"/>
<USERREF USERNAME="c075541"/>
<USERREF USERNAME="c071673"/>
<USERREF USERNAME="z2x2246"/>
<USERREF USERNAME="Z2X9893"/>
<USERREF USERNAME="Z3X3124"/>
<USERREF USERNAME="Z2X3300"/>
<USERREF USERNAME="Z2X6671"/>
<USERREF USERNAME="Z1X2605"/>
<USERREF USERNAME="dpatt"/>
<USERREF USERNAME="awalker"/>
<USERREF USERNAME="A607209"/>
<USERREF USERNAME="A109277"/>
<USERREF USERNAME="jrowan"/>
<USERREF USERNAME="C191602"/>
<USERREF USERNAME="z2x1696"/>
<USERREF USERNAME="z1x1865"/>
<USERREF USERNAME="z1x1982"/>
<USERREF USERNAME="C178203"/>
<USERREF USERNAME="z1x2136"/>
<USERREF USERNAME="z1x4497"/>
<USERREF USERNAME="z3x2094"/>
<USERREF USERNAME="z3x0602"/>
<USERREF USERNAME="z3x2051"/>
<USERREF USERNAME="z2x7034"/>
<USERREF USERNAME="ZPFapervaiz"/>
<USERREF USERNAME="ZPFaflathers"/>
<USERREF USERNAME="ZPFskonig"/>
<USERREF USERNAME="ZPFmszemjonka"/>
<USERREF USERNAME="ZPFcvarga"/>
<USERREF USERNAME="ZPFbszabo"/>
<USERREF USERNAME="ZPFepenzes"/>
<USERREF USERNAME="ZPFkkovacs"/>
<USERREF USERNAME="ZPFckalinyak"/>
<USERREF USERNAME="ZPFjktan"/>
<USERREF USERNAME="ZPFgradnai"/>
<USERREF USERNAME="ZPFkbarkoczi"/>
<USERREF USERNAME="ZPFasakata"/>
<USERREF USERNAME="ZPFaboth"/>
<USERREF USERNAME="ZPFcroyalto"/>
<USERREF USERNAME="ZPFrcauad"/>
<USERREF USERNAME="ZPFryu"/>
<USERREF USERNAME="ZPFpvallar"/>
<USERREF USERNAME="ZPFzleczo"/>
<USERREF USERNAME="ZPFobodnar"/>
<USERREF USERNAME="ZPFedervishaj"/>
<USERREF USERNAME="ZPFsgazso"/>
<USERREF USERNAME="ZPFaotsuka"/>
<USERREF USERNAME="ZPFhsekine"/>
<USERREF USERNAME="ZPFkcsobalyka"/>
<USERREF USERNAME="ZPFjmacatangay"/>
<USERREF USERNAME="ZPFrducusin"/>
<USERREF USERNAME="ZPFskholti"/>
<USERREF USERNAME="ZPFsaguilar"/>
<USERREF USERNAME="ZPFaolah"/>
<USERREF USERNAME="ZPFdnagy"/>
<USERREF USERNAME="ZPFlstoica"/>
<USERREF USERNAME="ZPFnqi"/>
<USERREF USERNAME="ZPFijohl"/>
<USERREF USERNAME="ZPFtcabanes"/>
<USERREF USERNAME="ZPFnvergara"/>
<USERREF USERNAME="ZPFvsoni"/>
<USERREF USERNAME="ZPFdweakley"/>
<USERREF USERNAME="ZPFaszottfried"/>
<USERREF USERNAME="ZPFmyao"/>
<USERREF USERNAME="ZPFmiwaki"/>
<USERREF USERNAME="ZPFsdamato"/>
<USERREF USERNAME="ZPFawarsama"/>
<USERREF USERNAME="ZPFtfabian"/>
<USERREF USERNAME="ZPFkgal"/>
</SITEGROUP>
<SITEGROUP SITENAME="(206) The Center for Cancer and Blood Disorders Main Site">
<USERREF USERNAME="z3x2094"/>
<USERREF USERNAME="z3x0602"/>
<USERREF USERNAME="z3x2051"/>
<USERREF USERNAME="z2x7034"/>
<USERREF USERNAME="z1x1837"/>
<USERREF USERNAME="z2x5835"/>
<USERREF USERNAME="z2x1723"/>
<USERREF USERNAME="z2x6253"/>
<USERREF USERNAME="c179367"/>
<USERREF USERNAME="z2x7248"/>
<USERREF USERNAME="c179650"/>
<USERREF USERNAME="z3x1758"/>
<USERREF USERNAME="z1x1972"/>
<USERREF USERNAME="z1x1981"/>
<USERREF USERNAME="z3x0688"/>
<USERREF USERNAME="c190660"/>
<USERREF USERNAME="c189618"/>
<USERREF USERNAME="c192448"/>
<USERREF USERNAME="c193237"/>
<USERREF USERNAME="c192611"/>
<USERREF USERNAME="c192612"/>
<USERREF USERNAME="C192893"/>
<USERREF USERNAME="z2x2450"/>
<USERREF USERNAME="z2x2612"/>
<USERREF USERNAME="i3ymcjpbn_RE"/>
<USERREF USERNAME="coder_query"/>
<USERREF USERNAME="z1x0496"/>
<USERREF USERNAME="z2x0675"/>
<USERREF USERNAME="z2x1565"/>
<USERREF USERNAME="z2x1894"/>
<USERREF USERNAME="z2x7766"/>
<USERREF USERNAME="z1x1726"/>
<USERREF USERNAME="c015393"/>
<USERREF USERNAME="a607676"/>
<USERREF USERNAME="a611974"/>
<USERREF USERNAME="c191699"/>
<USERREF USERNAME="c039853"/>
<USERREF USERNAME="rm90029"/>
<USERREF USERNAME="rm89018"/>
<USERREF USERNAME="c143125"/>
<USERREF USERNAME="v6x8058"/>
<USERREF USERNAME="c090108"/>
<USERREF USERNAME="c068502"/>
<USERREF USERNAME="c074090"/>
<USERREF USERNAME="c021984"/>
<USERREF USERNAME="c131994"/>
<USERREF USERNAME="c089548"/>
<USERREF USERNAME="rm94611"/>
<USERREF USERNAME="c026393"/>
<USERREF USERNAME="c026390"/>
<USERREF USERNAME="c075541"/>
<USERREF USERNAME="c071673"/>
<USERREF USERNAME="z2x2246"/>
<USERREF USERNAME="Z2X9893"/>
<USERREF USERNAME="Z3X3124"/>
<USERREF USERNAME="Z2X3300"/>
<USERREF USERNAME="Z2X6671"/>
<USERREF USERNAME="Z1X2605"/>
<USERREF USERNAME="slynch"/>
<USERREF USERNAME="A607209"/>
<USERREF USERNAME="A109277"/>
<USERREF USERNAME="bhalstead"/>
<USERREF USERNAME="C191602"/>
<USERREF USERNAME="z2x1696"/>
<USERREF USERNAME="z1x1865"/>
<USERREF USERNAME="z1x1982"/>
<USERREF USERNAME="C178203"/>
<USERREF USERNAME="z1x2136"/>
<USERREF USERNAME="z1x4497"/>
<USERREF USERNAME="ZPFapervaiz"/>
<USERREF USERNAME="ZPFaflathers"/>
<USERREF USERNAME="ZPFskonig"/>
<USERREF USERNAME="ZPFmszemjonka"/>
<USERREF USERNAME="ZPFcvarga"/>
<USERREF USERNAME="ZPFbszabo"/>
<USERREF USERNAME="ZPFepenzes"/>
<USERREF USERNAME="ZPFkkovacs"/>
<USERREF USERNAME="ZPFckalinyak"/>
<USERREF USERNAME="ZPFjktan"/>
<USERREF USERNAME="ZPFgradnai"/>
<USERREF USERNAME="ZPFkbarkoczi"/>
<USERREF USERNAME="ZPFasakata"/>
<USERREF USERNAME="ZPFaboth"/>
<USERREF USERNAME="ZPFcroyalto"/>
<USERREF USERNAME="ZPFrcauad"/>
<USERREF USERNAME="ZPFryu"/>
<USERREF USERNAME="ZPFpvallar"/>
<USERREF USERNAME="ZPFzleczo"/>
<USERREF USERNAME="ZPFobodnar"/>
<USERREF USERNAME="ZPFedervishaj"/>
<USERREF USERNAME="ZPFsgazso"/>
<USERREF USERNAME="ZPFaotsuka"/>
<USERREF USERNAME="ZPFhsekine"/>
<USERREF USERNAME="ZPFkcsobalyka"/>
<USERREF USERNAME="ZPFjmacatangay"/>
<USERREF USERNAME="ZPFrducusin"/>
<USERREF USERNAME="ZPFskholti"/>
<USERREF USERNAME="ZPFsaguilar"/>
<USERREF USERNAME="ZPFaolah"/>
<USERREF USERNAME="ZPFdnagy"/>
<USERREF USERNAME="ZPFlstoica"/>
<USERREF USERNAME="ZPFnqi"/>
<USERREF USERNAME="ZPFijohl"/>
<USERREF USERNAME="ZPFtcabanes"/>
<USERREF USERNAME="ZPFnvergara"/>
<USERREF USERNAME="ZPFvsoni"/>
<USERREF USERNAME="ZPFdweakley"/>
<USERREF USERNAME="ZPFaszottfried"/>
<USERREF USERNAME="ZPFmyao"/>
<USERREF USERNAME="ZPFmiwaki"/>
<USERREF USERNAME="ZPFsdamato"/>
<USERREF USERNAME="ZPFawarsama"/>
<USERREF USERNAME="ZPFtfabian"/>
<USERREF USERNAME="ZPFkgal"/>
</SITEGROUP>
<SITEGROUP SITENAME="(701) UZ Leuven">
<USERREF USERNAME="i3ymcjpbn_RE"/>
<USERREF USERNAME="z2x2612"/>
<USERREF USERNAME="z1x0496"/>
<USERREF USERNAME="z2x0675"/>
<USERREF USERNAME="z2x1565"/>
<USERREF USERNAME="z2x1894"/>
<USERREF USERNAME="z2x7766"/>
<USERREF USERNAME="z1x1726"/>
<USERREF USERNAME="c015393"/>
<USERREF USERNAME="a607676"/>
<USERREF USERNAME="a611974"/>
<USERREF USERNAME="c191699"/>
<USERREF USERNAME="c039853"/>
<USERREF USERNAME="rm90029"/>
<USERREF USERNAME="rm89018"/>
<USERREF USERNAME="c143125"/>
<USERREF USERNAME="v6x8058"/>
<USERREF USERNAME="c090108"/>
<USERREF USERNAME="c068502"/>
<USERREF USERNAME="c074090"/>
<USERREF USERNAME="c021984"/>
<USERREF USERNAME="c131994"/>
<USERREF USERNAME="c089548"/>
<USERREF USERNAME="rm94611"/>
<USERREF USERNAME="c026393"/>
<USERREF USERNAME="c026390"/>
<USERREF USERNAME="c075541"/>
<USERREF USERNAME="c071673"/>
<USERREF USERNAME="z2x2246"/>
<USERREF USERNAME="Z2X9893"/>
<USERREF USERNAME="Z3X3124"/>
<USERREF USERNAME="Z2X3300"/>
<USERREF USERNAME="Z2X6671"/>
<USERREF USERNAME="Z1X2605"/>
<USERREF USERNAME="z3x2399"/>
<USERREF USERNAME="z1x9763"/>
<USERREF USERNAME="A607209"/>
<USERREF USERNAME="A109277"/>
<USERREF USERNAME="ebiesmans"/>
<USERREF USERNAME="hwildiers"/>
<USERREF USERNAME="hhofkens"/>
<USERREF USERNAME="iwauters"/>
<USERREF USERNAME="z2x2450"/>
<USERREF USERNAME="coder_query"/>
<USERREF USERNAME="ZPFapervaiz"/>
<USERREF USERNAME="ZPFaflathers"/>
<USERREF USERNAME="ZPFskonig"/>
<USERREF USERNAME="ZPFmszemjonka"/>
<USERREF USERNAME="ZPFcvarga"/>
<USERREF USERNAME="ZPFbszabo"/>
<USERREF USERNAME="ZPFepenzes"/>
<USERREF USERNAME="ZPFkkovacs"/>
<USERREF USERNAME="ZPFckalinyak"/>
<USERREF USERNAME="ZPFjktan"/>
<USERREF USERNAME="ZPFgradnai"/>
<USERREF USERNAME="ZPFkbarkoczi"/>
<USERREF USERNAME="ZPFasakata"/>
<USERREF USERNAME="ZPFaboth"/>
<USERREF USERNAME="ZPFcroyalto"/>
<USERREF USERNAME="ZPFrcauad"/>
<USERREF USERNAME="ZPFryu"/>
<USERREF USERNAME="ZPFpvallar"/>
<USERREF USERNAME="ZPFzleczo"/>
<USERREF USERNAME="ZPFobodnar"/>
<USERREF USERNAME="ZPFedervishaj"/>
<USERREF USERNAME="ZPFsgazso"/>
<USERREF USERNAME="ZPFaotsuka"/>
<USERREF USERNAME="ZPFhsekine"/>
<USERREF USERNAME="ZPFkcsobalyka"/>
<USERREF USERNAME="ZPFjmacatangay"/>
<USERREF USERNAME="ZPFrducusin"/>
<USERREF USERNAME="ZPFskholti"/>
<USERREF USERNAME="ZPFsaguilar"/>
<USERREF USERNAME="ZPFaolah"/>
<USERREF USERNAME="ZPFdnagy"/>
<USERREF USERNAME="ZPFlstoica"/>
<USERREF USERNAME="ZPFnqi"/>
<USERREF USERNAME="ZPFijohl"/>
<USERREF USERNAME="ZPFtcabanes"/>
<USERREF USERNAME="ZPFnvergara"/>
<USERREF USERNAME="ZPFvsoni"/>
<USERREF USERNAME="ZPFdweakley"/>
<USERREF USERNAME="ZPFaszottfried"/>
<USERREF USERNAME="ZPFmyao"/>
<USERREF USERNAME="ZPFmiwaki"/>
<USERREF USERNAME="ZPFsdamato"/>
<USERREF USERNAME="ZPFawarsama"/>
<USERREF USERNAME="ZPFtfabian"/>
<USERREF USERNAME="ZPFkgal"/>
</SITEGROUP>

</MEDMLDATA>