<?xml version="1.0"?>
<MEDMLDATA xmlns="PhaseForward-MedML-Inform4">


<USER  USERNAME="aokoro"
USERTYPE="SITE"
FIRSTNAME="Ashley"
LASTNAME="Okoro"
DISPLAYNAME="Ashley Okoro"
COUNTRY="UNITED STATES"
PHONE="16155244273"
ALTPHONE="1"
FAX="1"
EMAIL="Ashley.okoro@scresearch.net"
ACTIVESTATE="true"
PASSWORD="dK8yC1Y2dhT76848"
BEEPER="1"
USERDATEFORMAT="DAY_MONTH_YEAR"
HOMESCREENURL="./Portal/default.htm"
USERMUSTRESETPASSWORD="TRUE"
PRODUCTLOCALE="en-US"
STUDYLOCALE="en-US"/>


<USER  USERNAME="bhalstead"
USERTYPE="SITE"
FIRSTNAME="Brandi"
LASTNAME="Halstead"
DISPLAYNAME="Brandi Halstead"
COUNTRY="UNITED STATES"
PHONE="18175960637"
ALTPHONE="1"
FAX="1"
EMAIL="bhalstead@txcc.com"
ACTIVESTATE="true"
PASSWORD="e3RmB93rV25cG584465"
BEEPER="1"
USERDATEFORMAT="DAY_MONTH_YEAR"
HOMESCREENURL="./Portal/default.htm"
USERMUSTRESETPASSWORD="TRUE"
PRODUCTLOCALE="en-US"
STUDYLOCALE="en-US"/>


<USER  USERNAME="aawada"
USERTYPE="SITE"
FIRSTNAME="Ahmad"
LASTNAME="Awada"
DISPLAYNAME="Ahmad Awada"
COUNTRY="BELGIUM"
PHONE="323225413189"
ALTPHONE="32"
FAX="32"
EMAIL="ahmad.awada@bordet.be"
ACTIVESTATE="true"
PASSWORD="gD65B1kt55Kc8J8081"
BEEPER="32"
USERDATEFORMAT="DAY_MONTH_YEAR"
HOMESCREENURL="./Portal/default.htm"
USERMUSTRESETPASSWORD="TRUE"
PRODUCTLOCALE="en-US"
STUDYLOCALE="en-US"/>


<USER  USERNAME="mduliere"
USERTYPE="SITE"
FIRSTNAME="Muriel"
LASTNAME="Duliere"
DISPLAYNAME="Muriel Duliere"
COUNTRY="BELGIUM"
PHONE="32325413829"
ALTPHONE="32"
FAX="32"
EMAIL="muriel.duliere@bordet.be"
ACTIVESTATE="true"
PASSWORD="T4bmD2rL5S6k1491"
BEEPER="32"
USERDATEFORMAT="DAY_MONTH_YEAR"
HOMESCREENURL="./Portal/default.htm"
USERMUSTRESETPASSWORD="TRUE"
PRODUCTLOCALE="en-US"
STUDYLOCALE="en-US"/>


<USER  USERNAME="hwildiers"
USERTYPE="SITE"
FIRSTNAME="Hans"
LASTNAME="Wildiers"
DISPLAYNAME="Hans Wildiers"
COUNTRY="BELGIUM"
PHONE="323216346900"
ALTPHONE="32"
FAX="32"
EMAIL="hans.wildiers@uzleuven.be"
ACTIVESTATE="true"
PASSWORD="oG0yC97t2RtC75107"
BEEPER="32"
USERDATEFORMAT="DAY_MONTH_YEAR"
HOMESCREENURL="./Portal/default.htm"
USERMUSTRESETPASSWORD="TRUE"
PRODUCTLOCALE="en-US"
STUDYLOCALE="en-US"/>


<USER  USERNAME="iwauters"
USERTYPE="SITE"
FIRSTNAME="Ingeborg"
LASTNAME="Wauters"
DISPLAYNAME="Ingeborg Wauters"
COUNTRY="BELGIUM"
PHONE="323216341869"
ALTPHONE="32"
FAX="32"
EMAIL="ingeborg.wauters@uz.leuven.be"
ACTIVESTATE="true"
PASSWORD="vL34oF37R1pvX18416"
BEEPER="32"
USERDATEFORMAT="DAY_MONTH_YEAR"
HOMESCREENURL="./Portal/default.htm"
USERMUSTRESETPASSWORD="TRUE"
PRODUCTLOCALE="en-US"
STUDYLOCALE="en-US"/>


<USER  USERNAME="jlcanon"
USERTYPE="SITE"
FIRSTNAME="Jean-Luc"
LASTNAME="Canon"
DISPLAYNAME="Jean-Luc Canon"
COUNTRY="BELGIUM"
PHONE="323271104700"
ALTPHONE="32"
FAX="32"
EMAIL="jean_luc.canon@ghdc.be"
ACTIVESTATE="true"
PASSWORD="x7Pd3QcY8jS51825"
BEEPER="32"
USERDATEFORMAT="DAY_MONTH_YEAR"
HOMESCREENURL="./Portal/default.htm"
USERMUSTRESETPASSWORD="TRUE"
PRODUCTLOCALE="en-US"
STUDYLOCALE="en-US"/>


<USER  USERNAME="mpiron"
USERTYPE="SITE"
FIRSTNAME="Maude"
LASTNAME="Piron"
DISPLAYNAME="Maude  Piron"
COUNTRY="BELGIUM"
PHONE="323243668250"
ALTPHONE="32"
FAX="32"
EMAIL="mpiron@chu.ulg.ac.be"
ACTIVESTATE="true"
PASSWORD="hV6d2Ia5OjL6356"
BEEPER="32"
USERDATEFORMAT="DAY_MONTH_YEAR"
HOMESCREENURL="./Portal/default.htm"
USERMUSTRESETPASSWORD="TRUE"
PRODUCTLOCALE="en-US"
STUDYLOCALE="en-US"/>


<USER  USERNAME="z2x1696"
USERTYPE="SPONSOR"
FIRSTNAME="Amber"
LASTNAME="Beimer"
DISPLAYNAME="Amber Beimer"
COUNTRY="UNITED STATES"
PHONE="12547802142"
ALTPHONE="1"
FAX="1"
EMAIL="amber.beimer@quintiles.com"
ACTIVESTATE="true"
PASSWORD="sE1cF66lG7U3e7785"
BEEPER="1"
USERDATEFORMAT="DAY_MONTH_YEAR"
HOMESCREENURL="./Portal/default.htm"
USERMUSTRESETPASSWORD="TRUE"
PRODUCTLOCALE="en-US"
STUDYLOCALE="en-US"/>


<USER  USERNAME="z3x2094"
USERTYPE="SPONSOR"
FIRSTNAME="Denise"
LASTNAME="Pichardo Pena"
DISPLAYNAME="Denise Pichardo Pena"
COUNTRY="UNITED STATES"
PHONE="14072425464"
ALTPHONE="1"
FAX="1"
EMAIL="denise.pichardopena@quintiles.com"
ACTIVESTATE="true"
PASSWORD="uQ25mU2U5mK7l787"
BEEPER="1"
USERDATEFORMAT="DAY_MONTH_YEAR"
HOMESCREENURL="./Portal/default.htm"
USERMUSTRESETPASSWORD="TRUE"
PRODUCTLOCALE="en-US"
STUDYLOCALE="en-US"/>


<USER  USERNAME="z3x0602"
USERTYPE="SPONSOR"
FIRSTNAME="Tricia"
LASTNAME="Reyes"
DISPLAYNAME="Tricia Reyes"
COUNTRY="UNITED STATES"
PHONE="17578330142"
ALTPHONE="1"
FAX="1"
EMAIL="tricia.reyes@quintiles.com"
ACTIVESTATE="true"
PASSWORD="A7kg81Es61Nq8U1109"
BEEPER="1"
USERDATEFORMAT="DAY_MONTH_YEAR"
HOMESCREENURL="./Portal/default.htm"
USERMUSTRESETPASSWORD="TRUE"
PRODUCTLOCALE="en-US"
STUDYLOCALE="en-US"/>


<USER  USERNAME="z2x7034"
USERTYPE="SPONSOR"
FIRSTNAME="Amber"
LASTNAME="Ward"
DISPLAYNAME="Amber Ward"
COUNTRY="UNITED STATES"
PHONE="18053384573"
ALTPHONE="1"
FAX="1"
EMAIL="amber.ward@quintiles.com"
ACTIVESTATE="true"
PASSWORD="wB0qR5t8Xe3U8971"
BEEPER="1"
USERDATEFORMAT="DAY_MONTH_YEAR"
HOMESCREENURL="./Portal/default.htm"
USERMUSTRESETPASSWORD="TRUE"
PRODUCTLOCALE="en-US"
STUDYLOCALE="en-US"/>


<USER  USERNAME="kaboudou"
USERTYPE="SITE"
FIRSTNAME="Kahnza"
LASTNAME="Aboudou"
DISPLAYNAME="Kahnza Aboudou"
COUNTRY="FRANCE"
PHONE="33142494949"
ALTPHONE="33"
FAX="33"
EMAIL="Kahnza.aboudou@sls.aphp.fr"
ACTIVESTATE="true"
PASSWORD="E3rX9dxZ56mW5258"
BEEPER="33"
USERDATEFORMAT="DAY_MONTH_YEAR"
HOMESCREENURL="./Portal/default.htm"
USERMUSTRESETPASSWORD="TRUE"
PRODUCTLOCALE="en-US"
STUDYLOCALE="en-US"/>


<USER  USERNAME="pfumoleau"
USERTYPE="SITE"
FIRSTNAME="Pierre"
LASTNAME="Fumoleau"
DISPLAYNAME="Pierre Fumoleau"
COUNTRY="FRANCE"
PHONE="3333380737501"
ALTPHONE="33"
FAX="33"
EMAIL="pfumoleau@cgfl.fr"
ACTIVESTATE="true"
PASSWORD="xL3d7QzL4T6y8688"
BEEPER="33"
USERDATEFORMAT="DAY_MONTH_YEAR"
HOMESCREENURL="./Portal/default.htm"
USERMUSTRESETPASSWORD="TRUE"
PRODUCTLOCALE="en-US"
STUDYLOCALE="en-US"/>


<USER  USERNAME="C191602"
USERTYPE="SPONSOR"
FIRSTNAME="Heidi"
LASTNAME="McAllister"
DISPLAYNAME="Heidi McAllister"
COUNTRY="UNITED STATES"
PHONE="16038655083"
ALTPHONE="1"
FAX="1"
EMAIL="heidi.mcallister@quintiles.com"
ACTIVESTATE="true"
PASSWORD="l4RvA3C4cj12Z5673"
BEEPER="1"
USERDATEFORMAT="DAY_MONTH_YEAR"
HOMESCREENURL="./Portal/default.htm"
USERMUSTRESETPASSWORD="TRUE"
PRODUCTLOCALE="en-US"
STUDYLOCALE="en-US"/>


<USER  USERNAME="z1x1865"
USERTYPE="SPONSOR"
FIRSTNAME="Gregory"
LASTNAME="Collins"
DISPLAYNAME="Gregory Collins"
COUNTRY="UNITED STATES"
PHONE="13023761671"
ALTPHONE="1"
FAX="1"
EMAIL="Gregory.Collins@Quintiles.com"
ACTIVESTATE="true"
PASSWORD="M5ulC54a2BiW313021"
BEEPER="1"
USERDATEFORMAT="DAY_MONTH_YEAR"
HOMESCREENURL="./Portal/default.htm"
USERMUSTRESETPASSWORD="TRUE"
PRODUCTLOCALE="en-US"
STUDYLOCALE="en-US"/>


<USER  USERNAME="slynch"
USERTYPE="SITE"
FIRSTNAME="Siobhan"
LASTNAME="Lynch"
DISPLAYNAME="Siobhan Lynch"
COUNTRY="UNITED STATES"
PHONE="18177597000"
ALTPHONE="1"
FAX="1"
EMAIL="slynch@txcc.com"
ACTIVESTATE="true"
PASSWORD="aK9oJ53uA7o10T2781"
BEEPER="1"
USERDATEFORMAT="DAY_MONTH_YEAR"
HOMESCREENURL="./Portal/default.htm"
USERMUSTRESETPASSWORD="TRUE"
PRODUCTLOCALE="en-US"
STUDYLOCALE="en-US"/>


<USER  USERNAME="gwright"
USERTYPE="SITE"
FIRSTNAME="Gail"
LASTNAME="Wright"
DISPLAYNAME="Gail Wright"
COUNTRY="UNITED STATES"
PHONE="17272161143"
ALTPHONE="1"
FAX="1"
EMAIL="gwright@flcancer.com"
ACTIVESTATE="true"
PASSWORD="eU2hK29J3buA98496"
BEEPER="1"
USERDATEFORMAT="DAY_MONTH_YEAR"
HOMESCREENURL="./Portal/default.htm"
USERMUSTRESETPASSWORD="TRUE"
PRODUCTLOCALE="en-US"
STUDYLOCALE="en-US"/>


<USER  USERNAME="lhart"
USERTYPE="SITE"
FIRSTNAME="Lowell"
LASTNAME="Hart"
DISPLAYNAME="Lowell Hart"
COUNTRY="UNITED STATES"
PHONE="12392756400"
ALTPHONE="1"
FAX="1"
EMAIL="lhartmd@aol.com"
ACTIVESTATE="true"
PASSWORD="i13Mb42YpO42d91Y4312"
BEEPER="1"
USERDATEFORMAT="DAY_MONTH_YEAR"
HOMESCREENURL="./Portal/default.htm"
USERMUSTRESETPASSWORD="TRUE"
PRODUCTLOCALE="en-US"
STUDYLOCALE="en-US"/>


<USER  USERNAME="awalker"
USERTYPE="SITE"
FIRSTNAME="Ashli"
LASTNAME="Walker"
DISPLAYNAME="Ashli Walker"
COUNTRY="UNITED STATES"
PHONE="15126870356"
ALTPHONE="1"
FAX="1"
EMAIL="ashli.walker@usoncology.com"
ACTIVESTATE="true"
PASSWORD="nM8fL71nV7G9b128"
BEEPER="1"
USERDATEFORMAT="DAY_MONTH_YEAR"
HOMESCREENURL="./Portal/default.htm"
USERMUSTRESETPASSWORD="TRUE"
PRODUCTLOCALE="en-US"
STUDYLOCALE="en-US"/>


<USER  USERNAME="z1x1982"
USERTYPE="SPONSOR"
FIRSTNAME="Marlene"
LASTNAME="Federico"
DISPLAYNAME="Marlene Federico"
COUNTRY="UNITED STATES"
PHONE="17195610224"
ALTPHONE="1"
FAX="1"
EMAIL="Marlene.Federico@quintiles.com"
ACTIVESTATE="true"
PASSWORD="y5KpU52cT82kX38772"
BEEPER="1"
USERDATEFORMAT="DAY_MONTH_YEAR"
HOMESCREENURL="./Portal/default.htm"
USERMUSTRESETPASSWORD="TRUE"
PRODUCTLOCALE="en-US"
STUDYLOCALE="en-US"/>


<USER  USERNAME="z1x4497"
USERTYPE="SPONSOR"
FIRSTNAME="Karen"
LASTNAME="Osborne"
DISPLAYNAME="Karen Osborne"
COUNTRY="UNITED STATES"
PHONE="13342720600"
ALTPHONE="1"
FAX="1"
EMAIL="karen.osborne@quintiles.com"
ACTIVESTATE="true"
PASSWORD="k65OsU2eH10fG8466"
BEEPER="1"
USERDATEFORMAT="DAY_MONTH_YEAR"
HOMESCREENURL="./Portal/default.htm"
USERMUSTRESETPASSWORD="TRUE"
PRODUCTLOCALE="en-US"
STUDYLOCALE="en-US"/>


<USER  USERNAME="z2x5835"
USERTYPE="SPONSOR"
FIRSTNAME="Candace"
LASTNAME="Wells"
DISPLAYNAME="Candace Wells"
COUNTRY="UNITED STATES"
PHONE="19724962692"
ALTPHONE="1"
FAX="1"
EMAIL="candace.wells@quintiles.com"
ACTIVESTATE="true"
PASSWORD="sM6oU47rY55X5h1813"
BEEPER="1"
USERDATEFORMAT="DAY_MONTH_YEAR"
HOMESCREENURL="./Portal/default.htm"
USERMUSTRESETPASSWORD="TRUE"
PRODUCTLOCALE="en-US"
STUDYLOCALE="en-US"/>


<USER  USERNAME="z3x0688"
USERTYPE="SPONSOR"
FIRSTNAME="Jason"
LASTNAME="King"
DISPLAYNAME="Jason King"
COUNTRY="UNITED STATES"
PHONE="19199981860"
ALTPHONE="1"
FAX="1"
EMAIL="jason.king@quintiles.com"
ACTIVESTATE="true"
PASSWORD="cF51c1GiV5xU15393"
BEEPER="1"
USERDATEFORMAT="DAY_MONTH_YEAR"
HOMESCREENURL="./Portal/default.htm"
USERMUSTRESETPASSWORD="TRUE"
PRODUCTLOCALE="en-US"
STUDYLOCALE="en-US"/>


<USER  USERNAME="c192448"
USERTYPE="SPONSOR"
FIRSTNAME="Ben"
LASTNAME="Rogers"
DISPLAYNAME="Ben Rogers"
COUNTRY="UNITED STATES"
PHONE="19197686484"
ALTPHONE="1"
FAX="1"
EMAIL="ben.rogers@quintiles.com"
ACTIVESTATE="true"
PASSWORD="h7Ag10LzU7eR814258"
BEEPER="1"
USERDATEFORMAT="DAY_MONTH_YEAR"
HOMESCREENURL="./Portal/default.htm"
USERMUSTRESETPASSWORD="TRUE"
PRODUCTLOCALE="en-US"
STUDYLOCALE="en-US"/>


<USER  USERNAME="c192611"
USERTYPE="SPONSOR"
FIRSTNAME="Jennifer"
LASTNAME="Okpala"
DISPLAYNAME="Jennifer Okpala"
COUNTRY="UNITED STATES"
PHONE="19197686483"
ALTPHONE="1"
FAX="1"
EMAIL="jennifer.okpala@quintiles.com"
ACTIVESTATE="true"
PASSWORD="x35IkG7f39NuH599987"
BEEPER="1"
USERDATEFORMAT="DAY_MONTH_YEAR"
HOMESCREENURL="./Portal/default.htm"
USERMUSTRESETPASSWORD="TRUE"
PRODUCTLOCALE="en-US"
STUDYLOCALE="en-US"/>


<USER  USERNAME="C192893"
USERTYPE="SPONSOR"
FIRSTNAME="Morgan"
LASTNAME="Campbell"
DISPLAYNAME="Morgan Campbell"
COUNTRY="UNITED STATES"
PHONE="19197686560"
ALTPHONE="1"
FAX="1"
EMAIL="morgan.campbell@quintiles.com"
ACTIVESTATE="true"
PASSWORD="I6hj15Kj1CqK78839"
BEEPER="1"
USERDATEFORMAT="DAY_MONTH_YEAR"
HOMESCREENURL="./Portal/default.htm"
USERMUSTRESETPASSWORD="TRUE"
PRODUCTLOCALE="en-US"
STUDYLOCALE="en-US"/>


<USER  USERNAME="ZPFapervaiz"
USERTYPE="SPONSOR"
FIRSTNAME="Afnan"
LASTNAME="Pervaiz"
DISPLAYNAME="Afnan Pervaiz"
DESCRIPTION="Support Tier I"
COUNTRY="UNITED KINGDOM"
PHONE="4410 44 1628 640 700"
ALTPHONE="44"
FAX="44"
EMAIL="afnan.pervaiz@oracle.com"
ACTIVESTATE="true"
PASSWORD="e83Hu55CxM36gC39573"
BEEPER="44"
USERDATEFORMAT="DAY_MONTH_YEAR"
HOMESCREENURL="./Portal/default.htm"
USERMUSTRESETPASSWORD="TRUE"
PRODUCTLOCALE="en-US"
STUDYLOCALE="en-US"/>


<USER  USERNAME="c068502"
USERTYPE="SPONSOR"
FIRSTNAME="Jennifer"
LASTNAME="Huston"
DISPLAYNAME="Jennifer Huston"
COUNTRY="UNITED STATES"
PHONE="13176511465"
ALTPHONE="1"
FAX="1"
EMAIL="jhuston@lilly.com"
ACTIVESTATE="true"
PASSWORD="eQ51pO48hL2p1K2245"
BEEPER="1"
USERDATEFORMAT="DAY_MONTH_YEAR"
HOMESCREENURL="./Portal/default.htm"
USERMUSTRESETPASSWORD="TRUE"
PRODUCTLOCALE="en-US"
STUDYLOCALE="en-US"/>


<USER  USERNAME="c021984"
USERTYPE="SPONSOR"
FIRSTNAME="Kira"
LASTNAME="Miles"
DISPLAYNAME="Kira Miles"
COUNTRY="UNITED STATES"
PHONE="13172772189"
ALTPHONE="1"
FAX="1"
EMAIL="miles_kira_d@lilly.com"
ACTIVESTATE="true"
PASSWORD="rA7t6LyU0dP944085"
BEEPER="1"
USERDATEFORMAT="DAY_MONTH_YEAR"
HOMESCREENURL="./Portal/default.htm"
USERMUSTRESETPASSWORD="TRUE"
PRODUCTLOCALE="en-US"
STUDYLOCALE="en-US"/>


<USER  USERNAME="c089548"
USERTYPE="SPONSOR"
FIRSTNAME="Douglas"
LASTNAME="Roepke"
DISPLAYNAME="Douglas Roepke"
COUNTRY="UNITED STATES"
PHONE="13172767364"
ALTPHONE="1"
FAX="1"
EMAIL="roepke_douglas_andrew@lilly.com"
ACTIVESTATE="true"
PASSWORD="hV12v1ExA40aT208688"
BEEPER="1"
USERDATEFORMAT="DAY_MONTH_YEAR"
HOMESCREENURL="./Portal/default.htm"
USERMUSTRESETPASSWORD="TRUE"
PRODUCTLOCALE="en-US"
STUDYLOCALE="en-US"/>


<USER  USERNAME="c026393"
USERTYPE="SPONSOR"
FIRSTNAME="Lee Ann"
LASTNAME="Wininger"
DISPLAYNAME="Lee Ann Wininger"
COUNTRY="UNITED STATES"
PHONE="13176513238"
ALTPHONE="1"
FAX="1"
EMAIL="Wininger_Lee_Ann@lilly.com"
ACTIVESTATE="true"
PASSWORD="aX38B2sy7PqC425714"
BEEPER="1"
USERDATEFORMAT="DAY_MONTH_YEAR"
HOMESCREENURL="./Portal/default.htm"
USERMUSTRESETPASSWORD="TRUE"
PRODUCTLOCALE="en-US"
STUDYLOCALE="en-US"/>


<USER  USERNAME="c075541"
USERTYPE="SPONSOR"
FIRSTNAME="Sara"
LASTNAME="Vandermark"
DISPLAYNAME="Sara Vandermark"
COUNTRY="UNITED STATES"
PHONE="13176553465"
ALTPHONE="1"
FAX="1"
EMAIL="Vandermark_Sara@lilly.com"
ACTIVESTATE="true"
PASSWORD="T4ayI97bK7mS32432"
BEEPER="1"
USERDATEFORMAT="DAY_MONTH_YEAR"
HOMESCREENURL="./Portal/default.htm"
USERMUSTRESETPASSWORD="TRUE"
PRODUCTLOCALE="en-US"
STUDYLOCALE="en-US"/>


<USER  USERNAME="z2x2246"
USERTYPE="SPONSOR"
FIRSTNAME="Erin"
LASTNAME="Kirsling"
DISPLAYNAME="Erin Kirsling"
COUNTRY="UNITED STATES"
PHONE="19522940419"
ALTPHONE="1"
FAX="1"
EMAIL="erin.kirsling@quintiles.com"
ACTIVESTATE="true"
PASSWORD="g3XbF2h3Lu81N2173"
BEEPER="1"
USERDATEFORMAT="DAY_MONTH_YEAR"
HOMESCREENURL="./Portal/default.htm"
USERMUSTRESETPASSWORD="TRUE"
PRODUCTLOCALE="en-US"
STUDYLOCALE="en-US"/>


<USER  USERNAME="Z3X3124"
USERTYPE="SPONSOR"
FIRSTNAME="Shawn"
LASTNAME="Smekal"
DISPLAYNAME="Shawn Smekal"
COUNTRY="UNITED STATES"
PHONE="19193245949"
ALTPHONE="1"
FAX="1"
EMAIL="shawn.smekal@quintiles.com"
ACTIVESTATE="true"
PASSWORD="nC53hF1oD5U8s6111"
BEEPER="1"
USERDATEFORMAT="DAY_MONTH_YEAR"
HOMESCREENURL="./Portal/default.htm"
USERMUSTRESETPASSWORD="TRUE"
PRODUCTLOCALE="en-US"
STUDYLOCALE="en-US"/>


<USER  USERNAME="ZPFaflathers"
USERTYPE="SPONSOR"
FIRSTNAME="Andrea"
LASTNAME="Flathers"
DISPLAYNAME="Andrea Flathers"
DESCRIPTION="Services Project Manager"
COUNTRY="UNITED STATES"
PHONE="1"
ALTPHONE="1"
FAX="1"
EMAIL="andrea.flathers@oracle.com"
ACTIVESTATE="true"
PASSWORD="yT6kX9oM0N8m6054"
BEEPER="1"
USERDATEFORMAT="DAY_MONTH_YEAR"
HOMESCREENURL="./Portal/default.htm"
USERMUSTRESETPASSWORD="TRUE"
PRODUCTLOCALE="en-US"
STUDYLOCALE="en-US"/>


<USER  USERNAME="ZPFskonig"
USERTYPE="SPONSOR"
FIRSTNAME="Szilvia"
LASTNAME="Konig"
DISPLAYNAME="Szilvia Konig"
DESCRIPTION="Service Delivery Manager"
COUNTRY="HUNGARY"
PHONE="36"
ALTPHONE="36"
FAX="36"
EMAIL="szilvia.konig@oracle.com"
ACTIVESTATE="true"
PASSWORD="d33Hd0EoJ86m17K7464"
BEEPER="36"
USERDATEFORMAT="DAY_MONTH_YEAR"
HOMESCREENURL="./Portal/default.htm"
USERMUSTRESETPASSWORD="TRUE"
PRODUCTLOCALE="en-US"
STUDYLOCALE="en-US"/>


<USER  USERNAME="ZPFmszemjonka"
USERTYPE="SPONSOR"
FIRSTNAME="Marina"
LASTNAME="Szemjonka"
DISPLAYNAME="Marina Szemjonka"
DESCRIPTION="Service Delivery Manager"
COUNTRY="HUNGARY"
PHONE="36"
ALTPHONE="36"
FAX="36"
EMAIL="marina.szemjonka@oracle.com"
ACTIVESTATE="true"
PASSWORD="rY8t0Kd9BjX619327"
BEEPER="36"
USERDATEFORMAT="DAY_MONTH_YEAR"
HOMESCREENURL="./Portal/default.htm"
USERMUSTRESETPASSWORD="TRUE"
PRODUCTLOCALE="en-US"
STUDYLOCALE="en-US"/>


<USER  USERNAME="sfernandez"
USERTYPE="SITE"
FIRSTNAME="Sara"
LASTNAME="Fernandez"
DISPLAYNAME="Sara Fernandez"
COUNTRY="SPAIN"
PHONE="3434914269070"
ALTPHONE="34"
FAX="34"
EMAIL="sarafergon1@gmail.com"
ACTIVESTATE="true"
PASSWORD="i6Dv74SI7jz47Q4429"
BEEPER="34"
USERDATEFORMAT="DAY_MONTH_YEAR"
HOMESCREENURL="./Portal/default.htm"
USERMUSTRESETPASSWORD="TRUE"
PRODUCTLOCALE="en-US"
STUDYLOCALE="en-US"/>


<USER  USERNAME="aruiz"
USERTYPE="SITE"
FIRSTNAME="Ana"
LASTNAME="Ruiz"
DISPLAYNAME="Ana Ruiz"
COUNTRY="SPAIN"
PHONE="3434914269070"
ALTPHONE="34"
FAX="34"
EMAIL="aruizbo.hgugm@yahoo.es"
ACTIVESTATE="true"
PASSWORD="aA29jV5cN7dW258305"
BEEPER="34"
USERDATEFORMAT="DAY_MONTH_YEAR"
HOMESCREENURL="./Portal/default.htm"
USERMUSTRESETPASSWORD="TRUE"
PRODUCTLOCALE="en-US"
STUDYLOCALE="en-US"/>


<USER  USERNAME="valberola"
USERTYPE="SITE"
FIRSTNAME="Vicente"
LASTNAME="Alberola Arago"
DISPLAYNAME="Vicente Alberola Arago"
COUNTRY="SPAIN"
PHONE="3434626242554"
ALTPHONE="34"
FAX="34"
EMAIL="alberola_vicara@gva.es"
ACTIVESTATE="true"
PASSWORD="gV9aT20rQ64o1S4997"
BEEPER="34"
USERDATEFORMAT="DAY_MONTH_YEAR"
HOMESCREENURL="./Portal/default.htm"
USERMUSTRESETPASSWORD="TRUE"
PRODUCTLOCALE="en-US"
STUDYLOCALE="en-US"/>


<USER  USERNAME="jcortes"
USERTYPE="SITE"
FIRSTNAME="Javier"
LASTNAME="Cortes"
DISPLAYNAME="Javier Cortes"
COUNTRY="SPAIN"
PHONE="3434934893846"
ALTPHONE="34"
FAX="34"
EMAIL="jacortes@vhio.net"
ACTIVESTATE="true"
PASSWORD="W2rqY34iS87pT918564"
BEEPER="34"
USERDATEFORMAT="DAY_MONTH_YEAR"
HOMESCREENURL="./Portal/default.htm"
USERMUSTRESETPASSWORD="TRUE"
PRODUCTLOCALE="en-US"
STUDYLOCALE="en-US"/>


<USER  USERNAME="ezamora"
USERTYPE="SITE"
FIRSTNAME="Esther"
LASTNAME="Zamora"
DISPLAYNAME="Esther Zamora"
COUNTRY="SPAIN"
PHONE="3434932746000"
ALTPHONE="34"
FAX="34"
EMAIL="ezamora@vhebron.net"
ACTIVESTATE="true"
PASSWORD="tK26P6ze9OoL98279"
BEEPER="34"
USERDATEFORMAT="DAY_MONTH_YEAR"
HOMESCREENURL="./Portal/default.htm"
USERMUSTRESETPASSWORD="TRUE"
PRODUCTLOCALE="en-US"
STUDYLOCALE="en-US"/>


<USER  USERNAME="z2x2612"
USERTYPE="SPONSOR"
FIRSTNAME="Madhavi"
LASTNAME="Patil"
DISPLAYNAME="Madhavi Patil"
COUNTRY="INDIA"
PHONE="912030569312"
ALTPHONE="91"
FAX="91"
EMAIL="MADHAVI.PATIL@INVENTIVHEALTH.COM"
ACTIVESTATE="true"
PASSWORD="d38VuC8jY9cO818852"
BEEPER="91"
USERDATEFORMAT="DAY_MONTH_YEAR"
HOMESCREENURL="./Portal/default.htm"
USERMUSTRESETPASSWORD="TRUE"
PRODUCTLOCALE="en-US"
STUDYLOCALE="en-US"/>


<USER  USERNAME="ngiven"
USERTYPE="SITE"
FIRSTNAME="Nicole"
LASTNAME="Given"
DISPLAYNAME="Nicole Given"
COUNTRY="UNITED STATES"
PHONE="15137512273"
ALTPHONE="1"
FAX="1"
EMAIL="ngiven@ohcare.com"
ACTIVESTATE="true"
PASSWORD="fR87V4bv3KuG68613"
BEEPER="1"
USERDATEFORMAT="DAY_MONTH_YEAR"
HOMESCREENURL="./Portal/default.htm"
USERMUSTRESETPASSWORD="TRUE"
PRODUCTLOCALE="en-US"
STUDYLOCALE="en-US"/>


<USER  USERNAME="jrowan"
USERTYPE="SITE"
FIRSTNAME="Jennifer"
LASTNAME="Rowan"
DISPLAYNAME="Jennifer Rowan"
COUNTRY="UNITED STATES"
PHONE="15126870356"
ALTPHONE="1"
FAX="1"
EMAIL="jennifer.rowan@usoncology.com"
ACTIVESTATE="true"
PASSWORD="dR8c3GZ4chW954737"
BEEPER="1"
USERDATEFORMAT="DAY_MONTH_YEAR"
HOMESCREENURL="./Portal/default.htm"
USERMUSTRESETPASSWORD="TRUE"
PRODUCTLOCALE="en-US"
STUDYLOCALE="en-US"/>


<USER  USERNAME="sadam"
USERTYPE="SITE"
FIRSTNAME="Stephanie"
LASTNAME="Adam"
DISPLAYNAME="Stephanie Adam"
COUNTRY="BELGIUM"
PHONE="323271104762"
ALTPHONE="32"
FAX="32"
EMAIL="stephanie.adam@ghdc.be"
ACTIVESTATE="true"
PASSWORD="cO8rH2pB25m36T8353"
BEEPER="32"
USERDATEFORMAT="DAY_MONTH_YEAR"
HOMESCREENURL="./Portal/default.htm"
USERMUSTRESETPASSWORD="TRUE"
PRODUCTLOCALE="en-US"
STUDYLOCALE="en-US"/>


<USER  USERNAME="abuttice"
USERTYPE="SITE"
FIRSTNAME="Alfino"
LASTNAME="Buttice"
DISPLAYNAME="Alfino Buttice"
COUNTRY="BELGIUM"
PHONE="323225417262"
ALTPHONE="32"
FAX="32"
EMAIL="Alfino.Buttice@bordet.be"
ACTIVESTATE="true"
PASSWORD="e8CN4waY3y18F1763"
BEEPER="32"
USERDATEFORMAT="DAY_MONTH_YEAR"
HOMESCREENURL="./Portal/default.htm"
USERMUSTRESETPASSWORD="TRUE"
PRODUCTLOCALE="en-US"
STUDYLOCALE="en-US"/>


<USER  USERNAME="ebiesmans"
USERTYPE="SITE"
FIRSTNAME="Evelien"
LASTNAME="Biesmans"
DISPLAYNAME="Evelien Biesmans"
COUNTRY="BELGIUM"
PHONE="323216347666"
ALTPHONE="32"
FAX="32"
EMAIL="evelien.biesmans@uzleuven.be"
ACTIVESTATE="true"
PASSWORD="gQ14jI37pR5wS15379"
BEEPER="32"
USERDATEFORMAT="DAY_MONTH_YEAR"
HOMESCREENURL="./Portal/default.htm"
USERMUSTRESETPASSWORD="TRUE"
PRODUCTLOCALE="en-US"
STUDYLOCALE="en-US"/>


<USER  USERNAME="hhofkens"
USERTYPE="SITE"
FIRSTNAME="Hilde"
LASTNAME="Hofkens"
DISPLAYNAME="Hilde Hofkens"
COUNTRY="BELGIUM"
PHONE="323216340505"
ALTPHONE="32"
FAX="32"
EMAIL="hilde.hofkens@uzleuven.be"
ACTIVESTATE="true"
PASSWORD="D4ugE22N7ja0V1812"
BEEPER="32"
USERDATEFORMAT="DAY_MONTH_YEAR"
HOMESCREENURL="./Portal/default.htm"
USERMUSTRESETPASSWORD="TRUE"
PRODUCTLOCALE="en-US"
STUDYLOCALE="en-US"/>


<USER  USERNAME="c039853"
USERTYPE="SPONSOR"
FIRSTNAME="Teresa"
LASTNAME="Hogan"
DISPLAYNAME="Teresa Hogan"
COUNTRY="UNITED STATES"
PHONE="13176552174"
ALTPHONE="1"
FAX="1"
EMAIL="hogan_teresa_l@lilly.com"
ACTIVESTATE="true"
PASSWORD="K0ffT29I9uu0B8725"
BEEPER="1"
USERDATEFORMAT="DAY_MONTH_YEAR"
HOMESCREENURL="./Portal/default.htm"
USERMUSTRESETPASSWORD="TRUE"
PRODUCTLOCALE="en-US"
STUDYLOCALE="en-US"/>


<USER  USERNAME="rm89018"
USERTYPE="SPONSOR"
FIRSTNAME="Rolanda"
LASTNAME="Brooks"
DISPLAYNAME="Rolanda Brooks"
COUNTRY="UNITED STATES"
PHONE="13172767757"
ALTPHONE="1"
FAX="1"
EMAIL="brooks_rolanda_n@lilly.com"
ACTIVESTATE="true"
PASSWORD="f6Ht64RsP79S6n3072"
BEEPER="1"
USERDATEFORMAT="DAY_MONTH_YEAR"
HOMESCREENURL="./Portal/default.htm"
USERMUSTRESETPASSWORD="TRUE"
PRODUCTLOCALE="en-US"
STUDYLOCALE="en-US"/>


<USER  USERNAME="v6x8058"
USERTYPE="SPONSOR"
FIRSTNAME="Heidi"
LASTNAME="Gertiser"
DISPLAYNAME="Heidi Gertiser"
COUNTRY="UNITED STATES"
PHONE="13174339126"
ALTPHONE="1"
FAX="1"
EMAIL="gertiser_heidi@lilly.com"
ACTIVESTATE="true"
PASSWORD="L9ua3Ja48Gg2W5836"
BEEPER="1"
USERDATEFORMAT="DAY_MONTH_YEAR"
HOMESCREENURL="./Portal/default.htm"
USERMUSTRESETPASSWORD="TRUE"
PRODUCTLOCALE="en-US"
STUDYLOCALE="en-US"/>


<USER  USERNAME="c026390"
USERTYPE="SPONSOR"
FIRSTNAME="Susan"
LASTNAME="Woodring"
DISPLAYNAME="Susan Woodring"
COUNTRY="UNITED STATES"
PHONE="13176552039"
ALTPHONE="1"
FAX="1"
EMAIL="woodring_susan_e@lilly.com"
ACTIVESTATE="true"
PASSWORD="hD69nG7m52QyX99022"
BEEPER="1"
USERDATEFORMAT="DAY_MONTH_YEAR"
HOMESCREENURL="./Portal/default.htm"
USERMUSTRESETPASSWORD="TRUE"
PRODUCTLOCALE="en-US"
STUDYLOCALE="en-US"/>


<USER  USERNAME="c071673"
USERTYPE="SPONSOR"
FIRSTNAME="Vanessa"
LASTNAME="Distel"
DISPLAYNAME="Vanessa Distel"
COUNTRY="UNITED STATES"
PHONE="13172763881"
ALTPHONE="1"
FAX="1"
EMAIL="distel_vanessa_m@lilly.com"
ACTIVESTATE="true"
PASSWORD="aA6mD9hJ5j1B8763"
BEEPER="1"
USERDATEFORMAT="DAY_MONTH_YEAR"
HOMESCREENURL="./Portal/default.htm"
USERMUSTRESETPASSWORD="TRUE"
PRODUCTLOCALE="en-US"
STUDYLOCALE="en-US"/>


<USER  USERNAME="Z2X3300"
USERTYPE="SPONSOR"
FIRSTNAME="Donna"
LASTNAME="Edwards"
DISPLAYNAME="Donna Edwards"
COUNTRY="UNITED STATES"
PHONE="16157735185"
ALTPHONE="1"
FAX="1"
EMAIL="donna.edwards@quintiles.com"
ACTIVESTATE="true"
PASSWORD="nY98tZ3kL5d15U4950"
BEEPER="1"
USERDATEFORMAT="DAY_MONTH_YEAR"
HOMESCREENURL="./Portal/default.htm"
USERMUSTRESETPASSWORD="TRUE"
PRODUCTLOCALE="en-US"
STUDYLOCALE="en-US"/>


<USER  USERNAME="Z1X2605"
USERTYPE="SPONSOR"
FIRSTNAME="Vamsi"
LASTNAME="Gottimukkala"
DISPLAYNAME="Vamsi Gottimukkala"
COUNTRY="UNITED STATES"
PHONE="12159215134"
ALTPHONE="1"
FAX="1"
EMAIL="vamsi.gottimukkala@quintiles.com"
ACTIVESTATE="true"
PASSWORD="qY59yX64xS8r2H1395"
BEEPER="1"
USERDATEFORMAT="DAY_MONTH_YEAR"
HOMESCREENURL="./Portal/default.htm"
USERMUSTRESETPASSWORD="TRUE"
PRODUCTLOCALE="en-US"
STUDYLOCALE="en-US"/>


<USER  USERNAME="z3x2399"
USERTYPE="SPONSOR"
FIRSTNAME="Godelieve"
LASTNAME="Vrints"
DISPLAYNAME="Godelieve Vrints"
COUNTRY="BELGIUM"
PHONE="3232490572424"
ALTPHONE="32"
FAX="32"
EMAIL="godelieve.vrints@iconplc.com"
ACTIVESTATE="true"
PASSWORD="dJ3gC31A5jlV258012"
BEEPER="32"
USERDATEFORMAT="DAY_MONTH_YEAR"
HOMESCREENURL="./Portal/default.htm"
USERMUSTRESETPASSWORD="TRUE"
PRODUCTLOCALE="en-US"
STUDYLOCALE="en-US"/>


<USER  USERNAME="c180452"
USERTYPE="SPONSOR"
FIRSTNAME="Gloria"
LASTNAME="Carrascosa"
DISPLAYNAME="Gloria Carrascosa"
COUNTRY="SPAIN"
PHONE="3434911148258"
ALTPHONE="34"
FAX="34"
EMAIL="gloria.carrascosa@iconplc.com"
ACTIVESTATE="true"
PASSWORD="aD23xB97y93HbV85346"
BEEPER="34"
USERDATEFORMAT="DAY_MONTH_YEAR"
HOMESCREENURL="./Portal/default.htm"
USERMUSTRESETPASSWORD="TRUE"
PRODUCTLOCALE="en-US"
STUDYLOCALE="en-US"/>


<USER  USERNAME="jdewelle"
USERTYPE="SITE"
FIRSTNAME="Janique"
LASTNAME="Dewelle"
DISPLAYNAME="Janique Dewelle"
COUNTRY="BELGIUM"
PHONE="323271104709"
ALTPHONE="32"
FAX="32"
EMAIL="janique.dewelle@ghdc.be"
ACTIVESTATE="true"
PASSWORD="bO0r3MjN28k80G5120"
BEEPER="32"
USERDATEFORMAT="DAY_MONTH_YEAR"
HOMESCREENURL="./Portal/default.htm"
USERMUSTRESETPASSWORD="TRUE"
PRODUCTLOCALE="en-US"
STUDYLOCALE="en-US"/>


<USER  USERNAME="gjerusalem"
USERTYPE="SITE"
FIRSTNAME="Guy"
LASTNAME="Jerusalem"
DISPLAYNAME="Guy Jerusalem"
COUNTRY="BELGIUM"
PHONE="323243667237"
ALTPHONE="32"
FAX="32"
EMAIL="g.jerusalem@chu.ulg.ac.be"
ACTIVESTATE="true"
PASSWORD="fX32x27FmT6gS4936"
BEEPER="32"
USERDATEFORMAT="DAY_MONTH_YEAR"
HOMESCREENURL="./Portal/default.htm"
USERMUSTRESETPASSWORD="TRUE"
PRODUCTLOCALE="en-US"
STUDYLOCALE="en-US"/>


<USER  USERNAME="vloo"
USERTYPE="SITE"
FIRSTNAME="Véronique"
LASTNAME="Loo"
DISPLAYNAME="Véronique  Loo"
COUNTRY="BELGIUM"
PHONE="323243668250"
ALTPHONE="32"
FAX="32"
EMAIL="veronique.loo@chu.ulg.ac.be"
ACTIVESTATE="true"
PASSWORD="vT78qA5G1vmD99675"
BEEPER="32"
USERDATEFORMAT="DAY_MONTH_YEAR"
HOMESCREENURL="./Portal/default.htm"
USERMUSTRESETPASSWORD="TRUE"
PRODUCTLOCALE="en-US"
STUDYLOCALE="en-US"/>


<USER  USERNAME="z1x1837"
USERTYPE="SPONSOR"
FIRSTNAME="Tiffiny"
LASTNAME="Ward"
DISPLAYNAME="Tiffiny Ward"
COUNTRY="UNITED STATES"
PHONE="12819924313"
ALTPHONE="1"
FAX="1"
EMAIL="Tiffiny.Ward@Quintiles.com"
ACTIVESTATE="true"
PASSWORD="B2wzQ0eQ96m8M1800"
BEEPER="1"
USERDATEFORMAT="DAY_MONTH_YEAR"
HOMESCREENURL="./Portal/default.htm"
USERMUSTRESETPASSWORD="TRUE"
PRODUCTLOCALE="en-US"
STUDYLOCALE="en-US"/>


<USER  USERNAME="z2x1723"
USERTYPE="SPONSOR"
FIRSTNAME="Mary"
LASTNAME="Wilks"
DISPLAYNAME="Mary Wilks"
COUNTRY="UNITED STATES"
PHONE="18175601005"
ALTPHONE="1"
FAX="1"
EMAIL="Mary.wilks@quintiles.com"
ACTIVESTATE="true"
PASSWORD="S8pbM70p45RyZ202170"
BEEPER="1"
USERDATEFORMAT="DAY_MONTH_YEAR"
HOMESCREENURL="./Portal/default.htm"
USERMUSTRESETPASSWORD="TRUE"
PRODUCTLOCALE="en-US"
STUDYLOCALE="en-US"/>


<USER  USERNAME="z2x7248"
USERTYPE="SPONSOR"
FIRSTNAME="Shaleea"
LASTNAME="Bond"
DISPLAYNAME="Shaleea Bond"
COUNTRY="UNITED STATES"
PHONE="19199987740"
ALTPHONE="1"
FAX="1"
EMAIL="amanda.nowell@quintiles.com"
ACTIVESTATE="true"
PASSWORD="T3yrH5wM24u7U2862"
BEEPER="1"
USERDATEFORMAT="DAY_MONTH_YEAR"
HOMESCREENURL="./Portal/default.htm"
USERMUSTRESETPASSWORD="TRUE"
PRODUCTLOCALE="en-US"
STUDYLOCALE="en-US"/>


<USER  USERNAME="c179650"
USERTYPE="SPONSOR"
FIRSTNAME="Amanda"
LASTNAME="Nowell"
DISPLAYNAME="Amanda Nowell"
COUNTRY="UNITED STATES"
PHONE="19199982821"
ALTPHONE="1"
FAX="1"
EMAIL="shaleea.bond@quintiles.com"
ACTIVESTATE="true"
PASSWORD="dD2pJ14T3usY2777"
BEEPER="1"
USERDATEFORMAT="DAY_MONTH_YEAR"
HOMESCREENURL="./Portal/default.htm"
USERMUSTRESETPASSWORD="TRUE"
PRODUCTLOCALE="en-US"
STUDYLOCALE="en-US"/>


<USER  USERNAME="z1x1972"
USERTYPE="SPONSOR"
FIRSTNAME="Angela"
LASTNAME="Minn"
DISPLAYNAME="Angela Minn"
COUNTRY="UNITED STATES"
PHONE="19108210239"
ALTPHONE="1"
FAX="1"
EMAIL="angela.minn@quintiles.com"
ACTIVESTATE="true"
PASSWORD="o27Qr3Uq0EQ1p9528"
BEEPER="1"
USERDATEFORMAT="DAY_MONTH_YEAR"
HOMESCREENURL="./Portal/default.htm"
USERMUSTRESETPASSWORD="TRUE"
PRODUCTLOCALE="en-US"
STUDYLOCALE="en-US"/>


<USER  USERNAME="c190660"
USERTYPE="SPONSOR"
FIRSTNAME="Iris"
LASTNAME="Diaz"
DISPLAYNAME="Iris Diaz"
COUNTRY="UNITED STATES"
PHONE="19199981309"
ALTPHONE="1"
FAX="1"
EMAIL="iris.diaz@quintiles.com"
ACTIVESTATE="true"
PASSWORD="hO0f44Ii6FuQ1285"
BEEPER="1"
USERDATEFORMAT="DAY_MONTH_YEAR"
HOMESCREENURL="./Portal/default.htm"
USERMUSTRESETPASSWORD="TRUE"
PRODUCTLOCALE="en-US"
STUDYLOCALE="en-US"/>


<USER  USERNAME="ZPFcvarga"
USERTYPE="SPONSOR"
FIRSTNAME="Csilla"
LASTNAME="Varga"
DISPLAYNAME="Csilla Varga"
DESCRIPTION="Support Tier I"
COUNTRY="HUNGARY"
PHONE="36"
ALTPHONE="36"
FAX="36"
EMAIL="csilla.varga@oracle.com"
ACTIVESTATE="true"
PASSWORD="t1Ze7KbF62sM692661"
BEEPER="36"
USERDATEFORMAT="DAY_MONTH_YEAR"
HOMESCREENURL="./Portal/default.htm"
USERMUSTRESETPASSWORD="TRUE"
PRODUCTLOCALE="en-US"
STUDYLOCALE="en-US"/>


<USER  USERNAME="ZPFbszabo"
USERTYPE="SPONSOR"
FIRSTNAME="Beata"
LASTNAME="Szabo"
DISPLAYNAME="Beata Szabo"
DESCRIPTION="Lilly Support"
COUNTRY="HUNGARY"
PHONE="36"
ALTPHONE="36"
FAX="36"
EMAIL="beata.szabo@oracle.com"
ACTIVESTATE="true"
PASSWORD="e83Hu55CxM36gC39573"
BEEPER="36"
USERDATEFORMAT="DAY_MONTH_YEAR"
HOMESCREENURL="./Portal/default.htm"
USERMUSTRESETPASSWORD="TRUE"
PRODUCTLOCALE="en-US"
STUDYLOCALE="en-US"/>


<USER  USERNAME="ZPFepenzes"
USERTYPE="SPONSOR"
FIRSTNAME="Eszter"
LASTNAME="Penzes"
DISPLAYNAME="Eszter Penzes"
DESCRIPTION="Support Tier I"
COUNTRY="HUNGARY"
PHONE="36"
ALTPHONE="36"
FAX="36"
EMAIL="ESZTER.PENZES@ORACLE.COM"
ACTIVESTATE="true"
PASSWORD="aS23cH41iQ7pC78090"
BEEPER="36"
USERDATEFORMAT="DAY_MONTH_YEAR"
HOMESCREENURL="./Portal/default.htm"
USERMUSTRESETPASSWORD="TRUE"
PRODUCTLOCALE="en-US"
STUDYLOCALE="en-US"/>


<USER  USERNAME="ZPFkkovacs"
USERTYPE="SPONSOR"
FIRSTNAME="Klara"
LASTNAME="Kovacs"
DISPLAYNAME="Klara Kovacs"
DESCRIPTION="Support Tier I"
COUNTRY="HUNGARY"
PHONE="36"
ALTPHONE="36"
FAX="36"
EMAIL="KLARA.KOVACS@ORACLE.COM"
ACTIVESTATE="true"
PASSWORD="aS23cH41iQ7pC78090"
BEEPER="36"
USERDATEFORMAT="DAY_MONTH_YEAR"
HOMESCREENURL="./Portal/default.htm"
USERMUSTRESETPASSWORD="TRUE"
PRODUCTLOCALE="en-US"
STUDYLOCALE="en-US"/>


<USER  USERNAME="ZPFckalinyak"
USERTYPE="SPONSOR"
FIRSTNAME="Csilla"
LASTNAME="Kalinyak"
DISPLAYNAME="Csilla Kalinyak"
DESCRIPTION="Support Tier I"
COUNTRY="HUNGARY"
PHONE="36"
ALTPHONE="36"
FAX="36"
EMAIL="CSILLA.KALINYAK@ORACLE.COM"
ACTIVESTATE="true"
PASSWORD="aS23cH41iQ7pC78090"
BEEPER="36"
USERDATEFORMAT="DAY_MONTH_YEAR"
HOMESCREENURL="./Portal/default.htm"
USERMUSTRESETPASSWORD="TRUE"
PRODUCTLOCALE="en-US"
STUDYLOCALE="en-US"/>


<USER  USERNAME="ZPFjktan"
USERTYPE="SPONSOR"
FIRSTNAME="Jamelee Karen"
LASTNAME="Tan"
DISPLAYNAME="Jamelee Karen Tan"
DESCRIPTION="Support Tier I"
COUNTRY="PHILIPPINES"
PHONE="63"
ALTPHONE="63"
FAX="63"
EMAIL="JAMELEE.KAREN.TAN@ORACLE.COM"
ACTIVESTATE="true"
PASSWORD="qW60Y5tdL18b29R5376"
BEEPER="63"
USERDATEFORMAT="DAY_MONTH_YEAR"
HOMESCREENURL="./Portal/default.htm"
USERMUSTRESETPASSWORD="TRUE"
PRODUCTLOCALE="en-US"
STUDYLOCALE="en-US"/>


<USER  USERNAME="ZPFgradnai"
USERTYPE="SPONSOR"
FIRSTNAME="Gyongyi"
LASTNAME="Radnai"
DISPLAYNAME="Gyongyi Radnai"
DESCRIPTION="Lilly Support"
COUNTRY="HUNGARY"
PHONE="36"
ALTPHONE="36"
FAX="36"
EMAIL="gyongyi.radnai@oracle.com"
ACTIVESTATE="true"
PASSWORD="qW60Y5tdL18b29R5376"
BEEPER="36"
USERDATEFORMAT="DAY_MONTH_YEAR"
HOMESCREENURL="./Portal/default.htm"
USERMUSTRESETPASSWORD="TRUE"
PRODUCTLOCALE="en-US"
STUDYLOCALE="en-US"/>


<USER  USERNAME="ZPFkbarkoczi"
USERTYPE="SPONSOR"
FIRSTNAME="Katalin"
LASTNAME="Barkoczi"
DISPLAYNAME="Katalin Barkoczi"
DESCRIPTION="Lilly Support"
COUNTRY="HUNGARY"
PHONE="36"
ALTPHONE="36"
FAX="36"
EMAIL="katalin.barkoczi@oracle.com"
ACTIVESTATE="true"
PASSWORD="aS23cH41iQ7pC78090"
BEEPER="36"
USERDATEFORMAT="DAY_MONTH_YEAR"
HOMESCREENURL="./Portal/default.htm"
USERMUSTRESETPASSWORD="TRUE"
PRODUCTLOCALE="en-US"
STUDYLOCALE="en-US"/>


<USER  USERNAME="ZPFasakata"
USERTYPE="SPONSOR"
FIRSTNAME="aki"
LASTNAME="sakata"
DISPLAYNAME="aki sakata"
DESCRIPTION="Support Tier I Japan"
COUNTRY="JAPAN"
PHONE="81"
ALTPHONE="81"
FAX="81"
EMAIL="aki.sakata@oracle.com"
ACTIVESTATE="true"
PASSWORD="qW60Y5tdL18b29R5376"
BEEPER="81"
USERDATEFORMAT="DAY_MONTH_YEAR"
HOMESCREENURL="./Portal/default.htm"
USERMUSTRESETPASSWORD="TRUE"
PRODUCTLOCALE="en-US"
STUDYLOCALE="en-US"/>


<USER  USERNAME="ZPFaboth"
USERTYPE="SPONSOR"
FIRSTNAME="Agota"
LASTNAME="Both"
DISPLAYNAME="Agota Both"
DESCRIPTION="Support Tier I"
COUNTRY="HUNGARY"
PHONE="36"
ALTPHONE="36"
FAX="36"
EMAIL="agota.both@oracle.com"
ACTIVESTATE="true"
PASSWORD="aS23cH41iQ7pC78090"
BEEPER="36"
USERDATEFORMAT="DAY_MONTH_YEAR"
HOMESCREENURL="./Portal/default.htm"
USERMUSTRESETPASSWORD="TRUE"
PRODUCTLOCALE="en-US"
STUDYLOCALE="en-US"/>


<USER  USERNAME="ZPFcroyalto"
USERTYPE="SPONSOR"
FIRSTNAME="Christianne"
LASTNAME="Roy Alto"
DISPLAYNAME="Christianne Roy Alto"
DESCRIPTION="Support Tier I"
COUNTRY="PHILIPPINES"
PHONE="63"
ALTPHONE="63"
FAX="63"
EMAIL="CHRISTIANNE.ROY.ALTO@ORACLE.COM"
ACTIVESTATE="true"
PASSWORD="v21Yi6VsP9e6I5067"
BEEPER="63"
USERDATEFORMAT="DAY_MONTH_YEAR"
HOMESCREENURL="./Portal/default.htm"
USERMUSTRESETPASSWORD="TRUE"
PRODUCTLOCALE="en-US"
STUDYLOCALE="en-US"/>


<USER  USERNAME="ZPFrcauad"
USERTYPE="SPONSOR"
FIRSTNAME="Ronald"
LASTNAME="Cauad"
DISPLAYNAME="Ronald Cauad"
DESCRIPTION="Support Tier I"
COUNTRY="PHILIPPINES"
PHONE="63"
ALTPHONE="63"
FAX="63"
EMAIL="RONALD.CAUAD@ORACLE.COM"
ACTIVESTATE="true"
PASSWORD="v21Yi6VsP9e6I5067"
BEEPER="63"
USERDATEFORMAT="DAY_MONTH_YEAR"
HOMESCREENURL="./Portal/default.htm"
USERMUSTRESETPASSWORD="TRUE"
PRODUCTLOCALE="en-US"
STUDYLOCALE="en-US"/>


<USER  USERNAME="ZPFryu"
USERTYPE="SPONSOR"
FIRSTNAME="Reny"
LASTNAME="Yu"
DISPLAYNAME="Reny Yu"
DESCRIPTION="Support Tier I"
COUNTRY="PHILIPPINES"
PHONE="63"
ALTPHONE="63"
FAX="63"
EMAIL="RENY.YU@ORACLE.COM"
ACTIVESTATE="true"
PASSWORD="v21Yi6VsP9e6I5067"
BEEPER="63"
USERDATEFORMAT="DAY_MONTH_YEAR"
HOMESCREENURL="./Portal/default.htm"
USERMUSTRESETPASSWORD="TRUE"
PRODUCTLOCALE="en-US"
STUDYLOCALE="en-US"/>


<USER  USERNAME="ZPFpvallar"
USERTYPE="SPONSOR"
FIRSTNAME="Paulnino"
LASTNAME="Vallar"
DISPLAYNAME="Paulnino Vallar"
DESCRIPTION="Support Tier I"
COUNTRY="PHILIPPINES"
PHONE="63"
ALTPHONE="63"
FAX="63"
EMAIL="paulnino.vallar@ORACLE.COM"
ACTIVESTATE="true"
PASSWORD="v21Yi6VsP9e6I5067"
BEEPER="63"
USERDATEFORMAT="DAY_MONTH_YEAR"
HOMESCREENURL="./Portal/default.htm"
USERMUSTRESETPASSWORD="TRUE"
PRODUCTLOCALE="en-US"
STUDYLOCALE="en-US"/>


<USER  USERNAME="ZPFzleczo"
USERTYPE="SPONSOR"
FIRSTNAME="Zsanett"
LASTNAME="Leczo"
DISPLAYNAME="Zsanett Leczo"
DESCRIPTION="Support Tier I"
COUNTRY="HUNGARY"
PHONE="36"
ALTPHONE="36"
FAX="36"
EMAIL="zsanett.leczo@oracle.com"
ACTIVESTATE="true"
PASSWORD="t1Ze7KbF62sM692661"
BEEPER="36"
USERDATEFORMAT="DAY_MONTH_YEAR"
HOMESCREENURL="./Portal/default.htm"
USERMUSTRESETPASSWORD="TRUE"
PRODUCTLOCALE="en-US"
STUDYLOCALE="en-US"/>


<USER  USERNAME="ZPFobodnar"
USERTYPE="SPONSOR"
FIRSTNAME="Oksana"
LASTNAME="Bodnar"
DISPLAYNAME="Oksana Bodnar"
DESCRIPTION="Support Tier I"
COUNTRY="HUNGARY"
PHONE="36"
ALTPHONE="36"
FAX="36"
EMAIL="oksana.bodnar@oracle.com"
ACTIVESTATE="true"
PASSWORD="t1Ze7KbF62sM692661"
BEEPER="36"
USERDATEFORMAT="DAY_MONTH_YEAR"
HOMESCREENURL="./Portal/default.htm"
USERMUSTRESETPASSWORD="TRUE"
PRODUCTLOCALE="en-US"
STUDYLOCALE="en-US"/>


<USER  USERNAME="ZPFedervishaj"
USERTYPE="SPONSOR"
FIRSTNAME="Erald"
LASTNAME="Dervishaj"
DISPLAYNAME="Erald Dervishaj"
DESCRIPTION="Support Tier I"
COUNTRY="HUNGARY"
PHONE="36"
ALTPHONE="36"
FAX="36"
EMAIL="erald.dervishaj@oracle.com"
ACTIVESTATE="true"
PASSWORD="t1Ze7KbF62sM692661"
BEEPER="36"
USERDATEFORMAT="DAY_MONTH_YEAR"
HOMESCREENURL="./Portal/default.htm"
USERMUSTRESETPASSWORD="TRUE"
PRODUCTLOCALE="en-US"
STUDYLOCALE="en-US"/>


<USER  USERNAME="ZPFsgazso"
USERTYPE="SPONSOR"
FIRSTNAME="Szidonia"
LASTNAME="Gazso"
DISPLAYNAME="Szidonia Gazso"
DESCRIPTION="Support Tier I"
COUNTRY="HUNGARY"
PHONE="36"
ALTPHONE="36"
FAX="36"
EMAIL="szidonia.gazso@oracle.com"
ACTIVESTATE="true"
PASSWORD="t1Ze7KbF62sM692661"
BEEPER="36"
USERDATEFORMAT="DAY_MONTH_YEAR"
HOMESCREENURL="./Portal/default.htm"
USERMUSTRESETPASSWORD="TRUE"
PRODUCTLOCALE="en-US"
STUDYLOCALE="en-US"/>


<USER  USERNAME="ZPFaotsuka"
USERTYPE="SPONSOR"
FIRSTNAME="Akiyo"
LASTNAME="Otsuka"
DISPLAYNAME="Akiyo Otsuka"
DESCRIPTION="Support Tier I Japan"
ADDRESS="Oracle Aoyama Center2-5-8,Kita Aoyama, Minato-ku Tokyo 107 0061 Japan"
STATE="Tokyo"
POSTCODE="107 0061"
COUNTRY="JAPAN"
PHONE="81"
ALTPHONE="81"
FAX="81"
EMAIL="akiyo.otsuka@oracle.com"
ACTIVESTATE="true"
PASSWORD="F7htK1sS9xX322388"
BEEPER="81"
USERDATEFORMAT="DAY_MONTH_YEAR"
HOMESCREENURL="./Portal/default.htm"
USERMUSTRESETPASSWORD="TRUE"
PRODUCTLOCALE="en-US"
STUDYLOCALE="en-US"/>


<USER  USERNAME="ZPFhsekine"
USERTYPE="SPONSOR"
FIRSTNAME="Haruka"
LASTNAME="Sekine"
DISPLAYNAME="Haruka Sekine"
DESCRIPTION="Support Tier I Japan"
ADDRESS="Oracle Aoyama Center2-5-8,Kita Aoyama, Minato-ku Tokyo 107 0061 Japan"
ADDRESS2="107 0061"
COUNTRY="JAPAN"
PHONE="81"
EMAIL="haruka.sekine@oracle.com"
ACTIVESTATE="true"
PASSWORD="aN89p45RbI54aU79881"
USERDATEFORMAT="DAY_MONTH_YEAR"
HOMESCREENURL="./Portal/default.htm"
USERMUSTRESETPASSWORD="TRUE"
PRODUCTLOCALE="en-US"
STUDYLOCALE="en-US"/>


<USER  USERNAME="ZPFkcsobalyka"
USERTYPE="SPONSOR"
FIRSTNAME="Krisztian"
LASTNAME="Csobalyka"
DISPLAYNAME="Krisztian Csobalyka"
DESCRIPTION="Support Tier I"
TITLE="Mr."
COUNTRY="HUNGARY"
PHONE="36704275924"
ALTPHONE="36"
FAX="36"
EMAIL="krisztian.csobalyka@oracle.com"
ACTIVESTATE="true"
PASSWORD="aN89p45RbI54aU79881"
BEEPER="36"
USERDATEFORMAT="DAY_MONTH_YEAR"
HOMESCREENURL="./Portal/default.htm"
USERMUSTRESETPASSWORD="TRUE"
PRODUCTLOCALE="en-US"
STUDYLOCALE="en-US"/>


<USER  USERNAME="ZPFjmacatangay"
USERTYPE="SPONSOR"
FIRSTNAME="Jeffrey"
LASTNAME="Macatangay"
DISPLAYNAME="Jeffrey Macatangay"
DESCRIPTION="Support Tier I"
COUNTRY="PHILIPPINES"
PHONE="63"
ALTPHONE="63"
FAX="63"
EMAIL="jeffrey.macatangay@oracle.com"
ACTIVESTATE="true"
PASSWORD="f2OW5knU5P4q7782"
BEEPER="63"
USERDATEFORMAT="DAY_MONTH_YEAR"
HOMESCREENURL="./Portal/default.htm"
USERMUSTRESETPASSWORD="TRUE"
PRODUCTLOCALE="en-US"
STUDYLOCALE="en-US"/>


<USER  USERNAME="ZPFrducusin"
USERTYPE="SPONSOR"
FIRSTNAME="Rodulf"
LASTNAME="Ducusin"
DISPLAYNAME="Rodulf Ducusin"
DESCRIPTION="Support Tier I"
COUNTRY="PHILIPPINES"
PHONE="63"
ALTPHONE="63"
FAX="63"
EMAIL="RODULF.DUCUSIN@ORACLE.COM"
ACTIVESTATE="true"
PASSWORD="f2OW5knU5P4q7782"
BEEPER="63"
USERDATEFORMAT="DAY_MONTH_YEAR"
HOMESCREENURL="./Portal/default.htm"
USERMUSTRESETPASSWORD="TRUE"
PRODUCTLOCALE="en-US"
STUDYLOCALE="en-US"/>


<USER  USERNAME="ZPFskholti"
USERTYPE="SPONSOR"
FIRSTNAME="Szilvia"
LASTNAME="Kholti"
DISPLAYNAME="Szilvia Kholti"
DESCRIPTION="Support Tier I"
COUNTRY="HUNGARY"
PHONE="361111"
ALTPHONE="36"
FAX="36"
EMAIL="szilvia.kholti@oracle.com"
ACTIVESTATE="true"
PASSWORD="f2OW5knU5P4q7782"
BEEPER="36"
USERDATEFORMAT="DAY_MONTH_YEAR"
HOMESCREENURL="./Portal/default.htm"
USERMUSTRESETPASSWORD="TRUE"
PRODUCTLOCALE="en-US"
STUDYLOCALE="en-US"/>


<USER  USERNAME="ZPFsaguilar"
USERTYPE="SPONSOR"
FIRSTNAME="Sergio"
LASTNAME="Aguilar"
DISPLAYNAME="Sergio Aguilar"
DESCRIPTION="Support Tier I"
TITLE="Mr."
COUNTRY="HUNGARY"
PHONE="36"
ALTPHONE="36"
FAX="36"
EMAIL="sergio.aguilar.aguilar@oracle.com"
ACTIVESTATE="true"
PASSWORD="f2OW5knU5P4q7782"
BEEPER="36"
USERDATEFORMAT="DAY_MONTH_YEAR"
HOMESCREENURL="./Portal/default.htm"
USERMUSTRESETPASSWORD="TRUE"
PRODUCTLOCALE="en-US"
STUDYLOCALE="en-US"/>


<USER  USERNAME="ZPFaolah"
USERTYPE="SPONSOR"
FIRSTNAME="Amanda"
LASTNAME="Olah"
DISPLAYNAME="Amanda Olah"
DESCRIPTION="Support Tier I"
COUNTRY="HUNGARY"
PHONE="36"
ALTPHONE="36"
FAX="36"
EMAIL="amanda.olah@oracle.com"
ACTIVESTATE="true"
PASSWORD="f2OW5knU5P4q7782"
BEEPER="36"
USERDATEFORMAT="DAY_MONTH_YEAR"
HOMESCREENURL="./Portal/default.htm"
USERMUSTRESETPASSWORD="TRUE"
PRODUCTLOCALE="en-US"
STUDYLOCALE="en-US"/>


<USER  USERNAME="ZPFdnagy"
USERTYPE="SPONSOR"
FIRSTNAME="Daniel"
LASTNAME="Nagy"
DISPLAYNAME="Daniel Nagy"
DESCRIPTION="Support Tier I"
COUNTRY="HUNGARY"
PHONE="36"
ALTPHONE="36"
FAX="36"
EMAIL="daniel.nagy@oracle.com"
ACTIVESTATE="true"
PASSWORD="q32MoH66eO11q6P2697"
BEEPER="36"
USERDATEFORMAT="DAY_MONTH_YEAR"
HOMESCREENURL="./Portal/default.htm"
USERMUSTRESETPASSWORD="TRUE"
PRODUCTLOCALE="en-US"
STUDYLOCALE="en-US"/>


<USER  USERNAME="ZPFlstoica"
USERTYPE="SPONSOR"
FIRSTNAME="Loredana"
LASTNAME="Stoica"
DISPLAYNAME="Loredana Stoica"
DESCRIPTION="Lilly Support"
COUNTRY="HUNGARY"
PHONE="36"
ALTPHONE="36"
FAX="36"
EMAIL="Loredana.Stoica@oracle.com"
ACTIVESTATE="true"
PASSWORD="q32MoH66eO11q6P2697"
BEEPER="36"
USERDATEFORMAT="DAY_MONTH_YEAR"
HOMESCREENURL="./Portal/default.htm"
USERMUSTRESETPASSWORD="TRUE"
PRODUCTLOCALE="en-US"
STUDYLOCALE="en-US"/>


<USER  USERNAME="ZPFnqi"
USERTYPE="SPONSOR"
FIRSTNAME="Nic"
LASTNAME="Qi"
DISPLAYNAME="Nic Qi"
DESCRIPTION="Support Tier I"
COUNTRY="UNITED KINGDOM"
PHONE="44"
ALTPHONE="44"
FAX="44"
EMAIL="xiaoyu.qi@oracle.com"
ACTIVESTATE="true"
PASSWORD="q32MoH66eO11q6P2697"
BEEPER="44"
USERDATEFORMAT="DAY_MONTH_YEAR"
HOMESCREENURL="./Portal/default.htm"
USERMUSTRESETPASSWORD="TRUE"
PRODUCTLOCALE="en-US"
STUDYLOCALE="en-US"/>


<USER  USERNAME="ZPFijohl"
USERTYPE="SPONSOR"
FIRSTNAME="Ikinder"
LASTNAME="Johl"
DISPLAYNAME="Ikinder Johl"
DESCRIPTION="Support Tier I"
COUNTRY="UNITED KINGDOM"
PHONE="44"
ALTPHONE="44"
FAX="44"
EMAIL="ikinder.johl.singh@oracle.com"
ACTIVESTATE="true"
PASSWORD="z53In7HkT7l9Y4759"
BEEPER="44"
USERDATEFORMAT="DAY_MONTH_YEAR"
HOMESCREENURL="./Portal/default.htm"
USERMUSTRESETPASSWORD="TRUE"
PRODUCTLOCALE="en-US"
STUDYLOCALE="en-US"/>


<USER  USERNAME="ZPFtcabanes"
USERTYPE="SPONSOR"
FIRSTNAME="Teresa"
LASTNAME="Cabanes"
DISPLAYNAME="Teresa Cabanes"
DESCRIPTION="Lilly Data Entry"
COUNTRY="PHILIPPINES"
PHONE="63"
ALTPHONE="63"
FAX="63"
EMAIL="teresa.cabanes@oracle.com"
ACTIVESTATE="true"
PASSWORD="U4dT6mqY2L7c7474"
BEEPER="63"
USERDATEFORMAT="DAY_MONTH_YEAR"
HOMESCREENURL="./Portal/default.htm"
USERMUSTRESETPASSWORD="TRUE"
PRODUCTLOCALE="en-US"
STUDYLOCALE="en-US"/>


<USER  USERNAME="ZPFnvergara"
USERTYPE="SPONSOR"
FIRSTNAME="Neil"
LASTNAME="Vergara"
DISPLAYNAME="Neil Vergara"
DESCRIPTION="Lilly Data Entry"
COUNTRY="PHILIPPINES"
PHONE="63"
ALTPHONE="63"
FAX="63"
EMAIL="neil.vergara@oracle.com"
ACTIVESTATE="true"
PASSWORD="U4dT6mqY2L7c7474"
BEEPER="63"
USERDATEFORMAT="DAY_MONTH_YEAR"
HOMESCREENURL="./Portal/default.htm"
USERMUSTRESETPASSWORD="TRUE"
PRODUCTLOCALE="en-US"
STUDYLOCALE="en-US"/>


<USER  USERNAME="ZPFvsoni"
USERTYPE="SPONSOR"
FIRSTNAME="Varun"
LASTNAME="Soni"
DISPLAYNAME="Varun Soni"
DESCRIPTION="Support Tier I"
COUNTRY="UNITED KINGDOM"
PHONE="44"
ALTPHONE="44"
FAX="44"
EMAIL="varun.x.soni@oracle.com"
ACTIVESTATE="true"
PASSWORD="fE55lI3vE72gM96290"
BEEPER="44"
USERDATEFORMAT="DAY_MONTH_YEAR"
HOMESCREENURL="./Portal/default.htm"
USERMUSTRESETPASSWORD="TRUE"
PRODUCTLOCALE="en-US"
STUDYLOCALE="en-US"/>


<USER  USERNAME="ZPFdweakley"
USERTYPE="SPONSOR"
FIRSTNAME="Daniel"
LASTNAME="Weakley"
DISPLAYNAME="Daniel Weakley"
DESCRIPTION="Support Tier I"
COUNTRY="UNITED KINGDOM"
PHONE="44"
ALTPHONE="44"
FAX="44"
EMAIL="daniel.weakley@oracle.com"
ACTIVESTATE="true"
PASSWORD="fE55lI3vE72gM96290"
BEEPER="44"
USERDATEFORMAT="DAY_MONTH_YEAR"
HOMESCREENURL="./Portal/default.htm"
USERMUSTRESETPASSWORD="TRUE"
PRODUCTLOCALE="en-US"
STUDYLOCALE="en-US"/>


<USER  USERNAME="ZPFaszottfried"
USERTYPE="SPONSOR"
FIRSTNAME="Akos"
LASTNAME="Szottfried"
DISPLAYNAME="Akos Szottfried"
DESCRIPTION="Support Tier I"
COUNTRY="HUNGARY"
PHONE="36"
ALTPHONE="36"
FAX="36"
EMAIL="akos.szottfried@oracle.com"
ACTIVESTATE="true"
PASSWORD="U4dT6mqY2L7c7474"
BEEPER="36"
USERDATEFORMAT="DAY_MONTH_YEAR"
HOMESCREENURL="./Portal/default.htm"
USERMUSTRESETPASSWORD="TRUE"
PRODUCTLOCALE="en-US"
STUDYLOCALE="en-US"/>


<USER  USERNAME="ZPFmyao"
USERTYPE="SPONSOR"
FIRSTNAME="Min"
LASTNAME="Yao"
DISPLAYNAME="Min Yao"
DESCRIPTION="Support Tier I"
COUNTRY="HUNGARY"
PHONE="36"
ALTPHONE="36"
FAX="36"
EMAIL="min.yao@oracle.com"
ACTIVESTATE="true"
PASSWORD="z53In7HkT7l9Y4759"
BEEPER="36"
USERDATEFORMAT="DAY_MONTH_YEAR"
HOMESCREENURL="./Portal/default.htm"
USERMUSTRESETPASSWORD="TRUE"
PRODUCTLOCALE="en-US"
STUDYLOCALE="en-US"/>


<USER  USERNAME="ZPFmiwaki"
USERTYPE="SPONSOR"
FIRSTNAME="Marie"
LASTNAME="Iwaki"
DISPLAYNAME="Marie Iwaki"
DESCRIPTION="Support Tier I Japan"
ADDRESS="Oracle Aoyama Center2-5-8,Kita Aoyama, Minato-ku Tokyo 107 0061 Japan"
ADDRESS2="107 0061"
COUNTRY="JAPAN"
PHONE="81"
ALTPHONE="81"
FAX="81"
EMAIL="marie.iwaki@oracle.com"
ACTIVESTATE="true"
PASSWORD="aN89p45RbI54aU79881"
BEEPER="81"
USERDATEFORMAT="DAY_MONTH_YEAR"
HOMESCREENURL="./Portal/default.htm"
USERMUSTRESETPASSWORD="TRUE"
PRODUCTLOCALE="en-US"
STUDYLOCALE="en-US"/>


<USER  USERNAME="ZPFsdamato"
USERTYPE="SPONSOR"
FIRSTNAME="Silvio"
LASTNAME="Damato"
DISPLAYNAME="Silvio Damato"
DESCRIPTION="Support Internal Trainer"
COUNTRY="UNITED KINGDOM"
PHONE="44"
ALTPHONE="44"
FAX="0001"
EMAIL="silvio.damato@oracle.com"
ACTIVESTATE="true"
PASSWORD="F7htK1sS9xX322388"
BEEPER="44"
USERDATEFORMAT="DAY_MONTH_YEAR"
HOMESCREENURL="./Portal/default.htm"
USERMUSTRESETPASSWORD="TRUE"
PRODUCTLOCALE="en-US"
STUDYLOCALE="en-US"/>


<USER  USERNAME="ZPFawarsama"
USERTYPE="SPONSOR"
FIRSTNAME="Ahmed"
LASTNAME="Warsama"
DISPLAYNAME="Ahmed Warsama"
DESCRIPTION="Support Tier I"
COUNTRY="UNITED KINGDOM"
PHONE="0"
ALTPHONE="44"
FAX="44"
EMAIL="ahmed.warsama@oracle.com"
ACTIVESTATE="true"
PASSWORD="F7htK1sS9xX322388"
BEEPER="44"
USERDATEFORMAT="DAY_MONTH_YEAR"
HOMESCREENURL="./Portal/default.htm"
USERMUSTRESETPASSWORD="TRUE"
PRODUCTLOCALE="en-US"
STUDYLOCALE="en-US"/>


<USER  USERNAME="mmartin"
USERTYPE="SITE"
FIRSTNAME="Miguel"
LASTNAME="Martin"
DISPLAYNAME="Miguel Martin"
COUNTRY="SPAIN"
PHONE="3434915868115"
ALTPHONE="34"
FAX="34"
EMAIL="mmartin@geicam.org"
ACTIVESTATE="true"
PASSWORD="eZ4b7WP3kw18W3849"
BEEPER="34"
USERDATEFORMAT="DAY_MONTH_YEAR"
HOMESCREENURL="./Portal/default.htm"
USERMUSTRESETPASSWORD="TRUE"
PRODUCTLOCALE="en-US"
STUDYLOCALE="en-US"/>


<USER  USERNAME="yjerez"
USERTYPE="SITE"
FIRSTNAME="Yolanda"
LASTNAME="Jerez"
DISPLAYNAME="Yolanda Jerez"
COUNTRY="SPAIN"
PHONE="3434914269070"
ALTPHONE="34"
FAX="34"
EMAIL="itacayoli@hotmail.com"
ACTIVESTATE="true"
PASSWORD="cU1jO57p5Ek37K540"
BEEPER="34"
USERDATEFORMAT="DAY_MONTH_YEAR"
HOMESCREENURL="./Portal/default.htm"
USERMUSTRESETPASSWORD="TRUE"
PRODUCTLOCALE="en-US"
STUDYLOCALE="en-US"/>


<USER  USERNAME="allombart"
USERTYPE="SITE"
FIRSTNAME="Antonio"
LASTNAME="Llombart"
DISPLAYNAME="Antonio Llombart"
COUNTRY="SPAIN"
PHONE="3434936987700"
ALTPHONE="34"
FAX="34"
EMAIL="allombart1@yahoo.com"
ACTIVESTATE="true"
PASSWORD="hT21uQ31eH7rT954416"
BEEPER="34"
USERDATEFORMAT="DAY_MONTH_YEAR"
HOMESCREENURL="./Portal/default.htm"
USERMUSTRESETPASSWORD="TRUE"
PRODUCTLOCALE="en-US"
STUDYLOCALE="en-US"/>


<USER  USERNAME="mocasar"
USERTYPE="SITE"
FIRSTNAME="Mara"
LASTNAME="Ocasar"
DISPLAYNAME="Mara Ocasar"
COUNTRY="SPAIN"
PHONE="3434626242554"
ALTPHONE="34"
FAX="34"
EMAIL="maroc.asar@gmail.com"
ACTIVESTATE="true"
PASSWORD="qS3uS0yF18f2N8292"
BEEPER="34"
USERDATEFORMAT="DAY_MONTH_YEAR"
HOMESCREENURL="./Portal/default.htm"
USERMUSTRESETPASSWORD="TRUE"
PRODUCTLOCALE="en-US"
STUDYLOCALE="en-US"/>


<USER  USERNAME="atorrent"
USERTYPE="SITE"
FIRSTNAME="Albert"
LASTNAME="Torrent"
DISPLAYNAME="Albert Torrent"
COUNTRY="SPAIN"
PHONE="3434932746000"
ALTPHONE="34"
FAX="34"
EMAIL="a.torrent@vhebron.net"
ACTIVESTATE="true"
PASSWORD="N7ojU69D2wwO12269"
BEEPER="34"
USERDATEFORMAT="DAY_MONTH_YEAR"
HOMESCREENURL="./Portal/default.htm"
USERMUSTRESETPASSWORD="TRUE"
PRODUCTLOCALE="en-US"
STUDYLOCALE="en-US"/>


<USER  USERNAME="aserrano"
USERTYPE="SITE"
FIRSTNAME="Ana"
LASTNAME="Serrano"
DISPLAYNAME="Ana  Serrano"
COUNTRY="SPAIN"
PHONE="3434932746000"
ALTPHONE="34"
FAX="34"
EMAIL="aserrano@vhebron.net"
ACTIVESTATE="true"
PASSWORD="sM93aS4hF6rS78859"
BEEPER="34"
USERDATEFORMAT="DAY_MONTH_YEAR"
HOMESCREENURL="./Portal/default.htm"
USERMUSTRESETPASSWORD="TRUE"
PRODUCTLOCALE="en-US"
STUDYLOCALE="en-US"/>


<USER  USERNAME="z2x2450"
USERTYPE="SPONSOR"
FIRSTNAME="Sanyogeeta"
LASTNAME="Andhale"
DISPLAYNAME="Sanyogeeta Andhale"
COUNTRY="INDIA"
PHONE="912030569319"
ALTPHONE="91"
FAX="91"
EMAIL="SANYOGEETA.ANDHALE@INVENTIVHEALTH.COM"
ACTIVESTATE="true"
PASSWORD="eM2f15XjO16t85B5878"
BEEPER="91"
USERDATEFORMAT="DAY_MONTH_YEAR"
HOMESCREENURL="./Portal/default.htm"
USERMUSTRESETPASSWORD="TRUE"
PRODUCTLOCALE="en-US"
STUDYLOCALE="en-US"/>


<USER  USERNAME="ZPFtfabian"
USERTYPE="SPONSOR"
FIRSTNAME="Tamas"
LASTNAME="Fabian"
DISPLAYNAME="Tamas Fabian"
DESCRIPTION="Support Tier I"
COUNTRY="HUNGARY"
PHONE="36"
ALTPHONE="36"
FAX="36"
EMAIL="tamas.x.fabian@oracle.com"
ACTIVESTATE="true"
PASSWORD="e83Hu55CxM36gC39573"
BEEPER="36"
USERDATEFORMAT="DAY_MONTH_YEAR"
HOMESCREENURL="./Portal/default.htm"
USERMUSTRESETPASSWORD="TRUE"
PRODUCTLOCALE="en-US"
STUDYLOCALE="en-US"/>


<USER  USERNAME="ZPFkgal"
USERTYPE="SPONSOR"
FIRSTNAME="Katalin"
LASTNAME="Tripo-gal"
DISPLAYNAME="Katalin Tripo-gal"
DESCRIPTION="Support Tier I"
COUNTRY="HUNGARY"
PHONE="36"
ALTPHONE="36"
FAX="36"
EMAIL="katalin.tripo-gal@oracle.com"
ACTIVESTATE="true"
PASSWORD="l6EbJ92zG36iZ125684"
BEEPER="36"
USERDATEFORMAT="DAY_MONTH_YEAR"
HOMESCREENURL="./Portal/default.htm"
USERMUSTRESETPASSWORD="TRUE"
PRODUCTLOCALE="en-US"
STUDYLOCALE="en-US"/>


<USER  USERNAME="sbouzigues"
USERTYPE="SITE"
FIRSTNAME="Sophie"
LASTNAME="Bouzigues"
DISPLAYNAME="Sophie Bouzigues"
COUNTRY="FRANCE"
PHONE="3333380737751"
ALTPHONE="33"
FAX="33"
EMAIL="sbouzigues@cgfl.fr"
ACTIVESTATE="true"
PASSWORD="qP5t0XtR2yR549346"
BEEPER="33"
USERDATEFORMAT="DAY_MONTH_YEAR"
HOMESCREENURL="./Portal/default.htm"
USERMUSTRESETPASSWORD="TRUE"
PRODUCTLOCALE="en-US"
STUDYLOCALE="en-US"/>


<USER  USERNAME="coder_query"
USERTYPE="SPONSOR"
FIRSTNAME="Coder"
LASTNAME="Query"
DISPLAYNAME="Coder Query"
COUNTRY="UNITED STATES"
PHONE="11"
ALTPHONE="1"
FAX="1"
EMAIL="talley_dorothea_d@lilly.com"
ACTIVESTATE="true"
PASSWORD="J1gbJ6e89QdU646454"
BEEPER="1"
USERDATEFORMAT="DAY_MONTH_YEAR"
HOMESCREENURL="./Portal/default.htm"
USERMUSTRESETPASSWORD="TRUE"
PRODUCTLOCALE="en-US"
STUDYLOCALE="en-US"/>


<USER  USERNAME="z2x0675"
USERTYPE="SPONSOR"
FIRSTNAME="Sandeep"
LASTNAME="Kharabe"
DISPLAYNAME="Sandeep Kharabe"
COUNTRY="INDIA"
PHONE="919.1203056928e+011"
ALTPHONE="91"
FAX="91"
EMAIL="sandeep.kharabe@inventivhealth.com"
ACTIVESTATE="true"
PASSWORD="X6dT5geE5T2v2207"
BEEPER="91"
USERDATEFORMAT="DAY_MONTH_YEAR"
HOMESCREENURL="./Portal/default.htm"
USERMUSTRESETPASSWORD="TRUE"
PRODUCTLOCALE="en-US"
STUDYLOCALE="en-US"/>


<USER  USERNAME="lteixeira"
USERTYPE="SITE"
FIRSTNAME="Luis"
LASTNAME="Teixeira"
DISPLAYNAME="Luis Teixeira"
COUNTRY="FRANCE"
PHONE="3333142499613"
ALTPHONE="33"
FAX="33"
EMAIL="luis.teixeira@sls.aphp.fr"
ACTIVESTATE="true"
PASSWORD="z0RuV40Q2pj9O1147"
BEEPER="33"
USERDATEFORMAT="DAY_MONTH_YEAR"
HOMESCREENURL="./Portal/default.htm"
USERMUSTRESETPASSWORD="TRUE"
PRODUCTLOCALE="en-US"
STUDYLOCALE="en-US"/>


<USER  USERNAME="vdieras"
USERTYPE="SITE"
FIRSTNAME="Véronique"
LASTNAME="Dieras"
DISPLAYNAME="Véronique Dieras"
COUNTRY="FRANCE"
PHONE="3333144324675"
ALTPHONE="33"
FAX="33"
EMAIL="veronique.dieras@curie.fr"
ACTIVESTATE="true"
PASSWORD="k0ExN12k84BzK692393"
BEEPER="33"
USERDATEFORMAT="DAY_MONTH_YEAR"
HOMESCREENURL="./Portal/default.htm"
USERMUSTRESETPASSWORD="TRUE"
PRODUCTLOCALE="en-US"
STUDYLOCALE="en-US"/>


<USER  USERNAME="i3ymcjpbn_RE"
USERTYPE="SPONSOR"
FIRSTNAME="Report"
LASTNAME="Extractor"
DISPLAYNAME="RE"
COUNTRY="UNITED STATES"
PHONE="11"
ALTPHONE="1"
FAX="1"
EMAIL="satish.bantanahal@oracle.com"
ACTIVESTATE="true"
PASSWORD="rP5d34SxN33Y8s4676"
BEEPER="1"
USERDATEFORMAT="DAY_MONTH_YEAR"
HOMESCREENURL="./Portal/default.htm"
USERMUSTRESETPASSWORD="TRUE"
PRODUCTLOCALE="en-US"
STUDYLOCALE="en-US"/>


<USER  USERNAME="z1x0496"
USERTYPE="SPONSOR"
FIRSTNAME="Jennifer"
LASTNAME="Brodhacker"
DISPLAYNAME="Jennifer Brodhacker"
COUNTRY="INDIA"
PHONE="913174488801"
ALTPHONE="91"
FAX="91"
EMAIL="jennifer.brodhacker@inventivhealth.com"
ACTIVESTATE="true"
PASSWORD="zW80V3ntA62oY243145"
BEEPER="91"
USERDATEFORMAT="DAY_MONTH_YEAR"
HOMESCREENURL="./Portal/default.htm"
USERMUSTRESETPASSWORD="TRUE"
PRODUCTLOCALE="en-US"
STUDYLOCALE="en-US"/>


<USER  USERNAME="z2x1565"
USERTYPE="SPONSOR"
FIRSTNAME="Kirti"
LASTNAME="Bhangale"
DISPLAYNAME="Kirti Bhangale"
COUNTRY="INDIA"
PHONE="912030569286"
ALTPHONE="91"
FAX="91"
EMAIL="Kirti.Bhangale@inventivhealth.com"
ACTIVESTATE="true"
PASSWORD="aN9jG5j57NrQ17008"
BEEPER="91"
USERDATEFORMAT="DAY_MONTH_YEAR"
HOMESCREENURL="./Portal/default.htm"
USERMUSTRESETPASSWORD="TRUE"
PRODUCTLOCALE="en-US"
STUDYLOCALE="en-US"/>


<USER  USERNAME="z2x1894"
USERTYPE="SPONSOR"
FIRSTNAME="Sandip"
LASTNAME="Wavhal"
DISPLAYNAME="Sandip Wavhal"
COUNTRY="INDIA"
PHONE="912030569302"
ALTPHONE="91"
FAX="91"
EMAIL="sandip.wavhal@inventivhealth.com"
ACTIVESTATE="true"
PASSWORD="v21ZnL4e8JD9p6070"
BEEPER="91"
USERDATEFORMAT="DAY_MONTH_YEAR"
HOMESCREENURL="./Portal/default.htm"
USERMUSTRESETPASSWORD="TRUE"
PRODUCTLOCALE="en-US"
STUDYLOCALE="en-US"/>


<USER  USERNAME="z1x1726"
USERTYPE="SPONSOR"
FIRSTNAME="Stacie"
LASTNAME="Roof"
DISPLAYNAME="Stacie Roof"
COUNTRY="UNITED STATES"
PHONE="13172961323"
ALTPHONE="1"
FAX="1"
EMAIL="stacie.roof@inventivhealth.com"
ACTIVESTATE="true"
PASSWORD="V3wsM14iM1tU829625"
BEEPER="1"
USERDATEFORMAT="DAY_MONTH_YEAR"
HOMESCREENURL="./Portal/default.htm"
USERMUSTRESETPASSWORD="TRUE"
PRODUCTLOCALE="en-US"
STUDYLOCALE="en-US"/>


<USER  USERNAME="a607676"
USERTYPE="SPONSOR"
FIRSTNAME="Cynthia"
LASTNAME="Ross"
DISPLAYNAME="Cynthia Ross"
COUNTRY="UNITED STATES"
PHONE="13176510676"
ALTPHONE="1"
FAX="1"
EMAIL="ross_cynthia_gaile@lilly.com"
ACTIVESTATE="true"
PASSWORD="pH58D6fn7HbR599884"
BEEPER="1"
USERDATEFORMAT="DAY_MONTH_YEAR"
HOMESCREENURL="./Portal/default.htm"
USERMUSTRESETPASSWORD="TRUE"
PRODUCTLOCALE="en-US"
STUDYLOCALE="en-US"/>


<USER  USERNAME="c191699"
USERTYPE="SPONSOR"
FIRSTNAME="Cynthia"
LASTNAME="Fleming"
DISPLAYNAME="Cynthia Fleming"
COUNTRY="UNITED STATES"
PHONE="13175186564"
ALTPHONE="1"
FAX="1"
EMAIL="cvfleming@lilly.com"
ACTIVESTATE="true"
PASSWORD="U7ro64HvM63pD28933"
BEEPER="1"
USERDATEFORMAT="DAY_MONTH_YEAR"
HOMESCREENURL="./Portal/default.htm"
USERMUSTRESETPASSWORD="TRUE"
PRODUCTLOCALE="en-US"
STUDYLOCALE="en-US"/>


<USER  USERNAME="rm90029"
USERTYPE="SPONSOR"
FIRSTNAME="Kathy"
LASTNAME="Britton"
DISPLAYNAME="Kathy Britton"
COUNTRY="UNITED STATES"
PHONE="13172773370"
ALTPHONE="1"
FAX="1"
EMAIL="britton_kathy@lilly.com"
ACTIVESTATE="true"
PASSWORD="aH0jO4dS8Y8j9662"
BEEPER="1"
USERDATEFORMAT="DAY_MONTH_YEAR"
HOMESCREENURL="./Portal/default.htm"
USERMUSTRESETPASSWORD="TRUE"
PRODUCTLOCALE="en-US"
STUDYLOCALE="en-US"/>


<USER  USERNAME="c143125"
USERTYPE="SPONSOR"
FIRSTNAME="Brian"
LASTNAME="Dillman"
DISPLAYNAME="Brian Dillman"
COUNTRY="UNITED STATES"
PHONE="13174332638"
ALTPHONE="1"
FAX="1"
EMAIL="dillman_brian@lilly.com"
ACTIVESTATE="true"
PASSWORD="hK33r7NB4auB16688"
BEEPER="1"
USERDATEFORMAT="DAY_MONTH_YEAR"
HOMESCREENURL="./Portal/default.htm"
USERMUSTRESETPASSWORD="TRUE"
PRODUCTLOCALE="en-US"
STUDYLOCALE="en-US"/>


<USER  USERNAME="c090108"
USERTYPE="SPONSOR"
FIRSTNAME="Kraig"
LASTNAME="Hodson"
DISPLAYNAME="Kraig Hodson"
COUNTRY="UNITED STATES"
PHONE="13176514674"
ALTPHONE="1"
FAX="1"
EMAIL="hodson_kraig_e@lilly.com"
ACTIVESTATE="true"
PASSWORD="aH2iN71jE8Z2q6429"
BEEPER="1"
USERDATEFORMAT="DAY_MONTH_YEAR"
HOMESCREENURL="./Portal/default.htm"
USERMUSTRESETPASSWORD="TRUE"
PRODUCTLOCALE="en-US"
STUDYLOCALE="en-US"/>


<USER  USERNAME="c074090"
USERTYPE="SPONSOR"
FIRSTNAME="Dorothy"
LASTNAME="Jackson"
DISPLAYNAME="Dorothy Jackson"
COUNTRY="UNITED STATES"
PHONE="13172773392"
ALTPHONE="1"
FAX="1"
EMAIL="Jackson_dorothy@lilly.com"
ACTIVESTATE="true"
PASSWORD="U7dxG2H2yb6N3491"
BEEPER="1"
USERDATEFORMAT="DAY_MONTH_YEAR"
HOMESCREENURL="./Portal/default.htm"
USERMUSTRESETPASSWORD="TRUE"
PRODUCTLOCALE="en-US"
STUDYLOCALE="en-US"/>


<USER  USERNAME="c131994"
USERTYPE="SPONSOR"
FIRSTNAME="Jane"
LASTNAME="Njoroge"
DISPLAYNAME="Jane Njoroge"
COUNTRY="UNITED STATES"
PHONE="13172768638"
ALTPHONE="1"
FAX="1"
EMAIL="njoroge_jane_n@lilly.com"
ACTIVESTATE="true"
PASSWORD="gD5oG38sC64wL372356"
BEEPER="1"
USERDATEFORMAT="DAY_MONTH_YEAR"
HOMESCREENURL="./Portal/default.htm"
USERMUSTRESETPASSWORD="TRUE"
PRODUCTLOCALE="en-US"
STUDYLOCALE="en-US"/>


<USER  USERNAME="rm94611"
USERTYPE="SPONSOR"
FIRSTNAME="Jennifer"
LASTNAME="Wilson"
DISPLAYNAME="Jennifer Wilson"
COUNTRY="UNITED STATES"
PHONE="13174339806"
ALTPHONE="1"
FAX="1"
EMAIL="wilson_jennifer_elaine@lilly.com"
ACTIVESTATE="true"
PASSWORD="o3Um33NsS9fT599282"
BEEPER="1"
USERDATEFORMAT="DAY_MONTH_YEAR"
HOMESCREENURL="./Portal/default.htm"
USERMUSTRESETPASSWORD="TRUE"
PRODUCTLOCALE="en-US"
STUDYLOCALE="en-US"/>


<USER  USERNAME="Z2X9893"
USERTYPE="SPONSOR"
FIRSTNAME="Rebecca"
LASTNAME="Hermida"
DISPLAYNAME="Rebecca Hermida"
COUNTRY="UNITED STATES"
PHONE="19193772735"
ALTPHONE="1"
FAX="1"
EMAIL="rebecca.hermida@quintiles.com"
ACTIVESTATE="true"
PASSWORD="iT2A2pmW17y9G395"
BEEPER="1"
USERDATEFORMAT="DAY_MONTH_YEAR"
HOMESCREENURL="./Portal/default.htm"
USERMUSTRESETPASSWORD="TRUE"
PRODUCTLOCALE="en-US"
STUDYLOCALE="en-US"/>


<USER  USERNAME="C178203"
USERTYPE="SPONSOR"
FIRSTNAME="Theresa"
LASTNAME="Gamble"
DISPLAYNAME="Theresa Gamble"
COUNTRY="UNITED STATES"
PHONE="15133148190"
ALTPHONE="1"
FAX="1"
EMAIL="Theresa.Gamble@quintiles.com"
ACTIVESTATE="true"
PASSWORD="gA13uV54eY60e29I9093"
BEEPER="1"
USERDATEFORMAT="DAY_MONTH_YEAR"
HOMESCREENURL="./Portal/default.htm"
USERMUSTRESETPASSWORD="TRUE"
PRODUCTLOCALE="en-US"
STUDYLOCALE="en-US"/>


<USER  USERNAME="z1x2136"
USERTYPE="SPONSOR"
FIRSTNAME="Maria"
LASTNAME="Lozano"
DISPLAYNAME="Maria Lozano"
COUNTRY="UNITED STATES"
PHONE="17139959480"
ALTPHONE="1"
FAX="1"
EMAIL="Mary.Lozano@quintiles.com"
ACTIVESTATE="true"
PASSWORD="u18SsA61y6OaI47021"
BEEPER="1"
USERDATEFORMAT="DAY_MONTH_YEAR"
HOMESCREENURL="./Portal/default.htm"
USERMUSTRESETPASSWORD="TRUE"
PRODUCTLOCALE="en-US"
STUDYLOCALE="en-US"/>


<USER  USERNAME="z3x2051"
USERTYPE="SPONSOR"
FIRSTNAME="Masha"
LASTNAME="Sharf"
DISPLAYNAME="Masha Sharf"
COUNTRY="UNITED STATES"
PHONE="18322894961"
ALTPHONE="1"
FAX="1"
EMAIL="masha.sharf@quintiles.com"
ACTIVESTATE="true"
PASSWORD="e57ZcP7o4Bk5M6551"
BEEPER="1"
USERDATEFORMAT="DAY_MONTH_YEAR"
HOMESCREENURL="./Portal/default.htm"
USERMUSTRESETPASSWORD="TRUE"
PRODUCTLOCALE="en-US"
STUDYLOCALE="en-US"/>


<USER  USERNAME="z2x6253"
USERTYPE="SPONSOR"
FIRSTNAME="Dawnelle"
LASTNAME="Moore"
DISPLAYNAME="Dawnelle Moore"
COUNTRY="UNITED STATES"
PHONE="17575314840"
ALTPHONE="1"
FAX="1"
EMAIL="dawnelle.moore@quintiles.com"
ACTIVESTATE="true"
PASSWORD="vJ7tM98dO9kX176997"
BEEPER="1"
USERDATEFORMAT="DAY_MONTH_YEAR"
HOMESCREENURL="./Portal/default.htm"
USERMUSTRESETPASSWORD="TRUE"
PRODUCTLOCALE="en-US"
STUDYLOCALE="en-US"/>


<USER  USERNAME="c179367"
USERTYPE="SPONSOR"
FIRSTNAME="Dessa"
LASTNAME="Patterson"
DISPLAYNAME="Dessa Patterson"
COUNTRY="UNITED STATES"
PHONE="19199987677"
ALTPHONE="1"
FAX="1"
EMAIL="dessa.patterson@quintiles.com"
ACTIVESTATE="true"
PASSWORD="i2AnR40nK54tA19109"
BEEPER="1"
USERDATEFORMAT="DAY_MONTH_YEAR"
HOMESCREENURL="./Portal/default.htm"
USERMUSTRESETPASSWORD="TRUE"
PRODUCTLOCALE="en-US"
STUDYLOCALE="en-US"/>


<USER  USERNAME="z3x1758"
USERTYPE="SPONSOR"
FIRSTNAME="Keaton"
LASTNAME="Hanselman"
DISPLAYNAME="Keaton Hanselman"
COUNTRY="UNITED STATES"
PHONE="19199982841"
ALTPHONE="1"
FAX="1"
EMAIL="keaton.hanselman@quintiles.com"
ACTIVESTATE="true"
PASSWORD="yL0tE26zC8fT911714"
BEEPER="1"
USERDATEFORMAT="DAY_MONTH_YEAR"
HOMESCREENURL="./Portal/default.htm"
USERMUSTRESETPASSWORD="TRUE"
PRODUCTLOCALE="en-US"
STUDYLOCALE="en-US"/>


<USER  USERNAME="z1x1981"
USERTYPE="SPONSOR"
FIRSTNAME="Amanda"
LASTNAME="Roepke"
DISPLAYNAME="Amanda Roepke"
COUNTRY="UNITED STATES"
PHONE="19199985018"
ALTPHONE="1"
FAX="1"
EMAIL="amanda.roepke@quintiles.com"
ACTIVESTATE="true"
PASSWORD="D1abL21I8ilF321741"
BEEPER="1"
USERDATEFORMAT="DAY_MONTH_YEAR"
HOMESCREENURL="./Portal/default.htm"
USERMUSTRESETPASSWORD="TRUE"
PRODUCTLOCALE="en-US"
STUDYLOCALE="en-US"/>


<USER  USERNAME="c189618"
USERTYPE="SPONSOR"
FIRSTNAME="Kristina"
LASTNAME="Wolfe"
DISPLAYNAME="Kristina Wolfe"
COUNTRY="UNITED STATES"
PHONE="19106160929"
ALTPHONE="1"
FAX="1"
EMAIL="kristina.wolfe@quintiles.com"
ACTIVESTATE="true"
PASSWORD="sF25gJ89g57EjT5914"
BEEPER="1"
USERDATEFORMAT="DAY_MONTH_YEAR"
HOMESCREENURL="./Portal/default.htm"
USERMUSTRESETPASSWORD="TRUE"
PRODUCTLOCALE="en-US"
STUDYLOCALE="en-US"/>


<USER  USERNAME="c193237"
USERTYPE="SPONSOR"
FIRSTNAME="Nicole"
LASTNAME="Owens"
DISPLAYNAME="Nicole Owens"
COUNTRY="UNITED STATES"
PHONE="19199982704"
ALTPHONE="1"
FAX="1"
EMAIL="nicole.owens@quintiles.com"
ACTIVESTATE="true"
PASSWORD="c70Cj4Bu4ObE259357"
BEEPER="1"
USERDATEFORMAT="DAY_MONTH_YEAR"
HOMESCREENURL="./Portal/default.htm"
USERMUSTRESETPASSWORD="TRUE"
PRODUCTLOCALE="en-US"
STUDYLOCALE="en-US"/>


<USER  USERNAME="c192612"
USERTYPE="SPONSOR"
FIRSTNAME="Barbara"
LASTNAME="Williams"
DISPLAYNAME="Barbara Williams"
COUNTRY="UNITED STATES"
PHONE="19197686479"
ALTPHONE="1"
FAX="1"
EMAIL="barbara.williams@quintiles.com"
ACTIVESTATE="true"
PASSWORD="hR2hB8tG7c9I1025"
BEEPER="1"
USERDATEFORMAT="DAY_MONTH_YEAR"
HOMESCREENURL="./Portal/default.htm"
USERMUSTRESETPASSWORD="TRUE"
PRODUCTLOCALE="en-US"
STUDYLOCALE="en-US"/>


<USER  USERNAME="mdickler"
USERTYPE="SITE"
FIRSTNAME="Maura"
LASTNAME="Dickler"
DISPLAYNAME="Maura Dickler"
COUNTRY="UNITED STATES"
PHONE="16468884560"
ALTPHONE="1"
FAX="1"
EMAIL="dicklerm@mskcc.org"
ACTIVESTATE="true"
PASSWORD="sE3kJ0vF9rC93670"
BEEPER="1"
USERDATEFORMAT="DAY_MONTH_YEAR"
HOMESCREENURL="./Portal/default.htm"
USERMUSTRESETPASSWORD="TRUE"
PRODUCTLOCALE="en-US"
STUDYLOCALE="en-US"/>


<USER  USERNAME="dyardley"
USERTYPE="SITE"
FIRSTNAME="Denise"
LASTNAME="Yardley"
DISPLAYNAME="Denise Yardley"
COUNTRY="UNITED STATES"
PHONE="16153402827"
ALTPHONE="1"
FAX="1"
EMAIL="dyardley@tnonc.com"
ACTIVESTATE="true"
PASSWORD="s84Xm51CfQ10yI649076"
BEEPER="1"
USERDATEFORMAT="DAY_MONTH_YEAR"
HOMESCREENURL="./Portal/default.htm"
USERMUSTRESETPASSWORD="TRUE"
PRODUCTLOCALE="en-US"
STUDYLOCALE="en-US"/>


<USER  USERNAME="pward"
USERTYPE="SITE"
FIRSTNAME="Patrick"
LASTNAME="Ward"
DISPLAYNAME="Patrick Ward"
COUNTRY="UNITED STATES"
PHONE="15137512273"
ALTPHONE="1"
FAX="1"
EMAIL="pward@ohcmail.com"
ACTIVESTATE="true"
PASSWORD="wF3s6VdX4h21S4893"
BEEPER="1"
USERDATEFORMAT="DAY_MONTH_YEAR"
HOMESCREENURL="./Portal/default.htm"
USERMUSTRESETPASSWORD="TRUE"
PRODUCTLOCALE="en-US"
STUDYLOCALE="en-US"/>


<USER  USERNAME="dpatt"
USERTYPE="SITE"
FIRSTNAME="Debra"
LASTNAME="Patt"
DISPLAYNAME="Debra Patt"
COUNTRY="UNITED STATES"
PHONE="15124279400"
ALTPHONE="1"
FAX="1"
EMAIL="debra.patt@usoncology.com"
ACTIVESTATE="true"
PASSWORD="uG21vM2x98WqV21017"
BEEPER="1"
USERDATEFORMAT="DAY_MONTH_YEAR"
HOMESCREENURL="./Portal/default.htm"
USERMUSTRESETPASSWORD="TRUE"
PRODUCTLOCALE="en-US"
STUDYLOCALE="en-US"/>


<USER  USERNAME="A607209"
USERTYPE="SPONSOR"
FIRSTNAME="Joan"
LASTNAME="Bailey"
DISPLAYNAME="Joan Bailey"
COUNTRY="UNITED STATES"
PHONE="13174334765"
ALTPHONE="1"
FAX="1"
EMAIL="bailey_joan_e@lilly.com"
ACTIVESTATE="true"
PASSWORD="xQ58U9ob86HkC349270"
BEEPER="1"
USERDATEFORMAT="DAY_MONTH_YEAR"
HOMESCREENURL="./Portal/default.htm"
USERMUSTRESETPASSWORD="TRUE"
PRODUCTLOCALE="en-US"
STUDYLOCALE="en-US"/>


<USER  USERNAME="A109277"
USERTYPE="SPONSOR"
FIRSTNAME="Andrew"
LASTNAME="Koustenis"
DISPLAYNAME="Andrew Koustenis"
COUNTRY="UNITED STATES"
PHONE="13174332650"
ALTPHONE="1"
FAX="1"
EMAIL="koustenis_andrew_g@lilly.com"
ACTIVESTATE="true"
PASSWORD="hY46W7vmS5nY12308"
BEEPER="1"
USERDATEFORMAT="DAY_MONTH_YEAR"
HOMESCREENURL="./Portal/default.htm"
USERMUSTRESETPASSWORD="TRUE"
PRODUCTLOCALE="en-US"
STUDYLOCALE="en-US"/>


<USER  USERNAME="z2x7766"
USERTYPE="SPONSOR"
FIRSTNAME="Swapnil"
LASTNAME="Chavan"
DISPLAYNAME="Swapnil Chavan"
COUNTRY="UNITED STATES"
PHONE="19.1203056923e+011"
ALTPHONE="1"
FAX="1"
EMAIL="swapnil.chavan@inventivhealth.com"
ACTIVESTATE="true"
PASSWORD="yF0kE74a2LcH92971"
BEEPER="1"
USERDATEFORMAT="DAY_MONTH_YEAR"
HOMESCREENURL="./Portal/default.htm"
USERMUSTRESETPASSWORD="TRUE"
PRODUCTLOCALE="en-US"
STUDYLOCALE="en-US"/>


<USER  USERNAME="c015393"
USERTYPE="SPONSOR"
FIRSTNAME="MarKay"
LASTNAME="Burkhart"
DISPLAYNAME="MarKay Burkhart"
COUNTRY="UNITED STATES"
PHONE="13176519028"
ALTPHONE="1"
FAX="1"
EMAIL="burkhart_markay_l@lilly.com"
ACTIVESTATE="true"
PASSWORD="mV20zL37g20TcW83909"
BEEPER="1"
USERDATEFORMAT="DAY_MONTH_YEAR"
HOMESCREENURL="./Portal/default.htm"
USERMUSTRESETPASSWORD="TRUE"
PRODUCTLOCALE="en-US"
STUDYLOCALE="en-US"/>


<USER  USERNAME="a611974"
USERTYPE="SPONSOR"
FIRSTNAME="Amy"
LASTNAME="Lewniewski"
DISPLAYNAME="Amy Lewniewski"
COUNTRY="UNITED STATES"
PHONE="13172766584"
ALTPHONE="1"
FAX="1"
EMAIL="alesniewski@lilly.com"
ACTIVESTATE="true"
PASSWORD="uZ6r45KpI77hY99871"
BEEPER="1"
USERDATEFORMAT="DAY_MONTH_YEAR"
HOMESCREENURL="./Portal/default.htm"
USERMUSTRESETPASSWORD="TRUE"
PRODUCTLOCALE="en-US"
STUDYLOCALE="en-US"/>


<USER  USERNAME="Z2X6671"
USERTYPE="SPONSOR"
FIRSTNAME="John"
LASTNAME="Smith"
DISPLAYNAME="John Smith"
COUNTRY="UNITED STATES"
PHONE="18593093954"
ALTPHONE="1"
FAX="1"
EMAIL="john.smith@quintiles.com"
ACTIVESTATE="true"
PASSWORD="jH4zA12i70UmB90766"
BEEPER="1"
USERDATEFORMAT="DAY_MONTH_YEAR"
HOMESCREENURL="./Portal/default.htm"
USERMUSTRESETPASSWORD="TRUE"
PRODUCTLOCALE="en-US"
STUDYLOCALE="en-US"/>


<USER  USERNAME="z3x1764"
USERTYPE="SPONSOR"
FIRSTNAME="Eva"
LASTNAME="Vannieuwenhuyse"
DISPLAYNAME="Eva Vannieuwenhuyse"
COUNTRY="BELGIUM"
PHONE="323257400530"
ALTPHONE="32"
FAX="32"
EMAIL="eva.vannieuwenhuyse@iconplc.com"
ACTIVESTATE="true"
PASSWORD="M0yR9fiV35D9n7418"
BEEPER="32"
USERDATEFORMAT="DAY_MONTH_YEAR"
HOMESCREENURL="./Portal/default.htm"
USERMUSTRESETPASSWORD="TRUE"
PRODUCTLOCALE="en-US"
STUDYLOCALE="en-US"/>


<USER  USERNAME="z2x4020"
USERTYPE="SPONSOR"
FIRSTNAME="Aline"
LASTNAME="Long"
DISPLAYNAME="Aline Long"
COUNTRY="FRANCE"
PHONE="3333146295202"
ALTPHONE="33"
FAX="33"
EMAIL="aline.long@iconplc.com"
ACTIVESTATE="true"
PASSWORD="bG2iB2mF13g31Z1730"
BEEPER="33"
USERDATEFORMAT="DAY_MONTH_YEAR"
HOMESCREENURL="./Portal/default.htm"
USERMUSTRESETPASSWORD="TRUE"
PRODUCTLOCALE="en-US"
STUDYLOCALE="en-US"/>


<USER  USERNAME="z1x9763"
USERTYPE="SPONSOR"
FIRSTNAME="Jeanette"
LASTNAME="Brosnan"
DISPLAYNAME="Jeanette Brosnan"
COUNTRY="FRANCE"
PHONE="3335312192008"
ALTPHONE="33"
FAX="33"
EMAIL="Jeanette.Brosnan@iconplc.com"
ACTIVESTATE="true"
PASSWORD="nV72mW82oW1u14P1779"
BEEPER="33"
USERDATEFORMAT="DAY_MONTH_YEAR"
HOMESCREENURL="./Portal/default.htm"
USERMUSTRESETPASSWORD="TRUE"
PRODUCTLOCALE="en-US"
STUDYLOCALE="en-US"/>


</MEDMLDATA>