<?xml version="1.0"?>
<MEDMLDATA xmlns="PhaseForward-MedML-Inform4">

<ITEMGROUP 
GROUPNAME="Adjudicator_Editable"
GROUPDESCRIPTION="Items that should be editable to the Adjudicator role. The rest of roles will keep the  access of the CRF Setting that was set up for the item in Central Designer.">
 <!-- Insert ItemRef Names -->
<ITEMREF REFNAME="AEGRPID_RELREC_AJARRF1"/>
<ITEMREF REFNAME="IBDRES2_AJIBDF1"/>
<ITEMREF REFNAME="AEGRPID_RELREC_AJCGS_F1"/>
<ITEMREF REFNAME="AEGRPID_RELREC_AJCIE_F1"/>
<ITEMREF REFNAME="AEGRPID_RELREC_AJCRV_F1"/>
<ITEMREF REFNAME="AEGRPID_RELREC_AJDTHF1"/>
<ITEMREF REFNAME="AEGRPID_RELREC_AJHSPHFF1"/>
<ITEMREF REFNAME="AEGRPID_RELREC_AJHTNF1"/>
<ITEMREF REFNAME="AEGRPID_RELREC_AJPAREVF1"/>
<ITEMREF REFNAME="AEGRPID_RELREC_AJREVF1"/>
<ITEMREF REFNAME="AEGRPID_RELREC_AJRSSDF1"/>
<ITEMREF REFNAME="ARRR_CMPD_AJARRF1"/>
<ITEMREF REFNAME="CECAJASM_AJARRF1"/>
<ITEMREF REFNAME="CECAJASM_AJCEV_F1"/>
<ITEMREF REFNAME="CECAJASM_AJCGS_F1"/>
<ITEMREF REFNAME="CECAJASM_AJCIE_F1"/>
<ITEMREF REFNAME="CECAJASM_AJCRV_F1"/>
<ITEMREF REFNAME="CECAJASM_AJHSPHFF1"/>
<ITEMREF REFNAME="CECAJASM_AJHTNF1"/>
<ITEMREF REFNAME="CECAJASM_AJPAREVF1"/>
<ITEMREF REFNAME="CECAJASM_AJREVF1"/>
<ITEMREF REFNAME="CECAJASM_AJRSSDF1"/>
<ITEMREF REFNAME="CGSR3_AJCGS2001_F1"/>
<ITEMREF REFNAME="CRVR2_AJCRV_F1"/>
<ITEMREF REFNAME="CRVR5_AJCRV_F1"/>
<ITEMREF REFNAME="CRVR6_AJCRV_F1"/>
<ITEMREF REFNAME="DTHTP_AJDTHF1"/>
<ITEMREF REFNAME="EPAEDAT_AJARRF1"/>
<ITEMREF REFNAME="EPAEDAT_AJCEV_F1"/>
<ITEMREF REFNAME="EPAEDAT_AJCGS_F1"/>
<ITEMREF REFNAME="EPAEDAT_AJCIE_F1"/>
<ITEMREF REFNAME="EPAEDAT_AJCRV_F1"/>
<ITEMREF REFNAME="EPAEDAT_AJDTHF1"/>
<ITEMREF REFNAME="EPAEDAT_AJHSPHFF1"/>
<ITEMREF REFNAME="EPAEDAT_AJHTNF1"/>
<ITEMREF REFNAME="EPAEDAT_AJPAREVF1"/>
<ITEMREF REFNAME="EPAEDAT_AJREVF1"/>
<ITEMREF REFNAME="EPAEDAT_AJRSSDF1"/>
<ITEMREF REFNAME="EVDTAGMT_AJARRF1"/>
<ITEMREF REFNAME="EVDTAGMT_AJCEV_F1"/>
<ITEMREF REFNAME="EVDTAGMT_AJCGS_F1"/>
<ITEMREF REFNAME="EVDTAGMT_AJCIE_F1"/>
<ITEMREF REFNAME="EVDTAGMT_AJCRV_F1"/>
<ITEMREF REFNAME="EVDTAGMT_AJDTHF1"/>
<ITEMREF REFNAME="EVDTAGMT_AJHSPHFF1"/>
<ITEMREF REFNAME="EVDTAGMT_AJHTNF1"/>
<ITEMREF REFNAME="EVDTAGMT_AJPAREVF1"/>
<ITEMREF REFNAME="EVDTAGMT_AJREVF1"/>
<ITEMREF REFNAME="EVDTAGMT_AJRSSDF1"/>
<ITEMREF REFNAME="REVR2_AJREVF1"/>
<ITEMREF REFNAME="AEGRPID_RELREC_AJIBDF1"/>
<ITEMREF REFNAME="AJAEDAT_AJIBDF1"/>
<ITEMREF REFNAME="IBDRES1_AJIBDF1"/>
<ITEMREF REFNAME="AEGRPID_RELREC_AJCEV_F1"/>

</ITEMGROUP>

<ITEMGROUP 
GROUPNAME="Adjudicator_Hidden"
GROUPDESCRIPTION="Items that should be hidden to the Adjudicator role. The rest of roles will keep the  access that was set up for them within the system">
 <!-- Insert ItemRef Names -->
<ITEMREF REFNAME="LBRESMD_E83_LB9F8"/>
<ITEMREF REFNAME="LBRESMD_G01_LB9F8"/>
<ITEMREF REFNAME="LBRESMD_G03_LB9F8"/>
<ITEMREF REFNAME="LBRESMD_J03_LB9F6"/>
<ITEMREF REFNAME="LBRESMD_J16_LB9F6"/>
<ITEMREF REFNAME="LBRESMD_J26_LB9F6"/>
<ITEMREF REFNAME="LBRESMD_J28_LB9F6"/>
<ITEMREF REFNAME="LBRESMD_J69_LB9F6"/>
<ITEMREF REFNAME="LBRESMD_J74_LB9F6"/>
<ITEMREF REFNAME="LBRESMD_J76_LB9F6"/>
<ITEMREF REFNAME="LBRESMD_J78_LB9F6"/>
<ITEMREF REFNAME="LBRESMD_JB5_LB9F6"/>
<ITEMREF REFNAME="LBRESMD_JD4_LB9F6"/>
<ITEMREF REFNAME="FASPID_SFUQ3F1"/>
<ITEMREF REFNAME="SUNCF_COCAINE_SU5001_F1"/>
<ITEMREF REFNAME="SUNCF_METH_SU5001_F1"/>
<ITEMREF REFNAME="SU_BEER_CMPD_SU1001_F2"/>
<ITEMREF REFNAME="SU_SPIRITS_CMPD_SU1001_F2"/>
<ITEMREF REFNAME="SU_WINE_CMPD_SU1001_F2"/>
<ITEMREF REFNAME="igINJSR1001_F1_S2"/>
<ITEMREF REFNAME="igMHPRESP1001_F3_S1"/>
<ITEMREF REFNAME="BRDIAG_BR1001_F1"/>
<ITEMREF REFNAME="BRPERF_BR1001_F1"/>
<ITEMREF REFNAME="CEOCCUR_10022058_INJ1_F1"/>
<ITEMREF REFNAME="CEOCCUR_10022061_INJ1_F1"/>
<ITEMREF REFNAME="CEOCCUR_10022075_INJ1_F1"/>
<ITEMREF REFNAME="CEOCCUR_10022086_INJ1_F1"/>
<ITEMREF REFNAME="CEOCCUR_10022093_INJ1_F1"/>
<ITEMREF REFNAME="CESPID_INJ1_F1"/>
<ITEMREF REFNAME="CMDOSFRQ_CM3001_F1"/>
<ITEMREF REFNAME="CMDOSTOTU_CM3001_F1"/>
<ITEMREF REFNAME="CMDOSTOT_CM3001_F1"/>
<ITEMREF REFNAME="CMOCCUR_CM3001_F1"/>
<ITEMREF REFNAME="CMONGO_CM3001_F1"/>
<ITEMREF REFNAME="EPTBHXR8_EPTBHX2F1"/>
<ITEMREF REFNAME="HRFAASMDAT_HRFA1001_F1"/>
<ITEMREF REFNAME="HRFARES10_HRFA1001_F1"/>
<ITEMREF REFNAME="HRFARES11_HRFA1001_F1"/>
<ITEMREF REFNAME="HRFARES12_HRFA1001_F1"/>
<ITEMREF REFNAME="HRFARES1_HRFA1001_F1"/>
<ITEMREF REFNAME="HRFARES2_HRFA1001_F1"/>
<ITEMREF REFNAME="HRFARES3_HRFA1001_F1"/>
<ITEMREF REFNAME="HRFARES4_HRFA1001_F1"/>
<ITEMREF REFNAME="HRFARES5_HRFA1001_F1"/>
<ITEMREF REFNAME="HRFARES6_HRFA1001_F1"/>
<ITEMREF REFNAME="HRFARES7_HRFA1001_F1"/>
<ITEMREF REFNAME="HRFARES8_HRFA1001_F1"/>
<ITEMREF REFNAME="HRFARES9_HRFA1001_F1"/>
<ITEMREF REFNAME="IISRLOC_INJ1_F1"/>
<ITEMREF REFNAME="IISRSTREX_INJ1_F1"/>
<ITEMREF REFNAME="IISRYN_INJ1_F1"/>
<ITEMREF REFNAME="LBDAT_LB9F6"/>
<ITEMREF REFNAME="LBDAT_LB9F7"/>
<ITEMREF REFNAME="LBDAT_LB9F8"/>
<ITEMREF REFNAME="LBDAT_LB9F9"/>
<ITEMREF REFNAME="LBPERF_LB9F6"/>
<ITEMREF REFNAME="LBPERF_LB9F7"/>
<ITEMREF REFNAME="LBPERF_LB9F8"/>
<ITEMREF REFNAME="LBPERF_LB9F9"/>
<ITEMREF REFNAME="LBRESMD_A01_LB9F7"/>
<ITEMREF REFNAME="LBRESMD_A02_LB9F7"/>
<ITEMREF REFNAME="LBRESMD_A03_LB9F7"/>
<ITEMREF REFNAME="LBRESMD_A10_LB9F7"/>
<ITEMREF REFNAME="LBRESMD_A14_LB9F7"/>
<ITEMREF REFNAME="LBRESMD_A15_LB9F7"/>
<ITEMREF REFNAME="LBRESMD_A16_LB9F7"/>
<ITEMREF REFNAME="LBRESMD_A17_LB9F7"/>
<ITEMREF REFNAME="LBRESMD_A20_LB9F7"/>
<ITEMREF REFNAME="LBRESMD_A27_LB9F7"/>
<ITEMREF REFNAME="LBRESMD_A40_LB9F9"/>
<ITEMREF REFNAME="LBRESMD_A45_LB9F8"/>
<ITEMREF REFNAME="LBRESMD_B40_LB9F9"/>
<ITEMREF REFNAME="LBRESMD_E01_LB9F8"/>
<ITEMREF REFNAME="LBRESMD_E03_LB9F8"/>
<ITEMREF REFNAME="LBRESMD_E12_LB9F8"/>
<ITEMREF REFNAME="LBRESMD_E13_LB9F8"/>
<ITEMREF REFNAME="LBRESMD_E17_LB9F8"/>
<ITEMREF REFNAME="LBRESMD_E82_LB9F8"/>
<ITEMREF REFNAME="SAEAESMIE_SAE2F1"/>
<ITEMREF REFNAME="SAECONDITION_SAE2F1"/>
<ITEMREF REFNAME="SAEEXDOSDAT_SAE2F1"/>
<ITEMREF REFNAME="SAEEXDOSFRQ_SAE2F1"/>
<ITEMREF REFNAME="SAEEXROUTE_SAE2F1"/>
<ITEMREF REFNAME="SAEEXSTDAT_SAE2F1"/>
<ITEMREF REFNAME="SAEEXTRT_SAE2F1"/>
<ITEMREF REFNAME="SAEGRPID_SAE2F1S1"/>
<ITEMREF REFNAME="SAEGRPID_SAE2F1S2"/>
<ITEMREF REFNAME="SAELBDAT_SAE2F1"/>
<ITEMREF REFNAME="SAELBORNRHI_SAE2F1"/>
<ITEMREF REFNAME="SAELBORNRLO_SAE2F1"/>
<ITEMREF REFNAME="SAELBORRESU_SAE2F1"/>
<ITEMREF REFNAME="SAELBORRES_SAE2F1"/>
<ITEMREF REFNAME="SAELBTEST_SAE2F1"/>
<ITEMREF REFNAME="SAELBTIM_SAE2F1"/>
<ITEMREF REFNAME="SAEOUT_SAE2F1"/>
<ITEMREF REFNAME="SAERELEXTRT1_CMPD_SAE2F1"/>
<ITEMREF REFNAME="SAERELPRC_SAE2F1"/>
<ITEMREF REFNAME="SAESDTH_SAE2F1"/>
<ITEMREF REFNAME="SAESHOSP_SAE2F1"/>
<ITEMREF REFNAME="SAESPID_SAE2F1S2"/>
<ITEMREF REFNAME="SAESPID_SAE2F1S3"/>
<ITEMREF REFNAME="SAESPID_SAE2F1S5"/>
<ITEMREF REFNAME="SAESPID_SAE2F1S6"/>
<ITEMREF REFNAME="SAESTDAT_SAE2F1"/>
<ITEMREF REFNAME="SAETERM_SAE2F1"/>
<ITEMREF REFNAME="SCR_SYS_F1"/>
<ITEMREF REFNAME="SEX_DM1001_F1"/>
<ITEMREF REFNAME="SUBJID"/>
<ITEMREF REFNAME="SUBJINIT_SYS_F1"/>
<ITEMREF REFNAME="DSDECOD_DS1F9"/>
<ITEMREF REFNAME="VAC_CMPD_EPTBHX2F1"/>
<ITEMREF REFNAME="VISDAT"/>
<ITEMREF REFNAME="WEIGHTU_VS1C2F1"/>
<ITEMREF REFNAME="WEIGHTU_VS1C3F1"/>
<ITEMREF REFNAME="AETERM_AE3001_F1"/>
<ITEMREF REFNAME="STAT_V1_STATGUT_F1"/>
<ITEMREF REFNAME="CDA1_CDQA"/>
<ITEMREF REFNAME="CDA2_CDQA"/>
<ITEMREF REFNAME="COSPID_CDQA"/>
<ITEMREF REFNAME="AEGRPID_RELREC_INJ1_F1"/>
<ITEMREF REFNAME="AESTDAT_AE3001_F1"/>
<ITEMREF REFNAME="AESTTIM_AE3001_F1"/>
<ITEMREF REFNAME="APMHOCCUR1_10001806_APMH"/>
<ITEMREF REFNAME="APMHOCCUR1_10019478_APMH"/>
<ITEMREF REFNAME="APMHOCCUR1_10061664_APMH"/>
<ITEMREF REFNAME="LBRESMD_JM2_LB9F6"/>
<ITEMREF REFNAME="LBRESMD_KB8_LB9F6"/>
<ITEMREF REFNAME="LBRESMD_RA0_LB9F6"/>
<ITEMREF REFNAME="LBSPID_LB9F6"/>
<ITEMREF REFNAME="LBSPID_LB9F7"/>
<ITEMREF REFNAME="LBSPID_LB9F8"/>
<ITEMREF REFNAME="LBSPID_LB9F9"/>
<ITEMREF REFNAME="LRSSPERF_LRSS1001_F1"/>
<ITEMREF REFNAME="MHOCCUR_MHPRESP1F3"/>
<ITEMREF REFNAME="MHONGO_MHPRESP1F3"/>
<ITEMREF REFNAME="MHSEV_MH7001_F1"/>
<ITEMREF REFNAME="MHSPID_MHPRESP1F3"/>
<ITEMREF REFNAME="MHTERM_MHPRESP1F3"/>
<ITEMREF REFNAME="PRYN_HMPR_HMPR1F1"/>
<ITEMREF REFNAME="SUDOSADJ_ALCOHOL_SU1F3"/>
<ITEMREF REFNAME="SUDOSADJ_RECDRUG_SU5F2"/>
<ITEMREF REFNAME="SUNCF_ALCOHOL_SU1001_F2"/>
<ITEMREF REFNAME="CMYN_CM2001_F1"/>
<ITEMREF REFNAME="DRGINDIC_SAE2F1"/>
<ITEMREF REFNAME="DSDECOD_DS1F4"/>
<ITEMREF REFNAME="DSDECOD_DS1F5"/>
<ITEMREF REFNAME="DSDECOD_DS1F6"/>
<ITEMREF REFNAME="DSDECOD_DS1F7"/>
<ITEMREF REFNAME="DSDECOD_DS1F8"/>
<ITEMREF REFNAME="DSSTDAT_DS1F4"/>
<ITEMREF REFNAME="DSSTDAT_DS1F5"/>
<ITEMREF REFNAME="DSSTDAT_DS1F6"/>
<ITEMREF REFNAME="DSSTDAT_DS1F7"/>
<ITEMREF REFNAME="DSSTDAT_DS1F8"/>
<ITEMREF REFNAME="DSSTDAT_IC_DS2001_F1"/>
<ITEMREF REFNAME="ECOCCUR_EC1F1"/>
<ITEMREF REFNAME="ECPVAMTOCCUR_EC1F1"/>
<ITEMREF REFNAME="ECSPID_EC1F1"/>
<ITEMREF REFNAME="ECSTDAT_EC1F1"/>
<ITEMREF REFNAME="ECSTTIM_EC1F1"/>
<ITEMREF REFNAME="ECTPT_EC1F1"/>
<ITEMREF REFNAME="ENDPT_CMPD_ENDPTRIG_F1"/>
<ITEMREF REFNAME="EPTBHXR2_EPTBHX2F1"/>
<ITEMREF REFNAME="EPTBHXR3_CMPD_EPTBHX2F1"/>
<ITEMREF REFNAME="EPTBHXR4_EPTBHX2F1"/>
<ITEMREF REFNAME="EPTBHXR6_EPTBHX2F1"/>
<ITEMREF REFNAME="EPTBHXR7_EPTBHX2F1"/>
<ITEMREF REFNAME="ETHNIC_DM1001_F1"/>
<ITEMREF REFNAME="FASPID_AHRFUF1"/>
<ITEMREF REFNAME="FASPID_INFC2F1"/>
<ITEMREF REFNAME="HEIGHTU_VS1C2F1"/>
<ITEMREF REFNAME="igAE3001b_F1_S2"/>
<ITEMREF REFNAME="igCM1001_F1_S2"/>
<ITEMREF REFNAME="igCM1001_F2_S2"/>
<ITEMREF REFNAME="igCM2001_F1_S2"/>
<ITEMREF REFNAME="igMH7001_F1_S2"/>
<ITEMREF REFNAME="igMHPRESP1001_F1_S1"/>
<ITEMREF REFNAME="igSAE2001_F1_S2"/>
<ITEMREF REFNAME="igSAE2001_F1_S3"/>
<ITEMREF REFNAME="igSAE2001_F1_S5"/>
<ITEMREF REFNAME="igSAE2001_F1_S6"/>
<ITEMREF REFNAME="INFCLOC_INFC"/>
<ITEMREF REFNAME="INFCPTP_INFC2F1"/>
<ITEMREF REFNAME="INFCR2_INFC2F1"/>
<ITEMREF REFNAME="INFCR6_INFC2F1"/>
<ITEMREF REFNAME="INFCR7_INFC2F1"/>
<ITEMREF REFNAME="INFCR8_INFC2F1"/>
<ITEMREF REFNAME="INFCSLOCMD_INFC2F1"/>
<ITEMREF REFNAME="INFCSTP_INFC2F1"/>
<ITEMREF REFNAME="MHDXDAT_MHPR1F2"/>
<ITEMREF REFNAME="MHOCCUR_MHPR1"/>
<ITEMREF REFNAME="MHONGO_MH7001_F1"/>
<ITEMREF REFNAME="MHSPID_MH7001_F1"/>
<ITEMREF REFNAME="MHSPID_MHPR1"/>
<ITEMREF REFNAME="MHSTDAT_MH7001_F1"/>
<ITEMREF REFNAME="MHTERM_MH7001_F1"/>
<ITEMREF REFNAME="MHTERM_MHPR1"/>
<ITEMREF REFNAME="MHYN_MH7001_F1"/>
<ITEMREF REFNAME="PRVSUBJSFFLG_CIVF1"/>
<ITEMREF REFNAME="RACE_CMPD_DM1001_F1"/>
<ITEMREF REFNAME="RANDTRG_RANDTRIGF1"/>
<ITEMREF REFNAME="RECURYN_SAE2F1"/>
<ITEMREF REFNAME="SAEAEACN_SAE2F1S3"/>
<ITEMREF REFNAME="SAEAESCONG_SAE2F1"/>
<ITEMREF REFNAME="SAEAESDISAB_SAE2F1"/>
<ITEMREF REFNAME="SAEAESLIFE_SAE2F1"/>
<ITEMREF REFNAME="DSSTDAT_IC_DS2001_C2F3"/>
<ITEMREF REFNAME="ECDIR_ECLOC_CMPD_EC1F1"/>
<ITEMREF REFNAME="ECREFID_EC1F1"/>
<ITEMREF REFNAME="HMPRES1_CMPD_HMPR1F1"/>
<ITEMREF REFNAME="CEOCCUR_CEPRESPC2F1"/>
<ITEMREF REFNAME="HMPRES2U_HMPR1F1"/>
<ITEMREF REFNAME="PROCCUR_CMPD_HMPR1F1"/>
<ITEMREF REFNAME="PROCCUR_HMPR1F1"/>
<ITEMREF REFNAME="PRSPID_HMPR1F1"/>
<ITEMREF REFNAME="PRTRT_HMPR_HMPR1F1"/>
<ITEMREF REFNAME="STATV2_STATIXE_F2"/>
<ITEMREF REFNAME="STATV801_STATIXE_F5"/>
<ITEMREF REFNAME="MHSPID_MHPR1F2"/>
<ITEMREF REFNAME="AEACN_AE3001_F1"/>
<ITEMREF REFNAME="AEGRPID_AE3001_F1_S1"/>
<ITEMREF REFNAME="AEGRPID_AE3001_F1_S2"/>
<ITEMREF REFNAME="AEGRPID_RELREC_AHRFUF1"/>
<ITEMREF REFNAME="AEGRPID_RELREC_INFC2F1"/>
<ITEMREF REFNAME="AEONGO_AE3001_F1"/>
<ITEMREF REFNAME="AEOUT_AE3001_F1"/>
<ITEMREF REFNAME="AERELNST_CMPD_AE3001_F1"/>
<ITEMREF REFNAME="AEREL_AE3001_F1"/>
<ITEMREF REFNAME="AESER_AE3001_F1"/>
<ITEMREF REFNAME="AESEV_AE3001_F1"/>
<ITEMREF REFNAME="AESPID_AE3001_F1"/>
<ITEMREF REFNAME="AEYN_AE3001_F2"/>
<ITEMREF REFNAME="AHRFURES11_CMPD_AHRFUF1"/>
<ITEMREF REFNAME="AHRFURES12_AHRFUF1"/>
<ITEMREF REFNAME="AHRFURES1_AHRFUF1"/>
<ITEMREF REFNAME="AHRFURES2_AHRFUF1"/>
<ITEMREF REFNAME="AHRFURES3_AHRFUF1"/>
<ITEMREF REFNAME="AHRFURES4_AHRFUF1"/>
<ITEMREF REFNAME="AHRFURES5_AHRFUF1"/>
<ITEMREF REFNAME="AHRFURES6_AHRFUF1"/>
<ITEMREF REFNAME="AHRFURES7_AHRFUF1"/>
<ITEMREF REFNAME="AHRFURES8_AHRFUF1"/>
<ITEMREF REFNAME="AHRFURES9YN_AHRFUF1"/>
<ITEMREF REFNAME="BRTHYR_DM1001_F1"/>
<ITEMREF REFNAME="CASEBOOKSIG_CBSIG_F1"/>
<ITEMREF REFNAME="CASENAR1_SAE2F1"/>
<ITEMREF REFNAME="CASENAR2_SAE2F1"/>
<ITEMREF REFNAME="CASENAR3_SAE2F1"/>
<ITEMREF REFNAME="CMDOSEU_CM1F2"/>
<ITEMREF REFNAME="CMDOSE_CM1F2"/>
<ITEMREF REFNAME="CMDOSFRQ_CM1F2"/>
<ITEMREF REFNAME="CMENDAT_CM2001_F1"/>
<ITEMREF REFNAME="CMENREAS_PRIOR_CM2001_F1"/>
<ITEMREF REFNAME="CMINDC_CM1F1"/>
<ITEMREF REFNAME="CMINDC_CM1F2"/>
<ITEMREF REFNAME="CMONGO_CM1F1"/>
<ITEMREF REFNAME="CMONGO_CM1F2"/>
<ITEMREF REFNAME="CMROUTE_CM1F1"/>
<ITEMREF REFNAME="CMROUTE_CM1F2"/>
<ITEMREF REFNAME="CMSCAT_CM2001_F1"/>
<ITEMREF REFNAME="CMSPID_CM1F1"/>
<ITEMREF REFNAME="CMSPID_CM1F2"/>
<ITEMREF REFNAME="CMSPID_CM2001_F1"/>
<ITEMREF REFNAME="CMSTDAT_CM1F1"/>
<ITEMREF REFNAME="CMSTDAT_CM1F2"/>
<ITEMREF REFNAME="CMSTDAT_CM2001_F1"/>
<ITEMREF REFNAME="CMTRT_CM1F1"/>
<ITEMREF REFNAME="CMTRT_CM1F2"/>
<ITEMREF REFNAME="CMYN_CM1F1"/>
<ITEMREF REFNAME="CMYN_CM1F2"/>
<ITEMREF REFNAME="STATUS_TRIG_PHOTO_YN_F1"/>
<ITEMREF REFNAME="STATUS_TRIG_BIOP_YN_F1"/>
<ITEMREF REFNAME="STATV12_STATIXE_F4"/>
<ITEMREF REFNAME="STATV3V11_STATIXE_F3"/>
<ITEMREF REFNAME="STATV802V803_STATIXE_F7"/>
<ITEMREF REFNAME="SFUQEPID_SFUQ3F1"/>
<ITEMREF REFNAME="SFUQEVTFLG_SFUQ3F1"/>
<ITEMREF REFNAME="SFUQRES10MD_SFUQ3F1"/>
<ITEMREF REFNAME="SFUQRES11_CMPD_SFUQ3F1"/>
<ITEMREF REFNAME="SFUQRES12_SFUQ3F1"/>
<ITEMREF REFNAME="SFUQRES1_SFUQ3F2"/>
<ITEMREF REFNAME="SFUQRES2_SFUQ3F1"/>
<ITEMREF REFNAME="SFUQRES3_SFUQ3F1"/>
<ITEMREF REFNAME="SFUQRES4_SFUQ3F1"/>
<ITEMREF REFNAME="SFUQRES5MD_SFUQ3F1"/>
<ITEMREF REFNAME="SFUQRES6MD_SFUQ3F1"/>
<ITEMREF REFNAME="SFUQRES7MD_SFUQ3F1"/>
<ITEMREF REFNAME="SFUQRES8MD_SFUQ3F1"/>
<ITEMREF REFNAME="SFUQRES9MD_SFUQ3F1"/>
<ITEMREF REFNAME="CSS0201_CSS2001_F1"/>
<ITEMREF REFNAME="CSS0202_CSS2001_F1"/>
<ITEMREF REFNAME="CSS0203_CSS2001_F1"/>
<ITEMREF REFNAME="CSS0204_CSS2001_F1"/>
<ITEMREF REFNAME="CSS0205_CSS2001_F1"/>
<ITEMREF REFNAME="CSS0206_CMPD_CSS2001_F1"/>
<ITEMREF REFNAME="CSS0207_CSS2001_F1"/>
<ITEMREF REFNAME="CSS0208_CSS2001_F1"/>
<ITEMREF REFNAME="CSS0209_CSS2001_F1"/>
<ITEMREF REFNAME="CSS0210_CSS2001_F1"/>
<ITEMREF REFNAME="CSS0211_CSS2001_F1"/>
<ITEMREF REFNAME="CSS0212_CSS2001_F1"/>
<ITEMREF REFNAME="CSS0214_CSS2001_F1"/>
<ITEMREF REFNAME="CSS0215_CSS2001_F1"/>
<ITEMREF REFNAME="CSS0217_CSS2001_F1"/>
<ITEMREF REFNAME="CSS0219_CSS2001_F1"/>
<ITEMREF REFNAME="CSS0220_CSS2001_F1"/>
<ITEMREF REFNAME="CSS0221_CSS2001_F1"/>
<ITEMREF REFNAME="CSS0222_CMPD_CSS2001_F1"/>
<ITEMREF REFNAME="CSS04010_CMPD_CSS4F1"/>
<ITEMREF REFNAME="CSS0401_CMPD_CSS4F1"/>
<ITEMREF REFNAME="CSS0402_CMPD_CSS4F1"/>
<ITEMREF REFNAME="SAEGRPID_SAE2F1S5"/>
<ITEMREF REFNAME="SAESPID_SAE2F1S7"/>
<ITEMREF REFNAME="CSS0403_CMPD_CSS4F1"/>
<ITEMREF REFNAME="CSS0404_CMPD_CSS4F1"/>
<ITEMREF REFNAME="CSS0405_CMPD_CSS4F1"/>
<ITEMREF REFNAME="CSS0406A_CSS4F1"/>
<ITEMREF REFNAME="CSS0406C_CSS4F1"/>
<ITEMREF REFNAME="CSS0407_CMPD_CSS4F1"/>
<ITEMREF REFNAME="CSS0408_CMPD_CSS4F1"/>
<ITEMREF REFNAME="CSS0409_CMPD_CSS4F1"/>
<ITEMREF REFNAME="CSS0411_CMPD_CSS4F1"/>
<ITEMREF REFNAME="CSS0414_CMPD_CSS4F1"/>
<ITEMREF REFNAME="CSS0419_CMPD_CSS4F1"/>
<ITEMREF REFNAME="CSS041AA_CMPD_CSS4F1"/>
<ITEMREF REFNAME="CSS041ABA_CMPD_CSS4F1"/>
<ITEMREF REFNAME="CSS041IA_CMPD_CSS4F1"/>
<ITEMREF REFNAME="CSS0420_CMPD_CSS4F1"/>
<ITEMREF REFNAME="CSS0421_CMPD_CSS4F1"/>
<ITEMREF REFNAME="CSS0422_CMPD_CSS4F1"/>
<ITEMREF REFNAME="CSS0423_CMPD_CSS4F1"/>
<ITEMREF REFNAME="DSDECOD_DS1C1F8"/>
<ITEMREF REFNAME="DSSTDAT_DS1C1F8"/>
<ITEMREF REFNAME="DSSTDAT_IC_DS2001_C1F3"/>

</ITEMGROUP>

<ITEMGROUP 
GROUPNAME="Adjudicator_ReadOnly"
GROUPDESCRIPTION="Items that should be read only to the Adjudicator role. The rest of roles will keep the  access of the CRF Setting that was set up for the item in Central Designer.">
 <!-- Insert ItemRef Names -->
<ITEMREF REFNAME="FASPID_IBD1SG1XP1F1"/>
<ITEMREF REFNAME="PROCCUR_EL_IBD1SG1XP1F1"/>
<ITEMREF REFNAME="PROCCUR_ENDOS_IBD1F1"/>
<ITEMREF REFNAME="PROCCUR_MRE_IBD1SG1XP1F1"/>
<ITEMREF REFNAME="IBDR3MTHD_CMPD_IBD1F1"/>
<ITEMREF REFNAME="PROCCUR_ABCT_IBD1SG1XP1F1"/>
<ITEMREF REFNAME="PROCCUR_HIST_IBD1SG1XP1F1"/>
<ITEMREF REFNAME="PROCCUR_IR_IBD1SG1XP1F1"/>
<ITEMREF REFNAME="IBDR2_IBD1SG1XP1F1"/>
<ITEMREF REFNAME="IBDR3LOC_CMPD_IBD1F1"/>
<ITEMREF REFNAME="IBDR4_IBD1SG1XP1F1"/>
<ITEMREF REFNAME="IBDR_CMPD_IBD1F1"/>
<ITEMREF REFNAME="igAPMH1001_F3_S1"/>
<ITEMREF REFNAME="PROCCUR_PELVICMRI_IBD1F1"/>
<ITEMREF REFNAME="AEGRPID_RELREC_EPARR2F1"/>
<ITEMREF REFNAME="AEGRPID_RELREC_EPCEV_F1"/>
<ITEMREF REFNAME="AEGRPID_RELREC_EPCGS2F1"/>
<ITEMREF REFNAME="AEGRPID_RELREC_EPCIE_F1"/>
<ITEMREF REFNAME="AEGRPID_RELREC_EPCRVF1"/>
<ITEMREF REFNAME="AEGRPID_RELREC_EPDTHF1"/>
<ITEMREF REFNAME="AEGRPID_RELREC_EPHSPHF_F1"/>
<ITEMREF REFNAME="AEGRPID_RELREC_EPHTN2F1"/>
<ITEMREF REFNAME="AEGRPID_RELREC_EPPAREV2F1"/>
<ITEMREF REFNAME="AEGRPID_RELREC_EPREV2F1"/>
<ITEMREF REFNAME="AEGRPID_RELREC_EPRSSD2F1"/>
<ITEMREF REFNAME="ARRR1_CMPD_EPARR2F1"/>
<ITEMREF REFNAME="ARRR5_CMPD_EPARR2F1"/>
<ITEMREF REFNAME="ARRR6_EPARR2F1"/>
<ITEMREF REFNAME="ARRR7_EPARR2F1"/>
<ITEMREF REFNAME="CEVR1_EPCEV_F1"/>
<ITEMREF REFNAME="CEVR3_EPCEV_F1"/>
<ITEMREF REFNAME="CEVR8_EPCEV_F1"/>
<ITEMREF REFNAME="CEVR9_EPCEV_F1"/>
<ITEMREF REFNAME="CEVRES7_CMPD_EPCEV_F1"/>
<ITEMREF REFNAME="CGSR3_EPCGS2F1"/>
<ITEMREF REFNAME="CGSRES1_CMPD_EPCGS2F1"/>
<ITEMREF REFNAME="CGSRES2_CMPD_EPCGS2F1"/>
<ITEMREF REFNAME="CIER10_EPCIE_F1"/>
<ITEMREF REFNAME="CIER1_EPCIE_F1"/>
<ITEMREF REFNAME="CIER3_CMPD_EPCIE_F1"/>
<ITEMREF REFNAME="CRVR1_EPCRVF1"/>
<ITEMREF REFNAME="CRVR2_EPCRVF1"/>
<ITEMREF REFNAME="CRVR5_EPCRVF1"/>
<ITEMREF REFNAME="CRVR7_EPCRVF1"/>
<ITEMREF REFNAME="CRVR8_EPCRVF1"/>
<ITEMREF REFNAME="DTHTP_EPDTHF1"/>
<ITEMREF REFNAME="EGPERFCIE_EPCIE_F1"/>
<ITEMREF REFNAME="EPAEDAT_EPARR2F1"/>
<ITEMREF REFNAME="EPAEDAT_EPCEV_F1"/>
<ITEMREF REFNAME="EPAEDAT_EPCGS2F1"/>
<ITEMREF REFNAME="EPAEDAT_EPCIE_F1"/>
<ITEMREF REFNAME="EPAEDAT_EPCRVF1"/>
<ITEMREF REFNAME="EPAEDAT_EPDTHF1"/>
<ITEMREF REFNAME="EPAEDAT_EPHSPHF_F1"/>
<ITEMREF REFNAME="EPAEDAT_EPHTN2F1"/>
<ITEMREF REFNAME="EPAEDAT_EPPAREV2F1"/>
<ITEMREF REFNAME="EPAEDAT_EPREV2F1"/>
<ITEMREF REFNAME="EPAEDAT_EPRSSD2F1"/>
<ITEMREF REFNAME="EPDTHRES10_EPDTHF1"/>
<ITEMREF REFNAME="EPDTHRES11_EPDTHF1"/>
<ITEMREF REFNAME="EPDTHRES5_EPDTHF1"/>
<ITEMREF REFNAME="FASPID_AJARRF1"/>
<ITEMREF REFNAME="FASPID_AJCEV_F1"/>
<ITEMREF REFNAME="FASPID_AJCGS_F1"/>
<ITEMREF REFNAME="FASPID_AJCIE_F1"/>
<ITEMREF REFNAME="FASPID_AJCRV_F1"/>
<ITEMREF REFNAME="FASPID_AJHSPHFF1"/>
<ITEMREF REFNAME="FASPID_AJHTNF1"/>
<ITEMREF REFNAME="FASPID_AJPAREVF1"/>
<ITEMREF REFNAME="FASPID_AJREVF1"/>
<ITEMREF REFNAME="FASPID_AJRSSDF1"/>
<ITEMREF REFNAME="FASPID_EPARR2F1"/>
<ITEMREF REFNAME="FASPID_EPCEV_F1"/>
<ITEMREF REFNAME="FASPID_EPCGS2F1"/>
<ITEMREF REFNAME="FASPID_EPCIE_F1"/>
<ITEMREF REFNAME="FASPID_EPCRVF1"/>
<ITEMREF REFNAME="FASPID_EPHSPHF_F1"/>
<ITEMREF REFNAME="FASPID_EPHTN2F1"/>
<ITEMREF REFNAME="FASPID_EPPAREV2F1"/>
<ITEMREF REFNAME="FASPID_EPREV2F1"/>
<ITEMREF REFNAME="FASPID_EPRSSD2F1"/>
<ITEMREF REFNAME="HSPHFR1_CMPD_EPHSPHF_F1"/>
<ITEMREF REFNAME="HTNR1_EPHTN2F1"/>
<ITEMREF REFNAME="HTNR2_CMPD_EPHTN2F1"/>
<ITEMREF REFNAME="HTNR3_EPHTN2F1"/>
<ITEMREF REFNAME="PAREVRES1_EPPAREV2F1"/>
<ITEMREF REFNAME="PAREVRES2_EPPAREV2F1"/>
<ITEMREF REFNAME="PAREVRES3_CMPD_EPPAREV2F1"/>
<ITEMREF REFNAME="PAREVRES4_EPPAREV2F1"/>
<ITEMREF REFNAME="REVR1_EPREV2F1"/>
<ITEMREF REFNAME="REVR2_EPREV2F1"/>
<ITEMREF REFNAME="RSSDR1_CMPD_EPRSSD2F1"/>
<ITEMREF REFNAME="RSSDR2_CMPD_EPRSSD2F1"/>
<ITEMREF REFNAME="RSSDR3_EPRSSD2F1"/>
<ITEMREF REFNAME="SBPERF_EPCIE_F1"/>
<ITEMREF REFNAME="FASPID_AJIBDF1"/>
<ITEMREF REFNAME="SUNCF_TOBACCO_SU3F3"/>
<ITEMREF REFNAME="LBRESMD_A01_IBD1LB9"/>
<ITEMREF REFNAME="LBRESMD_A02_IBD1LB9"/>
<ITEMREF REFNAME="LBRESMD_A10_IBD1LB9"/>
<ITEMREF REFNAME="LBRESMD_J25_IBD1LB9"/>
<ITEMREF REFNAME="LBRESMD_JT9_IBD1LB9"/>
<ITEMREF REFNAME="LBRESMD_JU0_IBD1LB9"/>
<ITEMREF REFNAME="LBRESMD_JY2_IBD1LB9"/>
<ITEMREF REFNAME="LBRESMD_JY3_IBD1LB9"/>
<ITEMREF REFNAME="LBRESMD_JY4_IBD1LB9"/>
<ITEMREF REFNAME="LBRESMD_R08_IBD1LB9"/>
<ITEMREF REFNAME="LBRESMD_R24_IBD1LB9"/>
<ITEMREF REFNAME="LBRESMD_S01_IBD1LB9"/>
<ITEMREF REFNAME="LBRESMD_S24_IBD1LB9"/>
<ITEMREF REFNAME="LBSPID_IBD1LB9"/>
<ITEMREF REFNAME="MHLLTCDPRESP_APMH1F3"/>
<ITEMREF REFNAME="MHOCCUR_MHPRESP_F5"/>
<ITEMREF REFNAME="MHSPID_APMH1F3"/>
<ITEMREF REFNAME="MHSPID_MHPRESP_F5"/>
<ITEMREF REFNAME="MHTERM_APMH1F3"/>
<ITEMREF REFNAME="AEGRPID_RELREC_IBD1F1"/>
<ITEMREF REFNAME="AEGRPID_RELREC_IBD1LB9"/>
<ITEMREF REFNAME="APMHOCCUR1_APMH1F3"/>
<ITEMREF REFNAME="APMHOCCUR2_APMH1F3"/>

</ITEMGROUP>

<ITEMGROUP 
GROUPNAME="Data_Manager_ReadOnly"
GROUPDESCRIPTION="Items that are hidden by design and should be viewable to Data Manager">
 <!-- Insert ItemRef Names -->
<ITEMREF REFNAME="DSSCAT_DS1F9"/>
<ITEMREF REFNAME="DSSTDAT_DS1F9"/>
<ITEMREF REFNAME="AETERM_MAP_AE3001_F1"/>
<ITEMREF REFNAME="MHLLTCDPRESP_MHPR1"/>
<ITEMREF REFNAME="MHLLTCDPRESP_MHPR1F2"/>
<ITEMREF REFNAME="MHLLTCDPRESP_MHPRESP_F5"/>
<ITEMREF REFNAME="DICT_DICTVER_MHPRESP1F3"/>
<ITEMREF REFNAME="SUCAT_ALCOHOL_SU1001_F2"/>
<ITEMREF REFNAME="SUCAT_ALCOHOL_SU1F3"/>
<ITEMREF REFNAME="SUCAT_REC_DRUG_SU5001_F1"/>
<ITEMREF REFNAME="SUCAT_REC_DRUG_SU5F2"/>
<ITEMREF REFNAME="SUPRESP_SU1001_F2"/>
<ITEMREF REFNAME="SUPRESP_SU1F3"/>
<ITEMREF REFNAME="SUPRESP_SU5001_F1"/>
<ITEMREF REFNAME="SUPRESP_SU5001_F2"/>
<ITEMREF REFNAME="APID1_10001806_APMH"/>
<ITEMREF REFNAME="APID1_10019478_APMH"/>
<ITEMREF REFNAME="APID1_10061664_APMH"/>
<ITEMREF REFNAME="APMHPRESP_10001806_APMH"/>
<ITEMREF REFNAME="LBORRESU_R24_IBD1LB9"/>
<ITEMREF REFNAME="LBORRESU_S01_IBD1LB9"/>
<ITEMREF REFNAME="LBORRESU_S24_IBD1LB9"/>
<ITEMREF REFNAME="LBSPEC_A01_IBD1LB9"/>
<ITEMREF REFNAME="LBSPEC_A02_IBD1LB9"/>
<ITEMREF REFNAME="LBSPEC_A10_IBD1LB9"/>
<ITEMREF REFNAME="LBSPEC_J25_IBD1LB9"/>
<ITEMREF REFNAME="LBSPEC_JT9_IBD1LB9"/>
<ITEMREF REFNAME="LBSPEC_JU0_IBD1LB9"/>
<ITEMREF REFNAME="LBSPEC_JY2_IBD1LB9"/>
<ITEMREF REFNAME="LBSPEC_JY3_IBD1LB9"/>
<ITEMREF REFNAME="LBSPEC_JY4_IBD1LB9"/>
<ITEMREF REFNAME="LBSPEC_R08_IBD1LB9"/>
<ITEMREF REFNAME="LBSPEC_R24_IBD1LB9"/>
<ITEMREF REFNAME="LBSPEC_S01_IBD1LB9"/>
<ITEMREF REFNAME="LBSPEC_S24_IBD1LB9"/>
<ITEMREF REFNAME="LBTEST_GLS_A01_IBD1LB9"/>
<ITEMREF REFNAME="LBTEST_GLS_A02_IBD1LB9"/>
<ITEMREF REFNAME="LBTEST_GLS_A10_IBD1LB9"/>
<ITEMREF REFNAME="LBTEST_GLS_J25_IBD1LB9"/>
<ITEMREF REFNAME="LBTEST_GLS_JT9_IBD1LB9"/>
<ITEMREF REFNAME="LBTEST_GLS_JU0_IBD1LB9"/>
<ITEMREF REFNAME="LBTEST_GLS_JY2_IBD1LB9"/>
<ITEMREF REFNAME="LBTEST_GLS_JY3_IBD1LB9"/>
<ITEMREF REFNAME="LBTEST_GLS_JY4_IBD1LB9"/>
<ITEMREF REFNAME="LBTEST_GLS_R08_IBD1LB9"/>
<ITEMREF REFNAME="LBTEST_GLS_R24_IBD1LB9"/>
<ITEMREF REFNAME="LBTEST_GLS_S01_IBD1LB9"/>
<ITEMREF REFNAME="LBTEST_GLS_S24_IBD1LB9"/>
<ITEMREF REFNAME="MHCAT_4_APMH1F3"/>
<ITEMREF REFNAME="MHCAT_4_MHPR1"/>
<ITEMREF REFNAME="MHCAT_4_MHPR1F2"/>
<ITEMREF REFNAME="MHCAT_4_MHPRESP_F5"/>
<ITEMREF REFNAME="MHCAT_MH7001_F1"/>
<ITEMREF REFNAME="MHDECOD_MH7001_F1"/>
<ITEMREF REFNAME="MHLLTCD_MH7001_F1"/>
<ITEMREF REFNAME="MHLLT_MH7001_F1"/>
<ITEMREF REFNAME="MHPRESP_MHPR1"/>
<ITEMREF REFNAME="MHPRESP_MHPR1F2"/>
<ITEMREF REFNAME="MHPRESP_MHPRESP_F5"/>
<ITEMREF REFNAME="MHOCCUR_MHPR1F2"/>
<ITEMREF REFNAME="MHTERM_MAP_MH7001_F1"/>
<ITEMREF REFNAME="PRCAT_IBD1SG1XP1F1"/>
<ITEMREF REFNAME="PRPRESP_IBD1SG1XP1F1"/>
<ITEMREF REFNAME="PRSCAT_IBD1SG1XP1F1"/>
<ITEMREF REFNAME="PRSPID_IBD1SG1XP1F1"/>
<ITEMREF REFNAME="QSCAT_EPTBHX2F1"/>
<ITEMREF REFNAME="ROUTCOMP_CM1F1"/>
<ITEMREF REFNAME="ROUTCOMP_CM1F2"/>
<ITEMREF REFNAME="SUCAT_TOBACCO_SU3F3"/>
<ITEMREF REFNAME="SUPRESP_SU3F3"/>
<ITEMREF REFNAME="TERM_TO_CODE_CM2F1"/>
<ITEMREF REFNAME="TRTTERMCD_CM1F1"/>
<ITEMREF REFNAME="TRTTERMCD_CM1F2"/>
<ITEMREF REFNAME="TRTTERMCD_CM2001_F1"/>
<ITEMREF REFNAME="XPSPID_IBD1SG1XP1F1"/>
<ITEMREF REFNAME="XPTEST_ABCT_IBD1SG1XP1F1"/>
<ITEMREF REFNAME="XPTEST_EL_IBD1SG1XP1F1"/>
<ITEMREF REFNAME="XPTEST_ENDOS_IBD1SG1XP1F1"/>
<ITEMREF REFNAME="XPTEST_HIST_IBD1SG1XP1F1"/>
<ITEMREF REFNAME="XPTEST_IR_IBD1SG1XP1F1"/>
<ITEMREF REFNAME="XPTEST_MRE_IBD1SG1XP1F1"/>
<ITEMREF REFNAME="XPTEST_PELVIC_IBD1F1"/>
<ITEMREF REFNAME="DSCAT_1_DS1F9"/>
<ITEMREF REFNAME="DSEVAL_IC_DS2001_F1"/>
<ITEMREF REFNAME="DSSCAT_DS1F4"/>
<ITEMREF REFNAME="DSSCAT_DS1F5"/>
<ITEMREF REFNAME="DSSCAT_DS1F6"/>
<ITEMREF REFNAME="DSSCAT_DS1F7"/>
<ITEMREF REFNAME="DSSCAT_DS1F8"/>
<ITEMREF REFNAME="DSSCAT_IC_DS2001_F1"/>
<ITEMREF REFNAME="ECCAT_EC1F1"/>
<ITEMREF REFNAME="EPARREVAL_EPARR2F1"/>
<ITEMREF REFNAME="EPCEVEVAL_EPCEV_F1"/>
<ITEMREF REFNAME="EPCGSEVAL_EPCGS2F1"/>
<ITEMREF REFNAME="EPCIEEVAL_EPCIE_F1"/>
<ITEMREF REFNAME="EPCRVEVAL_EPCRVF1"/>
<ITEMREF REFNAME="EPDTHEVAL_EPDTHF1"/>
<ITEMREF REFNAME="EPHSPHFEVAL_EPHSPHF_F1"/>
<ITEMREF REFNAME="EPHTNEVAL_EPHTN2F1"/>
<ITEMREF REFNAME="EPPAREVEVAL_EPPAREV2F1"/>
<ITEMREF REFNAME="EPREVEVAL_EPREV2F1"/>
<ITEMREF REFNAME="EPRSSDEVAL_EPRSSD2F1"/>
<ITEMREF REFNAME="FACAT_AHRFUF1"/>
<ITEMREF REFNAME="FACAT_EPARR2F1"/>
<ITEMREF REFNAME="FACAT_EPCEV_F1"/>
<ITEMREF REFNAME="FACAT_EPCGS2F1"/>
<ITEMREF REFNAME="FACAT_EPCIE_F1"/>
<ITEMREF REFNAME="FACAT_EPCRVF1"/>
<ITEMREF REFNAME="FACAT_EPDTHF1"/>
<ITEMREF REFNAME="FACAT_EPHSPHF_F1"/>
<ITEMREF REFNAME="FACAT_EPHTN2F1"/>
<ITEMREF REFNAME="FACAT_EPPAREV2F1"/>
<ITEMREF REFNAME="FACAT_EPREV2F1"/>
<ITEMREF REFNAME="FACAT_EPRSSD2F1"/>
<ITEMREF REFNAME="FACAT_IBD1SG1XP1F1"/>
<ITEMREF REFNAME="FACAT_INFC2F1"/>
<ITEMREF REFNAME="INDCOMP_CM1F1"/>
<ITEMREF REFNAME="INDCOMP_CM1F2"/>
<ITEMREF REFNAME="INFCEVAL_INFC2F1"/>
<ITEMREF REFNAME="LBCAT_A01_IBD1LB9"/>
<ITEMREF REFNAME="LBCAT_A02_IBD1LB9"/>
<ITEMREF REFNAME="LBCAT_A10_IBD1LB9"/>
<ITEMREF REFNAME="LBCAT_J25_IBD1LB9"/>
<ITEMREF REFNAME="LBCAT_JT9_IBD1LB9"/>
<ITEMREF REFNAME="LBCAT_JU0_IBD1LB9"/>
<ITEMREF REFNAME="LBCAT_JY2_IBD1LB9"/>
<ITEMREF REFNAME="LBCAT_JY3_IBD1LB9"/>
<ITEMREF REFNAME="LBCAT_JY4_IBD1LB9"/>
<ITEMREF REFNAME="LBCAT_R08_IBD1LB9"/>
<ITEMREF REFNAME="LBCAT_R24_IBD1LB9"/>
<ITEMREF REFNAME="LBCAT_S01_IBD1LB9"/>
<ITEMREF REFNAME="LBCAT_S24_IBD1LB9"/>
<ITEMREF REFNAME="LBNAMCD_A01_IBD1LB9"/>
<ITEMREF REFNAME="LBNAMCD_A02_IBD1LB9"/>
<ITEMREF REFNAME="LBNAMCD_A10_IBD1LB9"/>
<ITEMREF REFNAME="LBNAMCD_JY2_IBD1LB9"/>
<ITEMREF REFNAME="LBNAMCD_JY3_IBD1LB9"/>
<ITEMREF REFNAME="LBNAM_A01_IBD1LB9"/>
<ITEMREF REFNAME="LBNAM_A02_IBD1LB9"/>
<ITEMREF REFNAME="LBNAM_A10_IBD1LB9"/>
<ITEMREF REFNAME="LBNAM_JY2_IBD1LB9"/>
<ITEMREF REFNAME="LBNAM_JY3_IBD1LB9"/>
<ITEMREF REFNAME="LBORRESU_JU0_IBD1LB9"/>
<ITEMREF REFNAME="LBORRESU_JY2_IBD1LB9"/>
<ITEMREF REFNAME="LBORRESU_JY3_IBD1LB9"/>
<ITEMREF REFNAME="LBORRESU_JY4_IBD1LB9"/>
<ITEMREF REFNAME="LBORRESU_R08_IBD1LB9"/>
<ITEMREF REFNAME="AJHSPHFEVAL_AJHSPHFF1"/>
<ITEMREF REFNAME="AJHTNEVAL_AJHTNF1"/>
<ITEMREF REFNAME="AJPAREVAL_AJPAREVF1"/>
<ITEMREF REFNAME="AJREVEVAL_AJREVF1"/>
<ITEMREF REFNAME="AJRSSDEVAL_AJRSSDF1"/>
<ITEMREF REFNAME="FACAT_AJARRF1"/>
<ITEMREF REFNAME="FACAT_AJCEV_F1"/>
<ITEMREF REFNAME="FACAT_AJCGS_F1"/>
<ITEMREF REFNAME="FACAT_AJCIE_F1"/>
<ITEMREF REFNAME="FACAT_AJCRV_F1"/>
<ITEMREF REFNAME="FACAT_AJDTHF1"/>
<ITEMREF REFNAME="FACAT_AJHSPHFF1"/>
<ITEMREF REFNAME="FACAT_AJHTNF1"/>
<ITEMREF REFNAME="FACAT_AJPAREVF1"/>
<ITEMREF REFNAME="FACAT_AJREVF1"/>
<ITEMREF REFNAME="FACAT_AJRSSDF1"/>
<ITEMREF REFNAME="HMPRES4U_HMPR1F1"/>
<ITEMREF REFNAME="HMPRES5U_HMPR1F1"/>
<ITEMREF REFNAME="XPMETHOD_HMPR_HMPR1F1"/>
<ITEMREF REFNAME="XPSPID_HMPR1F1"/>
<ITEMREF REFNAME="CEPRESP_CEPRESPC2F1"/>
<ITEMREF REFNAME="FACAT_SFUQ3F1"/>
<ITEMREF REFNAME="AECAT_AE3001_F1"/>
<ITEMREF REFNAME="AECAT_AE3001_F2"/>
<ITEMREF REFNAME="AEDECOD_AE3001_F1"/>
<ITEMREF REFNAME="AEGRPID_RELREC_SG_IBD1F1"/>
<ITEMREF REFNAME="AELLTCD_AE3001_F1"/>
<ITEMREF REFNAME="AELLT_AE3001_F1"/>
<ITEMREF REFNAME="AHRFUEVAL_AHRFUF1"/>
<ITEMREF REFNAME="CMCAT_CM1F1"/>
<ITEMREF REFNAME="CMCAT_CM1F2"/>
<ITEMREF REFNAME="CMCAT_CM2001_F1"/>
<ITEMREF REFNAME="CMCLASCD_CM1F1"/>
<ITEMREF REFNAME="CMCLASCD_CM1F2"/>
<ITEMREF REFNAME="CMCLASCD_CM2001_F1"/>
<ITEMREF REFNAME="CMCLAS_CM1F1"/>
<ITEMREF REFNAME="CMCLAS_CM1F2"/>
<ITEMREF REFNAME="CMCLAS_CM2001_F1"/>
<ITEMREF REFNAME="CMDECOD_CM1F1"/>
<ITEMREF REFNAME="CMDECOD_CM1F2"/>
<ITEMREF REFNAME="CMDECOD_CM2001_F1"/>
<ITEMREF REFNAME="CMINDC_PRIOR_CM2001_F1"/>
<ITEMREF REFNAME="CMSCAT_CM1F1"/>
<ITEMREF REFNAME="CMSCAT_CM1F2"/>
<ITEMREF REFNAME="CMTRADNM_CM1F1"/>
<ITEMREF REFNAME="CMTRADNM_CM1F2"/>
<ITEMREF REFNAME="CMTRADNM_CM2001_F1"/>
<ITEMREF REFNAME="CMTRT_MAP_CM1F1"/>
<ITEMREF REFNAME="CMTRT_MAP_CM1F2"/>
<ITEMREF REFNAME="CMTRT_MAP_CM2001_F1"/>
<ITEMREF REFNAME="DICT_DICTVER_AE3001_F1"/>
<ITEMREF REFNAME="DICT_DICTVER_CM1F1"/>
<ITEMREF REFNAME="DICT_DICTVER_CM1F2"/>
<ITEMREF REFNAME="DICT_DICTVER_CM2001_F1"/>
<ITEMREF REFNAME="DICT_DICTVER_MH7001_F1"/>
<ITEMREF REFNAME="DICT_DICTVER_MHPR1"/>
<ITEMREF REFNAME="DICT_DICTVER_MHPR1F2"/>
<ITEMREF REFNAME="DICT_DICTVER_MHPRESP_F5"/>
<ITEMREF REFNAME="DSCAT_1_DS1F4"/>
<ITEMREF REFNAME="DSCAT_1_DS1F5"/>
<ITEMREF REFNAME="DSCAT_1_DS1F6"/>
<ITEMREF REFNAME="DSCAT_1_DS1F7"/>
<ITEMREF REFNAME="DSCAT_1_DS1F8"/>
<ITEMREF REFNAME="DSCAT_2_DS2001_F1"/>
<ITEMREF REFNAME="LBTEST_GLS_A17_LB9F7"/>
<ITEMREF REFNAME="LBTEST_GLS_A20_LB9F7"/>
<ITEMREF REFNAME="LBTEST_GLS_A27_LB9F7"/>
<ITEMREF REFNAME="LBCAT_LB9F7"/>
<ITEMREF REFNAME="LBNAMCD_LB9F7"/>
<ITEMREF REFNAME="LBNAM_LB9F7"/>
<ITEMREF REFNAME="LBTEST_GLS_A45_LB9F8"/>
<ITEMREF REFNAME="LBTEST_GLS_E01_LB9F8"/>
<ITEMREF REFNAME="LBTEST_GLS_E03_LB9F8"/>
<ITEMREF REFNAME="LBTEST_GLS_E12_LB9F8"/>
<ITEMREF REFNAME="LBTEST_GLS_E13_LB9F8"/>
<ITEMREF REFNAME="LBTEST_GLS_E17_LB9F8"/>
<ITEMREF REFNAME="LBTEST_GLS_E82_LB9F8"/>
<ITEMREF REFNAME="LBTEST_GLS_E83_LB9F8"/>
<ITEMREF REFNAME="LBTEST_GLS_G01_LB9F8"/>
<ITEMREF REFNAME="LBTEST_GLS_G03_LB9F8"/>
<ITEMREF REFNAME="LBCAT_LB9F8"/>
<ITEMREF REFNAME="LBNAMCD_LB9F8"/>
<ITEMREF REFNAME="LBNAM_LB9F8"/>
<ITEMREF REFNAME="LBCAT_LB9F9"/>
<ITEMREF REFNAME="LBNAMCD_LB9F9"/>
<ITEMREF REFNAME="LBNAM_LB9F9"/>
<ITEMREF REFNAME="LBTEST_GLS_A40_LB9F9"/>
<ITEMREF REFNAME="LBTEST_GLS_B40_LB9F9"/>
<ITEMREF REFNAME="XPCAT_BR1001_F1"/>
<ITEMREF REFNAME="CMCAT_CM3001_F1"/>
<ITEMREF REFNAME="CMDECOD_CM3001_F1"/>
<ITEMREF REFNAME="CMPRESP_CM3001_F1"/>
<ITEMREF REFNAME="CMTRADNM_CM3001_F1"/>
<ITEMREF REFNAME="CMTRT_CM3001_F1"/>
<ITEMREF REFNAME="DICT_DICTVER_CM3001_F1"/>
<ITEMREF REFNAME="TRTTERMCD_CM3001_F1"/>
<ITEMREF REFNAME="CMCLASCD_CM3001_F1"/>
<ITEMREF REFNAME="CMCLAS_CM3001_F1"/>
<ITEMREF REFNAME="CMSPID_CM3001_F1"/>
<ITEMREF REFNAME="HRFAEVAL_HRFA1001_F1"/>
<ITEMREF REFNAME="PRCAT_HMPR1F1"/>
<ITEMREF REFNAME="XPCAT_HMPR1F1"/>
<ITEMREF REFNAME="QSCAT_HRFA1001_F1"/>
<ITEMREF REFNAME="CELLTCDPRESP_10022058_INJ"/>
<ITEMREF REFNAME="CELLTCDPRESP_10022061_INJ"/>
<ITEMREF REFNAME="CELLTCDPRESP_10022075_INJ"/>
<ITEMREF REFNAME="CELLTCDPRESP_10022086_INJ"/>
<ITEMREF REFNAME="CELLTCDPRESP_10022093_INJ"/>
<ITEMREF REFNAME="CECAT_INJ1_F1"/>
<ITEMREF REFNAME="CEPRESP_INJ1_F1"/>
<ITEMREF REFNAME="DICT_DICTVER_INJ1_F1"/>
<ITEMREF REFNAME="FACAT_LRSS1001_F1"/>
<ITEMREF REFNAME="FASPID_LRSS1001_F1"/>
<ITEMREF REFNAME="IBDR3_IBD1SG1XP1F1"/>
<ITEMREF REFNAME="LRSSEVAL_LRSS1001_F1"/>
<ITEMREF REFNAME="LRSSOBJ_LRSS1001_F1"/>
<ITEMREF REFNAME="MHCAT_4_MHPRESP1F3"/>
<ITEMREF REFNAME="MHLLTCDPRESP_MHPRESP1F3"/>
<ITEMREF REFNAME="MHPRESP_MHPRESP1F3"/>
<ITEMREF REFNAME="CECAT_CEPRESPC2F1"/>
<ITEMREF REFNAME="CELLTCDPRESP_CEPRESPC2F1"/>
<ITEMREF REFNAME="CELOC_CEPRESPC2F1"/>
<ITEMREF REFNAME="AJARREVAL_AJARRF1"/>
<ITEMREF REFNAME="AJCEVEVAL_AJCEV_F1"/>
<ITEMREF REFNAME="AJCGSEVAL_AJCGS_F1"/>
<ITEMREF REFNAME="AJCIEEVAL_AJCIE_F1"/>
<ITEMREF REFNAME="AJCRVEVAL_AJCRV_F1"/>
<ITEMREF REFNAME="AJDTHEVAL_AJDTHF1"/>
<ITEMREF REFNAME="SFUQEVAL_SFUQ3F1"/>
<ITEMREF REFNAME="SFUQEVAL_SFUQ3F2"/>
<ITEMREF REFNAME="QSCAT_CSS2001_F1"/>
<ITEMREF REFNAME="QSCAT_CSS4F1"/>
<ITEMREF REFNAME="DSSCAT_DS1C1F8"/>
<ITEMREF REFNAME="DSSCAT_IC_DS2001_C1F3"/>
<ITEMREF REFNAME="DSSCAT_IC_DS2001_C2F3"/>
<ITEMREF REFNAME="QSELTMU_BEHAVIOR_CSS4F1"/>
<ITEMREF REFNAME="QSELTMU_IDEATION_CSS4F1"/>
<ITEMREF REFNAME="QSELTM_BEHAVIOR_CSS4F1"/>
<ITEMREF REFNAME="CSSEVAL_CSS2001_F1"/>
<ITEMREF REFNAME="CSSEVAL_CSS4F1"/>
<ITEMREF REFNAME="QSELTM_IDEATION_CSS4F1"/>
<ITEMREF REFNAME="QSEVINTX_CSS2001_F1"/>
<ITEMREF REFNAME="QSEVINTX_CSS4F1"/>
<ITEMREF REFNAME="DSCAT_1_DS1C1F8"/>
<ITEMREF REFNAME="DSCAT_2_DS2001_C2F3"/>
<ITEMREF REFNAME="DSEVAL_IC_DS2001_C1F3"/>
<ITEMREF REFNAME="DSEVAL_IC_DS2001_C2F3"/>
<ITEMREF REFNAME="DICT_DICTVER_CEPRESPC2F1"/>
<ITEMREF REFNAME="DSCAT_2_DS2001_C1F3"/>
<ITEMREF REFNAME="LBORRESU_J25_SUB_IBD1LB9"/>
<ITEMREF REFNAME="LBORRESU_JT9_SUB_IBD1LB9"/>
<ITEMREF REFNAME="ECTRT_EC1F1"/>
<ITEMREF REFNAME="APMHPRESP_10019478_APMH"/>
<ITEMREF REFNAME="APMHPRESP_10061664_APMH"/>
<ITEMREF REFNAME="MHLLTCDPRESP_10001806_APM"/>
<ITEMREF REFNAME="MHLLTCDPRESP_10019478_APM"/>
<ITEMREF REFNAME="MHLLTCDPRESP_10061664_APM"/>
<ITEMREF REFNAME="MHSPID_10001806_APMH"/>
<ITEMREF REFNAME="MHSPID_10019478_APMH"/>
<ITEMREF REFNAME="MHSPID_10061664_APMH"/>
<ITEMREF REFNAME="MHCAT_4_APMH1F1"/>
<ITEMREF REFNAME="APID1_APMH1F3"/>
<ITEMREF REFNAME="APMHPRESP_APMH1F3"/>
<ITEMREF REFNAME="AJIBDEVAL_AJIBDF1"/>
<ITEMREF REFNAME="APID2_APMH1F3"/>
<ITEMREF REFNAME="ECTRTPVR_EC1F1"/>
<ITEMREF REFNAME="FACAT_AJIBDF1"/>
<ITEMREF REFNAME="DICT_DICTVER_APMH"/>
<ITEMREF REFNAME="DICT_DICTVER_APMH1F3"/>
<ITEMREF REFNAME="LBTEST_GLS_J03_LB9F6"/>
<ITEMREF REFNAME="LBTEST_GLS_J16_LB9F6"/>
<ITEMREF REFNAME="LBTEST_GLS_J26_LB9F6"/>
<ITEMREF REFNAME="LBTEST_GLS_J28_LB9F6"/>
<ITEMREF REFNAME="LBTEST_GLS_J69_LB9F6"/>
<ITEMREF REFNAME="LBTEST_GLS_J74_LB9F6"/>
<ITEMREF REFNAME="LBTEST_GLS_J76_LB9F6"/>
<ITEMREF REFNAME="LBTEST_GLS_J78_LB9F6"/>
<ITEMREF REFNAME="LBTEST_GLS_JB5_LB9F6"/>
<ITEMREF REFNAME="LBTEST_GLS_JD4_LB9F6"/>
<ITEMREF REFNAME="LBTEST_GLS_JM2_LB9F6"/>
<ITEMREF REFNAME="LBTEST_GLS_KB8_LB9F6"/>
<ITEMREF REFNAME="LBTEST_GLS_RA0_LB9F6"/>
<ITEMREF REFNAME="LBCAT_LB9F6"/>
<ITEMREF REFNAME="LBNAMCD_LB9F6"/>
<ITEMREF REFNAME="LBNAM_LB9F6"/>
<ITEMREF REFNAME="LBTEST_GLS_A01_LB9F7"/>
<ITEMREF REFNAME="LBTEST_GLS_A02_LB9F7"/>
<ITEMREF REFNAME="LBTEST_GLS_A03_LB9F7"/>
<ITEMREF REFNAME="LBTEST_GLS_A10_LB9F7"/>
<ITEMREF REFNAME="LBTEST_GLS_A14_LB9F7"/>
<ITEMREF REFNAME="LBTEST_GLS_A15_LB9F7"/>
<ITEMREF REFNAME="LBTEST_GLS_A16_LB9F7"/>

</ITEMGROUP>

<ITEMGROUP 
GROUPNAME="GPS_eSAE_Hidden"
GROUPDESCRIPTION="Items that should be hidden to GPS, hidden to Adjudicator and Central Group (only if these roles are used in the study), default access to all other rights groups.">
 <!-- Insert ItemRef Names -->
<ITEMREF REFNAME="SAEASMDAT_SAE2F1"/>
<ITEMREF REFNAME="SAEFUAWADAT_SAE2F1"/>
<ITEMREF REFNAME="SAEFUASMDAT_SAE2F1"/>
<ITEMREF REFNAME="SAEAWADAT_SAE2F1"/>

</ITEMGROUP>

<ITEMGROUP 
GROUPNAME="nonData_Manager_Hidden"
GROUPDESCRIPTION="Items hidden to all but Data_Manager editable">
 <!-- Insert ItemRef Names -->
<ITEMREF REFNAME="CALRULETRIG"/>
<ITEMREF REFNAME="WFRULETRIG"/>
<ITEMREF REFNAME="CDQATRIG"/>

</ITEMGROUP>

<ITEMGROUP 
GROUPNAME="nonData_Manager_ReadOnly"
GROUPDESCRIPTION="Items are Data_Manager editable, and Read-only for all other groups except Adjudicator and Central Grp.  For the Groups Adjudicator and Central Grp, it will be a Hidden Item.">
 <!-- Insert ItemRef Names -->
<ITEMREF REFNAME="CDQ_CDQA"/>
<ITEMREF REFNAME="VISDATMD_SV1F1"/>
<ITEMREF REFNAME="VISDATMD_SV1C1F1"/>

</ITEMGROUP>

</MEDMLDATA>