<?xml version="1.0"?>
<MEDMLDATA xmlns="PhaseForward-MedML-Inform4">


<REPORTINGGROUP
GROUPNAME="Ad Hoc Users"
GROUPDESCRIPTION="Users who have access to Ad Hoc Reporting">
<!-- Insert Users -->
<USERREF USERNAME="ZPFralorico"/>
<USERREF USERNAME="i1fmcrhcr_RE"/>
<USERREF USERNAME="ZPFvbalint"/>
<USERREF USERNAME="viktor.balint@oracle.com"/>
<USERREF USERNAME="ZPFmcabuhayan"/>
<USERREF USERNAME="ZPFkcco"/>
<USERREF USERNAME="jose.coronel@oracle.com"/>
<USERREF USERNAME="ZPFjcoronel"/>
<USERREF USERNAME="ZPFedervishaj"/>
<USERREF USERNAME="aungie.donio@oracle.com"/>
<USERREF USERNAME="ZPFadonio"/>
<USERREF USERNAME="ZPFrducusin"/>
<USERREF USERNAME="ZPFoely"/>
<USERREF USERNAME="ZPFcescultura"/>
<USERREF USERNAME="CRISTINE.ESCULTURA@ORACLE.COM"/>
<USERREF USERNAME="ZPFmgallindez"/>
<USERREF USERNAME="mar.gallindez@oracle.com"/>
<USERREF USERNAME="ZPFbgonzalez"/>
<USERREF USERNAME="ZPFehagymasi"/>
<USERREF USERNAME="ZPFtishizuka"/>
<USERREF USERNAME="toshiomi.ishizuka@oracle.com"/>
<USERREF USERNAME="ZPFbjuhasz"/>
<USERREF USERNAME="ZPFdkawashima"/>
<USERREF USERNAME="dai.kawashima@oracle.com"/>
<USERREF USERNAME="anna.kisfaludy@oracle.com"/>
<USERREF USERNAME="ZPFakisfaludy"/>
<USERREF USERNAME="ZPFekosa"/>
<USERREF USERNAME="ZPFmlalangan"/>
<USERREF USERNAME="ZPFlmate"/>
<USERREF USERNAME="ZPFnmiklosi"/>
<USERREF USERNAME="norbert.miklosi@oracle.com"/>
<USERREF USERNAME="viktoria.molnar@oracle.com"/>
<USERREF USERNAME="ZPFvmolnar"/>
<USERREF USERNAME="petra.more@oracle.com"/>
<USERREF USERNAME="ZPFpmore"/>
<USERREF USERNAME="ZPFdnagy"/>
<USERREF USERNAME="ZPFanakai"/>
<USERREF USERNAME="akihiro.nakai@oracle.com"/>
<USERREF USERNAME="ZPFhnarwan"/>
<USERREF USERNAME="ZPFrpadilla"/>
<USERREF USERNAME="ZPFpsafar"/>
<USERREF USERNAME="peter.safar@oracle.com"/>
<USERREF USERNAME="ZPFiszabo"/>
<USERREF USERNAME="ZPFdszerencses"/>
<USERREF USERNAME="david.szerencses@oracle.com"/>
<USERREF USERNAME="ZPFmtiamzon"/>
<USERREF USERNAME="mate.tolgyesi@oracle.com"/>
<USERREF USERNAME="ZPFmtolgyesi"/>
<USERREF USERNAME="akos.toth@oracle.com"/>
<USERREF USERNAME="ZPFaktoth"/>
<USERREF USERNAME="ZPFpvallar"/>
<USERREF USERNAME="ZPFawarsama"/>
<USERREF USERNAME="ZPFmzsoldos"/>
<USERREF USERNAME="mate.zsoldos@oracle.com"/>
<USERREF USERNAME="z1x0506"/>
<USERREF USERNAME="ZPFmandone"/>
</REPORTINGGROUP>

<QUERYGROUP
GROUPNAME="CDM_CRA Query"
GROUPDESCRIPTION="">
<!-- Insert Users -->
<USERREF USERNAME="autoquery"/>
<USERREF USERNAME="c274285"/>
<USERREF USERNAME="c274708"/>
<USERREF USERNAME="c235646"/>
<USERREF USERNAME="c227019"/>
<USERREF USERNAME="z2x7245"/>
<USERREF USERNAME="z2x2090"/>
<USERREF USERNAME="z1x0687"/>
<USERREF USERNAME="z1x1821"/>
<USERREF USERNAME="z1x1819"/>
<USERREF USERNAME="c239136"/>
<USERREF USERNAME="z1x2750"/>
<USERREF USERNAME="c243490"/>
<USERREF USERNAME="c226977"/>
<USERREF USERNAME="c244597"/>
<USERREF USERNAME="c230206"/>
<USERREF USERNAME="c229508"/>
<USERREF USERNAME="c242122"/>
<USERREF USERNAME="c261407"/>
<USERREF USERNAME="c240166"/>
<USERREF USERNAME="c252435"/>
<USERREF USERNAME="c243001"/>
<USERREF USERNAME="c225835"/>
<USERREF USERNAME="c232958"/>
<USERREF USERNAME="c243003"/>
<USERREF USERNAME="c244353"/>
<USERREF USERNAME="c233948"/>
<USERREF USERNAME="c179650"/>
<USERREF USERNAME="z1x0506"/>
<USERREF USERNAME="z1x0698"/>
<USERREF USERNAME="c243002"/>
<USERREF USERNAME="z2x5649"/>
<USERREF USERNAME="z218387"/>
<USERREF USERNAME="c232280"/>
<USERREF USERNAME="c234577"/>
<USERREF USERNAME="c200015"/>
<USERREF USERNAME="z2x6036"/>
<USERREF USERNAME="c273192"/>
<USERREF USERNAME="c241466"/>
<USERREF USERNAME="c239422"/>
<USERREF USERNAME="z1x2075"/>
<USERREF USERNAME="c214647"/>
<USERREF USERNAME="c243493"/>
<USERREF USERNAME="z3x1553"/>
<USERREF USERNAME="c234576"/>
<USERREF USERNAME="z1x1826"/>
<USERREF USERNAME="c241301"/>
</QUERYGROUP>

<QUERYGROUP
GROUPNAME="Coding Query Group"
GROUPDESCRIPTION="">
<!-- Insert Users -->
<USERREF USERNAME="coder_query"/>
</QUERYGROUP>

<QUERYGROUP
GROUPNAME="GPS_Query"
GROUPDESCRIPTION="">
<!-- Insert Users -->
<USERREF USERNAME="c135748"/>
<USERREF USERNAME="c025980"/>
<USERREF USERNAME="c194055"/>
<USERREF USERNAME="c071673"/>
<USERREF USERNAME="c249923"/>
<USERREF USERNAME="c149066"/>
<USERREF USERNAME="c137396"/>
<USERREF USERNAME="a701824"/>
<USERREF USERNAME="c074429"/>
<USERREF USERNAME="c083101"/>
<USERREF USERNAME="c269330"/>
<USERREF USERNAME="c243031"/>
<USERREF USERNAME="c243032"/>
<USERREF USERNAME="c228246"/>
<USERREF USERNAME="c243049"/>
<USERREF USERNAME="rm89018"/>
<USERREF USERNAME="a608760"/>
<USERREF USERNAME="c074342"/>
<USERREF USERNAME="c149470"/>
<USERREF USERNAME="c196248"/>
<USERREF USERNAME="c223292"/>
<USERREF USERNAME="c257193"/>
<USERREF USERNAME="c257194"/>
<USERREF USERNAME="c228248"/>
<USERREF USERNAME="c243030"/>
<USERREF USERNAME="c243048"/>
<USERREF USERNAME="c257199"/>
<USERREF USERNAME="c202987"/>
<USERREF USERNAME="c199642"/>
<USERREF USERNAME="c189327"/>
<USERREF USERNAME="c206270"/>
<USERREF USERNAME="yex7614"/>
<USERREF USERNAME="yex7920"/>
<USERREF USERNAME="c100415"/>
<USERREF USERNAME="rm35504"/>
<USERREF USERNAME="c243050"/>
<USERREF USERNAME="c228247"/>
<USERREF USERNAME="c243054"/>
<USERREF USERNAME="c257195"/>
<USERREF USERNAME="c206591"/>
<USERREF USERNAME="ye91098"/>
<USERREF USERNAME="yex8021"/>
<USERREF USERNAME="c228250"/>
<USERREF USERNAME="yex7231"/>
<USERREF USERNAME="ye73456"/>
<USERREF USERNAME="c143125"/>
<USERREF USERNAME="rm37825"/>
<USERREF USERNAME="c265139"/>
<USERREF USERNAME="c131994"/>
<USERREF USERNAME="c252078"/>
<USERREF USERNAME="c060736"/>
<USERREF USERNAME="c090108"/>
<USERREF USERNAME="a015765"/>
<USERREF USERNAME="c247616"/>
<USERREF USERNAME="c085302"/>
<USERREF USERNAME="c068505"/>
<USERREF USERNAME="u7X4333"/>
<USERREF USERNAME="c249885"/>
<USERREF USERNAME="c039853"/>
<USERREF USERNAME="c069132"/>
<USERREF USERNAME="rm87794"/>
<USERREF USERNAME="c228249"/>
<USERREF USERNAME="c256768"/>
<USERREF USERNAME="yex7972"/>
<USERREF USERNAME="yex7750"/>
<USERREF USERNAME="c2266799"/>
<USERREF USERNAME="c039863"/>
<USERREF USERNAME="c196683"/>
<USERREF USERNAME="c074090"/>
<USERREF USERNAME="v6x8058"/>
<USERREF USERNAME="c068502"/>
<USERREF USERNAME="c148827"/>
<USERREF USERNAME="c021984"/>
<USERREF USERNAME="c267072"/>
<USERREF USERNAME="c203058"/>
<USERREF USERNAME="c058698"/>
<USERREF USERNAME="dax99530"/>
<USERREF USERNAME="c149177"/>
<USERREF USERNAME="c244714"/>
<USERREF USERNAME="c075541"/>
<USERREF USERNAME="c166648"/>
</QUERYGROUP>

<SIGNATUREGROUP
GROUPNAME="PI Signature"
GROUPDESCRIPTION=""
CRBMEANING="Approved"

CRBTEXT="By my dated signature below, I  %s  %s, verify that all case report form pages accurately display the results of the examinations, tests, evaluations and treatments performed on this patient.&lt;BR&gt;&lt;BR&gt;Pursuant to Section 11.100 of Title 21 of the Code of Federal Regulations, this is to certify that I intend that this electronic signature is to be the legally binding equivalent of my handwritten signature. &lt;BR&gt;&lt;BR&gt;To this I do attest by supplying my user name and password and clicking the button marked &lt;B&gt;Submit&lt;/B&gt; below"
 LANGUAGE="en-US">
<!-- Insert Users -->
<USERREF USERNAME="etanghetti"/>
<USERREF USERNAME="vlaquer"/>
<USERREF USERNAME="cowen"/>
<USERREF USERNAME="jcrowley"/>
<USERREF USERNAME="hharris"/>
<USERREF USERNAME="belewski"/>
<USERREF USERNAME="sjohnson"/>
<USERREF USERNAME="efrankel"/>
<USERREF USERNAME="jscott"/>
<USERREF USERNAME="jweisman"/>
<USERREF USERNAME="kyokum"/>
<USERREF USERNAME="nnami"/>
<USERREF USERNAME="msotomayor"/>
<USERREF USERNAME="sfeldman"/>
<USERREF USERNAME="vmadkan"/>
<USERREF USERNAME="tschlesinger"/>
<USERREF USERNAME="nkorman"/>
<USERREF USERNAME="fkerdel"/>
<USERREF USERNAME="jkrell"/>
<USERREF USERNAME="rgharib"/>
<USERREF USERNAME="vdimitropoulos"/>
<USERREF USERNAME="edelatorre"/>
<USERREF USERNAME="pjenkin"/>
<USERREF USERNAME="dcohen"/>
<USERREF USERNAME="jwaibel"/>
<USERREF USERNAME="jappel"/>
<USERREF USERNAME="agewirtzman"/>
<USERREF USERNAME="pwallace"/>
<USERREF USERNAME="ebarranco"/>
<USERREF USERNAME="bboyce"/>
<USERREF USERNAME="ssmith"/>
<USERREF USERNAME="osoto-raices"/>
<USERREF USERNAME="pyamauchi"/>
<USERREF USERNAME="plee"/>
<USERREF USERNAME="cleonardi"/>
<USERREF USERNAME="mmccune"/>
<USERREF USERNAME="acauthen"/>
<USERREF USERNAME="gschmieder"/>
<USERREF USERNAME="lferris"/>
<USERREF USERNAME="ajarell"/>
<USERREF USERNAME="lgreen"/>
<USERREF USERNAME="jsoung"/>
<USERREF USERNAME="cteller"/>
<USERREF USERNAME="sgottlieb"/>
<USERREF USERNAME="cbarnes"/>
<USERREF USERNAME="dpariser"/>
<USERREF USERNAME="ktaylor"/>
<USERREF USERNAME="sjazayeri"/>
<USERREF USERNAME="ablauvelt"/>
<USERREF USERNAME="alugosomolinos"/>
<USERREF USERNAME="jcather"/>
<USERREF USERNAME="jtravers"/>
<USERREF USERNAME="sforman"/>
<USERREF USERNAME="brankin"/>
<USERREF USERNAME="sdhawan"/>
<USERREF USERNAME="jkaffenberger"/>
<USERREF USERNAME="rserrao"/>
<USERREF USERNAME="sfretzin"/>
<USERREF USERNAME="kcallis-duffin"/>
<USERREF USERNAME="sdavis"/>
<USERREF USERNAME="zdraelos"/>
<USERREF USERNAME="jgonzalez-chavez"/>
<USERREF USERNAME="amerez-dejesus"/>
<USERREF USERNAME="ssanchez-rivera"/>
<USERREF USERNAME="dmaxwellshipp"/>
</SIGNATUREGROUP>

<REPORTINGGROUP
GROUPNAME="Publishers"
GROUPDESCRIPTION="Users who can create folders and other content within the Public Folder space">
<!-- Insert Users -->
<USERREF USERNAME="ZPFralorico"/>
<USERREF USERNAME="i1fmcrhcr_RE"/>
<USERREF USERNAME="ZPFvbalint"/>
<USERREF USERNAME="viktor.balint@oracle.com"/>
<USERREF USERNAME="ZPFmcabuhayan"/>
<USERREF USERNAME="ZPFkcco"/>
<USERREF USERNAME="jose.coronel@oracle.com"/>
<USERREF USERNAME="ZPFjcoronel"/>
<USERREF USERNAME="ZPFedervishaj"/>
<USERREF USERNAME="aungie.donio@oracle.com"/>
<USERREF USERNAME="ZPFadonio"/>
<USERREF USERNAME="ZPFrducusin"/>
<USERREF USERNAME="ZPFoely"/>
<USERREF USERNAME="ZPFcescultura"/>
<USERREF USERNAME="CRISTINE.ESCULTURA@ORACLE.COM"/>
<USERREF USERNAME="ZPFmgallindez"/>
<USERREF USERNAME="mar.gallindez@oracle.com"/>
<USERREF USERNAME="ZPFbgonzalez"/>
<USERREF USERNAME="ZPFehagymasi"/>
<USERREF USERNAME="ZPFtishizuka"/>
<USERREF USERNAME="toshiomi.ishizuka@oracle.com"/>
<USERREF USERNAME="ZPFbjuhasz"/>
<USERREF USERNAME="ZPFdkawashima"/>
<USERREF USERNAME="dai.kawashima@oracle.com"/>
<USERREF USERNAME="anna.kisfaludy@oracle.com"/>
<USERREF USERNAME="ZPFakisfaludy"/>
<USERREF USERNAME="ZPFekosa"/>
<USERREF USERNAME="ZPFmlalangan"/>
<USERREF USERNAME="ZPFlmate"/>
<USERREF USERNAME="ZPFnmiklosi"/>
<USERREF USERNAME="norbert.miklosi@oracle.com"/>
<USERREF USERNAME="viktoria.molnar@oracle.com"/>
<USERREF USERNAME="ZPFvmolnar"/>
<USERREF USERNAME="petra.more@oracle.com"/>
<USERREF USERNAME="ZPFpmore"/>
<USERREF USERNAME="ZPFdnagy"/>
<USERREF USERNAME="ZPFanakai"/>
<USERREF USERNAME="akihiro.nakai@oracle.com"/>
<USERREF USERNAME="ZPFhnarwan"/>
<USERREF USERNAME="ZPFrpadilla"/>
<USERREF USERNAME="ZPFpsafar"/>
<USERREF USERNAME="peter.safar@oracle.com"/>
<USERREF USERNAME="ZPFiszabo"/>
<USERREF USERNAME="ZPFdszerencses"/>
<USERREF USERNAME="david.szerencses@oracle.com"/>
<USERREF USERNAME="ZPFmtiamzon"/>
<USERREF USERNAME="mate.tolgyesi@oracle.com"/>
<USERREF USERNAME="ZPFmtolgyesi"/>
<USERREF USERNAME="akos.toth@oracle.com"/>
<USERREF USERNAME="ZPFaktoth"/>
<USERREF USERNAME="ZPFpvallar"/>
<USERREF USERNAME="ZPFawarsama"/>
<USERREF USERNAME="ZPFmzsoldos"/>
<USERREF USERNAME="mate.zsoldos@oracle.com"/>
<USERREF USERNAME="z1x0506"/>
<USERREF USERNAME="ZPFmandone"/>
</REPORTINGGROUP>

<REPORTINGGROUP
GROUPNAME="Report Administrators"
GROUPDESCRIPTION="Users who can administer authorized public content such as setting permissions on folders and reports">
<!-- Insert Users -->
<USERREF USERNAME="ZPFralorico"/>
<USERREF USERNAME="z1x0506"/>
<USERREF USERNAME="ZPFvbalint"/>
<USERREF USERNAME="viktor.balint@oracle.com"/>
<USERREF USERNAME="ZPFmcabuhayan"/>
<USERREF USERNAME="ZPFkcco"/>
<USERREF USERNAME="jose.coronel@oracle.com"/>
<USERREF USERNAME="ZPFjcoronel"/>
<USERREF USERNAME="ZPFedervishaj"/>
<USERREF USERNAME="aungie.donio@oracle.com"/>
<USERREF USERNAME="ZPFadonio"/>
<USERREF USERNAME="ZPFrducusin"/>
<USERREF USERNAME="ZPFoely"/>
<USERREF USERNAME="ZPFcescultura"/>
<USERREF USERNAME="CRISTINE.ESCULTURA@ORACLE.COM"/>
<USERREF USERNAME="ZPFmgallindez"/>
<USERREF USERNAME="mar.gallindez@oracle.com"/>
<USERREF USERNAME="ZPFbgonzalez"/>
<USERREF USERNAME="ZPFehagymasi"/>
<USERREF USERNAME="ZPFtishizuka"/>
<USERREF USERNAME="toshiomi.ishizuka@oracle.com"/>
<USERREF USERNAME="ZPFbjuhasz"/>
<USERREF USERNAME="ZPFdkawashima"/>
<USERREF USERNAME="dai.kawashima@oracle.com"/>
<USERREF USERNAME="anna.kisfaludy@oracle.com"/>
<USERREF USERNAME="ZPFakisfaludy"/>
<USERREF USERNAME="ZPFekosa"/>
<USERREF USERNAME="ZPFmlalangan"/>
<USERREF USERNAME="ZPFlmate"/>
<USERREF USERNAME="ZPFnmiklosi"/>
<USERREF USERNAME="norbert.miklosi@oracle.com"/>
<USERREF USERNAME="viktoria.molnar@oracle.com"/>
<USERREF USERNAME="ZPFvmolnar"/>
<USERREF USERNAME="petra.more@oracle.com"/>
<USERREF USERNAME="ZPFpmore"/>
<USERREF USERNAME="ZPFdnagy"/>
<USERREF USERNAME="ZPFanakai"/>
<USERREF USERNAME="akihiro.nakai@oracle.com"/>
<USERREF USERNAME="ZPFhnarwan"/>
<USERREF USERNAME="ZPFrpadilla"/>
<USERREF USERNAME="ZPFpsafar"/>
<USERREF USERNAME="peter.safar@oracle.com"/>
<USERREF USERNAME="ZPFiszabo"/>
<USERREF USERNAME="ZPFdszerencses"/>
<USERREF USERNAME="david.szerencses@oracle.com"/>
<USERREF USERNAME="ZPFmtiamzon"/>
<USERREF USERNAME="mate.tolgyesi@oracle.com"/>
<USERREF USERNAME="ZPFmtolgyesi"/>
<USERREF USERNAME="akos.toth@oracle.com"/>
<USERREF USERNAME="ZPFaktoth"/>
<USERREF USERNAME="ZPFpvallar"/>
<USERREF USERNAME="ZPFawarsama"/>
<USERREF USERNAME="ZPFmzsoldos"/>
<USERREF USERNAME="mate.zsoldos@oracle.com"/>
<USERREF USERNAME="ZPFmandone"/>
</REPORTINGGROUP>

<REPORTINGGROUP
GROUPNAME="Site Users"
GROUPDESCRIPTION="Site Users">
<!-- Insert Users -->
<USERREF USERNAME="vlaquer"/>
<USERREF USERNAME="cowen"/>
<USERREF USERNAME="jcrowley"/>
<USERREF USERNAME="hharris"/>
<USERREF USERNAME="tjamison"/>
<USERREF USERNAME="cdenton"/>
<USERREF USERNAME="cruhl"/>
<USERREF USERNAME="pburt"/>
<USERREF USERNAME="aalcaraz"/>
<USERREF USERNAME="mrengifopardo"/>
<USERREF USERNAME="swithrow"/>
<USERREF USERNAME="njensen"/>
<USERREF USERNAME="smarquez"/>
<USERREF USERNAME="khughes"/>
<USERREF USERNAME="cbaudelaire"/>
<USERREF USERNAME="caaron"/>
<USERREF USERNAME="criekert"/>
<USERREF USERNAME="belewski"/>
<USERREF USERNAME="sjohnson"/>
<USERREF USERNAME="dmoats"/>
<USERREF USERNAME="mirizarry"/>
<USERREF USERNAME="tvittitow"/>
<USERREF USERNAME="fvazquez"/>
<USERREF USERNAME="efrankel"/>
<USERREF USERNAME="ZPFralorico"/>
<USERREF USERNAME="ZPFmandone"/>
<USERREF USERNAME="ZPFvbalint"/>
<USERREF USERNAME="viktor.balint@oracle.com"/>
<USERREF USERNAME="ZPFmcabuhayan"/>
<USERREF USERNAME="ZPFkcco"/>
<USERREF USERNAME="jose.coronel@oracle.com"/>
<USERREF USERNAME="ZPFjcoronel"/>
<USERREF USERNAME="ZPFedervishaj"/>
<USERREF USERNAME="aungie.donio@oracle.com"/>
<USERREF USERNAME="ZPFadonio"/>
<USERREF USERNAME="ZPFrducusin"/>
<USERREF USERNAME="ZPFoely"/>
<USERREF USERNAME="ZPFcescultura"/>
<USERREF USERNAME="CRISTINE.ESCULTURA@ORACLE.COM"/>
<USERREF USERNAME="ZPFmgallindez"/>
<USERREF USERNAME="mar.gallindez@oracle.com"/>
<USERREF USERNAME="ZPFbgonzalez"/>
<USERREF USERNAME="ZPFehagymasi"/>
<USERREF USERNAME="ZPFtishizuka"/>
<USERREF USERNAME="toshiomi.ishizuka@oracle.com"/>
<USERREF USERNAME="ZPFbjuhasz"/>
<USERREF USERNAME="ZPFdkawashima"/>
<USERREF USERNAME="dai.kawashima@oracle.com"/>
<USERREF USERNAME="anna.kisfaludy@oracle.com"/>
<USERREF USERNAME="ZPFakisfaludy"/>
<USERREF USERNAME="ZPFekosa"/>
<USERREF USERNAME="ZPFmlalangan"/>
<USERREF USERNAME="ZPFlmate"/>
<USERREF USERNAME="ZPFnmiklosi"/>
<USERREF USERNAME="norbert.miklosi@oracle.com"/>
<USERREF USERNAME="viktoria.molnar@oracle.com"/>
<USERREF USERNAME="ZPFvmolnar"/>
<USERREF USERNAME="petra.more@oracle.com"/>
<USERREF USERNAME="ZPFpmore"/>
<USERREF USERNAME="ZPFdnagy"/>
<USERREF USERNAME="ZPFanakai"/>
<USERREF USERNAME="akihiro.nakai@oracle.com"/>
<USERREF USERNAME="ZPFhnarwan"/>
<USERREF USERNAME="ZPFrpadilla"/>
<USERREF USERNAME="ZPFpsafar"/>
<USERREF USERNAME="peter.safar@oracle.com"/>
<USERREF USERNAME="ZPFiszabo"/>
<USERREF USERNAME="ZPFdszerencses"/>
<USERREF USERNAME="david.szerencses@oracle.com"/>
<USERREF USERNAME="ZPFmtiamzon"/>
<USERREF USERNAME="mate.tolgyesi@oracle.com"/>
<USERREF USERNAME="ZPFmtolgyesi"/>
<USERREF USERNAME="akos.toth@oracle.com"/>
<USERREF USERNAME="ZPFaktoth"/>
<USERREF USERNAME="ZPFpvallar"/>
<USERREF USERNAME="ZPFawarsama"/>
<USERREF USERNAME="ZPFmzsoldos"/>
<USERREF USERNAME="mate.zsoldos@oracle.com"/>
<USERREF USERNAME="jscott"/>
<USERREF USERNAME="jweisman"/>
<USERREF USERNAME="kyokum"/>
<USERREF USERNAME="nnami"/>
<USERREF USERNAME="gbarker"/>
<USERREF USERNAME="jmorenobral"/>
<USERREF USERNAME="hhykawy"/>
<USERREF USERNAME="sjanic"/>
<USERREF USERNAME="msotomayor"/>
<USERREF USERNAME="sfeldman"/>
<USERREF USERNAME="vmadkan"/>
<USERREF USERNAME="jwatson"/>
<USERREF USERNAME="mmesa"/>
<USERREF USERNAME="lspencer"/>
<USERREF USERNAME="cvega"/>
<USERREF USERNAME="dustinova"/>
<USERREF USERNAME="ehager"/>
<USERREF USERNAME="dtolas"/>
<USERREF USERNAME="rramos"/>
<USERREF USERNAME="hsaqr"/>
<USERREF USERNAME="cmascherino"/>
<USERREF USERNAME="apeele"/>
<USERREF USERNAME="bjennings"/>
<USERREF USERNAME="trichardson"/>
<USERREF USERNAME="fmoten"/>
<USERREF USERNAME="lkeck"/>
<USERREF USERNAME="sreed"/>
<USERREF USERNAME="sproeschel"/>
<USERREF USERNAME="cnelson"/>
<USERREF USERNAME="tschlesinger"/>
<USERREF USERNAME="nkorman"/>
<USERREF USERNAME="fkerdel"/>
<USERREF USERNAME="celliott"/>
<USERREF USERNAME="ncobian"/>
<USERREF USERNAME="apoorman"/>
<USERREF USERNAME="alaviles"/>
<USERREF USERNAME="sclark"/>
<USERREF USERNAME="jkrell"/>
<USERREF USERNAME="sdouglas"/>
<USERREF USERNAME="jtropkoff"/>
<USERREF USERNAME="mgutierrez"/>
<USERREF USERNAME="lcollins"/>
<USERREF USERNAME="jlee"/>
<USERREF USERNAME="pgarcia"/>
<USERREF USERNAME="rgharib"/>
<USERREF USERNAME="vdimitropoulos"/>
<USERREF USERNAME="ucholewa"/>
<USERREF USERNAME="aevans"/>
<USERREF USERNAME="jorem"/>
<USERREF USERNAME="edelatorre"/>
<USERREF USERNAME="cwilliams"/>
<USERREF USERNAME="brivera"/>
<USERREF USERNAME="pjenkin"/>
<USERREF USERNAME="lsantana"/>
<USERREF USERNAME="wdiaz"/>
<USERREF USERNAME="lmorrison"/>
<USERREF USERNAME="mtupou"/>
<USERREF USERNAME="smartin"/>
<USERREF USERNAME="colson"/>
<USERREF USERNAME="vlaniosz"/>
<USERREF USERNAME="sratica"/>
<USERREF USERNAME="myoung"/>
<USERREF USERNAME="dnewman"/>
<USERREF USERNAME="rroth"/>
<USERREF USERNAME="nscott"/>
<USERREF USERNAME="dcohen"/>
<USERREF USERNAME="emihaltian"/>
<USERREF USERNAME="jwaibel"/>
<USERREF USERNAME="kthompson"/>
<USERREF USERNAME="mnobert"/>
<USERREF USERNAME="cmarrazzo"/>
<USERREF USERNAME="lchaput"/>
<USERREF USERNAME="jappel"/>
<USERREF USERNAME="agewirtzman"/>
<USERREF USERNAME="pwallace"/>
<USERREF USERNAME="jbaccouche"/>
<USERREF USERNAME="nsuarez"/>
<USERREF USERNAME="sunderhill"/>
<USERREF USERNAME="lmickolayck"/>
<USERREF USERNAME="kburk"/>
<USERREF USERNAME="awallace"/>
<USERREF USERNAME="ebarranco"/>
<USERREF USERNAME="bboyce"/>
<USERREF USERNAME="nmendez"/>
<USERREF USERNAME="ssmith"/>
<USERREF USERNAME="osoto-raices"/>
<USERREF USERNAME="pyamauchi"/>
<USERREF USERNAME="jrohner"/>
<USERREF USERNAME="dyetman"/>
<USERREF USERNAME="plee"/>
<USERREF USERNAME="cleonardi"/>
<USERREF USERNAME="bmccravey"/>
<USERREF USERNAME="mmccune"/>
<USERREF USERNAME="acauthen"/>
<USERREF USERNAME="gschmieder"/>
<USERREF USERNAME="lferris"/>
<USERREF USERNAME="ajarell"/>
<USERREF USERNAME="lgreen"/>
<USERREF USERNAME="jsoung"/>
<USERREF USERNAME="cteller"/>
<USERREF USERNAME="sgottlieb"/>
<USERREF USERNAME="awylie"/>
<USERREF USERNAME="amohammed"/>
<USERREF USERNAME="bmacdonald"/>
<USERREF USERNAME="cbarnes"/>
<USERREF USERNAME="dpariser"/>
<USERREF USERNAME="ktaylor"/>
<USERREF USERNAME="sjazayeri"/>
<USERREF USERNAME="ablauvelt"/>
<USERREF USERNAME="alugosomolinos"/>
<USERREF USERNAME="jcather"/>
<USERREF USERNAME="jtravers"/>
<USERREF USERNAME="sforman"/>
<USERREF USERNAME="bfox"/>
<USERREF USERNAME="brankin"/>
<USERREF USERNAME="sdhawan"/>
<USERREF USERNAME="jkaffenberger"/>
<USERREF USERNAME="rserrao"/>
<USERREF USERNAME="nrieth"/>
<USERREF USERNAME="sfretzin"/>
<USERREF USERNAME="kcallis-duffin"/>
<USERREF USERNAME="mfernandaduque"/>
<USERREF USERNAME="sdavis"/>
<USERREF USERNAME="zdraelos"/>
<USERREF USERNAME="aragan"/>
<USERREF USERNAME="cdigiulio"/>
<USERREF USERNAME="jbrandon"/>
<USERREF USERNAME="jgonzalez-chavez"/>
<USERREF USERNAME="cperez"/>
<USERREF USERNAME="twhite"/>
<USERREF USERNAME="rmagee"/>
<USERREF USERNAME="bcole"/>
<USERREF USERNAME="amerez-dejesus"/>
<USERREF USERNAME="ssanchez-rivera"/>
<USERREF USERNAME="dmaxwellshipp"/>
<USERREF USERNAME="lortega"/>
<USERREF USERNAME="bdiaz"/>
<USERREF USERNAME="etanghetti"/>
<USERREF USERNAME="mgiles"/>
<USERREF USERNAME="rramsey"/>
<USERREF USERNAME="swilliams"/>
</REPORTINGGROUP>

<REPORTINGGROUP
GROUPNAME="Sponsor Users"
GROUPDESCRIPTION="Sponsor Users">
<!-- Insert Users -->
<USERREF USERNAME="a608760"/>
<USERREF USERNAME="c244353"/>
<USERREF USERNAME="c233948"/>
<USERREF USERNAME="c179650"/>
<USERREF USERNAME="c228249"/>
<USERREF USERNAME="c256768"/>
<USERREF USERNAME="yex7972"/>
<USERREF USERNAME="yex7750"/>
<USERREF USERNAME="c2266799"/>
<USERREF USERNAME="c039863"/>
<USERREF USERNAME="c196683"/>
<USERREF USERNAME="c074090"/>
<USERREF USERNAME="v6x8058"/>
<USERREF USERNAME="c068502"/>
<USERREF USERNAME="c148827"/>
<USERREF USERNAME="c021984"/>
<USERREF USERNAME="c267072"/>
<USERREF USERNAME="c203058"/>
<USERREF USERNAME="c058698"/>
<USERREF USERNAME="dax99530"/>
<USERREF USERNAME="c149177"/>
<USERREF USERNAME="c244714"/>
<USERREF USERNAME="c075541"/>
<USERREF USERNAME="c166648"/>
<USERREF USERNAME="c135748"/>
<USERREF USERNAME="c025980"/>
<USERREF USERNAME="c194055"/>
<USERREF USERNAME="c071673"/>
<USERREF USERNAME="c249923"/>
<USERREF USERNAME="z1x0506"/>
<USERREF USERNAME="z1x0698"/>
<USERREF USERNAME="c243002"/>
<USERREF USERNAME="z2x5649"/>
<USERREF USERNAME="z218387"/>
<USERREF USERNAME="c232280"/>
<USERREF USERNAME="c234577"/>
<USERREF USERNAME="c200015"/>
<USERREF USERNAME="z2x6036"/>
<USERREF USERNAME="c273192"/>
<USERREF USERNAME="c241466"/>
<USERREF USERNAME="RM92911"/>
<USERREF USERNAME="i1fmcrhcr_RE"/>
<USERREF USERNAME="odm_user"/>
<USERREF USERNAME="c239422"/>
<USERREF USERNAME="z1x2075"/>
<USERREF USERNAME="c214647"/>
<USERREF USERNAME="c243493"/>
<USERREF USERNAME="z3x1553"/>
<USERREF USERNAME="c234576"/>
<USERREF USERNAME="z1x1826"/>
<USERREF USERNAME="C149066"/>
<USERREF USERNAME="c017835"/>
<USERREF USERNAME="c149066"/>
<USERREF USERNAME="c241301"/>
<USERREF USERNAME="c274708"/>
<USERREF USERNAME="c137396"/>
<USERREF USERNAME="a701824"/>
<USERREF USERNAME="c074429"/>
<USERREF USERNAME="c083101"/>
<USERREF USERNAME="c269330"/>
<USERREF USERNAME="c243031"/>
<USERREF USERNAME="c243032"/>
<USERREF USERNAME="c228246"/>
<USERREF USERNAME="c243049"/>
<USERREF USERNAME="rm89018"/>
<USERREF USERNAME="c228248"/>
<USERREF USERNAME="c243030"/>
<USERREF USERNAME="c243048"/>
<USERREF USERNAME="c257199"/>
<USERREF USERNAME="c202987"/>
<USERREF USERNAME="c199642"/>
<USERREF USERNAME="c189327"/>
<USERREF USERNAME="c206270"/>
<USERREF USERNAME="yex7614"/>
<USERREF USERNAME="yex7920"/>
<USERREF USERNAME="c100415"/>
<USERREF USERNAME="rm35504"/>
<USERREF USERNAME="c227019"/>
<USERREF USERNAME="z2x7245"/>
<USERREF USERNAME="z2x2090"/>
<USERREF USERNAME="z1x0687"/>
<USERREF USERNAME="z1x1821"/>
<USERREF USERNAME="z1x1819"/>
<USERREF USERNAME="z1x5621"/>
<USERREF USERNAME="c239136"/>
<USERREF USERNAME="z1x2750"/>
<USERREF USERNAME="c253180"/>
<USERREF USERNAME="c243490"/>
<USERREF USERNAME="c253179"/>
<USERREF USERNAME="c226977"/>
<USERREF USERNAME="c244597"/>
<USERREF USERNAME="c230206"/>
<USERREF USERNAME="C017835"/>
<USERREF USERNAME="rm92911"/>
<USERREF USERNAME="c243050"/>
<USERREF USERNAME="c228247"/>
<USERREF USERNAME="c243054"/>
<USERREF USERNAME="c257195"/>
<USERREF USERNAME="c206591"/>
<USERREF USERNAME="ye91098"/>
<USERREF USERNAME="yex8021"/>
<USERREF USERNAME="c228250"/>
<USERREF USERNAME="yex7231"/>
<USERREF USERNAME="ye73456"/>
<USERREF USERNAME="c143125"/>
<USERREF USERNAME="c229508"/>
<USERREF USERNAME="c242122"/>
<USERREF USERNAME="c261407"/>
<USERREF USERNAME="c240166"/>
<USERREF USERNAME="rm37825"/>
<USERREF USERNAME="c265139"/>
<USERREF USERNAME="c131994"/>
<USERREF USERNAME="c252078"/>
<USERREF USERNAME="c060736"/>
<USERREF USERNAME="c090108"/>
<USERREF USERNAME="a015765"/>
<USERREF USERNAME="c247616"/>
<USERREF USERNAME="c085302"/>
<USERREF USERNAME="c068505"/>
<USERREF USERNAME="u7X4333"/>
<USERREF USERNAME="c249885"/>
<USERREF USERNAME="c039853"/>
<USERREF USERNAME="c069132"/>
<USERREF USERNAME="rm87794"/>
<USERREF USERNAME="c252435"/>
<USERREF USERNAME="c243001"/>
<USERREF USERNAME="c225835"/>
<USERREF USERNAME="c232958"/>
<USERREF USERNAME="c243003"/>
<USERREF USERNAME="coder_query"/>
<USERREF USERNAME="cc_auth"/>
<USERREF USERNAME="ZPFralorico"/>
<USERREF USERNAME="ZPFmandone"/>
<USERREF USERNAME="ZPFvbalint"/>
<USERREF USERNAME="viktor.balint@oracle.com"/>
<USERREF USERNAME="ZPFmcabuhayan"/>
<USERREF USERNAME="ZPFkcco"/>
<USERREF USERNAME="jose.coronel@oracle.com"/>
<USERREF USERNAME="ZPFjcoronel"/>
<USERREF USERNAME="ZPFedervishaj"/>
<USERREF USERNAME="aungie.donio@oracle.com"/>
<USERREF USERNAME="ZPFadonio"/>
<USERREF USERNAME="ZPFrducusin"/>
<USERREF USERNAME="ZPFoely"/>
<USERREF USERNAME="ZPFcescultura"/>
<USERREF USERNAME="CRISTINE.ESCULTURA@ORACLE.COM"/>
<USERREF USERNAME="ZPFmgallindez"/>
<USERREF USERNAME="mar.gallindez@oracle.com"/>
<USERREF USERNAME="ZPFbgonzalez"/>
<USERREF USERNAME="ZPFehagymasi"/>
<USERREF USERNAME="ZPFtishizuka"/>
<USERREF USERNAME="toshiomi.ishizuka@oracle.com"/>
<USERREF USERNAME="ZPFbjuhasz"/>
<USERREF USERNAME="ZPFdkawashima"/>
<USERREF USERNAME="dai.kawashima@oracle.com"/>
<USERREF USERNAME="anna.kisfaludy@oracle.com"/>
<USERREF USERNAME="ZPFakisfaludy"/>
<USERREF USERNAME="ZPFekosa"/>
<USERREF USERNAME="ZPFmlalangan"/>
<USERREF USERNAME="ZPFlmate"/>
<USERREF USERNAME="ZPFnmiklosi"/>
<USERREF USERNAME="norbert.miklosi@oracle.com"/>
<USERREF USERNAME="viktoria.molnar@oracle.com"/>
<USERREF USERNAME="ZPFvmolnar"/>
<USERREF USERNAME="petra.more@oracle.com"/>
<USERREF USERNAME="ZPFpmore"/>
<USERREF USERNAME="ZPFdnagy"/>
<USERREF USERNAME="ZPFanakai"/>
<USERREF USERNAME="akihiro.nakai@oracle.com"/>
<USERREF USERNAME="ZPFhnarwan"/>
<USERREF USERNAME="ZPFrpadilla"/>
<USERREF USERNAME="ZPFpsafar"/>
<USERREF USERNAME="peter.safar@oracle.com"/>
<USERREF USERNAME="ZPFiszabo"/>
<USERREF USERNAME="ZPFdszerencses"/>
<USERREF USERNAME="david.szerencses@oracle.com"/>
<USERREF USERNAME="ZPFmtiamzon"/>
<USERREF USERNAME="mate.tolgyesi@oracle.com"/>
<USERREF USERNAME="ZPFmtolgyesi"/>
<USERREF USERNAME="akos.toth@oracle.com"/>
<USERREF USERNAME="ZPFaktoth"/>
<USERREF USERNAME="ZPFpvallar"/>
<USERREF USERNAME="ZPFawarsama"/>
<USERREF USERNAME="ZPFmzsoldos"/>
<USERREF USERNAME="mate.zsoldos@oracle.com"/>
<USERREF USERNAME="c274285"/>
<USERREF USERNAME="c235646"/>
<USERREF USERNAME="c074342"/>
<USERREF USERNAME="c149470"/>
<USERREF USERNAME="c196248"/>
<USERREF USERNAME="c223292"/>
<USERREF USERNAME="c257193"/>
<USERREF USERNAME="c257194"/>
</REPORTINGGROUP>

<REPORTINGGROUP
GROUPNAME="User Admin Info Data Users"
GROUPDESCRIPTION="Users who have access to user data including password related data">
<!-- Insert Users -->
<USERREF USERNAME="c269330"/>
<USERREF USERNAME="c243031"/>
<USERREF USERNAME="c243032"/>
<USERREF USERNAME="c228246"/>
<USERREF USERNAME="c243049"/>
<USERREF USERNAME="rm89018"/>
<USERREF USERNAME="a608760"/>
<USERREF USERNAME="u7X4333"/>
<USERREF USERNAME="c249885"/>
<USERREF USERNAME="c039853"/>
<USERREF USERNAME="c069132"/>
<USERREF USERNAME="rm87794"/>
<USERREF USERNAME="c252435"/>
<USERREF USERNAME="c243001"/>
<USERREF USERNAME="c225835"/>
<USERREF USERNAME="c232958"/>
<USERREF USERNAME="c243003"/>
<USERREF USERNAME="c244353"/>
<USERREF USERNAME="c233948"/>
<USERREF USERNAME="c179650"/>
<USERREF USERNAME="c228249"/>
<USERREF USERNAME="c256768"/>
<USERREF USERNAME="yex7972"/>
<USERREF USERNAME="yex7750"/>
<USERREF USERNAME="c2266799"/>
<USERREF USERNAME="c039863"/>
<USERREF USERNAME="c196683"/>
<USERREF USERNAME="c074090"/>
<USERREF USERNAME="v6x8058"/>
<USERREF USERNAME="c068502"/>
<USERREF USERNAME="c148827"/>
<USERREF USERNAME="c021984"/>
<USERREF USERNAME="c267072"/>
<USERREF USERNAME="c203058"/>
<USERREF USERNAME="c058698"/>
<USERREF USERNAME="dax99530"/>
<USERREF USERNAME="c149177"/>
<USERREF USERNAME="c244714"/>
<USERREF USERNAME="c075541"/>
<USERREF USERNAME="c166648"/>
<USERREF USERNAME="c135748"/>
<USERREF USERNAME="c025980"/>
<USERREF USERNAME="c194055"/>
<USERREF USERNAME="c071673"/>
<USERREF USERNAME="c249923"/>
<USERREF USERNAME="z1x0506"/>
<USERREF USERNAME="z1x0698"/>
<USERREF USERNAME="c243002"/>
<USERREF USERNAME="z2x5649"/>
<USERREF USERNAME="z218387"/>
<USERREF USERNAME="c232280"/>
<USERREF USERNAME="c234577"/>
<USERREF USERNAME="c200015"/>
<USERREF USERNAME="z2x6036"/>
<USERREF USERNAME="c273192"/>
<USERREF USERNAME="c241466"/>
<USERREF USERNAME="i1fmcrhcr_RE"/>
<USERREF USERNAME="c239422"/>
<USERREF USERNAME="z1x2075"/>
<USERREF USERNAME="c214647"/>
<USERREF USERNAME="c243493"/>
<USERREF USERNAME="z3x1553"/>
<USERREF USERNAME="c234576"/>
<USERREF USERNAME="z1x1826"/>
<USERREF USERNAME="c149066"/>
<USERREF USERNAME="c241301"/>
<USERREF USERNAME="c274708"/>
<USERREF USERNAME="c137396"/>
<USERREF USERNAME="a701824"/>
<USERREF USERNAME="c074429"/>
<USERREF USERNAME="c083101"/>
<USERREF USERNAME="ZPFmtolgyesi"/>
<USERREF USERNAME="akos.toth@oracle.com"/>
<USERREF USERNAME="ZPFaktoth"/>
<USERREF USERNAME="ZPFpvallar"/>
<USERREF USERNAME="ZPFawarsama"/>
<USERREF USERNAME="ZPFmzsoldos"/>
<USERREF USERNAME="mate.zsoldos@oracle.com"/>
<USERREF USERNAME="c274285"/>
<USERREF USERNAME="c235646"/>
<USERREF USERNAME="c074342"/>
<USERREF USERNAME="c149470"/>
<USERREF USERNAME="c196248"/>
<USERREF USERNAME="c223292"/>
<USERREF USERNAME="c257193"/>
<USERREF USERNAME="c257194"/>
<USERREF USERNAME="c228248"/>
<USERREF USERNAME="c243030"/>
<USERREF USERNAME="c243048"/>
<USERREF USERNAME="c257199"/>
<USERREF USERNAME="c202987"/>
<USERREF USERNAME="c199642"/>
<USERREF USERNAME="c189327"/>
<USERREF USERNAME="c206270"/>
<USERREF USERNAME="yex7614"/>
<USERREF USERNAME="yex7920"/>
<USERREF USERNAME="c100415"/>
<USERREF USERNAME="rm35504"/>
<USERREF USERNAME="c227019"/>
<USERREF USERNAME="z2x7245"/>
<USERREF USERNAME="z2x2090"/>
<USERREF USERNAME="z1x0687"/>
<USERREF USERNAME="z1x1821"/>
<USERREF USERNAME="z1x1819"/>
<USERREF USERNAME="c239136"/>
<USERREF USERNAME="z1x2750"/>
<USERREF USERNAME="c243490"/>
<USERREF USERNAME="c226977"/>
<USERREF USERNAME="c244597"/>
<USERREF USERNAME="c230206"/>
<USERREF USERNAME="c243050"/>
<USERREF USERNAME="c228247"/>
<USERREF USERNAME="c243054"/>
<USERREF USERNAME="c257195"/>
<USERREF USERNAME="c206591"/>
<USERREF USERNAME="ye91098"/>
<USERREF USERNAME="yex8021"/>
<USERREF USERNAME="c228250"/>
<USERREF USERNAME="yex7231"/>
<USERREF USERNAME="ye73456"/>
<USERREF USERNAME="c143125"/>
<USERREF USERNAME="c229508"/>
<USERREF USERNAME="c242122"/>
<USERREF USERNAME="c261407"/>
<USERREF USERNAME="c240166"/>
<USERREF USERNAME="rm37825"/>
<USERREF USERNAME="c265139"/>
<USERREF USERNAME="c131994"/>
<USERREF USERNAME="c252078"/>
<USERREF USERNAME="c060736"/>
<USERREF USERNAME="c090108"/>
<USERREF USERNAME="a015765"/>
<USERREF USERNAME="c247616"/>
<USERREF USERNAME="c085302"/>
<USERREF USERNAME="c068505"/>
<USERREF USERNAME="ZPFralorico"/>
<USERREF USERNAME="ZPFmandone"/>
<USERREF USERNAME="ZPFvbalint"/>
<USERREF USERNAME="viktor.balint@oracle.com"/>
<USERREF USERNAME="ZPFmcabuhayan"/>
<USERREF USERNAME="ZPFkcco"/>
<USERREF USERNAME="jose.coronel@oracle.com"/>
<USERREF USERNAME="ZPFjcoronel"/>
<USERREF USERNAME="ZPFedervishaj"/>
<USERREF USERNAME="aungie.donio@oracle.com"/>
<USERREF USERNAME="ZPFadonio"/>
<USERREF USERNAME="ZPFrducusin"/>
<USERREF USERNAME="ZPFoely"/>
<USERREF USERNAME="ZPFcescultura"/>
<USERREF USERNAME="CRISTINE.ESCULTURA@ORACLE.COM"/>
<USERREF USERNAME="ZPFmgallindez"/>
<USERREF USERNAME="mar.gallindez@oracle.com"/>
<USERREF USERNAME="ZPFbgonzalez"/>
<USERREF USERNAME="ZPFehagymasi"/>
<USERREF USERNAME="ZPFtishizuka"/>
<USERREF USERNAME="toshiomi.ishizuka@oracle.com"/>
<USERREF USERNAME="ZPFbjuhasz"/>
<USERREF USERNAME="ZPFdkawashima"/>
<USERREF USERNAME="dai.kawashima@oracle.com"/>
<USERREF USERNAME="anna.kisfaludy@oracle.com"/>
<USERREF USERNAME="ZPFakisfaludy"/>
<USERREF USERNAME="ZPFekosa"/>
<USERREF USERNAME="ZPFmlalangan"/>
<USERREF USERNAME="ZPFlmate"/>
<USERREF USERNAME="ZPFnmiklosi"/>
<USERREF USERNAME="norbert.miklosi@oracle.com"/>
<USERREF USERNAME="viktoria.molnar@oracle.com"/>
<USERREF USERNAME="ZPFvmolnar"/>
<USERREF USERNAME="petra.more@oracle.com"/>
<USERREF USERNAME="ZPFpmore"/>
<USERREF USERNAME="ZPFdnagy"/>
<USERREF USERNAME="ZPFanakai"/>
<USERREF USERNAME="akihiro.nakai@oracle.com"/>
<USERREF USERNAME="ZPFhnarwan"/>
<USERREF USERNAME="ZPFrpadilla"/>
<USERREF USERNAME="ZPFpsafar"/>
<USERREF USERNAME="peter.safar@oracle.com"/>
<USERREF USERNAME="ZPFiszabo"/>
<USERREF USERNAME="ZPFdszerencses"/>
<USERREF USERNAME="david.szerencses@oracle.com"/>
<USERREF USERNAME="ZPFmtiamzon"/>
<USERREF USERNAME="mate.tolgyesi@oracle.com"/>
</REPORTINGGROUP>

<REPORTINGGROUP
GROUPNAME="User Info Data Users"
GROUPDESCRIPTION="Users who have access to user data except password related data">
<!-- Insert Users -->
<USERREF USERNAME="yex7750"/>
<USERREF USERNAME="c2266799"/>
<USERREF USERNAME="c039863"/>
<USERREF USERNAME="c196683"/>
<USERREF USERNAME="c074090"/>
<USERREF USERNAME="v6x8058"/>
<USERREF USERNAME="c068502"/>
<USERREF USERNAME="c148827"/>
<USERREF USERNAME="c021984"/>
<USERREF USERNAME="c267072"/>
<USERREF USERNAME="c203058"/>
<USERREF USERNAME="c058698"/>
<USERREF USERNAME="dax99530"/>
<USERREF USERNAME="c149177"/>
<USERREF USERNAME="c244714"/>
<USERREF USERNAME="c075541"/>
<USERREF USERNAME="c166648"/>
<USERREF USERNAME="c135748"/>
<USERREF USERNAME="c025980"/>
<USERREF USERNAME="c194055"/>
<USERREF USERNAME="c071673"/>
<USERREF USERNAME="c249923"/>
<USERREF USERNAME="c149066"/>
<USERREF USERNAME="c137396"/>
<USERREF USERNAME="a701824"/>
<USERREF USERNAME="c074429"/>
<USERREF USERNAME="c083101"/>
<USERREF USERNAME="c269330"/>
<USERREF USERNAME="c243031"/>
<USERREF USERNAME="c243032"/>
<USERREF USERNAME="c228246"/>
<USERREF USERNAME="c243049"/>
<USERREF USERNAME="rm89018"/>
<USERREF USERNAME="a608760"/>
<USERREF USERNAME="c074342"/>
<USERREF USERNAME="c149470"/>
<USERREF USERNAME="c196248"/>
<USERREF USERNAME="c223292"/>
<USERREF USERNAME="c257193"/>
<USERREF USERNAME="c257194"/>
<USERREF USERNAME="c228248"/>
<USERREF USERNAME="c243030"/>
<USERREF USERNAME="c243048"/>
<USERREF USERNAME="c257199"/>
<USERREF USERNAME="c202987"/>
<USERREF USERNAME="c199642"/>
<USERREF USERNAME="c189327"/>
<USERREF USERNAME="c206270"/>
<USERREF USERNAME="yex7614"/>
<USERREF USERNAME="yex7920"/>
<USERREF USERNAME="c100415"/>
<USERREF USERNAME="rm35504"/>
<USERREF USERNAME="c243050"/>
<USERREF USERNAME="c228247"/>
<USERREF USERNAME="c243054"/>
<USERREF USERNAME="c257195"/>
<USERREF USERNAME="c206591"/>
<USERREF USERNAME="ye91098"/>
<USERREF USERNAME="yex8021"/>
<USERREF USERNAME="c228250"/>
<USERREF USERNAME="yex7231"/>
<USERREF USERNAME="ye73456"/>
<USERREF USERNAME="c143125"/>
<USERREF USERNAME="rm37825"/>
<USERREF USERNAME="c265139"/>
<USERREF USERNAME="c131994"/>
<USERREF USERNAME="c252078"/>
<USERREF USERNAME="c060736"/>
<USERREF USERNAME="c090108"/>
<USERREF USERNAME="a015765"/>
<USERREF USERNAME="c247616"/>
<USERREF USERNAME="c085302"/>
<USERREF USERNAME="c068505"/>
<USERREF USERNAME="u7X4333"/>
<USERREF USERNAME="c249885"/>
<USERREF USERNAME="c039853"/>
<USERREF USERNAME="c069132"/>
<USERREF USERNAME="rm87794"/>
<USERREF USERNAME="c228249"/>
<USERREF USERNAME="c256768"/>
<USERREF USERNAME="yex7972"/>
</REPORTINGGROUP>

</MEDMLDATA>