<?xml version="1.0"?>
<MEDMLDATA xmlns="PhaseForward-MedML-Inform4">


<SITE  NAME="(313) Dr Chih-Ho Hong Medical Inc"    MNEMONIC="313"
ADDRESS="20-15300 105 Ave"
COUNTRY="CANADA"
PHONE="16049531333"
ALTPHONE="1"
FAX="1"
TIMEZONE="Pacific Standard Time"
SITEDATEFORMAT="DAY_MONTH_YEAR"
STARTDATE="11/02/2018"
STUDYLOCALE="en-US"
SVAUTOSELECTRATE="100"
SVFIRSTNSUBJECTS="100"
/>


<SITE  NAME="(312) Enverus Medical Research"    MNEMONIC="312"
ADDRESS="13737 96 Avenue Suite 603"
COUNTRY="CANADA"
PHONE="16044958278"
ALTPHONE="1"
FAX="1"
TIMEZONE="Pacific Standard Time"
SITEDATEFORMAT="DAY_MONTH_YEAR"
STARTDATE="11/02/2018"
STUDYLOCALE="en-US"
SVAUTOSELECTRATE="100"
SVFIRSTNSUBJECTS="100"
/>


<SITE  NAME="(308) Stratica Medical"    MNEMONIC="308"
ADDRESS="10140 117 St NW Suite 200"
COUNTRY="CANADA"
PHONE="17804285554"
ALTPHONE="1"
FAX="1"
TIMEZONE="Mountain Standard Time"
SITEDATEFORMAT="DAY_MONTH_YEAR"
STARTDATE="11/02/2018"
STUDYLOCALE="en-US"
SVAUTOSELECTRATE="100"
SVFIRSTNSUBJECTS="100"
/>


<SITE  NAME="(306) Institute For Skin Advancement Inc"    MNEMONIC="306"
ADDRESS="Number 206 4935 40th Ave"
COUNTRY="CANADA"
PHONE="14032844222"
ALTPHONE="1"
FAX="1"
TIMEZONE="Mountain Standard Time"
SITEDATEFORMAT="DAY_MONTH_YEAR"
STARTDATE="11/02/2018"
STUDYLOCALE="en-US"
SVAUTOSELECTRATE="100"
SVFIRSTNSUBJECTS="100"
/>


<SITE  NAME="(305) Kirk Barber Research"    MNEMONIC="305"
ADDRESS="1100 1st Street SE Suite 510"
COUNTRY="CANADA"
PHONE="14032995821"
ALTPHONE="1"
FAX="1"
TIMEZONE="Mountain Standard Time"
SITEDATEFORMAT="DAY_MONTH_YEAR"
STARTDATE="11/02/2018"
STUDYLOCALE="en-US"
SVAUTOSELECTRATE="100"
SVFIRSTNSUBJECTS="100"
/>


<SITE  NAME="(316) Wiseman Dermatology Research Inc"    MNEMONIC="316"
ADDRESS="6-1170 Taylor Avenue"
COUNTRY="CANADA"
PHONE="12049425286"
ALTPHONE="1"
FAX="1"
TIMEZONE="Central Standard Time"
SITEDATEFORMAT="DAY_MONTH_YEAR"
STARTDATE="11/02/2018"
STUDYLOCALE="en-US"
SVAUTOSELECTRATE="100"
SVFIRSTNSUBJECTS="100"
/>


<SITE  NAME="(310) Mediprobe Research Inc"    MNEMONIC="310"
ADDRESS="645 Windermere Road Suite 6"
COUNTRY="CANADA"
PHONE="15196574222"
ALTPHONE="1"
FAX="1"
TIMEZONE="Eastern Standard Time"
SITEDATEFORMAT="DAY_MONTH_YEAR"
STARTDATE="11/02/2018"
STUDYLOCALE="en-US"
SVAUTOSELECTRATE="100"
SVFIRSTNSUBJECTS="100"
/>


<SITE  NAME="(304) Skin Centre for Dermatology"    MNEMONIC="304"
ADDRESS="775 Monaghan Road"
COUNTRY="CANADA"
PHONE="17058741533"
ALTPHONE="1"
FAX="1"
TIMEZONE="Eastern Standard Time"
SITEDATEFORMAT="DAY_MONTH_YEAR"
STARTDATE="11/02/2018"
STUDYLOCALE="en-US"
SVAUTOSELECTRATE="100"
SVFIRSTNSUBJECTS="100"
/>


<SITE  NAME="(319) K Papp Clincal Research Inc"    MNEMONIC="319"
ADDRESS="135 Union Street"
COUNTRY="CANADA"
PHONE="15195799535"
ALTPHONE="1"
FAX="1"
TIMEZONE="Eastern Standard Time"
SITEDATEFORMAT="DAY_MONTH_YEAR"
STARTDATE="11/02/2018"
STUDYLOCALE="en-US"
SVAUTOSELECTRATE="100"
SVFIRSTNSUBJECTS="100"
/>


<SITE  NAME="(318) Lynderm Research Inc"    MNEMONIC="318"
ADDRESS="25 Main Street Markham North"
COUNTRY="CANADA"
PHONE="19054718011"
ALTPHONE="1"
FAX="1"
TIMEZONE="Eastern Standard Time"
SITEDATEFORMAT="DAY_MONTH_YEAR"
STARTDATE="11/02/2018"
STUDYLOCALE="en-US"
SVAUTOSELECTRATE="100"
SVFIRSTNSUBJECTS="100"
/>


<SITE  NAME="(317) DermEdge Research Inc"    MNEMONIC="317"
ADDRESS="333 Lakeshore Road West"
COUNTRY="CANADA"
PHONE="19052749999"
ALTPHONE="1"
FAX="1"
TIMEZONE="Eastern Standard Time"
SITEDATEFORMAT="DAY_MONTH_YEAR"
STARTDATE="11/02/2018"
STUDYLOCALE="en-US"
SVAUTOSELECTRATE="100"
SVFIRSTNSUBJECTS="100"
/>


<SITE  NAME="(315) The Centre for Dermatology and Cosmetic Surgery"    MNEMONIC="315"
ADDRESS="312 Highway 7 East"
COUNTRY="CANADA"
PHONE="19058892005"
ALTPHONE="1"
FAX="1"
TIMEZONE="Eastern Standard Time"
SITEDATEFORMAT="DAY_MONTH_YEAR"
STARTDATE="11/02/2018"
STUDYLOCALE="en-US"
SVAUTOSELECTRATE="100"
SVFIRSTNSUBJECTS="100"
/>


<SITE  NAME="(314) Q and T Research Sherbrooke Inc"    MNEMONIC="314"
ADDRESS="2185 King West Suite 101"
COUNTRY="CANADA"
PHONE="18195626374"
ALTPHONE="1"
FAX="1"
TIMEZONE="Eastern Standard Time"
SITEDATEFORMAT="DAY_MONTH_YEAR"
STARTDATE="11/02/2018"
STUDYLOCALE="en-US"
SVAUTOSELECTRATE="100"
SVFIRSTNSUBJECTS="100"
/>


<SITE  NAME="(309) Guenther Research Inc"    MNEMONIC="309"
ADDRESS="835 Richmond Street"
COUNTRY="CANADA"
PHONE="15194350127"
ALTPHONE="1"
FAX="1"
TIMEZONE="Eastern Standard Time"
SITEDATEFORMAT="DAY_MONTH_YEAR"
STARTDATE="11/02/2018"
STUDYLOCALE="en-US"
SVAUTOSELECTRATE="100"
SVFIRSTNSUBJECTS="100"
/>


<SITE  NAME="(307) Dr Isabelle Delorme Inc"    MNEMONIC="307"
ADDRESS="350 St Jean Suite 130"
COUNTRY="CANADA"
PHONE="18198503790"
ALTPHONE="1"
FAX="1"
TIMEZONE="Eastern Standard Time"
SITEDATEFORMAT="DAY_MONTH_YEAR"
STARTDATE="11/02/2018"
STUDYLOCALE="en-US"
SVAUTOSELECTRATE="100"
SVFIRSTNSUBJECTS="100"
/>


<SITE  NAME="(303) North Bay Dermatology Centre Inc"    MNEMONIC="303"
ADDRESS="500 Cassells Street"
COUNTRY="CANADA"
PHONE="17054764539"
ALTPHONE="1"
FAX="1"
TIMEZONE="Eastern Standard Time"
SITEDATEFORMAT="DAY_MONTH_YEAR"
STARTDATE="11/02/2018"
STUDYLOCALE="en-US"
SVAUTOSELECTRATE="100"
SVFIRSTNSUBJECTS="100"
/>


<SITE  NAME="(302) INNOVADERM Research Inc"    MNEMONIC="302"
ADDRESS="1851 Sherbrooke St East"
COUNTRY="CANADA"
PHONE="15145214285"
ALTPHONE="1"
FAX="1"
TIMEZONE="Eastern Standard Time"
SITEDATEFORMAT="DAY_MONTH_YEAR"
STARTDATE="11/02/2018"
STUDYLOCALE="en-US"
SVAUTOSELECTRATE="100"
SVFIRSTNSUBJECTS="100"
/>


<SITE  NAME="(301) Dermatrials Research Inc"    MNEMONIC="301"
ADDRESS="25 Charlton Ave East Suite 707"
COUNTRY="CANADA"
PHONE="19055240012"
ALTPHONE="1"
FAX="1"
TIMEZONE="Eastern Standard Time"
SITEDATEFORMAT="DAY_MONTH_YEAR"
STARTDATE="11/02/2018"
STUDYLOCALE="en-US"
SVAUTOSELECTRATE="100"
SVFIRSTNSUBJECTS="100"
/>


<SITE  NAME="(300) Eastern Canada Cutaneous Research Associates Ltd"    MNEMONIC="300"
ADDRESS="6054 Coburg Rd B3H 1Z2"
COUNTRY="CANADA"
PHONE="19024258038"
ALTPHONE="1"
FAX="1"
TIMEZONE="Atlantic Standard Time"
SITEDATEFORMAT="DAY_MONTH_YEAR"
STARTDATE="11/02/2018"
STUDYLOCALE="en-US"
SVAUTOSELECTRATE="100"
SVFIRSTNSUBJECTS="100"
/>


<SITE  NAME="(311) Karma Clinical Trials Inc"    MNEMONIC="311"
ADDRESS="63 Airport Rd"
COUNTRY="CANADA"
PHONE="17097397669"
ALTPHONE="1"
FAX="1"
TIMEZONE="Newfoundland Standard Time"
SITEDATEFORMAT="DAY_MONTH_YEAR"
STARTDATE="11/02/2018"
STUDYLOCALE="en-US"
SVAUTOSELECTRATE="100"
SVFIRSTNSUBJECTS="100"
/>


<SITE  NAME="(200) Synergy Dermatology"    MNEMONIC="200"
ADDRESS="595 Buckingham Way Suite 220"
COUNTRY="UNITED STATES"
PHONE="14153330348"
ALTPHONE="1"
FAX="1"
TIMEZONE="Pacific Standard Time"
SITEDATEFORMAT="DAY_MONTH_YEAR"
STARTDATE="11/02/2018"
STUDYLOCALE="en-US"
SVAUTOSELECTRATE="100"
SVFIRSTNSUBJECTS="100"
/>


<SITE  NAME="(197) Northern California Research"    MNEMONIC="197"
ADDRESS="3840 Watt Avenue Building E"
COUNTRY="UNITED STATES"
PHONE="19163923655"
ALTPHONE="1"
FAX="1"
TIMEZONE="Pacific Standard Time"
SITEDATEFORMAT="DAY_MONTH_YEAR"
STARTDATE="11/02/2018"
STUDYLOCALE="en-US"
SVAUTOSELECTRATE="100"
SVFIRSTNSUBJECTS="100"
/>


<SITE  NAME="(196) Clinical Science Institute"    MNEMONIC="196"
ADDRESS="2001 Santa Monica Blvd"
COUNTRY="UNITED STATES"
PHONE="13108288887"
ALTPHONE="1"
FAX="1"
TIMEZONE="Pacific Standard Time"
SITEDATEFORMAT="DAY_MONTH_YEAR"
STARTDATE="11/02/2018"
STUDYLOCALE="en-US"
SVAUTOSELECTRATE="100"
SVFIRSTNSUBJECTS="100"
/>


<SITE  NAME="(194) Center for Dermatology and Laser Surgery"    MNEMONIC="194"
ADDRESS="5601 J Street"
COUNTRY="UNITED STATES"
PHONE="19164545922"
ALTPHONE="1"
FAX="1"
TIMEZONE="Pacific Standard Time"
SITEDATEFORMAT="DAY_MONTH_YEAR"
STARTDATE="11/02/2018"
STUDYLOCALE="en-US"
SVAUTOSELECTRATE="100"
SVFIRSTNSUBJECTS="100"
/>


<SITE  NAME="(192) California Dermatology and Clinical Research Institute"    MNEMONIC="192"
ADDRESS="561 Saxony Place Suite 102"
COUNTRY="UNITED STATES"
PHONE="17602033839"
ALTPHONE="1"
FAX="1"
TIMEZONE="Pacific Standard Time"
SITEDATEFORMAT="DAY_MONTH_YEAR"
STARTDATE="11/02/2018"
STUDYLOCALE="en-US"
SVAUTOSELECTRATE="100"
SVFIRSTNSUBJECTS="100"
/>


<SITE  NAME="(191) Medical Center For Clinical Research"    MNEMONIC="191"
ADDRESS="9040 Friars Road Suite 540"
COUNTRY="UNITED STATES"
PHONE="16195212830"
ALTPHONE="1"
FAX="1"
TIMEZONE="Pacific Standard Time"
SITEDATEFORMAT="DAY_MONTH_YEAR"
STARTDATE="11/02/2018"
STUDYLOCALE="en-US"
SVAUTOSELECTRATE="100"
SVFIRSTNSUBJECTS="100"
/>


<SITE  NAME="(185) Dermatology Associates of Seattle"    MNEMONIC="185"
ADDRESS="1730 Minor Avenue Suite 1000"
COUNTRY="UNITED STATES"
PHONE="12063150377"
ALTPHONE="1"
FAX="1"
TIMEZONE="Pacific Standard Time"
SITEDATEFORMAT="DAY_MONTH_YEAR"
STARTDATE="11/02/2018"
STUDYLOCALE="en-US"
SVAUTOSELECTRATE="100"
SVFIRSTNSUBJECTS="100"
/>


<SITE  NAME="(184) Unison Clinical Trials"    MNEMONIC="184"
ADDRESS="4955 Van Nuys Blvd. 200"
COUNTRY="UNITED STATES"
PHONE="18189811555"
ALTPHONE="1"
FAX="1"
TIMEZONE="Pacific Standard Time"
SITEDATEFORMAT="DAY_MONTH_YEAR"
STARTDATE="11/02/2018"
STUDYLOCALE="en-US"
SVAUTOSELECTRATE="100"
SVFIRSTNSUBJECTS="100"
/>


<SITE  NAME="(183) Axis Clinical Trials"    MNEMONIC="183"
ADDRESS="5800 Wilshire Boulevard"
COUNTRY="UNITED STATES"
PHONE="13102898242"
ALTPHONE="1"
FAX="1"
TIMEZONE="Pacific Standard Time"
SITEDATEFORMAT="DAY_MONTH_YEAR"
STARTDATE="11/02/2018"
STUDYLOCALE="en-US"
SVAUTOSELECTRATE="100"
SVFIRSTNSUBJECTS="100"
/>


<SITE  NAME="(211) Dermatology of Seattle"    MNEMONIC="211"
ADDRESS="13610 1st Avenue South"
COUNTRY="UNITED STATES"
PHONE="12069574085"
ALTPHONE="1"
FAX="1"
TIMEZONE="Pacific Standard Time"
SITEDATEFORMAT="DAY_MONTH_YEAR"
STARTDATE="11/02/2018"
STUDYLOCALE="en-US"
SVAUTOSELECTRATE="100"
SVFIRSTNSUBJECTS="100"
/>


<SITE  NAME="(168) Madkan Dermatology"    MNEMONIC="168"
ADDRESS="1821 Wilshire Blvd Ste 550"
COUNTRY="UNITED STATES"
PHONE="13104533101"
ALTPHONE="1"
FAX="1"
TIMEZONE="Pacific Standard Time"
SITEDATEFORMAT="DAY_MONTH_YEAR"
STARTDATE="11/02/2018"
STUDYLOCALE="en-US"
SVAUTOSELECTRATE="100"
SVFIRSTNSUBJECTS="100"
/>


<SITE  NAME="(167) Bakersfield Dermatology and Skin Cancer Medical Group"    MNEMONIC="167"
ADDRESS="5101 Commerce Drive Suite 101"
COUNTRY="UNITED STATES"
PHONE="16613273756"
ALTPHONE="1"
FAX="1"
TIMEZONE="Pacific Standard Time"
SITEDATEFORMAT="DAY_MONTH_YEAR"
STARTDATE="11/02/2018"
STUDYLOCALE="en-US"
SVAUTOSELECTRATE="100"
SVFIRSTNSUBJECTS="100"
/>


<SITE  NAME="(110) Center for Dermatology Clinical Research"    MNEMONIC="110"
ADDRESS="2557 Mowry Ave Suite 21 and 25"
COUNTRY="UNITED STATES"
PHONE="15107974111"
ALTPHONE="1"
FAX="1"
TIMEZONE="Pacific Standard Time"
SITEDATEFORMAT="DAY_MONTH_YEAR"
STARTDATE="11/02/2018"
STUDYLOCALE="en-US"
SVAUTOSELECTRATE="100"
SVFIRSTNSUBJECTS="100"
/>


<SITE  NAME="(134) University Clinical Trials"    MNEMONIC="134"
ADDRESS="7695 Cardinal Courte Suite 210"
COUNTRY="UNITED STATES"
PHONE="18582788470"
ALTPHONE="1"
FAX="1"
TIMEZONE="Pacific Standard Time"
SITEDATEFORMAT="DAY_MONTH_YEAR"
STARTDATE="11/02/2018"
STUDYLOCALE="en-US"
SVAUTOSELECTRATE="100"
SVFIRSTNSUBJECTS="100"
/>


<SITE  NAME="(128) Oregon Medical Research Center"    MNEMONIC="128"
ADDRESS="9495 SW Locust Street Suite G"
COUNTRY="UNITED STATES"
PHONE="15032451525"
ALTPHONE="1"
FAX="1"
TIMEZONE="Pacific Standard Time"
SITEDATEFORMAT="DAY_MONTH_YEAR"
STARTDATE="11/02/2018"
STUDYLOCALE="en-US"
SVAUTOSELECTRATE="100"
SVFIRSTNSUBJECTS="100"
/>


<SITE  NAME="(164) Advanced Research Center-San Diego"    MNEMONIC="164"
ADDRESS="3911 Normal St"
COUNTRY="UNITED STATES"
PHONE="17149996688"
ALTPHONE="1"
FAX="1"
TIMEZONE="Pacific Standard Time"
SITEDATEFORMAT="DAY_MONTH_YEAR"
STARTDATE="11/02/2018"
STUDYLOCALE="en-US"
SVAUTOSELECTRATE="100"
SVFIRSTNSUBJECTS="100"
/>


<SITE  NAME="(161) Quest Dermatology Research"    MNEMONIC="161"
ADDRESS="18546 Roscoe Blvd Suite 306"
COUNTRY="UNITED STATES"
PHONE="18188850455"
ALTPHONE="1"
FAX="1"
TIMEZONE="Pacific Standard Time"
SITEDATEFORMAT="DAY_MONTH_YEAR"
STARTDATE="11/02/2018"
STUDYLOCALE="en-US"
SVAUTOSELECTRATE="100"
SVFIRSTNSUBJECTS="100"
/>


<SITE  NAME="(159) Dermatology Clinical Trials"    MNEMONIC="159"
ADDRESS="360 San Miguel Drive Suite 501"
COUNTRY="UNITED STATES"
PHONE="19497201170"
ALTPHONE="1"
FAX="1"
TIMEZONE="Pacific Standard Time"
SITEDATEFORMAT="DAY_MONTH_YEAR"
STARTDATE="11/02/2018"
STUDYLOCALE="en-US"
SVAUTOSELECTRATE="100"
SVFIRSTNSUBJECTS="100"
/>


<SITE  NAME="(156) Advanced Research Center-Los Alamitos"    MNEMONIC="156"
ADDRESS="3772 Katella Ave 206"
COUNTRY="UNITED STATES"
PHONE="17149996688"
ALTPHONE="1"
FAX="1"
TIMEZONE="Pacific Standard Time"
SITEDATEFORMAT="DAY_MONTH_YEAR"
STARTDATE="11/02/2018"
STUDYLOCALE="en-US"
SVAUTOSELECTRATE="100"
SVFIRSTNSUBJECTS="100"
/>


<SITE  NAME="(154) Tien Q Nguyen MD Inc DBA First OC Dermatology"    MNEMONIC="154"
ADDRESS="17271 Brookhurst St"
COUNTRY="UNITED STATES"
PHONE="17145312966"
ALTPHONE="1"
FAX="1"
TIMEZONE="Pacific Standard Time"
SITEDATEFORMAT="DAY_MONTH_YEAR"
STARTDATE="11/02/2018"
STUDYLOCALE="en-US"
SVAUTOSELECTRATE="100"
SVFIRSTNSUBJECTS="100"
/>


<SITE  NAME="(147) Wallace Medical Group Inc"    MNEMONIC="147"
ADDRESS="8920 Wilshire Blvd Suite 327"
COUNTRY="UNITED STATES"
PHONE="13106528460"
ALTPHONE="1"
FAX="1"
TIMEZONE="Pacific Standard Time"
SITEDATEFORMAT="DAY_MONTH_YEAR"
STARTDATE="11/02/2018"
STUDYLOCALE="en-US"
SVAUTOSELECTRATE="100"
SVFIRSTNSUBJECTS="100"
/>


<SITE  NAME="(136) Southern California Dermatology"    MNEMONIC="136"
ADDRESS="1125 East 17th Street Ste W248"
COUNTRY="UNITED STATES"
PHONE="17144742173"
ALTPHONE="1"
FAX="1"
TIMEZONE="Pacific Standard Time"
SITEDATEFORMAT="DAY_MONTH_YEAR"
STARTDATE="11/02/2018"
STUDYLOCALE="en-US"
SVAUTOSELECTRATE="100"
SVFIRSTNSUBJECTS="100"
/>


<SITE  NAME="(172) Impact Clinical Trials"    MNEMONIC="172"
ADDRESS="1001 S Rancho Drive"
COUNTRY="UNITED STATES"
PHONE="17028890061"
ALTPHONE="1"
FAX="1"
TIMEZONE="Pacific Standard Time"
SITEDATEFORMAT="DAY_MONTH_YEAR"
STARTDATE="11/02/2018"
STUDYLOCALE="en-US"
SVAUTOSELECTRATE="100"
SVFIRSTNSUBJECTS="100"
/>


<SITE  NAME="(174) University of Utah-Dermatology"    MNEMONIC="174"
ADDRESS="243 East 6100 South 3rd Floor"
COUNTRY="UNITED STATES"
PHONE="18012130375"
ALTPHONE="1"
FAX="1"
TIMEZONE="Mountain Standard Time"
SITEDATEFORMAT="DAY_MONTH_YEAR"
STARTDATE="11/02/2018"
STUDYLOCALE="en-US"
SVAUTOSELECTRATE="100"
SVFIRSTNSUBJECTS="100"
/>


<SITE  NAME="(212) Perseverance Research Center"    MNEMONIC="212"
ADDRESS="11000 N Scottsdale Rd"
COUNTRY="UNITED STATES"
PHONE="14804716132"
ALTPHONE="1"
FAX="1"
TIMEZONE="Mountain Standard Time"
SITEDATEFORMAT="DAY_MONTH_YEAR"
STARTDATE="11/02/2018"
STUDYLOCALE="en-US"
SVAUTOSELECTRATE="100"
SVFIRSTNSUBJECTS="100"
/>


<SITE  NAME="(126) Alliance Dermatology And Mohs Center"    MNEMONIC="126"
ADDRESS="4045 E. Bell Road Suite 125"
COUNTRY="UNITED STATES"
PHONE="16029710268"
ALTPHONE="1"
FAX="1"
TIMEZONE="Mountain Standard Time"
SITEDATEFORMAT="DAY_MONTH_YEAR"
STARTDATE="11/02/2018"
STUDYLOCALE="en-US"
SVAUTOSELECTRATE="100"
SVFIRSTNSUBJECTS="100"
/>


<SITE  NAME="(205) South Bend Clinic Center for Research"    MNEMONIC="205"
ADDRESS="211 North Eddy Street"
COUNTRY="UNITED STATES"
PHONE="15742046432"
ALTPHONE="1"
FAX="1"
TIMEZONE="Central Standard Time"
SITEDATEFORMAT="DAY_MONTH_YEAR"
STARTDATE="11/02/2018"
STUDYLOCALE="en-US"
SVAUTOSELECTRATE="100"
SVFIRSTNSUBJECTS="100"
/>


<SITE  NAME="(204) Dawes Fretzin Clinical Research Group LLC"    MNEMONIC="204"
ADDRESS="8103 Clearvista Parkway"
COUNTRY="UNITED STATES"
PHONE="13176217731"
ALTPHONE="1"
FAX="1"
TIMEZONE="Central Standard Time"
SITEDATEFORMAT="DAY_MONTH_YEAR"
STARTDATE="11/02/2018"
STUDYLOCALE="en-US"
SVAUTOSELECTRATE="100"
SVFIRSTNSUBJECTS="100"
/>


<SITE  NAME="(201) Integrated Clinical Trial Services Inc"    MNEMONIC="201"
ADDRESS="1241 8th Street"
COUNTRY="UNITED STATES"
PHONE="15153274782"
ALTPHONE="1"
FAX="1"
TIMEZONE="Central Standard Time"
SITEDATEFORMAT="DAY_MONTH_YEAR"
STARTDATE="11/02/2018"
STUDYLOCALE="en-US"
SVAUTOSELECTRATE="100"
SVFIRSTNSUBJECTS="100"
/>


<SITE  NAME="(198) Dermatology Treatment And Research Center"    MNEMONIC="198"
ADDRESS="5310 Harvest Hill Rd Suite 160"
COUNTRY="UNITED STATES"
PHONE="19726612729"
ALTPHONE="1"
FAX="1"
TIMEZONE="Central Standard Time"
SITEDATEFORMAT="DAY_MONTH_YEAR"
STARTDATE="11/02/2018"
STUDYLOCALE="en-US"
SVAUTOSELECTRATE="100"
SVFIRSTNSUBJECTS="100"
/>


<SITE  NAME="(176) Dermatology Clinical Research Center of San Antonio"    MNEMONIC="176"
ADDRESS="7810 Louis Pasteur Suite 200"
COUNTRY="UNITED STATES"
PHONE="12106921382"
ALTPHONE="1"
FAX="1"
TIMEZONE="Central Standard Time"
SITEDATEFORMAT="DAY_MONTH_YEAR"
STARTDATE="11/02/2018"
STUDYLOCALE="en-US"
SVAUTOSELECTRATE="100"
SVFIRSTNSUBJECTS="100"
/>


<SITE  NAME="(162) Owensboro Dermatology Associates PSC and Qualmedica Research LLC"    MNEMONIC="162"
ADDRESS="2821 New Hartford Rd"
COUNTRY="UNITED STATES"
PHONE="12706854589"
ALTPHONE="1"
FAX="1"
TIMEZONE="Central Standard Time"
SITEDATEFORMAT="DAY_MONTH_YEAR"
STARTDATE="11/02/2018"
STUDYLOCALE="en-US"
SVAUTOSELECTRATE="100"
SVFIRSTNSUBJECTS="100"
/>


<SITE  NAME="(213) Kansas City Dermatology PA"    MNEMONIC="213"
ADDRESS="10600 Quivira Rd Suite 430"
COUNTRY="UNITED STATES"
PHONE="19135413230"
ALTPHONE="1"
FAX="1"
TIMEZONE="Central Standard Time"
SITEDATEFORMAT="DAY_MONTH_YEAR"
STARTDATE="11/02/2018"
STUDYLOCALE="en-US"
SVAUTOSELECTRATE="100"
SVFIRSTNSUBJECTS="100"
/>


<SITE  NAME="(210) Central Dermatology PC"    MNEMONIC="210"
ADDRESS="1034 S Brentwood Blvd Ste 600"
COUNTRY="UNITED STATES"
PHONE="13147215565"
ALTPHONE="1"
FAX="1"
TIMEZONE="Central Standard Time"
SITEDATEFORMAT="DAY_MONTH_YEAR"
STARTDATE="11/02/2018"
STUDYLOCALE="en-US"
SVAUTOSELECTRATE="100"
SVFIRSTNSUBJECTS="100"
/>


<SITE  NAME="(209) Center For Clinical Studies Webster"    MNEMONIC="209"
ADDRESS="451 N Texas Ave"
COUNTRY="UNITED STATES"
PHONE="12813332288"
ALTPHONE="1"
FAX="1"
TIMEZONE="Central Standard Time"
SITEDATEFORMAT="DAY_MONTH_YEAR"
STARTDATE="11/02/2018"
STUDYLOCALE="en-US"
SVAUTOSELECTRATE="100"
SVFIRSTNSUBJECTS="100"
/>


<SITE  NAME="(207) Hudson Dermatology QualMedica Research"    MNEMONIC="207"
ADDRESS="3501 Washington Ave"
COUNTRY="UNITED STATES"
PHONE="18124741234"
ALTPHONE="1"
FAX="1"
TIMEZONE="Central Standard Time"
SITEDATEFORMAT="DAY_MONTH_YEAR"
STARTDATE="11/02/2018"
STUDYLOCALE="en-US"
SVAUTOSELECTRATE="100"
SVFIRSTNSUBJECTS="100"
/>


<SITE  NAME="(206) PMG Research of Dupage Medical Group"    MNEMONIC="206"
ADDRESS="199 Town Square Suite A and D"
COUNTRY="UNITED STATES"
PHONE="16308716690"
ALTPHONE="1"
FAX="1"
TIMEZONE="Central Standard Time"
SITEDATEFORMAT="DAY_MONTH_YEAR"
STARTDATE="11/02/2018"
STUDYLOCALE="en-US"
SVAUTOSELECTRATE="100"
SVFIRSTNSUBJECTS="100"
/>


<SITE  NAME="(186) Progressive Clinical Research"    MNEMONIC="186"
ADDRESS="4499 Medical Drive Suite 145"
COUNTRY="UNITED STATES"
PHONE="12106145557"
ALTPHONE="1"
FAX="1"
TIMEZONE="Central Standard Time"
SITEDATEFORMAT="DAY_MONTH_YEAR"
STARTDATE="11/02/2018"
STUDYLOCALE="en-US"
SVAUTOSELECTRATE="100"
SVFIRSTNSUBJECTS="100"
/>


<SITE  NAME="(112) Center for Clinical Studies"    MNEMONIC="112"
ADDRESS="1401 Binz Suite 200"
COUNTRY="UNITED STATES"
PHONE="17135288818"
ALTPHONE="1"
FAX="1"
TIMEZONE="Central Standard Time"
SITEDATEFORMAT="DAY_MONTH_YEAR"
STARTDATE="11/02/2018"
STUDYLOCALE="en-US"
SVAUTOSELECTRATE="100"
SVFIRSTNSUBJECTS="100"
/>


<SITE  NAME="(133) Stephen Miller MD PA"    MNEMONIC="133"
ADDRESS="16110 Via Shavano"
COUNTRY="UNITED STATES"
PHONE="12106157171"
ALTPHONE="1"
FAX="1"
TIMEZONE="Central Standard Time"
SITEDATEFORMAT="DAY_MONTH_YEAR"
STARTDATE="11/02/2018"
STUDYLOCALE="en-US"
SVAUTOSELECTRATE="100"
SVFIRSTNSUBJECTS="100"
/>


<SITE  NAME="(155) Suzanne Bruce and Associates PA"    MNEMONIC="155"
ADDRESS="1900 Saint James Place Suite 650"
COUNTRY="UNITED STATES"
PHONE="17139850210"
ALTPHONE="1"
FAX="1"
TIMEZONE="Central Standard Time"
SITEDATEFORMAT="DAY_MONTH_YEAR"
STARTDATE="11/02/2018"
STUDYLOCALE="en-US"
SVAUTOSELECTRATE="100"
SVFIRSTNSUBJECTS="100"
/>


<SITE  NAME="(151) Modern Research Associates PLLC"    MNEMONIC="151"
ADDRESS="9101 N Central Expressway"
COUNTRY="UNITED STATES"
PHONE="12143612008"
ALTPHONE="1"
FAX="1"
TIMEZONE="Central Standard Time"
SITEDATEFORMAT="DAY_MONTH_YEAR"
STARTDATE="11/02/2018"
STUDYLOCALE="en-US"
SVAUTOSELECTRATE="100"
SVFIRSTNSUBJECTS="100"
/>


<SITE  NAME="(148) Advanced Dermatology of Southeast Missouri"    MNEMONIC="148"
ADDRESS="2116 Megan Drive Suite 102"
COUNTRY="UNITED STATES"
PHONE="15733357546"
ALTPHONE="1"
FAX="1"
TIMEZONE="Central Standard Time"
SITEDATEFORMAT="DAY_MONTH_YEAR"
STARTDATE="11/02/2018"
STUDYLOCALE="en-US"
SVAUTOSELECTRATE="100"
SVFIRSTNSUBJECTS="100"
/>


<SITE  NAME="(146) Bellaire Dermatology"    MNEMONIC="146"
ADDRESS="6565 West Loop South Suite 800"
COUNTRY="UNITED STATES"
PHONE="18325532318"
ALTPHONE="1"
FAX="1"
TIMEZONE="Central Standard Time"
SITEDATEFORMAT="DAY_MONTH_YEAR"
STARTDATE="11/02/2018"
STUDYLOCALE="en-US"
SVAUTOSELECTRATE="100"
SVFIRSTNSUBJECTS="100"
/>


<SITE  NAME="(145) Austin Institute for Clinical Research Inc - Central"    MNEMONIC="145"
ADDRESS="3705 Medical Parkway Suite 340"
COUNTRY="UNITED STATES"
PHONE="15124543781"
ALTPHONE="1"
FAX="1"
TIMEZONE="Central Standard Time"
SITEDATEFORMAT="DAY_MONTH_YEAR"
STARTDATE="11/02/2018"
STUDYLOCALE="en-US"
SVAUTOSELECTRATE="100"
SVFIRSTNSUBJECTS="100"
/>


<SITE  NAME="(109) Johnson Dermatology"    MNEMONIC="109"
ADDRESS="5921 Riley Park Drive"
COUNTRY="UNITED STATES"
PHONE="14796493376"
ALTPHONE="1"
FAX="1"
TIMEZONE="Central Standard Time"
SITEDATEFORMAT="DAY_MONTH_YEAR"
STARTDATE="11/02/2018"
STUDYLOCALE="en-US"
SVAUTOSELECTRATE="100"
SVFIRSTNSUBJECTS="100"
/>


<SITE  NAME="(100) Arlington Research Center Inc"    MNEMONIC="100"
ADDRESS="711 E Lamar Blvd Ste 100 and 200"
COUNTRY="UNITED STATES"
PHONE="18177957546"
ALTPHONE="1"
FAX="1"
TIMEZONE="Central Standard Time"
SITEDATEFORMAT="DAY_MONTH_YEAR"
STARTDATE="11/02/2018"
STUDYLOCALE="en-US"
SVAUTOSELECTRATE="100"
SVFIRSTNSUBJECTS="100"
/>


<SITE  NAME="(173) Arlington Dermatology"    MNEMONIC="173"
ADDRESS="5301 Keystone Court"
COUNTRY="UNITED STATES"
PHONE="18473925440"
ALTPHONE="1"
FAX="1"
TIMEZONE="Central Standard Time"
SITEDATEFORMAT="DAY_MONTH_YEAR"
STARTDATE="11/02/2018"
STUDYLOCALE="en-US"
SVAUTOSELECTRATE="100"
SVFIRSTNSUBJECTS="100"
/>


<SITE  NAME="(203) International Clinical Research - Tennessee - IC Research"    MNEMONIC="203"
ADDRESS="1035 N Highland Avenue"
COUNTRY="UNITED STATES"
PHONE="16154103460"
ALTPHONE="1"
FAX="1"
TIMEZONE="Eastern Standard Time"
SITEDATEFORMAT="DAY_MONTH_YEAR"
STARTDATE="11/02/2018"
STUDYLOCALE="en-US"
SVAUTOSELECTRATE="100"
SVFIRSTNSUBJECTS="100"
/>


<SITE  NAME="(202) St Joseph Dermatology and Vein Clinic"    MNEMONIC="202"
ADDRESS="2500 Niles Rd Suite 10A"
COUNTRY="UNITED STATES"
PHONE="12694285199"
ALTPHONE="1"
FAX="1"
TIMEZONE="Eastern Standard Time"
SITEDATEFORMAT="DAY_MONTH_YEAR"
STARTDATE="11/02/2018"
STUDYLOCALE="en-US"
SVAUTOSELECTRATE="100"
SVFIRSTNSUBJECTS="100"
/>


<SITE  NAME="(199) Psoriasis Treatment Center of Central New Jersey"    MNEMONIC="199"
ADDRESS="59 One Mile Road 2nd Floor"
COUNTRY="UNITED STATES"
PHONE="16094434500"
ALTPHONE="1"
FAX="1"
TIMEZONE="Eastern Standard Time"
SITEDATEFORMAT="DAY_MONTH_YEAR"
STARTDATE="11/02/2018"
STUDYLOCALE="en-US"
SVAUTOSELECTRATE="100"
SVFIRSTNSUBJECTS="100"
/>


<SITE  NAME="(195) Forest Hills Dermatology Group"    MNEMONIC="195"
ADDRESS="103-11 68th Drive"
COUNTRY="UNITED STATES"
PHONE="17184590900"
ALTPHONE="1"
FAX="1"
TIMEZONE="Eastern Standard Time"
SITEDATEFORMAT="DAY_MONTH_YEAR"
STARTDATE="11/02/2018"
STUDYLOCALE="en-US"
SVAUTOSELECTRATE="100"
SVFIRSTNSUBJECTS="100"
/>


<SITE  NAME="(189) Sadick Research Group"    MNEMONIC="189"
ADDRESS="911 Park Avenue Suite 1A"
COUNTRY="UNITED STATES"
PHONE="12127727242"
ALTPHONE="1"
FAX="1"
TIMEZONE="Eastern Standard Time"
SITEDATEFORMAT="DAY_MONTH_YEAR"
STARTDATE="11/02/2018"
STUDYLOCALE="en-US"
SVAUTOSELECTRATE="100"
SVFIRSTNSUBJECTS="100"
/>


<SITE  NAME="(187) Clarkston Skin Research"    MNEMONIC="187"
ADDRESS="5701 Bow Pointe Dr Suite 217"
COUNTRY="UNITED STATES"
PHONE="12486203376"
ALTPHONE="1"
FAX="1"
TIMEZONE="Eastern Standard Time"
SITEDATEFORMAT="DAY_MONTH_YEAR"
STARTDATE="11/02/2018"
STUDYLOCALE="en-US"
SVAUTOSELECTRATE="100"
SVFIRSTNSUBJECTS="100"
/>


<SITE  NAME="(181) Dermatology Physicians of Connecticut"    MNEMONIC="181"
ADDRESS="4 Corporate Drive Suite 386"
COUNTRY="UNITED STATES"
PHONE="12035385682"
ALTPHONE="1"
FAX="1"
TIMEZONE="Eastern Standard Time"
SITEDATEFORMAT="DAY_MONTH_YEAR"
STARTDATE="11/02/2018"
STUDYLOCALE="en-US"
SVAUTOSELECTRATE="100"
SVFIRSTNSUBJECTS="100"
/>


<SITE  NAME="(178) Dermatology Consulting Services"    MNEMONIC="178"
ADDRESS="2444 North Main St"
COUNTRY="UNITED STATES"
PHONE="13368412040"
ALTPHONE="1"
FAX="1"
TIMEZONE="Eastern Standard Time"
SITEDATEFORMAT="DAY_MONTH_YEAR"
STARTDATE="11/02/2018"
STUDYLOCALE="en-US"
SVAUTOSELECTRATE="100"
SVFIRSTNSUBJECTS="100"
/>


<SITE  NAME="(166) Forward Clinical Trials Inc"    MNEMONIC="166"
ADDRESS="4915 Ehrlich Road"
COUNTRY="UNITED STATES"
PHONE="18132642155"
ALTPHONE="1"
FAX="1"
TIMEZONE="Eastern Standard Time"
SITEDATEFORMAT="DAY_MONTH_YEAR"
STARTDATE="11/02/2018"
STUDYLOCALE="en-US"
SVAUTOSELECTRATE="100"
SVFIRSTNSUBJECTS="100"
/>


<SITE  NAME="(165) WR Mount Vernon Clinical Research LLC"    MNEMONIC="165"
ADDRESS="755 Mount Vernon Highway 200"
COUNTRY="UNITED STATES"
PHONE="14048434410"
ALTPHONE="1"
FAX="1"
TIMEZONE="Eastern Standard Time"
SITEDATEFORMAT="DAY_MONTH_YEAR"
STARTDATE="11/02/2018"
STUDYLOCALE="en-US"
SVAUTOSELECTRATE="100"
SVFIRSTNSUBJECTS="100"
/>


<SITE  NAME="(163) Thomas Jefferson University- Department of Dermatology"    MNEMONIC="163"
ADDRESS="2130 Spring Garden Street"
COUNTRY="UNITED STATES"
PHONE="12159559555"
ALTPHONE="1"
FAX="1"
TIMEZONE="Eastern Standard Time"
SITEDATEFORMAT="DAY_MONTH_YEAR"
STARTDATE="11/02/2018"
STUDYLOCALE="en-US"
SVAUTOSELECTRATE="100"
SVFIRSTNSUBJECTS="100"
/>


<SITE  NAME="(215) Henry Ford Medical Center- New Center One"    MNEMONIC="215"
ADDRESS="3031 West Grand Blvd Suite 800"
COUNTRY="UNITED STATES"
PHONE="13139161984"
ALTPHONE="1"
FAX="1"
TIMEZONE="Eastern Standard Time"
SITEDATEFORMAT="DAY_MONTH_YEAR"
STARTDATE="11/02/2018"
STUDYLOCALE="en-US"
SVAUTOSELECTRATE="100"
SVFIRSTNSUBJECTS="100"
/>


<SITE  NAME="(214) Fivenson Dermatology"    MNEMONIC="214"
ADDRESS="3001 Miller Road"
COUNTRY="UNITED STATES"
PHONE="17342229630"
ALTPHONE="1"
FAX="1"
TIMEZONE="Eastern Standard Time"
SITEDATEFORMAT="DAY_MONTH_YEAR"
STARTDATE="11/02/2018"
STUDYLOCALE="en-US"
SVAUTOSELECTRATE="100"
SVFIRSTNSUBJECTS="100"
/>


<SITE  NAME="(208) Dermatology Specialists Research Indiana"    MNEMONIC="208"
ADDRESS="2241 Green Valley Road"
COUNTRY="UNITED STATES"
PHONE="15025859059"
ALTPHONE="1"
FAX="1"
TIMEZONE="Eastern Standard Time"
SITEDATEFORMAT="DAY_MONTH_YEAR"
STARTDATE="11/02/2018"
STUDYLOCALE="en-US"
SVAUTOSELECTRATE="100"
SVFIRSTNSUBJECTS="100"
/>


<SITE  NAME="(180) Clinical Partners LLC"    MNEMONIC="180"
ADDRESS="1524 Atwood Ave Suite 330"
COUNTRY="UNITED STATES"
PHONE="14014543800"
ALTPHONE="1"
FAX="1"
TIMEZONE="Eastern Standard Time"
SITEDATEFORMAT="DAY_MONTH_YEAR"
STARTDATE="11/02/2018"
STUDYLOCALE="en-US"
SVAUTOSELECTRATE="100"
SVFIRSTNSUBJECTS="100"
/>


<SITE  NAME="(179) International Clinical Research-US LLC - IC Research"    MNEMONIC="179"
ADDRESS="819 E 1st Street Suite 6"
COUNTRY="UNITED STATES"
PHONE="14078785830"
ALTPHONE="1"
FAX="1"
TIMEZONE="Eastern Standard Time"
SITEDATEFORMAT="DAY_MONTH_YEAR"
STARTDATE="11/02/2018"
STUDYLOCALE="en-US"
SVAUTOSELECTRATE="100"
SVFIRSTNSUBJECTS="100"
/>


<SITE  NAME="(152) Dermatology and Skin Surgery Center"    MNEMONIC="152"
ADDRESS="501-502 Gordon Drive"
COUNTRY="UNITED STATES"
PHONE="16105946660"
ALTPHONE="1"
FAX="1"
TIMEZONE="Eastern Standard Time"
SITEDATEFORMAT="DAY_MONTH_YEAR"
STARTDATE="11/02/2018"
STUDYLOCALE="en-US"
SVAUTOSELECTRATE="100"
SVFIRSTNSUBJECTS="100"
/>


<SITE  NAME="(149) University of North Carolina Dermatology and Skin Cancer Center"    MNEMONIC="149"
ADDRESS="410 Market St Suite 400"
COUNTRY="UNITED STATES"
PHONE="19199662485"
ALTPHONE="1"
FAX="1"
TIMEZONE="Eastern Standard Time"
SITEDATEFORMAT="DAY_MONTH_YEAR"
STARTDATE="11/02/2018"
STUDYLOCALE="en-US"
SVAUTOSELECTRATE="100"
SVFIRSTNSUBJECTS="100"
/>


<SITE  NAME="(141) PMG Research of Wilmington LLC"    MNEMONIC="141"
ADDRESS="8115 Market Street"
COUNTRY="UNITED STATES"
PHONE="19108156108"
ALTPHONE="1"
FAX="1"
TIMEZONE="Eastern Standard Time"
SITEDATEFORMAT="DAY_MONTH_YEAR"
STARTDATE="11/02/2018"
STUDYLOCALE="en-US"
SVAUTOSELECTRATE="100"
SVFIRSTNSUBJECTS="100"
/>


<SITE  NAME="(140) GW Medical Faculty Associates"    MNEMONIC="140"
ADDRESS="2150 Pennsylvania Ave NW 2B430"
COUNTRY="UNITED STATES"
PHONE="12027412625"
ALTPHONE="1"
FAX="1"
TIMEZONE="Eastern Standard Time"
SITEDATEFORMAT="DAY_MONTH_YEAR"
STARTDATE="11/02/2018"
STUDYLOCALE="en-US"
SVAUTOSELECTRATE="100"
SVFIRSTNSUBJECTS="100"
/>


<SITE  NAME="(139) Care Access Research-Walnut Creek"    MNEMONIC="139"
ADDRESS="370 N Wiget Lane Suite 125"
COUNTRY="UNITED STATES"
PHONE="19089412273"
ALTPHONE="1"
FAX="1"
TIMEZONE="Eastern Standard Time"
SITEDATEFORMAT="DAY_MONTH_YEAR"
STARTDATE="11/02/2018"
STUDYLOCALE="en-US"
SVAUTOSELECTRATE="100"
SVFIRSTNSUBJECTS="100"
/>


<SITE  NAME="(138) MOORE Clinical Research Inc"    MNEMONIC="138"
ADDRESS="4257 West Kennedy Boulevard"
COUNTRY="UNITED STATES"
PHONE="18139487550"
ALTPHONE="1"
FAX="1"
TIMEZONE="Eastern Standard Time"
SITEDATEFORMAT="DAY_MONTH_YEAR"
STARTDATE="11/02/2018"
STUDYLOCALE="en-US"
SVAUTOSELECTRATE="100"
SVFIRSTNSUBJECTS="100"
/>


<SITE  NAME="(137) Olympian Clinical Research"    MNEMONIC="137"
ADDRESS="4700 North Habana Ave Ste 303"
COUNTRY="UNITED STATES"
PHONE="18138495566"
ALTPHONE="1"
FAX="1"
TIMEZONE="Eastern Standard Time"
SITEDATEFORMAT="DAY_MONTH_YEAR"
STARTDATE="11/02/2018"
STUDYLOCALE="en-US"
SVAUTOSELECTRATE="100"
SVFIRSTNSUBJECTS="100"
/>


<SITE  NAME="(135) Advanced Medical Research PC"    MNEMONIC="135"
ADDRESS="5730 Glenridge Dr Suite T 100"
COUNTRY="UNITED STATES"
PHONE="14049399220"
ALTPHONE="1"
FAX="1"
TIMEZONE="Eastern Standard Time"
SITEDATEFORMAT="DAY_MONTH_YEAR"
STARTDATE="11/02/2018"
STUDYLOCALE="en-US"
SVAUTOSELECTRATE="100"
SVFIRSTNSUBJECTS="100"
/>


<SITE  NAME="(122) Virginia Clinical Research"    MNEMONIC="122"
ADDRESS="6160 Kempsville Circle 200A"
COUNTRY="UNITED STATES"
PHONE="17576226315"
ALTPHONE="1"
FAX="1"
TIMEZONE="Eastern Standard Time"
SITEDATEFORMAT="DAY_MONTH_YEAR"
STARTDATE="11/02/2018"
STUDYLOCALE="en-US"
SVAUTOSELECTRATE="100"
SVFIRSTNSUBJECTS="100"
/>


<SITE  NAME="(120) Virginia Dermatology and Skin Cancer Center- Norfolk"    MNEMONIC="120"
ADDRESS="5630 Lowery Road"
COUNTRY="UNITED STATES"
PHONE="17574555009"
ALTPHONE="1"
FAX="1"
TIMEZONE="Eastern Standard Time"
SITEDATEFORMAT="DAY_MONTH_YEAR"
STARTDATE="11/02/2018"
STUDYLOCALE="en-US"
SVAUTOSELECTRATE="100"
SVFIRSTNSUBJECTS="100"
/>


<SITE  NAME="(119) Suncoast Clinical Research- New Port Richey"    MNEMONIC="119"
ADDRESS="5604 Gulf Drive"
COUNTRY="UNITED STATES"
PHONE="17278494131"
ALTPHONE="1"
FAX="1"
TIMEZONE="Eastern Standard Time"
SITEDATEFORMAT="DAY_MONTH_YEAR"
STARTDATE="11/02/2018"
STUDYLOCALE="en-US"
SVAUTOSELECTRATE="100"
SVFIRSTNSUBJECTS="100"
/>


<SITE  NAME="(115) Dermatologists of Southwest Ohio"    MNEMONIC="115"
ADDRESS="6110 Radio Way"
COUNTRY="UNITED STATES"
PHONE="15137015526"
ALTPHONE="1"
FAX="1"
TIMEZONE="Eastern Standard Time"
SITEDATEFORMAT="DAY_MONTH_YEAR"
STARTDATE="11/02/2018"
STUDYLOCALE="en-US"
SVAUTOSELECTRATE="100"
SVFIRSTNSUBJECTS="100"
/>


<SITE  NAME="(114) Skin Care Physicians of Georgia"    MNEMONIC="114"
ADDRESS="308 Coliseum Dr Suite 200"
COUNTRY="UNITED STATES"
PHONE="14787422180"
ALTPHONE="1"
FAX="1"
TIMEZONE="Eastern Standard Time"
SITEDATEFORMAT="DAY_MONTH_YEAR"
STARTDATE="11/02/2018"
STUDYLOCALE="en-US"
SVAUTOSELECTRATE="100"
SVFIRSTNSUBJECTS="100"
/>


<SITE  NAME="(113) Olympian Clinical Research"    MNEMONIC="113"
ADDRESS="1301 2nd Ave SW 5th Floor"
COUNTRY="UNITED STATES"
PHONE="17279350508"
ALTPHONE="1"
FAX="1"
TIMEZONE="Eastern Standard Time"
SITEDATEFORMAT="DAY_MONTH_YEAR"
STARTDATE="11/02/2018"
STUDYLOCALE="en-US"
SVAUTOSELECTRATE="100"
SVFIRSTNSUBJECTS="100"
/>


<SITE  NAME="(111) Ohio State University - Department of Dermatology"    MNEMONIC="111"
ADDRESS="540 Office Center Place Suite 240"
COUNTRY="UNITED STATES"
PHONE="16143669201"
ALTPHONE="1"
FAX="1"
TIMEZONE="Eastern Standard Time"
SITEDATEFORMAT="DAY_MONTH_YEAR"
STARTDATE="11/02/2018"
STUDYLOCALE="en-US"
SVAUTOSELECTRATE="100"
SVFIRSTNSUBJECTS="100"
/>


<SITE  NAME="(108) Avail Clinical Research LLC"    MNEMONIC="108"
ADDRESS="860 Peachwood Drive"
COUNTRY="UNITED STATES"
PHONE="13867400770"
ALTPHONE="1"
FAX="1"
TIMEZONE="Eastern Standard Time"
SITEDATEFORMAT="DAY_MONTH_YEAR"
STARTDATE="11/02/2018"
STUDYLOCALE="en-US"
SVAUTOSELECTRATE="100"
SVFIRSTNSUBJECTS="100"
/>


<SITE  NAME="(107) Florida Academic Centers Research and Education"    MNEMONIC="107"
ADDRESS="836 Ponce De Leon Blvd Ste 204"
COUNTRY="UNITED STATES"
PHONE="13053242110"
ALTPHONE="1"
FAX="1"
TIMEZONE="Eastern Standard Time"
SITEDATEFORMAT="DAY_MONTH_YEAR"
STARTDATE="11/02/2018"
STUDYLOCALE="en-US"
SVAUTOSELECTRATE="100"
SVFIRSTNSUBJECTS="100"
/>


<SITE  NAME="(106) University Hospitals of Cleveland"    MNEMONIC="106"
ADDRESS="11100 Euclid Avenue Suite 3100"
COUNTRY="UNITED STATES"
PHONE="12168443178"
ALTPHONE="1"
FAX="1"
TIMEZONE="Eastern Standard Time"
SITEDATEFORMAT="DAY_MONTH_YEAR"
STARTDATE="11/02/2018"
STUDYLOCALE="en-US"
SVAUTOSELECTRATE="100"
SVFIRSTNSUBJECTS="100"
/>


<SITE  NAME="(105) Dermatology and Laser Center of Charleston"    MNEMONIC="105"
ADDRESS="1364 Ashley River Road"
COUNTRY="UNITED STATES"
PHONE="18435568886"
ALTPHONE="1"
FAX="1"
TIMEZONE="Eastern Standard Time"
SITEDATEFORMAT="DAY_MONTH_YEAR"
STARTDATE="11/02/2018"
STUDYLOCALE="en-US"
SVAUTOSELECTRATE="100"
SVFIRSTNSUBJECTS="100"
/>


<SITE  NAME="(104) Total Skin and Beauty Dermatology Center PC"    MNEMONIC="104"
ADDRESS="2100 16th Avenue South Ste 202"
COUNTRY="UNITED STATES"
PHONE="12053806148"
ALTPHONE="1"
FAX="1"
TIMEZONE="Eastern Standard Time"
SITEDATEFORMAT="DAY_MONTH_YEAR"
STARTDATE="11/02/2018"
STUDYLOCALE="en-US"
SVAUTOSELECTRATE="100"
SVFIRSTNSUBJECTS="100"
/>


<SITE  NAME="(143) Yardley Dermatology"    MNEMONIC="143"
ADDRESS="903 Floral Vale Blvd"
COUNTRY="UNITED STATES"
PHONE="12155796155"
ALTPHONE="1"
FAX="1"
TIMEZONE="Eastern Standard Time"
SITEDATEFORMAT="DAY_MONTH_YEAR"
STARTDATE="11/02/2018"
STUDYLOCALE="en-US"
SVAUTOSELECTRATE="100"
SVFIRSTNSUBJECTS="100"
/>


<SITE  NAME="(142) Wake Forest Baptist Medical Center-Department of Dermatology Clinical Studies"    MNEMONIC="142"
ADDRESS="4618 Country Club Road"
COUNTRY="UNITED STATES"
PHONE="13367167740"
ALTPHONE="1"
FAX="1"
TIMEZONE="Eastern Standard Time"
SITEDATEFORMAT="DAY_MONTH_YEAR"
STARTDATE="11/02/2018"
STUDYLOCALE="en-US"
SVAUTOSELECTRATE="100"
SVFIRSTNSUBJECTS="100"
/>


<SITE  NAME="(132) PMG Research of Rocky Mount LLC"    MNEMONIC="132"
ADDRESS="901 N Winstead Ave Suite 280"
COUNTRY="UNITED STATES"
PHONE="12529370484"
ALTPHONE="1"
FAX="1"
TIMEZONE="Eastern Standard Time"
SITEDATEFORMAT="DAY_MONTH_YEAR"
STARTDATE="11/02/2018"
STUDYLOCALE="en-US"
SVAUTOSELECTRATE="100"
SVFIRSTNSUBJECTS="100"
/>


<SITE  NAME="(131) Lawrence J Green MD LLC"    MNEMONIC="131"
ADDRESS="15005 Shady Grove Rd Suite 440"
COUNTRY="UNITED STATES"
PHONE="13016100663"
ALTPHONE="1"
FAX="1"
TIMEZONE="Eastern Standard Time"
SITEDATEFORMAT="DAY_MONTH_YEAR"
STARTDATE="11/02/2018"
STUDYLOCALE="en-US"
SVAUTOSELECTRATE="100"
SVFIRSTNSUBJECTS="100"
/>


<SITE  NAME="(130) National Clinical Research Inc"    MNEMONIC="130"
ADDRESS="2809 Emerywood Parkway Ste 140"
COUNTRY="UNITED STATES"
PHONE="18046722133"
ALTPHONE="1"
FAX="1"
TIMEZONE="Eastern Standard Time"
SITEDATEFORMAT="DAY_MONTH_YEAR"
STARTDATE="11/02/2018"
STUDYLOCALE="en-US"
SVAUTOSELECTRATE="100"
SVFIRSTNSUBJECTS="100"
/>


<SITE  NAME="(129) ActivMed Practices and Research - Portsmouth"    MNEMONIC="129"
ADDRESS="110 Corporate Drive Suite 2"
COUNTRY="UNITED STATES"
PHONE="16033198863"
ALTPHONE="1"
FAX="1"
TIMEZONE="Eastern Standard Time"
SITEDATEFORMAT="DAY_MONTH_YEAR"
STARTDATE="11/02/2018"
STUDYLOCALE="en-US"
SVAUTOSELECTRATE="100"
SVFIRSTNSUBJECTS="100"
/>


<SITE  NAME="(127) University of Pittsburgh Medical Center office of Dermatology"    MNEMONIC="127"
ADDRESS="3601 Fifth Ave 5th Floor"
COUNTRY="UNITED STATES"
PHONE="14126472013"
ALTPHONE="1"
FAX="1"
TIMEZONE="Eastern Standard Time"
SITEDATEFORMAT="DAY_MONTH_YEAR"
STARTDATE="11/02/2018"
STUDYLOCALE="en-US"
SVAUTOSELECTRATE="100"
SVFIRSTNSUBJECTS="100"
/>


<SITE  NAME="(125) Park Avenue Dermatology"    MNEMONIC="125"
ADDRESS="906 Park Avenue"
COUNTRY="UNITED STATES"
PHONE="19044580411"
ALTPHONE="1"
FAX="1"
TIMEZONE="Eastern Standard Time"
SITEDATEFORMAT="DAY_MONTH_YEAR"
STARTDATE="11/02/2018"
STUDYLOCALE="en-US"
SVAUTOSELECTRATE="100"
SVFIRSTNSUBJECTS="100"
/>


<SITE  NAME="(124) Sensible Healthcare"    MNEMONIC="124"
ADDRESS="2700 Old Winter Garden Road"
COUNTRY="UNITED STATES"
PHONE="14076542724"
ALTPHONE="1"
FAX="1"
TIMEZONE="Eastern Standard Time"
SITEDATEFORMAT="DAY_MONTH_YEAR"
STARTDATE="11/02/2018"
STUDYLOCALE="en-US"
SVAUTOSELECTRATE="100"
SVFIRSTNSUBJECTS="100"
/>


<SITE  NAME="(102) Dermatologists of Greater Columbus"    MNEMONIC="102"
ADDRESS="2359 East Main Street"
COUNTRY="UNITED STATES"
PHONE="16149471716"
ALTPHONE="1"
FAX="1"
TIMEZONE="Eastern Standard Time"
SITEDATEFORMAT="DAY_MONTH_YEAR"
STARTDATE="11/02/2018"
STUDYLOCALE="en-US"
SVAUTOSELECTRATE="100"
SVFIRSTNSUBJECTS="100"
/>


<SITE  NAME="(160) Eastern Virginia Medical School Department of Dermatology"    MNEMONIC="160"
ADDRESS="721 Fair Fax Avenue"
COUNTRY="UNITED STATES"
PHONE="17574465629"
ALTPHONE="1"
FAX="1"
TIMEZONE="Eastern Standard Time"
SITEDATEFORMAT="DAY_MONTH_YEAR"
STARTDATE="11/02/2018"
STUDYLOCALE="en-US"
SVAUTOSELECTRATE="100"
SVFIRSTNSUBJECTS="100"
/>


<SITE  NAME="(157) Dermatology Specialist Research"    MNEMONIC="157"
ADDRESS="3810 Springhurst Blvd Ste 130"
COUNTRY="UNITED STATES"
PHONE="15025837546"
ALTPHONE="1"
FAX="1"
TIMEZONE="Eastern Standard Time"
SITEDATEFORMAT="DAY_MONTH_YEAR"
STARTDATE="11/02/2018"
STUDYLOCALE="en-US"
SVAUTOSELECTRATE="100"
SVFIRSTNSUBJECTS="100"
/>


<SITE  NAME="(153) Wright State University Clinical Trials Research Alliance"    MNEMONIC="153"
ADDRESS="725 University Blvd 2nd floor"
COUNTRY="UNITED STATES"
PHONE="19377752463"
ALTPHONE="1"
FAX="1"
TIMEZONE="Eastern Standard Time"
SITEDATEFORMAT="DAY_MONTH_YEAR"
STARTDATE="11/02/2018"
STUDYLOCALE="en-US"
SVAUTOSELECTRATE="100"
SVFIRSTNSUBJECTS="100"
/>


<SITE  NAME="(150) Piedmont Plastic Surgery and Dermatology"    MNEMONIC="150"
ADDRESS="5815 Blakeney Park Dr Ste 100"
COUNTRY="UNITED STATES"
PHONE="17045276672"
ALTPHONE="1"
FAX="1"
TIMEZONE="Eastern Standard Time"
SITEDATEFORMAT="DAY_MONTH_YEAR"
STARTDATE="11/02/2018"
STUDYLOCALE="en-US"
SVAUTOSELECTRATE="100"
SVFIRSTNSUBJECTS="100"
/>


<SITE  NAME="(144) Atlanta Dermatology Vein and Research Center PC"    MNEMONIC="144"
ADDRESS="11800 Atlantis Place"
COUNTRY="UNITED STATES"
PHONE="17703608881"
ALTPHONE="1"
FAX="1"
TIMEZONE="Eastern Standard Time"
SITEDATEFORMAT="DAY_MONTH_YEAR"
STARTDATE="11/02/2018"
STUDYLOCALE="en-US"
SVAUTOSELECTRATE="100"
SVFIRSTNSUBJECTS="100"
/>


<SITE  NAME="(123) Renstar Medical Research"    MNEMONIC="123"
ADDRESS="21 NE 1st Avenue"
COUNTRY="UNITED STATES"
PHONE="13526295800"
ALTPHONE="1"
FAX="1"
TIMEZONE="Eastern Standard Time"
SITEDATEFORMAT="DAY_MONTH_YEAR"
STARTDATE="11/02/2018"
STUDYLOCALE="en-US"
SVAUTOSELECTRATE="100"
SVFIRSTNSUBJECTS="100"
/>


<SITE  NAME="(118) Dermatology Center for Skin Health"    MNEMONIC="118"
ADDRESS="600 Suncrest Towne Centre 115"
COUNTRY="UNITED STATES"
PHONE="13045995478"
ALTPHONE="1"
FAX="1"
TIMEZONE="Eastern Standard Time"
SITEDATEFORMAT="DAY_MONTH_YEAR"
STARTDATE="11/02/2018"
STUDYLOCALE="en-US"
SVAUTOSELECTRATE="100"
SVFIRSTNSUBJECTS="100"
/>


<SITE  NAME="(117) Suncoast Research Group LLC"    MNEMONIC="117"
ADDRESS="2128 West Flagler Street"
COUNTRY="UNITED STATES"
PHONE="13056316704"
ALTPHONE="1"
FAX="1"
TIMEZONE="Eastern Standard Time"
SITEDATEFORMAT="DAY_MONTH_YEAR"
STARTDATE="11/02/2018"
STUDYLOCALE="en-US"
SVAUTOSELECTRATE="100"
SVFIRSTNSUBJECTS="100"
/>


<SITE  NAME="(116) Miami Dermatology and Laser Research"    MNEMONIC="116"
ADDRESS="7800 SW 87th Avenue Suite B200"
COUNTRY="UNITED STATES"
PHONE="13052796060"
ALTPHONE="1"
FAX="1"
TIMEZONE="Eastern Standard Time"
SITEDATEFORMAT="DAY_MONTH_YEAR"
STARTDATE="11/02/2018"
STUDYLOCALE="en-US"
SVAUTOSELECTRATE="100"
SVFIRSTNSUBJECTS="100"
/>


<SITE  NAME="(103) University of Alabama at Birmingham - Dermatology"    MNEMONIC="103"
ADDRESS="500 22nd Street South Ste 3400"
COUNTRY="UNITED STATES"
PHONE="12055029960"
ALTPHONE="1"
FAX="1"
TIMEZONE="Eastern Standard Time"
SITEDATEFORMAT="DAY_MONTH_YEAR"
STARTDATE="11/02/2018"
STUDYLOCALE="en-US"
SVAUTOSELECTRATE="100"
SVFIRSTNSUBJECTS="100"
/>


<SITE  NAME="(101) ActivMed Practices and Research - Beverly"    MNEMONIC="101"
ADDRESS="138 Conant Street"
COUNTRY="UNITED STATES"
PHONE="19789696897"
ALTPHONE="1"
FAX="1"
TIMEZONE="Eastern Standard Time"
SITEDATEFORMAT="DAY_MONTH_YEAR"
STARTDATE="11/02/2018"
STUDYLOCALE="en-US"
SVAUTOSELECTRATE="100"
SVFIRSTNSUBJECTS="100"
/>


<SITE  NAME="(171) Great Lakes Research Group"    MNEMONIC="171"
ADDRESS="200 S. Wenona Suite 170"
COUNTRY="UNITED STATES"
PHONE="19898959100"
ALTPHONE="1"
FAX="1"
TIMEZONE="Eastern Standard Time"
SITEDATEFORMAT="DAY_MONTH_YEAR"
STARTDATE="11/02/2018"
STUDYLOCALE="en-US"
SVAUTOSELECTRATE="100"
SVFIRSTNSUBJECTS="100"
/>


<SITE  NAME="(193) Mindful Medical Research"    MNEMONIC="193"
ADDRESS="576 Ave Cesar Gonzalez 101A"
COUNTRY="UNITED STATES"
PHONE="17877659034"
ALTPHONE="1"
FAX="1"
TIMEZONE="Atlantic Standard Time"
SITEDATEFORMAT="DAY_MONTH_YEAR"
STARTDATE="11/02/2018"
STUDYLOCALE="en-US"
SVAUTOSELECTRATE="100"
SVFIRSTNSUBJECTS="100"
/>


<SITE  NAME="(190) Dr Samuel Sanchez PSC"    MNEMONIC="190"
ADDRESS="200 Grand Boulevard Suite Z-5"
COUNTRY="UNITED STATES"
PHONE="17877463136"
ALTPHONE="1"
FAX="1"
TIMEZONE="Atlantic Standard Time"
SITEDATEFORMAT="DAY_MONTH_YEAR"
STARTDATE="11/02/2018"
STUDYLOCALE="en-US"
SVAUTOSELECTRATE="100"
SVFIRSTNSUBJECTS="100"
/>


<SITE  NAME="(188) Centro Reumatologico Dra Amarilis J Perez De Jesus"    MNEMONIC="188"
ADDRESS="Condado Moderno Calle 13 M-36"
COUNTRY="UNITED STATES"
PHONE="17872868465"
ALTPHONE="1"
FAX="1"
TIMEZONE="Atlantic Standard Time"
SITEDATEFORMAT="DAY_MONTH_YEAR"
STARTDATE="11/02/2018"
STUDYLOCALE="en-US"
SVAUTOSELECTRATE="100"
SVFIRSTNSUBJECTS="100"
/>


<SITE  NAME="(182) GCM Medical Group PSC - Santurce"    MNEMONIC="182"
ADDRESS="1826 Fernandez Juncos"
COUNTRY="UNITED STATES"
PHONE="17877268396"
ALTPHONE="1"
FAX="1"
TIMEZONE="Atlantic Standard Time"
SITEDATEFORMAT="DAY_MONTH_YEAR"
STARTDATE="11/02/2018"
STUDYLOCALE="en-US"
SVAUTOSELECTRATE="100"
SVFIRSTNSUBJECTS="100"
/>


<SITE  NAME="(177) SCB Research Center"    MNEMONIC="177"
ADDRESS="73 Santa Cruz Street Suite 405"
COUNTRY="UNITED STATES"
PHONE="17877984592"
ALTPHONE="1"
FAX="1"
TIMEZONE="Atlantic Standard Time"
SITEDATEFORMAT="DAY_MONTH_YEAR"
STARTDATE="11/02/2018"
STUDYLOCALE="en-US"
SVAUTOSELECTRATE="100"
SVFIRSTNSUBJECTS="100"
/>


<SITE  NAME="(175) Dr Alma M Cruz Office"    MNEMONIC="175"
ADDRESS="65th Inf Ave w Roberto Clemente"
COUNTRY="UNITED STATES"
PHONE="17877691954"
ALTPHONE="1"
FAX="1"
TIMEZONE="Atlantic Standard Time"
SITEDATEFORMAT="DAY_MONTH_YEAR"
STARTDATE="11/02/2018"
STUDYLOCALE="en-US"
SVAUTOSELECTRATE="100"
SVFIRSTNSUBJECTS="100"
/>


<SITE  NAME="(170) Ponce School of Medicine Foundation"    MNEMONIC="170"
ADDRESS="CAIMED Center 280 Monterey Street"
COUNTRY="UNITED STATES"
PHONE="17878402505"
ALTPHONE="1"
FAX="1"
TIMEZONE="Atlantic Standard Time"
SITEDATEFORMAT="DAY_MONTH_YEAR"
STARTDATE="11/02/2018"
STUDYLOCALE="en-US"
SVAUTOSELECTRATE="100"
SVFIRSTNSUBJECTS="100"
/>


</MEDMLDATA>