<?xml version="1.0"?>
<MEDMLDATA xmlns="PhaseForward-MedML-Inform4">

<ITEMGROUP 
GROUPNAME="Adjudicator_Editable"
GROUPDESCRIPTION="Items that should be editable to the Adjudicator role. The rest of roles will keep the  access of the CRF Setting that was set up for the item in Central Designer.">
 <!-- Insert ItemRef Names -->
<ITEMREF REFNAME="AEGRPID_RELREC_AJCEV2F1"/>
<ITEMREF REFNAME="DTHTP_AJDTH2F1"/>
<ITEMREF REFNAME="AEGRPID_RELREC_AJCRV3F1"/>
<ITEMREF REFNAME="AEGRPID_RELREC_AJDTH2F1"/>
<ITEMREF REFNAME="AEGRPID_RELREC_AJHSPHF3F1"/>
<ITEMREF REFNAME="AEGRPID_RELREC_AJPNC2F1"/>
<ITEMREF REFNAME="EPAEDAT_AJCEV2F1"/>
<ITEMREF REFNAME="EPAEDAT_AJCIE3F1"/>
<ITEMREF REFNAME="EPAEDAT_AJCRV3F1"/>
<ITEMREF REFNAME="EPAEDAT_AJDTH2F1"/>
<ITEMREF REFNAME="EPAEDAT_AJHSPHF3F1"/>
<ITEMREF REFNAME="EVDTAGMT_AJCEV2F1"/>
<ITEMREF REFNAME="EVDTAGMT_AJCIE3F1"/>
<ITEMREF REFNAME="EVDTAGMT_AJCRV3F1"/>
<ITEMREF REFNAME="EVDTAGMT_AJDTH2F1"/>
<ITEMREF REFNAME="EVDTAGMT_AJHSPHF3F1"/>
<ITEMREF REFNAME="EVDTAGMT_AJPNC2F1"/>
<ITEMREF REFNAME="CECAJASM_AJCEV2F1"/>
<ITEMREF REFNAME="CECAJASM_AJCIE3F1"/>
<ITEMREF REFNAME="CECAJASM_AJCRV3F1"/>
<ITEMREF REFNAME="CECAJASM_AJHSPHF3F1"/>
<ITEMREF REFNAME="CECAJASM_AJPNC2F1"/>
<ITEMREF REFNAME="PNCR2_CMPD_AJPNC2F1"/>
<ITEMREF REFNAME="PNCR3_AJPNC2F1"/>
<ITEMREF REFNAME="PNCR4_CMPD_AJPNC2F1"/>
<ITEMREF REFNAME="PNCR5_CMPD_AJPNC2F1"/>
<ITEMREF REFNAME="CRVR2_AJCRV3F1"/>
<ITEMREF REFNAME="CRVR5_AJCRV3F1"/>
<ITEMREF REFNAME="CRVR6_AJCRV3F1"/>
<ITEMREF REFNAME="AEGRPID_RELREC_AJCIE3F1"/>

</ITEMGROUP>

<ITEMGROUP 
GROUPNAME="Adjudicator_Hidden"
GROUPDESCRIPTION="Items that should be hidden to the Adjudicator role. The rest of roles will keep the  access that was set up for them within the system (i.e. PI and SC should have editable access to the items where they have editable access).">
 <!-- Insert ItemRef Names -->
<ITEMREF REFNAME="SU_SPIRITS_CMPD_SU1001_F2"/>
<ITEMREF REFNAME="SUNCF_TOBACCO_SU3F1"/>
<ITEMREF REFNAME="SUNCF_ALCOHOL_SU1F1"/>
<ITEMREF REFNAME="SUNCF_ALCOHOL_SU1001_F2"/>
<ITEMREF REFNAME="SU_BEER_CMPD_SU1001_F2"/>
<ITEMREF REFNAME="SU_WINE_CMPD_SU1001_F2"/>
<ITEMREF REFNAME="SUDAT_SU1001_F2"/>
<ITEMREF REFNAME="SUDOSADJ_ALCOHOL_SU1F3"/>
<ITEMREF REFNAME="SUDOSADJ_RECDRUG_SU5F2"/>
<ITEMREF REFNAME="VISDAT"/>
<ITEMREF REFNAME="SCR_SYS_F1"/>
<ITEMREF REFNAME="SUBJINIT_SYS_F1"/>
<ITEMREF REFNAME="SUNCF_METH_SU5001_F1"/>
<ITEMREF REFNAME="SUNCF_COCAINE_SU5001_F1"/>
<ITEMREF REFNAME="VISITOCCUR_SV1F1"/>
<ITEMREF REFNAME="THYDRES2_THYD2F1"/>
<ITEMREF REFNAME="THYDPERF_THYD2F1"/>
<ITEMREF REFNAME="THYDASMDAT_THYD2F1"/>
<ITEMREF REFNAME="THYDRES1_THYD2F1"/>
<ITEMREF REFNAME="THYDRES3_THYD2F1"/>
<ITEMREF REFNAME="THYDRES4_THYD2F1"/>
<ITEMREF REFNAME="igTHYD2001_F1_S2"/>
<ITEMREF REFNAME="ENDPT_CMPD_TRIGEND_F1"/>
<ITEMREF REFNAME="FASPID_THYD2F1"/>
<ITEMREF REFNAME="igVS1001_F1_S1"/>
<ITEMREF REFNAME="igVS1001_C1F1_S1"/>
<ITEMREF REFNAME="VSDAT_TPT1_VS1C1F1"/>
<ITEMREF REFNAME="VSDAT_TPT1_VS1F1"/>
<ITEMREF REFNAME="VSPERF_TPT1_VS1F1"/>
<ITEMREF REFNAME="VSTIM_TPT1_VS1F1"/>
<ITEMREF REFNAME="VSPOS_BP_VS1F1"/>
<ITEMREF REFNAME="VSTPT_TPT1_VS1F1"/>
<ITEMREF REFNAME="VSSPID_TPT1_VS1F1"/>
<ITEMREF REFNAME="VSPOS_BP_VS1C1F1"/>
<ITEMREF REFNAME="VSTIM_TPT1_VS1C1F1"/>
<ITEMREF REFNAME="VSPERF_TPT1_VS1C1F1"/>
<ITEMREF REFNAME="VSTPT_TPT1_VS1C1F1"/>
<ITEMREF REFNAME="VSSPID_TPT1_VS1C1F1"/>
<ITEMREF REFNAME="WEIGHTU_TPT1_VS1F1"/>
<ITEMREF REFNAME="BP_CMPD_TPT1_VS1C1F1"/>
<ITEMREF REFNAME="BMIU_TPT1_VS1C1F1"/>
<ITEMREF REFNAME="BP_CMPD_TPT1_VS1F1"/>
<ITEMREF REFNAME="PULSEU_TPT1_VS1C1F1"/>
<ITEMREF REFNAME="PULSEU_TPT1_VS1F1"/>
<ITEMREF REFNAME="FASPID_AHRFUF1"/>
<ITEMREF REFNAME="igAHRFU2001_F1_S2"/>
<ITEMREF REFNAME="MHONGO_MH7001_F1"/>
<ITEMREF REFNAME="MHSEV_MH7001_F1"/>
<ITEMREF REFNAME="MHSPID_MH7001_F1"/>
<ITEMREF REFNAME="MHSTDAT_MH7001_F1"/>
<ITEMREF REFNAME="MHTERM_MH7001_F1"/>
<ITEMREF REFNAME="MHYN_MH7001_F1"/>
<ITEMREF REFNAME="igMH7001_F1_S2"/>
<ITEMREF REFNAME="igMHPRESP1001_F1_S1"/>
<ITEMREF REFNAME="MHOCCUR_MHPRESPF1"/>
<ITEMREF REFNAME="MHOCCUR_PROC_MHPRESPF1"/>
<ITEMREF REFNAME="MHSPID_MHPRESPF1"/>
<ITEMREF REFNAME="MHTERM_MHPRESPF1"/>
<ITEMREF REFNAME="MHSPID_MHPRESP_F2"/>
<ITEMREF REFNAME="MHOCCUR_MHPRESP_F2"/>
<ITEMREF REFNAME="MHOCCUR_MHPRESP"/>
<ITEMREF REFNAME="MHONGO_MHPRESP1F3"/>
<ITEMREF REFNAME="MHSPID_MHPRESP1F3"/>
<ITEMREF REFNAME="MHTERM_MHPRESP1F3"/>
<ITEMREF REFNAME="igMHPRESP1001_F3_S1"/>
<ITEMREF REFNAME="igSAE2001_F1_S2"/>
<ITEMREF REFNAME="igSAE2001_F1_S3"/>
<ITEMREF REFNAME="igSAE2001_F1_S4"/>
<ITEMREF REFNAME="igSAE2001_F1_S5"/>
<ITEMREF REFNAME="igSAE2001_F1_S6"/>
<ITEMREF REFNAME="STAT_STATGUT_C1F1"/>
<ITEMREF REFNAME="STAT_STATGUT_C2F1"/>
<ITEMREF REFNAME="STAT_V1_STATGUT_C3F1"/>
<ITEMREF REFNAME="STAT_V1_STATGUT_F1"/>
<ITEMREF REFNAME="STAT_RAND_STATGUT_F2"/>
<ITEMREF REFNAME="STAT_CPL_F3"/>
<ITEMREF REFNAME="STAT_STATGUT_F4"/>
<ITEMREF REFNAME="WEIGHTU_TPT1_VS1C1F1"/>
<ITEMREF REFNAME="HEIGHTU_TPT1_VS1C1F1"/>
<ITEMREF REFNAME="igAE3001b_F1_S2"/>
<ITEMREF REFNAME="AEGRPID_AE3001_F1_S1"/>
<ITEMREF REFNAME="AEGRPID_AE3001_F1_S2"/>
<ITEMREF REFNAME="AEACN_AE3001_F1"/>
<ITEMREF REFNAME="AEGRPID_RELREC_AHRFUF1"/>
<ITEMREF REFNAME="AEGRPID_RELREC_INJ"/>
<ITEMREF REFNAME="AEGRPID_RELREC_THYD2F1"/>
<ITEMREF REFNAME="AEONGO_AE3001_F1"/>
<ITEMREF REFNAME="AEREL_AE3001_F1"/>
<ITEMREF REFNAME="AERELDVC_AE3001_F1"/>
<ITEMREF REFNAME="AERELNST_CMPD_AE3001_F1"/>
<ITEMREF REFNAME="AEOUT_AE3001_F1"/>
<ITEMREF REFNAME="AETERM_AE3001_F1"/>
<ITEMREF REFNAME="AESPID_AE3001_F1"/>
<ITEMREF REFNAME="AESTDAT_AE3001_F1"/>
<ITEMREF REFNAME="AESTTIM_AE3001_F1"/>
<ITEMREF REFNAME="AESEV_AE3001_F1"/>
<ITEMREF REFNAME="AESER_AE3001_F1"/>
<ITEMREF REFNAME="AEYN_AE3001_F2"/>
<ITEMREF REFNAME="EXCMP_EXCMP1001_F1"/>
<ITEMREF REFNAME="PROCCUR_CT_HMPR1F1"/>
<ITEMREF REFNAME="PROCCUR_MRI_HMPR1F1"/>
<ITEMREF REFNAME="PROCCUR_US_HMPR1F1"/>
<ITEMREF REFNAME="PROCCUR_MRC_HMPR1F1"/>
<ITEMREF REFNAME="PROCCUR_ERC_HMPR1F1"/>
<ITEMREF REFNAME="PROCCUR_MRE_HMPR1F1"/>
<ITEMREF REFNAME="PROCCUR_MRS_HMPR1F1"/>
<ITEMREF REFNAME="PRYN_HMPR_HMPR1F1"/>
<ITEMREF REFNAME="HRFAASMDAT_HRFA1001_F1"/>
<ITEMREF REFNAME="HRFARES1_HRFA1001_F1"/>
<ITEMREF REFNAME="HRFARES2_HRFA1001_F1"/>
<ITEMREF REFNAME="HRFARES3_HRFA1001_F1"/>
<ITEMREF REFNAME="HRFARES4_HRFA1001_F1"/>
<ITEMREF REFNAME="HRFARES6_HRFA1001_F1"/>
<ITEMREF REFNAME="HRFARES7_HRFA1001_F1"/>
<ITEMREF REFNAME="HRFARES8_HRFA1001_F1"/>
<ITEMREF REFNAME="HRFARES9_HRFA1001_F1"/>
<ITEMREF REFNAME="HRFARES10_HRFA1001_F1"/>
<ITEMREF REFNAME="HRFARES5_HRFA1001_F1"/>
<ITEMREF REFNAME="HRFARES11_HRFA1001_F1"/>
<ITEMREF REFNAME="HRFARES12_HRFA1001_F1"/>
<ITEMREF REFNAME="HYOCCUR_HYPO1F1"/>
<ITEMREF REFNAME="HYPOSTDAT_HYPO1F1"/>
<ITEMREF REFNAME="HYPOSTTIM_HYPO1F1"/>
<ITEMREF REFNAME="HYPORES1_HYPO1F1"/>
<ITEMREF REFNAME="HYPORES3_HYPO1F1"/>
<ITEMREF REFNAME="HYCONTRT_HYPO1F1"/>
<ITEMREF REFNAME="CESPID_HYPO1F1"/>
<ITEMREF REFNAME="BGCONCSTAT_HYPO1F1"/>
<ITEMREF REFNAME="igHYPO1001_F1_S2"/>
<ITEMREF REFNAME="igINJSR1001_F1_S2"/>
<ITEMREF REFNAME="CESPID_INJ"/>
<ITEMREF REFNAME="CEOCCUR_10022058_INJ"/>
<ITEMREF REFNAME="CEOCCUR_10022061_INJ"/>
<ITEMREF REFNAME="CEOCCUR_10022075_INJ"/>
<ITEMREF REFNAME="CEOCCUR_10022086_INJ"/>
<ITEMREF REFNAME="CEOCCUR_10022093_INJ"/>
<ITEMREF REFNAME="IISRYN_INJSR1_F1"/>
<ITEMREF REFNAME="IISRLOC_INJ"/>
<ITEMREF REFNAME="IWSPRES1_IWSP1001_F1"/>
<ITEMREF REFNAME="IWSPRES2_IWSP1001_F1"/>
<ITEMREF REFNAME="IWSPRES3_IWSP1001_F1"/>
<ITEMREF REFNAME="LRSSPERF_LRSS1001_F1"/>
<ITEMREF REFNAME="AHRFUYN_AHRFU2F1"/>
<ITEMREF REFNAME="AHRFURES15_CMPD_AHRFUF1"/>
<ITEMREF REFNAME="AHRFULSTDOSEDAT_AHRFUF1"/>
<ITEMREF REFNAME="AHRFURES12_AHRFUF1"/>
<ITEMREF REFNAME="AHRFURES14_AHRFUF1"/>
<ITEMREF REFNAME="AHRFURES6_AHRFUF1"/>
<ITEMREF REFNAME="AHRFURES7_AHRFUF1"/>
<ITEMREF REFNAME="AHRFURES3_AHRFUF1"/>
<ITEMREF REFNAME="AHRFURES4_AHRFUF1"/>
<ITEMREF REFNAME="AHRFURES5_AHRFUF1"/>
<ITEMREF REFNAME="AHRFURES8_AHRFUF1"/>
<ITEMREF REFNAME="AHRFURES9YN_AHRFUF1"/>
<ITEMREF REFNAME="AHRFURES16_AHRFUF1"/>
<ITEMREF REFNAME="APMHOCCUR1_10001806_APMH"/>
<ITEMREF REFNAME="APMHOCCUR1_10061664_APMH"/>
<ITEMREF REFNAME="APMHOCCUR1_10019478_APMH"/>
<ITEMREF REFNAME="APPADLRES1_APPADL1001_F1"/>
<ITEMREF REFNAME="APPADLRES2_APPADL1001_F1"/>
<ITEMREF REFNAME="APPADLRES3_APPADL1001_F1"/>
<ITEMREF REFNAME="APPADLRES4_APPADL1001_F1"/>
<ITEMREF REFNAME="APPADLRES5_APPADL1001_F1"/>
<ITEMREF REFNAME="APPADLRES6_APPADL1001_F1"/>
<ITEMREF REFNAME="APPADLRES7_APPADL1001_F1"/>
<ITEMREF REFNAME="BGCONCSTAT_6_BG2001_F2"/>
<ITEMREF REFNAME="BGCONCSTAT_5_BG2001_F2"/>
<ITEMREF REFNAME="BGCONCSTAT_4_BG2001_F2"/>
<ITEMREF REFNAME="BGCONCSTAT_3_BG2001_F2"/>
<ITEMREF REFNAME="BGCONCSTAT_2_BG2001_F2"/>
<ITEMREF REFNAME="BGCONCSTAT_BG2001_F2"/>
<ITEMREF REFNAME="LBTPT_2_BG2001_F2"/>
<ITEMREF REFNAME="LBTPT_3_BG2001_F2"/>
<ITEMREF REFNAME="LBTPT_4_BG2001_F2"/>
<ITEMREF REFNAME="LBTPT_5_BG2001_F2"/>
<ITEMREF REFNAME="LBTPT_6_BG2001_F2"/>
<ITEMREF REFNAME="BGPERF_BG2001_F2"/>
<ITEMREF REFNAME="BGDAT_BG2001_F2"/>
<ITEMREF REFNAME="LBTPT_BG2001_F2"/>
<ITEMREF REFNAME="BRPERF_BR1001_F1"/>
<ITEMREF REFNAME="BRDIAG_BR1001_F1"/>
<ITEMREF REFNAME="BRPERF_BR1001_F2"/>
<ITEMREF REFNAME="BRDAT_BR1001_F2"/>
<ITEMREF REFNAME="BRDIAG_BR1001_F2"/>
<ITEMREF REFNAME="igBR1001_F2_S2"/>
<ITEMREF REFNAME="XPLOC_BR1001_F2"/>
<ITEMREF REFNAME="XPSPID_BR1001_F2"/>
<ITEMREF REFNAME="BIOPSYTP_BR1001_F2"/>
<ITEMREF REFNAME="CASEBOOKSIG_CBSIG_F1"/>
<ITEMREF REFNAME="CVRISKRES1_CVRISKF1"/>
<ITEMREF REFNAME="CVRISKRES2_CVRISKF1"/>
<ITEMREF REFNAME="CVRISKRES3_CVRISKF1"/>
<ITEMREF REFNAME="CVRISKRES4_CVRISKF1"/>
<ITEMREF REFNAME="CVRISKRES5_CVRISKF1"/>
<ITEMREF REFNAME="CVRISKRES6_CVRISKF1"/>
<ITEMREF REFNAME="CVRISKRES7_CVRISKF1"/>
<ITEMREF REFNAME="CVRISKRES8_CVRISKF1"/>
<ITEMREF REFNAME="CVRISKRES9_CVRISKF1"/>
<ITEMREF REFNAME="CVRISKRES10_CVRISKF1"/>
<ITEMREF REFNAME="CVRISKRES11_CVRISKF1"/>
<ITEMREF REFNAME="CVRISKRES12_CVRISKF1"/>
<ITEMREF REFNAME="CVRISKRES13_CVRISKF1"/>
<ITEMREF REFNAME="CVRISKRES14_CVRISKF1"/>
<ITEMREF REFNAME="CVRISKRES15_CVRISKF1"/>
<ITEMREF REFNAME="CVRISKRES16_CVRISKF1"/>
<ITEMREF REFNAME="CVRISKRES17_CVRISKF1"/>
<ITEMREF REFNAME="DIDEQRES10_DIDEQ1F1"/>
<ITEMREF REFNAME="DIDEQRES1_DIDEQ1F1"/>
<ITEMREF REFNAME="DIDEQRES2_DIDEQ1F1"/>
<ITEMREF REFNAME="DIDEQRES3_DIDEQ1F1"/>
<ITEMREF REFNAME="DIDEQRES4_DIDEQ1F1"/>
<ITEMREF REFNAME="DIDEQRES5_DIDEQ1F1"/>
<ITEMREF REFNAME="DIDEQRES6_DIDEQ1F1"/>
<ITEMREF REFNAME="DIDEQRES7_DIDEQ1F1"/>
<ITEMREF REFNAME="DIDEQRES8_DIDEQ1F1"/>
<ITEMREF REFNAME="DIDEQRES9_DIDEQ1F1"/>
<ITEMREF REFNAME="BRTHYR_DM1001_F1"/>
<ITEMREF REFNAME="ETHNIC_DM1001_F1"/>
<ITEMREF REFNAME="SEX_DM1001_F1"/>
<ITEMREF REFNAME="RACE_CMPD_DM1001_F1"/>
<ITEMREF REFNAME="DSDECOD_DS1C1F6"/>
<ITEMREF REFNAME="DSDECOD_DS1F2"/>
<ITEMREF REFNAME="DSDECOD_DS1F4"/>
<ITEMREF REFNAME="DSDECOD_DS1F5"/>
<ITEMREF REFNAME="DSDECOD_DS1F6"/>
<ITEMREF REFNAME="DSDECOD_DS1F7"/>
<ITEMREF REFNAME="DSSTDAT_DS1C1F6"/>
<ITEMREF REFNAME="DSSTDAT_DS1F2"/>
<ITEMREF REFNAME="DSSTDAT_DS1F4"/>
<ITEMREF REFNAME="DSSTDAT_DS1F5"/>
<ITEMREF REFNAME="DSSTDAT_DS1F6"/>
<ITEMREF REFNAME="DSSTDAT_DS1F7"/>
<ITEMREF REFNAME="DSSTDAT_IC_DS2001_F1"/>
<ITEMREF REFNAME="DSSTDAT_IC_DS2001_F3"/>
<ITEMREF REFNAME="ECOCCUR_EC1001_F1"/>
<ITEMREF REFNAME="ECTPT_EC1001_F1"/>
<ITEMREF REFNAME="ECTRT_EC1001_F1"/>
<ITEMREF REFNAME="ECSPID_EC1001_F1"/>
<ITEMREF REFNAME="EGCMPBSL_EG3_F2"/>
<ITEMREF REFNAME="EGDAT_EG3001_F1"/>
<ITEMREF REFNAME="EGDAT_EG3001_F2"/>
<ITEMREF REFNAME="EGPERF_EG3001_F1"/>
<ITEMREF REFNAME="EGPERF_EG3001_F2"/>
<ITEMREF REFNAME="EGSPID_EG3001_F1"/>
<ITEMREF REFNAME="EGSPID_EG3001_F2"/>
<ITEMREF REFNAME="EGTIM_EG3001_F1"/>
<ITEMREF REFNAME="EGTIM_EG3001_F2"/>
<ITEMREF REFNAME="EGTPT_EG3001_F1"/>
<ITEMREF REFNAME="EGTPT_EG3001_F2"/>
<ITEMREF REFNAME="EGMIEEVL_EG3_F1"/>
<ITEMREF REFNAME="igEG3001_F1_S2"/>
<ITEMREF REFNAME="igEG3001_F2_S2"/>
<ITEMREF REFNAME="EQ5D0201_EQ5DL2_F1"/>
<ITEMREF REFNAME="EQ5D0202_EQ5DL2_F1"/>
<ITEMREF REFNAME="EQ5D0203_EQ5DL2_F1"/>
<ITEMREF REFNAME="EQ5D0204_EQ5DL2_F1"/>
<ITEMREF REFNAME="EQ5D0205_EQ5DL2_F1"/>
<ITEMREF REFNAME="EQ5D0206_EQ5DL2_F1"/>
<ITEMREF REFNAME="EQ5D5LASMDAT_EQ5DL2_F1"/>
<ITEMREF REFNAME="EQ5D5LPERF_EQ5DL2_F1"/>
<ITEMREF REFNAME="CDA1_CDQA"/>
<ITEMREF REFNAME="CDA2_CDQA"/>
<ITEMREF REFNAME="COSPID_CDQA"/>
<ITEMREF REFNAME="SUBJID"/>
<ITEMREF REFNAME="CMYN_CM1C1F2"/>
<ITEMREF REFNAME="CMSPID_CM1C1F2"/>
<ITEMREF REFNAME="CMSTDAT_CM1C1F2"/>
<ITEMREF REFNAME="CMTRT_CM1C1F2"/>
<ITEMREF REFNAME="CMONGO_CM1C1F2"/>
<ITEMREF REFNAME="CMENREAS_CM1C1F2"/>
<ITEMREF REFNAME="CMADJ_CM1C1F2"/>
<ITEMREF REFNAME="CMINDC_CM1C1F2"/>
<ITEMREF REFNAME="CMDOSTOTU_CM1C1F2"/>
<ITEMREF REFNAME="CMDOSTOT_CM1C1F2"/>
<ITEMREF REFNAME="CMROUTE_CM1C1F2"/>
<ITEMREF REFNAME="igCM1001_C1F2_S2"/>
<ITEMREF REFNAME="igCM1001_C2F2_S2"/>
<ITEMREF REFNAME="CMADJ_CM1C2F2"/>
<ITEMREF REFNAME="CMDOSTOTU_CM1C2F2"/>
<ITEMREF REFNAME="CMDOSTOT_CM1C2F2"/>
<ITEMREF REFNAME="CMINDC_CM1C2F2"/>
<ITEMREF REFNAME="CMENREAS_CM1C2F2"/>
<ITEMREF REFNAME="CMONGO_CM1C2F2"/>
<ITEMREF REFNAME="CMROUTE_CM1C2F2"/>
<ITEMREF REFNAME="CMSPID_CM1C2F2"/>
<ITEMREF REFNAME="CMSTDAT_CM1C2F2"/>
<ITEMREF REFNAME="CMTRT_CM1C2F2"/>
<ITEMREF REFNAME="CMYN_CM1C2F2"/>
<ITEMREF REFNAME="CMYN_CM1F1"/>
<ITEMREF REFNAME="CMYN_CM1F2"/>
<ITEMREF REFNAME="CMDOSE_CM1F2"/>
<ITEMREF REFNAME="CMDOSEU_CM1F2"/>
<ITEMREF REFNAME="CMDOSFRQ_CM1F2"/>
<ITEMREF REFNAME="CMENREAS_CM1F2"/>
<ITEMREF REFNAME="CMINDC_CM1F2"/>
<ITEMREF REFNAME="CMROUTE_CM1F2"/>
<ITEMREF REFNAME="CMONGO_CM1F2"/>
<ITEMREF REFNAME="CMSPID_CM1F2"/>
<ITEMREF REFNAME="CMSTDAT_CM1F2"/>
<ITEMREF REFNAME="CMTRT_CM1F2"/>
<ITEMREF REFNAME="igCM1001_F2_S2"/>
<ITEMREF REFNAME="igCM1001_F1_S2"/>
<ITEMREF REFNAME="CMINDC_CM1F1"/>
<ITEMREF REFNAME="CMONGO_CM1F1"/>
<ITEMREF REFNAME="CMSPID_CM1F1"/>
<ITEMREF REFNAME="CMTRT_CM1F1"/>
<ITEMREF REFNAME="CMSTDAT_CM1F1"/>
<ITEMREF REFNAME="CMDOSTOTU_CM3001_F1"/>
<ITEMREF REFNAME="CMDOSTOT_CM3001_F1"/>
<ITEMREF REFNAME="CMDOSFRQ_CM3001_F1"/>
<ITEMREF REFNAME="CMONGO_CM3001_F1"/>
<ITEMREF REFNAME="CMOCCUR_CM3001_F1"/>

</ITEMGROUP>

<ITEMGROUP 
GROUPNAME="Adjudicator_ReadOnly"
GROUPDESCRIPTION="Items that should be read only to the Adjudicator role. The rest of roles will keep the  access of the CRF Setting that was set up for the item in Central Designer.">
 <!-- Insert ItemRef Names -->
<ITEMREF REFNAME="AEGRPID_RELREC_EPCEV_F1"/>
<ITEMREF REFNAME="SBPERF_EPCIE_F1"/>
<ITEMREF REFNAME="AEGRPID_RELREC_EPCRVF1"/>
<ITEMREF REFNAME="AEGRPID_RELREC_EPDTHF1"/>
<ITEMREF REFNAME="AEGRPID_RELREC_EPHSPHF_F1"/>
<ITEMREF REFNAME="AEGRPID_RELREC_EPPNC_F1"/>
<ITEMREF REFNAME="CEVR1_EPCEV_F1"/>
<ITEMREF REFNAME="CEVR3_EPCEV_F1"/>
<ITEMREF REFNAME="CEVR8_EPCEV_F1"/>
<ITEMREF REFNAME="CEVR9_EPCEV_F1"/>
<ITEMREF REFNAME="CEVRES7_CMPD_EPCEV_F1"/>
<ITEMREF REFNAME="CIER10_EPCIE_F1"/>
<ITEMREF REFNAME="CIER1_EPCIE_F1"/>
<ITEMREF REFNAME="CIER3_CMPD_EPCIE_F1"/>
<ITEMREF REFNAME="CRVR1_EPCRVF1"/>
<ITEMREF REFNAME="CRVR2_EPCRVF1"/>
<ITEMREF REFNAME="CRVR5_EPCRVF1"/>
<ITEMREF REFNAME="CRVR7_EPCRVF1"/>
<ITEMREF REFNAME="CRVR8_EPCRVF1"/>
<ITEMREF REFNAME="EGPERFCIE_EPCIE_F1"/>
<ITEMREF REFNAME="DTHTP_EPDTHF1"/>
<ITEMREF REFNAME="EPAEDAT_EPCEV_F1"/>
<ITEMREF REFNAME="EPAEDAT_EPCIE_F1"/>
<ITEMREF REFNAME="EPAEDAT_EPCRVF1"/>
<ITEMREF REFNAME="EPAEDAT_EPDTHF1"/>
<ITEMREF REFNAME="EPAEDAT_EPHSPHF_F1"/>
<ITEMREF REFNAME="EPAEDAT_EPPNC_F1"/>
<ITEMREF REFNAME="EPDTHRES10_EPDTHF1"/>
<ITEMREF REFNAME="EPDTHRES11_EPDTHF1"/>
<ITEMREF REFNAME="EPDTHRES5_EPDTHF1"/>
<ITEMREF REFNAME="FASPID_AJCEV2F1"/>
<ITEMREF REFNAME="FASPID_AJCIE3F1"/>
<ITEMREF REFNAME="FASPID_AJCRV3F1"/>
<ITEMREF REFNAME="FASPID_AJHSPHF3F1"/>
<ITEMREF REFNAME="FASPID_AJPNC2F1"/>
<ITEMREF REFNAME="FASPID_EPCEV_F1"/>
<ITEMREF REFNAME="FASPID_EPCIE_F1"/>
<ITEMREF REFNAME="FASPID_EPCRVF1"/>
<ITEMREF REFNAME="FASPID_EPHSPHF_F1"/>
<ITEMREF REFNAME="FASPID_EPPNC_F1"/>
<ITEMREF REFNAME="HSPHFR1_CMPD_EPHSPHF_F1"/>
<ITEMREF REFNAME="PNCR6_EPPNC_F1"/>
<ITEMREF REFNAME="PNCR7_EPPNC_F1"/>
<ITEMREF REFNAME="PNCR9_EPPNC_F1"/>
<ITEMREF REFNAME="PNCR13_EPPNC_F1"/>
<ITEMREF REFNAME="PNCR11_EPPNC_F1"/>
<ITEMREF REFNAME="PNCR12_EPPNC_F1"/>
<ITEMREF REFNAME="AEGRPID_RELREC_EPCIE_F1"/>

</ITEMGROUP>

<ITEMGROUP 
GROUPNAME="Data_Manager_ReadOnly"
GROUPDESCRIPTION="Items that are hidden by design and should be viewable to Data Manager.">
 <!-- Insert ItemRef Names -->
<ITEMREF REFNAME="XPSPID_MRC_HMPR1F1"/>
<ITEMREF REFNAME="XPSPID_ERC_HMPR1F1"/>
<ITEMREF REFNAME="XPSPID_MRS_HMPR1F1"/>
<ITEMREF REFNAME="XPSPID_MRE_HMPR1F1"/>
<ITEMREF REFNAME="PRSPID_CT_HMPR1F1"/>
<ITEMREF REFNAME="PRSPID_ERC_HMPR1F1"/>
<ITEMREF REFNAME="PRSPID_MRC_HMPR1F1"/>
<ITEMREF REFNAME="PRSPID_MRE_HMPR1F1"/>
<ITEMREF REFNAME="PRSPID_MRI_HMPR1F1"/>
<ITEMREF REFNAME="PRSPID_MRS_HMPR1F1"/>
<ITEMREF REFNAME="PRSPID_US_HMPR1F1"/>
<ITEMREF REFNAME="PRPRESP_HMPR1F1"/>
<ITEMREF REFNAME="PRTRT_HMPR_CT_HMPR1F1"/>
<ITEMREF REFNAME="PRTRT_HMPR_ERC_HMPR1F1"/>
<ITEMREF REFNAME="PRTRT_HMPR_MRC_HMPR1F1"/>
<ITEMREF REFNAME="PRTRT_HMPR_MRE_HMPR1F1"/>
<ITEMREF REFNAME="PRTRT_HMPR_MRI_HMPR1F1"/>
<ITEMREF REFNAME="PRTRT_HMPR_MRS_HMPR1F1"/>
<ITEMREF REFNAME="PRTRT_HMPR_US_HMPR1F1"/>
<ITEMREF REFNAME="HMPRES2U_MRE_HMPR1F1"/>
<ITEMREF REFNAME="HMPRES4U_CT_HMPR1F1"/>
<ITEMREF REFNAME="HMPRES4U_ERC_HMPR1F1"/>
<ITEMREF REFNAME="HMPRES4U_MRC_HMPR1F1"/>
<ITEMREF REFNAME="HMPRES4U_MRI_HMPR1F1"/>
<ITEMREF REFNAME="HMPRES4U_MRS_HMPR1F1"/>
<ITEMREF REFNAME="HMPRES4U_US_HMPR1F1"/>
<ITEMREF REFNAME="HMPRES5U_CT_HMPR1F1"/>
<ITEMREF REFNAME="HMPRES5U_ERC_HMPR1F1"/>
<ITEMREF REFNAME="HMPRES5U_MRC_HMPR1F1"/>
<ITEMREF REFNAME="HMPRES5U_MRI_HMPR1F1"/>
<ITEMREF REFNAME="HMPRES5U_MRS_HMPR1F1"/>
<ITEMREF REFNAME="HMPRES5U_US_HMPR1F1"/>
<ITEMREF REFNAME="HRFAEVAL_HRFA1001_F1"/>
<ITEMREF REFNAME="QSCAT_HRFA1001_F1"/>
<ITEMREF REFNAME="MHLLTCDPRESP_MHPRESP1F3"/>
<ITEMREF REFNAME="DICT_DICTVER_MHPRESP1F3"/>
<ITEMREF REFNAME="MHPRESP_MHPRESP1F3"/>
<ITEMREF REFNAME="MHCAT_4_MHPRESP1F3"/>
<ITEMREF REFNAME="AECAT_AE3001_F2"/>
<ITEMREF REFNAME="AECAT_AE3001_F1"/>
<ITEMREF REFNAME="DICT_DICTVER_AE3001_F1"/>
<ITEMREF REFNAME="AEDECOD_AE3001_F1"/>
<ITEMREF REFNAME="AELLT_AE3001_F1"/>
<ITEMREF REFNAME="AELLTCD_AE3001_F1"/>
<ITEMREF REFNAME="AETERM_MAP_AE3001_F1"/>
<ITEMREF REFNAME="CMCAT_CM1F1"/>
<ITEMREF REFNAME="CMSCAT_CM1F1"/>
<ITEMREF REFNAME="DICT_DICTVER_CM1F1"/>
<ITEMREF REFNAME="CMDECOD_CM1F1"/>
<ITEMREF REFNAME="CMTRADNM_CM1F1"/>
<ITEMREF REFNAME="TRTTERMCD_CM1F1"/>
<ITEMREF REFNAME="CMCLASCD_CM1F1"/>
<ITEMREF REFNAME="CMCLAS_CM1F1"/>
<ITEMREF REFNAME="CMTRT_MAP_CM1F1"/>
<ITEMREF REFNAME="SUCAT_ALCOHOL_SU1001_F2"/>
<ITEMREF REFNAME="SUCAT_ALCOHOL_SU1F3"/>
<ITEMREF REFNAME="APID1_10061664_APMH"/>
<ITEMREF REFNAME="APID1_10001806_APMH"/>
<ITEMREF REFNAME="APID1_10019478_APMH"/>
<ITEMREF REFNAME="APMHPRESP_10001806_APMH"/>
<ITEMREF REFNAME="APMHPRESP_10019478_APMH"/>
<ITEMREF REFNAME="APMHPRESP_10061664_APMH"/>
<ITEMREF REFNAME="MHLLTCDPRESP_10001806_APM"/>
<ITEMREF REFNAME="MHLLTCDPRESP_10019478_APM"/>
<ITEMREF REFNAME="MHLLTCDPRESP_10061664_APM"/>
<ITEMREF REFNAME="MHSPID_10001806_APMH"/>
<ITEMREF REFNAME="MHSPID_10019478_APMH"/>
<ITEMREF REFNAME="MHSPID_10061664_APMH"/>
<ITEMREF REFNAME="MHCAT_4_APMH1F1"/>
<ITEMREF REFNAME="DICT_DICTVER_APMH"/>
<ITEMREF REFNAME="INDCOMP_CM1F1"/>
<ITEMREF REFNAME="XPCAT_BR1001_F1"/>
<ITEMREF REFNAME="CMCAT_CM3001_F1"/>
<ITEMREF REFNAME="CMTRT_CM3001_F1"/>
<ITEMREF REFNAME="DICT_DICTVER_CM3001_F1"/>
<ITEMREF REFNAME="CMDECOD_CM3001_F1"/>
<ITEMREF REFNAME="CMTRADNM_CM3001_F1"/>
<ITEMREF REFNAME="TRTTERMCD_CM3001_F1"/>
<ITEMREF REFNAME="CMCLASCD_CM3001_F1"/>
<ITEMREF REFNAME="CMCLAS_CM3001_F1"/>
<ITEMREF REFNAME="CMSPID_CM3001_F1"/>
<ITEMREF REFNAME="LRSSEVAL_LRSS1001_F1"/>
<ITEMREF REFNAME="LRSSOBJ_LRSS1001_F1"/>
<ITEMREF REFNAME="FACAT_LRSS1001_F1"/>
<ITEMREF REFNAME="FASPID_LRSS1001_F1"/>
<ITEMREF REFNAME="SUPRESP_SU1001_F2"/>
<ITEMREF REFNAME="SUPRESP_SU5001_F1"/>
<ITEMREF REFNAME="SUPRESP_SU5001_F2"/>
<ITEMREF REFNAME="SUCAT_REC_DRUG_SU5001_F1"/>
<ITEMREF REFNAME="SUCAT_REC_DRUG_SU5F2"/>
<ITEMREF REFNAME="PRCAT_HMPR1F1"/>
<ITEMREF REFNAME="XPCAT_HMPR1F1"/>
<ITEMREF REFNAME="XPMETHOD_HMPR_MRE_HMPR1F1"/>
<ITEMREF REFNAME="XPMETHOD_HMPR_MRS_HMPR1F1"/>
<ITEMREF REFNAME="XPMETHOD_HMPR_ERC_HMPR1F1"/>
<ITEMREF REFNAME="XPMETHOD_HMPR_MRC_HMPR1F1"/>
<ITEMREF REFNAME="XPMETHOD_HMPR_CT_HMPR1F1"/>
<ITEMREF REFNAME="XPMETHOD_HMPR_US_HMPR1F1"/>
<ITEMREF REFNAME="XPMETHOD_HMPR_MRI_HMPR1F1"/>
<ITEMREF REFNAME="XPSPID_MRI_HMPR1F1"/>
<ITEMREF REFNAME="XPSPID_US_HMPR1F1"/>
<ITEMREF REFNAME="XPSPID_CT_HMPR1F1"/>
<ITEMREF REFNAME="FACAT_HYPO1F1"/>
<ITEMREF REFNAME="FACAT_THYD2F1"/>
<ITEMREF REFNAME="HYOBJ_HYPO1F1"/>
<ITEMREF REFNAME="HYPRESP_HYPO1F1"/>
<ITEMREF REFNAME="HYTERM_HYPO1F1"/>
<ITEMREF REFNAME="INDCOMP_CM1C1F2"/>
<ITEMREF REFNAME="INDCOMP_CM1C2F2"/>
<ITEMREF REFNAME="LBCAT_BG2001_F2"/>
<ITEMREF REFNAME="MHCAT_4_MHPRESPF1"/>
<ITEMREF REFNAME="MHCAT_5_MHPRESPF1"/>
<ITEMREF REFNAME="MHLLTCDPRESP_MHPRESPF1"/>
<ITEMREF REFNAME="MHPRESP_MHPRESPF1"/>
<ITEMREF REFNAME="QSCAT_APPADL1001_F1"/>
<ITEMREF REFNAME="QSCAT_CVRISKF1"/>
<ITEMREF REFNAME="QSCAT_DIDEQ1F1"/>
<ITEMREF REFNAME="QSCAT_EQ5DL2_F1"/>
<ITEMREF REFNAME="QSCAT_IWSP1001_F1"/>
<ITEMREF REFNAME="QSMEDNAM_DIDEQ1F1"/>
<ITEMREF REFNAME="ROUTCOMP_CM1C1F2"/>
<ITEMREF REFNAME="ROUTCOMP_CM1C2F2"/>
<ITEMREF REFNAME="SUCAT_ALCOHOL_SU1F1"/>
<ITEMREF REFNAME="SUCAT_TOBACCO_SU3F1"/>
<ITEMREF REFNAME="SUPRESP_SU1F1"/>
<ITEMREF REFNAME="SUPRESP_SU3F1"/>
<ITEMREF REFNAME="TRTTERMCD_CM1C1F2"/>
<ITEMREF REFNAME="TRTTERMCD_CM1C2F2"/>
<ITEMREF REFNAME="XPCAT_BR1001_F2"/>
<ITEMREF REFNAME="CMCAT_CM1F2"/>
<ITEMREF REFNAME="CMCLASCD_CM1F2"/>
<ITEMREF REFNAME="CMCLAS_CM1F2"/>
<ITEMREF REFNAME="CMDECOD_CM1F2"/>
<ITEMREF REFNAME="CMSCAT_CM1F2"/>
<ITEMREF REFNAME="CMTRADNM_CM1F2"/>
<ITEMREF REFNAME="CMTRT_MAP_CM1F2"/>
<ITEMREF REFNAME="DICT_DICTVER_CM1F2"/>
<ITEMREF REFNAME="DICT_DICTVER_MHPRESP_F2"/>
<ITEMREF REFNAME="DSCAT_1_DS1F2"/>
<ITEMREF REFNAME="DSSCAT_DS1F2"/>
<ITEMREF REFNAME="INDCOMP_CM1F2"/>
<ITEMREF REFNAME="MHCAT_4_MHPRESP_F2"/>
<ITEMREF REFNAME="MHLLTCDPRESP_MHPRESP_F2"/>
<ITEMREF REFNAME="MHPRESP_MHPRESP_F2"/>
<ITEMREF REFNAME="ROUTCOMP_CM1F2"/>
<ITEMREF REFNAME="SUPRESP_SU1001_SU1F3"/>
<ITEMREF REFNAME="TRTTERMCD_CM1F2"/>
<ITEMREF REFNAME="VSCAT_VS1C1F1"/>
<ITEMREF REFNAME="DSCAT_2_DS2001_F1"/>
<ITEMREF REFNAME="DSSCAT_IC_DS2001_F1"/>
<ITEMREF REFNAME="DSEVAL_IC_DS2001_F1"/>
<ITEMREF REFNAME="MHCAT_MH7001_F1"/>
<ITEMREF REFNAME="DICT_DICTVER_MH7001_F1"/>
<ITEMREF REFNAME="MHDECOD_MH7001_F1"/>
<ITEMREF REFNAME="MHLLT_MH7001_F1"/>
<ITEMREF REFNAME="MHLLTCD_MH7001_F1"/>
<ITEMREF REFNAME="MHTERM_MAP_MH7001_F1"/>
<ITEMREF REFNAME="VSCAT_VS1F1"/>
<ITEMREF REFNAME="DSCAT_1_DS1F4"/>
<ITEMREF REFNAME="DSCAT_1_DS1F6"/>
<ITEMREF REFNAME="DSCAT_1_DS1F5"/>
<ITEMREF REFNAME="DSCAT_1_DS1F7"/>
<ITEMREF REFNAME="DSSCAT_DS1F4"/>
<ITEMREF REFNAME="DSSCAT_DS1F6"/>
<ITEMREF REFNAME="DSSCAT_DS1F7"/>
<ITEMREF REFNAME="DSSCAT_DS1F5"/>
<ITEMREF REFNAME="AHRFUOBJ_AHRFUF1"/>
<ITEMREF REFNAME="AJCEVEVAL_AJCEV2F1"/>
<ITEMREF REFNAME="AJCIEEVAL_AJCIE3F1"/>
<ITEMREF REFNAME="AJCRVEVAL_AJCRV3F1"/>
<ITEMREF REFNAME="AJDTHEVAL_AJDTH2F1"/>
<ITEMREF REFNAME="AJHSPHFEVAL_AJHSPHF3F1"/>
<ITEMREF REFNAME="APPADLEVAL_APPADL1001_F1"/>
<ITEMREF REFNAME="CECAT_INJ"/>
<ITEMREF REFNAME="CELLTCDPRESP_10022058_INJ"/>
<ITEMREF REFNAME="CELLTCDPRESP_10022061_INJ"/>
<ITEMREF REFNAME="CELLTCDPRESP_10022075_INJ"/>
<ITEMREF REFNAME="CELLTCDPRESP_10022086_INJ"/>
<ITEMREF REFNAME="CELLTCDPRESP_10022093_INJ"/>
<ITEMREF REFNAME="CEPRESP_INJ"/>
<ITEMREF REFNAME="CMCAT_CM1C1F2"/>
<ITEMREF REFNAME="CMCAT_CM1C2F2"/>
<ITEMREF REFNAME="CMCLASCD_CM1C1F2"/>
<ITEMREF REFNAME="CMCLASCD_CM1C2F2"/>
<ITEMREF REFNAME="CMCLAS_CM1C1F2"/>
<ITEMREF REFNAME="CMCLAS_CM1C2F2"/>
<ITEMREF REFNAME="CMDECOD_CM1C1F2"/>
<ITEMREF REFNAME="CMDECOD_CM1C2F2"/>
<ITEMREF REFNAME="CMPRESP_CM3001_F1"/>
<ITEMREF REFNAME="CMSCAT_CM1C1F2"/>
<ITEMREF REFNAME="CMSCAT_CM1C2F2"/>
<ITEMREF REFNAME="CMTRADNM_CM1C1F2"/>
<ITEMREF REFNAME="CMTRADNM_CM1C2F2"/>
<ITEMREF REFNAME="CMTRT_MAP_CM1C1F2"/>
<ITEMREF REFNAME="CMTRT_MAP_CM1C2F2"/>
<ITEMREF REFNAME="CVRKEVAL_CVRISKF1"/>
<ITEMREF REFNAME="DICT_DICTVER_CM1C1F2"/>
<ITEMREF REFNAME="DICT_DICTVER_CM1C2F2"/>
<ITEMREF REFNAME="DICT_DICTVER_MHPRESPF1"/>
<ITEMREF REFNAME="DICT_INJ"/>
<ITEMREF REFNAME="DICTVER_INJ"/>
<ITEMREF REFNAME="DSCAT_1_DS1C1F6"/>
<ITEMREF REFNAME="DSSCAT_DS1C1F6"/>
<ITEMREF REFNAME="ECCAT_EC1001_F1"/>
<ITEMREF REFNAME="EGCAT_EG3001_F1"/>
<ITEMREF REFNAME="DSCAT_2_DS2001_F3"/>
<ITEMREF REFNAME="DSEVAL_IC_DS2001_F3"/>
<ITEMREF REFNAME="DSSCAT_IC_DS2001_F3"/>
<ITEMREF REFNAME="EGCAT_EG3001_F2"/>
<ITEMREF REFNAME="EPCEVEVAL_EPCEV_F1"/>
<ITEMREF REFNAME="EPCIEEVAL_EPCIE_F1"/>
<ITEMREF REFNAME="EPCRVEVAL_EPCRVF1"/>
<ITEMREF REFNAME="EPDTHEVAL_EPDTHF1"/>
<ITEMREF REFNAME="EPHSPHFEVAL_EPHSPHF_F1"/>
<ITEMREF REFNAME="EQ5D5LMTHD_EQ5DL2_F1"/>
<ITEMREF REFNAME="EXCMPOBJ_EXCMP1001_F1"/>
<ITEMREF REFNAME="FACAT_AHRFUF1"/>
<ITEMREF REFNAME="FACAT_AJCEV2F1"/>
<ITEMREF REFNAME="FACAT_AJCIE3F1"/>
<ITEMREF REFNAME="FACAT_AJCRV3F1"/>
<ITEMREF REFNAME="FACAT_AJDTH2F1"/>
<ITEMREF REFNAME="FACAT_AJHSPHF3F1"/>
<ITEMREF REFNAME="FACAT_AJPNC2F1"/>
<ITEMREF REFNAME="FACAT_EPCEV_F1"/>
<ITEMREF REFNAME="FACAT_EPCIE_F1"/>
<ITEMREF REFNAME="FACAT_EPCRVF1"/>
<ITEMREF REFNAME="FACAT_EPDTHF1"/>
<ITEMREF REFNAME="FACAT_EPHSPHF_F1"/>
<ITEMREF REFNAME="FACAT_EPPNC_F1"/>
<ITEMREF REFNAME="FACAT_EXCMP1001_F1"/>

</ITEMGROUP>

<ITEMGROUP 
GROUPNAME="GPS_eSAE_Hidden"
GROUPDESCRIPTION="Hidden to GPS rights group, hidden to Adjudicator and Central Group, default access to all other rights groups.">
 <!-- Insert ItemRef Names -->
<ITEMREF REFNAME="SAEAWADAT_SAE2F1"/>
<ITEMREF REFNAME="SAEASMDAT_SAE2F1"/>
<ITEMREF REFNAME="SAEFUASMDAT_SAE2F1"/>
<ITEMREF REFNAME="SAEFUAWADAT_SAE2F1"/>

</ITEMGROUP>

<ITEMGROUP 
GROUPNAME="nonData_Manager_Hidden"
GROUPDESCRIPTION="Items hidden to all but Data_Manager editable">
 <!-- Insert ItemRef Names -->
<ITEMREF REFNAME="WFRULETRIG"/>
<ITEMREF REFNAME="CDQATRIG"/>
<ITEMREF REFNAME="CALRULETRIG"/>

</ITEMGROUP>

<ITEMGROUP 
GROUPNAME="nonData_Manager_ReadOnly"
GROUPDESCRIPTION="Items are Read-only for all groups except Adjudicator and Central Grp.  For the Groups Adjudicator and Central Grp, it will be a Hidden Item.">
 <!-- Insert ItemRef Names -->
<ITEMREF REFNAME="CDQ_CDQA"/>
<ITEMREF REFNAME="VISDATMD_SV1C1F1"/>
<ITEMREF REFNAME="VISDATMD_SV1F1"/>

</ITEMGROUP>

</MEDMLDATA>