<?xml version="1.0"?>
<MEDMLDATA xmlns="PhaseForward-MedML-Inform4">


<SITE  NAME="(116) Consultorio de Investigacion Clinica EMO SRL"    MNEMONIC="116"
ADDRESS="Eduardo Acevedo 42 1  D CABA Buenos Aires C1405BUB"
COUNTRY="ARGENTINA"
PHONE="54541149013929"
ALTPHONE="54"
FAX="54"
TIMEZONE="(UTC-03:00) City of Buenos Aires"
SITEDATEFORMAT="DAY_MONTH_YEAR"
STARTDATE="03/27/2018"
STUDYLOCALE="en-US"
SVAUTOSELECTRATE="100"
SVFIRSTNSUBJECTS="100"
/>


<SITE  NAME="(114) Centro Medico Privado San Vicente Diabetes"    MNEMONIC="114"
ADDRESS="Entre Rios 2977 Coodoba Cordoba X5006CBI"
COUNTRY="ARGENTINA"
PHONE="54543514558041"
ALTPHONE="54"
FAX="54"
TIMEZONE="(UTC-03:00) City of Buenos Aires"
SITEDATEFORMAT="DAY_MONTH_YEAR"
STARTDATE="03/27/2018"
STUDYLOCALE="en-US"
SVAUTOSELECTRATE="100"
SVFIRSTNSUBJECTS="100"
/>


<SITE  NAME="(112) Instituto Centenario Servicio de Endocrinologia"    MNEMONIC="112"
ADDRESS="Rivadavia 3855 CABA Buenos Aires C1204AAD"
COUNTRY="ARGENTINA"
PHONE="54541149810256"
ALTPHONE="54"
FAX="54"
TIMEZONE="(UTC-03:00) City of Buenos Aires"
SITEDATEFORMAT="DAY_MONTH_YEAR"
STARTDATE="03/27/2018"
STUDYLOCALE="en-US"
SVAUTOSELECTRATE="100"
SVFIRSTNSUBJECTS="100"
/>


<SITE  NAME="(109) CEMAIC"    MNEMONIC="109"
ADDRESS="Monsenor Pablo Cabrera 2941 Cordoba Cordoba 5008"
COUNTRY="ARGENTINA"
PHONE="54543514766837"
ALTPHONE="54"
FAX="54"
TIMEZONE="(UTC-03:00) City of Buenos Aires"
SITEDATEFORMAT="DAY_MONTH_YEAR"
STARTDATE="03/27/2018"
STUDYLOCALE="en-US"
SVAUTOSELECTRATE="100"
SVFIRSTNSUBJECTS="100"
/>


<SITE  NAME="(102) CIPADI  Centro Integral de Prevencion y Atencion en Diabetes"    MNEMONIC="102"
ADDRESS="Colon 776 Godoy Cruz Mendoza 5501"
COUNTRY="ARGENTINA"
PHONE="54542614200345"
ALTPHONE="54"
FAX="54"
TIMEZONE="(UTC-03:00) City of Buenos Aires"
SITEDATEFORMAT="DAY_MONTH_YEAR"
STARTDATE="03/27/2018"
STUDYLOCALE="en-US"
SVAUTOSELECTRATE="100"
SVFIRSTNSUBJECTS="100"
/>


<SITE  NAME="(117) Investigaciones Medicas IMOBA SRL"    MNEMONIC="117"
ADDRESS="Medrano 134 6 Piso CABA Buenos Aires C1179AAB"
COUNTRY="ARGENTINA"
PHONE="54541149831589"
ALTPHONE="54"
FAX="54"
TIMEZONE="(UTC-03:00) City of Buenos Aires"
SITEDATEFORMAT="DAY_MONTH_YEAR"
STARTDATE="03/27/2018"
STUDYLOCALE="en-US"
SVAUTOSELECTRATE="100"
SVFIRSTNSUBJECTS="100"
/>


<SITE  NAME="(115) CIPREC Centro de Investigacion y Prevencion Cardiovascular"    MNEMONIC="115"
ADDRESS="Pueyrredon 1746 2 A CABA Buenos Aires 1119"
COUNTRY="ARGENTINA"
PHONE="54541148273866"
ALTPHONE="54"
FAX="54"
TIMEZONE="(UTC-03:00) City of Buenos Aires"
SITEDATEFORMAT="DAY_MONTH_YEAR"
STARTDATE="03/27/2018"
STUDYLOCALE="en-US"
SVAUTOSELECTRATE="100"
SVFIRSTNSUBJECTS="100"
/>


<SITE  NAME="(113) Instituto de Investigaciones Clanicas Mar del Plata II C Mar del Plata Servicio de Endocrinologia"    MNEMONIC="113"
ADDRESS="Av  Colon 3364 Mar del Plata Buenos Aires 7600"
COUNTRY="ARGENTINA"
PHONE="54542234963224"
ALTPHONE="54"
FAX="54"
TIMEZONE="(UTC-03:00) City of Buenos Aires"
SITEDATEFORMAT="DAY_MONTH_YEAR"
STARTDATE="03/27/2018"
STUDYLOCALE="en-US"
SVAUTOSELECTRATE="100"
SVFIRSTNSUBJECTS="100"
/>


<SITE  NAME="(111) Centro de Investigaciones Metabolicas CINME"    MNEMONIC="111"
ADDRESS="Viamonte 2278 80 CABA Buenos Aires C1056ABJ"
COUNTRY="ARGENTINA"
PHONE="54541150319914"
ALTPHONE="54"
FAX="54"
TIMEZONE="(UTC-03:00) City of Buenos Aires"
SITEDATEFORMAT="DAY_MONTH_YEAR"
STARTDATE="03/27/2018"
STUDYLOCALE="en-US"
SVAUTOSELECTRATE="100"
SVFIRSTNSUBJECTS="100"
/>


<SITE  NAME="(107) Centro Medico Dra Laura Maffei  Investigacion Clinica Aplicada"    MNEMONIC="107"
ADDRESS="CerviNo 3375 1 piso CABA Buenos Aires C1425AGC"
COUNTRY="ARGENTINA"
PHONE="54541148019001"
ALTPHONE="54"
FAX="54"
TIMEZONE="(UTC-03:00) City of Buenos Aires"
SITEDATEFORMAT="DAY_MONTH_YEAR"
STARTDATE="03/27/2018"
STUDYLOCALE="en-US"
SVAUTOSELECTRATE="100"
SVFIRSTNSUBJECTS="100"
/>


<SITE  NAME="(110) Centro Medico de Nutricion y Diabetes CENUDIAB Servicio de Diabetes"    MNEMONIC="110"
ADDRESS="Juan Bautista Alberdi 5275 Depto  4 CABA Buenos Aires C1440AAD"
COUNTRY="ARGENTINA"
PHONE="54541146820269"
ALTPHONE="54"
FAX="54"
TIMEZONE="(UTC-03:00) City of Buenos Aires"
SITEDATEFORMAT="DAY_MONTH_YEAR"
STARTDATE="03/27/2018"
STUDYLOCALE="en-US"
SVAUTOSELECTRATE="100"
SVFIRSTNSUBJECTS="100"
/>


<SITE  NAME="(105) Centro de Investigaciones Clinicas CEDIC"    MNEMONIC="105"
ADDRESS="Salguero 2142 8 CABA Buenos Aires 1425"
COUNTRY="ARGENTINA"
PHONE="54541148238701"
ALTPHONE="54"
FAX="54"
TIMEZONE="(UTC-03:00) City of Buenos Aires"
SITEDATEFORMAT="DAY_MONTH_YEAR"
STARTDATE="03/27/2018"
STUDYLOCALE="en-US"
SVAUTOSELECTRATE="100"
SVFIRSTNSUBJECTS="100"
/>


<SITE  NAME="(108) Instituto Reumatologico Strusberg"    MNEMONIC="108"
ADDRESS="Av. Emilio F Olmos 247 1  y 6 Piso Cordoba Cordoba 5000"
COUNTRY="ARGENTINA"
PHONE="54543514232054"
ALTPHONE="54"
FAX="54"
TIMEZONE="(UTC-03:00) City of Buenos Aires"
SITEDATEFORMAT="DAY_MONTH_YEAR"
STARTDATE="03/27/2018"
STUDYLOCALE="en-US"
SVAUTOSELECTRATE="100"
SVFIRSTNSUBJECTS="100"
/>


<SITE  NAME="(106) Axismed SRL - BIOCLINICA Research Network"    MNEMONIC="106"
ADDRESS="Ruiz Huidobro 4693 CABA Buenos Aires C1430CKE"
COUNTRY="ARGENTINA"
PHONE="54541145445522"
ALTPHONE="54"
FAX="54"
TIMEZONE="(UTC-03:00) City of Buenos Aires"
SITEDATEFORMAT="DAY_MONTH_YEAR"
STARTDATE="03/27/2018"
STUDYLOCALE="en-US"
SVAUTOSELECTRATE="100"
SVFIRSTNSUBJECTS="100"
/>


<SITE  NAME="(104) Stat Research"    MNEMONIC="104"
ADDRESS="Avenida Callao 875 3  F Ciudad Autonoma de Buenos Aires Buenos Aires C1013AAB"
COUNTRY="ARGENTINA"
PHONE="54541148112178"
ALTPHONE="54"
FAX="54"
TIMEZONE="(UTC-03:00) City of Buenos Aires"
SITEDATEFORMAT="DAY_MONTH_YEAR"
STARTDATE="03/27/2018"
STUDYLOCALE="en-US"
SVAUTOSELECTRATE="100"
SVFIRSTNSUBJECTS="100"
/>


<SITE  NAME="(103) Mautalen Salud e Investigacion   Servicio de Endocrinologia"    MNEMONIC="103"
ADDRESS="Azcuenaga 1860 8 CABA Buenos Aires C1128AAF"
COUNTRY="ARGENTINA"
PHONE="54541145143406"
ALTPHONE="54"
FAX="54"
TIMEZONE="(UTC-03:00) City of Buenos Aires"
SITEDATEFORMAT="DAY_MONTH_YEAR"
STARTDATE="03/27/2018"
STUDYLOCALE="en-US"
SVAUTOSELECTRATE="100"
SVFIRSTNSUBJECTS="100"
/>


<SITE  NAME="(101) Centro Medico Viamonte"    MNEMONIC="101"
ADDRESS="Av. Cordoba 2019 CABA Buenos Aires C1120AAC"
COUNTRY="ARGENTINA"
PHONE="54541149640500"
ALTPHONE="54"
FAX="54"
TIMEZONE="(UTC-03:00) City of Buenos Aires"
SITEDATEFORMAT="DAY_MONTH_YEAR"
STARTDATE="03/27/2018"
STUDYLOCALE="en-US"
SVAUTOSELECTRATE="100"
SVFIRSTNSUBJECTS="100"
/>


<SITE  NAME="(205) Universitatsklinikum Graz"    MNEMONIC="205"
ADDRESS="Auenbruggerplatz 15"
COUNTRY="AUSTRIA"
PHONE="43004331638581310"
ALTPHONE="43"
FAX="43"
TIMEZONE="(UTC+01:00) Sarajevo, Skopje, Warsaw, Zagreb"
SITEDATEFORMAT="DAY_MONTH_YEAR"
STARTDATE="03/27/2018"
STUDYLOCALE="en-US"
SVAUTOSELECTRATE="100"
SVFIRSTNSUBJECTS="100"
/>


<SITE  NAME="(203) VIVIT Institut am LKH Feldkirch"    MNEMONIC="203"
ADDRESS="Carinagasse 47"
COUNTRY="AUSTRIA"
PHONE="43004355223032108"
ALTPHONE="43"
FAX="43"
TIMEZONE="(UTC+01:00) Sarajevo, Skopje, Warsaw, Zagreb"
SITEDATEFORMAT="DAY_MONTH_YEAR"
STARTDATE="03/27/2018"
STUDYLOCALE="en-US"
SVAUTOSELECTRATE="100"
SVFIRSTNSUBJECTS="100"
/>


<SITE  NAME="(200) Ordination Dr Evelyn Flieber Gorzer"    MNEMONIC="200"
ADDRESS="Kastaniensiedlung 1"
COUNTRY="AUSTRIA"
PHONE="430043346380244"
ALTPHONE="43"
FAX="43"
TIMEZONE="(UTC+01:00) Sarajevo, Skopje, Warsaw, Zagreb"
SITEDATEFORMAT="DAY_MONTH_YEAR"
STARTDATE="03/27/2018"
STUDYLOCALE="en-US"
SVAUTOSELECTRATE="100"
SVFIRSTNSUBJECTS="100"
/>


<SITE  NAME="(204) Landesklinikum Korneuburg Stockerau Standort Stockerau"    MNEMONIC="204"
ADDRESS="Lenaustrabe 18"
COUNTRY="AUSTRIA"
PHONE="4300432266900422100"
ALTPHONE="43"
FAX="43"
TIMEZONE="(UTC+01:00) Sarajevo, Skopje, Warsaw, Zagreb"
SITEDATEFORMAT="DAY_MONTH_YEAR"
STARTDATE="03/27/2018"
STUDYLOCALE="en-US"
SVAUTOSELECTRATE="100"
SVFIRSTNSUBJECTS="100"
/>


<SITE  NAME="(202) KA Rudolfstiftung"    MNEMONIC="202"
ADDRESS="Juchgasse 25"
COUNTRY="AUSTRIA"
PHONE="4300431711652101"
ALTPHONE="43"
FAX="43"
TIMEZONE="(UTC+01:00) Sarajevo, Skopje, Warsaw, Zagreb"
SITEDATEFORMAT="DAY_MONTH_YEAR"
STARTDATE="03/27/2018"
STUDYLOCALE="en-US"
SVAUTOSELECTRATE="100"
SVFIRSTNSUBJECTS="100"
/>


<SITE  NAME="(201) Zentrum fur Klinische Studien Dr Hanusch GmbH"    MNEMONIC="201"
ADDRESS="Gumpendorferstr 95-9"
COUNTRY="AUSTRIA"
PHONE="4300436763872281"
ALTPHONE="43"
FAX="43"
TIMEZONE="(UTC+01:00) Sarajevo, Skopje, Warsaw, Zagreb"
SITEDATEFORMAT="DAY_MONTH_YEAR"
STARTDATE="03/27/2018"
STUDYLOCALE="en-US"
SVAUTOSELECTRATE="100"
SVFIRSTNSUBJECTS="100"
/>


<SITE  NAME="(250) Bailey Clinic"    MNEMONIC="250"
ADDRESS="3947 50A Avenue 108 Red Deer Alberta T4N 6V7"
COUNTRY="CANADA"
PHONE="14.03344e+009"
ALTPHONE="1"
FAX="1"
TIMEZONE="(UTC-07:00) Mountain Time (US &#38; Canada)"
SITEDATEFORMAT="DAY_MONTH_YEAR"
STARTDATE="03/27/2018"
STUDYLOCALE="en-US"
SVAUTOSELECTRATE="100"
SVFIRSTNSUBJECTS="100"
/>


<SITE  NAME="(251) Bluewater Clinical Research Group Inc"    MNEMONIC="251"
ADDRESS="481 London Road Sarnia Ontario N7T 4X3"
COUNTRY="CANADA"
PHONE="15.19345e+009"
ALTPHONE="1"
FAX="1"
TIMEZONE="(UTC-05:00) Eastern Time (US &#38; Canada)"
SITEDATEFORMAT="DAY_MONTH_YEAR"
STARTDATE="03/27/2018"
STUDYLOCALE="en-US"
SVAUTOSELECTRATE="100"
SVFIRSTNSUBJECTS="100"
/>


<SITE  NAME="(253) Dr  Anil K Gupta Medicine Professional Corporation"    MNEMONIC="253"
ADDRESS="1620 Albion road  Suite 106 Etobicoke Ontario M9V 4B4"
COUNTRY="CANADA"
PHONE="14.16741e+009"
ALTPHONE="1"
FAX="1"
TIMEZONE="(UTC-05:00) Eastern Time (US &#38; Canada)"
SITEDATEFORMAT="DAY_MONTH_YEAR"
STARTDATE="03/27/2018"
STUDYLOCALE="en-US"
SVAUTOSELECTRATE="100"
SVFIRSTNSUBJECTS="100"
/>


<SITE  NAME="(255) Aggarwal and Associates Ltd"    MNEMONIC="255"
ADDRESS="490 Bramalea Rd Suite 201 Brampton Ontario L6T 0G1"
COUNTRY="CANADA"
PHONE="19.05459e+009"
ALTPHONE="1"
FAX="1"
TIMEZONE="(UTC-05:00) Eastern Time (US &#38; Canada)"
SITEDATEFORMAT="DAY_MONTH_YEAR"
STARTDATE="03/27/2018"
STUDYLOCALE="en-US"
SVAUTOSELECTRATE="100"
SVFIRSTNSUBJECTS="100"
/>


<SITE  NAME="(254) T Nemtean Medicine Professional Corporation"    MNEMONIC="254"
ADDRESS="1221 Bloor Street East Mississauga Ontario L4Y 2N8"
COUNTRY="CANADA"
PHONE="19.05625e+009"
ALTPHONE="1"
FAX="1"
TIMEZONE="(UTC-05:00) Eastern Time (US &#38; Canada)"
SITEDATEFORMAT="DAY_MONTH_YEAR"
STARTDATE="03/27/2018"
STUDYLOCALE="en-US"
SVAUTOSELECTRATE="100"
SVFIRSTNSUBJECTS="100"
/>


<SITE  NAME="(252) Stayner Medical Clinic"    MNEMONIC="252"
ADDRESS="7477 Highway 26 Stayner Ontario L0M 1S0"
COUNTRY="CANADA"
PHONE="17.05428e+009"
ALTPHONE="1"
FAX="1"
TIMEZONE="(UTC-05:00) Eastern Time (US &#38; Canada)"
SITEDATEFORMAT="DAY_MONTH_YEAR"
STARTDATE="03/27/2018"
STUDYLOCALE="en-US"
SVAUTOSELECTRATE="100"
SVFIRSTNSUBJECTS="100"
/>


<SITE  NAME="(306) Gen Hospital of Athens G Gennimatas"    MNEMONIC="306"
ADDRESS="Endocrinology Department
154 Mesogion Ave"
COUNTRY="GREECE"
PHONE="3000302107768314"
ALTPHONE="30"
FAX="30"
TIMEZONE="(UTC+02:00) Chisinau"
SITEDATEFORMAT="DAY_MONTH_YEAR"
STARTDATE="03/27/2018"
STUDYLOCALE="en-US"
SVAUTOSELECTRATE="100"
SVFIRSTNSUBJECTS="100"
/>


<SITE  NAME="(305) THERMI CLINIC"    MNEMONIC="305"
ADDRESS="THERMI CLINIC
INTERNAL MEDICINE DEPT
NATIONAL ROAD THESSALONIKI-MOUDANION 14klm"
COUNTRY="GREECE"
PHONE="3000302310256222"
ALTPHONE="30"
FAX="30"
TIMEZONE="(UTC+02:00) Chisinau"
SITEDATEFORMAT="DAY_MONTH_YEAR"
STARTDATE="03/27/2018"
STUDYLOCALE="en-US"
SVAUTOSELECTRATE="100"
SVFIRSTNSUBJECTS="100"
/>


<SITE  NAME="(304) Euromedica - General Clinic of Thessaloniki"    MNEMONIC="304"
ADDRESS="General Internal Medicine Department of Internal Medicine Sector
Maria Kallas 11 and Gravias 2"
COUNTRY="GREECE"
PHONE="3000302310895365"
ALTPHONE="30"
FAX="30"
TIMEZONE="(UTC+02:00) Chisinau"
SITEDATEFORMAT="DAY_MONTH_YEAR"
STARTDATE="03/27/2018"
STUDYLOCALE="en-US"
SVAUTOSELECTRATE="100"
SVFIRSTNSUBJECTS="100"
/>


<SITE  NAME="(303) AHEPA Hospital"    MNEMONIC="303"
ADDRESS="St. Kyriakidi 1"
COUNTRY="GREECE"
PHONE="3000302310994706"
ALTPHONE="30"
FAX="30"
TIMEZONE="(UTC+02:00) Chisinau"
SITEDATEFORMAT="DAY_MONTH_YEAR"
STARTDATE="03/27/2018"
STUDYLOCALE="en-US"
SVAUTOSELECTRATE="100"
SVFIRSTNSUBJECTS="100"
/>


<SITE  NAME="(302) IATRIKO PALAIOY FALIROY MEDICAL CENTER"    MNEMONIC="302"
ADDRESS="IATRIKO PALAIOY FALIROY
MEDICAL CENTER
DIABETES DEPARTMENT
36 AREOS ST"
COUNTRY="GREECE"
PHONE="3000302109892300"
ALTPHONE="30"
FAX="30"
TIMEZONE="(UTC+02:00) Chisinau"
SITEDATEFORMAT="DAY_MONTH_YEAR"
STARTDATE="03/27/2018"
STUDYLOCALE="en-US"
SVAUTOSELECTRATE="100"
SVFIRSTNSUBJECTS="100"
/>


<SITE  NAME="(301) University General Hospital of Larissa"    MNEMONIC="301"
ADDRESS="Endocrinology Department and Metabolic Diseases
Biopolis  Mezourlo"
COUNTRY="GREECE"
PHONE="3000302413501942"
ALTPHONE="30"
FAX="30"
TIMEZONE="(UTC+02:00) Chisinau"
SITEDATEFORMAT="DAY_MONTH_YEAR"
STARTDATE="03/27/2018"
STUDYLOCALE="en-US"
SVAUTOSELECTRATE="100"
SVFIRSTNSUBJECTS="100"
/>


<SITE  NAME="(309) Athens Euroclinic"    MNEMONIC="309"
ADDRESS="Diabetes Center
7-9 Athanasiadou and Soutsou Streets
115 21 Athens"
COUNTRY="GREECE"
PHONE="3000302106777571"
ALTPHONE="30"
FAX="30"
TIMEZONE="(UTC+02:00) Chisinau"
SITEDATEFORMAT="DAY_MONTH_YEAR"
STARTDATE="03/27/2018"
STUDYLOCALE="en-US"
SVAUTOSELECTRATE="100"
SVFIRSTNSUBJECTS="100"
/>


<SITE  NAME="(307) Ippokrateio General Hospital of Thessaloniki"    MNEMONIC="307"
ADDRESS="Diabetes Center
B Propaedeutic Internal Medicine Department
49 Konstantinoupoleos Str"
COUNTRY="GREECE"
PHONE="3000302313312616"
ALTPHONE="30"
FAX="30"
TIMEZONE="(UTC+02:00) Chisinau"
SITEDATEFORMAT="DAY_MONTH_YEAR"
STARTDATE="03/27/2018"
STUDYLOCALE="en-US"
SVAUTOSELECTRATE="100"
SVFIRSTNSUBJECTS="100"
/>


<SITE  NAME="(308) Laiko General Hospital"    MNEMONIC="308"
ADDRESS="LAIKO GENERAL HOSPITAL
1st Department of Propaedeutic Medicine
17 Agiou Thoma Street"
COUNTRY="GREECE"
PHONE="3000302107462683"
ALTPHONE="30"
FAX="30"
TIMEZONE="(UTC+02:00) Chisinau"
SITEDATEFORMAT="DAY_MONTH_YEAR"
STARTDATE="03/27/2018"
STUDYLOCALE="en-US"
SVAUTOSELECTRATE="100"
SVFIRSTNSUBJECTS="100"
/>


<SITE  NAME="(300) G Papanikolaou General Hospital of Thessaloniki"    MNEMONIC="300"
ADDRESS="1st Internal Medicine Dept
Exohi"
COUNTRY="GREECE"
PHONE="3000302313307528"
ALTPHONE="30"
FAX="30"
TIMEZONE="(UTC+02:00) Chisinau"
SITEDATEFORMAT="DAY_MONTH_YEAR"
STARTDATE="03/27/2018"
STUDYLOCALE="en-US"
SVAUTOSELECTRATE="100"
SVFIRSTNSUBJECTS="100"
/>


<SITE  NAME="(357) TRANTOR 99 Bt"    MNEMONIC="357"
ADDRESS="Damjanich J. u. 127
1213 Budapest"
COUNTRY="HUNGARY"
PHONE="363612760708"
ALTPHONE="36"
FAX="36"
TIMEZONE="(UTC+02:00) Chisinau"
SITEDATEFORMAT="DAY_MONTH_YEAR"
STARTDATE="03/27/2018"
STUDYLOCALE="en-US"
SVAUTOSELECTRATE="100"
SVFIRSTNSUBJECTS="100"
/>


<SITE  NAME="(352) Kanizsai Dorottya Korhaz"    MNEMONIC="352"
ADDRESS="Szekeres Jozsef u. 2-8
8800 Nagykanizsa"
COUNTRY="HUNGARY"
PHONE="363693502000"
ALTPHONE="36"
FAX="36"
TIMEZONE="(UTC+02:00) Chisinau"
SITEDATEFORMAT="DAY_MONTH_YEAR"
STARTDATE="03/27/2018"
STUDYLOCALE="en-US"
SVAUTOSELECTRATE="100"
SVFIRSTNSUBJECTS="100"
/>


<SITE  NAME="(350) Szent Margit Rendelointezet"    MNEMONIC="350"
ADDRESS="Vorosvari ut 88-96.
1032 Budapest"
COUNTRY="HUNGARY"
PHONE="363613889180"
ALTPHONE="36"
FAX="36"
TIMEZONE="(UTC+02:00) Chisinau"
SITEDATEFORMAT="DAY_MONTH_YEAR"
STARTDATE="03/27/2018"
STUDYLOCALE="en-US"
SVAUTOSELECTRATE="100"
SVFIRSTNSUBJECTS="100"
/>


<SITE  NAME="(358) Studium Egeszseghaz Kft"    MNEMONIC="358"
ADDRESS="Szechenyi u. 16. Fszt. 1
6300 Kalocsa"
COUNTRY="HUNGARY"
PHONE="363678610785"
ALTPHONE="36"
FAX="36"
TIMEZONE="(UTC+02:00) Chisinau"
SITEDATEFORMAT="DAY_MONTH_YEAR"
STARTDATE="03/27/2018"
STUDYLOCALE="en-US"
SVAUTOSELECTRATE="100"
SVFIRSTNSUBJECTS="100"
/>


<SITE  NAME="(356) Strazsahegy Medicina Bt"    MNEMONIC="356"
ADDRESS="Zrinyi u. 226
1171 Budapest"
COUNTRY="HUNGARY"
PHONE="363612570949"
ALTPHONE="36"
FAX="36"
TIMEZONE="(UTC+02:00) Chisinau"
SITEDATEFORMAT="DAY_MONTH_YEAR"
STARTDATE="03/27/2018"
STUDYLOCALE="en-US"
SVAUTOSELECTRATE="100"
SVFIRSTNSUBJECTS="100"
/>


<SITE  NAME="(355) Grof Esterhazy Korhaz es Rendelointezeti Szakrendelo"    MNEMONIC="355"
ADDRESS="Jokai u. 5-9
8500 Papa"
COUNTRY="HUNGARY"
PHONE="363689514000"
ALTPHONE="36"
FAX="36"
TIMEZONE="(UTC+02:00) Chisinau"
SITEDATEFORMAT="DAY_MONTH_YEAR"
STARTDATE="03/27/2018"
STUDYLOCALE="en-US"
SVAUTOSELECTRATE="100"
SVFIRSTNSUBJECTS="100"
/>


<SITE  NAME="(353) DE Kenezy Gyula Egyetemi Korhaz"    MNEMONIC="353"
ADDRESS="Bartok Bela ut 2-26
4031 Debrecen"
COUNTRY="HUNGARY"
PHONE="363652511821"
ALTPHONE="36"
FAX="36"
TIMEZONE="(UTC+02:00) Chisinau"
SITEDATEFORMAT="DAY_MONTH_YEAR"
STARTDATE="03/27/2018"
STUDYLOCALE="en-US"
SVAUTOSELECTRATE="100"
SVFIRSTNSUBJECTS="100"
/>


<SITE  NAME="(354) ClinDiab Kft"    MNEMONIC="354"
ADDRESS="Benyovszky M. u. 10
1089 Budapest"
COUNTRY="HUNGARY"
PHONE="363617863000"
ALTPHONE="36"
FAX="36"
TIMEZONE="(UTC+02:00) Chisinau"
SITEDATEFORMAT="DAY_MONTH_YEAR"
STARTDATE="03/27/2018"
STUDYLOCALE="en-US"
SVAUTOSELECTRATE="100"
SVFIRSTNSUBJECTS="100"
/>


<SITE  NAME="(351) Zala Megyei Szent Rafael Korhaz"    MNEMONIC="351"
ADDRESS="Zrinyi Miklos u. 1.
8900 Zalaegerszeg"
COUNTRY="HUNGARY"
PHONE="363692507500"
ALTPHONE="36"
FAX="36"
TIMEZONE="(UTC+02:00) Chisinau"
SITEDATEFORMAT="DAY_MONTH_YEAR"
STARTDATE="03/27/2018"
STUDYLOCALE="en-US"
SVAUTOSELECTRATE="100"
SVFIRSTNSUBJECTS="100"
/>


<SITE  NAME="(408) Diabetes Medical Center"    MNEMONIC="408"
ADDRESS="Herzel Rosenblum Str. 6
6148002 Tel Aviv"
COUNTRY="ISRAEL"
PHONE="97297236900333"
ALTPHONE="972"
FAX="972"
TIMEZONE="(UTC+02:00) Jerusalem"
SITEDATEFORMAT="DAY_MONTH_YEAR"
STARTDATE="03/27/2018"
STUDYLOCALE="en-US"
SVAUTOSELECTRATE="100"
SVFIRSTNSUBJECTS="100"
/>


<SITE  NAME="(406) Ziv Medical Center - Endocrinology and Diabetes"    MNEMONIC="406"
ADDRESS="Endocrinology and Diabetes 
Harambam Street
13100 Safed"
COUNTRY="ISRAEL"
PHONE="97297246828884"
ALTPHONE="972"
FAX="972"
TIMEZONE="(UTC+02:00) Jerusalem"
SITEDATEFORMAT="DAY_MONTH_YEAR"
STARTDATE="03/27/2018"
STUDYLOCALE="en-US"
SVAUTOSELECTRATE="100"
SVFIRSTNSUBJECTS="100"
/>


<SITE  NAME="(404) Linn Medical Center - Clinical Research Unit"    MNEMONIC="404"
ADDRESS="Linn Medical Center - Clinical Research Unit 
-2 floor 
35 James De Rothchild Blvd.
3515209 Haifa"
COUNTRY="ISRAEL"
PHONE="97297248568685"
ALTPHONE="972"
FAX="972"
TIMEZONE="(UTC+02:00) Jerusalem"
SITEDATEFORMAT="DAY_MONTH_YEAR"
STARTDATE="03/27/2018"
STUDYLOCALE="en-US"
SVAUTOSELECTRATE="100"
SVFIRSTNSUBJECTS="100"
/>


<SITE  NAME="(403) Meir Medical Center-Diabetes Clinical Research Unit"    MNEMONIC="403"
ADDRESS="Old Hospitalisation Building
2nd floor
Childrens Clinics 
59 Tshernichovski Str.
4428164 Kfar Saba"
COUNTRY="ISRAEL"
PHONE="97297297472559"
ALTPHONE="972"
FAX="972"
TIMEZONE="(UTC+02:00) Jerusalem"
SITEDATEFORMAT="DAY_MONTH_YEAR"
STARTDATE="03/27/2018"
STUDYLOCALE="en-US"
SVAUTOSELECTRATE="100"
SVFIRSTNSUBJECTS="100"
/>


<SITE  NAME="(402) Tel-Aviv Sourasky Medical Center - Institute of Endocrinology Metabolism and Hypertension"    MNEMONIC="402"
ADDRESS="Arison Tower  13th floor 
Weizman St. 6
6423906 Tel-Aviv-Jaffa"
COUNTRY="ISRAEL"
PHONE="97297236974243"
ALTPHONE="972"
FAX="972"
TIMEZONE="(UTC+02:00) Jerusalem"
SITEDATEFORMAT="DAY_MONTH_YEAR"
STARTDATE="03/27/2018"
STUDYLOCALE="en-US"
SVAUTOSELECTRATE="100"
SVFIRSTNSUBJECTS="100"
/>


<SITE  NAME="(400) Maccabi Healthcare Services-Diabetes Clinic"    MNEMONIC="400"
ADDRESS="Grand Canyon 
6th floor 
54 Golan Simcha St.
3299001 Haifa"
COUNTRY="ISRAEL"
PHONE="97297248796910"
ALTPHONE="972"
FAX="972"
TIMEZONE="(UTC+02:00) Jerusalem"
SITEDATEFORMAT="DAY_MONTH_YEAR"
STARTDATE="03/27/2018"
STUDYLOCALE="en-US"
SVAUTOSELECTRATE="100"
SVFIRSTNSUBJECTS="100"
/>


<SITE  NAME="(407) Sakhnin Community Clinic Clalit Health Services"    MNEMONIC="407"
ADDRESS="6 Salekh Ayush Helayla St 
Western Neighbourhood
3081000 Sakhnin"
COUNTRY="ISRAEL"
PHONE="97297246745729"
ALTPHONE="972"
FAX="972"
TIMEZONE="(UTC+02:00) Jerusalem"
SITEDATEFORMAT="DAY_MONTH_YEAR"
STARTDATE="03/27/2018"
STUDYLOCALE="en-US"
SVAUTOSELECTRATE="100"
SVFIRSTNSUBJECTS="100"
/>


<SITE  NAME="(405) Shuali Clinic"    MNEMONIC="405"
ADDRESS="8 Eliezer Yafe St.
4345204 Raanana"
COUNTRY="ISRAEL"
PHONE="97297297477979"
ALTPHONE="972"
FAX="972"
TIMEZONE="(UTC+02:00) Jerusalem"
SITEDATEFORMAT="DAY_MONTH_YEAR"
STARTDATE="03/27/2018"
STUDYLOCALE="en-US"
SVAUTOSELECTRATE="100"
SVFIRSTNSUBJECTS="100"
/>


<SITE  NAME="(401) Hadassah Medical Center-Ein Karem-Diabetes Clinical Research Unit"    MNEMONIC="401"
ADDRESS="5th Floor
Outpatient Clinics 
Diabetes Clinical Research Unit
Kiryat Hadassah 
POB 12000 Ein Karem
9112001 Jerusalem"
COUNTRY="ISRAEL"
PHONE="97297226776927"
ALTPHONE="972"
FAX="972"
TIMEZONE="(UTC+02:00) Jerusalem"
SITEDATEFORMAT="DAY_MONTH_YEAR"
STARTDATE="03/27/2018"
STUDYLOCALE="en-US"
SVAUTOSELECTRATE="100"
SVFIRSTNSUBJECTS="100"
/>


<SITE  NAME="(450) Istituto Clinico Humanitas"    MNEMONIC="450"
ADDRESS="Via Alessandro Manzoni 56
20089 Rozzano Milan
Italy"
COUNTRY="ITALY"
PHONE="39390282244571"
ALTPHONE="39"
FAX="39"
TIMEZONE="(UTC+01:00) Sarajevo, Skopje, Warsaw, Zagreb"
SITEDATEFORMAT="DAY_MONTH_YEAR"
STARTDATE="03/27/2018"
STUDYLOCALE="en-US"
SVAUTOSELECTRATE="100"
SVFIRSTNSUBJECTS="100"
/>


<SITE  NAME="(457) Azienda Ospedaliera Universitaria Policlinico Paolo Giaccone Palermo"    MNEMONIC="457"
ADDRESS="Via Del Vespro 129
90127 Palermo Palermo
Italy"
COUNTRY="ITALY"
PHONE="39390916552945"
ALTPHONE="39"
FAX="39"
TIMEZONE="(UTC+01:00) Sarajevo, Skopje, Warsaw, Zagreb"
SITEDATEFORMAT="DAY_MONTH_YEAR"
STARTDATE="03/27/2018"
STUDYLOCALE="en-US"
SVAUTOSELECTRATE="100"
SVFIRSTNSUBJECTS="100"
/>


<SITE  NAME="(453) A O U  Senese Policlinico Santa Maria alle Scotte"    MNEMONIC="453"
ADDRESS="Viale Mario Bracci 16
53100 Siena Siena
Italy"
COUNTRY="ITALY"
PHONE="39390577586380"
ALTPHONE="39"
FAX="39"
TIMEZONE="(UTC+01:00) Sarajevo, Skopje, Warsaw, Zagreb"
SITEDATEFORMAT="DAY_MONTH_YEAR"
STARTDATE="03/27/2018"
STUDYLOCALE="en-US"
SVAUTOSELECTRATE="100"
SVFIRSTNSUBJECTS="100"
/>


<SITE  NAME="(464) Azienda Ospedaliera Universitaria Di Padova"    MNEMONIC="464"
ADDRESS="Via Giustiniani  2
35100 Padova Padua
Italy"
COUNTRY="ITALY"
PHONE="39390498212648"
ALTPHONE="39"
FAX="39"
TIMEZONE="(UTC+01:00) Sarajevo, Skopje, Warsaw, Zagreb"
SITEDATEFORMAT="DAY_MONTH_YEAR"
STARTDATE="03/27/2018"
STUDYLOCALE="en-US"
SVAUTOSELECTRATE="100"
SVFIRSTNSUBJECTS="100"
/>


<SITE  NAME="(460) Fondazione Universitaria degli Studi G D Annunzio"    MNEMONIC="460"
ADDRESS="Via Luigi Polacchi  11-13
66013 Chieti Scalo Chieti
Italy"
COUNTRY="ITALY"
PHONE="39390871541374"
ALTPHONE="39"
FAX="39"
TIMEZONE="(UTC+01:00) Sarajevo, Skopje, Warsaw, Zagreb"
SITEDATEFORMAT="DAY_MONTH_YEAR"
STARTDATE="03/27/2018"
STUDYLOCALE="en-US"
SVAUTOSELECTRATE="100"
SVFIRSTNSUBJECTS="100"
/>


<SITE  NAME="(461) Azienda Ospedaliera Universitaria - Careggi"    MNEMONIC="461"
ADDRESS="Largo Brambilla  3
50134 Firenze Florence
Italy"
COUNTRY="ITALY"
PHONE="39390557949742"
ALTPHONE="39"
FAX="39"
TIMEZONE="(UTC+01:00) Sarajevo, Skopje, Warsaw, Zagreb"
SITEDATEFORMAT="DAY_MONTH_YEAR"
STARTDATE="03/27/2018"
STUDYLOCALE="en-US"
SVAUTOSELECTRATE="100"
SVFIRSTNSUBJECTS="100"
/>


<SITE  NAME="(458) Azienda Ospedaliera Mater Domini"    MNEMONIC="458"
ADDRESS="Viale Europa
88100 Germaneto Catanzaro
Italy"
COUNTRY="ITALY"
PHONE="393909613647204"
ALTPHONE="39"
FAX="39"
TIMEZONE="(UTC+01:00) Sarajevo, Skopje, Warsaw, Zagreb"
SITEDATEFORMAT="DAY_MONTH_YEAR"
STARTDATE="03/27/2018"
STUDYLOCALE="en-US"
SVAUTOSELECTRATE="100"
SVFIRSTNSUBJECTS="100"
/>


<SITE  NAME="(454) Centro Cardiologico Monzino IRCCS"    MNEMONIC="454"
ADDRESS="Via Carlo Parea 4
20138 Milano Milan
Italy"
COUNTRY="ITALY"
PHONE="39390258002327"
ALTPHONE="39"
FAX="39"
TIMEZONE="(UTC+01:00) Sarajevo, Skopje, Warsaw, Zagreb"
SITEDATEFORMAT="DAY_MONTH_YEAR"
STARTDATE="03/27/2018"
STUDYLOCALE="en-US"
SVAUTOSELECTRATE="100"
SVFIRSTNSUBJECTS="100"
/>


<SITE  NAME="(465) Ospedale Santa Maria Goretti"    MNEMONIC="465"
ADDRESS="Via guido Reni  87
04100 Latina Latina
Italy"
COUNTRY="ITALY"
PHONE="393907736553805"
ALTPHONE="39"
FAX="39"
TIMEZONE="(UTC+01:00) Sarajevo, Skopje, Warsaw, Zagreb"
SITEDATEFORMAT="DAY_MONTH_YEAR"
STARTDATE="03/27/2018"
STUDYLOCALE="en-US"
SVAUTOSELECTRATE="100"
SVFIRSTNSUBJECTS="100"
/>


<SITE  NAME="(459) Azienda Ospedaliera Papa Giovanni XXIII"    MNEMONIC="459"
ADDRESS="Piazza OMS  1
24127 Bergamo Bergamo
Italy"
COUNTRY="ITALY"
PHONE="3939035266968"
ALTPHONE="39"
FAX="39"
TIMEZONE="(UTC+01:00) Sarajevo, Skopje, Warsaw, Zagreb"
SITEDATEFORMAT="DAY_MONTH_YEAR"
STARTDATE="03/27/2018"
STUDYLOCALE="en-US"
SVAUTOSELECTRATE="100"
SVFIRSTNSUBJECTS="100"
/>


<SITE  NAME="(462) Ospedale Civile Maggiore Borgo Trento"    MNEMONIC="462"
ADDRESS="Piazzale Stefani 1
37126 Verona Verona
Italy"
COUNTRY="ITALY"
PHONE="39390458073110"
ALTPHONE="39"
FAX="39"
TIMEZONE="(UTC+01:00) Sarajevo, Skopje, Warsaw, Zagreb"
SITEDATEFORMAT="DAY_MONTH_YEAR"
STARTDATE="03/27/2018"
STUDYLOCALE="en-US"
SVAUTOSELECTRATE="100"
SVFIRSTNSUBJECTS="100"
/>


<SITE  NAME="(452) Universita degli Studi di Roma La Sapienza  Policlinico Umberto I"    MNEMONIC="452"
ADDRESS="Viale del Policlinico 15500161 Roma RomeItaly"
COUNTRY="ITALY"
PHONE="393907736553805"
ALTPHONE="39"
FAX="39"
TIMEZONE="(UTC+01:00) Sarajevo, Skopje, Warsaw, Zagreb"
SITEDATEFORMAT="DAY_MONTH_YEAR"
STARTDATE="03/27/2018"
STUDYLOCALE="en-US"
SVAUTOSELECTRATE="100"
SVFIRSTNSUBJECTS="100"
/>


<SITE  NAME="(455) Ospedale Maggiore Policlinico di Milano"    MNEMONIC="455"
ADDRESS="Via Francesco Sforza 28
20122 Milano Milan
Italy"
COUNTRY="ITALY"
PHONE="39390250320610"
ALTPHONE="39"
FAX="39"
TIMEZONE="(UTC+01:00) Sarajevo, Skopje, Warsaw, Zagreb"
SITEDATEFORMAT="DAY_MONTH_YEAR"
STARTDATE="03/27/2018"
STUDYLOCALE="en-US"
SVAUTOSELECTRATE="100"
SVFIRSTNSUBJECTS="100"
/>


<SITE  NAME="(456) Ospedale S Maria della Misericordia di Perugia"    MNEMONIC="456"
ADDRESS="Via E. Dal Pozzo
06100 Perugia Perugia
Italy"
COUNTRY="ITALY"
PHONE="39390755721366"
ALTPHONE="39"
FAX="39"
TIMEZONE="(UTC+01:00) Sarajevo, Skopje, Warsaw, Zagreb"
SITEDATEFORMAT="DAY_MONTH_YEAR"
STARTDATE="03/27/2018"
STUDYLOCALE="en-US"
SVAUTOSELECTRATE="100"
SVFIRSTNSUBJECTS="100"
/>


<SITE  NAME="(500) Investigacion en Salud y Metabolismo SC"    MNEMONIC="500"
ADDRESS="Torre de Consultorios 4 piso 408 Hacienda del Valle 7120 Fracc Plaza las Haciendas Chihuahua Chihuahua 31238"
COUNTRY="MEXICO"
PHONE="52526144398618"
ALTPHONE="52"
FAX="52"
TIMEZONE="(UTC-07:00) Chihuahua, La Paz, Mazatlan"
SITEDATEFORMAT="DAY_MONTH_YEAR"
STARTDATE="03/27/2018"
STUDYLOCALE="en-US"
SVAUTOSELECTRATE="100"
SVFIRSTNSUBJECTS="100"
/>


<SITE  NAME="(502) Hospital Universitario Jose Eleuterio Gonzalez Servicio de Endocrinologia Gerardo Gonzalez"    MNEMONIC="502"
ADDRESS="Av Francisco I Madero Pte s n y AV Gonzalitos Col Mitras Centro Monterrey Nuevo Leon 64460"
COUNTRY="MEXICO"
PHONE="52528183465540"
ALTPHONE="52"
FAX="52"
TIMEZONE="(UTC-06:00) Guadalajara, Mexico City, Monterrey"
SITEDATEFORMAT="DAY_MONTH_YEAR"
STARTDATE="03/27/2018"
STUDYLOCALE="en-US"
SVAUTOSELECTRATE="100"
SVFIRSTNSUBJECTS="100"
/>


<SITE  NAME="(501) Hospital Universitario Jose Eleuterio Gonzalez  Servicio de Endocrinologia Pedro Garcia"    MNEMONIC="501"
ADDRESS="Av Francisco I Madero Pte sn y Av Gonzalitos Col Mitras Centro Monterrey Nuevo Leon 64460"
COUNTRY="MEXICO"
PHONE="52018183487871"
ALTPHONE="52"
FAX="52"
TIMEZONE="(UTC-06:00) Guadalajara, Mexico City, Monterrey"
SITEDATEFORMAT="DAY_MONTH_YEAR"
STARTDATE="03/27/2018"
STUDYLOCALE="en-US"
SVAUTOSELECTRATE="100"
SVFIRSTNSUBJECTS="100"
/>


<SITE  NAME="(553) Gabinety Terpa"    MNEMONIC="553"
ADDRESS="Pogodna 34"
COUNTRY="POLAND"
PHONE="4848814427272"
ALTPHONE="48"
FAX="48"
TIMEZONE="(UTC+01:00) Sarajevo, Skopje, Warsaw, Zagreb"
SITEDATEFORMAT="DAY_MONTH_YEAR"
STARTDATE="03/27/2018"
STUDYLOCALE="en-US"
SVAUTOSELECTRATE="100"
SVFIRSTNSUBJECTS="100"
/>


<SITE  NAME="(563) NZOZ Przychodnia Specjalistyczna Henryk Rudzki Andrzej Wittek"    MNEMONIC="563"
ADDRESS="ul. Niedurnego 50D"
COUNTRY="POLAND"
PHONE="4848601524698"
ALTPHONE="48"
FAX="48"
TIMEZONE="(UTC+01:00) Sarajevo, Skopje, Warsaw, Zagreb"
SITEDATEFORMAT="DAY_MONTH_YEAR"
STARTDATE="03/27/2018"
STUDYLOCALE="en-US"
SVAUTOSELECTRATE="100"
SVFIRSTNSUBJECTS="100"
/>


<SITE  NAME="(561) NZOZ Salvia s c"    MNEMONIC="561"
ADDRESS="ul. Panewnicka 201-1"
COUNTRY="POLAND"
PHONE="4848502531509"
ALTPHONE="48"
FAX="48"
TIMEZONE="(UTC+01:00) Sarajevo, Skopje, Warsaw, Zagreb"
SITEDATEFORMAT="DAY_MONTH_YEAR"
STARTDATE="03/27/2018"
STUDYLOCALE="en-US"
SVAUTOSELECTRATE="100"
SVFIRSTNSUBJECTS="100"
/>


<SITE  NAME="(559) NZOZ Zdrowie Osteo-Medic"    MNEMONIC="559"
ADDRESS="ul. Wiejska 81"
COUNTRY="POLAND"
PHONE="4848504055959"
ALTPHONE="48"
FAX="48"
TIMEZONE="(UTC+01:00) Sarajevo, Skopje, Warsaw, Zagreb"
SITEDATEFORMAT="DAY_MONTH_YEAR"
STARTDATE="03/27/2018"
STUDYLOCALE="en-US"
SVAUTOSELECTRATE="100"
SVFIRSTNSUBJECTS="100"
/>


<SITE  NAME="(558) Regionalna Poradnia Diabetologiczna"    MNEMONIC="558"
ADDRESS="ul.Sw.Mikolaja 53-1a"
COUNTRY="POLAND"
PHONE="4848605299109"
ALTPHONE="48"
FAX="48"
TIMEZONE="(UTC+01:00) Sarajevo, Skopje, Warsaw, Zagreb"
SITEDATEFORMAT="DAY_MONTH_YEAR"
STARTDATE="03/27/2018"
STUDYLOCALE="en-US"
SVAUTOSELECTRATE="100"
SVFIRSTNSUBJECTS="100"
/>


<SITE  NAME="(556) NZOZ Przychodnia Specjalistyczna Medica"    MNEMONIC="556"
ADDRESS="Jutrzenki 4"
COUNTRY="POLAND"
PHONE="4848601918387"
ALTPHONE="48"
FAX="48"
TIMEZONE="(UTC+01:00) Sarajevo, Skopje, Warsaw, Zagreb"
SITEDATEFORMAT="DAY_MONTH_YEAR"
STARTDATE="03/27/2018"
STUDYLOCALE="en-US"
SVAUTOSELECTRATE="100"
SVFIRSTNSUBJECTS="100"
/>


<SITE  NAME="(551) NZOZ Neuro-Kard Ilkowski i Partnerzy"    MNEMONIC="551"
ADDRESS="Wierzbowa 2-2"
COUNTRY="POLAND"
PHONE="4848618707343"
ALTPHONE="48"
FAX="48"
TIMEZONE="(UTC+01:00) Sarajevo, Skopje, Warsaw, Zagreb"
SITEDATEFORMAT="DAY_MONTH_YEAR"
STARTDATE="03/27/2018"
STUDYLOCALE="en-US"
SVAUTOSELECTRATE="100"
SVFIRSTNSUBJECTS="100"
/>


<SITE  NAME="(550) Centralny Szpital Kliniczny MSW"    MNEMONIC="550"
ADDRESS="ul. Woloska 137"
COUNTRY="POLAND"
PHONE="4848225081300"
ALTPHONE="48"
FAX="48"
TIMEZONE="(UTC+01:00) Sarajevo, Skopje, Warsaw, Zagreb"
SITEDATEFORMAT="DAY_MONTH_YEAR"
STARTDATE="03/27/2018"
STUDYLOCALE="en-US"
SVAUTOSELECTRATE="100"
SVFIRSTNSUBJECTS="100"
/>


<SITE  NAME="(564) Centrum Terapii Wspolczesnej J M  Jasnorzewska Spolka Komandytowo-Akcyjna"    MNEMONIC="564"
ADDRESS="ul. Kopcinskiego 21"
COUNTRY="POLAND"
PHONE="4848422300609"
ALTPHONE="48"
FAX="48"
TIMEZONE="(UTC+01:00) Sarajevo, Skopje, Warsaw, Zagreb"
SITEDATEFORMAT="DAY_MONTH_YEAR"
STARTDATE="03/27/2018"
STUDYLOCALE="en-US"
SVAUTOSELECTRATE="100"
SVFIRSTNSUBJECTS="100"
/>


<SITE  NAME="(562) NS ZOZ Osrodek Diabetologiczny  Popula"    MNEMONIC="562"
ADDRESS="Pilsudskiego 4A-1"
COUNTRY="POLAND"
PHONE="4848506154381"
ALTPHONE="48"
FAX="48"
TIMEZONE="(UTC+01:00) Sarajevo, Skopje, Warsaw, Zagreb"
SITEDATEFORMAT="DAY_MONTH_YEAR"
STARTDATE="03/27/2018"
STUDYLOCALE="en-US"
SVAUTOSELECTRATE="100"
SVFIRSTNSUBJECTS="100"
/>


<SITE  NAME="(560) Praktyka Lekarska"    MNEMONIC="560"
ADDRESS="ul. Murawa 37a"
COUNTRY="POLAND"
PHONE="4848504211981"
ALTPHONE="48"
FAX="48"
TIMEZONE="(UTC+01:00) Sarajevo, Skopje, Warsaw, Zagreb"
SITEDATEFORMAT="DAY_MONTH_YEAR"
STARTDATE="03/27/2018"
STUDYLOCALE="en-US"
SVAUTOSELECTRATE="100"
SVFIRSTNSUBJECTS="100"
/>


<SITE  NAME="(557) NZOZ Diab-Endo-Met"    MNEMONIC="557"
ADDRESS="Rusznikarska 17"
COUNTRY="POLAND"
PHONE="4848501145303"
ALTPHONE="48"
FAX="48"
TIMEZONE="(UTC+01:00) Sarajevo, Skopje, Warsaw, Zagreb"
SITEDATEFORMAT="DAY_MONTH_YEAR"
STARTDATE="03/27/2018"
STUDYLOCALE="en-US"
SVAUTOSELECTRATE="100"
SVFIRSTNSUBJECTS="100"
/>


<SITE  NAME="(555) Centrum Medyczne OMEDICA"    MNEMONIC="555"
ADDRESS="ul. Steszewska 41"
COUNTRY="POLAND"
PHONE="4848515134600"
ALTPHONE="48"
FAX="48"
TIMEZONE="(UTC+01:00) Sarajevo, Skopje, Warsaw, Zagreb"
SITEDATEFORMAT="DAY_MONTH_YEAR"
STARTDATE="03/27/2018"
STUDYLOCALE="en-US"
SVAUTOSELECTRATE="100"
SVFIRSTNSUBJECTS="100"
/>


<SITE  NAME="(554) Poradnia Diabetologiczna SN ZOZ Lege Artis"    MNEMONIC="554"
ADDRESS="u. Mlynowa 17"
COUNTRY="POLAND"
PHONE="4848856545454"
ALTPHONE="48"
FAX="48"
TIMEZONE="(UTC+01:00) Sarajevo, Skopje, Warsaw, Zagreb"
SITEDATEFORMAT="DAY_MONTH_YEAR"
STARTDATE="03/27/2018"
STUDYLOCALE="en-US"
SVAUTOSELECTRATE="100"
SVFIRSTNSUBJECTS="100"
/>


<SITE  NAME="(552) Centrum Badan Klinicznych PI House"    MNEMONIC="552"
ADDRESS="ul. Na Zaspe 3"
COUNTRY="POLAND"
PHONE="4848587192222"
ALTPHONE="48"
FAX="48"
TIMEZONE="(UTC+01:00) Sarajevo, Skopje, Warsaw, Zagreb"
SITEDATEFORMAT="DAY_MONTH_YEAR"
STARTDATE="03/27/2018"
STUDYLOCALE="en-US"
SVAUTOSELECTRATE="100"
SVFIRSTNSUBJECTS="100"
/>


<SITE  NAME="(603) Centrul Medical Unirea SRL"    MNEMONIC="603"
ADDRESS="Str. Dr.Louis Pasteur
Nr 24
Ap 72"
COUNTRY="ROMANIA"
PHONE="4040364401527"
ALTPHONE="40"
FAX="40"
TIMEZONE="(UTC+02:00) Chisinau"
SITEDATEFORMAT="DAY_MONTH_YEAR"
STARTDATE="03/27/2018"
STUDYLOCALE="en-US"
SVAUTOSELECTRATE="100"
SVFIRSTNSUBJECTS="100"
/>


<SITE  NAME="(615) SC Gama Diamed SRL"    MNEMONIC="615"
ADDRESS="Str.T.S.Saveanu
Nr 1"
COUNTRY="ROMANIA"
PHONE="4040241740582"
ALTPHONE="40"
FAX="40"
TIMEZONE="(UTC+02:00) Chisinau"
SITEDATEFORMAT="DAY_MONTH_YEAR"
STARTDATE="03/27/2018"
STUDYLOCALE="en-US"
SVAUTOSELECTRATE="100"
SVFIRSTNSUBJECTS="100"
/>


<SITE  NAME="(613) S C  Diabmed Dr  Popescu Alexandrina SRL"    MNEMONIC="613"
ADDRESS="Str. Sighet Nr4"
COUNTRY="ROMANIA"
PHONE="4040244523484"
ALTPHONE="40"
FAX="40"
TIMEZONE="(UTC+02:00) Chisinau"
SITEDATEFORMAT="DAY_MONTH_YEAR"
STARTDATE="03/27/2018"
STUDYLOCALE="en-US"
SVAUTOSELECTRATE="100"
SVFIRSTNSUBJECTS="100"
/>


<SITE  NAME="(608) SC Grandmed SRL"    MNEMONIC="608"
ADDRESS="Str Republicii Nr 32
ap 2"
COUNTRY="ROMANIA"
PHONE="4040359804343"
ALTPHONE="40"
FAX="40"
TIMEZONE="(UTC+02:00) Chisinau"
SITEDATEFORMAT="DAY_MONTH_YEAR"
STARTDATE="03/27/2018"
STUDYLOCALE="en-US"
SVAUTOSELECTRATE="100"
SVFIRSTNSUBJECTS="100"
/>


<SITE  NAME="(602) SC Olimpia Med SRL"    MNEMONIC="602"
ADDRESS="Str Grigore Ghica Voda Nr 7"
COUNTRY="ROMANIA"
PHONE="4040332440771"
ALTPHONE="40"
FAX="40"
TIMEZONE="(UTC+02:00) Chisinau"
SITEDATEFORMAT="DAY_MONTH_YEAR"
STARTDATE="03/27/2018"
STUDYLOCALE="en-US"
SVAUTOSELECTRATE="100"
SVFIRSTNSUBJECTS="100"
/>


<SITE  NAME="(600) SC Cosamext SRL"    MNEMONIC="600"
ADDRESS="Str. Prof.Dr Gh Marinescu Nr. 4"
COUNTRY="ROMANIA"
PHONE="4040265435422"
ALTPHONE="40"
FAX="40"
TIMEZONE="(UTC+02:00) Chisinau"
SITEDATEFORMAT="DAY_MONTH_YEAR"
STARTDATE="03/27/2018"
STUDYLOCALE="en-US"
SVAUTOSELECTRATE="100"
SVFIRSTNSUBJECTS="100"
/>


<SITE  NAME="(611) CMI DNBM Dr Pop Lavinia"    MNEMONIC="611"
ADDRESS="Str. George Cosbuc
nr. 25 A
Apt 2"
COUNTRY="ROMANIA"
PHONE="4040735867270"
ALTPHONE="40"
FAX="40"
TIMEZONE="(UTC+02:00) Chisinau"
SITEDATEFORMAT="DAY_MONTH_YEAR"
STARTDATE="03/27/2018"
STUDYLOCALE="en-US"
SVAUTOSELECTRATE="100"
SVFIRSTNSUBJECTS="100"
/>


<SITE  NAME="(609) SC Nutrilife SRL"    MNEMONIC="609"
ADDRESS="Str. Constantin Dobrogea
nu Ghereanr.10-12
et.2
sector1"
COUNTRY="ROMANIA"
PHONE="4040212323445"
ALTPHONE="40"
FAX="40"
TIMEZONE="(UTC+02:00) Chisinau"
SITEDATEFORMAT="DAY_MONTH_YEAR"
STARTDATE="03/27/2018"
STUDYLOCALE="en-US"
SVAUTOSELECTRATE="100"
SVFIRSTNSUBJECTS="100"
/>


<SITE  NAME="(607) SC Centrul Medical Dr  Negrisanu SRL"    MNEMONIC="607"
ADDRESS="Transilvania
nr 7"
COUNTRY="ROMANIA"
PHONE="4040256240609"
ALTPHONE="40"
FAX="40"
TIMEZONE="(UTC+02:00) Chisinau"
SITEDATEFORMAT="DAY_MONTH_YEAR"
STARTDATE="03/27/2018"
STUDYLOCALE="en-US"
SVAUTOSELECTRATE="100"
SVFIRSTNSUBJECTS="100"
/>


<SITE  NAME="(605) Milena Sante SRL"    MNEMONIC="605"
ADDRESS="Str. Nicolae Balcescu
Nr 31"
COUNTRY="ROMANIA"
PHONE="4040236464546"
ALTPHONE="40"
FAX="40"
TIMEZONE="(UTC+02:00) Chisinau"
SITEDATEFORMAT="DAY_MONTH_YEAR"
STARTDATE="03/27/2018"
STUDYLOCALE="en-US"
SVAUTOSELECTRATE="100"
SVFIRSTNSUBJECTS="100"
/>


<SITE  NAME="(601) SC Medcon SRL"    MNEMONIC="601"
ADDRESS="Str. Col. Ion Buzoianu
Nr 55"
COUNTRY="ROMANIA"
PHONE="4040238445590"
ALTPHONE="40"
FAX="40"
TIMEZONE="(UTC+02:00) Chisinau"
SITEDATEFORMAT="DAY_MONTH_YEAR"
STARTDATE="03/27/2018"
STUDYLOCALE="en-US"
SVAUTOSELECTRATE="100"
SVFIRSTNSUBJECTS="100"
/>


<SITE  NAME="(616) Easydiet SRL"    MNEMONIC="616"
ADDRESS="Str Grigore Alexandrescu
nr 80
sector 1"
COUNTRY="ROMANIA"
PHONE="4040214078111"
ALTPHONE="40"
FAX="40"
TIMEZONE="(UTC+02:00) Chisinau"
SITEDATEFORMAT="DAY_MONTH_YEAR"
STARTDATE="03/27/2018"
STUDYLOCALE="en-US"
SVAUTOSELECTRATE="100"
SVFIRSTNSUBJECTS="100"
/>


<SITE  NAME="(614) Spitalul Judetean de Urgenta Satu Mare"    MNEMONIC="614"
ADDRESS="Str. Eroii Revolutiel nr. 1-2"
COUNTRY="ROMANIA"
PHONE="4040261712849"
ALTPHONE="40"
FAX="40"
TIMEZONE="(UTC+02:00) Chisinau"
SITEDATEFORMAT="DAY_MONTH_YEAR"
STARTDATE="03/27/2018"
STUDYLOCALE="en-US"
SVAUTOSELECTRATE="100"
SVFIRSTNSUBJECTS="100"
/>


<SITE  NAME="(612) SC Dianutrilife Medica SRL"    MNEMONIC="612"
ADDRESS="Str Alexandru Glinka
nr 37"
COUNTRY="ROMANIA"
PHONE="4040344407987"
ALTPHONE="40"
FAX="40"
TIMEZONE="(UTC+02:00) Chisinau"
SITEDATEFORMAT="DAY_MONTH_YEAR"
STARTDATE="03/27/2018"
STUDYLOCALE="en-US"
SVAUTOSELECTRATE="100"
SVFIRSTNSUBJECTS="100"
/>


<SITE  NAME="(610) Cabinet Medical Urodiamed S R L"    MNEMONIC="610"
ADDRESS="Bd.Gheorghe Chitu nr 35"
COUNTRY="ROMANIA"
PHONE="4040251510384"
ALTPHONE="40"
FAX="40"
TIMEZONE="(UTC+02:00) Chisinau"
SITEDATEFORMAT="DAY_MONTH_YEAR"
STARTDATE="03/27/2018"
STUDYLOCALE="en-US"
SVAUTOSELECTRATE="100"
SVFIRSTNSUBJECTS="100"
/>


<SITE  NAME="(606) Cabinetul Medical Nicodiab SRL"    MNEMONIC="606"
ADDRESS="str. Polona 92
bl. 17A and B
sc.1
ap.2"
COUNTRY="ROMANIA"
PHONE="4040212116046"
ALTPHONE="40"
FAX="40"
TIMEZONE="(UTC+02:00) Chisinau"
SITEDATEFORMAT="DAY_MONTH_YEAR"
STARTDATE="03/27/2018"
STUDYLOCALE="en-US"
SVAUTOSELECTRATE="100"
SVFIRSTNSUBJECTS="100"
/>


<SITE  NAME="(604) Centrul Medical de Diagnostic si Tratament Ambulatoriu Neomed SRL"    MNEMONIC="604"
ADDRESS="Str Crisului Nr. 1
Bl.1  Sc. C 
Ap. 2"
COUNTRY="ROMANIA"
PHONE="4040368424168"
ALTPHONE="40"
FAX="40"
TIMEZONE="(UTC+02:00) Chisinau"
SITEDATEFORMAT="DAY_MONTH_YEAR"
STARTDATE="03/27/2018"
STUDYLOCALE="en-US"
SVAUTOSELECTRATE="100"
SVFIRSTNSUBJECTS="100"
/>


<SITE  NAME="(655) St Elizabeth City Clinical Hospital"    MNEMONIC="655"
ADDRESS="Ul. Vavilovykh 14  
St. Petersburg   195257"
COUNTRY="RUSSIAN FEDERATION"
PHONE="778129872913"
ALTPHONE="7"
FAX="7"
TIMEZONE="(UTC+03:00) Moscow, St. Petersburg, Volgograd"
SITEDATEFORMAT="DAY_MONTH_YEAR"
STARTDATE="03/27/2018"
STUDYLOCALE="en-US"
SVAUTOSELECTRATE="100"
SVFIRSTNSUBJECTS="100"
/>


<SITE  NAME="(654) Rostov State Medical University"    MNEMONIC="654"
ADDRESS="Nakhichevanskiy per 29
Rostov-on-Don  344022"
COUNTRY="RUSSIAN FEDERATION"
PHONE="778632504048"
ALTPHONE="7"
FAX="7"
TIMEZONE="(UTC+03:00) Moscow, St. Petersburg, Volgograd"
SITEDATEFORMAT="DAY_MONTH_YEAR"
STARTDATE="03/27/2018"
STUDYLOCALE="en-US"
SVAUTOSELECTRATE="100"
SVFIRSTNSUBJECTS="100"
/>


<SITE  NAME="(652) Regional Clinical Hospital"    MNEMONIC="652"
ADDRESS="1  Smirnovskoe ushelie
Saratov  410053"
COUNTRY="RUSSIAN FEDERATION"
PHONE="778452491454"
ALTPHONE="7"
FAX="7"
TIMEZONE="(UTC+03:00) Moscow, St. Petersburg, Volgograd"
SITEDATEFORMAT="DAY_MONTH_YEAR"
STARTDATE="03/27/2018"
STUDYLOCALE="en-US"
SVAUTOSELECTRATE="100"
SVFIRSTNSUBJECTS="100"
/>


<SITE  NAME="(650) Arkhangelsk the first city clinical hospital"    MNEMONIC="650"
ADDRESS="1 Suvorova str.
Arkhangelsk  163045"
COUNTRY="RUSSIAN FEDERATION"
PHONE="778182632996"
ALTPHONE="7"
FAX="7"
TIMEZONE="(UTC+03:00) Moscow, St. Petersburg, Volgograd"
SITEDATEFORMAT="DAY_MONTH_YEAR"
STARTDATE="03/27/2018"
STUDYLOCALE="en-US"
SVAUTOSELECTRATE="100"
SVFIRSTNSUBJECTS="100"
/>


<SITE  NAME="(653) SPb GBUZ Diagnostic Center no 85"    MNEMONIC="653"
ADDRESS="Leni Golikova str. 29
building 4  
St. Petersburg   198255"
COUNTRY="RUSSIAN FEDERATION"
PHONE="77812521371"
ALTPHONE="7"
FAX="7"
TIMEZONE="(UTC+03:00) Moscow, St. Petersburg, Volgograd"
SITEDATEFORMAT="DAY_MONTH_YEAR"
STARTDATE="03/27/2018"
STUDYLOCALE="en-US"
SVAUTOSELECTRATE="100"
SVFIRSTNSUBJECTS="100"
/>


<SITE  NAME="(651) Arkhangelsk Regional Clinical Hospital"    MNEMONIC="651"
ADDRESS="Prospect Lomonosova 292
 Arkhangelsk  163045"
COUNTRY="RUSSIAN FEDERATION"
PHONE="778182636363"
ALTPHONE="7"
FAX="7"
TIMEZONE="(UTC+03:00) Moscow, St. Petersburg, Volgograd"
SITEDATEFORMAT="DAY_MONTH_YEAR"
STARTDATE="03/27/2018"
STUDYLOCALE="en-US"
SVAUTOSELECTRATE="100"
SVFIRSTNSUBJECTS="100"
/>


<SITE  NAME="(704) MediVet s r o"    MNEMONIC="704"
ADDRESS="Nadrazna 23"
COUNTRY="SLOVAKIA"
PHONE="421421347723225"
ALTPHONE="421"
FAX="421"
TIMEZONE="(UTC+02:00) Chisinau"
SITEDATEFORMAT="DAY_MONTH_YEAR"
STARTDATE="03/27/2018"
STUDYLOCALE="en-US"
SVAUTOSELECTRATE="100"
SVFIRSTNSUBJECTS="100"
/>


<SITE  NAME="(703) DIA-MED CENTRUM s r o"    MNEMONIC="703"
ADDRESS="Pod Lachovcom 1727-55"
COUNTRY="SLOVAKIA"
PHONE="421421424605326"
ALTPHONE="421"
FAX="421"
TIMEZONE="(UTC+02:00) Chisinau"
SITEDATEFORMAT="DAY_MONTH_YEAR"
STARTDATE="03/27/2018"
STUDYLOCALE="en-US"
SVAUTOSELECTRATE="100"
SVFIRSTNSUBJECTS="100"
/>


<SITE  NAME="(700) MU Dr Jan Culak s r o"    MNEMONIC="700"
ADDRESS="Hviezdoslavova 1"
COUNTRY="SLOVAKIA"
PHONE="421421465431151"
ALTPHONE="421"
FAX="421"
TIMEZONE="(UTC+02:00) Chisinau"
SITEDATEFORMAT="DAY_MONTH_YEAR"
STARTDATE="03/27/2018"
STUDYLOCALE="en-US"
SVAUTOSELECTRATE="100"
SVFIRSTNSUBJECTS="100"
/>


<SITE  NAME="(705) Areteus s r o"    MNEMONIC="705"
ADDRESS="Ul M R Stefanika 3782-25-a"
COUNTRY="SLOVAKIA"
PHONE="421421566716115"
ALTPHONE="421"
FAX="421"
TIMEZONE="(UTC+02:00) Chisinau"
SITEDATEFORMAT="DAY_MONTH_YEAR"
STARTDATE="03/27/2018"
STUDYLOCALE="en-US"
SVAUTOSELECTRATE="100"
SVFIRSTNSUBJECTS="100"
/>


<SITE  NAME="(708) Diacrin s r o"    MNEMONIC="708"
ADDRESS="Saratovska 24"
COUNTRY="SLOVAKIA"
PHONE="421421905311689"
ALTPHONE="421"
FAX="421"
TIMEZONE="(UTC+02:00) Chisinau"
SITEDATEFORMAT="DAY_MONTH_YEAR"
STARTDATE="03/27/2018"
STUDYLOCALE="en-US"
SVAUTOSELECTRATE="100"
SVFIRSTNSUBJECTS="100"
/>


<SITE  NAME="(706) Tatratrial s r o"    MNEMONIC="706"
ADDRESS="Diabetologicka ambulancia
Namestie 1.maja"
COUNTRY="SLOVAKIA"
PHONE="421421587329625"
ALTPHONE="421"
FAX="421"
TIMEZONE="(UTC+02:00) Chisinau"
SITEDATEFORMAT="DAY_MONTH_YEAR"
STARTDATE="03/27/2018"
STUDYLOCALE="en-US"
SVAUTOSELECTRATE="100"
SVFIRSTNSUBJECTS="100"
/>


<SITE  NAME="(702) NOEMIS  s r o"    MNEMONIC="702"
ADDRESS="Dibrovova 2496-25"
COUNTRY="SLOVAKIA"
PHONE="421421327710577"
ALTPHONE="421"
FAX="421"
TIMEZONE="(UTC+02:00) Chisinau"
SITEDATEFORMAT="DAY_MONTH_YEAR"
STARTDATE="03/27/2018"
STUDYLOCALE="en-US"
SVAUTOSELECTRATE="100"
SVFIRSTNSUBJECTS="100"
/>


<SITE  NAME="(707) FUNKYSTUFF s r o"    MNEMONIC="707"
ADDRESS="J. Krala 3"
COUNTRY="SLOVAKIA"
PHONE="421421356420746"
ALTPHONE="421"
FAX="421"
TIMEZONE="(UTC+02:00) Chisinau"
SITEDATEFORMAT="DAY_MONTH_YEAR"
STARTDATE="03/27/2018"
STUDYLOCALE="en-US"
SVAUTOSELECTRATE="100"
SVFIRSTNSUBJECTS="100"
/>


<SITE  NAME="(701) Human care s r o"    MNEMONIC="701"
ADDRESS="Rastislavova 45"
COUNTRY="SLOVAKIA"
PHONE="421421556854050"
ALTPHONE="421"
FAX="421"
TIMEZONE="(UTC+02:00) Chisinau"
SITEDATEFORMAT="DAY_MONTH_YEAR"
STARTDATE="03/27/2018"
STUDYLOCALE="en-US"
SVAUTOSELECTRATE="100"
SVFIRSTNSUBJECTS="100"
/>


<SITE  NAME="(813) Clinica San Pedro"    MNEMONIC="813"
ADDRESS="Plaza San Pedro no 5
1º3"
COUNTRY="SPAIN"
PHONE="340034950270126"
ALTPHONE="34"
FAX="34"
TIMEZONE="(UTC+02:00) Chisinau"
SITEDATEFORMAT="DAY_MONTH_YEAR"
STARTDATE="03/27/2018"
STUDYLOCALE="en-US"
SVAUTOSELECTRATE="100"
SVFIRSTNSUBJECTS="100"
/>


<SITE  NAME="(811) Hospital Quiron Teknon"    MNEMONIC="811"
ADDRESS="Consultorios Vilana. Endocrinologia. Despacho 123 C-Vilana 12"
COUNTRY="SPAIN"
PHONE="3434933933123"
ALTPHONE="34"
FAX="34"
TIMEZONE="(UTC+02:00) Chisinau"
SITEDATEFORMAT="DAY_MONTH_YEAR"
STARTDATE="03/27/2018"
STUDYLOCALE="en-US"
SVAUTOSELECTRATE="100"
SVFIRSTNSUBJECTS="100"
/>


<SITE  NAME="(809) Hospital Universitario Marques de Valdecilla-END"    MNEMONIC="809"
ADDRESS="Consultas de endocrinologia Planta 0. Avda. de Valdecilla
S-N"
COUNTRY="SPAIN"
PHONE="340034639659866"
ALTPHONE="34"
FAX="34"
TIMEZONE="(UTC+02:00) Chisinau"
SITEDATEFORMAT="DAY_MONTH_YEAR"
STARTDATE="03/27/2018"
STUDYLOCALE="en-US"
SVAUTOSELECTRATE="100"
SVFIRSTNSUBJECTS="100"
/>


<SITE  NAME="(806) Hospital Virgen de las Nieves"    MNEMONIC="806"
ADDRESS="C- Dr. Azpitarte
4 Edificio Licinio de la Fuente - Planta 5"
COUNTRY="SPAIN"
PHONE="340034958241100"
ALTPHONE="34"
FAX="34"
TIMEZONE="(UTC+02:00) Chisinau"
SITEDATEFORMAT="DAY_MONTH_YEAR"
STARTDATE="03/27/2018"
STUDYLOCALE="en-US"
SVAUTOSELECTRATE="100"
SVFIRSTNSUBJECTS="100"
/>


<SITE  NAME="(807) Hospital Universitario San Cecilio - Endo"    MNEMONIC="807"
ADDRESS="Avda de la investigacion S-N"
COUNTRY="SPAIN"
PHONE="340034958807000"
ALTPHONE="34"
FAX="34"
TIMEZONE="(UTC+02:00) Chisinau"
SITEDATEFORMAT="DAY_MONTH_YEAR"
STARTDATE="03/27/2018"
STUDYLOCALE="en-US"
SVAUTOSELECTRATE="100"
SVFIRSTNSUBJECTS="100"
/>


<SITE  NAME="(805) Corporacion Sanitaria Parc Tauli - Endo"    MNEMONIC="805"
ADDRESS="Avda. De Parc Tauli S-N Endocrinologia. Consultas externas 2 planta. Sala 2F. Despacho 62. Ensayos clinicos."
COUNTRY="SPAIN"
PHONE="340034954330856"
ALTPHONE="34"
FAX="34"
TIMEZONE="(UTC+02:00) Chisinau"
SITEDATEFORMAT="DAY_MONTH_YEAR"
STARTDATE="03/27/2018"
STUDYLOCALE="en-US"
SVAUTOSELECTRATE="100"
SVFIRSTNSUBJECTS="100"
/>


<SITE  NAME="(803) Hospital Universitario Virgen Macarena  Endo"    MNEMONIC="803"
ADDRESS="Avd Doctor Fedrianis n Edificio policlinico 2 plantaEndocrinoUnidad de Investigacion"
COUNTRY="SPAIN"
PHONE="340034955693429"
ALTPHONE="34"
FAX="34"
TIMEZONE="(UTC+02:00) Chisinau"
SITEDATEFORMAT="DAY_MONTH_YEAR"
STARTDATE="03/27/2018"
STUDYLOCALE="en-US"
SVAUTOSELECTRATE="100"
SVFIRSTNSUBJECTS="100"
/>


<SITE  NAME="(802) Instituto de Ciencias Medicas"    MNEMONIC="802"
ADDRESS="Unidad de Medicina Innovadora C-Poeta Quintana  56"
COUNTRY="SPAIN"
PHONE="340034966592350"
ALTPHONE="34"
FAX="34"
TIMEZONE="(UTC+02:00) Chisinau"
SITEDATEFORMAT="DAY_MONTH_YEAR"
STARTDATE="03/27/2018"
STUDYLOCALE="en-US"
SVAUTOSELECTRATE="100"
SVFIRSTNSUBJECTS="100"
/>


<SITE  NAME="(801) Nuevas Tecnologias en Diabetes y Endocrinologia"    MNEMONIC="801"
ADDRESS="calle Alejo Fernandez  9
local 4"
COUNTRY="SPAIN"
PHONE="340034954709183"
ALTPHONE="34"
FAX="34"
TIMEZONE="(UTC+02:00) Chisinau"
SITEDATEFORMAT="DAY_MONTH_YEAR"
STARTDATE="03/27/2018"
STUDYLOCALE="en-US"
SVAUTOSELECTRATE="100"
SVFIRSTNSUBJECTS="100"
/>


<SITE  NAME="(814) Clinica Juaneda"    MNEMONIC="814"
ADDRESS="Company
30 Planta 3 - Sala 333"
COUNTRY="SPAIN"
PHONE="340034971175000"
ALTPHONE="34"
FAX="34"
TIMEZONE="(UTC+02:00) Chisinau"
SITEDATEFORMAT="DAY_MONTH_YEAR"
STARTDATE="03/27/2018"
STUDYLOCALE="en-US"
SVAUTOSELECTRATE="100"
SVFIRSTNSUBJECTS="100"
/>


<SITE  NAME="(812) Hospital Universitario Quiron Madrid"    MNEMONIC="812"
ADDRESS="Servicio de Endocrinologia. Planta -1. C-Diego de Velazquez
1 28223 Pozuelo de Alarcon. Madrid."
COUNTRY="SPAIN"
PHONE="340034913908626"
ALTPHONE="34"
FAX="34"
TIMEZONE="(UTC+02:00) Chisinau"
SITEDATEFORMAT="DAY_MONTH_YEAR"
STARTDATE="03/27/2018"
STUDYLOCALE="en-US"
SVAUTOSELECTRATE="100"
SVFIRSTNSUBJECTS="100"
/>


<SITE  NAME="(810) Policlinica Galileo - Endo"    MNEMONIC="810"
ADDRESS="Edificio Empresarial Galileo C- Los Enebros
74 bajo"
COUNTRY="SPAIN"
PHONE="3434978621467"
ALTPHONE="34"
FAX="34"
TIMEZONE="(UTC+02:00) Chisinau"
SITEDATEFORMAT="DAY_MONTH_YEAR"
STARTDATE="03/27/2018"
STUDYLOCALE="en-US"
SVAUTOSELECTRATE="100"
SVFIRSTNSUBJECTS="100"
/>


<SITE  NAME="(808) Hospital Infanta Luisa - Endo"    MNEMONIC="808"
ADDRESS="Unidad de investigacion. Diabetes junto a Servico de Farmacia
C- San Jacinto  87"
COUNTRY="SPAIN"
PHONE="340034954001856"
ALTPHONE="34"
FAX="34"
TIMEZONE="(UTC+02:00) Chisinau"
SITEDATEFORMAT="DAY_MONTH_YEAR"
STARTDATE="03/27/2018"
STUDYLOCALE="en-US"
SVAUTOSELECTRATE="100"
SVFIRSTNSUBJECTS="100"
/>


<SITE  NAME="(804) Centro de Especialidades San Jose Obrero"    MNEMONIC="804"
ADDRESS="Centro de Especialidades San Jose Obrero. Avda. Juan XXIII. UNIDAD DE INVESTIGACION. Endocrinologia"
COUNTRY="SPAIN"
PHONE="340034951032000"
ALTPHONE="34"
FAX="34"
TIMEZONE="(UTC+02:00) Chisinau"
SITEDATEFORMAT="DAY_MONTH_YEAR"
STARTDATE="03/27/2018"
STUDYLOCALE="en-US"
SVAUTOSELECTRATE="100"
SVFIRSTNSUBJECTS="100"
/>


<SITE  NAME="(800) Hospital Puerta De Hierro"    MNEMONIC="800"
ADDRESS="Servicio de endocrinologia Manuel de Falla  1"
COUNTRY="SPAIN"
PHONE="340034911916198"
ALTPHONE="34"
FAX="34"
TIMEZONE="(UTC+02:00) Chisinau"
SITEDATEFORMAT="DAY_MONTH_YEAR"
STARTDATE="03/27/2018"
STUDYLOCALE="en-US"
SVAUTOSELECTRATE="100"
SVFIRSTNSUBJECTS="100"
/>


<SITE  NAME="(850) Chung Shan Medical University Hospital"    MNEMONIC="850"
ADDRESS="No. 110, Sec. 1, Chien-Ko N. Rd., South District, Taichung"
COUNTRY="TAIWAN"
PHONE="886886424739595"
ALTPHONE="886"
FAX="886"
TIMEZONE="(UTC+08:00) Beijing, Chongqing, Hong Kong, Urumqi"
SITEDATEFORMAT="DAY_MONTH_YEAR"
STARTDATE="03/27/2018"
STUDYLOCALE="en-US"
SVAUTOSELECTRATE="100"
SVFIRSTNSUBJECTS="100"
/>


<SITE  NAME="(851) Taichung Veterans General Hospital"    MNEMONIC="851"
ADDRESS="No.1650 Taiwan Boulevard Sect. 4,Taiwan, Taichung"
COUNTRY="TAIWAN"
PHONE="886886423592525"
ALTPHONE="886"
FAX="886"
TIMEZONE="(UTC+08:00) Beijing, Chongqing, Hong Kong, Urumqi"
SITEDATEFORMAT="DAY_MONTH_YEAR"
STARTDATE="03/27/2018"
STUDYLOCALE="en-US"
SVAUTOSELECTRATE="100"
SVFIRSTNSUBJECTS="100"
/>


<SITE  NAME="(852) Chi-Mei Medical Center - Yung Kang"    MNEMONIC="852"
ADDRESS="No.901, Zhonghua Rd., Yongkang Dist. Tainan"
COUNTRY="TAIWAN"
PHONE="88688662812811"
ALTPHONE="886"
FAX="886"
TIMEZONE="(UTC+08:00) Beijing, Chongqing, Hong Kong, Urumqi"
SITEDATEFORMAT="DAY_MONTH_YEAR"
STARTDATE="03/27/2018"
STUDYLOCALE="en-US"
SVAUTOSELECTRATE="100"
SVFIRSTNSUBJECTS="100"
/>


<SITE  NAME="(933) East-West Medical Research"    MNEMONIC="933"
ADDRESS="1585 Kapiolani Boulevard Suite 1500 Honolulu Hawaii 96814"
COUNTRY="UNITED STATES"
PHONE="18.08532e+009"
ALTPHONE="1"
FAX="1"
TIMEZONE="(UTC-10:00) Hawaii"
SITEDATEFORMAT="DAY_MONTH_YEAR"
STARTDATE="03/27/2018"
STUDYLOCALE="en-US"
SVAUTOSELECTRATE="100"
SVFIRSTNSUBJECTS="100"
/>


<SITE  NAME="(974) The Queens Medical Center West Oahu"    MNEMONIC="974"
ADDRESS="91 2127 Ft Weaver Road Ewa Beach Hawaii 96706"
COUNTRY="UNITED STATES"
PHONE="13.10402e+009"
ALTPHONE="1"
FAX="1"
TIMEZONE="(UTC-10:00) Hawaii"
SITEDATEFORMAT="DAY_MONTH_YEAR"
STARTDATE="03/27/2018"
STUDYLOCALE="en-US"
SVAUTOSELECTRATE="100"
SVFIRSTNSUBJECTS="100"
/>


<SITE  NAME="(965) Pacific Research Partners LLC"    MNEMONIC="965"
ADDRESS="901 Clay Street Oakland California 94607"
COUNTRY="UNITED STATES"
PHONE="15.10444e+009"
ALTPHONE="1"
FAX="1"
TIMEZONE="(UTC-08:00) Pacific Time (US &#38; Canada)"
SITEDATEFORMAT="DAY_MONTH_YEAR"
STARTDATE="03/27/2018"
STUDYLOCALE="en-US"
SVAUTOSELECTRATE="100"
SVFIRSTNSUBJECTS="100"
/>


<SITE  NAME="(962) University Clinical Investigators Inc"    MNEMONIC="962"
ADDRESS="Diabetes Research Center 2492 Walnut Avenue Suite 130 Tustin California 92780"
COUNTRY="UNITED STATES"
PHONE="17.14761e+009"
ALTPHONE="1"
FAX="1"
TIMEZONE="(UTC-08:00) Pacific Time (US &#38; Canada)"
SITEDATEFORMAT="DAY_MONTH_YEAR"
STARTDATE="03/27/2018"
STUDYLOCALE="en-US"
SVAUTOSELECTRATE="100"
SVFIRSTNSUBJECTS="100"
/>


<SITE  NAME="(945) Catalina Research Institute LLC"    MNEMONIC="945"
ADDRESS="Catalina Research Institute LLC 5050 Palo Verde Street Suite 103 Montclair California 91763"
COUNTRY="UNITED STATES"
PHONE="19.09203e+009"
ALTPHONE="1"
FAX="1"
TIMEZONE="(UTC-08:00) Pacific Time (US &#38; Canada)"
SITEDATEFORMAT="DAY_MONTH_YEAR"
STARTDATE="03/27/2018"
STUDYLOCALE="en-US"
SVAUTOSELECTRATE="100"
SVFIRSTNSUBJECTS="100"
/>


<SITE  NAME="(930) Diablo Clincial Research Inc"    MNEMONIC="930"
ADDRESS="2255 Ygnacio Valley Road Suite M Walnut Creek California 94598"
COUNTRY="UNITED STATES"
PHONE="19.25931e+009"
ALTPHONE="1"
FAX="1"
TIMEZONE="(UTC-08:00) Pacific Time (US &#38; Canada)"
SITEDATEFORMAT="DAY_MONTH_YEAR"
STARTDATE="03/27/2018"
STUDYLOCALE="en-US"
SVAUTOSELECTRATE="100"
SVFIRSTNSUBJECTS="100"
/>


<SITE  NAME="(926) Summit Research Network Inc"    MNEMONIC="926"
ADDRESS="2701 Northwest Vaughn Street Suite 350 Portland Oregon 97210"
COUNTRY="UNITED STATES"
PHONE="15032798252"
ALTPHONE="1"
FAX="1"
TIMEZONE="(UTC-08:00) Pacific Time (US &#38; Canada)"
SITEDATEFORMAT="DAY_MONTH_YEAR"
STARTDATE="03/27/2018"
STUDYLOCALE="en-US"
SVAUTOSELECTRATE="100"
SVFIRSTNSUBJECTS="100"
/>


<SITE  NAME="(966) Sierra Clinical Research"    MNEMONIC="966"
ADDRESS="576 North Sunrise Avenue Suite 230 Roseville California 95661"
COUNTRY="UNITED STATES"
PHONE="19.16783e+009"
ALTPHONE="1"
FAX="1"
TIMEZONE="(UTC-08:00) Pacific Time (US &#38; Canada)"
SITEDATEFORMAT="DAY_MONTH_YEAR"
STARTDATE="03/27/2018"
STUDYLOCALE="en-US"
SVAUTOSELECTRATE="100"
SVFIRSTNSUBJECTS="100"
/>


<SITE  NAME="(961) Care Access Research - Santa Clarita"    MNEMONIC="961"
ADDRESS="23928 Lyons Avenue Suite 110 Santa Clarita California 91321"
COUNTRY="UNITED STATES"
PHONE="16.61286e+009"
ALTPHONE="1"
FAX="1"
TIMEZONE="(UTC-08:00) Pacific Time (US &#38; Canada)"
SITEDATEFORMAT="DAY_MONTH_YEAR"
STARTDATE="03/27/2018"
STUDYLOCALE="en-US"
SVAUTOSELECTRATE="100"
SVFIRSTNSUBJECTS="100"
/>


<SITE  NAME="(960) Valley Research"    MNEMONIC="960"
ADDRESS="550 East Herndon Ave Suite 101 Fresno California 93720"
COUNTRY="UNITED STATES"
PHONE="15.59261e+009"
ALTPHONE="1"
FAX="1"
TIMEZONE="(UTC-08:00) Pacific Time (US &#38; Canada)"
SITEDATEFORMAT="DAY_MONTH_YEAR"
STARTDATE="03/27/2018"
STUDYLOCALE="en-US"
SVAUTOSELECTRATE="100"
SVFIRSTNSUBJECTS="100"
/>


<SITE  NAME="(959) Artemis Institute for Clinical Research- San Diego"    MNEMONIC="959"
ADDRESS="770 Washington Street Suite 300 San Diego California 92103"
COUNTRY="UNITED STATES"
PHONE="18.58278e+009"
ALTPHONE="1"
FAX="1"
TIMEZONE="(UTC-08:00) Pacific Time (US &#38; Canada)"
SITEDATEFORMAT="DAY_MONTH_YEAR"
STARTDATE="03/27/2018"
STUDYLOCALE="en-US"
SVAUTOSELECTRATE="100"
SVFIRSTNSUBJECTS="100"
/>


<SITE  NAME="(958) Anaheim Clinical Trials"    MNEMONIC="958"
ADDRESS="1085 N Harbor Blvd Anaheim California 92801"
COUNTRY="UNITED STATES"
PHONE="17147747777"
ALTPHONE="1"
FAX="1"
TIMEZONE="(UTC-08:00) Pacific Time (US &#38; Canada)"
SITEDATEFORMAT="DAY_MONTH_YEAR"
STARTDATE="03/27/2018"
STUDYLOCALE="en-US"
SVAUTOSELECTRATE="100"
SVFIRSTNSUBJECTS="100"
/>


<SITE  NAME="(957) Encompass Clinical Research"    MNEMONIC="957"
ADDRESS="10225 Austin Drive Suite 203 Spring Valley California 91978"
COUNTRY="UNITED STATES"
PHONE="16.19661e+009"
ALTPHONE="1"
FAX="1"
TIMEZONE="(UTC-08:00) Pacific Time (US &#38; Canada)"
SITEDATEFORMAT="DAY_MONTH_YEAR"
STARTDATE="03/27/2018"
STUDYLOCALE="en-US"
SVAUTOSELECTRATE="100"
SVFIRSTNSUBJECTS="100"
/>


<SITE  NAME="(953) National Research Institute -- Panorama City"    MNEMONIC="953"
ADDRESS="14418 Chase Street Suite 200 Panorama City California 91402"
COUNTRY="UNITED STATES"
PHONE="18.18533e+009"
ALTPHONE="1"
FAX="1"
TIMEZONE="(UTC-08:00) Pacific Time (US &#38; Canada)"
SITEDATEFORMAT="DAY_MONTH_YEAR"
STARTDATE="03/27/2018"
STUDYLOCALE="en-US"
SVAUTOSELECTRATE="100"
SVFIRSTNSUBJECTS="100"
/>


<SITE  NAME="(970) Valley Clinical Trials"    MNEMONIC="970"
ADDRESS="18433 Roscoe Blvd Suite 210 Northridge California 91325"
COUNTRY="UNITED STATES"
PHONE="18.1828e+009"
ALTPHONE="1"
FAX="1"
TIMEZONE="(UTC-08:00) Pacific Time (US &#38; Canada)"
SITEDATEFORMAT="DAY_MONTH_YEAR"
STARTDATE="03/27/2018"
STUDYLOCALE="en-US"
SVAUTOSELECTRATE="100"
SVFIRSTNSUBJECTS="100"
/>


<SITE  NAME="(929) The Corvallis Clinic - Clinical Research Center"    MNEMONIC="929"
ADDRESS="3680 Northwest Samaritan Drive Corvallis Oregon 97330"
COUNTRY="UNITED STATES"
PHONE="15.41754e+009"
ALTPHONE="1"
FAX="1"
TIMEZONE="(UTC-08:00) Pacific Time (US &#38; Canada)"
SITEDATEFORMAT="DAY_MONTH_YEAR"
STARTDATE="03/27/2018"
STUDYLOCALE="en-US"
SVAUTOSELECTRATE="100"
SVFIRSTNSUBJECTS="100"
/>


<SITE  NAME="(936) National Research Institute - Huntington Park"    MNEMONIC="936"
ADDRESS="6120 Seville Ave Huntington Park California 90255"
COUNTRY="UNITED STATES"
PHONE="13.23357e+009"
ALTPHONE="1"
FAX="1"
TIMEZONE="(UTC-08:00) Pacific Time (US &#38; Canada)"
SITEDATEFORMAT="DAY_MONTH_YEAR"
STARTDATE="03/27/2018"
STUDYLOCALE="en-US"
SVAUTOSELECTRATE="100"
SVFIRSTNSUBJECTS="100"
/>


<SITE  NAME="(934) National Research Institute - Wilshire"    MNEMONIC="934"
ADDRESS="2010 Wilshire Boulevard Suite 302 Los Angeles California 90057"
COUNTRY="UNITED STATES"
PHONE="12.13413e+009"
ALTPHONE="1"
FAX="1"
TIMEZONE="(UTC-08:00) Pacific Time (US &#38; Canada)"
SITEDATEFORMAT="DAY_MONTH_YEAR"
STARTDATE="03/27/2018"
STUDYLOCALE="en-US"
SVAUTOSELECTRATE="100"
SVFIRSTNSUBJECTS="100"
/>


<SITE  NAME="(975) Synexus Central Phoenix Medical Clinic LLC"    MNEMONIC="975"
ADDRESS="7600 North 15th Street Suite 191 Phoenix Arizona 85020"
COUNTRY="UNITED STATES"
PHONE="16.022e+009"
ALTPHONE="1"
FAX="1"
TIMEZONE="(UTC-07:00) Mountain Time (US &#38; Canada)"
SITEDATEFORMAT="DAY_MONTH_YEAR"
STARTDATE="03/27/2018"
STUDYLOCALE="en-US"
SVAUTOSELECTRATE="100"
SVFIRSTNSUBJECTS="100"
/>


<SITE  NAME="(963) Synexus Central Arizona Medical Associates PC"    MNEMONIC="963"
ADDRESS="3638 E Southern Ave Suite 103 C Mesa Arizona 85206"
COUNTRY="UNITED STATES"
PHONE="14.80751e+009"
ALTPHONE="1"
FAX="1"
TIMEZONE="(UTC-07:00) Mountain Time (US &#38; Canada)"
SITEDATEFORMAT="DAY_MONTH_YEAR"
STARTDATE="03/27/2018"
STUDYLOCALE="en-US"
SVAUTOSELECTRATE="100"
SVFIRSTNSUBJECTS="100"
/>


<SITE  NAME="(976) Synexus - Chandler"    MNEMONIC="976"
ADDRESS="2081 West Frye Road Suite 208 Chandler Arizona 85224"
COUNTRY="UNITED STATES"
PHONE="14.80775e+009"
ALTPHONE="1"
FAX="1"
TIMEZONE="(UTC-07:00) Mountain Time (US &#38; Canada)"
SITEDATEFORMAT="DAY_MONTH_YEAR"
STARTDATE="03/27/2018"
STUDYLOCALE="en-US"
SVAUTOSELECTRATE="100"
SVFIRSTNSUBJECTS="100"
/>


<SITE  NAME="(900) Montana Health Research Institute Inc"    MNEMONIC="900"
ADDRESS="2101 Broadwater Ave Billings Montana 59102"
COUNTRY="UNITED STATES"
PHONE="14.06653e+009"
ALTPHONE="1"
FAX="1"
TIMEZONE="(UTC-07:00) Mountain Time (US &#38; Canada)"
SITEDATEFORMAT="DAY_MONTH_YEAR"
STARTDATE="03/27/2018"
STUDYLOCALE="en-US"
SVAUTOSELECTRATE="100"
SVFIRSTNSUBJECTS="100"
/>


<SITE  NAME="(918) Saltzer Medical Group  PA"    MNEMONIC="918"
ADDRESS="215 E Hawaii Avenue Nampa Idaho 83686"
COUNTRY="UNITED STATES"
PHONE="12.08463e+009"
ALTPHONE="1"
FAX="1"
TIMEZONE="(UTC-07:00) Mountain Time (US &#38; Canada)"
SITEDATEFORMAT="DAY_MONTH_YEAR"
STARTDATE="03/27/2018"
STUDYLOCALE="en-US"
SVAUTOSELECTRATE="100"
SVFIRSTNSUBJECTS="100"
/>


<SITE  NAME="(971) Glacier View Research Institute - Dept of Endocrinology"    MNEMONIC="971"
ADDRESS="430 Windward Way Suite 100 Kalispell Montana 59901"
COUNTRY="UNITED STATES"
PHONE="14.06752e+009"
ALTPHONE="1"
FAX="1"
TIMEZONE="(UTC-07:00) Mountain Time (US &#38; Canada)"
SITEDATEFORMAT="DAY_MONTH_YEAR"
STARTDATE="03/27/2018"
STUDYLOCALE="en-US"
SVAUTOSELECTRATE="100"
SVFIRSTNSUBJECTS="100"
/>


<SITE  NAME="(968) Walla Walla Clinic"    MNEMONIC="968"
ADDRESS="55 West Tietan Street Walla Walla Washington 99362"
COUNTRY="UNITED STATES"
PHONE="15.09525e+009"
ALTPHONE="1"
FAX="1"
TIMEZONE="(UTC-07:00) Mountain Time (US &#38; Canada)"
SITEDATEFORMAT="DAY_MONTH_YEAR"
STARTDATE="03/27/2018"
STUDYLOCALE="en-US"
SVAUTOSELECTRATE="100"
SVFIRSTNSUBJECTS="100"
/>


<SITE  NAME="(921) Advanced Research Institute"    MNEMONIC="921"
ADDRESS="6028 South Ridgeline Drive Suite 101 Ogden Utah 84405"
COUNTRY="UNITED STATES"
PHONE="18.01409e+009"
ALTPHONE="1"
FAX="1"
TIMEZONE="(UTC-07:00) Mountain Time (US &#38; Canada)"
SITEDATEFORMAT="DAY_MONTH_YEAR"
STARTDATE="03/27/2018"
STUDYLOCALE="en-US"
SVAUTOSELECTRATE="100"
SVFIRSTNSUBJECTS="100"
/>


<SITE  NAME="(920) Progressive Clinical Research"    MNEMONIC="920"
ADDRESS="425 South Medical Drive Suite 117 Bountiful Utah 84010"
COUNTRY="UNITED STATES"
PHONE="18.01299e+009"
ALTPHONE="1"
FAX="1"
TIMEZONE="(UTC-07:00) Mountain Time (US &#38; Canada)"
SITEDATEFORMAT="DAY_MONTH_YEAR"
STARTDATE="03/27/2018"
STUDYLOCALE="en-US"
SVAUTOSELECTRATE="100"
SVFIRSTNSUBJECTS="100"
/>


<SITE  NAME="(910) Capital Clinical Research Center LLC"    MNEMONIC="910"
ADDRESS="110 Delphi Road NW Suite 101 Olympia Washington 98502"
COUNTRY="UNITED STATES"
PHONE="13.60786e+009"
ALTPHONE="1"
FAX="1"
TIMEZONE="(UTC-07:00) Mountain Time (US &#38; Canada)"
SITEDATEFORMAT="DAY_MONTH_YEAR"
STARTDATE="03/27/2018"
STUDYLOCALE="en-US"
SVAUTOSELECTRATE="100"
SVFIRSTNSUBJECTS="100"
/>


<SITE  NAME="(907) Columbia Medical Associates dba Northside Endocrinology"    MNEMONIC="907"
ADDRESS="6120 North Mayfair Spokane Washington 99208"
COUNTRY="UNITED STATES"
PHONE="15.09445e+009"
ALTPHONE="1"
FAX="1"
TIMEZONE="(UTC-07:00) Mountain Time (US &#38; Canada)"
SITEDATEFORMAT="DAY_MONTH_YEAR"
STARTDATE="03/27/2018"
STUDYLOCALE="en-US"
SVAUTOSELECTRATE="100"
SVFIRSTNSUBJECTS="100"
/>


<SITE  NAME="(902) Elite Clinical Trials LLLP"    MNEMONIC="902"
ADDRESS="1443 Parkway Drive Suite T-8 Blackfoot Idaho 83221"
COUNTRY="UNITED STATES"
PHONE="12.08643e+009"
ALTPHONE="1"
FAX="1"
TIMEZONE="(UTC-07:00) Mountain Time (US &#38; Canada)"
SITEDATEFORMAT="DAY_MONTH_YEAR"
STARTDATE="03/27/2018"
STUDYLOCALE="en-US"
SVAUTOSELECTRATE="100"
SVFIRSTNSUBJECTS="100"
/>


<SITE  NAME="(901) Confluence Health"    MNEMONIC="901"
ADDRESS="820 North Chelan Avenue Clinical Research Department Wenatchee Washington 98801"
COUNTRY="UNITED STATES"
PHONE="15.09666e+009"
ALTPHONE="1"
FAX="1"
TIMEZONE="(UTC-07:00) Mountain Time (US &#38; Canada)"
SITEDATEFORMAT="DAY_MONTH_YEAR"
STARTDATE="03/27/2018"
STUDYLOCALE="en-US"
SVAUTOSELECTRATE="100"
SVFIRSTNSUBJECTS="100"
/>


<SITE  NAME="(931) Intend Research"    MNEMONIC="931"
ADDRESS="1010 24th Avenue NW Suite 110 Norman Oklahoma 73069"
COUNTRY="UNITED STATES"
PHONE="14.05702e+009"
ALTPHONE="1"
FAX="1"
TIMEZONE="(UTC-06:00) Central Time (US &#38; Canada)"
SITEDATEFORMAT="DAY_MONTH_YEAR"
STARTDATE="03/27/2018"
STUDYLOCALE="en-US"
SVAUTOSELECTRATE="100"
SVFIRSTNSUBJECTS="100"
/>


<SITE  NAME="(938) Prevea Clinic Inc"    MNEMONIC="938"
ADDRESS="1727 Shawano Avenue 2nd Floor Green Bay Wisconsin 54303"
COUNTRY="UNITED STATES"
PHONE="19.20272e+009"
ALTPHONE="1"
FAX="1"
TIMEZONE="(UTC-06:00) Central Time (US &#38; Canada)"
SITEDATEFORMAT="DAY_MONTH_YEAR"
STARTDATE="03/27/2018"
STUDYLOCALE="en-US"
SVAUTOSELECTRATE="100"
SVFIRSTNSUBJECTS="100"
/>


<SITE  NAME="(937) Clinical Research Professionals"    MNEMONIC="937"
ADDRESS="7 The Pines Court Suite D St Louis Missouri 63141"
COUNTRY="UNITED STATES"
PHONE="16.3622e+009"
ALTPHONE="1"
FAX="1"
TIMEZONE="(UTC-06:00) Central Time (US &#38; Canada)"
SITEDATEFORMAT="DAY_MONTH_YEAR"
STARTDATE="03/27/2018"
STUDYLOCALE="en-US"
SVAUTOSELECTRATE="100"
SVFIRSTNSUBJECTS="100"
/>


<SITE  NAME="(903) Synexus Clinical Research Advantage"    MNEMONIC="903"
ADDRESS="958 C South Kenmore Drive Evansville Indiana 47714"
COUNTRY="UNITED STATES"
PHONE="18.12477e+009"
ALTPHONE="1"
FAX="1"
TIMEZONE="(UTC-06:00) Central Time (US &#38; Canada)"
SITEDATEFORMAT="DAY_MONTH_YEAR"
STARTDATE="03/27/2018"
STUDYLOCALE="en-US"
SVAUTOSELECTRATE="100"
SVFIRSTNSUBJECTS="100"
/>


<SITE  NAME="(943) Martin Diagnostic Clinic"    MNEMONIC="943"
ADDRESS="710 Lawerence Street Tomball Texas 77375"
COUNTRY="UNITED STATES"
PHONE="18.32843e+009"
ALTPHONE="1"
FAX="1"
TIMEZONE="(UTC-06:00) Central Time (US &#38; Canada)"
SITEDATEFORMAT="DAY_MONTH_YEAR"
STARTDATE="03/27/2018"
STUDYLOCALE="en-US"
SVAUTOSELECTRATE="100"
SVFIRSTNSUBJECTS="100"
/>


<SITE  NAME="(940) Clinpoint Trial LLC"    MNEMONIC="940"
ADDRESS="100 Professional Place Waxahachie Texas 75165"
COUNTRY="UNITED STATES"
PHONE="19.72961e+009"
ALTPHONE="1"
FAX="1"
TIMEZONE="(UTC-06:00) Central Time (US &#38; Canada)"
SITEDATEFORMAT="DAY_MONTH_YEAR"
STARTDATE="03/27/2018"
STUDYLOCALE="en-US"
SVAUTOSELECTRATE="100"
SVFIRSTNSUBJECTS="100"
/>


<SITE  NAME="(969) Iowa Diabetes and Endocrinology Research Center"    MNEMONIC="969"
ADDRESS="1031 Office Park Dr Suite 2 West Des Moines Iowa 50265"
COUNTRY="UNITED STATES"
PHONE="15.15644e+009"
ALTPHONE="1"
FAX="1"
TIMEZONE="(UTC-06:00) Central Time (US &#38; Canada)"
SITEDATEFORMAT="DAY_MONTH_YEAR"
STARTDATE="03/27/2018"
STUDYLOCALE="en-US"
SVAUTOSELECTRATE="100"
SVFIRSTNSUBJECTS="100"
/>


<SITE  NAME="(977) Consano Clinical Research"    MNEMONIC="977"
ADDRESS="4118 Pond Hill RD Building 3 Shavano Park Texas 78231"
COUNTRY="UNITED STATES"
PHONE="12.10545e+009"
ALTPHONE="1"
FAX="1"
TIMEZONE="(UTC-06:00) Central Time (US &#38; Canada)"
SITEDATEFORMAT="DAY_MONTH_YEAR"
STARTDATE="03/27/2018"
STUDYLOCALE="en-US"
SVAUTOSELECTRATE="100"
SVFIRSTNSUBJECTS="100"
/>


<SITE  NAME="(952) StudyMetrix Research LLC"    MNEMONIC="952"
ADDRESS="3862 Mexico Rd St Peters Missouri 63303"
COUNTRY="UNITED STATES"
PHONE="16.36388e+009"
ALTPHONE="1"
FAX="1"
TIMEZONE="(UTC-06:00) Central Time (US &#38; Canada)"
SITEDATEFORMAT="DAY_MONTH_YEAR"
STARTDATE="03/27/2018"
STUDYLOCALE="en-US"
SVAUTOSELECTRATE="100"
SVFIRSTNSUBJECTS="100"
/>


<SITE  NAME="(949) Dallas Diabetes and Endocrine Research Center PA"    MNEMONIC="949"
ADDRESS="7777 Forest Lane Suite C 685 Dallas Texas 75230"
COUNTRY="UNITED STATES"
PHONE="19.72567e+009"
ALTPHONE="1"
FAX="1"
TIMEZONE="(UTC-06:00) Central Time (US &#38; Canada)"
SITEDATEFORMAT="DAY_MONTH_YEAR"
STARTDATE="03/27/2018"
STUDYLOCALE="en-US"
SVAUTOSELECTRATE="100"
SVFIRSTNSUBJECTS="100"
/>


<SITE  NAME="(967) Arkansas Clinical Research"    MNEMONIC="967"
ADDRESS="701 North University Avenue Suite 101 Suite 101 Little Rock Arkansas 72205"
COUNTRY="UNITED STATES"
PHONE="15.01908e+009"
ALTPHONE="1"
FAX="1"
TIMEZONE="(UTC-06:00) Central Time (US &#38; Canada)"
SITEDATEFORMAT="DAY_MONTH_YEAR"
STARTDATE="03/27/2018"
STUDYLOCALE="en-US"
SVAUTOSELECTRATE="100"
SVFIRSTNSUBJECTS="100"
/>


<SITE  NAME="(935) Southern Endocrinology and Associates PA"    MNEMONIC="935"
ADDRESS="1621 N Belt Line Rd Mesquite Texas 75149"
COUNTRY="UNITED STATES"
PHONE="14.69661e+009"
ALTPHONE="1"
FAX="1"
TIMEZONE="(UTC-06:00) Central Time (US &#38; Canada)"
SITEDATEFORMAT="DAY_MONTH_YEAR"
STARTDATE="03/27/2018"
STUDYLOCALE="en-US"
SVAUTOSELECTRATE="100"
SVFIRSTNSUBJECTS="100"
/>


<SITE  NAME="(928) IPS Research"    MNEMONIC="928"
ADDRESS="1111 North Lee Avenue Suite 400 Oklahoma City Oklahoma 73103"
COUNTRY="UNITED STATES"
PHONE="14.05236e+009"
ALTPHONE="1"
FAX="1"
TIMEZONE="(UTC-06:00) Central Time (US &#38; Canada)"
SITEDATEFORMAT="DAY_MONTH_YEAR"
STARTDATE="03/27/2018"
STUDYLOCALE="en-US"
SVAUTOSELECTRATE="100"
SVFIRSTNSUBJECTS="100"
/>


<SITE  NAME="(911) Prairie Education and Research Cooperative"    MNEMONIC="911"
ADDRESS="1118 Legacy Pointe Dr Springfield Illinois 62711"
COUNTRY="UNITED STATES"
PHONE="12.17788e+009"
ALTPHONE="1"
FAX="1"
TIMEZONE="(UTC-06:00) Central Time (US &#38; Canada)"
SITEDATEFORMAT="DAY_MONTH_YEAR"
STARTDATE="03/27/2018"
STUDYLOCALE="en-US"
SVAUTOSELECTRATE="100"
SVFIRSTNSUBJECTS="100"
/>


<SITE  NAME="(973) Synexus rban Family Practice Associates PC"    MNEMONIC="973"
ADDRESS="2520 Windy Hill Road SE Suite 301 Marietta Georgia 30067"
COUNTRY="UNITED STATES"
PHONE="17.70451e+009"
ALTPHONE="1"
FAX="1"
TIMEZONE="(UTC-05:00) Eastern Time (US &#38; Canada)"
SITEDATEFORMAT="DAY_MONTH_YEAR"
STARTDATE="03/27/2018"
STUDYLOCALE="en-US"
SVAUTOSELECTRATE="100"
SVFIRSTNSUBJECTS="100"
/>


<SITE  NAME="(972) Clinical Research Partners LLC  Johnston Wills"    MNEMONIC="972"
ADDRESS="1467 Johnston Willis Drive Richmond Virginia 23235"
COUNTRY="UNITED STATES"
PHONE="18.04309e+009"
ALTPHONE="1"
FAX="1"
TIMEZONE="(UTC-05:00) Eastern Time (US &#38; Canada)"
SITEDATEFORMAT="DAY_MONTH_YEAR"
STARTDATE="03/27/2018"
STUDYLOCALE="en-US"
SVAUTOSELECTRATE="100"
SVFIRSTNSUBJECTS="100"
/>


<SITE  NAME="(964) NECCR PrimaCare Research LLC"    MNEMONIC="964"
ADDRESS="277 Pleasant Street Building 1 Suite 461 Fall River Massachusetts 02721"
COUNTRY="UNITED STATES"
PHONE="15.08673e+009"
ALTPHONE="1"
FAX="1"
TIMEZONE="(UTC-05:00) Eastern Time (US &#38; Canada)"
SITEDATEFORMAT="DAY_MONTH_YEAR"
STARTDATE="03/27/2018"
STUDYLOCALE="en-US"
SVAUTOSELECTRATE="100"
SVFIRSTNSUBJECTS="100"
/>


<SITE  NAME="(951) In Quest Medical Research Peachtree Corners"    MNEMONIC="951"
ADDRESS="5245 Buford Hwy Suite 106 Peachtree Corners Georgia 30071"
COUNTRY="UNITED STATES"
PHONE="17.70903e+009"
ALTPHONE="1"
FAX="1"
TIMEZONE="(UTC-05:00) Eastern Time (US &#38; Canada)"
SITEDATEFORMAT="DAY_MONTH_YEAR"
STARTDATE="03/27/2018"
STUDYLOCALE="en-US"
SVAUTOSELECTRATE="100"
SVFIRSTNSUBJECTS="100"
/>


<SITE  NAME="(950) Chattanooga Research and Medicine CHARM"    MNEMONIC="950"
ADDRESS="2205 McCallie Avenue Chattanooga Tennessee 37404"
COUNTRY="UNITED STATES"
PHONE="14.23643e+009"
ALTPHONE="1"
FAX="1"
TIMEZONE="(UTC-05:00) Eastern Time (US &#38; Canada)"
SITEDATEFORMAT="DAY_MONTH_YEAR"
STARTDATE="03/27/2018"
STUDYLOCALE="en-US"
SVAUTOSELECTRATE="100"
SVFIRSTNSUBJECTS="100"
/>


<SITE  NAME="(942) Diabetes and Endocrinology Consultants PC"    MNEMONIC="942"
ADDRESS="611 North 35th Street Morehead City North Carolina 28557"
COUNTRY="UNITED STATES"
PHONE="12522225700"
ALTPHONE="1"
FAX="1"
TIMEZONE="(UTC-05:00) Eastern Time (US &#38; Canada)"
SITEDATEFORMAT="DAY_MONTH_YEAR"
STARTDATE="03/27/2018"
STUDYLOCALE="en-US"
SVAUTOSELECTRATE="100"
SVFIRSTNSUBJECTS="100"
/>


<SITE  NAME="(941) All Medical Research LLC"    MNEMONIC="941"
ADDRESS="9700 Stirling Road Bldg Suite 103 Cooper City Florida 33024"
COUNTRY="UNITED STATES"
PHONE="17.54263e+009"
ALTPHONE="1"
FAX="1"
TIMEZONE="(UTC-05:00) Eastern Time (US &#38; Canada)"
SITEDATEFORMAT="DAY_MONTH_YEAR"
STARTDATE="03/27/2018"
STUDYLOCALE="en-US"
SVAUTOSELECTRATE="100"
SVFIRSTNSUBJECTS="100"
/>


<SITE  NAME="(939) Suncoast Research Group LLC"    MNEMONIC="939"
ADDRESS="2128 West Flagler Street Miami Florida 33135"
COUNTRY="UNITED STATES"
PHONE="13.05632e+009"
ALTPHONE="1"
FAX="1"
TIMEZONE="(UTC-05:00) Eastern Time (US &#38; Canada)"
SITEDATEFORMAT="DAY_MONTH_YEAR"
STARTDATE="03/27/2018"
STUDYLOCALE="en-US"
SVAUTOSELECTRATE="100"
SVFIRSTNSUBJECTS="100"
/>


<SITE  NAME="(927) Oviedo Medical Research LLC"    MNEMONIC="927"
ADDRESS="2441 W State Road 426 Suite 2011 Oviedo Florida 32765"
COUNTRY="UNITED STATES"
PHONE="14.07977e+009"
ALTPHONE="1"
FAX="1"
TIMEZONE="(UTC-05:00) Eastern Time (US &#38; Canada)"
SITEDATEFORMAT="DAY_MONTH_YEAR"
STARTDATE="03/27/2018"
STUDYLOCALE="en-US"
SVAUTOSELECTRATE="100"
SVFIRSTNSUBJECTS="100"
/>


<SITE  NAME="(925) Sudhir Bansal MD Inc"    MNEMONIC="925"
ADDRESS="215 Toll Gate Road Suite 309 Warwick Rhode Island 02886"
COUNTRY="UNITED STATES"
PHONE="14.01733e+009"
ALTPHONE="1"
FAX="1"
TIMEZONE="(UTC-05:00) Eastern Time (US &#38; Canada)"
SITEDATEFORMAT="DAY_MONTH_YEAR"
STARTDATE="03/27/2018"
STUDYLOCALE="en-US"
SVAUTOSELECTRATE="100"
SVFIRSTNSUBJECTS="100"
/>


<SITE  NAME="(923) Manassas Clinical Research Center"    MNEMONIC="923"
ADDRESS="9001Digges Road Suite 107 and 108 Manassas Virginia 20110"
COUNTRY="UNITED STATES"
PHONE="17.0333e+009"
ALTPHONE="1"
FAX="1"
TIMEZONE="(UTC-05:00) Eastern Time (US &#38; Canada)"
SITEDATEFORMAT="DAY_MONTH_YEAR"
STARTDATE="03/27/2018"
STUDYLOCALE="en-US"
SVAUTOSELECTRATE="100"
SVFIRSTNSUBJECTS="100"
/>


<SITE  NAME="(922) PMG Research of Charleston LLC  Moncks Corner"    MNEMONIC="922"
ADDRESS="2061 Highway 52 Moncks Corner South Carolina 29461"
COUNTRY="UNITED STATES"
PHONE="18.43849e+009"
ALTPHONE="1"
FAX="1"
TIMEZONE="(UTC-05:00) Eastern Time (US &#38; Canada)"
SITEDATEFORMAT="DAY_MONTH_YEAR"
STARTDATE="03/27/2018"
STUDYLOCALE="en-US"
SVAUTOSELECTRATE="100"
SVFIRSTNSUBJECTS="100"
/>


<SITE  NAME="(914) Detweiler Family Medicine and Associates PC"    MNEMONIC="914"
ADDRESS="1970 N Broad Street Lansdale Pennsylvania 19446"
COUNTRY="UNITED STATES"
PHONE="12.15368e+009"
ALTPHONE="1"
FAX="1"
TIMEZONE="(UTC-05:00) Eastern Time (US &#38; Canada)"
SITEDATEFORMAT="DAY_MONTH_YEAR"
STARTDATE="03/27/2018"
STUDYLOCALE="en-US"
SVAUTOSELECTRATE="100"
SVFIRSTNSUBJECTS="100"
/>


<SITE  NAME="(912) Heritage Valley Medical Group Inc"    MNEMONIC="912"
ADDRESS="500 Sharon Road Beaver Pennsylvania 15009"
COUNTRY="UNITED STATES"
PHONE="17.24775e+009"
ALTPHONE="1"
FAX="1"
TIMEZONE="(UTC-05:00) Eastern Time (US &#38; Canada)"
SITEDATEFORMAT="DAY_MONTH_YEAR"
STARTDATE="03/27/2018"
STUDYLOCALE="en-US"
SVAUTOSELECTRATE="100"
SVFIRSTNSUBJECTS="100"
/>


<SITE  NAME="(909) Arcturus Healthcare PLC Troy Internal Medicine Research Division"    MNEMONIC="909"
ADDRESS="4550 Investment Drive Suite 210 Troy Michigan 48098"
COUNTRY="UNITED STATES"
PHONE="12.48312e+009"
ALTPHONE="1"
FAX="1"
TIMEZONE="(UTC-05:00) Eastern Time (US &#38; Canada)"
SITEDATEFORMAT="DAY_MONTH_YEAR"
STARTDATE="03/27/2018"
STUDYLOCALE="en-US"
SVAUTOSELECTRATE="100"
SVFIRSTNSUBJECTS="100"
/>


<SITE  NAME="(908) InterMed PA"    MNEMONIC="908"
ADDRESS="84 Marginal Way Suite 700 Portland Maine 04101"
COUNTRY="UNITED STATES"
PHONE="12.07775e+009"
ALTPHONE="1"
FAX="1"
TIMEZONE="(UTC-05:00) Eastern Time (US &#38; Canada)"
SITEDATEFORMAT="DAY_MONTH_YEAR"
STARTDATE="03/27/2018"
STUDYLOCALE="en-US"
SVAUTOSELECTRATE="100"
SVFIRSTNSUBJECTS="100"
/>


<SITE  NAME="(906) Great Lakes Medical Research LLC"    MNEMONIC="906"
ADDRESS="138 East Main Street PO Box 10 Westfield New York 14787"
COUNTRY="UNITED STATES"
PHONE="17.16326e+009"
ALTPHONE="1"
FAX="1"
TIMEZONE="(UTC-05:00) Eastern Time (US &#38; Canada)"
SITEDATEFORMAT="DAY_MONTH_YEAR"
STARTDATE="03/27/2018"
STUDYLOCALE="en-US"
SVAUTOSELECTRATE="100"
SVFIRSTNSUBJECTS="100"
/>


<SITE  NAME="(956) Manhattan Medical Research Practice PLLC"    MNEMONIC="956"
ADDRESS="215 Lexington Ave 21st Floor New York New York 10016"
COUNTRY="UNITED STATES"
PHONE="12.1248e+009"
ALTPHONE="1"
FAX="1"
TIMEZONE="(UTC-05:00) Eastern Time (US &#38; Canada)"
SITEDATEFORMAT="DAY_MONTH_YEAR"
STARTDATE="03/27/2018"
STUDYLOCALE="en-US"
SVAUTOSELECTRATE="100"
SVFIRSTNSUBJECTS="100"
/>


<SITE  NAME="(948) Clinical Research Of South Florida"    MNEMONIC="948"
ADDRESS="370 Minorca Avenue 2nd Floor Coral Gables Florida 33134"
COUNTRY="UNITED STATES"
PHONE="13.05446e+009"
ALTPHONE="1"
FAX="1"
TIMEZONE="(UTC-05:00) Eastern Time (US &#38; Canada)"
SITEDATEFORMAT="DAY_MONTH_YEAR"
STARTDATE="03/27/2018"
STUDYLOCALE="en-US"
SVAUTOSELECTRATE="100"
SVFIRSTNSUBJECTS="100"
/>


<SITE  NAME="(944) New Horizon Research Center"    MNEMONIC="944"
ADDRESS="11880 Bird Road Suite 405 Miami Florida 33175"
COUNTRY="UNITED STATES"
PHONE="13.05226e+009"
ALTPHONE="1"
FAX="1"
TIMEZONE="(UTC-05:00) Eastern Time (US &#38; Canada)"
SITEDATEFORMAT="DAY_MONTH_YEAR"
STARTDATE="03/27/2018"
STUDYLOCALE="en-US"
SVAUTOSELECTRATE="100"
SVFIRSTNSUBJECTS="100"
/>


<SITE  NAME="(917) Chase Medical Research LLC"    MNEMONIC="917"
ADDRESS="500 Chase Parkway 3rd Floor Waterbury Connecticut 06708"
COUNTRY="UNITED STATES"
PHONE="12.03419e+009"
ALTPHONE="1"
FAX="1"
TIMEZONE="(UTC-05:00) Eastern Time (US &#38; Canada)"
SITEDATEFORMAT="DAY_MONTH_YEAR"
STARTDATE="03/27/2018"
STUDYLOCALE="en-US"
SVAUTOSELECTRATE="100"
SVFIRSTNSUBJECTS="100"
/>


<SITE  NAME="(915) Premier Research Inc"    MNEMONIC="915"
ADDRESS="708 Chambers Street Trenton New Jersey 08611"
COUNTRY="UNITED STATES"
PHONE="16.09393e+009"
ALTPHONE="1"
FAX="1"
TIMEZONE="(UTC-05:00) Eastern Time (US &#38; Canada)"
SITEDATEFORMAT="DAY_MONTH_YEAR"
STARTDATE="03/27/2018"
STUDYLOCALE="en-US"
SVAUTOSELECTRATE="100"
SVFIRSTNSUBJECTS="100"
/>


<SITE  NAME="(946) Metrolina Internal Medicine PA"    MNEMONIC="946"
ADDRESS="2300 Randolph Rd Ste A Charlotte North Carolina 28207"
COUNTRY="UNITED STATES"
PHONE="17.04373e+009"
ALTPHONE="1"
FAX="1"
TIMEZONE="(UTC-05:00) Eastern Time (US &#38; Canada)"
SITEDATEFORMAT="DAY_MONTH_YEAR"
STARTDATE="03/27/2018"
STUDYLOCALE="en-US"
SVAUTOSELECTRATE="100"
SVFIRSTNSUBJECTS="100"
/>


<SITE  NAME="(919) Midwest Institute for Clinical Research"    MNEMONIC="919"
ADDRESS="8803 North Meridian Street Suite 200 Indianapolis Indiana 46260"
COUNTRY="UNITED STATES"
PHONE="13.17706e+009"
ALTPHONE="1"
FAX="1"
TIMEZONE="(UTC-05:00) Eastern Time (US &#38; Canada)"
SITEDATEFORMAT="DAY_MONTH_YEAR"
STARTDATE="03/27/2018"
STUDYLOCALE="en-US"
SVAUTOSELECTRATE="100"
SVFIRSTNSUBJECTS="100"
/>


<SITE  NAME="(916) Medstar Health Research Institute-America Blvd"    MNEMONIC="916"
ADDRESS="6401 America Blvd. Suite 203 Hyattsville, Maryland 20782"
COUNTRY="UNITED STATES"
PHONE="13.0156e+009"
ALTPHONE="1"
FAX="1"
TIMEZONE="(UTC-05:00) Eastern Time (US &#38; Canada)"
SITEDATEFORMAT="DAY_MONTH_YEAR"
STARTDATE="03/27/2018"
STUDYLOCALE="en-US"
SVAUTOSELECTRATE="100"
SVFIRSTNSUBJECTS="100"
/>


<SITE  NAME="(913) Preferred Primary Care Physicians- Curry Hollow Rd"    MNEMONIC="913"
ADDRESS="140 Curry Hollow Road Pittsburgh Pennsylvania 15236"
COUNTRY="UNITED STATES"
PHONE="14.12651e+009"
ALTPHONE="1"
FAX="1"
TIMEZONE="(UTC-05:00) Eastern Time (US &#38; Canada)"
SITEDATEFORMAT="DAY_MONTH_YEAR"
STARTDATE="03/27/2018"
STUDYLOCALE="en-US"
SVAUTOSELECTRATE="100"
SVFIRSTNSUBJECTS="100"
/>


<SITE  NAME="(905) Aventiv Research"    MNEMONIC="905"
ADDRESS="99 N Brice Road. Suite 260 Columbus Ohio 43213"
COUNTRY="UNITED STATES"
PHONE="16.14502e+009"
ALTPHONE="1"
FAX="1"
TIMEZONE="(UTC-05:00) Eastern Time (US &#38; Canada)"
SITEDATEFORMAT="DAY_MONTH_YEAR"
STARTDATE="03/27/2018"
STUDYLOCALE="en-US"
SVAUTOSELECTRATE="100"
SVFIRSTNSUBJECTS="100"
/>


<SITE  NAME="(904) AA Medical Research Center"    MNEMONIC="904"
ADDRESS="1201 Flushing Road Flint Michigan 48504"
COUNTRY="UNITED STATES"
PHONE="18.10237e+009"
ALTPHONE="1"
FAX="1"
TIMEZONE="(UTC-05:00) Eastern Time (US &#38; Canada)"
SITEDATEFORMAT="DAY_MONTH_YEAR"
STARTDATE="03/27/2018"
STUDYLOCALE="en-US"
SVAUTOSELECTRATE="100"
SVFIRSTNSUBJECTS="100"
/>


<SITE  NAME="(954) Research and Cardiovascular Corp Dr Jose B Vazquez Tanus"    MNEMONIC="954"
ADDRESS="2225 Para Medical Institute Ponce by Pass Suite 707 Ponce Puerto Rico 00731"
COUNTRY="UNITED STATES"
PHONE="17.87291e+009"
ALTPHONE="1"
FAX="1"
TIMEZONE="(UTC-04:00) Atlantic Time (Canada)"
SITEDATEFORMAT="DAY_MONTH_YEAR"
STARTDATE="03/27/2018"
STUDYLOCALE="en-US"
SVAUTOSELECTRATE="100"
SVFIRSTNSUBJECTS="100"
/>


<SITE  NAME="(947) Luis Rivera Colon MD"    MNEMONIC="947"
ADDRESS="Carr 21 U3 11 Las Lomas Rio Piedras Puerto Rico 921"
COUNTRY="UNITED STATES"
PHONE="17.87793e+009"
ALTPHONE="1"
FAX="1"
TIMEZONE="(UTC-04:00) Atlantic Time (Canada)"
SITEDATEFORMAT="DAY_MONTH_YEAR"
STARTDATE="03/27/2018"
STUDYLOCALE="en-US"
SVAUTOSELECTRATE="100"
SVFIRSTNSUBJECTS="100"
/>


<SITE  NAME="(955) Clinical Research Puerto Rico"    MNEMONIC="955"
ADDRESS="359 De Diego Avenue Suite 501 San Juan Puerto Rico 00909"
COUNTRY="UNITED STATES"
PHONE="17.87724e+009"
ALTPHONE="1"
FAX="1"
TIMEZONE="(UTC-04:00) Atlantic Time (Canada)"
SITEDATEFORMAT="DAY_MONTH_YEAR"
STARTDATE="03/27/2018"
STUDYLOCALE="en-US"
SVAUTOSELECTRATE="100"
SVFIRSTNSUBJECTS="100"
/>


<SITE  NAME="(932) GCM Medical Group PSC - Hato Rey"    MNEMONIC="932"
ADDRESS="Urb. Floral Park 62 Calle Jose Marti San Juan Puerto Rico 00917"
COUNTRY="UNITED STATES"
PHONE="17.87727e+009"
ALTPHONE="1"
FAX="1"
TIMEZONE="(UTC-04:00) Atlantic Time (Canada)"
SITEDATEFORMAT="DAY_MONTH_YEAR"
STARTDATE="03/27/2018"
STUDYLOCALE="en-US"
SVAUTOSELECTRATE="100"
SVFIRSTNSUBJECTS="100"
/>


</MEDMLDATA>