<?xml version="1.0"?>
<MEDMLDATA xmlns="PhaseForward-MedML-Inform4">


<RIGHTSGROUP  GROUPNAME="Coding Query Rights Group">
<!-- Insert Users -->
<USERREF USERNAME="coder_query"/>

</RIGHTSGROUP>

<RIGHTSGROUP  GROUPNAME="Data Manager">
<!-- Insert Users -->
<USERREF USERNAME="c253830"/>
<USERREF USERNAME="c247278"/>
<USERREF USERNAME="z1X9044"/>
<USERREF USERNAME="c229133"/>
<USERREF USERNAME="c237544"/>
<USERREF USERNAME="z1x5616"/>
<USERREF USERNAME="c252421"/>
<USERREF USERNAME="c228939"/>
<USERREF USERNAME="c237485"/>
<USERREF USERNAME="c229191"/>
<USERREF USERNAME="c256419"/>
<USERREF USERNAME="c248706"/>
<USERREF USERNAME="c240881"/>
<USERREF USERNAME="c010838"/>
<USERREF USERNAME="c240924"/>
<USERREF USERNAME="c247273"/>
<USERREF USERNAME="z2x1565"/>

</RIGHTSGROUP>

<RIGHTSGROUP  GROUPNAME="GPS">
<!-- Insert Users -->
<USERREF USERNAME="c189327"/>
<USERREF USERNAME="c075541"/>
<USERREF USERNAME="c149177"/>
<USERREF USERNAME="c223292"/>
<USERREF USERNAME="v6x8356"/>
<USERREF USERNAME="c243048"/>
<USERREF USERNAME="c039863"/>
<USERREF USERNAME="c148827"/>
<USERREF USERNAME="c206591"/>
<USERREF USERNAME="c135748"/>
<USERREF USERNAME="c257195"/>
<USERREF USERNAME="c243032"/>
<USERREF USERNAME="c228246"/>
<USERREF USERNAME="c228248"/>
<USERREF USERNAME="c085302"/>
<USERREF USERNAME="yex7920"/>
<USERREF USERNAME="c090108"/>
<USERREF USERNAME="c206388"/>
<USERREF USERNAME="c083101"/>
<USERREF USERNAME="c068505"/>
<USERREF USERNAME="c243049"/>
<USERREF USERNAME="c257199"/>
<USERREF USERNAME="yex7750"/>
<USERREF USERNAME="c149066"/>
<USERREF USERNAME="c074342"/>
<USERREF USERNAME="c244333"/>
<USERREF USERNAME="ye73456"/>
<USERREF USERNAME="a608760"/>
<USERREF USERNAME="yex8021"/>
<USERREF USERNAME="c228247"/>
<USERREF USERNAME="u7X4333"/>
<USERREF USERNAME="rm89018"/>
<USERREF USERNAME="c249923"/>
<USERREF USERNAME="c243054"/>
<USERREF USERNAME="c196248"/>
<USERREF USERNAME="c194055"/>
<USERREF USERNAME="ye91098"/>
<USERREF USERNAME="c243031"/>
<USERREF USERNAME="yex7972"/>
<USERREF USERNAME="yex7231"/>
<USERREF USERNAME="c227370"/>
<USERREF USERNAME="c025980"/>
<USERREF USERNAME="c137396"/>
<USERREF USERNAME="C243050"/>
<USERREF USERNAME="c219898"/>
<USERREF USERNAME="c225389"/>
<USERREF USERNAME="a701824"/>
<USERREF USERNAME="c074429"/>
<USERREF USERNAME="c252078"/>
<USERREF USERNAME="c244714"/>
<USERREF USERNAME="c199642"/>
<USERREF USERNAME="c058698"/>
<USERREF USERNAME="c069132"/>
<USERREF USERNAME="c243030"/>
<USERREF USERNAME="c143125"/>
<USERREF USERNAME="a015765"/>
<USERREF USERNAME="c076423"/>
<USERREF USERNAME="c100415"/>
<USERREF USERNAME="u6x6712"/>
<USERREF USERNAME="v6x8058"/>
<USERREF USERNAME="c228249"/>
<USERREF USERNAME="c039853"/>
<USERREF USERNAME="c068502"/>
<USERREF USERNAME="c074090"/>
<USERREF USERNAME="c196683"/>
<USERREF USERNAME="yex7614"/>
<USERREF USERNAME="c228250"/>
<USERREF USERNAME="C257193"/>
<USERREF USERNAME="c257194"/>
<USERREF USERNAME="c247616"/>
<USERREF USERNAME="c071673"/>
<USERREF USERNAME="c249885"/>
<USERREF USERNAME="c202987"/>
<USERREF USERNAME="c203058"/>
<USERREF USERNAME="c149470"/>
<USERREF USERNAME="c021984"/>
<USERREF USERNAME="rm35504"/>
<USERREF USERNAME="c131994"/>
<USERREF USERNAME="rm37825"/>
<USERREF USERNAME="rm87794"/>

</RIGHTSGROUP>

<RIGHTSGROUP  GROUPNAME="Monitor">
<!-- Insert Users -->
<USERREF USERNAME="c253240"/>
<USERREF USERNAME="c243490"/>
<USERREF USERNAME="c229508"/>
<USERREF USERNAME="c200015"/>
<USERREF USERNAME="z1x2750"/>
<USERREF USERNAME="c222557"/>
<USERREF USERNAME="c239135"/>
<USERREF USERNAME="z1x0694"/>
<USERREF USERNAME="c225835"/>
<USERREF USERNAME="c252668"/>
<USERREF USERNAME="c258026"/>
<USERREF USERNAME="c262298"/>
<USERREF USERNAME="c249018"/>
<USERREF USERNAME="c231547"/>
<USERREF USERNAME="c249104"/>
<USERREF USERNAME="c241486"/>
<USERREF USERNAME="z2x3235"/>
<USERREF USERNAME="c240719"/>
<USERREF USERNAME="c242362"/>
<USERREF USERNAME="c264509"/>
<USERREF USERNAME="c224309"/>
<USERREF USERNAME="c224686"/>
<USERREF USERNAME="c233952"/>
<USERREF USERNAME="c247019"/>
<USERREF USERNAME="c254215"/>
<USERREF USERNAME="c215390"/>
<USERREF USERNAME="zg01806"/>
<USERREF USERNAME="c243451"/>
<USERREF USERNAME="c239946"/>
<USERREF USERNAME="c262331"/>
<USERREF USERNAME="c179686"/>
<USERREF USERNAME="c243740"/>
<USERREF USERNAME="c226977"/>
<USERREF USERNAME="c239136"/>
<USERREF USERNAME="c232959"/>
<USERREF USERNAME="z1x1807"/>
<USERREF USERNAME="z2x9961"/>
<USERREF USERNAME="z1x1826"/>
<USERREF USERNAME="c243003"/>
<USERREF USERNAME="c232284"/>
<USERREF USERNAME="c248461"/>
<USERREF USERNAME="c259582"/>
<USERREF USERNAME="c262415"/>
<USERREF USERNAME="c212364"/>
<USERREF USERNAME="c243000"/>
<USERREF USERNAME="c234577"/>
<USERREF USERNAME="c243493"/>
<USERREF USERNAME="c235968"/>
<USERREF USERNAME="c243893"/>
<USERREF USERNAME="c234575"/>
<USERREF USERNAME="c227019"/>
<USERREF USERNAME="c214647"/>
<USERREF USERNAME="c243002"/>
<USERREF USERNAME="z1x0699"/>
<USERREF USERNAME="zg01661"/>
<USERREF USERNAME="zg02570"/>
<USERREF USERNAME="c197307"/>
<USERREF USERNAME="c241466"/>
<USERREF USERNAME="c211950"/>
<USERREF USERNAME="c251513"/>
<USERREF USERNAME="c249414"/>
<USERREF USERNAME="z2x7246"/>
<USERREF USERNAME="c241301"/>
<USERREF USERNAME="z2x7245"/>
<USERREF USERNAME="c198899"/>
<USERREF USERNAME="c229512"/>
<USERREF USERNAME="c242363"/>
<USERREF USERNAME="c235318"/>
<USERREF USERNAME="c230206"/>
<USERREF USERNAME="c239422"/>
<USERREF USERNAME="z1x2075"/>
<USERREF USERNAME="c243497"/>
<USERREF USERNAME="z1x0687"/>
<USERREF USERNAME="c243489"/>
<USERREF USERNAME="z1x0698"/>
<USERREF USERNAME="c244597"/>
<USERREF USERNAME="z2x1226"/>
<USERREF USERNAME="c218387"/>
<USERREF USERNAME="z3x1553"/>
<USERREF USERNAME="z1x1819"/>
<USERREF USERNAME="c263682"/>
<USERREF USERNAME="c243523"/>
<USERREF USERNAME="c255256"/>
<USERREF USERNAME="c237383"/>
<USERREF USERNAME="c256471"/>
<USERREF USERNAME="c23644"/>

</RIGHTSGROUP>

<RIGHTSGROUP  GROUPNAME="Monitor Manager">
<!-- Insert Users -->
<USERREF USERNAME="z2x7596"/>
<USERREF USERNAME="c224325"/>
<USERREF USERNAME="z2x7035"/>

</RIGHTSGROUP>

<RIGHTSGROUP  GROUPNAME="ODM Rights Group">
<!-- Insert Users -->
<USERREF USERNAME="odm_user"/>

</RIGHTSGROUP>

<RIGHTSGROUP  GROUPNAME="PFView Only">
<!-- Insert Users -->
<USERREF USERNAME="ZPFkbarkoczi"/>
<USERREF USERNAME="ZPFmsajid"/>
<USERREF USERNAME="ZPFprojas"/>
<USERREF USERNAME="ZPFsdamato"/>

</RIGHTSGROUP>

<RIGHTSGROUP  GROUPNAME="PI">
<!-- Insert Users -->
<USERREF USERNAME="omosenzon"/>
<USERREF USERNAME="vvishlitzky"/>
<USERREF USERNAME="akoscianski"/>
<USERREF USERNAME="mlukaszewicz"/>
<USERREF USERNAME="bmatyjaszekmatuszek"/>
<USERREF USERNAME="amodzelewska"/>
<USERREF USERNAME="astankiewicz"/>
<USERREF USERNAME="amadej"/>
<USERREF USERNAME="hrudzki"/>
<USERREF USERNAME="mjozefowska"/>
<USERREF USERNAME="mmayor"/>
<USERREF USERNAME="lparreno"/>
<USERREF USERNAME="cmorales"/>
<USERREF USERNAME="bmartinez"/>
<USERREF USERNAME="fmadueno"/>
<USERREF USERNAME="icapel"/>
<USERREF USERNAME="bperez"/>
<USERREF USERNAME="ejodar"/>
<USERREF USERNAME="msgogorza"/>
<USERREF USERNAME="stofe"/>
<USERREF USERNAME="mrivas"/>
<USERREF USERNAME="lcipres"/>
<USERREF USERNAME="efliesser"/>
<USERREF USERNAME="zbujtor"/>
<USERREF USERNAME="anadasdi"/>
<USERREF USERNAME="ehaddad"/>
<USERREF USERNAME="msabbah"/>
<USERREF USERNAME="agoldhaber"/>
<USERREF USERNAME="fdotta"/>
<USERREF USERNAME="szolyomi"/>
<USERREF USERNAME="kwudi"/>
<USERREF USERNAME="eskokowska"/>
<USERREF USERNAME="nkesmarki"/>
<USERREF USERNAME="gpetro"/>

</RIGHTSGROUP>

<RIGHTSGROUP  GROUPNAME="PI Sign Only">
<!-- Insert Users -->
<USERREF USERNAME="dfitz-patrick"/>
<USERREF USERNAME="jfrias"/>
<USERREF USERNAME="shsia"/>
<USERREF USERNAME="mkutner"/>
<USERREF USERNAME="fmiranda"/>
<USERREF USERNAME="jrosen"/>
<USERREF USERNAME="jrosenstock"/>
<USERREF USERNAME="sshah"/>
<USERREF USERNAME="itlee"/>
<USERREF USERNAME="mallaw"/>
<USERREF USERNAME="aarif"/>
<USERREF USERNAME="sarora"/>
<USERREF USERNAME="dbrautigam"/>
<USERREF USERNAME="fmikell"/>
<USERREF USERNAME="moliver"/>
<USERREF USERNAME="bpalchick"/>
<USERREF USERNAME="mparke"/>
<USERREF USERNAME="jsoufer"/>
<USERREF USERNAME="klucas"/>
<USERREF USERNAME="kroberts"/>
<USERREF USERNAME="bludvik"/>
<USERREF USERNAME="efranek"/>
<USERREF USERNAME="ekrzyzagorska"/>
<USERREF USERNAME="epoplawska"/>
<USERREF USERNAME="lthurman"/>
<USERREF USERNAME="gsposetti"/>
<USERREF USERNAME="pcostanzo"/>
<USERREF USERNAME="naggarwal"/>
<USERREF USERNAME="lnevarez"/>
<USERREF USERNAME="skaster"/>
<USERREF USERNAME="gsoucie"/>
<USERREF USERNAME="wervin"/>
<USERREF USERNAME="nfraser"/>
<USERREF USERNAME="jrohlf"/>
<USERREF USERNAME="ptoth"/>
<USERREF USERNAME="jwahlen"/>
<USERREF USERNAME="mchen"/>
<USERREF USERNAME="hstacey"/>
<USERREF USERNAME="gcortes-maisonet"/>
<USERREF USERNAME="sgangi"/>
<USERREF USERNAME="tjennings"/>
<USERREF USERNAME="tledbetter"/>
<USERREF USERNAME="llewy-alterbaum"/>
<USERREF USERNAME="tsmith"/>
<USERREF USERNAME="jvazquez-tanus"/>
<USERREF USERNAME="svelazquez-navarro"/>
<USERREF USERNAME="szweig"/>
<USERREF USERNAME="pmehra"/>
<USERREF USERNAME="pnorwood"/>
<USERREF USERNAME="stebi"/>
<USERREF USERNAME="jvan"/>
<USERREF USERNAME="esorial"/>
<USERREF USERNAME="amehta"/>
<USERREF USERNAME="jreddy"/>
<USERREF USERNAME="abhargava"/>
<USERREF USERNAME="cchow"/>
<USERREF USERNAME="eriffer"/>
<USERREF USERNAME="ahaggag"/>
<USERREF USERNAME="pcalella"/>
<USERREF USERNAME="tnemtean"/>
<USERREF USERNAME="cnhuang"/>
<USERREF USERNAME="kjtien"/>
<USERREF USERNAME="haudish"/>
<USERREF USERNAME="uhanusch"/>
<USERREF USERNAME="hsourij"/>
<USERREF USERNAME="daizenberg"/>
<USERREF USERNAME="jfretes"/>
<USERREF USERNAME="egelersztein"/>
<USERREF USERNAME="lmaffei"/>
<USERREF USERNAME="lnardone"/>
<USERREF USERNAME="ssalzberg"/>
<USERREF USERNAME="msteinacher"/>
<USERREF USERNAME="jgonzalezgonzalez"/>
<USERREF USERNAME="rwade"/>
<USERREF USERNAME="jackermann"/>
<USERREF USERNAME="nandrawis"/>
<USERREF USERNAME="sbansal"/>
<USERREF USERNAME="jbergthold"/>
<USERREF USERNAME="bblock"/>

</RIGHTSGROUP>

<RIGHTSGROUP  GROUPNAME="Report Extractor">
<!-- Insert Users -->
<USERREF USERNAME="h9xmcgbgl_RE"/>

</RIGHTSGROUP>

<RIGHTSGROUP  GROUPNAME="SC">
<!-- Insert Users -->
<USERREF USERNAME="ltonelli"/>
<USERREF USERNAME="mavallejo"/>
<USERREF USERNAME="lgarzon"/>
<USERREF USERNAME="mramos"/>
<USERREF USERNAME="mescalante"/>
<USERREF USERNAME="kyanez"/>
<USERREF USERNAME="ggoldsztejn"/>
<USERREF USERNAME="mdallasta"/>
<USERREF USERNAME="dnemtean"/>
<USERREF USERNAME="cgarcia"/>
<USERREF USERNAME="srodriguez"/>
<USERREF USERNAME="fshah"/>
<USERREF USERNAME="ctrefny"/>
<USERREF USERNAME="sbutton"/>
<USERREF USERNAME="kargo"/>
<USERREF USERNAME="ddesalle"/>
<USERREF USERNAME="rlabbett"/>
<USERREF USERNAME="jadams"/>
<USERREF USERNAME="cwhite"/>
<USERREF USERNAME="amcmillian"/>
<USERREF USERNAME="msalerno"/>
<USERREF USERNAME="rwirth"/>
<USERREF USERNAME="sroeder"/>
<USERREF USERNAME="jcavanaugh"/>
<USERREF USERNAME="mcarrillo"/>
<USERREF USERNAME="rbonilla"/>
<USERREF USERNAME="ybeitra"/>
<USERREF USERNAME="ccolunga"/>
<USERREF USERNAME="soswald"/>
<USERREF USERNAME="ibridges"/>
<USERREF USERNAME="lfrancoeur"/>
<USERREF USERNAME="dritland"/>
<USERREF USERNAME="tdora"/>
<USERREF USERNAME="mguerrero"/>
<USERREF USERNAME="ememilli"/>
<USERREF USERNAME="oselam"/>
<USERREF USERNAME="rgill"/>
<USERREF USERNAME="hgutierrez"/>
<USERREF USERNAME="smilroy"/>
<USERREF USERNAME="mrando"/>
<USERREF USERNAME="amautalen"/>
<USERREF USERNAME="ktiessen"/>
<USERREF USERNAME="sfuters"/>
<USERREF USERNAME="pborg"/>
<USERREF USERNAME="acuevas"/>
<USERREF USERNAME="aherrera"/>
<USERREF USERNAME="ppalomino"/>
<USERREF USERNAME="aflores"/>
<USERREF USERNAME="rgarza"/>
<USERREF USERNAME="aduran-melendez"/>
<USERREF USERNAME="myang"/>
<USERREF USERNAME="ncluigt"/>
<USERREF USERNAME="braiden"/>
<USERREF USERNAME="mspak"/>
<USERREF USERNAME="jbrix"/>
<USERREF USERNAME="lknoll"/>
<USERREF USERNAME="tbalint"/>
<USERREF USERNAME="mtanko"/>
<USERREF USERNAME="apeterfalvi"/>
<USERREF USERNAME="aharangozo"/>
<USERREF USERNAME="kbashan"/>
<USERREF USERNAME="lnachmias"/>
<USERREF USERNAME="kvidalessifuentes"/>
<USERREF USERNAME="amiskiewiczkrzyzanowska"/>
<USERREF USERNAME="mlenartlipinska"/>
<USERREF USERNAME="anikolajuk"/>
<USERREF USERNAME="mgiermakowskasamek"/>
<USERREF USERNAME="mvallejo"/>
<USERREF USERNAME="mastesano"/>
<USERREF USERNAME="kbrown"/>
<USERREF USERNAME="akuhn"/>
<USERREF USERNAME="aaliu"/>
<USERREF USERNAME="mcarroll"/>
<USERREF USERNAME="hwahlen"/>
<USERREF USERNAME="sbrand"/>
<USERREF USERNAME="lnorman"/>
<USERREF USERNAME="kshauberger"/>
<USERREF USERNAME="mcruz"/>
<USERREF USERNAME="pkandunoori"/>
<USERREF USERNAME="dringling"/>
<USERREF USERNAME="msibley"/>
<USERREF USERNAME="mrivero"/>
<USERREF USERNAME="afournier"/>
<USERREF USERNAME="hhendrix"/>
<USERREF USERNAME="lrocha"/>
<USERREF USERNAME="dstraatmann"/>
<USERREF USERNAME="swchung"/>
<USERREF USERNAME="hychen"/>
<USERREF USERNAME="vterrell"/>
<USERREF USERNAME="khalsey"/>
<USERREF USERNAME="jstinson"/>
<USERREF USERNAME="esweeney"/>
<USERREF USERNAME="jrodriguez"/>
<USERREF USERNAME="scote"/>
<USERREF USERNAME="lchristensen"/>
<USERREF USERNAME="lborg"/>
<USERREF USERNAME="fargento"/>
<USERREF USERNAME="mesteche"/>
<USERREF USERNAME="afilograsso"/>
<USERREF USERNAME="rsantana"/>
<USERREF USERNAME="mperalta"/>
<USERREF USERNAME="chiden"/>
<USERREF USERNAME="shess"/>
<USERREF USERNAME="mmlynarczyk"/>
<USERREF USERNAME="msteinberger"/>
<USERREF USERNAME="ttanczer"/>
<USERREF USERNAME="erigo"/>
<USERREF USERNAME="kszkenderovics"/>
<USERREF USERNAME="jhaddad"/>
<USERREF USERNAME="mgoldhaber"/>
<USERREF USERNAME="cformichi"/>
<USERREF USERNAME="kjedynasty"/>
<USERREF USERNAME="rlesniewski"/>
<USERREF USERNAME="tlominska"/>
<USERREF USERNAME="eperzak"/>
<USERREF USERNAME="kbielski"/>
<USERREF USERNAME="bjaskulskagorzelewska"/>
<USERREF USERNAME="achamienia"/>
<USERREF USERNAME="pjaworska"/>
<USERREF USERNAME="idzieniecka"/>
<USERREF USERNAME="mzonenberg"/>
<USERREF USERNAME="pnowakowska"/>
<USERREF USERNAME="eluchowska"/>
<USERREF USERNAME="astasiak"/>
<USERREF USERNAME="msekulska"/>
<USERREF USERNAME="kzalejskakuzniak"/>
<USERREF USERNAME="mbasiak"/>
<USERREF USERNAME="jwroblewskabalys"/>
<USERREF USERNAME="uslawinska"/>
<USERREF USERNAME="glaszewska"/>
<USERREF USERNAME="mmazerska"/>
<USERREF USERNAME="awittek"/>
<USERREF USERNAME="jrudzka"/>
<USERREF USERNAME="ggawlowski"/>
<USERREF USERNAME="imajchrowska"/>
<USERREF USERNAME="isalcedo"/>
<USERREF USERNAME="crodino"/>
<USERREF USERNAME="mrodino"/>
<USERREF USERNAME="cmateo"/>
<USERREF USERNAME="plopez"/>
<USERREF USERNAME="icaballero"/>
<USERREF USERNAME="icardona"/>
<USERREF USERNAME="nsebastian"/>
<USERREF USERNAME="rpareja"/>
<USERREF USERNAME="cgomez"/>
<USERREF USERNAME="eperez"/>
<USERREF USERNAME="cyribarnegaray"/>
<USERREF USERNAME="efinley"/>
<USERREF USERNAME="sray"/>
<USERREF USERNAME="acorrado"/>
<USERREF USERNAME="kfabiani"/>
<USERREF USERNAME="mfajulugbe"/>
<USERREF USERNAME="lsandoval"/>
<USERREF USERNAME="mnunez"/>
<USERREF USERNAME="hdaniel"/>

</RIGHTSGROUP>

<RIGHTSGROUP  GROUPNAME="Tier1_Admin">
<!-- Insert Users -->
<USERREF USERNAME="ZPFanakai"/>
<USERREF USERNAME="ZPFakisfaludy"/>
<USERREF USERNAME="ZPFpmore"/>
<USERREF USERNAME="ZPFnmiklosi"/>
<USERREF USERNAME="ZPFlmate"/>
<USERREF USERNAME="ZPFdnagy"/>
<USERREF USERNAME="ZPFmzsoldos"/>
<USERREF USERNAME="ZPFdkawashima"/>
<USERREF USERNAME="ZPFmlalangan"/>
<USERREF USERNAME="ZPFralorico"/>
<USERREF USERNAME="ZPFvbalint"/>
<USERREF USERNAME="ZPFpvallar"/>
<USERREF USERNAME="ZPFaktoth"/>
<USERREF USERNAME="ZPFkcco"/>
<USERREF USERNAME="ZPFidanyi"/>
<USERREF USERNAME="ZPFedervishaj"/>
<USERREF USERNAME="ZPFadonio"/>
<USERREF USERNAME="ZPFrducusin"/>
<USERREF USERNAME="ZPFoely"/>
<USERREF USERNAME="ZPFstayco"/>
<USERREF USERNAME="ZPFtishizuka"/>
<USERREF USERNAME="ZPFanyiri"/>
<USERREF USERNAME="ZPFawarsama"/>

</RIGHTSGROUP>

<RIGHTSGROUP  GROUPNAME="User Activator RG">
<!-- Insert Users -->
<USERREF USERNAME="ZPFmiwaki"/>
<USERREF USERNAME="ZPFcmolom"/>
<USERREF USERNAME="ZPFmandone"/>

</RIGHTSGROUP>

<RIGHTSGROUP  GROUPNAME="User Manager RG">
<!-- Insert Users -->
<USERREF USERNAME="ZPFklim"/>
<USERREF USERNAME="ZPFekosa"/>
<USERREF USERNAME="ZPFijohl"/>
<USERREF USERNAME="ZPFjistenes"/>
<USERREF USERNAME="ZPFtfabian"/>
<USERREF USERNAME="ZPFtcabanes"/>
<USERREF USERNAME="ZPFlbalubar"/>
<USERREF USERNAME="ZPFsaguilar"/>
<USERREF USERNAME="ZPFskholti"/>
<USERREF USERNAME="ZPFvzdirko"/>
<USERREF USERNAME="ZPFmyuta"/>
<USERREF USERNAME="ZPFgyvarga"/>
<USERREF USERNAME="ZPFfvarga"/>
<USERREF USERNAME="ZPFapervaiz"/>
<USERREF USERNAME="ZPFnqi"/>
<USERREF USERNAME="ZPFnreis"/>
<USERREF USERNAME="ZPFasomogyi"/>
<USERREF USERNAME="ZPFtszabo"/>
<USERREF USERNAME="ZPFhtsuchida"/>

</RIGHTSGROUP>

<RIGHTSGROUP  GROUPNAME="VO">
<!-- Insert Users -->
<USERREF USERNAME="si86299"/>
<USERREF USERNAME="c252192"/>
<USERREF USERNAME="a602367"/>
<USERREF USERNAME="a6023567"/>
<USERREF USERNAME="c126153"/>

</RIGHTSGROUP>

</MEDMLDATA>