<?xml version="1.0"?>
<MEDMLDATA xmlns="PhaseForward-MedML-Inform4">


<RIGHTSGROUP  GROUPNAME="Coding Query Rights Group">
<!-- Insert Users -->
<USERREF USERNAME="coder_query"/>

</RIGHTSGROUP>

<RIGHTSGROUP  GROUPNAME="Data Manager">
<!-- Insert Users -->
<USERREF USERNAME="ce63390"/>
<USERREF USERNAME="cf64318"/>
<USERREF USERNAME="rm85747"/>
<USERREF USERNAME="a619388"/>
<USERREF USERNAME="rg37419"/>
<USERREF USERNAME="z2x2291"/>
<USERREF USERNAME="z1x1726"/>
<USERREF USERNAME="z3x0558"/>
<USERREF USERNAME="c217693"/>
<USERREF USERNAME="z2x2182"/>
<USERREF USERNAME="z2x1565"/>
<USERREF USERNAME="z2x2451"/>
<USERREF USERNAME="z2x1597"/>
<USERREF USERNAME="c223848"/>

</RIGHTSGROUP>

<RIGHTSGROUP  GROUPNAME="GPS">
<!-- Insert Users -->
<USERREF USERNAME="c039825"/>
<USERREF USERNAME="rm89018"/>
<USERREF USERNAME="c039853"/>
<USERREF USERNAME="c068505"/>
<USERREF USERNAME="c149066"/>
<USERREF USERNAME="c021984"/>
<USERREF USERNAME="c149177"/>
<USERREF USERNAME="rm35504"/>
<USERREF USERNAME="c131994"/>
<USERREF USERNAME="c022433"/>
<USERREF USERNAME="c039863"/>
<USERREF USERNAME="c149176"/>
<USERREF USERNAME="a701824"/>
<USERREF USERNAME="c060736"/>
<USERREF USERNAME="c026390"/>
<USERREF USERNAME="a608261"/>
<USERREF USERNAME="c143125"/>
<USERREF USERNAME="c135748"/>
<USERREF USERNAME="c149470"/>
<USERREF USERNAME="a803075"/>
<USERREF USERNAME="rm87794"/>
<USERREF USERNAME="c071673"/>
<USERREF USERNAME="v6x8058"/>
<USERREF USERNAME="c074090"/>
<USERREF USERNAME="c085302"/>
<USERREF USERNAME="c074342"/>
<USERREF USERNAME="ye91098"/>
<USERREF USERNAME="v6x8356"/>
<USERREF USERNAME="c025980"/>
<USERREF USERNAME="c137396"/>
<USERREF USERNAME="c075541"/>
<USERREF USERNAME="c074429"/>
<USERREF USERNAME="c026393"/>
<USERREF USERNAME="a608760"/>
<USERREF USERNAME="c058698"/>
<USERREF USERNAME="u7x2510"/>
<USERREF USERNAME="yex7920"/>
<USERREF USERNAME="rm36132"/>
<USERREF USERNAME="a511471"/>
<USERREF USERNAME="rm80655"/>
<USERREF USERNAME="c083101"/>
<USERREF USERNAME="rm90029"/>
<USERREF USERNAME="c069132"/>
<USERREF USERNAME="c015393"/>
<USERREF USERNAME="c057362"/>
<USERREF USERNAME="c003859"/>
<USERREF USERNAME="c079244"/>
<USERREF USERNAME="c090108"/>

</RIGHTSGROUP>

<RIGHTSGROUP  GROUPNAME="Monitor">
<!-- Insert Users -->
<USERREF USERNAME="z2x7784"/>
<USERREF USERNAME="c218387"/>
<USERREF USERNAME="z1x1807"/>
<USERREF USERNAME="z1x1836"/>
<USERREF USERNAME="z1x1803"/>
<USERREF USERNAME="z1x1816"/>
<USERREF USERNAME="z1x1819"/>
<USERREF USERNAME="z1x2605"/>
<USERREF USERNAME="z1x0694"/>
<USERREF USERNAME="z1x0689"/>
<USERREF USERNAME="z1x0701"/>
<USERREF USERNAME="z1x0687"/>
<USERREF USERNAME="c211960"/>
<USERREF USERNAME="z2x1543"/>
<USERREF USERNAME="z2x2461"/>
<USERREF USERNAME="z2x4239"/>
<USERREF USERNAME="z2x7035"/>
<USERREF USERNAME="z2x6036"/>
<USERREF USERNAME="z2x7245"/>
<USERREF USERNAME="z2x7246"/>
<USERREF USERNAME="z2x7699"/>
<USERREF USERNAME="z3x0336"/>
<USERREF USERNAME="z3x0603"/>
<USERREF USERNAME="z3x0843"/>
<USERREF USERNAME="z3x1553"/>
<USERREF USERNAME="c224049"/>
<USERREF USERNAME="z1x1826"/>

</RIGHTSGROUP>

<RIGHTSGROUP  GROUPNAME="PFView Only">
<!-- Insert Users -->
<USERREF USERNAME="ZPFkbarkoczi"/>
<USERREF USERNAME="ZPFaflathers"/>
<USERREF USERNAME="ZPFskonig"/>

</RIGHTSGROUP>

<RIGHTSGROUP  GROUPNAME="PI">
<!-- Insert Users -->
<USERREF USERNAME="slu"/>
<USERREF USERNAME="swang"/>
<USERREF USERNAME="kmann"/>
<USERREF USERNAME="ivazquez"/>
<USERREF USERNAME="tlai"/>
<USERREF USERNAME="sdiazinsa"/>
<USERREF USERNAME="jlainez"/>
<USERREF USERNAME="mbajacek"/>
<USERREF USERNAME="ddolezil"/>
<USERREF USERNAME="fkosova"/>
<USERREF USERNAME="ureuter"/>
<USERREF USERNAME="pstorch"/>
<USERREF USERNAME="yriver"/>
<USERREF USERNAME="rhering"/>
<USERREF USERNAME="gschoonman"/>
<USERREF USERNAME="pwang"/>
<USERREF USERNAME="nsilver"/>
<USERREF USERNAME="asuller"/>
<USERREF USERNAME="ppozo"/>
<USERREF USERNAME="mtorresferrus"/>
<USERREF USERNAME="hlachmann"/>
<USERREF USERNAME="inovotha"/>
<USERREF USERNAME="tfreilinger"/>
<USERREF USERNAME="hisrael-Willner"/>
<USERREF USERNAME="tkraya"/>
<USERREF USERNAME="ksolbach"/>
<USERREF USERNAME="pstude"/>
<USERREF USERNAME="dyarnitsky"/>
<USERREF USERNAME="yfeingold"/>
<USERREF USERNAME="klin"/>
<USERREF USERNAME="vtriebels"/>
<USERREF USERNAME="wmulleners"/>
<USERREF USERNAME="jmeijer"/>

</RIGHTSGROUP>

<RIGHTSGROUP  GROUPNAME="PI Sign Only">
<!-- Insert Users -->
<USERREF USERNAME="pvandenberg"/>
<USERREF USERNAME="cfreilinger"/>
<USERREF USERNAME="larnold"/>
<USERREF USERNAME="mestevez"/>
<USERREF USERNAME="afeoktistov"/>
<USERREF USERNAME="dhenry"/>
<USERREF USERNAME="lthurman"/>
<USERREF USERNAME="nvatakis"/>
<USERREF USERNAME="rriesenberg"/>
<USERREF USERNAME="aoterinoduran"/>
<USERREF USERNAME="aboeger"/>
<USERREF USERNAME="mbohringer"/>
<USERREF USERNAME="ubeyer"/>
<USERREF USERNAME="lneeb"/>
<USERREF USERNAME="tlauter"/>
<USERREF USERNAME="amay"/>
<USERREF USERNAME="jhoffmann"/>
<USERREF USERNAME="jpeltz"/>
<USERREF USERNAME="ebielefeldt"/>
<USERREF USERNAME="pbelger"/>
<USERREF USERNAME="thagenacker"/>
<USERREF USERNAME="tgrehl"/>
<USERREF USERNAME="amalapira"/>
<USERREF USERNAME="mmoon"/>
<USERREF USERNAME="bnago"/>
<USERREF USERNAME="mnunez"/>
<USERREF USERNAME="apatel"/>
<USERREF USERNAME="lreed"/>
<USERREF USERNAME="areichman"/>
<USERREF USERNAME="briskin"/>
<USERREF USERNAME="cschenk"/>
<USERREF USERNAME="jschuster"/>
<USERREF USERNAME="cstrout"/>
<USERREF USERNAME="dszetu"/>
<USERREF USERNAME="ltaber"/>
<USERREF USERNAME="jtobin"/>
<USERREF USERNAME="akhan"/>
<USERREF USERNAME="sgraffradford"/>
<USERREF USERNAME="fahmed"/>
<USERREF USERNAME="bdavies"/>
<USERREF USERNAME="pgoadsby"/>
<USERREF USERNAME="atyagi"/>
<USERREF USERNAME="mbutz"/>
<USERREF USERNAME="jboehringer"/>
<USERREF USERNAME="sbraune"/>
<USERREF USERNAME="swolking"/>
<USERREF USERNAME="cgaul"/>
<USERREF USERNAME="sresch"/>
<USERREF USERNAME="horbasli"/>
<USERREF USERNAME="ajambrecina"/>
<USERREF USERNAME="usmesny"/>
<USERREF USERNAME="rfutterer"/>
<USERREF USERNAME="ecouturier"/>
<USERREF USERNAME="mament"/>
<USERREF USERNAME="eandruczyk"/>
<USERREF USERNAME="tballard"/>
<USERREF USERNAME="mchachar"/>
<USERREF USERNAME="hjdowney"/>
<USERREF USERNAME="mdowning"/>
<USERREF USERNAME="aellenbogen"/>
<USERREF USERNAME="cfisher"/>
<USERREF USERNAME="kgeorge"/>
<USERREF USERNAME="iglick"/>
<USERREF USERNAME="jrafecas"/>
<USERREF USERNAME="chuffman"/>
<USERREF USERNAME="ljimenez"/>
<USERREF USERNAME="njoshi"/>
<USERREF USERNAME="shassler"/>
<USERREF USERNAME="tkoehler"/>

</RIGHTSGROUP>

<RIGHTSGROUP  GROUPNAME="Report Extractor">
<!-- Insert Users -->
<USERREF USERNAME="i5qmccgah_RE"/>

</RIGHTSGROUP>

<RIGHTSGROUP  GROUPNAME="SC">
<!-- Insert Users -->
<USERREF USERNAME="abajacekova"/>
<USERREF USERNAME="mjiravova"/>
<USERREF USERNAME="pvotypkova"/>
<USERREF USERNAME="vkrafkova"/>
<USERREF USERNAME="zmatousova"/>
<USERREF USERNAME="mwallisch"/>
<USERREF USERNAME="sschulze"/>
<USERREF USERNAME="gkroger"/>
<USERREF USERNAME="kmichaelis"/>
<USERREF USERNAME="gkaiser"/>
<USERREF USERNAME="azielsburg"/>
<USERREF USERNAME="jfischer"/>
<USERREF USERNAME="jdemirtas"/>
<USERREF USERNAME="abuchholtz"/>
<USERREF USERNAME="rdumlu"/>
<USERREF USERNAME="mbraunstein"/>
<USERREF USERNAME="ekaufman"/>
<USERREF USERNAME="sfadel"/>
<USERREF USERNAME="ocohen"/>
<USERREF USERNAME="kbardram"/>
<USERREF USERNAME="abremar"/>
<USERREF USERNAME="cquinn"/>
<USERREF USERNAME="sduncan"/>
<USERREF USERNAME="cneuberger"/>
<USERREF USERNAME="asella"/>
<USERREF USERNAME="jstpierre"/>
<USERREF USERNAME="aknight"/>
<USERREF USERNAME="bsmith"/>
<USERREF USERNAME="aheller"/>
<USERREF USERNAME="txthona"/>
<USERREF USERNAME="efeoktistova"/>
<USERREF USERNAME="wjohn"/>
<USERREF USERNAME="kstapleton"/>
<USERREF USERNAME="cmanis"/>
<USERREF USERNAME="mfigueroa"/>
<USERREF USERNAME="lwhitaker"/>
<USERREF USERNAME="kconlin"/>
<USERREF USERNAME="sdhakhwa"/>
<USERREF USERNAME="szimmerman"/>
<USERREF USERNAME="dfranco"/>
<USERREF USERNAME="obarnett"/>
<USERREF USERNAME="mperez"/>
<USERREF USERNAME="gbrown"/>
<USERREF USERNAME="apotts"/>
<USERREF USERNAME="gmcdonnell"/>
<USERREF USERNAME="gmartinez"/>
<USERREF USERNAME="cmontanopereria"/>
<USERREF USERNAME="cmontano"/>
<USERREF USERNAME="saguirre"/>
<USERREF USERNAME="cfajardo"/>
<USERREF USERNAME="earguaza"/>
<USERREF USERNAME="wwilliams"/>
<USERREF USERNAME="jcalleros"/>
<USERREF USERNAME="lmontano"/>
<USERREF USERNAME="jherzstein"/>
<USERREF USERNAME="lgetchell"/>
<USERREF USERNAME="lvaughan"/>
<USERREF USERNAME="jsaunders"/>
<USERREF USERNAME="ddavis"/>
<USERREF USERNAME="njones"/>
<USERREF USERNAME="eashmore"/>
<USERREF USERNAME="fholmes"/>
<USERREF USERNAME="smui"/>
<USERREF USERNAME="kcleveland"/>
<USERREF USERNAME="scote"/>
<USERREF USERNAME="pschisier"/>
<USERREF USERNAME="asampson"/>
<USERREF USERNAME="jsalonga"/>
<USERREF USERNAME="svaughn"/>
<USERREF USERNAME="ckhan"/>
<USERREF USERNAME="aweldon"/>
<USERREF USERNAME="vquarshie"/>
<USERREF USERNAME="ehoward"/>
<USERREF USERNAME="jlowe"/>
<USERREF USERNAME="lrooney"/>
<USERREF USERNAME="lmurray"/>
<USERREF USERNAME="mruizpinero"/>
<USERREF USERNAME="gmazuela"/>
<USERREF USERNAME="yrizova"/>
<USERREF USERNAME="pfisrova"/>
<USERREF USERNAME="vkrasny"/>
<USERREF USERNAME="jschweppe"/>
<USERREF USERNAME="alehmann"/>
<USERREF USERNAME="cseitz"/>
<USERREF USERNAME="ksuhr"/>
<USERREF USERNAME="mtesler"/>
<USERREF USERNAME="jbenmordechay"/>
<USERREF USERNAME="kearles"/>
<USERREF USERNAME="chardy"/>
<USERREF USERNAME="storchalski"/>
<USERREF USERNAME="jkennedy"/>
<USERREF USERNAME="lsandoval"/>
<USERREF USERNAME="mlim"/>
<USERREF USERNAME="aguzman"/>
<USERREF USERNAME="efrazier"/>
<USERREF USERNAME="pholly"/>
<USERREF USERNAME="ccamporeale"/>
<USERREF USERNAME="bspringer"/>
<USERREF USERNAME="jvelikis"/>
<USERREF USERNAME="mespiritu"/>
<USERREF USERNAME="ajaka"/>
<USERREF USERNAME="fgabel"/>
<USERREF USERNAME="earzuaga"/>
<USERREF USERNAME="egursky"/>
<USERREF USERNAME="preinman"/>
<USERREF USERNAME="tarts"/>
<USERREF USERNAME="ptimmers"/>
<USERREF USERNAME="gvanvemde"/>
<USERREF USERNAME="esadan"/>
<USERREF USERNAME="pchen"/>
<USERREF USERNAME="wtsai"/>
<USERREF USERNAME="jpartridge"/>
<USERREF USERNAME="nanderson"/>
<USERREF USERNAME="sshylman"/>
<USERREF USERNAME="jdalton"/>
<USERREF USERNAME="lgills"/>
<USERREF USERNAME="pmunozrubio"/>
<USERREF USERNAME="ssantiago"/>

</RIGHTSGROUP>

<RIGHTSGROUP  GROUPNAME="Study Manager">
<!-- Insert Users -->
<USERREF USERNAME="c152379"/>
<USERREF USERNAME="nt89612"/>
<USERREF USERNAME="zi20021"/>
<USERREF USERNAME="v7x0016"/>
<USERREF USERNAME="v6x7983"/>

</RIGHTSGROUP>

<RIGHTSGROUP  GROUPNAME="User Activator RG">
<!-- Insert Users -->
<USERREF USERNAME="ZPFjktan"/>
<USERREF USERNAME="ZPFepenzes"/>
<USERREF USERNAME="ZPFedervishaj"/>
<USERREF USERNAME="ZPFdnagy"/>
<USERREF USERNAME="ZPFckalinyak"/>
<USERREF USERNAME="ZPFabalogh"/>
<USERREF USERNAME="ZPFmandone"/>
<USERREF USERNAME="ZPFsdamato"/>
<USERREF USERNAME="ZPFrducusin"/>
<USERREF USERNAME="ZPFrcalorico"/>
<USERREF USERNAME="ZPFprojas"/>
<USERREF USERNAME="ZPFobodnar"/>
<USERREF USERNAME="ZPFnkovacs"/>
<USERREF USERNAME="ZPFvyana"/>

</RIGHTSGROUP>

<RIGHTSGROUP  GROUPNAME="User Manager RG">
<!-- Insert Users -->
<USERREF USERNAME="ZPFijohl"/>
<USERREF USERNAME="ZPFkcco"/>
<USERREF USERNAME="ZPFkcsobalyka"/>
<USERREF USERNAME="ZPFkkovacs"/>
<USERREF USERNAME="ZPFklim"/>
<USERREF USERNAME="ZPFlbalubar"/>
<USERREF USERNAME="ZPFlmate"/>
<USERREF USERNAME="ZPFmkhella"/>
<USERREF USERNAME="ZPFmtoth"/>
<USERREF USERNAME="ZPFnqi"/>
<USERREF USERNAME="ZPFnreis"/>
<USERREF USERNAME="ZPFnvergara"/>
<USERREF USERNAME="ZPFoely"/>
<USERREF USERNAME="ZPFpvallar"/>
<USERREF USERNAME="ZPFrsulit"/>
<USERREF USERNAME="ZPFsaguilar"/>
<USERREF USERNAME="ZPFsdasilva"/>
<USERREF USERNAME="ZPFskholti"/>
<USERREF USERNAME="ZPFtcabanes"/>
<USERREF USERNAME="ZPFtfabian"/>
<USERREF USERNAME="ZPFgyvarga"/>
<USERREF USERNAME="ZPFgkrucso"/>
<USERREF USERNAME="ZPFfvarga"/>
<USERREF USERNAME="ZPFtszabo"/>
<USERREF USERNAME="ZPFekosa"/>
<USERREF USERNAME="ZPFdvittay"/>
<USERREF USERNAME="ZPFdtorok"/>
<USERREF USERNAME="ZPFddiomede"/>
<USERREF USERNAME="ZPFcmolom"/>
<USERREF USERNAME="ZPFcmercado"/>
<USERREF USERNAME="ZPFbnagy"/>
<USERREF USERNAME="ZPFawarsama"/>
<USERREF USERNAME="ZPFaterjek"/>
<USERREF USERNAME="ZPFapervaiz"/>
<USERREF USERNAME="ZPFfillesy"/>

</RIGHTSGROUP>

<RIGHTSGROUP  GROUPNAME="VO">
<!-- Insert Users -->
<USERREF USERNAME="vnovak"/>
<USERREF USERNAME="c192612"/>
<USERREF USERNAME="c200859"/>
<USERREF USERNAME="c207931"/>
<USERREF USERNAME="c207077"/>
<USERREF USERNAME="c212635"/>
<USERREF USERNAME="c212367"/>
<USERREF USERNAME="c214647"/>
<USERREF USERNAME="c198899"/>
<USERREF USERNAME="c222557"/>
<USERREF USERNAME="c213549"/>
<USERREF USERNAME="c224889"/>
<USERREF USERNAME="z2x2092"/>
<USERREF USERNAME="c190660"/>

</RIGHTSGROUP>

</MEDMLDATA>