<?xml version="1.0"?>
<MEDMLDATA xmlns="PhaseForward-MedML-Inform4">


<SITE  NAME="(604) I neurologicka klinika FNUSA"    MNEMONIC="604"
ADDRESS="Pekarska 53 Brno 65 691"
COUNTRY="CZECH REPUBLIC"
PHONE="420420543182632"
ALTPHONE="420"
FAX="420"
TIMEZONE="(UTC+01:00) Sarajevo, Skopje, Warsaw, Zagreb"
SITEDATEFORMAT="DAY_MONTH_YEAR"
STARTDATE="11/17/2015"
STUDYLOCALE="en-US"
SVAUTOSELECTRATE="100"
SVFIRSTNSUBJECTS="100"
/>


<SITE  NAME="(603) Axon Clinical s r o"    MNEMONIC="603"
ADDRESS="Ke Koupalisti 12 Praha 8"
COUNTRY="CZECH REPUBLIC"
PHONE="420420737268655"
ALTPHONE="420"
FAX="420"
TIMEZONE="(UTC+01:00) Sarajevo, Skopje, Warsaw, Zagreb"
SITEDATEFORMAT="DAY_MONTH_YEAR"
STARTDATE="11/17/2015"
STUDYLOCALE="en-US"
SVAUTOSELECTRATE="100"
SVFIRSTNSUBJECTS="100"
/>


<SITE  NAME="(602) Clintrial s r o"    MNEMONIC="602"
ADDRESS="Pocernicka 1427 16 Praha 10 10000"
COUNTRY="CZECH REPUBLIC"
PHONE="420420222510607"
ALTPHONE="420"
FAX="420"
TIMEZONE="(UTC+01:00) Sarajevo, Skopje, Warsaw, Zagreb"
SITEDATEFORMAT="DAY_MONTH_YEAR"
STARTDATE="11/17/2015"
STUDYLOCALE="en-US"
SVAUTOSELECTRATE="100"
SVFIRSTNSUBJECTS="100"
/>


<SITE  NAME="(601) DADO MEDICAL s r o"    MNEMONIC="601"
ADDRESS="Budecska 33 Praha 2 12000"
COUNTRY="CZECH REPUBLIC"
PHONE="420420273130398"
ALTPHONE="420"
FAX="420"
TIMEZONE="(UTC+01:00) Sarajevo, Skopje, Warsaw, Zagreb"
SITEDATEFORMAT="DAY_MONTH_YEAR"
STARTDATE="11/17/2015"
STUDYLOCALE="en-US"
SVAUTOSELECTRATE="100"
SVFIRSTNSUBJECTS="100"
/>


<SITE  NAME="(600) Neurologicka ordinace"    MNEMONIC="600"
ADDRESS="Kolejni 5 Praha 6 16000"
COUNTRY="CZECH REPUBLIC"
PHONE="420420271075254"
ALTPHONE="420"
FAX="420"
TIMEZONE="(UTC+01:00) Sarajevo, Skopje, Warsaw, Zagreb"
SITEDATEFORMAT="DAY_MONTH_YEAR"
STARTDATE="11/17/2015"
STUDYLOCALE="en-US"
SVAUTOSELECTRATE="100"
SVFIRSTNSUBJECTS="100"
/>


<SITE  NAME="(637) Praxis Dr Stude"    MNEMONIC="637"
ADDRESS="Kurt Schumacher Platz 11 12 Bochum 44787"
COUNTRY="GERMANY"
PHONE="494923415866"
ALTPHONE="49"
FAX="49"
TIMEZONE="(UTC+01:00) Sarajevo, Skopje, Warsaw, Zagreb"
SITEDATEFORMAT="DAY_MONTH_YEAR"
STARTDATE="11/17/2015"
STUDYLOCALE="en-US"
SVAUTOSELECTRATE="100"
SVFIRSTNSUBJECTS="100"
/>


<SITE  NAME="(636) Universitatsklinikum Jena"    MNEMONIC="636"
ADDRESS="BachstraBe 18 Jena Thuringia 07743"
COUNTRY="GERMANY"
PHONE="494936419323489"
ALTPHONE="49"
FAX="49"
TIMEZONE="(UTC+01:00) Sarajevo, Skopje, Warsaw, Zagreb"
SITEDATEFORMAT="DAY_MONTH_YEAR"
STARTDATE="11/17/2015"
STUDYLOCALE="en-US"
SVAUTOSELECTRATE="100"
SVFIRSTNSUBJECTS="100"
/>


<SITE  NAME="(635) Universitatsklinikum Essen AoR"    MNEMONIC="635"
ADDRESS="HufelandstraBe 55 Essen North Rhine Westphalia 45145"
COUNTRY="GERMANY"
PHONE="49492014369617"
ALTPHONE="49"
FAX="49"
TIMEZONE="(UTC+01:00) Sarajevo, Skopje, Warsaw, Zagreb"
SITEDATEFORMAT="DAY_MONTH_YEAR"
STARTDATE="11/17/2015"
STUDYLOCALE="en-US"
SVAUTOSELECTRATE="100"
SVFIRSTNSUBJECTS="100"
/>


<SITE  NAME="(634) Neuropsychiatrisches Facharztzentrum Hattingen"    MNEMONIC="634"
ADDRESS="August Bebel Strasse 8 10 Hattingen North Rhine Westphalia 45525"
COUNTRY="GERMANY"
PHONE="49492324570570"
ALTPHONE="49"
FAX="49"
TIMEZONE="(UTC+01:00) Sarajevo, Skopje, Warsaw, Zagreb"
SITEDATEFORMAT="DAY_MONTH_YEAR"
STARTDATE="11/17/2015"
STUDYLOCALE="en-US"
SVAUTOSELECTRATE="100"
SVFIRSTNSUBJECTS="100"
/>


<SITE  NAME="(633) Universitatsklinikum Hamburg Eppendorf UKE"    MNEMONIC="633"
ADDRESS="MartinistraBe 52 Hamburg 20246"
COUNTRY="GERMANY"
PHONE="494940524719421"
ALTPHONE="49"
FAX="49"
TIMEZONE="(UTC+01:00) Sarajevo, Skopje, Warsaw, Zagreb"
SITEDATEFORMAT="DAY_MONTH_YEAR"
STARTDATE="11/17/2015"
STUDYLOCALE="en-US"
SVAUTOSELECTRATE="100"
SVFIRSTNSUBJECTS="100"
/>


<SITE  NAME="(632) Studiengesellschaft Lauter Spieker GbR"    MNEMONIC="632"
ADDRESS="Hans Bockler Str 23 27 Bochum North Rhine Westphalia 44787"
COUNTRY="GERMANY"
PHONE="49492345889924"
ALTPHONE="49"
FAX="49"
TIMEZONE="(UTC+01:00) Sarajevo, Skopje, Warsaw, Zagreb"
SITEDATEFORMAT="DAY_MONTH_YEAR"
STARTDATE="11/17/2015"
STUDYLOCALE="en-US"
SVAUTOSELECTRATE="100"
SVFIRSTNSUBJECTS="100"
/>


<SITE  NAME="(631) Universitatsklinikum Halle"    MNEMONIC="631"
ADDRESS="Medizinische Fakultat der Martin Luther Universitat Halle Wittenberg Ernst Grube StraBe 40 Halle Saxony Anhalt 06120"
COUNTRY="GERMANY"
PHONE="49493455573340"
ALTPHONE="49"
FAX="49"
TIMEZONE="(UTC+01:00) Sarajevo, Skopje, Warsaw, Zagreb"
SITEDATEFORMAT="DAY_MONTH_YEAR"
STARTDATE="11/17/2015"
STUDYLOCALE="en-US"
SVAUTOSELECTRATE="100"
SVFIRSTNSUBJECTS="100"
/>


<SITE  NAME="(630) Charite Universitatsmedizin Berlin"    MNEMONIC="630"
ADDRESS="Chariteplatz 1 Berlin 10117"
COUNTRY="GERMANY"
PHONE="494930450560102"
ALTPHONE="49"
FAX="49"
TIMEZONE="(UTC+01:00) Sarajevo, Skopje, Warsaw, Zagreb"
SITEDATEFORMAT="DAY_MONTH_YEAR"
STARTDATE="11/17/2015"
STUDYLOCALE="en-US"
SVAUTOSELECTRATE="100"
SVFIRSTNSUBJECTS="100"
/>


<SITE  NAME="(629) Migrane und Kopfschmerzklinik GmbH and Co KG"    MNEMONIC="629"
ADDRESS="Olmuhlenweg 31 Konigstein Hesse 61462"
COUNTRY="GERMANY"
PHONE="4949617429040"
ALTPHONE="49"
FAX="49"
TIMEZONE="(UTC+01:00) Sarajevo, Skopje, Warsaw, Zagreb"
SITEDATEFORMAT="DAY_MONTH_YEAR"
STARTDATE="11/17/2015"
STUDYLOCALE="en-US"
SVAUTOSELECTRATE="100"
SVFIRSTNSUBJECTS="100"
/>


<SITE  NAME="(628) Universitatsklinikum Tubingen"    MNEMONIC="628"
ADDRESS="Geissweg 3 Tubingen Baden Wurttemberg 72076"
COUNTRY="GERMANY"
PHONE="494970712980446"
ALTPHONE="49"
FAX="49"
TIMEZONE="(UTC+01:00) Sarajevo, Skopje, Warsaw, Zagreb"
SITEDATEFORMAT="DAY_MONTH_YEAR"
STARTDATE="11/17/2015"
STUDYLOCALE="en-US"
SVAUTOSELECTRATE="100"
SVFIRSTNSUBJECTS="100"
/>


<SITE  NAME="(627) Neurozentrum Prien"    MNEMONIC="627"
ADDRESS="Bernauer Str 12 Prien 83209"
COUNTRY="GERMANY"
PHONE="494980511811"
ALTPHONE="49"
FAX="49"
TIMEZONE="(UTC+01:00) Sarajevo, Skopje, Warsaw, Zagreb"
SITEDATEFORMAT="DAY_MONTH_YEAR"
STARTDATE="11/17/2015"
STUDYLOCALE="en-US"
SVAUTOSELECTRATE="100"
SVFIRSTNSUBJECTS="100"
/>


<SITE  NAME="(626) Neurozentrum Bielefeld"    MNEMONIC="626"
ADDRESS="Hauptstr 102 Bielefeld North Rhine Westphalia 33647"
COUNTRY="GERMANY"
PHONE="4949521443069"
ALTPHONE="49"
FAX="49"
TIMEZONE="(UTC+01:00) Sarajevo, Skopje, Warsaw, Zagreb"
SITEDATEFORMAT="DAY_MONTH_YEAR"
STARTDATE="11/17/2015"
STUDYLOCALE="en-US"
SVAUTOSELECTRATE="100"
SVFIRSTNSUBJECTS="100"
/>


<SITE  NAME="(625) Rotes Kreuz Krankenhaus Kassel gGmbH"    MNEMONIC="625"
ADDRESS="Hansteinstr 29 Kassel Hesse 34121"
COUNTRY="GERMANY"
PHONE="494956130864601"
ALTPHONE="49"
FAX="49"
TIMEZONE="(UTC+01:00) Sarajevo, Skopje, Warsaw, Zagreb"
SITEDATEFORMAT="DAY_MONTH_YEAR"
STARTDATE="11/17/2015"
STUDYLOCALE="en-US"
SVAUTOSELECTRATE="100"
SVFIRSTNSUBJECTS="100"
/>


<SITE  NAME="(753) Maccabi Healthcare Services Ramat Hasharon"    MNEMONIC="753"
ADDRESS="Hanetsah 3 Ramat Hasharon 4731001"
COUNTRY="ISRAEL"
PHONE="9729.7238e+010"
ALTPHONE="972"
FAX="972"
TIMEZONE="(UTC+01:00) Sarajevo, Skopje, Warsaw, Zagreb"
SITEDATEFORMAT="DAY_MONTH_YEAR"
STARTDATE="11/17/2015"
STUDYLOCALE="en-US"
SVAUTOSELECTRATE="100"
SVFIRSTNSUBJECTS="100"
/>


<SITE  NAME="(752) Sheba Medical Center"    MNEMONIC="752"
ADDRESS="Tel Hashomer Ramat Gan Israel 52621"
COUNTRY="ISRAEL"
PHONE="9729.72353e+010"
ALTPHONE="972"
FAX="972"
TIMEZONE="(UTC+01:00) Sarajevo, Skopje, Warsaw, Zagreb"
SITEDATEFORMAT="DAY_MONTH_YEAR"
STARTDATE="11/17/2015"
STUDYLOCALE="en-US"
SVAUTOSELECTRATE="100"
SVFIRSTNSUBJECTS="100"
/>


<SITE  NAME="(751) Rambam Medical Center"    MNEMONIC="751"
ADDRESS="8 Haaliya Hashniya st POB 9602 Haifa Israel 3109601"
COUNTRY="ISRAEL"
PHONE="972972502065750"
ALTPHONE="972"
FAX="972"
TIMEZONE="(UTC+01:00) Sarajevo, Skopje, Warsaw, Zagreb"
SITEDATEFORMAT="DAY_MONTH_YEAR"
STARTDATE="11/17/2015"
STUDYLOCALE="en-US"
SVAUTOSELECTRATE="100"
SVFIRSTNSUBJECTS="100"
/>


<SITE  NAME="(750) Hillel Yaffe"    MNEMONIC="750"
ADDRESS="Hashalom Hadera 3810101"
COUNTRY="ISRAEL"
PHONE="9729.72463e+010"
ALTPHONE="972"
FAX="972"
TIMEZONE="(UTC+01:00) Sarajevo, Skopje, Warsaw, Zagreb"
SITEDATEFORMAT="DAY_MONTH_YEAR"
STARTDATE="11/17/2015"
STUDYLOCALE="en-US"
SVAUTOSELECTRATE="100"
SVFIRSTNSUBJECTS="100"
/>


<SITE  NAME="(530) TweeSteden Ziekenhuis locatie Tilburg"    MNEMONIC="530"
ADDRESS="Dr Deelenlaan 5 Tilburg 5042 AD"
COUNTRY="NETHERLANDS"
PHONE="3131134653149"
ALTPHONE="31"
FAX="31"
TIMEZONE="(UTC+01:00) Sarajevo, Skopje, Warsaw, Zagreb"
SITEDATEFORMAT="DAY_MONTH_YEAR"
STARTDATE="11/17/2015"
STUDYLOCALE="en-US"
SVAUTOSELECTRATE="100"
SVFIRSTNSUBJECTS="100"
/>


<SITE  NAME="(529) Isala Klinieken Zwolle"    MNEMONIC="529"
ADDRESS="Dokter van Heesweg 2 Overijssel 8025AB"
COUNTRY="NETHERLANDS"
PHONE="3131384247276"
ALTPHONE="31"
FAX="31"
TIMEZONE="(UTC+01:00) Sarajevo, Skopje, Warsaw, Zagreb"
SITEDATEFORMAT="DAY_MONTH_YEAR"
STARTDATE="11/17/2015"
STUDYLOCALE="en-US"
SVAUTOSELECTRATE="100"
SVFIRSTNSUBJECTS="100"
/>


<SITE  NAME="(528) Orbis Medisch Centrum"    MNEMONIC="528"
ADDRESS="Dr H van der Hoffplein 1 Sittard Geleen Limburg 6162BG"
COUNTRY="NETHERLANDS"
PHONE="3131884597811"
ALTPHONE="31"
FAX="31"
TIMEZONE="(UTC+01:00) Sarajevo, Skopje, Warsaw, Zagreb"
SITEDATEFORMAT="DAY_MONTH_YEAR"
STARTDATE="11/17/2015"
STUDYLOCALE="en-US"
SVAUTOSELECTRATE="100"
SVFIRSTNSUBJECTS="100"
/>


<SITE  NAME="(527) Leids Universitair Medisch Centrum"    MNEMONIC="527"
ADDRESS="Albinusdreef 2 Leiden 2333 ZA"
COUNTRY="NETHERLANDS"
PHONE="3131715262895"
ALTPHONE="31"
FAX="31"
TIMEZONE="(UTC+01:00) Sarajevo, Skopje, Warsaw, Zagreb"
SITEDATEFORMAT="DAY_MONTH_YEAR"
STARTDATE="11/17/2015"
STUDYLOCALE="en-US"
SVAUTOSELECTRATE="100"
SVFIRSTNSUBJECTS="100"
/>


<SITE  NAME="(526) Canisius Wilhelmina Ziekenhuis"    MNEMONIC="526"
ADDRESS="WEG DOOR JONKERBOS 100 NIJMEGEN Gelderland 6532CZ"
COUNTRY="NETHERLANDS"
PHONE="3131243658765"
ALTPHONE="31"
FAX="31"
TIMEZONE="(UTC+01:00) Sarajevo, Skopje, Warsaw, Zagreb"
SITEDATEFORMAT="DAY_MONTH_YEAR"
STARTDATE="11/17/2015"
STUDYLOCALE="en-US"
SVAUTOSELECTRATE="100"
SVFIRSTNSUBJECTS="100"
/>


<SITE  NAME="(525) Boerhaave Medisch Centrum"    MNEMONIC="525"
ADDRESS="Dintelstraat 60 Amsterdam 1078VV"
COUNTRY="NETHERLANDS"
PHONE="3131203050051"
ALTPHONE="31"
FAX="31"
TIMEZONE="(UTC+01:00) Sarajevo, Skopje, Warsaw, Zagreb"
SITEDATEFORMAT="DAY_MONTH_YEAR"
STARTDATE="11/17/2015"
STUDYLOCALE="en-US"
SVAUTOSELECTRATE="100"
SVFIRSTNSUBJECTS="100"
/>


<SITE  NAME="(181) Cortex PSC"    MNEMONIC="181"
ADDRESS="Carr 198 Km 22 3 Bo Montones Sector Pueblo Las Piedras  00771"
COUNTRY="PUERTO RICO"
PHONE="7877872220011"
ALTPHONE="787"
FAX="787"
TIMEZONE="(UTC-05:00) Eastern Time (US &#38; Canada)"
SITEDATEFORMAT="DAY_MONTH_YEAR"
STARTDATE="11/17/2015"
STUDYLOCALE="en-US"
SVAUTOSELECTRATE="100"
SVFIRSTNSUBJECTS="100"
/>


<SITE  NAME="(554) Hospital Vall dHebron"    MNEMONIC="554"
ADDRESS="Passeig Vall dHebron 119 129 Barcelona 08035"
COUNTRY="SPAIN"
PHONE="3434932746606"
ALTPHONE="34"
FAX="34"
TIMEZONE="(UTC+01:00) Sarajevo, Skopje, Warsaw, Zagreb"
SITEDATEFORMAT="DAY_MONTH_YEAR"
STARTDATE="11/17/2015"
STUDYLOCALE="en-US"
SVAUTOSELECTRATE="100"
SVFIRSTNSUBJECTS="100"
/>


<SITE  NAME="(553) Hospital Universitario Marques De Valdecilla"    MNEMONIC="553"
ADDRESS="Avda de Valdecilla S N Santander 39008"
COUNTRY="SPAIN"
PHONE="3434942204084"
ALTPHONE="34"
FAX="34"
TIMEZONE="(UTC+01:00) Sarajevo, Skopje, Warsaw, Zagreb"
SITEDATEFORMAT="DAY_MONTH_YEAR"
STARTDATE="11/17/2015"
STUDYLOCALE="en-US"
SVAUTOSELECTRATE="100"
SVFIRSTNSUBJECTS="100"
/>


<SITE  NAME="(552) Hospital Universitario de Valencia"    MNEMONIC="552"
ADDRESS="Avda Blasco Ibanez 17 Valencia 46010"
COUNTRY="SPAIN"
PHONE="3434963868863"
ALTPHONE="34"
FAX="34"
TIMEZONE="(UTC+01:00) Sarajevo, Skopje, Warsaw, Zagreb"
SITEDATEFORMAT="DAY_MONTH_YEAR"
STARTDATE="11/17/2015"
STUDYLOCALE="en-US"
SVAUTOSELECTRATE="100"
SVFIRSTNSUBJECTS="100"
/>


<SITE  NAME="(551) Hospital Clinico Universitario de Valladolid"    MNEMONIC="551"
ADDRESS="Avda Ramon Y Cajal 3 Valladolid 47005"
COUNTRY="SPAIN"
PHONE="3434983420000"
ALTPHONE="34"
FAX="34"
TIMEZONE="(UTC+01:00) Sarajevo, Skopje, Warsaw, Zagreb"
SITEDATEFORMAT="DAY_MONTH_YEAR"
STARTDATE="11/17/2015"
STUDYLOCALE="en-US"
SVAUTOSELECTRATE="100"
SVFIRSTNSUBJECTS="100"
/>


<SITE  NAME="(550) Hospital Universitario La Fe de Valencia"    MNEMONIC="550"
ADDRESS="Avda de Fernando Abril Martorell 106 Valencia 46026"
COUNTRY="SPAIN"
PHONE="3434961245542"
ALTPHONE="34"
FAX="34"
TIMEZONE="(UTC+01:00) Sarajevo, Skopje, Warsaw, Zagreb"
SITEDATEFORMAT="DAY_MONTH_YEAR"
STARTDATE="11/17/2015"
STUDYLOCALE="en-US"
SVAUTOSELECTRATE="100"
SVFIRSTNSUBJECTS="100"
/>


<SITE  NAME="(805) Far Eastern Memorial Hospital"    MNEMONIC="805"
ADDRESS="No 21 Nan Ya South Rd Sec 2 Pan Chiao"
COUNTRY="TAIWAN"
PHONE="886886935575142"
ALTPHONE="886"
FAX="886"
TIMEZONE="(UTC+08:00) Taipei"
SITEDATEFORMAT="DAY_MONTH_YEAR"
STARTDATE="11/17/2015"
STUDYLOCALE="en-US"
SVAUTOSELECTRATE="100"
SVFIRSTNSUBJECTS="100"
/>


<SITE  NAME="(804) Taipei Veterans General Hospital"    MNEMONIC="804"
ADDRESS="No 201 Section 2 Shih Pai Rd Taipei 11217 Taiwan"
COUNTRY="TAIWAN"
PHONE="886886228712121"
ALTPHONE="886"
FAX="886"
TIMEZONE="(UTC+08:00) Taipei"
SITEDATEFORMAT="DAY_MONTH_YEAR"
STARTDATE="11/17/2015"
STUDYLOCALE="en-US"
SVAUTOSELECTRATE="100"
SVFIRSTNSUBJECTS="100"
/>


<SITE  NAME="(803) Sin Lau Hospital"    MNEMONIC="803"
ADDRESS="No 57 Sec 1 Dongmen Rd Tainan 70142 Taiwan"
COUNTRY="TAIWAN"
PHONE="88688662748316"
ALTPHONE="886"
FAX="886"
TIMEZONE="(UTC+08:00) Taipei"
SITEDATEFORMAT="DAY_MONTH_YEAR"
STARTDATE="11/17/2015"
STUDYLOCALE="en-US"
SVAUTOSELECTRATE="100"
SVFIRSTNSUBJECTS="100"
/>


<SITE  NAME="(802) Kaohsiung Medical University Chung Ho Memorial Hospital"    MNEMONIC="802"
ADDRESS="No 100 Tzyou 1st Rd Kaohsiung 807 Taiwan"
COUNTRY="TAIWAN"
PHONE="88688673121101"
ALTPHONE="886"
FAX="886"
TIMEZONE="(UTC+08:00) Taipei"
SITEDATEFORMAT="DAY_MONTH_YEAR"
STARTDATE="11/17/2015"
STUDYLOCALE="en-US"
SVAUTOSELECTRATE="100"
SVFIRSTNSUBJECTS="100"
/>


<SITE  NAME="(801) Chi Mei Medical Center Yung Kang"    MNEMONIC="801"
ADDRESS="No 901 Chung Hwa Rd Tainan 71004 Taiwan"
COUNTRY="TAIWAN"
PHONE="88688662812811"
ALTPHONE="886"
FAX="886"
TIMEZONE="(UTC+08:00) Taipei"
SITEDATEFORMAT="DAY_MONTH_YEAR"
STARTDATE="11/17/2015"
STUDYLOCALE="en-US"
SVAUTOSELECTRATE="100"
SVFIRSTNSUBJECTS="100"
/>


<SITE  NAME="(501) Royal Stoke University Hospital"    MNEMONIC="501"
ADDRESS="Newcastle Road Stoke on Trent Staffordshire ST4 6QG"
COUNTRY="UNITED KINGDOM"
PHONE="44441782715444"
ALTPHONE="44"
FAX="44"
TIMEZONE="(UTC) Dublin, Edinburgh, Lisbon, London"
SITEDATEFORMAT="DAY_MONTH_YEAR"
STARTDATE="11/17/2015"
STUDYLOCALE="en-US"
SVAUTOSELECTRATE="100"
SVFIRSTNSUBJECTS="100"
/>


<SITE  NAME="(504) Walton Centre for Neurology and Neurosurgery"    MNEMONIC="504"
ADDRESS="Clinical Trials Unit Lower Lane Fazakerley Liverpool Lanchashire L9 7LJ"
COUNTRY="UNITED KINGDOM"
PHONE="44441515253611"
ALTPHONE="44"
FAX="44"
TIMEZONE="(UTC) Dublin, Edinburgh, Lisbon, London"
SITEDATEFORMAT="DAY_MONTH_YEAR"
STARTDATE="11/17/2015"
STUDYLOCALE="en-US"
SVAUTOSELECTRATE="100"
SVFIRSTNSUBJECTS="100"
/>


<SITE  NAME="(503) Queen Elizabeth University Hospital"    MNEMONIC="503"
ADDRESS="1345 Govan Road Glasgow Scotland G51 4TF"
COUNTRY="UNITED KINGDOM"
PHONE="440"
ALTPHONE="44"
FAX="44"
TIMEZONE="(UTC) Dublin, Edinburgh, Lisbon, London"
SITEDATEFORMAT="DAY_MONTH_YEAR"
STARTDATE="11/17/2015"
STUDYLOCALE="en-US"
SVAUTOSELECTRATE="100"
SVFIRSTNSUBJECTS="100"
/>


<SITE  NAME="(502) Kings College Hospital MAIN"    MNEMONIC="502"
ADDRESS="Bessemer Road Denmark Hill London Greater London SE5 9RS"
COUNTRY="UNITED KINGDOM"
PHONE="44442032993106"
ALTPHONE="44"
FAX="44"
TIMEZONE="(UTC) Dublin, Edinburgh, Lisbon, London"
SITEDATEFORMAT="DAY_MONTH_YEAR"
STARTDATE="11/17/2015"
STUDYLOCALE="en-US"
SVAUTOSELECTRATE="100"
SVFIRSTNSUBJECTS="100"
/>


<SITE  NAME="(500) Hull Royal Infirmary MAIN"    MNEMONIC="500"
ADDRESS="Anlaby Road Hull Yorkshire HU3 2JZ"
COUNTRY="UNITED KINGDOM"
PHONE="44441482674673"
ALTPHONE="44"
FAX="44"
TIMEZONE="(UTC) Dublin, Edinburgh, Lisbon, London"
SITEDATEFORMAT="DAY_MONTH_YEAR"
STARTDATE="11/17/2015"
STUDYLOCALE="en-US"
SVAUTOSELECTRATE="100"
SVFIRSTNSUBJECTS="100"
/>


<SITE  NAME="(191) Cedars Sinai Medical Center Pain Center"    MNEMONIC="191"
ADDRESS="444 South San Vincente Boulevard Suite 1101 Los Angeles CA 90048"
COUNTRY="UNITED STATES"
PHONE="13104239616"
ALTPHONE="1"
FAX="1"
TIMEZONE="(UTC-08:00) Pacific Time (US &#38; Canada)"
SITEDATEFORMAT="DAY_MONTH_YEAR"
STARTDATE="11/17/2015"
STUDYLOCALE="en-US"
SVAUTOSELECTRATE="100"
SVFIRSTNSUBJECTS="100"
/>


<SITE  NAME="(190) Northwest Clinical Research Center"    MNEMONIC="190"
ADDRESS="1951 152nd Place Northeast Suite 200 Bellevue Washington 98007"
COUNTRY="UNITED STATES"
PHONE="14254530404"
ALTPHONE="1"
FAX="1"
TIMEZONE="(UTC-08:00) Pacific Time (US &#38; Canada)"
SITEDATEFORMAT="DAY_MONTH_YEAR"
STARTDATE="11/17/2015"
STUDYLOCALE="en-US"
SVAUTOSELECTRATE="100"
SVFIRSTNSUBJECTS="100"
/>


<SITE  NAME="(182) Schuster Medical Research Institute"    MNEMONIC="182"
ADDRESS="5000 Van Nuys Boulevard Suite 216 Sherman Oaks California 91403"
COUNTRY="UNITED STATES"
PHONE="18187880746"
ALTPHONE="1"
FAX="1"
TIMEZONE="(UTC-08:00) Pacific Time (US &#38; Canada)"
SITEDATEFORMAT="DAY_MONTH_YEAR"
STARTDATE="11/17/2015"
STUDYLOCALE="en-US"
SVAUTOSELECTRATE="100"
SVFIRSTNSUBJECTS="100"
/>


<SITE  NAME="(158) Oregon Neurology Associates"    MNEMONIC="158"
ADDRESS="3355 Riverbend DriveSuite 410 Springfield Oregon 97477"
COUNTRY="UNITED STATES"
PHONE="15418689430"
ALTPHONE="1"
FAX="1"
TIMEZONE="(UTC-08:00) Pacific Time (US &#38; Canada)"
SITEDATEFORMAT="DAY_MONTH_YEAR"
STARTDATE="11/17/2015"
STUDYLOCALE="en-US"
SVAUTOSELECTRATE="100"
SVFIRSTNSUBJECTS="100"
/>


<SITE  NAME="(175) The Polyclinic Madison Center"    MNEMONIC="175"
ADDRESS="Madison Center 904 7th Ave 6th Floor Clinical Research Department Seattle Washington 98104"
COUNTRY="UNITED STATES"
PHONE="12068605433"
ALTPHONE="1"
FAX="1"
TIMEZONE="(UTC-08:00) Pacific Time (US &#38; Canada)"
SITEDATEFORMAT="DAY_MONTH_YEAR"
STARTDATE="11/17/2015"
STUDYLOCALE="en-US"
SVAUTOSELECTRATE="100"
SVFIRSTNSUBJECTS="100"
/>


<SITE  NAME="(174) Catalina Research Institute LLC"    MNEMONIC="174"
ADDRESS="14726 Ramona Avenue Suite 100 Chino California 91710"
COUNTRY="UNITED STATES"
PHONE="19092034707"
ALTPHONE="1"
FAX="1"
TIMEZONE="(UTC-08:00) Pacific Time (US &#38; Canada)"
SITEDATEFORMAT="DAY_MONTH_YEAR"
STARTDATE="11/17/2015"
STUDYLOCALE="en-US"
SVAUTOSELECTRATE="100"
SVFIRSTNSUBJECTS="100"
/>


<SITE  NAME="(169) Optimus Medical Group"    MNEMONIC="169"
ADDRESS="870 Market Street STE 600 San Francisco California 94102"
COUNTRY="UNITED STATES"
PHONE="14153970700"
ALTPHONE="1"
FAX="1"
TIMEZONE="(UTC-08:00) Pacific Time (US &#38; Canada)"
SITEDATEFORMAT="DAY_MONTH_YEAR"
STARTDATE="11/17/2015"
STUDYLOCALE="en-US"
SVAUTOSELECTRATE="100"
SVFIRSTNSUBJECTS="100"
/>


<SITE  NAME="(162) Pacific Research Partners LLC"    MNEMONIC="162"
ADDRESS="1611 Telegraph Avenue Suite 1550 Oakland California 94612"
COUNTRY="UNITED STATES"
PHONE="15104442877"
ALTPHONE="1"
FAX="1"
TIMEZONE="(UTC-08:00) Pacific Time (US &#38; Canada)"
SITEDATEFORMAT="DAY_MONTH_YEAR"
STARTDATE="11/17/2015"
STUDYLOCALE="en-US"
SVAUTOSELECTRATE="100"
SVFIRSTNSUBJECTS="100"
/>


<SITE  NAME="(187) 21st Century Neurology a Division of Xenoscience Inc"    MNEMONIC="187"
ADDRESS="2601 North 3rd Street Suite 125 Phoenix Arizona 85004"
COUNTRY="UNITED STATES"
PHONE="16022656500"
ALTPHONE="1"
FAX="1"
TIMEZONE="(UTC-07:00) Mountain Time (US &#38; Canada)"
SITEDATEFORMAT="DAY_MONTH_YEAR"
STARTDATE="11/17/2015"
STUDYLOCALE="en-US"
SVAUTOSELECTRATE="100"
SVFIRSTNSUBJECTS="100"
/>


<SITE  NAME="(185) Arizona Research Center"    MNEMONIC="185"
ADDRESS="2525 W Greenway Road Suite 114 Phoenix Arizona 85023"
COUNTRY="UNITED STATES"
PHONE="16234144022"
ALTPHONE="1"
FAX="1"
TIMEZONE="(UTC-07:00) Mountain Time (US &#38; Canada)"
SITEDATEFORMAT="DAY_MONTH_YEAR"
STARTDATE="11/17/2015"
STUDYLOCALE="en-US"
SVAUTOSELECTRATE="100"
SVFIRSTNSUBJECTS="100"
/>


<SITE  NAME="(150) IMMUNOe International Research Centers"    MNEMONIC="150"
ADDRESS="6801 S Yosemite St Centennial Colorado 80112"
COUNTRY="UNITED STATES"
PHONE="13037719000"
ALTPHONE="1"
FAX="1"
TIMEZONE="(UTC-07:00) Mountain Time (US &#38; Canada)"
SITEDATEFORMAT="DAY_MONTH_YEAR"
STARTDATE="11/17/2015"
STUDYLOCALE="en-US"
SVAUTOSELECTRATE="100"
SVFIRSTNSUBJECTS="100"
/>


<SITE  NAME="(164) Foothill Family Clinic"    MNEMONIC="164"
ADDRESS="2295 Foothill Drive Salt Lake City Utah 84109"
COUNTRY="UNITED STATES"
PHONE="18014863021"
ALTPHONE="1"
FAX="1"
TIMEZONE="(UTC-07:00) Mountain Time (US &#38; Canada)"
SITEDATEFORMAT="DAY_MONTH_YEAR"
STARTDATE="11/17/2015"
STUDYLOCALE="en-US"
SVAUTOSELECTRATE="100"
SVFIRSTNSUBJECTS="100"
/>


<SITE  NAME="(186) IPS Research"    MNEMONIC="186"
ADDRESS="1111 North Lee Avenue Suite 400 Oklahoma City Oklahoma 73103"
COUNTRY="UNITED STATES"
PHONE="14052358188"
ALTPHONE="1"
FAX="1"
TIMEZONE="(UTC-06:00) Central Time (US &#38; Canada)"
SITEDATEFORMAT="DAY_MONTH_YEAR"
STARTDATE="11/17/2015"
STUDYLOCALE="en-US"
SVAUTOSELECTRATE="100"
SVFIRSTNSUBJECTS="100"
/>


<SITE  NAME="(180) PMG Research of Christie Clinic"    MNEMONIC="180"
ADDRESS="101 West University Avenue Champaign Illinois 61820"
COUNTRY="UNITED STATES"
PHONE="12173661200"
ALTPHONE="1"
FAX="1"
TIMEZONE="(UTC-06:00) Central Time (US &#38; Canada)"
SITEDATEFORMAT="DAY_MONTH_YEAR"
STARTDATE="11/17/2015"
STUDYLOCALE="en-US"
SVAUTOSELECTRATE="100"
SVFIRSTNSUBJECTS="100"
/>


<SITE  NAME="(179) Clinical Trial Network"    MNEMONIC="179"
ADDRESS="7080 Southwest Freeway Houston Texas 77074"
COUNTRY="UNITED STATES"
PHONE="17134846947"
ALTPHONE="1"
FAX="1"
TIMEZONE="(UTC-06:00) Central Time (US &#38; Canada)"
SITEDATEFORMAT="DAY_MONTH_YEAR"
STARTDATE="11/17/2015"
STUDYLOCALE="en-US"
SVAUTOSELECTRATE="100"
SVFIRSTNSUBJECTS="100"
/>


<SITE  NAME="(159) Diamond Headache Clinic LTD"    MNEMONIC="159"
ADDRESS="1460 N Halsted St Ste 501 Research Chicago Illinois 60642"
COUNTRY="UNITED STATES"
PHONE="17733886390"
ALTPHONE="1"
FAX="1"
TIMEZONE="(UTC-06:00) Central Time (US &#38; Canada)"
SITEDATEFORMAT="DAY_MONTH_YEAR"
STARTDATE="11/17/2015"
STUDYLOCALE="en-US"
SVAUTOSELECTRATE="100"
SVFIRSTNSUBJECTS="100"
/>


<SITE  NAME="(156) Future Search Trials of Dallas LP"    MNEMONIC="156"
ADDRESS="5445 La Sierra Drive Suite 101 Dallas Alabama 75231"
COUNTRY="UNITED STATES"
PHONE="12143692600"
ALTPHONE="1"
FAX="1"
TIMEZONE="(UTC-06:00) Central Time (US &#38; Canada)"
SITEDATEFORMAT="DAY_MONTH_YEAR"
STARTDATE="11/17/2015"
STUDYLOCALE="en-US"
SVAUTOSELECTRATE="100"
SVFIRSTNSUBJECTS="100"
/>


<SITE  NAME="(152) University of Cincinnati Stetson St"    MNEMONIC="152"
ADDRESS="260 Stetson Street Suite 3200 Cincinnati Ohio 45219"
COUNTRY="UNITED STATES"
PHONE="15135587104"
ALTPHONE="1"
FAX="1"
TIMEZONE="(UTC-06:00) Central Time (US &#38; Canada)"
SITEDATEFORMAT="DAY_MONTH_YEAR"
STARTDATE="11/17/2015"
STUDYLOCALE="en-US"
SVAUTOSELECTRATE="100"
SVFIRSTNSUBJECTS="100"
/>


<SITE  NAME="(178) Healthcare Research Network Hazelwood"    MNEMONIC="178"
ADDRESS="637 Dunn Road Suite 135 Hazelwood Missouri 63042"
COUNTRY="UNITED STATES"
PHONE="13149729600"
ALTPHONE="1"
FAX="1"
TIMEZONE="(UTC-06:00) Central Time (US &#38; Canada)"
SITEDATEFORMAT="DAY_MONTH_YEAR"
STARTDATE="11/17/2015"
STUDYLOCALE="en-US"
SVAUTOSELECTRATE="100"
SVFIRSTNSUBJECTS="100"
/>


<SITE  NAME="(173) Clinical Neuroscience Solutions  Memphis"    MNEMONIC="173"
ADDRESS="Penn Marc Building 6401 Poplar Avenue Suite 420 Memphis Tennessee 38119"
COUNTRY="UNITED STATES"
PHONE="19018431045"
ALTPHONE="1"
FAX="1"
TIMEZONE="(UTC-06:00) Central Time (US &#38; Canada)"
SITEDATEFORMAT="DAY_MONTH_YEAR"
STARTDATE="11/17/2015"
STUDYLOCALE="en-US"
SVAUTOSELECTRATE="100"
SVFIRSTNSUBJECTS="100"
/>


<SITE  NAME="(171) Dean Foundation for Health Research and Education Middleton"    MNEMONIC="171"
ADDRESS="2711 Allen Boulevard Suite 300 Middleton Wisconsin 53562"
COUNTRY="UNITED STATES"
PHONE="16088272316"
ALTPHONE="1"
FAX="1"
TIMEZONE="(UTC-06:00) Central Time (US &#38; Canada)"
SITEDATEFORMAT="DAY_MONTH_YEAR"
STARTDATE="11/17/2015"
STUDYLOCALE="en-US"
SVAUTOSELECTRATE="100"
SVFIRSTNSUBJECTS="100"
/>


<SITE  NAME="(170) Heartland Research Associates LLC"    MNEMONIC="170"
ADDRESS="3730 N Ridge Road Suite 600 Wichita Kansas 67205"
COUNTRY="UNITED STATES"
PHONE="13164620423"
ALTPHONE="1"
FAX="1"
TIMEZONE="(UTC-06:00) Central Time (US &#38; Canada)"
SITEDATEFORMAT="DAY_MONTH_YEAR"
STARTDATE="11/17/2015"
STUDYLOCALE="en-US"
SVAUTOSELECTRATE="100"
SVFIRSTNSUBJECTS="100"
/>


<SITE  NAME="(189) Atlanta Center for Medical Research"    MNEMONIC="189"
ADDRESS="501 Fairburn Road SW Atlanta Georgia 30331"
COUNTRY="UNITED STATES"
PHONE="14048815800"
ALTPHONE="1"
FAX="1"
TIMEZONE="(UTC-05:00) Eastern Time (US &#38; Canada)"
SITEDATEFORMAT="DAY_MONTH_YEAR"
STARTDATE="11/17/2015"
STUDYLOCALE="en-US"
SVAUTOSELECTRATE="100"
SVFIRSTNSUBJECTS="100"
/>


<SITE  NAME="(188) SPRI Clinical Trials LLC"    MNEMONIC="188"
ADDRESS="3044 Coney Island Ave Suite 201 Brooklyn New York 11235"
COUNTRY="UNITED STATES"
PHONE="17186162400"
ALTPHONE="1"
FAX="1"
TIMEZONE="(UTC-05:00) Eastern Time (US &#38; Canada)"
SITEDATEFORMAT="DAY_MONTH_YEAR"
STARTDATE="11/17/2015"
STUDYLOCALE="en-US"
SVAUTOSELECTRATE="100"
SVFIRSTNSUBJECTS="100"
/>


<SITE  NAME="(184) Regional Clinical Research Inc"    MNEMONIC="184"
ADDRESS="415 Hooper Road Endwell New York 13760"
COUNTRY="UNITED STATES"
PHONE="16077543863"
ALTPHONE="1"
FAX="1"
TIMEZONE="(UTC-05:00) Eastern Time (US &#38; Canada)"
SITEDATEFORMAT="DAY_MONTH_YEAR"
STARTDATE="11/17/2015"
STUDYLOCALE="en-US"
SVAUTOSELECTRATE="100"
SVFIRSTNSUBJECTS="100"
/>


<SITE  NAME="(183) Coastal Carolina Research Center"    MNEMONIC="183"
ADDRESS="1156 Bowman Road Suite 102 Mt Pleasant South Carolina 29464"
COUNTRY="UNITED STATES"
PHONE="18438563784"
ALTPHONE="1"
FAX="1"
TIMEZONE="(UTC-05:00) Eastern Time (US &#38; Canada)"
SITEDATEFORMAT="DAY_MONTH_YEAR"
STARTDATE="11/17/2015"
STUDYLOCALE="en-US"
SVAUTOSELECTRATE="100"
SVFIRSTNSUBJECTS="100"
/>


<SITE  NAME="(160) Health Research of Hampton Roads Inc"    MNEMONIC="160"
ADDRESS="11747 Jefferson Avenue Suite 1B Newport News Virginia 23606"
COUNTRY="UNITED STATES"
PHONE="17575918100"
ALTPHONE="1"
FAX="1"
TIMEZONE="(UTC-05:00) Eastern Time (US &#38; Canada)"
SITEDATEFORMAT="DAY_MONTH_YEAR"
STARTDATE="11/17/2015"
STUDYLOCALE="en-US"
SVAUTOSELECTRATE="100"
SVFIRSTNSUBJECTS="100"
/>


<SITE  NAME="(157) Quest Research Institute"    MNEMONIC="157"
ADDRESS="Quest Research Institute at MIND 28595 Orchard Lake Road Suite 301 Farmington Hills Michigan 48334"
COUNTRY="UNITED STATES"
PHONE="12489578940"
ALTPHONE="1"
FAX="1"
TIMEZONE="(UTC-05:00) Eastern Time (US &#38; Canada)"
SITEDATEFORMAT="DAY_MONTH_YEAR"
STARTDATE="11/17/2015"
STUDYLOCALE="en-US"
SVAUTOSELECTRATE="100"
SVFIRSTNSUBJECTS="100"
/>


<SITE  NAME="(155) Jacksonville Center for Clinical Research Lane Ave"    MNEMONIC="155"
ADDRESS="810 Lane Avenue South Jacksonville Florida 32205"
COUNTRY="UNITED STATES"
PHONE="19046931490"
ALTPHONE="1"
FAX="1"
TIMEZONE="(UTC-05:00) Eastern Time (US &#38; Canada)"
SITEDATEFORMAT="DAY_MONTH_YEAR"
STARTDATE="11/17/2015"
STUDYLOCALE="en-US"
SVAUTOSELECTRATE="100"
SVFIRSTNSUBJECTS="100"
/>


<SITE  NAME="(154) Novex Clinical Research"    MNEMONIC="154"
ADDRESS="222 Field Street New Bedford Massachusetts 02740"
COUNTRY="UNITED STATES"
PHONE="15089909555"
ALTPHONE="1"
FAX="1"
TIMEZONE="(UTC-05:00) Eastern Time (US &#38; Canada)"
SITEDATEFORMAT="DAY_MONTH_YEAR"
STARTDATE="11/17/2015"
STUDYLOCALE="en-US"
SVAUTOSELECTRATE="100"
SVFIRSTNSUBJECTS="100"
/>


<SITE  NAME="(153) Mountain View Clinical Research Inc"    MNEMONIC="153"
ADDRESS="405 Memorial Drive Extension Greer South Carolina 29651"
COUNTRY="UNITED STATES"
PHONE="18643340141"
ALTPHONE="1"
FAX="1"
TIMEZONE="(UTC-05:00) Eastern Time (US &#38; Canada)"
SITEDATEFORMAT="DAY_MONTH_YEAR"
STARTDATE="11/17/2015"
STUDYLOCALE="en-US"
SVAUTOSELECTRATE="100"
SVFIRSTNSUBJECTS="100"
/>


<SITE  NAME="(151) Clinical Research of Philadelphia"    MNEMONIC="151"
ADDRESS="9501 Roosevelt Blvd Suite 404 Philadelphia Pennsylvania 19114"
COUNTRY="UNITED STATES"
PHONE="12156766696"
ALTPHONE="1"
FAX="1"
TIMEZONE="(UTC-05:00) Eastern Time (US &#38; Canada)"
SITEDATEFORMAT="DAY_MONTH_YEAR"
STARTDATE="11/17/2015"
STUDYLOCALE="en-US"
SVAUTOSELECTRATE="100"
SVFIRSTNSUBJECTS="100"
/>


<SITE  NAME="(177) Bio Behavioral Health"    MNEMONIC="177"
ADDRESS="20 Hospital Drive Suite 12 Toms River New Jersey 08755"
COUNTRY="UNITED STATES"
PHONE="17322442299"
ALTPHONE="1"
FAX="1"
TIMEZONE="(UTC-05:00) Eastern Time (US &#38; Canada)"
SITEDATEFORMAT="DAY_MONTH_YEAR"
STARTDATE="11/17/2015"
STUDYLOCALE="en-US"
SVAUTOSELECTRATE="100"
SVFIRSTNSUBJECTS="100"
/>


<SITE  NAME="(176) High Point Clinical Trials Center"    MNEMONIC="176"
ADDRESS="4160 Mendenhall Oaks Parkway Suite 105 High Point North Carolina 27265"
COUNTRY="UNITED STATES"
PHONE="13368410700"
ALTPHONE="1"
FAX="1"
TIMEZONE="(UTC-05:00) Eastern Time (US &#38; Canada)"
SITEDATEFORMAT="DAY_MONTH_YEAR"
STARTDATE="11/17/2015"
STUDYLOCALE="en-US"
SVAUTOSELECTRATE="100"
SVFIRSTNSUBJECTS="100"
/>


<SITE  NAME="(172) Sentara Neurology Specialists"    MNEMONIC="172"
ADDRESS="1950 Glenn Mitchell Drive Suite 200 Virginia Beach Virginia 23456"
COUNTRY="UNITED STATES"
PHONE="17575070607"
ALTPHONE="1"
FAX="1"
TIMEZONE="(UTC-05:00) Eastern Time (US &#38; Canada)"
SITEDATEFORMAT="DAY_MONTH_YEAR"
STARTDATE="11/17/2015"
STUDYLOCALE="en-US"
SVAUTOSELECTRATE="100"
SVFIRSTNSUBJECTS="100"
/>


<SITE  NAME="(168) Clinical Neuroscience Solutions Inc"    MNEMONIC="168"
ADDRESS="6867 Southpointe Drive North Suite 101 Jacksonville Florida 32216"
COUNTRY="UNITED STATES"
PHONE="19042815757"
ALTPHONE="1"
FAX="1"
TIMEZONE="(UTC-05:00) Eastern Time (US &#38; Canada)"
SITEDATEFORMAT="DAY_MONTH_YEAR"
STARTDATE="11/17/2015"
STUDYLOCALE="en-US"
SVAUTOSELECTRATE="100"
SVFIRSTNSUBJECTS="100"
/>


<SITE  NAME="(167) SomniCare Sleep Institute"    MNEMONIC="167"
ADDRESS="400 Domenech Avenue Suite 407 San Juan Puerto Rico 00918"
COUNTRY="UNITED STATES"
PHONE="17877540330"
ALTPHONE="1"
FAX="1"
TIMEZONE="(UTC-05:00) Eastern Time (US &#38; Canada)"
SITEDATEFORMAT="DAY_MONTH_YEAR"
STARTDATE="11/17/2015"
STUDYLOCALE="en-US"
SVAUTOSELECTRATE="100"
SVFIRSTNSUBJECTS="100"
/>


<SITE  NAME="(166) Meridien Research Tampa"    MNEMONIC="166"
ADDRESS="501 South Boulevard Tampa Florida 33609"
COUNTRY="UNITED STATES"
PHONE="18138778839"
ALTPHONE="1"
FAX="1"
TIMEZONE="(UTC-05:00) Eastern Time (US &#38; Canada)"
SITEDATEFORMAT="DAY_MONTH_YEAR"
STARTDATE="11/17/2015"
STUDYLOCALE="en-US"
SVAUTOSELECTRATE="100"
SVFIRSTNSUBJECTS="100"
/>


<SITE  NAME="(165) Neurology and Neuroscience Associates Inc"    MNEMONIC="165"
ADDRESS="701 White Pond Dr Akron Ohio 44302"
COUNTRY="UNITED STATES"
PHONE="13305721011"
ALTPHONE="1"
FAX="1"
TIMEZONE="(UTC-05:00) Eastern Time (US &#38; Canada)"
SITEDATEFORMAT="DAY_MONTH_YEAR"
STARTDATE="11/17/2015"
STUDYLOCALE="en-US"
SVAUTOSELECTRATE="100"
SVFIRSTNSUBJECTS="100"
/>


<SITE  NAME="(161) Josephson Wallack Munshower Neurology PC"    MNEMONIC="161"
ADDRESS="7250 Clearvista Drive Suite 225 Indianapolis Indiana 46256"
COUNTRY="UNITED STATES"
PHONE="13175376088"
ALTPHONE="1"
FAX="1"
TIMEZONE="(UTC-05:00) Eastern Time (US &#38; Canada)"
SITEDATEFORMAT="DAY_MONTH_YEAR"
STARTDATE="11/17/2015"
STUDYLOCALE="en-US"
SVAUTOSELECTRATE="100"
SVFIRSTNSUBJECTS="100"
/>


</MEDMLDATA>