<?xml version="1.0"?>
<MEDMLDATA xmlns="PhaseForward-MedML-Inform4">


<REPORTINGGROUP
GROUPNAME="Ad Hoc Users"
GROUPDESCRIPTION="Users who have access to Ad Hoc Reporting">
<!-- Insert Users -->
<USERREF USERNAME="i5qmccgah_RE"/>
<USERREF USERNAME="z1x1726"/>
<USERREF USERNAME="cf64318"/>
<USERREF USERNAME="rm85747"/>
<USERREF USERNAME="a619388"/>
<USERREF USERNAME="rg37419"/>
<USERREF USERNAME="z2x2291"/>
<USERREF USERNAME="c223848"/>
<USERREF USERNAME="z3x0558"/>
<USERREF USERNAME="c217693"/>
<USERREF USERNAME="z2x2182"/>
<USERREF USERNAME="z2x1565"/>
<USERREF USERNAME="z2x2451"/>
<USERREF USERNAME="z2x1597"/>
<USERREF USERNAME="ce63390"/>
</REPORTINGGROUP>

<QUERYGROUP
GROUPNAME="CDM_CRA Query"
GROUPDESCRIPTION="">
<!-- Insert Users -->
<USERREF USERNAME="autoquery"/>
<USERREF USERNAME="ce63390"/>
<USERREF USERNAME="z1x1726"/>
<USERREF USERNAME="cf64318"/>
<USERREF USERNAME="rm85747"/>
<USERREF USERNAME="a619388"/>
<USERREF USERNAME="rg37419"/>
<USERREF USERNAME="z2x2291"/>
<USERREF USERNAME="c223848"/>
<USERREF USERNAME="z3x0558"/>
<USERREF USERNAME="z2x7784"/>
<USERREF USERNAME="z1x1826"/>
<USERREF USERNAME="z1x1807"/>
<USERREF USERNAME="z1x1836"/>
<USERREF USERNAME="z1x1803"/>
<USERREF USERNAME="z1x1816"/>
<USERREF USERNAME="z1x1819"/>
<USERREF USERNAME="z1x2605"/>
<USERREF USERNAME="z1x0694"/>
<USERREF USERNAME="z1x0689"/>
<USERREF USERNAME="z1x0701"/>
<USERREF USERNAME="z1x0687"/>
<USERREF USERNAME="c211960"/>
<USERREF USERNAME="z2x1543"/>
<USERREF USERNAME="z2x2461"/>
<USERREF USERNAME="z2x4239"/>
<USERREF USERNAME="z2x7035"/>
<USERREF USERNAME="z2x6036"/>
<USERREF USERNAME="z2x7245"/>
<USERREF USERNAME="z2x7246"/>
<USERREF USERNAME="z2x7699"/>
<USERREF USERNAME="z3x0336"/>
<USERREF USERNAME="z3x0603"/>
<USERREF USERNAME="z3x0843"/>
<USERREF USERNAME="z3x1553"/>
<USERREF USERNAME="c224049"/>
<USERREF USERNAME="c218387"/>
<USERREF USERNAME="c217693"/>
<USERREF USERNAME="z2x2182"/>
<USERREF USERNAME="z2x1565"/>
<USERREF USERNAME="z2x2451"/>
<USERREF USERNAME="z2x1597"/>
</QUERYGROUP>

<QUERYGROUP
GROUPNAME="Coding Query Group"
GROUPDESCRIPTION="">
<!-- Insert Users -->
<USERREF USERNAME="coder_query"/>
</QUERYGROUP>

<QUERYGROUP
GROUPNAME="GPS_Query"
GROUPDESCRIPTION="">
<!-- Insert Users -->
<USERREF USERNAME="c039825"/>
<USERREF USERNAME="rm89018"/>
<USERREF USERNAME="c039853"/>
<USERREF USERNAME="c068505"/>
<USERREF USERNAME="c149066"/>
<USERREF USERNAME="c021984"/>
<USERREF USERNAME="c149177"/>
<USERREF USERNAME="rm35504"/>
<USERREF USERNAME="c131994"/>
<USERREF USERNAME="c022433"/>
<USERREF USERNAME="c039863"/>
<USERREF USERNAME="c149176"/>
<USERREF USERNAME="a701824"/>
<USERREF USERNAME="c060736"/>
<USERREF USERNAME="c026390"/>
<USERREF USERNAME="a608261"/>
<USERREF USERNAME="c143125"/>
<USERREF USERNAME="c135748"/>
<USERREF USERNAME="c149470"/>
<USERREF USERNAME="a803075"/>
<USERREF USERNAME="rm87794"/>
<USERREF USERNAME="c071673"/>
<USERREF USERNAME="v6x8058"/>
<USERREF USERNAME="c074090"/>
<USERREF USERNAME="c085302"/>
<USERREF USERNAME="c074342"/>
<USERREF USERNAME="ye91098"/>
<USERREF USERNAME="v6x8356"/>
<USERREF USERNAME="c025980"/>
<USERREF USERNAME="c137396"/>
<USERREF USERNAME="c075541"/>
<USERREF USERNAME="c074429"/>
<USERREF USERNAME="c026393"/>
<USERREF USERNAME="a608760"/>
<USERREF USERNAME="c058698"/>
<USERREF USERNAME="u7x2510"/>
<USERREF USERNAME="yex7920"/>
<USERREF USERNAME="rm36132"/>
<USERREF USERNAME="a511471"/>
<USERREF USERNAME="rm80655"/>
<USERREF USERNAME="c083101"/>
<USERREF USERNAME="rm90029"/>
<USERREF USERNAME="c069132"/>
<USERREF USERNAME="c015393"/>
<USERREF USERNAME="c057362"/>
<USERREF USERNAME="c003859"/>
<USERREF USERNAME="c079244"/>
<USERREF USERNAME="c090108"/>
</QUERYGROUP>

<SIGNATUREGROUP
GROUPNAME="PI Signature"
GROUPDESCRIPTION="Signature group assigned to PI and PI Sign Only roles"
CRBMEANING="Approved"

CRBTEXT="By my dated signature below, I  %s  %s, verify that all case report form pages accurately display the results of the examinations, tests, evaluations and treatments performed on this patient.&lt;BR&gt;&lt;BR&gt;Pursuant to Section 11.100 of Title 21 of the Code of Federal Regulations, this is to certify that I intend that this electronic signature is to be the legally binding equivalent of my handwritten signature. &lt;BR&gt;&lt;BR&gt;To this I do attest by supplying my user name and password and clicking the button marked &lt;B&gt;Submit&lt;/B&gt; below"
 LANGUAGE="en-US">
<!-- Insert Users -->
<USERREF USERNAME="ppozo"/>
<USERREF USERNAME="mtorresferrus"/>
<USERREF USERNAME="hlachmann"/>
<USERREF USERNAME="inovotha"/>
<USERREF USERNAME="mbutz"/>
<USERREF USERNAME="jboehringer"/>
<USERREF USERNAME="sbraune"/>
<USERREF USERNAME="tfreilinger"/>
<USERREF USERNAME="swolking"/>
<USERREF USERNAME="cgaul"/>
<USERREF USERNAME="sresch"/>
<USERREF USERNAME="hisrael-Willner"/>
<USERREF USERNAME="tkraya"/>
<USERREF USERNAME="horbasli"/>
<USERREF USERNAME="ajambrecina"/>
<USERREF USERNAME="ksolbach"/>
<USERREF USERNAME="usmesny"/>
<USERREF USERNAME="pstude"/>
<USERREF USERNAME="dyarnitsky"/>
<USERREF USERNAME="yfeingold"/>
<USERREF USERNAME="rfutterer"/>
<USERREF USERNAME="ecouturier"/>
<USERREF USERNAME="mament"/>
<USERREF USERNAME="eandruczyk"/>
<USERREF USERNAME="tballard"/>
<USERREF USERNAME="mchachar"/>
<USERREF USERNAME="hjdowney"/>
<USERREF USERNAME="mdowning"/>
<USERREF USERNAME="aellenbogen"/>
<USERREF USERNAME="cfisher"/>
<USERREF USERNAME="kgeorge"/>
<USERREF USERNAME="iglick"/>
<USERREF USERNAME="jrafecas"/>
<USERREF USERNAME="chuffman"/>
<USERREF USERNAME="ljimenez"/>
<USERREF USERNAME="njoshi"/>
<USERREF USERNAME="shassler"/>
<USERREF USERNAME="tkoehler"/>
<USERREF USERNAME="wmulleners"/>
<USERREF USERNAME="jmeijer"/>
<USERREF USERNAME="vtriebels"/>
<USERREF USERNAME="pvandenberg"/>
<USERREF USERNAME="cfreilinger"/>
<USERREF USERNAME="klin"/>
<USERREF USERNAME="slu"/>
<USERREF USERNAME="swang"/>
<USERREF USERNAME="kmann"/>
<USERREF USERNAME="ivazquez"/>
<USERREF USERNAME="tlai"/>
<USERREF USERNAME="larnold"/>
<USERREF USERNAME="mestevez"/>
<USERREF USERNAME="afeoktistov"/>
<USERREF USERNAME="dhenry"/>
<USERREF USERNAME="lthurman"/>
<USERREF USERNAME="nvatakis"/>
<USERREF USERNAME="rriesenberg"/>
<USERREF USERNAME="sdiazinsa"/>
<USERREF USERNAME="jlainez"/>
<USERREF USERNAME="aoterinoduran"/>
<USERREF USERNAME="mbajacek"/>
<USERREF USERNAME="ddolezil"/>
<USERREF USERNAME="fkosova"/>
<USERREF USERNAME="aboeger"/>
<USERREF USERNAME="mbohringer"/>
<USERREF USERNAME="ubeyer"/>
<USERREF USERNAME="ureuter"/>
<USERREF USERNAME="lneeb"/>
<USERREF USERNAME="tlauter"/>
<USERREF USERNAME="amay"/>
<USERREF USERNAME="jhoffmann"/>
<USERREF USERNAME="jpeltz"/>
<USERREF USERNAME="ebielefeldt"/>
<USERREF USERNAME="pbelger"/>
<USERREF USERNAME="thagenacker"/>
<USERREF USERNAME="pstorch"/>
<USERREF USERNAME="tgrehl"/>
<USERREF USERNAME="yriver"/>
<USERREF USERNAME="rhering"/>
<USERREF USERNAME="amalapira"/>
<USERREF USERNAME="mmoon"/>
<USERREF USERNAME="bnago"/>
<USERREF USERNAME="mnunez"/>
<USERREF USERNAME="apatel"/>
<USERREF USERNAME="lreed"/>
<USERREF USERNAME="areichman"/>
<USERREF USERNAME="briskin"/>
<USERREF USERNAME="cschenk"/>
<USERREF USERNAME="jschuster"/>
<USERREF USERNAME="cstrout"/>
<USERREF USERNAME="gschoonman"/>
<USERREF USERNAME="pwang"/>
<USERREF USERNAME="dszetu"/>
<USERREF USERNAME="ltaber"/>
<USERREF USERNAME="jtobin"/>
<USERREF USERNAME="akhan"/>
<USERREF USERNAME="sgraffradford"/>
<USERREF USERNAME="fahmed"/>
<USERREF USERNAME="bdavies"/>
<USERREF USERNAME="pgoadsby"/>
<USERREF USERNAME="atyagi"/>
<USERREF USERNAME="nsilver"/>
<USERREF USERNAME="asuller"/>
</SIGNATUREGROUP>

<REPORTINGGROUP
GROUPNAME="Publishers"
GROUPDESCRIPTION="Users who can create folders and other content within the Public Folder space">
<!-- Insert Users -->
<USERREF USERNAME="i5qmccgah_RE"/>
<USERREF USERNAME="z1x1726"/>
<USERREF USERNAME="cf64318"/>
<USERREF USERNAME="rm85747"/>
<USERREF USERNAME="a619388"/>
<USERREF USERNAME="rg37419"/>
<USERREF USERNAME="z2x2291"/>
<USERREF USERNAME="c223848"/>
<USERREF USERNAME="z3x0558"/>
<USERREF USERNAME="c217693"/>
<USERREF USERNAME="z2x2182"/>
<USERREF USERNAME="z2x1565"/>
<USERREF USERNAME="z2x2451"/>
<USERREF USERNAME="z2x1597"/>
<USERREF USERNAME="ce63390"/>
</REPORTINGGROUP>

<REPORTINGGROUP
GROUPNAME="Report Administrators"
GROUPDESCRIPTION="Users who can administer authorized public content such as setting permissions on folders and reports">
<!-- Insert Users -->
<USERREF USERNAME="ce63390"/>
<USERREF USERNAME="cf64318"/>
<USERREF USERNAME="rm85747"/>
<USERREF USERNAME="a619388"/>
<USERREF USERNAME="rg37419"/>
<USERREF USERNAME="z2x2291"/>
<USERREF USERNAME="z1x1726"/>
<USERREF USERNAME="z3x0558"/>
<USERREF USERNAME="c217693"/>
<USERREF USERNAME="z2x2182"/>
<USERREF USERNAME="z2x1565"/>
<USERREF USERNAME="z2x2451"/>
<USERREF USERNAME="z2x1597"/>
<USERREF USERNAME="c223848"/>
</REPORTINGGROUP>

<REPORTINGGROUP
GROUPNAME="Site Users"
GROUPDESCRIPTION="Site Users">
<!-- Insert Users -->
<USERREF USERNAME="wmulleners"/>
<USERREF USERNAME="jmeijer"/>
<USERREF USERNAME="vtriebels"/>
<USERREF USERNAME="pvandenberg"/>
<USERREF USERNAME="jherzstein"/>
<USERREF USERNAME="cfreilinger"/>
<USERREF USERNAME="klin"/>
<USERREF USERNAME="slu"/>
<USERREF USERNAME="swang"/>
<USERREF USERNAME="kmann"/>
<USERREF USERNAME="ivazquez"/>
<USERREF USERNAME="tlai"/>
<USERREF USERNAME="lgetchell"/>
<USERREF USERNAME="lvaughan"/>
<USERREF USERNAME="larnold"/>
<USERREF USERNAME="jsaunders"/>
<USERREF USERNAME="ddavis"/>
<USERREF USERNAME="njones"/>
<USERREF USERNAME="eashmore"/>
<USERREF USERNAME="fholmes"/>
<USERREF USERNAME="mestevez"/>
<USERREF USERNAME="afeoktistov"/>
<USERREF USERNAME="smui"/>
<USERREF USERNAME="kcleveland"/>
<USERREF USERNAME="scote"/>
<USERREF USERNAME="dhenry"/>
<USERREF USERNAME="pschisier"/>
<USERREF USERNAME="asampson"/>
<USERREF USERNAME="jsalonga"/>
<USERREF USERNAME="lthurman"/>
<USERREF USERNAME="svaughn"/>
<USERREF USERNAME="nvatakis"/>
<USERREF USERNAME="rriesenberg"/>
<USERREF USERNAME="ckhan"/>
<USERREF USERNAME="aweldon"/>
<USERREF USERNAME="vquarshie"/>
<USERREF USERNAME="ehoward"/>
<USERREF USERNAME="jlowe"/>
<USERREF USERNAME="lrooney"/>
<USERREF USERNAME="lmurray"/>
<USERREF USERNAME="sdiazinsa"/>
<USERREF USERNAME="mruizpinero"/>
<USERREF USERNAME="jlainez"/>
<USERREF USERNAME="aoterinoduran"/>
<USERREF USERNAME="gmazuela"/>
<USERREF USERNAME="mbajacek"/>
<USERREF USERNAME="ddolezil"/>
<USERREF USERNAME="fkosova"/>
<USERREF USERNAME="yrizova"/>
<USERREF USERNAME="pfisrova"/>
<USERREF USERNAME="aboeger"/>
<USERREF USERNAME="vkrasny"/>
<USERREF USERNAME="mbohringer"/>
<USERREF USERNAME="jschweppe"/>
<USERREF USERNAME="ubeyer"/>
<USERREF USERNAME="ureuter"/>
<USERREF USERNAME="lneeb"/>
<USERREF USERNAME="alehmann"/>
<USERREF USERNAME="cseitz"/>
<USERREF USERNAME="tlauter"/>
<USERREF USERNAME="amay"/>
<USERREF USERNAME="jhoffmann"/>
<USERREF USERNAME="ksuhr"/>
<USERREF USERNAME="jpeltz"/>
<USERREF USERNAME="ebielefeldt"/>
<USERREF USERNAME="pbelger"/>
<USERREF USERNAME="thagenacker"/>
<USERREF USERNAME="pstorch"/>
<USERREF USERNAME="tgrehl"/>
<USERREF USERNAME="yriver"/>
<USERREF USERNAME="mtesler"/>
<USERREF USERNAME="jbenmordechay"/>
<USERREF USERNAME="rhering"/>
<USERREF USERNAME="kearles"/>
<USERREF USERNAME="chardy"/>
<USERREF USERNAME="storchalski"/>
<USERREF USERNAME="jkennedy"/>
<USERREF USERNAME="amalapira"/>
<USERREF USERNAME="lsandoval"/>
<USERREF USERNAME="mmoon"/>
<USERREF USERNAME="mlim"/>
<USERREF USERNAME="bnago"/>
<USERREF USERNAME="aguzman"/>
<USERREF USERNAME="efrazier"/>
<USERREF USERNAME="mnunez"/>
<USERREF USERNAME="pholly"/>
<USERREF USERNAME="apatel"/>
<USERREF USERNAME="ccamporeale"/>
<USERREF USERNAME="bspringer"/>
<USERREF USERNAME="lreed"/>
<USERREF USERNAME="jvelikis"/>
<USERREF USERNAME="mespiritu"/>
<USERREF USERNAME="areichman"/>
<USERREF USERNAME="ajaka"/>
<USERREF USERNAME="briskin"/>
<USERREF USERNAME="fgabel"/>
<USERREF USERNAME="earzuaga"/>
<USERREF USERNAME="cschenk"/>
<USERREF USERNAME="egursky"/>
<USERREF USERNAME="jschuster"/>
<USERREF USERNAME="preinman"/>
<USERREF USERNAME="cstrout"/>
<USERREF USERNAME="tarts"/>
<USERREF USERNAME="ptimmers"/>
<USERREF USERNAME="gvanvemde"/>
<USERREF USERNAME="gschoonman"/>
<USERREF USERNAME="esadan"/>
<USERREF USERNAME="pchen"/>
<USERREF USERNAME="pwang"/>
<USERREF USERNAME="wtsai"/>
<USERREF USERNAME="jpartridge"/>
<USERREF USERNAME="dszetu"/>
<USERREF USERNAME="ltaber"/>
<USERREF USERNAME="nanderson"/>
<USERREF USERNAME="jtobin"/>
<USERREF USERNAME="sshylman"/>
<USERREF USERNAME="jdalton"/>
<USERREF USERNAME="akhan"/>
<USERREF USERNAME="lgills"/>
<USERREF USERNAME="sgraffradford"/>
<USERREF USERNAME="fahmed"/>
<USERREF USERNAME="bdavies"/>
<USERREF USERNAME="pgoadsby"/>
<USERREF USERNAME="atyagi"/>
<USERREF USERNAME="nsilver"/>
<USERREF USERNAME="pmunozrubio"/>
<USERREF USERNAME="asuller"/>
<USERREF USERNAME="ssantiago"/>
<USERREF USERNAME="ppozo"/>
<USERREF USERNAME="mtorresferrus"/>
<USERREF USERNAME="abajacekova"/>
<USERREF USERNAME="mjiravova"/>
<USERREF USERNAME="pvotypkova"/>
<USERREF USERNAME="vkrafkova"/>
<USERREF USERNAME="hlachmann"/>
<USERREF USERNAME="zmatousova"/>
<USERREF USERNAME="mwallisch"/>
<USERREF USERNAME="inovotha"/>
<USERREF USERNAME="sschulze"/>
<USERREF USERNAME="mbutz"/>
<USERREF USERNAME="gkroger"/>
<USERREF USERNAME="jboehringer"/>
<USERREF USERNAME="sbraune"/>
<USERREF USERNAME="kmichaelis"/>
<USERREF USERNAME="tfreilinger"/>
<USERREF USERNAME="swolking"/>
<USERREF USERNAME="gkaiser"/>
<USERREF USERNAME="cgaul"/>
<USERREF USERNAME="sresch"/>
<USERREF USERNAME="hisrael-Willner"/>
<USERREF USERNAME="azielsburg"/>
<USERREF USERNAME="tkraya"/>
<USERREF USERNAME="jfischer"/>
<USERREF USERNAME="horbasli"/>
<USERREF USERNAME="ajambrecina"/>
<USERREF USERNAME="jdemirtas"/>
<USERREF USERNAME="abuchholtz"/>
<USERREF USERNAME="rdumlu"/>
<USERREF USERNAME="ksolbach"/>
<USERREF USERNAME="mbraunstein"/>
<USERREF USERNAME="usmesny"/>
<USERREF USERNAME="pstude"/>
<USERREF USERNAME="ekaufman"/>
<USERREF USERNAME="sfadel"/>
<USERREF USERNAME="dyarnitsky"/>
<USERREF USERNAME="yfeingold"/>
<USERREF USERNAME="ocohen"/>
<USERREF USERNAME="kbardram"/>
<USERREF USERNAME="abremar"/>
<USERREF USERNAME="cquinn"/>
<USERREF USERNAME="sduncan"/>
<USERREF USERNAME="cneuberger"/>
<USERREF USERNAME="rfutterer"/>
<USERREF USERNAME="asella"/>
<USERREF USERNAME="jstpierre"/>
<USERREF USERNAME="aknight"/>
<USERREF USERNAME="bsmith"/>
<USERREF USERNAME="ecouturier"/>
<USERREF USERNAME="mament"/>
<USERREF USERNAME="eandruczyk"/>
<USERREF USERNAME="aheller"/>
<USERREF USERNAME="tballard"/>
<USERREF USERNAME="mchachar"/>
<USERREF USERNAME="hjdowney"/>
<USERREF USERNAME="mdowning"/>
<USERREF USERNAME="aellenbogen"/>
<USERREF USERNAME="txthona"/>
<USERREF USERNAME="efeoktistova"/>
<USERREF USERNAME="cfisher"/>
<USERREF USERNAME="kgeorge"/>
<USERREF USERNAME="iglick"/>
<USERREF USERNAME="wjohn"/>
<USERREF USERNAME="jrafecas"/>
<USERREF USERNAME="kstapleton"/>
<USERREF USERNAME="cmanis"/>
<USERREF USERNAME="chuffman"/>
<USERREF USERNAME="mfigueroa"/>
<USERREF USERNAME="ljimenez"/>
<USERREF USERNAME="njoshi"/>
<USERREF USERNAME="lwhitaker"/>
<USERREF USERNAME="kconlin"/>
<USERREF USERNAME="sdhakhwa"/>
<USERREF USERNAME="shassler"/>
<USERREF USERNAME="szimmerman"/>
<USERREF USERNAME="tkoehler"/>
<USERREF USERNAME="dfranco"/>
<USERREF USERNAME="obarnett"/>
<USERREF USERNAME="mperez"/>
<USERREF USERNAME="gbrown"/>
<USERREF USERNAME="apotts"/>
<USERREF USERNAME="gmcdonnell"/>
<USERREF USERNAME="gmartinez"/>
<USERREF USERNAME="cmontanopereria"/>
<USERREF USERNAME="cmontano"/>
<USERREF USERNAME="saguirre"/>
<USERREF USERNAME="cfajardo"/>
<USERREF USERNAME="earguaza"/>
<USERREF USERNAME="wwilliams"/>
<USERREF USERNAME="jcalleros"/>
<USERREF USERNAME="lmontano"/>
</REPORTINGGROUP>

<REPORTINGGROUP
GROUPNAME="Sponsor Users"
GROUPDESCRIPTION="Sponsor Users">
<!-- Insert Users -->
<USERREF USERNAME="z3x0336"/>
<USERREF USERNAME="z3x0603"/>
<USERREF USERNAME="z3x0843"/>
<USERREF USERNAME="z3x1553"/>
<USERREF USERNAME="c224049"/>
<USERREF USERNAME="c218387"/>
<USERREF USERNAME="z2x2092"/>
<USERREF USERNAME="c212367"/>
<USERREF USERNAME="c071673"/>
<USERREF USERNAME="v6x8058"/>
<USERREF USERNAME="c074090"/>
<USERREF USERNAME="c085302"/>
<USERREF USERNAME="c074342"/>
<USERREF USERNAME="ye91098"/>
<USERREF USERNAME="v6x8356"/>
<USERREF USERNAME="c025980"/>
<USERREF USERNAME="c137396"/>
<USERREF USERNAME="c075541"/>
<USERREF USERNAME="c074429"/>
<USERREF USERNAME="c026393"/>
<USERREF USERNAME="a608760"/>
<USERREF USERNAME="c058698"/>
<USERREF USERNAME="u7x2510"/>
<USERREF USERNAME="yex7920"/>
<USERREF USERNAME="rm36132"/>
<USERREF USERNAME="a511471"/>
<USERREF USERNAME="rm80655"/>
<USERREF USERNAME="c217693"/>
<USERREF USERNAME="z2x2182"/>
<USERREF USERNAME="z2x1565"/>
<USERREF USERNAME="c083101"/>
<USERREF USERNAME="rm90029"/>
<USERREF USERNAME="c069132"/>
<USERREF USERNAME="z2x2451"/>
<USERREF USERNAME="c152379"/>
<USERREF USERNAME="nt89612"/>
<USERREF USERNAME="v6x7983"/>
<USERREF USERNAME="z2x1597"/>
<USERREF USERNAME="c015393"/>
<USERREF USERNAME="c057362"/>
<USERREF USERNAME="v7x0016"/>
<USERREF USERNAME="zi20021"/>
<USERREF USERNAME="c003859"/>
<USERREF USERNAME="c079244"/>
<USERREF USERNAME="rm89018"/>
<USERREF USERNAME="z1x1726"/>
<USERREF USERNAME="i5qmccgah_RE"/>
<USERREF USERNAME="coder_query"/>
<USERREF USERNAME="ce63390"/>
<USERREF USERNAME="cf64318"/>
<USERREF USERNAME="rm85747"/>
<USERREF USERNAME="a619388"/>
<USERREF USERNAME="rg37419"/>
<USERREF USERNAME="z2x2291"/>
<USERREF USERNAME="c039825"/>
<USERREF USERNAME="c090108"/>
<USERREF USERNAME="c039853"/>
<USERREF USERNAME="c068505"/>
<USERREF USERNAME="c149066"/>
<USERREF USERNAME="c021984"/>
<USERREF USERNAME="c149177"/>
<USERREF USERNAME="rm35504"/>
<USERREF USERNAME="c131994"/>
<USERREF USERNAME="c022433"/>
<USERREF USERNAME="c039863"/>
<USERREF USERNAME="c149176"/>
<USERREF USERNAME="a701824"/>
<USERREF USERNAME="c060736"/>
<USERREF USERNAME="c026390"/>
<USERREF USERNAME="a608261"/>
<USERREF USERNAME="c143125"/>
<USERREF USERNAME="c135748"/>
<USERREF USERNAME="c149470"/>
<USERREF USERNAME="a803075"/>
<USERREF USERNAME="rm87794"/>
<USERREF USERNAME="c223848"/>
<USERREF USERNAME="vnovak"/>
<USERREF USERNAME="z3x0558"/>
<USERREF USERNAME="c192612"/>
<USERREF USERNAME="c200859"/>
<USERREF USERNAME="c207931"/>
<USERREF USERNAME="c207077"/>
<USERREF USERNAME="c212635"/>
<USERREF USERNAME="c190660"/>
<USERREF USERNAME="c214647"/>
<USERREF USERNAME="c198899"/>
<USERREF USERNAME="c222557"/>
<USERREF USERNAME="c213549"/>
<USERREF USERNAME="c224889"/>
<USERREF USERNAME="z2x7784"/>
<USERREF USERNAME="z1x1826"/>
<USERREF USERNAME="z1x1807"/>
<USERREF USERNAME="z1x1836"/>
<USERREF USERNAME="z1x1803"/>
<USERREF USERNAME="z1x1816"/>
<USERREF USERNAME="z1x1819"/>
<USERREF USERNAME="z1x2605"/>
<USERREF USERNAME="z1x0694"/>
<USERREF USERNAME="z1x0689"/>
<USERREF USERNAME="z1x0701"/>
<USERREF USERNAME="z1x0687"/>
<USERREF USERNAME="c211960"/>
<USERREF USERNAME="z2x1543"/>
<USERREF USERNAME="z2x2461"/>
<USERREF USERNAME="z2x4239"/>
<USERREF USERNAME="z2x7035"/>
<USERREF USERNAME="z2x6036"/>
<USERREF USERNAME="z2x7245"/>
<USERREF USERNAME="z2x7246"/>
<USERREF USERNAME="z2x7699"/>
</REPORTINGGROUP>

<REPORTINGGROUP
GROUPNAME="User Admin Info Data Users"
GROUPDESCRIPTION="Users who have access to user data including password related data">
<!-- Insert Users -->
<USERREF USERNAME="rm80655"/>
<USERREF USERNAME="c217693"/>
<USERREF USERNAME="z2x2182"/>
<USERREF USERNAME="z2x1565"/>
<USERREF USERNAME="c083101"/>
<USERREF USERNAME="rm90029"/>
<USERREF USERNAME="c069132"/>
<USERREF USERNAME="z2x2451"/>
<USERREF USERNAME="z2x1597"/>
<USERREF USERNAME="c015393"/>
<USERREF USERNAME="c057362"/>
<USERREF USERNAME="c003859"/>
<USERREF USERNAME="c079244"/>
<USERREF USERNAME="rm89018"/>
<USERREF USERNAME="z1x1726"/>
<USERREF USERNAME="c149066"/>
<USERREF USERNAME="c021984"/>
<USERREF USERNAME="c149177"/>
<USERREF USERNAME="rm35504"/>
<USERREF USERNAME="c131994"/>
<USERREF USERNAME="c022433"/>
<USERREF USERNAME="c039863"/>
<USERREF USERNAME="c149176"/>
<USERREF USERNAME="a701824"/>
<USERREF USERNAME="c060736"/>
<USERREF USERNAME="c026390"/>
<USERREF USERNAME="a608261"/>
<USERREF USERNAME="c143125"/>
<USERREF USERNAME="c135748"/>
<USERREF USERNAME="c149470"/>
<USERREF USERNAME="a803075"/>
<USERREF USERNAME="rm87794"/>
<USERREF USERNAME="c223848"/>
<USERREF USERNAME="z3x0558"/>
<USERREF USERNAME="z2x7784"/>
<USERREF USERNAME="z1x1826"/>
<USERREF USERNAME="z1x1807"/>
<USERREF USERNAME="z1x1836"/>
<USERREF USERNAME="z1x1803"/>
<USERREF USERNAME="z1x1816"/>
<USERREF USERNAME="z1x1819"/>
<USERREF USERNAME="z1x2605"/>
<USERREF USERNAME="z1x0694"/>
<USERREF USERNAME="z1x0689"/>
<USERREF USERNAME="z1x0701"/>
<USERREF USERNAME="z1x0687"/>
<USERREF USERNAME="c211960"/>
<USERREF USERNAME="z2x1543"/>
<USERREF USERNAME="z2x2461"/>
<USERREF USERNAME="z2x4239"/>
<USERREF USERNAME="z2x7035"/>
<USERREF USERNAME="z2x6036"/>
<USERREF USERNAME="z2x7245"/>
<USERREF USERNAME="z2x7246"/>
<USERREF USERNAME="z2x7699"/>
<USERREF USERNAME="z3x0336"/>
<USERREF USERNAME="z3x0603"/>
<USERREF USERNAME="z3x0843"/>
<USERREF USERNAME="z3x1553"/>
<USERREF USERNAME="c224049"/>
<USERREF USERNAME="c218387"/>
<USERREF USERNAME="c071673"/>
<USERREF USERNAME="v6x8058"/>
<USERREF USERNAME="c074090"/>
<USERREF USERNAME="c085302"/>
<USERREF USERNAME="c074342"/>
<USERREF USERNAME="ye91098"/>
<USERREF USERNAME="v6x8356"/>
<USERREF USERNAME="c025980"/>
<USERREF USERNAME="c137396"/>
<USERREF USERNAME="c075541"/>
<USERREF USERNAME="c074429"/>
<USERREF USERNAME="c026393"/>
<USERREF USERNAME="a608760"/>
<USERREF USERNAME="c058698"/>
<USERREF USERNAME="u7x2510"/>
<USERREF USERNAME="yex7920"/>
<USERREF USERNAME="rm36132"/>
<USERREF USERNAME="a511471"/>
<USERREF USERNAME="i5qmccgah_RE"/>
<USERREF USERNAME="ce63390"/>
<USERREF USERNAME="cf64318"/>
<USERREF USERNAME="rm85747"/>
<USERREF USERNAME="a619388"/>
<USERREF USERNAME="rg37419"/>
<USERREF USERNAME="z2x2291"/>
<USERREF USERNAME="c039825"/>
<USERREF USERNAME="c090108"/>
<USERREF USERNAME="c039853"/>
<USERREF USERNAME="c068505"/>
</REPORTINGGROUP>

<REPORTINGGROUP
GROUPNAME="User Info Data Users"
GROUPDESCRIPTION="Users who have access to user data except password related data">
<!-- Insert Users -->
<USERREF USERNAME="c039825"/>
<USERREF USERNAME="rm89018"/>
<USERREF USERNAME="c039853"/>
<USERREF USERNAME="c068505"/>
<USERREF USERNAME="c149066"/>
<USERREF USERNAME="c021984"/>
<USERREF USERNAME="c149177"/>
<USERREF USERNAME="rm35504"/>
<USERREF USERNAME="c131994"/>
<USERREF USERNAME="c022433"/>
<USERREF USERNAME="c039863"/>
<USERREF USERNAME="c149176"/>
<USERREF USERNAME="a701824"/>
<USERREF USERNAME="c060736"/>
<USERREF USERNAME="c026390"/>
<USERREF USERNAME="a608261"/>
<USERREF USERNAME="c143125"/>
<USERREF USERNAME="c135748"/>
<USERREF USERNAME="c149470"/>
<USERREF USERNAME="a803075"/>
<USERREF USERNAME="rm87794"/>
<USERREF USERNAME="c071673"/>
<USERREF USERNAME="v6x8058"/>
<USERREF USERNAME="c074090"/>
<USERREF USERNAME="c085302"/>
<USERREF USERNAME="c074342"/>
<USERREF USERNAME="ye91098"/>
<USERREF USERNAME="v6x8356"/>
<USERREF USERNAME="c025980"/>
<USERREF USERNAME="c137396"/>
<USERREF USERNAME="c075541"/>
<USERREF USERNAME="c074429"/>
<USERREF USERNAME="c026393"/>
<USERREF USERNAME="a608760"/>
<USERREF USERNAME="c058698"/>
<USERREF USERNAME="u7x2510"/>
<USERREF USERNAME="yex7920"/>
<USERREF USERNAME="rm36132"/>
<USERREF USERNAME="a511471"/>
<USERREF USERNAME="rm80655"/>
<USERREF USERNAME="c083101"/>
<USERREF USERNAME="rm90029"/>
<USERREF USERNAME="c069132"/>
<USERREF USERNAME="c152379"/>
<USERREF USERNAME="nt89612"/>
<USERREF USERNAME="v6x7983"/>
<USERREF USERNAME="c015393"/>
<USERREF USERNAME="c057362"/>
<USERREF USERNAME="v7x0016"/>
<USERREF USERNAME="zi20021"/>
<USERREF USERNAME="c003859"/>
<USERREF USERNAME="c079244"/>
<USERREF USERNAME="c090108"/>
</REPORTINGGROUP>

<QUERYGROUP
GROUPNAME="CDM_CRA Query"
GROUPDESCRIPTION="">
<!-- Insert Users -->
<USERREF USERNAME="autoquery"/>
</QUERYGROUP>

</MEDMLDATA>