<?xml version="1.0"?>
<MEDMLDATA xmlns="PhaseForward-MedML-Inform4">


<RIGHTSGROUP  GROUPNAME="Coding Query Rights Group">
<!-- Insert Users -->
<USERREF USERNAME="coder_query"/>

</RIGHTSGROUP>

<RIGHTSGROUP  GROUPNAME="Data Manager">
<!-- Insert Users -->
<USERREF USERNAME="z3x1704"/>
<USERREF USERNAME="z2x1799"/>
<USERREF USERNAME="z1x9044"/>
<USERREF USERNAME="z2x1894"/>
<USERREF USERNAME="z2x2451"/>
<USERREF USERNAME="c042267"/>
<USERREF USERNAME="z1x2964"/>

</RIGHTSGROUP>

<RIGHTSGROUP  GROUPNAME="GPS">
<!-- Insert Users -->
<USERREF USERNAME="C143125"/>
<USERREF USERNAME="YEX7920"/>
<USERREF USERNAME="C015393"/>
<USERREF USERNAME="RM80655"/>
<USERREF USERNAME="A511471"/>
<USERREF USERNAME="RM36132"/>
<USERREF USERNAME="c149470"/>
<USERREF USERNAME="U7X2510"/>
<USERREF USERNAME="A608261"/>
<USERREF USERNAME="C075541"/>
<USERREF USERNAME="C025980"/>
<USERREF USERNAME="c131994"/>
<USERREF USERNAME="C149066"/>
<USERREF USERNAME="C090108"/>
<USERREF USERNAME="RM90029"/>
<USERREF USERNAME="RM87794"/>
<USERREF USERNAME="C089548"/>
<USERREF USERNAME="A803075"/>
<USERREF USERNAME="C135748"/>
<USERREF USERNAME="C058698"/>
<USERREF USERNAME="YEX8013"/>
<USERREF USERNAME="C026393"/>
<USERREF USERNAME="C060736"/>
<USERREF USERNAME="RM89018"/>
<USERREF USERNAME="V6X8058"/>
<USERREF USERNAME="C039853"/>
<USERREF USERNAME="c074090"/>
<USERREF USERNAME="C021984"/>
<USERREF USERNAME="C022433"/>

</RIGHTSGROUP>

<RIGHTSGROUP  GROUPNAME="Monitor">
<!-- Insert Users -->
<USERREF USERNAME="z1x1820"/>
<USERREF USERNAME="z2x8989"/>
<USERREF USERNAME="z1x1803"/>

</RIGHTSGROUP>

<RIGHTSGROUP  GROUPNAME="PI">
<!-- Insert Users -->
<USERREF USERNAME="sjkim"/>

</RIGHTSGROUP>

<RIGHTSGROUP  GROUPNAME="Report Extractor">
<!-- Insert Users -->
<USERREF USERNAME="i1fusrhbo_RE"/>

</RIGHTSGROUP>

<RIGHTSGROUP  GROUPNAME="SC">
<!-- Insert Users -->
<USERREF USERNAME="gsinger"/>
<USERREF USERNAME="mmin"/>

</RIGHTSGROUP>

<RIGHTSGROUP  GROUPNAME="Study Manager">
<!-- Insert Users -->
<USERREF USERNAME="C168047"/>

</RIGHTSGROUP>

<RIGHTSGROUP  GROUPNAME="User Activator RG">
<!-- Insert Users -->
<USERREF USERNAME="ZPFhsekine"/>
<USERREF USERNAME="ZPFedervishaj"/>
<USERREF USERNAME="ZPFobodnar"/>
<USERREF USERNAME="ZPFzleczo"/>
<USERREF USERNAME="ZPFrducusin"/>
<USERREF USERNAME="ZPFdnagy"/>
<USERREF USERNAME="ZPFlstoica"/>
<USERREF USERNAME="ZPFvsoni"/>
<USERREF USERNAME="ZPFmiwaki"/>
<USERREF USERNAME="ZPFckalinyak"/>
<USERREF USERNAME="ZPFsdamato"/>
<USERREF USERNAME="ZPFkbarkoczi"/>
<USERREF USERNAME="ZPFjktan"/>

</RIGHTSGROUP>

<RIGHTSGROUP  GROUPNAME="User Manager RG">
<!-- Insert Users -->
<USERREF USERNAME="ZPFapervaiz"/>
<USERREF USERNAME="ZPFepenzes"/>
<USERREF USERNAME="ZPFkkovacs"/>
<USERREF USERNAME="ZPFoely"/>
<USERREF USERNAME="ZPFrcauad"/>
<USERREF USERNAME="ZPFryu"/>
<USERREF USERNAME="ZPFpvallar"/>
<USERREF USERNAME="ZPFsgazso"/>
<USERREF USERNAME="ZPFaotsuka"/>
<USERREF USERNAME="ZPFkcsobalyka"/>
<USERREF USERNAME="ZPFskholti"/>
<USERREF USERNAME="ZPFsaguilar"/>
<USERREF USERNAME="ZPFaolah"/>
<USERREF USERNAME="ZPFnqi"/>
<USERREF USERNAME="ZPFcmercado"/>
<USERREF USERNAME="ZPFijohl"/>
<USERREF USERNAME="ZPFtcabanes"/>
<USERREF USERNAME="ZPFnvergara"/>
<USERREF USERNAME="ZPFdweakley"/>
<USERREF USERNAME="ZPFawarsama"/>
<USERREF USERNAME="ZPFrsulit"/>
<USERREF USERNAME="ZPFmarintoc"/>
<USERREF USERNAME="ZPFbnagy"/>
<USERREF USERNAME="ZPFtfabian"/>

</RIGHTSGROUP>

<RIGHTSGROUP  GROUPNAME="VO">
<!-- Insert Users -->
<USERREF USERNAME="C174738"/>
<USERREF USERNAME="RM37531"/>
<USERREF USERNAME="c179650"/>
<USERREF USERNAME="c195629"/>
<USERREF USERNAME="c192893"/>
<USERREF USERNAME="c189618"/>
<USERREF USERNAME="c192612"/>
<USERREF USERNAME="z1x1981"/>
<USERREF USERNAME="z1x1824"/>
<USERREF USERNAME="z1x2000"/>
<USERREF USERNAME="z1x1789"/>
<USERREF USERNAME="QD37870"/>
<USERREF USERNAME="c200859"/>
<USERREF USERNAME="c200015"/>
<USERREF USERNAME="c198899"/>
<USERREF USERNAME="z3x0688"/>
<USERREF USERNAME="c200314"/>
<USERREF USERNAME="z3x1758"/>
<USERREF USERNAME="z1x4350"/>
<USERREF USERNAME="z2x4979"/>
<USERREF USERNAME="z1x0368"/>
<USERREF USERNAME="z1x1896"/>
<USERREF USERNAME="z1x1691"/>
<USERREF USERNAME="c190660"/>

</RIGHTSGROUP>

</MEDMLDATA>