<?xml version="1.0"?>
<MEDMLDATA xmlns="PhaseForward-MedML-Inform4">


<REPORTINGGROUP
GROUPNAME="Ad Hoc Users"
GROUPDESCRIPTION="Users who have access to Ad Hoc Reporting">
<!-- Insert Users -->
<USERREF USERNAME="z2x1894"/>
<USERREF USERNAME="z1x9044"/>
<USERREF USERNAME="z2x2451"/>
<USERREF USERNAME="z2x1799"/>
<USERREF USERNAME="c042267"/>
<USERREF USERNAME="z3x1704"/>
<USERREF USERNAME="i1fusrhbo_RE"/>
<USERREF USERNAME="z1x2964"/>
</REPORTINGGROUP>

<REPORTINGGROUP
GROUPNAME="Authors"
GROUPDESCRIPTION="Users who have access to Ad Hoc Reporting and Report Studio">
<!-- Insert Users -->
<USERREF USERNAME="i1fusrhbo_RE"/>
</REPORTINGGROUP>

<QUERYGROUP
GROUPNAME="CDM_CRA Query"
GROUPDESCRIPTION="">
<!-- Insert Users -->
<USERREF USERNAME="autoquery"/>
<USERREF USERNAME="z3x1704"/>
<USERREF USERNAME="z1x9044"/>
<USERREF USERNAME="z2x2451"/>
<USERREF USERNAME="z2x1799"/>
<USERREF USERNAME="z2x1894"/>
<USERREF USERNAME="z1x1803"/>
<USERREF USERNAME="z1x1820"/>
<USERREF USERNAME="z2x8989"/>
<USERREF USERNAME="z1x2964"/>
<USERREF USERNAME="c042267"/>
</QUERYGROUP>

<QUERYGROUP
GROUPNAME="Coding Query Group"
GROUPDESCRIPTION="">
<!-- Insert Users -->
<USERREF USERNAME="coder_query"/>
</QUERYGROUP>

<REPORTINGGROUP
GROUPNAME="Directory Administrators"
GROUPDESCRIPTION="Users who can administer authorization rights. They administer groups, accounts, contacts, distribution lists, data sources, and printers">
<!-- Insert Users -->
<USERREF USERNAME="i1fusrhbo_RE"/>
</REPORTINGGROUP>

<QUERYGROUP
GROUPNAME="GPS Query"
GROUPDESCRIPTION="">
<!-- Insert Users -->
<USERREF USERNAME="YEX7920"/>
<USERREF USERNAME="RM80655"/>
<USERREF USERNAME="RM89018"/>
<USERREF USERNAME="V6X8058"/>
<USERREF USERNAME="C039853"/>
<USERREF USERNAME="c074090"/>
<USERREF USERNAME="C021984"/>
<USERREF USERNAME="C022433"/>
<USERREF USERNAME="C060736"/>
<USERREF USERNAME="C026393"/>
<USERREF USERNAME="YEX8013"/>
<USERREF USERNAME="C058698"/>
<USERREF USERNAME="C135748"/>
<USERREF USERNAME="A803075"/>
<USERREF USERNAME="C089548"/>
<USERREF USERNAME="RM87794"/>
<USERREF USERNAME="RM90029"/>
<USERREF USERNAME="C015393"/>
<USERREF USERNAME="C090108"/>
<USERREF USERNAME="C149066"/>
<USERREF USERNAME="c131994"/>
<USERREF USERNAME="C025980"/>
<USERREF USERNAME="C075541"/>
<USERREF USERNAME="A608261"/>
<USERREF USERNAME="U7X2510"/>
<USERREF USERNAME="c149470"/>
<USERREF USERNAME="RM36132"/>
<USERREF USERNAME="A511471"/>
<USERREF USERNAME="C143125"/>
</QUERYGROUP>

<SIGNATUREGROUP
GROUPNAME="PI Signature"
GROUPDESCRIPTION="Signature group assigned to PI and PI Sign Only roles"
CRBMEANING="Approved"
CRBTEXT="By my dated signature below, I  %s  %s, verify that all case report form pages accurately display the results of the examinations, tests, evaluations and treatments performed on this patient.&lt;BR&gt;&lt;BR&gt;Pursuant to Section 11.100 of Title 21 of the Code of Federal Regulations, this is to certify that I intend that this electronic signature is to be the legally binding equivalent of my handwritten signature. &lt;BR&gt;&lt;BR&gt;To this I do attest by supplying my user name and password and clicking the button marked &lt;B&gt;Submit&lt;/B&gt; below"
 LANGUAGE="en-US">
<!-- Insert Users -->
<USERREF USERNAME="sjkim"/>
</SIGNATUREGROUP>

<REPORTINGGROUP
GROUPNAME="Publishers"
GROUPDESCRIPTION="Users who can create folders and other content within the Public Folder space">
<!-- Insert Users -->
<USERREF USERNAME="z2x2451"/>
<USERREF USERNAME="z2x1799"/>
<USERREF USERNAME="c042267"/>
<USERREF USERNAME="z3x1704"/>
<USERREF USERNAME="i1fusrhbo_RE"/>
<USERREF USERNAME="z1x2964"/>
<USERREF USERNAME="z1x9044"/>
<USERREF USERNAME="z2x1894"/>
</REPORTINGGROUP>

<REPORTINGGROUP
GROUPNAME="Report Administrators"
GROUPDESCRIPTION="Users who can administer authorized public content such as setting permissions on folders and reports">
<!-- Insert Users -->
<USERREF USERNAME="z1x9044"/>
<USERREF USERNAME="z2x2451"/>
<USERREF USERNAME="z2x1799"/>
<USERREF USERNAME="c042267"/>
<USERREF USERNAME="z3x1704"/>
<USERREF USERNAME="z1x2964"/>
<USERREF USERNAME="z2x1894"/>
</REPORTINGGROUP>

<REPORTINGGROUP
GROUPNAME="Site Users"
GROUPDESCRIPTION="Site Users">
<!-- Insert Users -->
<USERREF USERNAME="sjkim"/>
<USERREF USERNAME="gsinger"/>
<USERREF USERNAME="mmin"/>
</REPORTINGGROUP>

<REPORTINGGROUP
GROUPNAME="Sponsor Users"
GROUPDESCRIPTION="Sponsor Users">
<!-- Insert Users -->
<USERREF USERNAME="z1x9044"/>
<USERREF USERNAME="z2x2451"/>
<USERREF USERNAME="z2x1799"/>
<USERREF USERNAME="YEX7920"/>
<USERREF USERNAME="C174738"/>
<USERREF USERNAME="z2x1894"/>
<USERREF USERNAME="C143125"/>
<USERREF USERNAME="coder_query"/>
<USERREF USERNAME="z3x1704"/>
<USERREF USERNAME="z1x1820"/>
<USERREF USERNAME="RM89018"/>
<USERREF USERNAME="V6X8058"/>
<USERREF USERNAME="C039853"/>
<USERREF USERNAME="c074090"/>
<USERREF USERNAME="C021984"/>
<USERREF USERNAME="C022433"/>
<USERREF USERNAME="C060736"/>
<USERREF USERNAME="C026393"/>
<USERREF USERNAME="c190660"/>
<USERREF USERNAME="c179650"/>
<USERREF USERNAME="c195629"/>
<USERREF USERNAME="c192893"/>
<USERREF USERNAME="c189618"/>
<USERREF USERNAME="c192612"/>
<USERREF USERNAME="z1x1981"/>
<USERREF USERNAME="z1x1824"/>
<USERREF USERNAME="z1x2000"/>
<USERREF USERNAME="z1x1789"/>
<USERREF USERNAME="C168047"/>
<USERREF USERNAME="QD37870"/>
<USERREF USERNAME="YEX8013"/>
<USERREF USERNAME="z2x8989"/>
<USERREF USERNAME="C058698"/>
<USERREF USERNAME="C135748"/>
<USERREF USERNAME="A803075"/>
<USERREF USERNAME="C089548"/>
<USERREF USERNAME="RM87794"/>
<USERREF USERNAME="RM90029"/>
<USERREF USERNAME="C015393"/>
<USERREF USERNAME="C090108"/>
<USERREF USERNAME="C149066"/>
<USERREF USERNAME="c131994"/>
<USERREF USERNAME="C025980"/>
<USERREF USERNAME="C075541"/>
<USERREF USERNAME="c200859"/>
<USERREF USERNAME="c200015"/>
<USERREF USERNAME="c198899"/>
<USERREF USERNAME="z3x0688"/>
<USERREF USERNAME="c200314"/>
<USERREF USERNAME="z3x1758"/>
<USERREF USERNAME="z1x4350"/>
<USERREF USERNAME="z2x4979"/>
<USERREF USERNAME="z1x0368"/>
<USERREF USERNAME="z1x1896"/>
<USERREF USERNAME="z1x1691"/>
<USERREF USERNAME="RM37531"/>
<USERREF USERNAME="i1fusrhbo_RE"/>
<USERREF USERNAME="z1x2964"/>
<USERREF USERNAME="c042267"/>
<USERREF USERNAME="z1x1803"/>
<USERREF USERNAME="A608261"/>
<USERREF USERNAME="U7X2510"/>
<USERREF USERNAME="c149470"/>
<USERREF USERNAME="RM36132"/>
<USERREF USERNAME="A511471"/>
<USERREF USERNAME="RM80655"/>
</REPORTINGGROUP>

<REPORTINGGROUP
GROUPNAME="User Admin Info Data Users"
GROUPDESCRIPTION="Users who have access to user data including password related data">
<!-- Insert Users -->
<USERREF USERNAME="A608261"/>
<USERREF USERNAME="U7X2510"/>
<USERREF USERNAME="c149470"/>
<USERREF USERNAME="RM36132"/>
<USERREF USERNAME="A511471"/>
<USERREF USERNAME="RM80655"/>
<USERREF USERNAME="z1x9044"/>
<USERREF USERNAME="z2x2451"/>
<USERREF USERNAME="z2x1799"/>
<USERREF USERNAME="YEX7920"/>
<USERREF USERNAME="z2x1894"/>
<USERREF USERNAME="C143125"/>
<USERREF USERNAME="z3x1704"/>
<USERREF USERNAME="z1x1820"/>
<USERREF USERNAME="RM89018"/>
<USERREF USERNAME="V6X8058"/>
<USERREF USERNAME="C039853"/>
<USERREF USERNAME="c074090"/>
<USERREF USERNAME="C021984"/>
<USERREF USERNAME="C022433"/>
<USERREF USERNAME="C060736"/>
<USERREF USERNAME="C026393"/>
<USERREF USERNAME="YEX8013"/>
<USERREF USERNAME="z2x8989"/>
<USERREF USERNAME="C058698"/>
<USERREF USERNAME="C135748"/>
<USERREF USERNAME="A803075"/>
<USERREF USERNAME="C089548"/>
<USERREF USERNAME="RM87794"/>
<USERREF USERNAME="RM90029"/>
<USERREF USERNAME="C015393"/>
<USERREF USERNAME="C090108"/>
<USERREF USERNAME="C149066"/>
<USERREF USERNAME="c131994"/>
<USERREF USERNAME="C025980"/>
<USERREF USERNAME="C075541"/>
<USERREF USERNAME="i1fusrhbo_RE"/>
<USERREF USERNAME="z1x2964"/>
<USERREF USERNAME="c042267"/>
<USERREF USERNAME="z1x1803"/>
</REPORTINGGROUP>

<REPORTINGGROUP
GROUPNAME="User Info Data Users"
GROUPDESCRIPTION="Users who have access to user data except password related data">
<!-- Insert Users -->
<USERREF USERNAME="YEX7920"/>
<USERREF USERNAME="RM80655"/>
<USERREF USERNAME="RM89018"/>
<USERREF USERNAME="V6X8058"/>
<USERREF USERNAME="C039853"/>
<USERREF USERNAME="c074090"/>
<USERREF USERNAME="C021984"/>
<USERREF USERNAME="C022433"/>
<USERREF USERNAME="C060736"/>
<USERREF USERNAME="C026393"/>
<USERREF USERNAME="C168047"/>
<USERREF USERNAME="YEX8013"/>
<USERREF USERNAME="C058698"/>
<USERREF USERNAME="C135748"/>
<USERREF USERNAME="A803075"/>
<USERREF USERNAME="C089548"/>
<USERREF USERNAME="RM87794"/>
<USERREF USERNAME="RM90029"/>
<USERREF USERNAME="C015393"/>
<USERREF USERNAME="C090108"/>
<USERREF USERNAME="C149066"/>
<USERREF USERNAME="c131994"/>
<USERREF USERNAME="C025980"/>
<USERREF USERNAME="C075541"/>
<USERREF USERNAME="A608261"/>
<USERREF USERNAME="U7X2510"/>
<USERREF USERNAME="c149470"/>
<USERREF USERNAME="RM36132"/>
<USERREF USERNAME="A511471"/>
<USERREF USERNAME="C143125"/>
</REPORTINGGROUP>

</MEDMLDATA>