<?xml version="1.0"?>
<MEDMLDATA xmlns="PhaseForward-MedML-Inform4">


<USER  USERNAME="z1x9044"
USERTYPE="SPONSOR"
FIRSTNAME="Nishant"
LASTNAME="Chaudhari"
DISPLAYNAME="Nishant Chaudhari"
COUNTRY="INDIA"
PHONE="912030569185"
ALTPHONE="91"
FAX="91"
EMAIL="nishant.chaudhari@inventivhealth.com"
ACTIVESTATE="true"
DELETESTATE="false"
UPDATE="true"
PASSWORD="nQ8wL98jR26aR206002"
BEEPER="91"
USERDATEFORMAT="DAY_MONTH_YEAR"
HOMESCREENURL="./Portal/default.htm"
USERMUSTRESETPASSWORD="TRUE"
PRODUCTLOCALE="en-US"
STUDYLOCALE="en-US"/>


<USER  USERNAME="z2x2451"
USERTYPE="SPONSOR"
FIRSTNAME="Swati"
LASTNAME="Chaturvedi"
DISPLAYNAME="Swati Chaturvedi"
COUNTRY="INDIA"
PHONE="912030569227"
ALTPHONE="91"
FAX="91"
EMAIL="swati.chaturvedi@inventivhealth.com"
ACTIVESTATE="true"
DELETESTATE="false"
UPDATE="true"
PASSWORD="lO75kS79e93OuK31064"
BEEPER="91"
USERDATEFORMAT="DAY_MONTH_YEAR"
HOMESCREENURL="./Portal/default.htm"
USERMUSTRESETPASSWORD="TRUE"
PRODUCTLOCALE="en-US"
STUDYLOCALE="en-US"/>


<USER  USERNAME="z2x1799"
USERTYPE="SPONSOR"
FIRSTNAME="Mukund"
LASTNAME="Khasnis"
DISPLAYNAME="Mukund Khasnis"
COUNTRY="INDIA"
PHONE="912030569293"
ALTPHONE="91"
FAX="91"
EMAIL="mukund.khasnis@inventivhealth.com"
ACTIVESTATE="true"
DELETESTATE="false"
UPDATE="true"
PASSWORD="dW15dR44c3GkW23969"
BEEPER="91"
USERDATEFORMAT="DAY_MONTH_YEAR"
HOMESCREENURL="./Portal/default.htm"
USERMUSTRESETPASSWORD="TRUE"
PRODUCTLOCALE="en-US"
STUDYLOCALE="en-US"/>


<USER  USERNAME="YEX7920"
USERTYPE="SPONSOR"
FIRSTNAME="Merab"
LASTNAME="Lomia"
DISPLAYNAME="Merab Lomia"
COUNTRY="UNITED STATES"
PHONE="1317-655-2174"
ALTPHONE="1"
FAX="1"
EMAIL="lomia_merab@network.lilly.com"
ACTIVESTATE="true"
DELETESTATE="false"
UPDATE="true"
PASSWORD="N8bI8qy1Mx39W1191"
BEEPER="1"
USERDATEFORMAT="DAY_MONTH_YEAR"
HOMESCREENURL="./Portal/default.htm"
USERMUSTRESETPASSWORD="TRUE"
PRODUCTLOCALE="en-US"
STUDYLOCALE="en-US"/>


<USER  USERNAME="C174738"
USERTYPE="SPONSOR"
FIRSTNAME="Fan Emily"
LASTNAME="Yang"
DISPLAYNAME="Fan Emily Yang"
COUNTRY="UNITED STATES"
PHONE="1317-966-9136"
ALTPHONE="1"
FAX="1"
EMAIL="yang_fan2@lilly.com"
ACTIVESTATE="true"
DELETESTATE="false"
UPDATE="true"
PASSWORD="dM42u53PtM65mZ533916"
BEEPER="1"
USERDATEFORMAT="DAY_MONTH_YEAR"
HOMESCREENURL="./Portal/default.htm"
USERMUSTRESETPASSWORD="TRUE"
PRODUCTLOCALE="en-US"
STUDYLOCALE="en-US"/>


<USER  USERNAME="z2x1894"
USERTYPE="SPONSOR"
FIRSTNAME="Sandip"
LASTNAME="Wavhal"
DISPLAYNAME="Sandip Wavhal"
COUNTRY="INDIA"
PHONE="9102030569302"
ALTPHONE="91"
FAX="91"
EMAIL="sandip.wavhal@inventivhealth.com"
ACTIVESTATE="true"
DELETESTATE="false"
UPDATE="true"
PASSWORD="s3KpL32F5hq75A286"
BEEPER="91"
USERDATEFORMAT="DAY_MONTH_YEAR"
HOMESCREENURL="./Portal/default.htm"
USERMUSTRESETPASSWORD="TRUE"
PRODUCTLOCALE="en-US"
STUDYLOCALE="en-US"/>


<USER  USERNAME="C143125"
USERTYPE="SPONSOR"
FIRSTNAME="Brian"
LASTNAME="Dillman"
DISPLAYNAME="Brian Dillman"
COUNTRY="UNITED STATES"
PHONE="1317-433-2638"
ALTPHONE="1"
FAX="1"
EMAIL="dillman_brian@lilly.com"
ACTIVESTATE="true"
DELETESTATE="false"
UPDATE="true"
PASSWORD="jG31tS9fQ21qK639313"
BEEPER="1"
USERDATEFORMAT="DAY_MONTH_YEAR"
HOMESCREENURL="./Portal/default.htm"
USERMUSTRESETPASSWORD="TRUE"
PRODUCTLOCALE="en-US"
STUDYLOCALE="en-US"/>


<USER  USERNAME="sjkim"
USERTYPE="SITE"
FIRSTNAME="Soo Jung"
LASTNAME="Kim"
DISPLAYNAME="Soo Jung Kim"
COUNTRY="UNITED STATES"
PHONE="1212-241-7568"
ALTPHONE="1"
FAX="1"
EMAIL="soojung.kim@mountsinai.org"
ACTIVESTATE="true"
DELETESTATE="false"
UPDATE="true"
PASSWORD="j32LgA53jU11xV131791"
BEEPER="1"
USERDATEFORMAT="DAY_MONTH_YEAR"
HOMESCREENURL="./Portal/default.htm"
USERMUSTRESETPASSWORD="TRUE"
PRODUCTLOCALE="en-US"
STUDYLOCALE="en-US"/>


<USER  USERNAME="mmin"
USERTYPE="SITE"
FIRSTNAME="Michelle"
LASTNAME="Min"
DISPLAYNAME="Michelle Min"
COUNTRY="UNITED STATES"
PHONE="1212-241-7568"
ALTPHONE="1"
FAX="1"
EMAIL="michelle.min@mssm.edu"
ACTIVESTATE="true"
DELETESTATE="false"
UPDATE="true"
PASSWORD="fV2C1qj14JqV363568"
BEEPER="1"
USERDATEFORMAT="DAY_MONTH_YEAR"
HOMESCREENURL="./Portal/default.htm"
USERMUSTRESETPASSWORD="TRUE"
PRODUCTLOCALE="en-US"
STUDYLOCALE="en-US"/>


<USER  USERNAME="coder_query"
USERTYPE="SPONSOR"
FIRSTNAME="Coder"
LASTNAME="Query"
DISPLAYNAME="Coder Query"
COUNTRY="UNITED STATES"
PHONE="11"
ALTPHONE="1"
FAX="1"
EMAIL="talley_dorothea_d@lilly.com"
ACTIVESTATE="true"
DELETESTATE="false"
UPDATE="true"
PASSWORD="rA2v0Vq12DiG12135"
BEEPER="1"
USERDATEFORMAT="DAY_MONTH_YEAR"
HOMESCREENURL="./Portal/default.htm"
USERMUSTRESETPASSWORD="TRUE"
PRODUCTLOCALE="en-US"
STUDYLOCALE="en-US"/>


<USER  USERNAME="z3x1704"
USERTYPE="SPONSOR"
FIRSTNAME="Tracy"
LASTNAME="Tillotson"
DISPLAYNAME="Tracy Tillotson"
COUNTRY="UNITED STATES"
PHONE="1512-202-8589"
ALTPHONE="1"
FAX="1"
EMAIL="tracy.tillotson@inventivhealth.com"
ACTIVESTATE="true"
DELETESTATE="false"
UPDATE="true"
PASSWORD="bD6v96XnG23cI28096"
BEEPER="1"
USERDATEFORMAT="DAY_MONTH_YEAR"
HOMESCREENURL="./Portal/default.htm"
USERMUSTRESETPASSWORD="TRUE"
PRODUCTLOCALE="en-US"
STUDYLOCALE="en-US"/>


<USER  USERNAME="z1x1820"
USERTYPE="SPONSOR"
FIRSTNAME="Scott"
LASTNAME="Mackie"
DISPLAYNAME="Scott Mackie"
COUNTRY="UNITED STATES"
PHONE="1774-312-3126"
ALTPHONE="1"
FAX="1"
EMAIL="scott.mackie@quintiles.com"
ACTIVESTATE="true"
DELETESTATE="false"
UPDATE="true"
PASSWORD="gE5tG28S4caJ156529"
BEEPER="1"
USERDATEFORMAT="DAY_MONTH_YEAR"
HOMESCREENURL="./Portal/default.htm"
USERMUSTRESETPASSWORD="TRUE"
PRODUCTLOCALE="en-US"
STUDYLOCALE="en-US"/>


<USER  USERNAME="RM89018"
USERTYPE="SPONSOR"
FIRSTNAME="Rolanda"
LASTNAME="Brooks"
DISPLAYNAME="Rolanda Brooks"
COUNTRY="UNITED STATES"
PHONE="1317-276-7757"
ALTPHONE="1"
FAX="1"
EMAIL="brooks_rolanda_n@lilly.com"
ACTIVESTATE="true"
DELETESTATE="false"
UPDATE="true"
PASSWORD="tZ9cP9iB6uH525008"
BEEPER="1"
USERDATEFORMAT="DAY_MONTH_YEAR"
HOMESCREENURL="./Portal/default.htm"
USERMUSTRESETPASSWORD="TRUE"
PRODUCTLOCALE="en-US"
STUDYLOCALE="en-US"/>


<USER  USERNAME="V6X8058"
USERTYPE="SPONSOR"
FIRSTNAME="Heidi"
LASTNAME="Gertiser"
DISPLAYNAME="Heidi Gertiser"
COUNTRY="UNITED STATES"
PHONE="1317-433-9126"
ALTPHONE="1"
FAX="1"
EMAIL="Gertiser_Heidi@lilly.com"
ACTIVESTATE="true"
DELETESTATE="false"
UPDATE="true"
PASSWORD="v5FnM80P0iH6c5884"
BEEPER="1"
USERDATEFORMAT="DAY_MONTH_YEAR"
HOMESCREENURL="./Portal/default.htm"
USERMUSTRESETPASSWORD="TRUE"
PRODUCTLOCALE="en-US"
STUDYLOCALE="en-US"/>


<USER  USERNAME="C039853"
USERTYPE="SPONSOR"
FIRSTNAME="Teresa"
LASTNAME="Hogan"
DISPLAYNAME="Teresa Hogan"
COUNTRY="UNITED STATES"
PHONE="1317-655-2174"
ALTPHONE="1"
FAX="1"
EMAIL="hogan_teresa_l@lilly.com"
ACTIVESTATE="true"
DELETESTATE="false"
UPDATE="true"
PASSWORD="c86Ay6IvE0b0T1638"
BEEPER="1"
USERDATEFORMAT="DAY_MONTH_YEAR"
HOMESCREENURL="./Portal/default.htm"
USERMUSTRESETPASSWORD="TRUE"
PRODUCTLOCALE="en-US"
STUDYLOCALE="en-US"/>


<USER  USERNAME="c074090"
USERTYPE="SPONSOR"
FIRSTNAME="Dorothy"
LASTNAME="Jackson"
DISPLAYNAME="Dorothy Jackson"
COUNTRY="UNITED STATES"
PHONE="1317-277-3392"
ALTPHONE="1"
FAX="1"
EMAIL="jackson_dorothy@lilly.com"
ACTIVESTATE="true"
DELETESTATE="false"
UPDATE="true"
PASSWORD="R5lgQ38mU2j5F9697"
BEEPER="1"
USERDATEFORMAT="DAY_MONTH_YEAR"
HOMESCREENURL="./Portal/default.htm"
USERMUSTRESETPASSWORD="TRUE"
PRODUCTLOCALE="en-US"
STUDYLOCALE="en-US"/>


<USER  USERNAME="C021984"
USERTYPE="SPONSOR"
FIRSTNAME="Kira"
LASTNAME="Miles"
DISPLAYNAME="Kira Miles"
COUNTRY="UNITED STATES"
PHONE="1317-277-2189"
ALTPHONE="1"
FAX="1"
EMAIL="miles_kira_d@lilly.com"
ACTIVESTATE="true"
DELETESTATE="false"
UPDATE="true"
PASSWORD="nX21jN3a65TeR7674"
BEEPER="1"
USERDATEFORMAT="DAY_MONTH_YEAR"
HOMESCREENURL="./Portal/default.htm"
USERMUSTRESETPASSWORD="TRUE"
PRODUCTLOCALE="en-US"
STUDYLOCALE="en-US"/>


<USER  USERNAME="C022433"
USERTYPE="SPONSOR"
FIRSTNAME="Domenica"
LASTNAME="Riley"
DISPLAYNAME="Domenica Riley"
COUNTRY="UNITED STATES"
PHONE="1317-276-4000"
ALTPHONE="1"
FAX="1"
EMAIL="riley_domenica_m@lilly.com"
ACTIVESTATE="true"
DELETESTATE="false"
UPDATE="true"
PASSWORD="oF7H8hkQ51B8v8117"
BEEPER="1"
USERDATEFORMAT="DAY_MONTH_YEAR"
HOMESCREENURL="./Portal/default.htm"
USERMUSTRESETPASSWORD="TRUE"
PRODUCTLOCALE="en-US"
STUDYLOCALE="en-US"/>


<USER  USERNAME="C060736"
USERTYPE="SPONSOR"
FIRSTNAME="Kim"
LASTNAME="Vinciquerra-brock"
DISPLAYNAME="Kim Vinciquerra-brock"
COUNTRY="UNITED STATES"
PHONE="1317-276-2809"
ALTPHONE="1"
FAX="1"
EMAIL="vinciguerra-brock_kimberly_sue@lilly.com"
ACTIVESTATE="true"
DELETESTATE="false"
UPDATE="true"
PASSWORD="gM1bT7W1kv92F6586"
BEEPER="1"
USERDATEFORMAT="DAY_MONTH_YEAR"
HOMESCREENURL="./Portal/default.htm"
USERMUSTRESETPASSWORD="TRUE"
PRODUCTLOCALE="en-US"
STUDYLOCALE="en-US"/>


<USER  USERNAME="C026393"
USERTYPE="SPONSOR"
FIRSTNAME="Lee Ann"
LASTNAME="Wininger"
DISPLAYNAME="Lee Ann Wininger"
COUNTRY="UNITED STATES"
PHONE="1317-651-3238"
ALTPHONE="1"
FAX="1"
EMAIL="Wininger_Lee_Ann@lilly.com"
ACTIVESTATE="true"
DELETESTATE="false"
UPDATE="true"
PASSWORD="r0Vl83FgJ7e30A2340"
BEEPER="1"
USERDATEFORMAT="DAY_MONTH_YEAR"
HOMESCREENURL="./Portal/default.htm"
USERMUSTRESETPASSWORD="TRUE"
PRODUCTLOCALE="en-US"
STUDYLOCALE="en-US"/>


<USER  USERNAME="c190660"
USERTYPE="SPONSOR"
FIRSTNAME="Iris"
LASTNAME="Diaz"
DISPLAYNAME="Iris Diaz"
COUNTRY="UNITED STATES"
PHONE="1919-998-1309"
ALTPHONE="1"
FAX="1"
EMAIL="Iris.Diaz@quintiles.com"
ACTIVESTATE="true"
DELETESTATE="false"
UPDATE="true"
PASSWORD="N1dG0cmN85oE82599"
BEEPER="1"
USERDATEFORMAT="DAY_MONTH_YEAR"
HOMESCREENURL="./Portal/default.htm"
USERMUSTRESETPASSWORD="TRUE"
PRODUCTLOCALE="en-US"
STUDYLOCALE="en-US"/>


<USER  USERNAME="c179650"
USERTYPE="SPONSOR"
FIRSTNAME="Amanda"
LASTNAME="Nowell"
DISPLAYNAME="Amanda Nowell"
COUNTRY="UNITED STATES"
PHONE="1919-998-7740"
ALTPHONE="1"
FAX="1"
EMAIL="Amanda.Nowell@quintiles.com"
ACTIVESTATE="true"
DELETESTATE="false"
UPDATE="true"
PASSWORD="R8tN1jwQ5rO507363"
BEEPER="1"
USERDATEFORMAT="DAY_MONTH_YEAR"
HOMESCREENURL="./Portal/default.htm"
USERMUSTRESETPASSWORD="TRUE"
PRODUCTLOCALE="en-US"
STUDYLOCALE="en-US"/>


<USER  USERNAME="c195629"
USERTYPE="SPONSOR"
FIRSTNAME="Morgan"
LASTNAME="Brookwell"
DISPLAYNAME="Morgan Brookwell"
COUNTRY="UNITED STATES"
PHONE="1919-998-7912"
ALTPHONE="1"
FAX="1"
EMAIL="Morgan.Brookwell@quintiles.com"
ACTIVESTATE="true"
DELETESTATE="false"
UPDATE="true"
PASSWORD="W5jU2qJ8gcY22229"
BEEPER="1"
USERDATEFORMAT="DAY_MONTH_YEAR"
HOMESCREENURL="./Portal/default.htm"
USERMUSTRESETPASSWORD="TRUE"
PRODUCTLOCALE="en-US"
STUDYLOCALE="en-US"/>


<USER  USERNAME="c192893"
USERTYPE="SPONSOR"
FIRSTNAME="Morgan"
LASTNAME="Campbell"
DISPLAYNAME="Morgan Campbell"
COUNTRY="UNITED STATES"
PHONE="1919-425-5194"
ALTPHONE="1"
FAX="1"
EMAIL="Morgan.Campbell@quintiles.com"
ACTIVESTATE="true"
DELETESTATE="false"
UPDATE="true"
PASSWORD="m53Ml1Ob5EjS67609"
BEEPER="1"
USERDATEFORMAT="DAY_MONTH_YEAR"
HOMESCREENURL="./Portal/default.htm"
USERMUSTRESETPASSWORD="TRUE"
PRODUCTLOCALE="en-US"
STUDYLOCALE="en-US"/>


<USER  USERNAME="c189618"
USERTYPE="SPONSOR"
FIRSTNAME="Kristina"
LASTNAME="Wolfe"
DISPLAYNAME="Kristina Wolfe"
COUNTRY="UNITED STATES"
PHONE="1919-998-1683"
ALTPHONE="1"
FAX="1"
EMAIL="Kristina.Wolfe@quintiles.com"
ACTIVESTATE="true"
DELETESTATE="false"
UPDATE="true"
PASSWORD="k2YwE33i17Ng1O9967"
BEEPER="1"
USERDATEFORMAT="DAY_MONTH_YEAR"
HOMESCREENURL="./Portal/default.htm"
USERMUSTRESETPASSWORD="TRUE"
PRODUCTLOCALE="en-US"
STUDYLOCALE="en-US"/>


<USER  USERNAME="c192612"
USERTYPE="SPONSOR"
FIRSTNAME="Barbara"
LASTNAME="Williams"
DISPLAYNAME="Barbara Williams"
COUNTRY="UNITED STATES"
PHONE="1919-976-6479"
ALTPHONE="1"
FAX="1"
EMAIL="Barbara.Williams@quintiles.com"
ACTIVESTATE="true"
DELETESTATE="false"
UPDATE="true"
PASSWORD="l4Od0YM4hp87P7855"
BEEPER="1"
USERDATEFORMAT="DAY_MONTH_YEAR"
HOMESCREENURL="./Portal/default.htm"
USERMUSTRESETPASSWORD="TRUE"
PRODUCTLOCALE="en-US"
STUDYLOCALE="en-US"/>


<USER  USERNAME="z1x1981"
USERTYPE="SPONSOR"
FIRSTNAME="Amanda"
LASTNAME="Roepke"
DISPLAYNAME="Amanda Roepke"
COUNTRY="UNITED STATES"
PHONE="1910-399-5018"
ALTPHONE="1"
FAX="1"
EMAIL="Amanda.Roepke@quintiles.com"
ACTIVESTATE="true"
DELETESTATE="false"
UPDATE="true"
PASSWORD="nW6F0bu59Av6H5435"
BEEPER="1"
USERDATEFORMAT="DAY_MONTH_YEAR"
HOMESCREENURL="./Portal/default.htm"
USERMUSTRESETPASSWORD="TRUE"
PRODUCTLOCALE="en-US"
STUDYLOCALE="en-US"/>


<USER  USERNAME="z1x1824"
USERTYPE="SPONSOR"
FIRSTNAME="Peggy"
LASTNAME="Muffley"
DISPLAYNAME="Peggy Muffley"
COUNTRY="UNITED STATES"
PHONE="1716-662-8061"
ALTPHONE="1"
FAX="1"
EMAIL="Peggy.Muffley@quintiles.com"
ACTIVESTATE="true"
DELETESTATE="false"
UPDATE="true"
PASSWORD="bC83s3Qr7YuY77177"
BEEPER="1"
USERDATEFORMAT="DAY_MONTH_YEAR"
HOMESCREENURL="./Portal/default.htm"
USERMUSTRESETPASSWORD="TRUE"
PRODUCTLOCALE="en-US"
STUDYLOCALE="en-US"/>


<USER  USERNAME="z1x2000"
USERTYPE="SPONSOR"
FIRSTNAME="Earl"
LASTNAME="Cook"
DISPLAYNAME="Earl Cook"
COUNTRY="UNITED STATES"
PHONE="1972-668-0754"
ALTPHONE="1"
FAX="1"
EMAIL="Earl.Cook@quinitles.com"
ACTIVESTATE="true"
DELETESTATE="false"
UPDATE="true"
PASSWORD="tH5o1HaT3U9s5065"
BEEPER="1"
USERDATEFORMAT="DAY_MONTH_YEAR"
HOMESCREENURL="./Portal/default.htm"
USERMUSTRESETPASSWORD="TRUE"
PRODUCTLOCALE="en-US"
STUDYLOCALE="en-US"/>


<USER  USERNAME="z1x1789"
USERTYPE="SPONSOR"
FIRSTNAME="Donna"
LASTNAME="Mosser"
DISPLAYNAME="Donna Mosser"
COUNTRY="UNITED STATES"
PHONE="1803-426-1668"
ALTPHONE="1"
FAX="1"
EMAIL="Donna.Mosser@quinitles.com"
ACTIVESTATE="true"
DELETESTATE="false"
UPDATE="true"
PASSWORD="pI34fH9sA74pN959521"
BEEPER="1"
USERDATEFORMAT="DAY_MONTH_YEAR"
HOMESCREENURL="./Portal/default.htm"
USERMUSTRESETPASSWORD="TRUE"
PRODUCTLOCALE="en-US"
STUDYLOCALE="en-US"/>


<USER  USERNAME="C168047"
USERTYPE="SPONSOR"
FIRSTNAME="Dawn"
LASTNAME="Dean"
DISPLAYNAME="Dawn Dean"
COUNTRY="UNITED STATES"
PHONE="1317-277-0634"
ALTPHONE="1"
FAX="1"
EMAIL="dean_dawn_m@lilly.com"
ACTIVESTATE="true"
DELETESTATE="false"
UPDATE="true"
PASSWORD="sA4f0Ty38CkZ03860"
BEEPER="1"
USERDATEFORMAT="DAY_MONTH_YEAR"
HOMESCREENURL="./Portal/default.htm"
USERMUSTRESETPASSWORD="TRUE"
PRODUCTLOCALE="en-US"
STUDYLOCALE="en-US"/>


<USER  USERNAME="QD37870"
USERTYPE="SPONSOR"
FIRSTNAME="Kathleen"
LASTNAME="Solotkin"
DISPLAYNAME="Kathleen Solotkin"
COUNTRY="UNITED STATES"
PHONE="1317-509-6324"
ALTPHONE="1"
FAX="1"
EMAIL="ksolotkin@lilly.com"
ACTIVESTATE="true"
DELETESTATE="false"
UPDATE="true"
PASSWORD="k0Ft9Xt3WhC33601"
BEEPER="1"
USERDATEFORMAT="DAY_MONTH_YEAR"
HOMESCREENURL="./Portal/default.htm"
USERMUSTRESETPASSWORD="TRUE"
PRODUCTLOCALE="en-US"
STUDYLOCALE="en-US"/>


<USER  USERNAME="YEX8013"
USERTYPE="SPONSOR"
FIRSTNAME="Natalia"
LASTNAME="Smolyakova"
DISPLAYNAME="Natalia Smolyakova"
COUNTRY="UNITED KINGDOM"
PHONE="4407788-236-173"
ALTPHONE="44"
FAX="44"
EMAIL="smolyakova_natalia@network.lilly.com"
ACTIVESTATE="true"
DELETESTATE="false"
UPDATE="true"
PASSWORD="yY11I9jgV1cH825999"
BEEPER="44"
USERDATEFORMAT="DAY_MONTH_YEAR"
HOMESCREENURL="./Portal/default.htm"
USERMUSTRESETPASSWORD="TRUE"
PRODUCTLOCALE="en-US"
STUDYLOCALE="en-US"/>


<USER  USERNAME="z2x8989"
USERTYPE="SPONSOR"
FIRSTNAME="Matthew"
LASTNAME="Shore"
DISPLAYNAME="Matthew Shore"
COUNTRY="UNITED STATES"
PHONE="1267-519-3080"
ALTPHONE="1"
FAX="1"
EMAIL="Matthew.Shore@quintiles.com"
ACTIVESTATE="true"
DELETESTATE="false"
UPDATE="true"
PASSWORD="g8TbC61hP0L8i9811"
BEEPER="1"
USERDATEFORMAT="DAY_MONTH_YEAR"
HOMESCREENURL="./Portal/default.htm"
USERMUSTRESETPASSWORD="TRUE"
PRODUCTLOCALE="en-US"
STUDYLOCALE="en-US"/>


<USER  USERNAME="C058698"
USERTYPE="SPONSOR"
FIRSTNAME="Michele"
LASTNAME="Brady"
DISPLAYNAME="Michele Brady"
COUNTRY="UNITED STATES"
PHONE="1317-651-2411"
ALTPHONE="1"
FAX="1"
EMAIL="brady_michelle_l@lilly.com"
ACTIVESTATE="true"
DELETESTATE="false"
UPDATE="true"
PASSWORD="O6dtH61p1Pa5Q5257"
BEEPER="1"
USERDATEFORMAT="DAY_MONTH_YEAR"
HOMESCREENURL="./Portal/default.htm"
USERMUSTRESETPASSWORD="TRUE"
PRODUCTLOCALE="en-US"
STUDYLOCALE="en-US"/>


<USER  USERNAME="C135748"
USERTYPE="SPONSOR"
FIRSTNAME="Stephanie"
LASTNAME="Horna"
DISPLAYNAME="Stephanie Horna"
COUNTRY="UNITED STATES"
PHONE="1317-260-8949"
ALTPHONE="1"
FAX="1"
EMAIL="horna_stephanie_lynne@lilly.com"
ACTIVESTATE="true"
DELETESTATE="false"
UPDATE="true"
PASSWORD="uZ3H2yxW3fS16132"
BEEPER="1"
USERDATEFORMAT="DAY_MONTH_YEAR"
HOMESCREENURL="./Portal/default.htm"
USERMUSTRESETPASSWORD="TRUE"
PRODUCTLOCALE="en-US"
STUDYLOCALE="en-US"/>


<USER  USERNAME="A803075"
USERTYPE="SPONSOR"
FIRSTNAME="Pranav"
LASTNAME="Pandya"
DISPLAYNAME="Pranav Pandya"
COUNTRY="UNITED STATES"
PHONE="1317-220-4360"
ALTPHONE="1"
FAX="1"
EMAIL="pandya_pranav_d@lilly.com"
ACTIVESTATE="true"
DELETESTATE="false"
UPDATE="true"
PASSWORD="uA4sC5gJ10aL985168"
BEEPER="1"
USERDATEFORMAT="DAY_MONTH_YEAR"
HOMESCREENURL="./Portal/default.htm"
USERMUSTRESETPASSWORD="TRUE"
PRODUCTLOCALE="en-US"
STUDYLOCALE="en-US"/>


<USER  USERNAME="C089548"
USERTYPE="SPONSOR"
FIRSTNAME="Doug"
LASTNAME="Roepke"
DISPLAYNAME="Doug Roepke"
COUNTRY="UNITED STATES"
PHONE="1317-276-7364"
ALTPHONE="1"
FAX="1"
EMAIL="roepke_douglas_andrew@lilly.com"
ACTIVESTATE="true"
DELETESTATE="false"
UPDATE="true"
PASSWORD="cZ58F3gfE0f23C3021"
BEEPER="1"
USERDATEFORMAT="DAY_MONTH_YEAR"
HOMESCREENURL="./Portal/default.htm"
USERMUSTRESETPASSWORD="TRUE"
PRODUCTLOCALE="en-US"
STUDYLOCALE="en-US"/>


<USER  USERNAME="RM87794"
USERTYPE="SPONSOR"
FIRSTNAME="Vish"
LASTNAME="Watkins"
DISPLAYNAME="Vish Watkins"
COUNTRY="UNITED STATES"
PHONE="1317-277-8350"
ALTPHONE="1"
FAX="1"
EMAIL="Watkins_vish_s@lilly.com"
ACTIVESTATE="true"
DELETESTATE="false"
UPDATE="true"
PASSWORD="K1fmP4l75IyF28057"
BEEPER="1"
USERDATEFORMAT="DAY_MONTH_YEAR"
HOMESCREENURL="./Portal/default.htm"
USERMUSTRESETPASSWORD="TRUE"
PRODUCTLOCALE="en-US"
STUDYLOCALE="en-US"/>


<USER  USERNAME="RM90029"
USERTYPE="SPONSOR"
FIRSTNAME="Kathy"
LASTNAME="Britton"
DISPLAYNAME="Kathy Britton"
COUNTRY="UNITED STATES"
PHONE="1317-277-3370"
ALTPHONE="1"
FAX="1"
EMAIL="Britton_Kathy@lilly.com"
ACTIVESTATE="true"
DELETESTATE="false"
UPDATE="true"
PASSWORD="x1Uo52DlD1i88Y1132"
BEEPER="1"
USERDATEFORMAT="DAY_MONTH_YEAR"
HOMESCREENURL="./Portal/default.htm"
USERMUSTRESETPASSWORD="TRUE"
PRODUCTLOCALE="en-US"
STUDYLOCALE="en-US"/>


<USER  USERNAME="C015393"
USERTYPE="SPONSOR"
FIRSTNAME="Markay"
LASTNAME="Burkhart"
DISPLAYNAME="Markay Burkhart"
COUNTRY="UNITED STATES"
PHONE="1317-651-9028"
ALTPHONE="1"
FAX="1"
EMAIL="burkhart_markay_l@lilly.com"
ACTIVESTATE="true"
DELETESTATE="false"
UPDATE="true"
PASSWORD="v43DcK17b0SnE452008"
BEEPER="1"
USERDATEFORMAT="DAY_MONTH_YEAR"
HOMESCREENURL="./Portal/default.htm"
USERMUSTRESETPASSWORD="TRUE"
PRODUCTLOCALE="en-US"
STUDYLOCALE="en-US"/>


<USER  USERNAME="C090108"
USERTYPE="SPONSOR"
FIRSTNAME="Kraig"
LASTNAME="Hodson"
DISPLAYNAME="Kraig Hodson"
COUNTRY="UNITED STATES"
PHONE="1317-651-4674"
ALTPHONE="1"
FAX="1"
EMAIL="Hodson_Kraig_e@lilly.com"
ACTIVESTATE="true"
DELETESTATE="false"
UPDATE="true"
PASSWORD="bG38vQ1yL4H9i7353"
BEEPER="1"
USERDATEFORMAT="DAY_MONTH_YEAR"
HOMESCREENURL="./Portal/default.htm"
USERMUSTRESETPASSWORD="TRUE"
PRODUCTLOCALE="en-US"
STUDYLOCALE="en-US"/>


<USER  USERNAME="C149066"
USERTYPE="SPONSOR"
FIRSTNAME="Yang"
LASTNAME="Liu"
DISPLAYNAME="Yang Liu"
COUNTRY="UNITED STATES"
PHONE="1317-277-7362"
ALTPHONE="1"
FAX="1"
EMAIL="liu_yang@lilly.com"
ACTIVESTATE="true"
DELETESTATE="false"
UPDATE="true"
PASSWORD="eY14b44OtT3x3D6697"
BEEPER="1"
USERDATEFORMAT="DAY_MONTH_YEAR"
HOMESCREENURL="./Portal/default.htm"
USERMUSTRESETPASSWORD="TRUE"
PRODUCTLOCALE="en-US"
STUDYLOCALE="en-US"/>


<USER  USERNAME="c131994"
USERTYPE="SPONSOR"
FIRSTNAME="Jane"
LASTNAME="Njoroge"
DISPLAYNAME="Jane Njoroge"
COUNTRY="UNITED STATES"
PHONE="1317-276-8638"
ALTPHONE="1"
FAX="1"
EMAIL="njoroge_jane_n@lilly.com"
ACTIVESTATE="true"
DELETESTATE="false"
UPDATE="true"
PASSWORD="iK98zX50B6zi56W1526"
BEEPER="1"
USERDATEFORMAT="DAY_MONTH_YEAR"
HOMESCREENURL="./Portal/default.htm"
USERMUSTRESETPASSWORD="TRUE"
PRODUCTLOCALE="en-US"
STUDYLOCALE="en-US"/>


<USER  USERNAME="C025980"
USERTYPE="SPONSOR"
FIRSTNAME="Tamara"
LASTNAME="Risner"
DISPLAYNAME="Tamara Risner"
COUNTRY="UNITED STATES"
PHONE="1317-433-9682"
ALTPHONE="1"
FAX="1"
EMAIL="risner_tamara_k@lilly.com"
ACTIVESTATE="true"
DELETESTATE="false"
UPDATE="true"
PASSWORD="zR92jP43d56Qv63I5117"
BEEPER="1"
USERDATEFORMAT="DAY_MONTH_YEAR"
HOMESCREENURL="./Portal/default.htm"
USERMUSTRESETPASSWORD="TRUE"
PRODUCTLOCALE="en-US"
STUDYLOCALE="en-US"/>


<USER  USERNAME="C075541"
USERTYPE="SPONSOR"
FIRSTNAME="Sara"
LASTNAME="Vandermark"
DISPLAYNAME="Sara Vandermark"
COUNTRY="UNITED STATES"
PHONE="1317-655-3465"
ALTPHONE="1"
FAX="1"
EMAIL="Vandermark_Sara@lilly.com"
ACTIVESTATE="true"
DELETESTATE="false"
UPDATE="true"
PASSWORD="D8ra58MsR7kS531179"
BEEPER="1"
USERDATEFORMAT="DAY_MONTH_YEAR"
HOMESCREENURL="./Portal/default.htm"
USERMUSTRESETPASSWORD="TRUE"
PRODUCTLOCALE="en-US"
STUDYLOCALE="en-US"/>


<USER  USERNAME="c200859"
USERTYPE="SPONSOR"
FIRSTNAME="Heather"
LASTNAME="Kerns"
DISPLAYNAME="Heather Kerns"
COUNTRY="UNITED STATES"
PHONE="1919-425-3600"
ALTPHONE="1"
FAX="1"
EMAIL="Heather.Kerns@quintiles.com"
ACTIVESTATE="true"
DELETESTATE="false"
UPDATE="true"
PASSWORD="G8dtZ6jX78C6d3809"
BEEPER="1"
USERDATEFORMAT="DAY_MONTH_YEAR"
HOMESCREENURL="./Portal/default.htm"
USERMUSTRESETPASSWORD="TRUE"
PRODUCTLOCALE="en-US"
STUDYLOCALE="en-US"/>


<USER  USERNAME="c200015"
USERTYPE="SPONSOR"
FIRSTNAME="Mary"
LASTNAME="Stroupe"
DISPLAYNAME="Mary Stroupe"
COUNTRY="UNITED STATES"
PHONE="1919-968-9716"
ALTPHONE="1"
FAX="1"
EMAIL="Mary.Stroupe@quintiles.com"
ACTIVESTATE="true"
DELETESTATE="false"
UPDATE="true"
PASSWORD="L5tfC7uZ5p0P8573"
BEEPER="1"
USERDATEFORMAT="DAY_MONTH_YEAR"
HOMESCREENURL="./Portal/default.htm"
USERMUSTRESETPASSWORD="TRUE"
PRODUCTLOCALE="en-US"
STUDYLOCALE="en-US"/>


<USER  USERNAME="c198899"
USERTYPE="SPONSOR"
FIRSTNAME="James"
LASTNAME="Oxendine"
DISPLAYNAME="James Oxendine"
COUNTRY="UNITED STATES"
PHONE="1919-998-1987"
ALTPHONE="1"
FAX="1"
EMAIL="James.Oxendine@quintiles.com"
ACTIVESTATE="true"
DELETESTATE="false"
UPDATE="true"
PASSWORD="rN6o8GcI3lR79176"
BEEPER="1"
USERDATEFORMAT="DAY_MONTH_YEAR"
HOMESCREENURL="./Portal/default.htm"
USERMUSTRESETPASSWORD="TRUE"
PRODUCTLOCALE="en-US"
STUDYLOCALE="en-US"/>


<USER  USERNAME="z3x0688"
USERTYPE="SPONSOR"
FIRSTNAME="Jacob"
LASTNAME="King"
DISPLAYNAME="Jacob King"
COUNTRY="UNITED STATES"
PHONE="1919-998-1860"
ALTPHONE="1"
FAX="1"
EMAIL="Jacob.King@quintiles.com"
ACTIVESTATE="true"
DELETESTATE="false"
UPDATE="true"
PASSWORD="zG1y9KV5eu3I4042"
BEEPER="1"
USERDATEFORMAT="DAY_MONTH_YEAR"
HOMESCREENURL="./Portal/default.htm"
USERMUSTRESETPASSWORD="TRUE"
PRODUCTLOCALE="en-US"
STUDYLOCALE="en-US"/>


<USER  USERNAME="c200314"
USERTYPE="SPONSOR"
FIRSTNAME="Beth"
LASTNAME="Belton"
DISPLAYNAME="Beth Belton"
COUNTRY="UNITED STATES"
PHONE="1919-768-9725"
ALTPHONE="1"
FAX="1"
EMAIL="Beth.Belton@quintiles.com"
ACTIVESTATE="true"
DELETESTATE="false"
UPDATE="true"
PASSWORD="wM19cW68vY5v1T6708"
BEEPER="1"
USERDATEFORMAT="DAY_MONTH_YEAR"
HOMESCREENURL="./Portal/default.htm"
USERMUSTRESETPASSWORD="TRUE"
PRODUCTLOCALE="en-US"
STUDYLOCALE="en-US"/>


<USER  USERNAME="z3x1758"
USERTYPE="SPONSOR"
FIRSTNAME="Keaton"
LASTNAME="Hanselman"
DISPLAYNAME="Keaton Hanselman"
COUNTRY="UNITED STATES"
PHONE="1919-998-2841"
ALTPHONE="1"
FAX="1"
EMAIL="Keaton.Hanselman@quintiles.com"
ACTIVESTATE="true"
DELETESTATE="false"
UPDATE="true"
PASSWORD="wJ94kD83C9vyP458757"
BEEPER="1"
USERDATEFORMAT="DAY_MONTH_YEAR"
HOMESCREENURL="./Portal/default.htm"
USERMUSTRESETPASSWORD="TRUE"
PRODUCTLOCALE="en-US"
STUDYLOCALE="en-US"/>


<USER  USERNAME="z1x4350"
USERTYPE="SPONSOR"
FIRSTNAME="Lisa"
LASTNAME="Keeley"
DISPLAYNAME="Lisa Keeley"
COUNTRY="UNITED STATES"
PHONE="1910-319-0319"
ALTPHONE="1"
FAX="1"
EMAIL="Lisa.Keeley@quintiles.com"
ACTIVESTATE="true"
DELETESTATE="false"
UPDATE="true"
PASSWORD="bP62wY5wY92dM496645"
BEEPER="1"
USERDATEFORMAT="DAY_MONTH_YEAR"
HOMESCREENURL="./Portal/default.htm"
USERMUSTRESETPASSWORD="TRUE"
PRODUCTLOCALE="en-US"
STUDYLOCALE="en-US"/>


<USER  USERNAME="z2x4979"
USERTYPE="SPONSOR"
FIRSTNAME="Kristine"
LASTNAME="Mayberry"
DISPLAYNAME="Kristine Mayberry"
COUNTRY="UNITED STATES"
PHONE="1919-998-7373"
ALTPHONE="1"
FAX="1"
EMAIL="Kristine.Mayberry@quintiles.com"
ACTIVESTATE="true"
DELETESTATE="false"
UPDATE="true"
PASSWORD="f62KnD1j19JvE81203"
BEEPER="1"
USERDATEFORMAT="DAY_MONTH_YEAR"
HOMESCREENURL="./Portal/default.htm"
USERMUSTRESETPASSWORD="TRUE"
PRODUCTLOCALE="en-US"
STUDYLOCALE="en-US"/>


<USER  USERNAME="z1x0368"
USERTYPE="SPONSOR"
FIRSTNAME="Tim"
LASTNAME="Brewer"
DISPLAYNAME="Tim Brewer"
COUNTRY="UNITED STATES"
PHONE="1253-759-2161"
ALTPHONE="1"
FAX="1"
EMAIL="Tim.Brewer@quintiles.com"
ACTIVESTATE="true"
DELETESTATE="false"
UPDATE="true"
PASSWORD="oJ84aG26u3Ab53L5967"
BEEPER="1"
USERDATEFORMAT="DAY_MONTH_YEAR"
HOMESCREENURL="./Portal/default.htm"
USERMUSTRESETPASSWORD="TRUE"
PRODUCTLOCALE="en-US"
STUDYLOCALE="en-US"/>


<USER  USERNAME="z1x1896"
USERTYPE="SPONSOR"
FIRSTNAME="Erica"
LASTNAME="Kubea"
DISPLAYNAME="Erica Kubea"
COUNTRY="UNITED STATES"
PHONE="1765-292-2476"
ALTPHONE="1"
FAX="1"
EMAIL="Erica.Kubea@quintiles.com"
ACTIVESTATE="true"
DELETESTATE="false"
UPDATE="true"
PASSWORD="hO51sB9cK4xK53855"
BEEPER="1"
USERDATEFORMAT="DAY_MONTH_YEAR"
HOMESCREENURL="./Portal/default.htm"
USERMUSTRESETPASSWORD="TRUE"
PRODUCTLOCALE="en-US"
STUDYLOCALE="en-US"/>


<USER  USERNAME="z1x1691"
USERTYPE="SPONSOR"
FIRSTNAME="Ana"
LASTNAME="Santos"
DISPLAYNAME="Ana Santos"
COUNTRY="UNITED STATES"
PHONE="1407-688-8324"
ALTPHONE="1"
FAX="1"
EMAIL="Ana.Santos@quintiles.com"
ACTIVESTATE="true"
DELETESTATE="false"
UPDATE="true"
PASSWORD="m5WxC4v9Hu89V1127"
BEEPER="1"
USERDATEFORMAT="DAY_MONTH_YEAR"
HOMESCREENURL="./Portal/default.htm"
USERMUSTRESETPASSWORD="TRUE"
PRODUCTLOCALE="en-US"
STUDYLOCALE="en-US"/>


<USER  USERNAME="RM37531"
USERTYPE="SPONSOR"
FIRSTNAME="Clement"
LASTNAME="Ojeh"
DISPLAYNAME="Clement Ojeh"
COUNTRY="UNITED STATES"
PHONE="1317-376-4812"
ALTPHONE="1"
FAX="1"
EMAIL="ojeh_clement@lilly.com"
ACTIVESTATE="true"
DELETESTATE="false"
UPDATE="true"
PASSWORD="zF70q2BjH2w8L7168"
BEEPER="1"
USERDATEFORMAT="DAY_MONTH_YEAR"
HOMESCREENURL="./Portal/default.htm"
USERMUSTRESETPASSWORD="TRUE"
PRODUCTLOCALE="en-US"
STUDYLOCALE="en-US"/>


<USER  USERNAME="gsinger"
USERTYPE="SITE"
FIRSTNAME="Giselle"
LASTNAME="Singer"
DISPLAYNAME="Giselle Singer"
COUNTRY="UNITED STATES"
PHONE="1212-241-3288"
ALTPHONE="1"
FAX="1"
EMAIL="giselle.singer@mssm.edu"
ACTIVESTATE="true"
DELETESTATE="false"
UPDATE="true"
PASSWORD="tT5pY50wU4nN572988"
BEEPER="1"
USERDATEFORMAT="DAY_MONTH_YEAR"
HOMESCREENURL="./Portal/default.htm"
USERMUSTRESETPASSWORD="TRUE"
PRODUCTLOCALE="en-US"
STUDYLOCALE="en-US"/>


<USER  USERNAME="i1fusrhbo_RE"
USERTYPE="SPONSOR"
FIRSTNAME="Report"
LASTNAME="Extractor"
DISPLAYNAME="RE"
COUNTRY="UNITED STATES"
PHONE="11"
ALTPHONE="1"
FAX="1"
EMAIL="satish.bantanahal@oracle.com"
ACTIVESTATE="true"
DELETESTATE="false"
UPDATE="true"
PASSWORD="sI2uC35nM7qY72148"
BEEPER="1"
USERDATEFORMAT="DAY_MONTH_YEAR"
HOMESCREENURL="./Portal/default.htm"
USERMUSTRESETPASSWORD="TRUE"
PRODUCTLOCALE="en-US"
STUDYLOCALE="en-US"/>


<USER  USERNAME="z1x2964"
USERTYPE="SPONSOR"
FIRSTNAME="Jennifer"
LASTNAME="Riddle"
DISPLAYNAME="Jennifer Riddle"
COUNTRY="UNITED STATES"
PHONE="1317-273-9453"
ALTPHONE="1"
FAX="1"
EMAIL="jennifer.riddle@inventivhealth.com"
ACTIVESTATE="true"
DELETESTATE="false"
UPDATE="true"
PASSWORD="wM47z76BM1pz2Y9034"
BEEPER="1"
USERDATEFORMAT="DAY_MONTH_YEAR"
HOMESCREENURL="./Portal/default.htm"
USERMUSTRESETPASSWORD="TRUE"
PRODUCTLOCALE="en-US"
STUDYLOCALE="en-US"/>


<USER  USERNAME="c042267"
USERTYPE="SPONSOR"
FIRSTNAME="Brittany"
LASTNAME="Meibeyer"
DISPLAYNAME="Brittany Meibeyer"
COUNTRY="UNITED STATES"
PHONE="1317-655-8983"
ALTPHONE="1"
FAX="1"
EMAIL="meibeyer_brittany_lora@lilly.com"
ACTIVESTATE="true"
DELETESTATE="false"
UPDATE="true"
PASSWORD="l4Xx9IxL8l98V282"
BEEPER="1"
USERDATEFORMAT="DAY_MONTH_YEAR"
HOMESCREENURL="./Portal/default.htm"
USERMUSTRESETPASSWORD="TRUE"
PRODUCTLOCALE="en-US"
STUDYLOCALE="en-US"/>


<USER  USERNAME="z1x1803"
USERTYPE="SPONSOR"
FIRSTNAME="Jeremy"
LASTNAME="Cordova"
DISPLAYNAME="Jeremy Cordova"
COUNTRY="UNITED STATES"
PHONE="1203-426-6361"
ALTPHONE="1"
FAX="1"
EMAIL="jeremy.cordova@quintiles.com"
ACTIVESTATE="true"
DELETESTATE="false"
UPDATE="true"
PASSWORD="I8qjZ87y8NfJ655935"
BEEPER="1"
USERDATEFORMAT="DAY_MONTH_YEAR"
HOMESCREENURL="./Portal/default.htm"
USERMUSTRESETPASSWORD="TRUE"
PRODUCTLOCALE="en-US"
STUDYLOCALE="en-US"/>


<USER  USERNAME="A608261"
USERTYPE="SPONSOR"
FIRSTNAME="Penny"
LASTNAME="Altman"
DISPLAYNAME="Penny Altman"
COUNTRY="UNITED STATES"
PHONE="1317-651-1479"
ALTPHONE="1"
FAX="1"
EMAIL="altman_penny_s@lilly.com"
ACTIVESTATE="true"
DELETESTATE="false"
UPDATE="true"
PASSWORD="cK5h1VjI68fV164096"
BEEPER="1"
USERDATEFORMAT="DAY_MONTH_YEAR"
HOMESCREENURL="./Portal/default.htm"
USERMUSTRESETPASSWORD="TRUE"
PRODUCTLOCALE="en-US"
STUDYLOCALE="en-US"/>


<USER  USERNAME="U7X2510"
USERTYPE="SPONSOR"
FIRSTNAME="Blaine"
LASTNAME="Farley"
DISPLAYNAME="Blaine Farley"
COUNTRY="UNITED STATES"
PHONE="1317-627-6284"
ALTPHONE="1"
FAX="1"
EMAIL="farley_blaine@network.lilly.com"
ACTIVESTATE="true"
DELETESTATE="false"
UPDATE="true"
PASSWORD="uN10v37HqY1yV29133"
BEEPER="1"
USERDATEFORMAT="DAY_MONTH_YEAR"
HOMESCREENURL="./Portal/default.htm"
USERMUSTRESETPASSWORD="TRUE"
PRODUCTLOCALE="en-US"
STUDYLOCALE="en-US"/>


<USER  USERNAME="c149470"
USERTYPE="SPONSOR"
FIRSTNAME="Flavio"
LASTNAME="Martins"
DISPLAYNAME="Flavio Martins"
COUNTRY="UNITED STATES"
PHONE="155-11-2144-6123"
ALTPHONE="1"
FAX="1"
EMAIL="junior_flavio_eduardo_martins@lilly.com"
ACTIVESTATE="true"
DELETESTATE="false"
UPDATE="true"
PASSWORD="y61ZjD80zQ90w8Z417"
BEEPER="1"
USERDATEFORMAT="DAY_MONTH_YEAR"
HOMESCREENURL="./Portal/default.htm"
USERMUSTRESETPASSWORD="TRUE"
PRODUCTLOCALE="en-US"
STUDYLOCALE="en-US"/>


<USER  USERNAME="RM36132"
USERTYPE="SPONSOR"
FIRSTNAME="Jan"
LASTNAME="Myers"
DISPLAYNAME="Jan Myers"
COUNTRY="UNITED STATES"
PHONE="1317-277-6603"
ALTPHONE="1"
FAX="1"
EMAIL="myers_jan_e@lilly.com"
ACTIVESTATE="true"
DELETESTATE="false"
UPDATE="true"
PASSWORD="gT57oM31tF4aU15454"
BEEPER="1"
USERDATEFORMAT="DAY_MONTH_YEAR"
HOMESCREENURL="./Portal/default.htm"
USERMUSTRESETPASSWORD="TRUE"
PRODUCTLOCALE="en-US"
STUDYLOCALE="en-US"/>


<USER  USERNAME="A511471"
USERTYPE="SPONSOR"
FIRSTNAME="Janet"
LASTNAME="Roepke"
DISPLAYNAME="Janet Roepke"
COUNTRY="UNITED STATES"
PHONE="1317-276-5883"
ALTPHONE="1"
FAX="1"
EMAIL="roepke_janet_elizabeth@lilly.com"
ACTIVESTATE="true"
DELETESTATE="false"
UPDATE="true"
PASSWORD="Z7le23DhX6lI17205"
BEEPER="1"
USERDATEFORMAT="DAY_MONTH_YEAR"
HOMESCREENURL="./Portal/default.htm"
USERMUSTRESETPASSWORD="TRUE"
PRODUCTLOCALE="en-US"
STUDYLOCALE="en-US"/>


<USER  USERNAME="RM80655"
USERTYPE="SPONSOR"
FIRSTNAME="Michael"
LASTNAME="Zeckel"
DISPLAYNAME="Michael Zeckel"
COUNTRY="UNITED STATES"
PHONE="1317-651-5798"
ALTPHONE="1"
FAX="1"
EMAIL="mlzeckel@lilly.com"
ACTIVESTATE="true"
DELETESTATE="false"
UPDATE="true"
PASSWORD="j69Iv33Zc1Vw3T7464"
BEEPER="1"
USERDATEFORMAT="DAY_MONTH_YEAR"
HOMESCREENURL="./Portal/default.htm"
USERMUSTRESETPASSWORD="TRUE"
PRODUCTLOCALE="en-US"
STUDYLOCALE="en-US"/>


<USER  USERNAME="ZPFapervaiz"
USERTYPE="SPONSOR"
FIRSTNAME="Afnan"
LASTNAME="Pervaiz"
DISPLAYNAME="Afnan Pervaiz"
DESCRIPTION="Support Tier I"
COUNTRY="UNITED KINGDOM"
PHONE="4410 44 1628 640 700"
ALTPHONE="44"
FAX="44"
EMAIL="afnan.pervaiz@oracle.com"
ACTIVESTATE="true"
DELETESTATE="false"
UPDATE="true"
PASSWORD="uF37aB22D5ajH0941"
BEEPER="44"
USERDATEFORMAT="DAY_MONTH_YEAR"
HOMESCREENURL="./Portal/default.htm"
USERMUSTRESETPASSWORD="TRUE"
PRODUCTLOCALE="en-US"
STUDYLOCALE="en-US"/>


<USER  USERNAME="ZPFepenzes"
USERTYPE="SPONSOR"
FIRSTNAME="Eszter"
LASTNAME="Penzes"
DISPLAYNAME="Eszter Penzes"
DESCRIPTION="Lilly Support"
COUNTRY="HUNGARY"
PHONE="36"
ALTPHONE="36"
FAX="36"
EMAIL="ESZTER.PENZES@ORACLE.COM"
ACTIVESTATE="true"
DELETESTATE="false"
UPDATE="true"
PASSWORD="Z8vF3gD3dj0Z3620"
BEEPER="36"
USERDATEFORMAT="DAY_MONTH_YEAR"
HOMESCREENURL="./Portal/default.htm"
USERMUSTRESETPASSWORD="TRUE"
PRODUCTLOCALE="en-US"
STUDYLOCALE="en-US"/>


<USER  USERNAME="ZPFkkovacs"
USERTYPE="SPONSOR"
FIRSTNAME="Klara"
LASTNAME="Kovacs"
DISPLAYNAME="Klara Kovacs"
DESCRIPTION="Support Tier I"
COUNTRY="HUNGARY"
PHONE="36"
ALTPHONE="36"
FAX="36"
EMAIL="KLARA.KOVACS@ORACLE.COM"
ACTIVESTATE="true"
DELETESTATE="false"
UPDATE="true"
PASSWORD="Z8vF3gD3dj0Z3620"
BEEPER="36"
USERDATEFORMAT="DAY_MONTH_YEAR"
HOMESCREENURL="./Portal/default.htm"
USERMUSTRESETPASSWORD="TRUE"
PRODUCTLOCALE="en-US"
STUDYLOCALE="en-US"/>


<USER  USERNAME="ZPFckalinyak"
USERTYPE="SPONSOR"
FIRSTNAME="Csilla"
LASTNAME="Kalinyak"
DISPLAYNAME="Csilla Kalinyak"
DESCRIPTION="Support Tier I"
COUNTRY="HUNGARY"
PHONE="36"
ALTPHONE="36"
FAX="36"
EMAIL="CSILLA.KALINYAK@ORACLE.COM"
ACTIVESTATE="true"
DELETESTATE="false"
UPDATE="true"
PASSWORD="Z8vF3gD3dj0Z3620"
BEEPER="36"
USERDATEFORMAT="DAY_MONTH_YEAR"
HOMESCREENURL="./Portal/default.htm"
USERMUSTRESETPASSWORD="TRUE"
PRODUCTLOCALE="en-US"
STUDYLOCALE="en-US"/>


<USER  USERNAME="ZPFoely"
USERTYPE="SPONSOR"
FIRSTNAME="Osweld"
LASTNAME="Ely"
DISPLAYNAME="Osweld Ely"
DESCRIPTION="Support Tier I"
COUNTRY="PHILIPPINES"
PHONE="63"
ALTPHONE="63"
FAX="63"
EMAIL="osweld.ely@oracle.com"
ACTIVESTATE="true"
DELETESTATE="false"
UPDATE="true"
PASSWORD="Z8vF3gD3dj0Z3620"
BEEPER="63"
USERDATEFORMAT="DAY_MONTH_YEAR"
HOMESCREENURL="./Portal/default.htm"
USERMUSTRESETPASSWORD="TRUE"
PRODUCTLOCALE="en-US"
STUDYLOCALE="en-US"/>


<USER  USERNAME="ZPFjktan"
USERTYPE="SPONSOR"
FIRSTNAME="Jamelee Karen"
LASTNAME="Tan"
DISPLAYNAME="Jamelee Karen Tan"
DESCRIPTION="Support Tier I"
COUNTRY="PHILIPPINES"
PHONE="63"
ALTPHONE="63"
FAX="63"
EMAIL="JAMELEE.KAREN.TAN@ORACLE.COM"
ACTIVESTATE="true"
DELETESTATE="false"
UPDATE="true"
PASSWORD="Z8vF3gD3dj0Z3620"
BEEPER="63"
USERDATEFORMAT="DAY_MONTH_YEAR"
HOMESCREENURL="./Portal/default.htm"
USERMUSTRESETPASSWORD="TRUE"
PRODUCTLOCALE="en-US"
STUDYLOCALE="en-US"/>


<USER  USERNAME="ZPFkbarkoczi"
USERTYPE="SPONSOR"
FIRSTNAME="Katalin"
LASTNAME="Barkoczi"
DISPLAYNAME="Katalin Barkoczi"
DESCRIPTION="Lilly Support"
COUNTRY="HUNGARY"
PHONE="36"
ALTPHONE="36"
FAX="36"
EMAIL="katalin.barkoczi@oracle.com"
ACTIVESTATE="true"
DELETESTATE="false"
UPDATE="true"
PASSWORD="oO0mC85mN6W8a6335"
BEEPER="36"
USERDATEFORMAT="DAY_MONTH_YEAR"
HOMESCREENURL="./Portal/default.htm"
USERMUSTRESETPASSWORD="TRUE"
PRODUCTLOCALE="en-US"
STUDYLOCALE="en-US"/>


<USER  USERNAME="ZPFrcauad"
USERTYPE="SPONSOR"
FIRSTNAME="Ronald"
LASTNAME="Cauad"
DISPLAYNAME="Ronald Cauad"
DESCRIPTION="Support Tier I"
COUNTRY="PHILIPPINES"
PHONE="63"
ALTPHONE="63"
FAX="63"
EMAIL="RONALD.CAUAD@ORACLE.COM"
ACTIVESTATE="true"
DELETESTATE="false"
UPDATE="true"
PASSWORD="gC8h4IoL9cH73312"
BEEPER="63"
USERDATEFORMAT="DAY_MONTH_YEAR"
HOMESCREENURL="./Portal/default.htm"
USERMUSTRESETPASSWORD="TRUE"
PRODUCTLOCALE="en-US"
STUDYLOCALE="en-US"/>


<USER  USERNAME="ZPFryu"
USERTYPE="SPONSOR"
FIRSTNAME="Reny"
LASTNAME="Yu"
DISPLAYNAME="Reny Yu"
DESCRIPTION="Support Tier I"
COUNTRY="PHILIPPINES"
PHONE="63"
ALTPHONE="63"
FAX="63"
EMAIL="RENY.YU@ORACLE.COM"
ACTIVESTATE="true"
DELETESTATE="false"
UPDATE="true"
PASSWORD="gC8h4IoL9cH73312"
BEEPER="63"
USERDATEFORMAT="DAY_MONTH_YEAR"
HOMESCREENURL="./Portal/default.htm"
USERMUSTRESETPASSWORD="TRUE"
PRODUCTLOCALE="en-US"
STUDYLOCALE="en-US"/>


<USER  USERNAME="ZPFpvallar"
USERTYPE="SPONSOR"
FIRSTNAME="Paulnino"
LASTNAME="Vallar"
DISPLAYNAME="Paulnino Vallar"
DESCRIPTION="Support Tier I"
COUNTRY="PHILIPPINES"
PHONE="63"
ALTPHONE="63"
FAX="63"
EMAIL="paulnino.vallar@ORACLE.COM"
ACTIVESTATE="true"
DELETESTATE="false"
UPDATE="true"
PASSWORD="oO0mC85mN6W8a6335"
BEEPER="63"
USERDATEFORMAT="DAY_MONTH_YEAR"
HOMESCREENURL="./Portal/default.htm"
USERMUSTRESETPASSWORD="TRUE"
PRODUCTLOCALE="en-US"
STUDYLOCALE="en-US"/>


<USER  USERNAME="ZPFzleczo"
USERTYPE="SPONSOR"
FIRSTNAME="Zsanett"
LASTNAME="Leczo"
DISPLAYNAME="Zsanett Leczo"
DESCRIPTION="Support Tier I"
COUNTRY="HUNGARY"
PHONE="36"
ALTPHONE="36"
FAX="36"
EMAIL="zsanett.leczo@oracle.com"
ACTIVESTATE="true"
DELETESTATE="false"
UPDATE="true"
PASSWORD="J3ur96KR4laM46643"
BEEPER="36"
USERDATEFORMAT="DAY_MONTH_YEAR"
HOMESCREENURL="./Portal/default.htm"
USERMUSTRESETPASSWORD="TRUE"
PRODUCTLOCALE="en-US"
STUDYLOCALE="en-US"/>


<USER  USERNAME="ZPFobodnar"
USERTYPE="SPONSOR"
FIRSTNAME="Oksana"
LASTNAME="Bodnar"
DISPLAYNAME="Oksana Bodnar"
DESCRIPTION="Support Tier I"
COUNTRY="HUNGARY"
PHONE="36"
ALTPHONE="36"
FAX="36"
EMAIL="oksana.bodnar@oracle.com"
ACTIVESTATE="true"
DELETESTATE="false"
UPDATE="true"
PASSWORD="J3ur96KR4laM46643"
BEEPER="36"
USERDATEFORMAT="DAY_MONTH_YEAR"
HOMESCREENURL="./Portal/default.htm"
USERMUSTRESETPASSWORD="TRUE"
PRODUCTLOCALE="en-US"
STUDYLOCALE="en-US"/>


<USER  USERNAME="ZPFedervishaj"
USERTYPE="SPONSOR"
FIRSTNAME="Erald"
LASTNAME="Dervishaj"
DISPLAYNAME="Erald Dervishaj"
DESCRIPTION="Support Tier I"
COUNTRY="HUNGARY"
PHONE="36"
ALTPHONE="36"
FAX="36"
EMAIL="erald.dervishaj@oracle.com"
ACTIVESTATE="true"
DELETESTATE="false"
UPDATE="true"
PASSWORD="J3ur96KR4laM46643"
BEEPER="36"
USERDATEFORMAT="DAY_MONTH_YEAR"
HOMESCREENURL="./Portal/default.htm"
USERMUSTRESETPASSWORD="TRUE"
PRODUCTLOCALE="en-US"
STUDYLOCALE="en-US"/>


<USER  USERNAME="ZPFsgazso"
USERTYPE="SPONSOR"
FIRSTNAME="Szidonia"
LASTNAME="Gazso"
DISPLAYNAME="Szidonia Gazso"
DESCRIPTION="Support Tier I"
COUNTRY="HUNGARY"
PHONE="36"
ALTPHONE="36"
FAX="36"
EMAIL="szidonia.gazso@oracle.com"
ACTIVESTATE="true"
DELETESTATE="false"
UPDATE="true"
PASSWORD="B5bI2wP2op67J3929"
BEEPER="36"
USERDATEFORMAT="DAY_MONTH_YEAR"
HOMESCREENURL="./Portal/default.htm"
USERMUSTRESETPASSWORD="TRUE"
PRODUCTLOCALE="en-US"
STUDYLOCALE="en-US"/>


<USER  USERNAME="ZPFaotsuka"
USERTYPE="SPONSOR"
FIRSTNAME="Akiyo"
LASTNAME="Otsuka"
DISPLAYNAME="Akiyo Otsuka"
DESCRIPTION="Support Tier I Japan"
ADDRESS="Oracle Aoyama Center2-5-8,Kita Aoyama, Minato-ku Tokyo 107 0061 Japan"
STATE="Tokyo"
POSTCODE="107 0061"
COUNTRY="JAPAN"
PHONE="81"
ALTPHONE="81"
FAX="81"
EMAIL="akiyo.otsuka@oracle.com"
ACTIVESTATE="true"
DELETESTATE="false"
UPDATE="true"
PASSWORD="kS19f4PQ4oA8w7817"
BEEPER="81"
USERDATEFORMAT="DAY_MONTH_YEAR"
HOMESCREENURL="./Portal/default.htm"
USERMUSTRESETPASSWORD="TRUE"
PRODUCTLOCALE="en-US"
STUDYLOCALE="en-US"/>


<USER  USERNAME="ZPFhsekine"
USERTYPE="SPONSOR"
FIRSTNAME="Haruka"
LASTNAME="Sekine"
DISPLAYNAME="Haruka Sekine"
DESCRIPTION="Support Tier I Japan"
ADDRESS="Oracle Aoyama Center2-5-8,Kita Aoyama, Minato-ku Tokyo 107 0061 Japan"
ADDRESS2="107 0061"
COUNTRY="JAPAN"
PHONE="81"
EMAIL="haruka.sekine@oracle.com"
ACTIVESTATE="true"
DELETESTATE="false"
UPDATE="true"
PASSWORD="p4SZ3iB3zh48Y8126"
USERDATEFORMAT="DAY_MONTH_YEAR"
HOMESCREENURL="./Portal/default.htm"
USERMUSTRESETPASSWORD="TRUE"
PRODUCTLOCALE="en-US"
STUDYLOCALE="en-US"/>


<USER  USERNAME="ZPFkcsobalyka"
USERTYPE="SPONSOR"
FIRSTNAME="Krisztian"
LASTNAME="Csobalyka"
DISPLAYNAME="Krisztian Csobalyka"
DESCRIPTION="Support Tier I"
TITLE="Mr."
COUNTRY="HUNGARY"
PHONE="36704275924"
ALTPHONE="36"
FAX="36"
EMAIL="krisztian.csobalyka@oracle.com"
ACTIVESTATE="true"
DELETESTATE="false"
UPDATE="true"
PASSWORD="p4SZ3iB3zh48Y8126"
BEEPER="36"
USERDATEFORMAT="DAY_MONTH_YEAR"
HOMESCREENURL="./Portal/default.htm"
USERMUSTRESETPASSWORD="TRUE"
PRODUCTLOCALE="en-US"
STUDYLOCALE="en-US"/>


<USER  USERNAME="ZPFrducusin"
USERTYPE="SPONSOR"
FIRSTNAME="Rodulf"
LASTNAME="Ducusin"
DISPLAYNAME="Rodulf Ducusin"
DESCRIPTION="Support Tier I"
COUNTRY="PHILIPPINES"
PHONE="63"
ALTPHONE="63"
FAX="63"
EMAIL="RODULF.DUCUSIN@ORACLE.COM"
ACTIVESTATE="true"
DELETESTATE="false"
UPDATE="true"
PASSWORD="jX4E2pj7JoC76027"
BEEPER="63"
USERDATEFORMAT="DAY_MONTH_YEAR"
HOMESCREENURL="./Portal/default.htm"
USERMUSTRESETPASSWORD="TRUE"
PRODUCTLOCALE="en-US"
STUDYLOCALE="en-US"/>


<USER  USERNAME="ZPFskholti"
USERTYPE="SPONSOR"
FIRSTNAME="Szilvia"
LASTNAME="Kholti"
DISPLAYNAME="Szilvia Kholti"
DESCRIPTION="Support Tier I"
COUNTRY="HUNGARY"
PHONE="361111"
ALTPHONE="36"
FAX="36"
EMAIL="szilvia.kholti@oracle.com"
ACTIVESTATE="true"
DELETESTATE="false"
UPDATE="true"
PASSWORD="gC8h4IoL9cH73312"
BEEPER="36"
USERDATEFORMAT="DAY_MONTH_YEAR"
HOMESCREENURL="./Portal/default.htm"
USERMUSTRESETPASSWORD="TRUE"
PRODUCTLOCALE="en-US"
STUDYLOCALE="en-US"/>


<USER  USERNAME="ZPFsaguilar"
USERTYPE="SPONSOR"
FIRSTNAME="Sergio"
LASTNAME="Aguilar"
DISPLAYNAME="Sergio Aguilar"
DESCRIPTION="Support Tier I"
TITLE="Mr."
COUNTRY="HUNGARY"
PHONE="36"
ALTPHONE="36"
FAX="36"
EMAIL="sergio.aguilar.aguilar@oracle.com"
ACTIVESTATE="true"
DELETESTATE="false"
UPDATE="true"
PASSWORD="gC8h4IoL9cH73312"
BEEPER="36"
USERDATEFORMAT="DAY_MONTH_YEAR"
HOMESCREENURL="./Portal/default.htm"
USERMUSTRESETPASSWORD="TRUE"
PRODUCTLOCALE="en-US"
STUDYLOCALE="en-US"/>


<USER  USERNAME="ZPFaolah"
USERTYPE="SPONSOR"
FIRSTNAME="Amanda"
LASTNAME="Olah"
DISPLAYNAME="Amanda Olah"
DESCRIPTION="Support Tier I"
COUNTRY="HUNGARY"
PHONE="36"
ALTPHONE="36"
FAX="36"
EMAIL="amanda.olah@oracle.com"
ACTIVESTATE="true"
DELETESTATE="false"
UPDATE="true"
PASSWORD="jX4E2pj7JoC76027"
BEEPER="36"
USERDATEFORMAT="DAY_MONTH_YEAR"
HOMESCREENURL="./Portal/default.htm"
USERMUSTRESETPASSWORD="TRUE"
PRODUCTLOCALE="en-US"
STUDYLOCALE="en-US"/>


<USER  USERNAME="ZPFdnagy"
USERTYPE="SPONSOR"
FIRSTNAME="Daniel"
LASTNAME="Nagy"
DISPLAYNAME="Daniel Nagy"
DESCRIPTION="Support Tier I"
COUNTRY="HUNGARY"
PHONE="36"
ALTPHONE="36"
FAX="36"
EMAIL="daniel.nagy@oracle.com"
ACTIVESTATE="true"
DELETESTATE="false"
UPDATE="true"
PASSWORD="p4SZ3iB3zh48Y8126"
BEEPER="36"
USERDATEFORMAT="DAY_MONTH_YEAR"
HOMESCREENURL="./Portal/default.htm"
USERMUSTRESETPASSWORD="TRUE"
PRODUCTLOCALE="en-US"
STUDYLOCALE="en-US"/>


<USER  USERNAME="ZPFlstoica"
USERTYPE="SPONSOR"
FIRSTNAME="Loredana"
LASTNAME="Stoica"
DISPLAYNAME="Loredana Stoica"
DESCRIPTION="Lilly Support"
COUNTRY="HUNGARY"
PHONE="36"
ALTPHONE="36"
FAX="36"
EMAIL="Loredana.Stoica@oracle.com"
ACTIVESTATE="true"
DELETESTATE="false"
UPDATE="true"
PASSWORD="p4SZ3iB3zh48Y8126"
BEEPER="36"
USERDATEFORMAT="DAY_MONTH_YEAR"
HOMESCREENURL="./Portal/default.htm"
USERMUSTRESETPASSWORD="TRUE"
PRODUCTLOCALE="en-US"
STUDYLOCALE="en-US"/>


<USER  USERNAME="ZPFnqi"
USERTYPE="SPONSOR"
FIRSTNAME="Nic"
LASTNAME="Qi"
DISPLAYNAME="Nic Qi"
DESCRIPTION="Support Tier I"
COUNTRY="UNITED KINGDOM"
PHONE="44"
ALTPHONE="44"
FAX="44"
EMAIL="xiaoyu.qi@oracle.com"
ACTIVESTATE="true"
DELETESTATE="false"
UPDATE="true"
PASSWORD="uF37aB22D5ajH0941"
BEEPER="44"
USERDATEFORMAT="DAY_MONTH_YEAR"
HOMESCREENURL="./Portal/default.htm"
USERMUSTRESETPASSWORD="TRUE"
PRODUCTLOCALE="en-US"
STUDYLOCALE="en-US"/>


<USER  USERNAME="ZPFcmercado"
USERTYPE="SPONSOR"
FIRSTNAME="Christopher"
LASTNAME="Mercado"
DISPLAYNAME="Christopher Mercado"
DESCRIPTION="Data Entry"
COUNTRY="PHILIPPINES"
PHONE="63"
ALTPHONE="63"
FAX="63"
EMAIL="Christopher.Mercado@oracle.com"
ACTIVESTATE="true"
DELETESTATE="false"
UPDATE="true"
PASSWORD="zS0i2Ge9Xu9Q8742"
BEEPER="63"
USERDATEFORMAT="DAY_MONTH_YEAR"
HOMESCREENURL="./Portal/default.htm"
USERMUSTRESETPASSWORD="TRUE"
PRODUCTLOCALE="en-US"
STUDYLOCALE="en-US"/>


<USER  USERNAME="ZPFijohl"
USERTYPE="SPONSOR"
FIRSTNAME="Ikinder"
LASTNAME="Johl"
DISPLAYNAME="Ikinder Johl"
DESCRIPTION="Support Tier I"
COUNTRY="UNITED KINGDOM"
PHONE="44"
ALTPHONE="44"
FAX="44"
EMAIL="ikinder.johl.singh@oracle.com"
ACTIVESTATE="true"
DELETESTATE="false"
UPDATE="true"
PASSWORD="zS0i2Ge9Xu9Q8742"
BEEPER="44"
USERDATEFORMAT="DAY_MONTH_YEAR"
HOMESCREENURL="./Portal/default.htm"
USERMUSTRESETPASSWORD="TRUE"
PRODUCTLOCALE="en-US"
STUDYLOCALE="en-US"/>


<USER  USERNAME="ZPFtcabanes"
USERTYPE="SPONSOR"
FIRSTNAME="Teresa"
LASTNAME="Cabanes"
DISPLAYNAME="Teresa Cabanes"
DESCRIPTION="Lilly Data Entry"
COUNTRY="PHILIPPINES"
PHONE="63"
ALTPHONE="63"
FAX="63"
EMAIL="teresa.cabanes@oracle.com"
ACTIVESTATE="true"
DELETESTATE="false"
UPDATE="true"
PASSWORD="eG77B4nt9EuJ355719"
BEEPER="63"
USERDATEFORMAT="DAY_MONTH_YEAR"
HOMESCREENURL="./Portal/default.htm"
USERMUSTRESETPASSWORD="TRUE"
PRODUCTLOCALE="en-US"
STUDYLOCALE="en-US"/>


<USER  USERNAME="ZPFnvergara"
USERTYPE="SPONSOR"
FIRSTNAME="Neil"
LASTNAME="Vergara"
DISPLAYNAME="Neil Vergara"
DESCRIPTION="Lilly Data Entry"
COUNTRY="PHILIPPINES"
PHONE="63"
ALTPHONE="63"
FAX="63"
EMAIL="neil.vergara@oracle.com"
ACTIVESTATE="true"
DELETESTATE="false"
UPDATE="true"
PASSWORD="zS0i2Ge9Xu9Q8742"
BEEPER="63"
USERDATEFORMAT="DAY_MONTH_YEAR"
HOMESCREENURL="./Portal/default.htm"
USERMUSTRESETPASSWORD="TRUE"
PRODUCTLOCALE="en-US"
STUDYLOCALE="en-US"/>


<USER  USERNAME="ZPFvsoni"
USERTYPE="SPONSOR"
FIRSTNAME="Varun"
LASTNAME="Soni"
DISPLAYNAME="Varun Soni"
DESCRIPTION="Support Tier I"
COUNTRY="UNITED KINGDOM"
PHONE="44"
ALTPHONE="44"
FAX="44"
EMAIL="varun.x.soni@oracle.com"
ACTIVESTATE="true"
DELETESTATE="false"
UPDATE="true"
PASSWORD="eG77B4nt9EuJ355719"
BEEPER="44"
USERDATEFORMAT="DAY_MONTH_YEAR"
HOMESCREENURL="./Portal/default.htm"
USERMUSTRESETPASSWORD="TRUE"
PRODUCTLOCALE="en-US"
STUDYLOCALE="en-US"/>


<USER  USERNAME="ZPFdweakley"
USERTYPE="SPONSOR"
FIRSTNAME="Daniel"
LASTNAME="Weakley"
DISPLAYNAME="Daniel Weakley"
DESCRIPTION="Service Delivery Manager"
COUNTRY="UNITED KINGDOM"
PHONE="44"
ALTPHONE="44"
FAX="44"
EMAIL="daniel.weakley@oracle.com"
ACTIVESTATE="true"
DELETESTATE="false"
UPDATE="true"
PASSWORD="eG77B4nt9EuJ355719"
BEEPER="44"
USERDATEFORMAT="DAY_MONTH_YEAR"
HOMESCREENURL="./Portal/default.htm"
USERMUSTRESETPASSWORD="TRUE"
PRODUCTLOCALE="en-US"
STUDYLOCALE="en-US"/>


<USER  USERNAME="ZPFmiwaki"
USERTYPE="SPONSOR"
FIRSTNAME="Marie"
LASTNAME="Iwaki"
DISPLAYNAME="Marie Iwaki"
DESCRIPTION="Support Tier I Japan"
ADDRESS="Oracle Aoyama Center2-5-8,Kita Aoyama, Minato-ku Tokyo 107 0061 Japan"
ADDRESS2="107 0061"
COUNTRY="JAPAN"
PHONE="81"
ALTPHONE="81"
FAX="81"
EMAIL="marie.iwaki@oracle.com"
ACTIVESTATE="true"
DELETESTATE="false"
UPDATE="true"
PASSWORD="p4SZ3iB3zh48Y8126"
BEEPER="81"
USERDATEFORMAT="DAY_MONTH_YEAR"
HOMESCREENURL="./Portal/default.htm"
USERMUSTRESETPASSWORD="TRUE"
PRODUCTLOCALE="en-US"
STUDYLOCALE="en-US"/>


<USER  USERNAME="ZPFsdamato"
USERTYPE="SPONSOR"
FIRSTNAME="Silvio"
LASTNAME="Damato"
DISPLAYNAME="Silvio Damato"
DESCRIPTION="Support Internal Trainer"
COUNTRY="UNITED KINGDOM"
PHONE="44"
ALTPHONE="44"
FAX="0001"
EMAIL="silvio.damato@oracle.com"
ACTIVESTATE="true"
DELETESTATE="false"
UPDATE="true"
PASSWORD="kS19f4PQ4oA8w7817"
BEEPER="44"
USERDATEFORMAT="DAY_MONTH_YEAR"
HOMESCREENURL="./Portal/default.htm"
USERMUSTRESETPASSWORD="TRUE"
PRODUCTLOCALE="en-US"
STUDYLOCALE="en-US"/>


<USER  USERNAME="ZPFawarsama"
USERTYPE="SPONSOR"
FIRSTNAME="Ahmed"
LASTNAME="Warsama"
DISPLAYNAME="Ahmed Warsama"
DESCRIPTION="Support Tier I"
COUNTRY="UNITED KINGDOM"
PHONE="0"
ALTPHONE="44"
FAX="44"
EMAIL="ahmed.warsama@oracle.com"
ACTIVESTATE="true"
DELETESTATE="false"
UPDATE="true"
PASSWORD="kS19f4PQ4oA8w7817"
BEEPER="44"
USERDATEFORMAT="DAY_MONTH_YEAR"
HOMESCREENURL="./Portal/default.htm"
USERMUSTRESETPASSWORD="TRUE"
PRODUCTLOCALE="en-US"
STUDYLOCALE="en-US"/>


<USER  USERNAME="ZPFrsulit"
USERTYPE="SPONSOR"
FIRSTNAME="Ronette"
LASTNAME="Sulit"
DISPLAYNAME="Ronette Sulit"
DESCRIPTION="Data Entry"
COUNTRY="PHILIPPINES"
PHONE="63"
ALTPHONE="63"
FAX="63"
EMAIL="Ronette.Sulit@oracle.com"
ACTIVESTATE="true"
DELETESTATE="false"
UPDATE="true"
PASSWORD="uB40eD73z1RoE38434"
BEEPER="63"
USERDATEFORMAT="DAY_MONTH_YEAR"
HOMESCREENURL="./Portal/default.htm"
USERMUSTRESETPASSWORD="TRUE"
PRODUCTLOCALE="en-US"
STUDYLOCALE="en-US"/>


<USER  USERNAME="ZPFmarintoc"
USERTYPE="SPONSOR"
FIRSTNAME="Mary joy"
LASTNAME="Arintoc"
DISPLAYNAME="Mary joy Arintoc"
DESCRIPTION="Lilly Data Entry"
COUNTRY="PHILIPPINES"
PHONE="63"
ALTPHONE="63"
FAX="63"
EMAIL="mary.joy.arintoc@oracle.com"
ACTIVESTATE="true"
DELETESTATE="false"
UPDATE="true"
PASSWORD="i9QvA96a0Mw37S4237"
BEEPER="63"
USERDATEFORMAT="DAY_MONTH_YEAR"
HOMESCREENURL="./Portal/default.htm"
USERMUSTRESETPASSWORD="TRUE"
PRODUCTLOCALE="en-US"
STUDYLOCALE="en-US"/>


<USER  USERNAME="ZPFbnagy"
USERTYPE="SPONSOR"
FIRSTNAME="Boglarka"
LASTNAME="Nagy"
DISPLAYNAME="Boglarka Nagy"
DESCRIPTION="Support Tier I"
TITLE="MISS."
COUNTRY="HUNGARY"
PHONE="36"
ALTPHONE="36"
FAX="36"
EMAIL="boglarka.nagy@oracle.com"
ACTIVESTATE="true"
DELETESTATE="false"
UPDATE="true"
PASSWORD="i9QvA96a0Mw37S4237"
BEEPER="36"
USERDATEFORMAT="DAY_MONTH_YEAR"
HOMESCREENURL="./Portal/default.htm"
USERMUSTRESETPASSWORD="TRUE"
PRODUCTLOCALE="en-US"
STUDYLOCALE="en-US"/>


<USER  USERNAME="ZPFtfabian"
USERTYPE="SPONSOR"
FIRSTNAME="Tamas"
LASTNAME="Fabian"
DISPLAYNAME="Tamas Fabian"
DESCRIPTION="Support Tier I"
COUNTRY="HUNGARY"
PHONE="36"
ALTPHONE="36"
FAX="36"
EMAIL="tamas.x.fabian@oracle.com"
ACTIVESTATE="true"
DELETESTATE="false"
UPDATE="true"
PASSWORD="uF37aB22D5ajH0941"
BEEPER="36"
USERDATEFORMAT="DAY_MONTH_YEAR"
HOMESCREENURL="./Portal/default.htm"
USERMUSTRESETPASSWORD="TRUE"
PRODUCTLOCALE="en-US"
STUDYLOCALE="en-US"/>


</MEDMLDATA>