<?xml version="1.0"?>
<MEDMLDATA xmlns="PhaseForward-MedML-Inform4">

<ITEMGROUP 
GROUPNAME="Adjudicator_Editable"
GROUPDESCRIPTION="Items editable for Adjudicator.">
 <!-- Insert ItemRef Names -->
<ITEMREF REFNAME="AEGRPID_RELREC_AJARRF1"/>
<ITEMREF REFNAME="REVR2_AJREVF1"/>
<ITEMREF REFNAME="EPAETIM_AJARRF1"/>
<ITEMREF REFNAME="EVDTAGMT_AJARRF1"/>
<ITEMREF REFNAME="CECAJASM_AJARRF1"/>
<ITEMREF REFNAME="ARRR_CMPD_AJARRF1"/>
<ITEMREF REFNAME="AEGRPID_RELREC_AJCEV_F1"/>
<ITEMREF REFNAME="EPAEDAT_AJCEV_F1"/>
<ITEMREF REFNAME="EPAETIM_AJCEV_F1"/>
<ITEMREF REFNAME="EVDTAGMT_AJCEV_F1"/>
<ITEMREF REFNAME="CECAJASM_AJCEV_F1"/>
<ITEMREF REFNAME="AEGRPID_RELREC_AJCGS_F1"/>
<ITEMREF REFNAME="EPAEDAT_AJCGS_F1"/>
<ITEMREF REFNAME="EPAETIM_AJCGS_F1"/>
<ITEMREF REFNAME="EVDTAGMT_AJCGS_F1"/>
<ITEMREF REFNAME="CECAJASM_AJCGS_F1"/>
<ITEMREF REFNAME="AEGRPID_RELREC_AJCIE_F1"/>
<ITEMREF REFNAME="EPAEDAT_AJCIE_F1"/>
<ITEMREF REFNAME="EPAETIM_AJCIE_F1"/>
<ITEMREF REFNAME="EVDTAGMT_AJCIE_F1"/>
<ITEMREF REFNAME="CECAJASM_AJCIE_F1"/>
<ITEMREF REFNAME="AEGRPID_RELREC_AJCRV_F1"/>
<ITEMREF REFNAME="EPAEDAT_AJCRV_F1"/>
<ITEMREF REFNAME="EPAETIM_AJCRV_F1"/>
<ITEMREF REFNAME="EVDTAGMT_AJCRV_F1"/>
<ITEMREF REFNAME="CECAJASM_AJCRV_F1"/>
<ITEMREF REFNAME="CRVR5_AJCRV_F1"/>
<ITEMREF REFNAME="CRVR2_AJCRV_F1"/>
<ITEMREF REFNAME="AEGRPID_RELREC_AJDTHF1"/>
<ITEMREF REFNAME="EPAEDAT_AJDTHF1"/>
<ITEMREF REFNAME="EPAETIM_AJDTHF1"/>
<ITEMREF REFNAME="EVDTAGMT_AJDTHF1"/>
<ITEMREF REFNAME="DTHTP_AJDTHF1"/>
<ITEMREF REFNAME="AEGRPID_RELREC_AJHSPHFF1"/>
<ITEMREF REFNAME="EPAEDAT_AJHSPHFF1"/>
<ITEMREF REFNAME="EPAETIM_AJHSPHFF1"/>
<ITEMREF REFNAME="EVDTAGMT_AJHSPHFF1"/>
<ITEMREF REFNAME="CECAJASM_AJHSPHFF1"/>
<ITEMREF REFNAME="AEGRPID_RELREC_AJHTNF1"/>
<ITEMREF REFNAME="AEGRPID_RELREC_AJPAREVF1"/>
<ITEMREF REFNAME="AEGRPID_RELREC_AJREVF1"/>
<ITEMREF REFNAME="AEGRPID_RELREC_AJRSSDF1"/>
<ITEMREF REFNAME="CECAJASM_AJHTNF1"/>
<ITEMREF REFNAME="CECAJASM_AJPAREVF1"/>
<ITEMREF REFNAME="CECAJASM_AJREVF1"/>
<ITEMREF REFNAME="CECAJASM_AJRSSDF1"/>
<ITEMREF REFNAME="EPAEDAT_AJHTNF1"/>
<ITEMREF REFNAME="EPAEDAT_AJPAREVF1"/>
<ITEMREF REFNAME="EPAEDAT_AJREVF1"/>
<ITEMREF REFNAME="EPAEDAT_AJRSSDF1"/>
<ITEMREF REFNAME="EPAETIM_AJHTNF1"/>
<ITEMREF REFNAME="EPAETIM_AJPAREVF1"/>
<ITEMREF REFNAME="EPAETIM_AJREVF1"/>
<ITEMREF REFNAME="EPAETIM_AJRSSDF1"/>
<ITEMREF REFNAME="EVDTAGMT_AJHTNF1"/>
<ITEMREF REFNAME="EVDTAGMT_AJPAREVF1"/>
<ITEMREF REFNAME="EVDTAGMT_AJREVF1"/>
<ITEMREF REFNAME="EVDTAGMT_AJRSSDF1"/>
<ITEMREF REFNAME="PAREVRES_CMPD_AJPAREVF1"/>
<ITEMREF REFNAME="PAREVRES2_AJPAREVF1"/>
<ITEMREF REFNAME="EPAEDAT_AJARRF1"/>

</ITEMGROUP>

<ITEMGROUP 
GROUPNAME="Adjudicator_Hidden"
GROUPDESCRIPTION="Items hidden from the Adjudicator not in other item groups.">
 <!-- Insert ItemRef Names -->
<ITEMREF REFNAME="QSEVALID_SPGA2F1"/>
<ITEMREF REFNAME="QSEVALIN_PASI2F1S7"/>
<ITEMREF REFNAME="RACE_CMPD_DM1001_F1"/>
<ITEMREF REFNAME="RECURYN_SAE2F1"/>
<ITEMREF REFNAME="REVR1_EPREV2F1"/>
<ITEMREF REFNAME="REVR2_EPREV2F1"/>
<ITEMREF REFNAME="RSSDR1_CMPD_EPRSSD2F1"/>
<ITEMREF REFNAME="RSSDR2_CMPD_EPRSSD2F1"/>
<ITEMREF REFNAME="AEACN_AE3001_F2"/>
<ITEMREF REFNAME="AEGRPID_AE3001_F2_S1"/>
<ITEMREF REFNAME="AEGRPID_AE3001_F2_S2"/>
<ITEMREF REFNAME="AEGRPID_RELREC_AHRFUF1"/>
<ITEMREF REFNAME="AEGRPID_RELREC_EPARR2F1"/>
<ITEMREF REFNAME="AEGRPID_RELREC_EPCEV2F1"/>
<ITEMREF REFNAME="AEGRPID_RELREC_EPCGS2F1"/>
<ITEMREF REFNAME="AEGRPID_RELREC_EPCIE_F1"/>
<ITEMREF REFNAME="AEGRPID_RELREC_EPCRV_F1"/>
<ITEMREF REFNAME="AEGRPID_RELREC_EPDTHF1"/>
<ITEMREF REFNAME="AEGRPID_RELREC_EPHSPHF"/>
<ITEMREF REFNAME="AEGRPID_RELREC_EPHTN2F1"/>
<ITEMREF REFNAME="AEGRPID_RELREC_EPPAREV2F1"/>
<ITEMREF REFNAME="AEGRPID_RELREC_EPREV2F1"/>
<ITEMREF REFNAME="AEGRPID_RELREC_EPRSSD2F1"/>
<ITEMREF REFNAME="AEGRPID_RELREC_INFC2F1"/>
<ITEMREF REFNAME="AEGRPID_RELREC_SKE2ISR1F1"/>
<ITEMREF REFNAME="AEONGO_AE3001_F2"/>
<ITEMREF REFNAME="AEOUT_AE3001_F2"/>
<ITEMREF REFNAME="AERELNST_CMPD_AE3001_F2"/>
<ITEMREF REFNAME="AEREL_AE3001_F2"/>
<ITEMREF REFNAME="AESER_AE3001_F2"/>
<ITEMREF REFNAME="AESEV_AE3001_F2"/>
<ITEMREF REFNAME="AESI_AESITRIG_F1"/>
<ITEMREF REFNAME="AESPID_AE3001_F2"/>
<ITEMREF REFNAME="AESTDAT_AE3001_F2"/>
<ITEMREF REFNAME="AESTTIM_AE3001_F2"/>
<ITEMREF REFNAME="AETERM_AE3001_F2"/>
<ITEMREF REFNAME="AEYN_AE3001_F1"/>
<ITEMREF REFNAME="AHRFURES12_AHRFUF1"/>
<ITEMREF REFNAME="AHRFURES11_CMPD_AHRFU1"/>
<ITEMREF REFNAME="AHRFURES1_AHRFUF1"/>
<ITEMREF REFNAME="AHRFURES2_AHRFUF1"/>
<ITEMREF REFNAME="AHRFURES3_AHRFUF1"/>
<ITEMREF REFNAME="AHRFURES4_AHRFUF1"/>
<ITEMREF REFNAME="AHRFURES5_AHRFUF1"/>
<ITEMREF REFNAME="AHRFURES6_AHRFUF1"/>
<ITEMREF REFNAME="AHRFURES7_AHRFUF1"/>
<ITEMREF REFNAME="AHRFURES8_AHRFUF1"/>
<ITEMREF REFNAME="AHRFURES9YN_AHRFUF1"/>
<ITEMREF REFNAME="ARRR1_CMPD_EPARR2F1"/>
<ITEMREF REFNAME="ARRR5_CMPD_EPARR2F1"/>
<ITEMREF REFNAME="ARRR6_EPARR2F1"/>
<ITEMREF REFNAME="BP_CMPD_VS1F1"/>
<ITEMREF REFNAME="BP_CMPD_VS1F2S2"/>
<ITEMREF REFNAME="BP_CMPD_VS1F2S3"/>
<ITEMREF REFNAME="BP_CMPD_VS1F4"/>
<ITEMREF REFNAME="BP_CMPD_VS1F5"/>
<ITEMREF REFNAME="BRTHYR_DM1001_F1"/>
<ITEMREF REFNAME="CASEBOOKSIG_CBSIG_F1"/>
<ITEMREF REFNAME="CASENAR2_SAE2F1"/>
<ITEMREF REFNAME="CASENAR3_SAE2F1"/>
<ITEMREF REFNAME="CASENAR_SAE2F1"/>
<ITEMREF REFNAME="CDA1_CDQA"/>
<ITEMREF REFNAME="CDA2_CDQA"/>
<ITEMREF REFNAME="CEVR1_EPCEV2F1"/>
<ITEMREF REFNAME="CEVR3_EPCEV2F1"/>
<ITEMREF REFNAME="CEVR8_EPCEV2F1"/>
<ITEMREF REFNAME="CEVR9_EPCEV2F1"/>
<ITEMREF REFNAME="CEVRES7_CMPD_EPCEV2F1"/>
<ITEMREF REFNAME="CGSR3_EPCGS2F1"/>
<ITEMREF REFNAME="CGSRES1_CMPD_EPCGS2F1"/>
<ITEMREF REFNAME="CGSRES2_CMPD_EPCGS2F1"/>
<ITEMREF REFNAME="CIER1_EPCIE_F1"/>
<ITEMREF REFNAME="CIER10_EPCIE_F1"/>
<ITEMREF REFNAME="CIER11_CMPD_EPCIE_F1"/>
<ITEMREF REFNAME="CIER3_CMPD_EPCIE_F1"/>
<ITEMREF REFNAME="CMDOSE_CM1F1"/>
<ITEMREF REFNAME="CMDOSEU_CM1F1"/>
<ITEMREF REFNAME="CMDOSFRQ_CM1F1"/>
<ITEMREF REFNAME="CMENDAT_CM2001_F1"/>
<ITEMREF REFNAME="CMENREAS_PRIOR_CM2001_F1"/>
<ITEMREF REFNAME="CMINDC_CM1F1"/>
<ITEMREF REFNAME="CMONGO_CM1F1"/>
<ITEMREF REFNAME="CMROUTE_CM1F1"/>
<ITEMREF REFNAME="CMSCAT_CM2001_F1"/>
<ITEMREF REFNAME="CMSPID_CM1F1"/>
<ITEMREF REFNAME="CMSPID_CM2001_F1"/>
<ITEMREF REFNAME="CMSTDAT_CM1F1"/>
<ITEMREF REFNAME="CMSTDAT_CM2001_F1"/>
<ITEMREF REFNAME="CMTRT_CM1F1"/>
<ITEMREF REFNAME="RSSDR3_EPRSSD2F1"/>
<ITEMREF REFNAME="SAEAEACN_SAE2F1"/>
<ITEMREF REFNAME="SAEAESCONG_SAE2F1"/>
<ITEMREF REFNAME="SAEAESDISAB_SAE2F1"/>
<ITEMREF REFNAME="SAEAESLIFE_SAE2F1"/>
<ITEMREF REFNAME="SAEAESMIE_SAE2F1"/>
<ITEMREF REFNAME="SAEASMDAT_SAE2F1"/>
<ITEMREF REFNAME="SAECONDITION_SAE2F1"/>
<ITEMREF REFNAME="SAEEXDOSDAT_SAE2F1"/>
<ITEMREF REFNAME="SAEEXTRT_SAE2F1"/>
<ITEMREF REFNAME="SAEFUASMDAT_SAE2F1"/>
<ITEMREF REFNAME="SAELBDAT_SAE2F1"/>
<ITEMREF REFNAME="SAELBORNRHI_SAE2F1"/>
<ITEMREF REFNAME="SAELBORNRLO_SAE2F1"/>
<ITEMREF REFNAME="SAELBORRES_SAE2F1"/>
<ITEMREF REFNAME="SAELBORRESU_SAE2F1"/>
<ITEMREF REFNAME="SAELBTEST_SAE2F1"/>
<ITEMREF REFNAME="SAEOUT_SAE2F1"/>
<ITEMREF REFNAME="SAERELEX_CMPD_SAE2F1S4"/>
<ITEMREF REFNAME="SAERELPRC_CMPD_SAE2F1S4"/>
<ITEMREF REFNAME="SAESDTH_SAE2F1"/>
<ITEMREF REFNAME="SAESHOSP_SAE2F1"/>
<ITEMREF REFNAME="SAESTDAT_SAE2F1"/>
<ITEMREF REFNAME="SAETERM_SAE2F1"/>
<ITEMREF REFNAME="SBPERF_EPCIE_F1"/>
<ITEMREF REFNAME="SCR_SYS_F1"/>
<ITEMREF REFNAME="SEX_DM1001_F1"/>
<ITEMREF REFNAME="SKERES2_SKE2ISR1F1"/>
<ITEMREF REFNAME="SKERES6_SKE2ISR1F1"/>
<ITEMREF REFNAME="SPGAMTHD_SPGA2F1"/>
<ITEMREF REFNAME="SPGAPERF_SPGA2F1"/>
<ITEMREF REFNAME="SRPERF_SR1F1"/>
<ITEMREF REFNAME="STATUS_STATUS_F1"/>
<ITEMREF REFNAME="STATUS_STATUS_F2"/>
<ITEMREF REFNAME="STATUS_STATUS_F3"/>
<ITEMREF REFNAME="STATUS_STATUS_F4"/>
<ITEMREF REFNAME="STATUS_STATUS_F5"/>
<ITEMREF REFNAME="STATUS_STATUS_F6"/>
<ITEMREF REFNAME="STATUS_STATUS_F7"/>
<ITEMREF REFNAME="SUBJID"/>
<ITEMREF REFNAME="SUBJINIT_SYS_F1"/>
<ITEMREF REFNAME="SUNCF_ALCOHOL_SU1001_F1"/>
<ITEMREF REFNAME="SUNCF_CAFFEINE_SU2F1"/>
<ITEMREF REFNAME="SUNCF_NRT_SU4F1"/>
<ITEMREF REFNAME="SUNCF_TOBACCO_SU3F1"/>
<ITEMREF REFNAME="TEMPU_VS1F1"/>
<ITEMREF REFNAME="TEMPU_VS1F2"/>
<ITEMREF REFNAME="TEMPU_VS1F4"/>
<ITEMREF REFNAME="TEMPU_VS1F5"/>
<ITEMREF REFNAME="VISDAT"/>
<ITEMREF REFNAME="VISITNUM_SV1001_F2"/>
<ITEMREF REFNAME="VSPOS_BP_VS1F1"/>
<ITEMREF REFNAME="VSPOS_BP_VS1F2"/>
<ITEMREF REFNAME="VSPOS_BP_VS1F4"/>
<ITEMREF REFNAME="VSPOS_BP_VS1F5"/>
<ITEMREF REFNAME="VSPOS_PULSE_VS1F1"/>
<ITEMREF REFNAME="VSPOS_PULSE_VS1F2"/>
<ITEMREF REFNAME="VSPOS_PULSE_VS1F4"/>
<ITEMREF REFNAME="VSPOS_PULSE_VS1F5"/>
<ITEMREF REFNAME="VSTIM_VS1F2S2"/>
<ITEMREF REFNAME="VSTIM_VS1F2S3"/>
<ITEMREF REFNAME="WEIGHTU_VS1F1"/>
<ITEMREF REFNAME="WEIGHTU_VS1F2"/>
<ITEMREF REFNAME="WEIGHTU_VS1F5"/>
<ITEMREF REFNAME="WSTCIRU_VS1F2"/>
<ITEMREF REFNAME="WSTCIRU_VS1F5"/>
<ITEMREF REFNAME="INFCLOC_OPTN_INFC2F1"/>
<ITEMREF REFNAME="INFCR2_INFC2F1"/>
<ITEMREF REFNAME="INFCR3_OPTN_INFC2F1"/>
<ITEMREF REFNAME="INFCR6_INFC2F1"/>
<ITEMREF REFNAME="INFCSLOC_OPTN_INFC2F1"/>
<ITEMREF REFNAME="ISRLOC_SKE2ISR1F1"/>
<ITEMREF REFNAME="ISRRES11_SKE2ISR1F1"/>
<ITEMREF REFNAME="ISRRES12_SKE2ISR1F1"/>
<ITEMREF REFNAME="ISRRES13_SKE2ISR1F1"/>
<ITEMREF REFNAME="ISRRES14_SKE2ISR1F1"/>
<ITEMREF REFNAME="MHDXDAT_MHPR2"/>
<ITEMREF REFNAME="MHOCCUR_CAD_MHPR1"/>
<ITEMREF REFNAME="MHOCCUR_DM1_MHPR1"/>
<ITEMREF REFNAME="MHOCCUR_DM2I_MHPR1"/>
<ITEMREF REFNAME="MHOCCUR_DM2N_MHPR1"/>
<ITEMREF REFNAME="MHOCCUR_DYS_MHPR1"/>
<ITEMREF REFNAME="MHOCCUR_HYP_MHPR1"/>
<ITEMREF REFNAME="MHOCCUR_STK_MHPR1"/>
<ITEMREF REFNAME="MHONGO_MH7001_F1"/>
<ITEMREF REFNAME="MHSPID_MH7001_F1"/>
<ITEMREF REFNAME="MHSTDAT_MH7001_F1"/>
<ITEMREF REFNAME="MHTERM_MH7001_F1"/>
<ITEMREF REFNAME="MHYN_MH7001_F1"/>
<ITEMREF REFNAME="PAREVRES1_EPPAREV2F1"/>
<ITEMREF REFNAME="PAREVRES2_EPPAREV2F1"/>
<ITEMREF REFNAME="PAREVRES3_CMPD_EPPAREV2F1"/>
<ITEMREF REFNAME="PASICOLLTS_PASI2F1S5"/>
<ITEMREF REFNAME="PASIMTHD_PASI2F1S7"/>
<ITEMREF REFNAME="PASIPCTBSAPSOR_PASI2F1S6"/>
<ITEMREF REFNAME="PASIRES1_PASI2F1S1"/>
<ITEMREF REFNAME="PASIRES1_PASI2F1S2"/>
<ITEMREF REFNAME="PASIRES1_PASI2F1S3"/>
<ITEMREF REFNAME="PASIRES1_PASI2F1S4"/>
<ITEMREF REFNAME="PASIRES2_PASI2F1S1"/>
<ITEMREF REFNAME="PASIRES2_PASI2F1S2"/>
<ITEMREF REFNAME="PASIRES2_PASI2F1S3"/>
<ITEMREF REFNAME="PASIRES2_PASI2F1S4"/>
<ITEMREF REFNAME="PASIRES3_PASI2F1S1"/>
<ITEMREF REFNAME="PASIRES3_PASI2F1S2"/>
<ITEMREF REFNAME="PASIRES3_PASI2F1S3"/>
<ITEMREF REFNAME="PASIRES3_PASI2F1S4"/>
<ITEMREF REFNAME="PASIRES4_PASI2F1S1"/>
<ITEMREF REFNAME="PASIRES4_PASI2F1S2"/>
<ITEMREF REFNAME="PASIRES4_PASI2F1S3"/>
<ITEMREF REFNAME="PASIRES4_PASI2F1S4"/>
<ITEMREF REFNAME="PRINTP_PR1001_F1"/>
<ITEMREF REFNAME="PRLOC_PR1001_F1"/>
<ITEMREF REFNAME="PRPRESP_PR1001_F1"/>
<ITEMREF REFNAME="PRSTDAT_PR1001_F1"/>
<ITEMREF REFNAME="PRTRT_PR1001_F1"/>
<ITEMREF REFNAME="PRVSUBJSFFLG"/>
<ITEMREF REFNAME="PRYN_PR1001_F1"/>
<ITEMREF REFNAME="PULSEU_VS1F1"/>
<ITEMREF REFNAME="PULSEU_VS1F2S2"/>
<ITEMREF REFNAME="PULSEU_VS1F2S3"/>
<ITEMREF REFNAME="PULSEU_VS1F4"/>
<ITEMREF REFNAME="PULSEU_VS1F5"/>
<ITEMREF REFNAME="QIDSSRASMDAT_QIDS2F1"/>
<ITEMREF REFNAME="QIDSSRPERF_QIDS2F1"/>
<ITEMREF REFNAME="QIDSSRRES10_QIDS2F1"/>
<ITEMREF REFNAME="QIDSSRRES11_QIDS2F1"/>
<ITEMREF REFNAME="QIDSSRRES12_QIDS2F1"/>
<ITEMREF REFNAME="QIDSSRRES13_QIDS2F1"/>
<ITEMREF REFNAME="QIDSSRRES14_QIDS2F1"/>
<ITEMREF REFNAME="QIDSSRRES15_QIDS2F1"/>
<ITEMREF REFNAME="QIDSSRRES16_QIDS2F1"/>
<ITEMREF REFNAME="QIDSSRRES1_QIDS2F1"/>
<ITEMREF REFNAME="QIDSSRRES2_QIDS2F1"/>
<ITEMREF REFNAME="QIDSSRRES3_QIDS2F1"/>
<ITEMREF REFNAME="QIDSSRRES4_QIDS2F1"/>
<ITEMREF REFNAME="QIDSSRRES5_QIDS2F1"/>
<ITEMREF REFNAME="QIDSSRRES6_QIDS2F1"/>
<ITEMREF REFNAME="QIDSSRRES7_QIDS2F1"/>
<ITEMREF REFNAME="QIDSSRRES8_QIDS2F1"/>
<ITEMREF REFNAME="QIDSSRRES9_QIDS2F1"/>
<ITEMREF REFNAME="CMYN_CM1F1"/>
<ITEMREF REFNAME="CMYN_CM2001_F1"/>
<ITEMREF REFNAME="COSPID_CDQA"/>
<ITEMREF REFNAME="CRVR1_EPCRV_F1"/>
<ITEMREF REFNAME="CRVR2_EPCRV_F1"/>
<ITEMREF REFNAME="CRVR5_EPCRV_F1"/>
<ITEMREF REFNAME="CRVR6_EPCRV_F1"/>
<ITEMREF REFNAME="CRVR7_EPCRV_F1"/>
<ITEMREF REFNAME="CRVR8_EPCRV_F1"/>
<ITEMREF REFNAME="DIAG_CMPD_INFC2F1"/>
<ITEMREF REFNAME="DRGINDIC_SAE2F1"/>
<ITEMREF REFNAME="DSCONT_DS1F6"/>
<ITEMREF REFNAME="DSDECOD_DS1F1"/>
<ITEMREF REFNAME="DSDECOD_DS1F2"/>
<ITEMREF REFNAME="DSDECOD_DS1F3"/>
<ITEMREF REFNAME="DSDECOD_DS1F4"/>
<ITEMREF REFNAME="DSDECOD_DS1F6"/>
<ITEMREF REFNAME="DSSTDAT_DS1F1"/>
<ITEMREF REFNAME="DSSTDAT_DS1F2"/>
<ITEMREF REFNAME="DSSTDAT_DS1F3"/>
<ITEMREF REFNAME="DSSTDAT_DS1F4"/>
<ITEMREF REFNAME="DSSTDAT_DS1F6"/>
<ITEMREF REFNAME="DSSTDAT_IC_DS2F1"/>
<ITEMREF REFNAME="DTHTP_EPDTHF1"/>
<ITEMREF REFNAME="EGPERF_EPCIE_F1"/>
<ITEMREF REFNAME="ENDPT_CMPD_ENDTRIG_F1"/>
<ITEMREF REFNAME="EPAEDAT_EPARR2F1"/>
<ITEMREF REFNAME="EPAEDAT_EPCEV2F1"/>
<ITEMREF REFNAME="EPAEDAT_EPCGS2F1"/>
<ITEMREF REFNAME="EPAEDAT_EPCIE_F1"/>
<ITEMREF REFNAME="EPAEDAT_EPCRV_F1"/>
<ITEMREF REFNAME="EPAEDAT_EPDTHF1"/>
<ITEMREF REFNAME="EPAEDAT_EPHSPHF"/>
<ITEMREF REFNAME="EPAEDAT_EPHTN2F1"/>
<ITEMREF REFNAME="EPAEDAT_EPPAREV2F1"/>
<ITEMREF REFNAME="EPAEDAT_EPREV2F1"/>
<ITEMREF REFNAME="EPAEDAT_EPRSSD2F1"/>
<ITEMREF REFNAME="EPAETIM_EPARR2F1"/>
<ITEMREF REFNAME="EPAETIM_EPCEV2F1"/>
<ITEMREF REFNAME="EPAETIM_EPCGS2F1"/>
<ITEMREF REFNAME="EPAETIM_EPCIE_F1"/>
<ITEMREF REFNAME="EPAETIM_EPCRV_F1"/>
<ITEMREF REFNAME="EPAETIM_EPDTHF1"/>
<ITEMREF REFNAME="EPAETIM_EPHSPHF"/>
<ITEMREF REFNAME="EPAETIM_EPHTN2F1"/>
<ITEMREF REFNAME="EPAETIM_EPPAREV2F1"/>
<ITEMREF REFNAME="EPAETIM_EPREV2F1"/>
<ITEMREF REFNAME="EPAETIM_EPRSSD2F1"/>
<ITEMREF REFNAME="EPDTHRES10_EPDTHF1"/>
<ITEMREF REFNAME="EPDTHRES11_EPDTHF1"/>
<ITEMREF REFNAME="EPDTHRES4_EPDTHF1"/>
<ITEMREF REFNAME="EPDTHRES5_EPDTHF1"/>
<ITEMREF REFNAME="ETHNIC_DM1001_F1"/>
<ITEMREF REFNAME="EXOCCUR_EX1F1"/>
<ITEMREF REFNAME="EXPTPV_EX1F1"/>
<ITEMREF REFNAME="EXPVAMTOCCUR_EX1F1"/>
<ITEMREF REFNAME="EXSPID_EX1F1"/>
<ITEMREF REFNAME="EXTRT_EX1F1"/>
<ITEMREF REFNAME="FASPID_AHRFUF1"/>
<ITEMREF REFNAME="FASPID_EPARR2F1"/>
<ITEMREF REFNAME="FASPID_EPCEV2F1"/>
<ITEMREF REFNAME="FASPID_EPCGS2F1"/>
<ITEMREF REFNAME="FASPID_EPCIE_F1"/>
<ITEMREF REFNAME="FASPID_EPCRV_F1"/>
<ITEMREF REFNAME="FASPID_EPHSPHF"/>
<ITEMREF REFNAME="FASPID_EPHTN2F1"/>
<ITEMREF REFNAME="FASPID_EPPAREV2F1"/>
<ITEMREF REFNAME="FASPID_EPREV2F1"/>
<ITEMREF REFNAME="FASPID_EPRSSD2F1"/>
<ITEMREF REFNAME="FASPID_INFC2F1"/>
<ITEMREF REFNAME="FASPID_SKE2ISR1F1"/>
<ITEMREF REFNAME="HEIGHTU_VS1F2"/>
<ITEMREF REFNAME="HSPHFR1_CMPD_EPHSPHF"/>
<ITEMREF REFNAME="HSPHFR2_CMPD_EPHSPHF"/>
<ITEMREF REFNAME="HSPHFR4_CMPD_EPHSPHF"/>
<ITEMREF REFNAME="HSPHFR5_CMPD_EPHSPHF"/>
<ITEMREF REFNAME="HSPHFR6_CMPD_EPHSPHF"/>
<ITEMREF REFNAME="HSPHFR8_EPHSPHF"/>
<ITEMREF REFNAME="HTNR1_EPHTN2F1"/>
<ITEMREF REFNAME="HTNR2_CMPD_EPHTN2F1"/>
<ITEMREF REFNAME="HTNR3_EPHTN2F1"/>
<ITEMREF REFNAME="igAE3001_F2_S2"/>
<ITEMREF REFNAME="igCM1001_F1_S2"/>
<ITEMREF REFNAME="igCM2001_F1_S2"/>
<ITEMREF REFNAME="igMH7001_F1_S2"/>
<ITEMREF REFNAME="igSAE2001_F1_S2"/>
<ITEMREF REFNAME="igSAE2001_F1_S3"/>
<ITEMREF REFNAME="igSAE2001_F1_S4"/>
<ITEMREF REFNAME="igSAE2001_F1_S5"/>
<ITEMREF REFNAME="igSAE2001_F1_S6"/>

</ITEMGROUP>

<ITEMGROUP 
GROUPNAME="Adjudicator_ReadOnly"
GROUPDESCRIPTION="Items that should be viewable to Adjudicator and Data Manager.">
 <!-- Insert ItemRef Names -->
<ITEMREF REFNAME="FASPID_AJARRF1"/>
<ITEMREF REFNAME="FASPID_AJCEV_F1"/>
<ITEMREF REFNAME="FASPID_AJCGS_F1"/>
<ITEMREF REFNAME="FASPID_AJCIE_F1"/>
<ITEMREF REFNAME="FASPID_AJRSSDF1"/>
<ITEMREF REFNAME="FASPID_AJHSPHFF1"/>
<ITEMREF REFNAME="FASPID_AJHTNF1"/>
<ITEMREF REFNAME="FASPID_AJPAREVF1"/>
<ITEMREF REFNAME="FASPID_AJREVF1"/>
<ITEMREF REFNAME="FASPID_AJCRV_F1"/>

</ITEMGROUP>

<ITEMGROUP 
GROUPNAME="Data_Manager_ReadOnly"
GROUPDESCRIPTION="Items that are hidden by design and should be viewable to Data Manager.">
 <!-- Insert ItemRef Names -->
<ITEMREF REFNAME="CMCAT_CM2001_F1"/>
<ITEMREF REFNAME="DICT_DICTVER_CM2001_F1"/>
<ITEMREF REFNAME="CMDECOD_CM2001_F1"/>
<ITEMREF REFNAME="CMTRADNM_CM2001F1"/>
<ITEMREF REFNAME="TRTTERMCD_CM2001_F1"/>
<ITEMREF REFNAME="CMCLASCD_CM2001_F1"/>
<ITEMREF REFNAME="CMCLAS_CM2001_F1"/>
<ITEMREF REFNAME="CMTRT_MAP_CM2001_F1"/>
<ITEMREF REFNAME="EPARREVAL_EPARR2F1"/>
<ITEMREF REFNAME="EPCEVEVAL_EPCEV2F1"/>
<ITEMREF REFNAME="EPCGSEVAL_EPCGS2F1"/>
<ITEMREF REFNAME="EPCIEEVAL_EPCIE_F1"/>
<ITEMREF REFNAME="EPCRVEVAL_EPCRV3_F1"/>
<ITEMREF REFNAME="EPDTHEVAL_EPDTHF1_1"/>
<ITEMREF REFNAME="EPHSPHFEVAL_EPHSPHF"/>
<ITEMREF REFNAME="EPHTNEVAL_EPHTN2F1"/>
<ITEMREF REFNAME="EPPAREVEVAL_EPPAREV2F1"/>
<ITEMREF REFNAME="EPRSSDEVAL_EPRSSD2F1"/>
<ITEMREF REFNAME="FACAT_EPARR2F1"/>
<ITEMREF REFNAME="FACAT_EPCEV2F1"/>
<ITEMREF REFNAME="FACAT_EPCGS2F1"/>
<ITEMREF REFNAME="FACAT_EPCIE_F1"/>
<ITEMREF REFNAME="FACAT_EPCRV_F1"/>
<ITEMREF REFNAME="FACAT_EPDTHF1"/>
<ITEMREF REFNAME="FACAT_EPHSPHF"/>
<ITEMREF REFNAME="FACAT_EPHTN2F1"/>
<ITEMREF REFNAME="FACAT_EPPAREV2F1"/>
<ITEMREF REFNAME="FACAT_EPREV2F1"/>
<ITEMREF REFNAME="FACAT_EPRSSD2F1"/>
<ITEMREF REFNAME="FACAT_AJRSSDF1"/>
<ITEMREF REFNAME="QSCAT_PASI2F1S7"/>
<ITEMREF REFNAME="PRCAT_PR1001_F1"/>
<ITEMREF REFNAME="QSCAT_QIDS2F1"/>
<ITEMREF REFNAME="FACAT_ISR_SKE2ISR1F1"/>
<ITEMREF REFNAME="FACAT_SKE_SKE2ISR1F1"/>
<ITEMREF REFNAME="SPGAEVAL_SPGA2F1"/>
<ITEMREF REFNAME="QSCAT_SPGA2F1"/>
<ITEMREF REFNAME="SRCAT_SR1F1"/>
<ITEMREF REFNAME="SUCAT_ALCOHOL_SU1001_F1"/>
<ITEMREF REFNAME="SUCAT_CAFFEINE_SU2F1"/>
<ITEMREF REFNAME="SUCAT_TOBACCO_SU3F1"/>
<ITEMREF REFNAME="SUCAT_NRT_SU4F1"/>
<ITEMREF REFNAME="DSCAT_1_DS1F2"/>
<ITEMREF REFNAME="DSCAT_1_DS1F3"/>
<ITEMREF REFNAME="DSCAT_1_DS1F4"/>
<ITEMREF REFNAME="DSCAT_1_DS1F6"/>
<ITEMREF REFNAME="DSSCAT_DS1F1"/>
<ITEMREF REFNAME="CMTRT_CM2001_F1"/>
<ITEMREF REFNAME="DSCAT_1_DS1F1"/>
<ITEMREF REFNAME="DSCAT_2_DS2F1"/>
<ITEMREF REFNAME="DSSCAT_DS1F2"/>
<ITEMREF REFNAME="DSSCAT_DS1F3"/>
<ITEMREF REFNAME="DSSCAT_DS1F4"/>
<ITEMREF REFNAME="DSSCAT_DS1F6"/>
<ITEMREF REFNAME="DSSCAT_IC_DS2F1"/>
<ITEMREF REFNAME="AECAT_AE3001_F1"/>
<ITEMREF REFNAME="DICT_DICTVER_AE3001_F2"/>
<ITEMREF REFNAME="AEDECOD_AE3001_F2"/>
<ITEMREF REFNAME="AELLT_AE3001_F2"/>
<ITEMREF REFNAME="AELLTCD_AE3001_F2"/>
<ITEMREF REFNAME="AECAT_AE3001_F2"/>
<ITEMREF REFNAME="AETERM_MAP_AE3001_F2"/>
<ITEMREF REFNAME="FACAT_AHRFUF1"/>
<ITEMREF REFNAME="FACAT_AJCIE_F1"/>
<ITEMREF REFNAME="FACAT_AJARRF1"/>
<ITEMREF REFNAME="FACAT_AJCEV_F1"/>
<ITEMREF REFNAME="FACAT_AJCGS_F1"/>
<ITEMREF REFNAME="FACAT_AJCRV_F1"/>
<ITEMREF REFNAME="FACAT_AJDTHF1"/>
<ITEMREF REFNAME="FACAT_AJHSPHFF1"/>
<ITEMREF REFNAME="FACAT_AJHTNF1"/>
<ITEMREF REFNAME="FACAT_AJPAREVF1"/>
<ITEMREF REFNAME="FACAT_AJREVF1"/>
<ITEMREF REFNAME="AJARREVAL_AJARRF1"/>
<ITEMREF REFNAME="AJCEVEVAL_AJCEV_F1"/>
<ITEMREF REFNAME="AJCGSEVAL_AJCGS_F1"/>
<ITEMREF REFNAME="AJCIEEVAL_AJCIE_F1"/>
<ITEMREF REFNAME="AJCRVEVAL_AJCRV_F1"/>
<ITEMREF REFNAME="AJDTHEVAL_AJDTHF1"/>
<ITEMREF REFNAME="AJHSPHFEVAL_AJHSPHFF1"/>
<ITEMREF REFNAME="AJHTNEVAL_AJHTNF1"/>
<ITEMREF REFNAME="AJPAREVAL_AJPAREVF1"/>
<ITEMREF REFNAME="AJREVEVAL_AJREVF1"/>
<ITEMREF REFNAME="AJRSSDEVAL_AJRSSDF1"/>
<ITEMREF REFNAME="EXCAT_EX1F1"/>
<ITEMREF REFNAME="FACAT_INFC2F1"/>
<ITEMREF REFNAME="MHCAT_MH7001_F1"/>
<ITEMREF REFNAME="DICT_DICTVER_MH7001_F1"/>
<ITEMREF REFNAME="MHDECOD_MH7001_F1"/>
<ITEMREF REFNAME="MHLLTCD_MH7001_F1"/>
<ITEMREF REFNAME="MHLLT_MH7001_F1"/>
<ITEMREF REFNAME="MHTERM_MAP_MH7001_F1"/>
<ITEMREF REFNAME="MHPRESP_MHPR1"/>
<ITEMREF REFNAME="MHPRESP_MHPR2"/>
<ITEMREF REFNAME="MHCAT_4_MHPR1"/>
<ITEMREF REFNAME="MHCAT_4_MHPR2"/>
<ITEMREF REFNAME="MHLLTCDPRESP_MHPR2"/>
<ITEMREF REFNAME="CMCAT_CM1F1"/>
<ITEMREF REFNAME="CMSCAT_CM1F1"/>
<ITEMREF REFNAME="DICT_DICTVER_CM1F1"/>
<ITEMREF REFNAME="CMDECOD_CM1F1"/>
<ITEMREF REFNAME="CMTRADNM_CM1F1"/>
<ITEMREF REFNAME="TRTTERMCD_CM1F1"/>
<ITEMREF REFNAME="CMCLASCD_CM1F1"/>
<ITEMREF REFNAME="CMCLAS_CM1F1"/>
<ITEMREF REFNAME="CMTRT_MAP_CM1F1"/>

</ITEMGROUP>

<ITEMGROUP 
GROUPNAME="nonData_Manager_Hidden"
GROUPDESCRIPTION="Items hidden to all but Data_Manager editable">
 <!-- Insert ItemRef Names -->
<ITEMREF REFNAME="CDQATRIG"/>
<ITEMREF REFNAME="WFRULETRIG"/>

</ITEMGROUP>

<ITEMGROUP 
GROUPNAME="nonData_Manager_ReadOnly"
GROUPDESCRIPTION="Items are Data_Manager editable, and Read-only for all other groups except Adjudicator and Central Grp.  For the Groups Adjudicator and Central Grp, it will be a Hidden Item.">
 <!-- Insert ItemRef Names -->
<ITEMREF REFNAME="VISDATMD_SV1001_F2"/>
<ITEMREF REFNAME="VISDATMD_SV1001_F1"/>
<ITEMREF REFNAME="CDQ_CDQA"/>

</ITEMGROUP>

</MEDMLDATA>