<?xml version="1.0"?>
<MEDMLDATA xmlns="PhaseForward-MedML-Inform4">


<RIGHTSGROUP  GROUPNAME="Coding Query Rights Group">
<!-- Insert Users -->
<USERREF USERNAME="coder_query"/>

</RIGHTSGROUP>

<RIGHTSGROUP  GROUPNAME="Data Manager">
<!-- Insert Users -->
<USERREF USERNAME="z2x1565"/>
<USERREF USERNAME="cf64318"/>
<USERREF USERNAME="a619388"/>
<USERREF USERNAME="c085956"/>
<USERREF USERNAME="z1x1726"/>
<USERREF USERNAME="z2x2291"/>
<USERREF USERNAME="z2x2451"/>
<USERREF USERNAME="z2x1597"/>
<USERREF USERNAME="ce63390"/>
<USERREF USERNAME="rm85747"/>
<USERREF USERNAME="rg37419"/>
<USERREF USERNAME="z2x2182"/>

</RIGHTSGROUP>

<RIGHTSGROUP  GROUPNAME="GPS">
<!-- Insert Users -->
<USERREF USERNAME="c079244"/>
<USERREF USERNAME="c068502"/>
<USERREF USERNAME="rm80655"/>
<USERREF USERNAME="c069132"/>
<USERREF USERNAME="c057362"/>
<USERREF USERNAME="c039825"/>
<USERREF USERNAME="c090108"/>
<USERREF USERNAME="c074090"/>
<USERREF USERNAME="c085302"/>
<USERREF USERNAME="c074342"/>
<USERREF USERNAME="c149177"/>
<USERREF USERNAME="c131994"/>
<USERREF USERNAME="v6x8356"/>
<USERREF USERNAME="c025980"/>
<USERREF USERNAME="c039863"/>
<USERREF USERNAME="c149176"/>
<USERREF USERNAME="a701824"/>
<USERREF USERNAME="c026393"/>
<USERREF USERNAME="a608760"/>
<USERREF USERNAME="c083101"/>
<USERREF USERNAME="c015393"/>
<USERREF USERNAME="c071673"/>
<USERREF USERNAME="v6x8058"/>
<USERREF USERNAME="c039853"/>
<USERREF USERNAME="c068505"/>
<USERREF USERNAME="c149066"/>
<USERREF USERNAME="c021984"/>
<USERREF USERNAME="rm35504"/>
<USERREF USERNAME="ye91098"/>
<USERREF USERNAME="c022433"/>
<USERREF USERNAME="c143125"/>
<USERREF USERNAME="c135748"/>
<USERREF USERNAME="c149470"/>
<USERREF USERNAME="a803075"/>
<USERREF USERNAME="a511471"/>
<USERREF USERNAME="c003859"/>
<USERREF USERNAME="rm90029"/>
<USERREF USERNAME="c137396"/>
<USERREF USERNAME="c075541"/>
<USERREF USERNAME="c074429"/>
<USERREF USERNAME="c060736"/>
<USERREF USERNAME="c026390"/>
<USERREF USERNAME="a608261"/>
<USERREF USERNAME="c058698"/>
<USERREF USERNAME="u7x2510"/>
<USERREF USERNAME="yex7920"/>
<USERREF USERNAME="rm36132"/>
<USERREF USERNAME="rm87794"/>
<USERREF USERNAME="c199642"/>
<USERREF USERNAME="c196248"/>
<USERREF USERNAME="c199523"/>
<USERREF USERNAME="c196683"/>
<USERREF USERNAME="c218621"/>
<USERREF USERNAME="c223292"/>
<USERREF USERNAME="rm89018"/>

</RIGHTSGROUP>

<RIGHTSGROUP  GROUPNAME="PFView Only">
<!-- Insert Users -->
<USERREF USERNAME="ZPFaflathers"/>
<USERREF USERNAME="ZPFskonig"/>
<USERREF USERNAME="ZPFkbarkoczi"/>

</RIGHTSGROUP>

<RIGHTSGROUP  GROUPNAME="PI Sign Only">
<!-- Insert Users -->
<USERREF USERNAME="mjohnson"/>
<USERREF USERNAME="akeegan"/>
<USERREF USERNAME="mmanning"/>
<USERREF USERNAME="jscott"/>
<USERREF USERNAME="ssharp"/>
<USERREF USERNAME="wsmith"/>
<USERREF USERNAME="jcstringer"/>
<USERREF USERNAME="ktaylor"/>
<USERREF USERNAME="dwombolt"/>
<USERREF USERNAME="ffiorito"/>
<USERREF USERNAME="tnewtean"/>
<USERREF USERNAME="monglam"/>
<USERREF USERNAME="atoma"/>
<USERREF USERNAME="twesson"/>
<USERREF USERNAME="bcutler"/>
<USERREF USERNAME="jflorin"/>
<USERREF USERNAME="ajonas"/>
<USERREF USERNAME="jklapper"/>
<USERREF USERNAME="tmiller"/>
<USERREF USERNAME="kpollack"/>
<USERREF USERNAME="mturner"/>
<USERREF USERNAME="jagaiby"/>
<USERREF USERNAME="lblankenship"/>
<USERREF USERNAME="lchaykin"/>
<USERREF USERNAME="mcfreeman"/>
<USERREF USERNAME="dfried"/>
<USERREF USERNAME="mgalen"/>
<USERREF USERNAME="pgross"/>
<USERREF USERNAME="hbays"/>
<USERREF USERNAME="mmubarak"/>
<USERREF USERNAME="hhafez"/>
<USERREF USERNAME="mporter"/>
<USERREF USERNAME="vmehra"/>
<USERREF USERNAME="xandroulakis"/>
<USERREF USERNAME="nbennett"/>
<USERREF USERNAME="bblock"/>
<USERREF USERNAME="sclevinger"/>
<USERREF USERNAME="lrobbins"/>
<USERREF USERNAME="jsaper"/>
<USERREF USERNAME="dstickler"/>
<USERREF USERNAME="gcortesmaisonet"/>
<USERREF USERNAME="mgarcia"/>
<USERREF USERNAME="sgodsell"/>
<USERREF USERNAME="mveilleux"/>
<USERREF USERNAME="cmccarthy"/>
<USERREF USERNAME="mminen"/>
<USERREF USERNAME="jsoufer"/>
<USERREF USERNAME="gberman"/>
<USERREF USERNAME="sfikry"/>
<USERREF USERNAME="dennisanderson"/>
<USERREF USERNAME="donaldanderson"/>
<USERREF USERNAME="rcady"/>
<USERREF USERNAME="dgreeley"/>
<USERREF USERNAME="dgrosz"/>
<USERREF USERNAME="jhudson"/>
<USERREF USERNAME="jjohnson"/>
<USERREF USERNAME="wkoltun"/>
<USERREF USERNAME="cmillen"/>
<USERREF USERNAME="noskooilar"/>
<USERREF USERNAME="msalazarsharma"/>
<USERREF USERNAME="hthomas"/>
<USERREF USERNAME="mdavis"/>
<USERREF USERNAME="lharper"/>
<USERREF USERNAME="bklein"/>
<USERREF USERNAME="rkrause"/>
<USERREF USERNAME="lmechtler"/>
<USERREF USERNAME="astolyar"/>
<USERREF USERNAME="gtietjen"/>
<USERREF USERNAME="ptoth"/>
<USERREF USERNAME="pwinner"/>
<USERREF USERNAME="ifraga"/>
<USERREF USERNAME="rguerra"/>
<USERREF USERNAME="naggarwal"/>
<USERREF USERNAME="schristie"/>
<USERREF USERNAME="pbrownstone"/>
<USERREF USERNAME="ncoburn"/>
<USERREF USERNAME="mconrad"/>
<USERREF USERNAME="ddefrancisco"/>
<USERREF USERNAME="ddenham"/>
<USERREF USERNAME="jdickerman"/>
<USERREF USERNAME="mfreeman"/>
<USERREF USERNAME="wjennings"/>
<USERREF USERNAME="jkirstein"/>
<USERREF USERNAME="elee"/>
<USERREF USERNAME="bng"/>
<USERREF USERNAME="kpounds"/>
<USERREF USERNAME="tjraoof"/>
<USERREF USERNAME="kroberts"/>
<USERREF USERNAME="wstriznek"/>
<USERREF USERNAME="jwendt"/>
<USERREF USERNAME="ccampbell"/>
<USERREF USERNAME="jclark"/>
<USERREF USERNAME="lcohen"/>
<USERREF USERNAME="pgupta"/>
<USERREF USERNAME="rhelm"/>

</RIGHTSGROUP>

<RIGHTSGROUP  GROUPNAME="Report Extractor">
<!-- Insert Users -->
<USERREF USERNAME="i5qmccgag_RE"/>

</RIGHTSGROUP>

<RIGHTSGROUP  GROUPNAME="SC">
<!-- Insert Users -->
<USERREF USERNAME="ljohnson"/>
<USERREF USERNAME="amallett"/>
<USERREF USERNAME="krystalsmith"/>
<USERREF USERNAME="bspringer"/>
<USERREF USERNAME="athomas"/>
<USERREF USERNAME="mtacuchi"/>
<USERREF USERNAME="pbilardi"/>
<USERREF USERNAME="tanderson"/>
<USERREF USERNAME="tpowell"/>
<USERREF USERNAME="lbadgett"/>
<USERREF USERNAME="kford"/>
<USERREF USERNAME="jdvorak"/>
<USERREF USERNAME="nmartens"/>
<USERREF USERNAME="mhenry"/>
<USERREF USERNAME="clambeth"/>
<USERREF USERNAME="rhogan"/>
<USERREF USERNAME="ishvets"/>
<USERREF USERNAME="akorsnack"/>
<USERREF USERNAME="mcarroll"/>
<USERREF USERNAME="apoulette"/>
<USERREF USERNAME="wdiaz"/>
<USERREF USERNAME="ksanchez"/>
<USERREF USERNAME="pborg"/>
<USERREF USERNAME="jwilliams"/>
<USERREF USERNAME="jthom"/>
<USERREF USERNAME="ttotten"/>
<USERREF USERNAME="atruitt"/>
<USERREF USERNAME="mtong"/>
<USERREF USERNAME="lweitman"/>
<USERREF USERNAME="tnash"/>
<USERREF USERNAME="dyildirim"/>
<USERREF USERNAME="cprayner"/>
<USERREF USERNAME="kmcnally"/>
<USERREF USERNAME="tmorrison"/>
<USERREF USERNAME="khawk"/>
<USERREF USERNAME="yalvarez"/>
<USERREF USERNAME="rbarbato"/>
<USERREF USERNAME="lcanetekisiel"/>
<USERREF USERNAME="mhicks"/>
<USERREF USERNAME="lhogge"/>
<USERREF USERNAME="jmajors"/>
<USERREF USERNAME="jdittman"/>
<USERREF USERNAME="mcheesman"/>
<USERREF USERNAME="avasquez"/>
<USERREF USERNAME="lzachary"/>
<USERREF USERNAME="kkrebs"/>
<USERREF USERNAME="sdobrosky"/>
<USERREF USERNAME="trobison"/>
<USERREF USERNAME="ccoogan"/>
<USERREF USERNAME="csweet"/>
<USERREF USERNAME="mschwarz"/>
<USERREF USERNAME="sszalay"/>
<USERREF USERNAME="cvisconti"/>
<USERREF USERNAME="lmiranda"/>
<USERREF USERNAME="cfazekas"/>
<USERREF USERNAME="ncampbell"/>
<USERREF USERNAME="agreaves"/>
<USERREF USERNAME="ldenny"/>
<USERREF USERNAME="kmajors"/>
<USERREF USERNAME="tbalentine"/>
<USERREF USERNAME="tbateman"/>
<USERREF USERNAME="jedwards"/>
<USERREF USERNAME="mhendrick"/>
<USERREF USERNAME="dhsi"/>
<USERREF USERNAME="bjennette"/>
<USERREF USERNAME="rjoseph"/>
<USERREF USERNAME="kplank"/>
<USERREF USERNAME="Kprice"/>
<USERREF USERNAME="aroyes"/>
<USERREF USERNAME="ischweitert"/>
<USERREF USERNAME="ssen"/>
<USERREF USERNAME="rshanaz"/>
<USERREF USERNAME="mshatz"/>
<USERREF USERNAME="jskrei"/>
<USERREF USERNAME="aweslowski"/>
<USERREF USERNAME="dyousef"/>
<USERREF USERNAME="sblackketter"/>
<USERREF USERNAME="bfox"/>
<USERREF USERNAME="ksmith"/>
<USERREF USERNAME="ajohnson"/>
<USERREF USERNAME="sguduri"/>
<USERREF USERNAME="mford"/>
<USERREF USERNAME="ctorello"/>
<USERREF USERNAME="hsmith"/>
<USERREF USERNAME="esuttman"/>
<USERREF USERNAME="atimofte"/>
<USERREF USERNAME="cwitte"/>
<USERREF USERNAME="mritchey"/>
<USERREF USERNAME="ytrochesosa"/>
<USERREF USERNAME="bcapozzi"/>
<USERREF USERNAME="igarcia"/>
<USERREF USERNAME="bgossage"/>
<USERREF USERNAME="mlewis"/>
<USERREF USERNAME="lbreen"/>
<USERREF USERNAME="hvreeland"/>
<USERREF USERNAME="smayden"/>
<USERREF USERNAME="adougherty"/>
<USERREF USERNAME="aclark"/>
<USERREF USERNAME="rmolinaro"/>
<USERREF USERNAME="emartinez"/>
<USERREF USERNAME="kclayson"/>
<USERREF USERNAME="lsculli"/>
<USERREF USERNAME="eeastham"/>
<USERREF USERNAME="jmederos"/>
<USERREF USERNAME="fvillagrana"/>
<USERREF USERNAME="rsims"/>
<USERREF USERNAME="hvenkatesh"/>
<USERREF USERNAME="dboehm"/>
<USERREF USERNAME="jzona"/>
<USERREF USERNAME="awest"/>
<USERREF USERNAME="jmcgowan"/>
<USERREF USERNAME="burrabazo"/>
<USERREF USERNAME="kscalva"/>
<USERREF USERNAME="ngentes"/>
<USERREF USERNAME="mstraw"/>
<USERREF USERNAME="sthompson"/>
<USERREF USERNAME="nmyers"/>
<USERREF USERNAME="rsanchez"/>
<USERREF USERNAME="mdelago"/>
<USERREF USERNAME="tjmiller"/>
<USERREF USERNAME="scamp"/>
<USERREF USERNAME="tnakonechny"/>
<USERREF USERNAME="jhinnant"/>
<USERREF USERNAME="ngass"/>
<USERREF USERNAME="kstuples"/>
<USERREF USERNAME="fencarnacion"/>
<USERREF USERNAME="pshay"/>
<USERREF USERNAME="oromm"/>
<USERREF USERNAME="rsmith"/>
<USERREF USERNAME="acampos"/>
<USERREF USERNAME="sfuters"/>
<USERREF USERNAME="mbooker"/>
<USERREF USERNAME="kgrewal"/>
<USERREF USERNAME="sgosein"/>
<USERREF USERNAME="tbeasley"/>
<USERREF USERNAME="jserbu"/>
<USERREF USERNAME="mramos"/>
<USERREF USERNAME="tking"/>
<USERREF USERNAME="sbatterton"/>
<USERREF USERNAME="kcase"/>
<USERREF USERNAME="warris"/>
<USERREF USERNAME="smiller"/>
<USERREF USERNAME="shaamid"/>
<USERREF USERNAME="glee"/>
<USERREF USERNAME="jbeliles"/>
<USERREF USERNAME="jlamance"/>
<USERREF USERNAME="rholloway"/>
<USERREF USERNAME="ajesop"/>
<USERREF USERNAME="mgoffinet"/>
<USERREF USERNAME="lcraggs"/>
<USERREF USERNAME="vsudan"/>
<USERREF USERNAME="bpanella"/>
<USERREF USERNAME="jquezon"/>
<USERREF USERNAME="bsteele"/>
<USERREF USERNAME="talidina"/>
<USERREF USERNAME="cbutler"/>
<USERREF USERNAME="amelendezdedos"/>
<USERREF USERNAME="ngilbert"/>

</RIGHTSGROUP>

<RIGHTSGROUP  GROUPNAME="Study Manager">
<!-- Insert Users -->
<USERREF USERNAME="v7x0016"/>
<USERREF USERNAME="nt89612"/>
<USERREF USERNAME="v6x7983"/>
<USERREF USERNAME="zi20021"/>
<USERREF USERNAME="c152379"/>

</RIGHTSGROUP>

<RIGHTSGROUP  GROUPNAME="User Activator RG">
<!-- Insert Users -->
<USERREF USERNAME="ZPFdnagy"/>
<USERREF USERNAME="ZPFabalogh"/>
<USERREF USERNAME="ZPFepenzes"/>
<USERREF USERNAME="ZPFjktan"/>
<USERREF USERNAME="ZPFmandone"/>
<USERREF USERNAME="ZPFnkovacs"/>
<USERREF USERNAME="ZPFobodnar"/>
<USERREF USERNAME="ZPFprojas"/>
<USERREF USERNAME="ZPFrcalorico"/>
<USERREF USERNAME="ZPFrducusin"/>
<USERREF USERNAME="ZPFsdamato"/>
<USERREF USERNAME="ZPFvyana"/>
<USERREF USERNAME="ZPFedervishaj"/>
<USERREF USERNAME="ZPFckalinyak"/>

</RIGHTSGROUP>

<RIGHTSGROUP  GROUPNAME="User Manager RG">
<!-- Insert Users -->
<USERREF USERNAME="ZPFawarsama"/>
<USERREF USERNAME="ZPFapervaiz"/>
<USERREF USERNAME="ZPFcmercado"/>
<USERREF USERNAME="ZPFddiomede"/>
<USERREF USERNAME="ZPFdtorok"/>
<USERREF USERNAME="ZPFdvittay"/>
<USERREF USERNAME="ZPFekosa"/>
<USERREF USERNAME="ZPFfillesy"/>
<USERREF USERNAME="ZPFfvarga"/>
<USERREF USERNAME="ZPFgkrucso"/>
<USERREF USERNAME="ZPFgyvarga"/>
<USERREF USERNAME="ZPFijohl"/>
<USERREF USERNAME="ZPFkcco"/>
<USERREF USERNAME="ZPFkcsobalyka"/>
<USERREF USERNAME="ZPFkkovacs"/>
<USERREF USERNAME="ZPFklim"/>
<USERREF USERNAME="ZPFlbalubar"/>
<USERREF USERNAME="ZPFlmate"/>
<USERREF USERNAME="ZPFmkhella"/>
<USERREF USERNAME="ZPFmtoth"/>
<USERREF USERNAME="ZPFnqi"/>
<USERREF USERNAME="ZPFnreis"/>
<USERREF USERNAME="ZPFnvergara"/>
<USERREF USERNAME="ZPFoely"/>
<USERREF USERNAME="ZPFpvallar"/>
<USERREF USERNAME="ZPFrsulit"/>
<USERREF USERNAME="ZPFsaguilar"/>
<USERREF USERNAME="ZPFsdasilva"/>
<USERREF USERNAME="ZPFskholti"/>
<USERREF USERNAME="ZPFstayco"/>
<USERREF USERNAME="ZPFtcabanes"/>
<USERREF USERNAME="ZPFtfabian"/>
<USERREF USERNAME="ZPFaterjek"/>
<USERREF USERNAME="ZPFbnagy"/>

</RIGHTSGROUP>

</MEDMLDATA>