<?xml version="1.0"?>
<MEDMLDATA xmlns="PhaseForward-MedML-Inform4">


<SITE  NAME="(404) May C Ong Lam Inc"    MNEMONIC="404"
ADDRESS="502 1160 Burrard St Vancouver Alberta V6Z2E8"
COUNTRY="CANADA"
PHONE="16046882580"
ALTPHONE="1"
FAX="1"
TIMEZONE="(UTC-08:00) Pacific Time (US &#38; Canada)"
SITEDATEFORMAT="DAY_MONTH_YEAR"
STARTDATE="11/17/2015"
STUDYLOCALE="en-US"
SVAUTOSELECTRATE="100"
SVFIRSTNSUBJECTS="100"
/>


<SITE  NAME="(402) Okanagan Clinical Trials"    MNEMONIC="402"
ADDRESS="1353 Ellis Street Suite 204 Kelowna British Columbia V1Y 1Z9"
COUNTRY="CANADA"
PHONE="12508628141"
ALTPHONE="1"
FAX="1"
TIMEZONE="(UTC-08:00) Pacific Time (US &#38; Canada)"
SITEDATEFORMAT="DAY_MONTH_YEAR"
STARTDATE="11/17/2015"
STUDYLOCALE="en-US"
SVAUTOSELECTRATE="100"
SVFIRSTNSUBJECTS="100"
/>


<SITE  NAME="(408) Sameh Fikry Medicine Professional Corporation"    MNEMONIC="408"
ADDRESS="149 Union Street East Waterloo Ontario N2J 1C4 Canada"
COUNTRY="CANADA"
PHONE="15195698500"
ALTPHONE="1"
FAX="1"
TIMEZONE="(UTC-05:00) Eastern Time (US &#38; Canada)"
SITEDATEFORMAT="DAY_MONTH_YEAR"
STARTDATE="11/17/2015"
STUDYLOCALE="en-US"
SVAUTOSELECTRATE="100"
SVFIRSTNSUBJECTS="100"
/>


<SITE  NAME="(407) Diex Recherche Montreal inc"    MNEMONIC="407"
ADDRESS="9250 Boul L Acadie Suite 220 Montreal Quebec H4N 35C"
COUNTRY="CANADA"
PHONE="15142233439"
ALTPHONE="1"
FAX="1"
TIMEZONE="(UTC-05:00) Eastern Time (US &#38; Canada)"
SITEDATEFORMAT="DAY_MONTH_YEAR"
STARTDATE="11/17/2015"
STUDYLOCALE="en-US"
SVAUTOSELECTRATE="100"
SVFIRSTNSUBJECTS="100"
/>


<SITE  NAME="(403) T Nemtean Medicine Professional Corporation"    MNEMONIC="403"
ADDRESS="1221 Bloor Street East Mississauga Ontario L4Y 2N8"
COUNTRY="CANADA"
PHONE="19052729900"
ALTPHONE="1"
FAX="1"
TIMEZONE="(UTC-05:00) Eastern Time (US &#38; Canada)"
SITEDATEFORMAT="DAY_MONTH_YEAR"
STARTDATE="11/17/2015"
STUDYLOCALE="en-US"
SVAUTOSELECTRATE="100"
SVFIRSTNSUBJECTS="100"
/>


<SITE  NAME="(400) Aggarwal and Associates Ltd"    MNEMONIC="400"
ADDRESS="490 Bramalea Rd Suite 201 Brampton Ontario L6T 0G1"
COUNTRY="CANADA"
PHONE="19054589033"
ALTPHONE="1"
FAX="1"
TIMEZONE="(UTC-05:00) Eastern Time (US &#38; Canada)"
SITEDATEFORMAT="DAY_MONTH_YEAR"
STARTDATE="11/17/2015"
STUDYLOCALE="en-US"
SVAUTOSELECTRATE="100"
SVFIRSTNSUBJECTS="100"
/>


<SITE  NAME="(405) Manna Research Inc Toronto"    MNEMONIC="405"
ADDRESS="2291 Kipling Avenue Unit 117B Toronto Alberta M9W 4L6"
COUNTRY="CANADA"
PHONE="14167402895"
ALTPHONE="1"
FAX="1"
TIMEZONE="(UTC-05:00) Eastern Time (US &#38; Canada)"
SITEDATEFORMAT="DAY_MONTH_YEAR"
STARTDATE="11/17/2015"
STUDYLOCALE="en-US"
SVAUTOSELECTRATE="100"
SVFIRSTNSUBJECTS="100"
/>


<SITE  NAME="(401) Ottawa Headache Centre Research Inc"    MNEMONIC="401"
ADDRESS="1 Centrepointe Drive Ottawa Ontario K2G 6E2"
COUNTRY="CANADA"
PHONE="16132241223"
ALTPHONE="1"
FAX="1"
TIMEZONE="(UTC-05:00) Eastern Time (US &#38; Canada)"
SITEDATEFORMAT="DAY_MONTH_YEAR"
STARTDATE="11/17/2015"
STUDYLOCALE="en-US"
SVAUTOSELECTRATE="100"
SVFIRSTNSUBJECTS="100"
/>


<SITE  NAME="(406) Montreal Neurological Institute and Hospital"    MNEMONIC="406"
ADDRESS="3801 rue University Montreal Quebec H3A 2B4"
COUNTRY="CANADA"
PHONE="15143988553"
ALTPHONE="1"
FAX="1"
TIMEZONE="(UTC-05:00) Eastern Time (US &#38; Canada)"
SITEDATEFORMAT="DAY_MONTH_YEAR"
STARTDATE="11/17/2015"
STUDYLOCALE="en-US"
SVAUTOSELECTRATE="100"
SVFIRSTNSUBJECTS="100"
/>


<SITE  NAME="(304) Ruddy Guerra MD"    MNEMONIC="304"
ADDRESS="Pedro Blanco Lugo Building Suite 311 Manati Puerto Rico 674"
COUNTRY="PUERTO RICO"
PHONE="7877878845107"
ALTPHONE="787"
FAX="787"
TIMEZONE="(UTC-05:00) Eastern Time (US &#38; Canada)"
SITEDATEFORMAT="DAY_MONTH_YEAR"
STARTDATE="11/17/2015"
STUDYLOCALE="en-US"
SVAUTOSELECTRATE="100"
SVFIRSTNSUBJECTS="100"
/>


<SITE  NAME="(302) Instituto de Neurologia Dra Ivonne Fraga"    MNEMONIC="302"
ADDRESS="Professional Medical Plaza 708 Ave Ponce De Leon Ste 102 San Juan 00918"
COUNTRY="PUERTO RICO"
PHONE="7877877639312"
ALTPHONE="787"
FAX="787"
TIMEZONE="(UTC-05:00) Eastern Time (US &#38; Canada)"
SITEDATEFORMAT="DAY_MONTH_YEAR"
STARTDATE="11/17/2015"
STUDYLOCALE="en-US"
SVAUTOSELECTRATE="100"
SVFIRSTNSUBJECTS="100"
/>


<SITE  NAME="(305) Clinical Research Puerto Rico"    MNEMONIC="305"
ADDRESS="359 De Diego Avenue Suite 501 San Juan 00909"
COUNTRY="PUERTO RICO"
PHONE="7877877235945"
ALTPHONE="787"
FAX="787"
TIMEZONE="(UTC-05:00) Eastern Time (US &#38; Canada)"
SITEDATEFORMAT="DAY_MONTH_YEAR"
STARTDATE="11/17/2015"
STUDYLOCALE="en-US"
SVAUTOSELECTRATE="100"
SVFIRSTNSUBJECTS="100"
/>


<SITE  NAME="(303) Neuro GI Wellness Center"    MNEMONIC="303"
ADDRESS="Torre del Metropolitano Las Lomas Carr 21  1785 Suite 408 Rio Piedras 00922"
COUNTRY="PUERTO RICO"
PHONE="7877874559535"
ALTPHONE="787"
FAX="787"
TIMEZONE="(UTC-05:00) Eastern Time (US &#38; Canada)"
SITEDATEFORMAT="DAY_MONTH_YEAR"
STARTDATE="11/17/2015"
STUDYLOCALE="en-US"
SVAUTOSELECTRATE="100"
SVFIRSTNSUBJECTS="100"
/>


<SITE  NAME="(301) NuFrontiers Clinical Research LLC"    MNEMONIC="301"
ADDRESS="De Diego 369 Torre Hospital San Francisco Suite 505 Rio Piedras 00923"
COUNTRY="PUERTO RICO"
PHONE="7877877639005"
ALTPHONE="787"
FAX="787"
TIMEZONE="(UTC-05:00) Eastern Time (US &#38; Canada)"
SITEDATEFORMAT="DAY_MONTH_YEAR"
STARTDATE="11/17/2015"
STUDYLOCALE="en-US"
SVAUTOSELECTRATE="100"
SVFIRSTNSUBJECTS="100"
/>


<SITE  NAME="(125) Pharmacology Research Institute - Los Alamitos"    MNEMONIC="125"
ADDRESS="4281 Katella Avenue Suite 115 Los Alamitos California 90720"
COUNTRY="UNITED STATES"
PHONE="17148273667"
ALTPHONE="1"
FAX="1"
TIMEZONE="(UTC-08:00) Pacific Time (US &#38; Canada)"
SITEDATEFORMAT="DAY_MONTH_YEAR"
STARTDATE="11/17/2015"
STUDYLOCALE="en-US"
SVAUTOSELECTRATE="100"
SVFIRSTNSUBJECTS="100"
/>


<SITE  NAME="(120) Irvine Center for Clinical Research Inc"    MNEMONIC="120"
ADDRESS="16275 Laguna Canyon Road Suite 100 Irvine California 92618"
COUNTRY="UNITED STATES"
PHONE="19497531663"
ALTPHONE="1"
FAX="1"
TIMEZONE="(UTC-08:00) Pacific Time (US &#38; Canada)"
SITEDATEFORMAT="DAY_MONTH_YEAR"
STARTDATE="11/17/2015"
STUDYLOCALE="en-US"
SVAUTOSELECTRATE="100"
SVFIRSTNSUBJECTS="100"
/>


<SITE  NAME="(116) Wenatchee Valley Hospital and Clinics"    MNEMONIC="116"
ADDRESS="820 North Chelan Avenue Clinical Research Department Wenatchee Washington 98801"
COUNTRY="UNITED STATES"
PHONE="15096655800"
ALTPHONE="1"
FAX="1"
TIMEZONE="(UTC-08:00) Pacific Time (US &#38; Canada)"
SITEDATEFORMAT="DAY_MONTH_YEAR"
STARTDATE="11/17/2015"
STUDYLOCALE="en-US"
SVAUTOSELECTRATE="100"
SVFIRSTNSUBJECTS="100"
/>


<SITE  NAME="(111) Premier Clinical Research"    MNEMONIC="111"
ADDRESS="610 S Sherman St Ste201 Spokane Washington 99204"
COUNTRY="UNITED STATES"
PHONE="15093433710"
ALTPHONE="1"
FAX="1"
TIMEZONE="(UTC-08:00) Pacific Time (US &#38; Canada)"
SITEDATEFORMAT="DAY_MONTH_YEAR"
STARTDATE="11/17/2015"
STUDYLOCALE="en-US"
SVAUTOSELECTRATE="100"
SVFIRSTNSUBJECTS="100"
/>


<SITE  NAME="(109) Fullerton Neurology and Headache Center"    MNEMONIC="109"
ADDRESS="100 Laguna Road Suite 208 Fullerton California 92835"
COUNTRY="UNITED STATES"
PHONE="17147380800"
ALTPHONE="1"
FAX="1"
TIMEZONE="(UTC-08:00) Pacific Time (US &#38; Canada)"
SITEDATEFORMAT="DAY_MONTH_YEAR"
STARTDATE="11/17/2015"
STUDYLOCALE="en-US"
SVAUTOSELECTRATE="100"
SVFIRSTNSUBJECTS="100"
/>


<SITE  NAME="(106) Pharmacology Research Institute - Newport Beach"    MNEMONIC="106"
ADDRESS="1601 Dove Street Suite 290 Newport Beach California 92660"
COUNTRY="UNITED STATES"
PHONE="19497527936"
ALTPHONE="1"
FAX="1"
TIMEZONE="(UTC-08:00) Pacific Time (US &#38; Canada)"
SITEDATEFORMAT="DAY_MONTH_YEAR"
STARTDATE="11/17/2015"
STUDYLOCALE="en-US"
SVAUTOSELECTRATE="100"
SVFIRSTNSUBJECTS="100"
/>


<SITE  NAME="(104) Advanced Clinical Research"    MNEMONIC="104"
ADDRESS="5900 Coyle AveSuite C2 Carmichael California 95608"
COUNTRY="UNITED STATES"
PHONE="19165140163"
ALTPHONE="1"
FAX="1"
TIMEZONE="(UTC-08:00) Pacific Time (US &#38; Canada)"
SITEDATEFORMAT="DAY_MONTH_YEAR"
STARTDATE="11/17/2015"
STUDYLOCALE="en-US"
SVAUTOSELECTRATE="100"
SVFIRSTNSUBJECTS="100"
/>


<SITE  NAME="(100) Desert Valley Research"    MNEMONIC="100"
ADDRESS="41750 Rancho Las Palmas Drive Suite M Rancho Mirage California 92270"
COUNTRY="UNITED STATES"
PHONE="17604640470"
ALTPHONE="1"
FAX="1"
TIMEZONE="(UTC-08:00) Pacific Time (US &#38; Canada)"
SITEDATEFORMAT="DAY_MONTH_YEAR"
STARTDATE="11/17/2015"
STUDYLOCALE="en-US"
SVAUTOSELECTRATE="100"
SVFIRSTNSUBJECTS="100"
/>


<SITE  NAME="(121) Artemis Institute for Clinical Research"    MNEMONIC="121"
ADDRESS="770 West Washington Street Suite 300 San Diego California 92103"
COUNTRY="UNITED STATES"
PHONE="18582783647"
ALTPHONE="1"
FAX="1"
TIMEZONE="(UTC-08:00) Pacific Time (US &#38; Canada)"
SITEDATEFORMAT="DAY_MONTH_YEAR"
STARTDATE="11/17/2015"
STUDYLOCALE="en-US"
SVAUTOSELECTRATE="100"
SVFIRSTNSUBJECTS="100"
/>


<SITE  NAME="(119) Medical Center For Clinical Research"    MNEMONIC="119"
ADDRESS="9040 Friars Road Suite 540 San Diego California 92108"
COUNTRY="UNITED STATES"
PHONE="16195212830"
ALTPHONE="1"
FAX="1"
TIMEZONE="(UTC-08:00) Pacific Time (US &#38; Canada)"
SITEDATEFORMAT="DAY_MONTH_YEAR"
STARTDATE="11/17/2015"
STUDYLOCALE="en-US"
SVAUTOSELECTRATE="100"
SVFIRSTNSUBJECTS="100"
/>


<SITE  NAME="(112) Pharmacology Research Institute - Encino"    MNEMONIC="112"
ADDRESS="6345 Balboa Boulevard Building III Suite 363 Encino California 91316"
COUNTRY="UNITED STATES"
PHONE="18187057450"
ALTPHONE="1"
FAX="1"
TIMEZONE="(UTC-08:00) Pacific Time (US &#38; Canada)"
SITEDATEFORMAT="DAY_MONTH_YEAR"
STARTDATE="11/17/2015"
STUDYLOCALE="en-US"
SVAUTOSELECTRATE="100"
SVFIRSTNSUBJECTS="100"
/>


<SITE  NAME="(110) The Vancouver Clinic"    MNEMONIC="110"
ADDRESS="501 SE 172nd Ave Ste 260 Vancouver Washington 98684"
COUNTRY="UNITED STATES"
PHONE="13608822778"
ALTPHONE="1"
FAX="1"
TIMEZONE="(UTC-08:00) Pacific Time (US &#38; Canada)"
SITEDATEFORMAT="DAY_MONTH_YEAR"
STARTDATE="11/17/2015"
STUDYLOCALE="en-US"
SVAUTOSELECTRATE="100"
SVFIRSTNSUBJECTS="100"
/>


<SITE  NAME="(101) Anderson Clinical Research"    MNEMONIC="101"
ADDRESS="2068 Orange Tree Lane Suite 226 Redlands California 92374"
COUNTRY="UNITED STATES"
PHONE="19097929007"
ALTPHONE="1"
FAX="1"
TIMEZONE="(UTC-08:00) Pacific Time (US &#38; Canada)"
SITEDATEFORMAT="DAY_MONTH_YEAR"
STARTDATE="11/17/2015"
STUDYLOCALE="en-US"
SVAUTOSELECTRATE="100"
SVFIRSTNSUBJECTS="100"
/>


<SITE  NAME="(128) T JOSEPH RAOOF MD INC"    MNEMONIC="128"
ADDRESS="16133 VENTURA BOULEVARD SUITE 340 ENCINO California 91436"
COUNTRY="UNITED STATES"
PHONE="18187885060"
ALTPHONE="1"
FAX="1"
TIMEZONE="(UTC-08:00) Pacific Time (US &#38; Canada)"
SITEDATEFORMAT="DAY_MONTH_YEAR"
STARTDATE="11/17/2015"
STUDYLOCALE="en-US"
SVAUTOSELECTRATE="100"
SVFIRSTNSUBJECTS="100"
/>


<SITE  NAME="(124) Sun Valley Research Center"    MNEMONIC="124"
ADDRESS="2417 Marshall Avenue Suite 4 Imperial California 92251"
COUNTRY="UNITED STATES"
PHONE="17603550176"
ALTPHONE="1"
FAX="1"
TIMEZONE="(UTC-08:00) Pacific Time (US &#38; Canada)"
SITEDATEFORMAT="DAY_MONTH_YEAR"
STARTDATE="11/17/2015"
STUDYLOCALE="en-US"
SVAUTOSELECTRATE="100"
SVFIRSTNSUBJECTS="100"
/>


<SITE  NAME="(105) Summit Research Network Inc"    MNEMONIC="105"
ADDRESS="2701 Northwest Vaughn Street Suite 350 Portland Oregon 97225"
COUNTRY="UNITED STATES"
PHONE="15032798252"
ALTPHONE="1"
FAX="1"
TIMEZONE="(UTC-08:00) Pacific Time (US &#38; Canada)"
SITEDATEFORMAT="DAY_MONTH_YEAR"
STARTDATE="11/17/2015"
STUDYLOCALE="en-US"
SVAUTOSELECTRATE="100"
SVFIRSTNSUBJECTS="100"
/>


<SITE  NAME="(123) Advanced Neurosciences Research LLC"    MNEMONIC="123"
ADDRESS="2121 East Harmony Road Suite 180 Fort Collins Colorado 80528"
COUNTRY="UNITED STATES"
PHONE="19702266111"
ALTPHONE="1"
FAX="1"
TIMEZONE="(UTC-07:00) Mountain Time (US &#38; Canada)"
SITEDATEFORMAT="DAY_MONTH_YEAR"
STARTDATE="11/17/2015"
STUDYLOCALE="en-US"
SVAUTOSELECTRATE="100"
SVFIRSTNSUBJECTS="100"
/>


<SITE  NAME="(118) Mile High Research Center - Colorado Neurology and Headache Center"    MNEMONIC="118"
ADDRESS="1155 East 18th Avenue Denver Colorado 80218"
COUNTRY="UNITED STATES"
PHONE="13038399900"
ALTPHONE="1"
FAX="1"
TIMEZONE="(UTC-07:00) Mountain Time (US &#38; Canada)"
SITEDATEFORMAT="DAY_MONTH_YEAR"
STARTDATE="11/17/2015"
STUDYLOCALE="en-US"
SVAUTOSELECTRATE="100"
SVFIRSTNSUBJECTS="100"
/>


<SITE  NAME="(102) Alpine Clinical Research Center"    MNEMONIC="102"
ADDRESS="3434 47th Street Suite 201 Boulder Colorado 80301"
COUNTRY="UNITED STATES"
PHONE="13034437229"
ALTPHONE="1"
FAX="1"
TIMEZONE="(UTC-07:00) Mountain Time (US &#38; Canada)"
SITEDATEFORMAT="DAY_MONTH_YEAR"
STARTDATE="11/17/2015"
STUDYLOCALE="en-US"
SVAUTOSELECTRATE="100"
SVFIRSTNSUBJECTS="100"
/>


<SITE  NAME="(133) Advanced Clinical Research"    MNEMONIC="133"
ADDRESS="2950 E Magic View Dr Suite 182 Boise Idaho 83642"
COUNTRY="UNITED STATES"
PHONE="12083778653"
ALTPHONE="1"
FAX="1"
TIMEZONE="(UTC-07:00) Mountain Time (US &#38; Canada)"
SITEDATEFORMAT="DAY_MONTH_YEAR"
STARTDATE="11/17/2015"
STUDYLOCALE="en-US"
SVAUTOSELECTRATE="100"
SVFIRSTNSUBJECTS="100"
/>


<SITE  NAME="(117) Advanced Clinical Research Inc"    MNEMONIC="117"
ADDRESS="3590 West 9000 South Suite 300 West Jordan Utah 84088"
COUNTRY="UNITED STATES"
PHONE="18015428190"
ALTPHONE="1"
FAX="1"
TIMEZONE="(UTC-07:00) Mountain Time (US &#38; Canada)"
SITEDATEFORMAT="DAY_MONTH_YEAR"
STARTDATE="11/17/2015"
STUDYLOCALE="en-US"
SVAUTOSELECTRATE="100"
SVFIRSTNSUBJECTS="100"
/>


<SITE  NAME="(108) MCB Clinical Research Centers"    MNEMONIC="108"
ADDRESS="110 South Parkside Drive Colorado Springs Colorado 80910"
COUNTRY="UNITED STATES"
PHONE="17196346576"
ALTPHONE="1"
FAX="1"
TIMEZONE="(UTC-07:00) Mountain Time (US &#38; Canada)"
SITEDATEFORMAT="DAY_MONTH_YEAR"
STARTDATE="11/17/2015"
STUDYLOCALE="en-US"
SVAUTOSELECTRATE="100"
SVFIRSTNSUBJECTS="100"
/>


<SITE  NAME="(134) Territory Neurology and Research Institute"    MNEMONIC="134"
ADDRESS="1631 N Ina Road Suite 151 Tucson Arizona 85704"
COUNTRY="UNITED STATES"
PHONE="15207421833"
ALTPHONE="1"
FAX="1"
TIMEZONE="(UTC-07:00) Mountain Time (US &#38; Canada)"
SITEDATEFORMAT="DAY_MONTH_YEAR"
STARTDATE="11/17/2015"
STUDYLOCALE="en-US"
SVAUTOSELECTRATE="100"
SVFIRSTNSUBJECTS="100"
/>


<SITE  NAME="(130) Albuquerque Clinical Trials"    MNEMONIC="130"
ADDRESS="801 Encino Place NE Suite A 16 Albuquerque New Mexico 87102"
COUNTRY="UNITED STATES"
PHONE="15052247407"
ALTPHONE="1"
FAX="1"
TIMEZONE="(UTC-07:00) Mountain Time (US &#38; Canada)"
SITEDATEFORMAT="DAY_MONTH_YEAR"
STARTDATE="11/17/2015"
STUDYLOCALE="en-US"
SVAUTOSELECTRATE="100"
SVFIRSTNSUBJECTS="100"
/>


<SITE  NAME="(127) Orange Grove Family Practice  Radiant Research Inc"    MNEMONIC="127"
ADDRESS="2155 W Orange Grove Rd Tucson Arizona 85741"
COUNTRY="UNITED STATES"
PHONE="15203334515"
ALTPHONE="1"
FAX="1"
TIMEZONE="(UTC-07:00) Mountain Time (US &#38; Canada)"
SITEDATEFORMAT="DAY_MONTH_YEAR"
STARTDATE="11/17/2015"
STUDYLOCALE="en-US"
SVAUTOSELECTRATE="100"
SVFIRSTNSUBJECTS="100"
/>


<SITE  NAME="(122) Colorado Neurological Institute"    MNEMONIC="122"
ADDRESS="701 E Hampden Ave Ste 415 Englewood Colorado 80113"
COUNTRY="UNITED STATES"
PHONE="17203364300"
ALTPHONE="1"
FAX="1"
TIMEZONE="(UTC-07:00) Mountain Time (US &#38; Canada)"
SITEDATEFORMAT="DAY_MONTH_YEAR"
STARTDATE="11/17/2015"
STUDYLOCALE="en-US"
SVAUTOSELECTRATE="100"
SVFIRSTNSUBJECTS="100"
/>


<SITE  NAME="(114) Radiant Clinical Research LP"    MNEMONIC="114"
ADDRESS="8122 Datapoint Drive Suite 1010 San Antonio Texas 78229"
COUNTRY="UNITED STATES"
PHONE="12106147483"
ALTPHONE="1"
FAX="1"
TIMEZONE="(UTC-06:00) Central Time (US &#38; Canada)"
SITEDATEFORMAT="DAY_MONTH_YEAR"
STARTDATE="11/17/2015"
STUDYLOCALE="en-US"
SVAUTOSELECTRATE="100"
SVFIRSTNSUBJECTS="100"
/>


<SITE  NAME="(113) Future Search Clinical Trials LP"    MNEMONIC="113"
ADDRESS="5508 Parkcrest Drive Suite 300 Austin Texas 78731"
COUNTRY="UNITED STATES"
PHONE="15123809925"
ALTPHONE="1"
FAX="1"
TIMEZONE="(UTC-06:00) Central Time (US &#38; Canada)"
SITEDATEFORMAT="DAY_MONTH_YEAR"
STARTDATE="11/17/2015"
STUDYLOCALE="en-US"
SVAUTOSELECTRATE="100"
SVFIRSTNSUBJECTS="100"
/>


<SITE  NAME="(107) Clinical Trials of Texas Inc"    MNEMONIC="107"
ADDRESS="7940 Floyd Curl Drive Suite 700 San Antonio Texas 78229"
COUNTRY="UNITED STATES"
PHONE="12109490122"
ALTPHONE="1"
FAX="1"
TIMEZONE="(UTC-06:00) Central Time (US &#38; Canada)"
SITEDATEFORMAT="DAY_MONTH_YEAR"
STARTDATE="11/17/2015"
STUDYLOCALE="en-US"
SVAUTOSELECTRATE="100"
SVFIRSTNSUBJECTS="100"
/>


<SITE  NAME="(131) Protenium Clinical Research"    MNEMONIC="131"
ADDRESS="1725 Chadwick Ct Suite 200 Hurst Texas 76054"
COUNTRY="UNITED STATES"
PHONE="18172814156"
ALTPHONE="1"
FAX="1"
TIMEZONE="(UTC-06:00) Central Time (US &#38; Canada)"
SITEDATEFORMAT="DAY_MONTH_YEAR"
STARTDATE="11/17/2015"
STUDYLOCALE="en-US"
SVAUTOSELECTRATE="100"
SVFIRSTNSUBJECTS="100"
/>


<SITE  NAME="(115) Health Care Research Consultants"    MNEMONIC="115"
ADDRESS="4619 South Harvard Suite A Tulsa Oklahoma 74136"
COUNTRY="UNITED STATES"
PHONE="19187434002"
ALTPHONE="1"
FAX="1"
TIMEZONE="(UTC-06:00) Central Time (US &#38; Canada)"
SITEDATEFORMAT="DAY_MONTH_YEAR"
STARTDATE="11/17/2015"
STUDYLOCALE="en-US"
SVAUTOSELECTRATE="100"
SVFIRSTNSUBJECTS="100"
/>


<SITE  NAME="(103) ClinVest  A Division of Banyan Group Inc"    MNEMONIC="103"
ADDRESS="3805 S Kansas Expressway Springfield Missouri 65807"
COUNTRY="UNITED STATES"
PHONE="14178413615"
ALTPHONE="1"
FAX="1"
TIMEZONE="(UTC-06:00) Central Time (US &#38; Canada)"
SITEDATEFORMAT="DAY_MONTH_YEAR"
STARTDATE="11/17/2015"
STUDYLOCALE="en-US"
SVAUTOSELECTRATE="100"
SVFIRSTNSUBJECTS="100"
/>


<SITE  NAME="(126) Integrated Clinical Trial Services Inc"    MNEMONIC="126"
ADDRESS="1241 8th Street West Des Moines Iowa 50265"
COUNTRY="UNITED STATES"
PHONE="15153274782"
ALTPHONE="1"
FAX="1"
TIMEZONE="(UTC-06:00) Central Time (US &#38; Canada)"
SITEDATEFORMAT="DAY_MONTH_YEAR"
STARTDATE="11/17/2015"
STUDYLOCALE="en-US"
SVAUTOSELECTRATE="100"
SVFIRSTNSUBJECTS="100"
/>


<SITE  NAME="(191) Clinical Research Institute Inc"    MNEMONIC="191"
ADDRESS="825 Nicollet Mall Suite 1135 Minnepolis Minnesota 55402 United States"
COUNTRY="UNITED STATES"
PHONE="16123332200"
ALTPHONE="1"
FAX="1"
TIMEZONE="(UTC-06:00) Central Time (US &#38; Canada)"
SITEDATEFORMAT="DAY_MONTH_YEAR"
STARTDATE="11/17/2015"
STUDYLOCALE="en-US"
SVAUTOSELECTRATE="100"
SVFIRSTNSUBJECTS="100"
/>


<SITE  NAME="(132) Phoenix Medical Research Inc"    MNEMONIC="132"
ADDRESS="8340 Mission RoadSuite 205 Prairie Village Kansas 66206"
COUNTRY="UNITED STATES"
PHONE="19133817180"
ALTPHONE="1"
FAX="1"
TIMEZONE="(UTC-06:00) Central Time (US &#38; Canada)"
SITEDATEFORMAT="DAY_MONTH_YEAR"
STARTDATE="11/17/2015"
STUDYLOCALE="en-US"
SVAUTOSELECTRATE="100"
SVFIRSTNSUBJECTS="100"
/>


<SITE  NAME="(129) Arkansas Clinical Research"    MNEMONIC="129"
ADDRESS="701 North University Avenue Suite 101 Little Rock Arkansas 72205"
COUNTRY="UNITED STATES"
PHONE="15019079170"
ALTPHONE="1"
FAX="1"
TIMEZONE="(UTC-06:00) Central Time (US &#38; Canada)"
SITEDATEFORMAT="DAY_MONTH_YEAR"
STARTDATE="11/17/2015"
STUDYLOCALE="en-US"
SVAUTOSELECTRATE="100"
SVFIRSTNSUBJECTS="100"
/>


<SITE  NAME="(217) Healthy Perspectives  Innovative Mental Health Services PLLC"    MNEMONIC="217"
ADDRESS="30 Temple Street Suite 105 Nashua New Hampshire 03060"
COUNTRY="UNITED STATES"
PHONE="10"
ALTPHONE="1"
FAX="1"
TIMEZONE="(UTC-05:00) Eastern Time (US &#38; Canada)"
SITEDATEFORMAT="DAY_MONTH_YEAR"
STARTDATE="11/17/2015"
STUDYLOCALE="en-US"
SVAUTOSELECTRATE="100"
SVFIRSTNSUBJECTS="100"
/>


<SITE  NAME="(300) GCM Medical Group PSC"    MNEMONIC="300"
ADDRESS="1826 Fernandez Juncos San Juan Puerto Rico 00909"
COUNTRY="UNITED STATES"
PHONE="17877268396"
ALTPHONE="1"
FAX="1"
TIMEZONE="(UTC-05:00) Eastern Time (US &#38; Canada)"
SITEDATEFORMAT="DAY_MONTH_YEAR"
STARTDATE="11/17/2015"
STUDYLOCALE="en-US"
SVAUTOSELECTRATE="100"
SVFIRSTNSUBJECTS="100"
/>


<SITE  NAME="(242) Clinical Research Associates of Tidewater LLC"    MNEMONIC="242"
ADDRESS="400 Gresham Drive Norfolk West Virginia 23507"
COUNTRY="UNITED STATES"
PHONE="16154993404"
ALTPHONE="1"
FAX="1"
TIMEZONE="(UTC-05:00) Eastern Time (US &#38; Canada)"
SITEDATEFORMAT="DAY_MONTH_YEAR"
STARTDATE="11/17/2015"
STUDYLOCALE="en-US"
SVAUTOSELECTRATE="100"
SVFIRSTNSUBJECTS="100"
/>


<SITE  NAME="(235) Clinical Trials of South Carolina"    MNEMONIC="235"
ADDRESS="2695 Elms Plantation Blvd Suite A Charleston South Carolina 29406"
COUNTRY="UNITED STATES"
PHONE="18437255067"
ALTPHONE="1"
FAX="1"
TIMEZONE="(UTC-05:00) Eastern Time (US &#38; Canada)"
SITEDATEFORMAT="DAY_MONTH_YEAR"
STARTDATE="11/17/2015"
STUDYLOCALE="en-US"
SVAUTOSELECTRATE="100"
SVFIRSTNSUBJECTS="100"
/>


<SITE  NAME="(233) Volunteer Research Group LLC"    MNEMONIC="233"
ADDRESS="1928 Alcoa Highway Suite 107 Knoxville Tennessee 37920"
COUNTRY="UNITED STATES"
PHONE="18653059100"
ALTPHONE="1"
FAX="1"
TIMEZONE="(UTC-05:00) Eastern Time (US &#38; Canada)"
SITEDATEFORMAT="DAY_MONTH_YEAR"
STARTDATE="11/17/2015"
STUDYLOCALE="en-US"
SVAUTOSELECTRATE="100"
SVFIRSTNSUBJECTS="100"
/>


<SITE  NAME="(230) Michigan Head Pain and Neurological Institute"    MNEMONIC="230"
ADDRESS="3120 Professional Drive Ann Arbor Michigan 48104"
COUNTRY="UNITED STATES"
PHONE="17346776000"
ALTPHONE="1"
FAX="1"
TIMEZONE="(UTC-05:00) Eastern Time (US &#38; Canada)"
SITEDATEFORMAT="DAY_MONTH_YEAR"
STARTDATE="11/17/2015"
STUDYLOCALE="en-US"
SVAUTOSELECTRATE="100"
SVFIRSTNSUBJECTS="100"
/>


<SITE  NAME="(228) NYU Langone Medical Center"    MNEMONIC="228"
ADDRESS="240 East 38th St 20th floor New York New York 10016"
COUNTRY="UNITED STATES"
PHONE="12122637744"
ALTPHONE="1"
FAX="1"
TIMEZONE="(UTC-05:00) Eastern Time (US &#38; Canada)"
SITEDATEFORMAT="DAY_MONTH_YEAR"
STARTDATE="11/17/2015"
STUDYLOCALE="en-US"
SVAUTOSELECTRATE="100"
SVFIRSTNSUBJECTS="100"
/>


<SITE  NAME="(226) Fieve Clinical Research"    MNEMONIC="226"
ADDRESS="122 E 42nd Street Suite 2820 New York New York 10168"
COUNTRY="UNITED STATES"
PHONE="12127723570"
ALTPHONE="1"
FAX="1"
TIMEZONE="(UTC-05:00) Eastern Time (US &#38; Canada)"
SITEDATEFORMAT="DAY_MONTH_YEAR"
STARTDATE="11/17/2015"
STUDYLOCALE="en-US"
SVAUTOSELECTRATE="100"
SVFIRSTNSUBJECTS="100"
/>


<SITE  NAME="(223) Abington Neurological Associates"    MNEMONIC="223"
ADDRESS="2325 Maryland Road Suite 100 Willow Grove Pennsylvania 19090"
COUNTRY="UNITED STATES"
PHONE="12159579250"
ALTPHONE="1"
FAX="1"
TIMEZONE="(UTC-05:00) Eastern Time (US &#38; Canada)"
SITEDATEFORMAT="DAY_MONTH_YEAR"
STARTDATE="11/17/2015"
STUDYLOCALE="en-US"
SVAUTOSELECTRATE="100"
SVFIRSTNSUBJECTS="100"
/>


<SITE  NAME="(243) L Marc Louisville Metabolic and Atherosclerosis Research"    MNEMONIC="243"
ADDRESS="3288 Illinois Avenue Louisville Kentucky 40213"
COUNTRY="UNITED STATES"
PHONE="15025155672"
ALTPHONE="1"
FAX="1"
TIMEZONE="(UTC-05:00) Eastern Time (US &#38; Canada)"
SITEDATEFORMAT="DAY_MONTH_YEAR"
STARTDATE="11/17/2015"
STUDYLOCALE="en-US"
SVAUTOSELECTRATE="100"
SVFIRSTNSUBJECTS="100"
/>


<SITE  NAME="(240) Midwest Institute for Clinical Research"    MNEMONIC="240"
ADDRESS="8803 North Meridian Street Suite 200 Indianapolis Indiana 46260"
COUNTRY="UNITED STATES"
PHONE="13177057050"
ALTPHONE="1"
FAX="1"
TIMEZONE="(UTC-05:00) Eastern Time (US &#38; Canada)"
SITEDATEFORMAT="DAY_MONTH_YEAR"
STARTDATE="11/17/2015"
STUDYLOCALE="en-US"
SVAUTOSELECTRATE="100"
SVFIRSTNSUBJECTS="100"
/>


<SITE  NAME="(239) University of Toledo"    MNEMONIC="239"
ADDRESS="University of Toledo Medical Center Department of Neurology 3120 Glendale Ave Toledo Ohio 43614"
COUNTRY="UNITED STATES"
PHONE="14193836187"
ALTPHONE="1"
FAX="1"
TIMEZONE="(UTC-05:00) Eastern Time (US &#38; Canada)"
SITEDATEFORMAT="DAY_MONTH_YEAR"
STARTDATE="11/17/2015"
STUDYLOCALE="en-US"
SVAUTOSELECTRATE="100"
SVFIRSTNSUBJECTS="100"
/>


<SITE  NAME="(237) Central New York Clinical Research"    MNEMONIC="237"
ADDRESS="Route 92 The Market Place Manlius New York 13104"
COUNTRY="UNITED STATES"
PHONE="13156823263"
ALTPHONE="1"
FAX="1"
TIMEZONE="(UTC-05:00) Eastern Time (US &#38; Canada)"
SITEDATEFORMAT="DAY_MONTH_YEAR"
STARTDATE="11/17/2015"
STUDYLOCALE="en-US"
SVAUTOSELECTRATE="100"
SVFIRSTNSUBJECTS="100"
/>


<SITE  NAME="(234) Chase Medical Research LLC"    MNEMONIC="234"
ADDRESS="500 Chase Parkway 3rd Floor Waterbury Connecticut 06708"
COUNTRY="UNITED STATES"
PHONE="12034194420"
ALTPHONE="1"
FAX="1"
TIMEZONE="(UTC-05:00) Eastern Time (US &#38; Canada)"
SITEDATEFORMAT="DAY_MONTH_YEAR"
STARTDATE="11/17/2015"
STUDYLOCALE="en-US"
SVAUTOSELECTRATE="100"
SVFIRSTNSUBJECTS="100"
/>


<SITE  NAME="(224) ClinSearch LLC"    MNEMONIC="224"
ADDRESS="6035 Shallowford Road Suite 109 Chattanooga Tennessee 37421 1688"
COUNTRY="UNITED STATES"
PHONE="14236984584"
ALTPHONE="1"
FAX="1"
TIMEZONE="(UTC-05:00) Eastern Time (US &#38; Canada)"
SITEDATEFORMAT="DAY_MONTH_YEAR"
STARTDATE="11/17/2015"
STUDYLOCALE="en-US"
SVAUTOSELECTRATE="100"
SVFIRSTNSUBJECTS="100"
/>


<SITE  NAME="(221) Pharma Site Research Inc"    MNEMONIC="221"
ADDRESS="1314 Bedford Avenue Suite 205 Baltimore Maryland 21208"
COUNTRY="UNITED STATES"
PHONE="14106021440"
ALTPHONE="1"
FAX="1"
TIMEZONE="(UTC-05:00) Eastern Time (US &#38; Canada)"
SITEDATEFORMAT="DAY_MONTH_YEAR"
STARTDATE="11/17/2015"
STUDYLOCALE="en-US"
SVAUTOSELECTRATE="100"
SVFIRSTNSUBJECTS="100"
/>


<SITE  NAME="(218) Clinical Neuroscience Solutions Inc"    MNEMONIC="218"
ADDRESS="618 E South Street Suite 100 Orlando Florida 32801"
COUNTRY="UNITED STATES"
PHONE="14074255100"
ALTPHONE="1"
FAX="1"
TIMEZONE="(UTC-05:00) Eastern Time (US &#38; Canada)"
SITEDATEFORMAT="DAY_MONTH_YEAR"
STARTDATE="11/17/2015"
STUDYLOCALE="en-US"
SVAUTOSELECTRATE="100"
SVFIRSTNSUBJECTS="100"
/>


<SITE  NAME="(216) OtriMed Clinical Research"    MNEMONIC="216"
ADDRESS="162 Barnwood Drive Edgewood Kentucky 41017"
COUNTRY="UNITED STATES"
PHONE="18597571359"
ALTPHONE="1"
FAX="1"
TIMEZONE="(UTC-05:00) Eastern Time (US &#38; Canada)"
SITEDATEFORMAT="DAY_MONTH_YEAR"
STARTDATE="11/17/2015"
STUDYLOCALE="en-US"
SVAUTOSELECTRATE="100"
SVFIRSTNSUBJECTS="100"
/>


<SITE  NAME="(214) Research Institute of Deaconess Clinic- Gateway"    MNEMONIC="214"
ADDRESS="4233 Gateway Newburgh Indiana 47713 1227"
COUNTRY="UNITED STATES"
PHONE="18124269355"
ALTPHONE="1"
FAX="1"
TIMEZONE="(UTC-05:00) Eastern Time (US &#38; Canada)"
SITEDATEFORMAT="DAY_MONTH_YEAR"
STARTDATE="11/17/2015"
STUDYLOCALE="en-US"
SVAUTOSELECTRATE="100"
SVFIRSTNSUBJECTS="100"
/>


<SITE  NAME="(212) Headache Wellness Center"    MNEMONIC="212"
ADDRESS="1414 Yanceyville St Greensboro North Carolina 27405"
COUNTRY="UNITED STATES"
PHONE="13365748000"
ALTPHONE="1"
FAX="1"
TIMEZONE="(UTC-05:00) Eastern Time (US &#38; Canada)"
SITEDATEFORMAT="DAY_MONTH_YEAR"
STARTDATE="11/17/2015"
STUDYLOCALE="en-US"
SVAUTOSELECTRATE="100"
SVFIRSTNSUBJECTS="100"
/>


<SITE  NAME="(210) Suncoast Clinical Research- New Port Richey"    MNEMONIC="210"
ADDRESS="5604 Gulf Drive New Port Richey Florida 34652"
COUNTRY="UNITED STATES"
PHONE="17278494131"
ALTPHONE="1"
FAX="1"
TIMEZONE="(UTC-05:00) Eastern Time (US &#38; Canada)"
SITEDATEFORMAT="DAY_MONTH_YEAR"
STARTDATE="11/17/2015"
STUDYLOCALE="en-US"
SVAUTOSELECTRATE="100"
SVFIRSTNSUBJECTS="100"
/>


<SITE  NAME="(208) Charlottesville Medical Research"    MNEMONIC="208"
ADDRESS="325 Winding River Lane Suite 102 Charlottesville Virginia 22911"
COUNTRY="UNITED STATES"
PHONE="14348172442"
ALTPHONE="1"
FAX="1"
TIMEZONE="(UTC-05:00) Eastern Time (US &#38; Canada)"
SITEDATEFORMAT="DAY_MONTH_YEAR"
STARTDATE="11/17/2015"
STUDYLOCALE="en-US"
SVAUTOSELECTRATE="100"
SVFIRSTNSUBJECTS="100"
/>


<SITE  NAME="(204) Oviedo Medical Research LLC"    MNEMONIC="204"
ADDRESS="2441 W State Road 426 Suite 2011 Oviedo Florida 32765"
COUNTRY="UNITED STATES"
PHONE="14076786888"
ALTPHONE="1"
FAX="1"
TIMEZONE="(UTC-05:00) Eastern Time (US &#38; Canada)"
SITEDATEFORMAT="DAY_MONTH_YEAR"
STARTDATE="11/17/2015"
STUDYLOCALE="en-US"
SVAUTOSELECTRATE="100"
SVFIRSTNSUBJECTS="100"
/>


<SITE  NAME="(238) Sensible Healthcare"    MNEMONIC="238"
ADDRESS="2700 Old Winter Garden Road Ocoee Florida 34761"
COUNTRY="UNITED STATES"
PHONE="14076542724"
ALTPHONE="1"
FAX="1"
TIMEZONE="(UTC-05:00) Eastern Time (US &#38; Canada)"
SITEDATEFORMAT="DAY_MONTH_YEAR"
STARTDATE="11/17/2015"
STUDYLOCALE="en-US"
SVAUTOSELECTRATE="100"
SVFIRSTNSUBJECTS="100"
/>


<SITE  NAME="(236) Boston Clinical Trials Inc"    MNEMONIC="236"
ADDRESS="26 Cummins Highway Boston Massachusetts 02131"
COUNTRY="UNITED STATES"
PHONE="16174774868"
ALTPHONE="1"
FAX="1"
TIMEZONE="(UTC-05:00) Eastern Time (US &#38; Canada)"
SITEDATEFORMAT="DAY_MONTH_YEAR"
STARTDATE="11/17/2015"
STUDYLOCALE="en-US"
SVAUTOSELECTRATE="100"
SVFIRSTNSUBJECTS="100"
/>


<SITE  NAME="(232) Clinical Research Associates Inc"    MNEMONIC="232"
ADDRESS="1500 Church Street 100 Nashville Tennessee 37203"
COUNTRY="UNITED STATES"
PHONE="16153290197"
ALTPHONE="1"
FAX="1"
TIMEZONE="(UTC-05:00) Eastern Time (US &#38; Canada)"
SITEDATEFORMAT="DAY_MONTH_YEAR"
STARTDATE="11/17/2015"
STUDYLOCALE="en-US"
SVAUTOSELECTRATE="100"
SVFIRSTNSUBJECTS="100"
/>


<SITE  NAME="(231) National Clinical Research Inc"    MNEMONIC="231"
ADDRESS="2809 Emerywood Parkway Suite 140 Richmond Virginia 23294"
COUNTRY="UNITED STATES"
PHONE="18046722133"
ALTPHONE="1"
FAX="1"
TIMEZONE="(UTC-05:00) Eastern Time (US &#38; Canada)"
SITEDATEFORMAT="DAY_MONTH_YEAR"
STARTDATE="11/17/2015"
STUDYLOCALE="en-US"
SVAUTOSELECTRATE="100"
SVFIRSTNSUBJECTS="100"
/>


<SITE  NAME="(229) Robbins Headache Clinic"    MNEMONIC="229"
ADDRESS="2610 Lake Cook Rd Ste 160 Riverwoods Illinois 60015"
COUNTRY="UNITED STATES"
PHONE="18473749399"
ALTPHONE="1"
FAX="1"
TIMEZONE="(UTC-05:00) Eastern Time (US &#38; Canada)"
SITEDATEFORMAT="DAY_MONTH_YEAR"
STARTDATE="11/17/2015"
STUDYLOCALE="en-US"
SVAUTOSELECTRATE="100"
SVFIRSTNSUBJECTS="100"
/>


<SITE  NAME="(227) Dent Neurologic Institute - Amherst"    MNEMONIC="227"
ADDRESS="3980 Sheridan Dr Suite 200 Research 3rd Floor Amherst New York 14226"
COUNTRY="UNITED STATES"
PHONE="17165585670"
ALTPHONE="1"
FAX="1"
TIMEZONE="(UTC-05:00) Eastern Time (US &#38; Canada)"
SITEDATEFORMAT="DAY_MONTH_YEAR"
STARTDATE="11/17/2015"
STUDYLOCALE="en-US"
SVAUTOSELECTRATE="100"
SVFIRSTNSUBJECTS="100"
/>


<SITE  NAME="(222) Roskamp Institute"    MNEMONIC="222"
ADDRESS="Roskamp Institute 2040 Whitfield Ave Sarasota Florida 34243"
COUNTRY="UNITED STATES"
PHONE="19412568019"
ALTPHONE="1"
FAX="1"
TIMEZONE="(UTC-05:00) Eastern Time (US &#38; Canada)"
SITEDATEFORMAT="DAY_MONTH_YEAR"
STARTDATE="11/17/2015"
STUDYLOCALE="en-US"
SVAUTOSELECTRATE="100"
SVFIRSTNSUBJECTS="100"
/>


<SITE  NAME="(220) Sarkis Family Psychiatry"    MNEMONIC="220"
ADDRESS="611 Northwest 60th Street Suite C Gainesville Florida 32611"
COUNTRY="UNITED STATES"
PHONE="13523330094"
ALTPHONE="1"
FAX="1"
TIMEZONE="(UTC-05:00) Eastern Time (US &#38; Canada)"
SITEDATEFORMAT="DAY_MONTH_YEAR"
STARTDATE="11/17/2015"
STUDYLOCALE="en-US"
SVAUTOSELECTRATE="100"
SVFIRSTNSUBJECTS="100"
/>


<SITE  NAME="(219) Investigative Clinical Research of IN LLC"    MNEMONIC="219"
ADDRESS="1520 South R Street Elwood Indiana 46036"
COUNTRY="UNITED STATES"
PHONE="17655578076"
ALTPHONE="1"
FAX="1"
TIMEZONE="(UTC-05:00) Eastern Time (US &#38; Canada)"
SITEDATEFORMAT="DAY_MONTH_YEAR"
STARTDATE="11/17/2015"
STUDYLOCALE="en-US"
SVAUTOSELECTRATE="100"
SVFIRSTNSUBJECTS="100"
/>


<SITE  NAME="(215) Lehigh Center for Clinical Research"    MNEMONIC="215"
ADDRESS="401 North 17th Street Suite 207 Allentown Pennsylvania 18104"
COUNTRY="UNITED STATES"
PHONE="16108200342"
ALTPHONE="1"
FAX="1"
TIMEZONE="(UTC-05:00) Eastern Time (US &#38; Canada)"
SITEDATEFORMAT="DAY_MONTH_YEAR"
STARTDATE="11/17/2015"
STUDYLOCALE="en-US"
SVAUTOSELECTRATE="100"
SVFIRSTNSUBJECTS="100"
/>


<SITE  NAME="(213) Omega Medical Research"    MNEMONIC="213"
ADDRESS="400 Bald Hill Road Warwick Rhode Island 2886"
COUNTRY="UNITED STATES"
PHONE="14017399350"
ALTPHONE="1"
FAX="1"
TIMEZONE="(UTC-05:00) Eastern Time (US &#38; Canada)"
SITEDATEFORMAT="DAY_MONTH_YEAR"
STARTDATE="11/17/2015"
STUDYLOCALE="en-US"
SVAUTOSELECTRATE="100"
SVFIRSTNSUBJECTS="100"
/>


<SITE  NAME="(211) Rochester Clinical Research Inc"    MNEMONIC="211"
ADDRESS="500 Helendale Road Suite L20 Suite L 20 Rochester New York 14609"
COUNTRY="UNITED STATES"
PHONE="15852880890"
ALTPHONE="1"
FAX="1"
TIMEZONE="(UTC-05:00) Eastern Time (US &#38; Canada)"
SITEDATEFORMAT="DAY_MONTH_YEAR"
STARTDATE="11/17/2015"
STUDYLOCALE="en-US"
SVAUTOSELECTRATE="100"
SVFIRSTNSUBJECTS="100"
/>


<SITE  NAME="(209) Renstar Medical Research"    MNEMONIC="209"
ADDRESS="104 Southeast 1st Avenue Suite B Ocala Florida 34471"
COUNTRY="UNITED STATES"
PHONE="13526295800"
ALTPHONE="1"
FAX="1"
TIMEZONE="(UTC-05:00) Eastern Time (US &#38; Canada)"
SITEDATEFORMAT="DAY_MONTH_YEAR"
STARTDATE="11/17/2015"
STUDYLOCALE="en-US"
SVAUTOSELECTRATE="100"
SVFIRSTNSUBJECTS="100"
/>


<SITE  NAME="(205) DJL Clinical Research"    MNEMONIC="205"
ADDRESS="10502 Park Road Suite 100 Charlotte North Carolina 28210"
COUNTRY="UNITED STATES"
PHONE="17045419092"
ALTPHONE="1"
FAX="1"
TIMEZONE="(UTC-05:00) Eastern Time (US &#38; Canada)"
SITEDATEFORMAT="DAY_MONTH_YEAR"
STARTDATE="11/17/2015"
STUDYLOCALE="en-US"
SVAUTOSELECTRATE="100"
SVFIRSTNSUBJECTS="100"
/>


<SITE  NAME="(201) University of South Carolina School of Medicine Department of Neurology"    MNEMONIC="201"
ADDRESS="8 Medical Park Suite 420 Columbia South Carolina 29203"
COUNTRY="UNITED STATES"
PHONE="18035456050"
ALTPHONE="1"
FAX="1"
TIMEZONE="(UTC-05:00) Eastern Time (US &#38; Canada)"
SITEDATEFORMAT="DAY_MONTH_YEAR"
STARTDATE="11/17/2015"
STUDYLOCALE="en-US"
SVAUTOSELECTRATE="100"
SVFIRSTNSUBJECTS="100"
/>


<SITE  NAME="(244) Infinity Clinical Research Inc"    MNEMONIC="244"
ADDRESS="3537 N Pine Island Road Sunrise Fl 33351"
COUNTRY="UNITED STATES"
PHONE="19544758171"
ALTPHONE="1"
FAX="1"
TIMEZONE="(UTC-05:00) Eastern Time (US &#38; Canada)"
SITEDATEFORMAT="DAY_MONTH_YEAR"
STARTDATE="11/17/2015"
STUDYLOCALE="en-US"
SVAUTOSELECTRATE="100"
SVFIRSTNSUBJECTS="100"
/>


<SITE  NAME="(241) Premiere Research Institute"    MNEMONIC="241"
ADDRESS="4631 North Congress Avenue Suite 200 West Palm Beach Florida 33407"
COUNTRY="UNITED STATES"
PHONE="15618450900"
ALTPHONE="1"
FAX="1"
TIMEZONE="(UTC-05:00) Eastern Time (US &#38; Canada)"
SITEDATEFORMAT="DAY_MONTH_YEAR"
STARTDATE="11/17/2015"
STUDYLOCALE="en-US"
SVAUTOSELECTRATE="100"
SVFIRSTNSUBJECTS="100"
/>


<SITE  NAME="(225) Rapid Medical Research Inc"    MNEMONIC="225"
ADDRESS="3619 Park East Drive Suite 300 Cleveland Ohio 44122"
COUNTRY="UNITED STATES"
PHONE="12166820320"
ALTPHONE="1"
FAX="1"
TIMEZONE="(UTC-05:00) Eastern Time (US &#38; Canada)"
SITEDATEFORMAT="DAY_MONTH_YEAR"
STARTDATE="11/17/2015"
STUDYLOCALE="en-US"
SVAUTOSELECTRATE="100"
SVFIRSTNSUBJECTS="100"
/>


<SITE  NAME="(207) Meridien Research- Bradenton"    MNEMONIC="207"
ADDRESS="5700 State Road 64E Bradenton Florida 34208"
COUNTRY="UNITED STATES"
PHONE="19417568680"
ALTPHONE="1"
FAX="1"
TIMEZONE="(UTC-05:00) Eastern Time (US &#38; Canada)"
SITEDATEFORMAT="DAY_MONTH_YEAR"
STARTDATE="11/17/2015"
STUDYLOCALE="en-US"
SVAUTOSELECTRATE="100"
SVFIRSTNSUBJECTS="100"
/>


<SITE  NAME="(206) Healthcare Research Network II LLC Blue Island"    MNEMONIC="206"
ADDRESS="637 Dunn Road Suite 135 Hazelwood Missouri 63042"
COUNTRY="UNITED STATES"
PHONE="13149729600"
ALTPHONE="1"
FAX="1"
TIMEZONE="(UTC-05:00) Eastern Time (US &#38; Canada)"
SITEDATEFORMAT="DAY_MONTH_YEAR"
STARTDATE="11/17/2015"
STUDYLOCALE="en-US"
SVAUTOSELECTRATE="100"
SVFIRSTNSUBJECTS="100"
/>


<SITE  NAME="(203) Community Clinical Research Center - Anderson"    MNEMONIC="203"
ADDRESS="1221 Medical Arts Blvd Anderson Indiana 46011"
COUNTRY="UNITED STATES"
PHONE="17652982040"
ALTPHONE="1"
FAX="1"
TIMEZONE="(UTC-05:00) Eastern Time (US &#38; Canada)"
SITEDATEFORMAT="DAY_MONTH_YEAR"
STARTDATE="11/17/2015"
STUDYLOCALE="en-US"
SVAUTOSELECTRATE="100"
SVFIRSTNSUBJECTS="100"
/>


<SITE  NAME="(202) Preferred Primary Care Physicians- Curry Hollow Rd"    MNEMONIC="202"
ADDRESS="140 Curry Hollow Road Pittsburgh Pennsylvania 15236"
COUNTRY="UNITED STATES"
PHONE="14126505623"
ALTPHONE="1"
FAX="1"
TIMEZONE="(UTC-05:00) Eastern Time (US &#38; Canada)"
SITEDATEFORMAT="DAY_MONTH_YEAR"
STARTDATE="11/17/2015"
STUDYLOCALE="en-US"
SVAUTOSELECTRATE="100"
SVFIRSTNSUBJECTS="100"
/>


<SITE  NAME="(200) Clinical Investigation Specialists Inc"    MNEMONIC="200"
ADDRESS="6121 Green Bay Rd Ste 150 Kenosha Wisconsin 53142"
COUNTRY="UNITED STATES"
PHONE="12629251280"
ALTPHONE="1"
FAX="1"
TIMEZONE="(UTC-05:00) Eastern Time (US &#38; Canada)"
SITEDATEFORMAT="DAY_MONTH_YEAR"
STARTDATE="11/17/2015"
STUDYLOCALE="en-US"
SVAUTOSELECTRATE="100"
SVFIRSTNSUBJECTS="100"
/>


</MEDMLDATA>