<?xml version="1.0"?>
<MEDMLDATA xmlns="PhaseForward-MedML-Inform4">


<RIGHTSGROUP  GROUPNAME="Adjudicator">
<!-- Insert Users -->
<USERREF USERNAME="cshaffer"/>
<USERREF USERNAME="mheckman"/>

</RIGHTSGROUP>

<RIGHTSGROUP  GROUPNAME="Coding Query Rights Group">
<!-- Insert Users -->
<USERREF USERNAME="coder_query"/>

</RIGHTSGROUP>

<RIGHTSGROUP  GROUPNAME="Data Manager">
<!-- Insert Users -->
<USERREF USERNAME="z1x9560"/>
<USERREF USERNAME="c209784"/>
<USERREF USERNAME="z2x2266"/>
<USERREF USERNAME="c257069"/>

</RIGHTSGROUP>

<RIGHTSGROUP  GROUPNAME="GPS">
<!-- Insert Users -->
<USERREF USERNAME="c228247"/>
<USERREF USERNAME="c228248"/>
<USERREF USERNAME="c206591"/>
<USERREF USERNAME="ye91098"/>
<USERREF USERNAME="yex7231"/>
<USERREF USERNAME="yex7614"/>
<USERREF USERNAME="c244714"/>
<USERREF USERNAME="c194055"/>
<USERREF USERNAME="v6x8356"/>
<USERREF USERNAME="c039863"/>
<USERREF USERNAME="c244333"/>
<USERREF USERNAME="c060736"/>
<USERREF USERNAME="c135748"/>
<USERREF USERNAME="c083101"/>
<USERREF USERNAME="c243032"/>
<USERREF USERNAME="c257199"/>
<USERREF USERNAME="yex7750"/>
<USERREF USERNAME="yex7920"/>
<USERREF USERNAME="rm89018"/>
<USERREF USERNAME="c249923"/>
<USERREF USERNAME="c071673"/>
<USERREF USERNAME="u6x6712"/>
<USERREF USERNAME="c148827"/>
<USERREF USERNAME="c090108"/>
<USERREF USERNAME="c074090"/>
<USERREF USERNAME="c085302"/>
<USERREF USERNAME="c058698"/>
<USERREF USERNAME="c257195"/>
<USERREF USERNAME="c114196"/>
<USERREF USERNAME="wj01513"/>
<USERREF USERNAME="c181877"/>
<USERREF USERNAME="c218040"/>
<USERREF USERNAME="c206388"/>
<USERREF USERNAME="yex7972"/>
<USERREF USERNAME="c227370"/>
<USERREF USERNAME="c219898"/>
<USERREF USERNAME="c189327"/>
<USERREF USERNAME="c228250"/>
<USERREF USERNAME="ye73456"/>
<USERREF USERNAME="u7x4333"/>
<USERREF USERNAME="c069132"/>
<USERREF USERNAME="c247616"/>
<USERREF USERNAME="c249885"/>
<USERREF USERNAME="c149177"/>
<USERREF USERNAME="rm35504"/>
<USERREF USERNAME="c239605"/>
<USERREF USERNAME="c075541"/>
<USERREF USERNAME="a608760"/>
<USERREF USERNAME="c074342"/>
<USERREF USERNAME="a701824"/>
<USERREF USERNAME="c149470"/>
<USERREF USERNAME="c225389"/>
<USERREF USERNAME="yex8021"/>
<USERREF USERNAME="c199642"/>
<USERREF USERNAME="a015765"/>
<USERREF USERNAME="c203058"/>
<USERREF USERNAME="rm87794"/>
<USERREF USERNAME="c068502"/>
<USERREF USERNAME="c224208"/>
<USERREF USERNAME="c137396"/>
<USERREF USERNAME="c074429"/>
<USERREF USERNAME="c223292"/>
<USERREF USERNAME="c243030"/>
<USERREF USERNAME="c243048"/>
<USERREF USERNAME="c257193"/>
<USERREF USERNAME="c257194"/>
<USERREF USERNAME="c228246"/>
<USERREF USERNAME="c198562"/>
<USERREF USERNAME="c225889"/>
<USERREF USERNAME="c196568"/>
<USERREF USERNAME="c225929"/>
<USERREF USERNAME="c202987"/>
<USERREF USERNAME="v6x8058"/>
<USERREF USERNAME="c039853"/>
<USERREF USERNAME="c068505"/>
<USERREF USERNAME="c252078"/>
<USERREF USERNAME="c021984"/>
<USERREF USERNAME="c131994"/>
<USERREF USERNAME="c025980"/>
<USERREF USERNAME="c143125"/>
<USERREF USERNAME="rm37825"/>
<USERREF USERNAME="c196683"/>
<USERREF USERNAME="c100415"/>
<USERREF USERNAME="c149066"/>
<USERREF USERNAME="wj01740"/>
<USERREF USERNAME="c196248"/>
<USERREF USERNAME="c243054"/>
<USERREF USERNAME="c243049"/>
<USERREF USERNAME="c243031"/>
<USERREF USERNAME="c243050"/>
<USERREF USERNAME="c228249"/>

</RIGHTSGROUP>

<RIGHTSGROUP  GROUPNAME="Monitor">
<!-- Insert Users -->
<USERREF USERNAME="c232280"/>
<USERREF USERNAME="c179686"/>
<USERREF USERNAME="c238445"/>
<USERREF USERNAME="c235318"/>
<USERREF USERNAME="c263682"/>
<USERREF USERNAME="c238881"/>
<USERREF USERNAME="c232959"/>
<USERREF USERNAME="z2x2090"/>
<USERREF USERNAME="c236580"/>
<USERREF USERNAME="c229397"/>
<USERREF USERNAME="c266102"/>
<USERREF USERNAME="z2x5649"/>
<USERREF USERNAME="c266367"/>
<USERREF USERNAME="c218387"/>
<USERREF USERNAME="c200015"/>
<USERREF USERNAME="c244867"/>
<USERREF USERNAME="z2x6036"/>
<USERREF USERNAME="rx94172"/>
<USERREF USERNAME="C244002"/>
<USERREF USERNAME="c231881"/>
<USERREF USERNAME="z2x9961"/>
<USERREF USERNAME="c212917"/>
<USERREF USERNAME="c217794"/>
<USERREF USERNAME="c241479"/>
<USERREF USERNAME="C266152"/>
<USERREF USERNAME="c241476"/>
<USERREF USERNAME="c226455"/>
<USERREF USERNAME="c225835"/>
<USERREF USERNAME="c243003"/>
<USERREF USERNAME="c243488"/>
<USERREF USERNAME="z2x7246"/>
<USERREF USERNAME="z1x0698"/>
<USERREF USERNAME="z2x6670"/>
<USERREF USERNAME="c264783"/>
<USERREF USERNAME="z1x0694"/>
<USERREF USERNAME="z1x0689"/>
<USERREF USERNAME="c243493"/>
<USERREF USERNAME="z3x1553"/>
<USERREF USERNAME="c222557"/>
<USERREF USERNAME="z2x7245"/>
<USERREF USERNAME="c255221"/>
<USERREF USERNAME="c242122"/>
<USERREF USERNAME="c232284"/>
<USERREF USERNAME="z1x1819"/>
<USERREF USERNAME="c232276"/>
<USERREF USERNAME="c239136"/>
<USERREF USERNAME="c198899"/>
<USERREF USERNAME="c250530"/>
<USERREF USERNAME="z1x1861"/>
<USERREF USERNAME="c179696"/>

</RIGHTSGROUP>

<RIGHTSGROUP  GROUPNAME="Monitor Manager">
<!-- Insert Users -->
<USERREF USERNAME="c226969"/>
<USERREF USERNAME="c238459"/>
<USERREF USERNAME="c219438"/>
<USERREF USERNAME="c252655"/>
<USERREF USERNAME="c224311"/>
<USERREF USERNAME="z2x2414"/>

</RIGHTSGROUP>

<RIGHTSGROUP  GROUPNAME="ODM Rights Group">
<!-- Insert Users -->
<USERREF USERNAME="cc_auth"/>
<USERREF USERNAME="odm_user"/>

</RIGHTSGROUP>

<RIGHTSGROUP  GROUPNAME="PFView Only">
<!-- Insert Users -->
<USERREF USERNAME="ZPFkbarkoczi"/>

</RIGHTSGROUP>

<RIGHTSGROUP  GROUPNAME="PI">
<!-- Insert Users -->
<USERREF USERNAME="mselerova"/>
<USERREF USERNAME="lpetru"/>
<USERREF USERNAME="nkogan"/>
<USERREF USERNAME="gmagarinos"/>
<USERREF USERNAME="jaruano"/>
<USERREF USERNAME="svolc"/>
<USERREF USERNAME="mheister"/>
<USERREF USERNAME="akhariouzov"/>
<USERREF USERNAME="akleinheinz"/>
<USERREF USERNAME="pgonzalez"/>
<USERREF USERNAME="mgalimberti"/>
<USERREF USERNAME="pluna"/>
<USERREF USERNAME="jwoerheide"/>
<USERREF USERNAME="nbakos"/>
<USERREF USERNAME="pdosa"/>
<USERREF USERNAME="lkovago"/>
<USERREF USERNAME="eapostol"/>
<USERREF USERNAME="fgaiani"/>
<USERREF USERNAME="vslonkova"/>
<USERREF USERNAME="ebrezinova"/>
<USERREF USERNAME="cpaul"/>
<USERREF USERNAME="abduvalmodeste"/>
<USERREF USERNAME="ssidhu"/>
<USERREF USERNAME="lspelman"/>
<USERREF USERNAME="pweisenseel"/>
<USERREF USERNAME="cmuenchhausen"/>
<USERREF USERNAME="atsianakas"/>
<USERREF USERNAME="lkemeny"/>
<USERREF USERNAME="fpavlotsky"/>
<USERREF USERNAME="mramon"/>
<USERREF USERNAME="hkestrankova"/>
<USERREF USERNAME="kreich"/>
<USERREF USERNAME="mklemp"/>
<USERREF USERNAME="mziv"/>
<USERREF USERNAME="aweyergraf"/>
<USERREF USERNAME="mgalluzzo"/>
<USERREF USERNAME="pmalagoli"/>
<USERREF USERNAME="sgkalpakiotis"/>
<USERREF USERNAME="ofilipovska"/>
<USERREF USERNAME="astumpfova"/>
<USERREF USERNAME="okomarek"/>
<USERREF USERNAME="pvotypkova"/>
<USERREF USERNAME="birinyi"/>
<USERREF USERNAME="eremenyik"/>
<USERREF USERNAME="hsmatz"/>
<USERREF USERNAME="anarcisi"/>
<USERREF USERNAME="pfoley"/>
<USERREF USERNAME="kgebauer"/>
<USERREF USERNAME="drubel"/>
<USERREF USERNAME="parenberger"/>
<USERREF USERNAME="ehrncir"/>
<USERREF USERNAME="kkomarkova"/>
<USERREF USERNAME="jchlebkova"/>
<USERREF USERNAME="vvasku"/>

</RIGHTSGROUP>

<RIGHTSGROUP  GROUPNAME="PI Sign Only">
<!-- Insert Users -->
<USERREF USERNAME="mzirwas"/>
<USERREF USERNAME="apinter"/>
<USERREF USERNAME="kagsten"/>
<USERREF USERNAME="nvolks"/>
<USERREF USERNAME="sgerdes"/>
<USERREF USERNAME="kghoreschi"/>
<USERREF USERNAME="chong"/>
<USERREF USERNAME="nwasel"/>
<USERREF USERNAME="clynde"/>
<USERREF USERNAME="kschaekel"/>
<USERREF USERNAME="pterheyden"/>
<USERREF USERNAME="lbianchi"/>
<USERREF USERNAME="acostanzo"/>
<USERREF USERNAME="mgooderham"/>
<USERREF USERNAME="mkolanko"/>
<USERREF USERNAME="pcueva"/>
<USERREF USERNAME="efrankel"/>
<USERREF USERNAME="pjenkin"/>
<USERREF USERNAME="aarmstrong"/>
<USERREF USERNAME="jbrowning"/>
<USERREF USERNAME="dcohen"/>
<USERREF USERNAME="jcather"/>
<USERREF USERNAME="sfretzin"/>
<USERREF USERNAME="blockshin"/>
<USERREF USERNAME="cowen"/>
<USERREF USERNAME="drosmarin"/>
<USERREF USERNAME="ssmith"/>
<USERREF USERNAME="jsobell"/>
<USERREF USERNAME="agottlieb"/>
<USERREF USERNAME="rharris"/>
<USERREF USERNAME="dforsha"/>
<USERREF USERNAME="bmalisiewicz"/>
<USERREF USERNAME="rhamscho"/>
<USERREF USERNAME="nleitz"/>
<USERREF USERNAME="mjanczylojankowska"/>
<USERREF USERNAME="ekrolikowska"/>
<USERREF USERNAME="jweglowska"/>
<USERREF USERNAME="rczajkowski"/>
<USERREF USERNAME="aokuniewska"/>
<USERREF USERNAME="mslowinska"/>
<USERREF USERNAME="kturekurasinska"/>
<USERREF USERNAME="cmaari"/>
<USERREF USERNAME="kpapp"/>
<USERREF USERNAME="lguenther"/>
<USERREF USERNAME="aflorez"/>
<USERREF USERNAME="sguenthner"/>
<USERREF USERNAME="hhakeharris"/>
<USERREF USERNAME="cleonardi"/>
<USERREF USERNAME="prich"/>
<USERREF USERNAME="jgonzalez-chavez"/>
<USERREF USERNAME="belewski"/>
<USERREF USERNAME="sfeldman"/>
<USERREF USERNAME="tblicharski"/>
<USERREF USERNAME="akaszuba"/>
<USERREF USERNAME="mpoznanska"/>
<USERREF USERNAME="eszymanska"/>
<USERREF USERNAME="brewerska"/>
<USERREF USERNAME="rlangley"/>
<USERREF USERNAME="pherranz"/>
<USERREF USERNAME="jbagel"/>
<USERREF USERNAME="acruz"/>
<USERREF USERNAME="mbukhalo"/>
<USERREF USERNAME="nkorman"/>
<USERREF USERNAME="elain"/>
<USERREF USERNAME="ckahl"/>
<USERREF USERNAME="mwinnicki"/>
<USERREF USERNAME="umrowietz"/>
<USERREF USERNAME="arothhaar"/>
<USERREF USERNAME="tbobylev"/>
<USERREF USERNAME="dthaci"/>
<USERREF USERNAME="oweirich"/>
<USERREF USERNAME="chowington"/>
<USERREF USERNAME="alugosomolinos"/>
<USERREF USERNAME="dpariser"/>
<USERREF USERNAME="ssanchezrivera"/>
<USERREF USERNAME="jtravers"/>
<USERREF USERNAME="pyamauchi"/>

</RIGHTSGROUP>

<RIGHTSGROUP  GROUPNAME="Report Extractor">
<!-- Insert Users -->
<USERREF USERNAME="i6tmcamaj_RE"/>

</RIGHTSGROUP>

<RIGHTSGROUP  GROUPNAME="SC">
<!-- Insert Users -->
<USERREF USERNAME="clukemamn"/>
<USERREF USERNAME="bimkowalczuk"/>
<USERREF USERNAME="asoluch"/>
<USERREF USERNAME="calfaro"/>
<USERREF USERNAME="acoussegal"/>
<USERREF USERNAME="lcombes"/>
<USERREF USERNAME="cballuteaud"/>
<USERREF USERNAME="sstiti"/>
<USERREF USERNAME="kkoliha"/>
<USERREF USERNAME="dschroeder"/>
<USERREF USERNAME="lmirandamartinez"/>
<USERREF USERNAME="crivascanchez"/>
<USERREF USERNAME="jlee"/>
<USERREF USERNAME="sshuman"/>
<USERREF USERNAME="anguyen"/>
<USERREF USERNAME="hpaul"/>
<USERREF USERNAME="abraun"/>
<USERREF USERNAME="jweymann"/>
<USERREF USERNAME="krobel"/>
<USERREF USERNAME="cpalak"/>
<USERREF USERNAME="mgertz"/>
<USERREF USERNAME="akoehler"/>
<USERREF USERNAME="skobylinski"/>
<USERREF USERNAME="byanik"/>
<USERREF USERNAME="dwoyczak"/>
<USERREF USERNAME="detz"/>
<USERREF USERNAME="erozsa"/>
<USERREF USERNAME="vappelt"/>
<USERREF USERNAME="jluetjann"/>
<USERREF USERNAME="dhuelswitt"/>
<USERREF USERNAME="sluebberding"/>
<USERREF USERNAME="mroszko"/>
<USERREF USERNAME="mroszkiewicz"/>
<USERREF USERNAME="cbona"/>
<USERREF USERNAME="kwhitaker"/>
<USERREF USERNAME="tblondo"/>
<USERREF USERNAME="award"/>
<USERREF USERNAME="nscott"/>
<USERREF USERNAME="ndumont"/>
<USERREF USERNAME="lwozniak"/>
<USERREF USERNAME="ydouglas"/>
<USERREF USERNAME="iwhite"/>
<USERREF USERNAME="dshah"/>
<USERREF USERNAME="cjacobson"/>
<USERREF USERNAME="shalisky"/>
<USERREF USERNAME="kpeter"/>
<USERREF USERNAME="csmorta"/>
<USERREF USERNAME="bpoppingascholz"/>
<USERREF USERNAME="awolfgarten"/>
<USERREF USERNAME="cjuers"/>
<USERREF USERNAME="mdornermueller"/>
<USERREF USERNAME="bdethlefs"/>
<USERREF USERNAME="apaxino"/>
<USERREF USERNAME="rstolzenburg"/>
<USERREF USERNAME="khajdu"/>
<USERREF USERNAME="zvrancsik"/>
<USERREF USERNAME="agallo"/>
<USERREF USERNAME="bvanderstelf"/>
<USERREF USERNAME="aguenther"/>
<USERREF USERNAME="rroeger"/>
<USERREF USERNAME="ytrense"/>
<USERREF USERNAME="jlarbig"/>
<USERREF USERNAME="theiber"/>
<USERREF USERNAME="charrison"/>
<USERREF USERNAME="cmusolino"/>
<USERREF USERNAME="tholland"/>
<USERREF USERNAME="kkukan"/>
<USERREF USERNAME="tarok"/>
<USERREF USERNAME="enemes"/>
<USERREF USERNAME="kgerencser"/>
<USERREF USERNAME="kgaspar"/>
<USERREF USERNAME="emelegh"/>
<USERREF USERNAME="gchicco"/>
<USERREF USERNAME="mrydlova"/>
<USERREF USERNAME="auziallo"/>
<USERREF USERNAME="lpolackova"/>
<USERREF USERNAME="jkreimer"/>
<USERREF USERNAME="mmaskin"/>
<USERREF USERNAME="rgalimberti"/>
<USERREF USERNAME="rcano"/>
<USERREF USERNAME="dlaszcz"/>
<USERREF USERNAME="vmauleon"/>
<USERREF USERNAME="lvilanova"/>
<USERREF USERNAME="mbarton"/>
<USERREF USERNAME="igrudziecka"/>
<USERREF USERNAME="ggawlowski"/>
<USERREF USERNAME="apoznanska"/>
<USERREF USERNAME="kweglowski"/>
<USERREF USERNAME="pilnicka"/>
<USERREF USERNAME="dkostuch"/>
<USERREF USERNAME="aszczubial"/>
<USERREF USERNAME="egryciuk"/>
<USERREF USERNAME="keads"/>
<USERREF USERNAME="apoorman"/>
<USERREF USERNAME="gbosley"/>
<USERREF USERNAME="irojas"/>
<USERREF USERNAME="rkaler"/>
<USERREF USERNAME="gbarker"/>
<USERREF USERNAME="lkeck"/>
<USERREF USERNAME="amundy"/>
<USERREF USERNAME="jawatson"/>
<USERREF USERNAME="wdiaz"/>
<USERREF USERNAME="tschlesinger"/>
<USERREF USERNAME="ecates"/>
<USERREF USERNAME="cbadia"/>
<USERREF USERNAME="mgiles"/>
<USERREF USERNAME="sclark"/>
<USERREF USERNAME="cconze"/>
<USERREF USERNAME="sloitsch"/>
<USERREF USERNAME="hjakobs"/>
<USERREF USERNAME="yfranke"/>
<USERREF USERNAME="akuyumcuoglu"/>
<USERREF USERNAME="rveira"/>
<USERREF USERNAME="jrodriguezcarmona"/>
<USERREF USERNAME="jcasco"/>
<USERREF USERNAME="ccastro"/>
<USERREF USERNAME="nmarabini"/>
<USERREF USERNAME="mcasas"/>
<USERREF USERNAME="uadamska"/>
<USERREF USERNAME="cliebig"/>
<USERREF USERNAME="kjunge"/>
<USERREF USERNAME="jsiegmund"/>
<USERREF USERNAME="bniemeyer"/>
<USERREF USERNAME="nkrueger"/>
<USERREF USERNAME="scuviello"/>
<USERREF USERNAME="anemeth"/>
<USERREF USERNAME="isawhney"/>
<USERREF USERNAME="edrescher"/>
<USERREF USERNAME="jbastrilles"/>
<USERREF USERNAME="ubendor"/>
<USERREF USERNAME="odagan"/>
<USERREF USERNAME="scohen"/>
<USERREF USERNAME="swyona"/>
<USERREF USERNAME="oganon"/>
<USERREF USERNAME="dhershkovich"/>
<USERREF USERNAME="mkvetonova"/>
<USERREF USERNAME="kbradley"/>
<USERREF USERNAME="euy"/>
<USERREF USERNAME="rasbell"/>
<USERREF USERNAME="svalliant"/>
<USERREF USERNAME="nataliajimenez"/>
<USERREF USERNAME="ldelama"/>
<USERREF USERNAME="mlopez"/>
<USERREF USERNAME="bliebana"/>
<USERREF USERNAME="bnieradkoiwanicka"/>
<USERREF USERNAME="amyslinska"/>
<USERREF USERNAME="kpoznanskakurowska"/>
<USERREF USERNAME="jrajchert"/>
<USERREF USERNAME="imajchrowska"/>
<USERREF USERNAME="sokulowicz"/>
<USERREF USERNAME="mmachay"/>
<USERREF USERNAME="ajeziorowska"/>
<USERREF USERNAME="aalekseenko"/>
<USERREF USERNAME="egwiazda"/>
<USERREF USERNAME="mskrzypczyk"/>
<USERREF USERNAME="jpuchalska"/>
<USERREF USERNAME="pzielinska"/>
<USERREF USERNAME="gvillechenoux"/>
<USERREF USERNAME="eaugier"/>
<USERREF USERNAME="agabel"/>
<USERREF USERNAME="sbrayer"/>
<USERREF USERNAME="odeboves"/>
<USERREF USERNAME="criley"/>
<USERREF USERNAME="mduque"/>
<USERREF USERNAME="ucholewa"/>
<USERREF USERNAME="czverec"/>
<USERREF USERNAME="awallace"/>
<USERREF USERNAME="nancyjimenez"/>
<USERREF USERNAME="rpensini"/>
<USERREF USERNAME="mmaterna"/>
<USERREF USERNAME="jewatson"/>
<USERREF USERNAME="mfisher"/>

</RIGHTSGROUP>

<RIGHTSGROUP  GROUPNAME="Study Manager">
<!-- Insert Users -->
<USERREF USERNAME="c211656"/>
<USERREF USERNAME="c185854"/>
<USERREF USERNAME="rm97800"/>
<USERREF USERNAME="c245513"/>
<USERREF USERNAME="c211710"/>
<USERREF USERNAME="c609149"/>
<USERREF USERNAME="c085956"/>
<USERREF USERNAME="c096740"/>
<USERREF USERNAME="a614970"/>
<USERREF USERNAME="c163928"/>
<USERREF USERNAME="c212853"/>
<USERREF USERNAME="c190344"/>
<USERREF USERNAME="c076641"/>
<USERREF USERNAME="c243863"/>
<USERREF USERNAME="rm87514"/>
<USERREF USERNAME="c236105"/>

</RIGHTSGROUP>

<RIGHTSGROUP  GROUPNAME="Tier1_Admin">
<!-- Insert Users -->
<USERREF USERNAME="ZPFtishizuka"/>
<USERREF USERNAME="ZPFbgonzalez"/>
<USERREF USERNAME="ZPFoely"/>
<USERREF USERNAME="ZPFrducusin"/>
<USERREF USERNAME="ZPFndoria"/>
<USERREF USERNAME="ZPFadonio"/>
<USERREF USERNAME="ZPFedervishaj"/>
<USERREF USERNAME="ZPFidanyi"/>
<USERREF USERNAME="ZPFkcco"/>
<USERREF USERNAME="ZPFmcabuhayan"/>
<USERREF USERNAME="ZPFvbalint"/>
<USERREF USERNAME="ZPFmandone"/>
<USERREF USERNAME="ZPFralorico"/>
<USERREF USERNAME="ZPFdkawashima"/>
<USERREF USERNAME="ZPFmzsoldos"/>
<USERREF USERNAME="ZPFawarsama"/>
<USERREF USERNAME="ZPFevoubou"/>
<USERREF USERNAME="ZPFpvallar"/>
<USERREF USERNAME="ZPFaktoth"/>
<USERREF USERNAME="ZPFmtolgyesi"/>
<USERREF USERNAME="ZPFmtiamzon"/>
<USERREF USERNAME="ZPFakisfaludy"/>
<USERREF USERNAME="ZPFekosa"/>
<USERREF USERNAME="ZPFlmate"/>
<USERREF USERNAME="ZPFnmiklosi"/>
<USERREF USERNAME="ZPFcmolom"/>
<USERREF USERNAME="ZPFdmorales"/>
<USERREF USERNAME="ZPFpmore"/>
<USERREF USERNAME="ZPFdnagy"/>
<USERREF USERNAME="ZPFanakai"/>
<USERREF USERNAME="ZPFhnarwan"/>
<USERREF USERNAME="ZPFanyiri"/>
<USERREF USERNAME="ZPFrpadilla"/>
<USERREF USERNAME="ZPFpsafar"/>
<USERREF USERNAME="ZPFdszerencses"/>
<USERREF USERNAME="ZPFstayco"/>

</RIGHTSGROUP>

<RIGHTSGROUP  GROUPNAME="User Activator RG">
<!-- Insert Users -->
<USERREF USERNAME="ZPFmiwaki"/>

</RIGHTSGROUP>

<RIGHTSGROUP  GROUPNAME="User Manager RG">
<!-- Insert Users -->
<USERREF USERNAME="ZPFtcabanes"/>
<USERREF USERNAME="ZPFlbalubar"/>
<USERREF USERNAME="ZPFcarbolado"/>
<USERREF USERNAME="ZPFkalonzo"/>
<USERREF USERNAME="ZPFjalbento"/>
<USERREF USERNAME="ZPFnabogado"/>
<USERREF USERNAME="ZPFtfabian"/>

</RIGHTSGROUP>

</MEDMLDATA>