<?xml version="1.0"?>
<MEDMLDATA xmlns="PhaseForward-MedML-Inform4">


<SITE  NAME="(856) Halitus Instituto Médico"    MNEMONIC="856"
ADDRESS="Marcelo T De Alvear 2084  C1122AAF Ciudad Autónoma de Buenos Aires Argentina"
COUNTRY="ARGENTINA"
PHONE="545491152732080"
ALTPHONE="54"
FAX="54"
TIMEZONE="(UTC-03:00) City of Buenos Aires"
SITEDATEFORMAT="DAY_MONTH_YEAR"
STARTDATE="06/15/2018"
STUDYLOCALE="en-US"
SVAUTOSELECTRATE="100"
SVFIRSTNSUBJECTS="100"
/>


<SITE  NAME="(853) Instituto de Neumonología y Dermatología"    MNEMONIC="853"
ADDRESS="Arenales 2557 1er Piso A CABA"
COUNTRY="ARGENTINA"
PHONE="5401148230919"
ALTPHONE="54"
FAX="54"
TIMEZONE="(UTC-03:00) City of Buenos Aires"
SITEDATEFORMAT="DAY_MONTH_YEAR"
STARTDATE="06/15/2018"
STUDYLOCALE="en-US"
SVAUTOSELECTRATE="100"
SVFIRSTNSUBJECTS="100"
/>


<SITE  NAME="(851) Buenos Aires Skin"    MNEMONIC="851"
ADDRESS="Av Córdoba 1184 9no piso CABA C1055AAO Argentina"
COUNTRY="ARGENTINA"
PHONE="5401152190541"
ALTPHONE="54"
FAX="54"
TIMEZONE="(UTC-03:00) City of Buenos Aires"
SITEDATEFORMAT="DAY_MONTH_YEAR"
STARTDATE="06/15/2018"
STUDYLOCALE="en-US"
SVAUTOSELECTRATE="100"
SVFIRSTNSUBJECTS="100"
/>


<SITE  NAME="(857) Clínica Adventista Belgrano"    MNEMONIC="857"
ADDRESS="Estomba 1710 CABA Argentina"
COUNTRY="ARGENTINA"
PHONE="5401140141500"
ALTPHONE="54"
FAX="54"
TIMEZONE="(UTC-03:00) City of Buenos Aires"
SITEDATEFORMAT="DAY_MONTH_YEAR"
STARTDATE="06/15/2018"
STUDYLOCALE="en-US"
SVAUTOSELECTRATE="100"
SVFIRSTNSUBJECTS="100"
/>


<SITE  NAME="(855) Parra Dermatología"    MNEMONIC="855"
ADDRESS="JOSÉ FEDERICO MORENO 976 CIUDAD MENDOZA"
COUNTRY="ARGENTINA"
PHONE="542614237194"
ALTPHONE="54"
FAX="54"
TIMEZONE="(UTC-03:00) City of Buenos Aires"
SITEDATEFORMAT="DAY_MONTH_YEAR"
STARTDATE="06/15/2018"
STUDYLOCALE="en-US"
SVAUTOSELECTRATE="100"
SVFIRSTNSUBJECTS="100"
/>


<SITE  NAME="(854) Psoriahue Medicina Interdisciplinaria"    MNEMONIC="854"
ADDRESS="Bulnes 1937  2do A  C1425DKG CABA"
COUNTRY="ARGENTINA"
PHONE="5454118238755"
ALTPHONE="54"
FAX="54"
TIMEZONE="(UTC-03:00) City of Buenos Aires"
SITEDATEFORMAT="DAY_MONTH_YEAR"
STARTDATE="06/15/2018"
STUDYLOCALE="en-US"
SVAUTOSELECTRATE="100"
SVFIRSTNSUBJECTS="100"
/>


<SITE  NAME="(852) Centro de Neurociencias"    MNEMONIC="852"
ADDRESS="Juncal 2222 PB CABA"
COUNTRY="ARGENTINA"
PHONE="541160091205"
ALTPHONE="54"
FAX="54"
TIMEZONE="(UTC-03:00) City of Buenos Aires"
SITEDATEFORMAT="DAY_MONTH_YEAR"
STARTDATE="06/15/2018"
STUDYLOCALE="en-US"
SVAUTOSELECTRATE="100"
SVFIRSTNSUBJECTS="100"
/>


<SITE  NAME="(850) Centro de Investigaciones Metabólicas"    MNEMONIC="850"
ADDRESS="Viamonte 2278 C1056ABJ Argentina"
COUNTRY="ARGENTINA"
PHONE="5401150319915"
ALTPHONE="54"
FAX="54"
TIMEZONE="(UTC-03:00) City of Buenos Aires"
SITEDATEFORMAT="DAY_MONTH_YEAR"
STARTDATE="06/15/2018"
STUDYLOCALE="en-US"
SVAUTOSELECTRATE="100"
SVFIRSTNSUBJECTS="100"
/>


<SITE  NAME="(754) Veracity Clinical Research Pty Ltd"    MNEMONIC="754"
ADDRESS="Suite 18 Level 1 250 Ipswich Road Woolloongabba Queensland"
COUNTRY="AUSTRALIA"
PHONE="6161730391311"
ALTPHONE="61"
FAX="61"
TIMEZONE="(UTC+10:00) Canberra, Melbourne, Sydney"
SITEDATEFORMAT="DAY_MONTH_YEAR"
STARTDATE="06/15/2018"
STUDYLOCALE="en-US"
SVAUTOSELECTRATE="100"
SVFIRSTNSUBJECTS="100"
/>


<SITE  NAME="(752) Woden Dermatology"    MNEMONIC="752"
ADDRESS="1 Bowes Place Philip Australian Capital Territory"
COUNTRY="AUSTRALIA"
PHONE="6161262828410"
ALTPHONE="61"
FAX="61"
TIMEZONE="(UTC+10:00) Canberra, Melbourne, Sydney"
SITEDATEFORMAT="DAY_MONTH_YEAR"
STARTDATE="06/15/2018"
STUDYLOCALE="en-US"
SVAUTOSELECTRATE="100"
SVFIRSTNSUBJECTS="100"
/>


<SITE  NAME="(750) Skin and Cancer Foundation Inc"    MNEMONIC="750"
ADDRESS="Level 1 80 Drummond Street Carlton Melbourne Victoria"
COUNTRY="AUSTRALIA"
PHONE="6161396239431"
ALTPHONE="61"
FAX="61"
TIMEZONE="(UTC+10:00) Canberra, Melbourne, Sydney"
SITEDATEFORMAT="DAY_MONTH_YEAR"
STARTDATE="06/15/2018"
STUDYLOCALE="en-US"
SVAUTOSELECTRATE="100"
SVFIRSTNSUBJECTS="100"
/>


<SITE  NAME="(751) Fremantle Dermatology"    MNEMONIC="751"
ADDRESS="229 High Street Fremantle Perth Western Australia"
COUNTRY="AUSTRALIA"
PHONE="6161894304488"
ALTPHONE="61"
FAX="61"
TIMEZONE="(UTC+08:45) Eucla"
SITEDATEFORMAT="DAY_MONTH_YEAR"
STARTDATE="06/15/2018"
STUDYLOCALE="en-US"
SVAUTOSELECTRATE="100"
SVFIRSTNSUBJECTS="100"
/>


<SITE  NAME="(753) Clinical Trials SA Pty Ltd"    MNEMONIC="753"
ADDRESS="c-o North Eastern Health Specialists 230 St Bernards Road Hectorville"
COUNTRY="AUSTRALIA"
PHONE="6161883369073"
ALTPHONE="61"
FAX="61"
TIMEZONE="(UTC+08:45) Eucla"
SITEDATEFORMAT="DAY_MONTH_YEAR"
STARTDATE="06/15/2018"
STUDYLOCALE="en-US"
SVAUTOSELECTRATE="100"
SVFIRSTNSUBJECTS="100"
/>


<SITE  NAME="(107) Dr Chih-Ho Hong Medical Inc"    MNEMONIC="107"
ADDRESS="20-15300 105 Ave Surrey British Columbia  V3R 6A7"
COUNTRY="CANADA"
PHONE="116049531333"
ALTPHONE="1"
FAX="1"
TIMEZONE="(UTC-08:00) Pacific Time (US &#38; Canada)"
SITEDATEFORMAT="DAY_MONTH_YEAR"
STARTDATE="06/15/2018"
STUDYLOCALE="en-US"
SVAUTOSELECTRATE="100"
SVFIRSTNSUBJECTS="100"
/>


<SITE  NAME="(108) Stratica Medical"    MNEMONIC="108"
ADDRESS="10140 117 St NW Suite 200 Edmonton Alberta  T5K 1X3"
COUNTRY="CANADA"
PHONE="117804285554"
ALTPHONE="1"
FAX="1"
TIMEZONE="(UTC-07:00) Mountain Time (US &#38; Canada)"
SITEDATEFORMAT="DAY_MONTH_YEAR"
STARTDATE="06/15/2018"
STUDYLOCALE="en-US"
SVAUTOSELECTRATE="100"
SVFIRSTNSUBJECTS="100"
/>


<SITE  NAME="(109) Lynderm Research Inc"    MNEMONIC="109"
ADDRESS="25 Main Street Markham North Markham Ontario  L3P 1X2"
COUNTRY="CANADA"
PHONE="119054718011"
ALTPHONE="1"
FAX="1"
TIMEZONE="(UTC-05:00) Eastern Time (US &#38; Canada)"
SITEDATEFORMAT="DAY_MONTH_YEAR"
STARTDATE="06/15/2018"
STUDYLOCALE="en-US"
SVAUTOSELECTRATE="100"
SVFIRSTNSUBJECTS="100"
/>


<SITE  NAME="(106) The Guenther Dermatology Research Centre"    MNEMONIC="106"
ADDRESS="835 Richmond Street London Ontario N6A 3H7"
COUNTRY="CANADA"
PHONE="15194350127"
ALTPHONE="1"
FAX="1"
TIMEZONE="(UTC-05:00) Eastern Time (US &#38; Canada)"
SITEDATEFORMAT="DAY_MONTH_YEAR"
STARTDATE="06/15/2018"
STUDYLOCALE="en-US"
SVAUTOSELECTRATE="100"
SVFIRSTNSUBJECTS="100"
/>


<SITE  NAME="(104) K Papp Clincal Research Inc"    MNEMONIC="104"
ADDRESS="135 Union Street Waterloo Ontario  N2J 1C4"
COUNTRY="CANADA"
PHONE="115195799535"
ALTPHONE="1"
FAX="1"
TIMEZONE="(UTC-05:00) Eastern Time (US &#38; Canada)"
SITEDATEFORMAT="DAY_MONTH_YEAR"
STARTDATE="06/15/2018"
STUDYLOCALE="en-US"
SVAUTOSELECTRATE="100"
SVFIRSTNSUBJECTS="100"
/>


<SITE  NAME="(103) INNOVADERM Research Inc"    MNEMONIC="103"
ADDRESS="1851 Sherbrooke St East Suite 502 Montreal Quebec  H2K 4L5"
COUNTRY="CANADA"
PHONE="115145214285"
ALTPHONE="1"
FAX="1"
TIMEZONE="(UTC-05:00) Eastern Time (US &#38; Canada)"
SITEDATEFORMAT="DAY_MONTH_YEAR"
STARTDATE="06/15/2018"
STUDYLOCALE="en-US"
SVAUTOSELECTRATE="100"
SVFIRSTNSUBJECTS="100"
/>


<SITE  NAME="(101) Skin Centre for Dermatology"    MNEMONIC="101"
ADDRESS="775 Monaghan Road Peterborough Ontario  K9J5K2"
COUNTRY="CANADA"
PHONE="117058741533"
ALTPHONE="1"
FAX="1"
TIMEZONE="(UTC-05:00) Eastern Time (US &#38; Canada)"
SITEDATEFORMAT="DAY_MONTH_YEAR"
STARTDATE="06/15/2018"
STUDYLOCALE="en-US"
SVAUTOSELECTRATE="100"
SVFIRSTNSUBJECTS="100"
/>


<SITE  NAME="(102) Eastern Canada Cutaneous Research Associates Ltd"    MNEMONIC="102"
ADDRESS="6054 Coburg Rd B3H 1Z2 Halifax Nova Scotia  B3H1Z2"
COUNTRY="CANADA"
PHONE="119024258038"
ALTPHONE="1"
FAX="1"
TIMEZONE="(UTC-04:00) Atlantic Time (Canada)"
SITEDATEFORMAT="DAY_MONTH_YEAR"
STARTDATE="06/15/2018"
STUDYLOCALE="en-US"
SVAUTOSELECTRATE="100"
SVFIRSTNSUBJECTS="100"
/>


<SITE  NAME="(955) Kozni ambulance Kutna Hora sro"    MNEMONIC="955"
ADDRESS="Kourimska 915 284 30 Kutna Hora"
COUNTRY="CZECH REPUBLIC"
PHONE="420420327503221"
ALTPHONE="420"
FAX="420"
TIMEZONE="(UTC+01:00) Sarajevo, Skopje, Warsaw, Zagreb"
SITEDATEFORMAT="DAY_MONTH_YEAR"
STARTDATE="06/15/2018"
STUDYLOCALE="en-US"
SVAUTOSELECTRATE="100"
SVFIRSTNSUBJECTS="100"
/>


<SITE  NAME="(954) I Dermatovenerologicka klinika FNUSA"    MNEMONIC="954"
ADDRESS="Pekarska 53 656 91 Brno"
COUNTRY="CZECH REPUBLIC"
PHONE="420420543182794"
ALTPHONE="420"
FAX="420"
TIMEZONE="(UTC+01:00) Sarajevo, Skopje, Warsaw, Zagreb"
SITEDATEFORMAT="DAY_MONTH_YEAR"
STARTDATE="06/15/2018"
STUDYLOCALE="en-US"
SVAUTOSELECTRATE="100"
SVFIRSTNSUBJECTS="100"
/>


<SITE  NAME="(953) Kozni oddeleni Nemocnice Novy Jicin"    MNEMONIC="953"
ADDRESS="Purkynova 2138-16 741 01 Novy Jicin"
COUNTRY="CZECH REPUBLIC"
PHONE="420420556773538"
ALTPHONE="420"
FAX="420"
TIMEZONE="(UTC+01:00) Sarajevo, Skopje, Warsaw, Zagreb"
SITEDATEFORMAT="DAY_MONTH_YEAR"
STARTDATE="06/15/2018"
STUDYLOCALE="en-US"
SVAUTOSELECTRATE="100"
SVFIRSTNSUBJECTS="100"
/>


<SITE  NAME="(952) Clintrial sro"    MNEMONIC="952"
ADDRESS="Pocernicka 1427-16 100 00 Praha 10"
COUNTRY="CZECH REPUBLIC"
PHONE="420420222510607"
ALTPHONE="420"
FAX="420"
TIMEZONE="(UTC+01:00) Sarajevo, Skopje, Warsaw, Zagreb"
SITEDATEFORMAT="DAY_MONTH_YEAR"
STARTDATE="06/15/2018"
STUDYLOCALE="en-US"
SVAUTOSELECTRATE="100"
SVFIRSTNSUBJECTS="100"
/>


<SITE  NAME="(951) Kozni oddeleni MNUL"    MNEMONIC="951"
ADDRESS="Socialni pece 3316-12 A 401 13 Usti nad Labem"
COUNTRY="CZECH REPUBLIC"
PHONE="420420267162340"
ALTPHONE="420"
FAX="420"
TIMEZONE="(UTC+01:00) Sarajevo, Skopje, Warsaw, Zagreb"
SITEDATEFORMAT="DAY_MONTH_YEAR"
STARTDATE="06/15/2018"
STUDYLOCALE="en-US"
SVAUTOSELECTRATE="100"
SVFIRSTNSUBJECTS="100"
/>


<SITE  NAME="(950) Dermatovenerologicka klinika FNKV"    MNEMONIC="950"
ADDRESS="Srobarova 50 100 34 Praha 10"
COUNTRY="CZECH REPUBLIC"
PHONE="420420267162340"
ALTPHONE="420"
FAX="420"
TIMEZONE="(UTC+01:00) Sarajevo, Skopje, Warsaw, Zagreb"
SITEDATEFORMAT="DAY_MONTH_YEAR"
STARTDATE="06/15/2018"
STUDYLOCALE="en-US"
SVAUTOSELECTRATE="100"
SVFIRSTNSUBJECTS="100"
/>


<SITE  NAME="(255) CH du Mans"    MNEMONIC="255"
ADDRESS="CHU Dupuytren Service de Dermatologie 4ème étage 2 AV MARTIN LUTHER KING  87042 LIMOGES CEDEX"
COUNTRY="FRANCE"
PHONE="3333243432485"
ALTPHONE="33"
FAX="33"
TIMEZONE="(UTC+01:00) Sarajevo, Skopje, Warsaw, Zagreb"
SITEDATEFORMAT="DAY_MONTH_YEAR"
STARTDATE="06/15/2018"
STUDYLOCALE="en-US"
SVAUTOSELECTRATE="100"
SVFIRSTNSUBJECTS="100"
/>


<SITE  NAME="(253) CHU Nice Hôpital de lArchet Service de dermatologie"    MNEMONIC="253"
ADDRESS="CHU Dupuytren Service de Dermatologie 4ème étage 2 AV MARTIN LUTHER KING  87042 LIMOGES CEDEX"
COUNTRY="FRANCE"
PHONE="3333492036119"
ALTPHONE="33"
FAX="33"
TIMEZONE="(UTC+01:00) Sarajevo, Skopje, Warsaw, Zagreb"
SITEDATEFORMAT="DAY_MONTH_YEAR"
STARTDATE="06/15/2018"
STUDYLOCALE="en-US"
SVAUTOSELECTRATE="100"
SVFIRSTNSUBJECTS="100"
/>


<SITE  NAME="(252) Hôpital Saint Eloi - Service de dermatologie"    MNEMONIC="252"
ADDRESS="CHU Dupuytren Service de Dermatologie 4ème étage 2 AV MARTIN LUTHER KING  87042 LIMOGES CEDEX"
COUNTRY="FRANCE"
PHONE="3333467336906"
ALTPHONE="33"
FAX="33"
TIMEZONE="(UTC+01:00) Sarajevo, Skopje, Warsaw, Zagreb"
SITEDATEFORMAT="DAY_MONTH_YEAR"
STARTDATE="06/15/2018"
STUDYLOCALE="en-US"
SVAUTOSELECTRATE="100"
SVFIRSTNSUBJECTS="100"
/>


<SITE  NAME="(250) CHRU DE LIMOGES HOPITAL DUPUYTREN"    MNEMONIC="250"
ADDRESS="CHU Dupuytren Service de Dermatologie 4ème étage 2 AV MARTIN LUTHER KING  87042 LIMOGES CEDEX"
COUNTRY="FRANCE"
PHONE="3333555056430"
ALTPHONE="33"
FAX="33"
TIMEZONE="(UTC+01:00) Sarajevo, Skopje, Warsaw, Zagreb"
SITEDATEFORMAT="DAY_MONTH_YEAR"
STARTDATE="06/15/2018"
STUDYLOCALE="en-US"
SVAUTOSELECTRATE="100"
SVFIRSTNSUBJECTS="100"
/>


<SITE  NAME="(257) Cabinet médical du Dr Ruer"    MNEMONIC="257"
ADDRESS="CHU Dupuytren Service de Dermatologie 4ème étage 2 AV MARTIN LUTHER KING 87042 LIMOGES CEDEX"
COUNTRY="FRANCE"
PHONE="3333442801013"
ALTPHONE="33"
FAX="33"
TIMEZONE="(UTC+01:00) Sarajevo, Skopje, Warsaw, Zagreb"
SITEDATEFORMAT="DAY_MONTH_YEAR"
STARTDATE="06/15/2018"
STUDYLOCALE="en-US"
SVAUTOSELECTRATE="100"
SVFIRSTNSUBJECTS="100"
/>


<SITE  NAME="(256) CHU de Rouen Hopital Charles Nicolle"    MNEMONIC="256"
ADDRESS="CHU Dupuytren Service de Dermatologie 4ème étage 2 AV MARTIN LUTHER KING 87042 LIMOGES CEDEX"
COUNTRY="FRANCE"
PHONE="3333232888141"
ALTPHONE="33"
FAX="33"
TIMEZONE="(UTC+01:00) Sarajevo, Skopje, Warsaw, Zagreb"
SITEDATEFORMAT="DAY_MONTH_YEAR"
STARTDATE="06/15/2018"
STUDYLOCALE="en-US"
SVAUTOSELECTRATE="100"
SVFIRSTNSUBJECTS="100"
/>


<SITE  NAME="(254) Hôpital Larrey - Service de dermatologie"    MNEMONIC="254"
ADDRESS="CHU Dupuytren Service de Dermatologie 4ème étage 2 AV MARTIN LUTHER KING  87042 LIMOGES CEDEX"
COUNTRY="FRANCE"
PHONE="3333567778140"
ALTPHONE="33"
FAX="33"
TIMEZONE="(UTC+01:00) Sarajevo, Skopje, Warsaw, Zagreb"
SITEDATEFORMAT="DAY_MONTH_YEAR"
STARTDATE="06/15/2018"
STUDYLOCALE="en-US"
SVAUTOSELECTRATE="100"
SVFIRSTNSUBJECTS="100"
/>


<SITE  NAME="(251) Hôpital Saint-André - Service de Dermatologie"    MNEMONIC="251"
ADDRESS="CHU Dupuytren Service de Dermatologie 4ème étage 2 AV MARTIN LUTHER KING 87042 LIMOGES CEDEX"
COUNTRY="FRANCE"
PHONE="333355794963"
ALTPHONE="33"
FAX="33"
TIMEZONE="(UTC+01:00) Sarajevo, Skopje, Warsaw, Zagreb"
SITEDATEFORMAT="DAY_MONTH_YEAR"
STARTDATE="06/15/2018"
STUDYLOCALE="en-US"
SVAUTOSELECTRATE="100"
SVFIRSTNSUBJECTS="100"
/>


<SITE  NAME="(418) Rosenparkklinik GmbH"    MNEMONIC="418"
ADDRESS="Rheinstrasse 14 64283 Darmstadt"
COUNTRY="GERMANY"
PHONE="49496151627070"
ALTPHONE="49"
FAX="49"
TIMEZONE="(UTC+01:00) Sarajevo, Skopje, Warsaw, Zagreb"
SITEDATEFORMAT="DAY_MONTH_YEAR"
STARTDATE="06/15/2018"
STUDYLOCALE="en-US"
SVAUTOSELECTRATE="100"
SVFIRSTNSUBJECTS="100"
/>


<SITE  NAME="(419) Dermatologisches Zentrum Osnabrück Nord"    MNEMONIC="419"
ADDRESS="Hasestrasse 17 49565 Bramsche"
COUNTRY="GERMANY"
PHONE="49495465778"
ALTPHONE="49"
FAX="49"
TIMEZONE="(UTC+01:00) Sarajevo, Skopje, Warsaw, Zagreb"
SITEDATEFORMAT="DAY_MONTH_YEAR"
STARTDATE="06/15/2018"
STUDYLOCALE="en-US"
SVAUTOSELECTRATE="100"
SVFIRSTNSUBJECTS="100"
/>


<SITE  NAME="(417) Fachklinik Bad Bentheim"    MNEMONIC="417"
ADDRESS="Am Bade 1 48455 Bad Bentheim"
COUNTRY="GERMANY"
PHONE="49495922745210"
ALTPHONE="49"
FAX="49"
TIMEZONE="(UTC+01:00) Belgrade, Bratislava, Budapest, Ljubljana, Prague"
SITEDATEFORMAT="DAY_MONTH_YEAR"
STARTDATE="06/15/2018"
STUDYLOCALE="en-US"
SVAUTOSELECTRATE="100"
SVFIRSTNSUBJECTS="100"
/>


<SITE  NAME="(416) Universitätsklinikum Schleswig-Holstein Campus Lübeck"    MNEMONIC="416"
ADDRESS="Ratzeburger Allee 160 23538 Lübeck"
COUNTRY="GERMANY"
PHONE="49494515005165"
ALTPHONE="49"
FAX="49"
TIMEZONE="(UTC+01:00) Belgrade, Bratislava, Budapest, Ljubljana, Prague"
SITEDATEFORMAT="DAY_MONTH_YEAR"
STARTDATE="06/15/2018"
STUDYLOCALE="en-US"
SVAUTOSELECTRATE="100"
SVFIRSTNSUBJECTS="100"
/>


<SITE  NAME="(415) Universitätsklinikum Heidelberg"    MNEMONIC="415"
ADDRESS="Im Neuenheimer Feld 440 69120 Heidelberg"
COUNTRY="GERMANY"
PHONE="494962215638595"
ALTPHONE="49"
FAX="49"
TIMEZONE="(UTC+01:00) Belgrade, Bratislava, Budapest, Ljubljana, Prague"
SITEDATEFORMAT="DAY_MONTH_YEAR"
STARTDATE="06/15/2018"
STUDYLOCALE="en-US"
SVAUTOSELECTRATE="100"
SVFIRSTNSUBJECTS="100"
/>


<SITE  NAME="(414) Hautärztliche Gemeinschaftspraxis Dres LeitzAndKollegen"    MNEMONIC="414"
ADDRESS="Marienstrasse 1 70178 Stuttgart"
COUNTRY="GERMANY"
PHONE="494971122931684"
ALTPHONE="49"
FAX="49"
TIMEZONE="(UTC+01:00) Belgrade, Bratislava, Budapest, Ljubljana, Prague"
SITEDATEFORMAT="DAY_MONTH_YEAR"
STARTDATE="06/15/2018"
STUDYLOCALE="en-US"
SVAUTOSELECTRATE="100"
SVFIRSTNSUBJECTS="100"
/>


<SITE  NAME="(413) Elbe Kliniken Stade Buxtehude GmbH"    MNEMONIC="413"
ADDRESS="Am Krankenhaus 1 21614 Buxtehude"
COUNTRY="GERMANY"
PHONE="494941617036227"
ALTPHONE="49"
FAX="49"
TIMEZONE="(UTC+01:00) Belgrade, Bratislava, Budapest, Ljubljana, Prague"
SITEDATEFORMAT="DAY_MONTH_YEAR"
STARTDATE="06/15/2018"
STUDYLOCALE="en-US"
SVAUTOSELECTRATE="100"
SVFIRSTNSUBJECTS="100"
/>


<SITE  NAME="(412) Klinische Forschung Berlin-Mitte GmbH"    MNEMONIC="412"
ADDRESS="Georgenstraße 24 10117 Berlin"
COUNTRY="GERMANY"
PHONE="49493052002620"
ALTPHONE="49"
FAX="49"
TIMEZONE="(UTC+01:00) Belgrade, Bratislava, Budapest, Ljubljana, Prague"
SITEDATEFORMAT="DAY_MONTH_YEAR"
STARTDATE="06/15/2018"
STUDYLOCALE="en-US"
SVAUTOSELECTRATE="100"
SVFIRSTNSUBJECTS="100"
/>


<SITE  NAME="(411) Rothhaar Studien GmbH"    MNEMONIC="411"
ADDRESS="Bülowstr 23 10783 Berlin"
COUNTRY="GERMANY"
PHONE="49493020051448844"
ALTPHONE="49"
FAX="49"
TIMEZONE="(UTC+01:00) Belgrade, Bratislava, Budapest, Ljubljana, Prague"
SITEDATEFORMAT="DAY_MONTH_YEAR"
STARTDATE="06/15/2018"
STUDYLOCALE="en-US"
SVAUTOSELECTRATE="100"
SVFIRSTNSUBJECTS="100"
/>


<SITE  NAME="(410) Universitätsklinikum Tübingen"    MNEMONIC="410"
ADDRESS="Liebermeisterstr 25 72076 Tübingen"
COUNTRY="GERMANY"
PHONE="49497071290"
ALTPHONE="49"
FAX="49"
TIMEZONE="(UTC+01:00) Belgrade, Bratislava, Budapest, Ljubljana, Prague"
SITEDATEFORMAT="DAY_MONTH_YEAR"
STARTDATE="06/15/2018"
STUDYLOCALE="en-US"
SVAUTOSELECTRATE="100"
SVFIRSTNSUBJECTS="100"
/>


<SITE  NAME="(401) TFS Trial Form Support GmbH"    MNEMONIC="401"
ADDRESS="Drehbahn 1-3 20354 Hamburg"
COUNTRY="GERMANY"
PHONE="494940554401199"
ALTPHONE="49"
FAX="49"
TIMEZONE="(UTC+01:00) Belgrade, Bratislava, Budapest, Ljubljana, Prague"
SITEDATEFORMAT="DAY_MONTH_YEAR"
STARTDATE="06/15/2018"
STUDYLOCALE="en-US"
SVAUTOSELECTRATE="100"
SVFIRSTNSUBJECTS="100"
/>


<SITE  NAME="(409) Universitätsklinikum Schleswig-Holstein Campus Kiel"    MNEMONIC="409"
ADDRESS="Arnold-Heller-Str3 Haus 19 24105 Kiel"
COUNTRY="GERMANY"
PHONE="494943150021206"
ALTPHONE="49"
FAX="49"
TIMEZONE="(UTC+01:00) Belgrade, Bratislava, Budapest, Ljubljana, Prague"
SITEDATEFORMAT="DAY_MONTH_YEAR"
STARTDATE="06/15/2018"
STUDYLOCALE="en-US"
SVAUTOSELECTRATE="100"
SVFIRSTNSUBJECTS="100"
/>


<SITE  NAME="(400) Universitätsklinikum Frankfurt"    MNEMONIC="400"
ADDRESS="Theodor-Stern-Kai 7 60590 Frankfurt Main"
COUNTRY="GERMANY"
PHONE="494969630187168"
ALTPHONE="49"
FAX="49"
TIMEZONE="(UTC+01:00) Belgrade, Bratislava, Budapest, Ljubljana, Prague"
SITEDATEFORMAT="DAY_MONTH_YEAR"
STARTDATE="06/15/2018"
STUDYLOCALE="en-US"
SVAUTOSELECTRATE="100"
SVFIRSTNSUBJECTS="100"
/>


<SITE  NAME="(458) Szegedi Tudományegyetem"    MNEMONIC="458"
ADDRESS="6720 Szeged Korányi fasor 6-8"
COUNTRY="HUNGARY"
PHONE="363662511151"
ALTPHONE="36"
FAX="36"
TIMEZONE="(UTC+01:00) Sarajevo, Skopje, Warsaw, Zagreb"
SITEDATEFORMAT="DAY_MONTH_YEAR"
STARTDATE="06/15/2018"
STUDYLOCALE="en-US"
SVAUTOSELECTRATE="100"
SVFIRSTNSUBJECTS="100"
/>


<SITE  NAME="(455) Debreceni Egyetem Klinikai Központ"    MNEMONIC="455"
ADDRESS="4032 Debrecen Nagyerdei krt 98"
COUNTRY="HUNGARY"
PHONE="363652255204"
ALTPHONE="36"
FAX="36"
TIMEZONE="(UTC+01:00) Sarajevo, Skopje, Warsaw, Zagreb"
SITEDATEFORMAT="DAY_MONTH_YEAR"
STARTDATE="06/15/2018"
STUDYLOCALE="en-US"
SVAUTOSELECTRATE="100"
SVFIRSTNSUBJECTS="100"
/>


<SITE  NAME="(454) Medmare Bt"    MNEMONIC="454"
ADDRESS="8200 Veszprém József Attila u 17"
COUNTRY="HUNGARY"
PHONE="363688790434"
ALTPHONE="36"
FAX="36"
TIMEZONE="(UTC+01:00) Sarajevo, Skopje, Warsaw, Zagreb"
SITEDATEFORMAT="DAY_MONTH_YEAR"
STARTDATE="06/15/2018"
STUDYLOCALE="en-US"
SVAUTOSELECTRATE="100"
SVFIRSTNSUBJECTS="100"
/>


<SITE  NAME="(451) Ambrózia Kft"    MNEMONIC="451"
ADDRESS="1238 Budapest Hősök tere 1-3"
COUNTRY="HUNGARY"
PHONE="3636308153604"
ALTPHONE="36"
FAX="36"
TIMEZONE="(UTC+01:00) Sarajevo, Skopje, Warsaw, Zagreb"
SITEDATEFORMAT="DAY_MONTH_YEAR"
STARTDATE="06/15/2018"
STUDYLOCALE="en-US"
SVAUTOSELECTRATE="100"
SVFIRSTNSUBJECTS="100"
/>


<SITE  NAME="(457) Bács-Kiskun Megyei Kórház"    MNEMONIC="457"
ADDRESS="6000 Kecskemét Nyiri út 38"
COUNTRY="HUNGARY"
PHONE="3636209568528"
ALTPHONE="36"
FAX="36"
TIMEZONE="(UTC+01:00) Sarajevo, Skopje, Warsaw, Zagreb"
SITEDATEFORMAT="DAY_MONTH_YEAR"
STARTDATE="06/15/2018"
STUDYLOCALE="en-US"
SVAUTOSELECTRATE="100"
SVFIRSTNSUBJECTS="100"
/>


<SITE  NAME="(456) UNO Medial Trials Kft"    MNEMONIC="456"
ADDRESS="1135 Budapest Jász utca 84-88"
COUNTRY="HUNGARY"
PHONE="363617969812"
ALTPHONE="36"
FAX="36"
TIMEZONE="(UTC+01:00) Sarajevo, Skopje, Warsaw, Zagreb"
SITEDATEFORMAT="DAY_MONTH_YEAR"
STARTDATE="06/15/2018"
STUDYLOCALE="en-US"
SVAUTOSELECTRATE="100"
SVFIRSTNSUBJECTS="100"
/>


<SITE  NAME="(453) Trial Pharma Kft"    MNEMONIC="453"
ADDRESS="4150 Püspökladány Kossuth u 1"
COUNTRY="HUNGARY"
PHONE="3636706336033"
ALTPHONE="36"
FAX="36"
TIMEZONE="(UTC+01:00) Sarajevo, Skopje, Warsaw, Zagreb"
SITEDATEFORMAT="DAY_MONTH_YEAR"
STARTDATE="06/15/2018"
STUDYLOCALE="en-US"
SVAUTOSELECTRATE="100"
SVFIRSTNSUBJECTS="100"
/>


<SITE  NAME="(452) Orosháza Városi Önkormányzat Kórháza"    MNEMONIC="452"
ADDRESS="5900 Orosháza Könd u 59"
COUNTRY="HUNGARY"
PHONE="363668411166"
ALTPHONE="36"
FAX="36"
TIMEZONE="(UTC+01:00) Sarajevo, Skopje, Warsaw, Zagreb"
SITEDATEFORMAT="DAY_MONTH_YEAR"
STARTDATE="06/15/2018"
STUDYLOCALE="en-US"
SVAUTOSELECTRATE="100"
SVFIRSTNSUBJECTS="100"
/>


<SITE  NAME="(450) Allergo Derm Bakos Kft"    MNEMONIC="450"
ADDRESS="5000 Szolnok Baross Gábor út 20"
COUNTRY="HUNGARY"
PHONE="363656503626"
ALTPHONE="36"
FAX="36"
TIMEZONE="(UTC+01:00) Sarajevo, Skopje, Warsaw, Zagreb"
SITEDATEFORMAT="DAY_MONTH_YEAR"
STARTDATE="06/15/2018"
STUDYLOCALE="en-US"
SVAUTOSELECTRATE="100"
SVFIRSTNSUBJECTS="100"
/>


<SITE  NAME="(554) HaEmek Medical Center"    MNEMONIC="554"
ADDRESS="Yitshak Rabin Boulevard 21 Afula 1834111"
COUNTRY="ISRAEL"
PHONE="972972046495000"
ALTPHONE="972"
FAX="972"
TIMEZONE="(UTC+02:00) Jerusalem"
SITEDATEFORMAT="DAY_MONTH_YEAR"
STARTDATE="06/15/2018"
STUDYLOCALE="en-US"
SVAUTOSELECTRATE="100"
SVFIRSTNSUBJECTS="100"
/>


<SITE  NAME="(553) Rambam Medical Center"    MNEMONIC="553"
ADDRESS="HaAliya HaShniya st 8 Haifa 3109601"
COUNTRY="ISRAEL"
PHONE="97297204854222"
ALTPHONE="972"
FAX="972"
TIMEZONE="(UTC+02:00) Jerusalem"
SITEDATEFORMAT="DAY_MONTH_YEAR"
STARTDATE="06/15/2018"
STUDYLOCALE="en-US"
SVAUTOSELECTRATE="100"
SVFIRSTNSUBJECTS="100"
/>


<SITE  NAME="(552) Rabin Medical Center"    MNEMONIC="552"
ADDRESS="Zeev Jabotinsky st 39 Petah Tikva 4941492"
COUNTRY="ISRAEL"
PHONE="972972039377377"
ALTPHONE="972"
FAX="972"
TIMEZONE="(UTC+02:00) Jerusalem"
SITEDATEFORMAT="DAY_MONTH_YEAR"
STARTDATE="06/15/2018"
STUDYLOCALE="en-US"
SVAUTOSELECTRATE="100"
SVFIRSTNSUBJECTS="100"
/>


<SITE  NAME="(551) Sheba Medical Center"    MNEMONIC="551"
ADDRESS="Derech Sheba 2 amat Gan"
COUNTRY="ISRAEL"
PHONE="972972035307257"
ALTPHONE="972"
FAX="972"
TIMEZONE="(UTC+02:00) Jerusalem"
SITEDATEFORMAT="DAY_MONTH_YEAR"
STARTDATE="06/15/2018"
STUDYLOCALE="en-US"
SVAUTOSELECTRATE="100"
SVFIRSTNSUBJECTS="100"
/>


<SITE  NAME="(555) Soroka Medical Center"    MNEMONIC="555"
ADDRESS="Yitzhack I Rager Blvd 151 Beersheba 8101"
COUNTRY="ISRAEL"
PHONE="972972086400111"
ALTPHONE="972"
FAX="972"
TIMEZONE="(UTC+02:00) Jerusalem"
SITEDATEFORMAT="DAY_MONTH_YEAR"
STARTDATE="06/15/2018"
STUDYLOCALE="en-US"
SVAUTOSELECTRATE="100"
SVFIRSTNSUBJECTS="100"
/>


<SITE  NAME="(550) Tel-Aviv Sourasky Medical Center"    MNEMONIC="550"
ADDRESS="Dermatology Department 6 Weizman st 6423906 Tel Aviv Israel"
COUNTRY="ISRAEL"
PHONE="972972036973768"
ALTPHONE="972"
FAX="972"
TIMEZONE="(UTC+02:00) Jerusalem"
SITEDATEFORMAT="DAY_MONTH_YEAR"
STARTDATE="06/15/2018"
STUDYLOCALE="en-US"
SVAUTOSELECTRATE="100"
SVFIRSTNSUBJECTS="100"
/>


<SITE  NAME="(656) Clinica I Ospedale IOT Pietro Palagi"    MNEMONIC="656"
ADDRESS="Viale Michelangiolo - 50129 - Firenze"
COUNTRY="ITALY"
PHONE="3939055693111"
ALTPHONE="39"
FAX="39"
TIMEZONE="(UTC+01:00) Sarajevo, Skopje, Warsaw, Zagreb"
SITEDATEFORMAT="DAY_MONTH_YEAR"
STARTDATE="06/15/2018"
STUDYLOCALE="en-US"
SVAUTOSELECTRATE="100"
SVFIRSTNSUBJECTS="100"
/>


<SITE  NAME="(655) Università Cattolica del Sacro Cuore"    MNEMONIC="655"
ADDRESS="Largo A Gemelli 8 00168 Roma"
COUNTRY="ITALY"
PHONE="39390630151"
ALTPHONE="39"
FAX="39"
TIMEZONE="(UTC+01:00) Sarajevo, Skopje, Warsaw, Zagreb"
SITEDATEFORMAT="DAY_MONTH_YEAR"
STARTDATE="06/15/2018"
STUDYLOCALE="en-US"
SVAUTOSELECTRATE="100"
SVFIRSTNSUBJECTS="100"
/>


<SITE  NAME="(654) Policlinico S Orsola Malpighi Universita di Bologna"    MNEMONIC="654"
ADDRESS="Via Massarenti 1 40138 Bologna"
COUNTRY="ITALY"
PHONE="39390512142611"
ALTPHONE="39"
FAX="39"
TIMEZONE="(UTC+01:00) Sarajevo, Skopje, Warsaw, Zagreb"
SITEDATEFORMAT="DAY_MONTH_YEAR"
STARTDATE="06/15/2018"
STUDYLOCALE="en-US"
SVAUTOSELECTRATE="100"
SVFIRSTNSUBJECTS="100"
/>


<SITE  NAME="(653) IDI Istituto Dermatologico dellImmacolata"    MNEMONIC="653"
ADDRESS="Via dei Monti di Creta 104 00167 Roma"
COUNTRY="ITALY"
PHONE="39390666461"
ALTPHONE="39"
FAX="39"
TIMEZONE="(UTC+01:00) Sarajevo, Skopje, Warsaw, Zagreb"
SITEDATEFORMAT="DAY_MONTH_YEAR"
STARTDATE="06/15/2018"
STUDYLOCALE="en-US"
SVAUTOSELECTRATE="100"
SVFIRSTNSUBJECTS="100"
/>


<SITE  NAME="(650) Policlinico Torvergata"    MNEMONIC="650"
ADDRESS="Viale Oxford 81 00133 Roma"
COUNTRY="ITALY"
PHONE="39390620900076"
ALTPHONE="39"
FAX="39"
TIMEZONE="(UTC+01:00) Sarajevo, Skopje, Warsaw, Zagreb"
SITEDATEFORMAT="DAY_MONTH_YEAR"
STARTDATE="06/15/2018"
STUDYLOCALE="en-US"
SVAUTOSELECTRATE="100"
SVFIRSTNSUBJECTS="100"
/>


<SITE  NAME="(657) Policlinico Umberto I - Univ La Sapienza"    MNEMONIC="657"
ADDRESS="Viale del Policlinico 155 00161 - Roma"
COUNTRY="ITALY"
PHONE="3939064463737"
ALTPHONE="39"
FAX="39"
TIMEZONE="(UTC+01:00) Sarajevo, Skopje, Warsaw, Zagreb"
SITEDATEFORMAT="DAY_MONTH_YEAR"
STARTDATE="06/15/2018"
STUDYLOCALE="en-US"
SVAUTOSELECTRATE="100"
SVFIRSTNSUBJECTS="100"
/>


<SITE  NAME="(652) Istituto Clinico Humanitas"    MNEMONIC="652"
ADDRESS="Piazza Edmondo Malan - 20097 - San Donato Mse - Milano"
COUNTRY="ITALY"
PHONE="393902522741"
ALTPHONE="39"
FAX="39"
TIMEZONE="(UTC+01:00) Sarajevo, Skopje, Warsaw, Zagreb"
SITEDATEFORMAT="DAY_MONTH_YEAR"
STARTDATE="06/15/2018"
STUDYLOCALE="en-US"
SVAUTOSELECTRATE="100"
SVFIRSTNSUBJECTS="100"
/>


<SITE  NAME="(651) Istituto Clinico Humanitas"    MNEMONIC="651"
ADDRESS="Via Manzoni 56 Rozzano Milano 20089"
COUNTRY="ITALY"
PHONE="39390282248282"
ALTPHONE="39"
FAX="39"
TIMEZONE="(UTC+01:00) Sarajevo, Skopje, Warsaw, Zagreb"
SITEDATEFORMAT="DAY_MONTH_YEAR"
STARTDATE="06/15/2018"
STUDYLOCALE="en-US"
SVAUTOSELECTRATE="100"
SVFIRSTNSUBJECTS="100"
/>


<SITE  NAME="(537) Tokai University Hospital"    MNEMONIC="537"
ADDRESS="143 Shimokasuya Isehara shi Kanagawa 2591193 Japan"
COUNTRY="JAPAN"
PHONE="8181463931121"
ALTPHONE="81"
FAX="81"
TIMEZONE="(UTC+09:00) Osaka, Sapporo, Tokyo"
SITEDATEFORMAT="DAY_MONTH_YEAR"
STARTDATE="06/15/2018"
STUDYLOCALE="en-US"
SVAUTOSELECTRATE="100"
SVFIRSTNSUBJECTS="100"
/>


<SITE  NAME="(539) Juntendo University Urayasu Hospital"    MNEMONIC="539"
ADDRESS="2 1 1 Tomioka Urayasu shi Chiba 2790021 Japan"
COUNTRY="JAPAN"
PHONE="8181473533111"
ALTPHONE="81"
FAX="81"
TIMEZONE="(UTC+09:00) Osaka, Sapporo, Tokyo"
SITEDATEFORMAT="DAY_MONTH_YEAR"
STARTDATE="06/15/2018"
STUDYLOCALE="en-US"
SVAUTOSELECTRATE="100"
SVFIRSTNSUBJECTS="100"
/>


<SITE  NAME="(542) Showa University Hospital"    MNEMONIC="542"
ADDRESS="1 5 8 Hatanodai Shinagawa ku Tokyo 1428666 Japan"
COUNTRY="JAPAN"
PHONE="8181337848000"
ALTPHONE="81"
FAX="81"
TIMEZONE="(UTC+09:00) Osaka, Sapporo, Tokyo"
SITEDATEFORMAT="DAY_MONTH_YEAR"
STARTDATE="06/15/2018"
STUDYLOCALE="en-US"
SVAUTOSELECTRATE="100"
SVFIRSTNSUBJECTS="100"
/>


<SITE  NAME="(541) Nagasaki University Hospital"    MNEMONIC="541"
ADDRESS="171 Sakamoto Nagasaki shi Nagasaki 8528501 Japan"
COUNTRY="JAPAN"
PHONE="8181958197256"
ALTPHONE="81"
FAX="81"
TIMEZONE="(UTC+09:00) Osaka, Sapporo, Tokyo"
SITEDATEFORMAT="DAY_MONTH_YEAR"
STARTDATE="06/15/2018"
STUDYLOCALE="en-US"
SVAUTOSELECTRATE="100"
SVFIRSTNSUBJECTS="100"
/>


<SITE  NAME="(535) Gunma University Hospital"    MNEMONIC="535"
ADDRESS="3 39 15 Showamachi  Maebashi shi  Gunma 3718511 Japan"
COUNTRY="JAPAN"
PHONE="8181272208740"
ALTPHONE="81"
FAX="81"
TIMEZONE="(UTC+09:00) Osaka, Sapporo, Tokyo"
SITEDATEFORMAT="DAY_MONTH_YEAR"
STARTDATE="06/15/2018"
STUDYLOCALE="en-US"
SVAUTOSELECTRATE="100"
SVFIRSTNSUBJECTS="100"
/>


<SITE  NAME="(531) The University of Tokyo Hospital"    MNEMONIC="531"
ADDRESS="7-3-1 Hongo Bunkyo-ku Tokyo 113-8655"
COUNTRY="JAPAN"
PHONE="8181338155411"
ALTPHONE="81"
FAX="81"
TIMEZONE="(UTC+09:00) Osaka, Sapporo, Tokyo"
SITEDATEFORMAT="DAY_MONTH_YEAR"
STARTDATE="06/15/2018"
STUDYLOCALE="en-US"
SVAUTOSELECTRATE="100"
SVFIRSTNSUBJECTS="100"
/>


<SITE  NAME="(526) Tohoku University Hospital"    MNEMONIC="526"
ADDRESS="1-1 Seiryo-Cho Aoba-Ku Sendai Miyagi 980-8574"
COUNTRY="JAPAN"
PHONE="8181227177000"
ALTPHONE="81"
FAX="81"
TIMEZONE="(UTC+09:00) Osaka, Sapporo, Tokyo"
SITEDATEFORMAT="DAY_MONTH_YEAR"
STARTDATE="06/15/2018"
STUDYLOCALE="en-US"
SVAUTOSELECTRATE="100"
SVFIRSTNSUBJECTS="100"
/>


<SITE  NAME="(525) Kyoto Prefectural University of Medicine"    MNEMONIC="525"
ADDRESS="465 Kajii-cho  Kawaramachi-Hirokoji Kamigyo-ku Kyoto-shi Kyoto 602-8566"
COUNTRY="JAPAN"
PHONE="8181752515111"
ALTPHONE="81"
FAX="81"
TIMEZONE="(UTC+09:00) Osaka, Sapporo, Tokyo"
SITEDATEFORMAT="DAY_MONTH_YEAR"
STARTDATE="06/15/2018"
STUDYLOCALE="en-US"
SVAUTOSELECTRATE="100"
SVFIRSTNSUBJECTS="100"
/>


<SITE  NAME="(524) St Lukes International Hospit"    MNEMONIC="524"
ADDRESS="9-1 Akashi-cho Chuo-Ku Tokyo 104-8560"
COUNTRY="JAPAN"
PHONE="8181335415151"
ALTPHONE="81"
FAX="81"
TIMEZONE="(UTC+09:00) Osaka, Sapporo, Tokyo"
SITEDATEFORMAT="DAY_MONTH_YEAR"
STARTDATE="06/15/2018"
STUDYLOCALE="en-US"
SVAUTOSELECTRATE="100"
SVFIRSTNSUBJECTS="100"
/>


<SITE  NAME="(530) Asahikawa Medical University"    MNEMONIC="530"
ADDRESS="Midorigaoka-higashi 2-1-1-1 Asahikawa Higashi 078-8510"
COUNTRY="JAPAN"
PHONE="8181166682523"
ALTPHONE="81"
FAX="81"
TIMEZONE="(UTC+09:00) Osaka, Sapporo, Tokyo"
SITEDATEFORMAT="DAY_MONTH_YEAR"
STARTDATE="06/15/2018"
STUDYLOCALE="en-US"
SVAUTOSELECTRATE="100"
SVFIRSTNSUBJECTS="100"
/>


<SITE  NAME="(529) Kansai Medical University Hospital"    MNEMONIC="529"
ADDRESS="2-3-1 Shinmachi Hirakata-Shi Osaka 573-1191"
COUNTRY="JAPAN"
PHONE="8181728040101"
ALTPHONE="81"
FAX="81"
TIMEZONE="(UTC+09:00) Osaka, Sapporo, Tokyo"
SITEDATEFORMAT="DAY_MONTH_YEAR"
STARTDATE="06/15/2018"
STUDYLOCALE="en-US"
SVAUTOSELECTRATE="100"
SVFIRSTNSUBJECTS="100"
/>


<SITE  NAME="(510) Tokyo Medical University Hospital"    MNEMONIC="510"
ADDRESS="6-7-1 Nishi-Shinjuku Shinjuku-ku Tokyo 160-0023"
COUNTRY="JAPAN"
PHONE="8181942343861"
ALTPHONE="81"
FAX="81"
TIMEZONE="(UTC+09:00) Osaka, Sapporo, Tokyo"
SITEDATEFORMAT="DAY_MONTH_YEAR"
STARTDATE="06/15/2018"
STUDYLOCALE="en-US"
SVAUTOSELECTRATE="100"
SVFIRSTNSUBJECTS="100"
/>


<SITE  NAME="(511) Ryukyu University Hospital"    MNEMONIC="511"
ADDRESS="207 Azauehara Nishihara-Cho Nakagami-Gun Okinawa 903-0125"
COUNTRY="JAPAN"
PHONE="8181988953331"
ALTPHONE="81"
FAX="81"
TIMEZONE="(UTC+09:00) Osaka, Sapporo, Tokyo"
SITEDATEFORMAT="DAY_MONTH_YEAR"
STARTDATE="06/15/2018"
STUDYLOCALE="en-US"
SVAUTOSELECTRATE="100"
SVFIRSTNSUBJECTS="100"
/>


<SITE  NAME="(506) Osaka City University Hospital"    MNEMONIC="506"
ADDRESS="1-5-7 Asahimachi Abeno-ku Osaka-shi Osaka 545-8586"
COUNTRY="JAPAN"
PHONE="8181666452121"
ALTPHONE="81"
FAX="81"
TIMEZONE="(UTC+09:00) Osaka, Sapporo, Tokyo"
SITEDATEFORMAT="DAY_MONTH_YEAR"
STARTDATE="06/15/2018"
STUDYLOCALE="en-US"
SVAUTOSELECTRATE="100"
SVFIRSTNSUBJECTS="100"
/>


<SITE  NAME="(503) Nagoya City University Hospital"    MNEMONIC="503"
ADDRESS="1 Kawasumi Mizuho-Cho Mizuho-Ku Nagoya Aichi 467-8602"
COUNTRY="JAPAN"
PHONE="8181528515511"
ALTPHONE="81"
FAX="81"
TIMEZONE="(UTC+09:00) Osaka, Sapporo, Tokyo"
SITEDATEFORMAT="DAY_MONTH_YEAR"
STARTDATE="06/15/2018"
STUDYLOCALE="en-US"
SVAUTOSELECTRATE="100"
SVFIRSTNSUBJECTS="100"
/>


<SITE  NAME="(534) Yamanashi Prefectural Central Hospital"    MNEMONIC="534"
ADDRESS="1-1-1 Fujimi Kofu-shi Yamanashi 400-8506"
COUNTRY="JAPAN"
PHONE="8181552537111"
ALTPHONE="81"
FAX="81"
TIMEZONE="(UTC+09:00) Osaka, Sapporo, Tokyo"
SITEDATEFORMAT="DAY_MONTH_YEAR"
STARTDATE="06/15/2018"
STUDYLOCALE="en-US"
SVAUTOSELECTRATE="100"
SVFIRSTNSUBJECTS="100"
/>


<SITE  NAME="(533) Wakayama Medical University"    MNEMONIC="533"
ADDRESS="811-1 Kimiidera Wakayama Wakayama 641-0012"
COUNTRY="JAPAN"
PHONE="8181734472300"
ALTPHONE="81"
FAX="81"
TIMEZONE="(UTC+09:00) Osaka, Sapporo, Tokyo"
SITEDATEFORMAT="DAY_MONTH_YEAR"
STARTDATE="06/15/2018"
STUDYLOCALE="en-US"
SVAUTOSELECTRATE="100"
SVFIRSTNSUBJECTS="100"
/>


<SITE  NAME="(532) NIPPON LIFE HOSPITAL"    MNEMONIC="532"
ADDRESS="6-3-8 Itachibori Nishi-ku Osaka-shi Osaka 550-0012"
COUNTRY="JAPAN"
PHONE="8181665437183"
ALTPHONE="81"
FAX="81"
TIMEZONE="(UTC+09:00) Osaka, Sapporo, Tokyo"
SITEDATEFORMAT="DAY_MONTH_YEAR"
STARTDATE="06/15/2018"
STUDYLOCALE="en-US"
SVAUTOSELECTRATE="100"
SVFIRSTNSUBJECTS="100"
/>


<SITE  NAME="(528) Shiga University of Medical Science Hosptial"    MNEMONIC="528"
ADDRESS="Setatsukinowa-cho Otsu-shi Shiga 520-2192"
COUNTRY="JAPAN"
PHONE="8181775782111"
ALTPHONE="81"
FAX="81"
TIMEZONE="(UTC+09:00) Osaka, Sapporo, Tokyo"
SITEDATEFORMAT="DAY_MONTH_YEAR"
STARTDATE="06/15/2018"
STUDYLOCALE="en-US"
SVAUTOSELECTRATE="100"
SVFIRSTNSUBJECTS="100"
/>


<SITE  NAME="(519) Nihon University Itabashi Hospital"    MNEMONIC="519"
ADDRESS="30-1 Oyaguchi Kami-Cho Itabashi-Ku Tokyo 173-8610"
COUNTRY="JAPAN"
PHONE="8181339728111"
ALTPHONE="81"
FAX="81"
TIMEZONE="(UTC+09:00) Osaka, Sapporo, Tokyo"
SITEDATEFORMAT="DAY_MONTH_YEAR"
STARTDATE="06/15/2018"
STUDYLOCALE="en-US"
SVAUTOSELECTRATE="100"
SVFIRSTNSUBJECTS="100"
/>


<SITE  NAME="(518) Shinshu University Hospital"    MNEMONIC="518"
ADDRESS="3-1-1 Asahi Matsumoto Nagano 390-8621"
COUNTRY="JAPAN"
PHONE="8181263354600"
ALTPHONE="81"
FAX="81"
TIMEZONE="(UTC+09:00) Osaka, Sapporo, Tokyo"
SITEDATEFORMAT="DAY_MONTH_YEAR"
STARTDATE="06/15/2018"
STUDYLOCALE="en-US"
SVAUTOSELECTRATE="100"
SVFIRSTNSUBJECTS="100"
/>


<SITE  NAME="(507) Kurume University Hospital"    MNEMONIC="507"
ADDRESS="67 Asahi-Cho Kurume Fukuoka 830-0011"
COUNTRY="JAPAN"
PHONE="8181942353311"
ALTPHONE="81"
FAX="81"
TIMEZONE="(UTC+09:00) Osaka, Sapporo, Tokyo"
SITEDATEFORMAT="DAY_MONTH_YEAR"
STARTDATE="06/15/2018"
STUDYLOCALE="en-US"
SVAUTOSELECTRATE="100"
SVFIRSTNSUBJECTS="100"
/>


<SITE  NAME="(505) Gifu University Hospital"    MNEMONIC="505"
ADDRESS="1-1 Yanagido Gifu Gifu 501-1194"
COUNTRY="JAPAN"
PHONE="8181582306397"
ALTPHONE="81"
FAX="81"
TIMEZONE="(UTC+09:00) Osaka, Sapporo, Tokyo"
SITEDATEFORMAT="DAY_MONTH_YEAR"
STARTDATE="06/15/2018"
STUDYLOCALE="en-US"
SVAUTOSELECTRATE="100"
SVFIRSTNSUBJECTS="100"
/>


<SITE  NAME="(712) Pusan National University Hospital"    MNEMONIC="712"
ADDRESS="Pusan National University Hospital 179 Gudeok-ro Seo-gu Busan"
COUNTRY="KOREA, REPUBLIC OF"
PHONE="8282512407337"
ALTPHONE="82"
FAX="82"
TIMEZONE="(UTC+09:00) Seoul"
SITEDATEFORMAT="DAY_MONTH_YEAR"
STARTDATE="06/15/2018"
STUDYLOCALE="en-US"
SVAUTOSELECTRATE="100"
SVFIRSTNSUBJECTS="100"
/>


<SITE  NAME="(702) Severance Hospital"    MNEMONIC="702"
ADDRESS="50 Yonsei ro Seodaemun gu Seoul"
COUNTRY="KOREA, REPUBLIC OF"
PHONE="8282222282085"
ALTPHONE="82"
FAX="82"
TIMEZONE="(UTC+09:00) Seoul"
SITEDATEFORMAT="DAY_MONTH_YEAR"
STARTDATE="06/15/2018"
STUDYLOCALE="en-US"
SVAUTOSELECTRATE="100"
SVFIRSTNSUBJECTS="100"
/>


<SITE  NAME="(700) Korea University Guro Hospital"    MNEMONIC="700"
ADDRESS="Korea University Guro Hospital 148 Gurodong-ro Guro-gu Seoul"
COUNTRY="KOREA, REPUBLIC OF"
PHONE="8282226263195"
ALTPHONE="82"
FAX="82"
TIMEZONE="(UTC+09:00) Seoul"
SITEDATEFORMAT="DAY_MONTH_YEAR"
STARTDATE="06/15/2018"
STUDYLOCALE="en-US"
SVAUTOSELECTRATE="100"
SVFIRSTNSUBJECTS="100"
/>


<SITE  NAME="(717) Gachon University Gil Medical Center"    MNEMONIC="717"
ADDRESS="21 Namdong-daero 774 beon-gil Namdong-gu Incheon"
COUNTRY="KOREA, REPUBLIC OF"
PHONE="8282324602763"
ALTPHONE="82"
FAX="82"
TIMEZONE="(UTC+09:00) Seoul"
SITEDATEFORMAT="DAY_MONTH_YEAR"
STARTDATE="06/15/2018"
STUDYLOCALE="en-US"
SVAUTOSELECTRATE="100"
SVFIRSTNSUBJECTS="100"
/>


<SITE  NAME="(704) Seoul National University Bundang Hospital"    MNEMONIC="704"
ADDRESS="Seoul National University Bundang Hospital 82 Gumi-ro 173 beon-gil Bundang-gu Seongnam Gyeonggi Do"
COUNTRY="KOREA, REPUBLIC OF"
PHONE="8282317877312"
ALTPHONE="82"
FAX="82"
TIMEZONE="(UTC+09:00) Seoul"
SITEDATEFORMAT="DAY_MONTH_YEAR"
STARTDATE="06/15/2018"
STUDYLOCALE="en-US"
SVAUTOSELECTRATE="100"
SVFIRSTNSUBJECTS="100"
/>


<SITE  NAME="(716) Inje University Ilsan Paik Hospital"    MNEMONIC="716"
ADDRESS="Juhwa-ro 170 IlsanSeo-gu Goyang-si"
COUNTRY="KOREA, REPUBLIC OF"
PHONE="8282319107114"
ALTPHONE="82"
FAX="82"
TIMEZONE="(UTC+09:00) Seoul"
SITEDATEFORMAT="DAY_MONTH_YEAR"
STARTDATE="06/15/2018"
STUDYLOCALE="en-US"
SVAUTOSELECTRATE="100"
SVFIRSTNSUBJECTS="100"
/>


<SITE  NAME="(715) Samsung Medical Center"    MNEMONIC="715"
ADDRESS="Samsung Medical Center 81 Irwon-ro Gangnam-gu Seoul"
COUNTRY="KOREA, REPUBLIC OF"
PHONE="8282234103549"
ALTPHONE="82"
FAX="82"
TIMEZONE="(UTC+09:00) Seoul"
SITEDATEFORMAT="DAY_MONTH_YEAR"
STARTDATE="06/15/2018"
STUDYLOCALE="en-US"
SVAUTOSELECTRATE="100"
SVFIRSTNSUBJECTS="100"
/>


<SITE  NAME="(714) Chung-Ang University Hospital"    MNEMONIC="714"
ADDRESS="Chung-Ang University Hospital 102 Heukseok-ro Dongjak-gu Seoul"
COUNTRY="KOREA, REPUBLIC OF"
PHONE="8282262991538"
ALTPHONE="82"
FAX="82"
TIMEZONE="(UTC+09:00) Seoul"
SITEDATEFORMAT="DAY_MONTH_YEAR"
STARTDATE="06/15/2018"
STUDYLOCALE="en-US"
SVAUTOSELECTRATE="100"
SVFIRSTNSUBJECTS="100"
/>


<SITE  NAME="(713) The Catholic University of Korea Seoul St Marys Hospital"    MNEMONIC="713"
ADDRESS="222 Banpo-daero Seocho-gu Seoul"
COUNTRY="KOREA, REPUBLIC OF"
PHONE="8282222586221"
ALTPHONE="82"
FAX="82"
TIMEZONE="(UTC+09:00) Seoul"
SITEDATEFORMAT="DAY_MONTH_YEAR"
STARTDATE="06/15/2018"
STUDYLOCALE="en-US"
SVAUTOSELECTRATE="100"
SVFIRSTNSUBJECTS="100"
/>


<SITE  NAME="(701) Konkuk University Medical Center"    MNEMONIC="701"
ADDRESS="CRC room Clinical Trial Center B2F Konkuk University Medical Center 120-1 Neungdong-ro Gwangjin-gu Seoul"
COUNTRY="KOREA, REPUBLIC OF"
PHONE="8282220306539"
ALTPHONE="82"
FAX="82"
TIMEZONE="(UTC+09:00) Seoul"
SITEDATEFORMAT="DAY_MONTH_YEAR"
STARTDATE="06/15/2018"
STUDYLOCALE="en-US"
SVAUTOSELECTRATE="100"
SVFIRSTNSUBJECTS="100"
/>


<SITE  NAME="(216) AI Centrum Medyczne"    MNEMONIC="216"
ADDRESS="ul Swietojanska 1 61-113 Poznan"
COUNTRY="POLAND"
PHONE="480048608659086"
ALTPHONE="48"
FAX="48"
TIMEZONE="(UTC+01:00) Sarajevo, Skopje, Warsaw, Zagreb"
SITEDATEFORMAT="DAY_MONTH_YEAR"
STARTDATE="06/15/2018"
STUDYLOCALE="en-US"
SVAUTOSELECTRATE="100"
SVFIRSTNSUBJECTS="100"
/>


<SITE  NAME="(215) LASER CLINIC SC Dr Tomasz Kochanowski Dr Andrzej Krolicki"    MNEMONIC="215"
ADDRESS="ul Piastów 65 70-332 Szczecin"
COUNTRY="POLAND"
PHONE="480048604148677"
ALTPHONE="48"
FAX="48"
TIMEZONE="(UTC+01:00) Sarajevo, Skopje, Warsaw, Zagreb"
SITEDATEFORMAT="DAY_MONTH_YEAR"
STARTDATE="06/15/2018"
STUDYLOCALE="en-US"
SVAUTOSELECTRATE="100"
SVFIRSTNSUBJECTS="100"
/>


<SITE  NAME="(214) Centrum Medyczne Evimed"    MNEMONIC="214"
ADDRESS="ul Woronicza 16 02-625 Warszawa"
COUNTRY="POLAND"
PHONE="480048733240763"
ALTPHONE="48"
FAX="48"
TIMEZONE="(UTC+01:00) Sarajevo, Skopje, Warsaw, Zagreb"
SITEDATEFORMAT="DAY_MONTH_YEAR"
STARTDATE="06/15/2018"
STUDYLOCALE="en-US"
SVAUTOSELECTRATE="100"
SVFIRSTNSUBJECTS="100"
/>


<SITE  NAME="(213) Centralny Szpital Kliniczny MSW Klinika Dermatologii"    MNEMONIC="213"
ADDRESS="ul Woloska 137 02-507 Warszawa"
COUNTRY="POLAND"
PHONE="480048225081480"
ALTPHONE="48"
FAX="48"
TIMEZONE="(UTC+01:00) Sarajevo, Skopje, Warsaw, Zagreb"
SITEDATEFORMAT="DAY_MONTH_YEAR"
STARTDATE="06/15/2018"
STUDYLOCALE="en-US"
SVAUTOSELECTRATE="100"
SVFIRSTNSUBJECTS="100"
/>


<SITE  NAME="(212) Centrum Badan Klinicznych PI House"    MNEMONIC="212"
ADDRESS="ul Na Zaspe 3 80-546 Gdansk"
COUNTRY="POLAND"
PHONE="480048587192222"
ALTPHONE="48"
FAX="48"
TIMEZONE="(UTC+01:00) Sarajevo, Skopje, Warsaw, Zagreb"
SITEDATEFORMAT="DAY_MONTH_YEAR"
STARTDATE="06/15/2018"
STUDYLOCALE="en-US"
SVAUTOSELECTRATE="100"
SVFIRSTNSUBJECTS="100"
/>


<SITE  NAME="(211) Centrum Medyczne Angelius Provita"    MNEMONIC="211"
ADDRESS="ul Fabryczna 13D 40-611 Katowice"
COUNTRY="POLAND"
PHONE="480048607566402"
ALTPHONE="48"
FAX="48"
TIMEZONE="(UTC+01:00) Sarajevo, Skopje, Warsaw, Zagreb"
SITEDATEFORMAT="DAY_MONTH_YEAR"
STARTDATE="06/15/2018"
STUDYLOCALE="en-US"
SVAUTOSELECTRATE="100"
SVFIRSTNSUBJECTS="100"
/>


<SITE  NAME="(210) DermoDent Centrum Medyczne Czajkowscy"    MNEMONIC="210"
ADDRESS="ul Tuberozy 3 86-031 Osielsko"
COUNTRY="POLAND"
PHONE="480048607390626"
ALTPHONE="48"
FAX="48"
TIMEZONE="(UTC+01:00) Sarajevo, Skopje, Warsaw, Zagreb"
SITEDATEFORMAT="DAY_MONTH_YEAR"
STARTDATE="06/15/2018"
STUDYLOCALE="en-US"
SVAUTOSELECTRATE="100"
SVFIRSTNSUBJECTS="100"
/>


<SITE  NAME="(209) Barbara Rewerska DIAMOND CLINIC"    MNEMONIC="209"
ADDRESS="ul Gen Augusta-Fieldorfa-Nila 14-JU2 31-209 Krakow"
COUNTRY="POLAND"
PHONE="480048122651165"
ALTPHONE="48"
FAX="48"
TIMEZONE="(UTC+01:00) Sarajevo, Skopje, Warsaw, Zagreb"
SITEDATEFORMAT="DAY_MONTH_YEAR"
STARTDATE="06/15/2018"
STUDYLOCALE="en-US"
SVAUTOSELECTRATE="100"
SVFIRSTNSUBJECTS="100"
/>


<SITE  NAME="(207) DermMedica Sp z o o"    MNEMONIC="207"
ADDRESS="ul Zakrzowska 19a 51-318 Wroclaw"
COUNTRY="POLAND"
PHONE="480048517297469"
ALTPHONE="48"
FAX="48"
TIMEZONE="(UTC+01:00) Sarajevo, Skopje, Warsaw, Zagreb"
SITEDATEFORMAT="DAY_MONTH_YEAR"
STARTDATE="06/15/2018"
STUDYLOCALE="en-US"
SVAUTOSELECTRATE="100"
SVFIRSTNSUBJECTS="100"
/>


<SITE  NAME="(205) NZOZ Specjalistyczna Przychodnia Dermatologiczna Specderm"    MNEMONIC="205"
ADDRESS="ul Prezydenta Kaczorowskiego 7 lokal 50U 15-375 Bialystok"
COUNTRY="POLAND"
PHONE="480048857461640"
ALTPHONE="48"
FAX="48"
TIMEZONE="(UTC+01:00) Sarajevo, Skopje, Warsaw, Zagreb"
SITEDATEFORMAT="DAY_MONTH_YEAR"
STARTDATE="06/15/2018"
STUDYLOCALE="en-US"
SVAUTOSELECTRATE="100"
SVFIRSTNSUBJECTS="100"
/>


<SITE  NAME="(204) Centrum Terapii Wspolczesnej JM Jasnorzewska Spolka Komandytowo-Akcyjna"    MNEMONIC="204"
ADDRESS="ul Kopcinskiego 21 90-242 Lodz"
COUNTRY="POLAND"
PHONE="480048422300609"
ALTPHONE="48"
FAX="48"
TIMEZONE="(UTC+01:00) Sarajevo, Skopje, Warsaw, Zagreb"
SITEDATEFORMAT="DAY_MONTH_YEAR"
STARTDATE="06/15/2018"
STUDYLOCALE="en-US"
SVAUTOSELECTRATE="100"
SVFIRSTNSUBJECTS="100"
/>


<SITE  NAME="(203) Dermed Centrum Medyczne Sp z o o"    MNEMONIC="203"
ADDRESS="ul Piotrkowska 48 90-265 Lodz"
COUNTRY="POLAND"
PHONE="480048426631444"
ALTPHONE="48"
FAX="48"
TIMEZONE="(UTC+01:00) Sarajevo, Skopje, Warsaw, Zagreb"
SITEDATEFORMAT="DAY_MONTH_YEAR"
STARTDATE="06/15/2018"
STUDYLOCALE="en-US"
SVAUTOSELECTRATE="100"
SVFIRSTNSUBJECTS="100"
/>


<SITE  NAME="(202) NZOZ Zdrowie Osteo-Medic"    MNEMONIC="202"
ADDRESS="ul Wiejska 81 15-351 Bialystok"
COUNTRY="POLAND"
PHONE="480048856749013"
ALTPHONE="48"
FAX="48"
TIMEZONE="(UTC+01:00) Sarajevo, Skopje, Warsaw, Zagreb"
SITEDATEFORMAT="DAY_MONTH_YEAR"
STARTDATE="06/15/2018"
STUDYLOCALE="en-US"
SVAUTOSELECTRATE="100"
SVFIRSTNSUBJECTS="100"
/>


<SITE  NAME="(200) Lubelskie Centrum Diagnostyczne"    MNEMONIC="200"
ADDRESS="ul Drewniana 61 21-040 Swidnik"
COUNTRY="POLAND"
PHONE="480048509678110"
ALTPHONE="48"
FAX="48"
TIMEZONE="(UTC+01:00) Sarajevo, Skopje, Warsaw, Zagreb"
SITEDATEFORMAT="DAY_MONTH_YEAR"
STARTDATE="06/15/2018"
STUDYLOCALE="en-US"
SVAUTOSELECTRATE="100"
SVFIRSTNSUBJECTS="100"
/>


<SITE  NAME="(159) Hospital de Manises"    MNEMONIC="159"
ADDRESS="Servicio de Dermatologia 1ª Planta Consultas 22 a 25 Av Generalitat Valenciana 50 46940 Manises  Valencia"
COUNTRY="SPAIN"
PHONE="340034961845000"
ALTPHONE="34"
FAX="34"
TIMEZONE="(UTC+01:00) Sarajevo, Skopje, Warsaw, Zagreb"
SITEDATEFORMAT="DAY_MONTH_YEAR"
STARTDATE="06/15/2018"
STUDYLOCALE="en-US"
SVAUTOSELECTRATE="100"
SVFIRSTNSUBJECTS="100"
/>


<SITE  NAME="(158) Hospital Universitario La Paz"    MNEMONIC="158"
ADDRESS="Servicio de Dermatologia Paseo De La Castellana 261 28046 Madrid"
COUNTRY="SPAIN"
PHONE="340034912071876"
ALTPHONE="34"
FAX="34"
TIMEZONE="(UTC+01:00) Sarajevo, Skopje, Warsaw, Zagreb"
SITEDATEFORMAT="DAY_MONTH_YEAR"
STARTDATE="06/15/2018"
STUDYLOCALE="en-US"
SVAUTOSELECTRATE="100"
SVFIRSTNSUBJECTS="100"
/>


<SITE  NAME="(154) Hospital Universitario Reina Sofia"    MNEMONIC="154"
ADDRESS="HOSPITAL REINA SOFIA provincial IMIBIC - Dermatologia planta 1 ala izquierda Avda Menendez Pidal s-n 14004 Cordoba"
COUNTRY="SPAIN"
PHONE="340034957011460"
ALTPHONE="34"
FAX="34"
TIMEZONE="(UTC+01:00) Sarajevo, Skopje, Warsaw, Zagreb"
SITEDATEFORMAT="DAY_MONTH_YEAR"
STARTDATE="06/15/2018"
STUDYLOCALE="en-US"
SVAUTOSELECTRATE="100"
SVFIRSTNSUBJECTS="100"
/>


<SITE  NAME="(152) Hospital Universitario Basurto"    MNEMONIC="152"
ADDRESS="Avda de Montevideo 18  Edificio Arrupe  Consultas externas 3ª planta zona 305 48013 Bilbao Vizcaya"
COUNTRY="SPAIN"
PHONE="340034944006063"
ALTPHONE="34"
FAX="34"
TIMEZONE="(UTC+01:00) Sarajevo, Skopje, Warsaw, Zagreb"
SITEDATEFORMAT="DAY_MONTH_YEAR"
STARTDATE="06/15/2018"
STUDYLOCALE="en-US"
SVAUTOSELECTRATE="100"
SVFIRSTNSUBJECTS="100"
/>


<SITE  NAME="(151) Hospital Germans Trias i Pujol"    MNEMONIC="151"
ADDRESS="Edificio de Consultas Externas Planta Baja Ctra de Canyet s-n 08916 Badalona Barcelona"
COUNTRY="SPAIN"
PHONE="340034934978913"
ALTPHONE="34"
FAX="34"
TIMEZONE="(UTC+01:00) Sarajevo, Skopje, Warsaw, Zagreb"
SITEDATEFORMAT="DAY_MONTH_YEAR"
STARTDATE="06/15/2018"
STUDYLOCALE="en-US"
SVAUTOSELECTRATE="100"
SVFIRSTNSUBJECTS="100"
/>


<SITE  NAME="(150) Hospital Universitario Ramón y Cajal"    MNEMONIC="150"
ADDRESS="Ctra Colmenar Viejo km 9-1 Pabellón Docente 2ª planta Consultas externas Madrid 28034"
COUNTRY="SPAIN"
PHONE="340034913368247"
ALTPHONE="34"
FAX="34"
TIMEZONE="(UTC+01:00) Sarajevo, Skopje, Warsaw, Zagreb"
SITEDATEFORMAT="DAY_MONTH_YEAR"
STARTDATE="06/15/2018"
STUDYLOCALE="en-US"
SVAUTOSELECTRATE="100"
SVFIRSTNSUBJECTS="100"
/>


<SITE  NAME="(156) Hospital Infanta Leonor"    MNEMONIC="156"
ADDRESS="Servicio de Dermatología Consultas Externas Planta Baja Gran Vía del Este nº 80 28031 Madrid"
COUNTRY="SPAIN"
PHONE="340034911918942"
ALTPHONE="34"
FAX="34"
TIMEZONE="(UTC+01:00) Sarajevo, Skopje, Warsaw, Zagreb"
SITEDATEFORMAT="DAY_MONTH_YEAR"
STARTDATE="06/15/2018"
STUDYLOCALE="en-US"
SVAUTOSELECTRATE="100"
SVFIRSTNSUBJECTS="100"
/>


<SITE  NAME="(155) Hospital Universitario y Politécnico La Fe"    MNEMONIC="155"
ADDRESS="Servicio de Dermatología Torre C 7ª planta Avda de Fernando Abril Martorell 106 46026 Valencia"
COUNTRY="SPAIN"
PHONE="340034961244183"
ALTPHONE="34"
FAX="34"
TIMEZONE="(UTC+01:00) Sarajevo, Skopje, Warsaw, Zagreb"
SITEDATEFORMAT="DAY_MONTH_YEAR"
STARTDATE="06/15/2018"
STUDYLOCALE="en-US"
SVAUTOSELECTRATE="100"
SVFIRSTNSUBJECTS="100"
/>


<SITE  NAME="(153) Hospital del Mar"    MNEMONIC="153"
ADDRESS="Hospital del Mar Dermatología Passig Maritim 25 - 29 CCEE Sala k 08003 Barcelona"
COUNTRY="SPAIN"
PHONE="340034932483211"
ALTPHONE="34"
FAX="34"
TIMEZONE="(UTC+01:00) Sarajevo, Skopje, Warsaw, Zagreb"
SITEDATEFORMAT="DAY_MONTH_YEAR"
STARTDATE="06/15/2018"
STUDYLOCALE="en-US"
SVAUTOSELECTRATE="100"
SVFIRSTNSUBJECTS="100"
/>


<SITE  NAME="(161) Complejo Hspitalario Universitario de Pontevedra"    MNEMONIC="161"
ADDRESS="Doctor Loureiro Crespo 2 Centro de Especialidades Médicas Mollabao planta 19 36004 Pontevedra"
COUNTRY="SPAIN"
PHONE="340034986800269"
ALTPHONE="34"
FAX="34"
TIMEZONE="(UTC+01:00) Sarajevo, Skopje, Warsaw, Zagreb"
SITEDATEFORMAT="DAY_MONTH_YEAR"
STARTDATE="06/15/2018"
STUDYLOCALE="en-US"
SVAUTOSELECTRATE="100"
SVFIRSTNSUBJECTS="100"
/>


<SITE  NAME="(160) Hospital Marina Baixa"    MNEMONIC="160"
ADDRESS="Avenida Alcalde En Jaume Botella Mayor 7 1ª planta Edificio Consultas Externas Dermatología sala 212 03570 Villajoyosa Alicante"
COUNTRY="SPAIN"
PHONE="340034607297181"
ALTPHONE="34"
FAX="34"
TIMEZONE="(UTC+01:00) Sarajevo, Skopje, Warsaw, Zagreb"
SITEDATEFORMAT="DAY_MONTH_YEAR"
STARTDATE="06/15/2018"
STUDYLOCALE="en-US"
SVAUTOSELECTRATE="100"
SVFIRSTNSUBJECTS="100"
/>


<SITE  NAME="(157) Hospital Virgen Macarena"    MNEMONIC="157"
ADDRESS="Servicio de Dermatología  Edificio Policlínico 2ª planta Avda. Dr Fedriani 3 41009 Sevilla"
COUNTRY="SPAIN"
PHONE="340034600162642"
ALTPHONE="34"
FAX="34"
TIMEZONE="(UTC+01:00) Sarajevo, Skopje, Warsaw, Zagreb"
SITEDATEFORMAT="DAY_MONTH_YEAR"
STARTDATE="06/15/2018"
STUDYLOCALE="en-US"
SVAUTOSELECTRATE="100"
SVFIRSTNSUBJECTS="100"
/>


<SITE  NAME="(475) Salford Royal NHS Foundation Trust"    MNEMONIC="475"
ADDRESS="Stott Lane Salford M6 8HD Greater Manchester United Kingdom"
COUNTRY="UNITED KINGDOM"
PHONE="44441617897373"
ALTPHONE="44"
FAX="44"
TIMEZONE="(UTC+00:00) Dublin, Edinburgh, Lisbon, London"
SITEDATEFORMAT="DAY_MONTH_YEAR"
STARTDATE="06/15/2018"
STUDYLOCALE="en-US"
SVAUTOSELECTRATE="100"
SVFIRSTNSUBJECTS="100"
/>


<SITE  NAME="(359) Clinical Science Institute"    MNEMONIC="359"
ADDRESS="2001 Santa Monica Boulevard Suite 1160W and 1185W Santa Monica CA    90404"
COUNTRY="UNITED STATES"
PHONE="113108288887"
ALTPHONE="1"
FAX="1"
TIMEZONE="(UTC-08:00) Pacific Time (US &#38; Canada)"
SITEDATEFORMAT="DAY_MONTH_YEAR"
STARTDATE="06/15/2018"
STUDYLOCALE="en-US"
SVAUTOSELECTRATE="100"
SVFIRSTNSUBJECTS="100"
/>


<SITE  NAME="(346) OHSU Center for Health And Healing"    MNEMONIC="346"
ADDRESS="3303 SW Bond CH16D Portland OR  97239"
COUNTRY="UNITED STATES"
PHONE="115034944770"
ALTPHONE="1"
FAX="1"
TIMEZONE="(UTC-08:00) Pacific Time (US &#38; Canada)"
SITEDATEFORMAT="DAY_MONTH_YEAR"
STARTDATE="06/15/2018"
STUDYLOCALE="en-US"
SVAUTOSELECTRATE="100"
SVFIRSTNSUBJECTS="100"
/>


<SITE  NAME="(345) Dermatology Clinical Trials"    MNEMONIC="345"
ADDRESS="360 San Miguel Drive Suite 501 Newport Beach CA  92660"
COUNTRY="UNITED STATES"
PHONE="119497201170"
ALTPHONE="1"
FAX="1"
TIMEZONE="(UTC-08:00) Pacific Time (US &#38; Canada)"
SITEDATEFORMAT="DAY_MONTH_YEAR"
STARTDATE="06/15/2018"
STUDYLOCALE="en-US"
SVAUTOSELECTRATE="100"
SVFIRSTNSUBJECTS="100"
/>


<SITE  NAME="(335) San Luis Dermatology And Laser Clinic Inc"    MNEMONIC="335"
ADDRESS="15 Santa Rosa St San Luis Obispo CA  93405"
COUNTRY="UNITED STATES"
PHONE="118055412650"
ALTPHONE="1"
FAX="1"
TIMEZONE="(UTC-08:00) Pacific Time (US &#38; Canada)"
SITEDATEFORMAT="DAY_MONTH_YEAR"
STARTDATE="06/15/2018"
STUDYLOCALE="en-US"
SVAUTOSELECTRATE="100"
SVFIRSTNSUBJECTS="100"
/>


<SITE  NAME="(309) Dermatology Associates"    MNEMONIC="309"
ADDRESS="1730 Minor Avenue Ste 1000 Seattle WA  98101"
COUNTRY="UNITED STATES"
PHONE="112063150377"
ALTPHONE="1"
FAX="1"
TIMEZONE="(UTC-08:00) Pacific Time (US &#38; Canada)"
SITEDATEFORMAT="DAY_MONTH_YEAR"
STARTDATE="06/15/2018"
STUDYLOCALE="en-US"
SVAUTOSELECTRATE="100"
SVFIRSTNSUBJECTS="100"
/>


<SITE  NAME="(328) Bakersfield Dermatology and Skin Cancer Medical Group"    MNEMONIC="328"
ADDRESS="5101 Commerce Drive Suite 101 Bakersfield CA  93309"
COUNTRY="UNITED STATES"
PHONE="116613273756"
ALTPHONE="1"
FAX="1"
TIMEZONE="(UTC-08:00) Pacific Time (US &#38; Canada)"
SITEDATEFORMAT="DAY_MONTH_YEAR"
STARTDATE="06/15/2018"
STUDYLOCALE="en-US"
SVAUTOSELECTRATE="100"
SVFIRSTNSUBJECTS="100"
/>


<SITE  NAME="(312) Oregon Dermatology And Research Center"    MNEMONIC="312"
ADDRESS="2565 NW Lovejoy Suite 200 Portland OR  97210"
COUNTRY="UNITED STATES"
PHONE="115032263376"
ALTPHONE="1"
FAX="1"
TIMEZONE="(UTC-08:00) Pacific Time (US &#38; Canada)"
SITEDATEFORMAT="DAY_MONTH_YEAR"
STARTDATE="06/15/2018"
STUDYLOCALE="en-US"
SVAUTOSELECTRATE="100"
SVFIRSTNSUBJECTS="100"
/>


<SITE  NAME="(361) Stoll Dermatology"    MNEMONIC="361"
ADDRESS="9735 Wilshire Boulevard Suite 418 Beverly Hills CA  90212"
COUNTRY="UNITED STATES"
PHONE="113102736033"
ALTPHONE="1"
FAX="1"
TIMEZONE="(UTC-08:00) Pacific Time (US &#38; Canada)"
SITEDATEFORMAT="DAY_MONTH_YEAR"
STARTDATE="06/15/2018"
STUDYLOCALE="en-US"
SVAUTOSELECTRATE="100"
SVFIRSTNSUBJECTS="100"
/>


<SITE  NAME="(324) Keck School of Medicine of University of Southern California"    MNEMONIC="324"
ADDRESS="1975 Zonal Avenue Keith Administration Building Room 510 Los Angeles CA  90089"
COUNTRY="UNITED STATES"
PHONE="113238653641"
ALTPHONE="1"
FAX="1"
TIMEZONE="(UTC-08:00) Pacific Time (US &#38; Canada)"
SITEDATEFORMAT="DAY_MONTH_YEAR"
STARTDATE="06/15/2018"
STUDYLOCALE="en-US"
SVAUTOSELECTRATE="100"
SVFIRSTNSUBJECTS="100"
/>


<SITE  NAME="(353) California Dermatology and Clinical Research Institute"    MNEMONIC="353"
ADDRESS="561 Saxony Place Suite 102 Encinitac CA  92024"
COUNTRY="UNITED STATES"
PHONE="117602033839"
ALTPHONE="1"
FAX="1"
TIMEZONE="(UTC-08:00) Pacific Time (US &#38; Canada)"
SITEDATEFORMAT="DAY_MONTH_YEAR"
STARTDATE="06/15/2018"
STUDYLOCALE="en-US"
SVAUTOSELECTRATE="100"
SVFIRSTNSUBJECTS="100"
/>


<SITE  NAME="(340) Tien Q Nguyen MD Inc DBA First OC Dermatology"    MNEMONIC="340"
ADDRESS="17271 Brookhurst St Fountain Valley CA  92708"
COUNTRY="UNITED STATES"
PHONE="117145312966"
ALTPHONE="1"
FAX="1"
TIMEZONE="(UTC-08:00) Pacific Time (US &#38; Canada)"
SITEDATEFORMAT="DAY_MONTH_YEAR"
STARTDATE="06/15/2018"
STUDYLOCALE="en-US"
SVAUTOSELECTRATE="100"
SVFIRSTNSUBJECTS="100"
/>


<SITE  NAME="(363) Jordan Valley Dermatology Center"    MNEMONIC="363"
ADDRESS="3570 W 9000 S Suite 220 West Jordan UT  84088"
COUNTRY="UNITED STATES"
PHONE="118013160266"
ALTPHONE="1"
FAX="1"
TIMEZONE="(UTC-07:00) Mountain Time (US &#38; Canada)"
SITEDATEFORMAT="DAY_MONTH_YEAR"
STARTDATE="06/15/2018"
STUDYLOCALE="en-US"
SVAUTOSELECTRATE="100"
SVFIRSTNSUBJECTS="100"
/>


<SITE  NAME="(362) Treasure Valley Dermatology"    MNEMONIC="362"
ADDRESS="2950 E Magic View Dr Suite 182 Meridian ID  83642"
COUNTRY="UNITED STATES"
PHONE="112084673006"
ALTPHONE="1"
FAX="1"
TIMEZONE="(UTC-07:00) Mountain Time (US &#38; Canada)"
SITEDATEFORMAT="DAY_MONTH_YEAR"
STARTDATE="06/15/2018"
STUDYLOCALE="en-US"
SVAUTOSELECTRATE="100"
SVFIRSTNSUBJECTS="100"
/>


<SITE  NAME="(331) University of Alabama at Birmingham - Dermatology"    MNEMONIC="331"
ADDRESS="Dermatology at the Whitaker Clinic John N Whitaker Building 500 22nd Street South Suite 3400 Birmingham AL    35233"
COUNTRY="UNITED STATES"
PHONE="112055029960"
ALTPHONE="1"
FAX="1"
TIMEZONE="(UTC-06:00) Central Time (US &#38; Canada)"
SITEDATEFORMAT="DAY_MONTH_YEAR"
STARTDATE="06/15/2018"
STUDYLOCALE="en-US"
SVAUTOSELECTRATE="100"
SVFIRSTNSUBJECTS="100"
/>


<SITE  NAME="(330) University Dermatology"    MNEMONIC="330"
ADDRESS="8110 South Cass Ave Darien IL  60561"
COUNTRY="UNITED STATES"
PHONE="116309201900"
ALTPHONE="1"
FAX="1"
TIMEZONE="(UTC-06:00) Central Time (US &#38; Canada)"
SITEDATEFORMAT="DAY_MONTH_YEAR"
STARTDATE="06/15/2018"
STUDYLOCALE="en-US"
SVAUTOSELECTRATE="100"
SVFIRSTNSUBJECTS="100"
/>


<SITE  NAME="(364) Froedtert and Medical College of Wisconsin"    MNEMONIC="364"
ADDRESS="8701 W Watertown Plank Road TBRC C2010 Milwaukee WI  53326"
COUNTRY="UNITED STATES"
PHONE="114148055320"
ALTPHONE="1"
FAX="1"
TIMEZONE="(UTC-06:00) Central Time (US &#38; Canada)"
SITEDATEFORMAT="DAY_MONTH_YEAR"
STARTDATE="06/15/2018"
STUDYLOCALE="en-US"
SVAUTOSELECTRATE="100"
SVFIRSTNSUBJECTS="100"
/>


<SITE  NAME="(327) Modern Research Associates PLLC"    MNEMONIC="327"
ADDRESS="9101 N Central Expressway Suite 170 Dallas TX  75231"
COUNTRY="UNITED STATES"
PHONE="112143612008"
ALTPHONE="1"
FAX="1"
TIMEZONE="(UTC-06:00) Central Time (US &#38; Canada)"
SITEDATEFORMAT="DAY_MONTH_YEAR"
STARTDATE="06/15/2018"
STUDYLOCALE="en-US"
SVAUTOSELECTRATE="100"
SVFIRSTNSUBJECTS="100"
/>


<SITE  NAME="(325) Texas Dermatology and Laser Specialists"    MNEMONIC="325"
ADDRESS="3320 Oakwell Court San Antonio TX  78218"
COUNTRY="UNITED STATES"
PHONE="112108295180"
ALTPHONE="1"
FAX="1"
TIMEZONE="(UTC-06:00) Central Time (US &#38; Canada)"
SITEDATEFORMAT="DAY_MONTH_YEAR"
STARTDATE="06/15/2018"
STUDYLOCALE="en-US"
SVAUTOSELECTRATE="100"
SVFIRSTNSUBJECTS="100"
/>


<SITE  NAME="(322) Arlington Dermatology"    MNEMONIC="322"
ADDRESS="5301 Keystone Court Rolling Meadows IL  60008"
COUNTRY="UNITED STATES"
PHONE="118473925440"
ALTPHONE="1"
FAX="1"
TIMEZONE="(UTC-06:00) Central Time (US &#38; Canada)"
SITEDATEFORMAT="DAY_MONTH_YEAR"
STARTDATE="06/15/2018"
STUDYLOCALE="en-US"
SVAUTOSELECTRATE="100"
SVFIRSTNSUBJECTS="100"
/>


<SITE  NAME="(355) Louisiana Dermatology Associates"    MNEMONIC="355"
ADDRESS="10154 Jefferson Hwy Baton Rouge LA  70809"
COUNTRY="UNITED STATES"
PHONE="112259275663"
ALTPHONE="1"
FAX="1"
TIMEZONE="(UTC-06:00) Central Time (US &#38; Canada)"
SITEDATEFORMAT="DAY_MONTH_YEAR"
STARTDATE="06/15/2018"
STUDYLOCALE="en-US"
SVAUTOSELECTRATE="100"
SVFIRSTNSUBJECTS="100"
/>


<SITE  NAME="(339) Austin Institute for Clinical Research LLC"    MNEMONIC="339"
ADDRESS="302 N Heatherwilde Blvd Suite 300 Pflugerville TX  78860"
COUNTRY="UNITED STATES"
PHONE="115122792545"
ALTPHONE="1"
FAX="1"
TIMEZONE="(UTC-06:00) Central Time (US &#38; Canada)"
SITEDATEFORMAT="DAY_MONTH_YEAR"
STARTDATE="06/15/2018"
STUDYLOCALE="en-US"
SVAUTOSELECTRATE="100"
SVFIRSTNSUBJECTS="100"
/>


<SITE  NAME="(358) Clinical Research Center of CT"    MNEMONIC="358"
ADDRESS="27 Hospital Avenue Suite 206 Danbury CT  06810"
COUNTRY="UNITED STATES"
PHONE="112036162710"
ALTPHONE="1"
FAX="1"
TIMEZONE="(UTC-05:00) Eastern Time (US &#38; Canada)"
SITEDATEFORMAT="DAY_MONTH_YEAR"
STARTDATE="06/15/2018"
STUDYLOCALE="en-US"
SVAUTOSELECTRATE="100"
SVFIRSTNSUBJECTS="100"
/>


<SITE  NAME="(352) Park Avenue Dermatology"    MNEMONIC="352"
ADDRESS="906 Park Avenue Orange Park FL  32073"
COUNTRY="UNITED STATES"
PHONE="119044580411"
ALTPHONE="1"
FAX="1"
TIMEZONE="(UTC-05:00) Eastern Time (US &#38; Canada)"
SITEDATEFORMAT="DAY_MONTH_YEAR"
STARTDATE="06/15/2018"
STUDYLOCALE="en-US"
SVAUTOSELECTRATE="100"
SVFIRSTNSUBJECTS="100"
/>


<SITE  NAME="(351) Dermatology And Laser Center of Charleston"    MNEMONIC="351"
ADDRESS="1364 Ashley River Road Charleston SC  29414"
COUNTRY="UNITED STATES"
PHONE="118435568886"
ALTPHONE="1"
FAX="1"
TIMEZONE="(UTC-05:00) Eastern Time (US &#38; Canada)"
SITEDATEFORMAT="DAY_MONTH_YEAR"
STARTDATE="06/15/2018"
STUDYLOCALE="en-US"
SVAUTOSELECTRATE="100"
SVFIRSTNSUBJECTS="100"
/>


<SITE  NAME="(349) Tufts Medical Center"    MNEMONIC="349"
ADDRESS="800 Washington Street 114 Boston MA  02111"
COUNTRY="UNITED STATES"
PHONE="116176367462"
ALTPHONE="1"
FAX="1"
TIMEZONE="(UTC-05:00) Eastern Time (US &#38; Canada)"
SITEDATEFORMAT="DAY_MONTH_YEAR"
STARTDATE="06/15/2018"
STUDYLOCALE="en-US"
SVAUTOSELECTRATE="100"
SVFIRSTNSUBJECTS="100"
/>


<SITE  NAME="(348) Virginia Clinical Research"    MNEMONIC="348"
ADDRESS="6160 Kempsville Circle Suite 200 A Norfolk VA  23502"
COUNTRY="UNITED STATES"
PHONE="117576226315"
ALTPHONE="1"
FAX="1"
TIMEZONE="(UTC-05:00) Eastern Time (US &#38; Canada)"
SITEDATEFORMAT="DAY_MONTH_YEAR"
STARTDATE="06/15/2018"
STUDYLOCALE="en-US"
SVAUTOSELECTRATE="100"
SVFIRSTNSUBJECTS="100"
/>


<SITE  NAME="(347) Dermatology Specialist Research"    MNEMONIC="347"
ADDRESS="3810 Springhurst Blvd Suite 130 Louisville KY  40241"
COUNTRY="UNITED STATES"
PHONE="115025837546"
ALTPHONE="1"
FAX="1"
TIMEZONE="(UTC-05:00) Eastern Time (US &#38; Canada)"
SITEDATEFORMAT="DAY_MONTH_YEAR"
STARTDATE="06/15/2018"
STUDYLOCALE="en-US"
SVAUTOSELECTRATE="100"
SVFIRSTNSUBJECTS="100"
/>


<SITE  NAME="(344) University of North Carolina Dermatology and Skin Cancer Center"    MNEMONIC="344"
ADDRESS="410 Market Street Suite 400 CB 7715 Chapel Hill NC  27516"
COUNTRY="UNITED STATES"
PHONE="119199662485"
ALTPHONE="1"
FAX="1"
TIMEZONE="(UTC-05:00) Eastern Time (US &#38; Canada)"
SITEDATEFORMAT="DAY_MONTH_YEAR"
STARTDATE="06/15/2018"
STUDYLOCALE="en-US"
SVAUTOSELECTRATE="100"
SVFIRSTNSUBJECTS="100"
/>


<SITE  NAME="(343) Dermatology and Skin Cancer Specialists"    MNEMONIC="343"
ADDRESS="15245 Shady Grove Road Suite 480 Rockville MD  20850"
COUNTRY="UNITED STATES"
PHONE="113013553183"
ALTPHONE="1"
FAX="1"
TIMEZONE="(UTC-05:00) Eastern Time (US &#38; Canada)"
SITEDATEFORMAT="DAY_MONTH_YEAR"
STARTDATE="06/15/2018"
STUDYLOCALE="en-US"
SVAUTOSELECTRATE="100"
SVFIRSTNSUBJECTS="100"
/>


<SITE  NAME="(342) MedaPhase Inc"    MNEMONIC="342"
ADDRESS="710 Newnan Crossing Bypass Newnan GA  30263"
COUNTRY="UNITED STATES"
PHONE="117702526900"
ALTPHONE="1"
FAX="1"
TIMEZONE="(UTC-05:00) Eastern Time (US &#38; Canada)"
SITEDATEFORMAT="DAY_MONTH_YEAR"
STARTDATE="06/15/2018"
STUDYLOCALE="en-US"
SVAUTOSELECTRATE="100"
SVFIRSTNSUBJECTS="100"
/>


<SITE  NAME="(338) University Hospitals of Cleveland"    MNEMONIC="338"
ADDRESS="Department of Dermatology 11100 Euclid Avenue Bolwell Suite 3100 Cleveland OH  44106"
COUNTRY="UNITED STATES"
PHONE="112168443178"
ALTPHONE="1"
FAX="1"
TIMEZONE="(UTC-05:00) Eastern Time (US &#38; Canada)"
SITEDATEFORMAT="DAY_MONTH_YEAR"
STARTDATE="06/15/2018"
STUDYLOCALE="en-US"
SVAUTOSELECTRATE="100"
SVFIRSTNSUBJECTS="100"
/>


<SITE  NAME="(337) PMG Research of Cary LLC"    MNEMONIC="337"
ADDRESS="530 New Waverly Place Suite 200A Cary NC  27518"
COUNTRY="UNITED STATES"
PHONE="119193423447"
ALTPHONE="1"
FAX="1"
TIMEZONE="(UTC-05:00) Eastern Time (US &#38; Canada)"
SITEDATEFORMAT="DAY_MONTH_YEAR"
STARTDATE="06/15/2018"
STUDYLOCALE="en-US"
SVAUTOSELECTRATE="100"
SVFIRSTNSUBJECTS="100"
/>


<SITE  NAME="(336) Meridian Clinical Research"    MNEMONIC="336"
ADDRESS="310 Eisenhower Drive Suite 12A  Savannah GA  31406"
COUNTRY="UNITED STATES"
PHONE="119124434253"
ALTPHONE="1"
FAX="1"
TIMEZONE="(UTC-05:00) Eastern Time (US &#38; Canada)"
SITEDATEFORMAT="DAY_MONTH_YEAR"
STARTDATE="06/15/2018"
STUDYLOCALE="en-US"
SVAUTOSELECTRATE="100"
SVFIRSTNSUBJECTS="100"
/>


<SITE  NAME="(334) Lawrence J Green MD LLC"    MNEMONIC="334"
ADDRESS="15005 Shady Grove Road Suite 440 Rockville MD  20850"
COUNTRY="UNITED STATES"
PHONE="113016100663"
ALTPHONE="1"
FAX="1"
TIMEZONE="(UTC-05:00) Eastern Time (US &#38; Canada)"
SITEDATEFORMAT="DAY_MONTH_YEAR"
STARTDATE="06/15/2018"
STUDYLOCALE="en-US"
SVAUTOSELECTRATE="100"
SVFIRSTNSUBJECTS="100"
/>


<SITE  NAME="(332) Wake Forest Baptist Medical Center-Department of Dermatology Clinical Studies"    MNEMONIC="332"
ADDRESS="4618 Country Club Road Winston-Salem NC  27104"
COUNTRY="UNITED STATES"
PHONE="113367167740"
ALTPHONE="1"
FAX="1"
TIMEZONE="(UTC-05:00) Eastern Time (US &#38; Canada)"
SITEDATEFORMAT="DAY_MONTH_YEAR"
STARTDATE="06/15/2018"
STUDYLOCALE="en-US"
SVAUTOSELECTRATE="100"
SVFIRSTNSUBJECTS="100"
/>


<SITE  NAME="(308) South Bend Clinic Center for Research"    MNEMONIC="308"
ADDRESS="211 North Eddy Street South Bend IN  46617"
COUNTRY="UNITED STATES"
PHONE="115742046432"
ALTPHONE="1"
FAX="1"
TIMEZONE="(UTC-05:00) Eastern Time (US &#38; Canada)"
SITEDATEFORMAT="DAY_MONTH_YEAR"
STARTDATE="06/15/2018"
STUDYLOCALE="en-US"
SVAUTOSELECTRATE="100"
SVFIRSTNSUBJECTS="100"
/>


<SITE  NAME="(326) Dermatologic Surgery Specialists PC"    MNEMONIC="326"
ADDRESS="308 Coliseum Dr Suite 200 Macon GA  31217"
COUNTRY="UNITED STATES"
PHONE="114787422180"
ALTPHONE="1"
FAX="1"
TIMEZONE="(UTC-05:00) Eastern Time (US &#38; Canada)"
SITEDATEFORMAT="DAY_MONTH_YEAR"
STARTDATE="06/15/2018"
STUDYLOCALE="en-US"
SVAUTOSELECTRATE="100"
SVFIRSTNSUBJECTS="100"
/>


<SITE  NAME="(323) PMG Research of Wilmington LLC"    MNEMONIC="323"
ADDRESS="8115 Market Street Wilmington NC  28411"
COUNTRY="UNITED STATES"
PHONE="119108156108"
ALTPHONE="1"
FAX="1"
TIMEZONE="(UTC-05:00) Eastern Time (US &#38; Canada)"
SITEDATEFORMAT="DAY_MONTH_YEAR"
STARTDATE="06/15/2018"
STUDYLOCALE="en-US"
SVAUTOSELECTRATE="100"
SVFIRSTNSUBJECTS="100"
/>


<SITE  NAME="(310) Central Dermatology PC"    MNEMONIC="310"
ADDRESS="1034 S Brentwood Blvd Ste 600 St Louis MO  63117"
COUNTRY="UNITED STATES"
PHONE="113147215565"
ALTPHONE="1"
FAX="1"
TIMEZONE="(UTC-05:00) Eastern Time (US &#38; Canada)"
SITEDATEFORMAT="DAY_MONTH_YEAR"
STARTDATE="06/15/2018"
STUDYLOCALE="en-US"
SVAUTOSELECTRATE="100"
SVFIRSTNSUBJECTS="100"
/>


<SITE  NAME="(300) Psoriasis Treatment Center of Central New Jersey"    MNEMONIC="300"
ADDRESS="59 One Mile Road East Windson NJ  08520"
COUNTRY="UNITED STATES"
PHONE="116094434500"
ALTPHONE="1"
FAX="1"
TIMEZONE="(UTC-05:00) Eastern Time (US &#38; Canada)"
SITEDATEFORMAT="DAY_MONTH_YEAR"
STARTDATE="06/15/2018"
STUDYLOCALE="en-US"
SVAUTOSELECTRATE="100"
SVFIRSTNSUBJECTS="100"
/>


<SITE  NAME="(360) Dermatologists of Greater Columbus"    MNEMONIC="360"
ADDRESS="2359 East Main Street Bexley OH  43209"
COUNTRY="UNITED STATES"
PHONE="116149471716"
ALTPHONE="1"
FAX="1"
TIMEZONE="(UTC-05:00) Eastern Time (US &#38; Canada)"
SITEDATEFORMAT="DAY_MONTH_YEAR"
STARTDATE="06/15/2018"
STUDYLOCALE="en-US"
SVAUTOSELECTRATE="100"
SVFIRSTNSUBJECTS="100"
/>


<SITE  NAME="(333) Dawes Fretzin Clinical Research Group LLC"    MNEMONIC="333"
ADDRESS="8103 Clearvista Parkway Suite 260 Indianapolis IN  46256"
COUNTRY="UNITED STATES"
PHONE="113176217731"
ALTPHONE="1"
FAX="1"
TIMEZONE="(UTC-05:00) Eastern Time (US &#38; Canada)"
SITEDATEFORMAT="DAY_MONTH_YEAR"
STARTDATE="06/15/2018"
STUDYLOCALE="en-US"
SVAUTOSELECTRATE="100"
SVFIRSTNSUBJECTS="100"
/>


<SITE  NAME="(307) The Indiana Clinical Trials Center PC"    MNEMONIC="307"
ADDRESS="824 Edwards Dr Suite 172 Plainfield IN  46168"
COUNTRY="UNITED STATES"
PHONE="113178376082"
ALTPHONE="1"
FAX="1"
TIMEZONE="(UTC-05:00) Eastern Time (US &#38; Canada)"
SITEDATEFORMAT="DAY_MONTH_YEAR"
STARTDATE="06/15/2018"
STUDYLOCALE="en-US"
SVAUTOSELECTRATE="100"
SVFIRSTNSUBJECTS="100"
/>


<SITE  NAME="(306) Clinical Partners LLC"    MNEMONIC="306"
ADDRESS="1524 Atwood Ave Suite 330 Johnston RI  02919"
COUNTRY="UNITED STATES"
PHONE="114014543800"
ALTPHONE="1"
FAX="1"
TIMEZONE="(UTC-05:00) Eastern Time (US &#38; Canada)"
SITEDATEFORMAT="DAY_MONTH_YEAR"
STARTDATE="06/15/2018"
STUDYLOCALE="en-US"
SVAUTOSELECTRATE="100"
SVFIRSTNSUBJECTS="100"
/>


<SITE  NAME="(357) Advanced Medical Research PC"    MNEMONIC="357"
ADDRESS="5730 Glenridge Drive Suite T-100 Sandy Springs GA  30328"
COUNTRY="UNITED STATES"
PHONE="114049399220"
ALTPHONE="1"
FAX="1"
TIMEZONE="(UTC-05:00) Eastern Time (US &#38; Canada)"
SITEDATEFORMAT="DAY_MONTH_YEAR"
STARTDATE="06/15/2018"
STUDYLOCALE="en-US"
SVAUTOSELECTRATE="100"
SVFIRSTNSUBJECTS="100"
/>


<SITE  NAME="(356) Wright State University Clinical Trials Research Alliance"    MNEMONIC="356"
ADDRESS="725 University Blvd 2nd floor Fairborn OH  45324"
COUNTRY="UNITED STATES"
PHONE="119377752463"
ALTPHONE="1"
FAX="1"
TIMEZONE="(UTC-05:00) Eastern Time (US &#38; Canada)"
SITEDATEFORMAT="DAY_MONTH_YEAR"
STARTDATE="06/15/2018"
STUDYLOCALE="en-US"
SVAUTOSELECTRATE="100"
SVFIRSTNSUBJECTS="100"
/>


<SITE  NAME="(354) Ora Inc"    MNEMONIC="354"
ADDRESS="300 Brickstone Square 3rd Floor Andover MA  01810"
COUNTRY="UNITED STATES"
PHONE="119786858900"
ALTPHONE="1"
FAX="1"
TIMEZONE="(UTC-05:00) Eastern Time (US &#38; Canada)"
SITEDATEFORMAT="DAY_MONTH_YEAR"
STARTDATE="06/15/2018"
STUDYLOCALE="en-US"
SVAUTOSELECTRATE="100"
SVFIRSTNSUBJECTS="100"
/>


<SITE  NAME="(341) Icahn School of Medicine at Mount Sinai Dermatology Clinical Trials"    MNEMONIC="341"
ADDRESS="5 East 98th Street 5th Floor  Box 1048 New York NY  10029"
COUNTRY="UNITED STATES"
PHONE="112122413288"
ALTPHONE="1"
FAX="1"
TIMEZONE="(UTC-05:00) Eastern Time (US &#38; Canada)"
SITEDATEFORMAT="DAY_MONTH_YEAR"
STARTDATE="06/15/2018"
STUDYLOCALE="en-US"
SVAUTOSELECTRATE="100"
SVFIRSTNSUBJECTS="100"
/>


<SITE  NAME="(350) Dr Samuel Sanchez PSC"    MNEMONIC="350"
ADDRESS="200 Grand Boulevard Los Prados Plaza Los Prados Suite Z-5 Caguas Puerto Rico  00727"
COUNTRY="UNITED STATES"
PHONE="117877463136"
ALTPHONE="1"
FAX="1"
TIMEZONE="(UTC-04:00) Atlantic Time (Canada)"
SITEDATEFORMAT="DAY_MONTH_YEAR"
STARTDATE="06/15/2018"
STUDYLOCALE="en-US"
SVAUTOSELECTRATE="100"
SVFIRSTNSUBJECTS="100"
/>


<SITE  NAME="(303) Dr Alma M Cruz Office"    MNEMONIC="303"
ADDRESS="Carolina Shopping Court 65th Inf Ave.with Roberto Clemente 6th floor suite 303 Carolina Puerto Rico 00985"
COUNTRY="UNITED STATES"
PHONE="117877691954"
ALTPHONE="1"
FAX="1"
TIMEZONE="(UTC-04:00) Atlantic Time (Canada)"
SITEDATEFORMAT="DAY_MONTH_YEAR"
STARTDATE="06/15/2018"
STUDYLOCALE="en-US"
SVAUTOSELECTRATE="100"
SVFIRSTNSUBJECTS="100"
/>


<SITE  NAME="(329) SCB Research Center"    MNEMONIC="329"
ADDRESS="Edificio Médico Santa Cruz 73 Santa Cruz Street Suite 405 Bayamon Puerto Rico  00961"
COUNTRY="UNITED STATES"
PHONE="117877984592"
ALTPHONE="1"
FAX="1"
TIMEZONE="(UTC-04:00) Atlantic Time (Canada)"
SITEDATEFORMAT="DAY_MONTH_YEAR"
STARTDATE="06/15/2018"
STUDYLOCALE="en-US"
SVAUTOSELECTRATE="100"
SVFIRSTNSUBJECTS="100"
/>


<SITE  NAME="(320) GCM Medical Group PSC - Santurce"    MNEMONIC="320"
ADDRESS="1826 Fernandez Juncos San Juan PR  00909"
COUNTRY="UNITED STATES"
PHONE="117877268396"
ALTPHONE="1"
FAX="1"
TIMEZONE="(UTC-04:00) Atlantic Time (Canada)"
SITEDATEFORMAT="DAY_MONTH_YEAR"
STARTDATE="06/15/2018"
STUDYLOCALE="en-US"
SVAUTOSELECTRATE="100"
SVFIRSTNSUBJECTS="100"
/>


<SITE  NAME="(301) Ponce School of Medicine Foundation"    MNEMONIC="301"
ADDRESS="CAIMED Center 280 Monterey Street Urb Industrial Reparada Ponce Puerto Rico  00716"
COUNTRY="UNITED STATES"
PHONE="117878402505"
ALTPHONE="1"
FAX="1"
TIMEZONE="(UTC-04:00) Atlantic Time (Canada)"
SITEDATEFORMAT="DAY_MONTH_YEAR"
STARTDATE="06/15/2018"
STUDYLOCALE="en-US"
SVAUTOSELECTRATE="100"
SVFIRSTNSUBJECTS="100"
/>


</MEDMLDATA>