<?xml version="1.0"?>
<MEDMLDATA xmlns="PhaseForward-MedML-Inform4">

<ITEMGROUP 
GROUPNAME="Adjudicator_Data Manager_ReadOnly"
GROUPDESCRIPTION="Items that should be read only to the Adjudicator role and Data Manager. The rest of roles will keep the  access of the CRF Setting">
 <!-- Insert ItemRef Names -->
<ITEMREF REFNAME="FASPID_AJARRF1"/>
<ITEMREF REFNAME="FASPID_AJCEV_F1"/>
<ITEMREF REFNAME="FASPID_AJCGS_F1"/>
<ITEMREF REFNAME="FASPID_AJCIE_F1"/>
<ITEMREF REFNAME="FASPID_AJPAREVF1"/>
<ITEMREF REFNAME="FASPID_AJHSPHFF1"/>
<ITEMREF REFNAME="FASPID_AJHTNF1"/>
<ITEMREF REFNAME="FASPID_AJREVF1"/>
<ITEMREF REFNAME="FASPID_AJRSSDF1"/>
<ITEMREF REFNAME="FASPID_AJCRV_F1"/>

</ITEMGROUP>

<ITEMGROUP 
GROUPNAME="Adjudicator_Editable"
GROUPDESCRIPTION="Items editable for Adjudicator.">
 <!-- Insert ItemRef Names -->
<ITEMREF REFNAME="ARRR_CMPD_AJARRF1"/>
<ITEMREF REFNAME="EVDTAGMT_AJCEV_F1"/>
<ITEMREF REFNAME="CECAJASM_AJRSSDF1"/>
<ITEMREF REFNAME="CGSR3_AJCGS2001_F1"/>
<ITEMREF REFNAME="CRVR2_AJCRV_F1"/>
<ITEMREF REFNAME="CRVR5_AJCRV_F1"/>
<ITEMREF REFNAME="CRVR6_AJCRV_F1"/>
<ITEMREF REFNAME="DTHTP_AJDTHF1"/>
<ITEMREF REFNAME="EPAEDAT_AJARRF1"/>
<ITEMREF REFNAME="EPAEDAT_AJCEV_F1"/>
<ITEMREF REFNAME="EPAEDAT_AJCGS_F1"/>
<ITEMREF REFNAME="EPAEDAT_AJCIE_F1"/>
<ITEMREF REFNAME="EPAEDAT_AJCRV_F1"/>
<ITEMREF REFNAME="EPAEDAT_AJDTHF1"/>
<ITEMREF REFNAME="EPAEDAT_AJHSPHFF1"/>
<ITEMREF REFNAME="EPAEDAT_AJHTNF1"/>
<ITEMREF REFNAME="EPAEDAT_AJPAREVF1"/>
<ITEMREF REFNAME="EPAEDAT_AJREVF1"/>
<ITEMREF REFNAME="EPAEDAT_AJRSSDF1"/>
<ITEMREF REFNAME="EVDTAGMT_AJARRF1"/>
<ITEMREF REFNAME="CECAJASM_AJREVF1"/>
<ITEMREF REFNAME="EVDTAGMT_AJCGS_F1"/>
<ITEMREF REFNAME="EVDTAGMT_AJCIE_F1"/>
<ITEMREF REFNAME="EVDTAGMT_AJCRV_F1"/>
<ITEMREF REFNAME="EVDTAGMT_AJDTHF1"/>
<ITEMREF REFNAME="EVDTAGMT_AJHSPHFF1"/>
<ITEMREF REFNAME="EVDTAGMT_AJHTNF1"/>
<ITEMREF REFNAME="EVDTAGMT_AJPAREVF1"/>
<ITEMREF REFNAME="EVDTAGMT_AJREVF1"/>
<ITEMREF REFNAME="EVDTAGMT_AJRSSDF1"/>
<ITEMREF REFNAME="REVR2_AJREVF1"/>
<ITEMREF REFNAME="AEGRPID_RELREC_AJARRF1"/>
<ITEMREF REFNAME="AEGRPID_RELREC_AJCEV_F1"/>
<ITEMREF REFNAME="AEGRPID_RELREC_AJCGS_F1"/>
<ITEMREF REFNAME="AEGRPID_RELREC_AJCIE_F1"/>
<ITEMREF REFNAME="AEGRPID_RELREC_AJCRV_F1"/>
<ITEMREF REFNAME="AEGRPID_RELREC_AJDTHF1"/>
<ITEMREF REFNAME="AEGRPID_RELREC_AJHSPHFF1"/>
<ITEMREF REFNAME="AEGRPID_RELREC_AJHTNF1"/>
<ITEMREF REFNAME="AEGRPID_RELREC_AJPAREVF1"/>
<ITEMREF REFNAME="AEGRPID_RELREC_AJREVF1"/>
<ITEMREF REFNAME="AEGRPID_RELREC_AJRSSDF1"/>
<ITEMREF REFNAME="CECAJASM_AJARRF1"/>
<ITEMREF REFNAME="CECAJASM_AJCEV_F1"/>
<ITEMREF REFNAME="CECAJASM_AJCGS_F1"/>
<ITEMREF REFNAME="CECAJASM_AJCIE_F1"/>
<ITEMREF REFNAME="CECAJASM_AJCRV_F1"/>
<ITEMREF REFNAME="CECAJASM_AJHSPHFF1"/>
<ITEMREF REFNAME="CECAJASM_AJHTNF1"/>
<ITEMREF REFNAME="CECAJASM_AJPAREVF1"/>

</ITEMGROUP>

<ITEMGROUP 
GROUPNAME="Adjudicator_Endpoint_Read_Only"
GROUPDESCRIPTION="** This group is not used - dummy item selected">
 <!-- Insert ItemRef Names -->
<ITEMREF REFNAME="igSAE2001_F1_S4"/>

</ITEMGROUP>

<ITEMGROUP 
GROUPNAME="Adjudicator_Hidden"
GROUPDESCRIPTION="Items hidden from the Adjudicator not in other item groups.">
 <!-- Insert ItemRef Names -->
<ITEMREF REFNAME="SAESHOSP_SAE2C1F1"/>
<ITEMREF REFNAME="SAESTDAT_SAE2C1F1"/>
<ITEMREF REFNAME="SAETERM_SAE2C1F1"/>
<ITEMREF REFNAME="SAEEXSTDAT_SAE2C1F1"/>
<ITEMREF REFNAME="SAEEXSTDAT_SAE2C1F1S4"/>
<ITEMREF REFNAME="SAEEXTRT_SAE2C1F1"/>
<ITEMREF REFNAME="SAEEXTRT_SAE2C1F1S4"/>
<ITEMREF REFNAME="SAELBDAT_SAE2C1F1"/>
<ITEMREF REFNAME="SAELBORNRHI_SAE2C1F1"/>
<ITEMREF REFNAME="SAELBORNRLO_SAE2C1F1"/>
<ITEMREF REFNAME="SAELBORRESU_SAE2C1F1"/>
<ITEMREF REFNAME="SAELBORRES_SAE2C1F1"/>
<ITEMREF REFNAME="SAELBTEST_SAE2C1F1"/>
<ITEMREF REFNAME="SAELBTIM_SAE2C1F1"/>
<ITEMREF REFNAME="SAEOUT_SAE2C1F1"/>
<ITEMREF REFNAME="SAERELEXTRT1_CMPD_SAE2FS3"/>
<ITEMREF REFNAME="SAERELEXTRT1_CMPD_SAE2FS4"/>
<ITEMREF REFNAME="SAESPID_SAE2F1S7"/>
<ITEMREF REFNAME="SFUQEPID_SFUQ3F1"/>
<ITEMREF REFNAME="VSSPID_TPT1_VS1C1F1"/>
<ITEMREF REFNAME="VSSPID_TPT1_VS1F1"/>
<ITEMREF REFNAME="VSSPID_VS1C2F1"/>
<ITEMREF REFNAME="VSSPID_VS1C3F1"/>
<ITEMREF REFNAME="VSSPID_VS1C3F2"/>
<ITEMREF REFNAME="VSTPT_VS1C1F1"/>
<ITEMREF REFNAME="VSTPT_VS1C3F2"/>
<ITEMREF REFNAME="AESPID_AE3001_F1"/>
<ITEMREF REFNAME="AEGRPID_RELREC_INFC2LF"/>
<ITEMREF REFNAME="DSDECOD_DS1C1F6"/>
<ITEMREF REFNAME="ECSPID_EC1F1"/>
<ITEMREF REFNAME="ECTRTPVR_EC1F1"/>
<ITEMREF REFNAME="SROBJ_SR1LB9F1"/>
<ITEMREF REFNAME="STATV18_STATIXE_F4"/>
<ITEMREF REFNAME="SUBJINIT_SYS_F1"/>
<ITEMREF REFNAME="STATV3V17_STATIXE_F3"/>
<ITEMREF REFNAME="SAEGRPID_SAE2C1F1S5"/>
<ITEMREF REFNAME="SAESPID_SAE2C1F1S2"/>
<ITEMREF REFNAME="SAEGRPID_SAE2C1F1S1"/>
<ITEMREF REFNAME="SAEGRPID_SAE2C1F1S2"/>
<ITEMREF REFNAME="SAESPID_SAE2C1F1S3"/>
<ITEMREF REFNAME="SAESPID_SAE2C1F1S4"/>
<ITEMREF REFNAME="SAESPID_SAE2C1F1S5"/>
<ITEMREF REFNAME="SAESPID_SAE2C1F1S6"/>
<ITEMREF REFNAME="SAESPID_SAE2C1F1S7"/>
<ITEMREF REFNAME="SAERELEXTRT1_CMPD_SAE2CS4"/>
<ITEMREF REFNAME="SAERELEXTRT1_CMPD_SAEC1S3"/>
<ITEMREF REFNAME="CASENAR1_SAE2C1F1"/>
<ITEMREF REFNAME="CASENAR2_SAE2C1F1"/>
<ITEMREF REFNAME="CASENAR3_SAE2C1F1"/>
<ITEMREF REFNAME="CASENAR4_SAE2C1F1"/>
<ITEMREF REFNAME="CASENAR5_SAE2C1F1"/>
<ITEMREF REFNAME="CASENAR6_SAE2C1F1"/>
<ITEMREF REFNAME="DRGINDIC_SAE2C1F1"/>
<ITEMREF REFNAME="DRGINDIC_SAE2C1F1S4"/>
<ITEMREF REFNAME="RECURYN_SAE2C1F1"/>
<ITEMREF REFNAME="RECURYN_SAE2C1F1S4"/>
<ITEMREF REFNAME="SAEAEACN_SAE2C1F1S3"/>
<ITEMREF REFNAME="SAEAEACN_SAE2C1F1S4"/>
<ITEMREF REFNAME="SAEAESCONG_SAE2C1F1"/>
<ITEMREF REFNAME="SAEAESDISAB_SAE2C1F1"/>
<ITEMREF REFNAME="SAEAESLIFE_SAE2C1F1"/>
<ITEMREF REFNAME="SAEAESMIE_SAE2C1F1"/>
<ITEMREF REFNAME="SAECONDITION_SAE2C1F1"/>
<ITEMREF REFNAME="SAEEXDOSDAT_SAE2C1F1"/>
<ITEMREF REFNAME="SAEEXDOSDAT_SAE2C1F1S4"/>
<ITEMREF REFNAME="SAEEXDOSFRQ_SAE2C1F1"/>
<ITEMREF REFNAME="SAEEXDOSFRQ_SAE2C1F1S4"/>
<ITEMREF REFNAME="SAEEXROUTE_SAE2C1F1"/>
<ITEMREF REFNAME="SAEEXROUTE_SAE2C1F1S4"/>
<ITEMREF REFNAME="SAERELPRC_SAE2C1F1"/>
<ITEMREF REFNAME="SAESDTH_SAE2C1F1"/>
<ITEMREF REFNAME="INFCFURES10_INFC2LF1"/>
<ITEMREF REFNAME="INFCFURES1_INFC2LF1"/>
<ITEMREF REFNAME="INFCFURES20_INFC2LF1"/>
<ITEMREF REFNAME="INFCFURES7_INFC2LF1"/>
<ITEMREF REFNAME="INFCFURES8_INFC2LF1"/>
<ITEMREF REFNAME="INFCFURES9_CMPD_INFC2LF1"/>
<ITEMREF REFNAME="AEGRPID_AE3001_F1_S1"/>
<ITEMREF REFNAME="AEGRPID_AE3001_F1_S2"/>
<ITEMREF REFNAME="DRGINDIC_SAE2F1"/>
<ITEMREF REFNAME="DRGINDIC_SAE2F1S4"/>
<ITEMREF REFNAME="ENDPT_CMPD_ENDPTRIG_F1"/>
<ITEMREF REFNAME="FASPID_SFUQ3F1"/>
<ITEMREF REFNAME="MHSPID_MH7001_F1"/>
<ITEMREF REFNAME="MHSPID_MHPR1"/>
<ITEMREF REFNAME="MHSPID_MHPR1F2"/>
<ITEMREF REFNAME="MHSPID_MHPRESP1F3"/>
<ITEMREF REFNAME="MHSPID_MHPRESP1F4"/>
<ITEMREF REFNAME="MHTERM_MHPR1"/>
<ITEMREF REFNAME="MHTERM_MHPRESP1F3"/>
<ITEMREF REFNAME="MHTERM_MHPRESP1F4"/>
<ITEMREF REFNAME="SAEGRPID_SAE2F1S1"/>
<ITEMREF REFNAME="SAEGRPID_SAE2F1S2"/>
<ITEMREF REFNAME="SAEGRPID_SAE2F1S5"/>
<ITEMREF REFNAME="SAESPID_SAE2F1S2"/>
<ITEMREF REFNAME="SAESPID_SAE2F1S3"/>
<ITEMREF REFNAME="SAESPID_SAE2F1S4"/>
<ITEMREF REFNAME="SAESPID_SAE2F1S5"/>
<ITEMREF REFNAME="SAESPID_SAE2F1S6"/>
<ITEMREF REFNAME="MHSPID_MHPR1C1F2"/>
<ITEMREF REFNAME="FASPID2_INFC2LF1"/>
<ITEMREF REFNAME="FASPID_INFC2LF1"/>
<ITEMREF REFNAME="MHOCCUR_MHPR1C1F2"/>
<ITEMREF REFNAME="CESPID_INJ1_F1"/>
<ITEMREF REFNAME="CMSPID_CM1F1"/>
<ITEMREF REFNAME="CMSPID_CM2001_F1"/>
<ITEMREF REFNAME="COSPID_CDQA"/>
<ITEMREF REFNAME="ECREFID_EC1F1"/>
<ITEMREF REFNAME="PROCCUR_US_HMPR1F1"/>
<ITEMREF REFNAME="PRYN_HMPR_HMPR1F1"/>
<ITEMREF REFNAME="SUDOSADJ_ALCOHOL_SU1F3"/>
<ITEMREF REFNAME="SUDOSADJ_RECDRUG_SU5F2"/>
<ITEMREF REFNAME="SUNCF_ALCOHOL_SU1001_F2"/>
<ITEMREF REFNAME="SUNCF_METH_SU5001_F1"/>
<ITEMREF REFNAME="SAEAESCONG_SAE2F1"/>
<ITEMREF REFNAME="SUNCF_CAFFEINE_SU2F1"/>
<ITEMREF REFNAME="SUNCF_COCAINE_SU5001_F1"/>
<ITEMREF REFNAME="SU_BEER_CMPD_SU1001_F2"/>
<ITEMREF REFNAME="SU_SPIRITS_CMPD_SU1001_F2"/>
<ITEMREF REFNAME="SU_WINE_CMPD_SU1001_F2"/>
<ITEMREF REFNAME="BRDIAG_BR1001_F1"/>
<ITEMREF REFNAME="BRPERF_BR1001_F1"/>
<ITEMREF REFNAME="CEOCCUR_10022058_INJ1_F1"/>
<ITEMREF REFNAME="CEOCCUR_10022061_INJ1_F1"/>
<ITEMREF REFNAME="CEOCCUR_10022075_INJ1_F1"/>
<ITEMREF REFNAME="CEOCCUR_10022086_INJ1_F1"/>
<ITEMREF REFNAME="CEOCCUR_10022093_INJ1_F1"/>
<ITEMREF REFNAME="CMDOSFRQ_CM3001_F1"/>
<ITEMREF REFNAME="CMDOSTOTU_CM3001_F1"/>
<ITEMREF REFNAME="CMDOSTOT_CM3001_F1"/>
<ITEMREF REFNAME="CMOCCUR_CM3001_F1"/>
<ITEMREF REFNAME="CMONGO_CM3001_F1"/>
<ITEMREF REFNAME="EPTBHXR8_EPTBHX2F1"/>
<ITEMREF REFNAME="HRFAASMDAT_HRFA1001_F1"/>
<ITEMREF REFNAME="HRFARES10_HRFA1001_F1"/>
<ITEMREF REFNAME="HRFARES11_HRFA1001_F1"/>
<ITEMREF REFNAME="HRFARES12_HRFA1001_F1"/>
<ITEMREF REFNAME="HRFARES1_HRFA1001_F1"/>
<ITEMREF REFNAME="HRFARES2_HRFA1001_F1"/>
<ITEMREF REFNAME="HRFARES3_HRFA1001_F1"/>
<ITEMREF REFNAME="HRFARES4_HRFA1001_F1"/>
<ITEMREF REFNAME="HRFARES5_HRFA1001_F1"/>
<ITEMREF REFNAME="HRFARES6_HRFA1001_F1"/>
<ITEMREF REFNAME="HRFARES7_HRFA1001_F1"/>
<ITEMREF REFNAME="HRFARES8_HRFA1001_F1"/>
<ITEMREF REFNAME="HRFARES9_HRFA1001_F1"/>
<ITEMREF REFNAME="IISRLOC_INJ1_F1"/>
<ITEMREF REFNAME="IISRSTREX_INJ1_F1"/>
<ITEMREF REFNAME="IISRYN_INJ1_F1"/>
<ITEMREF REFNAME="SAEEXROUTE_SAE2F1S4"/>
<ITEMREF REFNAME="SAEEXSTDAT_SAE2F1S4"/>
<ITEMREF REFNAME="SAEEXTRT_SAE2F1S4"/>
<ITEMREF REFNAME="MHONGO_MH7001_F1"/>
<ITEMREF REFNAME="MHSTDAT_MH7001_F1"/>
<ITEMREF REFNAME="MHTERM_MH7001_F1"/>
<ITEMREF REFNAME="MHYN_MH7001_F1"/>
<ITEMREF REFNAME="PRVSUBJSFFLG_CIVF1"/>
<ITEMREF REFNAME="PULSEU_TPT1_VS1C2F1"/>
<ITEMREF REFNAME="PULSEU_TPT1_VS1C3F1"/>
<ITEMREF REFNAME="PULSEU_TPT1_VS1F1"/>
<ITEMREF REFNAME="RACE_CMPD_DM1001_F1"/>
<ITEMREF REFNAME="RANDTRG_RANDTRIGF1"/>
<ITEMREF REFNAME="RECURYN_SAE2F1"/>
<ITEMREF REFNAME="SAEAEACN_SAE2F1S3"/>
<ITEMREF REFNAME="SAEAESDISAB_SAE2F1"/>
<ITEMREF REFNAME="SAEAESLIFE_SAE2F1"/>
<ITEMREF REFNAME="SAEAESMIE_SAE2F1"/>
<ITEMREF REFNAME="SAECONDITION_SAE2F1"/>
<ITEMREF REFNAME="SAEEXDOSDAT_SAE2F1"/>
<ITEMREF REFNAME="SAEEXDOSFRQ_SAE2F1"/>
<ITEMREF REFNAME="SAEEXROUTE_SAE2F1"/>
<ITEMREF REFNAME="SAEEXSTDAT_SAE2F1"/>
<ITEMREF REFNAME="SAEEXTRT_SAE2F1"/>
<ITEMREF REFNAME="SAELBDAT_SAE2F1"/>
<ITEMREF REFNAME="SAELBORNRHI_SAE2F1"/>
<ITEMREF REFNAME="SAELBORNRLO_SAE2F1"/>
<ITEMREF REFNAME="SAELBORRESU_SAE2F1"/>
<ITEMREF REFNAME="SAELBORRES_SAE2F1"/>
<ITEMREF REFNAME="SAELBTEST_SAE2F1"/>
<ITEMREF REFNAME="SAELBTIM_SAE2F1"/>
<ITEMREF REFNAME="SAEOUT_SAE2F1"/>
<ITEMREF REFNAME="SAERELPRC_SAE2F1"/>
<ITEMREF REFNAME="SAESDTH_SAE2F1"/>
<ITEMREF REFNAME="SAESHOSP_SAE2F1"/>
<ITEMREF REFNAME="SAESTDAT_SAE2F1"/>
<ITEMREF REFNAME="SAETERM_SAE2F1"/>
<ITEMREF REFNAME="SCR_SYS_F1"/>
<ITEMREF REFNAME="SEX_DM1001_F1"/>
<ITEMREF REFNAME="SUBJID"/>
<ITEMREF REFNAME="SUNCF_ALCOHOL_SU1F1"/>
<ITEMREF REFNAME="DSDECOD_DS1F9"/>
<ITEMREF REFNAME="SUNCF_TOBACCO_SU3F1"/>
<ITEMREF REFNAME="VAC_CMPD_EPTBHX2F1"/>
<ITEMREF REFNAME="VISDAT"/>
<ITEMREF REFNAME="WEIGHTU_VS1C2F1"/>
<ITEMREF REFNAME="WEIGHTU_VS1C3F1"/>
<ITEMREF REFNAME="AETERM_AE3001_F1"/>
<ITEMREF REFNAME="STAT_V1_STATGUT_F1"/>
<ITEMREF REFNAME="CDA1_CDQA"/>
<ITEMREF REFNAME="CDA2_CDQA"/>
<ITEMREF REFNAME="AEGRPID_RELREC_INJ1_F1"/>
<ITEMREF REFNAME="AESTDAT_AE3001_F1"/>
<ITEMREF REFNAME="AESTTIM_AE3001_F1"/>
<ITEMREF REFNAME="APMHOCCUR1_10001806_APMH"/>
<ITEMREF REFNAME="APMHOCCUR1_10019478_APMH"/>
<ITEMREF REFNAME="APMHOCCUR1_10061664_APMH"/>
<ITEMREF REFNAME="LRSSPERF_LRSS1001_F1"/>
<ITEMREF REFNAME="MHOCCUR_MHPRESP1F3"/>
<ITEMREF REFNAME="MHONGO_MHPRESP1F3"/>
<ITEMREF REFNAME="MHSEV_MH7001_F1"/>
<ITEMREF REFNAME="PROCCUR_CT_HMPR1F1"/>
<ITEMREF REFNAME="PROCCUR_ERC_HMPR1F1"/>
<ITEMREF REFNAME="PROCCUR_MRC_HMPR1F1"/>
<ITEMREF REFNAME="PROCCUR_MRE_HMPR1F1"/>
<ITEMREF REFNAME="PROCCUR_MRI_HMPR1F1"/>
<ITEMREF REFNAME="PROCCUR_MRS_HMPR1F1"/>
<ITEMREF REFNAME="HAIRRFUR1_HAIRF1"/>
<ITEMREF REFNAME="HAIRRFUR57_HAIRF1"/>
<ITEMREF REFNAME="HAIRRFUR58_HAIRF1"/>
<ITEMREF REFNAME="HAIRRFUR59_HAIRF1"/>
<ITEMREF REFNAME="IISRSTREXD_INJ1_F1"/>
<ITEMREF REFNAME="SRPERF_SR1LB9F1"/>
<ITEMREF REFNAME="STATV2_STATIXE_F2"/>
<ITEMREF REFNAME="STATV801_STATIXE_F5"/>
<ITEMREF REFNAME="AEONGO_AE3001_F1"/>
<ITEMREF REFNAME="AERELNST_CMPD_AE3001_F1"/>
<ITEMREF REFNAME="AEREL_AE3001_F1"/>
<ITEMREF REFNAME="AESER_AE3001_F1"/>
<ITEMREF REFNAME="AESEV_AE3001_F1"/>
<ITEMREF REFNAME="AEYN_AE3001_F2"/>
<ITEMREF REFNAME="BP_CMPD_TPT1_VS1C2F1"/>
<ITEMREF REFNAME="BP_CMPD_TPT1_VS1C3F1"/>
<ITEMREF REFNAME="BP_CMPD_TPT1_VS1F1"/>
<ITEMREF REFNAME="BRTHYR_DM1001_F1"/>
<ITEMREF REFNAME="CASEBOOKSIG_CBSIG_F1"/>
<ITEMREF REFNAME="CASENAR1_SAE2F1"/>
<ITEMREF REFNAME="CASENAR2_SAE2F1"/>
<ITEMREF REFNAME="CASENAR3_SAE2F1"/>
<ITEMREF REFNAME="CENT_LOC_JS6_SR1LB9F1"/>
<ITEMREF REFNAME="DSSTDAT_DS1C1F6"/>
<ITEMREF REFNAME="DSSTDAT_DS1C1LF8"/>
<ITEMREF REFNAME="AEACN_AE3001_F1"/>
<ITEMREF REFNAME="AEOUT_AE3001_F1"/>
<ITEMREF REFNAME="CENT_LOC_JS5_SR1LB9F1"/>
<ITEMREF REFNAME="CMENDAT_CM2001_F1"/>
<ITEMREF REFNAME="CMENREAS_PRIOR_CM2001_F1"/>
<ITEMREF REFNAME="CMINDC_CM1F1"/>
<ITEMREF REFNAME="CMONGO_CM1F1"/>
<ITEMREF REFNAME="CMROUTE_CM1F1"/>
<ITEMREF REFNAME="CMSCAT_CM2001_F1"/>
<ITEMREF REFNAME="CMSTDAT_CM1F1"/>
<ITEMREF REFNAME="CMSTDAT_CM2001_F1"/>
<ITEMREF REFNAME="CMTRT_CM1F1"/>
<ITEMREF REFNAME="CMYN_CM1F1"/>
<ITEMREF REFNAME="CMYN_CM2001_F1"/>
<ITEMREF REFNAME="DSDECOD_DS1F4"/>
<ITEMREF REFNAME="DSDECOD_DS1F5"/>
<ITEMREF REFNAME="DSDECOD_DS1F6"/>
<ITEMREF REFNAME="DSDECOD_DS1F7"/>
<ITEMREF REFNAME="DSDECOD_DS1F8"/>
<ITEMREF REFNAME="DSSTDAT_DS1F4"/>
<ITEMREF REFNAME="DSSTDAT_DS1F5"/>
<ITEMREF REFNAME="DSSTDAT_DS1F6"/>
<ITEMREF REFNAME="DSSTDAT_DS1F7"/>
<ITEMREF REFNAME="DSSTDAT_DS1F8"/>
<ITEMREF REFNAME="DSSTDAT_IC_DS2001_F1"/>
<ITEMREF REFNAME="ECLOC_EC1F1"/>
<ITEMREF REFNAME="ECOCCUR_EC1F1"/>
<ITEMREF REFNAME="ECPVAMTOCCUR_EC1F1"/>
<ITEMREF REFNAME="ECSTDAT_EC1F1"/>
<ITEMREF REFNAME="ECSTTIM_EC1F1"/>
<ITEMREF REFNAME="EPTBHXR2_EPTBHX2F1"/>
<ITEMREF REFNAME="EPTBHXR3_CMPD_EPTBHX2F1"/>
<ITEMREF REFNAME="EPTBHXR4_EPTBHX2F1"/>
<ITEMREF REFNAME="EPTBHXR6_EPTBHX2F1"/>
<ITEMREF REFNAME="EPTBHXR7_EPTBHX2F1"/>
<ITEMREF REFNAME="ETHNIC_DM1001_F1"/>
<ITEMREF REFNAME="HEIGHTU_VS1C2F1"/>
<ITEMREF REFNAME="MHDXDAT_MHPR1F2"/>
<ITEMREF REFNAME="MHOCCUR_MHPR1"/>
<ITEMREF REFNAME="SFUQRES3_SFUQ3F1"/>
<ITEMREF REFNAME="SFUQRES10MD_SFUQ3F1"/>
<ITEMREF REFNAME="SFUQRES11_CMPD_SFUQ3F1"/>
<ITEMREF REFNAME="SFUQRES12_SFUQ3F1"/>
<ITEMREF REFNAME="SFUQRES1_SFUQ3F2"/>
<ITEMREF REFNAME="SFUQRES2_SFUQ3F1"/>
<ITEMREF REFNAME="SFUQEVTFLG_SFUQ3F1"/>
<ITEMREF REFNAME="SFUQRES4_SFUQ3F1"/>
<ITEMREF REFNAME="SFUQRES8MD_SFUQ3F1"/>
<ITEMREF REFNAME="SFUQRES5MD_SFUQ3F1"/>
<ITEMREF REFNAME="SFUQRES6MD_SFUQ3F1"/>
<ITEMREF REFNAME="SFUQRES7MD_SFUQ3F1"/>
<ITEMREF REFNAME="SFUQRES9MD_SFUQ3F1"/>
<ITEMREF REFNAME="VSTIM_TPT1_VS1C1F1"/>
<ITEMREF REFNAME="VSTIM_TPT1_VS1C3F2"/>
<ITEMREF REFNAME="WEIGHTU_VS1C3F2"/>
<ITEMREF REFNAME="PULSEU_TPT1_VS1C3F2"/>
<ITEMREF REFNAME="PULSEU_TPT1_VS1C1F1"/>
<ITEMREF REFNAME="RECURYN_SAE2F1S4"/>
<ITEMREF REFNAME="SAEAEACN_SAE2F1S4"/>
<ITEMREF REFNAME="SAEEXDOSDAT_SAE2F1S4"/>
<ITEMREF REFNAME="SAEEXDOSFRQ_SAE2F1S4"/>
<ITEMREF REFNAME="MHTERM_APMH1001_F2"/>
<ITEMREF REFNAME="AEGRPID_RELREC_HAIRF1"/>
<ITEMREF REFNAME="BP_CMPD_TPT1_VS1C1F1"/>
<ITEMREF REFNAME="BP_CMPD_TPT1_VS1C3F2"/>
<ITEMREF REFNAME="CASENAR4_SAE2F1"/>
<ITEMREF REFNAME="CASENAR5_SAE2F1"/>
<ITEMREF REFNAME="CASENAR6_SAE2F1"/>
<ITEMREF REFNAME="CSSBS101_CMP_CSSBS1001_F1"/>
<ITEMREF REFNAME="CSSBS102_CMP_CSSBS1001_F1"/>
<ITEMREF REFNAME="CSSBS103_CMP_CSSBS1001_F1"/>
<ITEMREF REFNAME="CSSBS104_CMP_CSSBS1001_F1"/>
<ITEMREF REFNAME="CSSBS105_CMP_CSSBS1001_F1"/>
<ITEMREF REFNAME="CSSBS112_CMP_CSSBS1001_F1"/>
<ITEMREF REFNAME="CSSBS114_CMP_CSSBS1001_F1"/>
<ITEMREF REFNAME="CSSBS115_CMP_CSSBS1001_F1"/>
<ITEMREF REFNAME="CSSBS117_CMP_CSSBS1001_F1"/>
<ITEMREF REFNAME="CSSLV104_CSSLV1001_F1"/>
<ITEMREF REFNAME="STATV802_STATIXE_F7"/>
<ITEMREF REFNAME="CSSBS119_CMP_CSSBS1001_F1"/>
<ITEMREF REFNAME="CSSBS120_CMP_CSSBS1001_F1"/>
<ITEMREF REFNAME="CSSLV101_CSSLV1001_F1"/>
<ITEMREF REFNAME="CSSLV102_CSSLV1001_F1"/>
<ITEMREF REFNAME="CSSLV103_CSSLV1001_F1"/>
<ITEMREF REFNAME="MHSTDAT_MHPR1F2"/>
<ITEMREF REFNAME="MHOCCUR_MHPRESP1F4"/>
<ITEMREF REFNAME="APMHOCCUR1_APMH1001_F2"/>
<ITEMREF REFNAME="CSSLV105_CSSLV1001_F1"/>
<ITEMREF REFNAME="CSSLV112_CSSLV1001_F1"/>
<ITEMREF REFNAME="CSSLV114_CSSLV1001_F1"/>
<ITEMREF REFNAME="CSSLV115_CSSLV1001_F1"/>
<ITEMREF REFNAME="CSSLV117_CSSLV1001_F1"/>
<ITEMREF REFNAME="CSSLV119_CSSLV1001_F1"/>
<ITEMREF REFNAME="CSSLV120_CSSLV1001_F1"/>
<ITEMREF REFNAME="CSSLV121_CSSLV1001_F1"/>
<ITEMREF REFNAME="DSCONT_DS1C1F6"/>
<ITEMREF REFNAME="DSDECOD_DS1C1LF8"/>
<ITEMREF REFNAME="DSSTDAT_IC_DS2001_F3"/>
<ITEMREF REFNAME="FASPID_HAIRF1"/>
<ITEMREF REFNAME="HAIRFSYMEXP_HAIRF1"/>
<ITEMREF REFNAME="HAIRFSYMOTH_HAIRF1"/>
<ITEMREF REFNAME="HAIRFSYM_HAIRF1"/>
<ITEMREF REFNAME="HAIRLOC_CMPD_HAIRF1"/>

</ITEMGROUP>

<ITEMGROUP 
GROUPNAME="Adjudicator_ReadOnly"
GROUPDESCRIPTION="Items that should be viewable to Adjudicator and Data Manager.">
 <!-- Insert ItemRef Names -->
<ITEMREF REFNAME="CRVR1_EPCRVF1"/>
<ITEMREF REFNAME="CIER3_CMPD_EPCIE_F1"/>
<ITEMREF REFNAME="CRVR5_EPCRVF1"/>
<ITEMREF REFNAME="CRVR7_EPCRVF1"/>
<ITEMREF REFNAME="CRVR8_EPCRVF1"/>
<ITEMREF REFNAME="DTHTP_EPDTHF1"/>
<ITEMREF REFNAME="EGPERFCIE_EPCIE_F1"/>
<ITEMREF REFNAME="EPAEDAT_EPARR2F1"/>
<ITEMREF REFNAME="EPAEDAT_EPCEV_F1"/>
<ITEMREF REFNAME="EPAEDAT_EPCGS2F1"/>
<ITEMREF REFNAME="EPAEDAT_EPCIE_F1"/>
<ITEMREF REFNAME="EPAEDAT_EPCRVF1"/>
<ITEMREF REFNAME="EPAEDAT_EPDTHF1"/>
<ITEMREF REFNAME="EPAEDAT_EPHSPHF_F1"/>
<ITEMREF REFNAME="EPAEDAT_EPHTN2F1"/>
<ITEMREF REFNAME="EPAEDAT_EPPAREV2F1"/>
<ITEMREF REFNAME="EPAEDAT_EPREV2F1"/>
<ITEMREF REFNAME="EPAEDAT_EPRSSD2F1"/>
<ITEMREF REFNAME="EPDTHRES10_EPDTHF1"/>
<ITEMREF REFNAME="EPDTHRES11_EPDTHF1"/>
<ITEMREF REFNAME="EPDTHRES5_EPDTHF1"/>
<ITEMREF REFNAME="HSPHFR1_CMPD_EPHSPHF_F1"/>
<ITEMREF REFNAME="HTNR1_EPHTN2F1"/>
<ITEMREF REFNAME="HTNR2_CMPD_EPHTN2F1"/>
<ITEMREF REFNAME="PAREVRES1_EPPAREV2F1"/>
<ITEMREF REFNAME="PAREVRES2_EPPAREV2F1"/>
<ITEMREF REFNAME="PAREVRES3_CMPD_EPPAREV2F1"/>
<ITEMREF REFNAME="PAREVRES4_EPPAREV2F1"/>
<ITEMREF REFNAME="REVR1_EPREV2F1"/>
<ITEMREF REFNAME="REVR2_EPREV2F1"/>
<ITEMREF REFNAME="RSSDR1_CMPD_EPRSSD2F1"/>
<ITEMREF REFNAME="RSSDR2_CMPD_EPRSSD2F1"/>
<ITEMREF REFNAME="RSSDR3_EPRSSD2F1"/>
<ITEMREF REFNAME="SBPERF_EPCIE_F1"/>
<ITEMREF REFNAME="AEGRPID_RELREC_EPARR2F1"/>
<ITEMREF REFNAME="AEGRPID_RELREC_EPCEV_F1"/>
<ITEMREF REFNAME="AEGRPID_RELREC_EPCGS2F1"/>
<ITEMREF REFNAME="AEGRPID_RELREC_EPCIE_F1"/>
<ITEMREF REFNAME="AEGRPID_RELREC_EPCRVF1"/>
<ITEMREF REFNAME="AEGRPID_RELREC_EPDTHF1"/>
<ITEMREF REFNAME="AEGRPID_RELREC_EPHSPHF_F1"/>
<ITEMREF REFNAME="AEGRPID_RELREC_EPHTN2F1"/>
<ITEMREF REFNAME="AEGRPID_RELREC_EPPAREV2F1"/>
<ITEMREF REFNAME="AEGRPID_RELREC_EPREV2F1"/>
<ITEMREF REFNAME="AEGRPID_RELREC_EPRSSD2F1"/>
<ITEMREF REFNAME="ARRR1_CMPD_EPARR2F1"/>
<ITEMREF REFNAME="ARRR5_CMPD_EPARR2F1"/>
<ITEMREF REFNAME="ARRR6_EPARR2F1"/>
<ITEMREF REFNAME="ARRR7_EPARR2F1"/>
<ITEMREF REFNAME="CEVR1_EPCEV_F1"/>
<ITEMREF REFNAME="CEVR3_EPCEV_F1"/>
<ITEMREF REFNAME="CEVR8_EPCEV_F1"/>
<ITEMREF REFNAME="CEVR9_EPCEV_F1"/>
<ITEMREF REFNAME="CEVRES7_CMPD_EPCEV_F1"/>
<ITEMREF REFNAME="CGSR3_EPCGS2F1"/>
<ITEMREF REFNAME="CGSRES1_CMPD_EPCGS2F1"/>
<ITEMREF REFNAME="CGSRES2_CMPD_EPCGS2F1"/>
<ITEMREF REFNAME="CIER10_EPCIE_F1"/>
<ITEMREF REFNAME="CIER1_EPCIE_F1"/>
<ITEMREF REFNAME="CRVR2_EPCRVF1"/>

</ITEMGROUP>

<ITEMGROUP 
GROUPNAME="Data_Manager_ReadOnly"
GROUPDESCRIPTION="Items that are hidden by design and should be viewable to Data Manager">
 <!-- Insert ItemRef Names -->
<ITEMREF REFNAME="QSCAT_CSSBS1001_F1"/>
<ITEMREF REFNAME="QSCAT_CSSLV1001_F1"/>
<ITEMREF REFNAME="QSEVINTX_CSSBS1001_F1"/>
<ITEMREF REFNAME="QSEVINTX_CSSLV1001_F1"/>
<ITEMREF REFNAME="SFUQEVAL_SFUQ3F1"/>
<ITEMREF REFNAME="SFUQEVAL_SFUQ3F2"/>
<ITEMREF REFNAME="VSCAT_VS1C1F1"/>
<ITEMREF REFNAME="VSCAT_VS1C3F2"/>
<ITEMREF REFNAME="MHLLTCDPRESP_MHPRESP1F4"/>
<ITEMREF REFNAME="MHPRESP_MHPRESP1F4"/>
<ITEMREF REFNAME="MHSPID_APMH1001_F2"/>
<ITEMREF REFNAME="FACAT_HAIRC1F1"/>
<ITEMREF REFNAME="FACAT_SFUQ3F1"/>
<ITEMREF REFNAME="HAIRRFUR20_HAIRF1"/>
<ITEMREF REFNAME="HAIRRFUR27_HAIRF1"/>
<ITEMREF REFNAME="HAIRRFUR33_HAIRF1"/>
<ITEMREF REFNAME="HAIRRFUR39_HAIRF1"/>
<ITEMREF REFNAME="HAIRRFUR3_HAIRF1"/>
<ITEMREF REFNAME="HAIRRFUR46_HAIRF1"/>
<ITEMREF REFNAME="MHCAT_4_APMH1001_F2"/>
<ITEMREF REFNAME="MHCAT_4_MHPRESP1F4"/>
<ITEMREF REFNAME="CSSEVAL_CSSBS1001_F1"/>
<ITEMREF REFNAME="CSSEVAL_CSSLV1001_F1"/>
<ITEMREF REFNAME="DICT_DICTVER_MHPRESP1F4"/>
<ITEMREF REFNAME="DSCAT_1_DS1C1F6"/>
<ITEMREF REFNAME="DSCAT_1_DS1C1LF8"/>
<ITEMREF REFNAME="DSCAT_2_DS2001_F3"/>
<ITEMREF REFNAME="DSEVAL_IC_DS2001_F3"/>
<ITEMREF REFNAME="DSSCAT_DS1C1F6"/>
<ITEMREF REFNAME="DSSCAT_DS1C1LF8"/>
<ITEMREF REFNAME="DSSCAT_IC_DS2001_F3"/>
<ITEMREF REFNAME="APMHPRESP_APMH1001_F2"/>
<ITEMREF REFNAME="AJARREVAL_AJARRF1"/>
<ITEMREF REFNAME="AJCEVEVAL_AJCEV_F1"/>
<ITEMREF REFNAME="AJCGSEVAL_AJCGS_F1"/>
<ITEMREF REFNAME="AJCIEEVAL_AJCIE_F1"/>
<ITEMREF REFNAME="AJCRVEVAL_AJCRV_F1"/>
<ITEMREF REFNAME="AJDTHEVAL_AJDTHF1"/>
<ITEMREF REFNAME="AJHSPHFEVAL_AJHSPHFF1"/>
<ITEMREF REFNAME="AJHTNEVAL_AJHTNF1"/>
<ITEMREF REFNAME="AJPAREVAL_AJPAREVF1"/>
<ITEMREF REFNAME="AJREVEVAL_AJREVF1"/>
<ITEMREF REFNAME="AJRSSDEVAL_AJRSSDF1"/>
<ITEMREF REFNAME="FACAT_AJARRF1"/>
<ITEMREF REFNAME="FACAT_AJCEV_F1"/>
<ITEMREF REFNAME="FACAT_AJCGS_F1"/>
<ITEMREF REFNAME="FACAT_AJCIE_F1"/>
<ITEMREF REFNAME="FACAT_AJCRV_F1"/>
<ITEMREF REFNAME="FACAT_AJDTHF1"/>
<ITEMREF REFNAME="FACAT_AJHSPHFF1"/>
<ITEMREF REFNAME="FACAT_AJHTNF1"/>
<ITEMREF REFNAME="FACAT_AJPAREVF1"/>
<ITEMREF REFNAME="FACAT_AJREVF1"/>
<ITEMREF REFNAME="FACAT_AJRSSDF1"/>
<ITEMREF REFNAME="SRSPID_SR1LB9F1"/>
<ITEMREF REFNAME="AECAT_AE3001_F1"/>
<ITEMREF REFNAME="AECAT_AE3001_F2"/>
<ITEMREF REFNAME="AEDECOD_AE3001_F1"/>
<ITEMREF REFNAME="AELLTCD_AE3001_F1"/>
<ITEMREF REFNAME="AELLT_AE3001_F1"/>
<ITEMREF REFNAME="CMCAT_CM2001_F1"/>
<ITEMREF REFNAME="CMCLASCD_CM2001_F1"/>
<ITEMREF REFNAME="CMCLAS_CM1F1"/>
<ITEMREF REFNAME="CMDECOD_CM1F1"/>
<ITEMREF REFNAME="CMDECOD_CM2001_F1"/>
<ITEMREF REFNAME="CMSCAT_CM1F1"/>
<ITEMREF REFNAME="CMTRT_MAP_CM2001_F1"/>
<ITEMREF REFNAME="DICT_DICTVER_AE3001_F1"/>
<ITEMREF REFNAME="DICT_DICTVER_CM2001_F1"/>
<ITEMREF REFNAME="DICT_DICTVER_MH7001_F1"/>
<ITEMREF REFNAME="DSCAT_1_DS1F4"/>
<ITEMREF REFNAME="DSCAT_1_DS1F5"/>
<ITEMREF REFNAME="DSCAT_1_DS1F6"/>
<ITEMREF REFNAME="DSCAT_1_DS1F7"/>
<ITEMREF REFNAME="DSCAT_2_DS2001_F1"/>
<ITEMREF REFNAME="DSSCAT_DS1F6"/>
<ITEMREF REFNAME="DSSCAT_DS1F8"/>
<ITEMREF REFNAME="DSSCAT_IC_DS2001_F1"/>
<ITEMREF REFNAME="ECCAT_EC1F1"/>
<ITEMREF REFNAME="EPARREVAL_EPARR2F1"/>
<ITEMREF REFNAME="EPCEVEVAL_EPCEV_F1"/>
<ITEMREF REFNAME="EPCGSEVAL_EPCGS2F1"/>
<ITEMREF REFNAME="EPCIEEVAL_EPCIE_F1"/>
<ITEMREF REFNAME="EPDTHEVAL_EPDTHF1"/>
<ITEMREF REFNAME="EPHTNEVAL_EPHTN2F1"/>
<ITEMREF REFNAME="EPPAREVEVAL_EPPAREV2F1"/>
<ITEMREF REFNAME="EPRSSDEVAL_EPRSSD2F1"/>
<ITEMREF REFNAME="FACAT_EPCEV_F1"/>
<ITEMREF REFNAME="FACAT_EPCGS2F1"/>
<ITEMREF REFNAME="FACAT_EPCRVF1"/>
<ITEMREF REFNAME="FACAT_EPDTHF1"/>
<ITEMREF REFNAME="FACAT_EPHSPHF_F1"/>
<ITEMREF REFNAME="FACAT_EPPAREV2F1"/>
<ITEMREF REFNAME="FACAT_EPREV2F1"/>
<ITEMREF REFNAME="FACAT_EPRSSD2F1"/>
<ITEMREF REFNAME="INDCOMP_CM1F1"/>
<ITEMREF REFNAME="LBCAT_SR1LB9F1"/>
<ITEMREF REFNAME="LBNAM_SR1LB9F1"/>
<ITEMREF REFNAME="LBSPID_JS6_SR1LB9F1"/>
<ITEMREF REFNAME="LBTEST_GLS_JS6_SR1LB9F1"/>
<ITEMREF REFNAME="MHCAT_4_MHPR1F2"/>
<ITEMREF REFNAME="MHDECOD_MH7001_F1"/>
<ITEMREF REFNAME="MHLLTCD_MH7001_F1"/>
<ITEMREF REFNAME="MHPRESP_MHPR1"/>
<ITEMREF REFNAME="MHPRESP_MHPR1F2"/>
<ITEMREF REFNAME="MHTERM_MAP_MH7001_F1"/>
<ITEMREF REFNAME="ROUTCOMP_CM1F1"/>
<ITEMREF REFNAME="SRCAT_SR1LB9F1"/>
<ITEMREF REFNAME="SUCAT_ALCOHOL_SU1F1"/>
<ITEMREF REFNAME="SUCAT_CAFFEINE_SU2F1"/>
<ITEMREF REFNAME="SUPRESP_SU1F1"/>
<ITEMREF REFNAME="SUPRESP_SU2F1"/>
<ITEMREF REFNAME="SUPRESP_SU3F1"/>
<ITEMREF REFNAME="TERM_TO_CODE_CM2F1"/>
<ITEMREF REFNAME="TRTTERMCD_CM1F1"/>
<ITEMREF REFNAME="TRTTERMCD_CM2001_F1"/>
<ITEMREF REFNAME="VSCAT_VS1C3F1"/>
<ITEMREF REFNAME="VSCAT_VS1F1"/>
<ITEMREF REFNAME="DSCAT_1_DS1F9"/>
<ITEMREF REFNAME="DSSCAT_DS1F9"/>
<ITEMREF REFNAME="DSSTDAT_DS1F9"/>
<ITEMREF REFNAME="AETERM_MAP_AE3001_F1"/>
<ITEMREF REFNAME="MHLLTCDPRESP_MHPR1F2"/>
<ITEMREF REFNAME="CMTRADNM_CM1F1"/>
<ITEMREF REFNAME="DICT_DICTVER_MHPRESP1F3"/>
<ITEMREF REFNAME="SUCAT_ALCOHOL_SU1001_F2"/>
<ITEMREF REFNAME="SUCAT_ALCOHOL_SU1F3"/>
<ITEMREF REFNAME="SUCAT_REC_DRUG_SU5001_F1"/>
<ITEMREF REFNAME="SUCAT_REC_DRUG_SU5F2"/>
<ITEMREF REFNAME="SUPRESP_SU1001_F2"/>
<ITEMREF REFNAME="SUPRESP_SU1F3"/>
<ITEMREF REFNAME="SUPRESP_SU5001_F1"/>
<ITEMREF REFNAME="SUPRESP_SU5001_F2"/>
<ITEMREF REFNAME="VSCAT_VS1C2F1"/>
<ITEMREF REFNAME="APID1_10001806_APMH"/>
<ITEMREF REFNAME="APID1_10019478_APMH"/>
<ITEMREF REFNAME="APID1_10061664_APMH"/>
<ITEMREF REFNAME="APMHPRESP_10001806_APMH"/>
<ITEMREF REFNAME="APMHPRESP_10019478_APMH"/>
<ITEMREF REFNAME="APMHPRESP_10061664_APMH"/>
<ITEMREF REFNAME="MHLLTCDPRESP_10001806_APM"/>
<ITEMREF REFNAME="MHLLTCDPRESP_10019478_APM"/>
<ITEMREF REFNAME="MHLLTCDPRESP_10061664_APM"/>
<ITEMREF REFNAME="MHSPID_10001806_APMH"/>
<ITEMREF REFNAME="MHSPID_10019478_APMH"/>
<ITEMREF REFNAME="MHSPID_10061664_APMH"/>
<ITEMREF REFNAME="MHCAT_4_APMH1F1"/>
<ITEMREF REFNAME="DICT_DICTVER_APMH"/>
<ITEMREF REFNAME="FACAT_EPARR2F1"/>
<ITEMREF REFNAME="FACAT_EPHTN2F1"/>
<ITEMREF REFNAME="FACAT_EPCIE_F1"/>
<ITEMREF REFNAME="EPCRVEVAL_EPCRVF1"/>
<ITEMREF REFNAME="EPHSPHFEVAL_EPHSPHF_F1"/>
<ITEMREF REFNAME="EPREVEVAL_EPREV2F1"/>
<ITEMREF REFNAME="DSCAT_1_DS1F8"/>
<ITEMREF REFNAME="DSSCAT_DS1F5"/>
<ITEMREF REFNAME="DSSCAT_DS1F7"/>
<ITEMREF REFNAME="CMCAT_CM1F1"/>
<ITEMREF REFNAME="DICT_DICTVER_CM1F1"/>
<ITEMREF REFNAME="CMCLASCD_CM1F1"/>
<ITEMREF REFNAME="CMTRT_MAP_CM1F1"/>
<ITEMREF REFNAME="CMINDC_PRIOR_CM2001_F1"/>
<ITEMREF REFNAME="CMTRADNM_CM2001_F1"/>
<ITEMREF REFNAME="CMCLAS_CM2001_F1"/>
<ITEMREF REFNAME="SUCAT_TOBACCO_SU3F1"/>
<ITEMREF REFNAME="QSCAT_EPTBHX2F1"/>
<ITEMREF REFNAME="DSEVAL_IC_DS2001_F1"/>
<ITEMREF REFNAME="DSSCAT_DS1F4"/>
<ITEMREF REFNAME="MHCAT_MH7001_F1"/>
<ITEMREF REFNAME="MHLLT_MH7001_F1"/>
<ITEMREF REFNAME="MHCAT_4_MHPR1"/>
<ITEMREF REFNAME="MHOCCUR_MHPR1F2"/>
<ITEMREF REFNAME="DICT_DICTVER_MHPR1F2"/>
<ITEMREF REFNAME="SREVAL_SR1LB9F1"/>
<ITEMREF REFNAME="LBSPID_JS5_SR1LB9F1"/>
<ITEMREF REFNAME="LBTEST_GLS_JS5_SR1LB9F1"/>
<ITEMREF REFNAME="LBORRESU_SR1LB9F1"/>
<ITEMREF REFNAME="XPCAT_BR1001_F1"/>
<ITEMREF REFNAME="CMCAT_CM3001_F1"/>
<ITEMREF REFNAME="CMDECOD_CM3001_F1"/>
<ITEMREF REFNAME="CMPRESP_CM3001_F1"/>
<ITEMREF REFNAME="CMTRADNM_CM3001_F1"/>
<ITEMREF REFNAME="CMTRT_CM3001_F1"/>
<ITEMREF REFNAME="DICT_DICTVER_CM3001_F1"/>
<ITEMREF REFNAME="TRTTERMCD_CM3001_F1"/>
<ITEMREF REFNAME="CMCLASCD_CM3001_F1"/>
<ITEMREF REFNAME="CMCLAS_CM3001_F1"/>
<ITEMREF REFNAME="CMSPID_CM3001_F1"/>
<ITEMREF REFNAME="PRSPID_CT_HMPR1F1"/>
<ITEMREF REFNAME="PRSPID_ERC_HMPR1F1"/>
<ITEMREF REFNAME="PRSPID_MRC_HMPR1F1"/>
<ITEMREF REFNAME="PRSPID_MRE_HMPR1F1"/>
<ITEMREF REFNAME="PRSPID_MRI_HMPR1F1"/>
<ITEMREF REFNAME="PRSPID_MRS_HMPR1F1"/>
<ITEMREF REFNAME="PRSPID_US_HMPR1F1"/>
<ITEMREF REFNAME="XPSPID_CT_HMPR1F1"/>
<ITEMREF REFNAME="XPSPID_ERC_HMPR1F1"/>
<ITEMREF REFNAME="XPSPID_MRC_HMPR1F1"/>
<ITEMREF REFNAME="XPSPID_MRE_HMPR1F1"/>
<ITEMREF REFNAME="XPSPID_MRI_HMPR1F1"/>
<ITEMREF REFNAME="XPSPID_MRS_HMPR1F1"/>
<ITEMREF REFNAME="XPSPID_US_HMPR1F1"/>
<ITEMREF REFNAME="XPMETHOD_HMPR_CT_HMPR1F1"/>
<ITEMREF REFNAME="XPMETHOD_HMPR_ERC_HMPR1F1"/>
<ITEMREF REFNAME="XPMETHOD_HMPR_MRC_HMPR1F1"/>
<ITEMREF REFNAME="XPMETHOD_HMPR_MRE_HMPR1F1"/>
<ITEMREF REFNAME="XPMETHOD_HMPR_MRI_HMPR1F1"/>
<ITEMREF REFNAME="XPMETHOD_HMPR_MRS_HMPR1F1"/>
<ITEMREF REFNAME="XPMETHOD_HMPR_US_HMPR1F1"/>
<ITEMREF REFNAME="PRTRT_HMPR_CT_HMPR1F1"/>
<ITEMREF REFNAME="PRTRT_HMPR_ERC_HMPR1F1"/>
<ITEMREF REFNAME="PRTRT_HMPR_MRC_HMPR1F1"/>
<ITEMREF REFNAME="PRTRT_HMPR_MRE_HMPR1F1"/>
<ITEMREF REFNAME="PRTRT_HMPR_MRI_HMPR1F1"/>
<ITEMREF REFNAME="PRTRT_HMPR_MRS_HMPR1F1"/>
<ITEMREF REFNAME="PRTRT_HMPR_US_HMPR1F1"/>
<ITEMREF REFNAME="HMPRES2U_MRE_HMPR1F1"/>
<ITEMREF REFNAME="HMPRES4U_CT_HMPR1F1"/>
<ITEMREF REFNAME="HMPRES4U_ERC_HMPR1F1"/>
<ITEMREF REFNAME="HMPRES4U_MRC_HMPR1F1"/>
<ITEMREF REFNAME="HMPRES4U_MRI_HMPR1F1"/>
<ITEMREF REFNAME="HMPRES4U_MRS_HMPR1F1"/>
<ITEMREF REFNAME="HMPRES4U_US_HMPR1F1"/>
<ITEMREF REFNAME="HMPRES5U_CT_HMPR1F1"/>
<ITEMREF REFNAME="HMPRES5U_ERC_HMPR1F1"/>
<ITEMREF REFNAME="HMPRES5U_MRC_HMPR1F1"/>
<ITEMREF REFNAME="HMPRES5U_MRI_HMPR1F1"/>
<ITEMREF REFNAME="HMPRES5U_MRS_HMPR1F1"/>
<ITEMREF REFNAME="HMPRES5U_US_HMPR1F1"/>
<ITEMREF REFNAME="HRFAEVAL_HRFA1001_F1"/>
<ITEMREF REFNAME="PRCAT_HMPR1F1"/>
<ITEMREF REFNAME="PRPRESP_HMPR1F1"/>
<ITEMREF REFNAME="XPCAT_HMPR1F1"/>
<ITEMREF REFNAME="QSCAT_HRFA1001_F1"/>
<ITEMREF REFNAME="CELLTCDPRESP_10022058_INJ"/>
<ITEMREF REFNAME="CELLTCDPRESP_10022061_INJ"/>
<ITEMREF REFNAME="CELLTCDPRESP_10022075_INJ"/>
<ITEMREF REFNAME="CELLTCDPRESP_10022086_INJ"/>
<ITEMREF REFNAME="CELLTCDPRESP_10022093_INJ"/>
<ITEMREF REFNAME="CECAT_INJ1_F1"/>
<ITEMREF REFNAME="CEPRESP_INJ1_F1"/>
<ITEMREF REFNAME="DICT_DICTVER_INJ1_F1"/>
<ITEMREF REFNAME="FACAT_LRSS1001_F1"/>
<ITEMREF REFNAME="FASPID_LRSS1001_F1"/>
<ITEMREF REFNAME="LBNAMCD_SR1LB9F1"/>
<ITEMREF REFNAME="LRSSEVAL_LRSS1001_F1"/>
<ITEMREF REFNAME="LRSSOBJ_LRSS1001_F1"/>
<ITEMREF REFNAME="MHCAT_4_MHPRESP1F3"/>
<ITEMREF REFNAME="MHLLTCDPRESP_MHPRESP1F3"/>
<ITEMREF REFNAME="MHPRESP_MHPRESP1F3"/>
<ITEMREF REFNAME="FACAT_INFC1_INFC2LF1"/>
<ITEMREF REFNAME="FACAT_INFC2LF1"/>
<ITEMREF REFNAME="MHCAT_4_MHPR1C1F2"/>
<ITEMREF REFNAME="MHLLTCDPRESP_MHPR1"/>
<ITEMREF REFNAME="MHPRESP_MHPR1C1F2"/>
<ITEMREF REFNAME="DICT_DICTVER_MHPR1"/>
<ITEMREF REFNAME="DICT_DICTVER_MHPR1C1F2"/>
<ITEMREF REFNAME="QSELTM_BEHAVIOR_CSSBS_F1"/>
<ITEMREF REFNAME="QSELTM_IDEATION_CSSBS_F1"/>
<ITEMREF REFNAME="QSELTMU_BEHAVIOR_CSSBS_F1"/>
<ITEMREF REFNAME="QSELTMU_IDEATION_CSSBS_F1"/>

</ITEMGROUP>

<ITEMGROUP 
GROUPNAME="GPS_eSAE_Hidden"
GROUPDESCRIPTION="Hidden to GPS rights group, hidden to Adjudicator and Central Group, default access to all other rights groups">
 <!-- Insert ItemRef Names -->
<ITEMREF REFNAME="SAEFUAWADAT_SAE2F1"/>
<ITEMREF REFNAME="SAEFUASMDAT_SAE2C1F1"/>
<ITEMREF REFNAME="SAEAWADAT_SAE2C1F1"/>
<ITEMREF REFNAME="SAEASMDAT_SAE2C1F1"/>
<ITEMREF REFNAME="SAEFUASMDAT_SAE2F1"/>
<ITEMREF REFNAME="SAEASMDAT_SAE2F1"/>
<ITEMREF REFNAME="SAEFUAWADAT_SAE2C1F1"/>
<ITEMREF REFNAME="SAEAWADAT_SAE2F1"/>

</ITEMGROUP>

<ITEMGROUP 
GROUPNAME="Study_Coordinator_Editable"
GROUPDESCRIPTION="** This group is not used - dummy item selected">
 <!-- Insert ItemRef Names -->
<ITEMREF REFNAME="igMH7001_F1_S2"/>

</ITEMGROUP>

<ITEMGROUP 
GROUPNAME="nonData_Manager_Hidden"
GROUPDESCRIPTION="Items hidden to all but Data_Manager editable">
 <!-- Insert ItemRef Names -->
<ITEMREF REFNAME="CDQATRIG"/>
<ITEMREF REFNAME="WFRULETRIG"/>
<ITEMREF REFNAME="CALRULETRIG"/>

</ITEMGROUP>

<ITEMGROUP 
GROUPNAME="nonData_Manager_ReadOnly"
GROUPDESCRIPTION="Items are Data_Manager editable, and Read-only for all other groups except Adjudicator and Central Grp.  For the Groups Adjudicator and Central Grp, it will be a Hidden Item.">
 <!-- Insert ItemRef Names -->
<ITEMREF REFNAME="VISDATMD_SV1C2F1"/>
<ITEMREF REFNAME="VISDATMD_SV1C1F1"/>
<ITEMREF REFNAME="CDQ_CDQA"/>
<ITEMREF REFNAME="VISDATMD_SV1F1"/>

</ITEMGROUP>

</MEDMLDATA>