<?xml version="1.0"?>
<MEDMLDATA xmlns="PhaseForward-MedML-Inform4">

<SITEGROUP SITENAME="(320) Columbia University">
<USERREF USERNAME="c203058"/>
<USERREF USERNAME="c247616"/>
<USERREF USERNAME="c058698"/>
<USERREF USERNAME="c085302"/>
<USERREF USERNAME="dax99530"/>
<USERREF USERNAME="c100415"/>
<USERREF USERNAME="c149177"/>
<USERREF USERNAME="rm35504"/>
<USERREF USERNAME="c244714"/>
<USERREF USERNAME="rm89018"/>
<USERREF USERNAME="c075541"/>
<USERREF USERNAME="a608760"/>
<USERREF USERNAME="c068505"/>
<USERREF USERNAME="c166648"/>
<USERREF USERNAME="u7x4333"/>
<USERREF USERNAME="c135748"/>
<USERREF USERNAME="c249885"/>
<USERREF USERNAME="c025980"/>
<USERREF USERNAME="c039853"/>
<USERREF USERNAME="c194055"/>
<USERREF USERNAME="c069132"/>
<USERREF USERNAME="c071673"/>
<USERREF USERNAME="rm87794"/>
<USERREF USERNAME="c249923"/>
<USERREF USERNAME="c149066"/>
<USERREF USERNAME="c078452"/>
<USERREF USERNAME="z1x9044"/>
<USERREF USERNAME="c240679"/>
<USERREF USERNAME="j1fmcjzfa_RE"/>
<USERREF USERNAME="coder_query"/>
<USERREF USERNAME="odm_user"/>
<USERREF USERNAME="cc_auth"/>
<USERREF USERNAME="z2x4479"/>
<USERREF USERNAME="z1x0496"/>
<USERREF USERNAME="c137396"/>
<USERREF USERNAME="c074342"/>
<USERREF USERNAME="a701824"/>
<USERREF USERNAME="c149470"/>
<USERREF USERNAME="c074429"/>
<USERREF USERNAME="c196248"/>
<USERREF USERNAME="c083101"/>
<USERREF USERNAME="c223292"/>
<USERREF USERNAME="c269330"/>
<USERREF USERNAME="c257193"/>
<USERREF USERNAME="c243031"/>
<USERREF USERNAME="c243050"/>
<USERREF USERNAME="c228247"/>
<USERREF USERNAME="c257194"/>
<USERREF USERNAME="c243054"/>
<USERREF USERNAME="c228248"/>
<USERREF USERNAME="c243032"/>
<USERREF USERNAME="c243030"/>
<USERREF USERNAME="c228246"/>
<USERREF USERNAME="c257195"/>
<USERREF USERNAME="c243049"/>
<USERREF USERNAME="c243048"/>
<USERREF USERNAME="c257199"/>
<USERREF USERNAME="c228249"/>
<USERREF USERNAME="c202987"/>
<USERREF USERNAME="c256768"/>
<USERREF USERNAME="c266783"/>
<USERREF USERNAME="c199642"/>
<USERREF USERNAME="yex7972"/>
<USERREF USERNAME="c219898"/>
<USERREF USERNAME="c189327"/>
<USERREF USERNAME="yex7750"/>
<USERREF USERNAME="c206270"/>
<USERREF USERNAME="c206591"/>
<USERREF USERNAME="yex7614"/>
<USERREF USERNAME="ye91098"/>
<USERREF USERNAME="yex8021"/>
<USERREF USERNAME="yex7920"/>
<USERREF USERNAME="c228250"/>
<USERREF USERNAME="yex7231"/>
<USERREF USERNAME="c266799"/>
<USERREF USERNAME="ye73456"/>
<USERREF USERNAME="c039863"/>
<USERREF USERNAME="c143125"/>
<USERREF USERNAME="c196683"/>
<USERREF USERNAME="rm37825"/>
<USERREF USERNAME="c074090"/>
<USERREF USERNAME="c265139"/>
<USERREF USERNAME="v6x8058"/>
<USERREF USERNAME="c131994"/>
<USERREF USERNAME="c068502"/>
<USERREF USERNAME="c252078"/>
<USERREF USERNAME="c148827"/>
<USERREF USERNAME="c060736"/>
<USERREF USERNAME="c021984"/>
<USERREF USERNAME="c090108"/>
<USERREF USERNAME="c267072"/>
<USERREF USERNAME="a015765"/>
</SITEGROUP>
<SITEGROUP SITENAME="(100) Hospital Universitario Vall dHebron">
<USERREF USERNAME="a015765"/>
<USERREF USERNAME="c203058"/>
<USERREF USERNAME="c247616"/>
<USERREF USERNAME="c058698"/>
<USERREF USERNAME="c085302"/>
<USERREF USERNAME="dax99530"/>
<USERREF USERNAME="c100415"/>
<USERREF USERNAME="c149177"/>
<USERREF USERNAME="rm35504"/>
<USERREF USERNAME="c244714"/>
<USERREF USERNAME="rm89018"/>
<USERREF USERNAME="c075541"/>
<USERREF USERNAME="a608760"/>
<USERREF USERNAME="c068505"/>
<USERREF USERNAME="c166648"/>
<USERREF USERNAME="u7x4333"/>
<USERREF USERNAME="c135748"/>
<USERREF USERNAME="c249885"/>
<USERREF USERNAME="c025980"/>
<USERREF USERNAME="c039853"/>
<USERREF USERNAME="c194055"/>
<USERREF USERNAME="c069132"/>
<USERREF USERNAME="c071673"/>
<USERREF USERNAME="rm87794"/>
<USERREF USERNAME="c249923"/>
<USERREF USERNAME="c149066"/>
<USERREF USERNAME="c078452"/>
<USERREF USERNAME="z1x9044"/>
<USERREF USERNAME="c240679"/>
<USERREF USERNAME="j1fmcjzfa_RE"/>
<USERREF USERNAME="coder_query"/>
<USERREF USERNAME="odm_user"/>
<USERREF USERNAME="cc_auth"/>
<USERREF USERNAME="z2x4479"/>
<USERREF USERNAME="z1x0496"/>
<USERREF USERNAME="icarcela"/>
<USERREF USERNAME="c137396"/>
<USERREF USERNAME="c074342"/>
<USERREF USERNAME="a701824"/>
<USERREF USERNAME="c149470"/>
<USERREF USERNAME="c074429"/>
<USERREF USERNAME="c196248"/>
<USERREF USERNAME="c083101"/>
<USERREF USERNAME="c223292"/>
<USERREF USERNAME="c269330"/>
<USERREF USERNAME="c257193"/>
<USERREF USERNAME="c243031"/>
<USERREF USERNAME="c243050"/>
<USERREF USERNAME="c228247"/>
<USERREF USERNAME="c257194"/>
<USERREF USERNAME="c243054"/>
<USERREF USERNAME="c228248"/>
<USERREF USERNAME="c243032"/>
<USERREF USERNAME="c243030"/>
<USERREF USERNAME="c228246"/>
<USERREF USERNAME="c257195"/>
<USERREF USERNAME="c243049"/>
<USERREF USERNAME="c243048"/>
<USERREF USERNAME="c257199"/>
<USERREF USERNAME="c228249"/>
<USERREF USERNAME="c202987"/>
<USERREF USERNAME="c256768"/>
<USERREF USERNAME="c266783"/>
<USERREF USERNAME="c199642"/>
<USERREF USERNAME="yex7972"/>
<USERREF USERNAME="c219898"/>
<USERREF USERNAME="c189327"/>
<USERREF USERNAME="yex7750"/>
<USERREF USERNAME="c206270"/>
<USERREF USERNAME="c206591"/>
<USERREF USERNAME="yex7614"/>
<USERREF USERNAME="ye91098"/>
<USERREF USERNAME="yex8021"/>
<USERREF USERNAME="yex7920"/>
<USERREF USERNAME="c228250"/>
<USERREF USERNAME="yex7231"/>
<USERREF USERNAME="c266799"/>
<USERREF USERNAME="ye73456"/>
<USERREF USERNAME="c039863"/>
<USERREF USERNAME="c143125"/>
<USERREF USERNAME="c196683"/>
<USERREF USERNAME="rm37825"/>
<USERREF USERNAME="c074090"/>
<USERREF USERNAME="c265139"/>
<USERREF USERNAME="v6x8058"/>
<USERREF USERNAME="c131994"/>
<USERREF USERNAME="c068502"/>
<USERREF USERNAME="c252078"/>
<USERREF USERNAME="c148827"/>
<USERREF USERNAME="c060736"/>
<USERREF USERNAME="c021984"/>
<USERREF USERNAME="c090108"/>
<USERREF USERNAME="c267072"/>
</SITEGROUP>
<SITEGROUP SITENAME="(300) Memorial Sloan Kettering Cancer Center">
<USERREF USERNAME="aschram"/>
<USERREF USERNAME="j1fmcjzfa_RE"/>
<USERREF USERNAME="coder_query"/>
<USERREF USERNAME="odm_user"/>
<USERREF USERNAME="cc_auth"/>
<USERREF USERNAME="z2x4479"/>
<USERREF USERNAME="z1x0496"/>
<USERREF USERNAME="c137396"/>
<USERREF USERNAME="c074342"/>
<USERREF USERNAME="a701824"/>
<USERREF USERNAME="c149470"/>
<USERREF USERNAME="c074429"/>
<USERREF USERNAME="c196248"/>
<USERREF USERNAME="c083101"/>
<USERREF USERNAME="c223292"/>
<USERREF USERNAME="c269330"/>
<USERREF USERNAME="c257193"/>
<USERREF USERNAME="c243031"/>
<USERREF USERNAME="c243050"/>
<USERREF USERNAME="c228247"/>
<USERREF USERNAME="c257194"/>
<USERREF USERNAME="c243054"/>
<USERREF USERNAME="c228248"/>
<USERREF USERNAME="c243032"/>
<USERREF USERNAME="c243030"/>
<USERREF USERNAME="c228246"/>
<USERREF USERNAME="c257195"/>
<USERREF USERNAME="c243049"/>
<USERREF USERNAME="c243048"/>
<USERREF USERNAME="c257199"/>
<USERREF USERNAME="c228249"/>
<USERREF USERNAME="c202987"/>
<USERREF USERNAME="c256768"/>
<USERREF USERNAME="c266783"/>
<USERREF USERNAME="c199642"/>
<USERREF USERNAME="yex7972"/>
<USERREF USERNAME="c219898"/>
<USERREF USERNAME="c189327"/>
<USERREF USERNAME="yex7750"/>
<USERREF USERNAME="c206270"/>
<USERREF USERNAME="c206591"/>
<USERREF USERNAME="yex7614"/>
<USERREF USERNAME="ye91098"/>
<USERREF USERNAME="yex8021"/>
<USERREF USERNAME="yex7920"/>
<USERREF USERNAME="c228250"/>
<USERREF USERNAME="yex7231"/>
<USERREF USERNAME="c266799"/>
<USERREF USERNAME="ye73456"/>
<USERREF USERNAME="c039863"/>
<USERREF USERNAME="c143125"/>
<USERREF USERNAME="c196683"/>
<USERREF USERNAME="rm37825"/>
<USERREF USERNAME="c074090"/>
<USERREF USERNAME="c265139"/>
<USERREF USERNAME="v6x8058"/>
<USERREF USERNAME="c131994"/>
<USERREF USERNAME="c068502"/>
<USERREF USERNAME="c252078"/>
<USERREF USERNAME="c148827"/>
<USERREF USERNAME="c060736"/>
<USERREF USERNAME="c021984"/>
<USERREF USERNAME="c090108"/>
<USERREF USERNAME="c267072"/>
<USERREF USERNAME="a015765"/>
<USERREF USERNAME="c203058"/>
<USERREF USERNAME="c247616"/>
<USERREF USERNAME="c058698"/>
<USERREF USERNAME="c085302"/>
<USERREF USERNAME="dax99530"/>
<USERREF USERNAME="c100415"/>
<USERREF USERNAME="c149177"/>
<USERREF USERNAME="rm35504"/>
<USERREF USERNAME="c244714"/>
<USERREF USERNAME="rm89018"/>
<USERREF USERNAME="c075541"/>
<USERREF USERNAME="a608760"/>
<USERREF USERNAME="c068505"/>
<USERREF USERNAME="c166648"/>
<USERREF USERNAME="u7x4333"/>
<USERREF USERNAME="c135748"/>
<USERREF USERNAME="c249885"/>
<USERREF USERNAME="c025980"/>
<USERREF USERNAME="c039853"/>
<USERREF USERNAME="c194055"/>
<USERREF USERNAME="c069132"/>
<USERREF USERNAME="c071673"/>
<USERREF USERNAME="rm87794"/>
<USERREF USERNAME="c249923"/>
<USERREF USERNAME="c149066"/>
<USERREF USERNAME="c078452"/>
<USERREF USERNAME="z1x9044"/>
<USERREF USERNAME="c240679"/>
</SITEGROUP>
<SITEGROUP SITENAME="(200) Princess Margaret Hospital">
<USERREF USERNAME="a015765"/>
<USERREF USERNAME="c203058"/>
<USERREF USERNAME="c247616"/>
<USERREF USERNAME="c058698"/>
<USERREF USERNAME="c085302"/>
<USERREF USERNAME="dax99530"/>
<USERREF USERNAME="c100415"/>
<USERREF USERNAME="c149177"/>
<USERREF USERNAME="rm35504"/>
<USERREF USERNAME="c244714"/>
<USERREF USERNAME="rm89018"/>
<USERREF USERNAME="c075541"/>
<USERREF USERNAME="a608760"/>
<USERREF USERNAME="c068505"/>
<USERREF USERNAME="c166648"/>
<USERREF USERNAME="u7x4333"/>
<USERREF USERNAME="c135748"/>
<USERREF USERNAME="c249885"/>
<USERREF USERNAME="c025980"/>
<USERREF USERNAME="c039853"/>
<USERREF USERNAME="c194055"/>
<USERREF USERNAME="c069132"/>
<USERREF USERNAME="c071673"/>
<USERREF USERNAME="rm87794"/>
<USERREF USERNAME="c249923"/>
<USERREF USERNAME="c149066"/>
<USERREF USERNAME="c078452"/>
<USERREF USERNAME="z1x9044"/>
<USERREF USERNAME="c240679"/>
<USERREF USERNAME="pbedard"/>
<USERREF USERNAME="j1fmcjzfa_RE"/>
<USERREF USERNAME="coder_query"/>
<USERREF USERNAME="odm_user"/>
<USERREF USERNAME="cc_auth"/>
<USERREF USERNAME="z2x4479"/>
<USERREF USERNAME="z1x0496"/>
<USERREF USERNAME="c137396"/>
<USERREF USERNAME="c074342"/>
<USERREF USERNAME="a701824"/>
<USERREF USERNAME="c149470"/>
<USERREF USERNAME="c074429"/>
<USERREF USERNAME="c196248"/>
<USERREF USERNAME="c083101"/>
<USERREF USERNAME="c223292"/>
<USERREF USERNAME="c269330"/>
<USERREF USERNAME="c257193"/>
<USERREF USERNAME="c243031"/>
<USERREF USERNAME="c243050"/>
<USERREF USERNAME="c228247"/>
<USERREF USERNAME="c257194"/>
<USERREF USERNAME="c243054"/>
<USERREF USERNAME="c228248"/>
<USERREF USERNAME="c243032"/>
<USERREF USERNAME="c243030"/>
<USERREF USERNAME="c228246"/>
<USERREF USERNAME="c257195"/>
<USERREF USERNAME="c243049"/>
<USERREF USERNAME="c243048"/>
<USERREF USERNAME="c257199"/>
<USERREF USERNAME="c228249"/>
<USERREF USERNAME="c202987"/>
<USERREF USERNAME="c256768"/>
<USERREF USERNAME="c266783"/>
<USERREF USERNAME="c199642"/>
<USERREF USERNAME="yex7972"/>
<USERREF USERNAME="c219898"/>
<USERREF USERNAME="c189327"/>
<USERREF USERNAME="yex7750"/>
<USERREF USERNAME="c206270"/>
<USERREF USERNAME="c206591"/>
<USERREF USERNAME="yex7614"/>
<USERREF USERNAME="ye91098"/>
<USERREF USERNAME="yex8021"/>
<USERREF USERNAME="yex7920"/>
<USERREF USERNAME="c228250"/>
<USERREF USERNAME="yex7231"/>
<USERREF USERNAME="c266799"/>
<USERREF USERNAME="ye73456"/>
<USERREF USERNAME="c039863"/>
<USERREF USERNAME="c143125"/>
<USERREF USERNAME="c196683"/>
<USERREF USERNAME="rm37825"/>
<USERREF USERNAME="c074090"/>
<USERREF USERNAME="c265139"/>
<USERREF USERNAME="v6x8058"/>
<USERREF USERNAME="c131994"/>
<USERREF USERNAME="c068502"/>
<USERREF USERNAME="c252078"/>
<USERREF USERNAME="c148827"/>
<USERREF USERNAME="c060736"/>
<USERREF USERNAME="c021984"/>
<USERREF USERNAME="c090108"/>
<USERREF USERNAME="c267072"/>
</SITEGROUP>
<SITEGROUP SITENAME="(310) Yale">
<USERREF USERNAME="c203058"/>
<USERREF USERNAME="c247616"/>
<USERREF USERNAME="c058698"/>
<USERREF USERNAME="c085302"/>
<USERREF USERNAME="dax99530"/>
<USERREF USERNAME="c100415"/>
<USERREF USERNAME="c149177"/>
<USERREF USERNAME="rm35504"/>
<USERREF USERNAME="c244714"/>
<USERREF USERNAME="rm89018"/>
<USERREF USERNAME="c075541"/>
<USERREF USERNAME="a608760"/>
<USERREF USERNAME="c068505"/>
<USERREF USERNAME="c166648"/>
<USERREF USERNAME="u7x4333"/>
<USERREF USERNAME="c135748"/>
<USERREF USERNAME="c249885"/>
<USERREF USERNAME="c025980"/>
<USERREF USERNAME="c039853"/>
<USERREF USERNAME="c194055"/>
<USERREF USERNAME="c069132"/>
<USERREF USERNAME="c071673"/>
<USERREF USERNAME="rm87794"/>
<USERREF USERNAME="c249923"/>
<USERREF USERNAME="c149066"/>
<USERREF USERNAME="c078452"/>
<USERREF USERNAME="z1x9044"/>
<USERREF USERNAME="c240679"/>
<USERREF USERNAME="j1fmcjzfa_RE"/>
<USERREF USERNAME="coder_query"/>
<USERREF USERNAME="odm_user"/>
<USERREF USERNAME="cc_auth"/>
<USERREF USERNAME="z2x4479"/>
<USERREF USERNAME="z1x0496"/>
<USERREF USERNAME="c137396"/>
<USERREF USERNAME="c074342"/>
<USERREF USERNAME="a701824"/>
<USERREF USERNAME="c149470"/>
<USERREF USERNAME="c074429"/>
<USERREF USERNAME="c196248"/>
<USERREF USERNAME="c083101"/>
<USERREF USERNAME="c223292"/>
<USERREF USERNAME="c269330"/>
<USERREF USERNAME="c257193"/>
<USERREF USERNAME="c243031"/>
<USERREF USERNAME="c243050"/>
<USERREF USERNAME="c228247"/>
<USERREF USERNAME="c257194"/>
<USERREF USERNAME="c243054"/>
<USERREF USERNAME="c228248"/>
<USERREF USERNAME="c243032"/>
<USERREF USERNAME="c243030"/>
<USERREF USERNAME="c228246"/>
<USERREF USERNAME="c257195"/>
<USERREF USERNAME="c243049"/>
<USERREF USERNAME="c243048"/>
<USERREF USERNAME="c257199"/>
<USERREF USERNAME="c228249"/>
<USERREF USERNAME="c202987"/>
<USERREF USERNAME="c256768"/>
<USERREF USERNAME="c266783"/>
<USERREF USERNAME="c199642"/>
<USERREF USERNAME="yex7972"/>
<USERREF USERNAME="c219898"/>
<USERREF USERNAME="c189327"/>
<USERREF USERNAME="yex7750"/>
<USERREF USERNAME="c206270"/>
<USERREF USERNAME="c206591"/>
<USERREF USERNAME="yex7614"/>
<USERREF USERNAME="ye91098"/>
<USERREF USERNAME="yex8021"/>
<USERREF USERNAME="yex7920"/>
<USERREF USERNAME="c228250"/>
<USERREF USERNAME="yex7231"/>
<USERREF USERNAME="c266799"/>
<USERREF USERNAME="ye73456"/>
<USERREF USERNAME="c039863"/>
<USERREF USERNAME="c143125"/>
<USERREF USERNAME="c196683"/>
<USERREF USERNAME="rm37825"/>
<USERREF USERNAME="c074090"/>
<USERREF USERNAME="c265139"/>
<USERREF USERNAME="v6x8058"/>
<USERREF USERNAME="c131994"/>
<USERREF USERNAME="c068502"/>
<USERREF USERNAME="c252078"/>
<USERREF USERNAME="c148827"/>
<USERREF USERNAME="c060736"/>
<USERREF USERNAME="c021984"/>
<USERREF USERNAME="c090108"/>
<USERREF USERNAME="c267072"/>
<USERREF USERNAME="a015765"/>
</SITEGROUP>

</MEDMLDATA>