<?xml version="1.0"?>
<MEDMLDATA xmlns="PhaseForward-MedML-Inform4">

<ITEMGROUP 
GROUPNAME="Data_Manager_ReadOnly"
GROUPDESCRIPTION="Items that are hidden by design and should be viewable to Data Manager.">
 <!-- Insert ItemRef Names -->
<ITEMREF REFNAME="LBTEST_GLS_E01_LB9F2"/>
<ITEMREF REFNAME="LBTEST_GLS_E01_LB9F8"/>
<ITEMREF REFNAME="LBTEST_GLS_E03_LB9F2"/>
<ITEMREF REFNAME="LBTEST_GLS_E03_LB9F8"/>
<ITEMREF REFNAME="LBTEST_GLS_E12_LB9F8"/>
<ITEMREF REFNAME="LBTEST_GLS_E13_LB9F2"/>
<ITEMREF REFNAME="LBTEST_GLS_E13_LB9F8"/>
<ITEMREF REFNAME="LBTEST_GLS_E17_LB9F8"/>
<ITEMREF REFNAME="LBTEST_GLS_F01_LB9F2"/>
<ITEMREF REFNAME="LBTEST_GLS_F02_LB9F2"/>
<ITEMREF REFNAME="LBTEST_GLS_F04_LB9F2"/>
<ITEMREF REFNAME="LBTEST_GLS_F07_LB9F2"/>
<ITEMREF REFNAME="LBTEST_GLS_F08_LB9F2"/>
<ITEMREF REFNAME="LBTEST_GLS_F10_LB9F2"/>
<ITEMREF REFNAME="LBTEST_GLS_F11_LB9F2"/>
<ITEMREF REFNAME="LBTEST_GLS_F31_LB9F2"/>
<ITEMREF REFNAME="LBTEST_GLS_F41_LB9F2"/>
<ITEMREF REFNAME="LBTEST_GLS_F60_LB9F2"/>
<ITEMREF REFNAME="LBTEST_GLS_G01_LB9F2"/>
<ITEMREF REFNAME="LBTEST_GLS_G01_LB9F8"/>
<ITEMREF REFNAME="LBTEST_GLS_G03_LB9F2"/>
<ITEMREF REFNAME="LBTEST_GLS_G03_LB9F8"/>
<ITEMREF REFNAME="LBTEST_GLS_J03_LB9F6"/>
<ITEMREF REFNAME="LBTEST_GLS_J16_LB9F6"/>
<ITEMREF REFNAME="LBTEST_GLS_J26_LB9F6"/>
<ITEMREF REFNAME="LBTEST_GLS_J28_LB9F6"/>
<ITEMREF REFNAME="LBTEST_GLS_J69_LB9F6"/>
<ITEMREF REFNAME="LBTEST_GLS_J74_LB9F6"/>
<ITEMREF REFNAME="LBTEST_GLS_J76_LB9F6"/>
<ITEMREF REFNAME="LBTEST_GLS_J78_LB9F6"/>
<ITEMREF REFNAME="LBTEST_GLS_JB5_LB9F6"/>
<ITEMREF REFNAME="LBTEST_GLS_JD4_LB9F6"/>
<ITEMREF REFNAME="LBTEST_GLS_JM2_LB9F6"/>
<ITEMREF REFNAME="LBTEST_GLS_S02_LB9F3"/>
<ITEMREF REFNAME="LBTEST_GLS_A01_LB9F1"/>
<ITEMREF REFNAME="LBTEST_GLS_A01_LB9F7"/>
<ITEMREF REFNAME="LBTEST_GLS_A02_LB9F1"/>
<ITEMREF REFNAME="LBTEST_GLS_A02_LB9F7"/>
<ITEMREF REFNAME="LBTEST_GLS_A03_LB9F1"/>
<ITEMREF REFNAME="LBTEST_GLS_A03_LB9F7"/>
<ITEMREF REFNAME="LBTEST_GLS_A05_LB9F1"/>
<ITEMREF REFNAME="LBTEST_GLS_A10_LB9F1"/>
<ITEMREF REFNAME="LBTEST_GLS_A10_LB9F7"/>
<ITEMREF REFNAME="LBTEST_GLS_A14_LB9F1"/>
<ITEMREF REFNAME="LBTEST_GLS_A14_LB9F7"/>
<ITEMREF REFNAME="LBTEST_GLS_A15_LB9F1"/>
<ITEMREF REFNAME="LBTEST_GLS_A15_LB9F7"/>
<ITEMREF REFNAME="LBTEST_GLS_A16_LB9F1"/>
<ITEMREF REFNAME="LBTEST_GLS_A16_LB9F7"/>
<ITEMREF REFNAME="LBTEST_GLS_A17_LB9F1"/>
<ITEMREF REFNAME="LBTEST_GLS_A17_LB9F7"/>
<ITEMREF REFNAME="LBTEST_GLS_A19_LB9F1"/>
<ITEMREF REFNAME="LBTEST_GLS_A20_LB9F1"/>
<ITEMREF REFNAME="LBTEST_GLS_A20_LB9F7"/>
<ITEMREF REFNAME="LBTEST_GLS_A27_LB9F1"/>
<ITEMREF REFNAME="LBTEST_GLS_A27_LB9F7"/>
<ITEMREF REFNAME="LBTEST_GLS_A40_LB9F4"/>
<ITEMREF REFNAME="LBTEST_GLS_A40_LB9F9"/>
<ITEMREF REFNAME="LBTEST_GLS_A42_LB9F4"/>
<ITEMREF REFNAME="LBTEST_GLS_A45_LB9F8"/>
<ITEMREF REFNAME="LBTEST_GLS_B40_LB9F4"/>
<ITEMREF REFNAME="LBTEST_GLS_B40_LB9F9"/>
<ITEMREF REFNAME="LBTEST_GLS_C01_LB9F3"/>
<ITEMREF REFNAME="LBTEST_GLS_C03_LB9F3"/>
<ITEMREF REFNAME="LBTEST_GLS_C07_LB9F3"/>
<ITEMREF REFNAME="LBTEST_GLS_C21_LB9F3"/>
<ITEMREF REFNAME="LBTEST_GLS_C57_LB9F3"/>
<ITEMREF REFNAME="LBTEST_GLS_C58_LB9F3"/>
<ITEMREF REFNAME="LBTEST_GLS_CB6_LB9F3"/>
<ITEMREF REFNAME="LBCAT_LB9F1"/>
<ITEMREF REFNAME="LBCAT_LB9F2"/>
<ITEMREF REFNAME="LBCAT_LB9F3"/>
<ITEMREF REFNAME="LBCAT_LB9F4"/>
<ITEMREF REFNAME="LBCAT_LB9F6"/>
<ITEMREF REFNAME="LBCAT_LB9F7"/>
<ITEMREF REFNAME="LBCAT_LB9F8"/>
<ITEMREF REFNAME="LBCAT_LB9F9"/>
<ITEMREF REFNAME="LBNAM_LB9F1"/>
<ITEMREF REFNAME="LBNAM_LB9F2"/>
<ITEMREF REFNAME="LBNAM_LB9F3"/>
<ITEMREF REFNAME="LBNAM_LB9F4"/>
<ITEMREF REFNAME="LBNAM_LB9F6"/>
<ITEMREF REFNAME="LBNAM_LB9F7"/>
<ITEMREF REFNAME="LBNAM_LB9F8"/>
<ITEMREF REFNAME="LBNAM_LB9F9"/>
<ITEMREF REFNAME="LBNAMCD_LB9F1"/>
<ITEMREF REFNAME="LBNAMCD_LB9F2"/>
<ITEMREF REFNAME="LBNAMCD_LB9F3"/>
<ITEMREF REFNAME="LBNAMCD_LB9F4"/>
<ITEMREF REFNAME="LBNAMCD_LB9F6"/>
<ITEMREF REFNAME="LBNAMCD_LB9F7"/>
<ITEMREF REFNAME="LBNAMCD_LB9F8"/>
<ITEMREF REFNAME="LBNAMCD_LB9F9"/>
<ITEMREF REFNAME="EXCAT_EX1C1F2"/>
<ITEMREF REFNAME="EXCAT_EX1C2F2"/>
<ITEMREF REFNAME="STAT_STATONCO_DS1F2"/>
<ITEMREF REFNAME="STAT_STATONCO_TRIG_DSTRT"/>
<ITEMREF REFNAME="STAT_STATONCO_TRIG_DSTRTB"/>
<ITEMREF REFNAME="CMCLAS_CM3001_F1"/>
<ITEMREF REFNAME="DSEVAL_IC_DS2001_F3"/>
<ITEMREF REFNAME="DSSCAT_IC_DS2001_F3"/>
<ITEMREF REFNAME="APID1_APMHF1"/>
<ITEMREF REFNAME="CMCLAS_CM3001_C1F1"/>
<ITEMREF REFNAME="APMHPRESP_APMHF1"/>
<ITEMREF REFNAME="CMCAT_CM3001_C1F1"/>
<ITEMREF REFNAME="CMCAT_CM3001_F1"/>
<ITEMREF REFNAME="CMCLASCD_CM3001_C1F1"/>
<ITEMREF REFNAME="CMCLASCD_CM3001_F1"/>
<ITEMREF REFNAME="CMDECOD_CM3001_C1F1"/>
<ITEMREF REFNAME="CMDECOD_CM3001_F1"/>
<ITEMREF REFNAME="CMPRESP_CM3001_C1F1"/>
<ITEMREF REFNAME="CMPRESP_CM3001_F1"/>
<ITEMREF REFNAME="CMSPID_CM3001_C1F1"/>
<ITEMREF REFNAME="CMSPID_CM3001_F1"/>
<ITEMREF REFNAME="CMTRADNM_CM3001_C1F1"/>
<ITEMREF REFNAME="CMTRADNM_CM3001_F1"/>
<ITEMREF REFNAME="CMTRT_CM3001_C1F1"/>
<ITEMREF REFNAME="CMTRT_CM3001_F1"/>
<ITEMREF REFNAME="DICT_DICTVER_APMHF1"/>
<ITEMREF REFNAME="DICT_DICTVER_CM3001_C1F1"/>
<ITEMREF REFNAME="DICT_DICTVER_CM3001_F1"/>
<ITEMREF REFNAME="DICT_DICTVER_MHPRESP1F3"/>
<ITEMREF REFNAME="FASPID_LRSS1001_F1"/>
<ITEMREF REFNAME="FACAT_LRSS1001_C1F1"/>
<ITEMREF REFNAME="FACAT_LRSS1001_F1"/>
<ITEMREF REFNAME="FASPID_LRSS1001_C1F1"/>
<ITEMREF REFNAME="HMPRES2U_HMPR1C1F1"/>
<ITEMREF REFNAME="HMPRES2U_HMPR1F1"/>
<ITEMREF REFNAME="HMPRES4U_HMPR1C1F1"/>
<ITEMREF REFNAME="HMPRES4U_HMPR1F1"/>
<ITEMREF REFNAME="HMPRES5U_HMPR1C1F1"/>
<ITEMREF REFNAME="HMPRES5U_HMPR1F1"/>
<ITEMREF REFNAME="HRFAEVAL_HRFA1001_C1F1"/>
<ITEMREF REFNAME="HRFAEVAL_HRFA1001_F1"/>
<ITEMREF REFNAME="LRSSEVAL_LRSS1001_C1F1"/>
<ITEMREF REFNAME="LRSSEVAL_LRSS1001_F1"/>
<ITEMREF REFNAME="LRSSOBJ_LRSS1001_C1F1"/>
<ITEMREF REFNAME="LRSSOBJ_LRSS1001_F1"/>
<ITEMREF REFNAME="MHCAT_4_APMHF1"/>
<ITEMREF REFNAME="MHCAT_4_MHPRESP1F3"/>
<ITEMREF REFNAME="MHLLTCDPRESP_APMHF1"/>
<ITEMREF REFNAME="MHLLTCDPRESP_MHPRESP1F3"/>
<ITEMREF REFNAME="MHPRESP_MHPRESP1F3"/>
<ITEMREF REFNAME="QSCAT_HRFA1001_F1"/>
<ITEMREF REFNAME="PRCAT_HMPR1C1F1"/>
<ITEMREF REFNAME="PRCAT_HMPR1F1"/>
<ITEMREF REFNAME="QSCAT_HRFA1001_C1F1"/>
<ITEMREF REFNAME="STAT_STATONCO_TRIG_DSTRTC"/>
<ITEMREF REFNAME="SUCAT_ALCOHOL_SU1001_F2"/>
<ITEMREF REFNAME="SUCAT_ALCOHOL_SU1F3"/>
<ITEMREF REFNAME="SUCAT_REC_DRUG_SU5001_F1"/>
<ITEMREF REFNAME="SUCAT_REC_DRUG_SU5F2"/>
<ITEMREF REFNAME="SUPRESP_SU1001_F2"/>
<ITEMREF REFNAME="SUPRESP_SU1F3"/>
<ITEMREF REFNAME="SUPRESP_SU5001_F1"/>
<ITEMREF REFNAME="SUPRESP_SU5001_F2"/>
<ITEMREF REFNAME="TRTTERMCD_CM3001_C1F1"/>
<ITEMREF REFNAME="TRTTERMCD_CM3001_F1"/>
<ITEMREF REFNAME="XPCAT_BR1001_C1F1"/>
<ITEMREF REFNAME="XPCAT_BR1001_F1"/>
<ITEMREF REFNAME="XPCAT_HMPR1C1F1"/>
<ITEMREF REFNAME="XPCAT_HMPR1F1"/>
<ITEMREF REFNAME="XPMETHOD_HMPR_HMPR1C1F1"/>
<ITEMREF REFNAME="XPMETHOD_HMPR_HMPR1F1"/>
<ITEMREF REFNAME="XPSPID_HMPR1C1F1"/>
<ITEMREF REFNAME="XPSPID_HMPR1F1"/>
<ITEMREF REFNAME="AECAT_AE4001_F1"/>
<ITEMREF REFNAME="AECAT_AE4001_F2"/>
<ITEMREF REFNAME="AEDECOD_AE4001_F2"/>
<ITEMREF REFNAME="AELLTCD_AE4001_F2"/>
<ITEMREF REFNAME="AELLT_AE4001_F2"/>
<ITEMREF REFNAME="AETERM_MAP_AE4001_F2"/>
<ITEMREF REFNAME="CMCAT_CM1F1"/>
<ITEMREF REFNAME="CMCLASCD_CM1F1"/>
<ITEMREF REFNAME="CMCLASCD_SYST3F1"/>
<ITEMREF REFNAME="CMCLASCD_SYST3F2"/>
<ITEMREF REFNAME="CMCLAS_CM1F1"/>
<ITEMREF REFNAME="CMCLAS_SYST3F1"/>
<ITEMREF REFNAME="CMCLAS_SYST3F2"/>
<ITEMREF REFNAME="CMDECOD_CM1F1"/>
<ITEMREF REFNAME="CMDECOD_SYST3F1"/>
<ITEMREF REFNAME="CMDECOD_SYST3F2"/>
<ITEMREF REFNAME="CMINDC_SYST3F1"/>
<ITEMREF REFNAME="CMINDC_SYST3F2"/>
<ITEMREF REFNAME="CMSCAT_CM1F1"/>
<ITEMREF REFNAME="CMTRADNM_CM1F1"/>
<ITEMREF REFNAME="CMTRADNM_SYST3F1"/>
<ITEMREF REFNAME="CMTRADNM_SYST3F2"/>
<ITEMREF REFNAME="CMTRT_MAP_CM1F1"/>
<ITEMREF REFNAME="DACAT_DA1F1"/>
<ITEMREF REFNAME="DACAT_DA1F2"/>
<ITEMREF REFNAME="DICT_DICTVER_AE4001_F2"/>
<ITEMREF REFNAME="DICT_DICTVER_CM1F1"/>
<ITEMREF REFNAME="DICT_DICTVER_MH8001_F1"/>
<ITEMREF REFNAME="DICT_DICTVER_MH8IPD3F1"/>
<ITEMREF REFNAME="DICT_DICTVER_SYST3F1"/>
<ITEMREF REFNAME="DICT_DICTVER_SYST3F2"/>
<ITEMREF REFNAME="DSCAT_1_DS1F1"/>
<ITEMREF REFNAME="DSCAT_1_DS1F2"/>
<ITEMREF REFNAME="DSCAT_1_DS1F3"/>
<ITEMREF REFNAME="DSCAT_1_SS1DS1F1"/>
<ITEMREF REFNAME="DSCAT_2_DS2001_F1"/>
<ITEMREF REFNAME="DSEVAL_IC_DS2001_F1"/>
<ITEMREF REFNAME="DSSCAT_DS1F1"/>
<ITEMREF REFNAME="DSSCAT_DS1F2"/>
<ITEMREF REFNAME="DSSCAT_DS1F3"/>
<ITEMREF REFNAME="DSSCAT_IC_DS2001_F1"/>
<ITEMREF REFNAME="DSSCAT_SS1DS1F1"/>
<ITEMREF REFNAME="ECCAT_EC1F1"/>
<ITEMREF REFNAME="EXCAT_EX1F2"/>
<ITEMREF REFNAME="EXCAT_EX1F3"/>
<ITEMREF REFNAME="EXCAT_EX1F4"/>
<ITEMREF REFNAME="EXCAT_EX1F5"/>
<ITEMREF REFNAME="EXCAT_EX1F6"/>
<ITEMREF REFNAME="FACAT_MH8IPD3F1"/>
<ITEMREF REFNAME="HOCAT_HO2001_F1"/>
<ITEMREF REFNAME="INDCOMP_CM1F1"/>
<ITEMREF REFNAME="INDCOMP_SYST3F1"/>
<ITEMREF REFNAME="INDCOMP_SYST3F2"/>
<ITEMREF REFNAME="MHCAT_MH8001_F1"/>
<ITEMREF REFNAME="MHCAT_MH8IPD3F1"/>
<ITEMREF REFNAME="MHDECOD_MH8001_F1"/>
<ITEMREF REFNAME="MHDECOD_MH8IPD3F1"/>
<ITEMREF REFNAME="MHLLTCD_MH8001_F1"/>
<ITEMREF REFNAME="MHLLTCD_MH8IPD3F1"/>
<ITEMREF REFNAME="MHLLT_MH8001_F1"/>
<ITEMREF REFNAME="MHLLT_MH8IPD3F1"/>
<ITEMREF REFNAME="MHTERM_MAP_MH8001_F1"/>
<ITEMREF REFNAME="PRCAT_IRAD3001_F1"/>
<ITEMREF REFNAME="PRCAT_IRAD3001_F2"/>
<ITEMREF REFNAME="PRCAT_SG1001_F1"/>
<ITEMREF REFNAME="PRCAT_SG1001_F2"/>
<ITEMREF REFNAME="PRCAT_TRF3001_F1"/>
<ITEMREF REFNAME="PRPRESP_IRAD3001_F1"/>
<ITEMREF REFNAME="PRPRESP_IRAD3001_F2"/>
<ITEMREF REFNAME="PRSCAT_IRAD3001_F1"/>
<ITEMREF REFNAME="PRSCAT_IRAD3001_F2"/>
<ITEMREF REFNAME="PRSCAT_SG1001_F1"/>
<ITEMREF REFNAME="PRSCAT_SG1001_F2"/>
<ITEMREF REFNAME="PRSCAT_TRF3001_F1"/>
<ITEMREF REFNAME="PRTRT_IRAD_IRAD3001_F1"/>
<ITEMREF REFNAME="PRTRT_IRAD_IRAD3001_F2"/>
<ITEMREF REFNAME="QSCAT_ECOG1001_F1"/>
<ITEMREF REFNAME="RSCAT_RS1F1"/>
<ITEMREF REFNAME="SSCAT_SS1DS1F1"/>
<ITEMREF REFNAME="SSLSTKAD_SS1DS1F1"/>
<ITEMREF REFNAME="SUCAT_ALCOHOL_SU1F1"/>
<ITEMREF REFNAME="SUCAT_TOBACCO_SU3F1"/>
<ITEMREF REFNAME="SUPRESP_SU1F1"/>
<ITEMREF REFNAME="SUPRESP_SU3F1"/>
<ITEMREF REFNAME="SYSTCAT_SYST3F1"/>
<ITEMREF REFNAME="SYSTCAT_SYST3F2"/>
<ITEMREF REFNAME="SYSTTRT_MAP_SYST3F1"/>
<ITEMREF REFNAME="SYSTCAT_SYST3F3"/>
<ITEMREF REFNAME="SYSTMDLY_SYST3F1"/>
<ITEMREF REFNAME="SYSTMDLY_SYST3F2"/>
<ITEMREF REFNAME="SYSTTRT_MAP_SYST3F2"/>
<ITEMREF REFNAME="TERM_TO_CODE_MH8IPD3F1"/>
<ITEMREF REFNAME="TRTTERMCD_CM1F1"/>
<ITEMREF REFNAME="TRTTERMCD_SYST3F1"/>
<ITEMREF REFNAME="TRTTERMCD_SYST3F2"/>
<ITEMREF REFNAME="TUCAT_TU1F1S1"/>
<ITEMREF REFNAME="TUCAT_TU2F1S1"/>
<ITEMREF REFNAME="TUCAT_TU3F1S1"/>
<ITEMREF REFNAME="TUMIDENT_NEW_TU1F1S1"/>
<ITEMREF REFNAME="TUMIDENT_NONTARGET_TU31S1"/>
<ITEMREF REFNAME="TUMIDENT_TARGET_TU2F1S1"/>
<ITEMREF REFNAME="DSCAT_2_DS2001_F3"/>

</ITEMGROUP>

<ITEMGROUP 
GROUPNAME="GPS_eSAE_Hidden"
GROUPDESCRIPTION="Items that should be hidden to GPS, hidden to Adjudicator and Central Group (only if these roles are used in the study), default access to all other rights groups.">
 <!-- Insert ItemRef Names -->
<ITEMREF REFNAME="SAEFUASMDAT_SAE2F1"/>
<ITEMREF REFNAME="SAEAWADAT_SAE2F1"/>
<ITEMREF REFNAME="SAEASMDAT_SAE2F1"/>
<ITEMREF REFNAME="SAEFUAWADAT_SAE2F1"/>

</ITEMGROUP>

<ITEMGROUP 
GROUPNAME="nonData_Manager_Hidden"
GROUPDESCRIPTION="Items hidden to all but Data_Manager editable">
 <!-- Insert ItemRef Names -->
<ITEMREF REFNAME="STATCATRIG"/>
<ITEMREF REFNAME="DSICBCTRIG"/>
<ITEMREF REFNAME="WFRULETRIG"/>
<ITEMREF REFNAME="CALRULETRIG"/>
<ITEMREF REFNAME="CDQATRIG"/>

</ITEMGROUP>

<ITEMGROUP 
GROUPNAME="nonData_Manager_ReadOnly"
GROUPDESCRIPTION="Items are Data_Manager editable, and Read-only for all other groups except Adjudicator and Central Grp.">
 <!-- Insert ItemRef Names -->
<ITEMREF REFNAME="VISDATMD_SV1F1"/>
<ITEMREF REFNAME="VISDATMD_SV1F2"/>
<ITEMREF REFNAME="VISDATMD_SV1F3"/>
<ITEMREF REFNAME="VISDATMD_SV1F4"/>
<ITEMREF REFNAME="VISDATMD_SV1F5"/>
<ITEMREF REFNAME="CDQ_CDQA"/>

</ITEMGROUP>

</MEDMLDATA>