<?xml version="1.0"?>
<MEDMLDATA xmlns="PhaseForward-MedML-Inform4">


<REPORTINGGROUP
GROUPNAME="Ad Hoc Users"
GROUPDESCRIPTION="Users who have access to Ad Hoc Reporting">
<!-- Insert Users -->
<USERREF USERNAME="c078452"/>
<USERREF USERNAME="ZPFaktoth"/>
<USERREF USERNAME="z1x9044"/>
<USERREF USERNAME="z2x4479"/>
<USERREF USERNAME="z1x0496"/>
<USERREF USERNAME="j1fmcjzfa_RE"/>
<USERREF USERNAME="ZPFpvallar"/>
<USERREF USERNAME="ZPFawarsama"/>
<USERREF USERNAME="ZPFmzsoldos"/>
<USERREF USERNAME="ZPFralorico"/>
<USERREF USERNAME="ZPFvbalint"/>
<USERREF USERNAME="ZPFmcabuhayan"/>
<USERREF USERNAME="ZPFkcco"/>
<USERREF USERNAME="ZPFjcoronel"/>
<USERREF USERNAME="ZPFedervishaj"/>
<USERREF USERNAME="ZPFadonio"/>
<USERREF USERNAME="ZPFrducusin"/>
<USERREF USERNAME="ZPFoely"/>
<USERREF USERNAME="ZPFcescultura"/>
<USERREF USERNAME="ZPFmgallindez"/>
<USERREF USERNAME="ZPFbgonzalez"/>
<USERREF USERNAME="ZPFehagymasi"/>
<USERREF USERNAME="ZPFtishizuka"/>
<USERREF USERNAME="ZPFbjuhasz"/>
<USERREF USERNAME="ZPFdkawashima"/>
<USERREF USERNAME="ZPFekosa"/>
<USERREF USERNAME="ZPFmlalangan"/>
<USERREF USERNAME="ZPFlmate"/>
<USERREF USERNAME="ZPFnmiklosi"/>
<USERREF USERNAME="ZPFvmolnar"/>
<USERREF USERNAME="ZPFpmore"/>
<USERREF USERNAME="ZPFdnagy"/>
<USERREF USERNAME="ZPFanakai"/>
<USERREF USERNAME="ZPFhnarwan"/>
<USERREF USERNAME="ZPFrpadilla"/>
<USERREF USERNAME="ZPFpsafar"/>
<USERREF USERNAME="ZPFiszabo"/>
<USERREF USERNAME="ZPFdszerencses"/>
<USERREF USERNAME="ZPFmtiamzon"/>
<USERREF USERNAME="ZPFmtolgyesi"/>
<USERREF USERNAME="c240679"/>
</REPORTINGGROUP>

<QUERYGROUP
GROUPNAME="CDM_CRA Query"
GROUPDESCRIPTION="">
<!-- Insert Users -->
<USERREF USERNAME="autoquery"/>
<USERREF USERNAME="c078452"/>
<USERREF USERNAME="c240679"/>
<USERREF USERNAME="z1x9044"/>
<USERREF USERNAME="z2x4479"/>
<USERREF USERNAME="z1x0496"/>
</QUERYGROUP>

<QUERYGROUP
GROUPNAME="Coding Query Group"
GROUPDESCRIPTION="">
<!-- Insert Users -->
<USERREF USERNAME="coder_query"/>
</QUERYGROUP>

<QUERYGROUP
GROUPNAME="GPS_Query"
GROUPDESCRIPTION="">
<!-- Insert Users -->
<USERREF USERNAME="rm35504"/>
<USERREF USERNAME="c075541"/>
<USERREF USERNAME="v6x8058"/>
<USERREF USERNAME="c068502"/>
<USERREF USERNAME="c148827"/>
<USERREF USERNAME="c149177"/>
<USERREF USERNAME="c244714"/>
<USERREF USERNAME="c265139"/>
<USERREF USERNAME="c131994"/>
<USERREF USERNAME="c058698"/>
<USERREF USERNAME="dax99530"/>
<USERREF USERNAME="c068505"/>
<USERREF USERNAME="u7x4333"/>
<USERREF USERNAME="c249885"/>
<USERREF USERNAME="c039853"/>
<USERREF USERNAME="c069132"/>
<USERREF USERNAME="rm87794"/>
<USERREF USERNAME="c149066"/>
<USERREF USERNAME="c074429"/>
<USERREF USERNAME="c228248"/>
<USERREF USERNAME="c243030"/>
<USERREF USERNAME="c257195"/>
<USERREF USERNAME="c243049"/>
<USERREF USERNAME="c257199"/>
<USERREF USERNAME="c202987"/>
<USERREF USERNAME="c266783"/>
<USERREF USERNAME="yex7972"/>
<USERREF USERNAME="c189327"/>
<USERREF USERNAME="c206270"/>
<USERREF USERNAME="yex7614"/>
<USERREF USERNAME="yex8021"/>
<USERREF USERNAME="c137396"/>
<USERREF USERNAME="a701824"/>
<USERREF USERNAME="c196248"/>
<USERREF USERNAME="c083101"/>
<USERREF USERNAME="c269330"/>
<USERREF USERNAME="c243031"/>
<USERREF USERNAME="c228247"/>
<USERREF USERNAME="c243048"/>
<USERREF USERNAME="c228249"/>
<USERREF USERNAME="c256768"/>
<USERREF USERNAME="c199642"/>
<USERREF USERNAME="c219898"/>
<USERREF USERNAME="yex7750"/>
<USERREF USERNAME="c206591"/>
<USERREF USERNAME="ye91098"/>
<USERREF USERNAME="yex7920"/>
<USERREF USERNAME="yex7231"/>
<USERREF USERNAME="ye73456"/>
<USERREF USERNAME="c143125"/>
<USERREF USERNAME="rm37825"/>
<USERREF USERNAME="c074342"/>
<USERREF USERNAME="c149470"/>
<USERREF USERNAME="c223292"/>
<USERREF USERNAME="c257193"/>
<USERREF USERNAME="c243050"/>
<USERREF USERNAME="c257194"/>
<USERREF USERNAME="c243054"/>
<USERREF USERNAME="c243032"/>
<USERREF USERNAME="c228246"/>
<USERREF USERNAME="c228250"/>
<USERREF USERNAME="c266799"/>
<USERREF USERNAME="c039863"/>
<USERREF USERNAME="c196683"/>
<USERREF USERNAME="c074090"/>
<USERREF USERNAME="c021984"/>
<USERREF USERNAME="c267072"/>
<USERREF USERNAME="c203058"/>
<USERREF USERNAME="rm89018"/>
<USERREF USERNAME="a608760"/>
<USERREF USERNAME="c166648"/>
<USERREF USERNAME="c135748"/>
<USERREF USERNAME="c025980"/>
<USERREF USERNAME="c194055"/>
<USERREF USERNAME="c071673"/>
<USERREF USERNAME="c249923"/>
<USERREF USERNAME="c252078"/>
<USERREF USERNAME="c060736"/>
<USERREF USERNAME="c090108"/>
<USERREF USERNAME="a015765"/>
<USERREF USERNAME="c247616"/>
<USERREF USERNAME="c085302"/>
<USERREF USERNAME="c100415"/>
</QUERYGROUP>

<SIGNATUREGROUP
GROUPNAME="PI Signature"
GROUPDESCRIPTION=""
CRBMEANING="Approved"

CRBTEXT="By my dated signature below, I  %s  %s, verify that all case report form pages accurately display the results of the examinations, tests, evaluations and treatments performed on this patient.&lt;BR&gt;&lt;BR&gt;Pursuant to Section 11.100 of Title 21 of the Code of Federal Regulations, this is to certify that I intend that this electronic signature is to be the legally binding equivalent of my handwritten signature. &lt;BR&gt;&lt;BR&gt;To this I do attest by supplying my user name and password and clicking the button marked &lt;B&gt;Submit&lt;/B&gt; below"
 LANGUAGE="en-US">
<!-- Insert Users -->
<USERREF USERNAME="pbedard"/>
<USERREF USERNAME="aschram"/>
</SIGNATUREGROUP>

<REPORTINGGROUP
GROUPNAME="Publishers"
GROUPDESCRIPTION="Users who can create folders and other content within the Public Folder space">
<!-- Insert Users -->
<USERREF USERNAME="z1x9044"/>
<USERREF USERNAME="z2x4479"/>
<USERREF USERNAME="z1x0496"/>
<USERREF USERNAME="j1fmcjzfa_RE"/>
<USERREF USERNAME="ZPFpvallar"/>
<USERREF USERNAME="ZPFawarsama"/>
<USERREF USERNAME="ZPFmzsoldos"/>
<USERREF USERNAME="ZPFralorico"/>
<USERREF USERNAME="ZPFvbalint"/>
<USERREF USERNAME="ZPFmcabuhayan"/>
<USERREF USERNAME="ZPFkcco"/>
<USERREF USERNAME="ZPFjcoronel"/>
<USERREF USERNAME="ZPFedervishaj"/>
<USERREF USERNAME="ZPFadonio"/>
<USERREF USERNAME="ZPFrducusin"/>
<USERREF USERNAME="ZPFoely"/>
<USERREF USERNAME="ZPFcescultura"/>
<USERREF USERNAME="ZPFaktoth"/>
<USERREF USERNAME="ZPFbgonzalez"/>
<USERREF USERNAME="ZPFehagymasi"/>
<USERREF USERNAME="ZPFtishizuka"/>
<USERREF USERNAME="ZPFbjuhasz"/>
<USERREF USERNAME="ZPFdkawashima"/>
<USERREF USERNAME="ZPFekosa"/>
<USERREF USERNAME="ZPFmlalangan"/>
<USERREF USERNAME="ZPFlmate"/>
<USERREF USERNAME="ZPFnmiklosi"/>
<USERREF USERNAME="ZPFvmolnar"/>
<USERREF USERNAME="ZPFpmore"/>
<USERREF USERNAME="ZPFdnagy"/>
<USERREF USERNAME="ZPFanakai"/>
<USERREF USERNAME="ZPFhnarwan"/>
<USERREF USERNAME="ZPFrpadilla"/>
<USERREF USERNAME="ZPFpsafar"/>
<USERREF USERNAME="ZPFiszabo"/>
<USERREF USERNAME="ZPFdszerencses"/>
<USERREF USERNAME="ZPFmtiamzon"/>
<USERREF USERNAME="ZPFmtolgyesi"/>
<USERREF USERNAME="c240679"/>
<USERREF USERNAME="c078452"/>
<USERREF USERNAME="ZPFmgallindez"/>
</REPORTINGGROUP>

<REPORTINGGROUP
GROUPNAME="Report Administrators"
GROUPDESCRIPTION="Users who can administer authorized public content such as setting permissions on folders and reports">
<!-- Insert Users -->
<USERREF USERNAME="c078452"/>
<USERREF USERNAME="ZPFaktoth"/>
<USERREF USERNAME="z1x9044"/>
<USERREF USERNAME="z2x4479"/>
<USERREF USERNAME="z1x0496"/>
<USERREF USERNAME="ZPFpvallar"/>
<USERREF USERNAME="ZPFawarsama"/>
<USERREF USERNAME="ZPFmzsoldos"/>
<USERREF USERNAME="ZPFralorico"/>
<USERREF USERNAME="ZPFvbalint"/>
<USERREF USERNAME="ZPFmcabuhayan"/>
<USERREF USERNAME="ZPFkcco"/>
<USERREF USERNAME="ZPFjcoronel"/>
<USERREF USERNAME="ZPFedervishaj"/>
<USERREF USERNAME="ZPFadonio"/>
<USERREF USERNAME="ZPFrducusin"/>
<USERREF USERNAME="ZPFoely"/>
<USERREF USERNAME="ZPFcescultura"/>
<USERREF USERNAME="ZPFmgallindez"/>
<USERREF USERNAME="ZPFbgonzalez"/>
<USERREF USERNAME="ZPFehagymasi"/>
<USERREF USERNAME="ZPFtishizuka"/>
<USERREF USERNAME="ZPFbjuhasz"/>
<USERREF USERNAME="ZPFdkawashima"/>
<USERREF USERNAME="ZPFekosa"/>
<USERREF USERNAME="ZPFmlalangan"/>
<USERREF USERNAME="ZPFlmate"/>
<USERREF USERNAME="ZPFnmiklosi"/>
<USERREF USERNAME="ZPFvmolnar"/>
<USERREF USERNAME="ZPFpmore"/>
<USERREF USERNAME="ZPFdnagy"/>
<USERREF USERNAME="ZPFanakai"/>
<USERREF USERNAME="ZPFhnarwan"/>
<USERREF USERNAME="ZPFrpadilla"/>
<USERREF USERNAME="ZPFpsafar"/>
<USERREF USERNAME="ZPFiszabo"/>
<USERREF USERNAME="ZPFdszerencses"/>
<USERREF USERNAME="ZPFmtiamzon"/>
<USERREF USERNAME="ZPFmtolgyesi"/>
<USERREF USERNAME="c240679"/>
</REPORTINGGROUP>

<REPORTINGGROUP
GROUPNAME="Site Users"
GROUPDESCRIPTION="Site Users">
<!-- Insert Users -->
<USERREF USERNAME="icarcela"/>
<USERREF USERNAME="aschram"/>
<USERREF USERNAME="pbedard"/>
<USERREF USERNAME="ZPFpvallar"/>
<USERREF USERNAME="ZPFawarsama"/>
<USERREF USERNAME="ZPFmzsoldos"/>
<USERREF USERNAME="ZPFralorico"/>
<USERREF USERNAME="ZPFvbalint"/>
<USERREF USERNAME="ZPFmcabuhayan"/>
<USERREF USERNAME="ZPFkcco"/>
<USERREF USERNAME="ZPFjcoronel"/>
<USERREF USERNAME="ZPFedervishaj"/>
<USERREF USERNAME="ZPFadonio"/>
<USERREF USERNAME="ZPFrducusin"/>
<USERREF USERNAME="ZPFoely"/>
<USERREF USERNAME="ZPFcescultura"/>
<USERREF USERNAME="ZPFmgallindez"/>
<USERREF USERNAME="ZPFbgonzalez"/>
<USERREF USERNAME="ZPFehagymasi"/>
<USERREF USERNAME="ZPFtishizuka"/>
<USERREF USERNAME="ZPFbjuhasz"/>
<USERREF USERNAME="ZPFdkawashima"/>
<USERREF USERNAME="ZPFekosa"/>
<USERREF USERNAME="ZPFmlalangan"/>
<USERREF USERNAME="ZPFlmate"/>
<USERREF USERNAME="ZPFnmiklosi"/>
<USERREF USERNAME="ZPFvmolnar"/>
<USERREF USERNAME="ZPFpmore"/>
<USERREF USERNAME="ZPFdnagy"/>
<USERREF USERNAME="ZPFanakai"/>
<USERREF USERNAME="ZPFhnarwan"/>
<USERREF USERNAME="ZPFrpadilla"/>
<USERREF USERNAME="ZPFpsafar"/>
<USERREF USERNAME="ZPFiszabo"/>
<USERREF USERNAME="ZPFdszerencses"/>
<USERREF USERNAME="ZPFmtiamzon"/>
<USERREF USERNAME="ZPFmtolgyesi"/>
<USERREF USERNAME="ZPFaktoth"/>
</REPORTINGGROUP>

<REPORTINGGROUP
GROUPNAME="Sponsor Users"
GROUPDESCRIPTION="Sponsor Users">
<!-- Insert Users -->
<USERREF USERNAME="c085302"/>
<USERREF USERNAME="c100415"/>
<USERREF USERNAME="rm35504"/>
<USERREF USERNAME="c075541"/>
<USERREF USERNAME="v6x8058"/>
<USERREF USERNAME="c068502"/>
<USERREF USERNAME="c148827"/>
<USERREF USERNAME="c149177"/>
<USERREF USERNAME="c244714"/>
<USERREF USERNAME="c265139"/>
<USERREF USERNAME="c131994"/>
<USERREF USERNAME="c058698"/>
<USERREF USERNAME="dax99530"/>
<USERREF USERNAME="c068505"/>
<USERREF USERNAME="u7x4333"/>
<USERREF USERNAME="c249885"/>
<USERREF USERNAME="c039853"/>
<USERREF USERNAME="c069132"/>
<USERREF USERNAME="rm87794"/>
<USERREF USERNAME="c149066"/>
<USERREF USERNAME="z1x9044"/>
<USERREF USERNAME="c074429"/>
<USERREF USERNAME="coder_query"/>
<USERREF USERNAME="z2x4479"/>
<USERREF USERNAME="z1x0496"/>
<USERREF USERNAME="cc_auth"/>
<USERREF USERNAME="j1fmcjzfa_RE"/>
<USERREF USERNAME="odm_user"/>
<USERREF USERNAME="ZPFpvallar"/>
<USERREF USERNAME="ZPFawarsama"/>
<USERREF USERNAME="ZPFmzsoldos"/>
<USERREF USERNAME="ZPFralorico"/>
<USERREF USERNAME="ZPFvbalint"/>
<USERREF USERNAME="ZPFmcabuhayan"/>
<USERREF USERNAME="ZPFkcco"/>
<USERREF USERNAME="ZPFjcoronel"/>
<USERREF USERNAME="ZPFedervishaj"/>
<USERREF USERNAME="ZPFadonio"/>
<USERREF USERNAME="ZPFrducusin"/>
<USERREF USERNAME="ZPFoely"/>
<USERREF USERNAME="ZPFcescultura"/>
<USERREF USERNAME="ZPFmgallindez"/>
<USERREF USERNAME="ZPFbgonzalez"/>
<USERREF USERNAME="ZPFehagymasi"/>
<USERREF USERNAME="ZPFtishizuka"/>
<USERREF USERNAME="ZPFbjuhasz"/>
<USERREF USERNAME="ZPFdkawashima"/>
<USERREF USERNAME="ZPFekosa"/>
<USERREF USERNAME="ZPFmlalangan"/>
<USERREF USERNAME="ZPFlmate"/>
<USERREF USERNAME="ZPFnmiklosi"/>
<USERREF USERNAME="ZPFvmolnar"/>
<USERREF USERNAME="ZPFpmore"/>
<USERREF USERNAME="ZPFdnagy"/>
<USERREF USERNAME="ZPFanakai"/>
<USERREF USERNAME="ZPFhnarwan"/>
<USERREF USERNAME="ZPFrpadilla"/>
<USERREF USERNAME="ZPFpsafar"/>
<USERREF USERNAME="ZPFiszabo"/>
<USERREF USERNAME="ZPFdszerencses"/>
<USERREF USERNAME="ZPFmtiamzon"/>
<USERREF USERNAME="ZPFmtolgyesi"/>
<USERREF USERNAME="ZPFaktoth"/>
<USERREF USERNAME="c228248"/>
<USERREF USERNAME="c243030"/>
<USERREF USERNAME="c257195"/>
<USERREF USERNAME="c243049"/>
<USERREF USERNAME="c257199"/>
<USERREF USERNAME="c202987"/>
<USERREF USERNAME="c266783"/>
<USERREF USERNAME="yex7972"/>
<USERREF USERNAME="c189327"/>
<USERREF USERNAME="c206270"/>
<USERREF USERNAME="yex7614"/>
<USERREF USERNAME="yex8021"/>
<USERREF USERNAME="c137396"/>
<USERREF USERNAME="a701824"/>
<USERREF USERNAME="c196248"/>
<USERREF USERNAME="c083101"/>
<USERREF USERNAME="c269330"/>
<USERREF USERNAME="c243031"/>
<USERREF USERNAME="c228247"/>
<USERREF USERNAME="c243048"/>
<USERREF USERNAME="c228249"/>
<USERREF USERNAME="c256768"/>
<USERREF USERNAME="c199642"/>
<USERREF USERNAME="c219898"/>
<USERREF USERNAME="yex7750"/>
<USERREF USERNAME="c206591"/>
<USERREF USERNAME="ye91098"/>
<USERREF USERNAME="yex7920"/>
<USERREF USERNAME="yex7231"/>
<USERREF USERNAME="ye73456"/>
<USERREF USERNAME="c143125"/>
<USERREF USERNAME="rm37825"/>
<USERREF USERNAME="c074342"/>
<USERREF USERNAME="c149470"/>
<USERREF USERNAME="c223292"/>
<USERREF USERNAME="c257193"/>
<USERREF USERNAME="c243050"/>
<USERREF USERNAME="c257194"/>
<USERREF USERNAME="c243054"/>
<USERREF USERNAME="c243032"/>
<USERREF USERNAME="c228246"/>
<USERREF USERNAME="c228250"/>
<USERREF USERNAME="c266799"/>
<USERREF USERNAME="c039863"/>
<USERREF USERNAME="c196683"/>
<USERREF USERNAME="c074090"/>
<USERREF USERNAME="c021984"/>
<USERREF USERNAME="c267072"/>
<USERREF USERNAME="c203058"/>
<USERREF USERNAME="rm89018"/>
<USERREF USERNAME="a608760"/>
<USERREF USERNAME="c166648"/>
<USERREF USERNAME="c135748"/>
<USERREF USERNAME="c025980"/>
<USERREF USERNAME="c194055"/>
<USERREF USERNAME="c071673"/>
<USERREF USERNAME="c249923"/>
<USERREF USERNAME="c078452"/>
<USERREF USERNAME="c240679"/>
<USERREF USERNAME="c252078"/>
<USERREF USERNAME="c060736"/>
<USERREF USERNAME="c090108"/>
<USERREF USERNAME="a015765"/>
<USERREF USERNAME="c247616"/>
</REPORTINGGROUP>

<REPORTINGGROUP
GROUPNAME="User Admin Info Data Users"
GROUPDESCRIPTION="Users who have access to user data including password related data">
<!-- Insert Users -->
<USERREF USERNAME="ZPFmlalangan"/>
<USERREF USERNAME="ZPFlmate"/>
<USERREF USERNAME="ZPFnmiklosi"/>
<USERREF USERNAME="ZPFvmolnar"/>
<USERREF USERNAME="ZPFpmore"/>
<USERREF USERNAME="ZPFdnagy"/>
<USERREF USERNAME="ZPFanakai"/>
<USERREF USERNAME="ZPFhnarwan"/>
<USERREF USERNAME="ZPFrpadilla"/>
<USERREF USERNAME="ZPFpsafar"/>
<USERREF USERNAME="ZPFiszabo"/>
<USERREF USERNAME="ZPFdszerencses"/>
<USERREF USERNAME="ZPFmtiamzon"/>
<USERREF USERNAME="ZPFmtolgyesi"/>
<USERREF USERNAME="ZPFaktoth"/>
<USERREF USERNAME="c074090"/>
<USERREF USERNAME="c021984"/>
<USERREF USERNAME="c267072"/>
<USERREF USERNAME="c203058"/>
<USERREF USERNAME="rm89018"/>
<USERREF USERNAME="a608760"/>
<USERREF USERNAME="c166648"/>
<USERREF USERNAME="c135748"/>
<USERREF USERNAME="c025980"/>
<USERREF USERNAME="c194055"/>
<USERREF USERNAME="c071673"/>
<USERREF USERNAME="c249923"/>
<USERREF USERNAME="c078452"/>
<USERREF USERNAME="c240679"/>
<USERREF USERNAME="c252078"/>
<USERREF USERNAME="c060736"/>
<USERREF USERNAME="c090108"/>
<USERREF USERNAME="a015765"/>
<USERREF USERNAME="c247616"/>
<USERREF USERNAME="c085302"/>
<USERREF USERNAME="c100415"/>
<USERREF USERNAME="rm35504"/>
<USERREF USERNAME="c075541"/>
<USERREF USERNAME="v6x8058"/>
<USERREF USERNAME="c068502"/>
<USERREF USERNAME="c148827"/>
<USERREF USERNAME="c149177"/>
<USERREF USERNAME="c244714"/>
<USERREF USERNAME="c265139"/>
<USERREF USERNAME="c131994"/>
<USERREF USERNAME="c058698"/>
<USERREF USERNAME="dax99530"/>
<USERREF USERNAME="c068505"/>
<USERREF USERNAME="u7x4333"/>
<USERREF USERNAME="c249885"/>
<USERREF USERNAME="c039853"/>
<USERREF USERNAME="c069132"/>
<USERREF USERNAME="rm87794"/>
<USERREF USERNAME="c149066"/>
<USERREF USERNAME="z1x9044"/>
<USERREF USERNAME="c074429"/>
<USERREF USERNAME="z2x4479"/>
<USERREF USERNAME="z1x0496"/>
<USERREF USERNAME="j1fmcjzfa_RE"/>
<USERREF USERNAME="ZPFpvallar"/>
<USERREF USERNAME="ZPFawarsama"/>
<USERREF USERNAME="ZPFmzsoldos"/>
<USERREF USERNAME="ZPFralorico"/>
<USERREF USERNAME="ZPFvbalint"/>
<USERREF USERNAME="ZPFmcabuhayan"/>
<USERREF USERNAME="ZPFkcco"/>
<USERREF USERNAME="ZPFjcoronel"/>
<USERREF USERNAME="ZPFedervishaj"/>
<USERREF USERNAME="ZPFadonio"/>
<USERREF USERNAME="ZPFrducusin"/>
<USERREF USERNAME="ZPFoely"/>
<USERREF USERNAME="ZPFcescultura"/>
<USERREF USERNAME="ZPFmgallindez"/>
<USERREF USERNAME="ZPFbgonzalez"/>
<USERREF USERNAME="ZPFehagymasi"/>
<USERREF USERNAME="ZPFtishizuka"/>
<USERREF USERNAME="ZPFbjuhasz"/>
<USERREF USERNAME="ZPFdkawashima"/>
<USERREF USERNAME="ZPFekosa"/>
<USERREF USERNAME="c228248"/>
<USERREF USERNAME="c243030"/>
<USERREF USERNAME="c257195"/>
<USERREF USERNAME="c243049"/>
<USERREF USERNAME="c257199"/>
<USERREF USERNAME="c202987"/>
<USERREF USERNAME="c266783"/>
<USERREF USERNAME="yex7972"/>
<USERREF USERNAME="c189327"/>
<USERREF USERNAME="c206270"/>
<USERREF USERNAME="yex7614"/>
<USERREF USERNAME="yex8021"/>
<USERREF USERNAME="c137396"/>
<USERREF USERNAME="a701824"/>
<USERREF USERNAME="c196248"/>
<USERREF USERNAME="c083101"/>
<USERREF USERNAME="c269330"/>
<USERREF USERNAME="c243031"/>
<USERREF USERNAME="c228247"/>
<USERREF USERNAME="c243048"/>
<USERREF USERNAME="c228249"/>
<USERREF USERNAME="c256768"/>
<USERREF USERNAME="c199642"/>
<USERREF USERNAME="c219898"/>
<USERREF USERNAME="yex7750"/>
<USERREF USERNAME="c206591"/>
<USERREF USERNAME="ye91098"/>
<USERREF USERNAME="yex7920"/>
<USERREF USERNAME="yex7231"/>
<USERREF USERNAME="ye73456"/>
<USERREF USERNAME="c143125"/>
<USERREF USERNAME="rm37825"/>
<USERREF USERNAME="c074342"/>
<USERREF USERNAME="c149470"/>
<USERREF USERNAME="c223292"/>
<USERREF USERNAME="c257193"/>
<USERREF USERNAME="c243050"/>
<USERREF USERNAME="c257194"/>
<USERREF USERNAME="c243054"/>
<USERREF USERNAME="c243032"/>
<USERREF USERNAME="c228246"/>
<USERREF USERNAME="c228250"/>
<USERREF USERNAME="c266799"/>
<USERREF USERNAME="c039863"/>
<USERREF USERNAME="c196683"/>
</REPORTINGGROUP>

<REPORTINGGROUP
GROUPNAME="User Info Data Users"
GROUPDESCRIPTION="Users who have access to user data except password related data">
<!-- Insert Users -->
<USERREF USERNAME="c074090"/>
<USERREF USERNAME="c021984"/>
<USERREF USERNAME="c267072"/>
<USERREF USERNAME="c203058"/>
<USERREF USERNAME="rm89018"/>
<USERREF USERNAME="a608760"/>
<USERREF USERNAME="c166648"/>
<USERREF USERNAME="c135748"/>
<USERREF USERNAME="c025980"/>
<USERREF USERNAME="c194055"/>
<USERREF USERNAME="c071673"/>
<USERREF USERNAME="c249923"/>
<USERREF USERNAME="c252078"/>
<USERREF USERNAME="c060736"/>
<USERREF USERNAME="c090108"/>
<USERREF USERNAME="a015765"/>
<USERREF USERNAME="c247616"/>
<USERREF USERNAME="c085302"/>
<USERREF USERNAME="c100415"/>
<USERREF USERNAME="rm35504"/>
<USERREF USERNAME="c075541"/>
<USERREF USERNAME="v6x8058"/>
<USERREF USERNAME="c068502"/>
<USERREF USERNAME="c148827"/>
<USERREF USERNAME="c149177"/>
<USERREF USERNAME="c244714"/>
<USERREF USERNAME="c265139"/>
<USERREF USERNAME="c131994"/>
<USERREF USERNAME="c058698"/>
<USERREF USERNAME="dax99530"/>
<USERREF USERNAME="c068505"/>
<USERREF USERNAME="u7x4333"/>
<USERREF USERNAME="c249885"/>
<USERREF USERNAME="c039853"/>
<USERREF USERNAME="c069132"/>
<USERREF USERNAME="rm87794"/>
<USERREF USERNAME="c149066"/>
<USERREF USERNAME="c074429"/>
<USERREF USERNAME="c228248"/>
<USERREF USERNAME="c243030"/>
<USERREF USERNAME="c257195"/>
<USERREF USERNAME="c243049"/>
<USERREF USERNAME="c257199"/>
<USERREF USERNAME="c202987"/>
<USERREF USERNAME="c266783"/>
<USERREF USERNAME="yex7972"/>
<USERREF USERNAME="c189327"/>
<USERREF USERNAME="c206270"/>
<USERREF USERNAME="yex7614"/>
<USERREF USERNAME="yex8021"/>
<USERREF USERNAME="c137396"/>
<USERREF USERNAME="a701824"/>
<USERREF USERNAME="c196248"/>
<USERREF USERNAME="c083101"/>
<USERREF USERNAME="c269330"/>
<USERREF USERNAME="c243031"/>
<USERREF USERNAME="c228247"/>
<USERREF USERNAME="c243048"/>
<USERREF USERNAME="c228249"/>
<USERREF USERNAME="c256768"/>
<USERREF USERNAME="c199642"/>
<USERREF USERNAME="c219898"/>
<USERREF USERNAME="yex7750"/>
<USERREF USERNAME="c206591"/>
<USERREF USERNAME="ye91098"/>
<USERREF USERNAME="yex7920"/>
<USERREF USERNAME="yex7231"/>
<USERREF USERNAME="ye73456"/>
<USERREF USERNAME="c143125"/>
<USERREF USERNAME="rm37825"/>
<USERREF USERNAME="c074342"/>
<USERREF USERNAME="c149470"/>
<USERREF USERNAME="c223292"/>
<USERREF USERNAME="c257193"/>
<USERREF USERNAME="c243050"/>
<USERREF USERNAME="c257194"/>
<USERREF USERNAME="c243054"/>
<USERREF USERNAME="c243032"/>
<USERREF USERNAME="c228246"/>
<USERREF USERNAME="c228250"/>
<USERREF USERNAME="c266799"/>
<USERREF USERNAME="c039863"/>
<USERREF USERNAME="c196683"/>
</REPORTINGGROUP>

<QUERYGROUP
GROUPNAME="CDM_CRA Query"
GROUPDESCRIPTION="">
<!-- Insert Users -->
<USERREF USERNAME="autoquery"/>
</QUERYGROUP>

</MEDMLDATA>