<?xml version="1.0"?>
<MEDMLDATA xmlns="PhaseForward-MedML-Inform4">


<RIGHTSGROUP  GROUPNAME="Coding Query Rights Group">
<!-- Insert Users -->
<USERREF USERNAME="coder_query"/>

</RIGHTSGROUP>

<RIGHTSGROUP  GROUPNAME="Data Manager">
<!-- Insert Users -->
<USERREF USERNAME="c240679"/>
<USERREF USERNAME="z1x0496"/>
<USERREF USERNAME="z2x4479"/>
<USERREF USERNAME="c078452"/>
<USERREF USERNAME="z1x9044"/>

</RIGHTSGROUP>

<RIGHTSGROUP  GROUPNAME="GPS">
<!-- Insert Users -->
<USERREF USERNAME="c228248"/>
<USERREF USERNAME="c243030"/>
<USERREF USERNAME="c257195"/>
<USERREF USERNAME="c243049"/>
<USERREF USERNAME="c257199"/>
<USERREF USERNAME="c202987"/>
<USERREF USERNAME="c266783"/>
<USERREF USERNAME="yex7972"/>
<USERREF USERNAME="c189327"/>
<USERREF USERNAME="c206270"/>
<USERREF USERNAME="yex7614"/>
<USERREF USERNAME="yex8021"/>
<USERREF USERNAME="c137396"/>
<USERREF USERNAME="a701824"/>
<USERREF USERNAME="c196248"/>
<USERREF USERNAME="c083101"/>
<USERREF USERNAME="c269330"/>
<USERREF USERNAME="c243031"/>
<USERREF USERNAME="c228247"/>
<USERREF USERNAME="c243048"/>
<USERREF USERNAME="c228249"/>
<USERREF USERNAME="c256768"/>
<USERREF USERNAME="c199642"/>
<USERREF USERNAME="c219898"/>
<USERREF USERNAME="yex7750"/>
<USERREF USERNAME="c206591"/>
<USERREF USERNAME="ye91098"/>
<USERREF USERNAME="yex7920"/>
<USERREF USERNAME="yex7231"/>
<USERREF USERNAME="ye73456"/>
<USERREF USERNAME="c143125"/>
<USERREF USERNAME="rm37825"/>
<USERREF USERNAME="c074342"/>
<USERREF USERNAME="c149470"/>
<USERREF USERNAME="c223292"/>
<USERREF USERNAME="c257193"/>
<USERREF USERNAME="c243050"/>
<USERREF USERNAME="c257194"/>
<USERREF USERNAME="c243054"/>
<USERREF USERNAME="c243032"/>
<USERREF USERNAME="c228246"/>
<USERREF USERNAME="c228250"/>
<USERREF USERNAME="c266799"/>
<USERREF USERNAME="c039863"/>
<USERREF USERNAME="c196683"/>
<USERREF USERNAME="c074090"/>
<USERREF USERNAME="c021984"/>
<USERREF USERNAME="c267072"/>
<USERREF USERNAME="c203058"/>
<USERREF USERNAME="rm89018"/>
<USERREF USERNAME="a608760"/>
<USERREF USERNAME="c166648"/>
<USERREF USERNAME="c135748"/>
<USERREF USERNAME="c025980"/>
<USERREF USERNAME="c194055"/>
<USERREF USERNAME="c071673"/>
<USERREF USERNAME="c249923"/>
<USERREF USERNAME="c252078"/>
<USERREF USERNAME="c060736"/>
<USERREF USERNAME="c090108"/>
<USERREF USERNAME="a015765"/>
<USERREF USERNAME="c247616"/>
<USERREF USERNAME="c085302"/>
<USERREF USERNAME="c100415"/>
<USERREF USERNAME="rm35504"/>
<USERREF USERNAME="c075541"/>
<USERREF USERNAME="v6x8058"/>
<USERREF USERNAME="c068502"/>
<USERREF USERNAME="c148827"/>
<USERREF USERNAME="c149177"/>
<USERREF USERNAME="c244714"/>
<USERREF USERNAME="c265139"/>
<USERREF USERNAME="c131994"/>
<USERREF USERNAME="c058698"/>
<USERREF USERNAME="dax99530"/>
<USERREF USERNAME="c068505"/>
<USERREF USERNAME="u7x4333"/>
<USERREF USERNAME="c249885"/>
<USERREF USERNAME="c039853"/>
<USERREF USERNAME="c069132"/>
<USERREF USERNAME="rm87794"/>
<USERREF USERNAME="c149066"/>
<USERREF USERNAME="c074429"/>

</RIGHTSGROUP>

<RIGHTSGROUP  GROUPNAME="ODM Rights Group">
<!-- Insert Users -->
<USERREF USERNAME="odm_user"/>
<USERREF USERNAME="cc_auth"/>

</RIGHTSGROUP>

<RIGHTSGROUP  GROUPNAME="PFView Only">
<!-- Insert Users -->
<USERREF USERNAME="ZPFkbarkoczi"/>

</RIGHTSGROUP>

<RIGHTSGROUP  GROUPNAME="PI">
<!-- Insert Users -->
<USERREF USERNAME="aschram"/>
<USERREF USERNAME="pbedard"/>

</RIGHTSGROUP>

<RIGHTSGROUP  GROUPNAME="Report Extractor">
<!-- Insert Users -->
<USERREF USERNAME="j1fmcjzfa_RE"/>

</RIGHTSGROUP>

<RIGHTSGROUP  GROUPNAME="SC">
<!-- Insert Users -->
<USERREF USERNAME="icarcela"/>

</RIGHTSGROUP>

<RIGHTSGROUP  GROUPNAME="Tier1_Admin">
<!-- Insert Users -->
<USERREF USERNAME="ZPFpvallar"/>
<USERREF USERNAME="ZPFaktoth"/>
<USERREF USERNAME="ZPFmzsoldos"/>
<USERREF USERNAME="ZPFralorico"/>
<USERREF USERNAME="ZPFvbalint"/>
<USERREF USERNAME="ZPFmcabuhayan"/>
<USERREF USERNAME="ZPFkcco"/>
<USERREF USERNAME="ZPFjcoronel"/>
<USERREF USERNAME="ZPFedervishaj"/>
<USERREF USERNAME="ZPFadonio"/>
<USERREF USERNAME="ZPFrducusin"/>
<USERREF USERNAME="ZPFoely"/>
<USERREF USERNAME="ZPFcescultura"/>
<USERREF USERNAME="ZPFmgallindez"/>
<USERREF USERNAME="ZPFbgonzalez"/>
<USERREF USERNAME="ZPFehagymasi"/>
<USERREF USERNAME="ZPFtishizuka"/>
<USERREF USERNAME="ZPFbjuhasz"/>
<USERREF USERNAME="ZPFdkawashima"/>
<USERREF USERNAME="ZPFekosa"/>
<USERREF USERNAME="ZPFmlalangan"/>
<USERREF USERNAME="ZPFlmate"/>
<USERREF USERNAME="ZPFnmiklosi"/>
<USERREF USERNAME="ZPFvmolnar"/>
<USERREF USERNAME="ZPFpmore"/>
<USERREF USERNAME="ZPFdnagy"/>
<USERREF USERNAME="ZPFanakai"/>
<USERREF USERNAME="ZPFhnarwan"/>
<USERREF USERNAME="ZPFrpadilla"/>
<USERREF USERNAME="ZPFpsafar"/>
<USERREF USERNAME="ZPFiszabo"/>
<USERREF USERNAME="ZPFdszerencses"/>
<USERREF USERNAME="ZPFmtiamzon"/>
<USERREF USERNAME="ZPFmtolgyesi"/>
<USERREF USERNAME="ZPFawarsama"/>

</RIGHTSGROUP>

<RIGHTSGROUP  GROUPNAME="User Manager RG">
<!-- Insert Users -->
<USERREF USERNAME="ZPFnabogado"/>
<USERREF USERNAME="ZPFmyuta"/>
<USERREF USERNAME="ZPFjalbento"/>
<USERREF USERNAME="ZPFkalonzo"/>
<USERREF USERNAME="ZPFcarbolado"/>
<USERREF USERNAME="ZPFlbalubar"/>
<USERREF USERNAME="ZPFtcabanes"/>
<USERREF USERNAME="ZPFccangayao"/>
<USERREF USERNAME="ZPFtfabian"/>
<USERREF USERNAME="ZPFjistenes"/>
<USERREF USERNAME="ZPFfjarobilla"/>
<USERREF USERNAME="ZPFijohl"/>
<USERREF USERNAME="ZPFskholti"/>
<USERREF USERNAME="ZPFklim"/>
<USERREF USERNAME="ZPFhmasuda"/>
<USERREF USERNAME="ZPFrmenor"/>
<USERREF USERNAME="ZPFsnizamoddin"/>
<USERREF USERNAME="ZPFrnoveno"/>
<USERREF USERNAME="ZPFcocampo"/>
<USERREF USERNAME="ZPFmogawa"/>
<USERREF USERNAME="ZPFjpati"/>
<USERREF USERNAME="ZPFapervaiz"/>
<USERREF USERNAME="ZPFnqi"/>
<USERREF USERNAME="ZPFasalazar"/>
<USERREF USERNAME="ZPFasollano"/>
<USERREF USERNAME="ZPFasomogyi"/>
<USERREF USERNAME="ZPFtszabo"/>
<USERREF USERNAME="ZPFhtsuchida"/>
<USERREF USERNAME="ZPFfvarga"/>
<USERREF USERNAME="ZPFsaguilar"/>

</RIGHTSGROUP>

</MEDMLDATA>