<?xml version="1.0"?>
<MEDMLDATA xmlns="PhaseForward-MedML-Inform4">


<USER  USERNAME="c228248"
USERTYPE="SPONSOR"
FIRSTNAME="N Ajay"
LASTNAME="Kumar"
DISPLAYNAME="N Ajay Kumar"
DESCRIPTION="--Check UMT to ensure credentials have already been sent before resetting password--"
COUNTRY="INDIA"
PHONE="91918046640999"
ALTPHONE="91"
FAX="91"
EMAIL="kumar_n_ajay@lilly.com"
ACTIVESTATE="true"
DELETESTATE="false"
UPDATE="true"
PASSWORD="b7StM24qS98o9E4234"
BEEPER="91"
USERDATEFORMAT="DAY_MONTH_YEAR"
HOMESCREENURL="./Portal/default.htm"
USERMUSTRESETPASSWORD="TRUE"
PRODUCTLOCALE="en-US"
STUDYLOCALE="en-US"/>


<USER  USERNAME="c243030"
USERTYPE="SPONSOR"
FIRSTNAME="Rino"
LASTNAME="Davis"
DISPLAYNAME="Rino Davis"
DESCRIPTION="--Check UMT to ensure credentials have already been sent before resetting password--"
COUNTRY="INDIA"
PHONE="91918046640999"
ALTPHONE="91"
FAX="91"
EMAIL="davis_rino@lilly.com"
ACTIVESTATE="true"
DELETESTATE="false"
UPDATE="true"
PASSWORD="kQ6iP57E2wkB281444"
BEEPER="91"
USERDATEFORMAT="DAY_MONTH_YEAR"
HOMESCREENURL="./Portal/default.htm"
USERMUSTRESETPASSWORD="TRUE"
PRODUCTLOCALE="en-US"
STUDYLOCALE="en-US"/>


<USER  USERNAME="c257195"
USERTYPE="SPONSOR"
FIRSTNAME="Srihari"
LASTNAME="J"
DISPLAYNAME="Srihari J"
DESCRIPTION="--Check UMT to ensure credentials have already been sent before resetting password--"
COUNTRY="INDIA"
PHONE="91918046640999"
ALTPHONE="91"
FAX="91"
EMAIL="j_srihari@lilly.com"
ACTIVESTATE="true"
DELETESTATE="false"
UPDATE="true"
PASSWORD="N2gD7bxC8gP06455"
BEEPER="91"
USERDATEFORMAT="DAY_MONTH_YEAR"
HOMESCREENURL="./Portal/default.htm"
USERMUSTRESETPASSWORD="TRUE"
PRODUCTLOCALE="en-US"
STUDYLOCALE="en-US"/>


<USER  USERNAME="c243049"
USERTYPE="SPONSOR"
FIRSTNAME="Srikant"
LASTNAME="Kotennavar"
DISPLAYNAME="Srikant Kotennavar"
DESCRIPTION="--Check UMT to ensure credentials have already been sent before resetting password--"
COUNTRY="INDIA"
PHONE="91918046640999"
ALTPHONE="91"
FAX="91"
EMAIL="kotennavar_srikanth@lilly.com"
ACTIVESTATE="true"
DELETESTATE="false"
UPDATE="true"
PASSWORD="B6ehT62xI60wY82208"
BEEPER="91"
USERDATEFORMAT="DAY_MONTH_YEAR"
HOMESCREENURL="./Portal/default.htm"
USERMUSTRESETPASSWORD="TRUE"
PRODUCTLOCALE="en-US"
STUDYLOCALE="en-US"/>


<USER  USERNAME="c257199"
USERTYPE="SPONSOR"
FIRSTNAME="Thota Santhosh"
LASTNAME="Kumar"
DISPLAYNAME="Thota Santhosh Kumar"
DESCRIPTION="--Check UMT to ensure credentials have already been sent before resetting password--"
COUNTRY="INDIA"
PHONE="91918046640999"
ALTPHONE="91"
FAX="91"
EMAIL="santhosh_kumar_thota@lilly.com"
ACTIVESTATE="true"
DELETESTATE="false"
UPDATE="true"
PASSWORD="mZ9i1Or5II2q5714"
BEEPER="91"
USERDATEFORMAT="DAY_MONTH_YEAR"
HOMESCREENURL="./Portal/default.htm"
USERMUSTRESETPASSWORD="TRUE"
PRODUCTLOCALE="en-US"
STUDYLOCALE="en-US"/>


<USER  USERNAME="c202987"
USERTYPE="SPONSOR"
FIRSTNAME="Alessio"
LASTNAME="Eramo"
DISPLAYNAME="Alessio Eramo"
DESCRIPTION="--Check UMT to ensure credentials have already been sent before resetting password--"
COUNTRY="UNITED KINGDOM"
PHONE="44441276483107"
ALTPHONE="44"
FAX="44"
EMAIL="eramo_alessio@network.lilly.com"
ACTIVESTATE="true"
DELETESTATE="false"
UPDATE="true"
PASSWORD="jX0O1du6TeT02343"
BEEPER="44"
USERDATEFORMAT="DAY_MONTH_YEAR"
HOMESCREENURL="./Portal/default.htm"
USERMUSTRESETPASSWORD="TRUE"
PRODUCTLOCALE="en-US"
STUDYLOCALE="en-US"/>


<USER  USERNAME="c266783"
USERTYPE="SPONSOR"
FIRSTNAME="Carrie"
LASTNAME="Bale"
DISPLAYNAME="Carrie Bale"
DESCRIPTION="--Check UMT to ensure credentials have already been sent before resetting password--"
COUNTRY="UNITED KINGDOM"
PHONE="44441276484002"
ALTPHONE="44"
FAX="44"
EMAIL="bale_carrie@network.lilly.com"
ACTIVESTATE="true"
DELETESTATE="false"
UPDATE="true"
PASSWORD="iV5qX9qO1sP74675"
BEEPER="44"
USERDATEFORMAT="DAY_MONTH_YEAR"
HOMESCREENURL="./Portal/default.htm"
USERMUSTRESETPASSWORD="TRUE"
PRODUCTLOCALE="en-US"
STUDYLOCALE="en-US"/>


<USER  USERNAME="yex7972"
USERTYPE="SPONSOR"
FIRSTNAME="Dipali"
LASTNAME="Patel"
DISPLAYNAME="Dipali Patel"
DESCRIPTION="--Check UMT to ensure credentials have already been sent before resetting password--"
COUNTRY="UNITED KINGDOM"
PHONE="44441276484757"
ALTPHONE="44"
FAX="44"
EMAIL="patel_dipali@lilly.com"
ACTIVESTATE="true"
DELETESTATE="false"
UPDATE="true"
PASSWORD="wX0pB4qM0yL08488"
BEEPER="44"
USERDATEFORMAT="DAY_MONTH_YEAR"
HOMESCREENURL="./Portal/default.htm"
USERMUSTRESETPASSWORD="TRUE"
PRODUCTLOCALE="en-US"
STUDYLOCALE="en-US"/>


<USER  USERNAME="c189327"
USERTYPE="SPONSOR"
FIRSTNAME="Faranak"
LASTNAME="Yadollahi"
DISPLAYNAME="Faranak Yadollahi"
DESCRIPTION="--Check UMT to ensure credentials have already been sent before resetting password--"
COUNTRY="UNITED KINGDOM"
PHONE="44447838464690"
ALTPHONE="44"
FAX="44"
EMAIL="yadollahi_faranak@network.lilly.com"
ACTIVESTATE="true"
DELETESTATE="false"
UPDATE="true"
PASSWORD="q50JaM4wI2tU819279"
BEEPER="44"
USERDATEFORMAT="DAY_MONTH_YEAR"
HOMESCREENURL="./Portal/default.htm"
USERMUSTRESETPASSWORD="TRUE"
PRODUCTLOCALE="en-US"
STUDYLOCALE="en-US"/>


<USER  USERNAME="c206270"
USERTYPE="SPONSOR"
FIRSTNAME="Harmony"
LASTNAME="Kershaw Rowe"
DISPLAYNAME="Harmony Kershaw Rowe"
DESCRIPTION="--Check UMT to ensure credentials have already been sent before resetting password--"
COUNTRY="UNITED KINGDOM"
PHONE="44441276483348"
ALTPHONE="44"
FAX="44"
EMAIL="kershaw_rowe_harmony@lilly.com"
ACTIVESTATE="true"
DELETESTATE="false"
UPDATE="true"
PASSWORD="W6mR4ytT75eT234118"
BEEPER="44"
USERDATEFORMAT="DAY_MONTH_YEAR"
HOMESCREENURL="./Portal/default.htm"
USERMUSTRESETPASSWORD="TRUE"
PRODUCTLOCALE="en-US"
STUDYLOCALE="en-US"/>


<USER  USERNAME="yex7614"
USERTYPE="SPONSOR"
FIRSTNAME="Katherine"
LASTNAME="Rogers"
DISPLAYNAME="Katherine Rogers"
DESCRIPTION="--Check UMT to ensure credentials have already been sent before resetting password--"
COUNTRY="UNITED KINGDOM"
PHONE="447974655230"
ALTPHONE="44"
FAX="44"
EMAIL="rogers_katherine@network.lilly.com"
ACTIVESTATE="true"
DELETESTATE="false"
UPDATE="true"
PASSWORD="mJ92hJ64L5gd3U8240"
BEEPER="44"
USERDATEFORMAT="DAY_MONTH_YEAR"
HOMESCREENURL="./Portal/default.htm"
USERMUSTRESETPASSWORD="TRUE"
PRODUCTLOCALE="en-US"
STUDYLOCALE="en-US"/>


<USER  USERNAME="yex8021"
USERTYPE="SPONSOR"
FIRSTNAME="Mei"
LASTNAME="Zhang"
DISPLAYNAME="Mei Zhang"
DESCRIPTION="--Check UMT to ensure credentials have already been sent before resetting password--"
COUNTRY="UNITED KINGDOM"
PHONE="44441276483967"
ALTPHONE="44"
FAX="44"
EMAIL="zhang_mei2@network.lilly.com"
ACTIVESTATE="true"
DELETESTATE="false"
UPDATE="true"
PASSWORD="C0owU64wJ2b64R9030"
BEEPER="44"
USERDATEFORMAT="DAY_MONTH_YEAR"
HOMESCREENURL="./Portal/default.htm"
USERMUSTRESETPASSWORD="TRUE"
PRODUCTLOCALE="en-US"
STUDYLOCALE="en-US"/>


<USER  USERNAME="icarcela"
USERTYPE="SITE"
FIRSTNAME="Ignacio"
LASTNAME="Carcela"
DISPLAYNAME="Ignacio Carcela"
DESCRIPTION="--Check UMT to ensure credentials have already been sent before resetting password--"
COUNTRY="SPAIN"
PHONE="3434932746000"
ALTPHONE="34"
FAX="34"
EMAIL="icarcela@vhio.net"
ACTIVESTATE="true"
DELETESTATE="false"
UPDATE="true"
PASSWORD="uP0S3za15UQ9s5241"
BEEPER="34"
USERDATEFORMAT="DAY_MONTH_YEAR"
HOMESCREENURL="./Portal/default.htm"
USERMUSTRESETPASSWORD="TRUE"
PRODUCTLOCALE="en-US"
STUDYLOCALE="en-US"/>


<USER  USERNAME="c137396"
USERTYPE="SPONSOR"
FIRSTNAME="Ana Paula"
LASTNAME="Rondino"
DISPLAYNAME="Ana Paula Rondino"
DESCRIPTION="--Check UMT to ensure credentials have already been sent before resetting password--"
COUNTRY="BRAZIL"
PHONE="55551121445079"
ALTPHONE="55"
FAX="55"
EMAIL="rondino_ana_paula@lilly.com"
ACTIVESTATE="true"
DELETESTATE="false"
UPDATE="true"
PASSWORD="b75RtM10kF6lV599410"
BEEPER="55"
USERDATEFORMAT="DAY_MONTH_YEAR"
HOMESCREENURL="./Portal/default.htm"
USERMUSTRESETPASSWORD="TRUE"
PRODUCTLOCALE="en-US"
STUDYLOCALE="en-US"/>


<USER  USERNAME="a701824"
USERTYPE="SPONSOR"
FIRSTNAME="Diego"
LASTNAME="Videira"
DISPLAYNAME="Diego Videira"
DESCRIPTION="--Check UMT to ensure credentials have already been sent before resetting password--"
COUNTRY="BRAZIL"
PHONE="551121446115"
ALTPHONE="55"
FAX="55"
EMAIL="diego.videira@lilly.com"
ACTIVESTATE="true"
DELETESTATE="false"
UPDATE="true"
PASSWORD="l47YfP8M9iU8n7509"
BEEPER="55"
USERDATEFORMAT="DAY_MONTH_YEAR"
HOMESCREENURL="./Portal/default.htm"
USERMUSTRESETPASSWORD="TRUE"
PRODUCTLOCALE="en-US"
STUDYLOCALE="en-US"/>


<USER  USERNAME="c196248"
USERTYPE="SPONSOR"
FIRSTNAME="Maguy"
LASTNAME="Michi"
DISPLAYNAME="Maguy Michi"
DESCRIPTION="--Check UMT to ensure credentials have already been sent before resetting password--"
COUNTRY="BRAZIL"
PHONE="55551121446861"
ALTPHONE="55"
FAX="55"
EMAIL="m.michi@lilly.com"
ACTIVESTATE="true"
DELETESTATE="false"
UPDATE="true"
PASSWORD="n29HrV47dR98aO75866"
BEEPER="55"
USERDATEFORMAT="DAY_MONTH_YEAR"
HOMESCREENURL="./Portal/default.htm"
USERMUSTRESETPASSWORD="TRUE"
PRODUCTLOCALE="en-US"
STUDYLOCALE="en-US"/>


<USER  USERNAME="c083101"
USERTYPE="SPONSOR"
FIRSTNAME="Marcela"
LASTNAME="Almeida"
DISPLAYNAME="Marcela Almeida"
DESCRIPTION="--Check UMT to ensure credentials have already been sent before resetting password--"
COUNTRY="BRAZIL"
PHONE="55551121446037"
ALTPHONE="55"
FAX="55"
EMAIL="sorgemp@lilly.com"
ACTIVESTATE="true"
DELETESTATE="false"
UPDATE="true"
PASSWORD="H9yxE6pJ1yA816398"
BEEPER="55"
USERDATEFORMAT="DAY_MONTH_YEAR"
HOMESCREENURL="./Portal/default.htm"
USERMUSTRESETPASSWORD="TRUE"
PRODUCTLOCALE="en-US"
STUDYLOCALE="en-US"/>


<USER  USERNAME="c269330"
USERTYPE="SPONSOR"
FIRSTNAME="Priscila"
LASTNAME="Shoji"
DISPLAYNAME="Priscila Shoji"
DESCRIPTION="--Check UMT to ensure credentials have already been sent before resetting password--"
COUNTRY="BRAZIL"
PHONE="55551121146897"
ALTPHONE="55"
FAX="55"
EMAIL="shoji_priscila@lilly.com"
ACTIVESTATE="true"
DELETESTATE="false"
UPDATE="true"
PASSWORD="yB4fE80hO1d2D8421"
BEEPER="55"
USERDATEFORMAT="DAY_MONTH_YEAR"
HOMESCREENURL="./Portal/default.htm"
USERMUSTRESETPASSWORD="TRUE"
PRODUCTLOCALE="en-US"
STUDYLOCALE="en-US"/>


<USER  USERNAME="c243031"
USERTYPE="SPONSOR"
FIRSTNAME="Balaji"
LASTNAME="PG"
DISPLAYNAME="Balaji PG"
DESCRIPTION="--Check UMT to ensure credentials have already been sent before resetting password--"
COUNTRY="INDIA"
PHONE="91918046640999"
ALTPHONE="91"
FAX="91"
EMAIL="balaji_p.g@lilly.com"
ACTIVESTATE="true"
DELETESTATE="false"
UPDATE="true"
PASSWORD="f9NvF87l31EfS772644"
BEEPER="91"
USERDATEFORMAT="DAY_MONTH_YEAR"
HOMESCREENURL="./Portal/default.htm"
USERMUSTRESETPASSWORD="TRUE"
PRODUCTLOCALE="en-US"
STUDYLOCALE="en-US"/>


<USER  USERNAME="c228247"
USERTYPE="SPONSOR"
FIRSTNAME="Devadrita"
LASTNAME="Basu"
DISPLAYNAME="Devadrita Basu"
DESCRIPTION="--Check UMT to ensure credentials have already been sent before resetting password--"
COUNTRY="INDIA"
PHONE="91918046640999"
ALTPHONE="91"
FAX="91"
EMAIL="basu_devadrita@lilly.com"
ACTIVESTATE="true"
DELETESTATE="false"
UPDATE="true"
PASSWORD="W1zb52LT1tqU13742"
BEEPER="91"
USERDATEFORMAT="DAY_MONTH_YEAR"
HOMESCREENURL="./Portal/default.htm"
USERMUSTRESETPASSWORD="TRUE"
PRODUCTLOCALE="en-US"
STUDYLOCALE="en-US"/>


<USER  USERNAME="c243048"
USERTYPE="SPONSOR"
FIRSTNAME="Sumitha"
LASTNAME="Pillai"
DISPLAYNAME="Sumitha Pillai"
DESCRIPTION="--Check UMT to ensure credentials have already been sent before resetting password--"
COUNTRY="INDIA"
PHONE="91918046640999"
ALTPHONE="91"
FAX="91"
EMAIL="pillai_sumitha_mohanan@lilly.com"
ACTIVESTATE="true"
DELETESTATE="false"
UPDATE="true"
PASSWORD="pN15w90ArD5R8g9960"
BEEPER="91"
USERDATEFORMAT="DAY_MONTH_YEAR"
HOMESCREENURL="./Portal/default.htm"
USERMUSTRESETPASSWORD="TRUE"
PRODUCTLOCALE="en-US"
STUDYLOCALE="en-US"/>


<USER  USERNAME="c228249"
USERTYPE="SPONSOR"
FIRSTNAME="Usha"
LASTNAME="Harish"
DISPLAYNAME="Usha Harish"
DESCRIPTION="--Check UMT to ensure credentials have already been sent before resetting password--"
COUNTRY="INDIA"
PHONE="91919448162306"
ALTPHONE="91"
FAX="91"
EMAIL="harish_usha@lilly.com"
ACTIVESTATE="true"
DELETESTATE="false"
UPDATE="true"
PASSWORD="oL3iX6vG0l4D6589"
BEEPER="91"
USERDATEFORMAT="DAY_MONTH_YEAR"
HOMESCREENURL="./Portal/default.htm"
USERMUSTRESETPASSWORD="TRUE"
PRODUCTLOCALE="en-US"
STUDYLOCALE="en-US"/>


<USER  USERNAME="c256768"
USERTYPE="SPONSOR"
FIRSTNAME="Anju"
LASTNAME="Gurung"
DISPLAYNAME="Anju Gurung"
DESCRIPTION="--Check UMT to ensure credentials have already been sent before resetting password--"
COUNTRY="UNITED KINGDOM"
PHONE="44441276483236"
ALTPHONE="44"
FAX="44"
EMAIL="gurung_anju@lilly.com"
ACTIVESTATE="true"
DELETESTATE="false"
UPDATE="true"
PASSWORD="dB9xG8B1bzY513183"
BEEPER="44"
USERDATEFORMAT="DAY_MONTH_YEAR"
HOMESCREENURL="./Portal/default.htm"
USERMUSTRESETPASSWORD="TRUE"
PRODUCTLOCALE="en-US"
STUDYLOCALE="en-US"/>


<USER  USERNAME="c199642"
USERTYPE="SPONSOR"
FIRSTNAME="Debashis"
LASTNAME="Bhattacharya"
DISPLAYNAME="Debashis Bhattacharya"
DESCRIPTION="--Check UMT to ensure credentials have already been sent before resetting password--"
COUNTRY="UNITED KINGDOM"
PHONE="44441276483397"
ALTPHONE="44"
FAX="44"
EMAIL="bhattacharya_debashis@network.lilly.com"
ACTIVESTATE="true"
DELETESTATE="false"
UPDATE="true"
PASSWORD="e44FbY80I3ghC22835"
BEEPER="44"
USERDATEFORMAT="DAY_MONTH_YEAR"
HOMESCREENURL="./Portal/default.htm"
USERMUSTRESETPASSWORD="TRUE"
PRODUCTLOCALE="en-US"
STUDYLOCALE="en-US"/>


<USER  USERNAME="c219898"
USERTYPE="SPONSOR"
FIRSTNAME="Dzhansu"
LASTNAME="Syonmez"
DISPLAYNAME="Dzhansu Syonmez"
DESCRIPTION="--Check UMT to ensure credentials have already been sent before resetting password--"
COUNTRY="UNITED KINGDOM"
PHONE="44441276484849"
ALTPHONE="44"
FAX="44"
EMAIL="syonmez_dzhansu@network.lilly.com"
ACTIVESTATE="true"
DELETESTATE="false"
UPDATE="true"
PASSWORD="wX6r5Jl7BvI411219"
BEEPER="44"
USERDATEFORMAT="DAY_MONTH_YEAR"
HOMESCREENURL="./Portal/default.htm"
USERMUSTRESETPASSWORD="TRUE"
PRODUCTLOCALE="en-US"
STUDYLOCALE="en-US"/>


<USER  USERNAME="yex7750"
USERTYPE="SPONSOR"
FIRSTNAME="Fiona"
LASTNAME="Laird"
DISPLAYNAME="Fiona Laird"
DESCRIPTION="--Check UMT to ensure credentials have already been sent before resetting password--"
COUNTRY="UNITED KINGDOM"
PHONE="44441276483092"
ALTPHONE="44"
FAX="44"
EMAIL="laird_fiona@network.lilly.com"
ACTIVESTATE="true"
DELETESTATE="false"
UPDATE="true"
PASSWORD="dQ77jM50hL3wW965341"
BEEPER="44"
USERDATEFORMAT="DAY_MONTH_YEAR"
HOMESCREENURL="./Portal/default.htm"
USERMUSTRESETPASSWORD="TRUE"
PRODUCTLOCALE="en-US"
STUDYLOCALE="en-US"/>


<USER  USERNAME="c206591"
USERTYPE="SPONSOR"
FIRSTNAME="Kaltrina"
LASTNAME="Haziri"
DISPLAYNAME="Kaltrina Haziri"
DESCRIPTION="--Check UMT to ensure credentials have already been sent before resetting password--"
COUNTRY="UNITED KINGDOM"
PHONE="44441276483110"
ALTPHONE="44"
FAX="44"
EMAIL="haziri_kaltrina@network.lilly.com"
ACTIVESTATE="true"
DELETESTATE="false"
UPDATE="true"
PASSWORD="uF6qJ6bK9hF642279"
BEEPER="44"
USERDATEFORMAT="DAY_MONTH_YEAR"
HOMESCREENURL="./Portal/default.htm"
USERMUSTRESETPASSWORD="TRUE"
PRODUCTLOCALE="en-US"
STUDYLOCALE="en-US"/>


<USER  USERNAME="ye91098"
USERTYPE="SPONSOR"
FIRSTNAME="Kennie"
LASTNAME="Ogunnaike"
DISPLAYNAME="Kennie Ogunnaike"
DESCRIPTION="--Check UMT to ensure credentials have already been sent before resetting password--"
COUNTRY="UNITED KINGDOM"
PHONE="44441276483788"
ALTPHONE="44"
FAX="44"
EMAIL="ogunnaike_kennie@lilly.com"
ACTIVESTATE="true"
DELETESTATE="false"
UPDATE="true"
PASSWORD="t32NlT7eS97j17F971"
BEEPER="44"
USERDATEFORMAT="DAY_MONTH_YEAR"
HOMESCREENURL="./Portal/default.htm"
USERMUSTRESETPASSWORD="TRUE"
PRODUCTLOCALE="en-US"
STUDYLOCALE="en-US"/>


<USER  USERNAME="yex7920"
USERTYPE="SPONSOR"
FIRSTNAME="Merab"
LASTNAME="Lomia"
DISPLAYNAME="Merab Lomia"
DESCRIPTION="--Check UMT to ensure credentials have already been sent before resetting password--"
COUNTRY="UNITED KINGDOM"
PHONE="44441276483778"
ALTPHONE="44"
FAX="44"
EMAIL="lomia_merab@network.lilly.com"
ACTIVESTATE="true"
DELETESTATE="false"
UPDATE="true"
PASSWORD="iJ7C7wq20TdY229906"
BEEPER="44"
USERDATEFORMAT="DAY_MONTH_YEAR"
HOMESCREENURL="./Portal/default.htm"
USERMUSTRESETPASSWORD="TRUE"
PRODUCTLOCALE="en-US"
STUDYLOCALE="en-US"/>


<USER  USERNAME="yex7231"
USERTYPE="SPONSOR"
FIRSTNAME="Sejal"
LASTNAME="Patel"
DISPLAYNAME="Sejal Patel"
DESCRIPTION="--Check UMT to ensure credentials have already been sent before resetting password--"
COUNTRY="UNITED KINGDOM"
PHONE="44441276483774"
ALTPHONE="44"
FAX="44"
EMAIL="patel_sejal_v@network.lilly.com"
ACTIVESTATE="true"
DELETESTATE="false"
UPDATE="true"
PASSWORD="h1LI6nl5EnT953227"
BEEPER="44"
USERDATEFORMAT="DAY_MONTH_YEAR"
HOMESCREENURL="./Portal/default.htm"
USERMUSTRESETPASSWORD="TRUE"
PRODUCTLOCALE="en-US"
STUDYLOCALE="en-US"/>


<USER  USERNAME="ye73456"
USERTYPE="SPONSOR"
FIRSTNAME="Simon"
LASTNAME="Voss"
DISPLAYNAME="Simon Voss"
DESCRIPTION="--Check UMT to ensure credentials have already been sent before resetting password--"
COUNTRY="UNITED KINGDOM"
PHONE="44441276484789"
ALTPHONE="44"
FAX="44"
EMAIL="voss_simon@lilly.com"
ACTIVESTATE="true"
DELETESTATE="false"
UPDATE="true"
PASSWORD="nQ40x78Dr9FcA559139"
BEEPER="44"
USERDATEFORMAT="DAY_MONTH_YEAR"
HOMESCREENURL="./Portal/default.htm"
USERMUSTRESETPASSWORD="TRUE"
PRODUCTLOCALE="en-US"
STUDYLOCALE="en-US"/>


<USER  USERNAME="c143125"
USERTYPE="SPONSOR"
FIRSTNAME="Brian"
LASTNAME="Dillman"
DISPLAYNAME="Brian Dillman"
DESCRIPTION="--Check UMT to ensure credentials have already been sent before resetting password--"
COUNTRY="UNITED STATES"
PHONE="13174332638"
ALTPHONE="1"
FAX="1"
EMAIL="dillman_brian@lilly.com"
ACTIVESTATE="true"
DELETESTATE="false"
UPDATE="true"
PASSWORD="rJ7mE60xC77pM12437"
BEEPER="1"
USERDATEFORMAT="DAY_MONTH_YEAR"
HOMESCREENURL="./Portal/default.htm"
USERMUSTRESETPASSWORD="TRUE"
PRODUCTLOCALE="en-US"
STUDYLOCALE="en-US"/>


<USER  USERNAME="rm37825"
USERTYPE="SPONSOR"
FIRSTNAME="Coleman"
LASTNAME="Obasaju"
DISPLAYNAME="Coleman Obasaju"
DESCRIPTION="--Check UMT to ensure credentials have already been sent before resetting password--"
COUNTRY="UNITED STATES"
PHONE="13172767934"
ALTPHONE="1"
FAX="1"
EMAIL="obasaju_coleman_k@lilly.com"
ACTIVESTATE="true"
DELETESTATE="false"
UPDATE="true"
PASSWORD="F1ukZ1pL73Y0r1781"
BEEPER="1"
USERDATEFORMAT="DAY_MONTH_YEAR"
HOMESCREENURL="./Portal/default.htm"
USERMUSTRESETPASSWORD="TRUE"
PRODUCTLOCALE="en-US"
STUDYLOCALE="en-US"/>


<USER  USERNAME="c074342"
USERTYPE="SPONSOR"
FIRSTNAME="Camila"
LASTNAME="Mariguela"
DISPLAYNAME="Camila Mariguela"
DESCRIPTION="--Check UMT to ensure credentials have already been sent before resetting password--"
COUNTRY="BRAZIL"
PHONE="55551121445027"
ALTPHONE="55"
FAX="55"
EMAIL="mariguela_camilla_somaio@lilly.com"
ACTIVESTATE="true"
DELETESTATE="false"
UPDATE="true"
PASSWORD="lP24uP33f6ZdR48659"
BEEPER="55"
USERDATEFORMAT="DAY_MONTH_YEAR"
HOMESCREENURL="./Portal/default.htm"
USERMUSTRESETPASSWORD="TRUE"
PRODUCTLOCALE="en-US"
STUDYLOCALE="en-US"/>


<USER  USERNAME="c149470"
USERTYPE="SPONSOR"
FIRSTNAME="Flavio"
LASTNAME="Martins"
DISPLAYNAME="Flavio Martins"
DESCRIPTION="--Check UMT to ensure credentials have already been sent before resetting password--"
COUNTRY="BRAZIL"
PHONE="55551121446523"
ALTPHONE="55"
FAX="55"
EMAIL="junior_flavio_eduardo_martins@lilly.com"
ACTIVESTATE="true"
DELETESTATE="false"
UPDATE="true"
PASSWORD="gI6uB4oS0g6N7732"
BEEPER="55"
USERDATEFORMAT="DAY_MONTH_YEAR"
HOMESCREENURL="./Portal/default.htm"
USERMUSTRESETPASSWORD="TRUE"
PRODUCTLOCALE="en-US"
STUDYLOCALE="en-US"/>


<USER  USERNAME="c223292"
USERTYPE="SPONSOR"
FIRSTNAME="Romina"
LASTNAME="Pecora"
DISPLAYNAME="Romina Pecora"
DESCRIPTION="--Check UMT to ensure credentials have already been sent before resetting password--"
COUNTRY="BRAZIL"
PHONE="55551121446700"
ALTPHONE="55"
FAX="55"
EMAIL="r.pecora@lilly.com"
ACTIVESTATE="true"
DELETESTATE="false"
UPDATE="true"
PASSWORD="p41DuW3G6nB7r5483"
BEEPER="55"
USERDATEFORMAT="DAY_MONTH_YEAR"
HOMESCREENURL="./Portal/default.htm"
USERMUSTRESETPASSWORD="TRUE"
PRODUCTLOCALE="en-US"
STUDYLOCALE="en-US"/>


<USER  USERNAME="c257193"
USERTYPE="SPONSOR"
FIRSTNAME="Asma"
LASTNAME="Syed"
DISPLAYNAME="Asma Syed"
DESCRIPTION="--Check UMT to ensure credentials have already been sent before resetting password--"
COUNTRY="INDIA"
PHONE="91918046640999"
ALTPHONE="91"
FAX="91"
EMAIL="siddiqua_syed_asma@lilly.com"
ACTIVESTATE="true"
DELETESTATE="false"
UPDATE="true"
PASSWORD="tJ8h1Il1Jw4Y6890"
BEEPER="91"
USERDATEFORMAT="DAY_MONTH_YEAR"
HOMESCREENURL="./Portal/default.htm"
USERMUSTRESETPASSWORD="TRUE"
PRODUCTLOCALE="en-US"
STUDYLOCALE="en-US"/>


<USER  USERNAME="c243050"
USERTYPE="SPONSOR"
FIRSTNAME="Chandrika"
LASTNAME="Srinivas"
DISPLAYNAME="Chandrika Srinivas"
DESCRIPTION="--Check UMT to ensure credentials have already been sent before resetting password--"
COUNTRY="INDIA"
PHONE="91918046640999"
ALTPHONE="91"
FAX="91"
EMAIL="sj_chandrika@lilly.com"
ACTIVESTATE="true"
DELETESTATE="false"
UPDATE="true"
PASSWORD="r7SmL9lT81sK37988"
BEEPER="91"
USERDATEFORMAT="DAY_MONTH_YEAR"
HOMESCREENURL="./Portal/default.htm"
USERMUSTRESETPASSWORD="TRUE"
PRODUCTLOCALE="en-US"
STUDYLOCALE="en-US"/>


<USER  USERNAME="c257194"
USERTYPE="SPONSOR"
FIRSTNAME="Kommanuru"
LASTNAME="Teja"
DISPLAYNAME="Kommanuru Teja"
DESCRIPTION="--Check UMT to ensure credentials have already been sent before resetting password--"
COUNTRY="INDIA"
PHONE="91918046640999"
ALTPHONE="91"
FAX="91"
EMAIL="rama_krishna_teja_kommanuru_venkata@lilly.com"
ACTIVESTATE="true"
DELETESTATE="false"
UPDATE="true"
PASSWORD="aE5n30YcS5s8V4926"
BEEPER="91"
USERDATEFORMAT="DAY_MONTH_YEAR"
HOMESCREENURL="./Portal/default.htm"
USERMUSTRESETPASSWORD="TRUE"
PRODUCTLOCALE="en-US"
STUDYLOCALE="en-US"/>


<USER  USERNAME="c243054"
USERTYPE="SPONSOR"
FIRSTNAME="Mahesh"
LASTNAME="CM"
DISPLAYNAME="Mahesh CM"
DESCRIPTION="--Check UMT to ensure credentials have already been sent before resetting password--"
COUNTRY="INDIA"
PHONE="91918046640999"
ALTPHONE="91"
FAX="91"
EMAIL="cm_mahesh@lilly.com"
ACTIVESTATE="true"
DELETESTATE="false"
UPDATE="true"
PASSWORD="rN3xM1nP0M1a8172"
BEEPER="91"
USERDATEFORMAT="DAY_MONTH_YEAR"
HOMESCREENURL="./Portal/default.htm"
USERMUSTRESETPASSWORD="TRUE"
PRODUCTLOCALE="en-US"
STUDYLOCALE="en-US"/>


<USER  USERNAME="c243032"
USERTYPE="SPONSOR"
FIRSTNAME="Pavithra"
LASTNAME="K"
DISPLAYNAME="Pavithra K"
DESCRIPTION="--Check UMT to ensure credentials have already been sent before resetting password--"
COUNTRY="INDIA"
PHONE="91919986430046"
ALTPHONE="91"
FAX="91"
EMAIL="k_pavithra@lilly.com"
ACTIVESTATE="true"
DELETESTATE="false"
UPDATE="true"
PASSWORD="oZ6jQ3aP6vJ47481"
BEEPER="91"
USERDATEFORMAT="DAY_MONTH_YEAR"
HOMESCREENURL="./Portal/default.htm"
USERMUSTRESETPASSWORD="TRUE"
PRODUCTLOCALE="en-US"
STUDYLOCALE="en-US"/>


<USER  USERNAME="c228246"
USERTYPE="SPONSOR"
FIRSTNAME="Santosh"
LASTNAME="Kugali"
DISPLAYNAME="Santosh Kugali"
DESCRIPTION="--Check UMT to ensure credentials have already been sent before resetting password--"
COUNTRY="INDIA"
PHONE="91919480008379"
ALTPHONE="91"
FAX="91"
EMAIL="kugali_santosh@lilly.com"
ACTIVESTATE="true"
DELETESTATE="false"
UPDATE="true"
PASSWORD="w8ZaP7uG5uD47405"
BEEPER="91"
USERDATEFORMAT="DAY_MONTH_YEAR"
HOMESCREENURL="./Portal/default.htm"
USERMUSTRESETPASSWORD="TRUE"
PRODUCTLOCALE="en-US"
STUDYLOCALE="en-US"/>


<USER  USERNAME="c228250"
USERTYPE="SPONSOR"
FIRSTNAME="Sachidananda"
LASTNAME="Shetti"
DISPLAYNAME="Sachidananda Shetti"
DESCRIPTION="--Check UMT to ensure credentials have already been sent before resetting password--"
COUNTRY="UNITED KINGDOM"
PHONE="44447826448339"
ALTPHONE="44"
FAX="44"
EMAIL="shetti_sachidananda_g@network.lilly.com"
ACTIVESTATE="true"
DELETESTATE="false"
UPDATE="true"
PASSWORD="x1ZwN1bS50yU59571"
BEEPER="44"
USERDATEFORMAT="DAY_MONTH_YEAR"
HOMESCREENURL="./Portal/default.htm"
USERMUSTRESETPASSWORD="TRUE"
PRODUCTLOCALE="en-US"
STUDYLOCALE="en-US"/>


<USER  USERNAME="c266799"
USERTYPE="SPONSOR"
FIRSTNAME="Shonum"
LASTNAME="Mistry"
DISPLAYNAME="Shonum Mistry"
DESCRIPTION="--Check UMT to ensure credentials have already been sent before resetting password--"
COUNTRY="UNITED KINGDOM"
PHONE="44441276483760"
ALTPHONE="44"
FAX="44"
EMAIL="mistry_shonum@network.lilly.com"
ACTIVESTATE="true"
DELETESTATE="false"
UPDATE="true"
PASSWORD="kF0gX27e2PhT18263"
BEEPER="44"
USERDATEFORMAT="DAY_MONTH_YEAR"
HOMESCREENURL="./Portal/default.htm"
USERMUSTRESETPASSWORD="TRUE"
PRODUCTLOCALE="en-US"
STUDYLOCALE="en-US"/>


<USER  USERNAME="c039863"
USERTYPE="SPONSOR"
FIRSTNAME="Angela"
LASTNAME="Roepke"
DISPLAYNAME="Angela Roepke"
DESCRIPTION="--Check UMT to ensure credentials have already been sent before resetting password--"
COUNTRY="UNITED STATES"
PHONE="13176516235"
ALTPHONE="1"
FAX="1"
EMAIL="roepke_angela_p@lilly.com"
ACTIVESTATE="true"
DELETESTATE="false"
UPDATE="true"
PASSWORD="a3ClV2qN40o48Z7299"
BEEPER="1"
USERDATEFORMAT="DAY_MONTH_YEAR"
HOMESCREENURL="./Portal/default.htm"
USERMUSTRESETPASSWORD="TRUE"
PRODUCTLOCALE="en-US"
STUDYLOCALE="en-US"/>


<USER  USERNAME="c196683"
USERTYPE="SPONSOR"
FIRSTNAME="Christina"
LASTNAME="Moore"
DISPLAYNAME="Christina Moore"
DESCRIPTION="--Check UMT to ensure credentials have already been sent before resetting password--"
COUNTRY="UNITED STATES"
PHONE="13176550819"
ALTPHONE="1"
FAX="1"
EMAIL="moore_christina@lilly.com"
ACTIVESTATE="true"
DELETESTATE="false"
UPDATE="true"
PASSWORD="iQ1y2CyP17c7W906"
BEEPER="1"
USERDATEFORMAT="DAY_MONTH_YEAR"
HOMESCREENURL="./Portal/default.htm"
USERMUSTRESETPASSWORD="TRUE"
PRODUCTLOCALE="en-US"
STUDYLOCALE="en-US"/>


<USER  USERNAME="c074090"
USERTYPE="SPONSOR"
FIRSTNAME="Dorothy"
LASTNAME="Jackson"
DISPLAYNAME="Dorothy Jackson"
DESCRIPTION="--Check UMT to ensure credentials have already been sent before resetting password--"
COUNTRY="UNITED STATES"
PHONE="13172773392"
ALTPHONE="1"
FAX="1"
EMAIL="jackson_dorothy@lilly.com"
ACTIVESTATE="true"
DELETESTATE="false"
UPDATE="true"
PASSWORD="B4lcY60tX13H1h250"
BEEPER="1"
USERDATEFORMAT="DAY_MONTH_YEAR"
HOMESCREENURL="./Portal/default.htm"
USERMUSTRESETPASSWORD="TRUE"
PRODUCTLOCALE="en-US"
STUDYLOCALE="en-US"/>


<USER  USERNAME="c021984"
USERTYPE="SPONSOR"
FIRSTNAME="Kira"
LASTNAME="Miles"
DISPLAYNAME="Kira Miles"
DESCRIPTION="--Check UMT to ensure credentials have already been sent before resetting password--"
COUNTRY="UNITED STATES"
PHONE="13172772189"
ALTPHONE="1"
FAX="1"
EMAIL="miles_kira_d@lilly.com"
ACTIVESTATE="true"
DELETESTATE="false"
UPDATE="true"
PASSWORD="N3emU15hZ9k8T1619"
BEEPER="1"
USERDATEFORMAT="DAY_MONTH_YEAR"
HOMESCREENURL="./Portal/default.htm"
USERMUSTRESETPASSWORD="TRUE"
PRODUCTLOCALE="en-US"
STUDYLOCALE="en-US"/>


<USER  USERNAME="c267072"
USERTYPE="SPONSOR"
FIRSTNAME="Lee"
LASTNAME="Hayward"
DISPLAYNAME="Lee Hayward"
DESCRIPTION="--Check UMT to ensure credentials have already been sent before resetting password--"
COUNTRY="UNITED STATES"
PHONE="13176519289"
ALTPHONE="1"
FAX="1"
EMAIL="hayward_lee@lilly.com"
ACTIVESTATE="true"
DELETESTATE="false"
UPDATE="true"
PASSWORD="Z9bv6JO9qd3V4258"
BEEPER="1"
USERDATEFORMAT="DAY_MONTH_YEAR"
HOMESCREENURL="./Portal/default.htm"
USERMUSTRESETPASSWORD="TRUE"
PRODUCTLOCALE="en-US"
STUDYLOCALE="en-US"/>


<USER  USERNAME="c203058"
USERTYPE="SPONSOR"
FIRSTNAME="Marsha"
LASTNAME="Finkhouse"
DISPLAYNAME="Marsha Finkhouse"
DESCRIPTION="--Check UMT to ensure credentials have already been sent before resetting password--"
COUNTRY="UNITED STATES"
PHONE="13176516554"
ALTPHONE="1"
FAX="1"
EMAIL="marsha.finkhouse@lilly.com"
ACTIVESTATE="true"
DELETESTATE="false"
UPDATE="true"
PASSWORD="nY56aS90F8nb2C8072"
BEEPER="1"
USERDATEFORMAT="DAY_MONTH_YEAR"
HOMESCREENURL="./Portal/default.htm"
USERMUSTRESETPASSWORD="TRUE"
PRODUCTLOCALE="en-US"
STUDYLOCALE="en-US"/>


<USER  USERNAME="rm89018"
USERTYPE="SPONSOR"
FIRSTNAME="Rolanda"
LASTNAME="Brooks"
DISPLAYNAME="Rolanda Brooks"
DESCRIPTION="--Check UMT to ensure credentials have already been sent before resetting password--"
COUNTRY="UNITED STATES"
PHONE="13172767757"
ALTPHONE="1"
FAX="1"
EMAIL="brooks_rolanda_n@lilly.com"
ACTIVESTATE="true"
DELETESTATE="false"
UPDATE="true"
PASSWORD="W8xpL60m7WG0c9181"
BEEPER="1"
USERDATEFORMAT="DAY_MONTH_YEAR"
HOMESCREENURL="./Portal/default.htm"
USERMUSTRESETPASSWORD="TRUE"
PRODUCTLOCALE="en-US"
STUDYLOCALE="en-US"/>


<USER  USERNAME="a608760"
USERTYPE="SPONSOR"
FIRSTNAME="Sharon"
LASTNAME="Wright"
DISPLAYNAME="Sharon Wright"
DESCRIPTION="--Check UMT to ensure credentials have already been sent before resetting password--"
COUNTRY="UNITED STATES"
PHONE="13174338381"
ALTPHONE="1"
FAX="1"
EMAIL="wright_sharon@lilly.com"
ACTIVESTATE="true"
DELETESTATE="false"
UPDATE="true"
PASSWORD="b51AfK0tI8w7Z9106"
BEEPER="1"
USERDATEFORMAT="DAY_MONTH_YEAR"
HOMESCREENURL="./Portal/default.htm"
USERMUSTRESETPASSWORD="TRUE"
PRODUCTLOCALE="en-US"
STUDYLOCALE="en-US"/>


<USER  USERNAME="c166648"
USERTYPE="SPONSOR"
FIRSTNAME="Shiferaw A"
LASTNAME="Kifle"
DISPLAYNAME="Shiferaw A Kifle"
DESCRIPTION="--Check UMT to ensure credentials have already been sent before resetting password--"
COUNTRY="UNITED STATES"
PHONE="13174338851"
ALTPHONE="1"
FAX="1"
EMAIL="kifle_shiferaw_a@lilly.com"
ACTIVESTATE="true"
DELETESTATE="false"
UPDATE="true"
PASSWORD="i4Me4Gb97St4B9030"
BEEPER="1"
USERDATEFORMAT="DAY_MONTH_YEAR"
HOMESCREENURL="./Portal/default.htm"
USERMUSTRESETPASSWORD="TRUE"
PRODUCTLOCALE="en-US"
STUDYLOCALE="en-US"/>


<USER  USERNAME="c135748"
USERTYPE="SPONSOR"
FIRSTNAME="Stephanie"
LASTNAME="Horna"
DISPLAYNAME="Stephanie Horna"
DESCRIPTION="--Check UMT to ensure credentials have already been sent before resetting password--"
COUNTRY="UNITED STATES"
PHONE="13172608949"
ALTPHONE="1"
FAX="1"
EMAIL="horna_stephanie_lynne@lilly.com"
ACTIVESTATE="true"
DELETESTATE="false"
UPDATE="true"
PASSWORD="uV24uS18d4Lq83S3217"
BEEPER="1"
USERDATEFORMAT="DAY_MONTH_YEAR"
HOMESCREENURL="./Portal/default.htm"
USERMUSTRESETPASSWORD="TRUE"
PRODUCTLOCALE="en-US"
STUDYLOCALE="en-US"/>


<USER  USERNAME="c025980"
USERTYPE="SPONSOR"
FIRSTNAME="Tamara"
LASTNAME="Risner"
DISPLAYNAME="Tamara Risner"
DESCRIPTION="--Check UMT to ensure credentials have already been sent before resetting password--"
COUNTRY="UNITED STATES"
PHONE="13174339682"
ALTPHONE="1"
FAX="1"
EMAIL="risner_tamara_k@lilly.com"
ACTIVESTATE="true"
DELETESTATE="false"
UPDATE="true"
PASSWORD="rT8dY3eY1rP394624"
BEEPER="1"
USERDATEFORMAT="DAY_MONTH_YEAR"
HOMESCREENURL="./Portal/default.htm"
USERMUSTRESETPASSWORD="TRUE"
PRODUCTLOCALE="en-US"
STUDYLOCALE="en-US"/>


<USER  USERNAME="c194055"
USERTYPE="SPONSOR"
FIRSTNAME="Tisha"
LASTNAME="Mullins"
DISPLAYNAME="Tisha Mullins"
DESCRIPTION="--Check UMT to ensure credentials have already been sent before resetting password--"
COUNTRY="UNITED STATES"
PHONE="13174337495"
ALTPHONE="1"
FAX="1"
EMAIL="mullins_tisha@lilly.com"
ACTIVESTATE="true"
DELETESTATE="false"
UPDATE="true"
PASSWORD="pW64kZ0eT9T7b4241"
BEEPER="1"
USERDATEFORMAT="DAY_MONTH_YEAR"
HOMESCREENURL="./Portal/default.htm"
USERMUSTRESETPASSWORD="TRUE"
PRODUCTLOCALE="en-US"
STUDYLOCALE="en-US"/>


<USER  USERNAME="c071673"
USERTYPE="SPONSOR"
FIRSTNAME="Vanessa"
LASTNAME="Distel"
DISPLAYNAME="Vanessa Distel"
DESCRIPTION="--Check UMT to ensure credentials have already been sent before resetting password--"
COUNTRY="UNITED STATES"
PHONE="13172763881"
ALTPHONE="1"
FAX="1"
EMAIL="distel_vanessa_m@lilly.com"
ACTIVESTATE="true"
DELETESTATE="false"
UPDATE="true"
PASSWORD="dU14N9msV1yM86572"
BEEPER="1"
USERDATEFORMAT="DAY_MONTH_YEAR"
HOMESCREENURL="./Portal/default.htm"
USERMUSTRESETPASSWORD="TRUE"
PRODUCTLOCALE="en-US"
STUDYLOCALE="en-US"/>


<USER  USERNAME="c249923"
USERTYPE="SPONSOR"
FIRSTNAME="William"
LASTNAME="Byrd"
DISPLAYNAME="William Byrd"
DESCRIPTION="--Check UMT to ensure credentials have already been sent before resetting password--"
COUNTRY="UNITED STATES"
PHONE="13174332041"
ALTPHONE="1"
FAX="1"
EMAIL="byrd_william@network.lilly.com"
ACTIVESTATE="true"
DELETESTATE="false"
UPDATE="true"
PASSWORD="I9ud4HA8asI0487"
BEEPER="1"
USERDATEFORMAT="DAY_MONTH_YEAR"
HOMESCREENURL="./Portal/default.htm"
USERMUSTRESETPASSWORD="TRUE"
PRODUCTLOCALE="en-US"
STUDYLOCALE="en-US"/>


<USER  USERNAME="c078452"
USERTYPE="SPONSOR"
FIRSTNAME="Kativa"
LASTNAME="Leal"
DISPLAYNAME="Kativa Leal"
DESCRIPTION="--Check UMT to ensure credentials have already been sent before resetting password--"
COUNTRY="UNITED STATES"
PHONE="13176556976"
ALTPHONE="1"
FAX="1"
EMAIL="leal.kativa@lilly.com"
ACTIVESTATE="true"
DELETESTATE="false"
UPDATE="true"
PASSWORD="P2wv3MV0cZ5q2510"
BEEPER="1"
USERDATEFORMAT="DAY_MONTH_YEAR"
HOMESCREENURL="./Portal/default.htm"
USERMUSTRESETPASSWORD="TRUE"
PRODUCTLOCALE="en-US"
STUDYLOCALE="en-US"/>


<USER  USERNAME="c240679"
USERTYPE="SPONSOR"
FIRSTNAME="Sumit"
LASTNAME="Jagtap"
DISPLAYNAME="Sumit Jagtap"
DESCRIPTION="--Check UMT to ensure credentials have already been sent before resetting password--"
COUNTRY="INDIA"
PHONE="91914047572108"
ALTPHONE="91"
FAX="91"
EMAIL="sumit.jagtap@syneoshealth.com"
ACTIVESTATE="true"
DELETESTATE="false"
UPDATE="true"
PASSWORD="bQ2G5rjI8qX986596"
BEEPER="91"
USERDATEFORMAT="DAY_MONTH_YEAR"
HOMESCREENURL="./Portal/default.htm"
USERMUSTRESETPASSWORD="TRUE"
PRODUCTLOCALE="en-US"
STUDYLOCALE="en-US"/>


<USER  USERNAME="c252078"
USERTYPE="SPONSOR"
FIRSTNAME="Jennifer"
LASTNAME="Milata"
DISPLAYNAME="Jennifer Milata"
DESCRIPTION="--Check UMT to ensure credentials have already been sent before resetting password--"
COUNTRY="UNITED STATES"
PHONE="13174338914"
ALTPHONE="1"
FAX="1"
EMAIL="milata_jennifer@lilly.com"
ACTIVESTATE="true"
DELETESTATE="false"
UPDATE="true"
PASSWORD="fW50lJ7n26YQ3l582"
BEEPER="1"
USERDATEFORMAT="DAY_MONTH_YEAR"
HOMESCREENURL="./Portal/default.htm"
USERMUSTRESETPASSWORD="TRUE"
PRODUCTLOCALE="en-US"
STUDYLOCALE="en-US"/>


<USER  USERNAME="c060736"
USERTYPE="SPONSOR"
FIRSTNAME="Kim"
LASTNAME="Vinciguerra"
DISPLAYNAME="Kim Vinciguerra"
DESCRIPTION="--Check UMT to ensure credentials have already been sent before resetting password--"
COUNTRY="UNITED STATES"
PHONE="13172762809"
ALTPHONE="1"
FAX="1"
EMAIL="vinciguerra-brock_kimberly_sue@lilly.com"
ACTIVESTATE="true"
DELETESTATE="false"
UPDATE="true"
PASSWORD="k92CcP93N1seM68271"
BEEPER="1"
USERDATEFORMAT="DAY_MONTH_YEAR"
HOMESCREENURL="./Portal/default.htm"
USERMUSTRESETPASSWORD="TRUE"
PRODUCTLOCALE="en-US"
STUDYLOCALE="en-US"/>


<USER  USERNAME="c090108"
USERTYPE="SPONSOR"
FIRSTNAME="Kraig"
LASTNAME="Hodson"
DISPLAYNAME="Kraig Hodson"
DESCRIPTION="--Check UMT to ensure credentials have already been sent before resetting password--"
COUNTRY="UNITED STATES"
PHONE="13176514674"
ALTPHONE="1"
FAX="1"
EMAIL="hodson_kraig_e@lilly.com"
ACTIVESTATE="true"
DELETESTATE="false"
UPDATE="true"
PASSWORD="cG4R9muS6yS355173"
BEEPER="1"
USERDATEFORMAT="DAY_MONTH_YEAR"
HOMESCREENURL="./Portal/default.htm"
USERMUSTRESETPASSWORD="TRUE"
PRODUCTLOCALE="en-US"
STUDYLOCALE="en-US"/>


<USER  USERNAME="a015765"
USERTYPE="SPONSOR"
FIRSTNAME="Lori"
LASTNAME="Dressman"
DISPLAYNAME="Lori Dressman"
DESCRIPTION="--Check UMT to ensure credentials have already been sent before resetting password--"
COUNTRY="UNITED STATES"
PHONE="13174333060"
ALTPHONE="1"
FAX="1"
EMAIL="dressman_lori_eichelberger@lilly.com"
ACTIVESTATE="true"
DELETESTATE="false"
UPDATE="true"
PASSWORD="pE8uS6g73VkO977504"
BEEPER="1"
USERDATEFORMAT="DAY_MONTH_YEAR"
HOMESCREENURL="./Portal/default.htm"
USERMUSTRESETPASSWORD="TRUE"
PRODUCTLOCALE="en-US"
STUDYLOCALE="en-US"/>


<USER  USERNAME="c247616"
USERTYPE="SPONSOR"
FIRSTNAME="Melissa"
LASTNAME="DeRosa"
DISPLAYNAME="Melissa DeRosa"
DESCRIPTION="--Check UMT to ensure credentials have already been sent before resetting password--"
COUNTRY="UNITED STATES"
PHONE="13174333119"
ALTPHONE="1"
FAX="1"
EMAIL="derosa_melissa_marie@lilly.com"
ACTIVESTATE="true"
DELETESTATE="false"
UPDATE="true"
PASSWORD="R8ptY0mE9yV63518"
BEEPER="1"
USERDATEFORMAT="DAY_MONTH_YEAR"
HOMESCREENURL="./Portal/default.htm"
USERMUSTRESETPASSWORD="TRUE"
PRODUCTLOCALE="en-US"
STUDYLOCALE="en-US"/>


<USER  USERNAME="c085302"
USERTYPE="SPONSOR"
FIRSTNAME="Molly"
LASTNAME="Lickliter"
DISPLAYNAME="Molly Lickliter"
DESCRIPTION="--Check UMT to ensure credentials have already been sent before resetting password--"
COUNTRY="UNITED STATES"
PHONE="13172778871"
ALTPHONE="1"
FAX="1"
EMAIL="lickliter_molly_elizabeth@lilly.com"
ACTIVESTATE="true"
DELETESTATE="false"
UPDATE="true"
PASSWORD="dM87fZ0V0bxJ27639"
BEEPER="1"
USERDATEFORMAT="DAY_MONTH_YEAR"
HOMESCREENURL="./Portal/default.htm"
USERMUSTRESETPASSWORD="TRUE"
PRODUCTLOCALE="en-US"
STUDYLOCALE="en-US"/>


<USER  USERNAME="c100415"
USERTYPE="SPONSOR"
FIRSTNAME="Olimpia"
LASTNAME="Ferreira Araujo"
DISPLAYNAME="Olimpia Ferreira Araujo"
DESCRIPTION="--Check UMT to ensure credentials have already been sent before resetting password--"
COUNTRY="UNITED STATES"
PHONE="13176518059"
ALTPHONE="1"
FAX="1"
EMAIL="araujool@lilly.com"
ACTIVESTATE="true"
DELETESTATE="false"
UPDATE="true"
PASSWORD="h52ZxX90mK79r10B6675"
BEEPER="1"
USERDATEFORMAT="DAY_MONTH_YEAR"
HOMESCREENURL="./Portal/default.htm"
USERMUSTRESETPASSWORD="TRUE"
PRODUCTLOCALE="en-US"
STUDYLOCALE="en-US"/>


<USER  USERNAME="rm35504"
USERTYPE="SPONSOR"
FIRSTNAME="Rebecca"
LASTNAME="Morrow"
DISPLAYNAME="Rebecca Morrow"
DESCRIPTION="--Check UMT to ensure credentials have already been sent before resetting password--"
COUNTRY="UNITED STATES"
PHONE="13174333391"
ALTPHONE="1"
FAX="1"
EMAIL="morrow_rebecca_j@lilly.com"
ACTIVESTATE="true"
DELETESTATE="false"
UPDATE="true"
PASSWORD="bY92mE88x5Nw3Z282"
BEEPER="1"
USERDATEFORMAT="DAY_MONTH_YEAR"
HOMESCREENURL="./Portal/default.htm"
USERMUSTRESETPASSWORD="TRUE"
PRODUCTLOCALE="en-US"
STUDYLOCALE="en-US"/>


<USER  USERNAME="c075541"
USERTYPE="SPONSOR"
FIRSTNAME="Sara"
LASTNAME="Vandermark"
DISPLAYNAME="Sara Vandermark"
DESCRIPTION="--Check UMT to ensure credentials have already been sent before resetting password--"
COUNTRY="UNITED STATES"
PHONE="13176553465"
ALTPHONE="1"
FAX="1"
EMAIL="vandermark_sara@lilly.net"
ACTIVESTATE="true"
DELETESTATE="false"
UPDATE="true"
PASSWORD="K4uH4kY3mt6V3145"
BEEPER="1"
USERDATEFORMAT="DAY_MONTH_YEAR"
HOMESCREENURL="./Portal/default.htm"
USERMUSTRESETPASSWORD="TRUE"
PRODUCTLOCALE="en-US"
STUDYLOCALE="en-US"/>


<USER  USERNAME="v6x8058"
USERTYPE="SPONSOR"
FIRSTNAME="Heidi"
LASTNAME="Gertiser"
DISPLAYNAME="Heidi Gertiser"
DESCRIPTION="--Check UMT to ensure credentials have already been sent before resetting password--"
COUNTRY="UNITED STATES"
PHONE="13174339126"
ALTPHONE="1"
FAX="1"
EMAIL="gertiser_heidi@lilly.com"
ACTIVESTATE="true"
DELETESTATE="false"
UPDATE="true"
PASSWORD="dB18aD1q44CvK92224"
BEEPER="1"
USERDATEFORMAT="DAY_MONTH_YEAR"
HOMESCREENURL="./Portal/default.htm"
USERMUSTRESETPASSWORD="TRUE"
PRODUCTLOCALE="en-US"
STUDYLOCALE="en-US"/>


<USER  USERNAME="c068502"
USERTYPE="SPONSOR"
FIRSTNAME="Jennifer"
LASTNAME="Huston"
DISPLAYNAME="Jennifer Huston"
DESCRIPTION="--Check UMT to ensure credentials have already been sent before resetting password--"
COUNTRY="UNITED STATES"
PHONE="13176511465"
ALTPHONE="1"
FAX="1"
EMAIL="jhuston@lilly.com"
ACTIVESTATE="true"
DELETESTATE="false"
UPDATE="true"
PASSWORD="e3ZkG5jX58dJ09333"
BEEPER="1"
USERDATEFORMAT="DAY_MONTH_YEAR"
HOMESCREENURL="./Portal/default.htm"
USERMUSTRESETPASSWORD="TRUE"
PRODUCTLOCALE="en-US"
STUDYLOCALE="en-US"/>


<USER  USERNAME="c148827"
USERTYPE="SPONSOR"
FIRSTNAME="Judith"
LASTNAME="Garrison"
DISPLAYNAME="Judith Garrison"
DESCRIPTION="--Check UMT to ensure credentials have already been sent before resetting password--"
COUNTRY="UNITED STATES"
PHONE="13174338313"
ALTPHONE="1"
FAX="1"
EMAIL="garrison_judith_e@lilly.com"
ACTIVESTATE="true"
DELETESTATE="false"
UPDATE="true"
PASSWORD="q8YnM95s7JrC71730"
BEEPER="1"
USERDATEFORMAT="DAY_MONTH_YEAR"
HOMESCREENURL="./Portal/default.htm"
USERMUSTRESETPASSWORD="TRUE"
PRODUCTLOCALE="en-US"
STUDYLOCALE="en-US"/>


<USER  USERNAME="c149177"
USERTYPE="SPONSOR"
FIRSTNAME="Rakale"
LASTNAME="Modisette"
DISPLAYNAME="Rakale Modisette"
DESCRIPTION="--Check UMT to ensure credentials have already been sent before resetting password--"
COUNTRY="UNITED STATES"
PHONE="13172777425"
ALTPHONE="1"
FAX="1"
EMAIL="modisette_rakale_n@lilly.com"
ACTIVESTATE="true"
DELETESTATE="false"
UPDATE="true"
PASSWORD="oI2e2XkV45lU562121"
BEEPER="1"
USERDATEFORMAT="DAY_MONTH_YEAR"
HOMESCREENURL="./Portal/default.htm"
USERMUSTRESETPASSWORD="TRUE"
PRODUCTLOCALE="en-US"
STUDYLOCALE="en-US"/>


<USER  USERNAME="c244714"
USERTYPE="SPONSOR"
FIRSTNAME="Reena"
LASTNAME="Ambaliya"
DISPLAYNAME="Reena Ambaliya"
DESCRIPTION="--Check UMT to ensure credentials have already been sent before resetting password--"
COUNTRY="UNITED STATES"
PHONE="13172767164"
ALTPHONE="1"
FAX="1"
EMAIL="ambaliya_reena@network.lilly.com"
ACTIVESTATE="true"
DELETESTATE="false"
UPDATE="true"
PASSWORD="L8fK4ga90DaY55627"
BEEPER="1"
USERDATEFORMAT="DAY_MONTH_YEAR"
HOMESCREENURL="./Portal/default.htm"
USERMUSTRESETPASSWORD="TRUE"
PRODUCTLOCALE="en-US"
STUDYLOCALE="en-US"/>


<USER  USERNAME="c265139"
USERTYPE="SPONSOR"
FIRSTNAME="Frances"
LASTNAME="Cosgrove"
DISPLAYNAME="Frances Cosgrove"
DESCRIPTION="--Check UMT to ensure credentials have already been sent before resetting password--"
COUNTRY="UNITED STATES"
PHONE="13174399908"
ALTPHONE="1"
FAX="1"
EMAIL="cosgrove_frances@lilly.com"
ACTIVESTATE="true"
DELETESTATE="false"
UPDATE="true"
PASSWORD="wP43lH2k76FjO481670"
BEEPER="1"
USERDATEFORMAT="DAY_MONTH_YEAR"
HOMESCREENURL="./Portal/default.htm"
USERMUSTRESETPASSWORD="TRUE"
PRODUCTLOCALE="en-US"
STUDYLOCALE="en-US"/>


<USER  USERNAME="c131994"
USERTYPE="SPONSOR"
FIRSTNAME="Jane"
LASTNAME="Njoroge"
DISPLAYNAME="Jane Njoroge"
DESCRIPTION="--Check UMT to ensure credentials have already been sent before resetting password--"
COUNTRY="UNITED STATES"
PHONE="13172768638"
ALTPHONE="1"
FAX="1"
EMAIL="njoroge_jane_n@lilly.com"
ACTIVESTATE="true"
DELETESTATE="false"
UPDATE="true"
PASSWORD="tO26d2WkQ8nZ193680"
BEEPER="1"
USERDATEFORMAT="DAY_MONTH_YEAR"
HOMESCREENURL="./Portal/default.htm"
USERMUSTRESETPASSWORD="TRUE"
PRODUCTLOCALE="en-US"
STUDYLOCALE="en-US"/>


<USER  USERNAME="c058698"
USERTYPE="SPONSOR"
FIRSTNAME="Michele"
LASTNAME="Brady"
DISPLAYNAME="Michele Brady"
DESCRIPTION="--Check UMT to ensure credentials have already been sent before resetting password--"
COUNTRY="UNITED STATES"
PHONE="13176512411"
ALTPHONE="1"
FAX="1"
EMAIL="brady_michelle_l@lilly.com"
ACTIVESTATE="true"
DELETESTATE="false"
UPDATE="true"
PASSWORD="F3zs3Ln5Sk18I9170"
BEEPER="1"
USERDATEFORMAT="DAY_MONTH_YEAR"
HOMESCREENURL="./Portal/default.htm"
USERMUSTRESETPASSWORD="TRUE"
PRODUCTLOCALE="en-US"
STUDYLOCALE="en-US"/>


<USER  USERNAME="dax99530"
USERTYPE="SPONSOR"
FIRSTNAME="Paula"
LASTNAME="Didrick"
DISPLAYNAME="Paula Didrick"
DESCRIPTION="--Check UMT to ensure credentials have already been sent before resetting password--"
COUNTRY="UNITED STATES"
PHONE="13176519290"
ALTPHONE="1"
FAX="1"
EMAIL="didrick_paula_marie@network.lilly.com"
ACTIVESTATE="true"
DELETESTATE="false"
UPDATE="true"
PASSWORD="fX29k9YvU68xQ648515"
BEEPER="1"
USERDATEFORMAT="DAY_MONTH_YEAR"
HOMESCREENURL="./Portal/default.htm"
USERMUSTRESETPASSWORD="TRUE"
PRODUCTLOCALE="en-US"
STUDYLOCALE="en-US"/>


<USER  USERNAME="c068505"
USERTYPE="SPONSOR"
FIRSTNAME="Sherri"
LASTNAME="Kinnee"
DISPLAYNAME="Sherri Kinnee"
DESCRIPTION="--Check UMT to ensure credentials have already been sent before resetting password--"
COUNTRY="UNITED STATES"
PHONE="13176517706"
ALTPHONE="1"
FAX="1"
EMAIL="kinnee_sherri_d@lilly.com"
ACTIVESTATE="true"
DELETESTATE="false"
UPDATE="true"
PASSWORD="sR5dK1l5VmS245168"
BEEPER="1"
USERDATEFORMAT="DAY_MONTH_YEAR"
HOMESCREENURL="./Portal/default.htm"
USERMUSTRESETPASSWORD="TRUE"
PRODUCTLOCALE="en-US"
STUDYLOCALE="en-US"/>


<USER  USERNAME="u7x4333"
USERTYPE="SPONSOR"
FIRSTNAME="Stephanie"
LASTNAME="Bowman"
DISPLAYNAME="Stephanie Bowman"
DESCRIPTION="--Check UMT to ensure credentials have already been sent before resetting password--"
COUNTRY="UNITED STATES"
PHONE="13176519264"
ALTPHONE="1"
FAX="1"
EMAIL="bowman_stephanie@lilly.com"
ACTIVESTATE="true"
DELETESTATE="false"
UPDATE="true"
PASSWORD="tE95fL55cI21qG91279"
BEEPER="1"
USERDATEFORMAT="DAY_MONTH_YEAR"
HOMESCREENURL="./Portal/default.htm"
USERMUSTRESETPASSWORD="TRUE"
PRODUCTLOCALE="en-US"
STUDYLOCALE="en-US"/>


<USER  USERNAME="c249885"
USERTYPE="SPONSOR"
FIRSTNAME="Subhadra"
LASTNAME="Dronumraju"
DISPLAYNAME="Subhadra Dronumraju"
DESCRIPTION="--Check UMT to ensure credentials have already been sent before resetting password--"
COUNTRY="UNITED STATES"
PHONE="13174331883"
ALTPHONE="1"
FAX="1"
EMAIL="dronumraju_subhadra@network.lilly.com"
ACTIVESTATE="true"
DELETESTATE="false"
UPDATE="true"
PASSWORD="rK0nU16uA6O4j1378"
BEEPER="1"
USERDATEFORMAT="DAY_MONTH_YEAR"
HOMESCREENURL="./Portal/default.htm"
USERMUSTRESETPASSWORD="TRUE"
PRODUCTLOCALE="en-US"
STUDYLOCALE="en-US"/>


<USER  USERNAME="c039853"
USERTYPE="SPONSOR"
FIRSTNAME="Teresa"
LASTNAME="Hogan"
DISPLAYNAME="Teresa Hogan"
DESCRIPTION="--Check UMT to ensure credentials have already been sent before resetting password--"
COUNTRY="UNITED STATES"
PHONE="13176552174"
ALTPHONE="1"
FAX="1"
EMAIL="hogan_teresa_l@lilly.com"
ACTIVESTATE="true"
DELETESTATE="false"
UPDATE="true"
PASSWORD="pW2fY37rA19yR54686"
BEEPER="1"
USERDATEFORMAT="DAY_MONTH_YEAR"
HOMESCREENURL="./Portal/default.htm"
USERMUSTRESETPASSWORD="TRUE"
PRODUCTLOCALE="en-US"
STUDYLOCALE="en-US"/>


<USER  USERNAME="c069132"
USERTYPE="SPONSOR"
FIRSTNAME="Trudy"
LASTNAME="Buckley"
DISPLAYNAME="Trudy Buckley"
DESCRIPTION="--Check UMT to ensure credentials have already been sent before resetting password--"
COUNTRY="UNITED STATES"
PHONE="13176551662"
ALTPHONE="1"
FAX="1"
EMAIL="buckley_trudy_jo@lilly.com"
ACTIVESTATE="true"
DELETESTATE="false"
UPDATE="true"
PASSWORD="wR7o87QY8crK6611"
BEEPER="1"
USERDATEFORMAT="DAY_MONTH_YEAR"
HOMESCREENURL="./Portal/default.htm"
USERMUSTRESETPASSWORD="TRUE"
PRODUCTLOCALE="en-US"
STUDYLOCALE="en-US"/>


<USER  USERNAME="rm87794"
USERTYPE="SPONSOR"
FIRSTNAME="Vish"
LASTNAME="Watkins"
DISPLAYNAME="Vish Watkins"
DESCRIPTION="--Check UMT to ensure credentials have already been sent before resetting password--"
COUNTRY="UNITED STATES"
PHONE="13172778350"
ALTPHONE="1"
FAX="1"
EMAIL="watkins_vish_s@lilly.com"
ACTIVESTATE="true"
DELETESTATE="false"
UPDATE="true"
PASSWORD="qY51sW86lX1H6f2634"
BEEPER="1"
USERDATEFORMAT="DAY_MONTH_YEAR"
HOMESCREENURL="./Portal/default.htm"
USERMUSTRESETPASSWORD="TRUE"
PRODUCTLOCALE="en-US"
STUDYLOCALE="en-US"/>


<USER  USERNAME="c149066"
USERTYPE="SPONSOR"
FIRSTNAME="Yang"
LASTNAME="Liu"
DISPLAYNAME="Yang Liu"
DESCRIPTION="--Check UMT to ensure credentials have already been sent before resetting password--"
COUNTRY="UNITED STATES"
PHONE="13172777362"
ALTPHONE="1"
FAX="1"
EMAIL="liu_yang@lilly.com"
ACTIVESTATE="true"
DELETESTATE="false"
UPDATE="true"
PASSWORD="bA1mB44wV1E5i6448"
BEEPER="1"
USERDATEFORMAT="DAY_MONTH_YEAR"
HOMESCREENURL="./Portal/default.htm"
USERMUSTRESETPASSWORD="TRUE"
PRODUCTLOCALE="en-US"
STUDYLOCALE="en-US"/>


<USER  USERNAME="z1x9044"
USERTYPE="SPONSOR"
FIRSTNAME="Nishant"
LASTNAME="Chaudhari"
DISPLAYNAME="Nishant Chaudhari"
DESCRIPTION="--Check UMT to ensure credentials have already been sent before resetting password--"
COUNTRY="INDIA"
PHONE="91912039512485"
ALTPHONE="91"
FAX="91"
EMAIL="nishant.chaudhari@syneoshealth.com"
ACTIVESTATE="true"
DELETESTATE="false"
UPDATE="true"
PASSWORD="uR7tJ7dP1K0y3041"
BEEPER="91"
USERDATEFORMAT="DAY_MONTH_YEAR"
HOMESCREENURL="./Portal/default.htm"
USERMUSTRESETPASSWORD="TRUE"
PRODUCTLOCALE="en-US"
STUDYLOCALE="en-US"/>


<USER  USERNAME="c074429"
USERTYPE="SPONSOR"
FIRSTNAME="Ivanil"
LASTNAME="Viera"
DISPLAYNAME="Ivanil Viera"
DESCRIPTION="--Check UMT to ensure credentials have already been sent before resetting password--"
COUNTRY="BRAZIL"
PHONE="55551121446039"
ALTPHONE="55"
FAX="55"
EMAIL="vieira_ivanil@lilly.com"
ACTIVESTATE="true"
DELETESTATE="false"
UPDATE="true"
PASSWORD="xH0zC1A5qtM141387"
BEEPER="55"
USERDATEFORMAT="DAY_MONTH_YEAR"
HOMESCREENURL="./Portal/default.htm"
USERMUSTRESETPASSWORD="TRUE"
PRODUCTLOCALE="en-US"
STUDYLOCALE="en-US"/>


<USER  USERNAME="aschram"
USERTYPE="SITE"
FIRSTNAME="Amy"
LASTNAME="Schram"
DISPLAYNAME="Amy Schram"
DESCRIPTION="--Check UMT to ensure credentials have already been sent before resetting password--"
COUNTRY="UNITED STATES"
PHONE="16468885294"
ALTPHONE="1"
FAX="1"
EMAIL="schrama@mskcc.org"
ACTIVESTATE="true"
DELETESTATE="false"
UPDATE="true"
PASSWORD="nO5T6uM8nwU852707"
BEEPER="1"
USERDATEFORMAT="DAY_MONTH_YEAR"
HOMESCREENURL="./Portal/default.htm"
USERMUSTRESETPASSWORD="TRUE"
PRODUCTLOCALE="en-US"
STUDYLOCALE="en-US"/>


<USER  USERNAME="coder_query"
USERTYPE="SPONSOR"
FIRSTNAME="Coder"
LASTNAME="Query"
DISPLAYNAME="Coder Query"
DESCRIPTION="--Check UMT to ensure credentials have already been sent before resetting password--"
COUNTRY="UNITED STATES"
PHONE="11"
ALTPHONE="1"
FAX="1"
EMAIL="lawson_nikki@lilly.com"
ACTIVESTATE="true"
DELETESTATE="false"
UPDATE="true"
PASSWORD="eZ8wY6fN44n74G3835"
BEEPER="1"
USERDATEFORMAT="DAY_MONTH_YEAR"
HOMESCREENURL="./Portal/default.htm"
USERMUSTRESETPASSWORD="TRUE"
PRODUCTLOCALE="en-US"
STUDYLOCALE="en-US"/>


<USER  USERNAME="z2x4479"
USERTYPE="SPONSOR"
FIRSTNAME="Tonia"
LASTNAME="Poore"
DISPLAYNAME="Tonia Poore"
DESCRIPTION="--Check UMT to ensure credentials have already been sent before resetting password--"
COUNTRY="UNITED STATES"
PHONE="114783878641"
ALTPHONE="1"
FAX="1"
EMAIL="tonia.poore@syneoshealth.com"
ACTIVESTATE="true"
DELETESTATE="false"
UPDATE="true"
PASSWORD="M6zkE62gN5x6H3081"
BEEPER="1"
USERDATEFORMAT="DAY_MONTH_YEAR"
HOMESCREENURL="./Portal/default.htm"
USERMUSTRESETPASSWORD="TRUE"
PRODUCTLOCALE="en-US"
STUDYLOCALE="en-US"/>


<USER  USERNAME="z1x0496"
USERTYPE="SPONSOR"
FIRSTNAME="Jennifer"
LASTNAME="Brodhacker"
DISPLAYNAME="Jennifer Brodhacker"
DESCRIPTION="--Check UMT to ensure credentials have already been sent before resetting password--"
COUNTRY="UNITED STATES"
PHONE="13175935130"
ALTPHONE="1"
FAX="1"
EMAIL="jennifer.brodhacker@syneoshealth.com"
ACTIVESTATE="true"
DELETESTATE="false"
UPDATE="true"
PASSWORD="x30BuF7eC81oS896882"
BEEPER="1"
USERDATEFORMAT="DAY_MONTH_YEAR"
HOMESCREENURL="./Portal/default.htm"
USERMUSTRESETPASSWORD="TRUE"
PRODUCTLOCALE="en-US"
STUDYLOCALE="en-US"/>


<USER  USERNAME="pbedard"
USERTYPE="SITE"
FIRSTNAME="Philippe"
LASTNAME="Bedard"
DISPLAYNAME="Philippe Bedard"
DESCRIPTION="--Check UMT to ensure credentials have already been sent before resetting password--"
COUNTRY="CANADA"
PHONE="14169464534"
ALTPHONE="1"
FAX="1"
EMAIL="philippe.bedard@uhn.ca"
ACTIVESTATE="true"
DELETESTATE="false"
UPDATE="true"
PASSWORD="hA9hG3g3Zo8S2497"
BEEPER="1"
USERDATEFORMAT="DAY_MONTH_YEAR"
HOMESCREENURL="./Portal/default.htm"
USERMUSTRESETPASSWORD="TRUE"
PRODUCTLOCALE="en-US"
STUDYLOCALE="en-US"/>


<USER  USERNAME="cc_auth"
USERTYPE="SPONSOR"
FIRSTNAME="cc"
LASTNAME="auth"
DISPLAYNAME="cc auth"
DESCRIPTION="--Check UMT to ensure credentials have already been sent before resetting password--"
COUNTRY="UNITED STATES"
PHONE="11"
ALTPHONE="1"
FAX="1"
EMAIL="lawson_nikki@lilly.com"
ACTIVESTATE="true"
DELETESTATE="false"
UPDATE="true"
PASSWORD="t4RX0gl1FbK82242"
BEEPER="1"
USERDATEFORMAT="DAY_MONTH_YEAR"
HOMESCREENURL="./Portal/default.htm"
USERMUSTRESETPASSWORD="TRUE"
PRODUCTLOCALE="en-US"
STUDYLOCALE="en-US"/>


<USER  USERNAME="j1fmcjzfa_RE"
USERTYPE="SPONSOR"
FIRSTNAME="Report"
LASTNAME="Extractor"
DISPLAYNAME="Report Extractor"
DESCRIPTION="--Check UMT to ensure credentials have already been sent before resetting password--"
COUNTRY="UNITED STATES"
PHONE="11"
ALTPHONE="1"
FAX="1"
EMAIL="satish.bantanahal@oracle.com"
ACTIVESTATE="true"
DELETESTATE="false"
UPDATE="true"
PASSWORD="gD4v9HaE0w9J2687"
BEEPER="1"
USERDATEFORMAT="DAY_MONTH_YEAR"
HOMESCREENURL="./Portal/default.htm"
USERMUSTRESETPASSWORD="TRUE"
PRODUCTLOCALE="en-US"
STUDYLOCALE="en-US"/>


<USER  USERNAME="odm_user"
USERTYPE="SPONSOR"
FIRSTNAME="odm"
LASTNAME="user"
DISPLAYNAME="odm user"
DESCRIPTION="--Check UMT to ensure credentials have already been sent before resetting password--"
COUNTRY="UNITED STATES"
PHONE="11"
ALTPHONE="1"
FAX="1"
EMAIL="burton_lashanda_p@lilly.com"
ACTIVESTATE="true"
DELETESTATE="false"
UPDATE="true"
PASSWORD="mB97i11CP7exA577970"
BEEPER="1"
USERDATEFORMAT="DAY_MONTH_YEAR"
HOMESCREENURL="./Portal/default.htm"
USERMUSTRESETPASSWORD="TRUE"
PRODUCTLOCALE="en-US"
STUDYLOCALE="en-US"/>


<USER  USERNAME="ZPFpvallar"
USERTYPE="SPONSOR"
FIRSTNAME="Paulnino"
LASTNAME="Vallar"
DISPLAYNAME="Paulnino Vallar"
DESCRIPTION="Support Tier I"
COUNTRY="PHILIPPINES"
PHONE="63"
ALTPHONE="63"
FAX="63"
EMAIL="paulnino.vallar@ORACLE.COM"
ACTIVESTATE="true"
DELETESTATE="false"
UPDATE="true"
PASSWORD="tH44vG6bM4d35R1811"
BEEPER="63"
USERDATEFORMAT="DAY_MONTH_YEAR"
HOMESCREENURL="./Portal/default.htm"
USERMUSTRESETPASSWORD="TRUE"
PRODUCTLOCALE="en-US"
STUDYLOCALE="en-US"/>


<USER  USERNAME="ZPFawarsama"
USERTYPE="SPONSOR"
FIRSTNAME="Ahmed"
LASTNAME="Warsama"
DISPLAYNAME="Ahmed Warsama"
DESCRIPTION="Support Tier II"
COUNTRY="UNITED KINGDOM"
PHONE="0"
ALTPHONE="44"
FAX="44"
EMAIL="ahmed.warsama@oracle.com"
ACTIVESTATE="true"
DELETESTATE="false"
UPDATE="true"
PASSWORD="w0EmM53fV0qZ01195"
BEEPER="44"
USERDATEFORMAT="DAY_MONTH_YEAR"
HOMESCREENURL="./Portal/default.htm"
USERMUSTRESETPASSWORD="TRUE"
PRODUCTLOCALE="en-US"
STUDYLOCALE="en-US"/>


<USER  USERNAME="ZPFmzsoldos"
USERTYPE="SPONSOR"
FIRSTNAME="Mate"
LASTNAME="Zsoldos"
DISPLAYNAME="Mate Zsoldos"
DESCRIPTION="Support Tier I"
COUNTRY="HUNGARY"
PHONE="36"
ALTPHONE="36"
FAX="36"
EMAIL="mate.zsoldos@oracle.com"
ACTIVESTATE="true"
DELETESTATE="false"
UPDATE="true"
PASSWORD="c88SE3ggK77fW76316"
BEEPER="36"
USERDATEFORMAT="DAY_MONTH_YEAR"
HOMESCREENURL="./Portal/default.htm"
USERMUSTRESETPASSWORD="TRUE"
PRODUCTLOCALE="en-US"
STUDYLOCALE="en-US"/>


<USER  USERNAME="ZPFkbarkoczi"
USERTYPE="SPONSOR"
FIRSTNAME="Katalin"
LASTNAME="Barkoczi"
DISPLAYNAME="Katalin Barkoczi"
DESCRIPTION="Service Delivery Manager"
COUNTRY="HUNGARY"
PHONE="36"
ALTPHONE="36"
FAX="36"
EMAIL="katalin.b.barkoczi@oracle.com"
ACTIVESTATE="true"
DELETESTATE="false"
UPDATE="true"
PASSWORD="gO28dG81jS4xN103834"
BEEPER="36"
USERDATEFORMAT="DAY_MONTH_YEAR"
HOMESCREENURL="./Portal/default.htm"
USERMUSTRESETPASSWORD="TRUE"
PRODUCTLOCALE="en-US"
STUDYLOCALE="en-US"/>


<USER  USERNAME="ZPFnabogado"
USERTYPE="SPONSOR"
FIRSTNAME="Naiza"
LASTNAME="Abogado"
DISPLAYNAME="Naiza Abogado"
DESCRIPTION="Data Entry"
COUNTRY="PHILIPPINES"
PHONE="63"
ALTPHONE="63"
FAX="63"
EMAIL="Naiza.Abogado@oracle.com"
ACTIVESTATE="true"
DELETESTATE="false"
UPDATE="true"
PASSWORD="vN48P7hgC31pU526786"
BEEPER="63"
USERDATEFORMAT="DAY_MONTH_YEAR"
HOMESCREENURL="./Portal/default.htm"
USERMUSTRESETPASSWORD="TRUE"
PRODUCTLOCALE="en-US"
STUDYLOCALE="en-US"/>


<USER  USERNAME="ZPFsaguilar"
USERTYPE="SPONSOR"
FIRSTNAME="Sergio"
LASTNAME="Aguilar"
DISPLAYNAME="Sergio Aguilar"
DESCRIPTION="Support Tier I"
TITLE="Mr."
COUNTRY="HUNGARY"
PHONE="36"
ALTPHONE="36"
FAX="36"
EMAIL="sergio.aguilar.aguilar@oracle.com"
ACTIVESTATE="true"
DELETESTATE="false"
UPDATE="true"
PASSWORD="tR45N6okL58n89D9192"
BEEPER="36"
USERDATEFORMAT="DAY_MONTH_YEAR"
HOMESCREENURL="./Portal/default.htm"
USERMUSTRESETPASSWORD="TRUE"
PRODUCTLOCALE="en-US"
STUDYLOCALE="en-US"/>


<USER  USERNAME="ZPFjalbento"
USERTYPE="SPONSOR"
FIRSTNAME="Juan"
LASTNAME="Albento"
DISPLAYNAME="Juan Albento"
DESCRIPTION="Data Entry"
COUNTRY="PHILIPPINES"
PHONE="63"
ALTPHONE="63"
FAX="63"
EMAIL="juan.albento@oracle.com"
ACTIVESTATE="true"
DELETESTATE="false"
UPDATE="true"
PASSWORD="m28OxG3a87OuN224723"
BEEPER="63"
USERDATEFORMAT="DAY_MONTH_YEAR"
HOMESCREENURL="./Portal/default.htm"
USERMUSTRESETPASSWORD="TRUE"
PRODUCTLOCALE="en-US"
STUDYLOCALE="en-US"/>


<USER  USERNAME="ZPFkalonzo"
USERTYPE="SPONSOR"
FIRSTNAME="Kyle"
LASTNAME="Alonzo"
DISPLAYNAME="Kyle Alonzo"
DESCRIPTION="Lilly Data Entry"
COUNTRY="PHILIPPINES"
PHONE="63"
ALTPHONE="63"
FAX="63"
EMAIL="kyle.alonzo@oracle.com"
ACTIVESTATE="true"
DELETESTATE="false"
UPDATE="true"
PASSWORD="D7cxJ69w4JyU794415"
BEEPER="63"
USERDATEFORMAT="DAY_MONTH_YEAR"
HOMESCREENURL="./Portal/default.htm"
USERMUSTRESETPASSWORD="TRUE"
PRODUCTLOCALE="en-US"
STUDYLOCALE="en-US"/>


<USER  USERNAME="ZPFcarbolado"
USERTYPE="SPONSOR"
FIRSTNAME="Christine"
LASTNAME="Arbolado"
DISPLAYNAME="Christine Arbolado"
DESCRIPTION="Support Tier I"
COUNTRY="PHILIPPINES"
PHONE="63"
ALTPHONE="63"
FAX="63"
EMAIL="christine.arbolado@oracle.com"
ACTIVESTATE="true"
DELETESTATE="false"
UPDATE="true"
PASSWORD="O0fpG6eU0wA169228"
BEEPER="63"
USERDATEFORMAT="DAY_MONTH_YEAR"
HOMESCREENURL="./Portal/default.htm"
USERMUSTRESETPASSWORD="TRUE"
PRODUCTLOCALE="en-US"
STUDYLOCALE="en-US"/>


<USER  USERNAME="ZPFlbalubar"
USERTYPE="SPONSOR"
FIRSTNAME="Lei-Anne"
LASTNAME="Balubar"
DISPLAYNAME="Lei-Anne Balubar"
DESCRIPTION="Lilly Data Entry"
COUNTRY="PHILIPPINES"
PHONE="63"
ALTPHONE="63"
FAX="63"
EMAIL="lei-anne.balubar@oracle.com"
ACTIVESTATE="true"
DELETESTATE="false"
UPDATE="true"
PASSWORD="oX13bO9u27Jj89Z8304"
BEEPER="63"
USERDATEFORMAT="DAY_MONTH_YEAR"
HOMESCREENURL="./Portal/default.htm"
USERMUSTRESETPASSWORD="TRUE"
PRODUCTLOCALE="en-US"
STUDYLOCALE="en-US"/>


<USER  USERNAME="ZPFtcabanes"
USERTYPE="SPONSOR"
FIRSTNAME="Teresa"
LASTNAME="Cabanes"
DISPLAYNAME="Teresa Cabanes"
DESCRIPTION="Support Tier I"
COUNTRY="PHILIPPINES"
PHONE="63"
ALTPHONE="63"
FAX="63"
EMAIL="teresa.cabanes@oracle.com"
ACTIVESTATE="true"
DELETESTATE="false"
UPDATE="true"
PASSWORD="l9PZ4mtW2vV73526"
BEEPER="63"
USERDATEFORMAT="MONTH_DAY_YEAR"
HOMESCREENURL="./Portal/default.htm"
USERMUSTRESETPASSWORD="TRUE"
PRODUCTLOCALE="en-US"
STUDYLOCALE="en-US"/>


<USER  USERNAME="ZPFccangayao"
USERTYPE="SPONSOR"
FIRSTNAME="Carlo"
LASTNAME="Cangayao"
DISPLAYNAME="Carlo Cangayao"
DESCRIPTION="Data Entry"
COUNTRY="PHILIPPINES"
PHONE="63"
ALTPHONE="63"
FAX="63"
EMAIL="carlo.cangayao@oracle.com"
ACTIVESTATE="true"
DELETESTATE="false"
UPDATE="true"
PASSWORD="f34YV4gt39Hi3Y5625"
BEEPER="63"
USERDATEFORMAT="DAY_MONTH_YEAR"
HOMESCREENURL="./Portal/default.htm"
USERMUSTRESETPASSWORD="TRUE"
PRODUCTLOCALE="en-US"
STUDYLOCALE="en-US"/>


<USER  USERNAME="ZPFtfabian"
USERTYPE="SPONSOR"
FIRSTNAME="Tamas"
LASTNAME="Fabian"
DISPLAYNAME="Tamas Fabian"
DESCRIPTION="Support Tier I"
COUNTRY="HUNGARY"
PHONE="36"
ALTPHONE="36"
FAX="36"
EMAIL="tamas.x.fabian@oracle.com"
ACTIVESTATE="true"
DELETESTATE="false"
UPDATE="true"
PASSWORD="mT59nI2fP47qI507143"
BEEPER="36"
USERDATEFORMAT="DAY_MONTH_YEAR"
HOMESCREENURL="./Portal/default.htm"
USERMUSTRESETPASSWORD="TRUE"
PRODUCTLOCALE="en-US"
STUDYLOCALE="en-US"/>


<USER  USERNAME="ZPFjistenes"
USERTYPE="SPONSOR"
FIRSTNAME="Jozsef"
LASTNAME="Istenes"
DISPLAYNAME="Jozsef Istenes"
DESCRIPTION="Support Tier I"
TITLE="Mr."
COUNTRY="HUNGARY"
PHONE="36"
ALTPHONE="36"
FAX="36"
EMAIL="jozsef.istenes@oracle.com"
ACTIVESTATE="true"
DELETESTATE="false"
UPDATE="true"
PASSWORD="oN85c3VqW21iY134156"
BEEPER="36"
USERDATEFORMAT="DAY_MONTH_YEAR"
HOMESCREENURL="./Portal/default.htm"
USERMUSTRESETPASSWORD="TRUE"
PRODUCTLOCALE="en-US"
STUDYLOCALE="en-US"/>


<USER  USERNAME="ZPFfjarobilla"
USERTYPE="SPONSOR"
FIRSTNAME="Francis"
LASTNAME="Jarobilla"
DISPLAYNAME="Francis Jarobilla"
COUNTRY="HUNGARY"
PHONE="36"
ALTPHONE="36"
FAX="36"
EMAIL="francis.jarobilla@oracle.com"
ACTIVESTATE="true"
DELETESTATE="false"
UPDATE="true"
PASSWORD="zR9W3mrG5t1R6562"
BEEPER="36"
USERDATEFORMAT="DAY_MONTH_YEAR"
HOMESCREENURL="./Portal/default.htm"
USERMUSTRESETPASSWORD="TRUE"
PRODUCTLOCALE="en-US"
STUDYLOCALE="en-US"/>


<USER  USERNAME="ZPFijohl"
USERTYPE="SPONSOR"
FIRSTNAME="Ikinder"
LASTNAME="Johl"
DISPLAYNAME="Ikinder Johl"
DESCRIPTION="Support Tier I"
COUNTRY="UNITED KINGDOM"
PHONE="44"
ALTPHONE="44"
FAX="44"
EMAIL="ikinder.johl.singh@oracle.com"
ACTIVESTATE="true"
DELETESTATE="false"
UPDATE="true"
PASSWORD="uA27k4SeK3nI386254"
BEEPER="44"
USERDATEFORMAT="DAY_MONTH_YEAR"
HOMESCREENURL="./Portal/default.htm"
USERMUSTRESETPASSWORD="TRUE"
PRODUCTLOCALE="en-US"
STUDYLOCALE="en-US"/>


<USER  USERNAME="ZPFskholti"
USERTYPE="SPONSOR"
FIRSTNAME="Szilvia"
LASTNAME="Kholti"
DISPLAYNAME="Szilvia Kholti"
DESCRIPTION="Support Tier I"
COUNTRY="HUNGARY"
PHONE="361111"
ALTPHONE="36"
FAX="36"
EMAIL="szilvia.kholti@oracle.com"
ACTIVESTATE="true"
DELETESTATE="false"
UPDATE="true"
PASSWORD="o62NO4aV4sF9n860"
BEEPER="36"
USERDATEFORMAT="DAY_MONTH_YEAR"
HOMESCREENURL="./Portal/default.htm"
USERMUSTRESETPASSWORD="TRUE"
PRODUCTLOCALE="en-US"
STUDYLOCALE="en-US"/>


<USER  USERNAME="ZPFklim"
USERTYPE="SPONSOR"
FIRSTNAME="Kok Koang"
LASTNAME="Lim"
DISPLAYNAME="Kok Koang Lim"
DESCRIPTION="Support Tier I"
COUNTRY="HUNGARY"
PHONE="36"
ALTPHONE="36"
FAX="36"
EMAIL="kok.koang.lim@oracle.com"
ACTIVESTATE="true"
DELETESTATE="false"
UPDATE="true"
PASSWORD="cG84q29HS3djI25366"
BEEPER="36"
USERDATEFORMAT="DAY_MONTH_YEAR"
HOMESCREENURL="./Portal/default.htm"
USERMUSTRESETPASSWORD="TRUE"
PRODUCTLOCALE="en-US"
STUDYLOCALE="en-US"/>


<USER  USERNAME="ZPFhmasuda"
USERTYPE="SPONSOR"
FIRSTNAME="Haruko"
LASTNAME="Masuda"
DISPLAYNAME="Haruko Masuda"
DESCRIPTION="Support Tier I Japan"
ADDRESS="Akasaka CenterBuilding, 1-3-13 Motoakasaka, Minato-ku"
ADDRESS2="107 0061"
COUNTRY="JAPAN"
PHONE="81"
EMAIL="haruko.m.masuda@oracle.com"
ACTIVESTATE="true"
DELETESTATE="false"
UPDATE="true"
PASSWORD="c6Fl40SH4hdQ835057"
USERDATEFORMAT="YEAR_MONTH_DAY"
HOMESCREENURL="./Portal/default.htm"
USERMUSTRESETPASSWORD="TRUE"
PRODUCTLOCALE="en-US"
STUDYLOCALE="en-US"/>


<USER  USERNAME="ZPFrmenor"
USERTYPE="SPONSOR"
FIRSTNAME="Ray-An"
LASTNAME="Menor"
DISPLAYNAME="Ray-An Menor"
DESCRIPTION="Data Entry"
COUNTRY="PHILIPPINES"
PHONE="63"
ALTPHONE="63"
FAX="63"
EMAIL="ray-an.menor@oracle.com"
ACTIVESTATE="true"
DELETESTATE="false"
UPDATE="true"
PASSWORD="yO78iE2dZ69o53M280"
BEEPER="63"
USERDATEFORMAT="DAY_MONTH_YEAR"
HOMESCREENURL="./Portal/default.htm"
USERMUSTRESETPASSWORD="TRUE"
PRODUCTLOCALE="en-US"
STUDYLOCALE="en-US"/>


<USER  USERNAME="ZPFsnizamoddin"
USERTYPE="SPONSOR"
FIRSTNAME="Syed"
LASTNAME="Nizamoddin"
DISPLAYNAME="Syed Nizamoddin"
DESCRIPTION="Data Entry"
COUNTRY="INDIA"
PHONE="919703110683"
ALTPHONE="91"
FAX="91"
EMAIL="syed.nizamoddin@oracle.com"
ACTIVESTATE="true"
DELETESTATE="false"
UPDATE="true"
PASSWORD="fU46p2Sg77Ml53J9290"
BEEPER="91"
USERDATEFORMAT="DAY_MONTH_YEAR"
HOMESCREENURL="./Portal/default.htm"
USERMUSTRESETPASSWORD="TRUE"
PRODUCTLOCALE="en-US"
STUDYLOCALE="en-US"/>


<USER  USERNAME="ZPFrnoveno"
USERTYPE="SPONSOR"
FIRSTNAME="Richard"
LASTNAME="Noveno"
DISPLAYNAME="Richard Noveno"
DESCRIPTION="Data Entry"
COUNTRY="PHILIPPINES"
PHONE="63"
ALTPHONE="63"
FAX="63"
EMAIL="richard.noveno@oracle.com"
ACTIVESTATE="true"
DELETESTATE="false"
UPDATE="true"
PASSWORD="a2Uu3DxY36e9Z8982"
BEEPER="63"
USERDATEFORMAT="DAY_MONTH_YEAR"
HOMESCREENURL="./Portal/default.htm"
USERMUSTRESETPASSWORD="TRUE"
PRODUCTLOCALE="en-US"
STUDYLOCALE="en-US"/>


<USER  USERNAME="ZPFcocampo"
USERTYPE="SPONSOR"
FIRSTNAME="Christine"
LASTNAME="Ocampo"
DISPLAYNAME="Christine Ocampo"
DESCRIPTION="Data Entry"
COUNTRY="PHILIPPINES"
PHONE="63"
ALTPHONE="63"
FAX="63"
EMAIL="christine.ocampo@oracle.com"
ACTIVESTATE="true"
DELETESTATE="false"
UPDATE="true"
PASSWORD="eM25zK6aC18bD668674"
BEEPER="63"
USERDATEFORMAT="DAY_MONTH_YEAR"
HOMESCREENURL="./Portal/default.htm"
USERMUSTRESETPASSWORD="TRUE"
PRODUCTLOCALE="en-US"
STUDYLOCALE="en-US"/>


<USER  USERNAME="ZPFmogawa"
USERTYPE="SPONSOR"
FIRSTNAME="Maki"
LASTNAME="Ogawa"
DISPLAYNAME="Maki Ogawa"
DESCRIPTION="Support Tier I Japan"
ADDRESS="Akasaka Center Building"
CITY="Tokyo"
COUNTRY="JAPAN"
PHONE="81345827694"
ALTPHONE="81"
FAX="81"
EMAIL="maki.o.ogawa@oracle.com"
ACTIVESTATE="true"
DELETESTATE="false"
UPDATE="true"
PASSWORD="j79OvM13vH89iL348366"
BEEPER="81"
USERDATEFORMAT="DAY_MONTH_YEAR"
HOMESCREENURL="./Portal/default.htm"
USERMUSTRESETPASSWORD="TRUE"
PRODUCTLOCALE="en-US"
STUDYLOCALE="en-US"/>


<USER  USERNAME="ZPFjpati"
USERTYPE="SPONSOR"
FIRSTNAME="Johanna Marie"
LASTNAME="Pati"
DISPLAYNAME="Johanna Marie Pati"
DESCRIPTION="Data Entry"
COUNTRY="PHILIPPINES"
PHONE="63"
ALTPHONE="63"
FAX="63"
EMAIL="Johanna.Pati@oracle.com"
ACTIVESTATE="true"
DELETESTATE="false"
UPDATE="true"
PASSWORD="rT19t3Ls84Sd34Y3588"
BEEPER="63"
USERDATEFORMAT="DAY_MONTH_YEAR"
HOMESCREENURL="./Portal/default.htm"
USERMUSTRESETPASSWORD="TRUE"
PRODUCTLOCALE="en-US"
STUDYLOCALE="en-US"/>


<USER  USERNAME="ZPFapervaiz"
USERTYPE="SPONSOR"
FIRSTNAME="Afnan"
LASTNAME="Pervaiz"
DISPLAYNAME="Afnan Pervaiz"
DESCRIPTION="Support Tier I"
COUNTRY="UNITED KINGDOM"
PHONE="4410441628640700"
ALTPHONE="44"
FAX="44"
EMAIL="afnan.pervaiz@oracle.com"
ACTIVESTATE="true"
DELETESTATE="false"
UPDATE="true"
PASSWORD="x90Cp20WaF1uL615995"
BEEPER="44"
USERDATEFORMAT="DAY_MONTH_YEAR"
HOMESCREENURL="./Portal/default.htm"
USERMUSTRESETPASSWORD="TRUE"
PRODUCTLOCALE="en-US"
STUDYLOCALE="en-US"/>


<USER  USERNAME="ZPFnqi"
USERTYPE="SPONSOR"
FIRSTNAME="Nic"
LASTNAME="Qi"
DISPLAYNAME="Nic Qi"
DESCRIPTION="Support Tier I"
COUNTRY="UNITED KINGDOM"
PHONE="44"
ALTPHONE="44"
FAX="44"
EMAIL="xiaoyu.qi@oracle.com"
ACTIVESTATE="true"
DELETESTATE="false"
UPDATE="true"
PASSWORD="L3ykI36vK9zT35687"
BEEPER="44"
USERDATEFORMAT="DAY_MONTH_YEAR"
HOMESCREENURL="./Portal/default.htm"
USERMUSTRESETPASSWORD="TRUE"
PRODUCTLOCALE="en-US"
STUDYLOCALE="en-US"/>


<USER  USERNAME="ZPFasalazar"
USERTYPE="SPONSOR"
FIRSTNAME="Allan"
LASTNAME="Salazar"
DISPLAYNAME="Allan Salazar"
DESCRIPTION="Lilly Data Entry"
COUNTRY="PHILIPPINES"
PHONE="63"
ALTPHONE="63"
FAX="63"
EMAIL="Allan.Salazar@oracle.com"
ACTIVESTATE="true"
DELETESTATE="false"
UPDATE="true"
PASSWORD="nX3A6ko70Kl34M5071"
BEEPER="63"
USERDATEFORMAT="DAY_MONTH_YEAR"
HOMESCREENURL="./Portal/default.htm"
USERMUSTRESETPASSWORD="TRUE"
PRODUCTLOCALE="en-US"
STUDYLOCALE="en-US"/>


<USER  USERNAME="ZPFasollano"
USERTYPE="SPONSOR"
FIRSTNAME="Arnel"
LASTNAME="Sollano"
DISPLAYNAME="Arnel Sollano"
DESCRIPTION="Support Tier I"
COUNTRY="PHILIPPINES"
PHONE="63"
ALTPHONE="63"
FAX="63"
EMAIL="arnel.sollano@oracle.com"
ACTIVESTATE="true"
DELETESTATE="false"
UPDATE="true"
PASSWORD="gO45c20DdD5vY55601"
BEEPER="63"
USERDATEFORMAT="DAY_MONTH_YEAR"
HOMESCREENURL="./Portal/default.htm"
USERMUSTRESETPASSWORD="TRUE"
PRODUCTLOCALE="en-US"
STUDYLOCALE="en-US"/>


<USER  USERNAME="ZPFasomogyi"
USERTYPE="SPONSOR"
FIRSTNAME="Alexandra"
LASTNAME="Somogyi"
DISPLAYNAME="Alexandra Somogyi"
DESCRIPTION="Support Tier I"
COUNTRY="HUNGARY"
PHONE="36"
ALTPHONE="36"
FAX="36"
EMAIL="alexandra.somogyi@oracle.com"
ACTIVESTATE="true"
DELETESTATE="false"
UPDATE="true"
PASSWORD="l9UbI62zH3x25D293"
BEEPER="36"
USERDATEFORMAT="DAY_MONTH_YEAR"
HOMESCREENURL="./Portal/default.htm"
USERMUSTRESETPASSWORD="TRUE"
PRODUCTLOCALE="en-US"
STUDYLOCALE="en-US"/>


<USER  USERNAME="ZPFtszabo"
USERTYPE="SPONSOR"
FIRSTNAME="Timea"
LASTNAME="Szabo"
DISPLAYNAME="Timea Szabo"
DESCRIPTION="Support Tier I"
TITLE="MISS."
COUNTRY="HUNGARY"
PHONE="36"
ALTPHONE="36"
FAX="36"
EMAIL="timea.szabo@oracle.com"
ACTIVESTATE="true"
DELETESTATE="false"
UPDATE="true"
PASSWORD="vN58U6ztQ82kW59576"
BEEPER="36"
USERDATEFORMAT="DAY_MONTH_YEAR"
HOMESCREENURL="./Portal/default.htm"
USERMUSTRESETPASSWORD="TRUE"
PRODUCTLOCALE="en-US"
STUDYLOCALE="en-US"/>


<USER  USERNAME="ZPFhtsuchida"
USERTYPE="SPONSOR"
FIRSTNAME="Hidehiro"
LASTNAME="Tsuchida"
DISPLAYNAME="Hidehiro Tsuchida"
DESCRIPTION="Support Tier I Japan"
COUNTRY="JAPAN"
PHONE="81"
ALTPHONE="81"
FAX="81"
EMAIL="hidehiro.tsuchida@oracle.com"
ACTIVESTATE="true"
DELETESTATE="false"
UPDATE="true"
PASSWORD="oY1z2DvI58d5A2119"
BEEPER="81"
USERDATEFORMAT="YEAR_MONTH_DAY"
HOMESCREENURL="./Portal/default.htm"
USERMUSTRESETPASSWORD="TRUE"
PRODUCTLOCALE="en-US"
STUDYLOCALE="en-US"/>


<USER  USERNAME="ZPFfvarga"
USERTYPE="SPONSOR"
FIRSTNAME="Ferenc"
LASTNAME="Varga"
DISPLAYNAME="Ferenc Varga"
DESCRIPTION="Support Tier I"
COUNTRY="UNITED KINGDOM"
PHONE="44"
ALTPHONE="44"
FAX="44"
EMAIL="ferenc.v.varga@oracle.com"
ACTIVESTATE="true"
DELETESTATE="false"
UPDATE="true"
PASSWORD="yP78rJ13xQ2k7I1503"
BEEPER="44"
USERDATEFORMAT="DAY_MONTH_YEAR"
HOMESCREENURL="./Portal/default.htm"
USERMUSTRESETPASSWORD="TRUE"
PRODUCTLOCALE="en-US"
STUDYLOCALE="en-US"/>


<USER  USERNAME="ZPFmyuta"
USERTYPE="SPONSOR"
FIRSTNAME="Mayumi"
LASTNAME="Yuta"
DISPLAYNAME="Mayumi Yuta"
DESCRIPTION="Support Tier I Japan"
COUNTRY="JAPAN"
PHONE="81"
ALTPHONE="81"
FAX="81"
EMAIL="mayumi.yuta@oracle.com"
ACTIVESTATE="true"
DELETESTATE="false"
UPDATE="true"
PASSWORD="cO39oD48qG95bO06625"
BEEPER="81"
USERDATEFORMAT="YEAR_MONTH_DAY"
HOMESCREENURL="./Portal/default.htm"
USERMUSTRESETPASSWORD="TRUE"
PRODUCTLOCALE="en-US"
STUDYLOCALE="en-US"/>


<USER  USERNAME="ZPFralorico"
USERTYPE="SPONSOR"
FIRSTNAME="Raul Carlos"
LASTNAME="Alorico"
DISPLAYNAME="Raul Carlos Alorico"
DESCRIPTION="Support Tier I"
COUNTRY="PHILIPPINES"
PHONE="63"
ALTPHONE="63"
FAX="63"
EMAIL="RAUL.CARLOS.ALORICO@ORACLE.COM"
ACTIVESTATE="true"
DELETESTATE="false"
UPDATE="true"
PASSWORD="B0rsM2h20EsC474107"
BEEPER="63"
USERDATEFORMAT="DAY_MONTH_YEAR"
HOMESCREENURL="./Portal/default.htm"
USERMUSTRESETPASSWORD="TRUE"
PRODUCTLOCALE="en-US"
STUDYLOCALE="en-US"/>


<USER  USERNAME="ZPFvbalint"
USERTYPE="SPONSOR"
FIRSTNAME="Viktor"
LASTNAME="Balint"
DISPLAYNAME="Viktor Balint"
DESCRIPTION="Support Tier I"
POSTCODE="INC000004545158"
COUNTRY="HUNGARY"
PHONE="36"
ALTPHONE="36"
FAX="36"
EMAIL="viktor.balint@oracle.com"
ACTIVESTATE="true"
DELETESTATE="false"
UPDATE="true"
PASSWORD="d8BfQ5c89BsU45897"
BEEPER="36"
USERDATEFORMAT="DAY_MONTH_YEAR"
HOMESCREENURL="./Portal/default.htm"
USERMUSTRESETPASSWORD="TRUE"
PRODUCTLOCALE="en-US"
STUDYLOCALE="en-US"/>


<USER  USERNAME="ZPFmcabuhayan"
USERTYPE="SPONSOR"
FIRSTNAME="Mary"
LASTNAME="Cabuhayan"
DISPLAYNAME="Mary Cabuhayan"
DESCRIPTION="Support Tier I"
COUNTRY="PHILIPPINES"
PHONE="63"
ALTPHONE="63"
FAX="63"
EMAIL="mary.cabuhayan@oracle.com"
ACTIVESTATE="true"
DELETESTATE="false"
UPDATE="true"
PASSWORD="a2OfH69cG53c90H5933"
BEEPER="63"
USERDATEFORMAT="DAY_MONTH_YEAR"
HOMESCREENURL="./Portal/default.htm"
USERMUSTRESETPASSWORD="TRUE"
PRODUCTLOCALE="en-US"
STUDYLOCALE="en-US"/>


<USER  USERNAME="ZPFkcco"
USERTYPE="SPONSOR"
FIRSTNAME="Kerwin Carson"
LASTNAME="Co"
DISPLAYNAME="Kerwin Carson Co"
DESCRIPTION="Support Tier I"
COUNTRY="PHILIPPINES"
PHONE="63"
ALTPHONE="63"
FAX="63"
EMAIL="kerwin.carson.co@oracle.com"
ACTIVESTATE="true"
DELETESTATE="false"
UPDATE="true"
PASSWORD="fM0T4yoU6tI68031"
BEEPER="63"
USERDATEFORMAT="DAY_MONTH_YEAR"
HOMESCREENURL="./Portal/default.htm"
USERMUSTRESETPASSWORD="TRUE"
PRODUCTLOCALE="en-US"
STUDYLOCALE="en-US"/>


<USER  USERNAME="ZPFjcoronel"
USERTYPE="SPONSOR"
FIRSTNAME="Jose"
LASTNAME="Coronel"
DISPLAYNAME="Jose Coronel"
DESCRIPTION="Data Entry"
COUNTRY="HUNGARY"
PHONE="36"
ALTPHONE="36"
FAX="36"
EMAIL="jose.coronel@oracle.com"
ACTIVESTATE="true"
DELETESTATE="false"
UPDATE="true"
PASSWORD="aV3Q5ahY4nP297723"
BEEPER="36"
USERDATEFORMAT="DAY_MONTH_YEAR"
HOMESCREENURL="./Portal/default.htm"
USERMUSTRESETPASSWORD="TRUE"
PRODUCTLOCALE="en-US"
STUDYLOCALE="en-US"/>


<USER  USERNAME="ZPFedervishaj"
USERTYPE="SPONSOR"
FIRSTNAME="Erald"
LASTNAME="Dervishaj"
DISPLAYNAME="Erald Dervishaj"
DESCRIPTION="Support Tier I"
COUNTRY="HUNGARY"
PHONE="36"
ALTPHONE="36"
FAX="36"
EMAIL="erald.dervishaj@oracle.com"
ACTIVESTATE="true"
DELETESTATE="false"
UPDATE="true"
PASSWORD="eE7x6LwC27gX867415"
BEEPER="36"
USERDATEFORMAT="DAY_MONTH_YEAR"
HOMESCREENURL="./Portal/default.htm"
USERMUSTRESETPASSWORD="TRUE"
PRODUCTLOCALE="en-US"
STUDYLOCALE="en-US"/>


<USER  USERNAME="ZPFadonio"
USERTYPE="SPONSOR"
FIRSTNAME="Aungie"
LASTNAME="Donio"
DISPLAYNAME="Donio Aungie"
DESCRIPTION="Support Tier I"
COUNTRY="HUNGARY"
PHONE="36"
ALTPHONE="36"
FAX="36"
EMAIL="aungie.donio@oracle.com"
ACTIVESTATE="true"
DELETESTATE="false"
UPDATE="true"
PASSWORD="yU9v22JtN28yN92946"
BEEPER="36"
USERDATEFORMAT="DAY_MONTH_YEAR"
HOMESCREENURL="./Portal/default.htm"
USERMUSTRESETPASSWORD="TRUE"
PRODUCTLOCALE="en-US"
STUDYLOCALE="en-US"/>


<USER  USERNAME="ZPFrducusin"
USERTYPE="SPONSOR"
FIRSTNAME="Rodulf"
LASTNAME="Ducusin"
DISPLAYNAME="Rodulf Ducusin"
DESCRIPTION="Support Tier I"
COUNTRY="PHILIPPINES"
PHONE="63"
ALTPHONE="63"
FAX="63"
EMAIL="RODULF.DUCUSIN@ORACLE.COM"
ACTIVESTATE="true"
DELETESTATE="false"
UPDATE="true"
PASSWORD="bQ13u7HrQ3x4D9514"
BEEPER="63"
USERDATEFORMAT="DAY_MONTH_YEAR"
HOMESCREENURL="./Portal/default.htm"
USERMUSTRESETPASSWORD="TRUE"
PRODUCTLOCALE="en-US"
STUDYLOCALE="en-US"/>


<USER  USERNAME="ZPFoely"
USERTYPE="SPONSOR"
FIRSTNAME="Osweld"
LASTNAME="Ely"
DISPLAYNAME="Osweld Ely"
DESCRIPTION="Support Tier I"
COUNTRY="PHILIPPINES"
PHONE="63"
ALTPHONE="63"
FAX="63"
EMAIL="osweld.ely@oracle.com"
ACTIVESTATE="true"
DELETESTATE="false"
UPDATE="true"
PASSWORD="sH28wH3hB4fX245044"
BEEPER="63"
USERDATEFORMAT="DAY_MONTH_YEAR"
HOMESCREENURL="./Portal/default.htm"
USERMUSTRESETPASSWORD="TRUE"
PRODUCTLOCALE="en-US"
STUDYLOCALE="en-US"/>


<USER  USERNAME="ZPFcescultura"
USERTYPE="SPONSOR"
FIRSTNAME="Cristine"
LASTNAME="Escultura"
DISPLAYNAME="Cristine Escultura"
DESCRIPTION="Data Entry"
COUNTRY="HUNGARY"
PHONE="36"
ALTPHONE="36"
FAX="36"
EMAIL="cristine.escultura@oracle.com"
ACTIVESTATE="true"
DELETESTATE="false"
UPDATE="true"
PASSWORD="x7PrK7wF19m3U4736"
BEEPER="36"
USERDATEFORMAT="DAY_MONTH_YEAR"
HOMESCREENURL="./Portal/default.htm"
USERMUSTRESETPASSWORD="TRUE"
PRODUCTLOCALE="en-US"
STUDYLOCALE="en-US"/>


<USER  USERNAME="ZPFmgallindez"
USERTYPE="SPONSOR"
FIRSTNAME="Mar"
LASTNAME="Gallindez"
DISPLAYNAME="Mar Gallindez"
DESCRIPTION="Support Tier I"
COUNTRY="PHILIPPINES"
PHONE="63"
ALTPHONE="63"
FAX="63"
EMAIL="mar.gallindez@oracle.com"
ACTIVESTATE="true"
DELETESTATE="false"
UPDATE="true"
PASSWORD="r8YjL6rT3jQ186835"
BEEPER="63"
USERDATEFORMAT="DAY_MONTH_YEAR"
HOMESCREENURL="./Portal/default.htm"
USERMUSTRESETPASSWORD="TRUE"
PRODUCTLOCALE="en-US"
STUDYLOCALE="en-US"/>


<USER  USERNAME="ZPFbgonzalez"
USERTYPE="SPONSOR"
FIRSTNAME="Brenda"
LASTNAME="Gonzalez"
DISPLAYNAME="Brenda Gonzalez"
DESCRIPTION="Data Entry"
COUNTRY="PHILIPPINES"
PHONE="63"
ALTPHONE="63"
FAX="63"
EMAIL="Brenda.Gonzalez@oracle.com"
ACTIVESTATE="true"
DELETESTATE="false"
UPDATE="true"
PASSWORD="O5qe54AmX1dX756527"
BEEPER="63"
USERDATEFORMAT="DAY_MONTH_YEAR"
HOMESCREENURL="./Portal/default.htm"
USERMUSTRESETPASSWORD="TRUE"
PRODUCTLOCALE="en-US"
STUDYLOCALE="en-US"/>


<USER  USERNAME="ZPFehagymasi"
USERTYPE="SPONSOR"
FIRSTNAME="Eniko"
LASTNAME="Hagymasi"
DISPLAYNAME="Eniko Hagymasi"
COUNTRY="HUNGARY"
PHONE="36"
ALTPHONE="36"
FAX="36"
EMAIL="eniko.hagymasi@oracle.com"
ACTIVESTATE="true"
DELETESTATE="false"
UPDATE="true"
PASSWORD="lO3aM5e3Iu1J8933"
BEEPER="36"
USERDATEFORMAT="DAY_MONTH_YEAR"
HOMESCREENURL="./Portal/default.htm"
USERMUSTRESETPASSWORD="TRUE"
PRODUCTLOCALE="en-US"
STUDYLOCALE="en-US"/>


<USER  USERNAME="ZPFtishizuka"
USERTYPE="SPONSOR"
FIRSTNAME="Toshiomi"
LASTNAME="Ishizuka"
DISPLAYNAME="Toshiomi Ishizuka"
DESCRIPTION="Support Tier I"
COUNTRY="PHILIPPINES"
PHONE="63"
ALTPHONE="63"
FAX="63"
EMAIL="toshiomi.ishizuka@oracle.com"
ACTIVESTATE="true"
DELETESTATE="false"
UPDATE="true"
PASSWORD="qX7e59Wy5Dz4A8625"
BEEPER="63"
USERDATEFORMAT="DAY_MONTH_YEAR"
HOMESCREENURL="./Portal/default.htm"
USERMUSTRESETPASSWORD="TRUE"
PRODUCTLOCALE="en-US"
STUDYLOCALE="en-US"/>


<USER  USERNAME="ZPFbjuhasz"
USERTYPE="SPONSOR"
FIRSTNAME="Blanka"
LASTNAME="Juhasz"
DISPLAYNAME="Blanka Juhasz"
COUNTRY="HUNGARY"
PHONE="36"
ALTPHONE="36"
FAX="36"
EMAIL="blanka.juhasz@oracle.com"
ACTIVESTATE="true"
DELETESTATE="false"
UPDATE="true"
PASSWORD="pI61p5Dz6AgQ05946"
BEEPER="36"
USERDATEFORMAT="DAY_MONTH_YEAR"
HOMESCREENURL="./Portal/default.htm"
USERMUSTRESETPASSWORD="TRUE"
PRODUCTLOCALE="en-US"
STUDYLOCALE="en-US"/>


<USER  USERNAME="ZPFdkawashima"
USERTYPE="SPONSOR"
FIRSTNAME="Dai"
LASTNAME="Kawashima"
DISPLAYNAME="Dai Kawashima"
DESCRIPTION="Support Tier I"
COUNTRY="PHILIPPINES"
PHONE="63"
ALTPHONE="63"
FAX="63"
EMAIL="dai.kawashima@oracle.com"
ACTIVESTATE="true"
DELETESTATE="false"
UPDATE="true"
PASSWORD="zM58t4Oh0Iq72P8353"
BEEPER="63"
USERDATEFORMAT="DAY_MONTH_YEAR"
HOMESCREENURL="./Portal/default.htm"
USERMUSTRESETPASSWORD="TRUE"
PRODUCTLOCALE="en-US"
STUDYLOCALE="en-US"/>


<USER  USERNAME="ZPFekosa"
USERTYPE="SPONSOR"
FIRSTNAME="Eniko"
LASTNAME="Kosa"
DISPLAYNAME="Eniko Kosa"
DESCRIPTION="Lilly Support"
COUNTRY="HUNGARY"
PHONE="36"
ALTPHONE="36"
FAX="36"
EMAIL="eniko.kosa@oracle.com"
ACTIVESTATE="true"
DELETESTATE="false"
UPDATE="true"
PASSWORD="yH3tN9c7GbL57244"
BEEPER="36"
USERDATEFORMAT="MONTH_DAY_YEAR"
HOMESCREENURL="./Portal/default.htm"
USERMUSTRESETPASSWORD="TRUE"
PRODUCTLOCALE="en-US"
STUDYLOCALE="en-US"/>


<USER  USERNAME="ZPFmlalangan"
USERTYPE="SPONSOR"
FIRSTNAME="Menard"
LASTNAME="Lalangan"
DISPLAYNAME="Menard Lalangan"
DESCRIPTION="Support Tier 1"
COUNTRY="PHILIPPINES"
PHONE="63"
ALTPHONE="63"
FAX="63"
EMAIL="menard.lalangan@oracle.com"
ACTIVESTATE="true"
DELETESTATE="false"
UPDATE="true"
PASSWORD="hY5vE9i1Gq1O5674"
BEEPER="63"
USERDATEFORMAT="DAY_MONTH_YEAR"
HOMESCREENURL="./Portal/default.htm"
USERMUSTRESETPASSWORD="TRUE"
PRODUCTLOCALE="en-US"
STUDYLOCALE="en-US"/>


<USER  USERNAME="ZPFlmate"
USERTYPE="SPONSOR"
FIRSTNAME="Laszlo"
LASTNAME="Mate"
DISPLAYNAME="Laszlo Mate"
DESCRIPTION="Support Tier I"
COUNTRY="HUNGARY"
PHONE="36"
ALTPHONE="36"
FAX="36"
EMAIL="laszlo.mate@oracle.com"
ACTIVESTATE="true"
DELETESTATE="false"
UPDATE="true"
PASSWORD="hX63gN25W6rY0y4749"
BEEPER="36"
USERDATEFORMAT="DAY_MONTH_YEAR"
HOMESCREENURL="./Portal/default.htm"
USERMUSTRESETPASSWORD="TRUE"
PRODUCTLOCALE="en-US"
STUDYLOCALE="en-US"/>


<USER  USERNAME="ZPFnmiklosi"
USERTYPE="SPONSOR"
FIRSTNAME="Norbert"
LASTNAME="Miklosi"
DISPLAYNAME="Norbert Miklosi"
DESCRIPTION="Support Tier I"
COUNTRY="HUNGARY"
PHONE="36"
ALTPHONE="36"
FAX="36"
EMAIL="norbert.miklosi@oracle.com"
ACTIVESTATE="true"
DELETESTATE="false"
UPDATE="true"
PASSWORD="t9DeH6tD51E9g9871"
BEEPER="36"
USERDATEFORMAT="DAY_MONTH_YEAR"
HOMESCREENURL="./Portal/default.htm"
USERMUSTRESETPASSWORD="TRUE"
PRODUCTLOCALE="en-US"
STUDYLOCALE="en-US"/>


<USER  USERNAME="ZPFvmolnar"
USERTYPE="SPONSOR"
FIRSTNAME="Viktoria"
LASTNAME="Molnar"
DISPLAYNAME="Viktoria Molnar"
DESCRIPTION="Support Tier I"
COUNTRY="HUNGARY"
PHONE="36"
ALTPHONE="36"
FAX="36"
EMAIL="viktoria.molnar@oracle.com"
ACTIVESTATE="true"
DELETESTATE="false"
UPDATE="true"
PASSWORD="o3Na39AF3nbD789563"
BEEPER="36"
USERDATEFORMAT="DAY_MONTH_YEAR"
HOMESCREENURL="./Portal/default.htm"
USERMUSTRESETPASSWORD="TRUE"
PRODUCTLOCALE="en-US"
STUDYLOCALE="en-US"/>


<USER  USERNAME="ZPFpmore"
USERTYPE="SPONSOR"
FIRSTNAME="Petra"
LASTNAME="More"
DISPLAYNAME="Petra More"
DESCRIPTION="Support Tier I"
COUNTRY="HUNGARY"
PHONE="36"
ALTPHONE="36"
FAX="36"
EMAIL="petra.more@oracle.com"
ACTIVESTATE="true"
DELETESTATE="false"
UPDATE="true"
PASSWORD="jO91fN50T5dfL59254"
BEEPER="36"
USERDATEFORMAT="DAY_MONTH_YEAR"
HOMESCREENURL="./Portal/default.htm"
USERMUSTRESETPASSWORD="TRUE"
PRODUCTLOCALE="en-US"
STUDYLOCALE="en-US"/>


<USER  USERNAME="ZPFdnagy"
USERTYPE="SPONSOR"
FIRSTNAME="Daniel"
LASTNAME="Nagy"
DISPLAYNAME="Daniel Nagy"
DESCRIPTION="Support Tier I"
COUNTRY="HUNGARY"
PHONE="36"
ALTPHONE="36"
FAX="36"
EMAIL="daniel.nagy@oracle.com"
ACTIVESTATE="true"
DELETESTATE="false"
UPDATE="true"
PASSWORD="U2ed2KbW17nB54785"
BEEPER="36"
USERDATEFORMAT="DAY_MONTH_YEAR"
HOMESCREENURL="./Portal/default.htm"
USERMUSTRESETPASSWORD="TRUE"
PRODUCTLOCALE="en-US"
STUDYLOCALE="en-US"/>


<USER  USERNAME="ZPFanakai"
USERTYPE="SPONSOR"
FIRSTNAME="Akihiro"
LASTNAME="Nakai"
DISPLAYNAME="Akihiro Nakai"
DESCRIPTION="Support Tier I"
COUNTRY="PHILIPPINES"
PHONE="63"
ALTPHONE="63"
FAX="63"
EMAIL="akihiro.nakai@oracle.com"
ACTIVESTATE="true"
DELETESTATE="false"
UPDATE="true"
PASSWORD="vV9mK4fF70Z7p4169"
BEEPER="63"
USERDATEFORMAT="DAY_MONTH_YEAR"
HOMESCREENURL="./Portal/default.htm"
USERMUSTRESETPASSWORD="TRUE"
PRODUCTLOCALE="en-US"
STUDYLOCALE="en-US"/>


<USER  USERNAME="ZPFhnarwan"
USERTYPE="SPONSOR"
FIRSTNAME="Hardeep"
LASTNAME="Narwan"
DISPLAYNAME="Hardeep Narwan"
DESCRIPTION="Support Tier II"
COUNTRY="UNITED STATES"
PHONE="1010101010"
FAX="1010101010"
EMAIL="Hardeep.Narwan@oracle.com"
ACTIVESTATE="true"
DELETESTATE="false"
UPDATE="true"
PASSWORD="zE3rN76q35MW0r3861"
USERDATEFORMAT="DAY_MONTH_YEAR"
HOMESCREENURL="./Portal/default.htm"
USERMUSTRESETPASSWORD="TRUE"
PRODUCTLOCALE="en-US"
STUDYLOCALE="en-US"/>


<USER  USERNAME="ZPFrpadilla"
USERTYPE="SPONSOR"
FIRSTNAME="Rudolf"
LASTNAME="Padilla"
DISPLAYNAME="Rudolf Padilla"
DESCRIPTION="Data Entry"
COUNTRY="PHILIPPINES"
PHONE="63"
ALTPHONE="63"
FAX="63"
EMAIL="rudolf.padilla@oracle.com"
ACTIVESTATE="true"
DELETESTATE="false"
UPDATE="true"
PASSWORD="w5SL2al68XjB33897"
BEEPER="63"
USERDATEFORMAT="DAY_MONTH_YEAR"
HOMESCREENURL="./Portal/default.htm"
USERMUSTRESETPASSWORD="TRUE"
PRODUCTLOCALE="en-US"
STUDYLOCALE="en-US"/>


<USER  USERNAME="ZPFpsafar"
USERTYPE="SPONSOR"
FIRSTNAME="Peter"
LASTNAME="Safar"
DISPLAYNAME="Peter Safar"
DESCRIPTION="Support Tier I"
TITLE="Mr."
COUNTRY="HUNGARY"
PHONE="36"
ALTPHONE="36"
FAX="36"
EMAIL="peter.safar@oracle.com"
ACTIVESTATE="true"
DELETESTATE="false"
UPDATE="true"
PASSWORD="sO9C5ni54PsB95379"
BEEPER="36"
USERDATEFORMAT="DAY_MONTH_YEAR"
HOMESCREENURL="./Portal/default.htm"
USERMUSTRESETPASSWORD="TRUE"
PRODUCTLOCALE="en-US"
STUDYLOCALE="en-US"/>


<USER  USERNAME="ZPFiszabo"
USERTYPE="SPONSOR"
FIRSTNAME="Istvanne"
LASTNAME="Szabo"
DISPLAYNAME="Istvanne Szabo"
COUNTRY="HUNGARY"
PHONE="36"
ALTPHONE="36"
FAX="36"
EMAIL="istvanne.szabo@oracle.com"
ACTIVESTATE="true"
DELETESTATE="false"
UPDATE="true"
PASSWORD="j2SjF5iB83O5x5106"
BEEPER="36"
USERDATEFORMAT="DAY_MONTH_YEAR"
HOMESCREENURL="./Portal/default.htm"
USERMUSTRESETPASSWORD="TRUE"
PRODUCTLOCALE="en-US"
STUDYLOCALE="en-US"/>


<USER  USERNAME="ZPFdszerencses"
USERTYPE="SPONSOR"
FIRSTNAME="David"
LASTNAME="Szerencses"
DISPLAYNAME="David Szerencses"
DESCRIPTION="Support Tier I"
COUNTRY="HUNGARY"
PHONE="36"
ALTPHONE="36"
FAX="36"
EMAIL="david.szerencses@oracle.com"
ACTIVESTATE="true"
DELETESTATE="false"
UPDATE="true"
PASSWORD="e5Co30WuF7vT14798"
BEEPER="36"
USERDATEFORMAT="DAY_MONTH_YEAR"
HOMESCREENURL="./Portal/default.htm"
USERMUSTRESETPASSWORD="TRUE"
PRODUCTLOCALE="en-US"
STUDYLOCALE="en-US"/>


<USER  USERNAME="ZPFmtiamzon"
USERTYPE="SPONSOR"
FIRSTNAME="Merlinda"
LASTNAME="Tiamzon"
DISPLAYNAME="Merlinda Tiamzon"
DESCRIPTION="Data Entry"
COUNTRY="PHILIPPINES"
PHONE="63"
ALTPHONE="63"
FAX="63"
EMAIL="merlinda.tiamzon@oracle.com"
ACTIVESTATE="true"
DELETESTATE="false"
UPDATE="true"
PASSWORD="aV5sK39bJ5pB744490"
BEEPER="63"
USERDATEFORMAT="DAY_MONTH_YEAR"
HOMESCREENURL="./Portal/default.htm"
USERMUSTRESETPASSWORD="TRUE"
PRODUCTLOCALE="en-US"
STUDYLOCALE="en-US"/>


<USER  USERNAME="ZPFmtolgyesi"
USERTYPE="SPONSOR"
FIRSTNAME="Mate"
LASTNAME="Tolgyesi"
DISPLAYNAME="Mate Tolgyesi"
DESCRIPTION="Support Tier I"
COUNTRY="HUNGARY"
PHONE="36"
ALTPHONE="36"
FAX="36"
EMAIL="mate.tolgyesi@oracle.com"
ACTIVESTATE="true"
DELETESTATE="false"
UPDATE="true"
PASSWORD="F0xwJ76sT8iE46897"
BEEPER="36"
USERDATEFORMAT="DAY_MONTH_YEAR"
HOMESCREENURL="./Portal/default.htm"
USERMUSTRESETPASSWORD="TRUE"
PRODUCTLOCALE="en-US"
STUDYLOCALE="en-US"/>


<USER  USERNAME="ZPFaktoth"
USERTYPE="SPONSOR"
FIRSTNAME="Akos"
LASTNAME="Toth"
DISPLAYNAME="Akos Toth"
DESCRIPTION="Support Tier I"
COUNTRY="HUNGARY"
PHONE="36"
ALTPHONE="36"
FAX="36"
EMAIL="akos.toth@oracle.com"
ACTIVESTATE="true"
DELETESTATE="false"
UPDATE="true"
PASSWORD="C4iyM2kX57S5a6589"
BEEPER="36"
USERDATEFORMAT="DAY_MONTH_YEAR"
HOMESCREENURL="./Portal/default.htm"
USERMUSTRESETPASSWORD="TRUE"
PRODUCTLOCALE="en-US"
STUDYLOCALE="en-US"/>


</MEDMLDATA>