<?xml version="1.0"?>
<MEDMLDATA xmlns="PhaseForward-MedML-Inform4">


<REPORTINGGROUP
GROUPNAME="Ad Hoc Users"
GROUPDESCRIPTION="Users who have access to Ad Hoc Reporting">
<!-- Insert Users -->
<USERREF USERNAME="i4tmcjvcu_RE"/>
<USERREF USERNAME="rm86640"/>
<USERREF USERNAME="z1x1703"/>
</REPORTINGGROUP>

<QUERYGROUP
GROUPNAME="CDM_CRA Query"
GROUPDESCRIPTION="">
<!-- Insert Users -->
<USERREF USERNAME="autoquery"/>
<USERREF USERNAME="z1x1703"/>
<USERREF USERNAME="C191601"/>
<USERREF USERNAME="rm86640"/>
<USERREF USERNAME="z2x9608"/>
<USERREF USERNAME="z2x1970"/>
<USERREF USERNAME="c178203"/>
<USERREF USERNAME="z2x6039"/>
<USERREF USERNAME="z2x7034"/>
<USERREF USERNAME="z1x9188"/>
<USERREF USERNAME="Z1X0386"/>
<USERREF USERNAME="z1x2077"/>
<USERREF USERNAME="Z1X2072"/>
<USERREF USERNAME="z1x1846"/>
<USERREF USERNAME="z2x2460"/>
<USERREF USERNAME="z1x2603"/>
<USERREF USERNAME="z1x1807"/>
<USERREF USERNAME="z2x3300"/>
<USERREF USERNAME="z2x2093"/>
<USERREF USERNAME="z3x2051"/>
<USERREF USERNAME="z3x3124"/>
<USERREF USERNAME="z1x2082"/>
<USERREF USERNAME="Z3X1847"/>
</QUERYGROUP>

<QUERYGROUP
GROUPNAME="Coding Query Group"
GROUPDESCRIPTION="">
<!-- Insert Users -->
<USERREF USERNAME="coder_query"/>
</QUERYGROUP>

<REPORTINGGROUP
GROUPNAME="Directory Administrators"
GROUPDESCRIPTION="Users who can administer authorization rights. They administer groups, accounts, contacts, distribution lists, data sources, and printers">
<!-- Insert Users -->
<USERREF USERNAME="i4tmcjvcu_RE"/>
</REPORTINGGROUP>

<QUERYGROUP
GROUPNAME="GPS_Query"
GROUPDESCRIPTION="">
<!-- Insert Users -->
<USERREF USERNAME="u7x2510"/>
<USERREF USERNAME="yex7920"/>
<USERREF USERNAME="c135748"/>
<USERREF USERNAME="c114196"/>
<USERREF USERNAME="c131994"/>
<USERREF USERNAME="c058698"/>
<USERREF USERNAME="c015393"/>
<USERREF USERNAME="wj02044"/>
<USERREF USERNAME="ye91098"/>
<USERREF USERNAME="a803075"/>
<USERREF USERNAME="c022433"/>
<USERREF USERNAME="a511471"/>
<USERREF USERNAME="rm87794"/>
<USERREF USERNAME="c026390"/>
<USERREF USERNAME="a608261"/>
<USERREF USERNAME="rm90029"/>
<USERREF USERNAME="c071673"/>
<USERREF USERNAME="v6x8058"/>
<USERREF USERNAME="c039853"/>
<USERREF USERNAME="wj01346"/>
<USERREF USERNAME="c149066"/>
<USERREF USERNAME="rm36132"/>
<USERREF USERNAME="wj01740"/>
<USERREF USERNAME="rm87430"/>
<USERREF USERNAME="c089548"/>
<USERREF USERNAME="c075541"/>
<USERREF USERNAME="c026393"/>
<USERREF USERNAME="rm80655"/>
<USERREF USERNAME="yex8013"/>
<USERREF USERNAME="c149470"/>
<USERREF USERNAME="c090108"/>
</QUERYGROUP>

<SIGNATUREGROUP
GROUPNAME="PI Signatures"
GROUPDESCRIPTION="Signature group assigned to PI and PI Sign Only roles"
CRBMEANING="Approved"
CRBTEXT="By my dated signature below, I  %s  %s, verify that all case report form pages accurately display the results of the examinations, tests, evaluations and treatments performed on this patient.&lt;BR&gt;&lt;BR&gt;Pursuant to Section 11.100 of Title 21 of the Code of Federal Regulations, this is to certify that I intend that this electronic signature is to be the legally binding equivalent of my handwritten signature. &lt;BR&gt;&lt;BR&gt;To this I do attest by supplying my user name and password and clicking the button marked &lt;B&gt;Submit&lt;/B&gt; below"
 LANGUAGE="en-US">
<!-- Insert Users -->
<USERREF USERNAME="cgomez"/>
<USERREF USERNAME="thuyck"/>
<USERREF USERNAME="rgeva"/>
<USERREF USERNAME="ahubert"/>
<USERREF USERNAME="yko"/>
<USERREF USERNAME="hmackay"/>
<USERREF USERNAME="tbeck"/>
<USERREF USERNAME="uverma"/>
<USERREF USERNAME="mbajaj"/>
<USERREF USERNAME="sleong"/>
<USERREF USERNAME="zwainberg"/>
<USERREF USERNAME="ibarskaya"/>
<USERREF USERNAME="jlacy"/>
<USERREF USERNAME="hvelez"/>
<USERREF USERNAME="vshankaran"/>
<USERREF USERNAME="dilson"/>
<USERREF USERNAME="pacs"/>
<USERREF USERNAME="jbendell"/>
<USERREF USERNAME="ifirdaus"/>
<USERREF USERNAME="jreeves"/>
<USERREF USERNAME="hhool"/>
<USERREF USERNAME="wlawler"/>
<USERREF USERNAME="rpatel"/>
<USERREF USERNAME="jsanchez"/>
<USERREF USERNAME="talcindor"/>
<USERREF USERNAME="mshah"/>
<USERREF USERNAME="cfuchs"/>
<USERREF USERNAME="lyonemoto"/>
<USERREF USERNAME="lbaez"/>
<USERREF USERNAME="fcabanillas"/>
<USERREF USERNAME="wcaceres"/>
<USERREF USERNAME="cdenlinger"/>
<USERREF USERNAME="hnimeiri"/>
<USERREF USERNAME="mtehfe"/>
<USERREF USERNAME="hlin"/>
<USERREF USERNAME="rburkes"/>
<USERREF USERNAME="cbrezdenmasley"/>
<USERREF USERNAME="eshacham"/>
<USERREF USERNAME="bbrenner"/>
<USERREF USERNAME="abeny"/>
</SIGNATUREGROUP>

<REPORTINGGROUP
GROUPNAME="Publishers"
GROUPDESCRIPTION="Users who can create folders and other content within the Public Folder space">
<!-- Insert Users -->
<USERREF USERNAME="z1x1703"/>
<USERREF USERNAME="i4tmcjvcu_RE"/>
<USERREF USERNAME="rm86640"/>
</REPORTINGGROUP>

<REPORTINGGROUP
GROUPNAME="Report Administrators"
GROUPDESCRIPTION="Users who can administer authorized public content such as setting permissions on folders and reports">
<!-- Insert Users -->
<USERREF USERNAME="rm86640"/>
<USERREF USERNAME="z1x1703"/>
</REPORTINGGROUP>

<REPORTINGGROUP
GROUPNAME="Site Users"
GROUPDESCRIPTION="Site Users">
<!-- Insert Users -->
<USERREF USERNAME="cgomez"/>
<USERREF USERNAME="thuyck"/>
<USERREF USERNAME="yko"/>
<USERREF USERNAME="hmackay"/>
<USERREF USERNAME="smainville"/>
<USERREF USERNAME="pparalejas"/>
<USERREF USERNAME="jcopen"/>
<USERREF USERNAME="lfaure"/>
<USERREF USERNAME="tbeck"/>
<USERREF USERNAME="uverma"/>
<USERREF USERNAME="vyim"/>
<USERREF USERNAME="mvincitore"/>
<USERREF USERNAME="mbajaj"/>
<USERREF USERNAME="sleong"/>
<USERREF USERNAME="zwainberg"/>
<USERREF USERNAME="bmusher"/>
<USERREF USERNAME="ibarskaya"/>
<USERREF USERNAME="dcuadrado"/>
<USERREF USERNAME="iliboy"/>
<USERREF USERNAME="crivera"/>
<USERREF USERNAME="jlacy"/>
<USERREF USERNAME="hvelez"/>
<USERREF USERNAME="vshankaran"/>
<USERREF USERNAME="dilson"/>
<USERREF USERNAME="pacs"/>
<USERREF USERNAME="jbendell"/>
<USERREF USERNAME="ifirdaus"/>
<USERREF USERNAME="jreeves"/>
<USERREF USERNAME="hhool"/>
<USERREF USERNAME="wlawler"/>
<USERREF USERNAME="rpatel"/>
<USERREF USERNAME="jsanchez"/>
<USERREF USERNAME="talcindor"/>
<USERREF USERNAME="mstafford"/>
<USERREF USERNAME="dlatham"/>
<USERREF USERNAME="elopez"/>
<USERREF USERNAME="mshah"/>
<USERREF USERNAME="cfuchs"/>
<USERREF USERNAME="egeorgi"/>
<USERREF USERNAME="lpfeifer"/>
<USERREF USERNAME="cmargis"/>
<USERREF USERNAME="tcolvin"/>
<USERREF USERNAME="lyonemoto"/>
<USERREF USERNAME="mraj"/>
<USERREF USERNAME="lbaez"/>
<USERREF USERNAME="fcabanillas"/>
<USERREF USERNAME="wcaceres"/>
<USERREF USERNAME="cdenlinger"/>
<USERREF USERNAME="kdooley"/>
<USERREF USERNAME="atoro"/>
<USERREF USERNAME="otadesse"/>
<USERREF USERNAME="hnimeiri"/>
<USERREF USERNAME="cbiermeier"/>
<USERREF USERNAME="scalvert"/>
<USERREF USERNAME="ngiven"/>
<USERREF USERNAME="cokeefe"/>
<USERREF USERNAME="shutcherson"/>
<USERREF USERNAME="gmaddenmathes"/>
<USERREF USERNAME="sdara"/>
<USERREF USERNAME="dkatz"/>
<USERREF USERNAME="mjoncas"/>
<USERREF USERNAME="cmacdonald"/>
<USERREF USERNAME="mtehfe"/>
<USERREF USERNAME="hlin"/>
<USERREF USERNAME="rburkes"/>
<USERREF USERNAME="cbrezdenmasley"/>
<USERREF USERNAME="jhernandez"/>
<USERREF USERNAME="eshacham"/>
<USERREF USERNAME="bbrenner"/>
<USERREF USERNAME="abeny"/>
<USERREF USERNAME="ahubert"/>
<USERREF USERNAME="rgeva"/>
<USERREF USERNAME="mcaspi"/>
<USERREF USERNAME="ealonso"/>
<USERREF USERNAME="rshevetz"/>
<USERREF USERNAME="cmeir"/>
<USERREF USERNAME="mgurman"/>
<USERREF USERNAME="esasson"/>
<USERREF USERNAME="rshaporker"/>
</REPORTINGGROUP>

<REPORTINGGROUP
GROUPNAME="Sponsor Users"
GROUPDESCRIPTION="Sponsor Users">
<!-- Insert Users -->
<USERREF USERNAME="da96978"/>
<USERREF USERNAME="c036126"/>
<USERREF USERNAME="c132757"/>
<USERREF USERNAME="da69949"/>
<USERREF USERNAME="da96091"/>
<USERREF USERNAME="va04677"/>
<USERREF USERNAME="c017981"/>
<USERREF USERNAME="da62796"/>
<USERREF USERNAME="yex8013"/>
<USERREF USERNAME="c149470"/>
<USERREF USERNAME="yex7920"/>
<USERREF USERNAME="i4tmcjvcu_RE"/>
<USERREF USERNAME="z1x1703"/>
<USERREF USERNAME="rm86640"/>
<USERREF USERNAME="u7x2510"/>
<USERREF USERNAME="c090108"/>
<USERREF USERNAME="c135748"/>
<USERREF USERNAME="c114196"/>
<USERREF USERNAME="c131994"/>
<USERREF USERNAME="da89276"/>
<USERREF USERNAME="da63298"/>
<USERREF USERNAME="rm97846"/>
<USERREF USERNAME="rx99017"/>
<USERREF USERNAME="c058698"/>
<USERREF USERNAME="c015393"/>
<USERREF USERNAME="wj02044"/>
<USERREF USERNAME="ye91098"/>
<USERREF USERNAME="a803075"/>
<USERREF USERNAME="c022433"/>
<USERREF USERNAME="a511471"/>
<USERREF USERNAME="rm87794"/>
<USERREF USERNAME="c026390"/>
<USERREF USERNAME="z2x9608"/>
<USERREF USERNAME="z2x1970"/>
<USERREF USERNAME="c178203"/>
<USERREF USERNAME="z2x6039"/>
<USERREF USERNAME="z2x7034"/>
<USERREF USERNAME="z1x9188"/>
<USERREF USERNAME="Z1X0386"/>
<USERREF USERNAME="z1x2077"/>
<USERREF USERNAME="a615313"/>
<USERREF USERNAME="c004058"/>
<USERREF USERNAME="da91313"/>
<USERREF USERNAME="c015863"/>
<USERREF USERNAME="a803441"/>
<USERREF USERNAME="da35343"/>
<USERREF USERNAME="Z1X2072"/>
<USERREF USERNAME="z1x1846"/>
<USERREF USERNAME="z2x2460"/>
<USERREF USERNAME="z1x2603"/>
<USERREF USERNAME="coder_query"/>
<USERREF USERNAME="a608261"/>
<USERREF USERNAME="rm90029"/>
<USERREF USERNAME="c071673"/>
<USERREF USERNAME="v6x8058"/>
<USERREF USERNAME="c039853"/>
<USERREF USERNAME="wj01346"/>
<USERREF USERNAME="c149066"/>
<USERREF USERNAME="rm36132"/>
<USERREF USERNAME="wj01740"/>
<USERREF USERNAME="rm87430"/>
<USERREF USERNAME="c089548"/>
<USERREF USERNAME="c075541"/>
<USERREF USERNAME="c026393"/>
<USERREF USERNAME="rm80655"/>
<USERREF USERNAME="z1x1807"/>
<USERREF USERNAME="z2x3300"/>
<USERREF USERNAME="z2x2093"/>
<USERREF USERNAME="z3x2051"/>
<USERREF USERNAME="z3x3124"/>
<USERREF USERNAME="z1x2082"/>
<USERREF USERNAME="Z3X1847"/>
<USERREF USERNAME="C191601"/>
<USERREF USERNAME="a801261"/>
<USERREF USERNAME="b1x9381"/>
</REPORTINGGROUP>

<REPORTINGGROUP
GROUPNAME="User Admin Info Data Users"
GROUPDESCRIPTION="Users who have access to user data including password related data">
<!-- Insert Users -->
<USERREF USERNAME="i4tmcjvcu_RE"/>
<USERREF USERNAME="yex7920"/>
<USERREF USERNAME="z1x1703"/>
<USERREF USERNAME="rm86640"/>
<USERREF USERNAME="u7x2510"/>
<USERREF USERNAME="c090108"/>
<USERREF USERNAME="c135748"/>
<USERREF USERNAME="c114196"/>
<USERREF USERNAME="c131994"/>
<USERREF USERNAME="c058698"/>
<USERREF USERNAME="c015393"/>
<USERREF USERNAME="wj02044"/>
<USERREF USERNAME="ye91098"/>
<USERREF USERNAME="a803075"/>
<USERREF USERNAME="c022433"/>
<USERREF USERNAME="a511471"/>
<USERREF USERNAME="rm87794"/>
<USERREF USERNAME="c026390"/>
<USERREF USERNAME="z2x9608"/>
<USERREF USERNAME="z2x1970"/>
<USERREF USERNAME="c178203"/>
<USERREF USERNAME="z2x6039"/>
<USERREF USERNAME="z2x7034"/>
<USERREF USERNAME="z1x9188"/>
<USERREF USERNAME="Z1X0386"/>
<USERREF USERNAME="z1x2077"/>
<USERREF USERNAME="Z1X2072"/>
<USERREF USERNAME="z1x1846"/>
<USERREF USERNAME="z2x2460"/>
<USERREF USERNAME="z1x2603"/>
<USERREF USERNAME="a608261"/>
<USERREF USERNAME="rm90029"/>
<USERREF USERNAME="c071673"/>
<USERREF USERNAME="v6x8058"/>
<USERREF USERNAME="c039853"/>
<USERREF USERNAME="wj01346"/>
<USERREF USERNAME="c149066"/>
<USERREF USERNAME="rm36132"/>
<USERREF USERNAME="wj01740"/>
<USERREF USERNAME="rm87430"/>
<USERREF USERNAME="c089548"/>
<USERREF USERNAME="c075541"/>
<USERREF USERNAME="c026393"/>
<USERREF USERNAME="rm80655"/>
<USERREF USERNAME="z1x1807"/>
<USERREF USERNAME="z2x3300"/>
<USERREF USERNAME="z2x2093"/>
<USERREF USERNAME="z3x2051"/>
<USERREF USERNAME="z3x3124"/>
<USERREF USERNAME="z1x2082"/>
<USERREF USERNAME="Z3X1847"/>
<USERREF USERNAME="C191601"/>
<USERREF USERNAME="yex8013"/>
<USERREF USERNAME="c149470"/>
</REPORTINGGROUP>

<REPORTINGGROUP
GROUPNAME="User Info Data Users"
GROUPDESCRIPTION="Users who have access to user data except password related data">
<!-- Insert Users -->
<USERREF USERNAME="a801261"/>
</REPORTINGGROUP>

</MEDMLDATA>