<?xml version="1.0"?>
<MEDMLDATA xmlns="PhaseForward-MedML-Inform4">


<USER  USERNAME="cgomez"
USERTYPE="SITE"
FIRSTNAME="Christina"
LASTNAME="Gomez"
DISPLAYNAME="Christina Gomez"
COUNTRY="UNITED STATES"
PHONE="19547718000"
ALTPHONE="1"
FAX="1"
EMAIL="christina.gomez@holy-cross.com"
ACTIVESTATE="true"
DELETESTATE="false"
UPDATE="true"
PASSWORD="F1ogM4mP34r9C859"
BEEPER="1"
USERDATEFORMAT="DAY_MONTH_YEAR"
HOMESCREENURL="./Portal/default.htm"
USERMUSTRESETPASSWORD="TRUE"
PRODUCTLOCALE="en-US"
STUDYLOCALE="en-US"/>


<USER  USERNAME="thuyck"
USERTYPE="SITE"
FIRSTNAME="Timothy"
LASTNAME="Huyck"
DISPLAYNAME="Timothy Huyck"
COUNTRY="UNITED STATES"
PHONE="14023548250"
ALTPHONE="1"
FAX="1"
EMAIL="thuyck@nebraskacancer.com"
ACTIVESTATE="true"
DELETESTATE="false"
UPDATE="true"
PASSWORD="vI6g8HmW53F9f8945"
BEEPER="1"
USERDATEFORMAT="DAY_MONTH_YEAR"
HOMESCREENURL="./Portal/default.htm"
USERMUSTRESETPASSWORD="TRUE"
PRODUCTLOCALE="en-US"
STUDYLOCALE="en-US"/>


<USER  USERNAME="yko"
USERTYPE="SITE"
FIRSTNAME="Yoo Joung"
LASTNAME="Ko"
DISPLAYNAME="Yoo Joung Ko"
COUNTRY="UNITED STATES"
PHONE="14164804928"
ALTPHONE="1"
FAX="1"
EMAIL="yoo-joung.ko@sunnybrook.ca"
ACTIVESTATE="true"
DELETESTATE="false"
UPDATE="true"
PASSWORD="jQ7qD50C2gP0l8095"
BEEPER="1"
USERDATEFORMAT="DAY_MONTH_YEAR"
HOMESCREENURL="./Portal/default.htm"
USERMUSTRESETPASSWORD="TRUE"
PRODUCTLOCALE="en-US"
STUDYLOCALE="en-US"/>


<USER  USERNAME="hmackay"
USERTYPE="SITE"
FIRSTNAME="Helen"
LASTNAME="Mackay"
DISPLAYNAME="Helen Mackay"
COUNTRY="CANADA"
PHONE="14169464501"
ALTPHONE="1"
FAX="1"
EMAIL="helen.mackay@uhn.ca"
ACTIVESTATE="true"
DELETESTATE="false"
UPDATE="true"
PASSWORD="wJ7q2XD6cdI09305"
BEEPER="1"
USERDATEFORMAT="DAY_MONTH_YEAR"
HOMESCREENURL="./Portal/default.htm"
USERMUSTRESETPASSWORD="TRUE"
PRODUCTLOCALE="en-US"
STUDYLOCALE="en-US"/>


<USER  USERNAME="smainville"
USERTYPE="SITE"
FIRSTNAME="Sophie"
LASTNAME="Mainville"
DISPLAYNAME="Sophie Mainville"
COUNTRY="CANADA"
PHONE="15148908000"
ALTPHONE="1"
FAX="1"
EMAIL="sophie.mainville.chum@ssss.gouv.qc.ca"
ACTIVESTATE="true"
DELETESTATE="false"
UPDATE="true"
PASSWORD="b3AbJ4e65Mt0C7800"
BEEPER="1"
USERDATEFORMAT="DAY_MONTH_YEAR"
HOMESCREENURL="./Portal/default.htm"
USERMUSTRESETPASSWORD="TRUE"
PRODUCTLOCALE="en-US"
STUDYLOCALE="en-US"/>


<USER  USERNAME="pparalejas"
USERTYPE="SITE"
FIRSTNAME="Paulo"
LASTNAME="Paralejas"
DISPLAYNAME="Paulo Paralejas"
COUNTRY="PUERTO RICO"
PHONE="7876048776000"
ALTPHONE="787"
FAX="787"
EMAIL="pparalejas@bccancer.bc.ca"
ACTIVESTATE="true"
DELETESTATE="false"
UPDATE="true"
PASSWORD="zI8z0ImH64xQ644849"
BEEPER="787"
USERDATEFORMAT="DAY_MONTH_YEAR"
HOMESCREENURL="./Portal/default.htm"
USERMUSTRESETPASSWORD="TRUE"
PRODUCTLOCALE="en-US"
STUDYLOCALE="en-US"/>


<USER  USERNAME="jcopen"
USERTYPE="SITE"
FIRSTNAME="Janet"
LASTNAME="Copen"
DISPLAYNAME="Janet Copen"
COUNTRY="PUERTO RICO"
PHONE="7874165868440"
ALTPHONE="787"
FAX="787"
EMAIL="janet.copen@holy-cross.com"
ACTIVESTATE="true"
DELETESTATE="false"
UPDATE="true"
PASSWORD="dG26hE80oK12g24T3344"
BEEPER="787"
USERDATEFORMAT="DAY_MONTH_YEAR"
HOMESCREENURL="./Portal/default.htm"
USERMUSTRESETPASSWORD="TRUE"
PRODUCTLOCALE="en-US"
STUDYLOCALE="en-US"/>


<USER  USERNAME="lfaure"
USERTYPE="SITE"
FIRSTNAME="Lisa"
LASTNAME="Faure"
DISPLAYNAME="Lisa Faure"
COUNTRY="CANADA"
PHONE="14168646060"
ALTPHONE="1"
FAX="1"
EMAIL="faurel@smh.ca"
ACTIVESTATE="true"
DELETESTATE="false"
UPDATE="true"
PASSWORD="pZ2lF31T8cM7e4554"
BEEPER="1"
USERDATEFORMAT="DAY_MONTH_YEAR"
HOMESCREENURL="./Portal/default.htm"
USERMUSTRESETPASSWORD="TRUE"
PRODUCTLOCALE="en-US"
STUDYLOCALE="en-US"/>


<USER  USERNAME="i4tmcjvcu_RE"
USERTYPE="SPONSOR"
FIRSTNAME="Report"
LASTNAME="Extractor"
DISPLAYNAME="RE"
COUNTRY="UNITED STATES"
PHONE="11"
ALTPHONE="1"
FAX="1"
EMAIL="satish.bantanahal@oracle.com"
ACTIVESTATE="true"
DELETESTATE="false"
UPDATE="true"
PASSWORD="vZ0q66Zj6Yb13Y3659"
BEEPER="1"
USERDATEFORMAT="DAY_MONTH_YEAR"
HOMESCREENURL="./Portal/default.htm"
USERMUSTRESETPASSWORD="TRUE"
PRODUCTLOCALE="en-US"
STUDYLOCALE="en-US"/>


<USER  USERNAME="z1x1703"
USERTYPE="SPONSOR"
FIRSTNAME="Elizabeth"
LASTNAME="Acker"
DISPLAYNAME="Elizabeth Acker"
COUNTRY="UNITED STATES"
PHONE="1317-474-8691"
ALTPHONE="1"
FAX="1"
EMAIL="elizabeth.acker@inventivhealth.com"
ACTIVESTATE="true"
DELETESTATE="false"
UPDATE="true"
PASSWORD="uE5rO74eE6oG12511"
BEEPER="1"
USERDATEFORMAT="DAY_MONTH_YEAR"
HOMESCREENURL="./Portal/default.htm"
USERMUSTRESETPASSWORD="TRUE"
PRODUCTLOCALE="en-US"
STUDYLOCALE="en-US"/>


<USER  USERNAME="rm86640"
USERTYPE="SPONSOR"
FIRSTNAME="Patricia"
LASTNAME="Hazelgrove"
DISPLAYNAME="Patricia Hazelgrove"
COUNTRY="UNITED STATES"
PHONE="1317-308-8766"
ALTPHONE="1"
FAX="1"
EMAIL="hazelgrove_patricia_a@lilly.com"
ACTIVESTATE="true"
DELETESTATE="false"
UPDATE="true"
PASSWORD="fV70I5qu2MqJ53140"
BEEPER="1"
USERDATEFORMAT="DAY_MONTH_YEAR"
HOMESCREENURL="./Portal/default.htm"
USERMUSTRESETPASSWORD="TRUE"
PRODUCTLOCALE="en-US"
STUDYLOCALE="en-US"/>


<USER  USERNAME="u7x2510"
USERTYPE="SPONSOR"
FIRSTNAME="Blaine"
LASTNAME="Farley"
DISPLAYNAME="Blaine Farley"
COUNTRY="UNITED STATES"
PHONE="13176276284"
ALTPHONE="1"
FAX="1"
EMAIL="farley_blaine@network.lilly.com"
ACTIVESTATE="true"
DELETESTATE="false"
UPDATE="true"
PASSWORD="xZ52oO11N9cC5x3858"
BEEPER="1"
USERDATEFORMAT="DAY_MONTH_YEAR"
HOMESCREENURL="./Portal/default.htm"
USERMUSTRESETPASSWORD="TRUE"
PRODUCTLOCALE="en-US"
STUDYLOCALE="en-US"/>


<USER  USERNAME="c090108"
USERTYPE="SPONSOR"
FIRSTNAME="Kraig"
LASTNAME="Hodson"
DISPLAYNAME="Kraig Hodson"
COUNTRY="UNITED STATES"
PHONE="13176514674"
ALTPHONE="1"
FAX="1"
EMAIL="Hodson_Kraig_e@lilly.com"
ACTIVESTATE="true"
DELETESTATE="false"
UPDATE="true"
PASSWORD="w9PuJ4hI9N3d3019"
BEEPER="1"
USERDATEFORMAT="DAY_MONTH_YEAR"
HOMESCREENURL="./Portal/default.htm"
USERMUSTRESETPASSWORD="TRUE"
PRODUCTLOCALE="en-US"
STUDYLOCALE="en-US"/>


<USER  USERNAME="c135748"
USERTYPE="SPONSOR"
FIRSTNAME="Stephanie"
LASTNAME="Horna"
DISPLAYNAME="Stephanie Horna"
COUNTRY="UNITED STATES"
PHONE="13172608949"
ALTPHONE="1"
FAX="1"
EMAIL="horna_stephanie_lynne@lilly.com"
ACTIVESTATE="true"
DELETESTATE="false"
UPDATE="true"
PASSWORD="tI96uO18wN47x9B6340"
BEEPER="1"
USERDATEFORMAT="DAY_MONTH_YEAR"
HOMESCREENURL="./Portal/default.htm"
USERMUSTRESETPASSWORD="TRUE"
PRODUCTLOCALE="en-US"
STUDYLOCALE="en-US"/>


<USER  USERNAME="c114196"
USERTYPE="SPONSOR"
FIRSTNAME="Tomomi"
LASTNAME="Inoue"
DISPLAYNAME="Tomomi Inoue"
COUNTRY="JAPAN"
PHONE="8181782429097"
ALTPHONE="81"
FAX="81"
EMAIL="inoue_tomomi@lilly.com"
ACTIVESTATE="true"
DELETESTATE="false"
UPDATE="true"
PASSWORD="t64Ms39GiO4pB837599"
BEEPER="81"
USERDATEFORMAT="DAY_MONTH_YEAR"
HOMESCREENURL="./Portal/default.htm"
USERMUSTRESETPASSWORD="TRUE"
PRODUCTLOCALE="en-US"
STUDYLOCALE="en-US"/>


<USER  USERNAME="c131994"
USERTYPE="SPONSOR"
FIRSTNAME="Jane"
LASTNAME="Njoroge"
DISPLAYNAME="Jane Njoroge"
COUNTRY="UNITED STATES"
PHONE="13172768638"
ALTPHONE="1"
FAX="1"
EMAIL="njoroge_jane_n@lilly.com"
ACTIVESTATE="true"
DELETESTATE="false"
UPDATE="true"
PASSWORD="jR28w30XyG7B6j812"
BEEPER="1"
USERDATEFORMAT="DAY_MONTH_YEAR"
HOMESCREENURL="./Portal/default.htm"
USERMUSTRESETPASSWORD="TRUE"
PRODUCTLOCALE="en-US"
STUDYLOCALE="en-US"/>


<USER  USERNAME="da89276"
USERTYPE="SPONSOR"
FIRSTNAME="Erin"
LASTNAME="Lynch"
DISPLAYNAME="Erin Lynch"
COUNTRY="UNITED STATES"
PHONE="16175043020"
ALTPHONE="1"
FAX="1"
EMAIL="lynch_erin_t@lilly.com"
ACTIVESTATE="true"
DELETESTATE="false"
UPDATE="true"
PASSWORD="r41Jt5BzZ37tO2350"
BEEPER="1"
USERDATEFORMAT="DAY_MONTH_YEAR"
HOMESCREENURL="./Portal/default.htm"
USERMUSTRESETPASSWORD="TRUE"
PRODUCTLOCALE="en-US"
STUDYLOCALE="en-US"/>


<USER  USERNAME="da63298"
USERTYPE="SPONSOR"
FIRSTNAME="Jerry"
LASTNAME="Richardson"
DISPLAYNAME="Jerry Richardson"
COUNTRY="UNITED STATES"
PHONE="13033790188"
ALTPHONE="1"
FAX="1"
EMAIL="j.rich@lilly.com"
ACTIVESTATE="true"
DELETESTATE="false"
UPDATE="true"
PASSWORD="n6Td60LpD6pU4127"
BEEPER="1"
USERDATEFORMAT="DAY_MONTH_YEAR"
HOMESCREENURL="./Portal/default.htm"
USERMUSTRESETPASSWORD="TRUE"
PRODUCTLOCALE="en-US"
STUDYLOCALE="en-US"/>


<USER  USERNAME="rm97846"
USERTYPE="SPONSOR"
FIRSTNAME="Jane"
LASTNAME="Watson"
DISPLAYNAME="Jane Watson"
COUNTRY="UNITED STATES"
PHONE="13176052511"
ALTPHONE="1"
FAX="1"
EMAIL="jane_watson@lilly.com"
ACTIVESTATE="true"
DELETESTATE="false"
UPDATE="true"
PASSWORD="oY21a87UnZ8R3k1042"
BEEPER="1"
USERDATEFORMAT="DAY_MONTH_YEAR"
HOMESCREENURL="./Portal/default.htm"
USERMUSTRESETPASSWORD="TRUE"
PRODUCTLOCALE="en-US"
STUDYLOCALE="en-US"/>


<USER  USERNAME="rx99017"
USERTYPE="SPONSOR"
FIRSTNAME="George"
LASTNAME="Zhu"
DISPLAYNAME="George Zhu"
COUNTRY="UNITED STATES"
PHONE="12817737380"
ALTPHONE="1"
FAX="1"
EMAIL="gzhu@lilly.com"
ACTIVESTATE="true"
DELETESTATE="false"
UPDATE="true"
PASSWORD="vZ58J6lH8rjJ418311"
BEEPER="1"
USERDATEFORMAT="DAY_MONTH_YEAR"
HOMESCREENURL="./Portal/default.htm"
USERMUSTRESETPASSWORD="TRUE"
PRODUCTLOCALE="en-US"
STUDYLOCALE="en-US"/>


<USER  USERNAME="tbeck"
USERTYPE="SITE"
FIRSTNAME="J Thad"
LASTNAME="Beck"
DISPLAYNAME="J Thad Beck"
COUNTRY="UNITED STATES"
PHONE="14795871700"
ALTPHONE="1"
FAX="1"
EMAIL="tbeck@hogonc.com"
ACTIVESTATE="true"
DELETESTATE="false"
UPDATE="true"
PASSWORD="r19FzO24o57TA4j797"
BEEPER="1"
USERDATEFORMAT="DAY_MONTH_YEAR"
HOMESCREENURL="./Portal/default.htm"
USERMUSTRESETPASSWORD="TRUE"
PRODUCTLOCALE="en-US"
STUDYLOCALE="en-US"/>


<USER  USERNAME="uverma"
USERTYPE="SITE"
FIRSTNAME="Udit"
LASTNAME="Verma"
DISPLAYNAME="Udit Verma"
COUNTRY="UNITED STATES"
PHONE="12146487031"
ALTPHONE="1"
FAX="1"
EMAIL="udit.verma@utsouthwestern.edu"
ACTIVESTATE="true"
DELETESTATE="false"
UPDATE="true"
PASSWORD="r25Pm7BfC5m6Q1699"
BEEPER="1"
USERDATEFORMAT="DAY_MONTH_YEAR"
HOMESCREENURL="./Portal/default.htm"
USERMUSTRESETPASSWORD="TRUE"
PRODUCTLOCALE="en-US"
STUDYLOCALE="en-US"/>


<USER  USERNAME="vyim"
USERTYPE="SITE"
FIRSTNAME="Vincent"
LASTNAME="Yim"
DISPLAYNAME="Vincent Yim"
COUNTRY="UNITED STATES"
PHONE="16469629343"
ALTPHONE="1"
FAX="1"
EMAIL="viy2002@med.cornell.edu"
ACTIVESTATE="true"
DELETESTATE="false"
UPDATE="true"
PASSWORD="Z4cb82YzP3yU472601"
BEEPER="1"
USERDATEFORMAT="DAY_MONTH_YEAR"
HOMESCREENURL="./Portal/default.htm"
USERMUSTRESETPASSWORD="TRUE"
PRODUCTLOCALE="en-US"
STUDYLOCALE="en-US"/>


<USER  USERNAME="mvincitore"
USERTYPE="SITE"
FIRSTNAME="Michele"
LASTNAME="Vincitore"
DISPLAYNAME="Michele Vincitore"
COUNTRY="UNITED STATES"
PHONE="16176323125"
ALTPHONE="1"
FAX="1"
EMAIL="michele_vincitore@dfci.harvard.edu"
ACTIVESTATE="true"
DELETESTATE="false"
UPDATE="true"
PASSWORD="m5YuW45w0Dj2O3810"
BEEPER="1"
USERDATEFORMAT="DAY_MONTH_YEAR"
HOMESCREENURL="./Portal/default.htm"
USERMUSTRESETPASSWORD="TRUE"
PRODUCTLOCALE="en-US"
STUDYLOCALE="en-US"/>


<USER  USERNAME="mbajaj"
USERTYPE="SITE"
FIRSTNAME="Madhuri"
LASTNAME="Bajaj"
DISPLAYNAME="Madhuri Bajaj"
COUNTRY="UNITED STATES"
PHONE="13092433621"
ALTPHONE="1"
FAX="1"
EMAIL="mbajaj@illinoiscancercare.com"
ACTIVESTATE="true"
DELETESTATE="false"
UPDATE="true"
PASSWORD="Q9ezQ7eL92m1B2971"
BEEPER="1"
USERDATEFORMAT="DAY_MONTH_YEAR"
HOMESCREENURL="./Portal/default.htm"
USERMUSTRESETPASSWORD="TRUE"
PRODUCTLOCALE="en-US"
STUDYLOCALE="en-US"/>


<USER  USERNAME="sleong"
USERTYPE="SITE"
FIRSTNAME="Stephen"
LASTNAME="Leong"
DISPLAYNAME="Stephen Leong"
COUNTRY="UNITED STATES"
PHONE="13037243837"
ALTPHONE="1"
FAX="1"
EMAIL="stephen.leong@ucdenver.edu"
ACTIVESTATE="true"
DELETESTATE="false"
UPDATE="true"
PASSWORD="uQ1g7DcU85vL294181"
BEEPER="1"
USERDATEFORMAT="DAY_MONTH_YEAR"
HOMESCREENURL="./Portal/default.htm"
USERMUSTRESETPASSWORD="TRUE"
PRODUCTLOCALE="en-US"
STUDYLOCALE="en-US"/>


<USER  USERNAME="zwainberg"
USERTYPE="SITE"
FIRSTNAME="Zev"
LASTNAME="Wainberg"
DISPLAYNAME="Zev Wainberg"
COUNTRY="UNITED STATES"
PHONE="13106338400"
ALTPHONE="1"
FAX="1"
EMAIL="zwainberg@mednet.ucla.edu"
ACTIVESTATE="true"
DELETESTATE="false"
UPDATE="true"
PASSWORD="iJ1m71Pa2UcV45391"
BEEPER="1"
USERDATEFORMAT="DAY_MONTH_YEAR"
HOMESCREENURL="./Portal/default.htm"
USERMUSTRESETPASSWORD="TRUE"
PRODUCTLOCALE="en-US"
STUDYLOCALE="en-US"/>


<USER  USERNAME="bmusher"
USERTYPE="SITE"
FIRSTNAME="Benjamin"
LASTNAME="Musher"
DISPLAYNAME="Benjamin Musher"
COUNTRY="UNITED STATES"
PHONE="17137982500"
ALTPHONE="1"
FAX="1"
EMAIL="blmusher@bcm.edu"
ACTIVESTATE="true"
DELETESTATE="false"
UPDATE="true"
PASSWORD="eC1vT1B6pqG576601"
BEEPER="1"
USERDATEFORMAT="DAY_MONTH_YEAR"
HOMESCREENURL="./Portal/default.htm"
USERMUSTRESETPASSWORD="TRUE"
PRODUCTLOCALE="en-US"
STUDYLOCALE="en-US"/>


<USER  USERNAME="ibarskaya"
USERTYPE="SITE"
FIRSTNAME="Irina"
LASTNAME="Barskaya"
DISPLAYNAME="Irina Barskaya"
COUNTRY="UNITED STATES"
PHONE="14123596165"
ALTPHONE="1"
FAX="1"
EMAIL="ibarskay@wpahs.org"
ACTIVESTATE="true"
DELETESTATE="false"
UPDATE="true"
PASSWORD="tC9e4Zn11WhY153649"
BEEPER="1"
USERDATEFORMAT="DAY_MONTH_YEAR"
HOMESCREENURL="./Portal/default.htm"
USERMUSTRESETPASSWORD="TRUE"
PRODUCTLOCALE="en-US"
STUDYLOCALE="en-US"/>


<USER  USERNAME="dcuadrado"
USERTYPE="SITE"
FIRSTNAME="Doris"
LASTNAME="Cuadrado"
DISPLAYNAME="Doris Cuadrado"
COUNTRY="PUERTO RICO"
PHONE="7877877831296"
ALTPHONE="787"
FAX="787"
EMAIL="cuadrado.doris@sanjuanccop.org"
ACTIVESTATE="true"
DELETESTATE="false"
UPDATE="true"
PASSWORD="hV9x38LkM79zJ34859"
BEEPER="787"
USERDATEFORMAT="DAY_MONTH_YEAR"
HOMESCREENURL="./Portal/default.htm"
USERMUSTRESETPASSWORD="TRUE"
PRODUCTLOCALE="en-US"
STUDYLOCALE="en-US"/>


<USER  USERNAME="iliboy"
USERTYPE="SITE"
FIRSTNAME="Idalia"
LASTNAME="Liboy"
DISPLAYNAME="Idalia Liboy"
COUNTRY="PUERTO RICO"
PHONE="7877877717933"
ALTPHONE="787"
FAX="787"
EMAIL="iliboy@auxiliomutuo.com"
ACTIVESTATE="true"
DELETESTATE="false"
UPDATE="true"
PASSWORD="P8mlP0nP27E0t3354"
BEEPER="787"
USERDATEFORMAT="DAY_MONTH_YEAR"
HOMESCREENURL="./Portal/default.htm"
USERMUSTRESETPASSWORD="TRUE"
PRODUCTLOCALE="en-US"
STUDYLOCALE="en-US"/>


<USER  USERNAME="crivera"
USERTYPE="SITE"
FIRSTNAME="Candida"
LASTNAME="Rivera"
DISPLAYNAME="Candida Rivera"
COUNTRY="PUERTO RICO"
PHONE="7877876417582"
ALTPHONE="787"
FAX="787"
EMAIL="Candida.Rivera@va.gov"
ACTIVESTATE="true"
DELETESTATE="false"
UPDATE="true"
PASSWORD="J5lh7JU0gyJ574564"
BEEPER="787"
USERDATEFORMAT="DAY_MONTH_YEAR"
HOMESCREENURL="./Portal/default.htm"
USERMUSTRESETPASSWORD="TRUE"
PRODUCTLOCALE="en-US"
STUDYLOCALE="en-US"/>


<USER  USERNAME="jlacy"
USERTYPE="SITE"
FIRSTNAME="Jill"
LASTNAME="Lacy"
DISPLAYNAME="Jill Lacy"
COUNTRY="UNITED STATES"
PHONE="12037852836"
ALTPHONE="1"
FAX="1"
EMAIL="jill.lacy@yale.edu"
ACTIVESTATE="true"
DELETESTATE="false"
UPDATE="true"
PASSWORD="K1kyM8Y6xwP718489"
BEEPER="1"
USERDATEFORMAT="DAY_MONTH_YEAR"
HOMESCREENURL="./Portal/default.htm"
USERMUSTRESETPASSWORD="TRUE"
PRODUCTLOCALE="en-US"
STUDYLOCALE="en-US"/>


<USER  USERNAME="hvelez"
USERTYPE="SITE"
FIRSTNAME="Hector"
LASTNAME="Velez"
DISPLAYNAME="Hector Velez"
COUNTRY="PUERTO RICO"
PHONE="7877876516697"
ALTPHONE="787"
FAX="787"
EMAIL="hvelez@ad-vanceresearch.com"
ACTIVESTATE="true"
DELETESTATE="false"
UPDATE="true"
PASSWORD="zP4X4jeC0u9W2515"
BEEPER="787"
USERDATEFORMAT="DAY_MONTH_YEAR"
HOMESCREENURL="./Portal/default.htm"
USERMUSTRESETPASSWORD="TRUE"
PRODUCTLOCALE="en-US"
STUDYLOCALE="en-US"/>


<USER  USERNAME="vshankaran"
USERTYPE="SITE"
FIRSTNAME="Veena"
LASTNAME="Shankaran"
DISPLAYNAME="Veena Shankaran"
COUNTRY="UNITED STATES"
PHONE="12062887456"
ALTPHONE="1"
FAX="1"
EMAIL="vshank@u.washington.edu"
ACTIVESTATE="true"
DELETESTATE="false"
UPDATE="true"
PASSWORD="G4tnK7hL0cF113725"
BEEPER="1"
USERDATEFORMAT="DAY_MONTH_YEAR"
HOMESCREENURL="./Portal/default.htm"
USERMUSTRESETPASSWORD="TRUE"
PRODUCTLOCALE="en-US"
STUDYLOCALE="en-US"/>


<USER  USERNAME="dilson"
USERTYPE="SITE"
FIRSTNAME="David"
LASTNAME="Ilson"
DISPLAYNAME="David Ilson"
COUNTRY="UNITED STATES"
PHONE="16468884183"
ALTPHONE="1"
FAX="1"
EMAIL="ilsond@mskcc.org"
ACTIVESTATE="true"
DELETESTATE="false"
UPDATE="true"
PASSWORD="pW0s26BpA4Z5j7649"
BEEPER="1"
USERDATEFORMAT="DAY_MONTH_YEAR"
HOMESCREENURL="./Portal/default.htm"
USERMUSTRESETPASSWORD="TRUE"
PRODUCTLOCALE="en-US"
STUDYLOCALE="en-US"/>


<USER  USERNAME="pacs"
USERTYPE="SITE"
FIRSTNAME="Peter"
LASTNAME="Acs"
DISPLAYNAME="Peter Acs"
COUNTRY="UNITED STATES"
PHONE="17272161143"
ALTPHONE="1"
FAX="1"
EMAIL="pacs@flcancer.com"
ACTIVESTATE="true"
DELETESTATE="false"
UPDATE="true"
PASSWORD="gG8iN5y7We5Q8243"
BEEPER="1"
USERDATEFORMAT="DAY_MONTH_YEAR"
HOMESCREENURL="./Portal/default.htm"
USERMUSTRESETPASSWORD="TRUE"
PRODUCTLOCALE="en-US"
STUDYLOCALE="en-US"/>


<USER  USERNAME="jbendell"
USERTYPE="SITE"
FIRSTNAME="Johanna"
LASTNAME="Bendell"
DISPLAYNAME="Johanna Bendell"
COUNTRY="UNITED STATES"
PHONE="16153297274"
ALTPHONE="1"
FAX="1"
EMAIL="jbendell@tnonc.com"
ACTIVESTATE="true"
DELETESTATE="false"
UPDATE="true"
PASSWORD="t0Sj6Wy3Ux83U9453"
BEEPER="1"
USERDATEFORMAT="DAY_MONTH_YEAR"
HOMESCREENURL="./Portal/default.htm"
USERMUSTRESETPASSWORD="TRUE"
PRODUCTLOCALE="en-US"
STUDYLOCALE="en-US"/>


<USER  USERNAME="ifirdaus"
USERTYPE="SITE"
FIRSTNAME="Irfan"
LASTNAME="Firdaus"
DISPLAYNAME="Irfan Firdaus"
COUNTRY="UNITED STATES"
PHONE="15137512273"
ALTPHONE="1"
FAX="1"
EMAIL="ifirdaus@ohcare.com"
ACTIVESTATE="true"
DELETESTATE="false"
UPDATE="true"
PASSWORD="pO34wL3qP30M1d3479"
BEEPER="1"
USERDATEFORMAT="DAY_MONTH_YEAR"
HOMESCREENURL="./Portal/default.htm"
USERMUSTRESETPASSWORD="TRUE"
PRODUCTLOCALE="en-US"
STUDYLOCALE="en-US"/>


<USER  USERNAME="jreeves"
USERTYPE="SITE"
FIRSTNAME="James"
LASTNAME="Reeves"
DISPLAYNAME="James Reeves"
COUNTRY="UNITED STATES"
PHONE="12392749930"
ALTPHONE="1"
FAX="1"
EMAIL="jreeves@flcancer.com"
ACTIVESTATE="true"
DELETESTATE="false"
UPDATE="true"
PASSWORD="hT5cF3nA86s0M7712"
BEEPER="1"
USERDATEFORMAT="DAY_MONTH_YEAR"
HOMESCREENURL="./Portal/default.htm"
USERMUSTRESETPASSWORD="TRUE"
PRODUCTLOCALE="en-US"
STUDYLOCALE="en-US"/>


<USER  USERNAME="hhool"
USERTYPE="SITE"
FIRSTNAME="Hugo"
LASTNAME="Hool"
DISPLAYNAME="Hugo Hool"
COUNTRY="UNITED STATES"
PHONE="13107503376"
ALTPHONE="1"
FAX="1"
EMAIL="hool97@aol.com"
ACTIVESTATE="true"
DELETESTATE="false"
UPDATE="true"
PASSWORD="l1GpN24U4eE9n5898"
BEEPER="1"
USERDATEFORMAT="DAY_MONTH_YEAR"
HOMESCREENURL="./Portal/default.htm"
USERMUSTRESETPASSWORD="TRUE"
PRODUCTLOCALE="en-US"
STUDYLOCALE="en-US"/>


<USER  USERNAME="wlawler"
USERTYPE="SITE"
FIRSTNAME="William"
LASTNAME="Lawler"
DISPLAYNAME="William Lawler"
COUNTRY="UNITED STATES"
PHONE="17144465804"
ALTPHONE="1"
FAX="1"
EMAIL="wlawler@stjoe.org"
ACTIVESTATE="true"
DELETESTATE="false"
UPDATE="true"
PASSWORD="tF49m26DJ8os8U232"
BEEPER="1"
USERDATEFORMAT="DAY_MONTH_YEAR"
HOMESCREENURL="./Portal/default.htm"
USERMUSTRESETPASSWORD="TRUE"
PRODUCTLOCALE="en-US"
STUDYLOCALE="en-US"/>


<USER  USERNAME="rpatel"
USERTYPE="SITE"
FIRSTNAME="Ravi"
LASTNAME="Patel"
DISPLAYNAME="Ravi Patel"
COUNTRY="UNITED STATES"
PHONE="16613222206"
ALTPHONE="1"
FAX="1"
EMAIL="rrpatel@cbccusa.com"
ACTIVESTATE="true"
DELETESTATE="false"
UPDATE="true"
PASSWORD="gY48gH6v6QpE931442"
BEEPER="1"
USERDATEFORMAT="DAY_MONTH_YEAR"
HOMESCREENURL="./Portal/default.htm"
USERMUSTRESETPASSWORD="TRUE"
PRODUCTLOCALE="en-US"
STUDYLOCALE="en-US"/>


<USER  USERNAME="jsanchez"
USERTYPE="SITE"
FIRSTNAME="James"
LASTNAME="Sanchez"
DISPLAYNAME="James Sanchez"
COUNTRY="UNITED STATES"
PHONE="17029522084"
ALTPHONE="1"
FAX="1"
EMAIL="James.Sanchez@usoncology.com"
ACTIVESTATE="true"
DELETESTATE="false"
UPDATE="true"
PASSWORD="fR48M4bxK60d6C2652"
BEEPER="1"
USERDATEFORMAT="DAY_MONTH_YEAR"
HOMESCREENURL="./Portal/default.htm"
USERMUSTRESETPASSWORD="TRUE"
PRODUCTLOCALE="en-US"
STUDYLOCALE="en-US"/>


<USER  USERNAME="talcindor"
USERTYPE="SITE"
FIRSTNAME="Thierry"
LASTNAME="Alcindor"
DISPLAYNAME="Thierry Alcindor"
COUNTRY="UNITED STATES"
PHONE="15149341934"
ALTPHONE="1"
FAX="1"
EMAIL="thierry_alcindor@muhc.mcgill.ca"
ACTIVESTATE="true"
DELETESTATE="false"
UPDATE="true"
PASSWORD="sK5iJ5zT5vA323862"
BEEPER="1"
USERDATEFORMAT="DAY_MONTH_YEAR"
HOMESCREENURL="./Portal/default.htm"
USERMUSTRESETPASSWORD="TRUE"
PRODUCTLOCALE="en-US"
STUDYLOCALE="en-US"/>


<USER  USERNAME="c058698"
USERTYPE="SPONSOR"
FIRSTNAME="Michele"
LASTNAME="Brady"
DISPLAYNAME="Michele Brady"
COUNTRY="UNITED STATES"
PHONE="13176512411"
ALTPHONE="1"
FAX="1"
EMAIL="brady_michelle_l@lilly.com"
ACTIVESTATE="true"
DELETESTATE="false"
UPDATE="true"
PASSWORD="bR5F9xrO87z20F6154"
BEEPER="1"
USERDATEFORMAT="DAY_MONTH_YEAR"
HOMESCREENURL="./Portal/default.htm"
USERMUSTRESETPASSWORD="TRUE"
PRODUCTLOCALE="en-US"
STUDYLOCALE="en-US"/>


<USER  USERNAME="c015393"
USERTYPE="SPONSOR"
FIRSTNAME="Markay"
LASTNAME="Burkhart"
DISPLAYNAME="Markay Burkhart"
COUNTRY="UNITED STATES"
PHONE="13176519028"
ALTPHONE="1"
FAX="1"
EMAIL="burkhart_markey_l@lilly.com"
ACTIVESTATE="true"
DELETESTATE="false"
UPDATE="true"
PASSWORD="mV0nR3vF51kI395006"
BEEPER="1"
USERDATEFORMAT="DAY_MONTH_YEAR"
HOMESCREENURL="./Portal/default.htm"
USERMUSTRESETPASSWORD="TRUE"
PRODUCTLOCALE="en-US"
STUDYLOCALE="en-US"/>


<USER  USERNAME="wj02044"
USERTYPE="SPONSOR"
FIRSTNAME="Akemi"
LASTNAME="Mera"
DISPLAYNAME="Akemi Mera"
COUNTRY="JAPAN"
PHONE="8181782424462"
ALTPHONE="81"
FAX="81"
EMAIL="mera_akemi@lilly.com"
ACTIVESTATE="true"
DELETESTATE="false"
UPDATE="true"
PASSWORD="fZ5sL11bZ46eJ943736"
BEEPER="81"
USERDATEFORMAT="DAY_MONTH_YEAR"
HOMESCREENURL="./Portal/default.htm"
USERMUSTRESETPASSWORD="TRUE"
PRODUCTLOCALE="en-US"
STUDYLOCALE="en-US"/>


<USER  USERNAME="ye91098"
USERTYPE="SPONSOR"
FIRSTNAME="Kennie"
LASTNAME="Ogunnaike"
DISPLAYNAME="Kennie Ogunnaike"
COUNTRY="UNITED KINGDOM"
PHONE="444401276483788"
ALTPHONE="44"
FAX="44"
EMAIL="ogunnaike_kennie@lilly.com"
ACTIVESTATE="true"
DELETESTATE="false"
UPDATE="true"
PASSWORD="aD1w4Me5Ci5F4156"
BEEPER="44"
USERDATEFORMAT="DAY_MONTH_YEAR"
HOMESCREENURL="./Portal/default.htm"
USERMUSTRESETPASSWORD="TRUE"
PRODUCTLOCALE="en-US"
STUDYLOCALE="en-US"/>


<USER  USERNAME="a803075"
USERTYPE="SPONSOR"
FIRSTNAME="Pranav"
LASTNAME="Pandya"
DISPLAYNAME="Pranav Pandya"
COUNTRY="UNITED STATES"
PHONE="13172204360"
ALTPHONE="1"
FAX="1"
EMAIL="pandya_pranav_D@lilly.com"
ACTIVESTATE="true"
DELETESTATE="false"
UPDATE="true"
PASSWORD="W2gtH18a6AmY619255"
BEEPER="1"
USERDATEFORMAT="DAY_MONTH_YEAR"
HOMESCREENURL="./Portal/default.htm"
USERMUSTRESETPASSWORD="TRUE"
PRODUCTLOCALE="en-US"
STUDYLOCALE="en-US"/>


<USER  USERNAME="c022433"
USERTYPE="SPONSOR"
FIRSTNAME="Domenica"
LASTNAME="Riley"
DISPLAYNAME="Domenica Riley"
COUNTRY="UNITED STATES"
PHONE="13172764000"
ALTPHONE="1"
FAX="1"
EMAIL="riley_domenica_m@lilly.com"
ACTIVESTATE="true"
DELETESTATE="false"
UPDATE="true"
PASSWORD="xE7z24KnI4aZ15700"
BEEPER="1"
USERDATEFORMAT="DAY_MONTH_YEAR"
HOMESCREENURL="./Portal/default.htm"
USERMUSTRESETPASSWORD="TRUE"
PRODUCTLOCALE="en-US"
STUDYLOCALE="en-US"/>


<USER  USERNAME="a511471"
USERTYPE="SPONSOR"
FIRSTNAME="Janet"
LASTNAME="Roepke"
DISPLAYNAME="Janet Roepke"
COUNTRY="UNITED STATES"
PHONE="13172765883"
ALTPHONE="1"
FAX="1"
EMAIL="roepke_janet_elizabeth@lilly.com"
ACTIVESTATE="true"
DELETESTATE="false"
UPDATE="true"
PASSWORD="nI27N2hiZ90oC264552"
BEEPER="1"
USERDATEFORMAT="DAY_MONTH_YEAR"
HOMESCREENURL="./Portal/default.htm"
USERMUSTRESETPASSWORD="TRUE"
PRODUCTLOCALE="en-US"
STUDYLOCALE="en-US"/>


<USER  USERNAME="rm87794"
USERTYPE="SPONSOR"
FIRSTNAME="Vish"
LASTNAME="Watkins"
DISPLAYNAME="Vish Watkins"
COUNTRY="UNITED STATES"
PHONE="13172778350"
ALTPHONE="1"
FAX="1"
EMAIL="Watkins_vish_s@lilly.com"
ACTIVESTATE="true"
DELETESTATE="false"
UPDATE="true"
PASSWORD="dA4pZ1hC45D9b1306"
BEEPER="1"
USERDATEFORMAT="DAY_MONTH_YEAR"
HOMESCREENURL="./Portal/default.htm"
USERMUSTRESETPASSWORD="TRUE"
PRODUCTLOCALE="en-US"
STUDYLOCALE="en-US"/>


<USER  USERNAME="c026390"
USERTYPE="SPONSOR"
FIRSTNAME="Sue"
LASTNAME="Woodring"
DISPLAYNAME="Sue Woodring"
COUNTRY="UNITED STATES"
PHONE="13176552039"
ALTPHONE="1"
FAX="1"
EMAIL="woodring_susan_e@lilly.com"
ACTIVESTATE="true"
DELETESTATE="false"
UPDATE="true"
PASSWORD="jV6j72HF6jO7z467"
BEEPER="1"
USERDATEFORMAT="DAY_MONTH_YEAR"
HOMESCREENURL="./Portal/default.htm"
USERMUSTRESETPASSWORD="TRUE"
PRODUCTLOCALE="en-US"
STUDYLOCALE="en-US"/>


<USER  USERNAME="z2x9608"
USERTYPE="SPONSOR"
FIRSTNAME="Claudia"
LASTNAME="Asmann"
DISPLAYNAME="Claudia Asmann"
COUNTRY="UNITED STATES"
PHONE="17133975809"
ALTPHONE="1"
FAX="1"
EMAIL="claudia.asmann@quintiles.com"
ACTIVESTATE="true"
DELETESTATE="false"
UPDATE="true"
PASSWORD="uV1dR7xV5qS06811"
BEEPER="1"
USERDATEFORMAT="DAY_MONTH_YEAR"
HOMESCREENURL="./Portal/default.htm"
USERMUSTRESETPASSWORD="TRUE"
PRODUCTLOCALE="en-US"
STUDYLOCALE="en-US"/>


<USER  USERNAME="z2x1970"
USERTYPE="SPONSOR"
FIRSTNAME="Nancy"
LASTNAME="Denney"
DISPLAYNAME="Nancy Denney"
COUNTRY="UNITED STATES"
PHONE="16182826524"
ALTPHONE="1"
FAX="1"
EMAIL="nancy.denney@quintiles.com"
ACTIVESTATE="true"
DELETESTATE="false"
UPDATE="true"
PASSWORD="q9UmY35K6iR7u2332"
BEEPER="1"
USERDATEFORMAT="DAY_MONTH_YEAR"
HOMESCREENURL="./Portal/default.htm"
USERMUSTRESETPASSWORD="TRUE"
PRODUCTLOCALE="en-US"
STUDYLOCALE="en-US"/>


<USER  USERNAME="c178203"
USERTYPE="SPONSOR"
FIRSTNAME="Theresa"
LASTNAME="Gamble"
DISPLAYNAME="Theresa Gamble"
COUNTRY="UNITED STATES"
PHONE="15135104302"
ALTPHONE="1"
FAX="1"
EMAIL="theresa.gamble@lilly.com"
ACTIVESTATE="true"
DELETESTATE="false"
UPDATE="true"
PASSWORD="e63Mj49Zy7Tq4N6614"
BEEPER="1"
USERDATEFORMAT="DAY_MONTH_YEAR"
HOMESCREENURL="./Portal/default.htm"
USERMUSTRESETPASSWORD="TRUE"
PRODUCTLOCALE="en-US"
STUDYLOCALE="en-US"/>


<USER  USERNAME="z2x6039"
USERTYPE="SPONSOR"
FIRSTNAME="Merri Ellen"
LASTNAME="King"
DISPLAYNAME="Merri Ellen King"
COUNTRY="UNITED STATES"
PHONE="12175291632"
ALTPHONE="1"
FAX="1"
EMAIL="merriellen.king@quintiles.com"
ACTIVESTATE="true"
DELETESTATE="false"
UPDATE="true"
PASSWORD="zI8nR2eG7k0H2443"
BEEPER="1"
USERDATEFORMAT="DAY_MONTH_YEAR"
HOMESCREENURL="./Portal/default.htm"
USERMUSTRESETPASSWORD="TRUE"
PRODUCTLOCALE="en-US"
STUDYLOCALE="en-US"/>


<USER  USERNAME="z2x7034"
USERTYPE="SPONSOR"
FIRSTNAME="Amber"
LASTNAME="Ward"
DISPLAYNAME="Amber Ward"
COUNTRY="UNITED STATES"
PHONE="15035984847"
ALTPHONE="1"
FAX="1"
EMAIL="amber.ward@quintiles.com"
ACTIVESTATE="true"
DELETESTATE="false"
UPDATE="true"
PASSWORD="yY96sH83k8MyX401728"
BEEPER="1"
USERDATEFORMAT="DAY_MONTH_YEAR"
HOMESCREENURL="./Portal/default.htm"
USERMUSTRESETPASSWORD="TRUE"
PRODUCTLOCALE="en-US"
STUDYLOCALE="en-US"/>


<USER  USERNAME="z1x9188"
USERTYPE="SPONSOR"
FIRSTNAME="David"
LASTNAME="Genc"
DISPLAYNAME="David Genc"
COUNTRY="UNITED STATES"
PHONE="18472499047"
ALTPHONE="1"
FAX="1"
EMAIL="david.genc@quintiles.com"
ACTIVESTATE="true"
DELETESTATE="false"
UPDATE="true"
PASSWORD="n8MR2wfJ1jA51580"
BEEPER="1"
USERDATEFORMAT="DAY_MONTH_YEAR"
HOMESCREENURL="./Portal/default.htm"
USERMUSTRESETPASSWORD="TRUE"
PRODUCTLOCALE="en-US"
STUDYLOCALE="en-US"/>


<USER  USERNAME="Z1X0386"
USERTYPE="SPONSOR"
FIRSTNAME="Krystal"
LASTNAME="Chechile"
DISPLAYNAME="Krystal Chechile"
COUNTRY="UNITED STATES"
PHONE="14133159851"
ALTPHONE="1"
FAX="1"
EMAIL="krystal.chechile@quintiles.com"
ACTIVESTATE="true"
DELETESTATE="false"
UPDATE="true"
PASSWORD="cP5uE8u17La45G9023"
BEEPER="1"
USERDATEFORMAT="DAY_MONTH_YEAR"
HOMESCREENURL="./Portal/default.htm"
USERMUSTRESETPASSWORD="TRUE"
PRODUCTLOCALE="en-US"
STUDYLOCALE="en-US"/>


<USER  USERNAME="z1x2077"
USERTYPE="SPONSOR"
FIRSTNAME="Vicki"
LASTNAME="Lorenzo"
DISPLAYNAME="Vicki Lorenzo"
COUNTRY="UNITED STATES"
PHONE="19493796288"
ALTPHONE="1"
FAX="1"
EMAIL="vicki.lorenzo@quintiles.com"
ACTIVESTATE="true"
DELETESTATE="false"
UPDATE="true"
PASSWORD="mP19w5Kx0Dr4Q4544"
BEEPER="1"
USERDATEFORMAT="DAY_MONTH_YEAR"
HOMESCREENURL="./Portal/default.htm"
USERMUSTRESETPASSWORD="TRUE"
PRODUCTLOCALE="en-US"
STUDYLOCALE="en-US"/>


<USER  USERNAME="a615313"
USERTYPE="SPONSOR"
FIRSTNAME="Heidi"
LASTNAME="Bleich"
DISPLAYNAME="Heidi Bleich"
COUNTRY="UNITED STATES"
PHONE="13176514588"
ALTPHONE="1"
FAX="1"
EMAIL="bleich_heidi_L@lilly.com"
ACTIVESTATE="true"
DELETESTATE="false"
UPDATE="true"
PASSWORD="w3Vw1RaQ49L1g6420"
BEEPER="1"
USERDATEFORMAT="DAY_MONTH_YEAR"
HOMESCREENURL="./Portal/default.htm"
USERMUSTRESETPASSWORD="TRUE"
PRODUCTLOCALE="en-US"
STUDYLOCALE="en-US"/>


<USER  USERNAME="c004058"
USERTYPE="SPONSOR"
FIRSTNAME="Shauna"
LASTNAME="Brown"
DISPLAYNAME="Shauna Brown"
COUNTRY="UNITED STATES"
PHONE="12025582110"
ALTPHONE="1"
FAX="1"
EMAIL="brownsh@lilly.com"
ACTIVESTATE="true"
DELETESTATE="false"
UPDATE="true"
PASSWORD="aG45qZ0m88SjB72865"
BEEPER="1"
USERDATEFORMAT="DAY_MONTH_YEAR"
HOMESCREENURL="./Portal/default.htm"
USERMUSTRESETPASSWORD="TRUE"
PRODUCTLOCALE="en-US"
STUDYLOCALE="en-US"/>


<USER  USERNAME="da91313"
USERTYPE="SPONSOR"
FIRSTNAME="Kellie"
LASTNAME="Coleman"
DISPLAYNAME="Kellie Coleman"
COUNTRY="UNITED STATES"
PHONE="19082171717"
ALTPHONE="1"
FAX="1"
EMAIL="coleman_kellie_m@lilly.com"
ACTIVESTATE="true"
DELETESTATE="false"
UPDATE="true"
PASSWORD="e3KiE90o6Fp16L4088"
BEEPER="1"
USERDATEFORMAT="DAY_MONTH_YEAR"
HOMESCREENURL="./Portal/default.htm"
USERMUSTRESETPASSWORD="TRUE"
PRODUCTLOCALE="en-US"
STUDYLOCALE="en-US"/>


<USER  USERNAME="c015863"
USERTYPE="SPONSOR"
FIRSTNAME="Lori"
LASTNAME="Frye"
DISPLAYNAME="Lori Frye"
COUNTRY="UNITED STATES"
PHONE="18137154929"
ALTPHONE="1"
FAX="1"
EMAIL="lfrye@lilly.com"
ACTIVESTATE="true"
DELETESTATE="false"
UPDATE="true"
PASSWORD="xD0A2kqM25X1n8026"
BEEPER="1"
USERDATEFORMAT="DAY_MONTH_YEAR"
HOMESCREENURL="./Portal/default.htm"
USERMUSTRESETPASSWORD="TRUE"
PRODUCTLOCALE="en-US"
STUDYLOCALE="en-US"/>


<USER  USERNAME="a803441"
USERTYPE="SPONSOR"
FIRSTNAME="Joseph"
LASTNAME="Grosso"
DISPLAYNAME="Joseph Grosso"
COUNTRY="UNITED STATES"
PHONE="19082391421"
ALTPHONE="1"
FAX="1"
EMAIL="jospeh.grosso@lilly.com"
ACTIVESTATE="true"
DELETESTATE="false"
UPDATE="true"
PASSWORD="dR2o4GqF41lS52373"
BEEPER="1"
USERDATEFORMAT="DAY_MONTH_YEAR"
HOMESCREENURL="./Portal/default.htm"
USERMUSTRESETPASSWORD="TRUE"
PRODUCTLOCALE="en-US"
STUDYLOCALE="en-US"/>


<USER  USERNAME="da35343"
USERTYPE="SPONSOR"
FIRSTNAME="Pam"
LASTNAME="Ivy"
DISPLAYNAME="Pam Ivy"
COUNTRY="UNITED STATES"
PHONE="16612108663"
ALTPHONE="1"
FAX="1"
EMAIL="ivy_pamela@lilly.com"
ACTIVESTATE="true"
DELETESTATE="false"
UPDATE="true"
PASSWORD="H6lx1DfC4wQ36311"
BEEPER="1"
USERDATEFORMAT="DAY_MONTH_YEAR"
HOMESCREENURL="./Portal/default.htm"
USERMUSTRESETPASSWORD="TRUE"
PRODUCTLOCALE="en-US"
STUDYLOCALE="en-US"/>


<USER  USERNAME="mstafford"
USERTYPE="SITE"
FIRSTNAME="Miranda"
LASTNAME="Stafford"
DISPLAYNAME="Miranda Stafford"
COUNTRY="UNITED STATES"
PHONE="16155244281"
ALTPHONE="1"
FAX="1"
EMAIL="miranda.stafford@scresearch.net"
ACTIVESTATE="true"
DELETESTATE="false"
UPDATE="true"
PASSWORD="iX76sV5dH45rK717103"
BEEPER="1"
USERDATEFORMAT="DAY_MONTH_YEAR"
HOMESCREENURL="./Portal/default.htm"
USERMUSTRESETPASSWORD="TRUE"
PRODUCTLOCALE="en-US"
STUDYLOCALE="en-US"/>


<USER  USERNAME="Z1X2072"
USERTYPE="SPONSOR"
FIRSTNAME="Jessica"
LASTNAME="Velez Carrasco"
DISPLAYNAME="Jessica Velez Carrasco"
COUNTRY="PUERTO RICO"
PHONE="7877872946748"
ALTPHONE="787"
FAX="787"
EMAIL="Jessica.VelezCarrasco@quintiles.com"
ACTIVESTATE="true"
DELETESTATE="false"
UPDATE="true"
PASSWORD="lD6nM53gX2yG811925"
BEEPER="787"
USERDATEFORMAT="DAY_MONTH_YEAR"
HOMESCREENURL="./Portal/default.htm"
USERMUSTRESETPASSWORD="TRUE"
PRODUCTLOCALE="en-US"
STUDYLOCALE="en-US"/>


<USER  USERNAME="z1x1846"
USERTYPE="SPONSOR"
FIRSTNAME="Alina"
LASTNAME="Fries"
DISPLAYNAME="Alina Fries"
COUNTRY="UNITED STATES"
PHONE="17024586635"
ALTPHONE="1"
FAX="1"
EMAIL="alina.fries@quintiles.com"
ACTIVESTATE="true"
DELETESTATE="false"
UPDATE="true"
PASSWORD="lL15p3Qp91CsM63184"
BEEPER="1"
USERDATEFORMAT="DAY_MONTH_YEAR"
HOMESCREENURL="./Portal/default.htm"
USERMUSTRESETPASSWORD="TRUE"
PRODUCTLOCALE="en-US"
STUDYLOCALE="en-US"/>


<USER  USERNAME="z2x2460"
USERTYPE="SPONSOR"
FIRSTNAME="Azfar"
LASTNAME="Siddiqui"
DISPLAYNAME="Azfar Siddiqui"
COUNTRY="UNITED STATES"
PHONE="14242479347"
ALTPHONE="1"
FAX="1"
EMAIL="azfar.siddiqui@quintiles.com"
ACTIVESTATE="true"
DELETESTATE="false"
UPDATE="true"
PASSWORD="T5mqG98jJ20uX19850"
BEEPER="1"
USERDATEFORMAT="DAY_MONTH_YEAR"
HOMESCREENURL="./Portal/default.htm"
USERMUSTRESETPASSWORD="TRUE"
PRODUCTLOCALE="en-US"
STUDYLOCALE="en-US"/>


<USER  USERNAME="z1x2603"
USERTYPE="SPONSOR"
FIRSTNAME="Duyen"
LASTNAME="Nguyen"
DISPLAYNAME="Duyen Nguyen"
COUNTRY="UNITED STATES"
PHONE="17604384184"
ALTPHONE="1"
FAX="1"
EMAIL="duyen.nguyen@quintiles.com"
ACTIVESTATE="true"
DELETESTATE="false"
UPDATE="true"
PASSWORD="cL95yN67lC8mV525371"
BEEPER="1"
USERDATEFORMAT="DAY_MONTH_YEAR"
HOMESCREENURL="./Portal/default.htm"
USERMUSTRESETPASSWORD="TRUE"
PRODUCTLOCALE="en-US"
STUDYLOCALE="en-US"/>


<USER  USERNAME="dlatham"
USERTYPE="SITE"
FIRSTNAME="Destiny"
LASTNAME="Latham"
DISPLAYNAME="Destiny Latham"
COUNTRY="UNITED STATES"
PHONE="14799369900"
ALTPHONE="1"
FAX="1"
EMAIL="dlatham@hogonc.com"
ACTIVESTATE="true"
DELETESTATE="false"
UPDATE="true"
PASSWORD="k5HdT4qV8S5c4686"
BEEPER="1"
USERDATEFORMAT="DAY_MONTH_YEAR"
HOMESCREENURL="./Portal/default.htm"
USERMUSTRESETPASSWORD="TRUE"
PRODUCTLOCALE="en-US"
STUDYLOCALE="en-US"/>


<USER  USERNAME="elopez"
USERTYPE="SITE"
FIRSTNAME="Erika"
LASTNAME="Lopez"
DISPLAYNAME="Erika Lopez"
COUNTRY="UNITED STATES"
PHONE="12146487029"
ALTPHONE="1"
FAX="1"
EMAIL="erika.lopez@utsouthwestern.edu"
ACTIVESTATE="true"
DELETESTATE="false"
UPDATE="true"
PASSWORD="g1Wx61UyJ3nR288611"
BEEPER="1"
USERDATEFORMAT="DAY_MONTH_YEAR"
HOMESCREENURL="./Portal/default.htm"
USERMUSTRESETPASSWORD="TRUE"
PRODUCTLOCALE="en-US"
STUDYLOCALE="en-US"/>


<USER  USERNAME="mshah"
USERTYPE="SITE"
FIRSTNAME="Manish"
LASTNAME="Shah"
DISPLAYNAME="Manish Shah"
COUNTRY="UNITED STATES"
PHONE="16469629343"
ALTPHONE="1"
FAX="1"
EMAIL="mas9313@med.cornell.edu"
ACTIVESTATE="true"
DELETESTATE="false"
UPDATE="true"
PASSWORD="yC32oT7e9YbJ19512"
BEEPER="1"
USERDATEFORMAT="DAY_MONTH_YEAR"
HOMESCREENURL="./Portal/default.htm"
USERMUSTRESETPASSWORD="TRUE"
PRODUCTLOCALE="en-US"
STUDYLOCALE="en-US"/>


<USER  USERNAME="cfuchs"
USERTYPE="SITE"
FIRSTNAME="Charles"
LASTNAME="Fuchs"
DISPLAYNAME="Charles Fuchs"
COUNTRY="UNITED STATES"
PHONE="16176325840"
ALTPHONE="1"
FAX="1"
EMAIL="charles_fuchs@dfci.harvard.edu"
ACTIVESTATE="true"
DELETESTATE="false"
UPDATE="true"
PASSWORD="q4Lj52Qr3OhH63846"
BEEPER="1"
USERDATEFORMAT="DAY_MONTH_YEAR"
HOMESCREENURL="./Portal/default.htm"
USERMUSTRESETPASSWORD="TRUE"
PRODUCTLOCALE="en-US"
STUDYLOCALE="en-US"/>


<USER  USERNAME="egeorgi"
USERTYPE="SITE"
FIRSTNAME="Eileen"
LASTNAME="Georgi"
DISPLAYNAME="Eileen Georgi"
COUNTRY="UNITED STATES"
PHONE="19542677748"
ALTPHONE="1"
FAX="1"
EMAIL="eileen.georgi@holy-cross.com"
ACTIVESTATE="true"
DELETESTATE="false"
UPDATE="true"
PASSWORD="c6FwV6jP79qF42033"
BEEPER="1"
USERDATEFORMAT="DAY_MONTH_YEAR"
HOMESCREENURL="./Portal/default.htm"
USERMUSTRESETPASSWORD="TRUE"
PRODUCTLOCALE="en-US"
STUDYLOCALE="en-US"/>


<USER  USERNAME="lpfeifer"
USERTYPE="SITE"
FIRSTNAME="Lisa"
LASTNAME="Pfeifer"
DISPLAYNAME="Lisa Pfeifer"
COUNTRY="UNITED STATES"
PHONE="14023548250"
ALTPHONE="1"
FAX="1"
EMAIL="lisa.pfeifer@nmhs.org"
ACTIVESTATE="true"
DELETESTATE="false"
UPDATE="true"
PASSWORD="vY44iO0w37SuF58673"
BEEPER="1"
USERDATEFORMAT="DAY_MONTH_YEAR"
HOMESCREENURL="./Portal/default.htm"
USERMUSTRESETPASSWORD="TRUE"
PRODUCTLOCALE="en-US"
STUDYLOCALE="en-US"/>


<USER  USERNAME="cmargis"
USERTYPE="SITE"
FIRSTNAME="Carrie"
LASTNAME="Margis"
DISPLAYNAME="Carrie Margis"
COUNTRY="UNITED STATES"
PHONE="13092433621"
ALTPHONE="1"
FAX="1"
EMAIL="cmargis@illinoiscancercare.com"
ACTIVESTATE="true"
DELETESTATE="false"
UPDATE="true"
PASSWORD="jR43k6KzS67T7s9883"
BEEPER="1"
USERDATEFORMAT="DAY_MONTH_YEAR"
HOMESCREENURL="./Portal/default.htm"
USERMUSTRESETPASSWORD="TRUE"
PRODUCTLOCALE="en-US"
STUDYLOCALE="en-US"/>


<USER  USERNAME="tcolvin"
USERTYPE="SITE"
FIRSTNAME="Tiffany"
LASTNAME="Colvin"
DISPLAYNAME="Tiffany Colvin"
COUNTRY="UNITED STATES"
PHONE="17208480664"
ALTPHONE="1"
FAX="1"
EMAIL="tiffany.colvin@ucdenver.edu"
ACTIVESTATE="true"
DELETESTATE="false"
UPDATE="true"
PASSWORD="d4Jw61Wy1OfA91194"
BEEPER="1"
USERDATEFORMAT="DAY_MONTH_YEAR"
HOMESCREENURL="./Portal/default.htm"
USERMUSTRESETPASSWORD="TRUE"
PRODUCTLOCALE="en-US"
STUDYLOCALE="en-US"/>


<USER  USERNAME="lyonemoto"
USERTYPE="SITE"
FIRSTNAME="Lisa"
LASTNAME="Yonemoto"
DISPLAYNAME="Lisa Yonemoto"
COUNTRY="UNITED STATES"
PHONE="13105824069"
ALTPHONE="1"
FAX="1"
EMAIL="lyonemoto@mednet.ucla.edu"
ACTIVESTATE="true"
DELETESTATE="false"
UPDATE="true"
PASSWORD="e7OA4jD5ko93I5427"
BEEPER="1"
USERDATEFORMAT="DAY_MONTH_YEAR"
HOMESCREENURL="./Portal/default.htm"
USERMUSTRESETPASSWORD="TRUE"
PRODUCTLOCALE="en-US"
STUDYLOCALE="en-US"/>


<USER  USERNAME="mraj"
USERTYPE="SITE"
FIRSTNAME="Moses"
LASTNAME="Raj"
DISPLAYNAME="Moses Raj"
COUNTRY="UNITED STATES"
PHONE="14123596863"
ALTPHONE="1"
FAX="1"
EMAIL="mraj@wpaon.org"
ACTIVESTATE="true"
DELETESTATE="false"
UPDATE="true"
PASSWORD="h4OuK3i82Dt4M6636"
BEEPER="1"
USERDATEFORMAT="DAY_MONTH_YEAR"
HOMESCREENURL="./Portal/default.htm"
USERMUSTRESETPASSWORD="TRUE"
PRODUCTLOCALE="en-US"
STUDYLOCALE="en-US"/>


<USER  USERNAME="lbaez"
USERTYPE="SITE"
FIRSTNAME="Luis"
LASTNAME="Baez"
DISPLAYNAME="Luis Baez"
COUNTRY="PUERTO RICO"
PHONE="7877877831296"
ALTPHONE="787"
FAX="787"
EMAIL="baez.luis@sanjuanccop.org"
ACTIVESTATE="true"
DELETESTATE="false"
UPDATE="true"
PASSWORD="uB58mL8l18Ba75Q7846"
BEEPER="787"
USERDATEFORMAT="DAY_MONTH_YEAR"
HOMESCREENURL="./Portal/default.htm"
USERMUSTRESETPASSWORD="TRUE"
PRODUCTLOCALE="en-US"
STUDYLOCALE="en-US"/>


<USER  USERNAME="fcabanillas"
USERTYPE="SITE"
FIRSTNAME="Fernando"
LASTNAME="Cabanillas"
DISPLAYNAME="Fernando Cabanillas"
COUNTRY="PUERTO RICO"
PHONE="7877877717933"
ALTPHONE="787"
FAX="787"
EMAIL="fcabanil@mdanderson.org"
ACTIVESTATE="true"
DELETESTATE="false"
UPDATE="true"
PASSWORD="tU57gM24nO97r2U9056"
BEEPER="787"
USERDATEFORMAT="DAY_MONTH_YEAR"
HOMESCREENURL="./Portal/default.htm"
USERMUSTRESETPASSWORD="TRUE"
PRODUCTLOCALE="en-US"
STUDYLOCALE="en-US"/>


<USER  USERNAME="wcaceres"
USERTYPE="SITE"
FIRSTNAME="William"
LASTNAME="Caceres"
DISPLAYNAME="William Caceres"
COUNTRY="PUERTO RICO"
PHONE="7877876417582"
ALTPHONE="787"
FAX="787"
EMAIL="william.caceres@va.gov"
ACTIVESTATE="true"
DELETESTATE="false"
UPDATE="true"
PASSWORD="jS93xS7l7KA8c7551"
BEEPER="787"
USERDATEFORMAT="DAY_MONTH_YEAR"
HOMESCREENURL="./Portal/default.htm"
USERMUSTRESETPASSWORD="TRUE"
PRODUCTLOCALE="en-US"
STUDYLOCALE="en-US"/>


<USER  USERNAME="cdenlinger"
USERTYPE="SITE"
FIRSTNAME="Crystal"
LASTNAME="Denlinger"
DISPLAYNAME="Crystal Denlinger"
COUNTRY="UNITED STATES"
PHONE="12152141724"
ALTPHONE="1"
FAX="1"
EMAIL="crystal.denlinger@fccc.edu"
ACTIVESTATE="true"
DELETESTATE="false"
UPDATE="true"
PASSWORD="fG56i55BJ3ic0C1577"
BEEPER="1"
USERDATEFORMAT="DAY_MONTH_YEAR"
HOMESCREENURL="./Portal/default.htm"
USERMUSTRESETPASSWORD="TRUE"
PRODUCTLOCALE="en-US"
STUDYLOCALE="en-US"/>


<USER  USERNAME="kdooley"
USERTYPE="SITE"
FIRSTNAME="Kirsten"
LASTNAME="Dooley"
DISPLAYNAME="Kirsten Dooley"
COUNTRY="UNITED STATES"
PHONE="12037852836"
ALTPHONE="1"
FAX="1"
EMAIL="kirsten.dooley@yale.edu"
ACTIVESTATE="true"
DELETESTATE="false"
UPDATE="true"
PASSWORD="cV18l5Mz80He19H5502"
BEEPER="1"
USERDATEFORMAT="DAY_MONTH_YEAR"
HOMESCREENURL="./Portal/default.htm"
USERMUSTRESETPASSWORD="TRUE"
PRODUCTLOCALE="en-US"
STUDYLOCALE="en-US"/>


<USER  USERNAME="atoro"
USERTYPE="SITE"
FIRSTNAME="Alia"
LASTNAME="Toro"
DISPLAYNAME="Alia Toro"
COUNTRY="PUERTO RICO"
PHONE="7877876516697"
ALTPHONE="787"
FAX="787"
EMAIL="atoro@ad-vanceresearch.com"
ACTIVESTATE="true"
DELETESTATE="false"
UPDATE="true"
PASSWORD="a36RuH0rJ8gK499427"
BEEPER="787"
USERDATEFORMAT="DAY_MONTH_YEAR"
HOMESCREENURL="./Portal/default.htm"
USERMUSTRESETPASSWORD="TRUE"
PRODUCTLOCALE="en-US"
STUDYLOCALE="en-US"/>


<USER  USERNAME="otadesse"
USERTYPE="SITE"
FIRSTNAME="Obsy"
LASTNAME="Tadesse"
DISPLAYNAME="Obsy Tadesse"
COUNTRY="UNITED STATES"
PHONE="12062886439"
ALTPHONE="1"
FAX="1"
EMAIL="otadesse@seattlecca.org"
ACTIVESTATE="true"
DELETESTATE="false"
UPDATE="true"
PASSWORD="lC68c4JoS7yV6737"
BEEPER="1"
USERDATEFORMAT="DAY_MONTH_YEAR"
HOMESCREENURL="./Portal/default.htm"
USERMUSTRESETPASSWORD="TRUE"
PRODUCTLOCALE="en-US"
STUDYLOCALE="en-US"/>


<USER  USERNAME="hnimeiri"
USERTYPE="SITE"
FIRSTNAME="Halla"
LASTNAME="Nimeiri"
DISPLAYNAME="Halla Nimeiri"
COUNTRY="UNITED STATES"
PHONE="13125954368"
ALTPHONE="1"
FAX="1"
EMAIL="h-nimeiri@northwestern.edu"
ACTIVESTATE="true"
DELETESTATE="false"
UPDATE="true"
PASSWORD="i63GrF8h3Bz2T4662"
BEEPER="1"
USERDATEFORMAT="DAY_MONTH_YEAR"
HOMESCREENURL="./Portal/default.htm"
USERMUSTRESETPASSWORD="TRUE"
PRODUCTLOCALE="en-US"
STUDYLOCALE="en-US"/>


<USER  USERNAME="cbiermeier"
USERTYPE="SITE"
FIRSTNAME="Christine"
LASTNAME="Biermeier"
DISPLAYNAME="Christine Biermeier"
COUNTRY="UNITED STATES"
PHONE="17272161143"
ALTPHONE="1"
FAX="1"
EMAIL="cbiermeier@flcancer.com"
ACTIVESTATE="true"
DELETESTATE="false"
UPDATE="true"
PASSWORD="K1az5Cc95PuA275256"
BEEPER="1"
USERDATEFORMAT="DAY_MONTH_YEAR"
HOMESCREENURL="./Portal/default.htm"
USERMUSTRESETPASSWORD="TRUE"
PRODUCTLOCALE="en-US"
STUDYLOCALE="en-US"/>


<USER  USERNAME="scalvert"
USERTYPE="SITE"
FIRSTNAME="Sharon"
LASTNAME="Calvert"
DISPLAYNAME="Sharon Calvert"
COUNTRY="UNITED STATES"
PHONE="16153297235"
ALTPHONE="1"
FAX="1"
EMAIL="sharon.calvert@scresearch.net"
ACTIVESTATE="true"
DELETESTATE="false"
UPDATE="true"
PASSWORD="E8ag49Of31NbL46466"
BEEPER="1"
USERDATEFORMAT="DAY_MONTH_YEAR"
HOMESCREENURL="./Portal/default.htm"
USERMUSTRESETPASSWORD="TRUE"
PRODUCTLOCALE="en-US"
STUDYLOCALE="en-US"/>


<USER  USERNAME="ngiven"
USERTYPE="SITE"
FIRSTNAME="Nicole"
LASTNAME="Given"
DISPLAYNAME="Nicole Given"
COUNTRY="UNITED STATES"
PHONE="15137512273"
ALTPHONE="1"
FAX="1"
EMAIL="ngiven@ohcare.com"
ACTIVESTATE="true"
DELETESTATE="false"
UPDATE="true"
PASSWORD="e49ZmO1hR48qW557676"
BEEPER="1"
USERDATEFORMAT="DAY_MONTH_YEAR"
HOMESCREENURL="./Portal/default.htm"
USERMUSTRESETPASSWORD="TRUE"
PRODUCTLOCALE="en-US"
STUDYLOCALE="en-US"/>


<USER  USERNAME="cokeefe"
USERTYPE="SITE"
FIRSTNAME="Cara"
LASTNAME="Okeefe"
DISPLAYNAME="Cara Okeefe"
COUNTRY="UNITED STATES"
PHONE="12392749930"
ALTPHONE="1"
FAX="1"
EMAIL="cokeefe@flcancer.com"
ACTIVESTATE="true"
DELETESTATE="false"
UPDATE="true"
PASSWORD="u53ToD94V3viO144724"
BEEPER="1"
USERDATEFORMAT="DAY_MONTH_YEAR"
HOMESCREENURL="./Portal/default.htm"
USERMUSTRESETPASSWORD="TRUE"
PRODUCTLOCALE="en-US"
STUDYLOCALE="en-US"/>


<USER  USERNAME="shutcherson"
USERTYPE="SITE"
FIRSTNAME="Sherry"
LASTNAME="Hutcherson"
DISPLAYNAME="Sherry Hutcherson"
COUNTRY="UNITED STATES"
PHONE="13107503376"
ALTPHONE="1"
FAX="1"
EMAIL="shutcherson@mednet.ucla.edu"
ACTIVESTATE="true"
DELETESTATE="false"
UPDATE="true"
PASSWORD="h26TC2uW7zzZ35934"
BEEPER="1"
USERDATEFORMAT="DAY_MONTH_YEAR"
HOMESCREENURL="./Portal/default.htm"
USERMUSTRESETPASSWORD="TRUE"
PRODUCTLOCALE="en-US"
STUDYLOCALE="en-US"/>


<USER  USERNAME="gmaddenmathes"
USERTYPE="SITE"
FIRSTNAME="Gayle"
LASTNAME="Madden Mathes"
DISPLAYNAME="Gayle Madden Mathes"
COUNTRY="UNITED STATES"
PHONE="17144465804"
ALTPHONE="1"
FAX="1"
EMAIL="gayle.madden-mathes@stjoe.org"
ACTIVESTATE="true"
DELETESTATE="false"
UPDATE="true"
PASSWORD="uE23wJ87i77YE6s4429"
BEEPER="1"
USERDATEFORMAT="DAY_MONTH_YEAR"
HOMESCREENURL="./Portal/default.htm"
USERMUSTRESETPASSWORD="TRUE"
PRODUCTLOCALE="en-US"
STUDYLOCALE="en-US"/>


<USER  USERNAME="sdara"
USERTYPE="SITE"
FIRSTNAME="Sudha"
LASTNAME="Dara"
DISPLAYNAME="Sudha Dara"
COUNTRY="UNITED STATES"
PHONE="16616161619"
ALTPHONE="1"
FAX="1"
EMAIL="sdara@cbccusa.com"
ACTIVESTATE="true"
DELETESTATE="false"
UPDATE="true"
PASSWORD="rT74jG36b34JlU68354"
BEEPER="1"
USERDATEFORMAT="DAY_MONTH_YEAR"
HOMESCREENURL="./Portal/default.htm"
USERMUSTRESETPASSWORD="TRUE"
PRODUCTLOCALE="en-US"
STUDYLOCALE="en-US"/>


<USER  USERNAME="dkatz"
USERTYPE="SITE"
FIRSTNAME="Donna"
LASTNAME="Katz"
DISPLAYNAME="Donna Katz"
COUNTRY="UNITED STATES"
PHONE="17029522084"
ALTPHONE="1"
FAX="1"
EMAIL="donnakatz@mednet.ucla.edu"
ACTIVESTATE="true"
DELETESTATE="false"
UPDATE="true"
PASSWORD="D7gE5ldM79e4R6849"
BEEPER="1"
USERDATEFORMAT="DAY_MONTH_YEAR"
HOMESCREENURL="./Portal/default.htm"
USERMUSTRESETPASSWORD="TRUE"
PRODUCTLOCALE="en-US"
STUDYLOCALE="en-US"/>


<USER  USERNAME="mjoncas"
USERTYPE="SITE"
FIRSTNAME="Marie-Claude"
LASTNAME="Joncas"
DISPLAYNAME="Marie-Claude Joncas"
COUNTRY="UNITED STATES"
PHONE="15149341934"
ALTPHONE="1"
FAX="1"
EMAIL="marie-claude.joncas@muhc.mcgill.ca"
ACTIVESTATE="true"
DELETESTATE="false"
UPDATE="true"
PASSWORD="v7XsA73P2en2F3898"
BEEPER="1"
USERDATEFORMAT="DAY_MONTH_YEAR"
HOMESCREENURL="./Portal/default.htm"
USERMUSTRESETPASSWORD="TRUE"
PRODUCTLOCALE="en-US"
STUDYLOCALE="en-US"/>


<USER  USERNAME="cmacdonald"
USERTYPE="SITE"
FIRSTNAME="Cathy"
LASTNAME="Macdonald"
DISPLAYNAME="Cathy Macdonald"
COUNTRY="CANADA"
PHONE="14164805000"
ALTPHONE="1"
FAX="1"
EMAIL="cathy.macdonald@sunnybrook.ca"
ACTIVESTATE="true"
DELETESTATE="false"
UPDATE="true"
PASSWORD="b58IaG2O3rvS42393"
BEEPER="1"
USERDATEFORMAT="DAY_MONTH_YEAR"
HOMESCREENURL="./Portal/default.htm"
USERMUSTRESETPASSWORD="TRUE"
PRODUCTLOCALE="en-US"
STUDYLOCALE="en-US"/>


<USER  USERNAME="mtehfe"
USERTYPE="SITE"
FIRSTNAME="Mustapha"
LASTNAME="Tehfe"
DISPLAYNAME="Mustapha Tehfe"
COUNTRY="CANADA"
PHONE="15148908000"
ALTPHONE="1"
FAX="1"
EMAIL="mustapha.tehfe.chum@ssss.gouv.qc.ca"
ACTIVESTATE="true"
DELETESTATE="false"
UPDATE="true"
PASSWORD="k32HsH7u58GlD63603"
BEEPER="1"
USERDATEFORMAT="DAY_MONTH_YEAR"
HOMESCREENURL="./Portal/default.htm"
USERMUSTRESETPASSWORD="TRUE"
PRODUCTLOCALE="en-US"
STUDYLOCALE="en-US"/>


<USER  USERNAME="hlin"
USERTYPE="SITE"
FIRSTNAME="Howard"
LASTNAME="Lim"
DISPLAYNAME="Howard Lim"
COUNTRY="CANADA"
PHONE="16048776000"
ALTPHONE="1"
FAX="1"
EMAIL="hlim@bccancer.bc.ca"
ACTIVESTATE="true"
DELETESTATE="false"
UPDATE="true"
PASSWORD="c53MjA7jZ90dA127836"
BEEPER="1"
USERDATEFORMAT="DAY_MONTH_YEAR"
HOMESCREENURL="./Portal/default.htm"
USERMUSTRESETPASSWORD="TRUE"
PRODUCTLOCALE="en-US"
STUDYLOCALE="en-US"/>


<USER  USERNAME="rburkes"
USERTYPE="SITE"
FIRSTNAME="Ronald"
LASTNAME="Burkes"
DISPLAYNAME="Ronald Burkes"
COUNTRY="PUERTO RICO"
PHONE="7874165865117"
ALTPHONE="787"
FAX="787"
EMAIL="rburkes@mtsinai.on.ca"
ACTIVESTATE="true"
DELETESTATE="false"
UPDATE="true"
PASSWORD="oH53j1BmJ83p44E9046"
BEEPER="787"
USERDATEFORMAT="DAY_MONTH_YEAR"
HOMESCREENURL="./Portal/default.htm"
USERMUSTRESETPASSWORD="TRUE"
PRODUCTLOCALE="en-US"
STUDYLOCALE="en-US"/>


<USER  USERNAME="cbrezdenmasley"
USERTYPE="SITE"
FIRSTNAME="Christine"
LASTNAME="Brezden Masley"
DISPLAYNAME="Christine Brezden Masley"
COUNTRY="PUERTO RICO"
PHONE="7874168645734"
ALTPHONE="787"
FAX="787"
EMAIL="brezdenc@smh.ca"
ACTIVESTATE="true"
DELETESTATE="false"
UPDATE="true"
PASSWORD="yA52x11NH8msW40357"
BEEPER="787"
USERDATEFORMAT="DAY_MONTH_YEAR"
HOMESCREENURL="./Portal/default.htm"
USERMUSTRESETPASSWORD="TRUE"
PRODUCTLOCALE="en-US"
STUDYLOCALE="en-US"/>


<USER  USERNAME="coder_query"
USERTYPE="SPONSOR"
FIRSTNAME="Coder"
LASTNAME="Query"
DISPLAYNAME="Coder Query"
COUNTRY="UNITED STATES"
PHONE="11"
ALTPHONE="1"
FAX="1"
EMAIL="talley_dorothea_d@lilly.com"
ACTIVESTATE="true"
DELETESTATE="false"
UPDATE="true"
PASSWORD="S2cE9cd47FvT01265"
BEEPER="1"
USERDATEFORMAT="DAY_MONTH_YEAR"
HOMESCREENURL="./Portal/default.htm"
USERMUSTRESETPASSWORD="TRUE"
PRODUCTLOCALE="en-US"
STUDYLOCALE="en-US"/>


<USER  USERNAME="a608261"
USERTYPE="SPONSOR"
FIRSTNAME="Penny"
LASTNAME="Altman"
DISPLAYNAME="Penny Altman"
COUNTRY="UNITED STATES"
PHONE="13176511479"
ALTPHONE="1"
FAX="1"
EMAIL="altman_penny_s@lilly.com"
ACTIVESTATE="true"
DELETESTATE="false"
UPDATE="true"
PASSWORD="jI95t5MaU22O4j1363"
BEEPER="1"
USERDATEFORMAT="DAY_MONTH_YEAR"
HOMESCREENURL="./Portal/default.htm"
USERMUSTRESETPASSWORD="TRUE"
PRODUCTLOCALE="en-US"
STUDYLOCALE="en-US"/>


<USER  USERNAME="rm90029"
USERTYPE="SPONSOR"
FIRSTNAME="Kathy"
LASTNAME="Britton"
DISPLAYNAME="Kathy Britton"
COUNTRY="UNITED STATES"
PHONE="13172773370"
ALTPHONE="1"
FAX="1"
EMAIL="Britton_Kathy@Lilly.com"
ACTIVESTATE="true"
DELETESTATE="false"
UPDATE="true"
PASSWORD="w0HH7qK4bB1c7091"
BEEPER="1"
USERDATEFORMAT="DAY_MONTH_YEAR"
HOMESCREENURL="./Portal/default.htm"
USERMUSTRESETPASSWORD="TRUE"
PRODUCTLOCALE="en-US"
STUDYLOCALE="en-US"/>


<USER  USERNAME="c071673"
USERTYPE="SPONSOR"
FIRSTNAME="Vanessa"
LASTNAME="Distel"
DISPLAYNAME="Vanessa Distel"
COUNTRY="UNITED STATES"
PHONE="13172763881"
ALTPHONE="1"
FAX="1"
EMAIL="distel_vanessa_m@lilly.com"
ACTIVESTATE="true"
DELETESTATE="false"
UPDATE="true"
PASSWORD="r95KI4uvG21bY18658"
BEEPER="1"
USERDATEFORMAT="DAY_MONTH_YEAR"
HOMESCREENURL="./Portal/default.htm"
USERMUSTRESETPASSWORD="TRUE"
PRODUCTLOCALE="en-US"
STUDYLOCALE="en-US"/>


<USER  USERNAME="jhernandez"
USERTYPE="SITE"
FIRSTNAME="Jannet"
LASTNAME="Hernandez"
DISPLAYNAME="Jannet Hernandez"
COUNTRY="PUERTO RICO"
PHONE="7877876516697"
ALTPHONE="787"
FAX="787"
EMAIL="jannetthernandez.rn@gmail.com"
ACTIVESTATE="true"
DELETESTATE="false"
UPDATE="true"
PASSWORD="fZ9P3aI4dr4X7015"
BEEPER="787"
USERDATEFORMAT="DAY_MONTH_YEAR"
HOMESCREENURL="./Portal/default.htm"
USERMUSTRESETPASSWORD="TRUE"
PRODUCTLOCALE="en-US"
STUDYLOCALE="en-US"/>


<USER  USERNAME="eshacham"
USERTYPE="SITE"
FIRSTNAME="Einat"
LASTNAME="Shacham Shmueli"
DISPLAYNAME="Einat Shacham Shmueli"
COUNTRY="ISRAEL"
PHONE="97297235302591"
ALTPHONE="972"
FAX="972"
EMAIL="einat.shachamshmueli@sheba.health.gov.il"
ACTIVESTATE="true"
DELETESTATE="false"
UPDATE="true"
PASSWORD="w84ZtN29n56SjU79707"
BEEPER="972"
USERDATEFORMAT="DAY_MONTH_YEAR"
HOMESCREENURL="./Portal/default.htm"
USERMUSTRESETPASSWORD="TRUE"
PRODUCTLOCALE="en-US"
STUDYLOCALE="en-US"/>


<USER  USERNAME="v6x8058"
USERTYPE="SPONSOR"
FIRSTNAME="Heidi"
LASTNAME="Gertiser"
DISPLAYNAME="Heidi Gertiser"
COUNTRY="UNITED STATES"
PHONE="13174339126"
ALTPHONE="1"
FAX="1"
EMAIL="Gertiser_Heidi@lilly.com"
ACTIVESTATE="true"
DELETESTATE="false"
UPDATE="true"
PASSWORD="nV2m64QpQ54iU841773"
BEEPER="1"
USERDATEFORMAT="DAY_MONTH_YEAR"
HOMESCREENURL="./Portal/default.htm"
USERMUSTRESETPASSWORD="TRUE"
PRODUCTLOCALE="en-US"
STUDYLOCALE="en-US"/>


<USER  USERNAME="c039853"
USERTYPE="SPONSOR"
FIRSTNAME="Teresa"
LASTNAME="Hogan"
DISPLAYNAME="Teresa Hogan"
COUNTRY="UNITED STATES"
PHONE="13176552174"
ALTPHONE="1"
FAX="1"
EMAIL="hogan_teresa_l@lilly.com"
ACTIVESTATE="true"
DELETESTATE="false"
UPDATE="true"
PASSWORD="oI9L4yyY5tI701241"
BEEPER="1"
USERDATEFORMAT="DAY_MONTH_YEAR"
HOMESCREENURL="./Portal/default.htm"
USERMUSTRESETPASSWORD="TRUE"
PRODUCTLOCALE="en-US"
STUDYLOCALE="en-US"/>


<USER  USERNAME="wj01346"
USERTYPE="SPONSOR"
FIRSTNAME="Tomoko"
LASTNAME="Hyodo"
DISPLAYNAME="Tomoko Hyodo"
COUNTRY="JAPAN"
PHONE="8181782429867"
ALTPHONE="81"
FAX="81"
EMAIL="hyodo_tomoko@lilly.com"
ACTIVESTATE="true"
DELETESTATE="false"
UPDATE="true"
PASSWORD="wV81uI67bT9O8x9684"
BEEPER="81"
USERDATEFORMAT="DAY_MONTH_YEAR"
HOMESCREENURL="./Portal/default.htm"
USERMUSTRESETPASSWORD="TRUE"
PRODUCTLOCALE="en-US"
STUDYLOCALE="en-US"/>


<USER  USERNAME="c149066"
USERTYPE="SPONSOR"
FIRSTNAME="Yang"
LASTNAME="Liu"
DISPLAYNAME="Yang Liu"
COUNTRY="UNITED STATES"
PHONE="13172777362"
ALTPHONE="1"
FAX="1"
EMAIL="liu_yang@lilly.com"
ACTIVESTATE="true"
DELETESTATE="false"
UPDATE="true"
PASSWORD="j5Dq5WsJ78A4k5514"
BEEPER="1"
USERDATEFORMAT="DAY_MONTH_YEAR"
HOMESCREENURL="./Portal/default.htm"
USERMUSTRESETPASSWORD="TRUE"
PRODUCTLOCALE="en-US"
STUDYLOCALE="en-US"/>


<USER  USERNAME="rm36132"
USERTYPE="SPONSOR"
FIRSTNAME="Jan"
LASTNAME="Myers"
DISPLAYNAME="Jan Myers"
COUNTRY="UNITED STATES"
PHONE="13172776603"
ALTPHONE="1"
FAX="1"
EMAIL="myers_jan_e@lilly.com"
ACTIVESTATE="true"
DELETESTATE="false"
UPDATE="true"
PASSWORD="aD85x1DU1dgZ87389"
BEEPER="1"
USERDATEFORMAT="DAY_MONTH_YEAR"
HOMESCREENURL="./Portal/default.htm"
USERMUSTRESETPASSWORD="TRUE"
PRODUCTLOCALE="en-US"
STUDYLOCALE="en-US"/>


<USER  USERNAME="wj01740"
USERTYPE="SPONSOR"
FIRSTNAME="Rie"
LASTNAME="Nagashiro"
DISPLAYNAME="Rie Nagashiro"
COUNTRY="JAPAN"
PHONE="8181782429576"
ALTPHONE="81"
FAX="81"
EMAIL="nagashiro_rie@lilly.com"
ACTIVESTATE="true"
DELETESTATE="false"
UPDATE="true"
PASSWORD="fD92uI8X7akN162589"
BEEPER="81"
USERDATEFORMAT="DAY_MONTH_YEAR"
HOMESCREENURL="./Portal/default.htm"
USERMUSTRESETPASSWORD="TRUE"
PRODUCTLOCALE="en-US"
STUDYLOCALE="en-US"/>


<USER  USERNAME="rm87430"
USERTYPE="SPONSOR"
FIRSTNAME="John"
LASTNAME="Plewes"
DISPLAYNAME="John Plewes"
COUNTRY="UNITED STATES"
PHONE="13172764424"
ALTPHONE="1"
FAX="1"
EMAIL="plewes_john_m@lilly.com"
ACTIVESTATE="true"
DELETESTATE="false"
UPDATE="true"
PASSWORD="iR45wH3tS70C0q7477"
BEEPER="1"
USERDATEFORMAT="DAY_MONTH_YEAR"
HOMESCREENURL="./Portal/default.htm"
USERMUSTRESETPASSWORD="TRUE"
PRODUCTLOCALE="en-US"
STUDYLOCALE="en-US"/>


<USER  USERNAME="c089548"
USERTYPE="SPONSOR"
FIRSTNAME="Douglas"
LASTNAME="Roepke"
DISPLAYNAME="Douglas Roepke"
COUNTRY="UNITED STATES"
PHONE="13172767364"
ALTPHONE="1"
FAX="1"
EMAIL="roepke_douglas_andrew@lilly.com"
ACTIVESTATE="true"
DELETESTATE="false"
UPDATE="true"
PASSWORD="m7YyF60W0chZ803923"
BEEPER="1"
USERDATEFORMAT="DAY_MONTH_YEAR"
HOMESCREENURL="./Portal/default.htm"
USERMUSTRESETPASSWORD="TRUE"
PRODUCTLOCALE="en-US"
STUDYLOCALE="en-US"/>


<USER  USERNAME="c075541"
USERTYPE="SPONSOR"
FIRSTNAME="Sara"
LASTNAME="Vandermark"
DISPLAYNAME="Sara Vandermark"
COUNTRY="UNITED STATES"
PHONE="13176553465"
ALTPHONE="1"
FAX="1"
EMAIL="Vandermark_Sara@lilly.com"
ACTIVESTATE="true"
DELETESTATE="false"
UPDATE="true"
PASSWORD="cI70r9Vr7Gc62H5798"
BEEPER="1"
USERDATEFORMAT="DAY_MONTH_YEAR"
HOMESCREENURL="./Portal/default.htm"
USERMUSTRESETPASSWORD="TRUE"
PRODUCTLOCALE="en-US"
STUDYLOCALE="en-US"/>


<USER  USERNAME="c026393"
USERTYPE="SPONSOR"
FIRSTNAME="LeeAnn"
LASTNAME="Wininger"
DISPLAYNAME="LeeAnn Wininger"
COUNTRY="UNITED STATES"
PHONE="13176513238"
ALTPHONE="1"
FAX="1"
EMAIL="Wininger_Lee_Ann@lilly.com"
ACTIVESTATE="true"
DELETESTATE="false"
UPDATE="true"
PASSWORD="e68BnC28tN57rB86713"
BEEPER="1"
USERDATEFORMAT="DAY_MONTH_YEAR"
HOMESCREENURL="./Portal/default.htm"
USERMUSTRESETPASSWORD="TRUE"
PRODUCTLOCALE="en-US"
STUDYLOCALE="en-US"/>


<USER  USERNAME="rm80655"
USERTYPE="SPONSOR"
FIRSTNAME="Michael"
LASTNAME="Zeckel"
DISPLAYNAME="Michael Zeckel"
COUNTRY="UNITED STATES"
PHONE="13176515798"
ALTPHONE="1"
FAX="1"
EMAIL="mlzeckel@lilly.com"
ACTIVESTATE="true"
DELETESTATE="false"
UPDATE="true"
PASSWORD="U6khW5S0qmW35873"
BEEPER="1"
USERDATEFORMAT="DAY_MONTH_YEAR"
HOMESCREENURL="./Portal/default.htm"
USERMUSTRESETPASSWORD="TRUE"
PRODUCTLOCALE="en-US"
STUDYLOCALE="en-US"/>


<USER  USERNAME="z1x1807"
USERTYPE="SPONSOR"
FIRSTNAME="Johanny"
LASTNAME="Del Valle"
DISPLAYNAME="Johanny Del Valle"
COUNTRY="PUERTO RICO"
PHONE="7879393389996"
ALTPHONE="787"
FAX="787"
EMAIL="Johanny.DelValle@quintiles.com"
ACTIVESTATE="true"
DELETESTATE="false"
UPDATE="true"
PASSWORD="vR8fT3s7Xc1J4726"
BEEPER="787"
USERDATEFORMAT="DAY_MONTH_YEAR"
HOMESCREENURL="./Portal/default.htm"
USERMUSTRESETPASSWORD="TRUE"
PRODUCTLOCALE="en-US"
STUDYLOCALE="en-US"/>


<USER  USERNAME="z2x3300"
USERTYPE="SPONSOR"
FIRSTNAME="Donna"
LASTNAME="Edwards"
DISPLAYNAME="Donna Edwards"
COUNTRY="UNITED STATES"
PHONE="16157735158"
ALTPHONE="1"
FAX="1"
EMAIL="donna.edwards@quintiles.com"
ACTIVESTATE="true"
DELETESTATE="false"
UPDATE="true"
PASSWORD="jN12T9hpP2C8l2962"
BEEPER="1"
USERDATEFORMAT="DAY_MONTH_YEAR"
HOMESCREENURL="./Portal/default.htm"
USERMUSTRESETPASSWORD="TRUE"
PRODUCTLOCALE="en-US"
STUDYLOCALE="en-US"/>


<USER  USERNAME="z2x2093"
USERTYPE="SPONSOR"
FIRSTNAME="Melanie"
LASTNAME="Harju"
DISPLAYNAME="Melanie Harju"
COUNTRY="UNITED STATES"
PHONE="14164662543"
ALTPHONE="1"
FAX="1"
EMAIL="melanie.harju@quintiles.com"
ACTIVESTATE="true"
DELETESTATE="false"
UPDATE="true"
PASSWORD="oM21U6wo45FdR04529"
BEEPER="1"
USERDATEFORMAT="DAY_MONTH_YEAR"
HOMESCREENURL="./Portal/default.htm"
USERMUSTRESETPASSWORD="TRUE"
PRODUCTLOCALE="en-US"
STUDYLOCALE="en-US"/>


<USER  USERNAME="z3x2051"
USERTYPE="SPONSOR"
FIRSTNAME="Masha"
LASTNAME="Sharf"
DISPLAYNAME="Masha Sharf"
COUNTRY="UNITED STATES"
PHONE="18322894961"
ALTPHONE="1"
FAX="1"
EMAIL="masha.sharf@quintiles.com"
ACTIVESTATE="true"
DELETESTATE="false"
UPDATE="true"
PASSWORD="lV16k62IyX3qA1666"
BEEPER="1"
USERDATEFORMAT="DAY_MONTH_YEAR"
HOMESCREENURL="./Portal/default.htm"
USERMUSTRESETPASSWORD="TRUE"
PRODUCTLOCALE="en-US"
STUDYLOCALE="en-US"/>


<USER  USERNAME="z3x3124"
USERTYPE="SPONSOR"
FIRSTNAME="Shawn"
LASTNAME="Smekal"
DISPLAYNAME="Shawn Smekal"
COUNTRY="UNITED STATES"
PHONE="19194253490"
ALTPHONE="1"
FAX="1"
EMAIL="shawn.smekal@quintiles.com"
ACTIVESTATE="true"
DELETESTATE="false"
UPDATE="true"
PASSWORD="tD0h43MnT49l9U1604"
BEEPER="1"
USERDATEFORMAT="DAY_MONTH_YEAR"
HOMESCREENURL="./Portal/default.htm"
USERMUSTRESETPASSWORD="TRUE"
PRODUCTLOCALE="en-US"
STUDYLOCALE="en-US"/>


<USER  USERNAME="z1x2082"
USERTYPE="SPONSOR"
FIRSTNAME="Jason"
LASTNAME="Scoufield"
DISPLAYNAME="Jason Scoufield"
COUNTRY="UNITED STATES"
PHONE="12159912610"
ALTPHONE="1"
FAX="1"
EMAIL="jason.scoufield@quintiles.com"
ACTIVESTATE="true"
DELETESTATE="false"
UPDATE="true"
PASSWORD="g3PtR6g9Lh84V9431"
BEEPER="1"
USERDATEFORMAT="DAY_MONTH_YEAR"
HOMESCREENURL="./Portal/default.htm"
USERMUSTRESETPASSWORD="TRUE"
PRODUCTLOCALE="en-US"
STUDYLOCALE="en-US"/>


<USER  USERNAME="Z3X1847"
USERTYPE="SPONSOR"
FIRSTNAME="Angela"
LASTNAME="Sterger"
DISPLAYNAME="Angela Sterger"
COUNTRY="UNITED STATES"
PHONE="17206229116"
ALTPHONE="1"
FAX="1"
EMAIL="angela.sterger@quintiles.com"
ACTIVESTATE="true"
DELETESTATE="false"
UPDATE="true"
PASSWORD="b27SrJ3fS6f8Y1099"
BEEPER="1"
USERDATEFORMAT="DAY_MONTH_YEAR"
HOMESCREENURL="./Portal/default.htm"
USERMUSTRESETPASSWORD="TRUE"
PRODUCTLOCALE="en-US"
STUDYLOCALE="en-US"/>


<USER  USERNAME="C191601"
USERTYPE="SPONSOR"
FIRSTNAME="Mary"
LASTNAME="Rauch"
DISPLAYNAME="Mary Rauch"
COUNTRY="UNITED STATES"
PHONE="19198252099"
ALTPHONE="1"
FAX="1"
EMAIL="mary.rauch@quintiles.com"
ACTIVESTATE="true"
DELETESTATE="false"
UPDATE="true"
PASSWORD="x3QvB39fE5v6Q9653"
BEEPER="1"
USERDATEFORMAT="DAY_MONTH_YEAR"
HOMESCREENURL="./Portal/default.htm"
USERMUSTRESETPASSWORD="TRUE"
PRODUCTLOCALE="en-US"
STUDYLOCALE="en-US"/>


<USER  USERNAME="a801261"
USERTYPE="SPONSOR"
FIRSTNAME="Veerle"
LASTNAME="Vanvoorden"
DISPLAYNAME="Veerle Vanvoorden"
COUNTRY="BELGIUM"
PHONE="3232477800707"
ALTPHONE="32"
FAX="32"
EMAIL="vanvoorden_veerle@lilly.com"
ACTIVESTATE="true"
DELETESTATE="false"
UPDATE="true"
PASSWORD="B1cwE95c14PL4b7889"
BEEPER="32"
USERDATEFORMAT="DAY_MONTH_YEAR"
HOMESCREENURL="./Portal/default.htm"
USERMUSTRESETPASSWORD="TRUE"
PRODUCTLOCALE="en-US"
STUDYLOCALE="en-US"/>


<USER  USERNAME="b1x9381"
USERTYPE="SPONSOR"
FIRSTNAME="Lena"
LASTNAME="Borsa"
DISPLAYNAME="Lena Borsa"
COUNTRY="UNITED STATES"
PHONE="13173087442"
ALTPHONE="1"
FAX="1"
EMAIL="lena.borsa@inventivhealth.com"
ACTIVESTATE="true"
DELETESTATE="false"
UPDATE="true"
PASSWORD="rG0zH4C3tz52N1619"
BEEPER="1"
USERDATEFORMAT="DAY_MONTH_YEAR"
HOMESCREENURL="./Portal/default.htm"
USERMUSTRESETPASSWORD="TRUE"
PRODUCTLOCALE="en-US"
STUDYLOCALE="en-US"/>


<USER  USERNAME="da96978"
USERTYPE="SPONSOR"
FIRSTNAME="Ysabel"
LASTNAME="Castenada Brown"
DISPLAYNAME="Ysabel Castenada Brown"
COUNTRY="UNITED STATES"
PHONE="19109224420"
ALTPHONE="1"
FAX="1"
EMAIL="ycasteneda@lilly.com"
ACTIVESTATE="true"
DELETESTATE="false"
UPDATE="true"
PASSWORD="C6pU1okD15zY728580"
BEEPER="1"
USERDATEFORMAT="DAY_MONTH_YEAR"
HOMESCREENURL="./Portal/default.htm"
USERMUSTRESETPASSWORD="TRUE"
PRODUCTLOCALE="en-US"
STUDYLOCALE="en-US"/>


<USER  USERNAME="c036126"
USERTYPE="SPONSOR"
FIRSTNAME="Kim"
LASTNAME="Eisen"
DISPLAYNAME="Kim Eisen"
COUNTRY="UNITED STATES"
PHONE="13035175677"
ALTPHONE="1"
FAX="1"
EMAIL="eisen_kim_a@lilly.com"
ACTIVESTATE="true"
DELETESTATE="false"
UPDATE="true"
PASSWORD="yM36bA65l4Bp87N2619"
BEEPER="1"
USERDATEFORMAT="DAY_MONTH_YEAR"
HOMESCREENURL="./Portal/default.htm"
USERMUSTRESETPASSWORD="TRUE"
PRODUCTLOCALE="en-US"
STUDYLOCALE="en-US"/>


<USER  USERNAME="c132757"
USERTYPE="SPONSOR"
FIRSTNAME="David"
LASTNAME="Gelinas"
DISPLAYNAME="David Gelinas"
COUNTRY="UNITED STATES"
PHONE="15142104464"
ALTPHONE="1"
FAX="1"
EMAIL="gelinas_david@lilly.com"
ACTIVESTATE="true"
DELETESTATE="false"
UPDATE="true"
PASSWORD="i32Wh1Ns0Af9J6557"
BEEPER="1"
USERDATEFORMAT="DAY_MONTH_YEAR"
HOMESCREENURL="./Portal/default.htm"
USERMUSTRESETPASSWORD="TRUE"
PRODUCTLOCALE="en-US"
STUDYLOCALE="en-US"/>


<USER  USERNAME="da69949"
USERTYPE="SPONSOR"
FIRSTNAME="Scott"
LASTNAME="Hannas"
DISPLAYNAME="Scott Hannas"
COUNTRY="UNITED STATES"
PHONE="18173371285"
ALTPHONE="1"
FAX="1"
EMAIL="hannas@lilly.com"
ACTIVESTATE="true"
DELETESTATE="false"
UPDATE="true"
PASSWORD="qW17v90ZtR3F5x904"
BEEPER="1"
USERDATEFORMAT="DAY_MONTH_YEAR"
HOMESCREENURL="./Portal/default.htm"
USERMUSTRESETPASSWORD="TRUE"
PRODUCTLOCALE="en-US"
STUDYLOCALE="en-US"/>


<USER  USERNAME="da96091"
USERTYPE="SPONSOR"
FIRSTNAME="Mina"
LASTNAME="Levin"
DISPLAYNAME="Mina Levin"
COUNTRY="UNITED STATES"
PHONE="12154917823"
ALTPHONE="1"
FAX="1"
EMAIL="mlevin@lilly.com"
ACTIVESTATE="true"
DELETESTATE="false"
UPDATE="true"
PASSWORD="t0CwC9W4rnO432127"
BEEPER="1"
USERDATEFORMAT="DAY_MONTH_YEAR"
HOMESCREENURL="./Portal/default.htm"
USERMUSTRESETPASSWORD="TRUE"
PRODUCTLOCALE="en-US"
STUDYLOCALE="en-US"/>


<USER  USERNAME="va04677"
USERTYPE="SPONSOR"
FIRSTNAME="Sonja"
LASTNAME="Mitrovik"
DISPLAYNAME="Sonja Mitrovik"
COUNTRY="UNITED STATES"
PHONE="14166933834"
ALTPHONE="1"
FAX="1"
EMAIL="mitrovic_sonja@lilly.com"
ACTIVESTATE="true"
DELETESTATE="false"
UPDATE="true"
PASSWORD="cP33lX76yM2tH38780"
BEEPER="1"
USERDATEFORMAT="DAY_MONTH_YEAR"
HOMESCREENURL="./Portal/default.htm"
USERMUSTRESETPASSWORD="TRUE"
PRODUCTLOCALE="en-US"
STUDYLOCALE="en-US"/>


<USER  USERNAME="c017981"
USERTYPE="SPONSOR"
FIRSTNAME="Donna"
LASTNAME="Steiger"
DISPLAYNAME="Donna Steiger"
COUNTRY="UNITED STATES"
PHONE="12084900486"
ALTPHONE="1"
FAX="1"
EMAIL="steigerdh@lilly.com"
ACTIVESTATE="true"
DELETESTATE="false"
UPDATE="true"
PASSWORD="wL9cX7D4hV3c2819"
BEEPER="1"
USERDATEFORMAT="DAY_MONTH_YEAR"
HOMESCREENURL="./Portal/default.htm"
USERMUSTRESETPASSWORD="TRUE"
PRODUCTLOCALE="en-US"
STUDYLOCALE="en-US"/>


<USER  USERNAME="da62796"
USERTYPE="SPONSOR"
FIRSTNAME="Mary Jo"
LASTNAME="Wilmes"
DISPLAYNAME="Mary Jo Wilmes"
COUNTRY="UNITED STATES"
PHONE="16022066907"
ALTPHONE="1"
FAX="1"
EMAIL="mjwilmes@lilly.com"
ACTIVESTATE="true"
DELETESTATE="false"
UPDATE="true"
PASSWORD="kI5gX6pG20aD96757"
BEEPER="1"
USERDATEFORMAT="DAY_MONTH_YEAR"
HOMESCREENURL="./Portal/default.htm"
USERMUSTRESETPASSWORD="TRUE"
PRODUCTLOCALE="en-US"
STUDYLOCALE="en-US"/>


<USER  USERNAME="bbrenner"
USERTYPE="SITE"
FIRSTNAME="Baruch"
LASTNAME="Brenner"
DISPLAYNAME="Baruch Brenner"
COUNTRY="ISRAEL"
PHONE="972972-3-9378027"
ALTPHONE="972"
FAX="972"
EMAIL="brennerb@clalit.org.il"
ACTIVESTATE="true"
DELETESTATE="false"
UPDATE="true"
PASSWORD="cS6h26MmX76qF18546"
BEEPER="972"
USERDATEFORMAT="DAY_MONTH_YEAR"
HOMESCREENURL="./Portal/default.htm"
USERMUSTRESETPASSWORD="TRUE"
PRODUCTLOCALE="en-US"
STUDYLOCALE="en-US"/>


<USER  USERNAME="abeny"
USERTYPE="SITE"
FIRSTNAME="Alex"
LASTNAME="Beny"
DISPLAYNAME="Alex  Beny"
COUNTRY="ISRAEL"
PHONE="972972-4-8543152"
ALTPHONE="972"
FAX="972"
EMAIL="a_beny@rambam.health.gov.il"
ACTIVESTATE="true"
DELETESTATE="false"
UPDATE="true"
PASSWORD="hB82Z4lj2Cs2E4363"
BEEPER="972"
USERDATEFORMAT="DAY_MONTH_YEAR"
HOMESCREENURL="./Portal/default.htm"
USERMUSTRESETPASSWORD="TRUE"
PRODUCTLOCALE="en-US"
STUDYLOCALE="en-US"/>


<USER  USERNAME="ahubert"
USERTYPE="SITE"
FIRSTNAME="Ayala"
LASTNAME="Hubert"
DISPLAYNAME="Ayala  Hubert"
COUNTRY="ISRAEL"
PHONE="972972-2-6777957"
ALTPHONE="972"
FAX="972"
EMAIL="ayalah@hadassah.org.il"
ACTIVESTATE="true"
DELETESTATE="false"
UPDATE="true"
PASSWORD="t89IF1yqL21mN653202"
BEEPER="972"
USERDATEFORMAT="DAY_MONTH_YEAR"
HOMESCREENURL="./Portal/default.htm"
USERMUSTRESETPASSWORD="TRUE"
PRODUCTLOCALE="en-US"
STUDYLOCALE="en-US"/>


<USER  USERNAME="rgeva"
USERTYPE="SITE"
FIRSTNAME="Ravit"
LASTNAME="Geva"
DISPLAYNAME="Ravit  Geva"
COUNTRY="ISRAEL"
PHONE="972972-3-6973082"
ALTPHONE="972"
FAX="972"
EMAIL="ravitg@tasmc.health.gov.il"
ACTIVESTATE="true"
DELETESTATE="false"
UPDATE="true"
PASSWORD="uL1qG3y50Yv7S6202"
BEEPER="972"
USERDATEFORMAT="DAY_MONTH_YEAR"
HOMESCREENURL="./Portal/default.htm"
USERMUSTRESETPASSWORD="TRUE"
PRODUCTLOCALE="en-US"
STUDYLOCALE="en-US"/>


<USER  USERNAME="mcaspi"
USERTYPE="SITE"
FIRSTNAME="Michal"
LASTNAME="Caspi"
DISPLAYNAME="Michal  Caspi"
COUNTRY="ISRAEL"
PHONE="972972-3-6974382"
ALTPHONE="972"
FAX="972"
EMAIL="michalca@tasmc.health.gov.il"
ACTIVESTATE="true"
DELETESTATE="false"
UPDATE="true"
PASSWORD="gH60xA6aV10xB255041"
BEEPER="972"
USERDATEFORMAT="DAY_MONTH_YEAR"
HOMESCREENURL="./Portal/default.htm"
USERMUSTRESETPASSWORD="TRUE"
PRODUCTLOCALE="en-US"
STUDYLOCALE="en-US"/>


<USER  USERNAME="yex8013"
USERTYPE="SPONSOR"
FIRSTNAME="Natalia"
LASTNAME="Smolyakov"
DISPLAYNAME="Natalia Smolyakov"
COUNTRY="UNITED STATES"
PHONE="1441276484913"
ALTPHONE="1"
FAX="1"
EMAIL="smolyakova_natalia@network.lilly.com"
ACTIVESTATE="true"
DELETESTATE="false"
UPDATE="true"
PASSWORD="J6xvJ23nL21l63J4564"
BEEPER="1"
USERDATEFORMAT="DAY_MONTH_YEAR"
HOMESCREENURL="./Portal/default.htm"
USERMUSTRESETPASSWORD="TRUE"
PRODUCTLOCALE="en-US"
STUDYLOCALE="en-US"/>


<USER  USERNAME="c149470"
USERTYPE="SPONSOR"
FIRSTNAME="Flavio"
LASTNAME="Martins"
DISPLAYNAME="Flavio Martins"
COUNTRY="BRAZIL"
PHONE="55551121446123"
ALTPHONE="55"
FAX="55"
EMAIL="junior_flavio_eduardo_martins@lilly.com"
ACTIVESTATE="true"
DELETESTATE="false"
UPDATE="true"
PASSWORD="r33WzN6mB1h26L4127"
BEEPER="55"
USERDATEFORMAT="DAY_MONTH_YEAR"
HOMESCREENURL="./Portal/default.htm"
USERMUSTRESETPASSWORD="TRUE"
PRODUCTLOCALE="en-US"
STUDYLOCALE="en-US"/>


<USER  USERNAME="ealonso"
USERTYPE="SITE"
FIRSTNAME="Erin"
LASTNAME="Alonso"
DISPLAYNAME="Erin Alonso"
COUNTRY="PUERTO RICO"
PHONE="7873126954268"
ALTPHONE="787"
FAX="787"
EMAIL="erin.alonso@northwestern.edu"
ACTIVESTATE="true"
DELETESTATE="false"
UPDATE="true"
PASSWORD="mK0f36PbZ44eP763412"
BEEPER="787"
USERDATEFORMAT="DAY_MONTH_YEAR"
HOMESCREENURL="./Portal/default.htm"
USERMUSTRESETPASSWORD="TRUE"
PRODUCTLOCALE="en-US"
STUDYLOCALE="en-US"/>


<USER  USERNAME="rshevetz"
USERTYPE="SITE"
FIRSTNAME="Rebeca"
LASTNAME="Shevetz"
DISPLAYNAME="Rebeca  Shevetz"
COUNTRY="ISRAEL"
PHONE="972972-3-5304436"
ALTPHONE="972"
FAX="972"
EMAIL="rebeca.shevetz@sheba.health.gov.il"
ACTIVESTATE="true"
DELETESTATE="false"
UPDATE="true"
PASSWORD="tP84n22IeL3e3W1943"
BEEPER="972"
USERDATEFORMAT="DAY_MONTH_YEAR"
HOMESCREENURL="./Portal/default.htm"
USERMUSTRESETPASSWORD="TRUE"
PRODUCTLOCALE="en-US"
STUDYLOCALE="en-US"/>


<USER  USERNAME="cmeir"
USERTYPE="SITE"
FIRSTNAME="Chen"
LASTNAME="Meir"
DISPLAYNAME="Chen Meir"
COUNTRY="ISRAEL"
PHONE="972972-3-9378077"
ALTPHONE="972"
FAX="972"
EMAIL="chenme3@clalit.org.il"
ACTIVESTATE="true"
DELETESTATE="false"
UPDATE="true"
PASSWORD="S0htG1cS6mF07658"
BEEPER="972"
USERDATEFORMAT="DAY_MONTH_YEAR"
HOMESCREENURL="./Portal/default.htm"
USERMUSTRESETPASSWORD="TRUE"
PRODUCTLOCALE="en-US"
STUDYLOCALE="en-US"/>


<USER  USERNAME="mgurman"
USERTYPE="SITE"
FIRSTNAME="Marina"
LASTNAME="Gurman"
DISPLAYNAME="Marina Gurman"
COUNTRY="ISRAEL"
PHONE="972972-4-8543812"
ALTPHONE="972"
FAX="972"
EMAIL="m_gurman@rambam.health.gov.il"
ACTIVESTATE="true"
DELETESTATE="false"
UPDATE="true"
PASSWORD="yM9z45VX8uf31A759"
BEEPER="972"
USERDATEFORMAT="DAY_MONTH_YEAR"
HOMESCREENURL="./Portal/default.htm"
USERMUSTRESETPASSWORD="TRUE"
PRODUCTLOCALE="en-US"
STUDYLOCALE="en-US"/>


<USER  USERNAME="esasson"
USERTYPE="SITE"
FIRSTNAME="Efrat"
LASTNAME="Sasson"
DISPLAYNAME="Efrat  Sasson"
COUNTRY="ISRAEL"
PHONE="972972-2-6778853"
ALTPHONE="972"
FAX="972"
EMAIL="efratsa@hadassah.org.il"
ACTIVESTATE="true"
DELETESTATE="false"
UPDATE="true"
PASSWORD="bI43S3eu6LA8z9497"
BEEPER="972"
USERDATEFORMAT="DAY_MONTH_YEAR"
HOMESCREENURL="./Portal/default.htm"
USERMUSTRESETPASSWORD="TRUE"
PRODUCTLOCALE="en-US"
STUDYLOCALE="en-US"/>


<USER  USERNAME="rshaporker"
USERTYPE="SITE"
FIRSTNAME="Ronit"
LASTNAME="Shaporker"
DISPLAYNAME="Ronit  Shaporker"
COUNTRY="ISRAEL"
PHONE="972972-3-6974907"
ALTPHONE="972"
FAX="972"
EMAIL="ronitsh@tasmc.health.gov.il"
ACTIVESTATE="true"
DELETESTATE="false"
UPDATE="true"
PASSWORD="nW2iK85mC3rV602598"
BEEPER="972"
USERDATEFORMAT="DAY_MONTH_YEAR"
HOMESCREENURL="./Portal/default.htm"
USERMUSTRESETPASSWORD="TRUE"
PRODUCTLOCALE="en-US"
STUDYLOCALE="en-US"/>


<USER  USERNAME="yex7920"
USERTYPE="SPONSOR"
FIRSTNAME="Merab"
LASTNAME="Lomia"
DISPLAYNAME="Merab Lomia"
COUNTRY="UNITED STATES"
PHONE="1441276483778"
ALTPHONE="1"
FAX="1"
EMAIL="lomia_merab@network.lilly.com"
ACTIVESTATE="true"
DELETESTATE="false"
UPDATE="true"
PASSWORD="h0HuL6L5jjN983934"
BEEPER="1"
USERDATEFORMAT="DAY_MONTH_YEAR"
HOMESCREENURL="./Portal/default.htm"
USERMUSTRESETPASSWORD="TRUE"
PRODUCTLOCALE="en-US"
STUDYLOCALE="en-US"/>


<USER  USERNAME="ZPFapervaiz"
USERTYPE="SPONSOR"
FIRSTNAME="Afnan"
LASTNAME="Pervaiz"
DISPLAYNAME="Afnan Pervaiz"
DESCRIPTION="Support Tier I"
COUNTRY="UNITED KINGDOM"
PHONE="4410 44 1628 640 700"
ALTPHONE="44"
FAX="44"
EMAIL="afnan.pervaiz@oracle.com"
ACTIVESTATE="true"
DELETESTATE="false"
UPDATE="true"
PASSWORD="gM43q1PtH3uG596027"
BEEPER="44"
USERDATEFORMAT="DAY_MONTH_YEAR"
USERMUSTRESETPASSWORD="TRUE"
PRODUCTLOCALE="en-US"
STUDYLOCALE="en-US"/>


<USER  USERNAME="ZPFcvarga"
USERTYPE="SPONSOR"
FIRSTNAME="Csilla"
LASTNAME="Varga"
DISPLAYNAME="Csilla Varga"
DESCRIPTION="Support Tier I"
COUNTRY="HUNGARY"
PHONE="36"
ALTPHONE="36"
FAX="36"
EMAIL="csilla.varga@oracle.com"
ACTIVESTATE="true"
DELETESTATE="false"
UPDATE="true"
PASSWORD="vG7J0qcO0eW223040"
BEEPER="36"
USERDATEFORMAT="DAY_MONTH_YEAR"
USERMUSTRESETPASSWORD="TRUE"
PRODUCTLOCALE="en-US"
STUDYLOCALE="en-US"/>


<USER  USERNAME="ZPFfvarga"
USERTYPE="SPONSOR"
FIRSTNAME="Ferenc"
LASTNAME="Varga"
DISPLAYNAME="Ferenc Varga"
DESCRIPTION="Support Tier I"
COUNTRY="UNITED KINGDOM"
PHONE="44"
ALTPHONE="44"
FAX="44"
EMAIL="ferenc.v.varga@oracle.com"
ACTIVESTATE="true"
DELETESTATE="false"
UPDATE="true"
PASSWORD="wR80rF7o5SoL63313"
BEEPER="44"
USERDATEFORMAT="DAY_MONTH_YEAR"
USERMUSTRESETPASSWORD="TRUE"
PRODUCTLOCALE="en-US"
STUDYLOCALE="en-US"/>


<USER  USERNAME="ZPFepenzes"
USERTYPE="SPONSOR"
FIRSTNAME="Eszter"
LASTNAME="Penzes"
DISPLAYNAME="Eszter Penzes"
DESCRIPTION="Lilly Support"
COUNTRY="HUNGARY"
PHONE="36"
ALTPHONE="36"
FAX="36"
EMAIL="ESZTER.PENZES@ORACLE.COM"
ACTIVESTATE="true"
DELETESTATE="false"
UPDATE="true"
PASSWORD="U7zrH4m12XwG27510"
BEEPER="36"
USERDATEFORMAT="DAY_MONTH_YEAR"
USERMUSTRESETPASSWORD="TRUE"
PRODUCTLOCALE="en-US"
STUDYLOCALE="en-US"/>


<USER  USERNAME="ZPFkkovacs"
USERTYPE="SPONSOR"
FIRSTNAME="Klara"
LASTNAME="Kovacs"
DISPLAYNAME="Klara Kovacs"
DESCRIPTION="Support Tier I"
COUNTRY="HUNGARY"
PHONE="36"
ALTPHONE="36"
FAX="36"
EMAIL="KLARA.KOVACS@ORACLE.COM"
ACTIVESTATE="true"
DELETESTATE="false"
UPDATE="true"
PASSWORD="U7zrH4m12XwG27510"
BEEPER="36"
USERDATEFORMAT="DAY_MONTH_YEAR"
USERMUSTRESETPASSWORD="TRUE"
PRODUCTLOCALE="en-US"
STUDYLOCALE="en-US"/>


<USER  USERNAME="ZPFckalinyak"
USERTYPE="SPONSOR"
FIRSTNAME="Csilla"
LASTNAME="Kalinyak"
DISPLAYNAME="Csilla Kalinyak"
DESCRIPTION="Support Tier I"
COUNTRY="HUNGARY"
PHONE="36"
ALTPHONE="36"
FAX="36"
EMAIL="CSILLA.KALINYAK@ORACLE.COM"
ACTIVESTATE="true"
DELETESTATE="false"
UPDATE="true"
PASSWORD="U7zrH4m12XwG27510"
BEEPER="36"
USERDATEFORMAT="DAY_MONTH_YEAR"
USERMUSTRESETPASSWORD="TRUE"
PRODUCTLOCALE="en-US"
STUDYLOCALE="en-US"/>


<USER  USERNAME="ZPFoely"
USERTYPE="SPONSOR"
FIRSTNAME="Osweld"
LASTNAME="Ely"
DISPLAYNAME="Osweld Ely"
DESCRIPTION="Support Tier I"
COUNTRY="PHILIPPINES"
PHONE="63"
ALTPHONE="63"
FAX="63"
EMAIL="osweld.ely@oracle.com"
ACTIVESTATE="true"
DELETESTATE="false"
UPDATE="true"
PASSWORD="fL1s2Jh33Km1D326"
BEEPER="63"
USERDATEFORMAT="DAY_MONTH_YEAR"
USERMUSTRESETPASSWORD="TRUE"
PRODUCTLOCALE="en-US"
STUDYLOCALE="en-US"/>


<USER  USERNAME="ZPFjktan"
USERTYPE="SPONSOR"
FIRSTNAME="Jamelee Karen"
LASTNAME="Tan"
DISPLAYNAME="Jamelee Karen Tan"
DESCRIPTION="Support Tier I"
COUNTRY="PHILIPPINES"
PHONE="63"
ALTPHONE="63"
FAX="63"
EMAIL="JAMELEE.KAREN.TAN@ORACLE.COM"
ACTIVESTATE="true"
DELETESTATE="false"
UPDATE="true"
PASSWORD="fL1s2Jh33Km1D326"
BEEPER="63"
USERDATEFORMAT="DAY_MONTH_YEAR"
USERMUSTRESETPASSWORD="TRUE"
PRODUCTLOCALE="en-US"
STUDYLOCALE="en-US"/>


<USER  USERNAME="ZPFgradnai"
USERTYPE="SPONSOR"
FIRSTNAME="Gyongyi"
LASTNAME="Radnai"
DISPLAYNAME="Gyongyi Radnai"
DESCRIPTION="Lilly Support"
COUNTRY="HUNGARY"
PHONE="36"
ALTPHONE="36"
FAX="36"
EMAIL="gyongyi.radnai@oracle.com"
ACTIVESTATE="true"
DELETESTATE="false"
UPDATE="true"
PASSWORD="fL1s2Jh33Km1D326"
BEEPER="36"
USERDATEFORMAT="DAY_MONTH_YEAR"
USERMUSTRESETPASSWORD="TRUE"
PRODUCTLOCALE="en-US"
STUDYLOCALE="en-US"/>


<USER  USERNAME="ZPFkbarkoczi"
USERTYPE="SPONSOR"
FIRSTNAME="Katalin"
LASTNAME="Barkoczi"
DISPLAYNAME="Katalin Barkoczi"
DESCRIPTION="Lilly Support"
COUNTRY="HUNGARY"
PHONE="36"
ALTPHONE="36"
FAX="36"
EMAIL="katalin.barkoczi@oracle.com"
ACTIVESTATE="true"
DELETESTATE="false"
UPDATE="true"
PASSWORD="U7zrH4m12XwG27510"
BEEPER="36"
USERDATEFORMAT="DAY_MONTH_YEAR"
USERMUSTRESETPASSWORD="TRUE"
PRODUCTLOCALE="en-US"
STUDYLOCALE="en-US"/>


<USER  USERNAME="ZPFrcauad"
USERTYPE="SPONSOR"
FIRSTNAME="Ronald"
LASTNAME="Cauad"
DISPLAYNAME="Ronald Cauad"
DESCRIPTION="Support Tier I"
COUNTRY="PHILIPPINES"
PHONE="63"
ALTPHONE="63"
FAX="63"
EMAIL="RONALD.CAUAD@ORACLE.COM"
ACTIVESTATE="true"
DELETESTATE="false"
UPDATE="true"
PASSWORD="F2pL1fo17QJ8z634"
BEEPER="63"
USERDATEFORMAT="DAY_MONTH_YEAR"
USERMUSTRESETPASSWORD="TRUE"
PRODUCTLOCALE="en-US"
STUDYLOCALE="en-US"/>


<USER  USERNAME="ZPFryu"
USERTYPE="SPONSOR"
FIRSTNAME="Reny"
LASTNAME="Yu"
DISPLAYNAME="Reny Yu"
DESCRIPTION="Support Tier I"
COUNTRY="PHILIPPINES"
PHONE="63"
ALTPHONE="63"
FAX="63"
EMAIL="RENY.YU@ORACLE.COM"
ACTIVESTATE="true"
DELETESTATE="false"
UPDATE="true"
PASSWORD="F2pL1fo17QJ8z634"
BEEPER="63"
USERDATEFORMAT="DAY_MONTH_YEAR"
USERMUSTRESETPASSWORD="TRUE"
PRODUCTLOCALE="en-US"
STUDYLOCALE="en-US"/>


<USER  USERNAME="ZPFpvallar"
USERTYPE="SPONSOR"
FIRSTNAME="Paulnino"
LASTNAME="Vallar"
DISPLAYNAME="Paulnino Vallar"
DESCRIPTION="Support Tier I"
COUNTRY="PHILIPPINES"
PHONE="63"
ALTPHONE="63"
FAX="63"
EMAIL="paulnino.vallar@ORACLE.COM"
ACTIVESTATE="true"
DELETESTATE="false"
UPDATE="true"
PASSWORD="F2pL1fo17QJ8z634"
BEEPER="63"
USERDATEFORMAT="DAY_MONTH_YEAR"
USERMUSTRESETPASSWORD="TRUE"
PRODUCTLOCALE="en-US"
STUDYLOCALE="en-US"/>


<USER  USERNAME="ZPFzleczo"
USERTYPE="SPONSOR"
FIRSTNAME="Zsanett"
LASTNAME="Leczo"
DISPLAYNAME="Zsanett Leczo"
DESCRIPTION="Support Tier I"
COUNTRY="HUNGARY"
PHONE="36"
ALTPHONE="36"
FAX="36"
EMAIL="zsanett.leczo@oracle.com"
ACTIVESTATE="true"
DELETESTATE="false"
UPDATE="true"
PASSWORD="vG7J0qcO0eW223040"
BEEPER="36"
USERDATEFORMAT="DAY_MONTH_YEAR"
USERMUSTRESETPASSWORD="TRUE"
PRODUCTLOCALE="en-US"
STUDYLOCALE="en-US"/>


<USER  USERNAME="ZPFobodnar"
USERTYPE="SPONSOR"
FIRSTNAME="Oksana"
LASTNAME="Bodnar"
DISPLAYNAME="Oksana Bodnar"
DESCRIPTION="Support Tier I"
COUNTRY="HUNGARY"
PHONE="36"
ALTPHONE="36"
FAX="36"
EMAIL="oksana.bodnar@oracle.com"
ACTIVESTATE="true"
DELETESTATE="false"
UPDATE="true"
PASSWORD="vG7J0qcO0eW223040"
BEEPER="36"
USERDATEFORMAT="DAY_MONTH_YEAR"
USERMUSTRESETPASSWORD="TRUE"
PRODUCTLOCALE="en-US"
STUDYLOCALE="en-US"/>


<USER  USERNAME="ZPFedervishaj"
USERTYPE="SPONSOR"
FIRSTNAME="Erald"
LASTNAME="Dervishaj"
DISPLAYNAME="Erald Dervishaj"
DESCRIPTION="Support Tier I"
COUNTRY="HUNGARY"
PHONE="36"
ALTPHONE="36"
FAX="36"
EMAIL="erald.dervishaj@oracle.com"
ACTIVESTATE="true"
DELETESTATE="false"
UPDATE="true"
PASSWORD="vG7J0qcO0eW223040"
BEEPER="36"
USERDATEFORMAT="DAY_MONTH_YEAR"
USERMUSTRESETPASSWORD="TRUE"
PRODUCTLOCALE="en-US"
STUDYLOCALE="en-US"/>


<USER  USERNAME="ZPFsgazso"
USERTYPE="SPONSOR"
FIRSTNAME="Szidonia"
LASTNAME="Gazso"
DISPLAYNAME="Szidonia Gazso"
DESCRIPTION="Support Tier I"
COUNTRY="HUNGARY"
PHONE="36"
ALTPHONE="36"
FAX="36"
EMAIL="szidonia.gazso@oracle.com"
ACTIVESTATE="true"
DELETESTATE="false"
UPDATE="true"
PASSWORD="vG7J0qcO0eW223040"
BEEPER="36"
USERDATEFORMAT="DAY_MONTH_YEAR"
USERMUSTRESETPASSWORD="TRUE"
PRODUCTLOCALE="en-US"
STUDYLOCALE="en-US"/>


<USER  USERNAME="ZPFaotsuka"
USERTYPE="SPONSOR"
FIRSTNAME="Akiyo"
LASTNAME="Otsuka"
DISPLAYNAME="Akiyo Otsuka"
DESCRIPTION="Support Tier I Japan"
ADDRESS="Oracle Aoyama Center2-5-8,Kita Aoyama, Minato-ku Tokyo 107 0061 Japan"
STATE="Tokyo"
POSTCODE="107 0061"
COUNTRY="JAPAN"
PHONE="81"
ALTPHONE="81"
FAX="81"
EMAIL="akiyo.otsuka@oracle.com"
ACTIVESTATE="true"
DELETESTATE="false"
UPDATE="true"
PASSWORD="gM43q1PtH3uG596027"
BEEPER="81"
USERDATEFORMAT="DAY_MONTH_YEAR"
USERMUSTRESETPASSWORD="TRUE"
PRODUCTLOCALE="en-US"
STUDYLOCALE="en-US"/>


<USER  USERNAME="ZPFhsekine"
USERTYPE="SPONSOR"
FIRSTNAME="Haruka"
LASTNAME="Sekine"
DISPLAYNAME="Haruka Sekine"
DESCRIPTION="Support Tier I Japan"
ADDRESS="Oracle Aoyama Center2-5-8,Kita Aoyama, Minato-ku Tokyo 107 0061 Japan"
ADDRESS2="107 0061"
COUNTRY="JAPAN"
PHONE="81"
EMAIL="haruka.sekine@oracle.com"
ACTIVESTATE="true"
DELETESTATE="false"
UPDATE="true"
PASSWORD="l9Tu2BcL1oO35719"
USERDATEFORMAT="DAY_MONTH_YEAR"
USERMUSTRESETPASSWORD="TRUE"
PRODUCTLOCALE="en-US"
STUDYLOCALE="en-US"/>


<USER  USERNAME="ZPFkcsobalyka"
USERTYPE="SPONSOR"
FIRSTNAME="Krisztian"
LASTNAME="Csobalyka"
DISPLAYNAME="Krisztian Csobalyka"
DESCRIPTION="Support Tier I"
TITLE="Mr."
COUNTRY="HUNGARY"
PHONE="36704275924"
ALTPHONE="36"
FAX="36"
EMAIL="krisztian.csobalyka@oracle.com"
ACTIVESTATE="true"
DELETESTATE="false"
UPDATE="true"
PASSWORD="y0EvI1hF6v75F3004"
BEEPER="36"
USERDATEFORMAT="DAY_MONTH_YEAR"
USERMUSTRESETPASSWORD="TRUE"
PRODUCTLOCALE="en-US"
STUDYLOCALE="en-US"/>


<USER  USERNAME="ZPFjmacatangay"
USERTYPE="SPONSOR"
FIRSTNAME="Jeffrey"
LASTNAME="Macatangay"
DISPLAYNAME="Jeffrey Macatangay"
DESCRIPTION="Support Tier I"
COUNTRY="PHILIPPINES"
PHONE="63"
ALTPHONE="63"
FAX="63"
EMAIL="jeffrey.macatangay@oracle.com"
ACTIVESTATE="true"
DELETESTATE="false"
UPDATE="true"
PASSWORD="f29Cw2Yj95Cq0M7818"
BEEPER="63"
USERDATEFORMAT="DAY_MONTH_YEAR"
USERMUSTRESETPASSWORD="TRUE"
PRODUCTLOCALE="en-US"
STUDYLOCALE="en-US"/>


<USER  USERNAME="ZPFrducusin"
USERTYPE="SPONSOR"
FIRSTNAME="Rodulf"
LASTNAME="Ducusin"
DISPLAYNAME="Rodulf Ducusin"
DESCRIPTION="Support Tier I"
COUNTRY="PHILIPPINES"
PHONE="63"
ALTPHONE="63"
FAX="63"
EMAIL="RODULF.DUCUSIN@ORACLE.COM"
ACTIVESTATE="true"
DELETESTATE="false"
UPDATE="true"
PASSWORD="f29Cw2Yj95Cq0M7818"
BEEPER="63"
USERDATEFORMAT="DAY_MONTH_YEAR"
USERMUSTRESETPASSWORD="TRUE"
PRODUCTLOCALE="en-US"
STUDYLOCALE="en-US"/>


<USER  USERNAME="ZPFskholti"
USERTYPE="SPONSOR"
FIRSTNAME="Szilvia"
LASTNAME="Kholti"
DISPLAYNAME="Szilvia Kholti"
DESCRIPTION="Support Tier I"
COUNTRY="HUNGARY"
PHONE="361111"
ALTPHONE="36"
FAX="36"
EMAIL="szilvia.kholti@oracle.com"
ACTIVESTATE="true"
DELETESTATE="false"
UPDATE="true"
PASSWORD="f29Cw2Yj95Cq0M7818"
BEEPER="36"
USERDATEFORMAT="DAY_MONTH_YEAR"
USERMUSTRESETPASSWORD="TRUE"
PRODUCTLOCALE="en-US"
STUDYLOCALE="en-US"/>


<USER  USERNAME="ZPFsaguilar"
USERTYPE="SPONSOR"
FIRSTNAME="Sergio"
LASTNAME="Aguilar"
DISPLAYNAME="Sergio Aguilar"
DESCRIPTION="Support Tier I"
TITLE="Mr."
COUNTRY="HUNGARY"
PHONE="36"
ALTPHONE="36"
FAX="36"
EMAIL="sergio.aguilar.aguilar@oracle.com"
ACTIVESTATE="true"
DELETESTATE="false"
UPDATE="true"
PASSWORD="f29Cw2Yj95Cq0M7818"
BEEPER="36"
USERDATEFORMAT="DAY_MONTH_YEAR"
USERMUSTRESETPASSWORD="TRUE"
PRODUCTLOCALE="en-US"
STUDYLOCALE="en-US"/>


<USER  USERNAME="ZPFaolah"
USERTYPE="SPONSOR"
FIRSTNAME="Amanda"
LASTNAME="Olah"
DISPLAYNAME="Amanda Olah"
DESCRIPTION="Support Tier I"
COUNTRY="HUNGARY"
PHONE="36"
ALTPHONE="36"
FAX="36"
EMAIL="amanda.olah@oracle.com"
ACTIVESTATE="true"
DELETESTATE="false"
UPDATE="true"
PASSWORD="p77IxX50o1VzM9942"
BEEPER="36"
USERDATEFORMAT="DAY_MONTH_YEAR"
USERMUSTRESETPASSWORD="TRUE"
PRODUCTLOCALE="en-US"
STUDYLOCALE="en-US"/>


<USER  USERNAME="ZPFdnagy"
USERTYPE="SPONSOR"
FIRSTNAME="Daniel"
LASTNAME="Nagy"
DISPLAYNAME="Daniel Nagy"
DESCRIPTION="Support Tier I"
COUNTRY="HUNGARY"
PHONE="36"
ALTPHONE="36"
FAX="36"
EMAIL="daniel.nagy@oracle.com"
ACTIVESTATE="true"
DELETESTATE="false"
UPDATE="true"
PASSWORD="y0EvI1hF6v75F3004"
BEEPER="36"
USERDATEFORMAT="DAY_MONTH_YEAR"
USERMUSTRESETPASSWORD="TRUE"
PRODUCTLOCALE="en-US"
STUDYLOCALE="en-US"/>


<USER  USERNAME="ZPFlstoica"
USERTYPE="SPONSOR"
FIRSTNAME="Loredana"
LASTNAME="Stoica"
DISPLAYNAME="Loredana Stoica"
DESCRIPTION="Lilly Support"
COUNTRY="HUNGARY"
PHONE="36"
ALTPHONE="36"
FAX="36"
EMAIL="Loredana.Stoica@oracle.com"
ACTIVESTATE="true"
DELETESTATE="false"
UPDATE="true"
PASSWORD="y0EvI1hF6v75F3004"
BEEPER="36"
USERDATEFORMAT="DAY_MONTH_YEAR"
USERMUSTRESETPASSWORD="TRUE"
PRODUCTLOCALE="en-US"
STUDYLOCALE="en-US"/>


<USER  USERNAME="ZPFnqi"
USERTYPE="SPONSOR"
FIRSTNAME="Nic"
LASTNAME="Qi"
DISPLAYNAME="Nic Qi"
DESCRIPTION="Support Tier I"
COUNTRY="UNITED KINGDOM"
PHONE="44"
ALTPHONE="44"
FAX="44"
EMAIL="xiaoyu.qi@oracle.com"
ACTIVESTATE="true"
DELETESTATE="false"
UPDATE="true"
PASSWORD="gM43q1PtH3uG596027"
BEEPER="44"
USERDATEFORMAT="DAY_MONTH_YEAR"
USERMUSTRESETPASSWORD="TRUE"
PRODUCTLOCALE="en-US"
STUDYLOCALE="en-US"/>


<USER  USERNAME="ZPFcmercado"
USERTYPE="SPONSOR"
FIRSTNAME="Christopher"
LASTNAME="Mercado"
DISPLAYNAME="Christopher Mercado"
DESCRIPTION="Data Entry"
COUNTRY="PHILIPPINES"
PHONE="63"
ALTPHONE="63"
FAX="63"
EMAIL="Christopher.Mercado@oracle.com"
ACTIVESTATE="true"
DELETESTATE="false"
UPDATE="true"
PASSWORD="p77IxX50o1VzM9942"
BEEPER="63"
USERDATEFORMAT="DAY_MONTH_YEAR"
USERMUSTRESETPASSWORD="TRUE"
PRODUCTLOCALE="en-US"
STUDYLOCALE="en-US"/>


<USER  USERNAME="ZPFijohl"
USERTYPE="SPONSOR"
FIRSTNAME="Ikinder"
LASTNAME="Johl"
DISPLAYNAME="Ikinder Johl"
DESCRIPTION="Support Tier I"
COUNTRY="UNITED KINGDOM"
PHONE="44"
ALTPHONE="44"
FAX="44"
EMAIL="ikinder.johl.singh@oracle.com"
ACTIVESTATE="true"
DELETESTATE="false"
UPDATE="true"
PASSWORD="a95Sy1MtV38j65W8126"
BEEPER="44"
USERDATEFORMAT="DAY_MONTH_YEAR"
USERMUSTRESETPASSWORD="TRUE"
PRODUCTLOCALE="en-US"
STUDYLOCALE="en-US"/>


<USER  USERNAME="ZPFdvittay"
USERTYPE="SPONSOR"
FIRSTNAME="Dominika"
LASTNAME="Vittay"
DISPLAYNAME="Dominika Vittay"
DESCRIPTION="Support Tier I"
COUNTRY="HUNGARY"
PHONE="36"
ALTPHONE="36"
FAX="36"
EMAIL="dominika.vittay@oracle.com"
ACTIVESTATE="true"
DELETESTATE="false"
UPDATE="true"
PASSWORD="Q5tpX8tY3y0U5447"
BEEPER="36"
USERDATEFORMAT="DAY_MONTH_YEAR"
USERMUSTRESETPASSWORD="TRUE"
PRODUCTLOCALE="en-US"
STUDYLOCALE="en-US"/>


<USER  USERNAME="ZPFtcabanes"
USERTYPE="SPONSOR"
FIRSTNAME="Teresa"
LASTNAME="Cabanes"
DISPLAYNAME="Teresa Cabanes"
DESCRIPTION="Lilly Data Entry"
COUNTRY="PHILIPPINES"
PHONE="63"
ALTPHONE="63"
FAX="63"
EMAIL="teresa.cabanes@oracle.com"
ACTIVESTATE="true"
DELETESTATE="false"
UPDATE="true"
PASSWORD="a95Sy1MtV38j65W8126"
BEEPER="63"
USERDATEFORMAT="DAY_MONTH_YEAR"
USERMUSTRESETPASSWORD="TRUE"
PRODUCTLOCALE="en-US"
STUDYLOCALE="en-US"/>


<USER  USERNAME="ZPFnvergara"
USERTYPE="SPONSOR"
FIRSTNAME="Neil"
LASTNAME="Vergara"
DISPLAYNAME="Neil Vergara"
DESCRIPTION="Lilly Data Entry"
COUNTRY="PHILIPPINES"
PHONE="63"
ALTPHONE="63"
FAX="63"
EMAIL="neil.vergara@oracle.com"
ACTIVESTATE="true"
DELETESTATE="false"
UPDATE="true"
PASSWORD="a95Sy1MtV38j65W8126"
BEEPER="63"
USERDATEFORMAT="DAY_MONTH_YEAR"
USERMUSTRESETPASSWORD="TRUE"
PRODUCTLOCALE="en-US"
STUDYLOCALE="en-US"/>


<USER  USERNAME="ZPFvsoni"
USERTYPE="SPONSOR"
FIRSTNAME="Varun"
LASTNAME="Soni"
DISPLAYNAME="Varun Soni"
DESCRIPTION="Support Tier I"
COUNTRY="UNITED KINGDOM"
PHONE="44"
ALTPHONE="44"
FAX="44"
EMAIL="varun.x.soni@oracle.com"
ACTIVESTATE="true"
DELETESTATE="false"
UPDATE="true"
PASSWORD="qD22zG6zP81hW845411"
BEEPER="44"
USERDATEFORMAT="DAY_MONTH_YEAR"
USERMUSTRESETPASSWORD="TRUE"
PRODUCTLOCALE="en-US"
STUDYLOCALE="en-US"/>


<USER  USERNAME="ZPFdweakley"
USERTYPE="SPONSOR"
FIRSTNAME="Daniel"
LASTNAME="Weakley"
DISPLAYNAME="Daniel Weakley"
DESCRIPTION="Service Delivery Manager"
COUNTRY="UNITED KINGDOM"
PHONE="44"
ALTPHONE="44"
FAX="44"
EMAIL="daniel.weakley@oracle.com"
ACTIVESTATE="true"
DELETESTATE="false"
UPDATE="true"
PASSWORD="qD22zG6zP81hW845411"
BEEPER="44"
USERDATEFORMAT="DAY_MONTH_YEAR"
USERMUSTRESETPASSWORD="TRUE"
PRODUCTLOCALE="en-US"
STUDYLOCALE="en-US"/>


<USER  USERNAME="ZPFekosa"
USERTYPE="SPONSOR"
FIRSTNAME="Eniko"
LASTNAME="Kosa"
DISPLAYNAME="Eniko Kosa"
DESCRIPTION="Tier 1 Support agent"
COUNTRY="HUNGARY"
PHONE="36"
ALTPHONE="36"
FAX="36"
EMAIL="eniko.kosa@oracle.com"
ACTIVESTATE="true"
DELETESTATE="false"
UPDATE="true"
PASSWORD="qP1H1lyS8lE82732"
BEEPER="36"
USERDATEFORMAT="DAY_MONTH_YEAR"
USERMUSTRESETPASSWORD="TRUE"
PRODUCTLOCALE="en-US"
STUDYLOCALE="en-US"/>


<USER  USERNAME="ZPFvyana"
USERTYPE="SPONSOR"
FIRSTNAME="Vorobyeva"
LASTNAME="Yana"
DISPLAYNAME="Vorobyeva Yana"
DESCRIPTION="Support Tier I"
TITLE="Mrs."
COUNTRY="HUNGARY"
PHONE="36"
ALTPHONE="36"
FAX="36"
EMAIL="vorobyeva.yana@oracle.com"
ACTIVESTATE="true"
DELETESTATE="false"
UPDATE="true"
PASSWORD="Q5tpX8tY3y0U5447"
BEEPER="36"
USERDATEFORMAT="DAY_MONTH_YEAR"
USERMUSTRESETPASSWORD="TRUE"
PRODUCTLOCALE="en-US"
STUDYLOCALE="en-US"/>


<USER  USERNAME="ZPFmiwaki"
USERTYPE="SPONSOR"
FIRSTNAME="Marie"
LASTNAME="Iwaki"
DISPLAYNAME="Marie Iwaki"
DESCRIPTION="Support Tier I Japan"
ADDRESS="Oracle Aoyama Center2-5-8,Kita Aoyama, Minato-ku Tokyo 107 0061 Japan"
ADDRESS2="107 0061"
COUNTRY="JAPAN"
PHONE="81"
ALTPHONE="81"
FAX="81"
EMAIL="marie.iwaki@oracle.com"
ACTIVESTATE="true"
DELETESTATE="false"
UPDATE="true"
PASSWORD="y0EvI1hF6v75F3004"
BEEPER="81"
USERDATEFORMAT="DAY_MONTH_YEAR"
USERMUSTRESETPASSWORD="TRUE"
PRODUCTLOCALE="en-US"
STUDYLOCALE="en-US"/>


<USER  USERNAME="ZPFsdamato"
USERTYPE="SPONSOR"
FIRSTNAME="Silvio"
LASTNAME="Damato"
DISPLAYNAME="Silvio Damato"
DESCRIPTION="Support Internal Trainer"
COUNTRY="UNITED KINGDOM"
PHONE="44"
ALTPHONE="44"
FAX="0001"
EMAIL="silvio.damato@oracle.com"
ACTIVESTATE="true"
DELETESTATE="false"
UPDATE="true"
PASSWORD="wR80rF7o5SoL63313"
BEEPER="44"
USERDATEFORMAT="DAY_MONTH_YEAR"
USERMUSTRESETPASSWORD="TRUE"
PRODUCTLOCALE="en-US"
STUDYLOCALE="en-US"/>


<USER  USERNAME="ZPFawarsama"
USERTYPE="SPONSOR"
FIRSTNAME="Ahmed"
LASTNAME="Warsama"
DISPLAYNAME="Ahmed Warsama"
DESCRIPTION="Support Tier I"
COUNTRY="UNITED KINGDOM"
PHONE="0"
ALTPHONE="44"
FAX="44"
EMAIL="ahmed.warsama@oracle.com"
ACTIVESTATE="true"
DELETESTATE="false"
UPDATE="true"
PASSWORD="wR80rF7o5SoL63313"
BEEPER="44"
USERDATEFORMAT="DAY_MONTH_YEAR"
USERMUSTRESETPASSWORD="TRUE"
PRODUCTLOCALE="en-US"
STUDYLOCALE="en-US"/>


<USER  USERNAME="ZPFrsulit"
USERTYPE="SPONSOR"
FIRSTNAME="Ronette"
LASTNAME="Sulit"
DISPLAYNAME="Ronette Sulit"
DESCRIPTION="Data Entry"
COUNTRY="PHILIPPINES"
PHONE="63"
ALTPHONE="63"
FAX="63"
EMAIL="Ronette.Sulit@oracle.com"
ACTIVESTATE="true"
DELETESTATE="false"
UPDATE="true"
PASSWORD="eQ40P0bcQ6cJ288434"
BEEPER="63"
USERDATEFORMAT="DAY_MONTH_YEAR"
USERMUSTRESETPASSWORD="TRUE"
PRODUCTLOCALE="en-US"
STUDYLOCALE="en-US"/>


<USER  USERNAME="ZPFmarintoc"
USERTYPE="SPONSOR"
FIRSTNAME="Mary joy"
LASTNAME="Arintoc"
DISPLAYNAME="Mary joy Arintoc"
DESCRIPTION="Lilly Data Entry"
COUNTRY="PHILIPPINES"
PHONE="63"
ALTPHONE="63"
FAX="63"
EMAIL="mary.joy.arintoc@oracle.com"
ACTIVESTATE="true"
DELETESTATE="false"
UPDATE="true"
PASSWORD="qP1H1lyS8lE82732"
BEEPER="63"
USERDATEFORMAT="DAY_MONTH_YEAR"
USERMUSTRESETPASSWORD="TRUE"
PRODUCTLOCALE="en-US"
STUDYLOCALE="en-US"/>


<USER  USERNAME="ZPFmandone"
USERTYPE="SPONSOR"
FIRSTNAME="Grigore-mihai"
LASTNAME="Andone"
DISPLAYNAME="Grigore-mihai Andone"
DESCRIPTION="Lilly Support"
COUNTRY="HUNGARY"
PHONE="36"
ALTPHONE="36"
FAX="36"
EMAIL="grigore-mihai.andone@oracle.com"
ACTIVESTATE="true"
DELETESTATE="false"
UPDATE="true"
PASSWORD="qP1H1lyS8lE82732"
BEEPER="36"
USERDATEFORMAT="DAY_MONTH_YEAR"
USERMUSTRESETPASSWORD="TRUE"
PRODUCTLOCALE="en-US"
STUDYLOCALE="en-US"/>


<USER  USERNAME="ZPFaterjek"
USERTYPE="SPONSOR"
FIRSTNAME="Andras"
LASTNAME="Terjek"
DISPLAYNAME="Andras Terjek"
DESCRIPTION="Support Tier I"
COUNTRY="HUNGARY"
PHONE="36"
ALTPHONE="36"
FAX="36"
EMAIL="andras.terjek@oracle.com"
ACTIVESTATE="true"
DELETESTATE="false"
UPDATE="true"
PASSWORD="qP1H1lyS8lE82732"
BEEPER="36"
USERDATEFORMAT="DAY_MONTH_YEAR"
USERMUSTRESETPASSWORD="TRUE"
PRODUCTLOCALE="en-US"
STUDYLOCALE="en-US"/>


<USER  USERNAME="ZPFbnagy"
USERTYPE="SPONSOR"
FIRSTNAME="Boglarka"
LASTNAME="Nagy"
DISPLAYNAME="Boglarka Nagy"
DESCRIPTION="Support Tier I"
TITLE="MISS."
COUNTRY="HUNGARY"
PHONE="36"
ALTPHONE="36"
FAX="36"
EMAIL="boglarka.nagy@oracle.com"
ACTIVESTATE="true"
DELETESTATE="false"
UPDATE="true"
PASSWORD="qP1H1lyS8lE82732"
BEEPER="36"
USERDATEFORMAT="DAY_MONTH_YEAR"
USERMUSTRESETPASSWORD="TRUE"
PRODUCTLOCALE="en-US"
STUDYLOCALE="en-US"/>


<USER  USERNAME="ZPFtfabian"
USERTYPE="SPONSOR"
FIRSTNAME="Tamas"
LASTNAME="Fabian"
DISPLAYNAME="Tamas Fabian"
DESCRIPTION="Support Tier I"
COUNTRY="HUNGARY"
PHONE="36"
ALTPHONE="36"
FAX="36"
EMAIL="tamas.x.fabian@oracle.com"
ACTIVESTATE="true"
DELETESTATE="false"
UPDATE="true"
PASSWORD="gM43q1PtH3uG596027"
BEEPER="36"
USERDATEFORMAT="DAY_MONTH_YEAR"
USERMUSTRESETPASSWORD="TRUE"
PRODUCTLOCALE="en-US"
STUDYLOCALE="en-US"/>


</MEDMLDATA>