<?xml version="1.0"?>
<MEDMLDATA xmlns="PhaseForward-MedML-Inform4">


<SITE  NAME="(164) St Michaels Hospital"    MNEMONIC="164"
ADDRESS="30 Bond Street Donnelly Wing Rm 2 081"
COUNTRY="CANADA"
PHONE="14168645734"
ALTPHONE="1"
FAX="1"
TIMEZONE="(GMT-05:00) Eastern Time (US &#38; Canada)"
SITEDATEFORMAT="DAY_MONTH_YEAR"
STARTDATE="12/22/2014"
STUDYLOCALE="en-US"
SVAUTOSELECTRATE="100"
SVFIRSTNSUBJECTS="100"
/>


<SITE  NAME="(162) Mount Sinai Hospital"    MNEMONIC="162"
ADDRESS="1221 600 University Avenue"
COUNTRY="CANADA"
PHONE="14165865117"
ALTPHONE="1"
FAX="1"
TIMEZONE="(GMT-05:00) Eastern Time (US &#38; Canada)"
SITEDATEFORMAT="DAY_MONTH_YEAR"
STARTDATE="12/22/2014"
STUDYLOCALE="en-US"
SVAUTOSELECTRATE="100"
SVFIRSTNSUBJECTS="100"
/>


<SITE  NAME="(160) British Columbia Cancer Agency"    MNEMONIC="160"
ADDRESS="600 West 10th Avenue"
COUNTRY="CANADA"
PHONE="16048776000"
ALTPHONE="1"
FAX="1"
TIMEZONE="(GMT-05:00) Eastern Time (US &#38; Canada)"
SITEDATEFORMAT="DAY_MONTH_YEAR"
STARTDATE="12/22/2014"
STUDYLOCALE="en-US"
SVAUTOSELECTRATE="100"
SVFIRSTNSUBJECTS="100"
/>


<SITE  NAME="(158) Centre Hospitalier Universitaire de Montreal Hospital Notre Dame"    MNEMONIC="158"
ADDRESS="1560 rue Sherbrooke East Pavillon LC Simard Porte Z 2910"
COUNTRY="CANADA"
PHONE="15148908000"
ALTPHONE="1"
FAX="1"
TIMEZONE="(GMT-05:00) Eastern Time (US &#38; Canada)"
SITEDATEFORMAT="DAY_MONTH_YEAR"
STARTDATE="12/22/2014"
STUDYLOCALE="en-US"
SVAUTOSELECTRATE="100"
SVFIRSTNSUBJECTS="100"
/>


<SITE  NAME="(156) UHN Princess Margaret Cancer Centre"    MNEMONIC="156"
ADDRESS="610 University Avenue 5th Floor"
COUNTRY="CANADA"
PHONE="14169464501"
ALTPHONE="1"
FAX="1"
TIMEZONE="(GMT-05:00) Eastern Time (US &#38; Canada)"
SITEDATEFORMAT="DAY_MONTH_YEAR"
STARTDATE="12/22/2014"
STUDYLOCALE="en-US"
SVAUTOSELECTRATE="100"
SVFIRSTNSUBJECTS="100"
/>


<SITE  NAME="(154) Sunnybrook Health Sciences Centre"    MNEMONIC="154"
ADDRESS="2075 Bayview Avenue"
COUNTRY="CANADA"
PHONE="14164805000"
ALTPHONE="1"
FAX="1"
TIMEZONE="(GMT-05:00) Eastern Time (US &#38; Canada)"
SITEDATEFORMAT="DAY_MONTH_YEAR"
STARTDATE="12/22/2014"
STUDYLOCALE="en-US"
SVAUTOSELECTRATE="100"
SVFIRSTNSUBJECTS="100"
/>


<SITE  NAME="(152) The Montreal General Hospital"    MNEMONIC="152"
ADDRESS="1650 Cedar Avenue Room D5 400"
COUNTRY="CANADA"
PHONE="15149341934"
ALTPHONE="1"
FAX="1"
TIMEZONE="(GMT-05:00) Eastern Time (US &#38; Canada)"
SITEDATEFORMAT="DAY_MONTH_YEAR"
STARTDATE="12/22/2014"
STUDYLOCALE="en-US"
SVAUTOSELECTRATE="100"
SVFIRSTNSUBJECTS="100"
/>


<SITE  NAME="(910) Tel Aviv Sourasky Medica"    MNEMONIC="910"
ADDRESS="6 Weizman St. Tel Aviv Jaffa 6423906"
COUNTRY="ISRAEL"
PHONE="97297236974382"
ALTPHONE="972"
FAX="972"
TIMEZONE="(GMT+02:00) Jerusalem"
SITEDATEFORMAT="DAY_MONTH_YEAR"
STARTDATE="12/22/2014"
STUDYLOCALE="en-US"
SVAUTOSELECTRATE="100"
SVFIRSTNSUBJECTS="100"
/>


<SITE  NAME="(906) Rambam Medical Center"    MNEMONIC="906"
ADDRESS="8 HaAliya Hashniya St. POB 9602 Haifa 3525408"
COUNTRY="ISRAEL"
PHONE="97297248543812"
ALTPHONE="972"
FAX="972"
TIMEZONE="(GMT+02:00) Jerusalem"
SITEDATEFORMAT="DAY_MONTH_YEAR"
STARTDATE="12/22/2014"
STUDYLOCALE="en-US"
SVAUTOSELECTRATE="100"
SVFIRSTNSUBJECTS="100"
/>


<SITE  NAME="(902) Chaim Sheba Medical Center"    MNEMONIC="902"
ADDRESS="2 Sheba Road Tel Hashomer Ramat Gan 5266202"
COUNTRY="ISRAEL"
PHONE="97297235304436"
ALTPHONE="972"
FAX="972"
TIMEZONE="(GMT+02:00) Jerusalem"
SITEDATEFORMAT="DAY_MONTH_YEAR"
STARTDATE="12/22/2014"
STUDYLOCALE="en-US"
SVAUTOSELECTRATE="100"
SVFIRSTNSUBJECTS="100"
/>


<SITE  NAME="(908) Hadassah Medical Center"    MNEMONIC="908"
ADDRESS="POB 1200 Jerusalem 9112001"
COUNTRY="ISRAEL"
PHONE="97297226778853"
ALTPHONE="972"
FAX="972"
TIMEZONE="(GMT+02:00) Jerusalem"
SITEDATEFORMAT="DAY_MONTH_YEAR"
STARTDATE="12/22/2014"
STUDYLOCALE="en-US"
SVAUTOSELECTRATE="100"
SVFIRSTNSUBJECTS="100"
/>


<SITE  NAME="(904) Rabin Medical Center"    MNEMONIC="904"
ADDRESS="39 Jabotinsky St. Petah Tiqva 4910001"
COUNTRY="ISRAEL"
PHONE="97297239378077"
ALTPHONE="972"
FAX="972"
TIMEZONE="(GMT+02:00) Jerusalem"
SITEDATEFORMAT="DAY_MONTH_YEAR"
STARTDATE="12/22/2014"
STUDYLOCALE="en-US"
SVAUTOSELECTRATE="100"
SVFIRSTNSUBJECTS="100"
/>


<SITE  NAME="(34) AdVance Medical Research LLC"    MNEMONIC="34"
ADDRESS="1217 Hostos Ave"
COUNTRY="PUERTO RICO"
PHONE="7877876516697"
ALTPHONE="787"
FAX="787"
TIMEZONE="(GMT-04:00) Atlantic Time (Canada)"
SITEDATEFORMAT="DAY_MONTH_YEAR"
STARTDATE="12/22/2014"
STUDYLOCALE="en-US"
SVAUTOSELECTRATE="100"
SVFIRSTNSUBJECTS="100"
/>


<SITE  NAME="(28) Grupo Oncologico Comunitario"    MNEMONIC="28"
ADDRESS="VA Caribbean Health System 10 Casia Street"
COUNTRY="PUERTO RICO"
PHONE="7877876417582"
ALTPHONE="787"
FAX="787"
TIMEZONE="(GMT-04:00) Atlantic Time (Canada)"
SITEDATEFORMAT="DAY_MONTH_YEAR"
STARTDATE="12/22/2014"
STUDYLOCALE="en-US"
SVAUTOSELECTRATE="100"
SVFIRSTNSUBJECTS="100"
/>


<SITE  NAME="(26) Auxilio Mutuo Cancer Center"    MNEMONIC="26"
ADDRESS="Hospital Espanol Auxilio Mutuo de Puerto Rico Inc Ave Ponce de Leon 715"
COUNTRY="PUERTO RICO"
PHONE="7877877717933"
ALTPHONE="787"
FAX="787"
TIMEZONE="(GMT-04:00) Atlantic Time (Canada)"
SITEDATEFORMAT="DAY_MONTH_YEAR"
STARTDATE="12/22/2014"
STUDYLOCALE="en-US"
SVAUTOSELECTRATE="100"
SVFIRSTNSUBJECTS="100"
/>


<SITE  NAME="(24) Grupo Oncologico Comunitario"    MNEMONIC="24"
ADDRESS="Hospital Hema Onco Clinics Basement Centro Medico"
COUNTRY="PUERTO RICO"
PHONE="7877877831296"
ALTPHONE="787"
FAX="787"
TIMEZONE="(GMT-04:00) Atlantic Time (Canada)"
SITEDATEFORMAT="DAY_MONTH_YEAR"
STARTDATE="12/22/2014"
STUDYLOCALE="en-US"
SVAUTOSELECTRATE="100"
SVFIRSTNSUBJECTS="100"
/>


<SITE  NAME="(36) Seattle Cancer Care Alliance"    MNEMONIC="36"
ADDRESS="825 Eastlake Ave E"
COUNTRY="UNITED STATES"
PHONE="12062886439"
ALTPHONE="1"
FAX="1"
TIMEZONE="(GMT-08:00) Pacific Time (US &#38; Canada)"
SITEDATEFORMAT="DAY_MONTH_YEAR"
STARTDATE="12/22/2014"
STUDYLOCALE="en-US"
SVAUTOSELECTRATE="100"
SVFIRSTNSUBJECTS="100"
/>


<SITE  NAME="(18) UCLA Division of Hematology Oncology"    MNEMONIC="18"
ADDRESS="2020 Santa Monica Blvd Suite 600"
COUNTRY="UNITED STATES"
PHONE="13106338400"
ALTPHONE="1"
FAX="1"
TIMEZONE="(GMT-08:00) Pacific Time (US &#38; Canada)"
SITEDATEFORMAT="DAY_MONTH_YEAR"
STARTDATE="12/22/2014"
STUDYLOCALE="en-US"
SVAUTOSELECTRATE="100"
SVFIRSTNSUBJECTS="100"
/>


<SITE  NAME="(16) University of Colorado"    MNEMONIC="16"
ADDRESS="1665 Aurora Ct Room 3200"
COUNTRY="UNITED STATES"
PHONE="17208480664"
ALTPHONE="1"
FAX="1"
TIMEZONE="(GMT-07:00) Mountain Time (US &#38; Canada)"
SITEDATEFORMAT="DAY_MONTH_YEAR"
STARTDATE="12/22/2014"
STUDYLOCALE="en-US"
SVAUTOSELECTRATE="100"
SVFIRSTNSUBJECTS="100"
/>


<SITE  NAME="(52) Tennessee Oncology  Nashville SCRI Network"    MNEMONIC="52"
ADDRESS="250 25th Avenue North"
COUNTRY="UNITED STATES"
PHONE="16153297235"
ALTPHONE="1"
FAX="1"
TIMEZONE="(GMT-06:00) Central Time (US &#38; Canada)"
SITEDATEFORMAT="DAY_MONTH_YEAR"
STARTDATE="12/22/2014"
STUDYLOCALE="en-US"
SVAUTOSELECTRATE="100"
SVFIRSTNSUBJECTS="100"
/>


<SITE  NAME="(40) Northwestern University Office for Sponsored Research"    MNEMONIC="40"
ADDRESS="Robert H Lurie Comprehensive Cancer Center 676 N St Claire St"
COUNTRY="UNITED STATES"
PHONE="13125954368"
ALTPHONE="1"
FAX="1"
TIMEZONE="(GMT-06:00) Central Time (US &#38; Canada)"
SITEDATEFORMAT="DAY_MONTH_YEAR"
STARTDATE="12/22/2014"
STUDYLOCALE="en-US"
SVAUTOSELECTRATE="100"
SVFIRSTNSUBJECTS="100"
/>


<SITE  NAME="(20) Baylor College of Medicine  Cullen Bldg"    MNEMONIC="20"
ADDRESS="One Baylor Plaza Cullen Building Suite 335A"
COUNTRY="UNITED STATES"
PHONE="17137982500"
ALTPHONE="1"
FAX="1"
TIMEZONE="(GMT-06:00) Central Time (US &#38; Canada)"
SITEDATEFORMAT="DAY_MONTH_YEAR"
STARTDATE="12/22/2014"
STUDYLOCALE="en-US"
SVAUTOSELECTRATE="100"
SVFIRSTNSUBJECTS="100"
/>


<SITE  NAME="(14) Illinois CancerCare"    MNEMONIC="14"
ADDRESS="8940 North Wood Sage Road"
COUNTRY="UNITED STATES"
PHONE="13092433297"
ALTPHONE="1"
FAX="1"
TIMEZONE="(GMT-06:00) Central Time (US &#38; Canada)"
SITEDATEFORMAT="DAY_MONTH_YEAR"
STARTDATE="12/22/2014"
STUDYLOCALE="en-US"
SVAUTOSELECTRATE="100"
SVFIRSTNSUBJECTS="100"
/>


<SITE  NAME="(4) University of Texas Southwestern Medical Center"    MNEMONIC="4"
ADDRESS="5323 Harry Hines Blvd"
COUNTRY="UNITED STATES"
PHONE="12146487031"
ALTPHONE="1"
FAX="1"
TIMEZONE="(GMT-06:00) Central Time (US &#38; Canada)"
SITEDATEFORMAT="DAY_MONTH_YEAR"
STARTDATE="12/22/2014"
STUDYLOCALE="en-US"
SVAUTOSELECTRATE="100"
SVFIRSTNSUBJECTS="100"
/>


<SITE  NAME="(2) Highlands Oncology Group"    MNEMONIC="2"
ADDRESS="3232 N North Hills Blvd"
COUNTRY="UNITED STATES"
PHONE="14795871700"
ALTPHONE="1"
FAX="1"
TIMEZONE="(GMT-06:00) Central Time (US &#38; Canada)"
SITEDATEFORMAT="DAY_MONTH_YEAR"
STARTDATE="12/22/2014"
STUDYLOCALE="en-US"
SVAUTOSELECTRATE="100"
SVFIRSTNSUBJECTS="100"
/>


<SITE  NAME="(72) St Jude Heritage Healthcare"    MNEMONIC="72"
ADDRESS="2151 N Harbor Boulevard Suite 2200"
COUNTRY="UNITED STATES"
PHONE="16153297235"
ALTPHONE="1"
FAX="1"
TIMEZONE="(GMT-06:00) Central Time (US &#38; Canada)"
SITEDATEFORMAT="DAY_MONTH_YEAR"
STARTDATE="12/22/2014"
STUDYLOCALE="en-US"
SVAUTOSELECTRATE="100"
SVFIRSTNSUBJECTS="100"
/>


<SITE  NAME="(12) Nebraska Medical Hospital"    MNEMONIC="12"
ADDRESS="8303 Dodge Street"
COUNTRY="UNITED STATES"
PHONE="14023548250"
ALTPHONE="1"
FAX="1"
TIMEZONE="(GMT-06:00) Central Time (US &#38; Canada)"
SITEDATEFORMAT="DAY_MONTH_YEAR"
STARTDATE="12/22/2014"
STUDYLOCALE="en-US"
SVAUTOSELECTRATE="100"
SVFIRSTNSUBJECTS="100"
/>


<SITE  NAME="(70) Cancer Care Associates Medical Group"    MNEMONIC="70"
ADDRESS="514 North Prospect Avenue 4th Floor"
COUNTRY="UNITED STATES"
PHONE="17272161143"
ALTPHONE="1"
FAX="1"
TIMEZONE="(GMT-05:00) Eastern Time (US &#38; Canada)"
SITEDATEFORMAT="DAY_MONTH_YEAR"
STARTDATE="12/22/2014"
STUDYLOCALE="en-US"
SVAUTOSELECTRATE="100"
SVFIRSTNSUBJECTS="100"
/>


<SITE  NAME="(50) Florida Cancer Specialists North  SCRI Network"    MNEMONIC="50"
ADDRESS="560 Jackson Street"
COUNTRY="UNITED STATES"
PHONE="17272161143"
ALTPHONE="1"
FAX="1"
TIMEZONE="(GMT-05:00) Eastern Time (US &#38; Canada)"
SITEDATEFORMAT="DAY_MONTH_YEAR"
STARTDATE="12/22/2014"
STUDYLOCALE="en-US"
SVAUTOSELECTRATE="100"
SVFIRSTNSUBJECTS="100"
/>


<SITE  NAME="(38) Memorial Sloan Kettering Cancer Center"    MNEMONIC="38"
ADDRESS="1275 York Avenue"
COUNTRY="UNITED STATES"
PHONE="16468884183"
ALTPHONE="1"
FAX="1"
TIMEZONE="(GMT-05:00) Eastern Time (US &#38; Canada)"
SITEDATEFORMAT="DAY_MONTH_YEAR"
STARTDATE="12/22/2014"
STUDYLOCALE="en-US"
SVAUTOSELECTRATE="100"
SVFIRSTNSUBJECTS="100"
/>


<SITE  NAME="(32) Yale University"    MNEMONIC="32"
ADDRESS="333 Cedar Street"
COUNTRY="UNITED STATES"
PHONE="12037852836"
ALTPHONE="1"
FAX="1"
TIMEZONE="(GMT-05:00) Eastern Time (US &#38; Canada)"
SITEDATEFORMAT="DAY_MONTH_YEAR"
STARTDATE="12/22/2014"
STUDYLOCALE="en-US"
SVAUTOSELECTRATE="100"
SVFIRSTNSUBJECTS="100"
/>


<SITE  NAME="(30) Fox Chase Cancer Center"    MNEMONIC="30"
ADDRESS="7701 Burholme Ave"
COUNTRY="UNITED STATES"
PHONE="12152141724"
ALTPHONE="1"
FAX="1"
TIMEZONE="(GMT-05:00) Eastern Time (US &#38; Canada)"
SITEDATEFORMAT="DAY_MONTH_YEAR"
STARTDATE="12/22/2014"
STUDYLOCALE="en-US"
SVAUTOSELECTRATE="100"
SVFIRSTNSUBJECTS="100"
/>


<SITE  NAME="(22) Allegheny General Hospital"    MNEMONIC="22"
ADDRESS="320 East North Avenue"
COUNTRY="UNITED STATES"
PHONE="14123596863"
ALTPHONE="1"
FAX="1"
TIMEZONE="(GMT-05:00) Eastern Time (US &#38; Canada)"
SITEDATEFORMAT="DAY_MONTH_YEAR"
STARTDATE="12/22/2014"
STUDYLOCALE="en-US"
SVAUTOSELECTRATE="100"
SVFIRSTNSUBJECTS="100"
/>


<SITE  NAME="(8) Dana Farber Cancer Institute"    MNEMONIC="8"
ADDRESS="Harvard Medical School 44 Binney Street Dana 1230"
COUNTRY="UNITED STATES"
PHONE="16176325840"
ALTPHONE="1"
FAX="1"
TIMEZONE="(GMT-05:00) Eastern Time (US &#38; Canada)"
SITEDATEFORMAT="DAY_MONTH_YEAR"
STARTDATE="12/22/2014"
STUDYLOCALE="en-US"
SVAUTOSELECTRATE="100"
SVFIRSTNSUBJECTS="100"
/>


<SITE  NAME="(6) Weill Cornell Medical College"    MNEMONIC="6"
ADDRESS="525 East 68th Street Starr Pavilion"
COUNTRY="UNITED STATES"
PHONE="16469629343"
ALTPHONE="1"
FAX="1"
TIMEZONE="(GMT-05:00) Eastern Time (US &#38; Canada)"
SITEDATEFORMAT="DAY_MONTH_YEAR"
STARTDATE="12/22/2014"
STUDYLOCALE="en-US"
SVAUTOSELECTRATE="100"
SVFIRSTNSUBJECTS="100"
/>


<SITE  NAME="(76) Comprehensive Cancer Centers of Nevada"    MNEMONIC="76"
ADDRESS="3730 South Eastern Avenue"
COUNTRY="UNITED STATES"
PHONE="12392749930"
ALTPHONE="1"
FAX="1"
TIMEZONE="(GMT-05:00) Eastern Time (US &#38; Canada)"
SITEDATEFORMAT="DAY_MONTH_YEAR"
STARTDATE="12/22/2014"
STUDYLOCALE="en-US"
SVAUTOSELECTRATE="100"
SVFIRSTNSUBJECTS="100"
/>


<SITE  NAME="(74) Comprehensive Blood and Cancer Center"    MNEMONIC="74"
ADDRESS="6501 Truxtun Avenue"
COUNTRY="UNITED STATES"
PHONE="15137512273"
ALTPHONE="1"
FAX="1"
TIMEZONE="(GMT-05:00) Eastern Time (US &#38; Canada)"
SITEDATEFORMAT="DAY_MONTH_YEAR"
STARTDATE="12/22/2014"
STUDYLOCALE="en-US"
SVAUTOSELECTRATE="100"
SVFIRSTNSUBJECTS="100"
/>


<SITE  NAME="(56) Florida Cancer Specialists South SCRI Network"    MNEMONIC="56"
ADDRESS="4331 Veronica Shoemaker Blvd."
COUNTRY="UNITED STATES"
PHONE="12392749930"
ALTPHONE="1"
FAX="1"
TIMEZONE="(GMT-05:00) Eastern Time (US &#38; Canada)"
SITEDATEFORMAT="DAY_MONTH_YEAR"
STARTDATE="12/22/2014"
STUDYLOCALE="en-US"
SVAUTOSELECTRATE="100"
SVFIRSTNSUBJECTS="100"
/>


<SITE  NAME="(54) Oncology Hematology Care SCRI Network"    MNEMONIC="54"
ADDRESS="4350 Malsbary Road"
COUNTRY="UNITED STATES"
PHONE="15137512273"
ALTPHONE="1"
FAX="1"
TIMEZONE="(GMT-05:00) Eastern Time (US &#38; Canada)"
SITEDATEFORMAT="DAY_MONTH_YEAR"
STARTDATE="12/22/2014"
STUDYLOCALE="en-US"
SVAUTOSELECTRATE="100"
SVFIRSTNSUBJECTS="100"
/>


<SITE  NAME="(10) Holy Cross Hospital  Bienes Comp Cancer Center"    MNEMONIC="10"
ADDRESS="4725 North Federal Highway"
COUNTRY="UNITED STATES"
PHONE="19547718000"
ALTPHONE="1"
FAX="1"
TIMEZONE="(GMT-05:00) Eastern Time (US &#38; Canada)"
SITEDATEFORMAT="DAY_MONTH_YEAR"
STARTDATE="12/22/2014"
STUDYLOCALE="en-US"
SVAUTOSELECTRATE="100"
SVFIRSTNSUBJECTS="100"
/>


</MEDMLDATA>