<?xml version="1.0"?>
<MEDMLDATA xmlns="PhaseForward-MedML-Inform4">


<RIGHTSGROUP  GROUPNAME="Coding Query Rights Group">
<!-- Insert Users -->
<USERREF USERNAME="coder_query"/>

</RIGHTSGROUP>

<RIGHTSGROUP  GROUPNAME="Data Manager">
<!-- Insert Users -->
<USERREF USERNAME="rm86640"/>
<USERREF USERNAME="z1x1703"/>

</RIGHTSGROUP>

<RIGHTSGROUP  GROUPNAME="GPS">
<!-- Insert Users -->
<USERREF USERNAME="u7x2510"/>
<USERREF USERNAME="yex7920"/>
<USERREF USERNAME="c135748"/>
<USERREF USERNAME="c114196"/>
<USERREF USERNAME="c131994"/>
<USERREF USERNAME="c058698"/>
<USERREF USERNAME="c015393"/>
<USERREF USERNAME="wj02044"/>
<USERREF USERNAME="ye91098"/>
<USERREF USERNAME="a803075"/>
<USERREF USERNAME="c022433"/>
<USERREF USERNAME="a511471"/>
<USERREF USERNAME="rm87794"/>
<USERREF USERNAME="c026390"/>
<USERREF USERNAME="a608261"/>
<USERREF USERNAME="rm90029"/>
<USERREF USERNAME="c071673"/>
<USERREF USERNAME="v6x8058"/>
<USERREF USERNAME="c039853"/>
<USERREF USERNAME="wj01346"/>
<USERREF USERNAME="c149066"/>
<USERREF USERNAME="rm36132"/>
<USERREF USERNAME="wj01740"/>
<USERREF USERNAME="rm87430"/>
<USERREF USERNAME="c089548"/>
<USERREF USERNAME="c075541"/>
<USERREF USERNAME="c026393"/>
<USERREF USERNAME="rm80655"/>
<USERREF USERNAME="yex8013"/>
<USERREF USERNAME="c149470"/>
<USERREF USERNAME="c090108"/>

</RIGHTSGROUP>

<RIGHTSGROUP  GROUPNAME="Monitor">
<!-- Insert Users -->
<USERREF USERNAME="z2x9608"/>
<USERREF USERNAME="C191601"/>
<USERREF USERNAME="c178203"/>
<USERREF USERNAME="z2x6039"/>
<USERREF USERNAME="z2x7034"/>
<USERREF USERNAME="z1x9188"/>
<USERREF USERNAME="Z1X0386"/>
<USERREF USERNAME="z1x2077"/>
<USERREF USERNAME="Z1X2072"/>
<USERREF USERNAME="z1x1846"/>
<USERREF USERNAME="z2x2460"/>
<USERREF USERNAME="z1x2603"/>
<USERREF USERNAME="z1x1807"/>
<USERREF USERNAME="z2x3300"/>
<USERREF USERNAME="z2x2093"/>
<USERREF USERNAME="z3x2051"/>
<USERREF USERNAME="z3x3124"/>
<USERREF USERNAME="z1x2082"/>
<USERREF USERNAME="Z3X1847"/>
<USERREF USERNAME="z2x1970"/>

</RIGHTSGROUP>

<RIGHTSGROUP  GROUPNAME="PI Sign Only">
<!-- Insert Users -->
<USERREF USERNAME="cgomez"/>
<USERREF USERNAME="rgeva"/>
<USERREF USERNAME="yko"/>
<USERREF USERNAME="hmackay"/>
<USERREF USERNAME="tbeck"/>
<USERREF USERNAME="uverma"/>
<USERREF USERNAME="mbajaj"/>
<USERREF USERNAME="sleong"/>
<USERREF USERNAME="zwainberg"/>
<USERREF USERNAME="ibarskaya"/>
<USERREF USERNAME="jlacy"/>
<USERREF USERNAME="hvelez"/>
<USERREF USERNAME="vshankaran"/>
<USERREF USERNAME="dilson"/>
<USERREF USERNAME="pacs"/>
<USERREF USERNAME="jbendell"/>
<USERREF USERNAME="ifirdaus"/>
<USERREF USERNAME="jreeves"/>
<USERREF USERNAME="hhool"/>
<USERREF USERNAME="wlawler"/>
<USERREF USERNAME="rpatel"/>
<USERREF USERNAME="jsanchez"/>
<USERREF USERNAME="talcindor"/>
<USERREF USERNAME="mshah"/>
<USERREF USERNAME="cfuchs"/>
<USERREF USERNAME="lyonemoto"/>
<USERREF USERNAME="lbaez"/>
<USERREF USERNAME="fcabanillas"/>
<USERREF USERNAME="wcaceres"/>
<USERREF USERNAME="cdenlinger"/>
<USERREF USERNAME="hnimeiri"/>
<USERREF USERNAME="mtehfe"/>
<USERREF USERNAME="hlin"/>
<USERREF USERNAME="rburkes"/>
<USERREF USERNAME="cbrezdenmasley"/>
<USERREF USERNAME="eshacham"/>
<USERREF USERNAME="bbrenner"/>
<USERREF USERNAME="abeny"/>
<USERREF USERNAME="ahubert"/>
<USERREF USERNAME="thuyck"/>

</RIGHTSGROUP>

<RIGHTSGROUP  GROUPNAME="Report Extractor">
<!-- Insert Users -->
<USERREF USERNAME="i4tmcjvcu_RE"/>

</RIGHTSGROUP>

<RIGHTSGROUP  GROUPNAME="SC">
<!-- Insert Users -->
<USERREF USERNAME="smainville"/>
<USERREF USERNAME="pparalejas"/>
<USERREF USERNAME="jcopen"/>
<USERREF USERNAME="lfaure"/>
<USERREF USERNAME="vyim"/>
<USERREF USERNAME="mvincitore"/>
<USERREF USERNAME="bmusher"/>
<USERREF USERNAME="dcuadrado"/>
<USERREF USERNAME="iliboy"/>
<USERREF USERNAME="crivera"/>
<USERREF USERNAME="mstafford"/>
<USERREF USERNAME="dlatham"/>
<USERREF USERNAME="elopez"/>
<USERREF USERNAME="egeorgi"/>
<USERREF USERNAME="lpfeifer"/>
<USERREF USERNAME="cmargis"/>
<USERREF USERNAME="tcolvin"/>
<USERREF USERNAME="mraj"/>
<USERREF USERNAME="kdooley"/>
<USERREF USERNAME="atoro"/>
<USERREF USERNAME="otadesse"/>
<USERREF USERNAME="cbiermeier"/>
<USERREF USERNAME="scalvert"/>
<USERREF USERNAME="ngiven"/>
<USERREF USERNAME="cokeefe"/>
<USERREF USERNAME="shutcherson"/>
<USERREF USERNAME="gmaddenmathes"/>
<USERREF USERNAME="sdara"/>
<USERREF USERNAME="dkatz"/>
<USERREF USERNAME="mjoncas"/>
<USERREF USERNAME="cmacdonald"/>
<USERREF USERNAME="jhernandez"/>
<USERREF USERNAME="mcaspi"/>
<USERREF USERNAME="ealonso"/>
<USERREF USERNAME="rshevetz"/>
<USERREF USERNAME="cmeir"/>
<USERREF USERNAME="mgurman"/>
<USERREF USERNAME="esasson"/>
<USERREF USERNAME="rshaporker"/>

</RIGHTSGROUP>

<RIGHTSGROUP  GROUPNAME="Study Manager">
<!-- Insert Users -->
<USERREF USERNAME="a801261"/>

</RIGHTSGROUP>

<RIGHTSGROUP  GROUPNAME="User Activator RG">
<!-- Insert Users -->
<USERREF USERNAME="ZPFedervishaj"/>
<USERREF USERNAME="ZPFkbarkoczi"/>
<USERREF USERNAME="ZPFmandone"/>
<USERREF USERNAME="ZPFdnagy"/>
<USERREF USERNAME="ZPFobodnar"/>
<USERREF USERNAME="ZPFzleczo"/>
<USERREF USERNAME="ZPFsdamato"/>
<USERREF USERNAME="ZPFmiwaki"/>
<USERREF USERNAME="ZPFvyana"/>
<USERREF USERNAME="ZPFgradnai"/>
<USERREF USERNAME="ZPFrducusin"/>
<USERREF USERNAME="ZPFvsoni"/>
<USERREF USERNAME="ZPFjmacatangay"/>
<USERREF USERNAME="ZPFjktan"/>
<USERREF USERNAME="ZPFhsekine"/>
<USERREF USERNAME="ZPFckalinyak"/>
<USERREF USERNAME="ZPFlstoica"/>

</RIGHTSGROUP>

<RIGHTSGROUP  GROUPNAME="User Manager RG">
<!-- Insert Users -->
<USERREF USERNAME="ZPFijohl"/>
<USERREF USERNAME="ZPFdvittay"/>
<USERREF USERNAME="ZPFtcabanes"/>
<USERREF USERNAME="ZPFnvergara"/>
<USERREF USERNAME="ZPFdweakley"/>
<USERREF USERNAME="ZPFekosa"/>
<USERREF USERNAME="ZPFawarsama"/>
<USERREF USERNAME="ZPFrsulit"/>
<USERREF USERNAME="ZPFmarintoc"/>
<USERREF USERNAME="ZPFaterjek"/>
<USERREF USERNAME="ZPFbnagy"/>
<USERREF USERNAME="ZPFcmercado"/>
<USERREF USERNAME="ZPFnqi"/>
<USERREF USERNAME="ZPFaolah"/>
<USERREF USERNAME="ZPFsaguilar"/>
<USERREF USERNAME="ZPFskholti"/>
<USERREF USERNAME="ZPFkcsobalyka"/>
<USERREF USERNAME="ZPFaotsuka"/>
<USERREF USERNAME="ZPFsgazso"/>
<USERREF USERNAME="ZPFpvallar"/>
<USERREF USERNAME="ZPFryu"/>
<USERREF USERNAME="ZPFrcauad"/>
<USERREF USERNAME="ZPFoely"/>
<USERREF USERNAME="ZPFkkovacs"/>
<USERREF USERNAME="ZPFepenzes"/>
<USERREF USERNAME="ZPFfvarga"/>
<USERREF USERNAME="ZPFtfabian"/>
<USERREF USERNAME="ZPFapervaiz"/>
<USERREF USERNAME="ZPFcvarga"/>

</RIGHTSGROUP>

<RIGHTSGROUP  GROUPNAME="VO">
<!-- Insert Users -->
<USERREF USERNAME="da89276"/>
<USERREF USERNAME="da62796"/>
<USERREF USERNAME="rm97846"/>
<USERREF USERNAME="rx99017"/>
<USERREF USERNAME="a615313"/>
<USERREF USERNAME="c004058"/>
<USERREF USERNAME="da91313"/>
<USERREF USERNAME="c015863"/>
<USERREF USERNAME="a803441"/>
<USERREF USERNAME="da35343"/>
<USERREF USERNAME="b1x9381"/>
<USERREF USERNAME="da96978"/>
<USERREF USERNAME="c036126"/>
<USERREF USERNAME="c132757"/>
<USERREF USERNAME="da69949"/>
<USERREF USERNAME="da96091"/>
<USERREF USERNAME="va04677"/>
<USERREF USERNAME="c017981"/>
<USERREF USERNAME="da63298"/>

</RIGHTSGROUP>

</MEDMLDATA>