<?xml version="1.0"?>
<Deployment xmlns:xsd="http://www.w3.org/2001/XMLSchema" xmlns:xsi="http://www.w3.org/2001/XMLSchema-instance" Id="327cd2e4-4bd5-4e63-8d56-1099f3cec979" CreationTime="0001-01-01T00:00:00.0000000+00:00" xmlns="http://phaseforward.com/Designer/Deployment/2006-03-23">
  <Name>FF_I4DMCJTJN_LIVE_20181105</Name>
  <Description>FF_I4DMCJTJN_LIVE_20181105</Description>
  <CreatedBy Id="5da3ec41-1e51-4ffe-9f21-6afa43035983" xmlns="http://phaseforward.com/Designer/Admin/2004-12-03">
    <UserName>fakeUser</UserName>
    <DisplayName>Fake user</DisplayName>
    <Status>Active</Status>
  </CreatedBy>
  <Baseline Id="5f46a8db-6b82-4a7d-9c47-b7ffa020937e" SnapshotId="a76cd68e-4f69-4744-8c52-fc766328d255">
    <Version>1.2.0</Version>
    <CreatedDate>2018-11-05T06:30:01.1969049+00:00</CreatedDate>
    <IsTemporary>true</IsTemporary>
    <ValidationStatus>ValidWithWarnings</ValidationStatus>
    <IsDeployed>false</IsDeployed>
    <Name>Validation baseline 11/5/2018 11:56 AM</Name>
    <BaselineData>
      <StudyBlueprint Id="dbe5abfe-eaa3-45e9-95c4-d4575cf9da9f" xmlns="http://phaseforward.com/Designer/Project/2005-01-18">
        <Name>I4D_MC_JTJN</Name>
        <Description>I4D_MC_JTJN</Description>
        <Attachments />
        <Goals />
        <ApprovalPolicies />
        <CodingDictionaries>
          <CodingDictionary Id="e2a9fac9-9f64-4303-a8b0-4dd705dcb46c">
            <VerbatimTypes>
              <VerbatimType>843ede5a-3304-48d8-9c41-f4666fbbcade</VerbatimType>
              <VerbatimType>11c3cde7-2214-491f-8737-e50e542cd0de</VerbatimType>
            </VerbatimTypes>
          </CodingDictionary>
          <CodingDictionary Id="d887c028-fcba-43a6-9da6-cfd7226a6df9">
            <VerbatimTypes>
              <VerbatimType>ef5afe04-0b3b-48b6-bdb9-598f8fff6962</VerbatimType>
            </VerbatimTypes>
          </CodingDictionary>
        </CodingDictionaries>
        <DeploymentOutputs>
          <string>InForm</string>
        </DeploymentOutputs>
        <FormLayouts>
          <FormLayout type="EDCLayout">
            <Names>
              <Items>
                <LocalizedString>
                  <Locale>en-US</Locale>
                  <Value>EDC</Value>
                </LocalizedString>
              </Items>
            </Names>
          </FormLayout>
        </FormLayouts>
        <Locales>
          <Locale>en-US</Locale>
        </Locales>
        <SearchFilters />
        <Libraries>
          <LibraryDescriptor Id="b192db0a-861c-4848-81a1-8c787ea5b620">
            <Name>Lilly Published Form Library 07</Name>
            <Description>Lilly Published Form Library 07</Description>
          </LibraryDescriptor>
          <LibraryDescriptor Id="07bdd73c-1cd8-40dc-9dab-5bb6f7d30deb">
            <Name>Lilly Codelist Maintenance Library 08</Name>
            <Description>Lilly Codelist Maintenance Library 08</Description>
          </LibraryDescriptor>
          <LibraryDescriptor Id="b78ab29c-4b8b-4b7b-90de-2758b0a54549">
            <Name>Lilly Codelist Maintenance Library 09</Name>
            <Description>Lilly Codelist Maintenance Library 09</Description>
          </LibraryDescriptor>
          <LibraryDescriptor Id="08af1540-a4d8-4392-b314-6d8d8f73050d">
            <Name>Lilly Codelist Maintenance Library 01</Name>
            <Description>Lilly Codelist Maintenance Library 01</Description>
          </LibraryDescriptor>
          <LibraryDescriptor Id="bfa635b1-03ef-4de8-af4a-1b3cbe826b35">
            <Name>Lilly Codelist Maintenance Library 02</Name>
            <Description>Lilly Codelist Maintenance Library 02</Description>
          </LibraryDescriptor>
          <LibraryDescriptor Id="52967910-5e31-480e-bd18-19d066deeddd">
            <Name>Lilly Codelist Maintenance Library 03</Name>
            <Description>Lilly Codelist Maintenance Library 03</Description>
          </LibraryDescriptor>
          <LibraryDescriptor Id="4868e541-7b1d-42fb-a0fd-893cfae7a6d7">
            <Name>Lilly Codelist Maintenance Library 04</Name>
            <Description>Lilly Codelist Maintenance Library 04</Description>
          </LibraryDescriptor>
          <LibraryDescriptor Id="d4dd7dd7-0207-4ffb-9092-0845795a0f8a">
            <Name>Lilly Codelist Maintenance Library 05</Name>
            <Description>Lilly Codelist Maintenance Library 05</Description>
          </LibraryDescriptor>
          <LibraryDescriptor Id="d128d2c3-54f0-4897-8161-06940c075858">
            <Name>Lilly Codelist Maintenance Library 06</Name>
            <Description>Lilly Codelist Maintenance Library 06</Description>
          </LibraryDescriptor>
          <LibraryDescriptor Id="a19c8576-a69b-427e-a04f-6f9cf9fe7dd0">
            <Name>Lilly Codelist Maintenance Library 07</Name>
            <Description>Lilly Codelist Maintenance Library 07</Description>
          </LibraryDescriptor>
          <LibraryDescriptor Id="02145555-55cc-4f6c-88de-44505f792e03">
            <Name>Lilly Published Form Library 04</Name>
            <Description>Lilly Published Form Library 04</Description>
          </LibraryDescriptor>
          <LibraryDescriptor Id="13c721a7-8f11-4368-88aa-981c015e4d50">
            <Name>Lilly Published Form Library 05</Name>
            <Description>Lilly Published Form Library 05</Description>
          </LibraryDescriptor>
          <LibraryDescriptor Id="f0c84e8b-492e-4916-a0ed-d13ef2c66b09">
            <Name>Lilly Published Form Library 06</Name>
            <Description>Lilly Published Form Library 06</Description>
          </LibraryDescriptor>
          <LibraryDescriptor Id="a2e5ec46-a529-4ba2-b798-eb2bfd875a2f">
            <Name>Lilly Published Form Library 01</Name>
            <Description>Lilly Published Form Library 01</Description>
          </LibraryDescriptor>
          <LibraryDescriptor Id="f4aa4b3d-acee-4bc4-a9a4-bdfff02c3b04">
            <Name>Lilly Published Form Library 02</Name>
            <Description>Lilly Published Form Library 02</Description>
          </LibraryDescriptor>
          <LibraryDescriptor Id="807121d6-7af9-4370-a627-6c7a673f8026">
            <Name>Lilly Published Form Library 03</Name>
            <Description>Lilly Published Form Library 03</Description>
          </LibraryDescriptor>
          <LibraryDescriptor Id="4d2ffb7c-df09-4779-b8d6-2b6ba1155f1c">
            <Name>inVentiv Common Working Area</Name>
            <Description>inVentiv Common Working Area</Description>
          </LibraryDescriptor>
          <LibraryDescriptor Id="589ae247-7365-4331-9a93-c626a1982e9c">
            <Name>Lilly_Custom_Function_Library_2051</Name>
            <Description>Lilly_Custom_Function_Library_2051</Description>
          </LibraryDescriptor>
          <LibraryDescriptor Id="e39fd50b-7b4b-4764-9879-2a9dbb404dc6">
            <Name>Generic_Function_Library_ 2051</Name>
            <Description>Generic Function Library 2051</Description>
          </LibraryDescriptor>
          <LibraryDescriptor Id="8b5d1709-a765-48c8-a56f-a1ab102b540d">
            <Name>System Library</Name>
            <Description>System Library</Description>
          </LibraryDescriptor>
        </Libraries>
        <Phase>PhaseIV</Phase>
      </StudyBlueprint>
      <LogicalSchemas>
        <LogicalSchema Id="af4702ac-a78b-4f61-bf6a-b02b8ca9e5ed" RefName="I4D_MC_JTJN_LS_RULES" Title="I4D_MC_JTJN_LS_RULES" />
        <LogicalSchema Id="c39afc65-87bb-4666-aa15-e0daf2a34242" RefName="I4D_MC_JTJN_LS_CISMAP" Title="I4D_MC_JTJN_LS_CISMAP" PhysicalMappingType="CIS" />
      </LogicalSchemas>
      <LayoutDesignNames>
        <LayoutDesignNames>Main</LayoutDesignNames>
      </LayoutDesignNames>
      <TargetSubset>
        <Target>InForm</Target>
      </TargetSubset>
    </BaselineData>
  </Baseline>
  <DeploymentOptions>
    <Locales>
      <Locale>en-US</Locale>
    </Locales>
    <CISLogicalSchemas>
      <CISLogicalSchema Id="c39afc65-87bb-4666-aa15-e0daf2a34242" RefName="I4D_MC_JTJN_LS_CISMAP" Title="I4D_MC_JTJN_LS_CISMAP" PhysicalMappingType="CIS" />
    </CISLogicalSchemas>
    <MainLayout>Main</MainLayout>
    <SVToAllSites>False</SVToAllSites>
    <DeployPkgType>All</DeployPkgType>
    <EmailDropboxPath>c:\inetpub\mailroot\pickup</EmailDropboxPath>
    <BaselineContainsIpr>False</BaselineContainsIpr>
  </DeploymentOptions>
  <PackageBuildStatus>Error</PackageBuildStatus>
</Deployment>