<?xml version="1.0"?>
<Units xmlns:ud="http://phaseforward.com/Units/2006-07-19" xmlns="http://phaseforward.com/Units/2006-07-19" xmlns:xsi="http://www.w3.org/2001/XMLSchema-instance" xsi:schemaLocation="http://phaseforward.com/Units/2006-07-19 file:///e:/ICEDevelopment/ICEDesigner/Shared/UnitDefinition/xml/DesignerUnit.xsd">
  <Unit Name="in">
    <!-- Inches -->
    <ConversionMap>Length</ConversionMap>
    <Locale Name="en-US">
      <DisplayString>in</DisplayString>
      <DisplaySymbol>in</DisplaySymbol>
    </Locale>
  </Unit>
  <Unit Name="cm">
    <!-- Centimeters -->
    <ConversionMap>Length</ConversionMap>
    <Locale Name="en-US">
      <DisplayString>cm</DisplayString>
      <DisplaySymbol>cm</DisplaySymbol>
    </Locale>
  </Unit>
  <Unit Name="mm">
    <!-- Millimeters -->
    <ConversionMap>Length</ConversionMap>
    <Locale Name="en-US">
      <DisplayString>mm</DisplayString>
      <DisplaySymbol>mm</DisplaySymbol>
    </Locale>
  </Unit>
  <Unit Name="foot">
    <ConversionMap>Length</ConversionMap>
    <Locale Name="en-US">
      <DisplayString>ft</DisplayString>
      <DisplaySymbol>ft</DisplaySymbol>
    </Locale>
  </Unit>
  <Unit Name="meter">
    <ConversionMap>Length</ConversionMap>
    <Locale Name="en-US">
      <DisplayString>m</DisplayString>
      <DisplaySymbol>m</DisplaySymbol>
    </Locale>
  </Unit>
  <Unit Name="seconds">
    <ConversionMap>Time</ConversionMap>
    <Locale Name="en-US">
      <DisplayString>sec</DisplayString>
      <DisplaySymbol>sec</DisplaySymbol>
    </Locale>
  </Unit>
  <Unit Name="Fahren">
    <!-- Fahrenheit -->
    <ConversionMap>Temp</ConversionMap>
    <Locale Name="en-US">
      <DisplayString>F</DisplayString>
      <DisplaySymbol>F</DisplaySymbol>
    </Locale>
  </Unit>
  <Unit Name="Cent">
    <!-- Centigrade -->
    <ConversionMap>Temp</ConversionMap>
    <Locale Name="en-US">
      <DisplayString>C</DisplayString>
      <DisplaySymbol>C</DisplaySymbol>
    </Locale>
  </Unit>
  <Unit Name="Kilogram">
    <ConversionMap>Weight</ConversionMap>
    <Locale Name="en-US">
      <DisplayString>kg</DisplayString>
      <DisplaySymbol>kg</DisplaySymbol>
    </Locale>
  </Unit>
  <Unit Name="Pounds">
    <ConversionMap>Weight</ConversionMap>
    <Locale Name="en-US">
      <DisplayString>lbs</DisplayString>
      <DisplaySymbol>lbs</DisplaySymbol>
    </Locale>
  </Unit>
  <Unit Name="Gram">
    <ConversionMap>Weight</ConversionMap>
    <Locale Name="en-US">
      <DisplayString>g</DisplayString>
      <DisplaySymbol>g</DisplaySymbol>
    </Locale>
  </Unit>
  <Unit Name="Ounce">
    <ConversionMap>Weight</ConversionMap>
    <Locale Name="en-US">
      <DisplayString>oz</DisplayString>
      <DisplaySymbol>oz</DisplaySymbol>
    </Locale>
  </Unit>
  <Unit Name="BPM">
    <ConversionMap>NONE</ConversionMap>
    <Locale Name="en-US">
      <DisplayString>bpm</DisplayString>
      <DisplaySymbol>bpm</DisplaySymbol>
    </Locale>
  </Unit>
  <Unit Name="BreathsPerMinute">
    <ConversionMap>NONE</ConversionMap>
    <Locale Name="en-US">
      <DisplayString>BM</DisplayString>
      <DisplaySymbol>BM</DisplaySymbol>
    </Locale>
  </Unit>
  <Unit Name="msec">
    <ConversionMap>NONE</ConversionMap>
    <Locale Name="en-US">
      <DisplayString>msec</DisplayString>
      <DisplaySymbol>msec</DisplaySymbol>
    </Locale>
  </Unit>
  <UnitConversionMap Name="Length" Classification="Length">
    <!-- Inches to ... -->
    <UnitConversion From="in" To="cm">{value}*2.54</UnitConversion>
    <UnitConversion From="in" To="meter">{value}*0.0254</UnitConversion>
    <UnitConversion From="in" To="km">{value}*2.54/100000</UnitConversion>
    <UnitConversion From="in" To="mm">{value}*25.4</UnitConversion>
    <UnitConversion From="in" To="foot">{value}/12</UnitConversion>
    <!-- foot to ... -->
    <UnitConversion From="foot" To="in">{value}*12</UnitConversion>
    <!-- Centimeters to ... -->
    <UnitConversion From="cm" To="in">{value}/2.54</UnitConversion>
    <UnitConversion From="cm" To="meter">{value}/100</UnitConversion>
    <UnitConversion From="cm" To="km">{value}/100000</UnitConversion>
    <UnitConversion From="cm" To="mm">{value}*10</UnitConversion>
    <UnitConversion From="cm" To="foot">{value}/2.54/12</UnitConversion>
    <UnitConversion From="foot" To="meter">{value}*.3048</UnitConversion>
    <UnitConversion From="meter" To="foot">{value}*3.2808</UnitConversion>
    <UnitConversion From="mm" To="cm">{value}/10</UnitConversion>
    <UnitConversion From="mm" To="in">{value}/25.4</UnitConversion>
  </UnitConversionMap>
  <UnitConversionMap Name="Temp" Classification="Temperature">
    <UnitConversion From="Cent" To="Fahren">({value}*9/5)+32</UnitConversion>
    <UnitConversion From="Fahren" To="Cent">({value}-32)*5/9</UnitConversion>
  </UnitConversionMap>
  <UnitConversionMap Name="Weight" Classification="Weight">
    <UnitConversion From="Pounds" To="Kilogram">{value}*0.454</UnitConversion>
    <UnitConversion From="Kilogram" To="Pounds">{value}*2.205</UnitConversion>
    <UnitConversion From="Ounce" To="Gram">{value}*28.35</UnitConversion>
    <UnitConversion From="Gram" To="Ounce">{value}/28.35</UnitConversion>
  </UnitConversionMap>
</Units>