<DeploymentPackage>
  <SourceFile Filename="CSML.Core.xsd" Path="bin\Xsd" Pack="Runtime">
    <DeployedFile Filename="" Folder="Bin" Path="DesignerVersion2.1.608.0" />
  </SourceFile>
  <SourceFile Filename="CSML.InForm.Legacy.xsd" Path="bin\xsd" Pack="Runtime">
    <DeployedFile Filename="" Folder="Bin" Path="DesignerVersion2.1.608.0" />
  </SourceFile>
  <SourceFile Filename="CSML.InForm.xsd" Path="bin\xsd" Pack="Runtime">
    <DeployedFile Filename="" Folder="Bin" Path="DesignerVersion2.1.608.0" />
  </SourceFile>
  <SourceFile Filename="CSML.Types.xsd" Path="bin\xsd" Pack="Runtime">
    <DeployedFile Filename="" Folder="Bin" Path="DesignerVersion2.1.608.0" />
  </SourceFile>
  <SourceFile Filename="CSML.EmptyRoot.xsd" Path="bin\xsd" Pack="Runtime">
    <DeployedFile Filename="" Folder="Bin" Path="DesignerVersion2.1.608.0" />
  </SourceFile>
  <SourceFile Filename="InFormRuleEngine.config" Path="DeploymentSite\bin" Pack="Build">
    <DeployedFile Filename="" Folder="Bin" Path="DesignerVersion2.1.608.0" />
  </SourceFile>
  <SourceFile Filename="Interop.InForm46Sp1.MngrRule.dll" Path="DeploymentSite\InForm46Sp1Adapter\COMTypeLibs" Pack="Build">
    <DeployedFile Filename="" Folder="Bin" Path="DesignerVersion2.1.608.0" />
  </SourceFile>
  <SourceFile Filename="Interop.InForm46Sp2.MngrRule.dll" Path="DeploymentSite\InForm46Sp2Adapter\COMTypeLibs" Pack="Build">
    <DeployedFile Filename="" Folder="Bin" Path="DesignerVersion2.1.608.0" />
  </SourceFile>
  <SourceFile Filename="Interop.InForm50.MngrRule.dll" Path="DeploymentSite\InForm50Adapter\COMTypeLibs" Pack="Build">
    <DeployedFile Filename="" Folder="Bin" Path="DesignerVersion2.1.608.0" />
  </SourceFile>
  <SourceFile Filename="Interop.InForm55.MngrRule.dll" Path="DeploymentSite\InForm55Adapter\COMTypeLibs" Pack="Build">
    <DeployedFile Filename="" Folder="Bin" Path="DesignerVersion2.1.608.0" />
  </SourceFile>
  <SourceFile Filename="Interop.InForm.MngrRule.dll" Path="DeploymentSite\InFormAdapter\COMTypeLibs" Pack="Build">
    <DeployedFile Filename="" Folder="Bin" Path="DesignerVersion2.1.608.0" />
  </SourceFile>
  <SourceFile Filename="Interop.InForm.PFRandomizer.dll" Path="DeploymentSite\InFormAdapter\COMTypeLibs" Pack="Build">
    <DeployedFile Filename="" Folder="Bin" Path="DesignerVersion2.1.608.0" />
  </SourceFile>
  <SourceFile Filename="Interop.InForm.InformService.dll" Path="DeploymentSite\InFormAdapter\COMTypeLibs" Pack="Build">
    <DeployedFile Filename="" Folder="" />
  </SourceFile>
  <SourceFile Filename="Interop.InForm.MngrCook.dll" Path="DeploymentSite\InFormAdapter\COMTypeLibs" Pack="Build">
    <DeployedFile Filename="" Folder="" />
  </SourceFile>
  <SourceFile Filename="Interop.InForm.TrialDirectory.dll" Path="DeploymentSite\InFormAdapter\COMTypeLibs" Pack="Build">
    <DeployedFile Filename="" Folder="" />
  </SourceFile>
  <SourceFile Filename="Interop.InFormG.MngrRule.dll" Path="DeploymentSite\InFormGAdapter\COMTypeLibs" Pack="Build">
    <DeployedFile Filename="" Folder="Bin" Path="DesignerVersion2.1.608.0" />
  </SourceFile>
  <SourceFile Filename="Interop.InFormG.PFRandomizer.dll" Path="DeploymentSite\InFormGAdapter\COMTypeLibs" Pack="Build">
    <DeployedFile Filename="" Folder="Bin" Path="DesignerVersion2.1.608.0" />
  </SourceFile>
  <SourceFile Filename="Interop.InFormG.InformService.dll" Path="DeploymentSite\InFormGAdapter\COMTypeLibs" Pack="Build">
    <DeployedFile Filename="" Folder="" />
  </SourceFile>
  <SourceFile Filename="Interop.InFormG.MngrCook.dll" Path="DeploymentSite\InFormGAdapter\COMTypeLibs" Pack="Build">
    <DeployedFile Filename="" Folder="" />
  </SourceFile>
  <SourceFile Filename="Interop.InFormG.TrialDirectory.dll" Path="DeploymentSite\InFormGAdapter\COMTypeLibs" Pack="Build">
    <DeployedFile Filename="" Folder="" />
  </SourceFile>
  <SourceFile Filename="Interop.InFormJ.MngrRule.dll" Path="DeploymentSite\InFormJAdapter\COMTypeLibs" Pack="Build">
    <DeployedFile Filename="" Folder="Bin" Path="DesignerVersion2.1.608.0" />
  </SourceFile>
  <SourceFile Filename="Interop.InFormJ.PFRandomizer.dll" Path="DeploymentSite\InFormJAdapter\COMTypeLibs" Pack="Build">
    <DeployedFile Filename="" Folder="Bin" Path="DesignerVersion2.1.608.0" />
  </SourceFile>
  <SourceFile Filename="Interop.InFormJ.InformService.dll" Path="DeploymentSite\InFormJAdapter\COMTypeLibs" Pack="Build">
    <DeployedFile Filename="" Folder="" />
  </SourceFile>
  <SourceFile Filename="Interop.InFormJ.MngrCook.dll" Path="DeploymentSite\InFormJAdapter\COMTypeLibs" Pack="Build">
    <DeployedFile Filename="" Folder="" />
  </SourceFile>
  <SourceFile Filename="Interop.InFormJ.TrialDirectory.dll" Path="DeploymentSite\InFormJAdapter\COMTypeLibs" Pack="Build">
    <DeployedFile Filename="" Folder="" />
  </SourceFile>
  <SourceFile Filename="Interop.InForm60.MngrCook.dll" Path="DeploymentSite\InForm60Adapter\COMTypeLibs" Pack="Build">
    <DeployedFile Filename="" Folder="" />
  </SourceFile>
  <SourceFile Filename="Interop.InForm60.MngrRule.dll" Path="DeploymentSite\InForm60Adapter\COMTypeLibs" Pack="Build">
    <DeployedFile Filename="" Folder="Bin" Path="DesignerVersion2.1.608.0" />
  </SourceFile>
  <SourceFile Filename="Interop.InForm61.MngrCook.dll" Path="DeploymentSite\InForm61Adapter\COMTypeLibs" Pack="Build">
    <DeployedFile Filename="" Folder="" />
  </SourceFile>
  <SourceFile Filename="Interop.InForm61.TrialDirectory.dll" Path="DeploymentSite\InForm61Adapter\COMTypeLibs" Pack="Build">
    <DeployedFile Filename="" Folder="" />
  </SourceFile>
  <SourceFile Filename="Interop.InForm611.MngrRule.dll" Path="DeploymentSite\InForm611Adapter\COMTypeLibs" Pack="Build">
    <DeployedFile Filename="" Folder="Bin" Path="DesignerVersion2.1.608.0" />
  </SourceFile>
  <SourceFile Filename="Interop.Windows.MsXml4.dll" Path="DeploymentSite\Bin" Pack="Build">
    <DeployedFile Filename="" Folder="" />
  </SourceFile>
  <SourceFile Filename="Interop.Windows.MsXml6.dll" Path="DeploymentSite\Bin" Pack="Build">
    <DeployedFile Filename="" Folder="" />
  </SourceFile>
  <SourceFile Filename="log4net.dll" Path="bin" Pack="Runtime">
    <DeployedFile Filename="" Folder="Bin" Path="DesignerVersion2.1.608.0" />
  </SourceFile>
  <SourceFile Filename="QuickGraph.dll" Path="bin" Pack="Runtime">
    <DeployedFile Filename="" Folder="Bin" Path="DesignerVersion2.1.608.0" />
  </SourceFile>
  <SourceFile Filename="Oracle.Designer.DeploymentInterfaces.dll" Path="DeploymentSite\Interfaces\bin" Pack="Build">
    <DeployedFile Filename="" Folder="Bin" Path="DesignerVersion2.1.608.0" />
  </SourceFile>
  <SourceFile Filename="Oracle.Designer.DeploymentSiteSupport.dll" Path="bin" Pack="Runtime">
    <DeployedFile Filename="" Folder="Bin" Path="DesignerVersion2.1.608.0" />
  </SourceFile>
  <SourceFile Filename="Oracle.Designer.DesignerResources.dll" Path="bin" Pack="Runtime">
    <DeployedFile Filename="" Folder="Bin" Path="DesignerVersion2.1.608.0" />
  </SourceFile>
  <SourceFile Filename="Oracle.Designer.ExpressionParser.dll" Path="bin" Pack="Runtime">
    <DeployedFile Filename="" Folder="Bin" Path="DesignerVersion2.1.608.0" />
  </SourceFile>
  <SourceFile Filename="Oracle.Designer.InFormRuleEngine.dll" Path="DeploymentSite\InFormRuleEngine\bin" Pack="Build">
    <DeployedFile Filename="" Folder="Bin" Path="DesignerVersion2.1.608.0" />
  </SourceFile>
  <SourceFile Filename="Oracle.Designer.SharedInterfaces.dll" Path="bin" Pack="Runtime">
    <DeployedFile Filename="" Folder="Bin" Path="DesignerVersion2.1.608.0" />
  </SourceFile>
  <SourceFile Filename="Oracle.Designer.SharedCore.dll" Path="bin" Pack="Runtime">
    <DeployedFile Filename="" Folder="Bin" Path="DesignerVersion2.1.608.0" />
  </SourceFile>
  <SourceFile Filename="Oracle.Designer.StudyObjects.dll" Path="bin" Pack="Runtime">
    <DeployedFile Filename="" Folder="Bin" Path="DesignerVersion2.1.608.0" />
  </SourceFile>
  <SourceFile Filename="Oracle.Designer.Utilities.dll" Path="bin" Pack="Runtime">
    <DeployedFile Filename="" Folder="Bin" Path="DesignerVersion2.1.608.0" />
  </SourceFile>
  <SourceFile Filename="Oracle.Designer.ExternalFunctions.dll" Path="bin" Pack="Runtime">
    <DeployedFile Filename="" Folder="Bin" Path="DesignerVersion2.1.608.0" />
  </SourceFile>
  <SourceFile Filename="Oracle.Designer.DeploymentAdapter.dll" Path="DeploymentSite\DeploymentAdapter\bin" Pack="Build">
    <DeployedFile Filename="" Folder="" />
  </SourceFile>
  <SourceFile Filename="Oracle.Designer.DeploymentWizard.dll" Path="DeploymentSite\DeploymentWizard\bin" Pack="Build">
    <DeployedFile Filename="" Folder="" />
  </SourceFile>
  <SourceFile Filename="Oracle.Designer.InForm46Sp1Adapter.dll" Path="DeploymentSite\InForm46Sp1Adapter\bin" Pack="Build">
    <DeployedFile Filename="" Folder="" />
  </SourceFile>
  <SourceFile Filename="Oracle.Designer.InFormAdapter.dll" Path="DeploymentSite\InFormAdapter\bin" Pack="Build">
    <DeployedFile Filename="" Folder="" />
  </SourceFile>
  <SourceFile Filename="Oracle.Designer.InFormGAdapter.dll" Path="DeploymentSite\InFormGAdapter\bin" Pack="Build">
    <DeployedFile Filename="" Folder="" />
  </SourceFile>
  <SourceFile Filename="Oracle.Designer.InForm60Adapter.dll" Path="DeploymentSite\InForm60Adapter\bin" Pack="Build">
    <DeployedFile Filename="" Folder="" />
  </SourceFile>
  <SourceFile Filename="Oracle.Designer.InForm61Adapter.dll" Path="DeploymentSite\InForm61Adapter\bin" Pack="Build">
    <DeployedFile Filename="" Folder="" />
  </SourceFile>
  <SourceFile Filename="Oracle.Designer.InFormJAdapter.dll" Path="DeploymentSite\InFormJAdapter\bin" Pack="Build">
    <DeployedFile Filename="" Folder="" />
  </SourceFile>
  <SourceFile Filename="Oracle.Designer.DeploymentWizard.dll" Path="DeploymentSite\DeploymentWizard\bin" Pack="Build">
    <DeployedFile Filename="" Folder="" />
  </SourceFile>
  <SourceFile Filename="Oracle.Designer.RTFParser.dll" Path="DeploymentSite\RTFToHTMLConverter\bin" Pack="Build">
    <DeployedFile Filename="" Folder="" />
  </SourceFile>
  <!--  <SourceFile Filename="Oracle.Designer.StudyInstaller.exe" Path="DeploymentSite\StudyInstaller\bin" Pack="Build">
    <DeployedFile Filename="" Folder=""/>
  </SourceFile> -->
  <SourceFile Filename="Oracle.Designer.StudyInstaller.config" Path="DeploymentSite\bin" Pack="Build">
    <DeployedFile Filename="" Folder="" />
  </SourceFile>
  <SourceFile Filename="Oracle.Designer.StudyInstaller.dll" Path="DeploymentSite\StudyInstallerLib\bin" Pack="Build">
    <DeployedFile Filename="" Folder="" />
  </SourceFile>
  <SourceFile Filename="Oracle.Designer.DifferencesService.dll" Path="bin" Pack="Runtime">
    <DeployedFile Filename="" Folder="" />
  </SourceFile>
  <SourceFile Filename="Oracle.Designer.UnitDefinition.dll" Path="bin" Pack="Runtime">
    <DeployedFile Filename="" Folder="" />
  </SourceFile>
  <SourceFile Filename="Oracle.Designer.Version.dll" Path="bin" Pack="Runtime">
    <DeployedFile Filename="" Folder="" />
  </SourceFile>
  <SourceFile Filename="Oracle.Designer.Plugin.SharedInterfaces.dll" Path="bin" Pack="Runtime">
    <DeployedFile Filename="" Folder="Bin" Path="DesignerVersion2.1.608.0" />
  </SourceFile>
  <SourceFile Filename="Oracle.Designer.Plugin.RuleInterfaces.dll" Path="bin" Pack="Runtime">
    <DeployedFile Filename="" Folder="Bin" Path="DesignerVersion2.1.608.0" />
  </SourceFile>
  <SourceFile Filename="Oracle.Designer.Plugin.SharedBridges.dll" Path="bin" Pack="Runtime">
    <DeployedFile Filename="" Folder="Bin" Path="DesignerVersion2.1.608.0" />
  </SourceFile>
  <SourceFile Filename="Oracle.Designer.Plugin.BridgeUtilities.dll" Path="bin" Pack="Runtime">
    <DeployedFile Filename="" Folder="Bin" Path="DesignerVersion2.1.608.0" />
  </SourceFile>
  <SourceFile Filename="Oracle.Designer.Plugin.InForm.RuleExtensions.dll" Path="bin\Plugin\InForm\Server" Pack="Runtime">
    <PackagedFile Filename="" Path="Plugin\InForm\Server" />
    <DeployedFile Filename="" Folder="Bin" Path="DesignerVersion2.1.608.0\Plugin\InForm\Server" />
  </SourceFile>
  <SourceFile Filename="Oracle.Designer.Plugin.InForm.RuleTestSupport.dll" Path="bin\Plugin\InForm\Server" Pack="Runtime">
    <PackagedFile Filename="" Path="Plugin\InForm\Server" />
    <DeployedFile Filename="" Folder="Bin" Path="DesignerVersion2.1.608.0\Plugin\InForm\Server" />
  </SourceFile>
  <SourceFile Filename="Oracle.Designer.Plugin.InForm.StudyObjects.dll" Path="bin\Plugin\InForm\Server" Pack="Runtime">
    <PackagedFile Filename="" Path="Plugin\InForm\Server" />
    <DeployedFile Filename="" Folder="Bin" Path="DesignerVersion2.1.608.0\Plugin\InForm\Server" />
    <ExtractedFile Filename="" Path="." />
  </SourceFile>
  <SourceFile Filename="Oracle.Designer.Plugin.InForm.Shared.dll" Path="bin\Plugin\InForm\Server" Pack="Runtime">
    <PackagedFile Filename="" Path="Plugin\InForm\Server" />
    <DeployedFile Filename="" Folder="Bin" Path="DesignerVersion2.1.608.0\Plugin\InForm\Server" />
  </SourceFile>
  <SourceFile Filename="CSML.InFormPlugin.xsd" Path="bin\Plugin\InForm\xsd" Pack="Runtime">
    <PackagedFile Filename="" Path="Plugin\InForm\xsd" />
    <DeployedFile Filename="" Folder="Bin" Path="DesignerVersion2.1.608.0\Plugin\InForm\xsd" />
  </SourceFile>
  <SourceFile Filename="Oracle.Designer.Plugin.SharedCore.dll" Path="bin\Plugin\Core\Server" Pack="Runtime">
    <PackagedFile Filename="" Path="Plugin\Core\Server" />
    <DeployedFile Filename="" Folder="Bin" Path="DesignerVersion2.1.608.0\Plugin\Core\Server" />
  </SourceFile>
  <SourceFile Filename="PhaseForward.Platform.Client.Interface.dll" Path="bin" Pack="Runtime">
    <DeployedFile Filename="" Folder="" />
  </SourceFile>
  <SourceFile Filename="PhaseForward.Platform.Config" Path="DeploymentSite\bin" Pack="Build">
    <DeployedFile Filename="" Folder="" />
  </SourceFile>
  <SourceFile Filename="PhaseForward.Platform.dll" Path="bin" Pack="Runtime">
    <DeployedFile Filename="" Folder="" />
  </SourceFile>
  <!-- Used for debugging 
  <SourceFile Filename="Oracle.Designer.InFormAdapter.pdb" Path="DeploymentSite\InFormAdapter\bin" Pack="Build">
    <DeployedFile Filename="" Folder=""/>
  </SourceFile>
  <SourceFile Filename="Oracle.Designer.InForm60Adapter.pdb" Path="DeploymentSite\InForm60Adapter\bin" Pack="Build">
    <DeployedFile Filename="" Folder=""/>
  </SourceFile>
  <SourceFile Filename="Oracle.Designer.InForm61Adapter.pdb" Path="DeploymentSite\InForm61Adapter\bin" Pack="Build">
    <DeployedFile Filename="" Folder=""/>
  </SourceFile>
  <SourceFile Filename="Oracle.Designer.DeploymentAdapter.pdb" Path="DeploymentSite\DeploymentAdapter\bin" Pack="Build">
    <DeployedFile Filename="" Folder=""/>
  </SourceFile>
-->
  <SourceFile Filename="Oracle.Designer.RuleApplicationModel.b03d6baa86dd457a835a6071894e1f7f.dll">
    <DeployedFile Folder="Trial" Path="RuleAssemblyVersion_b03d6baa86dd457a835a6071894e1f7f" />
  </SourceFile>
  <SourceFile Filename="CalRepeatVisNumber.dll">
    <DeployedFile Folder="Trial" Path="RuleAssemblyVersion_b03d6baa86dd457a835a6071894e1f7f" />
  </SourceFile>
  <SourceFile Filename="ELLilly.dll">
    <DeployedFile Folder="Trial" Path="RuleAssemblyVersion_b03d6baa86dd457a835a6071894e1f7f" />
  </SourceFile>
  <SourceFile Filename="Oracle.Designer.PrebuiltFunctions.DLL">
    <DeployedFile Folder="Trial" Path="RuleAssemblyVersion_b03d6baa86dd457a835a6071894e1f7f" />
  </SourceFile>
  <SourceFile Filename="Oracle.Services.InForm.DesignerFunctions.FunctionsLibrary.dll">
    <DeployedFile Folder="Trial" Path="RuleAssemblyVersion_b03d6baa86dd457a835a6071894e1f7f" />
  </SourceFile>
  <SourceFile Filename="IndicationRouteTermMapping.dll">
    <DeployedFile Folder="Trial" Path="RuleAssemblyVersion_b03d6baa86dd457a835a6071894e1f7f" />
  </SourceFile>
  <SourceFile Filename="RuleEventFxns2.DLL">
    <DeployedFile Folder="Trial" Path="RuleAssemblyVersion_b03d6baa86dd457a835a6071894e1f7f" />
  </SourceFile>
  <SourceFile Filename="PackedFiles.xml">
    <DeployedFile Folder="Bin" Path="DesignerVersion2.1.608.0" />
  </SourceFile>
</DeploymentPackage>