<?xml version="1.0"?>
<MEDMLDATA xmlns="PhaseForward-MedML-Inform4">


<RIGHTSGROUP  GROUPNAME="Coding Query Rights Group">
<!-- Insert Users -->
<USERREF USERNAME="coder_query"/>

</RIGHTSGROUP>

<RIGHTSGROUP  GROUPNAME="Data Manager">
<!-- Insert Users -->
<USERREF USERNAME="c193585"/>
<USERREF USERNAME="z1x1703"/>

</RIGHTSGROUP>

<RIGHTSGROUP  GROUPNAME="Monitor">
<!-- Insert Users -->
<USERREF USERNAME="z1x2075"/>
<USERREF USERNAME="c225222"/>
<USERREF USERNAME="z1x3224"/>
<USERREF USERNAME="z2x7035"/>
<USERREF USERNAME="z2x7700"/>
<USERREF USERNAME="z1x2072"/>
<USERREF USERNAME="c215933"/>
<USERREF USERNAME="z2x2461"/>
<USERREF USERNAME="z3x0843"/>
<USERREF USERNAME="z1x1807"/>
<USERREF USERNAME="c222556"/>
<USERREF USERNAME="z1x0687"/>
<USERREF USERNAME="z2x6036"/>
<USERREF USERNAME="z2x1226"/>
<USERREF USERNAME="C222645"/>
<USERREF USERNAME="C215932"/>
<USERREF USERNAME="C223439"/>
<USERREF USERNAME="C220341"/>
<USERREF USERNAME="c224611"/>
<USERREF USERNAME="c224744"/>
<USERREF USERNAME="c218387"/>

</RIGHTSGROUP>

<RIGHTSGROUP  GROUPNAME="PI">
<!-- Insert Users -->
<USERREF USERNAME="rbanda"/>
<USERREF USERNAME="gpetro"/>
<USERREF USERNAME="dbartaskova"/>
<USERREF USERNAME="khalova"/>
<USERREF USERNAME="emalicherova"/>
<USERREF USERNAME="hpatkova"/>
<USERREF USERNAME="mrivas"/>
<USERREF USERNAME="lparreno"/>
<USERREF USERNAME="akechnerova"/>
<USERREF USERNAME="tedelsberger"/>
<USERREF USERNAME="fschaper"/>
<USERREF USERNAME="lrose"/>
<USERREF USERNAME="spelayo"/>
<USERREF USERNAME="fmadueno"/>
<USERREF USERNAME="jzapletalova"/>
<USERREF USERNAME="haddad"/>
<USERREF USERNAME="omosenzon"/>
<USERREF USERNAME="bhirschhauser"/>
<USERREF USERNAME="rerlinger"/>
<USERREF USERNAME="ggonzalez"/>
<USERREF USERNAME="tschaum"/>
<USERREF USERNAME="eflieber-gorzer"/>
<USERREF USERNAME="jweinstein"/>
<USERREF USERNAME="jdivinec"/>
<USERREF USERNAME="pjenickova"/>
<USERREF USERNAME="eroderova"/>
<USERREF USERNAME="jkostarova"/>
<USERREF USERNAME="agrosz"/>
<USERREF USERNAME="nkesmarki"/>
<USERREF USERNAME="aszocs"/>
<USERREF USERNAME="jgandhi"/>
<USERREF USERNAME="averdugo"/>

</RIGHTSGROUP>

<RIGHTSGROUP  GROUPNAME="PI Sign Only">
<!-- Insert Users -->
<USERREF USERNAME="fakhrass"/>
<USERREF USERNAME="rcanadas"/>
<USERREF USERNAME="rgarza"/>
<USERREF USERNAME="dkayne"/>
<USERREF USERNAME="shsia"/>
<USERREF USERNAME="handel"/>
<USERREF USERNAME="scaballero"/>
<USERREF USERNAME="esantarosa"/>
<USERREF USERNAME="awynne"/>
<USERREF USERNAME="vvergara"/>
<USERREF USERNAME="jrosenstock"/>
<USERREF USERNAME="jparker"/>
<USERREF USERNAME="jotero"/>
<USERREF USERNAME="rortizcarrasquillo"/>
<USERREF USERNAME="fmiranda"/>
<USERREF USERNAME="jlucas"/>
<USERREF USERNAME="bhorowitz"/>
<USERREF USERNAME="jfrias"/>
<USERREF USERNAME="ccase"/>
<USERREF USERNAME="bludvik"/>

</RIGHTSGROUP>

<RIGHTSGROUP  GROUPNAME="Report Extractor">
<!-- Insert Users -->
<USERREF USERNAME="v4x6430"/>
<USERREF USERNAME="h9xmcgbge_RE"/>

</RIGHTSGROUP>

<RIGHTSGROUP  GROUPNAME="SC">
<!-- Insert Users -->
<USERREF USERNAME="nvrestil"/>
<USERREF USERNAME="dceniceros"/>
<USERREF USERNAME="rbonilla"/>
<USERREF USERNAME="mfeldman"/>
<USERREF USERNAME="jespino"/>
<USERREF USERNAME="bnarron"/>
<USERREF USERNAME="rguedes"/>
<USERREF USERNAME="ngarcia"/>
<USERREF USERNAME="lflores"/>
<USERREF USERNAME="athompson"/>
<USERREF USERNAME="acamacho"/>
<USERREF USERNAME="avergara"/>
<USERREF USERNAME="cburns"/>
<USERREF USERNAME="jthaler"/>
<USERREF USERNAME="ypiegenschke"/>
<USERREF USERNAME="dprauhart"/>
<USERREF USERNAME="fhollerl"/>
<USERREF USERNAME="afeder"/>
<USERREF USERNAME="ozolotarev"/>
<USERREF USERNAME="kbashan"/>
<USERREF USERNAME="mkrakovski"/>
<USERREF USERNAME="gkreckova"/>
<USERREF USERNAME="pkrajczar"/>
<USERREF USERNAME="jkis"/>
<USERREF USERNAME="lschandl"/>
<USERREF USERNAME="erigo"/>
<USERREF USERNAME="mrodino"/>
<USERREF USERNAME="aerlinger"/>
<USERREF USERNAME="cgreco"/>
<USERREF USERNAME="dheidinger"/>
<USERREF USERNAME="aschroer"/>
<USERREF USERNAME="dlammers"/>
<USERREF USERNAME="ikraub"/>
<USERREF USERNAME="kmatthies"/>
<USERREF USERNAME="rneuhauser"/>
<USERREF USERNAME="chengl"/>
<USERREF USERNAME="chiden"/>
<USERREF USERNAME="epabst"/>
<USERREF USERNAME="jbrix"/>
<USERREF USERNAME="ebutbul"/>
<USERREF USERNAME="tdiament"/>
<USERREF USERNAME="aedelsbergerova"/>
<USERREF USERNAME="cgomez"/>
<USERREF USERNAME="icardona"/>
<USERREF USERNAME="promero"/>
<USERREF USERNAME="rpaulus"/>
<USERREF USERNAME="nsebastian"/>
<USERREF USERNAME="rherrera"/>
<USERREF USERNAME="aflores"/>
<USERREF USERNAME="eallen"/>
<USERREF USERNAME="boberhaus"/>
<USERREF USERNAME="efrancisco"/>
<USERREF USERNAME="mtorresmalaga"/>
<USERREF USERNAME="meigmann"/>
<USERREF USERNAME="bibarra"/>
<USERREF USERNAME="kvidales"/>
<USERREF USERNAME="merlinger"/>
<USERREF USERNAME="bkramer"/>
<USERREF USERNAME="dbroschart"/>
<USERREF USERNAME="tszepela"/>
<USERREF USERNAME="sritter"/>
<USERREF USERNAME="gfaulmann"/>
<USERREF USERNAME="dhecht"/>
<USERREF USERNAME="jhaddad"/>
<USERREF USERNAME="mkuhrova"/>
<USERREF USERNAME="ktravova"/>
<USERREF USERNAME="crodino"/>
<USERREF USERNAME="mmayor"/>
<USERREF USERNAME="bmartinez"/>
<USERREF USERNAME="agamova"/>
<USERREF USERNAME="lkautzky"/>
<USERREF USERNAME="epalhegyi"/>
<USERREF USERNAME="mtanko"/>
<USERREF USERNAME="tbalint"/>
<USERREF USERNAME="eadorjani"/>
<USERREF USERNAME="plopez"/>

</RIGHTSGROUP>

<RIGHTSGROUP  GROUPNAME="Study Manager">
<!-- Insert Users -->
<USERREF USERNAME="c220202"/>

</RIGHTSGROUP>

<RIGHTSGROUP  GROUPNAME="User Activator RG">
<!-- Insert Users -->
<USERREF USERNAME="ZPFabalogh"/>
<USERREF USERNAME="ZPFxgao"/>
<USERREF USERNAME="ZPFdmorales"/>
<USERREF USERNAME="ZPFdnagy"/>
<USERREF USERNAME="ZPFedervishaj"/>
<USERREF USERNAME="ZPFepenzes"/>
<USERREF USERNAME="ZPFhsekine"/>
<USERREF USERNAME="ZPFjdelacruz"/>
<USERREF USERNAME="ZPFjktan"/>
<USERREF USERNAME="ZPFmandone"/>
<USERREF USERNAME="ZPFmcabuhayan"/>
<USERREF USERNAME="ZPFmiwaki"/>
<USERREF USERNAME="ZPFnkovacs"/>
<USERREF USERNAME="ZPFobodnar"/>
<USERREF USERNAME="ZPFpmiranda"/>
<USERREF USERNAME="ZPFprojas"/>
<USERREF USERNAME="ZPFrcalorico"/>
<USERREF USERNAME="ZPFrducusin"/>
<USERREF USERNAME="ZPFrlogronio"/>
<USERREF USERNAME="ZPFsdamato"/>
<USERREF USERNAME="ZPFvyana"/>
<USERREF USERNAME="ZPFwcarmelo"/>
<USERREF USERNAME="ZPFckalinyak"/>

</RIGHTSGROUP>

<RIGHTSGROUP  GROUPNAME="User Manager RG">
<!-- Insert Users -->
<USERREF USERNAME="ZPFpvallar"/>
<USERREF USERNAME="ZPFrnoveno"/>
<USERREF USERNAME="ZPFrsulit"/>
<USERREF USERNAME="ZPFsaguilar"/>
<USERREF USERNAME="ZPFsdasilva"/>
<USERREF USERNAME="ZPFskholti"/>
<USERREF USERNAME="ZPFstayco"/>
<USERREF USERNAME="ZPFtcabanes"/>
<USERREF USERNAME="ZPFtfabian"/>
<USERREF USERNAME="ZPFtszabo"/>
<USERREF USERNAME="ZPFapervaiz"/>
<USERREF USERNAME="ZPFasalazar"/>
<USERREF USERNAME="ZPFaterjek"/>
<USERREF USERNAME="ZPFawarsama"/>
<USERREF USERNAME="ZPFbnagy"/>
<USERREF USERNAME="ZPFcmercado"/>
<USERREF USERNAME="ZPFdcleto"/>
<USERREF USERNAME="ZPFddiomede"/>
<USERREF USERNAME="ZPFdhitosis"/>
<USERREF USERNAME="ZPFdtorok"/>
<USERREF USERNAME="ZPFdvittay"/>
<USERREF USERNAME="ZPFekosa"/>
<USERREF USERNAME="ZPFfenero"/>
<USERREF USERNAME="ZPFfillesy"/>
<USERREF USERNAME="ZPFfvarga"/>
<USERREF USERNAME="ZPFgkrucso"/>
<USERREF USERNAME="ZPFgrodriguez"/>
<USERREF USERNAME="ZPFgyvarga"/>
<USERREF USERNAME="ZPFhtsuchida"/>
<USERREF USERNAME="ZPFijohl"/>
<USERREF USERNAME="ZPFjalbento"/>
<USERREF USERNAME="ZPFjlin"/>
<USERREF USERNAME="ZPFjpati"/>
<USERREF USERNAME="ZPFjsumiya"/>
<USERREF USERNAME="ZPFjwang"/>
<USERREF USERNAME="ZPFkcco"/>
<USERREF USERNAME="ZPFkcsobalyka"/>
<USERREF USERNAME="ZPFkkovacs"/>
<USERREF USERNAME="ZPFklim"/>
<USERREF USERNAME="ZPFlbalubar"/>
<USERREF USERNAME="ZPFlmate"/>
<USERREF USERNAME="ZPFlwang"/>
<USERREF USERNAME="ZPFmarakaki"/>
<USERREF USERNAME="ZPFmgarcia"/>
<USERREF USERNAME="ZPFmkhella"/>
<USERREF USERNAME="ZPFmtoth"/>
<USERREF USERNAME="ZPFnabogado"/>
<USERREF USERNAME="ZPFnqi"/>
<USERREF USERNAME="ZPFnreis"/>
<USERREF USERNAME="ZPFnvergara"/>
<USERREF USERNAME="ZPFoely"/>

</RIGHTSGROUP>

<RIGHTSGROUP  GROUPNAME="VO">
<!-- Insert Users -->
<USERREF USERNAME="z1x0358"/>
<USERREF USERNAME="c212917"/>
<USERREF USERNAME="Z2X1543"/>
<USERREF USERNAME="c212402"/>
<USERREF USERNAME="z2x1397"/>

</RIGHTSGROUP>

</MEDMLDATA>