<?xml version="1.0"?>
<MEDMLDATA xmlns="PhaseForward-MedML-Inform4">


<REPORTINGGROUP
GROUPNAME="Ad Hoc Users"
GROUPDESCRIPTION="Users who have access to Ad Hoc Reporting">
<!-- Insert Users -->
<USERREF USERNAME="ZPFnreis"/>
<USERREF USERNAME="ZPFnvergara"/>
<USERREF USERNAME="ZPFoely"/>
<USERREF USERNAME="ZPFpvallar"/>
<USERREF USERNAME="ZPFrnoveno"/>
<USERREF USERNAME="ZPFrsulit"/>
<USERREF USERNAME="ZPFsaguilar"/>
<USERREF USERNAME="ZPFsdasilva"/>
<USERREF USERNAME="ZPFskholti"/>
<USERREF USERNAME="ZPFstayco"/>
<USERREF USERNAME="ZPFtcabanes"/>
<USERREF USERNAME="ZPFtfabian"/>
<USERREF USERNAME="ZPFtszabo"/>
<USERREF USERNAME="c193585"/>
<USERREF USERNAME="h9xmcgbge_RE"/>
<USERREF USERNAME="z1x1703"/>
<USERREF USERNAME="v4x6430"/>
<USERREF USERNAME="ZPFabalogh"/>
<USERREF USERNAME="ZPFckalinyak"/>
<USERREF USERNAME="ZPFdmorales"/>
<USERREF USERNAME="ZPFdnagy"/>
<USERREF USERNAME="ZPFedervishaj"/>
<USERREF USERNAME="ZPFepenzes"/>
<USERREF USERNAME="ZPFhsekine"/>
<USERREF USERNAME="ZPFjdelacruz"/>
<USERREF USERNAME="ZPFjktan"/>
<USERREF USERNAME="ZPFmandone"/>
<USERREF USERNAME="ZPFmcabuhayan"/>
<USERREF USERNAME="ZPFmiwaki"/>
<USERREF USERNAME="ZPFnkovacs"/>
<USERREF USERNAME="ZPFobodnar"/>
<USERREF USERNAME="ZPFpmiranda"/>
<USERREF USERNAME="ZPFprojas"/>
<USERREF USERNAME="ZPFrcalorico"/>
<USERREF USERNAME="ZPFrducusin"/>
<USERREF USERNAME="ZPFrlogronio"/>
<USERREF USERNAME="ZPFsdamato"/>
<USERREF USERNAME="ZPFvyana"/>
<USERREF USERNAME="ZPFwcarmelo"/>
<USERREF USERNAME="ZPFxgao"/>
<USERREF USERNAME="ZPFapervaiz"/>
<USERREF USERNAME="ZPFasalazar"/>
<USERREF USERNAME="ZPFaterjek"/>
<USERREF USERNAME="ZPFawarsama"/>
<USERREF USERNAME="ZPFbnagy"/>
<USERREF USERNAME="ZPFcmercado"/>
<USERREF USERNAME="ZPFdcleto"/>
<USERREF USERNAME="ZPFddiomede"/>
<USERREF USERNAME="ZPFdhitosis"/>
<USERREF USERNAME="ZPFdtorok"/>
<USERREF USERNAME="ZPFdvittay"/>
<USERREF USERNAME="ZPFekosa"/>
<USERREF USERNAME="ZPFfenero"/>
<USERREF USERNAME="ZPFfillesy"/>
<USERREF USERNAME="ZPFfvarga"/>
<USERREF USERNAME="ZPFgkrucso"/>
<USERREF USERNAME="ZPFgrodriguez"/>
<USERREF USERNAME="ZPFgyvarga"/>
<USERREF USERNAME="ZPFhtsuchida"/>
<USERREF USERNAME="ZPFijohl"/>
<USERREF USERNAME="ZPFjalbento"/>
<USERREF USERNAME="ZPFjlin"/>
<USERREF USERNAME="ZPFjpati"/>
<USERREF USERNAME="ZPFjsumiya"/>
<USERREF USERNAME="ZPFjwang"/>
<USERREF USERNAME="ZPFkcco"/>
<USERREF USERNAME="ZPFkcsobalyka"/>
<USERREF USERNAME="ZPFkkovacs"/>
<USERREF USERNAME="ZPFklim"/>
<USERREF USERNAME="ZPFlbalubar"/>
<USERREF USERNAME="ZPFlmate"/>
<USERREF USERNAME="ZPFlwang"/>
<USERREF USERNAME="ZPFmarakaki"/>
<USERREF USERNAME="ZPFmgarcia"/>
<USERREF USERNAME="ZPFmkhella"/>
<USERREF USERNAME="ZPFmtoth"/>
<USERREF USERNAME="ZPFnabogado"/>
<USERREF USERNAME="ZPFnqi"/>
</REPORTINGGROUP>

<QUERYGROUP
GROUPNAME="CDM_CRA Query"
GROUPDESCRIPTION="">
<!-- Insert Users -->
<USERREF USERNAME="autoquery"/>
<USERREF USERNAME="z1x1703"/>
<USERREF USERNAME="c225222"/>
<USERREF USERNAME="z1x2075"/>
<USERREF USERNAME="c218387"/>
<USERREF USERNAME="z1x3224"/>
<USERREF USERNAME="z2x7035"/>
<USERREF USERNAME="z2x7700"/>
<USERREF USERNAME="z1x2072"/>
<USERREF USERNAME="c215933"/>
<USERREF USERNAME="z2x2461"/>
<USERREF USERNAME="z3x0843"/>
<USERREF USERNAME="z1x1807"/>
<USERREF USERNAME="c222556"/>
<USERREF USERNAME="z1x0687"/>
<USERREF USERNAME="z2x6036"/>
<USERREF USERNAME="z2x1226"/>
<USERREF USERNAME="C222645"/>
<USERREF USERNAME="C215932"/>
<USERREF USERNAME="C223439"/>
<USERREF USERNAME="C220341"/>
<USERREF USERNAME="c193585"/>
<USERREF USERNAME="c224611"/>
<USERREF USERNAME="c224744"/>
</QUERYGROUP>

<QUERYGROUP
GROUPNAME="Coding Query Group"
GROUPDESCRIPTION="">
<!-- Insert Users -->
<USERREF USERNAME="coder_query"/>
</QUERYGROUP>

<SIGNATUREGROUP
GROUPNAME="PI Signature"
GROUPDESCRIPTION="Signature group assigned to PI and PI Sign Only roles"
CRBMEANING="Approved"

CRBTEXT="By my dated signature below, I  %s  %s, verify that all case report form pages accurately display the results of the examinations, tests, evaluations and treatments performed on this patient.&lt;BR&gt;&lt;BR&gt;Pursuant to Section 11.100 of Title 21 of the Code of Federal Regulations, this is to certify that I intend that this electronic signature is to be the legally binding equivalent of my handwritten signature. &lt;BR&gt;&lt;BR&gt;To this I do attest by supplying my user name and password and clicking the button marked &lt;B&gt;Submit&lt;/B&gt; below"
 LANGUAGE="en-US">
<!-- Insert Users -->
<USERREF USERNAME="rcanadas"/>
<USERREF USERNAME="averdugo"/>
<USERREF USERNAME="jfrias"/>
<USERREF USERNAME="bhorowitz"/>
<USERREF USERNAME="jlucas"/>
<USERREF USERNAME="fmiranda"/>
<USERREF USERNAME="rortizcarrasquillo"/>
<USERREF USERNAME="jotero"/>
<USERREF USERNAME="jparker"/>
<USERREF USERNAME="jrosenstock"/>
<USERREF USERNAME="vvergara"/>
<USERREF USERNAME="awynne"/>
<USERREF USERNAME="esantarosa"/>
<USERREF USERNAME="tschaum"/>
<USERREF USERNAME="handel"/>
<USERREF USERNAME="eflieber-gorzer"/>
<USERREF USERNAME="jweinstein"/>
<USERREF USERNAME="jdivinec"/>
<USERREF USERNAME="pjenickova"/>
<USERREF USERNAME="eroderova"/>
<USERREF USERNAME="jkostarova"/>
<USERREF USERNAME="agrosz"/>
<USERREF USERNAME="nkesmarki"/>
<USERREF USERNAME="aszocs"/>
<USERREF USERNAME="jgandhi"/>
<USERREF USERNAME="rbanda"/>
<USERREF USERNAME="scaballero"/>
<USERREF USERNAME="ggonzalez"/>
<USERREF USERNAME="rerlinger"/>
<USERREF USERNAME="bhirschhauser"/>
<USERREF USERNAME="bludvik"/>
<USERREF USERNAME="omosenzon"/>
<USERREF USERNAME="haddad"/>
<USERREF USERNAME="jzapletalova"/>
<USERREF USERNAME="fmadueno"/>
<USERREF USERNAME="fakhrass"/>
<USERREF USERNAME="shsia"/>
<USERREF USERNAME="dkayne"/>
<USERREF USERNAME="spelayo"/>
<USERREF USERNAME="rgarza"/>
<USERREF USERNAME="lrose"/>
<USERREF USERNAME="fschaper"/>
<USERREF USERNAME="tedelsberger"/>
<USERREF USERNAME="akechnerova"/>
<USERREF USERNAME="lparreno"/>
<USERREF USERNAME="mrivas"/>
<USERREF USERNAME="hpatkova"/>
<USERREF USERNAME="emalicherova"/>
<USERREF USERNAME="khalova"/>
<USERREF USERNAME="dbartaskova"/>
<USERREF USERNAME="gpetro"/>
<USERREF USERNAME="ccase"/>
</SIGNATUREGROUP>

<REPORTINGGROUP
GROUPNAME="Publishers"
GROUPDESCRIPTION="Users who can create folders and other content within the Public Folder space">
<!-- Insert Users -->
<USERREF USERNAME="ZPFtszabo"/>
<USERREF USERNAME="c193585"/>
<USERREF USERNAME="ZPFmandone"/>
<USERREF USERNAME="ZPFmcabuhayan"/>
<USERREF USERNAME="ZPFmiwaki"/>
<USERREF USERNAME="ZPFnkovacs"/>
<USERREF USERNAME="ZPFobodnar"/>
<USERREF USERNAME="ZPFpmiranda"/>
<USERREF USERNAME="ZPFprojas"/>
<USERREF USERNAME="ZPFrcalorico"/>
<USERREF USERNAME="ZPFrducusin"/>
<USERREF USERNAME="ZPFrlogronio"/>
<USERREF USERNAME="ZPFsdamato"/>
<USERREF USERNAME="ZPFvyana"/>
<USERREF USERNAME="ZPFwcarmelo"/>
<USERREF USERNAME="ZPFxgao"/>
<USERREF USERNAME="ZPFapervaiz"/>
<USERREF USERNAME="ZPFasalazar"/>
<USERREF USERNAME="ZPFaterjek"/>
<USERREF USERNAME="ZPFawarsama"/>
<USERREF USERNAME="ZPFbnagy"/>
<USERREF USERNAME="ZPFcmercado"/>
<USERREF USERNAME="ZPFdcleto"/>
<USERREF USERNAME="ZPFddiomede"/>
<USERREF USERNAME="ZPFdhitosis"/>
<USERREF USERNAME="ZPFdtorok"/>
<USERREF USERNAME="ZPFdvittay"/>
<USERREF USERNAME="ZPFekosa"/>
<USERREF USERNAME="ZPFfenero"/>
<USERREF USERNAME="ZPFfillesy"/>
<USERREF USERNAME="ZPFfvarga"/>
<USERREF USERNAME="ZPFgkrucso"/>
<USERREF USERNAME="ZPFgrodriguez"/>
<USERREF USERNAME="ZPFgyvarga"/>
<USERREF USERNAME="ZPFhtsuchida"/>
<USERREF USERNAME="ZPFijohl"/>
<USERREF USERNAME="ZPFjalbento"/>
<USERREF USERNAME="ZPFjlin"/>
<USERREF USERNAME="ZPFjpati"/>
<USERREF USERNAME="ZPFjsumiya"/>
<USERREF USERNAME="ZPFjwang"/>
<USERREF USERNAME="ZPFkcco"/>
<USERREF USERNAME="ZPFkcsobalyka"/>
<USERREF USERNAME="ZPFkkovacs"/>
<USERREF USERNAME="ZPFklim"/>
<USERREF USERNAME="ZPFlbalubar"/>
<USERREF USERNAME="ZPFlmate"/>
<USERREF USERNAME="ZPFlwang"/>
<USERREF USERNAME="ZPFmarakaki"/>
<USERREF USERNAME="ZPFmgarcia"/>
<USERREF USERNAME="ZPFmkhella"/>
<USERREF USERNAME="ZPFmtoth"/>
<USERREF USERNAME="ZPFnabogado"/>
<USERREF USERNAME="ZPFnqi"/>
<USERREF USERNAME="ZPFnreis"/>
<USERREF USERNAME="ZPFnvergara"/>
<USERREF USERNAME="ZPFoely"/>
<USERREF USERNAME="ZPFpvallar"/>
<USERREF USERNAME="ZPFrnoveno"/>
<USERREF USERNAME="ZPFrsulit"/>
<USERREF USERNAME="ZPFsaguilar"/>
<USERREF USERNAME="ZPFsdasilva"/>
<USERREF USERNAME="ZPFskholti"/>
<USERREF USERNAME="ZPFstayco"/>
<USERREF USERNAME="ZPFtcabanes"/>
<USERREF USERNAME="ZPFtfabian"/>
<USERREF USERNAME="h9xmcgbge_RE"/>
<USERREF USERNAME="z1x1703"/>
<USERREF USERNAME="v4x6430"/>
<USERREF USERNAME="ZPFabalogh"/>
<USERREF USERNAME="ZPFckalinyak"/>
<USERREF USERNAME="ZPFdmorales"/>
<USERREF USERNAME="ZPFdnagy"/>
<USERREF USERNAME="ZPFedervishaj"/>
<USERREF USERNAME="ZPFepenzes"/>
<USERREF USERNAME="ZPFhsekine"/>
<USERREF USERNAME="ZPFjdelacruz"/>
<USERREF USERNAME="ZPFjktan"/>
</REPORTINGGROUP>

<REPORTINGGROUP
GROUPNAME="Report Administrators"
GROUPDESCRIPTION="Users who can administer authorized public content such as setting permissions on folders and reports">
<!-- Insert Users -->
<USERREF USERNAME="z1x1703"/>
<USERREF USERNAME="ZPFabalogh"/>
<USERREF USERNAME="ZPFckalinyak"/>
<USERREF USERNAME="ZPFdmorales"/>
<USERREF USERNAME="ZPFdnagy"/>
<USERREF USERNAME="ZPFedervishaj"/>
<USERREF USERNAME="ZPFepenzes"/>
<USERREF USERNAME="ZPFhsekine"/>
<USERREF USERNAME="ZPFjdelacruz"/>
<USERREF USERNAME="ZPFjktan"/>
<USERREF USERNAME="ZPFmandone"/>
<USERREF USERNAME="ZPFmcabuhayan"/>
<USERREF USERNAME="ZPFmiwaki"/>
<USERREF USERNAME="ZPFnkovacs"/>
<USERREF USERNAME="ZPFobodnar"/>
<USERREF USERNAME="ZPFpmiranda"/>
<USERREF USERNAME="ZPFprojas"/>
<USERREF USERNAME="ZPFrcalorico"/>
<USERREF USERNAME="ZPFrducusin"/>
<USERREF USERNAME="ZPFrlogronio"/>
<USERREF USERNAME="ZPFsdamato"/>
<USERREF USERNAME="ZPFvyana"/>
<USERREF USERNAME="ZPFwcarmelo"/>
<USERREF USERNAME="ZPFxgao"/>
<USERREF USERNAME="ZPFapervaiz"/>
<USERREF USERNAME="ZPFasalazar"/>
<USERREF USERNAME="ZPFaterjek"/>
<USERREF USERNAME="ZPFawarsama"/>
<USERREF USERNAME="ZPFbnagy"/>
<USERREF USERNAME="ZPFcmercado"/>
<USERREF USERNAME="ZPFdcleto"/>
<USERREF USERNAME="ZPFddiomede"/>
<USERREF USERNAME="ZPFdhitosis"/>
<USERREF USERNAME="ZPFdtorok"/>
<USERREF USERNAME="ZPFdvittay"/>
<USERREF USERNAME="ZPFekosa"/>
<USERREF USERNAME="ZPFfenero"/>
<USERREF USERNAME="ZPFfillesy"/>
<USERREF USERNAME="ZPFfvarga"/>
<USERREF USERNAME="ZPFgkrucso"/>
<USERREF USERNAME="ZPFgrodriguez"/>
<USERREF USERNAME="ZPFgyvarga"/>
<USERREF USERNAME="ZPFhtsuchida"/>
<USERREF USERNAME="ZPFijohl"/>
<USERREF USERNAME="ZPFjalbento"/>
<USERREF USERNAME="ZPFjlin"/>
<USERREF USERNAME="ZPFjpati"/>
<USERREF USERNAME="ZPFjsumiya"/>
<USERREF USERNAME="ZPFjwang"/>
<USERREF USERNAME="ZPFkcco"/>
<USERREF USERNAME="ZPFkcsobalyka"/>
<USERREF USERNAME="ZPFkkovacs"/>
<USERREF USERNAME="ZPFklim"/>
<USERREF USERNAME="ZPFlbalubar"/>
<USERREF USERNAME="ZPFlmate"/>
<USERREF USERNAME="ZPFlwang"/>
<USERREF USERNAME="ZPFmarakaki"/>
<USERREF USERNAME="ZPFmgarcia"/>
<USERREF USERNAME="ZPFmkhella"/>
<USERREF USERNAME="ZPFmtoth"/>
<USERREF USERNAME="ZPFnabogado"/>
<USERREF USERNAME="ZPFnqi"/>
<USERREF USERNAME="ZPFnreis"/>
<USERREF USERNAME="ZPFnvergara"/>
<USERREF USERNAME="ZPFoely"/>
<USERREF USERNAME="ZPFpvallar"/>
<USERREF USERNAME="ZPFrnoveno"/>
<USERREF USERNAME="ZPFrsulit"/>
<USERREF USERNAME="ZPFsaguilar"/>
<USERREF USERNAME="ZPFsdasilva"/>
<USERREF USERNAME="ZPFskholti"/>
<USERREF USERNAME="ZPFstayco"/>
<USERREF USERNAME="ZPFtcabanes"/>
<USERREF USERNAME="ZPFtfabian"/>
<USERREF USERNAME="ZPFtszabo"/>
<USERREF USERNAME="c193585"/>
</REPORTINGGROUP>

<REPORTINGGROUP
GROUPNAME="Site Users"
GROUPDESCRIPTION="Site Users">
<!-- Insert Users -->
<USERREF USERNAME="jkis"/>
<USERREF USERNAME="lschandl"/>
<USERREF USERNAME="agrosz"/>
<USERREF USERNAME="erigo"/>
<USERREF USERNAME="nkesmarki"/>
<USERREF USERNAME="aszocs"/>
<USERREF USERNAME="mrodino"/>
<USERREF USERNAME="jgandhi"/>
<USERREF USERNAME="rbanda"/>
<USERREF USERNAME="scaballero"/>
<USERREF USERNAME="ggonzalez"/>
<USERREF USERNAME="rerlinger"/>
<USERREF USERNAME="aerlinger"/>
<USERREF USERNAME="cgreco"/>
<USERREF USERNAME="bhirschhauser"/>
<USERREF USERNAME="dheidinger"/>
<USERREF USERNAME="aschroer"/>
<USERREF USERNAME="dlammers"/>
<USERREF USERNAME="ikraub"/>
<USERREF USERNAME="kmatthies"/>
<USERREF USERNAME="rneuhauser"/>
<USERREF USERNAME="chengl"/>
<USERREF USERNAME="chiden"/>
<USERREF USERNAME="epabst"/>
<USERREF USERNAME="jbrix"/>
<USERREF USERNAME="bludvik"/>
<USERREF USERNAME="ebutbul"/>
<USERREF USERNAME="omosenzon"/>
<USERREF USERNAME="tdiament"/>
<USERREF USERNAME="haddad"/>
<USERREF USERNAME="aedelsbergerova"/>
<USERREF USERNAME="jzapletalova"/>
<USERREF USERNAME="cgomez"/>
<USERREF USERNAME="icardona"/>
<USERREF USERNAME="fmadueno"/>
<USERREF USERNAME="promero"/>
<USERREF USERNAME="rpaulus"/>
<USERREF USERNAME="nsebastian"/>
<USERREF USERNAME="rherrera"/>
<USERREF USERNAME="aflores"/>
<USERREF USERNAME="fakhrass"/>
<USERREF USERNAME="eallen"/>
<USERREF USERNAME="nvrestil"/>
<USERREF USERNAME="dceniceros"/>
<USERREF USERNAME="rcanadas"/>
<USERREF USERNAME="ccase"/>
<USERREF USERNAME="jfrias"/>
<USERREF USERNAME="bhorowitz"/>
<USERREF USERNAME="rbonilla"/>
<USERREF USERNAME="mfeldman"/>
<USERREF USERNAME="jlucas"/>
<USERREF USERNAME="fmiranda"/>
<USERREF USERNAME="rortizcarrasquillo"/>
<USERREF USERNAME="jotero"/>
<USERREF USERNAME="jparker"/>
<USERREF USERNAME="jrosenstock"/>
<USERREF USERNAME="vvergara"/>
<USERREF USERNAME="awynne"/>
<USERREF USERNAME="jespino"/>
<USERREF USERNAME="bnarron"/>
<USERREF USERNAME="rguedes"/>
<USERREF USERNAME="ngarcia"/>
<USERREF USERNAME="lflores"/>
<USERREF USERNAME="athompson"/>
<USERREF USERNAME="boberhaus"/>
<USERREF USERNAME="efrancisco"/>
<USERREF USERNAME="mtorresmalaga"/>
<USERREF USERNAME="shsia"/>
<USERREF USERNAME="dkayne"/>
<USERREF USERNAME="meigmann"/>
<USERREF USERNAME="spelayo"/>
<USERREF USERNAME="bibarra"/>
<USERREF USERNAME="rgarza"/>
<USERREF USERNAME="kvidales"/>
<USERREF USERNAME="merlinger"/>
<USERREF USERNAME="bkramer"/>
<USERREF USERNAME="dbroschart"/>
<USERREF USERNAME="lrose"/>
<USERREF USERNAME="tszepela"/>
<USERREF USERNAME="sritter"/>
<USERREF USERNAME="gfaulmann"/>
<USERREF USERNAME="fschaper"/>
<USERREF USERNAME="dhecht"/>
<USERREF USERNAME="jhaddad"/>
<USERREF USERNAME="tedelsberger"/>
<USERREF USERNAME="akechnerova"/>
<USERREF USERNAME="mkuhrova"/>
<USERREF USERNAME="ktravova"/>
<USERREF USERNAME="lparreno"/>
<USERREF USERNAME="crodino"/>
<USERREF USERNAME="mmayor"/>
<USERREF USERNAME="mrivas"/>
<USERREF USERNAME="bmartinez"/>
<USERREF USERNAME="agamova"/>
<USERREF USERNAME="hpatkova"/>
<USERREF USERNAME="emalicherova"/>
<USERREF USERNAME="khalova"/>
<USERREF USERNAME="dbartaskova"/>
<USERREF USERNAME="gpetro"/>
<USERREF USERNAME="lkautzky"/>
<USERREF USERNAME="epalhegyi"/>
<USERREF USERNAME="mtanko"/>
<USERREF USERNAME="tbalint"/>
<USERREF USERNAME="eadorjani"/>
<USERREF USERNAME="plopez"/>
<USERREF USERNAME="averdugo"/>
<USERREF USERNAME="acamacho"/>
<USERREF USERNAME="avergara"/>
<USERREF USERNAME="cburns"/>
<USERREF USERNAME="esantarosa"/>
<USERREF USERNAME="jthaler"/>
<USERREF USERNAME="ypiegenschke"/>
<USERREF USERNAME="tschaum"/>
<USERREF USERNAME="dprauhart"/>
<USERREF USERNAME="handel"/>
<USERREF USERNAME="eflieber-gorzer"/>
<USERREF USERNAME="fhollerl"/>
<USERREF USERNAME="afeder"/>
<USERREF USERNAME="ozolotarev"/>
<USERREF USERNAME="kbashan"/>
<USERREF USERNAME="mkrakovski"/>
<USERREF USERNAME="jweinstein"/>
<USERREF USERNAME="jdivinec"/>
<USERREF USERNAME="pjenickova"/>
<USERREF USERNAME="eroderova"/>
<USERREF USERNAME="jkostarova"/>
<USERREF USERNAME="gkreckova"/>
<USERREF USERNAME="pkrajczar"/>
</REPORTINGGROUP>

<REPORTINGGROUP
GROUPNAME="Sponsor Users"
GROUPDESCRIPTION="Sponsor Users">
<!-- Insert Users -->
<USERREF USERNAME="ZPFfvarga"/>
<USERREF USERNAME="ZPFgkrucso"/>
<USERREF USERNAME="ZPFgrodriguez"/>
<USERREF USERNAME="ZPFgyvarga"/>
<USERREF USERNAME="ZPFhtsuchida"/>
<USERREF USERNAME="ZPFijohl"/>
<USERREF USERNAME="ZPFjalbento"/>
<USERREF USERNAME="ZPFjlin"/>
<USERREF USERNAME="ZPFjpati"/>
<USERREF USERNAME="ZPFjsumiya"/>
<USERREF USERNAME="ZPFjwang"/>
<USERREF USERNAME="ZPFkcco"/>
<USERREF USERNAME="ZPFkcsobalyka"/>
<USERREF USERNAME="ZPFkkovacs"/>
<USERREF USERNAME="ZPFklim"/>
<USERREF USERNAME="ZPFlbalubar"/>
<USERREF USERNAME="ZPFlmate"/>
<USERREF USERNAME="ZPFlwang"/>
<USERREF USERNAME="ZPFmarakaki"/>
<USERREF USERNAME="ZPFmgarcia"/>
<USERREF USERNAME="ZPFmkhella"/>
<USERREF USERNAME="ZPFmtoth"/>
<USERREF USERNAME="ZPFnabogado"/>
<USERREF USERNAME="ZPFnqi"/>
<USERREF USERNAME="ZPFnreis"/>
<USERREF USERNAME="ZPFnvergara"/>
<USERREF USERNAME="ZPFoely"/>
<USERREF USERNAME="ZPFpvallar"/>
<USERREF USERNAME="ZPFrnoveno"/>
<USERREF USERNAME="coder_query"/>
<USERREF USERNAME="ZPFrsulit"/>
<USERREF USERNAME="ZPFsaguilar"/>
<USERREF USERNAME="ZPFsdasilva"/>
<USERREF USERNAME="ZPFskholti"/>
<USERREF USERNAME="ZPFstayco"/>
<USERREF USERNAME="ZPFtcabanes"/>
<USERREF USERNAME="ZPFtfabian"/>
<USERREF USERNAME="ZPFtszabo"/>
<USERREF USERNAME="c193585"/>
<USERREF USERNAME="c224611"/>
<USERREF USERNAME="c224744"/>
<USERREF USERNAME="c225222"/>
<USERREF USERNAME="z1x0358"/>
<USERREF USERNAME="c220202"/>
<USERREF USERNAME="h9xmcgbge_RE"/>
<USERREF USERNAME="z1x1703"/>
<USERREF USERNAME="z1x2075"/>
<USERREF USERNAME="c218387"/>
<USERREF USERNAME="z1x3224"/>
<USERREF USERNAME="z2x7035"/>
<USERREF USERNAME="z2x7700"/>
<USERREF USERNAME="z1x2072"/>
<USERREF USERNAME="c215933"/>
<USERREF USERNAME="z2x2461"/>
<USERREF USERNAME="z3x0843"/>
<USERREF USERNAME="z1x1807"/>
<USERREF USERNAME="c222556"/>
<USERREF USERNAME="z1x0687"/>
<USERREF USERNAME="z2x6036"/>
<USERREF USERNAME="z2x1226"/>
<USERREF USERNAME="v4x6430"/>
<USERREF USERNAME="c212917"/>
<USERREF USERNAME="z2x1397"/>
<USERREF USERNAME="c212402"/>
<USERREF USERNAME="C222645"/>
<USERREF USERNAME="C215932"/>
<USERREF USERNAME="Z2X1543"/>
<USERREF USERNAME="C223439"/>
<USERREF USERNAME="C220341"/>
<USERREF USERNAME="ZPFabalogh"/>
<USERREF USERNAME="ZPFckalinyak"/>
<USERREF USERNAME="ZPFdmorales"/>
<USERREF USERNAME="ZPFdnagy"/>
<USERREF USERNAME="ZPFedervishaj"/>
<USERREF USERNAME="ZPFepenzes"/>
<USERREF USERNAME="ZPFhsekine"/>
<USERREF USERNAME="ZPFjdelacruz"/>
<USERREF USERNAME="ZPFjktan"/>
<USERREF USERNAME="ZPFmandone"/>
<USERREF USERNAME="ZPFmcabuhayan"/>
<USERREF USERNAME="ZPFmiwaki"/>
<USERREF USERNAME="ZPFnkovacs"/>
<USERREF USERNAME="ZPFobodnar"/>
<USERREF USERNAME="ZPFpmiranda"/>
<USERREF USERNAME="ZPFprojas"/>
<USERREF USERNAME="ZPFrcalorico"/>
<USERREF USERNAME="ZPFrducusin"/>
<USERREF USERNAME="ZPFrlogronio"/>
<USERREF USERNAME="ZPFsdamato"/>
<USERREF USERNAME="ZPFvyana"/>
<USERREF USERNAME="ZPFwcarmelo"/>
<USERREF USERNAME="ZPFxgao"/>
<USERREF USERNAME="ZPFapervaiz"/>
<USERREF USERNAME="ZPFasalazar"/>
<USERREF USERNAME="ZPFaterjek"/>
<USERREF USERNAME="ZPFawarsama"/>
<USERREF USERNAME="ZPFbnagy"/>
<USERREF USERNAME="ZPFcmercado"/>
<USERREF USERNAME="ZPFdcleto"/>
<USERREF USERNAME="ZPFddiomede"/>
<USERREF USERNAME="ZPFdhitosis"/>
<USERREF USERNAME="ZPFdtorok"/>
<USERREF USERNAME="ZPFdvittay"/>
<USERREF USERNAME="ZPFekosa"/>
<USERREF USERNAME="ZPFfenero"/>
<USERREF USERNAME="ZPFfillesy"/>
</REPORTINGGROUP>

<REPORTINGGROUP
GROUPNAME="User Admin Info Data Users"
GROUPDESCRIPTION="Users who have access to user data including password related data">
<!-- Insert Users -->
<USERREF USERNAME="ZPFijohl"/>
<USERREF USERNAME="ZPFjalbento"/>
<USERREF USERNAME="ZPFjlin"/>
<USERREF USERNAME="ZPFjpati"/>
<USERREF USERNAME="ZPFjsumiya"/>
<USERREF USERNAME="ZPFjwang"/>
<USERREF USERNAME="ZPFkcco"/>
<USERREF USERNAME="ZPFkcsobalyka"/>
<USERREF USERNAME="ZPFkkovacs"/>
<USERREF USERNAME="ZPFklim"/>
<USERREF USERNAME="ZPFlbalubar"/>
<USERREF USERNAME="ZPFlmate"/>
<USERREF USERNAME="ZPFlwang"/>
<USERREF USERNAME="ZPFmarakaki"/>
<USERREF USERNAME="ZPFmgarcia"/>
<USERREF USERNAME="ZPFmkhella"/>
<USERREF USERNAME="ZPFmtoth"/>
<USERREF USERNAME="ZPFnabogado"/>
<USERREF USERNAME="ZPFnqi"/>
<USERREF USERNAME="ZPFnreis"/>
<USERREF USERNAME="ZPFnvergara"/>
<USERREF USERNAME="ZPFoely"/>
<USERREF USERNAME="ZPFpvallar"/>
<USERREF USERNAME="ZPFrnoveno"/>
<USERREF USERNAME="ZPFrsulit"/>
<USERREF USERNAME="ZPFsaguilar"/>
<USERREF USERNAME="ZPFsdasilva"/>
<USERREF USERNAME="ZPFskholti"/>
<USERREF USERNAME="ZPFstayco"/>
<USERREF USERNAME="ZPFtcabanes"/>
<USERREF USERNAME="ZPFtfabian"/>
<USERREF USERNAME="ZPFtszabo"/>
<USERREF USERNAME="c193585"/>
<USERREF USERNAME="c224611"/>
<USERREF USERNAME="c224744"/>
<USERREF USERNAME="c225222"/>
<USERREF USERNAME="h9xmcgbge_RE"/>
<USERREF USERNAME="z1x1703"/>
<USERREF USERNAME="z1x2075"/>
<USERREF USERNAME="c218387"/>
<USERREF USERNAME="z1x3224"/>
<USERREF USERNAME="z2x7035"/>
<USERREF USERNAME="z2x7700"/>
<USERREF USERNAME="z1x2072"/>
<USERREF USERNAME="c215933"/>
<USERREF USERNAME="z2x2461"/>
<USERREF USERNAME="z3x0843"/>
<USERREF USERNAME="z1x1807"/>
<USERREF USERNAME="c222556"/>
<USERREF USERNAME="z1x0687"/>
<USERREF USERNAME="z2x6036"/>
<USERREF USERNAME="z2x1226"/>
<USERREF USERNAME="v4x6430"/>
<USERREF USERNAME="C222645"/>
<USERREF USERNAME="C215932"/>
<USERREF USERNAME="C223439"/>
<USERREF USERNAME="C220341"/>
<USERREF USERNAME="ZPFabalogh"/>
<USERREF USERNAME="ZPFckalinyak"/>
<USERREF USERNAME="ZPFdmorales"/>
<USERREF USERNAME="ZPFdnagy"/>
<USERREF USERNAME="ZPFedervishaj"/>
<USERREF USERNAME="ZPFepenzes"/>
<USERREF USERNAME="ZPFhsekine"/>
<USERREF USERNAME="ZPFjdelacruz"/>
<USERREF USERNAME="ZPFjktan"/>
<USERREF USERNAME="ZPFmandone"/>
<USERREF USERNAME="ZPFmcabuhayan"/>
<USERREF USERNAME="ZPFmiwaki"/>
<USERREF USERNAME="ZPFnkovacs"/>
<USERREF USERNAME="ZPFobodnar"/>
<USERREF USERNAME="ZPFpmiranda"/>
<USERREF USERNAME="ZPFprojas"/>
<USERREF USERNAME="ZPFrcalorico"/>
<USERREF USERNAME="ZPFrducusin"/>
<USERREF USERNAME="ZPFrlogronio"/>
<USERREF USERNAME="ZPFsdamato"/>
<USERREF USERNAME="ZPFvyana"/>
<USERREF USERNAME="ZPFwcarmelo"/>
<USERREF USERNAME="ZPFxgao"/>
<USERREF USERNAME="ZPFapervaiz"/>
<USERREF USERNAME="ZPFasalazar"/>
<USERREF USERNAME="ZPFaterjek"/>
<USERREF USERNAME="ZPFawarsama"/>
<USERREF USERNAME="ZPFbnagy"/>
<USERREF USERNAME="ZPFcmercado"/>
<USERREF USERNAME="ZPFdcleto"/>
<USERREF USERNAME="ZPFddiomede"/>
<USERREF USERNAME="ZPFdhitosis"/>
<USERREF USERNAME="ZPFdtorok"/>
<USERREF USERNAME="ZPFdvittay"/>
<USERREF USERNAME="ZPFekosa"/>
<USERREF USERNAME="ZPFfenero"/>
<USERREF USERNAME="ZPFfillesy"/>
<USERREF USERNAME="ZPFfvarga"/>
<USERREF USERNAME="ZPFgkrucso"/>
<USERREF USERNAME="ZPFgrodriguez"/>
<USERREF USERNAME="ZPFgyvarga"/>
<USERREF USERNAME="ZPFhtsuchida"/>
</REPORTINGGROUP>

<REPORTINGGROUP
GROUPNAME="User Info Data Users"
GROUPDESCRIPTION="Users who have access to user data except password related data">
<!-- Insert Users -->
<USERREF USERNAME="c220202"/>
</REPORTINGGROUP>

</MEDMLDATA>