<?xml version="1.0"?>
<MEDMLDATA xmlns="PhaseForward-MedML-Inform4">


<SITE  NAME="(606) Krankenhaus Rudolfstiftung inklusive Standort Semmelweis Frauenklinik"    MNEMONIC="606"
ADDRESS="Juchgasse 25"
COUNTRY="AUSTRIA"
PHONE="4300431711652101"
ALTPHONE="43"
FAX="43"
TIMEZONE="(UTC+01:00) Belgrade, Bratislava, Budapest, Ljubljana, Prague"
SITEDATEFORMAT="DAY_MONTH_YEAR"
STARTDATE="11/18/2015"
STUDYLOCALE="en-US"
SVAUTOSELECTRATE="100"
SVFIRSTNSUBJECTS="100"
/>


<SITE  NAME="(602) Landeskrankenhaus Steyr"    MNEMONIC="602"
ADDRESS="Sierninger Strabe 170"
COUNTRY="AUSTRIA"
PHONE="4343505546624201"
ALTPHONE="43"
FAX="43"
TIMEZONE="(UTC+01:00) Belgrade, Bratislava, Budapest, Ljubljana, Prague"
SITEDATEFORMAT="DAY_MONTH_YEAR"
STARTDATE="11/18/2015"
STUDYLOCALE="en-US"
SVAUTOSELECTRATE="100"
SVFIRSTNSUBJECTS="100"
/>


<SITE  NAME="(604) Evelyn Flieber Gorzer Private P"    MNEMONIC="604"
ADDRESS="St .Stephan 145"
COUNTRY="AUSTRIA"
PHONE="430043346380244"
ALTPHONE="43"
FAX="43"
TIMEZONE="(UTC+01:00) Belgrade, Bratislava, Budapest, Ljubljana, Prague"
SITEDATEFORMAT="DAY_MONTH_YEAR"
STARTDATE="11/18/2015"
STUDYLOCALE="en-US"
SVAUTOSELECTRATE="100"
SVFIRSTNSUBJECTS="100"
/>


<SITE  NAME="(108) RESTRIAL s r o Poliklinika"    MNEMONIC="108"
ADDRESS="Mazurska 484-2"
COUNTRY="CZECH REPUBLIC"
PHONE="420420257211920"
ALTPHONE="420"
FAX="420"
TIMEZONE="(UTC+01:00) Belgrade, Bratislava, Budapest, Ljubljana, Prague"
SITEDATEFORMAT="DAY_MONTH_YEAR"
STARTDATE="11/18/2015"
STUDYLOCALE="en-US"
SVAUTOSELECTRATE="100"
SVFIRSTNSUBJECTS="100"
/>


<SITE  NAME="(104) Diahaza s r o  Interni a diabetologicka ambulance - Holesov"    MNEMONIC="104"
ADDRESS="Palackeho 492"
COUNTRY="CZECH REPUBLIC"
PHONE="420420573399559"
ALTPHONE="420"
FAX="420"
TIMEZONE="(UTC+01:00) Belgrade, Bratislava, Budapest, Ljubljana, Prague"
SITEDATEFORMAT="DAY_MONTH_YEAR"
STARTDATE="11/18/2015"
STUDYLOCALE="en-US"
SVAUTOSELECTRATE="100"
SVFIRSTNSUBJECTS="100"
/>


<SITE  NAME="(102) Diabetologicka ordinace pro dospele"    MNEMONIC="102"
ADDRESS="Ricni okruh 26"
COUNTRY="CZECH REPUBLIC"
PHONE="420420554611468"
ALTPHONE="420"
FAX="420"
TIMEZONE="(UTC+01:00) Belgrade, Bratislava, Budapest, Ljubljana, Prague"
SITEDATEFORMAT="DAY_MONTH_YEAR"
STARTDATE="11/18/2015"
STUDYLOCALE="en-US"
SVAUTOSELECTRATE="100"
SVFIRSTNSUBJECTS="100"
/>


<SITE  NAME="(110) Diabetologicka ambulance - Praha 4 Bartaskova"    MNEMONIC="110"
ADDRESS="Michnova 1622-4"
COUNTRY="CZECH REPUBLIC"
PHONE="420420272917011"
ALTPHONE="420"
FAX="420"
TIMEZONE="(UTC+01:00) Belgrade, Bratislava, Budapest, Ljubljana, Prague"
SITEDATEFORMAT="DAY_MONTH_YEAR"
STARTDATE="11/18/2015"
STUDYLOCALE="en-US"
SVAUTOSELECTRATE="100"
SVFIRSTNSUBJECTS="100"
/>


<SITE  NAME="(106) Diahelp s r o  Poliklinika KOLF s r o"    MNEMONIC="106"
ADDRESS="Masarykovo nam. 2667"
COUNTRY="CZECH REPUBLIC"
PHONE="420420466753365"
ALTPHONE="420"
FAX="420"
TIMEZONE="(UTC+01:00) Belgrade, Bratislava, Budapest, Ljubljana, Prague"
SITEDATEFORMAT="DAY_MONTH_YEAR"
STARTDATE="11/18/2015"
STUDYLOCALE="en-US"
SVAUTOSELECTRATE="100"
SVFIRSTNSUBJECTS="100"
/>


<SITE  NAME="(406) Institut für Diabetesforschung Münster GmbH"    MNEMONIC="406"
ADDRESS="Hohenzollernring 70"
COUNTRY="GERMANY"
PHONE="49492519352300"
ALTPHONE="49"
FAX="49"
TIMEZONE="(UTC+01:00) Belgrade, Bratislava, Budapest, Ljubljana, Prague"
SITEDATEFORMAT="DAY_MONTH_YEAR"
STARTDATE="11/18/2015"
STUDYLOCALE="en-US"
SVAUTOSELECTRATE="100"
SVFIRSTNSUBJECTS="100"
/>


<SITE  NAME="(502) Kenezy Gyula Korhaz es Rendelointezet"    MNEMONIC="502"
ADDRESS="Bartok Bela ut 2-26."
COUNTRY="GERMANY"
PHONE="493652511821"
ALTPHONE="49"
FAX="49"
TIMEZONE="(UTC+01:00) Belgrade, Bratislava, Budapest, Ljubljana, Prague"
SITEDATEFORMAT="DAY_MONTH_YEAR"
STARTDATE="11/18/2015"
STUDYLOCALE="en-US"
SVAUTOSELECTRATE="100"
SVFIRSTNSUBJECTS="100"
/>


<SITE  NAME="(404) Diabetologische Schwerpunktpraxis Dr Hirschhauser"    MNEMONIC="404"
ADDRESS="Zur Ostspange 8"
COUNTRY="GERMANY"
PHONE="4949681684000"
ALTPHONE="49"
FAX="49"
TIMEZONE="(UTC+01:00) Belgrade, Bratislava, Budapest, Ljubljana, Prague"
SITEDATEFORMAT="DAY_MONTH_YEAR"
STARTDATE="11/18/2015"
STUDYLOCALE="en-US"
SVAUTOSELECTRATE="100"
SVFIRSTNSUBJECTS="100"
/>


<SITE  NAME="(410) RED-Institut GmbH"    MNEMONIC="410"
ADDRESS="Muhlenkamp 5"
COUNTRY="GERMANY"
PHONE="49494361513130"
ALTPHONE="49"
FAX="49"
TIMEZONE="(UTC+01:00) Belgrade, Bratislava, Budapest, Ljubljana, Prague"
SITEDATEFORMAT="DAY_MONTH_YEAR"
STARTDATE="11/18/2015"
STUDYLOCALE="en-US"
SVAUTOSELECTRATE="100"
SVFIRSTNSUBJECTS="100"
/>


<SITE  NAME="(408) Gemeinschaftspraxis Dres med  Schaper und Faulmann"    MNEMONIC="408"
ADDRESS="Löwenhainer Straße 34"
COUNTRY="GERMANY"
PHONE="49493512571162"
ALTPHONE="49"
FAX="49"
TIMEZONE="(UTC+01:00) Belgrade, Bratislava, Budapest, Ljubljana, Prague"
SITEDATEFORMAT="DAY_MONTH_YEAR"
STARTDATE="11/18/2015"
STUDYLOCALE="en-US"
SVAUTOSELECTRATE="100"
SVFIRSTNSUBJECTS="100"
/>


<SITE  NAME="(402) MZM Medizinisches Zentrum Mönchfeld"    MNEMONIC="402"
ADDRESS="Hechtstr. 66"
COUNTRY="GERMANY"
PHONE="49497118494953"
ALTPHONE="49"
FAX="49"
TIMEZONE="(UTC+01:00) Belgrade, Bratislava, Budapest, Ljubljana, Prague"
SITEDATEFORMAT="DAY_MONTH_YEAR"
STARTDATE="11/18/2015"
STUDYLOCALE="en-US"
SVAUTOSELECTRATE="100"
SVFIRSTNSUBJECTS="100"
/>


<SITE  NAME="(506) Kanizsai Dorottya Korhaz"    MNEMONIC="506"
ADDRESS="Szekeres Jozsef u. 2-8."
COUNTRY="HUNGARY"
PHONE="3636935020002730"
ALTPHONE="36"
FAX="36"
TIMEZONE="(UTC+01:00) Belgrade, Bratislava, Budapest, Ljubljana, Prague"
SITEDATEFORMAT="DAY_MONTH_YEAR"
STARTDATE="11/18/2015"
STUDYLOCALE="en-US"
SVAUTOSELECTRATE="100"
SVFIRSTNSUBJECTS="100"
/>


<SITE  NAME="(508) Szocs Depot Kft"    MNEMONIC="508"
ADDRESS="Jozsef A u 52 I em-5"
COUNTRY="HUNGARY"
PHONE="363617857185"
ALTPHONE="36"
FAX="36"
TIMEZONE="(UTC+01:00) Belgrade, Bratislava, Budapest, Ljubljana, Prague"
SITEDATEFORMAT="DAY_MONTH_YEAR"
STARTDATE="11/18/2015"
STUDYLOCALE="en-US"
SVAUTOSELECTRATE="100"
SVFIRSTNSUBJECTS="100"
/>


<SITE  NAME="(504) Budai Irgalmasrendi Korhaz"    MNEMONIC="504"
ADDRESS="Frankel Leo ut 17 - 19."
COUNTRY="HUNGARY"
PHONE="363614388407"
ALTPHONE="36"
FAX="36"
TIMEZONE="(UTC+01:00) Belgrade, Bratislava, Budapest, Ljubljana, Prague"
SITEDATEFORMAT="DAY_MONTH_YEAR"
STARTDATE="11/18/2015"
STUDYLOCALE="en-US"
SVAUTOSELECTRATE="100"
SVFIRSTNSUBJECTS="100"
/>


<SITE  NAME="(904) Wolfson Medical Center"    MNEMONIC="904"
ADDRESS="Hebrew University Hospital PO Box 12000Ein-Karem Jerusalem"
COUNTRY="ISRAEL"
PHONE="97297226776927"
ALTPHONE="972"
FAX="972"
TIMEZONE="(UTC+02:00) Jerusalem"
SITEDATEFORMAT="DAY_MONTH_YEAR"
STARTDATE="11/18/2015"
STUDYLOCALE="en-US"
SVAUTOSELECTRATE="100"
SVFIRSTNSUBJECTS="100"
/>


<SITE  NAME="(906) Maccabi Diabetes Clinic Grand Canyon North District Haifa"    MNEMONIC="906"
ADDRESS="62 Halochamim St Holon"
COUNTRY="ISRAEL"
PHONE="97297235028716"
ALTPHONE="972"
FAX="972"
TIMEZONE="(UTC+02:00) Jerusalem"
SITEDATEFORMAT="DAY_MONTH_YEAR"
STARTDATE="11/18/2015"
STUDYLOCALE="en-US"
SVAUTOSELECTRATE="100"
SVFIRSTNSUBJECTS="100"
/>


<SITE  NAME="(902) Hadassah Medical Center - Ein Karem"    MNEMONIC="902"
ADDRESS="Grand Canyon Golan Simcha Str 54 Haifa"
COUNTRY="ISRAEL"
PHONE="972972545698529"
ALTPHONE="972"
FAX="972"
TIMEZONE="(UTC+02:00) Jerusalem"
SITEDATEFORMAT="DAY_MONTH_YEAR"
STARTDATE="11/18/2015"
STUDYLOCALE="en-US"
SVAUTOSELECTRATE="100"
SVFIRSTNSUBJECTS="100"
/>


<SITE  NAME="(206) Hospital Universitario Dr Jose Eleuterio Gonzalez"    MNEMONIC="206"
ADDRESS="Av Francisco I Madero y Gonzalitos S N Col Mitras Centro CP 64460 Monterrey Nuevo Leon"
COUNTRY="MEXICO"
PHONE="525.2558183483e+013"
ALTPHONE="52"
FAX="52"
TIMEZONE="(UTC-06:00) Guadalajara, Mexico City, Monterrey"
SITEDATEFORMAT="DAY_MONTH_YEAR"
STARTDATE="11/18/2015"
STUDYLOCALE="en-US"
SVAUTOSELECTRATE="100"
SVFIRSTNSUBJECTS="100"
/>


<SITE  NAME="(202) Centro de Estudios Clinicos y Especialidades Medicas SC"    MNEMONIC="202"
ADDRESS="Canada No 410 Col Vista Hermosa CP 64620 Monterrey NL"
COUNTRY="MEXICO"
PHONE="5252558183488973"
ALTPHONE="52"
FAX="52"
TIMEZONE="(UTC-06:00) Guadalajara, Mexico City, Monterrey"
SITEDATEFORMAT="DAY_MONTH_YEAR"
STARTDATE="11/18/2015"
STUDYLOCALE="en-US"
SVAUTOSELECTRATE="100"
SVFIRSTNSUBJECTS="100"
/>


<SITE  NAME="(204) Centro de Investigacion Medica de Occidente"    MNEMONIC="204"
ADDRESS="Av Empresarios No 150 Torre Elite Piso 16 Consultorio 1602 Col Puerta de Hierro Zapopan Mexico CP 45116"
COUNTRY="MEXICO"
PHONE="5252553312044280"
ALTPHONE="52"
FAX="52"
TIMEZONE="(UTC-06:00) Guadalajara, Mexico City, Monterrey"
SITEDATEFORMAT="DAY_MONTH_YEAR"
STARTDATE="11/18/2015"
STUDYLOCALE="en-US"
SVAUTOSELECTRATE="100"
SVFIRSTNSUBJECTS="100"
/>


<SITE  NAME="(808) Hospital Clínico Universitario Virgen de la Victoria"    MNEMONIC="808"
ADDRESS="Centro de Especialidades San Jose Obrero. Avda. Juan XXIII. UNIDAD DE INVESTIGACIÓN. Diabetes"
COUNTRY="SPAIN"
PHONE="3434951032000"
ALTPHONE="34"
FAX="34"
TIMEZONE="(UTC+01:00) Belgrade, Bratislava, Budapest, Ljubljana, Prague"
SITEDATEFORMAT="DAY_MONTH_YEAR"
STARTDATE="11/18/2015"
STUDYLOCALE="en-US"
SVAUTOSELECTRATE="100"
SVFIRSTNSUBJECTS="100"
/>


<SITE  NAME="(802) Instituto de Ciencias Medicas"    MNEMONIC="802"
ADDRESS="Unidad de Medicina Innovadora C-Poeta Quintana 56"
COUNTRY="SPAIN"
PHONE="3434966592350"
ALTPHONE="34"
FAX="34"
TIMEZONE="(UTC+01:00) Belgrade, Bratislava, Budapest, Ljubljana, Prague"
SITEDATEFORMAT="DAY_MONTH_YEAR"
STARTDATE="11/18/2015"
STUDYLOCALE="en-US"
SVAUTOSELECTRATE="100"
SVFIRSTNSUBJECTS="100"
/>


<SITE  NAME="(806) Hospital Infanta Luisa"    MNEMONIC="806"
ADDRESS="C-San Jacinto 87Unidad de investigacion DIABETES"
COUNTRY="SPAIN"
PHONE="34954001856"
ALTPHONE="34"
FAX="34"
TIMEZONE="(UTC+01:00) Belgrade, Bratislava, Budapest, Ljubljana, Prague"
SITEDATEFORMAT="DAY_MONTH_YEAR"
STARTDATE="11/18/2015"
STUDYLOCALE="en-US"
SVAUTOSELECTRATE="100"
SVFIRSTNSUBJECTS="100"
/>


<SITE  NAME="(804) Nuevas Tecnologias en Diabetes y Endocrinologia"    MNEMONIC="804"
ADDRESS="C-menendez pelayo 29"
COUNTRY="SPAIN"
PHONE="3434954709183"
ALTPHONE="34"
FAX="34"
TIMEZONE="(UTC+01:00) Belgrade, Bratislava, Budapest, Ljubljana, Prague"
SITEDATEFORMAT="DAY_MONTH_YEAR"
STARTDATE="11/18/2015"
STUDYLOCALE="en-US"
SVAUTOSELECTRATE="100"
SVFIRSTNSUBJECTS="100"
/>


<SITE  NAME="(312) Hsia"    MNEMONIC="312"
ADDRESS="6120 Seville Ave Huntington Park California 90255"
COUNTRY="UNITED STATES"
PHONE="13235881968"
ALTPHONE="1"
FAX="1"
TIMEZONE="(UTC-08:00) Pacific Time (US &#38; Canada)"
SITEDATEFORMAT="DAY_MONTH_YEAR"
STARTDATE="11/18/2015"
STUDYLOCALE="en-US"
SVAUTOSELECTRATE="100"
SVFIRSTNSUBJECTS="100"
/>


<SITE  NAME="(308) Frias"    MNEMONIC="308"
ADDRESS="National Research Institute 2010 Wilshire Boulevard Suite 302 Los Angeles California 90057"
COUNTRY="UNITED STATES"
PHONE="12134132500"
ALTPHONE="1"
FAX="1"
TIMEZONE="(UTC-08:00) Pacific Time (US &#38; Canada)"
SITEDATEFORMAT="DAY_MONTH_YEAR"
STARTDATE="11/18/2015"
STUDYLOCALE="en-US"
SVAUTOSELECTRATE="100"
SVFIRSTNSUBJECTS="100"
/>


<SITE  NAME="(314) Kayne"    MNEMONIC="314"
ADDRESS="16030 Ventura Blvd Suite 680 Encino California 91436"
COUNTRY="UNITED STATES"
PHONE="18189901067"
ALTPHONE="1"
FAX="1"
TIMEZONE="(UTC-08:00) Pacific Time (US &#38; Canada)"
SITEDATEFORMAT="DAY_MONTH_YEAR"
STARTDATE="11/18/2015"
STUDYLOCALE="en-US"
SVAUTOSELECTRATE="100"
SVFIRSTNSUBJECTS="100"
/>


<SITE  NAME="(330) Wynne"    MNEMONIC="330"
ADDRESS="3520 Southwest Sixth Avenue
Topeka Kansas 66606"
COUNTRY="UNITED STATES"
PHONE="17853680482"
ALTPHONE="1"
FAX="1"
TIMEZONE="(UTC-06:00) Central Time (US &#38; Canada)"
SITEDATEFORMAT="DAY_MONTH_YEAR"
STARTDATE="11/18/2015"
STUDYLOCALE="en-US"
SVAUTOSELECTRATE="100"
SVFIRSTNSUBJECTS="100"
/>


<SITE  NAME="(326) Rosenstock"    MNEMONIC="326"
ADDRESS="7777 Forest Lane Suite C-685 Dallas Texas 75230"
COUNTRY="UNITED STATES"
PHONE="19725667799"
ALTPHONE="1"
FAX="1"
TIMEZONE="(UTC-06:00) Central Time (US &#38; Canada)"
SITEDATEFORMAT="DAY_MONTH_YEAR"
STARTDATE="11/18/2015"
STUDYLOCALE="en-US"
SVAUTOSELECTRATE="100"
SVFIRSTNSUBJECTS="100"
/>


<SITE  NAME="(304) Canadas"    MNEMONIC="304"
ADDRESS="12201 Merit Dr Suite 180 Dallas Texas 75251"
COUNTRY="UNITED STATES"
PHONE="19722335410"
ALTPHONE="1"
FAX="1"
TIMEZONE="(UTC-06:00) Central Time (US &#38; Canada)"
SITEDATEFORMAT="DAY_MONTH_YEAR"
STARTDATE="11/18/2015"
STUDYLOCALE="en-US"
SVAUTOSELECTRATE="100"
SVFIRSTNSUBJECTS="100"
/>


<SITE  NAME="(306) Case"    MNEMONIC="306"
ADDRESS="1241 W Stadium Blvd Jefferson City Missouri 65109"
COUNTRY="UNITED STATES"
PHONE="15735567785"
ALTPHONE="1"
FAX="1"
TIMEZONE="(UTC-06:00) Central Time (US &#38; Canada)"
SITEDATEFORMAT="DAY_MONTH_YEAR"
STARTDATE="11/18/2015"
STUDYLOCALE="en-US"
SVAUTOSELECTRATE="100"
SVFIRSTNSUBJECTS="100"
/>


<SITE  NAME="(302) Akhrass"    MNEMONIC="302"
ADDRESS="8042 Wurzbach Suite 420 San Antonio Texas 78229"
COUNTRY="UNITED STATES"
PHONE="12109490807"
ALTPHONE="1"
FAX="1"
TIMEZONE="(UTC-06:00) Central Time (US &#38; Canada)"
SITEDATEFORMAT="DAY_MONTH_YEAR"
STARTDATE="11/18/2015"
STUDYLOCALE="en-US"
SVAUTOSELECTRATE="100"
SVFIRSTNSUBJECTS="100"
/>


<SITE  NAME="(318) Miranda"    MNEMONIC="318"
ADDRESS="11880 Bird Road Suite 405 Miami Florida 33175"
COUNTRY="UNITED STATES"
PHONE="13052263933"
ALTPHONE="1"
FAX="1"
TIMEZONE="(UTC-05:00) Eastern Time (US &#38; Canada)"
SITEDATEFORMAT="DAY_MONTH_YEAR"
STARTDATE="11/18/2015"
STUDYLOCALE="en-US"
SVAUTOSELECTRATE="100"
SVFIRSTNSUBJECTS="100"
/>


<SITE  NAME="(332) Dr Jayant Gandhi"    MNEMONIC="332"
ADDRESS="666 Grand Street Brooklyn NY 11211"
COUNTRY="UNITED STATES"
PHONE="17189630555"
ALTPHONE="1"
FAX="1"
TIMEZONE="(UTC-05:00) Eastern Time (US &#38; Canada)"
SITEDATEFORMAT="DAY_MONTH_YEAR"
STARTDATE="11/18/2015"
STUDYLOCALE="en-US"
SVAUTOSELECTRATE="100"
SVFIRSTNSUBJECTS="100"
/>


<SITE  NAME="(316) Lucas"    MNEMONIC="316"
ADDRESS="611 North 35th Street Morehead City North Carolina 28557"
COUNTRY="UNITED STATES"
PHONE="12522225700"
ALTPHONE="1"
FAX="1"
TIMEZONE="(UTC-05:00) Eastern Time (US &#38; Canada)"
SITEDATEFORMAT="DAY_MONTH_YEAR"
STARTDATE="11/18/2015"
STUDYLOCALE="en-US"
SVAUTOSELECTRATE="100"
SVFIRSTNSUBJECTS="100"
/>


<SITE  NAME="(310) Horowitz"    MNEMONIC="310"
ADDRESS="1515 North Flagler Drive Suite 440 West Palm Beach Florida 33401"
COUNTRY="UNITED STATES"
PHONE="15618023060"
ALTPHONE="1"
FAX="1"
TIMEZONE="(UTC-05:00) Eastern Time (US &#38; Canada)"
SITEDATEFORMAT="DAY_MONTH_YEAR"
STARTDATE="11/18/2015"
STUDYLOCALE="en-US"
SVAUTOSELECTRATE="100"
SVFIRSTNSUBJECTS="100"
/>


<SITE  NAME="(324) Parker"    MNEMONIC="324"
ADDRESS="1500 Physicians Drive Wilmington North Carolina 28401"
COUNTRY="UNITED STATES"
PHONE="19108156108"
ALTPHONE="1"
FAX="1"
TIMEZONE="(UTC-05:00) Eastern Time (US &#38; Canada)"
SITEDATEFORMAT="DAY_MONTH_YEAR"
STARTDATE="11/18/2015"
STUDYLOCALE="en-US"
SVAUTOSELECTRATE="100"
SVFIRSTNSUBJECTS="100"
/>


<SITE  NAME="(322) Otero"    MNEMONIC="322"
ADDRESS="Consolidated Mall C-28 Gautier Benitez Avenue Caguas Puerto Rico 00725"
COUNTRY="UNITED STATES"
PHONE="17877467057"
ALTPHONE="1"
FAX="1"
TIMEZONE="(UTC-04:00) Atlantic Time (Canada)"
SITEDATEFORMAT="DAY_MONTH_YEAR"
STARTDATE="11/18/2015"
STUDYLOCALE="en-US"
SVAUTOSELECTRATE="100"
SVFIRSTNSUBJECTS="100"
/>


<SITE  NAME="(328) Vergara"    MNEMONIC="328"
ADDRESS="104 Luis Munoz Rivera Street Yabucoa Puerto Rico 00767"
COUNTRY="UNITED STATES"
PHONE="17872660907"
ALTPHONE="1"
FAX="1"
TIMEZONE="(UTC-04:00) Atlantic Time (Canada)"
SITEDATEFORMAT="DAY_MONTH_YEAR"
STARTDATE="11/18/2015"
STUDYLOCALE="en-US"
SVAUTOSELECTRATE="100"
SVFIRSTNSUBJECTS="100"
/>


<SITE  NAME="(320) Ortiz-Carrasquillo"    MNEMONIC="320"
ADDRESS="calle Marginal carretera 2 Km 47- 7 Anexo Doctors Center Hospital Manati Puerto Rico 00674"
COUNTRY="UNITED STATES"
PHONE="17878541779"
ALTPHONE="1"
FAX="1"
TIMEZONE="(UTC-04:00) Atlantic Time (Canada)"
SITEDATEFORMAT="DAY_MONTH_YEAR"
STARTDATE="11/18/2015"
STUDYLOCALE="en-US"
SVAUTOSELECTRATE="100"
SVFIRSTNSUBJECTS="100"
/>


</MEDMLDATA>