<?xml version="1.0"?>
<MEDMLDATA xmlns="PhaseForward-MedML-Inform4">


<RIGHTSGROUP  GROUPNAME="Coding Query Rights Group">
<!-- Insert Users -->
<USERREF USERNAME="coder_query"/>

</RIGHTSGROUP>

<RIGHTSGROUP  GROUPNAME="GPS">
<!-- Insert Users -->
<USERREF USERNAME="c131994"/>
<USERREF USERNAME="c243031"/>
<USERREF USERNAME="c227370"/>
<USERREF USERNAME="c243048"/>
<USERREF USERNAME="rm87794"/>
<USERREF USERNAME="c199642"/>
<USERREF USERNAME="rm89018"/>
<USERREF USERNAME="c074429"/>
<USERREF USERNAME="c228247"/>
<USERREF USERNAME="c060736"/>
<USERREF USERNAME="c058698"/>
<USERREF USERNAME="u7X4333"/>
<USERREF USERNAME="c075541"/>
<USERREF USERNAME="a701824"/>
<USERREF USERNAME="a608760"/>
<USERREF USERNAME="c189327"/>
<USERREF USERNAME="yex8021"/>
<USERREF USERNAME="c083101"/>
<USERREF USERNAME="c249923"/>
<USERREF USERNAME="u6x6712"/>
<USERREF USERNAME="v6x8058"/>
<USERREF USERNAME="c039853"/>
<USERREF USERNAME="c068502"/>
<USERREF USERNAME="c074090"/>
<USERREF USERNAME="c068505"/>
<USERREF USERNAME="c228246"/>
<USERREF USERNAME="c228248"/>
<USERREF USERNAME="c149470"/>
<USERREF USERNAME="c196683"/>
<USERREF USERNAME="c194055"/>
<USERREF USERNAME="rm37825"/>
<USERREF USERNAME="yex7972"/>
<USERREF USERNAME="yex7231"/>
<USERREF USERNAME="v6x8356"/>
<USERREF USERNAME="c025980"/>
<USERREF USERNAME="c039863"/>
<USERREF USERNAME="C228250"/>
<USERREF USERNAME="C243050"/>
<USERREF USERNAME="c219898"/>
<USERREF USERNAME="ye73456"/>
<USERREF USERNAME="c206388"/>
<USERREF USERNAME="c244714"/>
<USERREF USERNAME="c069132"/>
<USERREF USERNAME="c243030"/>
<USERREF USERNAME="c143125"/>
<USERREF USERNAME="a015765"/>
<USERREF USERNAME="c076423"/>
<USERREF USERNAME="c100415"/>
<USERREF USERNAME="c196248"/>
<USERREF USERNAME="c021984"/>
<USERREF USERNAME="ye91098"/>
<USERREF USERNAME="c223292"/>
<USERREF USERNAME="yex7614"/>
<USERREF USERNAME="c137396"/>
<USERREF USERNAME="c244333"/>
<USERREF USERNAME="C257193"/>
<USERREF USERNAME="c257194"/>
<USERREF USERNAME="c225389"/>
<USERREF USERNAME="c243054"/>
<USERREF USERNAME="c247616"/>
<USERREF USERNAME="c071673"/>
<USERREF USERNAME="C249885"/>
<USERREF USERNAME="c202987"/>
<USERREF USERNAME="c203058"/>
<USERREF USERNAME="c148827"/>
<USERREF USERNAME="c228249"/>
<USERREF USERNAME="c206591"/>
<USERREF USERNAME="c090108"/>
<USERREF USERNAME="c135748"/>
<USERREF USERNAME="c257195"/>
<USERREF USERNAME="c243032"/>
<USERREF USERNAME="c243049"/>
<USERREF USERNAME="c257199"/>
<USERREF USERNAME="yex7750"/>
<USERREF USERNAME="c085302"/>
<USERREF USERNAME="c149066"/>
<USERREF USERNAME="yex7920"/>
<USERREF USERNAME="c074342"/>
<USERREF USERNAME="c252078"/>
<USERREF USERNAME="c149177"/>
<USERREF USERNAME="rm35504"/>

</RIGHTSGROUP>

<RIGHTSGROUP  GROUPNAME="Monitor">
<!-- Insert Users -->
<USERREF USERNAME="Z1X1819"/>
<USERREF USERNAME="C214647"/>
<USERREF USERNAME="C241301"/>
<USERREF USERNAME="C229508"/>
<USERREF USERNAME="c235318"/>
<USERREF USERNAME="C227019"/>
<USERREF USERNAME="Z3X1553"/>
<USERREF USERNAME="C224310"/>
<USERREF USERNAME="C224867"/>
<USERREF USERNAME="C230210"/>
<USERREF USERNAME="C239135"/>
<USERREF USERNAME="C240719"/>
<USERREF USERNAME="C243003"/>
<USERREF USERNAME="C243497"/>
<USERREF USERNAME="C257170"/>
<USERREF USERNAME="C261407"/>
<USERREF USERNAME="Z1X0687"/>
<USERREF USERNAME="Z1X0699"/>
<USERREF USERNAME="Z2X7245"/>
<USERREF USERNAME="C234576"/>
<USERREF USERNAME="C240204"/>
<USERREF USERNAME="C230206"/>
<USERREF USERNAME="Z1X2750"/>
<USERREF USERNAME="C228305"/>
<USERREF USERNAME="Z2X6670"/>
<USERREF USERNAME="C232423"/>
<USERREF USERNAME="C230549"/>
<USERREF USERNAME="Z1X1826"/>
<USERREF USERNAME="C243488"/>
<USERREF USERNAME="C222557"/>
<USERREF USERNAME="C225835"/>
<USERREF USERNAME="C235968"/>
<USERREF USERNAME="C243001"/>
<USERREF USERNAME="C232284"/>
<USERREF USERNAME="C232280"/>
<USERREF USERNAME="Z1X0689"/>
<USERREF USERNAME="C233004"/>
<USERREF USERNAME="C234577"/>
<USERREF USERNAME="C242363"/>
<USERREF USERNAME="C198899"/>
<USERREF USERNAME="c232958"/>
<USERREF USERNAME="C242122"/>
<USERREF USERNAME="c244597"/>
<USERREF USERNAME="C243740"/>

</RIGHTSGROUP>

<RIGHTSGROUP  GROUPNAME="Monitor Manager">
<!-- Insert Users -->
<USERREF USERNAME="C252451"/>
<USERREF USERNAME="Z1X2688"/>
<USERREF USERNAME="C217445"/>
<USERREF USERNAME="Z2X2461"/>

</RIGHTSGROUP>

<RIGHTSGROUP  GROUPNAME="ODM Rights Group">
<!-- Insert Users -->
<USERREF USERNAME="odm_user"/>

</RIGHTSGROUP>

<RIGHTSGROUP  GROUPNAME="PFView Only">
<!-- Insert Users -->
<USERREF USERNAME="ZPFkbarkoczi"/>
<USERREF USERNAME="ZPFmsajid"/>
<USERREF USERNAME="ZPFprojas"/>
<USERREF USERNAME="ZPFsdamato"/>

</RIGHTSGROUP>

<RIGHTSGROUP  GROUPNAME="PI Sign Only">
<!-- Insert Users -->
<USERREF USERNAME="psolomon"/>
<USERREF USERNAME="cpadilla"/>
<USERREF USERNAME="lgoldstick"/>
<USERREF USERNAME="sthein"/>
<USERREF USERNAME="danderson"/>
<USERREF USERNAME="igoodman"/>
<USERREF USERNAME="jnardandrea"/>
<USERREF USERNAME="jschwartzbard"/>
<USERREF USERNAME="wburke"/>
<USERREF USERNAME="kgeorge"/>
<USERREF USERNAME="jbicksel"/>
<USERREF USERNAME="rsinger"/>
<USERREF USERNAME="hschwartz"/>
<USERREF USERNAME="japter"/>
<USERREF USERNAME="ajonas"/>
<USERREF USERNAME="dscharre"/>
<USERREF USERNAME="ssharma"/>
<USERREF USERNAME="scohen"/>
<USERREF USERNAME="mpapka"/>
<USERREF USERNAME="elee"/>
<USERREF USERNAME="drosenberg"/>
<USERREF USERNAME="pgross"/>
<USERREF USERNAME="dgrosz"/>

</RIGHTSGROUP>

<RIGHTSGROUP  GROUPNAME="Report Extractor">
<!-- Insert Users -->
<USERREF USERNAME="i8gmclmdc_RE"/>

</RIGHTSGROUP>

<RIGHTSGROUP  GROUPNAME="SC">
<!-- Insert Users -->
<USERREF USERNAME="lzusevics"/>
<USERREF USERNAME="hking"/>
<USERREF USERNAME="avasquez"/>
<USERREF USERNAME="lstlaurent"/>
<USERREF USERNAME="lbisesi"/>
<USERREF USERNAME="gvalentin"/>
<USERREF USERNAME="sgans"/>
<USERREF USERNAME="scone"/>
<USERREF USERNAME="twilliams"/>
<USERREF USERNAME="aaraujo"/>
<USERREF USERNAME="jriveros"/>
<USERREF USERNAME="hvreeland"/>
<USERREF USERNAME="jmorrissey"/>
<USERREF USERNAME="tparnitvithikul"/>
<USERREF USERNAME="chatch"/>
<USERREF USERNAME="jgarrett"/>
<USERREF USERNAME="lsorrentino"/>
<USERREF USERNAME="mkoestler"/>
<USERREF USERNAME="mdaggerhart"/>
<USERREF USERNAME="jpalmquist"/>
<USERREF USERNAME="troot"/>
<USERREF USERNAME="kdoshi"/>
<USERREF USERNAME="jblasi"/>
<USERREF USERNAME="ccoogan"/>
<USERREF USERNAME="plevin"/>
<USERREF USERNAME="arumfelt"/>
<USERREF USERNAME="bvilayvanh"/>
<USERREF USERNAME="strudel"/>
<USERREF USERNAME="mhenry"/>
<USERREF USERNAME="awalton"/>
<USERREF USERNAME="smaldonado"/>

</RIGHTSGROUP>

<RIGHTSGROUP  GROUPNAME="Study Manager">
<!-- Insert Users -->
<USERREF USERNAME="c158128"/>
<USERREF USERNAME="u9x9299"/>
<USERREF USERNAME="c189509"/>

</RIGHTSGROUP>

<RIGHTSGROUP  GROUPNAME="Tier1_Admin">
<!-- Insert Users -->
<USERREF USERNAME="ZPFevoubou"/>
<USERREF USERNAME="ZPFpmore"/>
<USERREF USERNAME="ZPFmandone"/>
<USERREF USERNAME="ZPFcmolom"/>
<USERREF USERNAME="ZPFtishizuka"/>
<USERREF USERNAME="ZPFralorico"/>
<USERREF USERNAME="ZPFadonio"/>
<USERREF USERNAME="ZPFaktoth"/>
<USERREF USERNAME="ZPFdkawashima"/>
<USERREF USERNAME="ZPFanakai"/>
<USERREF USERNAME="ZPFmmagyar"/>
<USERREF USERNAME="ZPFmlalangan"/>
<USERREF USERNAME="ZPFstayco"/>
<USERREF USERNAME="ZPFrducusin"/>
<USERREF USERNAME="ZPFkcco"/>
<USERREF USERNAME="ZPFpvallar"/>
<USERREF USERNAME="ZPFoely"/>
<USERREF USERNAME="ZPFnmiklosi"/>
<USERREF USERNAME="ZPFidanyi"/>
<USERREF USERNAME="ZPFmtolgyesi"/>
<USERREF USERNAME="ZPFmzsoldos"/>
<USERREF USERNAME="ZPFpsafar"/>
<USERREF USERNAME="ZPFdnagy"/>
<USERREF USERNAME="ZPFlmate"/>
<USERREF USERNAME="ZPFakisfaludy"/>
<USERREF USERNAME="ZPFvbalint"/>
<USERREF USERNAME="ZPFedervishaj"/>
<USERREF USERNAME="ZPFawarsama"/>
<USERREF USERNAME="ZPFanyiri"/>
<USERREF USERNAME="ZPFekosa"/>

</RIGHTSGROUP>

<RIGHTSGROUP  GROUPNAME="User Activator RG">
<!-- Insert Users -->
<USERREF USERNAME="ZPFmiwaki"/>

</RIGHTSGROUP>

<RIGHTSGROUP  GROUPNAME="User Manager RG">
<!-- Insert Users -->
<USERREF USERNAME="ZPFmyuta"/>
<USERREF USERNAME="ZPFijohl"/>
<USERREF USERNAME="ZPFnqi"/>
<USERREF USERNAME="ZPFfvarga"/>
<USERREF USERNAME="ZPFapervaiz"/>
<USERREF USERNAME="ZPFvzdirko"/>
<USERREF USERNAME="ZPFasomogyi"/>
<USERREF USERNAME="ZPFtfabian"/>
<USERREF USERNAME="ZPFjistenes"/>
<USERREF USERNAME="ZPFnreis"/>
<USERREF USERNAME="ZPFgyvarga"/>
<USERREF USERNAME="ZPFtszabo"/>
<USERREF USERNAME="ZPFsaguilar"/>
<USERREF USERNAME="ZPFskholti"/>
<USERREF USERNAME="ZPFklim"/>
<USERREF USERNAME="ZPFhtsuchida"/>
<USERREF USERNAME="ZPFtcabanes"/>
<USERREF USERNAME="ZPFlbalubar"/>

</RIGHTSGROUP>

</MEDMLDATA>