<?xml version="1.0"?>
<MEDMLDATA xmlns="PhaseForward-MedML-Inform4">

<ITEMGROUP 
GROUPNAME="Data_Manager_ReadOnly"
GROUPDESCRIPTION="Items that are hidden by design and should be viewable to Data Manager">
 <!-- Insert ItemRef Names -->
<ITEMREF REFNAME="LRSSEVAL_LRSS1001_F1"/>
<ITEMREF REFNAME="LRSSOBJ_LRSS1001_F1"/>
<ITEMREF REFNAME="MHCAT_4_APMH1F1"/>
<ITEMREF REFNAME="MHCAT_4_MHPRESP1F3"/>
<ITEMREF REFNAME="MHLLTCDPRESP_10001806_APM"/>
<ITEMREF REFNAME="MHLLTCDPRESP_10019478_APM"/>
<ITEMREF REFNAME="MHLLTCDPRESP_10061664_APM"/>
<ITEMREF REFNAME="MHLLTCDPRESP_MHPRESP1F3"/>
<ITEMREF REFNAME="MHPRESP_MHPRESP1F3"/>
<ITEMREF REFNAME="MHSPID_10001806_APMH"/>
<ITEMREF REFNAME="MHSPID_10019478_APMH"/>
<ITEMREF REFNAME="MHSPID_10061664_APMH"/>
<ITEMREF REFNAME="PRPRESP_HMPR1F1"/>
<ITEMREF REFNAME="PRSPID_CT_HMPR1F1"/>
<ITEMREF REFNAME="PRSPID_ERC_HMPR1F1"/>
<ITEMREF REFNAME="PRSPID_MRC_HMPR1F1"/>
<ITEMREF REFNAME="PRSPID_MRE_HMPR1F1"/>
<ITEMREF REFNAME="PRSPID_MRI_HMPR1F1"/>
<ITEMREF REFNAME="PRSPID_MRS_HMPR1F1"/>
<ITEMREF REFNAME="PRSPID_US_HMPR1F1"/>
<ITEMREF REFNAME="PRTRT_HMPR_CT_HMPR1F1"/>
<ITEMREF REFNAME="PRTRT_HMPR_ERC_HMPR1F1"/>
<ITEMREF REFNAME="PRTRT_HMPR_MRC_HMPR1F1"/>
<ITEMREF REFNAME="PRTRT_HMPR_MRE_HMPR1F1"/>
<ITEMREF REFNAME="PRTRT_HMPR_MRI_HMPR1F1"/>
<ITEMREF REFNAME="PRTRT_HMPR_MRS_HMPR1F1"/>
<ITEMREF REFNAME="PRTRT_HMPR_US_HMPR1F1"/>
<ITEMREF REFNAME="QSCAT_HRFA1001_F1"/>
<ITEMREF REFNAME="SUCAT_ALCOHOL_SU1F3"/>
<ITEMREF REFNAME="SUCAT_REC_DRUG_SU5001_F1"/>
<ITEMREF REFNAME="SUCAT_REC_DRUG_SU5F2"/>
<ITEMREF REFNAME="SUPRESP_SU1001_SU1F3"/>
<ITEMREF REFNAME="SUPRESP_SU5001_F1"/>
<ITEMREF REFNAME="SUPRESP_SU5001_F2"/>
<ITEMREF REFNAME="TRTTERMCD_CM3001_F1"/>
<ITEMREF REFNAME="XPCAT_BR1001_F1"/>
<ITEMREF REFNAME="XPCAT_HMPR1F1"/>
<ITEMREF REFNAME="XPMETHOD_HMPR_CT_HMPR1F1"/>
<ITEMREF REFNAME="XPMETHOD_HMPR_ERC_HMPR1F1"/>
<ITEMREF REFNAME="XPMETHOD_HMPR_MRC_HMPR1F1"/>
<ITEMREF REFNAME="XPMETHOD_HMPR_MRE_HMPR1F1"/>
<ITEMREF REFNAME="XPMETHOD_HMPR_MRI_HMPR1F1"/>
<ITEMREF REFNAME="XPMETHOD_HMPR_MRS_HMPR1F1"/>
<ITEMREF REFNAME="XPMETHOD_HMPR_US_HMPR1F1"/>
<ITEMREF REFNAME="XPSPID_CT_HMPR1F1"/>
<ITEMREF REFNAME="XPSPID_ERC_HMPR1F1"/>
<ITEMREF REFNAME="XPSPID_MRC_HMPR1F1"/>
<ITEMREF REFNAME="XPSPID_MRE_HMPR1F1"/>
<ITEMREF REFNAME="XPSPID_MRI_HMPR1F1"/>
<ITEMREF REFNAME="XPSPID_MRS_HMPR1F1"/>
<ITEMREF REFNAME="XPSPID_US_HMPR1F1"/>
<ITEMREF REFNAME="CMSPID_CM3001_F1"/>
<ITEMREF REFNAME="DSSTDAT_DS1F4"/>
<ITEMREF REFNAME="DSSTDAT_DS1F5"/>
<ITEMREF REFNAME="EXROUTE_EX1001_F1"/>
<ITEMREF REFNAME="PRCAT_HMPR1F1"/>
<ITEMREF REFNAME="QSCAT_CSS2001_F1"/>
<ITEMREF REFNAME="VSCAT_VS1F5"/>
<ITEMREF REFNAME="EXCAT_EX1001_F1"/>
<ITEMREF REFNAME="EXDOSFRM_EX1001_F1"/>
<ITEMREF REFNAME="EXDOSFRQ_EX1001_F1"/>
<ITEMREF REFNAME="QSCAT_CSS4F1"/>
<ITEMREF REFNAME="SUCAT_CAFFEINE_SU2F1"/>
<ITEMREF REFNAME="DSSCAT_IC_DS2001_C1F1"/>
<ITEMREF REFNAME="EXTRT_EX1001_F1_S2"/>
<ITEMREF REFNAME="MHCAT_4_APMH1001_F2"/>
<ITEMREF REFNAME="MHCAT_4_MHPRESP1F4"/>
<ITEMREF REFNAME="MHLLTCDPRESP_APMH1001_F2"/>
<ITEMREF REFNAME="MHLLTCDPRESP_MHPRESP1F4"/>
<ITEMREF REFNAME="MHPRESP_MHPRESP1F4"/>
<ITEMREF REFNAME="MHSPID_APMH1001_F2"/>
<ITEMREF REFNAME="APMHPRESP_APMH1001_F2"/>
<ITEMREF REFNAME="CELLTCDPRESP_10053483_INF"/>
<ITEMREF REFNAME="CECAT_INF1F1"/>
<ITEMREF REFNAME="CELLTCDPRESP_10048634_INF"/>
<ITEMREF REFNAME="CELLTCDPRESP_10053482_INF"/>
<ITEMREF REFNAME="CELLTCDPRESP_10053664_INF"/>
<ITEMREF REFNAME="CELLTCDPRESP_10053998_INF"/>
<ITEMREF REFNAME="CEPRESP_INF1F1"/>
<ITEMREF REFNAME="CMPRESP_CM3001_F1"/>
<ITEMREF REFNAME="CSSEVAL_CSS2001_F1"/>
<ITEMREF REFNAME="CSSEVAL_CSS4F1"/>
<ITEMREF REFNAME="DICT_DICTVER_APMH1001_F2"/>
<ITEMREF REFNAME="DICT_DICTVER_INF1F1"/>
<ITEMREF REFNAME="DICT_DICTVER_MHPRESP1F4"/>
<ITEMREF REFNAME="DSCAT_1_DS1F8"/>
<ITEMREF REFNAME="DSCAT_2_DS2001_C1F1"/>
<ITEMREF REFNAME="DSEVAL_IC_DS2001_C1F1"/>
<ITEMREF REFNAME="DSSCAT_DS1F8"/>
<ITEMREF REFNAME="DSCAT_2_DS2001_F1"/>
<ITEMREF REFNAME="DSCAT_2_DS2001_F5"/>
<ITEMREF REFNAME="DSCAT_1_DS1F4"/>
<ITEMREF REFNAME="DSCAT_1_DS1F5"/>
<ITEMREF REFNAME="DSCAT_1_DS1F6"/>
<ITEMREF REFNAME="DSCAT_1_DS1F7"/>
<ITEMREF REFNAME="DSSCAT_IC_DS2001_F1"/>
<ITEMREF REFNAME="DSEVAL_IC_DS2001_F1"/>
<ITEMREF REFNAME="DSSCAT_IC_DS2001_F5"/>
<ITEMREF REFNAME="DSEVAL_IC_DS2001_F5"/>
<ITEMREF REFNAME="APID_APDM_APSC_F1S2"/>
<ITEMREF REFNAME="APSCSREL_APDM_APSC_F1"/>
<ITEMREF REFNAME="DSSCAT_DS1F4"/>
<ITEMREF REFNAME="MHCAT_MH7001_F1"/>
<ITEMREF REFNAME="DICT_DICTVER_MH7001_F1"/>
<ITEMREF REFNAME="MHDECOD_MH7001_F1"/>
<ITEMREF REFNAME="MHLLTCD_MH7001_F1"/>
<ITEMREF REFNAME="MHLLT_MH7001_F1"/>
<ITEMREF REFNAME="MHTERM_MAP_MH7001_F1"/>
<ITEMREF REFNAME="MHLLTCDPRESP_MH1APMH_F1"/>
<ITEMREF REFNAME="MHSPID_2_MH1APMH_F1"/>
<ITEMREF REFNAME="MHCAT_4_MH1APMH_F1"/>
<ITEMREF REFNAME="MHPRESP_MH1APMH_F1"/>
<ITEMREF REFNAME="DICT_DICTVER_MH1APMH_F1"/>
<ITEMREF REFNAME="VSCAT_VS1F3"/>
<ITEMREF REFNAME="SUCAT_ALCOHOL_SU1001_F2"/>
<ITEMREF REFNAME="SUPRESP_SU1001_F2"/>
<ITEMREF REFNAME="SUCAT_TOBACCO_SU3001_F2"/>
<ITEMREF REFNAME="SUPRESP_SU3001_F2"/>
<ITEMREF REFNAME="SFUQEVAL_SFUQ3F2"/>
<ITEMREF REFNAME="SFUQEVAL_SFUQ3F1"/>
<ITEMREF REFNAME="FACAT_SFUQ3F1"/>
<ITEMREF REFNAME="VSCAT_VS1F4"/>
<ITEMREF REFNAME="DSSCAT_DS1F6"/>
<ITEMREF REFNAME="DSSCAT_DS1F7"/>
<ITEMREF REFNAME="DSSCAT_DS1F5"/>
<ITEMREF REFNAME="AECAT_AE3001_F2"/>
<ITEMREF REFNAME="DICT_DICTVER_AE3001_F1"/>
<ITEMREF REFNAME="AEDECOD_AE3001_F1"/>
<ITEMREF REFNAME="AELLT_AE3001_F1"/>
<ITEMREF REFNAME="AELLTCD_AE3001_F1"/>
<ITEMREF REFNAME="AECAT_AE3001_F1"/>
<ITEMREF REFNAME="AETERM_MAP_AE3001_F1"/>
<ITEMREF REFNAME="CMCAT_CM1F2"/>
<ITEMREF REFNAME="CMSCAT_CM1F2"/>
<ITEMREF REFNAME="DICT_DICTVER_CM1F2"/>
<ITEMREF REFNAME="CMDECOD_CM1F2"/>
<ITEMREF REFNAME="CMTRADNM_CM1F2"/>
<ITEMREF REFNAME="TRTTERMCD_CM1F2"/>
<ITEMREF REFNAME="CMCLASCD_CM1F2"/>
<ITEMREF REFNAME="CMCLAS_CM1F2"/>
<ITEMREF REFNAME="CMTRT_MAP_CM1F2"/>
<ITEMREF REFNAME="INDCOMP_CM1F2"/>
<ITEMREF REFNAME="ROUTCOMP_CM1F2"/>
<ITEMREF REFNAME="APID1_10001806_APMH"/>
<ITEMREF REFNAME="APID1_10019478_APMH"/>
<ITEMREF REFNAME="APID1_10061664_APMH"/>
<ITEMREF REFNAME="APMHPRESP_10001806_APMH"/>
<ITEMREF REFNAME="APMHPRESP_10019478_APMH"/>
<ITEMREF REFNAME="APMHPRESP_10061664_APMH"/>
<ITEMREF REFNAME="CMCAT_CM3001_F1"/>
<ITEMREF REFNAME="CMCLASCD_CM3001_F1"/>
<ITEMREF REFNAME="CMCLAS_CM3001_F1"/>
<ITEMREF REFNAME="CMDECOD_CM3001_F1"/>
<ITEMREF REFNAME="CMTRADNM_CM3001_F1"/>
<ITEMREF REFNAME="CMTRT_CM3001_F1"/>
<ITEMREF REFNAME="DICT_DICTVER_APMH"/>
<ITEMREF REFNAME="DICT_DICTVER_CM3001_F1"/>
<ITEMREF REFNAME="DICT_DICTVER_MHPRESP1F3"/>
<ITEMREF REFNAME="FACAT_LRSS1001_F1"/>
<ITEMREF REFNAME="FASPID_LRSS1001_F1"/>
<ITEMREF REFNAME="HMPRES2U_MRE_HMPR1F1"/>
<ITEMREF REFNAME="HMPRES4U_CT_HMPR1F1"/>
<ITEMREF REFNAME="HMPRES4U_ERC_HMPR1F1"/>
<ITEMREF REFNAME="HMPRES4U_MRC_HMPR1F1"/>
<ITEMREF REFNAME="HMPRES4U_MRI_HMPR1F1"/>
<ITEMREF REFNAME="HMPRES4U_MRS_HMPR1F1"/>
<ITEMREF REFNAME="HMPRES4U_US_HMPR1F1"/>
<ITEMREF REFNAME="HMPRES5U_CT_HMPR1F1"/>
<ITEMREF REFNAME="HMPRES5U_ERC_HMPR1F1"/>
<ITEMREF REFNAME="HMPRES5U_MRC_HMPR1F1"/>
<ITEMREF REFNAME="HMPRES5U_MRI_HMPR1F1"/>
<ITEMREF REFNAME="HMPRES5U_MRS_HMPR1F1"/>
<ITEMREF REFNAME="HMPRES5U_US_HMPR1F1"/>
<ITEMREF REFNAME="HRFAEVAL_HRFA1001_F1"/>

</ITEMGROUP>


<ITEMGROUP 
GROUPNAME="GPS_eSAE_Hidden"
GROUPDESCRIPTION="Hidden to GPS rights group, hidden to Adjudicator and Central Group, default access to all other rights groups">
 <!-- Insert ItemRef Names -->
<ITEMREF REFNAME="SAEFUAWADAT_SAE2F1"/>
<ITEMREF REFNAME="SAEASMDAT_SAE2F1"/>
<ITEMREF REFNAME="SAEFUASMDAT_SAE2F1"/>
<ITEMREF REFNAME="SAEAWADAT_SAE2F1"/>

</ITEMGROUP>

<ITEMGROUP 
GROUPNAME="nonData_Manager_Hidden"
GROUPDESCRIPTION="Items hidden to all but DataManager editable">
 <!-- Insert ItemRef Names -->
<ITEMREF REFNAME="CDQATRIG"/>
<ITEMREF REFNAME="CALRULETRIG"/>
<ITEMREF REFNAME="WFRULETRIG"/>

</ITEMGROUP>

<ITEMGROUP 
GROUPNAME="nonData_Manager_ReadOnly"
GROUPDESCRIPTION="Items are Data_Manager editable, and Read-only for all other groups except Adjudicator and Central Grp.  For the Groups Adjudicator and Central Grp, it will be a Hidden Item.">
 <!-- Insert ItemRef Names -->
<ITEMREF REFNAME="VISDATMD_SV1F1"/>
<ITEMREF REFNAME="CDQ_CDQA"/>

</ITEMGROUP>

</MEDMLDATA>