<?xml version="1.0"?>
<MEDMLDATA xmlns="PhaseForward-MedML-Inform4">


<SITE  NAME="(204) Q and T Research Sherbrooke Inc"    MNEMONIC="204"
ADDRESS="2185 King West"
ADDRESS2="Suite 101"
COUNTRY="CANADA"
PHONE="18195626374"
ALTPHONE="1"
FAX="1"
TIMEZONE="(UTC-08:00) Pacific Time (US &#38; Canada)"
SITEDATEFORMAT="DAY_MONTH_YEAR"
STARTDATE="04/12/2018"
STUDYLOCALE="en-US"
SVAUTOSELECTRATE="100"
SVFIRSTNSUBJECTS="100"
/>


<SITE  NAME="(203) Institut et Clinique MoCA"    MNEMONIC="203"
ADDRESS="4896 Boul. Taschereau"
ADDRESS2="Suite 230"
COUNTRY="CANADA"
PHONE="14506727766"
ALTPHONE="1"
FAX="1"
TIMEZONE="(UTC-08:00) Pacific Time (US &#38; Canada)"
SITEDATEFORMAT="DAY_MONTH_YEAR"
STARTDATE="04/12/2018"
STUDYLOCALE="en-US"
SVAUTOSELECTRATE="100"
SVFIRSTNSUBJECTS="100"
/>


<SITE  NAME="(202) Clinique de la Memoire de l Outaouais"    MNEMONIC="202"
ADDRESS="160 Blvd. de l Hopital"
ADDRESS2="Suite 30"
COUNTRY="CANADA"
PHONE="18197768027"
ALTPHONE="1"
FAX="1"
TIMEZONE="(UTC-08:00) Pacific Time (US &#38; Canada)"
SITEDATEFORMAT="DAY_MONTH_YEAR"
STARTDATE="04/12/2018"
STUDYLOCALE="en-US"
SVAUTOSELECTRATE="100"
SVFIRSTNSUBJECTS="100"
/>


<SITE  NAME="(201) Toronto Memory Program"    MNEMONIC="201"
ADDRESS="1 Valleybrook Drive"
COUNTRY="CANADA"
PHONE="14163869761"
ALTPHONE="1"
FAX="1"
TIMEZONE="(UTC-08:00) Pacific Time (US &#38; Canada)"
SITEDATEFORMAT="DAY_MONTH_YEAR"
STARTDATE="04/12/2018"
STUDYLOCALE="en-US"
SVAUTOSELECTRATE="100"
SVFIRSTNSUBJECTS="100"
/>


<SITE  NAME="(200) Kawartha Regional Memory Clinic"    MNEMONIC="200"
ADDRESS="168 Brock Street"
COUNTRY="CANADA"
PHONE="17057493906"
ALTPHONE="1"
FAX="1"
TIMEZONE="(UTC-08:00) Pacific Time (US &#38; Canada)"
SITEDATEFORMAT="DAY_MONTH_YEAR"
STARTDATE="04/12/2018"
STUDYLOCALE="en-US"
SVAUTOSELECTRATE="100"
SVFIRSTNSUBJECTS="100"
/>


<SITE  NAME="(304) Nippon Medical School"    MNEMONIC="304"
ADDRESS="1-1-5 Sendagi  Bunkyo-Ku"
COUNTRY="JAPAN"
PHONE="8181338222131"
ALTPHONE="81"
FAX="81"
TIMEZONE="(UTC+09:00) Seoul"
SITEDATEFORMAT="DAY_MONTH_YEAR"
STARTDATE="04/12/2018"
STUDYLOCALE="en-US"
SVAUTOSELECTRATE="100"
SVFIRSTNSUBJECTS="100"
/>


<SITE  NAME="(305) Kobe City Medical Center"    MNEMONIC="305"
ADDRESS="2-1-1 Minami-machi Minatojima Chuo-ku"
COUNTRY="JAPAN"
PHONE="8181783024321"
ALTPHONE="81"
FAX="81"
TIMEZONE="(UTC+09:00) Seoul"
SITEDATEFORMAT="DAY_MONTH_YEAR"
STARTDATE="04/12/2018"
STUDYLOCALE="en-US"
SVAUTOSELECTRATE="100"
SVFIRSTNSUBJECTS="100"
/>


<SITE  NAME="(303) Utano Hospital"    MNEMONIC="303"
ADDRESS="8 Narutoki Ondoyama-cyo"
COUNTRY="JAPAN"
PHONE="8181754615121"
ALTPHONE="81"
FAX="81"
TIMEZONE="(UTC+09:00) Seoul"
SITEDATEFORMAT="DAY_MONTH_YEAR"
STARTDATE="04/12/2018"
STUDYLOCALE="en-US"
SVAUTOSELECTRATE="100"
SVFIRSTNSUBJECTS="100"
/>


<SITE  NAME="(302) National Center Geriatrics"    MNEMONIC="302"
ADDRESS="7-430  Morioka-machi"
COUNTRY="JAPAN"
PHONE="8181562462311"
ALTPHONE="81"
FAX="81"
TIMEZONE="(UTC+09:00) Seoul"
SITEDATEFORMAT="DAY_MONTH_YEAR"
STARTDATE="04/12/2018"
STUDYLOCALE="en-US"
SVAUTOSELECTRATE="100"
SVFIRSTNSUBJECTS="100"
/>


<SITE  NAME="(301) Katayama Medical Clinic"    MNEMONIC="301"
ADDRESS="1-26 Kotobuki-cho"
COUNTRY="JAPAN"
PHONE="8181864220753"
ALTPHONE="81"
FAX="81"
TIMEZONE="(UTC+09:00) Seoul"
SITEDATEFORMAT="DAY_MONTH_YEAR"
STARTDATE="04/12/2018"
STUDYLOCALE="en-US"
SVAUTOSELECTRATE="100"
SVFIRSTNSUBJECTS="100"
/>


<SITE  NAME="(300) Shonan Kamakura General Hospital"    MNEMONIC="300"
ADDRESS="1370-1 Okamoto"
COUNTRY="JAPAN"
PHONE="8181467461717"
ALTPHONE="81"
FAX="81"
TIMEZONE="(UTC+09:00) Seoul"
SITEDATEFORMAT="DAY_MONTH_YEAR"
STARTDATE="04/12/2018"
STUDYLOCALE="en-US"
SVAUTOSELECTRATE="100"
SVFIRSTNSUBJECTS="100"
/>


<SITE  NAME="(102) Syrentis Clinical Research"    MNEMONIC="102"
ADDRESS="1401 North Tustin Avenue"
ADDRESS2="Suite 130"
COUNTRY="UNITED STATES"
PHONE="17145423008"
ALTPHONE="1"
FAX="1"
TIMEZONE="(UTC-08:00) Pacific Time (US &#38; Canada)"
SITEDATEFORMAT="DAY_MONTH_YEAR"
STARTDATE="04/12/2018"
STUDYLOCALE="en-US"
SVAUTOSELECTRATE="100"
SVFIRSTNSUBJECTS="100"
/>


<SITE  NAME="(125) National Research Institute -- Panorama City"    MNEMONIC="125"
ADDRESS="14418 Chase Street"
ADDRESS2="Suite 200"
COUNTRY="UNITED STATES"
PHONE="18185326880"
ALTPHONE="1"
FAX="1"
TIMEZONE="(UTC-08:00) Pacific Time (US &#38; Canada)"
SITEDATEFORMAT="DAY_MONTH_YEAR"
STARTDATE="04/12/2018"
STUDYLOCALE="en-US"
SVAUTOSELECTRATE="100"
SVFIRSTNSUBJECTS="100"
/>


<SITE  NAME="(113) UCSF Memory and Aging Center"    MNEMONIC="113"
ADDRESS="675 Nelson Rising Lane"
ADDRESS2="Suite 190"
COUNTRY="UNITED STATES"
PHONE="14154766880"
ALTPHONE="1"
FAX="1"
TIMEZONE="(UTC-08:00) Pacific Time (US &#38; Canada)"
SITEDATEFORMAT="DAY_MONTH_YEAR"
STARTDATE="04/12/2018"
STUDYLOCALE="en-US"
SVAUTOSELECTRATE="100"
SVFIRSTNSUBJECTS="100"
/>


<SITE  NAME="(108) Anderson Clinical Research"    MNEMONIC="108"
ADDRESS="41750 Rancho Las Palmas Drive"
ADDRESS2="Suite M"
COUNTRY="UNITED STATES"
PHONE="19097929007"
ALTPHONE="1"
FAX="1"
TIMEZONE="(UTC-08:00) Pacific Time (US &#38; Canada)"
SITEDATEFORMAT="DAY_MONTH_YEAR"
STARTDATE="04/12/2018"
STUDYLOCALE="en-US"
SVAUTOSELECTRATE="100"
SVFIRSTNSUBJECTS="100"
/>


<SITE  NAME="(144) Pharmacology Research Institute"    MNEMONIC="144"
ADDRESS="4281 Katella Avenue"
ADDRESS2="Suite 115"
COUNTRY="UNITED STATES"
PHONE="17.14827e+009"
ALTPHONE="1"
FAX="1"
TIMEZONE="(UTC-08:00) Pacific Time (US &#38; Canada)"
SITEDATEFORMAT="DAY_MONTH_YEAR"
STARTDATE="04/12/2018"
STUDYLOCALE="en-US"
SVAUTOSELECTRATE="100"
SVFIRSTNSUBJECTS="100"
/>


<SITE  NAME="(145) Fullerton Neurology and Headache Center"    MNEMONIC="145"
ADDRESS="100 Laguna Road"
ADDRESS2="Suite 208"
COUNTRY="UNITED STATES"
PHONE="17147380800"
ALTPHONE="1"
FAX="1"
TIMEZONE="(UTC-08:00) Pacific Time (US &#38; Canada)"
SITEDATEFORMAT="DAY_MONTH_YEAR"
STARTDATE="04/12/2018"
STUDYLOCALE="en-US"
SVAUTOSELECTRATE="100"
SVFIRSTNSUBJECTS="100"
/>


<SITE  NAME="(104) Irvine Center for Clinical Research Inc"    MNEMONIC="104"
ADDRESS="2515 McCabe Way"
ADDRESS2="Suite 350"
COUNTRY="UNITED STATES"
PHONE="19497531663"
ALTPHONE="1"
FAX="1"
TIMEZONE="(UTC-08:00) Pacific Time (US &#38; Canada)"
SITEDATEFORMAT="DAY_MONTH_YEAR"
STARTDATE="04/12/2018"
STUDYLOCALE="en-US"
SVAUTOSELECTRATE="100"
SVFIRSTNSUBJECTS="100"
/>


<SITE  NAME="(103) Pharmacology Research Institute - Encino"    MNEMONIC="103"
ADDRESS="6345 Balboa Boulevard"
ADDRESS2="Building III Suite 363"
COUNTRY="UNITED STATES"
PHONE="18187057451"
ALTPHONE="1"
FAX="1"
TIMEZONE="(UTC-08:00) Pacific Time (US &#38; Canada)"
SITEDATEFORMAT="DAY_MONTH_YEAR"
STARTDATE="04/12/2018"
STUDYLOCALE="en-US"
SVAUTOSELECTRATE="100"
SVFIRSTNSUBJECTS="100"
/>


<SITE  NAME="(101) Pacific Research Network Inc"    MNEMONIC="101"
ADDRESS="3003 4th Avenue"
COUNTRY="UNITED STATES"
PHONE="16192944302"
ALTPHONE="1"
FAX="1"
TIMEZONE="(UTC-08:00) Pacific Time (US &#38; Canada)"
SITEDATEFORMAT="DAY_MONTH_YEAR"
STARTDATE="04/12/2018"
STUDYLOCALE="en-US"
SVAUTOSELECTRATE="100"
SVFIRSTNSUBJECTS="100"
/>


<SITE  NAME="(118) Banner Alzheimers Institute"    MNEMONIC="118"
ADDRESS="901 East Willetta Street"
COUNTRY="UNITED STATES"
PHONE="16028299608"
ALTPHONE="1"
FAX="1"
TIMEZONE="(UTC-07:00) Mountain Time (US &#38; Canada)"
SITEDATEFORMAT="DAY_MONTH_YEAR"
STARTDATE="04/12/2018"
STUDYLOCALE="en-US"
SVAUTOSELECTRATE="100"
SVFIRSTNSUBJECTS="100"
/>


<SITE  NAME="(137) Center for Neurosciences"    MNEMONIC="137"
ADDRESS="2450 E River Road"
COUNTRY="UNITED STATES"
PHONE="15203202140"
ALTPHONE="1"
FAX="1"
TIMEZONE="(UTC-07:00) Mountain Time (US &#38; Canada)"
SITEDATEFORMAT="DAY_MONTH_YEAR"
STARTDATE="04/12/2018"
STUDYLOCALE="en-US"
SVAUTOSELECTRATE="100"
SVFIRSTNSUBJECTS="100"
/>


<SITE  NAME="(124) Rowe Neurology Institute"    MNEMONIC="124"
ADDRESS="8550 Marshall Drive"
ADDRESS2="Suite 100"
COUNTRY="UNITED STATES"
PHONE="19138941500"
ALTPHONE="1"
FAX="1"
TIMEZONE="(UTC-06:00) Central Time (US &#38; Canada)"
SITEDATEFORMAT="DAY_MONTH_YEAR"
STARTDATE="04/12/2018"
STUDYLOCALE="en-US"
SVAUTOSELECTRATE="100"
SVFIRSTNSUBJECTS="100"
/>


<SITE  NAME="(121) Alexian Brothers Medical Center - Neuroscience Research Institute"    MNEMONIC="121"
ADDRESS="Alexian Brothers Medical Center Brock 4007"
COUNTRY="UNITED STATES"
PHONE="18479813630"
ALTPHONE="1"
FAX="1"
TIMEZONE="(UTC-06:00) Central Time (US &#38; Canada)"
SITEDATEFORMAT="DAY_MONTH_YEAR"
STARTDATE="04/12/2018"
STUDYLOCALE="en-US"
SVAUTOSELECTRATE="100"
SVFIRSTNSUBJECTS="100"
/>


<SITE  NAME="(116) Neurology Consultants of Dallas - PA"    MNEMONIC="116"
ADDRESS="7515 Greenville Ave"
ADDRESS2="Suite 400"
COUNTRY="UNITED STATES"
PHONE="12147509977"
ALTPHONE="1"
FAX="1"
TIMEZONE="(UTC-06:00) Central Time (US &#38; Canada)"
SITEDATEFORMAT="DAY_MONTH_YEAR"
STARTDATE="04/12/2018"
STUDYLOCALE="en-US"
SVAUTOSELECTRATE="100"
SVFIRSTNSUBJECTS="100"
/>


<SITE  NAME="(109) Houston Methodist Department of Neurology"    MNEMONIC="109"
ADDRESS="6560 Fannin"
ADDRESS2="Suite 802"
COUNTRY="UNITED STATES"
PHONE="17134411150"
ALTPHONE="1"
FAX="1"
TIMEZONE="(UTC-06:00) Central Time (US &#38; Canada)"
SITEDATEFORMAT="DAY_MONTH_YEAR"
STARTDATE="04/12/2018"
STUDYLOCALE="en-US"
SVAUTOSELECTRATE="100"
SVFIRSTNSUBJECTS="100"
/>


<SITE  NAME="(117) Cotton O Neil Clinical Research Center a division of Stormont Vail Health"    MNEMONIC="117"
ADDRESS="823 Southwest Mulvane"
ADDRESS2="Suite 240"
COUNTRY="UNITED STATES"
PHONE="17853543680"
ALTPHONE="1"
FAX="1"
TIMEZONE="(UTC-06:00) Central Time (US &#38; Canada)"
SITEDATEFORMAT="DAY_MONTH_YEAR"
STARTDATE="04/12/2018"
STUDYLOCALE="en-US"
SVAUTOSELECTRATE="100"
SVFIRSTNSUBJECTS="100"
/>


<SITE  NAME="(147) Great Lakes Clinical Trials"    MNEMONIC="147"
ADDRESS="5149 N Ashland Ave"
COUNTRY="UNITED STATES"
PHONE="17732753500"
ALTPHONE="1"
FAX="1"
TIMEZONE="(UTC-06:00) Central Time (US &#38; Canada)"
SITEDATEFORMAT="DAY_MONTH_YEAR"
STARTDATE="04/12/2018"
STUDYLOCALE="en-US"
SVAUTOSELECTRATE="100"
SVFIRSTNSUBJECTS="100"
/>


<SITE  NAME="(142) Baylor AT and T Memory Center"    MNEMONIC="142"
ADDRESS="9101 N. Central Expressway"
ADDRESS2="Suite 230"
COUNTRY="UNITED STATES"
PHONE="12148207665"
ALTPHONE="1"
FAX="1"
TIMEZONE="(UTC-06:00) Central Time (US &#38; Canada)"
SITEDATEFORMAT="DAY_MONTH_YEAR"
STARTDATE="04/12/2018"
STUDYLOCALE="en-US"
SVAUTOSELECTRATE="100"
SVFIRSTNSUBJECTS="100"
/>


<SITE  NAME="(141) Clinical Research Professionals"    MNEMONIC="141"
ADDRESS="Number 7 The Pines Court"
ADDRESS2="Suite D"
COUNTRY="UNITED STATES"
PHONE="16362201200"
ALTPHONE="1"
FAX="1"
TIMEZONE="(UTC-06:00) Central Time (US &#38; Canada)"
SITEDATEFORMAT="DAY_MONTH_YEAR"
STARTDATE="04/12/2018"
STUDYLOCALE="en-US"
SVAUTOSELECTRATE="100"
SVFIRSTNSUBJECTS="100"
/>


<SITE  NAME="(106) Neuropsychiatric Research Center of Southwest Florida"    MNEMONIC="106"
ADDRESS="14271 Metropolis Ave"
ADDRESS2="Suite A"
COUNTRY="UNITED STATES"
PHONE="12399397777"
ALTPHONE="1"
FAX="1"
TIMEZONE="(UTC-05:00) Eastern Time (US &#38; Canada)"
SITEDATEFORMAT="DAY_MONTH_YEAR"
STARTDATE="04/12/2018"
STUDYLOCALE="en-US"
SVAUTOSELECTRATE="100"
SVFIRSTNSUBJECTS="100"
/>


<SITE  NAME="(135) Princeton Medical Institute"    MNEMONIC="135"
ADDRESS="256 Bunn Drive"
ADDRESS2="Suite 6"
COUNTRY="UNITED STATES"
PHONE="16099213555"
ALTPHONE="1"
FAX="1"
TIMEZONE="(UTC-05:00) Eastern Time (US &#38; Canada)"
SITEDATEFORMAT="DAY_MONTH_YEAR"
STARTDATE="04/12/2018"
STUDYLOCALE="en-US"
SVAUTOSELECTRATE="100"
SVFIRSTNSUBJECTS="100"
/>


<SITE  NAME="(133) Quantum Laboratories Inc"    MNEMONIC="133"
ADDRESS="North Broward Memory Disorders Center 201 Sample Road"
COUNTRY="UNITED STATES"
PHONE="19547867331"
ALTPHONE="1"
FAX="1"
TIMEZONE="(UTC-05:00) Eastern Time (US &#38; Canada)"
SITEDATEFORMAT="DAY_MONTH_YEAR"
STARTDATE="04/12/2018"
STUDYLOCALE="en-US"
SVAUTOSELECTRATE="100"
SVFIRSTNSUBJECTS="100"
/>


<SITE  NAME="(132) Infinity Clinical Research  LLC"    MNEMONIC="132"
ADDRESS="Research Headquarters 7369 Sheridan Street"
ADDRESS2="Suite 202"
COUNTRY="UNITED STATES"
PHONE="19546203340"
ALTPHONE="1"
FAX="1"
TIMEZONE="(UTC-05:00) Eastern Time (US &#38; Canada)"
SITEDATEFORMAT="DAY_MONTH_YEAR"
STARTDATE="04/12/2018"
STUDYLOCALE="en-US"
SVAUTOSELECTRATE="100"
SVFIRSTNSUBJECTS="100"
/>


<SITE  NAME="(131) Infinity Clinical Research  Inc"    MNEMONIC="131"
ADDRESS="3537 N Pine Island Rd"
COUNTRY="UNITED STATES"
PHONE="19544758171"
ALTPHONE="1"
FAX="1"
TIMEZONE="(UTC-05:00) Eastern Time (US &#38; Canada)"
SITEDATEFORMAT="DAY_MONTH_YEAR"
STARTDATE="04/12/2018"
STUDYLOCALE="en-US"
SVAUTOSELECTRATE="100"
SVFIRSTNSUBJECTS="100"
/>


<SITE  NAME="(130) Brain Matters Research"    MNEMONIC="130"
ADDRESS="800 NW 17th Ave"
COUNTRY="UNITED STATES"
PHONE="15613748461"
ALTPHONE="1"
FAX="1"
TIMEZONE="(UTC-05:00) Eastern Time (US &#38; Canada)"
SITEDATEFORMAT="DAY_MONTH_YEAR"
STARTDATE="04/12/2018"
STUDYLOCALE="en-US"
SVAUTOSELECTRATE="100"
SVFIRSTNSUBJECTS="100"
/>


<SITE  NAME="(129) Raleigh Neurology Associates P A"    MNEMONIC="129"
ADDRESS="1540 Sunday Dr"
COUNTRY="UNITED STATES"
PHONE="19197823456"
ALTPHONE="1"
FAX="1"
TIMEZONE="(UTC-05:00) Eastern Time (US &#38; Canada)"
SITEDATEFORMAT="DAY_MONTH_YEAR"
STARTDATE="04/12/2018"
STUDYLOCALE="en-US"
SVAUTOSELECTRATE="100"
SVFIRSTNSUBJECTS="100"
/>


<SITE  NAME="(128) The Cognitive Research Center of New Jersey LLC"    MNEMONIC="128"
ADDRESS="195 Mountain Ave"
COUNTRY="UNITED STATES"
PHONE="19738504622"
ALTPHONE="1"
FAX="1"
TIMEZONE="(UTC-05:00) Eastern Time (US &#38; Canada)"
SITEDATEFORMAT="DAY_MONTH_YEAR"
STARTDATE="04/12/2018"
STUDYLOCALE="en-US"
SVAUTOSELECTRATE="100"
SVFIRSTNSUBJECTS="100"
/>


<SITE  NAME="(127) ReCognition Health"    MNEMONIC="127"
ADDRESS="8316 Arlington Blvd"
ADDRESS2="Suite 420"
COUNTRY="UNITED STATES"
PHONE="17035058276"
ALTPHONE="1"
FAX="1"
TIMEZONE="(UTC-05:00) Eastern Time (US &#38; Canada)"
SITEDATEFORMAT="DAY_MONTH_YEAR"
STARTDATE="04/12/2018"
STUDYLOCALE="en-US"
SVAUTOSELECTRATE="100"
SVFIRSTNSUBJECTS="100"
/>


<SITE  NAME="(126) Lindner Clinical Trials Center"    MNEMONIC="126"
ADDRESS="2123 Auburn Avenue"
ADDRESS2="Suite 424"
COUNTRY="UNITED STATES"
PHONE="15135851777"
ALTPHONE="1"
FAX="1"
TIMEZONE="(UTC-05:00) Eastern Time (US &#38; Canada)"
SITEDATEFORMAT="DAY_MONTH_YEAR"
STARTDATE="04/12/2018"
STUDYLOCALE="en-US"
SVAUTOSELECTRATE="100"
SVFIRSTNSUBJECTS="100"
/>


<SITE  NAME="(123) VIN - Victor Faradji"    MNEMONIC="123"
ADDRESS="8940 North Kendall Drive"
ADDRESS2="Suite 802-E"
COUNTRY="UNITED STATES"
PHONE="13055954041"
ALTPHONE="1"
FAX="1"
TIMEZONE="(UTC-05:00) Eastern Time (US &#38; Canada)"
SITEDATEFORMAT="DAY_MONTH_YEAR"
STARTDATE="04/12/2018"
STUDYLOCALE="en-US"
SVAUTOSELECTRATE="100"
SVFIRSTNSUBJECTS="100"
/>


<SITE  NAME="(122) Tufts Medical Center"    MNEMONIC="122"
ADDRESS="Neurology Department Tufts Medical Center 800 Washington Street"
ADDRESS2="Box 314"
COUNTRY="UNITED STATES"
PHONE="16176365000"
ALTPHONE="1"
FAX="1"
TIMEZONE="(UTC-05:00) Eastern Time (US &#38; Canada)"
SITEDATEFORMAT="DAY_MONTH_YEAR"
STARTDATE="04/12/2018"
STUDYLOCALE="en-US"
SVAUTOSELECTRATE="100"
SVFIRSTNSUBJECTS="100"
/>


<SITE  NAME="(115) VIN-Julie Schwartzbard"    MNEMONIC="115"
ADDRESS="21000 NE 28th Avenue"
ADDRESS2="Suite 205"
COUNTRY="UNITED STATES"
PHONE="13059335993"
ALTPHONE="1"
FAX="1"
TIMEZONE="(UTC-05:00) Eastern Time (US &#38; Canada)"
SITEDATEFORMAT="DAY_MONTH_YEAR"
STARTDATE="04/12/2018"
STUDYLOCALE="en-US"
SVAUTOSELECTRATE="100"
SVFIRSTNSUBJECTS="100"
/>


<SITE  NAME="(114) JEM Research Institute"    MNEMONIC="114"
ADDRESS="130 JFK Drive"
ADDRESS2="Suite 203"
COUNTRY="UNITED STATES"
PHONE="15619682933"
ALTPHONE="1"
FAX="1"
TIMEZONE="(UTC-05:00) Eastern Time (US &#38; Canada)"
SITEDATEFORMAT="DAY_MONTH_YEAR"
STARTDATE="04/12/2018"
STUDYLOCALE="en-US"
SVAUTOSELECTRATE="100"
SVFIRSTNSUBJECTS="100"
/>


<SITE  NAME="(112) Renstar Medical Research"    MNEMONIC="112"
ADDRESS="21 NE 1st Avenue"
COUNTRY="UNITED STATES"
PHONE="13526295800"
ALTPHONE="1"
FAX="1"
TIMEZONE="(UTC-05:00) Eastern Time (US &#38; Canada)"
SITEDATEFORMAT="DAY_MONTH_YEAR"
STARTDATE="04/12/2018"
STUDYLOCALE="en-US"
SVAUTOSELECTRATE="100"
SVFIRSTNSUBJECTS="100"
/>


<SITE  NAME="(111) Butler Hospital"    MNEMONIC="111"
ADDRESS="345 Blackstone Blvd"
COUNTRY="UNITED STATES"
PHONE="14014556403"
ALTPHONE="1"
FAX="1"
TIMEZONE="(UTC-05:00) Eastern Time (US &#38; Canada)"
SITEDATEFORMAT="DAY_MONTH_YEAR"
STARTDATE="04/12/2018"
STUDYLOCALE="en-US"
SVAUTOSELECTRATE="100"
SVFIRSTNSUBJECTS="100"
/>


<SITE  NAME="(110) Bioclinica Research"    MNEMONIC="110"
ADDRESS="100 West Gore Street"
ADDRESS2="Suite 202"
COUNTRY="UNITED STATES"
PHONE="14072101320"
ALTPHONE="1"
FAX="1"
TIMEZONE="(UTC-05:00) Eastern Time (US &#38; Canada)"
SITEDATEFORMAT="DAY_MONTH_YEAR"
STARTDATE="04/12/2018"
STUDYLOCALE="en-US"
SVAUTOSELECTRATE="100"
SVFIRSTNSUBJECTS="100"
/>


<SITE  NAME="(107) The Memory Clinic - Vermont"    MNEMONIC="107"
ADDRESS="357 Shields Drive"
COUNTRY="UNITED STATES"
PHONE="18024471409"
ALTPHONE="1"
FAX="1"
TIMEZONE="(UTC-05:00) Eastern Time (US &#38; Canada)"
SITEDATEFORMAT="DAY_MONTH_YEAR"
STARTDATE="04/12/2018"
STUDYLOCALE="en-US"
SVAUTOSELECTRATE="100"
SVFIRSTNSUBJECTS="100"
/>


<SITE  NAME="(140) Advanced Memory Research Institute of NJ"    MNEMONIC="140"
ADDRESS="9 Mule Road"
ADDRESS2="Suite E-8 and 9"
COUNTRY="UNITED STATES"
PHONE="17323419500"
ALTPHONE="1"
FAX="1"
TIMEZONE="(UTC-05:00) Eastern Time (US &#38; Canada)"
SITEDATEFORMAT="DAY_MONTH_YEAR"
STARTDATE="04/12/2018"
STUDYLOCALE="en-US"
SVAUTOSELECTRATE="100"
SVFIRSTNSUBJECTS="100"
/>


<SITE  NAME="(136) Pharma Site Research Inc"    MNEMONIC="136"
ADDRESS="1314 Bedford Avenue Suite 205"
ADDRESS2="Suite 205"
COUNTRY="UNITED STATES"
PHONE="14106021440"
ALTPHONE="1"
FAX="1"
TIMEZONE="(UTC-05:00) Eastern Time (US &#38; Canada)"
SITEDATEFORMAT="DAY_MONTH_YEAR"
STARTDATE="04/12/2018"
STUDYLOCALE="en-US"
SVAUTOSELECTRATE="100"
SVFIRSTNSUBJECTS="100"
/>


<SITE  NAME="(134) Suburban Research Associates"    MNEMONIC="134"
ADDRESS="107 Chesley Drive"
ADDRESS2="Unit 4"
COUNTRY="UNITED STATES"
PHONE="16108919024"
ALTPHONE="1"
FAX="1"
TIMEZONE="(UTC-05:00) Eastern Time (US &#38; Canada)"
SITEDATEFORMAT="DAY_MONTH_YEAR"
STARTDATE="04/12/2018"
STUDYLOCALE="en-US"
SVAUTOSELECTRATE="100"
SVFIRSTNSUBJECTS="100"
/>


<SITE  NAME="(120) New England Institute for Neurology and Headache"    MNEMONIC="120"
ADDRESS="30 Buxton Farm Road"
ADDRESS2="Suite 230"
COUNTRY="UNITED STATES"
PHONE="12039141903"
ALTPHONE="1"
FAX="1"
TIMEZONE="(UTC-05:00) Eastern Time (US &#38; Canada)"
SITEDATEFORMAT="DAY_MONTH_YEAR"
STARTDATE="04/12/2018"
STUDYLOCALE="en-US"
SVAUTOSELECTRATE="100"
SVFIRSTNSUBJECTS="100"
/>


<SITE  NAME="(119) Josephson Wallack Munshower Neurology PC"    MNEMONIC="119"
ADDRESS="7250 Clearvista Drive"
ADDRESS2="Suite 225"
COUNTRY="UNITED STATES"
PHONE="13175376060"
ALTPHONE="1"
FAX="1"
TIMEZONE="(UTC-05:00) Eastern Time (US &#38; Canada)"
SITEDATEFORMAT="DAY_MONTH_YEAR"
STARTDATE="04/12/2018"
STUDYLOCALE="en-US"
SVAUTOSELECTRATE="100"
SVFIRSTNSUBJECTS="100"
/>


<SITE  NAME="(148) Progressive Medical Research"    MNEMONIC="148"
ADDRESS="5111 S. Ridgewood Ave"
ADDRESS2="Suite 301"
COUNTRY="UNITED STATES"
PHONE="13863047070"
ALTPHONE="1"
FAX="1"
TIMEZONE="(UTC-05:00) Eastern Time (US &#38; Canada)"
SITEDATEFORMAT="DAY_MONTH_YEAR"
STARTDATE="04/12/2018"
STUDYLOCALE="en-US"
SVAUTOSELECTRATE="100"
SVFIRSTNSUBJECTS="100"
/>


<SITE  NAME="(146) University of Cincinnati Health"    MNEMONIC="146"
ADDRESS="1 Elizabeth Place"
COUNTRY="UNITED STATES"
PHONE="19374950000"
ALTPHONE="1"
FAX="1"
TIMEZONE="(UTC-05:00) Eastern Time (US &#38; Canada)"
SITEDATEFORMAT="DAY_MONTH_YEAR"
STARTDATE="04/12/2018"
STUDYLOCALE="en-US"
SVAUTOSELECTRATE="100"
SVFIRSTNSUBJECTS="100"
/>


<SITE  NAME="(143) Columbus Memory Center - Medical Research and Health Education Foundation"    MNEMONIC="143"
ADDRESS="7196 N. Lake Drive"
ADDRESS2="Suite A"
COUNTRY="UNITED STATES"
PHONE="17.06654e+009"
ALTPHONE="1"
FAX="1"
TIMEZONE="(UTC-05:00) Eastern Time (US &#38; Canada)"
SITEDATEFORMAT="DAY_MONTH_YEAR"
STARTDATE="04/12/2018"
STUDYLOCALE="en-US"
SVAUTOSELECTRATE="100"
SVFIRSTNSUBJECTS="100"
/>


<SITE  NAME="(139) Boston Center for Memory"    MNEMONIC="139"
ADDRESS="180 Wells Ave"
ADDRESS2="Suite 304"
COUNTRY="UNITED STATES"
PHONE="16176996927"
ALTPHONE="1"
FAX="1"
TIMEZONE="(UTC-05:00) Eastern Time (US &#38; Canada)"
SITEDATEFORMAT="DAY_MONTH_YEAR"
STARTDATE="04/12/2018"
STUDYLOCALE="en-US"
SVAUTOSELECTRATE="100"
SVFIRSTNSUBJECTS="100"
/>


<SITE  NAME="(138) Ohio State University Medical Center - Department of Cognitive Neurology"    MNEMONIC="138"
ADDRESS="395 West 12th Avenue 7th Floor"
COUNTRY="UNITED STATES"
PHONE="16142938652"
ALTPHONE="1"
FAX="1"
TIMEZONE="(UTC-05:00) Eastern Time (US &#38; Canada)"
SITEDATEFORMAT="DAY_MONTH_YEAR"
STARTDATE="04/12/2018"
STUDYLOCALE="en-US"
SVAUTOSELECTRATE="100"
SVFIRSTNSUBJECTS="100"
/>


<SITE  NAME="(105) PMG Research of Winston-Salem"    MNEMONIC="105"
ADDRESS="145 Kimel Park Drive"
ADDRESS2="Suite 100"
COUNTRY="UNITED STATES"
PHONE="13367688062"
ALTPHONE="1"
FAX="1"
TIMEZONE="(UTC-05:00) Eastern Time (US &#38; Canada)"
SITEDATEFORMAT="DAY_MONTH_YEAR"
STARTDATE="04/12/2018"
STUDYLOCALE="en-US"
SVAUTOSELECTRATE="100"
SVFIRSTNSUBJECTS="100"
/>


<SITE  NAME="(100) Lehigh Center for Clinical Research"    MNEMONIC="100"
ADDRESS="401 North 17th Street"
ADDRESS2="Suite 207"
COUNTRY="UNITED STATES"
PHONE="16108200342"
ALTPHONE="1"
FAX="1"
TIMEZONE="(UTC-05:00) Eastern Time (US &#38; Canada)"
SITEDATEFORMAT="DAY_MONTH_YEAR"
STARTDATE="04/12/2018"
STUDYLOCALE="en-US"
SVAUTOSELECTRATE="100"
SVFIRSTNSUBJECTS="100"
/>


</MEDMLDATA>