<?xml version="1.0"?>
<MEDMLDATA xmlns="PhaseForward-MedML-Inform4">


<REPORTINGGROUP
GROUPNAME="Ad Hoc Users"
GROUPDESCRIPTION="Users who have access to Ad Hoc Reporting">
<!-- Insert Users -->
<USERREF USERNAME="i8gmclmdc_RE"/>
</REPORTINGGROUP>

<QUERYGROUP
GROUPNAME="CDM_CRA Query"
GROUPDESCRIPTION="CDM_CRA Query">
<!-- Insert Users -->
<USERREF USERNAME="autoquery"/>
<USERREF USERNAME="Z1X1819"/>
<USERREF USERNAME="Z2X2461"/>
<USERREF USERNAME="C252451"/>
<USERREF USERNAME="C243740"/>
<USERREF USERNAME="C241301"/>
<USERREF USERNAME="C229508"/>
<USERREF USERNAME="c235318"/>
<USERREF USERNAME="C227019"/>
<USERREF USERNAME="Z1X2688"/>
<USERREF USERNAME="C217445"/>
<USERREF USERNAME="Z3X1553"/>
<USERREF USERNAME="C224310"/>
<USERREF USERNAME="C224867"/>
<USERREF USERNAME="C230210"/>
<USERREF USERNAME="C239135"/>
<USERREF USERNAME="C240719"/>
<USERREF USERNAME="C243003"/>
<USERREF USERNAME="C243497"/>
<USERREF USERNAME="C257170"/>
<USERREF USERNAME="C261407"/>
<USERREF USERNAME="Z1X0687"/>
<USERREF USERNAME="Z1X0699"/>
<USERREF USERNAME="Z2X7245"/>
<USERREF USERNAME="C234576"/>
<USERREF USERNAME="C240204"/>
<USERREF USERNAME="C230206"/>
<USERREF USERNAME="Z1X2750"/>
<USERREF USERNAME="C228305"/>
<USERREF USERNAME="Z2X6670"/>
<USERREF USERNAME="C232423"/>
<USERREF USERNAME="C230549"/>
<USERREF USERNAME="Z1X1826"/>
<USERREF USERNAME="C243488"/>
<USERREF USERNAME="C222557"/>
<USERREF USERNAME="C225835"/>
<USERREF USERNAME="C235968"/>
<USERREF USERNAME="C243001"/>
<USERREF USERNAME="C232284"/>
<USERREF USERNAME="C232280"/>
<USERREF USERNAME="Z1X0689"/>
<USERREF USERNAME="C233004"/>
<USERREF USERNAME="C234577"/>
<USERREF USERNAME="C242363"/>
<USERREF USERNAME="C198899"/>
<USERREF USERNAME="c232958"/>
<USERREF USERNAME="C242122"/>
<USERREF USERNAME="c244597"/>
<USERREF USERNAME="C214647"/>
</QUERYGROUP>

<QUERYGROUP
GROUPNAME="Coding Query Group"
GROUPDESCRIPTION="Coding Query Group">
<!-- Insert Users -->
<USERREF USERNAME="coder_query"/>
</QUERYGROUP>

<QUERYGROUP
GROUPNAME="GPS_Query"
GROUPDESCRIPTION="GPS_Query">
<!-- Insert Users -->
<USERREF USERNAME="c131994"/>
<USERREF USERNAME="c243031"/>
<USERREF USERNAME="c227370"/>
<USERREF USERNAME="c243048"/>
<USERREF USERNAME="rm87794"/>
<USERREF USERNAME="c199642"/>
<USERREF USERNAME="rm89018"/>
<USERREF USERNAME="c074429"/>
<USERREF USERNAME="c228247"/>
<USERREF USERNAME="c060736"/>
<USERREF USERNAME="c058698"/>
<USERREF USERNAME="u7X4333"/>
<USERREF USERNAME="c075541"/>
<USERREF USERNAME="a701824"/>
<USERREF USERNAME="a608760"/>
<USERREF USERNAME="c189327"/>
<USERREF USERNAME="yex8021"/>
<USERREF USERNAME="c083101"/>
<USERREF USERNAME="c249923"/>
<USERREF USERNAME="u6x6712"/>
<USERREF USERNAME="v6x8058"/>
<USERREF USERNAME="c039853"/>
<USERREF USERNAME="c068502"/>
<USERREF USERNAME="c074090"/>
<USERREF USERNAME="c068505"/>
<USERREF USERNAME="c228246"/>
<USERREF USERNAME="c228248"/>
<USERREF USERNAME="c149470"/>
<USERREF USERNAME="c196683"/>
<USERREF USERNAME="c194055"/>
<USERREF USERNAME="rm37825"/>
<USERREF USERNAME="yex7972"/>
<USERREF USERNAME="yex7231"/>
<USERREF USERNAME="v6x8356"/>
<USERREF USERNAME="c025980"/>
<USERREF USERNAME="c039863"/>
<USERREF USERNAME="C228250"/>
<USERREF USERNAME="C243050"/>
<USERREF USERNAME="c219898"/>
<USERREF USERNAME="ye73456"/>
<USERREF USERNAME="c206388"/>
<USERREF USERNAME="c244714"/>
<USERREF USERNAME="c069132"/>
<USERREF USERNAME="c243030"/>
<USERREF USERNAME="c143125"/>
<USERREF USERNAME="a015765"/>
<USERREF USERNAME="c076423"/>
<USERREF USERNAME="c100415"/>
<USERREF USERNAME="c196248"/>
<USERREF USERNAME="c021984"/>
<USERREF USERNAME="ye91098"/>
<USERREF USERNAME="c223292"/>
<USERREF USERNAME="yex7614"/>
<USERREF USERNAME="c137396"/>
<USERREF USERNAME="c244333"/>
<USERREF USERNAME="C257193"/>
<USERREF USERNAME="c257194"/>
<USERREF USERNAME="c225389"/>
<USERREF USERNAME="c243054"/>
<USERREF USERNAME="c247616"/>
<USERREF USERNAME="c071673"/>
<USERREF USERNAME="C249885"/>
<USERREF USERNAME="c202987"/>
<USERREF USERNAME="c203058"/>
<USERREF USERNAME="c148827"/>
<USERREF USERNAME="c228249"/>
<USERREF USERNAME="c206591"/>
<USERREF USERNAME="c090108"/>
<USERREF USERNAME="c135748"/>
<USERREF USERNAME="c257195"/>
<USERREF USERNAME="c243032"/>
<USERREF USERNAME="c243049"/>
<USERREF USERNAME="c257199"/>
<USERREF USERNAME="yex7750"/>
<USERREF USERNAME="c085302"/>
<USERREF USERNAME="c149066"/>
<USERREF USERNAME="yex7920"/>
<USERREF USERNAME="c074342"/>
<USERREF USERNAME="c252078"/>
<USERREF USERNAME="c149177"/>
<USERREF USERNAME="rm35504"/>
</QUERYGROUP>

<SIGNATUREGROUP
GROUPNAME="PI Signature"
GROUPDESCRIPTION="PI Signature"
CRBMEANING="Approved"

CRBTEXT="By my dated signature below, I  %s  %s, verify that all case report form pages accurately display the results of the examinations, tests, evaluations and treatments performed on this patient.&lt;BR&gt;&lt;BR&gt;Pursuant to Section 11.100 of Title 21 of the Code of Federal Regulations, this is to certify that I intend that this electronic signature is to be the legally binding equivalent of my handwritten signature. &lt;BR&gt;&lt;BR&gt;To this I do attest by supplying my user name and password and clicking the button marked &lt;B&gt;Submit&lt;/B&gt; below"
 LANGUAGE="en-US">
<!-- Insert Users -->
<USERREF USERNAME="pgross"/>
<USERREF USERNAME="dgrosz"/>
<USERREF USERNAME="elee"/>
<USERREF USERNAME="mpapka"/>
<USERREF USERNAME="psolomon"/>
<USERREF USERNAME="cpadilla"/>
<USERREF USERNAME="lgoldstick"/>
<USERREF USERNAME="sthein"/>
<USERREF USERNAME="danderson"/>
<USERREF USERNAME="igoodman"/>
<USERREF USERNAME="jnardandrea"/>
<USERREF USERNAME="jschwartzbard"/>
<USERREF USERNAME="wburke"/>
<USERREF USERNAME="kgeorge"/>
<USERREF USERNAME="jbicksel"/>
<USERREF USERNAME="rsinger"/>
<USERREF USERNAME="hschwartz"/>
<USERREF USERNAME="japter"/>
<USERREF USERNAME="ajonas"/>
<USERREF USERNAME="dscharre"/>
<USERREF USERNAME="ssharma"/>
<USERREF USERNAME="scohen"/>
<USERREF USERNAME="drosenberg"/>
</SIGNATUREGROUP>

<REPORTINGGROUP
GROUPNAME="Publishers"
GROUPDESCRIPTION="Users who can create folders and other content within the Public Folder space">
<!-- Insert Users -->
<USERREF USERNAME="i8gmclmdc_RE"/>
</REPORTINGGROUP>

<REPORTINGGROUP
GROUPNAME="Site Users"
GROUPDESCRIPTION="Site Users">
<!-- Insert Users -->
<USERREF USERNAME="lzusevics"/>
<USERREF USERNAME="avasquez"/>
<USERREF USERNAME="pgross"/>
<USERREF USERNAME="lbisesi"/>
<USERREF USERNAME="dgrosz"/>
<USERREF USERNAME="elee"/>
<USERREF USERNAME="gvalentin"/>
<USERREF USERNAME="sgans"/>
<USERREF USERNAME="scone"/>
<USERREF USERNAME="twilliams"/>
<USERREF USERNAME="mpapka"/>
<USERREF USERNAME="aaraujo"/>
<USERREF USERNAME="jriveros"/>
<USERREF USERNAME="psolomon"/>
<USERREF USERNAME="cpadilla"/>
<USERREF USERNAME="lgoldstick"/>
<USERREF USERNAME="hvreeland"/>
<USERREF USERNAME="sthein"/>
<USERREF USERNAME="jmorrissey"/>
<USERREF USERNAME="tparnitvithikul"/>
<USERREF USERNAME="chatch"/>
<USERREF USERNAME="danderson"/>
<USERREF USERNAME="jgarrett"/>
<USERREF USERNAME="igoodman"/>
<USERREF USERNAME="jnardandrea"/>
<USERREF USERNAME="lsorrentino"/>
<USERREF USERNAME="mkoestler"/>
<USERREF USERNAME="mdaggerhart"/>
<USERREF USERNAME="jpalmquist"/>
<USERREF USERNAME="jschwartzbard"/>
<USERREF USERNAME="wburke"/>
<USERREF USERNAME="kgeorge"/>
<USERREF USERNAME="troot"/>
<USERREF USERNAME="jbicksel"/>
<USERREF USERNAME="kdoshi"/>
<USERREF USERNAME="jblasi"/>
<USERREF USERNAME="rsinger"/>
<USERREF USERNAME="hschwartz"/>
<USERREF USERNAME="japter"/>
<USERREF USERNAME="ccoogan"/>
<USERREF USERNAME="ajonas"/>
<USERREF USERNAME="dscharre"/>
<USERREF USERNAME="plevin"/>
<USERREF USERNAME="ssharma"/>
<USERREF USERNAME="arumfelt"/>
<USERREF USERNAME="bvilayvanh"/>
<USERREF USERNAME="strudel"/>
<USERREF USERNAME="mhenry"/>
<USERREF USERNAME="awalton"/>
<USERREF USERNAME="smaldonado"/>
<USERREF USERNAME="scohen"/>
<USERREF USERNAME="lstlaurent"/>
<USERREF USERNAME="drosenberg"/>
<USERREF USERNAME="hking"/>
</REPORTINGGROUP>

<REPORTINGGROUP
GROUPNAME="Sponsor Users"
GROUPDESCRIPTION="Sponsor Users">
<!-- Insert Users -->
<USERREF USERNAME="i8gmclmdc_RE"/>
<USERREF USERNAME="Z1X1819"/>
<USERREF USERNAME="C252451"/>
<USERREF USERNAME="C243740"/>
<USERREF USERNAME="C241301"/>
<USERREF USERNAME="C229508"/>
<USERREF USERNAME="c235318"/>
<USERREF USERNAME="C227019"/>
<USERREF USERNAME="Z1X2688"/>
<USERREF USERNAME="C217445"/>
<USERREF USERNAME="c083101"/>
<USERREF USERNAME="Z3X1553"/>
<USERREF USERNAME="C224310"/>
<USERREF USERNAME="C224867"/>
<USERREF USERNAME="C230210"/>
<USERREF USERNAME="C239135"/>
<USERREF USERNAME="C240719"/>
<USERREF USERNAME="C243003"/>
<USERREF USERNAME="C243497"/>
<USERREF USERNAME="C257170"/>
<USERREF USERNAME="C261407"/>
<USERREF USERNAME="Z1X0687"/>
<USERREF USERNAME="Z1X0699"/>
<USERREF USERNAME="Z2X7245"/>
<USERREF USERNAME="u9x9299"/>
<USERREF USERNAME="C234576"/>
<USERREF USERNAME="C240204"/>
<USERREF USERNAME="C230206"/>
<USERREF USERNAME="Z1X2750"/>
<USERREF USERNAME="C228305"/>
<USERREF USERNAME="Z2X6670"/>
<USERREF USERNAME="C232423"/>
<USERREF USERNAME="C230549"/>
<USERREF USERNAME="Z1X1826"/>
<USERREF USERNAME="C243488"/>
<USERREF USERNAME="C222557"/>
<USERREF USERNAME="C225835"/>
<USERREF USERNAME="C235968"/>
<USERREF USERNAME="C243001"/>
<USERREF USERNAME="C232284"/>
<USERREF USERNAME="C232280"/>
<USERREF USERNAME="Z1X0689"/>
<USERREF USERNAME="c249923"/>
<USERREF USERNAME="u6x6712"/>
<USERREF USERNAME="v6x8058"/>
<USERREF USERNAME="c039853"/>
<USERREF USERNAME="c068502"/>
<USERREF USERNAME="c074090"/>
<USERREF USERNAME="c068505"/>
<USERREF USERNAME="c228246"/>
<USERREF USERNAME="c228248"/>
<USERREF USERNAME="c149470"/>
<USERREF USERNAME="c196683"/>
<USERREF USERNAME="c194055"/>
<USERREF USERNAME="rm37825"/>
<USERREF USERNAME="yex7972"/>
<USERREF USERNAME="yex7231"/>
<USERREF USERNAME="v6x8356"/>
<USERREF USERNAME="c025980"/>
<USERREF USERNAME="c039863"/>
<USERREF USERNAME="C228250"/>
<USERREF USERNAME="C243050"/>
<USERREF USERNAME="c219898"/>
<USERREF USERNAME="ye73456"/>
<USERREF USERNAME="c206388"/>
<USERREF USERNAME="c244714"/>
<USERREF USERNAME="c069132"/>
<USERREF USERNAME="c243030"/>
<USERREF USERNAME="c143125"/>
<USERREF USERNAME="a015765"/>
<USERREF USERNAME="c076423"/>
<USERREF USERNAME="c100415"/>
<USERREF USERNAME="c196248"/>
<USERREF USERNAME="c021984"/>
<USERREF USERNAME="ye91098"/>
<USERREF USERNAME="c223292"/>
<USERREF USERNAME="yex7614"/>
<USERREF USERNAME="c137396"/>
<USERREF USERNAME="c244333"/>
<USERREF USERNAME="C257193"/>
<USERREF USERNAME="c257194"/>
<USERREF USERNAME="c225389"/>
<USERREF USERNAME="c243054"/>
<USERREF USERNAME="c247616"/>
<USERREF USERNAME="c071673"/>
<USERREF USERNAME="C249885"/>
<USERREF USERNAME="c202987"/>
<USERREF USERNAME="c203058"/>
<USERREF USERNAME="c148827"/>
<USERREF USERNAME="c228249"/>
<USERREF USERNAME="c206591"/>
<USERREF USERNAME="c090108"/>
<USERREF USERNAME="c135748"/>
<USERREF USERNAME="c257195"/>
<USERREF USERNAME="c243032"/>
<USERREF USERNAME="c243049"/>
<USERREF USERNAME="c257199"/>
<USERREF USERNAME="yex7750"/>
<USERREF USERNAME="c085302"/>
<USERREF USERNAME="c149066"/>
<USERREF USERNAME="yex7920"/>
<USERREF USERNAME="c074342"/>
<USERREF USERNAME="c252078"/>
<USERREF USERNAME="c149177"/>
<USERREF USERNAME="rm35504"/>
<USERREF USERNAME="c131994"/>
<USERREF USERNAME="c243031"/>
<USERREF USERNAME="c227370"/>
<USERREF USERNAME="c243048"/>
<USERREF USERNAME="rm87794"/>
<USERREF USERNAME="C233004"/>
<USERREF USERNAME="c199642"/>
<USERREF USERNAME="rm89018"/>
<USERREF USERNAME="c074429"/>
<USERREF USERNAME="C234577"/>
<USERREF USERNAME="C242363"/>
<USERREF USERNAME="C198899"/>
<USERREF USERNAME="c228247"/>
<USERREF USERNAME="c060736"/>
<USERREF USERNAME="c232958"/>
<USERREF USERNAME="C242122"/>
<USERREF USERNAME="c244597"/>
<USERREF USERNAME="C214647"/>
<USERREF USERNAME="c058698"/>
<USERREF USERNAME="u7X4333"/>
<USERREF USERNAME="coder_query"/>
<USERREF USERNAME="odm_user"/>
<USERREF USERNAME="c075541"/>
<USERREF USERNAME="a701824"/>
<USERREF USERNAME="a608760"/>
<USERREF USERNAME="c189327"/>
<USERREF USERNAME="yex8021"/>
<USERREF USERNAME="c158128"/>
<USERREF USERNAME="c189509"/>
<USERREF USERNAME="Z2X2461"/>
</REPORTINGGROUP>

<REPORTINGGROUP
GROUPNAME="User Admin Info Data Users"
GROUPDESCRIPTION="Users who have access to user data including password related data">
<!-- Insert Users -->
<USERREF USERNAME="rm87794"/>
<USERREF USERNAME="C233004"/>
<USERREF USERNAME="c199642"/>
<USERREF USERNAME="rm89018"/>
<USERREF USERNAME="c074429"/>
<USERREF USERNAME="C234577"/>
<USERREF USERNAME="C242363"/>
<USERREF USERNAME="C198899"/>
<USERREF USERNAME="c228247"/>
<USERREF USERNAME="c060736"/>
<USERREF USERNAME="c232958"/>
<USERREF USERNAME="C242122"/>
<USERREF USERNAME="c244597"/>
<USERREF USERNAME="C214647"/>
<USERREF USERNAME="c058698"/>
<USERREF USERNAME="u7X4333"/>
<USERREF USERNAME="c075541"/>
<USERREF USERNAME="a701824"/>
<USERREF USERNAME="a608760"/>
<USERREF USERNAME="c189327"/>
<USERREF USERNAME="yex8021"/>
<USERREF USERNAME="Z2X2461"/>
<USERREF USERNAME="c039853"/>
<USERREF USERNAME="c068502"/>
<USERREF USERNAME="c074090"/>
<USERREF USERNAME="c068505"/>
<USERREF USERNAME="c228246"/>
<USERREF USERNAME="c228248"/>
<USERREF USERNAME="c149470"/>
<USERREF USERNAME="c196683"/>
<USERREF USERNAME="c194055"/>
<USERREF USERNAME="rm37825"/>
<USERREF USERNAME="yex7972"/>
<USERREF USERNAME="yex7231"/>
<USERREF USERNAME="v6x8356"/>
<USERREF USERNAME="c025980"/>
<USERREF USERNAME="c039863"/>
<USERREF USERNAME="C228250"/>
<USERREF USERNAME="C243050"/>
<USERREF USERNAME="c219898"/>
<USERREF USERNAME="ye73456"/>
<USERREF USERNAME="c206388"/>
<USERREF USERNAME="c244714"/>
<USERREF USERNAME="c069132"/>
<USERREF USERNAME="c243030"/>
<USERREF USERNAME="c143125"/>
<USERREF USERNAME="a015765"/>
<USERREF USERNAME="c076423"/>
<USERREF USERNAME="c100415"/>
<USERREF USERNAME="c196248"/>
<USERREF USERNAME="c021984"/>
<USERREF USERNAME="ye91098"/>
<USERREF USERNAME="c223292"/>
<USERREF USERNAME="yex7614"/>
<USERREF USERNAME="c137396"/>
<USERREF USERNAME="c244333"/>
<USERREF USERNAME="C257193"/>
<USERREF USERNAME="c257194"/>
<USERREF USERNAME="c225389"/>
<USERREF USERNAME="c243054"/>
<USERREF USERNAME="c247616"/>
<USERREF USERNAME="c071673"/>
<USERREF USERNAME="C249885"/>
<USERREF USERNAME="c202987"/>
<USERREF USERNAME="c203058"/>
<USERREF USERNAME="c148827"/>
<USERREF USERNAME="c228249"/>
<USERREF USERNAME="c206591"/>
<USERREF USERNAME="c090108"/>
<USERREF USERNAME="c135748"/>
<USERREF USERNAME="c257195"/>
<USERREF USERNAME="c243032"/>
<USERREF USERNAME="c243049"/>
<USERREF USERNAME="c257199"/>
<USERREF USERNAME="yex7750"/>
<USERREF USERNAME="c085302"/>
<USERREF USERNAME="c149066"/>
<USERREF USERNAME="yex7920"/>
<USERREF USERNAME="c074342"/>
<USERREF USERNAME="c252078"/>
<USERREF USERNAME="c149177"/>
<USERREF USERNAME="rm35504"/>
<USERREF USERNAME="c131994"/>
<USERREF USERNAME="c243031"/>
<USERREF USERNAME="c227370"/>
<USERREF USERNAME="c243048"/>
<USERREF USERNAME="i8gmclmdc_RE"/>
<USERREF USERNAME="Z1X1819"/>
<USERREF USERNAME="C252451"/>
<USERREF USERNAME="C243740"/>
<USERREF USERNAME="C241301"/>
<USERREF USERNAME="C229508"/>
<USERREF USERNAME="c235318"/>
<USERREF USERNAME="C227019"/>
<USERREF USERNAME="Z1X2688"/>
<USERREF USERNAME="C217445"/>
<USERREF USERNAME="c083101"/>
<USERREF USERNAME="Z3X1553"/>
<USERREF USERNAME="C224310"/>
<USERREF USERNAME="C224867"/>
<USERREF USERNAME="C230210"/>
<USERREF USERNAME="C239135"/>
<USERREF USERNAME="C240719"/>
<USERREF USERNAME="C243003"/>
<USERREF USERNAME="C243497"/>
<USERREF USERNAME="C257170"/>
<USERREF USERNAME="C261407"/>
<USERREF USERNAME="Z1X0687"/>
<USERREF USERNAME="Z1X0699"/>
<USERREF USERNAME="Z2X7245"/>
<USERREF USERNAME="C234576"/>
<USERREF USERNAME="C240204"/>
<USERREF USERNAME="C230206"/>
<USERREF USERNAME="Z1X2750"/>
<USERREF USERNAME="C228305"/>
<USERREF USERNAME="Z2X6670"/>
<USERREF USERNAME="C232423"/>
<USERREF USERNAME="C230549"/>
<USERREF USERNAME="Z1X1826"/>
<USERREF USERNAME="C243488"/>
<USERREF USERNAME="C222557"/>
<USERREF USERNAME="C225835"/>
<USERREF USERNAME="C235968"/>
<USERREF USERNAME="C243001"/>
<USERREF USERNAME="C232284"/>
<USERREF USERNAME="C232280"/>
<USERREF USERNAME="Z1X0689"/>
<USERREF USERNAME="c249923"/>
<USERREF USERNAME="u6x6712"/>
<USERREF USERNAME="v6x8058"/>
</REPORTINGGROUP>

<REPORTINGGROUP
GROUPNAME="User Info Data Users"
GROUPDESCRIPTION="Users who have access to user data except password related data">
<!-- Insert Users -->
<USERREF USERNAME="c071673"/>
<USERREF USERNAME="C249885"/>
<USERREF USERNAME="c202987"/>
<USERREF USERNAME="c203058"/>
<USERREF USERNAME="c148827"/>
<USERREF USERNAME="c228249"/>
<USERREF USERNAME="c206591"/>
<USERREF USERNAME="c090108"/>
<USERREF USERNAME="c135748"/>
<USERREF USERNAME="c257195"/>
<USERREF USERNAME="c243032"/>
<USERREF USERNAME="c243049"/>
<USERREF USERNAME="c257199"/>
<USERREF USERNAME="yex7750"/>
<USERREF USERNAME="c085302"/>
<USERREF USERNAME="c149066"/>
<USERREF USERNAME="yex7920"/>
<USERREF USERNAME="c074342"/>
<USERREF USERNAME="c252078"/>
<USERREF USERNAME="c149177"/>
<USERREF USERNAME="rm35504"/>
<USERREF USERNAME="c131994"/>
<USERREF USERNAME="c243031"/>
<USERREF USERNAME="c227370"/>
<USERREF USERNAME="c243048"/>
<USERREF USERNAME="rm87794"/>
<USERREF USERNAME="c199642"/>
<USERREF USERNAME="rm89018"/>
<USERREF USERNAME="c074429"/>
<USERREF USERNAME="c228247"/>
<USERREF USERNAME="c060736"/>
<USERREF USERNAME="c058698"/>
<USERREF USERNAME="u7X4333"/>
<USERREF USERNAME="c075541"/>
<USERREF USERNAME="a701824"/>
<USERREF USERNAME="a608760"/>
<USERREF USERNAME="c189327"/>
<USERREF USERNAME="yex8021"/>
<USERREF USERNAME="c158128"/>
<USERREF USERNAME="c189509"/>
<USERREF USERNAME="c083101"/>
<USERREF USERNAME="u9x9299"/>
<USERREF USERNAME="c249923"/>
<USERREF USERNAME="u6x6712"/>
<USERREF USERNAME="v6x8058"/>
<USERREF USERNAME="c039853"/>
<USERREF USERNAME="c068502"/>
<USERREF USERNAME="c074090"/>
<USERREF USERNAME="c068505"/>
<USERREF USERNAME="c228246"/>
<USERREF USERNAME="c228248"/>
<USERREF USERNAME="c149470"/>
<USERREF USERNAME="c196683"/>
<USERREF USERNAME="c194055"/>
<USERREF USERNAME="rm37825"/>
<USERREF USERNAME="yex7972"/>
<USERREF USERNAME="yex7231"/>
<USERREF USERNAME="v6x8356"/>
<USERREF USERNAME="c025980"/>
<USERREF USERNAME="c039863"/>
<USERREF USERNAME="C228250"/>
<USERREF USERNAME="C243050"/>
<USERREF USERNAME="c219898"/>
<USERREF USERNAME="ye73456"/>
<USERREF USERNAME="c206388"/>
<USERREF USERNAME="c244714"/>
<USERREF USERNAME="c069132"/>
<USERREF USERNAME="c243030"/>
<USERREF USERNAME="c143125"/>
<USERREF USERNAME="a015765"/>
<USERREF USERNAME="c076423"/>
<USERREF USERNAME="c100415"/>
<USERREF USERNAME="c196248"/>
<USERREF USERNAME="c021984"/>
<USERREF USERNAME="ye91098"/>
<USERREF USERNAME="c223292"/>
<USERREF USERNAME="yex7614"/>
<USERREF USERNAME="c137396"/>
<USERREF USERNAME="c244333"/>
<USERREF USERNAME="C257193"/>
<USERREF USERNAME="c257194"/>
<USERREF USERNAME="c225389"/>
<USERREF USERNAME="c243054"/>
<USERREF USERNAME="c247616"/>
</REPORTINGGROUP>

<QUERYGROUP
GROUPNAME="CDM_CRA Query"
GROUPDESCRIPTION="CDM_CRA Query">
<!-- Insert Users -->
<USERREF USERNAME="autoquery"/>
</QUERYGROUP>

</MEDMLDATA>