<?xml version="1.0"?>
<MEDMLDATA xmlns="PhaseForward-MedML-Inform4">


<USER  USERNAME="starcewski"
USERTYPE="SITE"
FIRSTNAME="Susan"
LASTNAME="Tarcewski"
DISPLAYNAME="Susan Tarcewski"
DESCRIPTION="--Check UMT to ensure credentials have already been sent before resetting password--"
COUNTRY="UNITED STATES"
PHONE="16.03651e+009"
ALTPHONE="1"
FAX="1"
EMAIL="susan.m.tarczewski@hitchcock.org"
ACTIVESTATE="true"
DELETESTATE="false"
UPDATE="true"
PASSWORD="nQ5eL43zT55yG46120"
BEEPER="1"
USERDATEFORMAT="DAY_MONTH_YEAR"
HOMESCREENURL="./Portal/default.htm"
USERMUSTRESETPASSWORD="TRUE"
PRODUCTLOCALE="en-US"
STUDYLOCALE="en-US"/>


<USER  USERNAME="hhochster"
USERTYPE="SITE"
FIRSTNAME="Howard"
LASTNAME="Hochster"
DISPLAYNAME="Howard Hochster"
DESCRIPTION="--Check UMT to ensure credentials have already been sent before resetting password--"
COUNTRY="UNITED STATES"
PHONE="12.03785e+009"
ALTPHONE="1"
FAX="1"
EMAIL="howard.hochster@yale.edu"
ACTIVESTATE="true"
DELETESTATE="false"
UPDATE="true"
PASSWORD="bB97qR69b1ObL86071"
BEEPER="1"
USERDATEFORMAT="DAY_MONTH_YEAR"
HOMESCREENURL="./Portal/default.htm"
USERMUSTRESETPASSWORD="TRUE"
PRODUCTLOCALE="en-US"
STUDYLOCALE="en-US"/>


<USER  USERNAME="vpicozzi"
USERTYPE="SITE"
FIRSTNAME="Vincent"
LASTNAME="Picozzi"
DISPLAYNAME="Vincent Picozzi"
DESCRIPTION="--Check UMT to ensure credentials have already been sent before resetting password--"
COUNTRY="UNITED STATES"
PHONE="12.06224e+009"
ALTPHONE="1"
FAX="1"
EMAIL="vincent.picozzi@virginiamason.org"
ACTIVESTATE="true"
DELETESTATE="false"
UPDATE="true"
PASSWORD="mR8a8QtT69kX34231"
BEEPER="1"
USERDATEFORMAT="DAY_MONTH_YEAR"
HOMESCREENURL="./Portal/default.htm"
USERMUSTRESETPASSWORD="TRUE"
PRODUCTLOCALE="en-US"
STUDYLOCALE="en-US"/>


<USER  USERNAME="gchiorean"
USERTYPE="SITE"
FIRSTNAME="Gabriela"
LASTNAME="Chiorean"
DISPLAYNAME="Gabriela Chiorean"
DESCRIPTION="--Check UMT to ensure credentials have already been sent before resetting password--"
COUNTRY="UNITED STATES"
PHONE="12.06289e+009"
ALTPHONE="1"
FAX="1"
EMAIL="gchiorea@seattlecca.org"
ACTIVESTATE="true"
DELETESTATE="false"
UPDATE="true"
PASSWORD="oF3qW4mL10n19G6589"
BEEPER="1"
USERDATEFORMAT="DAY_MONTH_YEAR"
HOMESCREENURL="./Portal/default.htm"
USERMUSTRESETPASSWORD="TRUE"
PRODUCTLOCALE="en-US"
STUDYLOCALE="en-US"/>


<USER  USERNAME="rquale"
USERTYPE="SITE"
FIRSTNAME="Renae"
LASTNAME="Quale"
DISPLAYNAME="Renae Quale"
DESCRIPTION="--Check UMT to ensure credentials have already been sent before resetting password--"
COUNTRY="UNITED STATES"
PHONE="16.08265e+009"
ALTPHONE="1"
FAX="1"
EMAIL="rmq@medicine.wisc.edu"
ACTIVESTATE="true"
DELETESTATE="false"
UPDATE="true"
PASSWORD="kM36nX64rZ6xE79255"
BEEPER="1"
USERDATEFORMAT="DAY_MONTH_YEAR"
HOMESCREENURL="./Portal/default.htm"
USERMUSTRESETPASSWORD="TRUE"
PRODUCTLOCALE="en-US"
STUDYLOCALE="en-US"/>


<USER  USERNAME="mbajaj"
USERTYPE="SITE"
FIRSTNAME="Madhuri"
LASTNAME="Bajaj"
DISPLAYNAME="Madhuri Bajaj"
DESCRIPTION="--Check UMT to ensure credentials have already been sent before resetting password--"
COUNTRY="UNITED STATES"
PHONE="13.09243e+009"
ALTPHONE="1"
FAX="1"
EMAIL="mbajaj@illinoiscancercare.com"
ACTIVESTATE="true"
DELETESTATE="false"
UPDATE="true"
PASSWORD="dW40eW36w0JkG74428"
BEEPER="1"
USERDATEFORMAT="DAY_MONTH_YEAR"
HOMESCREENURL="./Portal/default.htm"
USERMUSTRESETPASSWORD="TRUE"
PRODUCTLOCALE="en-US"
STUDYLOCALE="en-US"/>


<USER  USERNAME="pfishkin"
USERTYPE="SITE"
FIRSTNAME="Paul"
LASTNAME="Fishkin"
DISPLAYNAME="Paul Fishkin"
DESCRIPTION="--Check UMT to ensure credentials have already been sent before resetting password--"
COUNTRY="UNITED STATES"
PHONE="13.09243e+009"
ALTPHONE="1"
FAX="1"
EMAIL="pfishkin@illinoiscancercare.com"
ACTIVESTATE="true"
DELETESTATE="false"
UPDATE="true"
PASSWORD="S0mX9ub1KA4g490"
BEEPER="1"
USERDATEFORMAT="DAY_MONTH_YEAR"
HOMESCREENURL="./Portal/default.htm"
USERMUSTRESETPASSWORD="TRUE"
PRODUCTLOCALE="en-US"
STUDYLOCALE="en-US"/>


<USER  USERNAME="awallace"
USERTYPE="SITE"
FIRSTNAME="Amy"
LASTNAME="Wallace"
DISPLAYNAME="Amy Wallace"
DESCRIPTION="--Check UMT to ensure credentials have already been sent before resetting password--"
COUNTRY="UNITED STATES"
PHONE="17.20848e+009"
ALTPHONE="1"
FAX="1"
EMAIL="amy.wallace@ucdenver.edu"
ACTIVESTATE="true"
DELETESTATE="false"
UPDATE="true"
PASSWORD="h0LwV29bK2qA643464"
BEEPER="1"
USERDATEFORMAT="DAY_MONTH_YEAR"
HOMESCREENURL="./Portal/default.htm"
USERMUSTRESETPASSWORD="TRUE"
PRODUCTLOCALE="en-US"
STUDYLOCALE="en-US"/>


<USER  USERNAME="dwilliams"
USERTYPE="SITE"
FIRSTNAME="Donna"
LASTNAME="Williams"
DISPLAYNAME="Donna Williams"
DESCRIPTION="--Check UMT to ensure credentials have already been sent before resetting password--"
COUNTRY="UNITED STATES"
PHONE="16.50499e+009"
ALTPHONE="1"
FAX="1"
EMAIL="donwilliams@stanfordhealthcare.org"
ACTIVESTATE="true"
DELETESTATE="false"
UPDATE="true"
PASSWORD="z83PaZ7k20BvU731317"
BEEPER="1"
USERDATEFORMAT="DAY_MONTH_YEAR"
HOMESCREENURL="./Portal/default.htm"
USERMUSTRESETPASSWORD="TRUE"
PRODUCTLOCALE="en-US"
STUDYLOCALE="en-US"/>


<USER  USERNAME="mwomack"
USERTYPE="SITE"
FIRSTNAME="Mark"
LASTNAME="Womack"
DISPLAYNAME="Mark Womack"
DESCRIPTION="--Check UMT to ensure credentials have already been sent before resetting password--"
COUNTRY="UNITED STATES"
PHONE="14.23698e+009"
ALTPHONE="1"
FAX="1"
EMAIL="mwomack@tnonc.com"
ACTIVESTATE="true"
DELETESTATE="false"
UPDATE="true"
PASSWORD="y5BrD4rX4y6T3675"
BEEPER="1"
USERDATEFORMAT="DAY_MONTH_YEAR"
HOMESCREENURL="./Portal/default.htm"
USERMUSTRESETPASSWORD="TRUE"
PRODUCTLOCALE="en-US"
STUDYLOCALE="en-US"/>


<USER  USERNAME="jbendell"
USERTYPE="SITE"
FIRSTNAME="Johanna"
LASTNAME="Bendell"
DISPLAYNAME="Johanna Bendell"
DESCRIPTION="--Check UMT to ensure credentials have already been sent before resetting password--"
COUNTRY="UNITED STATES"
PHONE="16.1533e+009"
ALTPHONE="1"
FAX="1"
EMAIL="jbendell@tnonc.com"
ACTIVESTATE="true"
DELETESTATE="false"
UPDATE="true"
PASSWORD="tI8i5EqH21k8M6649"
BEEPER="1"
USERDATEFORMAT="DAY_MONTH_YEAR"
HOMESCREENURL="./Portal/default.htm"
USERMUSTRESETPASSWORD="TRUE"
PRODUCTLOCALE="en-US"
STUDYLOCALE="en-US"/>


<USER  USERNAME="cespinoza"
USERTYPE="SITE"
FIRSTNAME="Catherine"
LASTNAME="Espinoza"
DISPLAYNAME="Catherine Espinoza"
DESCRIPTION="--Check UMT to ensure credentials have already been sent before resetting password--"
COUNTRY="UNITED STATES"
PHONE="13.10967e+009"
ALTPHONE="1"
FAX="1"
EMAIL="catherine.espinoza@cshs.org"
ACTIVESTATE="true"
DELETESTATE="false"
UPDATE="true"
PASSWORD="q56Wn10LfW7Z8g9314"
BEEPER="1"
USERDATEFORMAT="DAY_MONTH_YEAR"
HOMESCREENURL="./Portal/default.htm"
USERMUSTRESETPASSWORD="TRUE"
PRODUCTLOCALE="en-US"
STUDYLOCALE="en-US"/>


<USER  USERNAME="ayeh"
USERTYPE="SITE"
FIRSTNAME="Abby"
LASTNAME="Yeh"
DISPLAYNAME="Abby Yeh"
DESCRIPTION="--Check UMT to ensure credentials have already been sent before resetting password--"
COUNTRY="TAIWAN"
PHONE="8868.86956e+011"
ALTPHONE="886"
FAX="886"
EMAIL="yeha@pie.com.tw"
ACTIVESTATE="true"
DELETESTATE="false"
UPDATE="true"
PASSWORD="m55Xe4EyN2jZ925009"
BEEPER="886"
USERDATEFORMAT="DAY_MONTH_YEAR"
HOMESCREENURL="./Portal/default.htm"
USERMUSTRESETPASSWORD="TRUE"
PRODUCTLOCALE="en-US"
STUDYLOCALE="en-US"/>


<USER  USERNAME="ZPFrsulit"
USERTYPE="SPONSOR"
FIRSTNAME="Ronette"
LASTNAME="Sulit"
DISPLAYNAME="Ronette Sulit"
DESCRIPTION="Data Entry"
COUNTRY="PHILIPPINES"
PHONE="63"
ALTPHONE="63"
FAX="63"
EMAIL="Ronette.Sulit@oracle.com"
ACTIVESTATE="true"
DELETESTATE="false"
UPDATE="true"
PASSWORD="G4go70MW9gqZ17585"
BEEPER="63"
USERDATEFORMAT="DAY_MONTH_YEAR"
HOMESCREENURL="./Portal/default.htm"
USERMUSTRESETPASSWORD="TRUE"
PRODUCTLOCALE="en-US"
STUDYLOCALE="en-US"/>


<USER  USERNAME="ZPFcarbolado"
USERTYPE="SPONSOR"
FIRSTNAME="Christine"
LASTNAME="Arbolado"
DISPLAYNAME="Christine Arbolado"
DESCRIPTION="Data Entry"
COUNTRY="PHILIPPINES"
PHONE="63"
ALTPHONE="63"
FAX="63"
EMAIL="christine.arbolado@oracle.com"
ACTIVESTATE="true"
DELETESTATE="false"
UPDATE="true"
PASSWORD="O2xpO50cC44aU17401"
BEEPER="63"
USERDATEFORMAT="DAY_MONTH_YEAR"
HOMESCREENURL="./Portal/default.htm"
USERMUSTRESETPASSWORD="TRUE"
PRODUCTLOCALE="en-US"
STUDYLOCALE="en-US"/>


<USER  USERNAME="ZPFnvergara"
USERTYPE="SPONSOR"
FIRSTNAME="Neil"
LASTNAME="Vergara"
DISPLAYNAME="Neil Vergara"
DESCRIPTION="Lilly Data Entry"
COUNTRY="PHILIPPINES"
PHONE="63"
ALTPHONE="63"
FAX="63"
EMAIL="neil.vergara@oracle.com"
ACTIVESTATE="true"
DELETESTATE="false"
UPDATE="true"
PASSWORD="h9NwR7t4UeO85486"
BEEPER="63"
USERDATEFORMAT="MONTH_DAY_YEAR"
HOMESCREENURL="./Portal/default.htm"
USERMUSTRESETPASSWORD="TRUE"
PRODUCTLOCALE="en-US"
STUDYLOCALE="en-US"/>


<USER  USERNAME="ZPFtcabanes"
USERTYPE="SPONSOR"
FIRSTNAME="Teresa"
LASTNAME="Cabanes"
DISPLAYNAME="Teresa Cabanes"
DESCRIPTION="Lilly Data Entry"
COUNTRY="PHILIPPINES"
PHONE="63"
ALTPHONE="63"
FAX="63"
EMAIL="teresa.cabanes@oracle.com"
ACTIVESTATE="true"
DELETESTATE="false"
UPDATE="true"
PASSWORD="cE89s75BE5wl86L5178"
BEEPER="63"
USERDATEFORMAT="MONTH_DAY_YEAR"
HOMESCREENURL="./Portal/default.htm"
USERMUSTRESETPASSWORD="TRUE"
PRODUCTLOCALE="en-US"
STUDYLOCALE="en-US"/>


<USER  USERNAME="ZPFlbalubar"
USERTYPE="SPONSOR"
FIRSTNAME="Lei-Anne"
LASTNAME="Balubar"
DISPLAYNAME="Lei-Anne Balubar"
DESCRIPTION="Lilly Data Entry"
COUNTRY="PHILIPPINES"
PHONE="63"
ALTPHONE="63"
FAX="63"
EMAIL="lei-anne.balubar@oracle.com"
ACTIVESTATE="true"
DELETESTATE="false"
UPDATE="true"
PASSWORD="s98MtP1H8exR57893"
BEEPER="63"
USERDATEFORMAT="DAY_MONTH_YEAR"
HOMESCREENURL="./Portal/default.htm"
USERMUSTRESETPASSWORD="TRUE"
PRODUCTLOCALE="en-US"
STUDYLOCALE="en-US"/>


<USER  USERNAME="ZPFmandone"
USERTYPE="SPONSOR"
FIRSTNAME="Grigore-mihai"
LASTNAME="Andone"
DISPLAYNAME="Grigore-mihai Andone"
DESCRIPTION="Lilly Support"
COUNTRY="HUNGARY"
PHONE="36"
ALTPHONE="36"
FAX="36"
EMAIL="grigore-mihai.andone@oracle.com"
ACTIVESTATE="true"
DELETESTATE="false"
UPDATE="true"
PASSWORD="m6DyO2c2ZbH235794"
BEEPER="36"
USERDATEFORMAT="DAY_MONTH_YEAR"
HOMESCREENURL="./Portal/default.htm"
USERMUSTRESETPASSWORD="TRUE"
PRODUCTLOCALE="en-US"
STUDYLOCALE="en-US"/>


<USER  USERNAME="ZPFnkovacs"
USERTYPE="SPONSOR"
FIRSTNAME="Norbert"
LASTNAME="Kovacs"
DISPLAYNAME="Norbert Kovacs"
DESCRIPTION="Lilly Support"
COUNTRY="HUNGARY"
PHONE="36"
ALTPHONE="36"
FAX="36"
EMAIL="norbert.k.kovacs@oracle.com"
ACTIVESTATE="true"
DELETESTATE="false"
UPDATE="true"
PASSWORD="i1YvV66y2GlU802771"
BEEPER="36"
USERDATEFORMAT="DAY_MONTH_YEAR"
HOMESCREENURL="./Portal/default.htm"
USERMUSTRESETPASSWORD="TRUE"
PRODUCTLOCALE="en-US"
STUDYLOCALE="en-US"/>


<USER  USERNAME="ZPFgkrucso"
USERTYPE="SPONSOR"
FIRSTNAME="Gabriella"
LASTNAME="Krucso"
DISPLAYNAME="Gabriella Krucso"
DESCRIPTION="Lilly Support"
COUNTRY="HUNGARY"
PHONE="36"
ALTPHONE="36"
FAX="36"
EMAIL="gabriella.krucso@oracle.com"
ACTIVESTATE="true"
DELETESTATE="false"
UPDATE="true"
PASSWORD="sX95z9FhT0q7D365"
BEEPER="36"
USERDATEFORMAT="DAY_MONTH_YEAR"
HOMESCREENURL="./Portal/default.htm"
USERMUSTRESETPASSWORD="TRUE"
PRODUCTLOCALE="en-US"
STUDYLOCALE="en-US"/>


<USER  USERNAME="ZPFepenzes"
USERTYPE="SPONSOR"
FIRSTNAME="Eszter"
LASTNAME="Penzes"
DISPLAYNAME="Eszter Penzes"
DESCRIPTION="Lilly Support"
COUNTRY="HUNGARY"
PHONE="36"
ALTPHONE="36"
FAX="36"
EMAIL="ESZTER.PENZES@ORACLE.COM"
ACTIVESTATE="true"
DELETESTATE="false"
UPDATE="true"
PASSWORD="gB8pM3V7guW93696"
BEEPER="36"
USERDATEFORMAT="DAY_MONTH_YEAR"
HOMESCREENURL="./Portal/default.htm"
USERMUSTRESETPASSWORD="TRUE"
PRODUCTLOCALE="en-US"
STUDYLOCALE="en-US"/>


<USER  USERNAME="ZPFcmolom"
USERTYPE="SPONSOR"
FIRSTNAME="Cedric Loic"
LASTNAME="Hanchou Molom"
DISPLAYNAME="Cedric Loic Hanchou Molom"
DESCRIPTION="Lilly Support"
COUNTRY="HUNGARY"
PHONE="36"
ALTPHONE="36"
FAX="36"
EMAIL="cedric.loic.hanchou.molom@oracle.com"
ACTIVESTATE="true"
DELETESTATE="false"
UPDATE="true"
PASSWORD="i3FR7qS5sd6W981"
BEEPER="36"
USERDATEFORMAT="DAY_MONTH_YEAR"
HOMESCREENURL="./Portal/default.htm"
USERMUSTRESETPASSWORD="TRUE"
PRODUCTLOCALE="en-US"
STUDYLOCALE="en-US"/>


<USER  USERNAME="ZPFabalogh"
USERTYPE="SPONSOR"
FIRSTNAME="Agnes"
LASTNAME="Balogh"
DISPLAYNAME="Agnes  Balogh"
DESCRIPTION="Lilly Support"
COUNTRY="HUNGARY"
PHONE="36"
ALTPHONE="36"
FAX="36"
EMAIL="agnes.balogh@oracle.com"
ACTIVESTATE="true"
DELETESTATE="false"
UPDATE="true"
PASSWORD="jK5dN10eT5Q4d9090"
BEEPER="36"
USERDATEFORMAT="DAY_MONTH_YEAR"
HOMESCREENURL="./Portal/default.htm"
USERMUSTRESETPASSWORD="TRUE"
PRODUCTLOCALE="en-US"
STUDYLOCALE="en-US"/>


<USER  USERNAME="ZPFkbarkoczi"
USERTYPE="SPONSOR"
FIRSTNAME="Katalin"
LASTNAME="Barkoczi"
DISPLAYNAME="Katalin Barkoczi"
DESCRIPTION="Service Delivery Manager"
COUNTRY="HUNGARY"
PHONE="36"
ALTPHONE="36"
FAX="36"
EMAIL="katalin.b.barkoczi@oracle.com"
ACTIVESTATE="true"
DELETESTATE="false"
UPDATE="true"
PASSWORD="N6gX7bjN0bO06375"
BEEPER="36"
USERDATEFORMAT="DAY_MONTH_YEAR"
HOMESCREENURL="./Portal/default.htm"
USERMUSTRESETPASSWORD="TRUE"
PRODUCTLOCALE="en-US"
STUDYLOCALE="en-US"/>


<USER  USERNAME="ZPFaverpeleti"
USERTYPE="SPONSOR"
FIRSTNAME="Andras"
LASTNAME="Verpeleti"
DISPLAYNAME="Andras Verpeleti"
DESCRIPTION="Service Delivery Manager"
COUNTRY="HUNGARY"
PHONE="3614898936"
ALTPHONE="36"
FAX="36"
EMAIL="andras.verpeleti@oracle.com"
ACTIVESTATE="true"
DELETESTATE="false"
UPDATE="true"
PASSWORD="u26MA6vmJ2fG356683"
BEEPER="36"
USERDATEFORMAT="DAY_MONTH_YEAR"
HOMESCREENURL="./Portal/default.htm"
USERMUSTRESETPASSWORD="TRUE"
PRODUCTLOCALE="en-US"
STUDYLOCALE="en-US"/>


<USER  USERNAME="ZPFkhahn"
USERTYPE="SPONSOR"
FIRSTNAME="Ken"
LASTNAME="Hahn"
DISPLAYNAME="Ken Hahn"
DESCRIPTION="Services Project Manager"
COUNTRY="UNITED STATES"
PHONE="17816850104"
ALTPHONE="1"
FAX="1"
EMAIL="ken.hahn@oracle.com"
ACTIVESTATE="true"
DELETESTATE="false"
UPDATE="true"
PASSWORD="uD56C7iw0WxE74276"
BEEPER="1"
USERDATEFORMAT="MONTH_DAY_YEAR"
HOMESCREENURL="./Portal/default.htm"
USERMUSTRESETPASSWORD="TRUE"
PRODUCTLOCALE="en-US"
STUDYLOCALE="en-US"/>


<USER  USERNAME="ZPFaktoth"
USERTYPE="SPONSOR"
FIRSTNAME="Akos"
LASTNAME="Toth"
DISPLAYNAME="Akos Toth"
DESCRIPTION="Support Tier 1"
COUNTRY="HUNGARY"
PHONE="36"
ALTPHONE="36"
FAX="36"
EMAIL="akos.toth@oracle.com"
ACTIVESTATE="true"
DELETESTATE="false"
UPDATE="true"
PASSWORD="z8DE6oa9BqW04585"
BEEPER="36"
USERDATEFORMAT="DAY_MONTH_YEAR"
HOMESCREENURL="./Portal/default.htm"
USERMUSTRESETPASSWORD="TRUE"
PRODUCTLOCALE="en-US"
STUDYLOCALE="en-US"/>


<USER  USERNAME="ZPFrcalorico"
USERTYPE="SPONSOR"
FIRSTNAME="Raul Carlos"
LASTNAME="Alorico"
DISPLAYNAME="Raul Carlos Alorico"
DESCRIPTION="Support Tier 1"
COUNTRY="PHILIPPINES"
PHONE="63"
ALTPHONE="63"
FAX="63"
EMAIL="RAUL.CARLOS.ALORICO@ORACLE.COM"
ACTIVESTATE="true"
DELETESTATE="false"
UPDATE="true"
PASSWORD="jZ59hR76eP6a5Z1870"
BEEPER="63"
USERDATEFORMAT="DAY_MONTH_YEAR"
HOMESCREENURL="./Portal/default.htm"
USERMUSTRESETPASSWORD="TRUE"
PRODUCTLOCALE="en-US"
STUDYLOCALE="en-US"/>


<USER  USERNAME="ZPFnqi"
USERTYPE="SPONSOR"
FIRSTNAME="Nic"
LASTNAME="Qi"
DISPLAYNAME="Nic Qi"
DESCRIPTION="Support Tier I"
COUNTRY="UNITED KINGDOM"
PHONE="44"
ALTPHONE="44"
FAX="44"
EMAIL="xiaoyu.qi@oracle.com"
ACTIVESTATE="true"
DELETESTATE="false"
UPDATE="true"
PASSWORD="cW45uY0u47RY7r3919"
BEEPER="44"
USERDATEFORMAT="DAY_MONTH_YEAR"
HOMESCREENURL="./Portal/default.htm"
USERMUSTRESETPASSWORD="TRUE"
PRODUCTLOCALE="en-US"
STUDYLOCALE="en-US"/>


<USER  USERNAME="ZPFddiomede"
USERTYPE="SPONSOR"
FIRSTNAME="David"
LASTNAME="Diomede"
DISPLAYNAME="David Diomede"
DESCRIPTION="Support Tier I"
COUNTRY="HUNGARY"
PHONE="354"
ALTPHONE="354"
FAX="354"
EMAIL="david.d.diomede@oracle.com"
ACTIVESTATE="true"
DELETESTATE="false"
UPDATE="true"
PASSWORD="r6OwP9kX7o23R9349"
BEEPER="354"
USERDATEFORMAT="DAY_MONTH_YEAR"
HOMESCREENURL="./Portal/default.htm"
USERMUSTRESETPASSWORD="TRUE"
PRODUCTLOCALE="en-US"
STUDYLOCALE="en-US"/>


<USER  USERNAME="ZPFijohl"
USERTYPE="SPONSOR"
FIRSTNAME="Ikinder"
LASTNAME="Johl"
DISPLAYNAME="Ikinder Johl"
DESCRIPTION="Support Tier I"
COUNTRY="UNITED KINGDOM"
PHONE="44"
ALTPHONE="44"
FAX="44"
EMAIL="ikinder.johl.singh@oracle.com"
ACTIVESTATE="true"
DELETESTATE="false"
UPDATE="true"
PASSWORD="n1JqW38oW97zT376326"
BEEPER="44"
USERDATEFORMAT="DAY_MONTH_YEAR"
HOMESCREENURL="./Portal/default.htm"
USERMUSTRESETPASSWORD="TRUE"
PRODUCTLOCALE="en-US"
STUDYLOCALE="en-US"/>


<USER  USERNAME="ZPFdvittay"
USERTYPE="SPONSOR"
FIRSTNAME="Dominika"
LASTNAME="Vittay"
DISPLAYNAME="Dominika Vittay"
DESCRIPTION="Support Tier I"
COUNTRY="HUNGARY"
PHONE="36"
ALTPHONE="36"
FAX="36"
EMAIL="dominika.vittay@oracle.com"
ACTIVESTATE="true"
DELETESTATE="false"
UPDATE="true"
PASSWORD="wV95rS3tB53i53I9041"
BEEPER="36"
USERDATEFORMAT="DAY_MONTH_YEAR"
HOMESCREENURL="./Portal/default.htm"
USERMUSTRESETPASSWORD="TRUE"
PRODUCTLOCALE="en-US"
STUDYLOCALE="en-US"/>


<USER  USERNAME="ZPFnreis"
USERTYPE="SPONSOR"
FIRSTNAME="Nuno Rodrigo"
LASTNAME="Ribeiro Pereira Reis"
DISPLAYNAME="Nuno Rodrigo Ribeiro Pereira Reis"
DESCRIPTION="Support Tier I"
TITLE="Mr."
COUNTRY="HUNGARY"
PHONE="36"
ALTPHONE="36"
FAX="36"
EMAIL="nuno.reis@oracle.com"
ACTIVESTATE="true"
DELETESTATE="false"
UPDATE="true"
PASSWORD="y16ImV76c22Hb9Y8733"
BEEPER="36"
USERDATEFORMAT="DAY_MONTH_YEAR"
HOMESCREENURL="./Portal/default.htm"
USERMUSTRESETPASSWORD="TRUE"
PRODUCTLOCALE="en-US"
STUDYLOCALE="en-US"/>


<USER  USERNAME="ZPFawarsama"
USERTYPE="SPONSOR"
FIRSTNAME="Ahmed"
LASTNAME="Warsama"
DISPLAYNAME="Ahmed Warsama"
DESCRIPTION="Support Tier I"
COUNTRY="UNITED KINGDOM"
PHONE="0"
ALTPHONE="44"
FAX="44"
EMAIL="ahmed.warsama@oracle.com"
ACTIVESTATE="true"
DELETESTATE="false"
UPDATE="true"
PASSWORD="y16ImV76c22Hb9Y8733"
BEEPER="44"
USERDATEFORMAT="DAY_MONTH_YEAR"
HOMESCREENURL="./Portal/default.htm"
USERMUSTRESETPASSWORD="TRUE"
PRODUCTLOCALE="en-US"
STUDYLOCALE="en-US"/>


<USER  USERNAME="ZPFaterjek"
USERTYPE="SPONSOR"
FIRSTNAME="Andras"
LASTNAME="Terjek"
DISPLAYNAME="Andras Terjek"
DESCRIPTION="Support Tier I"
COUNTRY="HUNGARY"
PHONE="36"
ALTPHONE="36"
FAX="36"
EMAIL="andras.terjek@oracle.com"
ACTIVESTATE="true"
DELETESTATE="false"
UPDATE="true"
PASSWORD="t49SiY2z38CeD628424"
BEEPER="36"
USERDATEFORMAT="DAY_MONTH_YEAR"
HOMESCREENURL="./Portal/default.htm"
USERMUSTRESETPASSWORD="TRUE"
PRODUCTLOCALE="en-US"
STUDYLOCALE="en-US"/>


<USER  USERNAME="ZPFcdelacruz"
USERTYPE="SPONSOR"
FIRSTNAME="Clarissa"
LASTNAME="Dela Cruz"
DISPLAYNAME="Clarissa Dela Cruz"
DESCRIPTION="Support Tier I"
COUNTRY="PHILIPPINES"
PHONE="63"
ALTPHONE="63"
FAX="63"
EMAIL="clarissa.dela.cruz@oracle.com"
ACTIVESTATE="true"
DELETESTATE="false"
UPDATE="true"
PASSWORD="R4qE8iu59PvY71240"
BEEPER="63"
USERDATEFORMAT="DAY_MONTH_YEAR"
HOMESCREENURL="./Portal/default.htm"
USERMUSTRESETPASSWORD="TRUE"
PRODUCTLOCALE="en-US"
STUDYLOCALE="en-US"/>


<USER  USERNAME="ZPFjistenes"
USERTYPE="SPONSOR"
FIRSTNAME="Jozsef"
LASTNAME="Istenes"
DISPLAYNAME="Jozsef Istenes"
DESCRIPTION="Support Tier I"
TITLE="Mr."
COUNTRY="HUNGARY"
PHONE="36"
ALTPHONE="36"
FAX="36"
EMAIL="jozsef.istenes@oracle.com"
ACTIVESTATE="true"
DELETESTATE="false"
UPDATE="true"
PASSWORD="aD9jP22oV2n8P3955"
BEEPER="36"
USERDATEFORMAT="DAY_MONTH_YEAR"
HOMESCREENURL="./Portal/default.htm"
USERMUSTRESETPASSWORD="TRUE"
PRODUCTLOCALE="en-US"
STUDYLOCALE="en-US"/>


<USER  USERNAME="ZPFtfabian"
USERTYPE="SPONSOR"
FIRSTNAME="Tamas"
LASTNAME="Fabian"
DISPLAYNAME="Tamas Fabian"
DESCRIPTION="Support Tier I"
COUNTRY="HUNGARY"
PHONE="36"
ALTPHONE="36"
FAX="36"
EMAIL="tamas.x.fabian@oracle.com"
ACTIVESTATE="true"
DELETESTATE="false"
UPDATE="true"
PASSWORD="vQ7e9PjT4x24G932"
BEEPER="36"
USERDATEFORMAT="DAY_MONTH_YEAR"
HOMESCREENURL="./Portal/default.htm"
USERMUSTRESETPASSWORD="TRUE"
PRODUCTLOCALE="en-US"
STUDYLOCALE="en-US"/>


<USER  USERNAME="ZPFasomogyi"
USERTYPE="SPONSOR"
FIRSTNAME="Alexandra"
LASTNAME="Somogyi"
DISPLAYNAME="Alexandra Somogyi"
DESCRIPTION="Support Tier I"
COUNTRY="HUNGARY"
PHONE="36"
ALTPHONE="36"
FAX="36"
EMAIL="alexandra.somogyi@oracle.com"
ACTIVESTATE="true"
DELETESTATE="false"
UPDATE="true"
PASSWORD="xJ63zR5h52KnD126942"
BEEPER="36"
USERDATEFORMAT="DAY_MONTH_YEAR"
HOMESCREENURL="./Portal/default.htm"
USERMUSTRESETPASSWORD="TRUE"
PRODUCTLOCALE="en-US"
STUDYLOCALE="en-US"/>


<USER  USERNAME="ZPFkpinter"
USERTYPE="SPONSOR"
FIRSTNAME="Katinka"
LASTNAME="Pinter"
DISPLAYNAME="Katinka Pinter"
DESCRIPTION="Support Tier I"
COUNTRY="HUNGARY"
PHONE="36"
ALTPHONE="36"
FAX="36"
EMAIL="katinka.pinter@oracle.com"
ACTIVESTATE="true"
DELETESTATE="false"
UPDATE="true"
PASSWORD="k27Wg53OtE5kW326362"
BEEPER="36"
USERDATEFORMAT="DAY_MONTH_YEAR"
HOMESCREENURL="./Portal/default.htm"
USERMUSTRESETPASSWORD="TRUE"
PRODUCTLOCALE="en-US"
STUDYLOCALE="en-US"/>


<USER  USERNAME="ZPFlcseke"
USERTYPE="SPONSOR"
FIRSTNAME="Laszlo"
LASTNAME="Cseke"
DISPLAYNAME="Laszlo Cseke"
DESCRIPTION="Support Tier I"
COUNTRY="HUNGARY"
PHONE="36"
ALTPHONE="36"
FAX="36"
EMAIL="laszlo.cseke@oracle.com"
ACTIVESTATE="true"
DELETESTATE="false"
UPDATE="true"
PASSWORD="kU7A9bhD7a34X3339"
BEEPER="36"
USERDATEFORMAT="DAY_MONTH_YEAR"
HOMESCREENURL="./Portal/default.htm"
USERMUSTRESETPASSWORD="TRUE"
PRODUCTLOCALE="en-US"
STUDYLOCALE="en-US"/>


<USER  USERNAME="ZPFmlalangan"
USERTYPE="SPONSOR"
FIRSTNAME="Menard"
LASTNAME="Lalangan"
DISPLAYNAME="Menard Lalangan"
DESCRIPTION="Support Tier I"
COUNTRY="PHILIPPINES"
PHONE="63"
ALTPHONE="63"
FAX="63"
EMAIL="menard.lalangan@oracle.com"
ACTIVESTATE="true"
DELETESTATE="false"
UPDATE="true"
PASSWORD="C7mbQ10cJ28qD96054"
BEEPER="63"
USERDATEFORMAT="DAY_MONTH_YEAR"
HOMESCREENURL="./Portal/default.htm"
USERMUSTRESETPASSWORD="TRUE"
PRODUCTLOCALE="en-US"
STUDYLOCALE="en-US"/>


<USER  USERNAME="ZPFvzdirko"
USERTYPE="SPONSOR"
FIRSTNAME="Viktor"
LASTNAME="Zdirko"
DISPLAYNAME="Viktor Zdirko"
DESCRIPTION="Support Tier I"
COUNTRY="HUNGARY"
PHONE="36"
ALTPHONE="36"
FAX="36"
EMAIL="viktor.zdirko@oracle.com"
ACTIVESTATE="true"
DELETESTATE="false"
UPDATE="true"
PASSWORD="pD13e0Mv29MW7y3031"
BEEPER="36"
USERDATEFORMAT="DAY_MONTH_YEAR"
HOMESCREENURL="./Portal/default.htm"
USERMUSTRESETPASSWORD="TRUE"
PRODUCTLOCALE="en-US"
STUDYLOCALE="en-US"/>


<USER  USERNAME="ZPFdnagy"
USERTYPE="SPONSOR"
FIRSTNAME="Daniel"
LASTNAME="Nagy"
DISPLAYNAME="Daniel Nagy"
DESCRIPTION="Support Tier I"
COUNTRY="HUNGARY"
PHONE="36"
ALTPHONE="36"
FAX="36"
EMAIL="daniel.nagy@oracle.com"
ACTIVESTATE="true"
DELETESTATE="false"
UPDATE="true"
PASSWORD="aY7Y8xz50AxL575745"
BEEPER="36"
USERDATEFORMAT="DAY_MONTH_YEAR"
HOMESCREENURL="./Portal/default.htm"
USERMUSTRESETPASSWORD="TRUE"
PRODUCTLOCALE="en-US"
STUDYLOCALE="en-US"/>


<USER  USERNAME="ZPFprojas"
USERTYPE="SPONSOR"
FIRSTNAME="Patricio"
LASTNAME="Rojas"
DISPLAYNAME="Patricio Rojas"
DESCRIPTION="Support Tier I"
COUNTRY="UNITED KINGDOM"
PHONE="44"
ALTPHONE="44"
FAX="44"
EMAIL="patricio.rojas@oracle.com"
ACTIVESTATE="true"
DELETESTATE="false"
UPDATE="true"
PASSWORD="oQ25mO3rL8gT42178"
BEEPER="44"
USERDATEFORMAT="DAY_MONTH_YEAR"
HOMESCREENURL="./Portal/default.htm"
USERMUSTRESETPASSWORD="TRUE"
PRODUCTLOCALE="en-US"
STUDYLOCALE="en-US"/>


<USER  USERNAME="ZPFgyvarga"
USERTYPE="SPONSOR"
FIRSTNAME="Gyorgy"
LASTNAME="Varga"
DISPLAYNAME="Gyorgy Varga"
DESCRIPTION="Support Tier I"
TITLE="Mr."
COUNTRY="HUNGARY"
PHONE="36"
ALTPHONE="36"
FAX="36"
EMAIL="gyorgy.varga@oracle.com"
ACTIVESTATE="true"
DELETESTATE="false"
UPDATE="true"
PASSWORD="r1Ak89JhA74lE46647"
BEEPER="36"
USERDATEFORMAT="DAY_MONTH_YEAR"
HOMESCREENURL="./Portal/default.htm"
USERMUSTRESETPASSWORD="TRUE"
PRODUCTLOCALE="en-US"
STUDYLOCALE="en-US"/>


<USER  USERNAME="ZPFmtoth"
USERTYPE="SPONSOR"
FIRSTNAME="Miklos David"
LASTNAME="Toth"
DISPLAYNAME="Miklos David Toth"
DESCRIPTION="Support Tier I"
TITLE="Mr."
COUNTRY="HUNGARY"
PHONE="36"
ALTPHONE="36"
FAX="36"
EMAIL="miklos.toth@oracle.com"
ACTIVESTATE="true"
DELETESTATE="false"
UPDATE="true"
PASSWORD="dM3qQ87rB49v7S9670"
BEEPER="36"
USERDATEFORMAT="YEAR_MONTH_DAY"
HOMESCREENURL="./Portal/default.htm"
USERMUSTRESETPASSWORD="TRUE"
PRODUCTLOCALE="en-US"
STUDYLOCALE="en-US"/>


<USER  USERNAME="ZPFakovacs"
USERTYPE="SPONSOR"
FIRSTNAME="Attila"
LASTNAME="Kovacs"
DISPLAYNAME="Attila Kovacs"
DESCRIPTION="Support Tier I"
COUNTRY="HUNGARY"
PHONE="36"
ALTPHONE="36"
FAX="36"
EMAIL="attila.a.kovacs@oracle.com"
ACTIVESTATE="true"
DELETESTATE="false"
UPDATE="true"
PASSWORD="mR65pU0wW92eW76955"
BEEPER="36"
USERDATEFORMAT="DAY_MONTH_YEAR"
HOMESCREENURL="./Portal/default.htm"
USERMUSTRESETPASSWORD="TRUE"
PRODUCTLOCALE="en-US"
STUDYLOCALE="en-US"/>


<USER  USERNAME="ZPFkcsobalyka"
USERTYPE="SPONSOR"
FIRSTNAME="Krisztian"
LASTNAME="Csobalyka"
DISPLAYNAME="Krisztian Csobalyka"
DESCRIPTION="Support Tier I"
TITLE="Mr."
COUNTRY="HUNGARY"
PHONE="36704275924"
ALTPHONE="36"
FAX="36"
EMAIL="krisztian.csobalyka@oracle.com"
ACTIVESTATE="true"
DELETESTATE="false"
UPDATE="true"
PASSWORD="E2jvN5fX67S4d9978"
BEEPER="36"
USERDATEFORMAT="DAY_MONTH_YEAR"
HOMESCREENURL="./Portal/default.htm"
USERMUSTRESETPASSWORD="TRUE"
PRODUCTLOCALE="en-US"
STUDYLOCALE="en-US"/>


<USER  USERNAME="ZPFrducusin"
USERTYPE="SPONSOR"
FIRSTNAME="Rodulf"
LASTNAME="Ducusin"
DISPLAYNAME="Rodulf Ducusin"
DESCRIPTION="Support Tier I"
COUNTRY="PHILIPPINES"
PHONE="63"
ALTPHONE="63"
FAX="63"
EMAIL="RODULF.DUCUSIN@ORACLE.COM"
ACTIVESTATE="true"
DELETESTATE="false"
UPDATE="true"
PASSWORD="hI30uR50aS21b6B7264"
BEEPER="63"
USERDATEFORMAT="DAY_MONTH_YEAR"
HOMESCREENURL="./Portal/default.htm"
USERMUSTRESETPASSWORD="TRUE"
PRODUCTLOCALE="en-US"
STUDYLOCALE="en-US"/>


<USER  USERNAME="ZPFskholti"
USERTYPE="SPONSOR"
FIRSTNAME="Szilvia"
LASTNAME="Kholti"
DISPLAYNAME="Szilvia Kholti"
DESCRIPTION="Support Tier I"
COUNTRY="HUNGARY"
PHONE="361111"
ALTPHONE="36"
FAX="36"
EMAIL="szilvia.kholti@oracle.com"
ACTIVESTATE="true"
DELETESTATE="false"
UPDATE="true"
PASSWORD="sF3yT1rI9M5v4857"
BEEPER="36"
USERDATEFORMAT="DAY_MONTH_YEAR"
HOMESCREENURL="./Portal/default.htm"
USERMUSTRESETPASSWORD="TRUE"
PRODUCTLOCALE="en-US"
STUDYLOCALE="en-US"/>


<USER  USERNAME="ZPFsaguilar"
USERTYPE="SPONSOR"
FIRSTNAME="Sergio"
LASTNAME="Aguilar"
DISPLAYNAME="Sergio Aguilar"
DESCRIPTION="Support Tier I"
TITLE="Mr."
COUNTRY="HUNGARY"
PHONE="36"
ALTPHONE="36"
FAX="36"
EMAIL="sergio.aguilar.aguilar@oracle.com"
ACTIVESTATE="true"
DELETESTATE="false"
UPDATE="true"
PASSWORD="rJ7x90BlD4j7K2142"
BEEPER="36"
USERDATEFORMAT="DAY_MONTH_YEAR"
HOMESCREENURL="./Portal/default.htm"
USERMUSTRESETPASSWORD="TRUE"
PRODUCTLOCALE="en-US"
STUDYLOCALE="en-US"/>


<USER  USERNAME="ZPFlmate"
USERTYPE="SPONSOR"
FIRSTNAME="Laszlo"
LASTNAME="Mate"
DISPLAYNAME="Laszlo Mate"
DESCRIPTION="Support Tier I"
COUNTRY="HUNGARY"
PHONE="36"
ALTPHONE="36"
FAX="36"
EMAIL="laszlo.mate@oracle.com"
ACTIVESTATE="true"
DELETESTATE="false"
UPDATE="true"
PASSWORD="T9gxQ62mE1uE85165"
BEEPER="36"
USERDATEFORMAT="DAY_MONTH_YEAR"
HOMESCREENURL="./Portal/default.htm"
USERMUSTRESETPASSWORD="TRUE"
PRODUCTLOCALE="en-US"
STUDYLOCALE="en-US"/>


<USER  USERNAME="ZPFstayco"
USERTYPE="SPONSOR"
FIRSTNAME="Sherylou"
LASTNAME="Tayco"
DISPLAYNAME="Sherylou Tayco"
DESCRIPTION="Support Tier I"
COUNTRY="PHILIPPINES"
PHONE="63"
ALTPHONE="63"
FAX="63"
EMAIL="sherylou.tayco@oracle.com"
ACTIVESTATE="true"
DELETESTATE="false"
UPDATE="true"
PASSWORD="T9gxQ62mE1uE85165"
BEEPER="63"
USERDATEFORMAT="DAY_MONTH_YEAR"
HOMESCREENURL="./Portal/default.htm"
USERMUSTRESETPASSWORD="TRUE"
PRODUCTLOCALE="en-US"
STUDYLOCALE="en-US"/>


<USER  USERNAME="ZPFmkhella"
USERTYPE="SPONSOR"
FIRSTNAME="Mukhtar"
LASTNAME="Khella"
DISPLAYNAME="Mukhtar Khella"
DESCRIPTION="Support Tier I"
COUNTRY="UNITED KINGDOM"
PHONE="44"
ALTPHONE="44"
FAX="44"
EMAIL="mukhtar.khella@oracle.com"
ACTIVESTATE="true"
DELETESTATE="false"
UPDATE="true"
PASSWORD="V6zsN22kA30nW215473"
BEEPER="44"
USERDATEFORMAT="DAY_MONTH_YEAR"
HOMESCREENURL="./Portal/default.htm"
USERMUSTRESETPASSWORD="TRUE"
PRODUCTLOCALE="en-US"
STUDYLOCALE="en-US"/>


<USER  USERNAME="ZPFapervaiz"
USERTYPE="SPONSOR"
FIRSTNAME="Afnan"
LASTNAME="Pervaiz"
DISPLAYNAME="Afnan Pervaiz"
DESCRIPTION="Support Tier I"
COUNTRY="UNITED KINGDOM"
PHONE="4410 44 1628 640 700"
ALTPHONE="44"
FAX="44"
EMAIL="afnan.pervaiz@oracle.com"
ACTIVESTATE="true"
DELETESTATE="false"
UPDATE="true"
PASSWORD="V6zsN22kA30nW215473"
BEEPER="44"
USERDATEFORMAT="DAY_MONTH_YEAR"
HOMESCREENURL="./Portal/default.htm"
USERMUSTRESETPASSWORD="TRUE"
PRODUCTLOCALE="en-US"
STUDYLOCALE="en-US"/>


<USER  USERNAME="ZPFfvarga"
USERTYPE="SPONSOR"
FIRSTNAME="Ferenc"
LASTNAME="Varga"
DISPLAYNAME="Ferenc Varga"
DESCRIPTION="Support Tier I"
COUNTRY="UNITED KINGDOM"
PHONE="44"
ALTPHONE="44"
FAX="44"
EMAIL="ferenc.v.varga@oracle.com"
ACTIVESTATE="true"
DELETESTATE="false"
UPDATE="true"
PASSWORD="y71XtR2eU74dB22758"
BEEPER="44"
USERDATEFORMAT="DAY_MONTH_YEAR"
HOMESCREENURL="./Portal/default.htm"
USERMUSTRESETPASSWORD="TRUE"
PRODUCTLOCALE="en-US"
STUDYLOCALE="en-US"/>


<USER  USERNAME="ZPFkkovacs"
USERTYPE="SPONSOR"
FIRSTNAME="Klara"
LASTNAME="Kovacs"
DISPLAYNAME="Klara Kovacs"
DESCRIPTION="Support Tier I"
COUNTRY="HUNGARY"
PHONE="36"
ALTPHONE="36"
FAX="36"
EMAIL="KLARA.KOVACS@ORACLE.COM"
ACTIVESTATE="true"
DELETESTATE="false"
UPDATE="true"
PASSWORD="r6YpT76wK5zY52352"
BEEPER="36"
USERDATEFORMAT="DAY_MONTH_YEAR"
HOMESCREENURL="./Portal/default.htm"
USERMUSTRESETPASSWORD="TRUE"
PRODUCTLOCALE="en-US"
STUDYLOCALE="en-US"/>


<USER  USERNAME="ZPFckalinyak"
USERTYPE="SPONSOR"
FIRSTNAME="Csilla"
LASTNAME="Kalinyak"
DISPLAYNAME="Csilla Kalinyak"
DESCRIPTION="Support Tier I"
COUNTRY="HUNGARY"
PHONE="36"
ALTPHONE="36"
FAX="36"
EMAIL="CSILLA.KALINYAK@ORACLE.COM"
ACTIVESTATE="true"
DELETESTATE="false"
UPDATE="true"
PASSWORD="b8Jq0UqF0iD57536"
BEEPER="36"
USERDATEFORMAT="DAY_MONTH_YEAR"
HOMESCREENURL="./Portal/default.htm"
USERMUSTRESETPASSWORD="TRUE"
PRODUCTLOCALE="en-US"
STUDYLOCALE="en-US"/>


<USER  USERNAME="ZPFoely"
USERTYPE="SPONSOR"
FIRSTNAME="Osweld"
LASTNAME="Ely"
DISPLAYNAME="Osweld Ely"
DESCRIPTION="Support Tier I"
COUNTRY="PHILIPPINES"
PHONE="63"
ALTPHONE="63"
FAX="63"
EMAIL="osweld.ely@oracle.com"
ACTIVESTATE="true"
DELETESTATE="false"
UPDATE="true"
PASSWORD="w3OkQ36hG7Q7i660"
BEEPER="63"
USERDATEFORMAT="DAY_MONTH_YEAR"
HOMESCREENURL="./Portal/default.htm"
USERMUSTRESETPASSWORD="TRUE"
PRODUCTLOCALE="en-US"
STUDYLOCALE="en-US"/>


<USER  USERNAME="ZPFpvallar"
USERTYPE="SPONSOR"
FIRSTNAME="Paulnino"
LASTNAME="Vallar"
DISPLAYNAME="Paulnino Vallar"
DESCRIPTION="Support Tier I"
COUNTRY="PHILIPPINES"
PHONE="63"
ALTPHONE="63"
FAX="63"
EMAIL="paulnino.vallar@ORACLE.COM"
ACTIVESTATE="true"
DELETESTATE="false"
UPDATE="true"
PASSWORD="gK97U9qmB2b9V7844"
BEEPER="63"
USERDATEFORMAT="DAY_MONTH_YEAR"
HOMESCREENURL="./Portal/default.htm"
USERMUSTRESETPASSWORD="TRUE"
PRODUCTLOCALE="en-US"
STUDYLOCALE="en-US"/>


<USER  USERNAME="ZPFobodnar"
USERTYPE="SPONSOR"
FIRSTNAME="Oksana"
LASTNAME="Bodnar"
DISPLAYNAME="Oksana Bodnar"
DESCRIPTION="Support Tier I"
COUNTRY="HUNGARY"
PHONE="36"
ALTPHONE="36"
FAX="36"
EMAIL="oksana.bodnar@oracle.com"
ACTIVESTATE="true"
DELETESTATE="false"
UPDATE="true"
PASSWORD="yX26g52WoC9U4k968"
BEEPER="36"
USERDATEFORMAT="YEAR_MONTH_DAY"
HOMESCREENURL="./Portal/default.htm"
USERMUSTRESETPASSWORD="TRUE"
PRODUCTLOCALE="en-US"
STUDYLOCALE="en-US"/>


<USER  USERNAME="ZPFedervishaj"
USERTYPE="SPONSOR"
FIRSTNAME="Erald"
LASTNAME="Dervishaj"
DISPLAYNAME="Erald Dervishaj"
DESCRIPTION="Support Tier I"
COUNTRY="HUNGARY"
PHONE="36"
ALTPHONE="36"
FAX="36"
EMAIL="erald.dervishaj@oracle.com"
ACTIVESTATE="true"
DELETESTATE="false"
UPDATE="true"
PASSWORD="lC6hS87jX4f6E8152"
BEEPER="36"
USERDATEFORMAT="DAY_MONTH_YEAR"
HOMESCREENURL="./Portal/default.htm"
USERMUSTRESETPASSWORD="TRUE"
PRODUCTLOCALE="en-US"
STUDYLOCALE="en-US"/>


<USER  USERNAME="ZPFsdasilva"
USERTYPE="SPONSOR"
FIRSTNAME="Silmara Santos"
LASTNAME="Da Silva"
DISPLAYNAME="Silmara Santos Da Silva"
DESCRIPTION="Support Tier I"
COUNTRY="HUNGARY"
PHONE="36"
ALTPHONE="36"
FAX="36"
EMAIL="silmara.santos.da.silva@oracle.com"
ACTIVESTATE="true"
DELETESTATE="false"
UPDATE="true"
PASSWORD="eH11V9fe66UvT25437"
BEEPER="36"
USERDATEFORMAT="DAY_MONTH_YEAR"
HOMESCREENURL="./Portal/default.htm"
USERMUSTRESETPASSWORD="TRUE"
PRODUCTLOCALE="en-US"
STUDYLOCALE="en-US"/>


<USER  USERNAME="ZPFkcco"
USERTYPE="SPONSOR"
FIRSTNAME="Kerwin Carson"
LASTNAME="Co"
DISPLAYNAME="Kerwin Carson Co"
DESCRIPTION="Support Tier I"
COUNTRY="PHILIPPINES"
PHONE="63"
ALTPHONE="63"
FAX="63"
EMAIL="kerwin.carson.co@oracle.com"
ACTIVESTATE="true"
DELETESTATE="false"
UPDATE="true"
PASSWORD="qT3cP47t71Nl24O8460"
BEEPER="63"
USERDATEFORMAT="DAY_MONTH_YEAR"
HOMESCREENURL="./Portal/default.htm"
USERMUSTRESETPASSWORD="TRUE"
PRODUCTLOCALE="en-US"
STUDYLOCALE="en-US"/>


<USER  USERNAME="ZPFklim"
USERTYPE="SPONSOR"
FIRSTNAME="Kok Koang"
LASTNAME="Lim"
DISPLAYNAME="Kok Koang Lim"
DESCRIPTION="Support Tier I"
COUNTRY="HUNGARY"
PHONE="36"
ALTPHONE="36"
FAX="36"
EMAIL="kok.koang.lim@oracle.com"
ACTIVESTATE="true"
DELETESTATE="false"
UPDATE="true"
PASSWORD="fM3C8voZ0gB33647"
BEEPER="36"
USERDATEFORMAT="DAY_MONTH_YEAR"
HOMESCREENURL="./Portal/default.htm"
USERMUSTRESETPASSWORD="TRUE"
PRODUCTLOCALE="en-US"
STUDYLOCALE="en-US"/>


<USER  USERNAME="gvanhazel"
USERTYPE="SITE"
FIRSTNAME="Guy"
LASTNAME="van Hazel"
DISPLAYNAME="Guy van Hazel"
DESCRIPTION="--Check UMT to ensure credentials have already been sent before resetting password--"
COUNTRY="AUSTRALIA"
PHONE="616.10893e+011"
ALTPHONE="61"
FAX="61"
EMAIL="guy.vanhazel@health.wa.gov.au"
ACTIVESTATE="true"
DELETESTATE="false"
UPDATE="true"
PASSWORD="dI3fX6y9IzL223467"
BEEPER="61"
USERDATEFORMAT="DAY_MONTH_YEAR"
HOMESCREENURL="./Portal/default.htm"
USERMUSTRESETPASSWORD="TRUE"
PRODUCTLOCALE="en-US"
STUDYLOCALE="en-US"/>


<USER  USERNAME="jinnesrowe"
USERTYPE="SITE"
FIRSTNAME="Judy"
LASTNAME="Innes-Rowe"
DISPLAYNAME="Judy Innes-Rowe"
DESCRIPTION="--Check UMT to ensure credentials have already been sent before resetting password--"
COUNTRY="AUSTRALIA"
PHONE="616.10409e+011"
ALTPHONE="61"
FAX="61"
EMAIL="Judy.Innes-Rowe@health.wa.gov.au"
ACTIVESTATE="true"
DELETESTATE="false"
UPDATE="true"
PASSWORD="kK40K1wwZ60gI93726"
BEEPER="61"
USERDATEFORMAT="DAY_MONTH_YEAR"
HOMESCREENURL="./Portal/default.htm"
USERMUSTRESETPASSWORD="TRUE"
PRODUCTLOCALE="en-US"
STUDYLOCALE="en-US"/>


<USER  USERNAME="rkent"
USERTYPE="SITE"
FIRSTNAME="Robert"
LASTNAME="Kent"
DISPLAYNAME="Robert Kent"
DESCRIPTION="--Check UMT to ensure credentials have already been sent before resetting password--"
COUNTRY="AUSTRALIA"
PHONE="616.12936e+010"
ALTPHONE="61"
FAX="61"
EMAIL="Robert.Kent@svha.org.au"
ACTIVESTATE="true"
DELETESTATE="false"
UPDATE="true"
PASSWORD="G4xnG6n67YmM565454"
BEEPER="61"
USERDATEFORMAT="DAY_MONTH_YEAR"
HOMESCREENURL="./Portal/default.htm"
USERMUSTRESETPASSWORD="TRUE"
PRODUCTLOCALE="en-US"
STUDYLOCALE="en-US"/>


<USER  USERNAME="kyeh"
USERTYPE="SITE"
FIRSTNAME="Kun-Huei"
LASTNAME="Yeh"
DISPLAYNAME="Kun-Huei Yeh"
DESCRIPTION="--Check UMT to ensure credentials have already been sent before resetting password--"
COUNTRY="TAIWAN"
PHONE="8868.86223e+011"
ALTPHONE="886"
FAX="886"
EMAIL="khyeh@ntu.edu.tw"
ACTIVESTATE="true"
DELETESTATE="false"
UPDATE="true"
PASSWORD="E3xvC66lZ5mJ724231"
BEEPER="886"
USERDATEFORMAT="DAY_MONTH_YEAR"
HOMESCREENURL="./Portal/default.htm"
USERMUSTRESETPASSWORD="TRUE"
PRODUCTLOCALE="en-US"
STUDYLOCALE="en-US"/>


<USER  USERNAME="yshan"
USERTYPE="SITE"
FIRSTNAME="Yan-Shen"
LASTNAME="Shan"
DISPLAYNAME="Yan-Shen Shan"
DESCRIPTION="--Check UMT to ensure credentials have already been sent before resetting password--"
COUNTRY="TAIWAN"
PHONE="8868.86624e+010"
ALTPHONE="886"
FAX="886"
EMAIL="ysshan@mail.ncku.edu.tw"
ACTIVESTATE="true"
DELETESTATE="false"
UPDATE="true"
PASSWORD="P3az13Iy71FzI297786"
BEEPER="886"
USERDATEFORMAT="DAY_MONTH_YEAR"
HOMESCREENURL="./Portal/default.htm"
USERMUSTRESETPASSWORD="TRUE"
PRODUCTLOCALE="en-US"
STUDYLOCALE="en-US"/>


<USER  USERNAME="csalemadealmeida"
USERTYPE="SITE"
FIRSTNAME="Carolina"
LASTNAME="Salema de Almeida"
DISPLAYNAME="Carolina Salema de Almeida"
DESCRIPTION="--Check UMT to ensure credentials have already been sent before resetting password--"
COUNTRY="BRAZIL"
PHONE="555.51139e+011"
ALTPHONE="55"
FAX="55"
EMAIL="carolina.salema@hc.fm.usp.br"
ACTIVESTATE="true"
DELETESTATE="false"
UPDATE="true"
PASSWORD="sZ0wK22tK27xT926327"
BEEPER="55"
USERDATEFORMAT="DAY_MONTH_YEAR"
HOMESCREENURL="./Portal/default.htm"
USERMUSTRESETPASSWORD="TRUE"
PRODUCTLOCALE="en-US"
STUDYLOCALE="en-US"/>


<USER  USERNAME="srivera"
USERTYPE="SITE"
FIRSTNAME="Silvia"
LASTNAME="Rivera"
DISPLAYNAME="Silvia Rivera"
DESCRIPTION="--Check UMT to ensure credentials have already been sent before resetting password--"
COUNTRY="ARGENTINA"
PHONE="543.8143e+009"
ALTPHONE="54"
FAX="54"
EMAIL="pepasr@hotmail.com"
ACTIVESTATE="true"
DELETESTATE="false"
UPDATE="true"
PASSWORD="aH61tP92V9qs59P2907"
BEEPER="54"
USERDATEFORMAT="DAY_MONTH_YEAR"
HOMESCREENURL="./Portal/default.htm"
USERMUSTRESETPASSWORD="TRUE"
PRODUCTLOCALE="en-US"
STUDYLOCALE="en-US"/>


<USER  USERNAME="jzarba"
USERTYPE="SITE"
FIRSTNAME="José"
LASTNAME="Zarba"
DISPLAYNAME="José Zarba"
DESCRIPTION="--Check UMT to ensure credentials have already been sent before resetting password--"
COUNTRY="ARGENTINA"
PHONE="543.8143e+009"
ALTPHONE="54"
FAX="54"
EMAIL="josezarba@gmail.com"
ACTIVESTATE="true"
DELETESTATE="false"
UPDATE="true"
PASSWORD="v30YzP0bR0J2x2586"
BEEPER="54"
USERDATEFORMAT="DAY_MONTH_YEAR"
HOMESCREENURL="./Portal/default.htm"
USERMUSTRESETPASSWORD="TRUE"
PRODUCTLOCALE="en-US"
STUDYLOCALE="en-US"/>


<USER  USERNAME="jmaurel"
USERTYPE="SITE"
FIRSTNAME="Joan"
LASTNAME="Maurel"
DISPLAYNAME="Joan Maurel"
DESCRIPTION="--Check UMT to ensure credentials have already been sent before resetting password--"
COUNTRY="SPAIN"
PHONE="343.49323e+010"
ALTPHONE="34"
FAX="34"
EMAIL="JMAUREL@clinic.cat"
ACTIVESTATE="true"
DELETESTATE="false"
UPDATE="true"
PASSWORD="q24Ea9IoI55tB24560"
BEEPER="34"
USERDATEFORMAT="DAY_MONTH_YEAR"
HOMESCREENURL="./Portal/default.htm"
USERMUSTRESETPASSWORD="TRUE"
PRODUCTLOCALE="en-US"
STUDYLOCALE="en-US"/>


<USER  USERNAME="iales"
USERTYPE="SITE"
FIRSTNAME="Inmaculada"
LASTNAME="Ales"
DISPLAYNAME="Inmaculada Ales"
DESCRIPTION="--Check UMT to ensure credentials have already been sent before resetting password--"
COUNTRY="SPAIN"
PHONE="343.46081e+010"
ALTPHONE="34"
FAX="34"
EMAIL="inales@hotmail.com"
ACTIVESTATE="true"
DELETESTATE="false"
UPDATE="true"
PASSWORD="iE86M9ho8GcS03534"
BEEPER="34"
USERDATEFORMAT="DAY_MONTH_YEAR"
HOMESCREENURL="./Portal/default.htm"
USERMUSTRESETPASSWORD="TRUE"
PRODUCTLOCALE="en-US"
STUDYLOCALE="en-US"/>


<USER  USERNAME="iborbath"
USERTYPE="SITE"
FIRSTNAME="Ivan"
LASTNAME="Borbath"
DISPLAYNAME="Ivan Borbath"
DESCRIPTION="--Check UMT to ensure credentials have already been sent before resetting password--"
COUNTRY="BELGIUM"
PHONE="323227648306"
ALTPHONE="32"
FAX="32"
EMAIL="ivan.borbath@uclouvain.be"
ACTIVESTATE="true"
DELETESTATE="false"
UPDATE="true"
PASSWORD="cI8tA85tF50yX54374"
BEEPER="32"
USERDATEFORMAT="DAY_MONTH_YEAR"
HOMESCREENURL="./Portal/default.htm"
USERMUSTRESETPASSWORD="TRUE"
PRODUCTLOCALE="en-US"
STUDYLOCALE="en-US"/>


<USER  USERNAME="mvandeneynde"
USERTYPE="SITE"
FIRSTNAME="Marc"
LASTNAME="Van Den Eynde"
DISPLAYNAME="Marc Van Den Eynde"
DESCRIPTION="--Check UMT to ensure credentials have already been sent before resetting password--"
COUNTRY="BELGIUM"
PHONE="323227648306"
ALTPHONE="32"
FAX="32"
EMAIL="marc.vandeneynde@uclouvain.be"
ACTIVESTATE="true"
DELETESTATE="false"
UPDATE="true"
PASSWORD="qK44jX1bZ53u66V9755"
BEEPER="32"
USERDATEFORMAT="DAY_MONTH_YEAR"
HOMESCREENURL="./Portal/default.htm"
USERMUSTRESETPASSWORD="TRUE"
PRODUCTLOCALE="en-US"
STUDYLOCALE="en-US"/>


<USER  USERNAME="hmarse"
USERTYPE="SITE"
FIRSTNAME="Hilde"
LASTNAME="marsé"
DISPLAYNAME="Hilde marsé"
DESCRIPTION="--Check UMT to ensure credentials have already been sent before resetting password--"
COUNTRY="BELGIUM"
PHONE="323216347583"
ALTPHONE="32"
FAX="32"
EMAIL="hilde.marse@uzleuven.be"
ACTIVESTATE="true"
DELETESTATE="false"
UPDATE="true"
PASSWORD="bI57K1znU47M5e7607"
BEEPER="32"
USERDATEFORMAT="DAY_MONTH_YEAR"
HOMESCREENURL="./Portal/default.htm"
USERMUSTRESETPASSWORD="TRUE"
PRODUCTLOCALE="en-US"
STUDYLOCALE="en-US"/>


<USER  USERNAME="wmessersmith"
USERTYPE="SITE"
FIRSTNAME="Wells"
LASTNAME="Messersmith"
DISPLAYNAME="Wells Messersmith"
DESCRIPTION="--Check UMT to ensure credentials have already been sent before resetting password--"
COUNTRY="UNITED STATES"
PHONE="17.20848e+009"
ALTPHONE="1"
FAX="1"
EMAIL="wells.messersmith@ucdenver.edu"
ACTIVESTATE="true"
DELETESTATE="false"
UPDATE="true"
PASSWORD="jU46oU17pD43F6v7081"
BEEPER="1"
USERDATEFORMAT="DAY_MONTH_YEAR"
HOMESCREENURL="./Portal/default.htm"
USERMUSTRESETPASSWORD="TRUE"
PRODUCTLOCALE="en-US"
STUDYLOCALE="en-US"/>


<USER  USERNAME="gfisher"
USERTYPE="SITE"
FIRSTNAME="George"
LASTNAME="Fisher"
DISPLAYNAME="George Fisher"
DESCRIPTION="--Check UMT to ensure credentials have already been sent before resetting password--"
COUNTRY="UNITED STATES"
PHONE="16.50726e+009"
ALTPHONE="1"
FAX="1"
EMAIL="georgeaf@stanford.edu"
ACTIVESTATE="true"
DELETESTATE="false"
UPDATE="true"
PASSWORD="i90ZG2yjS8sM62219"
BEEPER="1"
USERDATEFORMAT="DAY_MONTH_YEAR"
HOMESCREENURL="./Portal/default.htm"
USERMUSTRESETPASSWORD="TRUE"
PRODUCTLOCALE="en-US"
STUDYLOCALE="en-US"/>


<USER  USERNAME="nbahary"
USERTYPE="SITE"
FIRSTNAME="Nathan"
LASTNAME="Bahary"
DISPLAYNAME="Nathan Bahary"
DESCRIPTION="--Check UMT to ensure credentials have already been sent before resetting password--"
COUNTRY="UNITED STATES"
PHONE="14.12865e+009"
ALTPHONE="1"
FAX="1"
EMAIL="baharyn@upmc.edu"
ACTIVESTATE="true"
DELETESTATE="false"
UPDATE="true"
PASSWORD="wH12t2Fc7QtO67291"
BEEPER="1"
USERDATEFORMAT="DAY_MONTH_YEAR"
HOMESCREENURL="./Portal/default.htm"
USERMUSTRESETPASSWORD="TRUE"
PRODUCTLOCALE="en-US"
STUDYLOCALE="en-US"/>


<USER  USERNAME="jsingh"
USERTYPE="SITE"
FIRSTNAME="Jaswinder"
LASTNAME="Singh"
DISPLAYNAME="Jaswinder Singh"
DESCRIPTION="--Check UMT to ensure credentials have already been sent before resetting password--"
COUNTRY="UNITED STATES"
PHONE="18.16276e+009"
ALTPHONE="1"
FAX="1"
EMAIL="jaswinder.singh@hcamidwest.com"
ACTIVESTATE="true"
DELETESTATE="false"
UPDATE="true"
PASSWORD="zO19c2MuE2w6Y9957"
BEEPER="1"
USERDATEFORMAT="DAY_MONTH_YEAR"
HOMESCREENURL="./Portal/default.htm"
USERMUSTRESETPASSWORD="TRUE"
PRODUCTLOCALE="en-US"
STUDYLOCALE="en-US"/>


<USER  USERNAME="sroldan"
USERTYPE="SITE"
FIRSTNAME="Sebastian"
LASTNAME="Roldan"
DISPLAYNAME="Sebastian Roldan"
DESCRIPTION="--Check UMT to ensure credentials have already been sent before resetting password--"
COUNTRY="ARGENTINA"
PHONE="545402920428700"
ALTPHONE="54"
FAX="54"
EMAIL="abseroldan@gmail.com"
ACTIVESTATE="true"
DELETESTATE="false"
UPDATE="true"
PASSWORD="jL75p6RP7blD82081"
BEEPER="54"
USERDATEFORMAT="DAY_MONTH_YEAR"
HOMESCREENURL="./Portal/default.htm"
USERMUSTRESETPASSWORD="TRUE"
PRODUCTLOCALE="en-US"
STUDYLOCALE="en-US"/>


<USER  USERNAME="agarcia"
USERTYPE="SITE"
FIRSTNAME="Alexis"
LASTNAME="García"
DISPLAYNAME="Alexis García"
DESCRIPTION="--Check UMT to ensure credentials have already been sent before resetting password--"
COUNTRY="ARGENTINA"
PHONE="5402920428700"
ALTPHONE="54"
FAX="54"
EMAIL="cicclinicaviedma@hotmail.com"
ACTIVESTATE="true"
DELETESTATE="false"
UPDATE="true"
PASSWORD="m86CZ5st50Qg41F2956"
BEEPER="54"
USERDATEFORMAT="DAY_MONTH_YEAR"
HOMESCREENURL="./Portal/default.htm"
USERMUSTRESETPASSWORD="TRUE"
PRODUCTLOCALE="en-US"
STUDYLOCALE="en-US"/>


<USER  USERNAME="rgeva"
USERTYPE="SITE"
FIRSTNAME="ravit"
LASTNAME="Geva"
DISPLAYNAME="ravit Geva"
DESCRIPTION="--Check UMT to ensure credentials have already been sent before resetting password--"
COUNTRY="ISRAEL"
PHONE="9729.7237e+010"
ALTPHONE="972"
FAX="972"
EMAIL="ravitg@tlvmc.gov.il"
ACTIVESTATE="true"
DELETESTATE="false"
UPDATE="true"
PASSWORD="fN6uU59X9srN112783"
BEEPER="972"
USERDATEFORMAT="DAY_MONTH_YEAR"
HOMESCREENURL="./Portal/default.htm"
USERMUSTRESETPASSWORD="TRUE"
PRODUCTLOCALE="en-US"
STUDYLOCALE="en-US"/>


<USER  USERNAME="jsastre"
USERTYPE="SITE"
FIRSTNAME="Javier"
LASTNAME="Sastre"
DISPLAYNAME="Javier Sastre"
DESCRIPTION="--Check UMT to ensure credentials have already been sent before resetting password--"
COUNTRY="SPAIN"
PHONE="343.46209e+010"
ALTPHONE="34"
FAX="34"
EMAIL="jsastrev@salud.madrid.org"
ACTIVESTATE="true"
DELETESTATE="false"
UPDATE="true"
PASSWORD="vZ4r9CgD5aX98436"
BEEPER="34"
USERDATEFORMAT="DAY_MONTH_YEAR"
HOMESCREENURL="./Portal/default.htm"
USERMUSTRESETPASSWORD="TRUE"
PRODUCTLOCALE="en-US"
STUDYLOCALE="en-US"/>


<USER  USERNAME="blaquente"
USERTYPE="SITE"
FIRSTNAME="Berta"
LASTNAME="Laquente"
DISPLAYNAME="Berta Laquente"
DESCRIPTION="--Check UMT to ensure credentials have already been sent before resetting password--"
COUNTRY="SPAIN"
PHONE="343.49326e+010"
ALTPHONE="34"
FAX="34"
EMAIL="blaquente@iconcologia.net"
ACTIVESTATE="true"
DELETESTATE="false"
UPDATE="true"
PASSWORD="nG74eV66b6UtB666905"
BEEPER="34"
USERDATEFORMAT="DAY_MONTH_YEAR"
HOMESCREENURL="./Portal/default.htm"
USERMUSTRESETPASSWORD="TRUE"
PRODUCTLOCALE="en-US"
STUDYLOCALE="en-US"/>


<USER  USERNAME="CKing"
USERTYPE="SPONSOR"
FIRSTNAME="Christina"
LASTNAME="King"
DISPLAYNAME="Christina King"
DESCRIPTION="--Check UMT to ensure credentials have already been sent before resetting password--"
COUNTRY="UNITED STATES"
PHONE="11"
ALTPHONE="1"
FAX="1"
EMAIL="king_christina@lilly.com"
ACTIVESTATE="true"
DELETESTATE="false"
UPDATE="true"
PASSWORD="xB52nU19m21RdZ93632"
BEEPER="1"
USERDATEFORMAT="DAY_MONTH_YEAR"
HOMESCREENURL="./Portal/default.htm"
USERMUSTRESETPASSWORD="TRUE"
PRODUCTLOCALE="en-US"
STUDYLOCALE="en-US"/>


<USER  USERNAME="c228514"
USERTYPE="SPONSOR"
FIRSTNAME="Randy"
LASTNAME="Ray"
DISPLAYNAME="Randy Ray"
DESCRIPTION="--Check UMT to ensure credentials have already been sent before resetting password--"
COUNTRY="UNITED STATES"
PHONE="18303020169"
ALTPHONE="1"
FAX="1"
EMAIL="randy.ray@inventivhealth.com"
ACTIVESTATE="true"
DELETESTATE="false"
UPDATE="true"
PASSWORD="rZ2zB0J7lbC08915"
BEEPER="1"
USERDATEFORMAT="DAY_MONTH_YEAR"
HOMESCREENURL="./Portal/default.htm"
USERMUSTRESETPASSWORD="TRUE"
PRODUCTLOCALE="en-US"
STUDYLOCALE="en-US"/>


<USER  USERNAME="khourdequin"
USERTYPE="SITE"
FIRSTNAME="Kathryn"
LASTNAME="Hourdequin"
DISPLAYNAME="Kathryn Hourdequin"
DESCRIPTION="--Check UMT to ensure credentials have already been sent before resetting password--"
COUNTRY="UNITED STATES"
PHONE="16.03651e+009"
ALTPHONE="1"
FAX="1"
EMAIL="kathryn.c.hourdequin@hitchcock.org"
ACTIVESTATE="true"
DELETESTATE="false"
UPDATE="true"
PASSWORD="F1eN6csF17wB32195"
BEEPER="1"
USERDATEFORMAT="DAY_MONTH_YEAR"
HOMESCREENURL="./Portal/default.htm"
USERMUSTRESETPASSWORD="TRUE"
PRODUCTLOCALE="en-US"
STUDYLOCALE="en-US"/>


<USER  USERNAME="ksadowski"
USERTYPE="SITE"
FIRSTNAME="Kamil"
LASTNAME="Sadowski"
DISPLAYNAME="Kamil Sadowski"
DESCRIPTION="--Check UMT to ensure credentials have already been sent before resetting password--"
COUNTRY="UNITED STATES"
PHONE="12.03786e+009"
ALTPHONE="1"
FAX="1"
EMAIL="kamil.sadowski@yale.edu"
ACTIVESTATE="true"
DELETESTATE="false"
UPDATE="true"
PASSWORD="oN72o67NsL90fL137848"
BEEPER="1"
USERDATEFORMAT="DAY_MONTH_YEAR"
HOMESCREENURL="./Portal/default.htm"
USERMUSTRESETPASSWORD="TRUE"
PRODUCTLOCALE="en-US"
STUDYLOCALE="en-US"/>


<USER  USERNAME="ggreen"
USERTYPE="SITE"
FIRSTNAME="Gretchen"
LASTNAME="Green"
DISPLAYNAME="Gretchen Green"
DESCRIPTION="--Check UMT to ensure credentials have already been sent before resetting password--"
COUNTRY="UNITED STATES"
PHONE="12.06224e+009"
ALTPHONE="1"
FAX="1"
EMAIL="gretchen.green@virginiamason.org"
ACTIVESTATE="true"
DELETESTATE="false"
UPDATE="true"
PASSWORD="kU8p71UX1wH5w615"
BEEPER="1"
USERDATEFORMAT="DAY_MONTH_YEAR"
HOMESCREENURL="./Portal/default.htm"
USERMUSTRESETPASSWORD="TRUE"
PRODUCTLOCALE="en-US"
STUDYLOCALE="en-US"/>


<USER  USERNAME="aholmes"
USERTYPE="SITE"
FIRSTNAME="Amanda"
LASTNAME="Holmes"
DISPLAYNAME="Amanda Holmes"
DESCRIPTION="--Check UMT to ensure credentials have already been sent before resetting password--"
COUNTRY="UNITED STATES"
PHONE="12.06289e+009"
ALTPHONE="1"
FAX="1"
EMAIL="aholmes@seattlecca.org"
ACTIVESTATE="true"
DELETESTATE="false"
UPDATE="true"
PASSWORD="xF35f0BtI5jP82566"
BEEPER="1"
USERDATEFORMAT="DAY_MONTH_YEAR"
HOMESCREENURL="./Portal/default.htm"
USERMUSTRESETPASSWORD="TRUE"
PRODUCTLOCALE="en-US"
STUDYLOCALE="en-US"/>


<USER  USERNAME="slubner"
USERTYPE="SITE"
FIRSTNAME="Sam"
LASTNAME="Lubner"
DISPLAYNAME="Sam Lubner"
DESCRIPTION="--Check UMT to ensure credentials have already been sent before resetting password--"
COUNTRY="UNITED STATES"
PHONE="1608264009"
ALTPHONE="1"
FAX="1"
EMAIL="sjlubner@medicine.wisc.edu"
ACTIVESTATE="true"
DELETESTATE="false"
UPDATE="true"
PASSWORD="b72HtW24H7ufT548045"
BEEPER="1"
USERDATEFORMAT="DAY_MONTH_YEAR"
HOMESCREENURL="./Portal/default.htm"
USERMUSTRESETPASSWORD="TRUE"
PRODUCTLOCALE="en-US"
STUDYLOCALE="en-US"/>


<USER  USERNAME="cgeoffroy"
USERTYPE="SITE"
FIRSTNAME="Carrie"
LASTNAME="Geoffroy"
DISPLAYNAME="Carrie Geoffroy"
DESCRIPTION="--Check UMT to ensure credentials have already been sent before resetting password--"
COUNTRY="UNITED STATES"
PHONE="13.09243e+009"
ALTPHONE="1"
FAX="1"
EMAIL="cgeoffroy@illinoiscancercare.com"
ACTIVESTATE="true"
DELETESTATE="false"
UPDATE="true"
PASSWORD="qR5cA6zL57kO65897"
BEEPER="1"
USERDATEFORMAT="DAY_MONTH_YEAR"
HOMESCREENURL="./Portal/default.htm"
USERMUSTRESETPASSWORD="TRUE"
PRODUCTLOCALE="en-US"
STUDYLOCALE="en-US"/>


<USER  USERNAME="SKlein"
USERTYPE="SPONSOR"
FIRSTNAME="Sharon"
LASTNAME="Klein"
DISPLAYNAME="Sharon Klein"
DESCRIPTION="--Check UMT to ensure credentials have already been sent before resetting password--"
COUNTRY="UNITED STATES"
PHONE="11"
ALTPHONE="1"
FAX="1"
EMAIL="klein_sharon_m@lilly.com"
ACTIVESTATE="true"
DELETESTATE="false"
UPDATE="true"
PASSWORD="r3Qy88CdR69kI8274"
BEEPER="1"
USERDATEFORMAT="DAY_MONTH_YEAR"
HOMESCREENURL="./Portal/default.htm"
USERMUSTRESETPASSWORD="TRUE"
PRODUCTLOCALE="en-US"
STUDYLOCALE="en-US"/>


<USER  USERNAME="c224325"
USERTYPE="SPONSOR"
FIRSTNAME="Yu-Han"
LASTNAME="Hsueh"
DISPLAYNAME="Yu-Han Hsueh"
DESCRIPTION="--Check UMT to ensure credentials have already been sent before resetting password--"
COUNTRY="TAIWAN"
PHONE="88688652591089"
ALTPHONE="886"
FAX="886"
EMAIL="yu-han.hsueh@quintiles.com"
ACTIVESTATE="true"
DELETESTATE="false"
UPDATE="true"
PASSWORD="m49PR1pa7QzG2150"
BEEPER="886"
USERDATEFORMAT="DAY_MONTH_YEAR"
HOMESCREENURL="./Portal/default.htm"
USERMUSTRESETPASSWORD="TRUE"
PRODUCTLOCALE="en-US"
STUDYLOCALE="en-US"/>


<USER  USERNAME="c191699"
USERTYPE="SPONSOR"
FIRSTNAME="Cynthia"
LASTNAME="Fleming"
DISPLAYNAME="Cynthia Fleming"
DESCRIPTION="--Check UMT to ensure credentials have already been sent before resetting password--"
COUNTRY="UNITED STATES"
PHONE="13175186564"
ALTPHONE="1"
FAX="1"
EMAIL="cvfleming@lilly.com"
ACTIVESTATE="true"
DELETESTATE="false"
UPDATE="true"
PASSWORD="kH55uB8sB35cZ773629"
BEEPER="1"
USERDATEFORMAT="DAY_MONTH_YEAR"
HOMESCREENURL="./Portal/default.htm"
USERMUSTRESETPASSWORD="TRUE"
PRODUCTLOCALE="en-US"
STUDYLOCALE="en-US"/>


<USER  USERNAME="c242107"
USERTYPE="SPONSOR"
FIRSTNAME="Diane"
LASTNAME="Naylor"
DISPLAYNAME="Diane Naylor"
DESCRIPTION="--Check UMT to ensure credentials have already been sent before resetting password--"
COUNTRY="UNITED STATES"
PHONE="118014502403"
ALTPHONE="1"
FAX="1"
EMAIL="diane.naylor@quintilesims.com"
ACTIVESTATE="true"
DELETESTATE="false"
UPDATE="true"
PASSWORD="nQ56q3NS4bT4u9787"
BEEPER="1"
USERDATEFORMAT="DAY_MONTH_YEAR"
HOMESCREENURL="./Portal/default.htm"
USERMUSTRESETPASSWORD="TRUE"
PRODUCTLOCALE="en-US"
STUDYLOCALE="en-US"/>


<USER  USERNAME="v0x0647"
USERTYPE="SPONSOR"
FIRSTNAME="Kim"
LASTNAME="Hunter"
DISPLAYNAME="Kim Hunter"
DESCRIPTION="--Check UMT to ensure credentials have already been sent before resetting password--"
COUNTRY="UNITED STATES"
PHONE="12062401449"
ALTPHONE="1"
FAX="1"
EMAIL="Kim.hunter1@quintiles.com"
ACTIVESTATE="true"
DELETESTATE="false"
UPDATE="true"
PASSWORD="zB84n47LcG1F2n3073"
BEEPER="1"
USERDATEFORMAT="DAY_MONTH_YEAR"
HOMESCREENURL="./Portal/default.htm"
USERMUSTRESETPASSWORD="TRUE"
PRODUCTLOCALE="en-US"
STUDYLOCALE="en-US"/>


<USER  USERNAME="c226130"
USERTYPE="SPONSOR"
FIRSTNAME="Lindsey"
LASTNAME="Reichle"
DISPLAYNAME="Lindsey Reichle"
DESCRIPTION="--Check UMT to ensure credentials have already been sent before resetting password--"
COUNTRY="UNITED STATES"
PHONE="13142249354"
ALTPHONE="1"
FAX="1"
EMAIL="Lindsey.reichle@quintiles.com"
ACTIVESTATE="true"
DELETESTATE="false"
UPDATE="true"
PASSWORD="P5cgO85f1IN6h2122"
BEEPER="1"
USERDATEFORMAT="DAY_MONTH_YEAR"
HOMESCREENURL="./Portal/default.htm"
USERMUSTRESETPASSWORD="TRUE"
PRODUCTLOCALE="en-US"
STUDYLOCALE="en-US"/>


<USER  USERNAME="z2X1910"
USERTYPE="SPONSOR"
FIRSTNAME="Andrew"
LASTNAME="Sullivan"
DISPLAYNAME="Andrew Sullivan"
DESCRIPTION="--Check UMT to ensure credentials have already been sent before resetting password--"
COUNTRY="UNITED STATES"
PHONE="18137462086"
ALTPHONE="1"
FAX="1"
EMAIL="andrew.sullivan@quintiles.com"
ACTIVESTATE="true"
DELETESTATE="false"
UPDATE="true"
PASSWORD="v0HaU92yG17e9X1689"
BEEPER="1"
USERDATEFORMAT="DAY_MONTH_YEAR"
HOMESCREENURL="./Portal/default.htm"
USERMUSTRESETPASSWORD="TRUE"
PRODUCTLOCALE="en-US"
STUDYLOCALE="en-US"/>


<USER  USERNAME="z1x0496"
USERTYPE="SPONSOR"
FIRSTNAME="Jennifer"
LASTNAME="Brodhacker"
DISPLAYNAME="Jennifer Brodhacker"
DESCRIPTION="--Check UMT to ensure credentials have already been sent before resetting password--"
COUNTRY="UNITED STATES"
PHONE="13174488801"
ALTPHONE="1"
FAX="1"
EMAIL="jennifer.brodhacker@inventivhealth.com"
ACTIVESTATE="true"
DELETESTATE="false"
UPDATE="true"
PASSWORD="y4BiY7i18Ip4M7205"
BEEPER="1"
USERDATEFORMAT="DAY_MONTH_YEAR"
HOMESCREENURL="./Portal/default.htm"
USERMUSTRESETPASSWORD="TRUE"
PRODUCTLOCALE="en-US"
STUDYLOCALE="en-US"/>


<USER  USERNAME="coder_query"
USERTYPE="SPONSOR"
FIRSTNAME="Coder"
LASTNAME="Query"
DISPLAYNAME="Coder Query"
DESCRIPTION="--Check UMT to ensure credentials have already been sent before resetting password--"
COUNTRY="UNITED STATES"
PHONE="11"
ALTPHONE="1"
FAX="1"
EMAIL="talley_dorothea_d@lilly.com"
ACTIVESTATE="true"
DELETESTATE="false"
UPDATE="true"
PASSWORD="m0MbO9sP11e13A6163"
BEEPER="1"
USERDATEFORMAT="DAY_MONTH_YEAR"
HOMESCREENURL="./Portal/default.htm"
USERMUSTRESETPASSWORD="TRUE"
PRODUCTLOCALE="en-US"
STUDYLOCALE="en-US"/>


<USER  USERNAME="a612006"
USERTYPE="SPONSOR"
FIRSTNAME="Daisy"
LASTNAME="Hartman"
DISPLAYNAME="Daisy Hartman"
DESCRIPTION="--Check UMT to ensure credentials have already been sent before resetting password--"
COUNTRY="UNITED STATES"
PHONE="113176556832"
ALTPHONE="1"
FAX="1"
EMAIL="hartman_daisy_g@lilly.com"
ACTIVESTATE="true"
DELETESTATE="false"
UPDATE="true"
PASSWORD="dO4c1Yk3IxC15653"
BEEPER="1"
USERDATEFORMAT="DAY_MONTH_YEAR"
HOMESCREENURL="./Portal/default.htm"
USERMUSTRESETPASSWORD="TRUE"
PRODUCTLOCALE="en-US"
STUDYLOCALE="en-US"/>


<USER  USERNAME="c235611"
USERTYPE="SPONSOR"
FIRSTNAME="Jody"
LASTNAME="Salorio"
DISPLAYNAME="Jody Salorio"
DESCRIPTION="--Check UMT to ensure credentials have already been sent before resetting password--"
COUNTRY="UNITED STATES"
PHONE="19494391892"
ALTPHONE="1"
FAX="1"
EMAIL="jody.salorio@quintilesims.com"
ACTIVESTATE="true"
DELETESTATE="false"
UPDATE="true"
PASSWORD="sF54t8VvI2m83G7145"
BEEPER="1"
USERDATEFORMAT="DAY_MONTH_YEAR"
HOMESCREENURL="./Portal/default.htm"
USERMUSTRESETPASSWORD="TRUE"
PRODUCTLOCALE="en-US"
STUDYLOCALE="en-US"/>


<USER  USERNAME="c241514"
USERTYPE="SPONSOR"
FIRSTNAME="Diane Elizabeth"
LASTNAME="Helwig"
DISPLAYNAME="Diane Elizabeth Helwig"
DESCRIPTION="--Check UMT to ensure credentials have already been sent before resetting password--"
COUNTRY="UNITED STATES"
PHONE="17178259561"
ALTPHONE="1"
FAX="1"
EMAIL="DianeElizabeth.Helwig@quintiles.com"
ACTIVESTATE="true"
DELETESTATE="false"
UPDATE="true"
PASSWORD="t29EkQ40jB47nI658772"
BEEPER="1"
USERDATEFORMAT="DAY_MONTH_YEAR"
HOMESCREENURL="./Portal/default.htm"
USERMUSTRESETPASSWORD="TRUE"
PRODUCTLOCALE="en-US"
STUDYLOCALE="en-US"/>


<USER  USERNAME="c226745"
USERTYPE="SPONSOR"
FIRSTNAME="Kelly"
LASTNAME="McKinney"
DISPLAYNAME="Kelly McKinney"
DESCRIPTION="--Check UMT to ensure credentials have already been sent before resetting password--"
COUNTRY="UNITED STATES"
PHONE="115122141324"
ALTPHONE="1"
FAX="1"
EMAIL="kelly.mckinney@inventivhealth.com"
ACTIVESTATE="true"
DELETESTATE="false"
UPDATE="true"
PASSWORD="tW49O9okI8p14D4464"
BEEPER="1"
USERDATEFORMAT="DAY_MONTH_YEAR"
HOMESCREENURL="./Portal/default.htm"
USERMUSTRESETPASSWORD="TRUE"
PRODUCTLOCALE="en-US"
STUDYLOCALE="en-US"/>


<USER  USERNAME="ye91098"
USERTYPE="SPONSOR"
FIRSTNAME="Kennie"
LASTNAME="Ogunnaike"
DISPLAYNAME="Kennie Ogunnaike"
DESCRIPTION="--Check UMT to ensure credentials have already been sent before resetting password--"
COUNTRY="UNITED KINGDOM"
PHONE="444.4012764838e+012"
ALTPHONE="44"
FAX="44"
EMAIL="ogunnaike_kennie@lilly.com"
ACTIVESTATE="true"
DELETESTATE="false"
UPDATE="true"
PASSWORD="A8rn0Yx33QvE964969"
BEEPER="44"
USERDATEFORMAT="DAY_MONTH_YEAR"
HOMESCREENURL="./Portal/default.htm"
USERMUSTRESETPASSWORD="TRUE"
PRODUCTLOCALE="en-US"
STUDYLOCALE="en-US"/>


<USER  USERNAME="c039853"
USERTYPE="SPONSOR"
FIRSTNAME="Teresa"
LASTNAME="Hogan"
DISPLAYNAME="Teresa Hogan"
DESCRIPTION="--Check UMT to ensure credentials have already been sent before resetting password--"
COUNTRY="UNITED STATES"
PHONE="13176552174"
ALTPHONE="1"
FAX="1"
EMAIL="hogan_teresa_l@lilly.com"
ACTIVESTATE="true"
DELETESTATE="false"
UPDATE="true"
PASSWORD="fP45Q3iiS1F1o7982"
BEEPER="1"
USERDATEFORMAT="DAY_MONTH_YEAR"
HOMESCREENURL="./Portal/default.htm"
USERMUSTRESETPASSWORD="TRUE"
PRODUCTLOCALE="en-US"
STUDYLOCALE="en-US"/>


<USER  USERNAME="ahendifar"
USERTYPE="SITE"
FIRSTNAME="Andrew"
LASTNAME="Hendifar"
DISPLAYNAME="Andrew Hendifar"
DESCRIPTION="--Check UMT to ensure credentials have already been sent before resetting password--"
COUNTRY="UNITED STATES"
PHONE="13.10424e+009"
ALTPHONE="1"
FAX="1"
EMAIL="andrew.hendifar@cshs.org"
ACTIVESTATE="true"
DELETESTATE="false"
UPDATE="true"
PASSWORD="bG4w0HpU46wA715747"
BEEPER="1"
USERDATEFORMAT="DAY_MONTH_YEAR"
HOMESCREENURL="./Portal/default.htm"
USERMUSTRESETPASSWORD="TRUE"
PRODUCTLOCALE="en-US"
STUDYLOCALE="en-US"/>


<USER  USERNAME="lchantrill"
USERTYPE="SITE"
FIRSTNAME="Lorraine"
LASTNAME="Chantrill"
DISPLAYNAME="Lorraine Chantrill"
DESCRIPTION="--Check UMT to ensure credentials have already been sent before resetting password--"
COUNTRY="AUSTRALIA"
PHONE="616.12936e+010"
ALTPHONE="61"
FAX="61"
EMAIL="l.chantrill@garvan.org.au"
ACTIVESTATE="true"
DELETESTATE="false"
UPDATE="true"
PASSWORD="g45EO3ak3AP1k8182"
BEEPER="61"
USERDATEFORMAT="DAY_MONTH_YEAR"
HOMESCREENURL="./Portal/default.htm"
USERMUSTRESETPASSWORD="TRUE"
PRODUCTLOCALE="en-US"
STUDYLOCALE="en-US"/>


<USER  USERNAME="lratnayake"
USERTYPE="SITE"
FIRSTNAME="Lalith"
LASTNAME="Ratnayake"
DISPLAYNAME="Lalith Ratnayake"
DESCRIPTION="--Check UMT to ensure credentials have already been sent before resetting password--"
COUNTRY="AUSTRALIA"
PHONE="616.22936e+010"
ALTPHONE="61"
FAX="61"
EMAIL="lalith.ratnayake@svha.org.au"
ACTIVESTATE="true"
DELETESTATE="false"
UPDATE="true"
PASSWORD="tI5kA0jC11p96D355"
BEEPER="61"
USERDATEFORMAT="DAY_MONTH_YEAR"
HOMESCREENURL="./Portal/default.htm"
USERMUSTRESETPASSWORD="TRUE"
PRODUCTLOCALE="en-US"
STUDYLOCALE="en-US"/>


<USER  USERNAME="Swu"
USERTYPE="SITE"
FIRSTNAME="Shu-Ling"
LASTNAME="Wu"
DISPLAYNAME="Shu-Ling Wu"
DESCRIPTION="--Check UMT to ensure credentials have already been sent before resetting password--"
COUNTRY="TAIWAN"
PHONE="8868.8691e+011"
ALTPHONE="886"
FAX="886"
EMAIL="shulingwu.ntuh@gmail.com"
ACTIVESTATE="true"
DELETESTATE="false"
UPDATE="true"
PASSWORD="kP86x93Ln56JcD08723"
BEEPER="886"
USERDATEFORMAT="DAY_MONTH_YEAR"
HOMESCREENURL="./Portal/default.htm"
USERMUSTRESETPASSWORD="TRUE"
PRODUCTLOCALE="en-US"
STUDYLOCALE="en-US"/>


<USER  USERNAME="cli"
USERTYPE="SITE"
FIRSTNAME="Chung-Pin"
LASTNAME="Li"
DISPLAYNAME="Chung-Pin Li"
DESCRIPTION="--Check UMT to ensure credentials have already been sent before resetting password--"
COUNTRY="TAIWAN"
PHONE="886886228712121"
ALTPHONE="886"
FAX="886"
EMAIL="cpli@vghtpe.gov.tw"
ACTIVESTATE="true"
DELETESTATE="false"
UPDATE="true"
PASSWORD="fM8v28IwI0yC264749"
BEEPER="886"
USERDATEFORMAT="DAY_MONTH_YEAR"
HOMESCREENURL="./Portal/default.htm"
USERMUSTRESETPASSWORD="TRUE"
PRODUCTLOCALE="en-US"
STUDYLOCALE="en-US"/>


<USER  USERNAME="tpfiffer"
USERTYPE="SITE"
FIRSTNAME="Tulio"
LASTNAME="Pfiffer"
DISPLAYNAME="Tulio Pfiffer"
DESCRIPTION="--Check UMT to ensure credentials have already been sent before resetting password--"
COUNTRY="BRAZIL"
PHONE="555.51139e+011"
ALTPHONE="55"
FAX="55"
EMAIL="tefpfiffer@yahoo.com.br"
ACTIVESTATE="true"
DELETESTATE="false"
UPDATE="true"
PASSWORD="j3RbQ41y8YxH2638"
BEEPER="55"
USERDATEFORMAT="DAY_MONTH_YEAR"
HOMESCREENURL="./Portal/default.htm"
USERMUSTRESETPASSWORD="TRUE"
PRODUCTLOCALE="en-US"
STUDYLOCALE="en-US"/>


<USER  USERNAME="naraujosartorio"
USERTYPE="SITE"
FIRSTNAME="Natalia"
LASTNAME="Araujo Sartorio"
DISPLAYNAME="Natalia Araujo Sartorio"
DESCRIPTION="--Check UMT to ensure credentials have already been sent before resetting password--"
COUNTRY="BRAZIL"
PHONE="55551138933525"
ALTPHONE="55"
FAX="55"
EMAIL="natalia.sartorio@hc.fm.usp.br"
ACTIVESTATE="true"
DELETESTATE="false"
UPDATE="true"
PASSWORD="s5RzL0aT59qT268104"
BEEPER="55"
USERDATEFORMAT="DAY_MONTH_YEAR"
HOMESCREENURL="./Portal/default.htm"
USERMUSTRESETPASSWORD="TRUE"
PRODUCTLOCALE="en-US"
STUDYLOCALE="en-US"/>


<USER  USERNAME="gmolina"
USERTYPE="SITE"
FIRSTNAME="Gerardo"
LASTNAME="Molina"
DISPLAYNAME="Gerardo Molina"
DESCRIPTION="--Check UMT to ensure credentials have already been sent before resetting password--"
COUNTRY="ARGENTINA"
PHONE="545402920428700"
ALTPHONE="54"
FAX="54"
EMAIL="molina-gerardo@outlook.com"
ACTIVESTATE="true"
DELETESTATE="false"
UPDATE="true"
PASSWORD="aK9e59KlO5U6o5957"
BEEPER="54"
USERDATEFORMAT="DAY_MONTH_YEAR"
HOMESCREENURL="./Portal/default.htm"
USERMUSTRESETPASSWORD="TRUE"
PRODUCTLOCALE="en-US"
STUDYLOCALE="en-US"/>


<USER  USERNAME="rkowalyszyn"
USERTYPE="SITE"
FIRSTNAME="Rubén"
LASTNAME="Kowalyszyn"
DISPLAYNAME="Rubén Kowalyszyn"
DESCRIPTION="--Check UMT to ensure credentials have already been sent before resetting password--"
COUNTRY="ARGENTINA"
PHONE="5402920428700"
ALTPHONE="54"
FAX="54"
EMAIL="kowar@rnonline.com.ar"
ACTIVESTATE="true"
DELETESTATE="false"
UPDATE="true"
PASSWORD="cE58R6kO6exC46524"
BEEPER="54"
USERDATEFORMAT="DAY_MONTH_YEAR"
HOMESCREENURL="./Portal/default.htm"
USERMUSTRESETPASSWORD="TRUE"
PRODUCTLOCALE="en-US"
STUDYLOCALE="en-US"/>


<USER  USERNAME="npetel"
USERTYPE="SITE"
FIRSTNAME="Neri"
LASTNAME="Petel"
DISPLAYNAME="Neri Petel"
DESCRIPTION="--Check UMT to ensure credentials have already been sent before resetting password--"
COUNTRY="ISRAEL"
PHONE="972972522253547"
ALTPHONE="972"
FAX="972"
EMAIL="n_petel@rambam.health.gov.il"
ACTIVESTATE="true"
DELETESTATE="false"
UPDATE="true"
PASSWORD="eQ79H8boO5yL735832"
BEEPER="972"
USERDATEFORMAT="DAY_MONTH_YEAR"
HOMESCREENURL="./Portal/default.htm"
USERMUSTRESETPASSWORD="TRUE"
PRODUCTLOCALE="en-US"
STUDYLOCALE="en-US"/>


<USER  USERNAME="agoldstein"
USERTYPE="SITE"
FIRSTNAME="Adva"
LASTNAME="Goldshtain"
DISPLAYNAME="Adva Goldshtain"
DESCRIPTION="--Check UMT to ensure credentials have already been sent before resetting password--"
COUNTRY="ISRAEL"
PHONE="97297235305349"
ALTPHONE="972"
FAX="972"
EMAIL="adva.goldshtain@sheba.health.gov.il"
ACTIVESTATE="true"
DELETESTATE="false"
UPDATE="true"
PASSWORD="rB34pZ38mX52a62C5783"
BEEPER="972"
USERDATEFORMAT="DAY_MONTH_YEAR"
HOMESCREENURL="./Portal/default.htm"
USERMUSTRESETPASSWORD="TRUE"
PRODUCTLOCALE="en-US"
STUDYLOCALE="en-US"/>


<USER  USERNAME="dfrost"
USERTYPE="SITE"
FIRSTNAME="Dana"
LASTNAME="Frost"
DISPLAYNAME="Dana Frost"
DESCRIPTION="--Check UMT to ensure credentials have already been sent before resetting password--"
COUNTRY="ISRAEL"
PHONE="9729.72369e+010"
ALTPHONE="972"
FAX="972"
EMAIL="danafro@tlvmc.gov.il"
ACTIVESTATE="true"
DELETESTATE="false"
UPDATE="true"
PASSWORD="zI68x89WiJ9rU914252"
BEEPER="972"
USERDATEFORMAT="DAY_MONTH_YEAR"
HOMESCREENURL="./Portal/default.htm"
USERMUSTRESETPASSWORD="TRUE"
PRODUCTLOCALE="en-US"
STUDYLOCALE="en-US"/>


<USER  USERNAME="jrivera"
USERTYPE="SITE"
FIRSTNAME="Josefina"
LASTNAME="Rivera"
DISPLAYNAME="Josefina Rivera"
DESCRIPTION="--Check UMT to ensure credentials have already been sent before resetting password--"
COUNTRY="SPAIN"
PHONE="343.49326e+010"
ALTPHONE="34"
FAX="34"
EMAIL="jrivera@iconcologia.net"
ACTIVESTATE="true"
DELETESTATE="false"
UPDATE="true"
PASSWORD="B5dg8AlU4Q8n8990"
BEEPER="34"
USERDATEFORMAT="DAY_MONTH_YEAR"
HOMESCREENURL="./Portal/default.htm"
USERMUSTRESETPASSWORD="TRUE"
PRODUCTLOCALE="en-US"
STUDYLOCALE="en-US"/>


<USER  USERNAME="tvilella"
USERTYPE="SITE"
FIRSTNAME="Teresa"
LASTNAME="Vilella"
DISPLAYNAME="Teresa Vilella"
DESCRIPTION="--Check UMT to ensure credentials have already been sent before resetting password--"
COUNTRY="SPAIN"
PHONE="340034932275400"
ALTPHONE="34"
FAX="34"
EMAIL="VILELLA@clinic.cat"
ACTIVESTATE="true"
DELETESTATE="false"
UPDATE="true"
PASSWORD="k1VlU10L5yW3o7151"
BEEPER="34"
USERDATEFORMAT="DAY_MONTH_YEAR"
HOMESCREENURL="./Portal/default.htm"
USERMUSTRESETPASSWORD="TRUE"
PRODUCTLOCALE="en-US"
STUDYLOCALE="en-US"/>


<USER  USERNAME="hprenen"
USERTYPE="SITE"
FIRSTNAME="Hans"
LASTNAME="Prenen"
DISPLAYNAME="Hans Prenen"
DESCRIPTION="--Check UMT to ensure credentials have already been sent before resetting password--"
COUNTRY="BELGIUM"
PHONE="323216340238"
ALTPHONE="32"
FAX="32"
EMAIL="hans.prenen@uzleuven.be"
ACTIVESTATE="true"
DELETESTATE="false"
UPDATE="true"
PASSWORD="uZ4Z4gaA5U5n967"
BEEPER="32"
USERDATEFORMAT="DAY_MONTH_YEAR"
HOMESCREENURL="./Portal/default.htm"
USERMUSTRESETPASSWORD="TRUE"
PRODUCTLOCALE="en-US"
STUDYLOCALE="en-US"/>


<USER  USERNAME="pdeclerq"
USERTYPE="SITE"
FIRSTNAME="Peggy"
LASTNAME="De Clerq"
DISPLAYNAME="Peggy De Clerq"
DESCRIPTION="--Check UMT to ensure credentials have already been sent before resetting password--"
COUNTRY="BELGIUM"
PHONE="323238215307"
ALTPHONE="32"
FAX="32"
EMAIL="peggy.de.clercq@uza.be"
ACTIVESTATE="true"
DELETESTATE="false"
UPDATE="true"
PASSWORD="a14ChG5cB35n69I2732"
BEEPER="32"
USERDATEFORMAT="DAY_MONTH_YEAR"
HOMESCREENURL="./Portal/default.htm"
USERMUSTRESETPASSWORD="TRUE"
PRODUCTLOCALE="en-US"
STUDYLOCALE="en-US"/>


<USER  USERNAME="taparicio"
USERTYPE="SITE"
FIRSTNAME="Thomas"
LASTNAME="Aparicio"
DISPLAYNAME="Thomas Aparicio"
DESCRIPTION="--Check UMT to ensure credentials have already been sent before resetting password--"
COUNTRY="FRANCE"
PHONE="333.31425e+010"
ALTPHONE="33"
FAX="33"
EMAIL="thomas.aparicio@aphp.fr"
ACTIVESTATE="true"
DELETESTATE="false"
UPDATE="true"
PASSWORD="nS4nC85tH3jC506014"
BEEPER="33"
USERDATEFORMAT="DAY_MONTH_YEAR"
HOMESCREENURL="./Portal/default.htm"
USERMUSTRESETPASSWORD="TRUE"
PRODUCTLOCALE="en-US"
STUDYLOCALE="en-US"/>


<USER  USERNAME="pcassier"
USERTYPE="SITE"
FIRSTNAME="Philippe"
LASTNAME="Cassier"
DISPLAYNAME="Philippe Cassier"
DESCRIPTION="--Check UMT to ensure credentials have already been sent before resetting password--"
COUNTRY="FRANCE"
PHONE="333.34266e+010"
ALTPHONE="33"
FAX="33"
EMAIL="philippe.cassier@lyon.unicancer.fr"
ACTIVESTATE="true"
DELETESTATE="false"
UPDATE="true"
PASSWORD="X7xqG34P1hoW583866"
BEEPER="33"
USERDATEFORMAT="DAY_MONTH_YEAR"
HOMESCREENURL="./Portal/default.htm"
USERMUSTRESETPASSWORD="TRUE"
PRODUCTLOCALE="en-US"
STUDYLOCALE="en-US"/>


<USER  USERNAME="eraymond"
USERTYPE="SITE"
FIRSTNAME="Eric"
LASTNAME="Raymond"
DISPLAYNAME="Eric Raymond"
DESCRIPTION="--Check UMT to ensure credentials have already been sent before resetting password--"
COUNTRY="FRANCE"
PHONE="333.36763e+010"
ALTPHONE="33"
FAX="33"
EMAIL="eraymond@hpsj.fr"
ACTIVESTATE="true"
DELETESTATE="false"
UPDATE="true"
PASSWORD="m8Rj4DzG4d72H4125"
BEEPER="33"
USERDATEFORMAT="DAY_MONTH_YEAR"
HOMESCREENURL="./Portal/default.htm"
USERMUSTRESETPASSWORD="TRUE"
PRODUCTLOCALE="en-US"
STUDYLOCALE="en-US"/>


<USER  USERNAME="vsemenesty"
USERTYPE="SITE"
FIRSTNAME="Valeria"
LASTNAME="Semenesty"
DISPLAYNAME="Valeria Semenesty"
DESCRIPTION="--Check UMT to ensure credentials have already been sent before resetting password--"
COUNTRY="ISRAEL"
PHONE="9729.72478e+010"
ALTPHONE="972"
FAX="972"
EMAIL="v_semenysty@rambam.health.gov.il"
ACTIVESTATE="true"
DELETESTATE="false"
UPDATE="true"
PASSWORD="zY66J6iaK63bG516770"
BEEPER="972"
USERDATEFORMAT="DAY_MONTH_YEAR"
HOMESCREENURL="./Portal/default.htm"
USERMUSTRESETPASSWORD="TRUE"
PRODUCTLOCALE="en-US"
STUDYLOCALE="en-US"/>


<USER  USERNAME="tgolan"
USERTYPE="SITE"
FIRSTNAME="Talia"
LASTNAME="Golan"
DISPLAYNAME="Talia Golan"
DESCRIPTION="--Check UMT to ensure credentials have already been sent before resetting password--"
COUNTRY="ISRAEL"
PHONE="9729.72353e+010"
ALTPHONE="972"
FAX="972"
EMAIL="talia.golan@sheba.health.gov.il"
ACTIVESTATE="true"
DELETESTATE="false"
UPDATE="true"
PASSWORD="s92Ga93FyQ72fD909400"
BEEPER="972"
USERDATEFORMAT="DAY_MONTH_YEAR"
HOMESCREENURL="./Portal/default.htm"
USERMUSTRESETPASSWORD="TRUE"
PRODUCTLOCALE="en-US"
STUDYLOCALE="en-US"/>


<USER  USERNAME="ralfonso"
USERTYPE="SITE"
FIRSTNAME="Rosario"
LASTNAME="Alfonso"
DISPLAYNAME="Rosario Alfonso"
DESCRIPTION="--Check UMT to ensure credentials have already been sent before resetting password--"
COUNTRY="SPAIN"
PHONE="340034913303000"
ALTPHONE="34"
FAX="34"
EMAIL="alfonsosansegundo@yahoo.es"
ACTIVESTATE="true"
DELETESTATE="false"
UPDATE="true"
PASSWORD="rQ1F9tdW21pZ82721"
BEEPER="34"
USERDATEFORMAT="DAY_MONTH_YEAR"
HOMESCREENURL="./Portal/default.htm"
USERMUSTRESETPASSWORD="TRUE"
PRODUCTLOCALE="en-US"
STUDYLOCALE="en-US"/>


<USER  USERNAME="irojas"
USERTYPE="SITE"
FIRSTNAME="Irene"
LASTNAME="Rojas"
DISPLAYNAME="Irene Rojas"
DESCRIPTION="--Check UMT to ensure credentials have already been sent before resetting password--"
COUNTRY="SPAIN"
PHONE="343.46081e+010"
ALTPHONE="34"
FAX="34"
EMAIL="irene.rojas@ibima.eu"
ACTIVESTATE="true"
DELETESTATE="false"
UPDATE="true"
PASSWORD="bR12zB6q48Uh9N190"
BEEPER="34"
USERDATEFORMAT="DAY_MONTH_YEAR"
HOMESCREENURL="./Portal/default.htm"
USERMUSTRESETPASSWORD="TRUE"
PRODUCTLOCALE="en-US"
STUDYLOCALE="en-US"/>


<USER  USERNAME="amoxhon"
USERTYPE="SITE"
FIRSTNAME="Anne"
LASTNAME="Moxhon"
DISPLAYNAME="Anne Moxhon"
DESCRIPTION="--Check UMT to ensure credentials have already been sent before resetting password--"
COUNTRY="BELGIUM"
PHONE="323227644217"
ALTPHONE="32"
FAX="32"
EMAIL="anne.moxhon@uclouvain.be"
ACTIVESTATE="true"
DELETESTATE="false"
UPDATE="true"
PASSWORD="C2tj0Ne4KnC01065"
BEEPER="32"
USERDATEFORMAT="DAY_MONTH_YEAR"
HOMESCREENURL="./Portal/default.htm"
USERMUSTRESETPASSWORD="TRUE"
PRODUCTLOCALE="en-US"
STUDYLOCALE="en-US"/>


<USER  USERNAME="evancutsem"
USERTYPE="SITE"
FIRSTNAME="eric"
LASTNAME="Van Cutsem"
DISPLAYNAME="eric Van Cutsem"
DESCRIPTION="--Check UMT to ensure credentials have already been sent before resetting password--"
COUNTRY="BELGIUM"
PHONE="323216344218"
ALTPHONE="32"
FAX="32"
EMAIL="eric.vancutsem@uzleuven.be"
ACTIVESTATE="true"
DELETESTATE="false"
UPDATE="true"
PASSWORD="hJ51uZ81sX0dB423731"
BEEPER="32"
USERDATEFORMAT="DAY_MONTH_YEAR"
HOMESCREENURL="./Portal/default.htm"
USERMUSTRESETPASSWORD="TRUE"
PRODUCTLOCALE="en-US"
STUDYLOCALE="en-US"/>


<USER  USERNAME="mpeeters"
USERTYPE="SITE"
FIRSTNAME="Marc"
LASTNAME="Peeters"
DISPLAYNAME="Marc Peeters"
DESCRIPTION="--Check UMT to ensure credentials have already been sent before resetting password--"
COUNTRY="BELGIUM"
PHONE="323238213954"
ALTPHONE="32"
FAX="32"
EMAIL="marc.peeters@uza.be"
ACTIVESTATE="true"
DELETESTATE="false"
UPDATE="true"
PASSWORD="eN45nH29eI7dQ488447"
BEEPER="32"
USERDATEFORMAT="DAY_MONTH_YEAR"
HOMESCREENURL="./Portal/default.htm"
USERMUSTRESETPASSWORD="TRUE"
PRODUCTLOCALE="en-US"
STUDYLOCALE="en-US"/>


<USER  USERNAME="mrasschaert"
USERTYPE="SITE"
FIRSTNAME="Marika"
LASTNAME="Rasschaert"
DISPLAYNAME="Marika Rasschaert"
DESCRIPTION="--Check UMT to ensure credentials have already been sent before resetting password--"
COUNTRY="BELGIUM"
PHONE="323238214171"
ALTPHONE="32"
FAX="32"
EMAIL="marika.rasschaert@uza.be"
ACTIVESTATE="true"
DELETESTATE="false"
UPDATE="true"
PASSWORD="r8SgC62I6wN0x1830"
BEEPER="32"
USERDATEFORMAT="DAY_MONTH_YEAR"
HOMESCREENURL="./Portal/default.htm"
USERMUSTRESETPASSWORD="TRUE"
PRODUCTLOCALE="en-US"
STUDYLOCALE="en-US"/>


<USER  USERNAME="jfblanc"
USERTYPE="SITE"
FIRSTNAME="Jean-Frederic"
LASTNAME="Blanc"
DISPLAYNAME="Jean-Frederic  Blanc"
DESCRIPTION="--Check UMT to ensure credentials have already been sent before resetting password--"
COUNTRY="FRANCE"
PHONE="33335568010"
ALTPHONE="33"
FAX="33"
EMAIL="jean-frederic.blanc@chu-bordeaux.fr"
ACTIVESTATE="true"
DELETESTATE="false"
UPDATE="true"
PASSWORD="B7yyE6a17RT5a9889"
BEEPER="33"
USERDATEFORMAT="DAY_MONTH_YEAR"
HOMESCREENURL="./Portal/default.htm"
USERMUSTRESETPASSWORD="TRUE"
PRODUCTLOCALE="en-US"
STUDYLOCALE="en-US"/>


<USER  USERNAME="slaurent"
USERTYPE="SITE"
FIRSTNAME="Séverine"
LASTNAME="Laurent"
DISPLAYNAME="Séverine Laurent"
DESCRIPTION="--Check UMT to ensure credentials have already been sent before resetting password--"
COUNTRY="FRANCE"
PHONE="333.34788e+010"
ALTPHONE="33"
FAX="33"
EMAIL="severine.laurent@lyon.unicancer.fr"
ACTIVESTATE="true"
DELETESTATE="false"
UPDATE="true"
PASSWORD="t96Aa42Ll2Kp53T7434"
BEEPER="33"
USERDATEFORMAT="DAY_MONTH_YEAR"
HOMESCREENURL="./Portal/default.htm"
USERMUSTRESETPASSWORD="TRUE"
PRODUCTLOCALE="en-US"
STUDYLOCALE="en-US"/>


<USER  USERNAME="rkassis"
USERTYPE="SITE"
FIRSTNAME="Raid"
LASTNAME="Kassis"
DISPLAYNAME="Raid Kassis"
DESCRIPTION="--Check UMT to ensure credentials have already been sent before resetting password--"
COUNTRY="FRANCE"
PHONE="333.31441e+010"
ALTPHONE="33"
FAX="33"
EMAIL="rkassis@hpsj.fr"
ACTIVESTATE="true"
DELETESTATE="false"
UPDATE="true"
PASSWORD="wT8P5jfD84yD98001"
BEEPER="33"
USERDATEFORMAT="DAY_MONTH_YEAR"
HOMESCREENURL="./Portal/default.htm"
USERMUSTRESETPASSWORD="TRUE"
PRODUCTLOCALE="en-US"
STUDYLOCALE="en-US"/>


<USER  USERNAME="i3ymcjpcj_RE"
USERTYPE="SPONSOR"
FIRSTNAME="Report"
LASTNAME="Extractor"
DISPLAYNAME="Report Extractor"
DESCRIPTION="--Check UMT to ensure credentials have already been sent before resetting password--"
COUNTRY="UNITED STATES"
PHONE="11"
ALTPHONE="1"
FAX="1"
EMAIL="satish.bantanahal@oracle.com"
ACTIVESTATE="true"
DELETESTATE="false"
UPDATE="true"
PASSWORD="fT12w53RrF30aP73818"
BEEPER="1"
USERDATEFORMAT="DAY_MONTH_YEAR"
HOMESCREENURL="./Portal/default.htm"
USERMUSTRESETPASSWORD="TRUE"
PRODUCTLOCALE="en-US"
STUDYLOCALE="en-US"/>


<USER  USERNAME="odm_user"
USERTYPE="SPONSOR"
FIRSTNAME="ODM"
LASTNAME="USER"
DISPLAYNAME="odm user"
DESCRIPTION="--Check UMT to ensure credentials have already been sent before resetting password--"
COUNTRY="UNITED STATES"
PHONE="11"
ALTPHONE="1"
FAX="1"
EMAIL="robbins_cliff@lilly.com"
ACTIVESTATE="true"
DELETESTATE="false"
UPDATE="true"
PASSWORD="tN17gW1o8HB2i6373"
BEEPER="1"
USERDATEFORMAT="DAY_MONTH_YEAR"
HOMESCREENURL="./Portal/default.htm"
USERMUSTRESETPASSWORD="TRUE"
PRODUCTLOCALE="en-US"
STUDYLOCALE="en-US"/>


<USER  USERNAME="c229439"
USERTYPE="SPONSOR"
FIRSTNAME="Ying"
LASTNAME="Li"
DISPLAYNAME="Ying Li"
DESCRIPTION="--Check UMT to ensure credentials have already been sent before resetting password--"
COUNTRY="CHINA"
PHONE="868.6212422885e+011"
ALTPHONE="86"
FAX="86"
EMAIL="ying.li@quintiles.com"
ACTIVESTATE="true"
DELETESTATE="false"
UPDATE="true"
PASSWORD="o30DwG70p0NT6u5174"
BEEPER="86"
USERDATEFORMAT="DAY_MONTH_YEAR"
HOMESCREENURL="./Portal/default.htm"
USERMUSTRESETPASSWORD="TRUE"
PRODUCTLOCALE="en-US"
STUDYLOCALE="en-US"/>


<USER  USERNAME="c240464"
USERTYPE="SPONSOR"
FIRSTNAME="Jeremy"
LASTNAME="Fernandez"
DISPLAYNAME="Jeremy Fernandez"
DESCRIPTION="--Check UMT to ensure credentials have already been sent before resetting password--"
COUNTRY="UNITED STATES"
PHONE="17207786269"
ALTPHONE="1"
FAX="1"
EMAIL="Jeremy.fernandez@quintilesims.com"
ACTIVESTATE="true"
DELETESTATE="false"
UPDATE="true"
PASSWORD="K7pP5ckL73dQ704023"
BEEPER="1"
USERDATEFORMAT="DAY_MONTH_YEAR"
HOMESCREENURL="./Portal/default.htm"
USERMUSTRESETPASSWORD="TRUE"
PRODUCTLOCALE="en-US"
STUDYLOCALE="en-US"/>


<USER  USERNAME="c241300"
USERTYPE="SPONSOR"
FIRSTNAME="Geoffrey"
LASTNAME="Grice"
DISPLAYNAME="Geoffrey Grice"
DESCRIPTION="--Check UMT to ensure credentials have already been sent before resetting password--"
COUNTRY="UNITED STATES"
PHONE="14045839109"
ALTPHONE="1"
FAX="1"
EMAIL="geoffrey.grice@quintilesims.com"
ACTIVESTATE="true"
DELETESTATE="false"
UPDATE="true"
PASSWORD="sC1Y8aC2suM157329"
BEEPER="1"
USERDATEFORMAT="DAY_MONTH_YEAR"
HOMESCREENURL="./Portal/default.htm"
USERMUSTRESETPASSWORD="TRUE"
PRODUCTLOCALE="en-US"
STUDYLOCALE="en-US"/>


<USER  USERNAME="rm65985"
USERTYPE="SPONSOR"
FIRSTNAME="Lisa"
LASTNAME="Taylor"
DISPLAYNAME="Lisa Taylor"
DESCRIPTION="--Check UMT to ensure credentials have already been sent before resetting password--"
COUNTRY="UNITED STATES"
PHONE="13172764661"
ALTPHONE="1"
FAX="1"
EMAIL="taylor_lisa_a@lilly.com"
ACTIVESTATE="true"
DELETESTATE="false"
UPDATE="true"
PASSWORD="bS38iJ7tL28iL01576"
BEEPER="1"
USERDATEFORMAT="DAY_MONTH_YEAR"
HOMESCREENURL="./Portal/default.htm"
USERMUSTRESETPASSWORD="TRUE"
PRODUCTLOCALE="en-US"
STUDYLOCALE="en-US"/>


</MEDMLDATA>