<?xml version="1.0"?>
<MEDMLDATA xmlns="PhaseForward-MedML-Inform4">


<SITE  NAME="(854) JPCJ ONC Zarba"    MNEMONIC="854"
ADDRESS="Balcarce 579"
ADDRESS2="Tucuman"
CITY="San Miguel de Tucuman"
POSTCODE="4000"
COUNTRY="ARGENTINA"
PHONE="5403814302678"
ALTPHONE="54"
FAX="54"
TIMEZONE="(UTC-03:00) Buenos Aires"
SITEDATEFORMAT="DAY_MONTH_YEAR"
STARTDATE="11/28/2016"
STUDYLOCALE="en-US"
SVAUTOSELECTRATE="100"
SVFIRSTNSUBJECTS="100"
/>


<SITE  NAME="(850) JPCJ ONC Kowalyszyn"    MNEMONIC="850"
ADDRESS="Sarmiento 253"
ADDRESS2="Rio Negro"
CITY="Viedma"
POSTCODE="8500"
COUNTRY="ARGENTINA"
PHONE="5402920428700170"
ALTPHONE="54"
FAX="54"
TIMEZONE="(UTC-03:00) Buenos Aires"
SITEDATEFORMAT="DAY_MONTH_YEAR"
STARTDATE="11/28/2016"
STUDYLOCALE="en-US"
SVAUTOSELECTRATE="100"
SVFIRSTNSUBJECTS="100"
/>


<SITE  NAME="(228) JPCJ ONC Chantrillkinghorn Cancer Centre"    MNEMONIC="228"
ADDRESS="The Kinghorn Cancer Centre"
ADDRESS2="St. Vincents Hospitial 370 Victoria St"
CITY="Darlinghurst Sydney"
STATE="New South Wales"
POSTCODE="2010"
COUNTRY="AUSTRALIA"
PHONE="6161293555655"
ALTPHONE="61"
FAX="61"
TIMEZONE="(UTC+10:00) Canberra, Melbourne, Sydney"
SITEDATEFORMAT="DAY_MONTH_YEAR"
STARTDATE="11/28/2016"
STUDYLOCALE="en-US"
SVAUTOSELECTRATE="100"
SVFIRSTNSUBJECTS="100"
/>


<SITE  NAME="(220) JPCJ ONC vanHazel Sir Charles Gairdner Hospital"    MNEMONIC="220"
ADDRESS="Block B Ground Floor Dept of Oncology"
ADDRESS2="Hospital Avenue Western Australia"
CITY="Nedlands"
STATE="Western Australia"
POSTCODE="6009"
COUNTRY="AUSTRALIA"
PHONE="6161893463841"
ALTPHONE="61"
FAX="61"
TIMEZONE="(UTC+08:00) Perth"
SITEDATEFORMAT="DAY_MONTH_YEAR"
STARTDATE="11/28/2016"
STUDYLOCALE="en-US"
SVAUTOSELECTRATE="100"
SVFIRSTNSUBJECTS="100"
/>


<SITE  NAME="(508) JPCJ ONC Borbath"    MNEMONIC="508"
ADDRESS="Av Hippocrate 10"
ADDRESS2="Brussels Captial"
CITY="Brussels"
POSTCODE="1200"
COUNTRY="BELGIUM"
PHONE="323227648306"
ALTPHONE="32"
FAX="32"
TIMEZONE="(UTC+01:00) Sarajevo, Skopje, Warsaw, Zagreb"
SITEDATEFORMAT="DAY_MONTH_YEAR"
STARTDATE="11/28/2016"
STUDYLOCALE="en-US"
SVAUTOSELECTRATE="100"
SVFIRSTNSUBJECTS="100"
/>


<SITE  NAME="(504) JPCJ ONC Peteers"    MNEMONIC="504"
ADDRESS="Gastro enterologie"
ADDRESS2="Wilrijkstraat 10"
CITY="Edegem"
POSTCODE="2650"
COUNTRY="BELGIUM"
PHONE="323238213954"
ALTPHONE="32"
FAX="32"
TIMEZONE="(UTC+01:00) Sarajevo, Skopje, Warsaw, Zagreb"
SITEDATEFORMAT="DAY_MONTH_YEAR"
STARTDATE="11/28/2016"
STUDYLOCALE="en-US"
SVAUTOSELECTRATE="100"
SVFIRSTNSUBJECTS="100"
/>


<SITE  NAME="(500) JPCJ ONC Van Cutsem"    MNEMONIC="500"
ADDRESS="Gastro enterologie"
ADDRESS2="Herestraat 49"
CITY="Leuven"
POSTCODE="3000"
COUNTRY="BELGIUM"
PHONE="323216344218"
ALTPHONE="32"
FAX="32"
TIMEZONE="(UTC+01:00) Sarajevo, Skopje, Warsaw, Zagreb"
SITEDATEFORMAT="DAY_MONTH_YEAR"
STARTDATE="11/28/2016"
STUDYLOCALE="en-US"
SVAUTOSELECTRATE="100"
SVFIRSTNSUBJECTS="100"
/>


<SITE  NAME="(870) JPCJ ONC Pfiffer"    MNEMONIC="870"
ADDRESS="Av Doutor Arnaldo 251.12"
ADDRESS2="andar Cerqueira Cesar"
CITY="Sao Paulo"
POSTCODE="01246 000"
COUNTRY="BRAZIL"
PHONE="55551138932000"
ALTPHONE="55"
FAX="55"
TIMEZONE="(UTC-02:00) Coordinated Universal Time-02"
SITEDATEFORMAT="DAY_MONTH_YEAR"
STARTDATE="11/28/2016"
STUDYLOCALE="en-US"
SVAUTOSELECTRATE="100"
SVFIRSTNSUBJECTS="100"
/>


<SITE  NAME="(404) JPCJ ONC RAYMOND"    MNEMONIC="404"
ADDRESS="185 Blue Raymond Losserand"
CITY="Paris"
POSTCODE="75014"
COUNTRY="FRANCE"
PHONE="33330144127881"
ALTPHONE="33"
FAX="33"
TIMEZONE="(UTC+01:00) Sarajevo, Skopje, Warsaw, Zagreb"
SITEDATEFORMAT="DAY_MONTH_YEAR"
STARTDATE="11/28/2016"
STUDYLOCALE="en-US"
SVAUTOSELECTRATE="100"
SVFIRSTNSUBJECTS="100"
/>


<SITE  NAME="(400) JPCJ ONC Aparicio"    MNEMONIC="400"
ADDRESS="1 Avenue Claude Vellefaux"
CITY="Paris"
POSTCODE="75475"
COUNTRY="FRANCE"
PHONE="33330148955434"
ALTPHONE="33"
FAX="33"
TIMEZONE="(UTC+01:00) Sarajevo, Skopje, Warsaw, Zagreb"
SITEDATEFORMAT="DAY_MONTH_YEAR"
STARTDATE="11/28/2016"
STUDYLOCALE="en-US"
SVAUTOSELECTRATE="100"
SVFIRSTNSUBJECTS="100"
/>


<SITE  NAME="(412) JPCJ ONC Blanc"    MNEMONIC="412"
ADDRESS="AV DE MAGELLAN"
CITY="Pessac"
STATE="Cedex"
POSTCODE="33604"
COUNTRY="FRANCE"
PHONE="3333556795806"
ALTPHONE="33"
FAX="33"
TIMEZONE="(UTC+01:00) Sarajevo, Skopje, Warsaw, Zagreb"
SITEDATEFORMAT="DAY_MONTH_YEAR"
STARTDATE="11/28/2016"
STUDYLOCALE="en-US"
SVAUTOSELECTRATE="100"
SVFIRSTNSUBJECTS="100"
/>


<SITE  NAME="(408) JPCJ ONC Cassier"    MNEMONIC="408"
ADDRESS="28 Rue Laennec"
CITY="Lyon"
POSTCODE="69373"
COUNTRY="FRANCE"
PHONE="3333426556833"
ALTPHONE="33"
FAX="33"
TIMEZONE="(UTC+01:00) Sarajevo, Skopje, Warsaw, Zagreb"
SITEDATEFORMAT="DAY_MONTH_YEAR"
STARTDATE="11/28/2016"
STUDYLOCALE="en-US"
SVAUTOSELECTRATE="100"
SVFIRSTNSUBJECTS="100"
/>


<SITE  NAME="(708) JPCJ ONC Bodoky"    MNEMONIC="708"
ADDRESS="Albert Florian ut 5 7"
CITY="Budapest"
POSTCODE="1097"
COUNTRY="HUNGARY"
PHONE="363614558178"
ALTPHONE="36"
FAX="36"
TIMEZONE="(UTC+01:00) Sarajevo, Skopje, Warsaw, Zagreb"
SITEDATEFORMAT="DAY_MONTH_YEAR"
STARTDATE="11/28/2016"
STUDYLOCALE="en-US"
SVAUTOSELECTRATE="100"
SVFIRSTNSUBJECTS="100"
/>


<SITE  NAME="(704) JPCJ ONC Geczi"    MNEMONIC="704"
ADDRESS="Rath Gyorgy u 7 9"
CITY="Budapest"
POSTCODE="1122"
COUNTRY="HUNGARY"
PHONE="3636122486003162"
ALTPHONE="36"
FAX="36"
TIMEZONE="(UTC+01:00) Sarajevo, Skopje, Warsaw, Zagreb"
SITEDATEFORMAT="DAY_MONTH_YEAR"
STARTDATE="11/28/2016"
STUDYLOCALE="en-US"
SVAUTOSELECTRATE="100"
SVFIRSTNSUBJECTS="100"
/>


<SITE  NAME="(700) JPCJ ONC Horvath"    MNEMONIC="700"
ADDRESS="Nagyerdei krt 98"
ADDRESS2="Hajdu Bihar"
CITY="Debrecen"
POSTCODE="4032"
COUNTRY="HUNGARY"
PHONE="36365225585"
ALTPHONE="36"
FAX="36"
TIMEZONE="(UTC+01:00) Sarajevo, Skopje, Warsaw, Zagreb"
SITEDATEFORMAT="DAY_MONTH_YEAR"
STARTDATE="11/28/2016"
STUDYLOCALE="en-US"
SVAUTOSELECTRATE="100"
SVFIRSTNSUBJECTS="100"
/>


<SITE  NAME="(608) JPCJ ONC Geva"    MNEMONIC="608"
ADDRESS="6 Weizmann St"
CITY="Tel Aviv"
POSTCODE="6423906"
COUNTRY="ISRAEL"
PHONE="97297236973082"
ALTPHONE="972"
FAX="972"
TIMEZONE="(UTC+02:00) Jerusalem"
SITEDATEFORMAT="DAY_MONTH_YEAR"
STARTDATE="11/28/2016"
STUDYLOCALE="en-US"
SVAUTOSELECTRATE="100"
SVFIRSTNSUBJECTS="100"
/>


<SITE  NAME="(604) JPCJ ONC Golan"    MNEMONIC="604"
ADDRESS="Oncology Institute Sheba Medical Center"
ADDRESS2="Tel Hashomer"
CITY="Ramat Gan"
POSTCODE="5262000"
COUNTRY="ISRAEL"
PHONE="97297235305338"
ALTPHONE="972"
FAX="972"
TIMEZONE="(UTC+02:00) Jerusalem"
SITEDATEFORMAT="DAY_MONTH_YEAR"
STARTDATE="11/28/2016"
STUDYLOCALE="en-US"
SVAUTOSELECTRATE="100"
SVFIRSTNSUBJECTS="100"
/>


<SITE  NAME="(600) JPCJ ONC Semenysty"    MNEMONIC="600"
ADDRESS="The Joseph Fishman Oncology Center Floor 4 Room 419"
ADDRESS2="8 HaAliya Hashniya St POB 9602"
CITY="Haifa"
POSTCODE="3525408"
COUNTRY="ISRAEL"
PHONE="97297247771816"
ALTPHONE="972"
FAX="972"
TIMEZONE="(UTC+02:00) Jerusalem"
SITEDATEFORMAT="DAY_MONTH_YEAR"
STARTDATE="11/28/2016"
STUDYLOCALE="en-US"
SVAUTOSELECTRATE="100"
SVFIRSTNSUBJECTS="100"
/>


<SITE  NAME="(812) JPCJ ONC Ales"    MNEMONIC="812"
ADDRESS="Avda Carlos Haya S N Malaga"
CITY="Malaga"
POSTCODE="29010"
COUNTRY="SPAIN"
PHONE="340034951291425"
ALTPHONE="34"
FAX="34"
TIMEZONE="(UTC+01:00) Amsterdam, Berlin, Bern, Rome, Stockholm, Vienna"
SITEDATEFORMAT="DAY_MONTH_YEAR"
STARTDATE="11/28/2016"
STUDYLOCALE="en-US"
SVAUTOSELECTRATE="100"
SVFIRSTNSUBJECTS="100"
/>


<SITE  NAME="(808) JPCJ ONC Maruel"    MNEMONIC="808"
ADDRESS="C Villarroel 170 Barcelona"
CITY="Barcelona"
POSTCODE="08036"
COUNTRY="SPAIN"
PHONE="340034932275400"
ALTPHONE="34"
FAX="34"
TIMEZONE="(UTC+01:00) Amsterdam, Berlin, Bern, Rome, Stockholm, Vienna"
SITEDATEFORMAT="DAY_MONTH_YEAR"
STARTDATE="11/28/2016"
STUDYLOCALE="en-US"
SVAUTOSELECTRATE="100"
SVFIRSTNSUBJECTS="100"
/>


<SITE  NAME="(804) JPCJ ONC Laquente"    MNEMONIC="804"
ADDRESS="Instituto Catalan de Oncologia"
ADDRESS2="Avda Castelldefels Km 2.7"
CITY="Barcelona"
POSTCODE="8907"
COUNTRY="SPAIN"
PHONE="340034932607332"
ALTPHONE="34"
FAX="34"
TIMEZONE="(UTC+01:00) Amsterdam, Berlin, Bern, Rome, Stockholm, Vienna"
SITEDATEFORMAT="DAY_MONTH_YEAR"
STARTDATE="11/28/2016"
STUDYLOCALE="en-US"
SVAUTOSELECTRATE="100"
SVFIRSTNSUBJECTS="100"
/>


<SITE  NAME="(800) JPCJ ONC Sastre"    MNEMONIC="800"
ADDRESS="Profesor Martin Lagos S N"
CITY="Madrid"
POSTCODE="28040"
COUNTRY="SPAIN"
PHONE="3400349133030000"
ALTPHONE="34"
FAX="34"
TIMEZONE="(UTC+01:00) Amsterdam, Berlin, Bern, Rome, Stockholm, Vienna"
SITEDATEFORMAT="DAY_MONTH_YEAR"
STARTDATE="11/28/2016"
STUDYLOCALE="en-US"
SVAUTOSELECTRATE="100"
SVFIRSTNSUBJECTS="100"
/>


<SITE  NAME="(908) JPCJ ONC Li Chung Pi Taipei Veterans General Hospital"    MNEMONIC="908"
ADDRESS="201 Section 2 Shih Pai Rd"
CITY="Taipei"
COUNTRY="TAIWAN"
PHONE="88688622871212"
ALTPHONE="886"
FAX="886"
TIMEZONE="(UTC+08:00) Taipei"
SITEDATEFORMAT="DAY_MONTH_YEAR"
STARTDATE="11/28/2016"
STUDYLOCALE="en-US"
SVAUTOSELECTRATE="100"
SVFIRSTNSUBJECTS="100"
/>


<SITE  NAME="(904) JPCJ ONC Shan Yan Shen National Cheng Kung University Hospital"    MNEMONIC="904"
ADDRESS="138 Sheng Li Rd"
CITY="Tainan"
COUNTRY="TAIWAN"
PHONE="88688662353535"
ALTPHONE="886"
FAX="886"
TIMEZONE="(UTC+08:00) Taipei"
SITEDATEFORMAT="DAY_MONTH_YEAR"
STARTDATE="11/28/2016"
STUDYLOCALE="en-US"
SVAUTOSELECTRATE="100"
SVFIRSTNSUBJECTS="100"
/>


<SITE  NAME="(900) JPCJ ONC Yeh Kun Huei Natinal Taiwan University Hospital"    MNEMONIC="900"
ADDRESS="No 1 Chung Te Street"
CITY="Taipei"
COUNTRY="TAIWAN"
PHONE="886886223123456"
ALTPHONE="886"
FAX="886"
TIMEZONE="(UTC+08:00) Taipei"
SITEDATEFORMAT="DAY_MONTH_YEAR"
STARTDATE="11/28/2016"
STUDYLOCALE="en-US"
SVAUTOSELECTRATE="100"
SVFIRSTNSUBJECTS="100"
/>


<SITE  NAME="(662) JPCJ ONC Bridgewater"    MNEMONIC="662"
ADDRESS="235 Euston Road"
CITY="London"
POSTCODE="NW1 2BU"
COUNTRY="UNITED KINGDOM"
PHONE="44442034479093"
ALTPHONE="44"
FAX="44"
TIMEZONE="(UTC) Dublin, Edinburgh, Lisbon, London"
SITEDATEFORMAT="DAY_MONTH_YEAR"
STARTDATE="11/28/2016"
STUDYLOCALE="en-US"
SVAUTOSELECTRATE="100"
SVFIRSTNSUBJECTS="100"
/>


<SITE  NAME="(658) JPCJ ONC CHAU"    MNEMONIC="658"
ADDRESS="Department of Medicine Royal Marsden Hospital"
ADDRESS2="Downs Road"
CITY="Surrey Sutton"
POSTCODE="SM2 5PT"
COUNTRY="UNITED KINGDOM"
PHONE="44442089156196"
ALTPHONE="44"
FAX="44"
TIMEZONE="(UTC) Dublin, Edinburgh, Lisbon, London"
SITEDATEFORMAT="DAY_MONTH_YEAR"
STARTDATE="11/28/2016"
STUDYLOCALE="en-US"
SVAUTOSELECTRATE="100"
SVFIRSTNSUBJECTS="100"
/>


<SITE  NAME="(654) JPCJ ONC Dhillon"    MNEMONIC="654"
ADDRESS="Egerton Road"
ADDRESS2="Surrey"
CITY="Guildford"
POSTCODE="GU2 7XX"
COUNTRY="UNITED KINGDOM"
PHONE="440148357221"
ALTPHONE="44"
FAX="44"
TIMEZONE="(UTC) Dublin, Edinburgh, Lisbon, London"
SITEDATEFORMAT="DAY_MONTH_YEAR"
STARTDATE="11/28/2016"
STUDYLOCALE="en-US"
SVAUTOSELECTRATE="100"
SVFIRSTNSUBJECTS="100"
/>


<SITE  NAME="(650) JPCJ ONC Wasan"    MNEMONIC="650"
ADDRESS="DuCane Road"
CITY="Acton"
POSTCODE="W12 0HS"
COUNTRY="UNITED KINGDOM"
PHONE="4402033131000"
ALTPHONE="44"
FAX="44"
TIMEZONE="(UTC) Dublin, Edinburgh, Lisbon, London"
SITEDATEFORMAT="DAY_MONTH_YEAR"
STARTDATE="11/28/2016"
STUDYLOCALE="en-US"
SVAUTOSELECTRATE="100"
SVFIRSTNSUBJECTS="100"
/>


<SITE  NAME="(120) JPCJ ONC Messersmith"    MNEMONIC="120"
ADDRESS="1665 Aurora Court"
ADDRESS2="Rm 3200"
CITY="Aurora"
STATE="Colorado"
POSTCODE="80045"
COUNTRY="UNITED STATES"
PHONE="17208480300"
ALTPHONE="1"
FAX="1"
TIMEZONE="(UTC-07:00) Mountain Time (US &#38; Canada)"
SITEDATEFORMAT="DAY_MONTH_YEAR"
STARTDATE="11/28/2016"
STUDYLOCALE="en-US"
SVAUTOSELECTRATE="100"
SVFIRSTNSUBJECTS="100"
/>


<SITE  NAME="(116) JPCJ ONC Messersmith Lone Tree"    MNEMONIC="116"
ADDRESS="1665 Aurora Court"
ADDRESS2="Rm 3200"
CITY="Aurora"
STATE="Colorado"
POSTCODE="80045"
COUNTRY="UNITED STATES"
PHONE="17208480300"
ALTPHONE="1"
FAX="1"
TIMEZONE="(UTC-07:00) Mountain Time (US &#38; Canada)"
SITEDATEFORMAT="DAY_MONTH_YEAR"
STARTDATE="11/28/2016"
STUDYLOCALE="en-US"
SVAUTOSELECTRATE="100"
SVFIRSTNSUBJECTS="100"
/>


<SITE  NAME="(144) JPCJ ONC SCRI Singh"    MNEMONIC="144"
ADDRESS="HCA Midwest Health System"
ADDRESS2="2316 East Meyer Boulevard"
CITY="Kansas City"
STATE="Missouri"
POSTCODE="64132"
COUNTRY="UNITED STATES"
PHONE="18162764227"
ALTPHONE="1"
FAX="1"
TIMEZONE="(UTC-06:00) Central Time (US &#38; Canada)"
SITEDATEFORMAT="DAY_MONTH_YEAR"
STARTDATE="11/28/2016"
STUDYLOCALE="en-US"
SVAUTOSELECTRATE="100"
SVFIRSTNSUBJECTS="100"
/>


<SITE  NAME="(112) JPCJ ONC Bajaj"    MNEMONIC="112"
ADDRESS="8940 NorthWood Sage Road"
CITY="Peoria"
STATE="Illinois"
POSTCODE="61615"
COUNTRY="UNITED STATES"
PHONE="13092433000"
ALTPHONE="1"
FAX="1"
TIMEZONE="(UTC-06:00) Central Time (US &#38; Canada)"
SITEDATEFORMAT="DAY_MONTH_YEAR"
STARTDATE="11/28/2016"
STUDYLOCALE="en-US"
SVAUTOSELECTRATE="100"
SVFIRSTNSUBJECTS="100"
/>


<SITE  NAME="(152) JPCJ ONC SCRI"    MNEMONIC="152"
ADDRESS="3322 West End Avenue Suite 900"
CITY="Nashville"
STATE="Tennessee"
POSTCODE="37203"
COUNTRY="UNITED STATES"
PHONE="16153297274"
ALTPHONE="1"
FAX="1"
TIMEZONE="(UTC-05:00) Eastern Time (US &#38; Canada)"
SITEDATEFORMAT="DAY_MONTH_YEAR"
STARTDATE="11/28/2016"
STUDYLOCALE="en-US"
SVAUTOSELECTRATE="100"
SVFIRSTNSUBJECTS="100"
/>


<SITE  NAME="(148) JPCJ ONC SCRI Bendell"    MNEMONIC="148"
ADDRESS="250 25th Avenue North Suite 200"
CITY="Nashville"
STATE="Tennessee"
POSTCODE="37203"
COUNTRY="UNITED STATES"
PHONE="16153297274"
ALTPHONE="1"
FAX="1"
TIMEZONE="(UTC-05:00) Eastern Time (US &#38; Canada)"
SITEDATEFORMAT="DAY_MONTH_YEAR"
STARTDATE="11/28/2016"
STUDYLOCALE="en-US"
SVAUTOSELECTRATE="100"
SVFIRSTNSUBJECTS="100"
/>


<SITE  NAME="(140) JPCJ ONC ONC SCRI Womack"    MNEMONIC="140"
ADDRESS="Tennessee Oncology"
ADDRESS2="605 Glenwood Drive Suite 200"
CITY="Chatanooga"
STATE="Tennessee"
POSTCODE="37404"
COUNTRY="UNITED STATES"
PHONE="14236981844"
ALTPHONE="1"
FAX="1"
TIMEZONE="(UTC-05:00) Eastern Time (US &#38; Canada)"
SITEDATEFORMAT="DAY_MONTH_YEAR"
STARTDATE="11/28/2016"
STUDYLOCALE="en-US"
SVAUTOSELECTRATE="100"
SVFIRSTNSUBJECTS="100"
/>


<SITE  NAME="(132) JPCJ ONC Bahary"    MNEMONIC="132"
ADDRESS="UPMC Cancer Pavilion 5150"
ADDRESS2="Centre Avenue Office 563B Fifth Floor"
CITY="Pittsburgh"
STATE="Pennsylvania"
POSTCODE="15232"
COUNTRY="UNITED STATES"
PHONE="14128647764"
ALTPHONE="1"
FAX="1"
TIMEZONE="(UTC-05:00) Eastern Time (US &#38; Canada)"
SITEDATEFORMAT="DAY_MONTH_YEAR"
STARTDATE="11/28/2016"
STUDYLOCALE="en-US"
SVAUTOSELECTRATE="100"
SVFIRSTNSUBJECTS="100"
/>


<SITE  NAME="(128) JPCJ ONC Lubner"    MNEMONIC="128"
ADDRESS="600 Highland Avenue"
CITY="Madison"
STATE="Wisconsin"
POSTCODE="53705"
COUNTRY="UNITED STATES"
PHONE="16082637502"
ALTPHONE="1"
FAX="1"
TIMEZONE="(UTC-05:00) Eastern Time (US &#38; Canada)"
SITEDATEFORMAT="DAY_MONTH_YEAR"
STARTDATE="11/28/2016"
STUDYLOCALE="en-US"
SVAUTOSELECTRATE="100"
SVFIRSTNSUBJECTS="100"
/>


<SITE  NAME="(104) JPCJ ONC Hochster"    MNEMONIC="104"
ADDRESS="333 Cedar Street www219"
CITY="New Haven"
STATE="Connecticut"
POSTCODE="06520"
COUNTRY="UNITED STATES"
PHONE="12037852360"
ALTPHONE="1"
FAX="1"
TIMEZONE="(UTC-05:00) Eastern Time (US &#38; Canada)"
SITEDATEFORMAT="DAY_MONTH_YEAR"
STARTDATE="11/28/2016"
STUDYLOCALE="en-US"
SVAUTOSELECTRATE="100"
SVFIRSTNSUBJECTS="100"
/>


<SITE  NAME="(100) JPCJ ONC Hourdequin"    MNEMONIC="100"
ADDRESS="One Medical Center Drive B6-L4"
CITY="Lebanon"
STATE="New Hampshire"
POSTCODE="03756"
COUNTRY="UNITED STATES"
PHONE="16036508626"
ALTPHONE="1"
FAX="1"
TIMEZONE="(UTC-05:00) Eastern Time (US &#38; Canada)"
SITEDATEFORMAT="DAY_MONTH_YEAR"
STARTDATE="11/28/2016"
STUDYLOCALE="en-US"
SVAUTOSELECTRATE="100"
SVFIRSTNSUBJECTS="100"
/>


<SITE  NAME="(156) JPCJ ONC Hendifar"    MNEMONIC="156"
ADDRESS="Outpatient Cancer Center at the Samual Oschin Comphrehensive Cancer Institute"
ADDRESS2="8700 Beverly Blvd Suite AC 1042B"
CITY="Los Angeles"
STATE="California"
POSTCODE="90048"
COUNTRY="UNITED STATES"
PHONE="13104238030"
ALTPHONE="1"
FAX="1"
TIMEZONE="(UTC-04:00) Santiago"
SITEDATEFORMAT="DAY_MONTH_YEAR"
STARTDATE="11/28/2016"
STUDYLOCALE="en-US"
SVAUTOSELECTRATE="100"
SVFIRSTNSUBJECTS="100"
/>


<SITE  NAME="(136) JPCJ ONC Fisher"    MNEMONIC="136"
ADDRESS="Boar of Trustees of the Leland Stanford Junior"
ADDRESS2="875 Blake Wilbur Drive"
CITY="Stanfor"
STATE="California"
POSTCODE="94305"
COUNTRY="UNITED STATES"
PHONE="16507259057"
ALTPHONE="1"
FAX="1"
TIMEZONE="(UTC-04:00) Santiago"
SITEDATEFORMAT="DAY_MONTH_YEAR"
STARTDATE="11/28/2016"
STUDYLOCALE="en-US"
SVAUTOSELECTRATE="100"
SVFIRSTNSUBJECTS="100"
/>


<SITE  NAME="(124) JPCJ ONC Picozzi"    MNEMONIC="124"
ADDRESS="1100 Ninth Avenue"
CITY="Seattle"
STATE="Washington"
POSTCODE="98101"
COUNTRY="UNITED STATES"
PHONE="12062236600"
ALTPHONE="1"
FAX="1"
TIMEZONE="(UTC-04:00) Santiago"
SITEDATEFORMAT="DAY_MONTH_YEAR"
STARTDATE="11/28/2016"
STUDYLOCALE="en-US"
SVAUTOSELECTRATE="100"
SVFIRSTNSUBJECTS="100"
/>


<SITE  NAME="(108) JPCJ ONC Chiorean"    MNEMONIC="108"
ADDRESS="825 Eastlake Avenue E"
ADDRESS2="Mailstop G4-830"
CITY="Seattle"
STATE="Washington"
POSTCODE="98109"
COUNTRY="UNITED STATES"
PHONE="12062886248"
ALTPHONE="1"
FAX="1"
TIMEZONE="(UTC-04:00) Santiago"
SITEDATEFORMAT="DAY_MONTH_YEAR"
STARTDATE="11/28/2016"
STUDYLOCALE="en-US"
SVAUTOSELECTRATE="100"
SVFIRSTNSUBJECTS="100"
/>


</MEDMLDATA>