<?xml version="1.0"?>
<MEDMLDATA xmlns="PhaseForward-MedML-Inform4">

<ITEMGROUP 
GROUPNAME="Data_Manager_ReadOnly"
GROUPDESCRIPTION="Items that are hidden by design and should be viewable to Data Manager.">
 <!-- Insert ItemRef Names -->
<ITEMREF REFNAME="DICT_DICTVER_AE4001_F2"/>
<ITEMREF REFNAME="AEDECOD_AE4001_F2"/>
<ITEMREF REFNAME="AELLT_AE4001_F2"/>
<ITEMREF REFNAME="AELLTCD_AE4001_F2"/>
<ITEMREF REFNAME="AETERM_MAP_AE4001_F2"/>
<ITEMREF REFNAME="AECAT_AE4001_F2"/>
<ITEMREF REFNAME="DSCAT_2_DS2001_F1"/>
<ITEMREF REFNAME="DSSCAT_IC_DS2001_F1"/>
<ITEMREF REFNAME="DSCAT_1_DS1F1"/>
<ITEMREF REFNAME="DSSCAT_DS1F1"/>
<ITEMREF REFNAME="DSSCAT_DS1F4"/>
<ITEMREF REFNAME="DSCAT_2_DS2001_F2"/>
<ITEMREF REFNAME="DSSCAT_IC_DS2001_F2"/>
<ITEMREF REFNAME="DSCAT_1_DS1F2"/>
<ITEMREF REFNAME="DSSCAT_DS1F2"/>
<ITEMREF REFNAME="DSCAT_1_DS1F4"/>
<ITEMREF REFNAME="MHCAT_MH8001_F1"/>
<ITEMREF REFNAME="MHDECOD_MH8001_F1"/>
<ITEMREF REFNAME="DICT_DICTVER_MH8001_F1"/>
<ITEMREF REFNAME="MHLLT_MH8001_F1"/>
<ITEMREF REFNAME="MHLLTCD_MH8001_F1"/>
<ITEMREF REFNAME="MHTERM_MAP_MH8001_F1"/>
<ITEMREF REFNAME="SYSTMDLY_SYST3F1"/>
<ITEMREF REFNAME="SYSTCAT_SYST3F1"/>
<ITEMREF REFNAME="CMDECOD_SYST3F1"/>
<ITEMREF REFNAME="CMPREFNM_SYST3F1"/>
<ITEMREF REFNAME="TRTTERMCD_SYST3F1"/>
<ITEMREF REFNAME="CMCLASCD_SYST3F1"/>
<ITEMREF REFNAME="CMCLAS_SYST3F1"/>
<ITEMREF REFNAME="DICT_DICTVER_SYST3F1"/>
<ITEMREF REFNAME="SYSTTRT_MAP_SYST3F1"/>
<ITEMREF REFNAME="SYSTCAT_SYST3F2"/>
<ITEMREF REFNAME="CMDECOD_SYST3F2"/>
<ITEMREF REFNAME="CMPREFNM_SYST3F2"/>
<ITEMREF REFNAME="TRTTERMCD_SYST3F2"/>
<ITEMREF REFNAME="CMCLASCD_SYST3F2"/>
<ITEMREF REFNAME="CMCLAS_SYST3F2"/>
<ITEMREF REFNAME="DICT_DICTVER_SYST3F2"/>
<ITEMREF REFNAME="SYSTTRT_MAP_SYST3F2"/>
<ITEMREF REFNAME="SYSTMDLY_SYST3F2"/>
<ITEMREF REFNAME="SYSTCAT_SYST3F3"/>
<ITEMREF REFNAME="SYSTMDLY_SYST3F3"/>
<ITEMREF REFNAME="CMCAT_CM1F1"/>
<ITEMREF REFNAME="CMCAT_CM4F1"/>
<ITEMREF REFNAME="CMCLASCD_CM1F1"/>
<ITEMREF REFNAME="CMCLASCD_CM4F1"/>
<ITEMREF REFNAME="CMCLAS_CM1F1"/>
<ITEMREF REFNAME="CMCLAS_CM4F1"/>
<ITEMREF REFNAME="CMDECOD_CM1F1"/>
<ITEMREF REFNAME="CMDECOD_CM4F1"/>
<ITEMREF REFNAME="CMPREFNM_CM1F1"/>
<ITEMREF REFNAME="CMPREFNM_CM4F1"/>
<ITEMREF REFNAME="CMSCAT_CM1F1"/>
<ITEMREF REFNAME="CMSCAT_CM4F1"/>
<ITEMREF REFNAME="CMTRT_MAP_CM1F1"/>
<ITEMREF REFNAME="CMTRT_MAP_CM4F1"/>
<ITEMREF REFNAME="DICT_DICTVER_CM1F1"/>
<ITEMREF REFNAME="DICT_DICTVER_CM4F1"/>
<ITEMREF REFNAME="TRTTERMCD_CM1F1"/>
<ITEMREF REFNAME="TRTTERMCD_CM4F1"/>
<ITEMREF REFNAME="XSCAT_STRCRT1001_F1"/>
<ITEMREF REFNAME="PRCAT_SG1001_F1"/>
<ITEMREF REFNAME="PRSCAT_SG1001_F1"/>
<ITEMREF REFNAME="SGOBJ_SG1001_F3"/>
<ITEMREF REFNAME="PRCAT_SG1001_F3"/>
<ITEMREF REFNAME="PRSCAT_SG1001_F3"/>
<ITEMREF REFNAME="PRCAT_SG1001_F2"/>
<ITEMREF REFNAME="PRSCAT_SG1001_F2"/>
<ITEMREF REFNAME="EXCMPOBJ_EXCMP1001_F1"/>
<ITEMREF REFNAME="FACAT_EXCMP1001_F1"/>
<ITEMREF REFNAME="DALOT_DA1F1S3"/>
<ITEMREF REFNAME="DALOT_DA1F1S4"/>
<ITEMREF REFNAME="DACAT_DA1F1"/>
<ITEMREF REFNAME="DALOT_DA1F2S3"/>
<ITEMREF REFNAME="DALOT_DA1F2S4"/>
<ITEMREF REFNAME="DACAT_DA1F2"/>
<ITEMREF REFNAME="RSCAT_OVRLRESP_RS1001_F1"/>
<ITEMREF REFNAME="RSCAT_RS1001_F1_S2"/>
<ITEMREF REFNAME="RSCAT_RS1001_F1_S3"/>
<ITEMREF REFNAME="SSLSTKAD_SS1DS1F1"/>
<ITEMREF REFNAME="SSCAT_SS1DS1F1"/>
<ITEMREF REFNAME="DSCAT_1_SS1DS1F1"/>
<ITEMREF REFNAME="DSSCAT_SS1DS1F1"/>
<ITEMREF REFNAME="DSCAT_1_DS1F3"/>
<ITEMREF REFNAME="DSSCAT_DS1F3"/>
<ITEMREF REFNAME="TUCAT_TU1F1S3"/>
<ITEMREF REFNAME="TUCAT_TU2F1S3"/>
<ITEMREF REFNAME="TUCAT_TU3F1S3"/>
<ITEMREF REFNAME="PRCAT_TRF3001_F1"/>
<ITEMREF REFNAME="PRSCAT_TRF3001_F1"/>
<ITEMREF REFNAME="PRCAT_IRAD3001_F1"/>
<ITEMREF REFNAME="PRCAT_IRAD3001_F2"/>
<ITEMREF REFNAME="PRSCAT_IRAD3001_F1"/>
<ITEMREF REFNAME="PRSCAT_IRAD3001_F2"/>
<ITEMREF REFNAME="PRTRT_IRAD_IRAD3001_F1"/>
<ITEMREF REFNAME="PRTRT_IRAD_IRAD3001_F2"/>
<ITEMREF REFNAME="PRPRESP_IRAD3001_F1"/>
<ITEMREF REFNAME="PRPRESP_IRAD3001_F2"/>
<ITEMREF REFNAME="PRPRESP_IRAD3001_F3"/>
<ITEMREF REFNAME="PRCAT_IRAD3001_F3"/>
<ITEMREF REFNAME="PRSCAT_IRAD3001_F3"/>
<ITEMREF REFNAME="PRTRT_IRAD_IRAD3001_F3"/>
<ITEMREF REFNAME="SUPRESP_SU1F1"/>
<ITEMREF REFNAME="SUPRESP_SU3F1"/>
<ITEMREF REFNAME="SUCAT_ALCOHOL_SU1F1"/>
<ITEMREF REFNAME="SUCAT_TOBACCO_SU3F1"/>
<ITEMREF REFNAME="FACAT_IPD3F1"/>
<ITEMREF REFNAME="FACAT_IPD3001_F2"/>
<ITEMREF REFNAME="BCCIOBJ_BCCI1F1"/>
<ITEMREF REFNAME="FACAT_BCCI1F1"/>
<ITEMREF REFNAME="QSCAT_ECOG1001_F1"/>
<ITEMREF REFNAME="MEASDSOBJ_MEASDS1001_F1"/>
<ITEMREF REFNAME="FACAT_MEASDS1001_F1"/>
<ITEMREF REFNAME="PFCAT_MMDX2001"/>
<ITEMREF REFNAME="CURR_STATUS_STAT_F2"/>
<ITEMREF REFNAME="EGCAT_EG3001_F3"/>
<ITEMREF REFNAME="EGCAT_EG3001_F1"/>
<ITEMREF REFNAME="EGCAT_EG3001_F2"/>
<ITEMREF REFNAME="QSCAT_QLQC2001_F1"/>
<ITEMREF REFNAME="QSCAT_QLQBR1F1"/>
<ITEMREF REFNAME="QSCAT_EQ5F1"/>
<ITEMREF REFNAME="EXCAT_EX1F1"/>
<ITEMREF REFNAME="EXCAT_EX1F3"/>
<ITEMREF REFNAME="EXCAT_EX1F4"/>
<ITEMREF REFNAME="EXCAT_EX1F6"/>
<ITEMREF REFNAME="EXCAT_EX1F8"/>
<ITEMREF REFNAME="EXCAT_EX1F2"/>
<ITEMREF REFNAME="EXCAT_EX1F7"/>
<ITEMREF REFNAME="EXCAT_EX1F10"/>

</ITEMGROUP>

<ITEMGROUP 
GROUPNAME="nonData_Manager_Hidden"
GROUPDESCRIPTION="Items hidden to all but Data_Manager editable">
 <!-- Insert ItemRef Names -->
<ITEMREF REFNAME="CDQATRIG"/>

</ITEMGROUP>

<ITEMGROUP 
GROUPNAME="nonData_Manager_ReadOnly"
GROUPDESCRIPTION="Items are Data_Manager editable, and Read-only for all other groups except Adjudicator and Central Grp.  For the Groups Adjudicator and Central Grp, it will be a Hidden Item.">
 <!-- Insert ItemRef Names -->
<ITEMREF REFNAME="CDQ_CDQA"/>
<ITEMREF REFNAME="VISDATMD_SV1001_F1"/>
<ITEMREF REFNAME="VISDATMD_SV1001_F4"/>

</ITEMGROUP>

</MEDMLDATA>