<?xml version="1.0"?>
<MEDMLDATA xmlns="PhaseForward-MedML-Inform4">


<SITE  NAME="(929) St Vincents Hospital"    MNEMONIC="929"
ADDRESS="41 Victoria Parade Fitzroy VIC 3065"
COUNTRY="AUSTRALIA"
PHONE="6161392882211"
ALTPHONE="61"
FAX="61"
TIMEZONE="(GMT+10:00) Canberra, Melbourne, Sydney"
SITEDATEFORMAT="DAY_MONTH_YEAR"
STARTDATE="10/24/2014"
STUDYLOCALE="en-US"
SVAUTOSELECTRATE="100"
SVFIRSTNSUBJECTS="100"
/>

<SITE  NAME="(927) Chris O Brien Lifehouse"    MNEMONIC="927"
ADDRESS="Department of Medical Oncology Chris O Brien Lifehouse MISSENDEN ROAD Camperdown NSW 2050"
COUNTRY="AUSTRALIA"
PHONE="61611300852500"
ALTPHONE="61"
FAX="61"
TIMEZONE="(GMT+10:00) Canberra, Melbourne, Sydney"
SITEDATEFORMAT="DAY_MONTH_YEAR"
STARTDATE="10/24/2014"
STUDYLOCALE="en-US"
SVAUTOSELECTRATE="100"
SVFIRSTNSUBJECTS="100"
/>


<SITE  NAME="(925) Mater Adult Hospital Brisbane"    MNEMONIC="925"
ADDRESS="Division of Cancer Services Level 3 Raymond Terrace"
COUNTRY="AUSTRALIA"
PHONE="6161731638111"
ALTPHONE="61"
FAX="61"
TIMEZONE="(GMT+10:00) Canberra, Melbourne, Sydney"
SITEDATEFORMAT="DAY_MONTH_YEAR"
STARTDATE="10/24/2014"
STUDYLOCALE="en-US"
SVAUTOSELECTRATE="100"
SVFIRSTNSUBJECTS="100"
/>

<SITE  NAME="(928) Queen Elizabeth Hospital"    MNEMONIC="928"
ADDRESS="North East 1B Dept of Oncology 28 Woodville Road Woodville South SA 5011"
COUNTRY="AUSTRALIA"
PHONE="6161882226000"
ALTPHONE="61"
FAX="61"
TIMEZONE="(GMT+10:00) Canberra, Melbourne, Sydney"
SITEDATEFORMAT="DAY_MONTH_YEAR"
STARTDATE="10/24/2014"
STUDYLOCALE="en-US"
SVAUTOSELECTRATE="100"
SVFIRSTNSUBJECTS="100"
/>

<SITE  NAME="(926) Barwon Health The Geelong Hospital"    MNEMONIC="926"
ADDRESS="Andrew Love Cancer Centre 70 Swanston Street Geelong VIC 3220"
COUNTRY="AUSTRALIA"
PHONE="6161342152700"
ALTPHONE="61"
FAX="61"
TIMEZONE="(GMT+10:00) Canberra, Melbourne, Sydney"
SITEDATEFORMAT="DAY_MONTH_YEAR"
STARTDATE="10/24/2014"
STUDYLOCALE="en-US"
SVAUTOSELECTRATE="100"
SVFIRSTNSUBJECTS="100"
/>

<SITE  NAME="(302) Landeskrankenhaus Universitatskliniken Innsbruck"    MNEMONIC="302"
ADDRESS="Anichstrasse 35 Innsbruck Tyrol 6020 Austria"
COUNTRY="AUSTRIA"
PHONE="434305050423051"
ALTPHONE="43"
FAX="43"
TIMEZONE="(GMT+01:00) Belgrade, Bratislava, Budapest, Ljubljana, Prague"
SITEDATEFORMAT="DAY_MONTH_YEAR"
STARTDATE="10/24/2014"
STUDYLOCALE="en-US"
SVAUTOSELECTRATE="100"
SVFIRSTNSUBJECTS="100"
/>

<SITE  NAME="(301) Dr Christian SINGER"    MNEMONIC="301"
ADDRESS="Univ Klinik fur Frauenheilkunde Klinische Abt fur Allgemeine Gynakologie und gynakologische Onkologie AKH Wien Vienna 1090 Austria"
COUNTRY="AUSTRIA"
PHONE="43004314040028810"
ALTPHONE="43"
FAX="43"
TIMEZONE="(GMT+01:00) Belgrade, Bratislava, Budapest, Ljubljana, Prague"
SITEDATEFORMAT="DAY_MONTH_YEAR"
STARTDATE="10/24/2014"
STUDYLOCALE="en-US"
SVAUTOSELECTRATE="100"
SVFIRSTNSUBJECTS="100"
/>

<SITE  NAME="(300) Dr Gunther STEGER"    MNEMONIC="300"
ADDRESS="Allgemeines Krankenhaus der Stadt Wien Medizinischer Universitatscampus Klinische Abteilung fur Onkologie Universitatsklinik fur Innere Medizin I AKH Wien Vienna 1090 Austria"
COUNTRY="AUSTRIA"
PHONE="4300431404005466"
ALTPHONE="43"
FAX="43"
TIMEZONE="(GMT+01:00) Belgrade, Bratislava, Budapest, Ljubljana, Prague"
SITEDATEFORMAT="DAY_MONTH_YEAR"
STARTDATE="10/24/2014"
STUDYLOCALE="en-US"
SVAUTOSELECTRATE="100"
SVFIRSTNSUBJECTS="100"
/>

<SITE  NAME="(304) LKH Univ Klinikum Graz"    MNEMONIC="304"
ADDRESS="Auenbruggerplatz 1 Graz 8036 Austria"
COUNTRY="AUSTRIA"
PHONE="434331638581082"
ALTPHONE="43"
FAX="43"
TIMEZONE="(GMT+01:00) Belgrade, Bratislava, Budapest, Ljubljana, Prague"
SITEDATEFORMAT="DAY_MONTH_YEAR"
STARTDATE="10/24/2014"
STUDYLOCALE="en-US"
SVAUTOSELECTRATE="100"
SVFIRSTNSUBJECTS="100"
/>

<SITE  NAME="(303) Krankenhaus der Barmherzigen Schwestern Linz"    MNEMONIC="303"
ADDRESS="Med Univ Innsbruck Univ Klinik fur Gynakologie und Geburtshilfe Innsbruck Seilerstatte 4 Linz 4010 Austria"
COUNTRY="AUSTRIA"
PHONE="43004373276777345"
ALTPHONE="43"
FAX="43"
TIMEZONE="(GMT+01:00) Belgrade, Bratislava, Budapest, Ljubljana, Prague"
SITEDATEFORMAT="DAY_MONTH_YEAR"
STARTDATE="10/24/2014"
STUDYLOCALE="en-US"
SVAUTOSELECTRATE="100"
SVFIRSTNSUBJECTS="100"
/>

<SITE  NAME="(201) Cross Cancer Institute"    MNEMONIC="201"
ADDRESS="Department of Medical Oncology 11560 University Avenue 2nd Floor Edmonton Alberta T6G 1Z2"
COUNTRY="CANADA"
PHONE="17804328514"
ALTPHONE="1"
FAX="1"
TIMEZONE="(GMT-07:00) Mountain Time (US &#38; Canada)"
SITEDATEFORMAT="DAY_MONTH_YEAR"
STARTDATE="10/24/2014"
STUDYLOCALE="en-US"
SVAUTOSELECTRATE="100"
SVFIRSTNSUBJECTS="100"
/>

<SITE  NAME="(202) UHN Princess Margaret Cancer Centre"    MNEMONIC="202"
ADDRESS="610 University Avenue 5th Floor Toronto Ontario  M5G 2M9"
COUNTRY="CANADA"
PHONE="14165863202"
ALTPHONE="1"
FAX="1"
TIMEZONE="(GMT-05:00) Eastern Time (US &#38; Canada)"
SITEDATEFORMAT="DAY_MONTH_YEAR"
STARTDATE="10/24/2014"
STUDYLOCALE="en-US"
SVAUTOSELECTRATE="100"
SVFIRSTNSUBJECTS="100"
/>

<SITE  NAME="(203) Lakeridge Health Oshawa"    MNEMONIC="203"
ADDRESS="One Hospital Court Oshawa Ontario  L1G 2B9"
COUNTRY="CANADA"
PHONE="19055768711"
ALTPHONE="1"
FAX="1"
TIMEZONE="(GMT-05:00) Eastern Time (US &#38; Canada)"
SITEDATEFORMAT="DAY_MONTH_YEAR"
STARTDATE="10/24/2014"
STUDYLOCALE="en-US"
SVAUTOSELECTRATE="100"
SVFIRSTNSUBJECTS="100"
/>

<SITE  NAME="(204) Ottawa Hospital Regional Cancer Centre"    MNEMONIC="204"
ADDRESS="501 Smyth Road Ottawa Ontario K1H 8L6"
COUNTRY="CANADA"
PHONE="16137377700"
ALTPHONE="1"
FAX="1"
TIMEZONE="(GMT-05:00) Eastern Time (US &#38; Canada)"
SITEDATEFORMAT="DAY_MONTH_YEAR"
STARTDATE="10/24/2014"
STUDYLOCALE="en-US"
SVAUTOSELECTRATE="100"
SVFIRSTNSUBJECTS="100"
/>

<SITE  NAME="(200) Centre Hospitalier Universitaire de Montreal Hospital Notre Dame"    MNEMONIC="200"
ADDRESS="1560 rue Sherbrooke East Pavillon Deschamps Porte G4131 Montreal Quebec H2L 4M1"
COUNTRY="CANADA"
PHONE="15148908000"
ALTPHONE="1"
FAX="1"
TIMEZONE="(GMT-05:00) Eastern Time (US &#38; Canada)"
SITEDATEFORMAT="DAY_MONTH_YEAR"
STARTDATE="10/24/2014"
STUDYLOCALE="en-US"
SVAUTOSELECTRATE="100"
SVFIRSTNSUBJECTS="100"
/>

<SITE  NAME="(355) Hopital Yves Le Foll"    MNEMONIC="355"
ADDRESS="10 rue Marcel Proust SAINT BRIEUC 22027 France"
COUNTRY="FRANCE"
PHONE="3333296017587"
ALTPHONE="33"
FAX="33"
TIMEZONE="(GMT+01:00) Belgrade, Bratislava, Budapest, Ljubljana, Prague"
SITEDATEFORMAT="DAY_MONTH_YEAR"
STARTDATE="10/24/2014"
STUDYLOCALE="en-US"
SVAUTOSELECTRATE="100"
SVFIRSTNSUBJECTS="100"
/>

<SITE  NAME="(353) Centre Georges Francois Leclerc"    MNEMONIC="353"
ADDRESS="1 Rue Professeur Marion BP 1544 Dijon Cedex 21034 France"
COUNTRY="FRANCE"
PHONE="3333380737501"
ALTPHONE="33"
FAX="33"
TIMEZONE="(GMT+01:00) Belgrade, Bratislava, Budapest, Ljubljana, Prague"
SITEDATEFORMAT="DAY_MONTH_YEAR"
STARTDATE="10/24/2014"
STUDYLOCALE="en-US"
SVAUTOSELECTRATE="100"
SVFIRSTNSUBJECTS="100"
/>

<SITE  NAME="(351) Centre Hospitalier de Vendee Les Oudairies"    MNEMONIC="351"
ADDRESS="Boulevard Stephane Moreau La Roche Sur Yon 85025 France"
COUNTRY="FRANCE"
PHONE="3333251446173"
ALTPHONE="33"
FAX="33"
TIMEZONE="(GMT+01:00) Belgrade, Bratislava, Budapest, Ljubljana, Prague"
SITEDATEFORMAT="DAY_MONTH_YEAR"
STARTDATE="10/24/2014"
STUDYLOCALE="en-US"
SVAUTOSELECTRATE="100"
SVFIRSTNSUBJECTS="100"
/>

<SITE  NAME="(354) Polyclinique Bordeaux Nord Aquitaine"    MNEMONIC="354"
ADDRESS="15 35 rue Claude Boucher BORDEAUX 33077 Cedex France"
COUNTRY="FRANCE"
PHONE="3333556437354"
ALTPHONE="33"
FAX="33"
TIMEZONE="(GMT+01:00) Belgrade, Bratislava, Budapest, Ljubljana, Prague"
SITEDATEFORMAT="DAY_MONTH_YEAR"
STARTDATE="10/24/2014"
STUDYLOCALE="en-US"
SVAUTOSELECTRATE="100"
SVFIRSTNSUBJECTS="100"
/>

<SITE  NAME="(352) Centre de cancerologie du grand Montpellier Clinique Clementville"    MNEMONIC="352"
ADDRESS="25 rue de Clementville Montpellier 34070 France"
COUNTRY="FRANCE"
PHONE="3333467926155"
ALTPHONE="33"
FAX="33"
TIMEZONE="(GMT+01:00) Belgrade, Bratislava, Budapest, Ljubljana, Prague"
SITEDATEFORMAT="DAY_MONTH_YEAR"
STARTDATE="10/24/2014"
STUDYLOCALE="en-US"
SVAUTOSELECTRATE="100"
SVFIRSTNSUBJECTS="100"
/>

<SITE  NAME="(350) Polyclinique de Gentilly"    MNEMONIC="350"
ADDRESS="2 Rue Marie Marvingt Nancy 54000 France"
COUNTRY="FRANCE"
PHONE="3333383935005"
ALTPHONE="33"
FAX="33"
TIMEZONE="(GMT+01:00) Belgrade, Bratislava, Budapest, Ljubljana, Prague"
SITEDATEFORMAT="DAY_MONTH_YEAR"
STARTDATE="10/24/2014"
STUDYLOCALE="en-US"
SVAUTOSELECTRATE="100"
SVFIRSTNSUBJECTS="100"
/>

<SITE  NAME="(402) Universitatsklinikum Aachen AOR"    MNEMONIC="402"
ADDRESS="Pauwelsstrasse 30 Aachen North Rhine Westphalia 52074 Germany"
COUNTRY="GERMANY"
PHONE="4900492418080076"
ALTPHONE="49"
FAX="49"
TIMEZONE="(GMT+01:00) Belgrade, Bratislava, Budapest, Ljubljana, Prague"
SITEDATEFORMAT="DAY_MONTH_YEAR"
STARTDATE="10/24/2014"
STUDYLOCALE="en-US"
SVAUTOSELECTRATE="100"
SVFIRSTNSUBJECTS="100"
/>

<SITE  NAME="(400) Universitatsklinikum Ulm"    MNEMONIC="400"
ADDRESS="Albert Einstein Allee 23 Ulm Baden Wurttemberg 89081 Germany"
COUNTRY="GERMANY"
PHONE="494973150058511"
ALTPHONE="49"
FAX="49"
TIMEZONE="(GMT+01:00) Belgrade, Bratislava, Budapest, Ljubljana, Prague"
SITEDATEFORMAT="DAY_MONTH_YEAR"
STARTDATE="10/24/2014"
STUDYLOCALE="en-US"
SVAUTOSELECTRATE="100"
SVFIRSTNSUBJECTS="100"
/>

<SITE  NAME="(403) Lubecker Onkologische Schwerpunktpraxis Dres Uthgenannt Kisro Weber"    MNEMONIC="403"
ADDRESS="Paul Ehrilich Strasse 1 3 Lubeck Schleswig Holstein 23562 Germany"
COUNTRY="GERMANY"
PHONE="49494515021000"
ALTPHONE="49"
FAX="49"
TIMEZONE="(GMT+01:00) Belgrade, Bratislava, Budapest, Ljubljana, Prague"
SITEDATEFORMAT="DAY_MONTH_YEAR"
STARTDATE="10/24/2014"
STUDYLOCALE="en-US"
SVAUTOSELECTRATE="100"
SVFIRSTNSUBJECTS="100"
/>

<SITE  NAME="(401) Klinikum rechts der Isar der TU Munchen"    MNEMONIC="401"
ADDRESS="Ismaninger Strasse 22 81675 Munchen Germany"
COUNTRY="GERMANY"
PHONE="4908941402433"
ALTPHONE="49"
FAX="49"
TIMEZONE="(GMT+01:00) Belgrade, Bratislava, Budapest, Ljubljana, Prague"
SITEDATEFORMAT="DAY_MONTH_YEAR"
STARTDATE="10/24/2014"
STUDYLOCALE="en-US"
SVAUTOSELECTRATE="100"
SVFIRSTNSUBJECTS="100"
/>

<SITE  NAME="(754) Sheba Medical Center"    MNEMONIC="754"
ADDRESS="Tel Hashomer 52621"
COUNTRY="ISRAEL"
PHONE="97297235302988"
ALTPHONE="972"
FAX="972"
TIMEZONE="(GMT+02:00) Jerusalem"
SITEDATEFORMAT="DAY_MONTH_YEAR"
STARTDATE="10/24/2014"
STUDYLOCALE="en-US"
SVAUTOSELECTRATE="100"
SVFIRSTNSUBJECTS="100"
/>

<SITE  NAME="(753) Kaplan Medical Center"    MNEMONIC="753"
ADDRESS="Pasternak 76100"
COUNTRY="ISRAEL"
PHONE="97297289441083"
ALTPHONE="972"
FAX="972"
TIMEZONE="(GMT+02:00) Jerusalem"
SITEDATEFORMAT="DAY_MONTH_YEAR"
STARTDATE="10/24/2014"
STUDYLOCALE="en-US"
SVAUTOSELECTRATE="100"
SVFIRSTNSUBJECTS="100"
/>

<SITE  NAME="(752) Rabin Medical Center"    MNEMONIC="752"
ADDRESS="39 Jabotinski St 49100"
COUNTRY="ISRAEL"
PHONE="97297239378005"
ALTPHONE="972"
FAX="972"
TIMEZONE="(GMT+02:00) Jerusalem"
SITEDATEFORMAT="DAY_MONTH_YEAR"
STARTDATE="10/24/2014"
STUDYLOCALE="en-US"
SVAUTOSELECTRATE="100"
SVFIRSTNSUBJECTS="100"
/>

<SITE  NAME="(751) Hadassah Medical Center Ein Karem"    MNEMONIC="751"
ADDRESS="Hadassah Ein Karem Sharet institute 9112001"
COUNTRY="ISRAEL"
PHONE="97297226779025"
ALTPHONE="972"
FAX="972"
TIMEZONE="(GMT+02:00) Jerusalem"
SITEDATEFORMAT="DAY_MONTH_YEAR"
STARTDATE="10/24/2014"
STUDYLOCALE="en-US"
SVAUTOSELECTRATE="100"
SVFIRSTNSUBJECTS="100"
/>

<SITE  NAME="(750) Tel-Aviv Sourasky Medical Center"    MNEMONIC="750"
ADDRESS="6 Weizman st 64239"
COUNTRY="ISRAEL"
PHONE="97297236973494"
ALTPHONE="972"
FAX="972"
TIMEZONE="(GMT+02:00) Jerusalem"
SITEDATEFORMAT="DAY_MONTH_YEAR"
STARTDATE="10/24/2014"
STUDYLOCALE="en-US"
SVAUTOSELECTRATE="100"
SVFIRSTNSUBJECTS="100"
/>

<SITE  NAME="(454) Ospedale Perrino"    MNEMONIC="454"
ADDRESS="Strada Statale n 7 Mesagne Brindisi Brindisi 72100 Italy"
COUNTRY="ITALY"
PHONE="39390831537111"
ALTPHONE="39"
FAX="39"
TIMEZONE="(GMT+01:00) Belgrade, Bratislava, Budapest, Ljubljana, Prague"
SITEDATEFORMAT="DAY_MONTH_YEAR"
STARTDATE="10/24/2014"
STUDYLOCALE="en-US"
SVAUTOSELECTRATE="100"
SVFIRSTNSUBJECTS="100"
/>

<SITE  NAME="(452) Ospedale Sacro Cuore Don Calabria"    MNEMONIC="452"
ADDRESS="Via A Sempreboni 5 Negrar Verona 37024 Italy"
COUNTRY="ITALY"
PHONE="39390456013472"
ALTPHONE="39"
FAX="39"
TIMEZONE="(GMT+01:00) Belgrade, Bratislava, Budapest, Ljubljana, Prague"
SITEDATEFORMAT="DAY_MONTH_YEAR"
STARTDATE="10/24/2014"
STUDYLOCALE="en-US"
SVAUTOSELECTRATE="100"
SVFIRSTNSUBJECTS="100"
/>

<SITE  NAME="(450) Azienda Ospedaliera Papa Giovanni XXXIII"    MNEMONIC="450"
ADDRESS="Piazza OMS 1 Bergamo Bergamo 24127 Italy"
COUNTRY="ITALY"
PHONE="39390352673694"
ALTPHONE="39"
FAX="39"
TIMEZONE="(GMT+01:00) Belgrade, Bratislava, Budapest, Ljubljana, Prague"
SITEDATEFORMAT="DAY_MONTH_YEAR"
STARTDATE="10/24/2014"
STUDYLOCALE="en-US"
SVAUTOSELECTRATE="100"
SVFIRSTNSUBJECTS="100"
/>

<SITE  NAME="(453) Azienda Ospedaliera Universitaria Ospedale San Martino di Genova"    MNEMONIC="453"
ADDRESS="Largo Rosanna Benzi 10 Genova Genoa 16132 Italy"
COUNTRY="ITALY"
PHONE="39390105600666"
ALTPHONE="39"
FAX="39"
TIMEZONE="(GMT+01:00) Belgrade, Bratislava, Budapest, Ljubljana, Prague"
SITEDATEFORMAT="DAY_MONTH_YEAR"
STARTDATE="10/24/2014"
STUDYLOCALE="en-US"
SVAUTOSELECTRATE="100"
SVFIRSTNSUBJECTS="100"
/>

<SITE  NAME="(451) NOP  Nuovo Ospedale di Prato S Stefano"    MNEMONIC="451"
ADDRESS="Via Suor Niccolina Infermiera 20 Frazione di Galciana Prato Prato 59100 Italy"
COUNTRY="ITALY"
PHONE="39390574802520"
ALTPHONE="39"
FAX="39"
TIMEZONE="(GMT+01:00) Belgrade, Bratislava, Budapest, Ljubljana, Prague"
SITEDATEFORMAT="DAY_MONTH_YEAR"
STARTDATE="10/24/2014"
STUDYLOCALE="en-US"
SVAUTOSELECTRATE="100"
SVFIRSTNSUBJECTS="100"
/>

<SITE  NAME="(455) Azienda Ospedaliera Ospedali Riuniti Papardo Piemonte"    MNEMONIC="455"
ADDRESS="Contrada Papardo Messina Messina 98158 Italy"
COUNTRY="ITALY"
PHONE="39390941055893"
ALTPHONE="39"
FAX="39"
TIMEZONE="(GMT+01:00) Belgrade, Bratislava, Budapest, Ljubljana, Prague"
SITEDATEFORMAT="DAY_MONTH_YEAR"
STARTDATE="10/24/2014"
STUDYLOCALE="en-US"
SVAUTOSELECTRATE="100"
SVFIRSTNSUBJECTS="100"
/>

<SITE  NAME="(833) National Hospital Organization Shikoku Cancer Center"    MNEMONIC="833"
ADDRESS="160 Kou Minamiumemoto machi Matsuyama Ehime 791 0280"
COUNTRY="JAPAN"
PHONE="8181899991111"
ALTPHONE="81"
FAX="81"
TIMEZONE="(GMT+09:00) Osaka, Sapporo, Tokyo"
SITEDATEFORMAT="DAY_MONTH_YEAR"
STARTDATE="10/24/2014"
STUDYLOCALE="en-US"
SVAUTOSELECTRATE="100"
SVFIRSTNSUBJECTS="100"
/>

<SITE  NAME="(838) Kyoto University Hospital"    MNEMONIC="838"
ADDRESS="54 Shogoinkawara Cho Sakyo Ku Kyoto Kyoto 606 8507"
COUNTRY="JAPAN"
PHONE="8181757513111"
ALTPHONE="81"
FAX="81"
TIMEZONE="(GMT+09:00) Osaka, Sapporo, Tokyo"
SITEDATEFORMAT="DAY_MONTH_YEAR"
STARTDATE="10/24/2014"
STUDYLOCALE="en-US"
SVAUTOSELECTRATE="100"
SVFIRSTNSUBJECTS="100"
/>

<SITE  NAME="(837) Jichi Medical University Hospital"    MNEMONIC="837"
ADDRESS="3311 1 Yakushiji Shimotsuke Tochigi 329 0498"
COUNTRY="JAPAN"
PHONE="8181285442111"
ALTPHONE="81"
FAX="81"
TIMEZONE="(GMT+09:00) Osaka, Sapporo, Tokyo"
SITEDATEFORMAT="DAY_MONTH_YEAR"
STARTDATE="10/24/2014"
STUDYLOCALE="en-US"
SVAUTOSELECTRATE="100"
SVFIRSTNSUBJECTS="100"
/>

<SITE  NAME="(836) The Hospital of Hyogo College of Medicine"    MNEMONIC="836"
ADDRESS="1 1  Mukogawa cho Nishinomiya Hyogo 663 8501"
COUNTRY="JAPAN"
PHONE="8181798456111"
ALTPHONE="81"
FAX="81"
TIMEZONE="(GMT+09:00) Osaka, Sapporo, Tokyo"
SITEDATEFORMAT="DAY_MONTH_YEAR"
STARTDATE="10/24/2014"
STUDYLOCALE="en-US"
SVAUTOSELECTRATE="100"
SVFIRSTNSUBJECTS="100"
/>

<SITE  NAME="(834) Sagara Hospital"    MNEMONIC="834"
ADDRESS="3 31 Matsubara cho Kagoshima Kagoshima 892 0833"
COUNTRY="JAPAN"
PHONE="8181992241800"
ALTPHONE="81"
FAX="81"
TIMEZONE="(GMT+09:00) Osaka, Sapporo, Tokyo"
SITEDATEFORMAT="DAY_MONTH_YEAR"
STARTDATE="10/24/2014"
STUDYLOCALE="en-US"
SVAUTOSELECTRATE="100"
SVFIRSTNSUBJECTS="100"
/>

<SITE  NAME="(832) National Hospital Organization Osaka National Hospital"    MNEMONIC="832"
ADDRESS="2 1 14 HoenzakaChuo ku Osaka Osaka 540 0006"
COUNTRY="JAPAN"
PHONE="818169421331"
ALTPHONE="81"
FAX="81"
TIMEZONE="(GMT+09:00) Osaka, Sapporo, Tokyo"
SITEDATEFORMAT="DAY_MONTH_YEAR"
STARTDATE="10/24/2014"
STUDYLOCALE="en-US"
SVAUTOSELECTRATE="100"
SVFIRSTNSUBJECTS="100"
/>

<SITE  NAME="(831) Osaka Medical Center for Cancer and Cardiovascular Diseases"    MNEMONIC="831"
ADDRESS="1 3 3 Nakamichi Higashinari Ku Osaka Osaka 537 8511"
COUNTRY="JAPAN"
PHONE="8181669721181"
ALTPHONE="81"
FAX="81"
TIMEZONE="(GMT+09:00) Osaka, Sapporo, Tokyo"
SITEDATEFORMAT="DAY_MONTH_YEAR"
STARTDATE="10/24/2014"
STUDYLOCALE="en-US"
SVAUTOSELECTRATE="100"
SVFIRSTNSUBJECTS="100"
/>

<SITE  NAME="(828) Tokyo Metropoli Cancer and Infectious Diseases Center Komagome"    MNEMONIC="828"
ADDRESS="3 18 22 Honkomagome Bunkyo ku Tokyo 113 8677"
COUNTRY="JAPAN"
PHONE="8181338234890"
ALTPHONE="81"
FAX="81"
TIMEZONE="(GMT+09:00) Osaka, Sapporo, Tokyo"
SITEDATEFORMAT="DAY_MONTH_YEAR"
STARTDATE="10/24/2014"
STUDYLOCALE="en-US"
SVAUTOSELECTRATE="100"
SVFIRSTNSUBJECTS="100"
/>

<SITE  NAME="(827) The Cancer Institute Hospital of JFCR"    MNEMONIC="827"
ADDRESS="3 8 31 Ariake Koto ku Tokyo 135 8550"
COUNTRY="JAPAN"
PHONE="8181335200111"
ALTPHONE="81"
FAX="81"
TIMEZONE="(GMT+09:00) Osaka, Sapporo, Tokyo"
SITEDATEFORMAT="DAY_MONTH_YEAR"
STARTDATE="10/24/2014"
STUDYLOCALE="en-US"
SVAUTOSELECTRATE="100"
SVFIRSTNSUBJECTS="100"
/>

<SITE  NAME="(826) Niigata Cancer Center Hospital"    MNEMONIC="826"
ADDRESS="2 15 3 Kawagishi cho Chuo ku Niigata Niigata 951 8566"
COUNTRY="JAPAN"
PHONE="8181252665111"
ALTPHONE="81"
FAX="81"
TIMEZONE="(GMT+09:00) Osaka, Sapporo, Tokyo"
SITEDATEFORMAT="DAY_MONTH_YEAR"
STARTDATE="10/24/2014"
STUDYLOCALE="en-US"
SVAUTOSELECTRATE="100"
SVFIRSTNSUBJECTS="100"
/>

<SITE  NAME="(825) National Hospital Organization Hokkaido Cancer Center"    MNEMONIC="825"
ADDRESS="2 3 54 Kikusui 4Jyo Shiroishi Ku Sapporo Hokkaido 003 0804"
COUNTRY="JAPAN"
PHONE="8181118119111"
ALTPHONE="81"
FAX="81"
TIMEZONE="(GMT+09:00) Osaka, Sapporo, Tokyo"
SITEDATEFORMAT="DAY_MONTH_YEAR"
STARTDATE="10/24/2014"
STUDYLOCALE="en-US"
SVAUTOSELECTRATE="100"
SVFIRSTNSUBJECTS="100"
/>

<SITE  NAME="(856) Gachon University Gil Medical Center"    MNEMONIC="856"
ADDRESS="1198 Guwol dong Namdong gu"
COUNTRY="KOREA, REPUBLIC OF"
PHONE="8282324608301"
ALTPHONE="82"
FAX="82"
TIMEZONE="(GMT+09:00) Seoul"
SITEDATEFORMAT="DAY_MONTH_YEAR"
STARTDATE="10/24/2014"
STUDYLOCALE="en-US"
SVAUTOSELECTRATE="100"
SVFIRSTNSUBJECTS="100"
/>

<SITE  NAME="(859) National Cancer Center"    MNEMONIC="859"
ADDRESS="323 Ilsanro IlsanDogu"
COUNTRY="KOREA, REPUBLIC OF"
PHONE="8282319201934"
ALTPHONE="82"
FAX="82"
TIMEZONE="(GMT+09:00) Seoul"
SITEDATEFORMAT="DAY_MONTH_YEAR"
STARTDATE="10/24/2014"
STUDYLOCALE="en-US"
SVAUTOSELECTRATE="100"
SVFIRSTNSUBJECTS="100"
/>

<SITE  NAME="(853) Seoul National University Hospital"    MNEMONIC="853"
ADDRESS="101 Daehakro Jongnogu"
COUNTRY="KOREA, REPUBLIC OF"
PHONE="8282220720850"
ALTPHONE="82"
FAX="82"
TIMEZONE="(GMT+09:00) Seoul"
SITEDATEFORMAT="DAY_MONTH_YEAR"
STARTDATE="10/24/2014"
STUDYLOCALE="en-US"
SVAUTOSELECTRATE="100"
SVFIRSTNSUBJECTS="100"
/>

<SITE  NAME="(851) Asan Medical Center"    MNEMONIC="851"
ADDRESS="88 Olympic ro 43Gil Songpa gu"
COUNTRY="KOREA, REPUBLIC OF"
PHONE="8282230103217"
ALTPHONE="82"
FAX="82"
TIMEZONE="(GMT+09:00) Seoul"
SITEDATEFORMAT="DAY_MONTH_YEAR"
STARTDATE="10/24/2014"
STUDYLOCALE="en-US"
SVAUTOSELECTRATE="100"
SVFIRSTNSUBJECTS="100"
/>

<SITE  NAME="(860) Kyungpook National University Hospital"    MNEMONIC="860"
ADDRESS="807 Hoguk ro Buk gu"
COUNTRY="KOREA, REPUBLIC OF"
PHONE="8282532005114"
ALTPHONE="82"
FAX="82"
TIMEZONE="(GMT+09:00) Seoul"
SITEDATEFORMAT="DAY_MONTH_YEAR"
STARTDATE="10/24/2014"
STUDYLOCALE="en-US"
SVAUTOSELECTRATE="100"
SVFIRSTNSUBJECTS="100"
/>

<SITE  NAME="(858) Inha University Hospital"    MNEMONIC="858"
ADDRESS="7 206 3Ga Sinheung dong Jung gu"
COUNTRY="KOREA, REPUBLIC OF"
PHONE="8282328902583"
ALTPHONE="82"
FAX="82"
TIMEZONE="(GMT+09:00) Seoul"
SITEDATEFORMAT="DAY_MONTH_YEAR"
STARTDATE="10/24/2014"
STUDYLOCALE="en-US"
SVAUTOSELECTRATE="100"
SVFIRSTNSUBJECTS="100"
/>

<SITE  NAME="(857) Ulsan University Hospital"    MNEMONIC="857"
ADDRESS="877 Baneojinsunhwan doro Dong gu"
COUNTRY="KOREA, REPUBLIC OF"
PHONE="8282522508978"
ALTPHONE="82"
FAX="82"
TIMEZONE="(GMT+09:00) Seoul"
SITEDATEFORMAT="DAY_MONTH_YEAR"
STARTDATE="10/24/2014"
STUDYLOCALE="en-US"
SVAUTOSELECTRATE="100"
SVFIRSTNSUBJECTS="100"
/>

<SITE  NAME="(855) The Catholic University of Seoul St Marys Hospital"    MNEMONIC="855"
ADDRESS="222 Banpodaero Seocho gu"
COUNTRY="KOREA, REPUBLIC OF"
PHONE="8282222586046"
ALTPHONE="82"
FAX="82"
TIMEZONE="(GMT+09:00) Seoul"
SITEDATEFORMAT="DAY_MONTH_YEAR"
STARTDATE="10/24/2014"
STUDYLOCALE="en-US"
SVAUTOSELECTRATE="100"
SVFIRSTNSUBJECTS="100"
/>

<SITE  NAME="(854) Seoul National University Bundang Hospital"    MNEMONIC="854"
ADDRESS="173 Gumiro Bundanggu"
COUNTRY="KOREA, REPUBLIC OF"
PHONE="8282317877022"
ALTPHONE="82"
FAX="82"
TIMEZONE="(GMT+09:00) Seoul"
SITEDATEFORMAT="DAY_MONTH_YEAR"
STARTDATE="10/24/2014"
STUDYLOCALE="en-US"
SVAUTOSELECTRATE="100"
SVFIRSTNSUBJECTS="100"
/>

<SITE  NAME="(852) Severance Hospital"    MNEMONIC="852"
ADDRESS="50 Yonsei ro Seodaemun gu"
COUNTRY="KOREA, REPUBLIC OF"
PHONE="8282222288135"
ALTPHONE="82"
FAX="82"
TIMEZONE="(GMT+09:00) Seoul"
SITEDATEFORMAT="DAY_MONTH_YEAR"
STARTDATE="10/24/2014"
STUDYLOCALE="en-US"
SVAUTOSELECTRATE="100"
SVFIRSTNSUBJECTS="100"
/>

<SITE  NAME="(850) Samsung Medical Center"    MNEMONIC="850"
ADDRESS="50 Irwondong Gangnamgu"
COUNTRY="KOREA, REPUBLIC OF"
PHONE="8282234102453"
ALTPHONE="82"
FAX="82"
TIMEZONE="(GMT+09:00) Seoul"
SITEDATEFORMAT="DAY_MONTH_YEAR"
STARTDATE="10/24/2014"
STUDYLOCALE="en-US"
SVAUTOSELECTRATE="100"
SVFIRSTNSUBJECTS="100"
/>

<SITE  NAME="(256) Centro oncologico Belenus"    MNEMONIC="256"
ADDRESS="Avenida Rio Mayo No 103 2 Col Vista Hermosa Cuernavaca Morelos"
COUNTRY="MEXICO"
PHONE="527773105364"
ALTPHONE="52"
FAX="52"
TIMEZONE="(GMT-06:00) Central Time (US &#38; Canada)"
SITEDATEFORMAT="DAY_MONTH_YEAR"
STARTDATE="10/24/2014"
STUDYLOCALE="en-US"
SVAUTOSELECTRATE="100"
SVFIRSTNSUBJECTS="100"
/>

<SITE  NAME="(254) Grupo Medico Caimo SC"    MNEMONIC="254"
ADDRESS="Av Cuauhtemoc 1251 Col Santa Cruz Atoyac C P 03310 Mexico D F Mexico"
COUNTRY="MEXICO"
PHONE="52525541689873"
ALTPHONE="52"
FAX="52"
TIMEZONE="(GMT-06:00) Central Time (US &#38; Canada)"
SITEDATEFORMAT="DAY_MONTH_YEAR"
STARTDATE="10/24/2014"
STUDYLOCALE="en-US"
SVAUTOSELECTRATE="100"
SVFIRSTNSUBJECTS="100"
/>

<SITE  NAME="(252) Centro de Estudios y Prevencion del Cancer"    MNEMONIC="252"
ADDRESS="Bugambilias 30 Fracc La Riviera Juchitan de Zaragoza Oaxaca Mexico CP 70000"
COUNTRY="MEXICO"
PHONE="52529717112014"
ALTPHONE="52"
FAX="52"
TIMEZONE="(GMT-06:00) Central Time (US &#38; Canada)"
SITEDATEFORMAT="DAY_MONTH_YEAR"
STARTDATE="10/24/2014"
STUDYLOCALE="en-US"
SVAUTOSELECTRATE="100"
SVFIRSTNSUBJECTS="100"
/>

<SITE  NAME="(250) Centro Medico Dalinde"    MNEMONIC="250"
ADDRESS="Tuxpan 29 Consultorio 523 Col Roma Sur Mexico Distrito Federal 06760"
COUNTRY="MEXICO"
PHONE="525255652900"
ALTPHONE="52"
FAX="52"
TIMEZONE="(GMT-06:00) Central Time (US &#38; Canada)"
SITEDATEFORMAT="DAY_MONTH_YEAR"
STARTDATE="10/24/2014"
STUDYLOCALE="en-US"
SVAUTOSELECTRATE="100"
SVFIRSTNSUBJECTS="100"
/>

<SITE  NAME="(255) Clinica oncologica San Francisco"    MNEMONIC="255"
ADDRESS="Allende Ote 934 Col Centro Torreon Coah C P  27000"
COUNTRY="MEXICO"
PHONE="528717176885"
ALTPHONE="52"
FAX="52"
TIMEZONE="(GMT-06:00) Central Time (US &#38; Canada)"
SITEDATEFORMAT="DAY_MONTH_YEAR"
STARTDATE="10/24/2014"
STUDYLOCALE="en-US"
SVAUTOSELECTRATE="100"
SVFIRSTNSUBJECTS="100"
/>

<SITE  NAME="(253) Hospital Civil de Guadalajara"    MNEMONIC="253"
ADDRESS="Hospital 278 Col El Retiro Mexico Guadalajara Jalisco 44280"
COUNTRY="MEXICO"
PHONE="52523336135745"
ALTPHONE="52"
FAX="52"
TIMEZONE="(GMT-06:00) Central Time (US &#38; Canada)"
SITEDATEFORMAT="DAY_MONTH_YEAR"
STARTDATE="10/24/2014"
STUDYLOCALE="en-US"
SVAUTOSELECTRATE="100"
SVFIRSTNSUBJECTS="100"
/>

<SITE  NAME="(251) Centro Infusion Superare"    MNEMONIC="251"
ADDRESS="Tuxpan 2 Floor 12 Col Roma Sur Mexico Distrito Federal 06760"
COUNTRY="MEXICO"
PHONE="52525552646440"
ALTPHONE="52"
FAX="52"
TIMEZONE="(GMT-06:00) Central Time (US &#38; Canada)"
SITEDATEFORMAT="DAY_MONTH_YEAR"
STARTDATE="10/24/2014"
STUDYLOCALE="en-US"
SVAUTOSELECTRATE="100"
SVFIRSTNSUBJECTS="100"
/>

<SITE  NAME="(500) Azienda Ospedaliera Ospedali Riuniti Papardo Piemonte"    MNEMONIC="500"
ADDRESS="Contrada Papardo Messina Messina 98158 Italy"
COUNTRY="NETHERLANDS"
PHONE="31390941055893"
ALTPHONE="31"
FAX="31"
TIMEZONE="(GMT+01:00) Belgrade, Bratislava, Budapest, Ljubljana, Prague"
SITEDATEFORMAT="DAY_MONTH_YEAR"
STARTDATE="10/24/2014"
STUDYLOCALE="en-US"
SVAUTOSELECTRATE="100"
SVFIRSTNSUBJECTS="100"
/>

<SITE  NAME="(501) Maxima Medisch Centrum"    MNEMONIC="501"
ADDRESS="Dominee Theodor Fliednerstraat 1 5631 BM Eindhoven"
COUNTRY="NETHERLANDS"
PHONE="3131408888000"
ALTPHONE="31"
FAX="31"
TIMEZONE="(GMT+01:00) Belgrade, Bratislava, Budapest, Ljubljana, Prague"
SITEDATEFORMAT="DAY_MONTH_YEAR"
STARTDATE="10/24/2014"
STUDYLOCALE="en-US"
SVAUTOSELECTRATE="100"
SVFIRSTNSUBJECTS="100"
/>

<SITE  NAME="(503) Haga Ziekenhuis"    MNEMONIC="503"
ADDRESS="Leyweg 275 2545 CH Den Haag"
COUNTRY="NETHERLANDS"
PHONE="3131702100000"
ALTPHONE="31"
FAX="31"
TIMEZONE="(GMT+01:00) Belgrade, Bratislava, Budapest, Ljubljana, Prague"
SITEDATEFORMAT="DAY_MONTH_YEAR"
STARTDATE="10/24/2014"
STUDYLOCALE="en-US"
SVAUTOSELECTRATE="100"
SVFIRSTNSUBJECTS="100"
/>

<SITE  NAME="(502) Ikazia Ziekenhuis"    MNEMONIC="502"
ADDRESS="Montessoriweg 1 3083 AN Rotterdam"
COUNTRY="NETHERLANDS"
PHONE="3131102975000"
ALTPHONE="31"
FAX="31"
TIMEZONE="(GMT+01:00) Belgrade, Bratislava, Budapest, Ljubljana, Prague"
SITEDATEFORMAT="DAY_MONTH_YEAR"
STARTDATE="10/24/2014"
STUDYLOCALE="en-US"
SVAUTOSELECTRATE="100"
SVFIRSTNSUBJECTS="100"
/>

<SITE  NAME="(803) City Clinical Oncology Dispensary"    MNEMONIC="803"
ADDRESS="Prospect Mechnikova 27 Saint Petersburg 195271"
COUNTRY="RUSSIAN FEDERATION"
PHONE="778125435821"
ALTPHONE="7"
FAX="7"
TIMEZONE="(GMT+04:00) Moscow, St. Petersburg, Volgograd"
SITEDATEFORMAT="DAY_MONTH_YEAR"
STARTDATE="10/24/2014"
STUDYLOCALE="en-US"
SVAUTOSELECTRATE="100"
SVFIRSTNSUBJECTS="100"
/>

<SITE  NAME="(802) City Clinical Oncology Dispensary"    MNEMONIC="802"
ADDRESS="2nd Berezovaya alleya 3 5 Saint Petersburg 197022"
COUNTRY="RUSSIAN FEDERATION"
PHONE="778127561842"
ALTPHONE="7"
FAX="7"
TIMEZONE="(GMT+04:00) Moscow, St. Petersburg, Volgograd"
SITEDATEFORMAT="DAY_MONTH_YEAR"
STARTDATE="10/24/2014"
STUDYLOCALE="en-US"
SVAUTOSELECTRATE="100"
SVFIRSTNSUBJECTS="100"
/>

<SITE  NAME="(801) Research Institute of oncology n a Petrov"    MNEMONIC="801"
ADDRESS="Pesochny 2 Leningradskaya str 68 Saint Petersburg 197758"
COUNTRY="RUSSIAN FEDERATION"
PHONE="778125966547"
ALTPHONE="7"
FAX="7"
TIMEZONE="(GMT+04:00) Moscow, St. Petersburg, Volgograd"
SITEDATEFORMAT="DAY_MONTH_YEAR"
STARTDATE="10/24/2014"
STUDYLOCALE="en-US"
SVAUTOSELECTRATE="100"
SVFIRSTNSUBJECTS="100"
/>

<SITE  NAME="(804) CJSC Clinic complex"    MNEMONIC="804"
ADDRESS="Moskovskiy prosp 22 Saint Petersburg 190013"
COUNTRY="RUSSIAN FEDERATION"
PHONE="778127779777"
ALTPHONE="7"
FAX="7"
TIMEZONE="(GMT+04:00) Moscow, St. Petersburg, Volgograd"
SITEDATEFORMAT="DAY_MONTH_YEAR"
STARTDATE="10/24/2014"
STUDYLOCALE="en-US"
SVAUTOSELECTRATE="100"
SVFIRSTNSUBJECTS="100"
/>

<SITE  NAME="(800) Russian Cancer Research Center RAMN n a Blokhin"    MNEMONIC="800"
ADDRESS="Kashirskoye shosse 23 Moscow 115478"
COUNTRY="RUSSIAN FEDERATION"
PHONE="774953249479"
ALTPHONE="7"
FAX="7"
TIMEZONE="(GMT+04:00) Moscow, St. Petersburg, Volgograd"
SITEDATEFORMAT="DAY_MONTH_YEAR"
STARTDATE="10/24/2014"
STUDYLOCALE="en-US"
SVAUTOSELECTRATE="100"
SVFIRSTNSUBJECTS="100"
/>

<SITE  NAME="(702) Narodny onkologicky ustav Bratislava"    MNEMONIC="702"
ADDRESS="Klenova 831 01 Bratislava Nove Mesto Slovakia"
COUNTRY="SLOVAKIA"
PHONE="421421259378111"
ALTPHONE="421"
FAX="421"
TIMEZONE="(GMT+01:00) Belgrade, Bratislava, Budapest, Ljubljana, Prague"
SITEDATEFORMAT="DAY_MONTH_YEAR"
STARTDATE="10/24/2014"
STUDYLOCALE="en-US"
SVAUTOSELECTRATE="100"
SVFIRSTNSUBJECTS="100"
/>

<SITE  NAME="(700) Vychodoslovensky onkologicky ustav a s"    MNEMONIC="700"
ADDRESS="Rastislavova 43 Kosice 04191 Slovakia"
COUNTRY="SLOVAKIA"
PHONE="421421556135436"
ALTPHONE="421"
FAX="421"
TIMEZONE="(GMT+01:00) Belgrade, Bratislava, Budapest, Ljubljana, Prague"
SITEDATEFORMAT="DAY_MONTH_YEAR"
STARTDATE="10/24/2014"
STUDYLOCALE="en-US"
SVAUTOSELECTRATE="100"
SVFIRSTNSUBJECTS="100"
/>

<SITE  NAME="(701) Onkologicky ustav sv Alzbety s r o"    MNEMONIC="701"
ADDRESS="Heydukova 2157 10 812 50 Bratislava Slovakia"
COUNTRY="SLOVAKIA"
PHONE="421421259249111"
ALTPHONE="421"
FAX="421"
TIMEZONE="(GMT+01:00) Belgrade, Bratislava, Budapest, Ljubljana, Prague"
SITEDATEFORMAT="DAY_MONTH_YEAR"
STARTDATE="10/24/2014"
STUDYLOCALE="en-US"
SVAUTOSELECTRATE="100"
SVFIRSTNSUBJECTS="100"
/>

<SITE  NAME="(554) Hospital Clinico San Carlos"    MNEMONIC="554"
ADDRESS="Porfesor Martin Lagos S N Madrid Madrid 28040 Spain"
COUNTRY="SPAIN"
PHONE="3434913303000"
ALTPHONE="34"
FAX="34"
TIMEZONE="(GMT+01:00) Belgrade, Bratislava, Budapest, Ljubljana, Prague"
SITEDATEFORMAT="DAY_MONTH_YEAR"
STARTDATE="10/24/2014"
STUDYLOCALE="en-US"
SVAUTOSELECTRATE="100"
SVFIRSTNSUBJECTS="100"
/>

<SITE  NAME="(552) Hospital 12 De Octubre"    MNEMONIC="552"
ADDRESS="Carretera De Andalucia Km  5 4 Madrid Madrid 28041 Spain"
COUNTRY="SPAIN"
PHONE="3434913908923"
ALTPHONE="34"
FAX="34"
TIMEZONE="(GMT+01:00) Belgrade, Bratislava, Budapest, Ljubljana, Prague"
SITEDATEFORMAT="DAY_MONTH_YEAR"
STARTDATE="10/24/2014"
STUDYLOCALE="en-US"
SVAUTOSELECTRATE="100"
SVFIRSTNSUBJECTS="100"
/>

<SITE  NAME="(550) Hospital Universitari Arnau de Vilanova"    MNEMONIC="550"
ADDRESS="Av Alcalde Rovira Roure 80 Lleida Castellon 25198 Spain"
COUNTRY="SPAIN"
PHONE="3434973248100"
ALTPHONE="34"
FAX="34"
TIMEZONE="(GMT+01:00) Belgrade, Bratislava, Budapest, Ljubljana, Prague"
SITEDATEFORMAT="DAY_MONTH_YEAR"
STARTDATE="10/24/2014"
STUDYLOCALE="en-US"
SVAUTOSELECTRATE="100"
SVFIRSTNSUBJECTS="100"
/>

<SITE  NAME="(555) Hospital Donostia"    MNEMONIC="555"
ADDRESS="C Paseo Beguiristain sn San Sebastian 20014 Spain"
COUNTRY="SPAIN"
PHONE="3434917227963"
ALTPHONE="34"
FAX="34"
TIMEZONE="(GMT+01:00) Belgrade, Bratislava, Budapest, Ljubljana, Prague"
SITEDATEFORMAT="DAY_MONTH_YEAR"
STARTDATE="10/24/2014"
STUDYLOCALE="en-US"
SVAUTOSELECTRATE="100"
SVFIRSTNSUBJECTS="100"
/>

<SITE  NAME="(553) Hospital Arnau de Vilanova Valencia"    MNEMONIC="553"
ADDRESS="San Clemente 26 Valencia 46015 Spain"
COUNTRY="SPAIN"
PHONE="3434936987700"
ALTPHONE="34"
FAX="34"
TIMEZONE="(GMT+01:00) Belgrade, Bratislava, Budapest, Ljubljana, Prague"
SITEDATEFORMAT="DAY_MONTH_YEAR"
STARTDATE="10/24/2014"
STUDYLOCALE="en-US"
SVAUTOSELECTRATE="100"
SVFIRSTNSUBJECTS="100"
/>

<SITE  NAME="(551) Hospital General Universitario Gregorio Maranon"    MNEMONIC="551"
ADDRESS="Doctor Esquerdo 46 Madrid Madrid 28007 Spain"
COUNTRY="SPAIN"
PHONE="3434915868115"
ALTPHONE="34"
FAX="34"
TIMEZONE="(GMT+01:00) Belgrade, Bratislava, Budapest, Ljubljana, Prague"
SITEDATEFORMAT="DAY_MONTH_YEAR"
STARTDATE="10/24/2014"
STUDYLOCALE="en-US"
SVAUTOSELECTRATE="100"
SVFIRSTNSUBJECTS="100"
/>

<SITE  NAME="(602) Lanssjukhuset Gavle Sandviken"    MNEMONIC="602"
ADDRESS="Lasarettsvagen 5 Gavle 810 40 Sweden"
COUNTRY="SWEDEN"
PHONE="464626155970"
ALTPHONE="46"
FAX="46"
TIMEZONE="(GMT+01:00) Belgrade, Bratislava, Budapest, Ljubljana, Prague"
SITEDATEFORMAT="DAY_MONTH_YEAR"
STARTDATE="10/24/2014"
STUDYLOCALE="en-US"
SVAUTOSELECTRATE="100"
SVFIRSTNSUBJECTS="100"
/>

<SITE  NAME="(600) Vastmanlands sjukhus Vasteras"    MNEMONIC="600"
ADDRESS="Vastmanlands sjukhus Vasteras 721 89 Vasteras"
COUNTRY="SWEDEN"
PHONE="464621173904"
ALTPHONE="46"
FAX="46"
TIMEZONE="(GMT+01:00) Belgrade, Bratislava, Budapest, Ljubljana, Prague"
SITEDATEFORMAT="DAY_MONTH_YEAR"
STARTDATE="10/24/2014"
STUDYLOCALE="en-US"
SVAUTOSELECTRATE="100"
SVFIRSTNSUBJECTS="100"
/>

<SITE  NAME="(601) Universitetssjukhuset i Orebro"    MNEMONIC="601"
ADDRESS="Sodra Grev Rosengatan 703 62 Orebro Sweden"
COUNTRY="SWEDEN"
PHONE="4646196027805"
ALTPHONE="46"
FAX="46"
TIMEZONE="(GMT+01:00) Belgrade, Bratislava, Budapest, Ljubljana, Prague"
SITEDATEFORMAT="DAY_MONTH_YEAR"
STARTDATE="10/24/2014"
STUDYLOCALE="en-US"
SVAUTOSELECTRATE="100"
SVFIRSTNSUBJECTS="100"
/>

<SITE  NAME="(655) Guy s Hospital MAIN"    MNEMONIC="655"
ADDRESS="Great Maze Pond London Greater London SE1 9RT United Kingdom"
COUNTRY="UNITED KINGDOM"
PHONE="44442083333000"
ALTPHONE="44"
FAX="44"
TIMEZONE="(GMT) Greenwich Mean Time : Dublin, Edinburgh, Lisbon, London"
SITEDATEFORMAT="DAY_MONTH_YEAR"
STARTDATE="10/24/2014"
STUDYLOCALE="en-US"
SVAUTOSELECTRATE="100"
SVFIRSTNSUBJECTS="100"
/>

<SITE  NAME="(653) Addenbrookes Hospital"    MNEMONIC="653"
ADDRESS="Cambridge University Hospitals NHS Foundation Trust Hills Road Cambridge Cambridgeshire CB2 0QQ United Kingdom"
COUNTRY="UNITED KINGDOM"
PHONE="44441223336800"
ALTPHONE="44"
FAX="44"
TIMEZONE="(GMT) Greenwich Mean Time : Dublin, Edinburgh, Lisbon, London"
SITEDATEFORMAT="DAY_MONTH_YEAR"
STARTDATE="10/24/2014"
STUDYLOCALE="en-US"
SVAUTOSELECTRATE="100"
SVFIRSTNSUBJECTS="100"
/>

<SITE  NAME="(651) Christie Hospital NHS Trust MAIN"    MNEMONIC="651"
ADDRESS="Withington Wilmslow Road Manchester Greater London M20 4BX United Kingdom"
COUNTRY="UNITED KINGDOM"
PHONE="44441614463721"
ALTPHONE="44"
FAX="44"
TIMEZONE="(GMT) Greenwich Mean Time : Dublin, Edinburgh, Lisbon, London"
SITEDATEFORMAT="DAY_MONTH_YEAR"
STARTDATE="10/24/2014"
STUDYLOCALE="en-US"
SVAUTOSELECTRATE="100"
SVFIRSTNSUBJECTS="100"
/>

<SITE  NAME="(656) Charing Cross Hospital MAIN"    MNEMONIC="656"
ADDRESS="Fulham Palace Road London Greater London W6 8RF United Kingdom"
COUNTRY="UNITED KINGDOM"
PHONE="44442073172538"
ALTPHONE="44"
FAX="44"
TIMEZONE="(GMT) Greenwich Mean Time : Dublin, Edinburgh, Lisbon, London"
SITEDATEFORMAT="DAY_MONTH_YEAR"
STARTDATE="10/24/2014"
STUDYLOCALE="en-US"
SVAUTOSELECTRATE="100"
SVFIRSTNSUBJECTS="100"
/>

<SITE  NAME="(654) Nottingham City Hospital MAIN"    MNEMONIC="654"
ADDRESS="Hucknall Road Nottingham Nottinghamshire NG5 1PB United Kingdom"
COUNTRY="UNITED KINGDOM"
PHONE="44441159691169"
ALTPHONE="44"
FAX="44"
TIMEZONE="(GMT) Greenwich Mean Time : Dublin, Edinburgh, Lisbon, London"
SITEDATEFORMAT="DAY_MONTH_YEAR"
STARTDATE="10/24/2014"
STUDYLOCALE="en-US"
SVAUTOSELECTRATE="100"
SVFIRSTNSUBJECTS="100"
/>

<SITE  NAME="(652) Clatterbridge Hospital MAIN"    MNEMONIC="652"
ADDRESS="Clatterbridge Rd Bebbington Merseyside CH63 4JY United Kingdom"
COUNTRY="UNITED KINGDOM"
PHONE="44441517065402"
ALTPHONE="44"
FAX="44"
TIMEZONE="(GMT) Greenwich Mean Time : Dublin, Edinburgh, Lisbon, London"
SITEDATEFORMAT="DAY_MONTH_YEAR"
STARTDATE="10/24/2014"
STUDYLOCALE="en-US"
SVAUTOSELECTRATE="100"
SVFIRSTNSUBJECTS="100"
/>

<SITE  NAME="(650) Royal Marsden Hospital Sutton  MAIN"    MNEMONIC="650"
ADDRESS="Downs Road Sutton Surrey SM2 5PT United Kingdom"
COUNTRY="UNITED KINGDOM"
PHONE="44442078082748"
ALTPHONE="44"
FAX="44"
TIMEZONE="(GMT) Greenwich Mean Time : Dublin, Edinburgh, Lisbon, London"
SITEDATEFORMAT="DAY_MONTH_YEAR"
STARTDATE="10/24/2014"
STUDYLOCALE="en-US"
SVAUTOSELECTRATE="100"
SVFIRSTNSUBJECTS="100"
/>

<SITE  NAME="(134) Global Cancer Research Institute"    MNEMONIC="134"
ADDRESS="2242 Camden Avenue Suite 203 San Jose CA  95124"
COUNTRY="UNITED STATES"
PHONE="14083849284"
ALTPHONE="1"
FAX="1"
TIMEZONE="(GMT-08:00) Pacific Time (US &#38; Canada)"
SITEDATEFORMAT="DAY_MONTH_YEAR"
STARTDATE="10/24/2014"
STUDYLOCALE="en-US"
SVAUTOSELECTRATE="100"
SVFIRSTNSUBJECTS="100"
/>

<SITE  NAME="(130) Cancer Care Northwest  Valley Treatment Center"    MNEMONIC="130"
ADDRESS="1204 N Vercler Spokane WA  99216"
COUNTRY="UNITED STATES"
PHONE="15092281200"
ALTPHONE="1"
FAX="1"
TIMEZONE="(GMT-08:00) Pacific Time (US &#38; Canada)"
SITEDATEFORMAT="DAY_MONTH_YEAR"
STARTDATE="10/24/2014"
STUDYLOCALE="en-US"
SVAUTOSELECTRATE="100"
SVFIRSTNSUBJECTS="100"
/>

<SITE  NAME="(121) St Jude Heritage Healthcare"    MNEMONIC="121"
ADDRESS="Virginia K Crosson Cancer Center 2151 N Harbor Boulevard Suite 2200 Fullerton CA 92835"
COUNTRY="UNITED STATES"
PHONE="17144465804"
ALTPHONE="1"
FAX="1"
TIMEZONE="(GMT-08:00) Pacific Time (US &#38; Canada)"
SITEDATEFORMAT="DAY_MONTH_YEAR"
STARTDATE="10/24/2014"
STUDYLOCALE="en-US"
SVAUTOSELECTRATE="100"
SVFIRSTNSUBJECTS="100"
/>

<SITE  NAME="(119) Comprehensive Blood and Cancer Center"    MNEMONIC="119"
ADDRESS="6501 Truxtum Avenue Bakersfield CA  93309"
COUNTRY="UNITED STATES"
PHONE="6618627158"
TIMEZONE="(GMT-08:00) Pacific Time (US &#38; Canada)"
SITEDATEFORMAT="DAY_MONTH_YEAR"
STARTDATE="10/24/2014"
STUDYLOCALE="en-US"
SVAUTOSELECTRATE="100"
SVFIRSTNSUBJECTS="100"
/>

<SITE  NAME="(116) Comprehensive Cancer Centers of Nevada"    MNEMONIC="116"
ADDRESS="3730 South Eastern Avenue Las Vegas NV  89169"
COUNTRY="UNITED STATES"
PHONE="17029523395"
ALTPHONE="1"
FAX="1"
TIMEZONE="(GMT-08:00) Pacific Time (US &#38; Canada)"
SITEDATEFORMAT="DAY_MONTH_YEAR"
STARTDATE="10/24/2014"
STUDYLOCALE="en-US"
SVAUTOSELECTRATE="100"
SVFIRSTNSUBJECTS="100"
/>

<SITE  NAME="(112) Providence Portland Medical Center  Providence Health and Serivces Oregon dba PPMC"    MNEMONIC="112"
ADDRESS="4805 N E Glisan St Suite 533 Suite 2N35 Portland OR  97225"
COUNTRY="UNITED STATES"
PHONE="15062168636"
ALTPHONE="1"
FAX="1"
TIMEZONE="(GMT-08:00) Pacific Time (US &#38; Canada)"
SITEDATEFORMAT="DAY_MONTH_YEAR"
STARTDATE="10/24/2014"
STUDYLOCALE="en-US"
SVAUTOSELECTRATE="100"
SVFIRSTNSUBJECTS="100"
/>

<SITE  NAME="(118) Central Coast Medical Oncology Corporation"    MNEMONIC="118"
ADDRESS="1325 East Church Street Suite 301 Santa Maria CA  93454"
COUNTRY="UNITED STATES"
PHONE="18057393724"
ALTPHONE="1"
FAX="1"
TIMEZONE="(GMT-08:00) Pacific Time (US &#38; Canada)"
SITEDATEFORMAT="DAY_MONTH_YEAR"
STARTDATE="10/24/2014"
STUDYLOCALE="en-US"
SVAUTOSELECTRATE="100"
SVFIRSTNSUBJECTS="100"
/>

<SITE  NAME="(109) UCLA Division of Hematology Oncology"    MNEMONIC="109"
ADDRESS="2020 Santa Monica Ave Suite 580 Santa Monica CA 90404"
COUNTRY="UNITED STATES"
PHONE="13108295471"
ALTPHONE="1"
FAX="1"
TIMEZONE="(GMT-08:00) Pacific Time (US &#38; Canada)"
SITEDATEFORMAT="DAY_MONTH_YEAR"
STARTDATE="10/24/2014"
STUDYLOCALE="en-US"
SVAUTOSELECTRATE="100"
SVFIRSTNSUBJECTS="100"
/>

<SITE  NAME="(125) Marin Specialty Care Inc"    MNEMONIC="125"
ADDRESS="1350 South Eliseo Drive Suite 200 Greenbrae CA  94904"
COUNTRY="UNITED STATES"
PHONE="14159255000"
ALTPHONE="1"
FAX="1"
TIMEZONE="(GMT-08:00) Pacific Time (US &#38; Canada)"
SITEDATEFORMAT="DAY_MONTH_YEAR"
STARTDATE="10/24/2014"
STUDYLOCALE="en-US"
SVAUTOSELECTRATE="100"
SVFIRSTNSUBJECTS="100"
/>

<SITE  NAME="(129) Comprehensive Blood and Cancer Center"    MNEMONIC="129"
ADDRESS="6501 Truxtum Avenue Bakersfield CA  93309"
COUNTRY="UNITED STATES"
PHONE="16618627158"
ALTPHONE="1"
FAX="1"
TIMEZONE="(GMT-08:00) Pacific Time (US &#38; Canada)"
SITEDATEFORMAT="DAY_MONTH_YEAR"
STARTDATE="10/24/2014"
STUDYLOCALE="en-US"
SVAUTOSELECTRATE="100"
SVFIRSTNSUBJECTS="100"
/>

<SITE  NAME="(120) Santa Barbara Cancer Center with Sansum Clinic"    MNEMONIC="120"
ADDRESS="540 West Pueblo Street Santa Barbara CA  93105"
COUNTRY="UNITED STATES"
PHONE="18055635800"
ALTPHONE="1"
FAX="1"
TIMEZONE="(GMT-08:00) Pacific Time (US &#38; Canada)"
SITEDATEFORMAT="DAY_MONTH_YEAR"
STARTDATE="10/24/2014"
STUDYLOCALE="en-US"
SVAUTOSELECTRATE="100"
SVFIRSTNSUBJECTS="100"
/>

<SITE  NAME="(108) California Cancer Associates for Research and Excellence"    MNEMONIC="108"
ADDRESS="1791 East Fir Avenue Fresno CA 93720"
COUNTRY="UNITED STATES"
PHONE="15593261238"
ALTPHONE="1"
FAX="1"
TIMEZONE="(GMT-08:00) Pacific Time (US &#38; Canada)"
SITEDATEFORMAT="DAY_MONTH_YEAR"
STARTDATE="10/24/2014"
STUDYLOCALE="en-US"
SVAUTOSELECTRATE="100"
SVFIRSTNSUBJECTS="100"
/>

<SITE  NAME="(107) University of Southern California Norris Cancer Center and Hospital"    MNEMONIC="107"
ADDRESS="1441 Eastlake Avenue Room 7408 Los Angeles CA 90033"
COUNTRY="UNITED STATES"
PHONE="13238650832"
ALTPHONE="1"
FAX="1"
TIMEZONE="(GMT-08:00) Pacific Time (US &#38; Canada)"
SITEDATEFORMAT="DAY_MONTH_YEAR"
STARTDATE="10/24/2014"
STUDYLOCALE="en-US"
SVAUTOSELECTRATE="100"
SVFIRSTNSUBJECTS="100"
/>

<SITE  NAME="(132) Scott and White Memorial Hospital"    MNEMONIC="132"
ADDRESS="2401 South 31st Street Temple AZ  76508"
COUNTRY="UNITED STATES"
PHONE="12547714890"
ALTPHONE="1"
FAX="1"
TIMEZONE="(GMT-07:00) Mountain Time (US &#38; Canada)"
SITEDATEFORMAT="DAY_MONTH_YEAR"
STARTDATE="10/24/2014"
STUDYLOCALE="en-US"
SVAUTOSELECTRATE="100"
SVFIRSTNSUBJECTS="100"
/>

<SITE  NAME="(102) Ironwood Cancer and Research Centers PC"    MNEMONIC="102"
ADDRESS="695 South Dobson Road Chandler AZ 85224"
COUNTRY="UNITED STATES"
PHONE="14808552225"
ALTPHONE="1"
FAX="1"
TIMEZONE="(GMT-07:00) Mountain Time (US &#38; Canada)"
SITEDATEFORMAT="DAY_MONTH_YEAR"
STARTDATE="10/24/2014"
STUDYLOCALE="en-US"
SVAUTOSELECTRATE="100"
SVFIRSTNSUBJECTS="100"
/>

<SITE  NAME="(124) St Marys Hospital Regional Cancer Center"    MNEMONIC="124"
ADDRESS="750 Wellington Ave Grand Junction CO  80501"
COUNTRY="UNITED STATES"
PHONE="19702447164"
ALTPHONE="1"
FAX="1"
TIMEZONE="(GMT-07:00) Mountain Time (US &#38; Canada)"
SITEDATEFORMAT="DAY_MONTH_YEAR"
STARTDATE="10/24/2014"
STUDYLOCALE="en-US"
SVAUTOSELECTRATE="100"
SVFIRSTNSUBJECTS="100"
/>

<SITE  NAME="(133) Arizona Clinical Research Center"    MNEMONIC="133"
ADDRESS="1825 North Kolb Road Tucson AZ  85715"
COUNTRY="UNITED STATES"
PHONE="15202902510"
ALTPHONE="1"
FAX="1"
TIMEZONE="(GMT-07:00) Mountain Time (US &#38; Canada)"
SITEDATEFORMAT="DAY_MONTH_YEAR"
STARTDATE="10/24/2014"
STUDYLOCALE="en-US"
SVAUTOSELECTRATE="100"
SVFIRSTNSUBJECTS="100"
/>

<SITE  NAME="(111) Saint Francis Medical Center"    MNEMONIC="111"
ADDRESS="2116 West Faidlely Avenue Grand Island NE  68803"
COUNTRY="UNITED STATES"
PHONE="13083985450"
ALTPHONE="1"
FAX="1"
TIMEZONE="(GMT-06:00) Central Time (US &#38; Canada)"
SITEDATEFORMAT="DAY_MONTH_YEAR"
STARTDATE="10/24/2014"
STUDYLOCALE="en-US"
SVAUTOSELECTRATE="100"
SVFIRSTNSUBJECTS="100"
/>

<SITE  NAME="(139) Highlands Oncology Group"    MNEMONIC="139"
ADDRESS="3232 N North Hills Boulevard Fayetteville AR  72703"
COUNTRY="UNITED STATES"
PHONE="14795871700"
ALTPHONE="1"
FAX="1"
TIMEZONE="(GMT-06:00) Central Time (US &#38; Canada)"
SITEDATEFORMAT="DAY_MONTH_YEAR"
STARTDATE="10/24/2014"
STUDYLOCALE="en-US"
SVAUTOSELECTRATE="100"
SVFIRSTNSUBJECTS="100"
/>

<SITE  NAME="(137) Oncology Consultants P A"    MNEMONIC="137"
ADDRESS="2130 W Holcombe Blvd 10th Floor Houston TX  77030"
COUNTRY="UNITED STATES"
PHONE="17132753208"
ALTPHONE="1"
FAX="1"
TIMEZONE="(GMT-06:00) Central Time (US &#38; Canada)"
SITEDATEFORMAT="DAY_MONTH_YEAR"
STARTDATE="10/24/2014"
STUDYLOCALE="en-US"
SVAUTOSELECTRATE="100"
SVFIRSTNSUBJECTS="100"
/>

<SITE  NAME="(114) Scott and White Healthcare Round Rock"    MNEMONIC="114"
ADDRESS="302 University Blvd MS RK 520 Round Rock TX 78665"
COUNTRY="UNITED STATES"
PHONE="15125090200"
ALTPHONE="1"
FAX="1"
TIMEZONE="(GMT-06:00) Central Time (US &#38; Canada)"
SITEDATEFORMAT="DAY_MONTH_YEAR"
STARTDATE="10/24/2014"
STUDYLOCALE="en-US"
SVAUTOSELECTRATE="100"
SVFIRSTNSUBJECTS="100"
/>

<SITE  NAME="(140) Broome Oncology LLC"    MNEMONIC="140"
ADDRESS="30 Harrison Street Johnson City NY  13790"
COUNTRY="UNITED STATES"
PHONE="16077636850"
ALTPHONE="1"
FAX="1"
TIMEZONE="(GMT-05:00) Eastern Time (US &#38; Canada)"
SITEDATEFORMAT="DAY_MONTH_YEAR"
STARTDATE="10/24/2014"
STUDYLOCALE="en-US"
SVAUTOSELECTRATE="100"
SVFIRSTNSUBJECTS="100"
/>

<SITE  NAME="(138) Lakeland Regional Medical Center"    MNEMONIC="138"
ADDRESS="3525 Lakeland Hills Boulevard Lakeland FL  33804"
COUNTRY="UNITED STATES"
PHONE="18639041900"
ALTPHONE="1"
FAX="1"
TIMEZONE="(GMT-05:00) Eastern Time (US &#38; Canada)"
SITEDATEFORMAT="DAY_MONTH_YEAR"
STARTDATE="10/24/2014"
STUDYLOCALE="en-US"
SVAUTOSELECTRATE="100"
SVFIRSTNSUBJECTS="100"
/>

<SITE  NAME="(136) Lakes Research"    MNEMONIC="136"
ADDRESS="5801 NW 151 Street Suite 300 Miami Lakes FL  33140"
COUNTRY="UNITED STATES"
PHONE="17863625763"
ALTPHONE="1"
FAX="1"
TIMEZONE="(GMT-05:00) Eastern Time (US &#38; Canada)"
SITEDATEFORMAT="DAY_MONTH_YEAR"
STARTDATE="10/24/2014"
STUDYLOCALE="en-US"
SVAUTOSELECTRATE="100"
SVFIRSTNSUBJECTS="100"
/>

<SITE  NAME="(128) Beth Israel Medical Center"    MNEMONIC="128"
ADDRESS="325 W 15th Street New York NY  10011"
COUNTRY="UNITED STATES"
PHONE="12123671740"
ALTPHONE="1"
FAX="1"
TIMEZONE="(GMT-05:00) Eastern Time (US &#38; Canada)"
SITEDATEFORMAT="DAY_MONTH_YEAR"
STARTDATE="10/24/2014"
STUDYLOCALE="en-US"
SVAUTOSELECTRATE="100"
SVFIRSTNSUBJECTS="100"
/>

<SITE  NAME="(123) Walter Reed National Military Medical Center"    MNEMONIC="123"
ADDRESS="Hematology Oncology Service America Building 19 8901 Wisconsin Ave Bethesda MD  20889"
COUNTRY="UNITED STATES"
PHONE="13013698675"
ALTPHONE="1"
FAX="1"
TIMEZONE="(GMT-05:00) Eastern Time (US &#38; Canada)"
SITEDATEFORMAT="DAY_MONTH_YEAR"
STARTDATE="10/24/2014"
STUDYLOCALE="en-US"
SVAUTOSELECTRATE="100"
SVFIRSTNSUBJECTS="100"
/>

<SITE  NAME="(141) Horizon Oncology Center"    MNEMONIC="141"
ADDRESS="1345 Unity Place Suite 365 Lafayette IN 47905"
COUNTRY="UNITED STATES"
PHONE="17654465165"
ALTPHONE="1"
FAX="1"
TIMEZONE="(GMT-05:00) Eastern Time (US &#38; Canada)"
SITEDATEFORMAT="DAY_MONTH_YEAR"
STARTDATE="10/24/2014"
STUDYLOCALE="en-US"
SVAUTOSELECTRATE="100"
SVFIRSTNSUBJECTS="100"
/>

<SITE  NAME="(106) Franciscan Saint Francis Health"    MNEMONIC="106"
ADDRESS="8111 South Emerson Avenue Indianaplis IN  46237"
COUNTRY="UNITED STATES"
PHONE="13178595252"
ALTPHONE="1"
FAX="1"
TIMEZONE="(GMT-05:00) Eastern Time (US &#38; Canada)"
SITEDATEFORMAT="DAY_MONTH_YEAR"
STARTDATE="10/24/2014"
STUDYLOCALE="en-US"
SVAUTOSELECTRATE="100"
SVFIRSTNSUBJECTS="100"
/>

<SITE  NAME="(104) Indiana University Health Goshen Center for Cancer Care"    MNEMONIC="104"
ADDRESS="200 High Park Avenue Goshen IN  46526"
COUNTRY="UNITED STATES"
PHONE="15743642888"
ALTPHONE="1"
FAX="1"
TIMEZONE="(GMT-05:00) Eastern Time (US &#38; Canada)"
SITEDATEFORMAT="DAY_MONTH_YEAR"
STARTDATE="10/24/2014"
STUDYLOCALE="en-US"
SVAUTOSELECTRATE="100"
SVFIRSTNSUBJECTS="100"
/>

<SITE  NAME="(126) Grupo Oncologico Comunitario"    MNEMONIC="126"
ADDRESS="Veterans Hospital 10 Casia Street San Juan PR  00935"
COUNTRY="UNITED STATES"
PHONE="17877831296"
ALTPHONE="1"
FAX="1"
TIMEZONE="(GMT-05:00) Eastern Time (US &#38; Canada)"
SITEDATEFORMAT="DAY_MONTH_YEAR"
STARTDATE="10/24/2014"
STUDYLOCALE="en-US"
SVAUTOSELECTRATE="100"
SVFIRSTNSUBJECTS="100"
/>

<SITE  NAME="(113) Memorial Sloan Kettering Cancer Center MSKCC New York"    MNEMONIC="113"
ADDRESS="1275 York Avenue New York NY  10065"
COUNTRY="UNITED STATES"
PHONE="16468884560"
ALTPHONE="1"
FAX="1"
TIMEZONE="(GMT-05:00) Eastern Time (US &#38; Canada)"
SITEDATEFORMAT="DAY_MONTH_YEAR"
STARTDATE="10/24/2014"
STUDYLOCALE="en-US"
SVAUTOSELECTRATE="100"
SVFIRSTNSUBJECTS="100"
/>

<SITE  NAME="(135) University of Virginia Dept of Hematology Oncology"    MNEMONIC="135"
ADDRESS="1300 Jefferson Park Drive Box 800716 Charlottesville VA  22908"
COUNTRY="UNITED STATES"
PHONE="14349248073"
ALTPHONE="1"
FAX="1"
TIMEZONE="(GMT-05:00) Eastern Time (US &#38; Canada)"
SITEDATEFORMAT="DAY_MONTH_YEAR"
STARTDATE="10/24/2014"
STUDYLOCALE="en-US"
SVAUTOSELECTRATE="100"
SVFIRSTNSUBJECTS="100"
/>

<SITE  NAME="(131) Holy Cross Hospital Michael and Diane Bienes Comp Cancer Center"    MNEMONIC="131"
ADDRESS="4725 North Federal Hwy Ft Lauderdale FL  33308"
COUNTRY="UNITED STATES"
PHONE="19547718000"
ALTPHONE="1"
FAX="1"
TIMEZONE="(GMT-05:00) Eastern Time (US &#38; Canada)"
SITEDATEFORMAT="DAY_MONTH_YEAR"
STARTDATE="10/24/2014"
STUDYLOCALE="en-US"
SVAUTOSELECTRATE="100"
SVFIRSTNSUBJECTS="100"
/>

<SITE  NAME="(127) Metropolitan Oncology Center"    MNEMONIC="127"
ADDRESS="1427 Fernandez Juncos Avenue 1st Floor San Juan PR  00910"
COUNTRY="UNITED STATES"
PHONE="17877229030"
ALTPHONE="1"
FAX="1"
TIMEZONE="(GMT-05:00) Eastern Time (US &#38; Canada)"
SITEDATEFORMAT="DAY_MONTH_YEAR"
STARTDATE="10/24/2014"
STUDYLOCALE="en-US"
SVAUTOSELECTRATE="100"
SVFIRSTNSUBJECTS="100"
/>

<SITE  NAME="(122) Florida Hospital Cancer Institute"    MNEMONIC="122"
ADDRESS="2501 N Orange Avenue Suite 682 Orlando FL  32804"
COUNTRY="UNITED STATES"
PHONE="14073032090"
ALTPHONE="1"
FAX="1"
TIMEZONE="(GMT-05:00) Eastern Time (US &#38; Canada)"
SITEDATEFORMAT="DAY_MONTH_YEAR"
STARTDATE="10/24/2014"
STUDYLOCALE="en-US"
SVAUTOSELECTRATE="100"
SVFIRSTNSUBJECTS="100"
/>

<SITE  NAME="(117) Cancer Treatment Centers of America at Southeastern Regional Medical Center Inc"    MNEMONIC="117"
ADDRESS="600 Parkway North Newnan GA 30265"
COUNTRY="UNITED STATES"
PHONE="17704006335"
ALTPHONE="1"
FAX="1"
TIMEZONE="(GMT-05:00) Eastern Time (US &#38; Canada)"
SITEDATEFORMAT="DAY_MONTH_YEAR"
STARTDATE="10/24/2014"
STUDYLOCALE="en-US"
SVAUTOSELECTRATE="100"
SVFIRSTNSUBJECTS="100"
/>

<SITE  NAME="(105) Hematology Oncology Associates of the Treasure Coast"    MNEMONIC="105"
ADDRESS="1871 S E Tiffany Avenue Suite 100 Port St Lucie FL 34952"
COUNTRY="UNITED STATES"
PHONE="17723355666"
ALTPHONE="1"
FAX="1"
TIMEZONE="(GMT-05:00) Eastern Time (US &#38; Canada)"
SITEDATEFORMAT="DAY_MONTH_YEAR"
STARTDATE="10/24/2014"
STUDYLOCALE="en-US"
SVAUTOSELECTRATE="100"
SVFIRSTNSUBJECTS="100"
/>

<SITE  NAME="(103) University of Miami"    MNEMONIC="103"
ADDRESS="Sylvester Compreshensive Cancer Center 1192 East Newport Center Drive Deerfield Beach FL 33442"
COUNTRY="UNITED STATES"
PHONE="13052431000"
ALTPHONE="1"
FAX="1"
TIMEZONE="(GMT-05:00) Eastern Time (US &#38; Canada)"
SITEDATEFORMAT="DAY_MONTH_YEAR"
STARTDATE="10/24/2014"
STUDYLOCALE="en-US"
SVAUTOSELECTRATE="100"
SVFIRSTNSUBJECTS="100"
/>

<SITE  NAME="(101) Georgia Regents University"    MNEMONIC="101"
ADDRESS="Cancer Center 1120 15th Street Augusta GA 30912"
COUNTRY="UNITED STATES"
PHONE="17067210548"
ALTPHONE="1"
FAX="1"
TIMEZONE="(GMT-05:00) Eastern Time (US &#38; Canada)"
SITEDATEFORMAT="DAY_MONTH_YEAR"
STARTDATE="10/24/2014"
STUDYLOCALE="en-US"
SVAUTOSELECTRATE="100"
SVFIRSTNSUBJECTS="100"
/>

<SITE  NAME="(143) University of Alabama at Birmingham"    MNEMONIC="143"
ADDRESS="NP 2510 1530 3rd Avenue South Birmingham AL  35294"
COUNTRY="UNITED STATES"
PHONE="12059347167"
ALTPHONE="1"
FAX="1"
TIMEZONE="(GMT-05:00) Eastern Time (US &#38; Canada)"
SITEDATEFORMAT="DAY_MONTH_YEAR"
STARTDATE="10/24/2014"
STUDYLOCALE="en-US"
SVAUTOSELECTRATE="100"
SVFIRSTNSUBJECTS="100"
/>

<SITE  NAME="(142) Mid Ohio Oncology Hematology Inc"    MNEMONIC="142"
ADDRESS="The Mark H Zangmeister Center 3100 Plaza Properties Boulevard Columbus OH 43219"
COUNTRY="UNITED STATES"
PHONE="16143836000"
ALTPHONE="1"
FAX="1"
TIMEZONE="(GMT-05:00) Eastern Time (US &#38; Canada)"
SITEDATEFORMAT="DAY_MONTH_YEAR"
STARTDATE="10/24/2014"
STUDYLOCALE="en-US"
SVAUTOSELECTRATE="100"
SVFIRSTNSUBJECTS="100"
/>

</MEDMLDATA>