<?xml version="1.0"?>
<MEDMLDATA xmlns="PhaseForward-MedML-Inform4">


<REPORTINGGROUP
GROUPNAME="Ad Hoc Users"
GROUPDESCRIPTION="Users who have access to Ad Hoc Reporting">
<!-- Insert Users -->
<USERREF USERNAME="i3ymcjpbm_RE"/>
<USERREF USERNAME="c161432"/>
<USERREF USERNAME="v4x6430"/>
<USERREF USERNAME="z3x1197"/>
</REPORTINGGROUP>

<REPORTINGGROUP
GROUPNAME="Authors"
GROUPDESCRIPTION="Users who have access to Ad Hoc Reporting and Report Studio">
<!-- Insert Users -->
<USERREF USERNAME="i3ymcjpbm_RE"/>
</REPORTINGGROUP>

<QUERYGROUP
GROUPNAME="CDM_CRA Query"
GROUPDESCRIPTION="">
<!-- Insert Users -->
<USERREF USERNAME="autoquery"/>
<USERREF USERNAME="z1x1846"/>
<USERREF USERNAME="v4x6430"/>
<USERREF USERNAME="z2x7034"/>
<USERREF USERNAME="z2x3236"/>
<USERREF USERNAME="C198897"/>
<USERREF USERNAME="C189293"/>
<USERREF USERNAME="z2x5649"/>
<USERREF USERNAME="z2x2460"/>
<USERREF USERNAME="z2x9894"/>
<USERREF USERNAME="z2x0873"/>
<USERREF USERNAME="z1x2075"/>
<USERREF USERNAME="z1x1832"/>
<USERREF USERNAME="z1x1865"/>
<USERREF USERNAME="z1x2073"/>
<USERREF USERNAME="z3x0576"/>
<USERREF USERNAME="c161432"/>
<USERREF USERNAME="C191602"/>
<USERREF USERNAME="z2x1980"/>
<USERREF USERNAME="z2x1696"/>
<USERREF USERNAME="z3z2050"/>
<USERREF USERNAME="z2x1697"/>
<USERREF USERNAME="C198898"/>
<USERREF USERNAME="z3x0602"/>
<USERREF USERNAME="Z2X6065"/>
<USERREF USERNAME="z2x5929"/>
<USERREF USERNAME="z1x2603"/>
<USERREF USERNAME="Z3X1846"/>
<USERREF USERNAME="z3x2051"/>
<USERREF USERNAME="z2x6039"/>
<USERREF USERNAME="z1x0676"/>
<USERREF USERNAME="z1x1982"/>
<USERREF USERNAME="C192463"/>
<USERREF USERNAME="z2x2253"/>
<USERREF USERNAME="z2x1398"/>
<USERREF USERNAME="z3x1197"/>
<USERREF USERNAME="z2x3870"/>
<USERREF USERNAME="z3x2517"/>
<USERREF USERNAME="z2x1732"/>
<USERREF USERNAME="z2x3649"/>
<USERREF USERNAME="z1x2077"/>
<USERREF USERNAME="z2x2094"/>
</QUERYGROUP>

<QUERYGROUP
GROUPNAME="Coding Query Group"
GROUPDESCRIPTION="">
<!-- Insert Users -->
<USERREF USERNAME="coder_query"/>
</QUERYGROUP>

<REPORTINGGROUP
GROUPNAME="Directory Administrators"
GROUPDESCRIPTION="Users who can administer authorization rights. They administer groups, accounts, contacts, distribution lists, data sources, and printers">
<!-- Insert Users -->
<USERREF USERNAME="i3ymcjpbm_RE"/>
</REPORTINGGROUP>

<SIGNATUREGROUP
GROUPNAME="PI Signatures"
GROUPDESCRIPTION="Signature group assigned to PI and PI Sign Only roles"
CRFMEANING="X"
CRBMEANING="Approved"
CRFTEXT="NULL"
CRBTEXT="By my dated signature below, I  %s  %s, verify that all case report form pages accurately display the results of the examinations, tests, evaluations and treatments performed on this patient.&lt;BR&gt;&lt;BR&gt;Pursuant to Section 11.100 of Title 21 of the Code of Federal Regulations, this is to certify that I intend that this electronic signature is to be the legally binding equivalent of my handwritten signature. &lt;BR&gt;&lt;BR&gt;To this I do attest by supplying my user name and password and clicking the button marked &lt;B&gt;Submit&lt;/B&gt; below" LANGUAGE="en-US">
<!-- Insert Users -->
<USERREF USERNAME="vadamo"/>
<USERREF USERNAME="fpriou"/>
<USERREF USERNAME="sjacquot"/>
<USERREF USERNAME="pfumoleau"/>
<USERREF USERNAME="jettl"/>
<USERREF USERNAME="dbauerschlag"/>
<USERREF USERNAME="sjohnston"/>
<USERREF USERNAME="wlawler"/>
<USERREF USERNAME="rmoroose"/>
<USERREF USERNAME="jperkins"/>
<USERREF USERNAME="lfeliciano"/>
<USERREF USERNAME="pklein"/>
<USERREF USERNAME="dkanamori"/>
<USERREF USERNAME="jnichols"/>
<USERREF USERNAME="zsegota"/>
<USERREF USERNAME="cyau"/>
<USERREF USERNAME="mmodiano"/>
<USERREF USERNAME="lbui"/>
<USERREF USERNAME="jbeck"/>
<USERREF USERNAME="celser"/>
<USERREF USERNAME="ofreedman"/>
<USERREF USERNAME="rgoel"/>
<USERREF USERNAME="mkhasraw"/>
<USERREF USERNAME="wpatterson"/>
<USERREF USERNAME="showell"/>
<USERREF USERNAME="cpalmieri"/>
<USERREF USERNAME="hearl"/>
<USERREF USERNAME="schan"/>
<USERREF USERNAME="fgutierrez"/>
<USERREF USERNAME="apalacios"/>
<USERREF USERNAME="ekarapanagiotou"/>
<USERREF USERNAME="jportielje"/>
<USERREF USERNAME="tpackan"/>
<USERREF USERNAME="mporubska"/>
<USERREF USERNAME="mskultetyova"/>
<USERREF USERNAME="aconlin"/>
<USERREF USERNAME="shager"/>
<USERREF USERNAME="shurvitz"/>
<USERREF USERNAME="mcopur"/>
<USERREF USERNAME="cmurray"/>
<USERREF USERNAME="ndhillon"/>
<USERREF USERNAME="rdichmann"/>
<USERREF USERNAME="hallen"/>
<USERREF USERNAME="fkass"/>
<USERREF USERNAME="mvenigalla"/>
<USERREF USERNAME="mhancock"/>
<USERREF USERNAME="lbaez"/>
<USERREF USERNAME="mdickler"/>
<USERREF USERNAME="spaluch"/>
<USERREF USERNAME="rmahtani"/>
<USERREF USERNAME="lryvo"/>
<USERREF USERNAME="buziely"/>
<USERREF USERNAME="stang"/>
<USERREF USERNAME="Sali"/>
<USERREF USERNAME="agarcia"/>
<USERREF USERNAME="estemmer"/>
<USERREF USERNAME="nefrat"/>
<USERREF USERNAME="pdillon"/>
<USERREF USERNAME="eroman"/>
<USERREF USERNAME="jpeguero"/>
<USERREF USERNAME="rharris"/>
<USERREF USERNAME="jayoub"/>
<USERREF USERNAME="sbasi"/>
<USERREF USERNAME="jlucas"/>
<USERREF USERNAME="mshtivelband"/>
<USERREF USERNAME="kpennington"/>
<USERREF USERNAME="hyeckesrodin"/>
<USERREF USERNAME="jhuober"/>
<USERREF USERNAME="ibekes"/>
<USERREF USERNAME="duthgenannt"/>
<USERREF USERNAME="smorales"/>
<USERREF USERNAME="mmartin"/>
<USERREF USERNAME="ialvarez"/>
<USERREF USERNAME="lbiganzoli"/>
<USERREF USERNAME="sgori"/>
<USERREF USERNAME="scinieri"/>
<USERREF USERNAME="dspaeth"/>
<USERREF USERNAME="ndohollou"/>
<USERREF USERNAME="calleaume"/>
<USERREF USERNAME="spaepke"/>
<USERREF USERNAME="upecks"/>
<USERREF USERNAME="nturner"/>
<USERREF USERNAME="cshannon"/>
<USERREF USERNAME="jbeith"/>
<USERREF USERNAME="rsnyder"/>
<USERREF USERNAME="aarmstrong"/>
<USERREF USERNAME="soreilly"/>
<USERREF USERNAME="rbaird"/>
<USERREF USERNAME="vbrown"/>
<USERREF USERNAME="rvillalobos"/>
<USERREF USERNAME="jguadarrama"/>
<USERREF USERNAME="ggarnica"/>
<USERREF USERNAME="jtello"/>
<USERREF USERNAME="jmansi"/>
<USERREF USERNAME="scleator"/>
<USERREF USERNAME="jkroep"/>
<USERREF USERNAME="wdercksen"/>
<USERREF USERNAME="fdejongh"/>
<USERREF USERNAME="iandrasina"/>
<USERREF USERNAME="acipkova"/>
<USERREF USERNAME="sspanik"/>
<USERREF USERNAME="mmikulova"/>
<USERREF USERNAME="cnilsson"/>
<USERREF USERNAME="kvillman"/>
<USERREF USERNAME="pedlund"/>
<USERREF USERNAME="jkisro"/>
<USERREF USERNAME="lmanso"/>
<USERREF USERNAME="allombart"/>
<USERREF USERNAME="jgarcia"/>
<USERREF USERNAME="ctondini"/>
<USERREF USERNAME="ldelmastro"/>
</SIGNATUREGROUP>

<REPORTINGGROUP
GROUPNAME="Publishers"
GROUPDESCRIPTION="Users who can create folders and other content within the Public Folder space">
<!-- Insert Users -->
<USERREF USERNAME="c161432"/>
<USERREF USERNAME="v4x6430"/>
<USERREF USERNAME="z3x1197"/>
<USERREF USERNAME="i3ymcjpbm_RE"/>
</REPORTINGGROUP>

<REPORTINGGROUP
GROUPNAME="Report Administrators"
GROUPDESCRIPTION="Users who can administer authorized public content such as setting permissions on folders and reports">
<!-- Insert Users -->
<USERREF USERNAME="c161432"/>
<USERREF USERNAME="v4x6430"/>
<USERREF USERNAME="z3x1197"/>
</REPORTINGGROUP>

<REPORTINGGROUP
GROUPNAME="Site Users"
GROUPDESCRIPTION="Site Users">
<!-- Insert Users -->
<USERREF USERNAME="mdickler"/>
<USERREF USERNAME="ekryzanowski"/>
<USERREF USERNAME="dcuadrado"/>
<USERREF USERNAME="swall"/>
<USERREF USERNAME="kkabbabe"/>
<USERREF USERNAME="lmarchasin"/>
<USERREF USERNAME="ehertslinger"/>
<USERREF USERNAME="cmeir"/>
<USERREF USERNAME="yshaked"/>
<USERREF USERNAME="lshemkar"/>
<USERREF USERNAME="ztabechnik"/>
<USERREF USERNAME="spaluch"/>
<USERREF USERNAME="rmahtani"/>
<USERREF USERNAME="lryvo"/>
<USERREF USERNAME="buziely"/>
<USERREF USERNAME="stang"/>
<USERREF USERNAME="llogue"/>
<USERREF USERNAME="bgutierrez"/>
<USERREF USERNAME="lthompson"/>
<USERREF USERNAME="hsivicek"/>
<USERREF USERNAME="kvitale"/>
<USERREF USERNAME="Sali"/>
<USERREF USERNAME="agarcia"/>
<USERREF USERNAME="jmiyake"/>
<USERREF USERNAME="lmartinez"/>
<USERREF USERNAME="seinspahr"/>
<USERREF USERNAME="lcarter"/>
<USERREF USERNAME="gwilkinson"/>
<USERREF USERNAME="afernandez"/>
<USERREF USERNAME="dkatz"/>
<USERREF USERNAME="mwingo"/>
<USERREF USERNAME="gmaddenmathes"/>
<USERREF USERNAME="ghollenbach"/>
<USERREF USERNAME="akarra"/>
<USERREF USERNAME="lrosario"/>
<USERREF USERNAME="estemmer"/>
<USERREF USERNAME="nefrat"/>
<USERREF USERNAME="yniron"/>
<USERREF USERNAME="dfrancois"/>
<USERREF USERNAME="jmoss"/>
<USERREF USERNAME="jwelch"/>
<USERREF USERNAME="egeorgi"/>
<USERREF USERNAME="sallenson"/>
<USERREF USERNAME="jschonbrun"/>
<USERREF USERNAME="pdillon"/>
<USERREF USERNAME="eroman"/>
<USERREF USERNAME="jpeguero"/>
<USERREF USERNAME="lguerra"/>
<USERREF USERNAME="rstewart"/>
<USERREF USERNAME="rharris"/>
<USERREF USERNAME="jayoub"/>
<USERREF USERNAME="sbasi"/>
<USERREF USERNAME="cramsay"/>
<USERREF USERNAME="gbaranage"/>
<USERREF USERNAME="lklich"/>
<USERREF USERNAME="nwright"/>
<USERREF USERNAME="jlucas"/>
<USERREF USERNAME="sdollander"/>
<USERREF USERNAME="mshtivelband"/>
<USERREF USERNAME="kpennington"/>
<USERREF USERNAME="hyeckesrodin"/>
<USERREF USERNAME="ajogetalt"/>
<USERREF USERNAME="esatherberg"/>
<USERREF USERNAME="ystorck"/>
<USERREF USERNAME="lpersson"/>
<USERREF USERNAME="jhuober"/>
<USERREF USERNAME="ibekes"/>
<USERREF USERNAME="jkeenoy"/>
<USERREF USERNAME="jdandrea"/>
<USERREF USERNAME="duthgenannt"/>
<USERREF USERNAME="ablisse"/>
<USERREF USERNAME="smorales"/>
<USERREF USERNAME="mmartin"/>
<USERREF USERNAME="aruiz"/>
<USERREF USERNAME="rrodriguez"/>
<USERREF USERNAME="valberola"/>
<USERREF USERNAME="smerino"/>
<USERREF USERNAME="ialvarez"/>
<USERREF USERNAME="lcodesido"/>
<USERREF USERNAME="vnava"/>
<USERREF USERNAME="lbiganzoli"/>
<USERREF USERNAME="cbiagioni"/>
<USERREF USERNAME="sgori"/>
<USERREF USERNAME="sdolci"/>
<USERREF USERNAME="aabate"/>
<USERREF USERNAME="scinieri"/>
<USERREF USERNAME="pferrara"/>
<USERREF USERNAME="gricciardi"/>
<USERREF USERNAME="dspaeth"/>
<USERREF USERNAME="acourte"/>
<USERREF USERNAME="ebieber"/>
<USERREF USERNAME="claurent"/>
<USERREF USERNAME="ndohollou"/>
<USERREF USERNAME="calleaume"/>
<USERREF USERNAME="cbellot"/>
<USERREF USERNAME="sbrandhorst"/>
<USERREF USERNAME="spaepke"/>
<USERREF USERNAME="upecks"/>
<USERREF USERNAME="mpaulsen"/>
<USERREF USERNAME="nturner"/>
<USERREF USERNAME="mcaulfield"/>
<USERREF USERNAME="mmilton"/>
<USERREF USERNAME="abhambra"/>
<USERREF USERNAME="cshannon"/>
<USERREF USERNAME="jbeith"/>
<USERREF USERNAME="rsnyder"/>
<USERREF USERNAME="aarmstrong"/>
<USERREF USERNAME="abossons"/>
<USERREF USERNAME="zbrammer"/>
<USERREF USERNAME="soreilly"/>
<USERREF USERNAME="rbaird"/>
<USERREF USERNAME="vbrown"/>
<USERREF USERNAME="rvillalobos"/>
<USERREF USERNAME="jguadarrama"/>
<USERREF USERNAME="lvenegas"/>
<USERREF USERNAME="ggarnica"/>
<USERREF USERNAME="jtello"/>
<USERREF USERNAME="jmansi"/>
<USERREF USERNAME="cbayliss"/>
<USERREF USERNAME="scleator"/>
<USERREF USERNAME="jkroep"/>
<USERREF USERNAME="wdercksen"/>
<USERREF USERNAME="fdejongh"/>
<USERREF USERNAME="iandrasina"/>
<USERREF USERNAME="acipkova"/>
<USERREF USERNAME="sspanik"/>
<USERREF USERNAME="mmikulova"/>
<USERREF USERNAME="zostrovska"/>
<USERREF USERNAME="khubbertsson"/>
<USERREF USERNAME="cnilsson"/>
<USERREF USERNAME="kvillman"/>
<USERREF USERNAME="pedlund"/>
<USERREF USERNAME="skrohn"/>
<USERREF USERNAME="ejaekel"/>
<USERREF USERNAME="jkisro"/>
<USERREF USERNAME="vcichon"/>
<USERREF USERNAME="jottenbreit"/>
<USERREF USERNAME="rtejero"/>
<USERREF USERNAME="sfernandez"/>
<USERREF USERNAME="lmanso"/>
<USERREF USERNAME="allombart"/>
<USERREF USERNAME="jgarcia"/>
<USERREF USERNAME="cvidal"/>
<USERREF USERNAME="mdiez"/>
<USERREF USERNAME="ctondini"/>
<USERREF USERNAME="lpareschi"/>
<USERREF USERNAME="dcavaciocchi"/>
<USERREF USERNAME="fdelmonte"/>
<USERREF USERNAME="fmarchetti"/>
<USERREF USERNAME="ldelmastro"/>
<USERREF USERNAME="spastorino"/>
<USERREF USERNAME="mcinefra"/>
<USERREF USERNAME="vadamo"/>
<USERREF USERNAME="vfranchina"/>
<USERREF USERNAME="tlelu"/>
<USERREF USERNAME="fpriou"/>
<USERREF USERNAME="sjacquot"/>
<USERREF USERNAME="pfumoleau"/>
<USERREF USERNAME="dbrunie"/>
<USERREF USERNAME="bhue"/>
<USERREF USERNAME="rrosenkranz"/>
<USERREF USERNAME="jettl"/>
<USERREF USERNAME="dbauerschlag"/>
<USERREF USERNAME="gstrauch"/>
<USERREF USERNAME="sjohnston"/>
<USERREF USERNAME="sbennett"/>
<USERREF USERNAME="dbrett"/>
<USERREF USERNAME="abarrell"/>
<USERREF USERNAME="wlawler"/>
<USERREF USERNAME="rmoroose"/>
<USERREF USERNAME="jperkins"/>
<USERREF USERNAME="lfeliciano"/>
<USERREF USERNAME="pklein"/>
<USERREF USERNAME="dkanamori"/>
<USERREF USERNAME="jnichols"/>
<USERREF USERNAME="zsegota"/>
<USERREF USERNAME="cyau"/>
<USERREF USERNAME="mmodiano"/>
<USERREF USERNAME="lbui"/>
<USERREF USERNAME="szajamilatovic"/>
<USERREF USERNAME="ysanchez"/>
<USERREF USERNAME="lramos"/>
<USERREF USERNAME="jbeck"/>
<USERREF USERNAME="cgrausgruber"/>
<USERREF USERNAME="gbeaupre"/>
<USERREF USERNAME="achisotti"/>
<USERREF USERNAME="celser"/>
<USERREF USERNAME="ofreedman"/>
<USERREF USERNAME="rgoel"/>
<USERREF USERNAME="eblackmore"/>
<USERREF USERNAME="mkhasraw"/>
<USERREF USERNAME="wpatterson"/>
<USERREF USERNAME="showell"/>
<USERREF USERNAME="slatif"/>
<USERREF USERNAME="nsmeeton"/>
<USERREF USERNAME="cpalmieri"/>
<USERREF USERNAME="hearl"/>
<USERREF USERNAME="aroberts"/>
<USERREF USERNAME="schan"/>
<USERREF USERNAME="omerodio"/>
<USERREF USERNAME="fgutierrez"/>
<USERREF USERNAME="jmendoza"/>
<USERREF USERNAME="apalacios"/>
<USERREF USERNAME="ekarapanagiotou"/>
<USERREF USERNAME="sslater"/>
<USERREF USERNAME="dnunney"/>
<USERREF USERNAME="sogegbo"/>
<USERREF USERNAME="jouwerkerk"/>
<USERREF USERNAME="ssilvis"/>
<USERREF USERNAME="jportielje"/>
<USERREF USERNAME="tpackan"/>
<USERREF USERNAME="jkoperdakova"/>
<USERREF USERNAME="mporubska"/>
<USERREF USERNAME="mskultetyova"/>
<USERREF USERNAME="aconlin"/>
<USERREF USERNAME="jchang"/>
<USERREF USERNAME="maugier"/>
<USERREF USERNAME="jcramer"/>
<USERREF USERNAME="cdavis"/>
<USERREF USERNAME="shager"/>
<USERREF USERNAME="shurvitz"/>
<USERREF USERNAME="mcopur"/>
<USERREF USERNAME="cmurray"/>
<USERREF USERNAME="ndhillon"/>
<USERREF USERNAME="rdichmann"/>
<USERREF USERNAME="hallen"/>
<USERREF USERNAME="fkass"/>
<USERREF USERNAME="mvenigalla"/>
<USERREF USERNAME="mhancock"/>
<USERREF USERNAME="lbaez"/>
</REPORTINGGROUP>

<REPORTINGGROUP
GROUPNAME="Sponsor Users"
GROUPDESCRIPTION="Sponsor Users">
<!-- Insert Users -->
<USERREF USERNAME="z1x1846"/>
<USERREF USERNAME="v4x6430"/>
<USERREF USERNAME="z2x3236"/>
<USERREF USERNAME="C198897"/>
<USERREF USERNAME="C189293"/>
<USERREF USERNAME="z2x5649"/>
<USERREF USERNAME="z2x2460"/>
<USERREF USERNAME="z2x9894"/>
<USERREF USERNAME="z2x0873"/>
<USERREF USERNAME="z1x2075"/>
<USERREF USERNAME="z1x1832"/>
<USERREF USERNAME="z1x1865"/>
<USERREF USERNAME="z1x2073"/>
<USERREF USERNAME="z3x0576"/>
<USERREF USERNAME="coder_query"/>
<USERREF USERNAME="c161432"/>
<USERREF USERNAME="2012431"/>
<USERREF USERNAME="C191602"/>
<USERREF USERNAME="z2x1980"/>
<USERREF USERNAME="z2x1696"/>
<USERREF USERNAME="z3z2050"/>
<USERREF USERNAME="z2x1697"/>
<USERREF USERNAME="C198898"/>
<USERREF USERNAME="z3x0602"/>
<USERREF USERNAME="Z2X6065"/>
<USERREF USERNAME="z2x5929"/>
<USERREF USERNAME="z1x2603"/>
<USERREF USERNAME="Z3X1846"/>
<USERREF USERNAME="z3x2051"/>
<USERREF USERNAME="z2x6039"/>
<USERREF USERNAME="z1x0676"/>
<USERREF USERNAME="z1x1982"/>
<USERREF USERNAME="C192463"/>
<USERREF USERNAME="z2x2253"/>
<USERREF USERNAME="z2x1398"/>
<USERREF USERNAME="i3ymcjpbm_RE"/>
<USERREF USERNAME="z3x1197"/>
<USERREF USERNAME="z2x3870"/>
<USERREF USERNAME="z3x2517"/>
<USERREF USERNAME="z2x1732"/>
<USERREF USERNAME="z2x3649"/>
<USERREF USERNAME="z1x2077"/>
<USERREF USERNAME="2176099"/>
<USERREF USERNAME="z2x2094"/>
<USERREF USERNAME="z2x7034"/>
</REPORTINGGROUP>

<REPORTINGGROUP
GROUPNAME="User Admin Info Data Users"
GROUPDESCRIPTION="Users who have access to user data including password related data">
<!-- Insert Users -->
<USERREF USERNAME="z1x1846"/>
<USERREF USERNAME="v4x6430"/>
<USERREF USERNAME="z2x7034"/>
<USERREF USERNAME="z2x3236"/>
<USERREF USERNAME="C198897"/>
<USERREF USERNAME="C189293"/>
<USERREF USERNAME="z2x5649"/>
<USERREF USERNAME="z2x2460"/>
<USERREF USERNAME="z2x9894"/>
<USERREF USERNAME="z2x0873"/>
<USERREF USERNAME="z1x2075"/>
<USERREF USERNAME="z1x1832"/>
<USERREF USERNAME="z1x1865"/>
<USERREF USERNAME="z1x2073"/>
<USERREF USERNAME="z3x0576"/>
<USERREF USERNAME="c161432"/>
<USERREF USERNAME="C191602"/>
<USERREF USERNAME="z2x1980"/>
<USERREF USERNAME="z2x1696"/>
<USERREF USERNAME="z3z2050"/>
<USERREF USERNAME="z2x1697"/>
<USERREF USERNAME="C198898"/>
<USERREF USERNAME="z3x0602"/>
<USERREF USERNAME="Z2X6065"/>
<USERREF USERNAME="z2x5929"/>
<USERREF USERNAME="z1x2603"/>
<USERREF USERNAME="Z3X1846"/>
<USERREF USERNAME="z3x2051"/>
<USERREF USERNAME="z2x6039"/>
<USERREF USERNAME="z1x0676"/>
<USERREF USERNAME="z1x1982"/>
<USERREF USERNAME="C192463"/>
<USERREF USERNAME="z2x2253"/>
<USERREF USERNAME="z2x1398"/>
<USERREF USERNAME="i3ymcjpbm_RE"/>
<USERREF USERNAME="z3x1197"/>
<USERREF USERNAME="z2x3870"/>
<USERREF USERNAME="z3x2517"/>
<USERREF USERNAME="z2x1732"/>
<USERREF USERNAME="z2x3649"/>
<USERREF USERNAME="z1x2077"/>
<USERREF USERNAME="z2x2094"/>
</REPORTINGGROUP>

<REPORTINGGROUP
GROUPNAME="User Info Data Users"
GROUPDESCRIPTION="Users who have access to user data except password related data">
<!-- Insert Users -->
<USERREF USERNAME="2012431"/>
</REPORTINGGROUP>

</MEDMLDATA>