<?xml version="1.0"?>
<MEDMLDATA xmlns="PhaseForward-MedML-Inform4">


<SITE  NAME="(450) UZ Gent"    MNEMONIC="450"
ADDRESS="Corneel Heymanslaan 10  9000 Gent"
COUNTRY="BELGIUM"
PHONE="323293324520"
ALTPHONE="32"
FAX="32"
TIMEZONE="(UTC+01:00) Sarajevo, Skopje, Warsaw, Zagreb"
SITEDATEFORMAT="DAY_MONTH_YEAR"
STARTDATE="07/26/2018"
STUDYLOCALE=""
SVAUTOSELECTRATE="100"
SVFIRSTNSUBJECTS="100"
/>


<SITE  NAME="(452) AZ Sint-Jan Brugge"    MNEMONIC="452"
ADDRESS="Ruddershove 10  8000 Brugge"
COUNTRY="BELGIUM"
PHONE="323250452370"
ALTPHONE="32"
FAX="32"
TIMEZONE="(UTC+01:00) Sarajevo, Skopje, Warsaw, Zagreb"
SITEDATEFORMAT="DAY_MONTH_YEAR"
STARTDATE="07/26/2018"
STUDYLOCALE=""
SVAUTOSELECTRATE="100"
SVFIRSTNSUBJECTS="100"
/>


<SITE  NAME="(451) UZ Brussel"    MNEMONIC="451"
ADDRESS="Laarbeeklaan 101  1090 Brussel"
COUNTRY="BELGIUM"
PHONE="323224763439"
ALTPHONE="32"
FAX="32"
TIMEZONE="(UTC+01:00) Sarajevo, Skopje, Warsaw, Zagreb"
SITEDATEFORMAT="DAY_MONTH_YEAR"
STARTDATE="07/26/2018"
STUDYLOCALE=""
SVAUTOSELECTRATE="100"
SVFIRSTNSUBJECTS="100"
/>


<SITE  NAME="(202) Okanagan Clinical Trials"    MNEMONIC="202"
ADDRESS="1353 Ellis Street Suite 204  Kelowna  British Columbia  V1Y 1Z9"
COUNTRY="CANADA"
PHONE="12508628141"
ALTPHONE="1"
FAX="1"
TIMEZONE="(UTC-08:00) Pacific Time (US &#38; Canada)"
SITEDATEFORMAT="DAY_MONTH_YEAR"
STARTDATE="07/26/2018"
STUDYLOCALE=""
SVAUTOSELECTRATE="100"
SVFIRSTNSUBJECTS="100"
/>


<SITE  NAME="(201) Aggarwal and Associates Ltd"    MNEMONIC="201"
ADDRESS="490 Bramalea Rd Suite 201  Brampton  Ontario  L6G 0G1"
COUNTRY="CANADA"
PHONE="19054589033"
ALTPHONE="1"
FAX="1"
TIMEZONE="(UTC-05:00) Eastern Time (US &#38; Canada)"
SITEDATEFORMAT="DAY_MONTH_YEAR"
STARTDATE="07/26/2018"
STUDYLOCALE=""
SVAUTOSELECTRATE="100"
SVFIRSTNSUBJECTS="100"
/>


<SITE  NAME="(200) DIEX Recherche Sherbrooke  Inc"    MNEMONIC="200"
ADDRESS="15  J.-A.-Bombardier  bureau A-160  Sherbrooke  Quebec  J1L 0H8"
COUNTRY="CANADA"
PHONE="18193462887"
ALTPHONE="1"
FAX="1"
TIMEZONE="(UTC-05:00) Eastern Time (US &#38; Canada)"
SITEDATEFORMAT="DAY_MONTH_YEAR"
STARTDATE="07/26/2018"
STUDYLOCALE=""
SVAUTOSELECTRATE="100"
SVFIRSTNSUBJECTS="100"
/>


<SITE  NAME="(601) Clintrial"    MNEMONIC="601"
ADDRESS="Pocernicka 1427 16  100 00 Praha 10"
COUNTRY="CZECH REPUBLIC"
PHONE="420420222510607"
ALTPHONE="420"
FAX="420"
TIMEZONE="(UTC+01:00) Sarajevo, Skopje, Warsaw, Zagreb"
SITEDATEFORMAT="DAY_MONTH_YEAR"
STARTDATE="07/26/2018"
STUDYLOCALE=""
SVAUTOSELECTRATE="100"
SVFIRSTNSUBJECTS="100"
/>


<SITE  NAME="(600) DADO MEDICAL"    MNEMONIC="600"
ADDRESS="Budecka 33  120 00 Praha 2"
COUNTRY="CZECH REPUBLIC"
PHONE="420420737208104"
ALTPHONE="420"
FAX="420"
TIMEZONE="(UTC+01:00) Sarajevo, Skopje, Warsaw, Zagreb"
SITEDATEFORMAT="DAY_MONTH_YEAR"
STARTDATE="07/26/2018"
STUDYLOCALE="en-US"
SVAUTOSELECTRATE="100"
SVFIRSTNSUBJECTS="100"
/>


<SITE  NAME="(605) Neurologie Brno"    MNEMONIC="605"
ADDRESS="Makovskeho nam 2  616 00 Brno"
COUNTRY="CZECH REPUBLIC"
PHONE="420420604118506"
ALTPHONE="420"
FAX="420"
TIMEZONE="(UTC+01:00) Sarajevo, Skopje, Warsaw, Zagreb"
SITEDATEFORMAT="DAY_MONTH_YEAR"
STARTDATE="07/26/2018"
STUDYLOCALE="en-US"
SVAUTOSELECTRATE="100"
SVFIRSTNSUBJECTS="100"
/>


<SITE  NAME="(604) INEP medical"    MNEMONIC="604"
ADDRESS="Krizikova 264 22  186 00 Praha 8"
COUNTRY="CZECH REPUBLIC"
PHONE="420420603153688"
ALTPHONE="420"
FAX="420"
TIMEZONE="(UTC+01:00) Sarajevo, Skopje, Warsaw, Zagreb"
SITEDATEFORMAT="DAY_MONTH_YEAR"
STARTDATE="07/26/2018"
STUDYLOCALE=""
SVAUTOSELECTRATE="100"
SVFIRSTNSUBJECTS="100"
/>


<SITE  NAME="(603) BRAIN-SOULTHERAPY"    MNEMONIC="603"
ADDRESS="K Nemocnici 1904  272 01 Kladno"
COUNTRY="CZECH REPUBLIC"
PHONE="420420777733413"
ALTPHONE="420"
FAX="420"
TIMEZONE="(UTC+01:00) Sarajevo, Skopje, Warsaw, Zagreb"
SITEDATEFORMAT="DAY_MONTH_YEAR"
STARTDATE="07/26/2018"
STUDYLOCALE=""
SVAUTOSELECTRATE="100"
SVFIRSTNSUBJECTS="100"
/>


<SITE  NAME="(602) Forbeli"    MNEMONIC="602"
ADDRESS="Kolejni 5  160 00 Praha 6"
COUNTRY="CZECH REPUBLIC"
PHONE="420420608164394"
ALTPHONE="420"
FAX="420"
TIMEZONE="(UTC+01:00) Sarajevo, Skopje, Warsaw, Zagreb"
SITEDATEFORMAT="DAY_MONTH_YEAR"
STARTDATE="07/26/2018"
STUDYLOCALE="en-US"
SVAUTOSELECTRATE="100"
SVFIRSTNSUBJECTS="100"
/>


<SITE  NAME="(502) Hopital de Cimiez"    MNEMONIC="502"
ADDRESS="Pavillon Mossa4 avenue Reine Victoria06000 Nice"
COUNTRY="FRANCE"
PHONE="330033492038469"
ALTPHONE="33"
FAX="33"
TIMEZONE="(UTC+01:00) Belgrade, Bratislava, Budapest, Ljubljana, Prague"
SITEDATEFORMAT="DAY_MONTH_YEAR"
STARTDATE="07/26/2018"
STUDYLOCALE="en-US"
SVAUTOSELECTRATE="100"
SVFIRSTNSUBJECTS="100"
/>


<SITE  NAME="(500) CHRU de Lille - Hopital Roger Salengro"    MNEMONIC="500"
ADDRESS="Centre devaluation et de traitement de la douleur2 avenue Oscar Lambret59037 Lille  France"
COUNTRY="FRANCE"
PHONE="330033320446054"
ALTPHONE="33"
FAX="33"
TIMEZONE="(UTC+01:00) Belgrade, Bratislava, Budapest, Ljubljana, Prague"
SITEDATEFORMAT="DAY_MONTH_YEAR"
STARTDATE="07/26/2018"
STUDYLOCALE="en-US"
SVAUTOSELECTRATE="100"
SVFIRSTNSUBJECTS="100"
/>


<SITE  NAME="(501) CHU Saint-Etienne - Hopital Nord"    MNEMONIC="501"
ADDRESS="Centre devaluation et de traitement de la douleurAvenue Albert Raimond42000 Saint-Etienne Cedex 2"
COUNTRY="FRANCE"
PHONE="330033477828391"
ALTPHONE="33"
FAX="33"
TIMEZONE="(UTC+01:00) Belgrade, Bratislava, Budapest, Ljubljana, Prague"
SITEDATEFORMAT="DAY_MONTH_YEAR"
STARTDATE="07/26/2018"
STUDYLOCALE="en-US"
SVAUTOSELECTRATE="100"
SVFIRSTNSUBJECTS="100"
/>


<SITE  NAME="(654) Universitatsklinikum Jena-Mitteldeutsches Kopfschmerzzentrum Jena"    MNEMONIC="654"
ADDRESS="Am Klinikum 107747 Jena"
COUNTRY="GERMANY"
PHONE="49004936419323405"
ALTPHONE="49"
FAX="49"
TIMEZONE="(UTC+01:00) Belgrade, Bratislava, Budapest, Ljubljana, Prague"
SITEDATEFORMAT="DAY_MONTH_YEAR"
STARTDATE="07/26/2018"
STUDYLOCALE="en-US"
SVAUTOSELECTRATE="100"
SVFIRSTNSUBJECTS="100"
/>


<SITE  NAME="(653) DRK-Kliniken Nordhessen"    MNEMONIC="653"
ADDRESS="Hansteinstr. 29
34121 Kassel"
COUNTRY="GERMANY"
PHONE="49004956130860"
ALTPHONE="49"
FAX="49"
TIMEZONE="(UTC+01:00) Belgrade, Bratislava, Budapest, Ljubljana, Prague"
SITEDATEFORMAT="DAY_MONTH_YEAR"
STARTDATE="07/26/2018"
STUDYLOCALE=""
SVAUTOSELECTRATE="100"
SVFIRSTNSUBJECTS="100"
/>


<SITE  NAME="(650) Praxis"    MNEMONIC="650"
ADDRESS="Kurt-Schumacher-Platz 11-12
44787 Bochum"
COUNTRY="GERMANY"
PHONE="49004923415866"
ALTPHONE="49"
FAX="49"
TIMEZONE="(UTC+01:00) Belgrade, Bratislava, Budapest, Ljubljana, Prague"
SITEDATEFORMAT="DAY_MONTH_YEAR"
STARTDATE="07/26/2018"
STUDYLOCALE=""
SVAUTOSELECTRATE="100"
SVFIRSTNSUBJECTS="100"
/>


<SITE  NAME="(652) Charite Universitatsmedizin Berlin-Klinik Neurologie"    MNEMONIC="652"
ADDRESS="Chariteplatz 110117 Berlin"
COUNTRY="GERMANY"
PHONE="49004930450560329"
ALTPHONE="49"
FAX="49"
TIMEZONE="(UTC+01:00) Belgrade, Bratislava, Budapest, Ljubljana, Prague"
SITEDATEFORMAT="DAY_MONTH_YEAR"
STARTDATE="07/26/2018"
STUDYLOCALE="en-US"
SVAUTOSELECTRATE="100"
SVFIRSTNSUBJECTS="100"
/>


<SITE  NAME="(651) Universitatsklinikum Essen AOR-Westdeutsches Kopfschmerzzentrum"    MNEMONIC="651"
ADDRESS="Hufelandstr 645147 Essen"
COUNTRY="GERMANY"
PHONE="4900492014369616"
ALTPHONE="49"
FAX="49"
TIMEZONE="(UTC+01:00) Belgrade, Bratislava, Budapest, Ljubljana, Prague"
SITEDATEFORMAT="DAY_MONTH_YEAR"
STARTDATE="07/26/2018"
STUDYLOCALE="en-US"
SVAUTOSELECTRATE="100"
SVFIRSTNSUBJECTS="100"
/>


<SITE  NAME="(350) Semmelweis Egyetem Neurologiai Klinika"    MNEMONIC="350"
ADDRESS="1083 Budapest  Balassa u 6"
COUNTRY="HUNGARY"
PHONE="363612101368"
ALTPHONE="36"
FAX="36"
TIMEZONE="(UTC+01:00) Sarajevo, Skopje, Warsaw, Zagreb"
SITEDATEFORMAT="DAY_MONTH_YEAR"
STARTDATE="07/26/2018"
STUDYLOCALE="en-US"
SVAUTOSELECTRATE="100"
SVFIRSTNSUBJECTS="100"
/>


<SITE  NAME="(351) Orszagos Klinikai Idegtudomanyi Intezet"    MNEMONIC="351"
ADDRESS="1145 Budapest  Amerikai ut 57"
COUNTRY="HUNGARY"
PHONE="3636306894351"
ALTPHONE="36"
FAX="36"
TIMEZONE="(UTC+01:00) Sarajevo, Skopje, Warsaw, Zagreb"
SITEDATEFORMAT="DAY_MONTH_YEAR"
STARTDATE="07/26/2018"
STUDYLOCALE="en-US"
SVAUTOSELECTRATE="100"
SVFIRSTNSUBJECTS="100"
/>


<SITE  NAME="(352) VALEOMED Kft"    MNEMONIC="352"
ADDRESS="2500 Esztergom  Kossuth Lajos u. 63."
COUNTRY="HUNGARY"
PHONE="3636305311524"
ALTPHONE="36"
FAX="36"
TIMEZONE="(UTC+01:00) Sarajevo, Skopje, Warsaw, Zagreb"
SITEDATEFORMAT="DAY_MONTH_YEAR"
STARTDATE="07/26/2018"
STUDYLOCALE=""
SVAUTOSELECTRATE="100"
SVFIRSTNSUBJECTS="100"
/>


<SITE  NAME="(701) AOU Careggi - Dipartimento di Scienze della Salute  Villa Monnatessa"    MNEMONIC="701"
ADDRESS="Viale Pieraccini  6
50100 - Firenze"
COUNTRY="ITALY"
PHONE="39390554271329"
ALTPHONE="39"
FAX="39"
TIMEZONE="(UTC+01:00) Belgrade, Bratislava, Budapest, Ljubljana, Prague"
SITEDATEFORMAT="DAY_MONTH_YEAR"
STARTDATE="07/26/2018"
STUDYLOCALE=""
SVAUTOSELECTRATE="100"
SVFIRSTNSUBJECTS="100"
/>


<SITE  NAME="(704) Universitta degli Studi di Modenae Reggio Emilia - Policlinico"    MNEMONIC="704"
ADDRESS="Via del Pozzo  7141100 - Modena"
COUNTRY="ITALY"
PHONE="39390594224065"
ALTPHONE="39"
FAX="39"
TIMEZONE="(UTC+01:00) Belgrade, Bratislava, Budapest, Ljubljana, Prague"
SITEDATEFORMAT="DAY_MONTH_YEAR"
STARTDATE="07/26/2018"
STUDYLOCALE="en-US"
SVAUTOSELECTRATE="100"
SVFIRSTNSUBJECTS="100"
/>


<SITE  NAME="(705) Fondazione IRCCS Istituto Neurologico Carlo Besta"    MNEMONIC="705"
ADDRESS="Via Celoria  12
 20133 -  Milano"
COUNTRY="ITALY"
PHONE="3939022394385"
ALTPHONE="39"
FAX="39"
TIMEZONE="(UTC+01:00) Belgrade, Bratislava, Budapest, Ljubljana, Prague"
SITEDATEFORMAT="DAY_MONTH_YEAR"
STARTDATE="07/26/2018"
STUDYLOCALE=""
SVAUTOSELECTRATE="100"
SVFIRSTNSUBJECTS="100"
/>


<SITE  NAME="(703) IRCCS - San Raffaele Pisana"    MNEMONIC="703"
ADDRESS="Via delle Pisana  235
00163 - Roma"
COUNTRY="ITALY"
PHONE="39390652252483"
ALTPHONE="39"
FAX="39"
TIMEZONE="(UTC+01:00) Belgrade, Bratislava, Budapest, Ljubljana, Prague"
SITEDATEFORMAT="DAY_MONTH_YEAR"
STARTDATE="07/26/2018"
STUDYLOCALE=""
SVAUTOSELECTRATE="100"
SVFIRSTNSUBJECTS="100"
/>


<SITE  NAME="(702) IRCCS Istituto delle Scienze Neurologiche di Bologna Ospedale Bellaria  Pad G1"    MNEMONIC="702"
ADDRESS="Via Latura  3 
40139 - Bologna"
COUNTRY="ITALY"
PHONE="39390514966929"
ALTPHONE="39"
FAX="39"
TIMEZONE="(UTC+01:00) Belgrade, Bratislava, Budapest, Ljubljana, Prague"
SITEDATEFORMAT="DAY_MONTH_YEAR"
STARTDATE="07/26/2018"
STUDYLOCALE=""
SVAUTOSELECTRATE="100"
SVFIRSTNSUBJECTS="100"
/>


<SITE  NAME="(700) UO Diagnosi e Cura Cefalee e Clinical Trial Centre  IRCCS Istituto Neurologico Nazionale C Mondino"    MNEMONIC="700"
ADDRESS="Via Mondino  2
27100 Pavia"
COUNTRY="ITALY"
PHONE="39390382380419"
ALTPHONE="39"
FAX="39"
TIMEZONE="(UTC+01:00) Belgrade, Bratislava, Budapest, Ljubljana, Prague"
SITEDATEFORMAT="DAY_MONTH_YEAR"
STARTDATE="07/26/2018"
STUDYLOCALE=""
SVAUTOSELECTRATE="100"
SVFIRSTNSUBJECTS="100"
/>


<SITE  NAME="(853) Kangbuk Samsung Hospital"    MNEMONIC="853"
ADDRESS="108  Pyung-Dong  Jongro-Gu  Seoul"
COUNTRY="KOREA, REPUBLIC OF"
PHONE="8282220012101"
ALTPHONE="82"
FAX="82"
TIMEZONE="(UTC+09:00) Seoul"
SITEDATEFORMAT="DAY_MONTH_YEAR"
STARTDATE="07/26/2018"
STUDYLOCALE=""
SVAUTOSELECTRATE="100"
SVFIRSTNSUBJECTS="100"
/>


<SITE  NAME="(852) Seoul National University Hospital"    MNEMONIC="852"
ADDRESS="101  Daehakro  Jongnogu  Seoul"
COUNTRY="KOREA, REPUBLIC OF"
PHONE="8282220722193"
ALTPHONE="82"
FAX="82"
TIMEZONE="(UTC+09:00) Seoul"
SITEDATEFORMAT="DAY_MONTH_YEAR"
STARTDATE="07/26/2018"
STUDYLOCALE=""
SVAUTOSELECTRATE="100"
SVFIRSTNSUBJECTS="100"
/>


<SITE  NAME="(851) Eulji General Hospital"    MNEMONIC="851"
ADDRESS="280-1  Hakye-dong  Nowon-gu  Seoul"
COUNTRY="KOREA, REPUBLIC OF"
PHONE="828229708311"
ALTPHONE="82"
FAX="82"
TIMEZONE="(UTC+09:00) Seoul"
SITEDATEFORMAT="DAY_MONTH_YEAR"
STARTDATE="07/26/2018"
STUDYLOCALE=""
SVAUTOSELECTRATE="100"
SVFIRSTNSUBJECTS="100"
/>


<SITE  NAME="(850) Severance Hospital"    MNEMONIC="850"
ADDRESS="50 Yonsei ro Seodaemun gu  Seoul"
COUNTRY="KOREA, REPUBLIC OF"
PHONE="82821056206014"
ALTPHONE="82"
FAX="82"
TIMEZONE="(UTC+09:00) Seoul"
SITEDATEFORMAT="DAY_MONTH_YEAR"
STARTDATE="07/26/2018"
STUDYLOCALE=""
SVAUTOSELECTRATE="100"
SVFIRSTNSUBJECTS="100"
/>


<SITE  NAME="(750) Cansisius-Wilhelmina Ziekenhuis"    MNEMONIC="750"
ADDRESS="Weg Door Jonkerbos 100
6532 SZ Nijmegen"
COUNTRY="NETHERLANDS"
PHONE="31310243658210"
ALTPHONE="31"
FAX="31"
TIMEZONE="(UTC+01:00) Belgrade, Bratislava, Budapest, Ljubljana, Prague"
SITEDATEFORMAT="DAY_MONTH_YEAR"
STARTDATE="07/26/2018"
STUDYLOCALE=""
SVAUTOSELECTRATE="100"
SVFIRSTNSUBJECTS="100"
/>


<SITE  NAME="(753) Boerhaave Medisch Centrum"    MNEMONIC="753"
ADDRESS="Dintelstraat 60
1078 VV Amsterdam"
COUNTRY="NETHERLANDS"
PHONE="31310203050030"
ALTPHONE="31"
FAX="31"
TIMEZONE="(UTC+01:00) Belgrade, Bratislava, Budapest, Ljubljana, Prague"
SITEDATEFORMAT="DAY_MONTH_YEAR"
STARTDATE="07/26/2018"
STUDYLOCALE=""
SVAUTOSELECTRATE="100"
SVFIRSTNSUBJECTS="100"
/>


<SITE  NAME="(752) Leids Universitair Medisch Centrum"    MNEMONIC="752"
ADDRESS="Albinusdreef 2
2333 ZA Leiden"
COUNTRY="NETHERLANDS"
PHONE="31310715262895"
ALTPHONE="31"
FAX="31"
TIMEZONE="(UTC+01:00) Belgrade, Bratislava, Budapest, Ljubljana, Prague"
SITEDATEFORMAT="DAY_MONTH_YEAR"
STARTDATE="07/26/2018"
STUDYLOCALE=""
SVAUTOSELECTRATE="100"
SVFIRSTNSUBJECTS="100"
/>


<SITE  NAME="(751) Isala"    MNEMONIC="751"
ADDRESS="Dokter van Heesweg 2
8025 AB Zwolle"
COUNTRY="NETHERLANDS"
PHONE="31310384242458"
ALTPHONE="31"
FAX="31"
TIMEZONE="(UTC+01:00) Belgrade, Bratislava, Budapest, Ljubljana, Prague"
SITEDATEFORMAT="DAY_MONTH_YEAR"
STARTDATE="07/26/2018"
STUDYLOCALE=""
SVAUTOSELECTRATE="100"
SVFIRSTNSUBJECTS="100"
/>


<SITE  NAME="(120) Instituto de Neurologia Dra Ivonne Fraga"    MNEMONIC="120"
ADDRESS="Professional Medical Plaza 708 Ave Ponce De Leon Ste 102  San Juan  Puerto Rico  00918"
COUNTRY="PUERTO RICO"
PHONE="7877877639312"
ALTPHONE="787"
FAX="787"
TIMEZONE="(UTC-05:00) Eastern Time (US &#38; Canada)"
SITEDATEFORMAT="DAY_MONTH_YEAR"
STARTDATE="07/26/2018"
STUDYLOCALE=""
SVAUTOSELECTRATE="100"
SVFIRSTNSUBJECTS="100"
/>


<SITE  NAME="(555) Hospital Universitario Marques de Valdecilla-NEURO"    MNEMONIC="555"
ADDRESS="Servicio de Neurologia 
Consultas Externas Valdecilla Sur  2 planta  
Avda de Valdecilla  SN
39008 Santander Cantabria
Spain"
COUNTRY="SPAIN"
PHONE="3434646242275"
ALTPHONE="34"
FAX="34"
TIMEZONE="(UTC+01:00) Belgrade, Bratislava, Budapest, Ljubljana, Prague"
SITEDATEFORMAT="DAY_MONTH_YEAR"
STARTDATE="07/26/2018"
STUDYLOCALE=""
SVAUTOSELECTRATE="100"
SVFIRSTNSUBJECTS="100"
/>


<SITE  NAME="(554) Hospital Universitario La Fe-Neurology"    MNEMONIC="554"
ADDRESS="Servicio de Neurologia Modulo D  planta 5a Avda de Fernando Abril Martorell 10646026 Valencia ValenciaSpain"
COUNTRY="SPAIN"
PHONE="3434646968973"
ALTPHONE="34"
FAX="34"
TIMEZONE="(UTC+01:00) Belgrade, Bratislava, Budapest, Ljubljana, Prague"
SITEDATEFORMAT="DAY_MONTH_YEAR"
STARTDATE="07/26/2018"
STUDYLOCALE="en-US"
SVAUTOSELECTRATE="100"
SVFIRSTNSUBJECTS="100"
/>


<SITE  NAME="(553) Hospital Clinico Universitario de Valladolid-Neurology"    MNEMONIC="553"
ADDRESS="Hospital Clinico y Universitario de Valladolid  
Edificio Rondilla  
Servicio de Neurologia Planta 1  Consulta 1 
Rondilla de Santa Teresa  sn
47010 Valladolid Valladolid
Spain"
COUNTRY="SPAIN"
PHONE="3434630981360"
ALTPHONE="34"
FAX="34"
TIMEZONE="(UTC+01:00) Belgrade, Bratislava, Budapest, Ljubljana, Prague"
SITEDATEFORMAT="DAY_MONTH_YEAR"
STARTDATE="07/26/2018"
STUDYLOCALE=""
SVAUTOSELECTRATE="100"
SVFIRSTNSUBJECTS="100"
/>


<SITE  NAME="(552) Hospital Vall d Hebron Neurology"    MNEMONIC="552"
ADDRESS="Consulta de Neurologia  Modulo A Passeig Vall d Hebron  119 to 12908035 Barcelona BarcelonaSpain"
COUNTRY="SPAIN"
PHONE="3434647748181"
ALTPHONE="34"
FAX="34"
TIMEZONE="(UTC+01:00) Belgrade, Bratislava, Budapest, Ljubljana, Prague"
SITEDATEFORMAT="DAY_MONTH_YEAR"
STARTDATE="07/26/2018"
STUDYLOCALE="en-US"
SVAUTOSELECTRATE="100"
SVFIRSTNSUBJECTS="100"
/>


<SITE  NAME="(551) Hospital Clinico Universitario de Valencia-NEURO"    MNEMONIC="551"
ADDRESS="Departamento de Neurologia Edif. Materno Infantil 4A Planta Avda Blasco Ibanez 17 46010 Valencia Valencia Spain"
COUNTRY="SPAIN"
PHONE="3434609668102"
ALTPHONE="34"
FAX="34"
TIMEZONE="(UTC+01:00) Belgrade, Bratislava, Budapest, Ljubljana, Prague"
SITEDATEFORMAT="DAY_MONTH_YEAR"
STARTDATE="07/26/2018"
STUDYLOCALE=""
SVAUTOSELECTRATE="100"
SVFIRSTNSUBJECTS="100"
/>


<SITE  NAME="(550) Hospital Universitari de Bellvitge-Neurology"    MNEMONIC="550"
ADDRESS="Departamento de Neurologia  Consultas Externas Neurologia  Modulo 14  Feixa Llarga sn08907 L Hospitalet de Llobregat BarcelonaSpain"
COUNTRY="SPAIN"
PHONE="3434636357327"
ALTPHONE="34"
FAX="34"
TIMEZONE="(UTC+01:00) Belgrade, Bratislava, Budapest, Ljubljana, Prague"
SITEDATEFORMAT="DAY_MONTH_YEAR"
STARTDATE="07/26/2018"
STUDYLOCALE="en-US"
SVAUTOSELECTRATE="100"
SVFIRSTNSUBJECTS="100"
/>


<SITE  NAME="(252) Kings College Hospital"    MNEMONIC="252"
ADDRESS="Bessemer Road  Denmark Hill  London  SE5 9RS"
COUNTRY="UNITED KINGDOM"
PHONE="44442032996384"
ALTPHONE="44"
FAX="44"
TIMEZONE="(UTC+00:00) Dublin, Edinburgh, Lisbon, London"
SITEDATEFORMAT="DAY_MONTH_YEAR"
STARTDATE="07/26/2018"
STUDYLOCALE=""
SVAUTOSELECTRATE="100"
SVFIRSTNSUBJECTS="100"
/>


<SITE  NAME="(251) St Thomas Hospital"    MNEMONIC="251"
ADDRESS="Westminster Bridge Road  London  SE1 7EH"
COUNTRY="UNITED KINGDOM"
PHONE="44442071883237"
ALTPHONE="44"
FAX="44"
TIMEZONE="(UTC+00:00) Dublin, Edinburgh, Lisbon, London"
SITEDATEFORMAT="DAY_MONTH_YEAR"
STARTDATE="07/26/2018"
STUDYLOCALE=""
SVAUTOSELECTRATE="100"
SVFIRSTNSUBJECTS="100"
/>


<SITE  NAME="(250) Hull Royal Infirmary"    MNEMONIC="250"
ADDRESS="Anlaby Road  Hull  HU3 2JZ"
COUNTRY="UNITED KINGDOM"
PHONE="44441482674673"
ALTPHONE="44"
FAX="44"
TIMEZONE="(UTC+00:00) Dublin, Edinburgh, Lisbon, London"
SITEDATEFORMAT="DAY_MONTH_YEAR"
STARTDATE="07/26/2018"
STUDYLOCALE=""
SVAUTOSELECTRATE="100"
SVFIRSTNSUBJECTS="100"
/>


<SITE  NAME="(106) Medical Center For Clinical Research"    MNEMONIC="106"
ADDRESS="9040 Friars Road  Suite 540  San Diego  California  92108"
COUNTRY="UNITED STATES"
PHONE="16195212830"
ALTPHONE="1"
FAX="1"
TIMEZONE="(UTC-08:00) Pacific Time (US &#38; Canada)"
SITEDATEFORMAT="DAY_MONTH_YEAR"
STARTDATE="07/26/2018"
STUDYLOCALE=""
SVAUTOSELECTRATE="100"
SVFIRSTNSUBJECTS="100"
/>


<SITE  NAME="(110) Northwest Clinical Research Center"    MNEMONIC="110"
ADDRESS="1951 152nd Place Northeast Suite 200  Bellevue  Washington   98007"
COUNTRY="UNITED STATES"
PHONE="14254530404"
ALTPHONE="1"
FAX="1"
TIMEZONE="(UTC-08:00) Pacific Time (US &#38; Canada)"
SITEDATEFORMAT="DAY_MONTH_YEAR"
STARTDATE="07/26/2018"
STUDYLOCALE=""
SVAUTOSELECTRATE="100"
SVFIRSTNSUBJECTS="100"
/>


<SITE  NAME="(104) California Medical Clinic for Headache"    MNEMONIC="104"
ADDRESS="2001 Santa Monica Boulevard  Suite 880-W Santa Monica  California  90404"
COUNTRY="UNITED STATES"
PHONE="13103151486"
ALTPHONE="1"
FAX="1"
TIMEZONE="(UTC-08:00) Pacific Time (US &#38; Canada)"
SITEDATEFORMAT="DAY_MONTH_YEAR"
STARTDATE="07/26/2018"
STUDYLOCALE=""
SVAUTOSELECTRATE="100"
SVFIRSTNSUBJECTS="100"
/>


<SITE  NAME="(114) 21st Century Neurology  a Division of Xenoscience"    MNEMONIC="114"
ADDRESS="2601 North 3rd Street Suite 125  Phoenix  AZ  85004"
COUNTRY="UNITED STATES"
PHONE="16022656500"
ALTPHONE="1"
FAX="1"
TIMEZONE="(UTC-07:00) Mountain Time (US &#38; Canada)"
SITEDATEFORMAT="DAY_MONTH_YEAR"
STARTDATE="07/26/2018"
STUDYLOCALE=""
SVAUTOSELECTRATE="100"
SVFIRSTNSUBJECTS="100"
/>


<SITE  NAME="(109) Foothill Family Clinic"    MNEMONIC="109"
ADDRESS="2295 Foothill Drive  Salt Lake City  Utah  84109"
COUNTRY="UNITED STATES"
PHONE="18014863021"
ALTPHONE="1"
FAX="1"
TIMEZONE="(UTC-07:00) Mountain Time (US &#38; Canada)"
SITEDATEFORMAT="DAY_MONTH_YEAR"
STARTDATE="07/26/2018"
STUDYLOCALE=""
SVAUTOSELECTRATE="100"
SVFIRSTNSUBJECTS="100"
/>


<SITE  NAME="(108) Albuquerque Clinical Trials"    MNEMONIC="108"
ADDRESS="711 Encino Place NE  Albuquerque  New Mexico  87102"
COUNTRY="UNITED STATES"
PHONE="15052247407"
ALTPHONE="1"
FAX="1"
TIMEZONE="(UTC-07:00) Mountain Time (US &#38; Canada)"
SITEDATEFORMAT="DAY_MONTH_YEAR"
STARTDATE="07/26/2018"
STUDYLOCALE=""
SVAUTOSELECTRATE="100"
SVFIRSTNSUBJECTS="100"
/>


<SITE  NAME="(115) Clinical Research Institute  Inc"    MNEMONIC="115"
ADDRESS="825 Nicollet Mall  Suite 135  Minnepolis  Minnesota  55402"
COUNTRY="UNITED STATES"
PHONE="16123332200"
ALTPHONE="1"
FAX="1"
TIMEZONE="(UTC-06:00) Central Time (US &#38; Canada)"
SITEDATEFORMAT="DAY_MONTH_YEAR"
STARTDATE="07/26/2018"
STUDYLOCALE=""
SVAUTOSELECTRATE="100"
SVFIRSTNSUBJECTS="100"
/>


<SITE  NAME="(116) Rochester Clinical Research  Inc"    MNEMONIC="116"
ADDRESS="500 Helendale Road Suite L20  Rochester  New York  14609"
COUNTRY="UNITED STATES"
PHONE="15852880890"
ALTPHONE="1"
FAX="1"
TIMEZONE="(UTC-05:00) Eastern Time (US &#38; Canada)"
SITEDATEFORMAT="DAY_MONTH_YEAR"
STARTDATE="07/26/2018"
STUDYLOCALE=""
SVAUTOSELECTRATE="100"
SVFIRSTNSUBJECTS="100"
/>


<SITE  NAME="(102) Michigan Head Pain and Neurological Institute"    MNEMONIC="102"
ADDRESS="3120 Professional Drive Ann Arbor Michigan  United States  48104"
COUNTRY="UNITED STATES"
PHONE="17346770227"
ALTPHONE="1"
FAX="1"
TIMEZONE="(UTC-05:00) Eastern Time (US &#38; Canada)"
SITEDATEFORMAT="DAY_MONTH_YEAR"
STARTDATE="07/26/2018"
STUDYLOCALE=""
SVAUTOSELECTRATE="100"
SVFIRSTNSUBJECTS="100"
/>


<SITE  NAME="(101) PharmQuest LLC"    MNEMONIC="101"
ADDRESS="806 Green Valley Road Suite 305 Greensboro NC 27408"
COUNTRY="UNITED STATES"
PHONE="13365748020"
ALTPHONE="1"
FAX="1"
TIMEZONE="(UTC-05:00) Eastern Time (US &#38; Canada)"
SITEDATEFORMAT="DAY_MONTH_YEAR"
STARTDATE="07/26/2018"
STUDYLOCALE=""
SVAUTOSELECTRATE="100"
SVFIRSTNSUBJECTS="100"
/>


<SITE  NAME="(117) USF Health Office of Research"    MNEMONIC="117"
ADDRESS="12901 Bruce B Downs Blvd MDC 55  Tampa  Florida  33612"
COUNTRY="UNITED STATES"
PHONE="13213316768"
ALTPHONE="1"
FAX="1"
TIMEZONE="(UTC-05:00) Eastern Time (US &#38; Canada)"
SITEDATEFORMAT="DAY_MONTH_YEAR"
STARTDATE="07/26/2018"
STUDYLOCALE=""
SVAUTOSELECTRATE="100"
SVFIRSTNSUBJECTS="100"
/>


<SITE  NAME="(105) Boston Clinical Trials  Inc"    MNEMONIC="105"
ADDRESS="26 Cummins Highway  Boston  Massachusetts  United States  02131"
COUNTRY="UNITED STATES"
PHONE="16174774868"
ALTPHONE="1"
FAX="1"
TIMEZONE="(UTC-05:00) Eastern Time (US &#38; Canada)"
SITEDATEFORMAT="DAY_MONTH_YEAR"
STARTDATE="07/26/2018"
STUDYLOCALE=""
SVAUTOSELECTRATE="100"
SVFIRSTNSUBJECTS="100"
/>


<SITE  NAME="(103) Healthy Perspectives  Innovative Mental Health Services PLLC"    MNEMONIC="103"
ADDRESS="30 Temple Street Suite 105  Nashua  New Hampshire  03060"
COUNTRY="UNITED STATES"
PHONE="16038809880"
ALTPHONE="1"
FAX="1"
TIMEZONE="(UTC-05:00) Eastern Time (US &#38; Canada)"
SITEDATEFORMAT="DAY_MONTH_YEAR"
STARTDATE="07/26/2018"
STUDYLOCALE=""
SVAUTOSELECTRATE="100"
SVFIRSTNSUBJECTS="100"
/>


<SITE  NAME="(119) Sensible Healthcare"    MNEMONIC="119"
ADDRESS="2700 Old Winter Garden Road  Ocoee  Florida  34761"
COUNTRY="UNITED STATES"
PHONE="14076542724"
ALTPHONE="1"
FAX="1"
TIMEZONE="(UTC-05:00) Eastern Time (US &#38; Canada)"
SITEDATEFORMAT="DAY_MONTH_YEAR"
STARTDATE="07/26/2018"
STUDYLOCALE=""
SVAUTOSELECTRATE="100"
SVFIRSTNSUBJECTS="100"
/>


<SITE  NAME="(118) Renstar Medical Research- Wesley Chapel"    MNEMONIC="118"
ADDRESS="2306 Ashley Oaks Circle Suite 101  Wesley Chapel  Florida  33544"
COUNTRY="UNITED STATES"
PHONE="13526295800"
ALTPHONE="1"
FAX="1"
TIMEZONE="(UTC-05:00) Eastern Time (US &#38; Canada)"
SITEDATEFORMAT="DAY_MONTH_YEAR"
STARTDATE="07/26/2018"
STUDYLOCALE=""
SVAUTOSELECTRATE="100"
SVFIRSTNSUBJECTS="100"
/>


<SITE  NAME="(113) Bio Behavioral Health"    MNEMONIC="113"
ADDRESS="20 Hospital Drive 2nd Floor Suite 12  Toms River  New Jersey  08755"
COUNTRY="UNITED STATES"
PHONE="17322445757"
ALTPHONE="1"
FAX="1"
TIMEZONE="(UTC-05:00) Eastern Time (US &#38; Canada)"
SITEDATEFORMAT="DAY_MONTH_YEAR"
STARTDATE="07/26/2018"
STUDYLOCALE=""
SVAUTOSELECTRATE="100"
SVFIRSTNSUBJECTS="100"
/>


<SITE  NAME="(112) Health Research of Hampton Roads  Inc"    MNEMONIC="112"
ADDRESS="720 Thimble Shoals Blvd. Suite 110  Newport News  Virginia  23606"
COUNTRY="UNITED STATES"
PHONE="17575918100"
ALTPHONE="1"
FAX="1"
TIMEZONE="(UTC-05:00) Eastern Time (US &#38; Canada)"
SITEDATEFORMAT="DAY_MONTH_YEAR"
STARTDATE="07/26/2018"
STUDYLOCALE=""
SVAUTOSELECTRATE="100"
SVFIRSTNSUBJECTS="100"
/>


<SITE  NAME="(111) Lehigh Center for Clinical Research"    MNEMONIC="111"
ADDRESS="401 North 17th Street Suite 207  Allentown  Pennsylvania  18104"
COUNTRY="UNITED STATES"
PHONE="16108200342"
ALTPHONE="1"
FAX="1"
TIMEZONE="(UTC-05:00) Eastern Time (US &#38; Canada)"
SITEDATEFORMAT="DAY_MONTH_YEAR"
STARTDATE="07/26/2018"
STUDYLOCALE=""
SVAUTOSELECTRATE="100"
SVFIRSTNSUBJECTS="100"
/>


<SITE  NAME="(107) Coastal Carolina Research Center"    MNEMONIC="107"
ADDRESS="1156 Bowman Roade Suite 102  Mt. Pleasant  South Carolina  29464"
COUNTRY="UNITED STATES"
PHONE="18438563784"
ALTPHONE="1"
FAX="1"
TIMEZONE="(UTC-05:00) Eastern Time (US &#38; Canada)"
SITEDATEFORMAT="DAY_MONTH_YEAR"
STARTDATE="07/26/2018"
STUDYLOCALE=""
SVAUTOSELECTRATE="100"
SVFIRSTNSUBJECTS="100"
/>


</MEDMLDATA>