<?xml version="1.0"?>
<MEDMLDATA xmlns="PhaseForward-MedML-Inform4">

<ITEMGROUP 
GROUPNAME="Data_Manager_ReadOnly"
GROUPDESCRIPTION="Items that are hidden by design and should be viewable to Data Manager">
 <!-- Insert ItemRef Names -->
<ITEMREF REFNAME="CMTRADNM_CM1C1F2"/>
<ITEMREF REFNAME="CMTRADNM_CM2001_F2"/>
<ITEMREF REFNAME="CMTRADNM_CM2CMSI1F1"/>
<ITEMREF REFNAME="CMTRT_MAP_CM1C1F2"/>
<ITEMREF REFNAME="CMTRT_MAP_CM2001_F2"/>
<ITEMREF REFNAME="CMTRT_MAP_CM2CMSI1F1"/>
<ITEMREF REFNAME="DICT_DICTVER_CM1C1F2"/>
<ITEMREF REFNAME="DICT_DICTVER_CM2001_F2"/>
<ITEMREF REFNAME="DICT_DICTVER_CM2CMSI1F1"/>
<ITEMREF REFNAME="DICT_DICTVER_INJ1_F1"/>
<ITEMREF REFNAME="DSCAT_1_DS1F8"/>
<ITEMREF REFNAME="DSCAT_2_DS2001_F2"/>
<ITEMREF REFNAME="DSEVAL_IA_DS2001_F2"/>
<ITEMREF REFNAME="DSSCAT_DS1F8"/>
<ITEMREF REFNAME="DSSCAT_IA_DS2001_F2"/>
<ITEMREF REFNAME="EXCAT_EX1ISCM1_F1"/>
<ITEMREF REFNAME="EXCAT_EX1ISCM1_F2"/>
<ITEMREF REFNAME="EXGRPID_EX1ISCM1_F1"/>
<ITEMREF REFNAME="EXGRPID_EX1ISCM1_F2"/>
<ITEMREF REFNAME="EXTRT_EX1ISCM1_F1"/>
<ITEMREF REFNAME="EXTRT_EX1ISCM1_F2"/>
<ITEMREF REFNAME="FACAT_EX1ISCM1_F1"/>
<ITEMREF REFNAME="FACAT_HAIRC1F1"/>
<ITEMREF REFNAME="DSSTDAT_DS1F5"/>
<ITEMREF REFNAME="DICT_DICTVER_APMH1001_F2"/>
<ITEMREF REFNAME="DICT_DICTVER_MHPRESP1F4"/>
<ITEMREF REFNAME="DICT_DICTVER_APMHF1"/>
<ITEMREF REFNAME="DSSTDAT_DS1F6"/>
<ITEMREF REFNAME="DSSTDAT_DS1F7"/>
<ITEMREF REFNAME="DSSTDAT_DS1F4"/>
<ITEMREF REFNAME="FACAT_EX1ISCM1_F2"/>
<ITEMREF REFNAME="HMPRES2U_HMPR1F1"/>
<ITEMREF REFNAME="HMPRES4U_HMPR1F1"/>
<ITEMREF REFNAME="HMPRES5U_HMPR1F1"/>
<ITEMREF REFNAME="DSCAT_2_DS2001_F1"/>
<ITEMREF REFNAME="DSCAT_1_DS1F4"/>
<ITEMREF REFNAME="DSCAT_1_DS1F5"/>
<ITEMREF REFNAME="DSCAT_1_DS1F6"/>
<ITEMREF REFNAME="DSCAT_1_DS1F7"/>
<ITEMREF REFNAME="DSSCAT_IC_DS2001_F1"/>
<ITEMREF REFNAME="DSEVAL_IC_DS2001_F1"/>
<ITEMREF REFNAME="DSSCAT_DS1F4"/>
<ITEMREF REFNAME="DICT_DICTVER_MH7001_F1"/>
<ITEMREF REFNAME="MHLLT_MH7001_F1"/>
<ITEMREF REFNAME="MHCAT_MH7001_F1"/>
<ITEMREF REFNAME="MHDECOD_MH7001_F1"/>
<ITEMREF REFNAME="MHLLTCD_MH7001_F1"/>
<ITEMREF REFNAME="MHTERM_MAP_MH7001_F1"/>
<ITEMREF REFNAME="VSCAT_VS1F3"/>
<ITEMREF REFNAME="SUPRESP_SU3001_F2"/>
<ITEMREF REFNAME="SUCAT_ALCOHOL_SU1001_F2"/>
<ITEMREF REFNAME="SUPRESP_SU1001_F2"/>
<ITEMREF REFNAME="SUCAT_TOBACCO_SU3001_F2"/>
<ITEMREF REFNAME="VSCAT_VS1F4"/>
<ITEMREF REFNAME="DSSCAT_DS1F6"/>
<ITEMREF REFNAME="DSSCAT_DS1F7"/>
<ITEMREF REFNAME="DSSCAT_DS1F5"/>
<ITEMREF REFNAME="AECAT_AE3001_F2"/>
<ITEMREF REFNAME="DICT_DICTVER_AE3001_F1"/>
<ITEMREF REFNAME="AEDECOD_AE3001_F1"/>
<ITEMREF REFNAME="AELLT_AE3001_F1"/>
<ITEMREF REFNAME="AELLTCD_AE3001_F1"/>
<ITEMREF REFNAME="AECAT_AE3001_F1"/>
<ITEMREF REFNAME="AETERM_MAP_AE3001_F1"/>
<ITEMREF REFNAME="CMCAT_CM1F2"/>
<ITEMREF REFNAME="CMSCAT_CM1F2"/>
<ITEMREF REFNAME="DICT_DICTVER_CM1F2"/>
<ITEMREF REFNAME="CMDECOD_CM1F2"/>
<ITEMREF REFNAME="CMTRADNM_CM1F2"/>
<ITEMREF REFNAME="TRTTERMCD_CM1F2"/>
<ITEMREF REFNAME="CMCLASCD_CM1F2"/>
<ITEMREF REFNAME="CMCLAS_CM1F2"/>
<ITEMREF REFNAME="CMTRT_MAP_CM1F2"/>
<ITEMREF REFNAME="ROUTCOMP_CM1F2"/>
<ITEMREF REFNAME="CMCAT_CM3001_F1"/>
<ITEMREF REFNAME="CMCLASCD_CM3001_F1"/>
<ITEMREF REFNAME="CMCLAS_CM3001_F1"/>
<ITEMREF REFNAME="CMDECOD_CM3001_F1"/>
<ITEMREF REFNAME="CMTRADNM_CM3001_F1"/>
<ITEMREF REFNAME="CMTRT_CM3001_F1"/>
<ITEMREF REFNAME="DICT_DICTVER_CM3001_F1"/>
<ITEMREF REFNAME="DICT_DICTVER_MHPRESP1F3"/>
<ITEMREF REFNAME="FACAT_LRSS1001_F1"/>
<ITEMREF REFNAME="FASPID_LRSS1001_F1"/>
<ITEMREF REFNAME="HRFAEVAL_HRFA1001_F1"/>
<ITEMREF REFNAME="LRSSEVAL_LRSS1001_F1"/>
<ITEMREF REFNAME="LRSSOBJ_LRSS1001_F1"/>
<ITEMREF REFNAME="MHCAT_4_MHPRESP1F3"/>
<ITEMREF REFNAME="MHLLTCDPRESP_MHPRESP1F3"/>
<ITEMREF REFNAME="MHPRESP_MHPRESP1F3"/>
<ITEMREF REFNAME="QSCAT_HRFA1001_F1"/>
<ITEMREF REFNAME="SUCAT_ALCOHOL_SU1F3"/>
<ITEMREF REFNAME="SUCAT_REC_DRUG_SU5001_F1"/>
<ITEMREF REFNAME="SUCAT_REC_DRUG_SU5F2"/>
<ITEMREF REFNAME="SUPRESP_SU1001_SU1F3"/>
<ITEMREF REFNAME="SUPRESP_SU5001_F1"/>
<ITEMREF REFNAME="SUPRESP_SU5001_F2"/>
<ITEMREF REFNAME="TRTTERMCD_CM3001_F1"/>
<ITEMREF REFNAME="XPCAT_BR1001_F1"/>
<ITEMREF REFNAME="CMSPID_CM3001_F1"/>
<ITEMREF REFNAME="APID1_APMHF1"/>
<ITEMREF REFNAME="APMHPRESP_APMH1001_F2"/>
<ITEMREF REFNAME="APMHPRESP_APMHF1"/>
<ITEMREF REFNAME="CECAT_INJ1_F1"/>
<ITEMREF REFNAME="CELLTCDPRESP_10022058_INJ"/>
<ITEMREF REFNAME="CELLTCDPRESP_10022061_INJ"/>
<ITEMREF REFNAME="CELLTCDPRESP_10022075_INJ"/>
<ITEMREF REFNAME="CELLTCDPRESP_10022086_INJ"/>
<ITEMREF REFNAME="CELLTCDPRESP_10022093_INJ"/>
<ITEMREF REFNAME="CEPRESP_INJ1_F1"/>
<ITEMREF REFNAME="CMCAT_CM1C1F2"/>
<ITEMREF REFNAME="CMCAT_CM2001_F2"/>
<ITEMREF REFNAME="CMCAT_CM2CMSI1F1"/>
<ITEMREF REFNAME="CMCLASCD_CM1C1F2"/>
<ITEMREF REFNAME="CMCLASCD_CM2001_F2"/>
<ITEMREF REFNAME="CMCLASCD_CM2CMSI1F1"/>
<ITEMREF REFNAME="CMCLAS_CM1C1F2"/>
<ITEMREF REFNAME="CMCLAS_CM2001_F2"/>
<ITEMREF REFNAME="CMCLAS_CM2CMSI1F1"/>
<ITEMREF REFNAME="CMDECOD_CM1C1F2"/>
<ITEMREF REFNAME="CMDECOD_CM2001_F2"/>
<ITEMREF REFNAME="CMDECOD_CM2CMSI1F1"/>
<ITEMREF REFNAME="CMPRESP_CM3001_F1"/>
<ITEMREF REFNAME="CMSCAT_CM1C1F2"/>
<ITEMREF REFNAME="CMSCAT_CM2001_F2"/>
<ITEMREF REFNAME="CMSCAT_CM2CMSI1F1"/>
<ITEMREF REFNAME="HAIRRFUR20_HAIRF1"/>
<ITEMREF REFNAME="HAIRRFUR27_HAIRF1"/>
<ITEMREF REFNAME="HAIRRFUR33_HAIRF1"/>
<ITEMREF REFNAME="HAIRRFUR39_HAIRF1"/>
<ITEMREF REFNAME="HAIRRFUR3_HAIRF1"/>
<ITEMREF REFNAME="HAIRRFUR46_HAIRF1"/>
<ITEMREF REFNAME="HOCAT_MHCRU_EMPSTAT1F1"/>
<ITEMREF REFNAME="HOCAT_MHCRU_EMPSTAT1F2"/>
<ITEMREF REFNAME="HOEVINTX_MHCRU_EMPSTAT1F1"/>
<ITEMREF REFNAME="HOEVINTX_MHCRU_EMPSTAT1F2"/>
<ITEMREF REFNAME="HOPRESP_MHCRU_EMPSTAT1F1"/>
<ITEMREF REFNAME="HOPRESP_MHCRU_EMPSTAT1F2"/>
<ITEMREF REFNAME="HOTERMER_MCHRU_EMPSTAT1F2"/>
<ITEMREF REFNAME="HOTERMER_MHCRU_EMPSTAT1F1"/>
<ITEMREF REFNAME="HOTERMHCP_MHCRU_EMPSTATF1"/>
<ITEMREF REFNAME="HOTERMHCP_MHCRU_EMPSTATF2"/>
<ITEMREF REFNAME="HOTERMHS_MHCRU_EMPSTAT1F1"/>
<ITEMREF REFNAME="HOTERMHS_MHCRU_EMPSTATF2"/>
<ITEMREF REFNAME="INDCOMP_CM1C1F2"/>
<ITEMREF REFNAME="ISCMOBJ_EX1ISCM1_F1"/>
<ITEMREF REFNAME="ISCMOBJ_EX1ISCM1_F2"/>
<ITEMREF REFNAME="MHLLTCDPRESP_APMH1001_F2"/>
<ITEMREF REFNAME="MHLLTCDPRESP_APMHF1"/>
<ITEMREF REFNAME="MHLLTCDPRESP_MHPRESP1F4"/>
<ITEMREF REFNAME="MHSPID_APMH1001_F2"/>
<ITEMREF REFNAME="PRCAT_HMPR1F1"/>
<ITEMREF REFNAME="ROUTCOMP_CM1C1F2"/>
<ITEMREF REFNAME="SUCAT_CAFFEINE_SU2001_F1"/>
<ITEMREF REFNAME="SUCAT_NRT_SU4001_F1"/>
<ITEMREF REFNAME="SUPRESP_SU2001_F1"/>
<ITEMREF REFNAME="SUPRESP_SU4001_F1"/>
<ITEMREF REFNAME="TRTTERMCD_CM1C1F2"/>
<ITEMREF REFNAME="TRTTERMCD_CM2001_F2"/>
<ITEMREF REFNAME="TRTTERMCD_CM2CMSI1F1"/>
<ITEMREF REFNAME="VSCAT_VS1F5"/>
<ITEMREF REFNAME="XPCAT_HMPR1F1"/>
<ITEMREF REFNAME="XPMETHOD_HMPR_HMPR1F1"/>
<ITEMREF REFNAME="MHCAT_4_APMH1001_F2"/>
<ITEMREF REFNAME="MHCAT_4_APMHF1"/>
<ITEMREF REFNAME="MHCAT_4_MHPRESP1F4"/>
<ITEMREF REFNAME="MHPRESP_MHPRESP1F4"/>
<ITEMREF REFNAME="INDCOMP_CM1F2"/>

</ITEMGROUP>

<ITEMGROUP 
GROUPNAME="GPS_eSAE_Hidden"
GROUPDESCRIPTION="Items that should be hidden to GPS, hidden to Adjudicator and Central Group (only if these roles are used in the study), default access to all other rights groups.">
 <!-- Insert ItemRef Names -->
<ITEMREF REFNAME="SAEFUAWADAT_SAE2F1"/>
<ITEMREF REFNAME="SAEASMDAT_SAE2F1"/>
<ITEMREF REFNAME="SAEFUASMDAT_SAE2F1"/>
<ITEMREF REFNAME="SAEAWADAT_SAE2F1"/>

</ITEMGROUP>

<ITEMGROUP 
GROUPNAME="nonData_Manager_Hidden"
GROUPDESCRIPTION="Items hidden to all but DataManager editable">
 <!-- Insert ItemRef Names -->
<ITEMREF REFNAME="CALRULETRIG"/>
<ITEMREF REFNAME="WFRULETRIG"/>
<ITEMREF REFNAME="CDQATRIG"/>

</ITEMGROUP>

<ITEMGROUP 
GROUPNAME="nonData_Manager_ReadOnly"
GROUPDESCRIPTION="Items are Data_Manager editable, and Read-only for all other groups except Adjudicator and Central Grp.  For the Groups Adjudicator and Central Grp, it will be a Hidden Item.">
 <!-- Insert ItemRef Names -->
<ITEMREF REFNAME="CDQ_CDQA"/>
<ITEMREF REFNAME="VISDATMD_SV1F1"/>

</ITEMGROUP>

</MEDMLDATA>