<?xml version="1.0"?>
<MEDMLDATA xmlns="PhaseForward-MedML-Inform4">


<REPORTINGGROUP
GROUPNAME="Ad Hoc Users"
GROUPDESCRIPTION="Users who have access to Ad Hoc Reporting">
<!-- Insert Users -->
<USERREF USERNAME="c241335"/>
<USERREF USERNAME="z2x8001"/>
<USERREF USERNAME="pe87568"/>
<USERREF USERNAME="i5qmccgaw_RE"/>
<USERREF USERNAME="v6x6306"/>
<USERREF USERNAME="z1x0506"/>
</REPORTINGGROUP>

<QUERYGROUP
GROUPNAME="CDM_CRA Query"
GROUPDESCRIPTION="CDM_CRA Query">
<!-- Insert Users -->
<USERREF USERNAME="autoquery"/>
<USERREF USERNAME="c241335"/>
<USERREF USERNAME="pe87568"/>
<USERREF USERNAME="z2x8001"/>
<USERREF USERNAME="Z2X6670"/>
<USERREF USERNAME="C243740"/>
<USERREF USERNAME="C241301"/>
<USERREF USERNAME="C235937"/>
<USERREF USERNAME="C240719"/>
<USERREF USERNAME="C261407"/>
<USERREF USERNAME="Z1X0687"/>
<USERREF USERNAME="C200015"/>
<USERREF USERNAME="C244597"/>
<USERREF USERNAME="C243002"/>
<USERREF USERNAME="C184367"/>
<USERREF USERNAME="C257131"/>
<USERREF USERNAME="C250867"/>
<USERREF USERNAME="C216838"/>
<USERREF USERNAME="Z1X2099"/>
<USERREF USERNAME="C252668"/>
<USERREF USERNAME="z1x0506"/>
<USERREF USERNAME="v6x6306"/>
<USERREF USERNAME="C211960"/>
<USERREF USERNAME="C251513"/>
<USERREF USERNAME="C256737"/>
<USERREF USERNAME="C229415"/>
<USERREF USERNAME="C239382"/>
<USERREF USERNAME="C226977"/>
<USERREF USERNAME="Z2X7245"/>
<USERREF USERNAME="Z1X1807"/>
<USERREF USERNAME="C232284"/>
<USERREF USERNAME="Z1X0689"/>
<USERREF USERNAME="C243000"/>
<USERREF USERNAME="Z2X6140"/>
<USERREF USERNAME="C214648"/>
</QUERYGROUP>

<QUERYGROUP
GROUPNAME="Coding Query Group"
GROUPDESCRIPTION="Coding Query Group">
<!-- Insert Users -->
<USERREF USERNAME="coder_query"/>
</QUERYGROUP>

<SIGNATUREGROUP
GROUPNAME="PI Signature"
GROUPDESCRIPTION="PI Signature"
CRBMEANING="Approved"

CRBTEXT="By my dated signature below, I  %s  %s, verify that all case report form pages accurately display the results of the examinations, tests, evaluations and treatments performed on this patient.&lt;BR&gt;&lt;BR&gt;Pursuant to Section 11.100 of Title 21 of the Code of Federal Regulations, this is to certify that I intend that this electronic signature is to be the legally binding equivalent of my handwritten signature. &lt;BR&gt;&lt;BR&gt;To this I do attest by supplying my user name and password and clicking the button marked &lt;B&gt;Submit&lt;/B&gt; below"
 LANGUAGE="en-US">
<!-- Insert Users -->
<USERREF USERNAME="ktaylor"/>
<USERREF USERNAME="jlainez"/>
<USERREF USERNAME="kstandley"/>
<USERREF USERNAME="hsmoon"/>
<USERREF USERNAME="mkchu"/>
<USERREF USERNAME="pgoadsby"/>
<USERREF USERNAME="clucas"/>
<USERREF USERNAME="avandycke"/>
<USERREF USERNAME="wmulleners"/>
<USERREF USERNAME="ecouturier"/>
<USERREF USERNAME="mbajacek"/>
<USERREF USERNAME="ureuter"/>
<USERREF USERNAME="mbutz"/>
<USERREF USERNAME="pstorch"/>
<USERREF USERNAME="ccreach"/>
<USERREF USERNAME="mlanteriminet"/>
<USERREF USERNAME="fahmed"/>
<USERREF USERNAME="akhan"/>
<USERREF USERNAME="apatel"/>
<USERREF USERNAME="mhuerta"/>
<USERREF USERNAME="aguerreroperal"/>
<USERREF USERNAME="sdiazinsa"/>
<USERREF USERNAME="kpaemeleire"/>
<USERREF USERNAME="kborzova"/>
<USERREF USERNAME="dsmajlovic"/>
<USERREF USERNAME="dhollelee"/>
<USERREF USERNAME="pbharti"/>
<USERREF USERNAME="pgross"/>
<USERREF USERNAME="iniedermayerova"/>
<USERREF USERNAME="cfisher"/>
<USERREF USERNAME="gberman"/>
<USERREF USERNAME="vquintanilla"/>
<USERREF USERNAME="nvlam"/>
<USERREF USERNAME="sdevries"/>
<USERREF USERNAME="mjiravova"/>
<USERREF USERNAME="pvotypkova"/>
<USERREF USERNAME="jsmelikova"/>
<USERREF USERNAME="abajacekova"/>
<USERREF USERNAME="mholikova"/>
<USERREF USERNAME="stronnerova"/>
<USERREF USERNAME="pstude"/>
<USERREF USERNAME="bkkim"/>
<USERREF USERNAME="mhkim"/>
<USERREF USERNAME="naggarwal"/>
<USERREF USERNAME="aoterinoduran"/>
<USERREF USERNAME="cstrout"/>
<USERREF USERNAME="dhenry"/>
<USERREF USERNAME="jversijpt"/>
<USERREF USERNAME="ddolezil"/>
<USERREF USERNAME="yrizova"/>
<USERREF USERNAME="aboeger"/>
<USERREF USERNAME="usmesny"/>
</SIGNATUREGROUP>

<REPORTINGGROUP
GROUPNAME="Publishers"
GROUPDESCRIPTION="Users who can create folders and other content within the Public Folder space">
<!-- Insert Users -->
<USERREF USERNAME="v6x6306"/>
<USERREF USERNAME="i5qmccgaw_RE"/>
<USERREF USERNAME="z1x0506"/>
<USERREF USERNAME="z2x8001"/>
<USERREF USERNAME="c241335"/>
<USERREF USERNAME="pe87568"/>
</REPORTINGGROUP>

<REPORTINGGROUP
GROUPNAME="Report Administrators"
GROUPDESCRIPTION="Users who can administer authorized public content such as setting permissions on folders and reports">
<!-- Insert Users -->
<USERREF USERNAME="c241335"/>
<USERREF USERNAME="z2x8001"/>
<USERREF USERNAME="pe87568"/>
<USERREF USERNAME="v6x6306"/>
<USERREF USERNAME="z1x0506"/>
</REPORTINGGROUP>

<REPORTINGGROUP
GROUPNAME="Site Users"
GROUPDESCRIPTION="Site Users">
<!-- Insert Users -->
<USERREF USERNAME="apaquette"/>
<USERREF USERNAME="mgruber"/>
<USERREF USERNAME="tneyman"/>
<USERREF USERNAME="ksullivan"/>
<USERREF USERNAME="cquintard"/>
<USERREF USERNAME="ccox"/>
<USERREF USERNAME="ktaylor"/>
<USERREF USERNAME="jkuerth"/>
<USERREF USERNAME="gcote"/>
<USERREF USERNAME="jlainez"/>
<USERREF USERNAME="vgallardo"/>
<USERREF USERNAME="avandycke"/>
<USERREF USERNAME="evanmassenhove"/>
<USERREF USERNAME="wmulleners"/>
<USERREF USERNAME="ecouturier"/>
<USERREF USERNAME="ckaal"/>
<USERREF USERNAME="rsmal"/>
<USERREF USERNAME="gvanvemde"/>
<USERREF USERNAME="mbajacek"/>
<USERREF USERNAME="ureuter"/>
<USERREF USERNAME="nschulzkruckow"/>
<USERREF USERNAME="mbutz"/>
<USERREF USERNAME="pstorch"/>
<USERREF USERNAME="cherzau"/>
<USERREF USERNAME="sheudre"/>
<USERREF USERNAME="ccreach"/>
<USERREF USERNAME="mlanteriminet"/>
<USERREF USERNAME="fahmed"/>
<USERREF USERNAME="swesley"/>
<USERREF USERNAME="jholland"/>
<USERREF USERNAME="ewilcox"/>
<USERREF USERNAME="akhan"/>
<USERREF USERNAME="smiller"/>
<USERREF USERNAME="ccamporeale"/>
<USERREF USERNAME="apatel"/>
<USERREF USERNAME="lbatorski"/>
<USERREF USERNAME="wdiaz"/>
<USERREF USERNAME="mhuerta"/>
<USERREF USERNAME="jvillar"/>
<USERREF USERNAME="aguerreroperal"/>
<USERREF USERNAME="sdiazinsa"/>
<USERREF USERNAME="kpaemeleire"/>
<USERREF USERNAME="fdemeulemeester"/>
<USERREF USERNAME="vvandamme"/>
<USERREF USERNAME="kkukan"/>
<USERREF USERNAME="kborzova"/>
<USERREF USERNAME="psantruckova"/>
<USERREF USERNAME="dsmajlovic"/>
<USERREF USERNAME="dhollelee"/>
<USERREF USERNAME="pbharti"/>
<USERREF USERNAME="wjohn"/>
<USERREF USERNAME="khaws"/>
<USERREF USERNAME="jnguyen"/>
<USERREF USERNAME="rfranklin"/>
<USERREF USERNAME="pgross"/>
<USERREF USERNAME="kmaples"/>
<USERREF USERNAME="rgregar"/>
<USERREF USERNAME="mzein"/>
<USERREF USERNAME="iniedermayerova"/>
<USERREF USERNAME="sjakubova"/>
<USERREF USERNAME="cfisher"/>
<USERREF USERNAME="gberman"/>
<USERREF USERNAME="jperez"/>
<USERREF USERNAME="vquintanilla"/>
<USERREF USERNAME="vschotte"/>
<USERREF USERNAME="tarts"/>
<USERREF USERNAME="nvlam"/>
<USERREF USERNAME="jherzstein"/>
<USERREF USERNAME="sdevries"/>
<USERREF USERNAME="mjiravova"/>
<USERREF USERNAME="pvotypkova"/>
<USERREF USERNAME="jsmelikova"/>
<USERREF USERNAME="mmaterna"/>
<USERREF USERNAME="abajacekova"/>
<USERREF USERNAME="mholikova"/>
<USERREF USERNAME="asternberg"/>
<USERREF USERNAME="stronnerova"/>
<USERREF USERNAME="pstude"/>
<USERREF USERNAME="onamous"/>
<USERREF USERNAME="sromettino"/>
<USERREF USERNAME="vquarshie"/>
<USERREF USERNAME="bkkim"/>
<USERREF USERNAME="mhkim"/>
<USERREF USERNAME="mbyeon"/>
<USERREF USERNAME="sditommaso"/>
<USERREF USERNAME="jbarker"/>
<USERREF USERNAME="kgaston"/>
<USERREF USERNAME="akemp"/>
<USERREF USERNAME="naggarwal"/>
<USERREF USERNAME="pborg"/>
<USERREF USERNAME="spobla"/>
<USERREF USERNAME="aoterinoduran"/>
<USERREF USERNAME="cstrout"/>
<USERREF USERNAME="dhenry"/>
<USERREF USERNAME="mmaldonado"/>
<USERREF USERNAME="avanremortel"/>
<USERREF USERNAME="jversijpt"/>
<USERREF USERNAME="cfletcher"/>
<USERREF USERNAME="ddolezil"/>
<USERREF USERNAME="yrizova"/>
<USERREF USERNAME="sknop"/>
<USERREF USERNAME="mkleinschmidt"/>
<USERREF USERNAME="hisrael-willner"/>
<USERREF USERNAME="aboeger"/>
<USERREF USERNAME="sschulze"/>
<USERREF USERNAME="usmesny"/>
<USERREF USERNAME="clucas"/>
<USERREF USERNAME="freyesmunoz"/>
<USERREF USERNAME="pgoadsby"/>
<USERREF USERNAME="fgreenwood"/>
<USERREF USERNAME="mkchu"/>
<USERREF USERNAME="hslee"/>
<USERREF USERNAME="jshim"/>
<USERREF USERNAME="hsmoon"/>
<USERREF USERNAME="jskrei"/>
<USERREF USERNAME="kstandley"/>
<USERREF USERNAME="cmichaels"/>
</REPORTINGGROUP>

<REPORTINGGROUP
GROUPNAME="Sponsor Users"
GROUPDESCRIPTION="Sponsor Users">
<!-- Insert Users -->
<USERREF USERNAME="c241335"/>
<USERREF USERNAME="pe87568"/>
<USERREF USERNAME="coder_query"/>
<USERREF USERNAME="Z2X6670"/>
<USERREF USERNAME="C243740"/>
<USERREF USERNAME="C241301"/>
<USERREF USERNAME="C235937"/>
<USERREF USERNAME="odm_user"/>
<USERREF USERNAME="C240719"/>
<USERREF USERNAME="C261407"/>
<USERREF USERNAME="Z1X0687"/>
<USERREF USERNAME="C200015"/>
<USERREF USERNAME="C244597"/>
<USERREF USERNAME="C243002"/>
<USERREF USERNAME="C184367"/>
<USERREF USERNAME="C257131"/>
<USERREF USERNAME="C250867"/>
<USERREF USERNAME="C216838"/>
<USERREF USERNAME="Z1X2099"/>
<USERREF USERNAME="C252668"/>
<USERREF USERNAME="z1x0506"/>
<USERREF USERNAME="i5qmccgaw_RE"/>
<USERREF USERNAME="cc_auth"/>
<USERREF USERNAME="v6x6306"/>
<USERREF USERNAME="C211960"/>
<USERREF USERNAME="C251513"/>
<USERREF USERNAME="C256737"/>
<USERREF USERNAME="C229415"/>
<USERREF USERNAME="C239382"/>
<USERREF USERNAME="C226977"/>
<USERREF USERNAME="Z2X7245"/>
<USERREF USERNAME="Z1X1807"/>
<USERREF USERNAME="C232284"/>
<USERREF USERNAME="Z1X0689"/>
<USERREF USERNAME="C243000"/>
<USERREF USERNAME="Z2X6140"/>
<USERREF USERNAME="C214648"/>
<USERREF USERNAME="z2x8001"/>
</REPORTINGGROUP>

<REPORTINGGROUP
GROUPNAME="User Admin Info Data Users"
GROUPDESCRIPTION="Users who have access to user data including password related data">
<!-- Insert Users -->
<USERREF USERNAME="c241335"/>
<USERREF USERNAME="pe87568"/>
<USERREF USERNAME="Z2X6670"/>
<USERREF USERNAME="C243740"/>
<USERREF USERNAME="C241301"/>
<USERREF USERNAME="C235937"/>
<USERREF USERNAME="C240719"/>
<USERREF USERNAME="C261407"/>
<USERREF USERNAME="Z1X0687"/>
<USERREF USERNAME="C200015"/>
<USERREF USERNAME="C244597"/>
<USERREF USERNAME="C243002"/>
<USERREF USERNAME="C184367"/>
<USERREF USERNAME="C257131"/>
<USERREF USERNAME="C250867"/>
<USERREF USERNAME="C216838"/>
<USERREF USERNAME="Z1X2099"/>
<USERREF USERNAME="C252668"/>
<USERREF USERNAME="z1x0506"/>
<USERREF USERNAME="i5qmccgaw_RE"/>
<USERREF USERNAME="v6x6306"/>
<USERREF USERNAME="C211960"/>
<USERREF USERNAME="C251513"/>
<USERREF USERNAME="C256737"/>
<USERREF USERNAME="C229415"/>
<USERREF USERNAME="C239382"/>
<USERREF USERNAME="C226977"/>
<USERREF USERNAME="Z2X7245"/>
<USERREF USERNAME="Z1X1807"/>
<USERREF USERNAME="C232284"/>
<USERREF USERNAME="Z1X0689"/>
<USERREF USERNAME="C243000"/>
<USERREF USERNAME="Z2X6140"/>
<USERREF USERNAME="C214648"/>
<USERREF USERNAME="z2x8001"/>
</REPORTINGGROUP>

<QUERYGROUP
GROUPNAME="CDM_CRA Query"
GROUPDESCRIPTION="CDM_CRA Query">
<!-- Insert Users -->
<USERREF USERNAME="autoquery"/>
</QUERYGROUP>

</MEDMLDATA>