<?xml version="1.0"?>
<MEDMLDATA xmlns="PhaseForward-MedML-Inform4">

<SITEGROUP SITENAME="(301) HELIOS Klinikum Berlin Buch Klinik fur Interdisziplinare Onkologie Sarkomzentrum Berlin Brandenburg">
<USERREF USERNAME="coder_query"/>
<USERREF USERNAME="c249870"/>
<USERREF USERNAME="c149066"/>
<USERREF USERNAME="c015393"/>
<USERREF USERNAME="c039853"/>
<USERREF USERNAME="c236518"/>
<USERREF USERNAME="c237128"/>
<USERREF USERNAME="mwicklein"/>
<USERREF USERNAME="areichardt"/>
<USERREF USERNAME="preichardt"/>
<USERREF USERNAME="i5bmcjgdr_RE"/>
<USERREF USERNAME="c244398"/>
<USERREF USERNAME="odm_user"/>
<USERREF USERNAME="z2x2291"/>
<USERREF USERNAME="ZPFlbalubar"/>
<USERREF USERNAME="ZPFnvergara"/>
<USERREF USERNAME="ZPFtcabanes"/>
<USERREF USERNAME="ZPFmandone"/>
<USERREF USERNAME="ZPFgkrucso"/>
<USERREF USERNAME="ZPFabalogh"/>
<USERREF USERNAME="ZPFcmolom"/>
<USERREF USERNAME="ZPFkbarkoczi"/>
<USERREF USERNAME="ZPFaverpeleti"/>
<USERREF USERNAME="ZPFtszabo"/>
<USERREF USERNAME="ZPFralorico"/>
<USERREF USERNAME="ZPFoely"/>
<USERREF USERNAME="ZPFfvarga"/>
<USERREF USERNAME="ZPFapervaiz"/>
<USERREF USERNAME="ZPFasomogyi"/>
<USERREF USERNAME="ZPFtfabian"/>
<USERREF USERNAME="ZPFjistenes"/>
<USERREF USERNAME="ZPFnreis"/>
<USERREF USERNAME="ZPFijohl"/>
<USERREF USERNAME="ZPFnqi"/>
<USERREF USERNAME="ZPFgyvarga"/>
<USERREF USERNAME="ZPFprojas"/>
<USERREF USERNAME="ZPFdnagy"/>
<USERREF USERNAME="ZPFstayco"/>
<USERREF USERNAME="ZPFlmate"/>
<USERREF USERNAME="ZPFsaguilar"/>
<USERREF USERNAME="ZPFskholti"/>
<USERREF USERNAME="ZPFrducusin"/>
<USERREF USERNAME="ZPFkcsobalyka"/>
<USERREF USERNAME="ZPFvzdirko"/>
<USERREF USERNAME="ZPFmlalangan"/>
<USERREF USERNAME="ZPFklim"/>
<USERREF USERNAME="ZPFlcseke"/>
<USERREF USERNAME="ZPFvbalint"/>
<USERREF USERNAME="ZPFpvallar"/>
<USERREF USERNAME="ZPFedervishaj"/>
<USERREF USERNAME="ZPFkcco"/>
<USERREF USERNAME="ZPFpvamos"/>
</SITEGROUP>
<SITEGROUP SITENAME="(200) Oncologia Medica AOU Policlinico Vittorio Emanuele">
<USERREF USERNAME="c244398"/>
<USERREF USERNAME="c249870"/>
<USERREF USERNAME="c149066"/>
<USERREF USERNAME="c015393"/>
<USERREF USERNAME="i5bmcjgdr_RE"/>
<USERREF USERNAME="c236518"/>
<USERREF USERNAME="z2x2291"/>
<USERREF USERNAME="odm_user"/>
<USERREF USERNAME="coder_query"/>
<USERREF USERNAME="c039853"/>
<USERREF USERNAME="ZPFlbalubar"/>
<USERREF USERNAME="ZPFnvergara"/>
<USERREF USERNAME="ZPFtcabanes"/>
<USERREF USERNAME="ZPFmandone"/>
<USERREF USERNAME="ZPFgkrucso"/>
<USERREF USERNAME="ZPFabalogh"/>
<USERREF USERNAME="ZPFcmolom"/>
<USERREF USERNAME="ZPFkbarkoczi"/>
<USERREF USERNAME="ZPFaverpeleti"/>
<USERREF USERNAME="ZPFtszabo"/>
<USERREF USERNAME="ZPFralorico"/>
<USERREF USERNAME="ZPFoely"/>
<USERREF USERNAME="ZPFfvarga"/>
<USERREF USERNAME="ZPFapervaiz"/>
<USERREF USERNAME="ZPFasomogyi"/>
<USERREF USERNAME="ZPFtfabian"/>
<USERREF USERNAME="ZPFjistenes"/>
<USERREF USERNAME="ZPFnreis"/>
<USERREF USERNAME="ZPFijohl"/>
<USERREF USERNAME="ZPFnqi"/>
<USERREF USERNAME="ZPFgyvarga"/>
<USERREF USERNAME="ZPFprojas"/>
<USERREF USERNAME="ZPFdnagy"/>
<USERREF USERNAME="ZPFstayco"/>
<USERREF USERNAME="ZPFlmate"/>
<USERREF USERNAME="ZPFsaguilar"/>
<USERREF USERNAME="ZPFskholti"/>
<USERREF USERNAME="ZPFrducusin"/>
<USERREF USERNAME="ZPFkcsobalyka"/>
<USERREF USERNAME="ZPFvzdirko"/>
<USERREF USERNAME="ZPFmlalangan"/>
<USERREF USERNAME="ZPFklim"/>
<USERREF USERNAME="ZPFlcseke"/>
<USERREF USERNAME="ZPFvbalint"/>
<USERREF USERNAME="ZPFpvallar"/>
<USERREF USERNAME="ZPFedervishaj"/>
<USERREF USERNAME="ZPFkcco"/>
<USERREF USERNAME="ZPFpvamos"/>
</SITEGROUP>
<SITEGROUP SITENAME="(201) SC Oncologia Medica Tumori Mesenchimali dell Adulto e Tumori Rari  Fondazione IRCCS Istituto Nazionale Tumori">
<USERREF USERNAME="i5bmcjgdr_RE"/>
<USERREF USERNAME="coder_query"/>
<USERREF USERNAME="odm_user"/>
<USERREF USERNAME="sstacchiotti"/>
<USERREF USERNAME="gdinoi"/>
<USERREF USERNAME="z2x2291"/>
<USERREF USERNAME="c236518"/>
<USERREF USERNAME="c039853"/>
<USERREF USERNAME="c015393"/>
<USERREF USERNAME="c149066"/>
<USERREF USERNAME="c249870"/>
<USERREF USERNAME="c244398"/>
<USERREF USERNAME="ZPFlbalubar"/>
<USERREF USERNAME="ZPFnvergara"/>
<USERREF USERNAME="ZPFtcabanes"/>
<USERREF USERNAME="ZPFmandone"/>
<USERREF USERNAME="ZPFgkrucso"/>
<USERREF USERNAME="ZPFabalogh"/>
<USERREF USERNAME="ZPFcmolom"/>
<USERREF USERNAME="ZPFkbarkoczi"/>
<USERREF USERNAME="ZPFaverpeleti"/>
<USERREF USERNAME="ZPFtszabo"/>
<USERREF USERNAME="ZPFralorico"/>
<USERREF USERNAME="ZPFoely"/>
<USERREF USERNAME="ZPFfvarga"/>
<USERREF USERNAME="ZPFapervaiz"/>
<USERREF USERNAME="ZPFasomogyi"/>
<USERREF USERNAME="ZPFtfabian"/>
<USERREF USERNAME="ZPFjistenes"/>
<USERREF USERNAME="ZPFnreis"/>
<USERREF USERNAME="ZPFijohl"/>
<USERREF USERNAME="ZPFnqi"/>
<USERREF USERNAME="ZPFgyvarga"/>
<USERREF USERNAME="ZPFprojas"/>
<USERREF USERNAME="ZPFdnagy"/>
<USERREF USERNAME="ZPFstayco"/>
<USERREF USERNAME="ZPFlmate"/>
<USERREF USERNAME="ZPFsaguilar"/>
<USERREF USERNAME="ZPFskholti"/>
<USERREF USERNAME="ZPFrducusin"/>
<USERREF USERNAME="ZPFkcsobalyka"/>
<USERREF USERNAME="ZPFvzdirko"/>
<USERREF USERNAME="ZPFmlalangan"/>
<USERREF USERNAME="ZPFklim"/>
<USERREF USERNAME="ZPFlcseke"/>
<USERREF USERNAME="ZPFvbalint"/>
<USERREF USERNAME="ZPFpvallar"/>
<USERREF USERNAME="ZPFedervishaj"/>
<USERREF USERNAME="ZPFkcco"/>
<USERREF USERNAME="ZPFpvamos"/>
</SITEGROUP>
<SITEGROUP SITENAME="(300) Universitatsklinikum Essen WTZ Ambulanz 1 OG Innere Klinik">
<USERREF USERNAME="coder_query"/>
<USERREF USERNAME="c249870"/>
<USERREF USERNAME="z2x2291"/>
<USERREF USERNAME="sbauer"/>
<USERREF USERNAME="glinden"/>
<USERREF USERNAME="bgrave"/>
<USERREF USERNAME="c244398"/>
<USERREF USERNAME="dcrotes"/>
<USERREF USERNAME="c237128"/>
<USERREF USERNAME="c236518"/>
<USERREF USERNAME="c039853"/>
<USERREF USERNAME="c015393"/>
<USERREF USERNAME="c149066"/>
<USERREF USERNAME="i5bmcjgdr_RE"/>
<USERREF USERNAME="odm_user"/>
<USERREF USERNAME="ZPFlbalubar"/>
<USERREF USERNAME="ZPFnvergara"/>
<USERREF USERNAME="ZPFtcabanes"/>
<USERREF USERNAME="ZPFmandone"/>
<USERREF USERNAME="ZPFgkrucso"/>
<USERREF USERNAME="ZPFabalogh"/>
<USERREF USERNAME="ZPFcmolom"/>
<USERREF USERNAME="ZPFkbarkoczi"/>
<USERREF USERNAME="ZPFaverpeleti"/>
<USERREF USERNAME="ZPFtszabo"/>
<USERREF USERNAME="ZPFralorico"/>
<USERREF USERNAME="ZPFoely"/>
<USERREF USERNAME="ZPFfvarga"/>
<USERREF USERNAME="ZPFapervaiz"/>
<USERREF USERNAME="ZPFasomogyi"/>
<USERREF USERNAME="ZPFtfabian"/>
<USERREF USERNAME="ZPFjistenes"/>
<USERREF USERNAME="ZPFnreis"/>
<USERREF USERNAME="ZPFijohl"/>
<USERREF USERNAME="ZPFnqi"/>
<USERREF USERNAME="ZPFgyvarga"/>
<USERREF USERNAME="ZPFprojas"/>
<USERREF USERNAME="ZPFdnagy"/>
<USERREF USERNAME="ZPFstayco"/>
<USERREF USERNAME="ZPFlmate"/>
<USERREF USERNAME="ZPFsaguilar"/>
<USERREF USERNAME="ZPFskholti"/>
<USERREF USERNAME="ZPFrducusin"/>
<USERREF USERNAME="ZPFkcsobalyka"/>
<USERREF USERNAME="ZPFvzdirko"/>
<USERREF USERNAME="ZPFmlalangan"/>
<USERREF USERNAME="ZPFklim"/>
<USERREF USERNAME="ZPFlcseke"/>
<USERREF USERNAME="ZPFvbalint"/>
<USERREF USERNAME="ZPFpvallar"/>
<USERREF USERNAME="ZPFedervishaj"/>
<USERREF USERNAME="ZPFkcco"/>
<USERREF USERNAME="ZPFpvamos"/>
</SITEGROUP>
<SITEGROUP SITENAME="(101) University of Miami Sylvester Comprehensive Cancer Center">
<USERREF USERNAME="c244398"/>
<USERREF USERNAME="c249870"/>
<USERREF USERNAME="c149066"/>
<USERREF USERNAME="c015393"/>
<USERREF USERNAME="c039853"/>
<USERREF USERNAME="c236518"/>
<USERREF USERNAME="c015863"/>
<USERREF USERNAME="c228307"/>
<USERREF USERNAME="c228597"/>
<USERREF USERNAME="c230209"/>
<USERREF USERNAME="odm_user"/>
<USERREF USERNAME="coder_query"/>
<USERREF USERNAME="i5bmcjgdr_RE"/>
<USERREF USERNAME="z2x2291"/>
<USERREF USERNAME="ZPFlbalubar"/>
<USERREF USERNAME="ZPFnvergara"/>
<USERREF USERNAME="ZPFtcabanes"/>
<USERREF USERNAME="ZPFmandone"/>
<USERREF USERNAME="ZPFgkrucso"/>
<USERREF USERNAME="ZPFabalogh"/>
<USERREF USERNAME="ZPFcmolom"/>
<USERREF USERNAME="ZPFkbarkoczi"/>
<USERREF USERNAME="ZPFaverpeleti"/>
<USERREF USERNAME="ZPFtszabo"/>
<USERREF USERNAME="ZPFralorico"/>
<USERREF USERNAME="ZPFoely"/>
<USERREF USERNAME="ZPFfvarga"/>
<USERREF USERNAME="ZPFapervaiz"/>
<USERREF USERNAME="ZPFasomogyi"/>
<USERREF USERNAME="ZPFtfabian"/>
<USERREF USERNAME="ZPFjistenes"/>
<USERREF USERNAME="ZPFnreis"/>
<USERREF USERNAME="ZPFijohl"/>
<USERREF USERNAME="ZPFnqi"/>
<USERREF USERNAME="ZPFgyvarga"/>
<USERREF USERNAME="ZPFprojas"/>
<USERREF USERNAME="ZPFdnagy"/>
<USERREF USERNAME="ZPFstayco"/>
<USERREF USERNAME="ZPFlmate"/>
<USERREF USERNAME="ZPFsaguilar"/>
<USERREF USERNAME="ZPFskholti"/>
<USERREF USERNAME="ZPFrducusin"/>
<USERREF USERNAME="ZPFkcsobalyka"/>
<USERREF USERNAME="ZPFvzdirko"/>
<USERREF USERNAME="ZPFmlalangan"/>
<USERREF USERNAME="ZPFklim"/>
<USERREF USERNAME="ZPFlcseke"/>
<USERREF USERNAME="ZPFvbalint"/>
<USERREF USERNAME="ZPFpvallar"/>
<USERREF USERNAME="ZPFedervishaj"/>
<USERREF USERNAME="ZPFkcco"/>
<USERREF USERNAME="ZPFpvamos"/>
</SITEGROUP>
<SITEGROUP SITENAME="(100) University of Texas MD Anderson Cancer Center">
<USERREF USERNAME="c249870"/>
<USERREF USERNAME="c149066"/>
<USERREF USERNAME="c015393"/>
<USERREF USERNAME="c039853"/>
<USERREF USERNAME="c236518"/>
<USERREF USERNAME="z2x2291"/>
<USERREF USERNAME="c244398"/>
<USERREF USERNAME="c228307"/>
<USERREF USERNAME="c228597"/>
<USERREF USERNAME="c230209"/>
<USERREF USERNAME="odm_user"/>
<USERREF USERNAME="coder_query"/>
<USERREF USERNAME="i5bmcjgdr_RE"/>
<USERREF USERNAME="rx99017"/>
<USERREF USERNAME="ZPFlbalubar"/>
<USERREF USERNAME="ZPFnvergara"/>
<USERREF USERNAME="ZPFtcabanes"/>
<USERREF USERNAME="ZPFmandone"/>
<USERREF USERNAME="ZPFgkrucso"/>
<USERREF USERNAME="ZPFabalogh"/>
<USERREF USERNAME="ZPFcmolom"/>
<USERREF USERNAME="ZPFkbarkoczi"/>
<USERREF USERNAME="ZPFaverpeleti"/>
<USERREF USERNAME="ZPFtszabo"/>
<USERREF USERNAME="ZPFralorico"/>
<USERREF USERNAME="ZPFoely"/>
<USERREF USERNAME="ZPFfvarga"/>
<USERREF USERNAME="ZPFapervaiz"/>
<USERREF USERNAME="ZPFasomogyi"/>
<USERREF USERNAME="ZPFtfabian"/>
<USERREF USERNAME="ZPFjistenes"/>
<USERREF USERNAME="ZPFnreis"/>
<USERREF USERNAME="ZPFijohl"/>
<USERREF USERNAME="ZPFnqi"/>
<USERREF USERNAME="ZPFgyvarga"/>
<USERREF USERNAME="ZPFprojas"/>
<USERREF USERNAME="ZPFdnagy"/>
<USERREF USERNAME="ZPFstayco"/>
<USERREF USERNAME="ZPFlmate"/>
<USERREF USERNAME="ZPFsaguilar"/>
<USERREF USERNAME="ZPFskholti"/>
<USERREF USERNAME="ZPFrducusin"/>
<USERREF USERNAME="ZPFkcsobalyka"/>
<USERREF USERNAME="ZPFvzdirko"/>
<USERREF USERNAME="ZPFmlalangan"/>
<USERREF USERNAME="ZPFklim"/>
<USERREF USERNAME="ZPFlcseke"/>
<USERREF USERNAME="ZPFvbalint"/>
<USERREF USERNAME="ZPFpvallar"/>
<USERREF USERNAME="ZPFedervishaj"/>
<USERREF USERNAME="ZPFkcco"/>
<USERREF USERNAME="ZPFpvamos"/>
</SITEGROUP>

</MEDMLDATA>