<?xml version="1.0"?>
<MEDMLDATA xmlns="PhaseForward-MedML-Inform4">


<USER  USERNAME="ZPFlbalubar"
USERTYPE="SPONSOR"
FIRSTNAME="Lei-Anne"
LASTNAME="Balubar"
DISPLAYNAME="Lei-Anne Balubar"
DESCRIPTION="Lilly Data Entry"
COUNTRY="PHILIPPINES"
PHONE="63"
ALTPHONE="63"
FAX="63"
EMAIL="lei-anne.balubar@oracle.com"
ACTIVESTATE="true"
DELETESTATE="false"
UPDATE="true"
PASSWORD="pZ5c14Pg14DyM33191"
BEEPER="63"
USERDATEFORMAT="DAY_MONTH_YEAR"
HOMESCREENURL="./Portal/default.htm"
USERMUSTRESETPASSWORD="TRUE"
PRODUCTLOCALE="en-US"
STUDYLOCALE="en-US"/>


<USER  USERNAME="ZPFnvergara"
USERTYPE="SPONSOR"
FIRSTNAME="Neil"
LASTNAME="Vergara"
DISPLAYNAME="Neil Vergara"
DESCRIPTION="Lilly Data Entry"
COUNTRY="PHILIPPINES"
PHONE="63"
ALTPHONE="63"
FAX="63"
EMAIL="neil.vergara@oracle.com"
ACTIVESTATE="true"
DELETESTATE="false"
UPDATE="true"
PASSWORD="qW85hE2P7dqZ6463"
BEEPER="63"
USERDATEFORMAT="MONTH_DAY_YEAR"
HOMESCREENURL="./Portal/default.htm"
USERMUSTRESETPASSWORD="TRUE"
PRODUCTLOCALE="en-US"
STUDYLOCALE="en-US"/>


<USER  USERNAME="ZPFtcabanes"
USERTYPE="SPONSOR"
FIRSTNAME="Teresa"
LASTNAME="Cabanes"
DISPLAYNAME="Teresa Cabanes"
DESCRIPTION="Lilly Data Entry"
COUNTRY="PHILIPPINES"
PHONE="63"
ALTPHONE="63"
FAX="63"
EMAIL="teresa.cabanes@oracle.com"
ACTIVESTATE="true"
DELETESTATE="false"
UPDATE="true"
PASSWORD="K7dcA2wZ39s2O3499"
BEEPER="63"
USERDATEFORMAT="MONTH_DAY_YEAR"
HOMESCREENURL="./Portal/default.htm"
USERMUSTRESETPASSWORD="TRUE"
PRODUCTLOCALE="en-US"
STUDYLOCALE="en-US"/>


<USER  USERNAME="ZPFmandone"
USERTYPE="SPONSOR"
FIRSTNAME="Grigore-mihai"
LASTNAME="Andone"
DISPLAYNAME="Grigore-mihai Andone"
DESCRIPTION="Lilly Support"
COUNTRY="HUNGARY"
PHONE="36"
ALTPHONE="36"
FAX="36"
EMAIL="grigore-mihai.andone@oracle.com"
ACTIVESTATE="true"
DELETESTATE="false"
UPDATE="true"
PASSWORD="zD47fC1kN5dP865598"
BEEPER="36"
USERDATEFORMAT="DAY_MONTH_YEAR"
HOMESCREENURL="./Portal/default.htm"
USERMUSTRESETPASSWORD="TRUE"
PRODUCTLOCALE="en-US"
STUDYLOCALE="en-US"/>


<USER  USERNAME="ZPFgkrucso"
USERTYPE="SPONSOR"
FIRSTNAME="Gabriella"
LASTNAME="Krucso"
DISPLAYNAME="Gabriella Krucso"
DESCRIPTION="Lilly Support"
COUNTRY="HUNGARY"
PHONE="36"
ALTPHONE="36"
FAX="36"
EMAIL="gabriella.krucso@oracle.com"
ACTIVESTATE="true"
DELETESTATE="false"
UPDATE="true"
PASSWORD="xP9z3Ps94ZcJ71673"
BEEPER="36"
USERDATEFORMAT="DAY_MONTH_YEAR"
HOMESCREENURL="./Portal/default.htm"
USERMUSTRESETPASSWORD="TRUE"
PRODUCTLOCALE="en-US"
STUDYLOCALE="en-US"/>


<USER  USERNAME="ZPFabalogh"
USERTYPE="SPONSOR"
FIRSTNAME="Agnes"
LASTNAME="Balogh"
DISPLAYNAME="Agnes  Balogh"
DESCRIPTION="Lilly Support"
COUNTRY="HUNGARY"
PHONE="36"
ALTPHONE="36"
FAX="36"
EMAIL="agnes.balogh@oracle.com"
ACTIVESTATE="true"
DELETESTATE="false"
UPDATE="true"
PASSWORD="uU1bZ6l35QkH35906"
BEEPER="36"
USERDATEFORMAT="DAY_MONTH_YEAR"
HOMESCREENURL="./Portal/default.htm"
USERMUSTRESETPASSWORD="TRUE"
PRODUCTLOCALE="en-US"
STUDYLOCALE="en-US"/>


<USER  USERNAME="ZPFcmolom"
USERTYPE="SPONSOR"
FIRSTNAME="Cedric Loic"
LASTNAME="Hanchou Molom"
DISPLAYNAME="Cedric Loic Hanchou Molom"
DESCRIPTION="Lilly Support"
COUNTRY="HUNGARY"
PHONE="36"
ALTPHONE="36"
FAX="36"
EMAIL="cedric.loic.hanchou.molom@oracle.com"
ACTIVESTATE="true"
DELETESTATE="false"
UPDATE="true"
PASSWORD="hW79J2xaS64gO976486"
BEEPER="36"
USERDATEFORMAT="DAY_MONTH_YEAR"
HOMESCREENURL="./Portal/default.htm"
USERMUSTRESETPASSWORD="TRUE"
PRODUCTLOCALE="en-US"
STUDYLOCALE="en-US"/>


<USER  USERNAME="ZPFkbarkoczi"
USERTYPE="SPONSOR"
FIRSTNAME="Katalin"
LASTNAME="Barkoczi"
DISPLAYNAME="Katalin Barkoczi"
DESCRIPTION="Service Delivery Manager"
COUNTRY="HUNGARY"
PHONE="36"
ALTPHONE="36"
FAX="36"
EMAIL="katalin.b.barkoczi@oracle.com"
ACTIVESTATE="true"
DELETESTATE="false"
UPDATE="true"
PASSWORD="aE87cI66bY64h67F476"
BEEPER="36"
USERDATEFORMAT="DAY_MONTH_YEAR"
HOMESCREENURL="./Portal/default.htm"
USERMUSTRESETPASSWORD="TRUE"
PRODUCTLOCALE="en-US"
STUDYLOCALE="en-US"/>


<USER  USERNAME="ZPFaverpeleti"
USERTYPE="SPONSOR"
FIRSTNAME="Andras"
LASTNAME="Verpeleti"
DISPLAYNAME="Andras Verpeleti"
DESCRIPTION="Service Delivery Manager"
COUNTRY="HUNGARY"
PHONE="3614898936"
ALTPHONE="36"
FAX="36"
EMAIL="andras.verpeleti@oracle.com"
ACTIVESTATE="true"
DELETESTATE="false"
UPDATE="true"
PASSWORD="qW85hE2P7dqZ6463"
BEEPER="36"
USERDATEFORMAT="DAY_MONTH_YEAR"
HOMESCREENURL="./Portal/default.htm"
USERMUSTRESETPASSWORD="TRUE"
PRODUCTLOCALE="en-US"
STUDYLOCALE="en-US"/>


<USER  USERNAME="ZPFtszabo"
USERTYPE="SPONSOR"
FIRSTNAME="Timea"
LASTNAME="Szabo"
DISPLAYNAME="Timea Szabo"
DESCRIPTION="Support IRT Integrated"
TITLE="MISS."
COUNTRY="HUNGARY"
PHONE="36"
ALTPHONE="36"
FAX="36"
EMAIL="timea.szabo@oracle.com"
ACTIVESTATE="true"
DELETESTATE="false"
UPDATE="true"
PASSWORD="p65Pf33MuH96bR52253"
BEEPER="36"
USERDATEFORMAT="DAY_MONTH_YEAR"
HOMESCREENURL="./Portal/default.htm"
USERMUSTRESETPASSWORD="TRUE"
PRODUCTLOCALE="en-US"
STUDYLOCALE="en-US"/>


<USER  USERNAME="ZPFralorico"
USERTYPE="SPONSOR"
FIRSTNAME="Raul Carlos"
LASTNAME="Alorico"
DISPLAYNAME="Raul Carlos Alorico"
DESCRIPTION="Support Tier 1"
COUNTRY="PHILIPPINES"
PHONE="63"
ALTPHONE="63"
FAX="63"
EMAIL="RAUL.CARLOS.ALORICO@ORACLE.COM"
ACTIVESTATE="true"
DELETESTATE="false"
UPDATE="true"
PASSWORD="jY10eX10fT0nJ98313"
BEEPER="63"
USERDATEFORMAT="DAY_MONTH_YEAR"
HOMESCREENURL="./Portal/default.htm"
USERMUSTRESETPASSWORD="TRUE"
PRODUCTLOCALE="en-US"
STUDYLOCALE="en-US"/>


<USER  USERNAME="ZPFoely"
USERTYPE="SPONSOR"
FIRSTNAME="Osweld"
LASTNAME="Ely"
DISPLAYNAME="Osweld Ely"
DESCRIPTION="Support Tier I"
COUNTRY="PHILIPPINES"
PHONE="63"
ALTPHONE="63"
FAX="63"
EMAIL="osweld.ely@oracle.com"
ACTIVESTATE="true"
DELETESTATE="false"
UPDATE="true"
PASSWORD="m20Eo3Xx85Ka86Q6178"
BEEPER="63"
USERDATEFORMAT="DAY_MONTH_YEAR"
HOMESCREENURL="./Portal/default.htm"
USERMUSTRESETPASSWORD="TRUE"
PRODUCTLOCALE="en-US"
STUDYLOCALE="en-US"/>


<USER  USERNAME="ZPFfvarga"
USERTYPE="SPONSOR"
FIRSTNAME="Ferenc"
LASTNAME="Varga"
DISPLAYNAME="Ferenc Varga"
DESCRIPTION="Support Tier I"
COUNTRY="UNITED KINGDOM"
PHONE="44"
ALTPHONE="44"
FAX="44"
EMAIL="ferenc.v.varga@oracle.com"
ACTIVESTATE="true"
DELETESTATE="false"
UPDATE="true"
PASSWORD="f1VdD6G0tlB262870"
BEEPER="44"
USERDATEFORMAT="DAY_MONTH_YEAR"
HOMESCREENURL="./Portal/default.htm"
USERMUSTRESETPASSWORD="TRUE"
PRODUCTLOCALE="en-US"
STUDYLOCALE="en-US"/>


<USER  USERNAME="ZPFapervaiz"
USERTYPE="SPONSOR"
FIRSTNAME="Afnan"
LASTNAME="Pervaiz"
DISPLAYNAME="Afnan Pervaiz"
DESCRIPTION="Support Tier I"
COUNTRY="UNITED KINGDOM"
PHONE="4410 44 1628 640 700"
ALTPHONE="44"
FAX="44"
EMAIL="afnan.pervaiz@oracle.com"
ACTIVESTATE="true"
DELETESTATE="false"
UPDATE="true"
PASSWORD="w76Cm1HiG18nR89782"
BEEPER="44"
USERDATEFORMAT="DAY_MONTH_YEAR"
HOMESCREENURL="./Portal/default.htm"
USERMUSTRESETPASSWORD="TRUE"
PRODUCTLOCALE="en-US"
STUDYLOCALE="en-US"/>


<USER  USERNAME="ZPFasomogyi"
USERTYPE="SPONSOR"
FIRSTNAME="Alexandra"
LASTNAME="Somogyi"
DISPLAYNAME="Alexandra Somogyi"
DESCRIPTION="Support Tier I"
COUNTRY="HUNGARY"
PHONE="36"
ALTPHONE="36"
FAX="36"
EMAIL="alexandra.somogyi@oracle.com"
ACTIVESTATE="true"
DELETESTATE="false"
UPDATE="true"
PASSWORD="a47EeE5zN52sM514968"
BEEPER="36"
USERDATEFORMAT="DAY_MONTH_YEAR"
HOMESCREENURL="./Portal/default.htm"
USERMUSTRESETPASSWORD="TRUE"
PRODUCTLOCALE="en-US"
STUDYLOCALE="en-US"/>


<USER  USERNAME="ZPFtfabian"
USERTYPE="SPONSOR"
FIRSTNAME="Tamas"
LASTNAME="Fabian"
DISPLAYNAME="Tamas Fabian"
DESCRIPTION="Support Tier I"
COUNTRY="HUNGARY"
PHONE="36"
ALTPHONE="36"
FAX="36"
EMAIL="tamas.x.fabian@oracle.com"
ACTIVESTATE="true"
DELETESTATE="false"
UPDATE="true"
PASSWORD="i68JtY48e90DjJ09201"
BEEPER="36"
USERDATEFORMAT="DAY_MONTH_YEAR"
HOMESCREENURL="./Portal/default.htm"
USERMUSTRESETPASSWORD="TRUE"
PRODUCTLOCALE="en-US"
STUDYLOCALE="en-US"/>


<USER  USERNAME="ZPFjistenes"
USERTYPE="SPONSOR"
FIRSTNAME="Jozsef"
LASTNAME="Istenes"
DISPLAYNAME="Jozsef Istenes"
DESCRIPTION="Support Tier I"
TITLE="Mr."
COUNTRY="HUNGARY"
PHONE="36"
ALTPHONE="36"
FAX="36"
EMAIL="jozsef.istenes@oracle.com"
ACTIVESTATE="true"
DELETESTATE="false"
UPDATE="true"
PASSWORD="w1Fr3MfM19xU03772"
BEEPER="36"
USERDATEFORMAT="DAY_MONTH_YEAR"
HOMESCREENURL="./Portal/default.htm"
USERMUSTRESETPASSWORD="TRUE"
PRODUCTLOCALE="en-US"
STUDYLOCALE="en-US"/>


<USER  USERNAME="ZPFnreis"
USERTYPE="SPONSOR"
FIRSTNAME="Nuno Rodrigo"
LASTNAME="Ribeiro Pereira Reis"
DISPLAYNAME="Nuno Rodrigo Ribeiro Pereira Reis"
DESCRIPTION="Support Tier I"
TITLE="Mr."
COUNTRY="HUNGARY"
PHONE="36"
ALTPHONE="36"
FAX="36"
EMAIL="nuno.reis@oracle.com"
ACTIVESTATE="true"
DELETESTATE="false"
UPDATE="true"
PASSWORD="X9xjH0B7oyT194660"
BEEPER="36"
USERDATEFORMAT="DAY_MONTH_YEAR"
HOMESCREENURL="./Portal/default.htm"
USERMUSTRESETPASSWORD="TRUE"
PRODUCTLOCALE="en-US"
STUDYLOCALE="en-US"/>


<USER  USERNAME="ZPFijohl"
USERTYPE="SPONSOR"
FIRSTNAME="Ikinder"
LASTNAME="Johl"
DISPLAYNAME="Ikinder Johl"
DESCRIPTION="Support Tier I"
COUNTRY="UNITED KINGDOM"
PHONE="44"
ALTPHONE="44"
FAX="44"
EMAIL="ikinder.johl.singh@oracle.com"
ACTIVESTATE="true"
DELETESTATE="false"
UPDATE="true"
PASSWORD="c6KL0avO9nH46795"
BEEPER="44"
USERDATEFORMAT="DAY_MONTH_YEAR"
HOMESCREENURL="./Portal/default.htm"
USERMUSTRESETPASSWORD="TRUE"
PRODUCTLOCALE="en-US"
STUDYLOCALE="en-US"/>


<USER  USERNAME="ZPFnqi"
USERTYPE="SPONSOR"
FIRSTNAME="Nic"
LASTNAME="Qi"
DISPLAYNAME="Nic Qi"
DESCRIPTION="Support Tier I"
COUNTRY="UNITED KINGDOM"
PHONE="44"
ALTPHONE="44"
FAX="44"
EMAIL="xiaoyu.qi@oracle.com"
ACTIVESTATE="true"
DELETESTATE="false"
UPDATE="true"
PASSWORD="lQ2iC87E9kkO27375"
BEEPER="44"
USERDATEFORMAT="DAY_MONTH_YEAR"
HOMESCREENURL="./Portal/default.htm"
USERMUSTRESETPASSWORD="TRUE"
PRODUCTLOCALE="en-US"
STUDYLOCALE="en-US"/>


<USER  USERNAME="ZPFgyvarga"
USERTYPE="SPONSOR"
FIRSTNAME="Gyorgy"
LASTNAME="Varga"
DISPLAYNAME="Gyorgy Varga"
DESCRIPTION="Support Tier I"
TITLE="Mr."
COUNTRY="HUNGARY"
PHONE="36"
ALTPHONE="36"
FAX="36"
EMAIL="gyorgy.varga@oracle.com"
ACTIVESTATE="true"
DELETESTATE="false"
UPDATE="true"
PASSWORD="aR48iA22S9vsT583178"
BEEPER="36"
USERDATEFORMAT="DAY_MONTH_YEAR"
HOMESCREENURL="./Portal/default.htm"
USERMUSTRESETPASSWORD="TRUE"
PRODUCTLOCALE="en-US"
STUDYLOCALE="en-US"/>


<USER  USERNAME="ZPFprojas"
USERTYPE="SPONSOR"
FIRSTNAME="Patricio"
LASTNAME="Rojas Vinueza"
DISPLAYNAME="Rojas Vinueza"
DESCRIPTION="Support Tier I"
COUNTRY="UNITED KINGDOM"
PHONE="44"
ALTPHONE="44"
FAX="44"
EMAIL="patricio.rojas@oracle.com"
ACTIVESTATE="true"
DELETESTATE="false"
UPDATE="true"
PASSWORD="I3mdA5u71ZqG57683"
BEEPER="44"
USERDATEFORMAT="DAY_MONTH_YEAR"
HOMESCREENURL="./Portal/default.htm"
USERMUSTRESETPASSWORD="TRUE"
PRODUCTLOCALE="en-US"
STUDYLOCALE="en-US"/>


<USER  USERNAME="ZPFdnagy"
USERTYPE="SPONSOR"
FIRSTNAME="Daniel"
LASTNAME="Nagy"
DISPLAYNAME="Daniel Nagy"
DESCRIPTION="Support Tier I"
COUNTRY="HUNGARY"
PHONE="36"
ALTPHONE="36"
FAX="36"
EMAIL="daniel.nagy@oracle.com"
ACTIVESTATE="true"
DELETESTATE="false"
UPDATE="true"
PASSWORD="I2zr2TvK89tZ459474"
BEEPER="36"
USERDATEFORMAT="DAY_MONTH_YEAR"
HOMESCREENURL="./Portal/default.htm"
USERMUSTRESETPASSWORD="TRUE"
PRODUCTLOCALE="en-US"
STUDYLOCALE="en-US"/>


<USER  USERNAME="ZPFstayco"
USERTYPE="SPONSOR"
FIRSTNAME="Sherylou"
LASTNAME="Tayco"
DISPLAYNAME="Sherylou Tayco"
DESCRIPTION="Support Tier I"
COUNTRY="PHILIPPINES"
PHONE="63"
ALTPHONE="63"
FAX="63"
EMAIL="sherylou.tayco@oracle.com"
ACTIVESTATE="true"
DELETESTATE="false"
UPDATE="true"
PASSWORD="fD80aB10dJ70U2i5277"
BEEPER="63"
USERDATEFORMAT="DAY_MONTH_YEAR"
HOMESCREENURL="./Portal/default.htm"
USERMUSTRESETPASSWORD="TRUE"
PRODUCTLOCALE="en-US"
STUDYLOCALE="en-US"/>


<USER  USERNAME="ZPFlmate"
USERTYPE="SPONSOR"
FIRSTNAME="Laszlo"
LASTNAME="Mate"
DISPLAYNAME="Laszlo Mate"
DESCRIPTION="Support Tier I"
COUNTRY="HUNGARY"
PHONE="36"
ALTPHONE="36"
FAX="36"
EMAIL="laszlo.mate@oracle.com"
ACTIVESTATE="true"
DELETESTATE="false"
UPDATE="true"
PASSWORD="sX1R0ozQ45p76K2289"
BEEPER="36"
USERDATEFORMAT="DAY_MONTH_YEAR"
HOMESCREENURL="./Portal/default.htm"
USERMUSTRESETPASSWORD="TRUE"
PRODUCTLOCALE="en-US"
STUDYLOCALE="en-US"/>


<USER  USERNAME="ZPFsaguilar"
USERTYPE="SPONSOR"
FIRSTNAME="Sergio"
LASTNAME="Aguilar"
DISPLAYNAME="Sergio Aguilar"
DESCRIPTION="Support Tier I"
TITLE="Mr."
COUNTRY="HUNGARY"
PHONE="36"
ALTPHONE="36"
FAX="36"
EMAIL="sergio.aguilar.aguilar@oracle.com"
ACTIVESTATE="true"
DELETESTATE="false"
UPDATE="true"
PASSWORD="vM81k19MtR3cW535290"
BEEPER="36"
USERDATEFORMAT="DAY_MONTH_YEAR"
HOMESCREENURL="./Portal/default.htm"
USERMUSTRESETPASSWORD="TRUE"
PRODUCTLOCALE="en-US"
STUDYLOCALE="en-US"/>


<USER  USERNAME="ZPFskholti"
USERTYPE="SPONSOR"
FIRSTNAME="Szilvia"
LASTNAME="Kholti"
DISPLAYNAME="Szilvia Kholti"
DESCRIPTION="Support Tier I"
COUNTRY="HUNGARY"
PHONE="361111"
ALTPHONE="36"
FAX="36"
EMAIL="szilvia.kholti@oracle.com"
ACTIVESTATE="true"
DELETESTATE="false"
UPDATE="true"
PASSWORD="sX30vI1l11UeR41365"
BEEPER="36"
USERDATEFORMAT="DAY_MONTH_YEAR"
HOMESCREENURL="./Portal/default.htm"
USERMUSTRESETPASSWORD="TRUE"
PRODUCTLOCALE="en-US"
STUDYLOCALE="en-US"/>


<USER  USERNAME="ZPFrducusin"
USERTYPE="SPONSOR"
FIRSTNAME="Rodulf"
LASTNAME="Ducusin"
DISPLAYNAME="Rodulf Ducusin"
DESCRIPTION="Support Tier I"
COUNTRY="PHILIPPINES"
PHONE="63"
ALTPHONE="63"
FAX="63"
EMAIL="RODULF.DUCUSIN@ORACLE.COM"
ACTIVESTATE="true"
DELETESTATE="false"
UPDATE="true"
PASSWORD="B1nH1gs7XqR78893"
BEEPER="63"
USERDATEFORMAT="DAY_MONTH_YEAR"
HOMESCREENURL="./Portal/default.htm"
USERMUSTRESETPASSWORD="TRUE"
PRODUCTLOCALE="en-US"
STUDYLOCALE="en-US"/>


<USER  USERNAME="ZPFkcsobalyka"
USERTYPE="SPONSOR"
FIRSTNAME="Krisztian"
LASTNAME="Csobalyka"
DISPLAYNAME="Krisztian Csobalyka"
DESCRIPTION="Support Tier I"
TITLE="Mr."
COUNTRY="HUNGARY"
PHONE="36704275924"
ALTPHONE="36"
FAX="36"
EMAIL="krisztian.csobalyka@oracle.com"
ACTIVESTATE="true"
DELETESTATE="false"
UPDATE="true"
PASSWORD="jN1g9TfP1fC911093"
BEEPER="36"
USERDATEFORMAT="DAY_MONTH_YEAR"
HOMESCREENURL="./Portal/default.htm"
USERMUSTRESETPASSWORD="TRUE"
PRODUCTLOCALE="en-US"
STUDYLOCALE="en-US"/>


<USER  USERNAME="ZPFvzdirko"
USERTYPE="SPONSOR"
FIRSTNAME="Viktor"
LASTNAME="Zdirko"
DISPLAYNAME="Viktor Zdirko"
DESCRIPTION="Support Tier I"
COUNTRY="HUNGARY"
PHONE="36"
ALTPHONE="36"
FAX="36"
EMAIL="viktor.zdirko@oracle.com"
ACTIVESTATE="true"
DELETESTATE="false"
UPDATE="true"
PASSWORD="lN5mB73b5HjR89771"
BEEPER="36"
USERDATEFORMAT="DAY_MONTH_YEAR"
HOMESCREENURL="./Portal/default.htm"
USERMUSTRESETPASSWORD="TRUE"
PRODUCTLOCALE="en-US"
STUDYLOCALE="en-US"/>


<USER  USERNAME="ZPFmlalangan"
USERTYPE="SPONSOR"
FIRSTNAME="Menard"
LASTNAME="Lalangan"
DISPLAYNAME="Menard Lalangan"
DESCRIPTION="Support Tier I"
COUNTRY="PHILIPPINES"
PHONE="63"
ALTPHONE="63"
FAX="63"
EMAIL="menard.lalangan@oracle.com"
ACTIVESTATE="true"
DELETESTATE="false"
UPDATE="true"
PASSWORD="iB1tY22j0Si86B4696"
BEEPER="63"
USERDATEFORMAT="DAY_MONTH_YEAR"
HOMESCREENURL="./Portal/default.htm"
USERMUSTRESETPASSWORD="TRUE"
PRODUCTLOCALE="en-US"
STUDYLOCALE="en-US"/>


<USER  USERNAME="ZPFklim"
USERTYPE="SPONSOR"
FIRSTNAME="Kok Koang"
LASTNAME="Lim"
DISPLAYNAME="Kok Koang Lim"
DESCRIPTION="Support Tier I"
COUNTRY="HUNGARY"
PHONE="36"
ALTPHONE="36"
FAX="36"
EMAIL="kok.koang.lim@oracle.com"
ACTIVESTATE="true"
DELETESTATE="false"
UPDATE="true"
PASSWORD="mL9vH2bP71M3c9165"
BEEPER="36"
USERDATEFORMAT="DAY_MONTH_YEAR"
HOMESCREENURL="./Portal/default.htm"
USERMUSTRESETPASSWORD="TRUE"
PRODUCTLOCALE="en-US"
STUDYLOCALE="en-US"/>


<USER  USERNAME="ZPFlcseke"
USERTYPE="SPONSOR"
FIRSTNAME="Laszlo"
LASTNAME="Cseke"
DISPLAYNAME="Laszlo Cseke"
DESCRIPTION="Support Tier I"
COUNTRY="HUNGARY"
PHONE="36"
ALTPHONE="36"
FAX="36"
EMAIL="laszlo.cseke@oracle.com"
ACTIVESTATE="true"
DELETESTATE="false"
UPDATE="true"
PASSWORD="z31RhY8aV6l87Y3807"
BEEPER="36"
USERDATEFORMAT="DAY_MONTH_YEAR"
HOMESCREENURL="./Portal/default.htm"
USERMUSTRESETPASSWORD="TRUE"
PRODUCTLOCALE="en-US"
STUDYLOCALE="en-US"/>


<USER  USERNAME="ZPFvbalint"
USERTYPE="SPONSOR"
FIRSTNAME="Viktor"
LASTNAME="Balint"
DISPLAYNAME="Viktor Balint"
DESCRIPTION="Support Tier I"
POSTCODE="INC000004545158"
COUNTRY="HUNGARY"
PHONE="36"
ALTPHONE="36"
FAX="36"
EMAIL="viktor.balint@oracle.com"
ACTIVESTATE="true"
DELETESTATE="false"
UPDATE="true"
PASSWORD="kI9gG15p30YuU92883"
BEEPER="36"
USERDATEFORMAT="DAY_MONTH_YEAR"
HOMESCREENURL="./Portal/default.htm"
USERMUSTRESETPASSWORD="TRUE"
PRODUCTLOCALE="en-US"
STUDYLOCALE="en-US"/>


<USER  USERNAME="ZPFpvallar"
USERTYPE="SPONSOR"
FIRSTNAME="Paulnino"
LASTNAME="Vallar"
DISPLAYNAME="Paulnino Vallar"
DESCRIPTION="Support Tier I"
COUNTRY="PHILIPPINES"
PHONE="63"
ALTPHONE="63"
FAX="63"
EMAIL="paulnino.vallar@ORACLE.COM"
ACTIVESTATE="true"
DELETESTATE="false"
UPDATE="true"
PASSWORD="kI28aG1iD25f4V2562"
BEEPER="63"
USERDATEFORMAT="DAY_MONTH_YEAR"
HOMESCREENURL="./Portal/default.htm"
USERMUSTRESETPASSWORD="TRUE"
PRODUCTLOCALE="en-US"
STUDYLOCALE="en-US"/>


<USER  USERNAME="ZPFedervishaj"
USERTYPE="SPONSOR"
FIRSTNAME="Erald"
LASTNAME="Dervishaj"
DISPLAYNAME="Erald Dervishaj"
DESCRIPTION="Support Tier I"
COUNTRY="HUNGARY"
PHONE="36"
ALTPHONE="36"
FAX="36"
EMAIL="erald.dervishaj@oracle.com"
ACTIVESTATE="true"
DELETESTATE="false"
UPDATE="true"
PASSWORD="oE8lZ3qL3lU341401"
BEEPER="36"
USERDATEFORMAT="DAY_MONTH_YEAR"
HOMESCREENURL="./Portal/default.htm"
USERMUSTRESETPASSWORD="TRUE"
PRODUCTLOCALE="en-US"
STUDYLOCALE="en-US"/>


<USER  USERNAME="ZPFkcco"
USERTYPE="SPONSOR"
FIRSTNAME="Kerwin Carson"
LASTNAME="Co"
DISPLAYNAME="Kerwin Carson Co"
DESCRIPTION="Support Tier I"
COUNTRY="PHILIPPINES"
PHONE="63"
ALTPHONE="63"
FAX="63"
EMAIL="kerwin.carson.co@oracle.com"
ACTIVESTATE="true"
DELETESTATE="false"
UPDATE="true"
PASSWORD="eV52b20FxU9bJ6784"
BEEPER="63"
USERDATEFORMAT="DAY_MONTH_YEAR"
HOMESCREENURL="./Portal/default.htm"
USERMUSTRESETPASSWORD="TRUE"
PRODUCTLOCALE="en-US"
STUDYLOCALE="en-US"/>


<USER  USERNAME="ZPFpvamos"
USERTYPE="SPONSOR"
FIRSTNAME="Peter"
LASTNAME="Vamos"
DISPLAYNAME="Peter Vamos"
COUNTRY="HUNGARY"
PHONE="36"
ALTPHONE="36"
FAX="36"
EMAIL="peter.vamos@oracle.com"
ACTIVESTATE="true"
DELETESTATE="false"
UPDATE="true"
PASSWORD="kV46eY6tE88eW25585"
BEEPER="36"
USERDATEFORMAT="DAY_MONTH_YEAR"
HOMESCREENURL="./Portal/default.htm"
USERMUSTRESETPASSWORD="TRUE"
PRODUCTLOCALE="en-US"
STUDYLOCALE="en-US"/>


<USER  USERNAME="c039853"
USERTYPE="SPONSOR"
FIRSTNAME="Teresa"
LASTNAME="Hogan"
DISPLAYNAME="Teresa Hogan"
DESCRIPTION="--Check UMT to ensure credentials have already been sent before resetting password--"
COUNTRY="UNITED STATES"
PHONE="13176552174"
ALTPHONE="1"
FAX="1"
EMAIL="Hogan_teresa_l@lilly.com"
ACTIVESTATE="true"
DELETESTATE="false"
UPDATE="true"
PASSWORD="pT1yL7dU8gV5823"
BEEPER="1"
USERDATEFORMAT="DAY_MONTH_YEAR"
HOMESCREENURL="./Portal/default.htm"
USERMUSTRESETPASSWORD="TRUE"
PRODUCTLOCALE="en-US"
STUDYLOCALE="en-US"/>


<USER  USERNAME="c149066"
USERTYPE="SPONSOR"
FIRSTNAME="Yang"
LASTNAME="Liu"
DISPLAYNAME="Yang Liu"
DESCRIPTION="--Check UMT to ensure credentials have already been sent before resetting password--"
COUNTRY="UNITED STATES"
PHONE="13172777362"
ALTPHONE="1"
FAX="1"
EMAIL="liu_yang@lilly.com"
ACTIVESTATE="true"
DELETESTATE="false"
UPDATE="true"
PASSWORD="e8XK5bc5NF7a7810"
BEEPER="1"
USERDATEFORMAT="DAY_MONTH_YEAR"
HOMESCREENURL="./Portal/default.htm"
USERMUSTRESETPASSWORD="TRUE"
PRODUCTLOCALE="en-US"
STUDYLOCALE="en-US"/>


<USER  USERNAME="c244398"
USERTYPE="SPONSOR"
FIRSTNAME="Poonam"
LASTNAME="Agwane"
DISPLAYNAME="Poonam Agwane"
DESCRIPTION="--Check UMT to ensure credentials have already been sent before resetting password--"
COUNTRY="INDIA"
PHONE="91912039512863"
ALTPHONE="91"
FAX="91"
EMAIL="poonam.agwane@inventivhealth.com"
ACTIVESTATE="true"
DELETESTATE="false"
UPDATE="true"
PASSWORD="sK66p3Fb78HjL31009"
BEEPER="91"
USERDATEFORMAT="DAY_MONTH_YEAR"
HOMESCREENURL="./Portal/default.htm"
USERMUSTRESETPASSWORD="TRUE"
PRODUCTLOCALE="en-US"
STUDYLOCALE="en-US"/>


<USER  USERNAME="coder_query"
USERTYPE="SPONSOR"
FIRSTNAME="Coder"
LASTNAME="Query"
DISPLAYNAME="Coder Query"
DESCRIPTION="--Check UMT to ensure credentials have already been sent before resetting password--"
COUNTRY="UNITED STATES"
PHONE="11"
ALTPHONE="1"
FAX="1"
EMAIL="juerling_rosemarie@lilly.com"
ACTIVESTATE="true"
DELETESTATE="false"
UPDATE="true"
PASSWORD="fL2hF86y2Xw31M802"
BEEPER="1"
USERDATEFORMAT="DAY_MONTH_YEAR"
HOMESCREENURL="./Portal/default.htm"
USERMUSTRESETPASSWORD="TRUE"
PRODUCTLOCALE="en-US"
STUDYLOCALE="en-US"/>


<USER  USERNAME="gdinoi"
USERTYPE="SITE"
FIRSTNAME="Gabriella"
LASTNAME="Di Noi"
DISPLAYNAME="Gabriella Di Noi"
DESCRIPTION="--Check UMT to ensure credentials have already been sent before resetting password--"
COUNTRY="ITALY"
PHONE="39390223903287"
ALTPHONE="39"
FAX="39"
EMAIL="Gabriella.Dinoi@istitutotumori.mi.it"
ACTIVESTATE="true"
DELETESTATE="false"
UPDATE="true"
PASSWORD="s2Ji6AF0vi28F6131"
BEEPER="39"
USERDATEFORMAT="DAY_MONTH_YEAR"
HOMESCREENURL="./Portal/default.htm"
USERMUSTRESETPASSWORD="TRUE"
PRODUCTLOCALE="en-US"
STUDYLOCALE="en-US"/>


<USER  USERNAME="z2x2291"
USERTYPE="SPONSOR"
FIRSTNAME="Joseph"
LASTNAME="Matassini"
DISPLAYNAME="Joseph Matassini"
DESCRIPTION="--Check UMT to ensure credentials have already been sent before resetting password--"
COUNTRY="CANADA"
PHONE="17052941536"
ALTPHONE="1"
FAX="1"
EMAIL="joseph.matassini@inventivhealth.com"
ACTIVESTATE="true"
DELETESTATE="false"
UPDATE="true"
PASSWORD="xV8m0Ne2FmW428132"
BEEPER="1"
USERDATEFORMAT="DAY_MONTH_YEAR"
HOMESCREENURL="./Portal/default.htm"
USERMUSTRESETPASSWORD="TRUE"
PRODUCTLOCALE="en-US"
STUDYLOCALE="en-US"/>


<USER  USERNAME="c236518"
USERTYPE="SPONSOR"
FIRSTNAME="Nuvala"
LASTNAME="Fomban"
DISPLAYNAME="Nuvala Fomban"
DESCRIPTION="--Check UMT to ensure credentials have already been sent before resetting password--"
COUNTRY="UNITED STATES"
PHONE="13179549863"
ALTPHONE="1"
FAX="1"
EMAIL="fomban_nuvala@lilly.com"
ACTIVESTATE="true"
DELETESTATE="false"
UPDATE="true"
PASSWORD="sA57B5flE6mJ823167"
BEEPER="1"
USERDATEFORMAT="DAY_MONTH_YEAR"
HOMESCREENURL="./Portal/default.htm"
USERMUSTRESETPASSWORD="TRUE"
PRODUCTLOCALE="en-US"
STUDYLOCALE="en-US"/>


<USER  USERNAME="c015393"
USERTYPE="SPONSOR"
FIRSTNAME="MarKay"
LASTNAME="Burkhart"
DISPLAYNAME="MarKay Burkhart"
DESCRIPTION="--Check UMT to ensure credentials have already been sent before resetting password--"
COUNTRY="UNITED STATES"
PHONE="13174166233"
ALTPHONE="1"
FAX="1"
EMAIL="Burkhart_markay_l@lilly.com"
ACTIVESTATE="true"
DELETESTATE="false"
UPDATE="true"
PASSWORD="pO43u55HgU91e6W8957"
BEEPER="1"
USERDATEFORMAT="DAY_MONTH_YEAR"
HOMESCREENURL="./Portal/default.htm"
USERMUSTRESETPASSWORD="TRUE"
PRODUCTLOCALE="en-US"
STUDYLOCALE="en-US"/>


<USER  USERNAME="c249870"
USERTYPE="SPONSOR"
FIRSTNAME="Ganesh"
LASTNAME="Yadav"
DISPLAYNAME="Ganesh Yadav"
DESCRIPTION="--Check UMT to ensure credentials have already been sent before resetting password--"
COUNTRY="INDIA"
PHONE="91912240957402"
ALTPHONE="91"
FAX="91"
EMAIL="ganesh.yadav@inventivhealth.com"
ACTIVESTATE="true"
DELETESTATE="false"
UPDATE="true"
PASSWORD="fX48xI77bB2zU196662"
BEEPER="91"
USERDATEFORMAT="DAY_MONTH_YEAR"
HOMESCREENURL="./Portal/default.htm"
USERMUSTRESETPASSWORD="TRUE"
PRODUCTLOCALE="en-US"
STUDYLOCALE="en-US"/>


<USER  USERNAME="c228597"
USERTYPE="SPONSOR"
FIRSTNAME="Darpan"
LASTNAME="Sondhi"
DISPLAYNAME="Darpan Sondhi"
DESCRIPTION="--Check UMT to ensure credentials have already been sent before resetting password--"
COUNTRY="UNITED STATES"
PHONE="12542450151"
ALTPHONE="1"
FAX="1"
EMAIL="darpan.sondhi@quintiles.com"
ACTIVESTATE="true"
DELETESTATE="false"
UPDATE="true"
PASSWORD="a78Ca30XkK2j34O3084"
BEEPER="1"
USERDATEFORMAT="DAY_MONTH_YEAR"
HOMESCREENURL="./Portal/default.htm"
USERMUSTRESETPASSWORD="TRUE"
PRODUCTLOCALE="en-US"
STUDYLOCALE="en-US"/>


<USER  USERNAME="rx99017"
USERTYPE="SPONSOR"
FIRSTNAME="George"
LASTNAME="Zhu"
DISPLAYNAME="George Zhu"
DESCRIPTION="--Check UMT to ensure credentials have already been sent before resetting password--"
COUNTRY="UNITED STATES"
PHONE="12814168311"
ALTPHONE="1"
FAX="1"
EMAIL="gzhu@lilly.com"
ACTIVESTATE="true"
DELETESTATE="false"
UPDATE="true"
PASSWORD="bJ4sM3F7zhE18675"
BEEPER="1"
USERDATEFORMAT="DAY_MONTH_YEAR"
HOMESCREENURL="./Portal/default.htm"
USERMUSTRESETPASSWORD="TRUE"
PRODUCTLOCALE="en-US"
STUDYLOCALE="en-US"/>


<USER  USERNAME="sstacchiotti"
USERTYPE="SITE"
FIRSTNAME="Silvia"
LASTNAME="Stacchiotti"
DISPLAYNAME="Silvia Stacchiotti"
DESCRIPTION="--Check UMT to ensure credentials have already been sent before resetting password--"
COUNTRY="ITALY"
PHONE="39390223903287"
ALTPHONE="39"
FAX="39"
EMAIL="Silvia.Stacchiotti@istitutotumori.mi.it"
ACTIVESTATE="true"
DELETESTATE="false"
UPDATE="true"
PASSWORD="r98HgO9eS83nU19747"
BEEPER="39"
USERDATEFORMAT="DAY_MONTH_YEAR"
HOMESCREENURL="./Portal/default.htm"
USERMUSTRESETPASSWORD="TRUE"
PRODUCTLOCALE="en-US"
STUDYLOCALE="en-US"/>


<USER  USERNAME="areichardt"
USERTYPE="SITE"
FIRSTNAME="Annette"
LASTNAME="Reichardt"
DISPLAYNAME="Annette Reichardt"
DESCRIPTION="--Check UMT to ensure credentials have already been sent before resetting password--"
COUNTRY="GERMANY"
PHONE="490049030940114852"
ALTPHONE="49"
FAX="49"
EMAIL="annette.reichardt@helios-kliniken.de"
ACTIVESTATE="true"
DELETESTATE="false"
UPDATE="true"
PASSWORD="rU66cC9iH4o2Z2967"
BEEPER="49"
USERDATEFORMAT="DAY_MONTH_YEAR"
HOMESCREENURL="./Portal/default.htm"
USERMUSTRESETPASSWORD="TRUE"
PRODUCTLOCALE="en-US"
STUDYLOCALE="en-US"/>


<USER  USERNAME="bgrave"
USERTYPE="SITE"
FIRSTNAME="Bettina"
LASTNAME="Grave"
DISPLAYNAME="Bettina Grave"
DESCRIPTION="--Check UMT to ensure credentials have already been sent before resetting password--"
COUNTRY="GERMANY"
PHONE="49004902017231685"
ALTPHONE="49"
FAX="49"
EMAIL="bettina.grave@uk-essen.de"
ACTIVESTATE="true"
DELETESTATE="false"
UPDATE="true"
PASSWORD="rK7hT21aI2vP65485"
BEEPER="49"
USERDATEFORMAT="DAY_MONTH_YEAR"
HOMESCREENURL="./Portal/default.htm"
USERMUSTRESETPASSWORD="TRUE"
PRODUCTLOCALE="en-US"
STUDYLOCALE="en-US"/>


<USER  USERNAME="c237128"
USERTYPE="SPONSOR"
FIRSTNAME="Marco"
LASTNAME="Becker"
DISPLAYNAME="Marco Becker"
DESCRIPTION="--Check UMT to ensure credentials have already been sent before resetting password--"
COUNTRY="GERMANY"
PHONE="49004915222609209"
ALTPHONE="49"
FAX="49"
EMAIL="Marco.Becker@quintiles.com"
ACTIVESTATE="true"
DELETESTATE="false"
UPDATE="true"
PASSWORD="t69Zq5Sb79Zo3B9270"
BEEPER="49"
USERDATEFORMAT="DAY_MONTH_YEAR"
HOMESCREENURL="./Portal/default.htm"
USERMUSTRESETPASSWORD="TRUE"
PRODUCTLOCALE="en-US"
STUDYLOCALE="en-US"/>


<USER  USERNAME="preichardt"
USERTYPE="SITE"
FIRSTNAME="Peter"
LASTNAME="Reichardt"
DISPLAYNAME="Peter Reichardt"
DESCRIPTION="--Check UMT to ensure credentials have already been sent before resetting password--"
COUNTRY="GERMANY"
PHONE="490049030940154801"
ALTPHONE="49"
FAX="49"
EMAIL="peter.reichardt@helios-kliniken.de"
ACTIVESTATE="true"
DELETESTATE="false"
UPDATE="true"
PASSWORD="h4QlA91n6La4R547"
BEEPER="49"
USERDATEFORMAT="DAY_MONTH_YEAR"
HOMESCREENURL="./Portal/default.htm"
USERMUSTRESETPASSWORD="TRUE"
PRODUCTLOCALE="en-US"
STUDYLOCALE="en-US"/>


<USER  USERNAME="mwicklein"
USERTYPE="SITE"
FIRSTNAME="Marie"
LASTNAME="Wicklein"
DISPLAYNAME="Marie Wicklein"
DESCRIPTION="--Check UMT to ensure credentials have already been sent before resetting password--"
COUNTRY="GERMANY"
PHONE="490049030940114851"
ALTPHONE="49"
FAX="49"
EMAIL="marie.wicklein@helios-kliniken.de"
ACTIVESTATE="true"
DELETESTATE="false"
UPDATE="true"
PASSWORD="hQ22jW1qP4hO501806"
BEEPER="49"
USERDATEFORMAT="DAY_MONTH_YEAR"
HOMESCREENURL="./Portal/default.htm"
USERMUSTRESETPASSWORD="TRUE"
PRODUCTLOCALE="en-US"
STUDYLOCALE="en-US"/>


<USER  USERNAME="sbauer"
USERTYPE="SITE"
FIRSTNAME="Sebastian"
LASTNAME="Bauer"
DISPLAYNAME="Sebastian Bauer"
DESCRIPTION="--Check UMT to ensure credentials have already been sent before resetting password--"
COUNTRY="GERMANY"
PHONE="49004902017232112"
ALTPHONE="49"
FAX="49"
EMAIL="sebastian.bauer@uk-essen.de"
ACTIVESTATE="true"
DELETESTATE="false"
UPDATE="true"
PASSWORD="w42NjB47aM10L7v3918"
BEEPER="49"
USERDATEFORMAT="DAY_MONTH_YEAR"
HOMESCREENURL="./Portal/default.htm"
USERMUSTRESETPASSWORD="TRUE"
PRODUCTLOCALE="en-US"
STUDYLOCALE="en-US"/>


<USER  USERNAME="glinden"
USERTYPE="SITE"
FIRSTNAME="Gabriele"
LASTNAME="Linden"
DISPLAYNAME="Gabriele Linden"
DESCRIPTION="--Check UMT to ensure credentials have already been sent before resetting password--"
COUNTRY="GERMANY"
PHONE="49004902017231791"
ALTPHONE="49"
FAX="49"
EMAIL="gabriele.linden@uk-essen.de"
ACTIVESTATE="true"
DELETESTATE="false"
UPDATE="true"
PASSWORD="zF5uA2wY5mR111252"
BEEPER="49"
USERDATEFORMAT="DAY_MONTH_YEAR"
HOMESCREENURL="./Portal/default.htm"
USERMUSTRESETPASSWORD="TRUE"
PRODUCTLOCALE="en-US"
STUDYLOCALE="en-US"/>


<USER  USERNAME="dcrotes"
USERTYPE="SITE"
FIRSTNAME="Diana"
LASTNAME="Cortesincio"
DISPLAYNAME="Diana Cortesincio"
DESCRIPTION="--Check UMT to ensure credentials have already been sent before resetting password--"
COUNTRY="GERMANY"
PHONE="49004902017231685"
ALTPHONE="49"
FAX="49"
EMAIL="diana.cortes-incio@uk-essen.de"
ACTIVESTATE="true"
DELETESTATE="false"
UPDATE="true"
PASSWORD="N9lqR21M6mfS157003"
BEEPER="49"
USERDATEFORMAT="DAY_MONTH_YEAR"
HOMESCREENURL="./Portal/default.htm"
USERMUSTRESETPASSWORD="TRUE"
PRODUCTLOCALE="en-US"
STUDYLOCALE="en-US"/>


<USER  USERNAME="i5bmcjgdr_RE"
USERTYPE="SPONSOR"
FIRSTNAME="Report"
LASTNAME="Extractor"
DISPLAYNAME="Report Extractor"
DESCRIPTION="--Check UMT to ensure credentials have already been sent before resetting password--"
COUNTRY="UNITED STATES"
PHONE="11"
ALTPHONE="1"
FAX="1"
EMAIL="satish.bantanahal@oracle.com"
ACTIVESTATE="true"
DELETESTATE="false"
UPDATE="true"
PASSWORD="f8QjB1d1UvO332060"
BEEPER="1"
USERDATEFORMAT="DAY_MONTH_YEAR"
HOMESCREENURL="./Portal/default.htm"
USERMUSTRESETPASSWORD="TRUE"
PRODUCTLOCALE="en-US"
STUDYLOCALE="en-US"/>


<USER  USERNAME="odm_user"
USERTYPE="SPONSOR"
FIRSTNAME="ODM"
LASTNAME="USER"
DISPLAYNAME="odm user"
DESCRIPTION="--Check UMT to ensure credentials have already been sent before resetting password--"
COUNTRY="UNITED STATES"
PHONE="11"
ALTPHONE="1"
FAX="1"
EMAIL="robbins_cliff@lilly.com"
ACTIVESTATE="true"
DELETESTATE="false"
UPDATE="true"
PASSWORD="bN19tZ4r8TuH381985"
BEEPER="1"
USERDATEFORMAT="DAY_MONTH_YEAR"
HOMESCREENURL="./Portal/default.htm"
USERMUSTRESETPASSWORD="TRUE"
PRODUCTLOCALE="en-US"
STUDYLOCALE="en-US"/>


<USER  USERNAME="c230209"
USERTYPE="SPONSOR"
FIRSTNAME="Dale"
LASTNAME="Strong"
DISPLAYNAME="Dale Strong"
DESCRIPTION="--Check UMT to ensure credentials have already been sent before resetting password--"
COUNTRY="UNITED STATES"
PHONE="15617579236"
ALTPHONE="1"
FAX="1"
EMAIL="dale.strong@quintiles.com"
ACTIVESTATE="true"
DELETESTATE="false"
UPDATE="true"
PASSWORD="zG15oK9pD12y16X5504"
BEEPER="1"
USERDATEFORMAT="DAY_MONTH_YEAR"
HOMESCREENURL="./Portal/default.htm"
USERMUSTRESETPASSWORD="TRUE"
PRODUCTLOCALE="en-US"
STUDYLOCALE="en-US"/>


<USER  USERNAME="c228307"
USERTYPE="SPONSOR"
FIRSTNAME="Cristina"
LASTNAME="Galer"
DISPLAYNAME="Cristina Galer"
DESCRIPTION="--Check UMT to ensure credentials have already been sent before resetting password--"
COUNTRY="UNITED STATES"
PHONE="14252416886"
ALTPHONE="1"
FAX="1"
EMAIL="cristina.galer@quintilesims.com"
ACTIVESTATE="true"
DELETESTATE="false"
UPDATE="true"
PASSWORD="j50Nn40BA5jwS327848"
BEEPER="1"
USERDATEFORMAT="DAY_MONTH_YEAR"
HOMESCREENURL="./Portal/default.htm"
USERMUSTRESETPASSWORD="TRUE"
PRODUCTLOCALE="en-US"
STUDYLOCALE="en-US"/>


<USER  USERNAME="c015863"
USERTYPE="SPONSOR"
FIRSTNAME="Lori"
LASTNAME="Frye"
DISPLAYNAME="Lori Frye"
DESCRIPTION="--Check UMT to ensure credentials have already been sent before resetting password--"
COUNTRY="UNITED STATES"
PHONE="13176278462"
ALTPHONE="1"
FAX="1"
EMAIL="fryelo@lilly.com"
ACTIVESTATE="true"
DELETESTATE="false"
UPDATE="true"
PASSWORD="kV66mH6tQ7kB15674"
BEEPER="1"
USERDATEFORMAT="DAY_MONTH_YEAR"
HOMESCREENURL="./Portal/default.htm"
USERMUSTRESETPASSWORD="TRUE"
PRODUCTLOCALE="en-US"
STUDYLOCALE="en-US"/>


</MEDMLDATA>