<?xml version="1.0"?>
<MEDMLDATA xmlns="PhaseForward-MedML-Inform4">

<ITEMGROUP 
GROUPNAME="Data_Manager_ReadOnly"
GROUPDESCRIPTION="Items that are hidden by design and should be viewable to Data Manager.">
 <!-- Insert ItemRef Names -->
<ITEMREF REFNAME="DICT_DICTVER_AE3001_F1"/>
<ITEMREF REFNAME="AEDECOD_AE3001_F1"/>
<ITEMREF REFNAME="AELLTCD_AE3001_F1"/>
<ITEMREF REFNAME="AELLT_AE3001_F1"/>
<ITEMREF REFNAME="AECAT_AE3001_F1"/>
<ITEMREF REFNAME="AECAT_AE3001_F2"/>
<ITEMREF REFNAME="QSCAT_CCFS1001_F1"/>
<ITEMREF REFNAME="DXCAT_CGM2F2"/>
<ITEMREF REFNAME="CMCAT_CM3F1"/>
<ITEMREF REFNAME="DICT_DICTVER_CM3F2"/>
<ITEMREF REFNAME="DICT_DICTVER_CM3F1"/>
<ITEMREF REFNAME="DICT_DICTVER_CM1F1"/>
<ITEMREF REFNAME="CMSCAT_CM4F1"/>
<ITEMREF REFNAME="CMSCAT_CM3F2"/>
<ITEMREF REFNAME="CMSCAT_CM3F1"/>
<ITEMREF REFNAME="CMSCAT_CM1F1"/>
<ITEMREF REFNAME="CMCAT_CM4F1"/>
<ITEMREF REFNAME="CMCAT_CM3F2"/>
<ITEMREF REFNAME="CMTRT_MAP_CM3F2"/>
<ITEMREF REFNAME="CMTRT_MAP_CM3F1"/>
<ITEMREF REFNAME="CMTRT_MAP_CM1F1"/>
<ITEMREF REFNAME="CMCLAS_CM4F1"/>
<ITEMREF REFNAME="CMCLAS_CM3F2"/>
<ITEMREF REFNAME="CMCLAS_CM3F1"/>
<ITEMREF REFNAME="CMCLAS_CM1F1"/>
<ITEMREF REFNAME="CMCLASCD_CM4F1"/>
<ITEMREF REFNAME="CMCLASCD_CM3F2"/>
<ITEMREF REFNAME="CMDECOD_CM4F1"/>
<ITEMREF REFNAME="CMDECOD_CM3F2"/>
<ITEMREF REFNAME="CMDECOD_CM3F1"/>
<ITEMREF REFNAME="CMDECOD_CM1F1"/>
<ITEMREF REFNAME="FACAT_HYPO1F1"/>
<ITEMREF REFNAME="FACAT_HYPO"/>
<ITEMREF REFNAME="FALLSTERM_FALLS1F1"/>
<ITEMREF REFNAME="QSCAT_EQ5F2"/>
<ITEMREF REFNAME="QSCAT_EQ5F1"/>
<ITEMREF REFNAME="MHLLT_MH7001_F1"/>
<ITEMREF REFNAME="MHLLTCD_MH7001_F1"/>
<ITEMREF REFNAME="MHDECOD_MH7001_F1"/>
<ITEMREF REFNAME="MHCAT_MH7001_F1"/>
<ITEMREF REFNAME="EXCAT_HYPO"/>
<ITEMREF REFNAME="DSSSCAT_IC_DS2F2"/>
<ITEMREF REFNAME="DSSCAT_IC_DS2F2"/>
<ITEMREF REFNAME="DSSCAT_IC_DS2F1"/>
<ITEMREF REFNAME="DSSCAT_DS1F4"/>
<ITEMREF REFNAME="QSCAT_TIBI2001_F1"/>
<ITEMREF REFNAME="QSCAT_MMSE21001_F1"/>
<ITEMREF REFNAME="QSCAT_ITT1001_F1"/>
<ITEMREF REFNAME="MHTERM_MAP_MH7001_F1"/>
<ITEMREF REFNAME="DSSCAT_DS1F3"/>
<ITEMREF REFNAME="DSSCAT_DS1F2"/>
<ITEMREF REFNAME="DSSCAT_DS1F1"/>
<ITEMREF REFNAME="CMROUTE_CM3F2"/>
<ITEMREF REFNAME="CMPREFNM_CM4F1"/>
<ITEMREF REFNAME="CMPREFNM_CM3F2"/>
<ITEMREF REFNAME="CMPREFNM_CM3F1"/>
<ITEMREF REFNAME="CMPREFNM_CM1F1"/>
<ITEMREF REFNAME="DSCAT_2_DS4F1"/>
<ITEMREF REFNAME="DSCAT_2_DS2F2"/>
<ITEMREF REFNAME="DSCAT_2_DS2F1"/>
<ITEMREF REFNAME="DSCAT_1_DS1F4"/>
<ITEMREF REFNAME="DSCAT_1_DS1F3"/>
<ITEMREF REFNAME="DSCAT_1_DS1F2"/>
<ITEMREF REFNAME="DSCAT_1_DS1F1"/>
<ITEMREF REFNAME="CMTRT_MAP_CM4F1"/>
<ITEMREF REFNAME="CMCLASCD_CM3F1"/>
<ITEMREF REFNAME="CMCLASCD_CM1F1"/>
<ITEMREF REFNAME="TRTTERMCD_CM4F1"/>
<ITEMREF REFNAME="TRTTERMCD_CM3F2"/>
<ITEMREF REFNAME="TRTTERMCD_CM3F1"/>
<ITEMREF REFNAME="TRTTERMCD_CM1F1"/>
<ITEMREF REFNAME="DICT_DICTVER_MH7001_F1"/>
<ITEMREF REFNAME="DICT_DICTVER_CM4F1"/>
<ITEMREF REFNAME="CMCAT_CM1F1"/>
<ITEMREF REFNAME="DXCAT_CGM2F1"/>
<ITEMREF REFNAME="QSCAT_ALB2001_F1"/>
<ITEMREF REFNAME="AETERM_MAP_AE3001_F1"/>

</ITEMGROUP>

<ITEMGROUP 
GROUPNAME="nonData_Manager_Hidden"
GROUPDESCRIPTION="Items hidden to all but Data_Manager editable.">
 <!-- Insert ItemRef Names -->
<ITEMREF REFNAME="CDQATRIG"/>

</ITEMGROUP>

<ITEMGROUP 
GROUPNAME="nonData_Manager_ReadOnly"
GROUPDESCRIPTION="Items are Data_Manager editable, and Read-only for all other groups except Adjudicator and Central Grp.  For the Groups Adjudicator and Central Grp, it will be a Hidden Item.">
 <!-- Insert ItemRef Names -->
<ITEMREF REFNAME="VISDATMD_SV1001_F1"/>
<ITEMREF REFNAME="CDQ_CDQA"/>

</ITEMGROUP>

</MEDMLDATA>