<?xml version="1.0"?>
<MEDMLDATA xmlns="PhaseForward-MedML-Inform4">


<SITE  NAME="(100) Rocky Mountain Diabetes and Osteoporosis Center"    MNEMONIC="100"
ADDRESS="3910 Washington Parkway Idaho Falls ID 83404"
COUNTRY="UNITED STATES"
PHONE="2085289648"
TIMEZONE="(GMT-07:00) Mountain Time (US &#38; Canada)"
SITEDATEFORMAT="DAY_MONTH_YEAR"
STARTDATE="02/10/2014"
STUDYLOCALE="en-US"
SVAUTOSELECTRATE="100"
SVFIRSTNSUBJECTS="100"
/>
<STUDYVERSIONSITE
VERSIONDESCRIPTION="Latest"
SITEMNEMONIC="100"
ACCEPTDATE="02/10/2014"/>


<SITE  NAME="(101) Rockwood Clinic"    MNEMONIC="101"
ADDRESS="400 East Fifth Ave Spokane WA 99202"
COUNTRY="UNITED STATES"
PHONE="5097556530"
TIMEZONE="(GMT-08:00) Pacific Time (US &#38; Canada)"
SITEDATEFORMAT="DAY_MONTH_YEAR"
STARTDATE="02/10/2014"
STUDYLOCALE="en-US"
SVAUTOSELECTRATE="100"
SVFIRSTNSUBJECTS="100"
/>
<STUDYVERSIONSITE
VERSIONDESCRIPTION="Latest"
SITEMNEMONIC="101"
ACCEPTDATE="02/10/2014"/>


<SITE  NAME="(102) Crouse Medical Practice dba Internist Associates of Central New York"    MNEMONIC="102"
ADDRESS="739 Irving Avenue Suite 200 Syracuse NY 13210"
COUNTRY="UNITED STATES"
PHONE="3154795070"
TIMEZONE="(GMT-05:00) Eastern Time (US &#38; Canada)"
SITEDATEFORMAT="DAY_MONTH_YEAR"
STARTDATE="02/10/2014"
STUDYLOCALE="en-US"
SVAUTOSELECTRATE="100"
SVFIRSTNSUBJECTS="100"
/>
<STUDYVERSIONSITE
VERSIONDESCRIPTION="Latest"
SITEMNEMONIC="102"
ACCEPTDATE="02/10/2014"/>


<SITE  NAME="(103) Joslin Diabetes Center Affiliate at Southern New Hampshire Medical Center"    MNEMONIC="103"
ADDRESS="29 Northwest Boulevard Nashua NH 03063"
COUNTRY="UNITED STATES"
PHONE="6035775760"
TIMEZONE="(GMT-05:00) Eastern Time (US &#38; Canada)"
SITEDATEFORMAT="DAY_MONTH_YEAR"
STARTDATE="02/10/2014"
STUDYLOCALE="en-US"
SVAUTOSELECTRATE="100"
SVFIRSTNSUBJECTS="100"
/>
<STUDYVERSIONSITE
VERSIONDESCRIPTION="Latest"
SITEMNEMONIC="103"
ACCEPTDATE="02/10/2014"/>


<SITE  NAME="(104) Carolina Health Specialists"    MNEMONIC="104"
ADDRESS="945 82nd Parkway Suite 4 Myrtle Beach SC 29572"
COUNTRY="UNITED STATES"
PHONE="8434975929"
TIMEZONE="(GMT-05:00) Eastern Time (US &#38; Canada)"
SITEDATEFORMAT="DAY_MONTH_YEAR"
STARTDATE="02/10/2014"
STUDYLOCALE="en-US"
SVAUTOSELECTRATE="100"
SVFIRSTNSUBJECTS="100"
/>
<STUDYVERSIONSITE
VERSIONDESCRIPTION="Latest"
SITEMNEMONIC="104"
ACCEPTDATE="02/10/2014"/>


<SITE  NAME="(105) Herman Clinical Research LLC"    MNEMONIC="105"
ADDRESS="4365 Johns Creek Parkway Suite 400 Suwanee GA 30024"
COUNTRY="UNITED STATES"
PHONE="6782053456"
TIMEZONE="(GMT-05:00) Eastern Time (US &#38; Canada)"
SITEDATEFORMAT="DAY_MONTH_YEAR"
STARTDATE="02/10/2014"
STUDYLOCALE="en-US"
SVAUTOSELECTRATE="100"
SVFIRSTNSUBJECTS="100"
/>
<STUDYVERSIONSITE
VERSIONDESCRIPTION="Latest"
SITEMNEMONIC="105"
ACCEPTDATE="02/10/2014"/>


<SITE  NAME="(106) Mercy Health Research"    MNEMONIC="106"
ADDRESS="12680 Olive Blvd.ste 200 St. Louis MO 63141"
COUNTRY="UNITED STATES"
PHONE="3142518890"
TIMEZONE="(GMT-06:00) Central Time (US &#38; Canada)"
SITEDATEFORMAT="DAY_MONTH_YEAR"
STARTDATE="02/10/2014"
STUDYLOCALE="en-US"
SVAUTOSELECTRATE="100"
SVFIRSTNSUBJECTS="100"
/>
<STUDYVERSIONSITE
VERSIONDESCRIPTION="Latest"
SITEMNEMONIC="106"
ACCEPTDATE="02/10/2014"/>


<SITE  NAME="(107) Cotton O Neil Clinical Research Center 6th Ave"    MNEMONIC="107"
ADDRESS="3520 Southwest Sixth Avenue Topeka KS 66606"
COUNTRY="UNITED STATES"
PHONE="7853680482"
TIMEZONE="(GMT-06:00) Central Time (US &#38; Canada)"
SITEDATEFORMAT="DAY_MONTH_YEAR"
STARTDATE="02/10/2014"
STUDYLOCALE="en-US"
SVAUTOSELECTRATE="100"
SVFIRSTNSUBJECTS="100"
/>
<STUDYVERSIONSITE
VERSIONDESCRIPTION="Latest"
SITEMNEMONIC="107"
ACCEPTDATE="02/10/2014"/>


<SITE  NAME="(108) Iowa Diabetes and Endocrinology Research Center"    MNEMONIC="108"
ADDRESS="411 Laurel Street Suite 3262 Des Moines IA 50314"
COUNTRY="UNITED STATES"
PHONE="5156435122"
TIMEZONE="(GMT-06:00) Central Time (US &#38; Canada)"
SITEDATEFORMAT="DAY_MONTH_YEAR"
STARTDATE="02/10/2014"
STUDYLOCALE="en-US"
SVAUTOSELECTRATE="100"
SVFIRSTNSUBJECTS="100"
/>
<STUDYVERSIONSITE
VERSIONDESCRIPTION="Latest"
SITEMNEMONIC="108"
ACCEPTDATE="02/10/2014"/>


<SITE  NAME="(109) American Telemedicine Center"    MNEMONIC="109"
ADDRESS="Urb Floral Park 62 calle Jose Marti San Juan PR 00917"
COUNTRY="PUERTO RICO"
PHONE="7877215424"
TIMEZONE="(GMT-04:00) Atlantic Time (Canada)"
SITEDATEFORMAT="DAY_MONTH_YEAR"
STARTDATE="02/10/2014"
STUDYLOCALE="en-US"
SVAUTOSELECTRATE="100"
SVFIRSTNSUBJECTS="100"
/>
<STUDYVERSIONSITE
VERSIONDESCRIPTION="Latest"
SITEMNEMONIC="109"
ACCEPTDATE="02/10/2014"/>


<SITE  NAME="(110) Manati Center for Clinical Research"    MNEMONIC="110"
ADDRESS="calle Marginal carretera  2 Km 47 7 Anexo Doctors Center Hospital Manati PR 00674"
COUNTRY="PUERTO RICO"
PHONE="7878541779"
TIMEZONE="(GMT-04:00) Atlantic Time (Canada)"
SITEDATEFORMAT="DAY_MONTH_YEAR"
STARTDATE="02/10/2014"
STUDYLOCALE="en-US"
SVAUTOSELECTRATE="100"
SVFIRSTNSUBJECTS="100"
/>
<STUDYVERSIONSITE
VERSIONDESCRIPTION="Latest"
SITEMNEMONIC="110"
ACCEPTDATE="02/10/2014"/>


<SITE  NAME="(111) Suncoast Clinical Research"    MNEMONIC="111"
ADDRESS="5604 Gulf Drive New Port Richey FL 34652"
COUNTRY="UNITED STATES"
PHONE="7278494131"
TIMEZONE="(GMT-05:00) Eastern Time (US &#38; Canada)"
SITEDATEFORMAT="DAY_MONTH_YEAR"
STARTDATE="02/10/2014"
STUDYLOCALE="en-US"
SVAUTOSELECTRATE="100"
SVFIRSTNSUBJECTS="100"
/>
<STUDYVERSIONSITE
VERSIONDESCRIPTION="Latest"
SITEMNEMONIC="111"
ACCEPTDATE="02/10/2014"/>


<SITE  NAME="(112) New Horizon Research Center"    MNEMONIC="112"
ADDRESS="11880 Bird Road Suite 405 Miami FL 33175"
COUNTRY="UNITED STATES"
PHONE="3052263933"
TIMEZONE="(GMT-05:00) Eastern Time (US &#38; Canada)"
SITEDATEFORMAT="DAY_MONTH_YEAR"
STARTDATE="02/10/2014"
STUDYLOCALE="en-US"
SVAUTOSELECTRATE="100"
SVFIRSTNSUBJECTS="100"
/>
<STUDYVERSIONSITE
VERSIONDESCRIPTION="Latest"
SITEMNEMONIC="112"
ACCEPTDATE="02/10/2014"/>


<SITE  NAME="(113) Florida Hospital Diabetes Institute"    MNEMONIC="113"
ADDRESS="2415 North Orange Avenue Orlando FL 32804"
COUNTRY="UNITED STATES"
PHONE="4073032519"
TIMEZONE="(GMT-05:00) Eastern Time (US &#38; Canada)"
SITEDATEFORMAT="DAY_MONTH_YEAR"
STARTDATE="02/10/2014"
STUDYLOCALE="en-US"
SVAUTOSELECTRATE="100"
SVFIRSTNSUBJECTS="100"
/>
<STUDYVERSIONSITE
VERSIONDESCRIPTION="Latest"
SITEMNEMONIC="113"
ACCEPTDATE="02/10/2014"/>


<SITE  NAME="(114) Park Nicollet"    MNEMONIC="114"
ADDRESS="Metro MN CCOP 3800 Park Nicollet Boulevard St. Louis Park MN 55416"
COUNTRY="UNITED STATES"
PHONE="9529933500"
TIMEZONE="(GMT-06:00) Central Time (US &#38; Canada)"
SITEDATEFORMAT="DAY_MONTH_YEAR"
STARTDATE="02/10/2014"
STUDYLOCALE="en-US"
SVAUTOSELECTRATE="100"
SVFIRSTNSUBJECTS="100"
/>
<STUDYVERSIONSITE
VERSIONDESCRIPTION="Latest"
SITEMNEMONIC="114"
ACCEPTDATE="02/10/2014"/>


<SITE  NAME="(115) John Muir Physician Network - Clinical Research Center"    MNEMONIC="115"
ADDRESS="John Muir Physician Network  Clinical Research Center 2700 Grant Street Suite 202 Concord CA 94520"
COUNTRY="UNITED STATES"
PHONE="9256878860"
TIMEZONE="(GMT-08:00) Pacific Time (US &#38; Canada)"
SITEDATEFORMAT="DAY_MONTH_YEAR"
STARTDATE="02/10/2014"
STUDYLOCALE="en-US"
SVAUTOSELECTRATE="100"
SVFIRSTNSUBJECTS="100"
/>
<STUDYVERSIONSITE
VERSIONDESCRIPTION="Latest"
SITEMNEMONIC="115"
ACCEPTDATE="02/10/2014"/>


<SITE  NAME="(116) Palm Research Center Inc"    MNEMONIC="116"
ADDRESS="9280 West Sunset Road Suite 306 Las Vegas NV 89148"
COUNTRY="UNITED STATES"
PHONE="7027365161"
TIMEZONE="(GMT-08:00) Pacific Time (US &#38; Canada)"
SITEDATEFORMAT="DAY_MONTH_YEAR"
STARTDATE="02/10/2014"
STUDYLOCALE="en-US"
SVAUTOSELECTRATE="100"
SVFIRSTNSUBJECTS="100"
/>
<STUDYVERSIONSITE
VERSIONDESCRIPTION="Latest"
SITEMNEMONIC="116"
ACCEPTDATE="02/10/2014"/>


<SITE  NAME="(117) Dallas Diabetes and Endocrine Research Center PA"    MNEMONIC="117"
ADDRESS="7777 Forest Lane Suite C685 Dallas TX 75230"
COUNTRY="UNITED STATES"
PHONE="9725667799"
TIMEZONE="(GMT-06:00) Central Time (US &#38; Canada)"
SITEDATEFORMAT="DAY_MONTH_YEAR"
STARTDATE="02/10/2014"
STUDYLOCALE="en-US"
SVAUTOSELECTRATE="100"
SVFIRSTNSUBJECTS="100"
/>
<STUDYVERSIONSITE
VERSIONDESCRIPTION="Latest"
SITEMNEMONIC="117"
ACCEPTDATE="02/10/2014"/>


<SITE  NAME="(118) Sergio Rovner MD"    MNEMONIC="118"
ADDRESS="10525 Vista Del Sol Dr Suite 210 El Paso TX 79925"
COUNTRY="UNITED STATES"
PHONE="9156339387"
TIMEZONE="(GMT-06:00) Central Time (US &#38; Canada)"
SITEDATEFORMAT="DAY_MONTH_YEAR"
STARTDATE="02/10/2014"
STUDYLOCALE="en-US"
SVAUTOSELECTRATE="100"
SVFIRSTNSUBJECTS="100"
/>
<STUDYVERSIONSITE
VERSIONDESCRIPTION="Latest"
SITEMNEMONIC="118"
ACCEPTDATE="02/10/2014"/>


<SITE  NAME="(119) Clinical Trials of Texas Inc"    MNEMONIC="119"
ADDRESS="7940 Floyd Curl Drive Suite 700 San Antonio TX 78229"
COUNTRY="UNITED STATES"
PHONE="2109490122"
TIMEZONE="(GMT-06:00) Central Time (US &#38; Canada)"
SITEDATEFORMAT="DAY_MONTH_YEAR"
STARTDATE="02/10/2014"
STUDYLOCALE="en-US"
SVAUTOSELECTRATE="100"
SVFIRSTNSUBJECTS="100"
/>
<STUDYVERSIONSITE
VERSIONDESCRIPTION="Latest"
SITEMNEMONIC="119"
ACCEPTDATE="02/10/2014"/>


<SITE  NAME="(300) Gesundheitszentrum Wien Mitte"    MNEMONIC="300"
ADDRESS="Strohgasse 28 Vienna 1030"
COUNTRY="AUSTRIA"
PHONE="004316012240300"
TIMEZONE="(GMT+01:00) Sarajevo, Skopje, Warsaw, Zagreb"
SITEDATEFORMAT="DAY_MONTH_YEAR"
STARTDATE="02/10/2014"
STUDYLOCALE="en-US"
SVAUTOSELECTRATE="100"
SVFIRSTNSUBJECTS="100"
/>
<STUDYVERSIONSITE
VERSIONDESCRIPTION="Latest"
SITEMNEMONIC="300"
ACCEPTDATE="02/10/2014"/>


<SITE  NAME="(301) Diakonissen Krankenhaus Salzburg"    MNEMONIC="301"
ADDRESS="Guggenbichlerstrabe 20 Salzburg 5026"
COUNTRY="AUSTRIA"
PHONE="00436626385600"
TIMEZONE="(GMT+01:00) Sarajevo, Skopje, Warsaw, Zagreb"
SITEDATEFORMAT="DAY_MONTH_YEAR"
STARTDATE="02/10/2014"
STUDYLOCALE="en-US"
SVAUTOSELECTRATE="100"
SVFIRSTNSUBJECTS="100"
/>
<STUDYVERSIONSITE
VERSIONDESCRIPTION="Latest"
SITEMNEMONIC="301"
ACCEPTDATE="02/10/2014"/>


<SITE  NAME="(302) Zentrum fur Klinische Studien Dr Hanusch GmbH"    MNEMONIC="302"
ADDRESS="Millergasse 7 Wien 1060"
COUNTRY="AUSTRIA"
PHONE="436763872281"
TIMEZONE="(GMT+01:00) Sarajevo, Skopje, Warsaw, Zagreb"
SITEDATEFORMAT="DAY_MONTH_YEAR"
STARTDATE="02/10/2014"
STUDYLOCALE="en-US"
SVAUTOSELECTRATE="100"
SVFIRSTNSUBJECTS="100"
/>
<STUDYVERSIONSITE
VERSIONDESCRIPTION="Latest"
SITEMNEMONIC="302"
ACCEPTDATE="02/10/2014"/>


<SITE  NAME="(303) Evelyn Flieber Gorzer Private P"    MNEMONIC="303"
ADDRESS="St Stefan 145 Steiermark St Stefan ob Stainz A8511"
COUNTRY="AUSTRIA"
PHONE="0043346380244"
TIMEZONE="(GMT+01:00) Sarajevo, Skopje, Warsaw, Zagreb"
SITEDATEFORMAT="DAY_MONTH_YEAR"
STARTDATE="02/10/2014"
STUDYLOCALE="en-US"
SVAUTOSELECTRATE="100"
SVFIRSTNSUBJECTS="100"
/>
<STUDYVERSIONSITE
VERSIONDESCRIPTION="Latest"
SITEMNEMONIC="303"
ACCEPTDATE="02/10/2014"/>


<SITE  NAME="(304) Gesundheitszentrum Wien Nord"    MNEMONIC="304"
ADDRESS="Karl Aschenbrenner Gasse 3 Wien A 1210"
COUNTRY="AUSTRIA"
PHONE="0043316012240238"
TIMEZONE="(GMT+01:00) Sarajevo, Skopje, Warsaw, Zagreb"
SITEDATEFORMAT="DAY_MONTH_YEAR"
STARTDATE="02/10/2014"
STUDYLOCALE="en-US"
SVAUTOSELECTRATE="100"
SVFIRSTNSUBJECTS="100"
/>
<STUDYVERSIONSITE
VERSIONDESCRIPTION="Latest"
SITEMNEMONIC="304"
ACCEPTDATE="02/10/2014"/>


<SITE  NAME="(200) Zentrum Klinische Studien Neuwied ZKSN"    MNEMONIC="200"
ADDRESS="Langendorfer Str 82a Rheinland Pfalz Neuwied 56564"
COUNTRY="GERMANY"
PHONE="4926319694215"
TIMEZONE="(GMT+01:00) Sarajevo, Skopje, Warsaw, Zagreb"
SITEDATEFORMAT="DAY_MONTH_YEAR"
STARTDATE="02/10/2014"
STUDYLOCALE="en-US"
SVAUTOSELECTRATE="100"
SVFIRSTNSUBJECTS="100"
/>
<STUDYVERSIONSITE
VERSIONDESCRIPTION="Latest"
SITEMNEMONIC="200"
ACCEPTDATE="02/10/2014"/>


<SITE  NAME="(201) Diabetespraxis Prenzlauer Allee"    MNEMONIC="201"
ADDRESS="Prenzlauer Allee 146 Berlin 10409"
COUNTRY="GERMANY"
PHONE="49304458207"
TIMEZONE="(GMT+01:00) Sarajevo, Skopje, Warsaw, Zagreb"
SITEDATEFORMAT="DAY_MONTH_YEAR"
STARTDATE="02/10/2014"
STUDYLOCALE="en-US"
SVAUTOSELECTRATE="100"
SVFIRSTNSUBJECTS="100"
/>
<STUDYVERSIONSITE
VERSIONDESCRIPTION="Latest"
SITEMNEMONIC="201"
ACCEPTDATE="02/10/2014"/>


<SITE  NAME="(202) Gemeinschaftspraxis Diabeteszentrum Dortmund"    MNEMONIC="202"
ADDRESS="Hoher Wall 15 Nordrhein Westfalen Dortmund  44137"
COUNTRY="GERMANY"
PHONE="49231141237"
TIMEZONE="(GMT+01:00) Sarajevo, Skopje, Warsaw, Zagreb"
SITEDATEFORMAT="DAY_MONTH_YEAR"
STARTDATE="02/10/2014"
STUDYLOCALE="en-US"
SVAUTOSELECTRATE="100"
SVFIRSTNSUBJECTS="100"
/>
<STUDYVERSIONSITE
VERSIONDESCRIPTION="Latest"
SITEMNEMONIC="202"
ACCEPTDATE="02/10/2014"/>


<SITE  NAME="(203) Gemeinschaftspraxis für innere Medizin und Diabetologie"    MNEMONIC="203"
ADDRESS="Beselerstrabe 2a Hamburg  22607"
COUNTRY="GERMANY"
PHONE="4940896295"
TIMEZONE="(GMT+01:00) Sarajevo, Skopje, Warsaw, Zagreb"
SITEDATEFORMAT="DAY_MONTH_YEAR"
STARTDATE="02/10/2014"
STUDYLOCALE="en-US"
SVAUTOSELECTRATE="100"
SVFIRSTNSUBJECTS="100"
/>
<STUDYVERSIONSITE
VERSIONDESCRIPTION="Latest"
SITEMNEMONIC="203"
ACCEPTDATE="02/10/2014"/>


<SITE  NAME="(204) MZM Medizinisches Zentrum Mönchfeld"    MNEMONIC="204"
ADDRESS="Hechtstr 66 Baden Wurttemberg Stuttgart 70378"
COUNTRY="GERMANY"
PHONE="497118494953"
TIMEZONE="(GMT+01:00) Sarajevo, Skopje, Warsaw, Zagreb"
SITEDATEFORMAT="DAY_MONTH_YEAR"
STARTDATE="02/10/2014"
STUDYLOCALE="en-US"
SVAUTOSELECTRATE="100"
SVFIRSTNSUBJECTS="100"
/>
<STUDYVERSIONSITE
VERSIONDESCRIPTION="Latest"
SITEMNEMONIC="204"
ACCEPTDATE="02/10/2014"/>


<SITE  NAME="(205) Studienzentrum"    MNEMONIC="205"
ADDRESS="Elisenstrabe 26 Bayern Aschaffenburg 63739"
COUNTRY="GERMANY"
PHONE="496021342780"
TIMEZONE="(GMT+01:00) Sarajevo, Skopje, Warsaw, Zagreb"
SITEDATEFORMAT="DAY_MONTH_YEAR"
STARTDATE="02/10/2014"
STUDYLOCALE="en-US"
SVAUTOSELECTRATE="100"
SVFIRSTNSUBJECTS="100"
/>
<STUDYVERSIONSITE
VERSIONDESCRIPTION="Latest"
SITEMNEMONIC="205"
ACCEPTDATE="02/10/2014"/>


<SITE  NAME="(206) Praxis Prof Andreas Pfutzner"    MNEMONIC="206"
ADDRESS="Parcusstrabe 8 Rheinland Pfalz Mainz 55116"
COUNTRY="GERMANY"
PHONE="4961315763613"
TIMEZONE="(GMT+01:00) Sarajevo, Skopje, Warsaw, Zagreb"
SITEDATEFORMAT="DAY_MONTH_YEAR"
STARTDATE="02/10/2014"
STUDYLOCALE="en-US"
SVAUTOSELECTRATE="100"
SVFIRSTNSUBJECTS="100"
/>
<STUDYVERSIONSITE
VERSIONDESCRIPTION="Latest"
SITEMNEMONIC="206"
ACCEPTDATE="02/10/2014"/>


<SITE  NAME="(207) Institut für Diabetesforschung Münster GmbH"    MNEMONIC="207"
ADDRESS="Hohenzollernring 70 Nordrhein Westfalen  Münster  48145"
COUNTRY="GERMANY"
PHONE="492519352300"
TIMEZONE="(GMT+01:00) Sarajevo, Skopje, Warsaw, Zagreb"
SITEDATEFORMAT="DAY_MONTH_YEAR"
STARTDATE="02/10/2014"
STUDYLOCALE="en-US"
SVAUTOSELECTRATE="100"
SVFIRSTNSUBJECTS="100"
/>
<STUDYVERSIONSITE
VERSIONDESCRIPTION="Latest"
SITEMNEMONIC="207"
ACCEPTDATE="02/10/2014"/>


<SITE  NAME="(400) Northern General Hospital"    MNEMONIC="400"
ADDRESS="Herries Road Sheffield S5 7AU"
COUNTRY="UNITED KINGDOM"
PHONE="441142714269"
TIMEZONE="(GMT) Casablanca, Monrovia"
SITEDATEFORMAT="DAY_MONTH_YEAR"
STARTDATE="02/10/2014"
STUDYLOCALE="en-US"
SVAUTOSELECTRATE="100"
SVFIRSTNSUBJECTS="100"
/>
<STUDYVERSIONSITE
VERSIONDESCRIPTION="Latest"
SITEMNEMONIC="400"
ACCEPTDATE="02/10/2014"/>


<SITE  NAME="(401) Ipswich Hospital"    MNEMONIC="401"
ADDRESS="Heath Road Ipswich Suffolk IP4 5PD"
COUNTRY="UNITED KINGDOM"
PHONE="441473704183"
TIMEZONE="(GMT) Casablanca, Monrovia"
SITEDATEFORMAT="DAY_MONTH_YEAR"
STARTDATE="02/10/2014"
STUDYLOCALE="en-US"
SVAUTOSELECTRATE="100"
SVFIRSTNSUBJECTS="100"
/>
<STUDYVERSIONSITE
VERSIONDESCRIPTION="Latest"
SITEMNEMONIC="401"
ACCEPTDATE="02/10/2014"/>


<SITE  NAME="(402) Salford Royal NHS Trust"    MNEMONIC="402"
ADDRESS="Stott lane Salford Manchester M6 8HD"
COUNTRY="UNITED KINGDOM"
PHONE="441612065584"
TIMEZONE="(GMT) Casablanca, Monrovia"
SITEDATEFORMAT="DAY_MONTH_YEAR"
STARTDATE="02/10/2014"
STUDYLOCALE="en-US"
SVAUTOSELECTRATE="100"
SVFIRSTNSUBJECTS="100"
/>
<STUDYVERSIONSITE
VERSIONDESCRIPTION="Latest"
SITEMNEMONIC="402"
ACCEPTDATE="02/10/2014"/>


<SITE  NAME="(403) Trafford General Hospital"    MNEMONIC="403"
ADDRESS="Moorside Road Davvyhulme Manchester M41 5SL"
COUNTRY="UNITED KINGDOM"
PHONE="441617462204"
TIMEZONE="(GMT) Casablanca, Monrovia"
SITEDATEFORMAT="DAY_MONTH_YEAR"
STARTDATE="02/10/2014"
STUDYLOCALE="en-US"
SVAUTOSELECTRATE="100"
SVFIRSTNSUBJECTS="100"
/>
<STUDYVERSIONSITE
VERSIONDESCRIPTION="Latest"
SITEMNEMONIC="403"
ACCEPTDATE="02/10/2014"/>


<SITE  NAME="(404) Ninewells Hospital"    MNEMONIC="404"
ADDRESS="Dundee Scotland DD1 9SY"
COUNTRY="UNITED KINGDOM"
PHONE="441382660111"
TIMEZONE="(GMT) Casablanca, Monrovia"
SITEDATEFORMAT="DAY_MONTH_YEAR"
STARTDATE="02/10/2014"
STUDYLOCALE="en-US"
SVAUTOSELECTRATE="100"
SVFIRSTNSUBJECTS="100"
/>
<STUDYVERSIONSITE
VERSIONDESCRIPTION="Latest"
SITEMNEMONIC="404"
ACCEPTDATE="02/10/2014"/>


</MEDMLDATA>