<?xml version="1.0"?>
<MEDMLDATA xmlns="PhaseForward-MedML-Inform4">


<USER  USERNAME="eworel"
USERTYPE="SITE"
FIRSTNAME="Elisabeth"
LASTNAME="Worel"
DISPLAYNAME="Elisabeth Worel"
COUNTRY="AUSTRIA"
PHONE="430043316012240238"
ALTPHONE="43"
FAX="43"
EMAIL="elisabeth.worel@wgkk.at"
ACTIVESTATE="true"
PASSWORD="mX34n24SY2qbD68885"
BEEPER="43"
USERDATEFORMAT="DAY_MONTH_YEAR"
HOMESCREENURL="./Portal/default.htm"
USERMUSTRESETPASSWORD="TRUE"
PRODUCTLOCALE="en-US"
STUDYLOCALE="en-US"/>


<USER  USERNAME="bgrusch"
USERTYPE="SITE"
FIRSTNAME="Bernhard"
LASTNAME="Grusch"
DISPLAYNAME="Bernhard Grusch"
COUNTRY="AUSTRIA"
PHONE="430043316012240238"
ALTPHONE="43"
FAX="43"
EMAIL="bernhard.grusch@wgkk.at"
ACTIVESTATE="true"
PASSWORD="jV14kL2bE4s31Q7059"
BEEPER="43"
USERDATEFORMAT="DAY_MONTH_YEAR"
HOMESCREENURL="./Portal/default.htm"
USERMUSTRESETPASSWORD="TRUE"
PRODUCTLOCALE="en-US"
STUDYLOCALE="en-US"/>


<USER  USERNAME="eflieber"
USERTYPE="SITE"
FIRSTNAME="Evelyn"
LASTNAME="Flieber-Gorzer"
DISPLAYNAME="Evelyn Flieber-Gorzer"
COUNTRY="AUSTRIA"
PHONE="430043346380244"
ALTPHONE="43"
FAX="43"
EMAIL="evelyn.goerzer@gmx.at"
ACTIVESTATE="true"
PASSWORD="Q1umJ57iJ90u0G9144"
BEEPER="43"
USERDATEFORMAT="DAY_MONTH_YEAR"
HOMESCREENURL="./Portal/default.htm"
USERMUSTRESETPASSWORD="TRUE"
PRODUCTLOCALE="en-US"
STUDYLOCALE="en-US"/>


<USER  USERNAME="dgmeidl"
USERTYPE="SITE"
FIRSTNAME="Daniela"
LASTNAME="Gmeidl-Tscherner"
DISPLAYNAME="Daniela Gmeidl-Tscherner"
COUNTRY="AUSTRIA"
PHONE="430043346380244"
ALTPHONE="43"
FAX="43"
EMAIL="Daniela.gmeindl-tscherner@gmx.at"
ACTIVESTATE="true"
PASSWORD="n3Am33Cr2SxA28255"
BEEPER="43"
USERDATEFORMAT="DAY_MONTH_YEAR"
HOMESCREENURL="./Portal/default.htm"
USERMUSTRESETPASSWORD="TRUE"
PRODUCTLOCALE="en-US"
STUDYLOCALE="en-US"/>


<USER  USERNAME="bfrohnwieser"
USERTYPE="SITE"
FIRSTNAME="Barbara"
LASTNAME="Frohnwieser"
DISPLAYNAME="Barbara  Frohnwieser"
COUNTRY="AUSTRIA"
PHONE="43436626385634"
ALTPHONE="43"
FAX="43"
EMAIL="Barbara.Frohnwieser@diakonissen.at"
ACTIVESTATE="true"
PASSWORD="dN53pJ41sO6xO5701"
BEEPER="43"
USERDATEFORMAT="DAY_MONTH_YEAR"
HOMESCREENURL="./Portal/default.htm"
USERMUSTRESETPASSWORD="TRUE"
PRODUCTLOCALE="en-US"
STUDYLOCALE="en-US"/>


<USER  USERNAME="cgarbin"
USERTYPE="SITE"
FIRSTNAME="Christian"
LASTNAME="Garbin"
DISPLAYNAME="Christian Garbin"
COUNTRY="AUSTRIA"
PHONE="43004316012240343"
ALTPHONE="43"
FAX="43"
EMAIL="christian.garbin@wgkk.at"
ACTIVESTATE="true"
PASSWORD="qY0pO67jX6bT9652"
BEEPER="43"
USERDATEFORMAT="DAY_MONTH_YEAR"
HOMESCREENURL="./Portal/default.htm"
USERMUSTRESETPASSWORD="TRUE"
PRODUCTLOCALE="en-US"
STUDYLOCALE="en-US"/>


<USER  USERNAME="cfrancesconi"
USERTYPE="SITE"
FIRSTNAME="Claudia"
LASTNAME="Francesconi"
DISPLAYNAME="Claudia Francesconi"
COUNTRY="AUSTRIA"
PHONE="43004316012240315"
ALTPHONE="43"
FAX="43"
EMAIL="claudia.francesconi@wgkk.at"
ACTIVESTATE="true"
PASSWORD="K0ogH0gD86P9y5131"
BEEPER="43"
USERDATEFORMAT="DAY_MONTH_YEAR"
HOMESCREENURL="./Portal/default.htm"
USERMUSTRESETPASSWORD="TRUE"
PRODUCTLOCALE="en-US"
STUDYLOCALE="en-US"/>


<USER  USERNAME="rweitgasser"
USERTYPE="SITE"
FIRSTNAME="Raimund"
LASTNAME="Weitgasser"
DISPLAYNAME="Raimund Weitgasser"
COUNTRY="AUSTRIA"
PHONE="4300436626385600"
ALTPHONE="43"
FAX="43"
EMAIL="r.weitgasser@diakoniewerk.at"
ACTIVESTATE="true"
PASSWORD="nL19b20LnB8lW79698"
BEEPER="43"
USERDATEFORMAT="DAY_MONTH_YEAR"
HOMESCREENURL="./Portal/default.htm"
USERMUSTRESETPASSWORD="TRUE"
PRODUCTLOCALE="en-US"
STUDYLOCALE="en-US"/>


<USER  USERNAME="uhanusch"
USERTYPE="SITE"
FIRSTNAME="Ursula"
LASTNAME="Hanusch"
DISPLAYNAME="Ursula Hanusch"
COUNTRY="AUSTRIA"
PHONE="4300436763872281"
ALTPHONE="43"
FAX="43"
EMAIL="dr.hanusch@dieinternistin.com"
ACTIVESTATE="true"
PASSWORD="l0CT3sV8sdR02219"
BEEPER="43"
USERDATEFORMAT="DAY_MONTH_YEAR"
HOMESCREENURL="./Portal/default.htm"
USERMUSTRESETPASSWORD="TRUE"
PRODUCTLOCALE="en-US"
STUDYLOCALE="en-US"/>


<USER  USERNAME="cmayrhofer"
USERTYPE="SITE"
FIRSTNAME="Christine"
LASTNAME="Mayrhofer"
DISPLAYNAME="Christine Mayrhofer"
COUNTRY="AUSTRIA"
PHONE="4300436763872281"
ALTPHONE="43"
FAX="43"
EMAIL="christine.mayrhofer@hotmail.com"
ACTIVESTATE="true"
PASSWORD="c93AbF67l84EtH508242"
BEEPER="43"
USERDATEFORMAT="DAY_MONTH_YEAR"
HOMESCREENURL="./Portal/default.htm"
USERMUSTRESETPASSWORD="TRUE"
PRODUCTLOCALE="en-US"
STUDYLOCALE="en-US"/>


<USER  USERNAME="z2x2291"
USERTYPE="SPONSOR"
FIRSTNAME="Joseph"
LASTNAME="Matassini"
DISPLAYNAME="Joseph Matassini"
COUNTRY="CANADA"
PHONE="17052941536"
ALTPHONE="1"
FAX="1"
EMAIL="joseph.matassini@inventivhealth.com"
ACTIVESTATE="true"
PASSWORD="U5oV7ljB63e36W9178"
BEEPER="1"
USERDATEFORMAT="DAY_MONTH_YEAR"
HOMESCREENURL="./Portal/default.htm"
USERMUSTRESETPASSWORD="TRUE"
PRODUCTLOCALE="en-US"
STUDYLOCALE="en-US"/>


<USER  USERNAME="z1x8118"
USERTYPE="SPONSOR"
FIRSTNAME="Darina"
LASTNAME="Fusko"
DISPLAYNAME="Darina Fusko"
COUNTRY="CZECH REPUBLIC"
PHONE="420420272124076"
ALTPHONE="420"
FAX="420"
EMAIL="darina.fusko@iconplc.com"
ACTIVESTATE="true"
PASSWORD="dE66a57AwA89G5v9202"
BEEPER="420"
USERDATEFORMAT="DAY_MONTH_YEAR"
HOMESCREENURL="./Portal/default.htm"
USERMUSTRESETPASSWORD="TRUE"
PRODUCTLOCALE="en-US"
STUDYLOCALE="en-US"/>


<USER  USERNAME="tbehnke"
USERTYPE="SITE"
FIRSTNAME="Thomas"
LASTNAME="Behnke"
DISPLAYNAME="Thomas Behnke"
COUNTRY="GERMANY"
PHONE="494926319694215"
ALTPHONE="49"
FAX="49"
EMAIL="behnke@diabetes-zentrum-neuwied.de"
ACTIVESTATE="true"
PASSWORD="oZ6o1GhF10vY44812"
BEEPER="49"
USERDATEFORMAT="DAY_MONTH_YEAR"
HOMESCREENURL="./Portal/default.htm"
USERMUSTRESETPASSWORD="TRUE"
PRODUCTLOCALE="en-US"
STUDYLOCALE="en-US"/>


<USER  USERNAME="fdemircik"
USERTYPE="SITE"
FIRSTNAME="Filiz"
LASTNAME="Demircik"
DISPLAYNAME="Filiz Demircik"
COUNTRY="GERMANY"
PHONE="494961315763613"
ALTPHONE="49"
FAX="49"
EMAIL="filizd@ikfe.de"
ACTIVESTATE="true"
PASSWORD="n28Cq72TbV35oN238615"
BEEPER="49"
USERDATEFORMAT="DAY_MONTH_YEAR"
HOMESCREENURL="./Portal/default.htm"
USERMUSTRESETPASSWORD="TRUE"
PRODUCTLOCALE="en-US"
STUDYLOCALE="en-US"/>


<USER  USERNAME="bbeer"
USERTYPE="SITE"
FIRSTNAME="Brigitte"
LASTNAME="Beer"
DISPLAYNAME="Brigitte Beer"
COUNTRY="GERMANY"
PHONE="494961315763613"
ALTPHONE="49"
FAX="49"
EMAIL="brigitteb@ikfe.de"
ACTIVESTATE="true"
PASSWORD="M1xoZ8q6Kv1R4703"
BEEPER="49"
USERDATEFORMAT="DAY_MONTH_YEAR"
HOMESCREENURL="./Portal/default.htm"
USERMUSTRESETPASSWORD="TRUE"
PRODUCTLOCALE="en-US"
STUDYLOCALE="en-US"/>


<USER  USERNAME="lrose"
USERTYPE="SITE"
FIRSTNAME="Ludger"
LASTNAME="Rose"
DISPLAYNAME="Ludger Rose"
COUNTRY="GERMANY"
PHONE="49492519352300"
ALTPHONE="49"
FAX="49"
EMAIL="l.rose@diabetes-muenster.de"
ACTIVESTATE="true"
PASSWORD="m93JpQ38I9mpQ69245"
BEEPER="49"
USERDATEFORMAT="DAY_MONTH_YEAR"
HOMESCREENURL="./Portal/default.htm"
USERMUSTRESETPASSWORD="TRUE"
PRODUCTLOCALE="en-US"
STUDYLOCALE="en-US"/>


<USER  USERNAME="hpohlmeier"
USERTYPE="SITE"
FIRSTNAME="Harald"
LASTNAME="Pohlmeier"
DISPLAYNAME="Harald Pohlmeier"
COUNTRY="GERMANY"
PHONE="49492519352300"
ALTPHONE="49"
FAX="49"
EMAIL="h.pohlmeier@diabetes-muenster.de"
ACTIVESTATE="true"
PASSWORD="fE23x95GiD50m6I7431"
BEEPER="49"
USERDATEFORMAT="DAY_MONTH_YEAR"
HOMESCREENURL="./Portal/default.htm"
USERMUSTRESETPASSWORD="TRUE"
PRODUCTLOCALE="en-US"
STUDYLOCALE="en-US"/>


<USER  USERNAME="sritter"
USERTYPE="SITE"
FIRSTNAME="Sina"
LASTNAME="Ritter"
DISPLAYNAME="Sina Ritter"
COUNTRY="GERMANY"
PHONE="49492519352300"
ALTPHONE="49"
FAX="49"
EMAIL="s.ritter@diabetes-muenster.de"
ACTIVESTATE="true"
PASSWORD="y54Id65QeX44c6N4172"
BEEPER="49"
USERDATEFORMAT="DAY_MONTH_YEAR"
HOMESCREENURL="./Portal/default.htm"
USERMUSTRESETPASSWORD="TRUE"
PRODUCTLOCALE="en-US"
STUDYLOCALE="en-US"/>


<USER  USERNAME="z2x5762"
USERTYPE="SPONSOR"
FIRSTNAME="EvaMaria"
LASTNAME="Goeken"
DISPLAYNAME="EvaMaria Goeken"
COUNTRY="GERMANY"
PHONE="494961039041232"
ALTPHONE="49"
FAX="49"
EMAIL="EvaMaria.Goeken@iconplc.com"
ACTIVESTATE="true"
PASSWORD="mB59a91WfU5oK825228"
BEEPER="49"
USERDATEFORMAT="DAY_MONTH_YEAR"
HOMESCREENURL="./Portal/default.htm"
USERMUSTRESETPASSWORD="TRUE"
PRODUCTLOCALE="en-US"
STUDYLOCALE="en-US"/>


<USER  USERNAME="z2x5588"
USERTYPE="SPONSOR"
FIRSTNAME="Melanie"
LASTNAME="Scheibinger"
DISPLAYNAME="Melanie Scheibinger"
COUNTRY="GERMANY"
PHONE="494961039041474"
ALTPHONE="49"
FAX="49"
EMAIL="Melanie.Scheibinger@iconplc.com"
ACTIVESTATE="true"
PASSWORD="D3zp63UT9tpM358818"
BEEPER="49"
USERDATEFORMAT="DAY_MONTH_YEAR"
HOMESCREENURL="./Portal/default.htm"
USERMUSTRESETPASSWORD="TRUE"
PRODUCTLOCALE="en-US"
STUDYLOCALE="en-US"/>


<USER  USERNAME="ddahl"
USERTYPE="SITE"
FIRSTNAME="Dominik"
LASTNAME="Dahl"
DISPLAYNAME="Dominik Dahl"
COUNTRY="GERMANY"
PHONE="494940896295"
ALTPHONE="49"
FAX="49"
EMAIL="dr.dahl@dzhw.de"
ACTIVESTATE="true"
PASSWORD="dT37qG0s86ElI9333"
BEEPER="49"
USERDATEFORMAT="DAY_MONTH_YEAR"
HOMESCREENURL="./Portal/default.htm"
USERMUSTRESETPASSWORD="TRUE"
PRODUCTLOCALE="en-US"
STUDYLOCALE="en-US"/>


<USER  USERNAME="uwendisch"
USERTYPE="SITE"
FIRSTNAME="Ulrich"
LASTNAME="Wendisch"
DISPLAYNAME="Ulrich Wendisch"
COUNTRY="GERMANY"
PHONE="494940896295"
ALTPHONE="49"
FAX="49"
EMAIL="dr.wendisch@dzhw.de"
ACTIVESTATE="true"
PASSWORD="eY55hA0cH82cG474566"
BEEPER="49"
USERDATEFORMAT="DAY_MONTH_YEAR"
HOMESCREENURL="./Portal/default.htm"
USERMUSTRESETPASSWORD="TRUE"
PRODUCTLOCALE="en-US"
STUDYLOCALE="en-US"/>


<USER  USERNAME="aschiller"
USERTYPE="SITE"
FIRSTNAME="Anita"
LASTNAME="Schiller"
DISPLAYNAME="Anita Schiller"
COUNTRY="GERMANY"
PHONE="494926319694215"
ALTPHONE="49"
FAX="49"
EMAIL="aschiller@diabetes-zentrum-neuwied.de"
ACTIVESTATE="true"
PASSWORD="hU9e3PyC68iB392924"
BEEPER="49"
USERDATEFORMAT="DAY_MONTH_YEAR"
HOMESCREENURL="./Portal/default.htm"
USERMUSTRESETPASSWORD="TRUE"
PRODUCTLOCALE="en-US"
STUDYLOCALE="en-US"/>


<USER  USERNAME="hbraun"
USERTYPE="SITE"
FIRSTNAME="Hermann"
LASTNAME="Braun"
DISPLAYNAME="Hermann Braun"
COUNTRY="GERMANY"
PHONE="4949304458207"
ALTPHONE="49"
FAX="49"
EMAIL="braun@diabetespraxis-prenzlauerallee.de"
ACTIVESTATE="true"
PASSWORD="kV3jK53D7tuT23825"
BEEPER="49"
USERDATEFORMAT="DAY_MONTH_YEAR"
HOMESCREENURL="./Portal/default.htm"
USERMUSTRESETPASSWORD="TRUE"
PRODUCTLOCALE="en-US"
STUDYLOCALE="en-US"/>


<USER  USERNAME="eohrig"
USERTYPE="SITE"
FIRSTNAME="Edith"
LASTNAME="Öhrig-Pohl"
DISPLAYNAME="Edith Öhrig-Pohl"
COUNTRY="GERMANY"
PHONE="4949304458207"
ALTPHONE="49"
FAX="49"
EMAIL="oehrig@diabetespraxis-prenzlauerallee.de"
ACTIVESTATE="true"
PASSWORD="pM5E4dwP38V9y4455"
BEEPER="49"
USERDATEFORMAT="DAY_MONTH_YEAR"
HOMESCREENURL="./Portal/default.htm"
USERMUSTRESETPASSWORD="TRUE"
PRODUCTLOCALE="en-US"
STUDYLOCALE="en-US"/>


<USER  USERNAME="ckohlmayr"
USERTYPE="SITE"
FIRSTNAME="Christin"
LASTNAME="Kohlmayr"
DISPLAYNAME="Christin Kohlmayr"
COUNTRY="GERMANY"
PHONE="4949304458207"
ALTPHONE="49"
FAX="49"
EMAIL="studie@diabetespraxis-prenzlauerallee.de"
ACTIVESTATE="true"
PASSWORD="rW7w1LqK33yW71195"
BEEPER="49"
USERDATEFORMAT="DAY_MONTH_YEAR"
HOMESCREENURL="./Portal/default.htm"
USERMUSTRESETPASSWORD="TRUE"
PRODUCTLOCALE="en-US"
STUDYLOCALE="en-US"/>


<USER  USERNAME="kbusch"
USERTYPE="SITE"
FIRSTNAME="Klaus"
LASTNAME="Busch"
DISPLAYNAME="Klaus Busch"
COUNTRY="GERMANY"
PHONE="4949231141237"
ALTPHONE="49"
FAX="49"
EMAIL="klaus.busch@t-online.de"
ACTIVESTATE="true"
PASSWORD="mG46T3kgB8tX211789"
BEEPER="49"
USERDATEFORMAT="DAY_MONTH_YEAR"
HOMESCREENURL="./Portal/default.htm"
USERMUSTRESETPASSWORD="TRUE"
PRODUCTLOCALE="en-US"
STUDYLOCALE="en-US"/>


<USER  USERNAME="fvonderecken"
USERTYPE="SITE"
FIRSTNAME="Franz-Bernhard"
LASTNAME="von der Ecken"
DISPLAYNAME="Franz-Bernhard von der Ecken"
COUNTRY="GERMANY"
PHONE="4949231141237"
ALTPHONE="49"
FAX="49"
EMAIL="bernhardvonderecken@yahoo.de"
ACTIVESTATE="true"
PASSWORD="o1XZ1dJ4im4P628"
BEEPER="49"
USERDATEFORMAT="DAY_MONTH_YEAR"
HOMESCREENURL="./Portal/default.htm"
USERMUSTRESETPASSWORD="TRUE"
PRODUCTLOCALE="en-US"
STUDYLOCALE="en-US"/>


<USER  USERNAME="vsack"
USERTYPE="SITE"
FIRSTNAME="Vera"
LASTNAME="Sack"
DISPLAYNAME="Vera Sack"
COUNTRY="GERMANY"
PHONE="4949231141237"
ALTPHONE="49"
FAX="49"
EMAIL="vera.sack@dzdo.de"
ACTIVESTATE="true"
PASSWORD="wM56wY15iO95mK192146"
BEEPER="49"
USERDATEFORMAT="DAY_MONTH_YEAR"
HOMESCREENURL="./Portal/default.htm"
USERMUSTRESETPASSWORD="TRUE"
PRODUCTLOCALE="en-US"
STUDYLOCALE="en-US"/>


<USER  USERNAME="apfutzner"
USERTYPE="SITE"
FIRSTNAME="Andreas"
LASTNAME="Pfützner"
DISPLAYNAME="Andreas Pfützner"
COUNTRY="GERMANY"
PHONE="494961315763613"
ALTPHONE="49"
FAX="49"
EMAIL="andreasp@ikfe.de"
ACTIVESTATE="true"
PASSWORD="I4dzY38u7Sm3M3172"
BEEPER="49"
USERDATEFORMAT="DAY_MONTH_YEAR"
HOMESCREENURL="./Portal/default.htm"
USERMUSTRESETPASSWORD="TRUE"
PRODUCTLOCALE="en-US"
STUDYLOCALE="en-US"/>


<USER  USERNAME="mabdollahnia"
USERTYPE="SITE"
FIRSTNAME="Michel Reza"
LASTNAME="Abdollahnia"
DISPLAYNAME="Michel Reza Abdollahnia"
COUNTRY="GERMANY"
PHONE="494961315763613"
ALTPHONE="49"
FAX="49"
EMAIL="michelabd@gmx.de"
ACTIVESTATE="true"
PASSWORD="uX6hU8x63EkK77097"
BEEPER="49"
USERDATEFORMAT="DAY_MONTH_YEAR"
HOMESCREENURL="./Portal/default.htm"
USERMUSTRESETPASSWORD="TRUE"
PRODUCTLOCALE="en-US"
STUDYLOCALE="en-US"/>


<USER  USERNAME="ubecker"
USERTYPE="SITE"
FIRSTNAME="Ulrike"
LASTNAME="Becker"
DISPLAYNAME="Ulrike Becker"
COUNTRY="GERMANY"
PHONE="494926319694215"
ALTPHONE="49"
FAX="49"
EMAIL="ubecker@diabetes-zentrum-neuwied.de"
ACTIVESTATE="true"
PASSWORD="dF3O4itN29g82E8898"
BEEPER="49"
USERDATEFORMAT="DAY_MONTH_YEAR"
HOMESCREENURL="./Portal/default.htm"
USERMUSTRESETPASSWORD="TRUE"
PRODUCTLOCALE="en-US"
STUDYLOCALE="en-US"/>


<USER  USERNAME="gklausmann"
USERTYPE="SITE"
FIRSTNAME="Gerhard"
LASTNAME="Klausmann"
DISPLAYNAME="Gerhard Klausmann"
COUNTRY="GERMANY"
PHONE="49496021342780"
ALTPHONE="49"
FAX="49"
EMAIL="gk@klausmann.de"
ACTIVESTATE="true"
PASSWORD="dY7h0HcS9aR921333"
BEEPER="49"
USERDATEFORMAT="DAY_MONTH_YEAR"
HOMESCREENURL="./Portal/default.htm"
USERMUSTRESETPASSWORD="TRUE"
PRODUCTLOCALE="en-US"
STUDYLOCALE="en-US"/>


<USER  USERNAME="ameister"
USERTYPE="SITE"
FIRSTNAME="Anja"
LASTNAME="Meister"
DISPLAYNAME="Anja Meister"
COUNTRY="GERMANY"
PHONE="49497118494953"
ALTPHONE="49"
FAX="49"
EMAIL="mzm@moenchfeld.de"
ACTIVESTATE="true"
PASSWORD="a5DT2geD5cM777307"
BEEPER="49"
USERDATEFORMAT="DAY_MONTH_YEAR"
HOMESCREENURL="./Portal/default.htm"
USERMUSTRESETPASSWORD="TRUE"
PRODUCTLOCALE="en-US"
STUDYLOCALE="en-US"/>


<USER  USERNAME="merlinger"
USERTYPE="SITE"
FIRSTNAME="Moritz"
LASTNAME="Erlinger"
DISPLAYNAME="Moritz Erlinger"
COUNTRY="GERMANY"
PHONE="49497118494953"
ALTPHONE="49"
FAX="49"
EMAIL="moritz@erlinger.de"
ACTIVESTATE="true"
PASSWORD="yV18I1hyE80hE328504"
BEEPER="49"
USERDATEFORMAT="DAY_MONTH_YEAR"
HOMESCREENURL="./Portal/default.htm"
USERMUSTRESETPASSWORD="TRUE"
PRODUCTLOCALE="en-US"
STUDYLOCALE="en-US"/>


<USER  USERNAME="edrobinski"
USERTYPE="SITE"
FIRSTNAME="Evelyn"
LASTNAME="Drobinski"
DISPLAYNAME="Evelyn Drobinski"
COUNTRY="GERMANY"
PHONE="494940896295"
ALTPHONE="49"
FAX="49"
EMAIL="evelyn.drobinski@dzhw.de"
ACTIVESTATE="true"
PASSWORD="c4Cu0Yw5YwI936084"
BEEPER="49"
USERDATEFORMAT="DAY_MONTH_YEAR"
HOMESCREENURL="./Portal/default.htm"
USERMUSTRESETPASSWORD="TRUE"
PRODUCTLOCALE="en-US"
STUDYLOCALE="en-US"/>


<USER  USERNAME="rerlinger"
USERTYPE="SITE"
FIRSTNAME="Rudolf"
LASTNAME="Erlinger"
DISPLAYNAME="Rudolf Erlinger"
COUNTRY="GERMANY"
PHONE="49497118494953"
ALTPHONE="49"
FAX="49"
EMAIL="rudolf@erlinger.de"
ACTIVESTATE="true"
PASSWORD="a0RaV4w1JM6f110"
BEEPER="49"
USERDATEFORMAT="DAY_MONTH_YEAR"
HOMESCREENURL="./Portal/default.htm"
USERMUSTRESETPASSWORD="TRUE"
PRODUCTLOCALE="en-US"
STUDYLOCALE="en-US"/>


<USER  USERNAME="keschenbrucher"
USERTYPE="SITE"
FIRSTNAME="Karin"
LASTNAME="Eschenbrücher"
DISPLAYNAME="Karin Eschenbrücher"
COUNTRY="GERMANY"
PHONE="49496021342780"
ALTPHONE="49"
FAX="49"
EMAIL="ke@klausmann.de"
ACTIVESTATE="true"
PASSWORD="mE9uT34s2MhP55566"
BEEPER="49"
USERDATEFORMAT="DAY_MONTH_YEAR"
HOMESCREENURL="./Portal/default.htm"
USERMUSTRESETPASSWORD="TRUE"
PRODUCTLOCALE="en-US"
STUDYLOCALE="en-US"/>


<USER  USERNAME="sstreitenberger"
USERTYPE="SITE"
FIRSTNAME="Simone"
LASTNAME="Streitenberger"
DISPLAYNAME="Simone Streitenberger"
COUNTRY="GERMANY"
PHONE="49496021342780"
ALTPHONE="49"
FAX="49"
EMAIL="si@klausmann.de"
ACTIVESTATE="true"
PASSWORD="qC35cY8vG90V2u4061"
BEEPER="49"
USERDATEFORMAT="DAY_MONTH_YEAR"
HOMESCREENURL="./Portal/default.htm"
USERMUSTRESETPASSWORD="TRUE"
PRODUCTLOCALE="en-US"
STUDYLOCALE="en-US"/>


<USER  USERNAME="ZPFkcsobalyka"
USERTYPE="SPONSOR"
FIRSTNAME="Krisztian"
LASTNAME="Csobalyka"
DISPLAYNAME="Krisztian Csobalyka"
DESCRIPTION="Support Tier I"
TITLE="Mr."
COUNTRY="HUNGARY"
PHONE="36704275924"
ALTPHONE="36"
FAX="36"
EMAIL="krisztian.csobalyka@oracle.com"
ACTIVESTATE="true"
PASSWORD="lT82oD12rO62oL14924"
BEEPER="36"
USERDATEFORMAT="DAY_MONTH_YEAR"
HOMESCREENURL="./Portal/default.htm"
USERMUSTRESETPASSWORD="TRUE"
PRODUCTLOCALE="en-US"
STUDYLOCALE="en-US"/>


<USER  USERNAME="ZPFsaguilar"
USERTYPE="SPONSOR"
FIRSTNAME="Sergio"
LASTNAME="Aguilar"
DISPLAYNAME="Sergio Aguilar"
DESCRIPTION="Support Tier I"
TITLE="Mr."
COUNTRY="HUNGARY"
PHONE="36"
ALTPHONE="36"
FAX="36"
EMAIL="sergio.aguilar.aguilar@oracle.com"
ACTIVESTATE="true"
PASSWORD="y66BeA24e21PlE354344"
BEEPER="36"
USERDATEFORMAT="DAY_MONTH_YEAR"
HOMESCREENURL="./Portal/default.htm"
USERMUSTRESETPASSWORD="TRUE"
PRODUCTLOCALE="en-US"
STUDYLOCALE="en-US"/>


<USER  USERNAME="ZPFepenzes"
USERTYPE="SPONSOR"
FIRSTNAME="Eszter"
LASTNAME="Penzes"
DISPLAYNAME="Eszter Penzes"
DESCRIPTION="Support Tier I"
COUNTRY="HUNGARY"
PHONE="36"
ALTPHONE="36"
FAX="36"
EMAIL="ESZTER.PENZES@ORACLE.COM"
ACTIVESTATE="true"
PASSWORD="sD5nB12hT8kO616442"
BEEPER="36"
USERDATEFORMAT="DAY_MONTH_YEAR"
HOMESCREENURL="./Portal/default.htm"
USERMUSTRESETPASSWORD="TRUE"
PRODUCTLOCALE="en-US"
STUDYLOCALE="en-US"/>


<USER  USERNAME="ZPFkkovacs"
USERTYPE="SPONSOR"
FIRSTNAME="Klara"
LASTNAME="Kovacs"
DISPLAYNAME="Klara Kovacs"
DESCRIPTION="Support Tier I"
COUNTRY="HUNGARY"
PHONE="36"
ALTPHONE="36"
FAX="36"
EMAIL="KLARA.KOVACS@ORACLE.COM"
ACTIVESTATE="true"
PASSWORD="cZ1m88AmZ3g36P9157"
BEEPER="36"
USERDATEFORMAT="DAY_MONTH_YEAR"
HOMESCREENURL="./Portal/default.htm"
USERMUSTRESETPASSWORD="TRUE"
PRODUCTLOCALE="en-US"
STUDYLOCALE="en-US"/>


<USER  USERNAME="ZPFckalinyak"
USERTYPE="SPONSOR"
FIRSTNAME="Csilla"
LASTNAME="Kalinyak"
DISPLAYNAME="Csilla Kalinyak"
DESCRIPTION="Support Tier I"
COUNTRY="HUNGARY"
PHONE="36"
ALTPHONE="36"
FAX="36"
EMAIL="CSILLA.KALINYAK@ORACLE.COM"
ACTIVESTATE="true"
PASSWORD="cZ1m88AmZ3g36P9157"
BEEPER="36"
USERDATEFORMAT="DAY_MONTH_YEAR"
HOMESCREENURL="./Portal/default.htm"
USERMUSTRESETPASSWORD="TRUE"
PRODUCTLOCALE="en-US"
STUDYLOCALE="en-US"/>


<USER  USERNAME="ZPFzleczo"
USERTYPE="SPONSOR"
FIRSTNAME="Zsanett"
LASTNAME="Leczo"
DISPLAYNAME="Zsanett Leczo"
DESCRIPTION="Support Tier I"
COUNTRY="HUNGARY"
PHONE="36"
ALTPHONE="36"
FAX="36"
EMAIL="zsanett.leczo@oracle.com"
ACTIVESTATE="true"
PASSWORD="hH44rZ50j12AT7l8849"
BEEPER="36"
USERDATEFORMAT="DAY_MONTH_YEAR"
HOMESCREENURL="./Portal/default.htm"
USERMUSTRESETPASSWORD="TRUE"
PRODUCTLOCALE="en-US"
STUDYLOCALE="en-US"/>


<USER  USERNAME="ZPFedervishaj"
USERTYPE="SPONSOR"
FIRSTNAME="Erald"
LASTNAME="Dervishaj"
DISPLAYNAME="Erald Dervishaj"
DESCRIPTION="Support Tier I"
COUNTRY="HUNGARY"
PHONE="36"
ALTPHONE="36"
FAX="36"
EMAIL="erald.dervishaj@oracle.com"
ACTIVESTATE="true"
PASSWORD="i2ZqV47e33NwM301665"
BEEPER="36"
USERDATEFORMAT="DAY_MONTH_YEAR"
HOMESCREENURL="./Portal/default.htm"
USERMUSTRESETPASSWORD="TRUE"
PRODUCTLOCALE="en-US"
STUDYLOCALE="en-US"/>


<USER  USERNAME="ZPFsgazso"
USERTYPE="SPONSOR"
FIRSTNAME="Szidonia"
LASTNAME="Gazso"
DISPLAYNAME="Szidonia Gazso"
DESCRIPTION="Support Tier I"
COUNTRY="HUNGARY"
PHONE="36"
ALTPHONE="36"
FAX="36"
EMAIL="szidonia.gazso@oracle.com"
ACTIVESTATE="true"
PASSWORD="d5JvY87z49IpU91356"
BEEPER="36"
USERDATEFORMAT="DAY_MONTH_YEAR"
HOMESCREENURL="./Portal/default.htm"
USERMUSTRESETPASSWORD="TRUE"
PRODUCTLOCALE="en-US"
STUDYLOCALE="en-US"/>


<USER  USERNAME="ZPFobodnar"
USERTYPE="SPONSOR"
FIRSTNAME="Oksana"
LASTNAME="Bodnar"
DISPLAYNAME="Oksana Bodnar"
DESCRIPTION="Support Tier I"
COUNTRY="HUNGARY"
PHONE="36"
ALTPHONE="36"
FAX="36"
EMAIL="oksana.bodnar@oracle.com"
ACTIVESTATE="true"
PASSWORD="hH44rZ50j12AT7l8849"
BEEPER="36"
USERDATEFORMAT="DAY_MONTH_YEAR"
HOMESCREENURL="./Portal/default.htm"
USERMUSTRESETPASSWORD="TRUE"
PRODUCTLOCALE="en-US"
STUDYLOCALE="en-US"/>


<USER  USERNAME="ZPFaszottfried"
USERTYPE="SPONSOR"
FIRSTNAME="Akos"
LASTNAME="Szottfried"
DISPLAYNAME="Akos Szottfried"
DESCRIPTION="Support Tier I"
COUNTRY="HUNGARY"
PHONE="36"
ALTPHONE="36"
FAX="36"
EMAIL="akos.szottfried@oracle.com"
ACTIVESTATE="true"
PASSWORD="v2SdY36qR54sT102245"
BEEPER="36"
USERDATEFORMAT="DAY_MONTH_YEAR"
HOMESCREENURL="./Portal/default.htm"
USERMUSTRESETPASSWORD="TRUE"
PRODUCTLOCALE="en-US"
STUDYLOCALE="en-US"/>


<USER  USERNAME="ZPFmyao"
USERTYPE="SPONSOR"
FIRSTNAME="Min"
LASTNAME="Yao"
DISPLAYNAME="Min Yao"
DESCRIPTION="Support Tier I"
COUNTRY="HUNGARY"
PHONE="36"
ALTPHONE="36"
FAX="36"
EMAIL="min.yao@oracle.com"
ACTIVESTATE="true"
PASSWORD="v2SdY36qR54sT102245"
BEEPER="36"
USERDATEFORMAT="DAY_MONTH_YEAR"
HOMESCREENURL="./Portal/default.htm"
USERMUSTRESETPASSWORD="TRUE"
PRODUCTLOCALE="en-US"
STUDYLOCALE="en-US"/>


<USER  USERNAME="ZPFaolah"
USERTYPE="SPONSOR"
FIRSTNAME="Amanda"
LASTNAME="Olah"
DISPLAYNAME="Amanda Olah"
DESCRIPTION="Support Tier I"
COUNTRY="HUNGARY"
PHONE="36"
ALTPHONE="36"
FAX="36"
EMAIL="amanda.olah@oracle.com"
ACTIVESTATE="true"
PASSWORD="t33RaX73r5Ve9Q4652"
BEEPER="36"
USERDATEFORMAT="DAY_MONTH_YEAR"
HOMESCREENURL="./Portal/default.htm"
USERMUSTRESETPASSWORD="TRUE"
PRODUCTLOCALE="en-US"
STUDYLOCALE="en-US"/>


<USER  USERNAME="ZPFskholti"
USERTYPE="SPONSOR"
FIRSTNAME="Szilvia"
LASTNAME="Kholti"
DISPLAYNAME="Szilvia Kholti"
DESCRIPTION="Support Tier I"
COUNTRY="HUNGARY"
PHONE="361111"
ALTPHONE="36"
FAX="36"
EMAIL="szilvia.kholti@oracle.com"
ACTIVESTATE="true"
PASSWORD="l84MX2jj0CfJ31629"
BEEPER="36"
USERDATEFORMAT="DAY_MONTH_YEAR"
HOMESCREENURL="./Portal/default.htm"
USERMUSTRESETPASSWORD="TRUE"
PRODUCTLOCALE="en-US"
STUDYLOCALE="en-US"/>


<USER  USERNAME="ZPFaboth"
USERTYPE="SPONSOR"
FIRSTNAME="Agota"
LASTNAME="Both"
DISPLAYNAME="Agota Both"
DESCRIPTION="Support Tier I"
COUNTRY="HUNGARY"
PHONE="36"
ALTPHONE="36"
FAX="36"
EMAIL="agota.both@oracle.com"
ACTIVESTATE="true"
PASSWORD="rI9o3BcO3N8w3727"
BEEPER="36"
USERDATEFORMAT="DAY_MONTH_YEAR"
HOMESCREENURL="./Portal/default.htm"
USERMUSTRESETPASSWORD="TRUE"
PRODUCTLOCALE="en-US"
STUDYLOCALE="en-US"/>


<USER  USERNAME="ZPFcvargas"
USERTYPE="SPONSOR"
FIRSTNAME="Claudia"
LASTNAME="Vargas"
DISPLAYNAME="Claudia Vargas"
DESCRIPTION="Support Tier I"
COUNTRY="HUNGARY"
PHONE="36"
ALTPHONE="36"
FAX="36"
EMAIL="claudia.vargas@oracle.com"
ACTIVESTATE="true"
PASSWORD="rI9o3BcO3N8w3727"
BEEPER="36"
USERDATEFORMAT="DAY_MONTH_YEAR"
HOMESCREENURL="./Portal/default.htm"
USERMUSTRESETPASSWORD="TRUE"
PRODUCTLOCALE="en-US"
STUDYLOCALE="en-US"/>


<USER  USERNAME="ZPFkbarkoczi"
USERTYPE="SPONSOR"
FIRSTNAME="Katalin"
LASTNAME="Barkoczi"
DISPLAYNAME="Katalin Barkoczi"
DESCRIPTION="Lilly Support"
COUNTRY="HUNGARY"
PHONE="36"
ALTPHONE="36"
FAX="36"
EMAIL="katalin.barkoczi@oracle.com"
ACTIVESTATE="true"
PASSWORD="rI9o3BcO3N8w3727"
BEEPER="36"
USERDATEFORMAT="DAY_MONTH_YEAR"
HOMESCREENURL="./Portal/default.htm"
USERMUSTRESETPASSWORD="TRUE"
PRODUCTLOCALE="en-US"
STUDYLOCALE="en-US"/>


<USER  USERNAME="ZPFekantor"
USERTYPE="SPONSOR"
FIRSTNAME="Emese"
LASTNAME="Kantor"
DISPLAYNAME="Emese Kantor"
COUNTRY="HUNGARY"
PHONE="36"
ALTPHONE="36"
FAX="36"
EMAIL="emese.kantor@oracle.com"
ACTIVESTATE="true"
PASSWORD="rY24M3sc44QzH548232"
BEEPER="36"
USERDATEFORMAT="DAY_MONTH_YEAR"
HOMESCREENURL="./Portal/default.htm"
USERMUSTRESETPASSWORD="TRUE"
PRODUCTLOCALE="en-US"
STUDYLOCALE="en-US"/>


<USER  USERNAME="ZPFbszabo"
USERTYPE="SPONSOR"
FIRSTNAME="Beata"
LASTNAME="Szabo"
DISPLAYNAME="Beata Szabo"
DESCRIPTION="Lilly Support"
COUNTRY="HUNGARY"
PHONE="36"
ALTPHONE="36"
FAX="36"
EMAIL="beata.szabo@oracle.com"
ACTIVESTATE="true"
PASSWORD="T0exZ8W9qwT213134"
BEEPER="36"
USERDATEFORMAT="DAY_MONTH_YEAR"
HOMESCREENURL="./Portal/default.htm"
USERMUSTRESETPASSWORD="TRUE"
PRODUCTLOCALE="en-US"
STUDYLOCALE="en-US"/>


<USER  USERNAME="ZPFdnagy"
USERTYPE="SPONSOR"
FIRSTNAME="Daniel"
LASTNAME="Nagy"
DISPLAYNAME="Daniel Nagy"
DESCRIPTION="Support Tier I"
COUNTRY="HUNGARY"
PHONE="36"
ALTPHONE="36"
FAX="36"
EMAIL="daniel.nagy@oracle.com"
ACTIVESTATE="true"
PASSWORD="gK5tA6fK80hE475232"
BEEPER="36"
USERDATEFORMAT="DAY_MONTH_YEAR"
HOMESCREENURL="./Portal/default.htm"
USERMUSTRESETPASSWORD="TRUE"
PRODUCTLOCALE="en-US"
STUDYLOCALE="en-US"/>


<USER  USERNAME="ZPFlstoica"
USERTYPE="SPONSOR"
FIRSTNAME="Loredana"
LASTNAME="Stoica"
DISPLAYNAME="Loredana Stoica"
DESCRIPTION="Lilly Support"
COUNTRY="HUNGARY"
PHONE="36"
ALTPHONE="36"
FAX="36"
EMAIL="Loredana.Stoica@oracle.com"
ACTIVESTATE="true"
PASSWORD="wP9sE64aE34iJ52517"
BEEPER="36"
USERDATEFORMAT="DAY_MONTH_YEAR"
HOMESCREENURL="./Portal/default.htm"
USERMUSTRESETPASSWORD="TRUE"
PRODUCTLOCALE="en-US"
STUDYLOCALE="en-US"/>


<USER  USERNAME="ZPFtfabian"
USERTYPE="SPONSOR"
FIRSTNAME="Tamas"
LASTNAME="Fabian"
DISPLAYNAME="Tamas Fabian"
DESCRIPTION="Support Tier I"
COUNTRY="HUNGARY"
PHONE="36"
ALTPHONE="36"
FAX="36"
EMAIL="tamas.x.fabian@oracle.com"
ACTIVESTATE="true"
PASSWORD="bC1y0DN3aZ9l5540"
BEEPER="36"
USERDATEFORMAT="DAY_MONTH_YEAR"
HOMESCREENURL="./Portal/default.htm"
USERMUSTRESETPASSWORD="TRUE"
PRODUCTLOCALE="en-US"
STUDYLOCALE="en-US"/>


<USER  USERNAME="ZPFgradnai"
USERTYPE="SPONSOR"
FIRSTNAME="Gyongyi"
LASTNAME="Radnai"
DISPLAYNAME="Gyongyi Radnai"
DESCRIPTION="Lilly Support"
COUNTRY="HUNGARY"
PHONE="36"
ALTPHONE="36"
FAX="36"
EMAIL="gyongyi.radnai@oracle.com"
ACTIVESTATE="true"
PASSWORD="hH44rZ50j12AT7l8849"
BEEPER="36"
USERDATEFORMAT="DAY_MONTH_YEAR"
HOMESCREENURL="./Portal/default.htm"
USERMUSTRESETPASSWORD="TRUE"
PRODUCTLOCALE="en-US"
STUDYLOCALE="en-US"/>


<USER  USERNAME="z3x2938"
USERTYPE="SPONSOR"
FIRSTNAME="Namita"
LASTNAME="Rajput"
DISPLAYNAME="Namita Rajput"
COUNTRY="INDIA"
PHONE="919823681618"
ALTPHONE="91"
FAX="91"
EMAIL="namita.rajput@inventivhealth.com"
ACTIVESTATE="true"
PASSWORD="zF11eB0nB15r10M1614"
BEEPER="91"
USERDATEFORMAT="DAY_MONTH_YEAR"
HOMESCREENURL="./Portal/default.htm"
USERMUSTRESETPASSWORD="TRUE"
PRODUCTLOCALE="en-US"
STUDYLOCALE="en-US"/>


<USER  USERNAME="z2x2450"
USERTYPE="SPONSOR"
FIRSTNAME="Sanyogeeta"
LASTNAME="Andhale"
DISPLAYNAME="Sanyogeeta Andhale"
COUNTRY="INDIA"
PHONE="91912030569319"
ALTPHONE="91"
FAX="91"
EMAIL="sanyogeeta.andhale@inventivhealth.com"
ACTIVESTATE="true"
PASSWORD="dV8C7coU2gA07243"
BEEPER="91"
USERDATEFORMAT="DAY_MONTH_YEAR"
HOMESCREENURL="./Portal/default.htm"
USERMUSTRESETPASSWORD="TRUE"
PRODUCTLOCALE="en-US"
STUDYLOCALE="en-US"/>


<USER  USERNAME="z2x1799"
USERTYPE="SPONSOR"
FIRSTNAME="Mukund"
LASTNAME="Khasnis"
DISPLAYNAME="Mukund Khasnis"
COUNTRY="INDIA"
PHONE="9102030569303"
ALTPHONE="91"
FAX="91"
EMAIL="mukund.khasnis@inventivhealth.com"
ACTIVESTATE="true"
PASSWORD="L8ymO26b11EtK47948"
BEEPER="91"
USERDATEFORMAT="DAY_MONTH_YEAR"
HOMESCREENURL="./Portal/default.htm"
USERMUSTRESETPASSWORD="TRUE"
PRODUCTLOCALE="en-US"
STUDYLOCALE="en-US"/>


<USER  USERNAME="z2x1597"
USERTYPE="SPONSOR"
FIRSTNAME="Mukul"
LASTNAME="Tilak"
DISPLAYNAME="Mukul Tilak"
COUNTRY="INDIA"
PHONE="91912030569293"
ALTPHONE="91"
FAX="91"
EMAIL="mukul.tilak@inventivhealth.com"
ACTIVESTATE="true"
PASSWORD="lO36v53Kr5FuU698653"
BEEPER="91"
USERDATEFORMAT="DAY_MONTH_YEAR"
HOMESCREENURL="./Portal/default.htm"
USERMUSTRESETPASSWORD="TRUE"
PRODUCTLOCALE="en-US"
STUDYLOCALE="en-US"/>


<USER  USERNAME="z3x2637"
USERTYPE="SPONSOR"
FIRSTNAME="Amol"
LASTNAME="Farate"
DISPLAYNAME="Amol Farate"
COUNTRY="INDIA"
PHONE="91912030569334"
ALTPHONE="91"
FAX="91"
EMAIL="amol.farate@inventivhealth.com"
ACTIVESTATE="true"
PASSWORD="rH6x1NhC41u9F5306"
BEEPER="91"
USERDATEFORMAT="DAY_MONTH_YEAR"
HOMESCREENURL="./Portal/default.htm"
USERMUSTRESETPASSWORD="TRUE"
PRODUCTLOCALE="en-US"
STUDYLOCALE="en-US"/>


<USER  USERNAME="ZPFasakata"
USERTYPE="SPONSOR"
FIRSTNAME="aki"
LASTNAME="sakata"
DISPLAYNAME="aki sakata"
DESCRIPTION="Support Tier I Japan"
COUNTRY="JAPAN"
PHONE="81"
ALTPHONE="81"
FAX="81"
EMAIL="aki.sakata@oracle.com"
ACTIVESTATE="true"
PASSWORD="xM9Q2yoX55d9F6134"
BEEPER="81"
USERDATEFORMAT="DAY_MONTH_YEAR"
HOMESCREENURL="./Portal/default.htm"
USERMUSTRESETPASSWORD="TRUE"
PRODUCTLOCALE="en-US"
STUDYLOCALE="en-US"/>


<USER  USERNAME="ZPFaotsuka"
USERTYPE="SPONSOR"
FIRSTNAME="Akiyo"
LASTNAME="Otsuka"
DISPLAYNAME="Akiyo Otsuka"
DESCRIPTION="Support Tier I Japan"
ADDRESS="Oracle Aoyama Center2-5-8,Kita Aoyama, Minato-ku Tokyo 107 0061 Japan"
STATE="Tokyo"
POSTCODE="107 0061"
COUNTRY="JAPAN"
PHONE="81"
ALTPHONE="81"
FAX="81"
EMAIL="akiyo.otsuka@oracle.com"
ACTIVESTATE="true"
PASSWORD="y12MyD76T7jT0g419"
BEEPER="81"
USERDATEFORMAT="DAY_MONTH_YEAR"
HOMESCREENURL="./Portal/default.htm"
USERMUSTRESETPASSWORD="TRUE"
PRODUCTLOCALE="en-US"
STUDYLOCALE="en-US"/>


<USER  USERNAME="ZPFhsekine"
USERTYPE="SPONSOR"
FIRSTNAME="Haruka"
LASTNAME="Sekine"
DISPLAYNAME="Haruka Sekine"
DESCRIPTION="Support Tier I Japan"
ADDRESS="Oracle Aoyama Center2-5-8,Kita Aoyama, Minato-ku Tokyo 107 0061 Japan"
ADDRESS2="107 0061"
COUNTRY="JAPAN"
PHONE="81"
EMAIL="haruka.sekine@oracle.com"
ACTIVESTATE="true"
PASSWORD="lT82oD12rO62oL14924"
USERDATEFORMAT="DAY_MONTH_YEAR"
HOMESCREENURL="./Portal/default.htm"
USERMUSTRESETPASSWORD="TRUE"
PRODUCTLOCALE="en-US"
STUDYLOCALE="en-US"/>


<USER  USERNAME="ZPFmiwaki"
USERTYPE="SPONSOR"
FIRSTNAME="Marie"
LASTNAME="Iwaki"
DISPLAYNAME="Marie Iwaki"
DESCRIPTION="Support Tier I Japan"
ADDRESS="Oracle Aoyama Center2-5-8,Kita Aoyama, Minato-ku Tokyo 107 0061 Japan"
ADDRESS2="107 0061"
COUNTRY="JAPAN"
PHONE="81"
ALTPHONE="81"
FAX="81"
EMAIL="marie.iwaki@oracle.com"
ACTIVESTATE="true"
PASSWORD="jG11u9OkP36yY57947"
BEEPER="81"
USERDATEFORMAT="DAY_MONTH_YEAR"
HOMESCREENURL="./Portal/default.htm"
USERMUSTRESETPASSWORD="TRUE"
PRODUCTLOCALE="en-US"
STUDYLOCALE="en-US"/>


<USER  USERNAME="ZPFoely"
USERTYPE="SPONSOR"
FIRSTNAME="Osweld"
LASTNAME="Ely"
DISPLAYNAME="Osweld Ely"
DESCRIPTION="Support Tier I"
COUNTRY="PHILIPPINES"
PHONE="63"
ALTPHONE="63"
FAX="63"
EMAIL="osweld.ely@oracle.com"
ACTIVESTATE="true"
PASSWORD="cZ1m88AmZ3g36P9157"
BEEPER="63"
USERDATEFORMAT="DAY_MONTH_YEAR"
HOMESCREENURL="./Portal/default.htm"
USERMUSTRESETPASSWORD="TRUE"
PRODUCTLOCALE="en-US"
STUDYLOCALE="en-US"/>


<USER  USERNAME="ZPFjktan"
USERTYPE="SPONSOR"
FIRSTNAME="Jamelee Karen"
LASTNAME="Tan"
DISPLAYNAME="Jamelee Karen Tan"
DESCRIPTION="Support Tier I"
COUNTRY="PHILIPPINES"
PHONE="63"
ALTPHONE="63"
FAX="63"
EMAIL="JAMELEE.KAREN.TAN@ORACLE.COM"
ACTIVESTATE="true"
PASSWORD="xM9Q2yoX55d9F6134"
BEEPER="63"
USERDATEFORMAT="DAY_MONTH_YEAR"
HOMESCREENURL="./Portal/default.htm"
USERMUSTRESETPASSWORD="TRUE"
PRODUCTLOCALE="en-US"
STUDYLOCALE="en-US"/>


<USER  USERNAME="ZPFpvallar"
USERTYPE="SPONSOR"
FIRSTNAME="Paulnino"
LASTNAME="Vallar"
DISPLAYNAME="Paulnino Vallar"
DESCRIPTION="Support Tier I"
COUNTRY="PHILIPPINES"
PHONE="63"
ALTPHONE="63"
FAX="63"
EMAIL="paulnino.vallar@ORACLE.COM"
ACTIVESTATE="true"
PASSWORD="V5re82Da42DxZ37058"
BEEPER="63"
USERDATEFORMAT="DAY_MONTH_YEAR"
HOMESCREENURL="./Portal/default.htm"
USERMUSTRESETPASSWORD="TRUE"
PRODUCTLOCALE="en-US"
STUDYLOCALE="en-US"/>


<USER  USERNAME="ZPFrcauad"
USERTYPE="SPONSOR"
FIRSTNAME="Ronald"
LASTNAME="Cauad"
DISPLAYNAME="Ronald Cauad"
DESCRIPTION="Support Tier I"
COUNTRY="PHILIPPINES"
PHONE="63"
ALTPHONE="63"
FAX="63"
EMAIL="RONALD.CAUAD@ORACLE.COM"
ACTIVESTATE="true"
PASSWORD="y66BeA24e21PlE354344"
BEEPER="63"
USERDATEFORMAT="DAY_MONTH_YEAR"
HOMESCREENURL="./Portal/default.htm"
USERMUSTRESETPASSWORD="TRUE"
PRODUCTLOCALE="en-US"
STUDYLOCALE="en-US"/>


<USER  USERNAME="ZPFrducusin"
USERTYPE="SPONSOR"
FIRSTNAME="Rodulf"
LASTNAME="Ducusin"
DISPLAYNAME="Rodulf Ducusin"
DESCRIPTION="Support Tier I"
COUNTRY="PHILIPPINES"
PHONE="63"
ALTPHONE="63"
FAX="63"
EMAIL="RODULF.DUCUSIN@ORACLE.COM"
ACTIVESTATE="true"
PASSWORD="t33RaX73r5Ve9Q4652"
BEEPER="63"
USERDATEFORMAT="DAY_MONTH_YEAR"
HOMESCREENURL="./Portal/default.htm"
USERMUSTRESETPASSWORD="TRUE"
PRODUCTLOCALE="en-US"
STUDYLOCALE="en-US"/>


<USER  USERNAME="ZPFtcabanes"
USERTYPE="SPONSOR"
FIRSTNAME="Teresa"
LASTNAME="Cabanes"
DISPLAYNAME="Teresa Cabanes"
DESCRIPTION="Lilly Data Entry"
COUNTRY="PHILIPPINES"
PHONE="63"
ALTPHONE="63"
FAX="63"
EMAIL="teresa.cabanes@oracle.com"
ACTIVESTATE="true"
PASSWORD="f37DcD4wM98R0a9429"
BEEPER="63"
USERDATEFORMAT="DAY_MONTH_YEAR"
HOMESCREENURL="./Portal/default.htm"
USERMUSTRESETPASSWORD="TRUE"
PRODUCTLOCALE="en-US"
STUDYLOCALE="en-US"/>


<USER  USERNAME="ZPFnvergara"
USERTYPE="SPONSOR"
FIRSTNAME="Neil"
LASTNAME="Vergara"
DISPLAYNAME="Neil Vergara"
DESCRIPTION="Lilly Data Entry"
COUNTRY="PHILIPPINES"
PHONE="63"
ALTPHONE="63"
FAX="63"
EMAIL="neil.vergara@oracle.com"
ACTIVESTATE="true"
PASSWORD="f37DcD4wM98R0a9429"
BEEPER="63"
USERDATEFORMAT="DAY_MONTH_YEAR"
HOMESCREENURL="./Portal/default.htm"
USERMUSTRESETPASSWORD="TRUE"
PRODUCTLOCALE="en-US"
STUDYLOCALE="en-US"/>


<USER  USERNAME="ZPFjmacatangay"
USERTYPE="SPONSOR"
FIRSTNAME="Jeffrey"
LASTNAME="Macatangay"
DISPLAYNAME="Jeffrey Macatangay"
DESCRIPTION="Support Tier I"
COUNTRY="PHILIPPINES"
PHONE="63"
ALTPHONE="63"
FAX="63"
EMAIL="jeffrey.macatangay@oracle.com"
ACTIVESTATE="true"
PASSWORD="l84MX2jj0CfJ31629"
BEEPER="63"
USERDATEFORMAT="DAY_MONTH_YEAR"
HOMESCREENURL="./Portal/default.htm"
USERMUSTRESETPASSWORD="TRUE"
PRODUCTLOCALE="en-US"
STUDYLOCALE="en-US"/>


<USER  USERNAME="ZPFcroyalto"
USERTYPE="SPONSOR"
FIRSTNAME="Christianne"
LASTNAME="Roy Alto"
DISPLAYNAME="Christianne Roy Alto"
DESCRIPTION="Support Tier I"
COUNTRY="PHILIPPINES"
PHONE="63"
ALTPHONE="63"
FAX="63"
EMAIL="CHRISTIANNE.ROY.ALTO@ORACLE.COM"
ACTIVESTATE="true"
PASSWORD="y66BeA24e21PlE354344"
BEEPER="63"
USERDATEFORMAT="DAY_MONTH_YEAR"
HOMESCREENURL="./Portal/default.htm"
USERMUSTRESETPASSWORD="TRUE"
PRODUCTLOCALE="en-US"
STUDYLOCALE="en-US"/>


<USER  USERNAME="ZPFryu"
USERTYPE="SPONSOR"
FIRSTNAME="Reny"
LASTNAME="Yu"
DISPLAYNAME="Reny Yu"
DESCRIPTION="Support Tier I"
COUNTRY="PHILIPPINES"
PHONE="63"
ALTPHONE="63"
FAX="63"
EMAIL="RENY.YU@ORACLE.COM"
ACTIVESTATE="true"
PASSWORD="V5re82Da42DxZ37058"
BEEPER="63"
USERDATEFORMAT="DAY_MONTH_YEAR"
HOMESCREENURL="./Portal/default.htm"
USERMUSTRESETPASSWORD="TRUE"
PRODUCTLOCALE="en-US"
STUDYLOCALE="en-US"/>


<USER  USERNAME="rortiz"
USERTYPE="SITE"
FIRSTNAME="Ramon"
LASTNAME="Ortiz-Carrasquillo"
DISPLAYNAME="Ramon Ortiz-Carrasquillo"
COUNTRY="PUERTO RICO"
PHONE="7877878541779"
ALTPHONE="787"
FAX="787"
EMAIL="rortizcarr@gmail.com"
ACTIVESTATE="true"
PASSWORD="w1JkK5oE4jQ42720"
BEEPER="787"
USERDATEFORMAT="DAY_MONTH_YEAR"
HOMESCREENURL="./Portal/default.htm"
USERMUSTRESETPASSWORD="TRUE"
PRODUCTLOCALE="en-US"
STUDYLOCALE="en-US"/>


<USER  USERNAME="gcolon"
USERTYPE="SITE"
FIRSTNAME="Gildred"
LASTNAME="Colon"
DISPLAYNAME="Gildred Colon"
COUNTRY="PUERTO RICO"
PHONE="7877877215424"
ALTPHONE="787"
FAX="787"
EMAIL="gildred@drgcolon.com"
ACTIVESTATE="true"
PASSWORD="xC5T7etT34mE87819"
BEEPER="787"
USERDATEFORMAT="DAY_MONTH_YEAR"
HOMESCREENURL="./Portal/default.htm"
USERMUSTRESETPASSWORD="TRUE"
PRODUCTLOCALE="en-US"
STUDYLOCALE="en-US"/>


<USER  USERNAME="ZPFsdamato"
USERTYPE="SPONSOR"
FIRSTNAME="Silvio"
LASTNAME="Damato"
DISPLAYNAME="Silvio Damato"
DESCRIPTION="Support Internal Trainer"
COUNTRY="UNITED KINGDOM"
PHONE="44"
ALTPHONE="44"
FAX="0001"
EMAIL="silvio.damato@oracle.com"
ACTIVESTATE="true"
PASSWORD="nZ57uF38eH87F9y7911"
BEEPER="44"
USERDATEFORMAT="DAY_MONTH_YEAR"
HOMESCREENURL="./Portal/default.htm"
USERMUSTRESETPASSWORD="TRUE"
PRODUCTLOCALE="en-US"
STUDYLOCALE="en-US"/>


<USER  USERNAME="hatkins"
USERTYPE="SITE"
FIRSTNAME="Helen"
LASTNAME="Atkins"
DISPLAYNAME="Helen Atkins"
COUNTRY="UNITED KINGDOM"
PHONE="44441473704183"
ALTPHONE="44"
FAX="44"
EMAIL="helen.atkins@ipswichhospital.nhs.uk"
ACTIVESTATE="true"
PASSWORD="eI27dH6q5VW0n288"
BEEPER="44"
USERDATEFORMAT="DAY_MONTH_YEAR"
HOMESCREENURL="./Portal/default.htm"
USERMUSTRESETPASSWORD="TRUE"
PRODUCTLOCALE="en-US"
STUDYLOCALE="en-US"/>


<USER  USERNAME="jrosier"
USERTYPE="SITE"
FIRSTNAME="Josephine"
LASTNAME="Rosier"
DISPLAYNAME="Josephine Rosier"
COUNTRY="UNITED KINGDOM"
PHONE="44441473704183"
ALTPHONE="44"
FAX="44"
EMAIL="Josephine.Rosier@ipswichhospital.nhs.uk"
ACTIVESTATE="true"
PASSWORD="B6uvB6oV51b9H4521"
BEEPER="44"
USERDATEFORMAT="DAY_MONTH_YEAR"
HOMESCREENURL="./Portal/default.htm"
USERMUSTRESETPASSWORD="TRUE"
PRODUCTLOCALE="en-US"
STUDYLOCALE="en-US"/>


<USER  USERNAME="lsummers"
USERTYPE="SITE"
FIRSTNAME="Lucinda"
LASTNAME="Summers"
DISPLAYNAME="Lucinda Summers"
COUNTRY="UNITED KINGDOM"
PHONE="44441612065584"
ALTPHONE="44"
FAX="44"
EMAIL="lucinda.summers@srft.nhs.uk"
ACTIVESTATE="true"
PASSWORD="f18WfJ25g19GuH28102"
BEEPER="44"
USERDATEFORMAT="DAY_MONTH_YEAR"
HOMESCREENURL="./Portal/default.htm"
USERMUSTRESETPASSWORD="TRUE"
PRODUCTLOCALE="en-US"
STUDYLOCALE="en-US"/>


<USER  USERNAME="dcampbell"
USERTYPE="SITE"
FIRSTNAME="Diane"
LASTNAME="Campbell"
DISPLAYNAME="Diane Campbell"
COUNTRY="UNITED KINGDOM"
PHONE="44441612065584"
ALTPHONE="44"
FAX="44"
EMAIL="Diane.campbell@srft.nhs.uk"
ACTIVESTATE="true"
PASSWORD="i72LoG62bT8s50H2128"
BEEPER="44"
USERDATEFORMAT="DAY_MONTH_YEAR"
HOMESCREENURL="./Portal/default.htm"
USERMUSTRESETPASSWORD="TRUE"
PRODUCTLOCALE="en-US"
STUDYLOCALE="en-US"/>


<USER  USERNAME="ageorge"
USERTYPE="SITE"
FIRSTNAME="Ajith"
LASTNAME="George"
DISPLAYNAME="Ajith George"
COUNTRY="UNITED KINGDOM"
PHONE="44441617462204"
ALTPHONE="44"
FAX="44"
EMAIL="ajith.george@cmft.nhs.uk"
ACTIVESTATE="true"
PASSWORD="G3arC1jI2qS56052"
BEEPER="44"
USERDATEFORMAT="DAY_MONTH_YEAR"
HOMESCREENURL="./Portal/default.htm"
USERMUSTRESETPASSWORD="TRUE"
PRODUCTLOCALE="en-US"
STUDYLOCALE="en-US"/>


<USER  USERNAME="lhopewell"
USERTYPE="SITE"
FIRSTNAME="Louise"
LASTNAME="Hopewell"
DISPLAYNAME="Louise Hopewell"
COUNTRY="UNITED KINGDOM"
PHONE="44441617462204"
ALTPHONE="44"
FAX="44"
EMAIL="Louise.Hopewell@cmft.nhs.uk"
ACTIVESTATE="true"
PASSWORD="H9vcZ48rX60pY79977"
BEEPER="44"
USERDATEFORMAT="DAY_MONTH_YEAR"
HOMESCREENURL="./Portal/default.htm"
USERMUSTRESETPASSWORD="TRUE"
PRODUCTLOCALE="en-US"
STUDYLOCALE="en-US"/>


<USER  USERNAME="amackie"
USERTYPE="SITE"
FIRSTNAME="Alasdair"
LASTNAME="Mackie"
DISPLAYNAME="Alasdair Mackie"
COUNTRY="UNITED KINGDOM"
PHONE="44441617462204"
ALTPHONE="44"
FAX="44"
EMAIL="alasdair.mackie@nhs.net"
ACTIVESTATE="true"
PASSWORD="xY5t35YE9yoT775757"
BEEPER="44"
USERDATEFORMAT="DAY_MONTH_YEAR"
HOMESCREENURL="./Portal/default.htm"
USERMUSTRESETPASSWORD="TRUE"
PRODUCTLOCALE="en-US"
STUDYLOCALE="en-US"/>


<USER  USERNAME="jlindsay"
USERTYPE="SITE"
FIRSTNAME="Jacqueline"
LASTNAME="Lindsay"
DISPLAYNAME="Jacqueline Lindsay"
COUNTRY="UNITED KINGDOM"
PHONE="44441617462204"
ALTPHONE="44"
FAX="44"
EMAIL="jacquelinelindsay@nhs.net"
ACTIVESTATE="true"
PASSWORD="eY26hY9hL7xL362806"
BEEPER="44"
USERDATEFORMAT="DAY_MONTH_YEAR"
HOMESCREENURL="./Portal/default.htm"
USERMUSTRESETPASSWORD="TRUE"
PRODUCTLOCALE="en-US"
STUDYLOCALE="en-US"/>


<USER  USERNAME="Z2X1100"
USERTYPE="SPONSOR"
FIRSTNAME="Geraldine"
LASTNAME="Hora"
DISPLAYNAME="Geraldine Hora"
COUNTRY="UNITED KINGDOM"
PHONE="4435312912948"
ALTPHONE="44"
FAX="44"
EMAIL="Geraldine.Hora@iconplc.com"
ACTIVESTATE="true"
PASSWORD="kI4g83JfC1lE63375"
BEEPER="44"
USERDATEFORMAT="DAY_MONTH_YEAR"
HOMESCREENURL="./Portal/default.htm"
USERMUSTRESETPASSWORD="TRUE"
PRODUCTLOCALE="en-US"
STUDYLOCALE="en-US"/>


<USER  USERNAME="ZPFnqi"
USERTYPE="SPONSOR"
FIRSTNAME="Nic"
LASTNAME="Qi"
DISPLAYNAME="Nic Qi"
DESCRIPTION="Support Tier I"
COUNTRY="UNITED KINGDOM"
PHONE="44"
ALTPHONE="44"
FAX="44"
EMAIL="xiaoyu.qi@oracle.com"
ACTIVESTATE="true"
PASSWORD="wP9sE64aE34iJ52517"
BEEPER="44"
USERDATEFORMAT="DAY_MONTH_YEAR"
HOMESCREENURL="./Portal/default.htm"
USERMUSTRESETPASSWORD="TRUE"
PRODUCTLOCALE="en-US"
STUDYLOCALE="en-US"/>


<USER  USERNAME="ZPFdweakley"
USERTYPE="SPONSOR"
FIRSTNAME="Daniel"
LASTNAME="Weakley"
DISPLAYNAME="Daniel Weakley"
DESCRIPTION="Support Tier I"
COUNTRY="UNITED KINGDOM"
PHONE="44"
ALTPHONE="44"
FAX="44"
EMAIL="daniel.weakley@oracle.com"
ACTIVESTATE="true"
PASSWORD="k4ThA9A4kV7s9737"
BEEPER="44"
USERDATEFORMAT="DAY_MONTH_YEAR"
HOMESCREENURL="./Portal/default.htm"
USERMUSTRESETPASSWORD="TRUE"
PRODUCTLOCALE="en-US"
STUDYLOCALE="en-US"/>


<USER  USERNAME="ZPFvsoni"
USERTYPE="SPONSOR"
FIRSTNAME="Varun"
LASTNAME="Soni"
DISPLAYNAME="Varun Soni"
DESCRIPTION="Support Tier I"
COUNTRY="UNITED KINGDOM"
PHONE="44"
ALTPHONE="44"
FAX="44"
EMAIL="varun.x.soni@oracle.com"
ACTIVESTATE="true"
PASSWORD="zW40i83VfN72zM422553"
BEEPER="44"
USERDATEFORMAT="DAY_MONTH_YEAR"
HOMESCREENURL="./Portal/default.htm"
USERMUSTRESETPASSWORD="TRUE"
PRODUCTLOCALE="en-US"
STUDYLOCALE="en-US"/>


<USER  USERNAME="ZPFijohl"
USERTYPE="SPONSOR"
FIRSTNAME="Ikinder"
LASTNAME="Johl"
DISPLAYNAME="Ikinder Johl"
DESCRIPTION="Support Tier I"
COUNTRY="UNITED KINGDOM"
PHONE="44"
ALTPHONE="44"
FAX="44"
EMAIL="ikinder.johl.singh@oracle.com"
ACTIVESTATE="true"
PASSWORD="A8ycG78hQ80wG669121"
BEEPER="44"
USERDATEFORMAT="DAY_MONTH_YEAR"
HOMESCREENURL="./Portal/default.htm"
USERMUSTRESETPASSWORD="TRUE"
PRODUCTLOCALE="en-US"
STUDYLOCALE="en-US"/>


<USER  USERNAME="sheller"
USERTYPE="SITE"
FIRSTNAME="Simon"
LASTNAME="Heller"
DISPLAYNAME="Simon Heller"
COUNTRY="UNITED KINGDOM"
PHONE="44441142424985"
ALTPHONE="44"
FAX="44"
EMAIL="s.heller@sheffield.ac.uk"
ACTIVESTATE="true"
PASSWORD="r7YkF1eS46dT68335"
BEEPER="44"
USERDATEFORMAT="DAY_MONTH_YEAR"
HOMESCREENURL="./Portal/default.htm"
USERMUSTRESETPASSWORD="TRUE"
PRODUCTLOCALE="en-US"
STUDYLOCALE="en-US"/>


<USER  USERNAME="shudson"
USERTYPE="SITE"
FIRSTNAME="Susan"
LASTNAME="Hudson"
DISPLAYNAME="Susan Hudson"
COUNTRY="UNITED KINGDOM"
PHONE="444401142714269"
ALTPHONE="44"
FAX="44"
EMAIL="Susan.Hudson@sth.nhs.uk"
ACTIVESTATE="true"
PASSWORD="a9PrF67o52FhT57446"
BEEPER="44"
USERDATEFORMAT="DAY_MONTH_YEAR"
HOMESCREENURL="./Portal/default.htm"
USERMUSTRESETPASSWORD="TRUE"
PRODUCTLOCALE="en-US"
STUDYLOCALE="en-US"/>


<USER  USERNAME="cnisbet"
USERTYPE="SITE"
FIRSTNAME="Chloe"
LASTNAME="Nisbet"
DISPLAYNAME="Chloe Nisbet"
COUNTRY="UNITED KINGDOM"
PHONE="444401142714269"
ALTPHONE="44"
FAX="44"
EMAIL="Chloe.nisbet@sth.nhs.uk"
ACTIVESTATE="true"
PASSWORD="mR1T5paH40aG903534"
BEEPER="44"
USERDATEFORMAT="DAY_MONTH_YEAR"
HOMESCREENURL="./Portal/default.htm"
USERMUSTRESETPASSWORD="TRUE"
PRODUCTLOCALE="en-US"
STUDYLOCALE="en-US"/>


<USER  USERNAME="grayman"
USERTYPE="SITE"
FIRSTNAME="Gerry"
LASTNAME="Rayman"
DISPLAYNAME="Gerry Rayman"
COUNTRY="UNITED KINGDOM"
PHONE="44441473704183"
ALTPHONE="44"
FAX="44"
EMAIL="gerry.rayman@ipswichhospital.nhs.uk"
ACTIVESTATE="true"
PASSWORD="aK1fM2dQ33sR14744"
BEEPER="44"
USERDATEFORMAT="DAY_MONTH_YEAR"
HOMESCREENURL="./Portal/default.htm"
USERMUSTRESETPASSWORD="TRUE"
PRODUCTLOCALE="en-US"
STUDYLOCALE="en-US"/>


<USER  USERNAME="ssharma"
USERTYPE="SITE"
FIRSTNAME="Sanjeev"
LASTNAME="Sharma"
DISPLAYNAME="Sanjeev Sharma"
COUNTRY="UNITED KINGDOM"
PHONE="44441473704183"
ALTPHONE="44"
FAX="44"
EMAIL="sanjeev.Sharma@ipswichhospital.nhs.uk"
ACTIVESTATE="true"
PASSWORD="xL8uC17n3KjJ61793"
BEEPER="44"
USERDATEFORMAT="DAY_MONTH_YEAR"
HOMESCREENURL="./Portal/default.htm"
USERMUSTRESETPASSWORD="TRUE"
PRODUCTLOCALE="en-US"
STUDYLOCALE="en-US"/>


<USER  USERNAME="ZPFapervaiz"
USERTYPE="SPONSOR"
FIRSTNAME="Afnan"
LASTNAME="Pervaiz"
DISPLAYNAME="Afnan Pervaiz"
DESCRIPTION="Support Tier I"
COUNTRY="UNITED KINGDOM"
PHONE="4410 44 1628 640 700"
ALTPHONE="44"
FAX="44"
EMAIL="afnan.pervaiz@oracle.com"
ACTIVESTATE="true"
PASSWORD="R3yxC24L1zp1U2825"
BEEPER="44"
USERDATEFORMAT="DAY_MONTH_YEAR"
HOMESCREENURL="./Portal/default.htm"
USERMUSTRESETPASSWORD="TRUE"
PRODUCTLOCALE="en-US"
STUDYLOCALE="en-US"/>


<USER  USERNAME="ZPFawarsama"
USERTYPE="SPONSOR"
FIRSTNAME="Ahmed"
LASTNAME="Warsama"
DISPLAYNAME="Ahmed Warsama"
DESCRIPTION="Support Tier I"
COUNTRY="UNITED KINGDOM"
PHONE="0"
ALTPHONE="44"
FAX="44"
EMAIL="ahmed.warsama@oracle.com"
ACTIVESTATE="true"
PASSWORD="wU20tA36kM43gR53727"
BEEPER="44"
USERDATEFORMAT="DAY_MONTH_YEAR"
HOMESCREENURL="./Portal/default.htm"
USERMUSTRESETPASSWORD="TRUE"
PRODUCTLOCALE="en-US"
STUDYLOCALE="en-US"/>


<USER  USERNAME="lborg"
USERTYPE="SITE"
FIRSTNAME="Lisa"
LASTNAME="Borg"
DISPLAYNAME="Lisa Borg"
COUNTRY="UNITED STATES"
PHONE="15156435122"
ALTPHONE="1"
FAX="1"
EMAIL="lborg@mercydesmoines.org"
ACTIVESTATE="true"
PASSWORD="h10YeI78yL7d7W9065"
BEEPER="1"
USERDATEFORMAT="DAY_MONTH_YEAR"
HOMESCREENURL="./Portal/default.htm"
USERMUSTRESETPASSWORD="TRUE"
PRODUCTLOCALE="en-US"
STUDYLOCALE="en-US"/>


<USER  USERNAME="awynne"
USERTYPE="SITE"
FIRSTNAME="Alan"
LASTNAME="Wynne"
DISPLAYNAME="Alan Wynne"
COUNTRY="UNITED STATES"
PHONE="17853680482"
ALTPHONE="1"
FAX="1"
EMAIL="awynne@stormontvail.org"
ACTIVESTATE="true"
PASSWORD="zO98v48JmB93jW85461"
BEEPER="1"
USERDATEFORMAT="DAY_MONTH_YEAR"
HOMESCREENURL="./Portal/default.htm"
USERMUSTRESETPASSWORD="TRUE"
PRODUCTLOCALE="en-US"
STUDYLOCALE="en-US"/>


<USER  USERNAME="cpritchard"
USERTYPE="SITE"
FIRSTNAME="Catherine"
LASTNAME="Pritchard"
DISPLAYNAME="Catherine Pritchard"
COUNTRY="UNITED STATES"
PHONE="17853680733"
ALTPHONE="1"
FAX="1"
EMAIL="capritch@stormontvail.org"
ACTIVESTATE="true"
PASSWORD="C0fkI67nE86i17R2783"
BEEPER="1"
USERDATEFORMAT="DAY_MONTH_YEAR"
HOMESCREENURL="./Portal/default.htm"
USERMUSTRESETPASSWORD="TRUE"
PRODUCTLOCALE="en-US"
STUDYLOCALE="en-US"/>


<USER  USERNAME="tsmith"
USERTYPE="SITE"
FIRSTNAME="Timothy"
LASTNAME="Smith"
DISPLAYNAME="Timothy Smith"
COUNTRY="UNITED STATES"
PHONE="13142518890"
ALTPHONE="1"
FAX="1"
EMAIL="timothy.smith@mercy.net"
ACTIVESTATE="true"
PASSWORD="bD1hP5tA59a18G4265"
BEEPER="1"
USERDATEFORMAT="DAY_MONTH_YEAR"
HOMESCREENURL="./Portal/default.htm"
USERMUSTRESETPASSWORD="TRUE"
PRODUCTLOCALE="en-US"
STUDYLOCALE="en-US"/>


<USER  USERNAME="nbauer"
USERTYPE="SITE"
FIRSTNAME="Nicole"
LASTNAME="Bauer"
DISPLAYNAME="Nicole Bauer"
COUNTRY="UNITED STATES"
PHONE="13142518890"
ALTPHONE="1"
FAX="1"
EMAIL="nicole.bauer@mercy.net"
ACTIVESTATE="true"
PASSWORD="aF3u39Yy1Xu98D6091"
BEEPER="1"
USERDATEFORMAT="DAY_MONTH_YEAR"
HOMESCREENURL="./Portal/default.htm"
USERMUSTRESETPASSWORD="TRUE"
PRODUCTLOCALE="en-US"
STUDYLOCALE="en-US"/>


<USER  USERNAME="lherman"
USERTYPE="SITE"
FIRSTNAME="Lee"
LASTNAME="Herman"
DISPLAYNAME="Lee Herman"
COUNTRY="UNITED STATES"
PHONE="16782053456"
ALTPHONE="1"
FAX="1"
EMAIL="drlherman@gmail.com"
ACTIVESTATE="true"
PASSWORD="jU19f2Ql6CkK85819"
BEEPER="1"
USERDATEFORMAT="DAY_MONTH_YEAR"
HOMESCREENURL="./Portal/default.htm"
USERMUSTRESETPASSWORD="TRUE"
PRODUCTLOCALE="en-US"
STUDYLOCALE="en-US"/>


<USER  USERNAME="Z1X2575"
USERTYPE="SPONSOR"
FIRSTNAME="Sherry"
LASTNAME="Hayward"
DISPLAYNAME="Sherry Hayward"
COUNTRY="UNITED STATES"
PHONE="19103997976"
ALTPHONE="1"
FAX="1"
EMAIL="Sherry.Hayward@quintiles.com"
ACTIVESTATE="true"
PASSWORD="E7mi12DgB72yG739334"
BEEPER="1"
USERDATEFORMAT="DAY_MONTH_YEAR"
HOMESCREENURL="./Portal/default.htm"
USERMUSTRESETPASSWORD="TRUE"
PRODUCTLOCALE="en-US"
STUDYLOCALE="en-US"/>


<USER  USERNAME="C179367"
USERTYPE="SPONSOR"
FIRSTNAME="Dessa"
LASTNAME="Patterson"
DISPLAYNAME="Dessa Patterson"
COUNTRY="UNITED STATES"
PHONE="19199987677"
ALTPHONE="1"
FAX="1"
EMAIL="dessa.patterson@quintiles.com"
ACTIVESTATE="true"
PASSWORD="G8waI72zI22cY123891"
BEEPER="1"
USERDATEFORMAT="DAY_MONTH_YEAR"
HOMESCREENURL="./Portal/default.htm"
USERMUSTRESETPASSWORD="TRUE"
PRODUCTLOCALE="en-US"
STUDYLOCALE="en-US"/>


<USER  USERNAME="C179650"
USERTYPE="SPONSOR"
FIRSTNAME="Amanda"
LASTNAME="Nowell"
DISPLAYNAME="Amanda Nowell"
COUNTRY="UNITED STATES"
PHONE="19199987740"
ALTPHONE="1"
FAX="1"
EMAIL="amanda.nowell@quintiles.com"
ACTIVESTATE="true"
PASSWORD="rU4j6HgO61wP48347"
BEEPER="1"
USERDATEFORMAT="DAY_MONTH_YEAR"
HOMESCREENURL="./Portal/default.htm"
USERMUSTRESETPASSWORD="TRUE"
PRODUCTLOCALE="en-US"
STUDYLOCALE="en-US"/>


<USER  USERNAME="z1x0368"
USERTYPE="SPONSOR"
FIRSTNAME="Tim"
LASTNAME="Brewer"
DISPLAYNAME="Tim Brewer"
COUNTRY="UNITED STATES"
PHONE="12537592161"
ALTPHONE="1"
FAX="1"
EMAIL="Tim.Brewer@quintiles.com"
ACTIVESTATE="true"
PASSWORD="zN9w7KrQ29c98A3213"
BEEPER="1"
USERDATEFORMAT="DAY_MONTH_YEAR"
HOMESCREENURL="./Portal/default.htm"
USERMUSTRESETPASSWORD="TRUE"
PRODUCTLOCALE="en-US"
STUDYLOCALE="en-US"/>


<USER  USERNAME="z1x2000"
USERTYPE="SPONSOR"
FIRSTNAME="Earl"
LASTNAME="Cook"
DISPLAYNAME="Earl Cook"
COUNTRY="UNITED STATES"
PHONE="19726680754"
ALTPHONE="1"
FAX="1"
EMAIL="Earl.Cook@quintiles.com"
ACTIVESTATE="true"
PASSWORD="qL56cO3r1Yt7U6187"
BEEPER="1"
USERDATEFORMAT="DAY_MONTH_YEAR"
HOMESCREENURL="./Portal/default.htm"
USERMUSTRESETPASSWORD="TRUE"
PRODUCTLOCALE="en-US"
STUDYLOCALE="en-US"/>


<USER  USERNAME="z1x1804"
USERTYPE="SPONSOR"
FIRSTNAME="Sherry"
LASTNAME="Cragoe"
DISPLAYNAME="Sherry Cragoe"
COUNTRY="UNITED STATES"
PHONE="15073568960"
ALTPHONE="1"
FAX="1"
EMAIL="sherry.cragoe@quintiles.com"
ACTIVESTATE="true"
PASSWORD="iI3xM1r41SqJ69161"
BEEPER="1"
USERDATEFORMAT="DAY_MONTH_YEAR"
HOMESCREENURL="./Portal/default.htm"
USERMUSTRESETPASSWORD="TRUE"
PRODUCTLOCALE="en-US"
STUDYLOCALE="en-US"/>


<USER  USERNAME="z1x1896"
USERTYPE="SPONSOR"
FIRSTNAME="Erica"
LASTNAME="Kubea"
DISPLAYNAME="Erica Kubea"
COUNTRY="UNITED STATES"
PHONE="17652922476"
ALTPHONE="1"
FAX="1"
EMAIL="erica.kubea@quintiles.com"
ACTIVESTATE="true"
PASSWORD="a24XbK86sU5a1H2236"
BEEPER="1"
USERDATEFORMAT="DAY_MONTH_YEAR"
HOMESCREENURL="./Portal/default.htm"
USERMUSTRESETPASSWORD="TRUE"
PRODUCTLOCALE="en-US"
STUDYLOCALE="en-US"/>


<USER  USERNAME="z2x4979"
USERTYPE="SPONSOR"
FIRSTNAME="Kristine"
LASTNAME="Mayberry"
DISPLAYNAME="Kristine Mayberry"
COUNTRY="UNITED STATES"
PHONE="19193030733"
ALTPHONE="1"
FAX="1"
EMAIL="kristine.mayberry@quintiles.com"
ACTIVESTATE="true"
PASSWORD="d5ZuM2lJ0kA694901"
BEEPER="1"
USERDATEFORMAT="DAY_MONTH_YEAR"
HOMESCREENURL="./Portal/default.htm"
USERMUSTRESETPASSWORD="TRUE"
PRODUCTLOCALE="en-US"
STUDYLOCALE="en-US"/>


<USER  USERNAME="z1x1789"
USERTYPE="SPONSOR"
FIRSTNAME="Donna"
LASTNAME="Mosser"
DISPLAYNAME="Donna Mosser"
COUNTRY="UNITED STATES"
PHONE="18034261668"
ALTPHONE="1"
FAX="1"
EMAIL="Donna.Mosser@Quintiles.com"
ACTIVESTATE="true"
PASSWORD="eP2f55ZfN2i9K5161"
BEEPER="1"
USERDATEFORMAT="DAY_MONTH_YEAR"
HOMESCREENURL="./Portal/default.htm"
USERMUSTRESETPASSWORD="TRUE"
PRODUCTLOCALE="en-US"
STUDYLOCALE="en-US"/>


<USER  USERNAME="salbertson"
USERTYPE="SITE"
FIRSTNAME="Shannon"
LASTNAME="Albertson"
DISPLAYNAME="Shannon Albertson"
COUNTRY="UNITED STATES"
PHONE="12085289644"
ALTPHONE="1"
FAX="1"
EMAIL="shannon@idahomed.com"
ACTIVESTATE="true"
PASSWORD="h2Oz14PaZ8B3g2018"
BEEPER="1"
USERDATEFORMAT="DAY_MONTH_YEAR"
HOMESCREENURL="./Portal/default.htm"
USERMUSTRESETPASSWORD="TRUE"
PRODUCTLOCALE="en-US"
STUDYLOCALE="en-US"/>


<USER  USERNAME="dliljenquist"
USERTYPE="SITE"
FIRSTNAME="David"
LASTNAME="Liljenquist"
DISPLAYNAME="David Liljenquist"
COUNTRY="UNITED STATES"
PHONE="12085289648"
ALTPHONE="1"
FAX="1"
EMAIL="drl-research@idahomed.com"
ACTIVESTATE="true"
PASSWORD="vX89X1whN3qJ895313"
BEEPER="1"
USERDATEFORMAT="DAY_MONTH_YEAR"
HOMESCREENURL="./Portal/default.htm"
USERMUSTRESETPASSWORD="TRUE"
PRODUCTLOCALE="en-US"
STUDYLOCALE="en-US"/>


<USER  USERNAME="tfreels"
USERTYPE="SITE"
FIRSTNAME="Tammy"
LASTNAME="Freels"
DISPLAYNAME="Tammy Freels"
COUNTRY="UNITED STATES"
PHONE="15093423185"
ALTPHONE="1"
FAX="1"
EMAIL="tfreels@rockwoodclinic.com"
ACTIVESTATE="true"
PASSWORD="fD64l2SoG5i8I8301"
BEEPER="1"
USERDATEFORMAT="DAY_MONTH_YEAR"
HOMESCREENURL="./Portal/default.htm"
USERMUSTRESETPASSWORD="TRUE"
PRODUCTLOCALE="en-US"
STUDYLOCALE="en-US"/>


<USER  USERNAME="mwukelic"
USERTYPE="SITE"
FIRSTNAME="Michael"
LASTNAME="Wukelic"
DISPLAYNAME="Michael Wukelic"
COUNTRY="UNITED STATES"
PHONE="15097556530"
ALTPHONE="1"
FAX="1"
EMAIL="mwukelic@rockwoodclinic.com"
ACTIVESTATE="true"
PASSWORD="rE90xB97kE34qY84104"
BEEPER="1"
USERDATEFORMAT="DAY_MONTH_YEAR"
HOMESCREENURL="./Portal/default.htm"
USERMUSTRESETPASSWORD="TRUE"
PRODUCTLOCALE="en-US"
STUDYLOCALE="en-US"/>


<USER  USERNAME="mklick"
USERTYPE="SITE"
FIRSTNAME="Michelle"
LASTNAME="Klick"
DISPLAYNAME="Michelle Klick"
COUNTRY="UNITED STATES"
PHONE="13154795070"
ALTPHONE="1"
FAX="1"
EMAIL="michelleklick@iacny.com"
ACTIVESTATE="true"
PASSWORD="gK64hD3F0xkI247091"
BEEPER="1"
USERDATEFORMAT="DAY_MONTH_YEAR"
HOMESCREENURL="./Portal/default.htm"
USERMUSTRESETPASSWORD="TRUE"
PRODUCTLOCALE="en-US"
STUDYLOCALE="en-US"/>


<USER  USERNAME="ddicesar"
USERTYPE="SITE"
FIRSTNAME="David"
LASTNAME="DiCesar"
DISPLAYNAME="David DiCesar"
COUNTRY="UNITED STATES"
PHONE="13154795070"
ALTPHONE="1"
FAX="1"
EMAIL="daviddicesar@iacny.com"
ACTIVESTATE="true"
PASSWORD="m1LxL9b2PeI97451"
BEEPER="1"
USERDATEFORMAT="DAY_MONTH_YEAR"
HOMESCREENURL="./Portal/default.htm"
USERMUSTRESETPASSWORD="TRUE"
PRODUCTLOCALE="en-US"
STUDYLOCALE="en-US"/>


<USER  USERNAME="alaliberte"
USERTYPE="SITE"
FIRSTNAME="Alison"
LASTNAME="Laliberte"
DISPLAYNAME="Alison Laliberte"
COUNTRY="UNITED STATES"
PHONE="16035775760"
ALTPHONE="1"
FAX="1"
EMAIL="alison.laliberte@snhmc.org"
ACTIVESTATE="true"
PASSWORD="vP5cH34n6HiD24055"
BEEPER="1"
USERDATEFORMAT="DAY_MONTH_YEAR"
HOMESCREENURL="./Portal/default.htm"
USERMUSTRESETPASSWORD="TRUE"
PRODUCTLOCALE="en-US"
STUDYLOCALE="en-US"/>


<USER  USERNAME="rsilver"
USERTYPE="SITE"
FIRSTNAME="Robert"
LASTNAME="Silver"
DISPLAYNAME="Robert Silver"
COUNTRY="UNITED STATES"
PHONE="16035775760"
ALTPHONE="1"
FAX="1"
EMAIL="robert.silver@snhmc.org"
ACTIVESTATE="true"
PASSWORD="q7DrK22bW3lK94635"
BEEPER="1"
USERDATEFORMAT="DAY_MONTH_YEAR"
HOMESCREENURL="./Portal/default.htm"
USERMUSTRESETPASSWORD="TRUE"
PRODUCTLOCALE="en-US"
STUDYLOCALE="en-US"/>


<USER  USERNAME="abhargava"
USERTYPE="SITE"
FIRSTNAME="Anuj"
LASTNAME="Bhargava"
DISPLAYNAME="Anuj Bhargava"
COUNTRY="UNITED STATES"
PHONE="15156435122"
ALTPHONE="1"
FAX="1"
EMAIL="anuj.bhargava@iderc.org"
ACTIVESTATE="true"
PASSWORD="eD3mF13dJ47eW44868"
BEEPER="1"
USERDATEFORMAT="DAY_MONTH_YEAR"
HOMESCREENURL="./Portal/default.htm"
USERMUSTRESETPASSWORD="TRUE"
PRODUCTLOCALE="en-US"
STUDYLOCALE="en-US"/>


<USER  USERNAME="wgonzalez"
USERTYPE="SITE"
FIRSTNAME="Waleska"
LASTNAME="Gonzalez"
DISPLAYNAME="Waleska Gonzalez"
COUNTRY="UNITED STATES"
PHONE="17877215424"
ALTPHONE="1"
FAX="1"
EMAIL="wgonzalez@atcpr.com"
ACTIVESTATE="true"
PASSWORD="Z9nwO9cB98T8s4832"
BEEPER="1"
USERDATEFORMAT="DAY_MONTH_YEAR"
HOMESCREENURL="./Portal/default.htm"
USERMUSTRESETPASSWORD="TRUE"
PRODUCTLOCALE="en-US"
STUDYLOCALE="en-US"/>


<USER  USERNAME="ngarcia"
USERTYPE="SITE"
FIRSTNAME="Noemi"
LASTNAME="Garcia"
DISPLAYNAME="Noemi Garcia"
COUNTRY="UNITED STATES"
PHONE="17878541779"
ALTPHONE="1"
FAX="1"
EMAIL="noemigar52@gmail.com"
ACTIVESTATE="true"
PASSWORD="F2mB6sf7BvJ23622"
BEEPER="1"
USERDATEFORMAT="DAY_MONTH_YEAR"
HOMESCREENURL="./Portal/default.htm"
USERMUSTRESETPASSWORD="TRUE"
PRODUCTLOCALE="en-US"
STUDYLOCALE="en-US"/>


<USER  USERNAME="ksmith"
USERTYPE="SITE"
FIRSTNAME="Krystal"
LASTNAME="Smith"
DISPLAYNAME="Krystal Smith"
COUNTRY="UNITED STATES"
PHONE="17278494131"
ALTPHONE="1"
FAX="1"
EMAIL="ksmith@suncoastclinicalresearch.com"
ACTIVESTATE="true"
PASSWORD="rD7gH8jC2r82V8422"
BEEPER="1"
USERDATEFORMAT="DAY_MONTH_YEAR"
HOMESCREENURL="./Portal/default.htm"
USERMUSTRESETPASSWORD="TRUE"
PRODUCTLOCALE="en-US"
STUDYLOCALE="en-US"/>


<USER  USERNAME="lcohen"
USERTYPE="SITE"
FIRSTNAME="Lisa"
LASTNAME="Cohen"
DISPLAYNAME="Lisa Cohen"
COUNTRY="UNITED STATES"
PHONE="17278494131"
ALTPHONE="1"
FAX="1"
EMAIL="lcohen@suncoastclinicalresearch.com"
ACTIVESTATE="true"
PASSWORD="u9ErQ5pU8bT878386"
BEEPER="1"
USERDATEFORMAT="DAY_MONTH_YEAR"
HOMESCREENURL="./Portal/default.htm"
USERMUSTRESETPASSWORD="TRUE"
PRODUCTLOCALE="en-US"
STUDYLOCALE="en-US"/>


<USER  USERNAME="jpalacio"
USERTYPE="SITE"
FIRSTNAME="Jessica"
LASTNAME="Palacio"
DISPLAYNAME="Jessica Palacio"
COUNTRY="UNITED STATES"
PHONE="13052263933"
ALTPHONE="1"
FAX="1"
EMAIL="jpalacio@nhorizonresearch.com"
ACTIVESTATE="true"
PASSWORD="yT16R4orX10h72I6904"
BEEPER="1"
USERDATEFORMAT="DAY_MONTH_YEAR"
HOMESCREENURL="./Portal/default.htm"
USERMUSTRESETPASSWORD="TRUE"
PRODUCTLOCALE="en-US"
STUDYLOCALE="en-US"/>


<USER  USERNAME="dsmejdir"
USERTYPE="SITE"
FIRSTNAME="Debra"
LASTNAME="Smejdir"
DISPLAYNAME="Debra Smejdir"
COUNTRY="UNITED STATES"
PHONE="19725668631"
ALTPHONE="1"
FAX="1"
EMAIL="crc2@dallasdiabetes.com"
ACTIVESTATE="true"
PASSWORD="u1GuN9l63UqP499829"
BEEPER="1"
USERDATEFORMAT="DAY_MONTH_YEAR"
HOMESCREENURL="./Portal/default.htm"
USERMUSTRESETPASSWORD="TRUE"
PRODUCTLOCALE="en-US"
STUDYLOCALE="en-US"/>


<USER  USERNAME="jrosenstock"
USERTYPE="SITE"
FIRSTNAME="Julio"
LASTNAME="Rosenstock"
DISPLAYNAME="Julio Rosenstock"
COUNTRY="UNITED STATES"
PHONE="19725667799"
ALTPHONE="1"
FAX="1"
EMAIL="juliorosenstock@dallasdiabetes.com"
ACTIVESTATE="true"
PASSWORD="U7sjR60l51WcH542609"
BEEPER="1"
USERDATEFORMAT="DAY_MONTH_YEAR"
HOMESCREENURL="./Portal/default.htm"
USERMUSTRESETPASSWORD="TRUE"
PRODUCTLOCALE="en-US"
STUDYLOCALE="en-US"/>


<USER  USERNAME="dbailon"
USERTYPE="SITE"
FIRSTNAME="Denise"
LASTNAME="Bailon"
DISPLAYNAME="Denise Bailon"
COUNTRY="UNITED STATES"
PHONE="19156339387"
ALTPHONE="1"
FAX="1"
EMAIL="ep_research@hotmail.com"
ACTIVESTATE="true"
PASSWORD="mW16gT9k23Dy66X5596"
BEEPER="1"
USERDATEFORMAT="DAY_MONTH_YEAR"
HOMESCREENURL="./Portal/default.htm"
USERMUSTRESETPASSWORD="TRUE"
PRODUCTLOCALE="en-US"
STUDYLOCALE="en-US"/>


<USER  USERNAME="srovner"
USERTYPE="SITE"
FIRSTNAME="Sergio"
LASTNAME="Rovner"
DISPLAYNAME="Sergio Rovner"
COUNTRY="UNITED STATES"
PHONE="19156339387"
ALTPHONE="1"
FAX="1"
EMAIL="sergiorovner@hotmail.com"
ACTIVESTATE="true"
PASSWORD="A9txQ2S2dqW401399"
BEEPER="1"
USERDATEFORMAT="DAY_MONTH_YEAR"
HOMESCREENURL="./Portal/default.htm"
USERMUSTRESETPASSWORD="TRUE"
PRODUCTLOCALE="en-US"
STUDYLOCALE="en-US"/>


<USER  USERNAME="rgomez"
USERTYPE="SITE"
FIRSTNAME="Rosie"
LASTNAME="Gomez"
DISPLAYNAME="Rosie Gomez"
COUNTRY="UNITED STATES"
PHONE="12109490122"
ALTPHONE="1"
FAX="1"
EMAIL="rgomez@cttexas.com"
ACTIVESTATE="true"
PASSWORD="l92RlO4G1oh1T7101"
BEEPER="1"
USERDATEFORMAT="DAY_MONTH_YEAR"
HOMESCREENURL="./Portal/default.htm"
USERMUSTRESETPASSWORD="TRUE"
PRODUCTLOCALE="en-US"
STUDYLOCALE="en-US"/>


<USER  USERNAME="ddenham"
USERTYPE="SITE"
FIRSTNAME="Douglas"
LASTNAME="Denham"
DISPLAYNAME="Douglas Denham"
COUNTRY="UNITED STATES"
PHONE="12109490122"
ALTPHONE="1"
FAX="1"
EMAIL="ddenham@cttexas.com"
ACTIVESTATE="true"
PASSWORD="nE4e59RR9arM26189"
BEEPER="1"
USERDATEFORMAT="DAY_MONTH_YEAR"
HOMESCREENURL="./Portal/default.htm"
USERMUSTRESETPASSWORD="TRUE"
PRODUCTLOCALE="en-US"
STUDYLOCALE="en-US"/>


<USER  USERNAME="rberrios"
USERTYPE="SITE"
FIRSTNAME="Rosanna"
LASTNAME="Berrios"
DISPLAYNAME="Rosanna Berrios"
COUNTRY="UNITED STATES"
PHONE="17877215424"
ALTPHONE="1"
FAX="1"
EMAIL="rberrios@atcpr.com"
ACTIVESTATE="true"
PASSWORD="bF70L6dF8kzR75891"
BEEPER="1"
USERDATEFORMAT="DAY_MONTH_YEAR"
HOMESCREENURL="./Portal/default.htm"
USERMUSTRESETPASSWORD="TRUE"
PRODUCTLOCALE="en-US"
STUDYLOCALE="en-US"/>


<USER  USERNAME="apalmer"
USERTYPE="SITE"
FIRSTNAME="Amanda"
LASTNAME="Palmer"
DISPLAYNAME="Amanda Palmer"
COUNTRY="UNITED STATES"
PHONE="12109490122"
ALTPHONE="1"
FAX="1"
EMAIL="acpalmer@cttexas.com"
ACTIVESTATE="true"
PASSWORD="eY2tW7fK4jO75855"
BEEPER="1"
USERDATEFORMAT="DAY_MONTH_YEAR"
HOMESCREENURL="./Portal/default.htm"
USERMUSTRESETPASSWORD="TRUE"
PRODUCTLOCALE="en-US"
STUDYLOCALE="en-US"/>


<USER  USERNAME="rashby"
USERTYPE="SPONSOR"
FIRSTNAME="Rhayghen"
LASTNAME="Ashby"
DISPLAYNAME="Rhayghen Ashby"
COUNTRY="UNITED STATES"
PHONE="16157088119"
ALTPHONE="1"
FAX="1"
EMAIL="rhayghen.ashby@inventivhealth.com"
ACTIVESTATE="true"
PASSWORD="hV97s94IkQ1dI562326"
BEEPER="1"
USERDATEFORMAT="DAY_MONTH_YEAR"
HOMESCREENURL="./Portal/default.htm"
USERMUSTRESETPASSWORD="TRUE"
PRODUCTLOCALE="en-US"
STUDYLOCALE="en-US"/>


<USER  USERNAME="wzick"
USERTYPE="SPONSOR"
FIRSTNAME="Wenda"
LASTNAME="Zick"
DISPLAYNAME="Wenda Zick"
COUNTRY="UNITED STATES"
PHONE="13172772050"
ALTPHONE="1"
FAX="1"
EMAIL="zick_wenda_r@lilly.com"
ACTIVESTATE="true"
PASSWORD="t35AdW48S0ilM289805"
BEEPER="1"
USERDATEFORMAT="DAY_MONTH_YEAR"
HOMESCREENURL="./Portal/default.htm"
USERMUSTRESETPASSWORD="TRUE"
PRODUCTLOCALE="en-US"
STUDYLOCALE="en-US"/>


<USER  USERNAME="jspitler"
USERTYPE="SPONSOR"
FIRSTNAME="Jeremy"
LASTNAME="Spitler"
DISPLAYNAME="Jeremy Spitler"
COUNTRY="UNITED STATES"
PHONE="13176519701"
ALTPHONE="1"
FAX="1"
EMAIL="spitler_jeremy_t@lilly.com"
ACTIVESTATE="true"
PASSWORD="uT3a19LsI5wM24054"
BEEPER="1"
USERDATEFORMAT="DAY_MONTH_YEAR"
HOMESCREENURL="./Portal/default.htm"
USERMUSTRESETPASSWORD="TRUE"
PRODUCTLOCALE="en-US"
STUDYLOCALE="en-US"/>


<USER  USERNAME="wwatts"
USERTYPE="SPONSOR"
FIRSTNAME="William"
LASTNAME="Watts"
DISPLAYNAME="William Watts"
COUNTRY="UNITED STATES"
PHONE="13174337461"
ALTPHONE="1"
FAX="1"
EMAIL="watts_william@lilly.com"
ACTIVESTATE="true"
PASSWORD="i32BxI22X9arI256091"
BEEPER="1"
USERDATEFORMAT="DAY_MONTH_YEAR"
HOMESCREENURL="./Portal/default.htm"
USERMUSTRESETPASSWORD="TRUE"
PRODUCTLOCALE="en-US"
STUDYLOCALE="en-US"/>


<USER  USERNAME="dbetah"
USERTYPE="SPONSOR"
FIRSTNAME="Donald"
LASTNAME="Betah"
DISPLAYNAME="Donald Betah"
COUNTRY="UNITED STATES"
PHONE="13016626734"
ALTPHONE="1"
FAX="1"
EMAIL="donald.betah@quintiles.com"
ACTIVESTATE="true"
PASSWORD="hA1sE7zO49j61N6078"
BEEPER="1"
USERDATEFORMAT="DAY_MONTH_YEAR"
HOMESCREENURL="./Portal/default.htm"
USERMUSTRESETPASSWORD="TRUE"
PRODUCTLOCALE="en-US"
STUDYLOCALE="en-US"/>


<USER  USERNAME="ygomez"
USERTYPE="SITE"
FIRSTNAME="Yeline"
LASTNAME="Gomez"
DISPLAYNAME="Yeline Gomez"
COUNTRY="UNITED STATES"
PHONE="13052263933"
ALTPHONE="1"
FAX="1"
EMAIL="yelineg@nhorizonresearch.com"
ACTIVESTATE="true"
PASSWORD="w7QjH18sO41pY7829"
BEEPER="1"
USERDATEFORMAT="DAY_MONTH_YEAR"
HOMESCREENURL="./Portal/default.htm"
USERMUSTRESETPASSWORD="TRUE"
PRODUCTLOCALE="en-US"
STUDYLOCALE="en-US"/>


<USER  USERNAME="akersey"
USERTYPE="SITE"
FIRSTNAME="Angela"
LASTNAME="Kersey"
DISPLAYNAME="Angela Kersey"
COUNTRY="UNITED STATES"
PHONE="17278494131"
ALTPHONE="1"
FAX="1"
EMAIL="akersey@suncoastclinicalresearch.com"
ACTIVESTATE="true"
PASSWORD="fC72qL72sD7cD547125"
BEEPER="1"
USERDATEFORMAT="DAY_MONTH_YEAR"
HOMESCREENURL="./Portal/default.htm"
USERMUSTRESETPASSWORD="TRUE"
PRODUCTLOCALE="en-US"
STUDYLOCALE="en-US"/>


<USER  USERNAME="mhicks"
USERTYPE="SITE"
FIRSTNAME="Melissa"
LASTNAME="Hicks"
DISPLAYNAME="Melissa  Hicks"
COUNTRY="UNITED STATES"
PHONE="17278494131"
ALTPHONE="1"
FAX="1"
EMAIL="mhicks@suncoastclinicalresearch.com"
ACTIVESTATE="true"
PASSWORD="hD0hH3G2aw94J8951"
BEEPER="1"
USERDATEFORMAT="DAY_MONTH_YEAR"
HOMESCREENURL="./Portal/default.htm"
USERMUSTRESETPASSWORD="TRUE"
PRODUCTLOCALE="en-US"
STUDYLOCALE="en-US"/>


<USER  USERNAME="dsantiago"
USERTYPE="SITE"
FIRSTNAME="Daisy"
LASTNAME="Santiago"
DISPLAYNAME="Daisy  Santiago"
COUNTRY="UNITED STATES"
PHONE="17878541779"
ALTPHONE="1"
FAX="1"
EMAIL="daisysantiago00@gmail.com"
ACTIVESTATE="true"
PASSWORD="fT4s6XW6kiJ302632"
BEEPER="1"
USERDATEFORMAT="DAY_MONTH_YEAR"
HOMESCREENURL="./Portal/default.htm"
USERMUSTRESETPASSWORD="TRUE"
PRODUCTLOCALE="en-US"
STUDYLOCALE="en-US"/>


<USER  USERNAME="jsantiago"
USERTYPE="SITE"
FIRSTNAME="Jinna"
LASTNAME="Santiago"
DISPLAYNAME="Jinna Santiago"
COUNTRY="UNITED STATES"
PHONE="17878541779"
ALTPHONE="1"
FAX="1"
EMAIL="jinna.mccr@gmail.com"
ACTIVESTATE="true"
PASSWORD="dN31aH98lL39fW514767"
BEEPER="1"
USERDATEFORMAT="DAY_MONTH_YEAR"
HOMESCREENURL="./Portal/default.htm"
USERMUSTRESETPASSWORD="TRUE"
PRODUCTLOCALE="en-US"
STUDYLOCALE="en-US"/>


<USER  USERNAME="mrivera"
USERTYPE="SITE"
FIRSTNAME="Monica"
LASTNAME="Rivera"
DISPLAYNAME="Monica Rivera"
COUNTRY="UNITED STATES"
PHONE="17878541779"
ALTPHONE="1"
FAX="1"
EMAIL="monica.mccr@gmail.com"
ACTIVESTATE="true"
PASSWORD="oY3zL6d4Qi1I1163"
BEEPER="1"
USERDATEFORMAT="DAY_MONTH_YEAR"
HOMESCREENURL="./Portal/default.htm"
USERMUSTRESETPASSWORD="TRUE"
PRODUCTLOCALE="en-US"
STUDYLOCALE="en-US"/>


<USER  USERNAME="tfrye"
USERTYPE="SITE"
FIRSTNAME="Tamara"
LASTNAME="Frye"
DISPLAYNAME="Tamara Frye"
COUNTRY="UNITED STATES"
PHONE="13142518890"
ALTPHONE="1"
FAX="1"
EMAIL="tamara.frye@mercy.net"
ACTIVESTATE="true"
PASSWORD="aT6uI6f5Xg28J4200"
BEEPER="1"
USERDATEFORMAT="DAY_MONTH_YEAR"
HOMESCREENURL="./Portal/default.htm"
USERMUSTRESETPASSWORD="TRUE"
PRODUCTLOCALE="en-US"
STUDYLOCALE="en-US"/>


<USER  USERNAME="emaryas"
USERTYPE="SITE"
FIRSTNAME="Elizabeth"
LASTNAME="Maryas"
DISPLAYNAME="Elizabeth Maryas"
COUNTRY="UNITED STATES"
PHONE="13142518890"
ALTPHONE="1"
FAX="1"
EMAIL="Elizabeth.maryas@mercy.net"
ACTIVESTATE="true"
PASSWORD="wR0T6di6Ik9N2695"
BEEPER="1"
USERDATEFORMAT="DAY_MONTH_YEAR"
HOMESCREENURL="./Portal/default.htm"
USERMUSTRESETPASSWORD="TRUE"
PRODUCTLOCALE="en-US"
STUDYLOCALE="en-US"/>


<USER  USERNAME="c178030"
USERTYPE="SPONSOR"
FIRSTNAME="Lourdes"
LASTNAME="Taboada"
DISPLAYNAME="Lourdes Taboada"
COUNTRY="UNITED STATES"
PHONE="19106163855"
ALTPHONE="1"
FAX="1"
EMAIL="lourdes.taboada@quintiles.com"
ACTIVESTATE="true"
PASSWORD="a3MjS1dF14fS199567"
BEEPER="1"
USERDATEFORMAT="DAY_MONTH_YEAR"
HOMESCREENURL="./Portal/default.htm"
USERMUSTRESETPASSWORD="TRUE"
PRODUCTLOCALE="en-US"
STUDYLOCALE="en-US"/>


<USER  USERNAME="mcollver"
USERTYPE="SITE"
FIRSTNAME="Michelle"
LASTNAME="Collver"
DISPLAYNAME="Michelle Collver"
COUNTRY="UNITED STATES"
PHONE="15093423185"
ALTPHONE="1"
FAX="1"
EMAIL="mcollver@rockwoodclinic.com"
ACTIVESTATE="true"
PASSWORD="vX65rG6Y0ckM219113"
BEEPER="1"
USERDATEFORMAT="DAY_MONTH_YEAR"
HOMESCREENURL="./Portal/default.htm"
USERMUSTRESETPASSWORD="TRUE"
PRODUCTLOCALE="en-US"
STUDYLOCALE="en-US"/>


<USER  USERNAME="swillis"
USERTYPE="SITE"
FIRSTNAME="Stephen"
LASTNAME="Willis"
DISPLAYNAME="Stephen Willis"
COUNTRY="UNITED STATES"
PHONE="15097556530"
ALTPHONE="1"
FAX="1"
EMAIL="swillis@rockwoodclinic.com"
ACTIVESTATE="true"
PASSWORD="w68Lh5OsP4sP74880"
BEEPER="1"
USERDATEFORMAT="DAY_MONTH_YEAR"
HOMESCREENURL="./Portal/default.htm"
USERMUSTRESETPASSWORD="TRUE"
PRODUCTLOCALE="en-US"
STUDYLOCALE="en-US"/>


<USER  USERNAME="svalenti"
USERTYPE="SITE"
FIRSTNAME="Sharon"
LASTNAME="Valenti"
DISPLAYNAME="Sharon Valenti"
COUNTRY="UNITED STATES"
PHONE="13154795070"
ALTPHONE="1"
FAX="1"
EMAIL="sharonvalenti@iacny.com"
ACTIVESTATE="true"
PASSWORD="O3jv54OgK2hM13362"
BEEPER="1"
USERDATEFORMAT="DAY_MONTH_YEAR"
HOMESCREENURL="./Portal/default.htm"
USERMUSTRESETPASSWORD="TRUE"
PRODUCTLOCALE="en-US"
STUDYLOCALE="en-US"/>


<USER  USERNAME="lfrazee"
USERTYPE="SITE"
FIRSTNAME="Linda"
LASTNAME="Frazee"
DISPLAYNAME="Linda Frazee"
COUNTRY="UNITED STATES"
PHONE="17853680733"
ALTPHONE="1"
FAX="1"
EMAIL="lifrazee@stormontvail.org"
ACTIVESTATE="true"
PASSWORD="bS8Z5zzK59rE614559"
BEEPER="1"
USERDATEFORMAT="DAY_MONTH_YEAR"
HOMESCREENURL="./Portal/default.htm"
USERMUSTRESETPASSWORD="TRUE"
PRODUCTLOCALE="en-US"
STUDYLOCALE="en-US"/>


<USER  USERNAME="bmanning"
USERTYPE="SITE"
FIRSTNAME="Barbara"
LASTNAME="Manning"
DISPLAYNAME="Barbara Manning"
COUNTRY="UNITED STATES"
PHONE="17278494131"
ALTPHONE="1"
FAX="1"
EMAIL="bmanning@suncoastclinicalresearch.com"
ACTIVESTATE="true"
PASSWORD="O8utG1yH22r6L6064"
BEEPER="1"
USERDATEFORMAT="DAY_MONTH_YEAR"
HOMESCREENURL="./Portal/default.htm"
USERMUSTRESETPASSWORD="TRUE"
PRODUCTLOCALE="en-US"
STUDYLOCALE="en-US"/>


<USER  USERNAME="yrodriguez"
USERTYPE="SITE"
FIRSTNAME="Yolanda"
LASTNAME="Rodriguez"
DISPLAYNAME="Yolanda Rodriguez"
COUNTRY="UNITED STATES"
PHONE="13052263933"
ALTPHONE="1"
FAX="1"
EMAIL="yolanda@nhorizonresearch.com"
ACTIVESTATE="true"
PASSWORD="oK8j31Bc1AjL914545"
BEEPER="1"
USERDATEFORMAT="DAY_MONTH_YEAR"
HOMESCREENURL="./Portal/default.htm"
USERMUSTRESETPASSWORD="TRUE"
PRODUCTLOCALE="en-US"
STUDYLOCALE="en-US"/>


<USER  USERNAME="jharbison"
USERTYPE="SITE"
FIRSTNAME="Judy"
LASTNAME="Harbison"
DISPLAYNAME="Judy Harbison"
COUNTRY="UNITED STATES"
PHONE="19256878860"
ALTPHONE="1"
FAX="1"
EMAIL="judy.harbison@johnmuirhealth.com"
ACTIVESTATE="true"
PASSWORD="cR8j3PaT18jB773336"
BEEPER="1"
USERDATEFORMAT="DAY_MONTH_YEAR"
HOMESCREENURL="./Portal/default.htm"
USERMUSTRESETPASSWORD="TRUE"
PRODUCTLOCALE="en-US"
STUDYLOCALE="en-US"/>


<USER  USERNAME="z2x6036"
USERTYPE="SPONSOR"
FIRSTNAME="Edna"
LASTNAME="Vazquez"
DISPLAYNAME="Edna Vazquez"
COUNTRY="UNITED STATES"
PHONE="17879004266"
ALTPHONE="1"
FAX="1"
EMAIL="edna.vazquez@quintiles.com"
ACTIVESTATE="true"
PASSWORD="zQ9c6QqS91w82X1717"
BEEPER="1"
USERDATEFORMAT="DAY_MONTH_YEAR"
HOMESCREENURL="./Portal/default.htm"
USERMUSTRESETPASSWORD="TRUE"
PRODUCTLOCALE="en-US"
STUDYLOCALE="en-US"/>


<USER  USERNAME="z3x1553"
USERTYPE="SPONSOR"
FIRSTNAME="Shanna"
LASTNAME="Dodd"
DISPLAYNAME="Shanna Dodd"
COUNTRY="UNITED STATES"
PHONE="17025869746"
ALTPHONE="1"
FAX="1"
EMAIL="shanna.dodd@quintiles.com"
ACTIVESTATE="true"
PASSWORD="sD12f66ExV97Y8p7049"
BEEPER="1"
USERDATEFORMAT="DAY_MONTH_YEAR"
HOMESCREENURL="./Portal/default.htm"
USERMUSTRESETPASSWORD="TRUE"
PRODUCTLOCALE="en-US"
STUDYLOCALE="en-US"/>


<USER  USERNAME="Z2X8990"
USERTYPE="SPONSOR"
FIRSTNAME="Frances"
LASTNAME="Powers"
DISPLAYNAME="Frances Powers"
COUNTRY="UNITED STATES"
PHONE="12677228778"
ALTPHONE="1"
FAX="1"
EMAIL="frances.powers@quintiles.com"
ACTIVESTATE="true"
PASSWORD="pW90kZ89zI82rH736691"
BEEPER="1"
USERDATEFORMAT="DAY_MONTH_YEAR"
HOMESCREENURL="./Portal/default.htm"
USERMUSTRESETPASSWORD="TRUE"
PRODUCTLOCALE="en-US"
STUDYLOCALE="en-US"/>


<USER  USERNAME="z1x2084"
USERTYPE="SPONSOR"
FIRSTNAME="David"
LASTNAME="Helms"
DISPLAYNAME="David Helms"
COUNTRY="UNITED STATES"
PHONE="19105752509"
ALTPHONE="1"
FAX="1"
EMAIL="David.Helms@quintiles.com"
ACTIVESTATE="true"
PASSWORD="fC6wU58jL24T2m4580"
BEEPER="1"
USERDATEFORMAT="DAY_MONTH_YEAR"
HOMESCREENURL="./Portal/default.htm"
USERMUSTRESETPASSWORD="TRUE"
PRODUCTLOCALE="en-US"
STUDYLOCALE="en-US"/>


<USER  USERNAME="z1x2093"
USERTYPE="SPONSOR"
FIRSTNAME="Victor"
LASTNAME="Rivera"
DISPLAYNAME="Victor Rivera"
COUNTRY="UNITED STATES"
PHONE="17879125895"
ALTPHONE="1"
FAX="1"
EMAIL="Victor.RiveraMilian@quintiles.com"
ACTIVESTATE="true"
PASSWORD="O9vf2HhY97D7l4223"
BEEPER="1"
USERDATEFORMAT="DAY_MONTH_YEAR"
HOMESCREENURL="./Portal/default.htm"
USERMUSTRESETPASSWORD="TRUE"
PRODUCTLOCALE="en-US"
STUDYLOCALE="en-US"/>


<USER  USERNAME="z1x2570"
USERTYPE="SPONSOR"
FIRSTNAME="Jackuelynn"
LASTNAME="Christel"
DISPLAYNAME="Jackuelynn Christel"
COUNTRY="UNITED STATES"
PHONE="12532222268"
ALTPHONE="1"
FAX="1"
EMAIL="jackuelynn.christel@quintiles.com"
ACTIVESTATE="true"
PASSWORD="H8zz1Bb2Zi88N6875"
BEEPER="1"
USERDATEFORMAT="DAY_MONTH_YEAR"
HOMESCREENURL="./Portal/default.htm"
USERMUSTRESETPASSWORD="TRUE"
PRODUCTLOCALE="en-US"
STUDYLOCALE="en-US"/>


<USER  USERNAME="z1x0687"
USERTYPE="SPONSOR"
FIRSTNAME="Karen"
LASTNAME="Mast"
DISPLAYNAME="Karen Mast"
COUNTRY="UNITED STATES"
PHONE="12813740514"
ALTPHONE="1"
FAX="1"
EMAIL="Karen.Mast@quintiles.com"
ACTIVESTATE="true"
PASSWORD="tP9x0Sb0Lj24A2924"
BEEPER="1"
USERDATEFORMAT="DAY_MONTH_YEAR"
HOMESCREENURL="./Portal/default.htm"
USERMUSTRESETPASSWORD="TRUE"
PRODUCTLOCALE="en-US"
STUDYLOCALE="en-US"/>


<USER  USERNAME="z1x2605"
USERTYPE="SPONSOR"
FIRSTNAME="Vamsi"
LASTNAME="Gottimukkala"
DISPLAYNAME="Vamsi Gottimukkala"
COUNTRY="UNITED STATES"
PHONE="12159215134"
ALTPHONE="1"
FAX="1"
EMAIL="Vamsi.Gottimukkala@Quintiles.com"
ACTIVESTATE="true"
PASSWORD="y65DqA6wA6eL776622"
BEEPER="1"
USERDATEFORMAT="DAY_MONTH_YEAR"
HOMESCREENURL="./Portal/default.htm"
USERMUSTRESETPASSWORD="TRUE"
PRODUCTLOCALE="en-US"
STUDYLOCALE="en-US"/>


<USER  USERNAME="z1x1981"
USERTYPE="SPONSOR"
FIRSTNAME="Amanda"
LASTNAME="Roepke"
DISPLAYNAME="Amanda Roepke"
COUNTRY="UNITED STATES"
PHONE="19105096010"
ALTPHONE="1"
FAX="1"
EMAIL="Amanda.Roepke@quintiles.com"
ACTIVESTATE="true"
PASSWORD="qO83k93IwK4lD559596"
BEEPER="1"
USERDATEFORMAT="DAY_MONTH_YEAR"
HOMESCREENURL="./Portal/default.htm"
USERMUSTRESETPASSWORD="TRUE"
PRODUCTLOCALE="en-US"
STUDYLOCALE="en-US"/>


<USER  USERNAME="z1x1972"
USERTYPE="SPONSOR"
FIRSTNAME="Angela"
LASTNAME="Minn"
DISPLAYNAME="Angela Minn"
COUNTRY="UNITED STATES"
PHONE="19108210239"
ALTPHONE="1"
FAX="1"
EMAIL="Angela.Minn@quintiles.com"
ACTIVESTATE="true"
PASSWORD="hH33x3LF5cV6j4461"
BEEPER="1"
USERDATEFORMAT="DAY_MONTH_YEAR"
HOMESCREENURL="./Portal/default.htm"
USERMUSTRESETPASSWORD="TRUE"
PRODUCTLOCALE="en-US"
STUDYLOCALE="en-US"/>


<USER  USERNAME="z3x1326"
USERTYPE="SPONSOR"
FIRSTNAME="Ashley"
LASTNAME="Morgan"
DISPLAYNAME="Ashley Morgan"
COUNTRY="UNITED STATES"
PHONE="19199981700"
ALTPHONE="1"
FAX="1"
EMAIL="ashley.morgan@quintiles.com"
ACTIVESTATE="true"
PASSWORD="dN4W1okA53bM617127"
BEEPER="1"
USERDATEFORMAT="DAY_MONTH_YEAR"
HOMESCREENURL="./Portal/default.htm"
USERMUSTRESETPASSWORD="TRUE"
PRODUCTLOCALE="en-US"
STUDYLOCALE="en-US"/>


<USER  USERNAME="z3x0688"
USERTYPE="SPONSOR"
FIRSTNAME="Jacob"
LASTNAME="King"
DISPLAYNAME="Jacob King"
COUNTRY="UNITED STATES"
PHONE="19199981860"
ALTPHONE="1"
FAX="1"
EMAIL="jacob.king@quintiles.com"
ACTIVESTATE="true"
PASSWORD="X2jF3wX8if75P9485"
BEEPER="1"
USERDATEFORMAT="DAY_MONTH_YEAR"
HOMESCREENURL="./Portal/default.htm"
USERMUSTRESETPASSWORD="TRUE"
PRODUCTLOCALE="en-US"
STUDYLOCALE="en-US"/>


<USER  USERNAME="z2x1279"
USERTYPE="SPONSOR"
FIRSTNAME="Katie"
LASTNAME="Keinath"
DISPLAYNAME="Katie Keinath"
COUNTRY="UNITED STATES"
PHONE="19105096019"
ALTPHONE="1"
FAX="1"
EMAIL="Katie.Chapman@quintiles.com"
ACTIVESTATE="true"
PASSWORD="qL5zZ6dG5dT49780"
BEEPER="1"
USERDATEFORMAT="DAY_MONTH_YEAR"
HOMESCREENURL="./Portal/default.htm"
USERMUSTRESETPASSWORD="TRUE"
PRODUCTLOCALE="en-US"
STUDYLOCALE="en-US"/>


<USER  USERNAME="z3x1758"
USERTYPE="SPONSOR"
FIRSTNAME="Keaton"
LASTNAME="Hanselman"
DISPLAYNAME="Keaton Hanselman"
COUNTRY="UNITED STATES"
PHONE="19199982841"
ALTPHONE="1"
FAX="1"
EMAIL="keaton.hanselman@quintiles.com"
ACTIVESTATE="true"
PASSWORD="mN3R2epM92O5t4337"
BEEPER="1"
USERDATEFORMAT="DAY_MONTH_YEAR"
HOMESCREENURL="./Portal/default.htm"
USERMUSTRESETPASSWORD="TRUE"
PRODUCTLOCALE="en-US"
STUDYLOCALE="en-US"/>


<USER  USERNAME="z2x7035"
USERTYPE="SPONSOR"
FIRSTNAME="Meghan"
LASTNAME="MacDonald"
DISPLAYNAME="Meghan MacDonald"
COUNTRY="UNITED STATES"
PHONE="19199982704"
ALTPHONE="1"
FAX="1"
EMAIL="meghan.macdonald@quintiles.com"
ACTIVESTATE="true"
PASSWORD="rS9c0TtP3c30R2225"
BEEPER="1"
USERDATEFORMAT="DAY_MONTH_YEAR"
HOMESCREENURL="./Portal/default.htm"
USERMUSTRESETPASSWORD="TRUE"
PRODUCTLOCALE="en-US"
STUDYLOCALE="en-US"/>


<USER  USERNAME="z2x7248"
USERTYPE="SPONSOR"
FIRSTNAME="Shaleea"
LASTNAME="Bond"
DISPLAYNAME="Shaleea Bond"
COUNTRY="UNITED STATES"
PHONE="19199982821"
ALTPHONE="1"
FAX="1"
EMAIL="shaleea.bond@quintiles.com"
ACTIVESTATE="true"
PASSWORD="gY1E4sf63FmE03966"
BEEPER="1"
USERDATEFORMAT="DAY_MONTH_YEAR"
HOMESCREENURL="./Portal/default.htm"
USERMUSTRESETPASSWORD="TRUE"
PRODUCTLOCALE="en-US"
STUDYLOCALE="en-US"/>


<USER  USERNAME="Z3X3125"
USERTYPE="SPONSOR"
FIRSTNAME="Shawn"
LASTNAME="Smekal"
DISPLAYNAME="Shawn Smekal"
COUNTRY="UNITED STATES"
PHONE="19194253099"
ALTPHONE="1"
FAX="1"
EMAIL="Shawn.Smekal@quintiles.com"
ACTIVESTATE="true"
PASSWORD="uI2x4Bg6Bz3A9039"
BEEPER="1"
USERDATEFORMAT="DAY_MONTH_YEAR"
HOMESCREENURL="./Portal/default.htm"
USERMUSTRESETPASSWORD="TRUE"
PRODUCTLOCALE="en-US"
STUDYLOCALE="en-US"/>


<USER  USERNAME="sbanik"
USERTYPE="SITE"
FIRSTNAME="Sumona"
LASTNAME="Banik"
DISPLAYNAME="Sumona Banik"
COUNTRY="UNITED STATES"
PHONE="16782053456"
ALTPHONE="1"
FAX="1"
EMAIL="sumona.banikcrc@gmail.com"
ACTIVESTATE="true"
PASSWORD="h5PvM3V0et79O9399"
BEEPER="1"
USERDATEFORMAT="DAY_MONTH_YEAR"
HOMESCREENURL="./Portal/default.htm"
USERMUSTRESETPASSWORD="TRUE"
PRODUCTLOCALE="en-US"
STUDYLOCALE="en-US"/>


<USER  USERNAME="deagerton"
USERTYPE="SITE"
FIRSTNAME="Donald"
LASTNAME="Eagerton"
DISPLAYNAME="Donald Eagerton"
COUNTRY="UNITED STATES"
PHONE="18434975929"
ALTPHONE="1"
FAX="1"
EMAIL="dceagerton@aol.com"
ACTIVESTATE="true"
PASSWORD="fD5l19JiV5g4V1635"
BEEPER="1"
USERDATEFORMAT="DAY_MONTH_YEAR"
HOMESCREENURL="./Portal/default.htm"
USERMUSTRESETPASSWORD="TRUE"
PRODUCTLOCALE="en-US"
STUDYLOCALE="en-US"/>


<USER  USERNAME="iross"
USERTYPE="SITE"
FIRSTNAME="Irena"
LASTNAME="Ross"
DISPLAYNAME="Irena Ross"
COUNTRY="UNITED STATES"
PHONE="18434975929"
ALTPHONE="1"
FAX="1"
EMAIL="iross@carolina-health.com"
ACTIVESTATE="true"
PASSWORD="d8XoN1lF32pS75215"
BEEPER="1"
USERDATEFORMAT="DAY_MONTH_YEAR"
HOMESCREENURL="./Portal/default.htm"
USERMUSTRESETPASSWORD="TRUE"
PRODUCTLOCALE="en-US"
STUDYLOCALE="en-US"/>


<USER  USERNAME="snakhle"
USERTYPE="SITE"
FIRSTNAME="Samer"
LASTNAME="Nakhle"
DISPLAYNAME="Samer Nakhle"
COUNTRY="UNITED STATES"
PHONE="17027365161"
ALTPHONE="1"
FAX="1"
EMAIL="snakhle@palmmedicalresearch.com"
ACTIVESTATE="true"
PASSWORD="qF4nU6iM51hP101412"
BEEPER="1"
USERDATEFORMAT="DAY_MONTH_YEAR"
HOMESCREENURL="./Portal/default.htm"
USERMUSTRESETPASSWORD="TRUE"
PRODUCTLOCALE="en-US"
STUDYLOCALE="en-US"/>


<USER  USERNAME="cgarcia"
USERTYPE="SITE"
FIRSTNAME="Candice"
LASTNAME="Garcia"
DISPLAYNAME="Candice Garcia"
COUNTRY="UNITED STATES"
PHONE="17027365161"
ALTPHONE="1"
FAX="1"
EMAIL="candice@palmmedicalresearch.com"
ACTIVESTATE="true"
PASSWORD="cQ35A6hiP44zX08632"
BEEPER="1"
USERDATEFORMAT="DAY_MONTH_YEAR"
HOMESCREENURL="./Portal/default.htm"
USERMUSTRESETPASSWORD="TRUE"
PRODUCTLOCALE="en-US"
STUDYLOCALE="en-US"/>


<USER  USERNAME="achang"
USERTYPE="SITE"
FIRSTNAME="Anna"
LASTNAME="Chang"
DISPLAYNAME="Anna Chang"
COUNTRY="UNITED STATES"
PHONE="19256878860"
ALTPHONE="1"
FAX="1"
EMAIL="anna.chang_md@johnmuirhealth.com"
ACTIVESTATE="true"
PASSWORD="lG24n36NiC7qH588360"
BEEPER="1"
USERDATEFORMAT="DAY_MONTH_YEAR"
HOMESCREENURL="./Portal/default.htm"
USERMUSTRESETPASSWORD="TRUE"
PRODUCTLOCALE="en-US"
STUDYLOCALE="en-US"/>


<USER  USERNAME="cpaulson"
USERTYPE="SITE"
FIRSTNAME="Carolyn"
LASTNAME="Paulson"
DISPLAYNAME="Carolyn Paulson"
COUNTRY="UNITED STATES"
PHONE="19256878860"
ALTPHONE="1"
FAX="1"
EMAIL="carolyn.paulson@johnmuirhealth.com"
ACTIVESTATE="true"
PASSWORD="aF86vM34I2jyC202658"
BEEPER="1"
USERDATEFORMAT="DAY_MONTH_YEAR"
HOMESCREENURL="./Portal/default.htm"
USERMUSTRESETPASSWORD="TRUE"
PRODUCTLOCALE="en-US"
STUDYLOCALE="en-US"/>


<USER  USERNAME="gmatfin"
USERTYPE="SITE"
FIRSTNAME="Glenn"
LASTNAME="Matfin"
DISPLAYNAME="Glenn Matfin"
COUNTRY="UNITED STATES"
PHONE="19529933500"
ALTPHONE="1"
FAX="1"
EMAIL="glenn.matfin@parknicollet.com"
ACTIVESTATE="true"
PASSWORD="G2weO11U3btX716855"
BEEPER="1"
USERDATEFORMAT="DAY_MONTH_YEAR"
HOMESCREENURL="./Portal/default.htm"
USERMUSTRESETPASSWORD="TRUE"
PRODUCTLOCALE="en-US"
STUDYLOCALE="en-US"/>


<USER  USERNAME="dstoffels"
USERTYPE="SITE"
FIRSTNAME="Dawn"
LASTNAME="Stoffels"
DISPLAYNAME="Dawn Stoffels"
COUNTRY="UNITED STATES"
PHONE="19529930955"
ALTPHONE="1"
FAX="1"
EMAIL="dawn.stoffels@parknicollet.com"
ACTIVESTATE="true"
PASSWORD="yD3mR8G4mlS31153"
BEEPER="1"
USERDATEFORMAT="DAY_MONTH_YEAR"
HOMESCREENURL="./Portal/default.htm"
USERMUSTRESETPASSWORD="TRUE"
PRODUCTLOCALE="en-US"
STUDYLOCALE="en-US"/>


<USER  USERNAME="rpratley"
USERTYPE="SITE"
FIRSTNAME="Richard"
LASTNAME="Pratley"
DISPLAYNAME="Richard Pratley"
COUNTRY="UNITED STATES"
PHONE="14073032519"
ALTPHONE="1"
FAX="1"
EMAIL="richard.pratley@flhosp.org"
ACTIVESTATE="true"
PASSWORD="e55EN5aoL24h1F8373"
BEEPER="1"
USERDATEFORMAT="DAY_MONTH_YEAR"
HOMESCREENURL="./Portal/default.htm"
USERMUSTRESETPASSWORD="TRUE"
PRODUCTLOCALE="en-US"
STUDYLOCALE="en-US"/>


<USER  USERNAME="jstein"
USERTYPE="SITE"
FIRSTNAME="Jennifer"
LASTNAME="Stein"
DISPLAYNAME="Jennifer Stein"
COUNTRY="UNITED STATES"
PHONE="14073037122"
ALTPHONE="1"
FAX="1"
EMAIL="jennifer.stein@flhosp.org"
ACTIVESTATE="true"
PASSWORD="tI5lL8h71WtQ805386"
BEEPER="1"
USERDATEFORMAT="DAY_MONTH_YEAR"
HOMESCREENURL="./Portal/default.htm"
USERMUSTRESETPASSWORD="TRUE"
PRODUCTLOCALE="en-US"
STUDYLOCALE="en-US"/>


<USER  USERNAME="fmiranda"
USERTYPE="SITE"
FIRSTNAME="Francisco"
LASTNAME="Miranda"
DISPLAYNAME="Francisco Miranda"
COUNTRY="UNITED STATES"
PHONE="13052263933"
ALTPHONE="1"
FAX="1"
EMAIL="fmiranda@nhorizonresearch.com"
ACTIVESTATE="true"
PASSWORD="xM61g69MlP61yQ416868"
BEEPER="1"
USERDATEFORMAT="DAY_MONTH_YEAR"
HOMESCREENURL="./Portal/default.htm"
USERMUSTRESETPASSWORD="TRUE"
PRODUCTLOCALE="en-US"
STUDYLOCALE="en-US"/>


<USER  USERNAME="coder_query"
USERTYPE="SPONSOR"
FIRSTNAME="Coder"
LASTNAME="Query"
DISPLAYNAME="Coder Query"
COUNTRY="UNITED STATES"
PHONE="11"
ALTPHONE="1"
FAX="1"
EMAIL="talley_dorothea_d@lilly.com"
ACTIVESTATE="true"
PASSWORD="aB29vM0sS6uF549227"
BEEPER="1"
USERDATEFORMAT="DAY_MONTH_YEAR"
HOMESCREENURL="./Portal/default.htm"
USERMUSTRESETPASSWORD="TRUE"
PRODUCTLOCALE="en-US"
STUDYLOCALE="en-US"/>


<USER  USERNAME="f3zmcioql_RE"
USERTYPE="SPONSOR"
FIRSTNAME="Report"
LASTNAME="Extractor"
DISPLAYNAME="RE"
COUNTRY="UNITED STATES"
PHONE="11"
ALTPHONE="1"
FAX="1"
EMAIL="satish.bantanahal@oracle.com"
ACTIVESTATE="true"
PASSWORD="s1ObP7q95NyK183847"
BEEPER="1"
USERDATEFORMAT="DAY_MONTH_YEAR"
HOMESCREENURL="./Portal/default.htm"
USERMUSTRESETPASSWORD="TRUE"
PRODUCTLOCALE="en-US"
STUDYLOCALE="en-US"/>


<USER  USERNAME="lspector"
USERTYPE="SITE"
FIRSTNAME="Linda"
LASTNAME="Spector"
DISPLAYNAME="Linda Spector"
COUNTRY="UNITED STATES"
PHONE="16035775760"
ALTPHONE="1"
FAX="1"
EMAIL="linda.spector@snhhs.org"
ACTIVESTATE="true"
PASSWORD="eK9t61Xt18UmA62534"
BEEPER="1"
USERDATEFORMAT="DAY_MONTH_YEAR"
HOMESCREENURL="./Portal/default.htm"
USERMUSTRESETPASSWORD="TRUE"
PRODUCTLOCALE="en-US"
STUDYLOCALE="en-US"/>


<USER  USERNAME="jclyatt"
USERTYPE="SITE"
FIRSTNAME="Julie"
LASTNAME="Clyatt"
DISPLAYNAME="Julie Clyatt"
COUNTRY="UNITED STATES"
PHONE="14073037122"
ALTPHONE="1"
FAX="1"
EMAIL="julie.clyatt@flhosp.org"
ACTIVESTATE="true"
PASSWORD="hJ57pS67h25ZdV206731"
BEEPER="1"
USERDATEFORMAT="DAY_MONTH_YEAR"
HOMESCREENURL="./Portal/default.htm"
USERMUSTRESETPASSWORD="TRUE"
PRODUCTLOCALE="en-US"
STUDYLOCALE="en-US"/>


<USER  USERNAME="z1x1824"
USERTYPE="SPONSOR"
FIRSTNAME="Peggy"
LASTNAME="Muffley"
DISPLAYNAME="Peggy Muffley"
COUNTRY="UNITED STATES"
PHONE="17166628061"
ALTPHONE="1"
FAX="1"
EMAIL="Peggy.Muffley@Quintiles.com"
ACTIVESTATE="true"
PASSWORD="nS70xX5m11PG9z298"
BEEPER="1"
USERDATEFORMAT="DAY_MONTH_YEAR"
HOMESCREENURL="./Portal/default.htm"
USERMUSTRESETPASSWORD="TRUE"
PRODUCTLOCALE="en-US"
STUDYLOCALE="en-US"/>


<USER  USERNAME="z2x5386"
USERTYPE="SPONSOR"
FIRSTNAME="Tina"
LASTNAME="Buckley"
DISPLAYNAME="Tina Buckley"
COUNTRY="UNITED STATES"
PHONE="19787331924"
ALTPHONE="1"
FAX="1"
EMAIL="tina.buckley@quintiles.com"
ACTIVESTATE="true"
PASSWORD="rW4uU79jD5lD182062"
BEEPER="1"
USERDATEFORMAT="DAY_MONTH_YEAR"
HOMESCREENURL="./Portal/default.htm"
USERMUSTRESETPASSWORD="TRUE"
PRODUCTLOCALE="en-US"
STUDYLOCALE="en-US"/>


<USER  USERNAME="z2x5307"
USERTYPE="SPONSOR"
FIRSTNAME="Raymond"
LASTNAME="Boyd"
DISPLAYNAME="Raymond Boyd"
COUNTRY="UNITED STATES"
PHONE="16783542982"
ALTPHONE="1"
FAX="1"
EMAIL="raymond.boyd@quintiles.com"
ACTIVESTATE="true"
PASSWORD="kR5pT23sZ2pH22308"
BEEPER="1"
USERDATEFORMAT="DAY_MONTH_YEAR"
HOMESCREENURL="./Portal/default.htm"
USERMUSTRESETPASSWORD="TRUE"
PRODUCTLOCALE="en-US"
STUDYLOCALE="en-US"/>


<USER  USERNAME="z1x1974"
USERTYPE="SPONSOR"
FIRSTNAME="Daniela"
LASTNAME="Alabaci"
DISPLAYNAME="Daniela Alabaci"
COUNTRY="UNITED STATES"
PHONE="17863147113"
ALTPHONE="1"
FAX="1"
EMAIL="daniela.alabaci@Quintiles.com"
ACTIVESTATE="true"
PASSWORD="p69Tt1KmZ3wY1420"
BEEPER="1"
USERDATEFORMAT="DAY_MONTH_YEAR"
HOMESCREENURL="./Portal/default.htm"
USERMUSTRESETPASSWORD="TRUE"
PRODUCTLOCALE="en-US"
STUDYLOCALE="en-US"/>


<USER  USERNAME="z1x1691"
USERTYPE="SPONSOR"
FIRSTNAME="Ana"
LASTNAME="Santos"
DISPLAYNAME="Ana Santos"
COUNTRY="UNITED STATES"
PHONE="14076888324"
ALTPHONE="1"
FAX="1"
EMAIL="Ana.Santos@quintiles.com"
ACTIVESTATE="true"
PASSWORD="rH3p16DX7vzF132778"
BEEPER="1"
USERDATEFORMAT="DAY_MONTH_YEAR"
HOMESCREENURL="./Portal/default.htm"
USERMUSTRESETPASSWORD="TRUE"
PRODUCTLOCALE="en-US"
STUDYLOCALE="en-US"/>


<USER  USERNAME="z1x1849"
USERTYPE="SPONSOR"
FIRSTNAME="Penny"
LASTNAME="Hunter"
DISPLAYNAME="Penny Hunter"
COUNTRY="UNITED STATES"
PHONE="13178972238"
ALTPHONE="1"
FAX="1"
EMAIL="Penny.Hunter@Quintiles.com"
ACTIVESTATE="true"
PASSWORD="wT6c35Ov0GD3q9266"
BEEPER="1"
USERDATEFORMAT="DAY_MONTH_YEAR"
HOMESCREENURL="./Portal/default.htm"
USERMUSTRESETPASSWORD="TRUE"
PRODUCTLOCALE="en-US"
STUDYLOCALE="en-US"/>


<USER  USERNAME="z2x3652"
USERTYPE="SPONSOR"
FIRSTNAME="Darrick"
LASTNAME="Lewis"
DISPLAYNAME="Darrick Lewis"
COUNTRY="UNITED STATES"
PHONE="18163089617"
ALTPHONE="1"
FAX="1"
EMAIL="darrick.lewis@quintiles.com"
ACTIVESTATE="true"
PASSWORD="rX4dP3dM5o46V206"
BEEPER="1"
USERDATEFORMAT="DAY_MONTH_YEAR"
HOMESCREENURL="./Portal/default.htm"
USERMUSTRESETPASSWORD="TRUE"
PRODUCTLOCALE="en-US"
STUDYLOCALE="en-US"/>


<USER  USERNAME="z1x1836"
USERTYPE="SPONSOR"
FIRSTNAME="Linda"
LASTNAME="VonBurg"
DISPLAYNAME="Linda VonBurg"
COUNTRY="UNITED STATES"
PHONE="16185944367"
ALTPHONE="1"
FAX="1"
EMAIL="Linda.VonBurg@Quintiles.com"
ACTIVESTATE="true"
PASSWORD="oI75uM29V4etT361082"
BEEPER="1"
USERDATEFORMAT="DAY_MONTH_YEAR"
HOMESCREENURL="./Portal/default.htm"
USERMUSTRESETPASSWORD="TRUE"
PRODUCTLOCALE="en-US"
STUDYLOCALE="en-US"/>


<USER  USERNAME="z2x7948"
USERTYPE="SPONSOR"
FIRSTNAME="Tracy"
LASTNAME="Shoemaker"
DISPLAYNAME="Tracy Shoemaker"
COUNTRY="UNITED STATES"
PHONE="17275251462"
ALTPHONE="1"
FAX="1"
EMAIL="Tracy.Shoemaker@quintiles.com"
ACTIVESTATE="true"
PASSWORD="i1Gy1TsU0f87J2365"
BEEPER="1"
USERDATEFORMAT="DAY_MONTH_YEAR"
HOMESCREENURL="./Portal/default.htm"
USERMUSTRESETPASSWORD="TRUE"
PRODUCTLOCALE="en-US"
STUDYLOCALE="en-US"/>


<USER  USERNAME="z2x1263"
USERTYPE="SPONSOR"
FIRSTNAME="Jodie"
LASTNAME="Nelson"
DISPLAYNAME="Jodie Nelson"
COUNTRY="UNITED STATES"
PHONE="14146597898"
ALTPHONE="1"
FAX="1"
EMAIL="Jodie.Nelson@quintiles.com"
ACTIVESTATE="true"
PASSWORD="Q6bc2Jh38JcD46795"
BEEPER="1"
USERDATEFORMAT="DAY_MONTH_YEAR"
HOMESCREENURL="./Portal/default.htm"
USERMUSTRESETPASSWORD="TRUE"
PRODUCTLOCALE="en-US"
STUDYLOCALE="en-US"/>


<USER  USERNAME="pflores"
USERTYPE="SITE"
FIRSTNAME="Patricia"
LASTNAME="Flores"
DISPLAYNAME="Patricia Flores"
COUNTRY="UNITED STATES"
PHONE="13052263933"
ALTPHONE="1"
FAX="1"
EMAIL="pattyf@nhorizonresearch.com"
ACTIVESTATE="true"
PASSWORD="qC78jF1x5CzH597382"
BEEPER="1"
USERDATEFORMAT="DAY_MONTH_YEAR"
HOMESCREENURL="./Portal/default.htm"
USERMUSTRESETPASSWORD="TRUE"
PRODUCTLOCALE="en-US"
STUDYLOCALE="en-US"/>


<USER  USERNAME="cjensen"
USERTYPE="SITE"
FIRSTNAME="Connie"
LASTNAME="Jensen"
DISPLAYNAME="Connie Jensen"
COUNTRY="UNITED STATES"
PHONE="19529933267"
ALTPHONE="1"
FAX="1"
EMAIL="connie.jensen@parknicollet.com"
ACTIVESTATE="true"
PASSWORD="fR1sY8nU6uG206788"
BEEPER="1"
USERDATEFORMAT="DAY_MONTH_YEAR"
HOMESCREENURL="./Portal/default.htm"
USERMUSTRESETPASSWORD="TRUE"
PRODUCTLOCALE="en-US"
STUDYLOCALE="en-US"/>


<USER  USERNAME="asoto"
USERTYPE="SITE"
FIRSTNAME="Amy"
LASTNAME="Soto"
DISPLAYNAME="Amy Soto"
COUNTRY="UNITED STATES"
PHONE="17027365161"
ALTPHONE="1"
FAX="1"
EMAIL="amy@palmmedicalresearch.com"
ACTIVESTATE="true"
PASSWORD="D9csZ9x4IzT373172"
BEEPER="1"
USERDATEFORMAT="DAY_MONTH_YEAR"
HOMESCREENURL="./Portal/default.htm"
USERMUSTRESETPASSWORD="TRUE"
PRODUCTLOCALE="en-US"
STUDYLOCALE="en-US"/>


<USER  USERNAME="z1x1726"
USERTYPE="SPONSOR"
FIRSTNAME="Stacie"
LASTNAME="Roof"
DISPLAYNAME="Stacie Roof"
COUNTRY="UNITED STATES"
PHONE="13177180732"
ALTPHONE="1"
FAX="1"
EMAIL="stacie.roof@inventivhealth.com"
ACTIVESTATE="true"
PASSWORD="bW88eA9jE94aI848710"
BEEPER="1"
USERDATEFORMAT="DAY_MONTH_YEAR"
HOMESCREENURL="./Portal/default.htm"
USERMUSTRESETPASSWORD="TRUE"
PRODUCTLOCALE="en-US"
STUDYLOCALE="en-US"/>


<USER  USERNAME="c074090"
USERTYPE="SPONSOR"
FIRSTNAME="Dorothy"
LASTNAME="Jackson"
DISPLAYNAME="Dorothy Jackson"
COUNTRY="UNITED STATES"
PHONE="13172773392"
ALTPHONE="1"
FAX="1"
EMAIL="jackson_dorothy@lilly.com"
ACTIVESTATE="true"
PASSWORD="cX17qF26uT0g3X3895"
BEEPER="1"
USERDATEFORMAT="DAY_MONTH_YEAR"
HOMESCREENURL="./Portal/default.htm"
USERMUSTRESETPASSWORD="TRUE"
PRODUCTLOCALE="en-US"
STUDYLOCALE="en-US"/>


<USER  USERNAME="molson"
USERTYPE="SITE"
FIRSTNAME="Maria"
LASTNAME="Olson"
DISPLAYNAME="Maria Olson"
COUNTRY="UNITED STATES"
PHONE="15156435122"
ALTPHONE="1"
FAX="1"
EMAIL="molson@mercydesmoines.org"
ACTIVESTATE="true"
PASSWORD="l28Wy57RN6rpN483767"
BEEPER="1"
USERDATEFORMAT="DAY_MONTH_YEAR"
HOMESCREENURL="./Portal/default.htm"
USERMUSTRESETPASSWORD="TRUE"
PRODUCTLOCALE="en-US"
STUDYLOCALE="en-US"/>


<USER  USERNAME="kbernstein"
USERTYPE="SITE"
FIRSTNAME="Kathie"
LASTNAME="Bernstein"
DISPLAYNAME="Kathie Bernstein"
COUNTRY="UNITED STATES"
PHONE="16782053456"
ALTPHONE="1"
FAX="1"
EMAIL="kathiebernsteinccrc@yahoo.com"
ACTIVESTATE="true"
PASSWORD="iA72E3lgM27wA695901"
BEEPER="1"
USERDATEFORMAT="DAY_MONTH_YEAR"
HOMESCREENURL="./Portal/default.htm"
USERMUSTRESETPASSWORD="TRUE"
PRODUCTLOCALE="en-US"
STUDYLOCALE="en-US"/>


<USER  USERNAME="dsoetaert"
USERTYPE="SITE"
FIRSTNAME="Dana"
LASTNAME="Soetaert"
DISPLAYNAME="Dana Soetaert"
COUNTRY="UNITED STATES"
PHONE="17853680733"
ALTPHONE="1"
FAX="1"
EMAIL="dsoetaer@stormontvail.org"
ACTIVESTATE="true"
PASSWORD="jM77r43Kv6NpF572298"
BEEPER="1"
USERDATEFORMAT="DAY_MONTH_YEAR"
HOMESCREENURL="./Portal/default.htm"
USERMUSTRESETPASSWORD="TRUE"
PRODUCTLOCALE="en-US"
STUDYLOCALE="en-US"/>


<USER  USERNAME="ibayona"
USERTYPE="SITE"
FIRSTNAME="Ingrid"
LASTNAME="Bayona"
DISPLAYNAME="Ingrid Bayona"
COUNTRY="UNITED STATES"
PHONE="13052263933"
ALTPHONE="1"
FAX="1"
EMAIL="ingridb@nhorizonresearch.com"
ACTIVESTATE="true"
PASSWORD="V8ujL0uX4sG451409"
BEEPER="1"
USERDATEFORMAT="DAY_MONTH_YEAR"
HOMESCREENURL="./Portal/default.htm"
USERMUSTRESETPASSWORD="TRUE"
PRODUCTLOCALE="en-US"
STUDYLOCALE="en-US"/>


<USER  USERNAME="chyderkhan"
USERTYPE="SITE"
FIRSTNAME="Christian"
LASTNAME="Hyderkhan"
DISPLAYNAME="Christian Hyderkhan"
COUNTRY="UNITED STATES"
PHONE="17027365161"
ALTPHONE="1"
FAX="1"
EMAIL="christian@palmmedicalresearch.com"
ACTIVESTATE="true"
PASSWORD="T9weO0h37XoD154052"
BEEPER="1"
USERDATEFORMAT="DAY_MONTH_YEAR"
HOMESCREENURL="./Portal/default.htm"
USERMUSTRESETPASSWORD="TRUE"
PRODUCTLOCALE="en-US"
STUDYLOCALE="en-US"/>


<USER  USERNAME="arodriguez"
USERTYPE="SITE"
FIRSTNAME="Alejandra"
LASTNAME="Rodriguez"
DISPLAYNAME="Alejandra Rodriguez"
COUNTRY="UNITED STATES"
PHONE="19156339387"
ALTPHONE="1"
FAX="1"
EMAIL="rodriguez.am@outlook.com"
ACTIVESTATE="true"
PASSWORD="lQ25i8FrB9aV985842"
BEEPER="1"
USERDATEFORMAT="DAY_MONTH_YEAR"
HOMESCREENURL="./Portal/default.htm"
USERMUSTRESETPASSWORD="TRUE"
PRODUCTLOCALE="en-US"
STUDYLOCALE="en-US"/>


<USER  USERNAME="krobb"
USERTYPE="SITE"
FIRSTNAME="Karina"
LASTNAME="Robb"
DISPLAYNAME="Karina Robb"
COUNTRY="UNITED STATES"
PHONE="19156339387"
ALTPHONE="1"
FAX="1"
EMAIL="karinarobb_research@hotmail.com"
ACTIVESTATE="true"
PASSWORD="vB16uN53qF8rD933163"
BEEPER="1"
USERDATEFORMAT="DAY_MONTH_YEAR"
HOMESCREENURL="./Portal/default.htm"
USERMUSTRESETPASSWORD="TRUE"
PRODUCTLOCALE="en-US"
STUDYLOCALE="en-US"/>


<USER  USERNAME="mbcondon"
USERTYPE="SITE"
FIRSTNAME="Mary Beth"
LASTNAME="Condon"
DISPLAYNAME="Mary Beth Condon"
COUNTRY="UNITED STATES"
PHONE="13154795070"
ALTPHONE="1"
FAX="1"
EMAIL="marybethcondon@iacny.com"
ACTIVESTATE="true"
PASSWORD="xJ24j74RoL8tG237052"
BEEPER="1"
USERDATEFORMAT="DAY_MONTH_YEAR"
HOMESCREENURL="./Portal/default.htm"
USERMUSTRESETPASSWORD="TRUE"
PRODUCTLOCALE="en-US"
STUDYLOCALE="en-US"/>


<USER  USERNAME="cjocko"
USERTYPE="SITE"
FIRSTNAME="Christine"
LASTNAME="Jocko"
DISPLAYNAME="Christine Jocko"
COUNTRY="UNITED STATES"
PHONE="13154795070"
ALTPHONE="1"
FAX="1"
EMAIL="christinejocko@iacny.com"
ACTIVESTATE="true"
PASSWORD="i9BbO93oO7aO14373"
BEEPER="1"
USERDATEFORMAT="DAY_MONTH_YEAR"
HOMESCREENURL="./Portal/default.htm"
USERMUSTRESETPASSWORD="TRUE"
PRODUCTLOCALE="en-US"
STUDYLOCALE="en-US"/>


</MEDMLDATA>