<?xml version="1.0"?>
<MEDMLDATA xmlns="PhaseForward-MedML-Inform4">


<RIGHTSGROUP  GROUPNAME="Coding Query Rights Group">
<!-- Insert Users -->
<USERREF USERNAME="coder_query"/>

</RIGHTSGROUP>

<RIGHTSGROUP  GROUPNAME="Data Manager">
<!-- Insert Users -->
<USERREF USERNAME="z2x2291"/>
<USERREF USERNAME="wwatts"/>
<USERREF USERNAME="z2x2450"/>
<USERREF USERNAME="z2x1799"/>
<USERREF USERNAME="z2x1597"/>
<USERREF USERNAME="z3x2637"/>
<USERREF USERNAME="z1x1726"/>
<USERREF USERNAME="z3x2938"/>

</RIGHTSGROUP>

<RIGHTSGROUP  GROUPNAME="GPS">
<!-- Insert Users -->
<USERREF USERNAME="c074090"/>

</RIGHTSGROUP>

<RIGHTSGROUP  GROUPNAME="Monitor">
<!-- Insert Users -->
<USERREF USERNAME="z2x6036"/>
<USERREF USERNAME="z1x2084"/>
<USERREF USERNAME="z1x2570"/>
<USERREF USERNAME="z1x0687"/>
<USERREF USERNAME="z2x5588"/>
<USERREF USERNAME="z1x2605"/>
<USERREF USERNAME="c178030"/>
<USERREF USERNAME="z2x1263"/>
<USERREF USERNAME="z2x7948"/>
<USERREF USERNAME="z1x1836"/>
<USERREF USERNAME="z2x3652"/>
<USERREF USERNAME="z1x1849"/>
<USERREF USERNAME="z1x1974"/>
<USERREF USERNAME="z2x5307"/>
<USERREF USERNAME="z2x5386"/>
<USERREF USERNAME="Z2X1100"/>
<USERREF USERNAME="z2x5762"/>
<USERREF USERNAME="z1x2093"/>
<USERREF USERNAME="Z2X8990"/>
<USERREF USERNAME="z3x1553"/>

</RIGHTSGROUP>

<RIGHTSGROUP  GROUPNAME="Monitor Manager">
<!-- Insert Users -->
<USERREF USERNAME="dbetah"/>
<USERREF USERNAME="z1x8118"/>

</RIGHTSGROUP>

<RIGHTSGROUP  GROUPNAME="PI">
<!-- Insert Users -->
<USERREF USERNAME="dliljenquist"/>
<USERREF USERNAME="mwukelic"/>
<USERREF USERNAME="ddicesar"/>
<USERREF USERNAME="deagerton"/>
<USERREF USERNAME="awynne"/>
<USERREF USERNAME="gcolon"/>
<USERREF USERNAME="lcohen"/>
<USERREF USERNAME="rpratley"/>
<USERREF USERNAME="achang"/>
<USERREF USERNAME="rweitgasser"/>
<USERREF USERNAME="ddenham"/>
<USERREF USERNAME="srovner"/>
<USERREF USERNAME="jrosenstock"/>
<USERREF USERNAME="gmatfin"/>
<USERREF USERNAME="fmiranda"/>
<USERREF USERNAME="rortiz"/>
<USERREF USERNAME="abhargava"/>
<USERREF USERNAME="hpohlmeier"/>
<USERREF USERNAME="lrose"/>
<USERREF USERNAME="mabdollahnia"/>
<USERREF USERNAME="apfutzner"/>
<USERREF USERNAME="keschenbrucher"/>
<USERREF USERNAME="gklausmann"/>
<USERREF USERNAME="merlinger"/>
<USERREF USERNAME="rerlinger"/>
<USERREF USERNAME="uwendisch"/>
<USERREF USERNAME="ddahl"/>
<USERREF USERNAME="fvonderecken"/>
<USERREF USERNAME="kbusch"/>
<USERREF USERNAME="eohrig"/>
<USERREF USERNAME="hbraun"/>
<USERREF USERNAME="ubecker"/>
<USERREF USERNAME="tbehnke"/>
<USERREF USERNAME="tsmith"/>

</RIGHTSGROUP>

<RIGHTSGROUP  GROUPNAME="PI Sign Only">
<!-- Insert Users -->
<USERREF USERNAME="rsilver"/>
<USERREF USERNAME="amackie"/>
<USERREF USERNAME="ageorge"/>
<USERREF USERNAME="lsummers"/>
<USERREF USERNAME="ssharma"/>
<USERREF USERNAME="grayman"/>
<USERREF USERNAME="sheller"/>
<USERREF USERNAME="snakhle"/>
<USERREF USERNAME="uhanusch"/>
<USERREF USERNAME="bgrusch"/>
<USERREF USERNAME="eflieber"/>
<USERREF USERNAME="cfrancesconi"/>
<USERREF USERNAME="lherman"/>

</RIGHTSGROUP>

<RIGHTSGROUP  GROUPNAME="Report Extractor">
<!-- Insert Users -->
<USERREF USERNAME="f3zmcioql_RE"/>

</RIGHTSGROUP>

<RIGHTSGROUP  GROUPNAME="SC">
<!-- Insert Users -->
<USERREF USERNAME="salbertson"/>
<USERREF USERNAME="vsack"/>
<USERREF USERNAME="ckohlmayr"/>
<USERREF USERNAME="aschiller"/>
<USERREF USERNAME="eworel"/>
<USERREF USERNAME="dgmeidl"/>
<USERREF USERNAME="cgarcia"/>
<USERREF USERNAME="cpaulson"/>
<USERREF USERNAME="dstoffels"/>
<USERREF USERNAME="jstein"/>
<USERREF USERNAME="jpalacio"/>
<USERREF USERNAME="ksmith"/>
<USERREF USERNAME="ngarcia"/>
<USERREF USERNAME="wgonzalez"/>
<USERREF USERNAME="lborg"/>
<USERREF USERNAME="cmayrhofer"/>
<USERREF USERNAME="bfrohnwieser"/>
<USERREF USERNAME="cgarbin"/>
<USERREF USERNAME="lspector"/>
<USERREF USERNAME="jclyatt"/>
<USERREF USERNAME="chyderkhan"/>
<USERREF USERNAME="arodriguez"/>
<USERREF USERNAME="krobb"/>
<USERREF USERNAME="mbcondon"/>
<USERREF USERNAME="cjocko"/>
<USERREF USERNAME="apalmer"/>
<USERREF USERNAME="rberrios"/>
<USERREF USERNAME="rgomez"/>
<USERREF USERNAME="dbailon"/>
<USERREF USERNAME="dsmejdir"/>
<USERREF USERNAME="emaryas"/>
<USERREF USERNAME="tfrye"/>
<USERREF USERNAME="mrivera"/>
<USERREF USERNAME="jsantiago"/>
<USERREF USERNAME="dsantiago"/>
<USERREF USERNAME="mhicks"/>
<USERREF USERNAME="akersey"/>
<USERREF USERNAME="ygomez"/>
<USERREF USERNAME="ibayona"/>
<USERREF USERNAME="dsoetaert"/>
<USERREF USERNAME="kbernstein"/>
<USERREF USERNAME="molson"/>
<USERREF USERNAME="asoto"/>
<USERREF USERNAME="cjensen"/>
<USERREF USERNAME="pflores"/>
<USERREF USERNAME="mcollver"/>
<USERREF USERNAME="jlindsay"/>
<USERREF USERNAME="lhopewell"/>
<USERREF USERNAME="dcampbell"/>
<USERREF USERNAME="jrosier"/>
<USERREF USERNAME="hatkins"/>
<USERREF USERNAME="cnisbet"/>
<USERREF USERNAME="shudson"/>
<USERREF USERNAME="sritter"/>
<USERREF USERNAME="jharbison"/>
<USERREF USERNAME="yrodriguez"/>
<USERREF USERNAME="bmanning"/>
<USERREF USERNAME="lfrazee"/>
<USERREF USERNAME="svalenti"/>
<USERREF USERNAME="swillis"/>
<USERREF USERNAME="bbeer"/>
<USERREF USERNAME="fdemircik"/>
<USERREF USERNAME="sstreitenberger"/>
<USERREF USERNAME="ameister"/>
<USERREF USERNAME="edrobinski"/>
<USERREF USERNAME="cpritchard"/>
<USERREF USERNAME="nbauer"/>
<USERREF USERNAME="sbanik"/>
<USERREF USERNAME="iross"/>
<USERREF USERNAME="alaliberte"/>
<USERREF USERNAME="tfreels"/>
<USERREF USERNAME="mklick"/>

</RIGHTSGROUP>

<RIGHTSGROUP  GROUPNAME="Study Manager">
<!-- Insert Users -->
<USERREF USERNAME="rashby"/>
<USERREF USERNAME="z1x1896"/>
<USERREF USERNAME="z1x1789"/>
<USERREF USERNAME="z1x1691"/>
<USERREF USERNAME="z1x1824"/>
<USERREF USERNAME="z2x4979"/>
<USERREF USERNAME="z1x1804"/>
<USERREF USERNAME="jspitler"/>
<USERREF USERNAME="z1x0368"/>
<USERREF USERNAME="z1x2000"/>
<USERREF USERNAME="wzick"/>

</RIGHTSGROUP>

<RIGHTSGROUP  GROUPNAME="User Activator RG">
<!-- Insert Users -->
<USERREF USERNAME="ZPFckalinyak"/>
<USERREF USERNAME="ZPFjktan"/>
<USERREF USERNAME="ZPFzleczo"/>
<USERREF USERNAME="ZPFobodnar"/>
<USERREF USERNAME="ZPFgradnai"/>
<USERREF USERNAME="ZPFdnagy"/>
<USERREF USERNAME="ZPFvsoni"/>
<USERREF USERNAME="ZPFjmacatangay"/>
<USERREF USERNAME="ZPFkbarkoczi"/>
<USERREF USERNAME="ZPFcroyalto"/>
<USERREF USERNAME="ZPFrducusin"/>
<USERREF USERNAME="ZPFhsekine"/>
<USERREF USERNAME="ZPFlstoica"/>
<USERREF USERNAME="ZPFedervishaj"/>
<USERREF USERNAME="ZPFsdamato"/>
<USERREF USERNAME="ZPFmiwaki"/>

</RIGHTSGROUP>

<RIGHTSGROUP  GROUPNAME="User Manager RG">
<!-- Insert Users -->
<USERREF USERNAME="ZPFepenzes"/>
<USERREF USERNAME="ZPFmyao"/>
<USERREF USERNAME="ZPFaszottfried"/>
<USERREF USERNAME="ZPFnvergara"/>
<USERREF USERNAME="ZPFtcabanes"/>
<USERREF USERNAME="ZPFdweakley"/>
<USERREF USERNAME="ZPFkcsobalyka"/>
<USERREF USERNAME="ZPFnqi"/>
<USERREF USERNAME="ZPFtfabian"/>
<USERREF USERNAME="ZPFapervaiz"/>
<USERREF USERNAME="ZPFekantor"/>
<USERREF USERNAME="ZPFcvargas"/>
<USERREF USERNAME="ZPFaboth"/>
<USERREF USERNAME="ZPFpvallar"/>
<USERREF USERNAME="ZPFryu"/>
<USERREF USERNAME="ZPFrcauad"/>
<USERREF USERNAME="ZPFsaguilar"/>
<USERREF USERNAME="ZPFskholti"/>
<USERREF USERNAME="ZPFaolah"/>
<USERREF USERNAME="ZPFijohl"/>
<USERREF USERNAME="ZPFasakata"/>
<USERREF USERNAME="ZPFoely"/>
<USERREF USERNAME="ZPFawarsama"/>
<USERREF USERNAME="ZPFbszabo"/>
<USERREF USERNAME="ZPFaotsuka"/>
<USERREF USERNAME="ZPFsgazso"/>
<USERREF USERNAME="ZPFkkovacs"/>

</RIGHTSGROUP>

<RIGHTSGROUP  GROUPNAME="VO">
<!-- Insert Users -->
<USERREF USERNAME="z1x1981"/>
<USERREF USERNAME="z1x1972"/>
<USERREF USERNAME="z3x1326"/>
<USERREF USERNAME="z3x0688"/>
<USERREF USERNAME="z2x1279"/>
<USERREF USERNAME="z3x1758"/>
<USERREF USERNAME="z2x7035"/>
<USERREF USERNAME="z2x7248"/>
<USERREF USERNAME="Z3X3125"/>
<USERREF USERNAME="Z1X2575"/>
<USERREF USERNAME="C179367"/>
<USERREF USERNAME="C179650"/>

</RIGHTSGROUP>

</MEDMLDATA>