<?xml version="1.0"?>
<MEDMLDATA xmlns="PhaseForward-MedML-Inform4">


<REPORTINGGROUP
GROUPNAME="Ad Hoc Users"
GROUPDESCRIPTION="Users who have access to Ad Hoc Reporting">
<!-- Insert Users -->
<USERREF USERNAME="f3zmcioql_RE"/>
<USERREF USERNAME="z2x2291"/>
<USERREF USERNAME="wwatts"/>
<USERREF USERNAME="z2x2450"/>
<USERREF USERNAME="z2x1799"/>
<USERREF USERNAME="z2x1597"/>
<USERREF USERNAME="z3x2637"/>
<USERREF USERNAME="z1x1726"/>
<USERREF USERNAME="z3x2938"/>
</REPORTINGGROUP>

<REPORTINGGROUP
GROUPNAME="Authors"
GROUPDESCRIPTION="Users who have access to Ad Hoc Reporting and Report Studio">
<!-- Insert Users -->
<USERREF USERNAME="f3zmcioql_RE"/>
</REPORTINGGROUP>

<QUERYGROUP
GROUPNAME="CDM_CRA Query"
GROUPDESCRIPTION="">
<!-- Insert Users -->
<USERREF USERNAME="autoquery"/>
<USERREF USERNAME="z2x2291"/>
<USERREF USERNAME="z2x6036"/>
<USERREF USERNAME="Z2X8990"/>
<USERREF USERNAME="z1x2093"/>
<USERREF USERNAME="z1x0687"/>
<USERREF USERNAME="z1x1849"/>
<USERREF USERNAME="z1x1974"/>
<USERREF USERNAME="z2x5307"/>
<USERREF USERNAME="z2x5386"/>
<USERREF USERNAME="z1x2605"/>
<USERREF USERNAME="Z2X1100"/>
<USERREF USERNAME="z2x5588"/>
<USERREF USERNAME="z2x5762"/>
<USERREF USERNAME="z1x8118"/>
<USERREF USERNAME="z3x2938"/>
<USERREF USERNAME="z3x2637"/>
<USERREF USERNAME="z2x2450"/>
<USERREF USERNAME="z2x1799"/>
<USERREF USERNAME="z2x1597"/>
<USERREF USERNAME="z2x1263"/>
<USERREF USERNAME="z2x7948"/>
<USERREF USERNAME="z1x1836"/>
<USERREF USERNAME="z2x3652"/>
<USERREF USERNAME="c178030"/>
<USERREF USERNAME="z1x1726"/>
<USERREF USERNAME="z1x2570"/>
<USERREF USERNAME="z1x2084"/>
<USERREF USERNAME="z3x1553"/>
<USERREF USERNAME="dbetah"/>
<USERREF USERNAME="wwatts"/>
</QUERYGROUP>

<QUERYGROUP
GROUPNAME="Coding Query Group"
GROUPDESCRIPTION="">
<!-- Insert Users -->
<USERREF USERNAME="coder_query"/>
</QUERYGROUP>

<REPORTINGGROUP
GROUPNAME="Directory Administrators"
GROUPDESCRIPTION="Users who can administer authorization rights. They administer groups, accounts, contacts, distribution lists, data sources, and printers">
<!-- Insert Users -->
<USERREF USERNAME="f3zmcioql_RE"/>
</REPORTINGGROUP>

<QUERYGROUP
GROUPNAME="GPS_Query"
GROUPDESCRIPTION="">
<!-- Insert Users -->
<USERREF USERNAME="c074090"/>
</QUERYGROUP>

<SIGNATUREGROUP
GROUPNAME="PI Signature"
GROUPDESCRIPTION="Signature group assigned to PI and PI Sign Only roles"
CRFMEANING="X"
CRBMEANING="Approved"
CRFTEXT="NULL"
CRBTEXT="By my dated signature below, I  %s  %s, verify that all case report form pages accurately display the results of the examinations, tests, evaluations and treatments performed on this patient.&lt;BR&gt;&lt;BR&gt;Pursuant to Section 11.100 of Title 21 of the Code of Federal Regulations, this is to certify that I intend that this electronic signature is to be the legally binding equivalent of my handwritten signature. &lt;BR&gt;&lt;BR&gt;To this I do attest by supplying my user name and password and clicking the button marked &lt;B&gt;Submit&lt;/B&gt; below" LANGUAGE="en-US">
<!-- Insert Users -->
<USERREF USERNAME="dliljenquist"/>
<USERREF USERNAME="mwukelic"/>
<USERREF USERNAME="ddicesar"/>
<USERREF USERNAME="rsilver"/>
<USERREF USERNAME="deagerton"/>
<USERREF USERNAME="tsmith"/>
<USERREF USERNAME="abhargava"/>
<USERREF USERNAME="rortiz"/>
<USERREF USERNAME="fmiranda"/>
<USERREF USERNAME="lrose"/>
<USERREF USERNAME="mabdollahnia"/>
<USERREF USERNAME="apfutzner"/>
<USERREF USERNAME="keschenbrucher"/>
<USERREF USERNAME="gklausmann"/>
<USERREF USERNAME="merlinger"/>
<USERREF USERNAME="rerlinger"/>
<USERREF USERNAME="uwendisch"/>
<USERREF USERNAME="ddahl"/>
<USERREF USERNAME="ddenham"/>
<USERREF USERNAME="srovner"/>
<USERREF USERNAME="jrosenstock"/>
<USERREF USERNAME="snakhle"/>
<USERREF USERNAME="achang"/>
<USERREF USERNAME="gmatfin"/>
<USERREF USERNAME="rpratley"/>
<USERREF USERNAME="lcohen"/>
<USERREF USERNAME="amackie"/>
<USERREF USERNAME="ageorge"/>
<USERREF USERNAME="lsummers"/>
<USERREF USERNAME="ssharma"/>
<USERREF USERNAME="grayman"/>
<USERREF USERNAME="sheller"/>
<USERREF USERNAME="hpohlmeier"/>
<USERREF USERNAME="fvonderecken"/>
<USERREF USERNAME="kbusch"/>
<USERREF USERNAME="eohrig"/>
<USERREF USERNAME="hbraun"/>
<USERREF USERNAME="ubecker"/>
<USERREF USERNAME="tbehnke"/>
<USERREF USERNAME="bgrusch"/>
<USERREF USERNAME="eflieber"/>
<USERREF USERNAME="uhanusch"/>
<USERREF USERNAME="rweitgasser"/>
<USERREF USERNAME="cfrancesconi"/>
<USERREF USERNAME="gcolon"/>
<USERREF USERNAME="awynne"/>
<USERREF USERNAME="lherman"/>
</SIGNATUREGROUP>

<REPORTINGGROUP
GROUPNAME="Publishers"
GROUPDESCRIPTION="Users who can create folders and other content within the Public Folder space">
<!-- Insert Users -->
<USERREF USERNAME="f3zmcioql_RE"/>
<USERREF USERNAME="z1x1726"/>
<USERREF USERNAME="z3x2938"/>
<USERREF USERNAME="z3x2637"/>
<USERREF USERNAME="z2x2450"/>
<USERREF USERNAME="z2x1799"/>
<USERREF USERNAME="z2x1597"/>
<USERREF USERNAME="z2x2291"/>
<USERREF USERNAME="wwatts"/>
</REPORTINGGROUP>

<REPORTINGGROUP
GROUPNAME="Report Administrators"
GROUPDESCRIPTION="Users who can administer authorized public content such as setting permissions on folders and reports">
<!-- Insert Users -->
<USERREF USERNAME="z2x2291"/>
<USERREF USERNAME="z3x2637"/>
<USERREF USERNAME="z1x1726"/>
<USERREF USERNAME="z3x2938"/>
<USERREF USERNAME="z2x2450"/>
<USERREF USERNAME="z2x1799"/>
<USERREF USERNAME="z2x1597"/>
<USERREF USERNAME="wwatts"/>
</REPORTINGGROUP>

<REPORTINGGROUP
GROUPNAME="Site Users"
GROUPDESCRIPTION="Site Users">
<!-- Insert Users -->
<USERREF USERNAME="salbertson"/>
<USERREF USERNAME="tfreels"/>
<USERREF USERNAME="alaliberte"/>
<USERREF USERNAME="sbanik"/>
<USERREF USERNAME="jrosenstock"/>
<USERREF USERNAME="dsmejdir"/>
<USERREF USERNAME="snakhle"/>
<USERREF USERNAME="cgarcia"/>
<USERREF USERNAME="achang"/>
<USERREF USERNAME="cpaulson"/>
<USERREF USERNAME="gmatfin"/>
<USERREF USERNAME="dstoffels"/>
<USERREF USERNAME="gcolon"/>
<USERREF USERNAME="jharbison"/>
<USERREF USERNAME="yrodriguez"/>
<USERREF USERNAME="bmanning"/>
<USERREF USERNAME="lfrazee"/>
<USERREF USERNAME="svalenti"/>
<USERREF USERNAME="swillis"/>
<USERREF USERNAME="mcollver"/>
<USERREF USERNAME="jlindsay"/>
<USERREF USERNAME="amackie"/>
<USERREF USERNAME="lhopewell"/>
<USERREF USERNAME="ageorge"/>
<USERREF USERNAME="dcampbell"/>
<USERREF USERNAME="lsummers"/>
<USERREF USERNAME="jrosier"/>
<USERREF USERNAME="hatkins"/>
<USERREF USERNAME="ssharma"/>
<USERREF USERNAME="grayman"/>
<USERREF USERNAME="cnisbet"/>
<USERREF USERNAME="shudson"/>
<USERREF USERNAME="ddahl"/>
<USERREF USERNAME="vsack"/>
<USERREF USERNAME="fvonderecken"/>
<USERREF USERNAME="kbusch"/>
<USERREF USERNAME="ckohlmayr"/>
<USERREF USERNAME="eohrig"/>
<USERREF USERNAME="hbraun"/>
<USERREF USERNAME="aschiller"/>
<USERREF USERNAME="ubecker"/>
<USERREF USERNAME="sheller"/>
<USERREF USERNAME="sritter"/>
<USERREF USERNAME="hpohlmeier"/>
<USERREF USERNAME="lrose"/>
<USERREF USERNAME="bbeer"/>
<USERREF USERNAME="fdemircik"/>
<USERREF USERNAME="mabdollahnia"/>
<USERREF USERNAME="apfutzner"/>
<USERREF USERNAME="sstreitenberger"/>
<USERREF USERNAME="keschenbrucher"/>
<USERREF USERNAME="gklausmann"/>
<USERREF USERNAME="ameister"/>
<USERREF USERNAME="merlinger"/>
<USERREF USERNAME="rerlinger"/>
<USERREF USERNAME="edrobinski"/>
<USERREF USERNAME="uwendisch"/>
<USERREF USERNAME="tbehnke"/>
<USERREF USERNAME="eworel"/>
<USERREF USERNAME="bgrusch"/>
<USERREF USERNAME="dgmeidl"/>
<USERREF USERNAME="eflieber"/>
<USERREF USERNAME="cmayrhofer"/>
<USERREF USERNAME="uhanusch"/>
<USERREF USERNAME="bfrohnwieser"/>
<USERREF USERNAME="rweitgasser"/>
<USERREF USERNAME="cgarbin"/>
<USERREF USERNAME="cfrancesconi"/>
<USERREF USERNAME="lspector"/>
<USERREF USERNAME="jclyatt"/>
<USERREF USERNAME="chyderkhan"/>
<USERREF USERNAME="arodriguez"/>
<USERREF USERNAME="krobb"/>
<USERREF USERNAME="mbcondon"/>
<USERREF USERNAME="cjocko"/>
<USERREF USERNAME="apalmer"/>
<USERREF USERNAME="rberrios"/>
<USERREF USERNAME="ddenham"/>
<USERREF USERNAME="rgomez"/>
<USERREF USERNAME="srovner"/>
<USERREF USERNAME="dbailon"/>
<USERREF USERNAME="wgonzalez"/>
<USERREF USERNAME="abhargava"/>
<USERREF USERNAME="lborg"/>
<USERREF USERNAME="awynne"/>
<USERREF USERNAME="cpritchard"/>
<USERREF USERNAME="tsmith"/>
<USERREF USERNAME="nbauer"/>
<USERREF USERNAME="lherman"/>
<USERREF USERNAME="emaryas"/>
<USERREF USERNAME="tfrye"/>
<USERREF USERNAME="mrivera"/>
<USERREF USERNAME="jsantiago"/>
<USERREF USERNAME="dsantiago"/>
<USERREF USERNAME="mhicks"/>
<USERREF USERNAME="akersey"/>
<USERREF USERNAME="ygomez"/>
<USERREF USERNAME="ibayona"/>
<USERREF USERNAME="dsoetaert"/>
<USERREF USERNAME="kbernstein"/>
<USERREF USERNAME="molson"/>
<USERREF USERNAME="asoto"/>
<USERREF USERNAME="cjensen"/>
<USERREF USERNAME="pflores"/>
<USERREF USERNAME="rpratley"/>
<USERREF USERNAME="jstein"/>
<USERREF USERNAME="fmiranda"/>
<USERREF USERNAME="jpalacio"/>
<USERREF USERNAME="lcohen"/>
<USERREF USERNAME="ksmith"/>
<USERREF USERNAME="rortiz"/>
<USERREF USERNAME="ngarcia"/>
<USERREF USERNAME="deagerton"/>
<USERREF USERNAME="iross"/>
<USERREF USERNAME="rsilver"/>
<USERREF USERNAME="ddicesar"/>
<USERREF USERNAME="mklick"/>
<USERREF USERNAME="mwukelic"/>
<USERREF USERNAME="dliljenquist"/>
</REPORTINGGROUP>

<REPORTINGGROUP
GROUPNAME="Sponsor Users"
GROUPDESCRIPTION="Sponsor Users">
<!-- Insert Users -->
<USERREF USERNAME="f3zmcioql_RE"/>
<USERREF USERNAME="z2x5588"/>
<USERREF USERNAME="z2x5762"/>
<USERREF USERNAME="z1x8118"/>
<USERREF USERNAME="z1x0687"/>
<USERREF USERNAME="z1x2570"/>
<USERREF USERNAME="z1x2093"/>
<USERREF USERNAME="z1x2084"/>
<USERREF USERNAME="Z2X8990"/>
<USERREF USERNAME="z3x1553"/>
<USERREF USERNAME="z2x7035"/>
<USERREF USERNAME="z3x1758"/>
<USERREF USERNAME="z2x1279"/>
<USERREF USERNAME="z3x0688"/>
<USERREF USERNAME="z3x1326"/>
<USERREF USERNAME="z1x1972"/>
<USERREF USERNAME="z1x1981"/>
<USERREF USERNAME="z1x2605"/>
<USERREF USERNAME="Z2X1100"/>
<USERREF USERNAME="z1x1896"/>
<USERREF USERNAME="z1x1804"/>
<USERREF USERNAME="z1x2000"/>
<USERREF USERNAME="z1x0368"/>
<USERREF USERNAME="C179650"/>
<USERREF USERNAME="C179367"/>
<USERREF USERNAME="Z1X2575"/>
<USERREF USERNAME="Z3X3125"/>
<USERREF USERNAME="z2x7248"/>
<USERREF USERNAME="z2x1597"/>
<USERREF USERNAME="z2x3652"/>
<USERREF USERNAME="z1x1849"/>
<USERREF USERNAME="z1x1691"/>
<USERREF USERNAME="z1x1974"/>
<USERREF USERNAME="z2x5307"/>
<USERREF USERNAME="z2x5386"/>
<USERREF USERNAME="z1x1824"/>
<USERREF USERNAME="z1x1789"/>
<USERREF USERNAME="z2x4979"/>
<USERREF USERNAME="c178030"/>
<USERREF USERNAME="c074090"/>
<USERREF USERNAME="z1x1726"/>
<USERREF USERNAME="z3x2938"/>
<USERREF USERNAME="z3x2637"/>
<USERREF USERNAME="z2x2450"/>
<USERREF USERNAME="z2x1799"/>
<USERREF USERNAME="z2x1263"/>
<USERREF USERNAME="z2x7948"/>
<USERREF USERNAME="z1x1836"/>
<USERREF USERNAME="z2x6036"/>
<USERREF USERNAME="dbetah"/>
<USERREF USERNAME="wwatts"/>
<USERREF USERNAME="jspitler"/>
<USERREF USERNAME="wzick"/>
<USERREF USERNAME="rashby"/>
<USERREF USERNAME="z2x2291"/>
<USERREF USERNAME="coder_query"/>
</REPORTINGGROUP>

<REPORTINGGROUP
GROUPNAME="User Admin Info Data Users"
GROUPDESCRIPTION="Users who have access to user data including password related data">
<!-- Insert Users -->
<USERREF USERNAME="f3zmcioql_RE"/>
<USERREF USERNAME="z2x2291"/>
<USERREF USERNAME="dbetah"/>
<USERREF USERNAME="wwatts"/>
<USERREF USERNAME="z3x1553"/>
<USERREF USERNAME="z1x2084"/>
<USERREF USERNAME="z1x2570"/>
<USERREF USERNAME="z1x8118"/>
<USERREF USERNAME="c178030"/>
<USERREF USERNAME="z2x1597"/>
<USERREF USERNAME="z2x1263"/>
<USERREF USERNAME="z2x7948"/>
<USERREF USERNAME="z1x1836"/>
<USERREF USERNAME="z2x3652"/>
<USERREF USERNAME="z1x1849"/>
<USERREF USERNAME="z1x1974"/>
<USERREF USERNAME="z2x5307"/>
<USERREF USERNAME="z2x5386"/>
<USERREF USERNAME="z1x1726"/>
<USERREF USERNAME="z3x2938"/>
<USERREF USERNAME="z3x2637"/>
<USERREF USERNAME="z2x2450"/>
<USERREF USERNAME="z2x1799"/>
<USERREF USERNAME="z1x2605"/>
<USERREF USERNAME="Z2X1100"/>
<USERREF USERNAME="z2x5588"/>
<USERREF USERNAME="z2x5762"/>
<USERREF USERNAME="z1x0687"/>
<USERREF USERNAME="z1x2093"/>
<USERREF USERNAME="Z2X8990"/>
<USERREF USERNAME="z2x6036"/>
</REPORTINGGROUP>

<REPORTINGGROUP
GROUPNAME="User Info Data Users"
GROUPDESCRIPTION="Users who have access to user data except password related data">
<!-- Insert Users -->
<USERREF USERNAME="rashby"/>
<USERREF USERNAME="z1x0368"/>
<USERREF USERNAME="z1x2000"/>
<USERREF USERNAME="z1x1896"/>
<USERREF USERNAME="z1x1789"/>
<USERREF USERNAME="z1x1691"/>
<USERREF USERNAME="z1x1824"/>
<USERREF USERNAME="z2x4979"/>
<USERREF USERNAME="z1x1804"/>
<USERREF USERNAME="jspitler"/>
<USERREF USERNAME="wzick"/>
</REPORTINGGROUP>

</MEDMLDATA>