<?xml version="1.0"?>
<MEDMLDATA xmlns="PhaseForward-MedML-Inform4">


<USER  USERNAME="mlicenziato"
USERTYPE="SITE"
FIRSTNAME="Marina"
LASTNAME="Licenziato"
DISPLAYNAME="Marina Licenziato"
COUNTRY="ITALY"
PHONE="393.98159e+010"
ALTPHONE="39"
FAX="39"
EMAIL="marinalicenziato@libero.it"
ACTIVESTATE="true"
DELETESTATE="false"
UPDATE="true"
PASSWORD="hN9f2PdC8aL81669"
BEEPER="39"
USERDATEFORMAT="DAY_MONTH_YEAR"
HOMESCREENURL="./Portal/default.htm"
USERMUSTRESETPASSWORD="TRUE"
PRODUCTLOCALE="en-US"
STUDYLOCALE="en-US"/>


<USER  USERNAME="brottenmanner"
USERTYPE="SITE"
FIRSTNAME="Beate"
LASTNAME="Rottenmanner"
DISPLAYNAME="Beate Rottenmanner"
COUNTRY="AUSTRIA"
PHONE="434.31404e+012"
ALTPHONE="43"
FAX="43"
EMAIL="beate.rottenmanner@meduniwien.ac.at"
ACTIVESTATE="true"
DELETESTATE="false"
UPDATE="true"
PASSWORD="p8Nk7WnR84xK255870"
BEEPER="43"
USERDATEFORMAT="DAY_MONTH_YEAR"
HOMESCREENURL="./Portal/default.htm"
USERMUSTRESETPASSWORD="TRUE"
PRODUCTLOCALE="en-US"
STUDYLOCALE="en-US"/>


<USER  USERNAME="pkivioja"
USERTYPE="SITE"
FIRSTNAME="Paeivi"
LASTNAME="Kivioja"
DISPLAYNAME="Paeivi Kivioja"
COUNTRY="AUSTRIA"
PHONE="434.31404e+012"
ALTPHONE="43"
FAX="43"
EMAIL="paeivi.kivioja@meduniwien.ac.at"
ACTIVESTATE="true"
DELETESTATE="false"
UPDATE="true"
PASSWORD="o15SoZ9k1Bk39D119"
BEEPER="43"
USERDATEFORMAT="DAY_MONTH_YEAR"
HOMESCREENURL="./Portal/default.htm"
USERMUSTRESETPASSWORD="TRUE"
PRODUCTLOCALE="en-US"
STUDYLOCALE="en-US"/>


<USER  USERNAME="kclarke"
USERTYPE="SITE"
FIRSTNAME="Kathryn"
LASTNAME="Clarke"
DISPLAYNAME="Kathryn Clarke"
COUNTRY="UNITED STATES"
PHONE="15083341000"
ALTPHONE="1"
FAX="1"
EMAIL="Kathryn.clarke@umassmemorial.org"
ACTIVESTATE="true"
DELETESTATE="false"
UPDATE="true"
PASSWORD="aQ5l1SwL5dK41896"
BEEPER="1"
USERDATEFORMAT="DAY_MONTH_YEAR"
HOMESCREENURL="./Portal/default.htm"
USERMUSTRESETPASSWORD="TRUE"
PRODUCTLOCALE="en-US"
STUDYLOCALE="en-US"/>


<USER  USERNAME="nbouganim"
USERTYPE="SITE"
FIRSTNAME="Nathaniel"
LASTNAME="Bouganim"
DISPLAYNAME="Nathaniel Bouganim"
COUNTRY="CANADA"
PHONE="15149341934"
ALTPHONE="1"
FAX="1"
EMAIL="nathaniel.bouganim@mcgill.ca"
ACTIVESTATE="true"
DELETESTATE="false"
UPDATE="true"
PASSWORD="v7UrA71S3qtZ421575"
BEEPER="1"
USERDATEFORMAT="DAY_MONTH_YEAR"
HOMESCREENURL="./Portal/default.htm"
USERMUSTRESETPASSWORD="TRUE"
PRODUCTLOCALE="en-US"
STUDYLOCALE="en-US"/>


<USER  USERNAME="csangalli"
USERTYPE="SITE"
FIRSTNAME="Claudia"
LASTNAME="Sangalli"
DISPLAYNAME="Claudia Sangalli"
COUNTRY="ITALY"
PHONE="390257489840"
ALTPHONE="39"
FAX="39"
EMAIL="claudia.sangalli@ieo.it"
ACTIVESTATE="true"
DELETESTATE="false"
UPDATE="true"
PASSWORD="p63Su8Bu7Tw5Z6375"
BEEPER="39"
USERDATEFORMAT="DAY_MONTH_YEAR"
HOMESCREENURL="./Portal/default.htm"
USERMUSTRESETPASSWORD="TRUE"
PRODUCTLOCALE="en-US"
STUDYLOCALE="en-US"/>


<USER  USERNAME="mtoke"
USERTYPE="SITE"
FIRSTNAME="Madhavi"
LASTNAME="Toke"
DISPLAYNAME="Madhavi Toke"
COUNTRY="UNITED STATES"
PHONE="15083341000"
ALTPHONE="1"
FAX="1"
EMAIL="madhavi.toke@umassmed.edu"
ACTIVESTATE="true"
DELETESTATE="false"
UPDATE="true"
PASSWORD="mW98V8ro65Ik86X5808"
BEEPER="1"
USERDATEFORMAT="DAY_MONTH_YEAR"
HOMESCREENURL="./Portal/default.htm"
USERMUSTRESETPASSWORD="TRUE"
PRODUCTLOCALE="en-US"
STUDYLOCALE="en-US"/>


<USER  USERNAME="pchipman"
USERTYPE="SITE"
FIRSTNAME="Penny"
LASTNAME="Chipman"
DISPLAYNAME="Penny Chipman"
COUNTRY="CANADA"
PHONE="15149341934"
ALTPHONE="1"
FAX="1"
EMAIL="penny.chipman@muhc.mcgill.ca"
ACTIVESTATE="true"
DELETESTATE="false"
UPDATE="true"
PASSWORD="c5EjA2fL9pZ542463"
BEEPER="1"
USERDATEFORMAT="DAY_MONTH_YEAR"
HOMESCREENURL="./Portal/default.htm"
USERMUSTRESETPASSWORD="TRUE"
PRODUCTLOCALE="en-US"
STUDYLOCALE="en-US"/>


<USER  USERNAME="lfarkas"
USERTYPE="SITE"
FIRSTNAME="Lydia"
LASTNAME="Farkas"
DISPLAYNAME="Lydia Farkas"
COUNTRY="AUSTRIA"
PHONE="434.31404e+012"
ALTPHONE="43"
FAX="43"
EMAIL="lydia.farkas@meduniwien.ac.at"
ACTIVESTATE="true"
DELETESTATE="false"
UPDATE="true"
PASSWORD="y8LvP2s74JfA71994"
BEEPER="43"
USERDATEFORMAT="DAY_MONTH_YEAR"
HOMESCREENURL="./Portal/default.htm"
USERMUSTRESETPASSWORD="TRUE"
PRODUCTLOCALE="en-US"
STUDYLOCALE="en-US"/>


<USER  USERNAME="sweinmeyer"
USERTYPE="SITE"
FIRSTNAME="Stefan"
LASTNAME="Weinmeyer"
DISPLAYNAME="Stefan Weinmeyer"
COUNTRY="AUSTRIA"
PHONE="434.31404e+012"
ALTPHONE="43"
FAX="43"
EMAIL="stefan.weinmeyer@meduniwien.ac.at"
ACTIVESTATE="true"
DELETESTATE="false"
UPDATE="true"
PASSWORD="dK40kZ50A9fn40A9129"
BEEPER="43"
USERDATEFORMAT="DAY_MONTH_YEAR"
HOMESCREENURL="./Portal/default.htm"
USERMUSTRESETPASSWORD="TRUE"
PRODUCTLOCALE="en-US"
STUDYLOCALE="en-US"/>


<USER  USERNAME="awiener"
USERTYPE="SITE"
FIRSTNAME="Alysia"
LASTNAME="Wiener"
DISPLAYNAME="Alysia Wiener"
COUNTRY="UNITED STATES"
PHONE="12128210654"
ALTPHONE="1"
FAX="1"
EMAIL="alw3003@med.cornell.edu"
ACTIVESTATE="true"
DELETESTATE="false"
UPDATE="true"
PASSWORD="sX16m1HtG32hK31007"
BEEPER="1"
USERDATEFORMAT="DAY_MONTH_YEAR"
HOMESCREENURL="./Portal/default.htm"
USERMUSTRESETPASSWORD="TRUE"
PRODUCTLOCALE="en-US"
STUDYLOCALE="en-US"/>


<USER  USERNAME="evaghi"
USERTYPE="SITE"
FIRSTNAME="Elena"
LASTNAME="Vaghi"
DISPLAYNAME="Elena Vaghi"
COUNTRY="ITALY"
PHONE="393.92575e+010"
ALTPHONE="39"
FAX="39"
EMAIL="elena.vaghi@ieo.it"
ACTIVESTATE="true"
DELETESTATE="false"
UPDATE="true"
PASSWORD="f27HyH7rW9h0H7656"
BEEPER="39"
USERDATEFORMAT="DAY_MONTH_YEAR"
HOMESCREENURL="./Portal/default.htm"
USERMUSTRESETPASSWORD="TRUE"
PRODUCTLOCALE="en-US"
STUDYLOCALE="en-US"/>


<USER  USERNAME="cycheng"
USERTYPE="SITE"
FIRSTNAME="Ching-Yueh"
LASTNAME="Cheng"
DISPLAYNAME="Ching-Yueh Cheng"
COUNTRY="TAIWAN, PROVINCE OF CHINA"
PHONE="8868 86223+011"
ALTPHONE="886"
FAX="886"
EMAIL="loverene5122@gmail.com"
ACTIVESTATE="true"
DELETESTATE="false"
UPDATE="true"
PASSWORD="zL1b97JdQ35y30B5410"
BEEPER="886"
USERDATEFORMAT="DAY_MONTH_YEAR"
HOMESCREENURL="./Portal/default.htm"
USERMUSTRESETPASSWORD="TRUE"
PRODUCTLOCALE="en-US"
STUDYLOCALE="en-US"/>


<USER  USERNAME="cfchung"
USERTYPE="SITE"
FIRSTNAME="Chin-Feng"
LASTNAME="Chung"
DISPLAYNAME="Chin-Feng Chung"
COUNTRY="TAIWAN, PROVINCE OF CHINA"
PHONE="8868 86472+010"
ALTPHONE="886"
FAX="886"
EMAIL="25390@cch.org.tw"
ACTIVESTATE="true"
DELETESTATE="false"
UPDATE="true"
PASSWORD="gI5l2XuC30Q8u2682"
BEEPER="886"
USERDATEFORMAT="DAY_MONTH_YEAR"
HOMESCREENURL="./Portal/default.htm"
USERMUSTRESETPASSWORD="TRUE"
PRODUCTLOCALE="en-US"
STUDYLOCALE="en-US"/>


<USER  USERNAME="hcwang"
USERTYPE="SITE"
FIRSTNAME="Hwei-Chung"
LASTNAME="Wang"
DISPLAYNAME="Hwei-Chung Wang"
COUNTRY="TAIWAN, PROVINCE OF CHINA"
PHONE="8868.86422e+011"
ALTPHONE="886"
FAX="886"
EMAIL="whcym64@yahoo.com.tw"
ACTIVESTATE="true"
DELETESTATE="false"
UPDATE="true"
PASSWORD="yI8rA89yY5rJ42361"
BEEPER="886"
USERDATEFORMAT="DAY_MONTH_YEAR"
HOMESCREENURL="./Portal/default.htm"
USERMUSTRESETPASSWORD="TRUE"
PRODUCTLOCALE="en-US"
STUDYLOCALE="en-US"/>


<USER  USERNAME="hcyang"
USERTYPE="SITE"
FIRSTNAME="Hui-Chih"
LASTNAME="Yang"
DISPLAYNAME="Hui-Chih Yang"
COUNTRY="TAIWAN, PROVINCE OF CHINA"
PHONE="886886925087830"
ALTPHONE="886"
FAX="886"
EMAIL="gina2066@gmail.com"
ACTIVESTATE="true"
DELETESTATE="false"
UPDATE="true"
PASSWORD="i1Uy9Kf7YiR72347"
BEEPER="886"
USERDATEFORMAT="DAY_MONTH_YEAR"
HOMESCREENURL="./Portal/default.htm"
USERMUSTRESETPASSWORD="TRUE"
PRODUCTLOCALE="en-US"
STUDYLOCALE="en-US"/>


<USER  USERNAME="hctseng"
USERTYPE="SITE"
FIRSTNAME="Hsiang-Chung"
LASTNAME="Tseng"
DISPLAYNAME="Hsiang-Chung Tseng"
COUNTRY="TAIWAN, PROVINCE OF CHINA"
PHONE="8868.86229e+011"
ALTPHONE="886"
FAX="886"
EMAIL="amanda051127@hotmail.com"
ACTIVESTATE="true"
DELETESTATE="false"
UPDATE="true"
PASSWORD="m1DQ9umL27gG692026"
BEEPER="886"
USERDATEFORMAT="DAY_MONTH_YEAR"
HOMESCREENURL="./Portal/default.htm"
USERMUSTRESETPASSWORD="TRUE"
PRODUCTLOCALE="en-US"
STUDYLOCALE="en-US"/>


<USER  USERNAME="jakim"
USERTYPE="SITE"
FIRSTNAME="JIN AH"
LASTNAME="KIM"
DISPLAYNAME="JIN AH KIM"
COUNTRY="KOREA, REPUBLIC OF"
PHONE="828.22341e+010"
ALTPHONE="82"
FAX="82"
EMAIL="jinah0588.kim@samsung.com"
ACTIVESTATE="true"
DELETESTATE="false"
UPDATE="true"
PASSWORD="m41Io2KE9wmF656174"
BEEPER="82"
USERDATEFORMAT="DAY_MONTH_YEAR"
HOMESCREENURL="./Portal/default.htm"
USERMUSTRESETPASSWORD="TRUE"
PRODUCTLOCALE="en-US"
STUDYLOCALE="en-US"/>


<USER  USERNAME="yskim"
USERTYPE="SITE"
FIRSTNAME="Yang Soon"
LASTNAME="Kim"
DISPLAYNAME="Yang Soon Kim"
COUNTRY="KOREA, REPUBLIC OF"
PHONE="828.2103e+011"
ALTPHONE="82"
FAX="82"
EMAIL="bangyh@yuhs.ac"
ACTIVESTATE="true"
DELETESTATE="false"
UPDATE="true"
PASSWORD="sL8V2uq7RY9u5853"
BEEPER="82"
USERDATEFORMAT="DAY_MONTH_YEAR"
HOMESCREENURL="./Portal/default.htm"
USERMUSTRESETPASSWORD="TRUE"
PRODUCTLOCALE="en-US"
STUDYLOCALE="en-US"/>


<USER  USERNAME="sykim"
USERTYPE="SITE"
FIRSTNAME="Sun Young"
LASTNAME="Kim"
DISPLAYNAME="Sun Young Kim"
COUNTRY="KOREA, REPUBLIC OF"
PHONE="828.22301e+010"
ALTPHONE="82"
FAX="82"
EMAIL="cjw0908@amc.seoul.kr"
ACTIVESTATE="true"
DELETESTATE="false"
UPDATE="true"
PASSWORD="nH19bE94lD65C3e3125"
BEEPER="82"
USERDATEFORMAT="DAY_MONTH_YEAR"
HOMESCREENURL="./Portal/default.htm"
USERMUSTRESETPASSWORD="TRUE"
PRODUCTLOCALE="en-US"
STUDYLOCALE="en-US"/>


<USER  USERNAME="kepark"
USERTYPE="SITE"
FIRSTNAME="Ka Eun"
LASTNAME="Park"
DISPLAYNAME="Ka Eun Park"
COUNTRY="KOREA, REPUBLIC OF"
PHONE="828.25223e+010"
ALTPHONE="82"
FAX="82"
EMAIL="bearbaragi@hanmail.net"
ACTIVESTATE="true"
DELETESTATE="false"
UPDATE="true"
PASSWORD="rI52g14XY0gjW92804"
BEEPER="82"
USERDATEFORMAT="DAY_MONTH_YEAR"
HOMESCREENURL="./Portal/default.htm"
USERMUSTRESETPASSWORD="TRUE"
PRODUCTLOCALE="en-US"
STUDYLOCALE="en-US"/>


<USER  USERNAME="jkyoungseo"
USERTYPE="SITE"
FIRSTNAME="JINKYOUNG"
LASTNAME="SEO"
DISPLAYNAME="JINKYOUNG SEO"
COUNTRY="KOREA, REPUBLIC OF"
PHONE="828.2532e+010"
ALTPHONE="82"
FAX="82"
EMAIL="seojk8622@naver.com"
ACTIVESTATE="true"
DELETESTATE="false"
UPDATE="true"
PASSWORD="b0MrA49zQ4sE32790"
BEEPER="82"
USERDATEFORMAT="DAY_MONTH_YEAR"
HOMESCREENURL="./Portal/default.htm"
USERMUSTRESETPASSWORD="TRUE"
PRODUCTLOCALE="en-US"
STUDYLOCALE="en-US"/>


<USER  USERNAME="cmontefrancesco"
USERTYPE="SITE"
FIRSTNAME="Chiara"
LASTNAME="Montefrancesco"
DISPLAYNAME="Chiara Montefrancesco"
COUNTRY="ITALY"
PHONE="393.90498e+011"
ALTPHONE="39"
FAX="39"
EMAIL="chiara.montefrancesco@ioveneto.it"
ACTIVESTATE="true"
DELETESTATE="false"
UPDATE="true"
PASSWORD="v9WyB98bC35kQ599961"
BEEPER="39"
USERDATEFORMAT="DAY_MONTH_YEAR"
HOMESCREENURL="./Portal/default.htm"
USERMUSTRESETPASSWORD="TRUE"
PRODUCTLOCALE="en-US"
STUDYLOCALE="en-US"/>


<USER  USERNAME="cdinunzio"
USERTYPE="SITE"
FIRSTNAME="Camilla"
LASTNAME="Di Nunzio"
DISPLAYNAME="Camilla Di Nunzio"
COUNTRY="ITALY"
PHONE="395.23302e+008"
ALTPHONE="39"
FAX="39"
EMAIL="c.dinunzio@ausl.pc.it"
ACTIVESTATE="true"
DELETESTATE="false"
UPDATE="true"
PASSWORD="A9ms1ZC0yz3N9640"
BEEPER="39"
USERDATEFORMAT="DAY_MONTH_YEAR"
HOMESCREENURL="./Portal/default.htm"
USERMUSTRESETPASSWORD="TRUE"
PRODUCTLOCALE="en-US"
STUDYLOCALE="en-US"/>


<USER  USERNAME="mpiezzo"
USERTYPE="SITE"
FIRSTNAME="Michela"
LASTNAME="Piezzo"
DISPLAYNAME="Michela Piezzo"
COUNTRY="ITALY"
PHONE="398.15904e+008"
ALTPHONE="39"
FAX="39"
EMAIL="m.piezzo@breastunit.org"
ACTIVESTATE="true"
DELETESTATE="false"
UPDATE="true"
PASSWORD="U2yl39PtY51qC841483"
BEEPER="39"
USERDATEFORMAT="DAY_MONTH_YEAR"
HOMESCREENURL="./Portal/default.htm"
USERMUSTRESETPASSWORD="TRUE"
PRODUCTLOCALE="en-US"
STUDYLOCALE="en-US"/>


<USER  USERNAME="gsteger"
USERTYPE="SITE"
FIRSTNAME="Gunther"
LASTNAME="Steger"
DISPLAYNAME="Gunther Steger"
COUNTRY="AUSTRIA"
PHONE="434.31404e+012"
ALTPHONE="43"
FAX="43"
EMAIL="guenther.steger@meduniwien.ac.at"
ACTIVESTATE="true"
DELETESTATE="false"
UPDATE="true"
PASSWORD="vM9eE4G1em63A5011"
BEEPER="43"
USERDATEFORMAT="DAY_MONTH_YEAR"
HOMESCREENURL="./Portal/default.htm"
USERMUSTRESETPASSWORD="TRUE"
PRODUCTLOCALE="en-US"
STUDYLOCALE="en-US"/>


<USER  USERNAME="hheitkamp"
USERTYPE="SITE"
FIRSTNAME="Heidi"
LASTNAME="Heitkamp"
DISPLAYNAME="Heidi Heitkamp"
COUNTRY="UNITED STATES"
PHONE="18056827300"
ALTPHONE="1"
FAX="1"
EMAIL="heidi@ccsb.org"
ACTIVESTATE="true"
DELETESTATE="false"
UPDATE="true"
PASSWORD="yV9O7zy51UvL551827"
BEEPER="1"
USERDATEFORMAT="DAY_MONTH_YEAR"
HOMESCREENURL="./Portal/default.htm"
USERMUSTRESETPASSWORD="TRUE"
PRODUCTLOCALE="en-US"
STUDYLOCALE="en-US"/>


<USER  USERNAME="afernandez"
USERTYPE="SITE"
FIRSTNAME="Alison"
LASTNAME="Fernandez"
DISPLAYNAME="Alison Fernandez"
COUNTRY="UNITED STATES"
PHONE="18057393724"
ALTPHONE="1"
FAX="1"
EMAIL="alison.fernandez@dignityhealth.org"
ACTIVESTATE="true"
DELETESTATE="false"
UPDATE="true"
PASSWORD="b65FkL48iK79rK53899"
BEEPER="1"
USERDATEFORMAT="DAY_MONTH_YEAR"
HOMESCREENURL="./Portal/default.htm"
USERMUSTRESETPASSWORD="TRUE"
PRODUCTLOCALE="en-US"
STUDYLOCALE="en-US"/>


<USER  USERNAME="shutcherson"
USERTYPE="SITE"
FIRSTNAME="Sherry"
LASTNAME="Hutcherson"
DISPLAYNAME="Sherry Hutcherson"
COUNTRY="UNITED STATES"
PHONE="13107503376"
ALTPHONE="1"
FAX="1"
EMAIL="shutcherson@mednet.ucla.edu"
ACTIVESTATE="true"
DELETESTATE="false"
UPDATE="true"
PASSWORD="L4soQ4gO66gP732961"
BEEPER="1"
USERDATEFORMAT="DAY_MONTH_YEAR"
HOMESCREENURL="./Portal/default.htm"
USERMUSTRESETPASSWORD="TRUE"
PRODUCTLOCALE="en-US"
STUDYLOCALE="en-US"/>


<USER  USERNAME="ttaite"
USERTYPE="SITE"
FIRSTNAME="Tammy"
LASTNAME="Taite"
DISPLAYNAME="Tammy Taite"
COUNTRY="CANADA"
PHONE="14164805000"
ALTPHONE="1"
FAX="1"
EMAIL="tammy.taite@sunnybrook.ca"
ACTIVESTATE="true"
DELETESTATE="false"
UPDATE="true"
PASSWORD="mN71U6pd8FtH395047"
BEEPER="1"
USERDATEFORMAT="DAY_MONTH_YEAR"
HOMESCREENURL="./Portal/default.htm"
USERMUSTRESETPASSWORD="TRUE"
PRODUCTLOCALE="en-US"
STUDYLOCALE="en-US"/>


<USER  USERNAME="drobbins"
USERTYPE="SITE"
FIRSTNAME="Diane"
LASTNAME="Robbins"
DISPLAYNAME="Diane Robbins"
COUNTRY="CANADA"
PHONE="16137377700"
ALTPHONE="1"
FAX="1"
EMAIL="drobbins@toh.on.ca"
ACTIVESTATE="true"
DELETESTATE="false"
UPDATE="true"
PASSWORD="nW49kQ20t73GcE04417"
BEEPER="1"
USERDATEFORMAT="DAY_MONTH_YEAR"
HOMESCREENURL="./Portal/default.htm"
USERMUSTRESETPASSWORD="TRUE"
PRODUCTLOCALE="en-US"
STUDYLOCALE="en-US"/>


<USER  USERNAME="coder_query"
USERTYPE="SPONSOR"
FIRSTNAME="Coder"
LASTNAME="Query"
DISPLAYNAME="Coder Query"
COUNTRY="UNITED STATES"
PHONE="11"
ALTPHONE="1"
FAX="1"
EMAIL="talley_dorothea_d@lilly.com"
ACTIVESTATE="true"
DELETESTATE="false"
UPDATE="true"
PASSWORD="a1PQ1cnG12p5G7219"
BEEPER="1"
USERDATEFORMAT="DAY_MONTH_YEAR"
HOMESCREENURL="./Portal/default.htm"
USERMUSTRESETPASSWORD="TRUE"
PRODUCTLOCALE="en-US"
STUDYLOCALE="en-US"/>


<USER  USERNAME="xg10776"
USERTYPE="SPONSOR"
FIRSTNAME="Jan"
LASTNAME="Grupp"
DISPLAYNAME="Jan Grupp"
COUNTRY="GERMANY"
PHONE="494961722732601"
ALTPHONE="49"
FAX="49"
EMAIL="grupp_jan@lilly.com"
ACTIVESTATE="true"
DELETESTATE="false"
UPDATE="true"
PASSWORD="cR87hJ31mF8nL64134"
BEEPER="49"
USERDATEFORMAT="DAY_MONTH_YEAR"
HOMESCREENURL="./Portal/default.htm"
USERMUSTRESETPASSWORD="TRUE"
PRODUCTLOCALE="en-US"
STUDYLOCALE="en-US"/>


<USER  USERNAME="c003859"
USERTYPE="SPONSOR"
FIRSTNAME="Jo"
LASTNAME="Avant"
DISPLAYNAME="Jo Avant"
COUNTRY="UNITED STATES"
PHONE="13176552678"
ALTPHONE="1"
FAX="1"
EMAIL="avant_josephine@lilly.com"
ACTIVESTATE="true"
DELETESTATE="false"
UPDATE="true"
PASSWORD="uT35kF48jQ40yK948872"
BEEPER="1"
USERDATEFORMAT="DAY_MONTH_YEAR"
HOMESCREENURL="./Portal/default.htm"
USERMUSTRESETPASSWORD="TRUE"
PRODUCTLOCALE="en-US"
STUDYLOCALE="en-US"/>


<USER  USERNAME="rm90029"
USERTYPE="SPONSOR"
FIRSTNAME="Kathy"
LASTNAME="Britton"
DISPLAYNAME="Kathy Britton"
COUNTRY="UNITED STATES"
PHONE="13172773370"
ALTPHONE="1"
FAX="1"
EMAIL="britton.kathy@lilly.com"
ACTIVESTATE="true"
DELETESTATE="false"
UPDATE="true"
PASSWORD="g52Nl6DsZ47t5Y8194"
BEEPER="1"
USERDATEFORMAT="DAY_MONTH_YEAR"
HOMESCREENURL="./Portal/default.htm"
USERMUSTRESETPASSWORD="TRUE"
PRODUCTLOCALE="en-US"
STUDYLOCALE="en-US"/>


<USER  USERNAME="c071673"
USERTYPE="SPONSOR"
FIRSTNAME="Vanessa"
LASTNAME="Distel"
DISPLAYNAME="Vanessa Distel"
COUNTRY="UNITED STATES"
PHONE="13172763881"
ALTPHONE="1"
FAX="1"
EMAIL="distel_vanessa_m@lilly.com"
ACTIVESTATE="true"
DELETESTATE="false"
UPDATE="true"
PASSWORD="qW0yH9m1BO0g1823"
BEEPER="1"
USERDATEFORMAT="DAY_MONTH_YEAR"
HOMESCREENURL="./Portal/default.htm"
USERMUSTRESETPASSWORD="TRUE"
PRODUCTLOCALE="en-US"
STUDYLOCALE="en-US"/>


<USER  USERNAME="v6x8058"
USERTYPE="SPONSOR"
FIRSTNAME="Heidi"
LASTNAME="Gertiser"
DISPLAYNAME="Heidi Gertiser"
COUNTRY="UNITED STATES"
PHONE="1317439126"
ALTPHONE="1"
FAX="1"
EMAIL="Gertiser_Heidi@lilly.com"
ACTIVESTATE="true"
DELETESTATE="false"
UPDATE="true"
PASSWORD="S6mb64ET0jfY528637"
BEEPER="1"
USERDATEFORMAT="DAY_MONTH_YEAR"
HOMESCREENURL="./Portal/default.htm"
USERMUSTRESETPASSWORD="TRUE"
PRODUCTLOCALE="en-US"
STUDYLOCALE="en-US"/>


<USER  USERNAME="c039853"
USERTYPE="SPONSOR"
FIRSTNAME="Teresa"
LASTNAME="Hogan"
DISPLAYNAME="Teresa Hogan"
COUNTRY="UNITED STATES"
PHONE="13176552174"
ALTPHONE="1"
FAX="1"
EMAIL="hogan_teresa_l@lilly.com"
ACTIVESTATE="true"
DELETESTATE="false"
UPDATE="true"
PASSWORD="o28InQ6lV55vC68883"
BEEPER="1"
USERDATEFORMAT="DAY_MONTH_YEAR"
HOMESCREENURL="./Portal/default.htm"
USERMUSTRESETPASSWORD="TRUE"
PRODUCTLOCALE="en-US"
STUDYLOCALE="en-US"/>


<USER  USERNAME="rm35504"
USERTYPE="SPONSOR"
FIRSTNAME="Rebecca"
LASTNAME="Morrow"
DISPLAYNAME="Rebecca Morrow"
COUNTRY="UNITED STATES"
PHONE="13174333391"
ALTPHONE="1"
FAX="1"
EMAIL="morrow_rebecca_j@lilly.com"
ACTIVESTATE="true"
DELETESTATE="false"
UPDATE="true"
PASSWORD="uX51z64MaH88zE976722"
BEEPER="1"
USERDATEFORMAT="DAY_MONTH_YEAR"
HOMESCREENURL="./Portal/default.htm"
USERMUSTRESETPASSWORD="TRUE"
PRODUCTLOCALE="en-US"
STUDYLOCALE="en-US"/>


<USER  USERNAME="ye91098"
USERTYPE="SPONSOR"
FIRSTNAME="Kennie"
LASTNAME="Ogunnaike"
DISPLAYNAME="Kennie Ogunnaike"
COUNTRY="UNITED KINGDOM"
PHONE="444401276483788"
ALTPHONE="44"
FAX="44"
EMAIL="ogunnaike_kennie@lilly.com"
ACTIVESTATE="true"
DELETESTATE="false"
UPDATE="true"
PASSWORD="zD65oU50jT9nO03365"
BEEPER="44"
USERDATEFORMAT="DAY_MONTH_YEAR"
HOMESCREENURL="./Portal/default.htm"
USERMUSTRESETPASSWORD="TRUE"
PRODUCTLOCALE="en-US"
STUDYLOCALE="en-US"/>


<USER  USERNAME="c025980"
USERTYPE="SPONSOR"
FIRSTNAME="Tamara"
LASTNAME="Risner"
DISPLAYNAME="Tamara Risner"
COUNTRY="UNITED STATES"
PHONE="13174339682"
ALTPHONE="1"
FAX="1"
EMAIL="risner_tamara_k@lilly.com"
ACTIVESTATE="true"
DELETESTATE="false"
UPDATE="true"
PASSWORD="J6cjS20xN0pF928116"
BEEPER="1"
USERDATEFORMAT="DAY_MONTH_YEAR"
HOMESCREENURL="./Portal/default.htm"
USERMUSTRESETPASSWORD="TRUE"
PRODUCTLOCALE="en-US"
STUDYLOCALE="en-US"/>


<USER  USERNAME="c075541"
USERTYPE="SPONSOR"
FIRSTNAME="Sara"
LASTNAME="Vandermark"
DISPLAYNAME="Sara Vandermark"
COUNTRY="UNITED STATES"
PHONE="13176553465"
ALTPHONE="1"
FAX="1"
EMAIL="Vandermark_Sara@lilly.com"
ACTIVESTATE="true"
DELETESTATE="false"
UPDATE="true"
PASSWORD="jQ56kV0vN50c65Q8054"
BEEPER="1"
USERDATEFORMAT="DAY_MONTH_YEAR"
HOMESCREENURL="./Portal/default.htm"
USERMUSTRESETPASSWORD="TRUE"
PRODUCTLOCALE="en-US"
STUDYLOCALE="en-US"/>


<USER  USERNAME="c060736"
USERTYPE="SPONSOR"
FIRSTNAME="Kim"
LASTNAME="Vinciquerra-brock"
DISPLAYNAME="Kim Vinciquerra-brock"
COUNTRY="UNITED STATES"
PHONE="13172762809"
ALTPHONE="1"
FAX="1"
EMAIL="vinciguerra-brock_kimberly_sue@lilly.com"
ACTIVESTATE="true"
DELETESTATE="false"
UPDATE="true"
PASSWORD="cP1yY38Y2sh2S5585"
BEEPER="1"
USERDATEFORMAT="DAY_MONTH_YEAR"
HOMESCREENURL="./Portal/default.htm"
USERMUSTRESETPASSWORD="TRUE"
PRODUCTLOCALE="en-US"
STUDYLOCALE="en-US"/>


<USER  USERNAME="c026390"
USERTYPE="SPONSOR"
FIRSTNAME="Sue"
LASTNAME="Woodring"
DISPLAYNAME="Sue Woodring"
COUNTRY="UNITED STATES"
PHONE="13176552039"
ALTPHONE="1"
FAX="1"
EMAIL="woodring_susan_e@lilly.com"
ACTIVESTATE="true"
DELETESTATE="false"
UPDATE="true"
PASSWORD="F9dd2Ef0Py67L2808"
BEEPER="1"
USERDATEFORMAT="DAY_MONTH_YEAR"
HOMESCREENURL="./Portal/default.htm"
USERMUSTRESETPASSWORD="TRUE"
PRODUCTLOCALE="en-US"
STUDYLOCALE="en-US"/>


<USER  USERNAME="c058698"
USERTYPE="SPONSOR"
FIRSTNAME="Michele"
LASTNAME="Brady"
DISPLAYNAME="Michele Brady"
COUNTRY="UNITED STATES"
PHONE="13176512411"
ALTPHONE="1"
FAX="1"
EMAIL="brady_michelle_l@lilly.com"
ACTIVESTATE="true"
DELETESTATE="false"
UPDATE="true"
PASSWORD="jU73sF71z21VuT89658"
BEEPER="1"
USERDATEFORMAT="DAY_MONTH_YEAR"
HOMESCREENURL="./Portal/default.htm"
USERMUSTRESETPASSWORD="TRUE"
PRODUCTLOCALE="en-US"
STUDYLOCALE="en-US"/>


<USER  USERNAME="u7x2510"
USERTYPE="SPONSOR"
FIRSTNAME="Blaine"
LASTNAME="Farley"
DISPLAYNAME="Blaine Farley"
COUNTRY="UNITED STATES"
PHONE="13176276284"
ALTPHONE="1"
FAX="1"
EMAIL="farley_blaine@network.lilly.com"
ACTIVESTATE="true"
DELETESTATE="false"
UPDATE="true"
PASSWORD="M5dqB27kS55dQ129323"
BEEPER="1"
USERDATEFORMAT="DAY_MONTH_YEAR"
HOMESCREENURL="./Portal/default.htm"
USERMUSTRESETPASSWORD="TRUE"
PRODUCTLOCALE="en-US"
STUDYLOCALE="en-US"/>


<USER  USERNAME="yex7920"
USERTYPE="SPONSOR"
FIRSTNAME="Merab"
LASTNAME="Lomia"
DISPLAYNAME="Merab Lomia"
COUNTRY="UNITED KINGDOM"
PHONE="44441276483778"
ALTPHONE="44"
FAX="44"
EMAIL="lomia_merab@network.lilly.com"
ACTIVESTATE="true"
DELETESTATE="false"
UPDATE="true"
PASSWORD="V0dk23LkW8E4u8953"
BEEPER="44"
USERDATEFORMAT="DAY_MONTH_YEAR"
HOMESCREENURL="./Portal/default.htm"
USERMUSTRESETPASSWORD="TRUE"
PRODUCTLOCALE="en-US"
STUDYLOCALE="en-US"/>


<USER  USERNAME="a608760"
USERTYPE="SPONSOR"
FIRSTNAME="Sharon"
LASTNAME="Wright"
DISPLAYNAME="Sharon Wright"
COUNTRY="UNITED STATES"
PHONE="13174338381"
ALTPHONE="1"
FAX="1"
EMAIL="wright_sharon@lilly.com"
ACTIVESTATE="true"
DELETESTATE="false"
UPDATE="true"
PASSWORD="hH61qQ50K0dv2V3002"
BEEPER="1"
USERDATEFORMAT="DAY_MONTH_YEAR"
HOMESCREENURL="./Portal/default.htm"
USERMUSTRESETPASSWORD="TRUE"
PRODUCTLOCALE="en-US"
STUDYLOCALE="en-US"/>


<USER  USERNAME="z3x1197"
USERTYPE="SPONSOR"
FIRSTNAME="Jennifer"
LASTNAME="Kraut"
DISPLAYNAME="Jennifer Kraut"
COUNTRY="UNITED STATES"
PHONE="18144319635"
ALTPHONE="1"
FAX="1"
EMAIL="jennifer.kraut@inventivhealth.com"
ACTIVESTATE="true"
DELETESTATE="false"
UPDATE="true"
PASSWORD="v9KT8hq50NE9i5039"
BEEPER="1"
USERDATEFORMAT="DAY_MONTH_YEAR"
HOMESCREENURL="./Portal/default.htm"
USERMUSTRESETPASSWORD="TRUE"
PRODUCTLOCALE="en-US"
STUDYLOCALE="en-US"/>


<USER  USERNAME="rdichmann"
USERTYPE="SITE"
FIRSTNAME="Robert"
LASTNAME="Dichmann"
DISPLAYNAME="Robert Dichmann"
COUNTRY="UNITED STATES"
PHONE="18057393724"
ALTPHONE="1"
FAX="1"
EMAIL="robert@ccmo.us"
ACTIVESTATE="true"
DELETESTATE="false"
UPDATE="true"
PASSWORD="zP65hQ0kN28s1P2394"
BEEPER="1"
USERDATEFORMAT="DAY_MONTH_YEAR"
HOMESCREENURL="./Portal/default.htm"
USERMUSTRESETPASSWORD="TRUE"
PRODUCTLOCALE="en-US"
STUDYLOCALE="en-US"/>


<USER  USERNAME="dchan"
USERTYPE="SITE"
FIRSTNAME="David"
LASTNAME="Chan"
DISPLAYNAME="David Chan"
COUNTRY="UNITED STATES"
PHONE="13107503376"
ALTPHONE="1"
FAX="1"
EMAIL="drchan.cca@gmail.com"
ACTIVESTATE="true"
DELETESTATE="false"
UPDATE="true"
PASSWORD="tK61oL86bP0nK64788"
BEEPER="1"
USERDATEFORMAT="DAY_MONTH_YEAR"
HOMESCREENURL="./Portal/default.htm"
USERMUSTRESETPASSWORD="TRUE"
PRODUCTLOCALE="en-US"
STUDYLOCALE="en-US"/>


<USER  USERNAME="sverma"
USERTYPE="SITE"
FIRSTNAME="Sunil"
LASTNAME="Verma"
DISPLAYNAME="Sunil Verma"
COUNTRY="CANADA"
PHONE="14164805000"
ALTPHONE="1"
FAX="1"
EMAIL="sunil.verma@sunnybrook.ca"
ACTIVESTATE="true"
DELETESTATE="false"
UPDATE="true"
PASSWORD="lC73kQ8H8jjP93850"
BEEPER="1"
USERDATEFORMAT="DAY_MONTH_YEAR"
HOMESCREENURL="./Portal/default.htm"
USERMUSTRESETPASSWORD="TRUE"
PRODUCTLOCALE="en-US"
STUDYLOCALE="en-US"/>


<USER  USERNAME="jhilton"
USERTYPE="SITE"
FIRSTNAME="John"
LASTNAME="Hilton"
DISPLAYNAME="John Hilton"
COUNTRY="CANADA"
PHONE="16137377700"
ALTPHONE="1"
FAX="1"
EMAIL="jfhilton@toh.on.ca"
ACTIVESTATE="true"
DELETESTATE="false"
UPDATE="true"
PASSWORD="v3BmO20fY43wG515935"
BEEPER="1"
USERDATEFORMAT="DAY_MONTH_YEAR"
HOMESCREENURL="./Portal/default.htm"
USERMUSTRESETPASSWORD="TRUE"
PRODUCTLOCALE="en-US"
STUDYLOCALE="en-US"/>


<USER  USERNAME="c039863"
USERTYPE="SPONSOR"
FIRSTNAME="Angela"
LASTNAME="Roepke"
DISPLAYNAME="Angela Roepke"
COUNTRY="UNITED STATES"
PHONE="13176516235"
ALTPHONE="1"
FAX="1"
EMAIL="roepke_angela_p@lilly.com"
ACTIVESTATE="true"
DELETESTATE="false"
UPDATE="true"
PASSWORD="xP9sY7dT46E9m2673"
BEEPER="1"
USERDATEFORMAT="DAY_MONTH_YEAR"
HOMESCREENURL="./Portal/default.htm"
USERMUSTRESETPASSWORD="TRUE"
PRODUCTLOCALE="en-US"
STUDYLOCALE="en-US"/>


<USER  USERNAME="a701824"
USERTYPE="SPONSOR"
FIRSTNAME="Diego"
LASTNAME="Videira"
DISPLAYNAME="Diego Videira"
COUNTRY="BRAZIL"
PHONE="551121446115"
ALTPHONE="55"
FAX="55"
EMAIL="diego.videira@lilly.com"
ACTIVESTATE="true"
DELETESTATE="false"
UPDATE="true"
PASSWORD="a4YcX1u58CrB382919"
BEEPER="55"
USERDATEFORMAT="DAY_MONTH_YEAR"
HOMESCREENURL="./Portal/default.htm"
USERMUSTRESETPASSWORD="TRUE"
PRODUCTLOCALE="en-US"
STUDYLOCALE="en-US"/>


<USER  USERNAME="c026393"
USERTYPE="SPONSOR"
FIRSTNAME="Lee Ann"
LASTNAME="Wininger"
DISPLAYNAME="Lee Ann Wininger"
COUNTRY="UNITED STATES"
PHONE="13176513238"
ALTPHONE="1"
FAX="1"
EMAIL="Wininger_Lee_Ann@lilly.com"
ACTIVESTATE="true"
DELETESTATE="false"
UPDATE="true"
PASSWORD="g83DfZ62zR2c1C8251"
BEEPER="1"
USERDATEFORMAT="DAY_MONTH_YEAR"
HOMESCREENURL="./Portal/default.htm"
USERMUSTRESETPASSWORD="TRUE"
PRODUCTLOCALE="en-US"
STUDYLOCALE="en-US"/>


<USER  USERNAME="a608261"
USERTYPE="SPONSOR"
FIRSTNAME="Penny"
LASTNAME="Altman"
DISPLAYNAME="Penny Altman"
COUNTRY="UNITED STATES"
PHONE="13176511479"
ALTPHONE="1"
FAX="1"
EMAIL="altman_penny_s@lilly.com"
ACTIVESTATE="true"
DELETESTATE="false"
UPDATE="true"
PASSWORD="fP0G1pxP15tZ772795"
BEEPER="1"
USERDATEFORMAT="DAY_MONTH_YEAR"
HOMESCREENURL="./Portal/default.htm"
USERMUSTRESETPASSWORD="TRUE"
PRODUCTLOCALE="en-US"
STUDYLOCALE="en-US"/>


<USER  USERNAME="c143125"
USERTYPE="SPONSOR"
FIRSTNAME="Brian"
LASTNAME="Dillman"
DISPLAYNAME="Brian Dillman"
COUNTRY="UNITED STATES"
PHONE="13174332638"
ALTPHONE="1"
FAX="1"
EMAIL="dillman_brian@lilly.com"
ACTIVESTATE="true"
DELETESTATE="false"
UPDATE="true"
PASSWORD="y0MxJ71yV6w52R6621"
BEEPER="1"
USERDATEFORMAT="DAY_MONTH_YEAR"
HOMESCREENURL="./Portal/default.htm"
USERMUSTRESETPASSWORD="TRUE"
PRODUCTLOCALE="en-US"
STUDYLOCALE="en-US"/>


<USER  USERNAME="c135748"
USERTYPE="SPONSOR"
FIRSTNAME="Stephanie"
LASTNAME="Horna"
DISPLAYNAME="Stephanie Horna"
COUNTRY="UNITED STATES"
PHONE="13172608949"
ALTPHONE="1"
FAX="1"
EMAIL="horna_stephanie_lynne@lilly.com"
ACTIVESTATE="true"
DELETESTATE="false"
UPDATE="true"
PASSWORD="r37XeI4fP67g2S1474"
BEEPER="1"
USERDATEFORMAT="DAY_MONTH_YEAR"
HOMESCREENURL="./Portal/default.htm"
USERMUSTRESETPASSWORD="TRUE"
PRODUCTLOCALE="en-US"
STUDYLOCALE="en-US"/>


<USER  USERNAME="c149470"
USERTYPE="SPONSOR"
FIRSTNAME="Flavio"
LASTNAME="Martins"
DISPLAYNAME="Flavio Martins"
COUNTRY="BRAZIL"
PHONE="55551121446123"
ALTPHONE="55"
FAX="55"
EMAIL="junior_flavio_eduardo_martins@lilly.com"
ACTIVESTATE="true"
DELETESTATE="false"
UPDATE="true"
PASSWORD="qL94yE6pE94L6d6533"
BEEPER="55"
USERDATEFORMAT="DAY_MONTH_YEAR"
HOMESCREENURL="./Portal/default.htm"
USERMUSTRESETPASSWORD="TRUE"
PRODUCTLOCALE="en-US"
STUDYLOCALE="en-US"/>


<USER  USERNAME="a803075"
USERTYPE="SPONSOR"
FIRSTNAME="Pranav"
LASTNAME="Pandya"
DISPLAYNAME="Pranav Pandya"
COUNTRY="UNITED STATES"
PHONE="13172204360"
ALTPHONE="1"
FAX="1"
EMAIL="pandya_pranav_d@lilly.com"
ACTIVESTATE="true"
DELETESTATE="false"
UPDATE="true"
PASSWORD="jH0o6DtW98z90V6435"
BEEPER="1"
USERDATEFORMAT="DAY_MONTH_YEAR"
HOMESCREENURL="./Portal/default.htm"
USERMUSTRESETPASSWORD="TRUE"
PRODUCTLOCALE="en-US"
STUDYLOCALE="en-US"/>


<USER  USERNAME="a511471"
USERTYPE="SPONSOR"
FIRSTNAME="Janet"
LASTNAME="Roepke"
DISPLAYNAME="Janet Roepke"
COUNTRY="UNITED STATES"
PHONE="13172765883"
ALTPHONE="1"
FAX="1"
EMAIL="roepke_janet_elizabeth@lilly.com"
ACTIVESTATE="true"
DELETESTATE="false"
UPDATE="true"
PASSWORD="uA8r7Gw75Xk9M979"
BEEPER="1"
USERDATEFORMAT="DAY_MONTH_YEAR"
HOMESCREENURL="./Portal/default.htm"
USERMUSTRESETPASSWORD="TRUE"
PRODUCTLOCALE="en-US"
STUDYLOCALE="en-US"/>


<USER  USERNAME="z1x2077"
USERTYPE="SPONSOR"
FIRSTNAME="Vicki"
LASTNAME="Lorenzo"
DISPLAYNAME="Vicki Lorenzo"
COUNTRY="UNITED STATES"
PHONE="19.09362e+009"
ALTPHONE="1"
FAX="1"
EMAIL="vicki.lorenzo@quintiles.com"
ACTIVESTATE="true"
DELETESTATE="false"
UPDATE="true"
PASSWORD="yO27wS57pF6h2W6079"
BEEPER="1"
USERDATEFORMAT="DAY_MONTH_YEAR"
HOMESCREENURL="./Portal/default.htm"
USERMUSTRESETPASSWORD="TRUE"
PRODUCTLOCALE="en-US"
STUDYLOCALE="en-US"/>


<USER  USERNAME="z2x3870"
USERTYPE="SPONSOR"
FIRSTNAME="Lisa"
LASTNAME="Rush"
DISPLAYNAME="Lisa Rush"
COUNTRY="UNITED STATES"
PHONE="19.01487e+009"
ALTPHONE="1"
FAX="1"
EMAIL="lisa.rush@quintiles.com"
ACTIVESTATE="true"
DELETESTATE="false"
UPDATE="true"
PASSWORD="pT3eN24jE20oQ93646"
BEEPER="1"
USERDATEFORMAT="DAY_MONTH_YEAR"
HOMESCREENURL="./Portal/default.htm"
USERMUSTRESETPASSWORD="TRUE"
PRODUCTLOCALE="en-US"
STUDYLOCALE="en-US"/>


<USER  USERNAME="z3x0602"
USERTYPE="SPONSOR"
FIRSTNAME="Tricia"
LASTNAME="Reyes"
DISPLAYNAME="Tricia Reyes"
COUNTRY="UNITED STATES"
PHONE="17.57833e+009"
ALTPHONE="1"
FAX="1"
EMAIL="tricia.reyes@quintiles.com"
ACTIVESTATE="true"
DELETESTATE="false"
UPDATE="true"
PASSWORD="oJ1tQ9x8ScM95682"
BEEPER="1"
USERDATEFORMAT="DAY_MONTH_YEAR"
HOMESCREENURL="./Portal/default.htm"
USERMUSTRESETPASSWORD="TRUE"
PRODUCTLOCALE="en-US"
STUDYLOCALE="en-US"/>


<USER  USERNAME="c198898"
USERTYPE="SPONSOR"
FIRSTNAME="Saoul"
LASTNAME="Malcolm"
DISPLAYNAME="Saoul Malcolm"
COUNTRY="UNITED STATES"
PHONE="19.09264e+009"
ALTPHONE="1"
FAX="1"
EMAIL="saoul.malcolm@quintiles.com"
ACTIVESTATE="true"
DELETESTATE="false"
UPDATE="true"
PASSWORD="tU0fV20cW0n24G5312"
BEEPER="1"
USERDATEFORMAT="DAY_MONTH_YEAR"
HOMESCREENURL="./Portal/default.htm"
USERMUSTRESETPASSWORD="TRUE"
PRODUCTLOCALE="en-US"
STUDYLOCALE="en-US"/>


<USER  USERNAME="z2x6065"
USERTYPE="SPONSOR"
FIRSTNAME="Sarah"
LASTNAME="Fuller"
DISPLAYNAME="Sarah Fuller"
COUNTRY="UNITED STATES"
PHONE="14.1626e+009"
ALTPHONE="1"
FAX="1"
EMAIL="sarah.fuller@quintiles.com"
ACTIVESTATE="true"
DELETESTATE="false"
UPDATE="true"
PASSWORD="e8DmB31fP42eK97040"
BEEPER="1"
USERDATEFORMAT="DAY_MONTH_YEAR"
HOMESCREENURL="./Portal/default.htm"
USERMUSTRESETPASSWORD="TRUE"
PRODUCTLOCALE="en-US"
STUDYLOCALE="en-US"/>


<USER  USERNAME="z2x2463"
USERTYPE="SPONSOR"
FIRSTNAME="Janet"
LASTNAME="Fitzpatrick"
DISPLAYNAME="Janet Fitzpatrick"
COUNTRY="UNITED STATES"
PHONE="15.61249e+009"
ALTPHONE="1"
FAX="1"
EMAIL="janet.fitzpatrick@quintiles.com"
ACTIVESTATE="true"
DELETESTATE="false"
UPDATE="true"
PASSWORD="dU2k91LqE69zU32200"
BEEPER="1"
USERDATEFORMAT="DAY_MONTH_YEAR"
HOMESCREENURL="./Portal/default.htm"
USERMUSTRESETPASSWORD="TRUE"
PRODUCTLOCALE="en-US"
STUDYLOCALE="en-US"/>


<USER  USERNAME="z2x9894"
USERTYPE="SPONSOR"
FIRSTNAME="Timothy"
LASTNAME="Estrella"
DISPLAYNAME="Timothy Estrella"
COUNTRY="UNITED STATES"
PHONE="18.13746e+009"
ALTPHONE="1"
FAX="1"
EMAIL="timothy.estrella@quintiles.com"
ACTIVESTATE="true"
DELETESTATE="false"
UPDATE="true"
PASSWORD="Y0qaB5g61RlD28742"
BEEPER="1"
USERDATEFORMAT="DAY_MONTH_YEAR"
HOMESCREENURL="./Portal/default.htm"
USERMUSTRESETPASSWORD="TRUE"
PRODUCTLOCALE="en-US"
STUDYLOCALE="en-US"/>


<USER  USERNAME="c212367"
USERTYPE="SPONSOR"
FIRSTNAME="Sebastien"
LASTNAME="Soularad"
DISPLAYNAME="Sebastien Soularad"
COUNTRY="SPAIN"
PHONE="343.32416e+010"
ALTPHONE="34"
FAX="34"
EMAIL="sebastien.soulard@quintiles.com"
ACTIVESTATE="true"
DELETESTATE="false"
UPDATE="true"
PASSWORD="S8gtC57kN6O2i3286"
BEEPER="34"
USERDATEFORMAT="DAY_MONTH_YEAR"
HOMESCREENURL="./Portal/default.htm"
USERMUSTRESETPASSWORD="TRUE"
PRODUCTLOCALE="en-US"
STUDYLOCALE="en-US"/>


<USER  USERNAME="c203175"
USERTYPE="SPONSOR"
FIRSTNAME="Tia"
LASTNAME="Boonyapredee"
DISPLAYNAME="Tia Boonyapredee"
COUNTRY="UNITED STATES"
PHONE="13.31778e+009"
ALTPHONE="1"
FAX="1"
EMAIL="tia.boonyapredee@quintiles.com"
ACTIVESTATE="true"
DELETESTATE="false"
UPDATE="true"
PASSWORD="zM92nE67n5LhB537729"
BEEPER="1"
USERDATEFORMAT="DAY_MONTH_YEAR"
HOMESCREENURL="./Portal/default.htm"
USERMUSTRESETPASSWORD="TRUE"
PRODUCTLOCALE="en-US"
STUDYLOCALE="en-US"/>


<USER  USERNAME="z1x1865"
USERTYPE="SPONSOR"
FIRSTNAME="Gregory"
LASTNAME="Collins"
DISPLAYNAME="Gregory Collins"
COUNTRY="UNITED STATES"
PHONE="13.02376e+009"
ALTPHONE="1"
FAX="1"
EMAIL="Gregory.Collins@Quintiles.com"
ACTIVESTATE="true"
DELETESTATE="false"
UPDATE="true"
PASSWORD="dB8jI4aZ13tY539765"
BEEPER="1"
USERDATEFORMAT="DAY_MONTH_YEAR"
HOMESCREENURL="./Portal/default.htm"
USERMUSTRESETPASSWORD="TRUE"
PRODUCTLOCALE="en-US"
STUDYLOCALE="en-US"/>


<USER  USERNAME="z2x9610"
USERTYPE="SPONSOR"
FIRSTNAME="Laura"
LASTNAME="Williams"
DISPLAYNAME="Laura Williams"
COUNTRY="UNITED STATES"
PHONE="16.17488e+009"
ALTPHONE="1"
FAX="1"
EMAIL="Laura.Williams4@quintiles.com"
ACTIVESTATE="true"
DELETESTATE="false"
UPDATE="true"
PASSWORD="iU60w4Lc88YcX24309"
BEEPER="1"
USERDATEFORMAT="DAY_MONTH_YEAR"
HOMESCREENURL="./Portal/default.htm"
USERMUSTRESETPASSWORD="TRUE"
PRODUCTLOCALE="en-US"
STUDYLOCALE="en-US"/>


<USER  USERNAME="z3x1847"
USERTYPE="SPONSOR"
FIRSTNAME="Angela"
LASTNAME="Sterger"
DISPLAYNAME="Angela Sterger"
COUNTRY="UNITED STATES"
PHONE="17.20203e+009"
ALTPHONE="1"
FAX="1"
EMAIL="angela.sterger@quintiles.com"
ACTIVESTATE="true"
DELETESTATE="false"
UPDATE="true"
PASSWORD="zB11fK7rH8hM556654"
BEEPER="1"
USERDATEFORMAT="DAY_MONTH_YEAR"
HOMESCREENURL="./Portal/default.htm"
USERMUSTRESETPASSWORD="TRUE"
PRODUCTLOCALE="en-US"
STUDYLOCALE="en-US"/>


<USER  USERNAME="z3x1846"
USERTYPE="SPONSOR"
FIRSTNAME="Carol"
LASTNAME="Lewis"
DISPLAYNAME="Carol Lewis"
COUNTRY="UNITED STATES"
PHONE="16.78233e+009"
ALTPHONE="1"
FAX="1"
EMAIL="carol.lewis@quintiles.com"
ACTIVESTATE="true"
DELETESTATE="false"
UPDATE="true"
PASSWORD="c7WxN41dV4tI68690"
BEEPER="1"
USERDATEFORMAT="DAY_MONTH_YEAR"
HOMESCREENURL="./Portal/default.htm"
USERMUSTRESETPASSWORD="TRUE"
PRODUCTLOCALE="en-US"
STUDYLOCALE="en-US"/>


<USER  USERNAME="c057362"
USERTYPE="SPONSOR"
FIRSTNAME="Katrina"
LASTNAME="Cathelyn-Irwin"
DISPLAYNAME="Katrina Cathelyn-Irwin"
COUNTRY="UNITED STATES"
PHONE="13172769376"
ALTPHONE="1"
FAX="1"
EMAIL="cathelyn-irwin_katrina_j@lilly.com"
ACTIVESTATE="true"
DELETESTATE="false"
UPDATE="true"
PASSWORD="f5BeQ57oP63w9A5725"
BEEPER="1"
USERDATEFORMAT="DAY_MONTH_YEAR"
HOMESCREENURL="./Portal/default.htm"
USERMUSTRESETPASSWORD="TRUE"
PRODUCTLOCALE="en-US"
STUDYLOCALE="en-US"/>


<USER  USERNAME="c039825"
USERTYPE="SPONSOR"
FIRSTNAME="David"
LASTNAME="Estelle"
DISPLAYNAME="David Estelle"
COUNTRY="UNITED STATES"
PHONE="13172761799"
ALTPHONE="1"
FAX="1"
EMAIL="estelle_david_e@lilly.com"
ACTIVESTATE="true"
DELETESTATE="false"
UPDATE="true"
PASSWORD="xD2qR5zB0t86L3564"
BEEPER="1"
USERDATEFORMAT="DAY_MONTH_YEAR"
HOMESCREENURL="./Portal/default.htm"
USERMUSTRESETPASSWORD="TRUE"
PRODUCTLOCALE="en-US"
STUDYLOCALE="en-US"/>


<USER  USERNAME="c090108"
USERTYPE="SPONSOR"
FIRSTNAME="Kraig"
LASTNAME="Hodson"
DISPLAYNAME="Kraig Hodson"
COUNTRY="UNITED STATES"
PHONE="13176514674"
ALTPHONE="1"
FAX="1"
EMAIL="Hodson_Kraig_e@lilly.com"
ACTIVESTATE="true"
DELETESTATE="false"
UPDATE="true"
PASSWORD="H8gvM83eD25N9y6525"
BEEPER="1"
USERDATEFORMAT="DAY_MONTH_YEAR"
HOMESCREENURL="./Portal/default.htm"
USERMUSTRESETPASSWORD="TRUE"
PRODUCTLOCALE="en-US"
STUDYLOCALE="en-US"/>


<USER  USERNAME="c149066"
USERTYPE="SPONSOR"
FIRSTNAME="Yang"
LASTNAME="Liu"
DISPLAYNAME="Yang Liu"
COUNTRY="UNITED STATES"
PHONE="13172777362"
ALTPHONE="1"
FAX="1"
EMAIL="liu_yang@lilly.com"
ACTIVESTATE="true"
DELETESTATE="false"
UPDATE="true"
PASSWORD="jO9F9vaU3O2o6427"
BEEPER="1"
USERDATEFORMAT="DAY_MONTH_YEAR"
HOMESCREENURL="./Portal/default.htm"
USERMUSTRESETPASSWORD="TRUE"
PRODUCTLOCALE="en-US"
STUDYLOCALE="en-US"/>


<USER  USERNAME="c131994"
USERTYPE="SPONSOR"
FIRSTNAME="Jane"
LASTNAME="Njoroge"
DISPLAYNAME="Jane Njoroge"
COUNTRY="UNITED STATES"
PHONE="13172768638"
ALTPHONE="1"
FAX="1"
EMAIL="njoroge_jane_n@lilly.com"
ACTIVESTATE="true"
DELETESTATE="false"
UPDATE="true"
PASSWORD="kY84tQ50D2hl8Y6401"
BEEPER="1"
USERDATEFORMAT="DAY_MONTH_YEAR"
HOMESCREENURL="./Portal/default.htm"
USERMUSTRESETPASSWORD="TRUE"
PRODUCTLOCALE="en-US"
STUDYLOCALE="en-US"/>


<USER  USERNAME="c022433"
USERTYPE="SPONSOR"
FIRSTNAME="Domenica"
LASTNAME="Riley"
DISPLAYNAME="Domenica Riley"
COUNTRY="UNITED STATES"
PHONE="13172764000"
ALTPHONE="1"
FAX="1"
EMAIL="riley_domenica_m@lilly.com"
ACTIVESTATE="true"
DELETESTATE="false"
UPDATE="true"
PASSWORD="rW14b85PZ9yg91P8129"
BEEPER="1"
USERDATEFORMAT="DAY_MONTH_YEAR"
HOMESCREENURL="./Portal/default.htm"
USERMUSTRESETPASSWORD="TRUE"
PRODUCTLOCALE="en-US"
STUDYLOCALE="en-US"/>


<USER  USERNAME="swall"
USERTYPE="SITE"
FIRSTNAME="Sandra"
LASTNAME="Wall"
DISPLAYNAME="Sandra Wall"
COUNTRY="UNITED STATES"
PHONE="17067214430"
ALTPHONE="1"
FAX="1"
EMAIL="swall@gru.edu"
ACTIVESTATE="true"
DELETESTATE="false"
UPDATE="true"
PASSWORD="d76Rf25QkE7gW87330"
BEEPER="1"
USERDATEFORMAT="DAY_MONTH_YEAR"
HOMESCREENURL="./Portal/default.htm"
USERMUSTRESETPASSWORD="TRUE"
PRODUCTLOCALE="en-US"
STUDYLOCALE="en-US"/>


<USER  USERNAME="sporter"
USERTYPE="SITE"
FIRSTNAME="Stephanie"
LASTNAME="Porter"
DISPLAYNAME="Stephanie Porter"
COUNTRY="UNITED STATES"
PHONE="18284181342"
ALTPHONE="1"
FAX="1"
EMAIL="sporter@hopewcc.com"
ACTIVESTATE="true"
DELETESTATE="false"
UPDATE="true"
PASSWORD="gH9fN17vY3b0M6885"
BEEPER="1"
USERDATEFORMAT="DAY_MONTH_YEAR"
HOMESCREENURL="./Portal/default.htm"
USERMUSTRESETPASSWORD="TRUE"
PRODUCTLOCALE="en-US"
STUDYLOCALE="en-US"/>


<USER  USERNAME="dmiller"
USERTYPE="SITE"
FIRSTNAME="Donald"
LASTNAME="Miller"
DISPLAYNAME="Donald Miller"
COUNTRY="UNITED STATES"
PHONE="13013192367"
ALTPHONE="1"
FAX="1"
EMAIL="donald.m.miller52.ctr@mail.mil"
ACTIVESTATE="true"
DELETESTATE="false"
UPDATE="true"
PASSWORD="vM66kR17x6ZcT493848"
BEEPER="1"
USERDATEFORMAT="DAY_MONTH_YEAR"
HOMESCREENURL="./Portal/default.htm"
USERMUSTRESETPASSWORD="TRUE"
PRODUCTLOCALE="en-US"
STUDYLOCALE="en-US"/>


<USER  USERNAME="wcshih"
USERTYPE="SITE"
FIRSTNAME="Wan-Ching"
LASTNAME="Shih"
DISPLAYNAME="Wan-Ching Shih"
COUNTRY="TAIWAN, PROVINCE OF CHINA"
PHONE="8868.86972e+011"
ALTPHONE="886"
FAX="886"
EMAIL="jenny_wangchang@yahoo.com.tw"
ACTIVESTATE="true"
DELETESTATE="false"
UPDATE="true"
PASSWORD="bL43a78KvU15rU33866"
BEEPER="886"
USERDATEFORMAT="DAY_MONTH_YEAR"
HOMESCREENURL="./Portal/default.htm"
USERMUSTRESETPASSWORD="TRUE"
PRODUCTLOCALE="en-US"
STUDYLOCALE="en-US"/>


<USER  USERNAME="lmtseng"
USERTYPE="SITE"
FIRSTNAME="Ling-Ming"
LASTNAME="Tseng"
DISPLAYNAME="Ling-Ming Tseng"
COUNTRY="TAIWAN, PROVINCE OF CHINA"
PHONE="8868.86229e+007"
ALTPHONE="886"
FAX="886"
EMAIL="lmtseng@vghtpe.gov.tw"
ACTIVESTATE="true"
DELETESTATE="false"
UPDATE="true"
PASSWORD="l94OaB87j6PwW9521"
BEEPER="886"
USERDATEFORMAT="DAY_MONTH_YEAR"
HOMESCREENURL="./Portal/default.htm"
USERMUSTRESETPASSWORD="TRUE"
PRODUCTLOCALE="en-US"
STUDYLOCALE="en-US"/>


<USER  USERNAME="Yim"
USERTYPE="SITE"
FIRSTNAME="Young-Hyuck"
LASTNAME="im"
DISPLAYNAME="Young-Hyuck im"
COUNTRY="KOREA, REPUBLIC OF"
PHONE="828.22341e+010"
ALTPHONE="82"
FAX="82"
EMAIL="imyh00@skku.edu"
ACTIVESTATE="true"
DELETESTATE="false"
UPDATE="true"
PASSWORD="zD4eF87lF4P7l7384"
BEEPER="82"
USERDATEFORMAT="DAY_MONTH_YEAR"
HOMESCREENURL="./Portal/default.htm"
USERMUSTRESETPASSWORD="TRUE"
PRODUCTLOCALE="en-US"
STUDYLOCALE="en-US"/>


<USER  USERNAME="gmkim"
USERTYPE="SITE"
FIRSTNAME="Gun Min"
LASTNAME="Kim"
DISPLAYNAME="Gun Min Kim"
COUNTRY="KOREA, REPUBLIC OF"
PHONE="828.21038e+011"
ALTPHONE="82"
FAX="82"
EMAIL="GMKIM77@yuhs.ac"
ACTIVESTATE="true"
DELETESTATE="false"
UPDATE="true"
PASSWORD="kV4oB4kW81L0f7371"
BEEPER="82"
USERDATEFORMAT="DAY_MONTH_YEAR"
HOMESCREENURL="./Portal/default.htm"
USERMUSTRESETPASSWORD="TRUE"
PRODUCTLOCALE="en-US"
STUDYLOCALE="en-US"/>


<USER  USERNAME="Skim"
USERTYPE="SITE"
FIRSTNAME="Sung Bae"
LASTNAME="Kim"
DISPLAYNAME="Sung Bae Kim"
COUNTRY="KOREA, REPUBLIC OF"
PHONE="828.22301e+010"
ALTPHONE="82"
FAX="82"
EMAIL="sbkim3@amc.seoul.kr"
ACTIVESTATE="true"
DELETESTATE="false"
UPDATE="true"
PASSWORD="zA19tF4iM59x69C4335"
BEEPER="82"
USERDATEFORMAT="DAY_MONTH_YEAR"
HOMESCREENURL="./Portal/default.htm"
USERMUSTRESETPASSWORD="TRUE"
PRODUCTLOCALE="en-US"
STUDYLOCALE="en-US"/>


<USER  USERNAME="skoh"
USERTYPE="SITE"
FIRSTNAME="Su Jin"
LASTNAME="Koh"
DISPLAYNAME="Su Jin Koh"
COUNTRY="KOREA, REPUBLIC OF"
PHONE="828.21054e+011"
ALTPHONE="82"
FAX="82"
EMAIL="sujinkoh@daum.net"
ACTIVESTATE="true"
DELETESTATE="false"
UPDATE="true"
PASSWORD="zN69P0fz36NbU477037"
BEEPER="82"
USERDATEFORMAT="DAY_MONTH_YEAR"
HOMESCREENURL="./Portal/default.htm"
USERMUSTRESETPASSWORD="TRUE"
PRODUCTLOCALE="en-US"
STUDYLOCALE="en-US"/>


<USER  USERNAME="ysoochae"
USERTYPE="SITE"
FIRSTNAME="Yee Soo"
LASTNAME="Chae"
DISPLAYNAME="Yee Soo Chae"
COUNTRY="KOREA, REPUBLIC OF"
PHONE="828.2532e+010"
ALTPHONE="82"
FAX="82"
EMAIL="yschae@knu.ac.kr"
ACTIVESTATE="true"
DELETESTATE="false"
UPDATE="true"
PASSWORD="lT50S1fx0Ga6K4000"
BEEPER="82"
USERDATEFORMAT="DAY_MONTH_YEAR"
HOMESCREENURL="./Portal/default.htm"
USERMUSTRESETPASSWORD="TRUE"
PRODUCTLOCALE="en-US"
STUDYLOCALE="en-US"/>


<USER  USERNAME="vguarnieri"
USERTYPE="SITE"
FIRSTNAME="Valentina"
LASTNAME="Guarneri"
DISPLAYNAME="Valentina Guarneri"
COUNTRY="ITALY"
PHONE="394.98215e+008"
ALTPHONE="39"
FAX="39"
EMAIL="valentina.guarneri@unipd.it"
ACTIVESTATE="true"
DELETESTATE="false"
UPDATE="true"
PASSWORD="T2rlJ0yK54s54I8148"
BEEPER="39"
USERDATEFORMAT="DAY_MONTH_YEAR"
HOMESCREENURL="./Portal/default.htm"
USERMUSTRESETPASSWORD="TRUE"
PRODUCTLOCALE="en-US"
STUDYLOCALE="en-US"/>


<USER  USERNAME="lcavanna"
USERTYPE="SITE"
FIRSTNAME="Luigi"
LASTNAME="Cavanna"
DISPLAYNAME="Luigi Cavanna"
COUNTRY="ITALY"
PHONE="395.23303e+008"
ALTPHONE="39"
FAX="39"
EMAIL="L.Cavanna@ausl.pc.it"
ACTIVESTATE="true"
DELETESTATE="false"
UPDATE="true"
PASSWORD="x79QZ3xc5YF9q8135"
BEEPER="39"
USERDATEFORMAT="DAY_MONTH_YEAR"
HOMESCREENURL="./Portal/default.htm"
USERMUSTRESETPASSWORD="TRUE"
PRODUCTLOCALE="en-US"
STUDYLOCALE="en-US"/>


<USER  USERNAME="mdelaurentis"
USERTYPE="SITE"
FIRSTNAME="Michele"
LASTNAME="De Laurentiis"
DISPLAYNAME="Michele De Laurentiis"
COUNTRY="ITALY"
PHONE="398.15904e+008"
ALTPHONE="39"
FAX="39"
EMAIL="m.delaurentiis@breastunit.org"
ACTIVESTATE="true"
DELETESTATE="false"
UPDATE="true"
PASSWORD="Y4rn15OcJ18M1s5715"
BEEPER="39"
USERDATEFORMAT="DAY_MONTH_YEAR"
HOMESCREENURL="./Portal/default.htm"
USERMUSTRESETPASSWORD="TRUE"
PRODUCTLOCALE="en-US"
STUDYLOCALE="en-US"/>


<USER  USERNAME="mcolleoni"
USERTYPE="SITE"
FIRSTNAME="Marco"
LASTNAME="Colleoni"
DISPLAYNAME="Marco Colleoni"
COUNTRY="ITALY"
PHONE="392.5749e+008"
ALTPHONE="39"
FAX="39"
EMAIL="marco.colleoni@ieo.it"
ACTIVESTATE="true"
DELETESTATE="false"
UPDATE="true"
PASSWORD="yJ13tD6eE4jP45394"
BEEPER="39"
USERDATEFORMAT="DAY_MONTH_YEAR"
HOMESCREENURL="./Portal/default.htm"
USERMUSTRESETPASSWORD="TRUE"
PRODUCTLOCALE="en-US"
STUDYLOCALE="en-US"/>


<USER  USERNAME="calbertini"
USERTYPE="SITE"
FIRSTNAME="Carmen"
LASTNAME="Albertini"
DISPLAYNAME="Carmen Albertini"
COUNTRY="AUSTRIA"
PHONE="434.3505e+011"
ALTPHONE="43"
FAX="43"
EMAIL="carmen.albertini@i-med.ac.at"
ACTIVESTATE="true"
DELETESTATE="false"
UPDATE="true"
PASSWORD="jO9yH56g9Cl38H2358"
BEEPER="43"
USERDATEFORMAT="DAY_MONTH_YEAR"
HOMESCREENURL="./Portal/default.htm"
USERMUSTRESETPASSWORD="TRUE"
PRODUCTLOCALE="en-US"
STUDYLOCALE="en-US"/>


<USER  USERNAME="hfuchs"
USERTYPE="SITE"
FIRSTNAME="Hermann"
LASTNAME="Fuchs"
DISPLAYNAME="Hermann Fuchs"
COUNTRY="AUSTRIA"
PHONE="434.33164e+012"
ALTPHONE="43"
FAX="43"
EMAIL="hermann.fuchs@medunigraz.at"
ACTIVESTATE="true"
DELETESTATE="false"
UPDATE="true"
PASSWORD="t70EzF0dA7y1X4443"
BEEPER="43"
USERDATEFORMAT="DAY_MONTH_YEAR"
HOMESCREENURL="./Portal/default.htm"
USERMUSTRESETPASSWORD="TRUE"
PRODUCTLOCALE="en-US"
STUDYLOCALE="en-US"/>


<USER  USERNAME="ibrandl"
USERTYPE="SITE"
FIRSTNAME="Ingeborg"
LASTNAME="Brandl"
DISPLAYNAME="Ingeborg Brandl"
COUNTRY="AUSTRIA"
PHONE="434.31404e+012"
ALTPHONE="43"
FAX="43"
EMAIL="ingeborg.brandl@meduniwien.ac.at"
ACTIVESTATE="true"
DELETESTATE="false"
UPDATE="true"
PASSWORD="l72Nt2Xd82Xj64X4122"
BEEPER="43"
USERDATEFORMAT="DAY_MONTH_YEAR"
HOMESCREENURL="./Portal/default.htm"
USERMUSTRESETPASSWORD="TRUE"
PRODUCTLOCALE="en-US"
STUDYLOCALE="en-US"/>


<USER  USERNAME="dhochsteger"
USERTYPE="SITE"
FIRSTNAME="Daniela"
LASTNAME="Hochsteger"
DISPLAYNAME="Daniela Hochsteger"
COUNTRY="AUSTRIA"
PHONE="434.31404e+012"
ALTPHONE="43"
FAX="43"
EMAIL="daniela.hochsteger@meduniwien.ac.at"
ACTIVESTATE="true"
DELETESTATE="false"
UPDATE="true"
PASSWORD="qP17yO8mU3cA22470"
BEEPER="43"
USERDATEFORMAT="DAY_MONTH_YEAR"
HOMESCREENURL="./Portal/default.htm"
USERMUSTRESETPASSWORD="TRUE"
PRODUCTLOCALE="en-US"
STUDYLOCALE="en-US"/>


<USER  USERNAME="jcarney"
USERTYPE="SITE"
FIRSTNAME="Jennifer"
LASTNAME="Carney"
DISPLAYNAME="Jennifer Carney"
COUNTRY="UNITED STATES"
PHONE="18084328594"
ALTPHONE="1"
FAX="1"
EMAIL="jennifer.f.carney@kp.org"
ACTIVESTATE="true"
DELETESTATE="false"
UPDATE="true"
PASSWORD="eP9b3HrH29Z6l8343"
BEEPER="1"
USERDATEFORMAT="DAY_MONTH_YEAR"
HOMESCREENURL="./Portal/default.htm"
USERMUSTRESETPASSWORD="TRUE"
PRODUCTLOCALE="en-US"
STUDYLOCALE="en-US"/>


<USER  USERNAME="skendall"
USERTYPE="SITE"
FIRSTNAME="Stephan Disean"
LASTNAME="Kendall"
DISPLAYNAME="Stephan Disean Kendall"
COUNTRY="UNITED STATES"
PHONE="18012816864"
ALTPHONE="1"
FAX="1"
EMAIL="studies@utahcancer.com"
ACTIVESTATE="true"
DELETESTATE="false"
UPDATE="true"
PASSWORD="nI4o4KgJ9v0L3208"
BEEPER="1"
USERDATEFORMAT="DAY_MONTH_YEAR"
HOMESCREENURL="./Portal/default.htm"
USERMUSTRESETPASSWORD="TRUE"
PRODUCTLOCALE="en-US"
STUDYLOCALE="en-US"/>


<USER  USERNAME="shurvitx"
USERTYPE="SITE"
FIRSTNAME="Sara"
LASTNAME="Hurvitz"
DISPLAYNAME="Sara Hurvitz"
COUNTRY="UNITED STATES"
PHONE="13106338400"
ALTPHONE="1"
FAX="1"
EMAIL="shurvitz@mednet.ucla.edu"
ACTIVESTATE="true"
DELETESTATE="false"
UPDATE="true"
PASSWORD="nV0z3Xk24VfZ805910"
BEEPER="1"
USERDATEFORMAT="DAY_MONTH_YEAR"
HOMESCREENURL="./Portal/default.htm"
USERMUSTRESETPASSWORD="TRUE"
PRODUCTLOCALE="en-US"
STUDYLOCALE="en-US"/>


<USER  USERNAME="eandreopoulou"
USERTYPE="SITE"
FIRSTNAME="Eleni"
LASTNAME="Andreopoulou"
DISPLAYNAME="Eleni Andreopoulou"
COUNTRY="UNITED STATES"
PHONE="12128210654"
ALTPHONE="1"
FAX="1"
EMAIL="ela9082@med.cornell.edu"
ACTIVESTATE="true"
DELETESTATE="false"
UPDATE="true"
PASSWORD="hN53M5tpV9qH449750"
BEEPER="1"
USERDATEFORMAT="DAY_MONTH_YEAR"
HOMESCREENURL="./Portal/default.htm"
USERMUSTRESETPASSWORD="TRUE"
PRODUCTLOCALE="en-US"
STUDYLOCALE="en-US"/>


<USER  USERNAME="kedwardson"
USERTYPE="SITE"
FIRSTNAME="Kasey"
LASTNAME="Edwardson"
DISPLAYNAME="Kasey Edwardson"
COUNTRY="UNITED STATES"
PHONE="14024844908"
ALTPHONE="1"
FAX="1"
EMAIL="kedwardson@yourcancercare.com"
ACTIVESTATE="true"
DELETESTATE="false"
UPDATE="true"
PASSWORD="c4LtG4xW64pR42245"
BEEPER="1"
USERDATEFORMAT="DAY_MONTH_YEAR"
HOMESCREENURL="./Portal/default.htm"
USERMUSTRESETPASSWORD="TRUE"
PRODUCTLOCALE="en-US"
STUDYLOCALE="en-US"/>


<USER  USERNAME="cblair"
USERTYPE="SITE"
FIRSTNAME="Chelsea"
LASTNAME="Blair"
DISPLAYNAME="Chelsea Blair"
COUNTRY="UNITED STATES"
PHONE="15097834637"
ALTPHONE="1"
FAX="1"
EMAIL="chelsea.blair@kadlecmed.org"
ACTIVESTATE="true"
DELETESTATE="false"
UPDATE="true"
PASSWORD="mW2wH24eF96iQ654022"
BEEPER="1"
USERDATEFORMAT="DAY_MONTH_YEAR"
HOMESCREENURL="./Portal/default.htm"
USERMUSTRESETPASSWORD="TRUE"
PRODUCTLOCALE="en-US"
STUDYLOCALE="en-US"/>


<USER  USERNAME="jmccarthy"
USERTYPE="SITE"
FIRSTNAME="Jillian"
LASTNAME="McCarthy"
DISPLAYNAME="Jillian McCarthy"
COUNTRY="UNITED STATES"
PHONE="18588224516"
ALTPHONE="1"
FAX="1"
EMAIL="jmccarthy@ucsd.edu"
ACTIVESTATE="true"
DELETESTATE="false"
UPDATE="true"
PASSWORD="sW6qH2cB3xF633700"
BEEPER="1"
USERDATEFORMAT="DAY_MONTH_YEAR"
HOMESCREENURL="./Portal/default.htm"
USERMUSTRESETPASSWORD="TRUE"
PRODUCTLOCALE="en-US"
STUDYLOCALE="en-US"/>


<USER  USERNAME="jhodgson"
USERTYPE="SITE"
FIRSTNAME="Jamie"
LASTNAME="Hodgson"
DISPLAYNAME="Jamie Hodgson"
COUNTRY="UNITED STATES"
PHONE="17063532990"
ALTPHONE="1"
FAX="1"
EMAIL="jhodgson@universitycancer.com"
ACTIVESTATE="true"
DELETESTATE="false"
UPDATE="true"
PASSWORD="cX90U3fkW5n79O3379"
BEEPER="1"
USERDATEFORMAT="DAY_MONTH_YEAR"
HOMESCREENURL="./Portal/default.htm"
USERMUSTRESETPASSWORD="TRUE"
PRODUCTLOCALE="en-US"
STUDYLOCALE="en-US"/>


<USER  USERNAME="jwood"
USERTYPE="SITE"
FIRSTNAME="Jamie"
LASTNAME="Wood"
DISPLAYNAME="Jamie Wood"
COUNTRY="UNITED STATES"
PHONE="19016830055"
ALTPHONE="1"
FAX="1"
EMAIL="jwood@westclinic.com"
ACTIVESTATE="true"
DELETESTATE="false"
UPDATE="true"
PASSWORD="xX34eF17I8nY4x3058"
BEEPER="1"
USERDATEFORMAT="DAY_MONTH_YEAR"
HOMESCREENURL="./Portal/default.htm"
USERMUSTRESETPASSWORD="TRUE"
PRODUCTLOCALE="en-US"
STUDYLOCALE="en-US"/>


<USER  USERNAME="z2x1499"
USERTYPE="SPONSOR"
FIRSTNAME="Brandt"
LASTNAME="Parker"
DISPLAYNAME="Brandt Parker"
COUNTRY="UNITED STATES"
PHONE="17.20245e+009"
ALTPHONE="1"
FAX="1"
EMAIL="brandt.parker@quintiles.com"
ACTIVESTATE="true"
DELETESTATE="false"
UPDATE="true"
PASSWORD="nD23C8hy3RvC821006"
BEEPER="1"
USERDATEFORMAT="DAY_MONTH_YEAR"
HOMESCREENURL="./Portal/default.htm"
USERMUSTRESETPASSWORD="TRUE"
PRODUCTLOCALE="en-US"
STUDYLOCALE="en-US"/>


<USER  USERNAME="z2x5929"
USERTYPE="SPONSOR"
FIRSTNAME="Jannette"
LASTNAME="Fahmy"
DISPLAYNAME="Jannette Fahmy"
COUNTRY="UNITED STATES"
PHONE="18.18758e+009"
ALTPHONE="1"
FAX="1"
EMAIL="jannette.fahmy@quintiles.com"
ACTIVESTATE="true"
DELETESTATE="false"
UPDATE="true"
PASSWORD="hG89P0ahP9b6O7732"
BEEPER="1"
USERDATEFORMAT="DAY_MONTH_YEAR"
HOMESCREENURL="./Portal/default.htm"
USERMUSTRESETPASSWORD="TRUE"
PRODUCTLOCALE="en-US"
STUDYLOCALE="en-US"/>


<USER  USERNAME="i3ymcjpby_RE"
USERTYPE="SPONSOR"
FIRSTNAME="Report"
LASTNAME="Extractor"
DISPLAYNAME="Report Extractor"
COUNTRY="UNITED STATES"
PHONE="11"
ALTPHONE="1"
FAX="1"
EMAIL="satish.bantanahal@oracle.com"
ACTIVESTATE="true"
DELETESTATE="false"
UPDATE="true"
PASSWORD="L9cnF3vD70pP39331"
BEEPER="1"
USERDATEFORMAT="DAY_MONTH_YEAR"
HOMESCREENURL="./Portal/default.htm"
USERMUSTRESETPASSWORD="TRUE"
PRODUCTLOCALE="en-US"
STUDYLOCALE="en-US"/>


<USER  USERNAME="rm95095"
USERTYPE="SPONSOR"
FIRSTNAME="Deana"
LASTNAME="Jelley"
DISPLAYNAME="Deana Jelley"
COUNTRY="UNITED STATES"
PHONE="13172941213"
ALTPHONE="1"
FAX="1"
EMAIL="djelley@lilly.com"
ACTIVESTATE="true"
DELETESTATE="false"
UPDATE="true"
PASSWORD="zK4rC43xG1oJ866590"
BEEPER="1"
USERDATEFORMAT="DAY_MONTH_YEAR"
HOMESCREENURL="./Portal/default.htm"
USERMUSTRESETPASSWORD="TRUE"
PRODUCTLOCALE="en-US"
STUDYLOCALE="en-US"/>


<USER  USERNAME="wka0263"
USERTYPE="SPONSOR"
FIRSTNAME="Jeemin"
LASTNAME="Lee"
DISPLAYNAME="Jeemin Lee"
COUNTRY="KOREA, REPUBLIC OF"
PHONE="8282234597739"
ALTPHONE="82"
FAX="82"
EMAIL="lee_jee_min@lilly.com"
ACTIVESTATE="true"
DELETESTATE="false"
UPDATE="true"
PASSWORD="iA52L2qmS5l5H4429"
BEEPER="82"
USERDATEFORMAT="DAY_MONTH_YEAR"
HOMESCREENURL="./Portal/default.htm"
USERMUSTRESETPASSWORD="TRUE"
PRODUCTLOCALE="en-US"
STUDYLOCALE="en-US"/>


<USER  USERNAME="z1x0496"
USERTYPE="SPONSOR"
FIRSTNAME="Jennifer"
LASTNAME="Brodhacker"
DISPLAYNAME="Jennifer Brodhacker"
COUNTRY="UNITED STATES"
PHONE="13174488801"
ALTPHONE="1"
FAX="1"
EMAIL="jennifer.brodhacker@inventivhealth.com"
ACTIVESTATE="true"
DELETESTATE="false"
UPDATE="true"
PASSWORD="r36GL3ncS54kI903800"
BEEPER="1"
USERDATEFORMAT="DAY_MONTH_YEAR"
HOMESCREENURL="./Portal/default.htm"
USERMUSTRESETPASSWORD="TRUE"
PRODUCTLOCALE="en-US"
STUDYLOCALE="en-US"/>


<USER  USERNAME="c083101"
USERTYPE="SPONSOR"
FIRSTNAME="Marcela"
LASTNAME="Almeida"
DISPLAYNAME="Marcela Almeida"
COUNTRY="BRAZIL"
PHONE="55551121446037"
ALTPHONE="55"
FAX="55"
EMAIL="sorgemp@lilly.com"
ACTIVESTATE="true"
DELETESTATE="false"
UPDATE="true"
PASSWORD="kM73d4OaS0D8t3738"
BEEPER="55"
USERDATEFORMAT="DAY_MONTH_YEAR"
HOMESCREENURL="./Portal/default.htm"
USERMUSTRESETPASSWORD="TRUE"
PRODUCTLOCALE="en-US"
STUDYLOCALE="en-US"/>


<USER  USERNAME="c015393"
USERTYPE="SPONSOR"
FIRSTNAME="Markay"
LASTNAME="Burkhart"
DISPLAYNAME="Markay Burkhart"
COUNTRY="UNITED STATES"
PHONE="13176519028"
ALTPHONE="1"
FAX="1"
EMAIL="burkhart_markay_l@lilly.com"
ACTIVESTATE="true"
DELETESTATE="false"
UPDATE="true"
PASSWORD="xK79qF41D0bj3I6390"
BEEPER="1"
USERDATEFORMAT="DAY_MONTH_YEAR"
HOMESCREENURL="./Portal/default.htm"
USERMUSTRESETPASSWORD="TRUE"
PRODUCTLOCALE="en-US"
STUDYLOCALE="en-US"/>


<USER  USERNAME="cshuang"
USERTYPE="SITE"
FIRSTNAME="Chiun-Sheng"
LASTNAME="Huang"
DISPLAYNAME="Chiun-Sheng Huang"
COUNTRY="TAIWAN, PROVINCE OF CHINA"
PHONE="8868.86223e+011"
ALTPHONE="886"
FAX="886"
EMAIL="huangcs@ntu.edu.tw"
ACTIVESTATE="true"
DELETESTATE="false"
UPDATE="true"
PASSWORD="gQ90iW16bD21yA243941"
BEEPER="886"
USERDATEFORMAT="DAY_MONTH_YEAR"
HOMESCREENURL="./Portal/default.htm"
USERMUSTRESETPASSWORD="TRUE"
PRODUCTLOCALE="en-US"
STUDYLOCALE="en-US"/>


<USER  USERNAME="stchen"
USERTYPE="SITE"
FIRSTNAME="Shou-Tung"
LASTNAME="Chen"
DISPLAYNAME="Shou-Tung Chen"
COUNTRY="TAIWAN, PROVINCE OF CHINA"
PHONE="8868.86472e+010"
ALTPHONE="886"
FAX="886"
EMAIL="1886@cch.org.tw"
ACTIVESTATE="true"
DELETESTATE="false"
UPDATE="true"
PASSWORD="nS1r0Xg4JC0e4200"
BEEPER="886"
USERDATEFORMAT="DAY_MONTH_YEAR"
HOMESCREENURL="./Portal/default.htm"
USERMUSTRESETPASSWORD="TRUE"
PRODUCTLOCALE="en-US"
STUDYLOCALE="en-US"/>


<USER  USERNAME="hcchung"
USERTYPE="SITE"
FIRSTNAME="Hsiu-Chin"
LASTNAME="Chuang"
DISPLAYNAME="Hsiu-Chin Chuang"
COUNTRY="TAIWAN, PROVINCE OF CHINA"
PHONE="8868.86472e+010"
ALTPHONE="886"
FAX="886"
EMAIL="25390@cch.org.tw"
ACTIVESTATE="true"
DELETESTATE="false"
UPDATE="true"
PASSWORD="bY81m1XeX19h67W1164"
BEEPER="886"
USERDATEFORMAT="DAY_MONTH_YEAR"
HOMESCREENURL="./Portal/default.htm"
USERMUSTRESETPASSWORD="TRUE"
PRODUCTLOCALE="en-US"
STUDYLOCALE="en-US"/>


<USER  USERNAME="mhubalek"
USERTYPE="SITE"
FIRSTNAME="Michael"
LASTNAME="Hubalek"
DISPLAYNAME="Michael Hubalek"
COUNTRY="AUSTRIA"
PHONE="434.3505e+011"
ALTPHONE="43"
FAX="43"
EMAIL="michael.hubalek@i-med.ac.at"
ACTIVESTATE="true"
DELETESTATE="false"
UPDATE="true"
PASSWORD="q0LeF56uZ30S5j3876"
BEEPER="43"
USERDATEFORMAT="DAY_MONTH_YEAR"
HOMESCREENURL="./Portal/default.htm"
USERMUSTRESETPASSWORD="TRUE"
PRODUCTLOCALE="en-US"
STUDYLOCALE="en-US"/>


<USER  USERNAME="epetru"
USERTYPE="SITE"
FIRSTNAME="Edgar"
LASTNAME="Petru"
DISPLAYNAME="Edgar Petru"
COUNTRY="AUSTRIA"
PHONE="434.33164e+012"
ALTPHONE="43"
FAX="43"
EMAIL="edgar.petru@medunigraz.at"
ACTIVESTATE="true"
DELETESTATE="false"
UPDATE="true"
PASSWORD="g5PeM96lU78u57L532"
BEEPER="43"
USERDATEFORMAT="DAY_MONTH_YEAR"
HOMESCREENURL="./Portal/default.htm"
USERMUSTRESETPASSWORD="TRUE"
PRODUCTLOCALE="en-US"
STUDYLOCALE="en-US"/>


<USER  USERNAME="csinger"
USERTYPE="SITE"
FIRSTNAME="Christian"
LASTNAME="Singer"
DISPLAYNAME="Christian Singer"
COUNTRY="AUSTRIA"
PHONE="434.31404e+012"
ALTPHONE="43"
FAX="43"
EMAIL="christian.singer@meduniwien.ac.at"
ACTIVESTATE="true"
DELETESTATE="false"
UPDATE="true"
PASSWORD="tV4cO45eT9jL139801"
BEEPER="43"
USERDATEFORMAT="DAY_MONTH_YEAR"
HOMESCREENURL="./Portal/default.htm"
USERMUSTRESETPASSWORD="TRUE"
PRODUCTLOCALE="en-US"
STUDYLOCALE="en-US"/>


<USER  USERNAME="rm36132"
USERTYPE="SPONSOR"
FIRSTNAME="Jan"
LASTNAME="Myers"
DISPLAYNAME="Jan Myers"
COUNTRY="UNITED STATES"
PHONE="13172776603"
ALTPHONE="1"
FAX="1"
EMAIL="myers_jan_e@lilly.com"
ACTIVESTATE="true"
DELETESTATE="false"
UPDATE="true"
PASSWORD="dW50W4hiN0b73L6484"
BEEPER="1"
USERDATEFORMAT="DAY_MONTH_YEAR"
HOMESCREENURL="./Portal/default.htm"
USERMUSTRESETPASSWORD="TRUE"
PRODUCTLOCALE="en-US"
STUDYLOCALE="en-US"/>


<USER  USERNAME="c089548"
USERTYPE="SPONSOR"
FIRSTNAME="Douglas"
LASTNAME="Roepke"
DISPLAYNAME="Douglas Roepke"
COUNTRY="UNITED STATES"
PHONE="13172767364"
ALTPHONE="1"
FAX="1"
EMAIL="roepke_douglas_andrew@lilly.com"
ACTIVESTATE="true"
DELETESTATE="false"
UPDATE="true"
PASSWORD="P7xv33Ft4RxX66730"
BEEPER="1"
USERDATEFORMAT="DAY_MONTH_YEAR"
HOMESCREENURL="./Portal/default.htm"
USERMUSTRESETPASSWORD="TRUE"
PRODUCTLOCALE="en-US"
STUDYLOCALE="en-US"/>


<USER  USERNAME="rm87794"
USERTYPE="SPONSOR"
FIRSTNAME="Vish"
LASTNAME="Watkins"
DISPLAYNAME="Vish Watkins"
COUNTRY="UNITED STATES"
PHONE="13172778350"
ALTPHONE="1"
FAX="1"
EMAIL="Watkins_vish_s@lilly.com"
ACTIVESTATE="true"
DELETESTATE="false"
UPDATE="true"
PASSWORD="jG4bM90f9GF8y8766"
BEEPER="1"
USERDATEFORMAT="DAY_MONTH_YEAR"
HOMESCREENURL="./Portal/default.htm"
USERMUSTRESETPASSWORD="TRUE"
PRODUCTLOCALE="en-US"
STUDYLOCALE="en-US"/>


<USER  USERNAME="rm80655"
USERTYPE="SPONSOR"
FIRSTNAME="Michael"
LASTNAME="Zeckel"
DISPLAYNAME="Michael Zeckel"
COUNTRY="UNITED STATES"
PHONE="13176515798"
ALTPHONE="1"
FAX="1"
EMAIL="mlzeckel@lilly.com"
ACTIVESTATE="true"
DELETESTATE="false"
UPDATE="true"
PASSWORD="iQ62f8YiH52wT53015"
BEEPER="1"
USERDATEFORMAT="DAY_MONTH_YEAR"
HOMESCREENURL="./Portal/default.htm"
USERMUSTRESETPASSWORD="TRUE"
PRODUCTLOCALE="en-US"
STUDYLOCALE="en-US"/>


<USER  USERNAME="c079244"
USERTYPE="SPONSOR"
FIRSTNAME="Roseanne"
LASTNAME="Balog"
DISPLAYNAME="Roseanne Balog"
COUNTRY="UNITED STATES"
PHONE="13174338936"
ALTPHONE="1"
FAX="1"
EMAIL="balog_rosanne_m@lilly.com"
ACTIVESTATE="true"
DELETESTATE="false"
UPDATE="true"
PASSWORD="hN42vU50x6Rw9U9865"
BEEPER="1"
USERDATEFORMAT="DAY_MONTH_YEAR"
HOMESCREENURL="./Portal/default.htm"
USERMUSTRESETPASSWORD="TRUE"
PRODUCTLOCALE="en-US"
STUDYLOCALE="en-US"/>


<USER  USERNAME="z2x1697"
USERTYPE="SPONSOR"
FIRSTNAME="John"
LASTNAME="Nguyen"
DISPLAYNAME="John Nguyen"
COUNTRY="UNITED STATES"
PHONE="14.08923e+009"
ALTPHONE="1"
FAX="1"
EMAIL="john.nguyen@quintiles.com"
ACTIVESTATE="true"
DELETESTATE="false"
UPDATE="true"
PASSWORD="oU0aK9xW48cC866757"
BEEPER="1"
USERDATEFORMAT="DAY_MONTH_YEAR"
HOMESCREENURL="./Portal/default.htm"
USERMUSTRESETPASSWORD="TRUE"
PRODUCTLOCALE="en-US"
STUDYLOCALE="en-US"/>


<USER  USERNAME="z2x2460"
USERTYPE="SPONSOR"
FIRSTNAME="Azfar"
LASTNAME="Siddiqui"
DISPLAYNAME="Azfar Siddiqui"
COUNTRY="UNITED STATES"
PHONE="14.24248e+009"
ALTPHONE="1"
FAX="1"
EMAIL="azfar.siddiqui@quintiles.com"
ACTIVESTATE="true"
DELETESTATE="false"
UPDATE="true"
PASSWORD="pV8B1pvD5mY69768"
BEEPER="1"
USERDATEFORMAT="DAY_MONTH_YEAR"
HOMESCREENURL="./Portal/default.htm"
USERMUSTRESETPASSWORD="TRUE"
PRODUCTLOCALE="en-US"
STUDYLOCALE="en-US"/>


<USER  USERNAME="z3x2560"
USERTYPE="SPONSOR"
FIRSTNAME="Chethan"
LASTNAME="Bezawada"
DISPLAYNAME="Chethan Bezawada"
COUNTRY="UNITED STATES"
PHONE="16.43604e+008"
ALTPHONE="1"
FAX="1"
EMAIL="chethan.bezawada@quintiles.com"
ACTIVESTATE="true"
DELETESTATE="false"
UPDATE="true"
PASSWORD="gB8yV38f1AgK607335"
BEEPER="1"
USERDATEFORMAT="DAY_MONTH_YEAR"
HOMESCREENURL="./Portal/default.htm"
USERMUSTRESETPASSWORD="TRUE"
PRODUCTLOCALE="en-US"
STUDYLOCALE="en-US"/>


<USER  USERNAME="z2x3300"
USERTYPE="SPONSOR"
FIRSTNAME="Donna"
LASTNAME="Edwards"
DISPLAYNAME="Donna Edwards"
COUNTRY="UNITED STATES"
PHONE="16.15421e+009"
ALTPHONE="1"
FAX="1"
EMAIL="donna.edwards@quintiles.com"
ACTIVESTATE="true"
DELETESTATE="false"
UPDATE="true"
PASSWORD="rU57eX5i1XkJ291879"
BEEPER="1"
USERDATEFORMAT="DAY_MONTH_YEAR"
HOMESCREENURL="./Portal/default.htm"
USERMUSTRESETPASSWORD="TRUE"
PRODUCTLOCALE="en-US"
STUDYLOCALE="en-US"/>


<USER  USERNAME="z3x3124"
USERTYPE="SPONSOR"
FIRSTNAME="Shawn"
LASTNAME="Smekal"
DISPLAYNAME="Shawn Smekal"
COUNTRY="UNITED STATES"
PHONE="19.19325e+009"
ALTPHONE="1"
FAX="1"
EMAIL="shawn.smekal@quintiles.com"
ACTIVESTATE="true"
DELETESTATE="false"
UPDATE="true"
PASSWORD="wN40oZ57T0jzI96322"
BEEPER="1"
USERDATEFORMAT="DAY_MONTH_YEAR"
HOMESCREENURL="./Portal/default.htm"
USERMUSTRESETPASSWORD="TRUE"
PRODUCTLOCALE="en-US"
STUDYLOCALE="en-US"/>


<USER  USERNAME="c200015"
USERTYPE="SPONSOR"
FIRSTNAME="Mary"
LASTNAME="Stroupe"
DISPLAYNAME="Mary Stroupe"
COUNTRY="UNITED STATES"
PHONE="19.19769e+009"
ALTPHONE="1"
FAX="1"
EMAIL="mary.stroupe@quintiles.com"
ACTIVESTATE="true"
DELETESTATE="false"
UPDATE="true"
PASSWORD="fP6wD1oZ54S6i558"
BEEPER="1"
USERDATEFORMAT="DAY_MONTH_YEAR"
HOMESCREENURL="./Portal/default.htm"
USERMUSTRESETPASSWORD="TRUE"
PRODUCTLOCALE="en-US"
STUDYLOCALE="en-US"/>


<USER  USERNAME="z1x1832"
USERTYPE="SPONSOR"
FIRSTNAME="Sandra"
LASTNAME="Shwab"
DISPLAYNAME="Sandra Shwab"
COUNTRY="UNITED STATES"
PHONE="16.15309e+009"
ALTPHONE="1"
FAX="1"
EMAIL="Sandra.Shwab@Quintiles.com"
ACTIVESTATE="true"
DELETESTATE="false"
UPDATE="true"
PASSWORD="jD0cB24qC90pJ97716"
BEEPER="1"
USERDATEFORMAT="DAY_MONTH_YEAR"
HOMESCREENURL="./Portal/default.htm"
USERMUSTRESETPASSWORD="TRUE"
PRODUCTLOCALE="en-US"
STUDYLOCALE="en-US"/>


<USER  USERNAME="z3x0576"
USERTYPE="SPONSOR"
FIRSTNAME="Patrick"
LASTNAME="Collicutt"
DISPLAYNAME="Patrick Collicutt"
COUNTRY="UNITED STATES"
PHONE="15.14305e+009"
ALTPHONE="1"
FAX="1"
EMAIL="patrick.collicutt@quintiles.com"
ACTIVESTATE="true"
DELETESTATE="false"
UPDATE="true"
PASSWORD="rB21p3HiV35r6M9444"
BEEPER="1"
USERDATEFORMAT="DAY_MONTH_YEAR"
HOMESCREENURL="./Portal/default.htm"
USERMUSTRESETPASSWORD="TRUE"
PRODUCTLOCALE="en-US"
STUDYLOCALE="en-US"/>


<USER  USERNAME="z2x6039"
USERTYPE="SPONSOR"
FIRSTNAME="Merri Ellen"
LASTNAME="King"
DISPLAYNAME="Merri Ellen King"
COUNTRY="UNITED STATES"
PHONE="12.17341e+009"
ALTPHONE="1"
FAX="1"
EMAIL="merriellen.king@quintiles.com"
ACTIVESTATE="true"
DELETESTATE="false"
UPDATE="true"
PASSWORD="qI62iI6h2CmC91890"
BEEPER="1"
USERDATEFORMAT="DAY_MONTH_YEAR"
HOMESCREENURL="./Portal/default.htm"
USERMUSTRESETPASSWORD="TRUE"
PRODUCTLOCALE="en-US"
STUDYLOCALE="en-US"/>


<USER  USERNAME="z1x2603"
USERTYPE="SPONSOR"
FIRSTNAME="Duyen"
LASTNAME="Nguyen"
DISPLAYNAME="Duyen Nguyen"
COUNTRY="UNITED STATES"
PHONE="17.60529e+009"
ALTPHONE="1"
FAX="1"
EMAIL="duyen.nguyen@quintiles.com"
ACTIVESTATE="true"
DELETESTATE="false"
UPDATE="true"
PASSWORD="sY9r66VJ2hlB28703"
BEEPER="1"
USERDATEFORMAT="DAY_MONTH_YEAR"
HOMESCREENURL="./Portal/default.htm"
USERMUSTRESETPASSWORD="TRUE"
PRODUCTLOCALE="en-US"
STUDYLOCALE="en-US"/>


<USER  USERNAME="sclark"
USERTYPE="SITE"
FIRSTNAME="Shelley"
LASTNAME="Clark"
DISPLAYNAME="Shelley Clark"
COUNTRY="UNITED STATES"
PHONE="18084324689"
ALTPHONE="1"
FAX="1"
EMAIL="shelley.a.clark@kp.org"
ACTIVESTATE="true"
DELETESTATE="false"
UPDATE="true"
PASSWORD="K6ymC43p8MnV07441"
BEEPER="1"
USERDATEFORMAT="DAY_MONTH_YEAR"
HOMESCREENURL="./Portal/default.htm"
USERMUSTRESETPASSWORD="TRUE"
PRODUCTLOCALE="en-US"
STUDYLOCALE="en-US"/>


<USER  USERNAME="jwalker"
USERTYPE="SITE"
FIRSTNAME="Johnny"
LASTNAME="Walker"
DISPLAYNAME="Johnny Walker"
COUNTRY="UNITED STATES"
PHONE="18012816864"
ALTPHONE="1"
FAX="1"
EMAIL="jwalker@utahcancer.com"
ACTIVESTATE="true"
DELETESTATE="false"
UPDATE="true"
PASSWORD="k39YcD0jF5eH34713"
BEEPER="1"
USERDATEFORMAT="DAY_MONTH_YEAR"
HOMESCREENURL="./Portal/default.htm"
USERMUSTRESETPASSWORD="TRUE"
PRODUCTLOCALE="en-US"
STUDYLOCALE="en-US"/>


<USER  USERNAME="mrocha"
USERTYPE="SITE"
FIRSTNAME="Monica"
LASTNAME="Rocha"
DISPLAYNAME="Monica Rocha"
COUNTRY="UNITED STATES"
PHONE="13105826349"
ALTPHONE="1"
FAX="1"
EMAIL="mprocha@mednet.ucla.edu"
ACTIVESTATE="true"
DELETESTATE="false"
UPDATE="true"
PASSWORD="fP8cH0F9jd1G1677"
BEEPER="1"
USERDATEFORMAT="DAY_MONTH_YEAR"
HOMESCREENURL="./Portal/default.htm"
USERMUSTRESETPASSWORD="TRUE"
PRODUCTLOCALE="en-US"
STUDYLOCALE="en-US"/>


<USER  USERNAME="eavery"
USERTYPE="SITE"
FIRSTNAME="Eric"
LASTNAME="Avery"
DISPLAYNAME="Eric Avery"
COUNTRY="UNITED STATES"
PHONE="14024844900"
ALTPHONE="1"
FAX="1"
EMAIL="eavery@yourcancercare.com"
ACTIVESTATE="true"
DELETESTATE="false"
UPDATE="true"
PASSWORD="uY51dJ4dV3z95W1048"
BEEPER="1"
USERDATEFORMAT="DAY_MONTH_YEAR"
HOMESCREENURL="./Portal/default.htm"
USERMUSTRESETPASSWORD="TRUE"
PRODUCTLOCALE="en-US"
STUDYLOCALE="en-US"/>


<USER  USERNAME="egamboa"
USERTYPE="SITE"
FIRSTNAME="Eric"
LASTNAME="Gamboa"
DISPLAYNAME="Eric Gamboa"
COUNTRY="UNITED STATES"
PHONE="15097834637"
ALTPHONE="1"
FAX="1"
EMAIL="egamboa@kadlecmed.org"
ACTIVESTATE="true"
DELETESTATE="false"
UPDATE="true"
PASSWORD="S0ugC73iG4x5N5848"
BEEPER="1"
USERDATEFORMAT="DAY_MONTH_YEAR"
HOMESCREENURL="./Portal/default.htm"
USERMUSTRESETPASSWORD="TRUE"
PRODUCTLOCALE="en-US"
STUDYLOCALE="en-US"/>


<USER  USERNAME="thelsten"
USERTYPE="SITE"
FIRSTNAME="Teresa"
LASTNAME="Helsten"
DISPLAYNAME="Teresa Helsten"
COUNTRY="UNITED STATES"
PHONE="18588226195"
ALTPHONE="1"
FAX="1"
EMAIL="thelsten@ucsd.edu"
ACTIVESTATE="true"
DELETESTATE="false"
UPDATE="true"
PASSWORD="k8YA5uA2sF9m2196"
BEEPER="1"
USERDATEFORMAT="DAY_MONTH_YEAR"
HOMESCREENURL="./Portal/default.htm"
USERMUSTRESETPASSWORD="TRUE"
PRODUCTLOCALE="en-US"
STUDYLOCALE="en-US"/>


<USER  USERNAME="pnikolinakos"
USERTYPE="SITE"
FIRSTNAME="Petros George"
LASTNAME="Nikolinakos"
DISPLAYNAME="Petros George Nikolinakos"
COUNTRY="UNITED STATES"
PHONE="17063532990"
ALTPHONE="1"
FAX="1"
EMAIL="ctpn@universitycancer.com"
ACTIVESTATE="true"
DELETESTATE="false"
UPDATE="true"
PASSWORD="u9IhL62hA9dK81874"
BEEPER="1"
USERDATEFORMAT="DAY_MONTH_YEAR"
HOMESCREENURL="./Portal/default.htm"
USERMUSTRESETPASSWORD="TRUE"
PRODUCTLOCALE="en-US"
STUDYLOCALE="en-US"/>


<USER  USERNAME="lschwartzberg"
USERTYPE="SITE"
FIRSTNAME="Lee"
LASTNAME="Schwartzberg"
DISPLAYNAME="Lee Schwartzberg"
COUNTRY="UNITED STATES"
PHONE="19016830055"
ALTPHONE="1"
FAX="1"
EMAIL="lschwartzberg@westclinic.com"
ACTIVESTATE="true"
DELETESTATE="false"
UPDATE="true"
PASSWORD="p0CmP62j63QZ3q8737"
BEEPER="1"
USERDATEFORMAT="DAY_MONTH_YEAR"
HOMESCREENURL="./Portal/default.htm"
USERMUSTRESETPASSWORD="TRUE"
PRODUCTLOCALE="en-US"
STUDYLOCALE="en-US"/>


<USER  USERNAME="stang"
USERTYPE="SITE"
FIRSTNAME="Shou-Ching"
LASTNAME="Tang"
DISPLAYNAME="Shou-Ching Tang"
COUNTRY="UNITED STATES"
PHONE="17067210548"
ALTPHONE="1"
FAX="1"
EMAIL="stang@gru.edu"
ACTIVESTATE="true"
DELETESTATE="false"
UPDATE="true"
PASSWORD="P9ctK57K7ur6R1232"
BEEPER="1"
USERDATEFORMAT="DAY_MONTH_YEAR"
HOMESCREENURL="./Portal/default.htm"
USERMUSTRESETPASSWORD="TRUE"
PRODUCTLOCALE="en-US"
STUDYLOCALE="en-US"/>


<USER  USERNAME="charkness"
USERTYPE="SITE"
FIRSTNAME="Cameron"
LASTNAME="Harkness"
DISPLAYNAME="Cameron Harkness"
COUNTRY="UNITED STATES"
PHONE="18284181342"
ALTPHONE="1"
FAX="1"
EMAIL="harknessresearch@hopewcc.com"
ACTIVESTATE="true"
DELETESTATE="false"
UPDATE="true"
PASSWORD="C4dsI7qZ6t8J8711"
BEEPER="1"
USERDATEFORMAT="DAY_MONTH_YEAR"
HOMESCREENURL="./Portal/default.htm"
USERMUSTRESETPASSWORD="TRUE"
PRODUCTLOCALE="en-US"
STUDYLOCALE="en-US"/>


<USER  USERNAME="jperkins"
USERTYPE="SITE"
FIRSTNAME="Jeremy"
LASTNAME="Perkins"
DISPLAYNAME="Jeremy Perkins"
COUNTRY="UNITED STATES"
PHONE="13013698675"
ALTPHONE="1"
FAX="1"
EMAIL="jeremy.g.perkins2.mil@mail.mil"
ACTIVESTATE="true"
DELETESTATE="false"
UPDATE="true"
PASSWORD="j3QwS57z90XvD75058"
BEEPER="1"
USERDATEFORMAT="DAY_MONTH_YEAR"
HOMESCREENURL="./Portal/default.htm"
USERMUSTRESETPASSWORD="TRUE"
PRODUCTLOCALE="en-US"
STUDYLOCALE="en-US"/>


<USER  USERNAME="jtaguchi"
USERTYPE="SITE"
FIRSTNAME="Julie"
LASTNAME="Taguchi"
DISPLAYNAME="Julie Taguchi"
COUNTRY="UNITED STATES"
PHONE="18058983270"
ALTPHONE="1"
FAX="1"
EMAIL="jtaguchi@sansumclinic.org"
ACTIVESTATE="true"
DELETESTATE="false"
UPDATE="true"
PASSWORD="gX64m6BdP4mL935045"
BEEPER="1"
USERDATEFORMAT="DAY_MONTH_YEAR"
HOMESCREENURL="./Portal/default.htm"
USERMUSTRESETPASSWORD="TRUE"
PRODUCTLOCALE="en-US"
STUDYLOCALE="en-US"/>


</MEDMLDATA>