<?xml version="1.0"?>
<MEDMLDATA xmlns="PhaseForward-MedML-Inform4">

<ITEMGROUP 
GROUPNAME="Data_Manager_ReadOnly"
GROUPDESCRIPTION="Items that are hidden by design and should be viewable to Data Manager.">
 <!-- Insert ItemRef Names -->
<ITEMREF REFNAME="SYSTCAT_SYST3F2"/>
<ITEMREF REFNAME="SYSTMDLY_SYST3F2"/>
<ITEMREF REFNAME="SYSTTRT_MAP_SYST3F2"/>
<ITEMREF REFNAME="TERM_TO_CODE_IPD3MH8F1"/>
<ITEMREF REFNAME="TRTTERMCD_CM1F1"/>
<ITEMREF REFNAME="TRTTERMCD_CM2001_F2"/>
<ITEMREF REFNAME="TRTTERMCD_SYST3F2"/>
<ITEMREF REFNAME="TUCAT_TU1F1S1"/>
<ITEMREF REFNAME="TUCAT_TU2F1"/>
<ITEMREF REFNAME="TUCAT_TU2F2"/>
<ITEMREF REFNAME="AECAT_AE4001_F1"/>
<ITEMREF REFNAME="AECAT_AE4001_F2"/>
<ITEMREF REFNAME="AEDECOD_AE4001_F2"/>
<ITEMREF REFNAME="AELLTCD_AE4001_F2"/>
<ITEMREF REFNAME="AELLT_AE4001_F2"/>
<ITEMREF REFNAME="AETERM_MAP_AE4001_F2"/>
<ITEMREF REFNAME="CMCAT_CM1F1"/>
<ITEMREF REFNAME="CMCAT_CM2001_F2"/>
<ITEMREF REFNAME="CMCLAS_CM1F1"/>
<ITEMREF REFNAME="CMCLAS_CM2001_F2"/>
<ITEMREF REFNAME="CMCLAS_SYST3F2"/>
<ITEMREF REFNAME="CMCLASCD_CM1F1"/>
<ITEMREF REFNAME="CMCLASCD_CM2001_F2"/>
<ITEMREF REFNAME="CMCLASCD_SYST3F2"/>
<ITEMREF REFNAME="CMDECOD_CM1F1"/>
<ITEMREF REFNAME="CMDECOD_CM2001_F2"/>
<ITEMREF REFNAME="CMDECOD_SYST3F2"/>
<ITEMREF REFNAME="CMSCAT_CM1F1"/>
<ITEMREF REFNAME="CMSCAT_CM2001_F2"/>
<ITEMREF REFNAME="CMTRADNM_CM1F1"/>
<ITEMREF REFNAME="CMTRADNM_CM2001_F2"/>
<ITEMREF REFNAME="CMTRADNM_SYST3F2"/>
<ITEMREF REFNAME="CMTRT_MAP_CM1F1"/>
<ITEMREF REFNAME="CMTRT_MAP_CM2001_F2"/>
<ITEMREF REFNAME="DACAT_DA1F1"/>
<ITEMREF REFNAME="DACAT_DA1F2"/>
<ITEMREF REFNAME="DACAT_DA1F3"/>
<ITEMREF REFNAME="DACAT_DA1F4"/>
<ITEMREF REFNAME="DACAT_DA1F5"/>
<ITEMREF REFNAME="DACAT_DA1F6"/>
<ITEMREF REFNAME="DICT_DICTVER_AE4001_F2"/>
<ITEMREF REFNAME="DICT_DICTVER_CM1F1"/>
<ITEMREF REFNAME="DICT_DICTVER_CM2001_F2"/>
<ITEMREF REFNAME="DICT_DICTVER_IPD3MH8F1"/>
<ITEMREF REFNAME="DICT_DICTVER_MH8001_F1"/>
<ITEMREF REFNAME="DICT_DICTVER_SYST3F2"/>
<ITEMREF REFNAME="DSCAT_1_DS1F1"/>
<ITEMREF REFNAME="DSCAT_1_DS1F2"/>
<ITEMREF REFNAME="DSCAT_1_DS1F3"/>
<ITEMREF REFNAME="DSCAT_1_DS1F4"/>
<ITEMREF REFNAME="DSCAT_2_DS2001_F1"/>
<ITEMREF REFNAME="DSCAT_2_DS2001_F3"/>
<ITEMREF REFNAME="DSEVAL_IC_DS2001_F1"/>
<ITEMREF REFNAME="DSEVAL_IC_DS2001_F3"/>
<ITEMREF REFNAME="DSSCAT_DS1001F4"/>
<ITEMREF REFNAME="DSSCAT_DS1F1"/>
<ITEMREF REFNAME="DSSCAT_DS1F2"/>
<ITEMREF REFNAME="DSSCAT_DS1F3"/>
<ITEMREF REFNAME="DSSCAT_IC_DS2001_F1"/>
<ITEMREF REFNAME="DSSCAT_IC_DS2001_F3"/>
<ITEMREF REFNAME="ECCAT_EC1001_F1"/>
<ITEMREF REFNAME="ECCAT_EC1001_F10"/>
<ITEMREF REFNAME="ECCAT_EC1001_F5"/>
<ITEMREF REFNAME="ECCAT_EC1001_F7"/>
<ITEMREF REFNAME="ECCAT_EC1001_F8"/>
<ITEMREF REFNAME="ECCAT_EC1F12"/>
<ITEMREF REFNAME="ECCAT_EC1F2"/>
<ITEMREF REFNAME="ECCAT_EC1F3"/>
<ITEMREF REFNAME="ECCAT_EC1F4"/>
<ITEMREF REFNAME="ECCAT_EC1F9"/>
<ITEMREF REFNAME="ECDOSFRM_EC1001_F10"/>
<ITEMREF REFNAME="ECDOSFRM_EC1001_F5"/>
<ITEMREF REFNAME="ECDOSFRM_EC1F4"/>
<ITEMREF REFNAME="ECDOSFRQ_EC1001_F10"/>
<ITEMREF REFNAME="ECDOSFRQ_EC1001_F5"/>
<ITEMREF REFNAME="ECDOSFRQ_EC1F4"/>
<ITEMREF REFNAME="ECROUTE_EC1001_F10"/>
<ITEMREF REFNAME="ECROUTE_EC1001_F5"/>
<ITEMREF REFNAME="ECROUTE_EC1F4"/>
<ITEMREF REFNAME="EGCAT_EG3001_F1"/>
<ITEMREF REFNAME="EGCAT_EG3001_F2"/>
<ITEMREF REFNAME="EGCAT_EG3001_F3"/>
<ITEMREF REFNAME="FACAT_BCCI1F1"/>
<ITEMREF REFNAME="FACAT_BCCI1F2"/>
<ITEMREF REFNAME="FACAT_BCCI1F3"/>
<ITEMREF REFNAME="FACAT_BCSO1F1"/>
<ITEMREF REFNAME="FACAT_IPD3MH8F1"/>
<ITEMREF REFNAME="HOCAT_HO2001_F1"/>
<ITEMREF REFNAME="LDIAMU_TU1F1S2"/>
<ITEMREF REFNAME="LDIAMU_TU2F1"/>
<ITEMREF REFNAME="LDIAMU_TU2F2"/>
<ITEMREF REFNAME="MHCAT_IPD3MH8F1"/>
<ITEMREF REFNAME="MHCAT_MH8001_F1"/>
<ITEMREF REFNAME="MHDECOD_IPD3MH8F1"/>
<ITEMREF REFNAME="MHDECOD_MH8001_F1"/>
<ITEMREF REFNAME="MHLLT_IPD3MH8F1"/>
<ITEMREF REFNAME="MHLLT_MH8001_F1"/>
<ITEMREF REFNAME="MHLLTCD_IPD3MH8F1"/>
<ITEMREF REFNAME="MHLLTCD_MH8001_F1"/>
<ITEMREF REFNAME="MHTERM_MAP_IPD3MH8F1"/>
<ITEMREF REFNAME="MHTERM_MAP_MH8001_F1"/>
<ITEMREF REFNAME="MHTERMPRESP_MAP_IPD3MH8F1"/>
<ITEMREF REFNAME="PFCAT_MMDX2F1"/>
<ITEMREF REFNAME="PRCAT_PR1001_F1"/>
<ITEMREF REFNAME="PRCAT_PR1001_F2"/>
<ITEMREF REFNAME="PRCAT_PR1001_F3"/>
<ITEMREF REFNAME="PRCAT_SG1001_F1"/>
<ITEMREF REFNAME="PRCAT_TRF3001_F1"/>
<ITEMREF REFNAME="PRSCAT_SG1001_F1"/>
<ITEMREF REFNAME="PRSCAT_TRF3001_F1"/>
<ITEMREF REFNAME="PRSPID_RELREC_BCSO1F1"/>
<ITEMREF REFNAME="QSCAT_ECOG001_F4"/>
<ITEMREF REFNAME="QSCAT_ECOG1001_F1"/>
<ITEMREF REFNAME="QSCAT_ECOG1001_F2"/>
<ITEMREF REFNAME="QSCAT_ECOG1001_F3"/>
<ITEMREF REFNAME="QSCAT_QLQC2001_F1"/>
<ITEMREF REFNAME="QSCAT_QLQC2001_F2"/>
<ITEMREF REFNAME="QSCAT_QLQC2001_F3"/>
<ITEMREF REFNAME="QSCAT_QLQC2001_F4"/>
<ITEMREF REFNAME="RSCAT_OVRLRESP_RS1001_F1"/>
<ITEMREF REFNAME="RSCAT_OVRLRESP_RS1001_F2"/>
<ITEMREF REFNAME="RSCAT_RS1001_F1"/>
<ITEMREF REFNAME="RSCAT_RS1001_F2"/>
<ITEMREF REFNAME="RSSCAT_RS1001_F1"/>
<ITEMREF REFNAME="RSSCAT_RS1001_F2"/>
<ITEMREF REFNAME="SAXISU_TU1F1S2"/>
<ITEMREF REFNAME="SUCAT_ALCOHOL_SU1F1"/>
<ITEMREF REFNAME="SUCAT_TOBACCO_SU3F1"/>
<ITEMREF REFNAME="SUPRESP_SU1F1"/>
<ITEMREF REFNAME="SUPRESP_SU3F1"/>

</ITEMGROUP>

<ITEMGROUP 
GROUPNAME="nonData_Manager_Hidden"
GROUPDESCRIPTION="Items hidden to all but Data_Manager editable">
 <!-- Insert ItemRef Names -->
<ITEMREF REFNAME="CDQATRIG"/>
<ITEMREF REFNAME="WFRULETRIG"/>

</ITEMGROUP>

<ITEMGROUP 
GROUPNAME="nonData_Manager_ReadOnly"
GROUPDESCRIPTION="Items are Data_Manager editable, and Read-only for all other groups except Adjudicator and Central Grp.  For the Groups Adjudicator and Central Grp, it will be a Hidden Item.">
 <!-- Insert ItemRef Names -->
<ITEMREF REFNAME="VISDATMD_SV1001_F1"/>
<ITEMREF REFNAME="CDQ_CDQA"/>

</ITEMGROUP>

</MEDMLDATA>