<?xml version="1.0"?>
<MEDMLDATA xmlns="PhaseForward-MedML-Inform4">


<REPORTINGGROUP
GROUPNAME="Ad Hoc Users"
GROUPDESCRIPTION="Users who have access to Ad Hoc Reporting">
<!-- Insert Users -->
<USERREF USERNAME="i3ymcjpby_RE"/>
<USERREF USERNAME="z3x1197"/>
<USERREF USERNAME="z1x0496"/>
<USERREF USERNAME="rm95095"/>
</REPORTINGGROUP>

<REPORTINGGROUP
GROUPNAME="Authors"
GROUPDESCRIPTION="Users who have access to Ad Hoc Reporting and Report Studio">
<!-- Insert Users -->
<USERREF USERNAME="i3ymcjpby_RE"/>
</REPORTINGGROUP>

<QUERYGROUP
GROUPNAME="CDM_CRA Query"
GROUPDESCRIPTION="">
<!-- Insert Users -->
<USERREF USERNAME="autoquery"/>
<USERREF USERNAME="z3x1197"/>
<USERREF USERNAME="z1x2603"/>
<USERREF USERNAME="z1x2077"/>
<USERREF USERNAME="z2x3870"/>
<USERREF USERNAME="z3x0602"/>
<USERREF USERNAME="c198898"/>
<USERREF USERNAME="z2x6065"/>
<USERREF USERNAME="z2x2463"/>
<USERREF USERNAME="z2x9894"/>
<USERREF USERNAME="c212367"/>
<USERREF USERNAME="c203175"/>
<USERREF USERNAME="z1x1865"/>
<USERREF USERNAME="z2x9610"/>
<USERREF USERNAME="z3x1847"/>
<USERREF USERNAME="z3x1846"/>
<USERREF USERNAME="z2x1499"/>
<USERREF USERNAME="z2x5929"/>
<USERREF USERNAME="rm95095"/>
<USERREF USERNAME="z1x0496"/>
<USERREF USERNAME="z2x1697"/>
<USERREF USERNAME="z2x2460"/>
<USERREF USERNAME="z3x2560"/>
<USERREF USERNAME="z2x3300"/>
<USERREF USERNAME="z3x3124"/>
<USERREF USERNAME="c200015"/>
<USERREF USERNAME="z1x1832"/>
<USERREF USERNAME="z3x0576"/>
<USERREF USERNAME="z2x6039"/>
</QUERYGROUP>

<QUERYGROUP
GROUPNAME="Coding Query Group"
GROUPDESCRIPTION="">
<!-- Insert Users -->
<USERREF USERNAME="coder_query"/>
</QUERYGROUP>

<REPORTINGGROUP
GROUPNAME="Directory Administrators"
GROUPDESCRIPTION="Users who can administer authorization rights. They administer groups, accounts, contacts, distribution lists, data sources, and printers">
<!-- Insert Users -->
<USERREF USERNAME="i3ymcjpby_RE"/>
</REPORTINGGROUP>

<QUERYGROUP
GROUPNAME="GPS_Query"
GROUPDESCRIPTION="">
<!-- Insert Users -->
<USERREF USERNAME="c003859"/>
<USERREF USERNAME="c079244"/>
<USERREF USERNAME="c071673"/>
<USERREF USERNAME="v6x8058"/>
<USERREF USERNAME="c039853"/>
<USERREF USERNAME="rm35504"/>
<USERREF USERNAME="ye91098"/>
<USERREF USERNAME="c025980"/>
<USERREF USERNAME="c075541"/>
<USERREF USERNAME="c060736"/>
<USERREF USERNAME="c026390"/>
<USERREF USERNAME="c058698"/>
<USERREF USERNAME="u7x2510"/>
<USERREF USERNAME="yex7920"/>
<USERREF USERNAME="a608760"/>
<USERREF USERNAME="c039863"/>
<USERREF USERNAME="a701824"/>
<USERREF USERNAME="c026393"/>
<USERREF USERNAME="a608261"/>
<USERREF USERNAME="c143125"/>
<USERREF USERNAME="c135748"/>
<USERREF USERNAME="c149470"/>
<USERREF USERNAME="a803075"/>
<USERREF USERNAME="a511471"/>
<USERREF USERNAME="c057362"/>
<USERREF USERNAME="c039825"/>
<USERREF USERNAME="c090108"/>
<USERREF USERNAME="c149066"/>
<USERREF USERNAME="c131994"/>
<USERREF USERNAME="c022433"/>
<USERREF USERNAME="c083101"/>
<USERREF USERNAME="c015393"/>
<USERREF USERNAME="rm36132"/>
<USERREF USERNAME="c089548"/>
<USERREF USERNAME="rm87794"/>
<USERREF USERNAME="rm80655"/>
<USERREF USERNAME="rm90029"/>
</QUERYGROUP>

<SIGNATUREGROUP
GROUPNAME="PI Signature"
GROUPDESCRIPTION="Signature group assigned to PI and PI Sign Only roles"
CRBMEANING="Approved"

CRBTEXT="By my dated signature below, I  %s  %s, verify that all case report form pages accurately display the results of the examinations, tests, evaluations and treatments performed on this patient.&lt;BR&gt;&lt;BR&gt;Pursuant to Section 11.100 of Title 21 of the Code of Federal Regulations, this is to certify that I intend that this electronic signature is to be the legally binding equivalent of my handwritten signature. &lt;BR&gt;&lt;BR&gt;To this I do attest by supplying my user name and password and clicking the button marked &lt;B&gt;Submit&lt;/B&gt; below"
 LANGUAGE="en-US">
<!-- Insert Users -->
<USERREF USERNAME="mtoke"/>
<USERREF USERNAME="pchipman"/>
<USERREF USERNAME="jtaguchi"/>
<USERREF USERNAME="jperkins"/>
<USERREF USERNAME="charkness"/>
<USERREF USERNAME="hcwang"/>
<USERREF USERNAME="gsteger"/>
<USERREF USERNAME="rdichmann"/>
<USERREF USERNAME="dchan"/>
<USERREF USERNAME="sverma"/>
<USERREF USERNAME="jhilton"/>
<USERREF USERNAME="lmtseng"/>
<USERREF USERNAME="Yim"/>
<USERREF USERNAME="gmkim"/>
<USERREF USERNAME="Skim"/>
<USERREF USERNAME="skoh"/>
<USERREF USERNAME="ysoochae"/>
<USERREF USERNAME="vguarnieri"/>
<USERREF USERNAME="lcavanna"/>
<USERREF USERNAME="mdelaurentis"/>
<USERREF USERNAME="mcolleoni"/>
<USERREF USERNAME="jcarney"/>
<USERREF USERNAME="skendall"/>
<USERREF USERNAME="shurvitx"/>
<USERREF USERNAME="eandreopoulou"/>
<USERREF USERNAME="cshuang"/>
<USERREF USERNAME="stchen"/>
<USERREF USERNAME="mhubalek"/>
<USERREF USERNAME="epetru"/>
<USERREF USERNAME="csinger"/>
<USERREF USERNAME="eavery"/>
<USERREF USERNAME="egamboa"/>
<USERREF USERNAME="thelsten"/>
<USERREF USERNAME="pnikolinakos"/>
<USERREF USERNAME="lschwartzberg"/>
<USERREF USERNAME="stang"/>
</SIGNATUREGROUP>

<REPORTINGGROUP
GROUPNAME="Publishers"
GROUPDESCRIPTION="Users who can create folders and other content within the Public Folder space">
<!-- Insert Users -->
<USERREF USERNAME="i3ymcjpby_RE"/>
<USERREF USERNAME="z3x1197"/>
<USERREF USERNAME="rm95095"/>
<USERREF USERNAME="z1x0496"/>
</REPORTINGGROUP>

<REPORTINGGROUP
GROUPNAME="Report Administrators"
GROUPDESCRIPTION="Users who can administer authorized public content such as setting permissions on folders and reports">
<!-- Insert Users -->
<USERREF USERNAME="z3x1197"/>
<USERREF USERNAME="z1x0496"/>
<USERREF USERNAME="rm95095"/>
</REPORTINGGROUP>

<REPORTINGGROUP
GROUPNAME="Site Users"
GROUPDESCRIPTION="Site Users">
<!-- Insert Users -->
<USERREF USERNAME="mlicenziato"/>
<USERREF USERNAME="brottenmanner"/>
<USERREF USERNAME="pkivioja"/>
<USERREF USERNAME="kclarke"/>
<USERREF USERNAME="nbouganim"/>
<USERREF USERNAME="csangalli"/>
<USERREF USERNAME="mtoke"/>
<USERREF USERNAME="pchipman"/>
<USERREF USERNAME="lfarkas"/>
<USERREF USERNAME="sweinmeyer"/>
<USERREF USERNAME="awiener"/>
<USERREF USERNAME="evaghi"/>
<USERREF USERNAME="cycheng"/>
<USERREF USERNAME="cfchung"/>
<USERREF USERNAME="hcwang"/>
<USERREF USERNAME="hcyang"/>
<USERREF USERNAME="hctseng"/>
<USERREF USERNAME="jakim"/>
<USERREF USERNAME="yskim"/>
<USERREF USERNAME="sykim"/>
<USERREF USERNAME="kepark"/>
<USERREF USERNAME="jkyoungseo"/>
<USERREF USERNAME="cmontefrancesco"/>
<USERREF USERNAME="cdinunzio"/>
<USERREF USERNAME="mpiezzo"/>
<USERREF USERNAME="gsteger"/>
<USERREF USERNAME="hheitkamp"/>
<USERREF USERNAME="afernandez"/>
<USERREF USERNAME="shutcherson"/>
<USERREF USERNAME="ttaite"/>
<USERREF USERNAME="drobbins"/>
<USERREF USERNAME="rdichmann"/>
<USERREF USERNAME="dchan"/>
<USERREF USERNAME="sverma"/>
<USERREF USERNAME="jhilton"/>
<USERREF USERNAME="swall"/>
<USERREF USERNAME="sporter"/>
<USERREF USERNAME="dmiller"/>
<USERREF USERNAME="wcshih"/>
<USERREF USERNAME="lmtseng"/>
<USERREF USERNAME="Yim"/>
<USERREF USERNAME="gmkim"/>
<USERREF USERNAME="Skim"/>
<USERREF USERNAME="skoh"/>
<USERREF USERNAME="ysoochae"/>
<USERREF USERNAME="vguarnieri"/>
<USERREF USERNAME="lcavanna"/>
<USERREF USERNAME="mdelaurentis"/>
<USERREF USERNAME="mcolleoni"/>
<USERREF USERNAME="calbertini"/>
<USERREF USERNAME="hfuchs"/>
<USERREF USERNAME="ibrandl"/>
<USERREF USERNAME="dhochsteger"/>
<USERREF USERNAME="jcarney"/>
<USERREF USERNAME="skendall"/>
<USERREF USERNAME="shurvitx"/>
<USERREF USERNAME="eandreopoulou"/>
<USERREF USERNAME="kedwardson"/>
<USERREF USERNAME="cblair"/>
<USERREF USERNAME="jmccarthy"/>
<USERREF USERNAME="jhodgson"/>
<USERREF USERNAME="jwood"/>
<USERREF USERNAME="cshuang"/>
<USERREF USERNAME="stchen"/>
<USERREF USERNAME="hcchung"/>
<USERREF USERNAME="mhubalek"/>
<USERREF USERNAME="epetru"/>
<USERREF USERNAME="csinger"/>
<USERREF USERNAME="sclark"/>
<USERREF USERNAME="jwalker"/>
<USERREF USERNAME="mrocha"/>
<USERREF USERNAME="eavery"/>
<USERREF USERNAME="egamboa"/>
<USERREF USERNAME="thelsten"/>
<USERREF USERNAME="pnikolinakos"/>
<USERREF USERNAME="lschwartzberg"/>
<USERREF USERNAME="stang"/>
<USERREF USERNAME="charkness"/>
<USERREF USERNAME="jperkins"/>
<USERREF USERNAME="jtaguchi"/>
</REPORTINGGROUP>

<REPORTINGGROUP
GROUPNAME="Sponsor Users"
GROUPDESCRIPTION="Sponsor Users">
<!-- Insert Users -->
<USERREF USERNAME="c200015"/>
<USERREF USERNAME="z1x1832"/>
<USERREF USERNAME="z3x0576"/>
<USERREF USERNAME="z2x6039"/>
<USERREF USERNAME="z1x2603"/>
<USERREF USERNAME="coder_query"/>
<USERREF USERNAME="xg10776"/>
<USERREF USERNAME="c003859"/>
<USERREF USERNAME="rm90029"/>
<USERREF USERNAME="c071673"/>
<USERREF USERNAME="v6x8058"/>
<USERREF USERNAME="c039853"/>
<USERREF USERNAME="rm35504"/>
<USERREF USERNAME="ye91098"/>
<USERREF USERNAME="c025980"/>
<USERREF USERNAME="c075541"/>
<USERREF USERNAME="c060736"/>
<USERREF USERNAME="c026390"/>
<USERREF USERNAME="c058698"/>
<USERREF USERNAME="u7x2510"/>
<USERREF USERNAME="yex7920"/>
<USERREF USERNAME="a608760"/>
<USERREF USERNAME="z3x1197"/>
<USERREF USERNAME="c039863"/>
<USERREF USERNAME="a701824"/>
<USERREF USERNAME="c026393"/>
<USERREF USERNAME="a608261"/>
<USERREF USERNAME="c143125"/>
<USERREF USERNAME="c135748"/>
<USERREF USERNAME="c149470"/>
<USERREF USERNAME="a803075"/>
<USERREF USERNAME="a511471"/>
<USERREF USERNAME="z1x2077"/>
<USERREF USERNAME="z2x3870"/>
<USERREF USERNAME="z3x0602"/>
<USERREF USERNAME="c198898"/>
<USERREF USERNAME="z2x6065"/>
<USERREF USERNAME="z2x2463"/>
<USERREF USERNAME="z2x9894"/>
<USERREF USERNAME="c212367"/>
<USERREF USERNAME="c203175"/>
<USERREF USERNAME="z1x1865"/>
<USERREF USERNAME="z2x9610"/>
<USERREF USERNAME="z3x1847"/>
<USERREF USERNAME="z3x1846"/>
<USERREF USERNAME="c057362"/>
<USERREF USERNAME="c039825"/>
<USERREF USERNAME="c090108"/>
<USERREF USERNAME="c149066"/>
<USERREF USERNAME="c131994"/>
<USERREF USERNAME="c022433"/>
<USERREF USERNAME="z2x1499"/>
<USERREF USERNAME="z2x5929"/>
<USERREF USERNAME="i3ymcjpby_RE"/>
<USERREF USERNAME="rm95095"/>
<USERREF USERNAME="wka0263"/>
<USERREF USERNAME="z1x0496"/>
<USERREF USERNAME="c083101"/>
<USERREF USERNAME="c015393"/>
<USERREF USERNAME="rm36132"/>
<USERREF USERNAME="c089548"/>
<USERREF USERNAME="rm87794"/>
<USERREF USERNAME="rm80655"/>
<USERREF USERNAME="c079244"/>
<USERREF USERNAME="z2x1697"/>
<USERREF USERNAME="z2x2460"/>
<USERREF USERNAME="z3x2560"/>
<USERREF USERNAME="z2x3300"/>
<USERREF USERNAME="z3x3124"/>
</REPORTINGGROUP>

<REPORTINGGROUP
GROUPNAME="User Admin Info Data Users"
GROUPDESCRIPTION="Users who have access to user data including password related data">
<!-- Insert Users -->
<USERREF USERNAME="z1x2077"/>
<USERREF USERNAME="z2x3870"/>
<USERREF USERNAME="z3x0602"/>
<USERREF USERNAME="c198898"/>
<USERREF USERNAME="z2x6065"/>
<USERREF USERNAME="z2x2463"/>
<USERREF USERNAME="z2x9894"/>
<USERREF USERNAME="c212367"/>
<USERREF USERNAME="c203175"/>
<USERREF USERNAME="z1x1865"/>
<USERREF USERNAME="z2x9610"/>
<USERREF USERNAME="z3x1847"/>
<USERREF USERNAME="z3x1846"/>
<USERREF USERNAME="c057362"/>
<USERREF USERNAME="c039825"/>
<USERREF USERNAME="c090108"/>
<USERREF USERNAME="c149066"/>
<USERREF USERNAME="c131994"/>
<USERREF USERNAME="c022433"/>
<USERREF USERNAME="z2x1499"/>
<USERREF USERNAME="z2x5929"/>
<USERREF USERNAME="i3ymcjpby_RE"/>
<USERREF USERNAME="rm95095"/>
<USERREF USERNAME="z1x0496"/>
<USERREF USERNAME="c083101"/>
<USERREF USERNAME="c015393"/>
<USERREF USERNAME="rm36132"/>
<USERREF USERNAME="c089548"/>
<USERREF USERNAME="rm87794"/>
<USERREF USERNAME="rm80655"/>
<USERREF USERNAME="c079244"/>
<USERREF USERNAME="z2x1697"/>
<USERREF USERNAME="z2x2460"/>
<USERREF USERNAME="z3x2560"/>
<USERREF USERNAME="z2x3300"/>
<USERREF USERNAME="z3x3124"/>
<USERREF USERNAME="c200015"/>
<USERREF USERNAME="z1x1832"/>
<USERREF USERNAME="z3x0576"/>
<USERREF USERNAME="z2x6039"/>
<USERREF USERNAME="z1x2603"/>
<USERREF USERNAME="c003859"/>
<USERREF USERNAME="rm90029"/>
<USERREF USERNAME="c071673"/>
<USERREF USERNAME="v6x8058"/>
<USERREF USERNAME="c039853"/>
<USERREF USERNAME="rm35504"/>
<USERREF USERNAME="ye91098"/>
<USERREF USERNAME="c025980"/>
<USERREF USERNAME="c075541"/>
<USERREF USERNAME="c060736"/>
<USERREF USERNAME="c026390"/>
<USERREF USERNAME="c058698"/>
<USERREF USERNAME="u7x2510"/>
<USERREF USERNAME="yex7920"/>
<USERREF USERNAME="a608760"/>
<USERREF USERNAME="z3x1197"/>
<USERREF USERNAME="c039863"/>
<USERREF USERNAME="a701824"/>
<USERREF USERNAME="c026393"/>
<USERREF USERNAME="a608261"/>
<USERREF USERNAME="c143125"/>
<USERREF USERNAME="c135748"/>
<USERREF USERNAME="c149470"/>
<USERREF USERNAME="a803075"/>
<USERREF USERNAME="a511471"/>
</REPORTINGGROUP>

<REPORTINGGROUP
GROUPNAME="User Info Data Users"
GROUPDESCRIPTION="Users who have access to user data except password related data">
<!-- Insert Users -->
<USERREF USERNAME="xg10776"/>
<USERREF USERNAME="c079244"/>
<USERREF USERNAME="rm90029"/>
<USERREF USERNAME="c071673"/>
<USERREF USERNAME="v6x8058"/>
<USERREF USERNAME="c039853"/>
<USERREF USERNAME="rm35504"/>
<USERREF USERNAME="ye91098"/>
<USERREF USERNAME="c025980"/>
<USERREF USERNAME="c075541"/>
<USERREF USERNAME="c060736"/>
<USERREF USERNAME="c026390"/>
<USERREF USERNAME="c058698"/>
<USERREF USERNAME="u7x2510"/>
<USERREF USERNAME="yex7920"/>
<USERREF USERNAME="a608760"/>
<USERREF USERNAME="c039863"/>
<USERREF USERNAME="a701824"/>
<USERREF USERNAME="c026393"/>
<USERREF USERNAME="a608261"/>
<USERREF USERNAME="c143125"/>
<USERREF USERNAME="c135748"/>
<USERREF USERNAME="c149470"/>
<USERREF USERNAME="a803075"/>
<USERREF USERNAME="a511471"/>
<USERREF USERNAME="c057362"/>
<USERREF USERNAME="c039825"/>
<USERREF USERNAME="c090108"/>
<USERREF USERNAME="c149066"/>
<USERREF USERNAME="c131994"/>
<USERREF USERNAME="c022433"/>
<USERREF USERNAME="wka0263"/>
<USERREF USERNAME="c083101"/>
<USERREF USERNAME="c015393"/>
<USERREF USERNAME="rm36132"/>
<USERREF USERNAME="c089548"/>
<USERREF USERNAME="rm87794"/>
<USERREF USERNAME="rm80655"/>
<USERREF USERNAME="c003859"/>
</REPORTINGGROUP>

</MEDMLDATA>