<?xml version="1.0"?>
<MEDMLDATA xmlns="PhaseForward-MedML-Inform4">


<SITE  NAME="(202) Universitats Frauenklinik Graz"    MNEMONIC="202"
ADDRESS="Auenbruggerplatz 14 8036 Graz"
COUNTRY="AUSTRIA"
PHONE="434331638581648"
ALTPHONE="43"
FAX="43"
TIMEZONE="(GMT+01:00) Belgrade, Bratislava, Budapest, Ljubljana, Prague"
SITEDATEFORMAT="DAY_MONTH_YEAR"
STARTDATE="07/30/2015"
STUDYLOCALE="en-US"
SVAUTOSELECTRATE="100"
SVFIRSTNSUBJECTS="100"
/>


<SITE  NAME="(204) Klinische Abteilung fur Allgemeine Gynakologie und gynakologische Onkologie Univ klinik fur Frauenheilkunde"    MNEMONIC="204"
ADDRESS="Wahringer Gurtel 1820 1090 Wien"
COUNTRY="AUSTRIA"
PHONE="434314040028810"
ALTPHONE="43"
FAX="43"
TIMEZONE="(GMT+01:00) Belgrade, Bratislava, Budapest, Ljubljana, Prague"
SITEDATEFORMAT="DAY_MONTH_YEAR"
STARTDATE="07/30/2015"
STUDYLOCALE="en-US"
SVAUTOSELECTRATE="100"
SVFIRSTNSUBJECTS="100"
/>


<SITE  NAME="(206) Klinische Abteilung fur Onkologie Universitatsklinik fur Innere Medizin I"    MNEMONIC="206"
ADDRESS="Wahringer Gurtel 1-20 1090 Wien"
COUNTRY="AUSTRIA"
PHONE="434314040054590"
ALTPHONE="43"
FAX="43"
TIMEZONE="(GMT+01:00) Belgrade, Bratislava, Budapest, Ljubljana, Prague"
SITEDATEFORMAT="DAY_MONTH_YEAR"
STARTDATE="07/30/2015"
STUDYLOCALE="en-US"
SVAUTOSELECTRATE="100"
SVFIRSTNSUBJECTS="100"
/>


<SITE  NAME="(200) Univ Klinik fur Gynakologie und Geburthshilfe MedUni Innsbruck"    MNEMONIC="200"
ADDRESS="Frauen Kopf Klinik Anichstraße 35 A 6020 Innsbruck"
COUNTRY="AUSTRIA"
PHONE="434.3505e+011"
ALTPHONE="43"
FAX="43"
TIMEZONE="(GMT+01:00) Belgrade, Bratislava, Budapest, Ljubljana, Prague"
SITEDATEFORMAT="DAY_MONTH_YEAR"
STARTDATE="07/30/2015"
STUDYLOCALE="en-US"
SVAUTOSELECTRATE="100"
SVFIRSTNSUBJECTS="100"
/>


<SITE  NAME="(192) Ottawa Hospital Regional Cancer Centre"    MNEMONIC="192"
ADDRESS="501 Smyth Road Ottawa U5 K1H 8L6"
COUNTRY="CANADA"
PHONE="16137377700"
ALTPHONE="1"
FAX="1"
TIMEZONE="(GMT-05:00) Eastern Time (US &#38; Canada)"
SITEDATEFORMAT="DAY_MONTH_YEAR"
STARTDATE="07/30/2015"
STUDYLOCALE="en-US"
SVAUTOSELECTRATE="100"
SVFIRSTNSUBJECTS="100"
/>


<SITE  NAME="(190) Sunnybrook Health Sciences Centre"    MNEMONIC="190"
ADDRESS="2075 BAYVIEW AVENUE Toronto U5 M4N 3M5"
COUNTRY="CANADA"
PHONE="14164805000"
ALTPHONE="1"
FAX="1"
TIMEZONE="(GMT-05:00) Eastern Time (US &#38; Canada)"
SITEDATEFORMAT="DAY_MONTH_YEAR"
STARTDATE="07/30/2015"
STUDYLOCALE="en-US"
SVAUTOSELECTRATE="100"
SVFIRSTNSUBJECTS="100"
/>


<SITE  NAME="(194) The Royal Victoria Hospital MUHC Glen site Cedars Cancer Centre"    MNEMONIC="194"
ADDRESS="1001 Decarie Blvd Room B04 7371 4"
COUNTRY="CANADA"
PHONE="15149341934"
ALTPHONE="1"
FAX="1"
TIMEZONE="(GMT-05:00) Eastern Time (US &#38; Canada)"
SITEDATEFORMAT="DAY_MONTH_YEAR"
STARTDATE="07/30/2015"
STUDYLOCALE="en-US"
SVAUTOSELECTRATE="100"
SVFIRSTNSUBJECTS="100"
/>


<SITE  NAME="(506) Istituto Europeo di Oncologia Divisione di Senologia Medica"    MNEMONIC="506"
ADDRESS="Via Ripamonti 435 20141 Milano"
COUNTRY="ITALY"
PHONE="39390257489970"
ALTPHONE="39"
FAX="39"
TIMEZONE="(GMT+01:00) Belgrade, Bratislava, Budapest, Ljubljana, Prague"
SITEDATEFORMAT="DAY_MONTH_YEAR"
STARTDATE="07/30/2015"
STUDYLOCALE="en-US"
SVAUTOSELECTRATE="100"
SVFIRSTNSUBJECTS="100"
/>


<SITE  NAME="(500) Ospedale Civile di Piacenza"    MNEMONIC="500"
ADDRESS="Via Taverna 49  29121 Piacenza"
COUNTRY="ITALY"
PHONE="39390523302697"
ALTPHONE="39"
FAX="39"
TIMEZONE="(GMT+01:00) Belgrade, Bratislava, Budapest, Ljubljana, Prague"
SITEDATEFORMAT="DAY_MONTH_YEAR"
STARTDATE="07/30/2015"
STUDYLOCALE="en-US"
SVAUTOSELECTRATE="100"
SVFIRSTNSUBJECTS="100"
/>


<SITE  NAME="(502) Istituto Nazionale Tumori IRCCS Fondazione Pascale"    MNEMONIC="502"
ADDRESS="Via Mariano Semmola 12 80131 Napoli"
COUNTRY="ITALY"
PHONE="39390815903559"
ALTPHONE="39"
FAX="39"
TIMEZONE="(GMT+01:00) Belgrade, Bratislava, Budapest, Ljubljana, Prague"
SITEDATEFORMAT="DAY_MONTH_YEAR"
STARTDATE="07/30/2015"
STUDYLOCALE="en-US"
SVAUTOSELECTRATE="100"
SVFIRSTNSUBJECTS="100"
/>


<SITE  NAME="(504) Istituto Oncologico Veneto"    MNEMONIC="504"
ADDRESS="Via Gattamelata 64 35128 Padova"
COUNTRY="ITALY"
PHONE="39390498215291"
ALTPHONE="39"
FAX="39"
TIMEZONE="(GMT+01:00) Belgrade, Bratislava, Budapest, Ljubljana, Prague"
SITEDATEFORMAT="DAY_MONTH_YEAR"
STARTDATE="07/30/2015"
STUDYLOCALE="en-US"
SVAUTOSELECTRATE="100"
SVFIRSTNSUBJECTS="100"
/>


<SITE  NAME="(808) Kyungpook National University Medical Center"    MNEMONIC="808"
ADDRESS="807 Hokukno Buk Gu Daegu Gyeongsangbuk do 700 721 KOREA SOUTH"
COUNTRY="KOREA, REPUBLIC OF"
PHONE="828.25342e+010"
ALTPHONE="82"
FAX="82"
TIMEZONE="(GMT+09:00) Seoul"
SITEDATEFORMAT="DAY_MONTH_YEAR"
STARTDATE="07/30/2015"
STUDYLOCALE="en-US"
SVAUTOSELECTRATE="100"
SVFIRSTNSUBJECTS="100"
/>


<SITE  NAME="(806) Ulsan University Hospital"    MNEMONIC="806"
ADDRESS="290 3 Jeonha Dong Dong Gu Ulsan si Korea 682 714 KOREA SOUTH"
COUNTRY="KOREA, REPUBLIC OF"
PHONE="828.25225e+010"
ALTPHONE="82"
FAX="82"
TIMEZONE="(GMT+09:00) Seoul"
SITEDATEFORMAT="DAY_MONTH_YEAR"
STARTDATE="07/30/2015"
STUDYLOCALE="en-US"
SVAUTOSELECTRATE="100"
SVFIRSTNSUBJECTS="100"
/>


<SITE  NAME="(804) Samsung Medical Center"    MNEMONIC="804"
ADDRESS="50 Irwon Dong Gangnam Gu Seoul Korea 35710 KOREA SOUTH"
COUNTRY="KOREA, REPUBLIC OF"
PHONE="828.22301e+010"
ALTPHONE="82"
FAX="82"
TIMEZONE="(GMT+09:00) Seoul"
SITEDATEFORMAT="DAY_MONTH_YEAR"
STARTDATE="07/30/2015"
STUDYLOCALE="en-US"
SVAUTOSELECTRATE="100"
SVFIRSTNSUBJECTS="100"
/>


<SITE  NAME="(802) Severance Hospital Yonsei University Health System"    MNEMONIC="802"
ADDRESS="everance Hospital Yonsei Unviersity Health System 50 1 Yonsei Ro Seodaemun Gu Seoul 120752 Korea"
COUNTRY="KOREA, REPUBLIC OF"
PHONE="828.22223e+010"
ALTPHONE="82"
FAX="82"
TIMEZONE="(GMT+09:00) Seoul"
SITEDATEFORMAT="DAY_MONTH_YEAR"
STARTDATE="07/30/2015"
STUDYLOCALE="en-US"
SVAUTOSELECTRATE="100"
SVFIRSTNSUBJECTS="100"
/>


<SITE  NAME="(800) Asan Medical Center"    MNEMONIC="800"
ADDRESS="Asan Medical Center 88 Olympic ro 43 gil Songpa gu Seoul 138 736 Korea"
COUNTRY="KOREA, REPUBLIC OF"
PHONE="828.22341e+010"
ALTPHONE="82"
FAX="82"
TIMEZONE="(GMT+09:00) Seoul"
SITEDATEFORMAT="DAY_MONTH_YEAR"
STARTDATE="07/30/2015"
STUDYLOCALE="en-US"
SVAUTOSELECTRATE="100"
SVFIRSTNSUBJECTS="100"
/>


<SITE  NAME="(100) Kaiser Permanente The Center for Health Research"    MNEMONIC="100"
ADDRESS="The Center for Health Research Hawaii 501 Alakawa Street Suite 201 Honolulu U5 96817"
COUNTRY="UNITED STATES"
PHONE="18084328594"
ALTPHONE="1"
FAX="1"
TIMEZONE="(GMT-10:00) Hawaii"
SITEDATEFORMAT="DAY_MONTH_YEAR"
STARTDATE="07/30/2015"
STUDYLOCALE="en-US"
SVAUTOSELECTRATE="100"
SVFIRSTNSUBJECTS="100"
/>


<SITE  NAME="(186) Cancer Care Associates Medical Group Inc"    MNEMONIC="186"
ADDRESS="514 North Prospect Avenue 4th Floor Redondo Beach U5 90277"
COUNTRY="UNITED STATES"
PHONE="13107503376"
ALTPHONE="1"
FAX="1"
TIMEZONE="(GMT-08:00) Pacific Time (US &#38; Canada)"
SITEDATEFORMAT="DAY_MONTH_YEAR"
STARTDATE="07/30/2015"
STUDYLOCALE="en-US"
SVAUTOSELECTRATE="100"
SVFIRSTNSUBJECTS="100"
/>


<SITE  NAME="(184) Central Coast Medical Oncology Corporation"    MNEMONIC="184"
ADDRESS="1325 East Church Street Suite 301 Santa Maria U5 93454"
COUNTRY="UNITED STATES"
PHONE="18057393724"
ALTPHONE="1"
FAX="1"
TIMEZONE="(GMT-08:00) Pacific Time (US &#38; Canada)"
SITEDATEFORMAT="DAY_MONTH_YEAR"
STARTDATE="07/30/2015"
STUDYLOCALE="en-US"
SVAUTOSELECTRATE="100"
SVFIRSTNSUBJECTS="100"
/>


<SITE  NAME="(178) Sansum Santa Barbara Medical Foundation Clinic"    MNEMONIC="178"
ADDRESS="317 West Pueblo Street Santa Barbara U5 93105"
COUNTRY="UNITED STATES"
PHONE="18058983270"
ALTPHONE="1"
FAX="1"
TIMEZONE="(GMT-08:00) Pacific Time (US &#38; Canada)"
SITEDATEFORMAT="DAY_MONTH_YEAR"
STARTDATE="07/30/2015"
STUDYLOCALE="en-US"
SVAUTOSELECTRATE="100"
SVFIRSTNSUBJECTS="100"
/>


<SITE  NAME="(112) University of California San Diego Moores Cancer Center"    MNEMONIC="112"
ADDRESS="Moores Cancer Center 3855 Health Sciences Drive Rm 2239 La Jolla U5 92093"
COUNTRY="UNITED STATES"
PHONE="18588226195"
ALTPHONE="1"
FAX="1"
TIMEZONE="(GMT-08:00) Pacific Time (US &#38; Canada)"
SITEDATEFORMAT="DAY_MONTH_YEAR"
STARTDATE="07/30/2015"
STUDYLOCALE="en-US"
SVAUTOSELECTRATE="100"
SVFIRSTNSUBJECTS="100"
/>


<SITE  NAME="(110) Kadlec Clinic Hematology and Oncology"    MNEMONIC="110"
ADDRESS="7360 West Deschutes Avenue Kennewick U5 99336"
COUNTRY="UNITED STATES"
PHONE="15097834637"
ALTPHONE="1"
FAX="1"
TIMEZONE="(GMT-08:00) Pacific Time (US &#38; Canada)"
SITEDATEFORMAT="DAY_MONTH_YEAR"
STARTDATE="07/30/2015"
STUDYLOCALE="en-US"
SVAUTOSELECTRATE="100"
SVFIRSTNSUBJECTS="100"
/>


<SITE  NAME="(104) UCLA Hematology Oncology Santa Monica"    MNEMONIC="104"
ADDRESS="10945 Le Conte Avenue Santa Monica U5 90404"
COUNTRY="UNITED STATES"
PHONE="13106338400"
ALTPHONE="1"
FAX="1"
TIMEZONE="(GMT-08:00) Pacific Time (US &#38; Canada)"
SITEDATEFORMAT="DAY_MONTH_YEAR"
STARTDATE="07/30/2015"
STUDYLOCALE="en-US"
SVAUTOSELECTRATE="100"
SVFIRSTNSUBJECTS="100"
/>


<SITE  NAME="(102) Utah Cancer Specialists"    MNEMONIC="102"
ADDRESS="3838 South 700 East Suite 100 Salt Lake City U5 84106"
COUNTRY="UNITED STATES"
PHONE="18012816864"
ALTPHONE="1"
FAX="1"
TIMEZONE="(GMT-07:00) Mountain Time (US &#38; Canada)"
SITEDATEFORMAT="DAY_MONTH_YEAR"
STARTDATE="07/30/2015"
STUDYLOCALE="en-US"
SVAUTOSELECTRATE="100"
SVFIRSTNSUBJECTS="100"
/>


<SITE  NAME="(116) The West Clinic"    MNEMONIC="116"
ADDRESS="100 North Humphreys Boulevard Memphis U5 38120"
COUNTRY="UNITED STATES"
PHONE="19016830055"
ALTPHONE="1"
FAX="1"
TIMEZONE="(GMT-06:00) Central Time (US &#38; Canada)"
SITEDATEFORMAT="DAY_MONTH_YEAR"
STARTDATE="07/30/2015"
STUDYLOCALE="en-US"
SVAUTOSELECTRATE="100"
SVFIRSTNSUBJECTS="100"
/>


<SITE  NAME="(108) Nebraska Hematology Oncology PC"    MNEMONIC="108"
ADDRESS="4004 Pioneer Woods Dr Lincoln U5 68506"
COUNTRY="UNITED STATES"
PHONE="14024844900"
ALTPHONE="1"
FAX="1"
TIMEZONE="(GMT-06:00) Central Time (US &#38; Canada)"
SITEDATEFORMAT="DAY_MONTH_YEAR"
STARTDATE="07/30/2015"
STUDYLOCALE="en-US"
SVAUTOSELECTRATE="100"
SVFIRSTNSUBJECTS="100"
/>


<SITE  NAME="(174) Walter Reed National Military Medical Center"    MNEMONIC="174"
ADDRESS="Hematology Oncology Service America Building 19 8901 Wisconsin Ave Bethesda U5 20889"
COUNTRY="UNITED STATES"
PHONE="13013698675"
ALTPHONE="1"
FAX="1"
TIMEZONE="(GMT-05:00) Eastern Time (US &#38; Canada)"
SITEDATEFORMAT="DAY_MONTH_YEAR"
STARTDATE="07/30/2015"
STUDYLOCALE="en-US"
SVAUTOSELECTRATE="100"
SVFIRSTNSUBJECTS="100"
/>


<SITE  NAME="(172) Hope Womens Cancer Centers"    MNEMONIC="172"
ADDRESS="100 Ridgefield Court Asheville U5 28806"
COUNTRY="UNITED STATES"
PHONE="18284181342"
ALTPHONE="1"
FAX="1"
TIMEZONE="(GMT-05:00) Eastern Time (US &#38; Canada)"
SITEDATEFORMAT="DAY_MONTH_YEAR"
STARTDATE="07/30/2015"
STUDYLOCALE="en-US"
SVAUTOSELECTRATE="100"
SVFIRSTNSUBJECTS="100"
/>


<SITE  NAME="(118) Georgia Regents University Cancer Center"    MNEMONIC="118"
ADDRESS="Georgia Regents University Cancer Center 1411 Laney Walker Boulevard Augusta U5 30912"
COUNTRY="UNITED STATES"
PHONE="17067210548"
ALTPHONE="1"
FAX="1"
TIMEZONE="(GMT-05:00) Eastern Time (US &#38; Canada)"
SITEDATEFORMAT="DAY_MONTH_YEAR"
STARTDATE="07/30/2015"
STUDYLOCALE="en-US"
SVAUTOSELECTRATE="100"
SVFIRSTNSUBJECTS="100"
/>


<SITE  NAME="(114) University Cancer and Blood Center LLC"    MNEMONIC="114"
ADDRESS="University Cancer and Blood Center LLC 3320 Old Jefferson Road Building 700 Athens U5 30607"
COUNTRY="UNITED STATES"
PHONE="17063532990"
ALTPHONE="1"
FAX="1"
TIMEZONE="(GMT-05:00) Eastern Time (US &#38; Canada)"
SITEDATEFORMAT="DAY_MONTH_YEAR"
STARTDATE="07/30/2015"
STUDYLOCALE="en-US"
SVAUTOSELECTRATE="100"
SVFIRSTNSUBJECTS="100"
/>


<SITE  NAME="(106) Weill Cornell Medical College"    MNEMONIC="106"
ADDRESS="Weill Cornell Breast Center 425 East 61st Street 8th floor New York U5 10065"
COUNTRY="UNITED STATES"
PHONE="12128210654"
ALTPHONE="1"
FAX="1"
TIMEZONE="(GMT-05:00) Eastern Time (US &#38; Canada)"
SITEDATEFORMAT="DAY_MONTH_YEAR"
STARTDATE="07/30/2015"
STUDYLOCALE="en-US"
SVAUTOSELECTRATE="100"
SVFIRSTNSUBJECTS="100"
/>


<SITE  NAME="(188) UF Health Cancer Center Orlando Health"    MNEMONIC="188"
ADDRESS="1400 S Orange Avenue Suite 682 Orlando U5 32804"
COUNTRY="UNITED STATES"
PHONE="13218411907"
ALTPHONE="1"
FAX="1"
TIMEZONE="(GMT-05:00) Eastern Time (US &#38; Canada)"
SITEDATEFORMAT="DAY_MONTH_YEAR"
STARTDATE="07/30/2015"
STUDYLOCALE="en-US"
SVAUTOSELECTRATE="100"
SVFIRSTNSUBJECTS="100"
/>


<SITE  NAME="(180) Cancer Treatment Centers of America at Southeastern Regional Medical Center Inc"    MNEMONIC="180"
ADDRESS="Cancer Treatment Centers of America at Southeastern Regional Medical Center Inc 600 Parkway North Newnan U5 30265"
COUNTRY="UNITED STATES"
PHONE="17.70401e+009"
ALTPHONE="1"
FAX="1"
TIMEZONE="(GMT-05:00) Eastern Time (US &#38; Canada)"
SITEDATEFORMAT="DAY_MONTH_YEAR"
STARTDATE="07/30/2015"
STUDYLOCALE="en-US"
SVAUTOSELECTRATE="100"
SVFIRSTNSUBJECTS="100"
/>


<SITE  NAME="(120) University of Massachusetts Memorial Medical Center- University Campus"    MNEMONIC="120"
ADDRESS="55 Lake Avenue North"
COUNTRY="UNITED STATES"
PHONE="15083341000"
ALTPHONE="1"
FAX="1"
TIMEZONE="(GMT-05:00) Eastern Time (US &#38; Canada)"
SITEDATEFORMAT="DAY_MONTH_YEAR"
STARTDATE="07/30/2015"
STUDYLOCALE="en-US"
SVAUTOSELECTRATE="100"
SVFIRSTNSUBJECTS="100"
/>


<SITE  NAME="(130) Pharmatech"    MNEMONIC="130"
ADDRESS="789 Sherman St.Suite 310"
COUNTRY="UNITED STATES"
PHONE="17209177477"
ALTPHONE="1"
FAX="1"
TIMEZONE="(GMT-05:00) Eastern Time (US &#38; Canada)"
SITEDATEFORMAT="DAY_MONTH_YEAR"
STARTDATE="07/30/2015"
STUDYLOCALE="en-US"
SVAUTOSELECTRATE="100"
SVFIRSTNSUBJECTS="100"
/>


<SITE  NAME="(906) Taipei Veterans General Hospital"    MNEMONIC="906"
ADDRESS="No 201 Section 2 ShihPai Road Taipei ROC 112 TAIWAN"
COUNTRY="TAIWAN, PROVINCE OF CHINA"
PHONE="8868.86229e+011"
ALTPHONE="886"
FAX="886"
TIMEZONE="(GMT+08:00) Taipei"
SITEDATEFORMAT="DAY_MONTH_YEAR"
STARTDATE="07/30/2015"
STUDYLOCALE="en-US"
SVAUTOSELECTRATE="100"
SVFIRSTNSUBJECTS="100"
/>


<SITE  NAME="(904) China Medical University Hospital"    MNEMONIC="904"
ADDRESS="2 Yuh Der Road Taichung 40447 TAIWAN"
COUNTRY="TAIWAN, PROVINCE OF CHINA"
PHONE="8868.86422e+010"
ALTPHONE="886"
FAX="886"
TIMEZONE="(GMT+08:00) Taipei"
SITEDATEFORMAT="DAY_MONTH_YEAR"
STARTDATE="07/30/2015"
STUDYLOCALE="en-US"
SVAUTOSELECTRATE="100"
SVFIRSTNSUBJECTS="100"
/>


<SITE  NAME="(902) Changhua Christian Hospital"    MNEMONIC="902"
ADDRESS="135 Nan Siau Street Changhua Taiwan 500 TAIWAN"
COUNTRY="TAIWAN, PROVINCE OF CHINA"
PHONE="8868.86472e+010"
ALTPHONE="886"
FAX="886"
TIMEZONE="(GMT+08:00) Taipei"
SITEDATEFORMAT="DAY_MONTH_YEAR"
STARTDATE="07/30/2015"
STUDYLOCALE="en-US"
SVAUTOSELECTRATE="100"
SVFIRSTNSUBJECTS="100"
/>


<SITE  NAME="(900) National Taiwan University Hospital"    MNEMONIC="900"
ADDRESS="No. 7 Chung Shan South Road Taipei 100 TAIWAN"
COUNTRY="TAIWAN, PROVINCE OF CHINA"
PHONE="8868.86223e+011"
ALTPHONE="886"
FAX="886"
TIMEZONE="(GMT+08:00) Taipei"
SITEDATEFORMAT="DAY_MONTH_YEAR"
STARTDATE="07/30/2015"
STUDYLOCALE="en-US"
SVAUTOSELECTRATE="100"
SVFIRSTNSUBJECTS="100"
/>


</MEDMLDATA>