<?xml version="1.0"?>
<MEDMLDATA xmlns="PhaseForward-MedML-Inform4">


<RIGHTSGROUP  GROUPNAME="Coding Query Rights Group">
<!-- Insert Users -->
<USERREF USERNAME="coder_query"/>

</RIGHTSGROUP>

<RIGHTSGROUP  GROUPNAME="Data Manager">
<!-- Insert Users -->
<USERREF USERNAME="z3x1197"/>
<USERREF USERNAME="z1x0496"/>
<USERREF USERNAME="rm95095"/>

</RIGHTSGROUP>

<RIGHTSGROUP  GROUPNAME="GPS">
<!-- Insert Users -->
<USERREF USERNAME="c039853"/>
<USERREF USERNAME="rm35504"/>
<USERREF USERNAME="ye91098"/>
<USERREF USERNAME="c025980"/>
<USERREF USERNAME="c075541"/>
<USERREF USERNAME="c060736"/>
<USERREF USERNAME="c026390"/>
<USERREF USERNAME="c058698"/>
<USERREF USERNAME="u7x2510"/>
<USERREF USERNAME="yex7920"/>
<USERREF USERNAME="a608760"/>
<USERREF USERNAME="c039863"/>
<USERREF USERNAME="a701824"/>
<USERREF USERNAME="c026393"/>
<USERREF USERNAME="a608261"/>
<USERREF USERNAME="c143125"/>
<USERREF USERNAME="c135748"/>
<USERREF USERNAME="c149470"/>
<USERREF USERNAME="a803075"/>
<USERREF USERNAME="a511471"/>
<USERREF USERNAME="c057362"/>
<USERREF USERNAME="c039825"/>
<USERREF USERNAME="c090108"/>
<USERREF USERNAME="c149066"/>
<USERREF USERNAME="c131994"/>
<USERREF USERNAME="c022433"/>
<USERREF USERNAME="c083101"/>
<USERREF USERNAME="c015393"/>
<USERREF USERNAME="rm36132"/>
<USERREF USERNAME="c089548"/>
<USERREF USERNAME="rm87794"/>
<USERREF USERNAME="rm80655"/>
<USERREF USERNAME="v6x8058"/>
<USERREF USERNAME="c071673"/>
<USERREF USERNAME="rm90029"/>
<USERREF USERNAME="c079244"/>
<USERREF USERNAME="c003859"/>

</RIGHTSGROUP>

<RIGHTSGROUP  GROUPNAME="Monitor">
<!-- Insert Users -->
<USERREF USERNAME="z1x2077"/>
<USERREF USERNAME="z2x3870"/>
<USERREF USERNAME="z3x0602"/>
<USERREF USERNAME="c198898"/>
<USERREF USERNAME="z2x6065"/>
<USERREF USERNAME="z2x2463"/>
<USERREF USERNAME="z2x9894"/>
<USERREF USERNAME="c212367"/>
<USERREF USERNAME="c203175"/>
<USERREF USERNAME="z1x1865"/>
<USERREF USERNAME="z2x9610"/>
<USERREF USERNAME="z3x1847"/>
<USERREF USERNAME="z3x1846"/>
<USERREF USERNAME="z2x1499"/>
<USERREF USERNAME="z2x5929"/>
<USERREF USERNAME="z2x1697"/>
<USERREF USERNAME="z2x2460"/>
<USERREF USERNAME="z3x2560"/>
<USERREF USERNAME="z2x3300"/>
<USERREF USERNAME="z3x3124"/>
<USERREF USERNAME="c200015"/>
<USERREF USERNAME="z1x1832"/>
<USERREF USERNAME="z3x0576"/>
<USERREF USERNAME="z2x6039"/>
<USERREF USERNAME="z1x2603"/>

</RIGHTSGROUP>

<RIGHTSGROUP  GROUPNAME="PI">
<!-- Insert Users -->
<USERREF USERNAME="gmkim"/>

</RIGHTSGROUP>

<RIGHTSGROUP  GROUPNAME="PI Sign Only">
<!-- Insert Users -->
<USERREF USERNAME="jtaguchi"/>
<USERREF USERNAME="hcwang"/>
<USERREF USERNAME="gsteger"/>
<USERREF USERNAME="rdichmann"/>
<USERREF USERNAME="dchan"/>
<USERREF USERNAME="sverma"/>
<USERREF USERNAME="jhilton"/>
<USERREF USERNAME="lmtseng"/>
<USERREF USERNAME="Yim"/>
<USERREF USERNAME="Skim"/>
<USERREF USERNAME="skoh"/>
<USERREF USERNAME="ysoochae"/>
<USERREF USERNAME="vguarnieri"/>
<USERREF USERNAME="lcavanna"/>
<USERREF USERNAME="mdelaurentis"/>
<USERREF USERNAME="mcolleoni"/>
<USERREF USERNAME="jcarney"/>
<USERREF USERNAME="skendall"/>
<USERREF USERNAME="shurvitx"/>
<USERREF USERNAME="eandreopoulou"/>
<USERREF USERNAME="cshuang"/>
<USERREF USERNAME="stchen"/>
<USERREF USERNAME="mhubalek"/>
<USERREF USERNAME="epetru"/>
<USERREF USERNAME="csinger"/>
<USERREF USERNAME="eavery"/>
<USERREF USERNAME="egamboa"/>
<USERREF USERNAME="thelsten"/>
<USERREF USERNAME="pnikolinakos"/>
<USERREF USERNAME="lschwartzberg"/>
<USERREF USERNAME="stang"/>
<USERREF USERNAME="charkness"/>
<USERREF USERNAME="jperkins"/>
<USERREF USERNAME="mtoke"/>
<USERREF USERNAME="pchipman"/>

</RIGHTSGROUP>

<RIGHTSGROUP  GROUPNAME="Report Extractor">
<!-- Insert Users -->
<USERREF USERNAME="i3ymcjpby_RE"/>

</RIGHTSGROUP>

<RIGHTSGROUP  GROUPNAME="SC">
<!-- Insert Users -->
<USERREF USERNAME="mlicenziato"/>
<USERREF USERNAME="mrocha"/>
<USERREF USERNAME="pkivioja"/>
<USERREF USERNAME="kclarke"/>
<USERREF USERNAME="nbouganim"/>
<USERREF USERNAME="csangalli"/>
<USERREF USERNAME="lfarkas"/>
<USERREF USERNAME="sweinmeyer"/>
<USERREF USERNAME="awiener"/>
<USERREF USERNAME="evaghi"/>
<USERREF USERNAME="cycheng"/>
<USERREF USERNAME="cfchung"/>
<USERREF USERNAME="hcyang"/>
<USERREF USERNAME="hctseng"/>
<USERREF USERNAME="jakim"/>
<USERREF USERNAME="yskim"/>
<USERREF USERNAME="sykim"/>
<USERREF USERNAME="kepark"/>
<USERREF USERNAME="jkyoungseo"/>
<USERREF USERNAME="cmontefrancesco"/>
<USERREF USERNAME="cdinunzio"/>
<USERREF USERNAME="mpiezzo"/>
<USERREF USERNAME="hheitkamp"/>
<USERREF USERNAME="afernandez"/>
<USERREF USERNAME="shutcherson"/>
<USERREF USERNAME="ttaite"/>
<USERREF USERNAME="drobbins"/>
<USERREF USERNAME="brottenmanner"/>
<USERREF USERNAME="jwalker"/>
<USERREF USERNAME="swall"/>
<USERREF USERNAME="sporter"/>
<USERREF USERNAME="dmiller"/>
<USERREF USERNAME="wcshih"/>
<USERREF USERNAME="calbertini"/>
<USERREF USERNAME="hfuchs"/>
<USERREF USERNAME="ibrandl"/>
<USERREF USERNAME="dhochsteger"/>
<USERREF USERNAME="kedwardson"/>
<USERREF USERNAME="cblair"/>
<USERREF USERNAME="jmccarthy"/>
<USERREF USERNAME="jhodgson"/>
<USERREF USERNAME="jwood"/>
<USERREF USERNAME="hcchung"/>
<USERREF USERNAME="sclark"/>

</RIGHTSGROUP>

<RIGHTSGROUP  GROUPNAME="Study Manager">
<!-- Insert Users -->
<USERREF USERNAME="wka0263"/>
<USERREF USERNAME="xg10776"/>

</RIGHTSGROUP>

</MEDMLDATA>