<?xml version="1.0"?>
<MEDMLDATA xmlns="PhaseForward-MedML-Inform4">

<SITEGROUP SITENAME="(800) Asan Medical Center">
<USERREF USERNAME="z1x1865"/>
<USERREF USERNAME="z3x0576"/>
<USERREF USERNAME="z2x9610"/>
<USERREF USERNAME="z2x6039"/>
<USERREF USERNAME="z3x1847"/>
<USERREF USERNAME="z1x2603"/>
<USERREF USERNAME="z3x1846"/>
<USERREF USERNAME="i3ymcjpby_RE"/>
<USERREF USERNAME="coder_query"/>
<USERREF USERNAME="rm95095"/>
<USERREF USERNAME="xg10776"/>
<USERREF USERNAME="wka0263"/>
<USERREF USERNAME="z1x0496"/>
<USERREF USERNAME="c003859"/>
<USERREF USERNAME="c083101"/>
<USERREF USERNAME="rm90029"/>
<USERREF USERNAME="c015393"/>
<USERREF USERNAME="c057362"/>
<USERREF USERNAME="c071673"/>
<USERREF USERNAME="c039825"/>
<USERREF USERNAME="v6x8058"/>
<USERREF USERNAME="c090108"/>
<USERREF USERNAME="c039853"/>
<USERREF USERNAME="c149066"/>
<USERREF USERNAME="rm35504"/>
<USERREF USERNAME="c131994"/>
<USERREF USERNAME="ye91098"/>
<USERREF USERNAME="c022433"/>
<USERREF USERNAME="c025980"/>
<USERREF USERNAME="c039863"/>
<USERREF USERNAME="c075541"/>
<USERREF USERNAME="a701824"/>
<USERREF USERNAME="c060736"/>
<USERREF USERNAME="c026393"/>
<USERREF USERNAME="c026390"/>
<USERREF USERNAME="a608261"/>
<USERREF USERNAME="c058698"/>
<USERREF USERNAME="c143125"/>
<USERREF USERNAME="u7x2510"/>
<USERREF USERNAME="c135748"/>
<USERREF USERNAME="yex7920"/>
<USERREF USERNAME="c149470"/>
<USERREF USERNAME="rm36132"/>
<USERREF USERNAME="a803075"/>
<USERREF USERNAME="c089548"/>
<USERREF USERNAME="a511471"/>
<USERREF USERNAME="rm87794"/>
<USERREF USERNAME="rm80655"/>
<USERREF USERNAME="a608760"/>
<USERREF USERNAME="c079244"/>
<USERREF USERNAME="z3x1197"/>
<USERREF USERNAME="Yim"/>
<USERREF USERNAME="jakim"/>
<USERREF USERNAME="z2x1697"/>
<USERREF USERNAME="z2x1499"/>
<USERREF USERNAME="z1x2077"/>
<USERREF USERNAME="z2x3870"/>
<USERREF USERNAME="z3x0602"/>
<USERREF USERNAME="z2x5929"/>
<USERREF USERNAME="c198898"/>
<USERREF USERNAME="z2x2460"/>
<USERREF USERNAME="z2x6065"/>
<USERREF USERNAME="z3x2560"/>
<USERREF USERNAME="z2x2463"/>
<USERREF USERNAME="z2x3300"/>
<USERREF USERNAME="z2x9894"/>
<USERREF USERNAME="z3x3124"/>
<USERREF USERNAME="c212367"/>
<USERREF USERNAME="c200015"/>
<USERREF USERNAME="c203175"/>
<USERREF USERNAME="z1x1832"/>
</SITEGROUP>
<SITEGROUP SITENAME="(186) Cancer Care Associates Medical Group Inc">
<USERREF USERNAME="a608760"/>
<USERREF USERNAME="c079244"/>
<USERREF USERNAME="z3x1197"/>
<USERREF USERNAME="z2x1697"/>
<USERREF USERNAME="z2x1499"/>
<USERREF USERNAME="z1x2077"/>
<USERREF USERNAME="z2x3870"/>
<USERREF USERNAME="z3x0602"/>
<USERREF USERNAME="z2x5929"/>
<USERREF USERNAME="c198898"/>
<USERREF USERNAME="z2x2460"/>
<USERREF USERNAME="z2x6065"/>
<USERREF USERNAME="z3x2560"/>
<USERREF USERNAME="z2x2463"/>
<USERREF USERNAME="z2x3300"/>
<USERREF USERNAME="z2x9894"/>
<USERREF USERNAME="z3x3124"/>
<USERREF USERNAME="c212367"/>
<USERREF USERNAME="c200015"/>
<USERREF USERNAME="c203175"/>
<USERREF USERNAME="z1x1832"/>
<USERREF USERNAME="z1x1865"/>
<USERREF USERNAME="z3x0576"/>
<USERREF USERNAME="z2x9610"/>
<USERREF USERNAME="z2x6039"/>
<USERREF USERNAME="z3x1847"/>
<USERREF USERNAME="z1x2603"/>
<USERREF USERNAME="z3x1846"/>
<USERREF USERNAME="dchan"/>
<USERREF USERNAME="shutcherson"/>
<USERREF USERNAME="i3ymcjpby_RE"/>
<USERREF USERNAME="coder_query"/>
<USERREF USERNAME="rm95095"/>
<USERREF USERNAME="xg10776"/>
<USERREF USERNAME="z1x0496"/>
<USERREF USERNAME="c003859"/>
<USERREF USERNAME="c083101"/>
<USERREF USERNAME="rm90029"/>
<USERREF USERNAME="c015393"/>
<USERREF USERNAME="c057362"/>
<USERREF USERNAME="c071673"/>
<USERREF USERNAME="c039825"/>
<USERREF USERNAME="v6x8058"/>
<USERREF USERNAME="c090108"/>
<USERREF USERNAME="c039853"/>
<USERREF USERNAME="c149066"/>
<USERREF USERNAME="rm35504"/>
<USERREF USERNAME="c131994"/>
<USERREF USERNAME="ye91098"/>
<USERREF USERNAME="c022433"/>
<USERREF USERNAME="c025980"/>
<USERREF USERNAME="c039863"/>
<USERREF USERNAME="c075541"/>
<USERREF USERNAME="a701824"/>
<USERREF USERNAME="c060736"/>
<USERREF USERNAME="c026393"/>
<USERREF USERNAME="c026390"/>
<USERREF USERNAME="a608261"/>
<USERREF USERNAME="c058698"/>
<USERREF USERNAME="c143125"/>
<USERREF USERNAME="u7x2510"/>
<USERREF USERNAME="c135748"/>
<USERREF USERNAME="yex7920"/>
<USERREF USERNAME="c149470"/>
<USERREF USERNAME="rm36132"/>
<USERREF USERNAME="a803075"/>
<USERREF USERNAME="c089548"/>
<USERREF USERNAME="a511471"/>
<USERREF USERNAME="rm87794"/>
<USERREF USERNAME="rm80655"/>
</SITEGROUP>
<SITEGROUP SITENAME="(180) Cancer Treatment Centers of America at Southeastern Regional Medical Center Inc">
<USERREF USERNAME="z2x3300"/>
<USERREF USERNAME="z2x9894"/>
<USERREF USERNAME="z3x3124"/>
<USERREF USERNAME="c212367"/>
<USERREF USERNAME="c200015"/>
<USERREF USERNAME="c203175"/>
<USERREF USERNAME="z1x1832"/>
<USERREF USERNAME="z1x1865"/>
<USERREF USERNAME="z3x0576"/>
<USERREF USERNAME="z2x9610"/>
<USERREF USERNAME="z2x6039"/>
<USERREF USERNAME="z3x1847"/>
<USERREF USERNAME="z1x2603"/>
<USERREF USERNAME="z3x1846"/>
<USERREF USERNAME="i3ymcjpby_RE"/>
<USERREF USERNAME="coder_query"/>
<USERREF USERNAME="rm95095"/>
<USERREF USERNAME="xg10776"/>
<USERREF USERNAME="z1x0496"/>
<USERREF USERNAME="c003859"/>
<USERREF USERNAME="c083101"/>
<USERREF USERNAME="rm90029"/>
<USERREF USERNAME="c015393"/>
<USERREF USERNAME="c057362"/>
<USERREF USERNAME="c071673"/>
<USERREF USERNAME="c039825"/>
<USERREF USERNAME="v6x8058"/>
<USERREF USERNAME="c090108"/>
<USERREF USERNAME="c039853"/>
<USERREF USERNAME="c149066"/>
<USERREF USERNAME="rm35504"/>
<USERREF USERNAME="c131994"/>
<USERREF USERNAME="ye91098"/>
<USERREF USERNAME="c022433"/>
<USERREF USERNAME="c025980"/>
<USERREF USERNAME="c039863"/>
<USERREF USERNAME="c075541"/>
<USERREF USERNAME="a701824"/>
<USERREF USERNAME="c060736"/>
<USERREF USERNAME="c026393"/>
<USERREF USERNAME="c026390"/>
<USERREF USERNAME="a608261"/>
<USERREF USERNAME="c058698"/>
<USERREF USERNAME="c143125"/>
<USERREF USERNAME="u7x2510"/>
<USERREF USERNAME="c135748"/>
<USERREF USERNAME="yex7920"/>
<USERREF USERNAME="c149470"/>
<USERREF USERNAME="rm36132"/>
<USERREF USERNAME="a803075"/>
<USERREF USERNAME="c089548"/>
<USERREF USERNAME="a511471"/>
<USERREF USERNAME="rm87794"/>
<USERREF USERNAME="rm80655"/>
<USERREF USERNAME="a608760"/>
<USERREF USERNAME="c079244"/>
<USERREF USERNAME="z3x1197"/>
<USERREF USERNAME="z2x1697"/>
<USERREF USERNAME="z2x1499"/>
<USERREF USERNAME="z1x2077"/>
<USERREF USERNAME="z2x3870"/>
<USERREF USERNAME="z3x0602"/>
<USERREF USERNAME="z2x5929"/>
<USERREF USERNAME="c198898"/>
<USERREF USERNAME="z2x2460"/>
<USERREF USERNAME="z2x6065"/>
<USERREF USERNAME="z3x2560"/>
<USERREF USERNAME="z2x2463"/>
</SITEGROUP>
<SITEGROUP SITENAME="(184) Central Coast Medical Oncology Corporation">
<USERREF USERNAME="c200015"/>
<USERREF USERNAME="c203175"/>
<USERREF USERNAME="z1x1832"/>
<USERREF USERNAME="z1x1865"/>
<USERREF USERNAME="z3x0576"/>
<USERREF USERNAME="z2x9610"/>
<USERREF USERNAME="z2x6039"/>
<USERREF USERNAME="z3x1847"/>
<USERREF USERNAME="z1x2603"/>
<USERREF USERNAME="z3x1846"/>
<USERREF USERNAME="rdichmann"/>
<USERREF USERNAME="afernandez"/>
<USERREF USERNAME="i3ymcjpby_RE"/>
<USERREF USERNAME="coder_query"/>
<USERREF USERNAME="rm95095"/>
<USERREF USERNAME="xg10776"/>
<USERREF USERNAME="z1x0496"/>
<USERREF USERNAME="c003859"/>
<USERREF USERNAME="c083101"/>
<USERREF USERNAME="rm90029"/>
<USERREF USERNAME="c015393"/>
<USERREF USERNAME="c057362"/>
<USERREF USERNAME="c071673"/>
<USERREF USERNAME="c039825"/>
<USERREF USERNAME="v6x8058"/>
<USERREF USERNAME="c090108"/>
<USERREF USERNAME="c039853"/>
<USERREF USERNAME="c149066"/>
<USERREF USERNAME="rm35504"/>
<USERREF USERNAME="c131994"/>
<USERREF USERNAME="ye91098"/>
<USERREF USERNAME="c022433"/>
<USERREF USERNAME="c025980"/>
<USERREF USERNAME="c039863"/>
<USERREF USERNAME="c075541"/>
<USERREF USERNAME="a701824"/>
<USERREF USERNAME="c060736"/>
<USERREF USERNAME="c026393"/>
<USERREF USERNAME="c026390"/>
<USERREF USERNAME="a608261"/>
<USERREF USERNAME="c058698"/>
<USERREF USERNAME="c143125"/>
<USERREF USERNAME="u7x2510"/>
<USERREF USERNAME="c135748"/>
<USERREF USERNAME="yex7920"/>
<USERREF USERNAME="c149470"/>
<USERREF USERNAME="rm36132"/>
<USERREF USERNAME="a803075"/>
<USERREF USERNAME="c089548"/>
<USERREF USERNAME="a511471"/>
<USERREF USERNAME="rm87794"/>
<USERREF USERNAME="rm80655"/>
<USERREF USERNAME="a608760"/>
<USERREF USERNAME="c079244"/>
<USERREF USERNAME="z3x1197"/>
<USERREF USERNAME="z2x1697"/>
<USERREF USERNAME="z2x1499"/>
<USERREF USERNAME="z1x2077"/>
<USERREF USERNAME="z2x3870"/>
<USERREF USERNAME="z3x0602"/>
<USERREF USERNAME="z2x5929"/>
<USERREF USERNAME="c198898"/>
<USERREF USERNAME="z2x2460"/>
<USERREF USERNAME="z2x6065"/>
<USERREF USERNAME="z3x2560"/>
<USERREF USERNAME="z2x2463"/>
<USERREF USERNAME="z2x3300"/>
<USERREF USERNAME="z2x9894"/>
<USERREF USERNAME="z3x3124"/>
<USERREF USERNAME="c212367"/>
</SITEGROUP>
<SITEGROUP SITENAME="(902) Changhua Christian Hospital">
<USERREF USERNAME="z1x1832"/>
<USERREF USERNAME="z1x1865"/>
<USERREF USERNAME="z3x0576"/>
<USERREF USERNAME="z2x9610"/>
<USERREF USERNAME="z2x6039"/>
<USERREF USERNAME="z3x1847"/>
<USERREF USERNAME="z1x2603"/>
<USERREF USERNAME="z3x1846"/>
<USERREF USERNAME="c135748"/>
<USERREF USERNAME="yex7920"/>
<USERREF USERNAME="c149470"/>
<USERREF USERNAME="rm36132"/>
<USERREF USERNAME="a803075"/>
<USERREF USERNAME="c089548"/>
<USERREF USERNAME="a511471"/>
<USERREF USERNAME="rm87794"/>
<USERREF USERNAME="rm80655"/>
<USERREF USERNAME="a608760"/>
<USERREF USERNAME="c079244"/>
<USERREF USERNAME="z3x1197"/>
<USERREF USERNAME="stchen"/>
<USERREF USERNAME="cfchung"/>
<USERREF USERNAME="hcchung"/>
<USERREF USERNAME="z2x1697"/>
<USERREF USERNAME="i3ymcjpby_RE"/>
<USERREF USERNAME="coder_query"/>
<USERREF USERNAME="rm95095"/>
<USERREF USERNAME="xg10776"/>
<USERREF USERNAME="wka0263"/>
<USERREF USERNAME="z1x0496"/>
<USERREF USERNAME="c003859"/>
<USERREF USERNAME="c083101"/>
<USERREF USERNAME="rm90029"/>
<USERREF USERNAME="c015393"/>
<USERREF USERNAME="c057362"/>
<USERREF USERNAME="c071673"/>
<USERREF USERNAME="c039825"/>
<USERREF USERNAME="v6x8058"/>
<USERREF USERNAME="c090108"/>
<USERREF USERNAME="c039853"/>
<USERREF USERNAME="c149066"/>
<USERREF USERNAME="rm35504"/>
<USERREF USERNAME="c131994"/>
<USERREF USERNAME="ye91098"/>
<USERREF USERNAME="c022433"/>
<USERREF USERNAME="c025980"/>
<USERREF USERNAME="c039863"/>
<USERREF USERNAME="c075541"/>
<USERREF USERNAME="a701824"/>
<USERREF USERNAME="c060736"/>
<USERREF USERNAME="c026393"/>
<USERREF USERNAME="c026390"/>
<USERREF USERNAME="a608261"/>
<USERREF USERNAME="c058698"/>
<USERREF USERNAME="c143125"/>
<USERREF USERNAME="u7x2510"/>
<USERREF USERNAME="z2x1499"/>
<USERREF USERNAME="z1x2077"/>
<USERREF USERNAME="z2x3870"/>
<USERREF USERNAME="z3x0602"/>
<USERREF USERNAME="z2x5929"/>
<USERREF USERNAME="c198898"/>
<USERREF USERNAME="z2x2460"/>
<USERREF USERNAME="z2x6065"/>
<USERREF USERNAME="z3x2560"/>
<USERREF USERNAME="z2x2463"/>
<USERREF USERNAME="z2x3300"/>
<USERREF USERNAME="z2x9894"/>
<USERREF USERNAME="z3x3124"/>
<USERREF USERNAME="c212367"/>
<USERREF USERNAME="c200015"/>
<USERREF USERNAME="c203175"/>
</SITEGROUP>
<SITEGROUP SITENAME="(904) China Medical University Hospital">
<USERREF USERNAME="rm90029"/>
<USERREF USERNAME="c015393"/>
<USERREF USERNAME="c057362"/>
<USERREF USERNAME="c071673"/>
<USERREF USERNAME="c039825"/>
<USERREF USERNAME="v6x8058"/>
<USERREF USERNAME="c090108"/>
<USERREF USERNAME="c039853"/>
<USERREF USERNAME="c149066"/>
<USERREF USERNAME="rm35504"/>
<USERREF USERNAME="c131994"/>
<USERREF USERNAME="ye91098"/>
<USERREF USERNAME="c022433"/>
<USERREF USERNAME="c025980"/>
<USERREF USERNAME="c039863"/>
<USERREF USERNAME="c075541"/>
<USERREF USERNAME="a701824"/>
<USERREF USERNAME="c060736"/>
<USERREF USERNAME="c026393"/>
<USERREF USERNAME="c026390"/>
<USERREF USERNAME="a608261"/>
<USERREF USERNAME="c058698"/>
<USERREF USERNAME="c143125"/>
<USERREF USERNAME="u7x2510"/>
<USERREF USERNAME="c135748"/>
<USERREF USERNAME="yex7920"/>
<USERREF USERNAME="c149470"/>
<USERREF USERNAME="rm36132"/>
<USERREF USERNAME="a803075"/>
<USERREF USERNAME="c089548"/>
<USERREF USERNAME="a511471"/>
<USERREF USERNAME="rm87794"/>
<USERREF USERNAME="rm80655"/>
<USERREF USERNAME="a608760"/>
<USERREF USERNAME="c079244"/>
<USERREF USERNAME="z3x1197"/>
<USERREF USERNAME="hcwang"/>
<USERREF USERNAME="wcshih"/>
<USERREF USERNAME="hcyang"/>
<USERREF USERNAME="z2x1697"/>
<USERREF USERNAME="z2x1499"/>
<USERREF USERNAME="z1x2077"/>
<USERREF USERNAME="z2x3870"/>
<USERREF USERNAME="z3x0602"/>
<USERREF USERNAME="z2x5929"/>
<USERREF USERNAME="c198898"/>
<USERREF USERNAME="z2x2460"/>
<USERREF USERNAME="z2x6065"/>
<USERREF USERNAME="z3x2560"/>
<USERREF USERNAME="z2x2463"/>
<USERREF USERNAME="z2x3300"/>
<USERREF USERNAME="z2x9894"/>
<USERREF USERNAME="z3x3124"/>
<USERREF USERNAME="c212367"/>
<USERREF USERNAME="c200015"/>
<USERREF USERNAME="c203175"/>
<USERREF USERNAME="z1x1832"/>
<USERREF USERNAME="z1x1865"/>
<USERREF USERNAME="z3x0576"/>
<USERREF USERNAME="z2x9610"/>
<USERREF USERNAME="z2x6039"/>
<USERREF USERNAME="z3x1847"/>
<USERREF USERNAME="z1x2603"/>
<USERREF USERNAME="z3x1846"/>
<USERREF USERNAME="i3ymcjpby_RE"/>
<USERREF USERNAME="coder_query"/>
<USERREF USERNAME="rm95095"/>
<USERREF USERNAME="xg10776"/>
<USERREF USERNAME="wka0263"/>
<USERREF USERNAME="z1x0496"/>
<USERREF USERNAME="c003859"/>
<USERREF USERNAME="c083101"/>
</SITEGROUP>
<SITEGROUP SITENAME="(118) Georgia Regents University Cancer Center">
<USERREF USERNAME="z3x0576"/>
<USERREF USERNAME="z2x9610"/>
<USERREF USERNAME="z2x6039"/>
<USERREF USERNAME="z3x1847"/>
<USERREF USERNAME="z1x2603"/>
<USERREF USERNAME="z3x1846"/>
<USERREF USERNAME="i3ymcjpby_RE"/>
<USERREF USERNAME="coder_query"/>
<USERREF USERNAME="rm95095"/>
<USERREF USERNAME="xg10776"/>
<USERREF USERNAME="z1x0496"/>
<USERREF USERNAME="c003859"/>
<USERREF USERNAME="c083101"/>
<USERREF USERNAME="rm90029"/>
<USERREF USERNAME="c015393"/>
<USERREF USERNAME="c057362"/>
<USERREF USERNAME="c071673"/>
<USERREF USERNAME="c039825"/>
<USERREF USERNAME="v6x8058"/>
<USERREF USERNAME="c090108"/>
<USERREF USERNAME="c039853"/>
<USERREF USERNAME="c149066"/>
<USERREF USERNAME="rm35504"/>
<USERREF USERNAME="c131994"/>
<USERREF USERNAME="ye91098"/>
<USERREF USERNAME="c022433"/>
<USERREF USERNAME="c025980"/>
<USERREF USERNAME="c039863"/>
<USERREF USERNAME="c075541"/>
<USERREF USERNAME="a701824"/>
<USERREF USERNAME="c060736"/>
<USERREF USERNAME="c026393"/>
<USERREF USERNAME="c026390"/>
<USERREF USERNAME="a608261"/>
<USERREF USERNAME="c058698"/>
<USERREF USERNAME="c143125"/>
<USERREF USERNAME="u7x2510"/>
<USERREF USERNAME="c135748"/>
<USERREF USERNAME="yex7920"/>
<USERREF USERNAME="c149470"/>
<USERREF USERNAME="rm36132"/>
<USERREF USERNAME="a803075"/>
<USERREF USERNAME="c089548"/>
<USERREF USERNAME="a511471"/>
<USERREF USERNAME="rm87794"/>
<USERREF USERNAME="rm80655"/>
<USERREF USERNAME="a608760"/>
<USERREF USERNAME="c079244"/>
<USERREF USERNAME="z3x1197"/>
<USERREF USERNAME="stang"/>
<USERREF USERNAME="swall"/>
<USERREF USERNAME="z2x1697"/>
<USERREF USERNAME="z2x1499"/>
<USERREF USERNAME="z1x2077"/>
<USERREF USERNAME="z2x3870"/>
<USERREF USERNAME="z3x0602"/>
<USERREF USERNAME="z2x5929"/>
<USERREF USERNAME="c198898"/>
<USERREF USERNAME="z2x2460"/>
<USERREF USERNAME="z2x6065"/>
<USERREF USERNAME="z3x2560"/>
<USERREF USERNAME="z2x2463"/>
<USERREF USERNAME="z2x3300"/>
<USERREF USERNAME="z2x9894"/>
<USERREF USERNAME="z3x3124"/>
<USERREF USERNAME="c212367"/>
<USERREF USERNAME="c200015"/>
<USERREF USERNAME="c203175"/>
<USERREF USERNAME="z1x1832"/>
<USERREF USERNAME="z1x1865"/>
</SITEGROUP>
<SITEGROUP SITENAME="(172) Hope Womens Cancer Centers">
<USERREF USERNAME="z3x0576"/>
<USERREF USERNAME="z2x9610"/>
<USERREF USERNAME="z2x6039"/>
<USERREF USERNAME="z3x1847"/>
<USERREF USERNAME="z1x2603"/>
<USERREF USERNAME="z3x1846"/>
<USERREF USERNAME="i3ymcjpby_RE"/>
<USERREF USERNAME="coder_query"/>
<USERREF USERNAME="rm95095"/>
<USERREF USERNAME="xg10776"/>
<USERREF USERNAME="z1x0496"/>
<USERREF USERNAME="c003859"/>
<USERREF USERNAME="c083101"/>
<USERREF USERNAME="rm90029"/>
<USERREF USERNAME="c015393"/>
<USERREF USERNAME="c057362"/>
<USERREF USERNAME="c071673"/>
<USERREF USERNAME="c039825"/>
<USERREF USERNAME="v6x8058"/>
<USERREF USERNAME="c090108"/>
<USERREF USERNAME="c039853"/>
<USERREF USERNAME="c149066"/>
<USERREF USERNAME="rm35504"/>
<USERREF USERNAME="c131994"/>
<USERREF USERNAME="ye91098"/>
<USERREF USERNAME="c022433"/>
<USERREF USERNAME="c025980"/>
<USERREF USERNAME="c039863"/>
<USERREF USERNAME="c075541"/>
<USERREF USERNAME="a701824"/>
<USERREF USERNAME="c060736"/>
<USERREF USERNAME="c026393"/>
<USERREF USERNAME="c026390"/>
<USERREF USERNAME="a608261"/>
<USERREF USERNAME="c058698"/>
<USERREF USERNAME="c143125"/>
<USERREF USERNAME="u7x2510"/>
<USERREF USERNAME="c135748"/>
<USERREF USERNAME="yex7920"/>
<USERREF USERNAME="c149470"/>
<USERREF USERNAME="rm36132"/>
<USERREF USERNAME="a803075"/>
<USERREF USERNAME="c089548"/>
<USERREF USERNAME="a511471"/>
<USERREF USERNAME="rm87794"/>
<USERREF USERNAME="rm80655"/>
<USERREF USERNAME="a608760"/>
<USERREF USERNAME="c079244"/>
<USERREF USERNAME="z3x1197"/>
<USERREF USERNAME="charkness"/>
<USERREF USERNAME="sporter"/>
<USERREF USERNAME="z2x1697"/>
<USERREF USERNAME="z2x1499"/>
<USERREF USERNAME="z1x2077"/>
<USERREF USERNAME="z2x3870"/>
<USERREF USERNAME="z3x0602"/>
<USERREF USERNAME="z2x5929"/>
<USERREF USERNAME="c198898"/>
<USERREF USERNAME="z2x2460"/>
<USERREF USERNAME="z2x6065"/>
<USERREF USERNAME="z3x2560"/>
<USERREF USERNAME="z2x2463"/>
<USERREF USERNAME="z2x3300"/>
<USERREF USERNAME="z2x9894"/>
<USERREF USERNAME="z3x3124"/>
<USERREF USERNAME="c212367"/>
<USERREF USERNAME="c200015"/>
<USERREF USERNAME="c203175"/>
<USERREF USERNAME="z1x1832"/>
<USERREF USERNAME="z1x1865"/>
</SITEGROUP>
<SITEGROUP SITENAME="(506) Istituto Europeo di Oncologia Divisione di Senologia Medica">
<USERREF USERNAME="z2x1697"/>
<USERREF USERNAME="z2x1499"/>
<USERREF USERNAME="z1x2077"/>
<USERREF USERNAME="z2x3870"/>
<USERREF USERNAME="z3x0602"/>
<USERREF USERNAME="z2x5929"/>
<USERREF USERNAME="c198898"/>
<USERREF USERNAME="z2x2460"/>
<USERREF USERNAME="z2x6065"/>
<USERREF USERNAME="z3x2560"/>
<USERREF USERNAME="z2x2463"/>
<USERREF USERNAME="z2x3300"/>
<USERREF USERNAME="z2x9894"/>
<USERREF USERNAME="z3x3124"/>
<USERREF USERNAME="c212367"/>
<USERREF USERNAME="c200015"/>
<USERREF USERNAME="c203175"/>
<USERREF USERNAME="z1x1832"/>
<USERREF USERNAME="z1x1865"/>
<USERREF USERNAME="z3x0576"/>
<USERREF USERNAME="z2x9610"/>
<USERREF USERNAME="z2x6039"/>
<USERREF USERNAME="z3x1847"/>
<USERREF USERNAME="z1x2603"/>
<USERREF USERNAME="z3x1846"/>
<USERREF USERNAME="csangalli"/>
<USERREF USERNAME="evaghi"/>
<USERREF USERNAME="i3ymcjpby_RE"/>
<USERREF USERNAME="coder_query"/>
<USERREF USERNAME="rm95095"/>
<USERREF USERNAME="xg10776"/>
<USERREF USERNAME="z1x0496"/>
<USERREF USERNAME="c003859"/>
<USERREF USERNAME="c083101"/>
<USERREF USERNAME="rm90029"/>
<USERREF USERNAME="c015393"/>
<USERREF USERNAME="c057362"/>
<USERREF USERNAME="c071673"/>
<USERREF USERNAME="c039825"/>
<USERREF USERNAME="v6x8058"/>
<USERREF USERNAME="c090108"/>
<USERREF USERNAME="c039853"/>
<USERREF USERNAME="c149066"/>
<USERREF USERNAME="rm35504"/>
<USERREF USERNAME="c131994"/>
<USERREF USERNAME="ye91098"/>
<USERREF USERNAME="c022433"/>
<USERREF USERNAME="c025980"/>
<USERREF USERNAME="c039863"/>
<USERREF USERNAME="c075541"/>
<USERREF USERNAME="a701824"/>
<USERREF USERNAME="c060736"/>
<USERREF USERNAME="c026393"/>
<USERREF USERNAME="c026390"/>
<USERREF USERNAME="a608261"/>
<USERREF USERNAME="c058698"/>
<USERREF USERNAME="c143125"/>
<USERREF USERNAME="u7x2510"/>
<USERREF USERNAME="c135748"/>
<USERREF USERNAME="yex7920"/>
<USERREF USERNAME="c149470"/>
<USERREF USERNAME="rm36132"/>
<USERREF USERNAME="a803075"/>
<USERREF USERNAME="c089548"/>
<USERREF USERNAME="a511471"/>
<USERREF USERNAME="rm87794"/>
<USERREF USERNAME="rm80655"/>
<USERREF USERNAME="a608760"/>
<USERREF USERNAME="c079244"/>
<USERREF USERNAME="z3x1197"/>
<USERREF USERNAME="mcolleoni"/>
</SITEGROUP>
<SITEGROUP SITENAME="(502) Istituto Nazionale Tumori IRCCS Fondazione Pascale">
<USERREF USERNAME="z3x3124"/>
<USERREF USERNAME="c212367"/>
<USERREF USERNAME="c200015"/>
<USERREF USERNAME="c203175"/>
<USERREF USERNAME="z1x1832"/>
<USERREF USERNAME="z1x1865"/>
<USERREF USERNAME="z3x0576"/>
<USERREF USERNAME="z2x9610"/>
<USERREF USERNAME="z2x6039"/>
<USERREF USERNAME="z3x1847"/>
<USERREF USERNAME="z1x2603"/>
<USERREF USERNAME="z3x1846"/>
<USERREF USERNAME="mlicenziato"/>
<USERREF USERNAME="i3ymcjpby_RE"/>
<USERREF USERNAME="coder_query"/>
<USERREF USERNAME="rm95095"/>
<USERREF USERNAME="xg10776"/>
<USERREF USERNAME="z1x0496"/>
<USERREF USERNAME="c003859"/>
<USERREF USERNAME="c083101"/>
<USERREF USERNAME="rm90029"/>
<USERREF USERNAME="c015393"/>
<USERREF USERNAME="c057362"/>
<USERREF USERNAME="c071673"/>
<USERREF USERNAME="c039825"/>
<USERREF USERNAME="v6x8058"/>
<USERREF USERNAME="c090108"/>
<USERREF USERNAME="c039853"/>
<USERREF USERNAME="c149066"/>
<USERREF USERNAME="rm35504"/>
<USERREF USERNAME="c131994"/>
<USERREF USERNAME="ye91098"/>
<USERREF USERNAME="c022433"/>
<USERREF USERNAME="c025980"/>
<USERREF USERNAME="c039863"/>
<USERREF USERNAME="c075541"/>
<USERREF USERNAME="a701824"/>
<USERREF USERNAME="c060736"/>
<USERREF USERNAME="c026393"/>
<USERREF USERNAME="c026390"/>
<USERREF USERNAME="a608261"/>
<USERREF USERNAME="c058698"/>
<USERREF USERNAME="c143125"/>
<USERREF USERNAME="u7x2510"/>
<USERREF USERNAME="c135748"/>
<USERREF USERNAME="yex7920"/>
<USERREF USERNAME="c149470"/>
<USERREF USERNAME="rm36132"/>
<USERREF USERNAME="a803075"/>
<USERREF USERNAME="c089548"/>
<USERREF USERNAME="a511471"/>
<USERREF USERNAME="rm87794"/>
<USERREF USERNAME="rm80655"/>
<USERREF USERNAME="a608760"/>
<USERREF USERNAME="c079244"/>
<USERREF USERNAME="z3x1197"/>
<USERREF USERNAME="mdelaurentis"/>
<USERREF USERNAME="mpiezzo"/>
<USERREF USERNAME="z2x1697"/>
<USERREF USERNAME="z2x1499"/>
<USERREF USERNAME="z1x2077"/>
<USERREF USERNAME="z2x3870"/>
<USERREF USERNAME="z3x0602"/>
<USERREF USERNAME="z2x5929"/>
<USERREF USERNAME="c198898"/>
<USERREF USERNAME="z2x2460"/>
<USERREF USERNAME="z2x6065"/>
<USERREF USERNAME="z3x2560"/>
<USERREF USERNAME="z2x2463"/>
<USERREF USERNAME="z2x3300"/>
<USERREF USERNAME="z2x9894"/>
</SITEGROUP>
<SITEGROUP SITENAME="(504) Istituto Oncologico Veneto">
<USERREF USERNAME="z3x3124"/>
<USERREF USERNAME="c212367"/>
<USERREF USERNAME="c200015"/>
<USERREF USERNAME="c203175"/>
<USERREF USERNAME="z1x1832"/>
<USERREF USERNAME="z1x1865"/>
<USERREF USERNAME="z3x0576"/>
<USERREF USERNAME="z2x9610"/>
<USERREF USERNAME="z2x6039"/>
<USERREF USERNAME="z3x1847"/>
<USERREF USERNAME="z1x2603"/>
<USERREF USERNAME="z3x1846"/>
<USERREF USERNAME="i3ymcjpby_RE"/>
<USERREF USERNAME="coder_query"/>
<USERREF USERNAME="rm95095"/>
<USERREF USERNAME="xg10776"/>
<USERREF USERNAME="z1x0496"/>
<USERREF USERNAME="c003859"/>
<USERREF USERNAME="c083101"/>
<USERREF USERNAME="rm90029"/>
<USERREF USERNAME="c015393"/>
<USERREF USERNAME="c057362"/>
<USERREF USERNAME="c071673"/>
<USERREF USERNAME="c039825"/>
<USERREF USERNAME="v6x8058"/>
<USERREF USERNAME="c090108"/>
<USERREF USERNAME="c039853"/>
<USERREF USERNAME="c149066"/>
<USERREF USERNAME="rm35504"/>
<USERREF USERNAME="c131994"/>
<USERREF USERNAME="ye91098"/>
<USERREF USERNAME="c022433"/>
<USERREF USERNAME="c025980"/>
<USERREF USERNAME="c039863"/>
<USERREF USERNAME="c075541"/>
<USERREF USERNAME="a701824"/>
<USERREF USERNAME="c060736"/>
<USERREF USERNAME="c026393"/>
<USERREF USERNAME="c026390"/>
<USERREF USERNAME="a608261"/>
<USERREF USERNAME="c058698"/>
<USERREF USERNAME="c143125"/>
<USERREF USERNAME="u7x2510"/>
<USERREF USERNAME="c135748"/>
<USERREF USERNAME="yex7920"/>
<USERREF USERNAME="c149470"/>
<USERREF USERNAME="rm36132"/>
<USERREF USERNAME="a803075"/>
<USERREF USERNAME="c089548"/>
<USERREF USERNAME="a511471"/>
<USERREF USERNAME="rm87794"/>
<USERREF USERNAME="rm80655"/>
<USERREF USERNAME="a608760"/>
<USERREF USERNAME="c079244"/>
<USERREF USERNAME="z3x1197"/>
<USERREF USERNAME="vguarnieri"/>
<USERREF USERNAME="cmontefrancesco"/>
<USERREF USERNAME="z2x1697"/>
<USERREF USERNAME="z2x1499"/>
<USERREF USERNAME="z1x2077"/>
<USERREF USERNAME="z2x3870"/>
<USERREF USERNAME="z3x0602"/>
<USERREF USERNAME="z2x5929"/>
<USERREF USERNAME="c198898"/>
<USERREF USERNAME="z2x2460"/>
<USERREF USERNAME="z2x6065"/>
<USERREF USERNAME="z3x2560"/>
<USERREF USERNAME="z2x2463"/>
<USERREF USERNAME="z2x3300"/>
<USERREF USERNAME="z2x9894"/>
</SITEGROUP>
<SITEGROUP SITENAME="(110) Kadlec Clinic Hematology and Oncology">
<USERREF USERNAME="c015393"/>
<USERREF USERNAME="c057362"/>
<USERREF USERNAME="c071673"/>
<USERREF USERNAME="c039825"/>
<USERREF USERNAME="v6x8058"/>
<USERREF USERNAME="c090108"/>
<USERREF USERNAME="c039853"/>
<USERREF USERNAME="c149066"/>
<USERREF USERNAME="rm35504"/>
<USERREF USERNAME="c131994"/>
<USERREF USERNAME="ye91098"/>
<USERREF USERNAME="c022433"/>
<USERREF USERNAME="c025980"/>
<USERREF USERNAME="c039863"/>
<USERREF USERNAME="c075541"/>
<USERREF USERNAME="a701824"/>
<USERREF USERNAME="c060736"/>
<USERREF USERNAME="c026393"/>
<USERREF USERNAME="c026390"/>
<USERREF USERNAME="a608261"/>
<USERREF USERNAME="c058698"/>
<USERREF USERNAME="c143125"/>
<USERREF USERNAME="u7x2510"/>
<USERREF USERNAME="c135748"/>
<USERREF USERNAME="yex7920"/>
<USERREF USERNAME="c149470"/>
<USERREF USERNAME="rm36132"/>
<USERREF USERNAME="a803075"/>
<USERREF USERNAME="c089548"/>
<USERREF USERNAME="a511471"/>
<USERREF USERNAME="rm87794"/>
<USERREF USERNAME="rm80655"/>
<USERREF USERNAME="a608760"/>
<USERREF USERNAME="c079244"/>
<USERREF USERNAME="z3x1197"/>
<USERREF USERNAME="egamboa"/>
<USERREF USERNAME="cblair"/>
<USERREF USERNAME="z2x1697"/>
<USERREF USERNAME="z2x1499"/>
<USERREF USERNAME="z1x2077"/>
<USERREF USERNAME="z2x3870"/>
<USERREF USERNAME="z3x0602"/>
<USERREF USERNAME="z2x5929"/>
<USERREF USERNAME="c198898"/>
<USERREF USERNAME="z2x2460"/>
<USERREF USERNAME="z2x6065"/>
<USERREF USERNAME="z3x2560"/>
<USERREF USERNAME="z2x2463"/>
<USERREF USERNAME="z2x3300"/>
<USERREF USERNAME="z2x9894"/>
<USERREF USERNAME="z3x3124"/>
<USERREF USERNAME="c212367"/>
<USERREF USERNAME="c200015"/>
<USERREF USERNAME="c203175"/>
<USERREF USERNAME="z1x1832"/>
<USERREF USERNAME="z1x1865"/>
<USERREF USERNAME="z3x0576"/>
<USERREF USERNAME="z2x9610"/>
<USERREF USERNAME="z2x6039"/>
<USERREF USERNAME="z3x1847"/>
<USERREF USERNAME="z1x2603"/>
<USERREF USERNAME="z3x1846"/>
<USERREF USERNAME="i3ymcjpby_RE"/>
<USERREF USERNAME="coder_query"/>
<USERREF USERNAME="rm95095"/>
<USERREF USERNAME="xg10776"/>
<USERREF USERNAME="z1x0496"/>
<USERREF USERNAME="c003859"/>
<USERREF USERNAME="c083101"/>
<USERREF USERNAME="rm90029"/>
</SITEGROUP>
<SITEGROUP SITENAME="(100) Kaiser Permanente The Center for Health Research">
<USERREF USERNAME="c089548"/>
<USERREF USERNAME="a511471"/>
<USERREF USERNAME="rm87794"/>
<USERREF USERNAME="rm80655"/>
<USERREF USERNAME="a608760"/>
<USERREF USERNAME="c079244"/>
<USERREF USERNAME="z3x1197"/>
<USERREF USERNAME="jcarney"/>
<USERREF USERNAME="sclark"/>
<USERREF USERNAME="z2x1697"/>
<USERREF USERNAME="z2x1499"/>
<USERREF USERNAME="z1x2077"/>
<USERREF USERNAME="i3ymcjpby_RE"/>
<USERREF USERNAME="coder_query"/>
<USERREF USERNAME="rm95095"/>
<USERREF USERNAME="xg10776"/>
<USERREF USERNAME="z1x0496"/>
<USERREF USERNAME="c003859"/>
<USERREF USERNAME="c083101"/>
<USERREF USERNAME="rm90029"/>
<USERREF USERNAME="c015393"/>
<USERREF USERNAME="c057362"/>
<USERREF USERNAME="c071673"/>
<USERREF USERNAME="c039825"/>
<USERREF USERNAME="v6x8058"/>
<USERREF USERNAME="c090108"/>
<USERREF USERNAME="c039853"/>
<USERREF USERNAME="c149066"/>
<USERREF USERNAME="rm35504"/>
<USERREF USERNAME="c131994"/>
<USERREF USERNAME="ye91098"/>
<USERREF USERNAME="c022433"/>
<USERREF USERNAME="c025980"/>
<USERREF USERNAME="c039863"/>
<USERREF USERNAME="c075541"/>
<USERREF USERNAME="a701824"/>
<USERREF USERNAME="c060736"/>
<USERREF USERNAME="c026393"/>
<USERREF USERNAME="c026390"/>
<USERREF USERNAME="a608261"/>
<USERREF USERNAME="c058698"/>
<USERREF USERNAME="c143125"/>
<USERREF USERNAME="u7x2510"/>
<USERREF USERNAME="c135748"/>
<USERREF USERNAME="yex7920"/>
<USERREF USERNAME="c149470"/>
<USERREF USERNAME="rm36132"/>
<USERREF USERNAME="a803075"/>
<USERREF USERNAME="z2x3870"/>
<USERREF USERNAME="z3x0602"/>
<USERREF USERNAME="z2x5929"/>
<USERREF USERNAME="c198898"/>
<USERREF USERNAME="z2x2460"/>
<USERREF USERNAME="z2x6065"/>
<USERREF USERNAME="z3x2560"/>
<USERREF USERNAME="z2x2463"/>
<USERREF USERNAME="z2x3300"/>
<USERREF USERNAME="z2x9894"/>
<USERREF USERNAME="z3x3124"/>
<USERREF USERNAME="c212367"/>
<USERREF USERNAME="c200015"/>
<USERREF USERNAME="c203175"/>
<USERREF USERNAME="z1x1832"/>
<USERREF USERNAME="z1x1865"/>
<USERREF USERNAME="z3x0576"/>
<USERREF USERNAME="z2x9610"/>
<USERREF USERNAME="z2x6039"/>
<USERREF USERNAME="z3x1847"/>
<USERREF USERNAME="z1x2603"/>
<USERREF USERNAME="z3x1846"/>
</SITEGROUP>
<SITEGROUP SITENAME="(204) Klinische Abteilung fur Allgemeine Gynakologie und gynakologische Onkologie Univ klinik fur Frauenheilkunde">
<USERREF USERNAME="z2x3300"/>
<USERREF USERNAME="z2x9894"/>
<USERREF USERNAME="z3x3124"/>
<USERREF USERNAME="c212367"/>
<USERREF USERNAME="c200015"/>
<USERREF USERNAME="c203175"/>
<USERREF USERNAME="z1x1832"/>
<USERREF USERNAME="z1x1865"/>
<USERREF USERNAME="z3x0576"/>
<USERREF USERNAME="z2x9610"/>
<USERREF USERNAME="z2x6039"/>
<USERREF USERNAME="z3x1847"/>
<USERREF USERNAME="z1x2603"/>
<USERREF USERNAME="z3x1846"/>
<USERREF USERNAME="sweinmeyer"/>
<USERREF USERNAME="pkivioja"/>
<USERREF USERNAME="i3ymcjpby_RE"/>
<USERREF USERNAME="coder_query"/>
<USERREF USERNAME="rm95095"/>
<USERREF USERNAME="xg10776"/>
<USERREF USERNAME="z1x0496"/>
<USERREF USERNAME="c003859"/>
<USERREF USERNAME="c083101"/>
<USERREF USERNAME="rm90029"/>
<USERREF USERNAME="c015393"/>
<USERREF USERNAME="c057362"/>
<USERREF USERNAME="c071673"/>
<USERREF USERNAME="c039825"/>
<USERREF USERNAME="v6x8058"/>
<USERREF USERNAME="c090108"/>
<USERREF USERNAME="c039853"/>
<USERREF USERNAME="c149066"/>
<USERREF USERNAME="rm35504"/>
<USERREF USERNAME="c131994"/>
<USERREF USERNAME="ye91098"/>
<USERREF USERNAME="c022433"/>
<USERREF USERNAME="c025980"/>
<USERREF USERNAME="c039863"/>
<USERREF USERNAME="c075541"/>
<USERREF USERNAME="a701824"/>
<USERREF USERNAME="c060736"/>
<USERREF USERNAME="c026393"/>
<USERREF USERNAME="c026390"/>
<USERREF USERNAME="a608261"/>
<USERREF USERNAME="c058698"/>
<USERREF USERNAME="c143125"/>
<USERREF USERNAME="u7x2510"/>
<USERREF USERNAME="c135748"/>
<USERREF USERNAME="yex7920"/>
<USERREF USERNAME="c149470"/>
<USERREF USERNAME="rm36132"/>
<USERREF USERNAME="a803075"/>
<USERREF USERNAME="c089548"/>
<USERREF USERNAME="a511471"/>
<USERREF USERNAME="rm87794"/>
<USERREF USERNAME="rm80655"/>
<USERREF USERNAME="a608760"/>
<USERREF USERNAME="c079244"/>
<USERREF USERNAME="z3x1197"/>
<USERREF USERNAME="csinger"/>
<USERREF USERNAME="ibrandl"/>
<USERREF USERNAME="z2x1697"/>
<USERREF USERNAME="z2x1499"/>
<USERREF USERNAME="z1x2077"/>
<USERREF USERNAME="z2x3870"/>
<USERREF USERNAME="z3x0602"/>
<USERREF USERNAME="z2x5929"/>
<USERREF USERNAME="c198898"/>
<USERREF USERNAME="z2x2460"/>
<USERREF USERNAME="z2x6065"/>
<USERREF USERNAME="z3x2560"/>
<USERREF USERNAME="z2x2463"/>
</SITEGROUP>
<SITEGROUP SITENAME="(206) Klinische Abteilung fur Onkologie Universitatsklinik fur Innere Medizin I">
<USERREF USERNAME="z2x3300"/>
<USERREF USERNAME="z2x9894"/>
<USERREF USERNAME="z3x3124"/>
<USERREF USERNAME="c212367"/>
<USERREF USERNAME="c200015"/>
<USERREF USERNAME="c203175"/>
<USERREF USERNAME="z1x1832"/>
<USERREF USERNAME="z1x1865"/>
<USERREF USERNAME="z3x0576"/>
<USERREF USERNAME="z2x9610"/>
<USERREF USERNAME="z2x6039"/>
<USERREF USERNAME="z3x1847"/>
<USERREF USERNAME="z1x2603"/>
<USERREF USERNAME="z3x1846"/>
<USERREF USERNAME="lfarkas"/>
<USERREF USERNAME="brottenmanner"/>
<USERREF USERNAME="i3ymcjpby_RE"/>
<USERREF USERNAME="coder_query"/>
<USERREF USERNAME="rm95095"/>
<USERREF USERNAME="xg10776"/>
<USERREF USERNAME="z1x0496"/>
<USERREF USERNAME="c003859"/>
<USERREF USERNAME="c083101"/>
<USERREF USERNAME="rm90029"/>
<USERREF USERNAME="c015393"/>
<USERREF USERNAME="c057362"/>
<USERREF USERNAME="c071673"/>
<USERREF USERNAME="c039825"/>
<USERREF USERNAME="v6x8058"/>
<USERREF USERNAME="c090108"/>
<USERREF USERNAME="c039853"/>
<USERREF USERNAME="c149066"/>
<USERREF USERNAME="rm35504"/>
<USERREF USERNAME="c131994"/>
<USERREF USERNAME="ye91098"/>
<USERREF USERNAME="c022433"/>
<USERREF USERNAME="c025980"/>
<USERREF USERNAME="c039863"/>
<USERREF USERNAME="c075541"/>
<USERREF USERNAME="a701824"/>
<USERREF USERNAME="c060736"/>
<USERREF USERNAME="c026393"/>
<USERREF USERNAME="c026390"/>
<USERREF USERNAME="a608261"/>
<USERREF USERNAME="c058698"/>
<USERREF USERNAME="c143125"/>
<USERREF USERNAME="u7x2510"/>
<USERREF USERNAME="c135748"/>
<USERREF USERNAME="yex7920"/>
<USERREF USERNAME="c149470"/>
<USERREF USERNAME="rm36132"/>
<USERREF USERNAME="a803075"/>
<USERREF USERNAME="c089548"/>
<USERREF USERNAME="a511471"/>
<USERREF USERNAME="rm87794"/>
<USERREF USERNAME="rm80655"/>
<USERREF USERNAME="a608760"/>
<USERREF USERNAME="c079244"/>
<USERREF USERNAME="z3x1197"/>
<USERREF USERNAME="gsteger"/>
<USERREF USERNAME="dhochsteger"/>
<USERREF USERNAME="z2x1697"/>
<USERREF USERNAME="z2x1499"/>
<USERREF USERNAME="z1x2077"/>
<USERREF USERNAME="z2x3870"/>
<USERREF USERNAME="z3x0602"/>
<USERREF USERNAME="z2x5929"/>
<USERREF USERNAME="c198898"/>
<USERREF USERNAME="z2x2460"/>
<USERREF USERNAME="z2x6065"/>
<USERREF USERNAME="z3x2560"/>
<USERREF USERNAME="z2x2463"/>
</SITEGROUP>
<SITEGROUP SITENAME="(808) Kyungpook National University Medical Center">
<USERREF USERNAME="c058698"/>
<USERREF USERNAME="c143125"/>
<USERREF USERNAME="u7x2510"/>
<USERREF USERNAME="c135748"/>
<USERREF USERNAME="yex7920"/>
<USERREF USERNAME="c149470"/>
<USERREF USERNAME="rm36132"/>
<USERREF USERNAME="a803075"/>
<USERREF USERNAME="c089548"/>
<USERREF USERNAME="a511471"/>
<USERREF USERNAME="rm87794"/>
<USERREF USERNAME="rm80655"/>
<USERREF USERNAME="a608760"/>
<USERREF USERNAME="c079244"/>
<USERREF USERNAME="z3x1197"/>
<USERREF USERNAME="ysoochae"/>
<USERREF USERNAME="jkyoungseo"/>
<USERREF USERNAME="z2x1697"/>
<USERREF USERNAME="z2x1499"/>
<USERREF USERNAME="z1x2077"/>
<USERREF USERNAME="z2x3870"/>
<USERREF USERNAME="z3x0602"/>
<USERREF USERNAME="z2x5929"/>
<USERREF USERNAME="c198898"/>
<USERREF USERNAME="z2x2460"/>
<USERREF USERNAME="z2x6065"/>
<USERREF USERNAME="z3x2560"/>
<USERREF USERNAME="z2x2463"/>
<USERREF USERNAME="z2x3300"/>
<USERREF USERNAME="z2x9894"/>
<USERREF USERNAME="z3x3124"/>
<USERREF USERNAME="c212367"/>
<USERREF USERNAME="c200015"/>
<USERREF USERNAME="c203175"/>
<USERREF USERNAME="z1x1832"/>
<USERREF USERNAME="z1x1865"/>
<USERREF USERNAME="z3x0576"/>
<USERREF USERNAME="z2x9610"/>
<USERREF USERNAME="z2x6039"/>
<USERREF USERNAME="z3x1847"/>
<USERREF USERNAME="z1x2603"/>
<USERREF USERNAME="z3x1846"/>
<USERREF USERNAME="i3ymcjpby_RE"/>
<USERREF USERNAME="coder_query"/>
<USERREF USERNAME="rm95095"/>
<USERREF USERNAME="xg10776"/>
<USERREF USERNAME="wka0263"/>
<USERREF USERNAME="z1x0496"/>
<USERREF USERNAME="c003859"/>
<USERREF USERNAME="c083101"/>
<USERREF USERNAME="rm90029"/>
<USERREF USERNAME="c015393"/>
<USERREF USERNAME="c057362"/>
<USERREF USERNAME="c071673"/>
<USERREF USERNAME="c039825"/>
<USERREF USERNAME="v6x8058"/>
<USERREF USERNAME="c090108"/>
<USERREF USERNAME="c039853"/>
<USERREF USERNAME="c149066"/>
<USERREF USERNAME="rm35504"/>
<USERREF USERNAME="c131994"/>
<USERREF USERNAME="ye91098"/>
<USERREF USERNAME="c022433"/>
<USERREF USERNAME="c025980"/>
<USERREF USERNAME="c039863"/>
<USERREF USERNAME="c075541"/>
<USERREF USERNAME="a701824"/>
<USERREF USERNAME="c060736"/>
<USERREF USERNAME="c026393"/>
<USERREF USERNAME="c026390"/>
<USERREF USERNAME="a608261"/>
</SITEGROUP>
<SITEGROUP SITENAME="(900) National Taiwan University Hospital">
<USERREF USERNAME="z2x9894"/>
<USERREF USERNAME="z3x3124"/>
<USERREF USERNAME="c212367"/>
<USERREF USERNAME="c200015"/>
<USERREF USERNAME="c203175"/>
<USERREF USERNAME="z1x1832"/>
<USERREF USERNAME="z1x1865"/>
<USERREF USERNAME="z3x0576"/>
<USERREF USERNAME="z2x9610"/>
<USERREF USERNAME="z2x6039"/>
<USERREF USERNAME="z3x1847"/>
<USERREF USERNAME="z1x2603"/>
<USERREF USERNAME="z3x1846"/>
<USERREF USERNAME="i3ymcjpby_RE"/>
<USERREF USERNAME="coder_query"/>
<USERREF USERNAME="rm95095"/>
<USERREF USERNAME="xg10776"/>
<USERREF USERNAME="wka0263"/>
<USERREF USERNAME="z1x0496"/>
<USERREF USERNAME="c003859"/>
<USERREF USERNAME="c083101"/>
<USERREF USERNAME="rm90029"/>
<USERREF USERNAME="c015393"/>
<USERREF USERNAME="c057362"/>
<USERREF USERNAME="c071673"/>
<USERREF USERNAME="c039825"/>
<USERREF USERNAME="v6x8058"/>
<USERREF USERNAME="c090108"/>
<USERREF USERNAME="c039853"/>
<USERREF USERNAME="c149066"/>
<USERREF USERNAME="rm35504"/>
<USERREF USERNAME="c131994"/>
<USERREF USERNAME="ye91098"/>
<USERREF USERNAME="c022433"/>
<USERREF USERNAME="c025980"/>
<USERREF USERNAME="c039863"/>
<USERREF USERNAME="c075541"/>
<USERREF USERNAME="a701824"/>
<USERREF USERNAME="c060736"/>
<USERREF USERNAME="c026393"/>
<USERREF USERNAME="c026390"/>
<USERREF USERNAME="a608261"/>
<USERREF USERNAME="c058698"/>
<USERREF USERNAME="c143125"/>
<USERREF USERNAME="u7x2510"/>
<USERREF USERNAME="c135748"/>
<USERREF USERNAME="yex7920"/>
<USERREF USERNAME="c149470"/>
<USERREF USERNAME="rm36132"/>
<USERREF USERNAME="a803075"/>
<USERREF USERNAME="c089548"/>
<USERREF USERNAME="a511471"/>
<USERREF USERNAME="rm87794"/>
<USERREF USERNAME="rm80655"/>
<USERREF USERNAME="a608760"/>
<USERREF USERNAME="c079244"/>
<USERREF USERNAME="z3x1197"/>
<USERREF USERNAME="cshuang"/>
<USERREF USERNAME="cycheng"/>
<USERREF USERNAME="z2x1697"/>
<USERREF USERNAME="z2x1499"/>
<USERREF USERNAME="z1x2077"/>
<USERREF USERNAME="z2x3870"/>
<USERREF USERNAME="z3x0602"/>
<USERREF USERNAME="z2x5929"/>
<USERREF USERNAME="c198898"/>
<USERREF USERNAME="z2x2460"/>
<USERREF USERNAME="z2x6065"/>
<USERREF USERNAME="z3x2560"/>
<USERREF USERNAME="z2x2463"/>
<USERREF USERNAME="z2x3300"/>
</SITEGROUP>
<SITEGROUP SITENAME="(108) Nebraska Hematology Oncology PC">
<USERREF USERNAME="z3x3124"/>
<USERREF USERNAME="c212367"/>
<USERREF USERNAME="c200015"/>
<USERREF USERNAME="c203175"/>
<USERREF USERNAME="z1x1832"/>
<USERREF USERNAME="z1x1865"/>
<USERREF USERNAME="z3x0576"/>
<USERREF USERNAME="z2x9610"/>
<USERREF USERNAME="z2x6039"/>
<USERREF USERNAME="z3x1847"/>
<USERREF USERNAME="z1x2603"/>
<USERREF USERNAME="z3x1846"/>
<USERREF USERNAME="i3ymcjpby_RE"/>
<USERREF USERNAME="coder_query"/>
<USERREF USERNAME="rm95095"/>
<USERREF USERNAME="xg10776"/>
<USERREF USERNAME="z1x0496"/>
<USERREF USERNAME="c003859"/>
<USERREF USERNAME="c083101"/>
<USERREF USERNAME="rm90029"/>
<USERREF USERNAME="c015393"/>
<USERREF USERNAME="c057362"/>
<USERREF USERNAME="c071673"/>
<USERREF USERNAME="c039825"/>
<USERREF USERNAME="v6x8058"/>
<USERREF USERNAME="c090108"/>
<USERREF USERNAME="c039853"/>
<USERREF USERNAME="c149066"/>
<USERREF USERNAME="rm35504"/>
<USERREF USERNAME="c131994"/>
<USERREF USERNAME="ye91098"/>
<USERREF USERNAME="c022433"/>
<USERREF USERNAME="c025980"/>
<USERREF USERNAME="c039863"/>
<USERREF USERNAME="c075541"/>
<USERREF USERNAME="a701824"/>
<USERREF USERNAME="c060736"/>
<USERREF USERNAME="c026393"/>
<USERREF USERNAME="c026390"/>
<USERREF USERNAME="a608261"/>
<USERREF USERNAME="c058698"/>
<USERREF USERNAME="c143125"/>
<USERREF USERNAME="u7x2510"/>
<USERREF USERNAME="c135748"/>
<USERREF USERNAME="yex7920"/>
<USERREF USERNAME="c149470"/>
<USERREF USERNAME="rm36132"/>
<USERREF USERNAME="a803075"/>
<USERREF USERNAME="c089548"/>
<USERREF USERNAME="a511471"/>
<USERREF USERNAME="rm87794"/>
<USERREF USERNAME="rm80655"/>
<USERREF USERNAME="a608760"/>
<USERREF USERNAME="c079244"/>
<USERREF USERNAME="z3x1197"/>
<USERREF USERNAME="eavery"/>
<USERREF USERNAME="kedwardson"/>
<USERREF USERNAME="z2x1697"/>
<USERREF USERNAME="z2x1499"/>
<USERREF USERNAME="z1x2077"/>
<USERREF USERNAME="z2x3870"/>
<USERREF USERNAME="z3x0602"/>
<USERREF USERNAME="z2x5929"/>
<USERREF USERNAME="c198898"/>
<USERREF USERNAME="z2x2460"/>
<USERREF USERNAME="z2x6065"/>
<USERREF USERNAME="z3x2560"/>
<USERREF USERNAME="z2x2463"/>
<USERREF USERNAME="z2x3300"/>
<USERREF USERNAME="z2x9894"/>
</SITEGROUP>
<SITEGROUP SITENAME="(500) Ospedale Civile di Piacenza">
<USERREF USERNAME="z3x3124"/>
<USERREF USERNAME="c212367"/>
<USERREF USERNAME="c200015"/>
<USERREF USERNAME="c203175"/>
<USERREF USERNAME="z1x1832"/>
<USERREF USERNAME="z1x1865"/>
<USERREF USERNAME="z3x0576"/>
<USERREF USERNAME="z2x9610"/>
<USERREF USERNAME="z2x6039"/>
<USERREF USERNAME="z3x1847"/>
<USERREF USERNAME="z1x2603"/>
<USERREF USERNAME="z3x1846"/>
<USERREF USERNAME="i3ymcjpby_RE"/>
<USERREF USERNAME="coder_query"/>
<USERREF USERNAME="rm95095"/>
<USERREF USERNAME="xg10776"/>
<USERREF USERNAME="z1x0496"/>
<USERREF USERNAME="c003859"/>
<USERREF USERNAME="c083101"/>
<USERREF USERNAME="rm90029"/>
<USERREF USERNAME="c015393"/>
<USERREF USERNAME="c057362"/>
<USERREF USERNAME="c071673"/>
<USERREF USERNAME="c039825"/>
<USERREF USERNAME="v6x8058"/>
<USERREF USERNAME="c090108"/>
<USERREF USERNAME="c039853"/>
<USERREF USERNAME="c149066"/>
<USERREF USERNAME="rm35504"/>
<USERREF USERNAME="c131994"/>
<USERREF USERNAME="ye91098"/>
<USERREF USERNAME="c022433"/>
<USERREF USERNAME="c025980"/>
<USERREF USERNAME="c039863"/>
<USERREF USERNAME="c075541"/>
<USERREF USERNAME="a701824"/>
<USERREF USERNAME="c060736"/>
<USERREF USERNAME="c026393"/>
<USERREF USERNAME="c026390"/>
<USERREF USERNAME="a608261"/>
<USERREF USERNAME="c058698"/>
<USERREF USERNAME="c143125"/>
<USERREF USERNAME="u7x2510"/>
<USERREF USERNAME="c135748"/>
<USERREF USERNAME="yex7920"/>
<USERREF USERNAME="c149470"/>
<USERREF USERNAME="rm36132"/>
<USERREF USERNAME="a803075"/>
<USERREF USERNAME="c089548"/>
<USERREF USERNAME="a511471"/>
<USERREF USERNAME="rm87794"/>
<USERREF USERNAME="rm80655"/>
<USERREF USERNAME="a608760"/>
<USERREF USERNAME="c079244"/>
<USERREF USERNAME="z3x1197"/>
<USERREF USERNAME="lcavanna"/>
<USERREF USERNAME="cdinunzio"/>
<USERREF USERNAME="z2x1697"/>
<USERREF USERNAME="z2x1499"/>
<USERREF USERNAME="z1x2077"/>
<USERREF USERNAME="z2x3870"/>
<USERREF USERNAME="z3x0602"/>
<USERREF USERNAME="z2x5929"/>
<USERREF USERNAME="c198898"/>
<USERREF USERNAME="z2x2460"/>
<USERREF USERNAME="z2x6065"/>
<USERREF USERNAME="z3x2560"/>
<USERREF USERNAME="z2x2463"/>
<USERREF USERNAME="z2x3300"/>
<USERREF USERNAME="z2x9894"/>
</SITEGROUP>
<SITEGROUP SITENAME="(192) Ottawa Hospital Regional Cancer Centre">
<USERREF USERNAME="z3x3124"/>
<USERREF USERNAME="c212367"/>
<USERREF USERNAME="c200015"/>
<USERREF USERNAME="c203175"/>
<USERREF USERNAME="z1x1832"/>
<USERREF USERNAME="z1x1865"/>
<USERREF USERNAME="z3x0576"/>
<USERREF USERNAME="z2x9610"/>
<USERREF USERNAME="z2x6039"/>
<USERREF USERNAME="z3x1847"/>
<USERREF USERNAME="z1x2603"/>
<USERREF USERNAME="z3x1846"/>
<USERREF USERNAME="jhilton"/>
<USERREF USERNAME="drobbins"/>
<USERREF USERNAME="i3ymcjpby_RE"/>
<USERREF USERNAME="coder_query"/>
<USERREF USERNAME="rm95095"/>
<USERREF USERNAME="xg10776"/>
<USERREF USERNAME="z1x0496"/>
<USERREF USERNAME="c003859"/>
<USERREF USERNAME="c083101"/>
<USERREF USERNAME="rm90029"/>
<USERREF USERNAME="c015393"/>
<USERREF USERNAME="c057362"/>
<USERREF USERNAME="c071673"/>
<USERREF USERNAME="c039825"/>
<USERREF USERNAME="v6x8058"/>
<USERREF USERNAME="c090108"/>
<USERREF USERNAME="c039853"/>
<USERREF USERNAME="c149066"/>
<USERREF USERNAME="rm35504"/>
<USERREF USERNAME="c131994"/>
<USERREF USERNAME="ye91098"/>
<USERREF USERNAME="c022433"/>
<USERREF USERNAME="c025980"/>
<USERREF USERNAME="c039863"/>
<USERREF USERNAME="c075541"/>
<USERREF USERNAME="a701824"/>
<USERREF USERNAME="c060736"/>
<USERREF USERNAME="c026393"/>
<USERREF USERNAME="c026390"/>
<USERREF USERNAME="a608261"/>
<USERREF USERNAME="c058698"/>
<USERREF USERNAME="c143125"/>
<USERREF USERNAME="u7x2510"/>
<USERREF USERNAME="c135748"/>
<USERREF USERNAME="yex7920"/>
<USERREF USERNAME="c149470"/>
<USERREF USERNAME="rm36132"/>
<USERREF USERNAME="a803075"/>
<USERREF USERNAME="c089548"/>
<USERREF USERNAME="a511471"/>
<USERREF USERNAME="rm87794"/>
<USERREF USERNAME="rm80655"/>
<USERREF USERNAME="a608760"/>
<USERREF USERNAME="c079244"/>
<USERREF USERNAME="z3x1197"/>
<USERREF USERNAME="z2x1697"/>
<USERREF USERNAME="z2x1499"/>
<USERREF USERNAME="z1x2077"/>
<USERREF USERNAME="z2x3870"/>
<USERREF USERNAME="z3x0602"/>
<USERREF USERNAME="z2x5929"/>
<USERREF USERNAME="c198898"/>
<USERREF USERNAME="z2x2460"/>
<USERREF USERNAME="z2x6065"/>
<USERREF USERNAME="z3x2560"/>
<USERREF USERNAME="z2x2463"/>
<USERREF USERNAME="z2x3300"/>
<USERREF USERNAME="z2x9894"/>
</SITEGROUP>
<SITEGROUP SITENAME="(130) Pharmatech">
<USERREF USERNAME="z2x6039"/>
<USERREF USERNAME="z3x1847"/>
<USERREF USERNAME="z1x2603"/>
<USERREF USERNAME="z3x1846"/>
<USERREF USERNAME="i3ymcjpby_RE"/>
<USERREF USERNAME="coder_query"/>
<USERREF USERNAME="rm95095"/>
<USERREF USERNAME="xg10776"/>
<USERREF USERNAME="z1x0496"/>
<USERREF USERNAME="c003859"/>
<USERREF USERNAME="c083101"/>
<USERREF USERNAME="rm90029"/>
<USERREF USERNAME="c015393"/>
<USERREF USERNAME="c057362"/>
<USERREF USERNAME="c071673"/>
<USERREF USERNAME="c039825"/>
<USERREF USERNAME="v6x8058"/>
<USERREF USERNAME="c090108"/>
<USERREF USERNAME="c039853"/>
<USERREF USERNAME="c149066"/>
<USERREF USERNAME="rm35504"/>
<USERREF USERNAME="c131994"/>
<USERREF USERNAME="ye91098"/>
<USERREF USERNAME="c022433"/>
<USERREF USERNAME="c025980"/>
<USERREF USERNAME="c039863"/>
<USERREF USERNAME="c075541"/>
<USERREF USERNAME="a701824"/>
<USERREF USERNAME="c060736"/>
<USERREF USERNAME="c026393"/>
<USERREF USERNAME="c026390"/>
<USERREF USERNAME="a608261"/>
<USERREF USERNAME="c058698"/>
<USERREF USERNAME="c143125"/>
<USERREF USERNAME="u7x2510"/>
<USERREF USERNAME="c135748"/>
<USERREF USERNAME="yex7920"/>
<USERREF USERNAME="c149470"/>
<USERREF USERNAME="rm36132"/>
<USERREF USERNAME="a803075"/>
<USERREF USERNAME="c089548"/>
<USERREF USERNAME="a511471"/>
<USERREF USERNAME="rm87794"/>
<USERREF USERNAME="rm80655"/>
<USERREF USERNAME="a608760"/>
<USERREF USERNAME="c079244"/>
<USERREF USERNAME="z3x1197"/>
<USERREF USERNAME="z2x1697"/>
<USERREF USERNAME="z2x1499"/>
<USERREF USERNAME="z1x2077"/>
<USERREF USERNAME="z2x3870"/>
<USERREF USERNAME="z3x0602"/>
<USERREF USERNAME="z2x5929"/>
<USERREF USERNAME="c198898"/>
<USERREF USERNAME="z2x2460"/>
<USERREF USERNAME="z2x6065"/>
<USERREF USERNAME="z3x2560"/>
<USERREF USERNAME="z2x2463"/>
<USERREF USERNAME="z2x3300"/>
<USERREF USERNAME="z2x9894"/>
<USERREF USERNAME="z3x3124"/>
<USERREF USERNAME="c212367"/>
<USERREF USERNAME="c200015"/>
<USERREF USERNAME="c203175"/>
<USERREF USERNAME="z1x1832"/>
<USERREF USERNAME="z1x1865"/>
<USERREF USERNAME="z3x0576"/>
<USERREF USERNAME="z2x9610"/>
</SITEGROUP>
<SITEGROUP SITENAME="(804) Samsung Medical Center">
<USERREF USERNAME="i3ymcjpby_RE"/>
<USERREF USERNAME="coder_query"/>
<USERREF USERNAME="rm95095"/>
<USERREF USERNAME="xg10776"/>
<USERREF USERNAME="wka0263"/>
<USERREF USERNAME="z1x0496"/>
<USERREF USERNAME="c003859"/>
<USERREF USERNAME="c083101"/>
<USERREF USERNAME="rm90029"/>
<USERREF USERNAME="c015393"/>
<USERREF USERNAME="c057362"/>
<USERREF USERNAME="c071673"/>
<USERREF USERNAME="c039825"/>
<USERREF USERNAME="v6x8058"/>
<USERREF USERNAME="c090108"/>
<USERREF USERNAME="c039853"/>
<USERREF USERNAME="c149066"/>
<USERREF USERNAME="rm35504"/>
<USERREF USERNAME="c131994"/>
<USERREF USERNAME="ye91098"/>
<USERREF USERNAME="c022433"/>
<USERREF USERNAME="c025980"/>
<USERREF USERNAME="c039863"/>
<USERREF USERNAME="c075541"/>
<USERREF USERNAME="a701824"/>
<USERREF USERNAME="c060736"/>
<USERREF USERNAME="c026393"/>
<USERREF USERNAME="c026390"/>
<USERREF USERNAME="a608261"/>
<USERREF USERNAME="c058698"/>
<USERREF USERNAME="c143125"/>
<USERREF USERNAME="u7x2510"/>
<USERREF USERNAME="c135748"/>
<USERREF USERNAME="yex7920"/>
<USERREF USERNAME="c149470"/>
<USERREF USERNAME="rm36132"/>
<USERREF USERNAME="a803075"/>
<USERREF USERNAME="c089548"/>
<USERREF USERNAME="a511471"/>
<USERREF USERNAME="rm87794"/>
<USERREF USERNAME="rm80655"/>
<USERREF USERNAME="a608760"/>
<USERREF USERNAME="c079244"/>
<USERREF USERNAME="z3x1197"/>
<USERREF USERNAME="Skim"/>
<USERREF USERNAME="sykim"/>
<USERREF USERNAME="z2x1697"/>
<USERREF USERNAME="z2x1499"/>
<USERREF USERNAME="z1x2077"/>
<USERREF USERNAME="z2x3870"/>
<USERREF USERNAME="z3x0602"/>
<USERREF USERNAME="z2x5929"/>
<USERREF USERNAME="c198898"/>
<USERREF USERNAME="z2x2460"/>
<USERREF USERNAME="z2x6065"/>
<USERREF USERNAME="z3x2560"/>
<USERREF USERNAME="z2x2463"/>
<USERREF USERNAME="z2x3300"/>
<USERREF USERNAME="z2x9894"/>
<USERREF USERNAME="z3x3124"/>
<USERREF USERNAME="c212367"/>
<USERREF USERNAME="c200015"/>
<USERREF USERNAME="c203175"/>
<USERREF USERNAME="z1x1832"/>
<USERREF USERNAME="z1x1865"/>
<USERREF USERNAME="z3x0576"/>
<USERREF USERNAME="z2x9610"/>
<USERREF USERNAME="z2x6039"/>
<USERREF USERNAME="z3x1847"/>
<USERREF USERNAME="z1x2603"/>
<USERREF USERNAME="z3x1846"/>
</SITEGROUP>
<SITEGROUP SITENAME="(178) Sansum Santa Barbara Medical Foundation Clinic">
<USERREF USERNAME="z3x3124"/>
<USERREF USERNAME="c212367"/>
<USERREF USERNAME="c200015"/>
<USERREF USERNAME="c203175"/>
<USERREF USERNAME="z1x1832"/>
<USERREF USERNAME="z1x1865"/>
<USERREF USERNAME="z3x0576"/>
<USERREF USERNAME="z2x9610"/>
<USERREF USERNAME="z2x6039"/>
<USERREF USERNAME="z3x1847"/>
<USERREF USERNAME="z1x2603"/>
<USERREF USERNAME="z3x1846"/>
<USERREF USERNAME="hheitkamp"/>
<USERREF USERNAME="i3ymcjpby_RE"/>
<USERREF USERNAME="coder_query"/>
<USERREF USERNAME="rm95095"/>
<USERREF USERNAME="xg10776"/>
<USERREF USERNAME="z1x0496"/>
<USERREF USERNAME="c003859"/>
<USERREF USERNAME="c083101"/>
<USERREF USERNAME="rm90029"/>
<USERREF USERNAME="c015393"/>
<USERREF USERNAME="c057362"/>
<USERREF USERNAME="c071673"/>
<USERREF USERNAME="c039825"/>
<USERREF USERNAME="v6x8058"/>
<USERREF USERNAME="c090108"/>
<USERREF USERNAME="c039853"/>
<USERREF USERNAME="c149066"/>
<USERREF USERNAME="rm35504"/>
<USERREF USERNAME="c131994"/>
<USERREF USERNAME="ye91098"/>
<USERREF USERNAME="c022433"/>
<USERREF USERNAME="c025980"/>
<USERREF USERNAME="c039863"/>
<USERREF USERNAME="c075541"/>
<USERREF USERNAME="a701824"/>
<USERREF USERNAME="c060736"/>
<USERREF USERNAME="c026393"/>
<USERREF USERNAME="c026390"/>
<USERREF USERNAME="a608261"/>
<USERREF USERNAME="c058698"/>
<USERREF USERNAME="c143125"/>
<USERREF USERNAME="u7x2510"/>
<USERREF USERNAME="c135748"/>
<USERREF USERNAME="yex7920"/>
<USERREF USERNAME="c149470"/>
<USERREF USERNAME="rm36132"/>
<USERREF USERNAME="a803075"/>
<USERREF USERNAME="c089548"/>
<USERREF USERNAME="a511471"/>
<USERREF USERNAME="rm87794"/>
<USERREF USERNAME="rm80655"/>
<USERREF USERNAME="a608760"/>
<USERREF USERNAME="c079244"/>
<USERREF USERNAME="z3x1197"/>
<USERREF USERNAME="jtaguchi"/>
<USERREF USERNAME="z2x1697"/>
<USERREF USERNAME="z2x1499"/>
<USERREF USERNAME="z1x2077"/>
<USERREF USERNAME="z2x3870"/>
<USERREF USERNAME="z3x0602"/>
<USERREF USERNAME="z2x5929"/>
<USERREF USERNAME="c198898"/>
<USERREF USERNAME="z2x2460"/>
<USERREF USERNAME="z2x6065"/>
<USERREF USERNAME="z3x2560"/>
<USERREF USERNAME="z2x2463"/>
<USERREF USERNAME="z2x3300"/>
<USERREF USERNAME="z2x9894"/>
</SITEGROUP>
<SITEGROUP SITENAME="(802) Severance Hospital Yonsei University Health System">
<USERREF USERNAME="c198898"/>
<USERREF USERNAME="z2x2460"/>
<USERREF USERNAME="z2x6065"/>
<USERREF USERNAME="z3x2560"/>
<USERREF USERNAME="z2x2463"/>
<USERREF USERNAME="z2x3300"/>
<USERREF USERNAME="z2x9894"/>
<USERREF USERNAME="z3x3124"/>
<USERREF USERNAME="c212367"/>
<USERREF USERNAME="c200015"/>
<USERREF USERNAME="c203175"/>
<USERREF USERNAME="z1x1832"/>
<USERREF USERNAME="z1x1865"/>
<USERREF USERNAME="z3x0576"/>
<USERREF USERNAME="z2x9610"/>
<USERREF USERNAME="z2x6039"/>
<USERREF USERNAME="z3x1847"/>
<USERREF USERNAME="z1x2603"/>
<USERREF USERNAME="z3x1846"/>
<USERREF USERNAME="i3ymcjpby_RE"/>
<USERREF USERNAME="coder_query"/>
<USERREF USERNAME="rm95095"/>
<USERREF USERNAME="xg10776"/>
<USERREF USERNAME="wka0263"/>
<USERREF USERNAME="z1x0496"/>
<USERREF USERNAME="c003859"/>
<USERREF USERNAME="c083101"/>
<USERREF USERNAME="rm90029"/>
<USERREF USERNAME="c015393"/>
<USERREF USERNAME="c057362"/>
<USERREF USERNAME="c071673"/>
<USERREF USERNAME="c039825"/>
<USERREF USERNAME="v6x8058"/>
<USERREF USERNAME="c090108"/>
<USERREF USERNAME="c039853"/>
<USERREF USERNAME="c149066"/>
<USERREF USERNAME="rm35504"/>
<USERREF USERNAME="c131994"/>
<USERREF USERNAME="ye91098"/>
<USERREF USERNAME="c022433"/>
<USERREF USERNAME="c025980"/>
<USERREF USERNAME="c039863"/>
<USERREF USERNAME="c075541"/>
<USERREF USERNAME="a701824"/>
<USERREF USERNAME="c060736"/>
<USERREF USERNAME="c026393"/>
<USERREF USERNAME="c026390"/>
<USERREF USERNAME="a608261"/>
<USERREF USERNAME="c058698"/>
<USERREF USERNAME="c143125"/>
<USERREF USERNAME="u7x2510"/>
<USERREF USERNAME="c135748"/>
<USERREF USERNAME="yex7920"/>
<USERREF USERNAME="c149470"/>
<USERREF USERNAME="rm36132"/>
<USERREF USERNAME="a803075"/>
<USERREF USERNAME="c089548"/>
<USERREF USERNAME="a511471"/>
<USERREF USERNAME="rm87794"/>
<USERREF USERNAME="rm80655"/>
<USERREF USERNAME="a608760"/>
<USERREF USERNAME="c079244"/>
<USERREF USERNAME="z3x1197"/>
<USERREF USERNAME="gmkim"/>
<USERREF USERNAME="yskim"/>
<USERREF USERNAME="z2x1697"/>
<USERREF USERNAME="z2x1499"/>
<USERREF USERNAME="z1x2077"/>
<USERREF USERNAME="z2x3870"/>
<USERREF USERNAME="z3x0602"/>
<USERREF USERNAME="z2x5929"/>
</SITEGROUP>
<SITEGROUP SITENAME="(190) Sunnybrook Health Sciences Centre">
<USERREF USERNAME="z2x2460"/>
<USERREF USERNAME="z2x6065"/>
<USERREF USERNAME="z3x2560"/>
<USERREF USERNAME="z2x2463"/>
<USERREF USERNAME="z2x3300"/>
<USERREF USERNAME="z2x9894"/>
<USERREF USERNAME="z3x3124"/>
<USERREF USERNAME="c212367"/>
<USERREF USERNAME="c200015"/>
<USERREF USERNAME="c203175"/>
<USERREF USERNAME="z1x1832"/>
<USERREF USERNAME="z1x1865"/>
<USERREF USERNAME="z3x0576"/>
<USERREF USERNAME="z2x9610"/>
<USERREF USERNAME="z2x6039"/>
<USERREF USERNAME="z3x1847"/>
<USERREF USERNAME="z1x2603"/>
<USERREF USERNAME="z3x1846"/>
<USERREF USERNAME="sverma"/>
<USERREF USERNAME="ttaite"/>
<USERREF USERNAME="i3ymcjpby_RE"/>
<USERREF USERNAME="coder_query"/>
<USERREF USERNAME="rm95095"/>
<USERREF USERNAME="xg10776"/>
<USERREF USERNAME="z1x0496"/>
<USERREF USERNAME="c003859"/>
<USERREF USERNAME="c083101"/>
<USERREF USERNAME="rm90029"/>
<USERREF USERNAME="c015393"/>
<USERREF USERNAME="c057362"/>
<USERREF USERNAME="c071673"/>
<USERREF USERNAME="c039825"/>
<USERREF USERNAME="v6x8058"/>
<USERREF USERNAME="c090108"/>
<USERREF USERNAME="c039853"/>
<USERREF USERNAME="c149066"/>
<USERREF USERNAME="rm35504"/>
<USERREF USERNAME="c131994"/>
<USERREF USERNAME="ye91098"/>
<USERREF USERNAME="c022433"/>
<USERREF USERNAME="c025980"/>
<USERREF USERNAME="c039863"/>
<USERREF USERNAME="c075541"/>
<USERREF USERNAME="a701824"/>
<USERREF USERNAME="c060736"/>
<USERREF USERNAME="c026393"/>
<USERREF USERNAME="c026390"/>
<USERREF USERNAME="a608261"/>
<USERREF USERNAME="c058698"/>
<USERREF USERNAME="c143125"/>
<USERREF USERNAME="u7x2510"/>
<USERREF USERNAME="c135748"/>
<USERREF USERNAME="yex7920"/>
<USERREF USERNAME="c149470"/>
<USERREF USERNAME="rm36132"/>
<USERREF USERNAME="a803075"/>
<USERREF USERNAME="c089548"/>
<USERREF USERNAME="a511471"/>
<USERREF USERNAME="rm87794"/>
<USERREF USERNAME="rm80655"/>
<USERREF USERNAME="a608760"/>
<USERREF USERNAME="c079244"/>
<USERREF USERNAME="z3x1197"/>
<USERREF USERNAME="z2x1697"/>
<USERREF USERNAME="z2x1499"/>
<USERREF USERNAME="z1x2077"/>
<USERREF USERNAME="z2x3870"/>
<USERREF USERNAME="z3x0602"/>
<USERREF USERNAME="z2x5929"/>
<USERREF USERNAME="c198898"/>
</SITEGROUP>
<SITEGROUP SITENAME="(906) Taipei Veterans General Hospital">
<USERREF USERNAME="hctseng"/>
<USERREF USERNAME="z2x1697"/>
<USERREF USERNAME="z2x1499"/>
<USERREF USERNAME="z1x2077"/>
<USERREF USERNAME="z2x3870"/>
<USERREF USERNAME="z3x0602"/>
<USERREF USERNAME="z2x5929"/>
<USERREF USERNAME="c198898"/>
<USERREF USERNAME="z2x2460"/>
<USERREF USERNAME="z2x6065"/>
<USERREF USERNAME="z3x2560"/>
<USERREF USERNAME="z2x2463"/>
<USERREF USERNAME="z2x3300"/>
<USERREF USERNAME="z2x9894"/>
<USERREF USERNAME="z3x3124"/>
<USERREF USERNAME="c212367"/>
<USERREF USERNAME="c200015"/>
<USERREF USERNAME="c203175"/>
<USERREF USERNAME="z1x1832"/>
<USERREF USERNAME="z1x1865"/>
<USERREF USERNAME="z3x0576"/>
<USERREF USERNAME="z2x9610"/>
<USERREF USERNAME="z2x6039"/>
<USERREF USERNAME="z3x1847"/>
<USERREF USERNAME="z1x2603"/>
<USERREF USERNAME="z3x1846"/>
<USERREF USERNAME="i3ymcjpby_RE"/>
<USERREF USERNAME="coder_query"/>
<USERREF USERNAME="rm95095"/>
<USERREF USERNAME="xg10776"/>
<USERREF USERNAME="wka0263"/>
<USERREF USERNAME="z1x0496"/>
<USERREF USERNAME="c003859"/>
<USERREF USERNAME="c083101"/>
<USERREF USERNAME="rm90029"/>
<USERREF USERNAME="c015393"/>
<USERREF USERNAME="c057362"/>
<USERREF USERNAME="c071673"/>
<USERREF USERNAME="c039825"/>
<USERREF USERNAME="v6x8058"/>
<USERREF USERNAME="c090108"/>
<USERREF USERNAME="c039853"/>
<USERREF USERNAME="c149066"/>
<USERREF USERNAME="rm35504"/>
<USERREF USERNAME="c131994"/>
<USERREF USERNAME="ye91098"/>
<USERREF USERNAME="c022433"/>
<USERREF USERNAME="c025980"/>
<USERREF USERNAME="c039863"/>
<USERREF USERNAME="c075541"/>
<USERREF USERNAME="a701824"/>
<USERREF USERNAME="c060736"/>
<USERREF USERNAME="c026393"/>
<USERREF USERNAME="c026390"/>
<USERREF USERNAME="a608261"/>
<USERREF USERNAME="c058698"/>
<USERREF USERNAME="c143125"/>
<USERREF USERNAME="u7x2510"/>
<USERREF USERNAME="c135748"/>
<USERREF USERNAME="yex7920"/>
<USERREF USERNAME="c149470"/>
<USERREF USERNAME="rm36132"/>
<USERREF USERNAME="a803075"/>
<USERREF USERNAME="c089548"/>
<USERREF USERNAME="a511471"/>
<USERREF USERNAME="rm87794"/>
<USERREF USERNAME="rm80655"/>
<USERREF USERNAME="a608760"/>
<USERREF USERNAME="c079244"/>
<USERREF USERNAME="z3x1197"/>
<USERREF USERNAME="lmtseng"/>
</SITEGROUP>
<SITEGROUP SITENAME="(194) The Royal Victoria Hospital MUHC Glen site Cedars Cancer Centre">
<USERREF USERNAME="z2x6039"/>
<USERREF USERNAME="z3x1847"/>
<USERREF USERNAME="z1x2603"/>
<USERREF USERNAME="z3x1846"/>
<USERREF USERNAME="nbouganim"/>
<USERREF USERNAME="pchipman"/>
<USERREF USERNAME="i3ymcjpby_RE"/>
<USERREF USERNAME="coder_query"/>
<USERREF USERNAME="rm95095"/>
<USERREF USERNAME="xg10776"/>
<USERREF USERNAME="z1x0496"/>
<USERREF USERNAME="c003859"/>
<USERREF USERNAME="c083101"/>
<USERREF USERNAME="rm90029"/>
<USERREF USERNAME="c015393"/>
<USERREF USERNAME="c057362"/>
<USERREF USERNAME="c071673"/>
<USERREF USERNAME="c039825"/>
<USERREF USERNAME="v6x8058"/>
<USERREF USERNAME="c090108"/>
<USERREF USERNAME="c039853"/>
<USERREF USERNAME="c149066"/>
<USERREF USERNAME="rm35504"/>
<USERREF USERNAME="c131994"/>
<USERREF USERNAME="ye91098"/>
<USERREF USERNAME="c022433"/>
<USERREF USERNAME="c025980"/>
<USERREF USERNAME="c039863"/>
<USERREF USERNAME="c075541"/>
<USERREF USERNAME="a701824"/>
<USERREF USERNAME="c060736"/>
<USERREF USERNAME="c026393"/>
<USERREF USERNAME="c026390"/>
<USERREF USERNAME="a608261"/>
<USERREF USERNAME="c058698"/>
<USERREF USERNAME="c143125"/>
<USERREF USERNAME="u7x2510"/>
<USERREF USERNAME="c135748"/>
<USERREF USERNAME="yex7920"/>
<USERREF USERNAME="c149470"/>
<USERREF USERNAME="rm36132"/>
<USERREF USERNAME="a803075"/>
<USERREF USERNAME="c089548"/>
<USERREF USERNAME="a511471"/>
<USERREF USERNAME="rm87794"/>
<USERREF USERNAME="rm80655"/>
<USERREF USERNAME="a608760"/>
<USERREF USERNAME="c079244"/>
<USERREF USERNAME="z3x1197"/>
<USERREF USERNAME="z2x1697"/>
<USERREF USERNAME="z2x1499"/>
<USERREF USERNAME="z1x2077"/>
<USERREF USERNAME="z2x3870"/>
<USERREF USERNAME="z3x0602"/>
<USERREF USERNAME="z2x5929"/>
<USERREF USERNAME="c198898"/>
<USERREF USERNAME="z2x2460"/>
<USERREF USERNAME="z2x6065"/>
<USERREF USERNAME="z3x2560"/>
<USERREF USERNAME="z2x2463"/>
<USERREF USERNAME="z2x3300"/>
<USERREF USERNAME="z2x9894"/>
<USERREF USERNAME="z3x3124"/>
<USERREF USERNAME="c212367"/>
<USERREF USERNAME="c200015"/>
<USERREF USERNAME="c203175"/>
<USERREF USERNAME="z1x1832"/>
<USERREF USERNAME="z1x1865"/>
<USERREF USERNAME="z3x0576"/>
<USERREF USERNAME="z2x9610"/>
</SITEGROUP>
<SITEGROUP SITENAME="(116) The West Clinic">
<USERREF USERNAME="z2x2460"/>
<USERREF USERNAME="z2x6065"/>
<USERREF USERNAME="z3x2560"/>
<USERREF USERNAME="z2x2463"/>
<USERREF USERNAME="z2x3300"/>
<USERREF USERNAME="z2x9894"/>
<USERREF USERNAME="z3x3124"/>
<USERREF USERNAME="c212367"/>
<USERREF USERNAME="c200015"/>
<USERREF USERNAME="c203175"/>
<USERREF USERNAME="z1x1832"/>
<USERREF USERNAME="z1x1865"/>
<USERREF USERNAME="z3x0576"/>
<USERREF USERNAME="z2x9610"/>
<USERREF USERNAME="z2x6039"/>
<USERREF USERNAME="z3x1847"/>
<USERREF USERNAME="z1x2603"/>
<USERREF USERNAME="z3x1846"/>
<USERREF USERNAME="i3ymcjpby_RE"/>
<USERREF USERNAME="coder_query"/>
<USERREF USERNAME="rm95095"/>
<USERREF USERNAME="xg10776"/>
<USERREF USERNAME="z1x0496"/>
<USERREF USERNAME="c003859"/>
<USERREF USERNAME="c083101"/>
<USERREF USERNAME="rm90029"/>
<USERREF USERNAME="c015393"/>
<USERREF USERNAME="c057362"/>
<USERREF USERNAME="c071673"/>
<USERREF USERNAME="c039825"/>
<USERREF USERNAME="v6x8058"/>
<USERREF USERNAME="c090108"/>
<USERREF USERNAME="c039853"/>
<USERREF USERNAME="c149066"/>
<USERREF USERNAME="rm35504"/>
<USERREF USERNAME="c131994"/>
<USERREF USERNAME="ye91098"/>
<USERREF USERNAME="c022433"/>
<USERREF USERNAME="c025980"/>
<USERREF USERNAME="c039863"/>
<USERREF USERNAME="c075541"/>
<USERREF USERNAME="a701824"/>
<USERREF USERNAME="c060736"/>
<USERREF USERNAME="c026393"/>
<USERREF USERNAME="c026390"/>
<USERREF USERNAME="a608261"/>
<USERREF USERNAME="c058698"/>
<USERREF USERNAME="c143125"/>
<USERREF USERNAME="u7x2510"/>
<USERREF USERNAME="c135748"/>
<USERREF USERNAME="yex7920"/>
<USERREF USERNAME="c149470"/>
<USERREF USERNAME="rm36132"/>
<USERREF USERNAME="a803075"/>
<USERREF USERNAME="c089548"/>
<USERREF USERNAME="a511471"/>
<USERREF USERNAME="rm87794"/>
<USERREF USERNAME="rm80655"/>
<USERREF USERNAME="a608760"/>
<USERREF USERNAME="c079244"/>
<USERREF USERNAME="z3x1197"/>
<USERREF USERNAME="lschwartzberg"/>
<USERREF USERNAME="jwood"/>
<USERREF USERNAME="z2x1697"/>
<USERREF USERNAME="z2x1499"/>
<USERREF USERNAME="z1x2077"/>
<USERREF USERNAME="z2x3870"/>
<USERREF USERNAME="z3x0602"/>
<USERREF USERNAME="z2x5929"/>
<USERREF USERNAME="c198898"/>
</SITEGROUP>
<SITEGROUP SITENAME="(104) UCLA Hematology Oncology Santa Monica">
<USERREF USERNAME="u7x2510"/>
<USERREF USERNAME="c135748"/>
<USERREF USERNAME="yex7920"/>
<USERREF USERNAME="c149470"/>
<USERREF USERNAME="rm36132"/>
<USERREF USERNAME="a803075"/>
<USERREF USERNAME="c089548"/>
<USERREF USERNAME="a511471"/>
<USERREF USERNAME="rm87794"/>
<USERREF USERNAME="rm80655"/>
<USERREF USERNAME="a608760"/>
<USERREF USERNAME="c079244"/>
<USERREF USERNAME="z3x1197"/>
<USERREF USERNAME="shurvitx"/>
<USERREF USERNAME="mrocha"/>
<USERREF USERNAME="z2x1697"/>
<USERREF USERNAME="z2x1499"/>
<USERREF USERNAME="z1x2077"/>
<USERREF USERNAME="z2x3870"/>
<USERREF USERNAME="z3x0602"/>
<USERREF USERNAME="z2x5929"/>
<USERREF USERNAME="c198898"/>
<USERREF USERNAME="z2x2460"/>
<USERREF USERNAME="z2x6065"/>
<USERREF USERNAME="z3x2560"/>
<USERREF USERNAME="z2x2463"/>
<USERREF USERNAME="z2x3300"/>
<USERREF USERNAME="z2x9894"/>
<USERREF USERNAME="z3x3124"/>
<USERREF USERNAME="c212367"/>
<USERREF USERNAME="c200015"/>
<USERREF USERNAME="c203175"/>
<USERREF USERNAME="z1x1832"/>
<USERREF USERNAME="z1x1865"/>
<USERREF USERNAME="z3x0576"/>
<USERREF USERNAME="z2x9610"/>
<USERREF USERNAME="z2x6039"/>
<USERREF USERNAME="z3x1847"/>
<USERREF USERNAME="z1x2603"/>
<USERREF USERNAME="z3x1846"/>
<USERREF USERNAME="i3ymcjpby_RE"/>
<USERREF USERNAME="coder_query"/>
<USERREF USERNAME="rm95095"/>
<USERREF USERNAME="xg10776"/>
<USERREF USERNAME="z1x0496"/>
<USERREF USERNAME="c003859"/>
<USERREF USERNAME="c083101"/>
<USERREF USERNAME="rm90029"/>
<USERREF USERNAME="c015393"/>
<USERREF USERNAME="c057362"/>
<USERREF USERNAME="c071673"/>
<USERREF USERNAME="c039825"/>
<USERREF USERNAME="v6x8058"/>
<USERREF USERNAME="c090108"/>
<USERREF USERNAME="c039853"/>
<USERREF USERNAME="c149066"/>
<USERREF USERNAME="rm35504"/>
<USERREF USERNAME="c131994"/>
<USERREF USERNAME="ye91098"/>
<USERREF USERNAME="c022433"/>
<USERREF USERNAME="c025980"/>
<USERREF USERNAME="c039863"/>
<USERREF USERNAME="c075541"/>
<USERREF USERNAME="a701824"/>
<USERREF USERNAME="c060736"/>
<USERREF USERNAME="c026393"/>
<USERREF USERNAME="c026390"/>
<USERREF USERNAME="a608261"/>
<USERREF USERNAME="c058698"/>
<USERREF USERNAME="c143125"/>
</SITEGROUP>
<SITEGROUP SITENAME="(188) UF Health Cancer Center Orlando Health">
<USERREF USERNAME="z2x5929"/>
<USERREF USERNAME="c198898"/>
<USERREF USERNAME="z2x2460"/>
<USERREF USERNAME="z2x6065"/>
<USERREF USERNAME="z3x2560"/>
<USERREF USERNAME="z2x2463"/>
<USERREF USERNAME="z2x3300"/>
<USERREF USERNAME="z2x9894"/>
<USERREF USERNAME="z3x3124"/>
<USERREF USERNAME="c212367"/>
<USERREF USERNAME="c200015"/>
<USERREF USERNAME="c203175"/>
<USERREF USERNAME="z1x1832"/>
<USERREF USERNAME="z1x1865"/>
<USERREF USERNAME="z3x0576"/>
<USERREF USERNAME="z2x9610"/>
<USERREF USERNAME="z2x6039"/>
<USERREF USERNAME="z3x1847"/>
<USERREF USERNAME="z1x2603"/>
<USERREF USERNAME="z3x1846"/>
<USERREF USERNAME="i3ymcjpby_RE"/>
<USERREF USERNAME="coder_query"/>
<USERREF USERNAME="rm95095"/>
<USERREF USERNAME="xg10776"/>
<USERREF USERNAME="z1x0496"/>
<USERREF USERNAME="c003859"/>
<USERREF USERNAME="c083101"/>
<USERREF USERNAME="rm90029"/>
<USERREF USERNAME="c015393"/>
<USERREF USERNAME="c057362"/>
<USERREF USERNAME="c071673"/>
<USERREF USERNAME="c039825"/>
<USERREF USERNAME="v6x8058"/>
<USERREF USERNAME="c090108"/>
<USERREF USERNAME="c039853"/>
<USERREF USERNAME="c149066"/>
<USERREF USERNAME="rm35504"/>
<USERREF USERNAME="c131994"/>
<USERREF USERNAME="ye91098"/>
<USERREF USERNAME="c022433"/>
<USERREF USERNAME="c025980"/>
<USERREF USERNAME="c039863"/>
<USERREF USERNAME="c075541"/>
<USERREF USERNAME="a701824"/>
<USERREF USERNAME="c060736"/>
<USERREF USERNAME="c026393"/>
<USERREF USERNAME="c026390"/>
<USERREF USERNAME="a608261"/>
<USERREF USERNAME="c058698"/>
<USERREF USERNAME="c143125"/>
<USERREF USERNAME="u7x2510"/>
<USERREF USERNAME="c135748"/>
<USERREF USERNAME="yex7920"/>
<USERREF USERNAME="c149470"/>
<USERREF USERNAME="rm36132"/>
<USERREF USERNAME="a803075"/>
<USERREF USERNAME="c089548"/>
<USERREF USERNAME="a511471"/>
<USERREF USERNAME="rm87794"/>
<USERREF USERNAME="rm80655"/>
<USERREF USERNAME="a608760"/>
<USERREF USERNAME="c079244"/>
<USERREF USERNAME="z3x1197"/>
<USERREF USERNAME="z2x1697"/>
<USERREF USERNAME="z2x1499"/>
<USERREF USERNAME="z1x2077"/>
<USERREF USERNAME="z2x3870"/>
<USERREF USERNAME="z3x0602"/>
</SITEGROUP>
<SITEGROUP SITENAME="(806) Ulsan University Hospital">
<USERREF USERNAME="c071673"/>
<USERREF USERNAME="c039825"/>
<USERREF USERNAME="v6x8058"/>
<USERREF USERNAME="c090108"/>
<USERREF USERNAME="c039853"/>
<USERREF USERNAME="c149066"/>
<USERREF USERNAME="rm35504"/>
<USERREF USERNAME="c131994"/>
<USERREF USERNAME="ye91098"/>
<USERREF USERNAME="c022433"/>
<USERREF USERNAME="c025980"/>
<USERREF USERNAME="c039863"/>
<USERREF USERNAME="c075541"/>
<USERREF USERNAME="a701824"/>
<USERREF USERNAME="c060736"/>
<USERREF USERNAME="c026393"/>
<USERREF USERNAME="c026390"/>
<USERREF USERNAME="a608261"/>
<USERREF USERNAME="c058698"/>
<USERREF USERNAME="c143125"/>
<USERREF USERNAME="u7x2510"/>
<USERREF USERNAME="c135748"/>
<USERREF USERNAME="yex7920"/>
<USERREF USERNAME="c149470"/>
<USERREF USERNAME="rm36132"/>
<USERREF USERNAME="a803075"/>
<USERREF USERNAME="c089548"/>
<USERREF USERNAME="a511471"/>
<USERREF USERNAME="rm87794"/>
<USERREF USERNAME="rm80655"/>
<USERREF USERNAME="a608760"/>
<USERREF USERNAME="c079244"/>
<USERREF USERNAME="z3x1197"/>
<USERREF USERNAME="skoh"/>
<USERREF USERNAME="kepark"/>
<USERREF USERNAME="z2x1697"/>
<USERREF USERNAME="z2x1499"/>
<USERREF USERNAME="z1x2077"/>
<USERREF USERNAME="z2x3870"/>
<USERREF USERNAME="z3x0602"/>
<USERREF USERNAME="z2x5929"/>
<USERREF USERNAME="c198898"/>
<USERREF USERNAME="z2x2460"/>
<USERREF USERNAME="z2x6065"/>
<USERREF USERNAME="z3x2560"/>
<USERREF USERNAME="z2x2463"/>
<USERREF USERNAME="z2x3300"/>
<USERREF USERNAME="z2x9894"/>
<USERREF USERNAME="z3x3124"/>
<USERREF USERNAME="c212367"/>
<USERREF USERNAME="c200015"/>
<USERREF USERNAME="c203175"/>
<USERREF USERNAME="z1x1832"/>
<USERREF USERNAME="z1x1865"/>
<USERREF USERNAME="z3x0576"/>
<USERREF USERNAME="z2x9610"/>
<USERREF USERNAME="z2x6039"/>
<USERREF USERNAME="z3x1847"/>
<USERREF USERNAME="z1x2603"/>
<USERREF USERNAME="z3x1846"/>
<USERREF USERNAME="i3ymcjpby_RE"/>
<USERREF USERNAME="coder_query"/>
<USERREF USERNAME="rm95095"/>
<USERREF USERNAME="xg10776"/>
<USERREF USERNAME="wka0263"/>
<USERREF USERNAME="z1x0496"/>
<USERREF USERNAME="c003859"/>
<USERREF USERNAME="c083101"/>
<USERREF USERNAME="rm90029"/>
<USERREF USERNAME="c015393"/>
<USERREF USERNAME="c057362"/>
</SITEGROUP>
<SITEGROUP SITENAME="(200) Univ Klinik fur Gynakologie und Geburthshilfe MedUni Innsbruck">
<USERREF USERNAME="z2x2460"/>
<USERREF USERNAME="z2x6065"/>
<USERREF USERNAME="z3x2560"/>
<USERREF USERNAME="z2x2463"/>
<USERREF USERNAME="z2x3300"/>
<USERREF USERNAME="z2x9894"/>
<USERREF USERNAME="z3x3124"/>
<USERREF USERNAME="c212367"/>
<USERREF USERNAME="c200015"/>
<USERREF USERNAME="c203175"/>
<USERREF USERNAME="z1x1832"/>
<USERREF USERNAME="z1x1865"/>
<USERREF USERNAME="z3x0576"/>
<USERREF USERNAME="z2x9610"/>
<USERREF USERNAME="z2x6039"/>
<USERREF USERNAME="z3x1847"/>
<USERREF USERNAME="z1x2603"/>
<USERREF USERNAME="z3x1846"/>
<USERREF USERNAME="i3ymcjpby_RE"/>
<USERREF USERNAME="coder_query"/>
<USERREF USERNAME="rm95095"/>
<USERREF USERNAME="xg10776"/>
<USERREF USERNAME="z1x0496"/>
<USERREF USERNAME="c003859"/>
<USERREF USERNAME="c083101"/>
<USERREF USERNAME="rm90029"/>
<USERREF USERNAME="c015393"/>
<USERREF USERNAME="c057362"/>
<USERREF USERNAME="c071673"/>
<USERREF USERNAME="c039825"/>
<USERREF USERNAME="v6x8058"/>
<USERREF USERNAME="c090108"/>
<USERREF USERNAME="c039853"/>
<USERREF USERNAME="c149066"/>
<USERREF USERNAME="rm35504"/>
<USERREF USERNAME="c131994"/>
<USERREF USERNAME="ye91098"/>
<USERREF USERNAME="c022433"/>
<USERREF USERNAME="c025980"/>
<USERREF USERNAME="c039863"/>
<USERREF USERNAME="c075541"/>
<USERREF USERNAME="a701824"/>
<USERREF USERNAME="c060736"/>
<USERREF USERNAME="c026393"/>
<USERREF USERNAME="c026390"/>
<USERREF USERNAME="a608261"/>
<USERREF USERNAME="c058698"/>
<USERREF USERNAME="c143125"/>
<USERREF USERNAME="u7x2510"/>
<USERREF USERNAME="c135748"/>
<USERREF USERNAME="yex7920"/>
<USERREF USERNAME="c149470"/>
<USERREF USERNAME="rm36132"/>
<USERREF USERNAME="a803075"/>
<USERREF USERNAME="c089548"/>
<USERREF USERNAME="a511471"/>
<USERREF USERNAME="rm87794"/>
<USERREF USERNAME="rm80655"/>
<USERREF USERNAME="a608760"/>
<USERREF USERNAME="c079244"/>
<USERREF USERNAME="z3x1197"/>
<USERREF USERNAME="mhubalek"/>
<USERREF USERNAME="calbertini"/>
<USERREF USERNAME="z2x1697"/>
<USERREF USERNAME="z2x1499"/>
<USERREF USERNAME="z1x2077"/>
<USERREF USERNAME="z2x3870"/>
<USERREF USERNAME="z3x0602"/>
<USERREF USERNAME="z2x5929"/>
<USERREF USERNAME="c198898"/>
</SITEGROUP>
<SITEGROUP SITENAME="(114) University Cancer and Blood Center LLC">
<USERREF USERNAME="v6x8058"/>
<USERREF USERNAME="c090108"/>
<USERREF USERNAME="c039853"/>
<USERREF USERNAME="c149066"/>
<USERREF USERNAME="rm35504"/>
<USERREF USERNAME="c131994"/>
<USERREF USERNAME="ye91098"/>
<USERREF USERNAME="c022433"/>
<USERREF USERNAME="c025980"/>
<USERREF USERNAME="c039863"/>
<USERREF USERNAME="c075541"/>
<USERREF USERNAME="a701824"/>
<USERREF USERNAME="c060736"/>
<USERREF USERNAME="c026393"/>
<USERREF USERNAME="c026390"/>
<USERREF USERNAME="a608261"/>
<USERREF USERNAME="c058698"/>
<USERREF USERNAME="c143125"/>
<USERREF USERNAME="u7x2510"/>
<USERREF USERNAME="c135748"/>
<USERREF USERNAME="yex7920"/>
<USERREF USERNAME="c149470"/>
<USERREF USERNAME="rm36132"/>
<USERREF USERNAME="a803075"/>
<USERREF USERNAME="c089548"/>
<USERREF USERNAME="a511471"/>
<USERREF USERNAME="rm87794"/>
<USERREF USERNAME="rm80655"/>
<USERREF USERNAME="a608760"/>
<USERREF USERNAME="c079244"/>
<USERREF USERNAME="z3x1197"/>
<USERREF USERNAME="pnikolinakos"/>
<USERREF USERNAME="jhodgson"/>
<USERREF USERNAME="z2x1697"/>
<USERREF USERNAME="z2x1499"/>
<USERREF USERNAME="z1x2077"/>
<USERREF USERNAME="z2x3870"/>
<USERREF USERNAME="z3x0602"/>
<USERREF USERNAME="z2x5929"/>
<USERREF USERNAME="c198898"/>
<USERREF USERNAME="z2x2460"/>
<USERREF USERNAME="z2x6065"/>
<USERREF USERNAME="z3x2560"/>
<USERREF USERNAME="z2x2463"/>
<USERREF USERNAME="z2x3300"/>
<USERREF USERNAME="z2x9894"/>
<USERREF USERNAME="z3x3124"/>
<USERREF USERNAME="c212367"/>
<USERREF USERNAME="c200015"/>
<USERREF USERNAME="c203175"/>
<USERREF USERNAME="z1x1832"/>
<USERREF USERNAME="z1x1865"/>
<USERREF USERNAME="z3x0576"/>
<USERREF USERNAME="z2x9610"/>
<USERREF USERNAME="z2x6039"/>
<USERREF USERNAME="z3x1847"/>
<USERREF USERNAME="z1x2603"/>
<USERREF USERNAME="z3x1846"/>
<USERREF USERNAME="i3ymcjpby_RE"/>
<USERREF USERNAME="coder_query"/>
<USERREF USERNAME="rm95095"/>
<USERREF USERNAME="xg10776"/>
<USERREF USERNAME="z1x0496"/>
<USERREF USERNAME="c003859"/>
<USERREF USERNAME="c083101"/>
<USERREF USERNAME="rm90029"/>
<USERREF USERNAME="c015393"/>
<USERREF USERNAME="c057362"/>
<USERREF USERNAME="c071673"/>
<USERREF USERNAME="c039825"/>
</SITEGROUP>
<SITEGROUP SITENAME="(112) University of California San Diego Moores Cancer Center">
<USERREF USERNAME="u7x2510"/>
<USERREF USERNAME="c135748"/>
<USERREF USERNAME="yex7920"/>
<USERREF USERNAME="c149470"/>
<USERREF USERNAME="rm36132"/>
<USERREF USERNAME="a803075"/>
<USERREF USERNAME="c089548"/>
<USERREF USERNAME="a511471"/>
<USERREF USERNAME="rm87794"/>
<USERREF USERNAME="rm80655"/>
<USERREF USERNAME="a608760"/>
<USERREF USERNAME="c079244"/>
<USERREF USERNAME="z3x1197"/>
<USERREF USERNAME="thelsten"/>
<USERREF USERNAME="jmccarthy"/>
<USERREF USERNAME="z2x1697"/>
<USERREF USERNAME="z2x1499"/>
<USERREF USERNAME="z1x2077"/>
<USERREF USERNAME="z2x3870"/>
<USERREF USERNAME="z3x0602"/>
<USERREF USERNAME="z2x5929"/>
<USERREF USERNAME="c198898"/>
<USERREF USERNAME="z2x2460"/>
<USERREF USERNAME="z2x6065"/>
<USERREF USERNAME="z3x2560"/>
<USERREF USERNAME="z2x2463"/>
<USERREF USERNAME="z2x3300"/>
<USERREF USERNAME="z2x9894"/>
<USERREF USERNAME="z3x3124"/>
<USERREF USERNAME="c212367"/>
<USERREF USERNAME="c200015"/>
<USERREF USERNAME="c203175"/>
<USERREF USERNAME="z1x1832"/>
<USERREF USERNAME="z1x1865"/>
<USERREF USERNAME="z3x0576"/>
<USERREF USERNAME="z2x9610"/>
<USERREF USERNAME="z2x6039"/>
<USERREF USERNAME="z3x1847"/>
<USERREF USERNAME="z1x2603"/>
<USERREF USERNAME="z3x1846"/>
<USERREF USERNAME="i3ymcjpby_RE"/>
<USERREF USERNAME="coder_query"/>
<USERREF USERNAME="rm95095"/>
<USERREF USERNAME="xg10776"/>
<USERREF USERNAME="z1x0496"/>
<USERREF USERNAME="c003859"/>
<USERREF USERNAME="c083101"/>
<USERREF USERNAME="rm90029"/>
<USERREF USERNAME="c015393"/>
<USERREF USERNAME="c057362"/>
<USERREF USERNAME="c071673"/>
<USERREF USERNAME="c039825"/>
<USERREF USERNAME="v6x8058"/>
<USERREF USERNAME="c090108"/>
<USERREF USERNAME="c039853"/>
<USERREF USERNAME="c149066"/>
<USERREF USERNAME="rm35504"/>
<USERREF USERNAME="c131994"/>
<USERREF USERNAME="ye91098"/>
<USERREF USERNAME="c022433"/>
<USERREF USERNAME="c025980"/>
<USERREF USERNAME="c039863"/>
<USERREF USERNAME="c075541"/>
<USERREF USERNAME="a701824"/>
<USERREF USERNAME="c060736"/>
<USERREF USERNAME="c026393"/>
<USERREF USERNAME="c026390"/>
<USERREF USERNAME="a608261"/>
<USERREF USERNAME="c058698"/>
<USERREF USERNAME="c143125"/>
</SITEGROUP>
<SITEGROUP SITENAME="(120) University of Massachusetts Memorial Medical Center- University Campus">
<USERREF USERNAME="z2x3870"/>
<USERREF USERNAME="z3x0602"/>
<USERREF USERNAME="z2x5929"/>
<USERREF USERNAME="c198898"/>
<USERREF USERNAME="z2x2460"/>
<USERREF USERNAME="z2x6065"/>
<USERREF USERNAME="z3x2560"/>
<USERREF USERNAME="z2x2463"/>
<USERREF USERNAME="z2x3300"/>
<USERREF USERNAME="z2x9894"/>
<USERREF USERNAME="z3x3124"/>
<USERREF USERNAME="c212367"/>
<USERREF USERNAME="c200015"/>
<USERREF USERNAME="c203175"/>
<USERREF USERNAME="z1x1832"/>
<USERREF USERNAME="z1x1865"/>
<USERREF USERNAME="z3x0576"/>
<USERREF USERNAME="z2x9610"/>
<USERREF USERNAME="z2x6039"/>
<USERREF USERNAME="z3x1847"/>
<USERREF USERNAME="z1x2603"/>
<USERREF USERNAME="z3x1846"/>
<USERREF USERNAME="kclarke"/>
<USERREF USERNAME="mtoke"/>
<USERREF USERNAME="i3ymcjpby_RE"/>
<USERREF USERNAME="coder_query"/>
<USERREF USERNAME="rm95095"/>
<USERREF USERNAME="xg10776"/>
<USERREF USERNAME="z1x0496"/>
<USERREF USERNAME="c003859"/>
<USERREF USERNAME="c083101"/>
<USERREF USERNAME="rm90029"/>
<USERREF USERNAME="c015393"/>
<USERREF USERNAME="c057362"/>
<USERREF USERNAME="c071673"/>
<USERREF USERNAME="c039825"/>
<USERREF USERNAME="v6x8058"/>
<USERREF USERNAME="c090108"/>
<USERREF USERNAME="c039853"/>
<USERREF USERNAME="c149066"/>
<USERREF USERNAME="rm35504"/>
<USERREF USERNAME="c131994"/>
<USERREF USERNAME="ye91098"/>
<USERREF USERNAME="c022433"/>
<USERREF USERNAME="c025980"/>
<USERREF USERNAME="c039863"/>
<USERREF USERNAME="c075541"/>
<USERREF USERNAME="a701824"/>
<USERREF USERNAME="c060736"/>
<USERREF USERNAME="c026393"/>
<USERREF USERNAME="c026390"/>
<USERREF USERNAME="a608261"/>
<USERREF USERNAME="c058698"/>
<USERREF USERNAME="c143125"/>
<USERREF USERNAME="u7x2510"/>
<USERREF USERNAME="c135748"/>
<USERREF USERNAME="yex7920"/>
<USERREF USERNAME="c149470"/>
<USERREF USERNAME="rm36132"/>
<USERREF USERNAME="a803075"/>
<USERREF USERNAME="c089548"/>
<USERREF USERNAME="a511471"/>
<USERREF USERNAME="rm87794"/>
<USERREF USERNAME="rm80655"/>
<USERREF USERNAME="a608760"/>
<USERREF USERNAME="c079244"/>
<USERREF USERNAME="z3x1197"/>
<USERREF USERNAME="z2x1697"/>
<USERREF USERNAME="z2x1499"/>
<USERREF USERNAME="z1x2077"/>
</SITEGROUP>
<SITEGROUP SITENAME="(202) Universitats Frauenklinik Graz">
<USERREF USERNAME="c089548"/>
<USERREF USERNAME="a511471"/>
<USERREF USERNAME="rm87794"/>
<USERREF USERNAME="rm80655"/>
<USERREF USERNAME="a608760"/>
<USERREF USERNAME="c079244"/>
<USERREF USERNAME="z3x1197"/>
<USERREF USERNAME="epetru"/>
<USERREF USERNAME="hfuchs"/>
<USERREF USERNAME="z2x1697"/>
<USERREF USERNAME="z2x1499"/>
<USERREF USERNAME="z1x2077"/>
<USERREF USERNAME="z2x3870"/>
<USERREF USERNAME="z3x0602"/>
<USERREF USERNAME="z2x5929"/>
<USERREF USERNAME="c198898"/>
<USERREF USERNAME="z2x2460"/>
<USERREF USERNAME="z2x6065"/>
<USERREF USERNAME="z3x2560"/>
<USERREF USERNAME="z2x2463"/>
<USERREF USERNAME="z2x3300"/>
<USERREF USERNAME="z2x9894"/>
<USERREF USERNAME="z3x3124"/>
<USERREF USERNAME="c212367"/>
<USERREF USERNAME="c200015"/>
<USERREF USERNAME="c203175"/>
<USERREF USERNAME="z1x1832"/>
<USERREF USERNAME="z1x1865"/>
<USERREF USERNAME="z3x0576"/>
<USERREF USERNAME="z2x9610"/>
<USERREF USERNAME="z2x6039"/>
<USERREF USERNAME="z3x1847"/>
<USERREF USERNAME="z1x2603"/>
<USERREF USERNAME="z3x1846"/>
<USERREF USERNAME="i3ymcjpby_RE"/>
<USERREF USERNAME="coder_query"/>
<USERREF USERNAME="rm95095"/>
<USERREF USERNAME="xg10776"/>
<USERREF USERNAME="z1x0496"/>
<USERREF USERNAME="c003859"/>
<USERREF USERNAME="c083101"/>
<USERREF USERNAME="rm90029"/>
<USERREF USERNAME="c015393"/>
<USERREF USERNAME="c057362"/>
<USERREF USERNAME="c071673"/>
<USERREF USERNAME="c039825"/>
<USERREF USERNAME="v6x8058"/>
<USERREF USERNAME="c090108"/>
<USERREF USERNAME="c039853"/>
<USERREF USERNAME="c149066"/>
<USERREF USERNAME="rm35504"/>
<USERREF USERNAME="c131994"/>
<USERREF USERNAME="ye91098"/>
<USERREF USERNAME="c022433"/>
<USERREF USERNAME="c025980"/>
<USERREF USERNAME="c039863"/>
<USERREF USERNAME="c075541"/>
<USERREF USERNAME="a701824"/>
<USERREF USERNAME="c060736"/>
<USERREF USERNAME="c026393"/>
<USERREF USERNAME="c026390"/>
<USERREF USERNAME="a608261"/>
<USERREF USERNAME="c058698"/>
<USERREF USERNAME="c143125"/>
<USERREF USERNAME="u7x2510"/>
<USERREF USERNAME="c135748"/>
<USERREF USERNAME="yex7920"/>
<USERREF USERNAME="c149470"/>
<USERREF USERNAME="rm36132"/>
<USERREF USERNAME="a803075"/>
</SITEGROUP>
<SITEGROUP SITENAME="(102) Utah Cancer Specialists">
<USERREF USERNAME="c089548"/>
<USERREF USERNAME="a511471"/>
<USERREF USERNAME="rm87794"/>
<USERREF USERNAME="rm80655"/>
<USERREF USERNAME="a608760"/>
<USERREF USERNAME="c079244"/>
<USERREF USERNAME="z3x1197"/>
<USERREF USERNAME="skendall"/>
<USERREF USERNAME="jwalker"/>
<USERREF USERNAME="z2x1697"/>
<USERREF USERNAME="z2x1499"/>
<USERREF USERNAME="z1x2077"/>
<USERREF USERNAME="z2x3870"/>
<USERREF USERNAME="z3x0602"/>
<USERREF USERNAME="z2x5929"/>
<USERREF USERNAME="c198898"/>
<USERREF USERNAME="z2x2460"/>
<USERREF USERNAME="z2x6065"/>
<USERREF USERNAME="z3x2560"/>
<USERREF USERNAME="z2x2463"/>
<USERREF USERNAME="z2x3300"/>
<USERREF USERNAME="z2x9894"/>
<USERREF USERNAME="z3x3124"/>
<USERREF USERNAME="c212367"/>
<USERREF USERNAME="c200015"/>
<USERREF USERNAME="c203175"/>
<USERREF USERNAME="z1x1832"/>
<USERREF USERNAME="z1x1865"/>
<USERREF USERNAME="z3x0576"/>
<USERREF USERNAME="z2x9610"/>
<USERREF USERNAME="z2x6039"/>
<USERREF USERNAME="z3x1847"/>
<USERREF USERNAME="z1x2603"/>
<USERREF USERNAME="z3x1846"/>
<USERREF USERNAME="i3ymcjpby_RE"/>
<USERREF USERNAME="coder_query"/>
<USERREF USERNAME="rm95095"/>
<USERREF USERNAME="xg10776"/>
<USERREF USERNAME="z1x0496"/>
<USERREF USERNAME="c003859"/>
<USERREF USERNAME="c083101"/>
<USERREF USERNAME="rm90029"/>
<USERREF USERNAME="c015393"/>
<USERREF USERNAME="c057362"/>
<USERREF USERNAME="c071673"/>
<USERREF USERNAME="c039825"/>
<USERREF USERNAME="v6x8058"/>
<USERREF USERNAME="c090108"/>
<USERREF USERNAME="c039853"/>
<USERREF USERNAME="c149066"/>
<USERREF USERNAME="rm35504"/>
<USERREF USERNAME="c131994"/>
<USERREF USERNAME="ye91098"/>
<USERREF USERNAME="c022433"/>
<USERREF USERNAME="c025980"/>
<USERREF USERNAME="c039863"/>
<USERREF USERNAME="c075541"/>
<USERREF USERNAME="a701824"/>
<USERREF USERNAME="c060736"/>
<USERREF USERNAME="c026393"/>
<USERREF USERNAME="c026390"/>
<USERREF USERNAME="a608261"/>
<USERREF USERNAME="c058698"/>
<USERREF USERNAME="c143125"/>
<USERREF USERNAME="u7x2510"/>
<USERREF USERNAME="c135748"/>
<USERREF USERNAME="yex7920"/>
<USERREF USERNAME="c149470"/>
<USERREF USERNAME="rm36132"/>
<USERREF USERNAME="a803075"/>
</SITEGROUP>
<SITEGROUP SITENAME="(174) Walter Reed National Military Medical Center">
<USERREF USERNAME="z3x3124"/>
<USERREF USERNAME="c212367"/>
<USERREF USERNAME="c200015"/>
<USERREF USERNAME="c203175"/>
<USERREF USERNAME="z1x1832"/>
<USERREF USERNAME="z1x1865"/>
<USERREF USERNAME="z3x0576"/>
<USERREF USERNAME="z2x9610"/>
<USERREF USERNAME="z2x6039"/>
<USERREF USERNAME="z3x1847"/>
<USERREF USERNAME="z1x2603"/>
<USERREF USERNAME="z3x1846"/>
<USERREF USERNAME="i3ymcjpby_RE"/>
<USERREF USERNAME="coder_query"/>
<USERREF USERNAME="rm95095"/>
<USERREF USERNAME="xg10776"/>
<USERREF USERNAME="z1x0496"/>
<USERREF USERNAME="c003859"/>
<USERREF USERNAME="c083101"/>
<USERREF USERNAME="rm90029"/>
<USERREF USERNAME="c015393"/>
<USERREF USERNAME="c057362"/>
<USERREF USERNAME="c071673"/>
<USERREF USERNAME="c039825"/>
<USERREF USERNAME="v6x8058"/>
<USERREF USERNAME="c090108"/>
<USERREF USERNAME="c039853"/>
<USERREF USERNAME="c149066"/>
<USERREF USERNAME="rm35504"/>
<USERREF USERNAME="c131994"/>
<USERREF USERNAME="ye91098"/>
<USERREF USERNAME="c022433"/>
<USERREF USERNAME="c025980"/>
<USERREF USERNAME="c039863"/>
<USERREF USERNAME="c075541"/>
<USERREF USERNAME="a701824"/>
<USERREF USERNAME="c060736"/>
<USERREF USERNAME="c026393"/>
<USERREF USERNAME="c026390"/>
<USERREF USERNAME="a608261"/>
<USERREF USERNAME="c058698"/>
<USERREF USERNAME="c143125"/>
<USERREF USERNAME="u7x2510"/>
<USERREF USERNAME="c135748"/>
<USERREF USERNAME="yex7920"/>
<USERREF USERNAME="c149470"/>
<USERREF USERNAME="rm36132"/>
<USERREF USERNAME="a803075"/>
<USERREF USERNAME="c089548"/>
<USERREF USERNAME="a511471"/>
<USERREF USERNAME="rm87794"/>
<USERREF USERNAME="rm80655"/>
<USERREF USERNAME="a608760"/>
<USERREF USERNAME="c079244"/>
<USERREF USERNAME="z3x1197"/>
<USERREF USERNAME="jperkins"/>
<USERREF USERNAME="dmiller"/>
<USERREF USERNAME="z2x1697"/>
<USERREF USERNAME="z2x1499"/>
<USERREF USERNAME="z1x2077"/>
<USERREF USERNAME="z2x3870"/>
<USERREF USERNAME="z3x0602"/>
<USERREF USERNAME="z2x5929"/>
<USERREF USERNAME="c198898"/>
<USERREF USERNAME="z2x2460"/>
<USERREF USERNAME="z2x6065"/>
<USERREF USERNAME="z3x2560"/>
<USERREF USERNAME="z2x2463"/>
<USERREF USERNAME="z2x3300"/>
<USERREF USERNAME="z2x9894"/>
</SITEGROUP>
<SITEGROUP SITENAME="(106) Weill Cornell Medical College">
<USERREF USERNAME="c212367"/>
<USERREF USERNAME="c200015"/>
<USERREF USERNAME="c203175"/>
<USERREF USERNAME="z1x1832"/>
<USERREF USERNAME="z1x1865"/>
<USERREF USERNAME="z3x0576"/>
<USERREF USERNAME="z2x9610"/>
<USERREF USERNAME="z2x6039"/>
<USERREF USERNAME="z3x1847"/>
<USERREF USERNAME="z1x2603"/>
<USERREF USERNAME="z3x1846"/>
<USERREF USERNAME="awiener"/>
<USERREF USERNAME="i3ymcjpby_RE"/>
<USERREF USERNAME="coder_query"/>
<USERREF USERNAME="rm95095"/>
<USERREF USERNAME="xg10776"/>
<USERREF USERNAME="z1x0496"/>
<USERREF USERNAME="c003859"/>
<USERREF USERNAME="c083101"/>
<USERREF USERNAME="rm90029"/>
<USERREF USERNAME="c015393"/>
<USERREF USERNAME="c057362"/>
<USERREF USERNAME="c071673"/>
<USERREF USERNAME="c039825"/>
<USERREF USERNAME="v6x8058"/>
<USERREF USERNAME="c090108"/>
<USERREF USERNAME="c039853"/>
<USERREF USERNAME="c149066"/>
<USERREF USERNAME="rm35504"/>
<USERREF USERNAME="c131994"/>
<USERREF USERNAME="ye91098"/>
<USERREF USERNAME="c022433"/>
<USERREF USERNAME="c025980"/>
<USERREF USERNAME="c039863"/>
<USERREF USERNAME="c075541"/>
<USERREF USERNAME="a701824"/>
<USERREF USERNAME="c060736"/>
<USERREF USERNAME="c026393"/>
<USERREF USERNAME="c026390"/>
<USERREF USERNAME="a608261"/>
<USERREF USERNAME="c058698"/>
<USERREF USERNAME="c143125"/>
<USERREF USERNAME="u7x2510"/>
<USERREF USERNAME="c135748"/>
<USERREF USERNAME="yex7920"/>
<USERREF USERNAME="c149470"/>
<USERREF USERNAME="rm36132"/>
<USERREF USERNAME="a803075"/>
<USERREF USERNAME="c089548"/>
<USERREF USERNAME="a511471"/>
<USERREF USERNAME="rm87794"/>
<USERREF USERNAME="rm80655"/>
<USERREF USERNAME="a608760"/>
<USERREF USERNAME="c079244"/>
<USERREF USERNAME="z3x1197"/>
<USERREF USERNAME="eandreopoulou"/>
<USERREF USERNAME="z2x1697"/>
<USERREF USERNAME="z2x1499"/>
<USERREF USERNAME="z1x2077"/>
<USERREF USERNAME="z2x3870"/>
<USERREF USERNAME="z3x0602"/>
<USERREF USERNAME="z2x5929"/>
<USERREF USERNAME="c198898"/>
<USERREF USERNAME="z2x2460"/>
<USERREF USERNAME="z2x6065"/>
<USERREF USERNAME="z3x2560"/>
<USERREF USERNAME="z2x2463"/>
<USERREF USERNAME="z2x3300"/>
<USERREF USERNAME="z2x9894"/>
<USERREF USERNAME="z3x3124"/>
</SITEGROUP>

</MEDMLDATA>