<?xml version="1.0"?>
<MEDMLDATA xmlns="PhaseForward-MedML-Inform4">


<RIGHTSGROUP  GROUPNAME="Coding Query Rights Group">
<!-- Insert Users -->
<USERREF USERNAME="coder_query"/>

</RIGHTSGROUP>

<RIGHTSGROUP  GROUPNAME="Data Manager">
<!-- Insert Users -->
<USERREF USERNAME="z2x1799"/>
<USERREF USERNAME="z2x2291"/>
<USERREF USERNAME="z1x9044"/>
<USERREF USERNAME="z2x0674"/>
<USERREF USERNAME="c173517"/>
<USERREF USERNAME="c018771"/>
<USERREF USERNAME="rm63319"/>
<USERREF USERNAME="z2x2451"/>
<USERREF USERNAME="z3x2637"/>
<USERREF USERNAME="z2x2612"/>
<USERREF USERNAME="z2x2613"/>
<USERREF USERNAME="z2x0680"/>

</RIGHTSGROUP>

<RIGHTSGROUP  GROUPNAME="GPS">
<!-- Insert Users -->
<USERREF USERNAME="c039825"/>
<USERREF USERNAME="C196683"/>
<USERREF USERNAME="c074090"/>
<USERREF USERNAME="c085302"/>
<USERREF USERNAME="c074342"/>
<USERREF USERNAME="c149177"/>
<USERREF USERNAME="c131994"/>
<USERREF USERNAME="c039863"/>
<USERREF USERNAME="c149176"/>
<USERREF USERNAME="a701824"/>
<USERREF USERNAME="c060736"/>
<USERREF USERNAME="c026390"/>
<USERREF USERNAME="c083101"/>
<USERREF USERNAME="rm90029"/>
<USERREF USERNAME="c069132"/>
<USERREF USERNAME="c057362"/>
<USERREF USERNAME="v6x8058"/>
<USERREF USERNAME="c039853"/>
<USERREF USERNAME="c068505"/>
<USERREF USERNAME="c149066"/>
<USERREF USERNAME="c021984"/>
<USERREF USERNAME="rm35504"/>
<USERREF USERNAME="v6x8356"/>
<USERREF USERNAME="c025980"/>
<USERREF USERNAME="a608261"/>
<USERREF USERNAME="c143125"/>
<USERREF USERNAME="c135748"/>
<USERREF USERNAME="c149470"/>
<USERREF USERNAME="a803075"/>
<USERREF USERNAME="rm87794"/>
<USERREF USERNAME="c196248"/>
<USERREF USERNAME="C218621"/>
<USERREF USERNAME="C223292"/>
<USERREF USERNAME="C068502"/>
<USERREF USERNAME="c003859"/>
<USERREF USERNAME="c079244"/>
<USERREF USERNAME="rm89018"/>
<USERREF USERNAME="c015393"/>
<USERREF USERNAME="c071673"/>
<USERREF USERNAME="ye91098"/>
<USERREF USERNAME="c022433"/>
<USERREF USERNAME="c137396"/>
<USERREF USERNAME="c075541"/>
<USERREF USERNAME="c074429"/>
<USERREF USERNAME="c026393"/>
<USERREF USERNAME="a608760"/>
<USERREF USERNAME="c058698"/>
<USERREF USERNAME="u7x2510"/>
<USERREF USERNAME="yex7920"/>
<USERREF USERNAME="rm36132"/>
<USERREF USERNAME="a511471"/>
<USERREF USERNAME="rm80655"/>
<USERREF USERNAME="C199642"/>
<USERREF USERNAME="C199523"/>
<USERREF USERNAME="c090108"/>

</RIGHTSGROUP>

<RIGHTSGROUP  GROUPNAME="Monitor">
<!-- Insert Users -->
<USERREF USERNAME="zg02684"/>
<USERREF USERNAME="zg01496"/>
<USERREF USERNAME="C184595"/>
<USERREF USERNAME="zg02715"/>
<USERREF USERNAME="zg02556"/>

</RIGHTSGROUP>

<RIGHTSGROUP  GROUPNAME="PFView Only">
<!-- Insert Users -->
<USERREF USERNAME="ZPFkbarkoczi"/>
<USERREF USERNAME="ZPFaflathers"/>
<USERREF USERNAME="ZPFskonig"/>

</RIGHTSGROUP>

<RIGHTSGROUP  GROUPNAME="PI">
<!-- Insert Users -->
<USERREF USERNAME="sshevnya"/>
<USERREF USERNAME="sdanson"/>
<USERREF USERNAME="tgoksel"/>
<USERREF USERNAME="icicin"/>
<USERREF USERNAME="mozguroglu"/>
<USERREF USERNAME="hcoskun"/>
<USERREF USERNAME="isviderskyi"/>
<USERREF USERNAME="sahmed"/>
<USERREF USERNAME="tahmad"/>
<USERREF USERNAME="mforster"/>
<USERREF USERNAME="dtalbot"/>
<USERREF USERNAME="vberk"/>
<USERREF USERNAME="hkalofonos"/>
<USERREF USERNAME="ksyrigos"/>
<USERREF USERNAME="dmavroudis"/>

</RIGHTSGROUP>

<RIGHTSGROUP  GROUPNAME="PI Sign Only">
<!-- Insert Users -->
<USERREF USERNAME="dwaterhouse"/>
<USERREF USERNAME="lvillaruz"/>
<USERREF USERNAME="dwkim"/>
<USERREF USERNAME="medelman"/>
<USERREF USERNAME="cbecht"/>
<USERREF USERNAME="lhorn"/>
<USERREF USERNAME="bgodbert"/>
<USERREF USERNAME="vwesteel"/>
<USERREF USERNAME="esmit"/>
<USERREF USERNAME="jaerts"/>
<USERREF USERNAME="jstigt"/>
<USERREF USERNAME="sgans"/>
<USERREF USERNAME="ascherpereel"/>
<USERREF USERNAME="adieing"/>
<USERREF USERNAME="hkopp"/>
<USERREF USERNAME="wbrueckl"/>
<USERREF USERNAME="hbischoff"/>
<USERREF USERNAME="jalt"/>
<USERREF USERNAME="wschuette"/>
<USERREF USERNAME="brubioviqueira"/>
<USERREF USERNAME="mdomine"/>
<USERREF USERNAME="anavarro"/>
<USERREF USERNAME="ibondarenko"/>
<USERREF USERNAME="yvinnik"/>
<USERREF USERNAME="ivynnychenko"/>
<USERREF USERNAME="dfennell"/>
<USERREF USERNAME="mchitnis"/>
<USERREF USERNAME="disla"/>
<USERREF USERNAME="molmedo"/>
<USERREF USERNAME="lbyers"/>
<USERREF USERNAME="ohlalah"/>
<USERREF USERNAME="eschaefer"/>
<USERREF USERNAME="mhussein"/>
<USERREF USERNAME="mjohnson"/>
<USERREF USERNAME="mmcCleod"/>
<USERREF USERNAME="achiang"/>
<USERREF USERNAME="achiappori"/>
<USERREF USERNAME="kdragnev"/>
<USERREF USERNAME="dgerber"/>
<USERREF USERNAME="ddaniel"/>
<USERREF USERNAME="rpage"/>
<USERREF USERNAME="nrothschild"/>
<USERREF USERNAME="dsubramaniam"/>
<USERREF USERNAME="swaqar"/>
<USERREF USERNAME="skim"/>
<USERREF USERNAME="jhan"/>
<USERREF USERNAME="kcpark"/>
<USERREF USERNAME="jkang"/>
<USERREF USERNAME="jazzoli"/>

</RIGHTSGROUP>

<RIGHTSGROUP  GROUPNAME="Report Extractor">
<!-- Insert Users -->
<USERREF USERNAME="i4dmcjtjh_RE"/>

</RIGHTSGROUP>

<RIGHTSGROUP  GROUPNAME="SC">
<!-- Insert Users -->
<USERREF USERNAME="dyang"/>
<USERREF USERNAME="yjgo"/>
<USERREF USERNAME="ikha"/>
<USERREF USERNAME="croth"/>
<USERREF USERNAME="lcuche"/>
<USERREF USERNAME="lmerrimon"/>
<USERREF USERNAME="khama"/>
<USERREF USERNAME="egarnett"/>
<USERREF USERNAME="mkhalil"/>
<USERREF USERNAME="jhhwang"/>
<USERREF USERNAME="jmpark"/>
<USERREF USERNAME="lborges"/>
<USERREF USERNAME="claurent"/>
<USERREF USERNAME="vkaulek"/>
<USERREF USERNAME="mgierczynski"/>
<USERREF USERNAME="ewasielewski"/>
<USERREF USERNAME="amueller"/>
<USERREF USERNAME="rfortenbacher"/>
<USERREF USERNAME="bzeisig"/>
<USERREF USERNAME="Gotz"/>
<USERREF USERNAME="pkettenring"/>
<USERREF USERNAME="fgebauer"/>
<USERREF USERNAME="sleysring"/>
<USERREF USERNAME="pboura"/>
<USERREF USERNAME="stsimpoukis"/>
<USERREF USERNAME="tgkaravela"/>
<USERREF USERNAME="coikonomou"/>
<USERREF USERNAME="akotzamani"/>
<USERREF USERNAME="rhabraken"/>
<USERREF USERNAME="ahoefnagels"/>
<USERREF USERNAME="evanpanhuis"/>
<USERREF USERNAME="mmarquez"/>
<USERREF USERNAME="bertamartin"/>
<USERREF USERNAME="mgrammont"/>
<USERREF USERNAME="apohlmann"/>
<USERREF USERNAME="akopitopoulou"/>
<USERREF USERNAME="mmoutsos"/>
<USERREF USERNAME="acharpidou"/>
<USERREF USERNAME="mgrigoriou"/>
<USERREF USERNAME="emouzaki"/>
<USERREF USERNAME="iathanassakis"/>
<USERREF USERNAME="kpsaromyalou"/>
<USERREF USERNAME="lwever"/>
<USERREF USERNAME="ivdbos"/>
<USERREF USERNAME="mmaas"/>
<USERREF USERNAME="mdijsselhof"/>
<USERREF USERNAME="nboeve"/>
<USERREF USERNAME="mlammens"/>
<USERREF USERNAME="cpardo"/>
<USERREF USERNAME="belenmartin"/>
<USERREF USERNAME="ihuercanos"/>
<USERREF USERNAME="eruiz"/>
<USERREF USERNAME="nlomlu"/>
<USERREF USERNAME="ademirkan"/>
<USERREF USERNAME="dkontas"/>
<USERREF USERNAME="sdikici"/>
<USERREF USERNAME="dsomova"/>
<USERREF USERNAME="asodharamdeen"/>
<USERREF USERNAME="asmith"/>
<USERREF USERNAME="swellman"/>
<USERREF USERNAME="hrobson"/>
<USERREF USERNAME="sabbadi"/>
<USERREF USERNAME="csimmons"/>
<USERREF USERNAME="slevine"/>
<USERREF USERNAME="mjbardina"/>
<USERREF USERNAME="igrau"/>
<USERREF USERNAME="bsimsek"/>
<USERREF USERNAME="hblazhkunova"/>
<USERREF USERNAME="dshapovalov"/>
<USERREF USERNAME="ovynnychenko"/>
<USERREF USERNAME="agoncovska"/>
<USERREF USERNAME="mwoodward"/>
<USERREF USERNAME="hwood"/>
<USERREF USERNAME="mrush"/>
<USERREF USERNAME="lpriddy"/>
<USERREF USERNAME="achavlovich"/>
<USERREF USERNAME="urawat"/>
<USERREF USERNAME="crandolph"/>
<USERREF USERNAME="darun"/>
<USERREF USERNAME="rstein"/>
<USERREF USERNAME="jprice"/>
<USERREF USERNAME="hlyons"/>
<USERREF USERNAME="tflux"/>
<USERREF USERNAME="cnewton"/>
<USERREF USERNAME="jsaltarski"/>
<USERREF USERNAME="ktucker"/>
<USERREF USERNAME="cbiermeier"/>
<USERREF USERNAME="mpool"/>
<USERREF USERNAME="jbarnur"/>
<USERREF USERNAME="ngiven"/>
<USERREF USERNAME="jypark"/>
<USERREF USERNAME="spark"/>
<USERREF USERNAME="nford"/>
<USERREF USERNAME="ktaylor"/>
<USERREF USERNAME="rrichmond"/>
<USERREF USERNAME="lhogue"/>
<USERREF USERNAME="mmoore"/>
<USERREF USERNAME="rpiacente"/>
<USERREF USERNAME="cokeefe"/>
<USERREF USERNAME="kdouglas"/>
<USERREF USERNAME="hkoo"/>
<USERREF USERNAME="hjlee"/>
<USERREF USERNAME="hfindlay"/>
<USERREF USERNAME="dtesta"/>
<USERREF USERNAME="kwilliams"/>
<USERREF USERNAME="yskang"/>

</RIGHTSGROUP>

<RIGHTSGROUP  GROUPNAME="User Activator RG">
<!-- Insert Users -->
<USERREF USERNAME="ZPFprojas"/>
<USERREF USERNAME="ZPFobodnar"/>
<USERREF USERNAME="ZPFnkovacs"/>
<USERREF USERNAME="ZPFmandone"/>
<USERREF USERNAME="ZPFepenzes"/>
<USERREF USERNAME="ZPFedervishaj"/>
<USERREF USERNAME="ZPFpvamos"/>
<USERREF USERNAME="ZPFckalinyak"/>
<USERREF USERNAME="ZPFabalogh"/>
<USERREF USERNAME="ZPFsdamato"/>
<USERREF USERNAME="ZPFrducusin"/>
<USERREF USERNAME="ZPFrcalorico"/>
<USERREF USERNAME="ZPFdnagy"/>

</RIGHTSGROUP>

<RIGHTSGROUP  GROUPNAME="User Manager RG">
<!-- Insert Users -->
<USERREF USERNAME="ZPFkcco"/>
<USERREF USERNAME="ZPFkcsobalyka"/>
<USERREF USERNAME="ZPFkkovacs"/>
<USERREF USERNAME="ZPFklim"/>
<USERREF USERNAME="ZPFlbalubar"/>
<USERREF USERNAME="ZPFlcseke"/>
<USERREF USERNAME="ZPFlmate"/>
<USERREF USERNAME="ZPFmkhella"/>
<USERREF USERNAME="ZPFmtoth"/>
<USERREF USERNAME="ZPFnqi"/>
<USERREF USERNAME="ZPFnreis"/>
<USERREF USERNAME="ZPFnvergara"/>
<USERREF USERNAME="ZPFoely"/>
<USERREF USERNAME="ZPFpvallar"/>
<USERREF USERNAME="ZPFrsulit"/>
<USERREF USERNAME="ZPFsaguilar"/>
<USERREF USERNAME="ZPFsdasilva"/>
<USERREF USERNAME="ZPFskholti"/>
<USERREF USERNAME="ZPFstayco"/>
<USERREF USERNAME="ZPFtcabanes"/>
<USERREF USERNAME="ZPFtfabian"/>
<USERREF USERNAME="ZPFtszabo"/>
<USERREF USERNAME="ZPFijohl"/>
<USERREF USERNAME="ZPFvzdirko"/>
<USERREF USERNAME="ZPFgkrucso"/>
<USERREF USERNAME="ZPFfvarga"/>
<USERREF USERNAME="ZPFfillesy"/>
<USERREF USERNAME="ZPFekosa"/>
<USERREF USERNAME="ZPFdvittay"/>
<USERREF USERNAME="ZPFddiomede"/>
<USERREF USERNAME="ZPFcmolom"/>
<USERREF USERNAME="ZPFcmercado"/>
<USERREF USERNAME="ZPFawarsama"/>
<USERREF USERNAME="ZPFaterjek"/>
<USERREF USERNAME="ZPFapervaiz"/>
<USERREF USERNAME="ZPFgyvarga"/>

</RIGHTSGROUP>

</MEDMLDATA>