<?xml version="1.0"?>
<MEDMLDATA xmlns="PhaseForward-MedML-Inform4">


<SITE  NAME="(401) Hopital Robert Schuman"    MNEMONIC="401"
ADDRESS="Parvis Robert Schuman Rue du Champ Montoy"
COUNTRY="FRANCE"
PHONE="3333387341127"
ALTPHONE="33"
FAX="33"
TIMEZONE="(UTC) Dublin, Edinburgh, Lisbon, London"
SITEDATEFORMAT="DAY_MONTH_YEAR"
STARTDATE="04/12/2016"
STUDYLOCALE="en-US"
SVAUTOSELECTRATE="100"
SVFIRSTNSUBJECTS="100"
/>


<SITE  NAME="(402) Centre hospitalier Universitaire de Besancon Hopital Jean Minjoz"    MNEMONIC="402"
ADDRESS="Batiment bleu PC BIO-niveau zero 3 Boulevard Alexandre Fleming"
COUNTRY="FRANCE"
PHONE="3333370632239"
ALTPHONE="33"
FAX="33"
TIMEZONE="(UTC) Dublin, Edinburgh, Lisbon, London"
SITEDATEFORMAT="DAY_MONTH_YEAR"
STARTDATE="04/12/2016"
STUDYLOCALE="en-US"
SVAUTOSELECTRATE="100"
SVFIRSTNSUBJECTS="100"
/>


<SITE  NAME="(403) HOPITAL CALMETTE"    MNEMONIC="403"
ADDRESS="Bd du Pr LECLERC"
COUNTRY="FRANCE"
PHONE="3333320445962"
ALTPHONE="33"
FAX="33"
TIMEZONE="(UTC) Dublin, Edinburgh, Lisbon, London"
SITEDATEFORMAT="DAY_MONTH_YEAR"
STARTDATE="04/12/2016"
STUDYLOCALE="en-US"
SVAUTOSELECTRATE="100"
SVFIRSTNSUBJECTS="100"
/>


<SITE  NAME="(400) Centre de cancerologie du grand Montpellier Clinique Clementville"    MNEMONIC="400"
ADDRESS="25 rue de Clementville"
COUNTRY="FRANCE"
PHONE="3333467067048"
ALTPHONE="33"
FAX="33"
TIMEZONE="(UTC) Dublin, Edinburgh, Lisbon, London"
SITEDATEFORMAT="DAY_MONTH_YEAR"
STARTDATE="04/12/2016"
STUDYLOCALE="en-US"
SVAUTOSELECTRATE="100"
SVFIRSTNSUBJECTS="100"
/>


<SITE  NAME="(453) Johannes Gutenberg Universitat"    MNEMONIC="453"
ADDRESS="LangenbeckstraBe 1 III Medizinische Klinik und Poliklinik Geb302 2 OG Raum 205"
COUNTRY="GERMANY"
PHONE="49496131175950"
ALTPHONE="49"
FAX="49"
TIMEZONE="(UTC+01:00) Belgrade, Bratislava, Budapest, Ljubljana, Prague"
SITEDATEFORMAT="DAY_MONTH_YEAR"
STARTDATE="04/12/2016"
STUDYLOCALE="en-US"
SVAUTOSELECTRATE="100"
SVFIRSTNSUBJECTS="100"
/>


<SITE  NAME="(455) Klinikum Nurnberg Nord"    MNEMONIC="455"
ADDRESS="Studienkoordination am Lungentumorzentrum Klinikum Nurnberg Nord 3 Med Klinik Haus 14 SG Zimmer 82b Prof Ernst Nathan StraBe 1"
COUNTRY="GERMANY"
PHONE="49499113983375"
ALTPHONE="49"
FAX="49"
TIMEZONE="(UTC+01:00) Belgrade, Bratislava, Budapest, Ljubljana, Prague"
SITEDATEFORMAT="DAY_MONTH_YEAR"
STARTDATE="04/12/2016"
STUDYLOCALE="en-US"
SVAUTOSELECTRATE="100"
SVFIRSTNSUBJECTS="100"
/>


<SITE  NAME="(451) Krankenhaus Martha Maria Halle Dolau gGmbH"    MNEMONIC="451"
ADDRESS="Klinik fur Innere Medizin II Studiensekretariat RontgenstraBe1"
COUNTRY="GERMANY"
PHONE="4900493455591434"
ALTPHONE="49"
FAX="49"
TIMEZONE="(UTC+01:00) Belgrade, Bratislava, Budapest, Ljubljana, Prague"
SITEDATEFORMAT="DAY_MONTH_YEAR"
STARTDATE="04/12/2016"
STUDYLOCALE="en-US"
SVAUTOSELECTRATE="100"
SVFIRSTNSUBJECTS="100"
/>


<SITE  NAME="(452) Thoraxklinik Heidelberg gGmbH"    MNEMONIC="452"
ADDRESS="Röntgenstrasse 1"
COUNTRY="GERMANY"
PHONE="494962213961359"
ALTPHONE="49"
FAX="49"
TIMEZONE="(UTC+01:00) Belgrade, Bratislava, Budapest, Ljubljana, Prague"
SITEDATEFORMAT="DAY_MONTH_YEAR"
STARTDATE="04/12/2016"
STUDYLOCALE="en-US"
SVAUTOSELECTRATE="100"
SVFIRSTNSUBJECTS="100"
/>


<SITE  NAME="(454) Vivantes Klinikum am Urban"    MNEMONIC="454"
ADDRESS="Dieffenbachstr 1"
COUNTRY="GERMANY"
PHONE="494930130222160"
ALTPHONE="49"
FAX="49"
TIMEZONE="(UTC+01:00) Belgrade, Bratislava, Budapest, Ljubljana, Prague"
SITEDATEFORMAT="DAY_MONTH_YEAR"
STARTDATE="04/12/2016"
STUDYLOCALE="en-US"
SVAUTOSELECTRATE="100"
SVFIRSTNSUBJECTS="100"
/>


<SITE  NAME="(450) Universitatsklinikum Tubingen"    MNEMONIC="450"
ADDRESS="Universitatsklinikum Tübingen Abteilung II Onkologie Hamatologie Immunologie Rheumatologie Pulmologie Otfried Muller Str 10"
COUNTRY="GERMANY"
PHONE="494970712982795"
ALTPHONE="49"
FAX="49"
TIMEZONE="(UTC+01:00) Belgrade, Bratislava, Budapest, Ljubljana, Prague"
SITEDATEFORMAT="DAY_MONTH_YEAR"
STARTDATE="04/12/2016"
STUDYLOCALE="en-US"
SVAUTOSELECTRATE="100"
SVFIRSTNSUBJECTS="100"
/>


<SITE  NAME="(501) University General Hospital of Patras"    MNEMONIC="501"
ADDRESS="Rio"
COUNTRY="GREECE"
PHONE="30302610999781"
ALTPHONE="30"
FAX="30"
TIMEZONE="(UTC+02:00) Cairo"
SITEDATEFORMAT="DAY_MONTH_YEAR"
STARTDATE="04/12/2016"
STUDYLOCALE="en-US"
SVAUTOSELECTRATE="100"
SVFIRSTNSUBJECTS="100"
/>


<SITE  NAME="(500) SOTIRIA General Hospital"    MNEMONIC="500"
ADDRESS="152 Mesogion Avenue"
COUNTRY="GREECE"
PHONE="30302107700220"
ALTPHONE="30"
FAX="30"
TIMEZONE="(UTC+02:00) Cairo"
SITEDATEFORMAT="DAY_MONTH_YEAR"
STARTDATE="04/12/2016"
STUDYLOCALE="en-US"
SVAUTOSELECTRATE="100"
SVFIRSTNSUBJECTS="100"
/>


<SITE  NAME="(502) University General Hospital of Heraklion"    MNEMONIC="502"
ADDRESS="Stavrakia and Voutes"
COUNTRY="GREECE"
PHONE="30302810392783"
ALTPHONE="30"
FAX="30"
TIMEZONE="(UTC+02:00) Cairo"
SITEDATEFORMAT="DAY_MONTH_YEAR"
STARTDATE="04/12/2016"
STUDYLOCALE="en-US"
SVAUTOSELECTRATE="100"
SVFIRSTNSUBJECTS="100"
/>


<SITE  NAME="(204) The Catholic University of Seoul St Marys Hospital"    MNEMONIC="204"
ADDRESS="222 Banpo daero Seocho gu Seoul 06591 Korea"
COUNTRY="KOREA, REPUBLIC OF"
PHONE="8282222586043"
ALTPHONE="82"
FAX="82"
TIMEZONE="(UTC+09:00) Seoul"
SITEDATEFORMAT="DAY_MONTH_YEAR"
STARTDATE="04/12/2016"
STUDYLOCALE="en-US"
SVAUTOSELECTRATE="100"
SVFIRSTNSUBJECTS="100"
/>


<SITE  NAME="(203) Samsung Medical Center"    MNEMONIC="203"
ADDRESS="06351 81 Irwon Ro Gangnam gu Seoul Korea"
COUNTRY="KOREA, REPUBLIC OF"
PHONE="8282234102971"
ALTPHONE="82"
FAX="82"
TIMEZONE="(UTC+09:00) Seoul"
SITEDATEFORMAT="DAY_MONTH_YEAR"
STARTDATE="04/12/2016"
STUDYLOCALE="en-US"
SVAUTOSELECTRATE="100"
SVFIRSTNSUBJECTS="100"
/>


<SITE  NAME="(202) Seoul National University Hospital"    MNEMONIC="202"
ADDRESS="Seoul National University Hospital 101 Daehak ro Jongno gu SEOUL 03080 Korea"
COUNTRY="KOREA, REPUBLIC OF"
PHONE="8282220722995"
ALTPHONE="82"
FAX="82"
TIMEZONE="(UTC+09:00) Seoul"
SITEDATEFORMAT="DAY_MONTH_YEAR"
STARTDATE="04/12/2016"
STUDYLOCALE="en-US"
SVAUTOSELECTRATE="100"
SVFIRSTNSUBJECTS="100"
/>


<SITE  NAME="(201) National Cancer Center"    MNEMONIC="201"
ADDRESS="323 Ilsan ro Ilsandong gu Goyang si Gyeonggi do 10408 Korea"
COUNTRY="KOREA, REPUBLIC OF"
PHONE="8282319201154"
ALTPHONE="82"
FAX="82"
TIMEZONE="(UTC+09:00) Seoul"
SITEDATEFORMAT="DAY_MONTH_YEAR"
STARTDATE="04/12/2016"
STUDYLOCALE="en-US"
SVAUTOSELECTRATE="100"
SVFIRSTNSUBJECTS="100"
/>


<SITE  NAME="(200) Asan Medical Center"    MNEMONIC="200"
ADDRESS="88 OLYMPIC RO 43 GIL SONGPA GU SEOUL 05505 KOREA"
COUNTRY="KOREA, REPUBLIC OF"
PHONE="8282230103215"
ALTPHONE="82"
FAX="82"
TIMEZONE="(UTC+09:00) Seoul"
SITEDATEFORMAT="DAY_MONTH_YEAR"
STARTDATE="04/12/2016"
STUDYLOCALE="en-US"
SVAUTOSELECTRATE="100"
SVFIRSTNSUBJECTS="100"
/>


<SITE  NAME="(551) Amphia Ziekenhuis"    MNEMONIC="551"
ADDRESS="Molengracht 21"
COUNTRY="NETHERLANDS"
PHONE="310031765955349"
ALTPHONE="31"
FAX="31"
TIMEZONE="(UTC) Dublin, Edinburgh, Lisbon, London"
SITEDATEFORMAT="DAY_MONTH_YEAR"
STARTDATE="04/12/2016"
STUDYLOCALE="en-US"
SVAUTOSELECTRATE="100"
SVFIRSTNSUBJECTS="100"
/>


<SITE  NAME="(553) Ziekenhuis St Jansdal"    MNEMONIC="553"
ADDRESS="Wethouder Jansenlaan 90"
COUNTRY="NETHERLANDS"
PHONE="310031341463504"
ALTPHONE="31"
FAX="31"
TIMEZONE="(UTC) Dublin, Edinburgh, Lisbon, London"
SITEDATEFORMAT="DAY_MONTH_YEAR"
STARTDATE="04/12/2016"
STUDYLOCALE="en-US"
SVAUTOSELECTRATE="100"
SVFIRSTNSUBJECTS="100"
/>


<SITE  NAME="(552) Isala Klinieken Zwolle"    MNEMONIC="552"
ADDRESS="Isala Oncologiecentrum Dokter van Heesweg 2"
COUNTRY="NETHERLANDS"
PHONE="310031384248067"
ALTPHONE="31"
FAX="31"
TIMEZONE="(UTC) Dublin, Edinburgh, Lisbon, London"
SITEDATEFORMAT="DAY_MONTH_YEAR"
STARTDATE="04/12/2016"
STUDYLOCALE="en-US"
SVAUTOSELECTRATE="100"
SVFIRSTNSUBJECTS="100"
/>


<SITE  NAME="(550) Het Nederlands Kanker Instituut Antoni van Leeuwenhoek"    MNEMONIC="550"
ADDRESS="Plesmanlaan 121"
COUNTRY="NETHERLANDS"
PHONE="310031205122671"
ALTPHONE="31"
FAX="31"
TIMEZONE="(UTC) Dublin, Edinburgh, Lisbon, London"
SITEDATEFORMAT="DAY_MONTH_YEAR"
STARTDATE="04/12/2016"
STUDYLOCALE="en-US"
SVAUTOSELECTRATE="100"
SVFIRSTNSUBJECTS="100"
/>


<SITE  NAME="(604) Hospital Vall dHebron"    MNEMONIC="604"
ADDRESS="Antiga Guarderia Servei d Oncologia Modul Blau Passeig Vall d Hebron 119 129"
COUNTRY="SPAIN"
PHONE="3434934894374"
ALTPHONE="34"
FAX="34"
TIMEZONE="(UTC) Dublin, Edinburgh, Lisbon, London"
SITEDATEFORMAT="DAY_MONTH_YEAR"
STARTDATE="04/12/2016"
STUDYLOCALE="en-US"
SVAUTOSELECTRATE="100"
SVFIRSTNSUBJECTS="100"
/>


<SITE  NAME="(602) Hospital Clinico y Universitario Lozano Blesa"    MNEMONIC="602"
ADDRESS="C San Juan Bosco 15"
COUNTRY="SPAIN"
PHONE="340"
ALTPHONE="34"
FAX="34"
TIMEZONE="(UTC) Dublin, Edinburgh, Lisbon, London"
SITEDATEFORMAT="DAY_MONTH_YEAR"
STARTDATE="04/12/2016"
STUDYLOCALE="en-US"
SVAUTOSELECTRATE="100"
SVFIRSTNSUBJECTS="100"
/>


<SITE  NAME="(603) Hospital Universitario Ramon y Cajal"    MNEMONIC="603"
ADDRESS="Ctra Colmenar Viejo km 9 1"
COUNTRY="SPAIN"
PHONE="3434913368263"
ALTPHONE="34"
FAX="34"
TIMEZONE="(UTC) Dublin, Edinburgh, Lisbon, London"
SITEDATEFORMAT="DAY_MONTH_YEAR"
STARTDATE="04/12/2016"
STUDYLOCALE="en-US"
SVAUTOSELECTRATE="100"
SVFIRSTNSUBJECTS="100"
/>


<SITE  NAME="(600) Clinica Quiron Madrid"    MNEMONIC="600"
ADDRESS="C Diego de Velazquez 1"
COUNTRY="SPAIN"
PHONE="3434914521987"
ALTPHONE="34"
FAX="34"
TIMEZONE="(UTC) Dublin, Edinburgh, Lisbon, London"
SITEDATEFORMAT="DAY_MONTH_YEAR"
STARTDATE="04/12/2016"
STUDYLOCALE="en-US"
SVAUTOSELECTRATE="100"
SVFIRSTNSUBJECTS="100"
/>


<SITE  NAME="(601) Fundacion Jimenez Diaz"    MNEMONIC="601"
ADDRESS="Avda Reyes Catolicos N2"
COUNTRY="SPAIN"
PHONE="340034915504800"
ALTPHONE="34"
FAX="34"
TIMEZONE="(UTC) Dublin, Edinburgh, Lisbon, London"
SITEDATEFORMAT="DAY_MONTH_YEAR"
STARTDATE="04/12/2016"
STUDYLOCALE="en-US"
SVAUTOSELECTRATE="100"
SVFIRSTNSUBJECTS="100"
/>


<SITE  NAME="(303) Istanbul University"    MNEMONIC="303"
ADDRESS="Istanbul University Cerrahpasa Tip Fakultesi Yerleskesi Fatih"
COUNTRY="TURKEY"
PHONE="90905324167355"
ALTPHONE="90"
FAX="90"
TIMEZONE="(UTC+02:00) E. Europe"
SITEDATEFORMAT="DAY_MONTH_YEAR"
STARTDATE="04/12/2016"
STUDYLOCALE="en-US"
SVAUTOSELECTRATE="100"
SVFIRSTNSUBJECTS="100"
/>


<SITE  NAME="(302) Trakya University"    MNEMONIC="302"
ADDRESS="Trakya University Medical faculty Oncology hospital"
COUNTRY="TURKEY"
PHONE="90905526157283"
ALTPHONE="90"
FAX="90"
TIMEZONE="(UTC+02:00) E. Europe"
SITEDATEFORMAT="DAY_MONTH_YEAR"
STARTDATE="04/12/2016"
STUDYLOCALE="en-US"
SVAUTOSELECTRATE="100"
SVFIRSTNSUBJECTS="100"
/>


<SITE  NAME="(305) Erciyes University Medical Faculty"    MNEMONIC="305"
ADDRESS="Erciyes University Medical Faculty"
COUNTRY="TURKEY"
PHONE="9000905053190274"
ALTPHONE="90"
FAX="90"
TIMEZONE="(UTC+02:00) E. Europe"
SITEDATEFORMAT="DAY_MONTH_YEAR"
STARTDATE="04/12/2016"
STUDYLOCALE="en-US"
SVAUTOSELECTRATE="100"
SVFIRSTNSUBJECTS="100"
/>


<SITE  NAME="(304) Akdeniz University Medical Faculty"    MNEMONIC="304"
ADDRESS="Akdeniz University Medical Faculty H Blok Dumlupinar Bulvari Kampüs"
COUNTRY="TURKEY"
PHONE="90905334318506"
ALTPHONE="90"
FAX="90"
TIMEZONE="(UTC+02:00) E. Europe"
SITEDATEFORMAT="DAY_MONTH_YEAR"
STARTDATE="04/12/2016"
STUDYLOCALE="en-US"
SVAUTOSELECTRATE="100"
SVFIRSTNSUBJECTS="100"
/>


<SITE  NAME="(301) Ege University"    MNEMONIC="301"
ADDRESS="Ege University  Medical faculty Oncology hospital"
COUNTRY="TURKEY"
PHONE="90905057768106"
ALTPHONE="90"
FAX="90"
TIMEZONE="(UTC+02:00) E. Europe"
SITEDATEFORMAT="DAY_MONTH_YEAR"
STARTDATE="04/12/2016"
STUDYLOCALE="en-US"
SVAUTOSELECTRATE="100"
SVFIRSTNSUBJECTS="100"
/>


<SITE  NAME="(252) Kharkiv Regional Clinical Oncology Center"    MNEMONIC="252"
ADDRESS="4 Lisoparkova Str"
COUNTRY="UKRAINE"
PHONE="380380573118022"
ALTPHONE="380"
FAX="380"
TIMEZONE="(UTC) Dublin, Edinburgh, Lisbon, London"
SITEDATEFORMAT="DAY_MONTH_YEAR"
STARTDATE="04/12/2016"
STUDYLOCALE="en-US"
SVAUTOSELECTRATE="100"
SVFIRSTNSUBJECTS="100"
/>


<SITE  NAME="(251) Kyiv Regional Clinical Oncology Dispensary"    MNEMONIC="251"
ADDRESS="1 Baggovutivska Str"
COUNTRY="UKRAINE"
PHONE="380380444831115"
ALTPHONE="380"
FAX="380"
TIMEZONE="(UTC) Dublin, Edinburgh, Lisbon, London"
SITEDATEFORMAT="DAY_MONTH_YEAR"
STARTDATE="04/12/2016"
STUDYLOCALE="en-US"
SVAUTOSELECTRATE="100"
SVFIRSTNSUBJECTS="100"
/>


<SITE  NAME="(250) Dnipropetrovsk City Multifunctional Clinical Hospital 4 of Dnipropetrovsk Regional Council"    MNEMONIC="250"
ADDRESS="31 Blyzhnya Str"
COUNTRY="UKRAINE"
PHONE="380380969201410"
ALTPHONE="380"
FAX="380"
TIMEZONE="(UTC) Dublin, Edinburgh, Lisbon, London"
SITEDATEFORMAT="DAY_MONTH_YEAR"
STARTDATE="04/12/2016"
STUDYLOCALE="en-US"
SVAUTOSELECTRATE="100"
SVFIRSTNSUBJECTS="100"
/>


<SITE  NAME="(253) Sumy Regional Clinical Oncology Dispensary"    MNEMONIC="253"
ADDRESS="31 Pryvokzalna Str"
COUNTRY="UKRAINE"
PHONE="380380542781306"
ALTPHONE="380"
FAX="380"
TIMEZONE="(UTC) Dublin, Edinburgh, Lisbon, London"
SITEDATEFORMAT="DAY_MONTH_YEAR"
STARTDATE="04/12/2016"
STUDYLOCALE="en-US"
SVAUTOSELECTRATE="100"
SVFIRSTNSUBJECTS="100"
/>


<SITE  NAME="(254) Vinnytsia Regional Clinical Onco Dispensary"    MNEMONIC="254"
ADDRESS="84 Khmelnitske Shose"
COUNTRY="UKRAINE"
PHONE="380380432464635"
ALTPHONE="380"
FAX="380"
TIMEZONE="(UTC) Dublin, Edinburgh, Lisbon, London"
SITEDATEFORMAT="DAY_MONTH_YEAR"
STARTDATE="04/12/2016"
STUDYLOCALE="en-US"
SVAUTOSELECTRATE="100"
SVFIRSTNSUBJECTS="100"
/>


<SITE  NAME="(650) LEICESTER ROYAL INFIRMARY"    MNEMONIC="650"
ADDRESS="HOPE Clinical Trials Facility Osborne Building Level 2 Leicester Royal Infirmary Infirmary Square"
COUNTRY="UNITED KINGDOM"
PHONE="44441162586318"
ALTPHONE="44"
FAX="44"
TIMEZONE="(UTC) Monrovia, Reykjavik"
SITEDATEFORMAT="DAY_MONTH_YEAR"
STARTDATE="04/12/2016"
STUDYLOCALE="en-US"
SVAUTOSELECTRATE="100"
SVFIRSTNSUBJECTS="100"
/>


<SITE  NAME="(652) Churchill Hospital"    MNEMONIC="652"
ADDRESS="Old Road"
COUNTRY="UNITED KINGDOM"
PHONE="44443003047777"
ALTPHONE="44"
FAX="44"
TIMEZONE="(UTC) Monrovia, Reykjavik"
SITEDATEFORMAT="DAY_MONTH_YEAR"
STARTDATE="04/12/2016"
STUDYLOCALE="en-US"
SVAUTOSELECTRATE="100"
SVFIRSTNSUBJECTS="100"
/>


<SITE  NAME="(653) WESTON PARK HOSPITAL"    MNEMONIC="653"
ADDRESS="Cancer Clinical Trials Centre Weston Park Hospital Whitham Road"
COUNTRY="UNITED KINGDOM"
PHONE="44441142265208"
ALTPHONE="44"
FAX="44"
TIMEZONE="(UTC) Monrovia, Reykjavik"
SITEDATEFORMAT="DAY_MONTH_YEAR"
STARTDATE="04/12/2016"
STUDYLOCALE="en-US"
SVAUTOSELECTRATE="100"
SVFIRSTNSUBJECTS="100"
/>


<SITE  NAME="(651) University College London Hospital"    MNEMONIC="651"
ADDRESS="Cancer Clinical Trials Unit 1st Floor East 250 Euston Road"
COUNTRY="UNITED KINGDOM"
PHONE="44442034477723"
ALTPHONE="44"
FAX="44"
TIMEZONE="(UTC) Monrovia, Reykjavik"
SITEDATEFORMAT="DAY_MONTH_YEAR"
STARTDATE="04/12/2016"
STUDYLOCALE="en-US"
SVAUTOSELECTRATE="100"
SVFIRSTNSUBJECTS="100"
/>


<SITE  NAME="(116) Washington University Medical Oncology"    MNEMONIC="116"
ADDRESS="660 South Euclid Avenue Campus Box 8009 St Louis Missouri"
COUNTRY="UNITED STATES"
PHONE="13143625737"
ALTPHONE="1"
FAX="1"
TIMEZONE="(UTC-06:00) Central Time (US &#38; Canada)"
SITEDATEFORMAT="DAY_MONTH_YEAR"
STARTDATE="04/12/2016"
STUDYLOCALE="en-US"
SVAUTOSELECTRATE="100"
SVFIRSTNSUBJECTS="100"
/>


<SITE  NAME="(105) The Center for Cancer and Blood Disorders Main Site"    MNEMONIC="105"
ADDRESS="800 West Magnolia Fort Worth Texas"
COUNTRY="UNITED STATES"
PHONE="18177597000"
ALTPHONE="1"
FAX="1"
TIMEZONE="(UTC-06:00) Central Time (US &#38; Canada)"
SITEDATEFORMAT="DAY_MONTH_YEAR"
STARTDATE="04/12/2016"
STUDYLOCALE="en-US"
SVAUTOSELECTRATE="100"
SVFIRSTNSUBJECTS="100"
/>


<SITE  NAME="(102) Tennessee Oncology Nashville Sarah Cannon Research Institute SCRI"    MNEMONIC="102"
ADDRESS="250 25th Avenue North Suite 200 nashville Tennessee"
COUNTRY="UNITED STATES"
PHONE="16153297274"
ALTPHONE="1"
FAX="1"
TIMEZONE="(UTC-06:00) Central Time (US &#38; Canada)"
SITEDATEFORMAT="DAY_MONTH_YEAR"
STARTDATE="04/12/2016"
STUDYLOCALE="en-US"
SVAUTOSELECTRATE="100"
SVFIRSTNSUBJECTS="100"
/>


<SITE  NAME="(108) Highlands Oncology Group"    MNEMONIC="108"
ADDRESS="808 S 52nd Street Rogers Arkansas"
COUNTRY="UNITED STATES"
PHONE="14795871700"
ALTPHONE="1"
FAX="1"
TIMEZONE="(UTC-06:00) Central Time (US &#38; Canada)"
SITEDATEFORMAT="DAY_MONTH_YEAR"
STARTDATE="04/12/2016"
STUDYLOCALE="en-US"
SVAUTOSELECTRATE="100"
SVFIRSTNSUBJECTS="100"
/>


<SITE  NAME="(109) Vanderbilt University Vanderbilt-Ingram Cancer Center"    MNEMONIC="109"
ADDRESS="2220 Pierce Avenue Nashville Tennessee"
COUNTRY="UNITED STATES"
PHONE="18779368422"
ALTPHONE="1"
FAX="1"
TIMEZONE="(UTC-06:00) Central Time (US &#38; Canada)"
SITEDATEFORMAT="DAY_MONTH_YEAR"
STARTDATE="04/12/2016"
STUDYLOCALE="en-US"
SVAUTOSELECTRATE="100"
SVFIRSTNSUBJECTS="100"
/>


<SITE  NAME="(118) University of Texas Southwestern Medical Center"    MNEMONIC="118"
ADDRESS="5323 Harry Hines Boulevard Dallas Texas"
COUNTRY="UNITED STATES"
PHONE="1753908852"
ALTPHONE="1"
FAX="1"
TIMEZONE="(UTC-06:00) Central Time (US &#38; Canada)"
SITEDATEFORMAT="DAY_MONTH_YEAR"
STARTDATE="04/12/2016"
STUDYLOCALE="en-US"
SVAUTOSELECTRATE="100"
SVFIRSTNSUBJECTS="100"
/>


<SITE  NAME="(111) University of Texas MD Anderson Cancer Center"    MNEMONIC="111"
ADDRESS="1515 Holcombe Boulevard Houston Texas"
COUNTRY="UNITED STATES"
PHONE="17137926161"
ALTPHONE="1"
FAX="1"
TIMEZONE="(UTC-06:00) Central Time (US &#38; Canada)"
SITEDATEFORMAT="DAY_MONTH_YEAR"
STARTDATE="04/12/2016"
STUDYLOCALE="en-US"
SVAUTOSELECTRATE="100"
SVFIRSTNSUBJECTS="100"
/>


<SITE  NAME="(114) H Lee Moffitt Cancer Center and Research Institute"    MNEMONIC="114"
ADDRESS="12902 Magnolia Drive Tampa Florida"
COUNTRY="UNITED STATES"
PHONE="18137451687"
ALTPHONE="1"
FAX="1"
TIMEZONE="(UTC-05:00) Eastern Time (US &#38; Canada)"
SITEDATEFORMAT="DAY_MONTH_YEAR"
STARTDATE="04/12/2016"
STUDYLOCALE="en-US"
SVAUTOSELECTRATE="100"
SVFIRSTNSUBJECTS="100"
/>


<SITE  NAME="(115) University of Pittsburgh- Hillman Cancer Center"    MNEMONIC="115"
ADDRESS="5150 Centre Avenue 5th Floor Pittsburg Pennsylvania"
COUNTRY="UNITED STATES"
PHONE="14126486507"
ALTPHONE="1"
FAX="1"
TIMEZONE="(UTC-05:00) Eastern Time (US &#38; Canada)"
SITEDATEFORMAT="DAY_MONTH_YEAR"
STARTDATE="04/12/2016"
STUDYLOCALE="en-US"
SVAUTOSELECTRATE="100"
SVFIRSTNSUBJECTS="100"
/>


<SITE  NAME="(112) Georgetown"    MNEMONIC="112"
ADDRESS="3970 Reservoir Road Northwest Washington District of Columbia"
COUNTRY="UNITED STATES"
PHONE="12024442198"
ALTPHONE="1"
FAX="1"
TIMEZONE="(UTC-05:00) Eastern Time (US &#38; Canada)"
SITEDATEFORMAT="DAY_MONTH_YEAR"
STARTDATE="04/12/2016"
STUDYLOCALE="en-US"
SVAUTOSELECTRATE="100"
SVFIRSTNSUBJECTS="100"
/>


<SITE  NAME="(106) Oncology Hematology Care Sarah Cannon Research Institute SCRI"    MNEMONIC="106"
ADDRESS="4350 Malsbary Road Cincinnati Ohio"
COUNTRY="UNITED STATES"
PHONE="15138914800"
ALTPHONE="1"
FAX="1"
TIMEZONE="(UTC-05:00) Eastern Time (US &#38; Canada)"
SITEDATEFORMAT="DAY_MONTH_YEAR"
STARTDATE="04/12/2016"
STUDYLOCALE="en-US"
SVAUTOSELECTRATE="100"
SVFIRSTNSUBJECTS="100"
/>


<SITE  NAME="(107) Florida Cancer Specialists EAST Sarah Cannon Research Institute SCRI"    MNEMONIC="107"
ADDRESS="1309 N Flagler Drive West Palm Beach Florida"
COUNTRY="UNITED STATES"
PHONE="15613664131"
ALTPHONE="1"
FAX="1"
TIMEZONE="(UTC-05:00) Eastern Time (US &#38; Canada)"
SITEDATEFORMAT="DAY_MONTH_YEAR"
STARTDATE="04/12/2016"
STUDYLOCALE="en-US"
SVAUTOSELECTRATE="100"
SVFIRSTNSUBJECTS="100"
/>


<SITE  NAME="(103) Florida Cancer Specialists SOUTH Sarah Cannon Research Institute SCRI"    MNEMONIC="103"
ADDRESS="4331 Veronica S Shoemaker Boulevard Fort myers Florida"
COUNTRY="UNITED STATES"
PHONE="12392749930"
ALTPHONE="1"
FAX="1"
TIMEZONE="(UTC-05:00) Eastern Time (US &#38; Canada)"
SITEDATEFORMAT="DAY_MONTH_YEAR"
STARTDATE="04/12/2016"
STUDYLOCALE="en-US"
SVAUTOSELECTRATE="100"
SVFIRSTNSUBJECTS="100"
/>


<SITE  NAME="(104) Florida Cancer Specialists NORTH Sarah Cannon Research Institute SCRI"    MNEMONIC="104"
ADDRESS="560 Jackson St Suite 220 St Petersburg Florida"
COUNTRY="UNITED STATES"
PHONE="17272161143"
ALTPHONE="1"
FAX="1"
TIMEZONE="(UTC-05:00) Eastern Time (US &#38; Canada)"
SITEDATEFORMAT="DAY_MONTH_YEAR"
STARTDATE="04/12/2016"
STUDYLOCALE="en-US"
SVAUTOSELECTRATE="100"
SVFIRSTNSUBJECTS="100"
/>


<SITE  NAME="(101) Tennessee Oncology Chattanooga Sarah Cannon Research Institute SCRI"    MNEMONIC="101"
ADDRESS="605 Glenwood Drive Suite 200 Chattanooga Tennessee"
COUNTRY="UNITED STATES"
PHONE="14236981844"
ALTPHONE="1"
FAX="1"
TIMEZONE="(UTC-05:00) Eastern Time (US &#38; Canada)"
SITEDATEFORMAT="DAY_MONTH_YEAR"
STARTDATE="04/12/2016"
STUDYLOCALE="en-US"
SVAUTOSELECTRATE="100"
SVFIRSTNSUBJECTS="100"
/>


<SITE  NAME="(119) Bond Clinic Inc"    MNEMONIC="119"
ADDRESS="500 East Central Avenue Winter Haven Florida"
COUNTRY="UNITED STATES"
PHONE="18632931191"
ALTPHONE="1"
FAX="1"
TIMEZONE="(UTC-05:00) Eastern Time (US &#38; Canada)"
SITEDATEFORMAT="DAY_MONTH_YEAR"
STARTDATE="04/12/2016"
STUDYLOCALE="en-US"
SVAUTOSELECTRATE="100"
SVFIRSTNSUBJECTS="100"
/>


<SITE  NAME="(113) Dartmouth Hitchcock Medical Center- Lebanon"    MNEMONIC="113"
ADDRESS="One Medical Center Drive Lebanon New Hampshire"
COUNTRY="UNITED STATES"
PHONE="16036506344"
ALTPHONE="1"
FAX="1"
TIMEZONE="(UTC-05:00) Eastern Time (US &#38; Canada)"
SITEDATEFORMAT="DAY_MONTH_YEAR"
STARTDATE="04/12/2016"
STUDYLOCALE="en-US"
SVAUTOSELECTRATE="100"
SVFIRSTNSUBJECTS="100"
/>


<SITE  NAME="(100) Yale University"    MNEMONIC="100"
ADDRESS="20 York Street NP15304 New Haven Connecticut"
COUNTRY="UNITED STATES"
PHONE="12032003732"
ALTPHONE="1"
FAX="1"
TIMEZONE="(UTC-05:00) Eastern Time (US &#38; Canada)"
SITEDATEFORMAT="DAY_MONTH_YEAR"
STARTDATE="04/12/2016"
STUDYLOCALE="en-US"
SVAUTOSELECTRATE="100"
SVFIRSTNSUBJECTS="100"
/>


<SITE  NAME="(117) Massachusetts General Hospital"    MNEMONIC="117"
ADDRESS="55 Fruit Street Boston Massachusetts"
COUNTRY="UNITED STATES"
PHONE="16177244000"
ALTPHONE="1"
FAX="1"
TIMEZONE="(UTC-05:00) Eastern Time (US &#38; Canada)"
SITEDATEFORMAT="DAY_MONTH_YEAR"
STARTDATE="04/12/2016"
STUDYLOCALE="en-US"
SVAUTOSELECTRATE="100"
SVFIRSTNSUBJECTS="100"
/>


<SITE  NAME="(120) University of Maryland School of Medicine"    MNEMONIC="120"
ADDRESS="22 S Greene St Baltimore Maryland"
COUNTRY="UNITED STATES"
PHONE="14107063100"
ALTPHONE="1"
FAX="1"
TIMEZONE="(UTC-05:00) Eastern Time (US &#38; Canada)"
SITEDATEFORMAT="DAY_MONTH_YEAR"
STARTDATE="04/12/2016"
STUDYLOCALE="en-US"
SVAUTOSELECTRATE="100"
SVFIRSTNSUBJECTS="100"
/>


</MEDMLDATA>