<?xml version="1.0"?>
<MEDMLDATA xmlns="PhaseForward-MedML-Inform4">


<REPORTINGGROUP
GROUPNAME="Ad Hoc Users"
GROUPDESCRIPTION="Users who have access to Ad Hoc Reporting">
<!-- Insert Users -->
<USERREF USERNAME="z2x1799"/>
<USERREF USERNAME="i4dmcjtjh_RE"/>
<USERREF USERNAME="z2x2291"/>
<USERREF USERNAME="z1x9044"/>
<USERREF USERNAME="z2x0674"/>
<USERREF USERNAME="c173517"/>
<USERREF USERNAME="c018771"/>
<USERREF USERNAME="rm63319"/>
<USERREF USERNAME="z2x2451"/>
<USERREF USERNAME="z3x2637"/>
<USERREF USERNAME="z2x2612"/>
<USERREF USERNAME="z2x2613"/>
<USERREF USERNAME="z2x0680"/>
</REPORTINGGROUP>

<QUERYGROUP
GROUPNAME="CDM_CRA Query"
GROUPDESCRIPTION="">
<!-- Insert Users -->
<USERREF USERNAME="autoquery"/>
<USERREF USERNAME="zg02684"/>
<USERREF USERNAME="c018771"/>
<USERREF USERNAME="zg01496"/>
<USERREF USERNAME="zg02556"/>
<USERREF USERNAME="zg02715"/>
<USERREF USERNAME="C184595"/>
<USERREF USERNAME="z2x1799"/>
<USERREF USERNAME="z2x2291"/>
<USERREF USERNAME="z1x9044"/>
<USERREF USERNAME="z2x0674"/>
<USERREF USERNAME="c173517"/>
<USERREF USERNAME="z2x0680"/>
<USERREF USERNAME="rm63319"/>
<USERREF USERNAME="z2x2451"/>
<USERREF USERNAME="z3x2637"/>
<USERREF USERNAME="z2x2612"/>
<USERREF USERNAME="z2x2613"/>
</QUERYGROUP>

<QUERYGROUP
GROUPNAME="Coding Query Group"
GROUPDESCRIPTION="">
<!-- Insert Users -->
<USERREF USERNAME="coder_query"/>
</QUERYGROUP>

<QUERYGROUP
GROUPNAME="GPS_Query"
GROUPDESCRIPTION="">
<!-- Insert Users -->
<USERREF USERNAME="c039825"/>
<USERREF USERNAME="C196683"/>
<USERREF USERNAME="c074090"/>
<USERREF USERNAME="c085302"/>
<USERREF USERNAME="c074342"/>
<USERREF USERNAME="c149177"/>
<USERREF USERNAME="c131994"/>
<USERREF USERNAME="c039863"/>
<USERREF USERNAME="c149176"/>
<USERREF USERNAME="a701824"/>
<USERREF USERNAME="c060736"/>
<USERREF USERNAME="c026390"/>
<USERREF USERNAME="c083101"/>
<USERREF USERNAME="rm90029"/>
<USERREF USERNAME="c069132"/>
<USERREF USERNAME="c057362"/>
<USERREF USERNAME="v6x8058"/>
<USERREF USERNAME="c039853"/>
<USERREF USERNAME="c068505"/>
<USERREF USERNAME="c149066"/>
<USERREF USERNAME="c021984"/>
<USERREF USERNAME="rm35504"/>
<USERREF USERNAME="v6x8356"/>
<USERREF USERNAME="c025980"/>
<USERREF USERNAME="a608261"/>
<USERREF USERNAME="c143125"/>
<USERREF USERNAME="c135748"/>
<USERREF USERNAME="c149470"/>
<USERREF USERNAME="a803075"/>
<USERREF USERNAME="rm87794"/>
<USERREF USERNAME="c196248"/>
<USERREF USERNAME="C218621"/>
<USERREF USERNAME="C223292"/>
<USERREF USERNAME="C068502"/>
<USERREF USERNAME="c003859"/>
<USERREF USERNAME="c079244"/>
<USERREF USERNAME="rm89018"/>
<USERREF USERNAME="c015393"/>
<USERREF USERNAME="c071673"/>
<USERREF USERNAME="ye91098"/>
<USERREF USERNAME="c022433"/>
<USERREF USERNAME="c137396"/>
<USERREF USERNAME="c075541"/>
<USERREF USERNAME="c074429"/>
<USERREF USERNAME="c026393"/>
<USERREF USERNAME="a608760"/>
<USERREF USERNAME="c058698"/>
<USERREF USERNAME="u7x2510"/>
<USERREF USERNAME="yex7920"/>
<USERREF USERNAME="rm36132"/>
<USERREF USERNAME="a511471"/>
<USERREF USERNAME="rm80655"/>
<USERREF USERNAME="C199642"/>
<USERREF USERNAME="C199523"/>
<USERREF USERNAME="c090108"/>
</QUERYGROUP>

<SIGNATUREGROUP
GROUPNAME="PI Signature"
GROUPDESCRIPTION="Signature group assigned to PI and PI Sign Only roles"
CRBMEANING="Approved"

CRBTEXT="By my dated signature below, I  %s  %s, verify that all case report form pages accurately display the results of the examinations, tests, evaluations and treatments performed on this patient.&lt;BR&gt;&lt;BR&gt;Pursuant to Section 11.100 of Title 21 of the Code of Federal Regulations, this is to certify that I intend that this electronic signature is to be the legally binding equivalent of my handwritten signature. &lt;BR&gt;&lt;BR&gt;To this I do attest by supplying my user name and password and clicking the button marked &lt;B&gt;Submit&lt;/B&gt; below"
 LANGUAGE="en-US">
<!-- Insert Users -->
<USERREF USERNAME="medelman"/>
<USERREF USERNAME="cbecht"/>
<USERREF USERNAME="lhorn"/>
<USERREF USERNAME="bgodbert"/>
<USERREF USERNAME="vwesteel"/>
<USERREF USERNAME="ksyrigos"/>
<USERREF USERNAME="dmavroudis"/>
<USERREF USERNAME="esmit"/>
<USERREF USERNAME="jaerts"/>
<USERREF USERNAME="jstigt"/>
<USERREF USERNAME="sgans"/>
<USERREF USERNAME="ascherpereel"/>
<USERREF USERNAME="adieing"/>
<USERREF USERNAME="hkopp"/>
<USERREF USERNAME="wbrueckl"/>
<USERREF USERNAME="hbischoff"/>
<USERREF USERNAME="jalt"/>
<USERREF USERNAME="wschuette"/>
<USERREF USERNAME="hkalofonos"/>
<USERREF USERNAME="brubioviqueira"/>
<USERREF USERNAME="mdomine"/>
<USERREF USERNAME="anavarro"/>
<USERREF USERNAME="vberk"/>
<USERREF USERNAME="ibondarenko"/>
<USERREF USERNAME="yvinnik"/>
<USERREF USERNAME="ivynnychenko"/>
<USERREF USERNAME="sshevnya"/>
<USERREF USERNAME="dfennell"/>
<USERREF USERNAME="mchitnis"/>
<USERREF USERNAME="sdanson"/>
<USERREF USERNAME="disla"/>
<USERREF USERNAME="molmedo"/>
<USERREF USERNAME="tgoksel"/>
<USERREF USERNAME="icicin"/>
<USERREF USERNAME="mozguroglu"/>
<USERREF USERNAME="hcoskun"/>
<USERREF USERNAME="isviderskyi"/>
<USERREF USERNAME="sahmed"/>
<USERREF USERNAME="tahmad"/>
<USERREF USERNAME="mforster"/>
<USERREF USERNAME="dtalbot"/>
<USERREF USERNAME="lbyers"/>
<USERREF USERNAME="ohlalah"/>
<USERREF USERNAME="eschaefer"/>
<USERREF USERNAME="mhussein"/>
<USERREF USERNAME="mjohnson"/>
<USERREF USERNAME="mmcCleod"/>
<USERREF USERNAME="achiang"/>
<USERREF USERNAME="achiappori"/>
<USERREF USERNAME="kdragnev"/>
<USERREF USERNAME="dgerber"/>
<USERREF USERNAME="ddaniel"/>
<USERREF USERNAME="rpage"/>
<USERREF USERNAME="nrothschild"/>
<USERREF USERNAME="dsubramaniam"/>
<USERREF USERNAME="swaqar"/>
<USERREF USERNAME="skim"/>
<USERREF USERNAME="jhan"/>
<USERREF USERNAME="kcpark"/>
<USERREF USERNAME="jkang"/>
<USERREF USERNAME="jazzoli"/>
<USERREF USERNAME="dwaterhouse"/>
<USERREF USERNAME="lvillaruz"/>
<USERREF USERNAME="dwkim"/>
</SIGNATUREGROUP>

<REPORTINGGROUP
GROUPNAME="Publishers"
GROUPDESCRIPTION="Users who can create folders and other content within the Public Folder space">
<!-- Insert Users -->
<USERREF USERNAME="z2x1799"/>
<USERREF USERNAME="c018771"/>
<USERREF USERNAME="z2x2291"/>
<USERREF USERNAME="z1x9044"/>
<USERREF USERNAME="z2x0674"/>
<USERREF USERNAME="c173517"/>
<USERREF USERNAME="z2x0680"/>
<USERREF USERNAME="rm63319"/>
<USERREF USERNAME="ZPFaflathers"/>
<USERREF USERNAME="ZPFkbarkoczi"/>
<USERREF USERNAME="ZPFskonig"/>
<USERREF USERNAME="z2x2451"/>
<USERREF USERNAME="z3x2637"/>
<USERREF USERNAME="z2x2612"/>
<USERREF USERNAME="z2x2613"/>
<USERREF USERNAME="i4dmcjtjh_RE"/>
</REPORTINGGROUP>

<REPORTINGGROUP
GROUPNAME="Report Administrators"
GROUPDESCRIPTION="Users who can administer authorized public content such as setting permissions on folders and reports">
<!-- Insert Users -->
<USERREF USERNAME="z2x1799"/>
<USERREF USERNAME="z2x2291"/>
<USERREF USERNAME="z1x9044"/>
<USERREF USERNAME="z2x0674"/>
<USERREF USERNAME="c173517"/>
<USERREF USERNAME="c018771"/>
<USERREF USERNAME="rm63319"/>
<USERREF USERNAME="z2x2451"/>
<USERREF USERNAME="z3x2637"/>
<USERREF USERNAME="z2x2612"/>
<USERREF USERNAME="z2x2613"/>
<USERREF USERNAME="z2x0680"/>
</REPORTINGGROUP>

<REPORTINGGROUP
GROUPNAME="Site Users"
GROUPDESCRIPTION="Site Users">
<!-- Insert Users -->
<USERREF USERNAME="medelman"/>
<USERREF USERNAME="dyang"/>
<USERREF USERNAME="yjgo"/>
<USERREF USERNAME="ikha"/>
<USERREF USERNAME="croth"/>
<USERREF USERNAME="cbecht"/>
<USERREF USERNAME="lcuche"/>
<USERREF USERNAME="lhorn"/>
<USERREF USERNAME="lmerrimon"/>
<USERREF USERNAME="khama"/>
<USERREF USERNAME="egarnett"/>
<USERREF USERNAME="mkhalil"/>
<USERREF USERNAME="jhhwang"/>
<USERREF USERNAME="jmpark"/>
<USERREF USERNAME="bgodbert"/>
<USERREF USERNAME="lborges"/>
<USERREF USERNAME="claurent"/>
<USERREF USERNAME="vkaulek"/>
<USERREF USERNAME="vwesteel"/>
<USERREF USERNAME="mgierczynski"/>
<USERREF USERNAME="ewasielewski"/>
<USERREF USERNAME="amueller"/>
<USERREF USERNAME="rfortenbacher"/>
<USERREF USERNAME="bzeisig"/>
<USERREF USERNAME="Gotz"/>
<USERREF USERNAME="pkettenring"/>
<USERREF USERNAME="fgebauer"/>
<USERREF USERNAME="sleysring"/>
<USERREF USERNAME="pboura"/>
<USERREF USERNAME="stsimpoukis"/>
<USERREF USERNAME="ksyrigos"/>
<USERREF USERNAME="tgkaravela"/>
<USERREF USERNAME="coikonomou"/>
<USERREF USERNAME="akotzamani"/>
<USERREF USERNAME="dmavroudis"/>
<USERREF USERNAME="esmit"/>
<USERREF USERNAME="jaerts"/>
<USERREF USERNAME="rhabraken"/>
<USERREF USERNAME="jstigt"/>
<USERREF USERNAME="ahoefnagels"/>
<USERREF USERNAME="sgans"/>
<USERREF USERNAME="evanpanhuis"/>
<USERREF USERNAME="mmarquez"/>
<USERREF USERNAME="bertamartin"/>
<USERREF USERNAME="mgrammont"/>
<USERREF USERNAME="ascherpereel"/>
<USERREF USERNAME="adieing"/>
<USERREF USERNAME="apohlmann"/>
<USERREF USERNAME="hkopp"/>
<USERREF USERNAME="wbrueckl"/>
<USERREF USERNAME="hbischoff"/>
<USERREF USERNAME="jalt"/>
<USERREF USERNAME="wschuette"/>
<USERREF USERNAME="akopitopoulou"/>
<USERREF USERNAME="mmoutsos"/>
<USERREF USERNAME="acharpidou"/>
<USERREF USERNAME="mgrigoriou"/>
<USERREF USERNAME="emouzaki"/>
<USERREF USERNAME="hkalofonos"/>
<USERREF USERNAME="iathanassakis"/>
<USERREF USERNAME="kpsaromyalou"/>
<USERREF USERNAME="lwever"/>
<USERREF USERNAME="ivdbos"/>
<USERREF USERNAME="mmaas"/>
<USERREF USERNAME="mdijsselhof"/>
<USERREF USERNAME="nboeve"/>
<USERREF USERNAME="mlammens"/>
<USERREF USERNAME="cpardo"/>
<USERREF USERNAME="brubioviqueira"/>
<USERREF USERNAME="mdomine"/>
<USERREF USERNAME="belenmartin"/>
<USERREF USERNAME="ihuercanos"/>
<USERREF USERNAME="eruiz"/>
<USERREF USERNAME="anavarro"/>
<USERREF USERNAME="vberk"/>
<USERREF USERNAME="nlomlu"/>
<USERREF USERNAME="ademirkan"/>
<USERREF USERNAME="dkontas"/>
<USERREF USERNAME="sdikici"/>
<USERREF USERNAME="ibondarenko"/>
<USERREF USERNAME="dsomova"/>
<USERREF USERNAME="yvinnik"/>
<USERREF USERNAME="ivynnychenko"/>
<USERREF USERNAME="sshevnya"/>
<USERREF USERNAME="asodharamdeen"/>
<USERREF USERNAME="dfennell"/>
<USERREF USERNAME="asmith"/>
<USERREF USERNAME="swellman"/>
<USERREF USERNAME="mchitnis"/>
<USERREF USERNAME="hrobson"/>
<USERREF USERNAME="sdanson"/>
<USERREF USERNAME="sabbadi"/>
<USERREF USERNAME="csimmons"/>
<USERREF USERNAME="slevine"/>
<USERREF USERNAME="mjbardina"/>
<USERREF USERNAME="disla"/>
<USERREF USERNAME="molmedo"/>
<USERREF USERNAME="igrau"/>
<USERREF USERNAME="bsimsek"/>
<USERREF USERNAME="tgoksel"/>
<USERREF USERNAME="icicin"/>
<USERREF USERNAME="mozguroglu"/>
<USERREF USERNAME="hcoskun"/>
<USERREF USERNAME="hblazhkunova"/>
<USERREF USERNAME="isviderskyi"/>
<USERREF USERNAME="dshapovalov"/>
<USERREF USERNAME="ovynnychenko"/>
<USERREF USERNAME="agoncovska"/>
<USERREF USERNAME="sahmed"/>
<USERREF USERNAME="tahmad"/>
<USERREF USERNAME="mforster"/>
<USERREF USERNAME="dtalbot"/>
<USERREF USERNAME="mwoodward"/>
<USERREF USERNAME="hwood"/>
<USERREF USERNAME="mrush"/>
<USERREF USERNAME="lpriddy"/>
<USERREF USERNAME="achavlovich"/>
<USERREF USERNAME="urawat"/>
<USERREF USERNAME="crandolph"/>
<USERREF USERNAME="darun"/>
<USERREF USERNAME="rstein"/>
<USERREF USERNAME="jprice"/>
<USERREF USERNAME="hlyons"/>
<USERREF USERNAME="lbyers"/>
<USERREF USERNAME="tflux"/>
<USERREF USERNAME="cnewton"/>
<USERREF USERNAME="jsaltarski"/>
<USERREF USERNAME="ohlalah"/>
<USERREF USERNAME="eschaefer"/>
<USERREF USERNAME="ktucker"/>
<USERREF USERNAME="cbiermeier"/>
<USERREF USERNAME="mhussein"/>
<USERREF USERNAME="mjohnson"/>
<USERREF USERNAME="mmcCleod"/>
<USERREF USERNAME="mpool"/>
<USERREF USERNAME="jbarnur"/>
<USERREF USERNAME="ngiven"/>
<USERREF USERNAME="jypark"/>
<USERREF USERNAME="spark"/>
<USERREF USERNAME="achiang"/>
<USERREF USERNAME="achiappori"/>
<USERREF USERNAME="kdragnev"/>
<USERREF USERNAME="dgerber"/>
<USERREF USERNAME="nford"/>
<USERREF USERNAME="ktaylor"/>
<USERREF USERNAME="rrichmond"/>
<USERREF USERNAME="ddaniel"/>
<USERREF USERNAME="lhogue"/>
<USERREF USERNAME="mmoore"/>
<USERREF USERNAME="rpiacente"/>
<USERREF USERNAME="cokeefe"/>
<USERREF USERNAME="rpage"/>
<USERREF USERNAME="nrothschild"/>
<USERREF USERNAME="kdouglas"/>
<USERREF USERNAME="dsubramaniam"/>
<USERREF USERNAME="swaqar"/>
<USERREF USERNAME="skim"/>
<USERREF USERNAME="jhan"/>
<USERREF USERNAME="hkoo"/>
<USERREF USERNAME="kcpark"/>
<USERREF USERNAME="hjlee"/>
<USERREF USERNAME="jkang"/>
<USERREF USERNAME="jazzoli"/>
<USERREF USERNAME="hfindlay"/>
<USERREF USERNAME="dwaterhouse"/>
<USERREF USERNAME="dtesta"/>
<USERREF USERNAME="lvillaruz"/>
<USERREF USERNAME="kwilliams"/>
<USERREF USERNAME="yskang"/>
<USERREF USERNAME="dwkim"/>
</REPORTINGGROUP>

<REPORTINGGROUP
GROUPNAME="Sponsor Users"
GROUPDESCRIPTION="Sponsor Users">
<!-- Insert Users -->
<USERREF USERNAME="c058698"/>
<USERREF USERNAME="u7x2510"/>
<USERREF USERNAME="yex7920"/>
<USERREF USERNAME="rm36132"/>
<USERREF USERNAME="a511471"/>
<USERREF USERNAME="rm80655"/>
<USERREF USERNAME="C199642"/>
<USERREF USERNAME="C199523"/>
<USERREF USERNAME="C196683"/>
<USERREF USERNAME="c018771"/>
<USERREF USERNAME="zg02684"/>
<USERREF USERNAME="zg01496"/>
<USERREF USERNAME="zg02556"/>
<USERREF USERNAME="zg02715"/>
<USERREF USERNAME="C184595"/>
<USERREF USERNAME="z2x1799"/>
<USERREF USERNAME="c039825"/>
<USERREF USERNAME="c090108"/>
<USERREF USERNAME="c074090"/>
<USERREF USERNAME="c085302"/>
<USERREF USERNAME="c074342"/>
<USERREF USERNAME="c149177"/>
<USERREF USERNAME="c131994"/>
<USERREF USERNAME="c039863"/>
<USERREF USERNAME="c149176"/>
<USERREF USERNAME="a701824"/>
<USERREF USERNAME="c060736"/>
<USERREF USERNAME="c026390"/>
<USERREF USERNAME="i4dmcjtjh_RE"/>
<USERREF USERNAME="z2x2291"/>
<USERREF USERNAME="z1x9044"/>
<USERREF USERNAME="z2x0674"/>
<USERREF USERNAME="c173517"/>
<USERREF USERNAME="z2x0680"/>
<USERREF USERNAME="c083101"/>
<USERREF USERNAME="rm90029"/>
<USERREF USERNAME="c069132"/>
<USERREF USERNAME="c057362"/>
<USERREF USERNAME="v6x8058"/>
<USERREF USERNAME="c039853"/>
<USERREF USERNAME="c068505"/>
<USERREF USERNAME="c149066"/>
<USERREF USERNAME="c021984"/>
<USERREF USERNAME="rm35504"/>
<USERREF USERNAME="v6x8356"/>
<USERREF USERNAME="c025980"/>
<USERREF USERNAME="a608261"/>
<USERREF USERNAME="c143125"/>
<USERREF USERNAME="c135748"/>
<USERREF USERNAME="c149470"/>
<USERREF USERNAME="a803075"/>
<USERREF USERNAME="rm87794"/>
<USERREF USERNAME="c196248"/>
<USERREF USERNAME="C218621"/>
<USERREF USERNAME="C223292"/>
<USERREF USERNAME="C068502"/>
<USERREF USERNAME="rm63319"/>
<USERREF USERNAME="coder_query"/>
<USERREF USERNAME="z2x2451"/>
<USERREF USERNAME="z3x2637"/>
<USERREF USERNAME="z2x2612"/>
<USERREF USERNAME="z2x2613"/>
<USERREF USERNAME="c003859"/>
<USERREF USERNAME="c079244"/>
<USERREF USERNAME="rm89018"/>
<USERREF USERNAME="c015393"/>
<USERREF USERNAME="c071673"/>
<USERREF USERNAME="ye91098"/>
<USERREF USERNAME="c022433"/>
<USERREF USERNAME="c137396"/>
<USERREF USERNAME="c075541"/>
<USERREF USERNAME="c074429"/>
<USERREF USERNAME="c026393"/>
<USERREF USERNAME="a608760"/>
</REPORTINGGROUP>

<REPORTINGGROUP
GROUPNAME="User Admin Info Data Users"
GROUPDESCRIPTION="Users who have access to user data including password related data">
<!-- Insert Users -->
<USERREF USERNAME="c085302"/>
<USERREF USERNAME="c074342"/>
<USERREF USERNAME="c149177"/>
<USERREF USERNAME="c131994"/>
<USERREF USERNAME="c039863"/>
<USERREF USERNAME="c149176"/>
<USERREF USERNAME="a701824"/>
<USERREF USERNAME="c060736"/>
<USERREF USERNAME="c026390"/>
<USERREF USERNAME="i4dmcjtjh_RE"/>
<USERREF USERNAME="z2x2291"/>
<USERREF USERNAME="z1x9044"/>
<USERREF USERNAME="z2x0674"/>
<USERREF USERNAME="c173517"/>
<USERREF USERNAME="z2x0680"/>
<USERREF USERNAME="c083101"/>
<USERREF USERNAME="rm90029"/>
<USERREF USERNAME="c069132"/>
<USERREF USERNAME="c057362"/>
<USERREF USERNAME="v6x8058"/>
<USERREF USERNAME="c039853"/>
<USERREF USERNAME="c068505"/>
<USERREF USERNAME="c149066"/>
<USERREF USERNAME="c021984"/>
<USERREF USERNAME="rm35504"/>
<USERREF USERNAME="v6x8356"/>
<USERREF USERNAME="c025980"/>
<USERREF USERNAME="a608261"/>
<USERREF USERNAME="c143125"/>
<USERREF USERNAME="c135748"/>
<USERREF USERNAME="c149470"/>
<USERREF USERNAME="a803075"/>
<USERREF USERNAME="rm87794"/>
<USERREF USERNAME="c196248"/>
<USERREF USERNAME="C218621"/>
<USERREF USERNAME="C223292"/>
<USERREF USERNAME="C068502"/>
<USERREF USERNAME="rm63319"/>
<USERREF USERNAME="z2x2451"/>
<USERREF USERNAME="z3x2637"/>
<USERREF USERNAME="z2x2612"/>
<USERREF USERNAME="z2x2613"/>
<USERREF USERNAME="c003859"/>
<USERREF USERNAME="c079244"/>
<USERREF USERNAME="rm89018"/>
<USERREF USERNAME="c015393"/>
<USERREF USERNAME="c071673"/>
<USERREF USERNAME="ye91098"/>
<USERREF USERNAME="c022433"/>
<USERREF USERNAME="c137396"/>
<USERREF USERNAME="c075541"/>
<USERREF USERNAME="c074429"/>
<USERREF USERNAME="c026393"/>
<USERREF USERNAME="a608760"/>
<USERREF USERNAME="c058698"/>
<USERREF USERNAME="u7x2510"/>
<USERREF USERNAME="yex7920"/>
<USERREF USERNAME="rm36132"/>
<USERREF USERNAME="a511471"/>
<USERREF USERNAME="rm80655"/>
<USERREF USERNAME="C199642"/>
<USERREF USERNAME="C199523"/>
<USERREF USERNAME="C196683"/>
<USERREF USERNAME="c018771"/>
<USERREF USERNAME="zg02684"/>
<USERREF USERNAME="zg01496"/>
<USERREF USERNAME="zg02556"/>
<USERREF USERNAME="zg02715"/>
<USERREF USERNAME="C184595"/>
<USERREF USERNAME="z2x1799"/>
<USERREF USERNAME="c039825"/>
<USERREF USERNAME="c090108"/>
<USERREF USERNAME="c074090"/>
</REPORTINGGROUP>

<REPORTINGGROUP
GROUPNAME="User Info Data Users"
GROUPDESCRIPTION="Users who have access to user data except password related data">
<!-- Insert Users -->
<USERREF USERNAME="c039825"/>
<USERREF USERNAME="C196683"/>
<USERREF USERNAME="c074090"/>
<USERREF USERNAME="c085302"/>
<USERREF USERNAME="c074342"/>
<USERREF USERNAME="c149177"/>
<USERREF USERNAME="c131994"/>
<USERREF USERNAME="c039863"/>
<USERREF USERNAME="c149176"/>
<USERREF USERNAME="a701824"/>
<USERREF USERNAME="c060736"/>
<USERREF USERNAME="c026390"/>
<USERREF USERNAME="c083101"/>
<USERREF USERNAME="rm90029"/>
<USERREF USERNAME="c069132"/>
<USERREF USERNAME="c057362"/>
<USERREF USERNAME="v6x8058"/>
<USERREF USERNAME="c039853"/>
<USERREF USERNAME="c068505"/>
<USERREF USERNAME="c149066"/>
<USERREF USERNAME="c021984"/>
<USERREF USERNAME="rm35504"/>
<USERREF USERNAME="v6x8356"/>
<USERREF USERNAME="c025980"/>
<USERREF USERNAME="a608261"/>
<USERREF USERNAME="c143125"/>
<USERREF USERNAME="c135748"/>
<USERREF USERNAME="c149470"/>
<USERREF USERNAME="a803075"/>
<USERREF USERNAME="rm87794"/>
<USERREF USERNAME="c196248"/>
<USERREF USERNAME="C218621"/>
<USERREF USERNAME="C223292"/>
<USERREF USERNAME="C068502"/>
<USERREF USERNAME="c003859"/>
<USERREF USERNAME="c079244"/>
<USERREF USERNAME="rm89018"/>
<USERREF USERNAME="c015393"/>
<USERREF USERNAME="c071673"/>
<USERREF USERNAME="ye91098"/>
<USERREF USERNAME="c022433"/>
<USERREF USERNAME="c137396"/>
<USERREF USERNAME="c075541"/>
<USERREF USERNAME="c074429"/>
<USERREF USERNAME="c026393"/>
<USERREF USERNAME="a608760"/>
<USERREF USERNAME="c058698"/>
<USERREF USERNAME="u7x2510"/>
<USERREF USERNAME="yex7920"/>
<USERREF USERNAME="rm36132"/>
<USERREF USERNAME="a511471"/>
<USERREF USERNAME="rm80655"/>
<USERREF USERNAME="C199642"/>
<USERREF USERNAME="C199523"/>
<USERREF USERNAME="c090108"/>
</REPORTINGGROUP>

</MEDMLDATA>