<?xml version="1.0"?>
<MEDMLDATA xmlns="PhaseForward-MedML-Inform4">


<SITE  NAME="(505) Thomayerova nemocnice-Klinicko farmakologicka jednotka"    MNEMONIC="505"
ADDRESS="Klinicko-farmakologicka jednotka Videnska 800"
COUNTRY="CZECH REPUBLIC"
PHONE="420420261083597"
ALTPHONE="420"
FAX="420"
TIMEZONE="(UTC+01:00) Sarajevo, Skopje, Warsaw, Zagreb"
SITEDATEFORMAT="DAY_MONTH_YEAR"
STARTDATE="12/07/2016"
STUDYLOCALE="en-US"
SVAUTOSELECTRATE="100"
SVFIRSTNSUBJECTS="100"
/>


<SITE  NAME="(504) Milan Kvapil s r o"    MNEMONIC="504"
ADDRESS="Michnova 1622 4"
COUNTRY="CZECH REPUBLIC"
PHONE="420420272917011"
ALTPHONE="420"
FAX="420"
TIMEZONE="(UTC+01:00) Sarajevo, Skopje, Warsaw, Zagreb"
SITEDATEFORMAT="DAY_MONTH_YEAR"
STARTDATE="12/07/2016"
STUDYLOCALE="en-US"
SVAUTOSELECTRATE="100"
SVFIRSTNSUBJECTS="100"
/>


<SITE  NAME="(503) RESTRIAL s r o Poliklinika"    MNEMONIC="503"
ADDRESS="Diabetologicka ambulance Mazurska 484 2"
COUNTRY="CZECH REPUBLIC"
PHONE="420420257211920"
ALTPHONE="420"
FAX="420"
TIMEZONE="(UTC+01:00) Sarajevo, Skopje, Warsaw, Zagreb"
SITEDATEFORMAT="DAY_MONTH_YEAR"
STARTDATE="12/07/2016"
STUDYLOCALE="en-US"
SVAUTOSELECTRATE="100"
SVFIRSTNSUBJECTS="100"
/>


<SITE  NAME="(502) DIACENTRUM Brandys n L  s r o"    MNEMONIC="502"
ADDRESS="Jiriho Wolkera 603 1"
COUNTRY="CZECH REPUBLIC"
PHONE="420420326534790"
ALTPHONE="420"
FAX="420"
TIMEZONE="(UTC+01:00) Sarajevo, Skopje, Warsaw, Zagreb"
SITEDATEFORMAT="DAY_MONTH_YEAR"
STARTDATE="12/07/2016"
STUDYLOCALE="en-US"
SVAUTOSELECTRATE="100"
SVFIRSTNSUBJECTS="100"
/>


<SITE  NAME="(501) Diabet2 s r o Diabetologicka a interni ambulance"    MNEMONIC="501"
ADDRESS="Revolucni 765 19 1 patro"
COUNTRY="CZECH REPUBLIC"
PHONE="42000420224810592"
ALTPHONE="420"
FAX="420"
TIMEZONE="(UTC+01:00) Sarajevo, Skopje, Warsaw, Zagreb"
SITEDATEFORMAT="DAY_MONTH_YEAR"
STARTDATE="12/07/2016"
STUDYLOCALE="en-US"
SVAUTOSELECTRATE="100"
SVFIRSTNSUBJECTS="100"
/>


<SITE  NAME="(500) Diabetologicka ordinace pro dospele"    MNEMONIC="500"
ADDRESS="Ricni okruh 26"
COUNTRY="CZECH REPUBLIC"
PHONE="420420554611468"
ALTPHONE="420"
FAX="420"
TIMEZONE="(UTC+01:00) Sarajevo, Skopje, Warsaw, Zagreb"
SITEDATEFORMAT="DAY_MONTH_YEAR"
STARTDATE="12/07/2016"
STUDYLOCALE="en-US"
SVAUTOSELECTRATE="100"
SVFIRSTNSUBJECTS="100"
/>


<SITE  NAME="(302) Investigacion en Salud y Metabolismo SC"    MNEMONIC="302"
ADDRESS="Torre de Consultorios 4 piso 408 Hacienda del Valle 7120 Fracc Plaza las Haciendas Chihuahua Chihuahua 31238"
COUNTRY="MEXICO"
PHONE="52526144398618"
ALTPHONE="52"
FAX="52"
TIMEZONE="(UTC-07:00) Chihuahua, La Paz, Mazatlan"
SITEDATEFORMAT="DAY_MONTH_YEAR"
STARTDATE="12/07/2016"
STUDYLOCALE="en-US"
SVAUTOSELECTRATE="100"
SVFIRSTNSUBJECTS="100"
/>


<SITE  NAME="(304) Centro de Estudios de Investigacion Metabolicos y Cardiovasculares SC"    MNEMONIC="304"
ADDRESS="Altamira 104 Ote Altos Zona Centro Tampico Tamaulipas 89000"
COUNTRY="MEXICO"
PHONE="52528332142554"
ALTPHONE="52"
FAX="52"
TIMEZONE="(UTC-06:00) Guadalajara, Mexico City, Monterrey"
SITEDATEFORMAT="DAY_MONTH_YEAR"
STARTDATE="12/07/2016"
STUDYLOCALE="en-US"
SVAUTOSELECTRATE="100"
SVFIRSTNSUBJECTS="100"
/>


<SITE  NAME="(303) Instituto de Diabetes Obesidad y Nutricion SC"    MNEMONIC="303"
ADDRESS="5 de Mayo 400 Col El Empleado Cuernavaca Morelos 62250"
COUNTRY="MEXICO"
PHONE="52527773646076"
ALTPHONE="52"
FAX="52"
TIMEZONE="(UTC-06:00) Guadalajara, Mexico City, Monterrey"
SITEDATEFORMAT="DAY_MONTH_YEAR"
STARTDATE="12/07/2016"
STUDYLOCALE="en-US"
SVAUTOSELECTRATE="100"
SVFIRSTNSUBJECTS="100"
/>


<SITE  NAME="(301) Hospital Universitario Jose Eleuterio Gonzalez Servicio de Endocrinologia Gerardo Gonzalez"    MNEMONIC="301"
ADDRESS="Av Francisco I Madero Pte s n y Av Gonzalitos Col Mitras Centro Monterrey Nuevo Leon 64460"
COUNTRY="MEXICO"
PHONE="52528183465540"
ALTPHONE="52"
FAX="52"
TIMEZONE="(UTC-06:00) Guadalajara, Mexico City, Monterrey"
SITEDATEFORMAT="DAY_MONTH_YEAR"
STARTDATE="12/07/2016"
STUDYLOCALE="en-US"
SVAUTOSELECTRATE="100"
SVFIRSTNSUBJECTS="100"
/>


<SITE  NAME="(300) Instituto Jalisciense de Investigacion en Diabetes y Obesidad SC IJIDO"    MNEMONIC="300"
ADDRESS="Morelos 1952 Col Ladron de Guevara Guadalajara Jalisco 04460"
COUNTRY="MEXICO"
PHONE="5213311991124"
ALTPHONE="52"
FAX="52"
TIMEZONE="(UTC-06:00) Guadalajara, Mexico City, Monterrey"
SITEDATEFORMAT="DAY_MONTH_YEAR"
STARTDATE="12/07/2016"
STUDYLOCALE="en-US"
SVAUTOSELECTRATE="100"
SVFIRSTNSUBJECTS="100"
/>


<SITE  NAME="(209) NZOZ Przychodnia Specjalistyczna Henryk Rudzki Andrzej Wittek"    MNEMONIC="209"
ADDRESS="ul. Niedurnego 50D"
COUNTRY="POLAND"
PHONE="4848322442300"
ALTPHONE="48"
FAX="48"
TIMEZONE="(UTC+01:00) Sarajevo, Skopje, Warsaw, Zagreb"
SITEDATEFORMAT="DAY_MONTH_YEAR"
STARTDATE="12/07/2016"
STUDYLOCALE="en-US"
SVAUTOSELECTRATE="100"
SVFIRSTNSUBJECTS="100"
/>


<SITE  NAME="(208) Centrum Terapii Wspolczesnej JM Jasnorzewska Spo ka Komandytowo Akcyjna"    MNEMONIC="208"
ADDRESS="ul. Kopcinskiego 21"
COUNTRY="POLAND"
PHONE="4848422300609"
ALTPHONE="48"
FAX="48"
TIMEZONE="(UTC+01:00) Sarajevo, Skopje, Warsaw, Zagreb"
SITEDATEFORMAT="DAY_MONTH_YEAR"
STARTDATE="12/07/2016"
STUDYLOCALE="en-US"
SVAUTOSELECTRATE="100"
SVFIRSTNSUBJECTS="100"
/>


<SITE  NAME="(207) NS ZOZ Osrodek Diabetologiczny  Popula"    MNEMONIC="207"
ADDRESS="Pilsudskiego 4A 1"
COUNTRY="POLAND"
PHONE="4848856520318"
ALTPHONE="48"
FAX="48"
TIMEZONE="(UTC+01:00) Sarajevo, Skopje, Warsaw, Zagreb"
SITEDATEFORMAT="DAY_MONTH_YEAR"
STARTDATE="12/07/2016"
STUDYLOCALE="en-US"
SVAUTOSELECTRATE="100"
SVFIRSTNSUBJECTS="100"
/>


<SITE  NAME="(206) Praktyka Lekarska"    MNEMONIC="206"
ADDRESS="ul. Murawa 37a"
COUNTRY="POLAND"
PHONE="4848504211981"
ALTPHONE="48"
FAX="48"
TIMEZONE="(UTC+01:00) Sarajevo, Skopje, Warsaw, Zagreb"
SITEDATEFORMAT="DAY_MONTH_YEAR"
STARTDATE="12/07/2016"
STUDYLOCALE="en-US"
SVAUTOSELECTRATE="100"
SVFIRSTNSUBJECTS="100"
/>


<SITE  NAME="(205) Gabinety Terpa"    MNEMONIC="205"
ADDRESS="Pogodna 34"
COUNTRY="POLAND"
PHONE="4848814427272"
ALTPHONE="48"
FAX="48"
TIMEZONE="(UTC+01:00) Sarajevo, Skopje, Warsaw, Zagreb"
SITEDATEFORMAT="DAY_MONTH_YEAR"
STARTDATE="12/07/2016"
STUDYLOCALE="en-US"
SVAUTOSELECTRATE="100"
SVFIRSTNSUBJECTS="100"
/>


<SITE  NAME="(204) NZOZ Przychodnia Specjalistyczna Medica"    MNEMONIC="204"
ADDRESS="Jutrzenki 4"
COUNTRY="POLAND"
PHONE="4848815268441"
ALTPHONE="48"
FAX="48"
TIMEZONE="(UTC+01:00) Sarajevo, Skopje, Warsaw, Zagreb"
SITEDATEFORMAT="DAY_MONTH_YEAR"
STARTDATE="12/07/2016"
STUDYLOCALE="en-US"
SVAUTOSELECTRATE="100"
SVFIRSTNSUBJECTS="100"
/>


<SITE  NAME="(203) NZOZ Neuro Kard Ilkowski i Partnerzy"    MNEMONIC="203"
ADDRESS="Wierzbowa 2 2"
COUNTRY="POLAND"
PHONE="4848618707343"
ALTPHONE="48"
FAX="48"
TIMEZONE="(UTC+01:00) Sarajevo, Skopje, Warsaw, Zagreb"
SITEDATEFORMAT="DAY_MONTH_YEAR"
STARTDATE="12/07/2016"
STUDYLOCALE="en-US"
SVAUTOSELECTRATE="100"
SVFIRSTNSUBJECTS="100"
/>


<SITE  NAME="(202) Poradnia Diabetologiczna SN ZOZ Lege Artis"    MNEMONIC="202"
ADDRESS="u. Mlynowa 17"
COUNTRY="POLAND"
PHONE="48856545520"
ALTPHONE="48"
FAX="48"
TIMEZONE="(UTC+01:00) Sarajevo, Skopje, Warsaw, Zagreb"
SITEDATEFORMAT="DAY_MONTH_YEAR"
STARTDATE="12/07/2016"
STUDYLOCALE="en-US"
SVAUTOSELECTRATE="100"
SVFIRSTNSUBJECTS="100"
/>


<SITE  NAME="(201) Centrum Badan Klinicznych PI House"    MNEMONIC="201"
ADDRESS="ul. Na Zaspe 3"
COUNTRY="POLAND"
PHONE="4848587192222"
ALTPHONE="48"
FAX="48"
TIMEZONE="(UTC+01:00) Sarajevo, Skopje, Warsaw, Zagreb"
SITEDATEFORMAT="DAY_MONTH_YEAR"
STARTDATE="12/07/2016"
STUDYLOCALE="en-US"
SVAUTOSELECTRATE="100"
SVFIRSTNSUBJECTS="100"
/>


<SITE  NAME="(200) Indywidualna Specjalistyczna Praktyka Lekarska"    MNEMONIC="200"
ADDRESS="ul. Starzynskiego 2"
COUNTRY="POLAND"
PHONE="4848605051909"
ALTPHONE="48"
FAX="48"
TIMEZONE="(UTC+01:00) Sarajevo, Skopje, Warsaw, Zagreb"
SITEDATEFORMAT="DAY_MONTH_YEAR"
STARTDATE="12/07/2016"
STUDYLOCALE="en-US"
SVAUTOSELECTRATE="100"
SVFIRSTNSUBJECTS="100"
/>


<SITE  NAME="(404) S C Grandmed SRL"    MNEMONIC="404"
ADDRESS="Str Republicii nr 32 ap 2 Oradea cod postal 410159 judet Bihor Romania"
COUNTRY="ROMANIA"
PHONE="4040722691962"
ALTPHONE="40"
FAX="40"
TIMEZONE="(UTC+02:00) E. Europe"
SITEDATEFORMAT="DAY_MONTH_YEAR"
STARTDATE="12/07/2016"
STUDYLOCALE="en-US"
SVAUTOSELECTRATE="100"
SVFIRSTNSUBJECTS="100"
/>


<SITE  NAME="(403) Cabinet Medical Individual Diabet Nutritie si Boli Metabolice Dr Pop Lavinia"    MNEMONIC="403"
ADDRESS="Str George Cosbuc nr 25A ap 2 cod postal 430222 Baia Mare judet Maramures Romania"
COUNTRY="ROMANIA"
PHONE="4040727896900"
ALTPHONE="40"
FAX="40"
TIMEZONE="(UTC+02:00) E. Europe"
SITEDATEFORMAT="DAY_MONTH_YEAR"
STARTDATE="12/07/2016"
STUDYLOCALE="en-US"
SVAUTOSELECTRATE="100"
SVFIRSTNSUBJECTS="100"
/>


<SITE  NAME="(402) S C Diana Barbonta SRL"    MNEMONIC="402"
ADDRESS="Str Closca nr 6B Bl 4BCDEF parter ap 70 Alba Iulia cod postal 510053 judet Alba Romania"
COUNTRY="ROMANIA"
PHONE="4040733944368"
ALTPHONE="40"
FAX="40"
TIMEZONE="(UTC+02:00) E. Europe"
SITEDATEFORMAT="DAY_MONTH_YEAR"
STARTDATE="12/07/2016"
STUDYLOCALE="en-US"
SVAUTOSELECTRATE="100"
SVFIRSTNSUBJECTS="100"
/>


<SITE  NAME="(401) Spitalul Judetean de Urgenta Satu Mare"    MNEMONIC="401"
ADDRESS="Str Eroii Revolutiei nr 1 2 Satu Mare cod postal 440055 judet Satu Mare Romania"
COUNTRY="ROMANIA"
PHONE="4040744846173"
ALTPHONE="40"
FAX="40"
TIMEZONE="(UTC+02:00) E. Europe"
SITEDATEFORMAT="DAY_MONTH_YEAR"
STARTDATE="12/07/2016"
STUDYLOCALE="en-US"
SVAUTOSELECTRATE="100"
SVFIRSTNSUBJECTS="100"
/>


<SITE  NAME="(400) S C Consultmed SRL"    MNEMONIC="400"
ADDRESS="Sos Pacurari nr 70 bl 550 parter Iasi cod postal 700547 judet Iasi Romania"
COUNTRY="ROMANIA"
PHONE="4040744398326"
ALTPHONE="40"
FAX="40"
TIMEZONE="(UTC+02:00) E. Europe"
SITEDATEFORMAT="DAY_MONTH_YEAR"
STARTDATE="12/07/2016"
STUDYLOCALE="en-US"
SVAUTOSELECTRATE="100"
SVFIRSTNSUBJECTS="100"
/>


<SITE  NAME="(108) East-West Medical Research"    MNEMONIC="108"
ADDRESS="East West Medical Research 1585 Kapiolani Boulevard Suite 1500 Honolulu Hawaii 96814"
COUNTRY="UNITED STATES"
PHONE="18.08532e+009"
ALTPHONE="1"
FAX="1"
TIMEZONE="(UTC-10:00) Hawaii"
SITEDATEFORMAT="DAY_MONTH_YEAR"
STARTDATE="12/07/2016"
STUDYLOCALE="en-US"
SVAUTOSELECTRATE="100"
SVFIRSTNSUBJECTS="100"
/>


<SITE  NAME="(135) Infosphere Clinical Research Inc"    MNEMONIC="135"
ADDRESS="7345 Medical Center Drive Suite 310 West Hills California 91307"
COUNTRY="UNITED STATES"
PHONE="18.18223e+009"
ALTPHONE="1"
FAX="1"
TIMEZONE="(UTC-08:00) Pacific Time (US &#38; Canada)"
SITEDATEFORMAT="DAY_MONTH_YEAR"
STARTDATE="12/07/2016"
STUDYLOCALE="en-US"
SVAUTOSELECTRATE="100"
SVFIRSTNSUBJECTS="100"
/>


<SITE  NAME="(129) University Clinical Investigators Inc"    MNEMONIC="129"
ADDRESS="University Clinical Investigators Inc  Diabetes Research Center 2492 Walnut Avenue Suite 130 Tustin California 92780"
COUNTRY="UNITED STATES"
PHONE="17.14735e+009"
ALTPHONE="1"
FAX="1"
TIMEZONE="(UTC-08:00) Pacific Time (US &#38; Canada)"
SITEDATEFORMAT="DAY_MONTH_YEAR"
STARTDATE="12/07/2016"
STUDYLOCALE="en-US"
SVAUTOSELECTRATE="100"
SVFIRSTNSUBJECTS="100"
/>


<SITE  NAME="(119) Artemis Institute for Clinical Research- San Diego"    MNEMONIC="119"
ADDRESS="770 West Washington Street Suite 300 San Diego California 92103"
COUNTRY="UNITED STATES"
PHONE="18.58278e+009"
ALTPHONE="1"
FAX="1"
TIMEZONE="(UTC-08:00) Pacific Time (US &#38; Canada)"
SITEDATEFORMAT="DAY_MONTH_YEAR"
STARTDATE="12/07/2016"
STUDYLOCALE="en-US"
SVAUTOSELECTRATE="100"
SVFIRSTNSUBJECTS="100"
/>


<SITE  NAME="(117) Catalina Research Institute LLC"    MNEMONIC="117"
ADDRESS="5050 Palo Verde Suite 103 Montclair California 91763"
COUNTRY="UNITED STATES"
PHONE="19.09203e+009"
ALTPHONE="1"
FAX="1"
TIMEZONE="(UTC-08:00) Pacific Time (US &#38; Canada)"
SITEDATEFORMAT="DAY_MONTH_YEAR"
STARTDATE="12/07/2016"
STUDYLOCALE="en-US"
SVAUTOSELECTRATE="100"
SVFIRSTNSUBJECTS="100"
/>


<SITE  NAME="(116) Encompass Clinical Research"    MNEMONIC="116"
ADDRESS="10225 Austin Drive Suite 203 Spring Valley California 91978"
COUNTRY="UNITED STATES"
PHONE="16.19661e+009"
ALTPHONE="1"
FAX="1"
TIMEZONE="(UTC-08:00) Pacific Time (US &#38; Canada)"
SITEDATEFORMAT="DAY_MONTH_YEAR"
STARTDATE="12/07/2016"
STUDYLOCALE="en-US"
SVAUTOSELECTRATE="100"
SVFIRSTNSUBJECTS="100"
/>


<SITE  NAME="(112) Rainier Clinical Research Center Inc"    MNEMONIC="112"
ADDRESS="723 Southwest 10th Street Suite 100 Renton Washington 98057"
COUNTRY="UNITED STATES"
PHONE="14.25251e+009"
ALTPHONE="1"
FAX="1"
TIMEZONE="(UTC-08:00) Pacific Time (US &#38; Canada)"
SITEDATEFORMAT="DAY_MONTH_YEAR"
STARTDATE="12/07/2016"
STUDYLOCALE="en-US"
SVAUTOSELECTRATE="100"
SVFIRSTNSUBJECTS="100"
/>


<SITE  NAME="(111) National Research Institute - Huntington Park"    MNEMONIC="111"
ADDRESS="6120 Seville Ave Huntington Park California 90255"
COUNTRY="UNITED STATES"
PHONE="13.23588e+009"
ALTPHONE="1"
FAX="1"
TIMEZONE="(UTC-08:00) Pacific Time (US &#38; Canada)"
SITEDATEFORMAT="DAY_MONTH_YEAR"
STARTDATE="12/07/2016"
STUDYLOCALE="en-US"
SVAUTOSELECTRATE="100"
SVFIRSTNSUBJECTS="100"
/>


<SITE  NAME="(110) Marin Endocrine Care and Research Inc"    MNEMONIC="110"
ADDRESS="Marin Endocrine Care and Research Inc  900 South Eliseo Drive Suite 201 Greenbrae California 94904"
COUNTRY="UNITED STATES"
PHONE="14.15462e+009"
ALTPHONE="1"
FAX="1"
TIMEZONE="(UTC-08:00) Pacific Time (US &#38; Canada)"
SITEDATEFORMAT="DAY_MONTH_YEAR"
STARTDATE="12/07/2016"
STUDYLOCALE="en-US"
SVAUTOSELECTRATE="100"
SVFIRSTNSUBJECTS="100"
/>


<SITE  NAME="(109) National Research Institute - Wilshire"    MNEMONIC="109"
ADDRESS="National Research Institute 2010 Wilshire Boulevard Suite 302 Los Angeles California 90057"
COUNTRY="UNITED STATES"
PHONE="12.13413e+009"
ALTPHONE="1"
FAX="1"
TIMEZONE="(UTC-08:00) Pacific Time (US &#38; Canada)"
SITEDATEFORMAT="DAY_MONTH_YEAR"
STARTDATE="12/07/2016"
STUDYLOCALE="en-US"
SVAUTOSELECTRATE="100"
SVFIRSTNSUBJECTS="100"
/>


<SITE  NAME="(105) Diablo Clincial Research Inc"    MNEMONIC="105"
ADDRESS="2255 Ygnacio Valley Road Suite M Walnut Creek California 94598"
COUNTRY="UNITED STATES"
PHONE="19.25931e+009"
ALTPHONE="1"
FAX="1"
TIMEZONE="(UTC-08:00) Pacific Time (US &#38; Canada)"
SITEDATEFORMAT="DAY_MONTH_YEAR"
STARTDATE="12/07/2016"
STUDYLOCALE="en-US"
SVAUTOSELECTRATE="100"
SVFIRSTNSUBJECTS="100"
/>


<SITE  NAME="(104) The Corvallis Clinic PC"    MNEMONIC="104"
ADDRESS="3680 Northwest Samaritan Drive Corvallis Oregon 97330"
COUNTRY="UNITED STATES"
PHONE="15.41754e+009"
ALTPHONE="1"
FAX="1"
TIMEZONE="(UTC-08:00) Pacific Time (US &#38; Canada)"
SITEDATEFORMAT="DAY_MONTH_YEAR"
STARTDATE="12/07/2016"
STUDYLOCALE="en-US"
SVAUTOSELECTRATE="100"
SVFIRSTNSUBJECTS="100"
/>


<SITE  NAME="(133) Elite Clinical Trials LLLP"    MNEMONIC="133"
ADDRESS="1443 Parkway Drive Suite T 8 Blackfoot Idaho 83221"
COUNTRY="UNITED STATES"
PHONE="12.08643e+009"
ALTPHONE="1"
FAX="1"
TIMEZONE="(UTC-07:00) Mountain Time (US &#38; Canada)"
SITEDATEFORMAT="DAY_MONTH_YEAR"
STARTDATE="12/07/2016"
STUDYLOCALE="en-US"
SVAUTOSELECTRATE="100"
SVFIRSTNSUBJECTS="100"
/>


<SITE  NAME="(103) Solaris Clinical Research"    MNEMONIC="103"
ADDRESS="1525 East Leigh Field Drive Suite 100 Suite 150 Meridian Idaho 83646"
COUNTRY="UNITED STATES"
PHONE="12.08288e+009"
ALTPHONE="1"
FAX="1"
TIMEZONE="(UTC-07:00) Mountain Time (US &#38; Canada)"
SITEDATEFORMAT="DAY_MONTH_YEAR"
STARTDATE="12/07/2016"
STUDYLOCALE="en-US"
SVAUTOSELECTRATE="100"
SVFIRSTNSUBJECTS="100"
/>


<SITE  NAME="(101) Chrysalis Clinical Research LLC"    MNEMONIC="101"
ADDRESS="736 S 900 E Suite 201 St. George Utah 84790"
COUNTRY="UNITED STATES"
PHONE="14.35656e+009"
ALTPHONE="1"
FAX="1"
TIMEZONE="(UTC-07:00) Mountain Time (US &#38; Canada)"
SITEDATEFORMAT="DAY_MONTH_YEAR"
STARTDATE="12/07/2016"
STUDYLOCALE="en-US"
SVAUTOSELECTRATE="100"
SVFIRSTNSUBJECTS="100"
/>


<SITE  NAME="(137) Cotton ONeil Clinical Research Center 6th Ave"    MNEMONIC="137"
ADDRESS="3520 Southwest Sixth Avenue Topeka Kansas 66606"
COUNTRY="UNITED STATES"
PHONE="17.85368e+009"
ALTPHONE="1"
FAX="1"
TIMEZONE="(UTC-06:00) Central Time (US &#38; Canada)"
SITEDATEFORMAT="DAY_MONTH_YEAR"
STARTDATE="12/07/2016"
STUDYLOCALE="en-US"
SVAUTOSELECTRATE="100"
SVFIRSTNSUBJECTS="100"
/>


<SITE  NAME="(136) Consano Clinical Research"    MNEMONIC="136"
ADDRESS="4118 Pond Hill RD Building 3 San Antonio Texas 78231"
COUNTRY="UNITED STATES"
PHONE="12.10545e+009"
ALTPHONE="1"
FAX="1"
TIMEZONE="(UTC-06:00) Central Time (US &#38; Canada)"
SITEDATEFORMAT="DAY_MONTH_YEAR"
STARTDATE="12/07/2016"
STUDYLOCALE="en-US"
SVAUTOSELECTRATE="100"
SVFIRSTNSUBJECTS="100"
/>


<SITE  NAME="(132) StudyMetrix Research LLC"    MNEMONIC="132"
ADDRESS="3862 Mexico Rd St. Peters Missouri 63303"
COUNTRY="UNITED STATES"
PHONE="16.36388e+009"
ALTPHONE="1"
FAX="1"
TIMEZONE="(UTC-06:00) Central Time (US &#38; Canada)"
SITEDATEFORMAT="DAY_MONTH_YEAR"
STARTDATE="12/07/2016"
STUDYLOCALE="en-US"
SVAUTOSELECTRATE="100"
SVFIRSTNSUBJECTS="100"
/>


<SITE  NAME="(127) Dallas Diabetes and Endocrine Research Center PA"    MNEMONIC="127"
ADDRESS="7777 Forest Lane Suite C 685 Dallas Texas 75230"
COUNTRY="UNITED STATES"
PHONE="19.72567e+009"
ALTPHONE="1"
FAX="1"
TIMEZONE="(UTC-06:00) Central Time (US &#38; Canada)"
SITEDATEFORMAT="DAY_MONTH_YEAR"
STARTDATE="12/07/2016"
STUDYLOCALE="en-US"
SVAUTOSELECTRATE="100"
SVFIRSTNSUBJECTS="100"
/>


<SITE  NAME="(120) HSHS Medical Group Diabetes Research"    MNEMONIC="120"
ADDRESS="1118 Legacy Pointe Dr Springfield Illinois 62711"
COUNTRY="UNITED STATES"
PHONE="12.17788e+009"
ALTPHONE="1"
FAX="1"
TIMEZONE="(UTC-06:00) Central Time (US &#38; Canada)"
SITEDATEFORMAT="DAY_MONTH_YEAR"
STARTDATE="12/07/2016"
STUDYLOCALE="en-US"
SVAUTOSELECTRATE="100"
SVFIRSTNSUBJECTS="100"
/>


<SITE  NAME="(114) Clinpoint Trial LLC"    MNEMONIC="114"
ADDRESS="100 Professional Place Waxahachie Texas 75165"
COUNTRY="UNITED STATES"
PHONE="19.72961e+009"
ALTPHONE="1"
FAX="1"
TIMEZONE="(UTC-06:00) Central Time (US &#38; Canada)"
SITEDATEFORMAT="DAY_MONTH_YEAR"
STARTDATE="12/07/2016"
STUDYLOCALE="en-US"
SVAUTOSELECTRATE="100"
SVFIRSTNSUBJECTS="100"
/>


<SITE  NAME="(102) Iowa Diabetes and Endocrinology Research Center"    MNEMONIC="102"
ADDRESS="411 Laurel Street Suite 3262 Des Moines Iowa 50314"
COUNTRY="UNITED STATES"
PHONE="15.15644e+009"
ALTPHONE="1"
FAX="1"
TIMEZONE="(UTC-06:00) Central Time (US &#38; Canada)"
SITEDATEFORMAT="DAY_MONTH_YEAR"
STARTDATE="12/07/2016"
STUDYLOCALE="en-US"
SVAUTOSELECTRATE="100"
SVFIRSTNSUBJECTS="100"
/>


<SITE  NAME="(138) Manhattan Medical Research Practice PLLC"    MNEMONIC="138"
ADDRESS="215 Lexington Ave 21st Floor New York New York 10016"
COUNTRY="UNITED STATES"
PHONE="12.1248e+009"
ALTPHONE="1"
FAX="1"
TIMEZONE="(UTC-05:00) Eastern Time (US &#38; Canada)"
SITEDATEFORMAT="DAY_MONTH_YEAR"
STARTDATE="12/07/2016"
STUDYLOCALE="en-US"
SVAUTOSELECTRATE="100"
SVFIRSTNSUBJECTS="100"
/>


<SITE  NAME="(134) Chase Medical Research LLC"    MNEMONIC="134"
ADDRESS="500 Chase Parkway 3rd Floor Waterbury Connecticut 06708"
COUNTRY="UNITED STATES"
PHONE="12034194420"
ALTPHONE="1"
FAX="1"
TIMEZONE="(UTC-05:00) Eastern Time (US &#38; Canada)"
SITEDATEFORMAT="DAY_MONTH_YEAR"
STARTDATE="12/07/2016"
STUDYLOCALE="en-US"
SVAUTOSELECTRATE="100"
SVFIRSTNSUBJECTS="100"
/>


<SITE  NAME="(131) East Coast Institute for Research LLC"    MNEMONIC="131"
ADDRESS="915 West Monroe Street suite 200 Jacksonville Florida 32216"
COUNTRY="UNITED STATES"
PHONE="19.04854e+009"
ALTPHONE="1"
FAX="1"
TIMEZONE="(UTC-05:00) Eastern Time (US &#38; Canada)"
SITEDATEFORMAT="DAY_MONTH_YEAR"
STARTDATE="12/07/2016"
STUDYLOCALE="en-US"
SVAUTOSELECTRATE="100"
SVFIRSTNSUBJECTS="100"
/>


<SITE  NAME="(130) In Quest Medical Research LLC Norcross"    MNEMONIC="130"
ADDRESS="5245 Buford Highway 106 Norcross Georgia 30071"
COUNTRY="UNITED STATES"
PHONE="17.70903e+009"
ALTPHONE="1"
FAX="1"
TIMEZONE="(UTC-05:00) Eastern Time (US &#38; Canada)"
SITEDATEFORMAT="DAY_MONTH_YEAR"
STARTDATE="12/07/2016"
STUDYLOCALE="en-US"
SVAUTOSELECTRATE="100"
SVFIRSTNSUBJECTS="100"
/>


<SITE  NAME="(128) Palm Harbor Medical Associates"    MNEMONIC="128"
ADDRESS="3820 Tampa Road Suite 102 and 202 Palm Harbor Florida 34684"
COUNTRY="UNITED STATES"
PHONE="17.27785e+009"
ALTPHONE="1"
FAX="1"
TIMEZONE="(UTC-05:00) Eastern Time (US &#38; Canada)"
SITEDATEFORMAT="DAY_MONTH_YEAR"
STARTDATE="12/07/2016"
STUDYLOCALE="en-US"
SVAUTOSELECTRATE="100"
SVFIRSTNSUBJECTS="100"
/>


<SITE  NAME="(126) Clinical Research Of South Florida"    MNEMONIC="126"
ADDRESS="370 Minorca Avenue 2nd Floor Coral Gables Florida 33134"
COUNTRY="UNITED STATES"
PHONE="13.05446e+009"
ALTPHONE="1"
FAX="1"
TIMEZONE="(UTC-05:00) Eastern Time (US &#38; Canada)"
SITEDATEFORMAT="DAY_MONTH_YEAR"
STARTDATE="12/07/2016"
STUDYLOCALE="en-US"
SVAUTOSELECTRATE="100"
SVFIRSTNSUBJECTS="100"
/>


<SITE  NAME="(124) Heritage Valley Medical Group Inc"    MNEMONIC="124"
ADDRESS="500 Sharon Road Beaver Pennsylvania 15009"
COUNTRY="UNITED STATES"
PHONE="17.24775e+009"
ALTPHONE="1"
FAX="1"
TIMEZONE="(UTC-05:00) Eastern Time (US &#38; Canada)"
SITEDATEFORMAT="DAY_MONTH_YEAR"
STARTDATE="12/07/2016"
STUDYLOCALE="en-US"
SVAUTOSELECTRATE="100"
SVFIRSTNSUBJECTS="100"
/>


<SITE  NAME="(123) High Point Clinical Trials Center"    MNEMONIC="123"
ADDRESS="4160 Mendenhall Oaks Parkway Suite 105 High Point North Carolina 27265"
COUNTRY="UNITED STATES"
PHONE="13368410700"
ALTPHONE="1"
FAX="1"
TIMEZONE="(UTC-05:00) Eastern Time (US &#38; Canada)"
SITEDATEFORMAT="DAY_MONTH_YEAR"
STARTDATE="12/07/2016"
STUDYLOCALE="en-US"
SVAUTOSELECTRATE="100"
SVFIRSTNSUBJECTS="100"
/>


<SITE  NAME="(122) American Health Network- Family Medicine and Specialty Care Services"    MNEMONIC="122"
ADDRESS="4880 Century Plaza Road Suite 200 Indianapolis Indiana 46254"
COUNTRY="UNITED STATES"
PHONE="13173873355"
ALTPHONE="1"
FAX="1"
TIMEZONE="(UTC-05:00) Eastern Time (US &#38; Canada)"
SITEDATEFORMAT="DAY_MONTH_YEAR"
STARTDATE="12/07/2016"
STUDYLOCALE="en-US"
SVAUTOSELECTRATE="100"
SVFIRSTNSUBJECTS="100"
/>


<SITE  NAME="(121) New Horizon Research Center"    MNEMONIC="121"
ADDRESS="11880 Bird Road Suite 405 Miami Florida 33175"
COUNTRY="UNITED STATES"
PHONE="13.05226e+009"
ALTPHONE="1"
FAX="1"
TIMEZONE="(UTC-05:00) Eastern Time (US &#38; Canada)"
SITEDATEFORMAT="DAY_MONTH_YEAR"
STARTDATE="12/07/2016"
STUDYLOCALE="en-US"
SVAUTOSELECTRATE="100"
SVFIRSTNSUBJECTS="100"
/>


<SITE  NAME="(118) ActivMed Practices and Research  Methuen office"    MNEMONIC="118"
ADDRESS="421 Merrimack Street Suite 203 Methuen Massachusetts 01844"
COUNTRY="UNITED STATES"
PHONE="19.78656e+009"
ALTPHONE="1"
FAX="1"
TIMEZONE="(UTC-05:00) Eastern Time (US &#38; Canada)"
SITEDATEFORMAT="DAY_MONTH_YEAR"
STARTDATE="12/07/2016"
STUDYLOCALE="en-US"
SVAUTOSELECTRATE="100"
SVFIRSTNSUBJECTS="100"
/>


<SITE  NAME="(115) All Medical Research LLC"    MNEMONIC="115"
ADDRESS="9700 Stirling Road Bldg Suite 103 Cooper City Florida 33024"
COUNTRY="UNITED STATES"
PHONE="17.54263e+009"
ALTPHONE="1"
FAX="1"
TIMEZONE="(UTC-05:00) Eastern Time (US &#38; Canada)"
SITEDATEFORMAT="DAY_MONTH_YEAR"
STARTDATE="12/07/2016"
STUDYLOCALE="en-US"
SVAUTOSELECTRATE="100"
SVFIRSTNSUBJECTS="100"
/>


<SITE  NAME="(113) Suncoast Research Group LLC"    MNEMONIC="113"
ADDRESS="2128 West Flagler Street Miami Florida 33135"
COUNTRY="UNITED STATES"
PHONE="13.05632e+009"
ALTPHONE="1"
FAX="1"
TIMEZONE="(UTC-05:00) Eastern Time (US &#38; Canada)"
SITEDATEFORMAT="DAY_MONTH_YEAR"
STARTDATE="12/07/2016"
STUDYLOCALE="en-US"
SVAUTOSELECTRATE="100"
SVFIRSTNSUBJECTS="100"
/>


<SITE  NAME="(107) New Phase Research and Development"    MNEMONIC="107"
ADDRESS="6914 Office Park Circle Knoxville Tennessee 37909"
COUNTRY="UNITED STATES"
PHONE="18.65201e+009"
ALTPHONE="1"
FAX="1"
TIMEZONE="(UTC-05:00) Eastern Time (US &#38; Canada)"
SITEDATEFORMAT="DAY_MONTH_YEAR"
STARTDATE="12/07/2016"
STUDYLOCALE="en-US"
SVAUTOSELECTRATE="100"
SVFIRSTNSUBJECTS="100"
/>


<SITE  NAME="(100) Aventiv Research"    MNEMONIC="100"
ADDRESS="99 N Brice Road  Suite 260 Columbus Ohio 43213"
COUNTRY="UNITED STATES"
PHONE="16.14502e+009"
ALTPHONE="1"
FAX="1"
TIMEZONE="(UTC-05:00) Eastern Time (US &#38; Canada)"
SITEDATEFORMAT="DAY_MONTH_YEAR"
STARTDATE="12/07/2016"
STUDYLOCALE="en-US"
SVAUTOSELECTRATE="100"
SVFIRSTNSUBJECTS="100"
/>


<SITE  NAME="(125) Manati Center for Clinical Research"    MNEMONIC="125"
ADDRESS="calle Marginal carretera  2 Km 47 7 Anexo Doctors Center Hospital Manati Puerto Rico 00674"
COUNTRY="UNITED STATES"
PHONE="17.87854e+009"
ALTPHONE="1"
FAX="1"
TIMEZONE="(UTC-04:00) Atlantic Time (Canada)"
SITEDATEFORMAT="DAY_MONTH_YEAR"
STARTDATE="12/07/2016"
STUDYLOCALE="en-US"
SVAUTOSELECTRATE="100"
SVFIRSTNSUBJECTS="100"
/>


<SITE  NAME="(106) American Telemedicine Center"    MNEMONIC="106"
ADDRESS="Urb  Floral Park 62 calle Jose Marti San Juan Puerto Rico 00917"
COUNTRY="UNITED STATES"
PHONE="17.87722e+009"
ALTPHONE="1"
FAX="1"
TIMEZONE="(UTC-04:00) Atlantic Time (Canada)"
SITEDATEFORMAT="DAY_MONTH_YEAR"
STARTDATE="12/07/2016"
STUDYLOCALE="en-US"
SVAUTOSELECTRATE="100"
SVFIRSTNSUBJECTS="100"
/>


</MEDMLDATA>