<?xml version="1.0"?>
<MEDMLDATA xmlns="PhaseForward-MedML-Inform4">


<RIGHTSGROUP  GROUPNAME="Coding Query Rights Group">
<!-- Insert Users -->
<USERREF USERNAME="coder_query"/>

</RIGHTSGROUP>

<RIGHTSGROUP  GROUPNAME="Data Manager">
<!-- Insert Users -->
<USERREF USERNAME="z2x2451"/>
<USERREF USERNAME="rm95281"/>
<USERREF USERNAME="z2x2291"/>

</RIGHTSGROUP>

<RIGHTSGROUP  GROUPNAME="GPS">
<!-- Insert Users -->
<USERREF USERNAME="c074090"/>
<USERREF USERNAME="c039853"/>
<USERREF USERNAME="c015393"/>

</RIGHTSGROUP>

<RIGHTSGROUP  GROUPNAME="Monitor">
<!-- Insert Users -->
<USERREF USERNAME="c212917"/>
<USERREF USERNAME="z2x1226"/>
<USERREF USERNAME="z2x1399"/>
<USERREF USERNAME="z2x6036"/>
<USERREF USERNAME="z1x0698"/>
<USERREF USERNAME="c233002"/>
<USERREF USERNAME="c240719"/>
<USERREF USERNAME="c227906"/>
<USERREF USERNAME="z1x1849"/>
<USERREF USERNAME="c235968"/>
<USERREF USERNAME="c239135"/>
<USERREF USERNAME="c240718"/>
<USERREF USERNAME="c226977"/>
<USERREF USERNAME="c234313"/>
<USERREF USERNAME="c227406"/>
<USERREF USERNAME="c229812"/>
<USERREF USERNAME="c239711"/>
<USERREF USERNAME="z2x2461"/>
<USERREF USERNAME="c241301"/>
<USERREF USERNAME="z2x7246"/>
<USERREF USERNAME="c234576"/>
<USERREF USERNAME="c227019"/>
<USERREF USERNAME="c232959"/>
<USERREF USERNAME="z1x1826"/>
<USERREF USERNAME="c233003"/>
<USERREF USERNAME="c200015"/>
<USERREF USERNAME="c231547"/>

</RIGHTSGROUP>

<RIGHTSGROUP  GROUPNAME="ODM Rights Group">
<!-- Insert Users -->
<USERREF USERNAME="odm_user"/>

</RIGHTSGROUP>

<RIGHTSGROUP  GROUPNAME="PFView Only">
<!-- Insert Users -->
<USERREF USERNAME="ZPFaverpeleti"/>
<USERREF USERNAME="ZPFkhahn"/>
<USERREF USERNAME="ZPFkbarkoczi"/>

</RIGHTSGROUP>

<RIGHTSGROUP  GROUPNAME="PI">
<!-- Insert Users -->
<USERREF USERNAME="dbarbonta"/>
<USERREF USERNAME="lpop"/>
<USERREF USERNAME="eskokowska"/>
<USERREF USERNAME="bmatuszek"/>
<USERREF USERNAME="mlukaszewicz"/>
<USERREF USERNAME="ekrzyzagorska"/>
<USERREF USERNAME="akoscianski"/>
<USERREF USERNAME="aonaca"/>
<USERREF USERNAME="khalova"/>
<USERREF USERNAME="epintilei"/>
<USERREF USERNAME="cbarbonta"/>
<USERREF USERNAME="kkolomaznikova"/>
<USERREF USERNAME="jkopecky"/>
<USERREF USERNAME="tedelsberger"/>
<USERREF USERNAME="dbartaskova"/>
<USERREF USERNAME="jskopek"/>
<USERREF USERNAME="emalicherova"/>
<USERREF USERNAME="pfleischhansova"/>
<USERREF USERNAME="eroderova"/>
<USERREF USERNAME="skopecka"/>
<USERREF USERNAME="jhron"/>
<USERREF USERNAME="hrudzki"/>
<USERREF USERNAME="epoplawska"/>
<USERREF USERNAME="amodzelewska"/>
<USERREF USERNAME="mjozefowska"/>
<USERREF USERNAME="egromniak"/>
<USERREF USERNAME="jkostarova"/>
<USERREF USERNAME="iszilagyi"/>

</RIGHTSGROUP>

<RIGHTSGROUP  GROUPNAME="PI Sign Only">
<!-- Insert Users -->
<USERREF USERNAME="rviolanteortiz"/>
<USERREF USERNAME="lsauque"/>
<USERREF USERNAME="sbarton"/>
<USERREF USERNAME="abhargava"/>
<USERREF USERNAME="dbutuk"/>
<USERREF USERNAME="mchen"/>
<USERREF USERNAME="mchristiansen"/>
<USERREF USERNAME="edavidson"/>
<USERREF USERNAME="jrosenstock"/>
<USERREF USERNAME="aschlau"/>
<USERREF USERNAME="jselam"/>
<USERREF USERNAME="sshah"/>
<USERREF USERNAME="msheikhali"/>
<USERREF USERNAME="tsmith"/>
<USERREF USERNAME="gsoucie"/>
<USERREF USERNAME="dstreja"/>
<USERREF USERNAME="mwelch"/>
<USERREF USERNAME="jgonzalezgonzalez"/>
<USERREF USERNAME="lnevarez"/>
<USERREF USERNAME="gcolonvega"/>
<USERREF USERNAME="dfitzpatrick"/>
<USERREF USERNAME="jfrias"/>
<USERREF USERNAME="lgaudiani"/>
<USERREF USERNAME="shsia"/>
<USERREF USERNAME="lklaff"/>
<USERREF USERNAME="mkutner"/>
<USERREF USERNAME="tledbetter"/>
<USERREF USERNAME="llewyalterbaum"/>
<USERREF USERNAME="rlipetz"/>
<USERREF USERNAME="gmartinez"/>
<USERREF USERNAME="mmccartney"/>
<USERREF USERNAME="pmehra"/>
<USERREF USERNAME="fmikell"/>
<USERREF USERNAME="fmiranda"/>
<USERREF USERNAME="tmoretto"/>
<USERREF USERNAME="mnunez"/>
<USERREF USERNAME="moliver"/>
<USERREF USERNAME="rortizcarrasquillo"/>
<USERREF USERNAME="jrosen"/>
<USERREF USERNAME="jsoufer"/>
<USERREF USERNAME="awynne"/>
<USERREF USERNAME="szweig"/>
<USERREF USERNAME="ggonzalezgalvez"/>
<USERREF USERNAME="sarora"/>

</RIGHTSGROUP>

<RIGHTSGROUP  GROUPNAME="Report Extractor">
<!-- Insert Users -->
<USERREF USERNAME="h9xmcgbgj_RE"/>

</RIGHTSGROUP>

<RIGHTSGROUP  GROUPNAME="SC">
<!-- Insert Users -->
<USERREF USERNAME="schong"/>
<USERREF USERNAME="lamayamorante"/>
<USERREF USERNAME="kslovakova"/>
<USERREF USERNAME="ktravova"/>
<USERREF USERNAME="dveverova"/>
<USERREF USERNAME="iprokopova"/>
<USERREF USERNAME="jtorres"/>
<USERREF USERNAME="jrodriguez"/>
<USERREF USERNAME="soswald"/>
<USERREF USERNAME="wgonzalez"/>
<USERREF USERNAME="etriebel"/>
<USERREF USERNAME="jcavanaugh"/>
<USERREF USERNAME="efrancisco"/>
<USERREF USERNAME="csingh"/>
<USERREF USERNAME="rbonilla"/>
<USERREF USERNAME="jnazar"/>
<USERREF USERNAME="ybeitra"/>
<USERREF USERNAME="msibley"/>
<USERREF USERNAME="gperez"/>
<USERREF USERNAME="sspringa"/>
<USERREF USERNAME="lrocha"/>
<USERREF USERNAME="akiely"/>
<USERREF USERNAME="tdora"/>
<USERREF USERNAME="kargo"/>
<USERREF USERNAME="rguedes"/>
<USERREF USERNAME="tridge"/>
<USERREF USERNAME="efrazier"/>
<USERREF USERNAME="ddesalle"/>
<USERREF USERNAME="ngarcia"/>
<USERREF USERNAME="ccolunga"/>
<USERREF USERNAME="dhammon"/>
<USERREF USERNAME="ecarranza"/>
<USERREF USERNAME="ctorello"/>
<USERREF USERNAME="eleal"/>
<USERREF USERNAME="pelliott"/>
<USERREF USERNAME="myang"/>
<USERREF USERNAME="garriagacuriel"/>
<USERREF USERNAME="msanchezmercado"/>
<USERREF USERNAME="aflores"/>
<USERREF USERNAME="mdiosdadolopez"/>
<USERREF USERNAME="acuevascastro"/>
<USERREF USERNAME="jrubiocontreras"/>
<USERREF USERNAME="msotelogonzalez"/>
<USERREF USERNAME="kteranbautista"/>
<USERREF USERNAME="bfinley"/>
<USERREF USERNAME="dschwartz"/>
<USERREF USERNAME="lborg"/>
<USERREF USERNAME="ebrennan"/>
<USERREF USERNAME="peshleman"/>
<USERREF USERNAME="lnorman"/>
<USERREF USERNAME="vyousif"/>
<USERREF USERNAME="mquinones"/>
<USERREF USERNAME="acamacho"/>
<USERREF USERNAME="cpreston"/>
<USERREF USERNAME="asheff"/>
<USERREF USERNAME="oselam"/>
<USERREF USERNAME="czelazquez"/>
<USERREF USERNAME="tross"/>
<USERREF USERNAME="emaryas"/>
<USERREF USERNAME="bbates"/>
<USERREF USERNAME="bduffyhidalgo"/>
<USERREF USERNAME="esisneros"/>
<USERREF USERNAME="apaez"/>
<USERREF USERNAME="nrosalescontreras"/>
<USERREF USERNAME="acuellarlemus"/>
<USERREF USERNAME="rgarza"/>
<USERREF USERNAME="gmagallanes"/>
<USERREF USERNAME="ccarmona"/>
<USERREF USERNAME="aprietoespino"/>
<USERREF USERNAME="aherreraaguilar"/>
<USERREF USERNAME="mlopezgarcia"/>
<USERREF USERNAME="mortegamundo"/>
<USERREF USERNAME="ynarvaeznavarrete"/>
<USERREF USERNAME="dcastilloreveles"/>
<USERREF USERNAME="aedelsbergerova"/>
<USERREF USERNAME="gkreckova"/>
<USERREF USERNAME="rmarzec"/>
<USERREF USERNAME="mgiermakowskasamek"/>
<USERREF USERNAME="jrudzka"/>
<USERREF USERNAME="apoplawski"/>
<USERREF USERNAME="aniewinska"/>
<USERREF USERNAME="mlenartlipinska"/>
<USERREF USERNAME="mprzybylska"/>
<USERREF USERNAME="bjaskulskagorzelewska"/>
<USERREF USERNAME="msekulska"/>
<USERREF USERNAME="eperzak"/>
<USERREF USERNAME="mslowinska"/>
<USERREF USERNAME="dpopescu"/>
<USERREF USERNAME="rboca"/>
<USERREF USERNAME="abuduru"/>
<USERREF USERNAME="irau"/>
<USERREF USERNAME="monaca"/>
<USERREF USERNAME="cvelazquez"/>
<USERREF USERNAME="nputra"/>
<USERREF USERNAME="jfountain"/>
<USERREF USERNAME="mbojarskalos"/>
<USERREF USERNAME="eluchowska"/>
<USERREF USERNAME="awittek"/>
<USERREF USERNAME="eheince"/>
<USERREF USERNAME="uslawinska"/>
<USERREF USERNAME="glaszewska"/>
<USERREF USERNAME="azonenberg"/>
<USERREF USERNAME="achamienia"/>
<USERREF USERNAME="kbielski"/>
<USERREF USERNAME="ggawlowski"/>
<USERREF USERNAME="imajewska"/>
<USERREF USERNAME="dwojdyla"/>
<USERREF USERNAME="aciorba"/>
<USERREF USERNAME="lpruna"/>
<USERREF USERNAME="mcozma"/>
<USERREF USERNAME="osuleac"/>

</RIGHTSGROUP>

<RIGHTSGROUP  GROUPNAME="Study Manager">
<!-- Insert Users -->
<USERREF USERNAME="z2x7035"/>
<USERREF USERNAME="z3x0394"/>

</RIGHTSGROUP>

<RIGHTSGROUP  GROUPNAME="User Activator RG">
<!-- Insert Users -->
<USERREF USERNAME="ZPFepenzes"/>
<USERREF USERNAME="ZPFcdelacruz"/>
<USERREF USERNAME="ZPFnkovacs"/>
<USERREF USERNAME="ZPFmandone"/>
<USERREF USERNAME="ZPFdnagy"/>
<USERREF USERNAME="ZPFprojas"/>
<USERREF USERNAME="ZPFrducusin"/>
<USERREF USERNAME="ZPFrcalorico"/>
<USERREF USERNAME="ZPFabalogh"/>
<USERREF USERNAME="ZPFcmolom"/>
<USERREF USERNAME="ZPFedervishaj"/>
<USERREF USERNAME="ZPFobodnar"/>
<USERREF USERNAME="ZPFmlalangan"/>

</RIGHTSGROUP>

<RIGHTSGROUP  GROUPNAME="User Manager RG">
<!-- Insert Users -->
<USERREF USERNAME="ZPFkcco"/>
<USERREF USERNAME="ZPFklim"/>
<USERREF USERNAME="ZPFkcsobalyka"/>
<USERREF USERNAME="ZPFskholti"/>
<USERREF USERNAME="ZPFsaguilar"/>
<USERREF USERNAME="ZPFjistenes"/>
<USERREF USERNAME="ZPFtfabian"/>
<USERREF USERNAME="ZPFasomogyi"/>
<USERREF USERNAME="ZPFkpinter"/>
<USERREF USERNAME="ZPFlcseke"/>
<USERREF USERNAME="ZPFvzdirko"/>
<USERREF USERNAME="ZPFekosa"/>
<USERREF USERNAME="ZPFpvallar"/>
<USERREF USERNAME="ZPFoely"/>
<USERREF USERNAME="ZPFkkovacs"/>
<USERREF USERNAME="ZPFfvarga"/>
<USERREF USERNAME="ZPFapervaiz"/>
<USERREF USERNAME="ZPFmkhella"/>
<USERREF USERNAME="ZPFstayco"/>
<USERREF USERNAME="ZPFaktoth"/>
<USERREF USERNAME="ZPFgkrucso"/>
<USERREF USERNAME="ZPFlbalubar"/>
<USERREF USERNAME="ZPFtcabanes"/>
<USERREF USERNAME="ZPFnvergara"/>
<USERREF USERNAME="ZPFrsulit"/>
<USERREF USERNAME="ZPFcmercado"/>
<USERREF USERNAME="ZPFsdasilva"/>
<USERREF USERNAME="ZPFlmate"/>
<USERREF USERNAME="ZPFawarsama"/>
<USERREF USERNAME="ZPFgyvarga"/>
<USERREF USERNAME="ZPFmtoth"/>
<USERREF USERNAME="ZPFakovacs"/>
<USERREF USERNAME="ZPFnqi"/>
<USERREF USERNAME="ZPFddiomede"/>
<USERREF USERNAME="ZPFijohl"/>
<USERREF USERNAME="ZPFdvittay"/>
<USERREF USERNAME="ZPFnreis"/>

</RIGHTSGROUP>

<RIGHTSGROUP  GROUPNAME="VO">
<!-- Insert Users -->
<USERREF USERNAME="CKing"/>
<USERREF USERNAME="SKlein"/>
<USERREF USERNAME="c233893"/>

</RIGHTSGROUP>

</MEDMLDATA>