<?xml version="1.0"?>
<MEDMLDATA xmlns="PhaseForward-MedML-Inform4">

<ITEMGROUP 
GROUPNAME="Adjudicator_Editable"
GROUPDESCRIPTION="Items editable for Adjudicator.">
 <!-- Insert ItemRef Names -->
<ITEMREF REFNAME="AEGRPID_RELREC_AJCRV_F1"/>
<ITEMREF REFNAME="PNCR5_CMPD_AJPNC2F1"/>
<ITEMREF REFNAME="AEGRPID_RELREC_AJCIE_F1"/>
<ITEMREF REFNAME="AEGRPID_RELREC_AJDTHF1"/>
<ITEMREF REFNAME="AEGRPID_RELREC_AJHSPHFF1"/>
<ITEMREF REFNAME="AEGRPID_RELREC_AJPNC2F1"/>
<ITEMREF REFNAME="CECAJASM_AJCEV_F1"/>
<ITEMREF REFNAME="CECAJASM_AJCIE_F1"/>
<ITEMREF REFNAME="CECAJASM_AJCRV_F1"/>
<ITEMREF REFNAME="CECAJASM_AJHSPHFF1"/>
<ITEMREF REFNAME="CECAJASM_AJPNC2F1"/>
<ITEMREF REFNAME="DTHTP_AJDTHF1"/>
<ITEMREF REFNAME="CRVR2_AJCRV_F1"/>
<ITEMREF REFNAME="CRVR5_AJCRV_F1"/>
<ITEMREF REFNAME="CRVR6_AJCRV_F1"/>
<ITEMREF REFNAME="EPAEDAT_AJCEV_F1"/>
<ITEMREF REFNAME="EPAEDAT_AJCIE_F1"/>
<ITEMREF REFNAME="EPAEDAT_AJCRV_F1"/>
<ITEMREF REFNAME="EPAEDAT_AJHSPHFF1"/>
<ITEMREF REFNAME="EPAEDAT_AJDTHF1"/>
<ITEMREF REFNAME="EVDTAGMT_AJCEV_F1"/>
<ITEMREF REFNAME="EVDTAGMT_AJCIE_F1"/>
<ITEMREF REFNAME="EVDTAGMT_AJDTHF1"/>
<ITEMREF REFNAME="EVDTAGMT_AJHSPHFF1"/>
<ITEMREF REFNAME="EVDTAGMT_AJCRV_F1"/>
<ITEMREF REFNAME="EVDTAGMT_AJPNC2F1"/>
<ITEMREF REFNAME="PNCR2_CMPD_AJPNC2F1"/>
<ITEMREF REFNAME="PNCR3_AJPNC2F1"/>
<ITEMREF REFNAME="PNCR4_CMPD_AJPNC2F1"/>
<ITEMREF REFNAME="AEGRPID_RELREC_AJCEV_F1"/>

</ITEMGROUP>

<ITEMGROUP 
GROUPNAME="Adjudicator_Hidden"
GROUPDESCRIPTION="Items hidden from the Adjudicator not in other item groups">
 <!-- Insert ItemRef Names -->
<ITEMREF REFNAME="igAE3001b_F1_S2"/>
<ITEMREF REFNAME="igSAE2001_F1_S2"/>
<ITEMREF REFNAME="igSAE2001_F1_S3"/>
<ITEMREF REFNAME="igSAE2001_F1_S4"/>
<ITEMREF REFNAME="igSAE2001_F1_S5"/>
<ITEMREF REFNAME="igSAE2001_F1_S6"/>
<ITEMREF REFNAME="igAHRFU2001_F1_S2"/>
<ITEMREF REFNAME="igBR1001_F1_S2"/>
<ITEMREF REFNAME="igCM1001_C1F2_S2"/>
<ITEMREF REFNAME="igCM1001_C2F2_S2"/>
<ITEMREF REFNAME="igCM1001_C3F2_S2"/>
<ITEMREF REFNAME="igCM1001_F1_S2"/>
<ITEMREF REFNAME="igCM1001_F2_S2"/>
<ITEMREF REFNAME="igEG3001_F2_S2"/>
<ITEMREF REFNAME="igHYPO1001_F1_S2"/>
<ITEMREF REFNAME="igMH7001_F1_S2"/>
<ITEMREF REFNAME="igVS1001_F1_S1"/>
<ITEMREF REFNAME="igCM2001_F2_S2"/>
<ITEMREF REFNAME="igEG3001_F1_S2"/>
<ITEMREF REFNAME="igVS1001_C1F1_S1"/>
<ITEMREF REFNAME="AEACN_AE3001_F1"/>
<ITEMREF REFNAME="AEGRPID_AE3001_F1_S1"/>
<ITEMREF REFNAME="AEGRPID_AE3001_F1_S2"/>
<ITEMREF REFNAME="AEGRPID_RELREC_AHRFUF1"/>
<ITEMREF REFNAME="AEGRPID_RELREC_EPCEV_F1"/>
<ITEMREF REFNAME="AEGRPID_RELREC_EPCIE_F1"/>
<ITEMREF REFNAME="AEGRPID_RELREC_EPCRVF1"/>
<ITEMREF REFNAME="AEGRPID_RELREC_EPDTHF1"/>
<ITEMREF REFNAME="AEGRPID_RELREC_EPHSPHF_F1"/>
<ITEMREF REFNAME="AEGRPID_RELREC_EPPNC_F1"/>
<ITEMREF REFNAME="AEONGO_AE3001_F1"/>
<ITEMREF REFNAME="AEOUT_AE3001_F1"/>
<ITEMREF REFNAME="AERELNST_CMPD_AE3001_F1"/>
<ITEMREF REFNAME="AEREL_AE3001_F1"/>
<ITEMREF REFNAME="AESER_AE3001_F1"/>
<ITEMREF REFNAME="AESEV_AE3001_F1"/>
<ITEMREF REFNAME="AESPID_AE3001_F1"/>
<ITEMREF REFNAME="AESTDAT_AE3001_F1"/>
<ITEMREF REFNAME="AESTTIM_AE3001_F1"/>
<ITEMREF REFNAME="AETERM_AE3001_F1"/>
<ITEMREF REFNAME="AEYN_AE3001_F2"/>
<ITEMREF REFNAME="AHRFULSTDOSEDAT_AHRFUF1"/>
<ITEMREF REFNAME="AHRFURES12_AHRFUF1"/>
<ITEMREF REFNAME="AHRFURES14_AHRFUF1"/>
<ITEMREF REFNAME="AHRFURES15_CMPD_AHRFUF1"/>
<ITEMREF REFNAME="AHRFURES16_AHRFUF1"/>
<ITEMREF REFNAME="AHRFURES3_AHRFUF1"/>
<ITEMREF REFNAME="AHRFURES4_AHRFUF1"/>
<ITEMREF REFNAME="AHRFURES5_AHRFUF1"/>
<ITEMREF REFNAME="AHRFURES6_AHRFUF1"/>
<ITEMREF REFNAME="AHRFURES7_AHRFUF1"/>
<ITEMREF REFNAME="AHRFURES8_AHRFUF1"/>
<ITEMREF REFNAME="AHRFURES9YN_AHRFUF1"/>
<ITEMREF REFNAME="AHRFUYN_AHRFU2001_F1"/>
<ITEMREF REFNAME="BGCONCSTAT_2_BG2001_F2"/>
<ITEMREF REFNAME="BGCONCSTAT_3_BG2001_F2"/>
<ITEMREF REFNAME="BGCONCSTAT_4_BG2001_F2"/>
<ITEMREF REFNAME="BGCONCSTAT_5_BG2001_F2"/>
<ITEMREF REFNAME="BGCONCSTAT_6_BG2001_F2"/>
<ITEMREF REFNAME="BGCONCSTAT_BG2001_F2"/>
<ITEMREF REFNAME="BGCONCSTAT_HYPO"/>
<ITEMREF REFNAME="BGDAT_BG2001_F2"/>
<ITEMREF REFNAME="BIOPSYTP_BR1001_F1"/>
<ITEMREF REFNAME="BMIU_TPT1_VS1C1F1"/>
<ITEMREF REFNAME="BP_CMPD_TPT1_VS1C1F1"/>
<ITEMREF REFNAME="BP_CMPD_TPT1_VS1F1"/>
<ITEMREF REFNAME="BRDAT_BR1001_F1"/>
<ITEMREF REFNAME="BRDIAG_BR1001_F1"/>
<ITEMREF REFNAME="BRLOC_BR1001_F1"/>
<ITEMREF REFNAME="BRPERF_BR1001_F1"/>
<ITEMREF REFNAME="BRTHYR_DM1001_F1"/>
<ITEMREF REFNAME="CASEBOOKSIG_CBSIG_F1"/>
<ITEMREF REFNAME="CASENAR1_SAE2F1"/>
<ITEMREF REFNAME="CASENAR2_SAE2F1"/>
<ITEMREF REFNAME="CASENAR3_SAE2F1"/>
<ITEMREF REFNAME="CDA1_CDQA"/>
<ITEMREF REFNAME="CDA2_CDQA"/>
<ITEMREF REFNAME="CESPID_HYPO"/>
<ITEMREF REFNAME="CEVR1_EPCEV_F1"/>
<ITEMREF REFNAME="CEVR3_EPCEV_F1"/>
<ITEMREF REFNAME="CEVR8_EPCEV_F1"/>
<ITEMREF REFNAME="CEVR9_EPCEV_F1"/>
<ITEMREF REFNAME="CEVRES7_CMPD_EPCEV_F1"/>
<ITEMREF REFNAME="CIER10_EPCIE_F1"/>
<ITEMREF REFNAME="CIER1_EPCIE_F1"/>
<ITEMREF REFNAME="CIER3_CMPD_EPCIE_F1"/>
<ITEMREF REFNAME="CMADJ_CM1C2F2"/>
<ITEMREF REFNAME="CMADJ_CM1F2"/>
<ITEMREF REFNAME="CMADJ_CM3F2"/>
<ITEMREF REFNAME="CMDOSTOTU_CM1001_C1F2"/>
<ITEMREF REFNAME="CMDOSTOTU_CM3F2"/>
<ITEMREF REFNAME="CMDOSTOT_CM1001_C1F2"/>
<ITEMREF REFNAME="CMDOSTOT_CM1C2F2"/>
<ITEMREF REFNAME="CMDOSTOT_CM1F2"/>
<ITEMREF REFNAME="CMDOSTOT_CM4001_F1"/>
<ITEMREF REFNAME="CMENDAT_CM2001_F2"/>
<ITEMREF REFNAME="CMENDAT_CM4001_F1"/>
<ITEMREF REFNAME="CMENREAS_CM3F2"/>
<ITEMREF REFNAME="CMENREAS_PRIOR_CM2001_F2"/>
<ITEMREF REFNAME="CMENREAS_PRIOR_CM4001_F1"/>
<ITEMREF REFNAME="CMINDC_CM1001_C1F2"/>
<ITEMREF REFNAME="CMINDC_CM1C2F2"/>
<ITEMREF REFNAME="CMINDC_CM1F1"/>
<ITEMREF REFNAME="CMINDC_CM1F2"/>
<ITEMREF REFNAME="CMINDC_CM3F2"/>
<ITEMREF REFNAME="CMINDC_PRIOR_CM2001_F2"/>
<ITEMREF REFNAME="CMINDC_PRIOR_CM4001_F1"/>
<ITEMREF REFNAME="CMOCCUR_CM4001_F1"/>
<ITEMREF REFNAME="CMONGO_CM1001_C1F2"/>
<ITEMREF REFNAME="CMONGO_CM1C2F2"/>
<ITEMREF REFNAME="CMONGO_CM1F1"/>
<ITEMREF REFNAME="CMONGO_CM1F2"/>
<ITEMREF REFNAME="CMONGO_CM3F2"/>
<ITEMREF REFNAME="CMROUTE_CM1001_C1F2"/>
<ITEMREF REFNAME="CMROUTE_CM1F2"/>
<ITEMREF REFNAME="CMSPID_CM1001_C1F2"/>
<ITEMREF REFNAME="CMSPID_CM1C2F2"/>
<ITEMREF REFNAME="CMSPID_CM1F1"/>
<ITEMREF REFNAME="CMSPID_CM1F2"/>
<ITEMREF REFNAME="CMSPID_CM2001_F2"/>
<ITEMREF REFNAME="CMSPID_CM3F2"/>
<ITEMREF REFNAME="CMSPID_CM4001_F1"/>
<ITEMREF REFNAME="CMSTDAT_CM1001_C1F2"/>
<ITEMREF REFNAME="CMSTDAT_CM1C2F2"/>
<ITEMREF REFNAME="CMSTDAT_CM1F1"/>
<ITEMREF REFNAME="CMSTDAT_CM1F2"/>
<ITEMREF REFNAME="CMSTDAT_CM2001_F2"/>
<ITEMREF REFNAME="CMSTDAT_CM3F2"/>
<ITEMREF REFNAME="CMSTDAT_CM4001_F1"/>
<ITEMREF REFNAME="CMTRT_CM1001_C1F2"/>
<ITEMREF REFNAME="CMTRT_CM1C2F2"/>
<ITEMREF REFNAME="CMTRT_CM1F1"/>
<ITEMREF REFNAME="CMTRT_CM1F2"/>
<ITEMREF REFNAME="CMTRT_CM2001_F2"/>
<ITEMREF REFNAME="CMTRT_CM3F2"/>
<ITEMREF REFNAME="CMTRT_CM4001_F1"/>
<ITEMREF REFNAME="CMYN_CM1001_C1F2"/>
<ITEMREF REFNAME="CMYN_CM1C2F2"/>
<ITEMREF REFNAME="CMYN_CM1F1"/>
<ITEMREF REFNAME="CMYN_CM1F2"/>
<ITEMREF REFNAME="CMYN_CM2001_F2"/>
<ITEMREF REFNAME="CMYN_CM3F2"/>
<ITEMREF REFNAME="COSPID_CDQA"/>
<ITEMREF REFNAME="CRVR1_EPCRVF1"/>
<ITEMREF REFNAME="CRVR2_EPCRVF1"/>
<ITEMREF REFNAME="CRVR5_EPCRVF1"/>
<ITEMREF REFNAME="CRVR7_EPCRVF1"/>
<ITEMREF REFNAME="CRVR8_EPCRVF1"/>
<ITEMREF REFNAME="DRGINDIC_SAE2F1"/>
<ITEMREF REFNAME="DSDECOD_DS1F2"/>
<ITEMREF REFNAME="DSDECOD_DS1F4"/>
<ITEMREF REFNAME="DSDECOD_DS1F5"/>
<ITEMREF REFNAME="DSDECOD_DS1F6"/>
<ITEMREF REFNAME="DSDECOD_DS1F7"/>
<ITEMREF REFNAME="DSDECOD_DSC1F6"/>
<ITEMREF REFNAME="DSSTDAT_DS1F2"/>
<ITEMREF REFNAME="DSSTDAT_DS1F4"/>
<ITEMREF REFNAME="DSSTDAT_DS1F5"/>
<ITEMREF REFNAME="DSSTDAT_DS1F6"/>
<ITEMREF REFNAME="DSSTDAT_DS1F7"/>
<ITEMREF REFNAME="DSSTDAT_DSC1F6"/>
<ITEMREF REFNAME="DSSTDAT_IC_DS2001_F1"/>
<ITEMREF REFNAME="DTHTP_EPDTHF1"/>
<ITEMREF REFNAME="ECOCCUR_EC1F1"/>
<ITEMREF REFNAME="ECREFID_DMY_CMPD_EC1F1"/>
<ITEMREF REFNAME="ECSPID_EC1F1"/>
<ITEMREF REFNAME="ECTPT_EC1F1"/>
<ITEMREF REFNAME="EGCMPBSL_EG3_F2"/>
<ITEMREF REFNAME="EGDAT_EG3001_F1"/>
<ITEMREF REFNAME="EGDAT_EG3001_F2"/>
<ITEMREF REFNAME="EGMIEEVL_EG3_F1"/>
<ITEMREF REFNAME="EGPERFCIE_F1"/>
<ITEMREF REFNAME="EGPERF_EG3001_F1"/>
<ITEMREF REFNAME="EGPERF_EG3001_F2"/>
<ITEMREF REFNAME="EGSPID_EG3001_F1"/>
<ITEMREF REFNAME="EGSPID_EG3001_F2"/>
<ITEMREF REFNAME="EGTIM_EG3001_F1"/>
<ITEMREF REFNAME="EGTIM_EG3001_F2"/>
<ITEMREF REFNAME="ENDPT_CMPD_ENDPTRIG_F1"/>
<ITEMREF REFNAME="EPAEDAT_EPCEV_F1"/>
<ITEMREF REFNAME="EPAEDAT_EPCIE_F1"/>
<ITEMREF REFNAME="EPAEDAT_EPCRVF1"/>
<ITEMREF REFNAME="EPAEDAT_EPDTHF1"/>
<ITEMREF REFNAME="EPAEDAT_EPHSPHF_F1"/>
<ITEMREF REFNAME="EPAEDAT_EPPNC_F1"/>
<ITEMREF REFNAME="EPDTHRES10_EPDTHF1"/>
<ITEMREF REFNAME="EPDTHRES11_EPDTHF1"/>
<ITEMREF REFNAME="EPDTHRES5_EPDTHF1"/>
<ITEMREF REFNAME="ETHNIC_DM1001_F1"/>
<ITEMREF REFNAME="EXCMPDAT_EXCMP1001_F1"/>
<ITEMREF REFNAME="EXCMP_EXCMP1001_F1"/>
<ITEMREF REFNAME="EXENDAT_EX1F1"/>
<ITEMREF REFNAME="EXREASINT_EX1F1"/>
<ITEMREF REFNAME="EXSPID_EX1F1"/>
<ITEMREF REFNAME="EXSTDAT_EX1F1"/>
<ITEMREF REFNAME="FASPID_AHRFUF1"/>
<ITEMREF REFNAME="FASPID_EPCEV_F1"/>
<ITEMREF REFNAME="FASPID_EPCIE_F1"/>
<ITEMREF REFNAME="FASPID_EPCRVF1"/>
<ITEMREF REFNAME="FASPID_EPHSPHF_F1"/>
<ITEMREF REFNAME="FASPID_EPPNC_F1"/>
<ITEMREF REFNAME="HEIGHTU_TPT1_VS1C1F1"/>
<ITEMREF REFNAME="HSPHFR1_CMPD_EPHSPHF_F1"/>
<ITEMREF REFNAME="HSPHFR8_EPHSPHF_F1"/>
<ITEMREF REFNAME="HYCONTRT_HYPO"/>
<ITEMREF REFNAME="HYOCCUR_HYPO"/>
<ITEMREF REFNAME="HYPORES1_HYPO"/>
<ITEMREF REFNAME="HYPORES3_HYPO"/>
<ITEMREF REFNAME="HYPOSTDAT_HYPO"/>
<ITEMREF REFNAME="HYPOSTTIM_HYPO"/>
<ITEMREF REFNAME="LBSPID_BG2001_F2"/>
<ITEMREF REFNAME="LBTPT_2_BG2001_F2"/>
<ITEMREF REFNAME="LBTPT_3_BG2001_F2"/>
<ITEMREF REFNAME="LBTPT_4_BG2001_F2"/>
<ITEMREF REFNAME="LBTPT_5_BG2001_F2"/>
<ITEMREF REFNAME="LBTPT_6_BG2001_F2"/>
<ITEMREF REFNAME="LBTPT_BG2001_F2"/>
<ITEMREF REFNAME="MHOCCUR_MHPRESP_F2"/>
<ITEMREF REFNAME="MHONGO_MH7001_F1"/>
<ITEMREF REFNAME="MHSPID_MH7001_F1"/>
<ITEMREF REFNAME="MHSPID_MHPRESP_F2"/>
<ITEMREF REFNAME="MHSTDAT_MH7001_F1"/>
<ITEMREF REFNAME="MHTERM_MH7001_F1"/>
<ITEMREF REFNAME="MHYN_MH7001_F1"/>
<ITEMREF REFNAME="PNCR11_EPPNC_F1"/>
<ITEMREF REFNAME="PNCR12_EPPNC_F1"/>
<ITEMREF REFNAME="PNCR13_EPPNC_F1"/>
<ITEMREF REFNAME="PNCR6_EPPNC_F1"/>
<ITEMREF REFNAME="PNCR7_EPPNC_F1"/>
<ITEMREF REFNAME="PNCR9_EPPNC_F1"/>
<ITEMREF REFNAME="PULSEU_TPT1_VS1C1F1"/>
<ITEMREF REFNAME="PULSEU_TPT1_VS1F1"/>
<ITEMREF REFNAME="RACE_CMPD_DM1001_F1"/>
<ITEMREF REFNAME="RECURYN_SAE2F1"/>
<ITEMREF REFNAME="SAEAEACN_SAE2F1S3"/>
<ITEMREF REFNAME="SAEAESCONG_SAE2F1"/>
<ITEMREF REFNAME="SAEAESDISAB_SAE2F1"/>
<ITEMREF REFNAME="SAEAESLIFE_SAE2F1"/>
<ITEMREF REFNAME="SAEAESMIE_SAE2F1"/>
<ITEMREF REFNAME="SAECONDITION_SAE2F1"/>
<ITEMREF REFNAME="SAEEXDOSDAT_SAE2F1"/>
<ITEMREF REFNAME="SAEEXDOSFRQ_SAE2F1"/>
<ITEMREF REFNAME="SAEEXROUTE_SAE2F1"/>
<ITEMREF REFNAME="SAEEXSTDAT_SAE2F1"/>
<ITEMREF REFNAME="SAEEXTRT_SAE2F1"/>
<ITEMREF REFNAME="SAEGRPID_SAE2F1S1"/>
<ITEMREF REFNAME="SAEGRPID_SAE2F1S2"/>
<ITEMREF REFNAME="SAEGRPID_SAE2F1S4"/>
<ITEMREF REFNAME="SAELBDAT_SAE2F1"/>
<ITEMREF REFNAME="SAELBORNRHI_SAE2F1"/>
<ITEMREF REFNAME="SAELBORNRLO_SAE2F1"/>
<ITEMREF REFNAME="SAELBORRESU_SAE2F1"/>
<ITEMREF REFNAME="SAELBORRES_SAE2F1"/>
<ITEMREF REFNAME="SAELBTEST_SAE2F1"/>
<ITEMREF REFNAME="SAELBTIM_SAE2F1"/>
<ITEMREF REFNAME="SAEOUT_SAE2F1"/>
<ITEMREF REFNAME="SAERELEXTRT1_CMPD_SAE2F1"/>
<ITEMREF REFNAME="SAERELPRC_SAE2F1"/>
<ITEMREF REFNAME="SAESDTH_SAE2F1"/>
<ITEMREF REFNAME="SAESHOSP_SAE2F1"/>
<ITEMREF REFNAME="SAESPID_SAE2F1S2"/>
<ITEMREF REFNAME="SAESPID_SAE2F1S3"/>
<ITEMREF REFNAME="SAESPID_SAE2F1S4"/>
<ITEMREF REFNAME="SAESPID_SAE2F1S5"/>
<ITEMREF REFNAME="SAESPID_SAE2F1S6"/>
<ITEMREF REFNAME="SAESTDAT_SAE2F1"/>
<ITEMREF REFNAME="SAETERM_SAE2F1"/>
<ITEMREF REFNAME="SBPERF_EPCIE_F1"/>
<ITEMREF REFNAME="SCR_SYS_F1"/>
<ITEMREF REFNAME="SEX_DM1001_F1"/>
<ITEMREF REFNAME="STAT_CPL_F3"/>
<ITEMREF REFNAME="STAT_RAND_STATGUT_F2"/>
<ITEMREF REFNAME="STAT_STATGUT_C1F1"/>
<ITEMREF REFNAME="STAT_STATGUT_C2F1"/>
<ITEMREF REFNAME="STAT_STATGUT_F4"/>
<ITEMREF REFNAME="STAT_STATGUT_F5"/>
<ITEMREF REFNAME="STAT_STATGUT_F6"/>
<ITEMREF REFNAME="STAT_V1_STATGUT_F1"/>
<ITEMREF REFNAME="SUBJID"/>
<ITEMREF REFNAME="SUBJINIT_SYS_F1"/>
<ITEMREF REFNAME="SUNCF_ALCOHOL_SU1F1"/>
<ITEMREF REFNAME="SUNCF_TOBACCO_SU3F1"/>
<ITEMREF REFNAME="VISDAT"/>
<ITEMREF REFNAME="VISITOCCUR_SV1F1"/>
<ITEMREF REFNAME="VSDAT_TPT1_VS1C1F1"/>
<ITEMREF REFNAME="VSDAT_TPT1_VS1F1"/>
<ITEMREF REFNAME="VSPERF_TPT1_VS1C1F1"/>
<ITEMREF REFNAME="VSPERF_TPT1_VS1F1"/>
<ITEMREF REFNAME="VSPOS_BP_VS1C1F1"/>
<ITEMREF REFNAME="VSPOS_BP_VS1F1"/>
<ITEMREF REFNAME="VSSPID_TPT1_VS1C1F1"/>
<ITEMREF REFNAME="VSSPID_TPT1_VS1F1"/>
<ITEMREF REFNAME="VSTIM_TPT1_VS1C1F1"/>
<ITEMREF REFNAME="VSTIM_TPT1_VS1F1"/>
<ITEMREF REFNAME="VSTPT_TPT1_VS1C1F1"/>
<ITEMREF REFNAME="VSTPT_TPT1_VS1F1"/>
<ITEMREF REFNAME="WEIGHTU_TPT1_VS1C1F1"/>
<ITEMREF REFNAME="WEIGHTU_TPT1_VS1F1"/>
<ITEMREF REFNAME="XPSPID_BR1001_F1"/>

</ITEMGROUP>

<ITEMGROUP 
GROUPNAME="Adjudicator_ReadOnly"
GROUPDESCRIPTION="Items that should be viewable to Adjudicator and Data Manager.">
 <!-- Insert ItemRef Names -->
<ITEMREF REFNAME="FASPID_AJCEV_F1"/>
<ITEMREF REFNAME="FASPID_AJCIE_F1"/>
<ITEMREF REFNAME="FASPID_AJPNC2F1"/>
<ITEMREF REFNAME="FASPID_AJHSPHFF1"/>
<ITEMREF REFNAME="FASPID_AJCRV_F1"/>

</ITEMGROUP>

<ITEMGROUP 
GROUPNAME="Data_Manager_ReadOnly"
GROUPDESCRIPTION="Items that are hidden by design and should be viewable to Data Manager.">
 <!-- Insert ItemRef Names -->
<ITEMREF REFNAME="DICT_DICTVER_AE3001_F1"/>
<ITEMREF REFNAME="AELLTCD_AE3001_F1"/>
<ITEMREF REFNAME="AELLT_AE3001_F1"/>
<ITEMREF REFNAME="AETERM_MAP_AE3001_F1"/>
<ITEMREF REFNAME="AECAT_AE3001_F1"/>
<ITEMREF REFNAME="AECAT_AE3001_F2"/>
<ITEMREF REFNAME="AHRFUOBJ_AHRFUF1"/>
<ITEMREF REFNAME="FACAT_AHRFUF1"/>
<ITEMREF REFNAME="LBCAT_BG2001_F2"/>
<ITEMREF REFNAME="XPCAT_BR1001_F1"/>
<ITEMREF REFNAME="CMCAT_CM1001_C1F2"/>
<ITEMREF REFNAME="CMSCAT_CM1001_C1F2"/>
<ITEMREF REFNAME="DICT_DICTVER_CM1001_C1F2"/>
<ITEMREF REFNAME="CMDECOD_CM1001_C1F2"/>
<ITEMREF REFNAME="CMTRADNM_CM1001_C1F2"/>
<ITEMREF REFNAME="CMCLASCD_CM1001_C1F2"/>
<ITEMREF REFNAME="CMCLAS_CM1001_C1F2"/>
<ITEMREF REFNAME="TRTTERMCD_CM1001_C1F2"/>
<ITEMREF REFNAME="CMTRT_MAP_CM1001_C1F2"/>
<ITEMREF REFNAME="CMDOSEU_CM1C2F2"/>
<ITEMREF REFNAME="ROUTCOMP_CM1C1F2"/>
<ITEMREF REFNAME="CMDOSFRQ_CM1C2F2"/>
<ITEMREF REFNAME="CMROUTE_CM1C2F2"/>
<ITEMREF REFNAME="CMCAT_CM1C2F2"/>
<ITEMREF REFNAME="CMSCAT_CM1C2F2"/>
<ITEMREF REFNAME="CMCAT_CM1F1"/>
<ITEMREF REFNAME="CMCAT_CM1F2"/>
<ITEMREF REFNAME="CMCAT_CM2001_F2"/>
<ITEMREF REFNAME="CMCAT_CM3F2"/>
<ITEMREF REFNAME="CMCAT_CM4001_F1"/>
<ITEMREF REFNAME="CMPRESP_CM4001_F1"/>
<ITEMREF REFNAME="MHCAT_MH7001_F1"/>
<ITEMREF REFNAME="MHDECOD_MH7001_F1"/>
<ITEMREF REFNAME="MHLLTCD_MH7001_F1"/>
<ITEMREF REFNAME="MHLLT_MH7001_F1"/>
<ITEMREF REFNAME="MHTERM_MAP_MH7001_F1"/>
<ITEMREF REFNAME="MHCAT_4_MHPRESP_F2"/>
<ITEMREF REFNAME="MHLLTCDPRESP_MHPRESP_F2"/>
<ITEMREF REFNAME="MHPRESP_MHPRESP_F2"/>
<ITEMREF REFNAME="DICT_DICTVER_MH7001_F1"/>
<ITEMREF REFNAME="DICT_DICTVER_MHPRESP_F2"/>
<ITEMREF REFNAME="SUCAT_ALCOHOL_SU1F1"/>
<ITEMREF REFNAME="SUPRESP_SU1F1"/>
<ITEMREF REFNAME="SUCAT_TOBACCO_SU3F1"/>
<ITEMREF REFNAME="SUPRESP_SU3F1"/>
<ITEMREF REFNAME="VSCAT_VS1C1F1"/>
<ITEMREF REFNAME="VSCAT_VS1F1"/>
<ITEMREF REFNAME="AJCRVEVAL_AJCRV_F1"/>
<ITEMREF REFNAME="AJCEVEVAL_AJCEV_F1"/>
<ITEMREF REFNAME="AJHSPHFEVAL_AJHSPHFF1"/>
<ITEMREF REFNAME="AJDTHEVAL_AJDTHF1"/>
<ITEMREF REFNAME="AJCIEEVAL_AJCIE_F1"/>
<ITEMREF REFNAME="DSCAT_1_DS1F2"/>
<ITEMREF REFNAME="DSCAT_1_DS1F4"/>
<ITEMREF REFNAME="DSCAT_1_DS1F5"/>
<ITEMREF REFNAME="DSCAT_1_DS1F6"/>
<ITEMREF REFNAME="DSCAT_1_DS1F7"/>
<ITEMREF REFNAME="DSCAT_1_DSC1F6"/>
<ITEMREF REFNAME="DSSCAT_DS1F2"/>
<ITEMREF REFNAME="DSSCAT_DS1F4"/>
<ITEMREF REFNAME="DSSCAT_DS1F5"/>
<ITEMREF REFNAME="DSSCAT_DS1F6"/>
<ITEMREF REFNAME="DSSCAT_DS1F7"/>
<ITEMREF REFNAME="DSSCAT_DSC1F6"/>
<ITEMREF REFNAME="DSSCAT_IC_DS2001_F1"/>
<ITEMREF REFNAME="DSCAT_2_DS2001_F1"/>
<ITEMREF REFNAME="DSEVAL_IC_DS2001_F1"/>
<ITEMREF REFNAME="ROUTCOMP_CM1F2"/>
<ITEMREF REFNAME="ECREFID_EC1F1"/>
<ITEMREF REFNAME="ECCAT_EC1F1"/>
<ITEMREF REFNAME="EGCAT_EG3001_F1"/>
<ITEMREF REFNAME="EGCAT_EG3001_F2"/>
<ITEMREF REFNAME="FACAT_AJCEV_F1"/>
<ITEMREF REFNAME="FACAT_AJCIE_F1"/>
<ITEMREF REFNAME="FACAT_AJCRV_F1"/>
<ITEMREF REFNAME="FACAT_AJDTHF1"/>
<ITEMREF REFNAME="FACAT_AJHSPHFF1"/>
<ITEMREF REFNAME="FACAT_AJPNC2F1"/>
<ITEMREF REFNAME="FACAT_EPCEV_F1"/>
<ITEMREF REFNAME="FACAT_EPCIE_F1"/>
<ITEMREF REFNAME="FACAT_EPCRVF1"/>
<ITEMREF REFNAME="FACAT_EPDTHF1"/>
<ITEMREF REFNAME="FACAT_EPHSPHF_F1"/>
<ITEMREF REFNAME="FACAT_EPPNC_F1"/>
<ITEMREF REFNAME="FACAT_EXCMP1001_F1"/>
<ITEMREF REFNAME="FACAT_HYPO"/>
<ITEMREF REFNAME="EPCEVEVAL_EPCEV_F1"/>
<ITEMREF REFNAME="EPCIEEVAL_EPCIE_F1"/>
<ITEMREF REFNAME="EPCRVEVAL_EPCRVF1"/>
<ITEMREF REFNAME="EPDTHEVAL_EPDTHF1"/>
<ITEMREF REFNAME="EPHSPHFEVAL_EPHSPHF_F1"/>
<ITEMREF REFNAME="EXCAT_EX1F1"/>
<ITEMREF REFNAME="EXCMPOBJ_EXCMP1001_F1"/>
<ITEMREF REFNAME="AEDECOD_AE3001_F1"/>
<ITEMREF REFNAME="DICT_DICTVER_CM1C2F2"/>
<ITEMREF REFNAME="DICT_DICTVER_CM1F1"/>
<ITEMREF REFNAME="DICT_DICTVER_CM1F2"/>
<ITEMREF REFNAME="DICT_DICTVER_CM2001_F2"/>
<ITEMREF REFNAME="DICT_DICTVER_CM3F2"/>
<ITEMREF REFNAME="CMDECOD_CM1C2F2"/>
<ITEMREF REFNAME="CMDECOD_CM1F1"/>
<ITEMREF REFNAME="CMDECOD_CM1F2"/>
<ITEMREF REFNAME="CMDECOD_CM2001_F2"/>
<ITEMREF REFNAME="CMDECOD_CM3F2"/>
<ITEMREF REFNAME="CMTRADNM_CM1C2F2"/>
<ITEMREF REFNAME="CMTRADNM_CM1F1"/>
<ITEMREF REFNAME="CMTRADNM_CM1F2"/>
<ITEMREF REFNAME="CMTRADNM_CM2001_F2"/>
<ITEMREF REFNAME="CMTRADNM_CM3F2"/>
<ITEMREF REFNAME="CMTRADNM_CM4001_F1"/>
<ITEMREF REFNAME="DICT_DICTVER_CM4001_F1"/>
<ITEMREF REFNAME="CMDECOD_CM4001_F1"/>
<ITEMREF REFNAME="TRTTERMCD_CM1C2F2"/>
<ITEMREF REFNAME="TRTTERMCD_CM1F1"/>
<ITEMREF REFNAME="TRTTERMCD_CM1F2"/>
<ITEMREF REFNAME="TRTTERMCD_CM2001_F2"/>
<ITEMREF REFNAME="TRTTERMCD_CM3F2"/>
<ITEMREF REFNAME="TRTTERMCD_CM4001_F1"/>
<ITEMREF REFNAME="CMCLASCD_CM1C2F2"/>
<ITEMREF REFNAME="CMCLASCD_CM1F1"/>
<ITEMREF REFNAME="CMCLASCD_CM1F2"/>
<ITEMREF REFNAME="CMCLASCD_CM2001_F2"/>
<ITEMREF REFNAME="CMCLASCD_CM3F2"/>
<ITEMREF REFNAME="CMCLASCD_CM4001_F1"/>
<ITEMREF REFNAME="CMCLAS_CM1C2F2"/>
<ITEMREF REFNAME="CMCLAS_CM1F1"/>
<ITEMREF REFNAME="CMCLAS_CM1F2"/>
<ITEMREF REFNAME="CMCLAS_CM2001_F2"/>
<ITEMREF REFNAME="CMCLAS_CM3F2"/>
<ITEMREF REFNAME="CMCLAS_CM4001_F1"/>
<ITEMREF REFNAME="CMTRT_MAP_CM1C2F2"/>
<ITEMREF REFNAME="CMTRT_MAP_CM1F1"/>
<ITEMREF REFNAME="CMTRT_MAP_CM1F2"/>
<ITEMREF REFNAME="CMTRT_MAP_CM2001_F2"/>
<ITEMREF REFNAME="CMTRT_MAP_CM3F2"/>
<ITEMREF REFNAME="CMTRT_MAP_CM4001_F1"/>
<ITEMREF REFNAME="CMSCAT_CM3F2"/>
<ITEMREF REFNAME="CMSCAT_CM1F1"/>
<ITEMREF REFNAME="CMSCAT_CM1F2"/>
<ITEMREF REFNAME="CMSCAT_CM2001_F2"/>
<ITEMREF REFNAME="CMSCAT_CM4001_F1"/>
<ITEMREF REFNAME="CMROUTE_CM3F2"/>
<ITEMREF REFNAME="CMROUTE_CM4001_F1"/>
<ITEMREF REFNAME="CMROUTE_MAP_CM4001_F1"/>
<ITEMREF REFNAME="CMINDC_PRIOR_MAP_CM2F2"/>
<ITEMREF REFNAME="CMINDC_PRIOR_MAP_CM4F1"/>
<ITEMREF REFNAME="CMDOSFRQ_CM3F2"/>
<ITEMREF REFNAME="ROUTCOMP_CM3F2"/>
<ITEMREF REFNAME="INDCOMP_CM3F2"/>
<ITEMREF REFNAME="INDCOMP_CM1F1"/>
<ITEMREF REFNAME="INDCOMP_CM1F2"/>
<ITEMREF REFNAME="INDCOMP_CM1C1F2"/>
<ITEMREF REFNAME="INDCOMP_CM1C2F2"/>
<ITEMREF REFNAME="ROUTCOMP_CM1C2F2"/>
<ITEMREF REFNAME="CMDOSEU_CM1F2"/>
<ITEMREF REFNAME="CMDOSFRQ_CM1F2"/>
<ITEMREF REFNAME="CMDOSEU_CM4001_F1"/>
<ITEMREF REFNAME="CMDOSFRQ_CM4001_F1"/>

</ITEMGROUP>

<ITEMGROUP 
GROUPNAME="GPS_eSAE_Hidden"
GROUPDESCRIPTION="Hidden to GPS rights group, hidden to Adjudicator and Central Group, default access to all other rights groups.">
 <!-- Insert ItemRef Names -->
<ITEMREF REFNAME="SAEASMDAT_SAE2F1"/>
<ITEMREF REFNAME="SAEFUAWADAT_SAE2F1"/>
<ITEMREF REFNAME="SAEFUASMDAT_SAE2F1"/>
<ITEMREF REFNAME="SAEAWADAT_SAE2F1"/>

</ITEMGROUP>

<ITEMGROUP 
GROUPNAME="nonData_Manager_Hidden"
GROUPDESCRIPTION="Items hidden to all but Data_Manager editable.">
 <!-- Insert ItemRef Names -->
<ITEMREF REFNAME="CDQATRIG"/>
<ITEMREF REFNAME="CALRULETRIG"/>
<ITEMREF REFNAME="WFRULETRIG"/>

</ITEMGROUP>

<ITEMGROUP 
GROUPNAME="nonData_Manager_ReadOnly"
GROUPDESCRIPTION="Items are Data_Manager editable, and Read-only for all other groups except Adjudicator and Central Grp.  For the Groups Adjudicator and Central Grp, it will be a Hidden Item.">
 <!-- Insert ItemRef Names -->
<ITEMREF REFNAME="CDQ_CDQA"/>
<ITEMREF REFNAME="VISDATMD_SV1F1"/>

</ITEMGROUP>

</MEDMLDATA>