<?xml version="1.0"?>
<MEDMLDATA xmlns="PhaseForward-MedML-Inform4">


<REPORTINGGROUP
GROUPNAME="Ad Hoc Users"
GROUPDESCRIPTION="Users who have access to Ad Hoc Reporting">
<!-- Insert Users -->
<USERREF USERNAME="z1x3734"/>
<USERREF USERNAME="z1x9560"/>
<USERREF USERNAME="JECA_RE"/>
</REPORTINGGROUP>

<QUERYGROUP
GROUPNAME="CDM_CRA Query"
GROUPDESCRIPTION="CDM_CRA Query">
<!-- Insert Users -->
<USERREF USERNAME="autoquery"/>
<USERREF USERNAME="z2x3232"/>
<USERREF USERNAME="z3x2517"/>
<USERREF USERNAME="z1x3734"/>
<USERREF USERNAME="C239759"/>
<USERREF USERNAME="c229511"/>
<USERREF USERNAME="z1x9560"/>
</QUERYGROUP>

<QUERYGROUP
GROUPNAME="Coding Query Group"
GROUPDESCRIPTION="Coding Query Group">
<!-- Insert Users -->
<USERREF USERNAME="coder_query"/>
</QUERYGROUP>

<QUERYGROUP
GROUPNAME="GPS_Query"
GROUPDESCRIPTION="GPS_Query">
<!-- Insert Users -->
<USERREF USERNAME="c083101"/>
<USERREF USERNAME="c206591"/>
<USERREF USERNAME="c069132"/>
<USERREF USERNAME="c057362"/>
<USERREF USERNAME="v6x8058"/>
<USERREF USERNAME="c090108"/>
<USERREF USERNAME="c039853"/>
<USERREF USERNAME="c074090"/>
<USERREF USERNAME="c085302"/>
<USERREF USERNAME="c074342"/>
<USERREF USERNAME="c149177"/>
<USERREF USERNAME="c131994"/>
<USERREF USERNAME="yex7972"/>
<USERREF USERNAME="c025980"/>
<USERREF USERNAME="c137396"/>
<USERREF USERNAME="c075541"/>
<USERREF USERNAME="c074429"/>
<USERREF USERNAME="c026390"/>
<USERREF USERNAME="yex8021"/>
<USERREF USERNAME="c058698"/>
<USERREF USERNAME="u7x2510"/>
<USERREF USERNAME="yex7920"/>
<USERREF USERNAME="rm36132"/>
<USERREF USERNAME="a511471"/>
<USERREF USERNAME="rm80655"/>
<USERREF USERNAME="c199642"/>
<USERREF USERNAME="c223292"/>
<USERREF USERNAME="c068502"/>
<USERREF USERNAME="c228246"/>
<USERREF USERNAME="c228248"/>
<USERREF USERNAME="c068505"/>
<USERREF USERNAME="c149066"/>
<USERREF USERNAME="c021984"/>
<USERREF USERNAME="rm35504"/>
<USERREF USERNAME="ye91098"/>
<USERREF USERNAME="v6x8356"/>
<USERREF USERNAME="c039863"/>
<USERREF USERNAME="c219898"/>
<USERREF USERNAME="c196248"/>
<USERREF USERNAME="c218621"/>
<USERREF USERNAME="c196683"/>
<USERREF USERNAME="c228249"/>
<USERREF USERNAME="c228247"/>
<USERREF USERNAME="c228250"/>
<USERREF USERNAME="c149176"/>
<USERREF USERNAME="a701824"/>
<USERREF USERNAME="c026393"/>
<USERREF USERNAME="a608760"/>
<USERREF USERNAME="a608261"/>
<USERREF USERNAME="c143125"/>
<USERREF USERNAME="c135748"/>
<USERREF USERNAME="c149470"/>
<USERREF USERNAME="a803075"/>
<USERREF USERNAME="rm87794"/>
<USERREF USERNAME="c003859"/>
<USERREF USERNAME="c079244"/>
<USERREF USERNAME="rm89018"/>
<USERREF USERNAME="c015393"/>
<USERREF USERNAME="c071673"/>
<USERREF USERNAME="rm90029"/>
</QUERYGROUP>

<SIGNATUREGROUP
GROUPNAME="PI Signature"
GROUPDESCRIPTION="PI Signature"
CRBMEANING="Approved"

CRBTEXT="By my dated signature below, I  %s  %s, verify that all case report form pages accurately display the results of the examinations, tests, evaluations and treatments performed on this patient.&lt;BR&gt;&lt;BR&gt;Pursuant to Section 11.100 of Title 21 of the Code of Federal Regulations, this is to certify that I intend that this electronic signature is to be the legally binding equivalent of my handwritten signature. &lt;BR&gt;&lt;BR&gt;To this I do attest by supplying my user name and password and clicking the button marked &lt;B&gt;Submit&lt;/B&gt; below"
 LANGUAGE="en-US">
<!-- Insert Users -->
<USERREF USERNAME="cmassard"/>
<USERREF USERNAME="dhong"/>
<USERREF USERNAME="jrodon"/>
</SIGNATUREGROUP>

<REPORTINGGROUP
GROUPNAME="Publishers"
GROUPDESCRIPTION="Users who can create folders and other content within the Public Folder space">
<!-- Insert Users -->
<USERREF USERNAME="z1x9560"/>
<USERREF USERNAME="JECA_RE"/>
<USERREF USERNAME="ZPFkbarkoczi"/>
<USERREF USERNAME="z1x3734"/>
</REPORTINGGROUP>

<REPORTINGGROUP
GROUPNAME="Report Administrators"
GROUPDESCRIPTION="Users who can administer authorized public content such as setting permissions on folders and reports">
<!-- Insert Users -->
<USERREF USERNAME="z1x9560"/>
<USERREF USERNAME="z1x3734"/>
</REPORTINGGROUP>

<REPORTINGGROUP
GROUPNAME="Site Users"
GROUPDESCRIPTION="Site Users">
<!-- Insert Users -->
<USERREF USERNAME="jrodon"/>
<USERREF USERNAME="lcarbonell"/>
<USERREF USERNAME="dhong"/>
<USERREF USERNAME="alagache"/>
<USERREF USERNAME="amartinez"/>
<USERREF USERNAME="uvu"/>
<USERREF USERNAME="cmassard"/>
</REPORTINGGROUP>

<REPORTINGGROUP
GROUPNAME="Sponsor Users"
GROUPDESCRIPTION="Sponsor Users">
<!-- Insert Users -->
<USERREF USERNAME="coder_query"/>
<USERREF USERNAME="c232964"/>
<USERREF USERNAME="z3x2517"/>
<USERREF USERNAME="c226040"/>
<USERREF USERNAME="z1x3734"/>
<USERREF USERNAME="c083101"/>
<USERREF USERNAME="rm90029"/>
<USERREF USERNAME="c069132"/>
<USERREF USERNAME="c057362"/>
<USERREF USERNAME="v6x8058"/>
<USERREF USERNAME="c090108"/>
<USERREF USERNAME="c039853"/>
<USERREF USERNAME="c074090"/>
<USERREF USERNAME="c085302"/>
<USERREF USERNAME="c074342"/>
<USERREF USERNAME="c149177"/>
<USERREF USERNAME="c131994"/>
<USERREF USERNAME="yex7972"/>
<USERREF USERNAME="c025980"/>
<USERREF USERNAME="c137396"/>
<USERREF USERNAME="c075541"/>
<USERREF USERNAME="c074429"/>
<USERREF USERNAME="c026390"/>
<USERREF USERNAME="yex8021"/>
<USERREF USERNAME="c058698"/>
<USERREF USERNAME="u7x2510"/>
<USERREF USERNAME="yex7920"/>
<USERREF USERNAME="rm36132"/>
<USERREF USERNAME="a511471"/>
<USERREF USERNAME="rm80655"/>
<USERREF USERNAME="c199642"/>
<USERREF USERNAME="c223292"/>
<USERREF USERNAME="c068502"/>
<USERREF USERNAME="c228246"/>
<USERREF USERNAME="c228248"/>
<USERREF USERNAME="c068505"/>
<USERREF USERNAME="c149066"/>
<USERREF USERNAME="c021984"/>
<USERREF USERNAME="rm35504"/>
<USERREF USERNAME="ye91098"/>
<USERREF USERNAME="v6x8356"/>
<USERREF USERNAME="c039863"/>
<USERREF USERNAME="c219898"/>
<USERREF USERNAME="c196248"/>
<USERREF USERNAME="c218621"/>
<USERREF USERNAME="c196683"/>
<USERREF USERNAME="c228249"/>
<USERREF USERNAME="c228247"/>
<USERREF USERNAME="c228250"/>
<USERREF USERNAME="z2x3232"/>
<USERREF USERNAME="c229511"/>
<USERREF USERNAME="JECA_RE"/>
<USERREF USERNAME="c018771"/>
<USERREF USERNAME="wa00899"/>
<USERREF USERNAME="va05297"/>
<USERREF USERNAME="z1x9560"/>
<USERREF USERNAME="c149176"/>
<USERREF USERNAME="a701824"/>
<USERREF USERNAME="c026393"/>
<USERREF USERNAME="a608760"/>
<USERREF USERNAME="a608261"/>
<USERREF USERNAME="c143125"/>
<USERREF USERNAME="c135748"/>
<USERREF USERNAME="c149470"/>
<USERREF USERNAME="a803075"/>
<USERREF USERNAME="rm87794"/>
<USERREF USERNAME="c003859"/>
<USERREF USERNAME="c079244"/>
<USERREF USERNAME="rm89018"/>
<USERREF USERNAME="c015393"/>
<USERREF USERNAME="c071673"/>
<USERREF USERNAME="c206591"/>
<USERREF USERNAME="C239759"/>
<USERREF USERNAME="C224889"/>
</REPORTINGGROUP>

<REPORTINGGROUP
GROUPNAME="User Admin Info Data Users"
GROUPDESCRIPTION="Users who have access to user data including password related data">
<!-- Insert Users -->
<USERREF USERNAME="C239759"/>
<USERREF USERNAME="c083101"/>
<USERREF USERNAME="rm90029"/>
<USERREF USERNAME="c069132"/>
<USERREF USERNAME="c057362"/>
<USERREF USERNAME="v6x8058"/>
<USERREF USERNAME="c090108"/>
<USERREF USERNAME="c039853"/>
<USERREF USERNAME="c074090"/>
<USERREF USERNAME="c085302"/>
<USERREF USERNAME="c074342"/>
<USERREF USERNAME="c149177"/>
<USERREF USERNAME="c131994"/>
<USERREF USERNAME="yex7972"/>
<USERREF USERNAME="c025980"/>
<USERREF USERNAME="c137396"/>
<USERREF USERNAME="c075541"/>
<USERREF USERNAME="c074429"/>
<USERREF USERNAME="c026390"/>
<USERREF USERNAME="yex8021"/>
<USERREF USERNAME="c058698"/>
<USERREF USERNAME="u7x2510"/>
<USERREF USERNAME="yex7920"/>
<USERREF USERNAME="rm36132"/>
<USERREF USERNAME="a511471"/>
<USERREF USERNAME="rm80655"/>
<USERREF USERNAME="c199642"/>
<USERREF USERNAME="c223292"/>
<USERREF USERNAME="c068502"/>
<USERREF USERNAME="c228246"/>
<USERREF USERNAME="c228248"/>
<USERREF USERNAME="c068505"/>
<USERREF USERNAME="c149066"/>
<USERREF USERNAME="c021984"/>
<USERREF USERNAME="rm35504"/>
<USERREF USERNAME="ye91098"/>
<USERREF USERNAME="v6x8356"/>
<USERREF USERNAME="c039863"/>
<USERREF USERNAME="c219898"/>
<USERREF USERNAME="c196248"/>
<USERREF USERNAME="c218621"/>
<USERREF USERNAME="c196683"/>
<USERREF USERNAME="c228249"/>
<USERREF USERNAME="c228247"/>
<USERREF USERNAME="c228250"/>
<USERREF USERNAME="z2x3232"/>
<USERREF USERNAME="c229511"/>
<USERREF USERNAME="JECA_RE"/>
<USERREF USERNAME="z1x9560"/>
<USERREF USERNAME="c149176"/>
<USERREF USERNAME="a701824"/>
<USERREF USERNAME="c026393"/>
<USERREF USERNAME="a608760"/>
<USERREF USERNAME="a608261"/>
<USERREF USERNAME="c143125"/>
<USERREF USERNAME="c135748"/>
<USERREF USERNAME="c149470"/>
<USERREF USERNAME="a803075"/>
<USERREF USERNAME="rm87794"/>
<USERREF USERNAME="c003859"/>
<USERREF USERNAME="c079244"/>
<USERREF USERNAME="rm89018"/>
<USERREF USERNAME="c015393"/>
<USERREF USERNAME="c071673"/>
<USERREF USERNAME="c206591"/>
<USERREF USERNAME="z3x2517"/>
<USERREF USERNAME="z1x3734"/>
</REPORTINGGROUP>

<REPORTINGGROUP
GROUPNAME="User Info Data Users"
GROUPDESCRIPTION="Users who have access to user data except password related data">
<!-- Insert Users -->
<USERREF USERNAME="c083101"/>
<USERREF USERNAME="ZPFkbarkoczi"/>
<USERREF USERNAME="c069132"/>
<USERREF USERNAME="c057362"/>
<USERREF USERNAME="v6x8058"/>
<USERREF USERNAME="c090108"/>
<USERREF USERNAME="c039853"/>
<USERREF USERNAME="c074090"/>
<USERREF USERNAME="c085302"/>
<USERREF USERNAME="c074342"/>
<USERREF USERNAME="c149177"/>
<USERREF USERNAME="c131994"/>
<USERREF USERNAME="yex7972"/>
<USERREF USERNAME="c025980"/>
<USERREF USERNAME="c137396"/>
<USERREF USERNAME="c075541"/>
<USERREF USERNAME="c074429"/>
<USERREF USERNAME="c026390"/>
<USERREF USERNAME="yex8021"/>
<USERREF USERNAME="c058698"/>
<USERREF USERNAME="u7x2510"/>
<USERREF USERNAME="yex7920"/>
<USERREF USERNAME="rm36132"/>
<USERREF USERNAME="a511471"/>
<USERREF USERNAME="rm80655"/>
<USERREF USERNAME="c199642"/>
<USERREF USERNAME="c223292"/>
<USERREF USERNAME="c068502"/>
<USERREF USERNAME="c228246"/>
<USERREF USERNAME="c228248"/>
<USERREF USERNAME="c068505"/>
<USERREF USERNAME="c149066"/>
<USERREF USERNAME="c021984"/>
<USERREF USERNAME="rm35504"/>
<USERREF USERNAME="ye91098"/>
<USERREF USERNAME="v6x8356"/>
<USERREF USERNAME="c039863"/>
<USERREF USERNAME="c219898"/>
<USERREF USERNAME="c196248"/>
<USERREF USERNAME="c218621"/>
<USERREF USERNAME="c196683"/>
<USERREF USERNAME="c228249"/>
<USERREF USERNAME="c228247"/>
<USERREF USERNAME="c228250"/>
<USERREF USERNAME="wa00899"/>
<USERREF USERNAME="c149176"/>
<USERREF USERNAME="a701824"/>
<USERREF USERNAME="c026393"/>
<USERREF USERNAME="a608760"/>
<USERREF USERNAME="a608261"/>
<USERREF USERNAME="c143125"/>
<USERREF USERNAME="c135748"/>
<USERREF USERNAME="c149470"/>
<USERREF USERNAME="a803075"/>
<USERREF USERNAME="rm87794"/>
<USERREF USERNAME="c003859"/>
<USERREF USERNAME="c079244"/>
<USERREF USERNAME="rm89018"/>
<USERREF USERNAME="c015393"/>
<USERREF USERNAME="c071673"/>
<USERREF USERNAME="c206591"/>
<USERREF USERNAME="rm90029"/>
</REPORTINGGROUP>

</MEDMLDATA>