<?xml version="1.0"?>
<MEDMLDATA xmlns="PhaseForward-MedML-Inform4">

<ITEMGROUP 
GROUPNAME="Data_Manager_ReadOnly"
GROUPDESCRIPTION="Data_Manager_ReadOnly">
 <!-- Insert ItemRef Names -->
<ITEMREF REFNAME="AECAT_AE4001_F1"/>
<ITEMREF REFNAME="AECAT_AE4001_F2"/>
<ITEMREF REFNAME="AEDECOD_AE4001_F2"/>
<ITEMREF REFNAME="AELLTCD_AE4001_F2"/>
<ITEMREF REFNAME="AELLT_AE4001_F2"/>
<ITEMREF REFNAME="AETERM_MAP_AE4001_F2"/>
<ITEMREF REFNAME="CMCAT_CM1F1"/>
<ITEMREF REFNAME="CMCAT_CM1F3"/>
<ITEMREF REFNAME="CMCLASCD_CM1F1"/>
<ITEMREF REFNAME="CMCLASCD_CM1F3"/>
<ITEMREF REFNAME="CMCLASCD_SYST3F1"/>
<ITEMREF REFNAME="CMCLASCD_SYST3F2"/>
<ITEMREF REFNAME="CMCLAS_CM1F1"/>
<ITEMREF REFNAME="CMCLAS_CM1F3"/>
<ITEMREF REFNAME="CMCLAS_SYST3F1"/>
<ITEMREF REFNAME="CMCLAS_SYST3F2"/>
<ITEMREF REFNAME="CMDECOD_CM1F1"/>
<ITEMREF REFNAME="CMDECOD_CM1F3"/>
<ITEMREF REFNAME="CMDECOD_SYST3F1"/>
<ITEMREF REFNAME="CMDECOD_SYST3F2"/>
<ITEMREF REFNAME="CMTRADNM_CM1F1"/>
<ITEMREF REFNAME="CMTRADNM_CM1F3"/>
<ITEMREF REFNAME="CMTRADNM_SYST3F1"/>
<ITEMREF REFNAME="CMTRADNM_SYST3F2"/>
<ITEMREF REFNAME="CMTRT_MAP_CM1F1"/>
<ITEMREF REFNAME="CMTRT_MAP_CM1F3"/>
<ITEMREF REFNAME="DACAT_DA1F1"/>
<ITEMREF REFNAME="DACAT_DA1F2"/>
<ITEMREF REFNAME="DICT_DICTVER_AE4001_F2"/>
<ITEMREF REFNAME="DICT_DICTVER_CM1F1"/>
<ITEMREF REFNAME="DICT_DICTVER_CM1F3"/>
<ITEMREF REFNAME="DICT_DICTVER_MH8001_F1"/>
<ITEMREF REFNAME="DICT_DICTVER_MH8IPD3F1"/>
<ITEMREF REFNAME="DICT_DICTVER_SYST3F1"/>
<ITEMREF REFNAME="DICT_DICTVER_SYST3F2"/>
<ITEMREF REFNAME="DSCAT_1_DS1EX1F1"/>
<ITEMREF REFNAME="DSCAT_1_DS1F1"/>
<ITEMREF REFNAME="DSCAT_1_DS1F2"/>
<ITEMREF REFNAME="DSCAT_1_DS1F3"/>
<ITEMREF REFNAME="DSCAT_1_EX1DS1_F1"/>
<ITEMREF REFNAME="DSCAT_1_EX1DS1_F10"/>
<ITEMREF REFNAME="DSCAT_1_EX1DS1_F11"/>
<ITEMREF REFNAME="DSCAT_1_EX1DS1_F14"/>
<ITEMREF REFNAME="DSCAT_1_EX1DS1_F15"/>
<ITEMREF REFNAME="DSCAT_1_EX1DS1_F12"/>
<ITEMREF REFNAME="DSCAT_1_EX1DS1_F13"/>
<ITEMREF REFNAME="DSCAT_1_EX1DS1_F16"/>
<ITEMREF REFNAME="DSCAT_1_EX1DS1_F17"/>
<ITEMREF REFNAME="DSCAT_1_EX1DS1_F2"/>
<ITEMREF REFNAME="DSCAT_1_EX1DS1_F21"/>
<ITEMREF REFNAME="DSCAT_1_EX1DS1_F18"/>
<ITEMREF REFNAME="DSCAT_1_EX1DS1_F19"/>
<ITEMREF REFNAME="DSCAT_1_EX1DS1_F20"/>
<ITEMREF REFNAME="DSCAT_1_EX1DS1_F22"/>
<ITEMREF REFNAME="DSCAT_1_EX1DS1_F3"/>
<ITEMREF REFNAME="DSCAT_1_EX1DS1_F4"/>
<ITEMREF REFNAME="PFCAT_MMDX2001_F2"/>
<ITEMREF REFNAME="PFCAT_MMDX2001_F3"/>
<ITEMREF REFNAME="DSCAT_1_EX1DS1_F7"/>
<ITEMREF REFNAME="DSCAT_1_EX1DS1_F5"/>
<ITEMREF REFNAME="PRLOC_PR1001_F1"/>
<ITEMREF REFNAME="DSCAT_1_EX1DS1_F6"/>
<ITEMREF REFNAME="DSCAT_1_EX1DS1_F8"/>
<ITEMREF REFNAME="DSCAT_1_EX1DS1_F9"/>
<ITEMREF REFNAME="DSCAT_1_SS1DS1F1"/>
<ITEMREF REFNAME="DSCAT_2_DS2001_F1"/>
<ITEMREF REFNAME="DSSCAT_EX1DS1_F1"/>
<ITEMREF REFNAME="DSSCAT_EX1DS1_F10"/>
<ITEMREF REFNAME="DSSCAT_EX1DS1_F11"/>
<ITEMREF REFNAME="DSSCAT_EX1DS1_F12"/>
<ITEMREF REFNAME="DSSCAT_EX1DS1_F13"/>
<ITEMREF REFNAME="DSSCAT_EX1DS1_F14"/>
<ITEMREF REFNAME="DSSCAT_EX1DS1_F15"/>
<ITEMREF REFNAME="DSSCAT_EX1DS1_F16"/>
<ITEMREF REFNAME="DSSCAT_EX1DS1_F17"/>
<ITEMREF REFNAME="DSSCAT_EX1DS1_F18"/>
<ITEMREF REFNAME="DSSCAT_EX1DS1_F19"/>
<ITEMREF REFNAME="DSSCAT_EX1DS1_F2"/>
<ITEMREF REFNAME="DSSCAT_EX1DS1_F20"/>
<ITEMREF REFNAME="DSSCAT_EX1DS1_F21"/>
<ITEMREF REFNAME="DSSCAT_EX1DS1_F22"/>
<ITEMREF REFNAME="DSSCAT_EX1DS1_F3"/>
<ITEMREF REFNAME="DSSCAT_EX1DS1_F4"/>
<ITEMREF REFNAME="DSSCAT_EX1DS1_F5"/>
<ITEMREF REFNAME="DSSCAT_EX1DS1_F6"/>
<ITEMREF REFNAME="DSSCAT_EX1DS1_F7"/>
<ITEMREF REFNAME="DSSCAT_EX1DS1_F8"/>
<ITEMREF REFNAME="DSSCAT_EX1DS1_F9"/>
<ITEMREF REFNAME="DSSCAT_IC_DS2001_F1"/>
<ITEMREF REFNAME="DSEVAL_IC_DS2001_F1"/>
<ITEMREF REFNAME="DSSCAT_DS1EX1F1"/>
<ITEMREF REFNAME="DSSCAT_DS1F1"/>
<ITEMREF REFNAME="DSSCAT_DS1F2"/>
<ITEMREF REFNAME="DSSCAT_DS1F3"/>
<ITEMREF REFNAME="DSSCAT_SS1DS1F1"/>
<ITEMREF REFNAME="ECCAT_EC1F1"/>
<ITEMREF REFNAME="EXCAT_DS1EX1F1"/>
<ITEMREF REFNAME="EXCAT_EX1DS1_F1"/>
<ITEMREF REFNAME="EXCAT_EX1DS1_F10"/>
<ITEMREF REFNAME="EXCAT_EX1DS1_F11"/>
<ITEMREF REFNAME="EXCAT_EX1DS1_F12"/>
<ITEMREF REFNAME="EXCAT_EX1DS1_F13"/>
<ITEMREF REFNAME="EXCAT_EX1DS1_F14"/>
<ITEMREF REFNAME="EXCAT_EX1DS1_F15"/>
<ITEMREF REFNAME="EXCAT_EX1DS1_F16"/>
<ITEMREF REFNAME="EXCAT_EX1DS1_F17"/>
<ITEMREF REFNAME="EXCAT_EX1DS1_F18"/>
<ITEMREF REFNAME="EXCAT_EX1DS1_F19"/>
<ITEMREF REFNAME="EXCAT_EX1DS1_F2"/>
<ITEMREF REFNAME="EXCAT_EX1DS1_F20"/>
<ITEMREF REFNAME="EXCAT_EX1DS1_F21"/>
<ITEMREF REFNAME="EXCAT_EX1DS1_F22"/>
<ITEMREF REFNAME="EXCAT_EX1DS1_F3"/>
<ITEMREF REFNAME="EXCAT_EX1DS1_F4"/>
<ITEMREF REFNAME="EXCAT_EX1DS1_F5"/>
<ITEMREF REFNAME="EXCAT_EX1DS1_F6"/>
<ITEMREF REFNAME="EXCAT_EX1DS1_F7"/>
<ITEMREF REFNAME="EXCAT_EX1DS1_F8"/>
<ITEMREF REFNAME="EXCAT_EX1DS1_F9"/>
<ITEMREF REFNAME="EXCAT_EX1F3"/>
<ITEMREF REFNAME="EXCAT_EX1F4"/>
<ITEMREF REFNAME="EXCAT_EX1F5"/>
<ITEMREF REFNAME="EXCAT_EX1ML1F1"/>
<ITEMREF REFNAME="EXDOSFRM_EX1DS1_F1"/>
<ITEMREF REFNAME="EXDOSFRM_EX1DS1_F10"/>
<ITEMREF REFNAME="EXDOSFRM_EX1DS1_F11"/>
<ITEMREF REFNAME="PRTRT_IRAD_IRAD3001_C1F1"/>
<ITEMREF REFNAME="PRTRT_IRAD_IRAD3001_F1"/>
<ITEMREF REFNAME="PRTRT_IRAD_IRAD3001_F2"/>
<ITEMREF REFNAME="QSCAT_CURMS2F2"/>
<ITEMREF REFNAME="QSCAT_ECOG1001_F1"/>
<ITEMREF REFNAME="RSCAT_MEAS_RS2F2"/>
<ITEMREF REFNAME="EXCAT_EX1F2"/>
<ITEMREF REFNAME="RSCAT_IRRC_IRRC1001_F1"/>
<ITEMREF REFNAME="RSCAT_MEAS_RS2F1"/>
<ITEMREF REFNAME="RSCAT_OVRLRESPM_RS2F1"/>
<ITEMREF REFNAME="RSCAT_OVRLRESPM_RS2F2"/>
<ITEMREF REFNAME="RSCAT_RS1F1"/>
<ITEMREF REFNAME="SAXISU_TU1C2F1S2"/>
<ITEMREF REFNAME="SAXISU_TU1F1S2"/>
<ITEMREF REFNAME="SAXISU_TU2F1S2"/>
<ITEMREF REFNAME="SAXISU_TU7UF2S2"/>
<ITEMREF REFNAME="SSCAT_SS1DS1F1"/>
<ITEMREF REFNAME="SSLSTKAD_SS1DS1F1"/>
<ITEMREF REFNAME="SUCAT_ALCOHOL_SU1001_F2"/>
<ITEMREF REFNAME="SUCAT_TOBACCO_SU3001_F2"/>
<ITEMREF REFNAME="SUPRESP_SU1001_F2"/>
<ITEMREF REFNAME="SUPRESP_SU3001_F2"/>
<ITEMREF REFNAME="EXDOSFRM_EX1DS1_F12"/>
<ITEMREF REFNAME="EXDOSFRM_EX1DS1_F13"/>
<ITEMREF REFNAME="EXDOSFRM_EX1DS1_F14"/>
<ITEMREF REFNAME="EXDOSFRM_EX1DS1_F15"/>
<ITEMREF REFNAME="EXDOSFRM_EX1DS1_F16"/>
<ITEMREF REFNAME="EXDOSFRM_EX1DS1_F17"/>
<ITEMREF REFNAME="EXDOSFRM_EX1DS1_F18"/>
<ITEMREF REFNAME="EXDOSFRM_EX1DS1_F19"/>
<ITEMREF REFNAME="EXDOSFRM_EX1DS1_F2"/>
<ITEMREF REFNAME="EXDOSFRM_EX1DS1_F20"/>
<ITEMREF REFNAME="EXDOSFRM_EX1DS1_F21"/>
<ITEMREF REFNAME="EXDOSFRM_EX1DS1_F22"/>
<ITEMREF REFNAME="EXDOSFRM_EX1DS1_F3"/>
<ITEMREF REFNAME="EXDOSFRM_EX1DS1_F4"/>
<ITEMREF REFNAME="EXDOSFRM_EX1DS1_F5"/>
<ITEMREF REFNAME="EXDOSFRM_EX1DS1_F6"/>
<ITEMREF REFNAME="EXDOSFRM_EX1DS1_F7"/>
<ITEMREF REFNAME="EXDOSFRM_EX1DS1_F8"/>
<ITEMREF REFNAME="EXDOSFRM_EX1DS1_F9"/>
<ITEMREF REFNAME="EXDOSFRQ_EX1DS1_F1"/>
<ITEMREF REFNAME="EXDOSFRQ_EX1DS1_F10"/>
<ITEMREF REFNAME="EXDOSFRQ_EX1DS1_F11"/>
<ITEMREF REFNAME="EXDOSFRQ_EX1DS1_F12"/>
<ITEMREF REFNAME="EXDOSFRQ_EX1DS1_F13"/>
<ITEMREF REFNAME="EXDOSFRQ_EX1DS1_F14"/>
<ITEMREF REFNAME="EXDOSFRQ_EX1DS1_F15"/>
<ITEMREF REFNAME="EXDOSFRQ_EX1DS1_F16"/>
<ITEMREF REFNAME="EXDOSFRQ_EX1DS1_F17"/>
<ITEMREF REFNAME="EXDOSFRQ_EX1DS1_F18"/>
<ITEMREF REFNAME="EXDOSFRQ_EX1DS1_F19"/>
<ITEMREF REFNAME="EXDOSFRQ_EX1DS1_F2"/>
<ITEMREF REFNAME="EXDOSFRQ_EX1DS1_F20"/>
<ITEMREF REFNAME="EXDOSFRQ_EX1DS1_F21"/>
<ITEMREF REFNAME="EXDOSFRQ_EX1DS1_F22"/>
<ITEMREF REFNAME="EXDOSFRQ_EX1DS1_F3"/>
<ITEMREF REFNAME="EXDOSFRQ_EX1DS1_F4"/>
<ITEMREF REFNAME="EXDOSFRQ_EX1DS1_F5"/>
<ITEMREF REFNAME="EXDOSFRQ_EX1DS1_F6"/>
<ITEMREF REFNAME="EXDOSFRQ_EX1DS1_F7"/>
<ITEMREF REFNAME="EXDOSFRQ_EX1DS1_F8"/>
<ITEMREF REFNAME="EXDOSFRQ_EX1DS1_F9"/>
<ITEMREF REFNAME="EXROUTE_EX1DS1_F1"/>
<ITEMREF REFNAME="EXROUTE_EX1DS1_F10"/>
<ITEMREF REFNAME="EXROUTE_EX1DS1_F11"/>
<ITEMREF REFNAME="EXROUTE_EX1DS1_F12"/>
<ITEMREF REFNAME="EXROUTE_EX1DS1_F13"/>
<ITEMREF REFNAME="EXROUTE_EX1DS1_F14"/>
<ITEMREF REFNAME="EXROUTE_EX1DS1_F15"/>
<ITEMREF REFNAME="EXROUTE_EX1DS1_F16"/>
<ITEMREF REFNAME="EXROUTE_EX1DS1_F17"/>
<ITEMREF REFNAME="EXROUTE_EX1DS1_F18"/>
<ITEMREF REFNAME="EXROUTE_EX1DS1_F19"/>
<ITEMREF REFNAME="EXROUTE_EX1DS1_F2"/>
<ITEMREF REFNAME="EXROUTE_EX1DS1_F20"/>
<ITEMREF REFNAME="EXROUTE_EX1DS1_F21"/>
<ITEMREF REFNAME="EXROUTE_EX1DS1_F22"/>
<ITEMREF REFNAME="EXROUTE_EX1DS1_F3"/>
<ITEMREF REFNAME="EXROUTE_EX1DS1_F4"/>
<ITEMREF REFNAME="EXROUTE_EX1DS1_F5"/>
<ITEMREF REFNAME="EXROUTE_EX1DS1_F6"/>
<ITEMREF REFNAME="EXROUTE_EX1DS1_F7"/>
<ITEMREF REFNAME="EXROUTE_EX1DS1_F8"/>
<ITEMREF REFNAME="EXROUTE_EX1DS1_F9"/>
<ITEMREF REFNAME="EXTPT_EX1DS1_F10_S2"/>
<ITEMREF REFNAME="EXTPT_EX1DS1_F11_S2"/>
<ITEMREF REFNAME="EXTPT_EX1DS1_F12_S2"/>
<ITEMREF REFNAME="EXTPT_EX1DS1_F13_S2"/>
<ITEMREF REFNAME="EXTPT_EX1DS1_F14_S2"/>
<ITEMREF REFNAME="EXTPT_EX1DS1_F15_S2"/>
<ITEMREF REFNAME="EXTPT_EX1DS1_F16_S2"/>
<ITEMREF REFNAME="EXTPT_EX1DS1_F17_S2"/>
<ITEMREF REFNAME="EXTPT_EX1DS1_F18_S2"/>
<ITEMREF REFNAME="EXTPT_EX1DS1_F19_S2"/>
<ITEMREF REFNAME="EXTPT_EX1DS1_F1_S2"/>
<ITEMREF REFNAME="EXTPT_EX1DS1_F20_S2"/>
<ITEMREF REFNAME="EXTPT_EX1DS1_F21_S2"/>
<ITEMREF REFNAME="EXTPT_EX1DS1_F22_S2"/>
<ITEMREF REFNAME="EXTPT_EX1DS1_F2_S2"/>
<ITEMREF REFNAME="EXTPT_EX1DS1_F3_S2"/>
<ITEMREF REFNAME="EXTPT_EX1DS1_F4_S2"/>
<ITEMREF REFNAME="EXTPT_EX1DS1_F5_S2"/>
<ITEMREF REFNAME="EXTPT_EX1DS1_F6_S2"/>
<ITEMREF REFNAME="EXTPT_EX1DS1_F7_S2"/>
<ITEMREF REFNAME="EXTPT_EX1DS1_F8_S2"/>
<ITEMREF REFNAME="EXTPT_EX1DS1_F9_S2"/>
<ITEMREF REFNAME="EXTRT_EX1DS1_F10_S2"/>
<ITEMREF REFNAME="EXTRT_EX1DS1_F11_S2"/>
<ITEMREF REFNAME="EXTRT_EX1DS1_F12_S2"/>
<ITEMREF REFNAME="EXTRT_EX1DS1_F13_S2"/>
<ITEMREF REFNAME="EXTRT_EX1DS1_F14_S2"/>
<ITEMREF REFNAME="EXTRT_EX1DS1_F15_S2"/>
<ITEMREF REFNAME="EXTRT_EX1DS1_F16_S2"/>
<ITEMREF REFNAME="EXTRT_EX1DS1_F17_S2"/>
<ITEMREF REFNAME="EXTRT_EX1DS1_F18_S2"/>
<ITEMREF REFNAME="EXTRT_EX1DS1_F19_S2"/>
<ITEMREF REFNAME="EXTRT_EX1DS1_F1_S2"/>
<ITEMREF REFNAME="EXTRT_EX1DS1_F20_S2"/>
<ITEMREF REFNAME="EXTRT_EX1DS1_F21_S2"/>
<ITEMREF REFNAME="EXTRT_EX1DS1_F22_S2"/>
<ITEMREF REFNAME="EXTRT_EX1DS1_F2_S2"/>
<ITEMREF REFNAME="EXTRT_EX1DS1_F3_S2"/>
<ITEMREF REFNAME="EXTRT_EX1DS1_F4_S2"/>
<ITEMREF REFNAME="EXTRT_EX1DS1_F5_S2"/>
<ITEMREF REFNAME="EXTRT_EX1DS1_F6_S2"/>
<ITEMREF REFNAME="EXTRT_EX1DS1_F7_S2"/>
<ITEMREF REFNAME="EXTRT_EX1DS1_F8_S2"/>
<ITEMREF REFNAME="EXTRT_EX1DS1_F9_S2"/>
<ITEMREF REFNAME="FACAT_MH8IPD3F1"/>
<ITEMREF REFNAME="HOCAT_HO2001_F1"/>
<ITEMREF REFNAME="IRADRSRGM_IRAD3001_C1F1"/>
<ITEMREF REFNAME="LBTEST_GLS_A01_LB9F1"/>
<ITEMREF REFNAME="LBTEST_GLS_A02_LB9F1"/>
<ITEMREF REFNAME="LBTEST_GLS_A03_LB9F1"/>
<ITEMREF REFNAME="LBTEST_GLS_A10_LB9F1"/>
<ITEMREF REFNAME="LBTEST_GLS_A16_LB9F1"/>
<ITEMREF REFNAME="LBCAT_LB9F1"/>
<ITEMREF REFNAME="LBTEST_GLS_A14_LB9F1"/>
<ITEMREF REFNAME="LBTEST_GLS_A15_LB9F1"/>
<ITEMREF REFNAME="LBTEST_GLS_A17_LB9F1"/>
<ITEMREF REFNAME="LBTEST_GLS_A20_LB9F1"/>
<ITEMREF REFNAME="LBTEST_GLS_A27_LB9F1"/>
<ITEMREF REFNAME="LBTEST_GLS_C01_LB9F3"/>
<ITEMREF REFNAME="LBTEST_GLS_C03_LB9F3"/>
<ITEMREF REFNAME="LBTEST_GLS_C07_LB9F3"/>
<ITEMREF REFNAME="LBTEST_GLS_C21_LB9F3"/>
<ITEMREF REFNAME="LBTEST_GLS_C23_LB9F3"/>
<ITEMREF REFNAME="LBTEST_GLS_C57_LB9F3"/>
<ITEMREF REFNAME="LBTEST_GLS_C58_LB9F3"/>
<ITEMREF REFNAME="LBTEST_GLS_CB6_LB9F3"/>
<ITEMREF REFNAME="LBTEST_GLS_E71_LB9F7"/>
<ITEMREF REFNAME="LBTEST_GLS_J45_LB9F7"/>
<ITEMREF REFNAME="LBTEST_GLS_J47_LB9F7"/>
<ITEMREF REFNAME="LBTEST_GLS_L20_LB9F7"/>
<ITEMREF REFNAME="LBTEST_GLS_L21_LB9F7"/>
<ITEMREF REFNAME="LBTEST_GLS_L24_LB9F7"/>
<ITEMREF REFNAME="LBTEST_GLS_S02_LB9F3"/>
<ITEMREF REFNAME="LDIAMU_TU1C1F1S2"/>
<ITEMREF REFNAME="LDIAMU_TU1C2F1S2"/>
<ITEMREF REFNAME="LDIAMU_TU1F1S2"/>
<ITEMREF REFNAME="LDIAMU_TU2F1S2"/>
<ITEMREF REFNAME="LDIAMU_TU7F1S2"/>
<ITEMREF REFNAME="LDIAMU_TU7UF2S2"/>
<ITEMREF REFNAME="LPERPU_TU1C1F1S2"/>
<ITEMREF REFNAME="LPERPU_TU7F1S2"/>
<ITEMREF REFNAME="MHCAT_MH8001_F1"/>
<ITEMREF REFNAME="MHCAT_MH8IPD3F1"/>
<ITEMREF REFNAME="MHDECOD_MH8001_F1"/>
<ITEMREF REFNAME="MHDECOD_MH8IPD3F1"/>
<ITEMREF REFNAME="MHLLTCD_MH8001_F1"/>
<ITEMREF REFNAME="MHLLTCD_MH8IPD3F1"/>
<ITEMREF REFNAME="MHLLT_MH8001_F1"/>
<ITEMREF REFNAME="MHLLT_MH8IPD3F1"/>
<ITEMREF REFNAME="MHTERM_MAP_MH8001_F1"/>
<ITEMREF REFNAME="PFCAT_MMDX2001_F1"/>
<ITEMREF REFNAME="PFCAT_MMDX2001_F4"/>
<ITEMREF REFNAME="PRCAT_IRAD3001_C1F1"/>
<ITEMREF REFNAME="PRCAT_IRAD3001_F1"/>
<ITEMREF REFNAME="PRCAT_IRAD3001_F2"/>
<ITEMREF REFNAME="PRCAT_SG1001_F1"/>
<ITEMREF REFNAME="PRCAT_SG1001_F2"/>
<ITEMREF REFNAME="PRCAT_TRF3001_F1"/>
<ITEMREF REFNAME="PRPRESP_IRAD3001_C1F1"/>
<ITEMREF REFNAME="PRPRESP_IRAD3001_F1"/>
<ITEMREF REFNAME="PRPRESP_IRAD3001_F2"/>
<ITEMREF REFNAME="PRSCAT_IRAD3001_C1F1"/>
<ITEMREF REFNAME="PRSCAT_IRAD3001_F1"/>
<ITEMREF REFNAME="PRSCAT_IRAD3001_F2"/>
<ITEMREF REFNAME="PRSCAT_SG1001_F1"/>
<ITEMREF REFNAME="PRSCAT_SG1001_F2"/>
<ITEMREF REFNAME="PRSCAT_TRF3001_F1"/>
<ITEMREF REFNAME="SYSTCAT_SYST3F1"/>
<ITEMREF REFNAME="SYSTCAT_SYST3F2"/>
<ITEMREF REFNAME="SYSTCAT_SYST3F3"/>
<ITEMREF REFNAME="SYSTMDLY_SYST3F1"/>
<ITEMREF REFNAME="SYSTMDLY_SYST3F2"/>
<ITEMREF REFNAME="SYSTTRT_MAP_SYST3F1"/>
<ITEMREF REFNAME="SYSTTRT_MAP_SYST3F2"/>
<ITEMREF REFNAME="TERM_TO_CODE_MH8IPD3F1"/>
<ITEMREF REFNAME="TRTTERMCD_CM1F1"/>
<ITEMREF REFNAME="TRTTERMCD_CM1F3"/>
<ITEMREF REFNAME="TRTTERMCD_SYST3F1"/>
<ITEMREF REFNAME="TRTTERMCD_SYST3F2"/>
<ITEMREF REFNAME="TUCAT_ME_TU7F1S1"/>
<ITEMREF REFNAME="TUCAT_ME_TU7UF2S1"/>
<ITEMREF REFNAME="TUCAT_ME_TU8F1S1"/>
<ITEMREF REFNAME="TUCAT_ME_TU8F2S1"/>
<ITEMREF REFNAME="TUCAT_TU1C1F1S1"/>
<ITEMREF REFNAME="TUCAT_TU1C2F1S1"/>
<ITEMREF REFNAME="TUCAT_TU1F1S1"/>
<ITEMREF REFNAME="TUCAT_TU2F1S1"/>
<ITEMREF REFNAME="TUCAT_TU3F1S1"/>
<ITEMREF REFNAME="TUMIDENT_MEASURABLE_TU7F1"/>
<ITEMREF REFNAME="TUMIDENT_MEASURABLE_TU7F2"/>
<ITEMREF REFNAME="TUMIDENT_NEW_TU1C1F1S1"/>
<ITEMREF REFNAME="TUMIDENT_NEW_TU1C2F1S1"/>
<ITEMREF REFNAME="TUMIDENT_NEW_TU1F1S1"/>
<ITEMREF REFNAME="TUMIDENT_NONMEASUR_TU8F1"/>
<ITEMREF REFNAME="TUMIDENT_NONMEASUR_TU8F2"/>
<ITEMREF REFNAME="TUMIDENT_NONTARGET_TU31S1"/>
<ITEMREF REFNAME="TUMIDENT_TARGET_TU2F1S1"/>
<ITEMREF REFNAME="XSCAT_STRCRT1F1"/>
<ITEMREF REFNAME="LBCAT_LB9F3"/>
<ITEMREF REFNAME="LBCAT_LB9F7"/>
<ITEMREF REFNAME="LBNAMCD_LB9F1"/>
<ITEMREF REFNAME="LBNAMCD_LB9F3"/>
<ITEMREF REFNAME="LBNAM_LB9F1"/>
<ITEMREF REFNAME="LBNAM_LB9F3"/>

</ITEMGROUP>

<ITEMGROUP 
GROUPNAME="GPS_eSAE_Hidden"
GROUPDESCRIPTION="GPS_eSAE_Hidden">
 <!-- Insert ItemRef Names -->
<ITEMREF REFNAME="SAEASMDAT_SAE2F1"/>
<ITEMREF REFNAME="SAEAWADAT_SAE2F1"/>
<ITEMREF REFNAME="SAEFUASMDAT_SAE2F1"/>
<ITEMREF REFNAME="SAEFUAWADAT_SAE2F1"/>

</ITEMGROUP>

<ITEMGROUP 
GROUPNAME="nonData_Manager_Hidden"
GROUPDESCRIPTION="nonData_Manager_Hidden">
 <!-- Insert ItemRef Names -->
<ITEMREF REFNAME="WFRULETRIG"/>
<ITEMREF REFNAME="CDQATRIG"/>
<ITEMREF REFNAME="CALRULETRIG"/>

</ITEMGROUP>

<ITEMGROUP 
GROUPNAME="nonData_Manager_ReadOnly"
GROUPDESCRIPTION="nonData_Manager_ReadOnly">
 <!-- Insert ItemRef Names -->
<ITEMREF REFNAME="CDQ_CDQA"/>
<ITEMREF REFNAME="VISDATMD_SV1F1"/>
<ITEMREF REFNAME="VISDATMD_SV1F2"/>
<ITEMREF REFNAME="VISDATMD_SV1F3"/>
<ITEMREF REFNAME="VISDATMD_SV1F4"/>
<ITEMREF REFNAME="VISDATMD_SV1F5"/>

</ITEMGROUP>

</MEDMLDATA>