<?xml version="1.0"?>
<MEDMLDATA xmlns="PhaseForward-MedML-Inform4">
<RULE REFNAME="gc_BASE_C2C3_EX1001_F1_C" DESCRIPTION="/Inactivate dynamics CR#CR06859520" ENABLED="FALSE" SCRIPTTYPE="SERVERCALCULATION"><![CDATA[ 'Rule to be deactivated ]]></RULE>
<RULE REFNAME="gc_BASE_C2C3_EX1001_F5_C" DESCRIPTION="/Inactivate dynamics CR#CR06859520" ENABLED="FALSE" SCRIPTTYPE="SERVERCALCULATION"><![CDATA[ 'Rule to be deactivated ]]></RULE>
<RULE REFNAME="gc_C3_EX1001_F9_C" DESCRIPTION="/Inactivate dynamics CR#CR06859520" ENABLED="FALSE" SCRIPTTYPE="SERVERCALCULATION"><![CDATA[ 'Rule to be deactivated ]]></RULE>
<RULE REFNAME="gc_C8_EX1001_F9_C" DESCRIPTION="/Inactivate dynamics CR#CR06859520" ENABLED="FALSE" SCRIPTTYPE="SERVERCALCULATION"><![CDATA[ 'Rule to be deactivated ]]></RULE>
<RULE REFNAME="gc_C9N_EX1001_F9_C" DESCRIPTION="/Inactivate dynamics CR#CR06859520" ENABLED="FALSE" SCRIPTTYPE="SERVERCALCULATION"><![CDATA[ 'Rule to be deactivated ]]></RULE>
<RULE REFNAME="gc_C3_OTHR_C" DESCRIPTION="/Inactivate dynamics CR#CR06859520" ENABLED="FALSE" SCRIPTTYPE="SERVERCALCULATION"><![CDATA[ 'Rule to be deactivated ]]></RULE>
<RULE REFNAME="gc_C4_EX1001_F1_C" DESCRIPTION="/Inactivate dynamics CR#CR06859520" ENABLED="FALSE" SCRIPTTYPE="SERVERCALCULATION"><![CDATA[ 'Rule to be deactivated ]]></RULE>
<RULE REFNAME="gc_C4_EX1001_F5_C" DESCRIPTION="/Inactivate dynamics CR#CR06859520" ENABLED="FALSE" SCRIPTTYPE="SERVERCALCULATION"><![CDATA[ 'Rule to be deactivated ]]></RULE>
<RULE REFNAME="gc_C4_EX1001_F9_C" DESCRIPTION="/Inactivate dynamics CR#CR06859520" ENABLED="FALSE" SCRIPTTYPE="SERVERCALCULATION"><![CDATA[ 'Rule to be deactivated ]]></RULE>
<RULE REFNAME="gc_C4_OTHR_C" DESCRIPTION="/Inactivate dynamics CR#CR06859520" ENABLED="FALSE" SCRIPTTYPE="SERVERCALCULATION"><![CDATA[ 'Rule to be deactivated ]]></RULE>
<RULE REFNAME="gc_C5_EX1001_F1_C" DESCRIPTION="/Inactivate dynamics CR#CR06859520" ENABLED="FALSE" SCRIPTTYPE="SERVERCALCULATION"><![CDATA[ 'Rule to be deactivated ]]></RULE>
<RULE REFNAME="gc_C5_EX1001_F5_C" DESCRIPTION="/Inactivate dynamics CR#CR06859520" ENABLED="FALSE" SCRIPTTYPE="SERVERCALCULATION"><![CDATA[ 'Rule to be deactivated ]]></RULE>
<RULE REFNAME="gc_C5_EX1001_F9_C" DESCRIPTION="/Inactivate dynamics CR#CR06859520" ENABLED="FALSE" SCRIPTTYPE="SERVERCALCULATION"><![CDATA[ 'Rule to be deactivated ]]></RULE>
<RULE REFNAME="gc_C5_OTHR_C" DESCRIPTION="/Inactivate dynamics CR#CR06859520" ENABLED="FALSE" SCRIPTTYPE="SERVERCALCULATION"><![CDATA[ 'Rule to be deactivated ]]></RULE>
<RULE REFNAME="gc_C6_EX1001_F1_C" DESCRIPTION="/Inactivate dynamics CR#CR06859520" ENABLED="FALSE" SCRIPTTYPE="SERVERCALCULATION"><![CDATA[ 'Rule to be deactivated ]]></RULE>
<RULE REFNAME="gc_C6_EX1001_F5_C" DESCRIPTION="/Inactivate dynamics CR#CR06859520" ENABLED="FALSE" SCRIPTTYPE="SERVERCALCULATION"><![CDATA[ 'Rule to be deactivated ]]></RULE>
<RULE REFNAME="gc_C6_EX1001_F9_C" DESCRIPTION="/Inactivate dynamics CR#CR06859520" ENABLED="FALSE" SCRIPTTYPE="SERVERCALCULATION"><![CDATA[ 'Rule to be deactivated ]]></RULE>
<RULE REFNAME="gc_C6_EXF3_DOSADJ_WIHD_DA1001_C" DESCRIPTION="/Inactivate dynamics CR#CR06859520" ENABLED="FALSE" SCRIPTTYPE="SERVERCALCULATION"><![CDATA[ 'Rule to be deactivated ]]></RULE>
<RULE REFNAME="gc_C7_EX1001_F1_C" DESCRIPTION="/Inactivate dynamics CR#CR06859520" ENABLED="FALSE" SCRIPTTYPE="SERVERCALCULATION"><![CDATA[ 'Rule to be deactivated ]]></RULE>
<RULE REFNAME="gc_C7_EX1001_F5_C" DESCRIPTION="/Inactivate dynamics CR#CR06859520" ENABLED="FALSE" SCRIPTTYPE="SERVERCALCULATION"><![CDATA[ 'Rule to be deactivated ]]></RULE>
<RULE REFNAME="gc_C7_EX1001_F9_C" DESCRIPTION="/Inactivate dynamics CR#CR06859520" ENABLED="FALSE" SCRIPTTYPE="SERVERCALCULATION"><![CDATA[ 'Rule to be deactivated ]]></RULE>
<RULE REFNAME="gc_C7_EXF3_DADJ_WHD_DAF1_C" DESCRIPTION="/Inactivate dynamics CR#CR06859520" ENABLED="FALSE" SCRIPTTYPE="SERVERCALCULATION"><![CDATA[ 'Rule to be deactivated ]]></RULE>
<RULE REFNAME="gc_C8_EX1001_F1_C" DESCRIPTION="/Inactivate dynamics CR#CR06859520" ENABLED="FALSE" SCRIPTTYPE="SERVERCALCULATION"><![CDATA[ 'Rule to be deactivated ]]></RULE>
<RULE REFNAME="gc_C8_EX1001_F5_C" DESCRIPTION="/Inactivate dynamics CR#CR06859520" ENABLED="FALSE" SCRIPTTYPE="SERVERCALCULATION"><![CDATA[ 'Rule to be deactivated ]]></RULE>
<RULE REFNAME="gc_C8_EXF3_DADJ_WHD_DAF1_C" DESCRIPTION="/Inactivate dynamics CR#CR06859520" ENABLED="FALSE" SCRIPTTYPE="SERVERCALCULATION"><![CDATA[ 'Rule to be deactivated ]]></RULE>
<RULE REFNAME="gc_C9X_EX1001_F1_C" DESCRIPTION="/Inactivate dynamics CR#CR06859520" ENABLED="FALSE" SCRIPTTYPE="SERVERCALCULATION"><![CDATA[ 'Rule to be deactivated ]]></RULE>
<RULE REFNAME="gc_C9X_EX1001_F5_C" DESCRIPTION="/Inactivate dynamics CR#CR06859520" ENABLED="FALSE" SCRIPTTYPE="SERVERCALCULATION"><![CDATA[ 'Rule to be deactivated ]]></RULE>
<RULE REFNAME="gc_C9N_EXF3_DADJ_WHD_DAF1_C" DESCRIPTION="/Inactivate dynamics CR#CR06859520" ENABLED="FALSE" SCRIPTTYPE="SERVERCALCULATION"><![CDATA[ 'Rule to be deactivated ]]></RULE>
</MEDMLDATA>