<?xml version="1.0"?>
<MEDMLDATA xmlns="PhaseForward-MedML-Inform4">


<RIGHTSGROUP  GROUPNAME="Coding Query Rights Group">
<!-- Insert Users -->
<USERREF USERNAME="coder_query"/>

</RIGHTSGROUP>

<RIGHTSGROUP  GROUPNAME="Data Manager">
<!-- Insert Users -->
<USERREF USERNAME="C147201"/>
<USERREF USERNAME="z2x4867"/>
<USERREF USERNAME="C200292"/>

</RIGHTSGROUP>

<RIGHTSGROUP  GROUPNAME="GPS">
<!-- Insert Users -->
<USERREF USERNAME="c003859"/>
<USERREF USERNAME="c085302"/>
<USERREF USERNAME="c069132"/>
<USERREF USERNAME="c057362"/>
<USERREF USERNAME="c039825"/>
<USERREF USERNAME="c090108"/>
<USERREF USERNAME="c149066"/>
<USERREF USERNAME="rm35504"/>
<USERREF USERNAME="ye91098"/>
<USERREF USERNAME="c025980"/>
<USERREF USERNAME="c137396"/>
<USERREF USERNAME="a701824"/>
<USERREF USERNAME="c060736"/>
<USERREF USERNAME="a608760"/>
<USERREF USERNAME="c058698"/>
<USERREF USERNAME="u7x2510"/>
<USERREF USERNAME="yex7920"/>
<USERREF USERNAME="rm36132"/>
<USERREF USERNAME="c089548"/>
<USERREF USERNAME="rm87794"/>
<USERREF USERNAME="rm80655"/>
<USERREF USERNAME="c114196"/>
<USERREF USERNAME="wj02044"/>
<USERREF USERNAME="c185515"/>
<USERREF USERNAME="wJ01513"/>
<USERREF USERNAME="wj02268"/>
<USERREF USERNAME="c141647"/>
<USERREF USERNAME="c198562"/>
<USERREF USERNAME="c149177"/>
<USERREF USERNAME="c068505"/>
<USERREF USERNAME="c149176"/>
<USERREF USERNAME="c083101"/>
<USERREF USERNAME="rm90029"/>
<USERREF USERNAME="c015393"/>
<USERREF USERNAME="c071673"/>
<USERREF USERNAME="v6x8058"/>
<USERREF USERNAME="c039853"/>
<USERREF USERNAME="c074342"/>
<USERREF USERNAME="c131994"/>
<USERREF USERNAME="c022433"/>
<USERREF USERNAME="c039863"/>
<USERREF USERNAME="c075541"/>
<USERREF USERNAME="c074429"/>
<USERREF USERNAME="c026393"/>
<USERREF USERNAME="a608261"/>
<USERREF USERNAME="c143125"/>
<USERREF USERNAME="c135748"/>
<USERREF USERNAME="c149470"/>
<USERREF USERNAME="a803075"/>
<USERREF USERNAME="a511471"/>
<USERREF USERNAME="c026390"/>
<USERREF USERNAME="wj01346"/>
<USERREF USERNAME="wj01740"/>
<USERREF USERNAME="c189509"/>
<USERREF USERNAME="c149578"/>
<USERREF USERNAME="c191720"/>
<USERREF USERNAME="wj10098"/>
<USERREF USERNAME="v4x1447"/>
<USERREF USERNAME="c102314"/>
<USERREF USERNAME="v6x8356"/>
<USERREF USERNAME="c079244"/>

</RIGHTSGROUP>

<RIGHTSGROUP  GROUPNAME="Monitor">
<!-- Insert Users -->
<USERREF USERNAME="Z2X6979"/>
<USERREF USERNAME="z2x7931"/>
<USERREF USERNAME="c193373"/>
<USERREF USERNAME="c196828"/>
<USERREF USERNAME="HirahaA"/>
<USERREF USERNAME="C211941"/>
<USERREF USERNAME="KeikoM"/>
<USERREF USERNAME="C199685"/>
<USERREF USERNAME="C184738"/>
<USERREF USERNAME="C212918"/>
<USERREF USERNAME="C198898"/>
<USERREF USERNAME="C178203"/>
<USERREF USERNAME="z2x9610"/>
<USERREF USERNAME="C204035"/>
<USERREF USERNAME="z2x2253"/>
<USERREF USERNAME="z2x3651"/>
<USERREF USERNAME="z2x5929"/>
<USERREF USERNAME="z3x1849"/>
<USERREF USERNAME="z2x1697"/>

</RIGHTSGROUP>

<RIGHTSGROUP  GROUPNAME="Monitor Manager">
<!-- Insert Users -->
<USERREF USERNAME="z1x1790"/>
<USERREF USERNAME="C188911"/>

</RIGHTSGROUP>

<RIGHTSGROUP  GROUPNAME="PI">
<!-- Insert Users -->
<USERREF USERNAME="agluzman"/>
<USERREF USERNAME="rhubner"/>
<USERREF USERNAME="tmeyer"/>
<USERREF USERNAME="rsharma"/>
<USERREF USERNAME="ppriester"/>
<USERREF USERNAME="dalves"/>
<USERREF USERNAME="aazambuja"/>
<USERREF USERNAME="amurad"/>
<USERREF USERNAME="tpfiffer"/>
<USERREF USERNAME="rsilvia"/>
<USERREF USERNAME="avictorino"/>
<USERREF USERNAME="fvieira"/>
<USERREF USERNAME="Kmotomura"/>
<USERREF USERNAME="dsarker"/>
<USERREF USERNAME="ppunia"/>
<USERREF USERNAME="ekubala"/>
<USERREF USERNAME="jtomasek"/>
<USERREF USERNAME="ikiss"/>
<USERREF USERNAME="jprausova"/>
<USERREF USERNAME="kabdalia"/>
<USERREF USERNAME="ffranke"/>
<USERREF USERNAME="mmorimoto"/>
<USERREF USERNAME="Ywada"/>
<USERREF USERNAME="tokusaka"/>
<USERREF USERNAME="islanska"/>
<USERREF USERNAME="hlim"/>
<USERREF USERNAME="dkotasek"/>
<USERREF USERNAME="vbroadbridge"/>
<USERREF USERNAME="nvega"/>
<USERREF USERNAME="msalcedo"/>
<USERREF USERNAME="bgarcia"/>
<USERREF USERNAME="mguethle"/>
<USERREF USERNAME="akestler"/>
<USERREF USERNAME="uehmer"/>
<USERREF USERNAME="sroberts"/>
<USERREF USERNAME="gjeffrey"/>
<USERREF USERNAME="yblanco"/>
<USERREF USERNAME="ralfonso"/>
<USERREF USERNAME="mdollinger"/>
<USERREF USERNAME="lperkhofer"/>
<USERREF USERNAME="tettrich"/>
<USERREF USERNAME="gvfigura"/>
<USERREF USERNAME="ktaghizadeh"/>
<USERREF USERNAME="fweissinger"/>
<USERREF USERNAME="jtrojan"/>
<USERREF USERNAME="bryoo"/>
<USERREF USERNAME="ssym"/>
<USERREF USERNAME="jcho"/>
<USERREF USERNAME="tkim"/>
<USERREF USERNAME="hchung"/>
<USERREF USERNAME="dzang"/>
<USERREF USERNAME="dkoo"/>
<USERREF USERNAME="skoh"/>
<USERREF USERNAME="krau"/>
<USERREF USERNAME="cyen"/>
<USERREF USERNAME="yhuang"/>
<USERREF USERNAME="klee"/>
<USERREF USERNAME="clin"/>
<USERREF USERNAME="tyang"/>
<USERREF USERNAME="chsu"/>
<USERREF USERNAME="schan"/>
<USERREF USERNAME="vlee"/>
<USERREF USERNAME="alee"/>
<USERREF USERNAME="jmphelip"/>
<USERREF USERNAME="mpracht"/>
<USERREF USERNAME="iarchambeaud"/>
<USERREF USERNAME="eassenat"/>
<USERREF USERNAME="pmerle"/>
<USERREF USERNAME="dpezet"/>
<USERREF USERNAME="iollivierhourmand"/>
<USERREF USERNAME="cfron"/>
<USERREF USERNAME="cborg"/>
<USERREF USERNAME="enguyenkhac"/>
<USERREF USERNAME="vzagonel"/>
<USERREF USERNAME="gbrandi"/>
<USERREF USERNAME="bdaniele"/>
<USERREF USERNAME="tsarosiek"/>
<USERREF USERNAME="mlitwiniuk"/>
<USERREF USERNAME="jtomaszewska"/>

</RIGHTSGROUP>

<RIGHTSGROUP  GROUPNAME="PI Sign Only">
<!-- Insert Users -->
<USERREF USERNAME="abaron"/>
<USERREF USERNAME="jdelwaide"/>
<USERREF USERNAME="oebert"/>
<USERREF USERNAME="pgalle"/>
<USERREF USERNAME="kschuette"/>
<USERREF USERNAME="rfinn"/>
<USERREF USERNAME="spant"/>
<USERREF USERNAME="kellis"/>
<USERREF USERNAME="gvaccaro"/>
<USERREF USERNAME="azhu"/>
<USERREF USERNAME="jcarney"/>
<USERREF USERNAME="cchang"/>
<USERREF USERNAME="asama"/>
<USERREF USERNAME="aalistar"/>
<USERREF USERNAME="rdiaz"/>
<USERREF USERNAME="clopez"/>
<USERREF USERNAME="rguardeno"/>
<USERREF USERNAME="mbitzer"/>
<USERREF USERNAME="jsiveke"/>
<USERREF USERNAME="mwoerns"/>
<USERREF USERNAME="mvenerito"/>
<USERREF USERNAME="pmalfertheiner"/>
<USERREF USERNAME="tberg"/>
<USERREF USERNAME="twirth"/>
<USERREF USERNAME="avogel"/>
<USERREF USERNAME="szopf"/>
<USERREF USERNAME="jsiebler"/>
<USERREF USERNAME="jbockmann"/>
<USERREF USERNAME="twerner"/>
<USERREF USERNAME="hwege"/>
<USERREF USERNAME="adechene"/>
<USERREF USERNAME="ggerken"/>
<USERREF USERNAME="preichhardt"/>
<USERREF USERNAME="fkolligs"/>
<USERREF USERNAME="wsieghart"/>
<USERREF USERNAME="amaieron"/>
<USERREF USERNAME="rstauber"/>
<USERREF USERNAME="jknox"/>
<USERREF USERNAME="mtehfe"/>
<USERREF USERNAME="jasselah"/>
<USERREF USERNAME="ykang"/>
<USERREF USERNAME="cpocha"/>
<USERREF USERNAME="cverslype"/>
<USERREF USERNAME="iborbath"/>
<USERREF USERNAME="hvanvlierberghe"/>
<USERREF USERNAME="jsastre"/>

</RIGHTSGROUP>

<RIGHTSGROUP  GROUPNAME="Report Extractor">
<!-- Insert Users -->
<USERREF USERNAME="i4tmcjvde_RE"/>

</RIGHTSGROUP>

<RIGHTSGROUP  GROUPNAME="SC">
<!-- Insert Users -->
<USERREF USERNAME="nhuang"/>
<USERREF USERNAME="nyim"/>
<USERREF USERNAME="ycheung"/>
<USERREF USERNAME="mtong"/>
<USERREF USERNAME="khusi"/>
<USERREF USERNAME="gsaner"/>
<USERREF USERNAME="anaji"/>
<USERREF USERNAME="asauvanet"/>
<USERREF USERNAME="hauble"/>
<USERREF USERNAME="jduval"/>
<USERREF USERNAME="jifergan"/>
<USERREF USERNAME="Mathieu"/>
<USERREF USERNAME="crouillon"/>
<USERREF USERNAME="cducerf"/>
<USERREF USERNAME="fsarrazin"/>
<USERREF USERNAME="frachida"/>
<USERREF USERNAME="mfarina"/>
<USERREF USERNAME="ddipiazza"/>
<USERREF USERNAME="scompetiello"/>
<USERREF USERNAME="lschrijvers"/>
<USERREF USERNAME="aceratti"/>
<USERREF USERNAME="kroels"/>
<USERREF USERNAME="cguebelle"/>
<USERREF USERNAME="swertz"/>
<USERREF USERNAME="mcendrowski"/>
<USERREF USERNAME="ztomczak"/>
<USERREF USERNAME="yprado"/>
<USERREF USERNAME="hgamiao"/>
<USERREF USERNAME="hzarrabeitia"/>
<USERREF USERNAME="ptorre"/>
<USERREF USERNAME="zkohlman"/>
<USERREF USERNAME="ukoppenhoefer"/>
<USERREF USERNAME="tbaetz"/>
<USERREF USERNAME="aebert"/>
<USERREF USERNAME="lmartinez"/>
<USERREF USERNAME="myarbrough"/>
<USERREF USERNAME="rredman"/>
<USERREF USERNAME="kmcdonaldbuckner"/>
<USERREF USERNAME="csymmes"/>
<USERREF USERNAME="esundaram"/>
<USERREF USERNAME="sclark"/>
<USERREF USERNAME="pIum"/>
<USERREF USERNAME="ladrolli"/>
<USERREF USERNAME="rlewin"/>
<USERREF USERNAME="yhausmann"/>
<USERREF USERNAME="Doehlert"/>
<USERREF USERNAME="hbirkner-kreutz"/>
<USERREF USERNAME="ngueldenstein"/>
<USERREF USERNAME="jwunder"/>
<USERREF USERNAME="pmeier"/>
<USERREF USERNAME="aremberg"/>
<USERREF USERNAME="ccarnio"/>
<USERREF USERNAME="nfuge"/>
<USERREF USERNAME="ckurnaz"/>
<USERREF USERNAME="kaue-raschka"/>
<USERREF USERNAME="jnogal"/>
<USERREF USERNAME="dgross"/>
<USERREF USERNAME="wwolff"/>
<USERREF USERNAME="ralthoff"/>
<USERREF USERNAME="mnyga"/>
<USERREF USERNAME="ischeffrahn"/>
<USERREF USERNAME="hteuteberg"/>
<USERREF USERNAME="ndoil"/>
<USERREF USERNAME="areichhardt"/>
<USERREF USERNAME="sbota"/>
<USERREF USERNAME="hrupprechter"/>
<USERREF USERNAME="kgoder"/>
<USERREF USERNAME="smetz"/>
<USERREF USERNAME="spanholzer"/>
<USERREF USERNAME="aposch"/>
<USERREF USERNAME="astreit"/>
<USERREF USERNAME="sgirard"/>
<USERREF USERNAME="pchipman"/>
<USERREF USERNAME="jma"/>
<USERREF USERNAME="bkang"/>
<USERREF USERNAME="KLee"/>
<USERREF USERNAME="achoe"/>
<USERREF USERNAME="schoi"/>
<USERREF USERNAME="mlim"/>
<USERREF USERNAME="ekim"/>
<USERREF USERNAME="sjang"/>
<USERREF USERNAME="yahn"/>
<USERREF USERNAME="jhong"/>
<USERREF USERNAME="hpark"/>
<USERREF USERNAME="jmoon"/>
<USERREF USERNAME="joh"/>
<USERREF USERNAME="bchoi"/>
<USERREF USERNAME="JKim"/>
<USERREF USERNAME="lkang"/>
<USERREF USERNAME="vchen"/>
<USERREF USERNAME="asell"/>
<USERREF USERNAME="nmitchell"/>
<USERREF USERNAME="eegan"/>
<USERREF USERNAME="aphay"/>
<USERREF USERNAME="jcalara"/>
<USERREF USERNAME="mburek"/>
<USERREF USERNAME="epickford"/>
<USERREF USERNAME="dsmith"/>
<USERREF USERNAME="ssediva"/>
<USERREF USERNAME="psevelova"/>
<USERREF USERNAME="mjeneralova"/>
<USERREF USERNAME="lprausova"/>
<USERREF USERNAME="rbacci"/>
<USERREF USERNAME="lsantos"/>
<USERREF USERNAME="smata"/>
<USERREF USERNAME="slizot"/>
<USERREF USERNAME="vsantos"/>
<USERREF USERNAME="rleite"/>
<USERREF USERNAME="jhuang"/>
<USERREF USERNAME="jplummer"/>
<USERREF USERNAME="yozawa"/>
<USERREF USERNAME="yimato"/>
<USERREF USERNAME="aishibashi"/>
<USERREF USERNAME="Esato"/>
<USERREF USERNAME="mito"/>
<USERREF USERNAME="kjlee"/>
<USERREF USERNAME="smclaughlin"/>
<USERREF USERNAME="azamalloa"/>
<USERREF USERNAME="dmcentee"/>
<USERREF USERNAME="ejones"/>
<USERREF USERNAME="shamilton"/>
<USERREF USERNAME="mmartinez"/>
<USERREF USERNAME="lcamara"/>
<USERREF USERNAME="dvictorino"/>
<USERREF USERNAME="Iariyoshi"/>
<USERREF USERNAME="plewis"/>
<USERREF USERNAME="mcollins"/>
<USERREF USERNAME="mwenischova"/>
<USERREF USERNAME="tcarvalho"/>
<USERREF USERNAME="ogampel"/>
<USERREF USERNAME="jlorenco"/>
<USERREF USERNAME="dhilger"/>
<USERREF USERNAME="adias"/>
<USERREF USERNAME="tarthur"/>
<USERREF USERNAME="kcaldeira"/>
<USERREF USERNAME="jdutra"/>
<USERREF USERNAME="mpadoan"/>
<USERREF USERNAME="asato"/>
<USERREF USERNAME="eshimura"/>
<USERREF USERNAME="asekido"/>
<USERREF USERNAME="mskwon"/>
<USERREF USERNAME="espackova"/>
<USERREF USERNAME="smalik"/>
<USERREF USERNAME="jmaclean"/>
<USERREF USERNAME="mgiralt"/>
<USERREF USERNAME="bcabaleda"/>
<USERREF USERNAME="bmartin"/>
<USERREF USERNAME="kgrosse"/>
<USERREF USERNAME="Ikriebisch"/>
<USERREF USERNAME="sstrauss-opitz"/>
<USERREF USERNAME="jzimmermann"/>
<USERREF USERNAME="sneufang"/>
<USERREF USERNAME="igromeier"/>
<USERREF USERNAME="beng"/>

</RIGHTSGROUP>

<RIGHTSGROUP  GROUPNAME="Study Manager">
<!-- Insert Users -->
<USERREF USERNAME="XF02846"/>

</RIGHTSGROUP>

<RIGHTSGROUP  GROUPNAME="VO">
<!-- Insert Users -->
<USERREF USERNAME="A611764"/>
<USERREF USERNAME="c175144"/>

</RIGHTSGROUP>

</MEDMLDATA>