﻿<?xml version="1.0"?>
<MEDMLDATA xmlns="PhaseForward-MedML-Inform4">


<SITE  NAME="(106) Sir Charles Gairdner Hospital"    MNEMONIC="106"
ADDRESS="Hospital Avenue WA Liver Transplant Service Block 6th Floor  WA Nedlands 6009"
COUNTRY="AUSTRALIA"
PHONE="616.18935e+010"
ALTPHONE="61"
FAX="61"
TIMEZONE="(GMT+10:00) Canberra, Melbourne, Sydney"
SITEDATEFORMAT="DAY_MONTH_YEAR"
STARTDATE="08/05/2015"
STUDYLOCALE="en-US"
SVAUTOSELECTRATE="100"
SVFIRSTNSUBJECTS="100"
/>


<SITE  NAME="(104) Ashford Cancer Centre"    MNEMONIC="104"
ADDRESS="520 South Road Ashford Cancer Centre Research Level 1 Tennyson Centre  Kurralta Park SA 5037"
COUNTRY="AUSTRALIA"
PHONE="616.18829e+010"
ALTPHONE="61"
FAX="61"
TIMEZONE="(GMT+10:00) Canberra, Melbourne, Sydney"
SITEDATEFORMAT="DAY_MONTH_YEAR"
STARTDATE="08/05/2015"
STUDYLOCALE="en-US"
SVAUTOSELECTRATE="100"
SVFIRSTNSUBJECTS="100"
/>


<SITE  NAME="(102) The Alfred Hospital"    MNEMONIC="102"
ADDRESS="Commercial Road Melbourne 3181"
COUNTRY="AUSTRALIA"
PHONE="616.13908e+010"
ALTPHONE="61"
FAX="61"
TIMEZONE="(GMT+10:00) Canberra, Melbourne, Sydney"
SITEDATEFORMAT="DAY_MONTH_YEAR"
STARTDATE="08/05/2015"
STUDYLOCALE="en-US"
SVAUTOSELECTRATE="100"
SVFIRSTNSUBJECTS="100"
/>


<SITE  NAME="(108) The Queen Elizabeth Hospital"    MNEMONIC="108"
ADDRESS="28 Woodville Road Woodville SA 5011"
COUNTRY="AUSTRALIA"
PHONE="616.18223e+009"
ALTPHONE="61"
FAX="61"
TIMEZONE="(GMT+10:00) Canberra, Melbourne, Sydney"
SITEDATEFORMAT="DAY_MONTH_YEAR"
STARTDATE="08/05/2015"
STUDYLOCALE="en-US"
SVAUTOSELECTRATE="100"
SVFIRSTNSUBJECTS="100"
/>


<SITE  NAME="(110) ISLHD Administration"    MNEMONIC="110"
ADDRESS="Level 4 Lawson House
 Wollongong Hospital
 WOLLONGONG NSW 2500"
COUNTRY="AUSTRALIA"
PHONE="61293502200"
ALTPHONE="61"
FAX="61"
TIMEZONE="(GMT+10:00) Canberra, Melbourne, Sydney"
SITEDATEFORMAT="DAY_MONTH_YEAR"
STARTDATE="08/05/2015"
STUDYLOCALE="en-US"
SVAUTOSELECTRATE="100"
SVFIRSTNSUBJECTS="100"
/>


<SITE  NAME="(504) Krankenhaus der Elisabethinen Linz GmbH Interne 4 - Gastroenterologie und Hepatologie Stoffwechsel- und Ernahrungsmedizin Endokrinologie"    MNEMONIC="504"
ADDRESS="Fadingerstrase 1
4020 Linz"
COUNTRY="AUSTRIA"
PHONE="434373276764439"
ALTPHONE="43"
FAX="43"
TIMEZONE="(GMT-05:00) Eastern Time (US &#38; Canada)"
SITEDATEFORMAT="DAY_MONTH_YEAR"
STARTDATE="08/05/2015"
STUDYLOCALE="en-US"
SVAUTOSELECTRATE="100"
SVFIRSTNSUBJECTS="100"
/>


<SITE  NAME="(506) LKH-Universitatsklinikum Graz  Innere Medizin Gastroenterologie und Hepatologie"    MNEMONIC="506"
ADDRESS="Auenbruggerplatz 155
8036 Graz"
COUNTRY="AUSTRIA"
PHONE="434331638581156"
ALTPHONE="43"
FAX="43"
TIMEZONE="(GMT-05:00) Eastern Time (US &#38; Canada)"
SITEDATEFORMAT="DAY_MONTH_YEAR"
STARTDATE="08/05/2015"
STUDYLOCALE="en-US"
SVAUTOSELECTRATE="100"
SVFIRSTNSUBJECTS="100"
/>


<SITE  NAME="(502) Medizinsche Universitat Wien UnivKlinik fur Innere Medizin III Klinische Abteilung fur Gastroenterologie  und Hepatologie"    MNEMONIC="502"
ADDRESS="Wahringer Gurtel 18-20
1090 Wien"
COUNTRY="AUSTRIA"
PHONE="434314040061570"
ALTPHONE="43"
FAX="43"
TIMEZONE="(GMT-05:00) Eastern Time (US &#38; Canada)"
SITEDATEFORMAT="DAY_MONTH_YEAR"
STARTDATE="08/05/2015"
STUDYLOCALE="en-US"
SVAUTOSELECTRATE="100"
SVFIRSTNSUBJECTS="100"
/>


<SITE  NAME="(156) UZ Gent"    MNEMONIC="156"
ADDRESS="Dienst Maag- Darm- en Leverziekten - De Pintelaan 185
9000 Gent"
COUNTRY="BELGIUM"
PHONE="320032093320333"
ALTPHONE="32"
FAX="32"
TIMEZONE="(GMT+01:00) Sarajevo, Skopje, Warsaw, Zagreb"
SITEDATEFORMAT="DAY_MONTH_YEAR"
STARTDATE="08/05/2015"
STUDYLOCALE="en-US"
SVAUTOSELECTRATE="100"
SVFIRSTNSUBJECTS="100"
/>


<SITE  NAME="(154) Cliniques Universitaires Saint-Luc"    MNEMONIC="154"
ADDRESS="Service Hepato-gastroenterologie - Avenue Hippocrate 10
1200 Bruxelles"
COUNTRY="BELGIUM"
PHONE="32003227644213"
ALTPHONE="32"
FAX="32"
TIMEZONE="(GMT+01:00) Sarajevo, Skopje, Warsaw, Zagreb"
SITEDATEFORMAT="DAY_MONTH_YEAR"
STARTDATE="08/05/2015"
STUDYLOCALE="en-US"
SVAUTOSELECTRATE="100"
SVFIRSTNSUBJECTS="100"
/>


<SITE  NAME="(152) UZ Leuven"    MNEMONIC="152"
ADDRESS="Dienst Hepatologie - Herestraat 49
3000 Leuven"
COUNTRY="BELGIUM"
PHONE="32003216341618"
ALTPHONE="32"
FAX="32"
TIMEZONE="(GMT+01:00) Sarajevo, Skopje, Warsaw, Zagreb"
SITEDATEFORMAT="DAY_MONTH_YEAR"
STARTDATE="08/05/2015"
STUDYLOCALE="en-US"
SVAUTOSELECTRATE="100"
SVFIRSTNSUBJECTS="100"
/>


<SITE  NAME="(158) CHU Sart Tilman"    MNEMONIC="158"
ADDRESS="Service Gastro-Enterologie Hepatologie et Oncologie Digestive - Domaine Universitaire du Sart Tilman
 Bâtiment B 35
4000 Liege"
COUNTRY="BELGIUM"
PHONE="32003243667439"
ALTPHONE="32"
FAX="32"
TIMEZONE="(GMT+01:00) Belgrade, Bratislava, Budapest, Ljubljana, Prague"
SITEDATEFORMAT="DAY_MONTH_YEAR"
STARTDATE="08/05/2015"
STUDYLOCALE="en-US"
SVAUTOSELECTRATE="100"
SVFIRSTNSUBJECTS="100"
/>


<SITE  NAME="(552) Fundaçao PIO XII"    MNEMONIC="552"
ADDRESS="Rua Antenor Duarte Villela 1331 Barretos 14784-400 Sao Paulo Brazil"
COUNTRY="BRAZIL"
PHONE="55551733216638"
ALTPHONE="55"
FAX="55"
TIMEZONE="(GMT-05:00) Eastern Time (US &#38; Canada)"
SITEDATEFORMAT="DAY_MONTH_YEAR"
STARTDATE="08/05/2015"
STUDYLOCALE="en-US"
SVAUTOSELECTRATE="100"
SVFIRSTNSUBJECTS="100"
/>


<SITE  NAME="(554) Hospital do Servidor Publico Estadual"    MNEMONIC="554"
ADDRESS="Rua Pedro de Toledo 1800 Sao Paulo 04039-004 Sao Paulo Brazil"
COUNTRY="BRAZIL"
PHONE="55551150840931"
ALTPHONE="55"
FAX="55"
TIMEZONE="(GMT-05:00) Eastern Time (US &#38; Canada)"
SITEDATEFORMAT="DAY_MONTH_YEAR"
STARTDATE="08/05/2015"
STUDYLOCALE="en-US"
SVAUTOSELECTRATE="100"
SVFIRSTNSUBJECTS="100"
/>


<SITE  NAME="(568) Instituto COI de Pesquisa Educaçao e Gestao"    MNEMONIC="568"
ADDRESS="Avenida das Americas 6205 - sala 214 Rio de Janeiro 22793-080 RJBrazil"
COUNTRY="BRAZIL"
PHONE="55552133852088"
ALTPHONE="55"
FAX="55"
TIMEZONE="(GMT+09:00) Seoul"
SITEDATEFORMAT="DAY_MONTH_YEAR"
STARTDATE="08/05/2015"
STUDYLOCALE="en-US"
SVAUTOSELECTRATE="100"
SVFIRSTNSUBJECTS="100"
/>


<SITE  NAME="(566) INCA - Instituto Nacional Do Cancer"    MNEMONIC="566"
ADDRESS="Rua André Cavalcante 37 - 2 andar - Centro Rio de Janeiro 20231-050 RJBrazil"
COUNTRY="BRAZIL"
PHONE="55552132076569"
ALTPHONE="55"
FAX="55"
TIMEZONE="(GMT+09:00) Seoul"
SITEDATEFORMAT="DAY_MONTH_YEAR"
STARTDATE="08/05/2015"
STUDYLOCALE="en-US"
SVAUTOSELECTRATE="100"
SVFIRSTNSUBJECTS="100"
/>


<SITE  NAME="(564) Hospital de Base de Sao Jose do Rio Preto"    MNEMONIC="564"
ADDRESS="Av Brigadeiro Faria Lima 5544 2 andar Centro Integrado de Pesquisa Sao Paulo 15090-000 SPBrazil"
COUNTRY="BRAZIL"
PHONE="55551732015054"
ALTPHONE="55"
FAX="55"
TIMEZONE="(GMT+09:00) Seoul"
SITEDATEFORMAT="DAY_MONTH_YEAR"
STARTDATE="08/05/2015"
STUDYLOCALE="en-US"
SVAUTOSELECTRATE="100"
SVFIRSTNSUBJECTS="100"
/>


<SITE  NAME="(562) Instituto do Cancer do Estado de Sao Paulo - ICESP"    MNEMONIC="562"
ADDRESS="Av Doutor Arnaldo 251 - 12 andar Cerqueira Cesar Sao Paulo 01246-000 SPBR"
COUNTRY="BRAZIL"
PHONE="55551138933539"
ALTPHONE="55"
FAX="55"
TIMEZONE="(GMT+09:00) Seoul"
SITEDATEFORMAT="DAY_MONTH_YEAR"
STARTDATE="08/05/2015"
STUDYLOCALE="en-US"
SVAUTOSELECTRATE="100"
SVFIRSTNSUBJECTS="100"
/>


<SITE  NAME="(560) Centro Avancado de Tratamento Oncologico"    MNEMONIC="560"
ADDRESS="Rua Piaui 150 - Santa Efigenia Belo Horizonte 30150-320 MGBrazil"
COUNTRY="BRAZIL"
PHONE="550"
ALTPHONE="55"
FAX="55"
TIMEZONE="(GMT+09:00) Seoul"
SITEDATEFORMAT="DAY_MONTH_YEAR"
STARTDATE="08/05/2015"
STUDYLOCALE="en-US"
SVAUTOSELECTRATE="100"
SVFIRSTNSUBJECTS="100"
/>


<SITE  NAME="(558) Hospital de Caridade Ijui"    MNEMONIC="558"
ADDRESS="Av David Jose Martins 152 - Centro Ijui 98700-000 RSBrazil"
COUNTRY="BRAZIL"
PHONE="5555553319393"
ALTPHONE="55"
FAX="55"
TIMEZONE="(GMT+09:00) Seoul"
SITEDATEFORMAT="DAY_MONTH_YEAR"
STARTDATE="08/05/2015"
STUDYLOCALE="en-US"
SVAUTOSELECTRATE="100"
SVFIRSTNSUBJECTS="100"
/>


<SITE  NAME="(556) Hospital Mae de Deus - ONCOLOGY"    MNEMONIC="556"
ADDRESS="Rua Soledade 569 - Tres Figeiras Porto Alegre 90470340 RSBrazil"
COUNTRY="BRAZIL"
PHONE="55555133789894"
ALTPHONE="55"
FAX="55"
TIMEZONE="(GMT+09:00) Seoul"
SITEDATEFORMAT="DAY_MONTH_YEAR"
STARTDATE="08/05/2015"
STUDYLOCALE="en-US"
SVAUTOSELECTRATE="100"
SVFIRSTNSUBJECTS="100"
/>


<SITE  NAME="(604) Centre Hospitalier Universitaire de Montreal- Hospital St-Luc"    MNEMONIC="604"
ADDRESS="1058 rue Saint-Denis porte 3316A Montreal QC H2X 3J4"
COUNTRY="CANADA"
PHONE="15.14891e+009"
ALTPHONE="1"
FAX="1"
TIMEZONE="(GMT-06:00) Guadalajara, Mexico City, Monterrey"
SITEDATEFORMAT="DAY_MONTH_YEAR"
STARTDATE="08/05/2015"
STUDYLOCALE="en-US"
SVAUTOSELECTRATE="100"
SVFIRSTNSUBJECTS="100"
/>


<SITE  NAME="(602) UHN- Princess Margaret Cancer Centre University Health Network"    MNEMONIC="602"
ADDRESS="University Health Network 610 University Avenue 5th Floor Toronto ON M5G 2M9"
COUNTRY="CANADA"
PHONE="14.16946e+009"
ALTPHONE="1"
FAX="1"
TIMEZONE="(GMT+09:00) Seoul"
SITEDATEFORMAT="DAY_MONTH_YEAR"
STARTDATE="08/05/2015"
STUDYLOCALE="en-US"
SVAUTOSELECTRATE="100"
SVFIRSTNSUBJECTS="100"
/>


<SITE  NAME="(606) The Royal Victoria Hospital MUHC Glen Site Cedars Cancer Centre"    MNEMONIC="606"
ADDRESS="1001 Decarie Blvd Room B0473714"
COUNTRY="CANADA"
PHONE="15149341934"
ALTPHONE="1"
FAX="1"
TIMEZONE="(GMT+08:00) Beijing, Chongqing, Hong Kong, Urumqi"
SITEDATEFORMAT="DAY_MONTH_YEAR"
STARTDATE="08/05/2015"
STUDYLOCALE="en-US"
SVAUTOSELECTRATE="100"
SVFIRSTNSUBJECTS="100"
/>


<SITE  NAME="(354) Fakultni nemocnice Motol  Onkologicka klinika"    MNEMONIC="354"
ADDRESS="V Uvalu 84  150 06 Praha 5   Motol"
COUNTRY="CZECH REPUBLIC"
PHONE="420420224434712"
ALTPHONE="420"
FAX="420"
TIMEZONE="(GMT+01:00) Belgrade, Bratislava, Budapest, Ljubljana, Prague"
SITEDATEFORMAT="DAY_MONTH_YEAR"
STARTDATE="08/05/2015"
STUDYLOCALE="en-US"
SVAUTOSELECTRATE="100"
SVFIRSTNSUBJECTS="100"
/>


<SITE  NAME="(356) Fakultni nemocnice Hradec Kralove  Klinika onkologie a radioterapie"    MNEMONIC="356"
ADDRESS="Sokolska 581  500 05 Hradec Kralove"
COUNTRY="CZECH REPUBLIC"
PHONE="420420495832489"
ALTPHONE="420"
FAX="420"
TIMEZONE="(GMT+01:00) Belgrade, Bratislava, Budapest, Ljubljana, Prague"
SITEDATEFORMAT="DAY_MONTH_YEAR"
STARTDATE="08/05/2015"
STUDYLOCALE="en-US"
SVAUTOSELECTRATE="100"
SVFIRSTNSUBJECTS="100"
/>


<SITE  NAME="(352) Masarykuv onkologicky ustav"    MNEMONIC="352"
ADDRESS="Zluty kopec 7  656 53 Brno"
COUNTRY="CZECH REPUBLIC"
PHONE="420420543136224"
ALTPHONE="420"
FAX="420"
TIMEZONE="(GMT+01:00) Belgrade, Bratislava, Budapest, Ljubljana, Prague"
SITEDATEFORMAT="DAY_MONTH_YEAR"
STARTDATE="08/05/2015"
STUDYLOCALE="en-US"
SVAUTOSELECTRATE="100"
SVFIRSTNSUBJECTS="100"
/>


<SITE  NAME="(420) CHU Amiens - Hopital Sud"    MNEMONIC="420"
ADDRESS="Service d hepato-gastro-enterologie 
RDC recherche Clinique 
Avenue René Laennec
80054 Amiens Cedex 1"
COUNTRY="FRANCE"
PHONE="333.33221e+010"
ALTPHONE="33"
FAX="33"
TIMEZONE="(GMT+01:00) Sarajevo, Skopje, Warsaw, Zagreb"
SITEDATEFORMAT="DAY_MONTH_YEAR"
STARTDATE="08/05/2015"
STUDYLOCALE="en-US"
SVAUTOSELECTRATE="100"
SVFIRSTNSUBJECTS="100"
/>


<SITE  NAME="(418) Centre hospitalier Universitaire de Besancon Hopital Jean Minjoz"    MNEMONIC="418"
ADDRESS="3 Boulevard Alexander Fleming
25030 Besançon Cedex"
COUNTRY="FRANCE"
PHONE="333.33812e+010"
ALTPHONE="33"
FAX="33"
TIMEZONE="(GMT+01:00) Sarajevo, Skopje, Warsaw, Zagreb"
SITEDATEFORMAT="DAY_MONTH_YEAR"
STARTDATE="08/05/2015"
STUDYLOCALE="en-US"
SVAUTOSELECTRATE="100"
SVFIRSTNSUBJECTS="100"
/>


<SITE  NAME="(416) CHU de Bordeaux Hopital Saint Andre"    MNEMONIC="416"
ADDRESS="Service d hépato-gastroentérologie 
1 Rue Jean Burguet
33075 Bordeaux Cedex"
COUNTRY="FRANCE"
PHONE="333.35578e+010"
ALTPHONE="33"
FAX="33"
TIMEZONE="(GMT+01:00) Sarajevo, Skopje, Warsaw, Zagreb"
SITEDATEFORMAT="DAY_MONTH_YEAR"
STARTDATE="08/05/2015"
STUDYLOCALE="en-US"
SVAUTOSELECTRATE="100"
SVFIRSTNSUBJECTS="100"
/>


<SITE  NAME="(414) CHU de Caen Hopital Cote de Nacre"    MNEMONIC="414"
ADDRESS="Centre de Recherche Clinique  Federation de Cancerologie 
Av de La Cote de Nacre
14033 Caen Cedex 9"
COUNTRY="FRANCE"
PHONE="333.32311e+010"
ALTPHONE="33"
FAX="33"
TIMEZONE="(GMT+01:00) Sarajevo, Skopje, Warsaw, Zagreb"
SITEDATEFORMAT="DAY_MONTH_YEAR"
STARTDATE="08/05/2015"
STUDYLOCALE="en-US"
SVAUTOSELECTRATE="100"
SVFIRSTNSUBJECTS="100"
/>


<SITE  NAME="(412) Centre Hospitalier Universitaire d Estaing"    MNEMONIC="412"
ADDRESS="Service Oncologie Digestive 
1 place Lucie et Raymond Aubrac
63003 Clermont-Ferrand Cedex 01"
COUNTRY="FRANCE"
PHONE="333.34738e+010"
ALTPHONE="33"
FAX="33"
TIMEZONE="(GMT+01:00) Sarajevo, Skopje, Warsaw, Zagreb"
SITEDATEFORMAT="DAY_MONTH_YEAR"
STARTDATE="08/05/2015"
STUDYLOCALE="en-US"
SVAUTOSELECTRATE="100"
SVFIRSTNSUBJECTS="100"
/>


<SITE  NAME="(410) Hopital de la Croix Rousse"    MNEMONIC="410"
ADDRESS="Essai clinique Pr Zoulim
Batiment C103
Grande rue de la croix rousse
69317 LYON"
COUNTRY="FRANCE"
PHONE="333.34267e+010"
ALTPHONE="33"
FAX="33"
TIMEZONE="(GMT+01:00) Sarajevo, Skopje, Warsaw, Zagreb"
SITEDATEFORMAT="DAY_MONTH_YEAR"
STARTDATE="08/05/2015"
STUDYLOCALE="en-US"
SVAUTOSELECTRATE="100"
SVFIRSTNSUBJECTS="100"
/>


<SITE  NAME="(408) Centre hospitalier regional universitaire de Saint Eloi"    MNEMONIC="408"
ADDRESS="Service d oncologie medicale 
80 Av Augustin Fliche
34295 Montpellier"
COUNTRY="FRANCE"
PHONE="333.34673e+010"
ALTPHONE="33"
FAX="33"
TIMEZONE="(GMT+01:00) Sarajevo, Skopje, Warsaw, Zagreb"
SITEDATEFORMAT="DAY_MONTH_YEAR"
STARTDATE="08/05/2015"
STUDYLOCALE="en-US"
SVAUTOSELECTRATE="100"
SVFIRSTNSUBJECTS="100"
/>


<SITE  NAME="(406) Chru De Nantes Hotel-Dieu"    MNEMONIC="406"
ADDRESS="Centre d Investigation Clinique gastro-nutrition 
1 Place Alexis Ricordeau
44093 Nantes Cedex 1"
COUNTRY="FRANCE"
PHONE="333.32401e+010"
ALTPHONE="33"
FAX="33"
TIMEZONE="(GMT+01:00) Sarajevo, Skopje, Warsaw, Zagreb"
SITEDATEFORMAT="DAY_MONTH_YEAR"
STARTDATE="08/05/2015"
STUDYLOCALE="en-US"
SVAUTOSELECTRATE="100"
SVFIRSTNSUBJECTS="100"
/>


<SITE  NAME="(404) Centre Eugene Marquis"    MNEMONIC="404"
ADDRESS="BEC- PORTE A 
RUE DE LA BATAILLE FLANDRES DUNKERQUE CS 44229
35042 RENNES CEDEX"
COUNTRY="FRANCE"
PHONE="3333299253000"
ALTPHONE="33"
FAX="33"
TIMEZONE="(GMT+01:00) Sarajevo, Skopje, Warsaw, Zagreb"
SITEDATEFORMAT="DAY_MONTH_YEAR"
STARTDATE="08/05/2015"
STUDYLOCALE="en-US"
SVAUTOSELECTRATE="100"
SVFIRSTNSUBJECTS="100"
/>


<SITE  NAME="(402) CHU Saint Etienne - Hopital Nord"    MNEMONIC="402"
ADDRESS="Service de Gastro enterologie 
Avenue Albert Raimond
42055 Saint Etienne Cedex 2"
COUNTRY="FRANCE"
PHONE="3333477828619"
ALTPHONE="33"
FAX="33"
TIMEZONE="(GMT+01:00) Sarajevo, Skopje, Warsaw, Zagreb"
SITEDATEFORMAT="DAY_MONTH_YEAR"
STARTDATE="08/05/2015"
STUDYLOCALE="en-US"
SVAUTOSELECTRATE="100"
SVFIRSTNSUBJECTS="100"
/>


<SITE  NAME="(474) Evangelisches Krankenhaus Bielefeld GmbH Hamatologie  Onkologie und Palliativmedizin"    MNEMONIC="474"
ADDRESS="Schildescher Strase 99 33611 Bielefeld"
COUNTRY="GERMANY"
PHONE="494952177275769"
ALTPHONE="49"
FAX="49"
TIMEZONE="(GMT+01:00) Sarajevo, Skopje, Warsaw, Zagreb"
SITEDATEFORMAT="DAY_MONTH_YEAR"
STARTDATE="08/05/2015"
STUDYLOCALE="en-US"
SVAUTOSELECTRATE="100"
SVFIRSTNSUBJECTS="100"
/>


<SITE  NAME="(472) Universitatsklinikum Erlangen Medizinische Klinik 1"    MNEMONIC="472"
ADDRESS="Ulmenweg 18 91054 Erlangen"
COUNTRY="GERMANY"
PHONE="494991318545123"
ALTPHONE="49"
FAX="49"
TIMEZONE="(GMT+01:00) Sarajevo, Skopje, Warsaw, Zagreb"
SITEDATEFORMAT="DAY_MONTH_YEAR"
STARTDATE="08/05/2015"
STUDYLOCALE="en-US"
SVAUTOSELECTRATE="100"
SVFIRSTNSUBJECTS="100"
/>


<SITE  NAME="(470) Universitatsklinikum Essen Medizinisches Zentrum"    MNEMONIC="470"
ADDRESS="Hufelandstrase 55 45147 Essen"
COUNTRY="GERMANY"
PHONE="49492017234410"
ALTPHONE="49"
FAX="49"
TIMEZONE="(GMT+01:00) Sarajevo, Skopje, Warsaw, Zagreb"
SITEDATEFORMAT="DAY_MONTH_YEAR"
STARTDATE="08/05/2015"
STUDYLOCALE="en-US"
SVAUTOSELECTRATE="100"
SVFIRSTNSUBJECTS="100"
/>


<SITE  NAME="(468) Klinikum der Johann Wolfgang Goethe-Universitat Frankfurt Medizinische Klinik I"    MNEMONIC="468"
ADDRESS="Theodor-Stern-Kai 7 60596 Frankfurt"
COUNTRY="GERMANY"
PHONE="494969630187769"
ALTPHONE="49"
FAX="49"
TIMEZONE="(GMT+01:00) Sarajevo, Skopje, Warsaw, Zagreb"
SITEDATEFORMAT="DAY_MONTH_YEAR"
STARTDATE="08/05/2015"
STUDYLOCALE="en-US"
SVAUTOSELECTRATE="100"
SVFIRSTNSUBJECTS="100"
/>


<SITE  NAME="(466) Universitatsklinikum Hamburg - Eppendorf I Medizinische Klinik und Poliklinik"    MNEMONIC="466"
ADDRESS="Martinistrase 52 20246 Hamburg"
COUNTRY="GERMANY"
PHONE="494940741052647"
ALTPHONE="49"
FAX="49"
TIMEZONE="(GMT+01:00) Sarajevo, Skopje, Warsaw, Zagreb"
SITEDATEFORMAT="DAY_MONTH_YEAR"
STARTDATE="08/05/2015"
STUDYLOCALE="en-US"
SVAUTOSELECTRATE="100"
SVFIRSTNSUBJECTS="100"
/>


<SITE  NAME="(464) Kliniken der Medizinischen Hochschule Hannover Klinik fur Gastroenterologie Hepatologie  Endokrinologie"    MNEMONIC="464"
ADDRESS="Carl-Neuberg-Str 1 30625 Hannover"
COUNTRY="GERMANY"
PHONE="49495115326779"
ALTPHONE="49"
FAX="49"
TIMEZONE="(GMT+01:00) Sarajevo, Skopje, Warsaw, Zagreb"
SITEDATEFORMAT="DAY_MONTH_YEAR"
STARTDATE="08/05/2015"
STUDYLOCALE="en-US"
SVAUTOSELECTRATE="100"
SVFIRSTNSUBJECTS="100"
/>


<SITE  NAME="(462) Universitat Leipzig - Universitatsklinikum"    MNEMONIC="462"
ADDRESS="Liebigstrase 20 04103 Leipzig"
COUNTRY="GERMANY"
PHONE="49493419712226"
ALTPHONE="49"
FAX="49"
TIMEZONE="(GMT+01:00) Sarajevo, Skopje, Warsaw, Zagreb"
SITEDATEFORMAT="DAY_MONTH_YEAR"
STARTDATE="08/05/2015"
STUDYLOCALE="en-US"
SVAUTOSELECTRATE="100"
SVFIRSTNSUBJECTS="100"
/>


<SITE  NAME="(460) Universitatsklinikum Otto-von-Guericke-Universitat Gastroenterologie Hepatologie Infektiologie"    MNEMONIC="460"
ADDRESS="Leipziger Strase 44 39120 Magdeburg"
COUNTRY="GERMANY"
PHONE="49493916713309"
ALTPHONE="49"
FAX="49"
TIMEZONE="(GMT+01:00) Sarajevo, Skopje, Warsaw, Zagreb"
SITEDATEFORMAT="DAY_MONTH_YEAR"
STARTDATE="08/05/2015"
STUDYLOCALE="en-US"
SVAUTOSELECTRATE="100"
SVFIRSTNSUBJECTS="100"
/>


<SITE  NAME="(458) Johannes Gutenberg-Universitat I Medizinische Klinik und Poliklinik"    MNEMONIC="458"
ADDRESS="Langenbeckstr 1 55131 Mainz"
COUNTRY="GERMANY"
PHONE="49496131176863"
ALTPHONE="49"
FAX="49"
TIMEZONE="(GMT+01:00) Sarajevo, Skopje, Warsaw, Zagreb"
SITEDATEFORMAT="DAY_MONTH_YEAR"
STARTDATE="08/05/2015"
STUDYLOCALE="en-US"
SVAUTOSELECTRATE="100"
SVFIRSTNSUBJECTS="100"
/>


<SITE  NAME="(456) Klinikum Rechts der Isar der TU Munchen II Medizinische Klinik"    MNEMONIC="456"
ADDRESS="Ismaninger Strasse 22 81675 Munchen"
COUNTRY="GERMANY"
PHONE="49498941406706"
ALTPHONE="49"
FAX="49"
TIMEZONE="(GMT+01:00) Sarajevo, Skopje, Warsaw, Zagreb"
SITEDATEFORMAT="DAY_MONTH_YEAR"
STARTDATE="08/05/2015"
STUDYLOCALE="en-US"
SVAUTOSELECTRATE="100"
SVFIRSTNSUBJECTS="100"
/>


<SITE  NAME="(454) Klinikum der Eberhard-Karls Universitat Tubingen Medizinische Klinik"    MNEMONIC="454"
ADDRESS="Ottfried-Muller-Strase 1072076 Tuebingen"
COUNTRY="GERMANY"
PHONE="494970712984457"
ALTPHONE="49"
FAX="49"
TIMEZONE="(GMT+01:00) Sarajevo, Skopje, Warsaw, Zagreb"
SITEDATEFORMAT="DAY_MONTH_YEAR"
STARTDATE="08/05/2015"
STUDYLOCALE="en-US"
SVAUTOSELECTRATE="100"
SVFIRSTNSUBJECTS="100"
/>


<SITE  NAME="(452) Universitatsklinikum Ulm Klinik fur Innere Medizin I"    MNEMONIC="452"
ADDRESS="Albert-Einstein-Allee 2389081 Ulm"
COUNTRY="GERMANY"
PHONE="494973150056093"
ALTPHONE="49"
FAX="49"
TIMEZONE="(GMT+01:00) Sarajevo, Skopje, Warsaw, Zagreb"
SITEDATEFORMAT="DAY_MONTH_YEAR"
STARTDATE="08/05/2015"
STUDYLOCALE="en-US"
SVAUTOSELECTRATE="100"
SVFIRSTNSUBJECTS="100"
/>


<SITE  NAME="(476) Helios Klinikum Berlin-Buch Klinik fur Gastroenterologie"    MNEMONIC="476"
ADDRESS="Schwanebecker Chaussee 50 13125 Berlin"
COUNTRY="GERMANY"
PHONE="494930940114852"
ALTPHONE="49"
FAX="49"
TIMEZONE="(GMT+01:00) Sarajevo, Skopje, Warsaw, Zagreb"
SITEDATEFORMAT="DAY_MONTH_YEAR"
STARTDATE="08/05/2015"
STUDYLOCALE="en-US"
SVAUTOSELECTRATE="100"
SVFIRSTNSUBJECTS="100"
/>


<SITE  NAME="(906) Tuen Mun Hospital"    MNEMONIC="906"
ADDRESS="Tuen Mun 23 Tsing Chung Koon Road Tuen Mun NT"
COUNTRY="HONG KONG"
PHONE="85285224685088"
ALTPHONE="852"
FAX="852"
TIMEZONE="(GMT+01:00) Sarajevo, Skopje, Warsaw, Zagreb"
SITEDATEFORMAT="DAY_MONTH_YEAR"
STARTDATE="08/05/2015"
STUDYLOCALE="en-US"
SVAUTOSELECTRATE="100"
SVFIRSTNSUBJECTS="100"
/>


<SITE  NAME="(904) Queen Mary Hospital"    MNEMONIC="904"
ADDRESS="102 Pok Fu Lam Road"
COUNTRY="HONG KONG"
PHONE="85285222553111"
ALTPHONE="852"
FAX="852"
TIMEZONE="(GMT+01:00) Sarajevo, Skopje, Warsaw, Zagreb"
SITEDATEFORMAT="DAY_MONTH_YEAR"
STARTDATE="08/05/2015"
STUDYLOCALE="en-US"
SVAUTOSELECTRATE="100"
SVFIRSTNSUBJECTS="100"
/>


<SITE  NAME="(902) Prince of Wales Hospital"    MNEMONIC="902"
ADDRESS="30-32 Ngan Shing Street Shatin New Territories"
COUNTRY="HONG KONG"
PHONE="85285226322118"
ALTPHONE="852"
FAX="852"
TIMEZONE="(GMT+01:00) Sarajevo, Skopje, Warsaw, Zagreb"
SITEDATEFORMAT="DAY_MONTH_YEAR"
STARTDATE="08/05/2015"
STUDYLOCALE="en-US"
SVAUTOSELECTRATE="100"
SVFIRSTNSUBJECTS="100"
/>


<SITE  NAME="(658) Soroka Medical Center"    MNEMONIC="658"
ADDRESS="Rager Boulevard PO B 151 Beer Sheva 85025  Israel"
COUNTRY="ISRAEL"
PHONE="97297286400680"
ALTPHONE="972"
FAX="972"
TIMEZONE="(GMT+02:00) Jerusalem"
SITEDATEFORMAT="DAY_MONTH_YEAR"
STARTDATE="08/05/2015"
STUDYLOCALE="en-US"
SVAUTOSELECTRATE="100"
SVFIRSTNSUBJECTS="100"
/>


<SITE  NAME="(958) Oncologia Medica Azienda Ospedaliera G Rummo"    MNEMONIC="958"
ADDRESS="Via dell Angelo 1 -82100 Benevento"
COUNTRY="ITALY"
PHONE="3939082457710"
ALTPHONE="39"
FAX="39"
TIMEZONE="(GMT+01:00) Belgrade, Bratislava, Budapest, Ljubljana, Prague"
SITEDATEFORMAT="DAY_MONTH_YEAR"
STARTDATE="08/05/2015"
STUDYLOCALE="en-US"
SVAUTOSELECTRATE="100"
SVFIRSTNSUBJECTS="100"
/>


<SITE  NAME="(956) Haematology and Oncological Sciences Policlinico S Orsola Malpighi - Universita di Bologna"    MNEMONIC="956"
ADDRESS="Via Massarenti 9 - 40100 - Bologna"
COUNTRY="ITALY"
PHONE="39390516363838"
ALTPHONE="39"
FAX="39"
TIMEZONE="(GMT+01:00) Belgrade, Bratislava, Budapest, Ljubljana, Prague"
SITEDATEFORMAT="DAY_MONTH_YEAR"
STARTDATE="08/05/2015"
STUDYLOCALE="en-US"
SVAUTOSELECTRATE="100"
SVFIRSTNSUBJECTS="100"
/>


<SITE  NAME="(954) Istituto Oncologico Veneto"    MNEMONIC="954"
ADDRESS="Via Gattamelata 64 - 35128 - Padova"
COUNTRY="ITALY"
PHONE="39390498215910"
ALTPHONE="39"
FAX="39"
TIMEZONE="(GMT+01:00) Belgrade, Bratislava, Budapest, Ljubljana, Prague"
SITEDATEFORMAT="DAY_MONTH_YEAR"
STARTDATE="08/05/2015"
STUDYLOCALE="en-US"
SVAUTOSELECTRATE="100"
SVFIRSTNSUBJECTS="100"
/>


<SITE  NAME="(224) Shikoku Cancer Center"    MNEMONIC="224"
ADDRESS="160 Kou  Minamiumemoto chou  Matsuyama shi  Ehime"
COUNTRY="JAPAN"
PHONE="818.19e+010"
ALTPHONE="81"
FAX="81"
TIMEZONE="(GMT+02:00) Jerusalem"
SITEDATEFORMAT="DAY_MONTH_YEAR"
STARTDATE="08/05/2015"
STUDYLOCALE="en-US"
SVAUTOSELECTRATE="100"
SVFIRSTNSUBJECTS="100"
/>


<SITE  NAME="(220) Kyoto University Hospital"    MNEMONIC="220"
ADDRESS="Kawaramachi 54  Shogoin  Sakyo ku  Kyoto shi  Kyoto"
COUNTRY="JAPAN"
PHONE="818.17575e+010"
ALTPHONE="81"
FAX="81"
TIMEZONE="(GMT+02:00) Jerusalem"
SITEDATEFORMAT="DAY_MONTH_YEAR"
STARTDATE="08/05/2015"
STUDYLOCALE="en-US"
SVAUTOSELECTRATE="100"
SVFIRSTNSUBJECTS="100"
/>


<SITE  NAME="(216) Kinki University Hospital  Faculty of Medicine"    MNEMONIC="216"
ADDRESS="337 2  Ono higashi  Osaka Sayama City  Osaka"
COUNTRY="JAPAN"
PHONE="8181723660221"
ALTPHONE="81"
FAX="81"
TIMEZONE="(GMT+02:00) Jerusalem"
SITEDATEFORMAT="DAY_MONTH_YEAR"
STARTDATE="08/05/2015"
STUDYLOCALE="en-US"
SVAUTOSELECTRATE="100"
SVFIRSTNSUBJECTS="100"
/>


<SITE  NAME="(212) National Cancer Center Hospital East"    MNEMONIC="212"
ADDRESS="6 5 1 Kashiwanoha  Kashiwa shi   Chiba"
COUNTRY="JAPAN"
PHONE="8181471331111"
ALTPHONE="81"
FAX="81"
TIMEZONE="(GMT+02:00) Jerusalem"
SITEDATEFORMAT="DAY_MONTH_YEAR"
STARTDATE="08/05/2015"
STUDYLOCALE="en-US"
SVAUTOSELECTRATE="100"
SVFIRSTNSUBJECTS="100"
/>


<SITE  NAME="(208) NATIONAL HOSPITAL ORGANIZATION KYUSHU MEDICAL CENTER"    MNEMONIC="208"
ADDRESS="1 8 1  JIGYOUHAMA CHUOU KU  FUKUOKA CITY  Fukuoka"
COUNTRY="JAPAN"
PHONE="8181928520700"
ALTPHONE="81"
FAX="81"
TIMEZONE="(GMT+02:00) Jerusalem"
SITEDATEFORMAT="DAY_MONTH_YEAR"
STARTDATE="08/05/2015"
STUDYLOCALE="en-US"
SVAUTOSELECTRATE="100"
SVFIRSTNSUBJECTS="100"
/>


<SITE  NAME="(206) Kanagawa Cancer Center"    MNEMONIC="206"
ADDRESS="2 3 2  Nakao  Asahi ku  Yokohama city  Kanagawa"
COUNTRY="JAPAN"
PHONE="8181455202222"
ALTPHONE="81"
FAX="81"
TIMEZONE="(GMT+02:00) Jerusalem"
SITEDATEFORMAT="DAY_MONTH_YEAR"
STARTDATE="08/05/2015"
STUDYLOCALE="en-US"
SVAUTOSELECTRATE="100"
SVFIRSTNSUBJECTS="100"
/>


<SITE  NAME="(202) Jichi Medical University Hospital"    MNEMONIC="202"
ADDRESS="3311 1  Yakushiji  Shimotsuke city  Tochigi"
COUNTRY="JAPAN"
PHONE="8181285442111"
ALTPHONE="81"
FAX="81"
TIMEZONE="(GMT+02:00) Jerusalem"
SITEDATEFORMAT="DAY_MONTH_YEAR"
STARTDATE="08/05/2015"
STUDYLOCALE="en-US"
SVAUTOSELECTRATE="100"
SVFIRSTNSUBJECTS="100"
/>


<SITE  NAME="(222) Sasaki Foundation Kyoundo Hospital"    MNEMONIC="222"
ADDRESS="1 8  Kandasurugadai  Chiyoda ku  Tokyo"
COUNTRY="JAPAN"
PHONE="818.13329e+010"
ALTPHONE="81"
FAX="81"
TIMEZONE="(GMT+02:00) Jerusalem"
SITEDATEFORMAT="DAY_MONTH_YEAR"
STARTDATE="08/05/2015"
STUDYLOCALE="en-US"
SVAUTOSELECTRATE="100"
SVFIRSTNSUBJECTS="100"
/>


<SITE  NAME="(218) Kanazawa University Hospital"    MNEMONIC="218"
ADDRESS="13 1 Takara machi  Kanazawa city  Ishikawa"
COUNTRY="JAPAN"
PHONE="8181762652049"
ALTPHONE="81"
FAX="81"
TIMEZONE="(GMT+02:00) Jerusalem"
SITEDATEFORMAT="DAY_MONTH_YEAR"
STARTDATE="08/05/2015"
STUDYLOCALE="en-US"
SVAUTOSELECTRATE="100"
SVFIRSTNSUBJECTS="100"
/>


<SITE  NAME="(214) OSAKA UNIVERSITY HOSPITAL"    MNEMONIC="214"
ADDRESS="2 15  Yamadaoka  Suita City  Osaka"
COUNTRY="JAPAN"
PHONE="8181668795111"
ALTPHONE="81"
FAX="81"
TIMEZONE="(GMT+02:00) Jerusalem"
SITEDATEFORMAT="DAY_MONTH_YEAR"
STARTDATE="08/05/2015"
STUDYLOCALE="en-US"
SVAUTOSELECTRATE="100"
SVFIRSTNSUBJECTS="100"
/>


<SITE  NAME="(210) IIZUKA HOSPITAL"    MNEMONIC="210"
ADDRESS="3 83  Yoshiomachi  Iiduka city  Fukuoka"
COUNTRY="JAPAN"
PHONE="8181948223800"
ALTPHONE="81"
FAX="81"
TIMEZONE="(GMT+02:00) Jerusalem"
SITEDATEFORMAT="DAY_MONTH_YEAR"
STARTDATE="08/05/2015"
STUDYLOCALE="en-US"
SVAUTOSELECTRATE="100"
SVFIRSTNSUBJECTS="100"
/>


<SITE  NAME="(204) National Cancer Center Hospital"    MNEMONIC="204"
ADDRESS="5 1 1  Tsukiji  Chuo Ku  Tokyo"
COUNTRY="JAPAN"
PHONE="8181335422511"
ALTPHONE="81"
FAX="81"
TIMEZONE="(GMT+02:00) Jerusalem"
SITEDATEFORMAT="DAY_MONTH_YEAR"
STARTDATE="08/05/2015"
STUDYLOCALE="en-US"
SVAUTOSELECTRATE="100"
SVFIRSTNSUBJECTS="100"
/>


<SITE  NAME="(756) Gangnam Severance Hospital"    MNEMONIC="756"
ADDRESS="211 Eonju-ro Gangnam-gu 135-720 Seoul"
COUNTRY="KOREA, REPUBLIC OF"
PHONE="828.22202e+010"
ALTPHONE="82"
FAX="82"
TIMEZONE="(GMT-05:00) Indiana (East)"
SITEDATEFORMAT="DAY_MONTH_YEAR"
STARTDATE="08/05/2015"
STUDYLOCALE="en-US"
SVAUTOSELECTRATE="100"
SVFIRSTNSUBJECTS="100"
/>


<SITE  NAME="(764) Hallym Sacred Heart Hospital"    MNEMONIC="764"
ADDRESS="896 Pyongchon-dong Dongan-Gu431-070 AnyangGyunggi-Do"
COUNTRY="KOREA, REPUBLIC OF"
PHONE="828.23138e+010"
ALTPHONE="82"
FAX="82"
TIMEZONE="(GMT+08:00) Taipei"
SITEDATEFORMAT="DAY_MONTH_YEAR"
STARTDATE="08/05/2015"
STUDYLOCALE="en-US"
SVAUTOSELECTRATE="100"
SVFIRSTNSUBJECTS="100"
/>


<SITE  NAME="(762) Severance Hospital"    MNEMONIC="762"
ADDRESS="50-Yonsei-ro Seodaemun-gu 120-792 Seoul"
COUNTRY="KOREA, REPUBLIC OF"
PHONE="828.22223e+010"
ALTPHONE="82"
FAX="82"
TIMEZONE="(GMT+08:00) Taipei"
SITEDATEFORMAT="DAY_MONTH_YEAR"
STARTDATE="08/05/2015"
STUDYLOCALE="en-US"
SVAUTOSELECTRATE="100"
SVFIRSTNSUBJECTS="100"
/>


<SITE  NAME="(760) Seoul National University Hosptial"    MNEMONIC="760"
ADDRESS="101 Daehang-ro Jongno-gu 110-774 Seoul"
COUNTRY="KOREA, REPUBLIC OF"
PHONE="828.22207e+010"
ALTPHONE="82"
FAX="82"
TIMEZONE="(GMT+08:00) Taipei"
SITEDATEFORMAT="DAY_MONTH_YEAR"
STARTDATE="08/05/2015"
STUDYLOCALE="en-US"
SVAUTOSELECTRATE="100"
SVFIRSTNSUBJECTS="100"
/>


<SITE  NAME="(758) Samsung Medical Center"    MNEMONIC="758"
ADDRESS="Irwon-ro 81 135-710 Gangnam-gu"
COUNTRY="KOREA, REPUBLIC OF"
PHONE="828.22341e+010"
ALTPHONE="82"
FAX="82"
TIMEZONE="(GMT+08:00) Taipei"
SITEDATEFORMAT="DAY_MONTH_YEAR"
STARTDATE="08/05/2015"
STUDYLOCALE="en-US"
SVAUTOSELECTRATE="100"
SVFIRSTNSUBJECTS="100"
/>


<SITE  NAME="(754) Gachon University Gil Medical Center"    MNEMONIC="754"
ADDRESS="1198 Guwol-dong  Namdong-gu 405-760 Incheon"
COUNTRY="KOREA, REPUBLIC OF"
PHONE="828.23246e+010"
ALTPHONE="82"
FAX="82"
TIMEZONE="(GMT+08:00) Taipei"
SITEDATEFORMAT="DAY_MONTH_YEAR"
STARTDATE="08/05/2015"
STUDYLOCALE="en-US"
SVAUTOSELECTRATE="100"
SVFIRSTNSUBJECTS="100"
/>


<SITE  NAME="(752) Asan Medical Center"    MNEMONIC="752"
ADDRESS="388-1 Pungnap-2DongSongpa-Gu 138-736 Seoul"
COUNTRY="KOREA, REPUBLIC OF"
PHONE="828.22224e+009"
ALTPHONE="82"
FAX="82"
TIMEZONE="(GMT+08:00) Taipei"
SITEDATEFORMAT="DAY_MONTH_YEAR"
STARTDATE="08/05/2015"
STUDYLOCALE="en-US"
SVAUTOSELECTRATE="100"
SVFIRSTNSUBJECTS="100"
/>


<SITE  NAME="(768) Ulsan University Hospital"    MNEMONIC="768"
ADDRESS="290-3 Jeonha-Dong Dong-Gu 682-714 Ulsan-si"
COUNTRY="KOREA, REPUBLIC OF"
PHONE="828.25225e+010"
ALTPHONE="82"
FAX="82"
TIMEZONE="(GMT+08:00) Beijing, Chongqing, Hong Kong, Urumqi"
SITEDATEFORMAT="DAY_MONTH_YEAR"
STARTDATE="08/05/2015"
STUDYLOCALE="en-US"
SVAUTOSELECTRATE="100"
SVFIRSTNSUBJECTS="100"
/>


<SITE  NAME="(766) Kangbuk Samsung Hosp"    MNEMONIC="766"
ADDRESS="108 Pyung-Dong Jongro-Gu 110-746 Seoul"
COUNTRY="KOREA, REPUBLIC OF"
PHONE="828.222e+010"
ALTPHONE="82"
FAX="82"
TIMEZONE="(GMT+08:00) Beijing, Chongqing, Hong Kong, Urumqi"
SITEDATEFORMAT="DAY_MONTH_YEAR"
STARTDATE="08/05/2015"
STUDYLOCALE="en-US"
SVAUTOSELECTRATE="100"
SVFIRSTNSUBJECTS="100"
/>


<SITE  NAME="(706) Wojewodzkie Centrum Onkologii"    MNEMONIC="706"
ADDRESS="Wojewódzkie Centrum Onkologii 80-210 Gdańsk AlZwycięstwa 3132"
COUNTRY="POLAND"
PHONE="4848583452069"
ALTPHONE="48"
FAX="48"
TIMEZONE="(GMT+01:00) Belgrade, Bratislava, Budapest, Ljubljana, Prague"
SITEDATEFORMAT="DAY_MONTH_YEAR"
STARTDATE="08/05/2015"
STUDYLOCALE="en-US"
SVAUTOSELECTRATE="100"
SVFIRSTNSUBJECTS="100"
/>


<SITE  NAME="(704) Wielkopolskie Centrum Onkologii"    MNEMONIC="704"
ADDRESS="Wielkopolskie Centrum Onkologii imMarii Skłodowskiej-Curie 61-866 Poznan ul Garbary 15"
COUNTRY="POLAND"
PHONE="4848618850619"
ALTPHONE="48"
FAX="48"
TIMEZONE="(GMT+01:00) Belgrade, Bratislava, Budapest, Ljubljana, Prague"
SITEDATEFORMAT="DAY_MONTH_YEAR"
STARTDATE="08/05/2015"
STUDYLOCALE="en-US"
SVAUTOSELECTRATE="100"
SVFIRSTNSUBJECTS="100"
/>


<SITE  NAME="(702) NZOZ Magodent"    MNEMONIC="702"
ADDRESS="NZOZ MAGODENT 01-999 Warszawa ulFieldorfa 40"
COUNTRY="POLAND"
PHONE="484.86013e+010"
ALTPHONE="48"
FAX="48"
TIMEZONE="(GMT+01:00) Belgrade, Bratislava, Budapest, Ljubljana, Prague"
SITEDATEFORMAT="DAY_MONTH_YEAR"
STARTDATE="08/05/2015"
STUDYLOCALE="en-US"
SVAUTOSELECTRATE="100"
SVFIRSTNSUBJECTS="100"
/>


<SITE  NAME="(258) Hospital Dr Josep Trueta Institut Catala d Oncologia"    MNEMONIC="258"
ADDRESS="Unitat d Investigacio Clinica
Avda de Franca s n
17007 Girona"
COUNTRY="SPAIN"
PHONE="3434972225828"
ALTPHONE="34"
FAX="34"
TIMEZONE="(GMT+01:00) Sarajevo, Skopje, Warsaw, Zagreb"
SITEDATEFORMAT="DAY_MONTH_YEAR"
STARTDATE="08/05/2015"
STUDYLOCALE="en-US"
SVAUTOSELECTRATE="100"
SVFIRSTNSUBJECTS="100"
/>


<SITE  NAME="(254) Hospital Marques de Valdecilla"    MNEMONIC="254"
ADDRESS="Servicio de Oncologia Consultas Externas Avldecilla Sur
Av Valdecilla sn 39008 Santander Cantabria"
COUNTRY="SPAIN"
PHONE="3434942202525"
ALTPHONE="34"
FAX="34"
TIMEZONE="(GMT+01:00) Sarajevo, Skopje, Warsaw, Zagreb"
SITEDATEFORMAT="DAY_MONTH_YEAR"
STARTDATE="08/05/2015"
STUDYLOCALE="en-US"
SVAUTOSELECTRATE="100"
SVFIRSTNSUBJECTS="100"
/>


<SITE  NAME="(252) Hospital La Fe"    MNEMONIC="252"
ADDRESS="Consultas Externas Oncología
Torre C planta 7
Fernando Abril Martorell 106
46026 Valencia"
COUNTRY="SPAIN"
PHONE="3434961244188"
ALTPHONE="34"
FAX="34"
TIMEZONE="(GMT+01:00) Sarajevo, Skopje, Warsaw, Zagreb"
SITEDATEFORMAT="DAY_MONTH_YEAR"
STARTDATE="08/05/2015"
STUDYLOCALE="en-US"
SVAUTOSELECTRATE="100"
SVFIRSTNSUBJECTS="100"
/>


<SITE  NAME="(256) Hospital Clinico San Carlos"    MNEMONIC="256"
ADDRESS="Servicio de Oncologia Medica 
C Profesor Martín Lagos s n 28040 Madrid"
COUNTRY="SPAIN"
PHONE="3434913303000"
ALTPHONE="34"
FAX="34"
TIMEZONE="(GMT+01:00) Sarajevo, Skopje, Warsaw, Zagreb"
SITEDATEFORMAT="DAY_MONTH_YEAR"
STARTDATE="08/05/2015"
STUDYLOCALE="en-US"
SVAUTOSELECTRATE="100"
SVFIRSTNSUBJECTS="100"
/>


<SITE  NAME="(802) Inselspital Bern Univ Klinik fur Viszerale Chirurgie  und Medizin"    MNEMONIC="802"
ADDRESS="Freiburgstrasse 4
CH-3010 Bern"
COUNTRY="SWITZERLAND"
PHONE="414.13163e+010"
ALTPHONE="41"
FAX="41"
TIMEZONE="(GMT+08:00) Beijing, Chongqing, Hong Kong, Urumqi"
SITEDATEFORMAT="DAY_MONTH_YEAR"
STARTDATE="08/05/2015"
STUDYLOCALE="en-US"
SVAUTOSELECTRATE="100"
SVFIRSTNSUBJECTS="100"
/>


<SITE  NAME="(058) Hammersmith Hospital"    MNEMONIC="058"
ADDRESS="Du Cane Road  London W12 0HS"
COUNTRY="UNITED KINGDOM"
PHONE="442.03313e+009"
ALTPHONE="44"
FAX="44"
TIMEZONE="(GMT-03:00) Greenland"
SITEDATEFORMAT="DAY_MONTH_YEAR"
STARTDATE="08/05/2015"
STUDYLOCALE="en-US"
SVAUTOSELECTRATE="100"
SVFIRSTNSUBJECTS="100"
/>


<SITE  NAME="(054) Christie Hospital"    MNEMONIC="054"
ADDRESS="550 Wilmslow Road  Manchester M20 4BX"
COUNTRY="UNITED KINGDOM"
PHONE="441.61446e+009"
ALTPHONE="44"
FAX="44"
TIMEZONE="(GMT-03:00) Greenland"
SITEDATEFORMAT="DAY_MONTH_YEAR"
STARTDATE="08/05/2015"
STUDYLOCALE="en-US"
SVAUTOSELECTRATE="100"
SVFIRSTNSUBJECTS="100"
/>


<SITE  NAME="(060) Queen Elizabeth Hospital"    MNEMONIC="060"
ADDRESS="Queen Elizabeth Medical Centre  Birmingham B15 2TH"
COUNTRY="UNITED KINGDOM"
PHONE="441.21627e+009"
ALTPHONE="44"
FAX="44"
TIMEZONE="(GMT-03:00) Greenland"
SITEDATEFORMAT="DAY_MONTH_YEAR"
STARTDATE="08/05/2015"
STUDYLOCALE="en-US"
SVAUTOSELECTRATE="100"
SVFIRSTNSUBJECTS="100"
/>


<SITE  NAME="(056) Royal Free Hospital"    MNEMONIC="056"
ADDRESS="Pond Street  London NW3 2QG"
COUNTRY="UNITED KINGDOM"
PHONE="4402077940500"
ALTPHONE="44"
FAX="44"
TIMEZONE="(GMT-03:00) Greenland"
SITEDATEFORMAT="DAY_MONTH_YEAR"
STARTDATE="08/05/2015"
STUDYLOCALE="en-US"
SVAUTOSELECTRATE="100"
SVFIRSTNSUBJECTS="100"
/>


<SITE  NAME="(052) Kings College Hospital"    MNEMONIC="052"
ADDRESS="Denmark Hill  London SE5 9RS"
COUNTRY="UNITED KINGDOM"
PHONE="442.033e+009"
ALTPHONE="44"
FAX="44"
TIMEZONE="(GMT-03:00) Greenland"
SITEDATEFORMAT="DAY_MONTH_YEAR"
STARTDATE="08/05/2015"
STUDYLOCALE="en-US"
SVAUTOSELECTRATE="100"
SVFIRSTNSUBJECTS="100"
/>


<SITE  NAME="(16) Kaiser Permanente - The Center for Health Research"    MNEMONIC="16"
ADDRESS="Hawaii 501 Alakawa Street Suite 201"
COUNTRY="UNITED STATES"
PHONE="18.08433e+009"
ALTPHONE="1"
FAX="1"
TIMEZONE="(GMT-10:00) Hawaii"
SITEDATEFORMAT="DAY_MONTH_YEAR"
STARTDATE="08/05/2015"
STUDYLOCALE="en-US"
SVAUTOSELECTRATE="100"
SVFIRSTNSUBJECTS="100"
/>


<SITE  NAME="(12) Oregon Health and Science University"    MNEMONIC="12"
ADDRESS="3181 SW Sam Jackson Park Road Mail code L586"
COUNTRY="UNITED STATES"
PHONE="15.03495e+009"
ALTPHONE="1"
FAX="1"
TIMEZONE="(GMT-08:00) Pacific Time (US &#38; Canada)"
SITEDATEFORMAT="DAY_MONTH_YEAR"
STARTDATE="08/05/2015"
STUDYLOCALE="en-US"
SVAUTOSELECTRATE="100"
SVFIRSTNSUBJECTS="100"
/>


<SITE  NAME="(4) UCLA Division of Hematology Oncology"    MNEMONIC="4"
ADDRESS="10945 Le Conte Avenue Suite 3360"
COUNTRY="UNITED STATES"
PHONE="13.10206e+009"
ALTPHONE="1"
FAX="1"
TIMEZONE="(GMT-08:00) Pacific Time (US &#38; Canada)"
SITEDATEFORMAT="DAY_MONTH_YEAR"
STARTDATE="08/05/2015"
STUDYLOCALE="en-US"
SVAUTOSELECTRATE="100"
SVFIRSTNSUBJECTS="100"
/>


<SITE  NAME="(2) Pacific Hematology and Oncology Associates"    MNEMONIC="2"
ADDRESS="2100 Webster Street"
COUNTRY="UNITED STATES"
PHONE="14.156e+009"
ALTPHONE="1"
FAX="1"
TIMEZONE="(GMT-08:00) Pacific Time (US &#38; Canada)"
SITEDATEFORMAT="DAY_MONTH_YEAR"
STARTDATE="08/05/2015"
STUDYLOCALE="en-US"
SVAUTOSELECTRATE="100"
SVFIRSTNSUBJECTS="100"
/>


<SITE  NAME="(8) University of Oklahoma Health Sciences Center"    MNEMONIC="8"
ADDRESS="800 N.E. 10th Street"
COUNTRY="UNITED STATES"
PHONE="14.05271e+009"
ALTPHONE="1"
FAX="1"
TIMEZONE="(GMT-06:00) Central Time (US &#38; Canada)"
SITEDATEFORMAT="DAY_MONTH_YEAR"
STARTDATE="08/05/2015"
STUDYLOCALE="en-US"
SVAUTOSELECTRATE="100"
SVFIRSTNSUBJECTS="100"
/>


<SITE  NAME="(22) Wake Forest Baptist Medical Center"    MNEMONIC="22"
ADDRESS="Baptist Medical Center 3rd Floor Hematology and Oncology Clinic Medical Center Blvd"
COUNTRY="UNITED STATES"
PHONE="13.36713e+009"
ALTPHONE="1"
FAX="1"
TIMEZONE="(GMT-05:00) Eastern Time (US &#38; Canada)"
SITEDATEFORMAT="DAY_MONTH_YEAR"
STARTDATE="08/05/2015"
STUDYLOCALE="en-US"
SVAUTOSELECTRATE="100"
SVFIRSTNSUBJECTS="100"
/>


<SITE  NAME="(20) Thomas Jefferson University"    MNEMONIC="20"
ADDRESS="1025 Walnut Street  College 700"
COUNTRY="UNITED STATES"
PHONE="12.15955e+009"
ALTPHONE="1"
FAX="1"
TIMEZONE="(GMT-05:00) Eastern Time (US &#38; Canada)"
SITEDATEFORMAT="DAY_MONTH_YEAR"
STARTDATE="08/05/2015"
STUDYLOCALE="en-US"
SVAUTOSELECTRATE="100"
SVFIRSTNSUBJECTS="100"
/>


<SITE  NAME="(18) Mount Sinai Medical Center"    MNEMONIC="18"
ADDRESS="5 East 98th Street 12th Floor"
COUNTRY="UNITED STATES"
PHONE="12.12241e+009"
ALTPHONE="1"
FAX="1"
TIMEZONE="(GMT-05:00) Eastern Time (US &#38; Canada)"
SITEDATEFORMAT="DAY_MONTH_YEAR"
STARTDATE="08/05/2015"
STUDYLOCALE="en-US"
SVAUTOSELECTRATE="100"
SVFIRSTNSUBJECTS="100"
/>


<SITE  NAME="(14) Massachusetts General Hospital"    MNEMONIC="14"
ADDRESS="Cancer Center Protocol Office 2 Emerson Place RM 008"
COUNTRY="UNITED STATES"
PHONE="16.17725e+009"
ALTPHONE="1"
FAX="1"
TIMEZONE="(GMT-05:00) Eastern Time (US &#38; Canada)"
SITEDATEFORMAT="DAY_MONTH_YEAR"
STARTDATE="08/05/2015"
STUDYLOCALE="en-US"
SVAUTOSELECTRATE="100"
SVFIRSTNSUBJECTS="100"
/>


<SITE  NAME="(10) University of Louisville James Graham Brown Cancer Center"    MNEMONIC="10"
ADDRESS="529 South Jackson Street"
COUNTRY="UNITED STATES"
PHONE="15.02562e+009"
ALTPHONE="1"
FAX="1"
TIMEZONE="(GMT-05:00) Eastern Time (US &#38; Canada)"
SITEDATEFORMAT="DAY_MONTH_YEAR"
STARTDATE="08/05/2015"
STUDYLOCALE="en-US"
SVAUTOSELECTRATE="100"
SVFIRSTNSUBJECTS="100"
/>


<SITE  NAME="(864) National Taiwan University Hospital"    MNEMONIC="864"
ADDRESS="No 1 Chung-Te Street 10048 Taipei"
COUNTRY="TAIWAN, PROVINCE OF CHINA"
PHONE="886886223123456"
ALTPHONE="886"
FAX="886"
TIMEZONE="(GMT+01:00) Sarajevo, Skopje, Warsaw, Zagreb"
SITEDATEFORMAT="DAY_MONTH_YEAR"
STARTDATE="08/05/2015"
STUDYLOCALE="en-US"
SVAUTOSELECTRATE="100"
SVFIRSTNSUBJECTS="100"
/>


<SITE  NAME="(862) Chang Gung Memorial Hospital - Linkou"    MNEMONIC="862"
ADDRESS="5 Fu-Shing St 33305 Kuei Shan Hsiang"
COUNTRY="TAIWAN, PROVINCE OF CHINA"
PHONE="88688633281200"
ALTPHONE="886"
FAX="886"
TIMEZONE="(GMT+01:00) Sarajevo, Skopje, Warsaw, Zagreb"
SITEDATEFORMAT="DAY_MONTH_YEAR"
STARTDATE="08/05/2015"
STUDYLOCALE="en-US"
SVAUTOSELECTRATE="100"
SVFIRSTNSUBJECTS="100"
/>


<SITE  NAME="(860) Chi-Mei Medical Center Liouying"    MNEMONIC="860"
ADDRESS="No201 Taikang Village 71004 Tainan"
COUNTRY="TAIWAN, PROVINCE OF CHINA"
PHONE="88688666226999"
ALTPHONE="886"
FAX="886"
TIMEZONE="(GMT+01:00) Sarajevo, Skopje, Warsaw, Zagreb"
SITEDATEFORMAT="DAY_MONTH_YEAR"
STARTDATE="08/05/2015"
STUDYLOCALE="en-US"
SVAUTOSELECTRATE="100"
SVFIRSTNSUBJECTS="100"
/>


<SITE  NAME="(858) Chang Gung Memorial Hospital - Chiayi"    MNEMONIC="858"
ADDRESS="No 6 West Section Jiapu Road 613 Puzih City"
COUNTRY="TAIWAN, PROVINCE OF CHINA"
PHONE="88688653621000"
ALTPHONE="886"
FAX="886"
TIMEZONE="(GMT+01:00) Sarajevo, Skopje, Warsaw, Zagreb"
SITEDATEFORMAT="DAY_MONTH_YEAR"
STARTDATE="08/05/2015"
STUDYLOCALE="en-US"
SVAUTOSELECTRATE="100"
SVFIRSTNSUBJECTS="100"
/>


<SITE  NAME="(856) Taipei Veterans General Hospital"    MNEMONIC="856"
ADDRESS="No 201 Section 2  Shih-Pai  Road 112 Taipei"
COUNTRY="TAIWAN, PROVINCE OF CHINA"
PHONE="8868862287121213341"
ALTPHONE="886"
FAX="886"
TIMEZONE="(GMT+01:00) Sarajevo, Skopje, Warsaw, Zagreb"
SITEDATEFORMAT="DAY_MONTH_YEAR"
STARTDATE="08/05/2015"
STUDYLOCALE="en-US"
SVAUTOSELECTRATE="100"
SVFIRSTNSUBJECTS="100"
/>


<SITE  NAME="(854) National Cheng Kung University Hospital"    MNEMONIC="854"
ADDRESS="138 Sheng Li Road 70403 Tainan"
COUNTRY="TAIWAN, PROVINCE OF CHINA"
PHONE="8868.86624e+010"
ALTPHONE="886"
FAX="886"
TIMEZONE="(GMT+01:00) Sarajevo, Skopje, Warsaw, Zagreb"
SITEDATEFORMAT="DAY_MONTH_YEAR"
STARTDATE="08/05/2015"
STUDYLOCALE="en-US"
SVAUTOSELECTRATE="100"
SVFIRSTNSUBJECTS="100"
/>


<SITE  NAME="(852) Chang Gung Memorial Hospital - Kaohsiung"    MNEMONIC="852"
ADDRESS="No 123 Ta-Pei Rd 83301 Kaohsiung"
COUNTRY="TAIWAN, PROVINCE OF CHINA"
PHONE="8868.86773e+010"
ALTPHONE="886"
FAX="886"
TIMEZONE="(GMT+01:00) Sarajevo, Skopje, Warsaw, Zagreb"
SITEDATEFORMAT="DAY_MONTH_YEAR"
STARTDATE="08/05/2015"
STUDYLOCALE="en-US"
SVAUTOSELECTRATE="100"
SVFIRSTNSUBJECTS="100"
/>


</MEDMLDATA>