<?xml version="1.0"?>
<MEDMLDATA xmlns="PhaseForward-MedML-Inform4">


<SITE  NAME="(303) Dr Fontaine"    MNEMONIC="303"
ADDRESS="Universitair Ziekenhuis Brussel oncologisch centrum LAARBEEKLAAN 101 1090 BRUSSELS"
COUNTRY="BELGIUM"
PHONE="32024776415"
TIMEZONE="(GMT+01:00) Sarajevo, Skopje, Warsaw, Zagreb"
SITEDATEFORMAT="DAY_MONTH_YEAR"
STARTDATE="08/12/2014"
STUDYLOCALE="en-US"
SVAUTOSELECTRATE="100"
SVFIRSTNSUBJECTS="100"
/>


<SITE  NAME="(302) Dr Huizing"    MNEMONIC="302"
ADDRESS="Universitair Ziekenhuis Antwerpen WILRIJKSTRAAT 10 2650 EDEGEM"
COUNTRY="BELGIUM"
PHONE="3238214368"
TIMEZONE="(GMT+01:00) Sarajevo, Skopje, Warsaw, Zagreb"
SITEDATEFORMAT="DAY_MONTH_YEAR"
STARTDATE="08/12/2014"
STUDYLOCALE="en-US"
SVAUTOSELECTRATE="100"
SVFIRSTNSUBJECTS="100"
/>


<SITE  NAME="(300) Prof Neven"    MNEMONIC="300"
ADDRESS="Universitair Ziekenhuis Leuven Dienst gynaecologische oncologie Herestraat 49 3000 Leuven"
COUNTRY="BELGIUM"
PHONE="3216344634"
TIMEZONE="(GMT+01:00) Sarajevo, Skopje, Warsaw, Zagreb"
SITEDATEFORMAT="DAY_MONTH_YEAR"
STARTDATE="08/12/2014"
STUDYLOCALE="en-US"
SVAUTOSELECTRATE="100"
SVFIRSTNSUBJECTS="100"
/>


<SITE  NAME="(301) Prof Jerusalem"    MNEMONIC="301"
ADDRESS="CHU Sart Tilman 1 avenue de l hopital Domaine du Sart Tilman Bat 35 4000 Liege"
COUNTRY="BELGIUM"
PHONE="3243667237"
TIMEZONE="(GMT+01:00) Sarajevo, Skopje, Warsaw, Zagreb"
SITEDATEFORMAT="DAY_MONTH_YEAR"
STARTDATE="08/12/2014"
STUDYLOCALE="en-US"
SVAUTOSELECTRATE="100"
SVFIRSTNSUBJECTS="100"
/>


<SITE  NAME="(201) Webster"    MNEMONIC="201"
ADDRESS="1331 29 Street Northwest"
CITY="Calgary"
STATE="Alberta"
POSTCODE="T2N 4N2"
COUNTRY="CANADA"
PHONE="14035213093"
ALTPHONE="1"
FAX="1"
TIMEZONE="(GMT-07:00) Mountain Time (US &#38; Canada)"
SITEDATEFORMAT="DAY_MONTH_YEAR"
STARTDATE="08/12/2014"
STUDYLOCALE="en-US"
SVAUTOSELECTRATE="100"
SVFIRSTNSUBJECTS="100"
/>


<SITE  NAME="(203) Dingle"    MNEMONIC="203"
ADDRESS="790 Commissioners Road"
ADDRESS2="East London Regional Cancer Program Room A3 834"
CITY="London"
STATE="Ontario"
POSTCODE="N6A 4L6"
COUNTRY="CANADA"
PHONE="15196858640"
ALTPHONE="1"
FAX="1"
TIMEZONE="(GMT-05:00) Eastern Time (US &#38; Canada)"
SITEDATEFORMAT="DAY_MONTH_YEAR"
STARTDATE="08/12/2014"
STUDYLOCALE="en-US"
SVAUTOSELECTRATE="100"
SVFIRSTNSUBJECTS="100"
/>


<SITE  NAME="(202) Wilson"    MNEMONIC="202"
ADDRESS="200 Church St"
ADDRESS2="Room B208"
CITY="Toronto"
STATE="Ontario"
POSTCODE="M9N 1N8"
COUNTRY="CANADA"
PHONE="14162434308"
ALTPHONE="1"
FAX="1"
TIMEZONE="(GMT-05:00) Eastern Time (US &#38; Canada)"
SITEDATEFORMAT="DAY_MONTH_YEAR"
STARTDATE="08/12/2014"
STUDYLOCALE="en-US"
SVAUTOSELECTRATE="100"
SVFIRSTNSUBJECTS="100"
/>


<SITE  NAME="(200) Brazden-Masley"    MNEMONIC="200"
ADDRESS="30 Bond Street"
ADDRESS2="Donnelly Wing Rm 2 081"
CITY="Toronto"
STATE="Ontario"
POSTCODE="M5B 1W8"
COUNTRY="CANADA"
PHONE="14168645734"
ALTPHONE="1"
FAX="1"
TIMEZONE="(GMT-05:00) Eastern Time (US &#38; Canada)"
SITEDATEFORMAT="DAY_MONTH_YEAR"
STARTDATE="08/12/2014"
STUDYLOCALE="en-US"
SVAUTOSELECTRATE="100"
SVFIRSTNSUBJECTS="100"
/>


<SITE  NAME="(420) Gosia Tuxen"    MNEMONIC="420"
ADDRESS="Herlev University Hospital  Oncology Department Onkologisk afdeling 54 B1 MHerlev Ringvej 75 2730 Herlev"
COUNTRY="DENMARK"
PHONE="4538682750"
TIMEZONE="(GMT+01:00) Sarajevo, Skopje, Warsaw, Zagreb"
SITEDATEFORMAT="DAY_MONTH_YEAR"
STARTDATE="08/12/2014"
STUDYLOCALE="en-US"
SVAUTOSELECTRATE="100"
SVFIRSTNSUBJECTS="100"
/>



<SITE  NAME="(422) Adam Luczak"    MNEMONIC="422"
ADDRESS="Aalborg Universitets hospital Hobrovej 18 22 9000 Aalborg"
COUNTRY="DENMARK"
PHONE="4597661286"
TIMEZONE="(GMT+01:00) Sarajevo, Skopje, Warsaw, Zagreb"
SITEDATEFORMAT="DAY_MONTH_YEAR"
STARTDATE="08/12/2014"
STUDYLOCALE="en-US"
SVAUTOSELECTRATE="100"
SVFIRSTNSUBJECTS="100"
/>


<SITE  NAME="(421) Peter Michael Vestlev"    MNEMONIC="421"
ADDRESS="Roskilde Sygehus Koegevej 7 4000 Roskilde"
COUNTRY="DENMARK"
PHONE="4547324901"
TIMEZONE="(GMT+01:00) Sarajevo, Skopje, Warsaw, Zagreb"
SITEDATEFORMAT="DAY_MONTH_YEAR"
STARTDATE="08/12/2014"
STUDYLOCALE="en-US"
SVAUTOSELECTRATE="100"
SVFIRSTNSUBJECTS="100"
/>


<SITE  NAME="(443) Dr Outi Saarni"    MNEMONIC="443"
ADDRESS="Turku University Hospital Department of Oncology TYKS T sairaala Hameentie 11 FI 20520 Turku"
COUNTRY="FINLAND"
PHONE="35823138316"
TIMEZONE="(GMT+02:00) Athens, Bucharest"
SITEDATEFORMAT="DAY_MONTH_YEAR"
STARTDATE="08/12/2014"
STUDYLOCALE="en-US"
SVAUTOSELECTRATE="100"
SVFIRSTNSUBJECTS="100"
/>


<SITE  NAME="(441) Dr Peeter Karihtala"    MNEMONIC="441"
ADDRESS="Oulu University hospital Kajaanintie 50 PO Box 20 FI 90029 Oulu"
COUNTRY="FINLAND"
PHONE="35883155954"
TIMEZONE="(GMT+02:00) Athens, Bucharest"
SITEDATEFORMAT="DAY_MONTH_YEAR"
STARTDATE="08/12/2014"
STUDYLOCALE="en-US"
SVAUTOSELECTRATE="100"
SVFIRSTNSUBJECTS="100"
/>


<SITE  NAME="(442) Dr Johanna Mattson"    MNEMONIC="442"
ADDRESS="Helsinki University Hospital Department of Oncology HUS Syoepaetautien klinikka Haartmaninkatu 4 PL 180 FI 00029 Helsinki"
COUNTRY="FINLAND"
PHONE="35894711"
TIMEZONE="(GMT+02:00) Athens, Bucharest"
SITEDATEFORMAT="DAY_MONTH_YEAR"
STARTDATE="08/12/2014"
STUDYLOCALE="en-US"
SVAUTOSELECTRATE="100"
SVFIRSTNSUBJECTS="100"
/>


<SITE  NAME="(440) Dr Pirkko Kellokumpu Lehtinen"    MNEMONIC="440"
ADDRESS="Tampere University Hospital Department of Oncology Dept of Oncology PL2000 Teiskontie 35 33521 Tampere"
COUNTRY="FINLAND"
PHONE="3583311611"
TIMEZONE="(GMT+02:00) Athens, Bucharest"
SITEDATEFORMAT="DAY_MONTH_YEAR"
STARTDATE="08/12/2014"
STUDYLOCALE="en-US"
SVAUTOSELECTRATE="100"
SVFIRSTNSUBJECTS="100"
/>


<SITE  NAME="(323) Dr H Bourgeois"    MNEMONIC="323"
ADDRESS="Clinique Victor Hugo 18 rue Victor Hugo 72000 Le Mans"
COUNTRY="FRANCE"
PHONE="33243399493"
TIMEZONE="(GMT+01:00) Sarajevo, Skopje, Warsaw, Zagreb"
SITEDATEFORMAT="DAY_MONTH_YEAR"
STARTDATE="08/12/2014"
STUDYLOCALE="en-US"
SVAUTOSELECTRATE="100"
SVFIRSTNSUBJECTS="100"
/>



<SITE  NAME="(321) Dr O Tredan"    MNEMONIC="321"
ADDRESS="Centre Leon Berard 28 rue Laennec 69373 Lyon Cedex 08"
COUNTRY="FRANCE"
PHONE="33478782644"
TIMEZONE="(GMT+01:00) Sarajevo, Skopje, Warsaw, Zagreb"
SITEDATEFORMAT="DAY_MONTH_YEAR"
STARTDATE="08/12/2014"
STUDYLOCALE="en-US"
SVAUTOSELECTRATE="100"
SVFIRSTNSUBJECTS="100"
/>


<SITE  NAME="(322) Dr P Laplaige"    MNEMONIC="322"
ADDRESS="Polyclinique de Blois 3 rue Robert Debre 41260 LA CHAUSSEE ST VICTOR"
COUNTRY="FRANCE"
PHONE="33254906555"
TIMEZONE="(GMT+01:00) Sarajevo, Skopje, Warsaw, Zagreb"
SITEDATEFORMAT="DAY_MONTH_YEAR"
STARTDATE="08/12/2014"
STUDYLOCALE="en-US"
SVAUTOSELECTRATE="100"
SVFIRSTNSUBJECTS="100"
/>


<SITE  NAME="(324) Prof J Nabholtz"    MNEMONIC="324"
ADDRESS="Centre Jean Perrin 58 rue Montalembert BP 392 63001 CLERMONT FERRAND"
COUNTRY="FRANCE"
PHONE="33473278482"
TIMEZONE="(GMT+01:00) Sarajevo, Skopje, Warsaw, Zagreb"
SITEDATEFORMAT="DAY_MONTH_YEAR"
STARTDATE="08/12/2014"
STUDYLOCALE="en-US"
SVAUTOSELECTRATE="100"
SVFIRSTNSUBJECTS="100"
/>


<SITE  NAME="(320) Prof X PIVOT"    MNEMONIC="320"
ADDRESS="Centre hospitalier Universitaire de Besancon Hopital Jean Minjoz 3 Boulevard Alexandre Fleming 25030 Besancon Cedex"
COUNTRY="FRANCE"
PHONE="33381669386"
TIMEZONE="(GMT+01:00) Sarajevo, Skopje, Warsaw, Zagreb"
SITEDATEFORMAT="DAY_MONTH_YEAR"
STARTDATE="08/12/2014"
STUDYLOCALE="en-US"
SVAUTOSELECTRATE="100"
SVFIRSTNSUBJECTS="100"
/>


<SITE  NAME="(463) Susanna Hegewisch-Becker"    MNEMONIC="463"
ADDRESS="Facharzt Zentrum fur Innere Medizin Internistische Onkologie MVZ fur Innere Medizin in Hamburg Eppendorf Eppendorfer Landstrasse 42 20249 Hamburg"
COUNTRY="GERMANY"
PHONE="49404602001"
TIMEZONE="(GMT+01:00) Sarajevo, Skopje, Warsaw, Zagreb"
SITEDATEFORMAT="DAY_MONTH_YEAR"
STARTDATE="08/12/2014"
STUDYLOCALE="en-US"
SVAUTOSELECTRATE="100"
SVFIRSTNSUBJECTS="100"
/>


<SITE  NAME="(461) Eva Maria Grischke"    MNEMONIC="461"
ADDRESS="Universitaetsklinikum Tuebingen Frauenklinik Calwerstrasse 7 72076 Tuebingen"
COUNTRY="GERMANY"
PHONE="4970712982211"
TIMEZONE="(GMT+01:00) Sarajevo, Skopje, Warsaw, Zagreb"
SITEDATEFORMAT="DAY_MONTH_YEAR"
STARTDATE="08/12/2014"
STUDYLOCALE="en-US"
SVAUTOSELECTRATE="100"
SVFIRSTNSUBJECTS="100"
/>


<SITE  NAME="(464) Bernhard Heinrich"    MNEMONIC="464"
ADDRESS="Haematologisch Onkologische Praxis Augsburg Halderstrasse 29 86150 Augsburg"
COUNTRY="GERMANY"
PHONE="49821344650"
TIMEZONE="(GMT+01:00) Sarajevo, Skopje, Warsaw, Zagreb"
SITEDATEFORMAT="DAY_MONTH_YEAR"
STARTDATE="08/12/2014"
STUDYLOCALE="en-US"
SVAUTOSELECTRATE="100"
SVFIRSTNSUBJECTS="100"
/>


<SITE  NAME="(462) Claudia Hanle"    MNEMONIC="462"
ADDRESS="Klinikum Ludwigsburg Klinik fur Frauenheilkunde und Geburtshilfe Regionale Kliniken Holding RKH GmbH Posilipostr  4 71640 Ludwigsburg"
COUNTRY="GERMANY"
PHONE="4971419994105"
TIMEZONE="(GMT+01:00) Sarajevo, Skopje, Warsaw, Zagreb"
SITEDATEFORMAT="DAY_MONTH_YEAR"
STARTDATE="08/12/2014"
STUDYLOCALE="en-US"
SVAUTOSELECTRATE="100"
SVFIRSTNSUBJECTS="100"
/>


<SITE  NAME="(460) Nadja Harbeck"    MNEMONIC="460"
ADDRESS="Klinikum der Universitaet Muenchen Campus Grosshadern Brustzentrum und Onkologische TagesklinikFrauenkliniken Grosshadern Innenstadtklinikum der Universitaet Muenchen Maistrasse 11 80337 Muenchen"
COUNTRY="GERMANY"
PHONE="498951604317"
TIMEZONE="(GMT+01:00) Sarajevo, Skopje, Warsaw, Zagreb"
SITEDATEFORMAT="DAY_MONTH_YEAR"
STARTDATE="08/12/2014"
STUDYLOCALE="en-US"
SVAUTOSELECTRATE="100"
SVFIRSTNSUBJECTS="100"
/>


<SITE  NAME="(350) DR I VARTHALITIS"    MNEMONIC="350"
ADDRESS="Mournies 73300 Chania Crete"
COUNTRY="GREECE"
PHONE="302821022884"
TIMEZONE="(GMT+02:00) Athens, Bucharest"
SITEDATEFORMAT="DAY_MONTH_YEAR"
STARTDATE="08/12/2014"
STUDYLOCALE="en-US"
SVAUTOSELECTRATE="100"
SVFIRSTNSUBJECTS="100"
/>



<SITE  NAME="(345) PROF H KALOFONOS"    MNEMONIC="345"
ADDRESS="Rion 26500 Patras"
COUNTRY="GREECE"
PHONE="302610999535"
TIMEZONE="(GMT+02:00) Athens, Bucharest"
SITEDATEFORMAT="DAY_MONTH_YEAR"
STARTDATE="08/12/2014"
STUDYLOCALE="en-US"
SVAUTOSELECTRATE="100"
SVFIRSTNSUBJECTS="100"
/>



<SITE  NAME="(340) PROF D MAVROUDIS"    MNEMONIC="340"
ADDRESS="Vouton and Stavrakion 71500 Heraklion Crete"
COUNTRY="GREECE"
PHONE="302810392438"
TIMEZONE="(GMT+02:00) Athens, Bucharest"
SITEDATEFORMAT="DAY_MONTH_YEAR"
STARTDATE="08/12/2014"
STUDYLOCALE="en-US"
SVAUTOSELECTRATE="100"
SVFIRSTNSUBJECTS="100"
/>


<SITE  NAME="(361) Prof A Brandes"    MNEMONIC="361"
ADDRESS="Ospedale Bellaria Unita Operativa di Oncologia 40139 Bologna"
COUNTRY="ITALY"
PHONE="39516225697"
TIMEZONE="(GMT+01:00) Sarajevo, Skopje, Warsaw, Zagreb"
SITEDATEFORMAT="DAY_MONTH_YEAR"
STARTDATE="08/12/2014"
STUDYLOCALE="en-US"
SVAUTOSELECTRATE="100"
SVFIRSTNSUBJECTS="100"
/>


<SITE  NAME="(363) Prof F Cognetti"    MNEMONIC="363"
ADDRESS="Ospedale Regina Elena Istituti Fisioterapici Ospitalieri Via Chianesi 53 00161 Roma"
COUNTRY="ITALY"
PHONE="39652665330"
TIMEZONE="(GMT+01:00) Sarajevo, Skopje, Warsaw, Zagreb"
SITEDATEFORMAT="DAY_MONTH_YEAR"
STARTDATE="08/12/2014"
STUDYLOCALE="en-US"
SVAUTOSELECTRATE="100"
SVFIRSTNSUBJECTS="100"
/>


<SITE  NAME="(362) Dr A Frassoldati"    MNEMONIC="362"
ADDRESS="Azienda Ospedaliero Universitaria di Ferrara Arcispedale Sant Anna Via A Moro 8 44121 Cona"
COUNTRY="ITALY"
PHONE="39532237138"
TIMEZONE="(GMT+01:00) Sarajevo, Skopje, Warsaw, Zagreb"
SITEDATEFORMAT="DAY_MONTH_YEAR"
STARTDATE="08/12/2014"
STUDYLOCALE="en-US"
SVAUTOSELECTRATE="100"
SVFIRSTNSUBJECTS="100"
/>


<SITE  NAME="(360) Dr P F Conte"    MNEMONIC="360"
ADDRESS="Istituto Oncologico Veneto Istituto Oncologico Veneto Via Gattamelata 64 35628 Padova"
COUNTRY="ITALY"
PHONE="39498215290"
TIMEZONE="(GMT+01:00) Sarajevo, Skopje, Warsaw, Zagreb"
SITEDATEFORMAT="DAY_MONTH_YEAR"
STARTDATE="08/12/2014"
STUDYLOCALE="en-US"
SVAUTOSELECTRATE="100"
SVFIRSTNSUBJECTS="100"
/>


<SITE  NAME="(717) Yasuo Hozumi"    MNEMONIC="717"
ADDRESS="3311 1 Yakushiji Shimotsuke shi Tochigi 329 0498 Japan"
COUNTRY="JAPAN"
PHONE="8181285442111"
ALTPHONE="81"
FAX="81"
TIMEZONE="(GMT+09:00) Osaka, Sapporo, Tokyo"
SITEDATEFORMAT="DAY_MONTH_YEAR"
STARTDATE="08/12/2014"
STUDYLOCALE="en-US"
SVAUTOSELECTRATE="100"
SVFIRSTNSUBJECTS="100"
/>


<SITE  NAME="(715) Yasuo Miyoshi"    MNEMONIC="715"
ADDRESS="1 1 Mukogawa cho Nishinomiya shi Hyogo 663 8501 Japan"
COUNTRY="JAPAN"
PHONE="8181798456111"
ALTPHONE="81"
FAX="81"
TIMEZONE="(GMT+09:00) Osaka, Sapporo, Tokyo"
SITEDATEFORMAT="DAY_MONTH_YEAR"
STARTDATE="08/12/2014"
STUDYLOCALE="en-US"
SVAUTOSELECTRATE="100"
SVFIRSTNSUBJECTS="100"
/>


<SITE  NAME="(713) Yoshiaki Rai"    MNEMONIC="713"
ADDRESS="3 31 Matsubara cho Kagoshima shi Kagoshima 892 0833 Japan"
COUNTRY="JAPAN"
PHONE="8181992241800"
ALTPHONE="81"
FAX="81"
TIMEZONE="(GMT+09:00) Osaka, Sapporo, Tokyo"
SITEDATEFORMAT="DAY_MONTH_YEAR"
STARTDATE="08/12/2014"
STUDYLOCALE="en-US"
SVAUTOSELECTRATE="100"
SVFIRSTNSUBJECTS="100"
/>


<SITE  NAME="(711) TBD"    MNEMONIC="711"
ADDRESS="160 Ko Minamiumemoto machi Matsuyama shi Ehime 791 0280 Japan"
COUNTRY="JAPAN"
PHONE="8181899991172"
ALTPHONE="81"
FAX="81"
TIMEZONE="(GMT+09:00) Osaka, Sapporo, Tokyo"
SITEDATEFORMAT="DAY_MONTH_YEAR"
STARTDATE="08/12/2014"
STUDYLOCALE="en-US"
SVAUTOSELECTRATE="100"
SVFIRSTNSUBJECTS="100"
/>


<SITE  NAME="(709) Takahiro Nakayama"    MNEMONIC="709"
ADDRESS="1 3 3 Nakamichi Higashinari ku Osaka shi Osaka 537 8511 Japan"
COUNTRY="JAPAN"
PHONE="8181669721181"
ALTPHONE="81"
FAX="81"
TIMEZONE="(GMT+09:00) Osaka, Sapporo, Tokyo"
SITEDATEFORMAT="DAY_MONTH_YEAR"
STARTDATE="08/12/2014"
STUDYLOCALE="en-US"
SVAUTOSELECTRATE="100"
SVFIRSTNSUBJECTS="100"
/>



<SITE  NAME="(707) Kenichi Inoue"    MNEMONIC="707"
ADDRESS="780 Komuro Ina machi Kitaadachi gun Saitama 362 0806 Japan"
COUNTRY="JAPAN"
PHONE="8181487221111"
ALTPHONE="81"
FAX="81"
TIMEZONE="(GMT+09:00) Osaka, Sapporo, Tokyo"
SITEDATEFORMAT="DAY_MONTH_YEAR"
STARTDATE="08/12/2014"
STUDYLOCALE="en-US"
SVAUTOSELECTRATE="100"
SVFIRSTNSUBJECTS="100"
/>


<SITE  NAME="(705) Katsumasa Kuroi"    MNEMONIC="705"
ADDRESS="3 18 22 Honkomagome Bunkyo ku Tokyo 113 8677 Japan"
COUNTRY="JAPAN"
PHONE="8181338232101"
ALTPHONE="81"
FAX="81"
TIMEZONE="(GMT+09:00) Osaka, Sapporo, Tokyo"
SITEDATEFORMAT="DAY_MONTH_YEAR"
STARTDATE="08/12/2014"
STUDYLOCALE="en-US"
SVAUTOSELECTRATE="100"
SVFIRSTNSUBJECTS="100"
/>


<SITE  NAME="(701) Nobuaki Sato"    MNEMONIC="701"
ADDRESS="2 15 3 Kawagishi cho Chuo ku Niigata shi Niigata 951 8566 Japan"
COUNTRY="JAPAN"
PHONE="8181252665111"
ALTPHONE="81"
FAX="81"
TIMEZONE="(GMT+09:00) Osaka, Sapporo, Tokyo"
SITEDATEFORMAT="DAY_MONTH_YEAR"
STARTDATE="08/12/2014"
STUDYLOCALE="en-US"
SVAUTOSELECTRATE="100"
SVFIRSTNSUBJECTS="100"
/>


<SITE  NAME="(704) Koichiro Tsugawa"    MNEMONIC="704"
ADDRESS="2 16 1 Sugao Miyamae ku Kawasaki shi Kanagawa 216 8511 Japan"
COUNTRY="JAPAN"
PHONE="8181449778111"
ALTPHONE="81"
FAX="81"
TIMEZONE="(GMT+09:00) Osaka, Sapporo, Tokyo"
SITEDATEFORMAT="DAY_MONTH_YEAR"
STARTDATE="08/12/2014"
STUDYLOCALE="en-US"
SVAUTOSELECTRATE="100"
SVFIRSTNSUBJECTS="100"
/>


<SITE  NAME="(718) Eiji Suzuki"    MNEMONIC="718"
ADDRESS="54 Shogoin Kawaharacho Sakyo ku Kyoto shi Kyoto 606 8507 Japan"
COUNTRY="JAPAN"
PHONE="8181757513111"
ALTPHONE="81"
FAX="81"
TIMEZONE="(GMT+09:00) Osaka, Sapporo, Tokyo"
SITEDATEFORMAT="DAY_MONTH_YEAR"
STARTDATE="08/12/2014"
STUDYLOCALE="en-US"
SVAUTOSELECTRATE="100"
SVFIRSTNSUBJECTS="100"
/>


<SITE  NAME="(716) Hirofumi Mukai"    MNEMONIC="716"
ADDRESS="6 5 1 Kashiwanoha Kashiwa shi Chiba 277 8577 Japan"
COUNTRY="JAPAN"
PHONE="8181471331111"
ALTPHONE="81"
FAX="81"
TIMEZONE="(GMT+09:00) Osaka, Sapporo, Tokyo"
SITEDATEFORMAT="DAY_MONTH_YEAR"
STARTDATE="08/12/2014"
STUDYLOCALE="en-US"
SVAUTOSELECTRATE="100"
SVFIRSTNSUBJECTS="100"
/>


<SITE  NAME="(714) Miki Yamaguchi"    MNEMONIC="714"
ADDRESS="21 Kushiharamachi Kurume shi Fukuoka 830 0013 Japan"
COUNTRY="JAPAN"
PHONE="8181942331211"
ALTPHONE="81"
FAX="81"
TIMEZONE="(GMT+09:00) Osaka, Sapporo, Tokyo"
SITEDATEFORMAT="DAY_MONTH_YEAR"
STARTDATE="08/12/2014"
STUDYLOCALE="en-US"
SVAUTOSELECTRATE="100"
SVFIRSTNSUBJECTS="100"
/>


<SITE  NAME="(712) Shinji Ohno"    MNEMONIC="712"
ADDRESS="3 1 1 Notame Minami ku Fukuoka shi Fukuoka 811 1395 Japan"
COUNTRY="JAPAN"
PHONE="8181925413231"
ALTPHONE="81"
FAX="81"
TIMEZONE="(GMT+09:00) Osaka, Sapporo, Tokyo"
SITEDATEFORMAT="DAY_MONTH_YEAR"
STARTDATE="08/12/2014"
STUDYLOCALE="en-US"
SVAUTOSELECTRATE="100"
SVFIRSTNSUBJECTS="100"
/>


<SITE  NAME="(710) Norikazu Masuda"    MNEMONIC="710"
ADDRESS="2 1 14 Hoenzaka Chuo ku Osaka shi Osaka 540 0006 Japan"
COUNTRY="JAPAN"
PHONE="8181669421331"
ALTPHONE="81"
FAX="81"
TIMEZONE="(GMT+09:00) Osaka, Sapporo, Tokyo"
SITEDATEFORMAT="DAY_MONTH_YEAR"
STARTDATE="08/12/2014"
STUDYLOCALE="en-US"
SVAUTOSELECTRATE="100"
SVFIRSTNSUBJECTS="100"
/>


<SITE  NAME="(708) Hiroji Iwata"    MNEMONIC="708"
ADDRESS="1 1 Kanokoden Chikusa ku Nagoya shi Aichi 464 8681 Japan"
COUNTRY="JAPAN"
PHONE="8181527626111"
ALTPHONE="81"
FAX="81"
TIMEZONE="(GMT+09:00) Osaka, Sapporo, Tokyo"
SITEDATEFORMAT="DAY_MONTH_YEAR"
STARTDATE="08/12/2014"
STUDYLOCALE="en-US"
SVAUTOSELECTRATE="100"
SVFIRSTNSUBJECTS="100"
/>


<SITE  NAME="(706) Naohito Yamamoto"    MNEMONIC="706"
ADDRESS="666 2 Nitona cho Chuo ku Chiba shi Chiba 260 8717 Japan"
COUNTRY="JAPAN"
PHONE="8181432645431"
ALTPHONE="81"
FAX="81"
TIMEZONE="(GMT+09:00) Osaka, Sapporo, Tokyo"
SITEDATEFORMAT="DAY_MONTH_YEAR"
STARTDATE="08/12/2014"
STUDYLOCALE="en-US"
SVAUTOSELECTRATE="100"
SVFIRSTNSUBJECTS="100"
/>


<SITE  NAME="(703) Yoshinori Ito"    MNEMONIC="703"
ADDRESS="3 8 31 Ariake Koto ku Tokyo 135 8550 Japan"
COUNTRY="JAPAN"
PHONE="8181335200111"
ALTPHONE="81"
FAX="81"
TIMEZONE="(GMT+09:00) Osaka, Sapporo, Tokyo"
SITEDATEFORMAT="DAY_MONTH_YEAR"
STARTDATE="08/12/2014"
STUDYLOCALE="en-US"
SVAUTOSELECTRATE="100"
SVFIRSTNSUBJECTS="100"
/>


<SITE  NAME="(702) Chikako Shimizu"    MNEMONIC="702"
ADDRESS="5 1 1 Tsukiji Chuo ku Tokyo 104 0045 Japan"
COUNTRY="JAPAN"
PHONE="8181335422511"
ALTPHONE="81"
FAX="81"
TIMEZONE="(GMT+09:00) Osaka, Sapporo, Tokyo"
SITEDATEFORMAT="DAY_MONTH_YEAR"
STARTDATE="08/12/2014"
STUDYLOCALE="en-US"
SVAUTOSELECTRATE="100"
SVFIRSTNSUBJECTS="100"
/>


<SITE  NAME="(700) Masato Takahashi"    MNEMONIC="700"
ADDRESS="2 3 54 Kikusui 4 Jo Shiroishi ku Sapporo shi Hokkaido 003 0804 Japan"
COUNTRY="JAPAN"
PHONE="8181118119111"
ALTPHONE="81"
FAX="81"
TIMEZONE="(GMT+09:00) Osaka, Sapporo, Tokyo"
SITEDATEFORMAT="DAY_MONTH_YEAR"
STARTDATE="08/12/2014"
STUDYLOCALE="en-US"
SVAUTOSELECTRATE="100"
SVFIRSTNSUBJECTS="100"
/>


<SITE  NAME="(809) Inha University Hospital"    MNEMONIC="809"
ADDRESS="27 Inhang Ro  Jung gu Incheon 400 711"
COUNTRY="KOREA, REPUBLIC OF"
PHONE="8282328902583"
ALTPHONE="82"
FAX="82"
TIMEZONE="(GMT+09:00) Seoul"
SITEDATEFORMAT="DAY_MONTH_YEAR"
STARTDATE="08/12/2014"
STUDYLOCALE="en-US"
SVAUTOSELECTRATE="100"
SVFIRSTNSUBJECTS="100"
/>



<SITE  NAME="(808) Ulsan University Hospital"    MNEMONIC="808"
ADDRESS="877 Bangeojin sunhwando ro  Dong gu Ulsan 682 714"
COUNTRY="KOREA, REPUBLIC OF"
PHONE="8282522508978"
ALTPHONE="82"
FAX="82"
TIMEZONE="(GMT+09:00) Seoul"
SITEDATEFORMAT="DAY_MONTH_YEAR"
STARTDATE="08/12/2014"
STUDYLOCALE="en-US"
SVAUTOSELECTRATE="100"
SVFIRSTNSUBJECTS="100"
/>


<SITE  NAME="(807) Chungbuk National University Hospital"    MNEMONIC="807"
ADDRESS="776 1sunhwan ro Heungdeok gu Cheongju si Chungcheongbuk do 361 711"
COUNTRY="KOREA, REPUBLIC OF"
PHONE="8282432696015"
ALTPHONE="82"
FAX="82"
TIMEZONE="(GMT+09:00) Seoul"
SITEDATEFORMAT="DAY_MONTH_YEAR"
STARTDATE="08/12/2014"
STUDYLOCALE="en-US"
SVAUTOSELECTRATE="100"
SVFIRSTNSUBJECTS="100"
/>


<SITE  NAME="(806) The Catholic University of Seoul St Marys Hospital"    MNEMONIC="806"
ADDRESS="222 Banpo daero Seocho gu Seoul 137 701"
COUNTRY="KOREA, REPUBLIC OF"
PHONE="8282222586046"
ALTPHONE="82"
FAX="82"
TIMEZONE="(GMT+09:00) Seoul"
SITEDATEFORMAT="DAY_MONTH_YEAR"
STARTDATE="08/12/2014"
STUDYLOCALE="en-US"
SVAUTOSELECTRATE="100"
SVFIRSTNSUBJECTS="100"
/>



<SITE  NAME="(805) Asan Medical Center"    MNEMONIC="805"
ADDRESS="88 Olympic ro 43 gil Songpa gu Seoul 138 736"
COUNTRY="KOREA, REPUBLIC OF"
PHONE="8282230103217"
ALTPHONE="82"
FAX="82"
TIMEZONE="(GMT+09:00) Seoul"
SITEDATEFORMAT="DAY_MONTH_YEAR"
STARTDATE="08/12/2014"
STUDYLOCALE="en-US"
SVAUTOSELECTRATE="100"
SVFIRSTNSUBJECTS="100"
/>


<SITE  NAME="(804) Seoul National University Hospital"    MNEMONIC="804"
ADDRESS="101 Daehak Ro  Jongno Gu  Seoul 110 744"
COUNTRY="KOREA, REPUBLIC OF"
PHONE="8282220720850"
ALTPHONE="82"
FAX="82"
TIMEZONE="(GMT+09:00) Seoul"
SITEDATEFORMAT="DAY_MONTH_YEAR"
STARTDATE="08/12/2014"
STUDYLOCALE="en-US"
SVAUTOSELECTRATE="100"
SVFIRSTNSUBJECTS="100"
/>


<SITE  NAME="(803) Severance Hospital"    MNEMONIC="803"
ADDRESS="50 Yonsei ro Seodaemun gu Seoul 120 752"
COUNTRY="KOREA, REPUBLIC OF"
PHONE="8282222288135"
ALTPHONE="82"
FAX="82"
TIMEZONE="(GMT+09:00) Seoul"
SITEDATEFORMAT="DAY_MONTH_YEAR"
STARTDATE="08/12/2014"
STUDYLOCALE="en-US"
SVAUTOSELECTRATE="100"
SVFIRSTNSUBJECTS="100"
/>



<SITE  NAME="(802) Samsung Medical Center"    MNEMONIC="802"
ADDRESS="81  Irwon ro  Gangnam gu  Seoul  135 710"
COUNTRY="KOREA, REPUBLIC OF"
PHONE="8282234103445"
ALTPHONE="82"
FAX="82"
TIMEZONE="(GMT+09:00) Seoul"
SITEDATEFORMAT="DAY_MONTH_YEAR"
STARTDATE="08/12/2014"
STUDYLOCALE="en-US"
SVAUTOSELECTRATE="100"
SVFIRSTNSUBJECTS="100"
/>


<SITE  NAME="(801) Gachon University Gil Medical Center"    MNEMONIC="801"
ADDRESS="21 Namdong daero 774beon gil  Namdong gu  Incheon 405 760"
COUNTRY="KOREA, REPUBLIC OF"
PHONE="8282324608301"
ALTPHONE="82"
FAX="82"
TIMEZONE="(GMT+09:00) Seoul"
SITEDATEFORMAT="DAY_MONTH_YEAR"
STARTDATE="08/12/2014"
STUDYLOCALE="en-US"
SVAUTOSELECTRATE="100"
SVFIRSTNSUBJECTS="100"
/>


<SITE  NAME="(800) Seoul National University Bundang Hospital"    MNEMONIC="800"
ADDRESS="82 Gumi ro 173 beon gil Bundang Gu Seongnam si 463 707"
COUNTRY="KOREA, REPUBLIC OF"
PHONE="8282317877022"
ALTPHONE="82"
FAX="82"
TIMEZONE="(GMT+09:00) Seoul"
SITEDATEFORMAT="DAY_MONTH_YEAR"
STARTDATE="08/12/2014"
STUDYLOCALE="en-US"
SVAUTOSELECTRATE="100"
SVFIRSTNSUBJECTS="100"
/>


<SITE  NAME="(265) Dr Jennifer Vanessa Ramirez Puente"    MNEMONIC="265"
ADDRESS="Av Paseo de los Heroes 10999 Zona Rio 22010 Tijuana Baja California Mexico Con 805-b"
CITY="Tijuana"
STATE="Baja California Norte"
POSTCODE="22010"
COUNTRY="MEXICO"
PHONE="5252556643861719"
ALTPHONE="52"
FAX="52"
TIMEZONE="(GMT-08:00) Pacific Time (US &#38; Canada)"
SITEDATEFORMAT="DAY_MONTH_YEAR"
STARTDATE="08/12/2014"
STUDYLOCALE="en-US"
SVAUTOSELECTRATE="100"
SVFIRSTNSUBJECTS="100"
/>


<SITE  NAME="(280) Dr Claudia Haydee Arce Salinas"    MNEMONIC="280"
ADDRESS="Av San Fernando No 2 Col Barrio del Nino Jesus"
CITY="Mexico City"
STATE="DF"
POSTCODE="14080"
COUNTRY="MEXICO"
PHONE="52525554851237"
ALTPHONE="52"
FAX="52"
TIMEZONE="(GMT-06:00) Central Time (US &#38; Canada)"
SITEDATEFORMAT="DAY_MONTH_YEAR"
STARTDATE="08/12/2014"
STUDYLOCALE="en-US"
SVAUTOSELECTRATE="100"
SVFIRSTNSUBJECTS="100"
/>


<SITE  NAME="(275) Dr Francisco Alejo Medina Soto"    MNEMONIC="275"
ADDRESS="Capitan Aguilar Sur 669 Col Obispado"
CITY="Monterrey"
STATE="Nuevo Leon"
POSTCODE="64060"
COUNTRY="MEXICO"
PHONE="52528113521300"
ALTPHONE="52"
FAX="52"
TIMEZONE="(GMT-06:00) Central Time (US &#38; Canada)"
SITEDATEFORMAT="DAY_MONTH_YEAR"
STARTDATE="08/12/2014"
STUDYLOCALE="en-US"
SVAUTOSELECTRATE="100"
SVFIRSTNSUBJECTS="100"
/>


<SITE  NAME="(270) Dr Mario Escobar Gomez"    MNEMONIC="270"
ADDRESS="Av Cuauhtemoc 1251 Col Santa Cruz Atoyac"
CITY="Mexico City"
STATE="DF"
POSTCODE="03310"
COUNTRY="MEXICO"
PHONE="52525541689873"
ALTPHONE="52"
FAX="52"
TIMEZONE="(GMT-06:00) Central Time (US &#38; Canada)"
SITEDATEFORMAT="DAY_MONTH_YEAR"
STARTDATE="08/12/2014"
STUDYLOCALE="en-US"
SVAUTOSELECTRATE="100"
SVFIRSTNSUBJECTS="100"
/>


<SITE  NAME="(260) Dr Manuel Magallanes"    MNEMONIC="260"
ADDRESS="Cozumel Number 90 Col Roma"
CITY="Mexico City"
STATE="DF"
POSTCODE="06700"
COUNTRY="MEXICO"
PHONE="52525554137773"
ALTPHONE="52"
FAX="52"
TIMEZONE="(GMT-06:00) Central Time (US &#38; Canada)"
SITEDATEFORMAT="DAY_MONTH_YEAR"
STARTDATE="08/12/2014"
STUDYLOCALE="en-US"
SVAUTOSELECTRATE="100"
SVFIRSTNSUBJECTS="100"
/>


<SITE  NAME="(255) Dr Servando Cardona Huerta"    MNEMONIC="255"
ADDRESS="Av Morones prieto 3000 Col Doctores"
ADDRESS2="2nd floor of ER area"
CITY="Monterrey"
STATE="Nuevo Leon"
POSTCODE="64710"
COUNTRY="MEXICO"
PHONE="528113668608"
ALTPHONE="52"
FAX="52"
TIMEZONE="(GMT-06:00) Central Time (US &#38; Canada)"
SITEDATEFORMAT="DAY_MONTH_YEAR"
STARTDATE="08/12/2014"
STUDYLOCALE="en-US"
SVAUTOSELECTRATE="100"
SVFIRSTNSUBJECTS="100"
/>


<SITE  NAME="(250) Dr Jose Luis Gonzalez Trujillo"    MNEMONIC="250"
ADDRESS="Portal Bravo 2 701 Centro"
CITY="Leon"
STATE="Guanajuato"
POSTCODE="37000"
COUNTRY="MEXICO"
PHONE="52524777885674"
ALTPHONE="52"
FAX="52"
TIMEZONE="(GMT-06:00) Central Time (US &#38; Canada)"
SITEDATEFORMAT="DAY_MONTH_YEAR"
STARTDATE="08/12/2014"
STUDYLOCALE="en-US"
SVAUTOSELECTRATE="100"
SVFIRSTNSUBJECTS="100"
/>


<SITE  NAME="(383) Bauer-Kosinska"    MNEMONIC="383"
ADDRESS="Mazowiecki Szpital Onkologiczny ul Koscielna 61 05 135 Wieliszew"
COUNTRY="POLAND"
PHONE="4.8227661514e+011"
TIMEZONE="(GMT+01:00) Sarajevo, Skopje, Warsaw, Zagreb"
SITEDATEFORMAT="DAY_MONTH_YEAR"
STARTDATE="08/12/2014"
STUDYLOCALE="en-US"
SVAUTOSELECTRATE="100"
SVFIRSTNSUBJECTS="100"
/>


<SITE  NAME="(381) Wojtukiewicz"    MNEMONIC="381"
ADDRESS="Bialostockie Centrum Onkologii Oddzial Onkologii Klinicznej ul Ogrodowa 12 15 027 Bialystok"
COUNTRY="POLAND"
PHONE="48856646734"
TIMEZONE="(GMT+01:00) Sarajevo, Skopje, Warsaw, Zagreb"
SITEDATEFORMAT="DAY_MONTH_YEAR"
STARTDATE="08/12/2014"
STUDYLOCALE="en-US"
SVAUTOSELECTRATE="100"
SVFIRSTNSUBJECTS="100"
/>


<SITE  NAME="(382) Ulanska"    MNEMONIC="382"
ADDRESS="Centrum Terapii Wspolczesnej Kopcinskiego 21 90 242 Lodz"
COUNTRY="POLAND"
PHONE="48422300609"
TIMEZONE="(GMT+01:00) Sarajevo, Skopje, Warsaw, Zagreb"
SITEDATEFORMAT="DAY_MONTH_YEAR"
STARTDATE="08/12/2014"
STUDYLOCALE="en-US"
SVAUTOSELECTRATE="100"
SVFIRSTNSUBJECTS="100"
/>


<SITE  NAME="(380) Jassem"    MNEMONIC="380"
ADDRESS="Uniwersyteckie Centrum Kliniczne Klinika Onkologii i Radioterapii ul Debinki 7 80 952 Gdansk"
COUNTRY="POLAND"
PHONE="48583492271"
TIMEZONE="(GMT+01:00) Sarajevo, Skopje, Warsaw, Zagreb"
SITEDATEFORMAT="DAY_MONTH_YEAR"
STARTDATE="08/12/2014"
STUDYLOCALE="en-US"
SVAUTOSELECTRATE="100"
SVFIRSTNSUBJECTS="100"
/>


<SITE  NAME="(402) Daniela Grecea"    MNEMONIC="402"
ADDRESS="Institutul Oncologic Cluj Napoca Prof Dr Ioan Chiricuta Piata 1 Mai  nr 3 400015 Cluj Napoca"
COUNTRY="ROMANIA"
PHONE="40264198361"
TIMEZONE="(GMT+02:00) Athens, Bucharest"
SITEDATEFORMAT="DAY_MONTH_YEAR"
STARTDATE="08/12/2014"
STUDYLOCALE="en-US"
SVAUTOSELECTRATE="100"
SVFIRSTNSUBJECTS="100"
/>


<SITE  NAME="(400) Carmen Ianuli"    MNEMONIC="400"
ADDRESS="Ianuli Med Consult SRL Str Intr Lt Dumitru Lemnea Nr 6 Ap 1 Sector 1 010976 Bucuresti"
COUNTRY="ROMANIA"
PHONE="40745706153"
TIMEZONE="(GMT+02:00) Athens, Bucharest"
SITEDATEFORMAT="DAY_MONTH_YEAR"
STARTDATE="08/12/2014"
STUDYLOCALE="en-US"
SVAUTOSELECTRATE="100"
SVFIRSTNSUBJECTS="100"
/>


<SITE  NAME="(401) Adrian Udrea"    MNEMONIC="401"
ADDRESS="Medisprof SRL Piata 1 Mai  nr 3 400058 Clu Napoca"
COUNTRY="ROMANIA"
PHONE="40264439270"
TIMEZONE="(GMT+02:00) Athens, Bucharest"
SITEDATEFORMAT="DAY_MONTH_YEAR"
STARTDATE="08/12/2014"
STUDYLOCALE="en-US"
SVAUTOSELECTRATE="100"
SVFIRSTNSUBJECTS="100"
/>


<SITE  NAME="(606) Lifirenko"    MNEMONIC="606"
ADDRESS="Eliseeva street 1 Kursk 305035"
COUNTRY="RUSSIAN FEDERATION"
PHONE="77471252-9613"
ALTPHONE="7"
FAX="7"
TIMEZONE="(GMT+04:00) Moscow, St. Petersburg, Volgograd"
SITEDATEFORMAT="DAY_MONTH_YEAR"
STARTDATE="08/12/2014"
STUDYLOCALE="en-US"
SVAUTOSELECTRATE="100"
SVFIRSTNSUBJECTS="100"
/>


<SITE  NAME="(605) Gotovkin"    MNEMONIC="605"
ADDRESS="5 Lubimova Street  Ivanovo  153040"
COUNTRY="RUSSIAN FEDERATION"
PHONE="77093226-6377"
ALTPHONE="7"
FAX="7"
TIMEZONE="(GMT+04:00) Moscow, St. Petersburg, Volgograd"
SITEDATEFORMAT="DAY_MONTH_YEAR"
STARTDATE="08/12/2014"
STUDYLOCALE="en-US"
SVAUTOSELECTRATE="100"
SVFIRSTNSUBJECTS="100"
/>


<SITE  NAME="(603) Topuzov"    MNEMONIC="603"
ADDRESS="Piskarevsky prosp  47  St Petersburg 195067"
COUNTRY="RUSSIAN FEDERATION"
PHONE="77812545-4753"
ALTPHONE="7"
FAX="7"
TIMEZONE="(GMT+04:00) Moscow, St. Petersburg, Volgograd"
SITEDATEFORMAT="DAY_MONTH_YEAR"
STARTDATE="08/12/2014"
STUDYLOCALE="en-US"
SVAUTOSELECTRATE="100"
SVFIRSTNSUBJECTS="100"
/>


<SITE  NAME="(601) Manikhas"    MNEMONIC="601"
ADDRESS="2 d Berezovaya alleya  3 5  St Petersburg 197022"
COUNTRY="RUSSIAN FEDERATION"
PHONE="77812756-1842"
ALTPHONE="7"
FAX="7"
TIMEZONE="(GMT+04:00) Moscow, St. Petersburg, Volgograd"
SITEDATEFORMAT="DAY_MONTH_YEAR"
STARTDATE="08/12/2014"
STUDYLOCALE="en-US"
SVAUTOSELECTRATE="100"
SVFIRSTNSUBJECTS="100"
/>



<SITE  NAME="(604) Krivorotko"    MNEMONIC="604"
ADDRESS="Pesochny 2 Leningradskaya str  68  St Petersburg 197758"
COUNTRY="RUSSIAN FEDERATION"
PHONE="7812439-9555"
TIMEZONE="(GMT+04:00) Moscow, St. Petersburg, Volgograd"
SITEDATEFORMAT="DAY_MONTH_YEAR"
STARTDATE="08/12/2014"
STUDYLOCALE="en-US"
SVAUTOSELECTRATE="100"
SVFIRSTNSUBJECTS="100"
/>


<SITE  NAME="(602) Gorbunova"    MNEMONIC="602"
ADDRESS="Kashirskoye shosse 23 Moscow 115478"
COUNTRY="RUSSIAN FEDERATION"
PHONE="77499324-9479"
ALTPHONE="7"
FAX="7"
TIMEZONE="(GMT+04:00) Moscow, St. Petersburg, Volgograd"
SITEDATEFORMAT="DAY_MONTH_YEAR"
STARTDATE="08/12/2014"
STUDYLOCALE="en-US"
SVAUTOSELECTRATE="100"
SVFIRSTNSUBJECTS="100"
/>


<SITE  NAME="(600) Burdaeva"    MNEMONIC="600"
ADDRESS="Prosp Obvodny canal 145 Arkhangelsk 163045"
COUNTRY="RUSSIAN FEDERATION"
PHONE="77818227-6501"
ALTPHONE="7"
FAX="7"
TIMEZONE="(GMT+04:00) Moscow, St. Petersburg, Volgograd"
SITEDATEFORMAT="DAY_MONTH_YEAR"
STARTDATE="08/12/2014"
STUDYLOCALE="en-US"
SVAUTOSELECTRATE="100"
SVFIRSTNSUBJECTS="100"
/>


<SITE  NAME="(492) Dr Meritxell Bellet"    MNEMONIC="492"
ADDRESS="Hospital Vall d Hebron Passeig de la Vall de Hebron 119 129 08035 Barcelona"
COUNTRY="SPAIN"
PHONE="34934893846"
TIMEZONE="(GMT+01:00) Sarajevo, Skopje, Warsaw, Zagreb"
SITEDATEFORMAT="DAY_MONTH_YEAR"
STARTDATE="08/12/2014"
STUDYLOCALE="en-US"
SVAUTOSELECTRATE="100"
SVFIRSTNSUBJECTS="100"
/>


<SITE  NAME="(488) Dr Jose Angel Garcia Saenz"    MNEMONIC="488"
ADDRESS="Hospital Clinico San Carlos Servicio de Oncologia Doctor Martin Lagos  S N 28040 Madrid"
COUNTRY="SPAIN"
PHONE="34913303000"
TIMEZONE="(GMT+01:00) Sarajevo, Skopje, Warsaw, Zagreb"
SITEDATEFORMAT="DAY_MONTH_YEAR"
STARTDATE="08/12/2014"
STUDYLOCALE="en-US"
SVAUTOSELECTRATE="100"
SVFIRSTNSUBJECTS="100"
/>


<SITE  NAME="(480) Dr Miguel Martin"    MNEMONIC="480"
ADDRESS="Hospital General Universitario Gregorio Maranon Servicio de Oncologia Medica planta  1 C Maiquez 7 28007 Madrid"
COUNTRY="SPAIN"
PHONE="915868115"
TIMEZONE="(GMT+01:00) Sarajevo, Skopje, Warsaw, Zagreb"
SITEDATEFORMAT="DAY_MONTH_YEAR"
STARTDATE="08/12/2014"
STUDYLOCALE="en-US"
SVAUTOSELECTRATE="100"
SVFIRSTNSUBJECTS="100"
/>


<SITE  NAME="(484) Dr Antonio Llombart"    MNEMONIC="484"
ADDRESS="Hospital Arnau de Vilanova Valencia Servicio de Oncologia C San Clemente 12 46015 Valencia"
COUNTRY="SPAIN"
PHONE="963868501"
TIMEZONE="(GMT+01:00) Sarajevo, Skopje, Warsaw, Zagreb"
SITEDATEFORMAT="DAY_MONTH_YEAR"
STARTDATE="08/12/2014"
STUDYLOCALE="en-US"
SVAUTOSELECTRATE="100"
SVFIRSTNSUBJECTS="100"
/>


<SITE  NAME="(496) Dr Luis Manso"    MNEMONIC="496"
ADDRESS="Hospital 12 De Octubre Carretera De Andalucia Km 5 point 428041 Madrid"
COUNTRY="SPAIN"
PHONE="34913908000"
TIMEZONE="(GMT+01:00) Sarajevo, Skopje, Warsaw, Zagreb"
SITEDATEFORMAT="DAY_MONTH_YEAR"
STARTDATE="08/12/2014"
STUDYLOCALE="en-US"
SVAUTOSELECTRATE="100"
SVFIRSTNSUBJECTS="100"
/>


<SITE  NAME="(502) Alexandre Bodmer"    MNEMONIC="502"
ADDRESS="Geneva University Hospital Rue Gabrielle Perret Gentil 4 1211 Geneva"
COUNTRY="SWITZERLAND"
PHONE="41223724014"
TIMEZONE="(GMT+01:00) Sarajevo, Skopje, Warsaw, Zagreb"
SITEDATEFORMAT="DAY_MONTH_YEAR"
STARTDATE="08/12/2014"
STUDYLOCALE="en-US"
SVAUTOSELECTRATE="100"
SVFIRSTNSUBJECTS="100"
/>


<SITE  NAME="(500) Christoph Rochlitz"    MNEMONIC="500"
ADDRESS="Universitatsspital Basel Petersgraben 4 Oncology 4031 Basel"
COUNTRY="SWITZERLAND"
PHONE="41612655074"
TIMEZONE="(GMT+01:00) Sarajevo, Skopje, Warsaw, Zagreb"
SITEDATEFORMAT="DAY_MONTH_YEAR"
STARTDATE="08/12/2014"
STUDYLOCALE="en-US"
SVAUTOSELECTRATE="100"
SVFIRSTNSUBJECTS="100"
/>


<SITE  NAME="(501) Daniel Rauch"    MNEMONIC="501"
ADDRESS="Spital Thun Spital STS AG Krankenhaustrasse 12 3600 Thun"
COUNTRY="SWITZERLAND"
PHONE="41332262645"
TIMEZONE="(GMT+01:00) Sarajevo, Skopje, Warsaw, Zagreb"
SITEDATEFORMAT="DAY_MONTH_YEAR"
STARTDATE="08/12/2014"
STUDYLOCALE="en-US"
SVAUTOSELECTRATE="100"
SVFIRSTNSUBJECTS="100"
/>


<SITE  NAME="(162) Rugo"    MNEMONIC="162"
ADDRESS="1600 Divisadero Street"
ADDRESS2="Rm B718"
CITY="San Francisco"
STATE="CA"
POSTCODE="94115"
COUNTRY="UNITED STATES"
PHONE="14153537618"
ALTPHONE="1"
FAX="1"
TIMEZONE="(GMT-08:00) Pacific Time (US &#38; Canada)"
SITEDATEFORMAT="DAY_MONTH_YEAR"
STARTDATE="08/12/2014"
STUDYLOCALE="en-US"
SVAUTOSELECTRATE="100"
SVFIRSTNSUBJECTS="100"
/>


<SITE  NAME="(161) Sledge"    MNEMONIC="161"
ADDRESS="Stanford University"
ADDRESS2="Board of Trustees of the Leland Stanford Junior 875 Blake Wilbur Drive"
CITY="Stanford"
STATE="CA"
POSTCODE="94305"
COUNTRY="UNITED STATES"
PHONE="16504986004"
ALTPHONE="1"
FAX="1"
TIMEZONE="(GMT-08:00) Pacific Time (US &#38; Canada)"
SITEDATEFORMAT="DAY_MONTH_YEAR"
STARTDATE="08/12/2014"
STUDYLOCALE="en-US"
SVAUTOSELECTRATE="100"
SVFIRSTNSUBJECTS="100"
/>


<SITE  NAME="(130) Koh"    MNEMONIC="130"
ADDRESS="10992 San Diego Mission Road"
CITY="San Diego"
STATE="CA"
POSTCODE="92108"
COUNTRY="UNITED STATES"
PHONE="18185922480"
ALTPHONE="1"
FAX="1"
TIMEZONE="(GMT-08:00) Pacific Time (US &#38; Canada)"
SITEDATEFORMAT="DAY_MONTH_YEAR"
STARTDATE="08/12/2014"
STUDYLOCALE="en-US"
SVAUTOSELECTRATE="100"
SVFIRSTNSUBJECTS="100"
/>


<SITE  NAME="(101) Helsten"    MNEMONIC="101"
ADDRESS="Moores Cancer Center 3855 Health Sciences Dr"
CITY="La Jolla"
STATE="CA"
POSTCODE="92093"
COUNTRY="UNITED STATES"
PHONE="18588225223"
ALTPHONE="1"
FAX="1"
TIMEZONE="(GMT-08:00) Pacific Time (US &#38; Canada)"
SITEDATEFORMAT="DAY_MONTH_YEAR"
STARTDATE="08/12/2014"
STUDYLOCALE="en-US"
SVAUTOSELECTRATE="100"
SVFIRSTNSUBJECTS="100"
/>


<SITE  NAME="(100) Rado"    MNEMONIC="100"
ADDRESS="7360 West Deschutes Avenue"
CITY="Kennewick"
STATE="WA"
POSTCODE="99336"
COUNTRY="UNITED STATES"
PHONE="15097834637"
ALTPHONE="1"
FAX="1"
TIMEZONE="(GMT-08:00) Pacific Time (US &#38; Canada)"
SITEDATEFORMAT="DAY_MONTH_YEAR"
STARTDATE="08/12/2014"
STUDYLOCALE="en-US"
SVAUTOSELECTRATE="100"
SVFIRSTNSUBJECTS="100"
/>


<SITE  NAME="(120) Sethi"    MNEMONIC="120"
ADDRESS="401 W Poplar Street"
CITY="Walla Walla"
STATE="WA"
POSTCODE="99362"
COUNTRY="UNITED STATES"
PHONE="15095225993"
ALTPHONE="1"
FAX="1"
TIMEZONE="(GMT-08:00) Pacific Time (US &#38; Canada)"
SITEDATEFORMAT="DAY_MONTH_YEAR"
STARTDATE="08/12/2014"
STUDYLOCALE="en-US"
SVAUTOSELECTRATE="100"
SVFIRSTNSUBJECTS="100"
/>


<SITE  NAME="(160) Kendall"    MNEMONIC="160"
ADDRESS="3838 South 700 East"
ADDRESS2="Suite 100"
CITY="Salt Lake City"
STATE="UT"
POSTCODE="84106"
COUNTRY="UNITED STATES"
PHONE="18012816864"
ALTPHONE="1"
FAX="1"
TIMEZONE="(GMT-07:00) Mountain Time (US &#38; Canada)"
SITEDATEFORMAT="DAY_MONTH_YEAR"
STARTDATE="08/12/2014"
STUDYLOCALE="en-US"
SVAUTOSELECTRATE="100"
SVFIRSTNSUBJECTS="100"
/>


<SITE  NAME="(187) Diab Sami G"    MNEMONIC="187"
ADDRESS="1700 S Potomac Street"
CITY="Aurora"
STATE="CO"
POSTCODE="80012"
COUNTRY="UNITED STATES"
PHONE="13032855504"
ALTPHONE="1"
FAX="1"
TIMEZONE="(GMT-07:00) Mountain Time (US &#38; Canada)"
SITEDATEFORMAT="DAY_MONTH_YEAR"
STARTDATE="08/12/2014"
STUDYLOCALE="en-US"
SVAUTOSELECTRATE="100"
SVFIRSTNSUBJECTS="100"
/>


<SITE  NAME="(105) Muslimani"    MNEMONIC="105"
ADDRESS="801 North 29th Street"
CITY="Billings"
STATE="MT"
POSTCODE="59107"
COUNTRY="UNITED STATES"
PHONE="14064357484"
ALTPHONE="1"
FAX="1"
TIMEZONE="(GMT-07:00) Mountain Time (US &#38; Canada)"
SITEDATEFORMAT="DAY_MONTH_YEAR"
STARTDATE="08/12/2014"
STUDYLOCALE="en-US"
SVAUTOSELECTRATE="100"
SVFIRSTNSUBJECTS="100"
/>


<SITE  NAME="(192) Patt Debra A"    MNEMONIC="192"
ADDRESS="6204 Balcones Drive"
CITY="Austin"
STATE="TX"
POSTCODE="78731"
COUNTRY="UNITED STATES"
PHONE="15126870356"
ALTPHONE="1"
FAX="1"
TIMEZONE="(GMT-06:00) Central Time (US &#38; Canada)"
SITEDATEFORMAT="DAY_MONTH_YEAR"
STARTDATE="08/12/2014"
STUDYLOCALE="en-US"
SVAUTOSELECTRATE="100"
SVFIRSTNSUBJECTS="100"
/>


<SITE  NAME="(191) Tsai Michaela L"    MNEMONIC="191"
ADDRESS="910 E 26th Street"
CITY="Minneapolis"
STATE="MN"
POSTCODE="55404"
COUNTRY="UNITED STATES"
PHONE="16128846300"
ALTPHONE="1"
FAX="1"
TIMEZONE="(GMT-06:00) Central Time (US &#38; Canada)"
SITEDATEFORMAT="DAY_MONTH_YEAR"
STARTDATE="08/12/2014"
STUDYLOCALE="en-US"
SVAUTOSELECTRATE="100"
SVFIRSTNSUBJECTS="100"
/>


<SITE  NAME="(186) Anderson Thomas C"    MNEMONIC="186"
ADDRESS="1615 Hospital Parkway"
ADDRESS2="Suite 200"
CITY="Bedford"
STATE="TX"
POSTCODE="76022"
COUNTRY="UNITED STATES"
PHONE="18173599033"
ALTPHONE="1"
FAX="1"
TIMEZONE="(GMT-06:00) Central Time (US &#38; Canada)"
SITEDATEFORMAT="DAY_MONTH_YEAR"
STARTDATE="08/12/2014"
STUDYLOCALE="en-US"
SVAUTOSELECTRATE="100"
SVFIRSTNSUBJECTS="100"
/>


<SITE  NAME="(185) US Oncology"    MNEMONIC="185"
ADDRESS="10101 Woodloch Forest Drive"
CITY="The Woodlands"
STATE="TX"
POSTCODE="77380"
COUNTRY="UNITED STATES"
PHONE="19728418345"
ALTPHONE="1"
FAX="1"
TIMEZONE="(GMT-06:00) Central Time (US &#38; Canada)"
SITEDATEFORMAT="DAY_MONTH_YEAR"
STARTDATE="08/12/2014"
STUDYLOCALE="en-US"
SVAUTOSELECTRATE="100"
SVFIRSTNSUBJECTS="100"
/>


<SITE  NAME="(188) Block Margaret"    MNEMONIC="188"
ADDRESS="17201 Wright St"
ADDRESS2="Suite 200"
CITY="Omaha"
STATE="NE"
POSTCODE="68130"
COUNTRY="UNITED STATES"
PHONE="14026916971"
ALTPHONE="1"
FAX="1"
TIMEZONE="(GMT-06:00) Central Time (US &#38; Canada)"
SITEDATEFORMAT="DAY_MONTH_YEAR"
STARTDATE="08/12/2014"
STUDYLOCALE="en-US"
SVAUTOSELECTRATE="100"
SVFIRSTNSUBJECTS="100"
/>


<SITE  NAME="(173) Reynolds"    MNEMONIC="173"
ADDRESS="300 North 7th Street"
CITY="Bismark"
STATE="ND"
POSTCODE="58501"
COUNTRY="UNITED STATES"
PHONE="17013235365"
ALTPHONE="1"
FAX="1"
TIMEZONE="(GMT-06:00) Central Time (US &#38; Canada)"
SITEDATEFORMAT="DAY_MONTH_YEAR"
STARTDATE="08/12/2014"
STUDYLOCALE="en-US"
SVAUTOSELECTRATE="100"
SVFIRSTNSUBJECTS="100"
/>


<SITE  NAME="(131) Rimawi"    MNEMONIC="131"
ADDRESS="One Baylor Plaza Cullen Building"
ADDRESS2="Suite 335A"
CITY="Houston"
STATE="TX"
POSTCODE="77030"
COUNTRY="UNITED STATES"
PHONE="17137987315"
ALTPHONE="1"
FAX="1"
TIMEZONE="(GMT-06:00) Central Time (US &#38; Canada)"
SITEDATEFORMAT="DAY_MONTH_YEAR"
STARTDATE="08/12/2014"
STUDYLOCALE="en-US"
SVAUTOSELECTRATE="100"
SVFIRSTNSUBJECTS="100"
/>


<SITE  NAME="(113) Magee"    MNEMONIC="113"
ADDRESS="80 Humphreys Blvd"
ADDRESS2="Suite 340"
CITY="Memphis"
STATE="TN"
POSTCODE="38120"
COUNTRY="UNITED STATES"
PHONE="19012261493"
ALTPHONE="1"
FAX="1"
TIMEZONE="(GMT-06:00) Central Time (US &#38; Canada)"
SITEDATEFORMAT="DAY_MONTH_YEAR"
STARTDATE="08/12/2014"
STUDYLOCALE="en-US"
SVAUTOSELECTRATE="100"
SVFIRSTNSUBJECTS="100"
/>


<SITE  NAME="(112) Beck"    MNEMONIC="112"
ADDRESS="3232 N North Hills Blvd"
CITY="Fayetteville"
STATE="AR"
POSTCODE="72703"
COUNTRY="UNITED STATES"
PHONE="14795871700"
ALTPHONE="1"
FAX="1"
TIMEZONE="(GMT-06:00) Central Time (US &#38; Canada)"
SITEDATEFORMAT="DAY_MONTH_YEAR"
STARTDATE="08/12/2014"
STUDYLOCALE="en-US"
SVAUTOSELECTRATE="100"
SVFIRSTNSUBJECTS="100"
/>


<SITE  NAME="(107) Smith"    MNEMONIC="107"
ADDRESS="1025 Maine St"
CITY="Quincy"
STATE="IL"
POSTCODE="62301"
COUNTRY="UNITED STATES"
PHONE="12172773500"
ALTPHONE="1"
FAX="1"
TIMEZONE="(GMT-06:00) Central Time (US &#38; Canada)"
SITEDATEFORMAT="DAY_MONTH_YEAR"
STARTDATE="08/12/2014"
STUDYLOCALE="en-US"
SVAUTOSELECTRATE="100"
SVFIRSTNSUBJECTS="100"
/>


<SITE  NAME="(196) Stokoe Christopher T"    MNEMONIC="196"
ADDRESS="3705 W 15th St"
CITY="Plano"
STATE="TX"
POSTCODE="75075"
COUNTRY="UNITED STATES"
PHONE="19725995860"
ALTPHONE="1"
FAX="1"
TIMEZONE="(GMT-06:00) Central Time (US &#38; Canada)"
SITEDATEFORMAT="DAY_MONTH_YEAR"
STARTDATE="08/12/2014"
STUDYLOCALE="en-US"
SVAUTOSELECTRATE="100"
SVFIRSTNSUBJECTS="100"
/>



<SITE  NAME="(189) Holmes Frankie Ann"    MNEMONIC="189"
ADDRESS="925 Gessner Suite 550"
CITY="Houston"
STATE="TX"
POSTCODE="77024"
COUNTRY="UNITED STATES"
PHONE="17134671722"
ALTPHONE="1"
FAX="1"
TIMEZONE="(GMT-06:00) Central Time (US &#38; Canada)"
SITEDATEFORMAT="DAY_MONTH_YEAR"
STARTDATE="08/12/2014"
STUDYLOCALE="en-US"
SVAUTOSELECTRATE="100"
SVFIRSTNSUBJECTS="100"
/>


<SITE  NAME="(180) Sarah Cannon Research Institute"    MNEMONIC="180"
ADDRESS="3322 West End Avenue"
ADDRESS2="Suite 900"
CITY="Nashville"
STATE="TN"
POSTCODE="37203"
COUNTRY="UNITED STATES"
PHONE="16153296818"
ALTPHONE="1"
FAX="1"
TIMEZONE="(GMT-06:00) Central Time (US &#38; Canada)"
SITEDATEFORMAT="DAY_MONTH_YEAR"
STARTDATE="08/12/2014"
STUDYLOCALE="en-US"
SVAUTOSELECTRATE="100"
SVFIRSTNSUBJECTS="100"
/>


<SITE  NAME="(172) Panwalker"    MNEMONIC="172"
ADDRESS="Roger Maris Cancer Center"
ADDRESS2="820 North 4th St"
CITY="Fargo"
STATE="ND"
POSTCODE="58122"
COUNTRY="UNITED STATES"
PHONE="17012345842"
ALTPHONE="1"
FAX="1"
TIMEZONE="(GMT-06:00) Central Time (US &#38; Canada)"
SITEDATEFORMAT="DAY_MONTH_YEAR"
STARTDATE="08/12/2014"
STUDYLOCALE="en-US"
SVAUTOSELECTRATE="100"
SVFIRSTNSUBJECTS="100"
/>


<SITE  NAME="(171) Mazurczak"    MNEMONIC="171"
ADDRESS="Clinical Research Center"
ADDRESS2="1018 W 18th Street"
CITY="Sioux Falls"
STATE="SD"
POSTCODE="57104"
COUNTRY="UNITED STATES"
PHONE="16053281371"
ALTPHONE="1"
FAX="1"
TIMEZONE="(GMT-06:00) Central Time (US &#38; Canada)"
SITEDATEFORMAT="DAY_MONTH_YEAR"
STARTDATE="08/12/2014"
STUDYLOCALE="en-US"
SVAUTOSELECTRATE="100"
SVFIRSTNSUBJECTS="100"
/>


<SITE  NAME="(170) Sanford Research"    MNEMONIC="170"
ADDRESS="2301 East 60th Street N"
CITY="Sioux Falls"
STATE="SD"
POSTCODE="57104"
COUNTRY="UNITED STATES"
PHONE="17012345899"
ALTPHONE="1"
FAX="1"
TIMEZONE="(GMT-06:00) Central Time (US &#38; Canada)"
SITEDATEFORMAT="DAY_MONTH_YEAR"
STARTDATE="08/12/2014"
STUDYLOCALE="en-US"
SVAUTOSELECTRATE="100"
SVFIRSTNSUBJECTS="100"
/>


<SITE  NAME="(150) Vu"    MNEMONIC="150"
ADDRESS="3415 McIntosh Circle Drive"
CITY="Joplin"
STATE="MO"
POSTCODE="64804"
COUNTRY="UNITED STATES"
PHONE="14173474030"
ALTPHONE="1"
FAX="1"
TIMEZONE="(GMT-06:00) Central Time (US &#38; Canada)"
SITEDATEFORMAT="DAY_MONTH_YEAR"
STARTDATE="08/12/2014"
STUDYLOCALE="en-US"
SVAUTOSELECTRATE="100"
SVFIRSTNSUBJECTS="100"
/>


<SITE  NAME="(122) C Michael Jones"    MNEMONIC="122"
ADDRESS="7710 Wolf River Circle"
CITY="Germantown"
STATE="TN"
POSTCODE="38138"
COUNTRY="UNITED STATES"
PHONE="19016855969"
ALTPHONE="1"
FAX="1"
TIMEZONE="(GMT-06:00) Central Time (US &#38; Canada)"
SITEDATEFORMAT="DAY_MONTH_YEAR"
STARTDATE="08/12/2014"
STUDYLOCALE="en-US"
SVAUTOSELECTRATE="100"
SVFIRSTNSUBJECTS="100"
/>


<SITE  NAME="(121) Weibel"    MNEMONIC="121"
ADDRESS="12697 E 51st Street South"
CITY="Tulsa"
STATE="OK"
POSTCODE="74146"
COUNTRY="UNITED STATES"
PHONE="19185053201"
ALTPHONE="1"
FAX="1"
TIMEZONE="(GMT-06:00) Central Time (US &#38; Canada)"
SITEDATEFORMAT="DAY_MONTH_YEAR"
STARTDATE="08/12/2014"
STUDYLOCALE="en-US"
SVAUTOSELECTRATE="100"
SVFIRSTNSUBJECTS="100"
/>


<SITE  NAME="(110) Khalil"    MNEMONIC="110"
ADDRESS="300 Carson Street"
CITY="Jonesboro"
STATE="AR"
POSTCODE="72401"
COUNTRY="UNITED STATES"
PHONE="18709107723"
ALTPHONE="1"
FAX="1"
TIMEZONE="(GMT-06:00) Central Time (US &#38; Canada)"
SITEDATEFORMAT="DAY_MONTH_YEAR"
STARTDATE="08/12/2014"
STUDYLOCALE="en-US"
SVAUTOSELECTRATE="100"
SVFIRSTNSUBJECTS="100"
/>



<SITE  NAME="(106) Pluard"    MNEMONIC="106"
ADDRESS="4321 Washington Road"
CITY="Kansas City"
STATE="MO"
POSTCODE="64111"
COUNTRY="UNITED STATES"
PHONE="18169323300"
ALTPHONE="1"
FAX="1"
TIMEZONE="(GMT-06:00) Central Time (US &#38; Canada)"
SITEDATEFORMAT="DAY_MONTH_YEAR"
STARTDATE="08/12/2014"
STUDYLOCALE="en-US"
SVAUTOSELECTRATE="100"
SVFIRSTNSUBJECTS="100"
/>


<SITE  NAME="(194) Oommen Sanjay P"    MNEMONIC="194"
ADDRESS="1001 12th Ave"
ADDRESS2="Suite 200"
CITY="Ft Worth"
STATE="TX"
POSTCODE="76104"
COUNTRY="UNITED STATES"
PHONE="18178502011"
ALTPHONE="1"
FAX="1"
TIMEZONE="(GMT-05:00) Eastern Time (US &#38; Canada)"
SITEDATEFORMAT="DAY_MONTH_YEAR"
STARTDATE="08/12/2014"
STUDYLOCALE="en-US"
SVAUTOSELECTRATE="100"
SVFIRSTNSUBJECTS="100"
/>


<SITE  NAME="(193) Richards Paul D"    MNEMONIC="193"
ADDRESS="1900 Electric Road"
CITY="Salem"
STATE="VA"
POSTCODE="24153"
COUNTRY="UNITED STATES"
PHONE="15407748660"
ALTPHONE="1"
FAX="1"
TIMEZONE="(GMT-05:00) Eastern Time (US &#38; Canada)"
SITEDATEFORMAT="DAY_MONTH_YEAR"
STARTDATE="08/12/2014"
STUDYLOCALE="en-US"
SVAUTOSELECTRATE="100"
SVFIRSTNSUBJECTS="100"
/>



<SITE  NAME="(182) Wright"    MNEMONIC="182"
ADDRESS="560 Jackson St"
ADDRESS2="Suite 220"
CITY="St Petersburg"
STATE="FL"
POSTCODE="33705"
COUNTRY="UNITED STATES"
PHONE="17272161143"
ALTPHONE="1"
FAX="1"
TIMEZONE="(GMT-05:00) Eastern Time (US &#38; Canada)"
SITEDATEFORMAT="DAY_MONTH_YEAR"
STARTDATE="08/12/2014"
STUDYLOCALE="en-US"
SVAUTOSELECTRATE="100"
SVFIRSTNSUBJECTS="100"
/>


<SITE  NAME="(181) Hart"    MNEMONIC="181"
ADDRESS="3840 Broadway"
CITY="Ft Myers"
STATE="FL"
POSTCODE="33901"
COUNTRY="UNITED STATES"
PHONE="12392756400"
ALTPHONE="1"
FAX="1"
TIMEZONE="(GMT-05:00) Eastern Time (US &#38; Canada)"
SITEDATEFORMAT="DAY_MONTH_YEAR"
STARTDATE="08/12/2014"
STUDYLOCALE="en-US"
SVAUTOSELECTRATE="100"
SVFIRSTNSUBJECTS="100"
/>



<SITE  NAME="(152) Hopkins"    MNEMONIC="152"
ADDRESS="1010 Bethesda Court"
CITY="Winston Salem"
STATE="NC"
POSTCODE="27103"
COUNTRY="UNITED STATES"
PHONE="13362778800"
ALTPHONE="1"
FAX="1"
TIMEZONE="(GMT-05:00) Eastern Time (US &#38; Canada)"
SITEDATEFORMAT="DAY_MONTH_YEAR"
STARTDATE="08/12/2014"
STUDYLOCALE="en-US"
SVAUTOSELECTRATE="100"
SVFIRSTNSUBJECTS="100"
/>


<SITE  NAME="(151) Khan Dilawar"    MNEMONIC="151"
ADDRESS="255 W 5th St"
CITY="Rome"
STATE="GA"
POSTCODE="30165"
COUNTRY="UNITED STATES"
PHONE="17065289094"
ALTPHONE="1"
FAX="1"
TIMEZONE="(GMT-05:00) Eastern Time (US &#38; Canada)"
SITEDATEFORMAT="DAY_MONTH_YEAR"
STARTDATE="08/12/2014"
STUDYLOCALE="en-US"
SVAUTOSELECTRATE="100"
SVFIRSTNSUBJECTS="100"
/>


<SITE  NAME="(109) Tiersten"    MNEMONIC="109"
ADDRESS="10 East 102nd St"
ADDRESS2="2nd Floor"
CITY="New York"
STATE="NY"
POSTCODE="10029"
COUNTRY="UNITED STATES"
PHONE="12128247312"
ALTPHONE="1"
FAX="1"
TIMEZONE="(GMT-05:00) Eastern Time (US &#38; Canada)"
SITEDATEFORMAT="DAY_MONTH_YEAR"
STARTDATE="08/12/2014"
STUDYLOCALE="en-US"
SVAUTOSELECTRATE="100"
SVFIRSTNSUBJECTS="100"
/>


<SITE  NAME="(108) Soliman"    MNEMONIC="108"
ADDRESS="12902 Magnolia Drive"
ADDRESS2="Room 3157"
CITY="Tampa"
STATE="FL"
POSTCODE="33612"
COUNTRY="UNITED STATES"
PHONE="18137451807"
ALTPHONE="1"
FAX="1"
TIMEZONE="(GMT-05:00) Eastern Time (US &#38; Canada)"
SITEDATEFORMAT="DAY_MONTH_YEAR"
STARTDATE="08/12/2014"
STUDYLOCALE="en-US"
SVAUTOSELECTRATE="100"
SVFIRSTNSUBJECTS="100"
/>


<SITE  NAME="(195) Mulaparthi Shalini"    MNEMONIC="195"
ADDRESS="1600 Lakeland Hills Blvd"
CITY="Lakeland"
STATE="FL"
POSTCODE="33805"
COUNTRY="UNITED STATES"
PHONE="18636886826"
ALTPHONE="1"
FAX="1"
TIMEZONE="(GMT-05:00) Eastern Time (US &#38; Canada)"
SITEDATEFORMAT="DAY_MONTH_YEAR"
STARTDATE="08/12/2014"
STUDYLOCALE="en-US"
SVAUTOSELECTRATE="100"
SVFIRSTNSUBJECTS="100"
/>



<SITE  NAME="(190) Wang Grace"    MNEMONIC="190"
ADDRESS="8940 N Kendall Drive"
CITY="Miami"
STATE="FL"
POSTCODE="33176"
COUNTRY="UNITED STATES"
PHONE="13057281881"
ALTPHONE="1"
FAX="1"
TIMEZONE="(GMT-05:00) Eastern Time (US &#38; Canada)"
SITEDATEFORMAT="DAY_MONTH_YEAR"
STARTDATE="08/12/2014"
STUDYLOCALE="en-US"
SVAUTOSELECTRATE="100"
SVFIRSTNSUBJECTS="100"
/>


<SITE  NAME="(142) Khan Farrah"    MNEMONIC="142"
ADDRESS="89 Beaumont Ave Given Bldg"
CITY="Burlington"
STATE="VT"
POSTCODE="05405"
COUNTRY="UNITED STATES"
PHONE="18026569441"
ALTPHONE="1"
FAX="1"
TIMEZONE="(GMT-05:00) Eastern Time (US &#38; Canada)"
SITEDATEFORMAT="DAY_MONTH_YEAR"
STARTDATE="08/12/2014"
STUDYLOCALE="en-US"
SVAUTOSELECTRATE="100"
SVFIRSTNSUBJECTS="100"
/>


<SITE  NAME="(141) Tamkus"    MNEMONIC="141"
ADDRESS="401 West Greenlawn Ave"
CITY="Lansing"
STATE="MI"
POSTCODE="48910"
COUNTRY="UNITED STATES"
PHONE="15179759534"
ALTPHONE="1"
FAX="1"
TIMEZONE="(GMT-05:00) Eastern Time (US &#38; Canada)"
SITEDATEFORMAT="DAY_MONTH_YEAR"
STARTDATE="08/12/2014"
STUDYLOCALE="en-US"
SVAUTOSELECTRATE="100"
SVFIRSTNSUBJECTS="100"
/>


<SITE  NAME="(140) Bushunow"    MNEMONIC="140"
ADDRESS="1425 Portland Ave"
CITY="Rochester"
STATE="NY"
POSTCODE="14621"
COUNTRY="UNITED STATES"
PHONE="15859225665"
ALTPHONE="1"
FAX="1"
TIMEZONE="(GMT-05:00) Eastern Time (US &#38; Canada)"
SITEDATEFORMAT="DAY_MONTH_YEAR"
STARTDATE="08/12/2014"
STUDYLOCALE="en-US"
SVAUTOSELECTRATE="100"
SVFIRSTNSUBJECTS="100"
/>


<SITE  NAME="(132) Tolaney"    MNEMONIC="132"
ADDRESS="Harvard Medical School"
ADDRESS2="44 Binney Street Dana 1230"
CITY="Boston"
STATE="MA"
POSTCODE="02115"
COUNTRY="UNITED STATES"
PHONE="16176326767"
ALTPHONE="1"
FAX="1"
TIMEZONE="(GMT-05:00) Eastern Time (US &#38; Canada)"
SITEDATEFORMAT="DAY_MONTH_YEAR"
STARTDATE="08/12/2014"
STUDYLOCALE="en-US"
SVAUTOSELECTRATE="100"
SVFIRSTNSUBJECTS="100"
/>


<SITE  NAME="(124) Marilyn Raymond"    MNEMONIC="124"
ADDRESS="1309 N Flagler Dr"
CITY="West Palm Beach"
STATE="FL"
POSTCODE="33401"
COUNTRY="UNITED STATES"
PHONE="15613664149"
ALTPHONE="1"
FAX="1"
TIMEZONE="(GMT-05:00) Eastern Time (US &#38; Canada)"
SITEDATEFORMAT="DAY_MONTH_YEAR"
STARTDATE="08/12/2014"
STUDYLOCALE="en-US"
SVAUTOSELECTRATE="100"
SVFIRSTNSUBJECTS="100"
/>


<SITE  NAME="(123) Tahir Ali Naqvi"    MNEMONIC="123"
ADDRESS="1221 Medical Arts Blvd"
CITY="Anderson"
STATE="IN"
POSTCODE="46011"
COUNTRY="UNITED STATES"
PHONE="17652982040"
ALTPHONE="1"
FAX="1"
TIMEZONE="(GMT-05:00) Eastern Time (US &#38; Canada)"
SITEDATEFORMAT="DAY_MONTH_YEAR"
STARTDATE="08/12/2014"
STUDYLOCALE="en-US"
SVAUTOSELECTRATE="100"
SVFIRSTNSUBJECTS="100"
/>


<SITE  NAME="(111) Nikolinakos"    MNEMONIC="111"
ADDRESS="3320 Old Jefferson Road"
CITY="Athens"
STATE="GA"
POSTCODE="30607"
COUNTRY="UNITED STATES"
PHONE="17063532990"
ALTPHONE="1"
FAX="1"
TIMEZONE="(GMT-05:00) Eastern Time (US &#38; Canada)"
SITEDATEFORMAT="DAY_MONTH_YEAR"
STARTDATE="08/12/2014"
STUDYLOCALE="en-US"
SVAUTOSELECTRATE="100"
SVFIRSTNSUBJECTS="100"
/>


<SITE  NAME="(104) Kaufman"    MNEMONIC="104"
ADDRESS="One Medical Center Drive"
ADDRESS2="Breast Oncology"
CITY="Lebanon"
STATE="NH"
POSTCODE="03756"
COUNTRY="UNITED STATES"
PHONE="16036504428"
ALTPHONE="1"
FAX="1"
TIMEZONE="(GMT-05:00) Eastern Time (US &#38; Canada)"
SITEDATEFORMAT="DAY_MONTH_YEAR"
STARTDATE="08/12/2014"
STUDYLOCALE="en-US"
SVAUTOSELECTRATE="100"
SVFIRSTNSUBJECTS="100"
/>


<SITE  NAME="(103) Kalinsky"    MNEMONIC="103"
ADDRESS="161 Fort Washington Ave 10th Floor Rm 1069"
CITY="New York"
STATE="NY"
POSTCODE="10032"
COUNTRY="UNITED STATES"
PHONE="12123051945"
ALTPHONE="1"
FAX="1"
TIMEZONE="(GMT-05:00) Eastern Time (US &#38; Canada)"
SITEDATEFORMAT="DAY_MONTH_YEAR"
STARTDATE="08/12/2014"
STUDYLOCALE="en-US"
SVAUTOSELECTRATE="100"
SVFIRSTNSUBJECTS="100"
/>


<SITE  NAME="(102) Hunter"    MNEMONIC="102"
ADDRESS="Paseo San Pablo No 100 Edif Arturo Cadilla"
CITY="Bayamon"
STATE="PR"
POSTCODE="00961"
COUNTRY="UNITED STATES"
PHONE="17877868088"
ALTPHONE="1"
FAX="1"
TIMEZONE="(GMT-04:00) Atlantic Time (Canada)"
SITEDATEFORMAT="DAY_MONTH_YEAR"
STARTDATE="08/12/2014"
STUDYLOCALE="en-US"
SVAUTOSELECTRATE="100"
SVFIRSTNSUBJECTS="100"
/>


<SITE  NAME="(904) Chang Gung Memorial Hospital Kaohsiung"    MNEMONIC="904"
ADDRESS="123 Ta Pei Road Niaosung Kaohsiung City 83301 Taiwan"
COUNTRY="TAIWAN, PROVINCE OF CHINA"
PHONE="88688677317123"
ALTPHONE="886"
FAX="886"
TIMEZONE="(GMT+08:00) Taipei"
SITEDATEFORMAT="DAY_MONTH_YEAR"
STARTDATE="08/12/2014"
STUDYLOCALE="en-US"
SVAUTOSELECTRATE="100"
SVFIRSTNSUBJECTS="100"
/>



<SITE  NAME="(903) Chang-Gung Memorial Hospital Linkou"    MNEMONIC="903"
ADDRESS="5 Fu Shing St Kuei Shan TaoYuan 333 Taiwan"
COUNTRY="TAIWAN, PROVINCE OF CHINA"
PHONE="88688633281200"
ALTPHONE="886"
FAX="886"
TIMEZONE="(GMT+08:00) Taipei"
SITEDATEFORMAT="DAY_MONTH_YEAR"
STARTDATE="08/12/2014"
STUDYLOCALE="en-US"
SVAUTOSELECTRATE="100"
SVFIRSTNSUBJECTS="100"
/>


<SITE  NAME="(902) Taichung Veterans General Hospital"    MNEMONIC="902"
ADDRESS="1650 Taiwan Boulevard Sect 4 Taichung 40705 Taiwan"
COUNTRY="TAIWAN, PROVINCE OF CHINA"
PHONE="886886423592525"
ALTPHONE="886"
FAX="886"
TIMEZONE="(GMT+08:00) Taipei"
SITEDATEFORMAT="DAY_MONTH_YEAR"
STARTDATE="08/12/2014"
STUDYLOCALE="en-US"
SVAUTOSELECTRATE="100"
SVFIRSTNSUBJECTS="100"
/>


<SITE  NAME="(901) National Taiwan University Hospital"    MNEMONIC="901"
ADDRESS="No 7 Chung Shan South Road Zhongzheng Dist Taipei City 10002 Taiwan"
COUNTRY="TAIWAN, PROVINCE OF CHINA"
PHONE="886886223123456"
ALTPHONE="886"
FAX="886"
TIMEZONE="(GMT+08:00) Taipei"
SITEDATEFORMAT="DAY_MONTH_YEAR"
STARTDATE="08/12/2014"
STUDYLOCALE="en-US"
SVAUTOSELECTRATE="100"
SVFIRSTNSUBJECTS="100"
/>


<SITE  NAME="(900) Taipei Veterans General Hospital"    MNEMONIC="900"
ADDRESS="No 201 Sec 2 Shih Pai Rd Taipei City 11217 Taiwan"
COUNTRY="TAIWAN, PROVINCE OF CHINA"
PHONE="886886228712121"
ALTPHONE="886"
FAX="886"
TIMEZONE="(GMT+08:00) Taipei"
SITEDATEFORMAT="DAY_MONTH_YEAR"
STARTDATE="08/12/2014"
STUDYLOCALE="en-US"
SVAUTOSELECTRATE="100"
SVFIRSTNSUBJECTS="100"
/>


<SITE  NAME="(907) Kaohsiung Veterans General Hospital"    MNEMONIC="907"
ADDRESS="No 386 Ta Chung 1st Road Kaohsiung City 81362 Taiwan"
COUNTRY="TAIWAN, PROVINCE OF CHINA"
PHONE="88688673422121"
ALTPHONE="886"
FAX="886"
TIMEZONE="(GMT+08:00) Taipei"
SITEDATEFORMAT="DAY_MONTH_YEAR"
STARTDATE="08/12/2014"
STUDYLOCALE="en-US"
SVAUTOSELECTRATE="100"
SVFIRSTNSUBJECTS="100"
/>


<SITE  NAME="(906) Kaohsiung Medical University Hospital"    MNEMONIC="906"
ADDRESS="No 100 Tz You 1st Road Kaohsiung City 807 Taiwan"
COUNTRY="TAIWAN, PROVINCE OF CHINA"
PHONE="88688673121101"
ALTPHONE="886"
FAX="886"
TIMEZONE="(GMT+08:00) Taipei"
SITEDATEFORMAT="DAY_MONTH_YEAR"
STARTDATE="08/12/2014"
STUDYLOCALE="en-US"
SVAUTOSELECTRATE="100"
SVFIRSTNSUBJECTS="100"
/>


<SITE  NAME="(905) China Medical University Hospital"    MNEMONIC="905"
ADDRESS="No 2  Yuh Der Road Taichung City 40447 Taiwan"
COUNTRY="TAIWAN, PROVINCE OF CHINA"
PHONE="886886422053366"
ALTPHONE="886"
FAX="886"
TIMEZONE="(GMT+08:00) Taipei"
SITEDATEFORMAT="DAY_MONTH_YEAR"
STARTDATE="08/12/2014"
STUDYLOCALE="en-US"
SVAUTOSELECTRATE="100"
SVFIRSTNSUBJECTS="100"
/>


</MEDMLDATA>