<?xml version="1.0"?>
<MEDMLDATA xmlns="PhaseForward-MedML-Inform4">


<REPORTINGGROUP
GROUPNAME="Ad Hoc Users"
GROUPDESCRIPTION="Users who have access to Ad Hoc Reporting">
<!-- Insert Users -->
<USERREF USERNAME="c184712"/>
<USERREF USERNAME="z1x0507"/>
<USERREF USERNAME="z3x1197"/>
<USERREF USERNAME="z1x0496"/>
<USERREF USERNAME="c173517"/>
<USERREF USERNAME="i2rmcbidd_RE"/>
<USERREF USERNAME="z2x7524"/>
<USERREF USERNAME="z2x2453"/>
<USERREF USERNAME="z2x9919"/>
<USERREF USERNAME="rm37067"/>
<USERREF USERNAME="v1x7317"/>
<USERREF USERNAME="z3x2938"/>
<USERREF USERNAME="z2x0675"/>
<USERREF USERNAME="z2x1415"/>
<USERREF USERNAME="z3x1198"/>
<USERREF USERNAME="z2x5921"/>
<USERREF USERNAME="z2x3836"/>
<USERREF USERNAME="v4x8609"/>
<USERREF USERNAME="z2x7766"/>
<USERREF USERNAME="z2x0922"/>
<USERREF USERNAME="z1x9044"/>
<USERREF USERNAME="z2x1597"/>
</REPORTINGGROUP>

<REPORTINGGROUP
GROUPNAME="Authors"
GROUPDESCRIPTION="Users who have access to Ad Hoc Reporting and Report Studio">
<!-- Insert Users -->
<USERREF USERNAME="i2rmcbidd_RE"/>
</REPORTINGGROUP>

<QUERYGROUP
GROUPNAME="CDM_CRA Query"
GROUPDESCRIPTION="">
<!-- Insert Users -->
<USERREF USERNAME="autoquery"/>
<USERREF USERNAME="z2x9919"/>
<USERREF USERNAME="rm37067"/>
<USERREF USERNAME="v1x7317"/>
<USERREF USERNAME="z3x2938"/>
<USERREF USERNAME="z2x0675"/>
<USERREF USERNAME="z2x1415"/>
<USERREF USERNAME="z3x1198"/>
<USERREF USERNAME="C197049"/>
<USERREF USERNAME="z2x4335"/>
<USERREF USERNAME="z2x0582"/>
<USERREF USERNAME="z2x5921"/>
<USERREF USERNAME="z2x3836"/>
<USERREF USERNAME="v4x8609"/>
<USERREF USERNAME="z2x7766"/>
<USERREF USERNAME="z2x0922"/>
<USERREF USERNAME="z1x9044"/>
<USERREF USERNAME="z2x1597"/>
<USERREF USERNAME="z2x2811"/>
<USERREF USERNAME="z2x1297"/>
<USERREF USERNAME="z2x1399"/>
<USERREF USERNAME="c193372"/>
<USERREF USERNAME="z1x0507"/>
<USERREF USERNAME="mkowalewski"/>
<USERREF USERNAME="z2x3235"/>
<USERREF USERNAME="c184712"/>
<USERREF USERNAME="z2x2436"/>
<USERREF USERNAME="z3x1197"/>
<USERREF USERNAME="z1x0496"/>
<USERREF USERNAME="z2x6143"/>
<USERREF USERNAME="z3x1764"/>
<USERREF USERNAME="z1x7471"/>
<USERREF USERNAME="z1x9946"/>
<USERREF USERNAME="evannieuwenhuyse"/>
<USERREF USERNAME="sswanljung"/>
<USERREF USERNAME="rlinke"/>
<USERREF USERNAME="aandriotto"/>
<USERREF USERNAME="conea"/>
<USERREF USERNAME="z1x2076"/>
<USERREF USERNAME="z2x1296"/>
<USERREF USERNAME="z2x3300"/>
<USERREF USERNAME="z2x2094"/>
<USERREF USERNAME="z2x4183"/>
<USERREF USERNAME="z3x0225"/>
<USERREF USERNAME="z2x2255"/>
<USERREF USERNAME="C191602"/>
<USERREF USERNAME="z2x9609"/>
<USERREF USERNAME="z3x2051"/>
<USERREF USERNAME="z2x5835"/>
<USERREF USERNAME="z2x9610"/>
<USERREF USERNAME="c191512"/>
<USERREF USERNAME="z3X1847"/>
<USERREF USERNAME="z2x4614"/>
<USERREF USERNAME="z3x2399"/>
<USERREF USERNAME="z2x7611"/>
<USERREF USERNAME="z2x0145"/>
<USERREF USERNAME="z2x5913"/>
<USERREF USERNAME="z3x2601"/>
<USERREF USERNAME="C197156"/>
<USERREF USERNAME="c173517"/>
<USERREF USERNAME="z1x1808"/>
<USERREF USERNAME="z2x9894"/>
<USERREF USERNAME="Z2X6065"/>
<USERREF USERNAME="z1x1841"/>
<USERREF USERNAME="z2x6039"/>
<USERREF USERNAME="Z3X1846"/>
<USERREF USERNAME="z1x2077"/>
<USERREF USERNAME="z3x2094"/>
<USERREF USERNAME="z3x0602"/>
<USERREF USERNAME="z2x3870"/>
<USERREF USERNAME="z1x2082"/>
<USERREF USERNAME="z2x7244"/>
<USERREF USERNAME="z2x1723"/>
<USERREF USERNAME="c191601"/>
<USERREF USERNAME="cgarzon"/>
<USERREF USERNAME="c180264"/>
<USERREF USERNAME="C195968"/>
<USERREF USERNAME="z1x2603"/>
<USERREF USERNAME="z2x1499"/>
<USERREF USERNAME="gvrints"/>
<USERREF USERNAME="mhansen"/>
<USERREF USERNAME="along"/>
<USERREF USERNAME="rdSaliva"/>
<USERREF USERNAME="z2x3232"/>
<USERREF USERNAME="z2x3296"/>
<USERREF USERNAME="z2x1295"/>
<USERREF USERNAME="z3x0842"/>
<USERREF USERNAME="z2x7524"/>
<USERREF USERNAME="z2x2453"/>
</QUERYGROUP>

<QUERYGROUP
GROUPNAME="Coding Query Group"
GROUPDESCRIPTION="">
<!-- Insert Users -->
<USERREF USERNAME="coder_query"/>
</QUERYGROUP>

<REPORTINGGROUP
GROUPNAME="Directory Administrators"
GROUPDESCRIPTION="Users who can administer authorization rights. They administer groups, accounts, contacts, distribution lists, data sources, and printers">
<!-- Insert Users -->
<USERREF USERNAME="i2rmcbidd_RE"/>
</REPORTINGGROUP>

<QUERYGROUP
GROUPNAME="GPS_Query"
GROUPDESCRIPTION="">
<!-- Insert Users -->
<USERREF USERNAME="yp77148"/>
<USERREF USERNAME="ye91098"/>
<USERREF USERNAME="ye91238"/>
</QUERYGROUP>

<SIGNATUREGROUP
GROUPNAME="PI Signatures"
GROUPDESCRIPTION="Signature group assigned to PI and PI Sign Only roles"
CRFMEANING="X"
CRBMEANING="Approved"
CRFTEXT="NULL"
CRBTEXT="By my dated signature below, I  %s  %s, verify that all case report form pages accurately display the results of the examinations, tests, evaluations and treatments performed on this patient.&lt;BR&gt;&lt;BR&gt;Pursuant to Section 11.100 of Title 21 of the Code of Federal Regulations, this is to certify that I intend that this electronic signature is to be the legally binding equivalent of my handwritten signature. &lt;BR&gt;&lt;BR&gt;To this I do attest by supplying my user name and password and clicking the button marked &lt;B&gt;Submit&lt;/B&gt; below" LANGUAGE="en-US">
<!-- Insert Users -->
<USERREF USERNAME="kmatuszewska"/>
<USERREF USERNAME="mulanska"/>
<USERREF USERNAME="agreca"/>
<USERREF USERNAME="tbeck"/>
<USERREF USERNAME="hkoh"/>
<USERREF USERNAME="mrimawi"/>
<USERREF USERNAME="stolaney"/>
<USERREF USERNAME="pbushunow"/>
<USERREF USERNAME="gwang"/>
<USERREF USERNAME="mtsai"/>
<USERREF USERNAME="dpatt"/>
<USERREF USERNAME="chuang"/>
<USERREF USERNAME="schen"/>
<USERREF USERNAME="hwang"/>
<USERREF USERNAME="hchang"/>
<USERREF USERNAME="jevanne81"/>
<USERREF USERNAME="marioescobargmez"/>
<USERREF USERNAME="famedina_soto"/>
<USERREF USERNAME="haydee_arce96"/>
<USERREF USERNAME="AManikhas"/>
<USERREF USERNAME="ETopuzov"/>
<USERREF USERNAME="PKrivorotko"/>
<USERREF USERNAME="EGotovkin"/>
<USERREF USERNAME="Ilifirenko"/>
<USERREF USERNAME="echo"/>
<USERREF USERNAME="Yim"/>
<USERREF USERNAME="sparshad"/>
<USERREF USERNAME="VGorbunova"/>
<USERREF USERNAME="bheinrich"/>
<USERREF USERNAME="gziemendorff"/>
<USERREF USERNAME="kedermitzaki"/>
<USERREF USERNAME="dmavroudis"/>
<USERREF USERNAME="coikonomou"/>
<USERREF USERNAME="ivarthalitis"/>
<USERREF USERNAME="abrandes"/>
<USERREF USERNAME="pconte"/>
<USERREF USERNAME="gfaggioni"/>
<USERREF USERNAME="Jsohn"/>
<USERREF USERNAME="Sim"/>
<USERREF USERNAME="Skim"/>
<USERREF USERNAME="Spark"/>
<USERREF USERNAME="Klee"/>
<USERREF USERNAME="mjones"/>
<USERREF USERNAME="mraymond"/>
<USERREF USERNAME="dtamkus"/>
<USERREF USERNAME="fkhan"/>
<USERREF USERNAME="jvu"/>
<USERREF USERNAME="dkhan"/>
<USERREF USERNAME="hrugo"/>
<USERREF USERNAME="skendall"/>
<USERREF USERNAME="mmazurczak"/>
<USERREF USERNAME="bdingle"/>
<USERREF USERNAME="ltseng"/>
<USERREF USERNAME="dyeh"/>
<USERREF USERNAME="krau"/>
<USERREF USERNAME="mhou"/>
<USERREF USERNAME="jluisglezt"/>
<USERREF USERNAME="servandocardona"/>
<USERREF USERNAME="silicio14"/>
<USERREF USERNAME="osaarni"/>
<USERREF USERNAME="mtanner"/>
<USERREF USERNAME="OBurdaeva"/>
<USERREF USERNAME="xpivot"/>
<USERREF USERNAME="otredan"/>
<USERREF USERNAME="egoekkurt"/>
<USERREF USERNAME="mindelli"/>
<USERREF USERNAME="ecustura"/>
<USERREF USERNAME="cianuli"/>
<USERREF USERNAME="audrea"/>
<USERREF USERNAME="dvasile"/>
<USERREF USERNAME="mralfonsosansegundo"/>
<USERREF USERNAME="jagarciasaenz"/>
<USERREF USERNAME="dgrecea"/>
<USERREF USERNAME="cmilitaru"/>
<USERREF USERNAME="eibolya"/>
<USERREF USERNAME="cmihaela"/>
<USERREF USERNAME="aungureanu"/>
<USERREF USERNAME="mbellet"/>
<USERREF USERNAME="allombartcussac"/>
<USERREF USERNAME="lmanso"/>
<USERREF USERNAME="bwhittenberger"/>
<USERREF USERNAME="gsledge"/>
<USERREF USERNAME="xdurando"/>
<USERREF USERNAME="saton"/>
<USERREF USERNAME="nakayamat"/>
<USERREF USERNAME="fmoreno"/>
<USERREF USERNAME="ezamora"/>
<USERREF USERNAME="ofragierbochaton"/>
<USERREF USERNAME="ugick"/>
<USERREF USERNAME="crochlitz"/>
<USERREF USERNAME="bbauerkosinska"/>
<USERREF USERNAME="kjaskola"/>
<USERREF USERNAME="pvihinen"/>
<USERREF USERNAME="chaenle"/>
<USERREF USERNAME="shegewischbecker"/>
<USERREF USERNAME="rwuerstlein"/>
<USERREF USERNAME="ibompolaki"/>
<USERREF USERNAME="hkalofonos"/>
<USERREF USERNAME="speroukidis"/>
<USERREF USERNAME="gsfakiotaki"/>
<USERREF USERNAME="fcognetti"/>
<USERREF USERNAME="ldaros"/>
<USERREF USERNAME="afrassoldati"/>
<USERREF USERNAME="yjerez"/>
<USERREF USERNAME="mmartinjimenez"/>
<USERREF USERNAME="abodmer"/>
<USERREF USERNAME="tkoessler"/>
<USERREF USERNAME="drauch"/>
<USERREF USERNAME="yseium"/>
<USERREF USERNAME="mchudzik"/>
<USERREF USERNAME="khermanowicz"/>
<USERREF USERNAME="jjassem"/>
<USERREF USERNAME="eskonewka"/>
<USERREF USERNAME="mwojtukiewicz"/>
<USERREF USERNAME="jhopkins"/>
<USERREF USERNAME="Jkim"/>
<USERREF USERNAME="Skoh"/>
<USERREF USERNAME="Mlee"/>
<USERREF USERNAME="trado"/>
<USERREF USERNAME="thelsten"/>
<USERREF USERNAME="rhunter"/>
<USERREF USERNAME="kkalinsky"/>
<USERREF USERNAME="pkaufman"/>
<USERREF USERNAME="amuslimani"/>
<USERREF USERNAME="tpluad"/>
<USERREF USERNAME="kkoduru"/>
<USERREF USERNAME="hsoliman"/>
<USERREF USERNAME="atiersten"/>
<USERREF USERNAME="mkhalil"/>
<USERREF USERNAME="pnikolinakos"/>
<USERREF USERNAME="mmagee"/>
<USERREF USERNAME="nsethi"/>
<USERREF USERNAME="kweibel"/>
<USERREF USERNAME="apanwalker"/>
<USERREF USERNAME="jreynolds"/>
<USERREF USERNAME="lhart"/>
<USERREF USERNAME="gwright"/>
<USERREF USERNAME="tanderson"/>
<USERREF USERNAME="sdiab"/>
<USERREF USERNAME="mblock"/>
<USERREF USERNAME="fholmes"/>
<USERREF USERNAME="prichards"/>
<USERREF USERNAME="soommen"/>
<USERREF USERNAME="smulaparthi"/>
<USERREF USERNAME="cstokoe"/>
<USERREF USERNAME="cmasley"/>
<USERREF USERNAME="mwebster"/>
<USERREF USERNAME="jwilson"/>
<USERREF USERNAME="suzukie"/>
<USERREF USERNAME="shimizuc"/>
<USERREF USERNAME="hbourgeois"/>
<USERREF USERNAME="plaplaige"/>
<USERREF USERNAME="obrudler"/>
<USERREF USERNAME="cgall"/>
<USERREF USERNAME="emgrischke"/>
<USERREF USERNAME="nharbeck"/>
</SIGNATUREGROUP>

<REPORTINGGROUP
GROUPNAME="Publishers"
GROUPDESCRIPTION="Users who can create folders and other content within the Public Folder space">
<!-- Insert Users -->
<USERREF USERNAME="c184712"/>
<USERREF USERNAME="z1x0507"/>
<USERREF USERNAME="z1x0496"/>
<USERREF USERNAME="c173517"/>
<USERREF USERNAME="i2rmcbidd_RE"/>
<USERREF USERNAME="z2x7524"/>
<USERREF USERNAME="z2x2453"/>
<USERREF USERNAME="z2x9919"/>
<USERREF USERNAME="rm37067"/>
<USERREF USERNAME="v1x7317"/>
<USERREF USERNAME="z3x2938"/>
<USERREF USERNAME="z2x0675"/>
<USERREF USERNAME="z2x1415"/>
<USERREF USERNAME="z3x1198"/>
<USERREF USERNAME="z2x5921"/>
<USERREF USERNAME="z2x3836"/>
<USERREF USERNAME="v4x8609"/>
<USERREF USERNAME="z2x7766"/>
<USERREF USERNAME="z2x0922"/>
<USERREF USERNAME="z1x9044"/>
<USERREF USERNAME="z2x1597"/>
<USERREF USERNAME="z3x1197"/>
</REPORTINGGROUP>

<REPORTINGGROUP
GROUPNAME="Report Administrators"
GROUPDESCRIPTION="Users who can administer authorized public content such as setting permissions on folders and reports">
<!-- Insert Users -->
<USERREF USERNAME="c184712"/>
<USERREF USERNAME="z1x0507"/>
<USERREF USERNAME="z1x0496"/>
<USERREF USERNAME="c173517"/>
<USERREF USERNAME="z2x7524"/>
<USERREF USERNAME="z2x2453"/>
<USERREF USERNAME="z2x9919"/>
<USERREF USERNAME="rm37067"/>
<USERREF USERNAME="v1x7317"/>
<USERREF USERNAME="z3x2938"/>
<USERREF USERNAME="z2x0675"/>
<USERREF USERNAME="z2x1415"/>
<USERREF USERNAME="z3x1198"/>
<USERREF USERNAME="z2x5921"/>
<USERREF USERNAME="z2x3836"/>
<USERREF USERNAME="v4x8609"/>
<USERREF USERNAME="z2x7766"/>
<USERREF USERNAME="z2x0922"/>
<USERREF USERNAME="z1x9044"/>
<USERREF USERNAME="z2x1597"/>
<USERREF USERNAME="z3x1197"/>
</REPORTINGGROUP>

<REPORTINGGROUP
GROUPNAME="Site Users"
GROUPDESCRIPTION="Site Users">
<!-- Insert Users -->
<USERREF USERNAME="kmrintala"/>
<USERREF USERNAME="ssuvanto"/>
<USERREF USERNAME="pvihinen"/>
<USERREF USERNAME="fbarberis"/>
<USERREF USERNAME="sgrieser"/>
<USERREF USERNAME="chaenle"/>
<USERREF USERNAME="shegewischbecker"/>
<USERREF USERNAME="kmacmillan"/>
<USERREF USERNAME="rwuerstlein"/>
<USERREF USERNAME="akotzamani"/>
<USERREF USERNAME="ibompolaki"/>
<USERREF USERNAME="hkalofonos"/>
<USERREF USERNAME="emouzaki"/>
<USERREF USERNAME="speroukidis"/>
<USERREF USERNAME="jlovdal"/>
<USERREF USERNAME="gsfakiotaki"/>
<USERREF USERNAME="sbartolini"/>
<USERREF USERNAME="fcognetti"/>
<USERREF USERNAME="ldaros"/>
<USERREF USERNAME="afrassoldati"/>
<USERREF USERNAME="dmaran"/>
<USERREF USERNAME="gcsurace"/>
<USERREF USERNAME="yjerez"/>
<USERREF USERNAME="mmartinjimenez"/>
<USERREF USERNAME="smerino"/>
<USERREF USERNAME="atorrent"/>
<USERREF USERNAME="rrodriguez"/>
<USERREF USERNAME="abodmer"/>
<USERREF USERNAME="mfarsad"/>
<USERREF USERNAME="dgani"/>
<USERREF USERNAME="tkoessler"/>
<USERREF USERNAME="vnepote"/>
<USERREF USERNAME="drauch"/>
<USERREF USERNAME="yseium"/>
<USERREF USERNAME="barlukowiczczartoryska"/>
<USERREF USERNAME="mchudzik"/>
<USERREF USERNAME="khermanowicz"/>
<USERREF USERNAME="jjassem"/>
<USERREF USERNAME="ppiatek"/>
<USERREF USERNAME="eskonewka"/>
<USERREF USERNAME="mwojtukiewicz"/>
<USERREF USERNAME="jhopkins"/>
<USERREF USERNAME="khenrie"/>
<USERREF USERNAME="Jkim"/>
<USERREF USERNAME="hyun"/>
<USERREF USERNAME="Jekim"/>
<USERREF USERNAME="mchoi"/>
<USERREF USERNAME="syang"/>
<USERREF USERNAME="cchang"/>
<USERREF USERNAME="Skoh"/>
<USERREF USERNAME="Mlee"/>
<USERREF USERNAME="trado"/>
<USERREF USERNAME="thelsten"/>
<USERREF USERNAME="rhunter"/>
<USERREF USERNAME="kkalinsky"/>
<USERREF USERNAME="pkaufman"/>
<USERREF USERNAME="amuslimani"/>
<USERREF USERNAME="tpluad"/>
<USERREF USERNAME="kkoduru"/>
<USERREF USERNAME="hsoliman"/>
<USERREF USERNAME="atiersten"/>
<USERREF USERNAME="mkhalil"/>
<USERREF USERNAME="pnikolinakos"/>
<USERREF USERNAME="lsmith"/>
<USERREF USERNAME="mmagee"/>
<USERREF USERNAME="nsethi"/>
<USERREF USERNAME="kweibel"/>
<USERREF USERNAME="apanwalker"/>
<USERREF USERNAME="jreynolds"/>
<USERREF USERNAME="lhart"/>
<USERREF USERNAME="gwright"/>
<USERREF USERNAME="tanderson"/>
<USERREF USERNAME="sdiab"/>
<USERREF USERNAME="mblock"/>
<USERREF USERNAME="fholmes"/>
<USERREF USERNAME="amendoza"/>
<USERREF USERNAME="egroh"/>
<USERREF USERNAME="landerson"/>
<USERREF USERNAME="mowens"/>
<USERREF USERNAME="prichards"/>
<USERREF USERNAME="soommen"/>
<USERREF USERNAME="smulaparthi"/>
<USERREF USERNAME="cstokoe"/>
<USERREF USERNAME="cmasley"/>
<USERREF USERNAME="mwebster"/>
<USERREF USERNAME="jwilson"/>
<USERREF USERNAME="gbreu"/>
<USERREF USERNAME="arohan"/>
<USERREF USERNAME="jandaya"/>
<USERREF USERNAME="emendoza"/>
<USERREF USERNAME="dmarrufo"/>
<USERREF USERNAME="jchow"/>
<USERREF USERNAME="suzukie"/>
<USERREF USERNAME="shimizuc"/>
<USERREF USERNAME="matsuok"/>
<USERREF USERNAME="jhare"/>
<USERREF USERNAME="chansmann"/>
<USERREF USERNAME="mquizon"/>
<USERREF USERNAME="amorris"/>
<USERREF USERNAME="mcontilla"/>
<USERREF USERNAME="fsteep"/>
<USERREF USERNAME="hbourgeois"/>
<USERREF USERNAME="plaplaige"/>
<USERREF USERNAME="vsacier"/>
<USERREF USERNAME="obrudler"/>
<USERREF USERNAME="bdallmaier"/>
<USERREF USERNAME="dafabian"/>
<USERREF USERNAME="cgall"/>
<USERREF USERNAME="emgrischke"/>
<USERREF USERNAME="nharbeck"/>
<USERREF USERNAME="bheinrich"/>
<USERREF USERNAME="yloeffler"/>
<USERREF USERNAME="gziemendorff"/>
<USERREF USERNAME="iathanassakis"/>
<USERREF USERNAME="kedermitzaki"/>
<USERREF USERNAME="dmavroudis"/>
<USERREF USERNAME="coikonomou"/>
<USERREF USERNAME="ksarikaki"/>
<USERREF USERNAME="ivarthalitis"/>
<USERREF USERNAME="clarsen"/>
<USERREF USERNAME="abrandes"/>
<USERREF USERNAME="pconte"/>
<USERREF USERNAME="gfaggioni"/>
<USERREF USERNAME="Isudakova"/>
<USERREF USERNAME="Jsohn"/>
<USERREF USERNAME="Sim"/>
<USERREF USERNAME="Skim"/>
<USERREF USERNAME="Spark"/>
<USERREF USERNAME="Klee"/>
<USERREF USERNAME="jbyerly"/>
<USERREF USERNAME="mjones"/>
<USERREF USERNAME="mraymond"/>
<USERREF USERNAME="pfishman"/>
<USERREF USERNAME="aluna"/>
<USERREF USERNAME="cforeman"/>
<USERREF USERNAME="nryabin"/>
<USERREF USERNAME="roloughlin"/>
<USERREF USERNAME="dtamkus"/>
<USERREF USERNAME="fkhan"/>
<USERREF USERNAME="jvu"/>
<USERREF USERNAME="dkhan"/>
<USERREF USERNAME="hrugo"/>
<USERREF USERNAME="cmorningstar"/>
<USERREF USERNAME="bkersey"/>
<USERREF USERNAME="dlatham"/>
<USERREF USERNAME="kbyrd"/>
<USERREF USERNAME="sdaniel"/>
<USERREF USERNAME="kradcliffe"/>
<USERREF USERNAME="bgordon"/>
<USERREF USERNAME="bspirovski"/>
<USERREF USERNAME="mblythe"/>
<USERREF USERNAME="skendall"/>
<USERREF USERNAME="mmazurczak"/>
<USERREF USERNAME="mmeays"/>
<USERREF USERNAME="bdingle"/>
<USERREF USERNAME="ltseng"/>
<USERREF USERNAME="dyeh"/>
<USERREF USERNAME="krau"/>
<USERREF USERNAME="mhou"/>
<USERREF USERNAME="jluisglezt"/>
<USERREF USERNAME="servandocardona"/>
<USERREF USERNAME="silicio14"/>
<USERREF USERNAME="vivmar_10"/>
<USERREF USERNAME="coordinaciona"/>
<USERREF USERNAME="karina_flores"/>
<USERREF USERNAME="ztinala"/>
<USERREF USERNAME="osaarni"/>
<USERREF USERNAME="mtanner"/>
<USERREF USERNAME="atrommer"/>
<USERREF USERNAME="cculver"/>
<USERREF USERNAME="dhales"/>
<USERREF USERNAME="hharsh"/>
<USERREF USERNAME="jhege"/>
<USERREF USERNAME="rhufford"/>
<USERREF USERNAME="tmartinez"/>
<USERREF USERNAME="amorgan"/>
<USERREF USERNAME="rriggs"/>
<USERREF USERNAME="sspeyer"/>
<USERREF USERNAME="fpark"/>
<USERREF USERNAME="rsantillan"/>
<USERREF USERNAME="cstennett"/>
<USERREF USERNAME="apeppasgoodfriend"/>
<USERREF USERNAME="psandberg"/>
<USERREF USERNAME="dbiegert"/>
<USERREF USERNAME="ljones"/>
<USERREF USERNAME="lbeaver"/>
<USERREF USERNAME="hdesma"/>
<USERREF USERNAME="llovdal"/>
<USERREF USERNAME="pshrake"/>
<USERREF USERNAME="mgriffin"/>
<USERREF USERNAME="emerkel"/>
<USERREF USERNAME="marellano"/>
<USERREF USERNAME="lbolden"/>
<USERREF USERNAME="OBurdaeva"/>
<USERREF USERNAME="MKrupina"/>
<USERREF USERNAME="rvilmi"/>
<USERREF USERNAME="dberthod"/>
<USERREF USERNAME="nchalabi"/>
<USERREF USERNAME="slaurent"/>
<USERREF USERNAME="xpivot"/>
<USERREF USERNAME="otredan"/>
<USERREF USERNAME="tcarmone"/>
<USERREF USERNAME="sholzinger"/>
<USERREF USERNAME="smeyer"/>
<USERREF USERNAME="egoekkurt"/>
<USERREF USERNAME="mindelli"/>
<USERREF USERNAME="eraisi"/>
<USERREF USERNAME="ecustura"/>
<USERREF USERNAME="cianuli"/>
<USERREF USERNAME="dmateiu"/>
<USERREF USERNAME="lnemeth"/>
<USERREF USERNAME="msas"/>
<USERREF USERNAME="audrea"/>
<USERREF USERNAME="dvasile"/>
<USERREF USERNAME="mralfonsosansegundo"/>
<USERREF USERNAME="jagarciasaenz"/>
<USERREF USERNAME="dgrecea"/>
<USERREF USERNAME="mianuliarvunescu"/>
<USERREF USERNAME="cmilitaru"/>
<USERREF USERNAME="eibolya"/>
<USERREF USERNAME="cmihaela"/>
<USERREF USERNAME="aungureanu"/>
<USERREF USERNAME="valberolaarago"/>
<USERREF USERNAME="mbellet"/>
<USERREF USERNAME="allombartcussac"/>
<USERREF USERNAME="lmanso"/>
<USERREF USERNAME="bwhittenberger"/>
<USERREF USERNAME="mpowell"/>
<USERREF USERNAME="pporter"/>
<USERREF USERNAME="gsledge"/>
<USERREF USERNAME="crollier"/>
<USERREF USERNAME="xdurando"/>
<USERREF USERNAME="saton"/>
<USERREF USERNAME="nakayamat"/>
<USERREF USERNAME="tonomotoj"/>
<USERREF USERNAME="sfernandez"/>
<USERREF USERNAME="fmoreno"/>
<USERREF USERNAME="aruiz"/>
<USERREF USERNAME="ezamora"/>
<USERREF USERNAME="bbracher"/>
<USERREF USERNAME="ofragierbochaton"/>
<USERREF USERNAME="ugick"/>
<USERREF USERNAME="lmaeusli"/>
<USERREF USERNAME="npedrini"/>
<USERREF USERNAME="crochlitz"/>
<USERREF USERNAME="rschuepbach"/>
<USERREF USERNAME="bbauerkosinska"/>
<USERREF USERNAME="aczaczyk"/>
<USERREF USERNAME="kjaskola"/>
<USERREF USERNAME="kmatuszewska"/>
<USERREF USERNAME="akukowska"/>
<USERREF USERNAME="mulanska"/>
<USERREF USERNAME="mwlodarska"/>
<USERREF USERNAME="bclodfelter"/>
<USERREF USERNAME="agreca"/>
<USERREF USERNAME="pfeilen"/>
<USERREF USERNAME="aestacio"/>
<USERREF USERNAME="acastaneda"/>
<USERREF USERNAME="plinard"/>
<USERREF USERNAME="ekoo"/>
<USERREF USERNAME="jpark"/>
<USERREF USERNAME="llow"/>
<USERREF USERNAME="jmaysonet"/>
<USERREF USERNAME="rjayasena"/>
<USERREF USERNAME="tjeffery"/>
<USERREF USERNAME="kfendler"/>
<USERREF USERNAME="ksorrill"/>
<USERREF USERNAME="dcarney"/>
<USERREF USERNAME="jhum"/>
<USERREF USERNAME="amoon"/>
<USERREF USERNAME="jhodgson"/>
<USERREF USERNAME="tbeck"/>
<USERREF USERNAME="tstewart"/>
<USERREF USERNAME="koconnor"/>
<USERREF USERNAME="llynch"/>
<USERREF USERNAME="tprater"/>
<USERREF USERNAME="dflaherty"/>
<USERREF USERNAME="hkoh"/>
<USERREF USERNAME="mrimawi"/>
<USERREF USERNAME="stolaney"/>
<USERREF USERNAME="pbushunow"/>
<USERREF USERNAME="dmaracle"/>
<USERREF USERNAME="kluellen"/>
<USERREF USERNAME="heldred"/>
<USERREF USERNAME="lcrockett"/>
<USERREF USERNAME="tbrannon"/>
<USERREF USERNAME="jwalker"/>
<USERREF USERNAME="sjepperson"/>
<USERREF USERNAME="kmoreberg"/>
<USERREF USERNAME="tfischer"/>
<USERREF USERNAME="cokeefe"/>
<USERREF USERNAME="cbiermeier"/>
<USERREF USERNAME="smathews"/>
<USERREF USERNAME="bdonnachaidh"/>
<USERREF USERNAME="gwang"/>
<USERREF USERNAME="mtsai"/>
<USERREF USERNAME="dpatt"/>
<USERREF USERNAME="jrowan"/>
<USERREF USERNAME="shollandsworth"/>
<USERREF USERNAME="nsullivan"/>
<USERREF USERNAME="nmcgowan"/>
<USERREF USERNAME="mfitzgerald"/>
<USERREF USERNAME="lfaure"/>
<USERREF USERNAME="sqian"/>
<USERREF USERNAME="jgoldman"/>
<USERREF USERNAME="lhewett"/>
<USERREF USERNAME="chuang"/>
<USERREF USERNAME="schen"/>
<USERREF USERNAME="hwang"/>
<USERREF USERNAME="hchang"/>
<USERREF USERNAME="elphaba_thropp_fae"/>
<USERREF USERNAME="lfranco_t"/>
<USERREF USERNAME="leichenberger"/>
<USERREF USERNAME="smortuza"/>
<USERREF USERNAME="sgrant"/>
<USERREF USERNAME="egu"/>
<USERREF USERNAME="msmith"/>
<USERREF USERNAME="hkim"/>
<USERREF USERNAME="jevanne81"/>
<USERREF USERNAME="marioescobargmez"/>
<USERREF USERNAME="famedina_soto"/>
<USERREF USERNAME="haydee_arce96"/>
<USERREF USERNAME="princessebky"/>
<USERREF USERNAME="dmartinez"/>
<USERREF USERNAME="jtugade"/>
<USERREF USERNAME="amoreno"/>
<USERREF USERNAME="alopes"/>
<USERREF USERNAME="galejo"/>
<USERREF USERNAME="ksmith"/>
<USERREF USERNAME="jlundgren"/>
<USERREF USERNAME="cvega"/>
<USERREF USERNAME="scollins"/>
<USERREF USERNAME="jhuntzinger"/>
<USERREF USERNAME="NLysova"/>
<USERREF USERNAME="AManikhas"/>
<USERREF USERNAME="Lselezneva"/>
<USERREF USERNAME="ETopuzov"/>
<USERREF USERNAME="PKrivorotko"/>
<USERREF USERNAME="EGotovkin"/>
<USERREF USERNAME="ngrossman"/>
<USERREF USERNAME="jkitson"/>
<USERREF USERNAME="jruiz"/>
<USERREF USERNAME="edejesus"/>
<USERREF USERNAME="Ilifirenko"/>
<USERREF USERNAME="Ashpilevskaya"/>
<USERREF USERNAME="yshin"/>
<USERREF USERNAME="echo"/>
<USERREF USERNAME="Yim"/>
<USERREF USERNAME="achiasson"/>
<USERREF USERNAME="esteele"/>
<USERREF USERNAME="snottmeier"/>
<USERREF USERNAME="adriscoll"/>
<USERREF USERNAME="adeluca"/>
<USERREF USERNAME="sparshad"/>
<USERREF USERNAME="VGorbunova"/>
<USERREF USERNAME="Ssadygova"/>
<USERREF USERNAME="RDonskih"/>
<USERREF USERNAME="OSmirnova"/>
<USERREF USERNAME="lbarrow"/>
<USERREF USERNAME="breusser"/>
<USERREF USERNAME="kriley"/>
<USERREF USERNAME="bgorehickman"/>
<USERREF USERNAME="ngrossmann"/>
<USERREF USERNAME="shsieh"/>
<USERREF USERNAME="jholt"/>
<USERREF USERNAME="bosbourne"/>
<USERREF USERNAME="croske"/>
<USERREF USERNAME="apotter"/>
<USERREF USERNAME="vberry"/>
<USERREF USERNAME="sdollarhide"/>
<USERREF USERNAME="shall"/>
<USERREF USERNAME="shartford"/>
<USERREF USERNAME="jhenry"/>
<USERREF USERNAME="rlevy"/>
<USERREF USERNAME="rmelkun"/>
<USERREF USERNAME="kmorris"/>
<USERREF USERNAME="kschleich"/>
<USERREF USERNAME="svigen"/>
<USERREF USERNAME="jrenard"/>
<USERREF USERNAME="ldupuis"/>
<USERREF USERNAME="gzayas"/>
<USERREF USERNAME="mthompson"/>
<USERREF USERNAME="bschreiner"/>
<USERREF USERNAME="kgruetzman"/>
<USERREF USERNAME="sumhoefer"/>
<USERREF USERNAME="khurley"/>
<USERREF USERNAME="lgreen"/>
<USERREF USERNAME="fmaroney"/>
<USERREF USERNAME="kbrueggemann"/>
<USERREF USERNAME="pjaneczko"/>
<USERREF USERNAME="lterada"/>
<USERREF USERNAME="nholt"/>
<USERREF USERNAME="aalexander"/>
<USERREF USERNAME="nsimmons"/>
<USERREF USERNAME="jhughes"/>
<USERREF USERNAME="dhemm"/>
<USERREF USERNAME="klee"/>
<USERREF USERNAME="mclemens"/>
</REPORTINGGROUP>

<REPORTINGGROUP
GROUPNAME="Sponsor Users"
GROUPDESCRIPTION="Sponsor Users">
<!-- Insert Users -->
<USERREF USERNAME="z2x1723"/>
<USERREF USERNAME="c191601"/>
<USERREF USERNAME="ifovel"/>
<USERREF USERNAME="hjorgensen"/>
<USERREF USERNAME="cclimescu"/>
<USERREF USERNAME="cgarzon"/>
<USERREF USERNAME="c180264"/>
<USERREF USERNAME="i2rmcbidd_RE"/>
<USERREF USERNAME="C195968"/>
<USERREF USERNAME="z1x2603"/>
<USERREF USERNAME="z2x1499"/>
<USERREF USERNAME="mkivela"/>
<USERREF USERNAME="lcombacau"/>
<USERREF USERNAME="jgrupp"/>
<USERREF USERNAME="mvmantellou"/>
<USERREF USERNAME="fbacchion"/>
<USERREF USERNAME="gvrints"/>
<USERREF USERNAME="mhansen"/>
<USERREF USERNAME="along"/>
<USERREF USERNAME="rdSaliva"/>
<USERREF USERNAME="z2x3232"/>
<USERREF USERNAME="z2x3296"/>
<USERREF USERNAME="z2x1295"/>
<USERREF USERNAME="z3x0842"/>
<USERREF USERNAME="nbuyanova"/>
<USERREF USERNAME="z2x7524"/>
<USERREF USERNAME="z2x2453"/>
<USERREF USERNAME="z2x9919"/>
<USERREF USERNAME="rm37067"/>
<USERREF USERNAME="v1x7317"/>
<USERREF USERNAME="z3x2938"/>
<USERREF USERNAME="z2x0675"/>
<USERREF USERNAME="z2x1415"/>
<USERREF USERNAME="z3x1198"/>
<USERREF USERNAME="ye91098"/>
<USERREF USERNAME="c188599"/>
<USERREF USERNAME="c181182"/>
<USERREF USERNAME="C197049"/>
<USERREF USERNAME="z2x4335"/>
<USERREF USERNAME="c177947"/>
<USERREF USERNAME="z2x0582"/>
<USERREF USERNAME="z2x5921"/>
<USERREF USERNAME="z2x3836"/>
<USERREF USERNAME="v4x8609"/>
<USERREF USERNAME="z2x7766"/>
<USERREF USERNAME="z2x0922"/>
<USERREF USERNAME="z1x9044"/>
<USERREF USERNAME="z2x1597"/>
<USERREF USERNAME="z3x1376"/>
<USERREF USERNAME="z2x2811"/>
<USERREF USERNAME="z2x1297"/>
<USERREF USERNAME="z2x1399"/>
<USERREF USERNAME="c193372"/>
<USERREF USERNAME="z1x0507"/>
<USERREF USERNAME="mkowalewski"/>
<USERREF USERNAME="z2x3235"/>
<USERREF USERNAME="ZPFaflathers"/>
<USERREF USERNAME="ZPFskonig"/>
<USERREF USERNAME="ZPFmszemjonka"/>
<USERREF USERNAME="coder_query"/>
<USERREF USERNAME="c184712"/>
<USERREF USERNAME="yp77148"/>
<USERREF USERNAME="xsidiropoulou"/>
<USERREF USERNAME="pdedes"/>
<USERREF USERNAME="catoader"/>
<USERREF USERNAME="matienza"/>
<USERREF USERNAME="z2x2436"/>
<USERREF USERNAME="z3x1197"/>
<USERREF USERNAME="z1x0496"/>
<USERREF USERNAME="z2x6143"/>
<USERREF USERNAME="z3x1764"/>
<USERREF USERNAME="z1x7471"/>
<USERREF USERNAME="z1x9946"/>
<USERREF USERNAME="gdorfner"/>
<USERREF USERNAME="evannieuwenhuyse"/>
<USERREF USERNAME="sswanljung"/>
<USERREF USERNAME="rlinke"/>
<USERREF USERNAME="aandriotto"/>
<USERREF USERNAME="conea"/>
<USERREF USERNAME="z1x2076"/>
<USERREF USERNAME="z2x1296"/>
<USERREF USERNAME="z2x3300"/>
<USERREF USERNAME="z2x2094"/>
<USERREF USERNAME="z2x4183"/>
<USERREF USERNAME="RH95042"/>
<USERREF USERNAME="z3x0225"/>
<USERREF USERNAME="z2x2255"/>
<USERREF USERNAME="C191602"/>
<USERREF USERNAME="z2x9609"/>
<USERREF USERNAME="VA05297"/>
<USERREF USERNAME="C166199"/>
<USERREF USERNAME="RX37448"/>
<USERREF USERNAME="z3x2051"/>
<USERREF USERNAME="z2x5835"/>
<USERREF USERNAME="z2x9610"/>
<USERREF USERNAME="c191512"/>
<USERREF USERNAME="z3X1847"/>
<USERREF USERNAME="z2x4614"/>
<USERREF USERNAME="z3x2399"/>
<USERREF USERNAME="z2x7611"/>
<USERREF USERNAME="z2x0145"/>
<USERREF USERNAME="z2x5913"/>
<USERREF USERNAME="xg10300"/>
<USERREF USERNAME="c167555"/>
<USERREF USERNAME="z3x2601"/>
<USERREF USERNAME="C197156"/>
<USERREF USERNAME="c173517"/>
<USERREF USERNAME="ye91238"/>
<USERREF USERNAME="a615313"/>
<USERREF USERNAME="z1x1808"/>
<USERREF USERNAME="z2x9894"/>
<USERREF USERNAME="Z2X6065"/>
<USERREF USERNAME="z1x1841"/>
<USERREF USERNAME="z2x6039"/>
<USERREF USERNAME="Z3X1846"/>
<USERREF USERNAME="z1x2077"/>
<USERREF USERNAME="V2X2470"/>
<USERREF USERNAME="z3x2094"/>
<USERREF USERNAME="z3x0602"/>
<USERREF USERNAME="z2x3870"/>
<USERREF USERNAME="z1x2082"/>
<USERREF USERNAME="z2x7244"/>
<USERREF USERNAME="c176099"/>
</REPORTINGGROUP>

<REPORTINGGROUP
GROUPNAME="User Admin Info Data Users"
GROUPDESCRIPTION="Users who have access to user data including password related data">
<!-- Insert Users -->
<USERREF USERNAME="z1x2603"/>
<USERREF USERNAME="z2x1499"/>
<USERREF USERNAME="gvrints"/>
<USERREF USERNAME="mhansen"/>
<USERREF USERNAME="along"/>
<USERREF USERNAME="rdSaliva"/>
<USERREF USERNAME="z2x3232"/>
<USERREF USERNAME="z2x3296"/>
<USERREF USERNAME="z2x1295"/>
<USERREF USERNAME="z3x0842"/>
<USERREF USERNAME="z2x7524"/>
<USERREF USERNAME="z2x2453"/>
<USERREF USERNAME="z2x9919"/>
<USERREF USERNAME="rm37067"/>
<USERREF USERNAME="v1x7317"/>
<USERREF USERNAME="z3x2938"/>
<USERREF USERNAME="z2x0675"/>
<USERREF USERNAME="z2x1415"/>
<USERREF USERNAME="z3x1198"/>
<USERREF USERNAME="C197049"/>
<USERREF USERNAME="z2x4335"/>
<USERREF USERNAME="z2x0582"/>
<USERREF USERNAME="z2x5921"/>
<USERREF USERNAME="z2x3836"/>
<USERREF USERNAME="v4x8609"/>
<USERREF USERNAME="z2x7766"/>
<USERREF USERNAME="z2x0922"/>
<USERREF USERNAME="z1x9044"/>
<USERREF USERNAME="z2x1597"/>
<USERREF USERNAME="z2x2811"/>
<USERREF USERNAME="z2x1297"/>
<USERREF USERNAME="z2x1399"/>
<USERREF USERNAME="c193372"/>
<USERREF USERNAME="z1x0507"/>
<USERREF USERNAME="mkowalewski"/>
<USERREF USERNAME="z2x3235"/>
<USERREF USERNAME="ZPFaflathers"/>
<USERREF USERNAME="ZPFskonig"/>
<USERREF USERNAME="ZPFmszemjonka"/>
<USERREF USERNAME="c184712"/>
<USERREF USERNAME="z2x2436"/>
<USERREF USERNAME="z3x1197"/>
<USERREF USERNAME="z1x0496"/>
<USERREF USERNAME="z2x6143"/>
<USERREF USERNAME="z3x1764"/>
<USERREF USERNAME="z1x7471"/>
<USERREF USERNAME="z1x9946"/>
<USERREF USERNAME="evannieuwenhuyse"/>
<USERREF USERNAME="sswanljung"/>
<USERREF USERNAME="rlinke"/>
<USERREF USERNAME="aandriotto"/>
<USERREF USERNAME="conea"/>
<USERREF USERNAME="z1x2076"/>
<USERREF USERNAME="z2x1296"/>
<USERREF USERNAME="z2x3300"/>
<USERREF USERNAME="z2x2094"/>
<USERREF USERNAME="z2x4183"/>
<USERREF USERNAME="z3x0225"/>
<USERREF USERNAME="z2x2255"/>
<USERREF USERNAME="C191602"/>
<USERREF USERNAME="z2x9609"/>
<USERREF USERNAME="z3x2051"/>
<USERREF USERNAME="z2x5835"/>
<USERREF USERNAME="z2x9610"/>
<USERREF USERNAME="c191512"/>
<USERREF USERNAME="z3X1847"/>
<USERREF USERNAME="z2x4614"/>
<USERREF USERNAME="z3x2399"/>
<USERREF USERNAME="z2x7611"/>
<USERREF USERNAME="z2x0145"/>
<USERREF USERNAME="z2x5913"/>
<USERREF USERNAME="z3x2601"/>
<USERREF USERNAME="C197156"/>
<USERREF USERNAME="c173517"/>
<USERREF USERNAME="z1x1808"/>
<USERREF USERNAME="z2x9894"/>
<USERREF USERNAME="Z2X6065"/>
<USERREF USERNAME="z1x1841"/>
<USERREF USERNAME="z2x6039"/>
<USERREF USERNAME="Z3X1846"/>
<USERREF USERNAME="z1x2077"/>
<USERREF USERNAME="z3x2094"/>
<USERREF USERNAME="z3x0602"/>
<USERREF USERNAME="z2x3870"/>
<USERREF USERNAME="z1x2082"/>
<USERREF USERNAME="z2x7244"/>
<USERREF USERNAME="z2x1723"/>
<USERREF USERNAME="c191601"/>
<USERREF USERNAME="cgarzon"/>
<USERREF USERNAME="c180264"/>
<USERREF USERNAME="i2rmcbidd_RE"/>
<USERREF USERNAME="C195968"/>
</REPORTINGGROUP>

<REPORTINGGROUP
GROUPNAME="User Info Data Users"
GROUPDESCRIPTION="Users who have access to user data except password related data">
<!-- Insert Users -->
<USERREF USERNAME="yp77148"/>
<USERREF USERNAME="xg10300"/>
<USERREF USERNAME="c167555"/>
<USERREF USERNAME="ye91238"/>
<USERREF USERNAME="a615313"/>
<USERREF USERNAME="z3x1376"/>
<USERREF USERNAME="ye91098"/>
<USERREF USERNAME="c188599"/>
<USERREF USERNAME="c181182"/>
<USERREF USERNAME="c177947"/>
<USERREF USERNAME="nbuyanova"/>
</REPORTINGGROUP>

</MEDMLDATA>