<?xml version="1.0"?>
<MEDMLDATA xmlns="PhaseForward-MedML-Inform4">


<RIGHTSGROUP  GROUPNAME="Coding Query Rights Group">
<!-- Insert Users -->
<USERREF USERNAME="coder_query"/>

</RIGHTSGROUP>

<RIGHTSGROUP  GROUPNAME="Data Manager">
<!-- Insert Users -->
<USERREF USERNAME="z1x9560"/>
<USERREF USERNAME="z1x3734"/>

</RIGHTSGROUP>

<RIGHTSGROUP  GROUPNAME="Monitor">
<!-- Insert Users -->
<USERREF USERNAME="z2x7246"/>
<USERREF USERNAME="c226977"/>
<USERREF USERNAME="c235968"/>
<USERREF USERNAME="c239136"/>
<USERREF USERNAME="z1x2072"/>
<USERREF USERNAME="c243497"/>
<USERREF USERNAME="z2x9961"/>
<USERREF USERNAME="c230206"/>
<USERREF USERNAME="c234576"/>
<USERREF USERNAME="z1x1861"/>
<USERREF USERNAME="z2x2461"/>
<USERREF USERNAME="c227906"/>
<USERREF USERNAME="z1x1826"/>
<USERREF USERNAME="c242550"/>
<USERREF USERNAME="c231944"/>
<USERREF USERNAME="c233952"/>
<USERREF USERNAME="c242916"/>
<USERREF USERNAME="c239135"/>
<USERREF USERNAME="z3x1553"/>
<USERREF USERNAME="z2x4239"/>
<USERREF USERNAME="c242122"/>
<USERREF USERNAME="c241049"/>
<USERREF USERNAME="z1x0699"/>
<USERREF USERNAME="c218387"/>
<USERREF USERNAME="z1x0689"/>
<USERREF USERNAME="z1x1807"/>
<USERREF USERNAME="c232959"/>
<USERREF USERNAME="z2x6036"/>
<USERREF USERNAME="c240719"/>
<USERREF USERNAME="c241301"/>

</RIGHTSGROUP>

<RIGHTSGROUP  GROUPNAME="PFView Only">
<!-- Insert Users -->
<USERREF USERNAME="ZPFmtoth"/>
<USERREF USERNAME="ZPFaverpeleti"/>
<USERREF USERNAME="ZPFkbarkoczi"/>

</RIGHTSGROUP>

<RIGHTSGROUP  GROUPNAME="PI">
<!-- Insert Users -->
<USERREF USERNAME="dsmutek"/>
<USERREF USERNAME="mskovranova"/>
<USERREF USERNAME="dbartaskova"/>
<USERREF USERNAME="khalova"/>
<USERREF USERNAME="kkolomaznikova"/>
<USERREF USERNAME="pfleischhansova"/>
<USERREF USERNAME="tedelsberger"/>
<USERREF USERNAME="kwudi"/>
<USERREF USERNAME="pkisgombos"/>
<USERREF USERNAME="zkerenyi"/>
<USERREF USERNAME="aszocs"/>
<USERREF USERNAME="jkostarova"/>
<USERREF USERNAME="vtouskova"/>
<USERREF USERNAME="kanderlova"/>
<USERREF USERNAME="mmayor"/>
<USERREF USERNAME="cguglielmi"/>
<USERREF USERNAME="cmannina"/>
<USERREF USERNAME="nkesmarki"/>
<USERREF USERNAME="gcastellino"/>
<USERREF USERNAME="eroderova"/>
<USERREF USERNAME="emalicherova"/>
<USERREF USERNAME="rcitarella"/>
<USERREF USERNAME="jdivinec"/>

</RIGHTSGROUP>

<RIGHTSGROUP  GROUPNAME="PI Sign Only">
<!-- Insert Users -->
<USERREF USERNAME="asegner"/>
<USERREF USERNAME="ehaak"/>
<USERREF USERNAME="jrosenstock"/>
<USERREF USERNAME="haudish"/>
<USERREF USERNAME="ebarranco"/>
<USERREF USERNAME="tblevins"/>
<USERREF USERNAME="pbononi"/>
<USERREF USERNAME="tchaichabrom"/>
<USERREF USERNAME="gcortesmaisonet"/>
<USERREF USERNAME="jfrias"/>
<USERREF USERNAME="llewyalterbaum"/>
<USERREF USERNAME="jho"/>
<USERREF USERNAME="blanders"/>
<USERREF USERNAME="moliver"/>
<USERREF USERNAME="mrizzo"/>
<USERREF USERNAME="jgonzalezgonzalez"/>
<USERREF USERNAME="epelayoorozco"/>
<USERREF USERNAME="abhargava"/>
<USERREF USERNAME="sarora"/>
<USERREF USERNAME="rfink"/>
<USERREF USERNAME="dfitz-patrick"/>
<USERREF USERNAME="jgandhi"/>
<USERREF USERNAME="lklaff"/>
<USERREF USERNAME="bmcconnehey"/>
<USERREF USERNAME="fmikell"/>
<USERREF USERNAME="snakhle"/>
<USERREF USERNAME="pnorwood"/>
<USERREF USERNAME="rortiz-carrasquillo"/>
<USERREF USERNAME="apinero-pilona"/>
<USERREF USERNAME="lstonesifer"/>
<USERREF USERNAME="jvan"/>
<USERREF USERNAME="cvance"/>
<USERREF USERNAME="mwelch"/>
<USERREF USERNAME="awynne"/>
<USERREF USERNAME="szweig"/>
<USERREF USERNAME="dbraun"/>
<USERREF USERNAME="svidal"/>
<USERREF USERNAME="eruff"/>
<USERREF USERNAME="ddahl"/>
<USERREF USERNAME="jotero"/>
<USERREF USERNAME="bpalal"/>
<USERREF USERNAME="msheikh-ali"/>
<USERREF USERNAME="ksivalingam"/>
<USERREF USERNAME="gsoucie"/>
<USERREF USERNAME="jaseo"/>
<USERREF USERNAME="fperezmanghi"/>
<USERREF USERNAME="swkim"/>
<USERREF USERNAME="kpark"/>
<USERREF USERNAME="sstranks"/>
<USERREF USERNAME="syoo"/>
<USERREF USERNAME="hkim"/>
<USERREF USERNAME="mmoon"/>
<USERREF USERNAME="ysung"/>
<USERREF USERNAME="sbaik"/>
<USERREF USERNAME="skim"/>
<USERREF USERNAME="jyoon"/>

</RIGHTSGROUP>

<RIGHTSGROUP  GROUPNAME="Report Extractor">
<!-- Insert Users -->
<USERREF USERNAME="i8bmcitrn_RE"/>

</RIGHTSGROUP>

<RIGHTSGROUP  GROUPNAME="SC">
<!-- Insert Users -->
<USERREF USERNAME="ktravova"/>
<USERREF USERNAME="lkubickova"/>
<USERREF USERNAME="syyoo"/>
<USERREF USERNAME="erigo"/>
<USERREF USERNAME="eadorjani"/>
<USERREF USERNAME="apeterfalvi"/>
<USERREF USERNAME="phertzka"/>
<USERREF USERNAME="anadasdi"/>
<USERREF USERNAME="mengland"/>
<USERREF USERNAME="pdwyer"/>
<USERREF USERNAME="mrodino"/>
<USERREF USERNAME="spark"/>
<USERREF USERNAME="mkim"/>
<USERREF USERNAME="jseo"/>
<USERREF USERNAME="ylee"/>
<USERREF USERNAME="crodino"/>
<USERREF USERNAME="mgkim"/>
<USERREF USERNAME="cmateo"/>
<USERREF USERNAME="dveverova"/>
<USERREF USERNAME="phabrdova"/>
<USERREF USERNAME="gkreckova"/>
<USERREF USERNAME="tbalint"/>
<USERREF USERNAME="mtanko"/>
<USERREF USERNAME="lcsubak"/>
<USERREF USERNAME="slee"/>
<USERREF USERNAME="yjeong"/>
<USERREF USERNAME="ebaek"/>
<USERREF USERNAME="gkim"/>
<USERREF USERNAME="yhsu"/>
<USERREF USERNAME="sjlee"/>
<USERREF USERNAME="swchung"/>
<USERREF USERNAME="mkuhrova"/>
<USERREF USERNAME="ptaylor"/>
<USERREF USERNAME="akang"/>
<USERREF USERNAME="shofmann"/>
<USERREF USERNAME="bgaebstrasas"/>
<USERREF USERNAME="iullrich"/>
<USERREF USERNAME="sprasad"/>
<USERREF USERNAME="shalani"/>
<USERREF USERNAME="dnikolic"/>
<USERREF USERNAME="rchianetta"/>
<USERREF USERNAME="rvgiglio"/>
<USERREF USERNAME="rnunezmarquez"/>
<USERREF USERNAME="msalazarparra"/>
<USERREF USERNAME="jorozcogutierrez"/>
<USERREF USERNAME="lborg"/>
<USERREF USERNAME="bfinley"/>
<USERREF USERNAME="cburton"/>
<USERREF USERNAME="mmartin"/>
<USERREF USERNAME="awells"/>
<USERREF USERNAME="mdukett"/>
<USERREF USERNAME="vprettico"/>
<USERREF USERNAME="spedraza"/>
<USERREF USERNAME="mguerrero"/>
<USERREF USERNAME="ngarcia"/>
<USERREF USERNAME="cburns"/>
<USERREF USERNAME="smdiliberto"/>
<USERREF USERNAME="aflores"/>
<USERREF USERNAME="scaballerogonzalez"/>
<USERREF USERNAME="apatterson"/>
<USERREF USERNAME="iarroyo"/>
<USERREF USERNAME="lahn"/>
<USERREF USERNAME="mbain"/>
<USERREF USERNAME="elopez"/>
<USERREF USERNAME="lmirandamartinez"/>
<USERREF USERNAME="cmontoya"/>
<USERREF USERNAME="ddesalle"/>
<USERREF USERNAME="lflores"/>
<USERREF USERNAME="ssandry"/>
<USERREF USERNAME="tkendall"/>
<USERREF USERNAME="apascal"/>
<USERREF USERNAME="eleal"/>
<USERREF USERNAME="myang"/>
<USERREF USERNAME="mrivera"/>
<USERREF USERNAME="crail"/>
<USERREF USERNAME="akay"/>
<USERREF USERNAME="lmercado"/>
<USERREF USERNAME="cinman"/>
<USERREF USERNAME="mcruz"/>
<USERREF USERNAME="kagro"/>
<USERREF USERNAME="tlovieyokem"/>
<USERREF USERNAME="mdiago"/>
<USERREF USERNAME="mhennerici"/>
<USERREF USERNAME="aromanski"/>
<USERREF USERNAME="lhecht"/>
<USERREF USERNAME="iwoehr"/>
<USERREF USERNAME="khendel"/>
<USERREF USERNAME="akersey"/>
<USERREF USERNAME="cstock"/>
<USERREF USERNAME="firani"/>
<USERREF USERNAME="nmcgraw"/>
<USERREF USERNAME="eita"/>
<USERREF USERNAME="vbenincasa"/>
<USERREF USERNAME="ggoldsztejn"/>
<USERREF USERNAME="lgoldsztejn"/>
<USERREF USERNAME="myantorno"/>
<USERREF USERNAME="yhjeong"/>
<USERREF USERNAME="iprokopova"/>

</RIGHTSGROUP>

<RIGHTSGROUP  GROUPNAME="Study Manager">
<!-- Insert Users -->
<USERREF USERNAME="c242557"/>
<USERREF USERNAME="wf84509"/>

</RIGHTSGROUP>

<RIGHTSGROUP  GROUPNAME="Tier1_Admin">
<!-- Insert Users -->
<USERREF USERNAME="ZPFralorico"/>
<USERREF USERNAME="ZPFpvallar"/>
<USERREF USERNAME="ZPFoely"/>
<USERREF USERNAME="ZPFkkovacs"/>
<USERREF USERNAME="ZPFkcco"/>
<USERREF USERNAME="ZPFdnagy"/>
<USERREF USERNAME="ZPFstayco"/>
<USERREF USERNAME="ZPFrducusin"/>
<USERREF USERNAME="ZPFmlalangan"/>

</RIGHTSGROUP>

<RIGHTSGROUP  GROUPNAME="User Activator RG">
<!-- Insert Users -->
<USERREF USERNAME="ZPFcmolom"/>
<USERREF USERNAME="ZPFprojas"/>
<USERREF USERNAME="ZPFabalogh"/>
<USERREF USERNAME="ZPFedervishaj"/>
<USERREF USERNAME="ZPFmandone"/>

</RIGHTSGROUP>

<RIGHTSGROUP  GROUPNAME="User Manager RG">
<!-- Insert Users -->
<USERREF USERNAME="ZPFfvarga"/>
<USERREF USERNAME="ZPFapervaiz"/>
<USERREF USERNAME="ZPFvzdirko"/>
<USERREF USERNAME="ZPFlcseke"/>
<USERREF USERNAME="ZPFasomogyi"/>
<USERREF USERNAME="ZPFtfabian"/>
<USERREF USERNAME="ZPFjistenes"/>
<USERREF USERNAME="ZPFawarsama"/>
<USERREF USERNAME="ZPFnreis"/>
<USERREF USERNAME="ZPFijohl"/>
<USERREF USERNAME="ZPFddiomede"/>
<USERREF USERNAME="ZPFnqi"/>
<USERREF USERNAME="ZPFgyvarga"/>
<USERREF USERNAME="ZPFlmate"/>
<USERREF USERNAME="ZPFsaguilar"/>
<USERREF USERNAME="ZPFskholti"/>
<USERREF USERNAME="ZPFkcsobalyka"/>
<USERREF USERNAME="ZPFklim"/>
<USERREF USERNAME="ZPFsdasilva"/>
<USERREF USERNAME="ZPFtszabo"/>
<USERREF USERNAME="ZPFgkrucso"/>
<USERREF USERNAME="ZPFtcabanes"/>
<USERREF USERNAME="ZPFekosa"/>
<USERREF USERNAME="ZPFlbalubar"/>
<USERREF USERNAME="ZPFnvergara"/>

</RIGHTSGROUP>

<RIGHTSGROUP  GROUPNAME="VO">
<!-- Insert Users -->
<USERREF USERNAME="rm81211"/>
<USERREF USERNAME="ys07707"/>
<USERREF USERNAME="rm87618"/>
<USERREF USERNAME="u8x8366"/>

</RIGHTSGROUP>

</MEDMLDATA>