<?xml version="1.0"?>
<MEDMLDATA xmlns="PhaseForward-MedML-Inform4">


<SITE  NAME="(209) Instituto de Investigaciones Clinicas Mar del Plata IICMar del Plata Servicio de Endocrinologia"    MNEMONIC="209"
ADDRESS="Av Colon 3364 Mar del Plata Buenos Aires 7600"
COUNTRY="ARGENTINA"
PHONE="54542234963224"
ALTPHONE="54"
FAX="54"
TIMEZONE="(UTC-03:00) City of Buenos Aires"
SITEDATEFORMAT="DAY_MONTH_YEAR"
STARTDATE="06/23/2017"
STUDYLOCALE="en-US"
SVAUTOSELECTRATE="100"
SVFIRSTNSUBJECTS="100"
/>


<SITE  NAME="(207) Centro de Investigaciones Metabolicas CINME"    MNEMONIC="207"
ADDRESS="Viamonte 2278 80 CABA Buenos Aires C1056ABJ"
COUNTRY="ARGENTINA"
PHONE="545.4115e+011"
ALTPHONE="54"
FAX="54"
TIMEZONE="(UTC-03:00) City of Buenos Aires"
SITEDATEFORMAT="DAY_MONTH_YEAR"
STARTDATE="06/23/2017"
STUDYLOCALE="en-US"
SVAUTOSELECTRATE="100"
SVFIRSTNSUBJECTS="100"
/>


<SITE  NAME="(205) Investigaciones Medicas IMOBA SRL"    MNEMONIC="205"
ADDRESS="Medrano 134 6 Piso CABA Buenos Aires C1179AAB"
COUNTRY="ARGENTINA"
PHONE="5449831589"
ALTPHONE="54"
FAX="54"
TIMEZONE="(UTC-03:00) City of Buenos Aires"
SITEDATEFORMAT="DAY_MONTH_YEAR"
STARTDATE="06/23/2017"
STUDYLOCALE="en-US"
SVAUTOSELECTRATE="100"
SVFIRSTNSUBJECTS="100"
/>


<SITE  NAME="(208) Instituto Centenario Servicio de Endocrinologia"    MNEMONIC="208"
ADDRESS="Rivadavia 3855 CABA Buenos Aires C1204AAD"
COUNTRY="ARGENTINA"
PHONE="545.4115e+011"
ALTPHONE="54"
FAX="54"
TIMEZONE="(UTC-03:00) City of Buenos Aires"
SITEDATEFORMAT="DAY_MONTH_YEAR"
STARTDATE="06/23/2017"
STUDYLOCALE="en-US"
SVAUTOSELECTRATE="100"
SVFIRSTNSUBJECTS="100"
/>


<SITE  NAME="(206) Centro Medico de Nutricion y Diabetes CENUDIAB Servicio de Diabetes"    MNEMONIC="206"
ADDRESS="Juan Bautista Alberdi 5275 Depto 4 CABA Buenos Aires C1440AAD"
COUNTRY="ARGENTINA"
PHONE="54541146820269"
ALTPHONE="54"
FAX="54"
TIMEZONE="(UTC-03:00) City of Buenos Aires"
SITEDATEFORMAT="DAY_MONTH_YEAR"
STARTDATE="06/23/2017"
STUDYLOCALE="en-US"
SVAUTOSELECTRATE="100"
SVFIRSTNSUBJECTS="100"
/>


<SITE  NAME="(202) Stat Research"    MNEMONIC="202"
ADDRESS="Avenida Callao 875 3 F Ciudad Autonoma de Buenos Aires Buenos Aires C1013AAB"
COUNTRY="ARGENTINA"
PHONE="54541148112178"
ALTPHONE="54"
FAX="54"
TIMEZONE="(UTC-03:00) City of Buenos Aires"
SITEDATEFORMAT="DAY_MONTH_YEAR"
STARTDATE="06/23/2017"
STUDYLOCALE="en-US"
SVAUTOSELECTRATE="100"
SVFIRSTNSUBJECTS="100"
/>


<SITE  NAME="(204) Centro Medico Dra Laura Maffei Investigacion Clinica Aplicada"    MNEMONIC="204"
ADDRESS="Cervino 3375 1 piso CABA Buenos Aires C1425AGC"
COUNTRY="ARGENTINA"
PHONE="545.41145e+011"
ALTPHONE="54"
FAX="54"
TIMEZONE="(UTC-03:00) City of Buenos Aires"
SITEDATEFORMAT="DAY_MONTH_YEAR"
STARTDATE="06/23/2017"
STUDYLOCALE="en-US"
SVAUTOSELECTRATE="100"
SVFIRSTNSUBJECTS="100"
/>


<SITE  NAME="(230) Repatriation General Hospital"    MNEMONIC="230"
ADDRESS="Endocrine Research Unit Repatriation General Hospital Southern Adelaide Diabetes Endocrine Services Daws Road Daw Park South Australia"
COUNTRY="AUSTRALIA"
PHONE="610390949509"
ALTPHONE="61"
FAX="61"
TIMEZONE="(UTC+10:00) Canberra, Melbourne, Sydney"
SITEDATEFORMAT="DAY_MONTH_YEAR"
STARTDATE="06/23/2017"
STUDYLOCALE="en-US"
SVAUTOSELECTRATE="100"
SVFIRSTNSUBJECTS="100"
/>


<SITE  NAME="(228) SA Endocrine Clinical Research"    MNEMONIC="228"
ADDRESS="8A Hampton Road keswick south Australia"
COUNTRY="AUSTRALIA"
PHONE="6161342152880"
ALTPHONE="61"
FAX="61"
TIMEZONE="(UTC+10:00) Canberra, Melbourne, Sydney"
SITEDATEFORMAT="DAY_MONTH_YEAR"
STARTDATE="06/23/2017"
STUDYLOCALE="en-US"
SVAUTOSELECTRATE="100"
SVFIRSTNSUBJECTS="100"
/>


<SITE  NAME="(575) Korea University Guro Hospital"    MNEMONIC="575"
ADDRESS="148 Gurodongro Gurogu Seoul"
COUNTRY="AUSTRALIA"
PHONE="610882751094"
ALTPHONE="61"
FAX="61"
TIMEZONE="(UTC+09:30) Darwin"
SITEDATEFORMAT="DAY_MONTH_YEAR"
STARTDATE="06/23/2017"
STUDYLOCALE="en-US"
SVAUTOSELECTRATE="100"
SVFIRSTNSUBJECTS="100"
/>


<SITE  NAME="(231) Simptron PL"    MNEMONIC="231"
ADDRESS="Box Hill Diabetes and Endocrine Service Suite 3350 Nelson Rd Box Holl Victoria"
COUNTRY="AUSTRALIA"
PHONE="6161882936533"
ALTPHONE="61"
FAX="61"
TIMEZONE="(UTC+09:30) Darwin"
SITEDATEFORMAT="DAY_MONTH_YEAR"
STARTDATE="06/23/2017"
STUDYLOCALE="en-US"
SVAUTOSELECTRATE="100"
SVFIRSTNSUBJECTS="100"
/>


<SITE  NAME="(227) Dept of Medicine Clinical Trial Unit Barwon Health"    MNEMONIC="227"
ADDRESS="Dept of Medicine Barwon Health Myers House Corner of Myers Street Bellarine Streets Geelong Victoria"
COUNTRY="AUSTRALIA"
PHONE="610894313230"
ALTPHONE="61"
FAX="61"
TIMEZONE="(UTC+08:00) Perth"
SITEDATEFORMAT="DAY_MONTH_YEAR"
STARTDATE="06/23/2017"
STUDYLOCALE="en-US"
SVAUTOSELECTRATE="100"
SVFIRSTNSUBJECTS="100"
/>


<SITE  NAME="(225) Fremantle Hospital"    MNEMONIC="225"
ADDRESS="School of Medicine and Pharmacology Level 7 T Block Alma Street PO Box 480 Fremantle WA 9659 Freemantle Western Australia"
COUNTRY="AUSTRALIA"
PHONE="610894313230"
ALTPHONE="61"
FAX="61"
TIMEZONE="(UTC+08:00) Perth"
SITEDATEFORMAT="DAY_MONTH_YEAR"
STARTDATE="06/23/2017"
STUDYLOCALE="en-US"
SVAUTOSELECTRATE="100"
SVFIRSTNSUBJECTS="100"
/>


<SITE  NAME="(302) RESTRIAL sro Poliklinika Mazurska"    MNEMONIC="302"
ADDRESS="Mazurska 484 2"
COUNTRY="CZECH REPUBLIC"
PHONE="420420257211920"
ALTPHONE="420"
FAX="420"
TIMEZONE="(UTC+01:00) Belgrade, Bratislava, Budapest, Ljubljana, Prague"
SITEDATEFORMAT="DAY_MONTH_YEAR"
STARTDATE="06/23/2017"
STUDYLOCALE="en-US"
SVAUTOSELECTRATE="100"
SVFIRSTNSUBJECTS="100"
/>


<SITE  NAME="(304) Milan Kvapil sro Diabetologicka ambulance"    MNEMONIC="304"
ADDRESS="Michnova 1622 4"
COUNTRY="CZECH REPUBLIC"
PHONE="420420272917011"
ALTPHONE="420"
FAX="420"
TIMEZONE="(UTC+01:00) Belgrade, Bratislava, Budapest, Ljubljana, Prague"
SITEDATEFORMAT="DAY_MONTH_YEAR"
STARTDATE="06/23/2017"
STUDYLOCALE="en-US"
SVAUTOSELECTRATE="100"
SVFIRSTNSUBJECTS="100"
/>


<SITE  NAME="(303) ENDODIAB sro"    MNEMONIC="303"
ADDRESS="Nove namesti 1440 2a"
COUNTRY="CZECH REPUBLIC"
PHONE="420420245006467"
ALTPHONE="420"
FAX="420"
TIMEZONE="(UTC+01:00) Belgrade, Bratislava, Budapest, Ljubljana, Prague"
SITEDATEFORMAT="DAY_MONTH_YEAR"
STARTDATE="06/23/2017"
STUDYLOCALE="en-US"
SVAUTOSELECTRATE="100"
SVFIRSTNSUBJECTS="100"
/>


<SITE  NAME="(301) Diabetologicka ordinace pro dospele Krnov"    MNEMONIC="301"
ADDRESS="Namesti Minoritu 7"
COUNTRY="CZECH REPUBLIC"
PHONE="420420554611468"
ALTPHONE="420"
FAX="420"
TIMEZONE="(UTC+01:00) Belgrade, Bratislava, Budapest, Ljubljana, Prague"
SITEDATEFORMAT="DAY_MONTH_YEAR"
STARTDATE="06/23/2017"
STUDYLOCALE="en-US"
SVAUTOSELECTRATE="100"
SVFIRSTNSUBJECTS="100"
/>


<SITE  NAME="(300) Diahelp sro Poliklinika KOLF sro"    MNEMONIC="300"
ADDRESS="Masarykovo nam 2667"
COUNTRY="CZECH REPUBLIC"
PHONE="420420466753365"
ALTPHONE="420"
FAX="420"
TIMEZONE="(UTC+01:00) Belgrade, Bratislava, Budapest, Ljubljana, Prague"
SITEDATEFORMAT="DAY_MONTH_YEAR"
STARTDATE="06/23/2017"
STUDYLOCALE="en-US"
SVAUTOSELECTRATE="100"
SVFIRSTNSUBJECTS="100"
/>


<SITE  NAME="(333) Diabetologische Schwerpunktpraxis"    MNEMONIC="333"
ADDRESS="Neue Mitte 10 Haus 4 35415 Pohlheim"
COUNTRY="GERMANY"
PHONE="4900496403977280"
ALTPHONE="49"
FAX="49"
TIMEZONE="(UTC+01:00) Sarajevo, Skopje, Warsaw, Zagreb"
SITEDATEFORMAT="DAY_MONTH_YEAR"
STARTDATE="06/23/2017"
STUDYLOCALE="en-US"
SVAUTOSELECTRATE="100"
SVFIRSTNSUBJECTS="100"
/>


<SITE  NAME="(331) Gemeinschaftspraxis für Innere Medizin und Diabetologie"    MNEMONIC="331"
ADDRESS="Beselerstraße 2a
22607 Hamburg"
COUNTRY="GERMANY"
PHONE="49004940896295"
ALTPHONE="49"
FAX="49"
TIMEZONE="(UTC+01:00) Sarajevo, Skopje, Warsaw, Zagreb"
SITEDATEFORMAT="DAY_MONTH_YEAR"
STARTDATE="06/23/2017"
STUDYLOCALE="en-US"
SVAUTOSELECTRATE="100"
SVFIRSTNSUBJECTS="100"
/>


<SITE  NAME="(329) Schwerpunktpraxis Diabetes"    MNEMONIC="329"
ADDRESS="Hauptstraße 98
66386 St. Ingbert-Oberwürzbach"
COUNTRY="GERMANY"
PHONE="49004968949988115"
ALTPHONE="49"
FAX="49"
TIMEZONE="(UTC+01:00) Sarajevo, Skopje, Warsaw, Zagreb"
SITEDATEFORMAT="DAY_MONTH_YEAR"
STARTDATE="06/23/2017"
STUDYLOCALE="en-US"
SVAUTOSELECTRATE="100"
SVFIRSTNSUBJECTS="100"
/>


<SITE  NAME="(327) Zentrum für Klinische Studien"    MNEMONIC="327"
ADDRESS="Zentrum für Klinische Studien
Poststrasse 46
14612 Falkensee"
COUNTRY="GERMANY"
PHONE="4900493322279194"
ALTPHONE="49"
FAX="49"
TIMEZONE="(UTC+01:00) Sarajevo, Skopje, Warsaw, Zagreb"
SITEDATEFORMAT="DAY_MONTH_YEAR"
STARTDATE="06/23/2017"
STUDYLOCALE="en-US"
SVAUTOSELECTRATE="100"
SVFIRSTNSUBJECTS="100"
/>


<SITE  NAME="(334) SMO MD GmbH  Zentrum fur Klinische Studien"    MNEMONIC="334"
ADDRESS="Bierer Weg 9
39120 Magdeburg"
COUNTRY="GERMANY"
PHONE="4900493916119517"
ALTPHONE="49"
FAX="49"
TIMEZONE="(UTC+01:00) Sarajevo, Skopje, Warsaw, Zagreb"
SITEDATEFORMAT="DAY_MONTH_YEAR"
STARTDATE="06/23/2017"
STUDYLOCALE="en-US"
SVAUTOSELECTRATE="100"
SVFIRSTNSUBJECTS="100"
/>


<SITE  NAME="(332) Institut für Diabetesforschung in Münster GmbH"    MNEMONIC="332"
ADDRESS="Hohenzollernring 70
48145 Münster"
COUNTRY="GERMANY"
PHONE="4900492519352300"
ALTPHONE="49"
FAX="49"
TIMEZONE="(UTC+01:00) Sarajevo, Skopje, Warsaw, Zagreb"
SITEDATEFORMAT="DAY_MONTH_YEAR"
STARTDATE="06/23/2017"
STUDYLOCALE="en-US"
SVAUTOSELECTRATE="100"
SVFIRSTNSUBJECTS="100"
/>


<SITE  NAME="(330) Diabetespraxis Mergentheim"    MNEMONIC="330"
ADDRESS="Theodor-Klotzbücher-Str. 12
97980 Bad Mergentheim"
COUNTRY="GERMANY"
PHONE="4900497931594131"
ALTPHONE="49"
FAX="49"
TIMEZONE="(UTC+01:00) Sarajevo, Skopje, Warsaw, Zagreb"
SITEDATEFORMAT="DAY_MONTH_YEAR"
STARTDATE="06/23/2017"
STUDYLOCALE="en-US"
SVAUTOSELECTRATE="100"
SVFIRSTNSUBJECTS="100"
/>


<SITE  NAME="(328) RED-Institut GmbH"    MNEMONIC="328"
ADDRESS="Mühlenkamp 5
23758 Oldenburg"
COUNTRY="GERMANY"
PHONE="4900494361513128"
ALTPHONE="49"
FAX="49"
TIMEZONE="(UTC+01:00) Sarajevo, Skopje, Warsaw, Zagreb"
SITEDATEFORMAT="DAY_MONTH_YEAR"
STARTDATE="06/23/2017"
STUDYLOCALE="en-US"
SVAUTOSELECTRATE="100"
SVFIRSTNSUBJECTS="100"
/>


<SITE  NAME="(326) Hausarztliches MVZ Dr Landers GmbH"    MNEMONIC="326"
ADDRESS="Koblenzer Straße 40b
56727 Mayen"
COUNTRY="GERMANY"
PHONE="490049265143160"
ALTPHONE="49"
FAX="49"
TIMEZONE="(UTC+01:00) Sarajevo, Skopje, Warsaw, Zagreb"
SITEDATEFORMAT="DAY_MONTH_YEAR"
STARTDATE="06/23/2017"
STUDYLOCALE="en-US"
SVAUTOSELECTRATE="100"
SVFIRSTNSUBJECTS="100"
/>


<SITE  NAME="(404) ClinDiab Kft"    MNEMONIC="404"
ADDRESS="Benyovszky M u 10 1089 Budapest"
COUNTRY="HUNGARY"
PHONE="363617863000"
ALTPHONE="36"
FAX="36"
TIMEZONE="(UTC+01:00) Belgrade, Bratislava, Budapest, Ljubljana, Prague"
SITEDATEFORMAT="DAY_MONTH_YEAR"
STARTDATE="06/23/2017"
STUDYLOCALE="en-US"
SVAUTOSELECTRATE="100"
SVFIRSTNSUBJECTS="100"
/>


<SITE  NAME="(402) Trantor 99 Bt"    MNEMONIC="402"
ADDRESS="Damjanich J u 127 1213 Budapest"
COUNTRY="HUNGARY"
PHONE="363612760708"
ALTPHONE="36"
FAX="36"
TIMEZONE="(UTC+01:00) Belgrade, Bratislava, Budapest, Ljubljana, Prague"
SITEDATEFORMAT="DAY_MONTH_YEAR"
STARTDATE="06/23/2017"
STUDYLOCALE="en-US"
SVAUTOSELECTRATE="100"
SVFIRSTNSUBJECTS="100"
/>


<SITE  NAME="(400) Kanizsai Dorottya Korhaz"    MNEMONIC="400"
ADDRESS="Szekeres J u 2 8 8800 Nagykanizsa"
COUNTRY="HUNGARY"
PHONE="363693502000"
ALTPHONE="36"
FAX="36"
TIMEZONE="(UTC+01:00) Belgrade, Bratislava, Budapest, Ljubljana, Prague"
SITEDATEFORMAT="DAY_MONTH_YEAR"
STARTDATE="06/23/2017"
STUDYLOCALE="en-US"
SVAUTOSELECTRATE="100"
SVFIRSTNSUBJECTS="100"
/>


<SITE  NAME="(403) XIII ker Egeszsegugyi Szolgalat"    MNEMONIC="403"
ADDRESS="Szegedi ut 17 1139 Budapest"
COUNTRY="HUNGARY"
PHONE="363614524208"
ALTPHONE="36"
FAX="36"
TIMEZONE="(UTC+01:00) Belgrade, Bratislava, Budapest, Ljubljana, Prague"
SITEDATEFORMAT="DAY_MONTH_YEAR"
STARTDATE="06/23/2017"
STUDYLOCALE="en-US"
SVAUTOSELECTRATE="100"
SVFIRSTNSUBJECTS="100"
/>


<SITE  NAME="(401) Szocs Depot Kft"    MNEMONIC="401"
ADDRESS="Jozsef A u 52 1042 Budapest"
COUNTRY="HUNGARY"
PHONE="363617857185"
ALTPHONE="36"
FAX="36"
TIMEZONE="(UTC+01:00) Belgrade, Bratislava, Budapest, Ljubljana, Prague"
SITEDATEFORMAT="DAY_MONTH_YEAR"
STARTDATE="06/23/2017"
STUDYLOCALE="en-US"
SVAUTOSELECTRATE="100"
SVFIRSTNSUBJECTS="100"
/>


<SITE  NAME="(430) BJ Medical College Civil Hospital"    MNEMONIC="430"
ADDRESS="BJ Medical College Civil Hospital Department of Medicine D4 Civil Hospital Campus Asarwa Ahmedabad Gujarat 380 016 India"
COUNTRY="INDIA"
PHONE="9107922680074"
ALTPHONE="91"
FAX="91"
TIMEZONE="(UTC+05:30) Chennai, Kolkata, Mumbai, New Delhi"
SITEDATEFORMAT="DAY_MONTH_YEAR"
STARTDATE="06/23/2017"
STUDYLOCALE="en-US"
SVAUTOSELECTRATE="100"
SVFIRSTNSUBJECTS="100"
/>


<SITE  NAME="(429) IPGMER SSKM Hospital"    MNEMONIC="429"
ADDRESS="244 AJC BOSE ROAD RONALD ROSS BUILDING 4TH FLOOR ROOM NO 9 9A KOLKATA 700020 Kolkata West Bengal 700020 India"
COUNTRY="INDIA"
PHONE="9103322234910"
ALTPHONE="91"
FAX="91"
TIMEZONE="(UTC+05:30) Chennai, Kolkata, Mumbai, New Delhi"
SITEDATEFORMAT="DAY_MONTH_YEAR"
STARTDATE="06/23/2017"
STUDYLOCALE="en-US"
SVAUTOSELECTRATE="100"
SVFIRSTNSUBJECTS="100"
/>


<SITE  NAME="(426) Medilink Hospital"    MNEMONIC="426"
ADDRESS="132 Feet Ring Road Satellite Opposite Someshwar Jain Temple
Ahmedabad Gujarat 380015
India"
COUNTRY="INDIA"
PHONE="91917926762823"
ALTPHONE="91"
FAX="91"
TIMEZONE="(UTC+05:30) Chennai, Kolkata, Mumbai, New Delhi"
SITEDATEFORMAT="DAY_MONTH_YEAR"
STARTDATE="06/23/2017"
STUDYLOCALE="en-US"
SVAUTOSELECTRATE="100"
SVFIRSTNSUBJECTS="100"
/>


<SITE  NAME="(440) Ramdev Rao Hospital"    MNEMONIC="440"
ADDRESS="Kumudini Devi Diabetes Research Center HN1 6 National Highway No 9 Kukatpally Hyderabad 500072"
COUNTRY="INDIA"
PHONE="91919885051110"
ALTPHONE="91"
FAX="91"
TIMEZONE="(UTC+05:30) Chennai, Kolkata, Mumbai, New Delhi"
SITEDATEFORMAT="DAY_MONTH_YEAR"
STARTDATE="06/23/2017"
STUDYLOCALE="en-US"
SVAUTOSELECTRATE="100"
SVFIRSTNSUBJECTS="100"
/>


<SITE  NAME="(431) Osmania General Hospital"    MNEMONIC="431"
ADDRESS="Department of Endocrinology Golden Jubilee Block Afzalganj Hyderabad 500012"
COUNTRY="INDIA"
PHONE="91914024651667"
ALTPHONE="91"
FAX="91"
TIMEZONE="(UTC+05:30) Chennai, Kolkata, Mumbai, New Delhi"
SITEDATEFORMAT="DAY_MONTH_YEAR"
STARTDATE="06/23/2017"
STUDYLOCALE="en-US"
SVAUTOSELECTRATE="100"
SVFIRSTNSUBJECTS="100"
/>


<SITE  NAME="(427) M S Ramaiah Medical College Hospital"    MNEMONIC="427"
ADDRESS="MSRIT Post New BEL Road Bangalore Karnataka 560054 India"
COUNTRY="INDIA"
PHONE="91918023601983"
ALTPHONE="91"
FAX="91"
TIMEZONE="(UTC+05:30) Chennai, Kolkata, Mumbai, New Delhi"
SITEDATEFORMAT="DAY_MONTH_YEAR"
STARTDATE="06/23/2017"
STUDYLOCALE="en-US"
SVAUTOSELECTRATE="100"
SVFIRSTNSUBJECTS="100"
/>


<SITE  NAME="(444) Madras Diabetes Research Foundation"    MNEMONIC="444"
ADDRESS="No4 Conran Smith Road Gopalapuram Chennai Tamil Nadu 600086"
COUNTRY="INDIA"
PHONE="91914443968888"
ALTPHONE="91"
FAX="91"
TIMEZONE="(UTC+05:30) Chennai, Kolkata, Mumbai, New Delhi"
SITEDATEFORMAT="DAY_MONTH_YEAR"
STARTDATE="06/23/2017"
STUDYLOCALE="en-US"
SVAUTOSELECTRATE="100"
SVFIRSTNSUBJECTS="100"
/>


<SITE  NAME="(436) DHL Research Centre"    MNEMONIC="436"
ADDRESS="DHL Research Centre 2nd Floor Thakershy Trust Hospital Opp Vimanagar Satellite Road Ahmedabad Gujarat 380015 India"
COUNTRY="INDIA"
PHONE="91919824030932"
ALTPHONE="91"
FAX="91"
TIMEZONE="(UTC+05:30) Chennai, Kolkata, Mumbai, New Delhi"
SITEDATEFORMAT="DAY_MONTH_YEAR"
STARTDATE="06/23/2017"
STUDYLOCALE="en-US"
SVAUTOSELECTRATE="100"
SVFIRSTNSUBJECTS="100"
/>


<SITE  NAME="(425) Manipal Hospital"    MNEMONIC="425"
ADDRESS="No 98 Rustam Baug HALAirport Road Kodihalli Bangalore Karnataka 560017 India"
COUNTRY="INDIA"
PHONE="91918025024631"
ALTPHONE="91"
FAX="91"
TIMEZONE="(UTC+05:30) Chennai, Kolkata, Mumbai, New Delhi"
SITEDATEFORMAT="DAY_MONTH_YEAR"
STARTDATE="06/23/2017"
STUDYLOCALE="en-US"
SVAUTOSELECTRATE="100"
SVFIRSTNSUBJECTS="100"
/>


<SITE  NAME="(479) Azienda Ospedaliero Universitaria Careggi Nuovi Ambulatori di Diabetologia NIC"    MNEMONIC="479"
ADDRESS="Largo Brambilla 3 Firenze piano 1"
COUNTRY="ITALY"
PHONE="3900390557946514"
ALTPHONE="39"
FAX="39"
TIMEZONE="(UTC+01:00) Belgrade, Bratislava, Budapest, Ljubljana, Prague"
SITEDATEFORMAT="DAY_MONTH_YEAR"
STARTDATE="06/23/2017"
STUDYLOCALE="en-US"
SVAUTOSELECTRATE="100"
SVFIRSTNSUBJECTS="100"
/>


<SITE  NAME="(478) IRCCS MultiMedica  Endocrinologia Diabetologia e Malattie Metaboliche"    MNEMONIC="478"
ADDRESS="Via Milanese 300 20099 Sesto San Giovanni"
COUNTRY="ITALY"
PHONE="3900390224209237"
ALTPHONE="39"
FAX="39"
TIMEZONE="(UTC+01:00) Belgrade, Bratislava, Budapest, Ljubljana, Prague"
SITEDATEFORMAT="DAY_MONTH_YEAR"
STARTDATE="06/23/2017"
STUDYLOCALE="en-US"
SVAUTOSELECTRATE="100"
SVFIRSTNSUBJECTS="100"
/>


<SITE  NAME="(481) Dipartimento BioMedico di Medicina Interna e Specialistica  DIBIMIS"    MNEMONIC="481"
ADDRESS="Via del Vespro 141  90127  Palermo"
COUNTRY="ITALY"
PHONE="3900390916552945"
ALTPHONE="39"
FAX="39"
TIMEZONE="(UTC+01:00) Belgrade, Bratislava, Budapest, Ljubljana, Prague"
SITEDATEFORMAT="DAY_MONTH_YEAR"
STARTDATE="06/23/2017"
STUDYLOCALE="en-US"
SVAUTOSELECTRATE="100"
SVFIRSTNSUBJECTS="100"
/>


<SITE  NAME="(480) Universita Campus bioMedico di Roma Unita Operativa di Endocrinologia e Diabetologia"    MNEMONIC="480"
ADDRESS="Via Alvaro del Portillo 21 00128 ROMA"
COUNTRY="ITALY"
PHONE="39003906225419160"
ALTPHONE="39"
FAX="39"
TIMEZONE="(UTC+01:00) Belgrade, Bratislava, Budapest, Ljubljana, Prague"
SITEDATEFORMAT="DAY_MONTH_YEAR"
STARTDATE="06/23/2017"
STUDYLOCALE="en-US"
SVAUTOSELECTRATE="100"
SVFIRSTNSUBJECTS="100"
/>


<SITE  NAME="(589) Ewha Womans University Medical Center"    MNEMONIC="589"
ADDRESS="Diabetes training room Endocrinology dept 1F 1072 Anyangcheon ro Yangcheon gu Seoul"
COUNTRY="KOREA, REPUBLIC OF"
PHONE="828.24261e+010"
ALTPHONE="82"
FAX="82"
TIMEZONE="(UTC+09:00) Seoul"
SITEDATEFORMAT="DAY_MONTH_YEAR"
STARTDATE="06/23/2017"
STUDYLOCALE="en-US"
SVAUTOSELECTRATE="100"
SVFIRSTNSUBJECTS="100"
/>


<SITE  NAME="(588) Eulji University Hospital"    MNEMONIC="588"
ADDRESS="1306 Dunsan dong Seo gu Daejeon"
COUNTRY="KOREA, REPUBLIC OF"
PHONE="828.222e+010"
ALTPHONE="82"
FAX="82"
TIMEZONE="(UTC+09:00) Seoul"
SITEDATEFORMAT="DAY_MONTH_YEAR"
STARTDATE="06/23/2017"
STUDYLOCALE="en-US"
SVAUTOSELECTRATE="100"
SVFIRSTNSUBJECTS="100"
/>


<SITE  NAME="(587) Kangbuk Samsung Hospital"    MNEMONIC="587"
ADDRESS="B2F Room B201 Research Annex bldg Kangbuk Samsung Hospital 108 1 PyungDong JongroGu Seoul"
COUNTRY="KOREA, REPUBLIC OF"
PHONE="828.2287e+009"
ALTPHONE="82"
FAX="82"
TIMEZONE="(UTC+09:00) Seoul"
SITEDATEFORMAT="DAY_MONTH_YEAR"
STARTDATE="06/23/2017"
STUDYLOCALE="en-US"
SVAUTOSELECTRATE="100"
SVFIRSTNSUBJECTS="100"
/>


<SITE  NAME="(582) Korea University Ansan Hospital"    MNEMONIC="582"
ADDRESS="Dept of Endocrinology and Metabolism 1F Korea University Ansan Hospital 123 Jeokgeumro Danwongu AnsanSi Gyeonggi Do"
COUNTRY="KOREA, REPUBLIC OF"
PHONE="8282512407928"
ALTPHONE="82"
FAX="82"
TIMEZONE="(UTC+09:00) Seoul"
SITEDATEFORMAT="DAY_MONTH_YEAR"
STARTDATE="06/23/2017"
STUDYLOCALE="en-US"
SVAUTOSELECTRATE="100"
SVFIRSTNSUBJECTS="100"
/>


<SITE  NAME="(576) Korea University Anam Medical Center"    MNEMONIC="576"
ADDRESS="Korea University Anam Hospital 73 Inchonro Seongbukgu Seoul"
COUNTRY="KOREA, REPUBLIC OF"
PHONE="8282226261084"
ALTPHONE="82"
FAX="82"
TIMEZONE="(UTC+09:00) Seoul"
SITEDATEFORMAT="DAY_MONTH_YEAR"
STARTDATE="06/23/2017"
STUDYLOCALE="en-US"
SVAUTOSELECTRATE="100"
SVFIRSTNSUBJECTS="100"
/>


<SITE  NAME="(800) Chang-Gung Memorial Hospital_Taipei Branch"    MNEMONIC="800"
ADDRESS="No 199 Dunhua North Rd Songshan District Taipei"
COUNTRY="KOREA, REPUBLIC OF"
PHONE="8282226506158"
ALTPHONE="82"
FAX="82"
TIMEZONE="(UTC+09:00) Seoul"
SITEDATEFORMAT="DAY_MONTH_YEAR"
STARTDATE="06/23/2017"
STUDYLOCALE="en-US"
SVAUTOSELECTRATE="100"
SVFIRSTNSUBJECTS="100"
/>


<SITE  NAME="(586) Seoul National University Boramae Medical Center"    MNEMONIC="586"
ADDRESS="20 Boramae ro 5Gil Dongjakgu Seoul"
COUNTRY="KOREA, REPUBLIC OF"
PHONE="8282234103431"
ALTPHONE="82"
FAX="82"
TIMEZONE="(UTC+09:00) Seoul"
SITEDATEFORMAT="DAY_MONTH_YEAR"
STARTDATE="06/23/2017"
STUDYLOCALE="en-US"
SVAUTOSELECTRATE="100"
SVFIRSTNSUBJECTS="100"
/>


<SITE  NAME="(585) Samsung Medical Center"    MNEMONIC="585"
ADDRESS="50 Irwondong Gangnamgu Seoul"
COUNTRY="KOREA, REPUBLIC OF"
PHONE="828.23326e+010"
ALTPHONE="82"
FAX="82"
TIMEZONE="(UTC+09:00) Seoul"
SITEDATEFORMAT="DAY_MONTH_YEAR"
STARTDATE="06/23/2017"
STUDYLOCALE="en-US"
SVAUTOSELECTRATE="100"
SVFIRSTNSUBJECTS="100"
/>


<SITE  NAME="(584) Kangwon National University Hospital"    MNEMONIC="584"
ADDRESS="156 Baengnyeongro Chuncheon Gangwon Do"
COUNTRY="KOREA, REPUBLIC OF"
PHONE="828.25325e+010"
ALTPHONE="82"
FAX="82"
TIMEZONE="(UTC+09:00) Seoul"
SITEDATEFORMAT="DAY_MONTH_YEAR"
STARTDATE="06/23/2017"
STUDYLOCALE="en-US"
SVAUTOSELECTRATE="100"
SVFIRSTNSUBJECTS="100"
/>


<SITE  NAME="(583) Keimyung University Dongsan Medical Center"    MNEMONIC="583"
ADDRESS="Department of Endocrinology and Metabolism 4F Keimyung University Dongsan Medical Center 56 Dalseongro Junggu Daegu"
COUNTRY="KOREA, REPUBLIC OF"
PHONE="8282314125952"
ALTPHONE="82"
FAX="82"
TIMEZONE="(UTC+09:00) Seoul"
SITEDATEFORMAT="DAY_MONTH_YEAR"
STARTDATE="06/23/2017"
STUDYLOCALE="en-US"
SVAUTOSELECTRATE="100"
SVFIRSTNSUBJECTS="100"
/>


<SITE  NAME="(581) Pusan National University Hospital"    MNEMONIC="581"
ADDRESS="4F Department of Endocrinology Pusan National University Hospital 179 Gudeokro Seogu Busan"
COUNTRY="KOREA, REPUBLIC OF"
PHONE="823.37411e+008"
ALTPHONE="82"
FAX="82"
TIMEZONE="(UTC+09:00) Seoul"
SITEDATEFORMAT="DAY_MONTH_YEAR"
STARTDATE="06/23/2017"
STUDYLOCALE="en-US"
SVAUTOSELECTRATE="100"
SVFIRSTNSUBJECTS="100"
/>


<SITE  NAME="(580) Wonju Severance Christian Hospital"    MNEMONIC="580"
ADDRESS="20 Ilsanro WonjuSi Gangwon Do"
COUNTRY="KOREA, REPUBLIC OF"
PHONE="828.22441e+009"
ALTPHONE="82"
FAX="82"
TIMEZONE="(UTC+09:00) Seoul"
SITEDATEFORMAT="DAY_MONTH_YEAR"
STARTDATE="06/23/2017"
STUDYLOCALE="en-US"
SVAUTOSELECTRATE="100"
SVFIRSTNSUBJECTS="100"
/>


<SITE  NAME="(579) Kyunghee University Hospital at Gangdong"    MNEMONIC="579"
ADDRESS="Department of Endocrinology and metabolism 1F Kyunghee University Hospital at Gangdong 892 Dongnamro Gangdonggu Seoul"
COUNTRY="KOREA, REPUBLIC OF"
PHONE="8282222586007"
ALTPHONE="82"
FAX="82"
TIMEZONE="(UTC+09:00) Seoul"
SITEDATEFORMAT="DAY_MONTH_YEAR"
STARTDATE="06/23/2017"
STUDYLOCALE="en-US"
SVAUTOSELECTRATE="100"
SVFIRSTNSUBJECTS="100"
/>


<SITE  NAME="(578) The Catholic University of Korea Seoul St Marys Hospital"    MNEMONIC="578"
ADDRESS="222 Banpodaero Seochogu Seoul Gyeonggi Do"
COUNTRY="KOREA, REPUBLIC OF"
PHONE="820323407624"
ALTPHONE="82"
FAX="82"
TIMEZONE="(UTC+09:00) Seoul"
SITEDATEFORMAT="DAY_MONTH_YEAR"
STARTDATE="06/23/2017"
STUDYLOCALE="en-US"
SVAUTOSELECTRATE="100"
SVFIRSTNSUBJECTS="100"
/>


<SITE  NAME="(577) The Catholic University of Korea Bucheon St Marys Hospital"    MNEMONIC="577"
ADDRESS="Clinical Management Support B1F Main building The Catholic University of Korea Bucheon St Marys Hospital 327 Sosaro Wonmigu Bucheon Gyeonggi Do"
COUNTRY="KOREA, REPUBLIC OF"
PHONE="828.22921e+009"
ALTPHONE="82"
FAX="82"
TIMEZONE="(UTC+09:00) Seoul"
SITEDATEFORMAT="DAY_MONTH_YEAR"
STARTDATE="06/23/2017"
STUDYLOCALE="en-US"
SVAUTOSELECTRATE="100"
SVFIRSTNSUBJECTS="100"
/>


<SITE  NAME="(603) Centro de Investigacion Medica de Occidente SC"    MNEMONIC="603"
ADDRESS="Av Empresarios 150 Torre Élite Piso 16 Consultorio 1602 Zapopan Jalisco CP Guadalajara Jalisco 45116"
COUNTRY="MEXICO"
PHONE="525.23312e+011"
ALTPHONE="52"
FAX="52"
TIMEZONE="(UTC-06:00) Guadalajara, Mexico City, Monterrey"
SITEDATEFORMAT="DAY_MONTH_YEAR"
STARTDATE="06/23/2017"
STUDYLOCALE="en-US"
SVAUTOSELECTRATE="100"
SVFIRSTNSUBJECTS="100"
/>


<SITE  NAME="(601) Hospital Universitario Jose Eleuterio Gonzalez Servicio de Endocrinologia Gerardo Gonzalez"    MNEMONIC="601"
ADDRESS="Av Francisco I Madero Pte sn y Av Gonzalitos Col Mitras Centro Monterrey Nuevo Leon 64460"
COUNTRY="MEXICO"
PHONE="525.28183e+011"
ALTPHONE="52"
FAX="52"
TIMEZONE="(UTC-06:00) Guadalajara, Mexico City, Monterrey"
SITEDATEFORMAT="DAY_MONTH_YEAR"
STARTDATE="06/23/2017"
STUDYLOCALE="en-US"
SVAUTOSELECTRATE="100"
SVFIRSTNSUBJECTS="100"
/>


<SITE  NAME="(602) Investigacion Biomedica para el Desarrollo de Farmacos SA de CV iBiomed"    MNEMONIC="602"
ADDRESS="Av Sebastian Bach 5257 Col La Estancia Zapopan Jalisco 45030"
COUNTRY="MEXICO"
PHONE="525.23315e+011"
ALTPHONE="52"
FAX="52"
TIMEZONE="(UTC-06:00) Guadalajara, Mexico City, Monterrey"
SITEDATEFORMAT="DAY_MONTH_YEAR"
STARTDATE="06/23/2017"
STUDYLOCALE="en-US"
SVAUTOSELECTRATE="100"
SVFIRSTNSUBJECTS="100"
/>


<SITE  NAME="(600) Unidad de Patologia Clinica"    MNEMONIC="600"
ADDRESS="Av Mexico 2341 Col Ladron de Guevara Guadalajara Jalisco 44650"
COUNTRY="MEXICO"
PHONE="52523336165410"
ALTPHONE="52"
FAX="52"
TIMEZONE="(UTC-06:00) Guadalajara, Mexico City, Monterrey"
SITEDATEFORMAT="DAY_MONTH_YEAR"
STARTDATE="06/23/2017"
STUDYLOCALE="en-US"
SVAUTOSELECTRATE="100"
SVFIRSTNSUBJECTS="100"
/>


<SITE  NAME="(752) Nuevas Tecnologias en Diabetes y Endocrinologia"    MNEMONIC="752"
ADDRESS="calle Alejo Fernandez 9 local 4 Sevilla Sevilla Spain 41003"
COUNTRY="SPAIN"
PHONE="3434954709183"
ALTPHONE="34"
FAX="34"
TIMEZONE="(UTC+01:00) Sarajevo, Skopje, Warsaw, Zagreb"
SITEDATEFORMAT="DAY_MONTH_YEAR"
STARTDATE="06/23/2017"
STUDYLOCALE="en-US"
SVAUTOSELECTRATE="100"
SVFIRSTNSUBJECTS="100"
/>


<SITE  NAME="(757) Hospital Universitari Arnau de Vilanova Endo"    MNEMONIC="757"
ADDRESS="Servicio Endocrinologia 5a planta Av Alcalde Rovira Roure 80 Lleida Lerida Spain 25198"
COUNTRY="SPAIN"
PHONE="3434973705183"
ALTPHONE="34"
FAX="34"
TIMEZONE="(UTC+01:00) Sarajevo, Skopje, Warsaw, Zagreb"
SITEDATEFORMAT="DAY_MONTH_YEAR"
STARTDATE="06/23/2017"
STUDYLOCALE="en-US"
SVAUTOSELECTRATE="100"
SVFIRSTNSUBJECTS="100"
/>


<SITE  NAME="(755) Centro de Especialidades San Jose Obrero"    MNEMONIC="755"
ADDRESS="Centro de Especialidades San Jose Obrero Avda Juan XXIII UNIDAD DE INVESTIGACION Endocrinologia Malaga Spain 29006"
COUNTRY="SPAIN"
PHONE="3434951034034"
ALTPHONE="34"
FAX="34"
TIMEZONE="(UTC+01:00) Sarajevo, Skopje, Warsaw, Zagreb"
SITEDATEFORMAT="DAY_MONTH_YEAR"
STARTDATE="06/23/2017"
STUDYLOCALE="en-US"
SVAUTOSELECTRATE="100"
SVFIRSTNSUBJECTS="100"
/>


<SITE  NAME="(754) Hospital Infanta Luisa Endo"    MNEMONIC="754"
ADDRESS="Unidad de investigacion Diabetes junto a Servico de Farmacia C San Jacinto 87 Sevilla Sevilla Spain 41010"
COUNTRY="SPAIN"
PHONE="3434954001856"
ALTPHONE="34"
FAX="34"
TIMEZONE="(UTC+01:00) Sarajevo, Skopje, Warsaw, Zagreb"
SITEDATEFORMAT="DAY_MONTH_YEAR"
STARTDATE="06/23/2017"
STUDYLOCALE="en-US"
SVAUTOSELECTRATE="100"
SVFIRSTNSUBJECTS="100"
/>


<SITE  NAME="(808) Chi-Mei Medical Center - Yung Kang"    MNEMONIC="808"
ADDRESS="No 901 Chung Hwa Rd YungKung Tainan"
COUNTRY="TAIWAN"
PHONE="8868.86222e+011"
ALTPHONE="886"
FAX="886"
TIMEZONE="(UTC+08:00) Beijing, Chongqing, Hong Kong, Urumqi"
SITEDATEFORMAT="DAY_MONTH_YEAR"
STARTDATE="06/23/2017"
STUDYLOCALE="en-US"
SVAUTOSELECTRATE="100"
SVFIRSTNSUBJECTS="100"
/>


<SITE  NAME="(805) Cardinal Tien Hospital"    MNEMONIC="805"
ADDRESS="No362 Jhongjheng Rd Sindian City New Taipei"
COUNTRY="TAIWAN"
PHONE="8868.86425e+011"
ALTPHONE="886"
FAX="886"
TIMEZONE="(UTC+08:00) Beijing, Chongqing, Hong Kong, Urumqi"
SITEDATEFORMAT="DAY_MONTH_YEAR"
STARTDATE="06/23/2017"
STUDYLOCALE="en-US"
SVAUTOSELECTRATE="100"
SVFIRSTNSUBJECTS="100"
/>


<SITE  NAME="(802) Chung Shan Medical University Hospital"    MNEMONIC="802"
ADDRESS="No 110 Sec 1 ChienKo N Rd South District Taichung"
COUNTRY="TAIWAN"
PHONE="8868.86227e+011"
ALTPHONE="886"
FAX="886"
TIMEZONE="(UTC+08:00) Beijing, Chongqing, Hong Kong, Urumqi"
SITEDATEFORMAT="DAY_MONTH_YEAR"
STARTDATE="06/23/2017"
STUDYLOCALE="en-US"
SVAUTOSELECTRATE="100"
SVFIRSTNSUBJECTS="100"
/>


<SITE  NAME="(801) Taipei Medical University Hospital"    MNEMONIC="801"
ADDRESS="No 252 WuHsing Street Taipei"
COUNTRY="TAIWAN"
PHONE="8868.86975e+011"
ALTPHONE="886"
FAX="886"
TIMEZONE="(UTC+08:00) Beijing, Chongqing, Hong Kong, Urumqi"
SITEDATEFORMAT="DAY_MONTH_YEAR"
STARTDATE="06/23/2017"
STUDYLOCALE="en-US"
SVAUTOSELECTRATE="100"
SVFIRSTNSUBJECTS="100"
/>


<SITE  NAME="(115) East-West Medical Research"    MNEMONIC="115"
ADDRESS="1585 Kapiolani Boulevard Suite 1500 Honolulu Hawaii 96814"
COUNTRY="UNITED STATES"
PHONE="18.08532e+009"
ALTPHONE="1"
FAX="1"
TIMEZONE="(UTC-10:00) Hawaii"
SITEDATEFORMAT="DAY_MONTH_YEAR"
STARTDATE="06/23/2017"
STUDYLOCALE="en-US"
SVAUTOSELECTRATE="100"
SVFIRSTNSUBJECTS="100"
/>


<SITE  NAME="(164) Care Access Research - Santa Clarita"    MNEMONIC="164"
ADDRESS="23928 Lyons Avenue Suite 102 Santa Clarita California 91321"
COUNTRY="UNITED STATES"
PHONE="16.61286e+009"
ALTPHONE="1"
FAX="1"
TIMEZONE="(UTC-08:00) Pacific Time (US &#38; Canada)"
SITEDATEFORMAT="DAY_MONTH_YEAR"
STARTDATE="06/23/2017"
STUDYLOCALE="en-US"
SVAUTOSELECTRATE="100"
SVFIRSTNSUBJECTS="100"
/>


<SITE  NAME="(149) University Clinical Investigators Inc"    MNEMONIC="149"
ADDRESS="Diabetes Research Center 2492 Walnut Avenue Suite 130 Tustin California 92780"
COUNTRY="UNITED STATES"
PHONE="17.14761e+009"
ALTPHONE="1"
FAX="1"
TIMEZONE="(UTC-08:00) Pacific Time (US &#38; Canada)"
SITEDATEFORMAT="DAY_MONTH_YEAR"
STARTDATE="06/23/2017"
STUDYLOCALE="en-US"
SVAUTOSELECTRATE="100"
SVFIRSTNSUBJECTS="100"
/>


<SITE  NAME="(148) Larry D Stonesifer MD Inc PS"    MNEMONIC="148"
ADDRESS="34509 9th Avenue South Suite 200 Federal Way Washington 98003"
COUNTRY="UNITED STATES"
PHONE="12.53927e+009"
ALTPHONE="1"
FAX="1"
TIMEZONE="(UTC-08:00) Pacific Time (US &#38; Canada)"
SITEDATEFORMAT="DAY_MONTH_YEAR"
STARTDATE="06/23/2017"
STUDYLOCALE="en-US"
SVAUTOSELECTRATE="100"
SVFIRSTNSUBJECTS="100"
/>


<SITE  NAME="(146) First Valley Medical Group"    MNEMONIC="146"
ADDRESS="44725 N 10th Street West Suite 210 Lancaster California 93534"
COUNTRY="UNITED STATES"
PHONE="16.46643e+009"
ALTPHONE="1"
FAX="1"
TIMEZONE="(UTC-08:00) Pacific Time (US &#38; Canada)"
SITEDATEFORMAT="DAY_MONTH_YEAR"
STARTDATE="06/23/2017"
STUDYLOCALE="en-US"
SVAUTOSELECTRATE="100"
SVFIRSTNSUBJECTS="100"
/>


<SITE  NAME="(139) Palm Research Center Inc Sunset"    MNEMONIC="139"
ADDRESS="9280 West Sunset Road Suite 306 Las Vegas Nevada 89148"
COUNTRY="UNITED STATES"
PHONE="17.02737e+009"
ALTPHONE="1"
FAX="1"
TIMEZONE="(UTC-08:00) Pacific Time (US &#38; Canada)"
SITEDATEFORMAT="DAY_MONTH_YEAR"
STARTDATE="06/23/2017"
STUDYLOCALE="en-US"
SVAUTOSELECTRATE="100"
SVFIRSTNSUBJECTS="100"
/>


<SITE  NAME="(133) Palm Research Center Inc Tenaya"    MNEMONIC="133"
ADDRESS="3150 North Tenaya Way Suite 415 Las Vegas Nevada 89128"
COUNTRY="UNITED STATES"
PHONE="17.02826e+009"
ALTPHONE="1"
FAX="1"
TIMEZONE="(UTC-08:00) Pacific Time (US &#38; Canada)"
SITEDATEFORMAT="DAY_MONTH_YEAR"
STARTDATE="06/23/2017"
STUDYLOCALE="en-US"
SVAUTOSELECTRATE="100"
SVFIRSTNSUBJECTS="100"
/>


<SITE  NAME="(116) National Research Institute - Wilshire"    MNEMONIC="116"
ADDRESS="2010 Wilshire Boulevard Suite 302 Los Angeles California 90057"
COUNTRY="UNITED STATES"
PHONE="12.13413e+009"
ALTPHONE="1"
FAX="1"
TIMEZONE="(UTC-08:00) Pacific Time (US &#38; Canada)"
SITEDATEFORMAT="DAY_MONTH_YEAR"
STARTDATE="06/23/2017"
STUDYLOCALE="en-US"
SVAUTOSELECTRATE="100"
SVFIRSTNSUBJECTS="100"
/>


<SITE  NAME="(114) Diabetes and Endocrine Associates"    MNEMONIC="114"
ADDRESS="8851 Center Drive Suite 212 La Mesa California 91942"
COUNTRY="UNITED STATES"
PHONE="16.19466e+009"
ALTPHONE="1"
FAX="1"
TIMEZONE="(UTC-08:00) Pacific Time (US &#38; Canada)"
SITEDATEFORMAT="DAY_MONTH_YEAR"
STARTDATE="06/23/2017"
STUDYLOCALE="en-US"
SVAUTOSELECTRATE="100"
SVFIRSTNSUBJECTS="100"
/>


<SITE  NAME="(103) Encompass Clinical Research"    MNEMONIC="103"
ADDRESS="10225 Austin Drive Suite 203 Spring Valley California 91978"
COUNTRY="UNITED STATES"
PHONE="16.19661e+009"
ALTPHONE="1"
FAX="1"
TIMEZONE="(UTC-08:00) Pacific Time (US &#38; Canada)"
SITEDATEFORMAT="DAY_MONTH_YEAR"
STARTDATE="06/23/2017"
STUDYLOCALE="en-US"
SVAUTOSELECTRATE="100"
SVFIRSTNSUBJECTS="100"
/>


<SITE  NAME="(134) Valley Research"    MNEMONIC="134"
ADDRESS="550 East Herndon Ave Suite 101 Fresno California 93720"
COUNTRY="UNITED STATES"
PHONE="15.59261e+009"
ALTPHONE="1"
FAX="1"
TIMEZONE="(UTC-08:00) Pacific Time (US &#38; Canada)"
SITEDATEFORMAT="DAY_MONTH_YEAR"
STARTDATE="06/23/2017"
STUDYLOCALE="en-US"
SVAUTOSELECTRATE="100"
SVFIRSTNSUBJECTS="100"
/>


<SITE  NAME="(124) Rainier Clinical Research Center Inc"    MNEMONIC="124"
ADDRESS="723 Southwest 10th Street Suite 100 Renton Washington 98057"
COUNTRY="UNITED STATES"
PHONE="14.25251e+009"
ALTPHONE="1"
FAX="1"
TIMEZONE="(UTC-08:00) Pacific Time (US &#38; Canada)"
SITEDATEFORMAT="DAY_MONTH_YEAR"
STARTDATE="06/23/2017"
STUDYLOCALE="en-US"
SVAUTOSELECTRATE="100"
SVFIRSTNSUBJECTS="100"
/>


<SITE  NAME="(154) Progressive Clinical Research"    MNEMONIC="154"
ADDRESS="425 South Medical Drive Suite 117 Bountiful Utah 84010"
COUNTRY="UNITED STATES"
PHONE="18.01299e+009"
ALTPHONE="1"
FAX="1"
TIMEZONE="(UTC-07:00) Mountain Time (US &#38; Canada)"
SITEDATEFORMAT="DAY_MONTH_YEAR"
STARTDATE="06/23/2017"
STUDYLOCALE="en-US"
SVAUTOSELECTRATE="100"
SVFIRSTNSUBJECTS="100"
/>


<SITE  NAME="(147) Elite Clinical Trials LLLP"    MNEMONIC="147"
ADDRESS="1443 Parkway Drive Suite T8 Blackfoot Idaho 83221"
COUNTRY="UNITED STATES"
PHONE="12.08643e+009"
ALTPHONE="1"
FAX="1"
TIMEZONE="(UTC-07:00) Mountain Time (US &#38; Canada)"
SITEDATEFORMAT="DAY_MONTH_YEAR"
STARTDATE="06/23/2017"
STUDYLOCALE="en-US"
SVAUTOSELECTRATE="100"
SVFIRSTNSUBJECTS="100"
/>


<SITE  NAME="(129) Northwest Clinical Trials"    MNEMONIC="129"
ADDRESS="888 N Cole Road Boise Idaho 83704"
COUNTRY="UNITED STATES"
PHONE="12.08685e+009"
ALTPHONE="1"
FAX="1"
TIMEZONE="(UTC-07:00) Mountain Time (US &#38; Canada)"
SITEDATEFORMAT="DAY_MONTH_YEAR"
STARTDATE="06/23/2017"
STUDYLOCALE="en-US"
SVAUTOSELECTRATE="100"
SVFIRSTNSUBJECTS="100"
/>


<SITE  NAME="(150) Rocky Mountain Diabetes and Osteoporosis Center"    MNEMONIC="150"
ADDRESS="3910 Washington Parkway Idaho Falls Idaho 83404-7596"
COUNTRY="UNITED STATES"
PHONE="12.08543e+009"
ALTPHONE="1"
FAX="1"
TIMEZONE="(UTC-07:00) Mountain Time (US &#38; Canada)"
SITEDATEFORMAT="DAY_MONTH_YEAR"
STARTDATE="06/23/2017"
STUDYLOCALE="en-US"
SVAUTOSELECTRATE="100"
SVFIRSTNSUBJECTS="100"
/>


<SITE  NAME="(160) Manhattan Medical Research Practice PLLC"    MNEMONIC="160"
ADDRESS="215 Lexington Ave 21st Floor New York New York 10016"
COUNTRY="UNITED STATES"
PHONE="12.1248e+009"
ALTPHONE="1"
FAX="1"
TIMEZONE="(UTC-06:00) Central Time (US &#38; Canada)"
SITEDATEFORMAT="DAY_MONTH_YEAR"
STARTDATE="06/23/2017"
STUDYLOCALE="en-US"
SVAUTOSELECTRATE="100"
SVFIRSTNSUBJECTS="100"
/>


<SITE  NAME="(159) Cotton ONeil Clinical Research Center 6th Ave"    MNEMONIC="159"
ADDRESS="3520 Southwest Sixth Avenue Topeka Kansas 66606"
COUNTRY="UNITED STATES"
PHONE="17.85368e+009"
ALTPHONE="1"
FAX="1"
TIMEZONE="(UTC-06:00) Central Time (US &#38; Canada)"
SITEDATEFORMAT="DAY_MONTH_YEAR"
STARTDATE="06/23/2017"
STUDYLOCALE="en-US"
SVAUTOSELECTRATE="100"
SVFIRSTNSUBJECTS="100"
/>


<SITE  NAME="(144) East Coast Institute for Research LLC"    MNEMONIC="144"
ADDRESS="3550 University Blvd Jacksonville Florida 32216"
COUNTRY="UNITED STATES"
PHONE="19.04244e+009"
ALTPHONE="1"
FAX="1"
TIMEZONE="(UTC-06:00) Central Time (US &#38; Canada)"
SITEDATEFORMAT="DAY_MONTH_YEAR"
STARTDATE="06/23/2017"
STUDYLOCALE="en-US"
SVAUTOSELECTRATE="100"
SVFIRSTNSUBJECTS="100"
/>


<SITE  NAME="(141) Suncoast Clinical Research- New Port Richey"    MNEMONIC="141"
ADDRESS="5604 Gulf Drive New Port Richey Florida 34652"
COUNTRY="UNITED STATES"
PHONE="17.27849e+009"
ALTPHONE="1"
FAX="1"
TIMEZONE="(UTC-06:00) Central Time (US &#38; Canada)"
SITEDATEFORMAT="DAY_MONTH_YEAR"
STARTDATE="06/23/2017"
STUDYLOCALE="en-US"
SVAUTOSELECTRATE="100"
SVFIRSTNSUBJECTS="100"
/>


<SITE  NAME="(111) Texas Diabetes Endocrinology Austin South"    MNEMONIC="111"
ADDRESS="5000 Davis Lane Suite 200 Austin Texas 78749"
COUNTRY="UNITED STATES"
PHONE="15.12459e+009"
ALTPHONE="1"
FAX="1"
TIMEZONE="(UTC-06:00) Central Time (US &#38; Canada)"
SITEDATEFORMAT="DAY_MONTH_YEAR"
STARTDATE="06/23/2017"
STUDYLOCALE="en-US"
SVAUTOSELECTRATE="100"
SVFIRSTNSUBJECTS="100"
/>


<SITE  NAME="(107) Texas Diabetes Endocrinology Austin"    MNEMONIC="107"
ADDRESS="6500 N MoPac Bldg 3 Suite 200 Austin Texas 78731"
COUNTRY="UNITED STATES"
PHONE="15.12334e+009"
ALTPHONE="1"
FAX="1"
TIMEZONE="(UTC-06:00) Central Time (US &#38; Canada)"
SITEDATEFORMAT="DAY_MONTH_YEAR"
STARTDATE="06/23/2017"
STUDYLOCALE="en-US"
SVAUTOSELECTRATE="100"
SVFIRSTNSUBJECTS="100"
/>


<SITE  NAME="(101) Dallas Diabetes Endocrine Research Center PA"    MNEMONIC="101"
ADDRESS="7777 Forest Lane Suite C-685 Dallas Texas 75230"
COUNTRY="UNITED STATES"
PHONE="19.72567e+009"
ALTPHONE="1"
FAX="1"
TIMEZONE="(UTC-06:00) Central Time (US &#38; Canada)"
SITEDATEFORMAT="DAY_MONTH_YEAR"
STARTDATE="06/23/2017"
STUDYLOCALE="en-US"
SVAUTOSELECTRATE="100"
SVFIRSTNSUBJECTS="100"
/>


<SITE  NAME="(158) Consano Clinical Research"    MNEMONIC="158"
ADDRESS="4118 Pond Hill RD Building 3 Shavano Park Texas 78231"
COUNTRY="UNITED STATES"
PHONE="12.10545e+009"
ALTPHONE="1"
FAX="1"
TIMEZONE="(UTC-06:00) Central Time (US &#38; Canada)"
SITEDATEFORMAT="DAY_MONTH_YEAR"
STARTDATE="06/23/2017"
STUDYLOCALE="en-US"
SVAUTOSELECTRATE="100"
SVFIRSTNSUBJECTS="100"
/>


<SITE  NAME="(143) KU Clinical Research Center"    MNEMONIC="143"
ADDRESS="University of Kansas Medical Center 3901 Rainbow Blvd Kansas City Kansas 66160"
COUNTRY="UNITED STATES"
PHONE="19.13588e+009"
ALTPHONE="1"
FAX="1"
TIMEZONE="(UTC-06:00) Central Time (US &#38; Canada)"
SITEDATEFORMAT="DAY_MONTH_YEAR"
STARTDATE="06/23/2017"
STUDYLOCALE="en-US"
SVAUTOSELECTRATE="100"
SVFIRSTNSUBJECTS="100"
/>


<SITE  NAME="(132) Prairie Education and Research Cooperative"    MNEMONIC="132"
ADDRESS="1118 Legacy Pointe Dr Springfield Illinois 62711"
COUNTRY="UNITED STATES"
PHONE="12.17788e+009"
ALTPHONE="1"
FAX="1"
TIMEZONE="(UTC-06:00) Central Time (US &#38; Canada)"
SITEDATEFORMAT="DAY_MONTH_YEAR"
STARTDATE="06/23/2017"
STUDYLOCALE="en-US"
SVAUTOSELECTRATE="100"
SVFIRSTNSUBJECTS="100"
/>


<SITE  NAME="(100) Iowa Diabetes Endocrinology Research Center"    MNEMONIC="100"
ADDRESS="411 Laurel Street Suite 3262 Des Moines Iowa 50314"
COUNTRY="UNITED STATES"
PHONE="15.15644e+009"
ALTPHONE="1"
FAX="1"
TIMEZONE="(UTC-06:00) Central Time (US &#38; Canada)"
SITEDATEFORMAT="DAY_MONTH_YEAR"
STARTDATE="06/23/2017"
STUDYLOCALE="en-US"
SVAUTOSELECTRATE="100"
SVFIRSTNSUBJECTS="100"
/>


<SITE  NAME="(135) Heritage Valley Medical Group Inc"    MNEMONIC="135"
ADDRESS="500 Sharon Road Beaver Pennsylvania 15009"
COUNTRY="UNITED STATES"
PHONE="17.24775e+009"
ALTPHONE="1"
FAX="1"
TIMEZONE="(UTC-05:00) Eastern Time (US &#38; Canada)"
SITEDATEFORMAT="DAY_MONTH_YEAR"
STARTDATE="06/23/2017"
STUDYLOCALE="en-US"
SVAUTOSELECTRATE="100"
SVFIRSTNSUBJECTS="100"
/>


<SITE  NAME="(125) The Center for Diabetes and Endocrine Care"    MNEMONIC="125"
ADDRESS="3107 Stirling Road Suite 300 Ft Lauderdale Florida 33312"
COUNTRY="UNITED STATES"
PHONE="19.54964e+009"
ALTPHONE="1"
FAX="1"
TIMEZONE="(UTC-05:00) Eastern Time (US &#38; Canada)"
SITEDATEFORMAT="DAY_MONTH_YEAR"
STARTDATE="06/23/2017"
STUDYLOCALE="en-US"
SVAUTOSELECTRATE="100"
SVFIRSTNSUBJECTS="100"
/>


<SITE  NAME="(102) Aventiv Research"    MNEMONIC="102"
ADDRESS="99 N Brice Road Suite 260 Columbus Ohio 43213"
COUNTRY="UNITED STATES"
PHONE="16.14502e+009"
ALTPHONE="1"
FAX="1"
TIMEZONE="(UTC-05:00) Eastern Time (US &#38; Canada)"
SITEDATEFORMAT="DAY_MONTH_YEAR"
STARTDATE="06/23/2017"
STUDYLOCALE="en-US"
SVAUTOSELECTRATE="100"
SVFIRSTNSUBJECTS="100"
/>


<SITE  NAME="(126) All Medical Research LLC"    MNEMONIC="126"
ADDRESS="9700 Stirling Road Bldg Suite 103 Cooper City Florida 33024"
COUNTRY="UNITED STATES"
PHONE="17.54263e+009"
ALTPHONE="1"
FAX="1"
TIMEZONE="(UTC-05:00) Eastern Time (US &#38; Canada)"
SITEDATEFORMAT="DAY_MONTH_YEAR"
STARTDATE="06/23/2017"
STUDYLOCALE="en-US"
SVAUTOSELECTRATE="100"
SVFIRSTNSUBJECTS="100"
/>


<SITE  NAME="(117) Grand Street Medical PLLC"    MNEMONIC="117"
ADDRESS="666 Grand Street Brooklyn New York 11211"
COUNTRY="UNITED STATES"
PHONE="17.18963e+009"
ALTPHONE="1"
FAX="1"
TIMEZONE="(UTC-05:00) Eastern Time (US &#38; Canada)"
SITEDATEFORMAT="DAY_MONTH_YEAR"
STARTDATE="06/23/2017"
STUDYLOCALE="en-US"
SVAUTOSELECTRATE="100"
SVFIRSTNSUBJECTS="100"
/>


<SITE  NAME="(109) Partners in Nephrology and Endocrinology"    MNEMONIC="109"
ADDRESS="5171 LIBERTY AVENUE PITTSBURGH Pennsylvania 15224"
COUNTRY="UNITED STATES"
PHONE="14.12683e+009"
ALTPHONE="1"
FAX="1"
TIMEZONE="(UTC-05:00) Eastern Time (US &#38; Canada)"
SITEDATEFORMAT="DAY_MONTH_YEAR"
STARTDATE="06/23/2017"
STUDYLOCALE="en-US"
SVAUTOSELECTRATE="100"
SVFIRSTNSUBJECTS="100"
/>


<SITE  NAME="(151) Research Cardiovascular Corp Dr Jose B Vazquez Tanus"    MNEMONIC="151"
ADDRESS="2225 Para Medical Institute Ponce by Pass Suite 707 Ponce Puerto Rico 00731"
COUNTRY="UNITED STATES"
PHONE="17.87291e+009"
ALTPHONE="1"
FAX="1"
TIMEZONE="(UTC-04:00) Atlantic Time (Canada)"
SITEDATEFORMAT="DAY_MONTH_YEAR"
STARTDATE="06/23/2017"
STUDYLOCALE="en-US"
SVAUTOSELECTRATE="100"
SVFIRSTNSUBJECTS="100"
/>


<SITE  NAME="(137) Centro de Endocrinologia y Nutricion"    MNEMONIC="137"
ADDRESS="Consolidated Mall C28 Gautier Benitez Avenue Caguas Puerto Rico 00725"
COUNTRY="UNITED STATES"
PHONE="17.87747e+009"
ALTPHONE="1"
FAX="1"
TIMEZONE="(UTC-04:00) Atlantic Time (Canada)"
SITEDATEFORMAT="DAY_MONTH_YEAR"
STARTDATE="06/23/2017"
STUDYLOCALE="en-US"
SVAUTOSELECTRATE="100"
SVFIRSTNSUBJECTS="100"
/>


<SITE  NAME="(136) Manati Center for Clinical Research"    MNEMONIC="136"
ADDRESS="calle Marginal carretera  2 Km 477 Anexo Doctors Center Hospital Manati Puerto Rico 00674"
COUNTRY="UNITED STATES"
PHONE="17.87854e+009"
ALTPHONE="1"
FAX="1"
TIMEZONE="(UTC-04:00) Atlantic Time (Canada)"
SITEDATEFORMAT="DAY_MONTH_YEAR"
STARTDATE="06/23/2017"
STUDYLOCALE="en-US"
SVAUTOSELECTRATE="100"
SVFIRSTNSUBJECTS="100"
/>


<SITE  NAME="(113) GCM Medical Group PSC"    MNEMONIC="113"
ADDRESS="1826 Fernandez Juncos San Juan Puerto Rico 00909"
COUNTRY="UNITED STATES"
PHONE="17.87727e+009"
ALTPHONE="1"
FAX="1"
TIMEZONE="(UTC-04:00) Atlantic Time (Canada)"
SITEDATEFORMAT="DAY_MONTH_YEAR"
STARTDATE="06/23/2017"
STUDYLOCALE="en-US"
SVAUTOSELECTRATE="100"
SVFIRSTNSUBJECTS="100"
/>


<SITE  NAME="(106) Ponce School of Medicine Foundation"    MNEMONIC="106"
ADDRESS="CAIMED Center 280 Monterey Street Urb Industrial Reparada Ponce Puerto Rico 00716"
COUNTRY="UNITED STATES"
PHONE="17.8784e+009"
ALTPHONE="1"
FAX="1"
TIMEZONE="(UTC-04:00) Atlantic Time (Canada)"
SITEDATEFORMAT="DAY_MONTH_YEAR"
STARTDATE="06/23/2017"
STUDYLOCALE="en-US"
SVAUTOSELECTRATE="100"
SVFIRSTNSUBJECTS="100"
/>


</MEDMLDATA>