<?xml version="1.0"?>
<MEDMLDATA xmlns="PhaseForward-MedML-Inform4">


<REPORTINGGROUP
GROUPNAME="Ad Hoc Users"
GROUPDESCRIPTION="Users who have access to Ad Hoc Reporting">
<!-- Insert Users -->
<USERREF USERNAME="i8bmcitrn_RE"/>
<USERREF USERNAME="z1x3734"/>
<USERREF USERNAME="z1x9560"/>
</REPORTINGGROUP>

<QUERYGROUP
GROUPNAME="CDM_CRA Query"
GROUPDESCRIPTION="CDM_CRA Query">
<!-- Insert Users -->
<USERREF USERNAME="autoquery"/>
<USERREF USERNAME="c227906"/>
<USERREF USERNAME="z1x1826"/>
<USERREF USERNAME="z2x2461"/>
<USERREF USERNAME="z1x1861"/>
<USERREF USERNAME="z2x7246"/>
<USERREF USERNAME="c226977"/>
<USERREF USERNAME="c235968"/>
<USERREF USERNAME="c239136"/>
<USERREF USERNAME="z1x2072"/>
<USERREF USERNAME="c243497"/>
<USERREF USERNAME="z2x9961"/>
<USERREF USERNAME="c230206"/>
<USERREF USERNAME="c234576"/>
<USERREF USERNAME="c241301"/>
<USERREF USERNAME="c240719"/>
<USERREF USERNAME="z2x6036"/>
<USERREF USERNAME="c232959"/>
<USERREF USERNAME="z1x1807"/>
<USERREF USERNAME="z1x0689"/>
<USERREF USERNAME="c218387"/>
<USERREF USERNAME="z1x0699"/>
<USERREF USERNAME="c241049"/>
<USERREF USERNAME="c242122"/>
<USERREF USERNAME="z2x4239"/>
<USERREF USERNAME="z3x1553"/>
<USERREF USERNAME="c239135"/>
<USERREF USERNAME="c242916"/>
<USERREF USERNAME="c233952"/>
<USERREF USERNAME="c231944"/>
<USERREF USERNAME="c242550"/>
<USERREF USERNAME="z1x9560"/>
<USERREF USERNAME="z1x3734"/>
</QUERYGROUP>

<QUERYGROUP
GROUPNAME="Coding Query Group"
GROUPDESCRIPTION="Coding Query Group">
<!-- Insert Users -->
<USERREF USERNAME="coder_query"/>
</QUERYGROUP>

<SIGNATUREGROUP
GROUPNAME="PI Signature"
GROUPDESCRIPTION=""
CRBMEANING="Approved"

CRBTEXT="By my dated signature below, I  %s  %s, verify that all case report form pages accurately display the results of the examinations, tests, evaluations and treatments performed on this patient.&lt;BR&gt;&lt;BR&gt;Pursuant to Section 11.100 of Title 21 of the Code of Federal Regulations, this is to certify that I intend that this electronic signature is to be the legally binding equivalent of my handwritten signature. &lt;BR&gt;&lt;BR&gt;To this I do attest by supplying my user name and password and clicking the button marked &lt;B&gt;Submit&lt;/B&gt; below"
 LANGUAGE="en-US">
<!-- Insert Users -->
<USERREF USERNAME="aszocs"/>
<USERREF USERNAME="zkerenyi"/>
<USERREF USERNAME="pkisgombos"/>
<USERREF USERNAME="kwudi"/>
<USERREF USERNAME="sstranks"/>
<USERREF USERNAME="syoo"/>
<USERREF USERNAME="hkim"/>
<USERREF USERNAME="mmoon"/>
<USERREF USERNAME="ysung"/>
<USERREF USERNAME="tedelsberger"/>
<USERREF USERNAME="pfleischhansova"/>
<USERREF USERNAME="kkolomaznikova"/>
<USERREF USERNAME="sbaik"/>
<USERREF USERNAME="skim"/>
<USERREF USERNAME="jyoon"/>
<USERREF USERNAME="asegner"/>
<USERREF USERNAME="ehaak"/>
<USERREF USERNAME="cguglielmi"/>
<USERREF USERNAME="cmannina"/>
<USERREF USERNAME="jrosenstock"/>
<USERREF USERNAME="haudish"/>
<USERREF USERNAME="ebarranco"/>
<USERREF USERNAME="tblevins"/>
<USERREF USERNAME="pbononi"/>
<USERREF USERNAME="tchaichabrom"/>
<USERREF USERNAME="gcortesmaisonet"/>
<USERREF USERNAME="jfrias"/>
<USERREF USERNAME="llewyalterbaum"/>
<USERREF USERNAME="jho"/>
<USERREF USERNAME="blanders"/>
<USERREF USERNAME="moliver"/>
<USERREF USERNAME="mrizzo"/>
<USERREF USERNAME="rcitarella"/>
<USERREF USERNAME="gcastellino"/>
<USERREF USERNAME="jgonzalezgonzalez"/>
<USERREF USERNAME="epelayoorozco"/>
<USERREF USERNAME="abhargava"/>
<USERREF USERNAME="sarora"/>
<USERREF USERNAME="rfink"/>
<USERREF USERNAME="dfitz-patrick"/>
<USERREF USERNAME="jgandhi"/>
<USERREF USERNAME="lklaff"/>
<USERREF USERNAME="bmcconnehey"/>
<USERREF USERNAME="fmikell"/>
<USERREF USERNAME="snakhle"/>
<USERREF USERNAME="pnorwood"/>
<USERREF USERNAME="rortiz-carrasquillo"/>
<USERREF USERNAME="apinero-pilona"/>
<USERREF USERNAME="lstonesifer"/>
<USERREF USERNAME="jvan"/>
<USERREF USERNAME="cvance"/>
<USERREF USERNAME="mwelch"/>
<USERREF USERNAME="awynne"/>
<USERREF USERNAME="szweig"/>
<USERREF USERNAME="dbraun"/>
<USERREF USERNAME="svidal"/>
<USERREF USERNAME="eruff"/>
<USERREF USERNAME="ddahl"/>
<USERREF USERNAME="jotero"/>
<USERREF USERNAME="bpalal"/>
<USERREF USERNAME="msheikh-ali"/>
<USERREF USERNAME="ksivalingam"/>
<USERREF USERNAME="gsoucie"/>
<USERREF USERNAME="jaseo"/>
<USERREF USERNAME="fperezmanghi"/>
<USERREF USERNAME="swkim"/>
<USERREF USERNAME="jdivinec"/>
<USERREF USERNAME="emalicherova"/>
<USERREF USERNAME="eroderova"/>
<USERREF USERNAME="dsmutek"/>
<USERREF USERNAME="mskovranova"/>
<USERREF USERNAME="dbartaskova"/>
<USERREF USERNAME="khalova"/>
<USERREF USERNAME="nkesmarki"/>
<USERREF USERNAME="mmayor"/>
<USERREF USERNAME="kpark"/>
<USERREF USERNAME="kanderlova"/>
<USERREF USERNAME="vtouskova"/>
<USERREF USERNAME="jkostarova"/>
</SIGNATUREGROUP>

<REPORTINGGROUP
GROUPNAME="Publishers"
GROUPDESCRIPTION="Users who can create folders and other content within the Public Folder space">
<!-- Insert Users -->
<USERREF USERNAME="i8bmcitrn_RE"/>
<USERREF USERNAME="z1x3734"/>
<USERREF USERNAME="z1x9560"/>
</REPORTINGGROUP>

<REPORTINGGROUP
GROUPNAME="Report Administrators"
GROUPDESCRIPTION="Users who can administer authorized public content such as setting permissions on folders and reports">
<!-- Insert Users -->
<USERREF USERNAME="z1x3734"/>
<USERREF USERNAME="z1x9560"/>
</REPORTINGGROUP>

<REPORTINGGROUP
GROUPNAME="Site Users"
GROUPDESCRIPTION="Site Users">
<!-- Insert Users -->
<USERREF USERNAME="shofmann"/>
<USERREF USERNAME="bgaebstrasas"/>
<USERREF USERNAME="asegner"/>
<USERREF USERNAME="ehaak"/>
<USERREF USERNAME="iullrich"/>
<USERREF USERNAME="sprasad"/>
<USERREF USERNAME="shalani"/>
<USERREF USERNAME="cguglielmi"/>
<USERREF USERNAME="dnikolic"/>
<USERREF USERNAME="cmannina"/>
<USERREF USERNAME="rchianetta"/>
<USERREF USERNAME="rvgiglio"/>
<USERREF USERNAME="rnunezmarquez"/>
<USERREF USERNAME="msalazarparra"/>
<USERREF USERNAME="jorozcogutierrez"/>
<USERREF USERNAME="lborg"/>
<USERREF USERNAME="jrosenstock"/>
<USERREF USERNAME="bfinley"/>
<USERREF USERNAME="haudish"/>
<USERREF USERNAME="ebarranco"/>
<USERREF USERNAME="tblevins"/>
<USERREF USERNAME="pbononi"/>
<USERREF USERNAME="tchaichabrom"/>
<USERREF USERNAME="gcortesmaisonet"/>
<USERREF USERNAME="jfrias"/>
<USERREF USERNAME="cburton"/>
<USERREF USERNAME="mmartin"/>
<USERREF USERNAME="llewyalterbaum"/>
<USERREF USERNAME="awells"/>
<USERREF USERNAME="mdukett"/>
<USERREF USERNAME="jho"/>
<USERREF USERNAME="blanders"/>
<USERREF USERNAME="vprettico"/>
<USERREF USERNAME="spedraza"/>
<USERREF USERNAME="mguerrero"/>
<USERREF USERNAME="moliver"/>
<USERREF USERNAME="ngarcia"/>
<USERREF USERNAME="cburns"/>
<USERREF USERNAME="mrizzo"/>
<USERREF USERNAME="rcitarella"/>
<USERREF USERNAME="gcastellino"/>
<USERREF USERNAME="smdiliberto"/>
<USERREF USERNAME="aflores"/>
<USERREF USERNAME="jgonzalezgonzalez"/>
<USERREF USERNAME="scaballerogonzalez"/>
<USERREF USERNAME="epelayoorozco"/>
<USERREF USERNAME="abhargava"/>
<USERREF USERNAME="sarora"/>
<USERREF USERNAME="apatterson"/>
<USERREF USERNAME="iarroyo"/>
<USERREF USERNAME="lahn"/>
<USERREF USERNAME="mbain"/>
<USERREF USERNAME="elopez"/>
<USERREF USERNAME="lmirandamartinez"/>
<USERREF USERNAME="rfink"/>
<USERREF USERNAME="dfitz-patrick"/>
<USERREF USERNAME="jgandhi"/>
<USERREF USERNAME="lklaff"/>
<USERREF USERNAME="cmontoya"/>
<USERREF USERNAME="bmcconnehey"/>
<USERREF USERNAME="fmikell"/>
<USERREF USERNAME="snakhle"/>
<USERREF USERNAME="pnorwood"/>
<USERREF USERNAME="ddesalle"/>
<USERREF USERNAME="rortiz-carrasquillo"/>
<USERREF USERNAME="lflores"/>
<USERREF USERNAME="ssandry"/>
<USERREF USERNAME="apinero-pilona"/>
<USERREF USERNAME="tkendall"/>
<USERREF USERNAME="apascal"/>
<USERREF USERNAME="lstonesifer"/>
<USERREF USERNAME="jvan"/>
<USERREF USERNAME="cvance"/>
<USERREF USERNAME="mwelch"/>
<USERREF USERNAME="eleal"/>
<USERREF USERNAME="awynne"/>
<USERREF USERNAME="szweig"/>
<USERREF USERNAME="myang"/>
<USERREF USERNAME="mrivera"/>
<USERREF USERNAME="crail"/>
<USERREF USERNAME="akay"/>
<USERREF USERNAME="lmercado"/>
<USERREF USERNAME="cinman"/>
<USERREF USERNAME="mcruz"/>
<USERREF USERNAME="kagro"/>
<USERREF USERNAME="tlovieyokem"/>
<USERREF USERNAME="mdiago"/>
<USERREF USERNAME="mhennerici"/>
<USERREF USERNAME="aromanski"/>
<USERREF USERNAME="lhecht"/>
<USERREF USERNAME="dbraun"/>
<USERREF USERNAME="svidal"/>
<USERREF USERNAME="eruff"/>
<USERREF USERNAME="iwoehr"/>
<USERREF USERNAME="ddahl"/>
<USERREF USERNAME="khendel"/>
<USERREF USERNAME="jotero"/>
<USERREF USERNAME="bpalal"/>
<USERREF USERNAME="akersey"/>
<USERREF USERNAME="msheikh-ali"/>
<USERREF USERNAME="ksivalingam"/>
<USERREF USERNAME="gsoucie"/>
<USERREF USERNAME="cstock"/>
<USERREF USERNAME="firani"/>
<USERREF USERNAME="nmcgraw"/>
<USERREF USERNAME="jaseo"/>
<USERREF USERNAME="eita"/>
<USERREF USERNAME="vbenincasa"/>
<USERREF USERNAME="ggoldsztejn"/>
<USERREF USERNAME="lgoldsztejn"/>
<USERREF USERNAME="fperezmanghi"/>
<USERREF USERNAME="myantorno"/>
<USERREF USERNAME="swkim"/>
<USERREF USERNAME="yhjeong"/>
<USERREF USERNAME="jdivinec"/>
<USERREF USERNAME="iprokopova"/>
<USERREF USERNAME="emalicherova"/>
<USERREF USERNAME="eroderova"/>
<USERREF USERNAME="ktravova"/>
<USERREF USERNAME="dsmutek"/>
<USERREF USERNAME="mskovranova"/>
<USERREF USERNAME="lkubickova"/>
<USERREF USERNAME="dbartaskova"/>
<USERREF USERNAME="khalova"/>
<USERREF USERNAME="nkesmarki"/>
<USERREF USERNAME="syyoo"/>
<USERREF USERNAME="erigo"/>
<USERREF USERNAME="eadorjani"/>
<USERREF USERNAME="apeterfalvi"/>
<USERREF USERNAME="phertzka"/>
<USERREF USERNAME="anadasdi"/>
<USERREF USERNAME="mengland"/>
<USERREF USERNAME="pdwyer"/>
<USERREF USERNAME="mmayor"/>
<USERREF USERNAME="mrodino"/>
<USERREF USERNAME="spark"/>
<USERREF USERNAME="mkim"/>
<USERREF USERNAME="jseo"/>
<USERREF USERNAME="kpark"/>
<USERREF USERNAME="ylee"/>
<USERREF USERNAME="crodino"/>
<USERREF USERNAME="mgkim"/>
<USERREF USERNAME="cmateo"/>
<USERREF USERNAME="dveverova"/>
<USERREF USERNAME="kanderlova"/>
<USERREF USERNAME="vtouskova"/>
<USERREF USERNAME="phabrdova"/>
<USERREF USERNAME="jkostarova"/>
<USERREF USERNAME="gkreckova"/>
<USERREF USERNAME="tbalint"/>
<USERREF USERNAME="mtanko"/>
<USERREF USERNAME="aszocs"/>
<USERREF USERNAME="zkerenyi"/>
<USERREF USERNAME="lcsubak"/>
<USERREF USERNAME="pkisgombos"/>
<USERREF USERNAME="kwudi"/>
<USERREF USERNAME="sstranks"/>
<USERREF USERNAME="slee"/>
<USERREF USERNAME="syoo"/>
<USERREF USERNAME="yjeong"/>
<USERREF USERNAME="ebaek"/>
<USERREF USERNAME="gkim"/>
<USERREF USERNAME="hkim"/>
<USERREF USERNAME="mmoon"/>
<USERREF USERNAME="ysung"/>
<USERREF USERNAME="yhsu"/>
<USERREF USERNAME="sjlee"/>
<USERREF USERNAME="swchung"/>
<USERREF USERNAME="mkuhrova"/>
<USERREF USERNAME="tedelsberger"/>
<USERREF USERNAME="pfleischhansova"/>
<USERREF USERNAME="kkolomaznikova"/>
<USERREF USERNAME="ptaylor"/>
<USERREF USERNAME="sbaik"/>
<USERREF USERNAME="skim"/>
<USERREF USERNAME="akang"/>
<USERREF USERNAME="jyoon"/>
</REPORTINGGROUP>

<REPORTINGGROUP
GROUPNAME="Sponsor Users"
GROUPDESCRIPTION="Sponsor Users">
<!-- Insert Users -->
<USERREF USERNAME="c227906"/>
<USERREF USERNAME="z1x3734"/>
<USERREF USERNAME="z2x2461"/>
<USERREF USERNAME="z1x1861"/>
<USERREF USERNAME="z2x7246"/>
<USERREF USERNAME="c226977"/>
<USERREF USERNAME="c235968"/>
<USERREF USERNAME="c239136"/>
<USERREF USERNAME="z1x2072"/>
<USERREF USERNAME="c243497"/>
<USERREF USERNAME="z2x9961"/>
<USERREF USERNAME="c230206"/>
<USERREF USERNAME="c234576"/>
<USERREF USERNAME="c241301"/>
<USERREF USERNAME="c240719"/>
<USERREF USERNAME="z2x6036"/>
<USERREF USERNAME="c232959"/>
<USERREF USERNAME="z1x1807"/>
<USERREF USERNAME="z1x0689"/>
<USERREF USERNAME="c218387"/>
<USERREF USERNAME="z1x0699"/>
<USERREF USERNAME="c241049"/>
<USERREF USERNAME="c242122"/>
<USERREF USERNAME="z2x4239"/>
<USERREF USERNAME="z3x1553"/>
<USERREF USERNAME="c239135"/>
<USERREF USERNAME="c242916"/>
<USERREF USERNAME="c233952"/>
<USERREF USERNAME="rm81211"/>
<USERREF USERNAME="u8x8366"/>
<USERREF USERNAME="c231944"/>
<USERREF USERNAME="c242550"/>
<USERREF USERNAME="i8bmcitrn_RE"/>
<USERREF USERNAME="coder_query"/>
<USERREF USERNAME="rm87618"/>
<USERREF USERNAME="z1x9560"/>
<USERREF USERNAME="wf84509"/>
<USERREF USERNAME="c242557"/>
<USERREF USERNAME="ys07707"/>
<USERREF USERNAME="z1x1826"/>
</REPORTINGGROUP>

<REPORTINGGROUP
GROUPNAME="User Admin Info Data Users"
GROUPDESCRIPTION="Users who have access to user data including password related data">
<!-- Insert Users -->
<USERREF USERNAME="z2x6036"/>
<USERREF USERNAME="z1x9560"/>
<USERREF USERNAME="c227906"/>
<USERREF USERNAME="z1x1826"/>
<USERREF USERNAME="z2x2461"/>
<USERREF USERNAME="z1x1861"/>
<USERREF USERNAME="z2x7246"/>
<USERREF USERNAME="c226977"/>
<USERREF USERNAME="c235968"/>
<USERREF USERNAME="c239136"/>
<USERREF USERNAME="z1x2072"/>
<USERREF USERNAME="c243497"/>
<USERREF USERNAME="z2x9961"/>
<USERREF USERNAME="c230206"/>
<USERREF USERNAME="c234576"/>
<USERREF USERNAME="c241301"/>
<USERREF USERNAME="c240719"/>
<USERREF USERNAME="z1x3734"/>
<USERREF USERNAME="c232959"/>
<USERREF USERNAME="z1x1807"/>
<USERREF USERNAME="z1x0689"/>
<USERREF USERNAME="c218387"/>
<USERREF USERNAME="z1x0699"/>
<USERREF USERNAME="c241049"/>
<USERREF USERNAME="c242122"/>
<USERREF USERNAME="z2x4239"/>
<USERREF USERNAME="z3x1553"/>
<USERREF USERNAME="c239135"/>
<USERREF USERNAME="c242916"/>
<USERREF USERNAME="c233952"/>
<USERREF USERNAME="c231944"/>
<USERREF USERNAME="c242550"/>
<USERREF USERNAME="i8bmcitrn_RE"/>
</REPORTINGGROUP>

<REPORTINGGROUP
GROUPNAME="User Info Data Users"
GROUPDESCRIPTION="Users who have access to user data except password related data">
<!-- Insert Users -->
<USERREF USERNAME="c242557"/>
<USERREF USERNAME="wf84509"/>
</REPORTINGGROUP>

<QUERYGROUP
GROUPNAME="CDM_CRA Query"
GROUPDESCRIPTION="CDM_CRA Query">
<!-- Insert Users -->
<USERREF USERNAME="autoquery"/>
</QUERYGROUP>

</MEDMLDATA>