<?xml version="1.0"?>
<MEDMLDATA xmlns="PhaseForward-MedML-Inform4">

<ITEMGROUP 
GROUPNAME="Data_Manager_ReadOnly"
GROUPDESCRIPTION="Items that are hidden by design and should be viewable to Data Manager">
 <!-- Insert ItemRef Names -->
<ITEMREF REFNAME="AECAT_AE3001_F1"/>
<ITEMREF REFNAME="AECAT_AE3001_F2"/>
<ITEMREF REFNAME="AEDECOD_AE3001_F1"/>
<ITEMREF REFNAME="AELLTCD_AE3001_F1"/>
<ITEMREF REFNAME="AELLT_AE3001_F1"/>
<ITEMREF REFNAME="AETERM_MAP_AE3001_F1"/>
<ITEMREF REFNAME="CMCAT_CM1C1F2"/>
<ITEMREF REFNAME="CMCAT_CM1C2F2"/>
<ITEMREF REFNAME="CMCAT_CM1C3F2"/>
<ITEMREF REFNAME="CMCAT_CM1C4F2"/>
<ITEMREF REFNAME="CMCAT_CM1C5F2"/>
<ITEMREF REFNAME="CMCAT_CM1C6F2"/>
<ITEMREF REFNAME="CMCAT_CM1F1"/>
<ITEMREF REFNAME="CMCAT_CM1F2"/>
<ITEMREF REFNAME="CMCAT_CM2001_F2"/>
<ITEMREF REFNAME="CMCLASCD_CM1C1F2"/>
<ITEMREF REFNAME="CMCLASCD_CM1C5F2"/>
<ITEMREF REFNAME="CMCLASCD_CM1C6F2"/>
<ITEMREF REFNAME="CMCLASCD_CM1F1"/>
<ITEMREF REFNAME="CMCLASCD_CM1F2"/>
<ITEMREF REFNAME="CMCLASCD_CM2001_F2"/>
<ITEMREF REFNAME="CMCLAS_CM1C1F2"/>
<ITEMREF REFNAME="CMCLAS_CM1C5F2"/>
<ITEMREF REFNAME="CMCLAS_CM1C6F2"/>
<ITEMREF REFNAME="CMCLAS_CM1F1"/>
<ITEMREF REFNAME="CMCLAS_CM1F2"/>
<ITEMREF REFNAME="CMCLAS_CM2001_F2"/>
<ITEMREF REFNAME="CMDECOD_CM1C1F2"/>
<ITEMREF REFNAME="CMDECOD_CM1C5F2"/>
<ITEMREF REFNAME="CMDECOD_CM1C6F2"/>
<ITEMREF REFNAME="CMDECOD_CM1F1"/>
<ITEMREF REFNAME="CMDECOD_CM1F2"/>
<ITEMREF REFNAME="CMDECOD_CM2001_F2"/>
<ITEMREF REFNAME="CMSCAT_CM1C1F2"/>
<ITEMREF REFNAME="CMSCAT_CM1C2F2"/>
<ITEMREF REFNAME="CMSCAT_CM1C3F2"/>
<ITEMREF REFNAME="CMSCAT_CM1C4F2"/>
<ITEMREF REFNAME="CMSCAT_CM1C5F2"/>
<ITEMREF REFNAME="CMSCAT_CM1C6F2"/>
<ITEMREF REFNAME="CMSCAT_CM1F1"/>
<ITEMREF REFNAME="CMSCAT_CM1F2"/>
<ITEMREF REFNAME="CMSCAT_CM2001_F2"/>
<ITEMREF REFNAME="CMTRADNM_CM1C1F2"/>
<ITEMREF REFNAME="CMTRADNM_CM1C5F2"/>
<ITEMREF REFNAME="CMTRADNM_CM1C6F2"/>
<ITEMREF REFNAME="CMTRADNM_CM1F1"/>
<ITEMREF REFNAME="CMTRADNM_CM1F2"/>
<ITEMREF REFNAME="CMTRADNM_CM2001_F2"/>
<ITEMREF REFNAME="CMTRT_MAP_CM1C1F2"/>
<ITEMREF REFNAME="CMTRT_MAP_CM1C5F2"/>
<ITEMREF REFNAME="CMTRT_MAP_CM1C6F2"/>
<ITEMREF REFNAME="CMTRT_MAP_CM1F1"/>
<ITEMREF REFNAME="CMTRT_MAP_CM1F2"/>
<ITEMREF REFNAME="CMTRT_MAP_CM2001_F2"/>
<ITEMREF REFNAME="DICT_DICTVER_AE3001_F1"/>
<ITEMREF REFNAME="DICT_DICTVER_CM1C1F2"/>
<ITEMREF REFNAME="DICT_DICTVER_CM1C5F2"/>
<ITEMREF REFNAME="DICT_DICTVER_CM1C6F2"/>
<ITEMREF REFNAME="DICT_DICTVER_CM1F1"/>
<ITEMREF REFNAME="DICT_DICTVER_CM1F2"/>
<ITEMREF REFNAME="DICT_DICTVER_CM2001_F2"/>
<ITEMREF REFNAME="DICT_DICTVER_MH7001_F1"/>
<ITEMREF REFNAME="DSCAT_1_DS1C1F6"/>
<ITEMREF REFNAME="DSCAT_1_DS1F2"/>
<ITEMREF REFNAME="DSCAT_1_DS1F4"/>
<ITEMREF REFNAME="DSCAT_1_DS1F5"/>
<ITEMREF REFNAME="DSCAT_1_DS1F6"/>
<ITEMREF REFNAME="DSCAT_1_DS1F7"/>
<ITEMREF REFNAME="DSCAT_2_DS2001_F1"/>
<ITEMREF REFNAME="DSEVAL_IC_DS2001_F1"/>
<ITEMREF REFNAME="DSSCAT_DS1C1F6"/>
<ITEMREF REFNAME="DSSCAT_DS1F2"/>
<ITEMREF REFNAME="DSSCAT_DS1F4"/>
<ITEMREF REFNAME="DSSCAT_DS1F5"/>
<ITEMREF REFNAME="DSSCAT_DS1F6"/>
<ITEMREF REFNAME="DSSCAT_DS1F7"/>
<ITEMREF REFNAME="DSSCAT_IC_DS2001_F1"/>
<ITEMREF REFNAME="EXCAT_EX1001_F1"/>
<ITEMREF REFNAME="EXCAT_EX1C1F4"/>
<ITEMREF REFNAME="EXCAT_EX1C1F5"/>
<ITEMREF REFNAME="EXCAT_EX1F4"/>
<ITEMREF REFNAME="EXCAT_EX1F5"/>
<ITEMREF REFNAME="INDCOMP_CM1C1F2"/>
<ITEMREF REFNAME="INDCOMP_CM1C5F2"/>
<ITEMREF REFNAME="INDCOMP_CM1C6F2"/>
<ITEMREF REFNAME="INDCOMP_CM1F1"/>
<ITEMREF REFNAME="INDCOMP_CM1F2"/>
<ITEMREF REFNAME="MHCAT_4_MHPRESP_F2"/>
<ITEMREF REFNAME="MHCAT_MH7001_F1"/>
<ITEMREF REFNAME="MHDECOD_MH7001_F1"/>
<ITEMREF REFNAME="MHLLTCDPRESP_MHPRESP_F2"/>
<ITEMREF REFNAME="MHLLTCD_MH7001_F1"/>
<ITEMREF REFNAME="MHLLT_MH7001_F1"/>
<ITEMREF REFNAME="MHTERM_MAP_MH7001_F1"/>
<ITEMREF REFNAME="ROUTCOMP_CM1C1F2"/>
<ITEMREF REFNAME="ROUTCOMP_CM1C5F2"/>
<ITEMREF REFNAME="ROUTCOMP_CM1C6F2"/>
<ITEMREF REFNAME="ROUTCOMP_CM1F2"/>
<ITEMREF REFNAME="ROUTCOMP_CM2F2"/>
<ITEMREF REFNAME="TRTTERMCD_CM1C1F2"/>
<ITEMREF REFNAME="TRTTERMCD_CM1C5F2"/>
<ITEMREF REFNAME="TRTTERMCD_CM1C6F2"/>
<ITEMREF REFNAME="TRTTERMCD_CM1F1"/>
<ITEMREF REFNAME="TRTTERMCD_CM1F2"/>
<ITEMREF REFNAME="TRTTERMCD_CM2001_F2"/>
<ITEMREF REFNAME="VSCAT_VS1C1F1"/>
<ITEMREF REFNAME="VSCAT_VS1F1"/>
<ITEMREF REFNAME="CELLTCDPRESP_10022086_INJ"/>
<ITEMREF REFNAME="CELLTCDPRESP_10022058_INJ"/>
<ITEMREF REFNAME="CELLTCDPRESP_10022061_INJ"/>
<ITEMREF REFNAME="CELLTCDPRESP_10022075_INJ"/>
<ITEMREF REFNAME="CELLTCDPRESP_10022093_INJ"/>
<ITEMREF REFNAME="CECAT_INJ"/>
<ITEMREF REFNAME="DICTVER_INJ"/>
<ITEMREF REFNAME="DICT_INJ"/>
<ITEMREF REFNAME="CEPRESP_INJ"/>

</ITEMGROUP>

<ITEMGROUP 
GROUPNAME="GPS_eSAE_Hidden"
GROUPDESCRIPTION="Hidden to GPS rights group, hidden to Adjudicator and Central Group, default access to all other rights groups">
 <!-- Insert ItemRef Names -->
<ITEMREF REFNAME="SAEFUASMDAT_SAE2F1"/>
<ITEMREF REFNAME="SAEFUAWADAT_SAE2F1"/>
<ITEMREF REFNAME="SAEAWADAT_SAE2F1"/>
<ITEMREF REFNAME="SAEASMDAT_SAE2F1"/>

</ITEMGROUP>

<ITEMGROUP 
GROUPNAME="nonData_Manager_Hidden"
GROUPDESCRIPTION="Items hidden to all but Data_Manager editable">
 <!-- Insert ItemRef Names -->
<ITEMREF REFNAME="WFRULETRIG"/>
<ITEMREF REFNAME="CALRULETRIG"/>
<ITEMREF REFNAME="CDQATRIG"/>

</ITEMGROUP>

<ITEMGROUP 
GROUPNAME="nonData_Manager_ReadOnly"
GROUPDESCRIPTION="Items are Data_Manager editable, and Read-only for all other groups except Adjudicator and Central Grp.">
 <!-- Insert ItemRef Names -->
<ITEMREF REFNAME="CDQ_CDQA"/>
<ITEMREF REFNAME="VISDATMD_SV1F1"/>

</ITEMGROUP>

</MEDMLDATA>