<?xml version="1.0"?>
<MEDMLDATA xmlns="PhaseForward-MedML-Inform4">


<SITE  NAME="(504) Grand Hopital de Charleroi"    MNEMONIC="504"
ADDRESS="Grand Rue 3 6000 Charleroi"
COUNTRY="BELGIUM"
PHONE="323271303101"
ALTPHONE="32"
FAX="32"
TIMEZONE="(GMT+01:00) Belgrade, Bratislava, Budapest, Ljubljana, Prague"
SITEDATEFORMAT="DAY_MONTH_YEAR"
STARTDATE="04/01/2015"
STUDYLOCALE="en-US"
SVAUTOSELECTRATE="100"
SVFIRSTNSUBJECTS="100"
/>


<SITE  NAME="(500) Institut Jules Bordet"    MNEMONIC="500"
ADDRESS="121 Boulevard de Waterloo 1000 Brussels"
COUNTRY="BELGIUM"
PHONE="323225413111"
ALTPHONE="32"
FAX="32"
TIMEZONE="(GMT+01:00) Belgrade, Bratislava, Budapest, Ljubljana, Prague"
SITEDATEFORMAT="DAY_MONTH_YEAR"
STARTDATE="04/01/2015"
STUDYLOCALE="en-US"
SVAUTOSELECTRATE="100"
SVFIRSTNSUBJECTS="100"
/>


<SITE  NAME="(502) UZ Leuven"    MNEMONIC="502"
ADDRESS="Herestraat 49 3000 Leuven"
COUNTRY="BELGIUM"
PHONE="323216332211"
ALTPHONE="32"
FAX="32"
TIMEZONE="(GMT+01:00) Belgrade, Bratislava, Budapest, Ljubljana, Prague"
SITEDATEFORMAT="DAY_MONTH_YEAR"
STARTDATE="04/01/2015"
STUDYLOCALE="en-US"
SVAUTOSELECTRATE="100"
SVFIRSTNSUBJECTS="100"
/>


<SITE  NAME="(202) The Royal Victoria Hospital"    MNEMONIC="202"
ADDRESS="McGill Department of Oncology 687 Pind Avenue West Montreal Quebec H3A 1A1"
COUNTRY="CANADA"
PHONE="15149341934"
ALTPHONE="1"
FAX="1"
TIMEZONE="(GMT-05:00) Eastern Time (US &#38; Canada)"
SITEDATEFORMAT="DAY_MONTH_YEAR"
STARTDATE="04/01/2015"
STUDYLOCALE="en-US"
SVAUTOSELECTRATE="100"
SVFIRSTNSUBJECTS="100"
/>


<SITE  NAME="(200) Ottawa Hospital Regional Cancer Centre"    MNEMONIC="200"
ADDRESS="501 Smyth Road Ottawa Ontario K1H 8L6"
COUNTRY="CANADA"
PHONE="16137377700"
ALTPHONE="1"
FAX="1"
TIMEZONE="(GMT-05:00) Eastern Time (US &#38; Canada)"
SITEDATEFORMAT="DAY_MONTH_YEAR"
STARTDATE="04/01/2015"
STUDYLOCALE="en-US"
SVAUTOSELECTRATE="100"
SVFIRSTNSUBJECTS="100"
/>


<SITE  NAME="(106) University of California"    MNEMONIC="106"
ADDRESS="1600 Divisadero Street Rm B718 San Francisco CA 94115"
COUNTRY="UNITED STATES"
PHONE="14153537288"
ALTPHONE="1"
FAX="1"
TIMEZONE="(GMT-08:00) Pacific Time (US &#38; Canada)"
SITEDATEFORMAT="DAY_MONTH_YEAR"
STARTDATE="04/01/2015"
STUDYLOCALE="en-US"
SVAUTOSELECTRATE="100"
SVFIRSTNSUBJECTS="100"
/>


<SITE  NAME="(104) University of California San Diego"    MNEMONIC="104"
ADDRESS="Moores UCSD Cancer Center 3855 Health Sciences Drive La Jolla CA 92093"
COUNTRY="UNITED STATES"
PHONE="18588227778"
ALTPHONE="1"
FAX="1"
TIMEZONE="(GMT-08:00) Pacific Time (US &#38; Canada)"
SITEDATEFORMAT="DAY_MONTH_YEAR"
STARTDATE="04/01/2015"
STUDYLOCALE="en-US"
SVAUTOSELECTRATE="100"
SVFIRSTNSUBJECTS="100"
/>


<SITE  NAME="(100) University of Colorado"    MNEMONIC="100"
ADDRESS="1665 Aurora CourtRoom 3200 Aurora CO 80045"
COUNTRY="UNITED STATES"
PHONE="17208481030"
ALTPHONE="1"
FAX="1"
TIMEZONE="(GMT-07:00) Mountain Time (US &#38; Canada)"
SITEDATEFORMAT="DAY_MONTH_YEAR"
STARTDATE="04/01/2015"
STUDYLOCALE="en-US"
SVAUTOSELECTRATE="100"
SVFIRSTNSUBJECTS="100"
/>


<SITE  NAME="(102) Washington University Medical Oncology"    MNEMONIC="102"
ADDRESS="660 South Euclid Avenue Campus Box 8056 St. Louis MO 63110"
COUNTRY="UNITED STATES"
PHONE="13149968270"
ALTPHONE="1"
FAX="1"
TIMEZONE="(GMT-06:00) Central Time (US &#38; Canada)"
SITEDATEFORMAT="DAY_MONTH_YEAR"
STARTDATE="04/01/2015"
STUDYLOCALE="en-US"
SVAUTOSELECTRATE="100"
SVFIRSTNSUBJECTS="100"
/>


<SITE  NAME="(108) Dana Farber Cancer Institute"    MNEMONIC="108"
ADDRESS="Harvard Medical School 44 Binney Street Dana 1230 Boston MA 02115"
COUNTRY="UNITED STATES"
PHONE="16176323800"
ALTPHONE="1"
FAX="1"
TIMEZONE="(GMT-05:00) Eastern Time (US &#38; Canada)"
SITEDATEFORMAT="DAY_MONTH_YEAR"
STARTDATE="04/01/2015"
STUDYLOCALE="en-US"
SVAUTOSELECTRATE="100"
SVFIRSTNSUBJECTS="100"
/>


<SITE  NAME="(118) University of Pittsburgh Magee Womens Hospital"    MNEMONIC="118"
ADDRESS="300 Halket Street Suite 4628 Pittsburgh PA 15213"
COUNTRY="UNITED STATES"
PHONE="14126413494"
ALTPHONE="1"
FAX="1"
TIMEZONE="(GMT-05:00) Eastern Time (US &#38; Canada)"
SITEDATEFORMAT="DAY_MONTH_YEAR"
STARTDATE="04/01/2015"
STUDYLOCALE="en-US"
SVAUTOSELECTRATE="100"
SVFIRSTNSUBJECTS="100"
/>


<SITE  NAME="(116) Memorial Sloan-Kettering Cancer Center MSKCC New York"    MNEMONIC="116"
ADDRESS="1275 York Avenue New York NY 10065"
COUNTRY="UNITED STATES"
PHONE="12126395875"
ALTPHONE="1"
FAX="1"
TIMEZONE="(GMT-05:00) Eastern Time (US &#38; Canada)"
SITEDATEFORMAT="DAY_MONTH_YEAR"
STARTDATE="04/01/2015"
STUDYLOCALE="en-US"
SVAUTOSELECTRATE="100"
SVFIRSTNSUBJECTS="100"
/>


<SITE  NAME="(114) University of North Carolina  Lineberger Comprehensive Cancer Center"    MNEMONIC="114"
ADDRESS="450 West Dr Chapel Hill NC 27599"
COUNTRY="UNITED STATES"
PHONE="19199663036"
ALTPHONE="1"
FAX="1"
TIMEZONE="(GMT-05:00) Eastern Time (US &#38; Canada)"
SITEDATEFORMAT="DAY_MONTH_YEAR"
STARTDATE="04/01/2015"
STUDYLOCALE="en-US"
SVAUTOSELECTRATE="100"
SVFIRSTNSUBJECTS="100"
/>


<SITE  NAME="(112) University of Michigan Medical Center - Main Campus"    MNEMONIC="112"
ADDRESS="1500 East Medical Center Drive Ann Arbor MI 48109"
COUNTRY="UNITED STATES"
PHONE="17349368538"
ALTPHONE="1"
FAX="1"
TIMEZONE="(GMT-05:00) Eastern Time (US &#38; Canada)"
SITEDATEFORMAT="DAY_MONTH_YEAR"
STARTDATE="04/01/2015"
STUDYLOCALE="en-US"
SVAUTOSELECTRATE="100"
SVFIRSTNSUBJECTS="100"
/>


<SITE  NAME="(110) H Lee Moffitt Cancer Center and Research Institute"    MNEMONIC="110"
ADDRESS="12902 Magnolia Drive Tampa FL 33612"
COUNTRY="UNITED STATES"
PHONE="18137453871"
ALTPHONE="1"
FAX="1"
TIMEZONE="(GMT-05:00) Eastern Time (US &#38; Canada)"
SITEDATEFORMAT="DAY_MONTH_YEAR"
STARTDATE="04/01/2015"
STUDYLOCALE="en-US"
SVAUTOSELECTRATE="100"
SVFIRSTNSUBJECTS="100"
/>


</MEDMLDATA>