<?xml version="1.0"?>
<MEDMLDATA xmlns="PhaseForward-MedML-Inform4">


<REPORTINGGROUP
GROUPNAME="Ad Hoc Users"
GROUPDESCRIPTION="Users who have access to Ad Hoc Reporting">
<!-- Insert Users -->
<USERREF USERNAME="z1x0496"/>
<USERREF USERNAME="i3ymcjpb0_RE"/>
<USERREF USERNAME="z3x1197"/>
<USERREF USERNAME="c184712"/>
</REPORTINGGROUP>

<REPORTINGGROUP
GROUPNAME="Authors"
GROUPDESCRIPTION="Users who have access to Ad Hoc Reporting and Report Studio">
<!-- Insert Users -->
<USERREF USERNAME="i3ymcjpb0_RE"/>
</REPORTINGGROUP>

<QUERYGROUP
GROUPNAME="CDM_CRA Query"
GROUPDESCRIPTION="">
<!-- Insert Users -->
<USERREF USERNAME="autoquery"/>
<USERREF USERNAME="z1x0496"/>
<USERREF USERNAME="z1x1691"/>
<USERREF USERNAME="c204035"/>
<USERREF USERNAME="z2x2246"/>
<USERREF USERNAME="z1x0386"/>
<USERREF USERNAME="z1x1982"/>
<USERREF USERNAME="z3x0576"/>
<USERREF USERNAME="z1x1832"/>
<USERREF USERNAME="c203175"/>
<USERREF USERNAME="z2x2415"/>
<USERREF USERNAME="z3x3124"/>
<USERREF USERNAME="z2x3300"/>
<USERREF USERNAME="z2x9894"/>
<USERREF USERNAME="c184712"/>
<USERREF USERNAME="z3x1847"/>
<USERREF USERNAME="z1x2603"/>
<USERREF USERNAME="z1x1865"/>
<USERREF USERNAME="z2x1697"/>
<USERREF USERNAME="z2x0457"/>
<USERREF USERNAME="z1x2073"/>
<USERREF USERNAME="z1z2605"/>
<USERREF USERNAME="z2x6065"/>
<USERREF USERNAME="z3x1197"/>
</QUERYGROUP>

<QUERYGROUP
GROUPNAME="Coding Query Group"
GROUPDESCRIPTION="">
<!-- Insert Users -->
<USERREF USERNAME="coder_query"/>
</QUERYGROUP>

<REPORTINGGROUP
GROUPNAME="Directory Administrators"
GROUPDESCRIPTION="Users who can administer authorization rights. They administer groups, accounts, contacts, distribution lists, data sources, and printers">
<!-- Insert Users -->
<USERREF USERNAME="i3ymcjpb0_RE"/>
</REPORTINGGROUP>

<QUERYGROUP
GROUPNAME="GPS_Query"
GROUPDESCRIPTION="">
<!-- Insert Users -->
<USERREF USERNAME="c003859"/>
<USERREF USERNAME="rm35194"/>
<USERREF USERNAME="rm35504"/>
<USERREF USERNAME="a701824"/>
<USERREF USERNAME="c039853"/>
<USERREF USERNAME="rm90029"/>
<USERREF USERNAME="v6x8058"/>
<USERREF USERNAME="c131994"/>
<USERREF USERNAME="rm94611"/>
<USERREF USERNAME="c026390"/>
<USERREF USERNAME="c071673"/>
<USERREF USERNAME="a803075"/>
<USERREF USERNAME="rm36132"/>
<USERREF USERNAME="c135748"/>
<USERREF USERNAME="c083101"/>
<USERREF USERNAME="c039825"/>
<USERREF USERNAME="c039863"/>
<USERREF USERNAME="c015393"/>
<USERREF USERNAME="ye91098"/>
<USERREF USERNAME="c143125"/>
<USERREF USERNAME="c090108"/>
<USERREF USERNAME="c089548"/>
<USERREF USERNAME="c026393"/>
<USERREF USERNAME="c075541"/>
<USERREF USERNAME="a511471"/>
<USERREF USERNAME="a608261"/>
<USERREF USERNAME="c057362"/>
</QUERYGROUP>

<SIGNATUREGROUP
GROUPNAME="PI Signature"
GROUPDESCRIPTION="Signature group assigned to PI and PI Sign Only roles"
CRBMEANING="Approved"
CRBTEXT="By my dated signature below, I  %s  %s, verify that all case report form pages accurately display the results of the examinations, tests, evaluations and treatments performed on this patient.&lt;BR&gt;&lt;BR&gt;Pursuant to Section 11.100 of Title 21 of the Code of Federal Regulations, this is to certify that I intend that this electronic signature is to be the legally binding equivalent of my handwritten signature. &lt;BR&gt;&lt;BR&gt;To this I do attest by supplying my user name and password and clicking the button marked &lt;B&gt;Submit&lt;/B&gt; below"
 LANGUAGE="en-US">
<!-- Insert Users -->
<USERREF USERNAME="stolaney"/>
<USERREF USERNAME="mnaughton"/>
<USERREF USERNAME="jhilton"/>
<USERREF USERNAME="mmelisko"/>
<USERREF USERNAME="pkabos"/>
<USERREF USERNAME="skesari"/>
<USERREF USERNAME="ssahebjam"/>
<USERREF USERNAME="shigginspuhalla"/>
<USERREF USERNAME="aseidman"/>
<USERREF USERNAME="jcanon"/>
<USERREF USERNAME="aawada"/>
<USERREF USERNAME="nbouganim"/>
<USERREF USERNAME="amorikawa"/>
<USERREF USERNAME="canders"/>
</SIGNATUREGROUP>

<REPORTINGGROUP
GROUPNAME="Publishers"
GROUPDESCRIPTION="Users who can create folders and other content within the Public Folder space">
<!-- Insert Users -->
<USERREF USERNAME="c184712"/>
<USERREF USERNAME="z1x0496"/>
<USERREF USERNAME="i3ymcjpb0_RE"/>
<USERREF USERNAME="z3x1197"/>
</REPORTINGGROUP>

<REPORTINGGROUP
GROUPNAME="Report Administrators"
GROUPDESCRIPTION="Users who can administer authorized public content such as setting permissions on folders and reports">
<!-- Insert Users -->
<USERREF USERNAME="z1x0496"/>
<USERREF USERNAME="z3x1197"/>
<USERREF USERNAME="c184712"/>
</REPORTINGGROUP>

<REPORTINGGROUP
GROUPNAME="Site Users"
GROUPDESCRIPTION="Site Users">
<!-- Insert Users -->
<USERREF USERNAME="stolaney"/>
<USERREF USERNAME="mnaughton"/>
<USERREF USERNAME="ejordan"/>
<USERREF USERNAME="adeluca"/>
<USERREF USERNAME="skesari"/>
<USERREF USERNAME="ssahebjam"/>
<USERREF USERNAME="nmccullough"/>
<USERREF USERNAME="shigginspuhalla"/>
<USERREF USERNAME="aseidman"/>
<USERREF USERNAME="asyldor"/>
<USERREF USERNAME="danderson"/>
<USERREF USERNAME="nryabin"/>
<USERREF USERNAME="jcanon"/>
<USERREF USERNAME="sadam"/>
<USERREF USERNAME="abuttice"/>
<USERREF USERNAME="aawada"/>
<USERREF USERNAME="cstober"/>
<USERREF USERNAME="eschepers"/>
<USERREF USERNAME="msmith"/>
<USERREF USERNAME="rphipps"/>
<USERREF USERNAME="bsteele"/>
<USERREF USERNAME="lreddington"/>
<USERREF USERNAME="vrenukuntla"/>
<USERREF USERNAME="nbouganim"/>
<USERREF USERNAME="amorikawa"/>
<USERREF USERNAME="jdewelle"/>
<USERREF USERNAME="kradcliffe"/>
<USERREF USERNAME="sbart"/>
<USERREF USERNAME="canders"/>
<USERREF USERNAME="cbumb"/>
<USERREF USERNAME="pkabos"/>
<USERREF USERNAME="tcolvin"/>
<USERREF USERNAME="mmelisko"/>
<USERREF USERNAME="lrose"/>
<USERREF USERNAME="rsharma"/>
<USERREF USERNAME="jhilton"/>
</REPORTINGGROUP>

<REPORTINGGROUP
GROUPNAME="Sponsor Users"
GROUPDESCRIPTION="Sponsor Users">
<!-- Insert Users -->
<USERREF USERNAME="z3x1197"/>
<USERREF USERNAME="i3ymcjpb0_RE"/>
<USERREF USERNAME="z1x0496"/>
<USERREF USERNAME="c179650"/>
<USERREF USERNAME="z1x1691"/>
<USERREF USERNAME="c204035"/>
<USERREF USERNAME="z2x2246"/>
<USERREF USERNAME="c190660"/>
<USERREF USERNAME="z3x1758"/>
<USERREF USERNAME="z1x0386"/>
<USERREF USERNAME="z1x1982"/>
<USERREF USERNAME="z3x0576"/>
<USERREF USERNAME="z1x1832"/>
<USERREF USERNAME="c203175"/>
<USERREF USERNAME="c200314"/>
<USERREF USERNAME="z3x0688"/>
<USERREF USERNAME="c200015"/>
<USERREF USERNAME="z2x2415"/>
<USERREF USERNAME="z3x3124"/>
<USERREF USERNAME="z2x3300"/>
<USERREF USERNAME="c003859"/>
<USERREF USERNAME="c057362"/>
<USERREF USERNAME="rm35504"/>
<USERREF USERNAME="a701824"/>
<USERREF USERNAME="c039853"/>
<USERREF USERNAME="rm90029"/>
<USERREF USERNAME="v6x8058"/>
<USERREF USERNAME="c131994"/>
<USERREF USERNAME="rm94611"/>
<USERREF USERNAME="c026390"/>
<USERREF USERNAME="c071673"/>
<USERREF USERNAME="a803075"/>
<USERREF USERNAME="rm36132"/>
<USERREF USERNAME="c135748"/>
<USERREF USERNAME="z2x9894"/>
<USERREF USERNAME="c083101"/>
<USERREF USERNAME="c039825"/>
<USERREF USERNAME="c039863"/>
<USERREF USERNAME="c015393"/>
<USERREF USERNAME="ye91098"/>
<USERREF USERNAME="c143125"/>
<USERREF USERNAME="c090108"/>
<USERREF USERNAME="c089548"/>
<USERREF USERNAME="c026393"/>
<USERREF USERNAME="c075541"/>
<USERREF USERNAME="a511471"/>
<USERREF USERNAME="a608261"/>
<USERREF USERNAME="rm35194"/>
<USERREF USERNAME="coder_query"/>
<USERREF USERNAME="c184712"/>
<USERREF USERNAME="z1x1981"/>
<USERREF USERNAME="z3x1847"/>
<USERREF USERNAME="z1x2603"/>
<USERREF USERNAME="z1x1865"/>
<USERREF USERNAME="z2x1697"/>
<USERREF USERNAME="c189618"/>
<USERREF USERNAME="z1x4350"/>
<USERREF USERNAME="c195629"/>
<USERREF USERNAME="z2x0457"/>
<USERREF USERNAME="z1x2073"/>
<USERREF USERNAME="c192612"/>
<USERREF USERNAME="c200859"/>
<USERREF USERNAME="c198899"/>
<USERREF USERNAME="z1z2605"/>
<USERREF USERNAME="z2x6065"/>
</REPORTINGGROUP>

<REPORTINGGROUP
GROUPNAME="User Admin Info Data Users"
GROUPDESCRIPTION="Users who have access to user data including password related data">
<!-- Insert Users -->
<USERREF USERNAME="c075541"/>
<USERREF USERNAME="a511471"/>
<USERREF USERNAME="a608261"/>
<USERREF USERNAME="rm35194"/>
<USERREF USERNAME="c184712"/>
<USERREF USERNAME="z3x1847"/>
<USERREF USERNAME="z1x2603"/>
<USERREF USERNAME="z1x1865"/>
<USERREF USERNAME="z2x1697"/>
<USERREF USERNAME="z2x0457"/>
<USERREF USERNAME="z1x2073"/>
<USERREF USERNAME="z1z2605"/>
<USERREF USERNAME="z2x6065"/>
<USERREF USERNAME="z3x1197"/>
<USERREF USERNAME="i3ymcjpb0_RE"/>
<USERREF USERNAME="z1x0496"/>
<USERREF USERNAME="z1x1691"/>
<USERREF USERNAME="c204035"/>
<USERREF USERNAME="z2x2246"/>
<USERREF USERNAME="z1x0386"/>
<USERREF USERNAME="z1x1982"/>
<USERREF USERNAME="z3x0576"/>
<USERREF USERNAME="z1x1832"/>
<USERREF USERNAME="c203175"/>
<USERREF USERNAME="z2x2415"/>
<USERREF USERNAME="z3x3124"/>
<USERREF USERNAME="z2x3300"/>
<USERREF USERNAME="c003859"/>
<USERREF USERNAME="c057362"/>
<USERREF USERNAME="rm35504"/>
<USERREF USERNAME="a701824"/>
<USERREF USERNAME="c039853"/>
<USERREF USERNAME="rm90029"/>
<USERREF USERNAME="v6x8058"/>
<USERREF USERNAME="c131994"/>
<USERREF USERNAME="rm94611"/>
<USERREF USERNAME="c026390"/>
<USERREF USERNAME="c071673"/>
<USERREF USERNAME="a803075"/>
<USERREF USERNAME="rm36132"/>
<USERREF USERNAME="c135748"/>
<USERREF USERNAME="z2x9894"/>
<USERREF USERNAME="c083101"/>
<USERREF USERNAME="c039825"/>
<USERREF USERNAME="c039863"/>
<USERREF USERNAME="c015393"/>
<USERREF USERNAME="ye91098"/>
<USERREF USERNAME="c143125"/>
<USERREF USERNAME="c090108"/>
<USERREF USERNAME="c089548"/>
<USERREF USERNAME="c026393"/>
</REPORTINGGROUP>

<REPORTINGGROUP
GROUPNAME="User Info Data Users"
GROUPDESCRIPTION="Users who have access to user data except password related data">
<!-- Insert Users -->
<USERREF USERNAME="c003859"/>
<USERREF USERNAME="rm35194"/>
<USERREF USERNAME="rm35504"/>
<USERREF USERNAME="a701824"/>
<USERREF USERNAME="c039853"/>
<USERREF USERNAME="rm90029"/>
<USERREF USERNAME="v6x8058"/>
<USERREF USERNAME="c131994"/>
<USERREF USERNAME="rm94611"/>
<USERREF USERNAME="c026390"/>
<USERREF USERNAME="c071673"/>
<USERREF USERNAME="a803075"/>
<USERREF USERNAME="rm36132"/>
<USERREF USERNAME="c135748"/>
<USERREF USERNAME="c083101"/>
<USERREF USERNAME="c039825"/>
<USERREF USERNAME="c039863"/>
<USERREF USERNAME="c015393"/>
<USERREF USERNAME="ye91098"/>
<USERREF USERNAME="c143125"/>
<USERREF USERNAME="c090108"/>
<USERREF USERNAME="c089548"/>
<USERREF USERNAME="c026393"/>
<USERREF USERNAME="c075541"/>
<USERREF USERNAME="a511471"/>
<USERREF USERNAME="a608261"/>
<USERREF USERNAME="c057362"/>
</REPORTINGGROUP>

</MEDMLDATA>