<?xml version="1.0"?>
<MEDMLDATA xmlns="PhaseForward-MedML-Inform4">


<RIGHTSGROUP  GROUPNAME="Coding Query Rights Group">
<!-- Insert Users -->
<USERREF USERNAME="coder_query"/>

</RIGHTSGROUP>

<RIGHTSGROUP  GROUPNAME="Data Manager">
<!-- Insert Users -->
<USERREF USERNAME="c184712"/>
<USERREF USERNAME="z1x0496"/>
<USERREF USERNAME="z3x1197"/>

</RIGHTSGROUP>

<RIGHTSGROUP  GROUPNAME="GPS">
<!-- Insert Users -->
<USERREF USERNAME="ye91098"/>
<USERREF USERNAME="c015393"/>
<USERREF USERNAME="rm35194"/>
<USERREF USERNAME="a608261"/>
<USERREF USERNAME="a511471"/>
<USERREF USERNAME="c003859"/>
<USERREF USERNAME="c057362"/>
<USERREF USERNAME="rm35504"/>
<USERREF USERNAME="a701824"/>
<USERREF USERNAME="c039853"/>
<USERREF USERNAME="rm90029"/>
<USERREF USERNAME="v6x8058"/>
<USERREF USERNAME="c131994"/>
<USERREF USERNAME="rm94611"/>
<USERREF USERNAME="c026390"/>
<USERREF USERNAME="c071673"/>
<USERREF USERNAME="a803075"/>
<USERREF USERNAME="rm36132"/>
<USERREF USERNAME="c135748"/>
<USERREF USERNAME="c075541"/>
<USERREF USERNAME="c083101"/>
<USERREF USERNAME="c039825"/>
<USERREF USERNAME="c143125"/>
<USERREF USERNAME="c090108"/>
<USERREF USERNAME="c039863"/>
<USERREF USERNAME="c026393"/>
<USERREF USERNAME="c089548"/>

</RIGHTSGROUP>

<RIGHTSGROUP  GROUPNAME="Monitor">
<!-- Insert Users -->
<USERREF USERNAME="z2x9894"/>
<USERREF USERNAME="z2x3300"/>
<USERREF USERNAME="z3x3124"/>
<USERREF USERNAME="z2x2415"/>
<USERREF USERNAME="z1x0386"/>
<USERREF USERNAME="c204035"/>
<USERREF USERNAME="z2x6065"/>
<USERREF USERNAME="z1z2605"/>
<USERREF USERNAME="z2x0457"/>
<USERREF USERNAME="z2x1697"/>
<USERREF USERNAME="z1x2603"/>
<USERREF USERNAME="z3x1847"/>

</RIGHTSGROUP>

<RIGHTSGROUP  GROUPNAME="Monitor Manager">
<!-- Insert Users -->
<USERREF USERNAME="z1x2073"/>
<USERREF USERNAME="z1x1691"/>
<USERREF USERNAME="z1x1865"/>
<USERREF USERNAME="z2x2246"/>
<USERREF USERNAME="z1x1982"/>
<USERREF USERNAME="z3x0576"/>
<USERREF USERNAME="z1x1832"/>
<USERREF USERNAME="c203175"/>

</RIGHTSGROUP>

<RIGHTSGROUP  GROUPNAME="PI">
<!-- Insert Users -->
<USERREF USERNAME="aawada"/>

</RIGHTSGROUP>

<RIGHTSGROUP  GROUPNAME="PI Sign Only">
<!-- Insert Users -->
<USERREF USERNAME="stolaney"/>
<USERREF USERNAME="mnaughton"/>
<USERREF USERNAME="skesari"/>
<USERREF USERNAME="ssahebjam"/>
<USERREF USERNAME="shigginspuhalla"/>
<USERREF USERNAME="aseidman"/>
<USERREF USERNAME="jcanon"/>
<USERREF USERNAME="nbouganim"/>
<USERREF USERNAME="amorikawa"/>
<USERREF USERNAME="canders"/>
<USERREF USERNAME="pkabos"/>
<USERREF USERNAME="mmelisko"/>
<USERREF USERNAME="jhilton"/>

</RIGHTSGROUP>

<RIGHTSGROUP  GROUPNAME="Report Extractor">
<!-- Insert Users -->
<USERREF USERNAME="i3ymcjpb0_RE"/>

</RIGHTSGROUP>

<RIGHTSGROUP  GROUPNAME="SC">
<!-- Insert Users -->
<USERREF USERNAME="ejordan"/>
<USERREF USERNAME="rsharma"/>
<USERREF USERNAME="nmccullough"/>
<USERREF USERNAME="asyldor"/>
<USERREF USERNAME="danderson"/>
<USERREF USERNAME="nryabin"/>
<USERREF USERNAME="sadam"/>
<USERREF USERNAME="abuttice"/>
<USERREF USERNAME="cstober"/>
<USERREF USERNAME="eschepers"/>
<USERREF USERNAME="msmith"/>
<USERREF USERNAME="rphipps"/>
<USERREF USERNAME="bsteele"/>
<USERREF USERNAME="lreddington"/>
<USERREF USERNAME="vrenukuntla"/>
<USERREF USERNAME="jdewelle"/>
<USERREF USERNAME="kradcliffe"/>
<USERREF USERNAME="sbart"/>
<USERREF USERNAME="cbumb"/>
<USERREF USERNAME="tcolvin"/>
<USERREF USERNAME="lrose"/>
<USERREF USERNAME="adeluca"/>

</RIGHTSGROUP>

<RIGHTSGROUP  GROUPNAME="User Activator RG">
<!-- Insert Users -->
<USERREF USERNAME="ZPFckalinyak"/>
<USERREF USERNAME="ZPFxgao"/>
<USERREF USERNAME="ZPFkbarkoczi"/>
<USERREF USERNAME="ZPFzleczo"/>
<USERREF USERNAME="ZPFobodnar"/>
<USERREF USERNAME="ZPFedervishaj"/>
<USERREF USERNAME="ZPFhsekine"/>
<USERREF USERNAME="ZPFjmacatangay"/>
<USERREF USERNAME="ZPFrducusin"/>
<USERREF USERNAME="ZPFdnagy"/>
<USERREF USERNAME="ZPFlstoica"/>
<USERREF USERNAME="ZPFgkrucso"/>
<USERREF USERNAME="ZPFrcalorico"/>
<USERREF USERNAME="ZPFvsoni"/>
<USERREF USERNAME="ZPFvyana"/>
<USERREF USERNAME="ZPFmiwaki"/>
<USERREF USERNAME="ZPFsdamato"/>
<USERREF USERNAME="ZPFmjcabuhayan"/>
<USERREF USERNAME="ZPFwcarmelo"/>
<USERREF USERNAME="ZPFmandone"/>
<USERREF USERNAME="ZPFelibao"/>
<USERREF USERNAME="ZPFpmiranda"/>
<USERREF USERNAME="ZPFdmorales"/>
<USERREF USERNAME="ZPFjktan"/>

</RIGHTSGROUP>

<RIGHTSGROUP  GROUPNAME="User Manager RG">
<!-- Insert Users -->
<USERREF USERNAME="ZPFkkovacs"/>
<USERREF USERNAME="ZPFoely"/>
<USERREF USERNAME="ZPFrcauad"/>
<USERREF USERNAME="ZPFryu"/>
<USERREF USERNAME="ZPFpvallar"/>
<USERREF USERNAME="ZPFjsun"/>
<USERREF USERNAME="ZPFjwang"/>
<USERREF USERNAME="ZPFsgazso"/>
<USERREF USERNAME="ZPFklim"/>
<USERREF USERNAME="ZPFaotsuka"/>
<USERREF USERNAME="ZPFkcsobalyka"/>
<USERREF USERNAME="ZPFskholti"/>
<USERREF USERNAME="ZPFsaguilar"/>
<USERREF USERNAME="ZPFaolah"/>
<USERREF USERNAME="ZPFrnoveno"/>
<USERREF USERNAME="ZPFdcleto"/>
<USERREF USERNAME="ZPFhtsuchida"/>
<USERREF USERNAME="ZPFrlogronio"/>
<USERREF USERNAME="ZPFgyvarga"/>
<USERREF USERNAME="ZPFnqi"/>
<USERREF USERNAME="ZPFcmercado"/>
<USERREF USERNAME="ZPFijohl"/>
<USERREF USERNAME="ZPFdvittay"/>
<USERREF USERNAME="ZPFmnistor"/>
<USERREF USERNAME="ZPFnreis"/>
<USERREF USERNAME="ZPFgrodriguez"/>
<USERREF USERNAME="ZPFjsumiya"/>
<USERREF USERNAME="ZPFtcabanes"/>
<USERREF USERNAME="ZPFnvergara"/>
<USERREF USERNAME="ZPFjpati"/>
<USERREF USERNAME="ZPFmgarcia"/>
<USERREF USERNAME="ZPFekosa"/>
<USERREF USERNAME="ZPFawarsama"/>
<USERREF USERNAME="ZPFjcalbento"/>
<USERREF USERNAME="ZPFnabogado"/>
<USERREF USERNAME="ZPFrsulit"/>
<USERREF USERNAME="ZPFmarintoc"/>
<USERREF USERNAME="ZPFaterjek"/>
<USERREF USERNAME="ZPFbnagy"/>
<USERREF USERNAME="ZPFtfabian"/>
<USERREF USERNAME="ZPFasalazar"/>
<USERREF USERNAME="ZPFdhitosis"/>
<USERREF USERNAME="ZPFfenero"/>
<USERREF USERNAME="ZPFjlin"/>
<USERREF USERNAME="ZPFapervaiz"/>
<USERREF USERNAME="ZPFfvarga"/>
<USERREF USERNAME="ZPFepenzes"/>

</RIGHTSGROUP>

<RIGHTSGROUP  GROUPNAME="VO">
<!-- Insert Users -->
<USERREF USERNAME="c179650"/>
<USERREF USERNAME="c190660"/>
<USERREF USERNAME="z3x1758"/>
<USERREF USERNAME="c200314"/>
<USERREF USERNAME="z3x0688"/>
<USERREF USERNAME="c200015"/>
<USERREF USERNAME="c198899"/>
<USERREF USERNAME="c189618"/>
<USERREF USERNAME="z1x4350"/>
<USERREF USERNAME="c195629"/>
<USERREF USERNAME="c192612"/>
<USERREF USERNAME="c200859"/>
<USERREF USERNAME="z1x1981"/>

</RIGHTSGROUP>

</MEDMLDATA>