<?xml version="1.0"?>
<MEDMLDATA xmlns="PhaseForward-MedML-Inform4">

<SITEGROUP SITENAME="(108) Dana Farber Cancer Institute">
<USERREF USERNAME="nryabin"/>
<USERREF USERNAME="c135748"/>
<USERREF USERNAME="i3ymcjpb0_RE"/>
<USERREF USERNAME="coder_query"/>
<USERREF USERNAME="z1x0496"/>
<USERREF USERNAME="c184712"/>
<USERREF USERNAME="z3x1197"/>
<USERREF USERNAME="kradcliffe"/>
<USERREF USERNAME="c003859"/>
<USERREF USERNAME="c083101"/>
<USERREF USERNAME="c057362"/>
<USERREF USERNAME="c039825"/>
<USERREF USERNAME="rm35504"/>
<USERREF USERNAME="c039863"/>
<USERREF USERNAME="a701824"/>
<USERREF USERNAME="c015393"/>
<USERREF USERNAME="c039853"/>
<USERREF USERNAME="ye91098"/>
<USERREF USERNAME="rm90029"/>
<USERREF USERNAME="c143125"/>
<USERREF USERNAME="v6x8058"/>
<USERREF USERNAME="c090108"/>
<USERREF USERNAME="c131994"/>
<USERREF USERNAME="c089548"/>
<USERREF USERNAME="rm94611"/>
<USERREF USERNAME="c026393"/>
<USERREF USERNAME="c026390"/>
<USERREF USERNAME="c075541"/>
<USERREF USERNAME="c071673"/>
<USERREF USERNAME="a511471"/>
<USERREF USERNAME="a803075"/>
<USERREF USERNAME="a608261"/>
<USERREF USERNAME="rm36132"/>
<USERREF USERNAME="rm35194"/>
<USERREF USERNAME="stolaney"/>
<USERREF USERNAME="ZPFpvallar"/>
<USERREF USERNAME="ZPFjsun"/>
<USERREF USERNAME="ZPFjwang"/>
<USERREF USERNAME="ZPFzleczo"/>
<USERREF USERNAME="ZPFobodnar"/>
<USERREF USERNAME="ZPFedervishaj"/>
<USERREF USERNAME="ZPFsgazso"/>
<USERREF USERNAME="ZPFklim"/>
<USERREF USERNAME="ZPFaotsuka"/>
<USERREF USERNAME="ZPFhsekine"/>
<USERREF USERNAME="ZPFkcsobalyka"/>
<USERREF USERNAME="ZPFjmacatangay"/>
<USERREF USERNAME="ZPFrducusin"/>
<USERREF USERNAME="ZPFskholti"/>
<USERREF USERNAME="ZPFsaguilar"/>
<USERREF USERNAME="ZPFaolah"/>
<USERREF USERNAME="ZPFdnagy"/>
<USERREF USERNAME="ZPFrnoveno"/>
<USERREF USERNAME="ZPFdcleto"/>
<USERREF USERNAME="ZPFlstoica"/>
<USERREF USERNAME="ZPFhtsuchida"/>
<USERREF USERNAME="ZPFrlogronio"/>
<USERREF USERNAME="ZPFgyvarga"/>
<USERREF USERNAME="ZPFnqi"/>
<USERREF USERNAME="ZPFcmercado"/>
<USERREF USERNAME="ZPFijohl"/>
<USERREF USERNAME="ZPFdvittay"/>
<USERREF USERNAME="ZPFmnistor"/>
<USERREF USERNAME="ZPFgkrucso"/>
<USERREF USERNAME="ZPFnreis"/>
<USERREF USERNAME="ZPFrcalorico"/>
<USERREF USERNAME="ZPFgrodriguez"/>
<USERREF USERNAME="ZPFjsumiya"/>
<USERREF USERNAME="ZPFtcabanes"/>
<USERREF USERNAME="ZPFnvergara"/>
<USERREF USERNAME="ZPFvsoni"/>
<USERREF USERNAME="ZPFjpati"/>
<USERREF USERNAME="ZPFmgarcia"/>
<USERREF USERNAME="ZPFekosa"/>
<USERREF USERNAME="ZPFvyana"/>
<USERREF USERNAME="ZPFmiwaki"/>
<USERREF USERNAME="ZPFsdamato"/>
<USERREF USERNAME="ZPFawarsama"/>
<USERREF USERNAME="ZPFmjcabuhayan"/>
<USERREF USERNAME="ZPFwcarmelo"/>
<USERREF USERNAME="ZPFjcalbento"/>
<USERREF USERNAME="ZPFnabogado"/>
<USERREF USERNAME="ZPFrsulit"/>
<USERREF USERNAME="ZPFmarintoc"/>
<USERREF USERNAME="ZPFmandone"/>
<USERREF USERNAME="ZPFaterjek"/>
<USERREF USERNAME="ZPFbnagy"/>
<USERREF USERNAME="ZPFtfabian"/>
<USERREF USERNAME="ZPFelibao"/>
<USERREF USERNAME="ZPFpmiranda"/>
<USERREF USERNAME="ZPFasalazar"/>
<USERREF USERNAME="ZPFdhitosis"/>
<USERREF USERNAME="ZPFdmorales"/>
<USERREF USERNAME="ZPFfenero"/>
<USERREF USERNAME="ZPFxgao"/>
<USERREF USERNAME="ZPFjlin"/>
<USERREF USERNAME="ZPFapervaiz"/>
<USERREF USERNAME="ZPFfvarga"/>
<USERREF USERNAME="ZPFepenzes"/>
<USERREF USERNAME="ZPFkkovacs"/>
<USERREF USERNAME="ZPFckalinyak"/>
<USERREF USERNAME="ZPFoely"/>
<USERREF USERNAME="ZPFjktan"/>
<USERREF USERNAME="ZPFkbarkoczi"/>
<USERREF USERNAME="ZPFrcauad"/>
<USERREF USERNAME="ZPFryu"/>
</SITEGROUP>
<SITEGROUP SITENAME="(504) Grand Hopital de Charleroi">
<USERREF USERNAME="i3ymcjpb0_RE"/>
<USERREF USERNAME="c135748"/>
<USERREF USERNAME="z1x0496"/>
<USERREF USERNAME="c184712"/>
<USERREF USERNAME="z3x1197"/>
<USERREF USERNAME="jcanon"/>
<USERREF USERNAME="jdewelle"/>
<USERREF USERNAME="sadam"/>
<USERREF USERNAME="c003859"/>
<USERREF USERNAME="c083101"/>
<USERREF USERNAME="c057362"/>
<USERREF USERNAME="c039825"/>
<USERREF USERNAME="rm35504"/>
<USERREF USERNAME="c039863"/>
<USERREF USERNAME="a701824"/>
<USERREF USERNAME="c015393"/>
<USERREF USERNAME="c039853"/>
<USERREF USERNAME="ye91098"/>
<USERREF USERNAME="rm90029"/>
<USERREF USERNAME="c143125"/>
<USERREF USERNAME="v6x8058"/>
<USERREF USERNAME="c090108"/>
<USERREF USERNAME="c131994"/>
<USERREF USERNAME="c089548"/>
<USERREF USERNAME="rm94611"/>
<USERREF USERNAME="c026393"/>
<USERREF USERNAME="c026390"/>
<USERREF USERNAME="c075541"/>
<USERREF USERNAME="c071673"/>
<USERREF USERNAME="a511471"/>
<USERREF USERNAME="a803075"/>
<USERREF USERNAME="a608261"/>
<USERREF USERNAME="rm36132"/>
<USERREF USERNAME="rm35194"/>
<USERREF USERNAME="coder_query"/>
<USERREF USERNAME="ZPFpvallar"/>
<USERREF USERNAME="ZPFjsun"/>
<USERREF USERNAME="ZPFjwang"/>
<USERREF USERNAME="ZPFzleczo"/>
<USERREF USERNAME="ZPFobodnar"/>
<USERREF USERNAME="ZPFedervishaj"/>
<USERREF USERNAME="ZPFsgazso"/>
<USERREF USERNAME="ZPFklim"/>
<USERREF USERNAME="ZPFaotsuka"/>
<USERREF USERNAME="ZPFhsekine"/>
<USERREF USERNAME="ZPFkcsobalyka"/>
<USERREF USERNAME="ZPFjmacatangay"/>
<USERREF USERNAME="ZPFrducusin"/>
<USERREF USERNAME="ZPFskholti"/>
<USERREF USERNAME="ZPFsaguilar"/>
<USERREF USERNAME="ZPFaolah"/>
<USERREF USERNAME="ZPFdnagy"/>
<USERREF USERNAME="ZPFrnoveno"/>
<USERREF USERNAME="ZPFdcleto"/>
<USERREF USERNAME="ZPFlstoica"/>
<USERREF USERNAME="ZPFhtsuchida"/>
<USERREF USERNAME="ZPFrlogronio"/>
<USERREF USERNAME="ZPFgyvarga"/>
<USERREF USERNAME="ZPFnqi"/>
<USERREF USERNAME="ZPFcmercado"/>
<USERREF USERNAME="ZPFijohl"/>
<USERREF USERNAME="ZPFdvittay"/>
<USERREF USERNAME="ZPFmnistor"/>
<USERREF USERNAME="ZPFgkrucso"/>
<USERREF USERNAME="ZPFnreis"/>
<USERREF USERNAME="ZPFrcalorico"/>
<USERREF USERNAME="ZPFgrodriguez"/>
<USERREF USERNAME="ZPFjsumiya"/>
<USERREF USERNAME="ZPFtcabanes"/>
<USERREF USERNAME="ZPFnvergara"/>
<USERREF USERNAME="ZPFvsoni"/>
<USERREF USERNAME="ZPFjpati"/>
<USERREF USERNAME="ZPFmgarcia"/>
<USERREF USERNAME="ZPFekosa"/>
<USERREF USERNAME="ZPFvyana"/>
<USERREF USERNAME="ZPFmiwaki"/>
<USERREF USERNAME="ZPFsdamato"/>
<USERREF USERNAME="ZPFawarsama"/>
<USERREF USERNAME="ZPFmjcabuhayan"/>
<USERREF USERNAME="ZPFwcarmelo"/>
<USERREF USERNAME="ZPFjcalbento"/>
<USERREF USERNAME="ZPFnabogado"/>
<USERREF USERNAME="ZPFrsulit"/>
<USERREF USERNAME="ZPFmarintoc"/>
<USERREF USERNAME="ZPFmandone"/>
<USERREF USERNAME="ZPFaterjek"/>
<USERREF USERNAME="ZPFbnagy"/>
<USERREF USERNAME="ZPFtfabian"/>
<USERREF USERNAME="ZPFelibao"/>
<USERREF USERNAME="ZPFpmiranda"/>
<USERREF USERNAME="ZPFasalazar"/>
<USERREF USERNAME="ZPFdhitosis"/>
<USERREF USERNAME="ZPFdmorales"/>
<USERREF USERNAME="ZPFfenero"/>
<USERREF USERNAME="ZPFxgao"/>
<USERREF USERNAME="ZPFjlin"/>
<USERREF USERNAME="ZPFapervaiz"/>
<USERREF USERNAME="ZPFfvarga"/>
<USERREF USERNAME="ZPFepenzes"/>
<USERREF USERNAME="ZPFkkovacs"/>
<USERREF USERNAME="ZPFckalinyak"/>
<USERREF USERNAME="ZPFoely"/>
<USERREF USERNAME="ZPFjktan"/>
<USERREF USERNAME="ZPFkbarkoczi"/>
<USERREF USERNAME="ZPFrcauad"/>
<USERREF USERNAME="ZPFryu"/>
</SITEGROUP>
<SITEGROUP SITENAME="(110) H Lee Moffitt Cancer Center and Research Institute">
<USERREF USERNAME="a608261"/>
<USERREF USERNAME="rm36132"/>
<USERREF USERNAME="rm35194"/>
<USERREF USERNAME="c135748"/>
<USERREF USERNAME="ssahebjam"/>
<USERREF USERNAME="vrenukuntla"/>
<USERREF USERNAME="i3ymcjpb0_RE"/>
<USERREF USERNAME="coder_query"/>
<USERREF USERNAME="z1x0496"/>
<USERREF USERNAME="c184712"/>
<USERREF USERNAME="c179650"/>
<USERREF USERNAME="z1x1981"/>
<USERREF USERNAME="z1x1691"/>
<USERREF USERNAME="z3x1847"/>
<USERREF USERNAME="c204035"/>
<USERREF USERNAME="z1x2603"/>
<USERREF USERNAME="z2x2246"/>
<USERREF USERNAME="z1x1865"/>
<USERREF USERNAME="c190660"/>
<USERREF USERNAME="z2x1697"/>
<USERREF USERNAME="z3x1758"/>
<USERREF USERNAME="c189618"/>
<USERREF USERNAME="z1x0386"/>
<USERREF USERNAME="z1x4350"/>
<USERREF USERNAME="z1x1982"/>
<USERREF USERNAME="c195629"/>
<USERREF USERNAME="z3x0576"/>
<USERREF USERNAME="z2x0457"/>
<USERREF USERNAME="z1x1832"/>
<USERREF USERNAME="z1x2073"/>
<USERREF USERNAME="c203175"/>
<USERREF USERNAME="c192612"/>
<USERREF USERNAME="c200314"/>
<USERREF USERNAME="c200859"/>
<USERREF USERNAME="z3x0688"/>
<USERREF USERNAME="c198899"/>
<USERREF USERNAME="c200015"/>
<USERREF USERNAME="z1z2605"/>
<USERREF USERNAME="z2x2415"/>
<USERREF USERNAME="z2x6065"/>
<USERREF USERNAME="z3x3124"/>
<USERREF USERNAME="z3x1197"/>
<USERREF USERNAME="sbart"/>
<USERREF USERNAME="z2x3300"/>
<USERREF USERNAME="z2x9894"/>
<USERREF USERNAME="c003859"/>
<USERREF USERNAME="c083101"/>
<USERREF USERNAME="c057362"/>
<USERREF USERNAME="c039825"/>
<USERREF USERNAME="rm35504"/>
<USERREF USERNAME="c039863"/>
<USERREF USERNAME="a701824"/>
<USERREF USERNAME="c015393"/>
<USERREF USERNAME="c039853"/>
<USERREF USERNAME="ye91098"/>
<USERREF USERNAME="rm90029"/>
<USERREF USERNAME="c143125"/>
<USERREF USERNAME="v6x8058"/>
<USERREF USERNAME="c090108"/>
<USERREF USERNAME="c131994"/>
<USERREF USERNAME="c089548"/>
<USERREF USERNAME="rm94611"/>
<USERREF USERNAME="c026393"/>
<USERREF USERNAME="c026390"/>
<USERREF USERNAME="c075541"/>
<USERREF USERNAME="c071673"/>
<USERREF USERNAME="a511471"/>
<USERREF USERNAME="a803075"/>
<USERREF USERNAME="ZPFpvallar"/>
<USERREF USERNAME="ZPFjsun"/>
<USERREF USERNAME="ZPFjwang"/>
<USERREF USERNAME="ZPFzleczo"/>
<USERREF USERNAME="ZPFobodnar"/>
<USERREF USERNAME="ZPFedervishaj"/>
<USERREF USERNAME="ZPFsgazso"/>
<USERREF USERNAME="ZPFklim"/>
<USERREF USERNAME="ZPFaotsuka"/>
<USERREF USERNAME="ZPFhsekine"/>
<USERREF USERNAME="ZPFkcsobalyka"/>
<USERREF USERNAME="ZPFjmacatangay"/>
<USERREF USERNAME="ZPFrducusin"/>
<USERREF USERNAME="ZPFskholti"/>
<USERREF USERNAME="ZPFsaguilar"/>
<USERREF USERNAME="ZPFaolah"/>
<USERREF USERNAME="ZPFdnagy"/>
<USERREF USERNAME="ZPFrnoveno"/>
<USERREF USERNAME="ZPFdcleto"/>
<USERREF USERNAME="ZPFlstoica"/>
<USERREF USERNAME="ZPFhtsuchida"/>
<USERREF USERNAME="ZPFrlogronio"/>
<USERREF USERNAME="ZPFgyvarga"/>
<USERREF USERNAME="ZPFnqi"/>
<USERREF USERNAME="ZPFcmercado"/>
<USERREF USERNAME="ZPFijohl"/>
<USERREF USERNAME="ZPFdvittay"/>
<USERREF USERNAME="ZPFmnistor"/>
<USERREF USERNAME="ZPFgkrucso"/>
<USERREF USERNAME="ZPFnreis"/>
<USERREF USERNAME="ZPFrcalorico"/>
<USERREF USERNAME="ZPFgrodriguez"/>
<USERREF USERNAME="ZPFjsumiya"/>
<USERREF USERNAME="ZPFtcabanes"/>
<USERREF USERNAME="ZPFnvergara"/>
<USERREF USERNAME="ZPFvsoni"/>
<USERREF USERNAME="ZPFjpati"/>
<USERREF USERNAME="ZPFmgarcia"/>
<USERREF USERNAME="ZPFekosa"/>
<USERREF USERNAME="ZPFvyana"/>
<USERREF USERNAME="ZPFmiwaki"/>
<USERREF USERNAME="ZPFsdamato"/>
<USERREF USERNAME="ZPFawarsama"/>
<USERREF USERNAME="ZPFmjcabuhayan"/>
<USERREF USERNAME="ZPFwcarmelo"/>
<USERREF USERNAME="ZPFjcalbento"/>
<USERREF USERNAME="ZPFnabogado"/>
<USERREF USERNAME="ZPFrsulit"/>
<USERREF USERNAME="ZPFmarintoc"/>
<USERREF USERNAME="ZPFmandone"/>
<USERREF USERNAME="ZPFaterjek"/>
<USERREF USERNAME="ZPFbnagy"/>
<USERREF USERNAME="ZPFtfabian"/>
<USERREF USERNAME="ZPFelibao"/>
<USERREF USERNAME="ZPFpmiranda"/>
<USERREF USERNAME="ZPFasalazar"/>
<USERREF USERNAME="ZPFdhitosis"/>
<USERREF USERNAME="ZPFdmorales"/>
<USERREF USERNAME="ZPFfenero"/>
<USERREF USERNAME="ZPFxgao"/>
<USERREF USERNAME="ZPFjlin"/>
<USERREF USERNAME="ZPFapervaiz"/>
<USERREF USERNAME="ZPFfvarga"/>
<USERREF USERNAME="ZPFepenzes"/>
<USERREF USERNAME="ZPFkkovacs"/>
<USERREF USERNAME="ZPFckalinyak"/>
<USERREF USERNAME="ZPFoely"/>
<USERREF USERNAME="ZPFjktan"/>
<USERREF USERNAME="ZPFkbarkoczi"/>
<USERREF USERNAME="ZPFrcauad"/>
<USERREF USERNAME="ZPFryu"/>
</SITEGROUP>
<SITEGROUP SITENAME="(500) Institut Jules Bordet">
<USERREF USERNAME="i3ymcjpb0_RE"/>
<USERREF USERNAME="c135748"/>
<USERREF USERNAME="z1x0496"/>
<USERREF USERNAME="c184712"/>
<USERREF USERNAME="z3x1197"/>
<USERREF USERNAME="aawada"/>
<USERREF USERNAME="abuttice"/>
<USERREF USERNAME="c003859"/>
<USERREF USERNAME="c083101"/>
<USERREF USERNAME="c057362"/>
<USERREF USERNAME="c039825"/>
<USERREF USERNAME="rm35504"/>
<USERREF USERNAME="c039863"/>
<USERREF USERNAME="a701824"/>
<USERREF USERNAME="c015393"/>
<USERREF USERNAME="c039853"/>
<USERREF USERNAME="ye91098"/>
<USERREF USERNAME="rm90029"/>
<USERREF USERNAME="c143125"/>
<USERREF USERNAME="v6x8058"/>
<USERREF USERNAME="c090108"/>
<USERREF USERNAME="c131994"/>
<USERREF USERNAME="c089548"/>
<USERREF USERNAME="rm94611"/>
<USERREF USERNAME="c026393"/>
<USERREF USERNAME="c026390"/>
<USERREF USERNAME="c075541"/>
<USERREF USERNAME="c071673"/>
<USERREF USERNAME="a511471"/>
<USERREF USERNAME="a803075"/>
<USERREF USERNAME="a608261"/>
<USERREF USERNAME="rm36132"/>
<USERREF USERNAME="rm35194"/>
<USERREF USERNAME="coder_query"/>
<USERREF USERNAME="ZPFpvallar"/>
<USERREF USERNAME="ZPFjsun"/>
<USERREF USERNAME="ZPFjwang"/>
<USERREF USERNAME="ZPFzleczo"/>
<USERREF USERNAME="ZPFobodnar"/>
<USERREF USERNAME="ZPFedervishaj"/>
<USERREF USERNAME="ZPFsgazso"/>
<USERREF USERNAME="ZPFklim"/>
<USERREF USERNAME="ZPFaotsuka"/>
<USERREF USERNAME="ZPFhsekine"/>
<USERREF USERNAME="ZPFkcsobalyka"/>
<USERREF USERNAME="ZPFjmacatangay"/>
<USERREF USERNAME="ZPFrducusin"/>
<USERREF USERNAME="ZPFskholti"/>
<USERREF USERNAME="ZPFsaguilar"/>
<USERREF USERNAME="ZPFaolah"/>
<USERREF USERNAME="ZPFdnagy"/>
<USERREF USERNAME="ZPFrnoveno"/>
<USERREF USERNAME="ZPFdcleto"/>
<USERREF USERNAME="ZPFlstoica"/>
<USERREF USERNAME="ZPFhtsuchida"/>
<USERREF USERNAME="ZPFrlogronio"/>
<USERREF USERNAME="ZPFgyvarga"/>
<USERREF USERNAME="ZPFnqi"/>
<USERREF USERNAME="ZPFcmercado"/>
<USERREF USERNAME="ZPFijohl"/>
<USERREF USERNAME="ZPFdvittay"/>
<USERREF USERNAME="ZPFmnistor"/>
<USERREF USERNAME="ZPFgkrucso"/>
<USERREF USERNAME="ZPFnreis"/>
<USERREF USERNAME="ZPFrcalorico"/>
<USERREF USERNAME="ZPFgrodriguez"/>
<USERREF USERNAME="ZPFjsumiya"/>
<USERREF USERNAME="ZPFtcabanes"/>
<USERREF USERNAME="ZPFnvergara"/>
<USERREF USERNAME="ZPFvsoni"/>
<USERREF USERNAME="ZPFjpati"/>
<USERREF USERNAME="ZPFmgarcia"/>
<USERREF USERNAME="ZPFekosa"/>
<USERREF USERNAME="ZPFvyana"/>
<USERREF USERNAME="ZPFmiwaki"/>
<USERREF USERNAME="ZPFsdamato"/>
<USERREF USERNAME="ZPFawarsama"/>
<USERREF USERNAME="ZPFmjcabuhayan"/>
<USERREF USERNAME="ZPFwcarmelo"/>
<USERREF USERNAME="ZPFjcalbento"/>
<USERREF USERNAME="ZPFnabogado"/>
<USERREF USERNAME="ZPFrsulit"/>
<USERREF USERNAME="ZPFmarintoc"/>
<USERREF USERNAME="ZPFmandone"/>
<USERREF USERNAME="ZPFaterjek"/>
<USERREF USERNAME="ZPFbnagy"/>
<USERREF USERNAME="ZPFtfabian"/>
<USERREF USERNAME="ZPFelibao"/>
<USERREF USERNAME="ZPFpmiranda"/>
<USERREF USERNAME="ZPFasalazar"/>
<USERREF USERNAME="ZPFdhitosis"/>
<USERREF USERNAME="ZPFdmorales"/>
<USERREF USERNAME="ZPFfenero"/>
<USERREF USERNAME="ZPFxgao"/>
<USERREF USERNAME="ZPFjlin"/>
<USERREF USERNAME="ZPFapervaiz"/>
<USERREF USERNAME="ZPFfvarga"/>
<USERREF USERNAME="ZPFepenzes"/>
<USERREF USERNAME="ZPFkkovacs"/>
<USERREF USERNAME="ZPFckalinyak"/>
<USERREF USERNAME="ZPFoely"/>
<USERREF USERNAME="ZPFjktan"/>
<USERREF USERNAME="ZPFkbarkoczi"/>
<USERREF USERNAME="ZPFrcauad"/>
<USERREF USERNAME="ZPFryu"/>
</SITEGROUP>
<SITEGROUP SITENAME="(116) Memorial Sloan-Kettering Cancer Center MSKCC New York">
<USERREF USERNAME="i3ymcjpb0_RE"/>
<USERREF USERNAME="c135748"/>
<USERREF USERNAME="z1x0496"/>
<USERREF USERNAME="c184712"/>
<USERREF USERNAME="z3x1197"/>
<USERREF USERNAME="aseidman"/>
<USERREF USERNAME="lreddington"/>
<USERREF USERNAME="asyldor"/>
<USERREF USERNAME="c003859"/>
<USERREF USERNAME="c083101"/>
<USERREF USERNAME="c057362"/>
<USERREF USERNAME="c039825"/>
<USERREF USERNAME="rm35504"/>
<USERREF USERNAME="c039863"/>
<USERREF USERNAME="a701824"/>
<USERREF USERNAME="c015393"/>
<USERREF USERNAME="c039853"/>
<USERREF USERNAME="ye91098"/>
<USERREF USERNAME="rm90029"/>
<USERREF USERNAME="c143125"/>
<USERREF USERNAME="v6x8058"/>
<USERREF USERNAME="c090108"/>
<USERREF USERNAME="c131994"/>
<USERREF USERNAME="c089548"/>
<USERREF USERNAME="rm94611"/>
<USERREF USERNAME="c026393"/>
<USERREF USERNAME="c026390"/>
<USERREF USERNAME="c075541"/>
<USERREF USERNAME="c071673"/>
<USERREF USERNAME="a511471"/>
<USERREF USERNAME="a803075"/>
<USERREF USERNAME="a608261"/>
<USERREF USERNAME="rm36132"/>
<USERREF USERNAME="rm35194"/>
<USERREF USERNAME="coder_query"/>
<USERREF USERNAME="ZPFpvallar"/>
<USERREF USERNAME="ZPFjsun"/>
<USERREF USERNAME="ZPFjwang"/>
<USERREF USERNAME="ZPFzleczo"/>
<USERREF USERNAME="ZPFobodnar"/>
<USERREF USERNAME="ZPFedervishaj"/>
<USERREF USERNAME="ZPFsgazso"/>
<USERREF USERNAME="ZPFklim"/>
<USERREF USERNAME="ZPFaotsuka"/>
<USERREF USERNAME="ZPFhsekine"/>
<USERREF USERNAME="ZPFkcsobalyka"/>
<USERREF USERNAME="ZPFjmacatangay"/>
<USERREF USERNAME="ZPFrducusin"/>
<USERREF USERNAME="ZPFskholti"/>
<USERREF USERNAME="ZPFsaguilar"/>
<USERREF USERNAME="ZPFaolah"/>
<USERREF USERNAME="ZPFdnagy"/>
<USERREF USERNAME="ZPFrnoveno"/>
<USERREF USERNAME="ZPFdcleto"/>
<USERREF USERNAME="ZPFlstoica"/>
<USERREF USERNAME="ZPFhtsuchida"/>
<USERREF USERNAME="ZPFrlogronio"/>
<USERREF USERNAME="ZPFgyvarga"/>
<USERREF USERNAME="ZPFnqi"/>
<USERREF USERNAME="ZPFcmercado"/>
<USERREF USERNAME="ZPFijohl"/>
<USERREF USERNAME="ZPFdvittay"/>
<USERREF USERNAME="ZPFmnistor"/>
<USERREF USERNAME="ZPFgkrucso"/>
<USERREF USERNAME="ZPFnreis"/>
<USERREF USERNAME="ZPFrcalorico"/>
<USERREF USERNAME="ZPFgrodriguez"/>
<USERREF USERNAME="ZPFjsumiya"/>
<USERREF USERNAME="ZPFtcabanes"/>
<USERREF USERNAME="ZPFnvergara"/>
<USERREF USERNAME="ZPFvsoni"/>
<USERREF USERNAME="ZPFjpati"/>
<USERREF USERNAME="ZPFmgarcia"/>
<USERREF USERNAME="ZPFekosa"/>
<USERREF USERNAME="ZPFvyana"/>
<USERREF USERNAME="ZPFmiwaki"/>
<USERREF USERNAME="ZPFsdamato"/>
<USERREF USERNAME="ZPFawarsama"/>
<USERREF USERNAME="ZPFmjcabuhayan"/>
<USERREF USERNAME="ZPFwcarmelo"/>
<USERREF USERNAME="ZPFjcalbento"/>
<USERREF USERNAME="ZPFnabogado"/>
<USERREF USERNAME="ZPFrsulit"/>
<USERREF USERNAME="ZPFmarintoc"/>
<USERREF USERNAME="ZPFmandone"/>
<USERREF USERNAME="ZPFaterjek"/>
<USERREF USERNAME="ZPFbnagy"/>
<USERREF USERNAME="ZPFtfabian"/>
<USERREF USERNAME="ZPFelibao"/>
<USERREF USERNAME="ZPFpmiranda"/>
<USERREF USERNAME="ZPFasalazar"/>
<USERREF USERNAME="ZPFdhitosis"/>
<USERREF USERNAME="ZPFdmorales"/>
<USERREF USERNAME="ZPFfenero"/>
<USERREF USERNAME="ZPFxgao"/>
<USERREF USERNAME="ZPFjlin"/>
<USERREF USERNAME="ZPFapervaiz"/>
<USERREF USERNAME="ZPFfvarga"/>
<USERREF USERNAME="ZPFepenzes"/>
<USERREF USERNAME="ZPFkkovacs"/>
<USERREF USERNAME="ZPFckalinyak"/>
<USERREF USERNAME="ZPFoely"/>
<USERREF USERNAME="ZPFjktan"/>
<USERREF USERNAME="ZPFkbarkoczi"/>
<USERREF USERNAME="ZPFrcauad"/>
<USERREF USERNAME="ZPFryu"/>
</SITEGROUP>
<SITEGROUP SITENAME="(200) Ottawa Hospital Regional Cancer Centre">
<USERREF USERNAME="rm36132"/>
<USERREF USERNAME="rm35194"/>
<USERREF USERNAME="c135748"/>
<USERREF USERNAME="jhilton"/>
<USERREF USERNAME="i3ymcjpb0_RE"/>
<USERREF USERNAME="coder_query"/>
<USERREF USERNAME="z1x0496"/>
<USERREF USERNAME="c184712"/>
<USERREF USERNAME="c179650"/>
<USERREF USERNAME="z1x1981"/>
<USERREF USERNAME="z1x1691"/>
<USERREF USERNAME="z3x1847"/>
<USERREF USERNAME="c204035"/>
<USERREF USERNAME="z1x2603"/>
<USERREF USERNAME="z2x2246"/>
<USERREF USERNAME="z1x1865"/>
<USERREF USERNAME="c190660"/>
<USERREF USERNAME="z2x1697"/>
<USERREF USERNAME="z3x1758"/>
<USERREF USERNAME="c189618"/>
<USERREF USERNAME="z1x0386"/>
<USERREF USERNAME="z1x4350"/>
<USERREF USERNAME="z1x1982"/>
<USERREF USERNAME="c195629"/>
<USERREF USERNAME="z3x0576"/>
<USERREF USERNAME="z2x0457"/>
<USERREF USERNAME="z1x1832"/>
<USERREF USERNAME="z1x2073"/>
<USERREF USERNAME="c203175"/>
<USERREF USERNAME="c192612"/>
<USERREF USERNAME="c200314"/>
<USERREF USERNAME="c200859"/>
<USERREF USERNAME="z3x0688"/>
<USERREF USERNAME="c198899"/>
<USERREF USERNAME="c200015"/>
<USERREF USERNAME="z1z2605"/>
<USERREF USERNAME="z2x2415"/>
<USERREF USERNAME="z2x6065"/>
<USERREF USERNAME="z3x3124"/>
<USERREF USERNAME="z3x1197"/>
<USERREF USERNAME="cstober"/>
<USERREF USERNAME="z2x3300"/>
<USERREF USERNAME="z2x9894"/>
<USERREF USERNAME="c003859"/>
<USERREF USERNAME="c083101"/>
<USERREF USERNAME="c057362"/>
<USERREF USERNAME="c039825"/>
<USERREF USERNAME="rm35504"/>
<USERREF USERNAME="c039863"/>
<USERREF USERNAME="a701824"/>
<USERREF USERNAME="c015393"/>
<USERREF USERNAME="c039853"/>
<USERREF USERNAME="ye91098"/>
<USERREF USERNAME="rm90029"/>
<USERREF USERNAME="c143125"/>
<USERREF USERNAME="v6x8058"/>
<USERREF USERNAME="c090108"/>
<USERREF USERNAME="c131994"/>
<USERREF USERNAME="c089548"/>
<USERREF USERNAME="rm94611"/>
<USERREF USERNAME="c026393"/>
<USERREF USERNAME="c026390"/>
<USERREF USERNAME="c075541"/>
<USERREF USERNAME="c071673"/>
<USERREF USERNAME="a511471"/>
<USERREF USERNAME="a803075"/>
<USERREF USERNAME="a608261"/>
<USERREF USERNAME="ZPFpvallar"/>
<USERREF USERNAME="ZPFjsun"/>
<USERREF USERNAME="ZPFjwang"/>
<USERREF USERNAME="ZPFzleczo"/>
<USERREF USERNAME="ZPFobodnar"/>
<USERREF USERNAME="ZPFedervishaj"/>
<USERREF USERNAME="ZPFsgazso"/>
<USERREF USERNAME="ZPFklim"/>
<USERREF USERNAME="ZPFaotsuka"/>
<USERREF USERNAME="ZPFhsekine"/>
<USERREF USERNAME="ZPFkcsobalyka"/>
<USERREF USERNAME="ZPFjmacatangay"/>
<USERREF USERNAME="ZPFrducusin"/>
<USERREF USERNAME="ZPFskholti"/>
<USERREF USERNAME="ZPFsaguilar"/>
<USERREF USERNAME="ZPFaolah"/>
<USERREF USERNAME="ZPFdnagy"/>
<USERREF USERNAME="ZPFrnoveno"/>
<USERREF USERNAME="ZPFdcleto"/>
<USERREF USERNAME="ZPFlstoica"/>
<USERREF USERNAME="ZPFhtsuchida"/>
<USERREF USERNAME="ZPFrlogronio"/>
<USERREF USERNAME="ZPFgyvarga"/>
<USERREF USERNAME="ZPFnqi"/>
<USERREF USERNAME="ZPFcmercado"/>
<USERREF USERNAME="ZPFijohl"/>
<USERREF USERNAME="ZPFdvittay"/>
<USERREF USERNAME="ZPFmnistor"/>
<USERREF USERNAME="ZPFgkrucso"/>
<USERREF USERNAME="ZPFnreis"/>
<USERREF USERNAME="ZPFrcalorico"/>
<USERREF USERNAME="ZPFgrodriguez"/>
<USERREF USERNAME="ZPFjsumiya"/>
<USERREF USERNAME="ZPFtcabanes"/>
<USERREF USERNAME="ZPFnvergara"/>
<USERREF USERNAME="ZPFvsoni"/>
<USERREF USERNAME="ZPFjpati"/>
<USERREF USERNAME="ZPFmgarcia"/>
<USERREF USERNAME="ZPFekosa"/>
<USERREF USERNAME="ZPFvyana"/>
<USERREF USERNAME="ZPFmiwaki"/>
<USERREF USERNAME="ZPFsdamato"/>
<USERREF USERNAME="ZPFawarsama"/>
<USERREF USERNAME="ZPFmjcabuhayan"/>
<USERREF USERNAME="ZPFwcarmelo"/>
<USERREF USERNAME="ZPFjcalbento"/>
<USERREF USERNAME="ZPFnabogado"/>
<USERREF USERNAME="ZPFrsulit"/>
<USERREF USERNAME="ZPFmarintoc"/>
<USERREF USERNAME="ZPFmandone"/>
<USERREF USERNAME="ZPFaterjek"/>
<USERREF USERNAME="ZPFbnagy"/>
<USERREF USERNAME="ZPFtfabian"/>
<USERREF USERNAME="ZPFelibao"/>
<USERREF USERNAME="ZPFpmiranda"/>
<USERREF USERNAME="ZPFasalazar"/>
<USERREF USERNAME="ZPFdhitosis"/>
<USERREF USERNAME="ZPFdmorales"/>
<USERREF USERNAME="ZPFfenero"/>
<USERREF USERNAME="ZPFxgao"/>
<USERREF USERNAME="ZPFjlin"/>
<USERREF USERNAME="ZPFapervaiz"/>
<USERREF USERNAME="ZPFfvarga"/>
<USERREF USERNAME="ZPFepenzes"/>
<USERREF USERNAME="ZPFkkovacs"/>
<USERREF USERNAME="ZPFckalinyak"/>
<USERREF USERNAME="ZPFoely"/>
<USERREF USERNAME="ZPFjktan"/>
<USERREF USERNAME="ZPFkbarkoczi"/>
<USERREF USERNAME="ZPFrcauad"/>
<USERREF USERNAME="ZPFryu"/>
</SITEGROUP>
<SITEGROUP SITENAME="(202) The Royal Victoria Hospital">
<USERREF USERNAME="rm36132"/>
<USERREF USERNAME="rm35194"/>
<USERREF USERNAME="c135748"/>
<USERREF USERNAME="nbouganim"/>
<USERREF USERNAME="rsharma"/>
<USERREF USERNAME="i3ymcjpb0_RE"/>
<USERREF USERNAME="coder_query"/>
<USERREF USERNAME="z1x0496"/>
<USERREF USERNAME="c184712"/>
<USERREF USERNAME="c179650"/>
<USERREF USERNAME="z1x1981"/>
<USERREF USERNAME="z1x1691"/>
<USERREF USERNAME="z3x1847"/>
<USERREF USERNAME="c204035"/>
<USERREF USERNAME="z1x2603"/>
<USERREF USERNAME="z2x2246"/>
<USERREF USERNAME="z1x1865"/>
<USERREF USERNAME="c190660"/>
<USERREF USERNAME="z2x1697"/>
<USERREF USERNAME="z3x1758"/>
<USERREF USERNAME="c189618"/>
<USERREF USERNAME="z1x0386"/>
<USERREF USERNAME="z1x4350"/>
<USERREF USERNAME="z1x1982"/>
<USERREF USERNAME="c195629"/>
<USERREF USERNAME="z3x0576"/>
<USERREF USERNAME="z2x0457"/>
<USERREF USERNAME="z1x1832"/>
<USERREF USERNAME="z1x2073"/>
<USERREF USERNAME="c203175"/>
<USERREF USERNAME="c192612"/>
<USERREF USERNAME="c200314"/>
<USERREF USERNAME="c200859"/>
<USERREF USERNAME="z3x0688"/>
<USERREF USERNAME="c198899"/>
<USERREF USERNAME="c200015"/>
<USERREF USERNAME="z1z2605"/>
<USERREF USERNAME="z2x2415"/>
<USERREF USERNAME="z2x6065"/>
<USERREF USERNAME="z3x3124"/>
<USERREF USERNAME="z3x1197"/>
<USERREF USERNAME="z2x3300"/>
<USERREF USERNAME="z2x9894"/>
<USERREF USERNAME="c003859"/>
<USERREF USERNAME="c083101"/>
<USERREF USERNAME="c057362"/>
<USERREF USERNAME="c039825"/>
<USERREF USERNAME="rm35504"/>
<USERREF USERNAME="c039863"/>
<USERREF USERNAME="a701824"/>
<USERREF USERNAME="c015393"/>
<USERREF USERNAME="c039853"/>
<USERREF USERNAME="ye91098"/>
<USERREF USERNAME="rm90029"/>
<USERREF USERNAME="c143125"/>
<USERREF USERNAME="v6x8058"/>
<USERREF USERNAME="c090108"/>
<USERREF USERNAME="c131994"/>
<USERREF USERNAME="c089548"/>
<USERREF USERNAME="rm94611"/>
<USERREF USERNAME="c026393"/>
<USERREF USERNAME="c026390"/>
<USERREF USERNAME="c075541"/>
<USERREF USERNAME="c071673"/>
<USERREF USERNAME="a511471"/>
<USERREF USERNAME="a803075"/>
<USERREF USERNAME="a608261"/>
<USERREF USERNAME="ZPFpvallar"/>
<USERREF USERNAME="ZPFjsun"/>
<USERREF USERNAME="ZPFjwang"/>
<USERREF USERNAME="ZPFzleczo"/>
<USERREF USERNAME="ZPFobodnar"/>
<USERREF USERNAME="ZPFedervishaj"/>
<USERREF USERNAME="ZPFsgazso"/>
<USERREF USERNAME="ZPFklim"/>
<USERREF USERNAME="ZPFaotsuka"/>
<USERREF USERNAME="ZPFhsekine"/>
<USERREF USERNAME="ZPFkcsobalyka"/>
<USERREF USERNAME="ZPFjmacatangay"/>
<USERREF USERNAME="ZPFrducusin"/>
<USERREF USERNAME="ZPFskholti"/>
<USERREF USERNAME="ZPFsaguilar"/>
<USERREF USERNAME="ZPFaolah"/>
<USERREF USERNAME="ZPFdnagy"/>
<USERREF USERNAME="ZPFrnoveno"/>
<USERREF USERNAME="ZPFdcleto"/>
<USERREF USERNAME="ZPFlstoica"/>
<USERREF USERNAME="ZPFhtsuchida"/>
<USERREF USERNAME="ZPFrlogronio"/>
<USERREF USERNAME="ZPFgyvarga"/>
<USERREF USERNAME="ZPFnqi"/>
<USERREF USERNAME="ZPFcmercado"/>
<USERREF USERNAME="ZPFijohl"/>
<USERREF USERNAME="ZPFdvittay"/>
<USERREF USERNAME="ZPFmnistor"/>
<USERREF USERNAME="ZPFgkrucso"/>
<USERREF USERNAME="ZPFnreis"/>
<USERREF USERNAME="ZPFrcalorico"/>
<USERREF USERNAME="ZPFgrodriguez"/>
<USERREF USERNAME="ZPFjsumiya"/>
<USERREF USERNAME="ZPFtcabanes"/>
<USERREF USERNAME="ZPFnvergara"/>
<USERREF USERNAME="ZPFvsoni"/>
<USERREF USERNAME="ZPFjpati"/>
<USERREF USERNAME="ZPFmgarcia"/>
<USERREF USERNAME="ZPFekosa"/>
<USERREF USERNAME="ZPFvyana"/>
<USERREF USERNAME="ZPFmiwaki"/>
<USERREF USERNAME="ZPFsdamato"/>
<USERREF USERNAME="ZPFawarsama"/>
<USERREF USERNAME="ZPFmjcabuhayan"/>
<USERREF USERNAME="ZPFwcarmelo"/>
<USERREF USERNAME="ZPFjcalbento"/>
<USERREF USERNAME="ZPFnabogado"/>
<USERREF USERNAME="ZPFrsulit"/>
<USERREF USERNAME="ZPFmarintoc"/>
<USERREF USERNAME="ZPFmandone"/>
<USERREF USERNAME="ZPFaterjek"/>
<USERREF USERNAME="ZPFbnagy"/>
<USERREF USERNAME="ZPFtfabian"/>
<USERREF USERNAME="ZPFelibao"/>
<USERREF USERNAME="ZPFpmiranda"/>
<USERREF USERNAME="ZPFasalazar"/>
<USERREF USERNAME="ZPFdhitosis"/>
<USERREF USERNAME="ZPFdmorales"/>
<USERREF USERNAME="ZPFfenero"/>
<USERREF USERNAME="ZPFxgao"/>
<USERREF USERNAME="ZPFjlin"/>
<USERREF USERNAME="ZPFapervaiz"/>
<USERREF USERNAME="ZPFfvarga"/>
<USERREF USERNAME="ZPFepenzes"/>
<USERREF USERNAME="ZPFkkovacs"/>
<USERREF USERNAME="ZPFckalinyak"/>
<USERREF USERNAME="ZPFoely"/>
<USERREF USERNAME="ZPFjktan"/>
<USERREF USERNAME="ZPFkbarkoczi"/>
<USERREF USERNAME="ZPFrcauad"/>
<USERREF USERNAME="ZPFryu"/>
</SITEGROUP>
<SITEGROUP SITENAME="(502) UZ Leuven">
<USERREF USERNAME="i3ymcjpb0_RE"/>
<USERREF USERNAME="c135748"/>
<USERREF USERNAME="z1x0496"/>
<USERREF USERNAME="c184712"/>
<USERREF USERNAME="z3x1197"/>
<USERREF USERNAME="c003859"/>
<USERREF USERNAME="c083101"/>
<USERREF USERNAME="c057362"/>
<USERREF USERNAME="c039825"/>
<USERREF USERNAME="rm35504"/>
<USERREF USERNAME="c039863"/>
<USERREF USERNAME="a701824"/>
<USERREF USERNAME="c015393"/>
<USERREF USERNAME="c039853"/>
<USERREF USERNAME="ye91098"/>
<USERREF USERNAME="rm90029"/>
<USERREF USERNAME="c143125"/>
<USERREF USERNAME="v6x8058"/>
<USERREF USERNAME="c090108"/>
<USERREF USERNAME="c131994"/>
<USERREF USERNAME="c089548"/>
<USERREF USERNAME="rm94611"/>
<USERREF USERNAME="c026393"/>
<USERREF USERNAME="c026390"/>
<USERREF USERNAME="c075541"/>
<USERREF USERNAME="c071673"/>
<USERREF USERNAME="a511471"/>
<USERREF USERNAME="a803075"/>
<USERREF USERNAME="a608261"/>
<USERREF USERNAME="rm36132"/>
<USERREF USERNAME="rm35194"/>
<USERREF USERNAME="coder_query"/>
<USERREF USERNAME="ZPFpvallar"/>
<USERREF USERNAME="ZPFjsun"/>
<USERREF USERNAME="ZPFjwang"/>
<USERREF USERNAME="ZPFzleczo"/>
<USERREF USERNAME="ZPFobodnar"/>
<USERREF USERNAME="ZPFedervishaj"/>
<USERREF USERNAME="ZPFsgazso"/>
<USERREF USERNAME="ZPFklim"/>
<USERREF USERNAME="ZPFaotsuka"/>
<USERREF USERNAME="ZPFhsekine"/>
<USERREF USERNAME="ZPFkcsobalyka"/>
<USERREF USERNAME="ZPFjmacatangay"/>
<USERREF USERNAME="ZPFrducusin"/>
<USERREF USERNAME="ZPFskholti"/>
<USERREF USERNAME="ZPFsaguilar"/>
<USERREF USERNAME="ZPFaolah"/>
<USERREF USERNAME="ZPFdnagy"/>
<USERREF USERNAME="ZPFrnoveno"/>
<USERREF USERNAME="ZPFdcleto"/>
<USERREF USERNAME="ZPFlstoica"/>
<USERREF USERNAME="ZPFhtsuchida"/>
<USERREF USERNAME="ZPFrlogronio"/>
<USERREF USERNAME="ZPFgyvarga"/>
<USERREF USERNAME="ZPFnqi"/>
<USERREF USERNAME="ZPFcmercado"/>
<USERREF USERNAME="ZPFijohl"/>
<USERREF USERNAME="ZPFdvittay"/>
<USERREF USERNAME="ZPFmnistor"/>
<USERREF USERNAME="ZPFgkrucso"/>
<USERREF USERNAME="ZPFnreis"/>
<USERREF USERNAME="ZPFrcalorico"/>
<USERREF USERNAME="ZPFgrodriguez"/>
<USERREF USERNAME="ZPFjsumiya"/>
<USERREF USERNAME="ZPFtcabanes"/>
<USERREF USERNAME="ZPFnvergara"/>
<USERREF USERNAME="ZPFvsoni"/>
<USERREF USERNAME="ZPFjpati"/>
<USERREF USERNAME="ZPFmgarcia"/>
<USERREF USERNAME="ZPFekosa"/>
<USERREF USERNAME="ZPFvyana"/>
<USERREF USERNAME="ZPFmiwaki"/>
<USERREF USERNAME="ZPFsdamato"/>
<USERREF USERNAME="ZPFawarsama"/>
<USERREF USERNAME="ZPFmjcabuhayan"/>
<USERREF USERNAME="ZPFwcarmelo"/>
<USERREF USERNAME="ZPFjcalbento"/>
<USERREF USERNAME="ZPFnabogado"/>
<USERREF USERNAME="ZPFrsulit"/>
<USERREF USERNAME="ZPFmarintoc"/>
<USERREF USERNAME="ZPFmandone"/>
<USERREF USERNAME="ZPFaterjek"/>
<USERREF USERNAME="ZPFbnagy"/>
<USERREF USERNAME="ZPFtfabian"/>
<USERREF USERNAME="ZPFelibao"/>
<USERREF USERNAME="ZPFpmiranda"/>
<USERREF USERNAME="ZPFasalazar"/>
<USERREF USERNAME="ZPFdhitosis"/>
<USERREF USERNAME="ZPFdmorales"/>
<USERREF USERNAME="ZPFfenero"/>
<USERREF USERNAME="ZPFxgao"/>
<USERREF USERNAME="ZPFjlin"/>
<USERREF USERNAME="ZPFapervaiz"/>
<USERREF USERNAME="ZPFfvarga"/>
<USERREF USERNAME="ZPFepenzes"/>
<USERREF USERNAME="ZPFkkovacs"/>
<USERREF USERNAME="ZPFckalinyak"/>
<USERREF USERNAME="ZPFoely"/>
<USERREF USERNAME="ZPFjktan"/>
<USERREF USERNAME="ZPFkbarkoczi"/>
<USERREF USERNAME="ZPFrcauad"/>
<USERREF USERNAME="ZPFryu"/>
</SITEGROUP>
<SITEGROUP SITENAME="(106) University of California">
<USERREF USERNAME="adeluca"/>
<USERREF USERNAME="mmelisko"/>
<USERREF USERNAME="i3ymcjpb0_RE"/>
<USERREF USERNAME="coder_query"/>
<USERREF USERNAME="z1x0496"/>
<USERREF USERNAME="c184712"/>
<USERREF USERNAME="c179650"/>
<USERREF USERNAME="z1x1981"/>
<USERREF USERNAME="z1x1691"/>
<USERREF USERNAME="z3x1847"/>
<USERREF USERNAME="c204035"/>
<USERREF USERNAME="z1x2603"/>
<USERREF USERNAME="z2x2246"/>
<USERREF USERNAME="z1x1865"/>
<USERREF USERNAME="c190660"/>
<USERREF USERNAME="z2x1697"/>
<USERREF USERNAME="z3x1758"/>
<USERREF USERNAME="c189618"/>
<USERREF USERNAME="z1x0386"/>
<USERREF USERNAME="z1x4350"/>
<USERREF USERNAME="z1x1982"/>
<USERREF USERNAME="c195629"/>
<USERREF USERNAME="z3x0576"/>
<USERREF USERNAME="z2x0457"/>
<USERREF USERNAME="z1x1832"/>
<USERREF USERNAME="z1x2073"/>
<USERREF USERNAME="c203175"/>
<USERREF USERNAME="c192612"/>
<USERREF USERNAME="c200314"/>
<USERREF USERNAME="c200859"/>
<USERREF USERNAME="z3x0688"/>
<USERREF USERNAME="c198899"/>
<USERREF USERNAME="c200015"/>
<USERREF USERNAME="z1z2605"/>
<USERREF USERNAME="z2x2415"/>
<USERREF USERNAME="z2x6065"/>
<USERREF USERNAME="z3x3124"/>
<USERREF USERNAME="z3x1197"/>
<USERREF USERNAME="z2x3300"/>
<USERREF USERNAME="z2x9894"/>
<USERREF USERNAME="c003859"/>
<USERREF USERNAME="c083101"/>
<USERREF USERNAME="c057362"/>
<USERREF USERNAME="c039825"/>
<USERREF USERNAME="rm35504"/>
<USERREF USERNAME="c039863"/>
<USERREF USERNAME="a701824"/>
<USERREF USERNAME="c015393"/>
<USERREF USERNAME="c039853"/>
<USERREF USERNAME="ye91098"/>
<USERREF USERNAME="rm90029"/>
<USERREF USERNAME="c143125"/>
<USERREF USERNAME="v6x8058"/>
<USERREF USERNAME="c090108"/>
<USERREF USERNAME="c131994"/>
<USERREF USERNAME="c089548"/>
<USERREF USERNAME="rm94611"/>
<USERREF USERNAME="c026393"/>
<USERREF USERNAME="c026390"/>
<USERREF USERNAME="c075541"/>
<USERREF USERNAME="c071673"/>
<USERREF USERNAME="a511471"/>
<USERREF USERNAME="a803075"/>
<USERREF USERNAME="a608261"/>
<USERREF USERNAME="rm36132"/>
<USERREF USERNAME="rm35194"/>
<USERREF USERNAME="c135748"/>
<USERREF USERNAME="ZPFpvallar"/>
<USERREF USERNAME="ZPFjsun"/>
<USERREF USERNAME="ZPFjwang"/>
<USERREF USERNAME="ZPFzleczo"/>
<USERREF USERNAME="ZPFobodnar"/>
<USERREF USERNAME="ZPFedervishaj"/>
<USERREF USERNAME="ZPFsgazso"/>
<USERREF USERNAME="ZPFklim"/>
<USERREF USERNAME="ZPFaotsuka"/>
<USERREF USERNAME="ZPFhsekine"/>
<USERREF USERNAME="ZPFkcsobalyka"/>
<USERREF USERNAME="ZPFjmacatangay"/>
<USERREF USERNAME="ZPFrducusin"/>
<USERREF USERNAME="ZPFskholti"/>
<USERREF USERNAME="ZPFsaguilar"/>
<USERREF USERNAME="ZPFaolah"/>
<USERREF USERNAME="ZPFdnagy"/>
<USERREF USERNAME="ZPFrnoveno"/>
<USERREF USERNAME="ZPFdcleto"/>
<USERREF USERNAME="ZPFlstoica"/>
<USERREF USERNAME="ZPFhtsuchida"/>
<USERREF USERNAME="ZPFrlogronio"/>
<USERREF USERNAME="ZPFgyvarga"/>
<USERREF USERNAME="ZPFnqi"/>
<USERREF USERNAME="ZPFcmercado"/>
<USERREF USERNAME="ZPFijohl"/>
<USERREF USERNAME="ZPFdvittay"/>
<USERREF USERNAME="ZPFmnistor"/>
<USERREF USERNAME="ZPFgkrucso"/>
<USERREF USERNAME="ZPFnreis"/>
<USERREF USERNAME="ZPFrcalorico"/>
<USERREF USERNAME="ZPFgrodriguez"/>
<USERREF USERNAME="ZPFjsumiya"/>
<USERREF USERNAME="ZPFtcabanes"/>
<USERREF USERNAME="ZPFnvergara"/>
<USERREF USERNAME="ZPFvsoni"/>
<USERREF USERNAME="ZPFjpati"/>
<USERREF USERNAME="ZPFmgarcia"/>
<USERREF USERNAME="ZPFekosa"/>
<USERREF USERNAME="ZPFvyana"/>
<USERREF USERNAME="ZPFmiwaki"/>
<USERREF USERNAME="ZPFsdamato"/>
<USERREF USERNAME="ZPFawarsama"/>
<USERREF USERNAME="ZPFmjcabuhayan"/>
<USERREF USERNAME="ZPFwcarmelo"/>
<USERREF USERNAME="ZPFjcalbento"/>
<USERREF USERNAME="ZPFnabogado"/>
<USERREF USERNAME="ZPFrsulit"/>
<USERREF USERNAME="ZPFmarintoc"/>
<USERREF USERNAME="ZPFmandone"/>
<USERREF USERNAME="ZPFaterjek"/>
<USERREF USERNAME="ZPFbnagy"/>
<USERREF USERNAME="ZPFtfabian"/>
<USERREF USERNAME="ZPFelibao"/>
<USERREF USERNAME="ZPFpmiranda"/>
<USERREF USERNAME="ZPFasalazar"/>
<USERREF USERNAME="ZPFdhitosis"/>
<USERREF USERNAME="ZPFdmorales"/>
<USERREF USERNAME="ZPFfenero"/>
<USERREF USERNAME="ZPFxgao"/>
<USERREF USERNAME="ZPFjlin"/>
<USERREF USERNAME="ZPFapervaiz"/>
<USERREF USERNAME="ZPFfvarga"/>
<USERREF USERNAME="ZPFepenzes"/>
<USERREF USERNAME="ZPFkkovacs"/>
<USERREF USERNAME="ZPFckalinyak"/>
<USERREF USERNAME="ZPFoely"/>
<USERREF USERNAME="ZPFjktan"/>
<USERREF USERNAME="ZPFkbarkoczi"/>
<USERREF USERNAME="ZPFrcauad"/>
<USERREF USERNAME="ZPFryu"/>
</SITEGROUP>
<SITEGROUP SITENAME="(104) University of California San Diego">
<USERREF USERNAME="rm90029"/>
<USERREF USERNAME="c143125"/>
<USERREF USERNAME="v6x8058"/>
<USERREF USERNAME="c090108"/>
<USERREF USERNAME="c131994"/>
<USERREF USERNAME="c089548"/>
<USERREF USERNAME="rm94611"/>
<USERREF USERNAME="c026393"/>
<USERREF USERNAME="c026390"/>
<USERREF USERNAME="c075541"/>
<USERREF USERNAME="c071673"/>
<USERREF USERNAME="a511471"/>
<USERREF USERNAME="a803075"/>
<USERREF USERNAME="a608261"/>
<USERREF USERNAME="rm36132"/>
<USERREF USERNAME="rm35194"/>
<USERREF USERNAME="c135748"/>
<USERREF USERNAME="skesari"/>
<USERREF USERNAME="lrose"/>
<USERREF USERNAME="i3ymcjpb0_RE"/>
<USERREF USERNAME="coder_query"/>
<USERREF USERNAME="z1x0496"/>
<USERREF USERNAME="c184712"/>
<USERREF USERNAME="c179650"/>
<USERREF USERNAME="z1x1981"/>
<USERREF USERNAME="z1x1691"/>
<USERREF USERNAME="z3x1847"/>
<USERREF USERNAME="c204035"/>
<USERREF USERNAME="z1x2603"/>
<USERREF USERNAME="z2x2246"/>
<USERREF USERNAME="z1x1865"/>
<USERREF USERNAME="c190660"/>
<USERREF USERNAME="z2x1697"/>
<USERREF USERNAME="z3x1758"/>
<USERREF USERNAME="c189618"/>
<USERREF USERNAME="z1x0386"/>
<USERREF USERNAME="z1x4350"/>
<USERREF USERNAME="z1x1982"/>
<USERREF USERNAME="c195629"/>
<USERREF USERNAME="z3x0576"/>
<USERREF USERNAME="z2x0457"/>
<USERREF USERNAME="z1x1832"/>
<USERREF USERNAME="z1x2073"/>
<USERREF USERNAME="c203175"/>
<USERREF USERNAME="c192612"/>
<USERREF USERNAME="c200314"/>
<USERREF USERNAME="c200859"/>
<USERREF USERNAME="z3x0688"/>
<USERREF USERNAME="c198899"/>
<USERREF USERNAME="c200015"/>
<USERREF USERNAME="z1z2605"/>
<USERREF USERNAME="z2x2415"/>
<USERREF USERNAME="z2x6065"/>
<USERREF USERNAME="z3x3124"/>
<USERREF USERNAME="z3x1197"/>
<USERREF USERNAME="z2x3300"/>
<USERREF USERNAME="z2x9894"/>
<USERREF USERNAME="c003859"/>
<USERREF USERNAME="c083101"/>
<USERREF USERNAME="c057362"/>
<USERREF USERNAME="c039825"/>
<USERREF USERNAME="rm35504"/>
<USERREF USERNAME="c039863"/>
<USERREF USERNAME="a701824"/>
<USERREF USERNAME="c015393"/>
<USERREF USERNAME="c039853"/>
<USERREF USERNAME="ye91098"/>
<USERREF USERNAME="ZPFpvallar"/>
<USERREF USERNAME="ZPFjsun"/>
<USERREF USERNAME="ZPFjwang"/>
<USERREF USERNAME="ZPFzleczo"/>
<USERREF USERNAME="ZPFobodnar"/>
<USERREF USERNAME="ZPFedervishaj"/>
<USERREF USERNAME="ZPFsgazso"/>
<USERREF USERNAME="ZPFklim"/>
<USERREF USERNAME="ZPFaotsuka"/>
<USERREF USERNAME="ZPFhsekine"/>
<USERREF USERNAME="ZPFkcsobalyka"/>
<USERREF USERNAME="ZPFjmacatangay"/>
<USERREF USERNAME="ZPFrducusin"/>
<USERREF USERNAME="ZPFskholti"/>
<USERREF USERNAME="ZPFsaguilar"/>
<USERREF USERNAME="ZPFaolah"/>
<USERREF USERNAME="ZPFdnagy"/>
<USERREF USERNAME="ZPFrnoveno"/>
<USERREF USERNAME="ZPFdcleto"/>
<USERREF USERNAME="ZPFlstoica"/>
<USERREF USERNAME="ZPFhtsuchida"/>
<USERREF USERNAME="ZPFrlogronio"/>
<USERREF USERNAME="ZPFgyvarga"/>
<USERREF USERNAME="ZPFnqi"/>
<USERREF USERNAME="ZPFcmercado"/>
<USERREF USERNAME="ZPFijohl"/>
<USERREF USERNAME="ZPFdvittay"/>
<USERREF USERNAME="ZPFmnistor"/>
<USERREF USERNAME="ZPFgkrucso"/>
<USERREF USERNAME="ZPFnreis"/>
<USERREF USERNAME="ZPFrcalorico"/>
<USERREF USERNAME="ZPFgrodriguez"/>
<USERREF USERNAME="ZPFjsumiya"/>
<USERREF USERNAME="ZPFtcabanes"/>
<USERREF USERNAME="ZPFnvergara"/>
<USERREF USERNAME="ZPFvsoni"/>
<USERREF USERNAME="ZPFjpati"/>
<USERREF USERNAME="ZPFmgarcia"/>
<USERREF USERNAME="ZPFekosa"/>
<USERREF USERNAME="ZPFvyana"/>
<USERREF USERNAME="ZPFmiwaki"/>
<USERREF USERNAME="ZPFsdamato"/>
<USERREF USERNAME="ZPFawarsama"/>
<USERREF USERNAME="ZPFmjcabuhayan"/>
<USERREF USERNAME="ZPFwcarmelo"/>
<USERREF USERNAME="ZPFjcalbento"/>
<USERREF USERNAME="ZPFnabogado"/>
<USERREF USERNAME="ZPFrsulit"/>
<USERREF USERNAME="ZPFmarintoc"/>
<USERREF USERNAME="ZPFmandone"/>
<USERREF USERNAME="ZPFaterjek"/>
<USERREF USERNAME="ZPFbnagy"/>
<USERREF USERNAME="ZPFtfabian"/>
<USERREF USERNAME="ZPFelibao"/>
<USERREF USERNAME="ZPFpmiranda"/>
<USERREF USERNAME="ZPFasalazar"/>
<USERREF USERNAME="ZPFdhitosis"/>
<USERREF USERNAME="ZPFdmorales"/>
<USERREF USERNAME="ZPFfenero"/>
<USERREF USERNAME="ZPFxgao"/>
<USERREF USERNAME="ZPFjlin"/>
<USERREF USERNAME="ZPFapervaiz"/>
<USERREF USERNAME="ZPFfvarga"/>
<USERREF USERNAME="ZPFepenzes"/>
<USERREF USERNAME="ZPFkkovacs"/>
<USERREF USERNAME="ZPFckalinyak"/>
<USERREF USERNAME="ZPFoely"/>
<USERREF USERNAME="ZPFjktan"/>
<USERREF USERNAME="ZPFkbarkoczi"/>
<USERREF USERNAME="ZPFrcauad"/>
<USERREF USERNAME="ZPFryu"/>
</SITEGROUP>
<SITEGROUP SITENAME="(100) University of Colorado">
<USERREF USERNAME="rm94611"/>
<USERREF USERNAME="c026393"/>
<USERREF USERNAME="c026390"/>
<USERREF USERNAME="c075541"/>
<USERREF USERNAME="c071673"/>
<USERREF USERNAME="a511471"/>
<USERREF USERNAME="a803075"/>
<USERREF USERNAME="pkabos"/>
<USERREF USERNAME="ejordan"/>
<USERREF USERNAME="tcolvin"/>
<USERREF USERNAME="i3ymcjpb0_RE"/>
<USERREF USERNAME="coder_query"/>
<USERREF USERNAME="z1x0496"/>
<USERREF USERNAME="c184712"/>
<USERREF USERNAME="c179650"/>
<USERREF USERNAME="z1x1981"/>
<USERREF USERNAME="z1x1691"/>
<USERREF USERNAME="z3x1847"/>
<USERREF USERNAME="c204035"/>
<USERREF USERNAME="z1x2603"/>
<USERREF USERNAME="z2x2246"/>
<USERREF USERNAME="z1x1865"/>
<USERREF USERNAME="c190660"/>
<USERREF USERNAME="z2x1697"/>
<USERREF USERNAME="z3x1758"/>
<USERREF USERNAME="c189618"/>
<USERREF USERNAME="z1x0386"/>
<USERREF USERNAME="z1x4350"/>
<USERREF USERNAME="z1x1982"/>
<USERREF USERNAME="c195629"/>
<USERREF USERNAME="z3x0576"/>
<USERREF USERNAME="z2x0457"/>
<USERREF USERNAME="z1x1832"/>
<USERREF USERNAME="z1x2073"/>
<USERREF USERNAME="c203175"/>
<USERREF USERNAME="c192612"/>
<USERREF USERNAME="c200314"/>
<USERREF USERNAME="c200859"/>
<USERREF USERNAME="z3x0688"/>
<USERREF USERNAME="c198899"/>
<USERREF USERNAME="c200015"/>
<USERREF USERNAME="z1z2605"/>
<USERREF USERNAME="z2x2415"/>
<USERREF USERNAME="z2x6065"/>
<USERREF USERNAME="z3x3124"/>
<USERREF USERNAME="z3x1197"/>
<USERREF USERNAME="z2x3300"/>
<USERREF USERNAME="z2x9894"/>
<USERREF USERNAME="c003859"/>
<USERREF USERNAME="c083101"/>
<USERREF USERNAME="c057362"/>
<USERREF USERNAME="c039825"/>
<USERREF USERNAME="rm35504"/>
<USERREF USERNAME="c039863"/>
<USERREF USERNAME="a701824"/>
<USERREF USERNAME="c015393"/>
<USERREF USERNAME="c039853"/>
<USERREF USERNAME="ye91098"/>
<USERREF USERNAME="rm90029"/>
<USERREF USERNAME="c143125"/>
<USERREF USERNAME="v6x8058"/>
<USERREF USERNAME="c090108"/>
<USERREF USERNAME="c131994"/>
<USERREF USERNAME="c089548"/>
<USERREF USERNAME="a608261"/>
<USERREF USERNAME="rm36132"/>
<USERREF USERNAME="rm35194"/>
<USERREF USERNAME="c135748"/>
<USERREF USERNAME="ZPFpvallar"/>
<USERREF USERNAME="ZPFjsun"/>
<USERREF USERNAME="ZPFjwang"/>
<USERREF USERNAME="ZPFzleczo"/>
<USERREF USERNAME="ZPFobodnar"/>
<USERREF USERNAME="ZPFedervishaj"/>
<USERREF USERNAME="ZPFsgazso"/>
<USERREF USERNAME="ZPFklim"/>
<USERREF USERNAME="ZPFaotsuka"/>
<USERREF USERNAME="ZPFhsekine"/>
<USERREF USERNAME="ZPFkcsobalyka"/>
<USERREF USERNAME="ZPFjmacatangay"/>
<USERREF USERNAME="ZPFrducusin"/>
<USERREF USERNAME="ZPFskholti"/>
<USERREF USERNAME="ZPFsaguilar"/>
<USERREF USERNAME="ZPFaolah"/>
<USERREF USERNAME="ZPFdnagy"/>
<USERREF USERNAME="ZPFrnoveno"/>
<USERREF USERNAME="ZPFdcleto"/>
<USERREF USERNAME="ZPFlstoica"/>
<USERREF USERNAME="ZPFhtsuchida"/>
<USERREF USERNAME="ZPFrlogronio"/>
<USERREF USERNAME="ZPFgyvarga"/>
<USERREF USERNAME="ZPFnqi"/>
<USERREF USERNAME="ZPFcmercado"/>
<USERREF USERNAME="ZPFijohl"/>
<USERREF USERNAME="ZPFdvittay"/>
<USERREF USERNAME="ZPFmnistor"/>
<USERREF USERNAME="ZPFgkrucso"/>
<USERREF USERNAME="ZPFnreis"/>
<USERREF USERNAME="ZPFrcalorico"/>
<USERREF USERNAME="ZPFgrodriguez"/>
<USERREF USERNAME="ZPFjsumiya"/>
<USERREF USERNAME="ZPFtcabanes"/>
<USERREF USERNAME="ZPFnvergara"/>
<USERREF USERNAME="ZPFvsoni"/>
<USERREF USERNAME="ZPFjpati"/>
<USERREF USERNAME="ZPFmgarcia"/>
<USERREF USERNAME="ZPFekosa"/>
<USERREF USERNAME="ZPFvyana"/>
<USERREF USERNAME="ZPFmiwaki"/>
<USERREF USERNAME="ZPFsdamato"/>
<USERREF USERNAME="ZPFawarsama"/>
<USERREF USERNAME="ZPFmjcabuhayan"/>
<USERREF USERNAME="ZPFwcarmelo"/>
<USERREF USERNAME="ZPFjcalbento"/>
<USERREF USERNAME="ZPFnabogado"/>
<USERREF USERNAME="ZPFrsulit"/>
<USERREF USERNAME="ZPFmarintoc"/>
<USERREF USERNAME="ZPFmandone"/>
<USERREF USERNAME="ZPFaterjek"/>
<USERREF USERNAME="ZPFbnagy"/>
<USERREF USERNAME="ZPFtfabian"/>
<USERREF USERNAME="ZPFelibao"/>
<USERREF USERNAME="ZPFpmiranda"/>
<USERREF USERNAME="ZPFasalazar"/>
<USERREF USERNAME="ZPFdhitosis"/>
<USERREF USERNAME="ZPFdmorales"/>
<USERREF USERNAME="ZPFfenero"/>
<USERREF USERNAME="ZPFxgao"/>
<USERREF USERNAME="ZPFjlin"/>
<USERREF USERNAME="ZPFapervaiz"/>
<USERREF USERNAME="ZPFfvarga"/>
<USERREF USERNAME="ZPFepenzes"/>
<USERREF USERNAME="ZPFkkovacs"/>
<USERREF USERNAME="ZPFckalinyak"/>
<USERREF USERNAME="ZPFoely"/>
<USERREF USERNAME="ZPFjktan"/>
<USERREF USERNAME="ZPFkbarkoczi"/>
<USERREF USERNAME="ZPFrcauad"/>
<USERREF USERNAME="ZPFryu"/>
</SITEGROUP>
<SITEGROUP SITENAME="(112) University of Michigan Medical Center - Main Campus">
<USERREF USERNAME="c089548"/>
<USERREF USERNAME="rm94611"/>
<USERREF USERNAME="c026393"/>
<USERREF USERNAME="c026390"/>
<USERREF USERNAME="c075541"/>
<USERREF USERNAME="c071673"/>
<USERREF USERNAME="a511471"/>
<USERREF USERNAME="a803075"/>
<USERREF USERNAME="a608261"/>
<USERREF USERNAME="rm36132"/>
<USERREF USERNAME="rm35194"/>
<USERREF USERNAME="c135748"/>
<USERREF USERNAME="amorikawa"/>
<USERREF USERNAME="nmccullough"/>
<USERREF USERNAME="i3ymcjpb0_RE"/>
<USERREF USERNAME="coder_query"/>
<USERREF USERNAME="z1x0496"/>
<USERREF USERNAME="c184712"/>
<USERREF USERNAME="c179650"/>
<USERREF USERNAME="z1x1981"/>
<USERREF USERNAME="z1x1691"/>
<USERREF USERNAME="z3x1847"/>
<USERREF USERNAME="c204035"/>
<USERREF USERNAME="z1x2603"/>
<USERREF USERNAME="z2x2246"/>
<USERREF USERNAME="z1x1865"/>
<USERREF USERNAME="c190660"/>
<USERREF USERNAME="z2x1697"/>
<USERREF USERNAME="z3x1758"/>
<USERREF USERNAME="c189618"/>
<USERREF USERNAME="z1x0386"/>
<USERREF USERNAME="z1x4350"/>
<USERREF USERNAME="z1x1982"/>
<USERREF USERNAME="c195629"/>
<USERREF USERNAME="z3x0576"/>
<USERREF USERNAME="z2x0457"/>
<USERREF USERNAME="z1x1832"/>
<USERREF USERNAME="z1x2073"/>
<USERREF USERNAME="c203175"/>
<USERREF USERNAME="c192612"/>
<USERREF USERNAME="c200314"/>
<USERREF USERNAME="c200859"/>
<USERREF USERNAME="z3x0688"/>
<USERREF USERNAME="c198899"/>
<USERREF USERNAME="c200015"/>
<USERREF USERNAME="z1z2605"/>
<USERREF USERNAME="z2x2415"/>
<USERREF USERNAME="z2x6065"/>
<USERREF USERNAME="z3x3124"/>
<USERREF USERNAME="z3x1197"/>
<USERREF USERNAME="msmith"/>
<USERREF USERNAME="danderson"/>
<USERREF USERNAME="z2x3300"/>
<USERREF USERNAME="z2x9894"/>
<USERREF USERNAME="c003859"/>
<USERREF USERNAME="c083101"/>
<USERREF USERNAME="c057362"/>
<USERREF USERNAME="c039825"/>
<USERREF USERNAME="rm35504"/>
<USERREF USERNAME="c039863"/>
<USERREF USERNAME="a701824"/>
<USERREF USERNAME="c015393"/>
<USERREF USERNAME="c039853"/>
<USERREF USERNAME="ye91098"/>
<USERREF USERNAME="rm90029"/>
<USERREF USERNAME="c143125"/>
<USERREF USERNAME="v6x8058"/>
<USERREF USERNAME="c090108"/>
<USERREF USERNAME="c131994"/>
<USERREF USERNAME="ZPFpvallar"/>
<USERREF USERNAME="ZPFjsun"/>
<USERREF USERNAME="ZPFjwang"/>
<USERREF USERNAME="ZPFzleczo"/>
<USERREF USERNAME="ZPFobodnar"/>
<USERREF USERNAME="ZPFedervishaj"/>
<USERREF USERNAME="ZPFsgazso"/>
<USERREF USERNAME="ZPFklim"/>
<USERREF USERNAME="ZPFaotsuka"/>
<USERREF USERNAME="ZPFhsekine"/>
<USERREF USERNAME="ZPFkcsobalyka"/>
<USERREF USERNAME="ZPFjmacatangay"/>
<USERREF USERNAME="ZPFrducusin"/>
<USERREF USERNAME="ZPFskholti"/>
<USERREF USERNAME="ZPFsaguilar"/>
<USERREF USERNAME="ZPFaolah"/>
<USERREF USERNAME="ZPFdnagy"/>
<USERREF USERNAME="ZPFrnoveno"/>
<USERREF USERNAME="ZPFdcleto"/>
<USERREF USERNAME="ZPFlstoica"/>
<USERREF USERNAME="ZPFhtsuchida"/>
<USERREF USERNAME="ZPFrlogronio"/>
<USERREF USERNAME="ZPFgyvarga"/>
<USERREF USERNAME="ZPFnqi"/>
<USERREF USERNAME="ZPFcmercado"/>
<USERREF USERNAME="ZPFijohl"/>
<USERREF USERNAME="ZPFdvittay"/>
<USERREF USERNAME="ZPFmnistor"/>
<USERREF USERNAME="ZPFgkrucso"/>
<USERREF USERNAME="ZPFnreis"/>
<USERREF USERNAME="ZPFrcalorico"/>
<USERREF USERNAME="ZPFgrodriguez"/>
<USERREF USERNAME="ZPFjsumiya"/>
<USERREF USERNAME="ZPFtcabanes"/>
<USERREF USERNAME="ZPFnvergara"/>
<USERREF USERNAME="ZPFvsoni"/>
<USERREF USERNAME="ZPFjpati"/>
<USERREF USERNAME="ZPFmgarcia"/>
<USERREF USERNAME="ZPFekosa"/>
<USERREF USERNAME="ZPFvyana"/>
<USERREF USERNAME="ZPFmiwaki"/>
<USERREF USERNAME="ZPFsdamato"/>
<USERREF USERNAME="ZPFawarsama"/>
<USERREF USERNAME="ZPFmjcabuhayan"/>
<USERREF USERNAME="ZPFwcarmelo"/>
<USERREF USERNAME="ZPFjcalbento"/>
<USERREF USERNAME="ZPFnabogado"/>
<USERREF USERNAME="ZPFrsulit"/>
<USERREF USERNAME="ZPFmarintoc"/>
<USERREF USERNAME="ZPFmandone"/>
<USERREF USERNAME="ZPFaterjek"/>
<USERREF USERNAME="ZPFbnagy"/>
<USERREF USERNAME="ZPFtfabian"/>
<USERREF USERNAME="ZPFelibao"/>
<USERREF USERNAME="ZPFpmiranda"/>
<USERREF USERNAME="ZPFasalazar"/>
<USERREF USERNAME="ZPFdhitosis"/>
<USERREF USERNAME="ZPFdmorales"/>
<USERREF USERNAME="ZPFfenero"/>
<USERREF USERNAME="ZPFxgao"/>
<USERREF USERNAME="ZPFjlin"/>
<USERREF USERNAME="ZPFapervaiz"/>
<USERREF USERNAME="ZPFfvarga"/>
<USERREF USERNAME="ZPFepenzes"/>
<USERREF USERNAME="ZPFkkovacs"/>
<USERREF USERNAME="ZPFckalinyak"/>
<USERREF USERNAME="ZPFoely"/>
<USERREF USERNAME="ZPFjktan"/>
<USERREF USERNAME="ZPFkbarkoczi"/>
<USERREF USERNAME="ZPFrcauad"/>
<USERREF USERNAME="ZPFryu"/>
</SITEGROUP>
<SITEGROUP SITENAME="(114) University of North Carolina  Lineberger Comprehensive Cancer Center">
<USERREF USERNAME="i3ymcjpb0_RE"/>
<USERREF USERNAME="c135748"/>
<USERREF USERNAME="z1x0496"/>
<USERREF USERNAME="c184712"/>
<USERREF USERNAME="z3x1197"/>
<USERREF USERNAME="canders"/>
<USERREF USERNAME="rphipps"/>
<USERREF USERNAME="c003859"/>
<USERREF USERNAME="c083101"/>
<USERREF USERNAME="c057362"/>
<USERREF USERNAME="c039825"/>
<USERREF USERNAME="rm35504"/>
<USERREF USERNAME="c039863"/>
<USERREF USERNAME="a701824"/>
<USERREF USERNAME="c015393"/>
<USERREF USERNAME="c039853"/>
<USERREF USERNAME="ye91098"/>
<USERREF USERNAME="rm90029"/>
<USERREF USERNAME="c143125"/>
<USERREF USERNAME="v6x8058"/>
<USERREF USERNAME="c090108"/>
<USERREF USERNAME="c131994"/>
<USERREF USERNAME="c089548"/>
<USERREF USERNAME="rm94611"/>
<USERREF USERNAME="c026393"/>
<USERREF USERNAME="c026390"/>
<USERREF USERNAME="c075541"/>
<USERREF USERNAME="c071673"/>
<USERREF USERNAME="a511471"/>
<USERREF USERNAME="a803075"/>
<USERREF USERNAME="a608261"/>
<USERREF USERNAME="rm36132"/>
<USERREF USERNAME="rm35194"/>
<USERREF USERNAME="coder_query"/>
<USERREF USERNAME="ZPFpvallar"/>
<USERREF USERNAME="ZPFjsun"/>
<USERREF USERNAME="ZPFjwang"/>
<USERREF USERNAME="ZPFzleczo"/>
<USERREF USERNAME="ZPFobodnar"/>
<USERREF USERNAME="ZPFedervishaj"/>
<USERREF USERNAME="ZPFsgazso"/>
<USERREF USERNAME="ZPFklim"/>
<USERREF USERNAME="ZPFaotsuka"/>
<USERREF USERNAME="ZPFhsekine"/>
<USERREF USERNAME="ZPFkcsobalyka"/>
<USERREF USERNAME="ZPFjmacatangay"/>
<USERREF USERNAME="ZPFrducusin"/>
<USERREF USERNAME="ZPFskholti"/>
<USERREF USERNAME="ZPFsaguilar"/>
<USERREF USERNAME="ZPFaolah"/>
<USERREF USERNAME="ZPFdnagy"/>
<USERREF USERNAME="ZPFrnoveno"/>
<USERREF USERNAME="ZPFdcleto"/>
<USERREF USERNAME="ZPFlstoica"/>
<USERREF USERNAME="ZPFhtsuchida"/>
<USERREF USERNAME="ZPFrlogronio"/>
<USERREF USERNAME="ZPFgyvarga"/>
<USERREF USERNAME="ZPFnqi"/>
<USERREF USERNAME="ZPFcmercado"/>
<USERREF USERNAME="ZPFijohl"/>
<USERREF USERNAME="ZPFdvittay"/>
<USERREF USERNAME="ZPFmnistor"/>
<USERREF USERNAME="ZPFgkrucso"/>
<USERREF USERNAME="ZPFnreis"/>
<USERREF USERNAME="ZPFrcalorico"/>
<USERREF USERNAME="ZPFgrodriguez"/>
<USERREF USERNAME="ZPFjsumiya"/>
<USERREF USERNAME="ZPFtcabanes"/>
<USERREF USERNAME="ZPFnvergara"/>
<USERREF USERNAME="ZPFvsoni"/>
<USERREF USERNAME="ZPFjpati"/>
<USERREF USERNAME="ZPFmgarcia"/>
<USERREF USERNAME="ZPFekosa"/>
<USERREF USERNAME="ZPFvyana"/>
<USERREF USERNAME="ZPFmiwaki"/>
<USERREF USERNAME="ZPFsdamato"/>
<USERREF USERNAME="ZPFawarsama"/>
<USERREF USERNAME="ZPFmjcabuhayan"/>
<USERREF USERNAME="ZPFwcarmelo"/>
<USERREF USERNAME="ZPFjcalbento"/>
<USERREF USERNAME="ZPFnabogado"/>
<USERREF USERNAME="ZPFrsulit"/>
<USERREF USERNAME="ZPFmarintoc"/>
<USERREF USERNAME="ZPFmandone"/>
<USERREF USERNAME="ZPFaterjek"/>
<USERREF USERNAME="ZPFbnagy"/>
<USERREF USERNAME="ZPFtfabian"/>
<USERREF USERNAME="ZPFelibao"/>
<USERREF USERNAME="ZPFpmiranda"/>
<USERREF USERNAME="ZPFasalazar"/>
<USERREF USERNAME="ZPFdhitosis"/>
<USERREF USERNAME="ZPFdmorales"/>
<USERREF USERNAME="ZPFfenero"/>
<USERREF USERNAME="ZPFxgao"/>
<USERREF USERNAME="ZPFjlin"/>
<USERREF USERNAME="ZPFapervaiz"/>
<USERREF USERNAME="ZPFfvarga"/>
<USERREF USERNAME="ZPFepenzes"/>
<USERREF USERNAME="ZPFkkovacs"/>
<USERREF USERNAME="ZPFckalinyak"/>
<USERREF USERNAME="ZPFoely"/>
<USERREF USERNAME="ZPFjktan"/>
<USERREF USERNAME="ZPFkbarkoczi"/>
<USERREF USERNAME="ZPFrcauad"/>
<USERREF USERNAME="ZPFryu"/>
</SITEGROUP>
<SITEGROUP SITENAME="(118) University of Pittsburgh Magee Womens Hospital">
<USERREF USERNAME="c143125"/>
<USERREF USERNAME="rm90029"/>
<USERREF USERNAME="c090108"/>
<USERREF USERNAME="c131994"/>
<USERREF USERNAME="c089548"/>
<USERREF USERNAME="rm94611"/>
<USERREF USERNAME="c026393"/>
<USERREF USERNAME="c026390"/>
<USERREF USERNAME="c075541"/>
<USERREF USERNAME="c071673"/>
<USERREF USERNAME="a511471"/>
<USERREF USERNAME="a803075"/>
<USERREF USERNAME="a608261"/>
<USERREF USERNAME="rm36132"/>
<USERREF USERNAME="rm35194"/>
<USERREF USERNAME="c135748"/>
<USERREF USERNAME="i3ymcjpb0_RE"/>
<USERREF USERNAME="coder_query"/>
<USERREF USERNAME="z1x0496"/>
<USERREF USERNAME="c184712"/>
<USERREF USERNAME="z3x1197"/>
<USERREF USERNAME="shigginspuhalla"/>
<USERREF USERNAME="bsteele"/>
<USERREF USERNAME="c003859"/>
<USERREF USERNAME="c083101"/>
<USERREF USERNAME="c057362"/>
<USERREF USERNAME="c039825"/>
<USERREF USERNAME="rm35504"/>
<USERREF USERNAME="c039863"/>
<USERREF USERNAME="a701824"/>
<USERREF USERNAME="c015393"/>
<USERREF USERNAME="c039853"/>
<USERREF USERNAME="ye91098"/>
<USERREF USERNAME="v6x8058"/>
<USERREF USERNAME="ZPFpvallar"/>
<USERREF USERNAME="ZPFjsun"/>
<USERREF USERNAME="ZPFjwang"/>
<USERREF USERNAME="ZPFzleczo"/>
<USERREF USERNAME="ZPFobodnar"/>
<USERREF USERNAME="ZPFedervishaj"/>
<USERREF USERNAME="ZPFsgazso"/>
<USERREF USERNAME="ZPFklim"/>
<USERREF USERNAME="ZPFaotsuka"/>
<USERREF USERNAME="ZPFhsekine"/>
<USERREF USERNAME="ZPFkcsobalyka"/>
<USERREF USERNAME="ZPFjmacatangay"/>
<USERREF USERNAME="ZPFrducusin"/>
<USERREF USERNAME="ZPFskholti"/>
<USERREF USERNAME="ZPFsaguilar"/>
<USERREF USERNAME="ZPFaolah"/>
<USERREF USERNAME="ZPFdnagy"/>
<USERREF USERNAME="ZPFrnoveno"/>
<USERREF USERNAME="ZPFdcleto"/>
<USERREF USERNAME="ZPFlstoica"/>
<USERREF USERNAME="ZPFhtsuchida"/>
<USERREF USERNAME="ZPFrlogronio"/>
<USERREF USERNAME="ZPFgyvarga"/>
<USERREF USERNAME="ZPFnqi"/>
<USERREF USERNAME="ZPFcmercado"/>
<USERREF USERNAME="ZPFijohl"/>
<USERREF USERNAME="ZPFdvittay"/>
<USERREF USERNAME="ZPFmnistor"/>
<USERREF USERNAME="ZPFgkrucso"/>
<USERREF USERNAME="ZPFnreis"/>
<USERREF USERNAME="ZPFrcalorico"/>
<USERREF USERNAME="ZPFgrodriguez"/>
<USERREF USERNAME="ZPFjsumiya"/>
<USERREF USERNAME="ZPFtcabanes"/>
<USERREF USERNAME="ZPFnvergara"/>
<USERREF USERNAME="ZPFvsoni"/>
<USERREF USERNAME="ZPFjpati"/>
<USERREF USERNAME="ZPFmgarcia"/>
<USERREF USERNAME="ZPFekosa"/>
<USERREF USERNAME="ZPFvyana"/>
<USERREF USERNAME="ZPFmiwaki"/>
<USERREF USERNAME="ZPFsdamato"/>
<USERREF USERNAME="ZPFawarsama"/>
<USERREF USERNAME="ZPFmjcabuhayan"/>
<USERREF USERNAME="ZPFwcarmelo"/>
<USERREF USERNAME="ZPFjcalbento"/>
<USERREF USERNAME="ZPFnabogado"/>
<USERREF USERNAME="ZPFrsulit"/>
<USERREF USERNAME="ZPFmarintoc"/>
<USERREF USERNAME="ZPFmandone"/>
<USERREF USERNAME="ZPFaterjek"/>
<USERREF USERNAME="ZPFbnagy"/>
<USERREF USERNAME="ZPFtfabian"/>
<USERREF USERNAME="ZPFelibao"/>
<USERREF USERNAME="ZPFpmiranda"/>
<USERREF USERNAME="ZPFasalazar"/>
<USERREF USERNAME="ZPFdhitosis"/>
<USERREF USERNAME="ZPFdmorales"/>
<USERREF USERNAME="ZPFfenero"/>
<USERREF USERNAME="ZPFxgao"/>
<USERREF USERNAME="ZPFjlin"/>
<USERREF USERNAME="ZPFapervaiz"/>
<USERREF USERNAME="ZPFfvarga"/>
<USERREF USERNAME="ZPFepenzes"/>
<USERREF USERNAME="ZPFkkovacs"/>
<USERREF USERNAME="ZPFckalinyak"/>
<USERREF USERNAME="ZPFoely"/>
<USERREF USERNAME="ZPFjktan"/>
<USERREF USERNAME="ZPFkbarkoczi"/>
<USERREF USERNAME="ZPFrcauad"/>
<USERREF USERNAME="ZPFryu"/>
</SITEGROUP>
<SITEGROUP SITENAME="(102) Washington University Medical Oncology">
<USERREF USERNAME="a608261"/>
<USERREF USERNAME="rm36132"/>
<USERREF USERNAME="rm35194"/>
<USERREF USERNAME="c135748"/>
<USERREF USERNAME="cbumb"/>
<USERREF USERNAME="mnaughton"/>
<USERREF USERNAME="i3ymcjpb0_RE"/>
<USERREF USERNAME="coder_query"/>
<USERREF USERNAME="z1x0496"/>
<USERREF USERNAME="c184712"/>
<USERREF USERNAME="c179650"/>
<USERREF USERNAME="z1x1981"/>
<USERREF USERNAME="z1x1691"/>
<USERREF USERNAME="z3x1847"/>
<USERREF USERNAME="c204035"/>
<USERREF USERNAME="z1x2603"/>
<USERREF USERNAME="z2x2246"/>
<USERREF USERNAME="z1x1865"/>
<USERREF USERNAME="c190660"/>
<USERREF USERNAME="z2x1697"/>
<USERREF USERNAME="z3x1758"/>
<USERREF USERNAME="c189618"/>
<USERREF USERNAME="z1x0386"/>
<USERREF USERNAME="z1x4350"/>
<USERREF USERNAME="z1x1982"/>
<USERREF USERNAME="c195629"/>
<USERREF USERNAME="z3x0576"/>
<USERREF USERNAME="z2x0457"/>
<USERREF USERNAME="z1x1832"/>
<USERREF USERNAME="z1x2073"/>
<USERREF USERNAME="c203175"/>
<USERREF USERNAME="c192612"/>
<USERREF USERNAME="c200314"/>
<USERREF USERNAME="c200859"/>
<USERREF USERNAME="z3x0688"/>
<USERREF USERNAME="c198899"/>
<USERREF USERNAME="c200015"/>
<USERREF USERNAME="z1z2605"/>
<USERREF USERNAME="z2x2415"/>
<USERREF USERNAME="z2x6065"/>
<USERREF USERNAME="z3x3124"/>
<USERREF USERNAME="z3x1197"/>
<USERREF USERNAME="eschepers"/>
<USERREF USERNAME="z2x3300"/>
<USERREF USERNAME="z2x9894"/>
<USERREF USERNAME="c003859"/>
<USERREF USERNAME="c083101"/>
<USERREF USERNAME="c057362"/>
<USERREF USERNAME="c039825"/>
<USERREF USERNAME="rm35504"/>
<USERREF USERNAME="c039863"/>
<USERREF USERNAME="a701824"/>
<USERREF USERNAME="c015393"/>
<USERREF USERNAME="c039853"/>
<USERREF USERNAME="ye91098"/>
<USERREF USERNAME="rm90029"/>
<USERREF USERNAME="c143125"/>
<USERREF USERNAME="v6x8058"/>
<USERREF USERNAME="c090108"/>
<USERREF USERNAME="c131994"/>
<USERREF USERNAME="c089548"/>
<USERREF USERNAME="rm94611"/>
<USERREF USERNAME="c026393"/>
<USERREF USERNAME="c026390"/>
<USERREF USERNAME="c075541"/>
<USERREF USERNAME="c071673"/>
<USERREF USERNAME="a511471"/>
<USERREF USERNAME="a803075"/>
<USERREF USERNAME="ZPFpvallar"/>
<USERREF USERNAME="ZPFjsun"/>
<USERREF USERNAME="ZPFjwang"/>
<USERREF USERNAME="ZPFzleczo"/>
<USERREF USERNAME="ZPFobodnar"/>
<USERREF USERNAME="ZPFedervishaj"/>
<USERREF USERNAME="ZPFsgazso"/>
<USERREF USERNAME="ZPFklim"/>
<USERREF USERNAME="ZPFaotsuka"/>
<USERREF USERNAME="ZPFhsekine"/>
<USERREF USERNAME="ZPFkcsobalyka"/>
<USERREF USERNAME="ZPFjmacatangay"/>
<USERREF USERNAME="ZPFrducusin"/>
<USERREF USERNAME="ZPFskholti"/>
<USERREF USERNAME="ZPFsaguilar"/>
<USERREF USERNAME="ZPFaolah"/>
<USERREF USERNAME="ZPFdnagy"/>
<USERREF USERNAME="ZPFrnoveno"/>
<USERREF USERNAME="ZPFdcleto"/>
<USERREF USERNAME="ZPFlstoica"/>
<USERREF USERNAME="ZPFhtsuchida"/>
<USERREF USERNAME="ZPFrlogronio"/>
<USERREF USERNAME="ZPFgyvarga"/>
<USERREF USERNAME="ZPFnqi"/>
<USERREF USERNAME="ZPFcmercado"/>
<USERREF USERNAME="ZPFijohl"/>
<USERREF USERNAME="ZPFdvittay"/>
<USERREF USERNAME="ZPFmnistor"/>
<USERREF USERNAME="ZPFgkrucso"/>
<USERREF USERNAME="ZPFnreis"/>
<USERREF USERNAME="ZPFrcalorico"/>
<USERREF USERNAME="ZPFgrodriguez"/>
<USERREF USERNAME="ZPFjsumiya"/>
<USERREF USERNAME="ZPFtcabanes"/>
<USERREF USERNAME="ZPFnvergara"/>
<USERREF USERNAME="ZPFvsoni"/>
<USERREF USERNAME="ZPFjpati"/>
<USERREF USERNAME="ZPFmgarcia"/>
<USERREF USERNAME="ZPFekosa"/>
<USERREF USERNAME="ZPFvyana"/>
<USERREF USERNAME="ZPFmiwaki"/>
<USERREF USERNAME="ZPFsdamato"/>
<USERREF USERNAME="ZPFawarsama"/>
<USERREF USERNAME="ZPFmjcabuhayan"/>
<USERREF USERNAME="ZPFwcarmelo"/>
<USERREF USERNAME="ZPFjcalbento"/>
<USERREF USERNAME="ZPFnabogado"/>
<USERREF USERNAME="ZPFrsulit"/>
<USERREF USERNAME="ZPFmarintoc"/>
<USERREF USERNAME="ZPFmandone"/>
<USERREF USERNAME="ZPFaterjek"/>
<USERREF USERNAME="ZPFbnagy"/>
<USERREF USERNAME="ZPFtfabian"/>
<USERREF USERNAME="ZPFelibao"/>
<USERREF USERNAME="ZPFpmiranda"/>
<USERREF USERNAME="ZPFasalazar"/>
<USERREF USERNAME="ZPFdhitosis"/>
<USERREF USERNAME="ZPFdmorales"/>
<USERREF USERNAME="ZPFfenero"/>
<USERREF USERNAME="ZPFxgao"/>
<USERREF USERNAME="ZPFjlin"/>
<USERREF USERNAME="ZPFapervaiz"/>
<USERREF USERNAME="ZPFfvarga"/>
<USERREF USERNAME="ZPFepenzes"/>
<USERREF USERNAME="ZPFkkovacs"/>
<USERREF USERNAME="ZPFckalinyak"/>
<USERREF USERNAME="ZPFoely"/>
<USERREF USERNAME="ZPFjktan"/>
<USERREF USERNAME="ZPFkbarkoczi"/>
<USERREF USERNAME="ZPFrcauad"/>
<USERREF USERNAME="ZPFryu"/>
</SITEGROUP>

</MEDMLDATA>