<?xml version="1.0"?>
<MEDMLDATA xmlns="PhaseForward-MedML-Inform4">


<USER  USERNAME="stolaney"
USERTYPE="SITE"
FIRSTNAME="Sara"
LASTNAME="Tolaney"
DISPLAYNAME="Sara Tolaney"
COUNTRY="UNITED STATES"
PHONE="16176323800"
ALTPHONE="1"
FAX="1"
EMAIL="sara_tolaney@dfci.harvard.edu"
ACTIVESTATE="true"
DELETESTATE="false"
UPDATE="true"
PASSWORD="oI44q4Ei71Du82I9128"
BEEPER="1"
USERDATEFORMAT="DAY_MONTH_YEAR"
HOMESCREENURL="./Portal/default.htm"
USERMUSTRESETPASSWORD="TRUE"
PRODUCTLOCALE="en-US"
STUDYLOCALE="en-US"/>


<USER  USERNAME="mnaughton"
USERTYPE="SITE"
FIRSTNAME="Michael"
LASTNAME="Naughton"
DISPLAYNAME="Michael Naughton"
COUNTRY="UNITED STATES"
PHONE="13149968270"
ALTPHONE="1"
FAX="1"
EMAIL="mnaughton@dom.wustl.edu"
ACTIVESTATE="true"
DELETESTATE="false"
UPDATE="true"
PASSWORD="f5Hj3WlF95uO477659"
BEEPER="1"
USERDATEFORMAT="DAY_MONTH_YEAR"
HOMESCREENURL="./Portal/default.htm"
USERMUSTRESETPASSWORD="TRUE"
PRODUCTLOCALE="en-US"
STUDYLOCALE="en-US"/>


<USER  USERNAME="ejordan"
USERTYPE="SITE"
FIRSTNAME="Emily"
LASTNAME="Jordan"
DISPLAYNAME="Emily Jordan"
COUNTRY="UNITED STATES"
PHONE="17208485202"
ALTPHONE="1"
FAX="1"
EMAIL="emily.jordan@ucdenver.edu"
ACTIVESTATE="true"
DELETESTATE="false"
UPDATE="true"
PASSWORD="jW6cG64i5HdM63475"
BEEPER="1"
USERDATEFORMAT="DAY_MONTH_YEAR"
HOMESCREENURL="./Portal/default.htm"
USERMUSTRESETPASSWORD="TRUE"
PRODUCTLOCALE="en-US"
STUDYLOCALE="en-US"/>


<USER  USERNAME="adeluca"
USERTYPE="SITE"
FIRSTNAME="Amy"
LASTNAME="DeLuca"
DISPLAYNAME="Amy DeLuca"
COUNTRY="UNITED STATES"
PHONE="14153537288"
ALTPHONE="1"
FAX="1"
EMAIL="delucaa@cc.ucsf.edu"
ACTIVESTATE="true"
DELETESTATE="false"
UPDATE="true"
PASSWORD="g8ScO9vR92L9m6167"
BEEPER="1"
USERDATEFORMAT="DAY_MONTH_YEAR"
HOMESCREENURL="./Portal/default.htm"
USERMUSTRESETPASSWORD="TRUE"
PRODUCTLOCALE="en-US"
STUDYLOCALE="en-US"/>


<USER  USERNAME="skesari"
USERTYPE="SITE"
FIRSTNAME="Santosh"
LASTNAME="Kesari"
DISPLAYNAME="Santosh Kesari"
COUNTRY="UNITED STATES"
PHONE="18588227778"
ALTPHONE="1"
FAX="1"
EMAIL="skesari@ucsd.edu"
ACTIVESTATE="true"
DELETESTATE="false"
UPDATE="true"
PASSWORD="J6lk4CeZ0w28S5006"
BEEPER="1"
USERDATEFORMAT="DAY_MONTH_YEAR"
HOMESCREENURL="./Portal/default.htm"
USERMUSTRESETPASSWORD="TRUE"
PRODUCTLOCALE="en-US"
STUDYLOCALE="en-US"/>


<USER  USERNAME="ssahebjam"
USERTYPE="SITE"
FIRSTNAME="Solmaz"
LASTNAME="Sahebjam"
DISPLAYNAME="Solmaz Sahebjam"
COUNTRY="UNITED STATES"
PHONE="18137453871"
ALTPHONE="1"
FAX="1"
EMAIL="solmaz.sahebjam@moffitt.org"
ACTIVESTATE="true"
DELETESTATE="false"
UPDATE="true"
PASSWORD="nT2rE9hL9wA803537"
BEEPER="1"
USERDATEFORMAT="DAY_MONTH_YEAR"
HOMESCREENURL="./Portal/default.htm"
USERMUSTRESETPASSWORD="TRUE"
PRODUCTLOCALE="en-US"
STUDYLOCALE="en-US"/>


<USER  USERNAME="nmccullough"
USERTYPE="SITE"
FIRSTNAME="Nancy"
LASTNAME="McCullough"
DISPLAYNAME="Nancy McCullough"
COUNTRY="UNITED STATES"
PHONE="17349368538"
ALTPHONE="1"
FAX="1"
EMAIL="ntsai@med.umich.edu"
ACTIVESTATE="true"
DELETESTATE="false"
UPDATE="true"
PASSWORD="e5RkD60wC1q43L1192"
BEEPER="1"
USERDATEFORMAT="DAY_MONTH_YEAR"
HOMESCREENURL="./Portal/default.htm"
USERMUSTRESETPASSWORD="TRUE"
PRODUCTLOCALE="en-US"
STUDYLOCALE="en-US"/>


<USER  USERNAME="i3ymcjpb0_RE"
USERTYPE="SPONSOR"
FIRSTNAME="Report"
LASTNAME="Extractor"
DISPLAYNAME="RE"
COUNTRY="UNITED STATES"
PHONE="11"
ALTPHONE="1"
FAX="1"
EMAIL="satish.bantanahal@oracle.com"
ACTIVESTATE="true"
DELETESTATE="false"
UPDATE="true"
PASSWORD="aI82fW31P4dy6E9660"
BEEPER="1"
USERDATEFORMAT="DAY_MONTH_YEAR"
HOMESCREENURL="./Portal/default.htm"
USERMUSTRESETPASSWORD="TRUE"
PRODUCTLOCALE="en-US"
STUDYLOCALE="en-US"/>


<USER  USERNAME="z1x0496"
USERTYPE="SPONSOR"
FIRSTNAME="Jennifer"
LASTNAME="Brodhacker"
DISPLAYNAME="Jennifer Brodhacker"
COUNTRY="UNITED STATES"
PHONE="13174488801"
ALTPHONE="1"
FAX="1"
EMAIL="jennifer.brodhacker@inventivhealth.com"
ACTIVESTATE="true"
DELETESTATE="false"
UPDATE="true"
PASSWORD="vJ4l78OiR4oN76106"
BEEPER="1"
USERDATEFORMAT="DAY_MONTH_YEAR"
HOMESCREENURL="./Portal/default.htm"
USERMUSTRESETPASSWORD="TRUE"
PRODUCTLOCALE="en-US"
STUDYLOCALE="en-US"/>


<USER  USERNAME="c179650"
USERTYPE="SPONSOR"
FIRSTNAME="Amanda"
LASTNAME="Nowell"
DISPLAYNAME="Amanda Nowell"
COUNTRY="UNITED STATES"
PHONE="19199982821"
ALTPHONE="1"
FAX="1"
EMAIL="amanda.nowell@quintiles.com"
ACTIVESTATE="true"
DELETESTATE="false"
UPDATE="true"
PASSWORD="h6IpX9aS21J8g9736"
BEEPER="1"
USERDATEFORMAT="DAY_MONTH_YEAR"
HOMESCREENURL="./Portal/default.htm"
USERMUSTRESETPASSWORD="TRUE"
PRODUCTLOCALE="en-US"
STUDYLOCALE="en-US"/>


<USER  USERNAME="z1x1691"
USERTYPE="SPONSOR"
FIRSTNAME="Ana"
LASTNAME="Santos"
DISPLAYNAME="Ana Santos"
COUNTRY="UNITED STATES"
PHONE="14076888324"
ALTPHONE="1"
FAX="1"
EMAIL="ana.santos@quintiles.com"
ACTIVESTATE="true"
DELETESTATE="false"
UPDATE="true"
PASSWORD="pH82V7bk8KtR42292"
BEEPER="1"
USERDATEFORMAT="DAY_MONTH_YEAR"
HOMESCREENURL="./Portal/default.htm"
USERMUSTRESETPASSWORD="TRUE"
PRODUCTLOCALE="en-US"
STUDYLOCALE="en-US"/>


<USER  USERNAME="c204035"
USERTYPE="SPONSOR"
FIRSTNAME="Brandi"
LASTNAME="Cormier"
DISPLAYNAME="Brandi Cormier"
COUNTRY="UNITED STATES"
PHONE="16184024285"
ALTPHONE="1"
FAX="1"
EMAIL="brandi.cormier@quintiles.com"
ACTIVESTATE="true"
DELETESTATE="false"
UPDATE="true"
PASSWORD="sN17mQ66gT97P2o1725"
BEEPER="1"
USERDATEFORMAT="DAY_MONTH_YEAR"
HOMESCREENURL="./Portal/default.htm"
USERMUSTRESETPASSWORD="TRUE"
PRODUCTLOCALE="en-US"
STUDYLOCALE="en-US"/>


<USER  USERNAME="z2x2246"
USERTYPE="SPONSOR"
FIRSTNAME="Erin"
LASTNAME="Kirsling"
DISPLAYNAME="Erin Kirsling"
COUNTRY="UNITED STATES"
PHONE="19522940419"
ALTPHONE="1"
FAX="1"
EMAIL="erin.kirsling@quintiles.com"
ACTIVESTATE="true"
DELETESTATE="false"
UPDATE="true"
PASSWORD="C0mt81Gx6Bi72E8342"
BEEPER="1"
USERDATEFORMAT="DAY_MONTH_YEAR"
HOMESCREENURL="./Portal/default.htm"
USERMUSTRESETPASSWORD="TRUE"
PRODUCTLOCALE="en-US"
STUDYLOCALE="en-US"/>


<USER  USERNAME="c190660"
USERTYPE="SPONSOR"
FIRSTNAME="Iris"
LASTNAME="Diaz"
DISPLAYNAME="Iris Diaz"
COUNTRY="UNITED STATES"
PHONE="19199981309"
ALTPHONE="1"
FAX="1"
EMAIL="iris.diaz@quintiles.com"
ACTIVESTATE="true"
DELETESTATE="false"
UPDATE="true"
PASSWORD="hM9E4tm75Vg5L3614"
BEEPER="1"
USERDATEFORMAT="DAY_MONTH_YEAR"
HOMESCREENURL="./Portal/default.htm"
USERMUSTRESETPASSWORD="TRUE"
PRODUCTLOCALE="en-US"
STUDYLOCALE="en-US"/>


<USER  USERNAME="z3x1758"
USERTYPE="SPONSOR"
FIRSTNAME="Keaton"
LASTNAME="Hanselman"
DISPLAYNAME="Keaton Hanselman"
COUNTRY="UNITED STATES"
PHONE="19199982841"
ALTPHONE="1"
FAX="1"
EMAIL="keaton.hanselman@quintiles.com"
ACTIVESTATE="true"
DELETESTATE="false"
UPDATE="true"
PASSWORD="uX55wO1q6Xv7I331"
BEEPER="1"
USERDATEFORMAT="DAY_MONTH_YEAR"
HOMESCREENURL="./Portal/default.htm"
USERMUSTRESETPASSWORD="TRUE"
PRODUCTLOCALE="en-US"
STUDYLOCALE="en-US"/>


<USER  USERNAME="z1x0386"
USERTYPE="SPONSOR"
FIRSTNAME="Krystal"
LASTNAME="Kozikowski"
DISPLAYNAME="Krystal Kozikowski"
COUNTRY="UNITED STATES"
PHONE="14133159851"
ALTPHONE="1"
FAX="1"
EMAIL="krystal.kozikowski@quintiles.com"
ACTIVESTATE="true"
DELETESTATE="false"
UPDATE="true"
PASSWORD="nU4B5iw36Rl2P9971"
BEEPER="1"
USERDATEFORMAT="DAY_MONTH_YEAR"
HOMESCREENURL="./Portal/default.htm"
USERMUSTRESETPASSWORD="TRUE"
PRODUCTLOCALE="en-US"
STUDYLOCALE="en-US"/>


<USER  USERNAME="z1x1982"
USERTYPE="SPONSOR"
FIRSTNAME="Marlene"
LASTNAME="Federico"
DISPLAYNAME="Marlene Federico"
COUNTRY="UNITED STATES"
PHONE="17195610224"
ALTPHONE="1"
FAX="1"
EMAIL="marlene.federico@quintiles.com"
ACTIVESTATE="true"
DELETESTATE="false"
UPDATE="true"
PASSWORD="f69HwJ4y2LhI99712"
BEEPER="1"
USERDATEFORMAT="DAY_MONTH_YEAR"
HOMESCREENURL="./Portal/default.htm"
USERMUSTRESETPASSWORD="TRUE"
PRODUCTLOCALE="en-US"
STUDYLOCALE="en-US"/>


<USER  USERNAME="z3x0576"
USERTYPE="SPONSOR"
FIRSTNAME="Patrick"
LASTNAME="Collicutt"
DISPLAYNAME="Patrick Collicutt"
COUNTRY="CANADA"
PHONE="15143050900"
ALTPHONE="1"
FAX="1"
EMAIL="patrick.collicutt@quintiles.com"
ACTIVESTATE="true"
DELETESTATE="false"
UPDATE="true"
PASSWORD="sD0bO0f95MqY756430"
BEEPER="1"
USERDATEFORMAT="DAY_MONTH_YEAR"
HOMESCREENURL="./Portal/default.htm"
USERMUSTRESETPASSWORD="TRUE"
PRODUCTLOCALE="en-US"
STUDYLOCALE="en-US"/>


<USER  USERNAME="z1x1832"
USERTYPE="SPONSOR"
FIRSTNAME="Sandra"
LASTNAME="Shwab"
DISPLAYNAME="Sandra Shwab"
COUNTRY="UNITED STATES"
PHONE="16153090609"
ALTPHONE="1"
FAX="1"
EMAIL="sandra.shwab@quintiles.com"
ACTIVESTATE="true"
DELETESTATE="false"
UPDATE="true"
PASSWORD="e9LM3eq1To85Z8886"
BEEPER="1"
USERDATEFORMAT="DAY_MONTH_YEAR"
HOMESCREENURL="./Portal/default.htm"
USERMUSTRESETPASSWORD="TRUE"
PRODUCTLOCALE="en-US"
STUDYLOCALE="en-US"/>


<USER  USERNAME="c203175"
USERTYPE="SPONSOR"
FIRSTNAME="Tia"
LASTNAME="Boonyapredee"
DISPLAYNAME="Tia Boonyapredee"
COUNTRY="UNITED STATES"
PHONE="13317775413"
ALTPHONE="1"
FAX="1"
EMAIL="tia.boonyapredee@quintiles.com"
ACTIVESTATE="true"
DELETESTATE="false"
UPDATE="true"
PASSWORD="b60JB3jmL3y9P6220"
BEEPER="1"
USERDATEFORMAT="DAY_MONTH_YEAR"
HOMESCREENURL="./Portal/default.htm"
USERMUSTRESETPASSWORD="TRUE"
PRODUCTLOCALE="en-US"
STUDYLOCALE="en-US"/>


<USER  USERNAME="c200314"
USERTYPE="SPONSOR"
FIRSTNAME="Beth"
LASTNAME="Belton"
DISPLAYNAME="Beth Belton"
COUNTRY="UNITED STATES"
PHONE="19197689725"
ALTPHONE="1"
FAX="1"
EMAIL="beth.belton@quintiles.com"
ACTIVESTATE="true"
DELETESTATE="false"
UPDATE="true"
PASSWORD="hS7xH10mB5k20W3246"
BEEPER="1"
USERDATEFORMAT="DAY_MONTH_YEAR"
HOMESCREENURL="./Portal/default.htm"
USERMUSTRESETPASSWORD="TRUE"
PRODUCTLOCALE="en-US"
STUDYLOCALE="en-US"/>


<USER  USERNAME="z3x0688"
USERTYPE="SPONSOR"
FIRSTNAME="Jacob"
LASTNAME="King"
DISPLAYNAME="Jacob King"
COUNTRY="UNITED STATES"
PHONE="19199981860"
ALTPHONE="1"
FAX="1"
EMAIL="jacob.king@quintiles.com"
ACTIVESTATE="true"
DELETESTATE="false"
UPDATE="true"
PASSWORD="aP57cF2h88Gw4C2987"
BEEPER="1"
USERDATEFORMAT="DAY_MONTH_YEAR"
HOMESCREENURL="./Portal/default.htm"
USERMUSTRESETPASSWORD="TRUE"
PRODUCTLOCALE="en-US"
STUDYLOCALE="en-US"/>


<USER  USERNAME="c200015"
USERTYPE="SPONSOR"
FIRSTNAME="Mary"
LASTNAME="Stroupe"
DISPLAYNAME="Mary Stroupe"
COUNTRY="UNITED STATES"
PHONE="19197689716"
ALTPHONE="1"
FAX="1"
EMAIL="mary.stroupe@quintiles.com"
ACTIVESTATE="true"
DELETESTATE="false"
UPDATE="true"
PASSWORD="mA3xJ80wR4D0a9604"
BEEPER="1"
USERDATEFORMAT="DAY_MONTH_YEAR"
HOMESCREENURL="./Portal/default.htm"
USERMUSTRESETPASSWORD="TRUE"
PRODUCTLOCALE="en-US"
STUDYLOCALE="en-US"/>


<USER  USERNAME="z2x2415"
USERTYPE="SPONSOR"
FIRSTNAME="Chantal"
LASTNAME="Cote"
DISPLAYNAME="Chantal Cote"
COUNTRY="CANADA"
PHONE="15147512711"
ALTPHONE="1"
FAX="1"
EMAIL="chantal.cote@quintiles.com"
ACTIVESTATE="true"
DELETESTATE="false"
UPDATE="true"
PASSWORD="kT71bC0sS7hW32160"
BEEPER="1"
USERDATEFORMAT="DAY_MONTH_YEAR"
HOMESCREENURL="./Portal/default.htm"
USERMUSTRESETPASSWORD="TRUE"
PRODUCTLOCALE="en-US"
STUDYLOCALE="en-US"/>


<USER  USERNAME="z3x3124"
USERTYPE="SPONSOR"
FIRSTNAME="Shawn"
LASTNAME="Smekal"
DISPLAYNAME="Shawn Smekal"
COUNTRY="UNITED STATES"
PHONE="19194253490"
ALTPHONE="1"
FAX="1"
EMAIL="shawn.smekal@quintiles.com"
ACTIVESTATE="true"
DELETESTATE="false"
UPDATE="true"
PASSWORD="c83Zx2CsI9iF559085"
BEEPER="1"
USERDATEFORMAT="DAY_MONTH_YEAR"
HOMESCREENURL="./Portal/default.htm"
USERMUSTRESETPASSWORD="TRUE"
PRODUCTLOCALE="en-US"
STUDYLOCALE="en-US"/>


<USER  USERNAME="shigginspuhalla"
USERTYPE="SITE"
FIRSTNAME="Shannon"
LASTNAME="Higgins-Puhalla"
DISPLAYNAME="Shannon Higgins-Puhalla"
COUNTRY="UNITED STATES"
PHONE="14126413494"
ALTPHONE="1"
FAX="1"
EMAIL="puhallasl@mail.magee.edu"
ACTIVESTATE="true"
DELETESTATE="false"
UPDATE="true"
PASSWORD="zS10s18MvA4mU578269"
BEEPER="1"
USERDATEFORMAT="DAY_MONTH_YEAR"
HOMESCREENURL="./Portal/default.htm"
USERMUSTRESETPASSWORD="TRUE"
PRODUCTLOCALE="en-US"
STUDYLOCALE="en-US"/>


<USER  USERNAME="aseidman"
USERTYPE="SITE"
FIRSTNAME="Andrew"
LASTNAME="Seidman"
DISPLAYNAME="Andrew Seidman"
COUNTRY="UNITED STATES"
PHONE="12126395875"
ALTPHONE="1"
FAX="1"
EMAIL="seidmana@mskcc.org"
ACTIVESTATE="true"
DELETESTATE="false"
UPDATE="true"
PASSWORD="oA0fP33iN8cP156715"
BEEPER="1"
USERDATEFORMAT="DAY_MONTH_YEAR"
HOMESCREENURL="./Portal/default.htm"
USERMUSTRESETPASSWORD="TRUE"
PRODUCTLOCALE="en-US"
STUDYLOCALE="en-US"/>


<USER  USERNAME="asyldor"
USERTYPE="SITE"
FIRSTNAME="Angee"
LASTNAME="Syldor"
DISPLAYNAME="Angee Syldor"
COUNTRY="UNITED STATES"
PHONE="12126395875"
ALTPHONE="1"
FAX="1"
EMAIL="syldora@mskcc.org"
ACTIVESTATE="true"
DELETESTATE="false"
UPDATE="true"
PASSWORD="b16Ue3BvH25L2r4023"
BEEPER="1"
USERDATEFORMAT="DAY_MONTH_YEAR"
HOMESCREENURL="./Portal/default.htm"
USERMUSTRESETPASSWORD="TRUE"
PRODUCTLOCALE="en-US"
STUDYLOCALE="en-US"/>


<USER  USERNAME="danderson"
USERTYPE="SITE"
FIRSTNAME="Deborah"
LASTNAME="Anderson"
DISPLAYNAME="Deborah Anderson"
COUNTRY="UNITED STATES"
PHONE="17342320758"
ALTPHONE="1"
FAX="1"
EMAIL="debcarl@med.umich.edu"
ACTIVESTATE="true"
DELETESTATE="false"
UPDATE="true"
PASSWORD="aP5B4lp50IkW84476"
BEEPER="1"
USERDATEFORMAT="DAY_MONTH_YEAR"
HOMESCREENURL="./Portal/default.htm"
USERMUSTRESETPASSWORD="TRUE"
PRODUCTLOCALE="en-US"
STUDYLOCALE="en-US"/>


<USER  USERNAME="nryabin"
USERTYPE="SITE"
FIRSTNAME="Nicole"
LASTNAME="Ryabin"
DISPLAYNAME="Nicole Ryabin"
COUNTRY="UNITED STATES"
PHONE="16176326767"
ALTPHONE="1"
FAX="1"
EMAIL="nryabin@partners.org"
ACTIVESTATE="true"
DELETESTATE="false"
UPDATE="true"
PASSWORD="q57OcQ15jW61hI176993"
BEEPER="1"
USERDATEFORMAT="DAY_MONTH_YEAR"
HOMESCREENURL="./Portal/default.htm"
USERMUSTRESETPASSWORD="TRUE"
PRODUCTLOCALE="en-US"
STUDYLOCALE="en-US"/>


<USER  USERNAME="jcanon"
USERTYPE="SITE"
FIRSTNAME="Jean-Luc"
LASTNAME="Canon"
DISPLAYNAME="Jean-Luc Canon"
COUNTRY="BELGIUM"
PHONE="323271104700"
ALTPHONE="32"
FAX="32"
EMAIL="jean_luc.canon@ghdc.be"
ACTIVESTATE="true"
DELETESTATE="false"
UPDATE="true"
PASSWORD="I5gkK2qW3Q8m7271"
BEEPER="32"
USERDATEFORMAT="DAY_MONTH_YEAR"
HOMESCREENURL="./Portal/default.htm"
USERMUSTRESETPASSWORD="TRUE"
PRODUCTLOCALE="en-US"
STUDYLOCALE="en-US"/>


<USER  USERNAME="sadam"
USERTYPE="SITE"
FIRSTNAME="Stephanie"
LASTNAME="Adam"
DISPLAYNAME="Stephanie Adam"
COUNTRY="BELGIUM"
PHONE="323271104762"
ALTPHONE="32"
FAX="32"
EMAIL="stephanie.adam@ghdc.be"
ACTIVESTATE="true"
DELETESTATE="false"
UPDATE="true"
PASSWORD="j8WmN60A9rkR46641"
BEEPER="32"
USERDATEFORMAT="DAY_MONTH_YEAR"
HOMESCREENURL="./Portal/default.htm"
USERMUSTRESETPASSWORD="TRUE"
PRODUCTLOCALE="en-US"
STUDYLOCALE="en-US"/>


<USER  USERNAME="abuttice"
USERTYPE="SITE"
FIRSTNAME="Alfino"
LASTNAME="Buttice"
DISPLAYNAME="Alfino Buttice"
COUNTRY="BELGIUM"
PHONE="323225417262"
ALTPHONE="32"
FAX="32"
EMAIL="alfino.buttice@bordet.be"
ACTIVESTATE="true"
DELETESTATE="false"
UPDATE="true"
PASSWORD="v9GrM6iR6eG416320"
BEEPER="32"
USERDATEFORMAT="DAY_MONTH_YEAR"
HOMESCREENURL="./Portal/default.htm"
USERMUSTRESETPASSWORD="TRUE"
PRODUCTLOCALE="en-US"
STUDYLOCALE="en-US"/>


<USER  USERNAME="z2x3300"
USERTYPE="SPONSOR"
FIRSTNAME="Donna"
LASTNAME="Edwards"
DISPLAYNAME="Donna Edwards"
COUNTRY="UNITED STATES"
PHONE="16157735185"
ALTPHONE="1"
FAX="1"
EMAIL="donna.edwards@quintiles.com"
ACTIVESTATE="true"
DELETESTATE="false"
UPDATE="true"
PASSWORD="oM9c1Qu3AgJ3974"
BEEPER="1"
USERDATEFORMAT="DAY_MONTH_YEAR"
HOMESCREENURL="./Portal/default.htm"
USERMUSTRESETPASSWORD="TRUE"
PRODUCTLOCALE="en-US"
STUDYLOCALE="en-US"/>


<USER  USERNAME="c003859"
USERTYPE="SPONSOR"
FIRSTNAME="Jo"
LASTNAME="Avant"
DISPLAYNAME="Jo Avant"
COUNTRY="UNITED STATES"
PHONE="13176552678"
ALTPHONE="1"
FAX="1"
EMAIL="avant_josephine@lilly.com"
ACTIVESTATE="true"
DELETESTATE="false"
UPDATE="true"
PASSWORD="s7Hg9TjJ14R5t6935"
BEEPER="1"
USERDATEFORMAT="DAY_MONTH_YEAR"
HOMESCREENURL="./Portal/default.htm"
USERMUSTRESETPASSWORD="TRUE"
PRODUCTLOCALE="en-US"
STUDYLOCALE="en-US"/>


<USER  USERNAME="c057362"
USERTYPE="SPONSOR"
FIRSTNAME="Katrina"
LASTNAME="Cathelyn-Irwin"
DISPLAYNAME="Katrina Cathelyn-Irwin"
COUNTRY="UNITED STATES"
PHONE="13172769376"
ALTPHONE="1"
FAX="1"
EMAIL="cathelyn-irwin_katrina_j@lilly.com"
ACTIVESTATE="true"
DELETESTATE="false"
UPDATE="true"
PASSWORD="O7cfB70eA6fQ386292"
BEEPER="1"
USERDATEFORMAT="DAY_MONTH_YEAR"
HOMESCREENURL="./Portal/default.htm"
USERMUSTRESETPASSWORD="TRUE"
PRODUCTLOCALE="en-US"
STUDYLOCALE="en-US"/>


<USER  USERNAME="rm35504"
USERTYPE="SPONSOR"
FIRSTNAME="Rebecca"
LASTNAME="Morrow"
DISPLAYNAME="Rebecca Morrow"
COUNTRY="UNITED STATES"
PHONE="13174333391"
ALTPHONE="1"
FAX="1"
EMAIL="morrow_rebecca_j@lilly.com"
ACTIVESTATE="true"
DELETESTATE="false"
UPDATE="true"
PASSWORD="x4Oh3Nz1Rn4O5033"
BEEPER="1"
USERDATEFORMAT="DAY_MONTH_YEAR"
HOMESCREENURL="./Portal/default.htm"
USERMUSTRESETPASSWORD="TRUE"
PRODUCTLOCALE="en-US"
STUDYLOCALE="en-US"/>


<USER  USERNAME="a701824"
USERTYPE="SPONSOR"
FIRSTNAME="Diego"
LASTNAME="Videira"
DISPLAYNAME="Diego Videira"
COUNTRY="BRAZIL"
PHONE="551121446115"
ALTPHONE="55"
FAX="55"
EMAIL="videira_diego_da_costa@lilly.com"
ACTIVESTATE="true"
DELETESTATE="false"
UPDATE="true"
PASSWORD="iR29mB38f41UmT89204"
BEEPER="55"
USERDATEFORMAT="DAY_MONTH_YEAR"
HOMESCREENURL="./Portal/default.htm"
USERMUSTRESETPASSWORD="TRUE"
PRODUCTLOCALE="en-US"
STUDYLOCALE="en-US"/>


<USER  USERNAME="c039853"
USERTYPE="SPONSOR"
FIRSTNAME="Teresa"
LASTNAME="Hogan"
DISPLAYNAME="Teresa Hogan"
COUNTRY="UNITED STATES"
PHONE="13176552174"
ALTPHONE="1"
FAX="1"
EMAIL="hogan_teresa_l@lilly.com"
ACTIVESTATE="true"
DELETESTATE="false"
UPDATE="true"
PASSWORD="yE4H1gtQ4uI11761"
BEEPER="1"
USERDATEFORMAT="DAY_MONTH_YEAR"
HOMESCREENURL="./Portal/default.htm"
USERMUSTRESETPASSWORD="TRUE"
PRODUCTLOCALE="en-US"
STUDYLOCALE="en-US"/>


<USER  USERNAME="rm90029"
USERTYPE="SPONSOR"
FIRSTNAME="Kathy"
LASTNAME="Britton"
DISPLAYNAME="Kathy Britton"
COUNTRY="UNITED STATES"
PHONE="13172773370"
ALTPHONE="1"
FAX="1"
EMAIL="britton_kathy@lilly.com"
ACTIVESTATE="true"
DELETESTATE="false"
UPDATE="true"
PASSWORD="J3kG4vu8HQ5f9093"
BEEPER="1"
USERDATEFORMAT="DAY_MONTH_YEAR"
HOMESCREENURL="./Portal/default.htm"
USERMUSTRESETPASSWORD="TRUE"
PRODUCTLOCALE="en-US"
STUDYLOCALE="en-US"/>


<USER  USERNAME="v6x8058"
USERTYPE="SPONSOR"
FIRSTNAME="Heidi"
LASTNAME="Gertiser"
DISPLAYNAME="Heidi Gertiser"
COUNTRY="UNITED STATES"
PHONE="13174339126"
ALTPHONE="1"
FAX="1"
EMAIL="gertiser_heidi@lilly.com"
ACTIVESTATE="true"
DELETESTATE="false"
UPDATE="true"
PASSWORD="hB57z2Ia62HoJ841266"
BEEPER="1"
USERDATEFORMAT="DAY_MONTH_YEAR"
HOMESCREENURL="./Portal/default.htm"
USERMUSTRESETPASSWORD="TRUE"
PRODUCTLOCALE="en-US"
STUDYLOCALE="en-US"/>


<USER  USERNAME="c131994"
USERTYPE="SPONSOR"
FIRSTNAME="Jane"
LASTNAME="Njoroge"
DISPLAYNAME="Jane Njoroge"
COUNTRY="UNITED STATES"
PHONE="13172768638"
ALTPHONE="1"
FAX="1"
EMAIL="njoroge_jane_n@lilly.com"
ACTIVESTATE="true"
DELETESTATE="false"
UPDATE="true"
PASSWORD="mH21mM0u49MmV212686"
BEEPER="1"
USERDATEFORMAT="DAY_MONTH_YEAR"
HOMESCREENURL="./Portal/default.htm"
USERMUSTRESETPASSWORD="TRUE"
PRODUCTLOCALE="en-US"
STUDYLOCALE="en-US"/>


<USER  USERNAME="rm94611"
USERTYPE="SPONSOR"
FIRSTNAME="Jennifer E"
LASTNAME="Wilson"
DISPLAYNAME="Jennifer E Wilson"
COUNTRY="UNITED STATES"
PHONE="13174339806"
ALTPHONE="1"
FAX="1"
EMAIL="wilson_jennifer_elaine@lilly.com"
ACTIVESTATE="true"
DELETESTATE="false"
UPDATE="true"
PASSWORD="hQ9i31Sa0PmF426857"
BEEPER="1"
USERDATEFORMAT="DAY_MONTH_YEAR"
HOMESCREENURL="./Portal/default.htm"
USERMUSTRESETPASSWORD="TRUE"
PRODUCTLOCALE="en-US"
STUDYLOCALE="en-US"/>


<USER  USERNAME="c026390"
USERTYPE="SPONSOR"
FIRSTNAME="Susan"
LASTNAME="Woodring"
DISPLAYNAME="Susan Woodring"
COUNTRY="UNITED STATES"
PHONE="13176552039"
ALTPHONE="1"
FAX="1"
EMAIL="woodring_susan_e@lilly.com"
ACTIVESTATE="true"
DELETESTATE="false"
UPDATE="true"
PASSWORD="y68ZfN33N0pcM71093"
BEEPER="1"
USERDATEFORMAT="DAY_MONTH_YEAR"
HOMESCREENURL="./Portal/default.htm"
USERMUSTRESETPASSWORD="TRUE"
PRODUCTLOCALE="en-US"
STUDYLOCALE="en-US"/>


<USER  USERNAME="c071673"
USERTYPE="SPONSOR"
FIRSTNAME="Vanessa"
LASTNAME="Distel"
DISPLAYNAME="Vanessa Distel"
COUNTRY="UNITED STATES"
PHONE="13172763881"
ALTPHONE="1"
FAX="1"
EMAIL="distel_vanessa_m@lilly.com"
ACTIVESTATE="true"
DELETESTATE="false"
UPDATE="true"
PASSWORD="fC6pU33vF79aB624919"
BEEPER="1"
USERDATEFORMAT="DAY_MONTH_YEAR"
HOMESCREENURL="./Portal/default.htm"
USERMUSTRESETPASSWORD="TRUE"
PRODUCTLOCALE="en-US"
STUDYLOCALE="en-US"/>


<USER  USERNAME="a803075"
USERTYPE="SPONSOR"
FIRSTNAME="Pranav"
LASTNAME="Pandya"
DISPLAYNAME="Pranav Pandya"
COUNTRY="UNITED STATES"
PHONE="13172204360"
ALTPHONE="1"
FAX="1"
EMAIL="pandya_pranav_d@lilly.com"
ACTIVESTATE="true"
DELETESTATE="false"
UPDATE="true"
PASSWORD="eZ4uU8kN0W2f1870"
BEEPER="1"
USERDATEFORMAT="DAY_MONTH_YEAR"
HOMESCREENURL="./Portal/default.htm"
USERMUSTRESETPASSWORD="TRUE"
PRODUCTLOCALE="en-US"
STUDYLOCALE="en-US"/>


<USER  USERNAME="rm36132"
USERTYPE="SPONSOR"
FIRSTNAME="Jan"
LASTNAME="Myers"
DISPLAYNAME="Jan Myers"
COUNTRY="UNITED STATES"
PHONE="13172776603"
ALTPHONE="1"
FAX="1"
EMAIL="myers_jan_e@lilly.com"
ACTIVESTATE="true"
DELETESTATE="false"
UPDATE="true"
PASSWORD="oA16iT8yE5pH841228"
BEEPER="1"
USERDATEFORMAT="DAY_MONTH_YEAR"
HOMESCREENURL="./Portal/default.htm"
USERMUSTRESETPASSWORD="TRUE"
PRODUCTLOCALE="en-US"
STUDYLOCALE="en-US"/>


<USER  USERNAME="c135748"
USERTYPE="SPONSOR"
FIRSTNAME="Stephanie"
LASTNAME="Horna"
DISPLAYNAME="Stephanie Horna"
COUNTRY="UNITED STATES"
PHONE="13172608949"
ALTPHONE="1"
FAX="1"
EMAIL="horna_stephanie_lynne@lilly.com"
ACTIVESTATE="true"
DELETESTATE="false"
UPDATE="true"
PASSWORD="qE8aQ19K2pn53L2992"
BEEPER="1"
USERDATEFORMAT="DAY_MONTH_YEAR"
HOMESCREENURL="./Portal/default.htm"
USERMUSTRESETPASSWORD="TRUE"
PRODUCTLOCALE="en-US"
STUDYLOCALE="en-US"/>


<USER  USERNAME="aawada"
USERTYPE="SITE"
FIRSTNAME="Ahmad"
LASTNAME="Awada"
DISPLAYNAME="Ahmad Awada"
COUNTRY="BELGIUM"
PHONE="323225413189"
ALTPHONE="32"
FAX="32"
EMAIL="ahmad.awada@bordet.be"
ACTIVESTATE="true"
DELETESTATE="false"
UPDATE="true"
PASSWORD="vA48jG6T1mB2g654"
BEEPER="32"
USERDATEFORMAT="DAY_MONTH_YEAR"
HOMESCREENURL="./Portal/default.htm"
USERMUSTRESETPASSWORD="TRUE"
PRODUCTLOCALE="en-US"
STUDYLOCALE="en-US"/>


<USER  USERNAME="cstober"
USERTYPE="SITE"
FIRSTNAME="Carol"
LASTNAME="Stober"
DISPLAYNAME="Carol Stober"
COUNTRY="CANADA"
PHONE="16137377700"
ALTPHONE="1"
FAX="1"
EMAIL="cstober@toh.on.ca"
ACTIVESTATE="true"
DELETESTATE="false"
UPDATE="true"
PASSWORD="K9paL63eI1bG636518"
BEEPER="1"
USERDATEFORMAT="DAY_MONTH_YEAR"
HOMESCREENURL="./Portal/default.htm"
USERMUSTRESETPASSWORD="TRUE"
PRODUCTLOCALE="en-US"
STUDYLOCALE="en-US"/>


<USER  USERNAME="eschepers"
USERTYPE="SITE"
FIRSTNAME="Emily"
LASTNAME="Schepers"
DISPLAYNAME="Emily Schepers"
COUNTRY="UNITED STATES"
PHONE="13147144793"
ALTPHONE="1"
FAX="1"
EMAIL="Escheper@dom.wustl.edu"
ACTIVESTATE="true"
DELETESTATE="false"
UPDATE="true"
PASSWORD="X2dbN1uI2xD35888"
BEEPER="1"
USERDATEFORMAT="DAY_MONTH_YEAR"
HOMESCREENURL="./Portal/default.htm"
USERMUSTRESETPASSWORD="TRUE"
PRODUCTLOCALE="en-US"
STUDYLOCALE="en-US"/>


<USER  USERNAME="msmith"
USERTYPE="SITE"
FIRSTNAME="Michelle"
LASTNAME="Smith"
DISPLAYNAME="Michelle Smith"
COUNTRY="UNITED STATES"
PHONE="17349368538"
ALTPHONE="1"
FAX="1"
EMAIL="smimiche@umich.edu"
ACTIVESTATE="true"
DELETESTATE="false"
UPDATE="true"
PASSWORD="i9TfM35rB81l22D173"
BEEPER="1"
USERDATEFORMAT="DAY_MONTH_YEAR"
HOMESCREENURL="./Portal/default.htm"
USERMUSTRESETPASSWORD="TRUE"
PRODUCTLOCALE="en-US"
STUDYLOCALE="en-US"/>


<USER  USERNAME="rphipps"
USERTYPE="SITE"
FIRSTNAME="Rachel"
LASTNAME="Phipps"
DISPLAYNAME="Rachel Phipps"
COUNTRY="UNITED STATES"
PHONE="19198437197"
ALTPHONE="1"
FAX="1"
EMAIL="rachel_phipps@med.unc.edu"
ACTIVESTATE="true"
DELETESTATE="false"
UPDATE="true"
PASSWORD="hY7fE1G9jS9u7380"
BEEPER="1"
USERDATEFORMAT="DAY_MONTH_YEAR"
HOMESCREENURL="./Portal/default.htm"
USERMUSTRESETPASSWORD="TRUE"
PRODUCTLOCALE="en-US"
STUDYLOCALE="en-US"/>


<USER  USERNAME="bsteele"
USERTYPE="SITE"
FIRSTNAME="Brenda"
LASTNAME="Steele"
DISPLAYNAME="Brenda Steele"
COUNTRY="UNITED STATES"
PHONE="14126412261"
ALTPHONE="1"
FAX="1"
EMAIL="steeleb@upmc.edu"
ACTIVESTATE="true"
DELETESTATE="false"
UPDATE="true"
PASSWORD="x94EoM44eE82bH366134"
BEEPER="1"
USERDATEFORMAT="DAY_MONTH_YEAR"
HOMESCREENURL="./Portal/default.htm"
USERMUSTRESETPASSWORD="TRUE"
PRODUCTLOCALE="en-US"
STUDYLOCALE="en-US"/>


<USER  USERNAME="lreddington"
USERTYPE="SITE"
FIRSTNAME="Laura"
LASTNAME="Reddington"
DISPLAYNAME="Laura Reddington"
COUNTRY="UNITED STATES"
PHONE="12126395875"
ALTPHONE="1"
FAX="1"
EMAIL="Reddingl@mskcc.org"
ACTIVESTATE="true"
DELETESTATE="false"
UPDATE="true"
PASSWORD="tP85uL68g89Mp4F419"
BEEPER="1"
USERDATEFORMAT="DAY_MONTH_YEAR"
HOMESCREENURL="./Portal/default.htm"
USERMUSTRESETPASSWORD="TRUE"
PRODUCTLOCALE="en-US"
STUDYLOCALE="en-US"/>


<USER  USERNAME="vrenukuntla"
USERTYPE="SITE"
FIRSTNAME="Venkat"
LASTNAME="Renukuntla"
DISPLAYNAME="Venkat Renukuntla"
COUNTRY="UNITED STATES"
PHONE="18137454082"
ALTPHONE="1"
FAX="1"
EMAIL="venkat.renukuntla@moffitt.org"
ACTIVESTATE="true"
DELETESTATE="false"
UPDATE="true"
PASSWORD="kR56qJ3eP3nP02032"
BEEPER="1"
USERDATEFORMAT="DAY_MONTH_YEAR"
HOMESCREENURL="./Portal/default.htm"
USERMUSTRESETPASSWORD="TRUE"
PRODUCTLOCALE="en-US"
STUDYLOCALE="en-US"/>


<USER  USERNAME="nbouganim"
USERTYPE="SITE"
FIRSTNAME="Nathaniel"
LASTNAME="Bouganim"
DISPLAYNAME="Nathaniel Bouganim"
COUNTRY="CANADA"
PHONE="15149341934"
ALTPHONE="1"
FAX="1"
EMAIL="nathaniel.bouganim@mcgill.ca"
ACTIVESTATE="true"
DELETESTATE="false"
UPDATE="true"
PASSWORD="cB2gH34O8snS53550"
BEEPER="1"
USERDATEFORMAT="DAY_MONTH_YEAR"
HOMESCREENURL="./Portal/default.htm"
USERMUSTRESETPASSWORD="TRUE"
PRODUCTLOCALE="en-US"
STUDYLOCALE="en-US"/>


<USER  USERNAME="amorikawa"
USERTYPE="SITE"
FIRSTNAME="Aki"
LASTNAME="Morikawa"
DISPLAYNAME="Aki Morikawa"
COUNTRY="UNITED STATES"
PHONE="17349368538"
ALTPHONE="1"
FAX="1"
EMAIL="morikawa@med.umich.edu"
ACTIVESTATE="true"
DELETESTATE="false"
UPDATE="true"
PASSWORD="b74Vi5Le20MdY278957"
BEEPER="1"
USERDATEFORMAT="DAY_MONTH_YEAR"
HOMESCREENURL="./Portal/default.htm"
USERMUSTRESETPASSWORD="TRUE"
PRODUCTLOCALE="en-US"
STUDYLOCALE="en-US"/>


<USER  USERNAME="jdewelle"
USERTYPE="SITE"
FIRSTNAME="Janique"
LASTNAME="Dewelle"
DISPLAYNAME="Janique Dewelle"
COUNTRY="BELGIUM"
PHONE="323271104709"
ALTPHONE="32"
FAX="32"
EMAIL="janique.dewelle@ghdc.be"
ACTIVESTATE="true"
DELETESTATE="false"
UPDATE="true"
PASSWORD="lW1lI20dW69jM38467"
BEEPER="32"
USERDATEFORMAT="DAY_MONTH_YEAR"
HOMESCREENURL="./Portal/default.htm"
USERMUSTRESETPASSWORD="TRUE"
PRODUCTLOCALE="en-US"
STUDYLOCALE="en-US"/>


<USER  USERNAME="z2x9894"
USERTYPE="SPONSOR"
FIRSTNAME="Tim"
LASTNAME="Estrella"
DISPLAYNAME="Tim Estrella"
COUNTRY="UNITED STATES"
PHONE="18134765425"
ALTPHONE="1"
FAX="1"
EMAIL="timothy.estrella@quintiles.com"
ACTIVESTATE="true"
DELETESTATE="false"
UPDATE="true"
PASSWORD="nU27bY49hV89q2M5466"
BEEPER="1"
USERDATEFORMAT="DAY_MONTH_YEAR"
HOMESCREENURL="./Portal/default.htm"
USERMUSTRESETPASSWORD="TRUE"
PRODUCTLOCALE="en-US"
STUDYLOCALE="en-US"/>


<USER  USERNAME="c083101"
USERTYPE="SPONSOR"
FIRSTNAME="Marcela"
LASTNAME="Almeida"
DISPLAYNAME="Marcela Almeida"
COUNTRY="BRAZIL"
PHONE="555.5112144604e+011"
ALTPHONE="55"
FAX="55"
EMAIL="almeida_marcela_pelisson_sorge@lilly.com"
ACTIVESTATE="true"
DELETESTATE="false"
UPDATE="true"
PASSWORD="s2WC8mM3ak6S9636"
BEEPER="55"
USERDATEFORMAT="DAY_MONTH_YEAR"
HOMESCREENURL="./Portal/default.htm"
USERMUSTRESETPASSWORD="TRUE"
PRODUCTLOCALE="en-US"
STUDYLOCALE="en-US"/>


<USER  USERNAME="c039825"
USERTYPE="SPONSOR"
FIRSTNAME="David"
LASTNAME="Estelle"
DISPLAYNAME="David Estelle"
COUNTRY="UNITED STATES"
PHONE="13172761799"
ALTPHONE="1"
FAX="1"
EMAIL="estelle_david_e@lilly.com"
ACTIVESTATE="true"
DELETESTATE="false"
UPDATE="true"
PASSWORD="D7vl1Rl85Vk3H5971"
BEEPER="1"
USERDATEFORMAT="DAY_MONTH_YEAR"
HOMESCREENURL="./Portal/default.htm"
USERMUSTRESETPASSWORD="TRUE"
PRODUCTLOCALE="en-US"
STUDYLOCALE="en-US"/>


<USER  USERNAME="c039863"
USERTYPE="SPONSOR"
FIRSTNAME="Angela"
LASTNAME="Roepke"
DISPLAYNAME="Angela Roepke"
COUNTRY="UNITED STATES"
PHONE="13176516235"
ALTPHONE="1"
FAX="1"
EMAIL="roepke_angela_p@lilly.com"
ACTIVESTATE="true"
DELETESTATE="false"
UPDATE="true"
PASSWORD="s50Wj14XpF3z7E7119"
BEEPER="1"
USERDATEFORMAT="DAY_MONTH_YEAR"
HOMESCREENURL="./Portal/default.htm"
USERMUSTRESETPASSWORD="TRUE"
PRODUCTLOCALE="en-US"
STUDYLOCALE="en-US"/>


<USER  USERNAME="c015393"
USERTYPE="SPONSOR"
FIRSTNAME="MarKay"
LASTNAME="Burkhart"
DISPLAYNAME="MarKay Burkhart"
COUNTRY="UNITED STATES"
PHONE="13176519028"
ALTPHONE="1"
FAX="1"
EMAIL="burkhart_markay_l@lilly.com"
ACTIVESTATE="true"
DELETESTATE="false"
UPDATE="true"
PASSWORD="b9Oo0Se7Ib44K1390"
BEEPER="1"
USERDATEFORMAT="DAY_MONTH_YEAR"
HOMESCREENURL="./Portal/default.htm"
USERMUSTRESETPASSWORD="TRUE"
PRODUCTLOCALE="en-US"
STUDYLOCALE="en-US"/>


<USER  USERNAME="ye91098"
USERTYPE="SPONSOR"
FIRSTNAME="Kennie"
LASTNAME="OGUNNAIKE"
DISPLAYNAME="Kennie OGUNNAIKE"
COUNTRY="UNITED KINGDOM"
PHONE="444.4012764838e+012"
ALTPHONE="44"
FAX="44"
EMAIL="ogunnaike_kennie@lilly.com"
ACTIVESTATE="true"
DELETESTATE="false"
UPDATE="true"
PASSWORD="gW50l3AfT30cN349722"
BEEPER="44"
USERDATEFORMAT="DAY_MONTH_YEAR"
HOMESCREENURL="./Portal/default.htm"
USERMUSTRESETPASSWORD="TRUE"
PRODUCTLOCALE="en-US"
STUDYLOCALE="en-US"/>


<USER  USERNAME="c143125"
USERTYPE="SPONSOR"
FIRSTNAME="Brian"
LASTNAME="Dillman"
DISPLAYNAME="Brian Dillman"
COUNTRY="UNITED STATES"
PHONE="13174332638"
ALTPHONE="1"
FAX="1"
EMAIL="dillman_brian@lilly.com"
ACTIVESTATE="true"
DELETESTATE="false"
UPDATE="true"
PASSWORD="W6cnL85qT4l28N8463"
BEEPER="1"
USERDATEFORMAT="DAY_MONTH_YEAR"
HOMESCREENURL="./Portal/default.htm"
USERMUSTRESETPASSWORD="TRUE"
PRODUCTLOCALE="en-US"
STUDYLOCALE="en-US"/>


<USER  USERNAME="c090108"
USERTYPE="SPONSOR"
FIRSTNAME="Kraig"
LASTNAME="Hodson"
DISPLAYNAME="Kraig Hodson"
COUNTRY="UNITED STATES"
PHONE="13176514674"
ALTPHONE="1"
FAX="1"
EMAIL="hodson_kraig_e@lilly.com"
ACTIVESTATE="true"
DELETESTATE="false"
UPDATE="true"
PASSWORD="c2IrI0sW75F1i5722"
BEEPER="1"
USERDATEFORMAT="DAY_MONTH_YEAR"
HOMESCREENURL="./Portal/default.htm"
USERMUSTRESETPASSWORD="TRUE"
PRODUCTLOCALE="en-US"
STUDYLOCALE="en-US"/>


<USER  USERNAME="c089548"
USERTYPE="SPONSOR"
FIRSTNAME="Douglas"
LASTNAME="Roepke"
DISPLAYNAME="Douglas Roepke"
COUNTRY="UNITED STATES"
PHONE="13172767364"
ALTPHONE="1"
FAX="1"
EMAIL="roepke_douglas_andrew@lilly.com"
ACTIVESTATE="true"
DELETESTATE="false"
UPDATE="true"
PASSWORD="sH14j3HH0xi31T7486"
BEEPER="1"
USERDATEFORMAT="DAY_MONTH_YEAR"
HOMESCREENURL="./Portal/default.htm"
USERMUSTRESETPASSWORD="TRUE"
PRODUCTLOCALE="en-US"
STUDYLOCALE="en-US"/>


<USER  USERNAME="c026393"
USERTYPE="SPONSOR"
FIRSTNAME="Lee Ann"
LASTNAME="Wininger"
DISPLAYNAME="Lee Ann Wininger"
COUNTRY="UNITED STATES"
PHONE="13176513238"
ALTPHONE="1"
FAX="1"
EMAIL="Wininger_Lee_Ann@lilly.com"
ACTIVESTATE="true"
DELETESTATE="false"
UPDATE="true"
PASSWORD="i1Ae7Tc30VfE41106"
BEEPER="1"
USERDATEFORMAT="DAY_MONTH_YEAR"
HOMESCREENURL="./Portal/default.htm"
USERMUSTRESETPASSWORD="TRUE"
PRODUCTLOCALE="en-US"
STUDYLOCALE="en-US"/>


<USER  USERNAME="c075541"
USERTYPE="SPONSOR"
FIRSTNAME="Sara"
LASTNAME="Vandermark"
DISPLAYNAME="Sara Vandermark"
COUNTRY="UNITED STATES"
PHONE="13176553465"
ALTPHONE="1"
FAX="1"
EMAIL="Vandermark_Sara@lilly.com"
ACTIVESTATE="true"
DELETESTATE="false"
UPDATE="true"
PASSWORD="jX79kQ33xP1Z3t7956"
BEEPER="1"
USERDATEFORMAT="DAY_MONTH_YEAR"
HOMESCREENURL="./Portal/default.htm"
USERMUSTRESETPASSWORD="TRUE"
PRODUCTLOCALE="en-US"
STUDYLOCALE="en-US"/>


<USER  USERNAME="a511471"
USERTYPE="SPONSOR"
FIRSTNAME="Janet"
LASTNAME="Roepke"
DISPLAYNAME="Janet Roepke"
COUNTRY="UNITED STATES"
PHONE="13172765883"
ALTPHONE="1"
FAX="1"
EMAIL="roepke_janet_elizabeth@lilly.com"
ACTIVESTATE="true"
DELETESTATE="false"
UPDATE="true"
PASSWORD="zY0zV82dR74i51X2191"
BEEPER="1"
USERDATEFORMAT="DAY_MONTH_YEAR"
HOMESCREENURL="./Portal/default.htm"
USERMUSTRESETPASSWORD="TRUE"
PRODUCTLOCALE="en-US"
STUDYLOCALE="en-US"/>


<USER  USERNAME="a608261"
USERTYPE="SPONSOR"
FIRSTNAME="Penny"
LASTNAME="Altman"
DISPLAYNAME="Penny Altman"
COUNTRY="UNITED STATES"
PHONE="13176511479"
ALTPHONE="1"
FAX="1"
EMAIL="altman_penny_s@lilly.com"
ACTIVESTATE="true"
DELETESTATE="false"
UPDATE="true"
PASSWORD="qZ72oU78r4GvR91549"
BEEPER="1"
USERDATEFORMAT="DAY_MONTH_YEAR"
HOMESCREENURL="./Portal/default.htm"
USERMUSTRESETPASSWORD="TRUE"
PRODUCTLOCALE="en-US"
STUDYLOCALE="en-US"/>


<USER  USERNAME="rm35194"
USERTYPE="SPONSOR"
FIRSTNAME="Beth"
LASTNAME="Mitchell"
DISPLAYNAME="Beth Mitchell"
COUNTRY="UNITED STATES"
PHONE="13174336127"
ALTPHONE="1"
FAX="1"
EMAIL="mitchell_beth_d@lilly.com"
ACTIVESTATE="true"
DELETESTATE="false"
UPDATE="true"
PASSWORD="jV1cO71pF32R7j3621"
BEEPER="1"
USERDATEFORMAT="DAY_MONTH_YEAR"
HOMESCREENURL="./Portal/default.htm"
USERMUSTRESETPASSWORD="TRUE"
PRODUCTLOCALE="en-US"
STUDYLOCALE="en-US"/>


<USER  USERNAME="kradcliffe"
USERTYPE="SITE"
FIRSTNAME="Kristin"
LASTNAME="Radcliffe"
DISPLAYNAME="Kristin Radcliffe"
COUNTRY="UNITED STATES"
PHONE="16176326767"
ALTPHONE="1"
FAX="1"
EMAIL="kristin.radcliffe@dfci.harvard.edu"
ACTIVESTATE="true"
DELETESTATE="false"
UPDATE="true"
PASSWORD="xL7xN63wD0yD15000"
BEEPER="1"
USERDATEFORMAT="DAY_MONTH_YEAR"
HOMESCREENURL="./Portal/default.htm"
USERMUSTRESETPASSWORD="TRUE"
PRODUCTLOCALE="en-US"
STUDYLOCALE="en-US"/>


<USER  USERNAME="sbart"
USERTYPE="SITE"
FIRSTNAME="Stephan"
LASTNAME="Bart"
DISPLAYNAME="Stephan Bart"
COUNTRY="UNITED STATES"
PHONE="18137453871"
ALTPHONE="1"
FAX="1"
EMAIL="Stephan.Bart@moffitt.org"
ACTIVESTATE="true"
DELETESTATE="false"
UPDATE="true"
PASSWORD="gO6y2KaY4cT42307"
BEEPER="1"
USERDATEFORMAT="DAY_MONTH_YEAR"
HOMESCREENURL="./Portal/default.htm"
USERMUSTRESETPASSWORD="TRUE"
PRODUCTLOCALE="en-US"
STUDYLOCALE="en-US"/>


<USER  USERNAME="canders"
USERTYPE="SITE"
FIRSTNAME="Carey"
LASTNAME="Anders"
DISPLAYNAME="Carey Anders"
COUNTRY="UNITED STATES"
PHONE="19199665874"
ALTPHONE="1"
FAX="1"
EMAIL="carey_anders@med.unc.edu"
ACTIVESTATE="true"
DELETESTATE="false"
UPDATE="true"
PASSWORD="E6ftN8W3boF31062"
BEEPER="1"
USERDATEFORMAT="DAY_MONTH_YEAR"
HOMESCREENURL="./Portal/default.htm"
USERMUSTRESETPASSWORD="TRUE"
PRODUCTLOCALE="en-US"
STUDYLOCALE="en-US"/>


<USER  USERNAME="cbumb"
USERTYPE="SITE"
FIRSTNAME="Caroline"
LASTNAME="Bumb"
DISPLAYNAME="Caroline Bumb"
COUNTRY="UNITED STATES"
PHONE="13143627249"
ALTPHONE="1"
FAX="1"
EMAIL="cbumb@dom.wustl.edu"
ACTIVESTATE="true"
DELETESTATE="false"
UPDATE="true"
PASSWORD="B8xjN79gI5hB265524"
BEEPER="1"
USERDATEFORMAT="DAY_MONTH_YEAR"
HOMESCREENURL="./Portal/default.htm"
USERMUSTRESETPASSWORD="TRUE"
PRODUCTLOCALE="en-US"
STUDYLOCALE="en-US"/>


<USER  USERNAME="pkabos"
USERTYPE="SITE"
FIRSTNAME="Peter"
LASTNAME="Kabos"
DISPLAYNAME="Peter Kabos"
COUNTRY="UNITED STATES"
PHONE="17208481030"
ALTPHONE="1"
FAX="1"
EMAIL="peter.kabos@ucdenver.edu"
ACTIVESTATE="true"
DELETESTATE="false"
UPDATE="true"
PASSWORD="x0II4zdU3h75H4055"
BEEPER="1"
USERDATEFORMAT="DAY_MONTH_YEAR"
HOMESCREENURL="./Portal/default.htm"
USERMUSTRESETPASSWORD="TRUE"
PRODUCTLOCALE="en-US"
STUDYLOCALE="en-US"/>


<USER  USERNAME="tcolvin"
USERTYPE="SITE"
FIRSTNAME="Tiffany"
LASTNAME="Colvin"
DISPLAYNAME="Tiffany Colvin"
COUNTRY="UNITED STATES"
PHONE="17208480664"
ALTPHONE="1"
FAX="1"
EMAIL="tiffany.colvin@ucdenver.edu"
ACTIVESTATE="true"
DELETESTATE="false"
UPDATE="true"
PASSWORD="yH7xK29W1ujR439770"
BEEPER="1"
USERDATEFORMAT="DAY_MONTH_YEAR"
HOMESCREENURL="./Portal/default.htm"
USERMUSTRESETPASSWORD="TRUE"
PRODUCTLOCALE="en-US"
STUDYLOCALE="en-US"/>


<USER  USERNAME="mmelisko"
USERTYPE="SITE"
FIRSTNAME="Michelle"
LASTNAME="Melisko"
DISPLAYNAME="Michelle Melisko"
COUNTRY="UNITED STATES"
PHONE="14153537288"
ALTPHONE="1"
FAX="1"
EMAIL="mmelisko@medicine.ucsf.edu"
ACTIVESTATE="true"
DELETESTATE="false"
UPDATE="true"
PASSWORD="u7Zw42Yi32Yz57M5586"
BEEPER="1"
USERDATEFORMAT="DAY_MONTH_YEAR"
HOMESCREENURL="./Portal/default.htm"
USERMUSTRESETPASSWORD="TRUE"
PRODUCTLOCALE="en-US"
STUDYLOCALE="en-US"/>


<USER  USERNAME="lrose"
USERTYPE="SITE"
FIRSTNAME="Lara"
LASTNAME="Rose"
DISPLAYNAME="Lara Rose"
COUNTRY="UNITED STATES"
PHONE="18588225377"
ALTPHONE="1"
FAX="1"
EMAIL="ljrose@ucsd.edu"
ACTIVESTATE="true"
DELETESTATE="false"
UPDATE="true"
PASSWORD="p1HpL7kP35iM591402"
BEEPER="1"
USERDATEFORMAT="DAY_MONTH_YEAR"
HOMESCREENURL="./Portal/default.htm"
USERMUSTRESETPASSWORD="TRUE"
PRODUCTLOCALE="en-US"
STUDYLOCALE="en-US"/>


<USER  USERNAME="rsharma"
USERTYPE="SITE"
FIRSTNAME="Rajesh"
LASTNAME="Sharma"
DISPLAYNAME="Rajesh Sharma"
COUNTRY="CANADA"
PHONE="15149341934"
ALTPHONE="1"
FAX="1"
EMAIL="rajesh.sharma@mcgill.ca"
ACTIVESTATE="true"
DELETESTATE="false"
UPDATE="true"
PASSWORD="uQ2wK36cT97O1b2353"
BEEPER="1"
USERDATEFORMAT="DAY_MONTH_YEAR"
HOMESCREENURL="./Portal/default.htm"
USERMUSTRESETPASSWORD="TRUE"
PRODUCTLOCALE="en-US"
STUDYLOCALE="en-US"/>


<USER  USERNAME="coder_query"
USERTYPE="SPONSOR"
FIRSTNAME="Coder"
LASTNAME="Query"
DISPLAYNAME="Coder Query"
COUNTRY="UNITED STATES"
PHONE="11"
ALTPHONE="1"
FAX="1"
EMAIL="talley_dorothea_d@lilly.com"
ACTIVESTATE="true"
DELETESTATE="false"
UPDATE="true"
PASSWORD="vR7jR43qG29e4X699"
BEEPER="1"
USERDATEFORMAT="DAY_MONTH_YEAR"
HOMESCREENURL="./Portal/default.htm"
USERMUSTRESETPASSWORD="TRUE"
PRODUCTLOCALE="en-US"
STUDYLOCALE="en-US"/>


<USER  USERNAME="c184712"
USERTYPE="SPONSOR"
FIRSTNAME="Kristina"
LASTNAME="Selbe"
DISPLAYNAME="Kristina Selbe"
COUNTRY="UNITED STATES"
PHONE="13174327582"
ALTPHONE="1"
FAX="1"
EMAIL="kselbe@lilly.com"
ACTIVESTATE="true"
DELETESTATE="false"
UPDATE="true"
PASSWORD="W9sG8oy3ZhO444329"
BEEPER="1"
USERDATEFORMAT="DAY_MONTH_YEAR"
HOMESCREENURL="./Portal/default.htm"
USERMUSTRESETPASSWORD="TRUE"
PRODUCTLOCALE="en-US"
STUDYLOCALE="en-US"/>


<USER  USERNAME="z1x1981"
USERTYPE="SPONSOR"
FIRSTNAME="Amanda"
LASTNAME="Roepke"
DISPLAYNAME="Amanda Roepke"
COUNTRY="UNITED STATES"
PHONE="19106206138"
ALTPHONE="1"
FAX="1"
EMAIL="amanda.roepke@quintiles.com"
ACTIVESTATE="true"
DELETESTATE="false"
UPDATE="true"
PASSWORD="wB51tO73e85JuW08883"
BEEPER="1"
USERDATEFORMAT="DAY_MONTH_YEAR"
HOMESCREENURL="./Portal/default.htm"
USERMUSTRESETPASSWORD="TRUE"
PRODUCTLOCALE="en-US"
STUDYLOCALE="en-US"/>


<USER  USERNAME="z3x1847"
USERTYPE="SPONSOR"
FIRSTNAME="Angela"
LASTNAME="Sterger"
DISPLAYNAME="Angela Sterger"
COUNTRY="UNITED STATES"
PHONE="13039935662"
ALTPHONE="1"
FAX="1"
EMAIL="angela.sterger@quintiles.com"
ACTIVESTATE="true"
DELETESTATE="false"
UPDATE="true"
PASSWORD="zH8b6IP9ci3V8316"
BEEPER="1"
USERDATEFORMAT="DAY_MONTH_YEAR"
HOMESCREENURL="./Portal/default.htm"
USERMUSTRESETPASSWORD="TRUE"
PRODUCTLOCALE="en-US"
STUDYLOCALE="en-US"/>


<USER  USERNAME="z1x2603"
USERTYPE="SPONSOR"
FIRSTNAME="Duyen"
LASTNAME="Nguyen"
DISPLAYNAME="Duyen Nguyen"
COUNTRY="UNITED STATES"
PHONE="17604384184"
ALTPHONE="1"
FAX="1"
EMAIL="duyen.nguyen@quintiles.com"
ACTIVESTATE="true"
DELETESTATE="false"
UPDATE="true"
PASSWORD="lS47wT94iQ1K0o5034"
BEEPER="1"
USERDATEFORMAT="DAY_MONTH_YEAR"
HOMESCREENURL="./Portal/default.htm"
USERMUSTRESETPASSWORD="TRUE"
PRODUCTLOCALE="en-US"
STUDYLOCALE="en-US"/>


<USER  USERNAME="z1x1865"
USERTYPE="SPONSOR"
FIRSTNAME="Gregory"
LASTNAME="Collins"
DISPLAYNAME="Gregory Collins"
COUNTRY="UNITED STATES"
PHONE="13023761671"
ALTPHONE="1"
FAX="1"
EMAIL="gregory.collins@quintiles.com"
ACTIVESTATE="true"
DELETESTATE="false"
UPDATE="true"
PASSWORD="qL9cM17J7pvV07489"
BEEPER="1"
USERDATEFORMAT="DAY_MONTH_YEAR"
HOMESCREENURL="./Portal/default.htm"
USERMUSTRESETPASSWORD="TRUE"
PRODUCTLOCALE="en-US"
STUDYLOCALE="en-US"/>


<USER  USERNAME="z2x1697"
USERTYPE="SPONSOR"
FIRSTNAME="John"
LASTNAME="Nguyen"
DISPLAYNAME="John Nguyen"
COUNTRY="UNITED STATES"
PHONE="14089232318"
ALTPHONE="1"
FAX="1"
EMAIL="john.nguyen@quintiles.com"
ACTIVESTATE="true"
DELETESTATE="false"
UPDATE="true"
PASSWORD="oR24s47RcQ9s26W6922"
BEEPER="1"
USERDATEFORMAT="DAY_MONTH_YEAR"
HOMESCREENURL="./Portal/default.htm"
USERMUSTRESETPASSWORD="TRUE"
PRODUCTLOCALE="en-US"
STUDYLOCALE="en-US"/>


<USER  USERNAME="c189618"
USERTYPE="SPONSOR"
FIRSTNAME="Kristina"
LASTNAME="Wolfe"
DISPLAYNAME="Kristina Wolfe"
COUNTRY="UNITED STATES"
PHONE="19106160929"
ALTPHONE="1"
FAX="1"
EMAIL="kristina.wolfe@quintiles.com"
ACTIVESTATE="true"
DELETESTATE="false"
UPDATE="true"
PASSWORD="M2hmQ4P5ek88U3640"
BEEPER="1"
USERDATEFORMAT="DAY_MONTH_YEAR"
HOMESCREENURL="./Portal/default.htm"
USERMUSTRESETPASSWORD="TRUE"
PRODUCTLOCALE="en-US"
STUDYLOCALE="en-US"/>


<USER  USERNAME="z1x4350"
USERTYPE="SPONSOR"
FIRSTNAME="Lisa"
LASTNAME="Keeley"
DISPLAYNAME="Lisa Keeley"
COUNTRY="UNITED STATES"
PHONE="19104590113"
ALTPHONE="1"
FAX="1"
EMAIL="lisa.keeley@quintiles.com"
ACTIVESTATE="true"
DELETESTATE="false"
UPDATE="true"
PASSWORD="b5YJ3amH4sN456404"
BEEPER="1"
USERDATEFORMAT="DAY_MONTH_YEAR"
HOMESCREENURL="./Portal/default.htm"
USERMUSTRESETPASSWORD="TRUE"
PRODUCTLOCALE="en-US"
STUDYLOCALE="en-US"/>


<USER  USERNAME="c195629"
USERTYPE="SPONSOR"
FIRSTNAME="Morgan"
LASTNAME="Brookwell"
DISPLAYNAME="Morgan Brookwell"
COUNTRY="UNITED STATES"
PHONE="19199987912"
ALTPHONE="1"
FAX="1"
EMAIL="morgan.brookwell@quintiles.com"
ACTIVESTATE="true"
DELETESTATE="false"
UPDATE="true"
PASSWORD="T0tmL7V1xeD353122"
BEEPER="1"
USERDATEFORMAT="DAY_MONTH_YEAR"
HOMESCREENURL="./Portal/default.htm"
USERMUSTRESETPASSWORD="TRUE"
PRODUCTLOCALE="en-US"
STUDYLOCALE="en-US"/>


<USER  USERNAME="z2x0457"
USERTYPE="SPONSOR"
FIRSTNAME="Rachel"
LASTNAME="Corrigan"
DISPLAYNAME="Rachel Corrigan"
COUNTRY="UNITED STATES"
PHONE="17347078648"
ALTPHONE="1"
FAX="1"
EMAIL="rachel.corrigan@quintiles.com"
ACTIVESTATE="true"
DELETESTATE="false"
UPDATE="true"
PASSWORD="jD89E5mzB1hO22554"
BEEPER="1"
USERDATEFORMAT="DAY_MONTH_YEAR"
HOMESCREENURL="./Portal/default.htm"
USERMUSTRESETPASSWORD="TRUE"
PRODUCTLOCALE="en-US"
STUDYLOCALE="en-US"/>


<USER  USERNAME="z1x2073"
USERTYPE="SPONSOR"
FIRSTNAME="Thomas"
LASTNAME="Roughface"
DISPLAYNAME="Thomas Roughface"
COUNTRY="UNITED STATES"
PHONE="14808553152"
ALTPHONE="1"
FAX="1"
EMAIL="thomas.roughface@quintiles.com"
ACTIVESTATE="true"
DELETESTATE="false"
UPDATE="true"
PASSWORD="cS44lG0A8atJ92603"
BEEPER="1"
USERDATEFORMAT="DAY_MONTH_YEAR"
HOMESCREENURL="./Portal/default.htm"
USERMUSTRESETPASSWORD="TRUE"
PRODUCTLOCALE="en-US"
STUDYLOCALE="en-US"/>


<USER  USERNAME="c192612"
USERTYPE="SPONSOR"
FIRSTNAME="Barbara"
LASTNAME="Williams"
DISPLAYNAME="Barbara Williams"
COUNTRY="UNITED STATES"
PHONE="19197686479"
ALTPHONE="1"
FAX="1"
EMAIL="barbara.williams@quintiles.com"
ACTIVESTATE="true"
DELETESTATE="false"
UPDATE="true"
PASSWORD="P1fmM24dD77tX16813"
BEEPER="1"
USERDATEFORMAT="DAY_MONTH_YEAR"
HOMESCREENURL="./Portal/default.htm"
USERMUSTRESETPASSWORD="TRUE"
PRODUCTLOCALE="en-US"
STUDYLOCALE="en-US"/>


<USER  USERNAME="c200859"
USERTYPE="SPONSOR"
FIRSTNAME="Heather"
LASTNAME="Kerns"
DISPLAYNAME="Heather Kerns"
COUNTRY="UNITED STATES"
PHONE="19194253600"
ALTPHONE="1"
FAX="1"
EMAIL="heather.kerns@quintiles.com"
ACTIVESTATE="true"
DELETESTATE="false"
UPDATE="true"
PASSWORD="h4FW2iwA30k6R9577"
BEEPER="1"
USERDATEFORMAT="DAY_MONTH_YEAR"
HOMESCREENURL="./Portal/default.htm"
USERMUSTRESETPASSWORD="TRUE"
PRODUCTLOCALE="en-US"
STUDYLOCALE="en-US"/>


<USER  USERNAME="c198899"
USERTYPE="SPONSOR"
FIRSTNAME="James"
LASTNAME="Oxendine"
DISPLAYNAME="James Oxendine"
COUNTRY="UNITED STATES"
PHONE="19199981987"
ALTPHONE="1"
FAX="1"
EMAIL="james.oxendine@quintiles.com"
ACTIVESTATE="true"
DELETESTATE="false"
UPDATE="true"
PASSWORD="W9gm3MhU36r2O6295"
BEEPER="1"
USERDATEFORMAT="DAY_MONTH_YEAR"
HOMESCREENURL="./Portal/default.htm"
USERMUSTRESETPASSWORD="TRUE"
PRODUCTLOCALE="en-US"
STUDYLOCALE="en-US"/>


<USER  USERNAME="z1z2605"
USERTYPE="SPONSOR"
FIRSTNAME="Vamsi"
LASTNAME="Gottimukkala"
DISPLAYNAME="Vamsi Gottimukkala"
COUNTRY="UNITED STATES"
PHONE="12159215134"
ALTPHONE="1"
FAX="1"
EMAIL="vamsi.gottimukkala@quintiles.com"
ACTIVESTATE="true"
DELETESTATE="false"
UPDATE="true"
PASSWORD="b8TmE66nP15pG96036"
BEEPER="1"
USERDATEFORMAT="DAY_MONTH_YEAR"
HOMESCREENURL="./Portal/default.htm"
USERMUSTRESETPASSWORD="TRUE"
PRODUCTLOCALE="en-US"
STUDYLOCALE="en-US"/>


<USER  USERNAME="z2x6065"
USERTYPE="SPONSOR"
FIRSTNAME="Sarah"
LASTNAME="Fuller"
DISPLAYNAME="Sarah Fuller"
COUNTRY="CANADA"
PHONE="14162598039"
ALTPHONE="1"
FAX="1"
EMAIL="sarah.fuller@quintiles.com"
ACTIVESTATE="true"
DELETESTATE="false"
UPDATE="true"
PASSWORD="yL31oX8yQ40n18B8492"
BEEPER="1"
USERDATEFORMAT="DAY_MONTH_YEAR"
HOMESCREENURL="./Portal/default.htm"
USERMUSTRESETPASSWORD="TRUE"
PRODUCTLOCALE="en-US"
STUDYLOCALE="en-US"/>


<USER  USERNAME="z3x1197"
USERTYPE="SPONSOR"
FIRSTNAME="Jennifer"
LASTNAME="Kraut"
DISPLAYNAME="Jennifer Kraut"
COUNTRY="UNITED STATES"
PHONE="18144319635"
ALTPHONE="1"
FAX="1"
EMAIL="jennifer.kraut@inventivhealth.com"
ACTIVESTATE="true"
DELETESTATE="false"
UPDATE="true"
PASSWORD="aS0nD0tB18nS382803"
BEEPER="1"
USERDATEFORMAT="DAY_MONTH_YEAR"
HOMESCREENURL="./Portal/default.htm"
USERMUSTRESETPASSWORD="TRUE"
PRODUCTLOCALE="en-US"
STUDYLOCALE="en-US"/>


<USER  USERNAME="ZPFpvallar"
USERTYPE="SPONSOR"
FIRSTNAME="Paulnino"
LASTNAME="Vallar"
DISPLAYNAME="Paulnino Vallar"
DESCRIPTION="Support Tier I"
COUNTRY="PHILIPPINES"
PHONE="63"
ALTPHONE="63"
FAX="63"
EMAIL="paulnino.vallar@ORACLE.COM"
ACTIVESTATE="true"
DELETESTATE="false"
UPDATE="true"
PASSWORD="N2ekV44s3Tm68U4721"
BEEPER="63"
USERDATEFORMAT="DAY_MONTH_YEAR"
HOMESCREENURL="./Portal/default.htm"
USERMUSTRESETPASSWORD="TRUE"
PRODUCTLOCALE="en-US"
STUDYLOCALE="en-US"/>


<USER  USERNAME="ZPFjsun"
USERTYPE="SPONSOR"
FIRSTNAME="Jiao"
LASTNAME="Sun"
DISPLAYNAME="Jiao Sun"
DESCRIPTION="Data Entry Japan"
COUNTRY="CHINA"
PHONE="86"
ALTPHONE="86"
FAX="86"
EMAIL="JIAO.SUN@ORACLE.COM"
ACTIVESTATE="true"
DELETESTATE="false"
UPDATE="true"
PASSWORD="N2ekV44s3Tm68U4721"
BEEPER="86"
USERDATEFORMAT="DAY_MONTH_YEAR"
HOMESCREENURL="./Portal/default.htm"
USERMUSTRESETPASSWORD="TRUE"
PRODUCTLOCALE="en-US"
STUDYLOCALE="en-US"/>


<USER  USERNAME="ZPFjwang"
USERTYPE="SPONSOR"
FIRSTNAME="Jing"
LASTNAME="Wang"
DISPLAYNAME="Jing Wang"
DESCRIPTION="Data Entry Japan"
COUNTRY="CHINA"
PHONE="86"
ALTPHONE="86"
FAX="86"
EMAIL="JING.WA.WANG@ORACLE.COM"
ACTIVESTATE="true"
DELETESTATE="false"
UPDATE="true"
PASSWORD="N2ekV44s3Tm68U4721"
BEEPER="86"
USERDATEFORMAT="DAY_MONTH_YEAR"
HOMESCREENURL="./Portal/default.htm"
USERMUSTRESETPASSWORD="TRUE"
PRODUCTLOCALE="en-US"
STUDYLOCALE="en-US"/>


<USER  USERNAME="ZPFzleczo"
USERTYPE="SPONSOR"
FIRSTNAME="Zsanett"
LASTNAME="Leczo"
DISPLAYNAME="Zsanett Leczo"
DESCRIPTION="Support Tier I"
COUNTRY="HUNGARY"
PHONE="36"
ALTPHONE="36"
FAX="36"
EMAIL="zsanett.leczo@oracle.com"
ACTIVESTATE="true"
DELETESTATE="false"
UPDATE="true"
PASSWORD="gT33i48IO8lgH81252"
BEEPER="36"
USERDATEFORMAT="DAY_MONTH_YEAR"
HOMESCREENURL="./Portal/default.htm"
USERMUSTRESETPASSWORD="TRUE"
PRODUCTLOCALE="en-US"
STUDYLOCALE="en-US"/>


<USER  USERNAME="ZPFobodnar"
USERTYPE="SPONSOR"
FIRSTNAME="Oksana"
LASTNAME="Bodnar"
DISPLAYNAME="Oksana Bodnar"
DESCRIPTION="Support Tier I"
COUNTRY="HUNGARY"
PHONE="36"
ALTPHONE="36"
FAX="36"
EMAIL="oksana.bodnar@oracle.com"
ACTIVESTATE="true"
DELETESTATE="false"
UPDATE="true"
PASSWORD="gT33i48IO8lgH81252"
BEEPER="36"
USERDATEFORMAT="DAY_MONTH_YEAR"
HOMESCREENURL="./Portal/default.htm"
USERMUSTRESETPASSWORD="TRUE"
PRODUCTLOCALE="en-US"
STUDYLOCALE="en-US"/>


<USER  USERNAME="ZPFedervishaj"
USERTYPE="SPONSOR"
FIRSTNAME="Erald"
LASTNAME="Dervishaj"
DISPLAYNAME="Erald Dervishaj"
DESCRIPTION="Support Tier I"
COUNTRY="HUNGARY"
PHONE="36"
ALTPHONE="36"
FAX="36"
EMAIL="erald.dervishaj@oracle.com"
ACTIVESTATE="true"
DELETESTATE="false"
UPDATE="true"
PASSWORD="oH1S8jA7dqU487128"
BEEPER="36"
USERDATEFORMAT="DAY_MONTH_YEAR"
HOMESCREENURL="./Portal/default.htm"
USERMUSTRESETPASSWORD="TRUE"
PRODUCTLOCALE="en-US"
STUDYLOCALE="en-US"/>


<USER  USERNAME="ZPFsgazso"
USERTYPE="SPONSOR"
FIRSTNAME="Szidonia"
LASTNAME="Gazso"
DISPLAYNAME="Szidonia Gazso"
DESCRIPTION="Support Tier I"
COUNTRY="HUNGARY"
PHONE="36"
ALTPHONE="36"
FAX="36"
EMAIL="szidonia.gazso@oracle.com"
ACTIVESTATE="true"
DELETESTATE="false"
UPDATE="true"
PASSWORD="oH1S8jA7dqU487128"
BEEPER="36"
USERDATEFORMAT="DAY_MONTH_YEAR"
HOMESCREENURL="./Portal/default.htm"
USERMUSTRESETPASSWORD="TRUE"
PRODUCTLOCALE="en-US"
STUDYLOCALE="en-US"/>


<USER  USERNAME="ZPFklim"
USERTYPE="SPONSOR"
FIRSTNAME="Kok Koang"
LASTNAME="Lim"
DISPLAYNAME="Kok Koang Lim"
DESCRIPTION="Support Tier I"
COUNTRY="HUNGARY"
PHONE="36"
ALTPHONE="36"
FAX="36"
EMAIL="kok.koang.lim@oracle.com"
ACTIVESTATE="true"
DELETESTATE="false"
UPDATE="true"
PASSWORD="vZ96h6QaK1u67F3239"
BEEPER="36"
USERDATEFORMAT="DAY_MONTH_YEAR"
HOMESCREENURL="./Portal/default.htm"
USERMUSTRESETPASSWORD="TRUE"
PRODUCTLOCALE="en-US"
STUDYLOCALE="en-US"/>


<USER  USERNAME="ZPFaotsuka"
USERTYPE="SPONSOR"
FIRSTNAME="Akiyo"
LASTNAME="Otsuka"
DISPLAYNAME="Akiyo Otsuka"
DESCRIPTION="Service Delivery Manager"
ADDRESS="Oracle Aoyama Center2-5-8,Kita Aoyama, Minato-ku Tokyo 107 0061 Japan"
STATE="Tokyo"
POSTCODE="107 0061"
COUNTRY="JAPAN"
PHONE="81"
ALTPHONE="81"
FAX="81"
EMAIL="akiyo.otsuka@oracle.com"
ACTIVESTATE="true"
DELETESTATE="false"
UPDATE="true"
PASSWORD="vZ96h6QaK1u67F3239"
BEEPER="81"
USERDATEFORMAT="DAY_MONTH_YEAR"
HOMESCREENURL="./Portal/default.htm"
USERMUSTRESETPASSWORD="TRUE"
PRODUCTLOCALE="en-US"
STUDYLOCALE="en-US"/>


<USER  USERNAME="ZPFhsekine"
USERTYPE="SPONSOR"
FIRSTNAME="Haruka"
LASTNAME="Sekine"
DISPLAYNAME="Haruka Sekine"
DESCRIPTION="Support Tier I Japan"
ADDRESS="Oracle Aoyama Center2-5-8,Kita Aoyama, Minato-ku Tokyo 107 0061 Japan"
ADDRESS2="107 0061"
COUNTRY="JAPAN"
PHONE="81"
EMAIL="haruka.sekine@oracle.com"
ACTIVESTATE="true"
DELETESTATE="false"
UPDATE="true"
PASSWORD="z4JcR1wP9M0h2931"
USERDATEFORMAT="DAY_MONTH_YEAR"
HOMESCREENURL="./Portal/default.htm"
USERMUSTRESETPASSWORD="TRUE"
PRODUCTLOCALE="en-US"
STUDYLOCALE="en-US"/>


<USER  USERNAME="ZPFkcsobalyka"
USERTYPE="SPONSOR"
FIRSTNAME="Krisztian"
LASTNAME="Csobalyka"
DISPLAYNAME="Krisztian Csobalyka"
DESCRIPTION="Support Tier I"
TITLE="Mr."
COUNTRY="HUNGARY"
PHONE="36704275924"
ALTPHONE="36"
FAX="36"
EMAIL="krisztian.csobalyka@oracle.com"
ACTIVESTATE="true"
DELETESTATE="false"
UPDATE="true"
PASSWORD="z4JcR1wP9M0h2931"
BEEPER="36"
USERDATEFORMAT="DAY_MONTH_YEAR"
HOMESCREENURL="./Portal/default.htm"
USERMUSTRESETPASSWORD="TRUE"
PRODUCTLOCALE="en-US"
STUDYLOCALE="en-US"/>


<USER  USERNAME="ZPFjmacatangay"
USERTYPE="SPONSOR"
FIRSTNAME="Jeffrey"
LASTNAME="Macatangay"
DISPLAYNAME="Jeffrey Macatangay"
DESCRIPTION="Support Tier I"
COUNTRY="PHILIPPINES"
PHONE="63"
ALTPHONE="63"
FAX="63"
EMAIL="jeffrey.macatangay@oracle.com"
ACTIVESTATE="true"
DELETESTATE="false"
UPDATE="true"
PASSWORD="X7peO91f4Mw2D7744"
BEEPER="63"
USERDATEFORMAT="DAY_MONTH_YEAR"
HOMESCREENURL="./Portal/default.htm"
USERMUSTRESETPASSWORD="TRUE"
PRODUCTLOCALE="en-US"
STUDYLOCALE="en-US"/>


<USER  USERNAME="ZPFrducusin"
USERTYPE="SPONSOR"
FIRSTNAME="Rodulf"
LASTNAME="Ducusin"
DISPLAYNAME="Rodulf Ducusin"
DESCRIPTION="Support Tier I"
COUNTRY="PHILIPPINES"
PHONE="63"
ALTPHONE="63"
FAX="63"
EMAIL="RODULF.DUCUSIN@ORACLE.COM"
ACTIVESTATE="true"
DELETESTATE="false"
UPDATE="true"
PASSWORD="u78SfS0k2YfK25030"
BEEPER="63"
USERDATEFORMAT="DAY_MONTH_YEAR"
HOMESCREENURL="./Portal/default.htm"
USERMUSTRESETPASSWORD="TRUE"
PRODUCTLOCALE="en-US"
STUDYLOCALE="en-US"/>


<USER  USERNAME="ZPFskholti"
USERTYPE="SPONSOR"
FIRSTNAME="Szilvia"
LASTNAME="Kholti"
DISPLAYNAME="Szilvia Kholti"
DESCRIPTION="Support Tier I"
COUNTRY="HUNGARY"
PHONE="361111"
ALTPHONE="36"
FAX="36"
EMAIL="szilvia.kholti@oracle.com"
ACTIVESTATE="true"
DELETESTATE="false"
UPDATE="true"
PASSWORD="X7peO91f4Mw2D7744"
BEEPER="36"
USERDATEFORMAT="DAY_MONTH_YEAR"
HOMESCREENURL="./Portal/default.htm"
USERMUSTRESETPASSWORD="TRUE"
PRODUCTLOCALE="en-US"
STUDYLOCALE="en-US"/>


<USER  USERNAME="ZPFsaguilar"
USERTYPE="SPONSOR"
FIRSTNAME="Sergio"
LASTNAME="Aguilar"
DISPLAYNAME="Sergio Aguilar"
DESCRIPTION="Support Tier I"
TITLE="Mr."
COUNTRY="HUNGARY"
PHONE="36"
ALTPHONE="36"
FAX="36"
EMAIL="sergio.aguilar.aguilar@oracle.com"
ACTIVESTATE="true"
DELETESTATE="false"
UPDATE="true"
PASSWORD="X7peO91f4Mw2D7744"
BEEPER="36"
USERDATEFORMAT="DAY_MONTH_YEAR"
HOMESCREENURL="./Portal/default.htm"
USERMUSTRESETPASSWORD="TRUE"
PRODUCTLOCALE="en-US"
STUDYLOCALE="en-US"/>


<USER  USERNAME="ZPFaolah"
USERTYPE="SPONSOR"
FIRSTNAME="Amanda"
LASTNAME="Olah"
DISPLAYNAME="Amanda Olah"
DESCRIPTION="Support Tier I"
COUNTRY="HUNGARY"
PHONE="36"
ALTPHONE="36"
FAX="36"
EMAIL="amanda.olah@oracle.com"
ACTIVESTATE="true"
DELETESTATE="false"
UPDATE="true"
PASSWORD="u78SfS0k2YfK25030"
BEEPER="36"
USERDATEFORMAT="DAY_MONTH_YEAR"
HOMESCREENURL="./Portal/default.htm"
USERMUSTRESETPASSWORD="TRUE"
PRODUCTLOCALE="en-US"
STUDYLOCALE="en-US"/>


<USER  USERNAME="ZPFdnagy"
USERTYPE="SPONSOR"
FIRSTNAME="Daniel"
LASTNAME="Nagy"
DISPLAYNAME="Daniel Nagy"
DESCRIPTION="Support Tier I"
COUNTRY="HUNGARY"
PHONE="36"
ALTPHONE="36"
FAX="36"
EMAIL="daniel.nagy@oracle.com"
ACTIVESTATE="true"
DELETESTATE="false"
UPDATE="true"
PASSWORD="jN79cV19xJ4k2W216"
BEEPER="36"
USERDATEFORMAT="DAY_MONTH_YEAR"
HOMESCREENURL="./Portal/default.htm"
USERMUSTRESETPASSWORD="TRUE"
PRODUCTLOCALE="en-US"
STUDYLOCALE="en-US"/>


<USER  USERNAME="ZPFrnoveno"
USERTYPE="SPONSOR"
FIRSTNAME="Richard"
LASTNAME="Noveno"
DISPLAYNAME="Richard Noveno"
DESCRIPTION="Data Entry"
COUNTRY="PHILIPPINES"
PHONE="63"
ALTPHONE="63"
FAX="63"
EMAIL="richard.noveno@oracle.com"
ACTIVESTATE="true"
DELETESTATE="false"
UPDATE="true"
PASSWORD="u78SfS0k2YfK25030"
BEEPER="63"
USERDATEFORMAT="DAY_MONTH_YEAR"
HOMESCREENURL="./Portal/default.htm"
USERMUSTRESETPASSWORD="TRUE"
PRODUCTLOCALE="en-US"
STUDYLOCALE="en-US"/>


<USER  USERNAME="ZPFdcleto"
USERTYPE="SPONSOR"
FIRSTNAME="Dolores"
LASTNAME="Cleto-Olazo"
DISPLAYNAME="Dolores Cleto-Olazo"
DESCRIPTION="Quality Assurance"
COUNTRY="PHILIPPINES"
PHONE="63"
ALTPHONE="63"
FAX="63"
EMAIL="dolores.olazo@oracle.com"
ACTIVESTATE="true"
DELETESTATE="false"
UPDATE="true"
PASSWORD="jN79cV19xJ4k2W216"
BEEPER="63"
USERDATEFORMAT="DAY_MONTH_YEAR"
HOMESCREENURL="./Portal/default.htm"
USERMUSTRESETPASSWORD="TRUE"
PRODUCTLOCALE="en-US"
STUDYLOCALE="en-US"/>


<USER  USERNAME="ZPFlstoica"
USERTYPE="SPONSOR"
FIRSTNAME="Loredana"
LASTNAME="Stoica"
DISPLAYNAME="Loredana Stoica"
DESCRIPTION="Lilly Support"
COUNTRY="HUNGARY"
PHONE="36"
ALTPHONE="36"
FAX="36"
EMAIL="Loredana.Stoica@oracle.com"
ACTIVESTATE="true"
DELETESTATE="false"
UPDATE="true"
PASSWORD="jN79cV19xJ4k2W216"
BEEPER="36"
USERDATEFORMAT="DAY_MONTH_YEAR"
HOMESCREENURL="./Portal/default.htm"
USERMUSTRESETPASSWORD="TRUE"
PRODUCTLOCALE="en-US"
STUDYLOCALE="en-US"/>


<USER  USERNAME="ZPFhtsuchida"
USERTYPE="SPONSOR"
FIRSTNAME="Hidehiro"
LASTNAME="Tsuchida"
DISPLAYNAME="Hidehiro Tsuchida"
DESCRIPTION="Support Tier I Japan"
COUNTRY="JAPAN"
PHONE="81"
ALTPHONE="81"
FAX="81"
EMAIL="hidehiro.tsuchida@oracle.com"
ACTIVESTATE="true"
DELETESTATE="false"
UPDATE="true"
PASSWORD="mG7qO28k3WO7e2351"
BEEPER="81"
USERDATEFORMAT="DAY_MONTH_YEAR"
HOMESCREENURL="./Portal/default.htm"
USERMUSTRESETPASSWORD="TRUE"
PRODUCTLOCALE="en-US"
STUDYLOCALE="en-US"/>


<USER  USERNAME="ZPFrlogronio"
USERTYPE="SPONSOR"
FIRSTNAME="Rolando"
LASTNAME="Logronio"
DISPLAYNAME="Rolando Logronio"
DESCRIPTION="Data Entry"
COUNTRY="PHILIPPINES"
PHONE="63"
ALTPHONE="63"
FAX="63"
EMAIL="Rolando.Logronio@oracle.com"
ACTIVESTATE="true"
DELETESTATE="false"
UPDATE="true"
PASSWORD="mG7qO28k3WO7e2351"
BEEPER="63"
USERDATEFORMAT="DAY_MONTH_YEAR"
HOMESCREENURL="./Portal/default.htm"
USERMUSTRESETPASSWORD="TRUE"
PRODUCTLOCALE="en-US"
STUDYLOCALE="en-US"/>


<USER  USERNAME="ZPFgyvarga"
USERTYPE="SPONSOR"
FIRSTNAME="Gyorgy"
LASTNAME="Varga"
DISPLAYNAME="Gyorgy Varga"
DESCRIPTION="Support Tier I"
TITLE="Mr."
COUNTRY="HUNGARY"
PHONE="36"
ALTPHONE="36"
FAX="36"
EMAIL="gyorgy.varga@oracle.com"
ACTIVESTATE="true"
DELETESTATE="false"
UPDATE="true"
PASSWORD="i8KO9qo2EnF89227"
BEEPER="36"
USERDATEFORMAT="DAY_MONTH_YEAR"
HOMESCREENURL="./Portal/default.htm"
USERMUSTRESETPASSWORD="TRUE"
PRODUCTLOCALE="en-US"
STUDYLOCALE="en-US"/>


<USER  USERNAME="ZPFnqi"
USERTYPE="SPONSOR"
FIRSTNAME="Nic"
LASTNAME="Qi"
DISPLAYNAME="Nic Qi"
DESCRIPTION="Support Tier I"
COUNTRY="UNITED KINGDOM"
PHONE="44"
ALTPHONE="44"
FAX="44"
EMAIL="xiaoyu.qi@oracle.com"
ACTIVESTATE="true"
DELETESTATE="false"
UPDATE="true"
PASSWORD="jN79cV19xJ4k2W216"
BEEPER="44"
USERDATEFORMAT="DAY_MONTH_YEAR"
HOMESCREENURL="./Portal/default.htm"
USERMUSTRESETPASSWORD="TRUE"
PRODUCTLOCALE="en-US"
STUDYLOCALE="en-US"/>


<USER  USERNAME="ZPFcmercado"
USERTYPE="SPONSOR"
FIRSTNAME="Christopher"
LASTNAME="Mercado"
DISPLAYNAME="Christopher Mercado"
DESCRIPTION="Data Entry"
COUNTRY="PHILIPPINES"
PHONE="63"
ALTPHONE="63"
FAX="63"
EMAIL="Christopher.Mercado@oracle.com"
ACTIVESTATE="true"
DELETESTATE="false"
UPDATE="true"
PASSWORD="a27Xa43Mq2Rp9N8053"
BEEPER="63"
USERDATEFORMAT="DAY_MONTH_YEAR"
HOMESCREENURL="./Portal/default.htm"
USERMUSTRESETPASSWORD="TRUE"
PRODUCTLOCALE="en-US"
STUDYLOCALE="en-US"/>


<USER  USERNAME="ZPFijohl"
USERTYPE="SPONSOR"
FIRSTNAME="Ikinder"
LASTNAME="Johl"
DISPLAYNAME="Ikinder Johl"
DESCRIPTION="Support Tier I"
COUNTRY="UNITED KINGDOM"
PHONE="44"
ALTPHONE="44"
FAX="44"
EMAIL="ikinder.johl.singh@oracle.com"
ACTIVESTATE="true"
DELETESTATE="false"
UPDATE="true"
PASSWORD="a27Xa43Mq2Rp9N8053"
BEEPER="44"
USERDATEFORMAT="DAY_MONTH_YEAR"
HOMESCREENURL="./Portal/default.htm"
USERMUSTRESETPASSWORD="TRUE"
PRODUCTLOCALE="en-US"
STUDYLOCALE="en-US"/>


<USER  USERNAME="ZPFdvittay"
USERTYPE="SPONSOR"
FIRSTNAME="Dominika"
LASTNAME="Vittay"
DISPLAYNAME="Dominika Vittay"
DESCRIPTION="Support Tier I"
COUNTRY="HUNGARY"
PHONE="36"
ALTPHONE="36"
FAX="36"
EMAIL="dominika.vittay@oracle.com"
ACTIVESTATE="true"
DELETESTATE="false"
UPDATE="true"
PASSWORD="dL12R8mp1Jh9C9535"
BEEPER="36"
USERDATEFORMAT="DAY_MONTH_YEAR"
HOMESCREENURL="./Portal/default.htm"
USERMUSTRESETPASSWORD="TRUE"
PRODUCTLOCALE="en-US"
STUDYLOCALE="en-US"/>


<USER  USERNAME="ZPFmnistor"
USERTYPE="SPONSOR"
FIRSTNAME="Mihaela"
LASTNAME="Nistor"
DISPLAYNAME="Mihaela Nistor"
DESCRIPTION="Support Tier I"
COUNTRY="HUNGARY"
PHONE="36"
ALTPHONE="36"
FAX="36"
EMAIL="mihaela.nistor@oracle.com"
ACTIVESTATE="true"
DELETESTATE="false"
UPDATE="true"
PASSWORD="mG7qO28k3WO7e2351"
BEEPER="36"
USERDATEFORMAT="DAY_MONTH_YEAR"
HOMESCREENURL="./Portal/default.htm"
USERMUSTRESETPASSWORD="TRUE"
PRODUCTLOCALE="en-US"
STUDYLOCALE="en-US"/>


<USER  USERNAME="ZPFgkrucso"
USERTYPE="SPONSOR"
FIRSTNAME="Gabriella"
LASTNAME="Krucso"
DISPLAYNAME="Gabriella Krucso"
DESCRIPTION="Lilly Support"
COUNTRY="HUNGARY"
PHONE="36"
ALTPHONE="36"
FAX="36"
EMAIL="gabriella.krucso@oracle.com"
ACTIVESTATE="true"
DELETESTATE="false"
UPDATE="true"
PASSWORD="mG7qO28k3WO7e2351"
BEEPER="36"
USERDATEFORMAT="DAY_MONTH_YEAR"
HOMESCREENURL="./Portal/default.htm"
USERMUSTRESETPASSWORD="TRUE"
PRODUCTLOCALE="en-US"
STUDYLOCALE="en-US"/>


<USER  USERNAME="ZPFnreis"
USERTYPE="SPONSOR"
FIRSTNAME="Nuno Rodrigo"
LASTNAME="Ribeiro Pereira Reis"
DISPLAYNAME="Nuno Rodrigo Ribeiro Pereira Reis"
DESCRIPTION="Support Tier I"
TITLE="Mr."
COUNTRY="HUNGARY"
PHONE="36"
ALTPHONE="36"
FAX="36"
EMAIL="nuno.reis@oracle.com"
ACTIVESTATE="true"
DELETESTATE="false"
UPDATE="true"
PASSWORD="dL12R8mp1Jh9C9535"
BEEPER="36"
USERDATEFORMAT="DAY_MONTH_YEAR"
HOMESCREENURL="./Portal/default.htm"
USERMUSTRESETPASSWORD="TRUE"
PRODUCTLOCALE="en-US"
STUDYLOCALE="en-US"/>


<USER  USERNAME="ZPFrcalorico"
USERTYPE="SPONSOR"
FIRSTNAME="Raul Carlos"
LASTNAME="Alorico"
DISPLAYNAME="Raul Carlos Alorico"
DESCRIPTION="Support Tier 1"
COUNTRY="PHILIPPINES"
PHONE="63"
ALTPHONE="63"
FAX="63"
EMAIL="RAUL.CARLOS.ALORICO@ORACLE.COM"
ACTIVESTATE="true"
DELETESTATE="false"
UPDATE="true"
PASSWORD="dL12R8mp1Jh9C9535"
BEEPER="63"
USERDATEFORMAT="DAY_MONTH_YEAR"
HOMESCREENURL="./Portal/default.htm"
USERMUSTRESETPASSWORD="TRUE"
PRODUCTLOCALE="en-US"
STUDYLOCALE="en-US"/>


<USER  USERNAME="ZPFgrodriguez"
USERTYPE="SPONSOR"
FIRSTNAME="Gabriel"
LASTNAME="Rodriguez"
DISPLAYNAME="Gabriel Rodriguez"
COUNTRY="PHILIPPINES"
PHONE="63"
ALTPHONE="63"
FAX="63"
EMAIL="gabriel.r.rodriguez@oracle.com"
ACTIVESTATE="true"
DELETESTATE="false"
UPDATE="true"
PASSWORD="mG7qO28k3WO7e2351"
BEEPER="63"
USERDATEFORMAT="DAY_MONTH_YEAR"
HOMESCREENURL="./Portal/default.htm"
USERMUSTRESETPASSWORD="TRUE"
PRODUCTLOCALE="en-US"
STUDYLOCALE="en-US"/>


<USER  USERNAME="ZPFjsumiya"
USERTYPE="SPONSOR"
FIRSTNAME="Jun"
LASTNAME="Sumiya"
DISPLAYNAME="Jun Sumiya"
DESCRIPTION="Support Tier I Japan"
COUNTRY="JAPAN"
PHONE="81"
ALTPHONE="81"
FAX="81"
EMAIL="jun.sumiya@oracle.com"
ACTIVESTATE="true"
DELETESTATE="false"
UPDATE="true"
PASSWORD="dL12R8mp1Jh9C9535"
BEEPER="81"
USERDATEFORMAT="DAY_MONTH_YEAR"
HOMESCREENURL="./Portal/default.htm"
USERMUSTRESETPASSWORD="TRUE"
PRODUCTLOCALE="en-US"
STUDYLOCALE="en-US"/>


<USER  USERNAME="ZPFtcabanes"
USERTYPE="SPONSOR"
FIRSTNAME="Teresa"
LASTNAME="Cabanes"
DISPLAYNAME="Teresa Cabanes"
DESCRIPTION="Lilly Data Entry"
COUNTRY="PHILIPPINES"
PHONE="63"
ALTPHONE="63"
FAX="63"
EMAIL="teresa.cabanes@oracle.com"
ACTIVESTATE="true"
DELETESTATE="false"
UPDATE="true"
PASSWORD="a27Xa43Mq2Rp9N8053"
BEEPER="63"
USERDATEFORMAT="DAY_MONTH_YEAR"
HOMESCREENURL="./Portal/default.htm"
USERMUSTRESETPASSWORD="TRUE"
PRODUCTLOCALE="en-US"
STUDYLOCALE="en-US"/>


<USER  USERNAME="ZPFnvergara"
USERTYPE="SPONSOR"
FIRSTNAME="Neil"
LASTNAME="Vergara"
DISPLAYNAME="Neil Vergara"
DESCRIPTION="Lilly Data Entry"
COUNTRY="PHILIPPINES"
PHONE="63"
ALTPHONE="63"
FAX="63"
EMAIL="neil.vergara@oracle.com"
ACTIVESTATE="true"
DELETESTATE="false"
UPDATE="true"
PASSWORD="a27Xa43Mq2Rp9N8053"
BEEPER="63"
USERDATEFORMAT="DAY_MONTH_YEAR"
HOMESCREENURL="./Portal/default.htm"
USERMUSTRESETPASSWORD="TRUE"
PRODUCTLOCALE="en-US"
STUDYLOCALE="en-US"/>


<USER  USERNAME="ZPFvsoni"
USERTYPE="SPONSOR"
FIRSTNAME="Varun"
LASTNAME="Soni"
DISPLAYNAME="Varun Soni"
DESCRIPTION="Support Tier I"
COUNTRY="UNITED KINGDOM"
PHONE="44"
ALTPHONE="44"
FAX="44"
EMAIL="varun.x.soni@oracle.com"
ACTIVESTATE="true"
DELETESTATE="false"
UPDATE="true"
PASSWORD="pM39aP5l0EbC65338"
BEEPER="44"
USERDATEFORMAT="DAY_MONTH_YEAR"
HOMESCREENURL="./Portal/default.htm"
USERMUSTRESETPASSWORD="TRUE"
PRODUCTLOCALE="en-US"
STUDYLOCALE="en-US"/>


<USER  USERNAME="ZPFjpati"
USERTYPE="SPONSOR"
FIRSTNAME="Johanna Marie"
LASTNAME="Pati"
DISPLAYNAME="Johanna Marie Pati"
DESCRIPTION="Data Entry"
COUNTRY="PHILIPPINES"
PHONE="63"
ALTPHONE="63"
FAX="63"
EMAIL="Johanna.Pati@oracle.com"
ACTIVESTATE="true"
DELETESTATE="false"
UPDATE="true"
PASSWORD="pM39aP5l0EbC65338"
BEEPER="63"
USERDATEFORMAT="DAY_MONTH_YEAR"
HOMESCREENURL="./Portal/default.htm"
USERMUSTRESETPASSWORD="TRUE"
PRODUCTLOCALE="en-US"
STUDYLOCALE="en-US"/>


<USER  USERNAME="ZPFmgarcia"
USERTYPE="SPONSOR"
FIRSTNAME="Mark Ezekiel"
LASTNAME="Garcia"
DISPLAYNAME="Mark Ezekiel Garcia"
DESCRIPTION="Data Entry"
COUNTRY="PHILIPPINES"
PHONE="63"
ALTPHONE="63"
FAX="63"
EMAIL="Mark.Ezekiel.Garcia@oracle.com"
ACTIVESTATE="true"
DELETESTATE="false"
UPDATE="true"
PASSWORD="pM39aP5l0EbC65338"
BEEPER="63"
USERDATEFORMAT="DAY_MONTH_YEAR"
HOMESCREENURL="./Portal/default.htm"
USERMUSTRESETPASSWORD="TRUE"
PRODUCTLOCALE="en-US"
STUDYLOCALE="en-US"/>


<USER  USERNAME="ZPFekosa"
USERTYPE="SPONSOR"
FIRSTNAME="Eniko"
LASTNAME="Kosa"
DISPLAYNAME="Eniko Kosa"
DESCRIPTION="Tier 1 Support agent"
COUNTRY="HUNGARY"
PHONE="36"
ALTPHONE="36"
FAX="36"
EMAIL="eniko.kosa@oracle.com"
ACTIVESTATE="true"
DELETESTATE="false"
UPDATE="true"
PASSWORD="I0mm42TmC16rK52659"
BEEPER="36"
USERDATEFORMAT="DAY_MONTH_YEAR"
HOMESCREENURL="./Portal/default.htm"
USERMUSTRESETPASSWORD="TRUE"
PRODUCTLOCALE="en-US"
STUDYLOCALE="en-US"/>


<USER  USERNAME="ZPFvyana"
USERTYPE="SPONSOR"
FIRSTNAME="Vorobyeva"
LASTNAME="Yana"
DISPLAYNAME="Vorobyeva Yana"
DESCRIPTION="Support Tier I"
TITLE="Mrs."
COUNTRY="HUNGARY"
PHONE="36"
ALTPHONE="36"
FAX="36"
EMAIL="vorobyeva.yana@oracle.com"
ACTIVESTATE="true"
DELETESTATE="false"
UPDATE="true"
PASSWORD="I0mm42TmC16rK52659"
BEEPER="36"
USERDATEFORMAT="DAY_MONTH_YEAR"
HOMESCREENURL="./Portal/default.htm"
USERMUSTRESETPASSWORD="TRUE"
PRODUCTLOCALE="en-US"
STUDYLOCALE="en-US"/>


<USER  USERNAME="ZPFmiwaki"
USERTYPE="SPONSOR"
FIRSTNAME="Marie"
LASTNAME="Iwaki"
DISPLAYNAME="Marie Iwaki"
DESCRIPTION="Support Tier I Japan"
ADDRESS="Oracle Aoyama Center2-5-8,Kita Aoyama, Minato-ku Tokyo 107 0061 Japan"
ADDRESS2="107 0061"
COUNTRY="JAPAN"
PHONE="81"
ALTPHONE="81"
FAX="81"
EMAIL="marie.iwaki@oracle.com"
ACTIVESTATE="true"
DELETESTATE="false"
UPDATE="true"
PASSWORD="z4JcR1wP9M0h2931"
BEEPER="81"
USERDATEFORMAT="DAY_MONTH_YEAR"
HOMESCREENURL="./Portal/default.htm"
USERMUSTRESETPASSWORD="TRUE"
PRODUCTLOCALE="en-US"
STUDYLOCALE="en-US"/>


<USER  USERNAME="ZPFsdamato"
USERTYPE="SPONSOR"
FIRSTNAME="Silvio"
LASTNAME="Damato"
DISPLAYNAME="Silvio Damato"
DESCRIPTION="Support Internal Trainer"
COUNTRY="UNITED KINGDOM"
PHONE="44"
ALTPHONE="44"
FAX="0001"
EMAIL="silvio.damato@oracle.com"
ACTIVESTATE="true"
DELETESTATE="false"
UPDATE="true"
PASSWORD="oE4gS68fF58dX28524"
BEEPER="44"
USERDATEFORMAT="DAY_MONTH_YEAR"
HOMESCREENURL="./Portal/default.htm"
USERMUSTRESETPASSWORD="TRUE"
PRODUCTLOCALE="en-US"
STUDYLOCALE="en-US"/>


<USER  USERNAME="ZPFawarsama"
USERTYPE="SPONSOR"
FIRSTNAME="Ahmed"
LASTNAME="Warsama"
DISPLAYNAME="Ahmed Warsama"
DESCRIPTION="Support Tier I"
COUNTRY="UNITED KINGDOM"
PHONE="0"
ALTPHONE="44"
FAX="44"
EMAIL="ahmed.warsama@oracle.com"
ACTIVESTATE="true"
DELETESTATE="false"
UPDATE="true"
PASSWORD="oE4gS68fF58dX28524"
BEEPER="44"
USERDATEFORMAT="DAY_MONTH_YEAR"
HOMESCREENURL="./Portal/default.htm"
USERMUSTRESETPASSWORD="TRUE"
PRODUCTLOCALE="en-US"
STUDYLOCALE="en-US"/>


<USER  USERNAME="ZPFmjcabuhayan"
USERTYPE="SPONSOR"
FIRSTNAME="Mary Joyce"
LASTNAME="Cabuhayan"
DISPLAYNAME="M J Cabuhayan"
DESCRIPTION="Data Entry"
COUNTRY="PHILIPPINES"
PHONE="63"
ALTPHONE="63"
FAX="63"
EMAIL="mary.cabuhayan@oracle.com"
ACTIVESTATE="true"
DELETESTATE="false"
UPDATE="true"
PASSWORD="uQ76bU56gT7sH542623"
BEEPER="63"
USERDATEFORMAT="DAY_MONTH_YEAR"
HOMESCREENURL="./Portal/default.htm"
USERMUSTRESETPASSWORD="TRUE"
PRODUCTLOCALE="en-US"
STUDYLOCALE="en-US"/>


<USER  USERNAME="ZPFwcarmelo"
USERTYPE="SPONSOR"
FIRSTNAME="Wesley"
LASTNAME="Carmelo"
DISPLAYNAME="Wesley Carmelo"
DESCRIPTION="Data Entry"
COUNTRY="PHILIPPINES"
PHONE="63"
ALTPHONE="63"
FAX="63"
EMAIL="Wesley.Carmelo@oracle.com"
ACTIVESTATE="true"
DELETESTATE="false"
UPDATE="true"
PASSWORD="uQ76bU56gT7sH542623"
BEEPER="63"
USERDATEFORMAT="DAY_MONTH_YEAR"
HOMESCREENURL="./Portal/default.htm"
USERMUSTRESETPASSWORD="TRUE"
PRODUCTLOCALE="en-US"
STUDYLOCALE="en-US"/>


<USER  USERNAME="ZPFjcalbento"
USERTYPE="SPONSOR"
FIRSTNAME="Juan Carlo"
LASTNAME="Albento"
DISPLAYNAME="J Carlo Albento"
DESCRIPTION="Data Entry"
COUNTRY="PHILIPPINES"
PHONE="63"
ALTPHONE="63"
FAX="63"
EMAIL="juan.albento@oracle.com"
ACTIVESTATE="true"
DELETESTATE="false"
UPDATE="true"
PASSWORD="uQ76bU56gT7sH542623"
BEEPER="63"
USERDATEFORMAT="DAY_MONTH_YEAR"
HOMESCREENURL="./Portal/default.htm"
USERMUSTRESETPASSWORD="TRUE"
PRODUCTLOCALE="en-US"
STUDYLOCALE="en-US"/>


<USER  USERNAME="ZPFnabogado"
USERTYPE="SPONSOR"
FIRSTNAME="Naiza"
LASTNAME="Abogado"
DISPLAYNAME="Naiza Abogado"
DESCRIPTION="Data Entry"
COUNTRY="PHILIPPINES"
PHONE="63"
ALTPHONE="63"
FAX="63"
EMAIL="Naiza.Abogado@oracle.com"
ACTIVESTATE="true"
DELETESTATE="false"
UPDATE="true"
PASSWORD="uQ76bU56gT7sH542623"
BEEPER="63"
USERDATEFORMAT="DAY_MONTH_YEAR"
HOMESCREENURL="./Portal/default.htm"
USERMUSTRESETPASSWORD="TRUE"
PRODUCTLOCALE="en-US"
STUDYLOCALE="en-US"/>


<USER  USERNAME="ZPFrsulit"
USERTYPE="SPONSOR"
FIRSTNAME="Ronette"
LASTNAME="Sulit"
DISPLAYNAME="Ronette Sulit"
DESCRIPTION="Data Entry"
COUNTRY="PHILIPPINES"
PHONE="63"
ALTPHONE="63"
FAX="63"
EMAIL="Ronette.Sulit@oracle.com"
ACTIVESTATE="true"
DELETESTATE="false"
UPDATE="true"
PASSWORD="pM39aP5l0EbC65338"
BEEPER="63"
USERDATEFORMAT="DAY_MONTH_YEAR"
HOMESCREENURL="./Portal/default.htm"
USERMUSTRESETPASSWORD="TRUE"
PRODUCTLOCALE="en-US"
STUDYLOCALE="en-US"/>


<USER  USERNAME="ZPFmarintoc"
USERTYPE="SPONSOR"
FIRSTNAME="Mary joy"
LASTNAME="Arintoc"
DISPLAYNAME="Mary joy Arintoc"
DESCRIPTION="Lilly Data Entry"
COUNTRY="PHILIPPINES"
PHONE="63"
ALTPHONE="63"
FAX="63"
EMAIL="mary.joy.arintoc@oracle.com"
ACTIVESTATE="true"
DELETESTATE="false"
UPDATE="true"
PASSWORD="b9QnP79D9wa58L9843"
BEEPER="63"
USERDATEFORMAT="DAY_MONTH_YEAR"
HOMESCREENURL="./Portal/default.htm"
USERMUSTRESETPASSWORD="TRUE"
PRODUCTLOCALE="en-US"
STUDYLOCALE="en-US"/>


<USER  USERNAME="ZPFmandone"
USERTYPE="SPONSOR"
FIRSTNAME="Grigore-mihai"
LASTNAME="Andone"
DISPLAYNAME="Grigore-mihai Andone"
DESCRIPTION="Lilly Support"
COUNTRY="HUNGARY"
PHONE="36"
ALTPHONE="36"
FAX="36"
EMAIL="grigore-mihai.andone@oracle.com"
ACTIVESTATE="true"
DELETESTATE="false"
UPDATE="true"
PASSWORD="I0mm42TmC16rK52659"
BEEPER="36"
USERDATEFORMAT="DAY_MONTH_YEAR"
HOMESCREENURL="./Portal/default.htm"
USERMUSTRESETPASSWORD="TRUE"
PRODUCTLOCALE="en-US"
STUDYLOCALE="en-US"/>


<USER  USERNAME="ZPFaterjek"
USERTYPE="SPONSOR"
FIRSTNAME="Andras"
LASTNAME="Terjek"
DISPLAYNAME="Andras Terjek"
DESCRIPTION="Support Tier I"
COUNTRY="HUNGARY"
PHONE="36"
ALTPHONE="36"
FAX="36"
EMAIL="andras.terjek@oracle.com"
ACTIVESTATE="true"
DELETESTATE="false"
UPDATE="true"
PASSWORD="I0mm42TmC16rK52659"
BEEPER="36"
USERDATEFORMAT="DAY_MONTH_YEAR"
HOMESCREENURL="./Portal/default.htm"
USERMUSTRESETPASSWORD="TRUE"
PRODUCTLOCALE="en-US"
STUDYLOCALE="en-US"/>


<USER  USERNAME="ZPFbnagy"
USERTYPE="SPONSOR"
FIRSTNAME="Boglarka"
LASTNAME="Nagy"
DISPLAYNAME="Boglarka Nagy"
DESCRIPTION="Support Tier I"
TITLE="MISS."
COUNTRY="HUNGARY"
PHONE="36"
ALTPHONE="36"
FAX="36"
EMAIL="boglarka.nagy@oracle.com"
ACTIVESTATE="true"
DELETESTATE="false"
UPDATE="true"
PASSWORD="b9QnP79D9wa58L9843"
BEEPER="36"
USERDATEFORMAT="DAY_MONTH_YEAR"
HOMESCREENURL="./Portal/default.htm"
USERMUSTRESETPASSWORD="TRUE"
PRODUCTLOCALE="en-US"
STUDYLOCALE="en-US"/>


<USER  USERNAME="jhilton"
USERTYPE="SITE"
FIRSTNAME="John"
LASTNAME="Hilton"
DISPLAYNAME="John Hilton"
COUNTRY="CANADA"
PHONE="16137367700"
ALTPHONE="1"
FAX="1"
EMAIL="jfhilton@toh.on.ca"
ACTIVESTATE="true"
DELETESTATE="false"
UPDATE="true"
PASSWORD="b32Xz7Ma1TdI287882"
BEEPER="1"
USERDATEFORMAT="DAY_MONTH_YEAR"
HOMESCREENURL="./Portal/default.htm"
USERMUSTRESETPASSWORD="TRUE"
PRODUCTLOCALE="en-US"
STUDYLOCALE="en-US"/>


<USER  USERNAME="ZPFtfabian"
USERTYPE="SPONSOR"
FIRSTNAME="Tamas"
LASTNAME="Fabian"
DISPLAYNAME="Tamas Fabian"
DESCRIPTION="Support Tier I"
COUNTRY="HUNGARY"
PHONE="36"
ALTPHONE="36"
FAX="36"
EMAIL="tamas.x.fabian@oracle.com"
ACTIVESTATE="true"
DELETESTATE="false"
UPDATE="true"
PASSWORD="vZ96h6QaK1u67F3239"
BEEPER="36"
USERDATEFORMAT="DAY_MONTH_YEAR"
HOMESCREENURL="./Portal/default.htm"
USERMUSTRESETPASSWORD="TRUE"
PRODUCTLOCALE="en-US"
STUDYLOCALE="en-US"/>


<USER  USERNAME="ZPFelibao"
USERTYPE="SPONSOR"
FIRSTNAME="Ernest"
LASTNAME="Libao"
DISPLAYNAME="Ernest Libao"
DESCRIPTION="Data Entry"
COUNTRY="PHILIPPINES"
PHONE="63"
ALTPHONE="63"
FAX="63"
EMAIL="ernest.libao@oracle.com"
ACTIVESTATE="true"
DELETESTATE="false"
UPDATE="true"
PASSWORD="kD94d6BrU4hU865646"
BEEPER="63"
USERDATEFORMAT="DAY_MONTH_YEAR"
HOMESCREENURL="./Portal/default.htm"
USERMUSTRESETPASSWORD="TRUE"
PRODUCTLOCALE="en-US"
STUDYLOCALE="en-US"/>


<USER  USERNAME="ZPFpmiranda"
USERTYPE="SPONSOR"
FIRSTNAME="Pamela"
LASTNAME="Miranda"
DISPLAYNAME="Pamela Miranda"
DESCRIPTION="Data Entry"
COUNTRY="PHILIPPINES"
PHONE="63"
ALTPHONE="63"
FAX="63"
EMAIL="Pamela.Miranda@oracle.com"
ACTIVESTATE="true"
DELETESTATE="false"
UPDATE="true"
PASSWORD="kD94d6BrU4hU865646"
BEEPER="63"
USERDATEFORMAT="DAY_MONTH_YEAR"
HOMESCREENURL="./Portal/default.htm"
USERMUSTRESETPASSWORD="TRUE"
PRODUCTLOCALE="en-US"
STUDYLOCALE="en-US"/>


<USER  USERNAME="ZPFasalazar"
USERTYPE="SPONSOR"
FIRSTNAME="Allan"
LASTNAME="Salazar"
DISPLAYNAME="Allan Salazar"
DESCRIPTION="Data Entry"
COUNTRY="PHILIPPINES"
PHONE="63"
ALTPHONE="63"
FAX="63"
EMAIL="Allan.Salazar@oracle.com"
ACTIVESTATE="true"
DELETESTATE="false"
UPDATE="true"
PASSWORD="kD94d6BrU4hU865646"
BEEPER="63"
USERDATEFORMAT="DAY_MONTH_YEAR"
HOMESCREENURL="./Portal/default.htm"
USERMUSTRESETPASSWORD="TRUE"
PRODUCTLOCALE="en-US"
STUDYLOCALE="en-US"/>


<USER  USERNAME="ZPFdhitosis"
USERTYPE="SPONSOR"
FIRSTNAME="Dwaine"
LASTNAME="Hitosis"
DISPLAYNAME="Dwaine Hitosis"
DESCRIPTION="Data Entry"
COUNTRY="PHILIPPINES"
PHONE="63"
ALTPHONE="63"
FAX="63"
EMAIL="Dwaine.Hitosis@oracle.com"
ACTIVESTATE="true"
DELETESTATE="false"
UPDATE="true"
PASSWORD="kD94d6BrU4hU865646"
BEEPER="63"
USERDATEFORMAT="DAY_MONTH_YEAR"
HOMESCREENURL="./Portal/default.htm"
USERMUSTRESETPASSWORD="TRUE"
PRODUCTLOCALE="en-US"
STUDYLOCALE="en-US"/>


<USER  USERNAME="ZPFdmorales"
USERTYPE="SPONSOR"
FIRSTNAME="Darisse"
LASTNAME="Morales"
DISPLAYNAME="Darisse Morales"
DESCRIPTION="Data Entry"
COUNTRY="PHILIPPINES"
PHONE="63"
ALTPHONE="63"
FAX="63"
EMAIL="darisse.morales@oracle.com"
ACTIVESTATE="true"
DELETESTATE="false"
UPDATE="true"
PASSWORD="b9QnP79D9wa58L9843"
BEEPER="63"
USERDATEFORMAT="DAY_MONTH_YEAR"
HOMESCREENURL="./Portal/default.htm"
USERMUSTRESETPASSWORD="TRUE"
PRODUCTLOCALE="en-US"
STUDYLOCALE="en-US"/>


<USER  USERNAME="ZPFfenero"
USERTYPE="SPONSOR"
FIRSTNAME="Fevmarz"
LASTNAME="Enero"
DISPLAYNAME="Fevmarz Enero"
DESCRIPTION="Data Entry"
COUNTRY="PHILIPPINES"
PHONE="63"
ALTPHONE="63"
FAX="63"
EMAIL="fevmarz.enero@oracle.com"
ACTIVESTATE="true"
DELETESTATE="false"
UPDATE="true"
PASSWORD="b9QnP79D9wa58L9843"
BEEPER="63"
USERDATEFORMAT="DAY_MONTH_YEAR"
HOMESCREENURL="./Portal/default.htm"
USERMUSTRESETPASSWORD="TRUE"
PRODUCTLOCALE="en-US"
STUDYLOCALE="en-US"/>


<USER  USERNAME="ZPFxgao"
USERTYPE="SPONSOR"
FIRSTNAME="Xing"
LASTNAME="Gao"
DISPLAYNAME="Xing Gao"
DESCRIPTION="Data Entry Japan"
COUNTRY="CHINA"
PHONE="86"
ALTPHONE="86"
FAX="86"
EMAIL="xing.x.gao@oracle.com"
ACTIVESTATE="true"
DELETESTATE="false"
UPDATE="true"
PASSWORD="oH1S8jA7dqU487128"
BEEPER="86"
USERDATEFORMAT="DAY_MONTH_YEAR"
HOMESCREENURL="./Portal/default.htm"
USERMUSTRESETPASSWORD="TRUE"
PRODUCTLOCALE="en-US"
STUDYLOCALE="en-US"/>


<USER  USERNAME="ZPFjlin"
USERTYPE="SPONSOR"
FIRSTNAME="Jingxin"
LASTNAME="Lin"
DISPLAYNAME="Jingxin Lin"
DESCRIPTION="Data Entry Japan"
COUNTRY="CHINA"
PHONE="86"
ALTPHONE="86"
FAX="86"
EMAIL="jingxin.lin@oracle.com"
ACTIVESTATE="true"
DELETESTATE="false"
UPDATE="true"
PASSWORD="oH1S8jA7dqU487128"
BEEPER="86"
USERDATEFORMAT="DAY_MONTH_YEAR"
HOMESCREENURL="./Portal/default.htm"
USERMUSTRESETPASSWORD="TRUE"
PRODUCTLOCALE="en-US"
STUDYLOCALE="en-US"/>


<USER  USERNAME="ZPFapervaiz"
USERTYPE="SPONSOR"
FIRSTNAME="Afnan"
LASTNAME="Pervaiz"
DISPLAYNAME="Afnan Pervaiz"
DESCRIPTION="Support Tier I"
COUNTRY="UNITED KINGDOM"
PHONE="4410 44 1628 640 700"
ALTPHONE="44"
FAX="44"
EMAIL="afnan.pervaiz@oracle.com"
ACTIVESTATE="true"
DELETESTATE="false"
UPDATE="true"
PASSWORD="vZ96h6QaK1u67F3239"
BEEPER="44"
USERDATEFORMAT="DAY_MONTH_YEAR"
HOMESCREENURL="./Portal/default.htm"
USERMUSTRESETPASSWORD="TRUE"
PRODUCTLOCALE="en-US"
STUDYLOCALE="en-US"/>


<USER  USERNAME="ZPFfvarga"
USERTYPE="SPONSOR"
FIRSTNAME="Ferenc"
LASTNAME="Varga"
DISPLAYNAME="Ferenc Varga"
DESCRIPTION="Support Tier I"
COUNTRY="UNITED KINGDOM"
PHONE="44"
ALTPHONE="44"
FAX="44"
EMAIL="ferenc.v.varga@oracle.com"
ACTIVESTATE="true"
DELETESTATE="false"
UPDATE="true"
PASSWORD="oE4gS68fF58dX28524"
BEEPER="44"
USERDATEFORMAT="DAY_MONTH_YEAR"
HOMESCREENURL="./Portal/default.htm"
USERMUSTRESETPASSWORD="TRUE"
PRODUCTLOCALE="en-US"
STUDYLOCALE="en-US"/>


<USER  USERNAME="ZPFepenzes"
USERTYPE="SPONSOR"
FIRSTNAME="Eszter"
LASTNAME="Penzes"
DISPLAYNAME="Eszter Penzes"
DESCRIPTION="Lilly Support"
COUNTRY="HUNGARY"
PHONE="36"
ALTPHONE="36"
FAX="36"
EMAIL="ESZTER.PENZES@ORACLE.COM"
ACTIVESTATE="true"
DELETESTATE="false"
UPDATE="true"
PASSWORD="jY7V7sM5nxM87436"
BEEPER="36"
USERDATEFORMAT="DAY_MONTH_YEAR"
HOMESCREENURL="./Portal/default.htm"
USERMUSTRESETPASSWORD="TRUE"
PRODUCTLOCALE="en-US"
STUDYLOCALE="en-US"/>


<USER  USERNAME="ZPFkkovacs"
USERTYPE="SPONSOR"
FIRSTNAME="Klara"
LASTNAME="Kovacs"
DISPLAYNAME="Klara Kovacs"
DESCRIPTION="Support Tier I"
COUNTRY="HUNGARY"
PHONE="36"
ALTPHONE="36"
FAX="36"
EMAIL="KLARA.KOVACS@ORACLE.COM"
ACTIVESTATE="true"
DELETESTATE="false"
UPDATE="true"
PASSWORD="jY7V7sM5nxM87436"
BEEPER="36"
USERDATEFORMAT="DAY_MONTH_YEAR"
HOMESCREENURL="./Portal/default.htm"
USERMUSTRESETPASSWORD="TRUE"
PRODUCTLOCALE="en-US"
STUDYLOCALE="en-US"/>


<USER  USERNAME="ZPFckalinyak"
USERTYPE="SPONSOR"
FIRSTNAME="Csilla"
LASTNAME="Kalinyak"
DISPLAYNAME="Csilla Kalinyak"
DESCRIPTION="Support Tier I"
COUNTRY="HUNGARY"
PHONE="36"
ALTPHONE="36"
FAX="36"
EMAIL="CSILLA.KALINYAK@ORACLE.COM"
ACTIVESTATE="true"
DELETESTATE="false"
UPDATE="true"
PASSWORD="jY7V7sM5nxM87436"
BEEPER="36"
USERDATEFORMAT="DAY_MONTH_YEAR"
HOMESCREENURL="./Portal/default.htm"
USERMUSTRESETPASSWORD="TRUE"
PRODUCTLOCALE="en-US"
STUDYLOCALE="en-US"/>


<USER  USERNAME="ZPFoely"
USERTYPE="SPONSOR"
FIRSTNAME="Osweld"
LASTNAME="Ely"
DISPLAYNAME="Osweld Ely"
DESCRIPTION="Support Tier I"
COUNTRY="PHILIPPINES"
PHONE="63"
ALTPHONE="63"
FAX="63"
EMAIL="osweld.ely@oracle.com"
ACTIVESTATE="true"
DELETESTATE="false"
UPDATE="true"
PASSWORD="jY7V7sM5nxM87436"
BEEPER="63"
USERDATEFORMAT="DAY_MONTH_YEAR"
HOMESCREENURL="./Portal/default.htm"
USERMUSTRESETPASSWORD="TRUE"
PRODUCTLOCALE="en-US"
STUDYLOCALE="en-US"/>


<USER  USERNAME="ZPFjktan"
USERTYPE="SPONSOR"
FIRSTNAME="Jamelee Karen"
LASTNAME="Tan"
DISPLAYNAME="Jamelee Karen Tan"
DESCRIPTION="Support Tier I"
COUNTRY="PHILIPPINES"
PHONE="63"
ALTPHONE="63"
FAX="63"
EMAIL="JAMELEE.KAREN.TAN@ORACLE.COM"
ACTIVESTATE="true"
DELETESTATE="false"
UPDATE="true"
PASSWORD="gT33i48IO8lgH81252"
BEEPER="63"
USERDATEFORMAT="DAY_MONTH_YEAR"
HOMESCREENURL="./Portal/default.htm"
USERMUSTRESETPASSWORD="TRUE"
PRODUCTLOCALE="en-US"
STUDYLOCALE="en-US"/>


<USER  USERNAME="ZPFkbarkoczi"
USERTYPE="SPONSOR"
FIRSTNAME="Katalin"
LASTNAME="Barkoczi"
DISPLAYNAME="Katalin Barkoczi"
DESCRIPTION="Lilly Support"
COUNTRY="HUNGARY"
PHONE="36"
ALTPHONE="36"
FAX="36"
EMAIL="katalin.barkoczi@oracle.com"
ACTIVESTATE="true"
DELETESTATE="false"
UPDATE="true"
PASSWORD="jY7V7sM5nxM87436"
BEEPER="36"
USERDATEFORMAT="DAY_MONTH_YEAR"
HOMESCREENURL="./Portal/default.htm"
USERMUSTRESETPASSWORD="TRUE"
PRODUCTLOCALE="en-US"
STUDYLOCALE="en-US"/>


<USER  USERNAME="ZPFrcauad"
USERTYPE="SPONSOR"
FIRSTNAME="Ronald"
LASTNAME="Cauad"
DISPLAYNAME="Ronald Cauad"
DESCRIPTION="Support Tier I"
COUNTRY="PHILIPPINES"
PHONE="63"
ALTPHONE="63"
FAX="63"
EMAIL="RONALD.CAUAD@ORACLE.COM"
ACTIVESTATE="true"
DELETESTATE="false"
UPDATE="true"
PASSWORD="X7peO91f4Mw2D7744"
BEEPER="63"
USERDATEFORMAT="DAY_MONTH_YEAR"
HOMESCREENURL="./Portal/default.htm"
USERMUSTRESETPASSWORD="TRUE"
PRODUCTLOCALE="en-US"
STUDYLOCALE="en-US"/>


<USER  USERNAME="ZPFryu"
USERTYPE="SPONSOR"
FIRSTNAME="Reny"
LASTNAME="Yu"
DISPLAYNAME="Reny Yu"
DESCRIPTION="Support Tier I"
COUNTRY="PHILIPPINES"
PHONE="63"
ALTPHONE="63"
FAX="63"
EMAIL="RENY.YU@ORACLE.COM"
ACTIVESTATE="true"
DELETESTATE="false"
UPDATE="true"
PASSWORD="N2ekV44s3Tm68U4721"
BEEPER="63"
USERDATEFORMAT="DAY_MONTH_YEAR"
HOMESCREENURL="./Portal/default.htm"
USERMUSTRESETPASSWORD="TRUE"
PRODUCTLOCALE="en-US"
STUDYLOCALE="en-US"/>


</MEDMLDATA>