<?xml version="1.0"?>
<MEDMLDATA xmlns="PhaseForward-MedML-Inform4">


<RIGHTSGROUP  GROUPNAME="Coding Query Rights Group">
<!-- Insert Users -->
<USERREF USERNAME="coder_query"/>

</RIGHTSGROUP>

<RIGHTSGROUP  GROUPNAME="Data Manager">
<!-- Insert Users -->
<USERREF USERNAME="c240924"/>
<USERREF USERNAME="z2x1565"/>
<USERREF USERNAME="c233033"/>
<USERREF USERNAME="rm98867"/>
<USERREF USERNAME="z2x2291"/>
<USERREF USERNAME="c173517"/>

</RIGHTSGROUP>

<RIGHTSGROUP  GROUPNAME="Monitor">
<!-- Insert Users -->
<USERREF USERNAME="c239411"/>
<USERREF USERNAME="c230209"/>
<USERREF USERNAME="c242097"/>
<USERREF USERNAME="c224269"/>
<USERREF USERNAME="c211951"/>
<USERREF USERNAME="c238935"/>
<USERREF USERNAME="c241995"/>
<USERREF USERNAME="c223848"/>
<USERREF USERNAME="c239399"/>
<USERREF USERNAME="c241486"/>

</RIGHTSGROUP>

<RIGHTSGROUP  GROUPNAME="ODM Rights Group">
<!-- Insert Users -->
<USERREF USERNAME="odm_user"/>

</RIGHTSGROUP>

<RIGHTSGROUP  GROUPNAME="PFView Only">
<!-- Insert Users -->
<USERREF USERNAME="ZPFaverpeleti"/>

</RIGHTSGROUP>

<RIGHTSGROUP  GROUPNAME="PI">
<!-- Insert Users -->
<USERREF USERNAME="sbudweiser"/>

</RIGHTSGROUP>

<RIGHTSGROUP  GROUPNAME="PI Sign Only">
<!-- Insert Users -->
<USERREF USERNAME="rchiari"/>
<USERREF USERNAME="cbengala"/>
<USERREF USERNAME="abearz"/>
<USERREF USERNAME="cschumann"/>
<USERREF USERNAME="ndickgreber"/>
<USERREF USERNAME="ffuchs"/>
<USERREF USERNAME="nreinmuth"/>
<USERREF USERNAME="nsegarra"/>
<USERREF USERNAME="saix"/>
<USERREF USERNAME="llandry"/>
<USERREF USERNAME="tniederman"/>
<USERREF USERNAME="pnikolinakos"/>
<USERREF USERNAME="fcappuzzo"/>
<USERREF USERNAME="msebastian"/>
<USERREF USERNAME="dcortinovis"/>
<USERREF USERNAME="tbueno"/>
<USERREF USERNAME="ovidal"/>
<USERREF USERNAME="plopez"/>
<USERREF USERNAME="ralvarez"/>

</RIGHTSGROUP>

<RIGHTSGROUP  GROUPNAME="Report Extractor">
<!-- Insert Users -->
<USERREF USERNAME="i4tmcjvdn_RE"/>

</RIGHTSGROUP>

<RIGHTSGROUP  GROUPNAME="SC">
<!-- Insert Users -->
<USERREF USERNAME="ngarcia"/>
<USERREF USERNAME="crodrigo"/>
<USERREF USERNAME="ssanchez"/>
<USERREF USERNAME="sflorez"/>
<USERREF USERNAME="mmartellucci"/>
<USERREF USERNAME="rmatocci"/>
<USERREF USERNAME="smalad"/>
<USERREF USERNAME="portiz"/>
<USERREF USERNAME="ncooper"/>
<USERREF USERNAME="bvertogen"/>
<USERREF USERNAME="fcrippa"/>
<USERREF USERNAME="snoeller"/>
<USERREF USERNAME="uweber"/>
<USERREF USERNAME="jbanjai"/>
<USERREF USERNAME="jtrzynka"/>
<USERREF USERNAME="seberl"/>
<USERREF USERNAME="eberto"/>
<USERREF USERNAME="sborrelli"/>
<USERREF USERNAME="aarcocha"/>
<USERREF USERNAME="sabecia"/>
<USERREF USERNAME="ablanco"/>

</RIGHTSGROUP>

<RIGHTSGROUP  GROUPNAME="Study Manager">
<!-- Insert Users -->
<USERREF USERNAME="c182729"/>
<USERREF USERNAME="c231503"/>
<USERREF USERNAME="c228724"/>

</RIGHTSGROUP>

<RIGHTSGROUP  GROUPNAME="User Activator RG">
<!-- Insert Users -->
<USERREF USERNAME="ZPFabalogh"/>
<USERREF USERNAME="ZPFmandone"/>
<USERREF USERNAME="ZPFpvamos"/>
<USERREF USERNAME="ZPFepenzes"/>
<USERREF USERNAME="ZPFnkovacs"/>
<USERREF USERNAME="ZPFcmolom"/>
<USERREF USERNAME="ZPFrcalorico"/>
<USERREF USERNAME="ZPFobodnar"/>
<USERREF USERNAME="ZPFcdelacruz"/>
<USERREF USERNAME="ZPFedervishaj"/>
<USERREF USERNAME="ZPFrducusin"/>
<USERREF USERNAME="ZPFmlalangan"/>
<USERREF USERNAME="ZPFckalinyak"/>
<USERREF USERNAME="ZPFprojas"/>
<USERREF USERNAME="ZPFdnagy"/>

</RIGHTSGROUP>

<RIGHTSGROUP  GROUPNAME="User Manager RG">
<!-- Insert Users -->
<USERREF USERNAME="ZPFnvergara"/>
<USERREF USERNAME="ZPFtcabanes"/>
<USERREF USERNAME="ZPFlbalubar"/>
<USERREF USERNAME="ZPFlcseke"/>
<USERREF USERNAME="ZPFawarsama"/>
<USERREF USERNAME="ZPFfvarga"/>
<USERREF USERNAME="ZPFgyvarga"/>
<USERREF USERNAME="ZPFpvallar"/>
<USERREF USERNAME="ZPFaktoth"/>
<USERREF USERNAME="ZPFgkrucso"/>
<USERREF USERNAME="ZPFsaguilar"/>
<USERREF USERNAME="ZPFkcco"/>
<USERREF USERNAME="ZPFvzdirko"/>
<USERREF USERNAME="ZPFkcsobalyka"/>
<USERREF USERNAME="ZPFsdasilva"/>
<USERREF USERNAME="ZPFddiomede"/>
<USERREF USERNAME="ZPFoely"/>
<USERREF USERNAME="ZPFtfabian"/>
<USERREF USERNAME="ZPFfillesy"/>
<USERREF USERNAME="ZPFjistenes"/>
<USERREF USERNAME="ZPFijohl"/>
<USERREF USERNAME="ZPFmkhella"/>
<USERREF USERNAME="ZPFskholti"/>
<USERREF USERNAME="ZPFekosa"/>
<USERREF USERNAME="ZPFkkovacs"/>
<USERREF USERNAME="ZPFklim"/>
<USERREF USERNAME="ZPFlmate"/>
<USERREF USERNAME="ZPFcmercado"/>
<USERREF USERNAME="ZPFapervaiz"/>
<USERREF USERNAME="ZPFkpinter"/>
<USERREF USERNAME="ZPFnqi"/>
<USERREF USERNAME="ZPFnreis"/>
<USERREF USERNAME="ZPFasomogyi"/>
<USERREF USERNAME="ZPFrsulit"/>
<USERREF USERNAME="ZPFstayco"/>
<USERREF USERNAME="ZPFaterjek"/>
<USERREF USERNAME="ZPFmtoth"/>

</RIGHTSGROUP>

<RIGHTSGROUP  GROUPNAME="VO">
<!-- Insert Users -->
<USERREF USERNAME="c084485"/>
<USERREF USERNAME="CKing"/>
<USERREF USERNAME="SKlein"/>
<USERREF USERNAME="xg10776"/>
<USERREF USERNAME="c227049"/>
<USERREF USERNAME="c145710"/>

</RIGHTSGROUP>

</MEDMLDATA>