<?xml version="1.0"?>
<MEDMLDATA xmlns="PhaseForward-MedML-Inform4">

<SITEGROUP SITENAME="(201) Asklepios Fachkliniken Muenchen Gauting Thorakale Onkologie">
<USERREF USERNAME="rm98867"/>
<USERREF USERNAME="c145710"/>
<USERREF USERNAME="c084485"/>
<USERREF USERNAME="nreinmuth"/>
<USERREF USERNAME="snoeller"/>
<USERREF USERNAME="i4tmcjvdn_RE"/>
<USERREF USERNAME="coder_query"/>
<USERREF USERNAME="odm_user"/>
<USERREF USERNAME="CKing"/>
<USERREF USERNAME="SKlein"/>
<USERREF USERNAME="xg10776"/>
<USERREF USERNAME="c228724"/>
<USERREF USERNAME="c227049"/>
<USERREF USERNAME="c231503"/>
<USERREF USERNAME="c182729"/>
<USERREF USERNAME="c239399"/>
<USERREF USERNAME="c233033"/>
<USERREF USERNAME="c224269"/>
<USERREF USERNAME="z2x2291"/>
<USERREF USERNAME="c240924"/>
<USERREF USERNAME="c173517"/>
<USERREF USERNAME="z2x1565"/>
<USERREF USERNAME="c223848"/>
<USERREF USERNAME="ZPFlbalubar"/>
<USERREF USERNAME="ZPFtcabanes"/>
<USERREF USERNAME="ZPFnvergara"/>
<USERREF USERNAME="ZPFrcalorico"/>
<USERREF USERNAME="ZPFobodnar"/>
<USERREF USERNAME="ZPFcdelacruz"/>
<USERREF USERNAME="ZPFedervishaj"/>
<USERREF USERNAME="ZPFrducusin"/>
<USERREF USERNAME="ZPFckalinyak"/>
<USERREF USERNAME="ZPFmlalangan"/>
<USERREF USERNAME="ZPFdnagy"/>
<USERREF USERNAME="ZPFprojas"/>
<USERREF USERNAME="ZPFpvamos"/>
<USERREF USERNAME="ZPFaverpeleti"/>
<USERREF USERNAME="ZPFmandone"/>
<USERREF USERNAME="ZPFabalogh"/>
<USERREF USERNAME="ZPFcmolom"/>
<USERREF USERNAME="ZPFnkovacs"/>
<USERREF USERNAME="ZPFgkrucso"/>
<USERREF USERNAME="ZPFepenzes"/>
<USERREF USERNAME="ZPFsaguilar"/>
<USERREF USERNAME="ZPFkcco"/>
<USERREF USERNAME="ZPFlcseke"/>
<USERREF USERNAME="ZPFkcsobalyka"/>
<USERREF USERNAME="ZPFsdasilva"/>
<USERREF USERNAME="ZPFddiomede"/>
<USERREF USERNAME="ZPFoely"/>
<USERREF USERNAME="ZPFtfabian"/>
<USERREF USERNAME="ZPFfillesy"/>
<USERREF USERNAME="ZPFjistenes"/>
<USERREF USERNAME="ZPFijohl"/>
<USERREF USERNAME="ZPFmkhella"/>
<USERREF USERNAME="ZPFskholti"/>
<USERREF USERNAME="ZPFekosa"/>
<USERREF USERNAME="ZPFkkovacs"/>
<USERREF USERNAME="ZPFklim"/>
<USERREF USERNAME="ZPFlmate"/>
<USERREF USERNAME="ZPFcmercado"/>
<USERREF USERNAME="ZPFapervaiz"/>
<USERREF USERNAME="ZPFkpinter"/>
<USERREF USERNAME="ZPFnqi"/>
<USERREF USERNAME="ZPFnreis"/>
<USERREF USERNAME="ZPFasomogyi"/>
<USERREF USERNAME="ZPFrsulit"/>
<USERREF USERNAME="ZPFstayco"/>
<USERREF USERNAME="ZPFaterjek"/>
<USERREF USERNAME="ZPFmtoth"/>
<USERREF USERNAME="ZPFaktoth"/>
<USERREF USERNAME="ZPFpvallar"/>
<USERREF USERNAME="ZPFgyvarga"/>
<USERREF USERNAME="ZPFfvarga"/>
<USERREF USERNAME="ZPFawarsama"/>
<USERREF USERNAME="ZPFvzdirko"/>
</SITEGROUP>
<SITEGROUP SITENAME="(303) Azienda Ospedaliera  Nuovo Ospedale San Gerardo">
<USERREF USERNAME="dcortinovis"/>
<USERREF USERNAME="fcrippa"/>
<USERREF USERNAME="c211951"/>
<USERREF USERNAME="c084485"/>
<USERREF USERNAME="c145710"/>
<USERREF USERNAME="rm98867"/>
<USERREF USERNAME="c223848"/>
<USERREF USERNAME="z2x1565"/>
<USERREF USERNAME="c173517"/>
<USERREF USERNAME="c240924"/>
<USERREF USERNAME="z2x2291"/>
<USERREF USERNAME="c233033"/>
<USERREF USERNAME="c182729"/>
<USERREF USERNAME="c231503"/>
<USERREF USERNAME="c227049"/>
<USERREF USERNAME="c228724"/>
<USERREF USERNAME="xg10776"/>
<USERREF USERNAME="SKlein"/>
<USERREF USERNAME="CKing"/>
<USERREF USERNAME="odm_user"/>
<USERREF USERNAME="coder_query"/>
<USERREF USERNAME="i4tmcjvdn_RE"/>
<USERREF USERNAME="ZPFlbalubar"/>
<USERREF USERNAME="ZPFtcabanes"/>
<USERREF USERNAME="ZPFnvergara"/>
<USERREF USERNAME="ZPFrcalorico"/>
<USERREF USERNAME="ZPFobodnar"/>
<USERREF USERNAME="ZPFcdelacruz"/>
<USERREF USERNAME="ZPFedervishaj"/>
<USERREF USERNAME="ZPFrducusin"/>
<USERREF USERNAME="ZPFckalinyak"/>
<USERREF USERNAME="ZPFmlalangan"/>
<USERREF USERNAME="ZPFdnagy"/>
<USERREF USERNAME="ZPFprojas"/>
<USERREF USERNAME="ZPFpvamos"/>
<USERREF USERNAME="ZPFaverpeleti"/>
<USERREF USERNAME="ZPFmandone"/>
<USERREF USERNAME="ZPFabalogh"/>
<USERREF USERNAME="ZPFcmolom"/>
<USERREF USERNAME="ZPFnkovacs"/>
<USERREF USERNAME="ZPFgkrucso"/>
<USERREF USERNAME="ZPFepenzes"/>
<USERREF USERNAME="ZPFsaguilar"/>
<USERREF USERNAME="ZPFkcco"/>
<USERREF USERNAME="ZPFlcseke"/>
<USERREF USERNAME="ZPFkcsobalyka"/>
<USERREF USERNAME="ZPFsdasilva"/>
<USERREF USERNAME="ZPFddiomede"/>
<USERREF USERNAME="ZPFoely"/>
<USERREF USERNAME="ZPFtfabian"/>
<USERREF USERNAME="ZPFfillesy"/>
<USERREF USERNAME="ZPFjistenes"/>
<USERREF USERNAME="ZPFijohl"/>
<USERREF USERNAME="ZPFmkhella"/>
<USERREF USERNAME="ZPFskholti"/>
<USERREF USERNAME="ZPFekosa"/>
<USERREF USERNAME="ZPFkkovacs"/>
<USERREF USERNAME="ZPFklim"/>
<USERREF USERNAME="ZPFlmate"/>
<USERREF USERNAME="ZPFcmercado"/>
<USERREF USERNAME="ZPFapervaiz"/>
<USERREF USERNAME="ZPFkpinter"/>
<USERREF USERNAME="ZPFnqi"/>
<USERREF USERNAME="ZPFnreis"/>
<USERREF USERNAME="ZPFasomogyi"/>
<USERREF USERNAME="ZPFrsulit"/>
<USERREF USERNAME="ZPFstayco"/>
<USERREF USERNAME="ZPFaterjek"/>
<USERREF USERNAME="ZPFmtoth"/>
<USERREF USERNAME="ZPFaktoth"/>
<USERREF USERNAME="ZPFpvallar"/>
<USERREF USERNAME="ZPFgyvarga"/>
<USERREF USERNAME="ZPFfvarga"/>
<USERREF USERNAME="ZPFawarsama"/>
<USERREF USERNAME="ZPFvzdirko"/>
</SITEGROUP>
<SITEGROUP SITENAME="(304) Azienda Ospedaliera di Perugia Santa Maria della Misericordia">
<USERREF USERNAME="i4tmcjvdn_RE"/>
<USERREF USERNAME="c211951"/>
<USERREF USERNAME="c145710"/>
<USERREF USERNAME="rm98867"/>
<USERREF USERNAME="c223848"/>
<USERREF USERNAME="z2x1565"/>
<USERREF USERNAME="c173517"/>
<USERREF USERNAME="c240924"/>
<USERREF USERNAME="rmatocci"/>
<USERREF USERNAME="rchiari"/>
<USERREF USERNAME="z2x2291"/>
<USERREF USERNAME="c233033"/>
<USERREF USERNAME="c182729"/>
<USERREF USERNAME="c231503"/>
<USERREF USERNAME="c227049"/>
<USERREF USERNAME="c228724"/>
<USERREF USERNAME="xg10776"/>
<USERREF USERNAME="SKlein"/>
<USERREF USERNAME="CKing"/>
<USERREF USERNAME="odm_user"/>
<USERREF USERNAME="coder_query"/>
<USERREF USERNAME="c084485"/>
<USERREF USERNAME="ZPFlbalubar"/>
<USERREF USERNAME="ZPFtcabanes"/>
<USERREF USERNAME="ZPFnvergara"/>
<USERREF USERNAME="ZPFrcalorico"/>
<USERREF USERNAME="ZPFobodnar"/>
<USERREF USERNAME="ZPFcdelacruz"/>
<USERREF USERNAME="ZPFedervishaj"/>
<USERREF USERNAME="ZPFrducusin"/>
<USERREF USERNAME="ZPFckalinyak"/>
<USERREF USERNAME="ZPFmlalangan"/>
<USERREF USERNAME="ZPFdnagy"/>
<USERREF USERNAME="ZPFprojas"/>
<USERREF USERNAME="ZPFpvamos"/>
<USERREF USERNAME="ZPFaverpeleti"/>
<USERREF USERNAME="ZPFmandone"/>
<USERREF USERNAME="ZPFabalogh"/>
<USERREF USERNAME="ZPFcmolom"/>
<USERREF USERNAME="ZPFnkovacs"/>
<USERREF USERNAME="ZPFgkrucso"/>
<USERREF USERNAME="ZPFepenzes"/>
<USERREF USERNAME="ZPFsaguilar"/>
<USERREF USERNAME="ZPFkcco"/>
<USERREF USERNAME="ZPFlcseke"/>
<USERREF USERNAME="ZPFkcsobalyka"/>
<USERREF USERNAME="ZPFsdasilva"/>
<USERREF USERNAME="ZPFddiomede"/>
<USERREF USERNAME="ZPFoely"/>
<USERREF USERNAME="ZPFtfabian"/>
<USERREF USERNAME="ZPFfillesy"/>
<USERREF USERNAME="ZPFjistenes"/>
<USERREF USERNAME="ZPFijohl"/>
<USERREF USERNAME="ZPFmkhella"/>
<USERREF USERNAME="ZPFskholti"/>
<USERREF USERNAME="ZPFekosa"/>
<USERREF USERNAME="ZPFkkovacs"/>
<USERREF USERNAME="ZPFklim"/>
<USERREF USERNAME="ZPFlmate"/>
<USERREF USERNAME="ZPFcmercado"/>
<USERREF USERNAME="ZPFapervaiz"/>
<USERREF USERNAME="ZPFkpinter"/>
<USERREF USERNAME="ZPFnqi"/>
<USERREF USERNAME="ZPFnreis"/>
<USERREF USERNAME="ZPFasomogyi"/>
<USERREF USERNAME="ZPFrsulit"/>
<USERREF USERNAME="ZPFstayco"/>
<USERREF USERNAME="ZPFaterjek"/>
<USERREF USERNAME="ZPFmtoth"/>
<USERREF USERNAME="ZPFaktoth"/>
<USERREF USERNAME="ZPFpvallar"/>
<USERREF USERNAME="ZPFgyvarga"/>
<USERREF USERNAME="ZPFfvarga"/>
<USERREF USERNAME="ZPFawarsama"/>
<USERREF USERNAME="ZPFvzdirko"/>
</SITEGROUP>
<SITEGROUP SITENAME="(100) Cancer Center Acadiana Lafayette General Health">
<USERREF USERNAME="llandry"/>
<USERREF USERNAME="c084485"/>
<USERREF USERNAME="i4tmcjvdn_RE"/>
<USERREF USERNAME="coder_query"/>
<USERREF USERNAME="odm_user"/>
<USERREF USERNAME="CKing"/>
<USERREF USERNAME="SKlein"/>
<USERREF USERNAME="xg10776"/>
<USERREF USERNAME="c228724"/>
<USERREF USERNAME="c227049"/>
<USERREF USERNAME="c231503"/>
<USERREF USERNAME="c182729"/>
<USERREF USERNAME="c233033"/>
<USERREF USERNAME="z2x2291"/>
<USERREF USERNAME="c240924"/>
<USERREF USERNAME="c173517"/>
<USERREF USERNAME="z2x1565"/>
<USERREF USERNAME="c223848"/>
<USERREF USERNAME="rm98867"/>
<USERREF USERNAME="c145710"/>
<USERREF USERNAME="smalad"/>
<USERREF USERNAME="ZPFlbalubar"/>
<USERREF USERNAME="ZPFtcabanes"/>
<USERREF USERNAME="ZPFnvergara"/>
<USERREF USERNAME="ZPFrcalorico"/>
<USERREF USERNAME="ZPFobodnar"/>
<USERREF USERNAME="ZPFcdelacruz"/>
<USERREF USERNAME="ZPFedervishaj"/>
<USERREF USERNAME="ZPFrducusin"/>
<USERREF USERNAME="ZPFckalinyak"/>
<USERREF USERNAME="ZPFmlalangan"/>
<USERREF USERNAME="ZPFdnagy"/>
<USERREF USERNAME="ZPFprojas"/>
<USERREF USERNAME="ZPFpvamos"/>
<USERREF USERNAME="ZPFaverpeleti"/>
<USERREF USERNAME="ZPFmandone"/>
<USERREF USERNAME="ZPFabalogh"/>
<USERREF USERNAME="ZPFcmolom"/>
<USERREF USERNAME="ZPFnkovacs"/>
<USERREF USERNAME="ZPFgkrucso"/>
<USERREF USERNAME="ZPFepenzes"/>
<USERREF USERNAME="ZPFsaguilar"/>
<USERREF USERNAME="ZPFkcco"/>
<USERREF USERNAME="ZPFlcseke"/>
<USERREF USERNAME="ZPFkcsobalyka"/>
<USERREF USERNAME="ZPFsdasilva"/>
<USERREF USERNAME="ZPFddiomede"/>
<USERREF USERNAME="ZPFoely"/>
<USERREF USERNAME="ZPFtfabian"/>
<USERREF USERNAME="ZPFfillesy"/>
<USERREF USERNAME="ZPFjistenes"/>
<USERREF USERNAME="ZPFijohl"/>
<USERREF USERNAME="ZPFmkhella"/>
<USERREF USERNAME="ZPFskholti"/>
<USERREF USERNAME="ZPFekosa"/>
<USERREF USERNAME="ZPFkkovacs"/>
<USERREF USERNAME="ZPFklim"/>
<USERREF USERNAME="ZPFlmate"/>
<USERREF USERNAME="ZPFcmercado"/>
<USERREF USERNAME="ZPFapervaiz"/>
<USERREF USERNAME="ZPFkpinter"/>
<USERREF USERNAME="ZPFnqi"/>
<USERREF USERNAME="ZPFnreis"/>
<USERREF USERNAME="ZPFasomogyi"/>
<USERREF USERNAME="ZPFrsulit"/>
<USERREF USERNAME="ZPFstayco"/>
<USERREF USERNAME="ZPFaterjek"/>
<USERREF USERNAME="ZPFmtoth"/>
<USERREF USERNAME="ZPFaktoth"/>
<USERREF USERNAME="ZPFpvallar"/>
<USERREF USERNAME="ZPFgyvarga"/>
<USERREF USERNAME="ZPFfvarga"/>
<USERREF USERNAME="ZPFawarsama"/>
<USERREF USERNAME="ZPFvzdirko"/>
</SITEGROUP>
<SITEGROUP SITENAME="(300) Dipartimento di Oncologia ed Ematologia Ospedale S Maria delle Croci">
<USERREF USERNAME="fcappuzzo"/>
<USERREF USERNAME="c211951"/>
<USERREF USERNAME="sborrelli"/>
<USERREF USERNAME="i4tmcjvdn_RE"/>
<USERREF USERNAME="coder_query"/>
<USERREF USERNAME="odm_user"/>
<USERREF USERNAME="CKing"/>
<USERREF USERNAME="SKlein"/>
<USERREF USERNAME="xg10776"/>
<USERREF USERNAME="c228724"/>
<USERREF USERNAME="c227049"/>
<USERREF USERNAME="c231503"/>
<USERREF USERNAME="c182729"/>
<USERREF USERNAME="c233033"/>
<USERREF USERNAME="z2x2291"/>
<USERREF USERNAME="c240924"/>
<USERREF USERNAME="c173517"/>
<USERREF USERNAME="z2x1565"/>
<USERREF USERNAME="c223848"/>
<USERREF USERNAME="rm98867"/>
<USERREF USERNAME="c145710"/>
<USERREF USERNAME="c084485"/>
<USERREF USERNAME="bvertogen"/>
<USERREF USERNAME="ZPFlbalubar"/>
<USERREF USERNAME="ZPFtcabanes"/>
<USERREF USERNAME="ZPFnvergara"/>
<USERREF USERNAME="ZPFrcalorico"/>
<USERREF USERNAME="ZPFobodnar"/>
<USERREF USERNAME="ZPFcdelacruz"/>
<USERREF USERNAME="ZPFedervishaj"/>
<USERREF USERNAME="ZPFrducusin"/>
<USERREF USERNAME="ZPFckalinyak"/>
<USERREF USERNAME="ZPFmlalangan"/>
<USERREF USERNAME="ZPFdnagy"/>
<USERREF USERNAME="ZPFprojas"/>
<USERREF USERNAME="ZPFpvamos"/>
<USERREF USERNAME="ZPFaverpeleti"/>
<USERREF USERNAME="ZPFmandone"/>
<USERREF USERNAME="ZPFabalogh"/>
<USERREF USERNAME="ZPFcmolom"/>
<USERREF USERNAME="ZPFnkovacs"/>
<USERREF USERNAME="ZPFgkrucso"/>
<USERREF USERNAME="ZPFepenzes"/>
<USERREF USERNAME="ZPFsaguilar"/>
<USERREF USERNAME="ZPFkcco"/>
<USERREF USERNAME="ZPFlcseke"/>
<USERREF USERNAME="ZPFkcsobalyka"/>
<USERREF USERNAME="ZPFsdasilva"/>
<USERREF USERNAME="ZPFddiomede"/>
<USERREF USERNAME="ZPFoely"/>
<USERREF USERNAME="ZPFtfabian"/>
<USERREF USERNAME="ZPFfillesy"/>
<USERREF USERNAME="ZPFjistenes"/>
<USERREF USERNAME="ZPFijohl"/>
<USERREF USERNAME="ZPFmkhella"/>
<USERREF USERNAME="ZPFskholti"/>
<USERREF USERNAME="ZPFekosa"/>
<USERREF USERNAME="ZPFkkovacs"/>
<USERREF USERNAME="ZPFklim"/>
<USERREF USERNAME="ZPFlmate"/>
<USERREF USERNAME="ZPFcmercado"/>
<USERREF USERNAME="ZPFapervaiz"/>
<USERREF USERNAME="ZPFkpinter"/>
<USERREF USERNAME="ZPFnqi"/>
<USERREF USERNAME="ZPFnreis"/>
<USERREF USERNAME="ZPFasomogyi"/>
<USERREF USERNAME="ZPFrsulit"/>
<USERREF USERNAME="ZPFstayco"/>
<USERREF USERNAME="ZPFaterjek"/>
<USERREF USERNAME="ZPFmtoth"/>
<USERREF USERNAME="ZPFaktoth"/>
<USERREF USERNAME="ZPFpvallar"/>
<USERREF USERNAME="ZPFgyvarga"/>
<USERREF USERNAME="ZPFfvarga"/>
<USERREF USERNAME="ZPFawarsama"/>
<USERREF USERNAME="ZPFvzdirko"/>
</SITEGROUP>
<SITEGROUP SITENAME="(400) Hospital 12 De Octubre">
<USERREF USERNAME="i4tmcjvdn_RE"/>
<USERREF USERNAME="coder_query"/>
<USERREF USERNAME="c241486"/>
<USERREF USERNAME="c242097"/>
<USERREF USERNAME="c241995"/>
<USERREF USERNAME="c084485"/>
<USERREF USERNAME="c145710"/>
<USERREF USERNAME="sabecia"/>
<USERREF USERNAME="saix"/>
<USERREF USERNAME="rm98867"/>
<USERREF USERNAME="c223848"/>
<USERREF USERNAME="z2x1565"/>
<USERREF USERNAME="c173517"/>
<USERREF USERNAME="c240924"/>
<USERREF USERNAME="z2x2291"/>
<USERREF USERNAME="c233033"/>
<USERREF USERNAME="c182729"/>
<USERREF USERNAME="c231503"/>
<USERREF USERNAME="c227049"/>
<USERREF USERNAME="c228724"/>
<USERREF USERNAME="xg10776"/>
<USERREF USERNAME="SKlein"/>
<USERREF USERNAME="CKing"/>
<USERREF USERNAME="odm_user"/>
<USERREF USERNAME="ZPFlbalubar"/>
<USERREF USERNAME="ZPFtcabanes"/>
<USERREF USERNAME="ZPFnvergara"/>
<USERREF USERNAME="ZPFrcalorico"/>
<USERREF USERNAME="ZPFobodnar"/>
<USERREF USERNAME="ZPFcdelacruz"/>
<USERREF USERNAME="ZPFedervishaj"/>
<USERREF USERNAME="ZPFrducusin"/>
<USERREF USERNAME="ZPFckalinyak"/>
<USERREF USERNAME="ZPFmlalangan"/>
<USERREF USERNAME="ZPFdnagy"/>
<USERREF USERNAME="ZPFprojas"/>
<USERREF USERNAME="ZPFpvamos"/>
<USERREF USERNAME="ZPFaverpeleti"/>
<USERREF USERNAME="ZPFmandone"/>
<USERREF USERNAME="ZPFabalogh"/>
<USERREF USERNAME="ZPFcmolom"/>
<USERREF USERNAME="ZPFnkovacs"/>
<USERREF USERNAME="ZPFgkrucso"/>
<USERREF USERNAME="ZPFepenzes"/>
<USERREF USERNAME="ZPFsaguilar"/>
<USERREF USERNAME="ZPFkcco"/>
<USERREF USERNAME="ZPFlcseke"/>
<USERREF USERNAME="ZPFkcsobalyka"/>
<USERREF USERNAME="ZPFsdasilva"/>
<USERREF USERNAME="ZPFddiomede"/>
<USERREF USERNAME="ZPFoely"/>
<USERREF USERNAME="ZPFtfabian"/>
<USERREF USERNAME="ZPFfillesy"/>
<USERREF USERNAME="ZPFjistenes"/>
<USERREF USERNAME="ZPFijohl"/>
<USERREF USERNAME="ZPFmkhella"/>
<USERREF USERNAME="ZPFskholti"/>
<USERREF USERNAME="ZPFekosa"/>
<USERREF USERNAME="ZPFkkovacs"/>
<USERREF USERNAME="ZPFklim"/>
<USERREF USERNAME="ZPFlmate"/>
<USERREF USERNAME="ZPFcmercado"/>
<USERREF USERNAME="ZPFapervaiz"/>
<USERREF USERNAME="ZPFkpinter"/>
<USERREF USERNAME="ZPFnqi"/>
<USERREF USERNAME="ZPFnreis"/>
<USERREF USERNAME="ZPFasomogyi"/>
<USERREF USERNAME="ZPFrsulit"/>
<USERREF USERNAME="ZPFstayco"/>
<USERREF USERNAME="ZPFaterjek"/>
<USERREF USERNAME="ZPFmtoth"/>
<USERREF USERNAME="ZPFaktoth"/>
<USERREF USERNAME="ZPFpvallar"/>
<USERREF USERNAME="ZPFgyvarga"/>
<USERREF USERNAME="ZPFfvarga"/>
<USERREF USERNAME="ZPFawarsama"/>
<USERREF USERNAME="ZPFvzdirko"/>
</SITEGROUP>
<SITEGROUP SITENAME="(405) Hospital Clinic i Provincial Oncologia">
<USERREF USERNAME="i4tmcjvdn_RE"/>
<USERREF USERNAME="c241486"/>
<USERREF USERNAME="c241995"/>
<USERREF USERNAME="c084485"/>
<USERREF USERNAME="c145710"/>
<USERREF USERNAME="aarcocha"/>
<USERREF USERNAME="nsegarra"/>
<USERREF USERNAME="rm98867"/>
<USERREF USERNAME="c223848"/>
<USERREF USERNAME="z2x1565"/>
<USERREF USERNAME="c173517"/>
<USERREF USERNAME="c240924"/>
<USERREF USERNAME="z2x2291"/>
<USERREF USERNAME="c233033"/>
<USERREF USERNAME="c182729"/>
<USERREF USERNAME="c231503"/>
<USERREF USERNAME="c227049"/>
<USERREF USERNAME="c228724"/>
<USERREF USERNAME="xg10776"/>
<USERREF USERNAME="SKlein"/>
<USERREF USERNAME="CKing"/>
<USERREF USERNAME="odm_user"/>
<USERREF USERNAME="coder_query"/>
<USERREF USERNAME="c242097"/>
<USERREF USERNAME="ZPFlbalubar"/>
<USERREF USERNAME="ZPFtcabanes"/>
<USERREF USERNAME="ZPFnvergara"/>
<USERREF USERNAME="ZPFrcalorico"/>
<USERREF USERNAME="ZPFobodnar"/>
<USERREF USERNAME="ZPFcdelacruz"/>
<USERREF USERNAME="ZPFedervishaj"/>
<USERREF USERNAME="ZPFrducusin"/>
<USERREF USERNAME="ZPFckalinyak"/>
<USERREF USERNAME="ZPFmlalangan"/>
<USERREF USERNAME="ZPFdnagy"/>
<USERREF USERNAME="ZPFprojas"/>
<USERREF USERNAME="ZPFpvamos"/>
<USERREF USERNAME="ZPFaverpeleti"/>
<USERREF USERNAME="ZPFmandone"/>
<USERREF USERNAME="ZPFabalogh"/>
<USERREF USERNAME="ZPFcmolom"/>
<USERREF USERNAME="ZPFnkovacs"/>
<USERREF USERNAME="ZPFgkrucso"/>
<USERREF USERNAME="ZPFepenzes"/>
<USERREF USERNAME="ZPFsaguilar"/>
<USERREF USERNAME="ZPFkcco"/>
<USERREF USERNAME="ZPFlcseke"/>
<USERREF USERNAME="ZPFkcsobalyka"/>
<USERREF USERNAME="ZPFsdasilva"/>
<USERREF USERNAME="ZPFddiomede"/>
<USERREF USERNAME="ZPFoely"/>
<USERREF USERNAME="ZPFtfabian"/>
<USERREF USERNAME="ZPFfillesy"/>
<USERREF USERNAME="ZPFjistenes"/>
<USERREF USERNAME="ZPFijohl"/>
<USERREF USERNAME="ZPFmkhella"/>
<USERREF USERNAME="ZPFskholti"/>
<USERREF USERNAME="ZPFekosa"/>
<USERREF USERNAME="ZPFkkovacs"/>
<USERREF USERNAME="ZPFklim"/>
<USERREF USERNAME="ZPFlmate"/>
<USERREF USERNAME="ZPFcmercado"/>
<USERREF USERNAME="ZPFapervaiz"/>
<USERREF USERNAME="ZPFkpinter"/>
<USERREF USERNAME="ZPFnqi"/>
<USERREF USERNAME="ZPFnreis"/>
<USERREF USERNAME="ZPFasomogyi"/>
<USERREF USERNAME="ZPFrsulit"/>
<USERREF USERNAME="ZPFstayco"/>
<USERREF USERNAME="ZPFaterjek"/>
<USERREF USERNAME="ZPFmtoth"/>
<USERREF USERNAME="ZPFaktoth"/>
<USERREF USERNAME="ZPFpvallar"/>
<USERREF USERNAME="ZPFgyvarga"/>
<USERREF USERNAME="ZPFfvarga"/>
<USERREF USERNAME="ZPFawarsama"/>
<USERREF USERNAME="ZPFvzdirko"/>
</SITEGROUP>
<SITEGROUP SITENAME="(402) Hospital General Universitario Gregorio Maranon">
<USERREF USERNAME="rm98867"/>
<USERREF USERNAME="ralvarez"/>
<USERREF USERNAME="sflorez"/>
<USERREF USERNAME="ablanco"/>
<USERREF USERNAME="c145710"/>
<USERREF USERNAME="c084485"/>
<USERREF USERNAME="c241995"/>
<USERREF USERNAME="c242097"/>
<USERREF USERNAME="c241486"/>
<USERREF USERNAME="i4tmcjvdn_RE"/>
<USERREF USERNAME="coder_query"/>
<USERREF USERNAME="odm_user"/>
<USERREF USERNAME="CKing"/>
<USERREF USERNAME="SKlein"/>
<USERREF USERNAME="xg10776"/>
<USERREF USERNAME="c228724"/>
<USERREF USERNAME="c227049"/>
<USERREF USERNAME="c231503"/>
<USERREF USERNAME="c182729"/>
<USERREF USERNAME="c233033"/>
<USERREF USERNAME="z2x2291"/>
<USERREF USERNAME="c240924"/>
<USERREF USERNAME="c173517"/>
<USERREF USERNAME="z2x1565"/>
<USERREF USERNAME="c223848"/>
<USERREF USERNAME="ZPFlbalubar"/>
<USERREF USERNAME="ZPFtcabanes"/>
<USERREF USERNAME="ZPFnvergara"/>
<USERREF USERNAME="ZPFrcalorico"/>
<USERREF USERNAME="ZPFobodnar"/>
<USERREF USERNAME="ZPFcdelacruz"/>
<USERREF USERNAME="ZPFedervishaj"/>
<USERREF USERNAME="ZPFrducusin"/>
<USERREF USERNAME="ZPFckalinyak"/>
<USERREF USERNAME="ZPFmlalangan"/>
<USERREF USERNAME="ZPFdnagy"/>
<USERREF USERNAME="ZPFprojas"/>
<USERREF USERNAME="ZPFpvamos"/>
<USERREF USERNAME="ZPFaverpeleti"/>
<USERREF USERNAME="ZPFmandone"/>
<USERREF USERNAME="ZPFabalogh"/>
<USERREF USERNAME="ZPFcmolom"/>
<USERREF USERNAME="ZPFnkovacs"/>
<USERREF USERNAME="ZPFgkrucso"/>
<USERREF USERNAME="ZPFepenzes"/>
<USERREF USERNAME="ZPFsaguilar"/>
<USERREF USERNAME="ZPFkcco"/>
<USERREF USERNAME="ZPFlcseke"/>
<USERREF USERNAME="ZPFkcsobalyka"/>
<USERREF USERNAME="ZPFsdasilva"/>
<USERREF USERNAME="ZPFddiomede"/>
<USERREF USERNAME="ZPFoely"/>
<USERREF USERNAME="ZPFtfabian"/>
<USERREF USERNAME="ZPFfillesy"/>
<USERREF USERNAME="ZPFjistenes"/>
<USERREF USERNAME="ZPFijohl"/>
<USERREF USERNAME="ZPFmkhella"/>
<USERREF USERNAME="ZPFskholti"/>
<USERREF USERNAME="ZPFekosa"/>
<USERREF USERNAME="ZPFkkovacs"/>
<USERREF USERNAME="ZPFklim"/>
<USERREF USERNAME="ZPFlmate"/>
<USERREF USERNAME="ZPFcmercado"/>
<USERREF USERNAME="ZPFapervaiz"/>
<USERREF USERNAME="ZPFkpinter"/>
<USERREF USERNAME="ZPFnqi"/>
<USERREF USERNAME="ZPFnreis"/>
<USERREF USERNAME="ZPFasomogyi"/>
<USERREF USERNAME="ZPFrsulit"/>
<USERREF USERNAME="ZPFstayco"/>
<USERREF USERNAME="ZPFaterjek"/>
<USERREF USERNAME="ZPFmtoth"/>
<USERREF USERNAME="ZPFaktoth"/>
<USERREF USERNAME="ZPFpvallar"/>
<USERREF USERNAME="ZPFgyvarga"/>
<USERREF USERNAME="ZPFfvarga"/>
<USERREF USERNAME="ZPFawarsama"/>
<USERREF USERNAME="ZPFvzdirko"/>
</SITEGROUP>
<SITEGROUP SITENAME="(404) Hospital Universitario Germans Trias I Pujol">
<USERREF USERNAME="c242097"/>
<USERREF USERNAME="c241486"/>
<USERREF USERNAME="c084485"/>
<USERREF USERNAME="c145710"/>
<USERREF USERNAME="ngarcia"/>
<USERREF USERNAME="tbueno"/>
<USERREF USERNAME="rm98867"/>
<USERREF USERNAME="c223848"/>
<USERREF USERNAME="z2x1565"/>
<USERREF USERNAME="c173517"/>
<USERREF USERNAME="c240924"/>
<USERREF USERNAME="z2x2291"/>
<USERREF USERNAME="c233033"/>
<USERREF USERNAME="c182729"/>
<USERREF USERNAME="c231503"/>
<USERREF USERNAME="c227049"/>
<USERREF USERNAME="c228724"/>
<USERREF USERNAME="xg10776"/>
<USERREF USERNAME="SKlein"/>
<USERREF USERNAME="CKing"/>
<USERREF USERNAME="odm_user"/>
<USERREF USERNAME="coder_query"/>
<USERREF USERNAME="i4tmcjvdn_RE"/>
<USERREF USERNAME="c241995"/>
<USERREF USERNAME="ZPFlbalubar"/>
<USERREF USERNAME="ZPFtcabanes"/>
<USERREF USERNAME="ZPFnvergara"/>
<USERREF USERNAME="ZPFrcalorico"/>
<USERREF USERNAME="ZPFobodnar"/>
<USERREF USERNAME="ZPFcdelacruz"/>
<USERREF USERNAME="ZPFedervishaj"/>
<USERREF USERNAME="ZPFrducusin"/>
<USERREF USERNAME="ZPFckalinyak"/>
<USERREF USERNAME="ZPFmlalangan"/>
<USERREF USERNAME="ZPFdnagy"/>
<USERREF USERNAME="ZPFprojas"/>
<USERREF USERNAME="ZPFpvamos"/>
<USERREF USERNAME="ZPFaverpeleti"/>
<USERREF USERNAME="ZPFmandone"/>
<USERREF USERNAME="ZPFabalogh"/>
<USERREF USERNAME="ZPFcmolom"/>
<USERREF USERNAME="ZPFnkovacs"/>
<USERREF USERNAME="ZPFgkrucso"/>
<USERREF USERNAME="ZPFepenzes"/>
<USERREF USERNAME="ZPFsaguilar"/>
<USERREF USERNAME="ZPFkcco"/>
<USERREF USERNAME="ZPFlcseke"/>
<USERREF USERNAME="ZPFkcsobalyka"/>
<USERREF USERNAME="ZPFsdasilva"/>
<USERREF USERNAME="ZPFddiomede"/>
<USERREF USERNAME="ZPFoely"/>
<USERREF USERNAME="ZPFtfabian"/>
<USERREF USERNAME="ZPFfillesy"/>
<USERREF USERNAME="ZPFjistenes"/>
<USERREF USERNAME="ZPFijohl"/>
<USERREF USERNAME="ZPFmkhella"/>
<USERREF USERNAME="ZPFskholti"/>
<USERREF USERNAME="ZPFekosa"/>
<USERREF USERNAME="ZPFkkovacs"/>
<USERREF USERNAME="ZPFklim"/>
<USERREF USERNAME="ZPFlmate"/>
<USERREF USERNAME="ZPFcmercado"/>
<USERREF USERNAME="ZPFapervaiz"/>
<USERREF USERNAME="ZPFkpinter"/>
<USERREF USERNAME="ZPFnqi"/>
<USERREF USERNAME="ZPFnreis"/>
<USERREF USERNAME="ZPFasomogyi"/>
<USERREF USERNAME="ZPFrsulit"/>
<USERREF USERNAME="ZPFstayco"/>
<USERREF USERNAME="ZPFaterjek"/>
<USERREF USERNAME="ZPFmtoth"/>
<USERREF USERNAME="ZPFaktoth"/>
<USERREF USERNAME="ZPFpvallar"/>
<USERREF USERNAME="ZPFgyvarga"/>
<USERREF USERNAME="ZPFfvarga"/>
<USERREF USERNAME="ZPFawarsama"/>
<USERREF USERNAME="ZPFvzdirko"/>
</SITEGROUP>
<SITEGROUP SITENAME="(403) Hospital Universitario La Fe de Valencia">
<USERREF USERNAME="c241486"/>
<USERREF USERNAME="c242097"/>
<USERREF USERNAME="c241995"/>
<USERREF USERNAME="c084485"/>
<USERREF USERNAME="c145710"/>
<USERREF USERNAME="crodrigo"/>
<USERREF USERNAME="ovidal"/>
<USERREF USERNAME="rm98867"/>
<USERREF USERNAME="c223848"/>
<USERREF USERNAME="z2x1565"/>
<USERREF USERNAME="c173517"/>
<USERREF USERNAME="c240924"/>
<USERREF USERNAME="z2x2291"/>
<USERREF USERNAME="c233033"/>
<USERREF USERNAME="c182729"/>
<USERREF USERNAME="c231503"/>
<USERREF USERNAME="c227049"/>
<USERREF USERNAME="c228724"/>
<USERREF USERNAME="xg10776"/>
<USERREF USERNAME="SKlein"/>
<USERREF USERNAME="CKing"/>
<USERREF USERNAME="odm_user"/>
<USERREF USERNAME="i4tmcjvdn_RE"/>
<USERREF USERNAME="coder_query"/>
<USERREF USERNAME="ZPFlbalubar"/>
<USERREF USERNAME="ZPFtcabanes"/>
<USERREF USERNAME="ZPFnvergara"/>
<USERREF USERNAME="ZPFrcalorico"/>
<USERREF USERNAME="ZPFobodnar"/>
<USERREF USERNAME="ZPFcdelacruz"/>
<USERREF USERNAME="ZPFedervishaj"/>
<USERREF USERNAME="ZPFrducusin"/>
<USERREF USERNAME="ZPFckalinyak"/>
<USERREF USERNAME="ZPFmlalangan"/>
<USERREF USERNAME="ZPFdnagy"/>
<USERREF USERNAME="ZPFprojas"/>
<USERREF USERNAME="ZPFpvamos"/>
<USERREF USERNAME="ZPFaverpeleti"/>
<USERREF USERNAME="ZPFmandone"/>
<USERREF USERNAME="ZPFabalogh"/>
<USERREF USERNAME="ZPFcmolom"/>
<USERREF USERNAME="ZPFnkovacs"/>
<USERREF USERNAME="ZPFgkrucso"/>
<USERREF USERNAME="ZPFepenzes"/>
<USERREF USERNAME="ZPFsaguilar"/>
<USERREF USERNAME="ZPFkcco"/>
<USERREF USERNAME="ZPFlcseke"/>
<USERREF USERNAME="ZPFkcsobalyka"/>
<USERREF USERNAME="ZPFsdasilva"/>
<USERREF USERNAME="ZPFddiomede"/>
<USERREF USERNAME="ZPFoely"/>
<USERREF USERNAME="ZPFtfabian"/>
<USERREF USERNAME="ZPFfillesy"/>
<USERREF USERNAME="ZPFjistenes"/>
<USERREF USERNAME="ZPFijohl"/>
<USERREF USERNAME="ZPFmkhella"/>
<USERREF USERNAME="ZPFskholti"/>
<USERREF USERNAME="ZPFekosa"/>
<USERREF USERNAME="ZPFkkovacs"/>
<USERREF USERNAME="ZPFklim"/>
<USERREF USERNAME="ZPFlmate"/>
<USERREF USERNAME="ZPFcmercado"/>
<USERREF USERNAME="ZPFapervaiz"/>
<USERREF USERNAME="ZPFkpinter"/>
<USERREF USERNAME="ZPFnqi"/>
<USERREF USERNAME="ZPFnreis"/>
<USERREF USERNAME="ZPFasomogyi"/>
<USERREF USERNAME="ZPFrsulit"/>
<USERREF USERNAME="ZPFstayco"/>
<USERREF USERNAME="ZPFaterjek"/>
<USERREF USERNAME="ZPFmtoth"/>
<USERREF USERNAME="ZPFaktoth"/>
<USERREF USERNAME="ZPFpvallar"/>
<USERREF USERNAME="ZPFgyvarga"/>
<USERREF USERNAME="ZPFfvarga"/>
<USERREF USERNAME="ZPFawarsama"/>
<USERREF USERNAME="ZPFvzdirko"/>
</SITEGROUP>
<SITEGROUP SITENAME="(401) Hospital Universitario Ramon y Cajal">
<USERREF USERNAME="i4tmcjvdn_RE"/>
<USERREF USERNAME="coder_query"/>
<USERREF USERNAME="odm_user"/>
<USERREF USERNAME="CKing"/>
<USERREF USERNAME="SKlein"/>
<USERREF USERNAME="xg10776"/>
<USERREF USERNAME="c228724"/>
<USERREF USERNAME="c227049"/>
<USERREF USERNAME="c231503"/>
<USERREF USERNAME="c182729"/>
<USERREF USERNAME="c233033"/>
<USERREF USERNAME="z2x2291"/>
<USERREF USERNAME="c240924"/>
<USERREF USERNAME="c173517"/>
<USERREF USERNAME="z2x1565"/>
<USERREF USERNAME="c223848"/>
<USERREF USERNAME="rm98867"/>
<USERREF USERNAME="plopez"/>
<USERREF USERNAME="ssanchez"/>
<USERREF USERNAME="c145710"/>
<USERREF USERNAME="c084485"/>
<USERREF USERNAME="c241995"/>
<USERREF USERNAME="c242097"/>
<USERREF USERNAME="c241486"/>
<USERREF USERNAME="ZPFlbalubar"/>
<USERREF USERNAME="ZPFtcabanes"/>
<USERREF USERNAME="ZPFnvergara"/>
<USERREF USERNAME="ZPFrcalorico"/>
<USERREF USERNAME="ZPFobodnar"/>
<USERREF USERNAME="ZPFcdelacruz"/>
<USERREF USERNAME="ZPFedervishaj"/>
<USERREF USERNAME="ZPFrducusin"/>
<USERREF USERNAME="ZPFckalinyak"/>
<USERREF USERNAME="ZPFmlalangan"/>
<USERREF USERNAME="ZPFdnagy"/>
<USERREF USERNAME="ZPFprojas"/>
<USERREF USERNAME="ZPFpvamos"/>
<USERREF USERNAME="ZPFaverpeleti"/>
<USERREF USERNAME="ZPFmandone"/>
<USERREF USERNAME="ZPFabalogh"/>
<USERREF USERNAME="ZPFcmolom"/>
<USERREF USERNAME="ZPFnkovacs"/>
<USERREF USERNAME="ZPFgkrucso"/>
<USERREF USERNAME="ZPFepenzes"/>
<USERREF USERNAME="ZPFsaguilar"/>
<USERREF USERNAME="ZPFkcco"/>
<USERREF USERNAME="ZPFlcseke"/>
<USERREF USERNAME="ZPFkcsobalyka"/>
<USERREF USERNAME="ZPFsdasilva"/>
<USERREF USERNAME="ZPFddiomede"/>
<USERREF USERNAME="ZPFoely"/>
<USERREF USERNAME="ZPFtfabian"/>
<USERREF USERNAME="ZPFfillesy"/>
<USERREF USERNAME="ZPFjistenes"/>
<USERREF USERNAME="ZPFijohl"/>
<USERREF USERNAME="ZPFmkhella"/>
<USERREF USERNAME="ZPFskholti"/>
<USERREF USERNAME="ZPFekosa"/>
<USERREF USERNAME="ZPFkkovacs"/>
<USERREF USERNAME="ZPFklim"/>
<USERREF USERNAME="ZPFlmate"/>
<USERREF USERNAME="ZPFcmercado"/>
<USERREF USERNAME="ZPFapervaiz"/>
<USERREF USERNAME="ZPFkpinter"/>
<USERREF USERNAME="ZPFnqi"/>
<USERREF USERNAME="ZPFnreis"/>
<USERREF USERNAME="ZPFasomogyi"/>
<USERREF USERNAME="ZPFrsulit"/>
<USERREF USERNAME="ZPFstayco"/>
<USERREF USERNAME="ZPFaterjek"/>
<USERREF USERNAME="ZPFmtoth"/>
<USERREF USERNAME="ZPFaktoth"/>
<USERREF USERNAME="ZPFpvallar"/>
<USERREF USERNAME="ZPFgyvarga"/>
<USERREF USERNAME="ZPFfvarga"/>
<USERREF USERNAME="ZPFawarsama"/>
<USERREF USERNAME="ZPFvzdirko"/>
</SITEGROUP>
<SITEGROUP SITENAME="(205) Klinikum Immenstadt">
<USERREF USERNAME="cschumann"/>
<USERREF USERNAME="c084485"/>
<USERREF USERNAME="i4tmcjvdn_RE"/>
<USERREF USERNAME="coder_query"/>
<USERREF USERNAME="odm_user"/>
<USERREF USERNAME="CKing"/>
<USERREF USERNAME="SKlein"/>
<USERREF USERNAME="xg10776"/>
<USERREF USERNAME="c228724"/>
<USERREF USERNAME="c227049"/>
<USERREF USERNAME="c231503"/>
<USERREF USERNAME="c182729"/>
<USERREF USERNAME="c239399"/>
<USERREF USERNAME="c233033"/>
<USERREF USERNAME="c224269"/>
<USERREF USERNAME="z2x2291"/>
<USERREF USERNAME="c240924"/>
<USERREF USERNAME="c173517"/>
<USERREF USERNAME="z2x1565"/>
<USERREF USERNAME="c223848"/>
<USERREF USERNAME="rm98867"/>
<USERREF USERNAME="c145710"/>
<USERREF USERNAME="seberl"/>
<USERREF USERNAME="ZPFlbalubar"/>
<USERREF USERNAME="ZPFtcabanes"/>
<USERREF USERNAME="ZPFnvergara"/>
<USERREF USERNAME="ZPFrcalorico"/>
<USERREF USERNAME="ZPFobodnar"/>
<USERREF USERNAME="ZPFcdelacruz"/>
<USERREF USERNAME="ZPFedervishaj"/>
<USERREF USERNAME="ZPFrducusin"/>
<USERREF USERNAME="ZPFckalinyak"/>
<USERREF USERNAME="ZPFmlalangan"/>
<USERREF USERNAME="ZPFdnagy"/>
<USERREF USERNAME="ZPFprojas"/>
<USERREF USERNAME="ZPFpvamos"/>
<USERREF USERNAME="ZPFaverpeleti"/>
<USERREF USERNAME="ZPFmandone"/>
<USERREF USERNAME="ZPFabalogh"/>
<USERREF USERNAME="ZPFcmolom"/>
<USERREF USERNAME="ZPFnkovacs"/>
<USERREF USERNAME="ZPFgkrucso"/>
<USERREF USERNAME="ZPFepenzes"/>
<USERREF USERNAME="ZPFsaguilar"/>
<USERREF USERNAME="ZPFkcco"/>
<USERREF USERNAME="ZPFlcseke"/>
<USERREF USERNAME="ZPFkcsobalyka"/>
<USERREF USERNAME="ZPFsdasilva"/>
<USERREF USERNAME="ZPFddiomede"/>
<USERREF USERNAME="ZPFoely"/>
<USERREF USERNAME="ZPFtfabian"/>
<USERREF USERNAME="ZPFfillesy"/>
<USERREF USERNAME="ZPFjistenes"/>
<USERREF USERNAME="ZPFijohl"/>
<USERREF USERNAME="ZPFmkhella"/>
<USERREF USERNAME="ZPFskholti"/>
<USERREF USERNAME="ZPFekosa"/>
<USERREF USERNAME="ZPFkkovacs"/>
<USERREF USERNAME="ZPFklim"/>
<USERREF USERNAME="ZPFlmate"/>
<USERREF USERNAME="ZPFcmercado"/>
<USERREF USERNAME="ZPFapervaiz"/>
<USERREF USERNAME="ZPFkpinter"/>
<USERREF USERNAME="ZPFnqi"/>
<USERREF USERNAME="ZPFnreis"/>
<USERREF USERNAME="ZPFasomogyi"/>
<USERREF USERNAME="ZPFrsulit"/>
<USERREF USERNAME="ZPFstayco"/>
<USERREF USERNAME="ZPFaterjek"/>
<USERREF USERNAME="ZPFmtoth"/>
<USERREF USERNAME="ZPFaktoth"/>
<USERREF USERNAME="ZPFpvallar"/>
<USERREF USERNAME="ZPFgyvarga"/>
<USERREF USERNAME="ZPFfvarga"/>
<USERREF USERNAME="ZPFawarsama"/>
<USERREF USERNAME="ZPFvzdirko"/>
</SITEGROUP>
<SITEGROUP SITENAME="(204) Mathias Spital Rheine">
<USERREF USERNAME="ndickgreber"/>
<USERREF USERNAME="c084485"/>
<USERREF USERNAME="i4tmcjvdn_RE"/>
<USERREF USERNAME="coder_query"/>
<USERREF USERNAME="odm_user"/>
<USERREF USERNAME="CKing"/>
<USERREF USERNAME="SKlein"/>
<USERREF USERNAME="xg10776"/>
<USERREF USERNAME="c228724"/>
<USERREF USERNAME="c227049"/>
<USERREF USERNAME="c231503"/>
<USERREF USERNAME="c182729"/>
<USERREF USERNAME="c239411"/>
<USERREF USERNAME="c233033"/>
<USERREF USERNAME="c224269"/>
<USERREF USERNAME="z2x2291"/>
<USERREF USERNAME="c240924"/>
<USERREF USERNAME="c173517"/>
<USERREF USERNAME="z2x1565"/>
<USERREF USERNAME="c223848"/>
<USERREF USERNAME="rm98867"/>
<USERREF USERNAME="c145710"/>
<USERREF USERNAME="jtrzynka"/>
<USERREF USERNAME="ZPFlbalubar"/>
<USERREF USERNAME="ZPFtcabanes"/>
<USERREF USERNAME="ZPFnvergara"/>
<USERREF USERNAME="ZPFrcalorico"/>
<USERREF USERNAME="ZPFobodnar"/>
<USERREF USERNAME="ZPFcdelacruz"/>
<USERREF USERNAME="ZPFedervishaj"/>
<USERREF USERNAME="ZPFrducusin"/>
<USERREF USERNAME="ZPFckalinyak"/>
<USERREF USERNAME="ZPFmlalangan"/>
<USERREF USERNAME="ZPFdnagy"/>
<USERREF USERNAME="ZPFprojas"/>
<USERREF USERNAME="ZPFpvamos"/>
<USERREF USERNAME="ZPFaverpeleti"/>
<USERREF USERNAME="ZPFmandone"/>
<USERREF USERNAME="ZPFabalogh"/>
<USERREF USERNAME="ZPFcmolom"/>
<USERREF USERNAME="ZPFnkovacs"/>
<USERREF USERNAME="ZPFgkrucso"/>
<USERREF USERNAME="ZPFepenzes"/>
<USERREF USERNAME="ZPFsaguilar"/>
<USERREF USERNAME="ZPFkcco"/>
<USERREF USERNAME="ZPFlcseke"/>
<USERREF USERNAME="ZPFkcsobalyka"/>
<USERREF USERNAME="ZPFsdasilva"/>
<USERREF USERNAME="ZPFddiomede"/>
<USERREF USERNAME="ZPFoely"/>
<USERREF USERNAME="ZPFtfabian"/>
<USERREF USERNAME="ZPFfillesy"/>
<USERREF USERNAME="ZPFjistenes"/>
<USERREF USERNAME="ZPFijohl"/>
<USERREF USERNAME="ZPFmkhella"/>
<USERREF USERNAME="ZPFskholti"/>
<USERREF USERNAME="ZPFekosa"/>
<USERREF USERNAME="ZPFkkovacs"/>
<USERREF USERNAME="ZPFklim"/>
<USERREF USERNAME="ZPFlmate"/>
<USERREF USERNAME="ZPFcmercado"/>
<USERREF USERNAME="ZPFapervaiz"/>
<USERREF USERNAME="ZPFkpinter"/>
<USERREF USERNAME="ZPFnqi"/>
<USERREF USERNAME="ZPFnreis"/>
<USERREF USERNAME="ZPFasomogyi"/>
<USERREF USERNAME="ZPFrsulit"/>
<USERREF USERNAME="ZPFstayco"/>
<USERREF USERNAME="ZPFaterjek"/>
<USERREF USERNAME="ZPFmtoth"/>
<USERREF USERNAME="ZPFaktoth"/>
<USERREF USERNAME="ZPFpvallar"/>
<USERREF USERNAME="ZPFgyvarga"/>
<USERREF USERNAME="ZPFfvarga"/>
<USERREF USERNAME="ZPFawarsama"/>
<USERREF USERNAME="ZPFvzdirko"/>
</SITEGROUP>
<SITEGROUP SITENAME="(301) Oncologia Medica A IRCCS Centro riferimento Oncologico CRO">
<USERREF USERNAME="abearz"/>
<USERREF USERNAME="eberto"/>
<USERREF USERNAME="c211951"/>
<USERREF USERNAME="c084485"/>
<USERREF USERNAME="c145710"/>
<USERREF USERNAME="rm98867"/>
<USERREF USERNAME="c223848"/>
<USERREF USERNAME="z2x1565"/>
<USERREF USERNAME="c173517"/>
<USERREF USERNAME="c240924"/>
<USERREF USERNAME="z2x2291"/>
<USERREF USERNAME="c233033"/>
<USERREF USERNAME="c182729"/>
<USERREF USERNAME="c231503"/>
<USERREF USERNAME="c227049"/>
<USERREF USERNAME="c228724"/>
<USERREF USERNAME="xg10776"/>
<USERREF USERNAME="SKlein"/>
<USERREF USERNAME="CKing"/>
<USERREF USERNAME="odm_user"/>
<USERREF USERNAME="coder_query"/>
<USERREF USERNAME="i4tmcjvdn_RE"/>
<USERREF USERNAME="ZPFlbalubar"/>
<USERREF USERNAME="ZPFtcabanes"/>
<USERREF USERNAME="ZPFnvergara"/>
<USERREF USERNAME="ZPFrcalorico"/>
<USERREF USERNAME="ZPFobodnar"/>
<USERREF USERNAME="ZPFcdelacruz"/>
<USERREF USERNAME="ZPFedervishaj"/>
<USERREF USERNAME="ZPFrducusin"/>
<USERREF USERNAME="ZPFckalinyak"/>
<USERREF USERNAME="ZPFmlalangan"/>
<USERREF USERNAME="ZPFdnagy"/>
<USERREF USERNAME="ZPFprojas"/>
<USERREF USERNAME="ZPFpvamos"/>
<USERREF USERNAME="ZPFaverpeleti"/>
<USERREF USERNAME="ZPFmandone"/>
<USERREF USERNAME="ZPFabalogh"/>
<USERREF USERNAME="ZPFcmolom"/>
<USERREF USERNAME="ZPFnkovacs"/>
<USERREF USERNAME="ZPFgkrucso"/>
<USERREF USERNAME="ZPFepenzes"/>
<USERREF USERNAME="ZPFsaguilar"/>
<USERREF USERNAME="ZPFkcco"/>
<USERREF USERNAME="ZPFlcseke"/>
<USERREF USERNAME="ZPFkcsobalyka"/>
<USERREF USERNAME="ZPFsdasilva"/>
<USERREF USERNAME="ZPFddiomede"/>
<USERREF USERNAME="ZPFoely"/>
<USERREF USERNAME="ZPFtfabian"/>
<USERREF USERNAME="ZPFfillesy"/>
<USERREF USERNAME="ZPFjistenes"/>
<USERREF USERNAME="ZPFijohl"/>
<USERREF USERNAME="ZPFmkhella"/>
<USERREF USERNAME="ZPFskholti"/>
<USERREF USERNAME="ZPFekosa"/>
<USERREF USERNAME="ZPFkkovacs"/>
<USERREF USERNAME="ZPFklim"/>
<USERREF USERNAME="ZPFlmate"/>
<USERREF USERNAME="ZPFcmercado"/>
<USERREF USERNAME="ZPFapervaiz"/>
<USERREF USERNAME="ZPFkpinter"/>
<USERREF USERNAME="ZPFnqi"/>
<USERREF USERNAME="ZPFnreis"/>
<USERREF USERNAME="ZPFasomogyi"/>
<USERREF USERNAME="ZPFrsulit"/>
<USERREF USERNAME="ZPFstayco"/>
<USERREF USERNAME="ZPFaterjek"/>
<USERREF USERNAME="ZPFmtoth"/>
<USERREF USERNAME="ZPFaktoth"/>
<USERREF USERNAME="ZPFpvallar"/>
<USERREF USERNAME="ZPFgyvarga"/>
<USERREF USERNAME="ZPFfvarga"/>
<USERREF USERNAME="ZPFawarsama"/>
<USERREF USERNAME="ZPFvzdirko"/>
</SITEGROUP>
<SITEGROUP SITENAME="(302) Oncologia medica Ospedale della Misericordia">
<USERREF USERNAME="cbengala"/>
<USERREF USERNAME="c211951"/>
<USERREF USERNAME="c145710"/>
<USERREF USERNAME="rm98867"/>
<USERREF USERNAME="c223848"/>
<USERREF USERNAME="z2x1565"/>
<USERREF USERNAME="c173517"/>
<USERREF USERNAME="c240924"/>
<USERREF USERNAME="mmartellucci"/>
<USERREF USERNAME="z2x2291"/>
<USERREF USERNAME="c233033"/>
<USERREF USERNAME="c182729"/>
<USERREF USERNAME="c231503"/>
<USERREF USERNAME="c227049"/>
<USERREF USERNAME="c228724"/>
<USERREF USERNAME="xg10776"/>
<USERREF USERNAME="SKlein"/>
<USERREF USERNAME="CKing"/>
<USERREF USERNAME="odm_user"/>
<USERREF USERNAME="coder_query"/>
<USERREF USERNAME="i4tmcjvdn_RE"/>
<USERREF USERNAME="c084485"/>
<USERREF USERNAME="ZPFlbalubar"/>
<USERREF USERNAME="ZPFtcabanes"/>
<USERREF USERNAME="ZPFnvergara"/>
<USERREF USERNAME="ZPFrcalorico"/>
<USERREF USERNAME="ZPFobodnar"/>
<USERREF USERNAME="ZPFcdelacruz"/>
<USERREF USERNAME="ZPFedervishaj"/>
<USERREF USERNAME="ZPFrducusin"/>
<USERREF USERNAME="ZPFckalinyak"/>
<USERREF USERNAME="ZPFmlalangan"/>
<USERREF USERNAME="ZPFdnagy"/>
<USERREF USERNAME="ZPFprojas"/>
<USERREF USERNAME="ZPFpvamos"/>
<USERREF USERNAME="ZPFaverpeleti"/>
<USERREF USERNAME="ZPFmandone"/>
<USERREF USERNAME="ZPFabalogh"/>
<USERREF USERNAME="ZPFcmolom"/>
<USERREF USERNAME="ZPFnkovacs"/>
<USERREF USERNAME="ZPFgkrucso"/>
<USERREF USERNAME="ZPFepenzes"/>
<USERREF USERNAME="ZPFsaguilar"/>
<USERREF USERNAME="ZPFkcco"/>
<USERREF USERNAME="ZPFlcseke"/>
<USERREF USERNAME="ZPFkcsobalyka"/>
<USERREF USERNAME="ZPFsdasilva"/>
<USERREF USERNAME="ZPFddiomede"/>
<USERREF USERNAME="ZPFoely"/>
<USERREF USERNAME="ZPFtfabian"/>
<USERREF USERNAME="ZPFfillesy"/>
<USERREF USERNAME="ZPFjistenes"/>
<USERREF USERNAME="ZPFijohl"/>
<USERREF USERNAME="ZPFmkhella"/>
<USERREF USERNAME="ZPFskholti"/>
<USERREF USERNAME="ZPFekosa"/>
<USERREF USERNAME="ZPFkkovacs"/>
<USERREF USERNAME="ZPFklim"/>
<USERREF USERNAME="ZPFlmate"/>
<USERREF USERNAME="ZPFcmercado"/>
<USERREF USERNAME="ZPFapervaiz"/>
<USERREF USERNAME="ZPFkpinter"/>
<USERREF USERNAME="ZPFnqi"/>
<USERREF USERNAME="ZPFnreis"/>
<USERREF USERNAME="ZPFasomogyi"/>
<USERREF USERNAME="ZPFrsulit"/>
<USERREF USERNAME="ZPFstayco"/>
<USERREF USERNAME="ZPFaterjek"/>
<USERREF USERNAME="ZPFmtoth"/>
<USERREF USERNAME="ZPFaktoth"/>
<USERREF USERNAME="ZPFpvallar"/>
<USERREF USERNAME="ZPFgyvarga"/>
<USERREF USERNAME="ZPFfvarga"/>
<USERREF USERNAME="ZPFawarsama"/>
<USERREF USERNAME="ZPFvzdirko"/>
</SITEGROUP>
<SITEGROUP SITENAME="(203) RoMed Klinikum Rosenheim">
<USERREF USERNAME="sbudweiser"/>
<USERREF USERNAME="c084485"/>
<USERREF USERNAME="i4tmcjvdn_RE"/>
<USERREF USERNAME="coder_query"/>
<USERREF USERNAME="odm_user"/>
<USERREF USERNAME="CKing"/>
<USERREF USERNAME="SKlein"/>
<USERREF USERNAME="xg10776"/>
<USERREF USERNAME="c228724"/>
<USERREF USERNAME="c227049"/>
<USERREF USERNAME="c231503"/>
<USERREF USERNAME="c182729"/>
<USERREF USERNAME="c239399"/>
<USERREF USERNAME="c233033"/>
<USERREF USERNAME="c224269"/>
<USERREF USERNAME="z2x2291"/>
<USERREF USERNAME="c240924"/>
<USERREF USERNAME="c173517"/>
<USERREF USERNAME="z2x1565"/>
<USERREF USERNAME="c223848"/>
<USERREF USERNAME="rm98867"/>
<USERREF USERNAME="c145710"/>
<USERREF USERNAME="jbanjai"/>
<USERREF USERNAME="ZPFlbalubar"/>
<USERREF USERNAME="ZPFtcabanes"/>
<USERREF USERNAME="ZPFnvergara"/>
<USERREF USERNAME="ZPFrcalorico"/>
<USERREF USERNAME="ZPFobodnar"/>
<USERREF USERNAME="ZPFcdelacruz"/>
<USERREF USERNAME="ZPFedervishaj"/>
<USERREF USERNAME="ZPFrducusin"/>
<USERREF USERNAME="ZPFckalinyak"/>
<USERREF USERNAME="ZPFmlalangan"/>
<USERREF USERNAME="ZPFdnagy"/>
<USERREF USERNAME="ZPFprojas"/>
<USERREF USERNAME="ZPFpvamos"/>
<USERREF USERNAME="ZPFaverpeleti"/>
<USERREF USERNAME="ZPFmandone"/>
<USERREF USERNAME="ZPFabalogh"/>
<USERREF USERNAME="ZPFcmolom"/>
<USERREF USERNAME="ZPFnkovacs"/>
<USERREF USERNAME="ZPFgkrucso"/>
<USERREF USERNAME="ZPFepenzes"/>
<USERREF USERNAME="ZPFsaguilar"/>
<USERREF USERNAME="ZPFkcco"/>
<USERREF USERNAME="ZPFlcseke"/>
<USERREF USERNAME="ZPFkcsobalyka"/>
<USERREF USERNAME="ZPFsdasilva"/>
<USERREF USERNAME="ZPFddiomede"/>
<USERREF USERNAME="ZPFoely"/>
<USERREF USERNAME="ZPFtfabian"/>
<USERREF USERNAME="ZPFfillesy"/>
<USERREF USERNAME="ZPFjistenes"/>
<USERREF USERNAME="ZPFijohl"/>
<USERREF USERNAME="ZPFmkhella"/>
<USERREF USERNAME="ZPFskholti"/>
<USERREF USERNAME="ZPFekosa"/>
<USERREF USERNAME="ZPFkkovacs"/>
<USERREF USERNAME="ZPFklim"/>
<USERREF USERNAME="ZPFlmate"/>
<USERREF USERNAME="ZPFcmercado"/>
<USERREF USERNAME="ZPFapervaiz"/>
<USERREF USERNAME="ZPFkpinter"/>
<USERREF USERNAME="ZPFnqi"/>
<USERREF USERNAME="ZPFnreis"/>
<USERREF USERNAME="ZPFasomogyi"/>
<USERREF USERNAME="ZPFrsulit"/>
<USERREF USERNAME="ZPFstayco"/>
<USERREF USERNAME="ZPFaterjek"/>
<USERREF USERNAME="ZPFmtoth"/>
<USERREF USERNAME="ZPFaktoth"/>
<USERREF USERNAME="ZPFpvallar"/>
<USERREF USERNAME="ZPFgyvarga"/>
<USERREF USERNAME="ZPFfvarga"/>
<USERREF USERNAME="ZPFawarsama"/>
<USERREF USERNAME="ZPFvzdirko"/>
</SITEGROUP>
<SITEGROUP SITENAME="(202) Universitaetsklinikum Erlangen Medizinische Klinik I">
<USERREF USERNAME="ffuchs"/>
<USERREF USERNAME="c084485"/>
<USERREF USERNAME="i4tmcjvdn_RE"/>
<USERREF USERNAME="coder_query"/>
<USERREF USERNAME="odm_user"/>
<USERREF USERNAME="CKing"/>
<USERREF USERNAME="SKlein"/>
<USERREF USERNAME="xg10776"/>
<USERREF USERNAME="c228724"/>
<USERREF USERNAME="c227049"/>
<USERREF USERNAME="c231503"/>
<USERREF USERNAME="c182729"/>
<USERREF USERNAME="c239399"/>
<USERREF USERNAME="c233033"/>
<USERREF USERNAME="c224269"/>
<USERREF USERNAME="z2x2291"/>
<USERREF USERNAME="c240924"/>
<USERREF USERNAME="c173517"/>
<USERREF USERNAME="z2x1565"/>
<USERREF USERNAME="c223848"/>
<USERREF USERNAME="rm98867"/>
<USERREF USERNAME="c145710"/>
<USERREF USERNAME="uweber"/>
<USERREF USERNAME="ZPFlbalubar"/>
<USERREF USERNAME="ZPFtcabanes"/>
<USERREF USERNAME="ZPFnvergara"/>
<USERREF USERNAME="ZPFrcalorico"/>
<USERREF USERNAME="ZPFobodnar"/>
<USERREF USERNAME="ZPFcdelacruz"/>
<USERREF USERNAME="ZPFedervishaj"/>
<USERREF USERNAME="ZPFrducusin"/>
<USERREF USERNAME="ZPFckalinyak"/>
<USERREF USERNAME="ZPFmlalangan"/>
<USERREF USERNAME="ZPFdnagy"/>
<USERREF USERNAME="ZPFprojas"/>
<USERREF USERNAME="ZPFpvamos"/>
<USERREF USERNAME="ZPFaverpeleti"/>
<USERREF USERNAME="ZPFmandone"/>
<USERREF USERNAME="ZPFabalogh"/>
<USERREF USERNAME="ZPFcmolom"/>
<USERREF USERNAME="ZPFnkovacs"/>
<USERREF USERNAME="ZPFgkrucso"/>
<USERREF USERNAME="ZPFepenzes"/>
<USERREF USERNAME="ZPFsaguilar"/>
<USERREF USERNAME="ZPFkcco"/>
<USERREF USERNAME="ZPFlcseke"/>
<USERREF USERNAME="ZPFkcsobalyka"/>
<USERREF USERNAME="ZPFsdasilva"/>
<USERREF USERNAME="ZPFddiomede"/>
<USERREF USERNAME="ZPFoely"/>
<USERREF USERNAME="ZPFtfabian"/>
<USERREF USERNAME="ZPFfillesy"/>
<USERREF USERNAME="ZPFjistenes"/>
<USERREF USERNAME="ZPFijohl"/>
<USERREF USERNAME="ZPFmkhella"/>
<USERREF USERNAME="ZPFskholti"/>
<USERREF USERNAME="ZPFekosa"/>
<USERREF USERNAME="ZPFkkovacs"/>
<USERREF USERNAME="ZPFklim"/>
<USERREF USERNAME="ZPFlmate"/>
<USERREF USERNAME="ZPFcmercado"/>
<USERREF USERNAME="ZPFapervaiz"/>
<USERREF USERNAME="ZPFkpinter"/>
<USERREF USERNAME="ZPFnqi"/>
<USERREF USERNAME="ZPFnreis"/>
<USERREF USERNAME="ZPFasomogyi"/>
<USERREF USERNAME="ZPFrsulit"/>
<USERREF USERNAME="ZPFstayco"/>
<USERREF USERNAME="ZPFaterjek"/>
<USERREF USERNAME="ZPFmtoth"/>
<USERREF USERNAME="ZPFaktoth"/>
<USERREF USERNAME="ZPFpvallar"/>
<USERREF USERNAME="ZPFgyvarga"/>
<USERREF USERNAME="ZPFfvarga"/>
<USERREF USERNAME="ZPFawarsama"/>
<USERREF USERNAME="ZPFvzdirko"/>
</SITEGROUP>
<SITEGROUP SITENAME="(200) Universitaetsklinikum Frankfurt Medizinische Klinik II Haematologie und Onkologie">
<USERREF USERNAME="c145710"/>
<USERREF USERNAME="c084485"/>
<USERREF USERNAME="msebastian"/>
<USERREF USERNAME="i4tmcjvdn_RE"/>
<USERREF USERNAME="coder_query"/>
<USERREF USERNAME="odm_user"/>
<USERREF USERNAME="CKing"/>
<USERREF USERNAME="SKlein"/>
<USERREF USERNAME="xg10776"/>
<USERREF USERNAME="c228724"/>
<USERREF USERNAME="c227049"/>
<USERREF USERNAME="c231503"/>
<USERREF USERNAME="c182729"/>
<USERREF USERNAME="c239411"/>
<USERREF USERNAME="c233033"/>
<USERREF USERNAME="c224269"/>
<USERREF USERNAME="z2x2291"/>
<USERREF USERNAME="c240924"/>
<USERREF USERNAME="c173517"/>
<USERREF USERNAME="z2x1565"/>
<USERREF USERNAME="c223848"/>
<USERREF USERNAME="rm98867"/>
<USERREF USERNAME="ZPFlbalubar"/>
<USERREF USERNAME="ZPFtcabanes"/>
<USERREF USERNAME="ZPFnvergara"/>
<USERREF USERNAME="ZPFrcalorico"/>
<USERREF USERNAME="ZPFobodnar"/>
<USERREF USERNAME="ZPFcdelacruz"/>
<USERREF USERNAME="ZPFedervishaj"/>
<USERREF USERNAME="ZPFrducusin"/>
<USERREF USERNAME="ZPFckalinyak"/>
<USERREF USERNAME="ZPFmlalangan"/>
<USERREF USERNAME="ZPFdnagy"/>
<USERREF USERNAME="ZPFprojas"/>
<USERREF USERNAME="ZPFpvamos"/>
<USERREF USERNAME="ZPFaverpeleti"/>
<USERREF USERNAME="ZPFmandone"/>
<USERREF USERNAME="ZPFabalogh"/>
<USERREF USERNAME="ZPFcmolom"/>
<USERREF USERNAME="ZPFnkovacs"/>
<USERREF USERNAME="ZPFgkrucso"/>
<USERREF USERNAME="ZPFepenzes"/>
<USERREF USERNAME="ZPFsaguilar"/>
<USERREF USERNAME="ZPFkcco"/>
<USERREF USERNAME="ZPFlcseke"/>
<USERREF USERNAME="ZPFkcsobalyka"/>
<USERREF USERNAME="ZPFsdasilva"/>
<USERREF USERNAME="ZPFddiomede"/>
<USERREF USERNAME="ZPFoely"/>
<USERREF USERNAME="ZPFtfabian"/>
<USERREF USERNAME="ZPFfillesy"/>
<USERREF USERNAME="ZPFjistenes"/>
<USERREF USERNAME="ZPFijohl"/>
<USERREF USERNAME="ZPFmkhella"/>
<USERREF USERNAME="ZPFskholti"/>
<USERREF USERNAME="ZPFekosa"/>
<USERREF USERNAME="ZPFkkovacs"/>
<USERREF USERNAME="ZPFklim"/>
<USERREF USERNAME="ZPFlmate"/>
<USERREF USERNAME="ZPFcmercado"/>
<USERREF USERNAME="ZPFapervaiz"/>
<USERREF USERNAME="ZPFkpinter"/>
<USERREF USERNAME="ZPFnqi"/>
<USERREF USERNAME="ZPFnreis"/>
<USERREF USERNAME="ZPFasomogyi"/>
<USERREF USERNAME="ZPFrsulit"/>
<USERREF USERNAME="ZPFstayco"/>
<USERREF USERNAME="ZPFaterjek"/>
<USERREF USERNAME="ZPFmtoth"/>
<USERREF USERNAME="ZPFaktoth"/>
<USERREF USERNAME="ZPFpvallar"/>
<USERREF USERNAME="ZPFgyvarga"/>
<USERREF USERNAME="ZPFfvarga"/>
<USERREF USERNAME="ZPFawarsama"/>
<USERREF USERNAME="ZPFvzdirko"/>
</SITEGROUP>
<SITEGROUP SITENAME="(101) University Cancer Institute">
<USERREF USERNAME="tniederman"/>
<USERREF USERNAME="portiz"/>
<USERREF USERNAME="c084485"/>
<USERREF USERNAME="c145710"/>
<USERREF USERNAME="rm98867"/>
<USERREF USERNAME="c223848"/>
<USERREF USERNAME="z2x1565"/>
<USERREF USERNAME="c173517"/>
<USERREF USERNAME="c240924"/>
<USERREF USERNAME="z2x2291"/>
<USERREF USERNAME="c233033"/>
<USERREF USERNAME="c230209"/>
<USERREF USERNAME="c182729"/>
<USERREF USERNAME="c231503"/>
<USERREF USERNAME="c227049"/>
<USERREF USERNAME="c228724"/>
<USERREF USERNAME="xg10776"/>
<USERREF USERNAME="SKlein"/>
<USERREF USERNAME="CKing"/>
<USERREF USERNAME="odm_user"/>
<USERREF USERNAME="coder_query"/>
<USERREF USERNAME="i4tmcjvdn_RE"/>
<USERREF USERNAME="ZPFlbalubar"/>
<USERREF USERNAME="ZPFtcabanes"/>
<USERREF USERNAME="ZPFnvergara"/>
<USERREF USERNAME="ZPFrcalorico"/>
<USERREF USERNAME="ZPFobodnar"/>
<USERREF USERNAME="ZPFcdelacruz"/>
<USERREF USERNAME="ZPFedervishaj"/>
<USERREF USERNAME="ZPFrducusin"/>
<USERREF USERNAME="ZPFckalinyak"/>
<USERREF USERNAME="ZPFmlalangan"/>
<USERREF USERNAME="ZPFdnagy"/>
<USERREF USERNAME="ZPFprojas"/>
<USERREF USERNAME="ZPFpvamos"/>
<USERREF USERNAME="ZPFaverpeleti"/>
<USERREF USERNAME="ZPFmandone"/>
<USERREF USERNAME="ZPFabalogh"/>
<USERREF USERNAME="ZPFcmolom"/>
<USERREF USERNAME="ZPFnkovacs"/>
<USERREF USERNAME="ZPFgkrucso"/>
<USERREF USERNAME="ZPFepenzes"/>
<USERREF USERNAME="ZPFsaguilar"/>
<USERREF USERNAME="ZPFkcco"/>
<USERREF USERNAME="ZPFlcseke"/>
<USERREF USERNAME="ZPFkcsobalyka"/>
<USERREF USERNAME="ZPFsdasilva"/>
<USERREF USERNAME="ZPFddiomede"/>
<USERREF USERNAME="ZPFoely"/>
<USERREF USERNAME="ZPFtfabian"/>
<USERREF USERNAME="ZPFfillesy"/>
<USERREF USERNAME="ZPFjistenes"/>
<USERREF USERNAME="ZPFijohl"/>
<USERREF USERNAME="ZPFmkhella"/>
<USERREF USERNAME="ZPFskholti"/>
<USERREF USERNAME="ZPFekosa"/>
<USERREF USERNAME="ZPFkkovacs"/>
<USERREF USERNAME="ZPFklim"/>
<USERREF USERNAME="ZPFlmate"/>
<USERREF USERNAME="ZPFcmercado"/>
<USERREF USERNAME="ZPFapervaiz"/>
<USERREF USERNAME="ZPFkpinter"/>
<USERREF USERNAME="ZPFnqi"/>
<USERREF USERNAME="ZPFnreis"/>
<USERREF USERNAME="ZPFasomogyi"/>
<USERREF USERNAME="ZPFrsulit"/>
<USERREF USERNAME="ZPFstayco"/>
<USERREF USERNAME="ZPFaterjek"/>
<USERREF USERNAME="ZPFmtoth"/>
<USERREF USERNAME="ZPFaktoth"/>
<USERREF USERNAME="ZPFpvallar"/>
<USERREF USERNAME="ZPFgyvarga"/>
<USERREF USERNAME="ZPFfvarga"/>
<USERREF USERNAME="ZPFawarsama"/>
<USERREF USERNAME="ZPFvzdirko"/>
</SITEGROUP>
<SITEGROUP SITENAME="(102) University Cancer and Blood Center LLC">
<USERREF USERNAME="pnikolinakos"/>
<USERREF USERNAME="c084485"/>
<USERREF USERNAME="rm98867"/>
<USERREF USERNAME="c223848"/>
<USERREF USERNAME="z2x1565"/>
<USERREF USERNAME="c173517"/>
<USERREF USERNAME="c240924"/>
<USERREF USERNAME="z2x2291"/>
<USERREF USERNAME="c233033"/>
<USERREF USERNAME="c238935"/>
<USERREF USERNAME="c182729"/>
<USERREF USERNAME="c231503"/>
<USERREF USERNAME="c227049"/>
<USERREF USERNAME="c228724"/>
<USERREF USERNAME="xg10776"/>
<USERREF USERNAME="SKlein"/>
<USERREF USERNAME="CKing"/>
<USERREF USERNAME="odm_user"/>
<USERREF USERNAME="coder_query"/>
<USERREF USERNAME="i4tmcjvdn_RE"/>
<USERREF USERNAME="ncooper"/>
<USERREF USERNAME="c145710"/>
<USERREF USERNAME="ZPFlbalubar"/>
<USERREF USERNAME="ZPFtcabanes"/>
<USERREF USERNAME="ZPFnvergara"/>
<USERREF USERNAME="ZPFrcalorico"/>
<USERREF USERNAME="ZPFobodnar"/>
<USERREF USERNAME="ZPFcdelacruz"/>
<USERREF USERNAME="ZPFedervishaj"/>
<USERREF USERNAME="ZPFrducusin"/>
<USERREF USERNAME="ZPFckalinyak"/>
<USERREF USERNAME="ZPFmlalangan"/>
<USERREF USERNAME="ZPFdnagy"/>
<USERREF USERNAME="ZPFprojas"/>
<USERREF USERNAME="ZPFpvamos"/>
<USERREF USERNAME="ZPFaverpeleti"/>
<USERREF USERNAME="ZPFmandone"/>
<USERREF USERNAME="ZPFabalogh"/>
<USERREF USERNAME="ZPFcmolom"/>
<USERREF USERNAME="ZPFnkovacs"/>
<USERREF USERNAME="ZPFgkrucso"/>
<USERREF USERNAME="ZPFepenzes"/>
<USERREF USERNAME="ZPFsaguilar"/>
<USERREF USERNAME="ZPFkcco"/>
<USERREF USERNAME="ZPFlcseke"/>
<USERREF USERNAME="ZPFkcsobalyka"/>
<USERREF USERNAME="ZPFsdasilva"/>
<USERREF USERNAME="ZPFddiomede"/>
<USERREF USERNAME="ZPFoely"/>
<USERREF USERNAME="ZPFtfabian"/>
<USERREF USERNAME="ZPFfillesy"/>
<USERREF USERNAME="ZPFjistenes"/>
<USERREF USERNAME="ZPFijohl"/>
<USERREF USERNAME="ZPFmkhella"/>
<USERREF USERNAME="ZPFskholti"/>
<USERREF USERNAME="ZPFekosa"/>
<USERREF USERNAME="ZPFkkovacs"/>
<USERREF USERNAME="ZPFklim"/>
<USERREF USERNAME="ZPFlmate"/>
<USERREF USERNAME="ZPFcmercado"/>
<USERREF USERNAME="ZPFapervaiz"/>
<USERREF USERNAME="ZPFkpinter"/>
<USERREF USERNAME="ZPFnqi"/>
<USERREF USERNAME="ZPFnreis"/>
<USERREF USERNAME="ZPFasomogyi"/>
<USERREF USERNAME="ZPFrsulit"/>
<USERREF USERNAME="ZPFstayco"/>
<USERREF USERNAME="ZPFaterjek"/>
<USERREF USERNAME="ZPFmtoth"/>
<USERREF USERNAME="ZPFaktoth"/>
<USERREF USERNAME="ZPFpvallar"/>
<USERREF USERNAME="ZPFgyvarga"/>
<USERREF USERNAME="ZPFfvarga"/>
<USERREF USERNAME="ZPFawarsama"/>
<USERREF USERNAME="ZPFvzdirko"/>
</SITEGROUP>

</MEDMLDATA>