<?xml version="1.0"?>
<MEDMLDATA xmlns="PhaseForward-MedML-Inform4">


<REPORTINGGROUP
GROUPNAME="Ad Hoc Users"
GROUPDESCRIPTION="Users who have access to Ad Hoc Reporting">
<!-- Insert Users -->
<USERREF USERNAME="z2x1565"/>
<USERREF USERNAME="c240924"/>
<USERREF USERNAME="i4tmcjvdn_RE"/>
<USERREF USERNAME="z2x2291"/>
<USERREF USERNAME="c233033"/>
<USERREF USERNAME="rm98867"/>
<USERREF USERNAME="c173517"/>
</REPORTINGGROUP>

<QUERYGROUP
GROUPNAME="CDM_CRA Query"
GROUPDESCRIPTION="">
<!-- Insert Users -->
<USERREF USERNAME="autoquery"/>
<USERREF USERNAME="c224269"/>
<USERREF USERNAME="c240924"/>
<USERREF USERNAME="z2x1565"/>
<USERREF USERNAME="rm98867"/>
<USERREF USERNAME="c173517"/>
<USERREF USERNAME="c223848"/>
<USERREF USERNAME="c241995"/>
<USERREF USERNAME="c241486"/>
<USERREF USERNAME="c238935"/>
<USERREF USERNAME="c239399"/>
<USERREF USERNAME="z2x2291"/>
<USERREF USERNAME="c233033"/>
<USERREF USERNAME="c239411"/>
<USERREF USERNAME="c230209"/>
<USERREF USERNAME="c211951"/>
<USERREF USERNAME="c242097"/>
</QUERYGROUP>

<QUERYGROUP
GROUPNAME="Coding Query Group"
GROUPDESCRIPTION="">
<!-- Insert Users -->
<USERREF USERNAME="coder_query"/>
</QUERYGROUP>

<SIGNATUREGROUP
GROUPNAME="PI Signature"
GROUPDESCRIPTION=""
CRBMEANING="Approved"

CRBTEXT="By my dated signature below, I  %s  %s, verify that all case report form pages accurately display the results of the examinations, tests, evaluations and treatments performed on this patient.&lt;BR&gt;&lt;BR&gt;Pursuant to Section 11.100 of Title 21 of the Code of Federal Regulations, this is to certify that I intend that this electronic signature is to be the legally binding equivalent of my handwritten signature. &lt;BR&gt;&lt;BR&gt;To this I do attest by supplying my user name and password and clicking the button marked &lt;B&gt;Submit&lt;/B&gt; below"
 LANGUAGE="en-US">
<!-- Insert Users -->
<USERREF USERNAME="nsegarra"/>
<USERREF USERNAME="saix"/>
<USERREF USERNAME="nreinmuth"/>
<USERREF USERNAME="ffuchs"/>
<USERREF USERNAME="sbudweiser"/>
<USERREF USERNAME="ndickgreber"/>
<USERREF USERNAME="cschumann"/>
<USERREF USERNAME="abearz"/>
<USERREF USERNAME="cbengala"/>
<USERREF USERNAME="rchiari"/>
<USERREF USERNAME="llandry"/>
<USERREF USERNAME="tniederman"/>
<USERREF USERNAME="pnikolinakos"/>
<USERREF USERNAME="fcappuzzo"/>
<USERREF USERNAME="msebastian"/>
<USERREF USERNAME="dcortinovis"/>
<USERREF USERNAME="tbueno"/>
<USERREF USERNAME="ovidal"/>
<USERREF USERNAME="plopez"/>
<USERREF USERNAME="ralvarez"/>
</SIGNATUREGROUP>

<REPORTINGGROUP
GROUPNAME="Publishers"
GROUPDESCRIPTION="Users who can create folders and other content within the Public Folder space">
<!-- Insert Users -->
<USERREF USERNAME="c233033"/>
<USERREF USERNAME="z2x2291"/>
<USERREF USERNAME="i4tmcjvdn_RE"/>
<USERREF USERNAME="c173517"/>
<USERREF USERNAME="z2x1565"/>
<USERREF USERNAME="rm98867"/>
<USERREF USERNAME="c240924"/>
</REPORTINGGROUP>

<REPORTINGGROUP
GROUPNAME="Report Administrators"
GROUPDESCRIPTION="Users who can administer authorized public content such as setting permissions on folders and reports">
<!-- Insert Users -->
<USERREF USERNAME="c233033"/>
<USERREF USERNAME="z2x2291"/>
<USERREF USERNAME="c173517"/>
<USERREF USERNAME="z2x1565"/>
<USERREF USERNAME="rm98867"/>
<USERREF USERNAME="c240924"/>
</REPORTINGGROUP>

<REPORTINGGROUP
GROUPNAME="Site Users"
GROUPDESCRIPTION="Site Users">
<!-- Insert Users -->
<USERREF USERNAME="ovidal"/>
<USERREF USERNAME="plopez"/>
<USERREF USERNAME="ralvarez"/>
<USERREF USERNAME="ablanco"/>
<USERREF USERNAME="nsegarra"/>
<USERREF USERNAME="saix"/>
<USERREF USERNAME="ngarcia"/>
<USERREF USERNAME="crodrigo"/>
<USERREF USERNAME="ssanchez"/>
<USERREF USERNAME="sflorez"/>
<USERREF USERNAME="mmartellucci"/>
<USERREF USERNAME="rmatocci"/>
<USERREF USERNAME="smalad"/>
<USERREF USERNAME="portiz"/>
<USERREF USERNAME="ncooper"/>
<USERREF USERNAME="bvertogen"/>
<USERREF USERNAME="nreinmuth"/>
<USERREF USERNAME="ffuchs"/>
<USERREF USERNAME="sbudweiser"/>
<USERREF USERNAME="ndickgreber"/>
<USERREF USERNAME="cschumann"/>
<USERREF USERNAME="abearz"/>
<USERREF USERNAME="cbengala"/>
<USERREF USERNAME="fcrippa"/>
<USERREF USERNAME="rchiari"/>
<USERREF USERNAME="llandry"/>
<USERREF USERNAME="tniederman"/>
<USERREF USERNAME="pnikolinakos"/>
<USERREF USERNAME="fcappuzzo"/>
<USERREF USERNAME="msebastian"/>
<USERREF USERNAME="snoeller"/>
<USERREF USERNAME="uweber"/>
<USERREF USERNAME="jbanjai"/>
<USERREF USERNAME="jtrzynka"/>
<USERREF USERNAME="seberl"/>
<USERREF USERNAME="eberto"/>
<USERREF USERNAME="dcortinovis"/>
<USERREF USERNAME="sborrelli"/>
<USERREF USERNAME="aarcocha"/>
<USERREF USERNAME="sabecia"/>
<USERREF USERNAME="tbueno"/>
</REPORTINGGROUP>

<REPORTINGGROUP
GROUPNAME="Sponsor Users"
GROUPDESCRIPTION="Sponsor Users">
<!-- Insert Users -->
<USERREF USERNAME="c084485"/>
<USERREF USERNAME="c241486"/>
<USERREF USERNAME="c211951"/>
<USERREF USERNAME="coder_query"/>
<USERREF USERNAME="CKing"/>
<USERREF USERNAME="SKlein"/>
<USERREF USERNAME="c228724"/>
<USERREF USERNAME="c231503"/>
<USERREF USERNAME="c230209"/>
<USERREF USERNAME="c239411"/>
<USERREF USERNAME="c233033"/>
<USERREF USERNAME="z2x2291"/>
<USERREF USERNAME="i4tmcjvdn_RE"/>
<USERREF USERNAME="xg10776"/>
<USERREF USERNAME="c227049"/>
<USERREF USERNAME="c182729"/>
<USERREF USERNAME="c239399"/>
<USERREF USERNAME="c238935"/>
<USERREF USERNAME="c224269"/>
<USERREF USERNAME="c240924"/>
<USERREF USERNAME="z2x1565"/>
<USERREF USERNAME="rm98867"/>
<USERREF USERNAME="c173517"/>
<USERREF USERNAME="c223848"/>
<USERREF USERNAME="c145710"/>
<USERREF USERNAME="c241995"/>
<USERREF USERNAME="c242097"/>
</REPORTINGGROUP>

<REPORTINGGROUP
GROUPNAME="User Admin Info Data Users"
GROUPDESCRIPTION="Users who have access to user data including password related data">
<!-- Insert Users -->
<USERREF USERNAME="i4tmcjvdn_RE"/>
<USERREF USERNAME="c241995"/>
<USERREF USERNAME="c223848"/>
<USERREF USERNAME="c242097"/>
<USERREF USERNAME="c211951"/>
<USERREF USERNAME="c230209"/>
<USERREF USERNAME="c239411"/>
<USERREF USERNAME="c233033"/>
<USERREF USERNAME="z2x2291"/>
<USERREF USERNAME="c241486"/>
<USERREF USERNAME="c239399"/>
<USERREF USERNAME="c238935"/>
<USERREF USERNAME="c224269"/>
<USERREF USERNAME="c240924"/>
<USERREF USERNAME="z2x1565"/>
<USERREF USERNAME="rm98867"/>
<USERREF USERNAME="c173517"/>
</REPORTINGGROUP>

<REPORTINGGROUP
GROUPNAME="User Info Data Users"
GROUPDESCRIPTION="Users who have access to user data except password related data">
<!-- Insert Users -->
<USERREF USERNAME="c182729"/>
<USERREF USERNAME="c231503"/>
<USERREF USERNAME="c228724"/>
</REPORTINGGROUP>

</MEDMLDATA>