<?xml version="1.0"?>
<MEDMLDATA xmlns="PhaseForward-MedML-Inform4">


<USER  USERNAME="nsegarra"
USERTYPE="SITE"
FIRSTNAME="Nuria Vinolas"
LASTNAME="Segarra"
DISPLAYNAME="Nuria Vinolas Segarra"
DESCRIPTION="--Check UMT to ensure credentials have already been sent before resetting password--"
COUNTRY="SPAIN"
PHONE="3434932275402"
ALTPHONE="34"
FAX="34"
EMAIL="nvinolas@clinic.ub.es"
ACTIVESTATE="true"
DELETESTATE="false"
UPDATE="true"
PASSWORD="p2BH7aI8opZ33249"
BEEPER="34"
USERDATEFORMAT="DAY_MONTH_YEAR"
HOMESCREENURL="./Portal/default.htm"
USERMUSTRESETPASSWORD="TRUE"
PRODUCTLOCALE="en-US"
STUDYLOCALE="en-US"/>


<USER  USERNAME="saix"
USERTYPE="SITE"
FIRSTNAME="Santiago"
LASTNAME="Ponce Aix"
DISPLAYNAME="Santiago Ponce Aix"
DESCRIPTION="--Check UMT to ensure credentials have already been sent before resetting password--"
COUNTRY="SPAIN"
PHONE="340034913908626"
ALTPHONE="34"
FAX="34"
EMAIL="sponceaix@gmail.com"
ACTIVESTATE="true"
DELETESTATE="false"
UPDATE="true"
PASSWORD="eZ56nU33vD7u9C4396"
BEEPER="34"
USERDATEFORMAT="DAY_MONTH_YEAR"
HOMESCREENURL="./Portal/default.htm"
USERMUSTRESETPASSWORD="TRUE"
PRODUCTLOCALE="en-US"
STUDYLOCALE="en-US"/>


<USER  USERNAME="ngarcia"
USERTYPE="SITE"
FIRSTNAME="Natalia"
LASTNAME="Garcia"
DISPLAYNAME="Natalia Garcia"
DESCRIPTION="--Check UMT to ensure credentials have already been sent before resetting password--"
COUNTRY="SPAIN"
PHONE="340034934978729"
ALTPHONE="34"
FAX="34"
EMAIL="ngarcia@igtp.cat"
ACTIVESTATE="true"
DELETESTATE="false"
UPDATE="true"
PASSWORD="qM57t54LiT4iX0754"
BEEPER="34"
USERDATEFORMAT="DAY_MONTH_YEAR"
HOMESCREENURL="./Portal/default.htm"
USERMUSTRESETPASSWORD="TRUE"
PRODUCTLOCALE="en-US"
STUDYLOCALE="en-US"/>


<USER  USERNAME="crodrigo"
USERTYPE="SITE"
FIRSTNAME="Carmina"
LASTNAME="Rodrigo"
DISPLAYNAME="Carmina Rodrigo"
DESCRIPTION="--Check UMT to ensure credentials have already been sent before resetting password--"
COUNTRY="SPAIN"
PHONE="34961244188"
ALTPHONE="34"
FAX="34"
EMAIL="rodrigocarmina@gmail.com"
ACTIVESTATE="true"
DELETESTATE="false"
UPDATE="true"
PASSWORD="e0Al8Tp1KqB4705"
BEEPER="34"
USERDATEFORMAT="DAY_MONTH_YEAR"
HOMESCREENURL="./Portal/default.htm"
USERMUSTRESETPASSWORD="TRUE"
PRODUCTLOCALE="en-US"
STUDYLOCALE="en-US"/>


<USER  USERNAME="ssanchez"
USERTYPE="SITE"
FIRSTNAME="Sara"
LASTNAME="Lavin Sanchez"
DISPLAYNAME="Sara Lavin Sanchez"
DESCRIPTION="--Check UMT to ensure credentials have already been sent before resetting password--"
COUNTRY="SPAIN"
PHONE="3434913368263"
ALTPHONE="34"
FAX="34"
EMAIL="sara.lavin@salud.madrid.org"
ACTIVESTATE="true"
DELETESTATE="false"
UPDATE="true"
PASSWORD="o84EsX2zW4U9w8456"
BEEPER="34"
USERDATEFORMAT="DAY_MONTH_YEAR"
HOMESCREENURL="./Portal/default.htm"
USERMUSTRESETPASSWORD="TRUE"
PRODUCTLOCALE="en-US"
STUDYLOCALE="en-US"/>


<USER  USERNAME="sflorez"
USERTYPE="SITE"
FIRSTNAME="Sandra"
LASTNAME="Florez"
DISPLAYNAME="Sandra Florez"
DESCRIPTION="--Check UMT to ensure credentials have already been sent before resetting password--"
COUNTRY="SPAIN"
PHONE="3434914269393"
ALTPHONE="34"
FAX="34"
EMAIL="sandraflorez.hgugm@hotmail.com"
ACTIVESTATE="true"
DELETESTATE="false"
UPDATE="true"
PASSWORD="kC33lZ48e5WbV821223"
BEEPER="34"
USERDATEFORMAT="DAY_MONTH_YEAR"
HOMESCREENURL="./Portal/default.htm"
USERMUSTRESETPASSWORD="TRUE"
PRODUCTLOCALE="en-US"
STUDYLOCALE="en-US"/>


<USER  USERNAME="c084485"
USERTYPE="SPONSOR"
FIRSTNAME="Pablo"
LASTNAME="Lee"
DISPLAYNAME="Pablo Lee"
DESCRIPTION="--Check UMT to ensure credentials have already been sent before resetting password--"
COUNTRY="UNITED STATES"
PHONE="19082536635"
ALTPHONE="1"
FAX="1"
EMAIL="pablo.lee@lilly.com"
ACTIVESTATE="true"
DELETESTATE="false"
UPDATE="true"
PASSWORD="p57PxU2xM8uM114714"
BEEPER="1"
USERDATEFORMAT="DAY_MONTH_YEAR"
HOMESCREENURL="./Portal/default.htm"
USERMUSTRESETPASSWORD="TRUE"
PRODUCTLOCALE="en-US"
STUDYLOCALE="en-US"/>


<USER  USERNAME="c242097"
USERTYPE="SPONSOR"
FIRSTNAME="Lucia"
LASTNAME="Gutierrez"
DISPLAYNAME="Lucia Gutierrez"
DESCRIPTION="--Check UMT to ensure credentials have already been sent before resetting password--"
COUNTRY="SPAIN"
PHONE="3434629038953"
ALTPHONE="34"
FAX="34"
EMAIL="Lucia.Gutierrez1@quintiles.com"
ACTIVESTATE="true"
DELETESTATE="false"
UPDATE="true"
PASSWORD="T4nkN87lY3C6n183"
BEEPER="34"
USERDATEFORMAT="DAY_MONTH_YEAR"
HOMESCREENURL="./Portal/default.htm"
USERMUSTRESETPASSWORD="TRUE"
PRODUCTLOCALE="en-US"
STUDYLOCALE="en-US"/>


<USER  USERNAME="c211951"
USERTYPE="SPONSOR"
FIRSTNAME="Paola"
LASTNAME="Rizzo"
DISPLAYNAME="Paola Rizzo"
DESCRIPTION="--Check UMT to ensure credentials have already been sent before resetting password--"
COUNTRY="ITALY"
PHONE="39393402235260"
ALTPHONE="39"
FAX="39"
EMAIL="Paola.Rizzo@quintiles.com"
ACTIVESTATE="true"
DELETESTATE="false"
UPDATE="true"
PASSWORD="g10DdP6e20Ir8H9613"
BEEPER="39"
USERDATEFORMAT="DAY_MONTH_YEAR"
HOMESCREENURL="./Portal/default.htm"
USERMUSTRESETPASSWORD="TRUE"
PRODUCTLOCALE="en-US"
STUDYLOCALE="en-US"/>


<USER  USERNAME="mmartellucci"
USERTYPE="SITE"
FIRSTNAME="Maria Giulia"
LASTNAME="Martellucci"
DISPLAYNAME="Maria Giulia Martellucci"
DESCRIPTION="--Check UMT to ensure credentials have already been sent before resetting password--"
COUNTRY="ITALY"
PHONE="39564483898"
ALTPHONE="39"
FAX="39"
EMAIL="cesm@usl9.toscana.it"
ACTIVESTATE="true"
DELETESTATE="false"
UPDATE="true"
PASSWORD="rN78o5Yc1Ac44G3767"
BEEPER="39"
USERDATEFORMAT="DAY_MONTH_YEAR"
HOMESCREENURL="./Portal/default.htm"
USERMUSTRESETPASSWORD="TRUE"
PRODUCTLOCALE="en-US"
STUDYLOCALE="en-US"/>


<USER  USERNAME="rmatocci"
USERTYPE="SITE"
FIRSTNAME="Roberta"
LASTNAME="Matocci"
DISPLAYNAME="Roberta Matocci"
DESCRIPTION="--Check UMT to ensure credentials have already been sent before resetting password--"
COUNTRY="ITALY"
PHONE="390755784099"
ALTPHONE="39"
FAX="39"
EMAIL="roberta.matocci@gmail.com"
ACTIVESTATE="true"
DELETESTATE="false"
UPDATE="true"
PASSWORD="nX70mB0rN36xY53619"
BEEPER="39"
USERDATEFORMAT="DAY_MONTH_YEAR"
HOMESCREENURL="./Portal/default.htm"
USERMUSTRESETPASSWORD="TRUE"
PRODUCTLOCALE="en-US"
STUDYLOCALE="en-US"/>


<USER  USERNAME="smalad"
USERTYPE="SITE"
FIRSTNAME="Salman"
LASTNAME="Malad"
DISPLAYNAME="Salman Malad"
DESCRIPTION="--Check UMT to ensure credentials have already been sent before resetting password--"
COUNTRY="UNITED STATES"
PHONE="13372898400"
ALTPHONE="1"
FAX="1"
EMAIL="smalad@lgh.org"
ACTIVESTATE="true"
DELETESTATE="false"
UPDATE="true"
PASSWORD="eW3C2zx15VoW38888"
BEEPER="1"
USERDATEFORMAT="DAY_MONTH_YEAR"
HOMESCREENURL="./Portal/default.htm"
USERMUSTRESETPASSWORD="TRUE"
PRODUCTLOCALE="en-US"
STUDYLOCALE="en-US"/>


<USER  USERNAME="portiz"
USERTYPE="SITE"
FIRSTNAME="Paula"
LASTNAME="Ortiz"
DISPLAYNAME="Paula Ortiz"
DESCRIPTION="--Check UMT to ensure credentials have already been sent before resetting password--"
COUNTRY="UNITED STATES"
PHONE="15617376556"
ALTPHONE="1"
FAX="1"
EMAIL="portiz@universitycancerinstitute.com"
ACTIVESTATE="true"
DELETESTATE="false"
UPDATE="true"
PASSWORD="gH78m4Uw5NF6p8430"
BEEPER="1"
USERDATEFORMAT="DAY_MONTH_YEAR"
HOMESCREENURL="./Portal/default.htm"
USERMUSTRESETPASSWORD="TRUE"
PRODUCTLOCALE="en-US"
STUDYLOCALE="en-US"/>


<USER  USERNAME="ncooper"
USERTYPE="SITE"
FIRSTNAME="Nikki"
LASTNAME="Cooper"
DISPLAYNAME="Nikki Cooper"
DESCRIPTION="--Check UMT to ensure credentials have already been sent before resetting password--"
COUNTRY="UNITED STATES"
PHONE="17063532990"
ALTPHONE="1"
FAX="1"
EMAIL="ncooper@universitycancer.com"
ACTIVESTATE="true"
DELETESTATE="false"
UPDATE="true"
PASSWORD="W8xiF46aF6lF265148"
BEEPER="1"
USERDATEFORMAT="DAY_MONTH_YEAR"
HOMESCREENURL="./Portal/default.htm"
USERMUSTRESETPASSWORD="TRUE"
PRODUCTLOCALE="en-US"
STUDYLOCALE="en-US"/>


<USER  USERNAME="bvertogen"
USERTYPE="SITE"
FIRSTNAME="Bernadette"
LASTNAME="Vertogen"
DISPLAYNAME="Bernadette Vertogen"
DESCRIPTION="--Check UMT to ensure credentials have already been sent before resetting password--"
COUNTRY="ITALY"
PHONE="39544286223"
ALTPHONE="39"
FAX="39"
EMAIL="bernadette.vertogen@irst.emr.it"
ACTIVESTATE="true"
DELETESTATE="false"
UPDATE="true"
PASSWORD="zR8oJ25rM6e5U9666"
BEEPER="39"
USERDATEFORMAT="DAY_MONTH_YEAR"
HOMESCREENURL="./Portal/default.htm"
USERMUSTRESETPASSWORD="TRUE"
PRODUCTLOCALE="en-US"
STUDYLOCALE="en-US"/>


<USER  USERNAME="nreinmuth"
USERTYPE="SITE"
FIRSTNAME="Niels"
LASTNAME="Reinmuth"
DISPLAYNAME="Niels Reinmuth"
DESCRIPTION="--Check UMT to ensure credentials have already been sent before resetting password--"
COUNTRY="GERMANY"
PHONE="494989857914111"
ALTPHONE="49"
FAX="49"
EMAIL="n.reinmuth@asklepios.com"
ACTIVESTATE="true"
DELETESTATE="false"
UPDATE="true"
PASSWORD="w5SpI90l90Zo43K7000"
BEEPER="49"
USERDATEFORMAT="DAY_MONTH_YEAR"
HOMESCREENURL="./Portal/default.htm"
USERMUSTRESETPASSWORD="TRUE"
PRODUCTLOCALE="en-US"
STUDYLOCALE="en-US"/>


<USER  USERNAME="ffuchs"
USERTYPE="SITE"
FIRSTNAME="Florian"
LASTNAME="Fuchs"
DISPLAYNAME="Florian Fuchs"
DESCRIPTION="--Check UMT to ensure credentials have already been sent before resetting password--"
COUNTRY="GERMANY"
PHONE="49004991318535245"
ALTPHONE="49"
FAX="49"
EMAIL="florian.fuchs@uk-erlangen.de"
ACTIVESTATE="true"
DELETESTATE="false"
UPDATE="true"
PASSWORD="x6WcB76dB9lW744951"
BEEPER="49"
USERDATEFORMAT="DAY_MONTH_YEAR"
HOMESCREENURL="./Portal/default.htm"
USERMUSTRESETPASSWORD="TRUE"
PRODUCTLOCALE="en-US"
STUDYLOCALE="en-US"/>


<USER  USERNAME="sbudweiser"
USERTYPE="SITE"
FIRSTNAME="Stephan"
LASTNAME="Budweiser"
DISPLAYNAME="Stephan Budweiser"
DESCRIPTION="--Check UMT to ensure credentials have already been sent before resetting password--"
COUNTRY="GERMANY"
PHONE="49004980313657101"
ALTPHONE="49"
FAX="49"
EMAIL="stephan.budweiser@ro-med.de"
ACTIVESTATE="true"
DELETESTATE="false"
UPDATE="true"
PASSWORD="oD81pB1iD10cU79777"
BEEPER="49"
USERDATEFORMAT="DAY_MONTH_YEAR"
HOMESCREENURL="./Portal/default.htm"
USERMUSTRESETPASSWORD="TRUE"
PRODUCTLOCALE="en-US"
STUDYLOCALE="en-US"/>


<USER  USERNAME="ndickgreber"
USERTYPE="SITE"
FIRSTNAME="Nicolas"
LASTNAME="Dickgreber"
DISPLAYNAME="Nicolas Dickgreber"
DESCRIPTION="--Check UMT to ensure credentials have already been sent before resetting password--"
COUNTRY="GERMANY"
PHONE="4900495971422701"
ALTPHONE="49"
FAX="49"
EMAIL="n.dickgreber@mathias-spital.de"
ACTIVESTATE="true"
DELETESTATE="false"
UPDATE="true"
PASSWORD="yS37p9UtU0y59H9826"
BEEPER="49"
USERDATEFORMAT="DAY_MONTH_YEAR"
HOMESCREENURL="./Portal/default.htm"
USERMUSTRESETPASSWORD="TRUE"
PRODUCTLOCALE="en-US"
STUDYLOCALE="en-US"/>


<USER  USERNAME="cschumann"
USERTYPE="SITE"
FIRSTNAME="Christian"
LASTNAME="Schumann"
DISPLAYNAME="Christian Schumann"
DESCRIPTION="--Check UMT to ensure credentials have already been sent before resetting password--"
COUNTRY="GERMANY"
PHONE="49004983239108171"
ALTPHONE="49"
FAX="49"
EMAIL="christian.schumann@kv-keoa.de"
ACTIVESTATE="true"
DELETESTATE="false"
UPDATE="true"
PASSWORD="sU7U0ct39GkY66852"
BEEPER="49"
USERDATEFORMAT="DAY_MONTH_YEAR"
HOMESCREENURL="./Portal/default.htm"
USERMUSTRESETPASSWORD="TRUE"
PRODUCTLOCALE="en-US"
STUDYLOCALE="en-US"/>


<USER  USERNAME="abearz"
USERTYPE="SITE"
FIRSTNAME="Alessandra"
LASTNAME="Bearz"
DISPLAYNAME="Alessandra Bearz"
DESCRIPTION="--Check UMT to ensure credentials have already been sent before resetting password--"
COUNTRY="ITALY"
PHONE="390434659294"
ALTPHONE="39"
FAX="39"
EMAIL="abearz@cro.it"
ACTIVESTATE="true"
DELETESTATE="false"
UPDATE="true"
PASSWORD="H8kuS43aE81o23G2396"
BEEPER="39"
USERDATEFORMAT="DAY_MONTH_YEAR"
HOMESCREENURL="./Portal/default.htm"
USERMUSTRESETPASSWORD="TRUE"
PRODUCTLOCALE="en-US"
STUDYLOCALE="en-US"/>


<USER  USERNAME="cbengala"
USERTYPE="SITE"
FIRSTNAME="Carmelo"
LASTNAME="Bengala"
DISPLAYNAME="Carmelo Bengala"
DESCRIPTION="--Check UMT to ensure credentials have already been sent before resetting password--"
COUNTRY="ITALY"
PHONE="390564485286"
ALTPHONE="39"
FAX="39"
EMAIL="carmelo.bengala@uslsudest.toscana.it"
ACTIVESTATE="true"
DELETESTATE="false"
UPDATE="true"
PASSWORD="o34XZ1cM8suB196298"
BEEPER="39"
USERDATEFORMAT="DAY_MONTH_YEAR"
HOMESCREENURL="./Portal/default.htm"
USERMUSTRESETPASSWORD="TRUE"
PRODUCTLOCALE="en-US"
STUDYLOCALE="en-US"/>


<USER  USERNAME="fcrippa"
USERTYPE="SITE"
FIRSTNAME="Francesca"
LASTNAME="Crippa"
DISPLAYNAME="Francesca Crippa"
DESCRIPTION="--Check UMT to ensure credentials have already been sent before resetting password--"
COUNTRY="ITALY"
PHONE="390392333683"
ALTPHONE="39"
FAX="39"
EMAIL="francesca.crippa@asst-monza.it"
ACTIVESTATE="true"
DELETESTATE="false"
UPDATE="true"
PASSWORD="yW0yQ2kZ2pU441569"
BEEPER="39"
USERDATEFORMAT="DAY_MONTH_YEAR"
HOMESCREENURL="./Portal/default.htm"
USERMUSTRESETPASSWORD="TRUE"
PRODUCTLOCALE="en-US"
STUDYLOCALE="en-US"/>


<USER  USERNAME="coder_query"
USERTYPE="SPONSOR"
FIRSTNAME="Coder"
LASTNAME="Query"
DISPLAYNAME="Coder Query"
DESCRIPTION="--Check UMT to ensure credentials have already been sent before resetting password--"
COUNTRY="UNITED STATES"
PHONE="11"
ALTPHONE="1"
FAX="1"
EMAIL="talley_dorothea_d@lilly.com"
ACTIVESTATE="true"
DELETESTATE="false"
UPDATE="true"
PASSWORD="wY3K7ihQ74jG694527"
BEEPER="1"
USERDATEFORMAT="DAY_MONTH_YEAR"
HOMESCREENURL="./Portal/default.htm"
USERMUSTRESETPASSWORD="TRUE"
PRODUCTLOCALE="en-US"
STUDYLOCALE="en-US"/>


<USER  USERNAME="CKing"
USERTYPE="SPONSOR"
FIRSTNAME="Christina"
LASTNAME="King"
DISPLAYNAME="Christina King"
DESCRIPTION="--Check UMT to ensure credentials have already been sent before resetting password--"
COUNTRY="UNITED STATES"
PHONE="11"
ALTPHONE="1"
FAX="1"
EMAIL="king_christina@lilly.com"
ACTIVESTATE="true"
DELETESTATE="false"
UPDATE="true"
PASSWORD="z1RcK75iC1iN13121"
BEEPER="1"
USERDATEFORMAT="DAY_MONTH_YEAR"
HOMESCREENURL="./Portal/default.htm"
USERMUSTRESETPASSWORD="TRUE"
PRODUCTLOCALE="en-US"
STUDYLOCALE="en-US"/>


<USER  USERNAME="SKlein"
USERTYPE="SPONSOR"
FIRSTNAME="Sharon"
LASTNAME="Klein"
DISPLAYNAME="Sharon Klein"
DESCRIPTION="--Check UMT to ensure credentials have already been sent before resetting password--"
COUNTRY="UNITED STATES"
PHONE="11"
ALTPHONE="1"
FAX="1"
EMAIL="klein_sharon_m@lilly.com"
ACTIVESTATE="true"
DELETESTATE="false"
UPDATE="true"
PASSWORD="mQ66P5cdE31fL17947"
BEEPER="1"
USERDATEFORMAT="DAY_MONTH_YEAR"
HOMESCREENURL="./Portal/default.htm"
USERMUSTRESETPASSWORD="TRUE"
PRODUCTLOCALE="en-US"
STUDYLOCALE="en-US"/>


<USER  USERNAME="c228724"
USERTYPE="SPONSOR"
FIRSTNAME="Mary"
LASTNAME="Laccona"
DISPLAYNAME="Mary Laccona"
DESCRIPTION="--Check UMT to ensure credentials have already been sent before resetting password--"
COUNTRY="UNITED STATES"
PHONE="16043565279"
ALTPHONE="1"
FAX="1"
EMAIL="laccona_mary@lilly.com"
ACTIVESTATE="true"
DELETESTATE="false"
UPDATE="true"
PASSWORD="Q0mwH31t34XF1j9527"
BEEPER="1"
USERDATEFORMAT="DAY_MONTH_YEAR"
HOMESCREENURL="./Portal/default.htm"
USERMUSTRESETPASSWORD="TRUE"
PRODUCTLOCALE="en-US"
STUDYLOCALE="en-US"/>


<USER  USERNAME="c231503"
USERTYPE="SPONSOR"
FIRSTNAME="Shelley"
LASTNAME="Angne"
DISPLAYNAME="Shelley Angne"
DESCRIPTION="--Check UMT to ensure credentials have already been sent before resetting password--"
COUNTRY="UNITED STATES"
PHONE="15138019823"
ALTPHONE="1"
FAX="1"
EMAIL="shelley.angne@quintiles.com"
ACTIVESTATE="true"
DELETESTATE="false"
UPDATE="true"
PASSWORD="f60MnB5pS7hV22727"
BEEPER="1"
USERDATEFORMAT="DAY_MONTH_YEAR"
HOMESCREENURL="./Portal/default.htm"
USERMUSTRESETPASSWORD="TRUE"
PRODUCTLOCALE="en-US"
STUDYLOCALE="en-US"/>


<USER  USERNAME="c230209"
USERTYPE="SPONSOR"
FIRSTNAME="Dale"
LASTNAME="Strong"
DISPLAYNAME="Dale Strong"
DESCRIPTION="--Check UMT to ensure credentials have already been sent before resetting password--"
COUNTRY="UNITED STATES"
PHONE="15617579236"
ALTPHONE="1"
FAX="1"
EMAIL="Dale.Strong@quintiles.com"
ACTIVESTATE="true"
DELETESTATE="false"
UPDATE="true"
PASSWORD="a69VyT7S3wcS07343"
BEEPER="1"
USERDATEFORMAT="DAY_MONTH_YEAR"
HOMESCREENURL="./Portal/default.htm"
USERMUSTRESETPASSWORD="TRUE"
PRODUCTLOCALE="en-US"
STUDYLOCALE="en-US"/>


<USER  USERNAME="c239411"
USERTYPE="SPONSOR"
FIRSTNAME="Martin"
LASTNAME="Seybold"
DISPLAYNAME="Martin Seybold"
DESCRIPTION="--Check UMT to ensure credentials have already been sent before resetting password--"
COUNTRY="GERMANY"
PHONE="49491605823022"
ALTPHONE="49"
FAX="49"
EMAIL="Martin.Seybold@quintiles.com"
ACTIVESTATE="true"
DELETESTATE="false"
UPDATE="true"
PASSWORD="e83DgA8F6phD15592"
BEEPER="49"
USERDATEFORMAT="DAY_MONTH_YEAR"
HOMESCREENURL="./Portal/default.htm"
USERMUSTRESETPASSWORD="TRUE"
PRODUCTLOCALE="en-US"
STUDYLOCALE="en-US"/>


<USER  USERNAME="c233033"
USERTYPE="SPONSOR"
FIRSTNAME="Sara"
LASTNAME="Sukenik"
DISPLAYNAME="Sara Sukenik"
DESCRIPTION="--Check UMT to ensure credentials have already been sent before resetting password--"
COUNTRY="UNITED STATES"
PHONE="19082433163"
ALTPHONE="1"
FAX="1"
EMAIL="sukenik_sara@lilly.com"
ACTIVESTATE="true"
DELETESTATE="false"
UPDATE="true"
PASSWORD="p31NlS61iC13a9X5382"
BEEPER="1"
USERDATEFORMAT="DAY_MONTH_YEAR"
HOMESCREENURL="./Portal/default.htm"
USERMUSTRESETPASSWORD="TRUE"
PRODUCTLOCALE="en-US"
STUDYLOCALE="en-US"/>


<USER  USERNAME="z2x2291"
USERTYPE="SPONSOR"
FIRSTNAME="Joseph"
LASTNAME="Matassini"
DISPLAYNAME="Joseph Matassini"
DESCRIPTION="--Check UMT to ensure credentials have already been sent before resetting password--"
COUNTRY="CANADA"
PHONE="17052941536"
ALTPHONE="1"
FAX="1"
EMAIL="joseph.matassini@inventivhealth.com"
ACTIVESTATE="true"
DELETESTATE="false"
UPDATE="true"
PASSWORD="qD49cV31T3bqG403939"
BEEPER="1"
USERDATEFORMAT="DAY_MONTH_YEAR"
HOMESCREENURL="./Portal/default.htm"
USERMUSTRESETPASSWORD="TRUE"
PRODUCTLOCALE="en-US"
STUDYLOCALE="en-US"/>


<USER  USERNAME="i4tmcjvdn_RE"
USERTYPE="SPONSOR"
FIRSTNAME="Report"
LASTNAME="Extractor"
DISPLAYNAME="Report Extractor"
DESCRIPTION="--Check UMT to ensure credentials have already been sent before resetting password--"
COUNTRY="UNITED STATES"
PHONE="11"
ALTPHONE="1"
FAX="1"
EMAIL="satish.bantanahal@oracle.com"
ACTIVESTATE="true"
DELETESTATE="false"
UPDATE="true"
PASSWORD="dU63rK78z5To3Q6600"
BEEPER="1"
USERDATEFORMAT="DAY_MONTH_YEAR"
HOMESCREENURL="./Portal/default.htm"
USERMUSTRESETPASSWORD="TRUE"
PRODUCTLOCALE="en-US"
STUDYLOCALE="en-US"/>


<USER  USERNAME="odm_user"
USERTYPE="SPONSOR"
FIRSTNAME="ODM"
LASTNAME="USER"
DISPLAYNAME="odm user"
DESCRIPTION="--Check UMT to ensure credentials have already been sent before resetting password--"
COUNTRY="UNITED STATES"
PHONE="11"
ALTPHONE="1"
FAX="1"
EMAIL="robbins_cliff@lilly.com"
ACTIVESTATE="true"
DELETESTATE="false"
UPDATE="true"
PASSWORD="J3dpJ33mO46j7W1589"
BEEPER="1"
USERDATEFORMAT="DAY_MONTH_YEAR"
HOMESCREENURL="./Portal/default.htm"
USERMUSTRESETPASSWORD="TRUE"
PRODUCTLOCALE="en-US"
STUDYLOCALE="en-US"/>


<USER  USERNAME="xg10776"
USERTYPE="SPONSOR"
FIRSTNAME="Jan"
LASTNAME="Grupp"
DISPLAYNAME="Jan Grupp"
DESCRIPTION="--Check UMT to ensure credentials have already been sent before resetting password--"
COUNTRY="GERMANY"
PHONE="494961722732601"
ALTPHONE="49"
FAX="49"
EMAIL="grupp_jan@lilly.com"
ACTIVESTATE="true"
DELETESTATE="false"
UPDATE="true"
PASSWORD="E4xi39UtQ8X5t5281"
BEEPER="49"
USERDATEFORMAT="DAY_MONTH_YEAR"
HOMESCREENURL="./Portal/default.htm"
USERMUSTRESETPASSWORD="TRUE"
PRODUCTLOCALE="en-US"
STUDYLOCALE="en-US"/>


<USER  USERNAME="c227049"
USERTYPE="SPONSOR"
FIRSTNAME="Whitney"
LASTNAME="Stilwell"
DISPLAYNAME="Whitney Stilwell"
DESCRIPTION="--Check UMT to ensure credentials have already been sent before resetting password--"
COUNTRY="UNITED STATES"
PHONE="19193884012"
ALTPHONE="1"
FAX="1"
EMAIL="whitney.stilwell@inventivhealth.com"
ACTIVESTATE="true"
DELETESTATE="false"
UPDATE="true"
PASSWORD="wB3yE0p0MyF938379"
BEEPER="1"
USERDATEFORMAT="DAY_MONTH_YEAR"
HOMESCREENURL="./Portal/default.htm"
USERMUSTRESETPASSWORD="TRUE"
PRODUCTLOCALE="en-US"
STUDYLOCALE="en-US"/>


<USER  USERNAME="c182729"
USERTYPE="SPONSOR"
FIRSTNAME="Ildiko"
LASTNAME="Balint"
DISPLAYNAME="Ildiko Balint"
DESCRIPTION="--Check UMT to ensure credentials have already been sent before resetting password--"
COUNTRY="HUNGARY"
PHONE="3636309146675"
ALTPHONE="36"
FAX="36"
EMAIL="Ildiko.Balint@quintiles.com"
ACTIVESTATE="true"
DELETESTATE="false"
UPDATE="true"
PASSWORD="fX0qX61f73OR1f3985"
BEEPER="36"
USERDATEFORMAT="DAY_MONTH_YEAR"
HOMESCREENURL="./Portal/default.htm"
USERMUSTRESETPASSWORD="TRUE"
PRODUCTLOCALE="en-US"
STUDYLOCALE="en-US"/>


<USER  USERNAME="c239399"
USERTYPE="SPONSOR"
FIRSTNAME="Katharina"
LASTNAME="Stöcker"
DISPLAYNAME="Katharina Stöcker"
DESCRIPTION="--Check UMT to ensure credentials have already been sent before resetting password--"
COUNTRY="GERMANY"
PHONE="49491605847111"
ALTPHONE="49"
FAX="49"
EMAIL="Katharina.Stocker@quintiles.com"
ACTIVESTATE="true"
DELETESTATE="false"
UPDATE="true"
PASSWORD="l92GtC6fT56kA85851"
BEEPER="49"
USERDATEFORMAT="DAY_MONTH_YEAR"
HOMESCREENURL="./Portal/default.htm"
USERMUSTRESETPASSWORD="TRUE"
PRODUCTLOCALE="en-US"
STUDYLOCALE="en-US"/>


<USER  USERNAME="c238935"
USERTYPE="SPONSOR"
FIRSTNAME="Nevin"
LASTNAME="Bhardwaj"
DISPLAYNAME="Nevin Bhardwaj"
DESCRIPTION="--Check UMT to ensure credentials have already been sent before resetting password--"
COUNTRY="UNITED STATES"
PHONE="14042426280"
ALTPHONE="1"
FAX="1"
EMAIL="Nevin.Bhardwaj@quintiles.com"
ACTIVESTATE="true"
DELETESTATE="false"
UPDATE="true"
PASSWORD="B0og8OzS2F6t3542"
BEEPER="1"
USERDATEFORMAT="DAY_MONTH_YEAR"
HOMESCREENURL="./Portal/default.htm"
USERMUSTRESETPASSWORD="TRUE"
PRODUCTLOCALE="en-US"
STUDYLOCALE="en-US"/>


<USER  USERNAME="c224269"
USERTYPE="SPONSOR"
FIRSTNAME="Florian"
LASTNAME="Roesemann"
DISPLAYNAME="Florian Roesemann"
DESCRIPTION="--Check UMT to ensure credentials have already been sent before resetting password--"
COUNTRY="GERMANY"
PHONE="494961722732364"
ALTPHONE="49"
FAX="49"
EMAIL="roesemann_florian@network.lilly.com"
ACTIVESTATE="true"
DELETESTATE="false"
UPDATE="true"
PASSWORD="wS8wQ63jL0m61L7221"
BEEPER="49"
USERDATEFORMAT="DAY_MONTH_YEAR"
HOMESCREENURL="./Portal/default.htm"
USERMUSTRESETPASSWORD="TRUE"
PRODUCTLOCALE="en-US"
STUDYLOCALE="en-US"/>


<USER  USERNAME="c240924"
USERTYPE="SPONSOR"
FIRSTNAME="Neha"
LASTNAME="Khandelwal"
DISPLAYNAME="Neha Khandelwal"
DESCRIPTION="--Check UMT to ensure credentials have already been sent before resetting password--"
COUNTRY="INDIA"
PHONE="91912030569175"
ALTPHONE="91"
FAX="91"
EMAIL="neha.khandelwal@inventivhealth.com"
ACTIVESTATE="true"
DELETESTATE="false"
UPDATE="true"
PASSWORD="fQ7gO95d0NrY78330"
BEEPER="91"
USERDATEFORMAT="DAY_MONTH_YEAR"
HOMESCREENURL="./Portal/default.htm"
USERMUSTRESETPASSWORD="TRUE"
PRODUCTLOCALE="en-US"
STUDYLOCALE="en-US"/>


<USER  USERNAME="z2x1565"
USERTYPE="SPONSOR"
FIRSTNAME="Kriti"
LASTNAME="Bhangale"
DISPLAYNAME="Kriti Bhangale"
DESCRIPTION="--Check UMT to ensure credentials have already been sent before resetting password--"
COUNTRY="INDIA"
PHONE="91912030569286"
ALTPHONE="91"
FAX="91"
EMAIL="kirti.bhangale@inventivhealth.com"
ACTIVESTATE="true"
DELETESTATE="false"
UPDATE="true"
PASSWORD="Y1xpL36yQ71h50R6615"
BEEPER="91"
USERDATEFORMAT="DAY_MONTH_YEAR"
HOMESCREENURL="./Portal/default.htm"
USERMUSTRESETPASSWORD="TRUE"
PRODUCTLOCALE="en-US"
STUDYLOCALE="en-US"/>


<USER  USERNAME="rm98867"
USERTYPE="SPONSOR"
FIRSTNAME="Dennis"
LASTNAME="DiGiusto"
DISPLAYNAME="Dennis DiGiusto"
DESCRIPTION="--Check UMT to ensure credentials have already been sent before resetting password--"
COUNTRY="UNITED STATES"
PHONE="13172763682"
ALTPHONE="1"
FAX="1"
EMAIL="dmdigiusto@lilly.com"
ACTIVESTATE="true"
DELETESTATE="false"
UPDATE="true"
PASSWORD="mP6A2qpO93eJ83110"
BEEPER="1"
USERDATEFORMAT="DAY_MONTH_YEAR"
HOMESCREENURL="./Portal/default.htm"
USERMUSTRESETPASSWORD="TRUE"
PRODUCTLOCALE="en-US"
STUDYLOCALE="en-US"/>


<USER  USERNAME="rchiari"
USERTYPE="SITE"
FIRSTNAME="Rita"
LASTNAME="Chiari"
DISPLAYNAME="Rita Chiari"
DESCRIPTION="--Check UMT to ensure credentials have already been sent before resetting password--"
COUNTRY="ITALY"
PHONE="393335451118"
ALTPHONE="39"
FAX="39"
EMAIL="rita.chiari@unipg.it"
ACTIVESTATE="true"
DELETESTATE="false"
UPDATE="true"
PASSWORD="D6bcM0lJ56sH364409"
BEEPER="39"
USERDATEFORMAT="DAY_MONTH_YEAR"
HOMESCREENURL="./Portal/default.htm"
USERMUSTRESETPASSWORD="TRUE"
PRODUCTLOCALE="en-US"
STUDYLOCALE="en-US"/>


<USER  USERNAME="c173517"
USERTYPE="SPONSOR"
FIRSTNAME="Pranal"
LASTNAME="Patil"
DISPLAYNAME="Pranal Patil"
DESCRIPTION="--Check UMT to ensure credentials have already been sent before resetting password--"
COUNTRY="INDIA"
PHONE="91912030569390"
ALTPHONE="91"
FAX="91"
EMAIL="pranal.patil@inventivhealth.com"
ACTIVESTATE="true"
DELETESTATE="false"
UPDATE="true"
PASSWORD="kC60k6DvU0zJ56874"
BEEPER="91"
USERDATEFORMAT="DAY_MONTH_YEAR"
HOMESCREENURL="./Portal/default.htm"
USERMUSTRESETPASSWORD="TRUE"
PRODUCTLOCALE="en-US"
STUDYLOCALE="en-US"/>


<USER  USERNAME="c223848"
USERTYPE="SPONSOR"
FIRSTNAME="Stephannie"
LASTNAME="Charles"
DISPLAYNAME="Stephannie Charles"
DESCRIPTION="--Check UMT to ensure credentials have already been sent before resetting password--"
COUNTRY="CANADA"
PHONE="19056351030"
ALTPHONE="1"
FAX="1"
EMAIL="stephannie.charles@inventivhealth.com"
ACTIVESTATE="true"
DELETESTATE="false"
UPDATE="true"
PASSWORD="f8Cx50UwD41zI878146"
BEEPER="1"
USERDATEFORMAT="DAY_MONTH_YEAR"
HOMESCREENURL="./Portal/default.htm"
USERMUSTRESETPASSWORD="TRUE"
PRODUCTLOCALE="en-US"
STUDYLOCALE="en-US"/>


<USER  USERNAME="c145710"
USERTYPE="SPONSOR"
FIRSTNAME="Ekaterine"
LASTNAME="Alexandris"
DISPLAYNAME="Ekaterine Alexandris"
DESCRIPTION="--Check UMT to ensure credentials have already been sent before resetting password--"
COUNTRY="UNITED STATES"
PHONE="19094207821"
ALTPHONE="1"
FAX="1"
EMAIL="ekaterine.alexandris@lilly.com"
ACTIVESTATE="true"
DELETESTATE="false"
UPDATE="true"
PASSWORD="hM53cR3rI58mP344455"
BEEPER="1"
USERDATEFORMAT="DAY_MONTH_YEAR"
HOMESCREENURL="./Portal/default.htm"
USERMUSTRESETPASSWORD="TRUE"
PRODUCTLOCALE="en-US"
STUDYLOCALE="en-US"/>


<USER  USERNAME="c241995"
USERTYPE="SPONSOR"
FIRSTNAME="Nieves"
LASTNAME="Sanchiz"
DISPLAYNAME="Nieves Sanchiz"
DESCRIPTION="--Check UMT to ensure credentials have already been sent before resetting password--"
COUNTRY="SPAIN"
PHONE="34648480887"
ALTPHONE="34"
FAX="34"
EMAIL="Nieves.Sanchiz@quintiles.com"
ACTIVESTATE="true"
DELETESTATE="false"
UPDATE="true"
PASSWORD="i4XeN9s1Au95U504"
BEEPER="34"
USERDATEFORMAT="DAY_MONTH_YEAR"
HOMESCREENURL="./Portal/default.htm"
USERMUSTRESETPASSWORD="TRUE"
PRODUCTLOCALE="en-US"
STUDYLOCALE="en-US"/>


<USER  USERNAME="c241486"
USERTYPE="SPONSOR"
FIRSTNAME="Diana"
LASTNAME="Pozo"
DISPLAYNAME="Diana Pozo"
DESCRIPTION="--Check UMT to ensure credentials have already been sent before resetting password--"
COUNTRY="SPAIN"
PHONE="34636596311"
ALTPHONE="34"
FAX="34"
EMAIL="Diana.Pozo@quintiles.com"
ACTIVESTATE="true"
DELETESTATE="false"
UPDATE="true"
PASSWORD="c51BoR87jO12g32S7046"
BEEPER="34"
USERDATEFORMAT="DAY_MONTH_YEAR"
HOMESCREENURL="./Portal/default.htm"
USERMUSTRESETPASSWORD="TRUE"
PRODUCTLOCALE="en-US"
STUDYLOCALE="en-US"/>


<USER  USERNAME="llandry"
USERTYPE="SITE"
FIRSTNAME="Lucinda"
LASTNAME="Landry"
DISPLAYNAME="Lucinda Landry"
DESCRIPTION="--Check UMT to ensure credentials have already been sent before resetting password--"
COUNTRY="UNITED STATES"
PHONE="13372898656"
ALTPHONE="1"
FAX="1"
EMAIL="lulandry@lgh.org"
ACTIVESTATE="true"
DELETESTATE="false"
UPDATE="true"
PASSWORD="vF0D3en2XhT93259"
BEEPER="1"
USERDATEFORMAT="DAY_MONTH_YEAR"
HOMESCREENURL="./Portal/default.htm"
USERMUSTRESETPASSWORD="TRUE"
PRODUCTLOCALE="en-US"
STUDYLOCALE="en-US"/>


<USER  USERNAME="tniederman"
USERTYPE="SITE"
FIRSTNAME="Thomas"
LASTNAME="Niederman"
DISPLAYNAME="Thomas Niederman"
DESCRIPTION="--Check UMT to ensure credentials have already been sent before resetting password--"
COUNTRY="UNITED STATES"
PHONE="15617376556"
ALTPHONE="1"
FAX="1"
EMAIL="tniederman@universitycancerinstitute.com"
ACTIVESTATE="true"
DELETESTATE="false"
UPDATE="true"
PASSWORD="sG98oL84nV4K9m1482"
BEEPER="1"
USERDATEFORMAT="DAY_MONTH_YEAR"
HOMESCREENURL="./Portal/default.htm"
USERMUSTRESETPASSWORD="TRUE"
PRODUCTLOCALE="en-US"
STUDYLOCALE="en-US"/>


<USER  USERNAME="pnikolinakos"
USERTYPE="SITE"
FIRSTNAME="Petros"
LASTNAME="Nikolinakos"
DISPLAYNAME="Petros Nikolinakos"
DESCRIPTION="--Check UMT to ensure credentials have already been sent before resetting password--"
COUNTRY="UNITED STATES"
PHONE="17063532990"
ALTPHONE="1"
FAX="1"
EMAIL="ctpn@universitycancer.com"
ACTIVESTATE="true"
DELETESTATE="false"
UPDATE="true"
PASSWORD="q7NcH20P2bI6o9023"
BEEPER="1"
USERDATEFORMAT="DAY_MONTH_YEAR"
HOMESCREENURL="./Portal/default.htm"
USERMUSTRESETPASSWORD="TRUE"
PRODUCTLOCALE="en-US"
STUDYLOCALE="en-US"/>


<USER  USERNAME="fcappuzzo"
USERTYPE="SITE"
FIRSTNAME="Federico"
LASTNAME="Cappuzzo"
DISPLAYNAME="Federico Cappuzzo"
DESCRIPTION="--Check UMT to ensure credentials have already been sent before resetting password--"
COUNTRY="ITALY"
PHONE="393393655699"
ALTPHONE="39"
FAX="39"
EMAIL="f.cappuzzo@googlemail.com"
ACTIVESTATE="true"
DELETESTATE="false"
UPDATE="true"
PASSWORD="N8jwJ4tT35aX06049"
BEEPER="39"
USERDATEFORMAT="DAY_MONTH_YEAR"
HOMESCREENURL="./Portal/default.htm"
USERMUSTRESETPASSWORD="TRUE"
PRODUCTLOCALE="en-US"
STUDYLOCALE="en-US"/>


<USER  USERNAME="msebastian"
USERTYPE="SITE"
FIRSTNAME="Martin"
LASTNAME="Sebastian"
DISPLAYNAME="Martin Sebastian"
DESCRIPTION="--Check UMT to ensure credentials have already been sent before resetting password--"
COUNTRY="GERMANY"
PHONE="49496963016217"
ALTPHONE="49"
FAX="49"
EMAIL="martin.sebastian@kgu.de"
ACTIVESTATE="true"
DELETESTATE="false"
UPDATE="true"
PASSWORD="sW0j2DX9hdI44000"
BEEPER="49"
USERDATEFORMAT="DAY_MONTH_YEAR"
HOMESCREENURL="./Portal/default.htm"
USERMUSTRESETPASSWORD="TRUE"
PRODUCTLOCALE="en-US"
STUDYLOCALE="en-US"/>


<USER  USERNAME="snoeller"
USERTYPE="SITE"
FIRSTNAME="Silke"
LASTNAME="Noeller Granget"
DISPLAYNAME="Silke Noeller Granget"
DESCRIPTION="--Check UMT to ensure credentials have already been sent before resetting password--"
COUNTRY="GERMANY"
PHONE="49004989857916472"
ALTPHONE="49"
FAX="49"
EMAIL="s.noeller@asklepios.com"
ACTIVESTATE="true"
DELETESTATE="false"
UPDATE="true"
PASSWORD="kU9qA37bS92w44O3741"
BEEPER="49"
USERDATEFORMAT="DAY_MONTH_YEAR"
HOMESCREENURL="./Portal/default.htm"
USERMUSTRESETPASSWORD="TRUE"
PRODUCTLOCALE="en-US"
STUDYLOCALE="en-US"/>


<USER  USERNAME="uweber"
USERTYPE="SITE"
FIRSTNAME="Ute"
LASTNAME="Weber"
DISPLAYNAME="Ute Weber"
DESCRIPTION="--Check UMT to ensure credentials have already been sent before resetting password--"
COUNTRY="GERMANY"
PHONE="49004991318545031"
ALTPHONE="49"
FAX="49"
EMAIL="ute.weber@uk-erlangen.de"
ACTIVESTATE="true"
DELETESTATE="false"
UPDATE="true"
PASSWORD="lP30q2QR6wa6N5852"
BEEPER="49"
USERDATEFORMAT="DAY_MONTH_YEAR"
HOMESCREENURL="./Portal/default.htm"
USERMUSTRESETPASSWORD="TRUE"
PRODUCTLOCALE="en-US"
STUDYLOCALE="en-US"/>


<USER  USERNAME="jbanjai"
USERTYPE="SITE"
FIRSTNAME="Justine"
LASTNAME="Banjai"
DISPLAYNAME="Justine Banjai"
DESCRIPTION="--Check UMT to ensure credentials have already been sent before resetting password--"
COUNTRY="GERMANY"
PHONE="49004980313657103"
ALTPHONE="49"
FAX="49"
EMAIL="justine.banjai@ro-med.de"
ACTIVESTATE="true"
DELETESTATE="false"
UPDATE="true"
PASSWORD="L2oe97Jl22Oz4D5901"
BEEPER="49"
USERDATEFORMAT="DAY_MONTH_YEAR"
HOMESCREENURL="./Portal/default.htm"
USERMUSTRESETPASSWORD="TRUE"
PRODUCTLOCALE="en-US"
STUDYLOCALE="en-US"/>


<USER  USERNAME="jtrzynka"
USERTYPE="SITE"
FIRSTNAME="Janina"
LASTNAME="Trzynka"
DISPLAYNAME="Janina Trzynka"
DESCRIPTION="--Check UMT to ensure credentials have already been sent before resetting password--"
COUNTRY="GERMANY"
PHONE="4900495971422711"
ALTPHONE="49"
FAX="49"
EMAIL="j.trzynka@mathias-spital.de"
ACTIVESTATE="true"
DELETESTATE="false"
UPDATE="true"
PASSWORD="H3buB58m9Vj70J2927"
BEEPER="49"
USERDATEFORMAT="DAY_MONTH_YEAR"
HOMESCREENURL="./Portal/default.htm"
USERMUSTRESETPASSWORD="TRUE"
PRODUCTLOCALE="en-US"
STUDYLOCALE="en-US"/>


<USER  USERNAME="seberl"
USERTYPE="SITE"
FIRSTNAME="Simone"
LASTNAME="Eberl"
DISPLAYNAME="Simone Eberl"
DESCRIPTION="--Check UMT to ensure credentials have already been sent before resetting password--"
COUNTRY="GERMANY"
PHONE="494983239108968"
ALTPHONE="49"
FAX="49"
EMAIL="simone.eberl@kliniken-oa.de"
ACTIVESTATE="true"
DELETESTATE="false"
UPDATE="true"
PASSWORD="b9ZcB9aX0L7r7754"
BEEPER="49"
USERDATEFORMAT="DAY_MONTH_YEAR"
HOMESCREENURL="./Portal/default.htm"
USERMUSTRESETPASSWORD="TRUE"
PRODUCTLOCALE="en-US"
STUDYLOCALE="en-US"/>


<USER  USERNAME="eberto"
USERTYPE="SITE"
FIRSTNAME="Eleonora"
LASTNAME="Berto"
DISPLAYNAME="Eleonora Berto"
DESCRIPTION="--Check UMT to ensure credentials have already been sent before resetting password--"
COUNTRY="ITALY"
PHONE="390434659103"
ALTPHONE="39"
FAX="39"
EMAIL="eberto@cro.it"
ACTIVESTATE="true"
DELETESTATE="false"
UPDATE="true"
PASSWORD="bP89t2Pw4LmR955088"
BEEPER="39"
USERDATEFORMAT="DAY_MONTH_YEAR"
HOMESCREENURL="./Portal/default.htm"
USERMUSTRESETPASSWORD="TRUE"
PRODUCTLOCALE="en-US"
STUDYLOCALE="en-US"/>


<USER  USERNAME="dcortinovis"
USERTYPE="SITE"
FIRSTNAME="Diego"
LASTNAME="Cortinovis"
DISPLAYNAME="Diego Cortinovis"
DESCRIPTION="--Check UMT to ensure credentials have already been sent before resetting password--"
COUNTRY="ITALY"
PHONE="393472909693"
ALTPHONE="39"
FAX="39"
EMAIL="d.cortinovis@hsgerdardo.org"
ACTIVESTATE="true"
DELETESTATE="false"
UPDATE="true"
PASSWORD="pW11q8WvW7h2Y5445"
BEEPER="39"
USERDATEFORMAT="DAY_MONTH_YEAR"
HOMESCREENURL="./Portal/default.htm"
USERMUSTRESETPASSWORD="TRUE"
PRODUCTLOCALE="en-US"
STUDYLOCALE="en-US"/>


<USER  USERNAME="sborrelli"
USERTYPE="SITE"
FIRSTNAME="Sonia"
LASTNAME="Borrelli"
DISPLAYNAME="Sonia Borrelli"
DESCRIPTION="--Check UMT to ensure credentials have already been sent before resetting password--"
COUNTRY="ITALY"
PHONE="390544286223"
ALTPHONE="39"
FAX="39"
EMAIL="sonia.borrelli@irst.emr.it"
ACTIVESTATE="true"
DELETESTATE="false"
UPDATE="true"
PASSWORD="hY4U8cvM9yM22471"
BEEPER="39"
USERDATEFORMAT="DAY_MONTH_YEAR"
HOMESCREENURL="./Portal/default.htm"
USERMUSTRESETPASSWORD="TRUE"
PRODUCTLOCALE="en-US"
STUDYLOCALE="en-US"/>


<USER  USERNAME="aarcocha"
USERTYPE="SITE"
FIRSTNAME="Ainara"
LASTNAME="Arcocha"
DISPLAYNAME="Ainara Arcocha"
DESCRIPTION="--Check UMT to ensure credentials have already been sent before resetting password--"
COUNTRY="SPAIN"
PHONE="340034663701518"
ALTPHONE="34"
FAX="34"
EMAIL="aarcocha@clinic.cat"
ACTIVESTATE="true"
DELETESTATE="false"
UPDATE="true"
PASSWORD="kN8H8wbT4o9V2619"
BEEPER="34"
USERDATEFORMAT="DAY_MONTH_YEAR"
HOMESCREENURL="./Portal/default.htm"
USERMUSTRESETPASSWORD="TRUE"
PRODUCTLOCALE="en-US"
STUDYLOCALE="en-US"/>


<USER  USERNAME="sabecia"
USERTYPE="SITE"
FIRSTNAME="Sara"
LASTNAME="Gomez"
DISPLAYNAME="Sara Gomez"
DESCRIPTION="--Check UMT to ensure credentials have already been sent before resetting password--"
COUNTRY="SPAIN"
PHONE="340034914692313"
ALTPHONE="34"
FAX="34"
EMAIL="abecia@h12o.es"
ACTIVESTATE="true"
DELETESTATE="false"
UPDATE="true"
PASSWORD="gL8h6NxC86m71Z1396"
BEEPER="34"
USERDATEFORMAT="DAY_MONTH_YEAR"
HOMESCREENURL="./Portal/default.htm"
USERMUSTRESETPASSWORD="TRUE"
PRODUCTLOCALE="en-US"
STUDYLOCALE="en-US"/>


<USER  USERNAME="tbueno"
USERTYPE="SITE"
FIRSTNAME="Teresa Moran"
LASTNAME="Bueno"
DISPLAYNAME="Teresa Moran Bueno"
DESCRIPTION="--Check UMT to ensure credentials have already been sent before resetting password--"
COUNTRY="SPAIN"
PHONE="3434934978925"
ALTPHONE="34"
FAX="34"
EMAIL="mmoran@iconcologia.net"
ACTIVESTATE="true"
DELETESTATE="false"
UPDATE="true"
PASSWORD="t9OE7dnC0rP64767"
BEEPER="34"
USERDATEFORMAT="DAY_MONTH_YEAR"
HOMESCREENURL="./Portal/default.htm"
USERMUSTRESETPASSWORD="TRUE"
PRODUCTLOCALE="en-US"
STUDYLOCALE="en-US"/>


<USER  USERNAME="ovidal"
USERTYPE="SITE"
FIRSTNAME="Oscar Juan"
LASTNAME="Vidal"
DISPLAYNAME="Oscar Juan Vidal"
DESCRIPTION="--Check UMT to ensure credentials have already been sent before resetting password--"
COUNTRY="SPAIN"
PHONE="34961245877"
ALTPHONE="34"
FAX="34"
EMAIL="juan_osc@gva.es"
ACTIVESTATE="true"
DELETESTATE="false"
UPDATE="true"
PASSWORD="sP6eO61C1hG4h7036"
BEEPER="34"
USERDATEFORMAT="DAY_MONTH_YEAR"
HOMESCREENURL="./Portal/default.htm"
USERMUSTRESETPASSWORD="TRUE"
PRODUCTLOCALE="en-US"
STUDYLOCALE="en-US"/>


<USER  USERNAME="plopez"
USERTYPE="SITE"
FIRSTNAME="Pilar Garrido"
LASTNAME="Lopez"
DISPLAYNAME="Pilar Garrido Lopez"
DESCRIPTION="--Check UMT to ensure credentials have already been sent before resetting password--"
COUNTRY="SPAIN"
PHONE="3434913368302"
ALTPHONE="34"
FAX="34"
EMAIL="pilargarridol@gmail.com"
ACTIVESTATE="true"
DELETESTATE="false"
UPDATE="true"
PASSWORD="gA16M8gwJ2l54N6987"
BEEPER="34"
USERDATEFORMAT="DAY_MONTH_YEAR"
HOMESCREENURL="./Portal/default.htm"
USERMUSTRESETPASSWORD="TRUE"
PRODUCTLOCALE="en-US"
STUDYLOCALE="en-US"/>


<USER  USERNAME="ralvarez"
USERTYPE="SITE"
FIRSTNAME="Rosa Alvarez"
LASTNAME="Alvarez"
DISPLAYNAME="Rosa Alvarez Alvarez"
DESCRIPTION="--Check UMT to ensure credentials have already been sent before resetting password--"
COUNTRY="SPAIN"
PHONE="3434914269070"
ALTPHONE="34"
FAX="34"
EMAIL="rosa.alvarez.al@gmail.com"
ACTIVESTATE="true"
DELETESTATE="false"
UPDATE="true"
PASSWORD="mZ29dY3U2eW4t4839"
BEEPER="34"
USERDATEFORMAT="DAY_MONTH_YEAR"
HOMESCREENURL="./Portal/default.htm"
USERMUSTRESETPASSWORD="TRUE"
PRODUCTLOCALE="en-US"
STUDYLOCALE="en-US"/>


<USER  USERNAME="ablanco"
USERTYPE="SITE"
FIRSTNAME="Alba"
LASTNAME="Blanco"
DISPLAYNAME="Alba Blanco"
DESCRIPTION="--Check UMT to ensure credentials have already been sent before resetting password--"
COUNTRY="SPAIN"
PHONE="3434914269393"
ALTPHONE="34"
FAX="34"
EMAIL="blanco.velilla.alba@gmail.com"
ACTIVESTATE="true"
DELETESTATE="false"
UPDATE="true"
PASSWORD="b4GvY0bC92u5R9912"
BEEPER="34"
USERDATEFORMAT="DAY_MONTH_YEAR"
HOMESCREENURL="./Portal/default.htm"
USERMUSTRESETPASSWORD="TRUE"
PRODUCTLOCALE="en-US"
STUDYLOCALE="en-US"/>


<USER  USERNAME="ZPFlbalubar"
USERTYPE="SPONSOR"
FIRSTNAME="Lei-Anne"
LASTNAME="Balubar"
DISPLAYNAME="Lei-Anne Balubar"
DESCRIPTION="Lilly Data Entry"
COUNTRY="PHILIPPINES"
PHONE="63"
ALTPHONE="63"
FAX="63"
EMAIL="lei-anne.balubar@oracle.com"
ACTIVESTATE="true"
DELETESTATE="false"
UPDATE="true"
PASSWORD="jQ2q3YhG9xB29854"
BEEPER="63"
USERDATEFORMAT="DAY_MONTH_YEAR"
HOMESCREENURL="./Portal/default.htm"
USERMUSTRESETPASSWORD="TRUE"
PRODUCTLOCALE="en-US"
STUDYLOCALE="en-US"/>


<USER  USERNAME="ZPFtcabanes"
USERTYPE="SPONSOR"
FIRSTNAME="Teresa"
LASTNAME="Cabanes"
DISPLAYNAME="Teresa Cabanes"
DESCRIPTION="Lilly Data Entry"
COUNTRY="PHILIPPINES"
PHONE="63"
ALTPHONE="63"
FAX="63"
EMAIL="teresa.cabanes@oracle.com"
ACTIVESTATE="true"
DELETESTATE="false"
UPDATE="true"
PASSWORD="eN6wI21pH77lB92326"
BEEPER="63"
USERDATEFORMAT="MONTH_DAY_YEAR"
HOMESCREENURL="./Portal/default.htm"
USERMUSTRESETPASSWORD="TRUE"
PRODUCTLOCALE="en-US"
STUDYLOCALE="en-US"/>


<USER  USERNAME="ZPFnvergara"
USERTYPE="SPONSOR"
FIRSTNAME="Neil"
LASTNAME="Vergara"
DISPLAYNAME="Neil Vergara"
DESCRIPTION="Lilly Data Entry"
COUNTRY="PHILIPPINES"
PHONE="63"
ALTPHONE="63"
FAX="63"
EMAIL="neil.vergara@oracle.com"
ACTIVESTATE="true"
DELETESTATE="false"
UPDATE="true"
PASSWORD="mC4dF26fG5z5M9162"
BEEPER="63"
USERDATEFORMAT="MONTH_DAY_YEAR"
HOMESCREENURL="./Portal/default.htm"
USERMUSTRESETPASSWORD="TRUE"
PRODUCTLOCALE="en-US"
STUDYLOCALE="en-US"/>


<USER  USERNAME="ZPFrcalorico"
USERTYPE="SPONSOR"
FIRSTNAME="Raul Carlos"
LASTNAME="Alorico"
DISPLAYNAME="Raul Carlos Alorico"
DESCRIPTION="Support Tier 1"
COUNTRY="PHILIPPINES"
PHONE="63"
ALTPHONE="63"
FAX="63"
EMAIL="RAUL.CARLOS.ALORICO@ORACLE.COM"
ACTIVESTATE="true"
DELETESTATE="false"
UPDATE="true"
PASSWORD="n75GZ4pyC6oB81437"
BEEPER="63"
USERDATEFORMAT="DAY_MONTH_YEAR"
HOMESCREENURL="./Portal/default.htm"
USERMUSTRESETPASSWORD="TRUE"
PRODUCTLOCALE="en-US"
STUDYLOCALE="en-US"/>


<USER  USERNAME="ZPFobodnar"
USERTYPE="SPONSOR"
FIRSTNAME="Oksana"
LASTNAME="Bodnar"
DISPLAYNAME="Oksana Bodnar"
DESCRIPTION="Support Tier I"
COUNTRY="HUNGARY"
PHONE="36"
ALTPHONE="36"
FAX="36"
EMAIL="oksana.bodnar@oracle.com"
ACTIVESTATE="true"
DELETESTATE="false"
UPDATE="true"
PASSWORD="uM2tC56yW6aY57447"
BEEPER="36"
USERDATEFORMAT="YEAR_MONTH_DAY"
HOMESCREENURL="./Portal/default.htm"
USERMUSTRESETPASSWORD="TRUE"
PRODUCTLOCALE="en-US"
STUDYLOCALE="en-US"/>


<USER  USERNAME="ZPFcdelacruz"
USERTYPE="SPONSOR"
FIRSTNAME="Clarissa"
LASTNAME="Dela Cruz"
DISPLAYNAME="Clarissa Dela Cruz"
DESCRIPTION="Support Tier I"
COUNTRY="PHILIPPINES"
PHONE="63"
ALTPHONE="63"
FAX="63"
EMAIL="clarissa.dela.cruz@oracle.com"
ACTIVESTATE="true"
DELETESTATE="false"
UPDATE="true"
PASSWORD="iJ52l1JrL15tB33843"
BEEPER="63"
USERDATEFORMAT="DAY_MONTH_YEAR"
HOMESCREENURL="./Portal/default.htm"
USERMUSTRESETPASSWORD="TRUE"
PRODUCTLOCALE="en-US"
STUDYLOCALE="en-US"/>


<USER  USERNAME="ZPFedervishaj"
USERTYPE="SPONSOR"
FIRSTNAME="Erald"
LASTNAME="Dervishaj"
DISPLAYNAME="Erald Dervishaj"
DESCRIPTION="Support Tier I"
COUNTRY="HUNGARY"
PHONE="36"
ALTPHONE="36"
FAX="36"
EMAIL="erald.dervishaj@oracle.com"
ACTIVESTATE="true"
DELETESTATE="false"
UPDATE="true"
PASSWORD="sK92i27ZwV3uE645621"
BEEPER="36"
USERDATEFORMAT="DAY_MONTH_YEAR"
HOMESCREENURL="./Portal/default.htm"
USERMUSTRESETPASSWORD="TRUE"
PRODUCTLOCALE="en-US"
STUDYLOCALE="en-US"/>


<USER  USERNAME="ZPFrducusin"
USERTYPE="SPONSOR"
FIRSTNAME="Rodulf"
LASTNAME="Ducusin"
DISPLAYNAME="Rodulf Ducusin"
DESCRIPTION="Support Tier I"
COUNTRY="PHILIPPINES"
PHONE="63"
ALTPHONE="63"
FAX="63"
EMAIL="RODULF.DUCUSIN@ORACLE.COM"
ACTIVESTATE="true"
DELETESTATE="false"
UPDATE="true"
PASSWORD="xG0e33Of45Yi1Z3214"
BEEPER="63"
USERDATEFORMAT="DAY_MONTH_YEAR"
HOMESCREENURL="./Portal/default.htm"
USERMUSTRESETPASSWORD="TRUE"
PRODUCTLOCALE="en-US"
STUDYLOCALE="en-US"/>


<USER  USERNAME="ZPFckalinyak"
USERTYPE="SPONSOR"
FIRSTNAME="Csilla"
LASTNAME="Kalinyak"
DISPLAYNAME="Csilla Kalinyak"
DESCRIPTION="Support Tier I"
COUNTRY="HUNGARY"
PHONE="36"
ALTPHONE="36"
FAX="36"
EMAIL="CSILLA.KALINYAK@ORACLE.COM"
ACTIVESTATE="true"
DELETESTATE="false"
UPDATE="true"
PASSWORD="lF6s2Ro94FtI242312"
BEEPER="36"
USERDATEFORMAT="DAY_MONTH_YEAR"
HOMESCREENURL="./Portal/default.htm"
USERMUSTRESETPASSWORD="TRUE"
PRODUCTLOCALE="en-US"
STUDYLOCALE="en-US"/>


<USER  USERNAME="ZPFmlalangan"
USERTYPE="SPONSOR"
FIRSTNAME="Menard"
LASTNAME="Lalangan"
DISPLAYNAME="Menard Lalangan"
DESCRIPTION="Support Tier I"
COUNTRY="PHILIPPINES"
PHONE="63"
ALTPHONE="63"
FAX="63"
EMAIL="menard.lalangan@oracle.com"
ACTIVESTATE="true"
DELETESTATE="false"
UPDATE="true"
PASSWORD="bM6oD28F6pnY101102"
BEEPER="63"
USERDATEFORMAT="DAY_MONTH_YEAR"
HOMESCREENURL="./Portal/default.htm"
USERMUSTRESETPASSWORD="TRUE"
PRODUCTLOCALE="en-US"
STUDYLOCALE="en-US"/>


<USER  USERNAME="ZPFdnagy"
USERTYPE="SPONSOR"
FIRSTNAME="Daniel"
LASTNAME="Nagy"
DISPLAYNAME="Daniel Nagy"
DESCRIPTION="Support Tier I"
COUNTRY="HUNGARY"
PHONE="36"
ALTPHONE="36"
FAX="36"
EMAIL="daniel.nagy@oracle.com"
ACTIVESTATE="true"
DELETESTATE="false"
UPDATE="true"
PASSWORD="vJ91qC14e2UW1l4398"
BEEPER="36"
USERDATEFORMAT="DAY_MONTH_YEAR"
HOMESCREENURL="./Portal/default.htm"
USERMUSTRESETPASSWORD="TRUE"
PRODUCTLOCALE="en-US"
STUDYLOCALE="en-US"/>


<USER  USERNAME="ZPFprojas"
USERTYPE="SPONSOR"
FIRSTNAME="Patricio"
LASTNAME="Rojas"
DISPLAYNAME="Patricio Rojas"
DESCRIPTION="Support Tier I"
COUNTRY="UNITED KINGDOM"
PHONE="44"
ALTPHONE="44"
FAX="44"
EMAIL="patricio.rojas@oracle.com"
ACTIVESTATE="true"
DELETESTATE="false"
UPDATE="true"
PASSWORD="dC34E2yoI0dA915286"
BEEPER="44"
USERDATEFORMAT="DAY_MONTH_YEAR"
HOMESCREENURL="./Portal/default.htm"
USERMUSTRESETPASSWORD="TRUE"
PRODUCTLOCALE="en-US"
STUDYLOCALE="en-US"/>


<USER  USERNAME="ZPFpvamos"
USERTYPE="SPONSOR"
FIRSTNAME="Peter"
LASTNAME="Vamos"
DISPLAYNAME="Peter Vamos"
COUNTRY="HUNGARY"
PHONE="36"
ALTPHONE="36"
FAX="36"
EMAIL="peter.vamos@oracle.com"
ACTIVESTATE="true"
DELETESTATE="false"
UPDATE="true"
PASSWORD="l87CqJ54qY38l11K1053"
BEEPER="36"
USERDATEFORMAT="DAY_MONTH_YEAR"
HOMESCREENURL="./Portal/default.htm"
USERMUSTRESETPASSWORD="TRUE"
PRODUCTLOCALE="en-US"
STUDYLOCALE="en-US"/>


<USER  USERNAME="ZPFaverpeleti"
USERTYPE="SPONSOR"
FIRSTNAME="Andras"
LASTNAME="Verpeleti"
DISPLAYNAME="Andras Verpeleti"
DESCRIPTION="Service Delivery Manager"
COUNTRY="HUNGARY"
PHONE="3614898936"
ALTPHONE="36"
FAX="36"
EMAIL="andras.verpeleti@oracle.com"
ACTIVESTATE="true"
DELETESTATE="false"
UPDATE="true"
PASSWORD="x0JaG77l85CdH826755"
BEEPER="36"
USERDATEFORMAT="DAY_MONTH_YEAR"
HOMESCREENURL="./Portal/default.htm"
USERMUSTRESETPASSWORD="TRUE"
PRODUCTLOCALE="en-US"
STUDYLOCALE="en-US"/>


<USER  USERNAME="ZPFmandone"
USERTYPE="SPONSOR"
FIRSTNAME="Grigore-mihai"
LASTNAME="Andone"
DISPLAYNAME="Grigore-mihai Andone"
DESCRIPTION="Lilly Support"
COUNTRY="HUNGARY"
PHONE="36"
ALTPHONE="36"
FAX="36"
EMAIL="grigore-mihai.andone@oracle.com"
ACTIVESTATE="true"
DELETESTATE="false"
UPDATE="true"
PASSWORD="h24Ld2GcD3y6B4460"
BEEPER="36"
USERDATEFORMAT="DAY_MONTH_YEAR"
HOMESCREENURL="./Portal/default.htm"
USERMUSTRESETPASSWORD="TRUE"
PRODUCTLOCALE="en-US"
STUDYLOCALE="en-US"/>


<USER  USERNAME="ZPFabalogh"
USERTYPE="SPONSOR"
FIRSTNAME="Agnes"
LASTNAME="Balogh"
DISPLAYNAME="Agnes  Balogh"
DESCRIPTION="Lilly Support"
COUNTRY="HUNGARY"
PHONE="36"
ALTPHONE="36"
FAX="36"
EMAIL="agnes.balogh@oracle.com"
ACTIVESTATE="true"
DELETESTATE="false"
UPDATE="true"
PASSWORD="b8Cm96Jj7EfE792361"
BEEPER="36"
USERDATEFORMAT="DAY_MONTH_YEAR"
HOMESCREENURL="./Portal/default.htm"
USERMUSTRESETPASSWORD="TRUE"
PRODUCTLOCALE="en-US"
STUDYLOCALE="en-US"/>


<USER  USERNAME="ZPFcmolom"
USERTYPE="SPONSOR"
FIRSTNAME="Cedric Loic"
LASTNAME="Hanchou Molom"
DISPLAYNAME="Cedric Loic Hanchou Molom"
DESCRIPTION="Lilly Support"
COUNTRY="HUNGARY"
PHONE="36"
ALTPHONE="36"
FAX="36"
EMAIL="cedric.loic.hanchou.molom@oracle.com"
ACTIVESTATE="true"
DELETESTATE="false"
UPDATE="true"
PASSWORD="fV90u17YjW65P9f6818"
BEEPER="36"
USERDATEFORMAT="DAY_MONTH_YEAR"
HOMESCREENURL="./Portal/default.htm"
USERMUSTRESETPASSWORD="TRUE"
PRODUCTLOCALE="en-US"
STUDYLOCALE="en-US"/>


<USER  USERNAME="ZPFnkovacs"
USERTYPE="SPONSOR"
FIRSTNAME="Norbert"
LASTNAME="Kovacs"
DISPLAYNAME="Norbert Kovacs"
DESCRIPTION="Lilly Support"
COUNTRY="HUNGARY"
PHONE="36"
ALTPHONE="36"
FAX="36"
EMAIL="norbert.k.kovacs@oracle.com"
ACTIVESTATE="true"
DELETESTATE="false"
UPDATE="true"
PASSWORD="m41HcG0p66Nf73P5299"
BEEPER="36"
USERDATEFORMAT="DAY_MONTH_YEAR"
HOMESCREENURL="./Portal/default.htm"
USERMUSTRESETPASSWORD="TRUE"
PRODUCTLOCALE="en-US"
STUDYLOCALE="en-US"/>


<USER  USERNAME="ZPFgkrucso"
USERTYPE="SPONSOR"
FIRSTNAME="Gabriella"
LASTNAME="Krucso"
DISPLAYNAME="Gabriella Krucso"
DESCRIPTION="Lilly Support"
COUNTRY="HUNGARY"
PHONE="36"
ALTPHONE="36"
FAX="36"
EMAIL="gabriella.krucso@oracle.com"
ACTIVESTATE="true"
DELETESTATE="false"
UPDATE="true"
PASSWORD="cP72d41ZuL98wY612585"
BEEPER="36"
USERDATEFORMAT="DAY_MONTH_YEAR"
HOMESCREENURL="./Portal/default.htm"
USERMUSTRESETPASSWORD="TRUE"
PRODUCTLOCALE="en-US"
STUDYLOCALE="en-US"/>


<USER  USERNAME="ZPFepenzes"
USERTYPE="SPONSOR"
FIRSTNAME="Eszter"
LASTNAME="Penzes"
DISPLAYNAME="Eszter Penzes"
DESCRIPTION="Lilly Support"
COUNTRY="HUNGARY"
PHONE="36"
ALTPHONE="36"
FAX="36"
EMAIL="ESZTER.PENZES@ORACLE.COM"
ACTIVESTATE="true"
DELETESTATE="false"
UPDATE="true"
PASSWORD="t3YmE66vU5q91D1991"
BEEPER="36"
USERDATEFORMAT="DAY_MONTH_YEAR"
HOMESCREENURL="./Portal/default.htm"
USERMUSTRESETPASSWORD="TRUE"
PRODUCTLOCALE="en-US"
STUDYLOCALE="en-US"/>


<USER  USERNAME="ZPFsaguilar"
USERTYPE="SPONSOR"
FIRSTNAME="Sergio"
LASTNAME="Aguilar"
DISPLAYNAME="Sergio Aguilar"
DESCRIPTION="Support Tier I"
TITLE="Mr."
COUNTRY="HUNGARY"
PHONE="36"
ALTPHONE="36"
FAX="36"
EMAIL="sergio.aguilar.aguilar@oracle.com"
ACTIVESTATE="true"
DELETESTATE="false"
UPDATE="true"
PASSWORD="B6jb13RtI1u9S4152"
BEEPER="36"
USERDATEFORMAT="DAY_MONTH_YEAR"
HOMESCREENURL="./Portal/default.htm"
USERMUSTRESETPASSWORD="TRUE"
PRODUCTLOCALE="en-US"
STUDYLOCALE="en-US"/>


<USER  USERNAME="ZPFkcco"
USERTYPE="SPONSOR"
FIRSTNAME="Kerwin Carson"
LASTNAME="Co"
DISPLAYNAME="Kerwin Carson Co"
DESCRIPTION="Support Tier I"
COUNTRY="PHILIPPINES"
PHONE="63"
ALTPHONE="63"
FAX="63"
EMAIL="kerwin.carson.co@oracle.com"
ACTIVESTATE="true"
DELETESTATE="false"
UPDATE="true"
PASSWORD="W4tzJ73cX5mY29818"
BEEPER="63"
USERDATEFORMAT="DAY_MONTH_YEAR"
HOMESCREENURL="./Portal/default.htm"
USERMUSTRESETPASSWORD="TRUE"
PRODUCTLOCALE="en-US"
STUDYLOCALE="en-US"/>


<USER  USERNAME="ZPFlcseke"
USERTYPE="SPONSOR"
FIRSTNAME="Laszlo"
LASTNAME="Cseke"
DISPLAYNAME="Laszlo Cseke"
DESCRIPTION="Support Tier I"
COUNTRY="HUNGARY"
PHONE="36"
ALTPHONE="36"
FAX="36"
EMAIL="laszlo.cseke@oracle.com"
ACTIVESTATE="true"
DELETESTATE="false"
UPDATE="true"
PASSWORD="Z1muG3yT7J7x227"
BEEPER="36"
USERDATEFORMAT="DAY_MONTH_YEAR"
HOMESCREENURL="./Portal/default.htm"
USERMUSTRESETPASSWORD="TRUE"
PRODUCTLOCALE="en-US"
STUDYLOCALE="en-US"/>


<USER  USERNAME="ZPFkcsobalyka"
USERTYPE="SPONSOR"
FIRSTNAME="Krisztian"
LASTNAME="Csobalyka"
DISPLAYNAME="Krisztian Csobalyka"
DESCRIPTION="Support Tier I"
TITLE="Mr."
COUNTRY="HUNGARY"
PHONE="36704275924"
ALTPHONE="36"
FAX="36"
EMAIL="krisztian.csobalyka@oracle.com"
ACTIVESTATE="true"
DELETESTATE="false"
UPDATE="true"
PASSWORD="t51Lp0UaU4iE913250"
BEEPER="36"
USERDATEFORMAT="DAY_MONTH_YEAR"
HOMESCREENURL="./Portal/default.htm"
USERMUSTRESETPASSWORD="TRUE"
PRODUCTLOCALE="en-US"
STUDYLOCALE="en-US"/>


<USER  USERNAME="ZPFsdasilva"
USERTYPE="SPONSOR"
FIRSTNAME="Silmara Santos"
LASTNAME="Da Silva"
DISPLAYNAME="Silmara Santos Da Silva"
DESCRIPTION="Support Tier I"
COUNTRY="HUNGARY"
PHONE="36"
ALTPHONE="36"
FAX="36"
EMAIL="silmara.santos.da.silva@oracle.com"
ACTIVESTATE="true"
DELETESTATE="false"
UPDATE="true"
PASSWORD="mW34qI84kJ41j55X7719"
BEEPER="36"
USERDATEFORMAT="DAY_MONTH_YEAR"
HOMESCREENURL="./Portal/default.htm"
USERMUSTRESETPASSWORD="TRUE"
PRODUCTLOCALE="en-US"
STUDYLOCALE="en-US"/>


<USER  USERNAME="ZPFddiomede"
USERTYPE="SPONSOR"
FIRSTNAME="David"
LASTNAME="Diomede"
DISPLAYNAME="David Diomede"
DESCRIPTION="Support Tier I"
COUNTRY="HUNGARY"
PHONE="354"
ALTPHONE="354"
FAX="354"
EMAIL="david.d.diomede@oracle.com"
ACTIVESTATE="true"
DELETESTATE="false"
UPDATE="true"
PASSWORD="nB6dE6aR5N9b5929"
BEEPER="354"
USERDATEFORMAT="DAY_MONTH_YEAR"
HOMESCREENURL="./Portal/default.htm"
USERMUSTRESETPASSWORD="TRUE"
PRODUCTLOCALE="en-US"
STUDYLOCALE="en-US"/>


<USER  USERNAME="ZPFoely"
USERTYPE="SPONSOR"
FIRSTNAME="Osweld"
LASTNAME="Ely"
DISPLAYNAME="Osweld Ely"
DESCRIPTION="Support Tier I"
COUNTRY="PHILIPPINES"
PHONE="63"
ALTPHONE="63"
FAX="63"
EMAIL="osweld.ely@oracle.com"
ACTIVESTATE="true"
DELETESTATE="false"
UPDATE="true"
PASSWORD="rU7d28RrY9wQ701116"
BEEPER="63"
USERDATEFORMAT="DAY_MONTH_YEAR"
HOMESCREENURL="./Portal/default.htm"
USERMUSTRESETPASSWORD="TRUE"
PRODUCTLOCALE="en-US"
STUDYLOCALE="en-US"/>


<USER  USERNAME="ZPFtfabian"
USERTYPE="SPONSOR"
FIRSTNAME="Tamas"
LASTNAME="Fabian"
DISPLAYNAME="Tamas Fabian"
DESCRIPTION="Support Tier I"
COUNTRY="HUNGARY"
PHONE="36"
ALTPHONE="36"
FAX="36"
EMAIL="tamas.x.fabian@oracle.com"
ACTIVESTATE="true"
DELETESTATE="false"
UPDATE="true"
PASSWORD="wL3i17GeT1xJ11424"
BEEPER="36"
USERDATEFORMAT="DAY_MONTH_YEAR"
HOMESCREENURL="./Portal/default.htm"
USERMUSTRESETPASSWORD="TRUE"
PRODUCTLOCALE="en-US"
STUDYLOCALE="en-US"/>


<USER  USERNAME="ZPFfillesy"
USERTYPE="SPONSOR"
FIRSTNAME="Ferenc"
LASTNAME="Illesy"
DISPLAYNAME="Ferenc Illesy"
DESCRIPTION="Support Tier I"
COUNTRY="HUNGARY"
PHONE="36"
ALTPHONE="36"
FAX="36"
EMAIL="ferenc.illesy@oracle.com"
ACTIVESTATE="true"
DELETESTATE="false"
UPDATE="true"
PASSWORD="fR92y3NzM4b73L4411"
BEEPER="36"
USERDATEFORMAT="DAY_MONTH_YEAR"
HOMESCREENURL="./Portal/default.htm"
USERMUSTRESETPASSWORD="TRUE"
PRODUCTLOCALE="en-US"
STUDYLOCALE="en-US"/>


<USER  USERNAME="ZPFjistenes"
USERTYPE="SPONSOR"
FIRSTNAME="Jozsef"
LASTNAME="Istenes"
DISPLAYNAME="Jozsef Istenes"
DESCRIPTION="Support Tier I"
TITLE="Mr."
COUNTRY="HUNGARY"
PHONE="36"
ALTPHONE="36"
FAX="36"
EMAIL="jozsef.istenes@oracle.com"
ACTIVESTATE="true"
DELETESTATE="false"
UPDATE="true"
PASSWORD="qN0x3Ch11AzQ812004"
BEEPER="36"
USERDATEFORMAT="DAY_MONTH_YEAR"
HOMESCREENURL="./Portal/default.htm"
USERMUSTRESETPASSWORD="TRUE"
PRODUCTLOCALE="en-US"
STUDYLOCALE="en-US"/>


<USER  USERNAME="ZPFijohl"
USERTYPE="SPONSOR"
FIRSTNAME="Ikinder"
LASTNAME="Johl"
DISPLAYNAME="Ikinder Johl"
DESCRIPTION="Support Tier I"
COUNTRY="UNITED KINGDOM"
PHONE="44"
ALTPHONE="44"
FAX="44"
EMAIL="ikinder.johl.singh@oracle.com"
ACTIVESTATE="true"
DELETESTATE="false"
UPDATE="true"
PASSWORD="eA2rA66t16SpD25027"
BEEPER="44"
USERDATEFORMAT="DAY_MONTH_YEAR"
HOMESCREENURL="./Portal/default.htm"
USERMUSTRESETPASSWORD="TRUE"
PRODUCTLOCALE="en-US"
STUDYLOCALE="en-US"/>


<USER  USERNAME="ZPFmkhella"
USERTYPE="SPONSOR"
FIRSTNAME="Mukhtar"
LASTNAME="Khella"
DISPLAYNAME="Mukhtar Khella"
DESCRIPTION="Support Tier I"
COUNTRY="UNITED KINGDOM"
PHONE="44"
ALTPHONE="44"
FAX="44"
EMAIL="mukhtar.khella@oracle.com"
ACTIVESTATE="true"
DELETESTATE="false"
UPDATE="true"
PASSWORD="W9kT1kpU47n1N2621"
BEEPER="44"
USERDATEFORMAT="DAY_MONTH_YEAR"
HOMESCREENURL="./Portal/default.htm"
USERMUSTRESETPASSWORD="TRUE"
PRODUCTLOCALE="en-US"
STUDYLOCALE="en-US"/>


<USER  USERNAME="ZPFskholti"
USERTYPE="SPONSOR"
FIRSTNAME="Szilvia"
LASTNAME="Kholti"
DISPLAYNAME="Szilvia Kholti"
DESCRIPTION="Support Tier I"
COUNTRY="HUNGARY"
PHONE="361111"
ALTPHONE="36"
FAX="36"
EMAIL="szilvia.kholti@oracle.com"
ACTIVESTATE="true"
DELETESTATE="false"
UPDATE="true"
PASSWORD="sX7lH9Y3uyD97398"
BEEPER="36"
USERDATEFORMAT="DAY_MONTH_YEAR"
HOMESCREENURL="./Portal/default.htm"
USERMUSTRESETPASSWORD="TRUE"
PRODUCTLOCALE="en-US"
STUDYLOCALE="en-US"/>


<USER  USERNAME="ZPFekosa"
USERTYPE="SPONSOR"
FIRSTNAME="Eniko"
LASTNAME="Kosa"
DISPLAYNAME="Eniko Kosa"
DESCRIPTION="Tier 1 Support agent"
COUNTRY="HUNGARY"
PHONE="36"
ALTPHONE="36"
FAX="36"
EMAIL="eniko.kosa@oracle.com"
ACTIVESTATE="true"
DELETESTATE="false"
UPDATE="true"
PASSWORD="mJ85X1rM3qq63G522"
BEEPER="36"
USERDATEFORMAT="MONTH_DAY_YEAR"
HOMESCREENURL="./Portal/default.htm"
USERMUSTRESETPASSWORD="TRUE"
PRODUCTLOCALE="en-US"
STUDYLOCALE="en-US"/>


<USER  USERNAME="ZPFkkovacs"
USERTYPE="SPONSOR"
FIRSTNAME="Klara"
LASTNAME="Kovacs"
DISPLAYNAME="Klara Kovacs"
DESCRIPTION="Support Tier I"
COUNTRY="HUNGARY"
PHONE="36"
ALTPHONE="36"
FAX="36"
EMAIL="KLARA.KOVACS@ORACLE.COM"
ACTIVESTATE="true"
DELETESTATE="false"
UPDATE="true"
PASSWORD="x23WZ1ek87AlN68014"
BEEPER="36"
USERDATEFORMAT="DAY_MONTH_YEAR"
HOMESCREENURL="./Portal/default.htm"
USERMUSTRESETPASSWORD="TRUE"
PRODUCTLOCALE="en-US"
STUDYLOCALE="en-US"/>


<USER  USERNAME="ZPFklim"
USERTYPE="SPONSOR"
FIRSTNAME="Kok Koang"
LASTNAME="Lim"
DISPLAYNAME="Kok Koang Lim"
DESCRIPTION="Support Tier I"
COUNTRY="HUNGARY"
PHONE="36"
ALTPHONE="36"
FAX="36"
EMAIL="kok.koang.lim@oracle.com"
ACTIVESTATE="true"
DELETESTATE="false"
UPDATE="true"
PASSWORD="pV34zE0I7gpL16496"
BEEPER="36"
USERDATEFORMAT="DAY_MONTH_YEAR"
HOMESCREENURL="./Portal/default.htm"
USERMUSTRESETPASSWORD="TRUE"
PRODUCTLOCALE="en-US"
STUDYLOCALE="en-US"/>


<USER  USERNAME="ZPFlmate"
USERTYPE="SPONSOR"
FIRSTNAME="Laszlo"
LASTNAME="Mate"
DISPLAYNAME="Laszlo Mate"
DESCRIPTION="Support Tier I"
COUNTRY="HUNGARY"
PHONE="36"
ALTPHONE="36"
FAX="36"
EMAIL="laszlo.mate@oracle.com"
ACTIVESTATE="true"
DELETESTATE="false"
UPDATE="true"
PASSWORD="K1qM4cF5ttQ153781"
BEEPER="36"
USERDATEFORMAT="DAY_MONTH_YEAR"
HOMESCREENURL="./Portal/default.htm"
USERMUSTRESETPASSWORD="TRUE"
PRODUCTLOCALE="en-US"
STUDYLOCALE="en-US"/>


<USER  USERNAME="ZPFcmercado"
USERTYPE="SPONSOR"
FIRSTNAME="Christopher"
LASTNAME="Mercado"
DISPLAYNAME="Christopher Mercado"
DESCRIPTION="Data Entry"
COUNTRY="PHILIPPINES"
PHONE="63"
ALTPHONE="63"
FAX="63"
EMAIL="Christopher.Mercado@oracle.com"
ACTIVESTATE="true"
DELETESTATE="false"
UPDATE="true"
PASSWORD="z68HP3zs4OnI54090"
BEEPER="63"
USERDATEFORMAT="DAY_MONTH_YEAR"
HOMESCREENURL="./Portal/default.htm"
USERMUSTRESETPASSWORD="TRUE"
PRODUCTLOCALE="en-US"
STUDYLOCALE="en-US"/>


<USER  USERNAME="ZPFapervaiz"
USERTYPE="SPONSOR"
FIRSTNAME="Afnan"
LASTNAME="Pervaiz"
DISPLAYNAME="Afnan Pervaiz"
DESCRIPTION="Support Tier I"
COUNTRY="UNITED KINGDOM"
PHONE="4410 44 1628 640 700"
ALTPHONE="44"
FAX="44"
EMAIL="afnan.pervaiz@oracle.com"
ACTIVESTATE="true"
DELETESTATE="false"
UPDATE="true"
PASSWORD="yW60iB26W7qx61M2299"
BEEPER="44"
USERDATEFORMAT="DAY_MONTH_YEAR"
HOMESCREENURL="./Portal/default.htm"
USERMUSTRESETPASSWORD="TRUE"
PRODUCTLOCALE="en-US"
STUDYLOCALE="en-US"/>


<USER  USERNAME="ZPFkpinter"
USERTYPE="SPONSOR"
FIRSTNAME="Katinka"
LASTNAME="Pinter"
DISPLAYNAME="Katinka Pinter"
DESCRIPTION="Support Tier I"
COUNTRY="HUNGARY"
PHONE="36"
ALTPHONE="36"
FAX="36"
EMAIL="katinka.pinter@oracle.com"
ACTIVESTATE="true"
DELETESTATE="false"
UPDATE="true"
PASSWORD="hG4j4Gs2RC1z6769"
BEEPER="36"
USERDATEFORMAT="DAY_MONTH_YEAR"
HOMESCREENURL="./Portal/default.htm"
USERMUSTRESETPASSWORD="TRUE"
PRODUCTLOCALE="en-US"
STUDYLOCALE="en-US"/>


<USER  USERNAME="ZPFnqi"
USERTYPE="SPONSOR"
FIRSTNAME="Nic"
LASTNAME="Qi"
DISPLAYNAME="Nic Qi"
DESCRIPTION="Support Tier I"
COUNTRY="UNITED KINGDOM"
PHONE="44"
ALTPHONE="44"
FAX="44"
EMAIL="xiaoyu.qi@oracle.com"
ACTIVESTATE="true"
DELETESTATE="false"
UPDATE="true"
PASSWORD="cX1f3Ue1WlS97077"
BEEPER="44"
USERDATEFORMAT="DAY_MONTH_YEAR"
HOMESCREENURL="./Portal/default.htm"
USERMUSTRESETPASSWORD="TRUE"
PRODUCTLOCALE="en-US"
STUDYLOCALE="en-US"/>


<USER  USERNAME="ZPFnreis"
USERTYPE="SPONSOR"
FIRSTNAME="Nuno Rodrigo"
LASTNAME="Ribeiro Pereira Reis"
DISPLAYNAME="Nuno Rodrigo Ribeiro Pereira Reis"
DESCRIPTION="Support Tier I"
TITLE="Mr."
COUNTRY="HUNGARY"
PHONE="36"
ALTPHONE="36"
FAX="36"
EMAIL="nuno.reis@oracle.com"
ACTIVESTATE="true"
DELETESTATE="false"
UPDATE="true"
PASSWORD="T8cb4JvR6qQ274670"
BEEPER="36"
USERDATEFORMAT="DAY_MONTH_YEAR"
HOMESCREENURL="./Portal/default.htm"
USERMUSTRESETPASSWORD="TRUE"
PRODUCTLOCALE="en-US"
STUDYLOCALE="en-US"/>


<USER  USERNAME="ZPFasomogyi"
USERTYPE="SPONSOR"
FIRSTNAME="Alexandra"
LASTNAME="Somogyi"
DISPLAYNAME="Alexandra Somogyi"
DESCRIPTION="Support Tier I"
COUNTRY="HUNGARY"
PHONE="36"
ALTPHONE="36"
FAX="36"
EMAIL="alexandra.somogyi@oracle.com"
ACTIVESTATE="true"
DELETESTATE="false"
UPDATE="true"
PASSWORD="I5fgL6dX93v5X9756"
BEEPER="36"
USERDATEFORMAT="DAY_MONTH_YEAR"
HOMESCREENURL="./Portal/default.htm"
USERMUSTRESETPASSWORD="TRUE"
PRODUCTLOCALE="en-US"
STUDYLOCALE="en-US"/>


<USER  USERNAME="ZPFrsulit"
USERTYPE="SPONSOR"
FIRSTNAME="Ronette"
LASTNAME="Sulit"
DISPLAYNAME="Ronette Sulit"
DESCRIPTION="Data Entry"
COUNTRY="PHILIPPINES"
PHONE="63"
ALTPHONE="63"
FAX="63"
EMAIL="Ronette.Sulit@oracle.com"
ACTIVESTATE="true"
DELETESTATE="false"
UPDATE="true"
PASSWORD="yV40pG66dP4i80Q473"
BEEPER="63"
USERDATEFORMAT="DAY_MONTH_YEAR"
HOMESCREENURL="./Portal/default.htm"
USERMUSTRESETPASSWORD="TRUE"
PRODUCTLOCALE="en-US"
STUDYLOCALE="en-US"/>


<USER  USERNAME="ZPFstayco"
USERTYPE="SPONSOR"
FIRSTNAME="Sherylou"
LASTNAME="Tayco"
DISPLAYNAME="Sherylou Tayco"
DESCRIPTION="Support Tier I"
COUNTRY="PHILIPPINES"
PHONE="63"
ALTPHONE="63"
FAX="63"
EMAIL="sherylou.tayco@oracle.com"
ACTIVESTATE="true"
DELETESTATE="false"
UPDATE="true"
PASSWORD="l0ToK7iJ9iA647657"
BEEPER="63"
USERDATEFORMAT="DAY_MONTH_YEAR"
HOMESCREENURL="./Portal/default.htm"
USERMUSTRESETPASSWORD="TRUE"
PRODUCTLOCALE="en-US"
STUDYLOCALE="en-US"/>


<USER  USERNAME="ZPFaterjek"
USERTYPE="SPONSOR"
FIRSTNAME="Andras"
LASTNAME="Terjek"
DISPLAYNAME="Andras Terjek"
DESCRIPTION="Support Tier I"
COUNTRY="HUNGARY"
PHONE="36"
ALTPHONE="36"
FAX="36"
EMAIL="andras.terjek@oracle.com"
ACTIVESTATE="true"
DELETESTATE="false"
UPDATE="true"
PASSWORD="q7JtH28nF1pS07965"
BEEPER="36"
USERDATEFORMAT="DAY_MONTH_YEAR"
HOMESCREENURL="./Portal/default.htm"
USERMUSTRESETPASSWORD="TRUE"
PRODUCTLOCALE="en-US"
STUDYLOCALE="en-US"/>


<USER  USERNAME="ZPFmtoth"
USERTYPE="SPONSOR"
FIRSTNAME="Miklos David"
LASTNAME="Toth"
DISPLAYNAME="Miklos David Toth"
DESCRIPTION="Support Tier I"
TITLE="Mr."
COUNTRY="HUNGARY"
PHONE="36"
ALTPHONE="36"
FAX="36"
EMAIL="miklos.toth@oracle.com"
ACTIVESTATE="true"
DELETESTATE="false"
UPDATE="true"
PASSWORD="zZ7xB4gX49x11S8582"
BEEPER="36"
USERDATEFORMAT="YEAR_MONTH_DAY"
HOMESCREENURL="./Portal/default.htm"
USERMUSTRESETPASSWORD="TRUE"
PRODUCTLOCALE="en-US"
STUDYLOCALE="en-US"/>


<USER  USERNAME="ZPFaktoth"
USERTYPE="SPONSOR"
FIRSTNAME="Akos"
LASTNAME="Toth"
DISPLAYNAME="Akos Toth"
DESCRIPTION="Support Tier 1"
COUNTRY="HUNGARY"
PHONE="36"
ALTPHONE="36"
FAX="36"
EMAIL="akos.toth@oracle.com"
ACTIVESTATE="true"
DELETESTATE="false"
UPDATE="true"
PASSWORD="vI98yE77pB31v5I8273"
BEEPER="36"
USERDATEFORMAT="DAY_MONTH_YEAR"
HOMESCREENURL="./Portal/default.htm"
USERMUSTRESETPASSWORD="TRUE"
PRODUCTLOCALE="en-US"
STUDYLOCALE="en-US"/>


<USER  USERNAME="ZPFpvallar"
USERTYPE="SPONSOR"
FIRSTNAME="Paulnino"
LASTNAME="Vallar"
DISPLAYNAME="Paulnino Vallar"
DESCRIPTION="Support Tier I"
COUNTRY="PHILIPPINES"
PHONE="63"
ALTPHONE="63"
FAX="63"
EMAIL="paulnino.vallar@ORACLE.COM"
ACTIVESTATE="true"
DELETESTATE="false"
UPDATE="true"
PASSWORD="fJ5N5tdM5k6R3152"
BEEPER="63"
USERDATEFORMAT="DAY_MONTH_YEAR"
HOMESCREENURL="./Portal/default.htm"
USERMUSTRESETPASSWORD="TRUE"
PRODUCTLOCALE="en-US"
STUDYLOCALE="en-US"/>


<USER  USERNAME="ZPFgyvarga"
USERTYPE="SPONSOR"
FIRSTNAME="Gyorgy"
LASTNAME="Varga"
DISPLAYNAME="Gyorgy Varga"
DESCRIPTION="Support Tier I"
TITLE="Mr."
COUNTRY="HUNGARY"
PHONE="36"
ALTPHONE="36"
FAX="36"
EMAIL="gyorgy.varga@oracle.com"
ACTIVESTATE="true"
DELETESTATE="false"
UPDATE="true"
PASSWORD="O8gT5ebO11lA88546"
BEEPER="36"
USERDATEFORMAT="DAY_MONTH_YEAR"
HOMESCREENURL="./Portal/default.htm"
USERMUSTRESETPASSWORD="TRUE"
PRODUCTLOCALE="en-US"
STUDYLOCALE="en-US"/>


<USER  USERNAME="ZPFfvarga"
USERTYPE="SPONSOR"
FIRSTNAME="Ferenc"
LASTNAME="Varga"
DISPLAYNAME="Ferenc Varga"
DESCRIPTION="Support Tier I"
COUNTRY="UNITED KINGDOM"
PHONE="44"
ALTPHONE="44"
FAX="44"
EMAIL="ferenc.v.varga@oracle.com"
ACTIVESTATE="true"
DELETESTATE="false"
UPDATE="true"
PASSWORD="s58Di5RsE8qX16139"
BEEPER="44"
USERDATEFORMAT="DAY_MONTH_YEAR"
HOMESCREENURL="./Portal/default.htm"
USERMUSTRESETPASSWORD="TRUE"
PRODUCTLOCALE="en-US"
STUDYLOCALE="en-US"/>


<USER  USERNAME="ZPFawarsama"
USERTYPE="SPONSOR"
FIRSTNAME="Ahmed"
LASTNAME="Warsama"
DISPLAYNAME="Ahmed Warsama"
DESCRIPTION="Support Tier I"
COUNTRY="UNITED KINGDOM"
PHONE="0"
ALTPHONE="44"
FAX="44"
EMAIL="ahmed.warsama@oracle.com"
ACTIVESTATE="true"
DELETESTATE="false"
UPDATE="true"
PASSWORD="rU47C4rx48UK3i4349"
BEEPER="44"
USERDATEFORMAT="DAY_MONTH_YEAR"
HOMESCREENURL="./Portal/default.htm"
USERMUSTRESETPASSWORD="TRUE"
PRODUCTLOCALE="en-US"
STUDYLOCALE="en-US"/>


<USER  USERNAME="ZPFvzdirko"
USERTYPE="SPONSOR"
FIRSTNAME="Viktor"
LASTNAME="Zdirko"
DISPLAYNAME="Viktor Zdirko"
DESCRIPTION="Support Tier I"
COUNTRY="HUNGARY"
PHONE="36"
ALTPHONE="36"
FAX="36"
EMAIL="viktor.zdirko@oracle.com"
ACTIVESTATE="true"
DELETESTATE="false"
UPDATE="true"
PASSWORD="hQ5iJ0gD5i10N1942"
BEEPER="36"
USERDATEFORMAT="DAY_MONTH_YEAR"
HOMESCREENURL="./Portal/default.htm"
USERMUSTRESETPASSWORD="TRUE"
PRODUCTLOCALE="en-US"
STUDYLOCALE="en-US"/>


</MEDMLDATA>