<?xml version="1.0"?>
<MEDMLDATA xmlns="PhaseForward-MedML-Inform4">


<SITE  NAME="(205) Klinikum Immenstadt"    MNEMONIC="205"
ADDRESS="Im Stillen 3 87509 Immenstadt"
COUNTRY="GERMANY"
PHONE="49004983239108171"
ALTPHONE="49"
FAX="49"
TIMEZONE="(UTC+02:00) E. Europe"
SITEDATEFORMAT="DAY_MONTH_YEAR"
STARTDATE="10/17/2016"
STUDYLOCALE="en-US"
SVAUTOSELECTRATE="100"
SVFIRSTNSUBJECTS="100"
/>


<SITE  NAME="(204) Mathias Spital Rheine"    MNEMONIC="204"
ADDRESS="Frankenburgstr 31 48431 Rheine"
COUNTRY="GERMANY"
PHONE="4900495971422701"
ALTPHONE="49"
FAX="49"
TIMEZONE="(UTC+02:00) E. Europe"
SITEDATEFORMAT="DAY_MONTH_YEAR"
STARTDATE="10/17/2016"
STUDYLOCALE="en-US"
SVAUTOSELECTRATE="100"
SVFIRSTNSUBJECTS="100"
/>


<SITE  NAME="(203) RoMed Klinikum Rosenheim"    MNEMONIC="203"
ADDRESS="Pettenkoferstr 10 83022 Rosenheim"
COUNTRY="GERMANY"
PHONE="49004980313657101"
ALTPHONE="49"
FAX="49"
TIMEZONE="(UTC+02:00) E. Europe"
SITEDATEFORMAT="DAY_MONTH_YEAR"
STARTDATE="10/17/2016"
STUDYLOCALE="en-US"
SVAUTOSELECTRATE="100"
SVFIRSTNSUBJECTS="100"
/>


<SITE  NAME="(202) Universitaetsklinikum Erlangen Medizinische Klinik I"    MNEMONIC="202"
ADDRESS="Ulmenweg 18
91054 Erlangen"
COUNTRY="GERMANY"
PHONE="49004991318535245"
ALTPHONE="49"
FAX="49"
TIMEZONE="(UTC+02:00) E. Europe"
SITEDATEFORMAT="DAY_MONTH_YEAR"
STARTDATE="10/17/2016"
STUDYLOCALE="en-US"
SVAUTOSELECTRATE="100"
SVFIRSTNSUBJECTS="100"
/>


<SITE  NAME="(201) Asklepios Fachkliniken Muenchen Gauting Thorakale Onkologie"    MNEMONIC="201"
ADDRESS="Robert Koch Allee 2 82131 Gauting"
COUNTRY="GERMANY"
PHONE="49004989857914111"
ALTPHONE="49"
FAX="49"
TIMEZONE="(UTC+02:00) E. Europe"
SITEDATEFORMAT="DAY_MONTH_YEAR"
STARTDATE="10/17/2016"
STUDYLOCALE="en-US"
SVAUTOSELECTRATE="100"
SVFIRSTNSUBJECTS="100"
/>


<SITE  NAME="(200) Universitaetsklinikum Frankfurt Medizinische Klinik II Haematologie und Onkologie"    MNEMONIC="200"
ADDRESS="Theodor Stein Kai 7 60590 Frankfurt am Main"
COUNTRY="GERMANY"
PHONE="4900496963016217"
ALTPHONE="49"
FAX="49"
TIMEZONE="(UTC+02:00) E. Europe"
SITEDATEFORMAT="DAY_MONTH_YEAR"
STARTDATE="10/17/2016"
STUDYLOCALE="en-US"
SVAUTOSELECTRATE="100"
SVFIRSTNSUBJECTS="100"
/>


<SITE  NAME="(304) Azienda Ospedaliera di Perugia Santa Maria della Misericordia"    MNEMONIC="304"
ADDRESS="Localita delle Fratte 06134 Perugia"
COUNTRY="ITALY"
PHONE="390755784099"
ALTPHONE="39"
FAX="39"
TIMEZONE="(UTC+02:00) E. Europe"
SITEDATEFORMAT="DAY_MONTH_YEAR"
STARTDATE="10/17/2016"
STUDYLOCALE="en-US"
SVAUTOSELECTRATE="100"
SVFIRSTNSUBJECTS="100"
/>


<SITE  NAME="(303) Azienda Ospedaliera  Nuovo Ospedale San Gerardo"    MNEMONIC="303"
ADDRESS="Via Pergolesi 33 20900 Monza"
COUNTRY="ITALY"
PHONE="390392333683"
ALTPHONE="39"
FAX="39"
TIMEZONE="(UTC+02:00) E. Europe"
SITEDATEFORMAT="DAY_MONTH_YEAR"
STARTDATE="10/17/2016"
STUDYLOCALE="en-US"
SVAUTOSELECTRATE="100"
SVFIRSTNSUBJECTS="100"
/>


<SITE  NAME="(302) Oncologia medica Ospedale della Misericordia"    MNEMONIC="302"
ADDRESS="Via Senese 161 58100 Grosseto"
COUNTRY="ITALY"
PHONE="390564483898"
ALTPHONE="39"
FAX="39"
TIMEZONE="(UTC+02:00) E. Europe"
SITEDATEFORMAT="DAY_MONTH_YEAR"
STARTDATE="10/17/2016"
STUDYLOCALE="en-US"
SVAUTOSELECTRATE="100"
SVFIRSTNSUBJECTS="100"
/>


<SITE  NAME="(301) Oncologia Medica A IRCCS Centro riferimento Oncologico CRO"    MNEMONIC="301"
ADDRESS="Via Franco Gallini 2 33801 Aviano"
COUNTRY="ITALY"
PHONE="390434659103"
ALTPHONE="39"
FAX="39"
TIMEZONE="(UTC+02:00) E. Europe"
SITEDATEFORMAT="DAY_MONTH_YEAR"
STARTDATE="10/17/2016"
STUDYLOCALE="en-US"
SVAUTOSELECTRATE="100"
SVFIRSTNSUBJECTS="100"
/>


<SITE  NAME="(300) Dipartimento di Oncologia ed Ematologia Ospedale S Maria delle Croci"    MNEMONIC="300"
ADDRESS="Viale Randi 5 48121 Ravenna"
COUNTRY="ITALY"
PHONE="390544286223"
ALTPHONE="39"
FAX="39"
TIMEZONE="(UTC+02:00) E. Europe"
SITEDATEFORMAT="DAY_MONTH_YEAR"
STARTDATE="10/17/2016"
STUDYLOCALE="en-US"
SVAUTOSELECTRATE="100"
SVFIRSTNSUBJECTS="100"
/>


<SITE  NAME="(403) Hospital Universitario La Fe de Valencia"    MNEMONIC="403"
ADDRESS="Avda de Fernando Abril Martorell 106 Valencia Valencia 46026 Spain"
COUNTRY="SPAIN"
PHONE="34961244188"
ALTPHONE="34"
FAX="34"
TIMEZONE="(UTC+01:00) Belgrade, Bratislava, Budapest, Ljubljana, Prague"
SITEDATEFORMAT="DAY_MONTH_YEAR"
STARTDATE="10/17/2016"
STUDYLOCALE="en-US"
SVAUTOSELECTRATE="100"
SVFIRSTNSUBJECTS="100"
/>


<SITE  NAME="(400) Hospital 12 De Octubre"    MNEMONIC="400"
ADDRESS="Servicio de Oncologia Edificio Materno Infantil  2 planta Carretera De Andalucia Km  5 4"
COUNTRY="SPAIN"
PHONE="340034913908626"
ALTPHONE="34"
FAX="34"
TIMEZONE="(UTC+01:00) Belgrade, Bratislava, Budapest, Ljubljana, Prague"
SITEDATEFORMAT="DAY_MONTH_YEAR"
STARTDATE="10/17/2016"
STUDYLOCALE="en-US"
SVAUTOSELECTRATE="100"
SVFIRSTNSUBJECTS="100"
/>


<SITE  NAME="(402) Hospital General Universitario Gregorio Maranon"    MNEMONIC="402"
ADDRESS="Doctor Esquerdo 46"
COUNTRY="SPAIN"
PHONE="3434914269070"
ALTPHONE="34"
FAX="34"
TIMEZONE="(UTC+01:00) Belgrade, Bratislava, Budapest, Ljubljana, Prague"
SITEDATEFORMAT="DAY_MONTH_YEAR"
STARTDATE="10/17/2016"
STUDYLOCALE="en-US"
SVAUTOSELECTRATE="100"
SVFIRSTNSUBJECTS="100"
/>


<SITE  NAME="(401) Hospital Universitario Ramon y Cajal"    MNEMONIC="401"
ADDRESS="Servicio de Oncologia Sala de Ensayos  Planta  2 Ctra Colmenar Viejo km 9 1"
COUNTRY="SPAIN"
PHONE="3434913368302"
ALTPHONE="34"
FAX="34"
TIMEZONE="(UTC+01:00) Belgrade, Bratislava, Budapest, Ljubljana, Prague"
SITEDATEFORMAT="DAY_MONTH_YEAR"
STARTDATE="10/17/2016"
STUDYLOCALE="en-US"
SVAUTOSELECTRATE="100"
SVFIRSTNSUBJECTS="100"
/>


<SITE  NAME="(404) Hospital Universitario Germans Trias I Pujol"    MNEMONIC="404"
ADDRESS="Servicio de Oncologia Ctra de Canyet s n"
COUNTRY="SPAIN"
PHONE="3434934978925"
ALTPHONE="34"
FAX="34"
TIMEZONE="(UTC+01:00) Belgrade, Bratislava, Budapest, Ljubljana, Prague"
SITEDATEFORMAT="DAY_MONTH_YEAR"
STARTDATE="10/17/2016"
STUDYLOCALE="en-US"
SVAUTOSELECTRATE="100"
SVFIRSTNSUBJECTS="100"
/>


<SITE  NAME="(405) Hospital Clinic i Provincial Oncologia"    MNEMONIC="405"
ADDRESS="Servicio de Oncologia Medica. Villarroel 170"
COUNTRY="SPAIN"
PHONE="340034663701518"
ALTPHONE="34"
FAX="34"
TIMEZONE="(UTC+01:00) Belgrade, Bratislava, Budapest, Ljubljana, Prague"
SITEDATEFORMAT="DAY_MONTH_YEAR"
STARTDATE="10/17/2016"
STUDYLOCALE="en-US"
SVAUTOSELECTRATE="100"
SVFIRSTNSUBJECTS="100"
/>


<SITE  NAME="(100) Cancer Center Acadiana Lafayette General Health"    MNEMONIC="100"
ADDRESS="1211 Coolidge Blvd Suite 100"
COUNTRY="UNITED STATES"
PHONE="13372898656"
ALTPHONE="1"
FAX="1"
TIMEZONE="(UTC-06:00) Central Time (US &#38; Canada)"
SITEDATEFORMAT="DAY_MONTH_YEAR"
STARTDATE="10/17/2016"
STUDYLOCALE="en-US"
SVAUTOSELECTRATE="100"
SVFIRSTNSUBJECTS="100"
/>


<SITE  NAME="(102) University Cancer and Blood Center LLC"    MNEMONIC="102"
ADDRESS="3320 Old Jefferson Road Building 700"
COUNTRY="UNITED STATES"
PHONE="17063532990"
ALTPHONE="1"
FAX="1"
TIMEZONE="(UTC-05:00) Eastern Time (US &#38; Canada)"
SITEDATEFORMAT="DAY_MONTH_YEAR"
STARTDATE="10/17/2016"
STUDYLOCALE="en-US"
SVAUTOSELECTRATE="100"
SVFIRSTNSUBJECTS="100"
/>


<SITE  NAME="(101) University Cancer Institute"    MNEMONIC="101"
ADDRESS="2240 Woolbright Road Suite 415"
COUNTRY="UNITED STATES"
PHONE="15617376556"
ALTPHONE="1"
FAX="1"
TIMEZONE="(UTC-05:00) Eastern Time (US &#38; Canada)"
SITEDATEFORMAT="DAY_MONTH_YEAR"
STARTDATE="10/17/2016"
STUDYLOCALE="en-US"
SVAUTOSELECTRATE="100"
SVFIRSTNSUBJECTS="100"
/>


</MEDMLDATA>