<?xml version="1.0"?>
<MEDMLDATA xmlns="PhaseForward-MedML-Inform4">

<SITEGROUP SITENAME="(110) Andrew Wagner">
<USERREF USERNAME="c015393"/>
<USERREF USERNAME="ye91098"/>
<USERREF USERNAME="c161432"/>
<USERREF USERNAME="z3x2517"/>
<USERREF USERNAME="coder_query"/>
<USERREF USERNAME="i5bmcjgdq_RE"/>
<USERREF USERNAME="c039853"/>
<USERREF USERNAME="z3x1197"/>
<USERREF USERNAME="ZPFlbalubar"/>
<USERREF USERNAME="ZPFnvergara"/>
<USERREF USERNAME="ZPFtcabanes"/>
<USERREF USERNAME="ZPFmandone"/>
<USERREF USERNAME="ZPFgkrucso"/>
<USERREF USERNAME="ZPFabalogh"/>
<USERREF USERNAME="ZPFcmolom"/>
<USERREF USERNAME="ZPFaverpeleti"/>
<USERREF USERNAME="ZPFkbarkoczi"/>
<USERREF USERNAME="ZPFtszabo"/>
<USERREF USERNAME="ZPFsdamato"/>
<USERREF USERNAME="ZPFralorico"/>
<USERREF USERNAME="ZPFoely"/>
<USERREF USERNAME="ZPFkkovacs"/>
<USERREF USERNAME="ZPFfvarga"/>
<USERREF USERNAME="ZPFapervaiz"/>
<USERREF USERNAME="ZPFkpinter"/>
<USERREF USERNAME="ZPFasomogyi"/>
<USERREF USERNAME="ZPFtfabian"/>
<USERREF USERNAME="ZPFjistenes"/>
<USERREF USERNAME="ZPFaterjek"/>
<USERREF USERNAME="ZPFnreis"/>
<USERREF USERNAME="ZPFijohl"/>
<USERREF USERNAME="ZPFddiomede"/>
<USERREF USERNAME="ZPFnqi"/>
<USERREF USERNAME="ZPFgyvarga"/>
<USERREF USERNAME="ZPFprojas"/>
<USERREF USERNAME="ZPFdnagy"/>
<USERREF USERNAME="ZPFstayco"/>
<USERREF USERNAME="ZPFlmate"/>
<USERREF USERNAME="ZPFsaguilar"/>
<USERREF USERNAME="ZPFskholti"/>
<USERREF USERNAME="ZPFrducusin"/>
<USERREF USERNAME="ZPFkcsobalyka"/>
<USERREF USERNAME="ZPFvzdirko"/>
<USERREF USERNAME="ZPFklim"/>
<USERREF USERNAME="ZPFlcseke"/>
<USERREF USERNAME="ZPFmlalangan"/>
<USERREF USERNAME="ZPFvbalint"/>
<USERREF USERNAME="ZPFpvallar"/>
<USERREF USERNAME="ZPFedervishaj"/>
<USERREF USERNAME="ZPFsdasilva"/>
<USERREF USERNAME="ZPFkcco"/>
<USERREF USERNAME="ZPFhtsuchida"/>
<USERREF USERNAME="ZPFmiwaki"/>
<USERREF USERNAME="ZPFawarsama"/>
<USERREF USERNAME="ZPFekosa"/>
<USERREF USERNAME="ZPFpvamos"/>
<USERREF USERNAME="ZPFhhamada"/>
<USERREF USERNAME="ZPFadonio"/>
<USERREF USERNAME="ZPFmyuta"/>
</SITEGROUP>
<SITEGROUP SITENAME="(300) Christophe Massard">
<USERREF USERNAME="i5bmcjgdq_RE"/>
<USERREF USERNAME="coder_query"/>
<USERREF USERNAME="z3x2517"/>
<USERREF USERNAME="c161432"/>
<USERREF USERNAME="ye91098"/>
<USERREF USERNAME="c015393"/>
<USERREF USERNAME="z3x1197"/>
<USERREF USERNAME="c039853"/>
<USERREF USERNAME="ZPFlbalubar"/>
<USERREF USERNAME="ZPFnvergara"/>
<USERREF USERNAME="ZPFtcabanes"/>
<USERREF USERNAME="ZPFmandone"/>
<USERREF USERNAME="ZPFgkrucso"/>
<USERREF USERNAME="ZPFabalogh"/>
<USERREF USERNAME="ZPFcmolom"/>
<USERREF USERNAME="ZPFaverpeleti"/>
<USERREF USERNAME="ZPFkbarkoczi"/>
<USERREF USERNAME="ZPFtszabo"/>
<USERREF USERNAME="ZPFsdamato"/>
<USERREF USERNAME="ZPFralorico"/>
<USERREF USERNAME="ZPFoely"/>
<USERREF USERNAME="ZPFkkovacs"/>
<USERREF USERNAME="ZPFfvarga"/>
<USERREF USERNAME="ZPFapervaiz"/>
<USERREF USERNAME="ZPFkpinter"/>
<USERREF USERNAME="ZPFasomogyi"/>
<USERREF USERNAME="ZPFtfabian"/>
<USERREF USERNAME="ZPFjistenes"/>
<USERREF USERNAME="ZPFaterjek"/>
<USERREF USERNAME="ZPFnreis"/>
<USERREF USERNAME="ZPFijohl"/>
<USERREF USERNAME="ZPFddiomede"/>
<USERREF USERNAME="ZPFnqi"/>
<USERREF USERNAME="ZPFgyvarga"/>
<USERREF USERNAME="ZPFprojas"/>
<USERREF USERNAME="ZPFdnagy"/>
<USERREF USERNAME="ZPFstayco"/>
<USERREF USERNAME="ZPFlmate"/>
<USERREF USERNAME="ZPFsaguilar"/>
<USERREF USERNAME="ZPFskholti"/>
<USERREF USERNAME="ZPFrducusin"/>
<USERREF USERNAME="ZPFkcsobalyka"/>
<USERREF USERNAME="ZPFvzdirko"/>
<USERREF USERNAME="ZPFklim"/>
<USERREF USERNAME="ZPFlcseke"/>
<USERREF USERNAME="ZPFmlalangan"/>
<USERREF USERNAME="ZPFvbalint"/>
<USERREF USERNAME="ZPFpvallar"/>
<USERREF USERNAME="ZPFedervishaj"/>
<USERREF USERNAME="ZPFsdasilva"/>
<USERREF USERNAME="ZPFkcco"/>
<USERREF USERNAME="ZPFhtsuchida"/>
<USERREF USERNAME="ZPFmiwaki"/>
<USERREF USERNAME="ZPFawarsama"/>
<USERREF USERNAME="ZPFekosa"/>
<USERREF USERNAME="ZPFpvamos"/>
<USERREF USERNAME="ZPFhhamada"/>
<USERREF USERNAME="ZPFadonio"/>
<USERREF USERNAME="ZPFmyuta"/>
</SITEGROUP>
<SITEGROUP SITENAME="(120) Jonathan Trent">
<USERREF USERNAME="i5bmcjgdq_RE"/>
<USERREF USERNAME="z3x1197"/>
<USERREF USERNAME="c039853"/>
<USERREF USERNAME="c015393"/>
<USERREF USERNAME="ye91098"/>
<USERREF USERNAME="c161432"/>
<USERREF USERNAME="z3x2517"/>
<USERREF USERNAME="coder_query"/>
<USERREF USERNAME="ZPFlbalubar"/>
<USERREF USERNAME="ZPFnvergara"/>
<USERREF USERNAME="ZPFtcabanes"/>
<USERREF USERNAME="ZPFmandone"/>
<USERREF USERNAME="ZPFgkrucso"/>
<USERREF USERNAME="ZPFabalogh"/>
<USERREF USERNAME="ZPFcmolom"/>
<USERREF USERNAME="ZPFaverpeleti"/>
<USERREF USERNAME="ZPFkbarkoczi"/>
<USERREF USERNAME="ZPFtszabo"/>
<USERREF USERNAME="ZPFsdamato"/>
<USERREF USERNAME="ZPFralorico"/>
<USERREF USERNAME="ZPFoely"/>
<USERREF USERNAME="ZPFkkovacs"/>
<USERREF USERNAME="ZPFfvarga"/>
<USERREF USERNAME="ZPFapervaiz"/>
<USERREF USERNAME="ZPFkpinter"/>
<USERREF USERNAME="ZPFasomogyi"/>
<USERREF USERNAME="ZPFtfabian"/>
<USERREF USERNAME="ZPFjistenes"/>
<USERREF USERNAME="ZPFaterjek"/>
<USERREF USERNAME="ZPFnreis"/>
<USERREF USERNAME="ZPFijohl"/>
<USERREF USERNAME="ZPFddiomede"/>
<USERREF USERNAME="ZPFnqi"/>
<USERREF USERNAME="ZPFgyvarga"/>
<USERREF USERNAME="ZPFprojas"/>
<USERREF USERNAME="ZPFdnagy"/>
<USERREF USERNAME="ZPFstayco"/>
<USERREF USERNAME="ZPFlmate"/>
<USERREF USERNAME="ZPFsaguilar"/>
<USERREF USERNAME="ZPFskholti"/>
<USERREF USERNAME="ZPFrducusin"/>
<USERREF USERNAME="ZPFkcsobalyka"/>
<USERREF USERNAME="ZPFvzdirko"/>
<USERREF USERNAME="ZPFklim"/>
<USERREF USERNAME="ZPFlcseke"/>
<USERREF USERNAME="ZPFmlalangan"/>
<USERREF USERNAME="ZPFvbalint"/>
<USERREF USERNAME="ZPFpvallar"/>
<USERREF USERNAME="ZPFedervishaj"/>
<USERREF USERNAME="ZPFsdasilva"/>
<USERREF USERNAME="ZPFkcco"/>
<USERREF USERNAME="ZPFhtsuchida"/>
<USERREF USERNAME="ZPFmiwaki"/>
<USERREF USERNAME="ZPFawarsama"/>
<USERREF USERNAME="ZPFekosa"/>
<USERREF USERNAME="ZPFpvamos"/>
<USERREF USERNAME="ZPFhhamada"/>
<USERREF USERNAME="ZPFadonio"/>
<USERREF USERNAME="ZPFmyuta"/>
</SITEGROUP>
<SITEGROUP SITENAME="(130) Melissa Burgess">
<USERREF USERNAME="ye91098"/>
<USERREF USERNAME="c161432"/>
<USERREF USERNAME="z3x2517"/>
<USERREF USERNAME="coder_query"/>
<USERREF USERNAME="i5bmcjgdq_RE"/>
<USERREF USERNAME="c015393"/>
<USERREF USERNAME="z3x1197"/>
<USERREF USERNAME="c039853"/>
<USERREF USERNAME="ZPFlbalubar"/>
<USERREF USERNAME="ZPFnvergara"/>
<USERREF USERNAME="ZPFtcabanes"/>
<USERREF USERNAME="ZPFmandone"/>
<USERREF USERNAME="ZPFgkrucso"/>
<USERREF USERNAME="ZPFabalogh"/>
<USERREF USERNAME="ZPFcmolom"/>
<USERREF USERNAME="ZPFaverpeleti"/>
<USERREF USERNAME="ZPFkbarkoczi"/>
<USERREF USERNAME="ZPFtszabo"/>
<USERREF USERNAME="ZPFsdamato"/>
<USERREF USERNAME="ZPFralorico"/>
<USERREF USERNAME="ZPFoely"/>
<USERREF USERNAME="ZPFkkovacs"/>
<USERREF USERNAME="ZPFfvarga"/>
<USERREF USERNAME="ZPFapervaiz"/>
<USERREF USERNAME="ZPFkpinter"/>
<USERREF USERNAME="ZPFasomogyi"/>
<USERREF USERNAME="ZPFtfabian"/>
<USERREF USERNAME="ZPFjistenes"/>
<USERREF USERNAME="ZPFaterjek"/>
<USERREF USERNAME="ZPFnreis"/>
<USERREF USERNAME="ZPFijohl"/>
<USERREF USERNAME="ZPFddiomede"/>
<USERREF USERNAME="ZPFnqi"/>
<USERREF USERNAME="ZPFgyvarga"/>
<USERREF USERNAME="ZPFprojas"/>
<USERREF USERNAME="ZPFdnagy"/>
<USERREF USERNAME="ZPFstayco"/>
<USERREF USERNAME="ZPFlmate"/>
<USERREF USERNAME="ZPFsaguilar"/>
<USERREF USERNAME="ZPFskholti"/>
<USERREF USERNAME="ZPFrducusin"/>
<USERREF USERNAME="ZPFkcsobalyka"/>
<USERREF USERNAME="ZPFvzdirko"/>
<USERREF USERNAME="ZPFklim"/>
<USERREF USERNAME="ZPFlcseke"/>
<USERREF USERNAME="ZPFmlalangan"/>
<USERREF USERNAME="ZPFvbalint"/>
<USERREF USERNAME="ZPFpvallar"/>
<USERREF USERNAME="ZPFedervishaj"/>
<USERREF USERNAME="ZPFsdasilva"/>
<USERREF USERNAME="ZPFkcco"/>
<USERREF USERNAME="ZPFhtsuchida"/>
<USERREF USERNAME="ZPFmiwaki"/>
<USERREF USERNAME="ZPFawarsama"/>
<USERREF USERNAME="ZPFekosa"/>
<USERREF USERNAME="ZPFpvamos"/>
<USERREF USERNAME="ZPFhhamada"/>
<USERREF USERNAME="ZPFadonio"/>
<USERREF USERNAME="ZPFmyuta"/>
</SITEGROUP>
<SITEGROUP SITENAME="(400) Niels Junker">
<USERREF USERNAME="c039853"/>
<USERREF USERNAME="z3x1197"/>
<USERREF USERNAME="c015393"/>
<USERREF USERNAME="ye91098"/>
<USERREF USERNAME="c161432"/>
<USERREF USERNAME="z3x2517"/>
<USERREF USERNAME="coder_query"/>
<USERREF USERNAME="i5bmcjgdq_RE"/>
<USERREF USERNAME="ZPFlbalubar"/>
<USERREF USERNAME="ZPFnvergara"/>
<USERREF USERNAME="ZPFtcabanes"/>
<USERREF USERNAME="ZPFmandone"/>
<USERREF USERNAME="ZPFgkrucso"/>
<USERREF USERNAME="ZPFabalogh"/>
<USERREF USERNAME="ZPFcmolom"/>
<USERREF USERNAME="ZPFaverpeleti"/>
<USERREF USERNAME="ZPFkbarkoczi"/>
<USERREF USERNAME="ZPFtszabo"/>
<USERREF USERNAME="ZPFsdamato"/>
<USERREF USERNAME="ZPFralorico"/>
<USERREF USERNAME="ZPFoely"/>
<USERREF USERNAME="ZPFkkovacs"/>
<USERREF USERNAME="ZPFfvarga"/>
<USERREF USERNAME="ZPFapervaiz"/>
<USERREF USERNAME="ZPFkpinter"/>
<USERREF USERNAME="ZPFasomogyi"/>
<USERREF USERNAME="ZPFtfabian"/>
<USERREF USERNAME="ZPFjistenes"/>
<USERREF USERNAME="ZPFaterjek"/>
<USERREF USERNAME="ZPFnreis"/>
<USERREF USERNAME="ZPFijohl"/>
<USERREF USERNAME="ZPFddiomede"/>
<USERREF USERNAME="ZPFnqi"/>
<USERREF USERNAME="ZPFgyvarga"/>
<USERREF USERNAME="ZPFprojas"/>
<USERREF USERNAME="ZPFdnagy"/>
<USERREF USERNAME="ZPFstayco"/>
<USERREF USERNAME="ZPFlmate"/>
<USERREF USERNAME="ZPFsaguilar"/>
<USERREF USERNAME="ZPFskholti"/>
<USERREF USERNAME="ZPFrducusin"/>
<USERREF USERNAME="ZPFkcsobalyka"/>
<USERREF USERNAME="ZPFvzdirko"/>
<USERREF USERNAME="ZPFklim"/>
<USERREF USERNAME="ZPFlcseke"/>
<USERREF USERNAME="ZPFmlalangan"/>
<USERREF USERNAME="ZPFvbalint"/>
<USERREF USERNAME="ZPFpvallar"/>
<USERREF USERNAME="ZPFedervishaj"/>
<USERREF USERNAME="ZPFsdasilva"/>
<USERREF USERNAME="ZPFkcco"/>
<USERREF USERNAME="ZPFhtsuchida"/>
<USERREF USERNAME="ZPFmiwaki"/>
<USERREF USERNAME="ZPFawarsama"/>
<USERREF USERNAME="ZPFekosa"/>
<USERREF USERNAME="ZPFpvamos"/>
<USERREF USERNAME="ZPFhhamada"/>
<USERREF USERNAME="ZPFadonio"/>
<USERREF USERNAME="ZPFmyuta"/>
</SITEGROUP>
<SITEGROUP SITENAME="(200) Patrick Schoffski">
<USERREF USERNAME="ye91098"/>
<USERREF USERNAME="c015393"/>
<USERREF USERNAME="pschoffski"/>
<USERREF USERNAME="jcostermans"/>
<USERREF USERNAME="amoniquet"/>
<USERREF USERNAME="i5bmcjgdq_RE"/>
<USERREF USERNAME="coder_query"/>
<USERREF USERNAME="z3x2517"/>
<USERREF USERNAME="c161432"/>
<USERREF USERNAME="z3x1197"/>
<USERREF USERNAME="c039853"/>
<USERREF USERNAME="ZPFlbalubar"/>
<USERREF USERNAME="ZPFnvergara"/>
<USERREF USERNAME="ZPFtcabanes"/>
<USERREF USERNAME="ZPFmandone"/>
<USERREF USERNAME="ZPFgkrucso"/>
<USERREF USERNAME="ZPFabalogh"/>
<USERREF USERNAME="ZPFcmolom"/>
<USERREF USERNAME="ZPFaverpeleti"/>
<USERREF USERNAME="ZPFkbarkoczi"/>
<USERREF USERNAME="ZPFtszabo"/>
<USERREF USERNAME="ZPFsdamato"/>
<USERREF USERNAME="ZPFralorico"/>
<USERREF USERNAME="ZPFoely"/>
<USERREF USERNAME="ZPFkkovacs"/>
<USERREF USERNAME="ZPFfvarga"/>
<USERREF USERNAME="ZPFapervaiz"/>
<USERREF USERNAME="ZPFkpinter"/>
<USERREF USERNAME="ZPFasomogyi"/>
<USERREF USERNAME="ZPFtfabian"/>
<USERREF USERNAME="ZPFjistenes"/>
<USERREF USERNAME="ZPFaterjek"/>
<USERREF USERNAME="ZPFnreis"/>
<USERREF USERNAME="ZPFijohl"/>
<USERREF USERNAME="ZPFddiomede"/>
<USERREF USERNAME="ZPFnqi"/>
<USERREF USERNAME="ZPFgyvarga"/>
<USERREF USERNAME="ZPFprojas"/>
<USERREF USERNAME="ZPFdnagy"/>
<USERREF USERNAME="ZPFstayco"/>
<USERREF USERNAME="ZPFlmate"/>
<USERREF USERNAME="ZPFsaguilar"/>
<USERREF USERNAME="ZPFskholti"/>
<USERREF USERNAME="ZPFrducusin"/>
<USERREF USERNAME="ZPFkcsobalyka"/>
<USERREF USERNAME="ZPFvzdirko"/>
<USERREF USERNAME="ZPFklim"/>
<USERREF USERNAME="ZPFlcseke"/>
<USERREF USERNAME="ZPFmlalangan"/>
<USERREF USERNAME="ZPFvbalint"/>
<USERREF USERNAME="ZPFpvallar"/>
<USERREF USERNAME="ZPFedervishaj"/>
<USERREF USERNAME="ZPFsdasilva"/>
<USERREF USERNAME="ZPFkcco"/>
<USERREF USERNAME="ZPFhtsuchida"/>
<USERREF USERNAME="ZPFmiwaki"/>
<USERREF USERNAME="ZPFawarsama"/>
<USERREF USERNAME="ZPFekosa"/>
<USERREF USERNAME="ZPFpvamos"/>
<USERREF USERNAME="ZPFhhamada"/>
<USERREF USERNAME="ZPFadonio"/>
<USERREF USERNAME="ZPFmyuta"/>
</SITEGROUP>
<SITEGROUP SITENAME="(100) William Tap">
<USERREF USERNAME="coder_query"/>
<USERREF USERNAME="z3x2517"/>
<USERREF USERNAME="c161432"/>
<USERREF USERNAME="ye91098"/>
<USERREF USERNAME="z3x1197"/>
<USERREF USERNAME="c039853"/>
<USERREF USERNAME="wtap"/>
<USERREF USERNAME="i5bmcjgdq_RE"/>
<USERREF USERNAME="c015393"/>
<USERREF USERNAME="ZPFlbalubar"/>
<USERREF USERNAME="ZPFnvergara"/>
<USERREF USERNAME="ZPFtcabanes"/>
<USERREF USERNAME="ZPFmandone"/>
<USERREF USERNAME="ZPFgkrucso"/>
<USERREF USERNAME="ZPFabalogh"/>
<USERREF USERNAME="ZPFcmolom"/>
<USERREF USERNAME="ZPFaverpeleti"/>
<USERREF USERNAME="ZPFkbarkoczi"/>
<USERREF USERNAME="ZPFtszabo"/>
<USERREF USERNAME="ZPFsdamato"/>
<USERREF USERNAME="ZPFralorico"/>
<USERREF USERNAME="ZPFoely"/>
<USERREF USERNAME="ZPFkkovacs"/>
<USERREF USERNAME="ZPFfvarga"/>
<USERREF USERNAME="ZPFapervaiz"/>
<USERREF USERNAME="ZPFkpinter"/>
<USERREF USERNAME="ZPFasomogyi"/>
<USERREF USERNAME="ZPFtfabian"/>
<USERREF USERNAME="ZPFjistenes"/>
<USERREF USERNAME="ZPFaterjek"/>
<USERREF USERNAME="ZPFnreis"/>
<USERREF USERNAME="ZPFijohl"/>
<USERREF USERNAME="ZPFddiomede"/>
<USERREF USERNAME="ZPFnqi"/>
<USERREF USERNAME="ZPFgyvarga"/>
<USERREF USERNAME="ZPFprojas"/>
<USERREF USERNAME="ZPFdnagy"/>
<USERREF USERNAME="ZPFstayco"/>
<USERREF USERNAME="ZPFlmate"/>
<USERREF USERNAME="ZPFsaguilar"/>
<USERREF USERNAME="ZPFskholti"/>
<USERREF USERNAME="ZPFrducusin"/>
<USERREF USERNAME="ZPFkcsobalyka"/>
<USERREF USERNAME="ZPFvzdirko"/>
<USERREF USERNAME="ZPFklim"/>
<USERREF USERNAME="ZPFlcseke"/>
<USERREF USERNAME="ZPFmlalangan"/>
<USERREF USERNAME="ZPFvbalint"/>
<USERREF USERNAME="ZPFpvallar"/>
<USERREF USERNAME="ZPFedervishaj"/>
<USERREF USERNAME="ZPFsdasilva"/>
<USERREF USERNAME="ZPFkcco"/>
<USERREF USERNAME="ZPFhtsuchida"/>
<USERREF USERNAME="ZPFmiwaki"/>
<USERREF USERNAME="ZPFawarsama"/>
<USERREF USERNAME="ZPFekosa"/>
<USERREF USERNAME="ZPFpvamos"/>
<USERREF USERNAME="ZPFhhamada"/>
<USERREF USERNAME="ZPFadonio"/>
<USERREF USERNAME="ZPFmyuta"/>
</SITEGROUP>

</MEDMLDATA>