<?xml version="1.0"?>
<MEDMLDATA xmlns="PhaseForward-MedML-Inform4">


<RIGHTSGROUP  GROUPNAME="Coding Query Rights Group">
<!-- Insert Users -->
<USERREF USERNAME="coder_query"/>

</RIGHTSGROUP>

<RIGHTSGROUP  GROUPNAME="Data Manager">
<!-- Insert Users -->
<USERREF USERNAME="z1x1703"/>
<USERREF USERNAME="c018771"/>
<USERREF USERNAME="rm93493"/>

</RIGHTSGROUP>

<RIGHTSGROUP  GROUPNAME="GPS">
<!-- Insert Users -->
<USERREF USERNAME="c022433"/>
<USERREF USERNAME="rm80655"/>
<USERREF USERNAME="rm87794"/>
<USERREF USERNAME="c026390"/>
<USERREF USERNAME="c058698"/>
<USERREF USERNAME="c015393"/>
<USERREF USERNAME="u7x2510"/>
<USERREF USERNAME="c090108"/>
<USERREF USERNAME="c135748"/>
<USERREF USERNAME="rm36132"/>
<USERREF USERNAME="ye91098"/>
<USERREF USERNAME="a608261"/>
<USERREF USERNAME="rm90029"/>
<USERREF USERNAME="c071673"/>
<USERREF USERNAME="v6x8058"/>
<USERREF USERNAME="c039853"/>
<USERREF USERNAME="c149066"/>
<USERREF USERNAME="c131994"/>
<USERREF USERNAME="a803075"/>
<USERREF USERNAME="rm87430"/>
<USERREF USERNAME="c089548"/>
<USERREF USERNAME="c075541"/>
<USERREF USERNAME="c026393"/>
<USERREF USERNAME="a511471"/>

</RIGHTSGROUP>

<RIGHTSGROUP  GROUPNAME="Monitor">
<!-- Insert Users -->
<USERREF USERNAME="z2x7034"/>
<USERREF USERNAME="z2x0873"/>
<USERREF USERNAME="C191602"/>
<USERREF USERNAME="C198898"/>
<USERREF USERNAME="z1x2603"/>
<USERREF USERNAME="z3x2051"/>

</RIGHTSGROUP>

<RIGHTSGROUP  GROUPNAME="Monitor Manager">
<!-- Insert Users -->
<USERREF USERNAME="c165082"/>
<USERREF USERNAME="Z2X6497"/>
<USERREF USERNAME="z1x4081"/>

</RIGHTSGROUP>

<RIGHTSGROUP  GROUPNAME="PI">
<!-- Insert Users -->
<USERREF USERNAME="gmendez"/>
<USERREF USERNAME="candrea"/>
<USERREF USERNAME="eroca"/>
<USERREF USERNAME="jmetges"/>
<USERREF USERNAME="jbachet"/>
<USERREF USERNAME="cdreyer"/>
<USERREF USERNAME="jforestier"/>
<USERREF USERNAME="ctournigand"/>
<USERREF USERNAME="mschenker"/>
<USERREF USERNAME="ostovicek"/>
<USERREF USERNAME="audrea"/>
<USERREF USERNAME="malvarenga"/>
<USERREF USERNAME="stomas"/>
<USERREF USERNAME="ebanu"/>
<USERREF USERNAME="aigor"/>
<USERREF USERNAME="mjozef"/>
<USERREF USERNAME="llipton"/>
<USERREF USERNAME="kpali"/>
<USERREF USERNAME="kpapp"/>
<USERREF USERNAME="eeder"/>
<USERREF USERNAME="gyszentmartoni"/>
<USERREF USERNAME="aherzal"/>
<USERREF USERNAME="ddiaconescu"/>
<USERREF USERNAME="mjoseph"/>
<USERREF USERNAME="dswinson"/>
<USERREF USERNAME="rpetty"/>
<USERREF USERNAME="ekacskovics"/>
<USERREF USERNAME="ebodor"/>
<USERREF USERNAME="kszakacs"/>
<USERREF USERNAME="rkowalyszyn"/>
<USERREF USERNAME="gmarechal"/>
<USERREF USERNAME="cmichieri"/>
<USERREF USERNAME="jcundom"/>
<USERREF USERNAME="ddamianovich"/>
<USERREF USERNAME="jedwards"/>
<USERREF USERNAME="gvanhazel"/>
<USERREF USERNAME="nsinghal"/>
<USERREF USERNAME="glerzo"/>
<USERREF USERNAME="lfein"/>
<USERREF USERNAME="cmorgan"/>
<USERREF USERNAME="ltoy"/>
<USERREF USERNAME="wmansoor"/>

</RIGHTSGROUP>

<RIGHTSGROUP  GROUPNAME="PI Sign Only">
<!-- Insert Users -->
<USERREF USERNAME="tcsoszi"/>
<USERREF USERNAME="mdank"/>
<USERREF USERNAME="mnechaeva"/>
<USERREF USERNAME="mtejani"/>
<USERREF USERNAME="aluft"/>
<USERREF USERNAME="siqbal"/>
<USERREF USERNAME="gheestand"/>
<USERREF USERNAME="jajani"/>
<USERREF USERNAME="jhwang"/>
<USERREF USERNAME="scole"/>
<USERREF USERNAME="aruzsa"/>
<USERREF USERNAME="icoroian"/>
<USERREF USERNAME="rleidner"/>
<USERREF USERNAME="etoth"/>
<USERREF USERNAME="ilifirenko"/>

</RIGHTSGROUP>

<RIGHTSGROUP  GROUPNAME="Report Extractor">
<!-- Insert Users -->
<USERREF USERNAME="i4tmcjvdb_RE"/>

</RIGHTSGROUP>

<RIGHTSGROUP  GROUPNAME="SC">
<!-- Insert Users -->
<USERREF USERNAME="cyumatle"/>
<USERREF USERNAME="jfrancese"/>
<USERREF USERNAME="sroldan"/>
<USERREF USERNAME="agupta"/>
<USERREF USERNAME="mcarney"/>
<USERREF USERNAME="vlane"/>
<USERREF USERNAME="jinnesrowe"/>
<USERREF USERNAME="jberridge"/>
<USERREF USERNAME="sgoodger"/>
<USERREF USERNAME="mwhelan"/>
<USERREF USERNAME="fjuarez"/>
<USERREF USERNAME="fkreik"/>
<USERREF USERNAME="yfontela"/>
<USERREF USERNAME="jrobbio"/>
<USERREF USERNAME="bshum"/>
<USERREF USERNAME="fnguyen"/>
<USERREF USERNAME="pslobodian"/>
<USERREF USERNAME="amilton"/>
<USERREF USERNAME="agarcia"/>
<USERREF USERNAME="laranibar"/>
<USERREF USERNAME="cyoung"/>
<USERREF USERNAME="acrossley"/>
<USERREF USERNAME="medmonds"/>
<USERREF USERNAME="ibaker"/>
<USERREF USERNAME="hkeith"/>
<USERREF USERNAME="ejohn"/>
<USERREF USERNAME="acottin"/>
<USERREF USERNAME="kraab"/>
<USERREF USERNAME="ksegissement"/>
<USERREF USERNAME="eprome"/>
<USERREF USERNAME="htimera"/>
<USERREF USERNAME="agheorghe"/>
<USERREF USERNAME="rferrari"/>
<USERREF USERNAME="nbagum"/>
<USERREF USERNAME="edavey"/>
<USERREF USERNAME="asmith"/>
<USERREF USERNAME="yto"/>
<USERREF USERNAME="jbyerly"/>
<USERREF USERNAME="jnagaeva"/>
<USERREF USERNAME="lkoek"/>
<USERREF USERNAME="mpigareva"/>
<USERREF USERNAME="mkrupina"/>
<USERREF USERNAME="esolovyeva"/>
<USERREF USERNAME="ashpilevskaya"/>
<USERREF USERNAME="kjana"/>
<USERREF USERNAME="jbaker"/>
<USERREF USERNAME="htipton"/>
<USERREF USERNAME="etuzlukova"/>
<USERREF USERNAME="yabaevaev"/>
<USERREF USERNAME="sdaniela"/>
<USERREF USERNAME="acismaru"/>
<USERREF USERNAME="abanu"/>

</RIGHTSGROUP>

<RIGHTSGROUP  GROUPNAME="Study Manager">
<!-- Insert Users -->
<USERREF USERNAME="z1x1988"/>

</RIGHTSGROUP>

<RIGHTSGROUP  GROUPNAME="User Activator RG">
<!-- Insert Users -->
<USERREF USERNAME="ZPFelibao"/>
<USERREF USERNAME="ZPFmandone"/>
<USERREF USERNAME="ZPFdmorales"/>
<USERREF USERNAME="ZPFxgao"/>
<USERREF USERNAME="ZPFepenzes"/>
<USERREF USERNAME="ZPFckalinyak"/>
<USERREF USERNAME="ZPFjktan"/>
<USERREF USERNAME="ZPFobodnar"/>
<USERREF USERNAME="ZPFedervishaj"/>
<USERREF USERNAME="ZPFhsekine"/>
<USERREF USERNAME="ZPFjmacatangay"/>
<USERREF USERNAME="ZPFrducusin"/>
<USERREF USERNAME="ZPFdnagy"/>
<USERREF USERNAME="ZPFlstoica"/>
<USERREF USERNAME="ZPFrlogronio"/>
<USERREF USERNAME="ZPFprojas"/>
<USERREF USERNAME="ZPFgkrucso"/>
<USERREF USERNAME="ZPFrcalorico"/>
<USERREF USERNAME="ZPFvsoni"/>
<USERREF USERNAME="ZPFvyana"/>
<USERREF USERNAME="ZPFmiwaki"/>
<USERREF USERNAME="ZPFsdamato"/>
<USERREF USERNAME="ZPFmjcabuhayan"/>
<USERREF USERNAME="ZPFwcarmelo"/>
<USERREF USERNAME="ZPFpmiranda"/>

</RIGHTSGROUP>

<RIGHTSGROUP  GROUPNAME="User Manager RG">
<!-- Insert Users -->
<USERREF USERNAME="ZPFaterjek"/>
<USERREF USERNAME="ZPFbnagy"/>
<USERREF USERNAME="ZPFtfabian"/>
<USERREF USERNAME="ZPFasalazar"/>
<USERREF USERNAME="ZPFdhitosis"/>
<USERREF USERNAME="ZPFfenero"/>
<USERREF USERNAME="ZPFjlin"/>
<USERREF USERNAME="ZPFmkhella"/>
<USERREF USERNAME="ZPFapervaiz"/>
<USERREF USERNAME="ZPFfvarga"/>
<USERREF USERNAME="ZPFkkovacs"/>
<USERREF USERNAME="ZPFoely"/>
<USERREF USERNAME="ZPFkbarkoczi"/>
<USERREF USERNAME="ZPFrcauad"/>
<USERREF USERNAME="ZPFryu"/>
<USERREF USERNAME="ZPFpvallar"/>
<USERREF USERNAME="ZPFjsun"/>
<USERREF USERNAME="ZPFjwang"/>
<USERREF USERNAME="ZPFsgazso"/>
<USERREF USERNAME="ZPFklim"/>
<USERREF USERNAME="ZPFkcsobalyka"/>
<USERREF USERNAME="ZPFskholti"/>
<USERREF USERNAME="ZPFsaguilar"/>
<USERREF USERNAME="ZPFaolah"/>
<USERREF USERNAME="ZPFtszabo"/>
<USERREF USERNAME="ZPFrnoveno"/>
<USERREF USERNAME="ZPFlbalubar"/>
<USERREF USERNAME="ZPFdcleto"/>
<USERREF USERNAME="ZPFhtsuchida"/>
<USERREF USERNAME="ZPFjcamacho"/>
<USERREF USERNAME="ZPFgyvarga"/>
<USERREF USERNAME="ZPFmtoth"/>
<USERREF USERNAME="ZPFnqi"/>
<USERREF USERNAME="ZPFcmercado"/>
<USERREF USERNAME="ZPFijohl"/>
<USERREF USERNAME="ZPFdvittay"/>
<USERREF USERNAME="ZPFmnistor"/>
<USERREF USERNAME="ZPFnreis"/>
<USERREF USERNAME="ZPFgrodriguez"/>
<USERREF USERNAME="ZPFjsumiya"/>
<USERREF USERNAME="ZPFtcabanes"/>
<USERREF USERNAME="ZPFnvergara"/>
<USERREF USERNAME="ZPFjpati"/>
<USERREF USERNAME="ZPFmgarcia"/>
<USERREF USERNAME="ZPFekosa"/>
<USERREF USERNAME="ZPFawarsama"/>
<USERREF USERNAME="ZPFjcalbento"/>
<USERREF USERNAME="ZPFnabogado"/>
<USERREF USERNAME="ZPFrsulit"/>
<USERREF USERNAME="ZPFmarintoc"/>

</RIGHTSGROUP>

</MEDMLDATA>