<?xml version="1.0"?>
<MEDMLDATA xmlns="PhaseForward-MedML-Inform4">


<SITE  NAME="(457) Burnside War Memorial Hospital"    MNEMONIC="457"
ADDRESS="120 Kensington Road Toorak Gardens South Australia 5065"
COUNTRY="AUSTRALIA"
PHONE="6161882027222"
ALTPHONE="61"
FAX="61"
TIMEZONE="(UTC+09:30) Darwin"
SITEDATEFORMAT="DAY_MONTH_YEAR"
STARTDATE="04/04/2018"
STUDYLOCALE="en-US"
SVAUTOSELECTRATE="100"
SVFIRSTNSUBJECTS="100"
/>


<SITE  NAME="(452) Flinders Medical Centre"    MNEMONIC="452"
ADDRESS="Flinders Drive Bedford Park Adelaide South Australia"
COUNTRY="AUSTRALIA"
PHONE="616.1082e+010"
ALTPHONE="61"
FAX="61"
TIMEZONE="(UTC+09:30) Darwin"
SITEDATEFORMAT="DAY_MONTH_YEAR"
STARTDATE="04/04/2018"
STUDYLOCALE="en-US"
SVAUTOSELECTRATE="100"
SVFIRSTNSUBJECTS="100"
/>


<SITE  NAME="(450) Prince of Wales Hospital"    MNEMONIC="450"
ADDRESS="Att Clinical Trials Pharmacy Department Level 2 Via Loading Dock 3 High Street Randwick New South Wales"
COUNTRY="AUSTRALIA"
PHONE="6161293822606"
ALTPHONE="61"
FAX="61"
TIMEZONE="(UTC+09:30) Darwin"
SITEDATEFORMAT="DAY_MONTH_YEAR"
STARTDATE="04/04/2018"
STUDYLOCALE="en-US"
SVAUTOSELECTRATE="100"
SVFIRSTNSUBJECTS="100"
/>


<SITE  NAME="(454) Concord Repatratiation General Hospital"    MNEMONIC="454"
ADDRESS="Hospital Rd Concord New South Wales"
COUNTRY="AUSTRALIA"
PHONE="6161295156183"
ALTPHONE="61"
FAX="61"
TIMEZONE="(UTC+09:30) Darwin"
SITEDATEFORMAT="DAY_MONTH_YEAR"
STARTDATE="04/04/2018"
STUDYLOCALE="en-US"
SVAUTOSELECTRATE="100"
SVFIRSTNSUBJECTS="100"
/>


<SITE  NAME="(453) Peter MacCallum Cancer Centre"    MNEMONIC="453"
ADDRESS="305 Grattan St Melbourne Victoria"
COUNTRY="AUSTRALIA"
PHONE="6161383452000"
ALTPHONE="61"
FAX="61"
TIMEZONE="(UTC+09:30) Darwin"
SITEDATEFORMAT="DAY_MONTH_YEAR"
STARTDATE="04/04/2018"
STUDYLOCALE="en-US"
SVAUTOSELECTRATE="100"
SVFIRSTNSUBJECTS="100"
/>


<SITE  NAME="(451) Westmead Hospital"    MNEMONIC="451"
ADDRESS="Cancer Care Pharmacy Crown Princess Mary Cancer Centre Corner Darcy and Hawkesbury Roads Wentworthville New South Wales"
COUNTRY="AUSTRALIA"
PHONE="6161288906944"
ALTPHONE="61"
FAX="61"
TIMEZONE="(UTC+09:30) Darwin"
SITEDATEFORMAT="DAY_MONTH_YEAR"
STARTDATE="04/04/2018"
STUDYLOCALE="en-US"
SVAUTOSELECTRATE="100"
SVFIRSTNSUBJECTS="100"
/>


<SITE  NAME="(456) Royal Brisbane and Womens Hospital"    MNEMONIC="456"
ADDRESS="Butterfield Street Herston Queensland"
COUNTRY="AUSTRALIA"
PHONE="6161733943388"
ALTPHONE="61"
FAX="61"
TIMEZONE="(UTC+09:30) Darwin"
SITEDATEFORMAT="DAY_MONTH_YEAR"
STARTDATE="04/04/2018"
STUDYLOCALE="en-US"
SVAUTOSELECTRATE="100"
SVFIRSTNSUBJECTS="100"
/>


<SITE  NAME="(455) Mater Adult Hospital Brisbane"    MNEMONIC="455"
ADDRESS="Division of Cancer Services Level 3 Raymond Terrace South Brisbane Queensland"
COUNTRY="AUSTRALIA"
PHONE="6161731636166"
ALTPHONE="61"
FAX="61"
TIMEZONE="(UTC+09:30) Darwin"
SITEDATEFORMAT="DAY_MONTH_YEAR"
STARTDATE="04/04/2018"
STUDYLOCALE="en-US"
SVAUTOSELECTRATE="100"
SVFIRSTNSUBJECTS="100"
/>


<SITE  NAME="(350) Universitair Ziekenhuis Leuven"    MNEMONIC="350"
ADDRESS="Herestraat 49 3000 Leuven"
COUNTRY="BELGIUM"
PHONE="32003216344635"
ALTPHONE="32"
FAX="32"
TIMEZONE="(UTC+01:00) Belgrade, Bratislava, Budapest, Ljubljana, Prague"
SITEDATEFORMAT="DAY_MONTH_YEAR"
STARTDATE="04/04/2018"
STUDYLOCALE="en-US"
SVAUTOSELECTRATE="100"
SVFIRSTNSUBJECTS="100"
/>


<SITE  NAME="(352) Institut Jules Bordet"    MNEMONIC="352"
ADDRESS="Boulevard de Waterloo 121 1000 Brussels"
COUNTRY="BELGIUM"
PHONE="32003225417225"
ALTPHONE="32"
FAX="32"
TIMEZONE="(UTC+01:00) Belgrade, Bratislava, Budapest, Ljubljana, Prague"
SITEDATEFORMAT="DAY_MONTH_YEAR"
STARTDATE="04/04/2018"
STUDYLOCALE="en-US"
SVAUTOSELECTRATE="100"
SVFIRSTNSUBJECTS="100"
/>


<SITE  NAME="(351) GZA Sint Augustinus"    MNEMONIC="351"
ADDRESS="Oosterveldlaan 24 2610 Wilrijk"
COUNTRY="BELGIUM"
PHONE="32003234433014"
ALTPHONE="32"
FAX="32"
TIMEZONE="(UTC+01:00) Belgrade, Bratislava, Budapest, Ljubljana, Prague"
SITEDATEFORMAT="DAY_MONTH_YEAR"
STARTDATE="04/04/2018"
STUDYLOCALE="en-US"
SVAUTOSELECTRATE="100"
SVFIRSTNSUBJECTS="100"
/>


<SITE  NAME="(252) Sheba Medical Center -Oncology"    MNEMONIC="252"
ADDRESS="Clinical trials unit Oncology Division Tel Hashomer Ramat Gan 5265601
Israel"
COUNTRY="ISRAEL"
PHONE="97297235304437"
ALTPHONE="972"
FAX="972"
TIMEZONE="(UTC+02:00) Jerusalem"
SITEDATEFORMAT="DAY_MONTH_YEAR"
STARTDATE="04/04/2018"
STUDYLOCALE="en-US"
SVAUTOSELECTRATE="100"
SVFIRSTNSUBJECTS="100"
/>


<SITE  NAME="(251) Shaare Zedek Medical Center Oncology"    MNEMONIC="251"
ADDRESS="12 Beit Shmuel St Jerusalem 9103102
Israel"
COUNTRY="ISRAEL"
PHONE="97297226555727"
ALTPHONE="972"
FAX="972"
TIMEZONE="(UTC+02:00) Jerusalem"
SITEDATEFORMAT="DAY_MONTH_YEAR"
STARTDATE="04/04/2018"
STUDYLOCALE="en-US"
SVAUTOSELECTRATE="100"
SVFIRSTNSUBJECTS="100"
/>


<SITE  NAME="(250) Rambam Medical Center GynecoOncology"    MNEMONIC="250"
ADDRESS="8 Haaliya Hashniya St POB 9602 Haifa Israel 3109601"
COUNTRY="ISRAEL"
PHONE="97297247771796"
ALTPHONE="972"
FAX="972"
TIMEZONE="(UTC+02:00) Jerusalem"
SITEDATEFORMAT="DAY_MONTH_YEAR"
STARTDATE="04/04/2018"
STUDYLOCALE="en-US"
SVAUTOSELECTRATE="100"
SVFIRSTNSUBJECTS="100"
/>


<SITE  NAME="(303) Policlinico Univiversitario Agostino Gemelli"    MNEMONIC="303"
ADDRESS="UO complessa di ginecologia oncologica Largo Agostino Gemelli 8 Roma 00168"
COUNTRY="ITALY"
PHONE="3900390630158545"
ALTPHONE="39"
FAX="39"
TIMEZONE="(UTC+02:00) Chisinau"
SITEDATEFORMAT="DAY_MONTH_YEAR"
STARTDATE="04/04/2018"
STUDYLOCALE="en-US"
SVAUTOSELECTRATE="100"
SVFIRSTNSUBJECTS="100"
/>


<SITE  NAME="(302) Istituto Nazionale dei Tumori"    MNEMONIC="302"
ADDRESS="Via Giacomo Venezian 1 Milano  20133"
COUNTRY="ITALY"
PHONE="3900390223903697"
ALTPHONE="39"
FAX="39"
TIMEZONE="(UTC+02:00) Chisinau"
SITEDATEFORMAT="DAY_MONTH_YEAR"
STARTDATE="04/04/2018"
STUDYLOCALE="en-US"
SVAUTOSELECTRATE="100"
SVFIRSTNSUBJECTS="100"
/>


<SITE  NAME="(301) Istituto Tumori Fondazione  Pascale"    MNEMONIC="301"
ADDRESS="Ginecologia Oncologica Via Mariano Semmola 12 Napoli  80131"
COUNTRY="ITALY"
PHONE="3900390815903637"
ALTPHONE="39"
FAX="39"
TIMEZONE="(UTC+02:00) Chisinau"
SITEDATEFORMAT="DAY_MONTH_YEAR"
STARTDATE="04/04/2018"
STUDYLOCALE="en-US"
SVAUTOSELECTRATE="100"
SVFIRSTNSUBJECTS="100"
/>


<SITE  NAME="(300) Istituto Europeo di Oncologia"    MNEMONIC="300"
ADDRESS="Ginecologia Oncologica Via Giuseppe Ripamonti 435 Milano 20141"
COUNTRY="ITALY"
PHONE="3900390257489562"
ALTPHONE="39"
FAX="39"
TIMEZONE="(UTC+02:00) Chisinau"
SITEDATEFORMAT="DAY_MONTH_YEAR"
STARTDATE="04/04/2018"
STUDYLOCALE="en-US"
SVAUTOSELECTRATE="100"
SVFIRSTNSUBJECTS="100"
/>


<SITE  NAME="(553) Severance Hospital"    MNEMONIC="553"
ADDRESS="50 1 Yonsei ro Seodaemun gu Seoul"
COUNTRY="KOREA, REPUBLIC OF"
PHONE="82821040721220"
ALTPHONE="82"
FAX="82"
TIMEZONE="(UTC+09:00) Seoul"
SITEDATEFORMAT="DAY_MONTH_YEAR"
STARTDATE="04/04/2018"
STUDYLOCALE="en-US"
SVAUTOSELECTRATE="100"
SVFIRSTNSUBJECTS="100"
/>


<SITE  NAME="(550) Samsung Medical Center"    MNEMONIC="550"
ADDRESS="81 Irwon ro Gangnam gu Seoul"
COUNTRY="KOREA, REPUBLIC OF"
PHONE="8282234103513"
ALTPHONE="82"
FAX="82"
TIMEZONE="(UTC+09:00) Seoul"
SITEDATEFORMAT="DAY_MONTH_YEAR"
STARTDATE="04/04/2018"
STUDYLOCALE="en-US"
SVAUTOSELECTRATE="100"
SVFIRSTNSUBJECTS="100"
/>


<SITE  NAME="(552) Asan Medical Center"    MNEMONIC="552"
ADDRESS="88 Olympic ro 43 gil Songpa gu Seoul"
COUNTRY="KOREA, REPUBLIC OF"
PHONE="8282230103640"
ALTPHONE="82"
FAX="82"
TIMEZONE="(UTC+09:00) Seoul"
SITEDATEFORMAT="DAY_MONTH_YEAR"
STARTDATE="04/04/2018"
STUDYLOCALE="en-US"
SVAUTOSELECTRATE="100"
SVFIRSTNSUBJECTS="100"
/>


<SITE  NAME="(551) Seoul National University Hospital"    MNEMONIC="551"
ADDRESS="101 Daehak ro Jongno gu Seoul"
COUNTRY="KOREA, REPUBLIC OF"
PHONE="8282220723511"
ALTPHONE="82"
FAX="82"
TIMEZONE="(UTC+09:00) Seoul"
SITEDATEFORMAT="DAY_MONTH_YEAR"
STARTDATE="04/04/2018"
STUDYLOCALE="en-US"
SVAUTOSELECTRATE="100"
SVFIRSTNSUBJECTS="100"
/>


<SITE  NAME="(205) Hospital de la Santa Creu i Sant Pa- Oncology"    MNEMONIC="205"
ADDRESS="C MAS CASANOVAS 90 08041 Barcelona"
COUNTRY="SPAIN"
PHONE="3434935565638"
ALTPHONE="34"
FAX="34"
TIMEZONE="(UTC+02:00) Chisinau"
SITEDATEFORMAT="DAY_MONTH_YEAR"
STARTDATE="04/04/2018"
STUDYLOCALE="en-US"
SVAUTOSELECTRATE="100"
SVFIRSTNSUBJECTS="100"
/>


<SITE  NAME="(204) Hospital Universitario La Paz Oncology"    MNEMONIC="204"
ADDRESS="Servicio de Oncologia Medica Paseo Castellana 261 28046 Madrid"
COUNTRY="SPAIN"
PHONE="3434917277516"
ALTPHONE="34"
FAX="34"
TIMEZONE="(UTC+02:00) Chisinau"
SITEDATEFORMAT="DAY_MONTH_YEAR"
STARTDATE="04/04/2018"
STUDYLOCALE="en-US"
SVAUTOSELECTRATE="100"
SVFIRSTNSUBJECTS="100"
/>


<SITE  NAME="(203) Hospital Universitario 12 de Octubre  Oncology"    MNEMONIC="203"
ADDRESS="Servicio Oncologia Medica Edificio Materno Infantil 2 planta Carretera De Andalucia Km 5 4 28041 Madrid"
COUNTRY="SPAIN"
PHONE="3434913908923"
ALTPHONE="34"
FAX="34"
TIMEZONE="(UTC+02:00) Chisinau"
SITEDATEFORMAT="DAY_MONTH_YEAR"
STARTDATE="04/04/2018"
STUDYLOCALE="en-US"
SVAUTOSELECTRATE="100"
SVFIRSTNSUBJECTS="100"
/>


<SITE  NAME="(200) Hospital Clinico Universitario Virgen de la Victoria HHUU Regional de Malaga Oncology"    MNEMONIC="200"
ADDRESS="Avda Carlos Haya sn 29010 Malaga"
COUNTRY="SPAIN"
PHONE="3434951032083"
ALTPHONE="34"
FAX="34"
TIMEZONE="(UTC+02:00) Chisinau"
SITEDATEFORMAT="DAY_MONTH_YEAR"
STARTDATE="04/04/2018"
STUDYLOCALE="en-US"
SVAUTOSELECTRATE="100"
SVFIRSTNSUBJECTS="100"
/>


<SITE  NAME="(206) Hospital Universitario Ramon y Cajal Oncology"    MNEMONIC="206"
ADDRESS="Ctra Colmenar Viejo km 9 1 28034 Madrid"
COUNTRY="SPAIN"
PHONE="3434913368000"
ALTPHONE="34"
FAX="34"
TIMEZONE="(UTC+02:00) Chisinau"
SITEDATEFORMAT="DAY_MONTH_YEAR"
STARTDATE="04/04/2018"
STUDYLOCALE="en-US"
SVAUTOSELECTRATE="100"
SVFIRSTNSUBJECTS="100"
/>


<SITE  NAME="(202) Hospital Reina Sofia Provincial Oncology"    MNEMONIC="202"
ADDRESS="Avda Menendez Pidal sn 14004 Cordoba"
COUNTRY="SPAIN"
PHONE="3434957011464"
ALTPHONE="34"
FAX="34"
TIMEZONE="(UTC+02:00) Chisinau"
SITEDATEFORMAT="DAY_MONTH_YEAR"
STARTDATE="04/04/2018"
STUDYLOCALE="en-US"
SVAUTOSELECTRATE="100"
SVFIRSTNSUBJECTS="100"
/>


<SITE  NAME="(201) Hospital Vall d Hebron Oncology"    MNEMONIC="201"
ADDRESS="Passeig Vall dHebron 119 129 08035 Barcelona"
COUNTRY="SPAIN"
PHONE="3434934894350"
ALTPHONE="34"
FAX="34"
TIMEZONE="(UTC+02:00) Chisinau"
SITEDATEFORMAT="DAY_MONTH_YEAR"
STARTDATE="04/04/2018"
STUDYLOCALE="en-US"
SVAUTOSELECTRATE="100"
SVFIRSTNSUBJECTS="100"
/>


<SITE  NAME="(406) Mount Vernon Cancer Centre"    MNEMONIC="406"
ADDRESS="Upper West Rickmansworth Road Northwood Middlesex HA6 2RN"
COUNTRY="UNITED KINGDOM"
PHONE="44442038262106"
ALTPHONE="44"
FAX="44"
TIMEZONE="(UTC+00:00) Dublin, Edinburgh, Lisbon, London"
SITEDATEFORMAT="DAY_MONTH_YEAR"
STARTDATE="04/04/2018"
STUDYLOCALE="en-US"
SVAUTOSELECTRATE="100"
SVFIRSTNSUBJECTS="100"
/>


<SITE  NAME="(405) The Royal Marsden Hospital"    MNEMONIC="405"
ADDRESS="203 Fulham Rd Chelsea London SW3 6JJ UK"
COUNTRY="UNITED KINGDOM"
PHONE="440"
ALTPHONE="44"
FAX="44"
TIMEZONE="(UTC+00:00) Dublin, Edinburgh, Lisbon, London"
SITEDATEFORMAT="DAY_MONTH_YEAR"
STARTDATE="04/04/2018"
STUDYLOCALE="en-US"
SVAUTOSELECTRATE="100"
SVFIRSTNSUBJECTS="100"
/>


<SITE  NAME="(404) University College London Hospital Foundation Trust"    MNEMONIC="404"
ADDRESS="Cancer Clinical Trials Unit 1st Floor East 250 Euston Road London NW1 2BU"
COUNTRY="UNITED KINGDOM"
PHONE="44442034477121"
ALTPHONE="44"
FAX="44"
TIMEZONE="(UTC+00:00) Dublin, Edinburgh, Lisbon, London"
SITEDATEFORMAT="DAY_MONTH_YEAR"
STARTDATE="04/04/2018"
STUDYLOCALE="en-US"
SVAUTOSELECTRATE="100"
SVFIRSTNSUBJECTS="100"
/>


<SITE  NAME="(403) Northampton General Hospital NHS Trust"    MNEMONIC="403"
ADDRESS="Cliftonville Northampton NN1 5BD UK"
COUNTRY="UNITED KINGDOM"
PHONE="440"
ALTPHONE="44"
FAX="44"
TIMEZONE="(UTC+00:00) Dublin, Edinburgh, Lisbon, London"
SITEDATEFORMAT="DAY_MONTH_YEAR"
STARTDATE="04/04/2018"
STUDYLOCALE="en-US"
SVAUTOSELECTRATE="100"
SVFIRSTNSUBJECTS="100"
/>


<SITE  NAME="(402) Beatson West of Scotland Cancer Centre"    MNEMONIC="402"
ADDRESS="1053 Great Western Road Glasgow Scotland G12 0YN"
COUNTRY="UNITED KINGDOM"
PHONE="44441413017000"
ALTPHONE="44"
FAX="44"
TIMEZONE="(UTC+00:00) Dublin, Edinburgh, Lisbon, London"
SITEDATEFORMAT="DAY_MONTH_YEAR"
STARTDATE="04/04/2018"
STUDYLOCALE="en-US"
SVAUTOSELECTRATE="100"
SVFIRSTNSUBJECTS="100"
/>


<SITE  NAME="(401) Royal Surrey County Hospital"    MNEMONIC="401"
ADDRESS="Egerton Road Guildford Surrey GU2 7XX"
COUNTRY="UNITED KINGDOM"
PHONE="44441483571122"
ALTPHONE="44"
FAX="44"
TIMEZONE="(UTC+00:00) Dublin, Edinburgh, Lisbon, London"
SITEDATEFORMAT="DAY_MONTH_YEAR"
STARTDATE="04/04/2018"
STUDYLOCALE="en-US"
SVAUTOSELECTRATE="100"
SVFIRSTNSUBJECTS="100"
/>


<SITE  NAME="(400) The Christie Hospital NHS Trust"    MNEMONIC="400"
ADDRESS="Withington Wilmslow Road Manchester Greater Manchester M20 4BX UK"
COUNTRY="UNITED KINGDOM"
PHONE="440"
ALTPHONE="44"
FAX="44"
TIMEZONE="(UTC+00:00) Dublin, Edinburgh, Lisbon, London"
SITEDATEFORMAT="DAY_MONTH_YEAR"
STARTDATE="04/04/2018"
STUDYLOCALE="en-US"
SVAUTOSELECTRATE="100"
SVFIRSTNSUBJECTS="100"
/>


<SITE  NAME="(118) Kaiser Permanente  Vallejo"    MNEMONIC="118"
ADDRESS="975 Sereno Dr Vallejo CA 94589"
COUNTRY="UNITED STATES"
PHONE="17076512797"
ALTPHONE="1"
FAX="1"
TIMEZONE="(UTC-08:00) Pacific Time (US &#38; Canada)"
SITEDATEFORMAT="DAY_MONTH_YEAR"
STARTDATE="04/04/2018"
STUDYLOCALE="en-US"
SVAUTOSELECTRATE="100"
SVFIRSTNSUBJECTS="100"
/>


<SITE  NAME="(117) Seattle Cancer Care Alliance"    MNEMONIC="117"
ADDRESS="825 Eastlake Ave East Seattle Washington 98109"
COUNTRY="UNITED STATES"
PHONE="12066061187"
ALTPHONE="1"
FAX="1"
TIMEZONE="(UTC-08:00) Pacific Time (US &#38; Canada)"
SITEDATEFORMAT="DAY_MONTH_YEAR"
STARTDATE="04/04/2018"
STUDYLOCALE="en-US"
SVAUTOSELECTRATE="100"
SVFIRSTNSUBJECTS="100"
/>


<SITE  NAME="(113) Sanford Health USD"    MNEMONIC="113"
ADDRESS="1018 W 18th St Sioux Falls South Dakota 57104"
COUNTRY="UNITED STATES"
PHONE="16053281379"
ALTPHONE="1"
FAX="1"
TIMEZONE="(UTC-07:00) Mountain Time (US &#38; Canada)"
SITEDATEFORMAT="DAY_MONTH_YEAR"
STARTDATE="04/04/2018"
STUDYLOCALE="en-US"
SVAUTOSELECTRATE="100"
SVFIRSTNSUBJECTS="100"
/>


<SITE  NAME="(110) Sarah Cannon Research Institute SCRI"    MNEMONIC="110"
ADDRESS="1100 Charlotte Avenue Suite 800 Nashville Tennessee 37203"
COUNTRY="UNITED STATES"
PHONE="16153297274"
ALTPHONE="1"
FAX="1"
TIMEZONE="(UTC-06:00) Central Time (US &#38; Canada)"
SITEDATEFORMAT="DAY_MONTH_YEAR"
STARTDATE="04/04/2018"
STUDYLOCALE="en-US"
SVAUTOSELECTRATE="100"
SVFIRSTNSUBJECTS="100"
/>


<SITE  NAME="(109) HCA Midwest Sarah Cannon Research Institute SCRI"    MNEMONIC="109"
ADDRESS="2340 E Meyer Boulevard Suite 310 Kansas City Missouri 64132"
COUNTRY="UNITED STATES"
PHONE="18162764000"
ALTPHONE="1"
FAX="1"
TIMEZONE="(UTC-06:00) Central Time (US &#38; Canada)"
SITEDATEFORMAT="DAY_MONTH_YEAR"
STARTDATE="04/04/2018"
STUDYLOCALE="en-US"
SVAUTOSELECTRATE="100"
SVFIRSTNSUBJECTS="100"
/>


<SITE  NAME="(108) Tennessee Oncology Nashville Sarah Cannon Research Institute SCRI"    MNEMONIC="108"
ADDRESS="250 25th Avenue North Suite 100 Nashville Tennessee 37203"
COUNTRY="UNITED STATES"
PHONE="16153205090"
ALTPHONE="1"
FAX="1"
TIMEZONE="(UTC-06:00) Central Time (US &#38; Canada)"
SITEDATEFORMAT="DAY_MONTH_YEAR"
STARTDATE="04/04/2018"
STUDYLOCALE="en-US"
SVAUTOSELECTRATE="100"
SVFIRSTNSUBJECTS="100"
/>


<SITE  NAME="(106) Oklahoma Cancer Specialists and Research Institute"    MNEMONIC="106"
ADDRESS="12697 E 51st Street South Tulsa Oklahoma 74146"
COUNTRY="UNITED STATES"
PHONE="191850532014075"
ALTPHONE="1"
FAX="1"
TIMEZONE="(UTC-06:00) Central Time (US &#38; Canada)"
SITEDATEFORMAT="DAY_MONTH_YEAR"
STARTDATE="04/04/2018"
STUDYLOCALE="en-US"
SVAUTOSELECTRATE="100"
SVFIRSTNSUBJECTS="100"
/>


<SITE  NAME="(102) University of Tennessee Medical Center Knoxville Cancer Institute"    MNEMONIC="102"
ADDRESS="1926 Alcoa Highway Building F Knoxville Tennessee 37920"
COUNTRY="UNITED STATES"
PHONE="18653055622"
ALTPHONE="1"
FAX="1"
TIMEZONE="(UTC-06:00) Central Time (US &#38; Canada)"
SITEDATEFORMAT="DAY_MONTH_YEAR"
STARTDATE="04/04/2018"
STUDYLOCALE="en-US"
SVAUTOSELECTRATE="100"
SVFIRSTNSUBJECTS="100"
/>


<SITE  NAME="(116) Sarasota Memorial Healthcare System"    MNEMONIC="116"
ADDRESS="1700 South Tamiami Trail Sarasota Florida 34239"
COUNTRY="UNITED STATES"
PHONE="19419178789"
ALTPHONE="1"
FAX="1"
TIMEZONE="(UTC-05:00) Eastern Time (US &#38; Canada)"
SITEDATEFORMAT="DAY_MONTH_YEAR"
STARTDATE="04/04/2018"
STUDYLOCALE="en-US"
SVAUTOSELECTRATE="100"
SVFIRSTNSUBJECTS="100"
/>


<SITE  NAME="(111) University of Florida Hematology Oncology"    MNEMONIC="111"
ADDRESS="Division of Hematology Oncology 1600 Southwest Archer Road Medical Science Building M4 401 Gainesville Florida 32610"
COUNTRY="UNITED STATES"
PHONE="13522650725"
ALTPHONE="1"
FAX="1"
TIMEZONE="(UTC-05:00) Eastern Time (US &#38; Canada)"
SITEDATEFORMAT="DAY_MONTH_YEAR"
STARTDATE="04/04/2018"
STUDYLOCALE="en-US"
SVAUTOSELECTRATE="100"
SVFIRSTNSUBJECTS="100"
/>


<SITE  NAME="(103) Rhode Island Hospital"    MNEMONIC="103"
ADDRESS="593 Eddy St Providence Rhode Island 02903"
COUNTRY="UNITED STATES"
PHONE="14014448856"
ALTPHONE="1"
FAX="1"
TIMEZONE="(UTC-05:00) Eastern Time (US &#38; Canada)"
SITEDATEFORMAT="DAY_MONTH_YEAR"
STARTDATE="04/04/2018"
STUDYLOCALE="en-US"
SVAUTOSELECTRATE="100"
SVFIRSTNSUBJECTS="100"
/>


<SITE  NAME="(104) Dana Farber Cancer Institute"    MNEMONIC="104"
ADDRESS="Dana Farber Cancer Institute 450 Brookline Ave Boston Massachusetts 02215"
COUNTRY="UNITED STATES"
PHONE="16176322334"
ALTPHONE="1"
FAX="1"
TIMEZONE="(UTC-05:00) Eastern Time (US &#38; Canada)"
SITEDATEFORMAT="DAY_MONTH_YEAR"
STARTDATE="04/04/2018"
STUDYLOCALE="en-US"
SVAUTOSELECTRATE="100"
SVFIRSTNSUBJECTS="100"
/>


<SITE  NAME="(101) Thomas Jefferson University Oncology CRMO"    MNEMONIC="101"
ADDRESS="925 Chestnut Street 3rd Floor Philadelphia Pennsylvania 19107"
COUNTRY="UNITED STATES"
PHONE="12159556200"
ALTPHONE="1"
FAX="1"
TIMEZONE="(UTC-05:00) Eastern Time (US &#38; Canada)"
SITEDATEFORMAT="DAY_MONTH_YEAR"
STARTDATE="04/04/2018"
STUDYLOCALE="en-US"
SVAUTOSELECTRATE="100"
SVFIRSTNSUBJECTS="100"
/>


<SITE  NAME="(107) UC-Davis Comprehensive Cancer Center"    MNEMONIC="107"
ADDRESS="Davis Cancer Center 4501 X Street Sacramento California 95817"
COUNTRY="UNITED STATES"
PHONE="19167345959"
ALTPHONE="1"
FAX="1"
TIMEZONE="(UTC+10:00) Guam, Port Moresby"
SITEDATEFORMAT="DAY_MONTH_YEAR"
STARTDATE="04/04/2018"
STUDYLOCALE="en-US"
SVAUTOSELECTRATE="100"
SVFIRSTNSUBJECTS="100"
/>


<SITE  NAME="(105) Arizona Oncology Associates Hope Orange"    MNEMONIC="105"
ADDRESS="603 N Wilmot Rd Suite 151 Tucson Arizona 85710"
COUNTRY="UNITED STATES"
PHONE="15202693821"
ALTPHONE="1"
FAX="1"
TIMEZONE="(UTC+10:00) Guam, Port Moresby"
SITEDATEFORMAT="DAY_MONTH_YEAR"
STARTDATE="04/04/2018"
STUDYLOCALE="en-US"
SVAUTOSELECTRATE="100"
SVFIRSTNSUBJECTS="100"
/>


<SITE  NAME="(112) Dartmouth Hitchcock Medical Center Lebanon"    MNEMONIC="112"
ADDRESS="1 Medical Center Drive B6 L4
Lebanon New Hampshire 03756"
COUNTRY="UNITED STATES"
PHONE="16036539298"
ALTPHONE="1"
FAX="1"
TIMEZONE="(UTC-05:00) Chetumal"
SITEDATEFORMAT="DAY_MONTH_YEAR"
STARTDATE="04/04/2018"
STUDYLOCALE="en-US"
SVAUTOSELECTRATE="100"
SVFIRSTNSUBJECTS="100"
/>


</MEDMLDATA>