<?xml version="1.0"?>
<MEDMLDATA xmlns="PhaseForward-MedML-Inform4">


<RIGHTSGROUP  GROUPNAME="Coding Query Rights Group">
<!-- Insert Users -->
<USERREF USERNAME="coder_query"/>

</RIGHTSGROUP>

<RIGHTSGROUP  GROUPNAME="Data Manager">
<!-- Insert Users -->
<USERREF USERNAME="z2x1894"/>
<USERREF USERNAME="z2x2291"/>
<USERREF USERNAME="c252421"/>
<USERREF USERNAME="c247680"/>
<USERREF USERNAME="c026936"/>

</RIGHTSGROUP>

<RIGHTSGROUP  GROUPNAME="GPS">
<!-- Insert Users -->
<USERREF USERNAME="c074090"/>
<USERREF USERNAME="c068505"/>
<USERREF USERNAME="c149066"/>
<USERREF USERNAME="c074342"/>
<USERREF USERNAME="c021984"/>
<USERREF USERNAME="rm35504"/>
<USERREF USERNAME="c131994"/>
<USERREF USERNAME="yex7972"/>
<USERREF USERNAME="c227370"/>
<USERREF USERNAME="c243048"/>
<USERREF USERNAME="c039863"/>
<USERREF USERNAME="c137396"/>
<USERREF USERNAME="c243050"/>
<USERREF USERNAME="c219898"/>
<USERREF USERNAME="c225389"/>
<USERREF USERNAME="a701824"/>
<USERREF USERNAME="yex8021"/>
<USERREF USERNAME="yex7920"/>
<USERREF USERNAME="rm87794"/>
<USERREF USERNAME="c196248"/>
<USERREF USERNAME="c228246"/>
<USERREF USERNAME="c100415"/>
<USERREF USERNAME="c225929"/>
<USERREF USERNAME="u7X4333"/>
<USERREF USERNAME="c069132"/>
<USERREF USERNAME="c243054"/>
<USERREF USERNAME="c247616"/>
<USERREF USERNAME="a015765"/>
<USERREF USERNAME="c202987"/>
<USERREF USERNAME="u6x6712"/>
<USERREF USERNAME="v6x8058"/>
<USERREF USERNAME="c090108"/>
<USERREF USERNAME="c039853"/>
<USERREF USERNAME="c243032"/>
<USERREF USERNAME="c243049"/>
<USERREF USERNAME="yex7750"/>
<USERREF USERNAME="c252078"/>
<USERREF USERNAME="c149177"/>
<USERREF USERNAME="c244333"/>
<USERREF USERNAME="c257193"/>
<USERREF USERNAME="c257194"/>
<USERREF USERNAME="c075541"/>
<USERREF USERNAME="c074429"/>
<USERREF USERNAME="c058698"/>
<USERREF USERNAME="c206388"/>
<USERREF USERNAME="c083101"/>
<USERREF USERNAME="c244714"/>
<USERREF USERNAME="rm89018"/>
<USERREF USERNAME="c249923"/>
<USERREF USERNAME="c243030"/>
<USERREF USERNAME="c071673"/>
<USERREF USERNAME="C249885"/>
<USERREF USERNAME="c243031"/>
<USERREF USERNAME="yex7231"/>
<USERREF USERNAME="v6x8356"/>
<USERREF USERNAME="c025980"/>
<USERREF USERNAME="yex7614"/>
<USERREF USERNAME="c239605"/>
<USERREF USERNAME="a608760"/>
<USERREF USERNAME="c143125"/>
<USERREF USERNAME="c189327"/>
<USERREF USERNAME="c135748"/>
<USERREF USERNAME="c223292"/>
<USERREF USERNAME="c068502"/>
<USERREF USERNAME="c228248"/>
<USERREF USERNAME="c228247"/>
<USERREF USERNAME="c257199"/>
<USERREF USERNAME="c085302"/>
<USERREF USERNAME="c194055"/>
<USERREF USERNAME="ye91098"/>
<USERREF USERNAME="c149470"/>
<USERREF USERNAME="rm37825"/>
<USERREF USERNAME="c228250"/>
<USERREF USERNAME="c199642"/>
<USERREF USERNAME="c196683"/>
<USERREF USERNAME="c228249"/>
<USERREF USERNAME="ye73456"/>
<USERREF USERNAME="c203058"/>
<USERREF USERNAME="c148827"/>
<USERREF USERNAME="c206591"/>
<USERREF USERNAME="c257195"/>

</RIGHTSGROUP>

<RIGHTSGROUP  GROUPNAME="Monitor">
<!-- Insert Users -->
<USERREF USERNAME="C263547"/>
<USERREF USERNAME="C254766"/>
<USERREF USERNAME="C211378"/>
<USERREF USERNAME="C219246"/>
<USERREF USERNAME="C238189"/>
<USERREF USERNAME="C223965"/>
<USERREF USERNAME="c246696"/>
<USERREF USERNAME="C242108"/>
<USERREF USERNAME="C262590"/>
<USERREF USERNAME="C261053"/>

</RIGHTSGROUP>

<RIGHTSGROUP  GROUPNAME="ODM Rights Group">
<!-- Insert Users -->
<USERREF USERNAME="odm_user"/>

</RIGHTSGROUP>

<RIGHTSGROUP  GROUPNAME="PFView Only">
<!-- Insert Users -->
<USERREF USERNAME="ZPFprojas"/>
<USERREF USERNAME="ZPFsdamato"/>
<USERREF USERNAME="ZPFkbarkoczi"/>
<USERREF USERNAME="ZPFmsajid"/>

</RIGHTSGROUP>

<RIGHTSGROUP  GROUPNAME="PI">
<!-- Insert Users -->
<USERREF USERNAME="orosengarten"/>

</RIGHTSGROUP>

<RIGHTSGROUP  GROUPNAME="PI Sign Only">
<!-- Insert Users -->
<USERREF USERNAME="cshannon"/>
<USERREF USERNAME="ehamilton"/>
<USERREF USERNAME="mhall"/>
<USERREF USERNAME="sbanjeree"/>
<USERREF USERNAME="jwkim"/>
<USERREF USERNAME="jbuscema"/>
<USERREF USERNAME="jylee"/>
<USERREF USERNAME="ahamilton"/>
<USERREF USERNAME="ldirix"/>
<USERREF USERNAME="pneven"/>
<USERREF USERNAME="ivergote"/>
<USERREF USERNAME="lmanso"/>
<USERREF USERNAME="acortess"/>

</RIGHTSGROUP>

<RIGHTSGROUP  GROUPNAME="Report Extractor">
<!-- Insert Users -->
<USERREF USERNAME="i4dmcjtjn_RE"/>

</RIGHTSGROUP>

<RIGHTSGROUP  GROUPNAME="SC">
<!-- Insert Users -->
<USERREF USERNAME="vtaylor"/>
<USERREF USERNAME="cparcescu"/>
<USERREF USERNAME="smiller"/>
<USERREF USERNAME="Kturner"/>
<USERREF USERNAME="kcampbell"/>
<USERREF USERNAME="lcarpeno"/>
<USERREF USERNAME="npolo"/>
<USERREF USERNAME="dsherizen"/>
<USERREF USERNAME="rgavish"/>
<USERREF USERNAME="tvandyck"/>
<USERREF USERNAME="lvandeneynde"/>
<USERREF USERNAME="jderoover"/>
<USERREF USERNAME="tcox"/>
<USERREF USERNAME="gklorin"/>
<USERREF USERNAME="jklinker"/>
<USERREF USERNAME="mstone"/>
<USERREF USERNAME="mjshin"/>
<USERREF USERNAME="stijeras"/>
<USERREF USERNAME="rmedina"/>
<USERREF USERNAME="jhealy"/>
<USERREF USERNAME="tfischer"/>
<USERREF USERNAME="kfitch"/>
<USERREF USERNAME="jhjo"/>
<USERREF USERNAME="clennon"/>
<USERREF USERNAME="ajunghans"/>
<USERREF USERNAME="jpeckston"/>
<USERREF USERNAME="gbolanos"/>
<USERREF USERNAME="klong"/>
<USERREF USERNAME="mfranklin"/>
<USERREF USERNAME="ghna"/>
<USERREF USERNAME="ldudgeon"/>
<USERREF USERNAME="ehozack"/>
<USERREF USERNAME="lmoore"/>
<USERREF USERNAME="kbamford"/>
<USERREF USERNAME="mbell"/>
<USERREF USERNAME="lbrown"/>
<USERREF USERNAME="prnshin"/>
<USERREF USERNAME="mhnam"/>
<USERREF USERNAME="akempa"/>
<USERREF USERNAME="nbarnes"/>
<USERREF USERNAME="jrussell"/>

</RIGHTSGROUP>

<RIGHTSGROUP  GROUPNAME="Study Manager">
<!-- Insert Users -->
<USERREF USERNAME="ys09385"/>
<USERREF USERNAME="C222655"/>

</RIGHTSGROUP>

<RIGHTSGROUP  GROUPNAME="Tier1_Admin">
<!-- Insert Users -->
<USERREF USERNAME="ZPFevoubou"/>
<USERREF USERNAME="ZPFpmore"/>
<USERREF USERNAME="ZPFmandone"/>
<USERREF USERNAME="ZPFcmolom"/>
<USERREF USERNAME="ZPFdkawashima"/>
<USERREF USERNAME="ZPFanakai"/>
<USERREF USERNAME="ZPFtishizuka"/>
<USERREF USERNAME="ZPFralorico"/>
<USERREF USERNAME="ZPFaktoth"/>
<USERREF USERNAME="ZPFadonio"/>
<USERREF USERNAME="ZPFdnagy"/>
<USERREF USERNAME="ZPFlmate"/>
<USERREF USERNAME="ZPFakisfaludy"/>
<USERREF USERNAME="ZPFvbalint"/>
<USERREF USERNAME="ZPFedervishaj"/>
<USERREF USERNAME="ZPFmlalangan"/>
<USERREF USERNAME="ZPFstayco"/>
<USERREF USERNAME="ZPFrducusin"/>
<USERREF USERNAME="ZPFkcco"/>
<USERREF USERNAME="ZPFpvallar"/>
<USERREF USERNAME="ZPFoely"/>
<USERREF USERNAME="ZPFnmiklosi"/>
<USERREF USERNAME="ZPFidanyi"/>
<USERREF USERNAME="ZPFmtolgyesi"/>
<USERREF USERNAME="ZPFmzsoldos"/>
<USERREF USERNAME="ZPFpsafar"/>
<USERREF USERNAME="ZPFawarsama"/>
<USERREF USERNAME="ZPFanyiri"/>
<USERREF USERNAME="ZPFekosa"/>

</RIGHTSGROUP>

<RIGHTSGROUP  GROUPNAME="User Activator RG">
<!-- Insert Users -->
<USERREF USERNAME="ZPFmiwaki"/>

</RIGHTSGROUP>

<RIGHTSGROUP  GROUPNAME="User Manager RG">
<!-- Insert Users -->
<USERREF USERNAME="ZPFmyuta"/>
<USERREF USERNAME="ZPFnreis"/>
<USERREF USERNAME="ZPFgyvarga"/>
<USERREF USERNAME="ZPFtszabo"/>
<USERREF USERNAME="ZPFsaguilar"/>
<USERREF USERNAME="ZPFskholti"/>
<USERREF USERNAME="ZPFklim"/>
<USERREF USERNAME="ZPFijohl"/>
<USERREF USERNAME="ZPFnqi"/>
<USERREF USERNAME="ZPFfvarga"/>
<USERREF USERNAME="ZPFapervaiz"/>
<USERREF USERNAME="ZPFvzdirko"/>
<USERREF USERNAME="ZPFasomogyi"/>
<USERREF USERNAME="ZPFtfabian"/>
<USERREF USERNAME="ZPFjistenes"/>
<USERREF USERNAME="ZPFhtsuchida"/>
<USERREF USERNAME="ZPFtcabanes"/>
<USERREF USERNAME="ZPFlbalubar"/>

</RIGHTSGROUP>

</MEDMLDATA>