<?xml version="1.0"?>
<MEDMLDATA xmlns="PhaseForward-MedML-Inform4">


<REPORTINGGROUP
GROUPNAME="Ad Hoc Users"
GROUPDESCRIPTION="Users who have access to Ad Hoc Reporting">
<!-- Insert Users -->
<USERREF USERNAME="z2x1894"/>
<USERREF USERNAME="z2x2291"/>
<USERREF USERNAME="i4dmcjtjn_RE"/>
<USERREF USERNAME="c247680"/>
<USERREF USERNAME="c252421"/>
<USERREF USERNAME="c026936"/>
</REPORTINGGROUP>

<QUERYGROUP
GROUPNAME="CDM_CRA Query"
GROUPDESCRIPTION="">
<!-- Insert Users -->
<USERREF USERNAME="autoquery"/>
<USERREF USERNAME="z2x1894"/>
<USERREF USERNAME="C238189"/>
<USERREF USERNAME="z2x2291"/>
<USERREF USERNAME="c026936"/>
<USERREF USERNAME="C263547"/>
<USERREF USERNAME="C254766"/>
<USERREF USERNAME="C211378"/>
<USERREF USERNAME="C219246"/>
<USERREF USERNAME="C261053"/>
<USERREF USERNAME="C223965"/>
<USERREF USERNAME="c247680"/>
<USERREF USERNAME="c246696"/>
<USERREF USERNAME="C242108"/>
<USERREF USERNAME="C262590"/>
<USERREF USERNAME="c252421"/>
</QUERYGROUP>

<QUERYGROUP
GROUPNAME="Coding Query Group"
GROUPDESCRIPTION="">
<!-- Insert Users -->
<USERREF USERNAME="coder_query"/>
</QUERYGROUP>

<QUERYGROUP
GROUPNAME="GPS_Query"
GROUPDESCRIPTION="">
<!-- Insert Users -->
<USERREF USERNAME="c074090"/>
<USERREF USERNAME="c068505"/>
<USERREF USERNAME="c149066"/>
<USERREF USERNAME="c074342"/>
<USERREF USERNAME="c021984"/>
<USERREF USERNAME="rm35504"/>
<USERREF USERNAME="c131994"/>
<USERREF USERNAME="yex7972"/>
<USERREF USERNAME="c227370"/>
<USERREF USERNAME="c243048"/>
<USERREF USERNAME="c039863"/>
<USERREF USERNAME="c137396"/>
<USERREF USERNAME="c243050"/>
<USERREF USERNAME="c219898"/>
<USERREF USERNAME="c225389"/>
<USERREF USERNAME="a701824"/>
<USERREF USERNAME="yex8021"/>
<USERREF USERNAME="yex7920"/>
<USERREF USERNAME="rm87794"/>
<USERREF USERNAME="c196248"/>
<USERREF USERNAME="c228246"/>
<USERREF USERNAME="c100415"/>
<USERREF USERNAME="c225929"/>
<USERREF USERNAME="u7X4333"/>
<USERREF USERNAME="c069132"/>
<USERREF USERNAME="c243054"/>
<USERREF USERNAME="c247616"/>
<USERREF USERNAME="a015765"/>
<USERREF USERNAME="c202987"/>
<USERREF USERNAME="u6x6712"/>
<USERREF USERNAME="v6x8058"/>
<USERREF USERNAME="c090108"/>
<USERREF USERNAME="c039853"/>
<USERREF USERNAME="c243032"/>
<USERREF USERNAME="c243049"/>
<USERREF USERNAME="yex7750"/>
<USERREF USERNAME="c252078"/>
<USERREF USERNAME="c149177"/>
<USERREF USERNAME="c244333"/>
<USERREF USERNAME="c257193"/>
<USERREF USERNAME="c257194"/>
<USERREF USERNAME="c075541"/>
<USERREF USERNAME="c074429"/>
<USERREF USERNAME="c058698"/>
<USERREF USERNAME="c206388"/>
<USERREF USERNAME="c083101"/>
<USERREF USERNAME="c244714"/>
<USERREF USERNAME="rm89018"/>
<USERREF USERNAME="c249923"/>
<USERREF USERNAME="c243030"/>
<USERREF USERNAME="c071673"/>
<USERREF USERNAME="C249885"/>
<USERREF USERNAME="c243031"/>
<USERREF USERNAME="yex7231"/>
<USERREF USERNAME="v6x8356"/>
<USERREF USERNAME="c025980"/>
<USERREF USERNAME="yex7614"/>
<USERREF USERNAME="c239605"/>
<USERREF USERNAME="a608760"/>
<USERREF USERNAME="c143125"/>
<USERREF USERNAME="c189327"/>
<USERREF USERNAME="c135748"/>
<USERREF USERNAME="c223292"/>
<USERREF USERNAME="c068502"/>
<USERREF USERNAME="c228248"/>
<USERREF USERNAME="c228247"/>
<USERREF USERNAME="c257199"/>
<USERREF USERNAME="c085302"/>
<USERREF USERNAME="c194055"/>
<USERREF USERNAME="ye91098"/>
<USERREF USERNAME="c149470"/>
<USERREF USERNAME="rm37825"/>
<USERREF USERNAME="c228250"/>
<USERREF USERNAME="c199642"/>
<USERREF USERNAME="c196683"/>
<USERREF USERNAME="c228249"/>
<USERREF USERNAME="ye73456"/>
<USERREF USERNAME="c203058"/>
<USERREF USERNAME="c148827"/>
<USERREF USERNAME="c206591"/>
<USERREF USERNAME="c257195"/>
</QUERYGROUP>

<SIGNATUREGROUP
GROUPNAME="PI Signature"
GROUPDESCRIPTION=""
CRBMEANING="Approved"

CRBTEXT="By my dated signature below, I  %s  %s, verify that all case report form pages accurately display the results of the examinations, tests, evaluations and treatments performed on this patient.&lt;BR&gt;&lt;BR&gt;Pursuant to Section 11.100 of Title 21 of the Code of Federal Regulations, this is to certify that I intend that this electronic signature is to be the legally binding equivalent of my handwritten signature. &lt;BR&gt;&lt;BR&gt;To this I do attest by supplying my user name and password and clicking the button marked &lt;B&gt;Submit&lt;/B&gt; below"
 LANGUAGE="en-US">
<!-- Insert Users -->
<USERREF USERNAME="lmanso"/>
<USERREF USERNAME="acortess"/>
<USERREF USERNAME="jylee"/>
<USERREF USERNAME="jbuscema"/>
<USERREF USERNAME="jwkim"/>
<USERREF USERNAME="sbanjeree"/>
<USERREF USERNAME="mhall"/>
<USERREF USERNAME="orosengarten"/>
<USERREF USERNAME="ivergote"/>
<USERREF USERNAME="pneven"/>
<USERREF USERNAME="ldirix"/>
<USERREF USERNAME="ahamilton"/>
<USERREF USERNAME="cshannon"/>
<USERREF USERNAME="ehamilton"/>
</SIGNATUREGROUP>

<REPORTINGGROUP
GROUPNAME="Publishers"
GROUPDESCRIPTION="Users who can create folders and other content within the Public Folder space">
<!-- Insert Users -->
<USERREF USERNAME="c026936"/>
<USERREF USERNAME="z2x2291"/>
<USERREF USERNAME="z2x1894"/>
<USERREF USERNAME="c252421"/>
<USERREF USERNAME="c247680"/>
<USERREF USERNAME="i4dmcjtjn_RE"/>
</REPORTINGGROUP>

<REPORTINGGROUP
GROUPNAME="Report Administrators"
GROUPDESCRIPTION="Users who can administer authorized public content such as setting permissions on folders and reports">
<!-- Insert Users -->
<USERREF USERNAME="z2x1894"/>
<USERREF USERNAME="z2x2291"/>
<USERREF USERNAME="c252421"/>
<USERREF USERNAME="c247680"/>
<USERREF USERNAME="c026936"/>
</REPORTINGGROUP>

<REPORTINGGROUP
GROUPNAME="Site Users"
GROUPDESCRIPTION="Site Users">
<!-- Insert Users -->
<USERREF USERNAME="vtaylor"/>
<USERREF USERNAME="cparcescu"/>
<USERREF USERNAME="smiller"/>
<USERREF USERNAME="Kturner"/>
<USERREF USERNAME="kcampbell"/>
<USERREF USERNAME="lmanso"/>
<USERREF USERNAME="lcarpeno"/>
<USERREF USERNAME="acortess"/>
<USERREF USERNAME="npolo"/>
<USERREF USERNAME="orosengarten"/>
<USERREF USERNAME="dsherizen"/>
<USERREF USERNAME="rgavish"/>
<USERREF USERNAME="ivergote"/>
<USERREF USERNAME="pneven"/>
<USERREF USERNAME="tvandyck"/>
<USERREF USERNAME="lvandeneynde"/>
<USERREF USERNAME="jderoover"/>
<USERREF USERNAME="ldirix"/>
<USERREF USERNAME="ahamilton"/>
<USERREF USERNAME="cshannon"/>
<USERREF USERNAME="tcox"/>
<USERREF USERNAME="gklorin"/>
<USERREF USERNAME="jklinker"/>
<USERREF USERNAME="ehamilton"/>
<USERREF USERNAME="mhall"/>
<USERREF USERNAME="mstone"/>
<USERREF USERNAME="mjshin"/>
<USERREF USERNAME="stijeras"/>
<USERREF USERNAME="rmedina"/>
<USERREF USERNAME="jhealy"/>
<USERREF USERNAME="tfischer"/>
<USERREF USERNAME="kfitch"/>
<USERREF USERNAME="jhjo"/>
<USERREF USERNAME="clennon"/>
<USERREF USERNAME="ajunghans"/>
<USERREF USERNAME="jpeckston"/>
<USERREF USERNAME="gbolanos"/>
<USERREF USERNAME="sbanjeree"/>
<USERREF USERNAME="ghna"/>
<USERREF USERNAME="ldudgeon"/>
<USERREF USERNAME="ehozack"/>
<USERREF USERNAME="lmoore"/>
<USERREF USERNAME="kbamford"/>
<USERREF USERNAME="jwkim"/>
<USERREF USERNAME="mbell"/>
<USERREF USERNAME="lbrown"/>
<USERREF USERNAME="jbuscema"/>
<USERREF USERNAME="prnshin"/>
<USERREF USERNAME="mhnam"/>
<USERREF USERNAME="jylee"/>
<USERREF USERNAME="akempa"/>
<USERREF USERNAME="nbarnes"/>
<USERREF USERNAME="jrussell"/>
<USERREF USERNAME="mfranklin"/>
<USERREF USERNAME="klong"/>
</REPORTINGGROUP>

<REPORTINGGROUP
GROUPNAME="Sponsor Users"
GROUPDESCRIPTION="Sponsor Users">
<!-- Insert Users -->
<USERREF USERNAME="yex7920"/>
<USERREF USERNAME="rm87794"/>
<USERREF USERNAME="c196248"/>
<USERREF USERNAME="c228246"/>
<USERREF USERNAME="c100415"/>
<USERREF USERNAME="z2x1894"/>
<USERREF USERNAME="z2x2291"/>
<USERREF USERNAME="c026936"/>
<USERREF USERNAME="c225929"/>
<USERREF USERNAME="u7X4333"/>
<USERREF USERNAME="c069132"/>
<USERREF USERNAME="c243054"/>
<USERREF USERNAME="c247616"/>
<USERREF USERNAME="a015765"/>
<USERREF USERNAME="c202987"/>
<USERREF USERNAME="u6x6712"/>
<USERREF USERNAME="v6x8058"/>
<USERREF USERNAME="c090108"/>
<USERREF USERNAME="c039853"/>
<USERREF USERNAME="c243032"/>
<USERREF USERNAME="c243049"/>
<USERREF USERNAME="yex7750"/>
<USERREF USERNAME="c252078"/>
<USERREF USERNAME="c149177"/>
<USERREF USERNAME="c244333"/>
<USERREF USERNAME="c257193"/>
<USERREF USERNAME="c257194"/>
<USERREF USERNAME="c075541"/>
<USERREF USERNAME="c074429"/>
<USERREF USERNAME="c058698"/>
<USERREF USERNAME="coder_query"/>
<USERREF USERNAME="odm_user"/>
<USERREF USERNAME="c206388"/>
<USERREF USERNAME="c083101"/>
<USERREF USERNAME="c244714"/>
<USERREF USERNAME="rm89018"/>
<USERREF USERNAME="c249923"/>
<USERREF USERNAME="c243030"/>
<USERREF USERNAME="c071673"/>
<USERREF USERNAME="C249885"/>
<USERREF USERNAME="c243031"/>
<USERREF USERNAME="yex7231"/>
<USERREF USERNAME="v6x8356"/>
<USERREF USERNAME="c025980"/>
<USERREF USERNAME="yex7614"/>
<USERREF USERNAME="c239605"/>
<USERREF USERNAME="a608760"/>
<USERREF USERNAME="c143125"/>
<USERREF USERNAME="c189327"/>
<USERREF USERNAME="c135748"/>
<USERREF USERNAME="c223292"/>
<USERREF USERNAME="c068502"/>
<USERREF USERNAME="c228248"/>
<USERREF USERNAME="c228247"/>
<USERREF USERNAME="C263547"/>
<USERREF USERNAME="C254766"/>
<USERREF USERNAME="C211378"/>
<USERREF USERNAME="C219246"/>
<USERREF USERNAME="C261053"/>
<USERREF USERNAME="C222655"/>
<USERREF USERNAME="C223965"/>
<USERREF USERNAME="c247680"/>
<USERREF USERNAME="c246696"/>
<USERREF USERNAME="C242108"/>
<USERREF USERNAME="C262590"/>
<USERREF USERNAME="c257199"/>
<USERREF USERNAME="c085302"/>
<USERREF USERNAME="c194055"/>
<USERREF USERNAME="ye91098"/>
<USERREF USERNAME="c149470"/>
<USERREF USERNAME="rm37825"/>
<USERREF USERNAME="c228250"/>
<USERREF USERNAME="c199642"/>
<USERREF USERNAME="c196683"/>
<USERREF USERNAME="c228249"/>
<USERREF USERNAME="ye73456"/>
<USERREF USERNAME="ys09385"/>
<USERREF USERNAME="c252421"/>
<USERREF USERNAME="i4dmcjtjn_RE"/>
<USERREF USERNAME="c203058"/>
<USERREF USERNAME="c148827"/>
<USERREF USERNAME="c206591"/>
<USERREF USERNAME="c257195"/>
<USERREF USERNAME="c074090"/>
<USERREF USERNAME="c068505"/>
<USERREF USERNAME="c149066"/>
<USERREF USERNAME="c074342"/>
<USERREF USERNAME="c021984"/>
<USERREF USERNAME="rm35504"/>
<USERREF USERNAME="c131994"/>
<USERREF USERNAME="yex7972"/>
<USERREF USERNAME="c227370"/>
<USERREF USERNAME="c243048"/>
<USERREF USERNAME="c039863"/>
<USERREF USERNAME="c137396"/>
<USERREF USERNAME="c243050"/>
<USERREF USERNAME="c219898"/>
<USERREF USERNAME="c225389"/>
<USERREF USERNAME="a701824"/>
<USERREF USERNAME="yex8021"/>
<USERREF USERNAME="C238189"/>
</REPORTINGGROUP>

<REPORTINGGROUP
GROUPNAME="User Admin Info Data Users"
GROUPDESCRIPTION="Users who have access to user data including password related data">
<!-- Insert Users -->
<USERREF USERNAME="c143125"/>
<USERREF USERNAME="c189327"/>
<USERREF USERNAME="c135748"/>
<USERREF USERNAME="c223292"/>
<USERREF USERNAME="c068502"/>
<USERREF USERNAME="c228248"/>
<USERREF USERNAME="c228247"/>
<USERREF USERNAME="C263547"/>
<USERREF USERNAME="C254766"/>
<USERREF USERNAME="C211378"/>
<USERREF USERNAME="C219246"/>
<USERREF USERNAME="C261053"/>
<USERREF USERNAME="C223965"/>
<USERREF USERNAME="c247680"/>
<USERREF USERNAME="c246696"/>
<USERREF USERNAME="C242108"/>
<USERREF USERNAME="C262590"/>
<USERREF USERNAME="c257199"/>
<USERREF USERNAME="c085302"/>
<USERREF USERNAME="c194055"/>
<USERREF USERNAME="ye91098"/>
<USERREF USERNAME="c149470"/>
<USERREF USERNAME="rm37825"/>
<USERREF USERNAME="c228250"/>
<USERREF USERNAME="c199642"/>
<USERREF USERNAME="c196683"/>
<USERREF USERNAME="c228249"/>
<USERREF USERNAME="ye73456"/>
<USERREF USERNAME="c252421"/>
<USERREF USERNAME="i4dmcjtjn_RE"/>
<USERREF USERNAME="c203058"/>
<USERREF USERNAME="c148827"/>
<USERREF USERNAME="c206591"/>
<USERREF USERNAME="c257195"/>
<USERREF USERNAME="c074090"/>
<USERREF USERNAME="c068505"/>
<USERREF USERNAME="c149066"/>
<USERREF USERNAME="c074342"/>
<USERREF USERNAME="c021984"/>
<USERREF USERNAME="rm35504"/>
<USERREF USERNAME="c131994"/>
<USERREF USERNAME="yex7972"/>
<USERREF USERNAME="c227370"/>
<USERREF USERNAME="c243048"/>
<USERREF USERNAME="c039863"/>
<USERREF USERNAME="c137396"/>
<USERREF USERNAME="c243050"/>
<USERREF USERNAME="c219898"/>
<USERREF USERNAME="c225389"/>
<USERREF USERNAME="a701824"/>
<USERREF USERNAME="yex8021"/>
<USERREF USERNAME="C238189"/>
<USERREF USERNAME="yex7920"/>
<USERREF USERNAME="rm87794"/>
<USERREF USERNAME="c196248"/>
<USERREF USERNAME="c228246"/>
<USERREF USERNAME="c100415"/>
<USERREF USERNAME="z2x1894"/>
<USERREF USERNAME="z2x2291"/>
<USERREF USERNAME="c026936"/>
<USERREF USERNAME="c225929"/>
<USERREF USERNAME="u7X4333"/>
<USERREF USERNAME="c069132"/>
<USERREF USERNAME="c243054"/>
<USERREF USERNAME="c247616"/>
<USERREF USERNAME="a015765"/>
<USERREF USERNAME="c202987"/>
<USERREF USERNAME="u6x6712"/>
<USERREF USERNAME="v6x8058"/>
<USERREF USERNAME="c090108"/>
<USERREF USERNAME="c039853"/>
<USERREF USERNAME="c243032"/>
<USERREF USERNAME="c243049"/>
<USERREF USERNAME="yex7750"/>
<USERREF USERNAME="c252078"/>
<USERREF USERNAME="c149177"/>
<USERREF USERNAME="c244333"/>
<USERREF USERNAME="c257193"/>
<USERREF USERNAME="c257194"/>
<USERREF USERNAME="c075541"/>
<USERREF USERNAME="c074429"/>
<USERREF USERNAME="c058698"/>
<USERREF USERNAME="c206388"/>
<USERREF USERNAME="c083101"/>
<USERREF USERNAME="c244714"/>
<USERREF USERNAME="rm89018"/>
<USERREF USERNAME="c249923"/>
<USERREF USERNAME="c243030"/>
<USERREF USERNAME="c071673"/>
<USERREF USERNAME="C249885"/>
<USERREF USERNAME="c243031"/>
<USERREF USERNAME="yex7231"/>
<USERREF USERNAME="v6x8356"/>
<USERREF USERNAME="c025980"/>
<USERREF USERNAME="yex7614"/>
<USERREF USERNAME="c239605"/>
<USERREF USERNAME="a608760"/>
</REPORTINGGROUP>

<REPORTINGGROUP
GROUPNAME="User Info Data Users"
GROUPDESCRIPTION="Users who have access to user data except password related data">
<!-- Insert Users -->
<USERREF USERNAME="c223292"/>
<USERREF USERNAME="c068502"/>
<USERREF USERNAME="c228248"/>
<USERREF USERNAME="c228247"/>
<USERREF USERNAME="C222655"/>
<USERREF USERNAME="c257199"/>
<USERREF USERNAME="c085302"/>
<USERREF USERNAME="c194055"/>
<USERREF USERNAME="ye91098"/>
<USERREF USERNAME="c149470"/>
<USERREF USERNAME="rm37825"/>
<USERREF USERNAME="c228250"/>
<USERREF USERNAME="c199642"/>
<USERREF USERNAME="c196683"/>
<USERREF USERNAME="c228249"/>
<USERREF USERNAME="ye73456"/>
<USERREF USERNAME="ys09385"/>
<USERREF USERNAME="c203058"/>
<USERREF USERNAME="c148827"/>
<USERREF USERNAME="c206591"/>
<USERREF USERNAME="c257195"/>
<USERREF USERNAME="c074090"/>
<USERREF USERNAME="c068505"/>
<USERREF USERNAME="c149066"/>
<USERREF USERNAME="c074342"/>
<USERREF USERNAME="c021984"/>
<USERREF USERNAME="rm35504"/>
<USERREF USERNAME="c131994"/>
<USERREF USERNAME="yex7972"/>
<USERREF USERNAME="c227370"/>
<USERREF USERNAME="c243048"/>
<USERREF USERNAME="c039863"/>
<USERREF USERNAME="c137396"/>
<USERREF USERNAME="c243050"/>
<USERREF USERNAME="c219898"/>
<USERREF USERNAME="c225389"/>
<USERREF USERNAME="a701824"/>
<USERREF USERNAME="yex8021"/>
<USERREF USERNAME="yex7920"/>
<USERREF USERNAME="rm87794"/>
<USERREF USERNAME="c196248"/>
<USERREF USERNAME="c228246"/>
<USERREF USERNAME="c100415"/>
<USERREF USERNAME="c225929"/>
<USERREF USERNAME="u7X4333"/>
<USERREF USERNAME="c069132"/>
<USERREF USERNAME="c243054"/>
<USERREF USERNAME="c247616"/>
<USERREF USERNAME="a015765"/>
<USERREF USERNAME="c202987"/>
<USERREF USERNAME="u6x6712"/>
<USERREF USERNAME="v6x8058"/>
<USERREF USERNAME="c090108"/>
<USERREF USERNAME="c039853"/>
<USERREF USERNAME="c243032"/>
<USERREF USERNAME="c243049"/>
<USERREF USERNAME="yex7750"/>
<USERREF USERNAME="c252078"/>
<USERREF USERNAME="c149177"/>
<USERREF USERNAME="c244333"/>
<USERREF USERNAME="c257193"/>
<USERREF USERNAME="c257194"/>
<USERREF USERNAME="c075541"/>
<USERREF USERNAME="c074429"/>
<USERREF USERNAME="c058698"/>
<USERREF USERNAME="c206388"/>
<USERREF USERNAME="c083101"/>
<USERREF USERNAME="c244714"/>
<USERREF USERNAME="rm89018"/>
<USERREF USERNAME="c249923"/>
<USERREF USERNAME="c243030"/>
<USERREF USERNAME="c071673"/>
<USERREF USERNAME="C249885"/>
<USERREF USERNAME="c243031"/>
<USERREF USERNAME="yex7231"/>
<USERREF USERNAME="v6x8356"/>
<USERREF USERNAME="c025980"/>
<USERREF USERNAME="yex7614"/>
<USERREF USERNAME="c239605"/>
<USERREF USERNAME="a608760"/>
<USERREF USERNAME="c143125"/>
<USERREF USERNAME="c189327"/>
<USERREF USERNAME="c135748"/>
</REPORTINGGROUP>

<QUERYGROUP
GROUPNAME="CDM_CRA Query"
GROUPDESCRIPTION="">
<!-- Insert Users -->
<USERREF USERNAME="autoquery"/>
</QUERYGROUP>

</MEDMLDATA>